# Tier 1 Data AMPL File

param baseloads_N1 : 'point' 'urban' 'ag' 'septic' 'storage' 'other' :=
'166162418'	1	1	0	1953.28692301129	0	0	0.0000000152596329853469	87.383035
'166162418'	2	1	0	1630.05965540966	0	0	0.0000000169468954098371	169.78644
'166162418'	3	1	0	1328.37295392524	0	0	0.0000000122754041918862	190.68722
'166162418'	4	1	0	1665.89192007356	0	0	0.0000000147278751168944	119.94731
'7731471'	1	1	0	42.3322842727527	0.28049138948028	0	0.0000000162174762398055	10.376464
'7731471'	2	1	0	7.54781536263095	0.0500114089497926	0	0.0000000109610598025219	7.7594544
'7731471'	3	1	0	1.99490083701084	0.0132181033954898	0	0.000000005098606842419	4.2170794
'7731471'	4	1	0	15.7916174492015	0.104634390246046	0	0.0000000104394258458004	9.8230068
'7731473'	1	1	0	159.527729007426	20.3658970725582	0	0.0000000205247935968359	113.38823
'7731473'	2	1	0	24.2323821836719	3.09359518308109	0	0.0000000135625131131244	73.084768
'7731473'	3	1	0	5.93578717873184	0.757784480502941	0	0.00000000616455047140652	37.180107
'7731473'	4	1	0	53.4731183805635	6.82657531350701	0	0.0000000129198894584281	97.67037
'7731483'	1	1	0	289.14058757457	2.3143638980401	0	0.0000000160250642933924	9.9498518
'7731483'	2	1	0	46.8449056910555	0.37496001549492	0	0.0000000107657165611872	6.8402013
'7731483'	3	1	0	12.0796024654645	0.0966885920305978	0	0.00000000498191908791984	3.6632006
'7731483'	4	1	0	99.7175087366258	0.79816742684707	0	0.0000000101510701345729	8.8180892
'7731485'	1	1	0	81.4513684203034	0.610329879616842	0	0.0000000188328036835785	40.345077
'7731485'	2	1	0	12.9996432146138	0.0974086871546032	0	0.0000000126087543003239	26.663074
'7731485'	3	1	0	3.15262498347142	0.0236231908943057	0	0.00000000579984363832692	13.627339
'7731485'	4	1	0	29.3872077986067	0.220203679583868	0	0.0000000117360468689319	35.715349
'7731505'	1	1	0	212.814380009751	0	0	0.0000000202653708306705	90.767188
'7731505'	2	1	0	32.7892928260605	0	0	0.0000000135350061051475	58.656967
'7731505'	3	1	0	8.32475059782008	0	0	0.00000000613621624867375	30.594092
'7731505'	4	1	0	72.8758105268557	0	0	0.000000012782873920511	78.920878
'7731507'	1	1	0	138.917917173016	0.286217592593154	0	0.0000000181805910800468	59.640187
'7731507'	2	1	0	22.703324349103	0.0467764764116282	0	0.0000000130045747609485	38.754979
'7731507'	3	1	0	5.0954448194498	0.0104983285457016	0	0.0000000048706458043874	22.731838
'7731507'	4	1	0	51.6929582533134	0.106504863130392	0	0.0000000118924071320104	52.613551
'7731513'	1	1	0	20.492360328394	0	0	0.0000000155124596155096	11.514825
'7731513'	2	1	0	3.3674689199818	0	0	0.0000000111448811072336	7.5236099
'7731513'	3	1	0	0.723093634190241	0	0	0.0000000041103790212805	4.2221302
'7731513'	4	1	0	7.67458157182301	0	0	0.000000010067136867447	10.22364
'7731515'	1	1	0	43.6512264286501	0	0	0.0000000145097264149979	7.4109256
'7731515'	2	1	0	7.07364736848276	0	0	0.0000000103250660251448	4.8598151
'7731515'	3	1	0	1.53085289348951	0	0	0.00000000376297881897352	2.7698731
'7731515'	4	1	0	15.879166000603	0	0	0.00000000927341983748876	6.5049106
'7731531'	1	1	0	86.1492059109758	0	0	0.0000000163312594370365	15.111883
'7731531'	2	1	0	13.2482430811459	0	0	0.0000000119690074311084	9.1095383
'7731531'	3	1	0	2.88274182025474	0	0	0.00000000442605357261477	5.1281374
'7731531'	4	1	0	32.9187006420006	0	0	0.0000000107248031088156	13.487977
'7731533'	1	1	0	52.8696486880113	0	0	0.0000000162529334474216	14.361295
'7731533'	2	1	0	8.19068432707923	0	0	0.0000000118609456459088	8.7212381
'7731533'	3	1	0	1.73922329173036	0	0	0.00000000437634438240895	4.7910326
'7731533'	4	1	0	20.1666977661869	0	0	0.0000000106367367717943	12.795546
'7731535'	1	1	0	113.201051083792	0.803766567734355	0	0.0000000174876483265209	25.820163
'7731535'	2	1	0	17.8081510334675	0.126444024095235	0	0.0000000129802728027878	15.769502
'7731535'	3	1	0	4.14966477647514	0.0294640529714081	0	0.00000000486972603052896	9.4020691
'7731535'	4	1	0	41.9482541429443	0.297847087526508	0	0.0000000116402207435212	22.122266
'7731547'	1	1	0	116.410607655264	0	0	0.0000000190030792535623	61.266576
'7731547'	2	1	0	18.5898237424625	0	0	0.0000000140682575534629	37.983674
'7731547'	3	1	0	4.35206995245873	0	0	0.00000000528218741560221	22.752485
'7731547'	4	1	0	41.7692515854664	0	0	0.0000000126039815652488	50.827055
'7731583'	1	1	0	114.407818095219	5.68147088161581	0	0.00000001902484163341	47.334227
'7731583'	2	1	0	18.0789103011276	0.897795327350816	0	0.000000014286158975023	28.435526
'7731583'	3	1	0	4.0320736998727	0.20023203387946	0	0.000000005452880019957	15.794289
'7731583'	4	1	0	41.3262666945103	2.05225469566034	0	0.0000000128334121481566	38.652507
'7731625'	1	1	0	175.823882322476	6.07575551966783	0	0.0000000189161354521201	32.696433
'7731625'	2	1	0	32.3618484819701	1.11829331520911	0	0.0000000153040369678872	21.396671
'7731625'	3	1	0	10.678496565485	0.36900523310405	0	0.00000000775296738810594	13.398816
'7731625'	4	1	0	69.4857862195822	2.40114511528843	0	0.000000013825558577207	27.04273
'7731633'	1	1	0	98.5208592726928	5.99758681654979	0	0.0000000183412474779611	23.064853
'7731633'	2	1	0	19.2058858146069	1.16918351273396	0	0.0000000151392792039976	15.816487
'7731633'	3	1	0	6.31478137565919	0.384420608744613	0	0.0000000078215011916643	9.7905834
'7731633'	4	1	0	41.2117764163954	2.50882107057553	0	0.0000000135891543805781	19.965675
'7731645'	1	1	0	474.352142685421	3.57851346812347	0	0.0000000207589032307331	86.079636
'7731645'	2	1	0	93.3274533623032	0.704062510185908	0	0.0000000173701150493962	58.449312
'7731645'	3	1	0	31.7306519390987	0.239376100684717	0	0.000000009309898726622	35.727692
'7731645'	4	1	0	194.730867736172	1.46905003490885	0	0.0000000155263156580219	71.585295
'7731647'	1	1	0	395.667951233957	0	0	0.0000000148617232008793	3.4905211
'7731647'	2	1	0	86.7705093102879	0	0	0.0000000125864156749131	2.6418124
'7731647'	3	1	0	30.1053898977918	0	0	0.0000000068297363091962	1.647897
'7731647'	4	1	0	173.513263471096	0	0	0.000000011253304350683	3.1008556
'7731649'	1	1	0	0.115040698910546	0	0	0.0000000117540536518164	0.35291443
'7731649'	2	1	0	0.0264050492353819	0	0	0.000000010075136534934	0.27804727
'7731649'	3	1	0	0.009204679338491	0	0	0.00000000552613069745464	0.17385918
'7731649'	4	1	0	0.0504973220996086	0	0	0.00000000896708006832339	0.31205319
'7731651'	1	1	0	656.02784903302	0	0	0.0000000156784419587267	5.5199515
'7731651'	2	1	0	139.735175232073	0	0	0.0000000134017501687633	4.0358266
'7731651'	3	1	0	47.6558064787316	0	0	0.00000000732486541864532	2.4688794
'7731651'	4	1	0	279.277422310905	0	0	0.0000000119402175991187	4.7335962
'7731653'	1	1	0	62.2035283124998	0	0	0.0000000169062374646408	14.622626
'7731653'	2	1	0	9.80753455852747	0	0	0.000000013158009842638	8.5383466
'7731653'	3	1	0	2.39287665826295	0	0	0.00000000595889128551933	4.5217399
'7731653'	4	1	0	21.866341516998	0	0	0.0000000122686170784035	11.198899
'7731689'	1	1	0	160.715294311637	3.70704996085557	0	0.0000000186878889004957	31.819243
'7731689'	2	1	0	31.8175338203989	0.733901468261023	0	0.0000000159190270493311	21.498864
'7731689'	3	1	0	9.07883840575278	0.209411979034338	0	0.0000000071416252988136	13.059954
'7731689'	4	1	0	65.2345349035244	1.50469613111483	0	0.0000000140451524501335	25.820199
'7731691'	1	1	0	153.830907083636	0	0	0.0000000175114990146956	15.168285
'7731691'	2	1	0	30.9865177371721	0	0	0.0000000149987180426742	10.411582
'7731691'	3	1	0	9.00139035828816	0	0	0.00000000678680292043572	6.3517695
'7731691'	4	1	0	58.826927062121	0	0	0.0000000131341720972329	11.572538
'7731697'	1	1	0	453.773021784874	8.89030064546294	0	0.0000000224685299431539	161.66409
'7731697'	2	1	0	96.2125848829186	1.88499268005679	0	0.0000000199164089520166	110.4619
'7731697'	3	1	0	34.6836884426072	0.679521280572956	0	0.0000000109905076526208	67.872176
'7731697'	4	1	0	192.832173620467	3.77795930378058	0	0.0000000175103723809602	129.42056
'7731709'	1	1	0	245.400013266688	0	0	0.000000018108485351657	18.31384
'7731709'	2	1	0	53.6362680393161	0	0	0.0000000168341454387327	12.689222
'7731709'	3	1	0	18.3613374852483	0	0	0.00000000946964353971111	7.3500683
'7731709'	4	1	0	109.237468905812	0	0	0.0000000145314298567868	15.096955
'7731711'	1	1	0	276.359744406391	0	0	0.0000000162437571762098	6.2004449
'7731711'	2	1	0	57.3211907834073	0	0	0.0000000149979400103727	4.076945
'7731711'	3	1	0	18.9490671801956	0	0	0.00000000845870229240918	2.2804371
'7731711'	4	1	0	125.578019751691	0	0	0.0000000131663123640187	5.2176456
'7731731'	1	1	0	549.81638461351	0	0	0.0000000206403357037084	70.810247
'7731731'	2	1	0	119.330442747473	0	0	0.000000018692108474116	49.526244
'7731731'	3	1	0	44.9135137013112	0	0	0.0000000104642287671096	31.772183
'7731731'	4	1	0	239.902274907207	0	0	0.0000000163912139292421	58.205188
'7731747'	1	1	0	176.228736338897	0.284043496831045	0	0.0000000198199778894462	46.083884
'7731747'	2	1	0	40.6686081496675	0.0655492067830341	0	0.0000000187107668594209	32.841665
'7731747'	3	1	0	15.2708787080073	0.0246134311801916	0	0.0000000106601496743253	20.396535
'7731747'	4	1	0	76.9354384071634	0.124003679326584	0	0.0000000161620490144583	36.230396
'7731749'	1	1	0	314.975955259086	2.05089451574284	0	0.000000019394811645458	35.017149
'7731749'	2	1	0	72.5042368408255	0.472094893345459	0	0.0000000183107838697388	24.892028
'7731749'	3	1	0	27.7808584220314	0.180888761064363	0	0.0000000105022818375302	15.774989
'7731749'	4	1	0	151.887465475632	0.98898077614558	0	0.0000000160853541816769	30.408823
'7731769'	1	1	0	184.566220549553	1.1768759773087	0	0.0000000203990466571416	118.89016
'7731769'	2	1	0	33.8500880503262	0.21584316299913	0	0.0000000161849076658986	80.033274
'7731769'	3	1	0	5.77350416966347	0.0368144213559414	0	0.00000000425817018797424	47.715611
'7731769'	4	1	0	63.8579856754695	0.407186805671503	0	0.0000000129099985041297	91.658181
'7731771'	1	1	0	114.942426949342	0	0	0.0000000176130163326432	28.437986
'7731771'	2	1	0	20.6221960364019	0	0	0.00000001403908635924	18.727097
'7731771'	3	1	0	3.5210543135562	0	0	0.00000000372903284272474	11.176826
'7731771'	4	1	0	39.5471672634657	0	0	0.0000000112322203639915	21.801992
'7731779'	1	1	0	55.7295793957037	0	0	0.0000000145423427486826	3.8911814
'7731779'	2	1	0	10.4389316946852	0	0	0.0000000117706029938335	2.6647397
'7731779'	3	1	0	1.71682294168164	0	0	0.00000000316688690625072	1.5249525
'7731779'	4	1	0	19.6231984090842	0	0	0.00000000943896176922267	3.0400023
'7731783'	1	1	0	332.298788439311	2.75960141913212	0	0.0000000215180192676668	215.30831
'7731783'	2	1	0	60.9497891012077	0.506162320710945	0	0.0000000171525300763399	143.32995
'7731783'	3	1	0	10.8241322160832	0.0898898586626973	0	0.00000000464016808558119	86.100843
'7731783'	4	1	0	115.605591735249	0.960055743967836	0	0.0000000137315156574913	164.80574
'7731789'	1	1	0	286.506557586823	0	0	0.0000000126957301767002	17.652216
'7731789'	2	1	0	46.0380795649409	0	0	0.00000000827841684905079	12.726125
'7731789'	3	1	0	6.03315406279977	0	0	0.00000000154739054715674	8.5838775
'7731789'	4	1	0	85.401311897111	0	0	0.00000000703149178185207	14.26559
'7731797'	1	1	0	134.455830904947	0.178390299029961	0	0.0000000123599218342888	12.453441
'7731797'	2	1	0	20.8124945775384	0.027613135679181	0	0.0000000080740670131508	8.5845603
'7731797'	3	1	0	2.4702366094765	0.0032774052921582	0	0.0000000015269723944969	5.2066153
'7731797'	4	1	0	42.0866467427455	0.0558387781749187	0	0.000000006957013654305	10.485867
'7731805'	1	1	0	376.903900864632	0	0	0.0000000144941074169108	26.498925
'7731805'	2	1	0	86.4919562122493	0	0	0.0000000135524568090781	19.058575
'7731805'	3	1	0	33.1971400691247	0	0	0.00000000723985490081956	13.163453
'7731805'	4	1	0	171.447886700588	0	0	0.000000012120712574316	21.613777
'7731829'	1	1	0	369.545129525703	0.645593827501637	0	0.0000000226413059696486	152.4714
'7731829'	2	1	0	86.9537784858487	0.15190789585878	0	0.0000000223771621347337	104.72211
'7731829'	3	1	0	34.2263919753131	0.0597933674296177	0	0.0000000132358537068121	64.892183
'7731829'	4	1	0	178.197417714387	0.3113101668489	0	0.0000000193132983783537	124.6534
'7731835'	1	1	0	375.108407461284	0.576819673681588	0	0.0000000203939442043817	62.029992
'7731835'	2	1	0	92.9146134896505	0.142878633814811	0	0.0000000205278451271187	44.741066
'7731835'	3	1	0	38.7797337527132	0.0596331974064648	0	0.0000000121798438042565	29.327713
'7731835'	4	1	0	166.058833098176	0.2553555122647	0	0.0000000171030573030739	46.436229
'7731837'	1	1	0	0.253175945031388	0	0	0.0000000128332155827307	0.58835899
'7731837'	2	1	0	0.0632560125470864	0	0	0.0000000131505404747534	0.42805458
'7731837'	3	1	0	0.0269838343230139	0	0	0.00000000794235923515552	0.28678211
'7731837'	4	1	0	0.115553603660783	0	0	0.0000000109456532610946	0.45410207
'7731841'	1	1	0	189.720049520747	0.000000147328639232078	0	0.0000000214118471294779	125.42532
'7731841'	2	1	0	41.7111962766525	0.0000000323911669312105	0	0.000000020423399035525	82.590018
'7731841'	3	1	0	14.3632496569986	0.0000000111538974584482	0	0.000000010567427725489	49.842748
'7731841'	4	1	0	82.234144282112	0.0000000638595907923856	0	0.0000000168866028768553	95.000079
'7731867'	1	1	0	101.031877772842	0	0	0.000000016886937089157	16.998693
'7731867'	2	1	0	20.4533343957887	0	0	0.0000000149310469617559	11.467797
'7731867'	3	1	0	5.56398019743024	0	0	0.0000000056933141075904	7.6484957
'7731867'	4	1	0	38.5112815419069	0	0	0.0000000122611278705835	12.807803
'7731871'	1	1	0	270.701622326618	0	0	0.0000000140292164198574	15.532623
'7731871'	2	1	0	47.6374225281673	0	0	0.0000000097068600732912	10.231932
'7731871'	3	1	0	8.58477514585845	0	0	0.0000000022743242907385	7.8003034
'7731871'	4	1	0	81.8477725644457	0	0	0.00000000783025748840368	12.966536
'7731879'	1	1	0	345.076432292956	0	0	0.0000000157868461943954	52.895288
'7731879'	2	1	0	90.2901256791502	0	0	0.0000000169327548135338	33.449306
'7731879'	3	1	0	46.5237455388595	0	0	0.0000000119405934313578	23.995228
'7731879'	4	1	0	177.189991777183	0	0	0.0000000149129632038912	44.1028
'7731901'	1	1	0	507.550830205493	0	0	0.0000000155868621355514	43.409762
'7731901'	2	1	0	131.965232062641	0	0	0.0000000171664186304387	26.278815
'7731901'	3	1	0	68.7043306722576	0	0	0.0000000123290530962707	18.855257
'7731901'	4	1	0	261.855666732008	0	0	0.0000000149421598342146	36.045614
'7731907'	1	1	0	446.250008921376	0	0	0.000000018609390764054	37.247304
'7731907'	2	1	0	126.613629108869	0	0	0.0000000208416382203674	24.028322
'7731907'	3	1	0	55.9074852829815	0	0	0.0000000132982246549053	16.085794
'7731907'	4	1	0	229.552895536513	0	0	0.000000017543637169372	30.128395
'7731909'	1	1	0	553.140859286955	0	0	0.0000000197963623548077	63.180316
'7731909'	2	1	0	159.331872662437	0	0	0.0000000220078655077406	41.758569
'7731909'	3	1	0	72.7891492207101	0	0	0.0000000140971964133389	28.854224
'7731909'	4	1	0	283.499985018981	0	0	0.000000018478931545856	50.816196
'7731925'	1	1	0	537.405827384899	0	0	0.0000000168202974731719	91.724762
'7731925'	2	1	0	96.1559118648377	0	0	0.0000000118342312738865	58.703226
'7731925'	3	1	0	17.3696788953556	0	0	0.0000000028315423297836	43.542942
'7731925'	4	1	0	164.981435178329	0	0	0.00000000940472681235912	74.861093
'7731927'	1	1	0	336.384787336342	0	0	0.0000000160720157187353	49.951882
'7731927'	2	1	0	59.0641016911248	0	0	0.000000011430062440278	31.371903
'7731927'	3	1	0	10.7248142505367	0	0	0.00000000273581833543245	23.390907
'7731927'	4	1	0	103.014513057411	0	0	0.00000000920643058523448	40.667811
'7731953'	1	1	0	805.674068168934	0	0	0.0000000152640747826786	26.519885
'7731953'	2	1	0	150.199497802853	0	0	0.0000000110910555790477	17.429799
'7731953'	3	1	0	26.2673238544204	0	0	0.00000000271378353719412	12.343929
'7731953'	4	1	0	262.254354987953	0	0	0.00000000881233840546144	22.586337
'7731989'	1	1	0	1361.6002062109	0	0	0.0000000136922134345734	3.7726092
'7731989'	2	1	0	556.315507205555	0	0	0.0000000160477484024318	3.4172439
'7731989'	3	1	0	305.020853563763	0	0	0.0000000108966938679767	2.7617986
'7731989'	4	1	0	837.828183908994	0	0	0.0000000137823897291745	3.5306586
'7731991'	1	1	0	902.019335413131	0	0	0.0000000215847619442271	157.18011
'7731991'	2	1	0	279.991475759081	0	0	0.0000000251974194796458	105.36093
'7731991'	3	1	0	129.257335769794	0	0	0.0000000166961495710234	71.431526
'7731991'	4	1	0	495.17582291613	0	0	0.0000000211143606773487	130.57433
'7732057'	1	1	0	1925.28658249834	0	0	0.0000000169874292541344	20.116854
'7732057'	2	1	0	863.648989413019	0	0	0.0000000217592583404195	55.603967
'7732057'	3	1	0	544.656248232291	0	0	0.000000017039763016007	14.560741
'7732057'	4	1	0	1226.85743327969	0	0	0.000000018700757904472	18.074471
'7732073'	1	1	0	2495.89305214372	0	0	0.0000000161186330175184	13.799516
'7732073'	2	1	0	1364.02568090304	0	0	0.0000000209245276708291	15.33022
'7732073'	3	1	0	1006.11007965113	0	0	0.000000017200450915991	13.754337
'7732073'	4	1	0	1828.42404154663	0	0	0.0000000182060248598811	13.916639
'7732079'	1	1	0	2069.10636696941	0	0	0.0000000214604441191686	217.05636
'7732079'	2	1	0	862.263274182253	0	0	0.0000000268974678968973	212.718471
'7732079'	3	1	0	548.504004988682	0	0	0.000000021500776359898	141.69504
'7732079'	4	1	0	1322.64565983316	0	0	0.0000000233231289126176	190.56025
'7732095'	1	1	0	2964.450419	0	0	0.000000018587991	57.413569
'7732095'	2	1	0	1669.279373	0	0	0.000000024166806	65.681761
'7732095'	3	1	0	1289.8994853	0	0	0.000000020483568	60.143796
'7732095'	4	1	0	2261.200145	0	0	0.000000021344474	59.497007
'7733183'	1	1	0	100.739242196384	10.2184501765067	0	0.0000000207887077449005	98.706474
'7733183'	2	1	0	17.5526242235259	1.78044437080784	0	0.0000000142033983430159	71.299146
'7733183'	3	1	0	4.53666215252013	0.46017474852399	0	0.00000000663538775028038	38.192106
'7733183'	4	1	0	37.8958505637019	3.84395249130942	0	0.0000000133527134680797	92.062507
'7733187'	1	1	0	73.7495702052934	0.566064273192661	0	0.0000000185869453093285	47.273753
'7733187'	2	1	0	9.89271647037423	0.0759314703879834	0	0.0000000122070528919232	27.318872
'7733187'	3	1	0	1.49865149057037	0.011502888238069	0	0.000000003420707801026	14.050856
'7733187'	4	1	0	24.4790499861655	0.18788876441816	0	0.0000000111812547728158	40.295931
'7733191'	1	1	0	246.195439824556	66.6046875104534	0	0.0000000233884198723344	260.24014
'7733191'	2	1	0	41.0732829316493	11.1117944423888	0	0.000000017484844712713	154.51379
'7733191'	3	1	0	11.3828253378737	3.07946204224144	0	0.00000000847619207885736	80.142964
'7733191'	4	1	0	95.2979932906807	25.7815214311085	0	0.0000000163605079838614	212.6619
'7733193'	1	1	0	115.745801311947	0	0	0.0000000180367638381152	24.375655
'7733193'	2	1	0	19.6817976625365	0	0	0.0000000144175256623101	15.086622
'7733193'	3	1	0	5.25427153149418	0	0	0.00000000654839898949797	8.6168292
'7733193'	4	1	0	42.5938157353758	0	0	0.0000000131517037012082	19.202026
'7733199'	1	1	0	177.362543287273	0	0	0.0000000152091065528037	115.97773
'7733199'	2	1	0	26.0322817252171	0	0	0.00000000977455224790245	76.372892
'7733199'	3	1	0	3.13797394473412	0	0	0.00000000181268766908912	47.384517
'7733199'	4	1	0	52.4770719416695	0	0	0.00000000841695328278942	93.034233
'7733201'	1	1	0	186.507062509265	0	0	0.0000000211194057819784	94.024519
'7733201'	2	1	0	42.700775273564	0	0	0.0000000221380890872429	59.180364
'7733201'	3	1	0	16.2266109900487	0	0	0.0000000136300282529575	33.811251
'7733201'	4	1	0	86.1186398492641	0	0	0.0000000186423880570348	69.700417
'7733203'	1	1	0	730.211103775387	0	0	0.0000000217006193449697	132.55692
'7733203'	2	1	0	192.159634565872	0	0	0.0000000228970962605909	90.597315
'7733203'	3	1	0	83.5163506689152	0	0	0.0000000141555932346375	60.011127
'7733203'	4	1	0	353.499221768484	0	0	0.0000000192029587142781	104.50329
'7733205'	1	1	0	579.052066927554	0	0	0.0000000169285230515082	11.483072
'7733205'	2	1	0	141.687226210854	0	0	0.0000000172879435337334	8.1733502
'7733205'	3	1	0	59.7586440911119	0	0	0.0000000104105755316931	5.4312716
'7733205'	4	1	0	276.246875706234	0	0	0.0000000145526106938513	9.296347
'7733207'	1	1	0	454.557264226291	0	0	0.0000000184253925205063	31.288614
'7733207'	2	1	0	113.655645077148	0	0	0.0000000185495078769579	21.506338
'7733207'	3	1	0	49.3884908602884	0	0	0.0000000110842515068937	15.201953
'7733207'	4	1	0	213.420864120896	0	0	0.0000000158873422319316	25.840981
'7733209'	1	1	0	404.474003378231	0	0	0.0000000161403529559672	63.817068
'7733209'	2	1	0	108.332794531893	0	0	0.0000000171729389786516	43.563849
'7733209'	3	1	0	57.1618169655867	0	0	0.000000012097292638644	31.574399
'7733209'	4	1	0	203.494147855058	0	0	0.0000000151701389377843	51.503605
'7733361'	1	1	0	48.7756554044379	0	0	0.0000000123015919596297	0.60548538
'7733361'	2	1	0	7.644280780363	0	0	0.00000000933924831995792	0.35229072
'7733361'	3	1	0	1.77961090481241	0	0	0.0000000036270723734544	0.1819938
'7733361'	4	1	0	17.3050224922047	0	0	0.00000000839741681049132	0.472355
'7733363'	1	1	0	110.899160058338	2.54085765973794	0	0.0000000141942875218888	2.8032291
'7733363'	2	1	0	16.0149943829689	0.366926337819796	0	0.00000000950459372537662	1.5028691
'7733363'	3	1	0	2.65206469157584	0.0607625815292808	0	0.00000000271085241561524	0.55226238
'7733363'	4	1	0	36.8310833621751	0.843852607822638	0	0.0000000086186528673874	2.0471074
'7733365'	1	1	0	0.714346770804788	0.784038373997164	0	0.0000000166210139026426	11.015121
'7733365'	2	1	0	0.122615096849451	0.134577413818655	0	0.0000000129673397311944	6.8174235
'7733365'	3	1	0	0.0340689747345246	0.0373927414412785	0	0.00000000567475545816245	3.6643772
'7733365'	4	1	0	0.27572402117988	0.302623630867681	0	0.0000000116882601760323	9.0341452
'7733373'	1	1	0	209.291798975264	0	0	0.0000000171218341090716	12.307336
'7733373'	2	1	0	42.8997965302022	0	0	0.0000000142944800164522	8.7796587
'7733373'	3	1	0	14.3821246947222	0	0	0.0000000074379819051342	5.3273464
'7733373'	4	1	0	89.6586942257551	0	0	0.0000000127879041138316	10.775629
'7733397'	1	1	0	214.478730467795	0	0	0.0000000158465185603223	5.5839228
'7733397'	2	1	0	38.325187625493	0	0	0.0000000128047658265446	3.4508392
'7733397'	3	1	0	11.1943598700463	0	0	0.00000000580793913711294	1.8201312
'7733397'	4	1	0	78.2328316187473	0	0	0.00000001130362754647	4.1345262
'7733405'	1	1	0	237.698776049089	0	0	0.0000000123096649271404	0.45748512
'7733405'	2	1	0	47.2690633270865	0	0	0.0000000106489157383261	0.30269635
'7733405'	3	1	0	12.9861315027334	0	0	0.00000000484999724125012	0.16262142
'7733405'	4	1	0	96.4903968019221	0	0	0.0000000093432483505791	0.36174106
'7733407'	1	1	0	0.0414568800050299	0	0	0.0000000109779907491605	0.15031384
'7733407'	2	1	0	0.0082310862849562	0	0	0.00000000948183748264992	0.09929781
'7733407'	3	1	0	0.00223066286554405	0	0	0.00000000425993109194008	0.052624044
'7733407'	4	1	0	0.0167934733482996	0	0	0.00000000831498167159976	0.11860598
'7733409'	1	1	0	120.983155222211	0	0	0.0000000130080305104561	0.76734923
'7733409'	2	1	0	24.3032983152607	0	0	0.0000000115299677831031	0.49320629
'7733409'	3	1	0	7.16038744921641	0	0	0.00000000564209635507425	0.24804542
'7733409'	4	1	0	49.382931059069	0	0	0.000000010117030719076	0.58561029
'7733427'	1	1	0	124.237571488738	0	0	0.0000000126873962550398	0.99579009
'7733427'	2	1	0	23.3209076750985	0	0	0.0000000102981840298935	0.66834147
'7733427'	3	1	0	3.98530651884045	0	0	0.00000000277994356962168	0.36203435
'7733427'	4	1	0	44.1078804004697	0	0	0.00000000826063843025421	0.76452242
'7733429'	1	1	0	46.7765862155128	0	0	0.0000000131952924862185	1.4450898
'7733429'	2	1	0	8.66710774106973	0	0	0.0000000108102691880099	0.95736741
'7733429'	3	1	0	1.53522619943923	0	0	0.0000000030075716810018	0.53754138
'7733429'	4	1	0	16.5075854975051	0	0	0.00000000866820349900736	1.1028312
'7733455'	1	1	0	280.164468388367	0	0	0.0000000123590718418507	0.53256893
'7733455'	2	1	0	77.037348932258	0	0	0.0000000122402036139446	0.42678902
'7733455'	3	1	0	27.5950665348299	0	0	0.00000000657603663765351	0.24174951
'7733455'	4	1	0	134.867817650958	0	0	0.0000000102190275551549	0.43403981
'7733457'	1	1	0	52.5145566203612	0.873305054532599	0	0.0000000184665286965512	35.27504
'7733457'	2	1	0	10.2645659800641	0.170697383334065	0	0.0000000154619304082055	20.094516
'7733457'	3	1	0	1.90708542133001	0.0317143937818414	0	0.00000000463146146162985	5.9037688
'7733457'	4	1	0	19.1963904811325	0.319231571751523	0	0.0000000124509385033757	21.830609
'7733459'	1	1	0	42.2176230061467	0	0	0.0000000131863095925853	0.89665226
'7733459'	2	1	0	9.70180094763619	0	0	0.0000000134105613877515	0.59819723
'7733459'	3	1	0	3.4825806183845	0	0	0.00000000798239129042256	0.33368252
'7733459'	4	1	0	19.2849238907431	0	0	0.0000000112443631982557	0.69018507
'7733471'	1	1	0	310.928068229063	0	0	0.000000012915775356221	7.984594
'7733471'	2	1	0	71.1138629273662	0	0	0.0000000122547597587607	5.2470651
'7733471'	3	1	0	26.6620580891704	0	0	0.00000000662531825054866	2.7433652
'7733471'	4	1	0	141.580070969379	0	0	0.0000000109470709904996	5.9446979
'7733477'	1	1	0	32.3963074804067	0	0	0.000000016260386258725	12.264792
'7733477'	2	1	0	6.70206038728837	0	0	0.0000000145658462867949	6.8817608
'7733477'	3	1	0	1.68018861424166	0	0	0.00000000559273178977988	2.5892687
'7733477'	4	1	0	13.0047402142976	0	0	0.000000012000356213402	7.7252109
'7733481'	1	1	0	187.635341521777	1.4955750893485	0	0.0000000146076530115434	53.568584
'7733481'	2	1	0	30.6774678229312	0.244519271059201	0	0.00000000973668221371692	27.90794
'7733481'	3	1	0	4.00473985312312	0.0319203679755531	0	0.00000000187054053296567	8.0467098
'7733481'	4	1	0	57.4911321949963	0.458241530344362	0	0.00000000833254291490724	30.908405
'7733489'	1	1	0	89.7990477247129	0	0	0.0000000127566522808459	10.412339
'7733489'	2	1	0	21.5630333342724	0	0	0.0000000117461544348625	6.0676265
'7733489'	3	1	0	7.0205076789627	0	0	0.0000000051542165614729	2.830951
'7733489'	4	1	0	39.1307603794174	0	0	0.0000000102745745714355	7.5622193
'7733557'	1	1	0	703.105392079829	0	0	0.0000000164731223097717	48.036419
'7733557'	2	1	0	152.86206035164	0	0	0.0000000122252895840377	24.4402679
'7733557'	3	1	0	28.2232325343005	0	0	0.00000000303659193629793	6.3487748
'7733557'	4	1	0	241.845600495754	0	0	0.00000000971786769406857	25.233924
'7733563'	1	1	0	1027.38382767024	0	0	0.0000000169879053882533	26.525503
'7733563'	2	1	0	378.038329916792	0	0	0.0000000198911750932939	82.718544
'7733563'	3	1	0	200.247660261709	0	0	0.0000000135220030373353	14.293442
'7733563'	4	1	0	613.273474100938	0	0	0.0000000169541194382042	23.116511
'7733571'	1	1	0	1334.64761420398	0	0	0.0000000198829334589344	78.561298
'7733571'	2	1	0	515.023900785044	0	0	0.0000000242841579774356	88.053598
'7733571'	3	1	0	276.34762987945	0	0	0.0000000167087828901273	42.868095
'7733571'	4	1	0	772.023381178006	0	0	0.0000000202615320440785	65.155338
'7733587'	1	1	0	2002.7226828	0	0	0.000000014084876	3.9293171
'7733587'	2	1	0	1194.2046513	0	0	0.000000018308539	4.7601477
'7733587'	3	1	0	934.284067146525	0	0	0.0000000153481108032541	4.4759869
'7733587'	4	1	0	1559.20946197856	0	0	0.0000000160818495167473	4.1895224
'7734093'	1	1	0	49.543559546357	0	0	0.000000015320286423805	10.096791
'7734093'	2	1	0	4.7258368194064	0	0	0.00000000686846007554391	4.2224126
'7734093'	3	1	0	0.638728644855822	0	0	0.0000000016148132914726	1.225061
'7734093'	4	1	0	11.8316704389798	0	0	0.00000000671824211080095	6.4059876
'7734361'	1	1	0	2109.42882294875	1.17062751425325	0	0.000000018359676285216	41.110557
'7734361'	2	1	0	953.004977501584	0.52887009938665	0	0.0000000236902058019294	37.75475
'7734361'	3	1	0	626.089716778284	0.347448475327195	0	0.0000000188361111487643	30.781421
'7734361'	4	1	0	1371.75367323986	0.761254653836618	0	0.0000000204225140781358	37.323193
'7737483'	1	1	0	0.0305699829584922	0	0	0.0000000086695463255734	0.03509703
'7737483'	2	1	0	0.0186318512713419	0	0	0.0000000112681438888106	0.043478491
'7737483'	3	1	0	0.014662672461973	0	0	0.00000000940450363532592	0.041422033
'7737483'	4	1	0	0.024015518186913	0	0	0.00000000987562311200803	0.037848308
;

param transfer_coefficients_N1 : 'coeff' :=
'166162418'	1	1	0.00000000000753808287884894
'166162418'	2	1	0.00000000000968104242745925
'166162418'	3	1	0.00000000000849683309697863
'166162418'	4	1	0.00000000000842450342007603
'7731471'	1	1	0.00000000030697586993916
'7731471'	2	1	0.000000000917020431964648
'7731471'	3	1	0.00000000155862063695983
'7731471'	4	1	0.000000000497207659418327
'7731473'	1	1	0.0000000000707014166826552
'7731473'	2	1	0.000000000201153572251729
'7731473'	3	1	0.000000000353078397229718
'7731473'	4	1	0.000000000117609887111082
'7731483'	1	1	0.0000000000532140717921181
'7731483'	2	1	0.000000000211205464880912
'7731483'	3	1	0.000000000376362958769559
'7731483'	4	1	0.0000000000966864117224615
'7731485'	1	1	0.000000000154139331608918
'7731485'	2	1	0.000000000444517232812777
'7731485'	3	1	0.000000000784472567540979
'7731485'	4	1	0.000000000241794176705535
'7731505'	1	1	0.0000000000670623620167981
'7731505'	2	1	0.000000000205977257007167
'7731505'	3	1	0.00000000035087396547889
'7731505'	4	1	0.000000000112278668892283
'7731507'	1	1	0.0000000000938358962418681
'7731507'	2	1	0.000000000295516176431268
'7731507'	3	1	0.000000000462143282630271
'7731507'	4	1	0.000000000151798183486283
'7731513'	1	1	0.000000000500024768649539
'7731513'	2	1	0.00000000148717512974387
'7731513'	3	1	0.00000000237284529015863
'7731513'	4	1	0.000000000784502366735453
'7731515'	1	1	0.000000000288891134042802
'7731515'	2	1	0.0000000010739558102962
'7731515'	3	1	0.00000000174453968943126
'7731515'	4	1	0.000000000487898063952405
'7731531'	1	1	0.000000000162836006156735
'7731531'	2	1	0.000000000649267351991723
'7731531'	3	1	0.00000000106190641363852
'7731531'	4	1	0.000000000268209988071938
'7731533'	1	1	0.000000000245102970593584
'7731533'	2	1	0.000000000901561423249457
'7731533'	3	1	0.00000000148854356599237
'7731533'	4	1	0.000000000395833502750286
'7731535'	1	1	0.000000000126358230680168
'7731535'	2	1	0.000000000479246648105339
'7731535'	3	1	0.000000000737003800584014
'7731535'	4	1	0.000000000215291141644014
'7731547'	1	1	0.000000000109031536335934
'7731547'	2	1	0.000000000346256374212097
'7731547'	3	1	0.000000000516418273248077
'7731547'	4	1	0.000000000182854086291471
'7731583'	1	1	0.000000000114803851500427
'7731583'	2	1	0.000000000394981467319959
'7731583'	3	1	0.000000000634108572698709
'7731583'	4	1	0.000000000197641588734065
'7731625'	1	1	0.0000000000882230573240145
'7731625'	2	1	0.000000000320504556685694
'7731625'	3	1	0.000000000472450181207389
'7731625'	4	1	0.000000000155884395520878
'7731633'	1	1	0.000000000143904978719192
'7731633'	2	1	0.000000000487789547840118
'7731633'	3	1	0.000000000731560868687042
'7731633'	4	1	0.000000000241509103422405
'7731645'	1	1	0.0000000000368304142529398
'7731645'	2	1	0.000000000129396414878145
'7731645'	3	1	0.000000000195835800502006
'7731645'	4	1	0.0000000000641019997104141
'7731647'	1	1	0.0000000000372340590522436
'7731647'	2	1	0.000000000142078358422469
'7731647'	3	1	0.000000000221575594681642
'7731647'	4	1	0.0000000000641190561391896
'7731649'	1	1	0.0000000252008114314568
'7731649'	2	1	0.0000000460644963213784
'7731649'	3	1	0.0000000645907966121715
'7731649'	4	1	0.0000000355542318844541
'7731651'	1	1	0.0000000000237004984734375
'7731651'	2	1	0.0000000000940298320200308
'7731651'	3	1	0.000000000150284384745631
'7731651'	4	1	0.0000000000422906255270226
'7731653'	1	1	0.000000000221410767213164
'7731653'	2	1	0.000000000869738318155684
'7731653'	3	1	0.00000000153917413568922
'7731653'	4	1	0.000000000432403506989385
'7731689'	1	1	0.0000000000955425596168821
'7731689'	2	1	0.000000000336778877765806
'7731689'	3	1	0.000000000507544856307845
'7731689'	4	1	0.000000000168633096592201
'7731691'	1	1	0.000000000103803636307436
'7731691'	2	1	0.00000000039338169054838
'7731691'	3	1	0.000000000597220119555751
'7731691'	4	1	0.000000000198214468755013
'7731697'	1	1	0.0000000000360290725481762
'7731697'	2	1	0.00000000011096961462732
'7731697'	3	1	0.000000000159805525163255
'7731697'	4	1	0.0000000000612114249584114
'7731709'	1	1	0.0000000000686879829293169
'7731709'	2	1	0.000000000266618675056534
'7731709'	3	1	0.000000000429142507926934
'7731709'	4	1	0.000000000121244304494296
'7731711'	1	1	0.0000000000574932804382126
'7731711'	2	1	0.000000000248415251720057
'7731711'	3	1	0.000000000420860022742618
'7731711'	4	1	0.00000000010186965068332
'7731731'	1	1	0.0000000000332738113102257
'7731731'	2	1	0.000000000119961898244764
'7731731'	3	1	0.000000000172808706875266
'7731731'	4	1	0.0000000000585122820613814
'7731747'	1	1	0.0000000000891203527765928
'7731747'	2	1	0.000000000283571026005304
'7731747'	3	1	0.000000000408543309278277
'7731747'	4	1	0.000000000156524222739919
'7731749'	1	1	0.0000000000551159248103783
'7731749'	2	1	0.000000000198785700149931
'7731749'	3	1	0.000000000289217407705508
'7731749'	4	1	0.0000000000919880066418738
'7731769'	1	1	0.0000000000687072824496437
'7731769'	2	1	0.000000000195759932539553
'7731769'	3	1	0.000000000279165890649391
'7731769'	4	1	0.000000000112690869367491
'7731771'	1	1	0.000000000124447100184882
'7731771'	2	1	0.000000000438764725299745
'7731771'	3	1	0.00000000065045769460132
'7731771'	4	1	0.000000000218056180817337
'7731779'	1	1	0.000000000244908069184379
'7731779'	2	1	0.000000000975286439735864
'7731779'	3	1	0.00000000156612014154398
'7731779'	4	1	0.000000000443067959189089
'7731783'	1	1	0.0000000000400588390265114
'7731783'	2	1	0.000000000114465717521582
'7731783'	3	1	0.000000000161160556450183
'7731783'	4	1	0.0000000000658529000618137
'7731789'	1	1	0.0000000000424767103017267
'7731789'	2	1	0.000000000163019477911347
'7731789'	3	1	0.000000000229544078096465
'7731789'	4	1	0.000000000077930704518417
'7731797'	1	1	0.0000000000861751992734352
'7731797'	2	1	0.000000000335220353061662
'7731797'	3	1	0.000000000524325296335357
'7731797'	4	1	0.000000000152091634259247
'7731805'	1	1	0.0000000000364812253767343
'7731805'	2	1	0.000000000138779667210872
'7731805'	3	1	0.000000000190139101566918
'7731805'	4	1	0.0000000000660229142424985
'7731829'	1	1	0.0000000000433743967085796
'7731829'	2	1	0.000000000129887669897621
'7731829'	3	1	0.000000000182640682953864
'7731829'	4	1	0.0000000000704241124241353
'7731835'	1	1	0.000000000046620629249101
'7731835'	2	1	0.000000000158472574498849
'7731835'	3	1	0.000000000216804231526532
'7731835'	4	1	0.0000000000846391321762099
'7731837'	1	1	0.000000015296422160972
'7731837'	2	1	0.0000000318989598475667
'7731837'	3	1	0.0000000404108996552825
'7731837'	4	1	0.0000000235281810367058
'7731841'	1	1	0.0000000000682695859340451
'7731841'	2	1	0.000000000191454423946942
'7731841'	3	1	0.00000000026524133405889
'7731841'	4	1	0.000000000110747497470128
'7731867'	1	1	0.000000000144185753973618
'7731867'	2	1	0.000000000529107801761569
'7731867'	3	1	0.000000000714341301654894
'7731867'	4	1	0.000000000263504531601964
'7731871'	1	1	0.0000000000495204325907737
'7731871'	2	1	0.000000000186027367304259
'7731871'	3	1	0.000000000238082335343932
'7731871'	4	1	0.000000000089988267449274
'7731879'	1	1	0.0000000000407307948926391
'7731879'	2	1	0.000000000149253913223095
'7731879'	3	1	0.000000000197121477355535
'7731879'	4	1	0.0000000000721515077795184
'7731901'	1	1	0.0000000000287131859880603
'7731901'	2	1	0.00000000011397947237443
'7731901'	3	1	0.000000000153715622313171
'7731901'	4	1	0.0000000000521367880992617
'7731907'	1	1	0.000000000038502068137254
'7731907'	2	1	0.000000000140551466758692
'7731907'	3	1	0.00000000019787137964626
'7731907'	4	1	0.0000000000686926457451829
'7731909'	1	1	0.0000000000321345744088985
'7731909'	2	1	0.000000000111718526515975
'7731909'	3	1	0.000000000151490194688686
'7731909'	4	1	0.0000000000564960303246645
'7731925'	1	1	0.0000000000273934690234217
'7731925'	2	1	0.0000000000954310247680611
'7731925'	3	1	0.000000000121360119095856
'7731925'	4	1	0.0000000000477547505157068
'7731927'	1	1	0.0000000000425060950014998
'7731927'	2	1	0.000000000154567246301014
'7731927'	3	1	0.000000000196431678249828
'7731927'	4	1	0.0000000000764814206607647
'7731953'	1	1	0.0000000000184323313004674
'7731953'	2	1	0.0000000000698874908376221
'7731953'	3	1	0.0000000000968216852177691
'7731953'	4	1	0.0000000000323771076018047
'7731989'	1	1	0.0000000000100296504860267
'7731989'	2	1	0.0000000000286935013117807
'7731989'	3	1	0.0000000000355001282925389
'7731989'	4	1	0.0000000000163916954688578
'7731991'	1	1	0.000000000020391573387988
'7731991'	2	1	0.0000000000665398704865951
'7731991'	3	1	0.0000000000911132858681421
'7731991'	4	1	0.0000000000345067201233309
'7732057'	1	1	0.00000000000873210101754831
'7732057'	2	1	0.0000000000236716328229235
'7732057'	3	1	0.0000000000305178003712009
'7732057'	4	1	0.0000000000150294979804468
'7732073'	1	1	0.00000000000642255884053774
'7732073'	2	1	0.0000000000151699045140568
'7732073'	3	1	0.0000000000168714597269647
'7732073'	4	1	0.00000000000988299950239542
'7732079'	1	1	0.00000000000938779525509264
'7732079'	2	1	0.0000000000250296612305892
'7732079'	3	1	0.0000000000313001140954485
'7732079'	4	1	0.0000000000154355331123786
'7732095'	1	1	0.0000000000061511673171591
'7732095'	2	1	0.0000000000139293068450163
'7732095'	3	1	0.0000000000151725268985191
'7732095'	4	1	0.00000000000919744051110194
'7733183'	1	1	0.0000000000994150335071401
'7733183'	2	1	0.000000000236090211451202
'7733183'	3	1	0.000000000394597272869874
'7733183'	4	1	0.000000000147486780957293
'7733187'	1	1	0.000000000155960153387621
'7733187'	2	1	0.000000000501972988970277
'7733187'	3	1	0.000000000858212603133791
'7733187'	4	1	0.000000000253306361312432
'7733191'	1	1	0.0000000000409188910785379
'7733191'	2	1	0.000000000112636791366497
'7733191'	3	1	0.000000000182134832419797
'7733191'	4	1	0.0000000000646082807951433
'7733193'	1	1	0.000000000129135683312155
'7733193'	2	1	0.000000000490665495302423
'7733193'	3	1	0.00000000079819253177657
'7733193'	4	1	0.000000000243058976757914
'7733199'	1	1	0.0000000000587898474029335
'7733199'	2	1	0.000000000179348225380874
'7733199'	3	1	0.000000000257256607976019
'7733199'	4	1	0.000000000100259847208435
'7733201'	1	1	0.0000000000753937513942244
'7733201'	2	1	0.000000000236953989063439
'7733201'	3	1	0.000000000356627802538062
'7733201'	4	1	0.00000000013058543232001
'7733203'	1	1	0.0000000000251691907212489
'7733203'	2	1	0.0000000000848618922785641
'7733203'	3	1	0.000000000115508065563625
'7733203'	4	1	0.0000000000438000784142536
'7733205'	1	1	0.0000000000286688428445148
'7733205'	2	1	0.000000000116546640977931
'7733205'	3	1	0.000000000165366778101955
'7733205'	4	1	0.0000000000513525225321453
'7733207'	1	1	0.0000000000379654372942894
'7733207'	2	1	0.000000000141986655735807
'7733207'	3	1	0.000000000191267341628742
'7733207'	4	1	0.0000000000682809034662643
'7733209'	1	1	0.0000000000354137097728404
'7733209'	2	1	0.000000000123996848795643
'7733209'	3	1	0.000000000159909105465212
'7733209'	4	1	0.0000000000637550866420758
'7733361'	1	1	0.000000000249203962133497
'7733361'	2	1	0.00000000118759772216906
'7733361'	3	1	0.00000000197352740586517
'7733361'	4	1	0.000000000477728519578459
'7733363'	1	1	0.000000000122194106807397
'7733363'	2	1	0.000000000548790418345915
'7733363'	3	1	0.000000000938143339373057
'7733363'	4	1	0.000000000221803743009368
'7733365'	1	1	0.0000000013508548147754
'7733365'	2	1	0.00000000277085040548379
'7733365'	3	1	0.00000000385770169766706
'7733365'	4	1	0.00000000193741551596362
'7733373'	1	1	0.0000000000772836192409658
'7733373'	2	1	0.000000000292386279770825
'7733373'	3	1	0.000000000446218917787073
'7733373'	4	1	0.000000000132484449501003
'7733397'	1	1	0.0000000000720281558876103
'7733397'	2	1	0.000000000314770647230468
'7733397'	3	1	0.000000000484899954469987
'7733397'	4	1	0.000000000139777363235963
'7733405'	1	1	0.0000000000516890549446433
'7733405'	2	1	0.000000000224271444521338
'7733405'	3	1	0.00000000037156645937056
'7733405'	4	1	0.0000000000965919216205762
'7733407'	1	1	0.0000000580285135431619
'7733407'	2	1	0.000000121297549240306
'7733407'	3	1	0.000000178859663238361
'7733407'	4	1	0.0000000874764183393723
'7733409'	1	1	0.000000000106849571184267
'7733409'	2	1	0.000000000467433017491104
'7733409'	3	1	0.00000000077477034192375
'7733409'	4	1	0.000000000203203141199891
'7733427'	1	1	0.000000000101356792076597
'7733427'	2	1	0.000000000433776338996563
'7733427'	3	1	0.000000000683532814068433
'7733427'	4	1	0.000000000185451418173787
'7733429'	1	1	0.000000000274114771786274
'7733429'	2	1	0.00000000116634006449083
'7733429'	3	1	0.00000000181555584208262
'7733429'	4	1	0.000000000505852257223024
'7733455'	1	1	0.0000000000440303421142966
'7733455'	2	1	0.000000000158173158527162
'7733455'	3	1	0.000000000237086846275913
'7733455'	4	1	0.0000000000755837062873611
'7733457'	1	1	0.000000000208684230894459
'7733457'	2	1	0.000000000577025791900304
'7733457'	3	1	0.000000000857564725853602
'7733457'	4	1	0.00000000034303241588009
'7733459'	1	1	0.000000000305873307010451
'7733459'	2	1	0.00000000131592191323126
'7733459'	3	1	0.00000000216761033144192
'7733459'	4	1	0.000000000567374204016618
'7733471'	1	1	0.0000000000407249440986402
'7733471'	2	1	0.000000000164481770198781
'7733471'	3	1	0.000000000235691027926064
'7733471'	4	1	0.0000000000753498762103675
'7733477'	1	1	0.000000000366811459630303
'7733477'	2	1	0.00000000115707435287622
'7733477'	3	1	0.00000000166406443457596
'7733477'	4	1	0.000000000622772375011112
'7733481'	1	1	0.0000000000635428471180191
'7733481'	2	1	0.000000000209066940283437
'7733481'	3	1	0.000000000293568649240707
'7733481'	4	1	0.000000000112079449443325
'7733489'	1	1	0.000000000130146379310855
'7733489'	2	1	0.000000000458758787842109
'7733489'	3	1	0.000000000600974483492791
'7733489'	4	1	0.000000000233576465992131
'7733557'	1	1	0.0000000000220093980065232
'7733557'	2	1	0.0000000000702885590200988
'7733557'	3	1	0.000000000093129559437642
'7733557'	4	1	0.0000000000369445168973112
'7733563'	1	1	0.0000000000161369870223538
'7733563'	2	1	0.0000000000439140745042482
'7733563'	3	1	0.000000000063740443019101
'7733563'	4	1	0.0000000000267487139397498
'7733571'	1	1	0.0000000000140694857761174
'7733571'	2	1	0.0000000000403608318650068
'7733571'	3	1	0.0000000000529592385323742
'7733571'	4	1	0.000000000024301640387677
'7733587'	1	1	0.00000000000701909249865101
'7733587'	2	1	0.0000000000152702890151493
'7733587'	3	1	0.0000000000163504397296305
'7733587'	4	1	0.0000000000102866852497303
'7734093'	1	1	0.000000000259220318378797
'7734093'	2	1	0.000000000994623039594453
'7734093'	3	1	0.00000000167921649421426
'7734093'	4	1	0.00000000045125316671127
'7734361'	1	1	0.00000000000853262580695702
'7734361'	2	1	0.000000000023899058290973
'7734361'	3	1	0.0000000000287219933915559
'7734361'	4	1	0.000000000014496090596125
'7737483'	1	1	0.000000132032731545482
'7737483'	2	1	0.000000181497037418527
'7737483'	3	1	0.000000170418411449471
'7737483'	4	1	0.000000160660245880389
;

param transfer_coefficients_P1 : 'coeff' :=
;

param riparianload_N1 : 'riparian' :=
'166162418'	1	1	29.626895314633
'166162418'	2	1	25.8519397868039
'166162418'	3	1	22.2285067303786
'166162418'	4	1	25.0085956735434
'7731471'	1	1	0.175158822510173
'7731471'	2	1	0.0312306902838336
'7731471'	3	1	0.0082543264194605
'7731471'	4	1	0.0653411758416248
'7731473'	1	1	71.5061538283931
'7731473'	2	1	35.0562011418705
'7731473'	3	1	17.4594382431044
'7731473'	4	1	34.8947085420912
'7731483'	1	1	18.3106506149403
'7731483'	2	1	9.73699073765868
'7731483'	3	1	5.07570518722109
'7731483'	4	1	9.28617579739806
'7731485'	1	1	25.8399577129304
'7731485'	2	1	14.7215069144738
'7731485'	3	1	7.39330332035346
'7731485'	4	1	13.7073990713685
'7731505'	1	1	44.5976761561991
'7731505'	2	1	25.4215372330268
'7731505'	3	1	13.566463932623
'7731505'	4	1	23.5152908116364
'7731507'	1	1	5.10530795504832
'7731507'	2	1	2.9837511321246
'7731507'	3	1	1.2940991632092
'7731507'	4	1	2.78421093215704
'7731513'	1	1	1.40232048443091
'7731513'	2	1	0.840992819739617
'7731513'	3	1	0.366491713915579
'7731513'	4	1	0.773578012026844
'7731515'	1	1	0.340059636182091
'7731515'	2	1	0.200381257444086
'7731515'	3	1	0.0866549300139631
'7731515'	4	1	0.184314614854939
'7731531'	1	1	0
'7731531'	2	1	0
'7731531'	3	1	0
'7731531'	4	1	0
'7731533'	1	1	0.358766280362896
'7731533'	2	1	0.218244431274632
'7731533'	3	1	0.0960757145524729
'7731533'	4	1	0.200870932314598
'7731535'	1	1	6.353296468955
'7731535'	2	1	3.67288614065319
'7731535'	3	1	1.61811976574812
'7731535'	4	1	3.49572642653036
'7731547'	1	1	58.4946132007893
'7731547'	2	1	35.9275481421821
'7731547'	3	1	10.2285060177659
'7731547'	4	1	33.0865137747927
'7731583'	1	1	10.0239501988882
'7731583'	2	1	4.62266747142807
'7731583'	3	1	1.98261150985905
'7731583'	4	1	5.02802113482296
'7731625'	1	1	28.4605057915831
'7731625'	2	1	17.2414539214773
'7731625'	3	1	10.1583937653961
'7731625'	4	1	16.9134531306441
'7731633'	1	1	6.79476240301988
'7731633'	2	1	2.79725950427914
'7731633'	3	1	1.4905523798257
'7731633'	4	1	3.49386768373817
'7731645'	1	1	85.3660363279325
'7731645'	2	1	57.8773321949651
'7731645'	3	1	36.5348766190184
'7731645'	4	1	54.5856664198529
'7731647'	1	1	8.89868099126964
'7731647'	2	1	6.14833532714998
'7731647'	3	1	3.89482400589666
'7731647'	4	1	5.7448474216402
'7731649'	1	1	0.466415682042064
'7731649'	2	1	0.218718044036403
'7731649'	3	1	0.0855560077798033
'7731649'	4	1	0.252208516203221
'7731651'	1	1	30.0506247470415
'7731651'	2	1	20.8757492278441
'7731651'	3	1	13.2547346431155
'7731651'	4	1	19.5098285453866
'7731653'	1	1	20.3675610726439
'7731653'	2	1	13.1140782322869
'7731653'	3	1	3.87148610891323
'7731653'	4	1	12.2262281065517
'7731689'	1	1	30.8386605591868
'7731689'	2	1	20.3876008928841
'7731689'	3	1	10.7922142470036
'7731689'	4	1	19.5990977323854
'7731691'	1	1	72.6142888933595
'7731691'	2	1	38.1276465149299
'7731691'	3	1	11.3639890857732
'7731691'	4	1	47.5997676595472
'7731697'	1	1	83.8219645189165
'7731697'	2	1	59.0924107651366
'7731697'	3	1	39.1227954780323
'7731697'	4	1	56.6955224589281
'7731709'	1	1	31.396474919536
'7731709'	2	1	23.6162879247006
'7731709'	3	1	15.8959790082635
'7731709'	4	1	22.1722787638215
'7731711'	1	1	18.9624263109673
'7731711'	2	1	14.2634522078806
'7731711'	3	1	9.60064247204141
'7731711'	4	1	13.3913187159613
'7731731'	1	1	106.302076311059
'7731731'	2	1	78.6571791089761
'7731731'	3	1	52.5579926103229
'7731731'	4	1	73.7964004641809
'7731747'	1	1	82.6056782547243
'7731747'	2	1	63.6889944042566
'7731747'	3	1	26.093071241718
'7731747'	4	1	59.9384941574624
'7731749'	1	1	1.90343163137313
'7731749'	2	1	0.775640696803514
'7731749'	3	1	0.444054523411326
'7731749'	4	1	1.06981209103187
'7731769'	1	1	66.5278564809488
'7731769'	2	1	42.8777361725492
'7731769'	3	1	13.9494431601705
'7731769'	4	1	38.8695595933144
'7731771'	1	1	88.6921910674056
'7731771'	2	1	31.9968437518516
'7731771'	3	1	5.73293678232271
'7731771'	4	1	51.5106717997622
'7731779'	1	1	14.4554065720933
'7731779'	2	1	9.42821802262426
'7731779'	3	1	2.02212258321932
'7731779'	4	1	8.52048328094358
'7731783'	1	1	153.481587668973
'7731783'	2	1	100.022258319757
'7731783'	3	1	28.7922069009208
'7731783'	4	1	90.8050864809043
'7731789'	1	1	48.0529312900902
'7731789'	2	1	25.5392359644139
'7731789'	3	1	5.65111393882182
'7731789'	4	1	23.1793738060796
'7731797'	1	1	23.1260955674466
'7731797'	2	1	12.3404406685194
'7731797'	3	1	2.74859123652803
'7731797'	4	1	11.2240246004472
'7731805'	1	1	63.4142380397171
'7731805'	2	1	48.2471891462284
'7731805'	3	1	30.5354177630788
'7731805'	4	1	46.2517512650012
'7731829'	1	1	15.3079433087804
'7731829'	2	1	12.2707084419457
'7731829'	3	1	8.84588223918209
'7731829'	4	1	11.6914520704148
'7731835'	1	1	139.163560955618
'7731835'	2	1	113.753740776027
'7731835'	3	1	56.178994840172
'7731835'	4	1	107.507038660963
'7731837'	1	1	0.838968449463555
'7731837'	2	1	0.412256090405296
'7731837'	3	1	0.196540025164159
'7731837'	4	1	0.465214597083325
'7731841'	1	1	207.419100997857
'7731841'	2	1	106.674991439137
'7731841'	3	1	39.8408029539726
'7731841'	4	1	152.478414976466
'7731867'	1	1	52.5747220851182
'7731867'	2	1	28.2192908742711
'7731867'	3	1	7.97001950524331
'7731867'	4	1	34.784820129248
'7731871'	1	1	52.3387067347055
'7731871'	2	1	28.6430338160745
'7731871'	3	1	8.0060813597693
'7731871'	4	1	25.7078459461388
'7731879'	1	1	88.8447397479583
'7731879'	2	1	76.5346536870879
'7731879'	3	1	60.5747967778333
'7731879'	4	1	73.9386066644668
'7731901'	1	1	56.7261929881956
'7731901'	2	1	49.4983392228855
'7731901'	3	1	42.560604298264
'7731901'	4	1	47.8836003387453
'7731907'	1	1	99.8138732406745
'7731907'	2	1	90.4164196777466
'7731907'	3	1	67.2064079134584
'7731907'	4	1	85.9828342147127
'7731909'	1	1	91.6584229416781
'7731909'	2	1	83.0288031776129
'7731909'	3	1	64.6644376572928
'7731909'	4	1	78.9574708234524
'7731925'	1	1	97.35109360997
'7731925'	2	1	55.2948221966399
'7731925'	3	1	15.9574571424331
'7731925'	4	1	49.7496129982831
'7731927'	1	1	137.402140777648
'7731927'	2	1	73.9488003688595
'7731927'	3	1	13.9275821487049
'7731927'	4	1	70.2170163204365
'7731953'	1	1	51.4025300735838
'7731953'	2	1	29.622263370679
'7731953'	3	1	8.66809701545662
'7731953'	4	1	26.6906651521842
'7731989'	1	1	11.398886306559
'7731989'	2	1	10.4458843718511
'7731989'	3	1	8.39763055861846
'7731989'	4	1	10.1821530410013
'7731991'	1	1	147.350506572141
'7731991'	2	1	138.625774786709
'7731991'	3	1	111.857025879449
'7731991'	4	1	132.288089611469
'7732057'	1	1	52.809954024899
'7732057'	2	1	52.7804683482163
'7732057'	3	1	49.6917306830499
'7732057'	4	1	50.8855805055799
'7732073'	1	1	22.5824077658038
'7732073'	2	1	22.5697992039069
'7732073'	3	1	21.9876370742904
'7732073'	4	1	22.286219944323
'7732079'	1	1	237.662056637941
'7732079'	2	1	237.446579250252
'7732079'	3	1	232.34820753729
'7732079'	4	1	235.096694814645
'7732095'	1	1	19.6709403060333
'7732095'	2	1	19.6709403060333
'7732095'	3	1	19.6709403060333
'7732095'	4	1	19.6709403060333
'7733183'	1	1	19.9330878586926
'7733183'	2	1	8.91584588512742
'7733183'	3	1	4.50475898231169
'7733183'	4	1	9.62381040008385
'7733187'	1	1	14.4257994053446
'7733187'	2	1	7.83641906688554
'7733187'	3	1	2.61996135889846
'7733187'	4	1	7.28385163528091
'7733191'	1	1	146.527609769915
'7733191'	2	1	77.3161796533574
'7733191'	3	1	44.1582514596256
'7733191'	4	1	81.6736008234212
'7733193'	1	1	41.0836365528623
'7733193'	2	1	26.9150379371005
'7733193'	3	1	8.20403440122765
'7733193'	4	1	25.0993077145175
'7733199'	1	1	82.861591765244
'7733199'	2	1	44.0393892248551
'7733199'	3	1	7.04622393706635
'7733199'	4	1	39.9700862804483
'7733201'	1	1	120.995947970457
'7733201'	2	1	93.4277965724219
'7733201'	3	1	38.2191970338679
'7733201'	4	1	98.7571176181912
'7733203'	1	1	131.652269112373
'7733203'	2	1	113.341425579878
'7733203'	3	1	86.0086243701472
'7733203'	4	1	107.454826740206
'7733205'	1	1	78.6117111948844
'7733205'	2	1	64.2185641056744
'7733205'	3	1	46.4585350617581
'7733205'	4	1	60.6384050682104
'7733207'	1	1	63.3374343543363
'7733207'	2	1	50.8825480515802
'7733207'	3	1	36.2871049215749
'7733207'	4	1	48.0022817649421
'7733209'	1	1	146.166542085799
'7733209'	2	1	125.91410263468
'7733209'	3	1	75.6510556634671
'7733209'	4	1	121.643110143001
'7733361'	1	1	1.65528265920494
'7733361'	2	1	1.06318899654976
'7733361'	3	1	0.54566962848821
'7733361'	4	1	0.984506763101991
'7733363'	1	1	8.87385422680305
'7733363'	2	1	4.90968297657481
'7733363'	3	1	2.44018237976413
'7733363'	4	1	4.86112169133241
'7733365'	1	1	0.48960948012273
'7733365'	2	1	0.0840397353380728
'7733365'	3	1	0.0233506946254203
'7733365'	4	1	0.188979777958519
'7733373'	1	1	2.14934281278974
'7733373'	2	1	1.472643067487
'7733373'	3	1	0.926655438981305
'7733373'	4	1	1.37533866222256
'7733397'	1	1	7.78643430268819
'7733397'	2	1	5.36853385813417
'7733397'	3	1	3.38593794631327
'7733397'	4	1	5.01648429841728
'7733405'	1	1	1.60606428656007
'7733405'	2	1	1.15102588285396
'7733405'	3	1	0.67035307236825
'7733405'	4	1	1.07830481216045
'7733407'	1	1	0.189182697933405
'7733407'	2	1	0.0781700664360925
'7733407'	3	1	0.0238171704833359
'7733407'	4	1	0.0950539794546809
'7733409'	1	1	6.3606757498396
'7733409'	2	1	4.74034961372671
'7733409'	3	1	3.16275353545757
'7733409'	4	1	4.4491998727229
'7733427'	1	1	5.70145094078608
'7733427'	2	1	3.80232830099801
'7733427'	3	1	1.3661575778767
'7733427'	4	1	3.4480101189723
'7733429'	1	1	5.51140257609321
'7733429'	2	1	3.67558402429808
'7733429'	3	1	1.32061899194748
'7733429'	4	1	3.33307644833989
'7733455'	1	1	1.14436625090828
'7733455'	2	1	0.936306931974341
'7733455'	3	1	0.674345189835504
'7733455'	4	1	0.883993144197975
'7733457'	1	1	56.0370788242684
'7733457'	2	1	26.7959086495685
'7733457'	3	1	5.40071358114665
'7733457'	4	1	36.2966819664297
'7733459'	1	1	9.3606892594394
'7733459'	2	1	7.6886202001588
'7733459'	3	1	3.68257669500615
'7733459'	4	1	7.26495295979866
'7733471'	1	1	17.4254217000082
'7733471'	2	1	14.4615999551399
'7733471'	3	1	11.8106788473799
'7733471'	4	1	13.9376925229548
'7733477'	1	1	32.5940068373431
'7733477'	2	1	12.5885136513376
'7733477'	3	1	3.36088655798057
'7733477'	4	1	19.2692493998114
'7733481'	1	1	57.9426357702844
'7733481'	2	1	42.1722587228475
'7733481'	3	1	6.37173123834471
'7733481'	4	1	40.0339437739369
'7733489'	1	1	23.7438906047182
'7733489'	2	1	20.0348777667097
'7733489'	3	1	8.57643161739117
'7733489'	4	1	19.3216130089559
'7733557'	1	1	93.5559997688677
'7733557'	2	1	85.4182967040874
'7733557'	3	1	32.6061022368648
'7733557'	4	1	83.2263747990436
'7733563'	1	1	38.7701338107658
'7733563'	2	1	36.7466812929822
'7733563'	3	1	33.7616352075729
'7733563'	4	1	36.0782826009628
'7733571'	1	1	104.10701784664
'7733571'	2	1	102.467961604463
'7733571'	3	1	95.106065448907
'7733571'	4	1	98.6479917618158
'7733587'	1	1	5.07409383278706
'7733587'	2	1	5.07409383278706
'7733587'	3	1	5.00275836537443
'7733587'	4	1	5.03362057703453
'7734093'	1	1	10.905196500592
'7734093'	2	1	5.94707608986851
'7734093'	3	1	0.961646873429626
'7734093'	4	1	5.49624351054092
'7734361'	1	1	13.8629102607926
'7734361'	2	1	13.4548191698151
'7734361'	3	1	12.7491954437619
'7734361'	4	1	13.2544353373237
'7737483'	1	1	0
'7737483'	2	1	0
'7737483'	3	1	0
'7737483'	4	1	0
;

param area : 'urban' 'ag' :=
'166162418'	245.8447645	0
'7731471'	7.844249383	0
'7731473'	186.409883796	0
'7731483'	41.8223482765	0
'7731485'	244.726614375	0
'7731505'	165.6737959055	0
'7731507'	178.708263419	0
'7731513'	21.384565542	0
'7731515'	13.4324054055	0
'7731531'	18.098365568	0
'7731533'	33.540846596	0
'7731535'	72.279991656	0
'7731547'	258.57660252	0
'7731583'	71.6748562215	0
'7731625'	97.965864512	0
'7731633'	78.16771307	0
'7731645'	304.7831865485	0
'7731647'	13.4622804	0
'7731649'	2.883468245	0
'7731651'	24.18070688	0
'7731653'	41.552089538	0
'7731689'	124.1387566125	0
'7731691'	68.6152021115	0
'7731697'	468.542511756	0
'7731709'	52.0065831675	0
'7731711'	44.5616060435	0
'7731731'	316.249229206	0
'7731747'	211.34149335	0
'7731749'	75.46734963	0
'7731769'	358.137826333	0
'7731771'	108.1468129065	0
'7731779'	22.024765176	0
'7731783'	800.169183954	0
'7731789'	105.8755225885	0
'7731797'	49.275652839	0
'7731805'	152.181887616	0
'7731829'	451.012833635	0
'7731835'	142.702890395	0
'7731837'	74.8036256	0
'7731841'	462.805722076	0
'7731867'	90.4992162795	0
'7731871'	87.0171114615	0
'7731879'	253.531607998	0
'7731901'	221.3730420615	0
'7731907'	156.191759293	0
'7731909'	255.470443249	0
'7731925'	406.877113059	0
'7731927'	238.601029688	0
'7731953'	136.09209033	0
'7731989'	19.0391190135	0
'7731991'	564.035596533	0
'7732057'	78.332285	0
'7732073'	43.243375	0
'7732079'	703.844047221	0
'7732095'	174.95034	0
'7733183'	20.303975377	0
'7733187'	64.715613396	0
'7733191'	372.685441314	0
'7733193'	99.059600663	0
'7733199'	473.803920837	0
'7733201'	230.836051589	0
'7733203'	529.837747163	0
'7733205'	81.009717096	0
'7733207'	156.747201912	0
'7733209'	330.2445398015	0
'7733361'	9.8449844365	0
'7733363'	5.884805575	0
'7733365'	4.7536824375	0
'7733373'	46.102083324	0
'7733397'	35.086290687	0
'7733405'	0.208111831	0
'7733407'	0.141195797	0
'7733409'	18.236349	0
'7733427'	4.5714425	0
'7733429'	6.489570352	0
'7733455'	1.092401784	0
'7733457'	74.319892852	0
'7733459'	3.12686667	0
'7733471'	47.304002044	0
'7733477'	79.8116285035	0
'7733481'	236.327120057	0
'7733489'	42.831302702	0
'7733557'	133.275538119	0
'7733563'	112.4333927625	0
'7733571'	266.535212097	0
'7733587'	23.474975	0
'7734093'	28.218501422	0
'7734361'	144.73384639	0
'7737483'	9.637095	0
;

param urban_bmp_implementationpotential : 'Biofiltration_w_Underdrain'  'Bioretention_Basin'  'Enhanced_Biofiltration_w_ISR'  'Extended_Dry_Detention_Basin'  'Grass_Swale_w_detention'  'Gravel_Wetland'  'Infiltration_Basin'  'Infiltration_Chamber'  'Infiltration_Trench'  'Porous_Pavement_w_subsurface_infiltration'  'Porous_Pavement_w_underdrain'  'Sand_Filter_w_underdrain'  'Wet_Pond':=
'166162418'	1	1	1	1	1	1	0	0	0	0	0.1	1	1
'7731471'	1	1	1	1	1	1	0	0	0	0	0.1	1	1
'7731473'	1	1	1	1	1	1	0	0	0	0	0.1	1	1
'7731483'	1	1	1	1	1	1	0	0	0	0	0.1	1	1
'7731485'	1	1	1	1	1	1	0	0	0	0	0.1	1	1
'7731505'	1	1	1	1	1	1	0	0	0	0	0.1	1	1
'7731507'	1	1	1	1	1	1	0	0	0	0	0.1	1	1
'7731513'	1	1	1	1	1	1	0	0	0	0	0.1	1	1
'7731515'	1	1	1	1	1	1	0	0	0	0	0.1	1	1
'7731531'	1	1	1	1	1	1	0	0	0	0	0.1	1	1
'7731533'	1	1	1	1	1	1	0	0	0	0	0.1	1	1
'7731535'	1	1	1	1	1	1	0	0	0	0	0.1	1	1
'7731547'	1	1	1	1	1	1	0	0	0	0	0.1	1	1
'7731583'	1	1	1	1	1	1	0	0	0	0	0.1	1	1
'7731625'	1	1	1	1	1	1	0	0	0	0	0.1	1	1
'7731633'	1	1	1	1	1	1	0	0	0	0	0.1	1	1
'7731645'	1	1	1	1	1	1	0	0	0	0	0.1	1	1
'7731647'	1	1	1	1	1	1	0	0	0	0	0.1	1	1
'7731649'	1	1	1	1	1	1	0	0	0	0	0.1	1	1
'7731651'	1	1	1	1	1	1	0	0	0	0	0.1	1	1
'7731653'	1	1	1	1	1	1	0	0	0	0	0.1	1	1
'7731689'	1	1	1	1	1	1	0	0	0	0	0.1	1	1
'7731691'	1	1	1	1	1	1	0	0	0	0	0.1	1	1
'7731697'	1	1	1	1	1	1	0	0	0	0	0.1	1	1
'7731709'	1	1	1	1	1	1	0	0	0	0	0.1	1	1
'7731711'	1	1	1	1	1	1	0	0	0	0	0.1	1	1
'7731731'	1	1	1	1	1	1	0	0	0	0	0.1	1	1
'7731747'	1	1	1	1	1	1	0	0	0	0	0.1	1	1
'7731749'	1	1	1	1	1	1	0	0	0	0	0.1	1	1
'7731769'	1	1	1	1	1	1	0	0	0	0	0.1	1	1
'7731771'	1	1	1	1	1	1	0	0	0	0	0.1	1	1
'7731779'	1	1	1	1	1	1	0	0	0	0	0.1	1	1
'7731783'	1	1	1	1	1	1	0	0	0	0	0.1	1	1
'7731789'	1	1	1	1	1	1	0	0	0	0	0.1	1	1
'7731797'	1	1	1	1	1	1	0	0	0	0	0.1	1	1
'7731805'	1	1	1	1	1	1	0	0	0	0	0.1	1	1
'7731829'	1	1	1	1	1	1	0	0	0	0	0.1	1	1
'7731835'	1	1	1	1	1	1	0	0	0	0	0.1	1	1
'7731837'	1	1	1	1	1	1	0	0	0	0	0.1	1	1
'7731841'	1	1	1	1	1	1	0	0	0	0	0.1	1	1
'7731867'	1	1	1	1	1	1	0	0	0	0	0.1	1	1
'7731871'	1	1	1	1	1	1	0	0	0	0	0.1	1	1
'7731879'	1	1	1	1	1	1	0	0	0	0	0.1	1	1
'7731901'	1	1	1	1	1	1	0	0	0	0	0.1	1	1
'7731907'	1	1	1	1	1	1	0	0	0	0	0.1	1	1
'7731909'	1	1	1	1	1	1	0	0	0	0	0.1	1	1
'7731925'	1	1	1	1	1	1	0	0	0	0	0.1	1	1
'7731927'	1	1	1	1	1	1	0	0	0	0	0.1	1	1
'7731953'	1	1	1	1	1	1	0	0	0	0	0.1	1	1
'7731989'	1	1	1	1	1	1	0	0	0	0	0.1	1	1
'7731991'	1	1	1	1	1	1	0	0	0	0	0.1	1	1
'7732057'	1	1	1	1	1	1	0	0	0	0	0.1	1	1
'7732073'	1	1	1	1	1	1	0	0	0	0	0.1	1	1
'7732079'	1	1	1	1	1	1	0	0	0	0	0.1	1	1
'7732095'	1	1	1	1	1	1	0	0	0	0	0.1	1	1
'7733183'	1	1	1	1	1	1	0	0	0	0	0.1	1	1
'7733187'	1	1	1	1	1	1	0	0	0	0	0.1	1	1
'7733191'	1	1	1	1	1	1	0	0	0	0	0.1	1	1
'7733193'	1	1	1	1	1	1	0	0	0	0	0.1	1	1
'7733199'	1	1	1	1	1	1	0	0	0	0	0.1	1	1
'7733201'	1	1	1	1	1	1	0	0	0	0	0.1	1	1
'7733203'	1	1	1	1	1	1	0	0	0	0	0.1	1	1
'7733205'	1	1	1	1	1	1	0	0	0	0	0.1	1	1
'7733207'	1	1	1	1	1	1	0	0	0	0	0.1	1	1
'7733209'	1	1	1	1	1	1	0	0	0	0	0.1	1	1
'7733361'	1	1	1	1	1	1	0	0	0	0	0.1	1	1
'7733363'	1	1	1	1	1	1	0	0	0	0	0.1	1	1
'7733365'	1	1	1	1	1	1	0	0	0	0	0.1	1	1
'7733373'	1	1	1	1	1	1	0	0	0	0	0.1	1	1
'7733397'	1	1	1	1	1	1	0	0	0	0	0.1	1	1
'7733405'	1	1	1	1	1	1	0	0	0	0	0.1	1	1
'7733407'	1	1	1	1	1	1	0	0	0	0	0.1	1	1
'7733409'	1	1	1	1	1	1	0	0	0	0	0.1	1	1
'7733427'	1	1	1	1	1	1	0	0	0	0	0.1	1	1
'7733429'	1	1	1	1	1	1	0	0	0	0	0.1	1	1
'7733455'	1	1	1	1	1	1	0	0	0	0	0.1	1	1
'7733457'	1	1	1	1	1	1	0	0	0	0	0.1	1	1
'7733459'	1	1	1	1	1	1	0	0	0	0	0.1	1	1
'7733471'	1	1	1	1	1	1	0	0	0	0	0.1	1	1
'7733477'	1	1	1	1	1	1	0	0	0	0	0.1	1	1
'7733481'	1	1	1	1	1	1	0	0	0	0	0.1	1	1
'7733489'	1	1	1	1	1	1	0	0	0	0	0.1	1	1
'7733557'	1	1	1	1	1	1	0	0	0	0	0.1	1	1
'7733563'	1	1	1	1	1	1	0	0	0	0	0.1	1	1
'7733571'	1	1	1	1	1	1	0	0	0	0	0.1	1	1
'7733587'	1	1	1	1	1	1	0	0	0	0	0.1	1	1
'7734093'	1	1	1	1	1	1	0	0	0	0	0.1	1	1
'7734361'	1	1	1	1	1	1	0	0	0	0	0.1	1	1
'7737483'	1	1	1	1	1	1	0	0	0	0	0.1	1	1
;

param septic_bmp_implementationpotential: 'none' :=
'166162418'	0
'7731471'	0
'7731473'	0
'7731483'	0
'7731485'	0
'7731505'	0
'7731507'	0
'7731513'	0
'7731515'	0
'7731531'	0
'7731533'	0
'7731535'	0
'7731547'	0
'7731583'	0
'7731625'	0
'7731633'	0
'7731645'	0
'7731647'	0
'7731649'	0
'7731651'	0
'7731653'	0
'7731689'	0
'7731691'	0
'7731697'	0
'7731709'	0
'7731711'	0
'7731731'	0
'7731747'	0
'7731749'	0
'7731769'	0
'7731771'	0
'7731779'	0
'7731783'	0
'7731789'	0
'7731797'	0
'7731805'	0
'7731829'	0
'7731835'	0
'7731837'	0
'7731841'	0
'7731867'	0
'7731871'	0
'7731879'	0
'7731901'	0
'7731907'	0
'7731909'	0
'7731925'	0
'7731927'	0
'7731953'	0
'7731989'	0
'7731991'	0
'7732057'	0
'7732073'	0
'7732079'	0
'7732095'	0
'7733183'	0
'7733187'	0
'7733191'	0
'7733193'	0
'7733199'	0
'7733201'	0
'7733203'	0
'7733205'	0
'7733207'	0
'7733209'	0
'7733361'	0
'7733363'	0
'7733365'	0
'7733373'	0
'7733397'	0
'7733405'	0
'7733407'	0
'7733409'	0
'7733427'	0
'7733429'	0
'7733455'	0
'7733457'	0
'7733459'	0
'7733471'	0
'7733477'	0
'7733481'	0
'7733489'	0
'7733557'	0
'7733563'	0
'7733571'	0
'7733587'	0
'7734093'	0
'7734361'	0
'7737483'	0
;

param unbuffered_banklength : 'Grassed_Buffer'    'Forested_Buffer' :=
'166162418'	3006.79934725	3006.79934725
'7731471'	2657.94531625	2754.82051
'7731473'	6748.816831	6748.816831
'7731483'	3456.55858	3456.55858
'7731485'	13680.120691	13680.120691
'7731505'	10222.94211725	10319.817311
'7731507'	5472.079277	5472.079277
'7731513'	4568.47913725	4568.47913725
'7731515'	960.7435885	960.7435885
'7731531'	3560.7187877	3560.7187877
'7731533'	4338.4586772	4338.4586772
'7731535'	3630.15892725	3630.15892725
'7731547'	5006.665013	5006.665013
'7731583'	4268.863537	4268.863537
'7731625'	4220.451774	4220.451774
'7731633'	284.993904	284.993904
'7731645'	7845.702356	7845.702356
'7731647'	1093.16552	1093.16552
'7731649'	748.0314961	748.0314961
'7731651'	2390.00144625	2390.00144625
'7731653'	1944.6338895	1944.6338895
'7731689'	1918.697171	1918.697171
'7731691'	4526.474053	4526.474053
'7731697'	11123.907245	11123.907245
'7731709'	2072.405811	2072.405811
'7731711'	1644.7082897	1644.7082897
'7731731'	6380.432761	6380.432761
'7731747'	4725.90779	4725.90779
'7731749'	2047.192428	2047.192428
'7731769'	7464.866597	7464.866597
'7731771'	4508.287345	4508.287345
'7731779'	1078.8538245	1078.8538245
'7731783'	13474.84862	13474.84862
'7731789'	4849.9080332	4849.9080332
'7731797'	2345.6196915	2345.6196915
'7731805'	5969.2169387	5969.2169387
'7731829'	3595.80052	3595.80052
'7731835'	9604.12921	9604.12921
'7731837'	0	0
'7731841'	17154.194311	17154.194311
'7731867'	3048.546097	3048.546097
'7731871'	3576.115486	3576.115486
'7731879'	8213.3114267	8213.3114267
'7731901'	5015.8616985	5015.8616985
'7731907'	8020.02604	8020.02604
'7731909'	6031.837063	6031.837063
'7731925'	10211.627092	10211.627092
'7731927'	12009.42401625	12009.42401625
'7731953'	4624.0725817	4624.0725817
'7731989'	1241.70748325	1338.582677
'7731991'	11228.58412625	11228.58412625
'7732057'	4534.120735	4534.120735
'7732073'	2040.682415	2040.682415
'7732079'	19343.212016	19343.212016
'7732095'	2191.60105	2191.60105
'7733183'	0	0
'7733187'	6036.590406	6036.590406
'7733191'	24638.539276	24638.539276
'7733193'	1965.248931	1965.248931
'7733199'	8776.272555	8776.272555
'7733201'	10569.78113525	10666.656329
'7733203'	11663.77333	11663.77333
'7733205'	5518.372703	5518.372703
'7733207'	4088.39151	4088.39151
'7733209'	12703.41207	12703.41207
'7733361'	859.5800525	859.5800525
'7733363'	1138.2706095	1138.2706095
'7733365'	625.3745845	819.124972
'7733373'	186.1037055	186.1037055
'7733397'	718.3231033	718.3231033
'7733405'	249.343832	249.343832
'7733407'	229.6587927	229.6587927
'7733409'	390.2391138	390.2391138
'7733427'	541.157749	541.157749
'7733429'	787.4015748	787.4015748
'7733455'	611.78622355	611.78622355
'7733457'	3889.7327795	4083.483167
'7733459'	321.5223097	321.5223097
'7733471'	964.5669291	964.5669291
'7733477'	1674.77834925	1674.77834925
'7733481'	3628.45392325	3725.329117
'7733489'	2263.056193	2263.056193
'7733557'	3691.9523837	3885.7027712
'7733563'	2099.737533	2099.737533
'7733571'	8177.40302125	8274.278215
'7733587'	610.2362205	610.2362205
'7734093'	36.3734060000002	36.3734060000002
'7734361'	1437.007874	1437.007874
'7737483'	393.7007874	393.7007874
;

param total_banklength :=
'166162418'	3103.674541
'7731471'	3917.322835
'7731473'	11883.2021
'7731483'	5006.56168
'7731485'	16489.50131
'7731505'	13904.19948
'7731507'	5859.580052
'7731513'	4665.354331
'7731515'	1541.994751
'7731531'	4238.845144
'7731533'	4822.834646
'7731535'	3727.034121
'7731547'	6653.543307
'7731583'	9015.748031
'7731625'	6351.706037
'7731633'	2513.12336
'7731645'	11817.5853
'7731647'	2158.792651
'7731649'	748.0314961
'7731651'	2486.87664
'7731653'	2913.385827
'7731689'	7828.08399
'7731691'	5688.976378
'7731697'	16161.41732
'7731709'	3234.908136
'7731711'	2322.834646
'7731731'	8996.062992
'7731747'	10150.91864
'7731749'	7375.328084
'7731769'	13471.12861
'7731771'	11095.80052
'7731779'	1660.104987
'7731783'	23549.86877
'7731789'	5721.784777
'7731797'	2539.370079
'7731805'	6259.84252
'7731829'	15898.95013
'7731835'	11929.13386
'7731837'	826.7716535
'7731841'	23838.58268
'7731867'	4114.173228
'7731871'	3576.115486
'7731879'	8503.937008
'7731901'	5597.112861
'7731907'	9763.779528
'7731909'	7775.590551
'7731925'	11955.38058
'7731927'	12106.29921
'7731953'	4914.698163
'7731989'	1338.582677
'7731991'	11325.45932
'7732057'	4534.120735
'7732073'	2040.682415
'7732079'	21765.09186
'7732095'	2191.60105
'7733183'	4225.721785
'7733187'	9717.847769
'7733191'	34035.43307
'7733193'	5452.755906
'7733199'	12263.77953
'7733201'	11732.28346
'7733203'	14763.77953
'7733205'	5518.372703
'7733207'	5347.769029
'7733209'	12703.41207
'7733361'	859.5800525
'7733363'	1332.020997
'7733365'	1981.627297
'7733373'	1154.855643
'7733397'	912.0734908
'7733405'	249.343832
'7733407'	229.6587927
'7733409'	583.9895013
'7733427'	734.9081365
'7733429'	787.4015748
'7733455'	708.6614173
'7733457'	7086.614173
'7733459'	321.5223097
'7733471'	964.5669291
'7733477'	1771.653543
'7733481'	7309.711286
'7733489'	3038.057743
'7733557'	4370.07874
'7733563'	2099.737533
'7733571'	8274.278215
'7733587'	610.2362205
'7734093'	1489.501312
'7734361'	1437.007874
'7737483'	393.7007874
;

param ag_effic_N : 'Conservation'  'Contour_Farming'  'Filterstrip'  'MIN_TILL'  'Ponds'  'Terrace_Waterway'  'Terrace_Only'  'Waterway_Only'  'Fert_20'  'Manure_Injection' :=	
'7731471'	-0.0154860394924204	0.0405546833232296	0.622242018034711	-0.708845790423003	0.185683678111096	0.41072449948778	0.161985977535419	0.31397846317521	0.2	0.12
'7731473'	-0.0154860394924204	0.0405546833232296	0.622242018034711	-0.708845790423003	0.185683678111096	0.41072449948778	0.161985977535419	0.31397846317521	0.2	0.12
'7731483'	-0.0154860394924204	0.0405546833232296	0.622242018034711	-0.708845790423003	0.185683678111096	0.41072449948778	0.161985977535419	0.31397846317521	0.2	0.12
'7731485'	-0.0154860394924204	0.0405546833232296	0.622242018034711	-0.708845790423003	0.185683678111096	0.41072449948778	0.161985977535419	0.31397846317521	0.2	0.12
'7731505'	-0.0154860394924204	0.0405546833232296	0.622242018034711	-0.708845790423003	0.185683678111096	0.41072449948778	0.161985977535419	0.31397846317521	0.2	0.12
'7731507'	-0.0154860394924204	0.0405546833232296	0.622242018034711	-0.708845790423003	0.185683678111096	0.41072449948778	0.161985977535419	0.31397846317521	0.2	0.12
'7731513'	-0.0154860394924204	0.0405546833232296	0.622242018034711	-0.708845790423003	0.185683678111096	0.41072449948778	0.161985977535419	0.31397846317521	0.2	0.12
'7731515'	-0.0154860394924204	0.0405546833232296	0.622242018034711	-0.708845790423003	0.185683678111096	0.41072449948778	0.161985977535419	0.31397846317521	0.2	0.12
'7731531'	-0.0154860394924204	0.0405546833232296	0.622242018034711	-0.708845790423003	0.185683678111096	0.41072449948778	0.161985977535419	0.31397846317521	0.2	0.12
'7731533'	-0.0154860394924204	0.0405546833232296	0.622242018034711	-0.708845790423003	0.185683678111096	0.41072449948778	0.161985977535419	0.31397846317521	0.2	0.12
'7731535'	-0.0154860394924204	0.0405546833232296	0.622242018034711	-0.708845790423003	0.185683678111096	0.41072449948778	0.161985977535419	0.31397846317521	0.2	0.12
'7731547'	-0.0154860394924204	0.0405546833232296	0.622242018034711	-0.708845790423003	0.185683678111096	0.41072449948778	0.161985977535419	0.31397846317521	0.2	0.12
'7731583'	-0.0154860394924204	0.0405546833232296	0.622242018034711	-0.708845790423003	0.185683678111096	0.41072449948778	0.161985977535419	0.31397846317521	0.2	0.12
'7731625'	-0.0154860394924204	0.0405546833232296	0.622242018034711	-0.708845790423003	0.185683678111096	0.41072449948778	0.161985977535419	0.31397846317521	0.2	0.12
'7731633'	-0.0154860394924204	0.0405546833232296	0.622242018034711	-0.708845790423003	0.185683678111096	0.41072449948778	0.161985977535419	0.31397846317521	0.2	0.12
'7731645'	-0.0154860394924204	0.0405546833232296	0.622242018034711	-0.708845790423003	0.185683678111096	0.41072449948778	0.161985977535419	0.31397846317521	0.2	0.12
'7731647'	-0.0154860394924204	0.0405546833232296	0.622242018034711	-0.708845790423003	0.185683678111096	0.41072449948778	0.161985977535419	0.31397846317521	0.2	0.12
'7731649'	-0.0154860394924204	0.0405546833232296	0.622242018034711	-0.708845790423003	0.185683678111096	0.41072449948778	0.161985977535419	0.31397846317521	0.2	0.12
'7731651'	-0.0154860394924204	0.0405546833232296	0.622242018034711	-0.708845790423003	0.185683678111096	0.41072449948778	0.161985977535419	0.31397846317521	0.2	0.12
'7731653'	-0.0154860394924204	0.0405546833232296	0.622242018034711	-0.708845790423003	0.185683678111096	0.41072449948778	0.161985977535419	0.31397846317521	0.2	0.12
'7731689'	-0.0154860394924204	0.0405546833232296	0.622242018034711	-0.708845790423003	0.185683678111096	0.41072449948778	0.161985977535419	0.31397846317521	0.2	0.12
'7731691'	-0.0154860394924204	0.0405546833232296	0.622242018034711	-0.708845790423003	0.185683678111096	0.41072449948778	0.161985977535419	0.31397846317521	0.2	0.12
'7731697'	-0.0154860394924204	0.0405546833232296	0.622242018034711	-0.708845790423003	0.185683678111096	0.41072449948778	0.161985977535419	0.31397846317521	0.2	0.12
'7731709'	-0.0154860394924204	0.0405546833232296	0.622242018034711	-0.708845790423003	0.185683678111096	0.41072449948778	0.161985977535419	0.31397846317521	0.2	0.12
'7731711'	-0.0154860394924204	0.0405546833232296	0.622242018034711	-0.708845790423003	0.185683678111096	0.41072449948778	0.161985977535419	0.31397846317521	0.2	0.12
'7731731'	-0.0154860394924204	0.0405546833232296	0.622242018034711	-0.708845790423003	0.185683678111096	0.41072449948778	0.161985977535419	0.31397846317521	0.2	0.12
'7731747'	-0.0154860394924204	0.0405546833232296	0.622242018034711	-0.708845790423003	0.185683678111096	0.41072449948778	0.161985977535419	0.31397846317521	0.2	0.12
'7731749'	-0.0154860394924204	0.0405546833232296	0.622242018034711	-0.708845790423003	0.185683678111096	0.41072449948778	0.161985977535419	0.31397846317521	0.2	0.12
'7731769'	-0.0154860394924204	0.0405546833232296	0.622242018034711	-0.708845790423003	0.185683678111096	0.41072449948778	0.161985977535419	0.31397846317521	0.2	0.12
'7731771'	-0.0154860394924204	0.0405546833232296	0.622242018034711	-0.708845790423003	0.185683678111096	0.41072449948778	0.161985977535419	0.31397846317521	0.2	0.12
'7731779'	-0.0154860394924204	0.0405546833232296	0.622242018034711	-0.708845790423003	0.185683678111096	0.41072449948778	0.161985977535419	0.31397846317521	0.2	0.12
'7731783'	-0.0154860394924204	0.0405546833232296	0.622242018034711	-0.708845790423003	0.185683678111096	0.41072449948778	0.161985977535419	0.31397846317521	0.2	0.12
'7731789'	0.259179129050246	0.0213028405564922	0.77783929123263	0.178613114283134	0.188040522180079	0.448823298539783	0.0617061525393276	0.41111309283455	0.2	0.12
'7731797'	0.259179129050246	0.0213028405564922	0.77783929123263	0.178613114283134	0.188040522180079	0.448823298539783	0.0617061525393276	0.41111309283455	0.2	0.12
'7731805'	0.259179129050246	0.0213028405564922	0.77783929123263	0.178613114283134	0.188040522180079	0.448823298539783	0.0617061525393276	0.41111309283455	0.2	0.12
'7731829'	-0.0154860394924204	0.0405546833232296	0.622242018034711	-0.708845790423003	0.185683678111096	0.41072449948778	0.161985977535419	0.31397846317521	0.2	0.12
'7731835'	-0.0154860394924204	0.0405546833232296	0.622242018034711	-0.708845790423003	0.185683678111096	0.41072449948778	0.161985977535419	0.31397846317521	0.2	0.12
'7731837'	-0.0154860394924204	0.0405546833232296	0.622242018034711	-0.708845790423003	0.185683678111096	0.41072449948778	0.161985977535419	0.31397846317521	0.2	0.12
'7731841'	-0.0154860394924204	0.0405546833232296	0.622242018034711	-0.708845790423003	0.185683678111096	0.41072449948778	0.161985977535419	0.31397846317521	0.2	0.12
'7731867'	-0.0154860394924204	0.0405546833232296	0.622242018034711	-0.708845790423003	0.185683678111096	0.41072449948778	0.161985977535419	0.31397846317521	0.2	0.12
'7731871'	-0.0154860394924204	0.0405546833232296	0.622242018034711	-0.708845790423003	0.185683678111096	0.41072449948778	0.161985977535419	0.31397846317521	0.2	0.12
'7731879'	0.259179129050246	0.0213028405564922	0.77783929123263	0.178613114283134	0.188040522180079	0.448823298539783	0.0617061525393276	0.41111309283455	0.2	0.12
'7731901'	0.259179129050246	0.0213028405564922	0.77783929123263	0.178613114283134	0.188040522180079	0.448823298539783	0.0617061525393276	0.41111309283455	0.2	0.12
'7731907'	-0.0154860394924204	0.0405546833232296	0.622242018034711	-0.708845790423003	0.185683678111096	0.41072449948778	0.161985977535419	0.31397846317521	0.2	0.12
'7731909'	-0.0154860394924204	0.0405546833232296	0.622242018034711	-0.708845790423003	0.185683678111096	0.41072449948778	0.161985977535419	0.31397846317521	0.2	0.12
'7731925'	-0.0154860394924204	0.0405546833232296	0.622242018034711	-0.708845790423003	0.185683678111096	0.41072449948778	0.161985977535419	0.31397846317521	0.2	0.12
'7731927'	-0.0154860394924204	0.0405546833232296	0.622242018034711	-0.708845790423003	0.185683678111096	0.41072449948778	0.161985977535419	0.31397846317521	0.2	0.12
'7731953'	-0.0154860394924204	0.0405546833232296	0.622242018034711	-0.708845790423003	0.185683678111096	0.41072449948778	0.161985977535419	0.31397846317521	0.2	0.12
'7731989'	-0.0154860394924204	0.0405546833232296	0.622242018034711	-0.708845790423003	0.185683678111096	0.41072449948778	0.161985977535419	0.31397846317521	0.2	0.12
'7731991'	-0.0154860394924204	0.0405546833232296	0.622242018034711	-0.708845790423003	0.185683678111096	0.41072449948778	0.161985977535419	0.31397846317521	0.2	0.12
'7732057'	-0.0154860394924204	0.0405546833232296	0.622242018034711	-0.708845790423003	0.185683678111096	0.41072449948778	0.161985977535419	0.31397846317521	0.2	0.12
'7732073'	-0.0154860394924204	0.0405546833232296	0.622242018034711	-0.708845790423003	0.185683678111096	0.41072449948778	0.161985977535419	0.31397846317521	0.2	0.12
'7732079'	-0.0154860394924204	0.0405546833232296	0.622242018034711	-0.708845790423003	0.185683678111096	0.41072449948778	0.161985977535419	0.31397846317521	0.2	0.12
'7732095'	-0.0154860394924204	0.0405546833232296	0.622242018034711	-0.708845790423003	0.185683678111096	0.41072449948778	0.161985977535419	0.31397846317521	0.2	0.12
'7733183'	-0.0154860394924204	0.0405546833232296	0.622242018034711	-0.708845790423003	0.185683678111096	0.41072449948778	0.161985977535419	0.31397846317521	0.2	0.12
'7733187'	-0.0154860394924204	0.0405546833232296	0.622242018034711	-0.708845790423003	0.185683678111096	0.41072449948778	0.161985977535419	0.31397846317521	0.2	0.12
'7733191'	-0.0154860394924204	0.0405546833232296	0.622242018034711	-0.708845790423003	0.185683678111096	0.41072449948778	0.161985977535419	0.31397846317521	0.2	0.12
'7733193'	-0.0154860394924204	0.0405546833232296	0.622242018034711	-0.708845790423003	0.185683678111096	0.41072449948778	0.161985977535419	0.31397846317521	0.2	0.12
'7733199'	0.259179129050246	0.0213028405564922	0.77783929123263	0.178613114283134	0.188040522180079	0.448823298539783	0.0617061525393276	0.41111309283455	0.2	0.12
'7733201'	-0.0154860394924204	0.0405546833232296	0.622242018034711	-0.708845790423003	0.185683678111096	0.41072449948778	0.161985977535419	0.31397846317521	0.2	0.12
'7733203'	-0.0154860394924204	0.0405546833232296	0.622242018034711	-0.708845790423003	0.185683678111096	0.41072449948778	0.161985977535419	0.31397846317521	0.2	0.12
'7733205'	-0.0154860394924204	0.0405546833232296	0.622242018034711	-0.708845790423003	0.185683678111096	0.41072449948778	0.161985977535419	0.31397846317521	0.2	0.12
'7733207'	-0.0154860394924204	0.0405546833232296	0.622242018034711	-0.708845790423003	0.185683678111096	0.41072449948778	0.161985977535419	0.31397846317521	0.2	0.12
'7733209'	0.259179129050246	0.0213028405564922	0.77783929123263	0.178613114283134	0.188040522180079	0.448823298539783	0.0617061525393276	0.41111309283455	0.2	0.12
'7733361'	-0.0154860394924204	0.0405546833232296	0.622242018034711	-0.708845790423003	0.185683678111096	0.41072449948778	0.161985977535419	0.31397846317521	0.2	0.12
'7733363'	-0.0154860394924204	0.0405546833232296	0.622242018034711	-0.708845790423003	0.185683678111096	0.41072449948778	0.161985977535419	0.31397846317521	0.2	0.12
'7733365'	-0.0154860394924204	0.0405546833232296	0.622242018034711	-0.708845790423003	0.185683678111096	0.41072449948778	0.161985977535419	0.31397846317521	0.2	0.12
'7733373'	-0.0154860394924204	0.0405546833232296	0.622242018034711	-0.708845790423003	0.185683678111096	0.41072449948778	0.161985977535419	0.31397846317521	0.2	0.12
'7733397'	-0.0154860394924204	0.0405546833232296	0.622242018034711	-0.708845790423003	0.185683678111096	0.41072449948778	0.161985977535419	0.31397846317521	0.2	0.12
'7733405'	-0.0154860394924204	0.0405546833232296	0.622242018034711	-0.708845790423003	0.185683678111096	0.41072449948778	0.161985977535419	0.31397846317521	0.2	0.12
'7733407'	-0.0154860394924204	0.0405546833232296	0.622242018034711	-0.708845790423003	0.185683678111096	0.41072449948778	0.161985977535419	0.31397846317521	0.2	0.12
'7733409'	-0.0154860394924204	0.0405546833232296	0.622242018034711	-0.708845790423003	0.185683678111096	0.41072449948778	0.161985977535419	0.31397846317521	0.2	0.12
'7733427'	-0.0154860394924204	0.0405546833232296	0.622242018034711	-0.708845790423003	0.185683678111096	0.41072449948778	0.161985977535419	0.31397846317521	0.2	0.12
'7733429'	-0.0154860394924204	0.0405546833232296	0.622242018034711	-0.708845790423003	0.185683678111096	0.41072449948778	0.161985977535419	0.31397846317521	0.2	0.12
'7733455'	-0.0154860394924204	0.0405546833232296	0.622242018034711	-0.708845790423003	0.185683678111096	0.41072449948778	0.161985977535419	0.31397846317521	0.2	0.12
'7733457'	-0.0154860394924204	0.0405546833232296	0.622242018034711	-0.708845790423003	0.185683678111096	0.41072449948778	0.161985977535419	0.31397846317521	0.2	0.12
'7733459'	-0.0154860394924204	0.0405546833232296	0.622242018034711	-0.708845790423003	0.185683678111096	0.41072449948778	0.161985977535419	0.31397846317521	0.2	0.12
'7733471'	0.259179129050246	0.0213028405564922	0.77783929123263	0.178613114283134	0.188040522180079	0.448823298539783	0.0617061525393276	0.41111309283455	0.2	0.12
'7733477'	-0.0154860394924204	0.0405546833232296	0.622242018034711	-0.708845790423003	0.185683678111096	0.41072449948778	0.161985977535419	0.31397846317521	0.2	0.12
'7733481'	0.259179129050246	0.0213028405564922	0.77783929123263	0.178613114283134	0.188040522180079	0.448823298539783	0.0617061525393276	0.41111309283455	0.2	0.12
'7733489'	0.259179129050246	0.0213028405564922	0.77783929123263	0.178613114283134	0.188040522180079	0.448823298539783	0.0617061525393276	0.41111309283455	0.2	0.12
'7733557'	-0.0154860394924204	0.0405546833232296	0.622242018034711	-0.708845790423003	0.185683678111096	0.41072449948778	0.161985977535419	0.31397846317521	0.2	0.12
'7733563'	-0.0154860394924204	0.0405546833232296	0.622242018034711	-0.708845790423003	0.185683678111096	0.41072449948778	0.161985977535419	0.31397846317521	0.2	0.12
'7733571'	-0.0154860394924204	0.0405546833232296	0.622242018034711	-0.708845790423003	0.185683678111096	0.41072449948778	0.161985977535419	0.31397846317521	0.2	0.12
'7733587'	-0.0154860394924204	0.0405546833232296	0.622242018034711	-0.708845790423003	0.185683678111096	0.41072449948778	0.161985977535419	0.31397846317521	0.2	0.12
'7734093'	-0.0154860394924204	0.0405546833232296	0.622242018034711	-0.708845790423003	0.185683678111096	0.41072449948778	0.161985977535419	0.31397846317521	0.2	0.12
'7734361'	-0.0154860394924204	0.0405546833232296	0.622242018034711	-0.708845790423003	0.185683678111096	0.41072449948778	0.161985977535419	0.31397846317521	0.2	0.12
'7737483'	-0.0154860394924204	0.0405546833232296	0.622242018034711	-0.708845790423003	0.185683678111096	0.41072449948778	0.161985977535419	0.31397846317521	0.2	0.12
'166162418'	0.259179129050246	0.0213028405564922	0.77783929123263	0.178613114283134	0.188040522180079	0.448823298539783	0.0617061525393276	0.41111309283455	0.2	0.12
;

param septic_effic_N : 'none' :=	
'166162418'	0
'7731471'	0
'7731473'	0
'7731483'	0
'7731485'	0
'7731505'	0
'7731507'	0
'7731513'	0
'7731515'	0
'7731531'	0
'7731533'	0
'7731535'	0
'7731547'	0
'7731583'	0
'7731625'	0
'7731633'	0
'7731645'	0
'7731647'	0
'7731649'	0
'7731651'	0
'7731653'	0
'7731689'	0
'7731691'	0
'7731697'	0
'7731709'	0
'7731711'	0
'7731731'	0
'7731747'	0
'7731749'	0
'7731769'	0
'7731771'	0
'7731779'	0
'7731783'	0
'7731789'	0
'7731797'	0
'7731805'	0
'7731829'	0
'7731835'	0
'7731837'	0
'7731841'	0
'7731867'	0
'7731871'	0
'7731879'	0
'7731901'	0
'7731907'	0
'7731909'	0
'7731925'	0
'7731927'	0
'7731953'	0
'7731989'	0
'7731991'	0
'7732057'	0
'7732073'	0
'7732079'	0
'7732095'	0
'7733183'	0
'7733187'	0
'7733191'	0
'7733193'	0
'7733199'	0
'7733201'	0
'7733203'	0
'7733205'	0
'7733207'	0
'7733209'	0
'7733361'	0
'7733363'	0
'7733365'	0
'7733373'	0
'7733397'	0
'7733405'	0
'7733407'	0
'7733409'	0
'7733427'	0
'7733429'	0
'7733455'	0
'7733457'	0
'7733459'	0
'7733471'	0
'7733477'	0
'7733481'	0
'7733489'	0
'7733557'	0
'7733563'	0
'7733571'	0
'7733587'	0
'7734093'	0
'7734361'	0
'7737483'	0
;

param point_effic_N : 'point' :=	
'166162418'	0
'7731471'	0
'7731473'	0
'7731483'	0
'7731485'	0
'7731505'	0
'7731507'	0
'7731513'	0
'7731515'	0
'7731531'	0
'7731533'	0
'7731535'	0
'7731547'	0
'7731583'	0
'7731625'	0
'7731633'	0
'7731645'	0
'7731647'	0
'7731649'	0
'7731651'	0
'7731653'	0
'7731689'	0
'7731691'	0
'7731697'	0
'7731709'	0
'7731711'	0
'7731731'	0
'7731747'	0
'7731749'	0
'7731769'	0
'7731771'	0
'7731779'	0
'7731783'	0
'7731789'	0
'7731797'	0
'7731805'	0
'7731829'	0
'7731835'	0
'7731837'	0
'7731841'	0
'7731867'	0
'7731871'	0
'7731879'	0
'7731901'	0
'7731907'	0
'7731909'	0
'7731925'	0
'7731927'	0
'7731953'	0
'7731989'	0
'7731991'	0
'7732057'	0
'7732073'	0
'7732079'	0
'7732095'	0
'7733183'	0
'7733187'	0
'7733191'	0
'7733193'	0
'7733199'	0
'7733201'	0
'7733203'	0
'7733205'	0
'7733207'	0
'7733209'	0
'7733361'	0
'7733363'	0
'7733365'	0
'7733373'	0
'7733397'	0
'7733405'	0
'7733407'	0
'7733409'	0
'7733427'	0
'7733429'	0
'7733455'	0
'7733457'	0
'7733459'	0
'7733471'	0
'7733477'	0
'7733481'	0
'7733489'	0
'7733557'	0
'7733563'	0
'7733571'	0
'7733587'	0
'7734093'	0
'7734361'	0
'7737483'	0
;

param point_effic_P : 'point' :=	
'NA'	0
;

param urban_effic_N : 'Biofiltration_w_Underdrain' 'Bioretention_Basin' 'Enhanced_Biofiltration_w_ISR' 'Extended_Dry_Detention_Basin' 'Grass_Swale_w_detention' 'Gravel_Wetland' 'Infiltration_Basin' 'Infiltration_Chamber' 'Infiltration_Trench' 'Porous_Pavement_w_subsurface_infiltration' 'Porous_Pavement_w_underdrain' 'Sand_Filter_w_underdrain' 'Wet_Pond' :=
'166162418'	0.327741413702585	0.327741413702585	0.745185777746699	0.135325992656172	0.135325992656172	0.666267724445322	0.990035691177431	0.990104872694054	0.990104872694054	0.990104872694054	0.759269406392694	0.327741413702585	0.327741413702585
'7731471'	0.327741413702585	0.327741413702585	0.745185777746699	0.135325992656172	0.135325992656172	0.666267724445322	0.990035691177431	0.990104872694054	0.990104872694054	0.990104872694054	0.759269406392694	0.327741413702585	0.327741413702585
'7731473'	0.327741413702585	0.327741413702585	0.745185777746699	0.135325992656172	0.135325992656172	0.666267724445322	0.990035691177431	0.990104872694054	0.990104872694054	0.990104872694054	0.759269406392694	0.327741413702585	0.327741413702585
'7731483'	0.327741413702585	0.327741413702585	0.745185777746699	0.135325992656172	0.135325992656172	0.666267724445322	0.990035691177431	0.990104872694054	0.990104872694054	0.990104872694054	0.759269406392694	0.327741413702585	0.327741413702585
'7731485'	0.327741413702585	0.327741413702585	0.745185777746699	0.135325992656172	0.135325992656172	0.666267724445322	0.990035691177431	0.990104872694054	0.990104872694054	0.990104872694054	0.759269406392694	0.327741413702585	0.327741413702585
'7731505'	0.327741413702585	0.327741413702585	0.745185777746699	0.135325992656172	0.135325992656172	0.666267724445322	0.990035691177431	0.990104872694054	0.990104872694054	0.990104872694054	0.759269406392694	0.327741413702585	0.327741413702585
'7731507'	0.327741413702585	0.327741413702585	0.745185777746699	0.135325992656172	0.135325992656172	0.666267724445322	0.990035691177431	0.990104872694054	0.990104872694054	0.990104872694054	0.759269406392694	0.327741413702585	0.327741413702585
'7731513'	0.327741413702585	0.327741413702585	0.745185777746699	0.135325992656172	0.135325992656172	0.666267724445322	0.990035691177431	0.990104872694054	0.990104872694054	0.990104872694054	0.759269406392694	0.327741413702585	0.327741413702585
'7731515'	0.327741413702585	0.327741413702585	0.745185777746699	0.135325992656172	0.135325992656172	0.666267724445322	0.990035691177431	0.990104872694054	0.990104872694054	0.990104872694054	0.759269406392694	0.327741413702585	0.327741413702585
'7731531'	0.327741413702585	0.327741413702585	0.745185777746699	0.135325992656172	0.135325992656172	0.666267724445322	0.990035691177431	0.990104872694054	0.990104872694054	0.990104872694054	0.759269406392694	0.327741413702585	0.327741413702585
'7731533'	0.327741413702585	0.327741413702585	0.745185777746699	0.135325992656172	0.135325992656172	0.666267724445322	0.990035691177431	0.990104872694054	0.990104872694054	0.990104872694054	0.759269406392694	0.327741413702585	0.327741413702585
'7731535'	0.327741413702585	0.327741413702585	0.745185777746699	0.135325992656172	0.135325992656172	0.666267724445322	0.990035691177431	0.990104872694054	0.990104872694054	0.990104872694054	0.759269406392694	0.327741413702585	0.327741413702585
'7731547'	0.327741413702585	0.327741413702585	0.745185777746699	0.135325992656172	0.135325992656172	0.666267724445322	0.990035691177431	0.990104872694054	0.990104872694054	0.990104872694054	0.759269406392694	0.327741413702585	0.327741413702585
'7731583'	0.327741413702585	0.327741413702585	0.745185777746699	0.135325992656172	0.135325992656172	0.666267724445322	0.990035691177431	0.990104872694054	0.990104872694054	0.990104872694054	0.759269406392694	0.327741413702585	0.327741413702585
'7731625'	0.327741413702585	0.327741413702585	0.745185777746699	0.135325992656172	0.135325992656172	0.666267724445322	0.990035691177431	0.990104872694054	0.990104872694054	0.990104872694054	0.759269406392694	0.327741413702585	0.327741413702585
'7731633'	0.327741413702585	0.327741413702585	0.745185777746699	0.135325992656172	0.135325992656172	0.666267724445322	0.990035691177431	0.990104872694054	0.990104872694054	0.990104872694054	0.759269406392694	0.327741413702585	0.327741413702585
'7731645'	0.327741413702585	0.327741413702585	0.745185777746699	0.135325992656172	0.135325992656172	0.666267724445322	0.990035691177431	0.990104872694054	0.990104872694054	0.990104872694054	0.759269406392694	0.327741413702585	0.327741413702585
'7731647'	0.327741413702585	0.327741413702585	0.745185777746699	0.135325992656172	0.135325992656172	0.666267724445322	0.990035691177431	0.990104872694054	0.990104872694054	0.990104872694054	0.759269406392694	0.327741413702585	0.327741413702585
'7731649'	0.327741413702585	0.327741413702585	0.745185777746699	0.135325992656172	0.135325992656172	0.666267724445322	0.990035691177431	0.990104872694054	0.990104872694054	0.990104872694054	0.759269406392694	0.327741413702585	0.327741413702585
'7731651'	0.327741413702585	0.327741413702585	0.745185777746699	0.135325992656172	0.135325992656172	0.666267724445322	0.990035691177431	0.990104872694054	0.990104872694054	0.990104872694054	0.759269406392694	0.327741413702585	0.327741413702585
'7731653'	0.327741413702585	0.327741413702585	0.745185777746699	0.135325992656172	0.135325992656172	0.666267724445322	0.990035691177431	0.990104872694054	0.990104872694054	0.990104872694054	0.759269406392694	0.327741413702585	0.327741413702585
'7731689'	0.327741413702585	0.327741413702585	0.745185777746699	0.135325992656172	0.135325992656172	0.666267724445322	0.990035691177431	0.990104872694054	0.990104872694054	0.990104872694054	0.759269406392694	0.327741413702585	0.327741413702585
'7731691'	0.327741413702585	0.327741413702585	0.745185777746699	0.135325992656172	0.135325992656172	0.666267724445322	0.990035691177431	0.990104872694054	0.990104872694054	0.990104872694054	0.759269406392694	0.327741413702585	0.327741413702585
'7731697'	0.327741413702585	0.327741413702585	0.745185777746699	0.135325992656172	0.135325992656172	0.666267724445322	0.990035691177431	0.990104872694054	0.990104872694054	0.990104872694054	0.759269406392694	0.327741413702585	0.327741413702585
'7731709'	0.327741413702585	0.327741413702585	0.745185777746699	0.135325992656172	0.135325992656172	0.666267724445322	0.990035691177431	0.990104872694054	0.990104872694054	0.990104872694054	0.759269406392694	0.327741413702585	0.327741413702585
'7731711'	0.327741413702585	0.327741413702585	0.745185777746699	0.135325992656172	0.135325992656172	0.666267724445322	0.990035691177431	0.990104872694054	0.990104872694054	0.990104872694054	0.759269406392694	0.327741413702585	0.327741413702585
'7731731'	0.327741413702585	0.327741413702585	0.745185777746699	0.135325992656172	0.135325992656172	0.666267724445322	0.990035691177431	0.990104872694054	0.990104872694054	0.990104872694054	0.759269406392694	0.327741413702585	0.327741413702585
'7731747'	0.327741413702585	0.327741413702585	0.745185777746699	0.135325992656172	0.135325992656172	0.666267724445322	0.990035691177431	0.990104872694054	0.990104872694054	0.990104872694054	0.759269406392694	0.327741413702585	0.327741413702585
'7731749'	0.327741413702585	0.327741413702585	0.745185777746699	0.135325992656172	0.135325992656172	0.666267724445322	0.990035691177431	0.990104872694054	0.990104872694054	0.990104872694054	0.759269406392694	0.327741413702585	0.327741413702585
'7731769'	0.327741413702585	0.327741413702585	0.745185777746699	0.135325992656172	0.135325992656172	0.666267724445322	0.990035691177431	0.990104872694054	0.990104872694054	0.990104872694054	0.759269406392694	0.327741413702585	0.327741413702585
'7731771'	0.327741413702585	0.327741413702585	0.745185777746699	0.135325992656172	0.135325992656172	0.666267724445322	0.990035691177431	0.990104872694054	0.990104872694054	0.990104872694054	0.759269406392694	0.327741413702585	0.327741413702585
'7731779'	0.327741413702585	0.327741413702585	0.745185777746699	0.135325992656172	0.135325992656172	0.666267724445322	0.990035691177431	0.990104872694054	0.990104872694054	0.990104872694054	0.759269406392694	0.327741413702585	0.327741413702585
'7731783'	0.327741413702585	0.327741413702585	0.745185777746699	0.135325992656172	0.135325992656172	0.666267724445322	0.990035691177431	0.990104872694054	0.990104872694054	0.990104872694054	0.759269406392694	0.327741413702585	0.327741413702585
'7731789'	0.327741413702585	0.327741413702585	0.745185777746699	0.135325992656172	0.135325992656172	0.666267724445322	0.990035691177431	0.990104872694054	0.990104872694054	0.990104872694054	0.759269406392694	0.327741413702585	0.327741413702585
'7731797'	0.327741413702585	0.327741413702585	0.745185777746699	0.135325992656172	0.135325992656172	0.666267724445322	0.990035691177431	0.990104872694054	0.990104872694054	0.990104872694054	0.759269406392694	0.327741413702585	0.327741413702585
'7731805'	0.327741413702585	0.327741413702585	0.745185777746699	0.135325992656172	0.135325992656172	0.666267724445322	0.990035691177431	0.990104872694054	0.990104872694054	0.990104872694054	0.759269406392694	0.327741413702585	0.327741413702585
'7731829'	0.327741413702585	0.327741413702585	0.745185777746699	0.135325992656172	0.135325992656172	0.666267724445322	0.990035691177431	0.990104872694054	0.990104872694054	0.990104872694054	0.759269406392694	0.327741413702585	0.327741413702585
'7731835'	0.327741413702585	0.327741413702585	0.745185777746699	0.135325992656172	0.135325992656172	0.666267724445322	0.990035691177431	0.990104872694054	0.990104872694054	0.990104872694054	0.759269406392694	0.327741413702585	0.327741413702585
'7731837'	0.327741413702585	0.327741413702585	0.745185777746699	0.135325992656172	0.135325992656172	0.666267724445322	0.990035691177431	0.990104872694054	0.990104872694054	0.990104872694054	0.759269406392694	0.327741413702585	0.327741413702585
'7731841'	0.327741413702585	0.327741413702585	0.745185777746699	0.135325992656172	0.135325992656172	0.666267724445322	0.990035691177431	0.990104872694054	0.990104872694054	0.990104872694054	0.759269406392694	0.327741413702585	0.327741413702585
'7731867'	0.327741413702585	0.327741413702585	0.745185777746699	0.135325992656172	0.135325992656172	0.666267724445322	0.990035691177431	0.990104872694054	0.990104872694054	0.990104872694054	0.759269406392694	0.327741413702585	0.327741413702585
'7731871'	0.327741413702585	0.327741413702585	0.745185777746699	0.135325992656172	0.135325992656172	0.666267724445322	0.990035691177431	0.990104872694054	0.990104872694054	0.990104872694054	0.759269406392694	0.327741413702585	0.327741413702585
'7731879'	0.327741413702585	0.327741413702585	0.745185777746699	0.135325992656172	0.135325992656172	0.666267724445322	0.990035691177431	0.990104872694054	0.990104872694054	0.990104872694054	0.759269406392694	0.327741413702585	0.327741413702585
'7731901'	0.327741413702585	0.327741413702585	0.745185777746699	0.135325992656172	0.135325992656172	0.666267724445322	0.990035691177431	0.990104872694054	0.990104872694054	0.990104872694054	0.759269406392694	0.327741413702585	0.327741413702585
'7731907'	0.327741413702585	0.327741413702585	0.745185777746699	0.135325992656172	0.135325992656172	0.666267724445322	0.990035691177431	0.990104872694054	0.990104872694054	0.990104872694054	0.759269406392694	0.327741413702585	0.327741413702585
'7731909'	0.327741413702585	0.327741413702585	0.745185777746699	0.135325992656172	0.135325992656172	0.666267724445322	0.990035691177431	0.990104872694054	0.990104872694054	0.990104872694054	0.759269406392694	0.327741413702585	0.327741413702585
'7731925'	0.327741413702585	0.327741413702585	0.745185777746699	0.135325992656172	0.135325992656172	0.666267724445322	0.990035691177431	0.990104872694054	0.990104872694054	0.990104872694054	0.759269406392694	0.327741413702585	0.327741413702585
'7731927'	0.327741413702585	0.327741413702585	0.745185777746699	0.135325992656172	0.135325992656172	0.666267724445322	0.990035691177431	0.990104872694054	0.990104872694054	0.990104872694054	0.759269406392694	0.327741413702585	0.327741413702585
'7731953'	0.327741413702585	0.327741413702585	0.745185777746699	0.135325992656172	0.135325992656172	0.666267724445322	0.990035691177431	0.990104872694054	0.990104872694054	0.990104872694054	0.759269406392694	0.327741413702585	0.327741413702585
'7731989'	0.327741413702585	0.327741413702585	0.745185777746699	0.135325992656172	0.135325992656172	0.666267724445322	0.990035691177431	0.990104872694054	0.990104872694054	0.990104872694054	0.759269406392694	0.327741413702585	0.327741413702585
'7731991'	0.327741413702585	0.327741413702585	0.745185777746699	0.135325992656172	0.135325992656172	0.666267724445322	0.990035691177431	0.990104872694054	0.990104872694054	0.990104872694054	0.759269406392694	0.327741413702585	0.327741413702585
'7732057'	0.327741413702585	0.327741413702585	0.745185777746699	0.135325992656172	0.135325992656172	0.666267724445322	0.990035691177431	0.990104872694054	0.990104872694054	0.990104872694054	0.759269406392694	0.327741413702585	0.327741413702585
'7732073'	0.327741413702585	0.327741413702585	0.745185777746699	0.135325992656172	0.135325992656172	0.666267724445322	0.990035691177431	0.990104872694054	0.990104872694054	0.990104872694054	0.759269406392694	0.327741413702585	0.327741413702585
'7732079'	0.327741413702585	0.327741413702585	0.745185777746699	0.135325992656172	0.135325992656172	0.666267724445322	0.990035691177431	0.990104872694054	0.990104872694054	0.990104872694054	0.759269406392694	0.327741413702585	0.327741413702585
'7732095'	0.327741413702585	0.327741413702585	0.745185777746699	0.135325992656172	0.135325992656172	0.666267724445322	0.990035691177431	0.990104872694054	0.990104872694054	0.990104872694054	0.759269406392694	0.327741413702585	0.327741413702585
'7733183'	0.327741413702585	0.327741413702585	0.745185777746699	0.135325992656172	0.135325992656172	0.666267724445322	0.990035691177431	0.990104872694054	0.990104872694054	0.990104872694054	0.759269406392694	0.327741413702585	0.327741413702585
'7733187'	0.327741413702585	0.327741413702585	0.745185777746699	0.135325992656172	0.135325992656172	0.666267724445322	0.990035691177431	0.990104872694054	0.990104872694054	0.990104872694054	0.759269406392694	0.327741413702585	0.327741413702585
'7733191'	0.327741413702585	0.327741413702585	0.745185777746699	0.135325992656172	0.135325992656172	0.666267724445322	0.990035691177431	0.990104872694054	0.990104872694054	0.990104872694054	0.759269406392694	0.327741413702585	0.327741413702585
'7733193'	0.327741413702585	0.327741413702585	0.745185777746699	0.135325992656172	0.135325992656172	0.666267724445322	0.990035691177431	0.990104872694054	0.990104872694054	0.990104872694054	0.759269406392694	0.327741413702585	0.327741413702585
'7733199'	0.327741413702585	0.327741413702585	0.745185777746699	0.135325992656172	0.135325992656172	0.666267724445322	0.990035691177431	0.990104872694054	0.990104872694054	0.990104872694054	0.759269406392694	0.327741413702585	0.327741413702585
'7733201'	0.327741413702585	0.327741413702585	0.745185777746699	0.135325992656172	0.135325992656172	0.666267724445322	0.990035691177431	0.990104872694054	0.990104872694054	0.990104872694054	0.759269406392694	0.327741413702585	0.327741413702585
'7733203'	0.327741413702585	0.327741413702585	0.745185777746699	0.135325992656172	0.135325992656172	0.666267724445322	0.990035691177431	0.990104872694054	0.990104872694054	0.990104872694054	0.759269406392694	0.327741413702585	0.327741413702585
'7733205'	0.327741413702585	0.327741413702585	0.745185777746699	0.135325992656172	0.135325992656172	0.666267724445322	0.990035691177431	0.990104872694054	0.990104872694054	0.990104872694054	0.759269406392694	0.327741413702585	0.327741413702585
'7733207'	0.327741413702585	0.327741413702585	0.745185777746699	0.135325992656172	0.135325992656172	0.666267724445322	0.990035691177431	0.990104872694054	0.990104872694054	0.990104872694054	0.759269406392694	0.327741413702585	0.327741413702585
'7733209'	0.327741413702585	0.327741413702585	0.745185777746699	0.135325992656172	0.135325992656172	0.666267724445322	0.990035691177431	0.990104872694054	0.990104872694054	0.990104872694054	0.759269406392694	0.327741413702585	0.327741413702585
'7733361'	0.327741413702585	0.327741413702585	0.745185777746699	0.135325992656172	0.135325992656172	0.666267724445322	0.990035691177431	0.990104872694054	0.990104872694054	0.990104872694054	0.759269406392694	0.327741413702585	0.327741413702585
'7733363'	0.327741413702585	0.327741413702585	0.745185777746699	0.135325992656172	0.135325992656172	0.666267724445322	0.990035691177431	0.990104872694054	0.990104872694054	0.990104872694054	0.759269406392694	0.327741413702585	0.327741413702585
'7733365'	0.327741413702585	0.327741413702585	0.745185777746699	0.135325992656172	0.135325992656172	0.666267724445322	0.990035691177431	0.990104872694054	0.990104872694054	0.990104872694054	0.759269406392694	0.327741413702585	0.327741413702585
'7733373'	0.327741413702585	0.327741413702585	0.745185777746699	0.135325992656172	0.135325992656172	0.666267724445322	0.990035691177431	0.990104872694054	0.990104872694054	0.990104872694054	0.759269406392694	0.327741413702585	0.327741413702585
'7733397'	0.327741413702585	0.327741413702585	0.745185777746699	0.135325992656172	0.135325992656172	0.666267724445322	0.990035691177431	0.990104872694054	0.990104872694054	0.990104872694054	0.759269406392694	0.327741413702585	0.327741413702585
'7733405'	0.327741413702585	0.327741413702585	0.745185777746699	0.135325992656172	0.135325992656172	0.666267724445322	0.990035691177431	0.990104872694054	0.990104872694054	0.990104872694054	0.759269406392694	0.327741413702585	0.327741413702585
'7733407'	0.327741413702585	0.327741413702585	0.745185777746699	0.135325992656172	0.135325992656172	0.666267724445322	0.990035691177431	0.990104872694054	0.990104872694054	0.990104872694054	0.759269406392694	0.327741413702585	0.327741413702585
'7733409'	0.327741413702585	0.327741413702585	0.745185777746699	0.135325992656172	0.135325992656172	0.666267724445322	0.990035691177431	0.990104872694054	0.990104872694054	0.990104872694054	0.759269406392694	0.327741413702585	0.327741413702585
'7733427'	0.327741413702585	0.327741413702585	0.745185777746699	0.135325992656172	0.135325992656172	0.666267724445322	0.990035691177431	0.990104872694054	0.990104872694054	0.990104872694054	0.759269406392694	0.327741413702585	0.327741413702585
'7733429'	0.327741413702585	0.327741413702585	0.745185777746699	0.135325992656172	0.135325992656172	0.666267724445322	0.990035691177431	0.990104872694054	0.990104872694054	0.990104872694054	0.759269406392694	0.327741413702585	0.327741413702585
'7733455'	0.327741413702585	0.327741413702585	0.745185777746699	0.135325992656172	0.135325992656172	0.666267724445322	0.990035691177431	0.990104872694054	0.990104872694054	0.990104872694054	0.759269406392694	0.327741413702585	0.327741413702585
'7733457'	0.327741413702585	0.327741413702585	0.745185777746699	0.135325992656172	0.135325992656172	0.666267724445322	0.990035691177431	0.990104872694054	0.990104872694054	0.990104872694054	0.759269406392694	0.327741413702585	0.327741413702585
'7733459'	0.327741413702585	0.327741413702585	0.745185777746699	0.135325992656172	0.135325992656172	0.666267724445322	0.990035691177431	0.990104872694054	0.990104872694054	0.990104872694054	0.759269406392694	0.327741413702585	0.327741413702585
'7733471'	0.327741413702585	0.327741413702585	0.745185777746699	0.135325992656172	0.135325992656172	0.666267724445322	0.990035691177431	0.990104872694054	0.990104872694054	0.990104872694054	0.759269406392694	0.327741413702585	0.327741413702585
'7733477'	0.327741413702585	0.327741413702585	0.745185777746699	0.135325992656172	0.135325992656172	0.666267724445322	0.990035691177431	0.990104872694054	0.990104872694054	0.990104872694054	0.759269406392694	0.327741413702585	0.327741413702585
'7733481'	0.327741413702585	0.327741413702585	0.745185777746699	0.135325992656172	0.135325992656172	0.666267724445322	0.990035691177431	0.990104872694054	0.990104872694054	0.990104872694054	0.759269406392694	0.327741413702585	0.327741413702585
'7733489'	0.327741413702585	0.327741413702585	0.745185777746699	0.135325992656172	0.135325992656172	0.666267724445322	0.990035691177431	0.990104872694054	0.990104872694054	0.990104872694054	0.759269406392694	0.327741413702585	0.327741413702585
'7733557'	0.327741413702585	0.327741413702585	0.745185777746699	0.135325992656172	0.135325992656172	0.666267724445322	0.990035691177431	0.990104872694054	0.990104872694054	0.990104872694054	0.759269406392694	0.327741413702585	0.327741413702585
'7733563'	0.327741413702585	0.327741413702585	0.745185777746699	0.135325992656172	0.135325992656172	0.666267724445322	0.990035691177431	0.990104872694054	0.990104872694054	0.990104872694054	0.759269406392694	0.327741413702585	0.327741413702585
'7733571'	0.327741413702585	0.327741413702585	0.745185777746699	0.135325992656172	0.135325992656172	0.666267724445322	0.990035691177431	0.990104872694054	0.990104872694054	0.990104872694054	0.759269406392694	0.327741413702585	0.327741413702585
'7733587'	0.327741413702585	0.327741413702585	0.745185777746699	0.135325992656172	0.135325992656172	0.666267724445322	0.990035691177431	0.990104872694054	0.990104872694054	0.990104872694054	0.759269406392694	0.327741413702585	0.327741413702585
'7734093'	0.327741413702585	0.327741413702585	0.745185777746699	0.135325992656172	0.135325992656172	0.666267724445322	0.990035691177431	0.990104872694054	0.990104872694054	0.990104872694054	0.759269406392694	0.327741413702585	0.327741413702585
'7734361'	0.327741413702585	0.327741413702585	0.745185777746699	0.135325992656172	0.135325992656172	0.666267724445322	0.990035691177431	0.990104872694054	0.990104872694054	0.990104872694054	0.759269406392694	0.327741413702585	0.327741413702585
'7737483'	0.327741413702585	0.327741413702585	0.745185777746699	0.135325992656172	0.135325992656172	0.666267724445322	0.990035691177431	0.990104872694054	0.990104872694054	0.990104872694054	0.759269406392694	0.327741413702585	0.327741413702585
;

param urban_effic_P : 'Biofiltration_w_Underdrain' 'Bioretention_Basin' 'Enhanced_Biofiltration_w_ISR' 'Extended_Dry_Detention_Basin' 'Grass_Swale_w_detention' 'Gravel_Wetland' 'Infiltration_Basin' 'Infiltration_Chamber' 'Infiltration_Trench' 'Porous_Pavement_w_subsurface_infiltration' 'Porous_Pavement_w_underdrain' 'Sand_Filter_w_underdrain' 'Wet_Pond' :=;

param riparianremoval_N1 : 'Grassed_Buffer' 'Forested_Buffer':=
'166162418'	1	1	0.00217902595172739	0.00266753070985665
'166162418'	2	1	0.00190138207529685	0.00232764326326842
'166162418'	3	1	0.00163488251196266	0.00200139851671375
'166162418'	4	1	0.00183935503231731	0.00225171069263595
'7731471'	1	1	0.0000102069288245521	0.0000124951683440162
'7731471'	2	1	0.00000181988796396601	0.00000222787940112847
'7731471'	3	1	0.000000480999592544992	0.000000588832447601259
'7731471'	4	1	0.00000380758857344612	0.00000466119251223928
'7731473'	1	1	0.000781847947869027	0.00108313462825906
'7731473'	2	1	0.000383304337534822	0.000531011435506654
'7731473'	3	1	0.000190901415199553	0.000264465659787002
'7731473'	4	1	0.000381538578212393	0.000528565237275263
'7731483'	1	1	0.000475200151087742	0.000658319485777165
'7731483'	2	1	0.000252695524969495	0.000350072254134011
'7731483'	3	1	0.000131725295980268	0.000182485903918754
'7731483'	4	1	0.000240995922796448	0.000333864186714993
'7731485'	1	1	0.000203608845857135	0.000282069924425596
'7731485'	2	1	0.000115999765380185	0.000160700508450081
'7731485'	3	1	0.0000582563629883812	0.0000807055697225099
'7731485'	4	1	0.000108008988854804	0.000149630470107063
'7731505'	1	1	0.000416752875270998	0.000577349434583619
'7731505'	2	1	0.0002375571924099	0.000329100334652622
'7731505'	3	1	0.000126774830853939	0.000175627767091855
'7731505'	4	1	0.000219743849976832	0.000304422584858841
'7731507'	1	1	0.000113205575621128	0.000156829572043314
'7731507'	2	1	0.0000661619763972022	0.0000916576271705875
'7731507'	3	1	0.0000286954757620553	0.0000397533351043049
'7731507'	4	1	0.0000617373533586359	0.000085527966738369
'7731513'	1	1	0.0000686143696309655	0.000083996676580635
'7731513'	2	1	0.0000411490760002835	0.0000503740783013465
'7731513'	3	1	0.0000179321333493139	0.0000219522472252427
'7731513'	4	1	0.0000378505257855786	0.0000463360428714543
'7731515'	1	1	0.0000503413228935666	0.0000616270883267565
'7731515'	2	1	0.0000296637898459968	0.0000363139641922125
'7731515'	3	1	0.0000128281140953067	0.0000157039838243544
'7731515'	4	1	0.000027285336315091	0.0000334022972473427
'7731531'	1	1	0	0
'7731531'	2	1	0	0
'7731531'	3	1	0	0
'7731531'	4	1	0	0
'7731533'	1	1	0.0000169809381169024	0.0000207878083659829
'7731533'	2	1	0.000010329831382382	0.0000126456238019106
'7731533'	3	1	0.0000045474055189983	0.00000556686526036251
'7731533'	4	1	0.00000950751800773597	0.0000116389601693572
'7731535'	1	1	0.000221486937389235	0.000306837374514045
'7731535'	2	1	0.00012804318303856	0.000177384881343718
'7731535'	3	1	0.0000564104623475072	0.0000781483475543049
'7731535'	4	1	0.000121867088045739	0.000168828815714367
'7731547'	1	1	0.0020068518771152	0.00245675780414386
'7731547'	2	1	0.00123261379952696	0.00150894722526123
'7731547'	3	1	0.000350922852184287	0.000429594463640964
'7731547'	4	1	0.00113514268481811	0.00138962455652307
'7731583'	1	1	0.000144460628401976	0.000200128822322439
'7731583'	2	1	0.0000666197890617952	0.000092291858866952
'7731583'	3	1	0.0000285724987563281	0.0000395829686618966
'7731583'	4	1	0.0000724615623923893	0.000100384771308626
'7731625'	1	1	0.000582189795197739	0.000806537804590304
'7731625'	2	1	0.000352692204452131	0.00048860285532542
'7731625'	3	1	0.000207800705620732	0.000287877125786338
'7731625'	4	1	0.00034598260081268	0.000479307692418629
'7731633'	1	1	0.000351295699370488	0.000486668204199725
'7731633'	2	1	0.000144620985340083	0.000200350973129407
'7731633'	3	1	0.0000770629802281966	0.00010675935476905
'7731633'	4	1	0.000180636292877768	0.000250244851917205
'7731645'	1	1	0.00164895500295182	0.00201862584796605
'7731645'	2	1	0.00111797525790903	0.00136860845139
'7731645'	3	1	0.000705718224420423	0.000863929607930847
'7731645'	4	1	0.00105439249149048	0.00129077138758419
'7731647'	1	1	0.000535583355878074	0.000741971480070846
'7731647'	2	1	0.000370048782601529	0.000512647825799457
'7731647'	3	1	0.000234417090991256	0.000324750188832007
'7731647'	4	1	0.000345764126628227	0.00047900502876746
'7731649'	1	1	0.0000810150351503628	0.000112234342010043
'7731649'	2	1	0.000037990682363098	0.0000526304682781559
'7731649'	3	1	0.0000148608274645885	0.0000205874772394689
'7731649'	4	1	0.0000438078790918141	0.0000606893334749514
'7731651'	1	1	0.00275836476098197	0.00337674854357418
'7731651'	2	1	0.00191619746723738	0.00234578004266225
'7731651'	3	1	0.00121665999504174	0.00148941681839773
'7731651'	4	1	0.00179081879346594	0.00219229336097254
'7731653'	1	1	0.00159585510626605	0.00195362175520286
'7731653'	2	1	0.00102752453454412	0.00125788003986587
'7731653'	3	1	0.000303341713507637	0.0003713463512083
'7731653'	4	1	0.000957959005726026	0.00117271896855206
'7731689'	1	1	0.000899274882772336	0.00110087875020318
'7731689'	2	1	0.000594515360606212	0.000727796739016064
'7731689'	3	1	0.000314707805911401	0.000385260550125514
'7731689'	4	1	0.000571522108812344	0.00069964874691391
'7731691'	1	1	0.00291367019685514	0.00356687111612589
'7731691'	2	1	0.0015298832918398	0.00187286005485345
'7731691'	3	1	0.000455983482331292	0.00055820810272675
'7731691'	4	1	0.00190995500362925	0.00233813811285107
'7731697'	1	1	0.00118394308092962	0.00144936526552079
'7731697'	2	1	0.000834650574731467	0.00102176664685003
'7731697'	3	1	0.000552589804816467	0.000676472105865966
'7731697'	4	1	0.000800795733196989	0.00098032206038287
'7731709'	1	1	0.00221549804479861	0.00271217929618629
'7731709'	2	1	0.00166648771419936	0.00204008912867769
'7731709'	3	1	0.00112170269124876	0.00137317151907388
'7731709'	4	1	0.00156459094136745	0.00191534863600529
'7731711'	1	1	0.00186349419623314	0.00228126149307717
'7731711'	2	1	0.00140171199464391	0.00171595468568097
'7731711'	3	1	0.000943483773298097	0.00115499860730386
'7731711'	4	1	0.00131600483492289	0.00161103327323558
'7731731'	1	1	0.0026973772669606	0.00330208857309965
'7731731'	2	1	0.00199589786177796	0.00244334806375726
'7731731'	3	1	0.0013336403143183	0.00163262236116406
'7731731'	4	1	0.00187255733757379	0.00229235645403199
'7731747'	1	1	0.00185762046955492	0.00227407096545494
'7731747'	2	1	0.00143222575239795	0.00175330916776848
'7731747'	3	1	0.00058677592480633	0.000718322238422447
'7731747'	4	1	0.00134788523033321	0.00165006077253267
'7731749'	1	1	0.0000589126246168796	0.0000721199466390953
'7731749'	2	1	0.000024006656427894	0.0000293885867727363
'7731749'	3	1	0.0000137438177531424	0.0000168249744332403
'7731749'	4	1	0.000033111479861293	0.0000405345743169236
'7731769'	1	1	0.000641670263347491	0.000888939190861959
'7731769'	2	1	0.000413561622407941	0.000572928426006531
'7731769'	3	1	0.000134544284749362	0.000186391195683989
'7731769'	4	1	0.000374902211791317	0.000519371533696359
'7731771'	1	1	0.00182464834272852	0.00223370698502185
'7731771'	2	1	0.000658265256746093	0.000805838400506371
'7731771'	3	1	0.000117942667476582	0.000144383634920358
'7731771'	4	1	0.00105971969799277	0.00129729287344871
'7731779'	1	1	0.00198768330684512	0.00243329192948598
'7731779'	2	1	0.00129642230977062	0.00158706064125346
'7731779'	3	1	0.000278050934300185	0.000340385760693717
'7731779'	4	1	0.00117160470716058	0.00143426081441845
'7731783'	1	1	0.0014877166555629	0.00182124029460653
'7731783'	2	1	0.00096952854012859	0.00118688221809625
'7731783'	3	1	0.000279086543262103	0.000341653537567658
'7731783'	4	1	0.000880185314858979	0.00107750958903903
'7731789'	1	1	0.00191708249162647	0.00234686347617299
'7731789'	2	1	0.00101889355763385	0.00124731412808957
'7731789'	3	1	0.000225452460431603	0.000275995502181739
'7731789'	4	1	0.000924746326550624	0.00113206050756091
'7731797'	1	1	0.00207887679440808	0.0025449296217403
'7731797'	2	1	0.0011093206660733	0.00135801363057808
'7731797'	3	1	0.00024707943121081	0.000302470913669598
'7731797'	4	1	0.00100896254682007	0.00123515673441342
'7731805'	1	1	0.00231246838654433	0.00283088892621477
'7731805'	2	1	0.00175938563781844	0.0021538133658486
'7731805'	3	1	0.00111350684688222	0.00136313828999572
'7731805'	4	1	0.00168661984956185	0.00206473458519089
'7731829'	1	1	0.000219786408119106	0.000269059206386244
'7731829'	2	1	0.000176178790261466	0.000215675418218539
'7731829'	3	1	0.000127006263661772	0.000155479152689006
'7731829'	4	1	0.000167862018066088	0.00020549415111593
'7731835'	1	1	0.00266298705068762	0.00325998858895119
'7731835'	2	1	0.00217675328637534	0.00266474854720503
'7731835'	3	1	0.00107502233165574	0.00131602612681143
'7731835'	4	1	0.00205721849775906	0.00251841586159502
'7731837'	1	1	0.000231639428246081	0.000283569494879225
'7731837'	2	1	0.000113824024173386	0.000139341653898741
'7731837'	3	1	0.0000542647570187011	0.0000664300972163932
'7731837'	4	1	0.000128445882975715	0.00015724151294332
'7731841'	1	1	0.00198618981330401	0.00243146361721521
'7731841'	2	1	0.00102149117565067	0.00125049409289304
'7731841'	3	1	0.000381504869128953	0.000467032507600278
'7731841'	4	1	0.00146009250410418	0.00178742322496977
'7731867'	1	1	0.00291706996278629	0.00357103305830949
'7731867'	2	1	0.00156572669366076	0.00191673900683534
'7731867'	3	1	0.000442210697070845	0.000541347666707905
'7731867'	4	1	0.00193001027748039	0.00236268947666116
'7731871'	1	1	0.00334090314529959	0.0040898832488335
'7731871'	2	1	0.00182835243239955	0.00223824147573855
'7731871'	3	1	0.000511047063733455	0.000625616108706909
'7731871'	4	1	0.00164099246501597	0.00200887822910202
'7731879'	1	1	0.00238486674895647	0.00291951790969457
'7731879'	2	1	0.00205442608351418	0.00251499743018674
'7731879'	3	1	0.00162601431519833	0.00199054220396945
'7731879'	4	1	0.00198474017706052	0.0024296889943868
'7731901'	1	1	0.00231351333687833	0.00283216813865554
'7731901'	2	1	0.00201873353230849	0.0024713031472532
'7731901'	3	1	0.00173578589506482	0.00212492291665955
'7731901'	4	1	0.00195287824135301	0.0023906840931795
'7731907'	1	1	0.00233359442086256	0.00285675109884134
'7731907'	2	1	0.00211388703457683	0.00258778862979185
'7731907'	3	1	0.0015712495013083	0.00192349994467216
'7731907'	4	1	0.00201023220218689	0.00246089594712048
'7731909'	1	1	0.00269086203127231	0.0032941127198214
'7731909'	2	1	0.00243751798036915	0.00298397275319643
'7731909'	3	1	0.00189838614369682	0.00232397568898305
'7731909'	4	1	0.00231799384612267	0.00283765311050528
'7731925'	1	1	0.0018587880097075	0.00227550025050293
'7731925'	2	1	0.00105578015291547	0.00129247014177438
'7731925'	3	1	0.000304686150939532	0.000372992191237978
'7731925'	4	1	0.000949901852148545	0.00116285552264637
'7731927'	1	1	0.00259080382361086	0.00317162297090467
'7731927'	2	1	0.00139435116267303	0.00170694366618538
'7731927'	3	1	0.00026261332523859	0.000321487272483459
'7731927'	4	1	0.00132398602624339	0.0016208037272918
'7731953'	1	1	0.00238748184949007	0.00292271927633144
'7731953'	2	1	0.00137585865981829	0.0016843054230621
'7731953'	3	1	0.000402605168741626	0.000492863176188396
'7731953'	4	1	0.00123969537122852	0.00151761637854644
'7731989'	1	1	0.00194388091148479	0.00237966969763678
'7731989'	2	1	0.00178136308126302	0.00218071782068819
'7731989'	3	1	0.00143206917812724	0.00175311749190746
'7731989'	4	1	0.00173638831039399	0.00212566038442095
'7731991'	1	1	0.00296994387503618	0.00363576050433419
'7731991'	2	1	0.00279409131551484	0.00342048445286808
'7731991'	3	1	0.00225455002916999	0.00275998614654019
'7731991'	4	1	0.0026663512099259	0.00326410694195834
'7732057'	1	1	0.0026587355496257	0.00325478396546487
'7732057'	2	1	0.00265725108295178	0.00325296670374879
'7732057'	3	1	0.00250174750819059	0.00306260157255835
'7732057'	4	1	0.00256185229378799	0.00313618094469171
'7732073'	1	1	0.00573907631758945	0.00718914416093988
'7732073'	2	1	0.00573587198704453	0.00718513020591438
'7732073'	3	1	0.00558792173631269	0.00699979799872651
'7732073'	4	1	0.00566380336488008	0.00709485231352382
'7732079'	1	1	0.00249259534747728	0.00305139763542995
'7732079'	2	1	0.00249033542453612	0.00304863107184557
'7732079'	3	1	0.00243686379430951	0.00298317190848752
'7732079'	4	1	0.00246568987911686	0.00301846036680421
'7732095'	1	1	0.00465490473769756	0.00583103958945188
'7732095'	2	1	0.00465490473769756	0.00583103958945188
'7732095'	3	1	0.00465490473769756	0.00583103958945188
'7732095'	4	1	0.00465490473769756	0.00583103958945188
'7733183'	1	1	0.000612894953853191	0.000849075257936003
'7733183'	2	1	0.00027414101573552	0.000379781807931526
'7733183'	3	1	0.000138510604486182	0.000191885944714674
'7733183'	4	1	0.000295909237588548	0.000409938457890003
'7733187'	1	1	0.000338861501502566	0.000414829140024541
'7733187'	2	1	0.000184077197858744	0.000225344529689195
'7733187'	3	1	0.0000615427966942417	0.0000753397636325593
'7733187'	4	1	0.000171097409058576	0.000209454867978441
'7733191'	1	1	0.000559371775711299	0.000774926815367381
'7733191'	2	1	0.000295155901142612	0.000408894821728335
'7733191'	3	1	0.00016857491615446	0.000233535599396814
'7733191'	4	1	0.000311790434533609	0.000431939506043013
'7733193'	1	1	0.00171990815306132	0.00210548562433912
'7733193'	2	1	0.00112675987502739	0.00137936244719211
'7733193'	3	1	0.000343450259971786	0.000420446628942953
'7733193'	4	1	0.00105074690549481	0.00128630851618462
'7733199'	1	1	0.00154234443506994	0.00188811479847867
'7733199'	2	1	0.0008197272759045	0.00100349776947308
'7733199'	3	1	0.000131154905983224	0.000160557858056379
'7733199'	4	1	0.000743983295886582	0.000910773131373017
'7733201'	1	1	0.00133998718276401	0.00185635394072573
'7733201'	2	1	0.00103467968986445	0.00143339559092412
'7733201'	3	1	0.00042326404330019	0.000586369694318332
'7733201'	4	1	0.00109370002909027	0.00151515953666486
'7733203'	1	1	0.00115862571386846	0.00160510446475268
'7733203'	2	1	0.000997478364852675	0.00138185866044141
'7733203'	3	1	0.000756931912238039	0.00104861714814746
'7733203'	4	1	0.000945672461096843	0.00131008924739999
'7733205'	1	1	0.00325183614976573	0.00398084877605318
'7733205'	2	1	0.00265645213761063	0.00325198864691044
'7733205'	3	1	0.00192179436731069	0.00235263168332938
'7733205'	4	1	0.0025083560027857	0.00307069159198395
'7733207'	1	1	0.0027035864360385	0.00330968974424901
'7733207'	2	1	0.00217194409823629	0.00265886121160894
'7733207'	3	1	0.00154893114426191	0.00189617814854229
'7733207'	4	1	0.00204899865619061	0.00250835325550416
'7733209'	1	1	0.00262651581679541	0.00321534105441555
'7733209'	2	1	0.00226259291222377	0.00276983212268597
'7733209'	3	1	0.00135939929495446	0.00166415611680707
'7733209'	4	1	0.00218584600987027	0.002675879722187
'7733361'	1	1	0.000750618832803808	0.000921135364958743
'7733361'	2	1	0.000482122904630288	0.000591645770534064
'7733361'	3	1	0.000247444082951392	0.000303655444941236
'7733361'	4	1	0.000446442976550011	0.000547860506778875
'7733363'	1	1	0.000865592698628188	0.00119915058728203
'7733363'	2	1	0.000478910925115942	0.00066346021404606
'7733363'	3	1	0.000238025552061153	0.000329749177638184
'7733363'	4	1	0.000474174055107996	0.000656897981646331
'7733365'	1	1	0.0000321025999888993	0.0000444734015097146
'7733365'	2	1	0.00000551029772964125	0.00000763370205071065
'7733365'	3	1	0.00000153105288899819	0.00000212104720142824
'7733365'	4	1	0.0000123909819235375	0.0000171658717479472
'7733373'	1	1	0.000241818962631014	0.000335004386606398
'7733373'	2	1	0.000165684606841867	0.000229531503573092
'7733373'	3	1	0.000104256452547929	0.000144431886381348
'7733373'	4	1	0.000154737051058556	0.000214365285133789
'7733397'	1	1	0.00194877286523453	0.00238565835364535
'7733397'	2	1	0.00134362568309513	0.00164484629903883
'7733397'	3	1	0.000847425629837422	0.00103740567665976
'7733397'	4	1	0.00125551543872343	0.00153698306660318
'7733405'	1	1	0.0033404999712931	0.00418452979787672
'7733405'	2	1	0.00239405231833318	0.00299894726832256
'7733405'	3	1	0.00139428691475273	0.00174657542035957
'7733405'	4	1	0.00224279764154539	0.00280947571989392
'7733407'	1	1	0.000427214037274707	0.00053515637910789
'7733407'	2	1	0.000176524333572781	0.000221125981210439
'7733407'	3	1	0.0000537841444793627	0.0000673735540072701
'7733407'	4	1	0.00021465173488622	0.000268886869784832
'7733409'	1	1	0.00564865947355021	0.00707588208000482
'7733409'	2	1	0.00420971321391327	0.00527336342928225
'7733409'	3	1	0.00280871379444509	0.00351837948437797
'7733409'	4	1	0.00395115487712267	0.00494947626446036
'7733427'	1	1	0.00177094376009797	0.00216796264484387
'7733427'	2	1	0.0011810519196659	0.00144582594950116
'7733427'	3	1	0.000424346059095921	0.000519478046302143
'7733427'	4	1	0.00107099614964095	0.00131109733550474
'7733429'	1	1	0.00159778481470965	0.00195598407517903
'7733429'	2	1	0.00106557128754979	0.00130445630114099
'7733429'	3	1	0.000382854444439183	0.000468684637343133
'7733429'	4	1	0.000966276526146796	0.00118290115162091
'7733455'	1	1	0.000368619823069748	0.000451258828524266
'7733455'	2	1	0.000301600379537077	0.000369214636421286
'7733455'	3	1	0.000217218049175955	0.000265915060099525
'7733455'	4	1	0.000284749219186161	0.000348585700039342
'7733457'	1	1	0.00180504956915257	0.00220971446196451
'7733457'	2	1	0.00086314176930308	0.00105664513759037
'7733457'	3	1	0.000173966165390893	0.000212966756218911
'7733457'	4	1	0.00116917782867721	0.00143128986637702
'7733459'	1	1	0.00664582879284767	0.00813572338746912
'7733459'	2	1	0.0054587063075466	0.00668246594306301
'7733459'	3	1	0.00261452693847968	0.00320066445037666
'7733459'	4	1	0.00515791436087105	0.00631424097795944
'7733471'	1	1	0.00412385477364455	0.00504836082515001
'7733471'	2	1	0.00342244446282258	0.00418970490008199
'7733471'	3	1	0.00279508439929046	0.00342170017105024
'7733471'	4	1	0.0032984578986889	0.00403792241801747
'7733477'	1	1	0.00419963347422204	0.0051411279676355
'7733477'	2	1	0.00162198969843402	0.00198561532881879
'7733477'	3	1	0.000433039477545517	0.000530120398069248
'7733477'	4	1	0.00248278112005137	0.00303938320621611
'7733481'	1	1	0.00180946612344112	0.00221512114112183
'7733481'	2	1	0.00131697967297376	0.00161222665527665
'7733481'	3	1	0.000198980106275544	0.000243588445433511
'7733481'	4	1	0.00125020313770117	0.00153047982780254
'7733489'	1	1	0.00178405521835659	0.00218401349432006
'7733489'	2	1	0.00150536947899063	0.00184285061483782
'7733489'	3	1	0.000644411138705497	0.000788878398124587
'7733489'	4	1	0.00145177658916794	0.00177724300731087
'7733557'	1	1	0.0111027243843128	0.0139080022221299
'7733557'	2	1	0.0101369854207739	0.0126982541291416
'7733557'	3	1	0.00386951737223699	0.00484721176071718
'7733557'	4	1	0.00987685988266019	0.0123724037849478
'7733563'	1	1	0.00421487522045931	0.00515978668352988
'7733563'	2	1	0.00399489661737763	0.00489049219496881
'7733563'	3	1	0.00367037886258394	0.00449322245335804
'7733563'	4	1	0.00392223199625121	0.00480153726158622
'7733571'	1	1	0.00163479105136955	0.00226476107347028
'7733571'	2	1	0.00160905297402543	0.00222910477621682
'7733571'	3	1	0.0014934492212223	0.00206895288458744
'7733571'	4	1	0.00154906804078625	0.00214600452821816
'7733587'	1	1	0.00431228732150084	0.0054018544974994
'7733587'	2	1	0.00431228732150084	0.0054018544974994
'7733587'	3	1	0.00425166190899682	0.00532591112156414
'7733587'	4	1	0.00427789057729526	0.00535876687519282
'7734093'	1	1	0.000951272562323632	0.00131784735890622
'7734093'	2	1	0.000518770139541798	0.000718679256978279
'7734093'	3	1	0.0000838855389069102	0.000116211000166835
'7734093'	4	1	0.00047944350632683	0.000664198026498526
'7734361'	1	1	0.00500313752761495	0.00626725886756281
'7734361'	2	1	0.00485585706387788	0.00608276567958224
'7734361'	3	1	0.00460119678852596	0.00576376148269458
'7734361'	4	1	0.00478353834772053	0.00599217450302029
'7737483'	1	1	0	0
'7737483'	2	1	0	0
'7737483'	3	1	0	0
'7737483'	4	1	0	0
;

param riparianremoval_P1 : 'Grassed_Buffer' 'Forested_Buffer' :=
;

param runoff_coeff_urban : 'urban' :=
'166162418'	0.50234
'7731471'	0.11381
'7731473'	0.17033
'7731483'	0.28148
'7731485'	0.14495
'7731505'	0.17591
'7731507'	0.16817
'7731513'	0.09689
'7731515'	0.09833
'7731531'	0.131
'7731533'	0.12488
'7731535'	0.16925
'7731547'	0.1778
'7731583'	0.12641
'7731625'	0.19157
'7731633'	0.20588
'7731645'	0.33476
'7731647'	0.35771
'7731649'	0.10328
'7731651'	0.43124
'7731653'	0.16736
'7731689'	0.22595
'7731691'	0.22703
'7731697'	0.24989
'7731709'	0.25853
'7731711'	0.2372
'7731731'	0.32504
'7731747'	0.20138
'7731749'	0.20867
'7731769'	0.18005
'7731771'	0.17429
'7731779'	0.20867
'7731783'	0.22037
'7731789'	0.31073
'7731797'	0.24971
'7731805'	0.34772
'7731829'	0.2192
'7731835'	0.26006
'7731837'	0.12704
'7731841'	0.185
'7731867'	0.23972
'7731871'	0.34115
'7731879'	0.30614
'7731901'	0.37931
'7731907'	0.29948
'7731909'	0.32909
'7731925'	0.36554
'7731927'	0.311
'7731953'	0.46373
'7731989'	0.5729
'7731991'	0.37616
'7732057'	0.67424
'7732073'	0.78962
'7732079'	0.57587
'7732095'	0.77981
'7733183'	0.16025
'7733187'	0.10922
'7733191'	0.15071
'7733193'	0.19292
'7733199'	0.2264
'7733201'	0.1598
'7733203'	0.34385
'7733205'	0.40172
'7733207'	0.33503
'7733209'	0.33827
'7733361'	0.12092
'7733363'	0.12857
'7733365'	0.08987
'7733373'	0.30011
'7733397'	0.26258
'7733405'	0.20156
'7733407'	0.167
'7733409'	0.18563
'7733427'	0.15827
'7733429'	0.13559
'7733455'	0.18545
'7733457'	0.10832
'7733459'	0.17744
'7733471'	0.29777
'7733477'	0.20129
'7733481'	0.21515
'7733489'	0.18905
'7733557'	0.33746
'7733563'	0.46265
'7733571'	0.46247
'7733587'	0.70583
'7734093'	0.13253
'7734361'	0.68099
'7737483'	0.473
;

param ag_costs_capital : 'Conservation'  'Contour_Farming'  'Filterstrip'  'MIN_TILL'  'Ponds'  'Terrace_Waterway'  'Terrace_Only'  'Waterway_Only'  'Fert_20'  'Manure_Injection' :=	
'166162418'	1.7456955	0.7203926	32.0503502	1.4131422	0.5964181	12844.0303022	11895.3235185	948.7067837	1.4525125	3.0298372
'7731471'	1.7456955	0.7203926	32.0503502	1.4131422	0.5964181	12844.0303022	11895.3235185	948.7067837	1.4525125	3.0298372
'7731473'	1.7456955	0.7203926	32.0503502	1.4131422	0.5964181	12844.0303022	11895.3235185	948.7067837	1.4525125	3.0298372
'7731483'	1.7456955	0.7203926	32.0503502	1.4131422	0.5964181	12844.0303022	11895.3235185	948.7067837	1.4525125	3.0298372
'7731485'	1.7456955	0.7203926	32.0503502	1.4131422	0.5964181	12844.0303022	11895.3235185	948.7067837	1.4525125	3.0298372
'7731505'	1.7456955	0.7203926	32.0503502	1.4131422	0.5964181	12844.0303022	11895.3235185	948.7067837	1.4525125	3.0298372
'7731507'	1.7456955	0.7203926	32.0503502	1.4131422	0.5964181	12844.0303022	11895.3235185	948.7067837	1.4525125	3.0298372
'7731513'	1.7456955	0.7203926	32.0503502	1.4131422	0.5964181	12844.0303022	11895.3235185	948.7067837	1.4525125	3.0298372
'7731515'	1.7456955	0.7203926	32.0503502	1.4131422	0.5964181	12844.0303022	11895.3235185	948.7067837	1.4525125	3.0298372
'7731531'	1.7456955	0.7203926	32.0503502	1.4131422	0.5964181	12844.0303022	11895.3235185	948.7067837	1.4525125	3.0298372
'7731533'	1.7456955	0.7203926	32.0503502	1.4131422	0.5964181	12844.0303022	11895.3235185	948.7067837	1.4525125	3.0298372
'7731535'	1.7456955	0.7203926	32.0503502	1.4131422	0.5964181	12844.0303022	11895.3235185	948.7067837	1.4525125	3.0298372
'7731547'	1.7456955	0.7203926	32.0503502	1.4131422	0.5964181	12844.0303022	11895.3235185	948.7067837	1.4525125	3.0298372
'7731583'	1.7456955	0.7203926	32.0503502	1.4131422	0.5964181	12844.0303022	11895.3235185	948.7067837	1.4525125	3.0298372
'7731625'	1.7456955	0.7203926	32.0503502	1.4131422	0.5964181	12844.0303022	11895.3235185	948.7067837	1.4525125	3.0298372
'7731633'	1.7456955	0.7203926	32.0503502	1.4131422	0.5964181	12844.0303022	11895.3235185	948.7067837	1.4525125	3.0298372
'7731645'	1.7456955	0.7203926	32.0503502	1.4131422	0.5964181	12844.0303022	11895.3235185	948.7067837	1.4525125	3.0298372
'7731647'	1.7456955	0.7203926	32.0503502	1.4131422	0.5964181	12844.0303022	11895.3235185	948.7067837	1.4525125	3.0298372
'7731649'	1.7456955	0.7203926	32.0503502	1.4131422	0.5964181	12844.0303022	11895.3235185	948.7067837	1.4525125	3.0298372
'7731651'	1.7456955	0.7203926	32.0503502	1.4131422	0.5964181	12844.0303022	11895.3235185	948.7067837	1.4525125	3.0298372
'7731653'	1.7456955	0.7203926	32.0503502	1.4131422	0.5964181	12844.0303022	11895.3235185	948.7067837	1.4525125	3.0298372
'7731689'	1.7456955	0.7203926	32.0503502	1.4131422	0.5964181	12844.0303022	11895.3235185	948.7067837	1.4525125	3.0298372
'7731691'	1.7456955	0.7203926	32.0503502	1.4131422	0.5964181	12844.0303022	11895.3235185	948.7067837	1.4525125	3.0298372
'7731697'	1.7456955	0.7203926	32.0503502	1.4131422	0.5964181	12844.0303022	11895.3235185	948.7067837	1.4525125	3.0298372
'7731709'	1.7456955	0.7203926	32.0503502	1.4131422	0.5964181	12844.0303022	11895.3235185	948.7067837	1.4525125	3.0298372
'7731711'	1.7456955	0.7203926	32.0503502	1.4131422	0.5964181	12844.0303022	11895.3235185	948.7067837	1.4525125	3.0298372
'7731731'	1.7456955	0.7203926	32.0503502	1.4131422	0.5964181	12844.0303022	11895.3235185	948.7067837	1.4525125	3.0298372
'7731747'	1.7456955	0.7203926	32.0503502	1.4131422	0.5964181	12844.0303022	11895.3235185	948.7067837	1.4525125	3.0298372
'7731749'	1.7456955	0.7203926	32.0503502	1.4131422	0.5964181	12844.0303022	11895.3235185	948.7067837	1.4525125	3.0298372
'7731769'	1.7456955	0.7203926	32.0503502	1.4131422	0.5964181	12844.0303022	11895.3235185	948.7067837	1.4525125	3.0298372
'7731771'	1.7456955	0.7203926	32.0503502	1.4131422	0.5964181	12844.0303022	11895.3235185	948.7067837	1.4525125	3.0298372
'7731779'	1.7456955	0.7203926	32.0503502	1.4131422	0.5964181	12844.0303022	11895.3235185	948.7067837	1.4525125	3.0298372
'7731783'	1.7456955	0.7203926	32.0503502	1.4131422	0.5964181	12844.0303022	11895.3235185	948.7067837	1.4525125	3.0298372
'7731789'	1.7456955	0.7203926	32.0503502	1.4131422	0.5964181	12844.0303022	11895.3235185	948.7067837	1.4525125	3.0298372
'7731797'	1.7456955	0.7203926	32.0503502	1.4131422	0.5964181	12844.0303022	11895.3235185	948.7067837	1.4525125	3.0298372
'7731805'	1.7456955	0.7203926	32.0503502	1.4131422	0.5964181	12844.0303022	11895.3235185	948.7067837	1.4525125	3.0298372
'7731829'	1.7456955	0.7203926	32.0503502	1.4131422	0.5964181	12844.0303022	11895.3235185	948.7067837	1.4525125	3.0298372
'7731835'	1.7456955	0.7203926	32.0503502	1.4131422	0.5964181	12844.0303022	11895.3235185	948.7067837	1.4525125	3.0298372
'7731837'	1.7456955	0.7203926	32.0503502	1.4131422	0.5964181	12844.0303022	11895.3235185	948.7067837	1.4525125	3.0298372
'7731841'	1.7456955	0.7203926	32.0503502	1.4131422	0.5964181	12844.0303022	11895.3235185	948.7067837	1.4525125	3.0298372
'7731867'	1.7456955	0.7203926	32.0503502	1.4131422	0.5964181	12844.0303022	11895.3235185	948.7067837	1.4525125	3.0298372
'7731871'	1.7456955	0.7203926	32.0503502	1.4131422	0.5964181	12844.0303022	11895.3235185	948.7067837	1.4525125	3.0298372
'7731879'	1.7456955	0.7203926	32.0503502	1.4131422	0.5964181	12844.0303022	11895.3235185	948.7067837	1.4525125	3.0298372
'7731901'	1.7456955	0.7203926	32.0503502	1.4131422	0.5964181	12844.0303022	11895.3235185	948.7067837	1.4525125	3.0298372
'7731907'	1.7456955	0.7203926	32.0503502	1.4131422	0.5964181	12844.0303022	11895.3235185	948.7067837	1.4525125	3.0298372
'7731909'	1.7456955	0.7203926	32.0503502	1.4131422	0.5964181	12844.0303022	11895.3235185	948.7067837	1.4525125	3.0298372
'7731925'	1.7456955	0.7203926	32.0503502	1.4131422	0.5964181	12844.0303022	11895.3235185	948.7067837	1.4525125	3.0298372
'7731927'	1.7456955	0.7203926	32.0503502	1.4131422	0.5964181	12844.0303022	11895.3235185	948.7067837	1.4525125	3.0298372
'7731953'	1.7456955	0.7203926	32.0503502	1.4131422	0.5964181	12844.0303022	11895.3235185	948.7067837	1.4525125	3.0298372
'7731989'	1.7456955	0.7203926	32.0503502	1.4131422	0.5964181	12844.0303022	11895.3235185	948.7067837	1.4525125	3.0298372
'7731991'	1.7456955	0.7203926	32.0503502	1.4131422	0.5964181	12844.0303022	11895.3235185	948.7067837	1.4525125	3.0298372
'7732057'	1.7456955	0.7203926	32.0503502	1.4131422	0.5964181	12844.0303022	11895.3235185	948.7067837	1.4525125	3.0298372
'7732073'	1.7456955	0.7203926	32.0503502	1.4131422	0.5964181	12844.0303022	11895.3235185	948.7067837	1.4525125	3.0298372
'7732079'	1.7456955	0.7203926	32.0503502	1.4131422	0.5964181	12844.0303022	11895.3235185	948.7067837	1.4525125	3.0298372
'7732095'	1.7456955	0.7203926	32.0503502	1.4131422	0.5964181	12844.0303022	11895.3235185	948.7067837	1.4525125	3.0298372
'7733183'	1.7456955	0.7203926	32.0503502	1.4131422	0.5964181	12844.0303022	11895.3235185	948.7067837	1.4525125	3.0298372
'7733187'	1.7456955	0.7203926	32.0503502	1.4131422	0.5964181	12844.0303022	11895.3235185	948.7067837	1.4525125	3.0298372
'7733191'	1.7456955	0.7203926	32.0503502	1.4131422	0.5964181	12844.0303022	11895.3235185	948.7067837	1.4525125	3.0298372
'7733193'	1.7456955	0.7203926	32.0503502	1.4131422	0.5964181	12844.0303022	11895.3235185	948.7067837	1.4525125	3.0298372
'7733199'	1.7456955	0.7203926	32.0503502	1.4131422	0.5964181	12844.0303022	11895.3235185	948.7067837	1.4525125	3.0298372
'7733201'	1.7456955	0.7203926	32.0503502	1.4131422	0.5964181	12844.0303022	11895.3235185	948.7067837	1.4525125	3.0298372
'7733203'	1.7456955	0.7203926	32.0503502	1.4131422	0.5964181	12844.0303022	11895.3235185	948.7067837	1.4525125	3.0298372
'7733205'	1.7456955	0.7203926	32.0503502	1.4131422	0.5964181	12844.0303022	11895.3235185	948.7067837	1.4525125	3.0298372
'7733207'	1.7456955	0.7203926	32.0503502	1.4131422	0.5964181	12844.0303022	11895.3235185	948.7067837	1.4525125	3.0298372
'7733209'	1.7456955	0.7203926	32.0503502	1.4131422	0.5964181	12844.0303022	11895.3235185	948.7067837	1.4525125	3.0298372
'7733361'	1.7456955	0.7203926	32.0503502	1.4131422	0.5964181	12844.0303022	11895.3235185	948.7067837	1.4525125	3.0298372
'7733363'	1.7456955	0.7203926	32.0503502	1.4131422	0.5964181	12844.0303022	11895.3235185	948.7067837	1.4525125	3.0298372
'7733365'	1.7456955	0.7203926	32.0503502	1.4131422	0.5964181	12844.0303022	11895.3235185	948.7067837	1.4525125	3.0298372
'7733373'	1.7456955	0.7203926	32.0503502	1.4131422	0.5964181	12844.0303022	11895.3235185	948.7067837	1.4525125	3.0298372
'7733397'	1.7456955	0.7203926	32.0503502	1.4131422	0.5964181	12844.0303022	11895.3235185	948.7067837	1.4525125	3.0298372
'7733405'	1.7456955	0.7203926	32.0503502	1.4131422	0.5964181	12844.0303022	11895.3235185	948.7067837	1.4525125	3.0298372
'7733407'	1.7456955	0.7203926	32.0503502	1.4131422	0.5964181	12844.0303022	11895.3235185	948.7067837	1.4525125	3.0298372
'7733409'	1.7456955	0.7203926	32.0503502	1.4131422	0.5964181	12844.0303022	11895.3235185	948.7067837	1.4525125	3.0298372
'7733427'	1.7456955	0.7203926	32.0503502	1.4131422	0.5964181	12844.0303022	11895.3235185	948.7067837	1.4525125	3.0298372
'7733429'	1.7456955	0.7203926	32.0503502	1.4131422	0.5964181	12844.0303022	11895.3235185	948.7067837	1.4525125	3.0298372
'7733455'	1.7456955	0.7203926	32.0503502	1.4131422	0.5964181	12844.0303022	11895.3235185	948.7067837	1.4525125	3.0298372
'7733457'	1.7456955	0.7203926	32.0503502	1.4131422	0.5964181	12844.0303022	11895.3235185	948.7067837	1.4525125	3.0298372
'7733459'	1.7456955	0.7203926	32.0503502	1.4131422	0.5964181	12844.0303022	11895.3235185	948.7067837	1.4525125	3.0298372
'7733471'	1.7456955	0.7203926	32.0503502	1.4131422	0.5964181	12844.0303022	11895.3235185	948.7067837	1.4525125	3.0298372
'7733477'	1.7456955	0.7203926	32.0503502	1.4131422	0.5964181	12844.0303022	11895.3235185	948.7067837	1.4525125	3.0298372
'7733481'	1.7456955	0.7203926	32.0503502	1.4131422	0.5964181	12844.0303022	11895.3235185	948.7067837	1.4525125	3.0298372
'7733489'	1.7456955	0.7203926	32.0503502	1.4131422	0.5964181	12844.0303022	11895.3235185	948.7067837	1.4525125	3.0298372
'7733557'	1.7456955	0.7203926	32.0503502	1.4131422	0.5964181	12844.0303022	11895.3235185	948.7067837	1.4525125	3.0298372
'7733563'	1.7456955	0.7203926	32.0503502	1.4131422	0.5964181	12844.0303022	11895.3235185	948.7067837	1.4525125	3.0298372
'7733571'	1.7456955	0.7203926	32.0503502	1.4131422	0.5964181	12844.0303022	11895.3235185	948.7067837	1.4525125	3.0298372
'7733587'	1.7456955	0.7203926	32.0503502	1.4131422	0.5964181	12844.0303022	11895.3235185	948.7067837	1.4525125	3.0298372
'7734093'	1.7456955	0.7203926	32.0503502	1.4131422	0.5964181	12844.0303022	11895.3235185	948.7067837	1.4525125	3.0298372
'7734361'	1.7456955	0.7203926	32.0503502	1.4131422	0.5964181	12844.0303022	11895.3235185	948.7067837	1.4525125	3.0298372
'7737483'	1.7456955	0.7203926	32.0503502	1.4131422	0.5964181	12844.0303022	11895.3235185	948.7067837	1.4525125	3.0298372
;

param ag_costs_operations : 'Conservation'  'Contour_Farming'  'Filterstrip'  'MIN_TILL'  'Ponds'  'Terrace_Waterway'  'Terrace_Only'  'Waterway_Only'  'Fert_20'  'Manure_Injection' :=	
'166162418'	0	0	7.42	0	0	0	0	0	0	0
'7731471'	0	0	7.42	0	0	0	0	0	0	0
'7731473'	0	0	7.42	0	0	0	0	0	0	0
'7731483'	0	0	7.42	0	0	0	0	0	0	0
'7731485'	0	0	7.42	0	0	0	0	0	0	0
'7731505'	0	0	7.42	0	0	0	0	0	0	0
'7731507'	0	0	7.42	0	0	0	0	0	0	0
'7731513'	0	0	7.42	0	0	0	0	0	0	0
'7731515'	0	0	7.42	0	0	0	0	0	0	0
'7731531'	0	0	7.42	0	0	0	0	0	0	0
'7731533'	0	0	7.42	0	0	0	0	0	0	0
'7731535'	0	0	7.42	0	0	0	0	0	0	0
'7731547'	0	0	7.42	0	0	0	0	0	0	0
'7731583'	0	0	7.42	0	0	0	0	0	0	0
'7731625'	0	0	7.42	0	0	0	0	0	0	0
'7731633'	0	0	7.42	0	0	0	0	0	0	0
'7731645'	0	0	7.42	0	0	0	0	0	0	0
'7731647'	0	0	7.42	0	0	0	0	0	0	0
'7731649'	0	0	7.42	0	0	0	0	0	0	0
'7731651'	0	0	7.42	0	0	0	0	0	0	0
'7731653'	0	0	7.42	0	0	0	0	0	0	0
'7731689'	0	0	7.42	0	0	0	0	0	0	0
'7731691'	0	0	7.42	0	0	0	0	0	0	0
'7731697'	0	0	7.42	0	0	0	0	0	0	0
'7731709'	0	0	7.42	0	0	0	0	0	0	0
'7731711'	0	0	7.42	0	0	0	0	0	0	0
'7731731'	0	0	7.42	0	0	0	0	0	0	0
'7731747'	0	0	7.42	0	0	0	0	0	0	0
'7731749'	0	0	7.42	0	0	0	0	0	0	0
'7731769'	0	0	7.42	0	0	0	0	0	0	0
'7731771'	0	0	7.42	0	0	0	0	0	0	0
'7731779'	0	0	7.42	0	0	0	0	0	0	0
'7731783'	0	0	7.42	0	0	0	0	0	0	0
'7731789'	0	0	7.42	0	0	0	0	0	0	0
'7731797'	0	0	7.42	0	0	0	0	0	0	0
'7731805'	0	0	7.42	0	0	0	0	0	0	0
'7731829'	0	0	7.42	0	0	0	0	0	0	0
'7731835'	0	0	7.42	0	0	0	0	0	0	0
'7731837'	0	0	7.42	0	0	0	0	0	0	0
'7731841'	0	0	7.42	0	0	0	0	0	0	0
'7731867'	0	0	7.42	0	0	0	0	0	0	0
'7731871'	0	0	7.42	0	0	0	0	0	0	0
'7731879'	0	0	7.42	0	0	0	0	0	0	0
'7731901'	0	0	7.42	0	0	0	0	0	0	0
'7731907'	0	0	7.42	0	0	0	0	0	0	0
'7731909'	0	0	7.42	0	0	0	0	0	0	0
'7731925'	0	0	7.42	0	0	0	0	0	0	0
'7731927'	0	0	7.42	0	0	0	0	0	0	0
'7731953'	0	0	7.42	0	0	0	0	0	0	0
'7731989'	0	0	7.42	0	0	0	0	0	0	0
'7731991'	0	0	7.42	0	0	0	0	0	0	0
'7732057'	0	0	7.42	0	0	0	0	0	0	0
'7732073'	0	0	7.42	0	0	0	0	0	0	0
'7732079'	0	0	7.42	0	0	0	0	0	0	0
'7732095'	0	0	7.42	0	0	0	0	0	0	0
'7733183'	0	0	7.42	0	0	0	0	0	0	0
'7733187'	0	0	7.42	0	0	0	0	0	0	0
'7733191'	0	0	7.42	0	0	0	0	0	0	0
'7733193'	0	0	7.42	0	0	0	0	0	0	0
'7733199'	0	0	7.42	0	0	0	0	0	0	0
'7733201'	0	0	7.42	0	0	0	0	0	0	0
'7733203'	0	0	7.42	0	0	0	0	0	0	0
'7733205'	0	0	7.42	0	0	0	0	0	0	0
'7733207'	0	0	7.42	0	0	0	0	0	0	0
'7733209'	0	0	7.42	0	0	0	0	0	0	0
'7733361'	0	0	7.42	0	0	0	0	0	0	0
'7733363'	0	0	7.42	0	0	0	0	0	0	0
'7733365'	0	0	7.42	0	0	0	0	0	0	0
'7733373'	0	0	7.42	0	0	0	0	0	0	0
'7733397'	0	0	7.42	0	0	0	0	0	0	0
'7733405'	0	0	7.42	0	0	0	0	0	0	0
'7733407'	0	0	7.42	0	0	0	0	0	0	0
'7733409'	0	0	7.42	0	0	0	0	0	0	0
'7733427'	0	0	7.42	0	0	0	0	0	0	0
'7733429'	0	0	7.42	0	0	0	0	0	0	0
'7733455'	0	0	7.42	0	0	0	0	0	0	0
'7733457'	0	0	7.42	0	0	0	0	0	0	0
'7733459'	0	0	7.42	0	0	0	0	0	0	0
'7733471'	0	0	7.42	0	0	0	0	0	0	0
'7733477'	0	0	7.42	0	0	0	0	0	0	0
'7733481'	0	0	7.42	0	0	0	0	0	0	0
'7733489'	0	0	7.42	0	0	0	0	0	0	0
'7733557'	0	0	7.42	0	0	0	0	0	0	0
'7733563'	0	0	7.42	0	0	0	0	0	0	0
'7733571'	0	0	7.42	0	0	0	0	0	0	0
'7733587'	0	0	7.42	0	0	0	0	0	0	0
'7734093'	0	0	7.42	0	0	0	0	0	0	0
'7734361'	0	0	7.42	0	0	0	0	0	0	0
'7737483'	0	0	7.42	0	0	0	0	0	0	0
;

param septic_costs_capital : 'none' :=	
'166162418'	0
'7731471'	0
'7731473'	0
'7731483'	0
'7731485'	0
'7731505'	0
'7731507'	0
'7731513'	0
'7731515'	0
'7731531'	0
'7731533'	0
'7731535'	0
'7731547'	0
'7731583'	0
'7731625'	0
'7731633'	0
'7731645'	0
'7731647'	0
'7731649'	0
'7731651'	0
'7731653'	0
'7731689'	0
'7731691'	0
'7731697'	0
'7731709'	0
'7731711'	0
'7731731'	0
'7731747'	0
'7731749'	0
'7731769'	0
'7731771'	0
'7731779'	0
'7731783'	0
'7731789'	0
'7731797'	0
'7731805'	0
'7731829'	0
'7731835'	0
'7731837'	0
'7731841'	0
'7731867'	0
'7731871'	0
'7731879'	0
'7731901'	0
'7731907'	0
'7731909'	0
'7731925'	0
'7731927'	0
'7731953'	0
'7731989'	0
'7731991'	0
'7732057'	0
'7732073'	0
'7732079'	0
'7732095'	0
'7733183'	0
'7733187'	0
'7733191'	0
'7733193'	0
'7733199'	0
'7733201'	0
'7733203'	0
'7733205'	0
'7733207'	0
'7733209'	0
'7733361'	0
'7733363'	0
'7733365'	0
'7733373'	0
'7733397'	0
'7733405'	0
'7733407'	0
'7733409'	0
'7733427'	0
'7733429'	0
'7733455'	0
'7733457'	0
'7733459'	0
'7733471'	0
'7733477'	0
'7733481'	0
'7733489'	0
'7733557'	0
'7733563'	0
'7733571'	0
'7733587'	0
'7734093'	0
'7734361'	0
'7737483'	0
;

param septic_costs_operations : 'none' :=	
'166162418'	0
'7731471'	0
'7731473'	0
'7731483'	0
'7731485'	0
'7731505'	0
'7731507'	0
'7731513'	0
'7731515'	0
'7731531'	0
'7731533'	0
'7731535'	0
'7731547'	0
'7731583'	0
'7731625'	0
'7731633'	0
'7731645'	0
'7731647'	0
'7731649'	0
'7731651'	0
'7731653'	0
'7731689'	0
'7731691'	0
'7731697'	0
'7731709'	0
'7731711'	0
'7731731'	0
'7731747'	0
'7731749'	0
'7731769'	0
'7731771'	0
'7731779'	0
'7731783'	0
'7731789'	0
'7731797'	0
'7731805'	0
'7731829'	0
'7731835'	0
'7731837'	0
'7731841'	0
'7731867'	0
'7731871'	0
'7731879'	0
'7731901'	0
'7731907'	0
'7731909'	0
'7731925'	0
'7731927'	0
'7731953'	0
'7731989'	0
'7731991'	0
'7732057'	0
'7732073'	0
'7732079'	0
'7732095'	0
'7733183'	0
'7733187'	0
'7733191'	0
'7733193'	0
'7733199'	0
'7733201'	0
'7733203'	0
'7733205'	0
'7733207'	0
'7733209'	0
'7733361'	0
'7733363'	0
'7733365'	0
'7733373'	0
'7733397'	0
'7733405'	0
'7733407'	0
'7733409'	0
'7733427'	0
'7733429'	0
'7733455'	0
'7733457'	0
'7733459'	0
'7733471'	0
'7733477'	0
'7733481'	0
'7733489'	0
'7733557'	0
'7733563'	0
'7733571'	0
'7733587'	0
'7734093'	0
'7734361'	0
'7737483'	0
;

param point_costs : 'capital' 'operations' :=	
'166162418'	0	0
'7731471'	0	0
'7731473'	0	0
'7731483'	0	0
'7731485'	0	0
'7731505'	0	0
'7731507'	0	0
'7731513'	0	0
'7731515'	0	0
'7731531'	0	0
'7731533'	0	0
'7731535'	0	0
'7731547'	0	0
'7731583'	0	0
'7731625'	0	0
'7731633'	0	0
'7731645'	0	0
'7731647'	0	0
'7731649'	0	0
'7731651'	0	0
'7731653'	0	0
'7731689'	0	0
'7731691'	0	0
'7731697'	0	0
'7731709'	0	0
'7731711'	0	0
'7731731'	0	0
'7731747'	0	0
'7731749'	0	0
'7731769'	0	0
'7731771'	0	0
'7731779'	0	0
'7731783'	0	0
'7731789'	0	0
'7731797'	0	0
'7731805'	0	0
'7731829'	0	0
'7731835'	0	0
'7731837'	0	0
'7731841'	0	0
'7731867'	0	0
'7731871'	0	0
'7731879'	0	0
'7731901'	0	0
'7731907'	0	0
'7731909'	0	0
'7731925'	0	0
'7731927'	0	0
'7731953'	0	0
'7731989'	0	0
'7731991'	0	0
'7732057'	0	0
'7732073'	0	0
'7732079'	0	0
'7732095'	0	0
'7733183'	0	0
'7733187'	0	0
'7733191'	0	0
'7733193'	0	0
'7733199'	0	0
'7733201'	0	0
'7733203'	0	0
'7733205'	0	0
'7733207'	0	0
'7733209'	0	0
'7733361'	0	0
'7733363'	0	0
'7733365'	0	0
'7733373'	0	0
'7733397'	0	0
'7733405'	0	0
'7733407'	0	0
'7733409'	0	0
'7733427'	0	0
'7733429'	0	0
'7733455'	0	0
'7733457'	0	0
'7733459'	0	0
'7733471'	0	0
'7733477'	0	0
'7733481'	0	0
'7733489'	0	0
'7733557'	0	0
'7733563'	0	0
'7733571'	0	0
'7733587'	0	0
'7734093'	0	0
'7734361'	0	0
'7737483'	0	0
;

param urban_costs : 'capital' 'operations' :=	
'Biofiltration_w_Underdrain'	1.39303823308785	0.83
'Bioretention_Basin'	1.37963558021388	0.82
'Enhanced_Biofiltration_w_ISR'	1.39303823308785	0.83
'Extended_Dry_Detention_Basin'	0.606470042546965	0.36
'Grass_Swale_w_detention'	0.713691265538694	0.43
'Gravel_Wetland'	0.783217527322393	0.47
'Infiltration_Basin'	0.557047760074215	0.33
'Infiltration_Chamber'	6.05381077000955	3.61
'Infiltration_Trench'	1.11409552014843	0.67
'Porous_Pavement_w_subsurface_infiltration'	0.474956511221173	0.28
'Porous_Pavement_w_underdrain'	1.61250667389904	0.96
'Sand_Filter_w_underdrain'	1.60077935263432	0.96
'Wet_Pond'	0.606470042546965	0.36
;

param ripbuf_costs_capital : 'Grassed_Buffer'  'Forested_Buffer' :=	
'166162418'	7425.321	20947.257
'7731471'	7425.321	20947.257
'7731473'	7425.321	20947.257
'7731483'	7425.321	20947.257
'7731485'	7425.321	20947.257
'7731505'	7425.321	20947.257
'7731507'	7425.321	20947.257
'7731513'	7425.321	20947.257
'7731515'	7425.321	20947.257
'7731531'	7425.321	20947.257
'7731533'	7425.321	20947.257
'7731535'	7425.321	20947.257
'7731547'	7425.321	20947.257
'7731583'	7425.321	20947.257
'7731625'	7425.321	20947.257
'7731633'	7425.321	20947.257
'7731645'	7425.321	20947.257
'7731647'	7425.321	20947.257
'7731649'	7425.321	20947.257
'7731651'	7425.321	20947.257
'7731653'	7425.321	20947.257
'7731689'	7425.321	20947.257
'7731691'	7425.321	20947.257
'7731697'	7425.321	20947.257
'7731709'	7425.321	20947.257
'7731711'	7425.321	20947.257
'7731731'	7425.321	20947.257
'7731747'	7425.321	20947.257
'7731749'	7425.321	20947.257
'7731769'	7425.321	20947.257
'7731771'	7425.321	20947.257
'7731779'	7425.321	20947.257
'7731783'	7425.321	20947.257
'7731789'	7425.321	20947.257
'7731797'	7425.321	20947.257
'7731805'	7425.321	20947.257
'7731829'	7425.321	20947.257
'7731835'	7425.321	20947.257
'7731837'	7425.321	20947.257
'7731841'	7425.321	20947.257
'7731867'	7425.321	20947.257
'7731871'	7425.321	20947.257
'7731879'	7425.321	20947.257
'7731901'	7425.321	20947.257
'7731907'	7425.321	20947.257
'7731909'	7425.321	20947.257
'7731925'	7425.321	20947.257
'7731927'	7425.321	20947.257
'7731953'	7425.321	20947.257
'7731989'	7425.321	20947.257
'7731991'	7425.321	20947.257
'7732057'	7425.321	20947.257
'7732073'	7425.321	20947.257
'7732079'	7425.321	20947.257
'7732095'	7425.321	20947.257
'7733183'	7425.321	20947.257
'7733187'	7425.321	20947.257
'7733191'	7425.321	20947.257
'7733193'	7425.321	20947.257
'7733199'	7425.321	20947.257
'7733201'	7425.321	20947.257
'7733203'	7425.321	20947.257
'7733205'	7425.321	20947.257
'7733207'	7425.321	20947.257
'7733209'	7425.321	20947.257
'7733361'	7425.321	20947.257
'7733363'	7425.321	20947.257
'7733365'	7425.321	20947.257
'7733373'	7425.321	20947.257
'7733397'	7425.321	20947.257
'7733405'	7425.321	20947.257
'7733407'	7425.321	20947.257
'7733409'	7425.321	20947.257
'7733427'	7425.321	20947.257
'7733429'	7425.321	20947.257
'7733455'	7425.321	20947.257
'7733457'	7425.321	20947.257
'7733459'	7425.321	20947.257
'7733471'	7425.321	20947.257
'7733477'	7425.321	20947.257
'7733481'	7425.321	20947.257
'7733489'	7425.321	20947.257
'7733557'	7425.321	20947.257
'7733563'	7425.321	20947.257
'7733571'	7425.321	20947.257
'7733587'	7425.321	20947.257
'7734093'	7425.321	20947.257
'7734361'	7425.321	20947.257
'7737483'	7425.321	20947.257
;

param ripbuf_costs_operations : 'Grassed_Buffer'  'Forested_Buffer' :=	
'166162418'	4.206554	4.206554
'7731471'	4.206554	4.206554
'7731473'	4.206554	4.206554
'7731483'	4.206554	4.206554
'7731485'	4.206554	4.206554
'7731505'	4.206554	4.206554
'7731507'	4.206554	4.206554
'7731513'	4.206554	4.206554
'7731515'	4.206554	4.206554
'7731531'	4.206554	4.206554
'7731533'	4.206554	4.206554
'7731535'	4.206554	4.206554
'7731547'	4.206554	4.206554
'7731583'	4.206554	4.206554
'7731625'	4.206554	4.206554
'7731633'	4.206554	4.206554
'7731645'	4.206554	4.206554
'7731647'	4.206554	4.206554
'7731649'	4.206554	4.206554
'7731651'	4.206554	4.206554
'7731653'	4.206554	4.206554
'7731689'	4.206554	4.206554
'7731691'	4.206554	4.206554
'7731697'	4.206554	4.206554
'7731709'	4.206554	4.206554
'7731711'	4.206554	4.206554
'7731731'	4.206554	4.206554
'7731747'	4.206554	4.206554
'7731749'	4.206554	4.206554
'7731769'	4.206554	4.206554
'7731771'	4.206554	4.206554
'7731779'	4.206554	4.206554
'7731783'	4.206554	4.206554
'7731789'	4.206554	4.206554
'7731797'	4.206554	4.206554
'7731805'	4.206554	4.206554
'7731829'	4.206554	4.206554
'7731835'	4.206554	4.206554
'7731837'	4.206554	4.206554
'7731841'	4.206554	4.206554
'7731867'	4.206554	4.206554
'7731871'	4.206554	4.206554
'7731879'	4.206554	4.206554
'7731901'	4.206554	4.206554
'7731907'	4.206554	4.206554
'7731909'	4.206554	4.206554
'7731925'	4.206554	4.206554
'7731927'	4.206554	4.206554
'7731953'	4.206554	4.206554
'7731989'	4.206554	4.206554
'7731991'	4.206554	4.206554
'7732057'	4.206554	4.206554
'7732073'	4.206554	4.206554
'7732079'	4.206554	4.206554
'7732095'	4.206554	4.206554
'7733183'	4.206554	4.206554
'7733187'	4.206554	4.206554
'7733191'	4.206554	4.206554
'7733193'	4.206554	4.206554
'7733199'	4.206554	4.206554
'7733201'	4.206554	4.206554
'7733203'	4.206554	4.206554
'7733205'	4.206554	4.206554
'7733207'	4.206554	4.206554
'7733209'	4.206554	4.206554
'7733361'	4.206554	4.206554
'7733363'	4.206554	4.206554
'7733365'	4.206554	4.206554
'7733373'	4.206554	4.206554
'7733397'	4.206554	4.206554
'7733405'	4.206554	4.206554
'7733407'	4.206554	4.206554
'7733409'	4.206554	4.206554
'7733427'	4.206554	4.206554
'7733429'	4.206554	4.206554
'7733455'	4.206554	4.206554
'7733457'	4.206554	4.206554
'7733459'	4.206554	4.206554
'7733471'	4.206554	4.206554
'7733477'	4.206554	4.206554
'7733481'	4.206554	4.206554
'7733489'	4.206554	4.206554
'7733557'	4.206554	4.206554
'7733563'	4.206554	4.206554
'7733571'	4.206554	4.206554
'7733587'	4.206554	4.206554
'7734093'	4.206554	4.206554
'7734361'	4.206554	4.206554
'7737483'	4.206554	4.206554
;

param loads_lim_N1 : 'limits' :=  
1	1	19872.1086454472
2	1	7330.91006777256
3	1	4405.1324340095
4	1	11126.240830967
;

param loads_lim_P1 : 'limits' :=  
;


param agcost_frac := 1.333333;
param acfttoft3 := 43559.9;
param pcp := 0.0833;
param agBMP_minarea := 0;

param: urban_frac_min urban_frac_max :=	
Biofiltration_w_Underdrain	0	1
Bioretention_Basin	0	1
Enhanced_Biofiltration_w_ISR	0	1
Extended_Dry_Detention_Basin	0	1
Grass_Swale_w_detention	0	1
Gravel_Wetland	0	1
Infiltration_Basin	0	1
Infiltration_Chamber	0	1
Infiltration_Trench	0	1
Porous_Pavement_w_subsurface_infiltration	0	1
Porous_Pavement_w_underdrain	0	1
Sand_Filter_w_underdrain	0	1
Wet_Pond	0	1
;

param: ag_frac_min ag_frac_max :=	
Conservation	0	1
Contour_Farming	0	1
Filterstrip	0	1
MIN_TILL	0	1
Ponds	0	0.1
Terrace_Waterway	0	1
Terrace_Only	0	1
Waterway_Only	0	1
Fert_20	0	1
Manure_Injection	0	1
;

param: ripbuf_frac_min ripbuf_frac_max :=	
Grassed_Buffer	0	1
Forested_Buffer	0	1
;

param urban_design_depth : 'Biofiltration_w_Underdrain' 'Bioretention_Basin' 'Enhanced_Biofiltration_w_ISR' 'Extended_Dry_Detention_Basin' 'Grass_Swale_w_detention' 'Gravel_Wetland' 'Infiltration_Basin' 'Infiltration_Chamber' 'Infiltration_Trench' 'Porous_Pavement_w_subsurface_infiltration' 'Porous_Pavement_w_underdrain' 'Sand_Filter_w_underdrain' 'Wet_Pond'  := 
'166162418'	1	1	1	1	1	1	1	1	1	1	8.6	1	1
'7731471'	1	1	1	1	1	1	1	1	1	1	8.6	1	1
'7731473'	1	1	1	1	1	1	1	1	1	1	8.6	1	1
'7731483'	1	1	1	1	1	1	1	1	1	1	8.6	1	1
'7731485'	1	1	1	1	1	1	1	1	1	1	8.6	1	1
'7731505'	1	1	1	1	1	1	1	1	1	1	8.6	1	1
'7731507'	1	1	1	1	1	1	1	1	1	1	8.6	1	1
'7731513'	1	1	1	1	1	1	1	1	1	1	8.6	1	1
'7731515'	1	1	1	1	1	1	1	1	1	1	8.6	1	1
'7731531'	1	1	1	1	1	1	1	1	1	1	8.6	1	1
'7731533'	1	1	1	1	1	1	1	1	1	1	8.6	1	1
'7731535'	1	1	1	1	1	1	1	1	1	1	8.6	1	1
'7731547'	1	1	1	1	1	1	1	1	1	1	8.6	1	1
'7731583'	1	1	1	1	1	1	1	1	1	1	8.6	1	1
'7731625'	1	1	1	1	1	1	1	1	1	1	8.6	1	1
'7731633'	1	1	1	1	1	1	1	1	1	1	8.6	1	1
'7731645'	1	1	1	1	1	1	1	1	1	1	8.6	1	1
'7731647'	1	1	1	1	1	1	1	1	1	1	8.6	1	1
'7731649'	1	1	1	1	1	1	1	1	1	1	8.6	1	1
'7731651'	1	1	1	1	1	1	1	1	1	1	8.6	1	1
'7731653'	1	1	1	1	1	1	1	1	1	1	8.6	1	1
'7731689'	1	1	1	1	1	1	1	1	1	1	8.6	1	1
'7731691'	1	1	1	1	1	1	1	1	1	1	8.6	1	1
'7731697'	1	1	1	1	1	1	1	1	1	1	8.6	1	1
'7731709'	1	1	1	1	1	1	1	1	1	1	8.6	1	1
'7731711'	1	1	1	1	1	1	1	1	1	1	8.6	1	1
'7731731'	1	1	1	1	1	1	1	1	1	1	8.6	1	1
'7731747'	1	1	1	1	1	1	1	1	1	1	8.6	1	1
'7731749'	1	1	1	1	1	1	1	1	1	1	8.6	1	1
'7731769'	1	1	1	1	1	1	1	1	1	1	8.6	1	1
'7731771'	1	1	1	1	1	1	1	1	1	1	8.6	1	1
'7731779'	1	1	1	1	1	1	1	1	1	1	8.6	1	1
'7731783'	1	1	1	1	1	1	1	1	1	1	8.6	1	1
'7731789'	1	1	1	1	1	1	1	1	1	1	8.6	1	1
'7731797'	1	1	1	1	1	1	1	1	1	1	8.6	1	1
'7731805'	1	1	1	1	1	1	1	1	1	1	8.6	1	1
'7731829'	1	1	1	1	1	1	1	1	1	1	8.6	1	1
'7731835'	1	1	1	1	1	1	1	1	1	1	8.6	1	1
'7731837'	1	1	1	1	1	1	1	1	1	1	8.6	1	1
'7731841'	1	1	1	1	1	1	1	1	1	1	8.6	1	1
'7731867'	1	1	1	1	1	1	1	1	1	1	8.6	1	1
'7731871'	1	1	1	1	1	1	1	1	1	1	8.6	1	1
'7731879'	1	1	1	1	1	1	1	1	1	1	8.6	1	1
'7731901'	1	1	1	1	1	1	1	1	1	1	8.6	1	1
'7731907'	1	1	1	1	1	1	1	1	1	1	8.6	1	1
'7731909'	1	1	1	1	1	1	1	1	1	1	8.6	1	1
'7731925'	1	1	1	1	1	1	1	1	1	1	8.6	1	1
'7731927'	1	1	1	1	1	1	1	1	1	1	8.6	1	1
'7731953'	1	1	1	1	1	1	1	1	1	1	8.6	1	1
'7731989'	1	1	1	1	1	1	1	1	1	1	8.6	1	1
'7731991'	1	1	1	1	1	1	1	1	1	1	8.6	1	1
'7732057'	1	1	1	1	1	1	1	1	1	1	8.6	1	1
'7732073'	1	1	1	1	1	1	1	1	1	1	8.6	1	1
'7732079'	1	1	1	1	1	1	1	1	1	1	8.6	1	1
'7732095'	1	1	1	1	1	1	1	1	1	1	8.6	1	1
'7733183'	1	1	1	1	1	1	1	1	1	1	8.6	1	1
'7733187'	1	1	1	1	1	1	1	1	1	1	8.6	1	1
'7733191'	1	1	1	1	1	1	1	1	1	1	8.6	1	1
'7733193'	1	1	1	1	1	1	1	1	1	1	8.6	1	1
'7733199'	1	1	1	1	1	1	1	1	1	1	8.6	1	1
'7733201'	1	1	1	1	1	1	1	1	1	1	8.6	1	1
'7733203'	1	1	1	1	1	1	1	1	1	1	8.6	1	1
'7733205'	1	1	1	1	1	1	1	1	1	1	8.6	1	1
'7733207'	1	1	1	1	1	1	1	1	1	1	8.6	1	1
'7733209'	1	1	1	1	1	1	1	1	1	1	8.6	1	1
'7733361'	1	1	1	1	1	1	1	1	1	1	8.6	1	1
'7733363'	1	1	1	1	1	1	1	1	1	1	8.6	1	1
'7733365'	1	1	1	1	1	1	1	1	1	1	8.6	1	1
'7733373'	1	1	1	1	1	1	1	1	1	1	8.6	1	1
'7733397'	1	1	1	1	1	1	1	1	1	1	8.6	1	1
'7733405'	1	1	1	1	1	1	1	1	1	1	8.6	1	1
'7733407'	1	1	1	1	1	1	1	1	1	1	8.6	1	1
'7733409'	1	1	1	1	1	1	1	1	1	1	8.6	1	1
'7733427'	1	1	1	1	1	1	1	1	1	1	8.6	1	1
'7733429'	1	1	1	1	1	1	1	1	1	1	8.6	1	1
'7733455'	1	1	1	1	1	1	1	1	1	1	8.6	1	1
'7733457'	1	1	1	1	1	1	1	1	1	1	8.6	1	1
'7733459'	1	1	1	1	1	1	1	1	1	1	8.6	1	1
'7733471'	1	1	1	1	1	1	1	1	1	1	8.6	1	1
'7733477'	1	1	1	1	1	1	1	1	1	1	8.6	1	1
'7733481'	1	1	1	1	1	1	1	1	1	1	8.6	1	1
'7733489'	1	1	1	1	1	1	1	1	1	1	8.6	1	1
'7733557'	1	1	1	1	1	1	1	1	1	1	8.6	1	1
'7733563'	1	1	1	1	1	1	1	1	1	1	8.6	1	1
'7733571'	1	1	1	1	1	1	1	1	1	1	8.6	1	1
'7733587'	1	1	1	1	1	1	1	1	1	1	8.6	1	1
'7734093'	1	1	1	1	1	1	1	1	1	1	8.6	1	1
'7734361'	1	1	1	1	1	1	1	1	1	1	8.6	1	1
'7737483'	1	1	1	1	1	1	1	1	1	1	8.6	1	1
;

param: urban_cost_adjustment_coef :=	
'166162418'	1.76208664187356
'7731471'	1.71771576898118
'7731473'	1.41403216860788
'7731483'	1.47723565178704
'7731485'	1.22293333333333
'7731505'	1.3484809140483
'7731507'	1.15473049378063
'7731513'	1.04455260202171
'7731515'	1.13723737147966
'7731531'	1.19014330653618
'7731533'	1.08916478555305
'7731535'	1.12856606606607
'7731547'	1.0660351826793
'7731583'	1.23768428622798
'7731625'	1.22154779969651
'7731633'	1.26882661996497
'7731645'	1.6195072756087
'7731647'	1.73436123348018
'7731649'	1
'7731651'	1.64973021582734
'7731653'	1.07771135781383
'7731689'	1.15947329919532
'7731691'	1.11261205943755
'7731697'	1.39169787765293
'7731709'	1.17173524150268
'7731711'	1.25366388166005
'7731731'	1.31118131558163
'7731747'	1.15215078279374
'7731749'	1.44736842105263
'7731769'	1.12758737699355
'7731771'	1.10678495153606
'7731779'	1.05439621591541
'7731783'	1.15886699507389
'7731789'	1.28604570235472
'7731797'	1.15022581411932
'7731805'	1.29419191919192
'7731829'	1.28890464374335
'7731835'	1.33328681088625
'7731837'	1.18181818181818
'7731841'	1.10522527709803
'7731867'	1.08627725311881
'7731871'	1.26224100608185
'7731879'	1.2260671363448
'7731901'	1.33907872190303
'7731907'	1.30231158198892
'7731909'	1.35818139856912
'7731925'	1.4375422012154
'7731927'	1.2217400508044
'7731953'	1.57583205325141
'7731989'	1.89869783656311
'7731991'	1.43845226350981
'7732057'	2.195
'7732073'	2.6404
'7732079'	1.94589055134249
'7732095'	2.6134
'7733183'	1.50307542894141
'7733187'	1.17727090836335
'7733191'	1.38373570520966
'7733193'	1.11655689998468
'7733199'	1.11991325424161
'7733201'	1.16160134143785
'7733203'	1.41520327159009
'7733205'	1.47822076457928
'7733207'	1.27737546631556
'7733209'	1.26052286262239
'7733361'	1.750449910018
'7733363'	1.52378752886836
'7733365'	1.22936972059779
'7733373'	1.62018086625416
'7733397'	1.26763899276988
'7733405'	1.49988126335787
'7733407'	1
'7733409'	1.16666666666667
'7733427'	1.3156
'7733429'	1.08325971731449
'7733455'	1.5713897937025
'7733457'	1.09854423292273
'7733459'	1.11095305832148
'7733471'	1.37877312560857
'7733477'	1.027942327037
'7733481'	1.1890924706556
'7733489'	1.11982295289282
'7733557'	1.65362610174733
'7733563'	1.60476041340432
'7733571'	1.69017432646593
'7733587'	2.3
'7734093'	1.08704302412335
'7734361'	2.25507923608289
'7737483'	1
;
