"","COMID","HUC_12","IncAreaKm2","ag_km2","PctCrop2019Cat","StateAbbrev","Conservation_FracImplement","Conservation_areaac","Cover_crops_FracImplement","Cover_crops_areaac","Fert_20_FracImplement","Fert_20_areaac","Filterstrip_FracImplement","Filterstrip_areaac","MIN_TILL_FracImplement","MIN_TILL_areaac","Terrace_Only_FracImplement","Terrace_Only_areaac","Terrace_Waterway_FracImplement","Terrace_Waterway_areaac","Waterway_Only_FracImplement","Waterway_Only_areaac"
"1",4573801,"010801040102",22.265008,0,0,"VT",0,0,0,0,0,0,1,0,0,0,0,0,0,0,0,0
"2",4573803,"010801040102",7.464975,0,0,"VT",0,0,0,0,0,0,1,0,0,0,0,0,0,0,0,0
"3",4573805,"010801040101",7.218899,0,0,"VT",0,0,0,0,0,0,1,0,0,0,0,0,0,0,0,0
"4",4573807,"010801040101",11.648904,0,0,"VT",0,0,0,0,0,0,1,0,0,0,0,0,0,0,0,0
"5",4573809,"010801040101",7.011544,0,0,"VT",0,0,0,0,0,0,1,0,0,0,0,0,0,0,0,0
"6",4573811,"010801040102",2.971904,0,0,"VT",0,0,0,0,0,0,1,0,0,0,0,0,0,0,0,0
"7",4573813,"010801040102",1.708538,0,0,"VT",0,0,0,0,0,0,1,0,0,0,0,0,0,0,0,0
"8",4573815,"010801040101",9.517762,0,0,"VT",0,0,0,0,0,0,1,0,0,0,0,0,0,0,0,0
"9",4573817,"010801040102",3.002273,0,0,"VT",0,0,0,0,0,0,1,0,0,0,0,0,0,0,0,0
"10",4573819,"010801040102",0.528564,0,0,"VT",0,0,0,0,0,0,1,0,0,0,0,0,0,0,0,0
"11",4573821,"010801040102",10.504076,0,0,"VT",0,0,0,0,0,0,1,0,0,0,0,0,0,0,0,0
"12",4573823,"010801040102",4.940428,0,0,"VT",0,0,0,0,0,0,1,0,0,0,0,0,0,0,0,0
"13",4573825,"010801040102",18.463061,0,0,"VT",0,0,0,0,0,0,1,0,0,0,0,0,0,0,0,0
"14",4573827,"010801040102",0.316336,0,0,"VT",0,0,0,0,0,0,1,0,0,0,0,0,0,0,0,0
"15",4573829,"010801040102",6.078987,0,0,"VT",0,0,0,0,0,0,1,0,0,0,0,0,0,0,0,0
"16",4573831,"010801040101",9.516726,0,0,"VT",0,0,0,0,0,0,1,0,0,0,0,0,0,0,0,0
"17",4573833,"010801040101",6.146511,0.0350351127,0.57,"VT",0,0,0,0,0,0,1,8.6573515237335,0,0,0,0,0,0,0,0
"18",4573835,"010801040102",1.358354,0,0,"VT",0,0,0,0,0,0,1,0,0,0,0,0,0,0,0,0
"19",4573837,"010801040102",1.379228,0,0,"VT",0,0,0,0,0,0,1,0,0,0,0,0,0,0,0,0
"20",4573839,"010801040104",0.541523,0,0,"VT",0,0,0,0,0,0,1,0,0,0,0,0,0,0,0,0
"21",4573841,"010801040103",4.512978,0,0,"VT",0,0,0,0,0,0,1,0,0,0,0,0,0,0,0,0
"22",4573843,"010801040102",9.971315,0,0,"VT",0,0,0,0,0,0,1,0,0,0,0,0,0,0,0,0
"23",4573845,"010801040102",9.887269,0,0,"VT",0,0,0,0,0,0,1,0,0,0,0,0,0,0,0,0
"24",4573847,"010801040104",0.835902,0,0,"VT",0,0,0,0,0,0,1,0,0,0,0,0,0,0,0,0
"25",4573849,"010801040103",7.687447,0,0,"VT",0,0,0,0,0,0,1,0,0,0,0,0,0,0,0,0
"26",4573851,"010801040104",5.309662,0,0,"VT",0,0,0,0,0,0,1,0,0,0,0,0,0,0,0,0
"27",4573853,"010801040104",6.448552,0,0,"VT",0,0,0,0,0,0,1,0,0,0,0,0,0,0,0,0
"28",4573855,"010801040103",4.535733,0,0,"VT",0,0,0,0,0,0,1,0,0,0,0,0,0,0,0,0
"29",4573857,"010801040103",16.995995,0.091778373,0.54,"VT",0,0,0,0,0,0,1,22.678894860165,0,0,0,0,0,0,0,0
"30",4573859,"010801040103",1.375226,0,0,"VT",0,0,0,0,0,0,1,0,0,0,0,0,0,0,0,0
"31",4573861,"010801040104",1.828519,0,0,"VT",0,0,0,0,0,0,1,0,0,0,0,0,0,0,0,0
"32",4573863,"010801040103",5.070706,0,0,"VT",0,0,0,0,0,0,1,0,0,0,0,0,0,0,0,0
"33",4573865,"010801040104",1.300175,0,0,"VT",0,0,0,0,0,0,1,0,0,0,0,0,0,0,0,0
"34",4573867,"010801040104",1.807239,0,0,"VT",0,0,0,0,0,0,1,0,0,0,0,0,0,0,0,0
"35",4573869,"010801040103",2.141052,0,0,"VT",0,0,0,0,0,0,1,0,0,0,0,0,0,0,0,0
"36",4573871,"010801040103",0.601027,0,0,"VT",0,0,0,0,0,0,1,0,0,0,0,0,0,0,0,0
"37",4573873,"010801040103",3.216137,0,0,"VT",0,0,0,0,0,0,1,0,0,0,0,0,0,0,0,0
"38",4573929,"010801040101",10.923128,0,0,"VT",0,0,0,0,0,0,1,0,0,0,0,0,0,0,0,0
"39",4573931,"010801040101",10.151165,0,0,"VT",0,0,0,0,0,0,1,0,0,0,0,0,0,0,0,0
"40",4573933,"010801040101",1.218279,0,0,"VT",0,0,0,0,0,0,1,0,0,0,0,0,0,0,0,0
"41",4573935,"010801040102",3.260968,0,0,"VT",0,0,0,0,0,0,1,0,0,0,0,0,0,0,0,0
"42",4573937,"010801040102",9.345535,0,0,"VT",0,0,0,0,0,0,1,0,0,0,0,0,0,0,0,0
"43",4573939,"010801040102",9.801404,0,0,"VT",0,0,0,0,0,0,1,0,0,0,0,0,0,0,0,0
"44",4573941,"010801040102",7.633347,0,0,"VT",0,0,0,0,0,0,1,0,0,0,0,0,0,0,0,0
"45",4573943,"010801040102",3.537847,0,0,"VT",0,0,0,0,0,0,1,0,0,0,0,0,0,0,0,0
"46",4573945,"010801040102",12.340129,0,0,"VT",0,0,0,0,0,0,1,0,0,0,0,0,0,0,0,0
"47",4573947,"010801040103",25.036907,0,0,"VT",0,0,0,0,0,0,1,0,0,0,0,0,0,0,0,0
"48",4573949,"010801040103",4.347081,0.0712921284,1.64,"VT",0,0,0,0,1,17.616641388282,0,0,0,0,0,0,0,0,0,0
"49",4573951,"010801040103",23.927737,0.0215349633,0.09,"VT",0,0,0,0,0,0,1,5.3213971062465,0,0,0,0,0,0,0,0
"50",4573953,"010801040101",1.038688,0,0,"VT",0,0,0,0,0,0,1,0,0,0,0,0,0,0,0,0
"51",4573979,"010801040102",0.775624,0,0,"VT",0,0,0,0,0,0,1,0,0,0,0,0,0,0,0,0
"52",4573997,"010801040101",0.207817,0,0,"VT",0,0,0,0,0,0,1,0,0,0,0,0,0,0,0,0
"53",4574005,"010801040104",2.006823,0,0,"VT",0,0,0,0,0,0,1,0,0,0,0,0,0,0,0,0
"54",4574007,"010801040104",0.054147,0,0,"VT",0,0,0,0,0,0,1,0,0,0,0,0,0,0,0,0
"55",4574473,"010801040104",0.200777,0,0,"VT",0,0,0,0,0,0,1,0,0,0,0,0,0,0,0,0
"56",4574475,"010801040103",0.884464,0,0,"VT",0,0,0,0,0,0,1,0,0,0,0,0,0,0,0,0
"57",4574477,"010801040103",0.291181,0,0,"VT",0,0,0,0,0,0,1,0,0,0,0,0,0,0,0,0
"58",4574481,"010801040104",0.814783,0,0,"VT",0,0,0,0,0,0,1,0,0,0,0,0,0,0,0,0
"59",4574483,"010801040104",5.156528,0.1113810048,2.16,"VT",0,0,0,0,0,0,0,0,1,27.522803191104,0,0,0,0,0,0
"60",4574485,"010801040103",1.425914,0,0,"VT",0,0,0,0,0,0,1,0,0,0,0,0,0,0,0,0
"61",4574487,"010801040104",0.964753,0,0,"VT",0,0,0,0,0,0,1,0,0,0,0,0,0,0,0,0
"62",4574491,"010801040104",0.982505,0,0,"VT",0,0,0,0,0,0,1,0,0,0,0,0,0,0,0,0
"63",4574493,"010801040104",0.554472,0,0,"VT",0,0,0,0,0,0,1,0,0,0,0,0,0,0,0,0
"64",4574495,"010801040103",2.829599,0,0,"VT",0,0,0,0,0,0,1,0,0,0,0,0,0,0,0,0
"65",4574499,"010801040103",2.902651,0,0,"VT",0,0,0,0,0,0,1,0,0,0,0,0,0,0,0,0
"66",4574501,"010801040103",5.540752,0,0,"VT",0,0,0,0,0,0,1,0,0,0,0,0,0,0,0,0
"67",4574503,"010801040104",4.115036,0,0,"VT",0,0,0,0,0,0,1,0,0,0,0,0,0,0,0,0
"68",4574507,"010801040104",1.246445,0,0,"VT",0,0,0,0,0,0,1,0,0,0,0,0,0,0,0,0
"69",4574509,"010801040104",3.109698,0,0,"VT",0,0,0,0,0,0,1,0,0,0,0,0,0,0,0,0
"70",4574511,"010801040103",1.856331,0,0,"VT",0,0,0,0,0,0,1,0,0,0,0,0,0,0,0,0
"71",4574513,"010801040104",1.583772,0.0359516244,2.27,"VT",0,0,0,0,0,0,0,0,1,8.883826147362,0,0,0,0,0,0
"72",4574515,"010801040104",1.407037,0.0278593326,1.98,"VT",0,0,0,0,0,0,0,0,1,6.884180382123,0,0,0,0,0,0
"73",4574517,"010801040104",0.27729,0,0,"VT",0,0,0,0,0,0,1,0,0,0,0,0,0,0,0,0
"74",4574519,"010801040302",3.875658,0,0,"VT",0,0,1,0,0,0,0,0,0,0,0,0,0,0,0,0
"75",4574521,"010801040302",2.864947,0,0,"VT",0,0,1,0,0,0,0,0,0,0,0,0,0,0,0,0
"76",4574525,"010801040104",2.268023,0,0,"VT",0,0,0,0,0,0,1,0,0,0,0,0,0,0,0,0
"77",4574527,"010801040302",1.158074,0,0,"VT",0,0,1,0,0,0,0,0,0,0,0,0,0,0,0,0
"78",4574529,"010801040301",1.75178,0,0,"VT",0,0,0,0,0,0,0,0,0,0,0,0,1,0,0,0
"79",4574531,"010801040301",2.003085,0,0,"VT",0,0,0,0,0,0,0,0,0,0,0,0,1,0,0,0
"80",4574535,"010801040302",3.2181,0,0,"VT",0,0,1,0,0,0,0,0,0,0,0,0,0,0,0,0
"81",4574537,"010801040302",4.028251,0,0,"VT",0,0,1,0,0,0,0,0,0,0,0,0,0,0,0,0
"82",4574539,"010801040302",2.919325,0,0,"VT",0,0,1,0,0,0,0,0,0,0,0,0,0,0,0,0
"83",4574541,"010801040104",2.26871,0,0,"VT",0,0,0,0,0,0,1,0,0,0,0,0,0,0,0,0
"84",4574543,"010801040302",2.868364,0,0,"VT",0,0,1,0,0,0,0,0,0,0,0,0,0,0,0,0
"85",4574545,"010801040302",4.305942,0,0,"VT",0,0,1,0,0,0,0,0,0,0,0,0,0,0,0,0
"86",4574549,"010801040301",6.171222,0,0,"VT",0,0,0,0,0,0,0,0,0,0,0,0,1,0,0,0
"87",4574551,"010801040302",4.885566,0,0,"VT",0,0,1,0,0,0,0,0,0,0,0,0,0,0,0,0
"88",4574553,"010801040302",4.378498,0,0,"VT",0,0,1,0,0,0,0,0,0,0,0,0,0,0,0,0
"89",4574555,"010801040302",2.313468,0,0,"VT",0,0,1,0,0,0,0,0,0,0,0,0,0,0,0,0
"90",4574557,"010801040301",0.940335,0,0,"VT",0,0,0,0,0,0,0,0,0,0,0,0,1,0,0,0
"91",4574559,"010801040301",5.935,0,0,"VT",0,0,0,0,0,0,0,0,0,0,0,0,1,0,0,0
"92",4574561,"010801040301",0.243708,0,0,"VT",0,0,0,0,0,0,0,0,0,0,0,0,1,0,0,0
"93",4574563,"010801040302",4.342553,0,0,"VT",0,0,1,0,0,0,0,0,0,0,0,0,0,0,0,0
"94",4574565,"010801040302",1.191103,0,0,"VT",0,0,1,0,0,0,0,0,0,0,0,0,0,0,0,0
"95",4574567,"010801040302",0.750307,0,0,"VT",0,0,1,0,0,0,0,0,0,0,0,0,0,0,0,0
"96",4574569,"010801040302",1.098327,0,0,"VT",0,0,1,0,0,0,0,0,0,0,0,0,0,0,0,0
"97",4574575,"010801040303",3.037177,0,0,"VT",0,0,1,0,0,0,0,0,0,0,0,0,0,0,0,0
"98",4574579,"010801040302",3.287146,0,0,"VT",0,0,1,0,0,0,0,0,0,0,0,0,0,0,0,0
"99",4574581,"010801040301",4.47612,0,0,"VT",0,0,0,0,0,0,0,0,0,0,0,0,1,0,0,0
"100",4574583,"010801040301",1.024824,0,0,"VT",0,0,0,0,0,0,0,0,0,0,0,0,1,0,0,0
"101",4574585,"010801040302",3.828817,0,0,"VT",0,0,1,0,0,0,0,0,0,0,0,0,0,0,0,0
"102",4574587,"010801040302",1.206603,0,0,"VT",0,0,1,0,0,0,0,0,0,0,0,0,0,0,0,0
"103",4574589,"010801040302",2.501794,0,0,"VT",0,0,1,0,0,0,0,0,0,0,0,0,0,0,0,0
"104",4574591,"010801040301",3.602877,0.0403522224,1.12,"VT",0,0,0,0,1,9.971235916152,0,0,0,0,0,0,0,0,0,0
"105",4574595,"010801040302",1.705591,0,0,"VT",0,0,1,0,0,0,0,0,0,0,0,0,0,0,0,0
"106",4574597,"010801040302",0.843201,0,0,"VT",0,0,1,0,0,0,0,0,0,0,0,0,0,0,0,0
"107",4574599,"010801040302",1.599894,0,0,"VT",0,0,1,0,0,0,0,0,0,0,0,0,0,0,0,0
"108",4574601,"010801040303",3.27287,0,0,"VT",0,0,1,0,0,0,0,0,0,0,0,0,0,0,0,0
"109",4574603,"010801040303",1.510522,0,0,"VT",0,0,1,0,0,0,0,0,0,0,0,0,0,0,0,0
"110",4574605,"010801040302",3.257015,0,0,"VT",0,0,1,0,0,0,0,0,0,0,0,0,0,0,0,0
"111",4574607,"010801040302",1.621492,0,0,"VT",0,0,1,0,0,0,0,0,0,0,0,0,0,0,0,0
"112",4574609,"010801040303",2.535494,0,0,"VT",0,0,1,0,0,0,0,0,0,0,0,0,0,0,0,0
"113",4574611,"010801040303",2.584433,0,0,"VT",0,0,1,0,0,0,0,0,0,0,0,0,0,0,0,0
"114",4574613,"010801040303",1.353881,0,0,"VT",0,0,1,0,0,0,0,0,0,0,0,0,0,0,0,0
"115",4574617,"010801040302",4.752754,0,0,"VT",0,0,1,0,0,0,0,0,0,0,0,0,0,0,0,0
"116",4574619,"010801040302",1.779101,0,0,"VT",0,0,1,0,0,0,0,0,0,0,0,0,0,0,0,0
"117",4574623,"010801040303",1.48724,0,0,"VT",0,0,1,0,0,0,0,0,0,0,0,0,0,0,0,0
"118",4574625,"010801040303",0.280299,0,0,"VT",0,0,1,0,0,0,0,0,0,0,0,0,0,0,0,0
"119",4574627,"010801040301",5.401005,0,0,"VT",0,0,0,0,0,0,0,0,0,0,0,0,1,0,0,0
"120",4574633,"010801040301",3.728365,0,0,"VT",0,0,0,0,0,0,0,0,0,0,0,0,1,0,0,0
"121",4574635,"010801040303",1.89121,0,0,"VT",0,0,1,0,0,0,0,0,0,0,0,0,0,0,0,0
"122",4574637,"010801040303",1.367571,0,0,"VT",0,0,1,0,0,0,0,0,0,0,0,0,0,0,0,0
"123",4574641,"010801040301",3.905699,0.0578043452,1.48,"VT",0,0,0,0,1,14.283742720646,0,0,0,0,0,0,0,0,0,0
"124",4574643,"010801040302",3.974856,0,0,"VT",0,0,1,0,0,0,0,0,0,0,0,0,0,0,0,0
"125",4574645,"010801040303",4.528515,0,0,"VT",0,0,1,0,0,0,0,0,0,0,0,0,0,0,0,0
"126",4574647,"010801040303",8.480437,0,0,"VT",0,0,1,0,0,0,0,0,0,0,0,0,0,0,0,0
"127",4574649,"010801040303",1.220833,0,0,"VT",0,0,1,0,0,0,0,0,0,0,0,0,0,0,0,0
"128",4574651,"010801040303",1.443691,0,0,"VT",0,0,1,0,0,0,0,0,0,0,0,0,0,0,0,0
"129",4574653,"010801040302",6.040733,0,0,"VT",0,0,1,0,0,0,0,0,0,0,0,0,0,0,0,0
"130",4574655,"010801040303",0.569399,0,0,"VT",0,0,1,0,0,0,0,0,0,0,0,0,0,0,0,0
"131",4574657,"010801040303",2.57156,0,0,"VT",0,0,1,0,0,0,0,0,0,0,0,0,0,0,0,0
"132",4574659,"010801040303",0.808781,0,0,"VT",0,0,1,0,0,0,0,0,0,0,0,0,0,0,0,0
"133",4574661,"010801040303",1.723262,0,0,"VT",0,0,1,0,0,0,0,0,0,0,0,0,0,0,0,0
"134",4574663,"010801040303",0.351507,0,0,"VT",0,0,1,0,0,0,0,0,0,0,0,0,0,0,0,0
"135",4574665,"010801040303",3.036165,0,0,"VT",0,0,1,0,0,0,0,0,0,0,0,0,0,0,0,0
"136",4574669,"010801040302",3.127993,0,0,"VT",0,0,1,0,0,0,0,0,0,0,0,0,0,0,0,0
"137",4574671,"010801040302",6.408992,0,0,"VT",0,0,1,0,0,0,0,0,0,0,0,0,0,0,0,0
"138",4574673,"010801040303",2.688804,0,0,"VT",0,0,1,0,0,0,0,0,0,0,0,0,0,0,0,0
"139",4574675,"010801040303",0.749478,0,0,"VT",0,0,1,0,0,0,0,0,0,0,0,0,0,0,0,0
"140",4574679,"010801040303",2.036354,0,0,"VT",0,0,1,0,0,0,0,0,0,0,0,0,0,0,0,0
"141",4574681,"010801040303",5.74582,0,0,"VT",0,0,1,0,0,0,0,0,0,0,0,0,0,0,0,0
"142",4574683,"010801040303",6.827205,0,0,"VT",0,0,1,0,0,0,0,0,0,0,0,0,0,0,0,0
"143",4574685,"010801040303",3.473059,0,0,"VT",0,0,1,0,0,0,0,0,0,0,0,0,0,0,0,0
"144",4574687,"010801040303",2.60343,0,0,"VT",0,0,1,0,0,0,0,0,0,0,0,0,0,0,0,0
"145",4574689,"010801040303",0.048503,0,0,"VT",0,0,1,0,0,0,0,0,0,0,0,0,0,0,0,0
"146",4574691,"010801040303",0.904686,0,0,"VT",0,0,1,0,0,0,0,0,0,0,0,0,0,0,0,0
"147",4574695,"010801040303",0.092588,0,0,"VT",0,0,1,0,0,0,0,0,0,0,0,0,0,0,0,0
"148",4574697,"010801040303",3.826921,0,0,"VT",0,0,1,0,0,0,0,0,0,0,0,0,0,0,0,0
"149",4574699,"010801040303",0.330635,0,0,"VT",0,0,1,0,0,0,0,0,0,0,0,0,0,0,0,0
"150",4574701,"010801040303",4.006965,0,0,"VT",0,0,1,0,0,0,0,0,0,0,0,0,0,0,0,0
"151",4574703,"010801040303",0.007777,0,0,"VT",0,0,1,0,0,0,0,0,0,0,0,0,0,0,0,0
"152",4574705,"010801040303",3.497883,0,0,"VT",0,0,1,0,0,0,0,0,0,0,0,0,0,0,0,0
"153",4574707,"010801040303",0.128477,0,0,"VT",0,0,1,0,0,0,0,0,0,0,0,0,0,0,0,0
"154",4574711,"010801040303",1.667304,0,0,"VT",0,0,1,0,0,0,0,0,0,0,0,0,0,0,0,0
"155",4574719,"010801040303",9.192105,0,0,"VT",0,0,1,0,0,0,0,0,0,0,0,0,0,0,0,0
"156",4574721,"010801040304",3.37553,0,0,"VT",0,0,1,0,0,0,0,0,0,0,0,0,0,0,0,0
"157",4574723,"010801040304",0.380052,0,0,"VT",0,0,1,0,0,0,0,0,0,0,0,0,0,0,0,0
"158",4574725,"010801040304",6.525525,0,0,"VT",0,0,1,0,0,0,0,0,0,0,0,0,0,0,0,0
"159",4574727,"010801040304",1.455284,0,0,"VT",0,0,1,0,0,0,0,0,0,0,0,0,0,0,0,0
"160",4574729,"010801040304",0.593215,0,0,"VT",0,0,1,0,0,0,0,0,0,0,0,0,0,0,0,0
"161",4574755,"010801040104",7.997885,0.035190694,0.44,"VT",0,0,0,0,0,0,1,8.69579644087,0,0,0,0,0,0,0,0
"162",4574761,"010801040301",1.453801,0.0296575404,2.04,"VT",0,0,0,0,1,7.328526520542,0,0,0,0,0,0,0,0,0,0
"163",4574763,"010801040302",1.512884,0,0,"VT",0,0,1,0,0,0,0,0,0,0,0,0,0,0,0,0
"164",4574765,"010801040302",1.615889,0,0,"VT",0,0,1,0,0,0,0,0,0,0,0,0,0,0,0,0
"165",4574767,"010801040303",4.474812,0,0,"VT",0,0,1,0,0,0,0,0,0,0,0,0,0,0,0,0
"166",4574769,"010801040303",6.143775,0,0,"VT",0,0,1,0,0,0,0,0,0,0,0,0,0,0,0,0
"167",4574771,"010801040303",0.987775,0,0,"VT",0,0,1,0,0,0,0,0,0,0,0,0,0,0,0,0
"168",4574773,"010801040303",9.131542,0,0,"VT",0,0,1,0,0,0,0,0,0,0,0,0,0,0,0,0
"169",4574775,"010801040303",3.235225,0,0,"VT",0,0,1,0,0,0,0,0,0,0,0,0,0,0,0,0
"170",4574777,"010801040302",4.6119,0,0,"VT",0,0,1,0,0,0,0,0,0,0,0,0,0,0,0,0
"171",4574779,"010801040303",6.234132,0,0,"VT",0,0,1,0,0,0,0,0,0,0,0,0,0,0,0,0
"172",4574781,"010801040302",0.084446,0,0,"VT",0,0,1,0,0,0,0,0,0,0,0,0,0,0,0,0
"173",4574783,"010801040302",1.064205,0,0,"VT",0,0,1,0,0,0,0,0,0,0,0,0,0,0,0,0
"174",4574785,"010801040302",0.964039,0,0,"VT",0,0,1,0,0,0,0,0,0,0,0,0,0,0,0,0
"175",4574787,"010801040302",1.252762,0,0,"VT",0,0,1,0,0,0,0,0,0,0,0,0,0,0,0,0
"176",4574789,"010801040302",1.019815,0,0,"VT",0,0,1,0,0,0,0,0,0,0,0,0,0,0,0,0
"177",4574791,"010801040302",2.179211,0,0,"VT",0,0,1,0,0,0,0,0,0,0,0,0,0,0,0,0
"178",4574793,"010801040302",0.682161,0,0,"VT",0,0,1,0,0,0,0,0,0,0,0,0,0,0,0,0
"179",4574795,"010801040303",2.40692,0,0,"VT",0,0,1,0,0,0,0,0,0,0,0,0,0,0,0,0
"180",4574797,"010801040303",1.582651,0,0,"VT",0,0,1,0,0,0,0,0,0,0,0,0,0,0,0,0
"181",4574799,"010801040303",0.599462,0,0,"VT",0,0,1,0,0,0,0,0,0,0,0,0,0,0,0,0
"182",4574801,"010801040303",10.325112,0,0,"VT",0,0,1,0,0,0,0,0,0,0,0,0,0,0,0,0
"183",4574803,"010801040303",0.560889,0,0,"VT",0,0,1,0,0,0,0,0,0,0,0,0,0,0,0,0
"184",4574805,"010801040304",2.02504,0,0,"VT",0,0,1,0,0,0,0,0,0,0,0,0,0,0,0,0
"185",4574807,"010801040304",10.208421,0.0438962103,0.43,"VT",0,0,0,0,1,10.8469730461815,0,0,0,0,0,0,0,0,0,0
"186",4574811,"010801040104",0.64869,0.121110423,18.67,"NH",0,0,0,0,0,0,0,0,1,29.926991075415,0,0,0,0,0,0
"187",4574813,"010801040301",0.156495,0,0,"VT",0,0,0,0,0,0,0,0,0,0,0,0,1,0,0,0
"188",4574815,"010801040301",2.799553,0.0207166922,0.74,"VT",0,0,0,0,1,5.119198226081,0,0,0,0,0,0,0,0,0,0
"189",4574817,"010801040303",0.265047,0,0,"VT",0,0,1,0,0,0,0,0,0,0,0,0,0,0,0,0
"190",4574819,"010801040301",0.064575,0,0,"VT",0,0,0,0,0,0,0,0,0,0,0,0,1,0,0,0
"191",4574823,"010801040301",5.818173,0,0,"VT",0,0,0,0,0,0,0,0,0,0,0,0,1,0,0,0
"192",4574825,"010801040301",0.405235,0,0,"VT",0,0,0,0,0,0,0,0,0,0,0,0,1,0,0,0
"193",4574827,"010801040301",3.673223,0.007346446,0.2,"VT",0,0,0,0,1,1.81534353883,0,0,0,0,0,0,0,0,0,0
"194",4574829,"010801040303",1.030668,0,0,"VT",0,0,1,0,0,0,0,0,0,0,0,0,0,0,0,0
"195",4574835,"010801040303",0.529579,0,0,"VT",0,0,1,0,0,0,0,0,0,0,0,0,0,0,0,0
"196",4574837,"010801040304",0.073067,0,0,"VT",0,0,1,0,0,0,0,0,0,0,0,0,0,0,0,0
"197",4574839,"010801040402",2.625688,0,0,"VT",0,0,0,0,0,0,1,0,0,0,0,0,0,0,0,0
"198",4574841,"010801040302",2.508819,0,0,"VT",0,0,1,0,0,0,0,0,0,0,0,0,0,0,0,0
"199",4574843,"010801040302",0.418175,0,0,"VT",0,0,1,0,0,0,0,0,0,0,0,0,0,0,0,0
"200",4574847,"010801040302",2.429703,0,0,"VT",0,0,1,0,0,0,0,0,0,0,0,0,0,0,0,0
"201",4574849,"010801040304",2.274659,0,0,"VT",0,0,1,0,0,0,0,0,0,0,0,0,0,0,0,0
"202",4574851,"010801040304",0.861208,0,0,"VT",0,0,1,0,0,0,0,0,0,0,0,0,0,0,0,0
"203",4574853,"010801040304",1.314347,0,0,"VT",0,0,1,0,0,0,0,0,0,0,0,0,0,0,0,0
"204",4574857,"010801040302",1.184659,0,0,"VT",0,0,1,0,0,0,0,0,0,0,0,0,0,0,0,0
"205",4574859,"010801040103",0.047517,0,0,"VT",0,0,0,0,0,0,1,0,0,0,0,0,0,0,0,0
"206",4574863,"010801040302",0.053762,0,0,"VT",0,0,1,0,0,0,0,0,0,0,0,0,0,0,0,0
"207",4574867,"010801040302",0.021643,0,0,"VT",0,0,1,0,0,0,0,0,0,0,0,0,0,0,0,0
"208",6082735,"010801050301",0.360456,0,0,"VT",0,0,0,0,0,0,1,0,0,0,0,0,0,0,0,0
"209",6082737,"010801050301",1.372807,0,0,"VT",0,0,0,0,0,0,1,0,0,0,0,0,0,0,0,0
"210",6082739,"010801050301",3.866105,0,0,"VT",0,0,0,0,0,0,1,0,0,0,0,0,0,0,0,0
"211",6082741,"010801050201",7.239995,0,0,"VT",0,0,1,0,0,0,0,0,0,0,0,0,0,0,0,0
"212",6082743,"010801050201",0.48475,0,0,"VT",0,0,1,0,0,0,0,0,0,0,0,0,0,0,0,0
"213",6082745,"010801050401",12.332165,0,0,"VT",0,0,0,0,0,0,1,0,0,0,0,0,0,0,0,0
"214",6082747,"010801050301",10.65739,0.039432343,0.37,"VT",0,0,0,0,1,9.743929117015,0,0,0,0,0,0,0,0,0,0
"215",6082751,"010801050301",3.669279,0,0,"VT",0,0,0,0,0,0,1,0,0,0,0,0,0,0,0,0
"216",6082753,"010801050301",2.780281,0.0100090116,0.36,"VT",0,0,0,0,1,2.473276811418,0,0,0,0,0,0,0,0,0,0
"217",6082755,"010801050301",5.497378,0,0,"VT",0,0,0,0,0,0,1,0,0,0,0,0,0,0,0,0
"218",6082757,"010801050401",1.059648,0,0,"VT",0,0,0,0,0,0,1,0,0,0,0,0,0,0,0,0
"219",6082759,"010801050301",7.871464,0.0440801984,0.56,"VT",0,0,0,0,0,0,1,10.892437425632,0,0,0,0,0,0,0,0
"220",6082761,"010801050301",5.945504,0.1195046304,2.01,"VT",0,0,0,0,1,29.530191694992,0,0,0,0,0,0,0,0,0,0
"221",6082763,"010801050201",12.225342,0.0024450684,0.02,"VT",0,0,1,0.604188626982,0,0,0,0,0,0,0,0,0,0,0,0
"222",6082765,"010801050401",3.363786,0,0,"VT",0,0,0,0,0,0,1,0,0,0,0,0,0,0,0,0
"223",6082767,"010801050401",14.390732,0,0,"VT",0,0,0,0,0,0,1,0,0,0,0,0,0,0,0,0
"224",6082769,"010801050401",10.594565,0,0,"VT",0,0,0,0,0,0,1,0,0,0,0,0,0,0,0,0
"225",6082771,"010801050202",11.0521,0,0,"VT",0,0,1,0,0,0,0,0,0,0,0,0,0,0,0,0
"226",6082773,"010801050202",6.366199,0,0,"VT",0,0,1,0,0,0,0,0,0,0,0,0,0,0,0,0
"227",6082775,"010801050202",6.323385,0,0,"VT",0,0,1,0,0,0,0,0,0,0,0,0,0,0,0,0
"228",6082777,"010801050202",0.560637,0,0,"VT",0,0,1,0,0,0,0,0,0,0,0,0,0,0,0,0
"229",6082779,"010801050201",1.685593,0.0161816928,0.96,"VT",0,0,1,3.998577199344,0,0,0,0,0,0,0,0,0,0,0,0
"230",6082781,"010801050401",6.649912,0,0,"VT",0,0,0,0,0,0,1,0,0,0,0,0,0,0,0,0
"231",6082783,"010801050202",0.042872,0,0,"VT",0,0,1,0,0,0,0,0,0,0,0,0,0,0,0,0
"232",6082787,"010801050201",10.158896,0,0,"VT",0,0,1,0,0,0,0,0,0,0,0,0,0,0,0,0
"233",6082789,"010801050301",4.591006,0.1276299668,2.78,"VT",0,0,0,0,0,0,1,31.538002946114,0,0,0,0,0,0,0,0
"234",6082791,"010801050401",0.872167,0,0,"VT",0,0,0,0,0,0,1,0,0,0,0,0,0,0,0,0
"235",6082793,"010801050401",0.632959,0,0,"VT",0,0,0,0,0,0,1,0,0,0,0,0,0,0,0,0
"236",6082795,"010801050301",5.773895,0.1368413115,2.37,"VT",0,0,0,0,0,0,1,33.8141722782075,0,0,0,0,0,0,0,0
"237",6082797,"010801050202",2.646,0,0,"VT",0,0,1,0,0,0,0,0,0,0,0,0,0,0,0,0
"238",6082799,"010801050401",1.581738,0,0,"VT",0,0,0,0,0,0,1,0,0,0,0,0,0,0,0,0
"239",6082801,"010801050401",9.477534,0,0,"VT",0,0,0,0,0,0,1,0,0,0,0,0,0,0,0,0
"240",6082803,"010801050401",0.150516,0,0,"VT",0,0,0,0,0,0,1,0,0,0,0,0,0,0,0,0
"241",6082807,"010801050301",8.852901,0,0,"VT",0,0,0,0,0,0,1,0,0,0,0,0,0,0,0,0
"242",6082809,"010801050201",1.428745,0.035147127,2.46,"VT",0,0,0,0,1,8.685030817335,0,0,0,0,0,0,0,0,0,0
"243",6082811,"010801050301",3.047935,0.118869465,3.9,"VT",0,0,0,0,1,29.373239148825,0,0,0,0,0,0,0,0,0,0
"244",6082813,"010801050202",12.655649,0.0354358172,0.28,"VT",0,0,0,0,0,0,1,8.756367609206,0,0,0,0,0,0,0,0
"245",6082815,"010801050202",1.606339,0,0,"VT",0,0,1,0,0,0,0,0,0,0,0,0,0,0,0,0
"246",6082817,"010801050202",2.6127,0,0,"VT",0,0,1,0,0,0,0,0,0,0,0,0,0,0,0,0
"247",6082819,"010801050201",0.493691,0,0,"VT",0,0,1,0,0,0,0,0,0,0,0,0,0,0,0,0
"248",6082823,"010801050101",5.209563,0,0,"VT",0,0,1,0,0,0,0,0,0,0,0,0,0,0,0,0
"249",6082825,"010801050101",3.648338,0,0,"VT",0,0,1,0,0,0,0,0,0,0,0,0,0,0,0,0
"250",6082857,"010801050201",5.894043,0,0,"VT",0,0,1,0,0,0,0,0,0,0,0,0,0,0,0,0
"251",6082859,"010801050201",11.32303,0,0,"VT",0,0,1,0,0,0,0,0,0,0,0,0,0,0,0,0
"252",6082861,"010801050401",13.520913,0.0216334608,0.16,"VT",0,0,0,0,0,0,1,5.345736330984,0,0,0,0,0,0,0,0
"253",6082863,"010801050401",7.534514,0,0,"VT",0,0,0,0,0,0,1,0,0,0,0,0,0,0,0,0
"254",6082865,"010801050201",11.079132,0,0,"VT",0,0,1,0,0,0,0,0,0,0,0,0,0,0,0,0
"255",6082867,"010801050401",6.954362,0.0326855014,0.47,"VT",0,0,0,0,0,0,1,8.076750823447,0,0,0,0,0,0,0,0
"256",6082869,"010801050401",3.02387,0,0,"VT",0,0,0,0,0,0,1,0,0,0,0,0,0,0,0,0
"257",6082871,"010801050201",11.669414,0,0,"VT",0,0,1,0,0,0,0,0,0,0,0,0,0,0,0,0
"258",6082877,"010801050301",0.865944,0,0,"VT",0,0,0,0,0,0,1,0,0,0,0,0,0,0,0,0
"259",6082881,"010801050301",0.556842,0,0,"VT",0,0,0,0,0,0,1,0,0,0,0,0,0,0,0,0
"260",6082887,"010801050301",1.390712,0,0,"VT",0,0,0,0,0,0,1,0,0,0,0,0,0,0,0,0
"261",6082889,"010801050301",1.656697,0,0,"VT",0,0,0,0,0,0,1,0,0,0,0,0,0,0,0,0
"262",6082891,"010801050301",0.789328,0,0,"VT",0,0,0,0,0,0,1,0,0,0,0,0,0,0,0,0
"263",6082895,"010801050301",0.149379,0.0107403501,7.19,"VT",0,0,0,0,1,2.6539942114605,0,0,0,0,0,0,0,0,0,0
"264",6083315,"010801050401",0.18354,0,0,"VT",0,0,0,0,0,0,1,0,0,0,0,0,0,0,0,0
"265",6083319,"010801050401",2.643957,0,0,"VT",0,0,0,0,0,0,1,0,0,0,0,0,0,0,0,0
"266",6083323,"010801050401",0.567149,0,0,"VT",0,0,0,0,0,0,1,0,0,0,0,0,0,0,0,0
"267",6083325,"010801050401",0.428046,0,0,"VT",0,0,0,0,0,0,1,0,0,0,0,0,0,0,0,0
"268",6083327,"010801050202",0.152976,0,0,"VT",0,0,1,0,0,0,0,0,0,0,0,0,0,0,0,0
"269",6083329,"010801050202",1.776367,0,0,"VT",0,0,1,0,0,0,0,0,0,0,0,0,0,0,0,0
"270",6083331,"010801050401",5.25009,0,0,"VT",0,0,0,0,0,0,1,0,0,0,0,0,0,0,0,0
"271",6083335,"010801050202",0.163821,0,0,"VT",0,0,1,0,0,0,0,0,0,0,0,0,0,0,0,0
"272",6083337,"010801050401",1.108046,0,0,"VT",0,0,0,0,0,0,1,0,0,0,0,0,0,0,0,0
"273",6083339,"010801050202",1.021953,0,0,"VT",0,0,1,0,0,0,0,0,0,0,0,0,0,0,0,0
"274",6083341,"010801050401",1.542715,0,0,"VT",0,0,0,0,0,0,1,0,0,0,0,0,0,0,0,0
"275",6083343,"010801050401",2.875083,0,0,"VT",0,0,0,0,0,0,1,0,0,0,0,0,0,0,0,0
"276",6083345,"010801050101",0.621628,0,0,"VT",0,0,1,0,0,0,0,0,0,0,0,0,0,0,0,0
"277",6083349,"010801050101",0.96884,0,0,"VT",0,0,1,0,0,0,0,0,0,0,0,0,0,0,0,0
"278",6083351,"010801050201",0.47967,0,0,"VT",0,0,1,0,0,0,0,0,0,0,0,0,0,0,0,0
"279",6083355,"010801050201",0.033601,0,0,"VT",0,0,1,0,0,0,0,0,0,0,0,0,0,0,0,0
"280",6083357,"010801050201",0.771771,0,0,"VT",0,0,1,0,0,0,0,0,0,0,0,0,0,0,0,0
"281",6083363,"010801050201",0.083837,0,0,"VT",0,0,1,0,0,0,0,0,0,0,0,0,0,0,0,0
"282",6083365,"010801050201",3.648849,0,0,"VT",0,0,1,0,0,0,0,0,0,0,0,0,0,0,0,0
"283",6083367,"010801050101",0.552532,0,0,"VT",0,0,1,0,0,0,0,0,0,0,0,0,0,0,0,0
"284",6083369,"010801050201",0.070392,0,0,"VT",0,0,1,0,0,0,0,0,0,0,0,0,0,0,0,0
"285",6083373,"010801050101",3.388993,0,0,"VT",0,0,1,0,0,0,0,0,0,0,0,0,0,0,0,0
"286",6083375,"010801050101",1.255675,0,0,"VT",0,0,1,0,0,0,0,0,0,0,0,0,0,0,0,0
"287",6083377,"010801050202",1.162044,0,0,"VT",0,0,1,0,0,0,0,0,0,0,0,0,0,0,0,0
"288",6083381,"010801050201",2.271566,0,0,"VT",0,0,1,0,0,0,0,0,0,0,0,0,0,0,0,0
"289",6083383,"010801050202",3.071901,0.0055294218,0.18,"VT",0,0,0,0,0,0,1,1.366347773889,0,0,0,0,0,0,0,0
"290",6083385,"010801050401",1.860371,0,0,"VT",0,0,0,0,0,0,1,0,0,0,0,0,0,0,0,0
"291",6083387,"010801050202",0.958735,0,0,"VT",0,0,1,0,0,0,0,0,0,0,0,0,0,0,0,0
"292",6083389,"010801050202",2.229808,0.0153856752,0.69,"VT",0,0,0,0,0,0,1,3.801877270296,0,0,0,0,0,0,0,0
"293",6083391,"010801050301",5.219551,0.0214001591,0.41,"VT",0,0,0,0,0,0,1,5.2880863144055,0,0,0,0,0,0,0,0
"294",6083393,"010801050101",0.438835,0,0,"VT",0,0,1,0,0,0,0,0,0,0,0,0,0,0,0,0
"295",6083395,"010801050101",0.646078,0,0,"VT",0,0,1,0,0,0,0,0,0,0,0,0,0,0,0,0
"296",6083399,"010801050202",0.52703,0,0,"VT",0,0,1,0,0,0,0,0,0,0,0,0,0,0,0,0
"297",6083401,"010801050202",0.812426,0.0359092292,4.42,"VT",0,0,0,0,0,0,1,8.873350081466,0,0,0,0,0,0,0,0
"298",6083403,"010801050301",3.470957,0.0152722108,0.44,"VT",0,0,0,0,0,0,1,3.773839649734,0,0,0,0,0,0,0,0
"299",6083405,"010801050401",6.502687,0,0,"VT",0,0,0,0,0,0,1,0,0,0,0,0,0,0,0,0
"300",6083407,"010801050401",0.662016,0,0,"VT",0,0,0,0,0,0,1,0,0,0,0,0,0,0,0,0
"301",6083409,"010801050401",2.388087,0,0,"VT",0,0,0,0,0,0,1,0,0,0,0,0,0,0,0,0
"302",6083411,"010801050401",0.447377,0,0,"VT",0,0,0,0,0,0,1,0,0,0,0,0,0,0,0,0
"303",6083413,"010801050101",0.932378,0,0,"VT",0,0,1,0,0,0,0,0,0,0,0,0,0,0,0,0
"304",6083417,"010801050301",7.178985,0.126350136,1.76,"VT",0,0,0,0,1,31.22175035628,0,0,0,0,0,0,0,0,0,0
"305",6083419,"010801050301",0.476019,0,0,"VT",0,0,0,0,0,0,1,0,0,0,0,0,0,0,0,0
"306",6083425,"010801050101",3.772007,0,0,"VT",0,0,1,0,0,0,0,0,0,0,0,0,0,0,0,0
"307",6083427,"010801050101",1.652882,0,0,"VT",0,0,1,0,0,0,0,0,0,0,0,0,0,0,0,0
"308",6083429,"010801050401",5.103696,0,0,"VT",0,0,0,0,0,0,1,0,0,0,0,0,0,0,0,0
"309",6083431,"010801050401",5.004634,0,0,"VT",0,0,0,0,0,0,1,0,0,0,0,0,0,0,0,0
"310",6083433,"010801050401",0.136511,0,0,"VT",0,0,0,0,0,0,1,0,0,0,0,0,0,0,0,0
"311",6083435,"010801050201",0.231291,0,0,"VT",0,0,1,0,0,0,0,0,0,0,0,0,0,0,0,0
"312",6083437,"010801050401",5.878034,0,0,"VT",0,0,0,0,0,0,1,0,0,0,0,0,0,0,0,0
"313",6083439,"010801050202",1.244369,0.0377043807,3.03,"VT",0,0,0,0,1,9.3169409928735,0,0,0,0,0,0,0,0,0,0
"314",6083441,"010801050202",1.534033,0,0,"VT",0,0,1,0,0,0,0,0,0,0,0,0,0,0,0,0
"315",6083443,"010801050202",2.399467,0,0,"VT",0,0,1,0,0,0,0,0,0,0,0,0,0,0,0,0
"316",6083445,"010801050202",1.763835,0,0,"VT",0,0,1,0,0,0,0,0,0,0,0,0,0,0,0,0
"317",6083447,"010801050101",0.539026,0,0,"VT",0,0,1,0,0,0,0,0,0,0,0,0,0,0,0,0
"318",6083449,"010801050401",1.665261,0,0,"VT",0,0,0,0,0,0,1,0,0,0,0,0,0,0,0,0
"319",6083451,"010801050401",2.922522,0,0,"VT",0,0,0,0,0,0,1,0,0,0,0,0,0,0,0,0
"320",6083453,"010801050201",5.841318,0,0,"VT",0,0,1,0,0,0,0,0,0,0,0,0,0,0,0,0
"321",6083455,"010801050201",2.801719,0,0,"VT",0,0,1,0,0,0,0,0,0,0,0,0,0,0,0,0
"322",6083457,"010801050301",9.142967,0.09142967,1,"VT",0,0,0,0,1,22.59272860535,0,0,0,0,0,0,0,0,0,0
"323",6083459,"010801050301",1.529129,0.0576481633,3.77,"VT",0,0,0,0,1,14.2451493922465,0,0,0,0,0,0,0,0,0,0
"324",6083461,"010801050101",3.893193,0,0,"VT",0,0,1,0,0,0,0,0,0,0,0,0,0,0,0,0
"325",6083463,"010801050401",0.258258,0,0,"VT",0,0,0,0,0,0,1,0,0,0,0,0,0,0,0,0
"326",6083465,"010801050202",6.872448,0.0123704064,0.18,"VT",0,0,0,0,0,0,1,3.056789273472,0,0,0,0,0,0,0,0
"327",6083467,"010801050202",1.321222,0.0864079188,6.54,"VT",0,0,1,21.351828775074,0,0,0,0,0,0,0,0,0,0,0,0
"328",6083469,"010801050401",1.33427,0,0,"VT",0,0,0,0,0,0,1,0,0,0,0,0,0,0,0,0
"329",6083471,"010801050302",7.306047,0.1205497755,1.65,"VT",0,0,0,0,1,29.7884522749275,0,0,0,0,0,0,0,0,0,0
"330",6083473,"010801050401",1.972732,0,0,"VT",0,0,0,0,0,0,1,0,0,0,0,0,0,0,0,0
"331",6083475,"010801050302",2.084868,0,0,"VT",0,0,0,0,0,0,1,0,0,0,0,0,0,0,0,0
"332",6083477,"010801050201",1.107626,0,0,"VT",0,0,1,0,0,0,0,0,0,0,0,0,0,0,0,0
"333",6083479,"010801050201",3.007162,0.0835991036,2.78,"VT",0,0,1,20.657756495078,0,0,0,0,0,0,0,0,0,0,0,0
"334",6083481,"010801050401",2.051914,0,0,"VT",0,0,0,0,0,0,1,0,0,0,0,0,0,0,0,0
"335",6083483,"010801050401",1.35858,0,0,"VT",0,0,0,0,0,0,1,0,0,0,0,0,0,0,0,0
"336",6083485,"010801050401",0.760459,0,0,"VT",0,0,0,0,0,0,1,0,0,0,0,0,0,0,0,0
"337",6083487,"010801050302",2.742049,0.1305215324,4.76,"VT",0,0,0,0,1,32.252523263702,0,0,0,0,0,0,0,0,0,0
"338",6083489,"010801050302",0.708514,0.0904772378,12.77,"VT",0,0,0,0,1,22.357377846569,0,0,0,0,0,0,0,0,0,0
"339",6083491,"010801050302",0.684749,0,0,"VT",0,0,0,0,0,0,1,0,0,0,0,0,0,0,0,0
"340",6083493,"010801050401",3.101309,0,0,"VT",0,0,0,0,0,0,1,0,0,0,0,0,0,0,0,0
"341",6083495,"010801050401",2.321506,0,0,"VT",0,0,0,0,0,0,1,0,0,0,0,0,0,0,0,0
"342",6083499,"010801050101",3.895089,0,0,"VT",0,0,1,0,0,0,0,0,0,0,0,0,0,0,0,0
"343",6083503,"010801050101",7.320925,0,0,"VT",0,0,1,0,0,0,0,0,0,0,0,0,0,0,0,0
"344",6083505,"010801050202",2.372391,0.0279942138,1.18,"VT",0,0,0,0,0,0,1,6.917510201049,0,0,0,0,0,0,0,0
"345",6083507,"010801050202",2.605424,0,0,"VT",0,0,1,0,0,0,0,0,0,0,0,0,0,0,0,0
"346",6083509,"010801050101",1.677075,0,0,"VT",0,0,1,0,0,0,0,0,0,0,0,0,0,0,0,0
"347",6083511,"010801050302",3.301542,0,0,"VT",0,0,0,0,0,0,1,0,0,0,0,0,0,0,0,0
"348",6083513,"010801050201",5.951535,0.01190307,0.2,"VT",0,0,0,0,0,0,1,2.94130811235,0,0,0,0,0,0,0,0
"349",6083515,"010801050201",1.651735,0.0424495895,2.57,"VT",0,0,0,0,0,0,1,10.4895058133975,0,0,0,0,0,0,0,0
"350",6083517,"010801050302",1.743566,0,0,"VT",0,0,0,0,0,0,1,0,0,0,0,0,0,0,0,0
"351",6083519,"010801050201",4.125408,0,0,"VT",0,0,1,0,0,0,0,0,0,0,0,0,0,0,0,0
"352",6083521,"010801050202",1.713261,0.0442021338,2.58,"VT",0,0,0,0,1,10.922568272649,0,0,0,0,0,0,0,0,0,0
"353",6083523,"010801050201",0.04571,0.000863919,1.89,"VT",0,0,0,0,0,0,1,0.213478704495,0,0,0,0,0,0,0,0
"354",6083525,"010801050302",0.753422,0.0206437628,2.74,"VT",0,0,0,0,1,5.101177006694,0,0,0,0,0,0,0,0,0,0
"355",6083527,"010801050202",0.158725,0,0,"VT",0,0,1,0,0,0,0,0,0,0,0,0,0,0,0,0
"356",6083529,"010801050201",1.03175,0,0,"VT",0,0,1,0,0,0,0,0,0,0,0,0,0,0,0,0
"357",6083531,"010801050101",10.947397,0,0,"VT",0,0,1,0,0,0,0,0,0,0,0,0,0,0,0,0
"358",6083535,"010801050101",5.454188,0,0,"VT",0,0,1,0,0,0,0,0,0,0,0,0,0,0,0,0
"359",6083537,"010801050302",2.791901,0,0,"VT",0,0,0,0,0,0,1,0,0,0,0,0,0,0,0,0
"360",6083539,"010801050401",2.958734,0,0,"VT",0,0,0,0,0,0,1,0,0,0,0,0,0,0,0,0
"361",6083541,"010801050402",0.047329,0,0,"VT",0,0,0,0,0,0,1,0,0,0,0,0,0,0,0,0
"362",6083543,"010801050302",1.7804,0,0,"VT",0,0,0,0,0,0,1,0,0,0,0,0,0,0,0,0
"363",6083545,"010801050302",2.574506,0.0133874312,0.52,"VT",0,0,0,0,0,0,1,3.308101186676,0,0,0,0,0,0,0,0
"364",6083547,"010801050202",4.304934,0.1321614738,3.07,"VT",0,0,1,32.657760983349,0,0,0,0,0,0,0,0,0,0,0,0
"365",6083549,"010801050202",2.411569,0,0,"VT",0,0,1,0,0,0,0,0,0,0,0,0,0,0,0,0
"366",6083553,"010801050201",7.739952,0.0286378224,0.37,"VT",0,0,0,0,0,0,1,7.076549104152,0,0,0,0,0,0,0,0
"367",6083555,"010801050402",0.845706,0,0,"VT",0,0,0,0,0,0,1,0,0,0,0,0,0,0,0,0
"368",6083557,"010801050202",0.147319,0,0,"VT",0,0,1,0,0,0,0,0,0,0,0,0,0,0,0,0
"369",6083559,"010801050402",4.922822,0,0,"VT",0,0,0,0,0,0,1,0,0,0,0,0,0,0,0,0
"370",6083561,"010801050101",2.981924,0,0,"VT",0,0,1,0,0,0,0,0,0,0,0,0,0,0,0,0
"371",6083563,"010801050201",2.38512,0,0,"VT",0,0,1,0,0,0,0,0,0,0,0,0,0,0,0,0
"372",6083565,"010801050101",1.374535,0,0,"VT",0,0,1,0,0,0,0,0,0,0,0,0,0,0,0,0
"373",6083567,"010801050302",1.426376,0,0,"VT",0,0,0,0,0,0,1,0,0,0,0,0,0,0,0,0
"374",6083569,"010801050302",1.408929,0,0,"VT",0,0,0,0,0,0,1,0,0,0,0,0,0,0,0,0
"375",6083571,"010801050101",4.685977,0,0,"VT",0,0,1,0,0,0,0,0,0,0,0,0,0,0,0,0
"376",6083573,"010801050103",2.813256,0,0,"VT",0,0,1,0,0,0,0,0,0,0,0,0,0,0,0,0
"377",6083577,"010801050101",0.472547,0,0,"VT",0,0,1,0,0,0,0,0,0,0,0,0,0,0,0,0
"378",6083579,"010801050101",4.933732,0,0,"VT",0,0,1,0,0,0,0,0,0,0,0,0,0,0,0,0
"379",6083581,"010801050101",2.981695,0,0,"VT",0,0,1,0,0,0,0,0,0,0,0,0,0,0,0,0
"380",6083583,"010801050402",0.818484,0,0,"VT",0,0,0,0,0,0,1,0,0,0,0,0,0,0,0,0
"381",6083585,"010801050101",3.213859,0,0,"VT",0,0,1,0,0,0,0,0,0,0,0,0,0,0,0,0
"382",6083587,"010801050103",1.247126,0,0,"VT",0,0,1,0,0,0,0,0,0,0,0,0,0,0,0,0
"383",6083589,"010801050103",1.296582,0,0,"VT",0,0,1,0,0,0,0,0,0,0,0,0,0,0,0,0
"384",6083591,"010801050302",5.835417,0.0501845862,0.86,"VT",0,0,0,0,0,0,1,12.400862172951,0,0,0,0,0,0,0,0
"385",6083593,"010801050302",0.634613,0.0314768048,4.96,"VT",0,0,0,0,1,7.778075850104,0,0,0,0,0,0,0,0,0,0
"386",6083595,"010801050402",2.68021,0,0,"VT",0,0,0,0,0,0,1,0,0,0,0,0,0,0,0,0
"387",6083599,"010801050103",0.503219,0,0,"VT",0,0,1,0,0,0,0,0,0,0,0,0,0,0,0,0
"388",6083601,"010801050103",0.41431,0,0,"VT",0,0,1,0,0,0,0,0,0,0,0,0,0,0,0,0
"389",6083603,"010801050402",1.535286,0,0,"VT",0,0,0,0,0,0,1,0,0,0,0,0,0,0,0,0
"390",6083607,"010801050201",1.932488,0,0,"VT",0,0,1,0,0,0,0,0,0,0,0,0,0,0,0,0
"391",6083609,"010801050101",3.645328,0,0,"VT",0,0,1,0,0,0,0,0,0,0,0,0,0,0,0,0
"392",6083611,"010801050203",2.518051,0,0,"VT",0,0,1,0,0,0,0,0,0,0,0,0,0,0,0,0
"393",6083613,"010801050203",0.099096,0,0,"VT",0,0,1,0,0,0,0,0,0,0,0,0,0,0,0,0
"394",6083615,"010801050103",0.96508,0,0,"VT",0,0,1,0,0,0,0,0,0,0,0,0,0,0,0,0
"395",6083617,"010801050203",3.878217,0,0,"VT",0,0,1,0,0,0,0,0,0,0,0,0,0,0,0,0
"396",6083619,"010801050203",0.201945,0.0026858685,1.33,"VT",0,0,0,0,0,0,1,0.6636915356925,0,0,0,0,0,0,0,0
"397",6083621,"010801050103",1.328089,0.0018593246,0.14,"VT",0,0,1,0.459448405283,0,0,0,0,0,0,0,0,0,0,0,0
"398",6083623,"010801050302",4.389843,0.0693595194,1.58,"VT",0,0,0,0,1,17.139084041337,0,0,0,0,0,0,0,0,0,0
"399",6083627,"010801050302",1.674787,0.0045219249,0.27,"VT",0,0,0,0,0,0,1,1.1173902524145,0,0,0,0,0,0,0,0
"400",6083629,"010801050302",5.965518,0.2320586502,3.89,"VT",0,0,0,0,0,0,1,57.342852757671,0,0,0,0,0,0,0,0
"401",6083631,"010801050402",1.327002,0,0,"VT",0,0,0,0,0,0,1,0,0,0,0,0,0,0,0,0
"402",6083633,"010801050402",0.200707,0,0,"VT",0,0,0,0,0,0,1,0,0,0,0,0,0,0,0,0
"403",6083635,"010801050302",0.908287,0.0260678369,2.87,"VT",0,0,0,0,0,0,1,6.4414928371745,0,0,0,0,0,0,0,0
"404",6083637,"010801050302",2.754128,0.0198297216,0.72,"VT",0,0,0,0,0,0,1,4.900023355968,0,0,0,0,0,0,0,0
"405",6083639,"010801050402",10.047297,0,0,"VT",0,0,0,0,0,0,1,0,0,0,0,0,0,0,0,0
"406",6083643,"010801050103",0.543612,0,0,"VT",0,0,1,0,0,0,0,0,0,0,0,0,0,0,0,0
"407",6083645,"010801050103",1.210866,0,0,"VT",0,0,1,0,0,0,0,0,0,0,0,0,0,0,0,0
"408",6083647,"010801050203",6.427015,0,0,"VT",0,0,1,0,0,0,0,0,0,0,0,0,0,0,0,0
"409",6083651,"010801050103",5.756536,0.017269608,0.3,"VT",0,0,0,0,1,4.26740648484,0,0,0,0,0,0,0,0,0,0
"410",6083653,"010801050302",2.0191,0,0,"VT",0,0,0,0,0,0,1,0,0,0,0,0,0,0,0,0
"411",6083655,"010801050103",0.096736,0,0,"VT",0,0,1,0,0,0,0,0,0,0,0,0,0,0,0,0
"412",6083657,"010801050103",12.171913,0,0,"VT",0,0,1,0,0,0,0,0,0,0,0,0,0,0,0,0
"413",6083659,"010801050302",3.252809,0.0061803371,0.19,"VT",0,0,0,0,0,0,1,1.5271921990955,0,0,0,0,0,0,0,0
"414",6083661,"010801050302",0.79964,0.005357588,0.67,"VT",0,0,0,0,0,0,1,1.32388678274,0,0,0,0,0,0,0,0
"415",6083663,"010801050402",1.30249,0,0,"VT",0,0,0,0,0,0,1,0,0,0,0,0,0,0,0,0
"416",6083665,"010801050302",0.013314,0.0008880438,6.67,"VT",0,0,0,0,1,0.219440063199,0,0,0,0,0,0,0,0,0,0
"417",6083667,"010801050203",1.153249,0,0,"VT",0,0,1,0,0,0,0,0,0,0,0,0,0,0,0,0
"418",6083669,"010801050402",0.476971,0,0,"VT",0,0,0,0,0,0,1,0,0,0,0,0,0,0,0,0
"419",6083679,"010801050402",1.237971,0,0,"VT",0,0,0,0,0,0,1,0,0,0,0,0,0,0,0,0
"420",6083681,"010801050302",0.880127,0,0,"VT",0,0,0,0,0,0,1,0,0,0,0,0,0,0,0,0
"421",6083683,"010801050302",1.914228,0,0,"VT",0,0,0,0,0,0,1,0,0,0,0,0,0,0,0,0
"422",6083689,"010801050302",0.112465,0,0,"VT",0,0,0,0,0,0,1,0,0,0,0,0,0,0,0,0
"423",6083691,"010801050302",3.165771,0,0,"VT",0,0,0,0,0,0,1,0,0,0,0,0,0,0,0,0
"424",6083693,"010801050302",2.218112,0,0,"VT",0,0,0,0,0,0,1,0,0,0,0,0,0,0,0,0
"425",6083695,"010801050402",7.054288,0,0,"VT",0,0,0,0,0,0,1,0,0,0,0,0,0,0,0,0
"426",6083697,"010801050402",0.352241,0,0,"VT",0,0,0,0,0,0,1,0,0,0,0,0,0,0,0,0
"427",6083699,"010801050402",5.876708,0,0,"VT",0,0,0,0,0,0,1,0,0,0,0,0,0,0,0,0
"428",6083701,"010801050302",1.505491,0,0,"VT",0,0,0,0,0,0,1,0,0,0,0,0,0,0,0,0
"429",6083703,"010801050302",0.457507,0.0252086357,5.51,"VT",0,0,0,0,1,6.2291799246485,0,0,0,0,0,0,0,0,0,0
"430",6083719,"010801050103",5.803598,0.1752686596,3.02,"VT",0,0,0,0,1,43.309762130458,0,0,0,0,0,0,0,0,0,0
"431",6083731,"010801050103",0.1026,0,0,"VT",0,0,1,0,0,0,0,0,0,0,0,0,0,0,0,0
"432",6083733,"010801050103",1.931211,0,0,"VT",0,0,1,0,0,0,0,0,0,0,0,0,0,0,0,0
"433",6083735,"010801050302",2.459812,0,0,"VT",0,0,0,0,0,0,1,0,0,0,0,0,0,0,0,0
"434",6083739,"010801050402",0.68775,0,0,"VT",0,0,0,0,0,0,1,0,0,0,0,0,0,0,0,0
"435",6083741,"010801050103",1.15095,0,0,"VT",0,0,1,0,0,0,0,0,0,0,0,0,0,0,0,0
"436",6083745,"010801050302",1.001805,0,0,"VT",0,0,0,0,0,0,1,0,0,0,0,0,0,0,0,0
"437",6083747,"010801050302",0.813306,0,0,"VT",0,0,0,0,0,0,1,0,0,0,0,0,0,0,0,0
"438",6083749,"010801050302",0.301597,0,0,"VT",0,0,0,0,0,0,1,0,0,0,0,0,0,0,0,0
"439",6083751,"010801050103",3.524673,0,0,"VT",0,0,1,0,0,0,0,0,0,0,0,0,0,0,0,0
"440",6083753,"010801050402",3.223752,0.0422311512,1.31,"VT",0,0,0,0,0,0,1,10.435528617276,0,0,0,0,0,0,0,0
"441",6083755,"010801050302",0.416875,0,0,"VT",0,0,0,0,0,0,1,0,0,0,0,0,0,0,0,0
"442",6083757,"010801050302",5.209529,0,0,"VT",0,0,0,0,0,0,1,0,0,0,0,0,0,0,0,0
"443",6083759,"010801050103",1.179667,0,0,"VT",0,0,1,0,0,0,0,0,0,0,0,0,0,0,0,0
"444",6083761,"010801050402",2.46344,0,0,"VT",0,0,0,0,0,0,1,0,0,0,0,0,0,0,0,0
"445",6083763,"010801050203",2.679925,0.064854185,2.42,"VT",0,0,1,16.025793384425,0,0,0,0,0,0,0,0,0,0,0,0
"446",6083765,"010801050302",0.775434,0,0,"VT",0,0,0,0,0,0,1,0,0,0,0,0,0,0,0,0
"447",6083767,"010801050402",2.009623,0,0,"VT",0,0,0,0,0,0,1,0,0,0,0,0,0,0,0,0
"448",6083769,"010801050402",6.19825,0,0,"VT",0,0,0,0,0,0,1,0,0,0,0,0,0,0,0,0
"449",6083771,"010801050102",0.878548,0,0,"VT",0,0,1,0,0,0,0,0,0,0,0,0,0,0,0,0
"450",6083773,"010801050103",0.23022,0,0,"VT",0,0,1,0,0,0,0,0,0,0,0,0,0,0,0,0
"451",6083779,"010801050103",5.244943,0,0,"VT",0,0,1,0,0,0,0,0,0,0,0,0,0,0,0,0
"452",6083783,"010801050203",0.45875,0,0,"VT",0,0,1,0,0,0,0,0,0,0,0,0,0,0,0,0
"453",6083785,"010801050203",1.109676,0,0,"VT",0,0,1,0,0,0,0,0,0,0,0,0,0,0,0,0
"454",6083787,"010801050302",1.824826,0,0,"VT",0,0,0,0,0,0,1,0,0,0,0,0,0,0,0,0
"455",6083793,"010801050102",1.18423,0,0,"VT",0,0,1,0,0,0,0,0,0,0,0,0,0,0,0,0
"456",6083795,"010801050103",3.495823,0,0,"VT",0,0,1,0,0,0,0,0,0,0,0,0,0,0,0,0
"457",6083797,"010801050102",0.01652,0,0,"VT",0,0,1,0,0,0,0,0,0,0,0,0,0,0,0,0
"458",6083799,"010801050302",0.580584,0,0,"VT",0,0,0,0,0,0,1,0,0,0,0,0,0,0,0,0
"459",6083801,"010801050102",0.751242,0,0,"VT",0,0,1,0,0,0,0,0,0,0,0,0,0,0,0,0
"460",6083803,"010801050102",3.509227,0,0,"VT",0,0,1,0,0,0,0,0,0,0,0,0,0,0,0,0
"461",6083805,"010801050402",1.817925,0,0,"VT",0,0,0,0,0,0,1,0,0,0,0,0,0,0,0,0
"462",6083807,"010801050402",0.508741,0,0,"VT",0,0,0,0,0,0,1,0,0,0,0,0,0,0,0,0
"463",6083809,"010801050302",0.240654,0,0,"VT",0,0,0,0,0,0,1,0,0,0,0,0,0,0,0,0
"464",6083811,"010801050203",19.912604,0,0,"VT",0,0,1,0,0,0,0,0,0,0,0,0,0,0,0,0
"465",6083815,"010801050501",1.173019,0,0,"VT",0,0,1,0,0,0,0,0,0,0,0,0,0,0,0,0
"466",6083817,"010801050502",1.215575,0,0,"VT",0,0,1,0,0,0,0,0,0,0,0,0,0,0,0,0
"467",6083819,"010801050502",0.270828,0,0,"VT",0,0,1,0,0,0,0,0,0,0,0,0,0,0,0,0
"468",6083821,"010801050102",0.30737,0,0,"VT",0,0,1,0,0,0,0,0,0,0,0,0,0,0,0,0
"469",6083823,"010801050302",3.941481,0,0,"VT",0,0,0,0,0,0,1,0,0,0,0,0,0,0,0,0
"470",6083825,"010801050203",1.945525,0,0,"VT",0,0,1,0,0,0,0,0,0,0,0,0,0,0,0,0
"471",6083827,"010801050203",2.268755,0.01361253,0.6,"VT",0,0,1,3.36372422565,0,0,0,0,0,0,0,0,0,0,0,0
"472",6083829,"010801050502",6.446528,0.0109590976,0.17,"VT",0,0,1,2.708047812448,0,0,0,0,0,0,0,0,0,0,0,0
"473",6083831,"010801050102",1.225678,0,0,"VT",0,0,1,0,0,0,0,0,0,0,0,0,0,0,0,0
"474",6083837,"010801050302",3.09343,0,0,"VT",0,0,0,0,0,0,1,0,0,0,0,0,0,0,0,0
"475",6083839,"010801050302",1.716306,0,0,"VT",0,0,0,0,0,0,1,0,0,0,0,0,0,0,0,0
"476",6083841,"010801050203",1.812411,0.001812411,0.1,"VT",0,0,0,0,0,0,1,0.447855820155,0,0,0,0,0,0,0,0
"477",6083843,"010801050102",2.795461,0,0,"VT",0,0,1,0,0,0,0,0,0,0,0,0,0,0,0,0
"478",6083845,"010801050502",2.736047,0,0,"VT",0,0,1,0,0,0,0,0,0,0,0,0,0,0,0,0
"479",6083847,"010801050501",2.077723,0,0,"VT",0,0,1,0,0,0,0,0,0,0,0,0,0,0,0,0
"480",6083849,"010801050302",1.599345,0.0260693235,1.63,"VT",0,0,0,0,1,6.4418601834675,0,0,0,0,0,0,0,0,0,0
"481",6083851,"010801050402",2.421197,0,0,"VT",0,0,0,0,0,0,1,0,0,0,0,0,0,0,0,0
"482",6083853,"010801050501",1.510976,0,0,"VT",0,0,1,0,0,0,0,0,0,0,0,0,0,0,0,0
"483",6083855,"010801050501",4.697345,0,0,"VT",0,0,1,0,0,0,0,0,0,0,0,0,0,0,0,0
"484",6083859,"010801050103",8.637555,0.2738104935,3.17,"VT",0,0,1,67.6599419963175,0,0,0,0,0,0,0,0,0,0,0,0
"485",6083861,"010801050103",10.184549,0,0,"VT",0,0,1,0,0,0,0,0,0,0,0,0,0,0,0,0
"486",6083863,"010801050106",1.825381,0,0,"VT",0,0,1,0,0,0,0,0,0,0,0,0,0,0,0,0
"487",6083865,"010801050106",8.78812,0,0,"VT",0,0,1,0,0,0,0,0,0,0,0,0,0,0,0,0
"488",6083869,"010801050106",2.607882,0.0889287762,3.41,"VT",0,0,0,0,1,21.974745242901,0,0,0,0,0,0,0,0,0,0
"489",6083871,"010801050102",12.869593,0,0,"VT",0,0,1,0,0,0,0,0,0,0,0,0,0,0,0,0
"490",6083873,"010801050502",4.552941,0,0,"VT",0,0,1,0,0,0,0,0,0,0,0,0,0,0,0,0
"491",6083875,"010801050502",3.298953,0,0,"VT",0,0,1,0,0,0,0,0,0,0,0,0,0,0,0,0
"492",6083879,"010801050501",2.874546,0,0,"VT",0,0,1,0,0,0,0,0,0,0,0,0,0,0,0,0
"493",6083881,"010801050501",3.564603,0,0,"VT",0,0,1,0,0,0,0,0,0,0,0,0,0,0,0,0
"494",6083883,"010801050103",3.339044,0,0,"VT",0,0,1,0,0,0,0,0,0,0,0,0,0,0,0,0
"495",6083885,"010801050103",4.331133,0.0368146305,0.85,"VT",0,0,1,9.0970792697025,0,0,0,0,0,0,0,0,0,0,0,0
"496",6083887,"010801050501",1.001327,0,0,"VT",0,0,1,0,0,0,0,0,0,0,0,0,0,0,0,0
"497",6083889,"010801050501",1.420398,0,0,"VT",0,0,1,0,0,0,0,0,0,0,0,0,0,0,0,0
"498",6083891,"010801050106",1.879198,0,0,"VT",0,0,1,0,0,0,0,0,0,0,0,0,0,0,0,0
"499",6083893,"010801050501",3.34156,0,0,"VT",0,0,1,0,0,0,0,0,0,0,0,0,0,0,0,0
"500",6083895,"010801050106",7.95911,0,0,"VT",0,0,1,0,0,0,0,0,0,0,0,0,0,0,0,0
"501",6083897,"010801050106",4.074984,0,0,"VT",0,0,1,0,0,0,0,0,0,0,0,0,0,0,0,0
"502",6083899,"010801050106",1.730749,0,0,"VT",0,0,1,0,0,0,0,0,0,0,0,0,0,0,0,0
"503",6083901,"010801050106",0.732546,0,0,"VT",0,0,1,0,0,0,0,0,0,0,0,0,0,0,0,0
"504",6083905,"010801050106",0.80804,0,0,"VT",0,0,1,0,0,0,0,0,0,0,0,0,0,0,0,0
"505",6083907,"010801050502",5.87885,0,0,"VT",0,0,1,0,0,0,0,0,0,0,0,0,0,0,0,0
"506",6083909,"010801050106",0.017104,0,0,"VT",0,0,1,0,0,0,0,0,0,0,0,0,0,0,0,0
"507",6083913,"010801050103",8.019224,0,0,"VT",0,0,1,0,0,0,0,0,0,0,0,0,0,0,0,0
"508",6083915,"010801050501",8.390084,0,0,"VT",0,0,1,0,0,0,0,0,0,0,0,0,0,0,0,0
"509",6083917,"010801050502",15.038807,0,0,"VT",0,0,1,0,0,0,0,0,0,0,0,0,0,0,0,0
"510",6083919,"010801050501",4.172588,0,0,"VT",0,0,1,0,0,0,0,0,0,0,0,0,0,0,0,0
"511",6083921,"010801050105",3.866436,0,0,"VT",0,0,1,0,0,0,0,0,0,0,0,0,0,0,0,0
"512",6083927,"010801050502",3.49154,0,0,"VT",0,0,1,0,0,0,0,0,0,0,0,0,0,0,0,0
"513",6083933,"010801050103",0.533951,0,0,"VT",0,0,1,0,0,0,0,0,0,0,0,0,0,0,0,0
"514",6083939,"010801050106",2.133269,0,0,"VT",0,0,1,0,0,0,0,0,0,0,0,0,0,0,0,0
"515",6083941,"010801050501",1.000936,0,0,"VT",0,0,1,0,0,0,0,0,0,0,0,0,0,0,0,0
"516",6083943,"010801050106",2.142577,0,0,"VT",0,0,1,0,0,0,0,0,0,0,0,0,0,0,0,0
"517",6083945,"010801050106",2.362153,0,0,"VT",0,0,1,0,0,0,0,0,0,0,0,0,0,0,0,0
"518",6083947,"010801050502",9.603218,0,0,"VT",0,0,1,0,0,0,0,0,0,0,0,0,0,0,0,0
"519",6083951,"010801050501",0.594931,0,0,"VT",0,0,1,0,0,0,0,0,0,0,0,0,0,0,0,0
"520",6083953,"010801050501",0.735517,0,0,"VT",0,0,1,0,0,0,0,0,0,0,0,0,0,0,0,0
"521",6083957,"010801050501",1.596923,0,0,"VT",0,0,1,0,0,0,0,0,0,0,0,0,0,0,0,0
"522",6083959,"010801050501",3.293246,0,0,"VT",0,0,1,0,0,0,0,0,0,0,0,0,0,0,0,0
"523",6083961,"010801050104",1.426316,0,0,"VT",0,0,1,0,0,0,0,0,0,0,0,0,0,0,0,0
"524",6083963,"010801050501",1.076992,0,0,"VT",0,0,1,0,0,0,0,0,0,0,0,0,0,0,0,0
"525",6083965,"010801050103",0.008926,0,0,"VT",0,0,1,0,0,0,0,0,0,0,0,0,0,0,0,0
"526",6083967,"010801050502",2.008618,0,0,"VT",0,0,1,0,0,0,0,0,0,0,0,0,0,0,0,0
"527",6083969,"010801050502",1.58924,0,0,"VT",0,0,1,0,0,0,0,0,0,0,0,0,0,0,0,0
"528",6083971,"010801050105",3.007965,0,0,"VT",0,0,1,0,0,0,0,0,0,0,0,0,0,0,0,0
"529",6083973,"010801050104",4.227953,0,0,"VT",0,0,1,0,0,0,0,0,0,0,0,0,0,0,0,0
"530",6083975,"010801050104",1.650397,0,0,"VT",0,0,1,0,0,0,0,0,0,0,0,0,0,0,0,0
"531",6083977,"010801050104",11.005454,0,0,"VT",0,0,1,0,0,0,0,0,0,0,0,0,0,0,0,0
"532",6083979,"010801050104",0.598309,0,0,"VT",0,0,1,0,0,0,0,0,0,0,0,0,0,0,0,0
"533",6083981,"010801050106",5.448903,0,0,"VT",0,0,1,0,0,0,0,0,0,0,0,0,0,0,0,0
"534",6083983,"010801050105",4.545388,0,0,"VT",0,0,1,0,0,0,0,0,0,0,0,0,0,0,0,0
"535",6083985,"010801050104",4.877904,0,0,"VT",0,0,1,0,0,0,0,0,0,0,0,0,0,0,0,0
"536",6083987,"010801050106",0.566727,0,0,"VT",0,0,1,0,0,0,0,0,0,0,0,0,0,0,0,0
"537",6083989,"010801050502",0.119815,0,0,"VT",0,0,1,0,0,0,0,0,0,0,0,0,0,0,0,0
"538",6083991,"010801050105",0.563615,0,0,"VT",0,0,1,0,0,0,0,0,0,0,0,0,0,0,0,0
"539",6083993,"010801050502",2.957856,0,0,"VT",0,0,1,0,0,0,0,0,0,0,0,0,0,0,0,0
"540",6083995,"010801050106",0.214521,0,0,"VT",0,0,1,0,0,0,0,0,0,0,0,0,0,0,0,0
"541",6083997,"010801050106",0.278987,0,0,"VT",0,0,1,0,0,0,0,0,0,0,0,0,0,0,0,0
"542",6083999,"010801050106",2.767338,0,0,"VT",0,0,1,0,0,0,0,0,0,0,0,0,0,0,0,0
"543",6084001,"010801050106",1.068683,0,0,"VT",0,0,1,0,0,0,0,0,0,0,0,0,0,0,0,0
"544",6084003,"010801050104",6.258908,0,0,"VT",0,0,1,0,0,0,0,0,0,0,0,0,0,0,0,0
"545",6084005,"010801050105",0.626808,0,0,"VT",0,0,1,0,0,0,0,0,0,0,0,0,0,0,0,0
"546",6084007,"010801050104",3.373515,0,0,"VT",0,0,1,0,0,0,0,0,0,0,0,0,0,0,0,0
"547",6084009,"010801050105",2.451718,0,0,"VT",0,0,1,0,0,0,0,0,0,0,0,0,0,0,0,0
"548",6084013,"010801050105",0.261804,0,0,"VT",0,0,1,0,0,0,0,0,0,0,0,0,0,0,0,0
"549",6084015,"010801050501",2.356503,0,0,"VT",0,0,1,0,0,0,0,0,0,0,0,0,0,0,0,0
"550",6084017,"010801050501",3.077412,0,0,"VT",0,0,1,0,0,0,0,0,0,0,0,0,0,0,0,0
"551",6084019,"010801050502",3.108289,0,0,"VT",0,0,1,0,0,0,0,0,0,0,0,0,0,0,0,0
"552",6084021,"010801050502",2.050547,0,0,"VT",0,0,1,0,0,0,0,0,0,0,0,0,0,0,0,0
"553",6084025,"010801050105",0.427927,0,0,"VT",0,0,1,0,0,0,0,0,0,0,0,0,0,0,0,0
"554",6084027,"010801050501",4.62354,0,0,"VT",0,0,1,0,0,0,0,0,0,0,0,0,0,0,0,0
"555",6084031,"010801050502",0.223096,0,0,"VT",0,0,1,0,0,0,0,0,0,0,0,0,0,0,0,0
"556",6084035,"010801050106",2.153433,0,0,"VT",0,0,1,0,0,0,0,0,0,0,0,0,0,0,0,0
"557",6084037,"010801050104",6.679979,0,0,"VT",0,0,1,0,0,0,0,0,0,0,0,0,0,0,0,0
"558",6084039,"010801050105",2.445627,0,0,"VT",0,0,1,0,0,0,0,0,0,0,0,0,0,0,0,0
"559",6084041,"010801050105",1.511427,0,0,"VT",0,0,1,0,0,0,0,0,0,0,0,0,0,0,0,0
"560",6084043,"010801050502",3.282892,0,0,"VT",0,0,1,0,0,0,0,0,0,0,0,0,0,0,0,0
"561",6084047,"010801050501",1.394974,0,0,"VT",0,0,1,0,0,0,0,0,0,0,0,0,0,0,0,0
"562",6084049,"010801050501",1.79941,0,0,"VT",0,0,1,0,0,0,0,0,0,0,0,0,0,0,0,0
"563",6084051,"010801050501",2.601397,0,0,"VT",0,0,1,0,0,0,0,0,0,0,0,0,0,0,0,0
"564",6084055,"010801050106",0.097768,0,0,"VT",0,0,1,0,0,0,0,0,0,0,0,0,0,0,0,0
"565",6084057,"010801050106",0.548546,0,0,"VT",0,0,1,0,0,0,0,0,0,0,0,0,0,0,0,0
"566",6084061,"010801050105",1.572237,0,0,"VT",0,0,1,0,0,0,0,0,0,0,0,0,0,0,0,0
"567",6084063,"010801050502",2.681838,0,0,"VT",0,0,1,0,0,0,0,0,0,0,0,0,0,0,0,0
"568",6084065,"010801050106",0.115949,0,0,"VT",0,0,1,0,0,0,0,0,0,0,0,0,0,0,0,0
"569",6084067,"010801050105",4.089544,0,0,"VT",0,0,1,0,0,0,0,0,0,0,0,0,0,0,0,0
"570",6084069,"010801050104",3.318959,0,0,"VT",0,0,1,0,0,0,0,0,0,0,0,0,0,0,0,0
"571",6084071,"010801050502",0.860486,0,0,"VT",0,0,1,0,0,0,0,0,0,0,0,0,0,0,0,0
"572",6084073,"010801050502",0.020303,0,0,"VT",0,0,1,0,0,0,0,0,0,0,0,0,0,0,0,0
"573",6084075,"010801050502",2.468516,0,0,"VT",0,0,1,0,0,0,0,0,0,0,0,0,0,0,0,0
"574",6084077,"010801050502",1.315513,0,0,"VT",0,0,1,0,0,0,0,0,0,0,0,0,0,0,0,0
"575",6084079,"010801050502",1.204927,0,0,"VT",0,0,1,0,0,0,0,0,0,0,0,0,0,0,0,0
"576",6084081,"010801050502",0.073562,0,0,"VT",0,0,1,0,0,0,0,0,0,0,0,0,0,0,0,0
"577",6084083,"010801050104",1.908649,0,0,"VT",0,0,1,0,0,0,0,0,0,0,0,0,0,0,0,0
"578",6084085,"010801050104",0.215585,0,0,"VT",0,0,1,0,0,0,0,0,0,0,0,0,0,0,0,0
"579",6084087,"010801050501",6.954214,0,0,"VT",0,0,1,0,0,0,0,0,0,0,0,0,0,0,0,0
"580",6084089,"010801050502",0.385895,0,0,"VT",0,0,1,0,0,0,0,0,0,0,0,0,0,0,0,0
"581",6084091,"010801050502",1.018234,0,0,"VT",0,0,1,0,0,0,0,0,0,0,0,0,0,0,0,0
"582",6084093,"010801050106",1.237663,0,0,"VT",0,0,1,0,0,0,0,0,0,0,0,0,0,0,0,0
"583",6084097,"010801050104",1.065232,0,0,"VT",0,0,1,0,0,0,0,0,0,0,0,0,0,0,0,0
"584",6084101,"010801050104",1.759455,0,0,"VT",0,0,1,0,0,0,0,0,0,0,0,0,0,0,0,0
"585",6084103,"010801050502",0.671879,0,0,"VT",0,0,1,0,0,0,0,0,0,0,0,0,0,0,0,0
"586",6084105,"010801050502",1.678122,0,0,"VT",0,0,1,0,0,0,0,0,0,0,0,0,0,0,0,0
"587",6084111,"010801050502",0.539323,0,0,"VT",0,0,1,0,0,0,0,0,0,0,0,0,0,0,0,0
"588",6084113,"010801050502",5.041043,0,0,"VT",0,0,1,0,0,0,0,0,0,0,0,0,0,0,0,0
"589",6084115,"010801050502",2.373495,0,0,"VT",0,0,1,0,0,0,0,0,0,0,0,0,0,0,0,0
"590",6084119,"010801050105",2.328734,0,0,"VT",0,0,1,0,0,0,0,0,0,0,0,0,0,0,0,0
"591",6084121,"010801050502",5.009898,0,0,"VT",0,0,1,0,0,0,0,0,0,0,0,0,0,0,0,0
"592",6084123,"010801050104",4.356418,0,0,"VT",0,0,1,0,0,0,0,0,0,0,0,0,0,0,0,0
"593",6084125,"010801050502",1.350057,0,0,"VT",0,0,1,0,0,0,0,0,0,0,0,0,0,0,0,0
"594",6084127,"010801050502",1.470658,0,0,"VT",0,0,1,0,0,0,0,0,0,0,0,0,0,0,0,0
"595",6084129,"010801050502",1.641688,0,0,"VT",0,0,1,0,0,0,0,0,0,0,0,0,0,0,0,0
"596",6084133,"010801050104",8.161524,0,0,"VT",0,0,1,0,0,0,0,0,0,0,0,0,0,0,0,0
"597",6084135,"010801050502",2.673725,0,0,"VT",0,0,1,0,0,0,0,0,0,0,0,0,0,0,0,0
"598",6084137,"010801050106",4.028614,0,0,"VT",0,0,1,0,0,0,0,0,0,0,0,0,0,0,0,0
"599",6084139,"010801050105",1.502701,0,0,"VT",0,0,1,0,0,0,0,0,0,0,0,0,0,0,0,0
"600",6084143,"010801050503",2.24503,0,0,"VT",0,0,1,0,0,0,0,0,0,0,0,0,0,0,0,0
"601",6084145,"010801050105",3.053057,0,0,"VT",0,0,1,0,0,0,0,0,0,0,0,0,0,0,0,0
"602",6084151,"010801050106",1.460249,0,0,"VT",0,0,1,0,0,0,0,0,0,0,0,0,0,0,0,0
"603",6084155,"010801050503",1.414852,0,0,"VT",0,0,1,0,0,0,0,0,0,0,0,0,0,0,0,0
"604",6084157,"010801050503",0.046121,0,0,"VT",0,0,1,0,0,0,0,0,0,0,0,0,0,0,0,0
"605",6084159,"010801050503",2.966517,0,0,"VT",0,0,1,0,0,0,0,0,0,0,0,0,0,0,0,0
"606",6084161,"010801050503",3.66009,0,0,"VT",0,0,1,0,0,0,0,0,0,0,0,0,0,0,0,0
"607",6084163,"010801050503",0.419401,0,0,"VT",0,0,1,0,0,0,0,0,0,0,0,0,0,0,0,0
"608",6084165,"010801050104",8.786168,0,0,"VT",0,0,1,0,0,0,0,0,0,0,0,0,0,0,0,0
"609",6084167,"010801050104",2.44273,0,0,"VT",0,0,1,0,0,0,0,0,0,0,0,0,0,0,0,0
"610",6084173,"010801050503",1.24753,0,0,"VT",0,0,1,0,0,0,0,0,0,0,0,0,0,0,0,0
"611",6084181,"010801050503",2.270572,0,0,"VT",0,0,1,0,0,0,0,0,0,0,0,0,0,0,0,0
"612",6084187,"010801050503",2.343603,0,0,"VT",0,0,1,0,0,0,0,0,0,0,0,0,0,0,0,0
"613",6084195,"010801050503",2.92182,0,0,"VT",0,0,1,0,0,0,0,0,0,0,0,0,0,0,0,0
"614",6084199,"010801050503",4.440576,0,0,"VT",0,0,1,0,0,0,0,0,0,0,0,0,0,0,0,0
"615",6084203,"010801050503",2.112229,0,0,"VT",0,0,1,0,0,0,0,0,0,0,0,0,0,0,0,0
"616",6084207,"010801050503",0.766489,0,0,"VT",0,0,1,0,0,0,0,0,0,0,0,0,0,0,0,0
"617",6084209,"010801050503",3.712794,0,0,"VT",0,0,1,0,0,0,0,0,0,0,0,0,0,0,0,0
"618",6084235,"010801050401",2.792293,0,0,"VT",0,0,0,0,0,0,1,0,0,0,0,0,0,0,0,0
"619",6084239,"010801050101",6.6124,0,0,"VT",0,0,1,0,0,0,0,0,0,0,0,0,0,0,0,0
"620",6084241,"010801050201",5.150188,0,0,"VT",0,0,1,0,0,0,0,0,0,0,0,0,0,0,0,0
"621",6084243,"010801050401",2.304609,0,0,"VT",0,0,0,0,0,0,1,0,0,0,0,0,0,0,0,0
"622",6084245,"010801050201",2.04492,0.053985888,2.64,"VT",0,0,1,13.34018285424,0,0,0,0,0,0,0,0,0,0,0,0
"623",6084247,"010801050401",2.999415,0,0,"VT",0,0,0,0,0,0,1,0,0,0,0,0,0,0,0,0
"624",6084249,"010801050201",3.449621,0,0,"VT",0,0,1,0,0,0,0,0,0,0,0,0,0,0,0,0
"625",6084251,"010801050201",4.105756,0,0,"VT",0,0,1,0,0,0,0,0,0,0,0,0,0,0,0,0
"626",6084253,"010801050402",8.524346,0,0,"VT",0,0,0,0,0,0,1,0,0,0,0,0,0,0,0,0
"627",6084255,"010801050202",5.121346,0.1541525146,3.01,"VT",0,0,0,0,0,0,1,38.091857120233,0,0,0,0,0,0,0,0
"628",6084257,"010801050402",3.833544,0,0,"VT",0,0,0,0,0,0,1,0,0,0,0,0,0,0,0,0
"629",6084259,"010801050201",4.878846,0,0,"VT",0,0,1,0,0,0,0,0,0,0,0,0,0,0,0,0
"630",6084261,"010801050202",2.297407,0.0487050284,2.12,"VT",0,0,1,12.035256042782,0,0,0,0,0,0,0,0,0,0,0,0
"631",6084263,"010801050402",4.888185,0,0,"VT",0,0,0,0,0,0,1,0,0,0,0,0,0,0,0,0
"632",6084265,"010801050203",0.97605,0,0,"VT",0,0,1,0,0,0,0,0,0,0,0,0,0,0,0,0
"633",6084267,"010801050101",1.93549,0,0,"VT",0,0,1,0,0,0,0,0,0,0,0,0,0,0,0,0
"634",6084269,"010801050201",14.180342,0,0,"VT",0,0,1,0,0,0,0,0,0,0,0,0,0,0,0,0
"635",6084271,"010801050402",2.431076,0,0,"VT",0,0,0,0,0,0,1,0,0,0,0,0,0,0,0,0
"636",6084273,"010801050402",7.116547,0,0,"VT",0,0,0,0,0,0,1,0,0,0,0,0,0,0,0,0
"637",6084277,"010801050402",0.01318,0,0,"VT",0,0,0,0,0,0,1,0,0,0,0,0,0,0,0,0
"638",6084279,"010801050402",9.188317,0,0,"VT",0,0,0,0,0,0,1,0,0,0,0,0,0,0,0,0
"639",6084281,"010801050402",4.513183,0,0,"VT",0,0,0,0,0,0,1,0,0,0,0,0,0,0,0,0
"640",6084283,"010801050402",1.062554,0,0,"VT",0,0,0,0,0,0,1,0,0,0,0,0,0,0,0,0
"641",6084285,"010801050302",2.236061,0.0080498196,0.36,"VT",0,0,0,0,0,0,1,1.989150672258,0,0,0,0,0,0,0,0
"642",6084287,"010801050203",14.077829,0.4251504358,3.02,"VT",0,0,0,0,1,105.056798438359,0,0,0,0,0,0,0,0,0,0
"643",6084289,"010801050203",8.133957,0.0219616839,0.27,"VT",0,0,0,0,0,0,1,5.4268419001095,0,0,0,0,0,0,0,0
"644",6084291,"010801050203",2.446701,0,0,"VT",0,0,1,0,0,0,0,0,0,0,0,0,0,0,0,0
"645",6084293,"010801050203",10.452389,0,0,"VT",0,0,1,0,0,0,0,0,0,0,0,0,0,0,0,0
"646",6084295,"010801050103",9.107974,0,0,"VT",0,0,1,0,0,0,0,0,0,0,0,0,0,0,0,0
"647",6084297,"010801050103",1.429158,0,0,"VT",0,0,1,0,0,0,0,0,0,0,0,0,0,0,0,0
"648",6084299,"010801050102",7.330852,0,0,"VT",0,0,1,0,0,0,0,0,0,0,0,0,0,0,0,0
"649",6084301,"010801050102",5.627851,0,0,"VT",0,0,1,0,0,0,0,0,0,0,0,0,0,0,0,0
"650",6084307,"010801050402",0.921825,0,0,"VT",0,0,0,0,0,0,1,0,0,0,0,0,0,0,0,0
"651",6084309,"010801050402",4.396497,0,0,"VT",0,0,0,0,0,0,1,0,0,0,0,0,0,0,0,0
"652",6084311,"010801050103",1.1812,0,0,"VT",0,0,1,0,0,0,0,0,0,0,0,0,0,0,0,0
"653",6084313,"010801050102",2.504147,0,0,"VT",0,0,1,0,0,0,0,0,0,0,0,0,0,0,0,0
"654",6084315,"010801050103",0.597088,0,0,"VT",0,0,1,0,0,0,0,0,0,0,0,0,0,0,0,0
"655",6084317,"010801050102",4.303633,0,0,"VT",0,0,1,0,0,0,0,0,0,0,0,0,0,0,0,0
"656",6084319,"010801050501",0.12768,0,0,"VT",0,0,1,0,0,0,0,0,0,0,0,0,0,0,0,0
"657",6084321,"010801050106",2.479995,0,0,"VT",0,0,1,0,0,0,0,0,0,0,0,0,0,0,0,0
"658",6084325,"010801050103",5.679637,0,0,"VT",0,0,1,0,0,0,0,0,0,0,0,0,0,0,0,0
"659",6084329,"010801050501",7.744566,0,0,"VT",0,0,1,0,0,0,0,0,0,0,0,0,0,0,0,0
"660",6084331,"010801050103",1.654707,0.0450080304,2.72,"VT",0,0,1,11.121709351992,0,0,0,0,0,0,0,0,0,0,0,0
"661",6084335,"010801050103",2.962932,0,0,"VT",0,0,1,0,0,0,0,0,0,0,0,0,0,0,0,0
"662",6084337,"010801050502",6.519384,0,0,"VT",0,0,1,0,0,0,0,0,0,0,0,0,0,0,0,0
"663",6084339,"010801050106",9.711563,0,0,"VT",0,0,1,0,0,0,0,0,0,0,0,0,0,0,0,0
"664",6084341,"010801050105",2.35015,0,0,"VT",0,0,1,0,0,0,0,0,0,0,0,0,0,0,0,0
"665",6084345,"010801050502",3.349313,0,0,"VT",0,0,1,0,0,0,0,0,0,0,0,0,0,0,0,0
"666",6084347,"010801050502",2.029932,0,0,"VT",0,0,1,0,0,0,0,0,0,0,0,0,0,0,0,0
"667",6084349,"010801050105",2.117033,0,0,"VT",0,0,1,0,0,0,0,0,0,0,0,0,0,0,0,0
"668",6084351,"010801050502",2.154998,0,0,"VT",0,0,1,0,0,0,0,0,0,0,0,0,0,0,0,0
"669",6084353,"010801050502",1.827449,0,0,"VT",0,0,1,0,0,0,0,0,0,0,0,0,0,0,0,0
"670",6084355,"010801050501",2.362625,0,0,"VT",0,0,1,0,0,0,0,0,0,0,0,0,0,0,0,0
"671",6084357,"010801050501",2.886157,0,0,"VT",0,0,1,0,0,0,0,0,0,0,0,0,0,0,0,0
"672",6084359,"010801050501",3.323725,0,0,"VT",0,0,1,0,0,0,0,0,0,0,0,0,0,0,0,0
"673",6084361,"010801050105",2.980168,0,0,"VT",0,0,1,0,0,0,0,0,0,0,0,0,0,0,0,0
"674",6084363,"010801050502",6.504762,0,0,"VT",0,0,1,0,0,0,0,0,0,0,0,0,0,0,0,0
"675",6084367,"010801050106",3.304979,0,0,"VT",0,0,1,0,0,0,0,0,0,0,0,0,0,0,0,0
"676",6084369,"010801050104",4.865362,0,0,"VT",0,0,1,0,0,0,0,0,0,0,0,0,0,0,0,0
"677",6084371,"010801050104",7.630132,0,0,"VT",0,0,1,0,0,0,0,0,0,0,0,0,0,0,0,0
"678",6084377,"010801050106",1.556711,0,0,"VT",0,0,1,0,0,0,0,0,0,0,0,0,0,0,0,0
"679",6084381,"010801050106",0.985227,0,0,"VT",0,0,1,0,0,0,0,0,0,0,0,0,0,0,0,0
"680",6084383,"010801050502",1.685483,0,0,"VT",0,0,1,0,0,0,0,0,0,0,0,0,0,0,0,0
"681",6084385,"010801050502",1.400839,0,0,"VT",0,0,1,0,0,0,0,0,0,0,0,0,0,0,0,0
"682",6084389,"010801050105",3.035018,0,0,"VT",0,0,1,0,0,0,0,0,0,0,0,0,0,0,0,0
"683",6084391,"010801050105",14.36868,0,0,"VT",0,0,1,0,0,0,0,0,0,0,0,0,0,0,0,0
"684",6084393,"010801050503",7.2333,0,0,"VT",0,0,1,0,0,0,0,0,0,0,0,0,0,0,0,0
"685",6084395,"010801050502",3.879514,0,0,"VT",0,0,1,0,0,0,0,0,0,0,0,0,0,0,0,0
"686",6084399,"010801050401",0.128231,0,0,"VT",0,0,0,0,0,0,1,0,0,0,0,0,0,0,0,0
"687",6084401,"010801050302",0.233594,0,0,"VT",0,0,0,0,0,0,1,0,0,0,0,0,0,0,0,0
"688",6084405,"010801050103",0.180557,0,0,"VT",0,0,1,0,0,0,0,0,0,0,0,0,0,0,0,0
"689",6084409,"010801050501",0.020311,0,0,"VT",0,0,1,0,0,0,0,0,0,0,0,0,0,0,0,0
"690",6084411,"010801050501",0.322354,0,0,"VT",0,0,1,0,0,0,0,0,0,0,0,0,0,0,0,0
"691",6084413,"010801050501",1.18707,0,0,"VT",0,0,1,0,0,0,0,0,0,0,0,0,0,0,0,0
"692",6084415,"010801050501",1.002463,0,0,"VT",0,0,1,0,0,0,0,0,0,0,0,0,0,0,0,0
"693",6084419,"010801050501",0.839524,0.0594382992,7.08,"VT",0,0,0,0,0,0,0,0,1,14.687500923816,0,0,0,0,0,0
"694",6084421,"010801050501",5.085061,0,0,"VT",0,0,1,0,0,0,0,0,0,0,0,0,0,0,0,0
"695",6084423,"010801050501",3.808843,0.049514959,1.3,"VT",0,0,0,0,0,0,0,0,1,12.235393943695,0,0,0,0,0,0
"696",6084427,"010801050501",4.05577,0,0,"VT",0,0,1,0,0,0,0,0,0,0,0,0,0,0,0,0
"697",6084429,"010801050501",2.016084,0,0,"VT",0,0,1,0,0,0,0,0,0,0,0,0,0,0,0,0
"698",6084435,"010801050501",0.302189,0,0,"VT",0,0,1,0,0,0,0,0,0,0,0,0,0,0,0,0
"699",6084439,"010801050501",0.874745,0,0,"VT",0,0,1,0,0,0,0,0,0,0,0,0,0,0,0,0
"700",6084441,"010801050103",0.380675,0,0,"VT",0,0,1,0,0,0,0,0,0,0,0,0,0,0,0,0
"701",6084443,"010801050102",0.096231,0,0,"VT",0,0,1,0,0,0,0,0,0,0,0,0,0,0,0,0
"702",6084445,"010801050501",2.904061,0.1080310692,3.72,"VT",0,0,0,0,0,0,0,0,1,26.695017354666,0,0,0,0,0,0
"703",6084449,"010801050106",0.287113,0.0511348253,17.81,"VT",0,0,0,0,1,12.6356710057565,0,0,0,0,0,0,0,0,0,0
"704",6084453,"010801050502",1.500519,0,0,"VT",0,0,1,0,0,0,0,0,0,0,0,0,0,0,0,0
"705",6084457,"010801050106",1.431036,0.1060397676,7.41,"VT",0,0,1,26.202956772798,0,0,0,0,0,0,0,0,0,0,0,0
"706",6084461,"010801050106",2.350464,0,0,"VT",0,0,1,0,0,0,0,0,0,0,0,0,0,0,0,0
"707",6084463,"010801050502",2.038532,0,0,"VT",0,0,1,0,0,0,0,0,0,0,0,0,0,0,0,0
"708",6084467,"010801050106",0.977899,0,0,"VT",0,0,1,0,0,0,0,0,0,0,0,0,0,0,0,0
"709",6084475,"010801050106",0.146764,0,0,"VT",0,0,1,0,0,0,0,0,0,0,0,0,0,0,0,0
"710",6084477,"010801050106",0.527518,0,0,"VT",0,0,1,0,0,0,0,0,0,0,0,0,0,0,0,0
"711",6084481,"010801050502",0.40945,0,0,"VT",0,0,1,0,0,0,0,0,0,0,0,0,0,0,0,0
"712",6084483,"010801050106",1.505761,0,0,"VT",0,0,1,0,0,0,0,0,0,0,0,0,0,0,0,0
"713",6084485,"010801050502",0.002965,0,0,"VT",0,0,1,0,0,0,0,0,0,0,0,0,0,0,0,0
"714",6084487,"010801050502",5.083863,0,0,"VT",0,0,1,0,0,0,0,0,0,0,0,0,0,0,0,0
"715",6084489,"010801050502",0.223828,0,0,"VT",0,0,1,0,0,0,0,0,0,0,0,0,0,0,0,0
"716",6084491,"010801050502",1.617633,0,0,"VT",0,0,1,0,0,0,0,0,0,0,0,0,0,0,0,0
"717",6084497,"010801050502",1.850936,0,0,"VT",0,0,1,0,0,0,0,0,0,0,0,0,0,0,0,0
"718",6084499,"010801050106",0.322983,0,0,"VT",0,0,1,0,0,0,0,0,0,0,0,0,0,0,0,0
"719",6084503,"010801050502",0.157106,0,0,"VT",0,0,1,0,0,0,0,0,0,0,0,0,0,0,0,0
"720",6084505,"010801050503",2.200614,0,0,"VT",0,0,1,0,0,0,0,0,0,0,0,0,0,0,0,0
"721",6084509,"010801050502",0.483845,0,0,"VT",0,0,1,0,0,0,0,0,0,0,0,0,0,0,0,0
"722",6084511,"010801050503",0.936109,0,0,"VT",0,0,1,0,0,0,0,0,0,0,0,0,0,0,0,0
"723",6084513,"010801050503",0.010819,0,0,"VT",0,0,1,0,0,0,0,0,0,0,0,0,0,0,0,0
"724",6084517,"010801050503",0.92789,0,0,"VT",0,0,1,0,0,0,0,0,0,0,0,0,0,0,0,0
"725",6084519,"010801050503",0.468768,0.0276104352,5.89,"VT",0,0,0,0,0,0,0,0,1,6.822676590096,0,0,0,0,0,0
"726",6084523,"010801050503",0.107474,0.0125422158,11.67,"VT",0,0,1,3.099244235259,0,0,0,0,0,0,0,0,0,0,0,0
"727",6084527,"010801050503",2.253364,0.0009013456,0.04,"VT",0,0,1,0.222727004488,0,0,0,0,0,0,0,0,0,0,0,0
"728",6084537,"010801050503",0.249181,0,0,"VT",0,0,1,0,0,0,0,0,0,0,0,0,0,0,0,0
"729",6084539,"010801050503",4.234867,0,0,"VT",0,0,1,0,0,0,0,0,0,0,0,0,0,0,0,0
"730",6084549,"010801050106",0.00733,0,0,"VT",0,0,1,0,0,0,0,0,0,0,0,0,0,0,0,0
"731",6084557,"010801050401",0.162296,0,0,"VT",0,0,0,0,0,0,1,0,0,0,0,0,0,0,0,0
"732",6084559,"010801050301",0.928595,0,0,"VT",0,0,0,0,0,0,1,0,0,0,0,0,0,0,0,0
"733",6084561,"010801050202",0.379718,0,0,"VT",0,0,1,0,0,0,0,0,0,0,0,0,0,0,0,0
"734",6084563,"010801050202",3.365362,0,0,"VT",0,0,1,0,0,0,0,0,0,0,0,0,0,0,0,0
"735",6084565,"010801050302",0.101997,0,0,"VT",0,0,0,0,0,0,1,0,0,0,0,0,0,0,0,0
"736",6084567,"010801050103",1.53343,0,0,"VT",0,0,1,0,0,0,0,0,0,0,0,0,0,0,0,0
"737",6084569,"010801050502",0.863349,0,0,"VT",0,0,1,0,0,0,0,0,0,0,0,0,0,0,0,0
"738",6084571,"010801050402",0.911399,0,0,"VT",0,0,0,0,0,0,1,0,0,0,0,0,0,0,0,0
"739",6084573,"010801050203",0.659807,0,0,"VT",0,0,1,0,0,0,0,0,0,0,0,0,0,0,0,0
"740",6084575,"010801050501",2.654766,0,0,"VT",0,0,1,0,0,0,0,0,0,0,0,0,0,0,0,0
"741",6084577,"010801050502",1.181479,0,0,"VT",0,0,1,0,0,0,0,0,0,0,0,0,0,0,0,0
"742",6084579,"010801050106",0.233255,0,0,"VT",0,0,1,0,0,0,0,0,0,0,0,0,0,0,0,0
"743",6084585,"010801050202",0.533691,0,0,"VT",0,0,1,0,0,0,0,0,0,0,0,0,0,0,0,0
"744",6084587,"010801050101",0.218399,0,0,"VT",0,0,1,0,0,0,0,0,0,0,0,0,0,0,0,0
"745",6084593,"010801050501",0.178953,0,0,"VT",0,0,1,0,0,0,0,0,0,0,0,0,0,0,0,0
"746",6084595,"010801050501",0.009129,0,0,"VT",0,0,1,0,0,0,0,0,0,0,0,0,0,0,0,0
"747",6084599,"010801050501",2.143173,0,0,"VT",0,0,1,0,0,0,0,0,0,0,0,0,0,0,0,0
"748",6084603,"010801050203",0.405222,0,0,"VT",0,0,1,0,0,0,0,0,0,0,0,0,0,0,0,0
"749",6084605,"010801050106",0.035171,0.02286115,65,"VT",0,0,0,0,1,5.64910447075,0,0,0,0,0,0,0,0,0,0
"750",6084607,"010801050106",1.25164,0.08198242,6.55,"VT",0,0,0,0,1,20.2582658941,0,0,0,0,0,0,0,0,0,0
"751",6084609,"010801050501",0.997292,0.0062829396,0.63,"VT",0,0,0,0,0,0,1,1.552545789858,0,0,0,0,0,0,0,0
"752",6084611,"010801050501",0.049349,0,0,"VT",0,0,1,0,0,0,0,0,0,0,0,0,0,0,0,0
"753",6084613,"010801050502",0.543203,0,0,"VT",0,0,1,0,0,0,0,0,0,0,0,0,0,0,0,0
"754",6084615,"010801050502",0.582863,0,0,"VT",0,0,1,0,0,0,0,0,0,0,0,0,0,0,0,0
"755",6084621,"010801050502",0.105381,0,0,"VT",0,0,1,0,0,0,0,0,0,0,0,0,0,0,0,0
"756",6084625,"010801050502",1.86379,0,0,"VT",0,0,1,0,0,0,0,0,0,0,0,0,0,0,0,0
"757",6084631,"010801050502",1.477407,0,0,"VT",0,0,1,0,0,0,0,0,0,0,0,0,0,0,0,0
"758",6086593,"010801050503",9.960717,0,0,"NH",0,0,1,0,0,0,0,0,0,0,0,0,0,0,0,0
"759",6088645,"010801060206",4.908437,0,0,"VT",0,0,0,0,0,0,1,0,0,0,0,0,0,0,0,0
"760",6088647,"010801060206",1.922682,0,0,"VT",0,0,0,0,0,0,1,0,0,0,0,0,0,0,0,0
"761",6088649,"010801060206",2.012636,0,0,"VT",0,0,0,0,0,0,1,0,0,0,0,0,0,0,0,0
"762",6088651,"010801060206",0.120156,0,0,"VT",0,0,0,0,0,0,1,0,0,0,0,0,0,0,0,0
"763",6088653,"010801060206",1.446899,0,0,"VT",0,0,0,0,0,0,1,0,0,0,0,0,0,0,0,0
"764",6088655,"010801060206",1.626764,0,0,"VT",0,0,0,0,0,0,1,0,0,0,0,0,0,0,0,0
"765",6088657,"010801060206",3.834844,0,0,"VT",0,0,0,0,0,0,1,0,0,0,0,0,0,0,0,0
"766",6088659,"010801060206",0.369681,0,0,"VT",0,0,0,0,0,0,1,0,0,0,0,0,0,0,0,0
"767",6088661,"010801060206",1.26713,0,0,"VT",0,0,0,0,0,0,1,0,0,0,0,0,0,0,0,0
"768",6088663,"010801060206",12.97962,0,0,"VT",0,0,0,0,0,0,1,0,0,0,0,0,0,0,0,0
"769",6088665,"010801060206",2.925112,0,0,"VT",0,0,0,0,0,0,1,0,0,0,0,0,0,0,0,0
"770",6088667,"010801060206",4.106661,0,0,"VT",0,0,0,0,0,0,1,0,0,0,0,0,0,0,0,0
"771",6088669,"010801060201",13.327434,0,0,"VT",0,0,0,0,0,0,1,0,0,0,0,0,0,0,0,0
"772",6088671,"010801060206",1.860638,0,0,"VT",0,0,0,0,0,0,1,0,0,0,0,0,0,0,0,0
"773",6088673,"010801060206",0.94018,0,0,"VT",0,0,0,0,0,0,1,0,0,0,0,0,0,0,0,0
"774",6088675,"010801060201",3.146484,0,0,"VT",0,0,0,0,0,0,1,0,0,0,0,0,0,0,0,0
"775",6088677,"010801060206",1.277189,0,0,"VT",0,0,0,0,0,0,1,0,0,0,0,0,0,0,0,0
"776",6088679,"010801060206",1.276695,0,0,"VT",0,0,0,0,0,0,1,0,0,0,0,0,0,0,0,0
"777",6088681,"010801060201",3.692392,0,0,"VT",0,0,0,0,0,0,1,0,0,0,0,0,0,0,0,0
"778",6088683,"010801060201",0.014994,0,0,"VT",0,0,0,0,0,0,1,0,0,0,0,0,0,0,0,0
"779",6088685,"010801060201",0.935939,0,0,"VT",0,0,0,0,0,0,1,0,0,0,0,0,0,0,0,0
"780",6088687,"010801060207",2.294919,0,0,"VT",0,0,0,0,0,0,1,0,0,0,0,0,0,0,0,0
"781",6088689,"010801060207",2.588815,0,0,"VT",0,0,0,0,0,0,1,0,0,0,0,0,0,0,0,0
"782",6088695,"010801060201",2.382395,0,0,"VT",0,0,0,0,0,0,1,0,0,0,0,0,0,0,0,0
"783",6088697,"010801060206",1.189736,0,0,"VT",0,0,0,0,0,0,1,0,0,0,0,0,0,0,0,0
"784",6088699,"010801060206",0.253251,0,0,"VT",0,0,0,0,0,0,1,0,0,0,0,0,0,0,0,0
"785",6088701,"010801060206",4.479536,0,0,"VT",0,0,0,0,0,0,1,0,0,0,0,0,0,0,0,0
"786",6088703,"010801060206",5.399205,0,0,"VT",0,0,0,0,0,0,1,0,0,0,0,0,0,0,0,0
"787",6088705,"010801060207",2.07927,0,0,"VT",0,0,0,0,0,0,1,0,0,0,0,0,0,0,0,0
"788",6088707,"010801060207",1.183707,0,0,"VT",0,0,0,0,0,0,1,0,0,0,0,0,0,0,0,0
"789",6088713,"010801060201",2.01633,0,0,"VT",0,0,0,0,0,0,1,0,0,0,0,0,0,0,0,0
"790",6088715,"010801060207",1.074857,0,0,"VT",0,0,0,0,0,0,1,0,0,0,0,0,0,0,0,0
"791",6088717,"010801060207",2.133488,0,0,"VT",0,0,0,0,0,0,1,0,0,0,0,0,0,0,0,0
"792",6088721,"010801060201",0.204181,0,0,"VT",0,0,0,0,0,0,1,0,0,0,0,0,0,0,0,0
"793",6088727,"010801060207",2.385112,0,0,"VT",0,0,0,0,0,0,1,0,0,0,0,0,0,0,0,0
"794",6088729,"010801060207",0.907603,0,0,"VT",0,0,0,0,0,0,1,0,0,0,0,0,0,0,0,0
"795",6088731,"010801060202",5.769799,0,0,"VT",0,0,0,0,0,0,1,0,0,0,0,0,0,0,0,0
"796",6088733,"010801060201",2.063981,0,0,"VT",0,0,0,0,0,0,1,0,0,0,0,0,0,0,0,0
"797",6088735,"010801060206",8.473238,0,0,"VT",0,0,0,0,0,0,1,0,0,0,0,0,0,0,0,0
"798",6088737,"010801060206",1.284495,0,0,"VT",0,0,0,0,0,0,1,0,0,0,0,0,0,0,0,0
"799",6088739,"010801060207",0.308074,0,0,"VT",0,0,0,0,0,0,1,0,0,0,0,0,0,0,0,0
"800",6088741,"010801060207",0.968709,0,0,"VT",0,0,0,0,0,0,1,0,0,0,0,0,0,0,0,0
"801",6088743,"010801060207",1.013454,0,0,"VT",0,0,0,0,0,0,1,0,0,0,0,0,0,0,0,0
"802",6088749,"010801060207",1.735134,0,0,"VT",0,0,0,0,0,0,1,0,0,0,0,0,0,0,0,0
"803",6088751,"010801060206",7.255013,0,0,"VT",0,0,0,0,0,0,1,0,0,0,0,0,0,0,0,0
"804",6088753,"010801060206",3.302882,0,0,"VT",0,0,0,0,0,0,1,0,0,0,0,0,0,0,0,0
"805",6088755,"010801060201",6.418077,0,0,"VT",0,0,0,0,0,0,1,0,0,0,0,0,0,0,0,0
"806",6088759,"010801060202",6.46341,0,0,"VT",0,0,0,0,0,0,1,0,0,0,0,0,0,0,0,0
"807",6088761,"010801060207",0.267592,0,0,"VT",0,0,0,0,0,0,1,0,0,0,0,0,0,0,0,0
"808",6088763,"010801060206",1.442586,0,0,"VT",0,0,0,0,0,0,1,0,0,0,0,0,0,0,0,0
"809",6088765,"010801060206",5.946685,0,0,"VT",0,0,0,0,0,0,1,0,0,0,0,0,0,0,0,0
"810",6088767,"010801060207",1.935266,0,0,"VT",0,0,0,0,0,0,1,0,0,0,0,0,0,0,0,0
"811",6088769,"010801060207",0.071426,0,0,"VT",0,0,0,0,0,0,1,0,0,0,0,0,0,0,0,0
"812",6088771,"010801060207",1.046723,0,0,"VT",0,0,0,0,0,0,1,0,0,0,0,0,0,0,0,0
"813",6088773,"010801060207",1.690164,0,0,"VT",0,0,0,0,0,0,1,0,0,0,0,0,0,0,0,0
"814",6088777,"010801060207",0.044109,0,0,"VT",0,0,0,0,0,0,1,0,0,0,0,0,0,0,0,0
"815",6088779,"010801060206",8.33168,0,0,"VT",0,0,0,0,0,0,1,0,0,0,0,0,0,0,0,0
"816",6088781,"010801060207",4.07581,0.037089871,0.91,"VT",0,0,0,0,0,0,1,9.165092573455,0,0,0,0,0,0,0,0
"817",6088783,"010801060205",0.459512,0.0681915808,14.84,"VT",0,0,0,0,1,16.850480573584,0,0,0,0,0,0,0,0,0,0
"818",6088785,"010801060206",2.876688,0,0,"VT",0,0,0,0,0,0,1,0,0,0,0,0,0,0,0,0
"819",6088789,"010801060207",0.611034,0.0072102012,1.18,"VT",0,0,0,0,0,0,1,1.781676767526,0,0,0,0,0,0,0,0
"820",6088791,"010801060205",3.083261,0.1097640916,3.56,"VT",0,0,1,27.123255854818,0,0,0,0,0,0,0,0,0,0,0,0
"821",6088793,"010801060202",5.791614,0,0,"VT",0,0,0,0,0,0,1,0,0,0,0,0,0,0,0,0
"822",6088797,"010801060202",0.567136,0,0,"VT",0,0,0,0,0,0,1,0,0,0,0,0,0,0,0,0
"823",6088799,"010801060207",0.822951,0,0,"VT",0,0,0,0,0,0,1,0,0,0,0,0,0,0,0,0
"824",6088803,"010801060202",2.367021,0,0,"VT",0,0,0,0,0,0,1,0,0,0,0,0,0,0,0,0
"825",6088807,"010801060202",0.044308,0,0,"VT",0,0,0,0,0,0,1,0,0,0,0,0,0,0,0,0
"826",6088813,"010801060202",0.754374,0,0,"VT",0,0,0,0,0,0,1,0,0,0,0,0,0,0,0,0
"827",6088815,"010801060202",0.082391,0,0,"VT",0,0,0,0,0,0,1,0,0,0,0,0,0,0,0,0
"828",6088817,"010801060202",1.964933,0,0,"VT",0,0,0,0,0,0,1,0,0,0,0,0,0,0,0,0
"829",6088819,"010801060207",0.276871,0,0,"VT",0,0,0,0,0,0,1,0,0,0,0,0,0,0,0,0
"830",6088823,"010801060202",1.403485,0,0,"VT",0,0,0,0,0,0,1,0,0,0,0,0,0,0,0,0
"831",6088827,"010801060205",2.870516,0,0,"VT",0,0,1,0,0,0,0,0,0,0,0,0,0,0,0,0
"832",6088829,"010801060201",1.953062,0,0,"VT",0,0,0,0,0,0,1,0,0,0,0,0,0,0,0,0
"833",6088831,"010801060205",6.014302,0.0414986838,0.69,"VT",0,0,0,0,1,10.254532260399,0,0,0,0,0,0,0,0,0,0
"834",6088833,"010801060205",0.156113,0.0141906717,9.09,"VT",0,0,0,0,1,3.5065859304285,0,0,0,0,0,0,0,0,0,0
"835",6088835,"010801060201",0.65813,0,0,"VT",0,0,0,0,0,0,1,0,0,0,0,0,0,0,0,0
"836",6088837,"010801060205",0.189376,0.0143547008,7.58,"VT",0,0,0,0,1,3.547118341184,0,0,0,0,0,0,0,0,0,0
"837",6088839,"010801060302",0.119405,0.0389140895,32.59,"VT",0,0,0,0,1,9.6158660858975,0,0,0,0,0,0,0,0,0,0
"838",6088841,"010801060201",5.400611,0,0,"VT",0,0,0,0,0,0,1,0,0,0,0,0,0,0,0,0
"839",6088843,"010801060201",10.287053,0,0,"VT",0,0,0,0,0,0,1,0,0,0,0,0,0,0,0,0
"840",6088845,"010801060205",13.192336,0.0356193072,0.27,"VT",0,0,1,8.801708905656,0,0,0,0,0,0,0,0,0,0,0,0
"841",6088847,"010801060204",4.173788,0,0,"VT",0,0,0,0,0,0,1,0,0,0,0,0,0,0,0,0
"842",6088849,"010801060205",2.813517,0.019694619,0.7,"VT",0,0,0,0,1,4.866638827995,0,0,0,0,0,0,0,0,0,0
"843",6088851,"010801060205",9.125956,0,0,"VT",0,0,1,0,0,0,0,0,0,0,0,0,0,0,0,0
"844",6088853,"010801060205",0.13083,0,0,"VT",0,0,1,0,0,0,0,0,0,0,0,0,0,0,0,0
"845",6088855,"010801060205",4.369039,0,0,"VT",0,0,1,0,0,0,0,0,0,0,0,0,0,0,0,0
"846",6088857,"010801060205",0.004082,0,0,"VT",0,0,1,0,0,0,0,0,0,0,0,0,0,0,0,0
"847",6088859,"010801060205",0.301044,0,0,"VT",0,0,1,0,0,0,0,0,0,0,0,0,0,0,0,0
"848",6088861,"010801060203",1.351736,0,0,"VT",0,0,0,0,0,0,1,0,0,0,0,0,0,0,0,0
"849",6088863,"010801060203",1.570682,0,0,"VT",0,0,0,0,0,0,1,0,0,0,0,0,0,0,0,0
"850",6088867,"010801060205",1.555163,0,0,"VT",0,0,1,0,0,0,0,0,0,0,0,0,0,0,0,0
"851",6088871,"010801060201",1.276953,0,0,"VT",0,0,0,0,0,0,1,0,0,0,0,0,0,0,0,0
"852",6088873,"010801060201",2.702007,0,0,"VT",0,0,0,0,0,0,1,0,0,0,0,0,0,0,0,0
"853",6088877,"010801060205",6.691278,0,0,"VT",0,0,1,0,0,0,0,0,0,0,0,0,0,0,0,0
"854",6088879,"010801060201",3.240915,0,0,"VT",0,0,0,0,0,0,1,0,0,0,0,0,0,0,0,0
"855",6088881,"010801060203",3.437096,0,0,"VT",0,0,0,0,0,0,1,0,0,0,0,0,0,0,0,0
"856",6088885,"010801060204",12.651364,0,0,"VT",0,0,0,0,0,0,1,0,0,0,0,0,0,0,0,0
"857",6088887,"010801060204",3.857415,0,0,"VT",0,0,0,0,0,0,1,0,0,0,0,0,0,0,0,0
"858",6088889,"010801060205",5.66569,0,0,"VT",0,0,1,0,0,0,0,0,0,0,0,0,0,0,0,0
"859",6088891,"010801060203",1.851163,0,0,"VT",0,0,0,0,0,0,1,0,0,0,0,0,0,0,0,0
"860",6088893,"010801060203",4.026759,0,0,"VT",0,0,0,0,0,0,1,0,0,0,0,0,0,0,0,0
"861",6088895,"010801060203",3.21956,0,0,"VT",0,0,0,0,0,0,1,0,0,0,0,0,0,0,0,0
"862",6088897,"010801060201",2.559318,0,0,"VT",0,0,0,0,0,0,1,0,0,0,0,0,0,0,0,0
"863",6088899,"010801060203",2.538315,0,0,"VT",0,0,0,0,0,0,1,0,0,0,0,0,0,0,0,0
"864",6088901,"010801060203",0.262826,0,0,"VT",0,0,0,0,0,0,1,0,0,0,0,0,0,0,0,0
"865",6088903,"010801060203",6.68305,0,0,"VT",0,0,0,0,0,0,1,0,0,0,0,0,0,0,0,0
"866",6088905,"010801060203",4.359597,0,0,"VT",0,0,0,0,0,0,1,0,0,0,0,0,0,0,0,0
"867",6088907,"010801060203",1.411001,0,0,"VT",0,0,0,0,0,0,1,0,0,0,0,0,0,0,0,0
"868",6088911,"010801060204",8.277934,0,0,"VT",0,0,0,0,0,0,1,0,0,0,0,0,0,0,0,0
"869",6088913,"010801060204",0.431195,0,0,"VT",0,0,0,0,0,0,1,0,0,0,0,0,0,0,0,0
"870",6088915,"010801060205",9.752954,0,0,"VT",0,0,1,0,0,0,0,0,0,0,0,0,0,0,0,0
"871",6088919,"010801060204",1.682073,0,0,"VT",0,0,0,0,0,0,1,0,0,0,0,0,0,0,0,0
"872",6088921,"010801060203",2.999049,0,0,"VT",0,0,0,0,0,0,1,0,0,0,0,0,0,0,0,0
"873",6088925,"010801060203",0.269956,0,0,"VT",0,0,0,0,0,0,1,0,0,0,0,0,0,0,0,0
"874",6088927,"010801060204",1.755485,0,0,"VT",0,0,0,0,0,0,1,0,0,0,0,0,0,0,0,0
"875",6088931,"010801060501",1.227193,0,0,"VT",0,0,1,0,0,0,0,0,0,0,0,0,0,0,0,0
"876",6088933,"010801060501",0.110394,0,0,"VT",0,0,1,0,0,0,0,0,0,0,0,0,0,0,0,0
"877",6088935,"010801060203",7.479165,0,0,"VT",0,0,0,0,0,0,1,0,0,0,0,0,0,0,0,0
"878",6088939,"010801060203",5.031568,0,0,"VT",0,0,0,0,0,0,1,0,0,0,0,0,0,0,0,0
"879",6088945,"010801060203",10.107421,0,0,"VT",0,0,0,0,0,0,1,0,0,0,0,0,0,0,0,0
"880",6088947,"010801060501",2.765774,0,0,"VT",0,0,1,0,0,0,0,0,0,0,0,0,0,0,0,0
"881",6088955,"010801060203",3.516184,0,0,"VT",0,0,0,0,0,0,1,0,0,0,0,0,0,0,0,0
"882",6088957,"010801060501",4.035693,0,0,"VT",0,0,1,0,0,0,0,0,0,0,0,0,0,0,0,0
"883",6088961,"010801060501",1.602061,0,0,"VT",0,0,1,0,0,0,0,0,0,0,0,0,0,0,0,0
"884",6088963,"010801060501",1.583389,0,0,"VT",0,0,1,0,0,0,0,0,0,0,0,0,0,0,0,0
"885",6088965,"010801060501",2.831546,0,0,"VT",0,0,1,0,0,0,0,0,0,0,0,0,0,0,0,0
"886",6088967,"010801060501",5.042429,0,0,"VT",0,0,1,0,0,0,0,0,0,0,0,0,0,0,0,0
"887",6088993,"010801060206",4.703137,0,0,"VT",0,0,0,0,0,0,1,0,0,0,0,0,0,0,0,0
"888",6088995,"010801060207",3.041156,0,0,"VT",0,0,0,0,0,0,1,0,0,0,0,0,0,0,0,0
"889",6088997,"010801060207",1.752592,0,0,"VT",0,0,0,0,0,0,1,0,0,0,0,0,0,0,0,0
"890",6088999,"010801060207",2.779077,0.0172302774,0.62,"VT",0,0,0,0,0,0,1,4.257687696927,0,0,0,0,0,0,0,0
"891",6089001,"010801060207",3.188046,0,0,"VT",0,0,0,0,0,0,1,0,0,0,0,0,0,0,0,0
"892",6089003,"010801060207",12.343885,0,0,"VT",0,0,0,0,0,0,1,0,0,0,0,0,0,0,0,0
"893",6089005,"010801060207",9.398827,0,0,"VT",0,0,0,0,0,0,1,0,0,0,0,0,0,0,0,0
"894",6089007,"010801060204",4.261874,0,0,"VT",0,0,0,0,0,0,1,0,0,0,0,0,0,0,0,0
"895",6089009,"010801060205",4.450374,0.0097908228,0.22,"VT",0,0,0,0,1,2.419361267994,0,0,0,0,0,0,0,0,0,0
"896",6089011,"010801060207",4.108211,0,0,"VT",0,0,0,0,0,0,1,0,0,0,0,0,0,0,0,0
"897",6089013,"010801060205",5.378727,0,0,"VT",0,0,1,0,0,0,0,0,0,0,0,0,0,0,0,0
"898",6089015,"010801060205",2.26364,0,0,"VT",0,0,1,0,0,0,0,0,0,0,0,0,0,0,0,0
"899",6089017,"010801060207",1.917435,0,0,"VT",0,0,0,0,0,0,1,0,0,0,0,0,0,0,0,0
"900",6089021,"010801060202",4.358651,0,0,"VT",0,0,0,0,0,0,1,0,0,0,0,0,0,0,0,0
"901",6089023,"010801060202",2.481591,0,0,"VT",0,0,0,0,0,0,1,0,0,0,0,0,0,0,0,0
"902",6089027,"010801060201",11.527112,0,0,"VT",0,0,0,0,0,0,1,0,0,0,0,0,0,0,0,0
"903",6089029,"010801060201",14.651877,0,0,"VT",0,0,0,0,0,0,1,0,0,0,0,0,0,0,0,0
"904",6089031,"010801060207",7.315802,0.0460895526,0.63,"VT",0,0,0,0,0,0,1,11.388958895223,0,0,0,0,0,0,0,0
"905",6089033,"010801060207",7.532894,0.165723668,2.2,"VT",0,0,0,0,1,40.95114698114,0,0,0,0,0,0,0,0,0,0
"906",6089035,"010801060207",0.860092,0,0,"VT",0,0,0,0,0,0,1,0,0,0,0,0,0,0,0,0
"907",6089037,"010801060207",2.515423,0,0,"VT",0,0,0,0,0,0,1,0,0,0,0,0,0,0,0,0
"908",6089039,"010801060201",2.418405,0,0,"VT",0,0,0,0,0,0,1,0,0,0,0,0,0,0,0,0
"909",6089041,"010801060201",2.746201,0,0,"VT",0,0,0,0,0,0,1,0,0,0,0,0,0,0,0,0
"910",6089043,"010801060205",3.985717,0,0,"VT",0,0,1,0,0,0,0,0,0,0,0,0,0,0,0,0
"911",6089045,"010801060501",9.596759,0,0,"VT",0,0,1,0,0,0,0,0,0,0,0,0,0,0,0,0
"912",6089047,"010801060501",5.570961,0,0,"VT",0,0,1,0,0,0,0,0,0,0,0,0,0,0,0,0
"913",6089049,"010801060501",3.24814,0,0,"VT",0,0,1,0,0,0,0,0,0,0,0,0,0,0,0,0
"914",6089053,"010801060207",1.96606,0,0,"VT",0,0,0,0,0,0,1,0,0,0,0,0,0,0,0,0
"915",6089055,"010801060207",1.438971,0,0,"VT",0,0,0,0,0,0,1,0,0,0,0,0,0,0,0,0
"916",6089057,"010801060207",0.015919,0,0,"VT",0,0,0,0,0,0,1,0,0,0,0,0,0,0,0,0
"917",6089059,"010801060207",0.317822,0,0,"VT",0,0,0,0,0,0,1,0,0,0,0,0,0,0,0,0
"918",6089061,"010801060207",0.922653,0,0,"VT",0,0,0,0,0,0,1,0,0,0,0,0,0,0,0,0
"919",6089063,"010801060207",0.54313,0,0,"VT",0,0,0,0,0,0,1,0,0,0,0,0,0,0,0,0
"920",6089071,"010801060207",4.901014,0,0,"VT",0,0,0,0,0,0,1,0,0,0,0,0,0,0,0,0
"921",6089075,"010801060207",0.477009,0,0,"VT",0,0,0,0,0,0,1,0,0,0,0,0,0,0,0,0
"922",6089077,"010801060201",0.890748,0,0,"VT",0,0,0,0,0,0,1,0,0,0,0,0,0,0,0,0
"923",6089081,"010801060205",0.491039,0,0,"VT",0,0,1,0,0,0,0,0,0,0,0,0,0,0,0,0
"924",6089083,"010801060201",4.441491,0,0,"VT",0,0,0,0,0,0,1,0,0,0,0,0,0,0,0,0
"925",6089091,"010801060203",3.481638,0,0,"VT",0,0,0,0,0,0,1,0,0,0,0,0,0,0,0,0
"926",6089095,"010801060501",0.673312,0,0,"VT",0,0,1,0,0,0,0,0,0,0,0,0,0,0,0,0
"927",6089101,"010801060207",1.831872,0,0,"VT",0,0,0,0,0,0,1,0,0,0,0,0,0,0,0,0
"928",6089109,"010801060207",0.779949,0.0143510616,1.84,"VT",0,0,0,0,0,0,1,3.546219076668,0,0,0,0,0,0,0,0
"929",6089113,"010801060207",2.303725,0.276907745,12.02,"VT",0,0,0,0,1,68.425288328225,0,0,0,0,0,0,0,0,0,0
"930",6089115,"010801060207",2.26066,0,0,"VT",0,0,0,0,0,0,1,0,0,0,0,0,0,0,0,0
"931",6089595,"010801060501",2.286539,0,0,"VT",0,0,1,0,0,0,0,0,0,0,0,0,0,0,0,0
"932",6089599,"010801060504",1.77549,0,0,"VT",0,0,0,0,0,0,1,0,0,0,0,0,0,0,0,0
"933",6089603,"010801060501",2.13195,0,0,"VT",0,0,1,0,0,0,0,0,0,0,0,0,0,0,0,0
"934",6089609,"010801060504",2.049086,0,0,"VT",0,0,0,0,0,0,1,0,0,0,0,0,0,0,0,0
"935",6089611,"010801060504",1.623558,0,0,"VT",0,0,0,0,0,0,1,0,0,0,0,0,0,0,0,0
"936",6089613,"010801060504",0.197572,0,0,"VT",0,0,0,0,0,0,1,0,0,0,0,0,0,0,0,0
"937",6089615,"010801060501",1.913791,0,0,"VT",0,0,1,0,0,0,0,0,0,0,0,0,0,0,0,0
"938",6089617,"010801060501",4.128798,0,0,"VT",0,0,1,0,0,0,0,0,0,0,0,0,0,0,0,0
"939",6089619,"010801060504",0.043276,0,0,"VT",0,0,0,0,0,0,1,0,0,0,0,0,0,0,0,0
"940",6089621,"010801060501",2.270454,0,0,"VT",0,0,1,0,0,0,0,0,0,0,0,0,0,0,0,0
"941",6089623,"010801060501",2.441667,0,0,"VT",0,0,1,0,0,0,0,0,0,0,0,0,0,0,0,0
"942",6089625,"010801060504",1.665405,0,0,"VT",0,0,0,0,0,0,1,0,0,0,0,0,0,0,0,0
"943",6089627,"010801060504",0.97791,0,0,"VT",0,0,0,0,0,0,1,0,0,0,0,0,0,0,0,0
"944",6089629,"010801060504",0.031345,0,0,"VT",0,0,0,0,0,0,1,0,0,0,0,0,0,0,0,0
"945",6089633,"010801060504",1.338094,0,0,"VT",0,0,0,0,0,0,1,0,0,0,0,0,0,0,0,0
"946",6089635,"010801060504",0.82061,0,0,"VT",0,0,0,0,0,0,1,0,0,0,0,0,0,0,0,0
"947",6089639,"010801060504",1.92155,0,0,"VT",0,0,0,0,0,0,1,0,0,0,0,0,0,0,0,0
"948",6089641,"010801060501",3.155651,0,0,"VT",0,0,1,0,0,0,0,0,0,0,0,0,0,0,0,0
"949",6089643,"010801060504",0.553338,0,0,"VT",0,0,0,0,0,0,1,0,0,0,0,0,0,0,0,0
"950",6089645,"010801060501",0.137139,0,0,"VT",0,0,1,0,0,0,0,0,0,0,0,0,0,0,0,0
"951",6089647,"010801060501",1.307966,0,0,"VT",0,0,1,0,0,0,0,0,0,0,0,0,0,0,0,0
"952",6089649,"010801060504",1.876028,0,0,"VT",0,0,0,0,0,0,1,0,0,0,0,0,0,0,0,0
"953",6089651,"010801060501",0.12982,0,0,"VT",0,0,1,0,0,0,0,0,0,0,0,0,0,0,0,0
"954",6089653,"010801060501",1.148087,0,0,"VT",0,0,1,0,0,0,0,0,0,0,0,0,0,0,0,0
"955",6089657,"010801060503",4.168304,0,0,"VT",0,0,0,0,0,0,1,0,0,0,0,0,0,0,0,0
"956",6089659,"010801060504",1.647773,0,0,"VT",0,0,0,0,0,0,1,0,0,0,0,0,0,0,0,0
"957",6089661,"010801060501",0.58115,0,0,"VT",0,0,1,0,0,0,0,0,0,0,0,0,0,0,0,0
"958",6089663,"010801060503",0.697389,0,0,"VT",0,0,0,0,0,0,1,0,0,0,0,0,0,0,0,0
"959",6089665,"010801060503",1.72437,0,0,"VT",0,0,0,0,0,0,1,0,0,0,0,0,0,0,0,0
"960",6089667,"010801060503",0.003132,0,0,"VT",0,0,0,0,0,0,1,0,0,0,0,0,0,0,0,0
"961",6089669,"010801060501",2.144045,0,0,"VT",0,0,1,0,0,0,0,0,0,0,0,0,0,0,0,0
"962",6089671,"010801060503",2.011349,0,0,"VT",0,0,0,0,0,0,1,0,0,0,0,0,0,0,0,0
"963",6089673,"010801060504",4.429471,0,0,"VT",0,0,0,0,0,0,1,0,0,0,0,0,0,0,0,0
"964",6089675,"010801060504",1.258618,0,0,"VT",0,0,0,0,0,0,1,0,0,0,0,0,0,0,0,0
"965",6089677,"010801060504",1.838748,0,0,"VT",0,0,0,0,0,0,1,0,0,0,0,0,0,0,0,0
"966",6089679,"010801060504",0.015622,0,0,"VT",0,0,0,0,0,0,1,0,0,0,0,0,0,0,0,0
"967",6089681,"010801060504",0.0036,0,0,"VT",0,0,0,0,0,0,1,0,0,0,0,0,0,0,0,0
"968",6089683,"010801060504",0.00748,0,0,"VT",0,0,0,0,0,0,1,0,0,0,0,0,0,0,0,0
"969",6089685,"010801060503",0.679537,0,0,"VT",0,0,0,0,0,0,1,0,0,0,0,0,0,0,0,0
"970",6089687,"010801060503",1.636874,0,0,"VT",0,0,0,0,0,0,1,0,0,0,0,0,0,0,0,0
"971",6089691,"010801060504",2.347778,0,0,"VT",0,0,0,0,0,0,1,0,0,0,0,0,0,0,0,0
"972",6089693,"010801060504",3.551195,0,0,"VT",0,0,0,0,0,0,1,0,0,0,0,0,0,0,0,0
"973",6089695,"010801060503",0.42453,0,0,"VT",0,0,0,0,0,0,1,0,0,0,0,0,0,0,0,0
"974",6089697,"010801060503",2.505767,0,0,"VT",0,0,0,0,0,0,1,0,0,0,0,0,0,0,0,0
"975",6089699,"010801060503",0.711371,0,0,"VT",0,0,0,0,0,0,1,0,0,0,0,0,0,0,0,0
"976",6089701,"010801060503",1.202003,0,0,"VT",0,0,0,0,0,0,1,0,0,0,0,0,0,0,0,0
"977",6089703,"010801060504",1.754996,0,0,"VT",0,0,0,0,0,0,1,0,0,0,0,0,0,0,0,0
"978",6089709,"010801060504",0.756134,0,0,"VT",0,0,0,0,0,0,1,0,0,0,0,0,0,0,0,0
"979",6089711,"010801060503",0.29287,0,0,"VT",0,0,0,0,0,0,1,0,0,0,0,0,0,0,0,0
"980",6089713,"010801060503",0.226615,0,0,"VT",0,0,0,0,0,0,1,0,0,0,0,0,0,0,0,0
"981",6089717,"010801060504",3.99883,0,0,"VT",0,0,0,0,0,0,1,0,0,0,0,0,0,0,0,0
"982",6089719,"010801060503",0.202147,0,0,"VT",0,0,0,0,0,0,1,0,0,0,0,0,0,0,0,0
"983",6089721,"010801060503",0.717016,0,0,"VT",0,0,0,0,0,0,1,0,0,0,0,0,0,0,0,0
"984",6089725,"010801060504",0.45106,0,0,"VT",0,0,0,0,0,0,1,0,0,0,0,0,0,0,0,0
"985",6089727,"010801060504",2.274214,0,0,"VT",0,0,0,0,0,0,1,0,0,0,0,0,0,0,0,0
"986",6089729,"010801060502",5.89885,0,0,"VT",0,0,0,0,0,0,1,0,0,0,0,0,0,0,0,0
"987",6089731,"010801060503",1.524065,0,0,"VT",0,0,0,0,0,0,1,0,0,0,0,0,0,0,0,0
"988",6089733,"010801060502",0.53724,0,0,"VT",0,0,0,0,0,0,1,0,0,0,0,0,0,0,0,0
"989",6089735,"010801060502",3.263141,0,0,"VT",0,0,0,0,0,0,1,0,0,0,0,0,0,0,0,0
"990",6089737,"010801060503",0.522138,0,0,"VT",0,0,0,0,0,0,1,0,0,0,0,0,0,0,0,0
"991",6089739,"010801060503",0.455567,0,0,"VT",0,0,0,0,0,0,1,0,0,0,0,0,0,0,0,0
"992",6089741,"010801060504",0.2891,0,0,"VT",0,0,0,0,0,0,1,0,0,0,0,0,0,0,0,0
"993",6089743,"010801060503",0.014576,0,0,"VT",0,0,0,0,0,0,1,0,0,0,0,0,0,0,0,0
"994",6089745,"010801060503",0.768222,0,0,"VT",0,0,0,0,0,0,1,0,0,0,0,0,0,0,0,0
"995",6089751,"010801060504",1.022079,0,0,"VT",0,0,0,0,0,0,1,0,0,0,0,0,0,0,0,0
"996",6089753,"010801060503",0.932168,0,0,"VT",0,0,0,0,0,0,1,0,0,0,0,0,0,0,0,0
"997",6089755,"010801060504",0.475296,0,0,"VT",0,0,0,0,0,0,1,0,0,0,0,0,0,0,0,0
"998",6089757,"010801060502",6.086498,0,0,"VT",0,0,0,0,0,0,1,0,0,0,0,0,0,0,0,0
"999",6089759,"010801060501",1.701922,0,0,"VT",0,0,1,0,0,0,0,0,0,0,0,0,0,0,0,0
"1000",6089761,"010801060501",0.641648,0,0,"VT",0,0,1,0,0,0,0,0,0,0,0,0,0,0,0,0
"1001",6089763,"010801060503",3.335114,0,0,"VT",0,0,0,0,0,0,1,0,0,0,0,0,0,0,0,0
"1002",6089765,"010801060503",3.17287,0,0,"VT",0,0,0,0,0,0,1,0,0,0,0,0,0,0,0,0
"1003",6089769,"010801060501",0.018104,0,0,"VT",0,0,1,0,0,0,0,0,0,0,0,0,0,0,0,0
"1004",6089773,"010801060504",2.568551,0,0,"VT",0,0,0,0,0,0,1,0,0,0,0,0,0,0,0,0
"1005",6089777,"010801060504",2.458364,0,0,"VT",0,0,0,0,0,0,1,0,0,0,0,0,0,0,0,0
"1006",6089783,"010801060501",0.11025,0,0,"VT",0,0,1,0,0,0,0,0,0,0,0,0,0,0,0,0
"1007",6089785,"010801060502",0.244181,0,0,"VT",0,0,0,0,0,0,1,0,0,0,0,0,0,0,0,0
"1008",6089789,"010801060504",1.545988,0,0,"VT",0,0,0,0,0,0,1,0,0,0,0,0,0,0,0,0
"1009",6089791,"010801060504",0.270726,0,0,"VT",0,0,0,0,0,0,1,0,0,0,0,0,0,0,0,0
"1010",6089793,"010801060504",1.294313,0,0,"VT",0,0,0,0,0,0,1,0,0,0,0,0,0,0,0,0
"1011",6089795,"010801060503",0.826224,0,0,"VT",0,0,0,0,0,0,1,0,0,0,0,0,0,0,0,0
"1012",6089797,"010801060504",0.733602,0,0,"VT",0,0,0,0,0,0,1,0,0,0,0,0,0,0,0,0
"1013",6089799,"010801060503",2.593996,0,0,"VT",0,0,0,0,0,0,1,0,0,0,0,0,0,0,0,0
"1014",6089801,"010801060503",1.345585,0,0,"VT",0,0,0,0,0,0,1,0,0,0,0,0,0,0,0,0
"1015",6089803,"010801060504",0.585674,0,0,"VT",0,0,0,0,0,0,1,0,0,0,0,0,0,0,0,0
"1016",6089805,"010801060502",1.092576,0,0,"VT",0,0,0,0,0,0,1,0,0,0,0,0,0,0,0,0
"1017",6089807,"010801060502",0.995777,0,0,"VT",0,0,0,0,0,0,1,0,0,0,0,0,0,0,0,0
"1018",6089809,"010801060503",0.986593,0,0,"VT",0,0,0,0,0,0,1,0,0,0,0,0,0,0,0,0
"1019",6089811,"010801060504",3.012236,0,0,"VT",0,0,0,0,0,0,1,0,0,0,0,0,0,0,0,0
"1020",6089813,"010801060503",1.929507,0,0,"VT",0,0,0,0,0,0,1,0,0,0,0,0,0,0,0,0
"1021",6089815,"010801060503",2.180193,0,0,"VT",0,0,0,0,0,0,1,0,0,0,0,0,0,0,0,0
"1022",6089817,"010801060503",8.302088,0,0,"VT",0,0,0,0,0,0,1,0,0,0,0,0,0,0,0,0
"1023",6089819,"010801060503",0.536452,0,0,"VT",0,0,0,0,0,0,1,0,0,0,0,0,0,0,0,0
"1024",6089821,"010801060503",0.119885,0,0,"VT",0,0,0,0,0,0,1,0,0,0,0,0,0,0,0,0
"1025",6089823,"010801060503",0.765897,0,0,"VT",0,0,0,0,0,0,1,0,0,0,0,0,0,0,0,0
"1026",6089825,"010801060503",0.020025,0,0,"VT",0,0,0,0,0,0,1,0,0,0,0,0,0,0,0,0
"1027",6089827,"010801060503",0.608251,0,0,"VT",0,0,0,0,0,0,1,0,0,0,0,0,0,0,0,0
"1028",6089829,"010801060503",0.747649,0,0,"VT",0,0,0,0,0,0,1,0,0,0,0,0,0,0,0,0
"1029",6089831,"010801060503",0.982785,0,0,"VT",0,0,0,0,0,0,1,0,0,0,0,0,0,0,0,0
"1030",6089833,"010801060503",1.496735,0,0,"VT",0,0,0,0,0,0,1,0,0,0,0,0,0,0,0,0
"1031",6089835,"010801060503",0.416135,0,0,"VT",0,0,0,0,0,0,1,0,0,0,0,0,0,0,0,0
"1032",6089839,"010801060503",1.370337,0,0,"VT",0,0,0,0,0,0,1,0,0,0,0,0,0,0,0,0
"1033",6089841,"010801060502",4.689598,0.0126619146,0.27,"VT",0,0,0,0,0,0,1,3.128822407233,0,0,0,0,0,0,0,0
"1034",6089843,"010801060503",0.24755,0,0,"VT",0,0,0,0,0,0,1,0,0,0,0,0,0,0,0,0
"1035",6089845,"010801060503",1.492844,0,0,"VT",0,0,0,0,0,0,1,0,0,0,0,0,0,0,0,0
"1036",6089847,"010801060503",0.989868,0,0,"VT",0,0,0,0,0,0,1,0,0,0,0,0,0,0,0,0
"1037",6089849,"010801060502",2.504064,0,0,"VT",0,0,0,0,0,0,1,0,0,0,0,0,0,0,0,0
"1038",6089851,"010801060502",3.371136,0,0,"VT",0,0,0,0,0,0,1,0,0,0,0,0,0,0,0,0
"1039",6089853,"010801060503",0.203158,0,0,"VT",0,0,0,0,0,0,1,0,0,0,0,0,0,0,0,0
"1040",6089855,"010801060502",1.190137,0,0,"VT",0,0,0,0,0,0,1,0,0,0,0,0,0,0,0,0
"1041",6089857,"010801060502",0.161801,0,0,"VT",0,0,0,0,0,0,1,0,0,0,0,0,0,0,0,0
"1042",6089859,"010801060503",0.393531,0,0,"VT",0,0,0,0,0,0,1,0,0,0,0,0,0,0,0,0
"1043",6089861,"010801060503",0.73284,0,0,"VT",0,0,0,0,0,0,1,0,0,0,0,0,0,0,0,0
"1044",6089863,"010801060504",2.474509,0,0,"VT",0,0,0,0,0,0,1,0,0,0,0,0,0,0,0,0
"1045",6089865,"010801060502",2.879769,0,0,"VT",0,0,0,0,0,0,1,0,0,0,0,0,0,0,0,0
"1046",6089867,"010801060502",0.145684,0,0,"VT",0,0,0,0,0,0,1,0,0,0,0,0,0,0,0,0
"1047",6089869,"010801060502",0.003765,0,0,"VT",0,0,0,0,0,0,1,0,0,0,0,0,0,0,0,0
"1048",6089871,"010801060503",0.15006,0,0,"VT",0,0,0,0,0,0,1,0,0,0,0,0,0,0,0,0
"1049",6089873,"010801060702",0.811795,0,0,"VT",0,0,0,0,0,0,1,0,0,0,0,0,0,0,0,0
"1050",6089875,"010801060503",9.219834,0.0009219834,0.01,"VT",0,0,0,0,0,0,1,0.227826708057,0,0,0,0,0,0,0,0
"1051",6089877,"010801060502",18.197688,0,0,"VT",0,0,0,0,0,0,1,0,0,0,0,0,0,0,0,0
"1052",6089879,"010801060503",0.796412,0,0,"VT",0,0,0,0,0,0,1,0,0,0,0,0,0,0,0,0
"1053",6089881,"010801060502",0.254687,0,0,"VT",0,0,0,0,0,0,1,0,0,0,0,0,0,0,0,0
"1054",6089883,"010801060702",3.308038,0.029772342,0.9,"VT",0,0,0,0,0,0,1,7.35689456991,0,0,0,0,0,0,0,0
"1055",6089885,"010801060502",1.050672,0,0,"VT",0,0,0,0,0,0,1,0,0,0,0,0,0,0,0,0
"1056",6089887,"010801060502",2.750135,0,0,"VT",0,0,0,0,0,0,1,0,0,0,0,0,0,0,0,0
"1057",6089891,"010801060503",0.904371,0.0116663859,1.29,"VT",0,0,0,0,1,2.8828222878195,0,0,0,0,0,0,0,0,0,0
"1058",6089893,"010801060503",0.672388,0,0,"VT",0,0,0,0,0,0,1,0,0,0,0,0,0,0,0,0
"1059",6089895,"010801060503",0.485376,0,0,"VT",0,0,0,0,0,0,1,0,0,0,0,0,0,0,0,0
"1060",6089897,"010801060502",0.249783,0,0,"VT",0,0,0,0,0,0,1,0,0,0,0,0,0,0,0,0
"1061",6089899,"010801060502",0.690174,0,0,"VT",0,0,0,0,0,0,1,0,0,0,0,0,0,0,0,0
"1062",6089903,"010801060502",0.106395,0,0,"VT",0,0,0,0,0,0,1,0,0,0,0,0,0,0,0,0
"1063",6089905,"010801060502",0.400665,0,0,"VT",0,0,0,0,0,0,1,0,0,0,0,0,0,0,0,0
"1064",6089907,"010801060504",1.115953,0,0,"VT",0,0,0,0,0,0,1,0,0,0,0,0,0,0,0,0
"1065",6089913,"010801060502",5.833348,0,0,"VT",0,0,0,0,0,0,1,0,0,0,0,0,0,0,0,0
"1066",6089919,"010801060502",1.82385,0,0,"VT",0,0,0,0,0,0,1,0,0,0,0,0,0,0,0,0
"1067",6089921,"010801060502",2.158149,0,0,"VT",0,0,0,0,0,0,1,0,0,0,0,0,0,0,0,0
"1068",6089925,"010801060503",0.120606,0,0,"VT",0,0,0,0,0,0,1,0,0,0,0,0,0,0,0,0
"1069",6089927,"010801060503",0.356419,0,0,"VT",0,0,0,0,0,0,1,0,0,0,0,0,0,0,0,0
"1070",6089929,"010801060503",0.528036,0,0,"VT",0,0,0,0,0,0,1,0,0,0,0,0,0,0,0,0
"1071",6089931,"010801060503",1.304449,0.011740041,0.9,"VT",0,0,0,0,0,0,1,2.901022831305,0,0,0,0,0,0,0,0
"1072",6089933,"010801060502",0.530292,0,0,"VT",0,0,0,0,0,0,1,0,0,0,0,0,0,0,0,0
"1073",6089935,"010801060502",1.535018,0,0,"VT",0,0,0,0,0,0,1,0,0,0,0,0,0,0,0,0
"1074",6089937,"010801060502",2.003155,0,0,"VT",0,0,0,0,0,0,1,0,0,0,0,0,0,0,0,0
"1075",6089939,"010801060503",1.886101,0,0,"VT",0,0,0,0,0,0,1,0,0,0,0,0,0,0,0,0
"1076",6089943,"010801060505",0.131459,0.0402395999,30.61,"VT",0,0,0,0,0,0,1,9.9434063332895,0,0,0,0,0,0,0,0
"1077",6089945,"010801060505",1.922373,0,0,"VT",0,0,0,0,0,0,1,0,0,0,0,0,0,0,0,0
"1078",6089947,"010801060502",1.584325,0,0,"VT",0,0,0,0,0,0,1,0,0,0,0,0,0,0,0,0
"1079",6089949,"010801060502",2.436596,0,0,"VT",0,0,0,0,0,0,1,0,0,0,0,0,0,0,0,0
"1080",6089951,"010801060505",0.437476,0,0,"VT",0,0,0,0,0,0,1,0,0,0,0,0,0,0,0,0
"1081",6089953,"010801060502",0.509457,0,0,"VT",0,0,0,0,0,0,1,0,0,0,0,0,0,0,0,0
"1082",6089955,"010801060505",3.165953,0,0,"VT",0,0,0,0,0,0,1,0,0,0,0,0,0,0,0,0
"1083",6089957,"010801060505",2.150972,0,0,"VT",0,0,0,0,0,0,1,0,0,0,0,0,0,0,0,0
"1084",6089959,"010801060505",0.787563,0.0530817462,6.74,"VT",0,0,0,0,1,13.116764894751,0,0,0,0,0,0,0,0,0,0
"1085",6089961,"010801060505",1.063408,0,0,"VT",0,0,0,0,0,0,1,0,0,0,0,0,0,0,0,0
"1086",6089963,"010801060505",1.227756,0,0,"VT",0,0,0,0,0,0,1,0,0,0,0,0,0,0,0,0
"1087",6089965,"010801060505",2.760239,0,0,"VT",0,0,0,0,0,0,1,0,0,0,0,0,0,0,0,0
"1088",6089967,"010801060502",0.730918,0,0,"VT",0,0,0,0,0,0,1,0,0,0,0,0,0,0,0,0
"1089",6089969,"010801060502",4.397157,0,0,"VT",0,0,0,0,0,0,1,0,0,0,0,0,0,0,0,0
"1090",6089971,"010801060502",1.715084,0,0,"VT",0,0,0,0,0,0,1,0,0,0,0,0,0,0,0,0
"1091",6089973,"010801060502",2.058837,0,0,"VT",0,0,0,0,0,0,1,0,0,0,0,0,0,0,0,0
"1092",6089975,"010801060505",0.982071,0,0,"VT",0,0,0,0,0,0,1,0,0,0,0,0,0,0,0,0
"1093",6089977,"010801060505",1.113906,0,0,"VT",0,0,0,0,0,0,1,0,0,0,0,0,0,0,0,0
"1094",6089979,"010801060505",1.88095,0,0,"VT",0,0,0,0,0,0,1,0,0,0,0,0,0,0,0,0
"1095",6089981,"010801060505",2.103986,0,0,"VT",0,0,0,0,0,0,1,0,0,0,0,0,0,0,0,0
"1096",6089983,"010801060505",2.428187,0,0,"VT",0,0,0,0,0,0,1,0,0,0,0,0,0,0,0,0
"1097",6089987,"010801060505",0.632766,0,0,"VT",0,0,0,0,0,0,1,0,0,0,0,0,0,0,0,0
"1098",6089989,"010801060505",2.478817,0,0,"VT",0,0,0,0,0,0,1,0,0,0,0,0,0,0,0,0
"1099",6089991,"010801060505",3.667355,0,0,"VT",0,0,0,0,0,0,1,0,0,0,0,0,0,0,0,0
"1100",6089993,"010801060505",0.182818,0,0,"VT",0,0,0,0,0,0,1,0,0,0,0,0,0,0,0,0
"1101",6089995,"010801060505",1.319907,0,0,"VT",0,0,0,0,0,0,1,0,0,0,0,0,0,0,0,0
"1102",6089997,"010801060505",1.242059,0,0,"VT",0,0,0,0,0,0,1,0,0,0,0,0,0,0,0,0
"1103",6089999,"010801060505",0.306881,0,0,"VT",0,0,0,0,0,0,1,0,0,0,0,0,0,0,0,0
"1104",6090001,"010801060505",4.595625,0,0,"VT",0,0,0,0,0,0,1,0,0,0,0,0,0,0,0,0
"1105",6090003,"010801060505",0.804451,0,0,"VT",0,0,0,0,0,0,1,0,0,0,0,0,0,0,0,0
"1106",6090005,"010801060505",1.284519,0,0,"VT",0,0,0,0,0,0,1,0,0,0,0,0,0,0,0,0
"1107",6090007,"010801060505",0.007042,0,0,"VT",0,0,0,0,0,0,1,0,0,0,0,0,0,0,0,0
"1108",6090009,"010801060505",1.004573,0,0,"VT",0,0,0,0,0,0,1,0,0,0,0,0,0,0,0,0
"1109",6090011,"010801060505",0.006567,0,0,"VT",0,0,0,0,0,0,1,0,0,0,0,0,0,0,0,0
"1110",6090013,"010801060505",7.086517,0,0,"VT",0,0,0,0,0,0,1,0,0,0,0,0,0,0,0,0
"1111",6090015,"010801060505",1.976529,0,0,"VT",0,0,0,0,0,0,1,0,0,0,0,0,0,0,0,0
"1112",6090017,"010801060505",1.90772,0,0,"VT",0,0,0,0,0,0,1,0,0,0,0,0,0,0,0,0
"1113",6090019,"010801060505",2.22285,0.00088914,0.04,"VT",0,0,0,0,0,0,1,0.2197109397,0,0,0,0,0,0,0,0
"1114",6090021,"010801060505",1.935594,0.0269047566,1.39,"VT",0,0,0,0,0,0,1,6.648299879643,0,0,0,0,0,0,0,0
"1115",6090023,"010801060505",3.281848,0,0,"VT",0,0,0,0,0,0,1,0,0,0,0,0,0,0,0,0
"1116",6090025,"010801060505",1.113044,0,0,"VT",0,0,0,0,0,0,1,0,0,0,0,0,0,0,0,0
"1117",6090027,"010801060505",0.496927,0,0,"VT",0,0,0,0,0,0,1,0,0,0,0,0,0,0,0,0
"1118",6090029,"010801060505",1.966723,0,0,"VT",0,0,0,0,0,0,1,0,0,0,0,0,0,0,0,0
"1119",6090031,"010801060702",0.410115,0,0,"VT",0,0,0,0,0,0,1,0,0,0,0,0,0,0,0,0
"1120",6090033,"010801060505",1.792263,0,0,"VT",0,0,0,0,0,0,1,0,0,0,0,0,0,0,0,0
"1121",6090035,"010801060505",0.864598,0,0,"VT",0,0,0,0,0,0,1,0,0,0,0,0,0,0,0,0
"1122",6090037,"010801060505",0.761086,0,0,"VT",0,0,0,0,0,0,1,0,0,0,0,0,0,0,0,0
"1123",6090039,"010801060505",3.180124,0,0,"VT",0,0,0,0,0,0,1,0,0,0,0,0,0,0,0,0
"1124",6090041,"010801060505",0.496599,0,0,"VT",0,0,0,0,0,0,1,0,0,0,0,0,0,0,0,0
"1125",6090043,"010801060505",1.143531,0,0,"VT",0,0,0,0,0,0,1,0,0,0,0,0,0,0,0,0
"1126",6090047,"010801060505",0.267596,0,0,"VT",0,0,0,0,0,0,1,0,0,0,0,0,0,0,0,0
"1127",6090049,"010801060505",1.544769,0,0,"VT",0,0,0,0,0,0,1,0,0,0,0,0,0,0,0,0
"1128",6090051,"010801060505",0.177629,0,0,"VT",0,0,0,0,0,0,1,0,0,0,0,0,0,0,0,0
"1129",6090055,"010801060505",1.681019,0,0,"VT",0,0,0,0,0,0,1,0,0,0,0,0,0,0,0,0
"1130",6090057,"010801060505",1.97954,0,0,"VT",0,0,0,0,0,0,1,0,0,0,0,0,0,0,0,0
"1131",6090059,"010801060505",1.589847,0,0,"VT",0,0,0,0,0,0,1,0,0,0,0,0,0,0,0,0
"1132",6090061,"010801060505",0.793032,0,0,"VT",0,0,0,0,0,0,1,0,0,0,0,0,0,0,0,0
"1133",6090069,"010801060505",1.225183,0,0,"VT",0,0,0,0,0,0,1,0,0,0,0,0,0,0,0,0
"1134",6090071,"010801060505",1.195224,0,0,"VT",0,0,0,0,0,0,1,0,0,0,0,0,0,0,0,0
"1135",6090073,"010801060505",1.826876,0,0,"VT",0,0,0,0,0,0,1,0,0,0,0,0,0,0,0,0
"1136",6090075,"010801060505",0.209998,0,0,"VT",0,0,0,0,0,0,1,0,0,0,0,0,0,0,0,0
"1137",6090077,"010801060505",0.037344,0,0,"VT",0,0,0,0,0,0,1,0,0,0,0,0,0,0,0,0
"1138",6090079,"010801060505",1.636531,0,0,"VT",0,0,0,0,0,0,1,0,0,0,0,0,0,0,0,0
"1139",6090081,"010801060505",0.566861,0,0,"VT",0,0,0,0,0,0,1,0,0,0,0,0,0,0,0,0
"1140",6090083,"010801060505",1.630825,0,0,"VT",0,0,0,0,0,0,1,0,0,0,0,0,0,0,0,0
"1141",6090085,"010801060505",1.516998,0,0,"VT",0,0,0,0,0,0,1,0,0,0,0,0,0,0,0,0
"1142",6090087,"010801060505",2.522255,0,0,"VT",0,0,0,0,0,0,1,0,0,0,0,0,0,0,0,0
"1143",6090093,"010801060505",1.649552,0,0,"VT",0,0,0,0,0,0,1,0,0,0,0,0,0,0,0,0
"1144",6090095,"010801060505",0.737929,0,0,"VT",0,0,0,0,0,0,1,0,0,0,0,0,0,0,0,0
"1145",6090097,"010801060505",0.50481,0,0,"VT",0,0,0,0,0,0,1,0,0,0,0,0,0,0,0,0
"1146",6090099,"010801060505",2.015114,0,0,"VT",0,0,0,0,0,0,1,0,0,0,0,0,0,0,0,0
"1147",6090101,"010801060505",0.496358,0,0,"VT",0,0,0,0,0,0,1,0,0,0,0,0,0,0,0,0
"1148",6090103,"010801060505",0.328556,0,0,"VT",0,0,0,0,0,0,1,0,0,0,0,0,0,0,0,0
"1149",6090105,"010801060505",0.69659,0,0,"VT",0,0,0,0,0,0,1,0,0,0,0,0,0,0,0,0
"1150",6090109,"010801060505",0.497348,0,0,"VT",0,0,0,0,0,0,1,0,0,0,0,0,0,0,0,0
"1151",6090111,"010801060505",1.803083,0,0,"VT",0,0,0,0,0,0,1,0,0,0,0,0,0,0,0,0
"1152",6090113,"010801060505",0.707638,0,0,"VT",0,0,0,0,0,0,1,0,0,0,0,0,0,0,0,0
"1153",6090115,"010801060505",0.157662,0,0,"VT",0,0,0,0,0,0,1,0,0,0,0,0,0,0,0,0
"1154",6090117,"010801060505",0.055114,0,0,"VT",0,0,0,0,0,0,1,0,0,0,0,0,0,0,0,0
"1155",6090119,"010801060505",1.11989,0,0,"VT",0,0,0,0,0,0,1,0,0,0,0,0,0,0,0,0
"1156",6090121,"010801060505",1.376727,0,0,"VT",0,0,0,0,0,0,1,0,0,0,0,0,0,0,0,0
"1157",6090123,"010801060505",0.488616,0,0,"VT",0,0,0,0,0,0,1,0,0,0,0,0,0,0,0,0
"1158",6090125,"010801060505",0.497373,0,0,"VT",0,0,0,0,0,0,1,0,0,0,0,0,0,0,0,0
"1159",6090127,"010801060505",1.017907,0,0,"VT",0,0,0,0,0,0,1,0,0,0,0,0,0,0,0,0
"1160",6090129,"010801060505",0.155961,0,0,"VT",0,0,0,0,0,0,1,0,0,0,0,0,0,0,0,0
"1161",6090131,"010801060505",0.176695,0,0,"VT",0,0,0,0,0,0,1,0,0,0,0,0,0,0,0,0
"1162",6090133,"010801060703",0.518234,0,0,"VT",0,0,0,0,0,0,1,0,0,0,0,0,0,0,0,0
"1163",6090135,"010801060505",0.632869,0,0,"VT",0,0,0,0,0,0,1,0,0,0,0,0,0,0,0,0
"1164",6090151,"010801060504",4.3815,0,0,"VT",0,0,0,0,0,0,1,0,0,0,0,0,0,0,0,0
"1165",6090155,"010801060502",1.145633,0,0,"VT",0,0,0,0,0,0,1,0,0,0,0,0,0,0,0,0
"1166",6090157,"010801060502",2.377129,0,0,"VT",0,0,0,0,0,0,1,0,0,0,0,0,0,0,0,0
"1167",6090159,"010801060502",4.709576,0,0,"VT",0,0,0,0,0,0,1,0,0,0,0,0,0,0,0,0
"1168",6090161,"010801060504",0.589822,0,0,"VT",0,0,0,0,0,0,1,0,0,0,0,0,0,0,0,0
"1169",6090163,"010801060503",3.221867,0,0,"VT",0,0,0,0,0,0,1,0,0,0,0,0,0,0,0,0
"1170",6090167,"010801060502",0.900453,0,0,"VT",0,0,0,0,0,0,1,0,0,0,0,0,0,0,0,0
"1171",6090169,"010801060702",0.651669,0,0,"VT",0,0,0,0,0,0,1,0,0,0,0,0,0,0,0,0
"1172",6090171,"010801060504",1.368965,0,0,"VT",0,0,0,0,0,0,1,0,0,0,0,0,0,0,0,0
"1173",6090173,"010801060504",0.831814,0,0,"VT",0,0,0,0,0,0,1,0,0,0,0,0,0,0,0,0
"1174",6090175,"010801060504",0.623473,0.0098508734,1.58,"VT",0,0,0,0,1,2.434200071507,0,0,0,0,0,0,0,0,0,0
"1175",6090177,"010801060503",1.671758,0.059347409,3.55,"VT",0,0,0,0,1,14.665041500945,0,0,0,0,0,0,0,0,0,0
"1176",6090179,"010801060503",1.593244,0,0,"VT",0,0,0,0,0,0,1,0,0,0,0,0,0,0,0,0
"1177",6090183,"010801060503",0.954699,0,0,"VT",0,0,0,0,0,0,1,0,0,0,0,0,0,0,0,0
"1178",6090185,"010801060502",4.280456,0,0,"VT",0,0,0,0,0,0,1,0,0,0,0,0,0,0,0,0
"1179",6090187,"010801060502",1.649004,0,0,"VT",0,0,0,0,0,0,1,0,0,0,0,0,0,0,0,0
"1180",6090189,"010801060502",2.460787,0,0,"VT",0,0,0,0,0,0,1,0,0,0,0,0,0,0,0,0
"1181",6090191,"010801060502",1.644198,0,0,"VT",0,0,0,0,0,0,1,0,0,0,0,0,0,0,0,0
"1182",6090193,"010801060503",1.016365,0,0,"VT",0,0,0,0,0,0,1,0,0,0,0,0,0,0,0,0
"1183",6090195,"010801060505",0.433035,0,0,"VT",0,0,0,0,0,0,1,0,0,0,0,0,0,0,0,0
"1184",6090199,"010801060505",2.386212,0,0,"VT",0,0,0,0,0,0,1,0,0,0,0,0,0,0,0,0
"1185",6090201,"010801060505",4.386099,0,0,"VT",0,0,0,0,0,0,1,0,0,0,0,0,0,0,0,0
"1186",6090203,"010801060505",0.945891,0,0,"VT",0,0,0,0,0,0,1,0,0,0,0,0,0,0,0,0
"1187",6090205,"010801060505",1.458143,0,0,"VT",0,0,0,0,0,0,1,0,0,0,0,0,0,0,0,0
"1188",6090207,"010801060505",3.344005,0,0,"VT",0,0,0,0,0,0,1,0,0,0,0,0,0,0,0,0
"1189",6090209,"010801060505",2.591773,0,0,"VT",0,0,0,0,0,0,1,0,0,0,0,0,0,0,0,0
"1190",6090211,"010801060505",1.963597,0,0,"VT",0,0,0,0,0,0,1,0,0,0,0,0,0,0,0,0
"1191",6090213,"010801060505",1.205996,0,0,"VT",0,0,0,0,0,0,1,0,0,0,0,0,0,0,0,0
"1192",6090215,"010801060505",1.678499,0,0,"VT",0,0,0,0,0,0,1,0,0,0,0,0,0,0,0,0
"1193",6090219,"010801060504",0.98771,0,0,"VT",0,0,0,0,0,0,1,0,0,0,0,0,0,0,0,0
"1194",6090225,"010801060501",0.762125,0,0,"VT",0,0,1,0,0,0,0,0,0,0,0,0,0,0,0,0
"1195",6090227,"010801060504",0.537147,0,0,"VT",0,0,0,0,0,0,1,0,0,0,0,0,0,0,0,0
"1196",6090231,"010801060504",0.399472,0,0,"VT",0,0,0,0,0,0,1,0,0,0,0,0,0,0,0,0
"1197",6090233,"010801060504",0.641151,0,0,"VT",0,0,0,0,0,0,1,0,0,0,0,0,0,0,0,0
"1198",6090235,"010801060501",0.015977,0,0,"VT",0,0,1,0,0,0,0,0,0,0,0,0,0,0,0,0
"1199",6090239,"010801060501",0.376434,0,0,"VT",0,0,1,0,0,0,0,0,0,0,0,0,0,0,0,0
"1200",6090243,"010801060501",7.246095,0,0,"VT",0,0,1,0,0,0,0,0,0,0,0,0,0,0,0,0
"1201",6090245,"010801060501",2.384892,0,0,"VT",0,0,1,0,0,0,0,0,0,0,0,0,0,0,0,0
"1202",6090251,"010801060504",0.337201,0,0,"VT",0,0,0,0,0,0,1,0,0,0,0,0,0,0,0,0
"1203",6090253,"010801060505",0.994772,0,0,"VT",0,0,0,0,0,0,1,0,0,0,0,0,0,0,0,0
"1204",6090257,"010801060505",0.652417,0,0,"VT",0,0,0,0,0,0,1,0,0,0,0,0,0,0,0,0
"1205",6090267,"010801060505",1.18422,0,0,"VT",0,0,0,0,0,0,1,0,0,0,0,0,0,0,0,0
"1206",6090271,"010801060505",0.883273,0.0620057646,7.02,"VT",0,0,0,0,1,15.321934461483,0,0,0,0,0,0,0,0,0,0
"1207",6090273,"010801060505",0.213497,0,0,"VT",0,0,0,0,0,0,1,0,0,0,0,0,0,0,0,0
"1208",6090275,"010801060505",0.094584,0,0,"VT",0,0,0,0,0,0,1,0,0,0,0,0,0,0,0,0
"1209",6090277,"010801060502",0.016697,0,0,"VT",0,0,0,0,0,0,1,0,0,0,0,0,0,0,0,0
"1210",6090279,"010801060502",0.22023,0,0,"VT",0,0,0,0,0,0,1,0,0,0,0,0,0,0,0,0
"1211",6090281,"010801060502",0.067037,0,0,"VT",0,0,0,0,0,0,1,0,0,0,0,0,0,0,0,0
"1212",6090285,"010801060502",0.586829,0,0,"VT",0,0,0,0,0,0,1,0,0,0,0,0,0,0,0,0
"1213",6090287,"010801060703",1.54195,0,0,"NH",0,0,0,0,0,0,1,0,0,0,0,0,0,0,0,0
"1214",6090291,"010801060503",1.321948,0,0,"VT",0,0,0,0,0,0,1,0,0,0,0,0,0,0,0,0
"1215",6090295,"010801060501",4.33791,0,0,"VT",0,0,1,0,0,0,0,0,0,0,0,0,0,0,0,0
"1216",6090297,"010801060501",0.730743,0,0,"VT",0,0,1,0,0,0,0,0,0,0,0,0,0,0,0,0
"1217",6090299,"010801060502",3.72422,0,0,"VT",0,0,0,0,0,0,1,0,0,0,0,0,0,0,0,0
"1218",6090303,"010801060505",0.332992,0,0,"VT",0,0,0,0,0,0,1,0,0,0,0,0,0,0,0,0
"1219",6776475,"010801070203",1.854479,0,0,"NH",0,0,1,0,0,0,0,0,0,0,0,0,0,0,0,0
"1220",6776485,"010801070203",0.527141,0,0,"NH",0,0,1,0,0,0,0,0,0,0,0,0,0,0,0,0
"1221",6776487,"010801070203",0.475286,0,0,"NH",0,0,1,0,0,0,0,0,0,0,0,0,0,0,0,0
"1222",6777017,"010801070203",2.232207,0,0,"NH",0,0,1,0,0,0,0,0,0,0,0,0,0,0,0,0
"1223",6777019,"010801070203",0.33152,0,0,"NH",0,0,1,0,0,0,0,0,0,0,0,0,0,0,0,0
"1224",6777021,"010801070203",1.596415,0,0,"NH",0,0,1,0,0,0,0,0,0,0,0,0,0,0,0,0
"1225",6777147,"010801070203",1.561529,0,0,"NH",0,0,1,0,0,0,0,0,0,0,0,0,0,0,0,0
"1226",9326312,"010801040201",4.037536,0,0,"NH",0,0,0,0,0,0,0,0,0,0,0,0,1,0,0,0
"1227",9326318,"010801040201",2.370297,0,0,"NH",0,0,0,0,0,0,0,0,0,0,0,0,1,0,0,0
"1228",9326334,"010801060101",0.302881,0,0,"NH",0,0,0,0,0,0,1,0,0,0,0,0,0,0,0,0
"1229",9326338,"010801060102",8.618919,0,0,"NH",0,0,0,0,0,0,1,0,0,0,0,0,0,0,0,0
"1230",9326342,"010801060102",3.224551,0,0,"NH",0,0,0,0,0,0,1,0,0,0,0,0,0,0,0,0
"1231",9326344,"010801060102",1.778857,0,0,"NH",0,0,0,0,0,0,1,0,0,0,0,0,0,0,0,0
"1232",9326346,"010801060102",0.259506,0,0,"NH",0,0,0,0,0,0,1,0,0,0,0,0,0,0,0,0
"1233",9326348,"010801060102",1.452553,0,0,"NH",0,0,0,0,0,0,1,0,0,0,0,0,0,0,0,0
"1234",9326350,"010801060102",1.619708,0,0,"NH",0,0,0,0,0,0,1,0,0,0,0,0,0,0,0,0
"1235",9326352,"010801060102",3.285216,0,0,"NH",0,0,0,0,0,0,1,0,0,0,0,0,0,0,0,0
"1236",9326354,"010801060102",18.410234,0,0,"NH",0,0,0,0,0,0,1,0,0,0,0,0,0,0,0,0
"1237",9326356,"010801060102",2.443034,0,0,"NH",0,0,0,0,0,0,1,0,0,0,0,0,0,0,0,0
"1238",9326358,"010801060102",2.75743,0,0,"NH",0,0,0,0,0,0,1,0,0,0,0,0,0,0,0,0
"1239",9326360,"010801060102",2.408082,0,0,"NH",0,0,0,0,0,0,1,0,0,0,0,0,0,0,0,0
"1240",9326362,"010801060102",0.0521,0,0,"NH",0,0,0,0,0,0,1,0,0,0,0,0,0,0,0,0
"1241",9326366,"010801060102",9.515886,0,0,"NH",0,0,0,0,0,0,1,0,0,0,0,0,0,0,0,0
"1242",9326368,"010801060102",0.956579,0,0,"NH",0,0,0,0,0,0,1,0,0,0,0,0,0,0,0,0
"1243",9326372,"010801060102",2.783525,0,0,"NH",0,0,0,0,0,0,1,0,0,0,0,0,0,0,0,0
"1244",9326376,"010801060102",0.089645,0,0,"NH",0,0,0,0,0,0,1,0,0,0,0,0,0,0,0,0
"1245",9326378,"010801060102",2.391209,0,0,"NH",0,0,0,0,0,0,1,0,0,0,0,0,0,0,0,0
"1246",9326432,"010801040201",0.848332,0,0,"NH",0,0,0,0,0,0,0,0,0,0,0,0,1,0,0,0
"1247",9326434,"010801040201",14.659811,0,0,"NH",0,0,0,0,0,0,0,0,0,0,0,0,1,0,0,0
"1248",9326438,"010801060102",7.694424,0,0,"NH",0,0,0,0,0,0,1,0,0,0,0,0,0,0,0,0
"1249",9326710,"010801040201",6.459615,0,0,"NH",0,0,0,0,0,0,0,0,0,0,0,0,1,0,0,0
"1250",9326712,"010801040201",0.572378,0,0,"NH",0,0,0,0,0,0,0,0,0,0,0,0,1,0,0,0
"1251",9326714,"010801040201",3.773743,0,0,"NH",0,0,0,0,0,0,0,0,0,0,0,0,1,0,0,0
"1252",9326716,"010801040201",7.773647,0.0279851292,0.36,"NH",0,0,0,0,0,0,0,0,1,6.915265350966,0,0,0,0,0,0
"1253",9326718,"010801040201",2.348197,0,0,"NH",0,0,0,0,0,0,0,0,0,0,0,0,1,0,0,0
"1254",9326720,"010801040201",2.173007,0,0,"NH",0,0,0,0,0,0,0,0,0,0,0,0,1,0,0,0
"1255",9326722,"010801040205",5.993326,0.3338282582,5.57,"NH",0,0,0,0,0,0,0,0,1,82.490631742511,0,0,0,0,0,0
"1256",9326724,"010801040205",2.892426,0.088218993,3.05,"NH",0,0,0,0,0,0,0,0,1,21.799354265265,0,0,0,0,0,0
"1257",9326726,"010801040205",4.445201,0.013335603,0.3,"NH",0,0,0,0,0,0,1,3.295294179315,0,0,0,0,0,0,0,0
"1258",9326728,"010801040205",1.221394,0.0414052566,3.39,"NH",0,0,0,0,0,0,0,0,1,10.231445932143,0,0,0,0,0,0
"1259",9326732,"010801040205",8.695104,0,0,"NH",0,0,0,0,0,0,0,0,0,0,0,0,1,0,0,0
"1260",9326736,"010801040205",2.296868,0.1132355924,4.93,"NH",0,0,0,0,0,0,0,0,1,27.981081060002,0,0,0,0,0,0
"1261",9326738,"010801040205",5.863678,0,0,"NH",0,0,0,0,0,0,0,0,0,0,0,0,1,0,0,0
"1262",9326742,"010801040205",1.672966,0,0,"VT",0,0,0,0,0,0,0,0,0,0,0,0,1,0,0,0
"1263",9326744,"010801040205",2.698951,0,0,"VT",0,0,0,0,0,0,0,0,0,0,0,0,1,0,0,0
"1264",9326746,"010801040205",6.951396,0,0,"NH",0,0,0,0,0,0,0,0,0,0,0,0,1,0,0,0
"1265",9326750,"010801040205",3.119975,0,0,"VT",0,0,0,0,0,0,0,0,0,0,0,0,1,0,0,0
"1266",9326752,"010801040205",0.414526,0,0,"VT",0,0,0,0,0,0,0,0,0,0,0,0,1,0,0,0
"1267",9326754,"010801040205",1.759488,0,0,"VT",0,0,0,0,0,0,0,0,0,0,0,0,1,0,0,0
"1268",9326756,"010801040202",1.699122,0,0,"NH",0,0,0,0,0,0,0,0,0,0,0,0,1,0,0,0
"1269",9326758,"010801040202",0.727933,0,0,"NH",0,0,0,0,0,0,0,0,0,0,0,0,1,0,0,0
"1270",9326760,"010801040202",5.834204,0,0,"NH",0,0,0,0,0,0,0,0,0,0,0,0,1,0,0,0
"1271",9326762,"010801040205",0.579801,0,0,"VT",0,0,0,0,0,0,0,0,0,0,0,0,1,0,0,0
"1272",9326764,"010801040205",1.723969,0,0,"VT",0,0,0,0,0,0,0,0,0,0,0,0,1,0,0,0
"1273",9326766,"010801040202",3.372527,0,0,"NH",0,0,0,0,0,0,0,0,0,0,0,0,1,0,0,0
"1274",9326768,"010801040205",0.619125,0.0017954625,0.29,"VT",0,0,0,0,0,0,1,0.4436677610625,0,0,0,0,0,0,0,0
"1275",9326770,"010801040202",9.939512,0,0,"NH",0,0,0,0,0,0,0,0,0,0,0,0,1,0,0,0
"1276",9326772,"010801040205",0.397271,0.0479506097,12.07,"VT",0,0,0,0,0,0,0,0,0,0,0,0,1,11.8488354099185,0,0
"1277",9326774,"010801040202",5.906506,0,0,"NH",0,0,0,0,0,0,0,0,0,0,0,0,1,0,0,0
"1278",9326776,"010801040202",2.555278,0,0,"NH",0,0,0,0,0,0,0,0,0,0,0,0,1,0,0,0
"1279",9326778,"010801040202",2.117854,0,0,"NH",0,0,0,0,0,0,0,0,0,0,0,0,1,0,0,0
"1280",9326780,"010801040202",1.57981,0,0,"NH",0,0,0,0,0,0,0,0,0,0,0,0,1,0,0,0
"1281",9326782,"010801040202",1.020989,0,0,"NH",0,0,0,0,0,0,0,0,0,0,0,0,1,0,0,0
"1282",9326784,"010801040205",5.447428,0.1105827884,2.03,"NH",0,0,0,0,0,0,0,0,1,27.325559927582,0,0,0,0,0,0
"1283",9326786,"010801040205",4.145566,0,0,"NH",0,0,0,0,0,0,0,0,0,0,0,0,1,0,0,0
"1284",9326796,"010801040202",1.29988,0,0,"NH",0,0,0,0,0,0,0,0,0,0,0,0,1,0,0,0
"1285",9326800,"010801040202",0.467495,0,0,"NH",0,0,0,0,0,0,0,0,0,0,0,0,1,0,0,0
"1286",9326804,"010801040202",1.4768,0,0,"NH",0,0,0,0,0,0,0,0,0,0,0,0,1,0,0,0
"1287",9326806,"010801040205",4.456875,0.0035655,0.08,"VT",0,0,0,0,0,0,1,0.8810528775,0,0,0,0,0,0,0,0
"1288",9326812,"010801040203",4.940996,0,0,"NH",0,0,0,0,0,0,0,0,0,0,0,0,1,0,0,0
"1289",9326822,"010801040205",2.10646,0,0,"VT",0,0,0,0,0,0,0,0,0,0,0,0,1,0,0,0
"1290",9326826,"010801040203",0.1987,0,0,"NH",0,0,0,0,0,0,0,0,0,0,0,0,1,0,0,0
"1291",9326828,"010801040203",6.854171,0.013708342,0.2,"NH",0,0,0,0,0,0,1,3.38739984991,0,0,0,0,0,0,0,0
"1292",9326834,"010801040205",0.624204,0.0395121132,6.33,"VT",0,0,0,0,0,0,0,0,1,9.763640732286,0,0,0,0,0,0
"1293",9326836,"010801040205",0.902384,0.0513456496,5.69,"VT",0,0,0,0,0,0,0,0,0,0,0,0,1,12.687766744408,0,0
"1294",9326838,"010801040205",6.44722,0.113471072,1.76,"VT",0,0,0,0,0,0,0,0,1,28.03926924656,0,0,0,0,0,0
"1295",9326842,"010801040203",3.224327,0.0106402791,0.33,"NH",0,0,0,0,0,0,1,2.6292661670055,0,0,0,0,0,0,0,0
"1296",9326850,"010801040204",0.319245,0.0386605695,12.11,"NH",0,0,0,0,0,0,0,0,1,9.5532200262975,0,0,0,0,0,0
"1297",9326854,"010801040204",2.582749,0,0,"NH",0,0,0,0,0,0,0,0,0,0,0,0,1,0,0,0
"1298",9326856,"010801040204",6.672913,0.0360337302,0.54,"NH",0,0,0,0,0,0,1,8.904114901071,0,0,0,0,0,0,0,0
"1299",9326858,"010801040204",4.253224,0,0,"NH",0,0,0,0,0,0,0,0,0,0,0,0,1,0,0,0
"1300",9326860,"010801040204",1.494427,0,0,"NH",0,0,0,0,0,0,0,0,0,0,0,0,1,0,0,0
"1301",9326862,"010801040205",3.405198,0,0,"VT",0,0,0,0,0,0,0,0,0,0,0,0,1,0,0,0
"1302",9326864,"010801040205",4.208895,0,0,"VT",0,0,0,0,0,0,0,0,0,0,0,0,1,0,0,0
"1303",9326866,"010801040204",7.267768,0,0,"NH",0,0,0,0,0,0,0,0,0,0,0,0,1,0,0,0
"1304",9326884,"010801040204",4.659561,0,0,"NH",0,0,0,0,0,0,0,0,0,0,0,0,1,0,0,0
"1305",9326888,"010801040205",4.343312,0.1233500608,2.84,"VT",0,0,0,0,0,0,0,0,1,30.480416773984,0,0,0,0,0,0
"1306",9326904,"010801060101",1.05113,0,0,"NH",0,0,0,0,0,0,1,0,0,0,0,0,0,0,0,0
"1307",9326906,"010801040402",3.813955,0,0,"NH",0,0,0,0,0,0,1,0,0,0,0,0,0,0,0,0
"1308",9326908,"010801040402",5.435532,0,0,"NH",0,0,0,0,0,0,1,0,0,0,0,0,0,0,0,0
"1309",9326910,"010801040402",3.042616,0,0,"NH",0,0,0,0,0,0,1,0,0,0,0,0,0,0,0,0
"1310",9326912,"010801040402",2.091309,0.1026832719,4.91,"NH",0,0,0,0,1,25.3735499028495,0,0,0,0,0,0,0,0,0,0
"1311",9326914,"010801040402",3.128834,0,0,"NH",0,0,0,0,0,0,1,0,0,0,0,0,0,0,0,0
"1312",9326918,"010801060101",3.81848,0,0,"NH",0,0,0,0,0,0,1,0,0,0,0,0,0,0,0,0
"1313",9326920,"010801040402",2.840067,0,0,"NH",0,0,0,0,0,0,1,0,0,0,0,0,0,0,0,0
"1314",9326922,"010801040402",2.419807,0,0,"VT",0,0,0,0,0,0,1,0,0,0,0,0,0,0,0,0
"1315",9326924,"010801040402",4.895337,0,0,"VT",0,0,0,0,0,0,1,0,0,0,0,0,0,0,0,0
"1316",9326926,"010801040402",6.47517,0,0,"VT",0,0,0,0,0,0,1,0,0,0,0,0,0,0,0,0
"1317",9326930,"010801040402",1.670897,0,0,"VT",0,0,0,0,0,0,1,0,0,0,0,0,0,0,0,0
"1318",9326942,"010801040402",2.96863,0,0,"NH",0,0,0,0,0,0,1,0,0,0,0,0,0,0,0,0
"1319",9326944,"010801040402",0.681752,0,0,"NH",0,0,0,0,0,0,1,0,0,0,0,0,0,0,0,0
"1320",9326950,"010801040402",2.446192,0,0,"VT",0,0,0,0,0,0,1,0,0,0,0,0,0,0,0,0
"1321",9326956,"010801040402",2.313236,0,0,"VT",0,0,0,0,0,0,1,0,0,0,0,0,0,0,0,0
"1322",9326958,"010801040402",1.980101,0,0,"VT",0,0,0,0,0,0,1,0,0,0,0,0,0,0,0,0
"1323",9326960,"010801040402",0.944692,0,0,"VT",0,0,0,0,0,0,1,0,0,0,0,0,0,0,0,0
"1324",9326962,"010801040402",0.052381,0,0,"VT",0,0,0,0,0,0,1,0,0,0,0,0,0,0,0,0
"1325",9326964,"010801040402",2.750635,0,0,"VT",0,0,0,0,0,0,1,0,0,0,0,0,0,0,0,0
"1326",9326966,"010801040401",1.746015,0,0,"NH",0,0,0,0,0,0,1,0,0,0,0,0,0,0,0,0
"1327",9326974,"010801040401",3.117005,0,0,"NH",0,0,0,0,0,0,1,0,0,0,0,0,0,0,0,0
"1328",9326978,"010801040402",3.316661,0,0,"VT",0,0,0,0,0,0,1,0,0,0,0,0,0,0,0,0
"1329",9326980,"010801040402",2.021514,0,0,"VT",0,0,0,0,0,0,1,0,0,0,0,0,0,0,0,0
"1330",9326982,"010801060101",7.039993,0,0,"NH",0,0,0,0,0,0,1,0,0,0,0,0,0,0,0,0
"1331",9326986,"010801040402",5.23193,0,0,"NH",0,0,0,0,0,0,1,0,0,0,0,0,0,0,0,0
"1332",9326988,"010801060101",0.225915,0,0,"NH",0,0,0,0,0,0,1,0,0,0,0,0,0,0,0,0
"1333",9326990,"010801060101",3.393151,0,0,"NH",0,0,0,0,0,0,1,0,0,0,0,0,0,0,0,0
"1334",9326992,"010801040402",2.310397,0,0,"NH",0,0,0,0,0,0,1,0,0,0,0,0,0,0,0,0
"1335",9326994,"010801060103",4.923617,0,0,"NH",0,0,0,0,0,0,1,0,0,0,0,0,0,0,0,0
"1336",9326996,"010801040401",1.140788,0,0,"NH",0,0,0,0,0,0,1,0,0,0,0,0,0,0,0,0
"1337",9326998,"010801040401",3.461076,0,0,"NH",0,0,0,0,0,0,1,0,0,0,0,0,0,0,0,0
"1338",9327000,"010801060101",0.160501,0,0,"NH",0,0,0,0,0,0,1,0,0,0,0,0,0,0,0,0
"1339",9327002,"010801040401",2.601751,0,0,"NH",0,0,0,0,0,0,1,0,0,0,0,0,0,0,0,0
"1340",9327004,"010801040402",3.645799,0,0,"VT",0,0,0,0,0,0,1,0,0,0,0,0,0,0,0,0
"1341",9327006,"010801060101",3.478399,0,0,"NH",0,0,0,0,0,0,1,0,0,0,0,0,0,0,0,0
"1342",9327012,"010801040401",0.471957,0,0,"NH",0,0,0,0,0,0,1,0,0,0,0,0,0,0,0,0
"1343",9327014,"010801040401",3.589518,0,0,"NH",0,0,0,0,0,0,1,0,0,0,0,0,0,0,0,0
"1344",9327016,"010801040401",0.035737,0,0,"NH",0,0,0,0,0,0,1,0,0,0,0,0,0,0,0,0
"1345",9327018,"010801060103",1.372775,0,0,"NH",0,0,0,0,0,0,1,0,0,0,0,0,0,0,0,0
"1346",9327020,"010801060101",1.491161,0,0,"NH",0,0,0,0,0,0,1,0,0,0,0,0,0,0,0,0
"1347",9327022,"010801060101",2.571352,0,0,"NH",0,0,0,0,0,0,1,0,0,0,0,0,0,0,0,0
"1348",9327024,"010801060105",4.571049,0,0,"NH",0,0,0,0,0,0,1,0,0,0,0,0,0,0,0,0
"1349",9327026,"010801060105",2.727689,0,0,"NH",0,0,0,0,0,0,1,0,0,0,0,0,0,0,0,0
"1350",9327028,"010801040401",1.504525,0,0,"NH",0,0,0,0,0,0,1,0,0,0,0,0,0,0,0,0
"1351",9327030,"010801040401",1.199747,0,0,"NH",0,0,0,0,0,0,1,0,0,0,0,0,0,0,0,0
"1352",9327032,"010801040401",0.789117,0,0,"NH",0,0,0,0,0,0,1,0,0,0,0,0,0,0,0,0
"1353",9327034,"010801040401",2.470752,0,0,"NH",0,0,0,0,0,0,1,0,0,0,0,0,0,0,0,0
"1354",9327036,"010801040401",1.333131,0,0,"NH",0,0,0,0,0,0,1,0,0,0,0,0,0,0,0,0
"1355",9327042,"010801040401",5.273712,0,0,"NH",0,0,0,0,0,0,1,0,0,0,0,0,0,0,0,0
"1356",9327048,"010801060105",2.560961,0,0,"NH",0,0,0,0,0,0,1,0,0,0,0,0,0,0,0,0
"1357",9327050,"010801060103",1.5547,0,0,"NH",0,0,0,0,0,0,1,0,0,0,0,0,0,0,0,0
"1358",9327052,"010801040401",6.121056,0,0,"NH",0,0,0,0,0,0,1,0,0,0,0,0,0,0,0,0
"1359",9327054,"010801060101",2.324096,0,0,"NH",0,0,0,0,0,0,1,0,0,0,0,0,0,0,0,0
"1360",9327058,"010801040402",2.862045,0,0,"VT",0,0,0,0,0,0,1,0,0,0,0,0,0,0,0,0
"1361",9327060,"010801040402",8.968456,0,0,"VT",0,0,0,0,0,0,1,0,0,0,0,0,0,0,0,0
"1362",9327062,"010801040402",0.476572,0,0,"VT",0,0,0,0,0,0,1,0,0,0,0,0,0,0,0,0
"1363",9327064,"010801040401",2.598173,0,0,"NH",0,0,0,0,0,0,1,0,0,0,0,0,0,0,0,0
"1364",9327066,"010801060103",0.48669,0,0,"NH",0,0,0,0,0,0,1,0,0,0,0,0,0,0,0,0
"1365",9327068,"010801060103",5.505684,0,0,"NH",0,0,0,0,0,0,1,0,0,0,0,0,0,0,0,0
"1366",9327070,"010801040401",1.83342,0,0,"NH",0,0,0,0,0,0,1,0,0,0,0,0,0,0,0,0
"1367",9327072,"010801060102",0.502189,0,0,"NH",0,0,0,0,0,0,1,0,0,0,0,0,0,0,0,0
"1368",9327074,"010801060102",0.763517,0,0,"NH",0,0,0,0,0,0,1,0,0,0,0,0,0,0,0,0
"1369",9327076,"010801060101",2.214319,0,0,"NH",0,0,0,0,0,0,1,0,0,0,0,0,0,0,0,0
"1370",9327086,"010801060105",0.543779,0,0,"NH",0,0,0,0,0,0,1,0,0,0,0,0,0,0,0,0
"1371",9327088,"010801060105",0.078556,0,0,"NH",0,0,0,0,0,0,1,0,0,0,0,0,0,0,0,0
"1372",9327092,"010801060105",6.703556,0,0,"NH",0,0,0,0,0,0,1,0,0,0,0,0,0,0,0,0
"1373",9327098,"010801060105",1.414737,0,0,"NH",0,0,0,0,0,0,1,0,0,0,0,0,0,0,0,0
"1374",9327100,"010801060101",2.074441,0,0,"NH",0,0,0,0,0,0,1,0,0,0,0,0,0,0,0,0
"1375",9327102,"010801060102",1.678933,0,0,"NH",0,0,0,0,0,0,1,0,0,0,0,0,0,0,0,0
"1376",9327104,"010801060102",0.165472,0,0,"NH",0,0,0,0,0,0,1,0,0,0,0,0,0,0,0,0
"1377",9327106,"010801060102",0.014558,0,0,"NH",0,0,0,0,0,0,1,0,0,0,0,0,0,0,0,0
"1378",9327108,"010801060102",0.126197,0,0,"NH",0,0,0,0,0,0,1,0,0,0,0,0,0,0,0,0
"1379",9327110,"010801060102",1.863491,0,0,"NH",0,0,0,0,0,0,1,0,0,0,0,0,0,0,0,0
"1380",9327112,"010801060102",0.082436,0,0,"NH",0,0,0,0,0,0,1,0,0,0,0,0,0,0,0,0
"1381",9327114,"010801060102",1.807508,0,0,"NH",0,0,0,0,0,0,1,0,0,0,0,0,0,0,0,0
"1382",9327116,"010801060102",5.923757,0,0,"NH",0,0,0,0,0,0,1,0,0,0,0,0,0,0,0,0
"1383",9327118,"010801060102",0.142022,0,0,"NH",0,0,0,0,0,0,1,0,0,0,0,0,0,0,0,0
"1384",9327120,"010801060105",5.181988,0,0,"NH",0,0,0,0,0,0,1,0,0,0,0,0,0,0,0,0
"1385",9327122,"010801060102",0.327651,0,0,"NH",0,0,0,0,0,0,1,0,0,0,0,0,0,0,0,0
"1386",9327124,"010801060106",5.745564,0,0,"NH",0,0,0,0,0,0,1,0,0,0,0,0,0,0,0,0
"1387",9327128,"010801060102",2.201403,0,0,"NH",0,0,0,0,0,0,1,0,0,0,0,0,0,0,0,0
"1388",9327134,"010801060105",3.597194,0,0,"NH",0,0,0,0,0,0,1,0,0,0,0,0,0,0,0,0
"1389",9327136,"010801060105",1.304632,0,0,"NH",0,0,0,0,0,0,1,0,0,0,0,0,0,0,0,0
"1390",9327138,"010801060105",0.485361,0,0,"NH",0,0,0,0,0,0,1,0,0,0,0,0,0,0,0,0
"1391",9327140,"010801060105",1.775063,0,0,"NH",0,0,0,0,0,0,1,0,0,0,0,0,0,0,0,0
"1392",9327142,"010801060105",0.07759,0,0,"NH",0,0,0,0,0,0,1,0,0,0,0,0,0,0,0,0
"1393",9327144,"010801060106",4.904321,0,0,"NH",0,0,0,0,0,0,1,0,0,0,0,0,0,0,0,0
"1394",9327148,"010801060302",0.658884,0,0,"VT",0,0,0,0,0,0,1,0,0,0,0,0,0,0,0,0
"1395",9327150,"010801060106",5.997093,0,0,"NH",0,0,0,0,0,0,1,0,0,0,0,0,0,0,0,0
"1396",9327152,"010801060106",4.517002,0,0,"NH",0,0,0,0,0,0,1,0,0,0,0,0,0,0,0,0
"1397",9327156,"010801060106",6.281912,0,0,"NH",0,0,0,0,0,0,1,0,0,0,0,0,0,0,0,0
"1398",9327158,"010801060106",0.448205,0,0,"NH",0,0,0,0,0,0,1,0,0,0,0,0,0,0,0,0
"1399",9327160,"010801060106",0.249675,0,0,"NH",0,0,0,0,0,0,1,0,0,0,0,0,0,0,0,0
"1400",9327162,"010801060106",2.208258,0,0,"NH",0,0,0,0,0,0,1,0,0,0,0,0,0,0,0,0
"1401",9327164,"010801060105",0.391348,0,0,"NH",0,0,0,0,0,0,1,0,0,0,0,0,0,0,0,0
"1402",9327166,"010801060106",0.60769,0,0,"NH",0,0,0,0,0,0,1,0,0,0,0,0,0,0,0,0
"1403",9327168,"010801060106",0.879533,0,0,"NH",0,0,0,0,0,0,1,0,0,0,0,0,0,0,0,0
"1404",9327170,"010801060106",5.921886,0,0,"NH",0,0,0,0,0,0,1,0,0,0,0,0,0,0,0,0
"1405",9327176,"010801060106",1.946181,0,0,"NH",0,0,0,0,0,0,1,0,0,0,0,0,0,0,0,0
"1406",9327178,"010801060302",1.447026,0,0,"VT",0,0,0,0,0,0,1,0,0,0,0,0,0,0,0,0
"1407",9327180,"010801060302",2.065327,0.0404804092,1.96,"VT",0,0,0,0,0,0,1,10.002911515366,0,0,0,0,0,0,0,0
"1408",9327182,"010801060302",0.930475,0.03870776,4.16,"NH",0,0,0,0,1,9.5648810348,0,0,0,0,0,0,0,0,0,0
"1409",9327188,"010801060102",1.47516,0,0,"NH",0,0,0,0,0,0,1,0,0,0,0,0,0,0,0,0
"1410",9327192,"010801060106",1.797623,0,0,"NH",0,0,0,0,0,0,1,0,0,0,0,0,0,0,0,0
"1411",9327196,"010801060301",3.434438,0,0,"NH",0,0,0,0,0,0,1,0,0,0,0,0,0,0,0,0
"1412",9327198,"010801060301",3.07096,0.085679784,2.79,"NH",0,0,0,0,1,21.17190302532,0,0,0,0,0,0,0,0,0,0
"1413",9327202,"010801060106",1.728864,0,0,"NH",0,0,0,0,0,0,1,0,0,0,0,0,0,0,0,0
"1414",9327204,"010801060105",1.205258,0,0,"NH",0,0,0,0,0,0,1,0,0,0,0,0,0,0,0,0
"1415",9327206,"010801060106",0.141942,0,0,"NH",0,0,0,0,0,0,1,0,0,0,0,0,0,0,0,0
"1416",9327210,"010801060106",1.034635,0,0,"NH",0,0,0,0,0,0,1,0,0,0,0,0,0,0,0,0
"1417",9327212,"010801060301",0.64516,0,0,"NH",0,0,0,0,0,0,1,0,0,0,0,0,0,0,0,0
"1418",9327214,"010801060106",0.772732,0,0,"NH",0,0,0,0,0,0,1,0,0,0,0,0,0,0,0,0
"1419",9327218,"010801060106",1.170459,0,0,"NH",0,0,0,0,0,0,1,0,0,0,0,0,0,0,0,0
"1420",9327222,"010801060106",1.13322,0,0,"NH",0,0,0,0,0,0,1,0,0,0,0,0,0,0,0,0
"1421",9327224,"010801060302",3.202858,0.0153737184,0.48,"NH",0,0,0,0,0,0,1,3.798922685232,0,0,0,0,0,0,0,0
"1422",9327228,"010801060104",3.695726,0,0,"NH",0,0,0,0,0,0,1,0,0,0,0,0,0,0,0,0
"1423",9327230,"010801060302",0.423885,0.1250884635,29.51,"NH",0,0,0,0,1,30.9099847731675,0,0,0,0,0,0,0,0,0,0
"1424",9327234,"010801060106",1.618292,0,0,"NH",0,0,0,0,0,0,1,0,0,0,0,0,0,0,0,0
"1425",9327236,"010801060302",2.017558,0.1035007254,5.13,"NH",0,0,0,0,1,25.575546749967,0,0,0,0,0,0,0,0,0,0
"1426",9327238,"010801060104",0.165561,0,0,"NH",0,0,0,0,0,0,1,0,0,0,0,0,0,0,0,0
"1427",9327240,"010801060104",4.382682,0,0,"NH",0,0,0,0,0,0,1,0,0,0,0,0,0,0,0,0
"1428",9327242,"010801060301",5.829011,0,0,"NH",0,0,0,0,0,0,1,0,0,0,0,0,0,0,0,0
"1429",9327244,"010801060301",2.56524,0,0,"NH",0,0,0,0,0,0,1,0,0,0,0,0,0,0,0,0
"1430",9327246,"010801060106",6.195614,0,0,"NH",0,0,0,0,0,0,1,0,0,0,0,0,0,0,0,0
"1431",9327248,"010801060301",0.432618,0,0,"NH",0,0,0,0,0,0,1,0,0,0,0,0,0,0,0,0
"1432",9327250,"010801060106",3.715115,0,0,"NH",0,0,0,0,0,0,1,0,0,0,0,0,0,0,0,0
"1433",9327252,"010801060106",0.971573,0,0,"NH",0,0,0,0,0,0,1,0,0,0,0,0,0,0,0,0
"1434",9327254,"010801060106",4.333648,0,0,"NH",0,0,0,0,0,0,1,0,0,0,0,0,0,0,0,0
"1435",9327256,"010801060302",4.139072,0.006208608,0.15,"NH",0,0,0,0,0,0,1,1.53417807984,0,0,0,0,0,0,0,0
"1436",9327262,"010801060104",2.9194,0,0,"NH",0,0,0,0,0,0,1,0,0,0,0,0,0,0,0,0
"1437",9327266,"010801060106",2.056529,0,0,"NH",0,0,0,0,0,0,1,0,0,0,0,0,0,0,0,0
"1438",9327274,"010801060302",7.774929,0.0015549858,0.02,"NH",0,0,0,0,0,0,1,0.384244766109,0,0,0,0,0,0,0,0
"1439",9327276,"010801060105",4.656612,0,0,"NH",0,0,0,0,0,0,1,0,0,0,0,0,0,0,0,0
"1440",9327284,"010801060301",6.398319,0,0,"NH",0,0,0,0,0,0,1,0,0,0,0,0,0,0,0,0
"1441",9327286,"010801060302",1.515277,0,0,"VT",0,0,0,0,0,0,1,0,0,0,0,0,0,0,0,0
"1442",9327288,"010801060302",3.680221,0,0,"VT",0,0,0,0,0,0,1,0,0,0,0,0,0,0,0,0
"1443",9327292,"010801060301",3.487608,0,0,"NH",0,0,0,0,0,0,1,0,0,0,0,0,0,0,0,0
"1444",9327294,"010801060401",2.992629,0,0,"NH",0,0,1,0,0,0,0,0,0,0,0,0,0,0,0,0
"1445",9327302,"010801060301",5.541167,0,0,"NH",0,0,0,0,0,0,1,0,0,0,0,0,0,0,0,0
"1446",9327304,"010801060302",6.03362,0,0,"VT",0,0,0,0,0,0,1,0,0,0,0,0,0,0,0,0
"1447",9327306,"010801060302",1.383702,0,0,"VT",0,0,0,0,0,0,1,0,0,0,0,0,0,0,0,0
"1448",9327312,"010801060401",1.444721,0,0,"NH",0,0,1,0,0,0,0,0,0,0,0,0,0,0,0,0
"1449",9327314,"010801060401",2.945509,0,0,"NH",0,0,1,0,0,0,0,0,0,0,0,0,0,0,0,0
"1450",9327316,"010801060303",3.275481,0,0,"NH",0,0,0,0,0,0,1,0,0,0,0,0,0,0,0,0
"1451",9327318,"010801060301",14.860217,0,0,"NH",0,0,0,0,0,0,1,0,0,0,0,0,0,0,0,0
"1452",9327320,"010801060401",4.551589,0,0,"NH",0,0,1,0,0,0,0,0,0,0,0,0,0,0,0,0
"1453",9327324,"010801060302",1.591537,0,0,"VT",0,0,0,0,0,0,1,0,0,0,0,0,0,0,0,0
"1454",9327326,"010801060302",6.676089,0,0,"VT",0,0,0,0,0,0,1,0,0,0,0,0,0,0,0,0
"1455",9327328,"010801060303",0.089797,0,0,"NH",0,0,0,0,0,0,1,0,0,0,0,0,0,0,0,0
"1456",9327330,"010801060303",0.947784,0.0577200456,6.09,"NH",0,0,0,0,1,14.262911867988,0,0,0,0,0,0,0,0,0,0
"1457",9327334,"010801060401",1.541954,0,0,"NH",0,0,1,0,0,0,0,0,0,0,0,0,0,0,0,0
"1458",9327336,"010801060302",0.196501,0,0,"VT",0,0,0,0,0,0,1,0,0,0,0,0,0,0,0,0
"1459",9327338,"010801060401",1.341927,0,0,"NH",0,0,1,0,0,0,0,0,0,0,0,0,0,0,0,0
"1460",9327340,"010801060105",4.198368,0,0,"NH",0,0,0,0,0,0,1,0,0,0,0,0,0,0,0,0
"1461",9327342,"010801060401",1.419126,0.0278148696,1.96,"NH",0,0,0,0,0,0,0,0,1,6.873193352508,0,0,0,0,0,0
"1462",9327344,"010801060302",7.599893,0,0,"VT",0,0,0,0,0,0,1,0,0,0,0,0,0,0,0,0
"1463",9327346,"010801060302",4.033072,0,0,"VT",0,0,0,0,0,0,1,0,0,0,0,0,0,0,0,0
"1464",9327348,"010801060302",0.487934,0,0,"VT",0,0,0,0,0,0,1,0,0,0,0,0,0,0,0,0
"1465",9327350,"010801060302",3.74676,0,0,"VT",0,0,0,0,0,0,1,0,0,0,0,0,0,0,0,0
"1466",9327352,"010801060401",1.751454,0,0,"NH",0,0,1,0,0,0,0,0,0,0,0,0,0,0,0,0
"1467",9327356,"010801060303",2.649123,0,0,"NH",0,0,0,0,0,0,1,0,0,0,0,0,0,0,0,0
"1468",9327360,"010801060302",3.527499,0,0,"VT",0,0,0,0,0,0,1,0,0,0,0,0,0,0,0,0
"1469",9327362,"010801060302",8.601502,0.0765533678,0.89,"NH",0,0,0,0,0,0,1,18.916719950219,0,0,0,0,0,0,0,0
"1470",9327366,"010801060303",2.874806,0.0054621314,0.19,"NH",0,0,0,0,0,0,1,1.349719979597,0,0,0,0,0,0,0,0
"1471",9327368,"010801060303",3.018643,0.0117727077,0.39,"NH",0,0,0,0,0,0,1,2.9090949362085,0,0,0,0,0,0,0,0
"1472",9327374,"010801060302",0.820495,0,0,"VT",0,0,0,0,0,0,1,0,0,0,0,0,0,0,0,0
"1473",9327376,"010801060401",2.656855,0,0,"NH",0,0,1,0,0,0,0,0,0,0,0,0,0,0,0,0
"1474",9327378,"010801060303",0.929619,0,0,"NH",0,0,0,0,0,0,1,0,0,0,0,0,0,0,0,0
"1475",9327380,"010801060303",1.592544,0,0,"NH",0,0,0,0,0,0,1,0,0,0,0,0,0,0,0,0
"1476",9327386,"010801060401",0.954352,0,0,"NH",0,0,1,0,0,0,0,0,0,0,0,0,0,0,0,0
"1477",9327390,"010801060303",2.161831,0,0,"NH",0,0,0,0,0,0,1,0,0,0,0,0,0,0,0,0
"1478",9327392,"010801060303",0.982161,0,0,"NH",0,0,0,0,0,0,1,0,0,0,0,0,0,0,0,0
"1479",9327394,"010801060302",3.444271,0,0,"VT",0,0,0,0,0,0,1,0,0,0,0,0,0,0,0,0
"1480",9327396,"010801060401",6.801421,0,0,"NH",0,0,1,0,0,0,0,0,0,0,0,0,0,0,0,0
"1481",9327400,"010801060303",1.793089,0.0234894659,1.31,"NH",0,0,0,0,1,5.8043644712195,0,0,0,0,0,0,0,0,0,0
"1482",9327402,"010801060302",0.718116,0,0,"VT",0,0,0,0,0,0,1,0,0,0,0,0,0,0,0,0
"1483",9327406,"010801060303",0.011766,0.0072407964,61.54,"NH",0,0,0,0,1,1.789236994422,0,0,0,0,0,0,0,0,0,0
"1484",9327408,"010801060302",3.679893,0,0,"NH",0,0,0,0,0,0,1,0,0,0,0,0,0,0,0,0
"1485",9327410,"010801060401",0.780966,0,0,"NH",0,0,1,0,0,0,0,0,0,0,0,0,0,0,0,0
"1486",9327412,"010801060401",5.069437,0,0,"NH",0,0,1,0,0,0,0,0,0,0,0,0,0,0,0,0
"1487",9327418,"010801060401",6.951354,0,0,"NH",0,0,1,0,0,0,0,0,0,0,0,0,0,0,0,0
"1488",9327428,"010801060401",1.038706,0,0,"NH",0,0,1,0,0,0,0,0,0,0,0,0,0,0,0,0
"1489",9327430,"010801060303",2.520132,0.0098285148,0.39,"NH",0,0,0,0,0,0,1,2.428675149654,0,0,0,0,0,0,0,0
"1490",9327432,"010801060303",0.480694,0,0,"NH",0,0,0,0,0,0,1,0,0,0,0,0,0,0,0,0
"1491",9327434,"010801060401",0.137668,0,0,"NH",0,0,1,0,0,0,0,0,0,0,0,0,0,0,0,0
"1492",9327436,"010801060401",2.062005,0,0,"NH",0,0,1,0,0,0,0,0,0,0,0,0,0,0,0,0
"1493",9327438,"010801060401",6.915827,0,0,"NH",0,0,1,0,0,0,0,0,0,0,0,0,0,0,0,0
"1494",9327440,"010801060401",1.740098,0,0,"NH",0,0,1,0,0,0,0,0,0,0,0,0,0,0,0,0
"1495",9327442,"010801060401",0.029723,0,0,"NH",0,0,1,0,0,0,0,0,0,0,0,0,0,0,0,0
"1496",9327446,"010801060305",3.697169,0,0,"VT",0,0,0,0,0,0,1,0,0,0,0,0,0,0,0,0
"1497",9327448,"010801060404",3.342033,0,0,"NH",0,0,1,0,0,0,0,0,0,0,0,0,0,0,0,0
"1498",9327452,"010801060305",0.129653,0,0,"VT",0,0,0,0,0,0,1,0,0,0,0,0,0,0,0,0
"1499",9327458,"010801060303",1.684237,0,0,"NH",0,0,0,0,0,0,1,0,0,0,0,0,0,0,0,0
"1500",9327460,"010801060303",0.274542,0.0915048486,33.33,"NH",0,0,0,0,1,22.611305613303,0,0,0,0,0,0,0,0,0,0
"1501",9327462,"010801060303",1.463277,0.0314604555,2.15,"NH",0,0,0,0,1,7.7740358563275,0,0,0,0,0,0,0,0,0,0
"1502",9327464,"010801060303",0.215117,0,0,"NH",0,0,0,0,0,0,1,0,0,0,0,0,0,0,0,0
"1503",9327466,"010801060305",1.375805,0,0,"VT",0,0,0,0,0,0,1,0,0,0,0,0,0,0,0,0
"1504",9327468,"010801060305",1.726448,0,0,"VT",0,0,0,0,0,0,1,0,0,0,0,0,0,0,0,0
"1505",9327470,"010801060305",0.247252,0,0,"VT",0,0,0,0,0,0,1,0,0,0,0,0,0,0,0,0
"1506",9327472,"010801060304",3.957905,0,0,"VT",0,0,0,0,0,0,1,0,0,0,0,0,0,0,0,0
"1507",9327474,"010801060304",2.408587,0,0,"VT",0,0,0,0,0,0,1,0,0,0,0,0,0,0,0,0
"1508",9327476,"010801060304",0.529855,0,0,"VT",0,0,0,0,0,0,1,0,0,0,0,0,0,0,0,0
"1509",9327478,"010801060304",4.337517,0,0,"VT",0,0,0,0,0,0,1,0,0,0,0,0,0,0,0,0
"1510",9327480,"010801060304",4.585012,0,0,"VT",0,0,0,0,0,0,1,0,0,0,0,0,0,0,0,0
"1511",9327482,"010801060304",10.196857,0,0,"VT",0,0,0,0,0,0,1,0,0,0,0,0,0,0,0,0
"1512",9327484,"010801060304",1.011926,0,0,"VT",0,0,0,0,0,0,1,0,0,0,0,0,0,0,0,0
"1513",9327486,"010801060304",8.090297,0,0,"VT",0,0,0,0,0,0,1,0,0,0,0,0,0,0,0,0
"1514",9327488,"010801060304",0.07152,0,0,"VT",0,0,0,0,0,0,1,0,0,0,0,0,0,0,0,0
"1515",9327512,"010801040205",4.129512,0.1891316496,4.58,"NH",0,0,0,0,0,0,0,0,1,46.735376274408,0,0,0,0,0,0
"1516",9327514,"010801040205",1.86252,0,0,"NH",0,0,0,0,0,0,0,0,0,0,0,0,1,0,0,0
"1517",9327516,"010801040202",4.347961,0,0,"NH",0,0,0,0,0,0,0,0,0,0,0,0,1,0,0,0
"1518",9327518,"010801040202",3.905227,0,0,"NH",0,0,0,0,0,0,0,0,0,0,0,0,1,0,0,0
"1519",9327520,"010801040203",1.736419,0,0,"NH",0,0,0,0,0,0,0,0,0,0,0,0,1,0,0,0
"1520",9327522,"010801040203",3.728172,0.0935771172,2.51,"NH",0,0,0,0,0,0,0,0,1,23.123373545706,0,0,0,0,0,0
"1521",9327524,"010801040203",0.748296,0,0,"NH",0,0,0,0,0,0,0,0,0,0,0,0,1,0,0,0
"1522",9327526,"010801040203",4.029481,0,0,"NH",0,0,0,0,0,0,0,0,0,0,0,0,1,0,0,0
"1523",9327528,"010801040203",4.871943,0,0,"NH",0,0,0,0,0,0,0,0,0,0,0,0,1,0,0,0
"1524",9327530,"010801040204",12.179653,0,0,"NH",0,0,0,0,0,0,0,0,0,0,0,0,1,0,0,0
"1525",9327532,"010801040402",4.896371,0,0,"NH",0,0,0,0,0,0,1,0,0,0,0,0,0,0,0,0
"1526",9327536,"010801060103",4.915763,0,0,"NH",0,0,0,0,0,0,1,0,0,0,0,0,0,0,0,0
"1527",9327544,"010801040402",0.672912,0,0,"NH",0,0,0,0,0,0,1,0,0,0,0,0,0,0,0,0
"1528",9327546,"010801040402",9.225145,0,0,"NH",0,0,0,0,0,0,1,0,0,0,0,0,0,0,0,0
"1529",9327548,"010801040402",5.64438,0,0,"NH",0,0,0,0,0,0,1,0,0,0,0,0,0,0,0,0
"1530",9327550,"010801040402",5.740084,0.0637149324,1.11,"VT",0,0,0,0,1,15.744278370702,0,0,0,0,0,0,0,0,0,0
"1531",9327552,"010801040402",7.34966,0,0,"VT",0,0,0,0,0,0,1,0,0,0,0,0,0,0,0,0
"1532",9327554,"010801040402",4.396575,0,0,"VT",0,0,0,0,0,0,1,0,0,0,0,0,0,0,0,0
"1533",9327556,"010801040402",9.465232,0,0,"VT",0,0,0,0,0,0,1,0,0,0,0,0,0,0,0,0
"1534",9327562,"010801060103",1.26292,0,0,"NH",0,0,0,0,0,0,1,0,0,0,0,0,0,0,0,0
"1535",9327568,"010801040402",1.931587,0,0,"NH",0,0,0,0,0,0,1,0,0,0,0,0,0,0,0,0
"1536",9327570,"010801060103",3.843702,0,0,"NH",0,0,0,0,0,0,1,0,0,0,0,0,0,0,0,0
"1537",9327572,"010801040402",1.669762,0,0,"NH",0,0,0,0,0,0,1,0,0,0,0,0,0,0,0,0
"1538",9327574,"010801040401",2.428867,0,0,"NH",0,0,0,0,0,0,1,0,0,0,0,0,0,0,0,0
"1539",9327576,"010801040401",2.247296,0,0,"NH",0,0,0,0,0,0,1,0,0,0,0,0,0,0,0,0
"1540",9327578,"010801060101",4.296265,0,0,"NH",0,0,0,0,0,0,1,0,0,0,0,0,0,0,0,0
"1541",9327580,"010801060105",2.714056,0,0,"NH",0,0,0,0,0,0,1,0,0,0,0,0,0,0,0,0
"1542",9327582,"010801060105",9.647872,0,0,"NH",0,0,0,0,0,0,1,0,0,0,0,0,0,0,0,0
"1543",9327584,"010801060105",1.737135,0,0,"NH",0,0,0,0,0,0,1,0,0,0,0,0,0,0,0,0
"1544",9327586,"010801060106",4.89955,0,0,"NH",0,0,0,0,0,0,1,0,0,0,0,0,0,0,0,0
"1545",9327588,"010801060104",1.497453,0,0,"NH",0,0,0,0,0,0,1,0,0,0,0,0,0,0,0,0
"1546",9327590,"010801060106",2.801433,0,0,"NH",0,0,0,0,0,0,1,0,0,0,0,0,0,0,0,0
"1547",9327592,"010801060102",7.048738,0,0,"NH",0,0,0,0,0,0,1,0,0,0,0,0,0,0,0,0
"1548",9327594,"010801060102",2.202221,0,0,"NH",0,0,0,0,0,0,1,0,0,0,0,0,0,0,0,0
"1549",9327596,"010801060102",5.318583,0,0,"NH",0,0,0,0,0,0,1,0,0,0,0,0,0,0,0,0
"1550",9327598,"010801060104",5.120955,0,0,"NH",0,0,0,0,0,0,1,0,0,0,0,0,0,0,0,0
"1551",9327600,"010801060105",4.751536,0,0,"NH",0,0,0,0,0,0,1,0,0,0,0,0,0,0,0,0
"1552",9327602,"010801060106",9.134663,0,0,"NH",0,0,0,0,0,0,1,0,0,0,0,0,0,0,0,0
"1553",9327604,"010801060106",8.647319,0.1080914875,1.25,"NH",0,0,0,0,0,0,1,26.7099470186875,0,0,0,0,0,0,0,0
"1554",9327606,"010801060106",2.895359,0,0,"NH",0,0,0,0,0,0,1,0,0,0,0,0,0,0,0,0
"1555",9327608,"010801060106",1.656207,0,0,"NH",0,0,0,0,0,0,1,0,0,0,0,0,0,0,0,0
"1556",9327610,"010801060302",4.722178,0.011805445,0.25,"NH",0,0,0,0,0,0,1,2.917184486725,0,0,0,0,0,0,0,0
"1557",9327612,"010801060105",6.893515,0.0227485995,0.33,"NH",0,0,0,0,0,0,1,5.6212926794475,0,0,0,0,0,0,0,0
"1558",9327614,"010801060301",3.048661,0,0,"NH",0,0,0,0,0,0,1,0,0,0,0,0,0,0,0,0
"1559",9327618,"010801060301",2.206954,0,0,"NH",0,0,0,0,0,0,1,0,0,0,0,0,0,0,0,0
"1560",9327620,"010801060302",4.99455,0,0,"VT",0,0,0,0,0,0,1,0,0,0,0,0,0,0,0,0
"1561",9327622,"010801060301",6.171505,0,0,"NH",0,0,0,0,0,0,1,0,0,0,0,0,0,0,0,0
"1562",9327624,"010801060401",0.814087,0,0,"NH",0,0,1,0,0,0,0,0,0,0,0,0,0,0,0,0
"1563",9327626,"010801060302",4.876145,0,0,"VT",0,0,0,0,0,0,1,0,0,0,0,0,0,0,0,0
"1564",9327628,"010801060302",2.640801,0,0,"VT",0,0,0,0,0,0,1,0,0,0,0,0,0,0,0,0
"1565",9327630,"010801060303",5.689033,0,0,"NH",0,0,0,0,0,0,1,0,0,0,0,0,0,0,0,0
"1566",9327632,"010801060303",3.984064,0,0,"NH",0,0,0,0,0,0,1,0,0,0,0,0,0,0,0,0
"1567",9327634,"010801060401",0.705678,0,0,"NH",0,0,1,0,0,0,0,0,0,0,0,0,0,0,0,0
"1568",9327636,"010801060303",4.271457,0,0,"NH",0,0,0,0,0,0,1,0,0,0,0,0,0,0,0,0
"1569",9327642,"010801040205",0.042996,0.0008771184,2.04,"NH",0,0,0,0,0,0,1,0.216740342232,0,0,0,0,0,0,0,0
"1570",9327648,"010801040205",0.030542,0.0009254226,3.03,"NH",0,0,0,0,0,0,0,0,1,0.228676551573,0,0,0,0,0,0
"1571",9327650,"010801040205",0.702819,0.2390990238,34.02,"NH",0,0,0,0,0,0,0,0,1,59.082564276099,0,0,0,0,0,0
"1572",9327652,"010801040205",4.439621,0.4808109543,10.83,"NH",0,0,0,0,0,0,0,0,1,118.810790862302,0,0,0,0,0,0
"1573",9327654,"010801040205",1.629657,0.2535746292,15.56,"NH",0,0,0,0,0,0,0,0,1,62.659558748466,0,0,0,0,0,0
"1574",9327656,"010801040205",0.023046,0.0044317458,19.23,"NH",0,0,0,0,0,0,0,0,1,1.095106545909,0,0,0,0,0,0
"1575",9327658,"010801040205",0.480057,0,0,"NH",0,0,0,0,0,0,0,0,0,0,0,0,1,0,0,0
"1576",9327660,"010801040205",0.023736,0,0,"NH",0,0,0,0,0,0,0,0,0,0,0,0,1,0,0,0
"1577",9327664,"010801040205",4.197888,0.7459646976,17.77,"NH",0,0,0,0,0,0,0,0,1,184.331606600448,0,0,0,0,0,0
"1578",9327666,"010801040205",0.18368,0,0,"VT",0,0,0,0,0,0,0,0,0,0,0,0,1,0,0,0
"1579",9327668,"010801040205",0.029457,0,0,"VT",0,0,0,0,0,0,0,0,0,0,0,0,1,0,0,0
"1580",9327670,"010801040205",8.185937,0.6868001143,8.39,"NH",0,0,0,0,0,0,0,0,1,169.711742244101,0,0,0,0,0,0
"1581",9327672,"010801040205",4.613526,0.0226062774,0.49,"VT",0,0,0,0,0,0,0,0,1,5.586124176927,0,0,0,0,0,0
"1582",9327674,"010801040205",0.554619,0,0,"VT",0,0,0,0,0,0,0,0,0,0,0,0,1,0,0,0
"1583",9327676,"010801040205",0.764548,0,0,"NH",0,0,0,0,0,0,0,0,0,0,0,0,1,0,0,0
"1584",9327684,"010801040205",1.411958,0.1324416604,9.38,"VT",0,0,0,0,0,0,0,0,1,32.726996493142,0,0,0,0,0,0
"1585",9327692,"010801040205",0.396262,0.0269061898,6.79,"NH",0,0,0,0,0,0,0,0,0,0,0,0,1,6.648654030529,0,0
"1586",9327694,"010801040205",3.395749,0.3358395761,9.89,"NH",0,0,0,0,0,0,0,0,1,82.9876384521905,0,0,0,0,0,0
"1587",9327698,"010801040205",0.342032,0.028730688,8.4,"VT",0,0,0,0,0,0,0,0,1,7.09949665824,0,0,0,0,0,0
"1588",9327700,"010801040205",1.920874,0.6711533756,34.94,"NH",0,0,0,0,0,0,0,0,1,165.845354877638,0,0,0,0,0,0
"1589",9327702,"010801040205",1.910006,0.3902142258,20.43,"NH",0,0,0,0,0,0,0,0,1,96.423886266309,0,0,0,0,0,0
"1590",9327704,"010801040205",0.038453,0,0,"NH",0,0,0,0,0,0,0,0,0,0,0,0,1,0,0,0
"1591",9327706,"010801040205",0.696178,0.1668042488,23.96,"NH",0,0,0,0,0,0,0,0,1,41.218163899724,0,0,0,0,0,0
"1592",9327708,"010801040203",0.049878,0.0071275662,14.29,"NH",0,0,0,0,0,0,0,0,1,1.761257245851,0,0,0,0,0,0
"1593",9327712,"010801040203",0.421596,0.0516876696,12.26,"NH",0,0,0,0,0,0,0,0,1,12.772281596508,0,0,0,0,0,0
"1594",9327714,"010801040205",2.359866,0.056636784,2.4,"NH",0,0,0,0,0,0,1,13.99523251032,0,0,0,0,0,0,0,0
"1595",9327718,"010801040205",5.241335,0.190784594,3.64,"NH",0,0,0,0,0,0,0,0,1,47.14382710037,0,0,0,0,0,0
"1596",9327722,"010801060101",7.710769,0,0,"NH",0,0,0,0,0,0,1,0,0,0,0,0,0,0,0,0
"1597",9327724,"010801040204",0.159877,0,0,"NH",0,0,0,0,0,0,0,0,0,0,0,0,1,0,0,0
"1598",9327726,"010801040205",8.162548,0.7085091664,8.68,"NH",0,0,0,0,0,0,0,0,1,175.076157563272,0,0,0,0,0,0
"1599",9327728,"010801040205",0.117156,0.005330598,4.55,"NH",0,0,0,0,0,0,0,0,1,1.31721741879,0,0,0,0,0,0
"1600",9327730,"010801040205",1.883081,0.2438589895,12.95,"NH",0,0,0,0,0,0,0,0,1,60.2587756003975,0,0,0,0,0,0
"1601",9327732,"010801040205",0.040068,0.0060983496,15.22,"VT",0,0,0,0,0,0,0,0,0,0,0,0,1,1.506932677908,0,0
"1602",9327734,"010801040205",0.252339,0,0,"NH",0,0,0,0,0,0,0,0,0,0,0,0,1,0,0,0
"1603",9327736,"010801040402",0.064637,0,0,"NH",0,0,0,0,0,0,1,0,0,0,0,0,0,0,0,0
"1604",9327738,"010801040402",2.923546,0.2078641206,7.11,"NH",0,0,0,0,1,51.364263520863,0,0,0,0,0,0,0,0,0,0
"1605",9327744,"010801040402",3.133195,0.053890954,1.72,"NH",0,0,0,0,0,0,1,13.31672418817,0,0,0,0,0,0,0,0
"1606",9327748,"010801040402",1.090939,0,0,"NH",0,0,0,0,0,0,1,0,0,0,0,0,0,0,0,0
"1607",9327752,"010801060101",6.552254,0,0,"NH",0,0,0,0,0,0,1,0,0,0,0,0,0,0,0,0
"1608",9327754,"010801040402",1.037539,0,0,"NH",0,0,0,0,0,0,1,0,0,0,0,0,0,0,0,0
"1609",9327756,"010801040402",1.273299,0,0,"NH",0,0,0,0,0,0,1,0,0,0,0,0,0,0,0,0
"1610",9327758,"010801040402",0.035346,0,0,"NH",0,0,0,0,0,0,1,0,0,0,0,0,0,0,0,0
"1611",9327760,"010801040402",1.471787,0,0,"NH",0,0,0,0,0,0,1,0,0,0,0,0,0,0,0,0
"1612",9327762,"010801040402",0.031772,0,0,"NH",0,0,0,0,0,0,1,0,0,0,0,0,0,0,0,0
"1613",9327764,"010801040402",0.185835,0,0,"NH",0,0,0,0,0,0,1,0,0,0,0,0,0,0,0,0
"1614",9327766,"010801040402",0.076702,0,0,"NH",0,0,0,0,0,0,1,0,0,0,0,0,0,0,0,0
"1615",9327768,"010801040402",0.007304,0,0,"NH",0,0,0,0,0,0,1,0,0,0,0,0,0,0,0,0
"1616",9327770,"010801040402",0.326427,0,0,"NH",0,0,0,0,0,0,1,0,0,0,0,0,0,0,0,0
"1617",9327778,"010801060103",5.689636,0,0,"NH",0,0,0,0,0,0,1,0,0,0,0,0,0,0,0,0
"1618",9327780,"010801040401",1.497739,0,0,"NH",0,0,0,0,0,0,1,0,0,0,0,0,0,0,0,0
"1619",9327782,"010801040402",1.008729,0,0,"NH",0,0,0,0,0,0,1,0,0,0,0,0,0,0,0,0
"1620",9327784,"010801060103",0.229563,0,0,"NH",0,0,0,0,0,0,1,0,0,0,0,0,0,0,0,0
"1621",9327786,"010801060103",1.158724,0,0,"NH",0,0,0,0,0,0,1,0,0,0,0,0,0,0,0,0
"1622",9327788,"010801040402",1.016002,0,0,"NH",0,0,0,0,0,0,1,0,0,0,0,0,0,0,0,0
"1623",9327792,"010801040402",2.388592,0,0,"NH",0,0,0,0,0,0,1,0,0,0,0,0,0,0,0,0
"1624",9327798,"010801060103",0.451773,0,0,"NH",0,0,0,0,0,0,1,0,0,0,0,0,0,0,0,0
"1625",9327800,"010801060103",0.752527,0,0,"NH",0,0,0,0,0,0,1,0,0,0,0,0,0,0,0,0
"1626",9327802,"010801040402",1.36283,0,0,"NH",0,0,0,0,0,0,1,0,0,0,0,0,0,0,0,0
"1627",9327806,"010801040402",0.146999,0,0,"VT",0,0,0,0,0,0,1,0,0,0,0,0,0,0,0,0
"1628",9327808,"010801040402",0.771358,0,0,"NH",0,0,0,0,0,0,1,0,0,0,0,0,0,0,0,0
"1629",9327810,"010801040402",0.23833,0,0,"NH",0,0,0,0,0,0,1,0,0,0,0,0,0,0,0,0
"1630",9327812,"010801040402",0.236308,0,0,"NH",0,0,0,0,0,0,1,0,0,0,0,0,0,0,0,0
"1631",9327818,"010801060105",0.75907,0,0,"NH",0,0,0,0,0,0,1,0,0,0,0,0,0,0,0,0
"1632",9327820,"010801040402",1.052453,0,0,"NH",0,0,0,0,0,0,1,0,0,0,0,0,0,0,0,0
"1633",9327824,"010801040402",0.121383,0,0,"NH",0,0,0,0,0,0,1,0,0,0,0,0,0,0,0,0
"1634",9327828,"010801060105",0.138123,0,0,"NH",0,0,0,0,0,0,1,0,0,0,0,0,0,0,0,0
"1635",9327834,"010801060105",0.709747,0,0,"NH",0,0,0,0,0,0,1,0,0,0,0,0,0,0,0,0
"1636",9327842,"010801040402",2.82194,0,0,"NH",0,0,0,0,0,0,1,0,0,0,0,0,0,0,0,0
"1637",9327846,"010801060106",0.409962,0,0,"NH",0,0,0,0,0,0,1,0,0,0,0,0,0,0,0,0
"1638",9327850,"010801060106",0.042796,0,0,"NH",0,0,0,0,0,0,1,0,0,0,0,0,0,0,0,0
"1639",9327852,"010801060102",3.401192,0,0,"NH",0,0,0,0,0,0,1,0,0,0,0,0,0,0,0,0
"1640",9327854,"010801060302",6.482139,0,0,"NH",0,0,0,0,0,0,1,0,0,0,0,0,0,0,0,0
"1641",9327862,"010801060105",1.380355,0,0,"NH",0,0,0,0,0,0,1,0,0,0,0,0,0,0,0,0
"1642",9327864,"010801060105",0.325221,0,0,"NH",0,0,0,0,0,0,1,0,0,0,0,0,0,0,0,0
"1643",9327866,"010801060106",1.053748,0,0,"NH",0,0,0,0,0,0,1,0,0,0,0,0,0,0,0,0
"1644",9327868,"010801060106",0.183395,0,0,"NH",0,0,0,0,0,0,1,0,0,0,0,0,0,0,0,0
"1645",9327870,"010801060302",3.047791,0,0,"NH",0,0,0,0,0,0,1,0,0,0,0,0,0,0,0,0
"1646",9327872,"010801060104",9.284395,0,0,"NH",0,0,0,0,0,0,1,0,0,0,0,0,0,0,0,0
"1647",9327876,"010801060302",0.466491,0,0,"NH",0,0,0,0,0,0,1,0,0,0,0,0,0,0,0,0
"1648",9327880,"010801060302",4.629236,0,0,"NH",0,0,0,0,0,0,1,0,0,0,0,0,0,0,0,0
"1649",9327884,"010801060104",0.112746,0,0,"NH",0,0,0,0,0,0,1,0,0,0,0,0,0,0,0,0
"1650",9327886,"010801060302",1.495794,0.0495107814,3.31,"NH",0,0,0,0,0,0,1,12.234361637847,0,0,0,0,0,0,0,0
"1651",9327888,"010801060302",0.008757,0,0,"NH",0,0,0,0,0,0,1,0,0,0,0,0,0,0,0,0
"1652",9327890,"010801060105",3.363487,0,0,"NH",0,0,0,0,0,0,1,0,0,0,0,0,0,0,0,0
"1653",9327894,"010801060302",1.152775,0.029741595,2.58,"NH",0,0,0,0,1,7.349296832475,0,0,0,0,0,0,0,0,0,0
"1654",9327896,"010801060302",2.213371,0.0745906027,3.37,"NH",0,0,0,0,1,18.4317108801835,0,0,0,0,0,0,0,0,0,0
"1655",9327900,"010801060401",0.25901,0,0,"NH",0,0,1,0,0,0,0,0,0,0,0,0,0,0,0,0
"1656",9327902,"010801060401",3.501382,0,0,"NH",0,0,1,0,0,0,0,0,0,0,0,0,0,0,0,0
"1657",9327904,"010801060302",0.70124,0.003576324,0.51,"NH",0,0,0,0,0,0,1,0.88372754202,0,0,0,0,0,0,0,0
"1658",9327908,"010801060302",0.028501,0,0,"NH",0,0,0,0,0,0,1,0,0,0,0,0,0,0,0,0
"1659",9327910,"010801060302",1.293087,0.071119785,5.5,"NH",0,0,0,0,1,17.574054472425,0,0,0,0,0,0,0,0,0,0
"1660",9327922,"010801060401",2.695411,0,0,"NH",0,0,1,0,0,0,0,0,0,0,0,0,0,0,0,0
"1661",9327930,"010801060302",1.020576,0.2029925664,19.89,"NH",0,0,0,0,1,50.160478120272,0,0,0,0,0,0,0,0,0,0
"1662",9327934,"010801060401",0.6664,0,0,"NH",0,0,1,0,0,0,0,0,0,0,0,0,0,0,0,0
"1663",9327942,"010801060302",4.319701,0.3555113923,8.23,"NH",0,0,0,0,1,87.8486425942915,0,0,0,0,0,0,0,0,0,0
"1664",9327946,"010801060302",0.701076,0,0,"NH",0,0,0,0,0,0,1,0,0,0,0,0,0,0,0,0
"1665",9327948,"010801060302",0.552045,0.0180518715,3.27,"NH",0,0,0,0,0,0,1,4.4607077070075,0,0,0,0,0,0,0,0
"1666",9327950,"010801060302",0.008232,0,0,"NH",0,0,0,0,0,0,1,0,0,0,0,0,0,0,0,0
"1667",9327952,"010801060302",0.156693,0.0054372471,3.47,"NH",0,0,0,0,1,1.3435709446455,0,0,0,0,0,0,0,0,0,0
"1668",9327954,"010801060302",0.527169,0.0116504349,2.21,"NH",0,0,0,0,1,2.8788807159645,0,0,0,0,0,0,0,0,0,0
"1669",9327956,"010801060401",5.884606,0,0,"NH",0,0,1,0,0,0,0,0,0,0,0,0,0,0,0,0
"1670",9327960,"010801060302",4.237002,0.1199071566,2.83,"NH",0,0,0,0,1,29.629657931643,0,0,0,0,0,0,0,0,0,0
"1671",9327966,"010801060302",0.414288,0.0125943552,3.04,"NH",0,0,0,0,1,3.112128141696,0,0,0,0,0,0,0,0,0,0
"1672",9327970,"010801060302",1.888282,0,0,"NH",0,0,0,0,0,0,1,0,0,0,0,0,0,0,0,0
"1673",9327972,"010801060302",0.037839,0,0,"NH",0,0,0,0,0,0,1,0,0,0,0,0,0,0,0,0
"1674",9327974,"010801060302",4.159874,0.0919332154,2.21,"NH",0,0,0,0,0,0,1,22.717157191417,0,0,0,0,0,0,0,0
"1675",9327978,"010801060302",0.221775,0,0,"VT",0,0,0,0,0,0,1,0,0,0,0,0,0,0,0,0
"1676",9327980,"010801060302",2.120928,0.0810194496,3.82,"NH",0,0,0,0,1,20.020311093408,0,0,0,0,0,0,0,0,0,0
"1677",9328026,"010801040205",4.544599,0,0,"NH",0,0,0,0,0,0,0,0,0,0,0,0,1,0,0,0
"1678",9328032,"010801040203",0.100363,0,0,"NH",0,0,0,0,0,0,0,0,0,0,0,0,1,0,0,0
"1679",9328042,"010801040402",2.308133,0,0,"NH",0,0,0,0,0,0,1,0,0,0,0,0,0,0,0,0
"1680",9328044,"010801060101",4.5542,0,0,"NH",0,0,0,0,0,0,1,0,0,0,0,0,0,0,0,0
"1681",9328048,"010801060106",0.3384,0,0,"NH",0,0,0,0,0,0,1,0,0,0,0,0,0,0,0,0
"1682",9328050,"010801040402",1.989127,0,0,"NH",0,0,0,0,0,0,1,0,0,0,0,0,0,0,0,0
"1683",9328056,"010801060104",8.826728,0,0,"NH",0,0,0,0,0,0,1,0,0,0,0,0,0,0,0,0
"1684",9328062,"010801060301",2.246382,0,0,"NH",0,0,0,0,0,0,1,0,0,0,0,0,0,0,0,0
"1685",9328068,"010801060401",4.282171,0,0,"NH",0,0,1,0,0,0,0,0,0,0,0,0,0,0,0,0
"1686",9328070,"010801060302",0.909859,0,0,"NH",0,0,0,0,0,0,1,0,0,0,0,0,0,0,0,0
"1687",9328084,"010801040402",0.011925,0,0,"NH",0,0,0,0,0,0,1,0,0,0,0,0,0,0,0,0
"1688",9328088,"010801060105",0.132506,0,0,"NH",0,0,0,0,0,0,1,0,0,0,0,0,0,0,0,0
"1689",9328090,"010801060104",3.693896,0,0,"NH",0,0,0,0,0,0,1,0,0,0,0,0,0,0,0,0
"1690",9328092,"010801040203",1.826262,0.062092908,3.4,"NH",0,0,0,0,0,0,0,0,1,15.34346803134,0,0,0,0,0,0
"1691",9328094,"010801040203",0.365488,0,0,"NH",0,0,0,0,0,0,0,0,0,0,0,0,1,0,0,0
"1692",9328102,"010801040203",4.813537,0,0,"NH",0,0,0,0,0,0,0,0,0,0,0,0,1,0,0,0
"1693",9328104,"010801040203",0.309788,0,0,"NH",0,0,0,0,0,0,0,0,0,0,0,0,1,0,0,0
"1694",9328624,"010801060401",1.084824,0,0,"NH",0,0,1,0,0,0,0,0,0,0,0,0,0,0,0,0
"1695",9328626,"010801060401",0.289822,0,0,"NH",0,0,1,0,0,0,0,0,0,0,0,0,0,0,0,0
"1696",9328628,"010801060303",0.019418,0,0,"NH",0,0,0,0,0,0,1,0,0,0,0,0,0,0,0,0
"1697",9328630,"010801060303",0.479521,0.0018221798,0.38,"NH",0,0,0,0,0,0,1,0.450269739479,0,0,0,0,0,0,0,0
"1698",9328632,"010801060401",1.753295,0,0,"NH",0,0,1,0,0,0,0,0,0,0,0,0,0,0,0,0
"1699",9328634,"010801060303",0.330762,0,0,"NH",0,0,0,0,0,0,1,0,0,0,0,0,0,0,0,0
"1700",9328636,"010801060401",0.98854,0,0,"NH",0,0,1,0,0,0,0,0,0,0,0,0,0,0,0,0
"1701",9328638,"010801060401",0.725582,0,0,"NH",0,0,1,0,0,0,0,0,0,0,0,0,0,0,0,0
"1702",9328640,"010801060401",0.216977,0,0,"NH",0,0,1,0,0,0,0,0,0,0,0,0,0,0,0,0
"1703",9328642,"010801060304",0.083723,0,0,"VT",0,0,0,0,0,0,1,0,0,0,0,0,0,0,0,0
"1704",9328644,"010801060304",0.091186,0,0,"VT",0,0,0,0,0,0,1,0,0,0,0,0,0,0,0,0
"1705",9328650,"010801060401",2.678848,0,0,"NH",0,0,1,0,0,0,0,0,0,0,0,0,0,0,0,0
"1706",9328652,"010801060304",0.080247,0,0,"VT",0,0,0,0,0,0,1,0,0,0,0,0,0,0,0,0
"1707",9328656,"010801060401",0.129702,0,0,"NH",0,0,1,0,0,0,0,0,0,0,0,0,0,0,0,0
"1708",9328658,"010801060304",0.114304,0,0,"VT",0,0,0,0,0,0,1,0,0,0,0,0,0,0,0,0
"1709",9328660,"010801060303",0.73217,0,0,"NH",0,0,0,0,0,0,1,0,0,0,0,0,0,0,0,0
"1710",9328662,"010801060305",1.086297,0,0,"VT",0,0,0,0,0,0,1,0,0,0,0,0,0,0,0,0
"1711",9328664,"010801060304",0.379789,0,0,"VT",0,0,0,0,0,0,1,0,0,0,0,0,0,0,0,0
"1712",9328666,"010801060303",0.63013,0,0,"NH",0,0,0,0,0,0,1,0,0,0,0,0,0,0,0,0
"1713",9328668,"010801060304",0.998393,0,0,"VT",0,0,0,0,0,0,1,0,0,0,0,0,0,0,0,0
"1714",9328670,"010801060305",0.286874,0,0,"VT",0,0,0,0,0,0,1,0,0,0,0,0,0,0,0,0
"1715",9328672,"010801060401",1.237019,0,0,"NH",0,0,1,0,0,0,0,0,0,0,0,0,0,0,0,0
"1716",9328674,"010801060304",0.278502,0,0,"VT",0,0,0,0,0,0,1,0,0,0,0,0,0,0,0,0
"1717",9328682,"010801060304",1.597876,0,0,"VT",0,0,0,0,0,0,1,0,0,0,0,0,0,0,0,0
"1718",9328684,"010801060304",1.031728,0,0,"VT",0,0,0,0,0,0,1,0,0,0,0,0,0,0,0,0
"1719",9328686,"010801060304",0.254403,0,0,"VT",0,0,0,0,0,0,1,0,0,0,0,0,0,0,0,0
"1720",9328688,"010801060401",0.518933,0,0,"NH",0,0,1,0,0,0,0,0,0,0,0,0,0,0,0,0
"1721",9328692,"010801060303",1.366314,0,0,"NH",0,0,0,0,0,0,1,0,0,0,0,0,0,0,0,0
"1722",9328694,"010801060303",0.438339,0.079777698,18.2,"NH",0,0,0,0,1,19.71346806429,0,0,0,0,0,0,0,0,0,0
"1723",9328696,"010801060404",0.959208,0,0,"NH",0,0,1,0,0,0,0,0,0,0,0,0,0,0,0,0
"1724",9328700,"010801060404",2.91456,0,0,"NH",0,0,1,0,0,0,0,0,0,0,0,0,0,0,0,0
"1725",9328708,"010801060304",1.155279,0,0,"VT",0,0,0,0,0,0,1,0,0,0,0,0,0,0,0,0
"1726",9328710,"010801060304",0.814798,0,0,"VT",0,0,0,0,0,0,1,0,0,0,0,0,0,0,0,0
"1727",9328714,"010801060401",1.50022,0,0,"NH",0,0,1,0,0,0,0,0,0,0,0,0,0,0,0,0
"1728",9328716,"010801060305",0.169569,0.0044596647,2.63,"NH",0,0,0,0,0,0,1,1.1020054456935,0,0,0,0,0,0,0,0
"1729",9328718,"010801060305",0.669665,0,0,"NH",0,0,0,0,0,0,1,0,0,0,0,0,0,0,0,0
"1730",9328720,"010801060404",0.108472,0,0,"NH",0,0,1,0,0,0,0,0,0,0,0,0,0,0,0,0
"1731",9328722,"010801060404",0.817361,0,0,"NH",0,0,1,0,0,0,0,0,0,0,0,0,0,0,0,0
"1732",9328724,"010801060305",1.101307,0.0568274412,5.16,"VT",0,0,0,0,1,14.042344857726,0,0,0,0,0,0,0,0,0,0
"1733",9328726,"010801060305",2.848566,0,0,"VT",0,0,0,0,0,0,1,0,0,0,0,0,0,0,0,0
"1734",9328728,"010801060305",1.325079,0,0,"NH",0,0,0,0,0,0,1,0,0,0,0,0,0,0,0,0
"1735",9328730,"010801060305",2.067627,0,0,"NH",0,0,0,0,0,0,1,0,0,0,0,0,0,0,0,0
"1736",9328736,"010801060305",2.683824,0,0,"NH",0,0,0,0,0,0,1,0,0,0,0,0,0,0,0,0
"1737",9328738,"010801060305",0.175035,0,0,"NH",0,0,0,0,0,0,1,0,0,0,0,0,0,0,0,0
"1738",9328742,"010801060305",3.069394,0,0,"VT",0,0,0,0,0,0,1,0,0,0,0,0,0,0,0,0
"1739",9328746,"010801060305",0.620588,0,0,"NH",0,0,0,0,0,0,1,0,0,0,0,0,0,0,0,0
"1740",9328748,"010801060305",0.819251,0,0,"NH",0,0,0,0,0,0,1,0,0,0,0,0,0,0,0,0
"1741",9328752,"010801060304",0.717494,0,0,"VT",0,0,0,0,0,0,1,0,0,0,0,0,0,0,0,0
"1742",9328754,"010801060304",1.338158,0,0,"VT",0,0,0,0,0,0,1,0,0,0,0,0,0,0,0,0
"1743",9328756,"010801060404",4.891266,0,0,"NH",0,0,1,0,0,0,0,0,0,0,0,0,0,0,0,0
"1744",9328758,"010801060404",0.635929,0,0,"NH",0,0,1,0,0,0,0,0,0,0,0,0,0,0,0,0
"1745",9328762,"010801060305",0.967434,0,0,"NH",0,0,0,0,0,0,1,0,0,0,0,0,0,0,0,0
"1746",9328764,"010801060305",2.183277,0,0,"NH",0,0,0,0,0,0,1,0,0,0,0,0,0,0,0,0
"1747",9328766,"010801060304",2.344362,0,0,"VT",0,0,0,0,0,0,1,0,0,0,0,0,0,0,0,0
"1748",9328768,"010801060304",1.733682,0,0,"VT",0,0,0,0,0,0,1,0,0,0,0,0,0,0,0,0
"1749",9328770,"010801060305",0.313395,0,0,"VT",0,0,0,0,0,0,1,0,0,0,0,0,0,0,0,0
"1750",9328772,"010801060305",0.456918,0,0,"NH",0,0,0,0,0,0,1,0,0,0,0,0,0,0,0,0
"1751",9328774,"010801060305",0.236547,0,0,"NH",0,0,0,0,0,0,1,0,0,0,0,0,0,0,0,0
"1752",9328776,"010801060305",1.138197,0,0,"NH",0,0,0,0,0,0,1,0,0,0,0,0,0,0,0,0
"1753",9328778,"010801060401",1.33368,0,0,"NH",0,0,1,0,0,0,0,0,0,0,0,0,0,0,0,0
"1754",9328780,"010801060304",1.400254,0,0,"VT",0,0,0,0,0,0,1,0,0,0,0,0,0,0,0,0
"1755",9328782,"010801060305",0.775788,0.002715258,0.35,"NH",0,0,0,0,0,0,1,0.67095382809,0,0,0,0,0,0,0,0
"1756",9328784,"010801060305",0.488258,0,0,"NH",0,0,0,0,0,0,1,0,0,0,0,0,0,0,0,0
"1757",9328786,"010801060304",2.84326,0,0,"VT",0,0,0,0,0,0,1,0,0,0,0,0,0,0,0,0
"1758",9328792,"010801060304",0.962872,0,0,"VT",0,0,0,0,0,0,1,0,0,0,0,0,0,0,0,0
"1759",9328794,"010801060304",0.117755,0,0,"VT",0,0,0,0,0,0,1,0,0,0,0,0,0,0,0,0
"1760",9328796,"010801060401",1.735721,0,0,"NH",0,0,1,0,0,0,0,0,0,0,0,0,0,0,0,0
"1761",9328800,"010801060404",1.266425,0,0,"NH",0,0,1,0,0,0,0,0,0,0,0,0,0,0,0,0
"1762",9328804,"010801060305",0.664296,0,0,"NH",0,0,0,0,0,0,1,0,0,0,0,0,0,0,0,0
"1763",9328812,"010801060304",0.988994,0,0,"VT",0,0,0,0,0,0,1,0,0,0,0,0,0,0,0,0
"1764",9328814,"010801060304",2.100084,0,0,"VT",0,0,0,0,0,0,1,0,0,0,0,0,0,0,0,0
"1765",9328818,"010801060304",1.546756,0,0,"NH",0,0,0,0,0,0,1,0,0,0,0,0,0,0,0,0
"1766",9328820,"010801060305",0.258977,0,0,"NH",0,0,0,0,0,0,1,0,0,0,0,0,0,0,0,0
"1767",9328822,"010801060305",0.529586,0,0,"NH",0,0,0,0,0,0,1,0,0,0,0,0,0,0,0,0
"1768",9328824,"010801060305",1.139556,0,0,"NH",0,0,0,0,0,0,1,0,0,0,0,0,0,0,0,0
"1769",9328828,"010801060304",0.865124,0,0,"VT",0,0,0,0,0,0,1,0,0,0,0,0,0,0,0,0
"1770",9328830,"010801060404",1.586584,0,0,"NH",0,0,1,0,0,0,0,0,0,0,0,0,0,0,0,0
"1771",9328834,"010801060404",2.417202,0,0,"NH",0,0,1,0,0,0,0,0,0,0,0,0,0,0,0,0
"1772",9328836,"010801060304",0.552664,0,0,"VT",0,0,0,0,0,0,1,0,0,0,0,0,0,0,0,0
"1773",9328838,"010801060404",1.78669,0,0,"NH",0,0,1,0,0,0,0,0,0,0,0,0,0,0,0,0
"1774",9328840,"010801060305",1.230828,0,0,"NH",0,0,0,0,0,0,1,0,0,0,0,0,0,0,0,0
"1775",9328842,"010801060304",1.492714,0,0,"VT",0,0,0,0,0,0,1,0,0,0,0,0,0,0,0,0
"1776",9328844,"010801060404",3.117004,0,0,"NH",0,0,1,0,0,0,0,0,0,0,0,0,0,0,0,0
"1777",9328846,"010801060402",0.578402,0,0,"NH",0,0,1,0,0,0,0,0,0,0,0,0,0,0,0,0
"1778",9328848,"010801060304",1.769266,0,0,"VT",0,0,0,0,0,0,1,0,0,0,0,0,0,0,0,0
"1779",9328850,"010801060304",0.434972,0,0,"VT",0,0,0,0,0,0,1,0,0,0,0,0,0,0,0,0
"1780",9328852,"010801060304",0.170148,0,0,"VT",0,0,0,0,0,0,1,0,0,0,0,0,0,0,0,0
"1781",9328854,"010801060304",0.331893,0,0,"VT",0,0,0,0,0,0,1,0,0,0,0,0,0,0,0,0
"1782",9328856,"010801060404",1.031465,0,0,"NH",0,0,1,0,0,0,0,0,0,0,0,0,0,0,0,0
"1783",9328858,"010801060404",0.205057,0,0,"NH",0,0,1,0,0,0,0,0,0,0,0,0,0,0,0,0
"1784",9328860,"010801060304",1.285635,0,0,"VT",0,0,0,0,0,0,1,0,0,0,0,0,0,0,0,0
"1785",9328862,"010801060305",0.746124,0,0,"NH",0,0,0,0,0,0,1,0,0,0,0,0,0,0,0,0
"1786",9328864,"010801060305",0.067301,0,0,"NH",0,0,0,0,0,0,1,0,0,0,0,0,0,0,0,0
"1787",9328866,"010801060305",1.960326,0,0,"NH",0,0,0,0,0,0,1,0,0,0,0,0,0,0,0,0
"1788",9328872,"010801060305",0.648821,0,0,"NH",0,0,0,0,0,0,1,0,0,0,0,0,0,0,0,0
"1789",9328874,"010801060404",1.514001,0,0,"NH",0,0,1,0,0,0,0,0,0,0,0,0,0,0,0,0
"1790",9328876,"010801060304",1.094019,0,0,"VT",0,0,0,0,0,0,1,0,0,0,0,0,0,0,0,0
"1791",9328880,"010801060402",2.221849,0,0,"NH",0,0,1,0,0,0,0,0,0,0,0,0,0,0,0,0
"1792",9328886,"010801060305",1.305465,0,0,"NH",0,0,0,0,0,0,1,0,0,0,0,0,0,0,0,0
"1793",9328888,"010801060305",0.697872,0,0,"NH",0,0,0,0,0,0,1,0,0,0,0,0,0,0,0,0
"1794",9328892,"010801060305",0.445619,0,0,"NH",0,0,0,0,0,0,1,0,0,0,0,0,0,0,0,0
"1795",9328896,"010801060304",1.388488,0,0,"VT",0,0,0,0,0,0,1,0,0,0,0,0,0,0,0,0
"1796",9328898,"010801060304",1.209104,0,0,"VT",0,0,0,0,0,0,1,0,0,0,0,0,0,0,0,0
"1797",9328900,"010801060402",0.061194,0,0,"NH",0,0,1,0,0,0,0,0,0,0,0,0,0,0,0,0
"1798",9328902,"010801060305",1.779372,0,0,"NH",0,0,0,0,0,0,1,0,0,0,0,0,0,0,0,0
"1799",9328904,"010801060304",0.266899,0,0,"VT",0,0,0,0,0,0,1,0,0,0,0,0,0,0,0,0
"1800",9328906,"010801060304",0.030496,0,0,"VT",0,0,0,0,0,0,1,0,0,0,0,0,0,0,0,0
"1801",9328918,"010801060402",0.948867,0,0,"NH",0,0,1,0,0,0,0,0,0,0,0,0,0,0,0,0
"1802",9328920,"010801060305",0.438265,0,0,"NH",0,0,0,0,0,0,1,0,0,0,0,0,0,0,0,0
"1803",9328924,"010801060402",1.327428,0,0,"NH",0,0,1,0,0,0,0,0,0,0,0,0,0,0,0,0
"1804",9328926,"010801060304",0.545019,0,0,"VT",0,0,0,0,0,0,1,0,0,0,0,0,0,0,0,0
"1805",9328928,"010801060305",3.723654,0,0,"NH",0,0,0,0,0,0,1,0,0,0,0,0,0,0,0,0
"1806",9328932,"010801060304",0.407634,0,0,"VT",0,0,0,0,0,0,1,0,0,0,0,0,0,0,0,0
"1807",9328934,"010801060304",0.422455,0,0,"VT",0,0,0,0,0,0,1,0,0,0,0,0,0,0,0,0
"1808",9328938,"010801060305",0.315278,0,0,"NH",0,0,0,0,0,0,1,0,0,0,0,0,0,0,0,0
"1809",9328940,"010801060304",0.329632,0,0,"VT",0,0,0,0,0,0,1,0,0,0,0,0,0,0,0,0
"1810",9328942,"010801060305",0.327609,0,0,"NH",0,0,0,0,0,0,1,0,0,0,0,0,0,0,0,0
"1811",9328946,"010801060304",1.285335,0,0,"VT",0,0,0,0,0,0,1,0,0,0,0,0,0,0,0,0
"1812",9328948,"010801060402",2.318219,0,0,"NH",0,0,1,0,0,0,0,0,0,0,0,0,0,0,0,0
"1813",9328950,"010801060305",1.332616,0,0,"NH",0,0,0,0,0,0,1,0,0,0,0,0,0,0,0,0
"1814",9328952,"010801060304",0.136268,0,0,"VT",0,0,0,0,0,0,1,0,0,0,0,0,0,0,0,0
"1815",9328954,"010801060304",0.036826,0,0,"VT",0,0,0,0,0,0,1,0,0,0,0,0,0,0,0,0
"1816",9328956,"010801060304",1.719736,0,0,"VT",0,0,0,0,0,0,1,0,0,0,0,0,0,0,0,0
"1817",9328962,"010801060305",0.474898,0,0,"NH",0,0,0,0,0,0,1,0,0,0,0,0,0,0,0,0
"1818",9328964,"010801060304",0.484204,0,0,"VT",0,0,0,0,0,0,1,0,0,0,0,0,0,0,0,0
"1819",9328970,"010801060305",1.076858,0,0,"NH",0,0,0,0,0,0,1,0,0,0,0,0,0,0,0,0
"1820",9328972,"010801060304",0.83662,0,0,"VT",0,0,0,0,0,0,1,0,0,0,0,0,0,0,0,0
"1821",9328974,"010801060404",1.943742,0,0,"NH",0,0,1,0,0,0,0,0,0,0,0,0,0,0,0,0
"1822",9328976,"010801060404",1.685448,0,0,"NH",0,0,1,0,0,0,0,0,0,0,0,0,0,0,0,0
"1823",9328978,"010801060404",2.332381,0,0,"NH",0,0,1,0,0,0,0,0,0,0,0,0,0,0,0,0
"1824",9328980,"010801060305",0.027612,0,0,"NH",0,0,0,0,0,0,1,0,0,0,0,0,0,0,0,0
"1825",9328982,"010801060305",0.564426,0,0,"NH",0,0,0,0,0,0,1,0,0,0,0,0,0,0,0,0
"1826",9328984,"010801060402",0.631976,0,0,"NH",0,0,1,0,0,0,0,0,0,0,0,0,0,0,0,0
"1827",9328986,"010801060305",0.964157,0,0,"NH",0,0,0,0,0,0,1,0,0,0,0,0,0,0,0,0
"1828",9328988,"010801060305",0.466223,0,0,"NH",0,0,0,0,0,0,1,0,0,0,0,0,0,0,0,0
"1829",9328990,"010801060304",0.289652,0,0,"VT",0,0,0,0,0,0,1,0,0,0,0,0,0,0,0,0
"1830",9328996,"010801060304",0.751119,0,0,"VT",0,0,0,0,0,0,1,0,0,0,0,0,0,0,0,0
"1831",9328998,"010801060304",1.233083,0,0,"VT",0,0,0,0,0,0,1,0,0,0,0,0,0,0,0,0
"1832",9329000,"010801060402",0.53431,0,0,"NH",0,0,1,0,0,0,0,0,0,0,0,0,0,0,0,0
"1833",9329002,"010801060305",0.602587,0.0667666396,11.08,"NH",0,0,0,0,1,16.498370478358,0,0,0,0,0,0,0,0,0,0
"1834",9329004,"010801060304",0.636147,0,0,"VT",0,0,0,0,0,0,1,0,0,0,0,0,0,0,0,0
"1835",9329006,"010801060404",2.303807,0,0,"NH",0,0,1,0,0,0,0,0,0,0,0,0,0,0,0,0
"1836",9329008,"010801060404",0.844358,0,0,"NH",0,0,1,0,0,0,0,0,0,0,0,0,0,0,0,0
"1837",9329010,"010801060404",0.968091,0,0,"NH",0,0,1,0,0,0,0,0,0,0,0,0,0,0,0,0
"1838",9329012,"010801060404",0.217345,0,0,"NH",0,0,1,0,0,0,0,0,0,0,0,0,0,0,0,0
"1839",9329014,"010801060404",1.837519,0,0,"NH",0,0,1,0,0,0,0,0,0,0,0,0,0,0,0,0
"1840",9329016,"010801060304",1.361792,0,0,"VT",0,0,0,0,0,0,1,0,0,0,0,0,0,0,0,0
"1841",9329018,"010801060304",0.333109,0,0,"VT",0,0,0,0,0,0,1,0,0,0,0,0,0,0,0,0
"1842",9329024,"010801060304",3.943051,0,0,"VT",0,0,0,0,0,0,1,0,0,0,0,0,0,0,0,0
"1843",9329026,"010801060304",4.336159,0,0,"VT",0,0,0,0,0,0,1,0,0,0,0,0,0,0,0,0
"1844",9329028,"010801060305",0.459484,0,0,"NH",0,0,0,0,0,0,1,0,0,0,0,0,0,0,0,0
"1845",9329030,"010801060405",0.962696,0,0,"NH",0,0,1,0,0,0,0,0,0,0,0,0,0,0,0,0
"1846",9329032,"010801060304",0.761135,0,0,"VT",0,0,0,0,0,0,1,0,0,0,0,0,0,0,0,0
"1847",9329034,"010801060304",2.054698,0,0,"VT",0,0,0,0,0,0,1,0,0,0,0,0,0,0,0,0
"1848",9329036,"010801060305",0.332294,0,0,"NH",0,0,0,0,0,0,1,0,0,0,0,0,0,0,0,0
"1849",9329038,"010801060402",1.330995,0,0,"NH",0,0,1,0,0,0,0,0,0,0,0,0,0,0,0,0
"1850",9329040,"010801060304",0.207147,0,0,"VT",0,0,0,0,0,0,1,0,0,0,0,0,0,0,0,0
"1851",9329042,"010801060305",0.908949,0,0,"NH",0,0,0,0,0,0,1,0,0,0,0,0,0,0,0,0
"1852",9329044,"010801060404",0.47886,0,0,"NH",0,0,1,0,0,0,0,0,0,0,0,0,0,0,0,0
"1853",9329046,"010801060305",1.164718,0,0,"NH",0,0,0,0,0,0,1,0,0,0,0,0,0,0,0,0
"1854",9329048,"010801060404",0.156507,0,0,"NH",0,0,1,0,0,0,0,0,0,0,0,0,0,0,0,0
"1855",9329050,"010801060304",0.042979,0,0,"VT",0,0,0,0,0,0,1,0,0,0,0,0,0,0,0,0
"1856",9329052,"010801060304",1.438395,0,0,"VT",0,0,0,0,0,0,1,0,0,0,0,0,0,0,0,0
"1857",9329054,"010801060304",1.389129,0,0,"VT",0,0,0,0,0,0,1,0,0,0,0,0,0,0,0,0
"1858",9329056,"010801060305",0.955013,0,0,"NH",0,0,0,0,0,0,1,0,0,0,0,0,0,0,0,0
"1859",9329058,"010801060305",0.644221,0.034143713,5.3,"NH",0,0,0,0,1,8.437082200865,0,0,0,0,0,0,0,0,0,0
"1860",9329060,"010801060402",0.626534,0,0,"NH",0,0,1,0,0,0,0,0,0,0,0,0,0,0,0,0
"1861",9329062,"010801060305",0.235294,0,0,"NH",0,0,0,0,0,0,1,0,0,0,0,0,0,0,0,0
"1862",9329066,"010801060305",3.26331,0,0,"NH",0,0,0,0,0,0,1,0,0,0,0,0,0,0,0,0
"1863",9329068,"010801060402",1.407291,0,0,"NH",0,0,1,0,0,0,0,0,0,0,0,0,0,0,0,0
"1864",9329070,"010801060402",1.368006,0,0,"NH",0,0,1,0,0,0,0,0,0,0,0,0,0,0,0,0
"1865",9329072,"010801060304",1.04011,0,0,"VT",0,0,0,0,0,0,1,0,0,0,0,0,0,0,0,0
"1866",9329074,"010801060304",0.240771,0,0,"VT",0,0,0,0,0,0,1,0,0,0,0,0,0,0,0,0
"1867",9329076,"010801060402",1.776859,0,0,"NH",0,0,1,0,0,0,0,0,0,0,0,0,0,0,0,0
"1868",9329082,"010801060402",0.823655,0,0,"NH",0,0,1,0,0,0,0,0,0,0,0,0,0,0,0,0
"1869",9329084,"010801060305",0.384909,0,0,"NH",0,0,0,0,0,0,1,0,0,0,0,0,0,0,0,0
"1870",9329086,"010801060305",0.923298,0,0,"NH",0,0,0,0,0,0,1,0,0,0,0,0,0,0,0,0
"1871",9329092,"010801060402",0.405208,0,0,"NH",0,0,1,0,0,0,0,0,0,0,0,0,0,0,0,0
"1872",9329094,"010801060304",1.162641,0,0,"VT",0,0,0,0,0,0,1,0,0,0,0,0,0,0,0,0
"1873",9329098,"010801060304",0.667181,0,0,"VT",0,0,0,0,0,0,1,0,0,0,0,0,0,0,0,0
"1874",9329100,"010801060402",0.413753,0,0,"NH",0,0,1,0,0,0,0,0,0,0,0,0,0,0,0,0
"1875",9329108,"010801060402",1.359424,0,0,"NH",0,0,1,0,0,0,0,0,0,0,0,0,0,0,0,0
"1876",9329110,"010801060305",0.716702,0,0,"NH",0,0,0,0,0,0,1,0,0,0,0,0,0,0,0,0
"1877",9329112,"010801060305",1.476045,0,0,"NH",0,0,0,0,0,0,1,0,0,0,0,0,0,0,0,0
"1878",9329114,"010801060402",0.399313,0,0,"NH",0,0,1,0,0,0,0,0,0,0,0,0,0,0,0,0
"1879",9329116,"010801060305",1.72525,0,0,"NH",0,0,0,0,0,0,1,0,0,0,0,0,0,0,0,0
"1880",9329126,"010801060404",0.719837,0,0,"NH",0,0,1,0,0,0,0,0,0,0,0,0,0,0,0,0
"1881",9329128,"010801060402",0.588982,0,0,"NH",0,0,1,0,0,0,0,0,0,0,0,0,0,0,0,0
"1882",9329132,"010801060305",1.954338,0.044949774,2.3,"NH",0,0,0,0,1,11.10731390427,0,0,0,0,0,0,0,0,0,0
"1883",9329136,"010801060402",0.264654,0,0,"NH",0,0,1,0,0,0,0,0,0,0,0,0,0,0,0,0
"1884",9329144,"010801060404",1.211334,0,0,"NH",0,0,1,0,0,0,0,0,0,0,0,0,0,0,0,0
"1885",9329146,"010801060404",1.658166,0,0,"NH",0,0,1,0,0,0,0,0,0,0,0,0,0,0,0,0
"1886",9329148,"010801060305",0.735062,0,0,"NH",0,0,0,0,0,0,1,0,0,0,0,0,0,0,0,0
"1887",9329150,"010801060404",0.932978,0,0,"NH",0,0,1,0,0,0,0,0,0,0,0,0,0,0,0,0
"1888",9329152,"010801060404",0.136763,0,0,"NH",0,0,1,0,0,0,0,0,0,0,0,0,0,0,0,0
"1889",9329162,"010801060305",1.598769,0.0206241201,1.29,"VT",0,0,0,0,1,5.0963231973105,0,0,0,0,0,0,0,0,0,0
"1890",9329168,"010801060404",1.22358,0,0,"NH",0,0,1,0,0,0,0,0,0,0,0,0,0,0,0,0
"1891",9329170,"010801060404",1.522621,0,0,"NH",0,0,1,0,0,0,0,0,0,0,0,0,0,0,0,0
"1892",9329172,"010801060404",0.79585,0,0,"NH",0,0,1,0,0,0,0,0,0,0,0,0,0,0,0,0
"1893",9329174,"010801060405",0.66637,0,0,"NH",0,0,1,0,0,0,0,0,0,0,0,0,0,0,0,0
"1894",9329176,"010801060305",1.179679,0,0,"NH",0,0,0,0,0,0,1,0,0,0,0,0,0,0,0,0
"1895",9329178,"010801060405",2.508892,0,0,"NH",0,0,1,0,0,0,0,0,0,0,0,0,0,0,0,0
"1896",9329186,"010801060404",1.565919,0,0,"NH",0,0,1,0,0,0,0,0,0,0,0,0,0,0,0,0
"1897",9329188,"010801060407",1.090712,0,0,"NH",0,0,0,0,0,0,1,0,0,0,0,0,0,0,0,0
"1898",9329194,"010801060405",0.3698,0,0,"NH",0,0,1,0,0,0,0,0,0,0,0,0,0,0,0,0
"1899",9329198,"010801060407",2.167465,0,0,"NH",0,0,0,0,0,0,1,0,0,0,0,0,0,0,0,0
"1900",9329202,"010801060407",0.211161,0,0,"NH",0,0,0,0,0,0,1,0,0,0,0,0,0,0,0,0
"1901",9329204,"010801060407",0.885451,0,0,"NH",0,0,0,0,0,0,1,0,0,0,0,0,0,0,0,0
"1902",9329206,"010801060407",0.097245,0,0,"NH",0,0,0,0,0,0,1,0,0,0,0,0,0,0,0,0
"1903",9329208,"010801060407",0.785411,0,0,"NH",0,0,0,0,0,0,1,0,0,0,0,0,0,0,0,0
"1904",9329210,"010801060407",0.416597,0,0,"NH",0,0,0,0,0,0,1,0,0,0,0,0,0,0,0,0
"1905",9329214,"010801060407",1.039611,0,0,"NH",0,0,0,0,0,0,1,0,0,0,0,0,0,0,0,0
"1906",9329216,"010801060402",1.28269,0,0,"NH",0,0,1,0,0,0,0,0,0,0,0,0,0,0,0,0
"1907",9329218,"010801060702",1.294214,0,0,"VT",0,0,0,0,0,0,1,0,0,0,0,0,0,0,0,0
"1908",9329222,"010801060402",1.309959,0,0,"NH",0,0,1,0,0,0,0,0,0,0,0,0,0,0,0,0
"1909",9329228,"010801060405",0.961909,0,0,"NH",0,0,1,0,0,0,0,0,0,0,0,0,0,0,0,0
"1910",9329232,"010801060405",1.334631,0,0,"NH",0,0,1,0,0,0,0,0,0,0,0,0,0,0,0,0
"1911",9329234,"010801060404",3.708451,0,0,"NH",0,0,1,0,0,0,0,0,0,0,0,0,0,0,0,0
"1912",9329236,"010801060404",0.944445,0,0,"NH",0,0,1,0,0,0,0,0,0,0,0,0,0,0,0,0
"1913",9329238,"010801060407",1.166663,0,0,"NH",0,0,0,0,0,0,1,0,0,0,0,0,0,0,0,0
"1914",9329240,"010801060305",1.33457,0.095154841,7.13,"NH",0,0,0,0,1,23.513236985305,0,0,0,0,0,0,0,0,0,0
"1915",9329242,"010801060404",0.08427,0,0,"NH",0,0,1,0,0,0,0,0,0,0,0,0,0,0,0,0
"1916",9329244,"010801060404",0.729698,0,0,"NH",0,0,1,0,0,0,0,0,0,0,0,0,0,0,0,0
"1917",9329248,"010801060404",0.0081,0,0,"NH",0,0,1,0,0,0,0,0,0,0,0,0,0,0,0,0
"1918",9329250,"010801060404",2.459974,0,0,"NH",0,0,1,0,0,0,0,0,0,0,0,0,0,0,0,0
"1919",9329254,"010801060405",0.331598,0,0,"NH",0,0,1,0,0,0,0,0,0,0,0,0,0,0,0,0
"1920",9329258,"010801060702",1.041356,0,0,"VT",0,0,0,0,0,0,1,0,0,0,0,0,0,0,0,0
"1921",9329260,"010801060702",0.821048,0,0,"VT",0,0,0,0,0,0,1,0,0,0,0,0,0,0,0,0
"1922",9329264,"010801060404",0.054564,0,0,"NH",0,0,1,0,0,0,0,0,0,0,0,0,0,0,0,0
"1923",9329268,"010801060402",1.797113,0,0,"NH",0,0,1,0,0,0,0,0,0,0,0,0,0,0,0,0
"1924",9329270,"010801060407",1.846371,0,0,"NH",0,0,0,0,0,0,1,0,0,0,0,0,0,0,0,0
"1925",9329272,"010801060702",0.429636,0,0,"VT",0,0,0,0,0,0,1,0,0,0,0,0,0,0,0,0
"1926",9329274,"010801060702",1.323235,0,0,"VT",0,0,0,0,0,0,1,0,0,0,0,0,0,0,0,0
"1927",9329278,"010801060404",0.689578,0,0,"NH",0,0,1,0,0,0,0,0,0,0,0,0,0,0,0,0
"1928",9329280,"010801060406",0.910881,0,0,"NH",0,0,0,0,0,0,1,0,0,0,0,0,0,0,0,0
"1929",9329282,"010801060702",0.71646,0,0,"VT",0,0,0,0,0,0,1,0,0,0,0,0,0,0,0,0
"1930",9329284,"010801060405",1.259474,0,0,"NH",0,0,1,0,0,0,0,0,0,0,0,0,0,0,0,0
"1931",9329286,"010801060702",1.838089,0,0,"VT",0,0,0,0,0,0,1,0,0,0,0,0,0,0,0,0
"1932",9329288,"010801060702",0.012238,0,0,"VT",0,0,0,0,0,0,1,0,0,0,0,0,0,0,0,0
"1933",9329290,"010801060702",1.591413,0,0,"VT",0,0,0,0,0,0,1,0,0,0,0,0,0,0,0,0
"1934",9329292,"010801060702",0.039273,0,0,"VT",0,0,0,0,0,0,1,0,0,0,0,0,0,0,0,0
"1935",9329294,"010801060702",0.53097,0,0,"VT",0,0,0,0,0,0,1,0,0,0,0,0,0,0,0,0
"1936",9329298,"010801060702",0.933903,0.0762064848,8.16,"VT",0,0,0,0,1,18.831003426504,0,0,0,0,0,0,0,0,0,0
"1937",9329300,"010801060702",0.798515,0.010859804,1.36,"VT",0,0,0,0,1,2.68351186742,0,0,0,0,0,0,0,0,0,0
"1938",9329302,"010801060406",0.68424,0,0,"NH",0,0,0,0,0,0,1,0,0,0,0,0,0,0,0,0
"1939",9329304,"010801060406",0.461679,0,0,"NH",0,0,0,0,0,0,1,0,0,0,0,0,0,0,0,0
"1940",9329310,"010801060702",1.714724,0,0,"VT",0,0,0,0,0,0,1,0,0,0,0,0,0,0,0,0
"1941",9329312,"010801060702",0.435079,0,0,"VT",0,0,0,0,0,0,1,0,0,0,0,0,0,0,0,0
"1942",9329314,"010801060407",1.229657,0,0,"NH",0,0,0,0,0,0,1,0,0,0,0,0,0,0,0,0
"1943",9329316,"010801060407",1.860311,0,0,"NH",0,0,0,0,0,0,1,0,0,0,0,0,0,0,0,0
"1944",9329320,"010801060406",0.586805,0,0,"NH",0,0,0,0,0,0,1,0,0,0,0,0,0,0,0,0
"1945",9329322,"010801060406",0.459768,0,0,"NH",0,0,0,0,0,0,1,0,0,0,0,0,0,0,0,0
"1946",9329328,"010801060702",0.46568,0,0,"VT",0,0,0,0,0,0,1,0,0,0,0,0,0,0,0,0
"1947",9329330,"010801060406",0.304386,0,0,"NH",0,0,0,0,0,0,1,0,0,0,0,0,0,0,0,0
"1948",9329332,"010801060402",1.442731,0,0,"NH",0,0,1,0,0,0,0,0,0,0,0,0,0,0,0,0
"1949",9329336,"010801060402",0.729973,0,0,"NH",0,0,1,0,0,0,0,0,0,0,0,0,0,0,0,0
"1950",9329338,"010801060702",0.358557,0,0,"VT",0,0,0,0,0,0,1,0,0,0,0,0,0,0,0,0
"1951",9329342,"010801060405",1.314178,0,0,"NH",0,0,1,0,0,0,0,0,0,0,0,0,0,0,0,0
"1952",9329344,"010801060405",1.102904,0,0,"NH",0,0,1,0,0,0,0,0,0,0,0,0,0,0,0,0
"1953",9329346,"010801060406",0.960801,0,0,"NH",0,0,0,0,0,0,1,0,0,0,0,0,0,0,0,0
"1954",9329348,"010801060406",0.796751,0,0,"NH",0,0,0,0,0,0,1,0,0,0,0,0,0,0,0,0
"1955",9329350,"010801060702",0.26678,0,0,"VT",0,0,0,0,0,0,1,0,0,0,0,0,0,0,0,0
"1956",9329352,"010801060404",2.624196,0,0,"NH",0,0,1,0,0,0,0,0,0,0,0,0,0,0,0,0
"1957",9329354,"010801060404",0.967613,0,0,"NH",0,0,1,0,0,0,0,0,0,0,0,0,0,0,0,0
"1958",9329356,"010801060405",1.978874,0,0,"NH",0,0,1,0,0,0,0,0,0,0,0,0,0,0,0,0
"1959",9329358,"010801060405",1.5274,0,0,"NH",0,0,1,0,0,0,0,0,0,0,0,0,0,0,0,0
"1960",9329360,"010801060702",2.396279,0,0,"VT",0,0,0,0,0,0,1,0,0,0,0,0,0,0,0,0
"1961",9329362,"010801060406",0.608083,0,0,"NH",0,0,0,0,0,0,1,0,0,0,0,0,0,0,0,0
"1962",9329364,"010801060406",1.573172,0,0,"NH",0,0,0,0,0,0,1,0,0,0,0,0,0,0,0,0
"1963",9329368,"010801060405",1.151882,0,0,"NH",0,0,1,0,0,0,0,0,0,0,0,0,0,0,0,0
"1964",9329370,"010801060407",2.508971,0.1309682862,5.22,"NH",0,0,0,0,0,0,0,0,1,32.362918361451,0,0,0,0,0,0
"1965",9329372,"010801060702",0.737137,0,0,"VT",0,0,0,0,0,0,1,0,0,0,0,0,0,0,0,0
"1966",9329374,"010801060702",0.635227,0,0,"VT",0,0,0,0,0,0,1,0,0,0,0,0,0,0,0,0
"1967",9329378,"010801060702",0.858121,0,0,"VT",0,0,0,0,0,0,1,0,0,0,0,0,0,0,0,0
"1968",9329380,"010801060404",1.538658,0,0,"NH",0,0,1,0,0,0,0,0,0,0,0,0,0,0,0,0
"1969",9329382,"010801060406",0.176195,0,0,"NH",0,0,0,0,0,0,1,0,0,0,0,0,0,0,0,0
"1970",9329384,"010801060406",0.501904,0,0,"NH",0,0,0,0,0,0,1,0,0,0,0,0,0,0,0,0
"1971",9329386,"010801060404",0.408302,0,0,"NH",0,0,1,0,0,0,0,0,0,0,0,0,0,0,0,0
"1972",9329388,"010801060407",1.353711,0,0,"NH",0,0,0,0,0,0,1,0,0,0,0,0,0,0,0,0
"1973",9329390,"010801060407",1.709183,0,0,"NH",0,0,0,0,0,0,1,0,0,0,0,0,0,0,0,0
"1974",9329392,"010801060407",1.37855,0,0,"NH",0,0,0,0,0,0,1,0,0,0,0,0,0,0,0,0
"1975",9329394,"010801060404",0.304121,0,0,"NH",0,0,1,0,0,0,0,0,0,0,0,0,0,0,0,0
"1976",9329396,"010801060407",2.266968,0,0,"NH",0,0,0,0,0,0,1,0,0,0,0,0,0,0,0,0
"1977",9329398,"010801060407",0.463189,0,0,"NH",0,0,0,0,0,0,1,0,0,0,0,0,0,0,0,0
"1978",9329400,"010801060404",0.072404,0,0,"NH",0,0,1,0,0,0,0,0,0,0,0,0,0,0,0,0
"1979",9329402,"010801060407",1.461585,0,0,"NH",0,0,0,0,0,0,1,0,0,0,0,0,0,0,0,0
"1980",9329404,"010801060402",0.799906,0,0,"NH",0,0,1,0,0,0,0,0,0,0,0,0,0,0,0,0
"1981",9329406,"010801060407",0.396319,0.0414153355,10.45,"NH",0,0,0,0,0,0,0,0,1,10.2339364787275,0,0,0,0,0,0
"1982",9329408,"010801060406",0.709761,0,0,"NH",0,0,0,0,0,0,1,0,0,0,0,0,0,0,0,0
"1983",9329410,"010801060406",0.882704,0,0,"NH",0,0,0,0,0,0,1,0,0,0,0,0,0,0,0,0
"1984",9329412,"010801060405",4.591201,0,0,"NH",0,0,1,0,0,0,0,0,0,0,0,0,0,0,0,0
"1985",9329414,"010801060402",1.942409,0,0,"NH",0,0,1,0,0,0,0,0,0,0,0,0,0,0,0,0
"1986",9329416,"010801060402",1.33676,0,0,"NH",0,0,1,0,0,0,0,0,0,0,0,0,0,0,0,0
"1987",9329418,"010801060404",1.368851,0,0,"NH",0,0,1,0,0,0,0,0,0,0,0,0,0,0,0,0
"1988",9329422,"010801060405",1.859657,0,0,"NH",0,0,1,0,0,0,0,0,0,0,0,0,0,0,0,0
"1989",9329424,"010801060407",0.718762,0,0,"NH",0,0,0,0,0,0,1,0,0,0,0,0,0,0,0,0
"1990",9329426,"010801060406",0.081395,0,0,"NH",0,0,0,0,0,0,1,0,0,0,0,0,0,0,0,0
"1991",9329428,"010801060402",1.060256,0,0,"NH",0,0,1,0,0,0,0,0,0,0,0,0,0,0,0,0
"1992",9329434,"010801060407",0.444768,0,0,"NH",0,0,0,0,0,0,1,0,0,0,0,0,0,0,0,0
"1993",9329436,"010801060402",0.568131,0,0,"NH",0,0,1,0,0,0,0,0,0,0,0,0,0,0,0,0
"1994",9329438,"010801060407",1.318188,0.021750102,1.65,"NH",0,0,0,0,0,0,1,5.37455895471,0,0,0,0,0,0,0,0
"1995",9329442,"010801060407",0.332096,0,0,"NH",0,0,0,0,0,0,1,0,0,0,0,0,0,0,0,0
"1996",9329444,"010801060406",0.84898,0,0,"NH",0,0,0,0,0,0,1,0,0,0,0,0,0,0,0,0
"1997",9329446,"010801060406",0.224478,0,0,"NH",0,0,0,0,0,0,1,0,0,0,0,0,0,0,0,0
"1998",9329448,"010801060406",0.181587,0,0,"NH",0,0,0,0,0,0,1,0,0,0,0,0,0,0,0,0
"1999",9329450,"010801060406",1.006355,0,0,"NH",0,0,0,0,0,0,1,0,0,0,0,0,0,0,0,0
"2000",9329452,"010801060402",0.143213,0,0,"NH",0,0,1,0,0,0,0,0,0,0,0,0,0,0,0,0
"2001",9329454,"010801060405",0.863783,0,0,"NH",0,0,1,0,0,0,0,0,0,0,0,0,0,0,0,0
"2002",9329460,"010801060407",0.767503,0,0,"NH",0,0,0,0,0,0,1,0,0,0,0,0,0,0,0,0
"2003",9329462,"010801060407",0.716424,0,0,"NH",0,0,0,0,0,0,1,0,0,0,0,0,0,0,0,0
"2004",9329464,"010801060407",0.313856,0,0,"NH",0,0,0,0,0,0,1,0,0,0,0,0,0,0,0,0
"2005",9329466,"010801060702",1.510089,0,0,"VT",0,0,0,0,0,0,1,0,0,0,0,0,0,0,0,0
"2006",9329468,"010801060405",0.68205,0,0,"NH",0,0,1,0,0,0,0,0,0,0,0,0,0,0,0,0
"2007",9329470,"010801060406",0.755907,0,0,"NH",0,0,0,0,0,0,1,0,0,0,0,0,0,0,0,0
"2008",9329472,"010801060405",1.995981,0,0,"NH",0,0,1,0,0,0,0,0,0,0,0,0,0,0,0,0
"2009",9329474,"010801060405",0.774374,0,0,"NH",0,0,1,0,0,0,0,0,0,0,0,0,0,0,0,0
"2010",9329476,"010801060402",1.419429,0,0,"NH",0,0,1,0,0,0,0,0,0,0,0,0,0,0,0,0
"2011",9329478,"010801060402",1.058376,0,0,"NH",0,0,1,0,0,0,0,0,0,0,0,0,0,0,0,0
"2012",9329480,"010801060405",0.435812,0,0,"NH",0,0,1,0,0,0,0,0,0,0,0,0,0,0,0,0
"2013",9329482,"010801060702",0.976596,0,0,"VT",0,0,0,0,0,0,1,0,0,0,0,0,0,0,0,0
"2014",9329484,"010801060702",1.209155,0,0,"VT",0,0,0,0,0,0,1,0,0,0,0,0,0,0,0,0
"2015",9329486,"010801060702",1.182535,0,0,"NH",0,0,0,0,0,0,1,0,0,0,0,0,0,0,0,0
"2016",9329488,"010801060402",0.613781,0,0,"NH",0,0,1,0,0,0,0,0,0,0,0,0,0,0,0,0
"2017",9329490,"010801060405",0.529656,0,0,"NH",0,0,1,0,0,0,0,0,0,0,0,0,0,0,0,0
"2018",9329494,"010801060406",0.301234,0,0,"NH",0,0,0,0,0,0,1,0,0,0,0,0,0,0,0,0
"2019",9329496,"010801060406",0.815379,0,0,"NH",0,0,0,0,0,0,1,0,0,0,0,0,0,0,0,0
"2020",9329498,"010801060406",0.863464,0,0,"NH",0,0,0,0,0,0,1,0,0,0,0,0,0,0,0,0
"2021",9329500,"010801060702",1.562174,0,0,"VT",0,0,0,0,0,0,1,0,0,0,0,0,0,0,0,0
"2022",9329502,"010801060405",0.157225,0,0,"NH",0,0,1,0,0,0,0,0,0,0,0,0,0,0,0,0
"2023",9329504,"010801060405",1.041721,0,0,"NH",0,0,1,0,0,0,0,0,0,0,0,0,0,0,0,0
"2024",9329506,"010801060406",0.961275,0,0,"NH",0,0,0,0,0,0,1,0,0,0,0,0,0,0,0,0
"2025",9329508,"010801060406",3.051612,0,0,"NH",0,0,0,0,0,0,1,0,0,0,0,0,0,0,0,0
"2026",9329510,"010801060406",0.311099,0,0,"NH",0,0,0,0,0,0,1,0,0,0,0,0,0,0,0,0
"2027",9329512,"010801060406",0.352547,0,0,"NH",0,0,0,0,0,0,1,0,0,0,0,0,0,0,0,0
"2028",9329514,"010801060702",0.219376,0,0,"VT",0,0,0,0,0,0,1,0,0,0,0,0,0,0,0,0
"2029",9329516,"010801060405",0.983957,0,0,"NH",0,0,1,0,0,0,0,0,0,0,0,0,0,0,0,0
"2030",9329518,"010801060405",0.647057,0,0,"NH",0,0,1,0,0,0,0,0,0,0,0,0,0,0,0,0
"2031",9329520,"010801060406",1.308537,0,0,"NH",0,0,0,0,0,0,1,0,0,0,0,0,0,0,0,0
"2032",9329528,"010801060407",0.982881,0.1092963672,11.12,"NH",0,0,0,0,0,0,0,0,1,27.007678816956,0,0,0,0,0,0
"2033",9329530,"010801060406",0.284985,0.008150571,2.86,"NH",0,0,0,0,1,2.014046846955,0,0,0,0,0,0,0,0,0,0
"2034",9329532,"010801060702",1.141356,0,0,"NH",0,0,0,0,0,0,1,0,0,0,0,0,0,0,0,0
"2035",9329534,"010801060402",0.144935,0,0,"NH",0,0,1,0,0,0,0,0,0,0,0,0,0,0,0,0
"2036",9329536,"010801060407",0.047705,0,0,"NH",0,0,0,0,0,0,1,0,0,0,0,0,0,0,0,0
"2037",9329546,"010801060402",0.584119,0,0,"NH",0,0,1,0,0,0,0,0,0,0,0,0,0,0,0,0
"2038",9329548,"010801060402",1.390793,0,0,"NH",0,0,1,0,0,0,0,0,0,0,0,0,0,0,0,0
"2039",9329552,"010801060406",0.33491,0.06229326,18.6,"NH",0,0,0,0,1,15.3929760123,0,0,0,0,0,0,0,0,0,0
"2040",9329554,"010801060406",0.250837,0,0,"NH",0,0,0,0,0,0,1,0,0,0,0,0,0,0,0,0
"2041",9329556,"010801060702",0.644794,0,0,"NH",0,0,0,0,0,0,1,0,0,0,0,0,0,0,0,0
"2042",9329558,"010801060406",0.016871,0.0084355,50,"NH",0,0,0,0,1,2.0844542275,0,0,0,0,0,0,0,0,0,0
"2043",9329560,"010801060406",0.905991,0.1000214064,11.04,"NH",0,0,0,0,1,24.715789628472,0,0,0,0,0,0,0,0,0,0
"2044",9329562,"010801060405",1.939439,0,0,"NH",0,0,1,0,0,0,0,0,0,0,0,0,0,0,0,0
"2045",9329564,"010801060402",1.449672,0,0,"NH",0,0,1,0,0,0,0,0,0,0,0,0,0,0,0,0
"2046",9329566,"010801060405",0.288584,0,0,"NH",0,0,1,0,0,0,0,0,0,0,0,0,0,0,0,0
"2047",9329568,"010801060405",1.482736,0,0,"NH",0,0,1,0,0,0,0,0,0,0,0,0,0,0,0,0
"2048",9329572,"010801060406",0.197965,0,0,"NH",0,0,0,0,0,0,1,0,0,0,0,0,0,0,0,0
"2049",9329574,"010801060406",0.759769,0,0,"NH",0,0,0,0,0,0,1,0,0,0,0,0,0,0,0,0
"2050",9329576,"010801060405",1.568372,0,0,"NH",0,0,1,0,0,0,0,0,0,0,0,0,0,0,0,0
"2051",9329578,"010801060406",0.479017,0,0,"NH",0,0,0,0,0,0,1,0,0,0,0,0,0,0,0,0
"2052",9329582,"010801060406",0.300788,0,0,"NH",0,0,0,0,0,0,1,0,0,0,0,0,0,0,0,0
"2053",9329586,"010801060407",1.162832,0,0,"NH",0,0,0,0,0,0,1,0,0,0,0,0,0,0,0,0
"2054",9329588,"010801060406",0.042226,0,0,"NH",0,0,0,0,0,0,1,0,0,0,0,0,0,0,0,0
"2055",9329590,"010801060406",0.048965,0.020477163,41.82,"NH",0,0,0,0,1,5.060009363115,0,0,0,0,0,0,0,0,0,0
"2056",9329592,"010801060406",0.31049,0,0,"NH",0,0,0,0,0,0,1,0,0,0,0,0,0,0,0,0
"2057",9329594,"010801060402",2.059662,0,0,"NH",0,0,1,0,0,0,0,0,0,0,0,0,0,0,0,0
"2058",9329596,"010801060406",0.078448,0.0191570016,24.42,"NH",0,0,0,0,1,4.733790880368,0,0,0,0,0,0,0,0,0,0
"2059",9329598,"010801060402",0.56411,0,0,"NH",0,0,1,0,0,0,0,0,0,0,0,0,0,0,0,0
"2060",9329600,"010801060406",0.288922,0,0,"NH",0,0,0,0,0,0,1,0,0,0,0,0,0,0,0,0
"2061",9329602,"010801060406",0.065527,0,0,"NH",0,0,0,0,0,0,1,0,0,0,0,0,0,0,0,0
"2062",9329604,"010801060406",0.089043,0,0,"NH",0,0,0,0,0,0,1,0,0,0,0,0,0,0,0,0
"2063",9329606,"010801060406",0.157035,0.047832861,30.46,"NH",0,0,0,0,1,11.819739117405,0,0,0,0,0,0,0,0,0,0
"2064",9329610,"010801060406",0.078855,0.03012261,38.2,"NH",0,0,0,0,1,7.44344754405,0,0,0,0,0,0,0,0,0,0
"2065",9329614,"010801060406",0.0018,0,0,"NH",0,0,1,0,0,0,1,0,0,0,0,0,0,0,0,0
"2066",9329616,"010801060406",0.047594,0,0,"NH",0,0,0,0,0,0,1,0,0,0,0,0,0,0,0,0
"2067",9329618,"010801060406",0.54907,0,0,"NH",0,0,0,0,0,0,1,0,0,0,0,0,0,0,0,0
"2068",9329622,"010801060406",0.04085,0,0,"NH",0,0,0,0,0,0,1,0,0,0,0,0,0,0,0,0
"2069",9329624,"010801060406",0.024739,0,0,"NH",0,0,0,0,0,0,1,0,0,0,0,0,0,0,0,0
"2070",9329626,"010801060406",0.639883,0,0,"NH",0,0,0,0,0,0,1,0,0,0,0,0,0,0,0,0
"2071",9329628,"010801060406",0.219828,0.0443173248,20.16,"NH",0,0,0,0,0,0,1,10.951032544704,0,0,0,0,0,0,0,0
"2072",9329630,"010801060702",0.391385,0,0,"NH",0,0,0,0,0,0,1,0,0,0,0,0,0,0,0,0
"2073",9329636,"010801060406",0.017987,0,0,"NH",0,0,0,0,0,0,1,0,0,0,0,0,0,0,0,0
"2074",9329640,"010801060405",0.582898,0,0,"NH",0,0,1,0,0,0,0,0,0,0,0,0,0,0,0,0
"2075",9329644,"010801060406",0.098232,0,0,"NH",0,0,0,0,0,0,1,0,0,0,0,0,0,0,0,0
"2076",9329646,"010801060702",0.626084,0,0,"NH",0,0,0,0,0,0,1,0,0,0,0,0,0,0,0,0
"2077",9329648,"010801060406",0.399116,0,0,"NH",0,0,0,0,0,0,1,0,0,0,0,0,0,0,0,0
"2078",9329652,"010801060402",0.910332,0,0,"NH",0,0,1,0,0,0,0,0,0,0,0,0,0,0,0,0
"2079",9329654,"010801060406",0.787293,0,0,"NH",0,0,0,0,0,0,1,0,0,0,0,0,0,0,0,0
"2080",9329656,"010801060406",0.06475,0,0,"NH",0,0,0,0,0,0,1,0,0,0,0,0,0,0,0,0
"2081",9329658,"010801060406",0.656351,0,0,"NH",0,0,0,0,0,0,1,0,0,0,0,0,0,0,0,0
"2082",9329662,"010801060406",0.557518,0,0,"NH",0,0,0,0,0,0,1,0,0,0,0,0,0,0,0,0
"2083",9329664,"010801060406",0.035901,0,0,"NH",0,0,0,0,0,0,1,0,0,0,0,0,0,0,0,0
"2084",9329666,"010801060406",0.121974,0,0,"NH",0,0,0,0,0,0,1,0,0,0,0,0,0,0,0,0
"2085",9329668,"010801060702",1.836065,0,0,"NH",0,0,0,0,0,0,1,0,0,0,0,0,0,0,0,0
"2086",9329672,"010801060406",1.43481,0,0,"NH",0,0,0,0,0,0,1,0,0,0,0,0,0,0,0,0
"2087",9329674,"010801060702",0.681083,0.0817980683,12.01,"NH",0,0,0,0,1,20.2127116672715,0,0,0,0,0,0,0,0,0,0
"2088",9329676,"010801060406",0.115943,0,0,"NH",0,0,0,0,0,0,1,0,0,0,0,0,0,0,0,0
"2089",9329678,"010801060406",0.08675,0,0,"NH",0,0,0,0,0,0,1,0,0,0,0,0,0,0,0,0
"2090",9329680,"010801060702",0.017191,0,0,"NH",0,0,0,0,0,0,1,0,0,0,0,0,0,0,0,0
"2091",9329682,"010801060406",0.042119,0.0107529807,25.53,"NH",0,0,0,0,1,2.6571152958735,0,0,0,0,0,0,0,0,0,0
"2092",9329684,"010801060406",0.713338,0.1520123278,21.31,"NH",0,0,0,0,1,37.563006261019,0,0,0,0,0,0,0,0,0,0
"2093",9329686,"010801060406",0.0027,0,0,"NH",0,0,0,0,0,0,1,0,0,0,0,0,0,0,0,0
"2094",9329688,"010801060406",2.076296,0.0215934784,1.04,"NH",0,0,0,0,0,0,1,5.335856480032,0,0,0,0,0,0,0,0
"2095",9329690,"010801060406",0.576572,0.1387232232,24.06,"NH",0,0,0,0,1,34.279202068836,0,0,0,0,0,0,0,0,0,0
"2096",9329692,"010801060406",1.819921,0,0,"NH",0,0,0,0,0,0,1,0,0,0,0,0,0,0,0,0
"2097",9329694,"010801060405",2.429063,0,0,"NH",0,0,1,0,0,0,0,0,0,0,0,0,0,0,0,0
"2098",9329698,"010801060406",4.273087,0,0,"NH",0,0,0,0,0,0,1,0,0,0,0,0,0,0,0,0
"2099",9329700,"010801060402",2.784452,0,0,"NH",0,0,1,0,0,0,0,0,0,0,0,0,0,0,0,0
"2100",9329702,"010801060406",0.893908,0,0,"NH",0,0,0,0,0,0,1,0,0,0,0,0,0,0,0,0
"2101",9329706,"010801060407",1.402157,0,0,"NH",0,0,0,0,0,0,1,0,0,0,0,0,0,0,0,0
"2102",9329708,"010801060702",0.565146,0.0809854218,14.33,"NH",0,0,0,0,1,20.011902653889,0,0,0,0,0,0,0,0,0,0
"2103",9329714,"010801060402",0.859812,0,0,"NH",0,0,1,0,0,0,0,0,0,0,0,0,0,0,0,0
"2104",9329716,"010801060406",0.826014,0,0,"NH",0,0,0,0,0,0,1,0,0,0,0,0,0,0,0,0
"2105",9329718,"010801060403",3.003288,0,0,"NH",0,0,0,0,0,0,1,0,0,0,0,0,0,0,0,0
"2106",9329720,"010801060405",0.474178,0,0,"NH",0,0,1,0,0,0,0,0,0,0,0,0,0,0,0,0
"2107",9329722,"010801060702",1.127941,0,0,"VT",0,0,0,0,0,0,1,0,0,0,0,0,0,0,0,0
"2108",9329724,"010801060405",0.450036,0,0,"NH",0,0,1,0,0,0,0,0,0,0,0,0,0,0,0,0
"2109",9329726,"010801060407",1.422392,0,0,"NH",0,0,0,0,0,0,1,0,0,0,0,0,0,0,0,0
"2110",9329728,"010801060406",0.995406,0.0053751924,0.54,"NH",0,0,0,0,0,0,1,1.328236918002,0,0,0,0,0,0,0,0
"2111",9329730,"010801060405",0.786101,0,0,"NH",0,0,1,0,0,0,0,0,0,0,0,0,0,0,0,0
"2112",9329732,"010801060402",0.408757,0,0,"NH",0,0,1,0,0,0,0,0,0,0,0,0,0,0,0,0
"2113",9329734,"010801060702",0.688666,0.0017905316,0.26,"NH",0,0,0,0,0,0,1,0.442449311018,0,0,0,0,0,0,0,0
"2114",9329738,"010801060406",1.061856,0,0,"NH",0,0,0,0,0,0,1,0,0,0,0,0,0,0,0,0
"2115",9329742,"010801060406",1.274772,0.1933829124,15.17,"NH",0,0,0,0,1,47.785884568602,0,0,0,0,0,0,0,0,0,0
"2116",9329744,"010801060702",0.876963,0.0629659434,7.18,"NH",0,0,0,0,1,15.559199443857,0,0,0,0,0,0,0,0,0,0
"2117",9329748,"010801060403",0.435235,0,0,"NH",0,0,0,0,0,0,1,0,0,0,0,0,0,0,0,0
"2118",9329750,"010801060403",0.538711,0,0,"NH",0,0,0,0,0,0,1,0,0,0,0,0,0,0,0,0
"2119",9329752,"010801060403",1.681101,0,0,"NH",0,0,0,0,0,0,1,0,0,0,0,0,0,0,0,0
"2120",9329754,"010801060406",1.052396,0.03157188,3,"NH",0,0,0,0,1,7.8015694074,0,0,0,0,0,0,0,0,0,0
"2121",9329756,"010801060405",0.189623,0,0,"NH",0,0,1,0,0,0,0,0,0,0,0,0,0,0,0,0
"2122",9329758,"010801060407",0.707582,0,0,"NH",0,0,0,0,0,0,1,0,0,0,0,0,0,0,0,0
"2123",9329760,"010801060702",0.759075,0,0,"VT",0,0,0,0,0,0,1,0,0,0,0,0,0,0,0,0
"2124",9329762,"010801060702",2.399897,0,0,"VT",0,0,0,0,0,0,1,0,0,0,0,0,0,0,0,0
"2125",9329764,"010801060702",1.935888,0,0,"NH",0,0,0,0,0,0,1,0,0,0,0,0,0,0,0,0
"2126",9329766,"010801060702",0.846981,0,0,"VT",0,0,0,0,0,0,1,0,0,0,0,0,0,0,0,0
"2127",9329768,"010801060406",2.255929,0,0,"NH",0,0,0,0,0,0,1,0,0,0,0,0,0,0,0,0
"2128",9329772,"010801060406",0.569626,0.098260485,17.25,"NH",0,0,0,0,1,24.280657145925,0,0,0,0,0,0,0,0,0,0
"2129",9329776,"010801060402",1.306652,0,0,"NH",0,0,1,0,0,0,0,0,0,0,0,0,0,0,0,0
"2130",9329778,"010801060406",1.83867,0,0,"NH",0,0,0,0,0,0,1,0,0,0,0,0,0,0,0,0
"2131",9329780,"010801060405",1.223238,0,0,"NH",0,0,1,0,0,0,0,0,0,0,0,0,0,0,0,0
"2132",9329782,"010801060406",0.4881,0,0,"NH",0,0,0,0,0,0,1,0,0,0,0,0,0,0,0,0
"2133",9329784,"010801060403",2.417969,0,0,"NH",0,0,0,0,0,0,1,0,0,0,0,0,0,0,0,0
"2134",9329786,"010801060702",0.902869,0,0,"NH",0,0,0,0,0,0,1,0,0,0,0,0,0,0,0,0
"2135",9329788,"010801060702",1.608632,0.1097087024,6.82,"NH",0,0,0,0,0,0,1,27.109568906552,0,0,0,0,0,0,0,0
"2136",9329790,"010801060403",0.323025,0,0,"NH",0,0,0,0,0,0,1,0,0,0,0,0,0,0,0,0
"2137",9329792,"010801060406",0.798735,0,0,"NH",0,0,0,0,0,0,1,0,0,0,0,0,0,0,0,0
"2138",9329796,"010801060702",0.755464,0,0,"NH",0,0,0,0,0,0,1,0,0,0,0,0,0,0,0,0
"2139",9329802,"010801060405",0.859416,0,0,"NH",0,0,1,0,0,0,0,0,0,0,0,0,0,0,0,0
"2140",9329806,"010801060403",1.208578,0,0,"NH",0,0,0,0,0,0,1,0,0,0,0,0,0,0,0,0
"2141",9329812,"010801060702",1.476454,0.0349919598,2.37,"NH",0,0,0,0,1,8.646688226379,0,0,0,0,0,0,0,0,0,0
"2142",9329814,"010801060403",2.12381,0,0,"NH",0,0,0,0,0,0,1,0,0,0,0,0,0,0,0,0
"2143",9329816,"010801060403",0.145643,0,0,"NH",0,0,0,0,0,0,1,0,0,0,0,0,0,0,0,0
"2144",9329818,"010801060702",1.85686,0.02878133,1.55,"VT",0,0,0,0,0,0,1,7.11201054965,0,0,0,0,0,0,0,0
"2145",9329820,"010801060405",0.710069,0,0,"NH",0,0,1,0,0,0,0,0,0,0,0,0,0,0,0,0
"2146",9329822,"010801060403",1.77339,0,0,"NH",0,0,0,0,0,0,1,0,0,0,0,0,0,0,0,0
"2147",9329824,"010801060702",0.030631,0,0,"NH",0,0,0,0,0,0,1,0,0,0,0,0,0,0,0,0
"2148",9329828,"010801060402",3.659062,0,0,"NH",0,0,1,0,0,0,0,0,0,0,0,0,0,0,0,0
"2149",9329830,"010801060702",0.847397,0,0,"NH",0,0,0,0,0,0,1,0,0,0,0,0,0,0,0,0
"2150",9329834,"010801060405",1.85853,0,0,"NH",0,0,1,0,0,0,0,0,0,0,0,0,0,0,0,0
"2151",9329842,"010801060702",0.316106,0,0,"NH",0,0,0,0,0,0,1,0,0,0,0,0,0,0,0,0
"2152",9329844,"010801060702",1.868738,0.0162580206,0.87,"NH",0,0,0,0,0,0,1,4.017438180363,0,0,0,0,0,0,0,0
"2153",9329846,"010801060702",1.677346,0,0,"VT",0,0,0,0,0,0,1,0,0,0,0,0,0,0,0,0
"2154",9329850,"010801060403",1.01312,0,0,"NH",0,0,0,0,0,0,1,0,0,0,0,0,0,0,0,0
"2155",9329860,"010801060702",0.207662,0,0,"NH",0,0,0,0,0,0,1,0,0,0,0,0,0,0,0,0
"2156",9329870,"010801060702",1.549737,0,0,"NH",0,0,0,0,0,0,1,0,0,0,0,0,0,0,0,0
"2157",9329874,"010801060403",1.475407,0,0,"NH",0,0,0,0,0,0,1,0,0,0,0,0,0,0,0,0
"2158",9329876,"010801060406",0.985458,0,0,"NH",0,0,0,0,0,0,1,0,0,0,0,0,0,0,0,0
"2159",9329878,"010801060702",0.518886,0,0,"NH",0,0,0,0,0,0,1,0,0,0,0,0,0,0,0,0
"2160",9329880,"010801060406",3.711638,0,0,"NH",0,0,0,0,0,0,1,0,0,0,0,0,0,0,0,0
"2161",9329882,"010801060702",1.096724,0.0036191892,0.33,"NH",0,0,0,0,0,0,1,0.894319747266,0,0,0,0,0,0,0,0
"2162",9329884,"010801060403",0.638008,0,0,"NH",0,0,0,0,0,0,1,0,0,0,0,0,0,0,0,0
"2163",9329888,"010801060702",1.490595,0,0,"VT",0,0,0,0,0,0,1,0,0,0,0,0,0,0,0,0
"2164",9329890,"010801060403",1.420537,0,0,"NH",0,0,0,0,0,0,1,0,0,0,0,0,0,0,0,0
"2165",9329892,"010801060702",2.36391,0,0,"VT",0,0,0,0,0,0,1,0,0,0,0,0,0,0,0,0
"2166",9329894,"010801060402",1.590941,0,0,"NH",0,0,1,0,0,0,0,0,0,0,0,0,0,0,0,0
"2167",9329896,"010801060403",0.915107,0,0,"NH",0,0,0,0,0,0,1,0,0,0,0,0,0,0,0,0
"2168",9329898,"010801060403",0.134274,0,0,"NH",0,0,0,0,0,0,1,0,0,0,0,0,0,0,0,0
"2169",9329900,"010801060403",1.679234,0,0,"NH",0,0,0,0,0,0,1,0,0,0,0,0,0,0,0,0
"2170",9329904,"010801060403",1.763978,0,0,"NH",0,0,0,0,0,0,1,0,0,0,0,0,0,0,0,0
"2171",9329906,"010801060403",0.504646,0,0,"NH",0,0,0,0,0,0,1,0,0,0,0,0,0,0,0,0
"2172",9329908,"010801060701",0.930106,0,0,"NH",0,0,0,0,0,0,1,0,0,0,0,0,0,0,0,0
"2173",9329910,"010801060702",0.200677,0.0354596259,17.67,"NH",0,0,0,0,1,8.7622508580195,0,0,0,0,0,0,0,0,0,0
"2174",9329912,"010801060403",0.092139,0,0,"NH",0,0,0,0,0,0,1,0,0,0,0,0,0,0,0,0
"2175",9329914,"010801060403",0.283536,0,0,"NH",0,0,0,0,0,0,1,0,0,0,0,0,0,0,0,0
"2176",9329916,"010801060701",1.532881,0,0,"NH",0,0,0,0,0,0,1,0,0,0,0,0,0,0,0,0
"2177",9329920,"010801060403",0.828211,0,0,"NH",0,0,0,0,0,0,1,0,0,0,0,0,0,0,0,0
"2178",9329922,"010801060403",1.470482,0,0,"NH",0,0,0,0,0,0,1,0,0,0,0,0,0,0,0,0
"2179",9329924,"010801060702",0.65104,0.004492176,0.69,"NH",0,0,0,0,0,0,1,1.11003915048,0,0,0,0,0,0,0,0
"2180",9329926,"010801060403",1.903308,0,0,"NH",0,0,0,0,0,0,1,0,0,0,0,0,0,0,0,0
"2181",9329928,"010801060701",1.005506,0,0,"NH",0,0,0,0,0,0,1,0,0,0,0,0,0,0,0,0
"2182",9329930,"010801060701",1.326358,0,0,"NH",0,0,0,0,0,0,1,0,0,0,0,0,0,0,0,0
"2183",9329932,"010801060403",0.065042,0,0,"NH",0,0,0,0,0,0,1,0,0,0,0,0,0,0,0,0
"2184",9329934,"010801060701",1.267661,0,0,"NH",0,0,0,0,0,0,1,0,0,0,0,0,0,0,0,0
"2185",9329936,"010801060403",0.533826,0,0,"NH",0,0,0,0,0,0,1,0,0,0,0,0,0,0,0,0
"2186",9329946,"010801060403",1.902081,0,0,"NH",0,0,0,0,0,0,1,0,0,0,0,0,0,0,0,0
"2187",9329948,"010801060701",0.120242,0,0,"NH",0,0,0,0,0,0,1,0,0,0,0,0,0,0,0,0
"2188",9329950,"010801060701",0.714595,0,0,"NH",0,0,0,0,0,0,1,0,0,0,0,0,0,0,0,0
"2189",9329952,"010801060403",0.721946,0,0,"NH",0,0,0,0,0,0,1,0,0,0,0,0,0,0,0,0
"2190",9329956,"010801060702",0.762373,0.109019339,14.3,"NH",0,0,0,0,1,26.939223763595,0,0,0,0,0,0,0,0,0,0
"2191",9329958,"010801060403",1.144241,0,0,"NH",0,0,0,0,0,0,1,0,0,0,0,0,0,0,0,0
"2192",9329962,"010801060403",0.587156,0,0,"NH",0,0,0,0,0,0,1,0,0,0,0,0,0,0,0,0
"2193",9329966,"010801060702",0.464498,0.0026940884,0.58,"NH",0,0,0,0,0,0,1,0.665722714082,0,0,0,0,0,0,0,0
"2194",9329968,"010801060702",0.894743,0.0279159816,3.12,"NH",0,0,0,0,0,0,1,6.898178633268,0,0,0,0,0,0,0,0
"2195",9329970,"010801060702",2.094327,0,0,"VT",0,0,0,0,0,0,1,0,0,0,0,0,0,0,0,0
"2196",9329972,"010801060702",1.980241,0,0,"VT",0,0,0,0,0,0,1,0,0,0,0,0,0,0,0,0
"2197",9329978,"010801060701",2.365647,0,0,"NH",0,0,0,0,0,0,1,0,0,0,0,0,0,0,0,0
"2198",9329980,"010801060701",0.166919,0,0,"NH",0,0,0,0,0,0,1,0,0,0,0,0,0,0,0,0
"2199",9329982,"010801060702",0.029007,0,0,"VT",0,0,0,0,0,0,1,0,0,0,0,0,0,0,0,0
"2200",9329984,"010801060701",0.617044,0,0,"NH",0,0,0,0,0,0,1,0,0,0,0,0,0,0,0,0
"2201",9329986,"010801060403",2.596753,0,0,"NH",0,0,0,0,0,0,1,0,0,0,0,0,0,0,0,0
"2202",9329988,"010801060403",0.673595,0,0,"NH",0,0,0,0,0,0,1,0,0,0,0,0,0,0,0,0
"2203",9329990,"010801060403",1.180805,0,0,"NH",0,0,0,0,0,0,1,0,0,0,0,0,0,0,0,0
"2204",9329992,"010801060702",0.532158,0,0,"VT",0,0,0,0,0,0,1,0,0,0,0,0,0,0,0,0
"2205",9329994,"010801060403",2.549219,0,0,"NH",0,0,0,0,0,0,1,0,0,0,0,0,0,0,0,0
"2206",9329996,"010801060701",1.915818,0,0,"NH",0,0,0,0,0,0,1,0,0,0,0,0,0,0,0,0
"2207",9329998,"010801060701",0.326588,0,0,"NH",0,0,0,0,0,0,1,0,0,0,0,0,0,0,0,0
"2208",9330002,"010801060702",0.581859,0,0,"VT",0,0,0,0,0,0,1,0,0,0,0,0,0,0,0,0
"2209",9330004,"010801060701",1.246559,0.0081026335,0.65,"NH",0,0,0,0,0,0,1,2.0022012510175,0,0,0,0,0,0,0,0
"2210",9330006,"010801060403",0.719609,0,0,"NH",0,0,0,0,0,0,1,0,0,0,0,0,0,0,0,0
"2211",9330008,"010801060403",0.221832,0,0,"NH",0,0,0,0,0,0,1,0,0,0,0,0,0,0,0,0
"2212",9330010,"010801060403",0.054063,0,0,"NH",0,0,0,0,0,0,1,0,0,0,0,0,0,0,0,0
"2213",9330012,"010801060403",2.327446,0,0,"NH",0,0,0,0,0,0,1,0,0,0,0,0,0,0,0,0
"2214",9330014,"010801060403",1.112175,0,0,"NH",0,0,0,0,0,0,1,0,0,0,0,0,0,0,0,0
"2215",9330016,"010801060403",0.750915,0,0,"NH",0,0,0,0,0,0,1,0,0,0,0,0,0,0,0,0
"2216",9330018,"010801060701",0.535543,0,0,"NH",0,0,0,0,0,0,1,0,0,0,0,0,0,0,0,0
"2217",9330020,"010801060701",0.421179,0,0,"NH",0,0,0,0,0,0,1,0,0,0,0,0,0,0,0,0
"2218",9330028,"010801060403",0.129656,0,0,"NH",0,0,0,0,0,0,1,0,0,0,0,0,0,0,0,0
"2219",9330030,"010801060701",1.692417,0,0,"NH",0,0,0,0,0,0,1,0,0,0,0,0,0,0,0,0
"2220",9330032,"010801060403",0.9753,0,0,"NH",0,0,0,0,0,0,1,0,0,0,0,0,0,0,0,0
"2221",9330036,"010801060702",1.31309,0.118965954,9.06,"NH",0,0,0,0,0,0,1,29.39708206317,0,0,0,0,0,0,0,0
"2222",9330040,"010801060702",0.927877,0,0,"VT",0,0,0,0,0,0,1,0,0,0,0,0,0,0,0,0
"2223",9330042,"010801060701",2.593431,0,0,"NH",0,0,0,0,0,0,1,0,0,0,0,0,0,0,0,0
"2224",9330046,"010801060403",2.237208,0,0,"NH",0,0,0,0,0,0,1,0,0,0,0,0,0,0,0,0
"2225",9330048,"010801060701",1.754798,0,0,"NH",0,0,0,0,0,0,1,0,0,0,0,0,0,0,0,0
"2226",9330052,"010801060403",0.634476,0,0,"NH",0,0,0,0,0,0,1,0,0,0,0,0,0,0,0,0
"2227",9330060,"010801060403",1.292168,0,0,"NH",0,0,0,0,0,0,1,0,0,0,0,0,0,0,0,0
"2228",9330062,"010801060701",2.337359,0,0,"NH",0,0,0,0,0,0,1,0,0,0,0,0,0,0,0,0
"2229",9330064,"010801060702",0.972908,0,0,"VT",0,0,0,0,0,0,1,0,0,0,0,0,0,0,0,0
"2230",9330066,"010801060701",0.931482,0,0,"NH",0,0,0,0,0,0,1,0,0,0,0,0,0,0,0,0
"2231",9330068,"010801060702",1.030469,0,0,"VT",0,0,0,0,0,0,1,0,0,0,0,0,0,0,0,0
"2232",9330070,"010801060702",0.244436,0,0,"VT",0,0,0,0,0,0,1,0,0,0,0,0,0,0,0,0
"2233",9330072,"010801070201",0.483045,0,0,"NH",0,0,1,0,0,0,0,0,0,0,0,0,0,0,0,0
"2234",9330074,"010801060702",0.778652,0.1041836376,13.38,"NH",0,0,0,0,1,25.744297769148,0,0,0,0,0,0,0,0,0,0
"2235",9330076,"010801060702",0.400298,0.0600046702,14.99,"NH",0,0,0,0,1,14.827454029771,0,0,0,0,0,0,0,0,0,0
"2236",9330078,"010801060403",1.812467,0,0,"NH",0,0,0,0,0,0,1,0,0,0,0,0,0,0,0,0
"2237",9330082,"010801060403",0.196997,0,0,"NH",0,0,0,0,0,0,1,0,0,0,0,0,0,0,0,0
"2238",9330084,"010801060403",2.242061,0,0,"NH",0,0,0,0,0,0,1,0,0,0,0,0,0,0,0,0
"2239",9330086,"010801060403",1.749172,0,0,"NH",0,0,0,0,0,0,1,0,0,0,0,0,0,0,0,0
"2240",9330088,"010801070201",0.364537,0,0,"NH",0,0,1,0,0,0,0,0,0,0,0,0,0,0,0,0
"2241",9330090,"010801060403",1.987545,0,0,"NH",0,0,0,0,0,0,1,0,0,0,0,0,0,0,0,0
"2242",9330092,"010801060702",0.569617,0.0027341616,0.48,"NH",0,0,0,0,0,0,1,0.675625002168,0,0,0,0,0,0,0,0
"2243",9330100,"010801060701",2.341341,0,0,"NH",0,0,0,0,0,0,1,0,0,0,0,0,0,0,0,0
"2244",9330102,"010801060701",0.689822,0,0,"NH",0,0,0,0,0,0,1,0,0,0,0,0,0,0,0,0
"2245",9330106,"010801060403",0.711642,0,0,"NH",0,0,0,0,0,0,1,0,0,0,0,0,0,0,0,0
"2246",9330112,"010801060701",0.555179,0,0,"NH",0,0,0,0,0,0,1,0,0,0,0,0,0,0,0,0
"2247",9330114,"010801060701",1.506572,0,0,"NH",0,0,0,0,0,0,1,0,0,0,0,0,0,0,0,0
"2248",9330116,"010801060403",0.686026,0,0,"NH",0,0,0,0,0,0,1,0,0,0,0,0,0,0,0,0
"2249",9330118,"010801060702",0.894306,0.0206584686,2.31,"NH",0,0,0,0,0,0,1,5.104810883403,0,0,0,0,0,0,0,0
"2250",9330120,"010801060403",0.180063,0,0,"NH",0,0,0,0,0,0,1,0,0,0,0,0,0,0,0,0
"2251",9330124,"010801060403",1.285784,0,0,"NH",0,0,0,0,0,0,1,0,0,0,0,0,0,0,0,0
"2252",9330126,"010801060701",1.419441,0,0,"NH",0,0,0,0,0,0,1,0,0,0,0,0,0,0,0,0
"2253",9330128,"010801060701",0.881714,0,0,"NH",0,0,0,0,0,0,1,0,0,0,0,0,0,0,0,0
"2254",9330130,"010801060403",1.008653,0,0,"NH",0,0,0,0,0,0,1,0,0,0,0,0,0,0,0,0
"2255",9330134,"010801060702",2.557348,0.4818043632,18.84,"VT",0,0,0,0,1,119.056267168536,0,0,0,0,0,0,0,0,0,0
"2256",9330136,"010801060701",0.382279,0,0,"NH",0,0,0,0,0,0,1,0,0,0,0,0,0,0,0,0
"2257",9330138,"010801060403",0.407187,0,0,"NH",0,0,0,0,0,0,1,0,0,0,0,0,0,0,0,0
"2258",9330140,"010801060701",1.266664,0.0638398656,5.04,"NH",0,0,0,0,1,15.775149989088,0,0,0,0,0,0,0,0,0,0
"2259",9330142,"010801060403",0.683059,0,0,"NH",0,0,0,0,0,0,1,0,0,0,0,0,0,0,0,0
"2260",9330144,"010801070201",1.111527,0,0,"NH",0,0,1,0,0,0,0,0,0,0,0,0,0,0,0,0
"2261",9330146,"010801060701",2.537215,0,0,"NH",0,0,0,0,0,0,1,0,0,0,0,0,0,0,0,0
"2262",9330148,"010801060701",0.16716,0,0,"NH",0,0,0,0,0,0,1,0,0,0,0,0,0,0,0,0
"2263",9330152,"010801060701",0.055181,0,0,"NH",0,0,0,0,0,0,1,0,0,0,0,0,0,0,0,0
"2264",9330154,"010801060702",2.209013,0,0,"VT",0,0,0,0,0,0,1,0,0,0,0,0,0,0,0,0
"2265",9330158,"010801060702",1.482302,0.06670359,4.5,"VT",0,0,0,0,1,16.48279060695,0,0,0,0,0,0,0,0,0,0
"2266",9330160,"010801060702",0.900215,0,0,"VT",0,0,0,0,0,0,1,0,0,0,0,0,0,0,0,0
"2267",9330164,"010801070201",0.422769,0,0,"NH",0,0,1,0,0,0,0,0,0,0,0,0,0,0,0,0
"2268",9330170,"010801060701",0.838475,0,0,"NH",0,0,0,0,0,0,1,0,0,0,0,0,0,0,0,0
"2269",9330172,"010801060701",1.021265,0.011642421,1.14,"NH",0,0,0,0,0,0,1,2.876900441205,0,0,0,0,0,0,0,0
"2270",9330174,"010801070201",2.626873,0,0,"NH",0,0,1,0,0,0,0,0,0,0,0,0,0,0,0,0
"2271",9330178,"010801070201",0.602359,0,0,"NH",0,0,1,0,0,0,0,0,0,0,0,0,0,0,0,0
"2272",9330184,"010801060403",0.97817,0,0,"NH",0,0,0,0,0,0,1,0,0,0,0,0,0,0,0,0
"2273",9330186,"010801060702",1.079073,0,0,"NH",0,0,0,0,0,0,1,0,0,0,0,0,0,0,0,0
"2274",9330188,"010801060702",1.055572,0,0,"NH",0,0,0,0,0,0,1,0,0,0,0,0,0,0,0,0
"2275",9330190,"010801070201",1.086198,0,0,"NH",0,0,1,0,0,0,0,0,0,0,0,0,0,0,0,0
"2276",9330194,"010801060403",1.382306,0,0,"NH",0,0,0,0,0,0,1,0,0,0,0,0,0,0,0,0
"2277",9330196,"010801060403",0.422078,0,0,"NH",0,0,0,0,0,0,1,0,0,0,0,0,0,0,0,0
"2278",9330198,"010801060702",0.448829,0.1352770606,30.14,"NH",0,0,0,0,1,33.427638059563,0,0,0,0,0,0,0,0,0,0
"2279",9330202,"010801060702",0.317482,0,0,"VT",0,0,0,0,0,0,1,0,0,0,0,0,0,0,0,0
"2280",9330204,"010801060701",2.5049,0,0,"NH",0,0,0,0,0,0,1,0,0,0,0,0,0,0,0,0
"2281",9330206,"010801060701",1.056879,0,0,"NH",0,0,0,0,0,0,1,0,0,0,0,0,0,0,0,0
"2282",9330210,"010801060702",0.020361,0.0061958523,30.43,"NH",0,0,0,0,1,1.5310260825915,0,0,0,0,0,0,0,0,0,0
"2283",9330212,"010801060403",0.886745,0,0,"NH",0,0,0,0,0,0,1,0,0,0,0,0,0,0,0,0
"2284",9330216,"010801060403",1.947379,0,0,"NH",0,0,0,0,0,0,1,0,0,0,0,0,0,0,0,0
"2285",9330220,"010801060403",0.729193,0,0,"NH",0,0,0,0,0,0,1,0,0,0,0,0,0,0,0,0
"2286",9330222,"010801060403",0.534981,0,0,"NH",0,0,0,0,0,0,1,0,0,0,0,0,0,0,0,0
"2287",9330224,"010801060701",1.740328,0,0,"NH",0,0,0,0,0,0,1,0,0,0,0,0,0,0,0,0
"2288",9330226,"010801070201",0.936522,0,0,"NH",0,0,1,0,0,0,0,0,0,0,0,0,0,0,0,0
"2289",9330228,"010801060403",0.214735,0,0,"NH",0,0,0,0,0,0,1,0,0,0,0,0,0,0,0,0
"2290",9330230,"010801060702",0.423329,0,0,"NH",0,0,0,0,0,0,1,0,0,0,0,0,0,0,0,0
"2291",9330232,"010801070201",2.446085,0,0,"NH",0,0,1,0,0,0,0,0,0,0,0,0,0,0,0,0
"2292",9330234,"010801070201",0.718664,0,0,"NH",0,0,1,0,0,0,0,0,0,0,0,0,0,0,0,0
"2293",9330236,"010801060403",0.564342,0,0,"NH",0,0,0,0,0,0,1,0,0,0,0,0,0,0,0,0
"2294",9330250,"010801060701",1.601834,0,0,"NH",0,0,0,0,0,0,1,0,0,0,0,0,0,0,0,0
"2295",9330252,"010801060403",1.920615,0,0,"NH",0,0,0,0,0,0,1,0,0,0,0,0,0,0,0,0
"2296",9330254,"010801060701",3.04807,0,0,"NH",0,0,0,0,0,0,1,0,0,0,0,0,0,0,0,0
"2297",9330256,"010801060701",2.709538,0,0,"NH",0,0,0,0,0,0,1,0,0,0,0,0,0,0,0,0
"2298",9330258,"010801060702",1.299107,0,0,"NH",0,0,0,0,0,0,1,0,0,0,0,0,0,0,0,0
"2299",9330260,"010801060702",1.208026,0.005436117,0.45,"NH",0,0,0,0,0,0,1,1.343291691285,0,0,0,0,0,0,0,0
"2300",9330262,"010801060403",1.686708,0,0,"NH",0,0,0,0,0,0,1,0,0,0,0,0,0,0,0,0
"2301",9330266,"010801060702",0.831662,0.0180470654,2.17,"NH",0,0,0,0,1,4.459520095667,0,0,0,0,0,0,0,0,0,0
"2302",9330268,"010801060703",0.459861,0,0,"NH",0,0,0,0,0,0,1,0,0,0,0,0,0,0,0,0
"2303",9330270,"010801060703",0.217638,0,0,"NH",0,0,0,0,0,0,1,0,0,0,0,0,0,0,0,0
"2304",9330274,"010801060701",1.559426,0,0,"NH",0,0,0,0,0,0,1,0,0,0,0,0,0,0,0,0
"2305",9330280,"010801060403",0.909638,0,0,"NH",0,0,0,0,0,0,1,0,0,0,0,0,0,0,0,0
"2306",9330282,"010801070201",0.415091,0,0,"NH",0,0,1,0,0,0,0,0,0,0,0,0,0,0,0,0
"2307",9330288,"010801070201",0.916131,0,0,"NH",0,0,1,0,0,0,0,0,0,0,0,0,0,0,0,0
"2308",9330296,"010801070201",0.644511,0,0,"NH",0,0,1,0,0,0,0,0,0,0,0,0,0,0,0,0
"2309",9330300,"010801060403",0.489349,0,0,"NH",0,0,0,0,0,0,1,0,0,0,0,0,0,0,0,0
"2310",9330302,"010801060403",0.305736,0,0,"NH",0,0,0,0,0,0,1,0,0,0,0,0,0,0,0,0
"2311",9330306,"010801070201",1.486727,0,0,"NH",0,0,1,0,0,0,0,0,0,0,0,0,0,0,0,0
"2312",9330312,"010801060703",1.586732,0.0422070712,2.66,"NH",0,0,0,0,0,0,0,0,1,10.429578328876,0,0,0,0,0,0
"2313",9330314,"010801070201",0.978498,0,0,"NH",0,0,1,0,0,0,0,0,0,0,0,0,0,0,0,0
"2314",9330316,"010801060403",0.505477,0,0,"NH",0,0,0,0,0,0,1,0,0,0,0,0,0,0,0,0
"2315",9330318,"010801070201",1.07852,0,0,"NH",0,0,1,0,0,0,0,0,0,0,0,0,0,0,0,0
"2316",9330320,"010801070201",0.303518,0,0,"NH",0,0,1,0,0,0,0,0,0,0,0,0,0,0,0,0
"2317",9330322,"010801060703",2.921403,0.099327702,3.4,"NH",0,0,0,0,0,0,0,0,1,24.54437180271,0,0,0,0,0,0
"2318",9330324,"010801060403",1.334492,0,0,"NH",0,0,0,0,0,0,1,0,0,0,0,0,0,0,0,0
"2319",9330326,"010801070203",1.334036,0,0,"NH",0,0,1,0,0,0,0,0,0,0,0,0,0,0,0,0
"2320",9330328,"010801070203",0.014423,0,0,"NH",0,0,1,0,0,0,0,0,0,0,0,0,0,0,0,0
"2321",9330330,"010801070201",0.354067,0,0,"NH",0,0,1,0,0,0,0,0,0,0,0,0,0,0,0,0
"2322",9330332,"010801070203",1.617702,0,0,"NH",0,0,1,0,0,0,0,0,0,0,0,0,0,0,0,0
"2323",9330334,"010801060703",0.172212,0,0,"NH",0,0,0,0,0,0,1,0,0,0,0,0,0,0,0,0
"2324",9330336,"010801060403",2.179834,0,0,"NH",0,0,0,0,0,0,1,0,0,0,0,0,0,0,0,0
"2325",9330338,"010801070201",0.417013,0,0,"NH",0,0,1,0,0,0,0,0,0,0,0,0,0,0,0,0
"2326",9330340,"010801070201",0.754108,0,0,"NH",0,0,1,0,0,0,0,0,0,0,0,0,0,0,0,0
"2327",9330342,"010801060703",4.215655,0,0,"VT",0,0,0,0,0,0,1,0,0,0,0,0,0,0,0,0
"2328",9330346,"010801060703",1.69223,0,0,"VT",0,0,0,0,0,0,1,0,0,0,0,0,0,0,0,0
"2329",9330350,"010801060701",2.064466,0,0,"NH",0,0,0,0,0,0,1,0,0,0,0,0,0,0,0,0
"2330",9330352,"010801070203",0.983956,0,0,"NH",0,0,1,0,0,0,0,0,0,0,0,0,0,0,0,0
"2331",9330354,"010801070201",0.812064,0,0,"NH",0,0,1,0,0,0,0,0,0,0,0,0,0,0,0,0
"2332",9330356,"010801070201",0.609156,0,0,"NH",0,0,1,0,0,0,0,0,0,0,0,0,0,0,0,0
"2333",9330358,"010801070201",0.873887,0,0,"NH",0,0,1,0,0,0,0,0,0,0,0,0,0,0,0,0
"2334",9330360,"010801070201",0.308399,0,0,"NH",0,0,1,0,0,0,0,0,0,0,0,0,0,0,0,0
"2335",9330362,"010801070203",2.2855,0,0,"NH",0,0,1,0,0,0,0,0,0,0,0,0,0,0,0,0
"2336",9330364,"010801070203",1.378191,0,0,"NH",0,0,1,0,0,0,0,0,0,0,0,0,0,0,0,0
"2337",9330370,"010801070201",0.855934,0,0,"NH",0,0,1,0,0,0,0,0,0,0,0,0,0,0,0,0
"2338",9330374,"010801070201",0.829608,0,0,"NH",0,0,1,0,0,0,0,0,0,0,0,0,0,0,0,0
"2339",9330376,"010801070201",0.769026,0,0,"NH",0,0,1,0,0,0,0,0,0,0,0,0,0,0,0,0
"2340",9330378,"010801070202",2.947409,0,0,"NH",0,0,1,0,0,0,0,0,0,0,0,0,0,0,0,0
"2341",9330380,"010801070202",0.514222,0,0,"NH",0,0,1,0,0,0,0,0,0,0,0,0,0,0,0,0
"2342",9330384,"010801070201",1.604487,0,0,"NH",0,0,1,0,0,0,0,0,0,0,0,0,0,0,0,0
"2343",9330386,"010801070201",0.852771,0,0,"NH",0,0,1,0,0,0,0,0,0,0,0,0,0,0,0,0
"2344",9330390,"010801070201",0.398429,0,0,"NH",0,0,1,0,0,0,0,0,0,0,0,0,0,0,0,0
"2345",9330392,"010801070201",0.514774,0,0,"NH",0,0,1,0,0,0,0,0,0,0,0,0,0,0,0,0
"2346",9330394,"010801070201",0.153266,0,0,"NH",0,0,1,0,0,0,0,0,0,0,0,0,0,0,0,0
"2347",9330396,"010801070203",1.143405,0.027899082,2.44,"NH",0,0,0,0,0,0,0,0,1,6.89400265761,0,0,0,0,0,0
"2348",9330398,"010801070201",0.014217,0,0,"NH",0,0,1,0,0,0,0,0,0,0,0,0,0,0,0,0
"2349",9330400,"010801070201",0.116044,0,0,"NH",0,0,1,0,0,0,0,0,0,0,0,0,0,0,0,0
"2350",9330406,"010801070201",0.32387,0,0,"NH",0,0,1,0,0,0,0,0,0,0,0,0,0,0,0,0
"2351",9330408,"010801070201",0.836183,0,0,"NH",0,0,1,0,0,0,0,0,0,0,0,0,0,0,0,0
"2352",9330412,"010801070202",1.723159,0,0,"NH",0,0,1,0,0,0,0,0,0,0,0,0,0,0,0,0
"2353",9330414,"010801060703",1.578246,0,0,"VT",0,0,0,0,0,0,1,0,0,0,0,0,0,0,0,0
"2354",9330416,"010801070201",0.33161,0,0,"NH",0,0,1,0,0,0,0,0,0,0,0,0,0,0,0,0
"2355",9330418,"010801070203",0.320478,0,0,"NH",0,0,1,0,0,0,0,0,0,0,0,0,0,0,0,0
"2356",9330420,"010801070203",1.504308,0,0,"NH",0,0,1,0,0,0,0,0,0,0,0,0,0,0,0,0
"2357",9330424,"010801060703",2.928754,0,0,"VT",0,0,0,0,0,0,1,0,0,0,0,0,0,0,0,0
"2358",9330426,"010801060703",6.394648,0.556334376,8.7,"NH",0,0,0,0,0,0,0,0,1,137.47300598148,0,0,0,0,0,0
"2359",9330430,"010801070201",0.258676,0,0,"NH",0,0,1,0,0,0,0,0,0,0,0,0,0,0,0,0
"2360",9330436,"010801070201",0.110292,0,0,"NH",0,0,1,0,0,0,0,0,0,0,0,0,0,0,0,0
"2361",9330438,"010801060703",0.059979,0.0490748178,81.82,"NH",0,0,0,0,0,0,0,0,1,12.126632852469,0,0,0,0,0,0
"2362",9330440,"010801060703",0.006578,0,0,"NH",0,0,1,0,0,0,1,0,1,0,0,0,1,0,1,0
"2363",9330442,"010801070201",0.77888,0,0,"NH",0,0,1,0,0,0,0,0,0,0,0,0,0,0,0,0
"2364",9330444,"010801060703",0.030908,0.0079464468,25.71,"NH",0,0,0,0,0,0,1,1.963606736514,0,0,0,0,0,0,0,0
"2365",9330446,"010801070203",0.576946,0,0,"NH",0,0,1,0,0,0,0,0,0,0,0,0,0,0,0,0
"2366",9330448,"010801070203",1.451414,0,0,"NH",0,0,1,0,0,0,0,0,0,0,0,0,0,0,0,0
"2367",9330450,"010801070202",0.852431,0,0,"NH",0,0,1,0,0,0,0,0,0,0,0,0,0,0,0,0
"2368",9330452,"010801070202",2.897449,0.0307129594,1.06,"NH",0,0,0,0,1,7.589325832537,0,0,0,0,0,0,0,0,0,0
"2369",9330454,"010801070201",0.764939,0,0,"NH",0,0,1,0,0,0,0,0,0,0,0,0,0,0,0,0
"2370",9330458,"010801070201",1.921629,0,0,"NH",0,0,1,0,0,0,0,0,0,0,0,0,0,0,0,0
"2371",9330460,"010801070202",0.531025,0,0,"NH",0,0,1,0,0,0,0,0,0,0,0,0,0,0,0,0
"2372",9330462,"010801070202",1.373266,0,0,"NH",0,0,1,0,0,0,0,0,0,0,0,0,0,0,0,0
"2373",9330466,"010801070201",0.393138,0,0,"NH",0,0,1,0,0,0,0,0,0,0,0,0,0,0,0,0
"2374",9330470,"010801070201",0.938179,0,0,"NH",0,0,1,0,0,0,0,0,0,0,0,0,0,0,0,0
"2375",9330474,"010801070202",1.055817,0,0,"NH",0,0,1,0,0,0,0,0,0,0,0,0,0,0,0,0
"2376",9330478,"010801070201",0.157688,0,0,"NH",0,0,1,0,0,0,0,0,0,0,0,0,0,0,0,0
"2377",9330484,"010801070201",0.760424,0,0,"NH",0,0,1,0,0,0,0,0,0,0,0,0,0,0,0,0
"2378",9330488,"010801070202",0.378789,0,0,"NH",0,0,1,0,0,0,0,0,0,0,0,0,0,0,0,0
"2379",9330490,"010801070202",1.085674,0.00542837,0.5,"NH",0,0,0,0,0,0,1,1.34137736885,0,0,0,0,0,0,0,0
"2380",9330494,"010801070202",0.41668,0,0,"NH",0,0,1,0,0,0,0,0,0,0,0,0,0,0,0,0
"2381",9330496,"010801070202",0.755293,0,0,"NH",0,0,1,0,0,0,0,0,0,0,0,0,0,0,0,0
"2382",9330498,"010801070203",1.32967,0.034172519,2.57,"NH",0,0,0,0,1,8.444200307495,0,0,0,0,0,0,0,0,0,0
"2383",9330504,"010801070201",0.644681,0,0,"NH",0,0,1,0,0,0,0,0,0,0,0,0,0,0,0,0
"2384",9330506,"010801070201",0.422283,0,0,"NH",0,0,1,0,0,0,0,0,0,0,0,0,0,0,0,0
"2385",9330514,"010801060703",2.44733,0,0,"NH",0,0,0,0,0,0,1,0,0,0,0,0,0,0,0,0
"2386",9330516,"010801070202",0.35196,0,0,"NH",0,0,1,0,0,0,0,0,0,0,0,0,0,0,0,0
"2387",9330518,"010801070202",1.139856,0.0189216096,1.66,"NH",0,0,0,0,0,0,1,4.675624340208,0,0,0,0,0,0,0,0
"2388",9330520,"010801070202",0.443905,0,0,"NH",0,0,1,0,0,0,0,0,0,0,0,0,0,0,0,0
"2389",9330528,"010801060703",2.018368,0.0946614592,4.69,"NH",0,0,0,0,0,0,0,0,1,23.391319875616,0,0,0,0,0,0
"2390",9330530,"010801070203",1.497961,0,0,"NH",0,0,1,0,0,0,0,0,0,0,0,0,0,0,0,0
"2391",9330532,"010801070203",2.152765,0.037027558,1.72,"NH",0,0,0,0,0,0,1,9.14969471959,0,0,0,0,0,0,0,0
"2392",9330534,"010801070202",0.950419,0,0,"NH",0,0,1,0,0,0,0,0,0,0,0,0,0,0,0,0
"2393",9330536,"010801070202",1.292448,0,0,"NH",0,0,1,0,0,0,0,0,0,0,0,0,0,0,0,0
"2394",9330538,"010801070202",0.530462,0,0,"NH",0,0,1,0,0,0,0,0,0,0,0,0,0,0,0,0
"2395",9330544,"010801070202",1.000471,0,0,"NH",0,0,1,0,0,0,0,0,0,0,0,0,0,0,0,0
"2396",9330546,"010801070201",0.572035,0,0,"NH",0,0,1,0,0,0,0,0,0,0,0,0,0,0,0,0
"2397",9330548,"010801070201",0.093189,0,0,"NH",0,0,1,0,0,0,0,0,0,0,0,0,0,0,0,0
"2398",9330550,"010801070202",0.928611,0,0,"NH",0,0,1,0,0,0,0,0,0,0,0,0,0,0,0,0
"2399",9330552,"010801070201",0.873448,0,0,"NH",0,0,1,0,0,0,0,0,0,0,0,0,0,0,0,0
"2400",9330556,"010801070202",2.898937,0,0,"NH",0,0,1,0,0,0,0,0,0,0,0,0,0,0,0,0
"2401",9330560,"010801070202",2.141544,0,0,"NH",0,0,1,0,0,0,0,0,0,0,0,0,0,0,0,0
"2402",9330562,"010801070202",0.513245,0,0,"NH",0,0,1,0,0,0,0,0,0,0,0,0,0,0,0,0
"2403",9330564,"010801070201",0.800775,0,0,"NH",0,0,1,0,0,0,0,0,0,0,0,0,0,0,0,0
"2404",9330566,"010801070202",1.235287,0,0,"NH",0,0,1,0,0,0,0,0,0,0,0,0,0,0,0,0
"2405",9330568,"010801070202",1.098314,0,0,"NH",0,0,1,0,0,0,0,0,0,0,0,0,0,0,0,0
"2406",9330570,"010801070203",1.781124,0,0,"NH",0,0,1,0,0,0,0,0,0,0,0,0,0,0,0,0
"2407",9330580,"010801070201",1.059677,0,0,"NH",0,0,1,0,0,0,0,0,0,0,0,0,0,0,0,0
"2408",9330582,"010801070202",0.991084,0,0,"NH",0,0,1,0,0,0,0,0,0,0,0,0,0,0,0,0
"2409",9330584,"010801060703",2.392093,0,0,"NH",0,0,0,0,0,0,1,0,0,0,0,0,0,0,0,0
"2410",9330586,"010801070202",6.686916,0.0160485984,0.24,"NH",0,0,0,0,0,0,1,3.965688907632,0,0,0,0,0,0,0,0
"2411",9330588,"010801060703",1.17325,0,0,"NH",0,0,0,0,0,0,1,0,0,0,0,0,0,0,0,0
"2412",9330592,"010801070201",1.151156,0,0,"NH",0,0,1,0,0,0,0,0,0,0,0,0,0,0,0,0
"2413",9330594,"010801070202",0.091105,0,0,"NH",0,0,1,0,0,0,0,0,0,0,0,0,0,0,0,0
"2414",9330596,"010801070202",2.197293,0.0503180097,2.29,"NH",0,0,0,0,1,12.4338317869185,0,0,0,0,0,0,0,0,0,0
"2415",9330600,"010801070202",1.270736,0,0,"NH",0,0,1,0,0,0,0,0,0,0,0,0,0,0,0,0
"2416",9330602,"010801070202",1.373593,0,0,"NH",0,0,1,0,0,0,0,0,0,0,0,0,0,0,0,0
"2417",9330604,"010801070202",0.22718,0,0,"NH",0,0,1,0,0,0,0,0,0,0,0,0,0,0,0,0
"2418",9330606,"010801070202",1.540608,0,0,"NH",0,0,1,0,0,0,0,0,0,0,0,0,0,0,0,0
"2419",9330610,"010801060703",5.221907,0.0710179352,1.36,"NH",0,0,0,0,0,0,1,17.548886877596,0,0,0,0,0,0,0,0
"2420",9330614,"010801070202",0.71512,0,0,"NH",0,0,1,0,0,0,0,0,0,0,0,0,0,0,0,0
"2421",9330616,"010801070202",0.75096,0,0,"NH",0,0,1,0,0,0,0,0,0,0,0,0,0,0,0,0
"2422",9330618,"010801070202",1.036143,0,0,"NH",0,0,1,0,0,0,0,0,0,0,0,0,0,0,0,0
"2423",9330620,"010801070202",0.174086,0,0,"NH",0,0,1,0,0,0,0,0,0,0,0,0,0,0,0,0
"2424",9330622,"010801070202",0.599156,0,0,"NH",0,0,1,0,0,0,0,0,0,0,0,0,0,0,0,0
"2425",9330624,"010801070203",1.791041,0,0,"NH",0,0,1,0,0,0,0,0,0,0,0,0,0,0,0,0
"2426",9330626,"010801070203",4.42226,0.08181181,1.85,"NH",0,0,0,0,1,20.21610731005,0,0,0,0,0,0,0,0,0,0
"2427",9330630,"010801070202",0.196797,0,0,"NH",0,0,1,0,0,0,0,0,0,0,0,0,0,0,0,0
"2428",9330634,"010801070202",0.558349,0,0,"NH",0,0,1,0,0,0,0,0,0,0,0,0,0,0,0,0
"2429",9330640,"010801070202",0.324819,0,0,"NH",0,0,1,0,0,0,0,0,0,0,0,0,0,0,0,0
"2430",9330642,"010801070202",0.872378,0,0,"NH",0,0,1,0,0,0,0,0,0,0,0,0,0,0,0,0
"2431",9330644,"010801070202",1.063735,0,0,"NH",0,0,1,0,0,0,0,0,0,0,0,0,0,0,0,0
"2432",9330646,"010801070202",0.152193,0,0,"NH",0,0,1,0,0,0,0,0,0,0,0,0,0,0,0,0
"2433",9330648,"010801070203",1.597217,0,0,"NH",0,0,1,0,0,0,0,0,0,0,0,0,0,0,0,0
"2434",9330650,"010801070203",0.731852,0,0,"NH",0,0,1,0,0,0,0,0,0,0,0,0,0,0,0,0
"2435",9330656,"010801070202",1.016375,0,0,"NH",0,0,1,0,0,0,0,0,0,0,0,0,0,0,0,0
"2436",9330662,"010801060703",2.988656,0,0,"VT",0,0,0,0,0,0,1,0,0,0,0,0,0,0,0,0
"2437",9330666,"010801070203",7.053128,0,0,"NH",0,0,1,0,0,0,0,0,0,0,0,0,0,0,0,0
"2438",9330668,"010801070202",1.541465,0,0,"NH",0,0,1,0,0,0,0,0,0,0,0,0,0,0,0,0
"2439",9330672,"010801070203",0.715117,0,0,"NH",0,0,1,0,0,0,0,0,0,0,0,0,0,0,0,0
"2440",9330674,"010801070203",1.153942,0,0,"NH",0,0,1,0,0,0,0,0,0,0,0,0,0,0,0,0
"2441",9330678,"010801070203",1.560845,0.009052901,0.58,"NH",0,0,0,0,0,0,1,2.237017101605,0,0,0,0,0,0,0,0
"2442",9330682,"010801070202",0.643337,0,0,"NH",0,0,1,0,0,0,0,0,0,0,0,0,0,0,0,0
"2443",9330684,"010801070203",1.047052,0,0,"NH",0,0,1,0,0,0,0,0,0,0,0,0,0,0,0,0
"2444",9330686,"010801070203",1.214149,0,0,"NH",0,0,1,0,0,0,0,0,0,0,0,0,0,0,0,0
"2445",9330688,"010801070202",0.500882,0,0,"NH",0,0,1,0,0,0,0,0,0,0,0,0,0,0,0,0
"2446",9330692,"010801070203",0.624965,0,0,"NH",0,0,1,0,0,0,0,0,0,0,0,0,0,0,0,0
"2447",9330696,"010801060703",0.050977,0,0,"VT",0,0,0,0,0,0,1,0,0,0,0,0,0,0,0,0
"2448",9330698,"010801070203",1.489145,0,0,"NH",0,0,1,0,0,0,0,0,0,0,0,0,0,0,0,0
"2449",9330700,"010801070203",0.881283,0,0,"NH",0,0,1,0,0,0,0,0,0,0,0,0,0,0,0,0
"2450",9330702,"010801070202",1.003879,0,0,"NH",0,0,1,0,0,0,0,0,0,0,0,0,0,0,0,0
"2451",9330704,"010801060703",0.486645,0,0,"VT",0,0,0,0,0,0,1,0,0,0,0,0,0,0,0,0
"2452",9330706,"010801070203",1.206491,0,0,"NH",0,0,1,0,0,0,0,0,0,0,0,0,0,0,0,0
"2453",9330708,"010801070203",1.104778,0,0,"NH",0,0,1,0,0,0,0,0,0,0,0,0,0,0,0,0
"2454",9330710,"010801070203",2.951333,0.0224301308,0.76,"NH",0,0,0,0,0,0,1,5.542597471334,0,0,0,0,0,0,0,0
"2455",9330712,"010801070203",1.428728,0,0,"NH",0,0,1,0,0,0,0,0,0,0,0,0,0,0,0,0
"2456",9330714,"010801070203",1.45482,0,0,"NH",0,0,1,0,0,0,0,0,0,0,0,0,0,0,0,0
"2457",9330716,"010801070203",3.604382,0,0,"NH",0,0,1,0,0,0,0,0,0,0,0,0,0,0,0,0
"2458",9330718,"010801070203",1.470336,0,0,"NH",0,0,1,0,0,0,0,0,0,0,0,0,0,0,0,0
"2459",9330720,"010801070203",5.917903,0.2491437163,4.21,"NH",0,0,0,0,0,0,0,0,1,61.5646580163115,0,0,0,0,0,0
"2460",9330722,"010801070501",1.953295,0,0,"NH",0,0,1,0,0,0,0,0,0,0,0,0,0,0,0,0
"2461",9330724,"010801070203",1.560496,0.0018725952,0.12,"NH",0,0,0,0,0,0,1,0.462727636896,0,0,0,0,0,0,0,0
"2462",9330726,"010801070203",2.712946,0,0,"NH",0,0,1,0,0,0,0,0,0,0,0,0,0,0,0,0
"2463",9330728,"010801070203",0.092989,0,0,"NH",0,0,1,0,0,0,0,0,0,0,0,0,0,0,0,0
"2464",9330732,"010801070501",1.699341,0,0,"NH",0,0,1,0,0,0,0,0,0,0,0,0,0,0,0,0
"2465",9330734,"010801070203",1.965249,0,0,"NH",0,0,1,0,0,0,0,0,0,0,0,0,0,0,0,0
"2466",9330738,"010801070203",1.030278,0,0,"NH",0,0,1,0,0,0,0,0,0,0,0,0,0,0,0,0
"2467",9330740,"010801070203",3.112005,0.046680075,1.5,"NH",0,0,1,11.534879932875,0,0,0,0,0,0,0,0,0,0,0,0
"2468",9330742,"010801070501",0.364215,0.003569307,0.98,"NH",0,0,0,0,1,0.881993606235,0,0,0,0,0,0,0,0,0,0
"2469",9330744,"010801070501",5.217089,0.2603327411,4.99,"NH",0,0,0,0,1,64.3295219895155,0,0,0,0,0,0,0,0,0,0
"2470",9330746,"010801070501",0.354221,0.0062697117,1.77,"NH",0,0,0,0,1,1.5492771096285,0,0,0,0,0,0,0,0,0,0
"2471",9330748,"010801070501",4.976147,0.0019904588,0.04,"VT",0,0,0,0,1,0.491852321774,0,0,0,0,0,0,0,0,0,0
"2472",9330750,"010801070501",3.494863,0.0370455478,1.06,"NH",0,0,0,0,1,9.154140089119,0,0,0,0,0,0,0,0,0,0
"2473",9330752,"010801070501",2.664936,0,0,"NH",0,0,1,0,0,0,0,0,0,0,0,0,0,0,0,0
"2474",9330754,"010801070501",2.427178,0,0,"NH",0,0,1,0,0,0,0,0,0,0,0,0,0,0,0,0
"2475",9330756,"010801070501",4.430062,0.0208212914,0.47,"NH",0,0,0,0,1,5.145045211397,0,0,0,0,0,0,0,0,0,0
"2476",9330758,"010801070501",1.219944,0,0,"NH",0,0,1,0,0,0,0,0,0,0,0,0,0,0,0,0
"2477",9330760,"010801070501",2.377305,0.048497022,2.04,"NH",0,0,0,0,1,11.98385662131,0,0,0,0,0,0,0,0,0,0
"2478",9330762,"010801070501",4.095778,0.8502835128,20.76,"VT",0,0,0,0,1,210.109307430444,0,0,0,0,0,0,0,0,0,0
"2479",9330764,"010801070501",0.99491,0,0,"NH",0,0,1,0,0,0,0,0,0,0,0,0,0,0,0,0
"2480",9330766,"010801070501",1.201567,0,0,"NH",0,0,1,0,0,0,0,0,0,0,0,0,0,0,0,0
"2481",9330768,"010801070501",1.212747,0,0,"NH",0,0,1,0,0,0,0,0,0,0,0,0,0,0,0,0
"2482",9330770,"010801070501",2.097112,0.190837192,9.1,"NH",0,0,0,0,1,47.15682432916,0,0,0,0,0,0,0,0,0,0
"2483",9330772,"010801070502",6.9106,0,0,"VT",0,0,0,0,0,0,1,0,0,0,0,0,0,0,0,0
"2484",9330774,"010801070502",0.724941,0,0,"VT",0,0,0,0,0,0,1,0,0,0,0,0,0,0,0,0
"2485",9330776,"010801070502",0.095746,0,0,"VT",0,0,0,0,0,0,1,0,0,0,0,0,0,0,0,0
"2486",9330778,"010801070502",0.178232,0,0,"VT",0,0,0,0,0,0,1,0,0,0,0,0,0,0,0,0
"2487",9330780,"010801070502",3.211503,0,0,"VT",0,0,0,0,0,0,1,0,0,0,0,0,0,0,0,0
"2488",9330782,"010801070501",2.428141,0.0233101536,0.96,"NH",0,0,0,0,1,5.760055505328,0,0,0,0,0,0,0,0,0,0
"2489",9330784,"010801070502",1.376947,0,0,"VT",0,0,0,0,0,0,1,0,0,0,0,0,0,0,0,0
"2490",9330786,"010801070501",4.871344,0,0,"NH",0,0,1,0,0,0,0,0,0,0,0,0,0,0,0,0
"2491",9330788,"010801070501",0.902267,0.0522412593,5.79,"NH",0,0,0,0,1,12.9090763793265,0,0,0,0,0,0,0,0,0,0
"2492",9330790,"010801070502",2.753795,0,0,"VT",0,0,0,0,0,0,1,0,0,0,0,0,0,0,0,0
"2493",9330792,"010801070502",2.54786,0,0,"VT",0,0,0,0,0,0,1,0,0,0,0,0,0,0,0,0
"2494",9330794,"010801070501",0.27137,0,0,"NH",0,0,1,0,0,0,0,0,0,0,0,0,0,0,0,0
"2495",9330798,"010801070502",0.298577,0,0,"VT",0,0,0,0,0,0,1,0,0,0,0,0,0,0,0,0
"2496",9330800,"010801070501",1.75528,0.290674368,16.56,"NH",0,0,0,0,1,71.82708970464,0,0,0,0,0,0,0,0,0,0
"2497",9330802,"010801070501",0.028739,0,0,"NH",0,0,1,0,0,0,0,0,0,0,0,0,0,0,0,0
"2498",9330804,"010801070501",3.848943,0.2367099945,6.15,"NH",0,0,1,58.4922231909225,0,0,0,0,0,0,0,0,0,0,0,0
"2499",9330806,"010801070502",6.131168,0.067442848,1.1,"NH",0,0,0,0,0,0,1,16.66546495504,0,0,0,0,0,0,0,0
"2500",9330808,"010801070502",2.536369,0.0035509166,0.14,"NH",0,0,0,0,0,0,1,0.877449246443,0,0,0,0,0,0,0,0
"2501",9330810,"010801070502",2.353812,0,0,"NH",0,0,0,0,0,0,1,0,0,0,0,0,0,0,0,0
"2502",9330812,"010801070502",1.85461,0.863877338,46.58,"NH",0,0,0,0,0,0,0,0,1,213.46840960649,0,0,0,0,0,0
"2503",9330814,"010801070502",1.728679,0,0,"NH",0,0,0,0,0,0,1,0,0,0,0,0,0,0,0,0
"2504",9330816,"010801070502",1.601073,0,0,"NH",0,0,0,0,0,0,1,0,0,0,0,0,0,0,0,0
"2505",9330818,"010801070504",1.099458,0,0,"VT",0,0,0,0,0,0,1,0,0,0,0,0,0,0,0,0
"2506",9330820,"010801070504",6.678338,0,0,"VT",0,0,0,0,0,0,1,0,0,0,0,0,0,0,0,0
"2507",9330822,"010801070502",5.250241,0.0325514942,0.62,"VT",0,0,0,0,0,0,1,8.043636974291,0,0,0,0,0,0,0,0
"2508",9330828,"010801070504",1.489077,0,0,"VT",0,0,0,0,0,0,1,0,0,0,0,0,0,0,0,0
"2509",9330830,"010801070504",8.668784,0,0,"VT",0,0,0,0,0,0,1,0,0,0,0,0,0,0,0,0
"2510",9330832,"010801070504",0.289248,0,0,"VT",0,0,0,0,0,0,1,0,0,0,0,0,0,0,0,0
"2511",9330834,"010801070504",7.234181,0,0,"VT",0,0,0,0,0,0,1,0,0,0,0,0,0,0,0,0
"2512",9330836,"010801070504",0.141101,0,0,"VT",0,0,0,0,0,0,1,0,0,0,0,0,0,0,0,0
"2513",9330838,"010801070504",0.166488,0,0,"VT",0,0,0,0,0,0,1,0,0,0,0,0,0,0,0,0
"2514",9330840,"010801070504",4.458246,0,0,"VT",0,0,0,0,0,0,1,0,0,0,0,0,0,0,0,0
"2515",9330854,"010801060303",2.576249,0,0,"NH",0,0,0,0,0,0,1,0,0,0,0,0,0,0,0,0
"2516",9330856,"010801060303",0.360849,0.0098872626,2.74,"NH",0,0,0,0,1,2.443192024773,0,0,0,0,0,0,0,0,0,0
"2517",9330860,"010801060401",9.978333,0,0,"NH",0,0,1,0,0,0,0,0,0,0,0,0,0,0,0,0
"2518",9330862,"010801060303",2.413583,0,0,"NH",0,0,0,0,0,0,1,0,0,0,0,0,0,0,0,0
"2519",9330866,"010801060304",0.835787,0,0,"VT",0,0,0,0,0,0,1,0,0,0,0,0,0,0,0,0
"2520",9330868,"010801060305",0.678455,0.037586407,5.54,"NH",0,0,0,0,0,0,1,9.287789101735,0,0,0,0,0,0,0,0
"2521",9330870,"010801060303",2.256354,0,0,"NH",0,0,0,0,0,0,1,0,0,0,0,0,0,0,0,0
"2522",9330874,"010801060305",1.258527,0,0,"NH",0,0,0,0,0,0,1,0,0,0,0,0,0,0,0,0
"2523",9330876,"010801060305",0.644902,0,0,"NH",0,0,0,0,0,0,1,0,0,0,0,0,0,0,0,0
"2524",9330878,"010801060404",2.689709,0,0,"NH",0,0,1,0,0,0,0,0,0,0,0,0,0,0,0,0
"2525",9330880,"010801060304",1.041768,0,0,"VT",0,0,0,0,0,0,1,0,0,0,0,0,0,0,0,0
"2526",9330882,"010801060405",1.740371,0,0,"NH",0,0,1,0,0,0,0,0,0,0,0,0,0,0,0,0
"2527",9330884,"010801060305",1.926897,0.0252423507,1.31,"NH",0,0,0,0,1,6.2375110697235,0,0,0,0,0,0,0,0,0,0
"2528",9330886,"010801060304",0.641673,0,0,"VT",0,0,0,0,0,0,1,0,0,0,0,0,0,0,0,0
"2529",9330888,"010801060304",3.131096,0,0,"VT",0,0,0,0,0,0,1,0,0,0,0,0,0,0,0,0
"2530",9330890,"010801060406",1.42809,0,0,"NH",0,0,0,0,0,0,1,0,0,0,0,0,0,0,0,0
"2531",9330892,"010801060406",1.604095,0,0,"NH",0,0,0,0,0,0,1,0,0,0,0,0,0,0,0,0
"2532",9330894,"010801060405",0.767626,0,0,"NH",0,0,1,0,0,0,0,0,0,0,0,0,0,0,0,0
"2533",9330898,"010801060407",2.923842,0,0,"NH",0,0,0,0,0,0,1,0,0,0,0,0,0,0,0,0
"2534",9330900,"010801060406",0.625787,0,0,"NH",0,0,0,0,0,0,1,0,0,0,0,0,0,0,0,0
"2535",9330902,"010801060407",1.332243,0,0,"NH",0,0,0,0,0,0,1,0,0,0,0,0,0,0,0,0
"2536",9330904,"010801060405",0.92806,0,0,"NH",0,0,1,0,0,0,0,0,0,0,0,0,0,0,0,0
"2537",9330906,"010801060402",1.778298,0,0,"NH",0,0,1,0,0,0,0,0,0,0,0,0,0,0,0,0
"2538",9330908,"010801060405",0.619585,0,0,"NH",0,0,1,0,0,0,0,0,0,0,0,0,0,0,0,0
"2539",9330910,"010801060405",0.181918,0,0,"NH",0,0,1,0,0,0,0,0,0,0,0,0,0,0,0,0
"2540",9330912,"010801060405",2.844121,0,0,"NH",0,0,1,0,0,0,0,0,0,0,0,0,0,0,0,0
"2541",9330914,"010801060405",1.304475,0,0,"NH",0,0,1,0,0,0,0,0,0,0,0,0,0,0,0,0
"2542",9330916,"010801060405",2.681949,0,0,"NH",0,0,1,0,0,0,0,0,0,0,0,0,0,0,0,0
"2543",9330920,"010801060405",1.015512,0,0,"NH",0,0,1,0,0,0,0,0,0,0,0,0,0,0,0,0
"2544",9330922,"010801060406",1.224709,0,0,"NH",0,0,0,0,0,0,1,0,0,0,0,0,0,0,0,0
"2545",9330924,"010801060406",2.073545,0,0,"NH",0,0,0,0,0,0,1,0,0,0,0,0,0,0,0,0
"2546",9330926,"010801060406",1.042152,0,0,"NH",0,0,0,0,0,0,1,0,0,0,0,0,0,0,0,0
"2547",9330928,"010801060406",2.471224,0,0,"NH",0,0,0,0,0,0,1,0,0,0,0,0,0,0,0,0
"2548",9330930,"010801060406",2.719938,0,0,"NH",0,0,0,0,0,0,1,0,0,0,0,0,0,0,0,0
"2549",9330932,"010801060406",0.696895,0,0,"NH",0,0,0,0,0,0,1,0,0,0,0,0,0,0,0,0
"2550",9330934,"010801060406",1.128882,0,0,"NH",0,0,0,0,0,0,1,0,0,0,0,0,0,0,0,0
"2551",9330936,"010801060406",0.686594,0,0,"NH",0,0,0,0,0,0,1,0,0,0,0,0,0,0,0,0
"2552",9330938,"010801060406",0.593999,0,0,"NH",0,0,0,0,0,0,1,0,0,0,0,0,0,0,0,0
"2553",9330940,"010801060406",0.342574,0,0,"NH",0,0,0,0,0,0,1,0,0,0,0,0,0,0,0,0
"2554",9330942,"010801060406",0.361958,0.00361958,1,"NH",0,0,0,0,1,0.8944163159,0,0,0,0,0,0,0,0,0,0
"2555",9330944,"010801060406",3.995422,0,0,"NH",0,0,0,0,0,0,1,0,0,0,0,0,0,0,0,0
"2556",9330946,"010801060407",1.234019,0,0,"NH",0,0,0,0,0,0,1,0,0,0,0,0,0,0,0,0
"2557",9330948,"010801060406",1.218188,0,0,"NH",0,0,0,0,0,0,1,0,0,0,0,0,0,0,0,0
"2558",9330950,"010801060406",1.495336,0,0,"NH",0,0,0,0,0,0,1,0,0,0,0,0,0,0,0,0
"2559",9330952,"010801060702",2.800259,0,0,"VT",0,0,0,0,0,0,1,0,0,0,0,0,0,0,0,0
"2560",9330954,"010801060702",3.355262,0,0,"VT",0,0,0,0,0,0,1,0,0,0,0,0,0,0,0,0
"2561",9330956,"010801060406",1.309258,0,0,"NH",0,0,0,0,0,0,1,0,0,0,0,0,0,0,0,0
"2562",9330958,"010801060702",1.158027,0,0,"NH",0,0,0,0,0,0,1,0,0,0,0,0,0,0,0,0
"2563",9330960,"010801060406",3.900781,0,0,"NH",0,0,0,0,0,0,1,0,0,0,0,0,0,0,0,0
"2564",9330962,"010801060702",1.011004,0,0,"NH",0,0,0,0,0,0,1,0,0,0,0,0,0,0,0,0
"2565",9330964,"010801060405",1.57822,0,0,"NH",0,0,1,0,0,0,0,0,0,0,0,0,0,0,0,0
"2566",9330966,"010801060406",0.428691,0,0,"NH",0,0,0,0,0,0,1,0,0,0,0,0,0,0,0,0
"2567",9330968,"010801060702",1.108147,0.0207223489,1.87,"NH",0,0,0,0,0,0,1,5.1205960249345,0,0,0,0,0,0,0,0
"2568",9330970,"010801060405",1.034789,0,0,"NH",0,0,1,0,0,0,0,0,0,0,0,0,0,0,0,0
"2569",9330972,"010801060402",0.310754,0,0,"NH",0,0,1,0,0,0,0,0,0,0,0,0,0,0,0,0
"2570",9330976,"010801060402",3.136302,0,0,"NH",0,0,1,0,0,0,0,0,0,0,0,0,0,0,0,0
"2571",9330978,"010801060405",2.165812,0,0,"NH",0,0,1,0,0,0,0,0,0,0,0,0,0,0,0,0
"2572",9330982,"010801060702",1.88481,0,0,"NH",0,0,0,0,0,0,1,0,0,0,0,0,0,0,0,0
"2573",9330984,"010801060702",0.847739,0.0053407557,0.63,"NH",0,0,0,0,0,0,1,1.3197274372485,0,0,0,0,0,0,0,0
"2574",9330986,"010801060702",0.322404,0.0690911772,21.43,"NH",0,0,0,0,1,17.072775342006,0,0,0,0,0,0,0,0,0,0
"2575",9330988,"010801060702",0.771113,0,0,"NH",0,0,0,0,0,0,1,0,0,0,0,0,0,0,0,0
"2576",9330992,"010801060403",0.81956,0,0,"NH",0,0,0,0,0,0,1,0,0,0,0,0,0,0,0,0
"2577",9330994,"010801060702",1.017554,0.206563462,20.3,"NH",0,0,0,0,1,51.04286427751,0,0,0,0,0,0,0,0,0,0
"2578",9330996,"010801060701",1.242415,0.0152817045,1.23,"NH",0,0,0,0,0,0,1,3.7761855904725,0,0,0,0,0,0,0,0
"2579",9330998,"010801060403",1.774923,0,0,"NH",0,0,0,0,0,0,1,0,0,0,0,0,0,0,0,0
"2580",9331002,"010801060701",3.06777,0.074546811,2.43,"NH",0,0,0,0,1,18.420889732155,0,0,0,0,0,0,0,0,0,0
"2581",9331004,"010801060701",1.269583,0.0017774162,0.14,"NH",0,0,0,0,0,0,1,0.439208430101,0,0,0,0,0,0,0,0
"2582",9331006,"010801060701",1.094173,0,0,"NH",0,0,0,0,0,0,1,0,0,0,0,0,0,0,0,0
"2583",9331010,"010801060403",1.937769,0,0,"NH",0,0,0,0,0,0,1,0,0,0,0,0,0,0,0,0
"2584",9331012,"010801070201",5.479431,0,0,"NH",0,0,1,0,0,0,0,0,0,0,0,0,0,0,0,0
"2585",9331014,"010801060403",2.224963,0,0,"NH",0,0,0,0,0,0,1,0,0,0,0,0,0,0,0,0
"2586",9331020,"010801060403",0.778151,0,0,"NH",0,0,0,0,0,0,1,0,0,0,0,0,0,0,0,0
"2587",9331022,"010801060703",0.45099,0,0,"NH",0,0,0,0,0,0,1,0,0,0,0,0,0,0,0,0
"2588",9331026,"010801060403",0.944701,0,0,"NH",0,0,0,0,0,0,1,0,0,0,0,0,0,0,0,0
"2589",9331028,"010801060403",1.236924,0,0,"NH",0,0,0,0,0,0,1,0,0,0,0,0,0,0,0,0
"2590",9331030,"010801060403",1.024107,0,0,"NH",0,0,0,0,0,0,1,0,0,0,0,0,0,0,0,0
"2591",9331032,"010801070201",1.119285,0,0,"NH",0,0,1,0,0,0,0,0,0,0,0,0,0,0,0,0
"2592",9331036,"010801070201",1.263932,0,0,"NH",0,0,1,0,0,0,0,0,0,0,0,0,0,0,0,0
"2593",9331040,"010801060701",2.050593,0,0,"NH",0,0,0,0,0,0,1,0,0,0,0,0,0,0,0,0
"2594",9331044,"010801060703",3.777331,0.07554662,2,"NH",0,0,0,0,0,0,0,0,1,18.6679475351,0,0,0,0,0,0
"2595",9331046,"010801060703",1.363169,0,0,"NH",0,0,0,0,0,0,1,0,0,0,0,0,0,0,0,0
"2596",9331048,"010801060703",1.874804,0,0,"NH",0,0,0,0,0,0,1,0,0,0,0,0,0,0,0,0
"2597",9331050,"010801060703",1.35717,0,0,"NH",0,0,0,0,0,0,1,0,0,0,0,0,0,0,0,0
"2598",9331052,"010801070201",4.602612,0,0,"NH",0,0,1,0,0,0,0,0,0,0,0,0,0,0,0,0
"2599",9331054,"010801070201",2.222979,0,0,"NH",0,0,1,0,0,0,0,0,0,0,0,0,0,0,0,0
"2600",9331056,"010801060703",5.253017,0,0,"NH",0,0,0,0,0,0,1,0,0,0,0,0,0,0,0,0
"2601",9331058,"010801070201",0.719717,0,0,"NH",0,0,1,0,0,0,0,0,0,0,0,0,0,0,0,0
"2602",9331060,"010801070202",0.374569,0,0,"NH",0,0,1,0,0,0,0,0,0,0,0,0,0,0,0,0
"2603",9331066,"010801070203",0.635112,0,0,"NH",0,0,1,0,0,0,0,0,0,0,0,0,0,0,0,0
"2604",9331070,"010801070202",1.218834,0,0,"NH",0,0,1,0,0,0,0,0,0,0,0,0,0,0,0,0
"2605",9331072,"010801070203",5.14017,0,0,"NH",0,0,1,0,0,0,0,0,0,0,0,0,0,0,0,0
"2606",9331074,"010801070203",1.682393,0.0035330253,0.21,"NH",0,0,0,0,0,0,1,0.8730282167565,0,0,0,0,0,0,0,0
"2607",9331076,"010801070203",0.884513,0,0,"NH",0,0,1,0,0,0,0,0,0,0,0,0,0,0,0,0
"2608",9331078,"010801070203",3.016248,0,0,"NH",0,0,1,0,0,0,0,0,0,0,0,0,0,0,0,0
"2609",9331080,"010801070203",3.405018,0,0,"NH",0,0,1,0,0,0,0,0,0,0,0,0,0,0,0,0
"2610",9331082,"010801070203",0.518115,0,0,"NH",0,0,1,0,0,0,0,0,0,0,0,0,0,0,0,0
"2611",9331084,"010801070203",1.69748,0.124255536,7.32,"NH",0,0,1,30.70416422328,0,0,0,0,0,0,0,0,0,0,0,0
"2612",9331086,"010801070501",5.726756,0,0,"VT",0,0,1,0,0,0,0,0,0,0,0,0,0,0,0,0
"2613",9331088,"010801070501",6.374542,0.0006374542,0.01,"NH",0,0,1,0.157518120091,0,0,0,0,0,0,0,0,0,0,0,0
"2614",9331090,"010801070501",2.590755,0,0,"VT",0,0,1,0,0,0,0,0,0,0,0,0,0,0,0,0
"2615",9331092,"010801070501",4.156007,0,0,"VT",0,0,1,0,0,0,0,0,0,0,0,0,0,0,0,0
"2616",9331094,"010801070501",1.318529,0,0,"NH",0,0,1,0,0,0,0,0,0,0,0,0,0,0,0,0
"2617",9331096,"010801070501",8.972357,0.0296087781,0.33,"NH",0,0,0,0,1,7.3164771124005,0,0,0,0,0,0,0,0,0,0
"2618",9331098,"010801070501",3.837374,0,0,"NH",0,0,1,0,0,0,0,0,0,0,0,0,0,0,0,0
"2619",9331100,"010801070501",5.182001,0.0015546003,0.03,"VT",0,0,1,0.3841495071315,0,0,0,0,0,0,0,0,0,0,0,0
"2620",9331102,"010801070502",4.271872,0.2913416704,6.82,"NH",0,0,0,0,0,0,0,0,1,71.991983464192,0,0,0,0,0,0
"2621",9331106,"010801070502",9.454214,0,0,"VT",0,0,0,0,0,0,1,0,0,0,0,0,0,0,0,0
"2622",9331116,"010801060402",1.497181,0,0,"NH",0,0,1,0,0,0,0,0,0,0,0,0,0,0,0,0
"2623",9331122,"010801060402",0.125317,0,0,"NH",0,0,1,0,0,0,0,0,0,0,0,0,0,0,0,0
"2624",9331124,"010801060303",0.344361,0,0,"NH",0,0,0,0,0,0,1,0,0,0,0,0,0,0,0,0
"2625",9331126,"010801060402",0.765564,0,0,"NH",0,0,1,0,0,0,0,0,0,0,0,0,0,0,0,0
"2626",9331128,"010801060405",1.101569,0,0,"NH",0,0,1,0,0,0,0,0,0,0,0,0,0,0,0,0
"2627",9331134,"010801060402",0.362338,0,0,"NH",0,0,1,0,0,0,0,0,0,0,0,0,0,0,0,0
"2628",9331138,"010801060302",0.672382,0.099176345,14.75,"NH",0,0,0,0,1,24.506970731225,0,0,0,0,0,0,0,0,0,0
"2629",9331142,"010801060402",0.686883,0,0,"NH",0,0,1,0,0,0,0,0,0,0,0,0,0,0,0,0
"2630",9331148,"010801060305",0.212482,0.0506344606,23.83,"NH",0,0,0,0,0,0,1,12.512028386563,0,0,0,0,0,0,0,0
"2631",9331152,"010801060305",0.013816,0.003454,25,"NH",0,0,0,0,1,0.85350067,0,0,0,0,0,0,0,0,0,0
"2632",9331154,"010801060305",0.016257,0.0025669803,15.79,"NH",0,0,0,0,1,0.6343136670315,0,0,0,0,0,0,0,0,0,0
"2633",9331160,"010801060404",0.566934,0,0,"NH",0,0,1,0,0,0,0,0,0,0,0,0,0,0,0,0
"2634",9331162,"010801060405",1.811517,0,0,"NH",0,0,1,0,0,0,0,0,0,0,0,0,0,0,0,0
"2635",9331164,"010801060305",0.08971,0.003624284,4.04,"NH",0,0,0,0,1,0.89557869782,0,0,0,0,0,0,0,0,0,0
"2636",9331168,"010801060305",0.023943,0.0082890666,34.62,"NH",0,0,0,0,1,2.048269802193,0,0,0,0,0,0,0,0,0,0
"2637",9331178,"010801060404",0.493574,0,0,"NH",0,0,1,0,0,0,0,0,0,0,0,0,0,0,0,0
"2638",9331186,"010801060404",0.984071,0,0,"NH",0,0,1,0,0,0,0,0,0,0,0,0,0,0,0,0
"2639",9331190,"010801060404",0.108664,0,0,"NH",0,0,1,0,0,0,0,0,0,0,0,0,0,0,0,0
"2640",9331192,"010801060404",0.299214,0,0,"NH",0,0,1,0,0,0,0,0,0,0,0,0,0,0,0,0
"2641",9331200,"010801060402",3.294057,0,0,"NH",0,0,1,0,0,0,0,0,0,0,0,0,0,0,0,0
"2642",9331202,"010801060305",1.022187,0.0170705229,1.67,"NH",0,0,0,0,1,4.2182115612045,0,0,0,0,0,0,0,0,0,0
"2643",9331210,"010801060304",0.999161,0,0,"VT",0,0,0,0,0,0,1,0,0,0,0,0,0,0,0,0
"2644",9331214,"010801060304",0.266189,0,0,"VT",0,0,0,0,0,0,1,0,0,0,0,0,0,0,0,0
"2645",9331218,"010801060304",0.146788,0,0,"VT",0,0,0,0,0,0,1,0,0,0,0,0,0,0,0,0
"2646",9331224,"010801060305",0.487441,0,0,"NH",0,0,0,0,0,0,1,0,0,0,0,0,0,0,0,0
"2647",9331228,"010801060402",3.423137,0,0,"NH",0,0,1,0,0,0,0,0,0,0,0,0,0,0,0,0
"2648",9331230,"010801060405",2.682084,0,0,"NH",0,0,1,0,0,0,0,0,0,0,0,0,0,0,0,0
"2649",9331234,"010801060305",1.751922,0.063069192,3.6,"NH",0,0,0,0,0,0,1,15.58471268916,0,0,0,0,0,0,0,0
"2650",9331236,"010801060305",0.021555,0,0,"NH",0,0,0,0,0,0,1,0,0,0,0,0,0,0,0,0
"2651",9331238,"010801060305",0.112924,0.002710176,2.4,"NH",0,0,0,0,0,0,1,0.66969804048,0,0,0,0,0,0,0,0
"2652",9331240,"010801060402",0.546064,0,0,"NH",0,0,1,0,0,0,0,0,0,0,0,0,0,0,0,0
"2653",9331244,"010801060402",0.551863,0,0,"NH",0,0,1,0,0,0,0,0,0,0,0,0,0,0,0,0
"2654",9331246,"010801060402",1.050532,0,0,"NH",0,0,1,0,0,0,0,0,0,0,0,0,0,0,0,0
"2655",9331258,"010801060406",0.940632,0,0,"NH",0,0,0,0,0,0,1,0,0,0,0,0,0,0,0,0
"2656",9331260,"010801060305",0.324899,0.0089347225,2.75,"NH",0,0,0,0,1,2.2078146033625,0,0,0,0,0,0,0,0,0,0
"2657",9331262,"010801060305",0.021698,0,0,"NH",0,0,0,0,0,0,1,0,0,0,0,0,0,0,0,0
"2658",9331264,"010801060406",0.748386,0,0,"NH",0,0,0,0,0,0,1,0,0,0,0,0,0,0,0,0
"2659",9331270,"010801060402",0.713497,0,0,"NH",0,0,1,0,0,0,0,0,0,0,0,0,0,0,0,0
"2660",9331272,"010801060406",0.28725,0,0,"NH",0,0,0,0,0,0,1,0,0,0,0,0,0,0,0,0
"2661",9331274,"010801060402",1.85137,0,0,"NH",0,0,1,0,0,0,0,0,0,0,0,0,0,0,0,0
"2662",9331278,"010801060305",0.671898,0.0090034332,1.34,"NH",0,0,0,0,0,0,1,2.224793360886,0,0,0,0,0,0,0,0
"2663",9331284,"010801060407",0.16771,0,0,"NH",0,0,0,0,0,0,1,0,0,0,0,0,0,0,0,0
"2664",9331286,"010801060305",0.128963,0.0062676018,4.86,"NH",0,0,0,0,1,1.548755742789,0,0,0,0,0,0,0,0,0,0
"2665",9331290,"010801060402",2.162998,0,0,"NH",0,0,1,0,0,0,0,0,0,0,0,0,0,0,0,0
"2666",9331292,"010801060405",0.812596,0,0,"NH",0,0,1,0,0,0,0,0,0,0,0,0,0,0,0,0
"2667",9331294,"010801060402",1.516724,0,0,"NH",0,0,1,0,0,0,0,0,0,0,0,0,0,0,0,0
"2668",9331298,"010801060305",0.600219,0.0189068985,3.15,"NH",0,0,0,0,0,0,1,4.6719891538425,0,0,0,0,0,0,0,0
"2669",9331300,"010801060402",1.751876,0,0,"NH",0,0,1,0,0,0,0,0,0,0,0,0,0,0,0,0
"2670",9331302,"010801060305",1.56542,0.075609786,4.83,"NH",0,0,0,0,1,18.68355616953,0,0,0,0,0,0,0,0,0,0
"2671",9331304,"010801060305",0.022306,0,0,"NH",0,0,0,0,0,0,1,0,0,0,0,0,0,0,0,0
"2672",9331306,"010801060402",3.912865,0,0,"NH",0,0,1,0,0,0,0,0,0,0,0,0,0,0,0,0
"2673",9331310,"010801060402",0.529199,0,0,"NH",0,0,1,0,0,0,0,0,0,0,0,0,0,0,0,0
"2674",9331316,"010801060402",0.81656,0,0,"NH",0,0,1,0,0,0,0,0,0,0,0,0,0,0,0,0
"2675",9331320,"010801060402",0.256992,0,0,"NH",0,0,1,0,0,0,0,0,0,0,0,0,0,0,0,0
"2676",9331328,"010801060402",1.20854,0,0,"NH",0,0,1,0,0,0,0,0,0,0,0,0,0,0,0,0
"2677",9331338,"010801060407",0.005701,0.0016287757,28.57,"NH",0,0,0,0,0,0,0,0,1,0.4024786193485,0,0,0,0,0,0
"2678",9331342,"010801060407",0.513854,0,0,"NH",0,0,0,0,0,0,1,0,0,0,0,0,0,0,0,0
"2679",9331344,"010801060407",0.020478,0,0,"NH",0,0,0,0,0,0,1,0,0,0,0,0,0,0,0,0
"2680",9331346,"010801060407",0.225088,0,0,"NH",0,0,0,0,0,0,1,0,0,0,0,0,0,0,0,0
"2681",9331350,"010801060702",2.670627,0.2440953078,9.14,"NH",0,0,0,0,1,60.317171033919,0,0,0,0,0,0,0,0,0,0
"2682",9331354,"010801060702",0.970259,0,0,"NH",0,0,0,0,0,0,1,0,0,0,0,0,0,0,0,0
"2683",9331358,"010801060702",1.134195,0,0,"NH",0,0,0,0,0,0,1,0,0,0,0,0,0,0,0,0
"2684",9331368,"010801060702",0.021268,0,0,"NH",0,0,0,0,0,0,1,0,0,0,0,0,0,0,0,0
"2685",9331370,"010801060702",0.008949,0,0,"NH",0,0,1,0,0,0,1,0,0,0,0,0,1,0,1,0
"2686",9331376,"010801060702",0.356043,0.0561835854,15.78,"NH",0,0,0,0,1,13.883244870267,0,0,0,0,0,0,0,0,0,0
"2687",9331378,"010801060702",0.178178,0.00712712,4,"NH",0,0,0,0,1,1.7611469876,0,0,0,0,0,0,0,0,0,0
"2688",9331382,"010801060702",0.01715,0,0,"NH",0,0,0,0,0,0,1,0,0,0,0,0,0,0,0,0
"2689",9331386,"010801060702",0.129189,0,0,"NH",0,0,0,0,0,0,1,0,0,0,0,0,0,0,0,0
"2690",9331388,"010801060702",0.293827,0.0422229399,14.37,"NH",0,0,0,0,0,0,1,10.4334995639895,0,0,0,0,0,0,0,0
"2691",9331390,"010801060702",0.006975,0,0,"NH",0,0,0,0,0,0,1,0,0,0,0,0,0,0,0,0
"2692",9331392,"010801060702",0.225618,0.01804944,8,"NH",0,0,0,0,0,0,1,4.4601068712,0,0,0,0,0,0,0,0
"2693",9331398,"010801060702",0.703662,0.0368718888,5.24,"NH",0,0,0,0,0,0,1,9.111228081924,0,0,0,0,0,0,0,0
"2694",9331400,"010801060403",0.247368,0,0,"NH",0,0,0,0,0,0,1,0,0,0,0,0,0,0,0,0
"2695",9331402,"010801060403",0.484609,0,0,"NH",0,0,0,0,0,0,1,0,0,0,0,0,0,0,0,0
"2696",9331404,"010801060702",0.833223,0.0371617458,4.46,"NH",0,0,0,0,0,0,1,9.182853195909,0,0,0,0,0,0,0,0
"2697",9331406,"010801060702",0.019652,0,0,"NH",0,0,0,0,0,0,1,0,0,0,0,0,0,0,0,0
"2698",9331410,"010801060702",1.674003,0,0,"NH",0,0,0,0,0,0,1,0,0,0,0,0,0,0,0,0
"2699",9331412,"010801060702",0.794164,0,0,"NH",0,0,0,0,0,0,1,0,0,0,0,0,0,0,0,0
"2700",9331414,"010801060702",0.016932,0,0,"NH",0,0,0,0,0,0,1,0,0,0,0,0,0,0,0,0
"2701",9331416,"010801060702",1.148242,0.0234241368,2.04,"NH",0,0,0,0,0,0,1,5.788221323964,0,0,0,0,0,0,0,0
"2702",9331418,"010801060702",0.009496,0.0017263728,18.18,"NH",0,0,0,0,1,0.426595350744,0,0,0,0,0,0,0,0,0,0
"2703",9331422,"010801060702",0.005565,0,0,"NH",0,0,0,0,0,0,1,0,0,0,0,0,0,0,0,0
"2704",9331428,"010801060702",0.023887,0,0,"NH",0,0,0,0,0,0,1,0,0,0,0,0,0,0,0,0
"2705",9331436,"010801060702",0.250729,0,0,"NH",0,0,0,0,0,0,1,0,0,0,0,0,0,0,0,0
"2706",9331438,"010801070201",0.252289,0,0,"NH",0,0,1,0,0,0,0,0,0,0,0,0,0,0,0,0
"2707",9331442,"010801060403",0.120772,0,0,"NH",0,0,0,0,0,0,1,0,0,0,0,0,0,0,0,0
"2708",9331444,"010801060702",0.045088,0.0045088,10,"NH",0,0,0,0,0,0,1,1.114147024,0,0,0,0,0,0,0,0
"2709",9331446,"010801060702",0.672999,0.01345998,2,"NH",0,0,0,0,1,3.3260283579,0,0,0,0,0,0,0,0,0,0
"2710",9331456,"010801070201",0.081456,0,0,"NH",0,0,1,0,0,0,0,0,0,0,0,0,0,0,0,0
"2711",9331458,"010801070201",3.280299,0,0,"NH",0,0,1,0,0,0,0,0,0,0,0,0,0,0,0,0
"2712",9331464,"010801060702",0.462559,0.1215142493,26.27,"NH",0,0,0,0,1,30.0267785732765,0,0,0,0,0,0,0,0,0,0
"2713",9331468,"010801060403",0.541835,0,0,"NH",0,0,0,0,0,0,1,0,0,0,0,0,0,0,0,0
"2714",9331474,"010801060702",0.407684,0.0820667892,20.13,"NH",0,0,0,0,1,20.279113945266,0,0,0,0,0,0,0,0,0,0
"2715",9331476,"010801060702",0.164225,0,0,"NH",0,0,0,0,0,0,1,0,0,0,0,0,0,0,0,0
"2716",9331478,"010801060702",0.507067,0.0406160667,8.01,"NH",0,0,0,0,1,10.0364331619035,0,0,0,0,0,0,0,0,0,0
"2717",9331480,"010801060702",0.042711,0,0,"NH",0,0,0,0,0,0,1,0,0,0,0,0,0,0,0,0
"2718",9331482,"010801060702",0.444815,0.00088963,0.2,"NH",0,0,0,0,0,0,1,0.21983202115,0,0,0,0,0,0,0,0
"2719",9331488,"010801070201",0.10657,0,0,"NH",0,0,1,0,0,0,0,0,0,0,0,0,0,0,0,0
"2720",9331492,"010801070201",0.182748,0,0,"NH",0,0,1,0,0,0,0,0,0,0,0,0,0,0,0,0
"2721",9331498,"010801060702",0.068937,0.0220943085,32.05,"NH",0,0,0,0,1,5.4596141018925,0,0,0,0,0,0,0,0,0,0
"2722",9331502,"010801060702",0.964275,0.06749925,7,"NH",0,0,0,0,1,16.67940217125,0,0,0,0,0,0,0,0,0,0
"2723",9331510,"010801060702",1.051106,0,0,"NH",0,0,0,0,0,0,1,0,0,0,0,0,0,0,0,0
"2724",9331518,"010801060703",5.548866,0.307962063,5.55,"NH",0,0,0,0,0,0,0,0,1,76.098965577615,0,0,0,0,0,0
"2725",9331520,"010801060703",4.41202,0.315018228,7.14,"NH",0,0,0,0,0,0,0,0,1,77.84257922994,0,0,0,0,0,0
"2726",9331524,"010801060703",0.312488,0,0,"NH",0,0,0,0,0,0,1,0,0,0,0,0,0,0,0,0
"2727",9331526,"010801060703",0.493382,0.0180577812,3.66,"NH",0,0,0,0,0,0,1,4.462168023426,0,0,0,0,0,0,0,0
"2728",9331528,"010801060703",5.007708,0.38809737,7.75,"NH",0,0,0,0,0,0,0,0,1,95.90080061385,0,0,0,0,0,0
"2729",9331532,"010801060703",3.928164,0.6084726036,15.49,"NH",0,0,0,0,0,0,1,150.356622712578,0,0,0,0,0,0,0,0
"2730",9331534,"010801060703",0.414861,0,0,"NH",0,0,0,0,0,0,1,0,0,0,0,0,0,0,0,0
"2731",9331536,"010801060703",0.395624,0,0,"VT",0,0,0,0,0,0,1,0,0,0,0,0,0,0,0,0
"2732",9331538,"010801070203",0.554486,0,0,"NH",0,0,1,0,0,0,0,0,0,0,0,0,0,0,0,0
"2733",9331540,"010801060703",5.404188,0,0,"NH",0,0,0,0,0,0,1,0,0,0,0,0,0,0,0,0
"2734",9331544,"010801060703",2.866006,0,0,"NH",0,0,0,0,0,0,1,0,0,0,0,0,0,0,0,0
"2735",9331546,"010801070501",0.686682,0,0,"NH",0,0,1,0,0,0,0,0,0,0,0,0,0,0,0,0
"2736",9331548,"010801070501",0.276578,0,0,"NH",0,0,1,0,0,0,0,0,0,0,0,0,0,0,0,0
"2737",9331552,"010801070501",0.371109,0.0044904189,1.21,"NH",0,0,0,0,1,1.1096049622845,0,0,0,0,0,0,0,0,0,0
"2738",9331554,"010801070501",6.025811,1.0870563044,18.04,"NH",0,0,0,0,1,268.617048098762,0,0,0,0,0,0,0,0,0,0
"2739",9331558,"010801070501",0.169749,0,0,"NH",0,0,1,0,0,0,0,0,0,0,0,0,0,0,0,0
"2740",9331562,"010801070501",0.267816,0.0277725192,10.37,"NH",0,0,0,0,1,6.862728356916,0,0,0,0,0,0,0,0,0,0
"2741",9331566,"010801070501",0.092526,0.009067548,9.8,"NH",0,0,0,0,1,2.24063644854,0,0,0,0,0,0,0,0,0,0
"2742",9331570,"010801070501",0.13596,0.042038832,30.92,"NH",0,0,0,0,1,10.38800558136,0,0,0,0,0,0,0,0,0,0
"2743",9331572,"010801070501",1.739701,0.634990865,36.5,"NH",0,0,1,156.909417695825,0,0,0,0,0,0,0,0,0,0,0,0
"2744",9331576,"010801070501",1.95225,0.119672925,6.13,"NH",0,0,0,0,1,29.571778132125,0,0,0,0,0,0,0,0,0,0
"2745",9331580,"010801070501",2.398637,0.6881689553,28.69,"NH",0,0,0,0,1,170.049989699406,0,0,0,0,0,0,0,0,0,0
"2746",9331582,"010801070501",0.02049,0.010689633,52.17,"NH",0,0,0,0,1,2.641461762465,0,0,0,0,0,0,0,0,0,0
"2747",9331584,"010801070501",0.094508,0.0495032904,52.38,"NH",0,0,0,0,1,12.232510574292,0,0,0,0,0,0,0,0,0,0
"2748",9331586,"010801070501",0.010165,0.0008467445,8.33,"NH",0,0,0,0,1,0.2092347996725,0,0,0,0,0,0,0,0,0,0
"2749",9331590,"010801070501",1.113222,0.2246481996,20.18,"NH",0,0,0,0,1,55.511693362158,0,0,0,0,0,0,0,0,0,0
"2750",9331596,"010801070501",1.411032,0.5421184944,38.42,"NH",0,0,1,133.960190558712,0,0,0,0,0,0,0,0,0,0,0,0
"2751",9331600,"010801070502",4.144591,0.5043967247,12.17,"NH",0,0,0,0,0,0,0,0,1,124.638952656994,0,0,0,0,0,0
"2752",9331602,"010801070502",0.551366,0.070850531,12.85,"NH",0,0,0,0,0,0,0,0,1,17.507520462755,0,0,0,0,0,0
"2753",9331604,"010801070502",0.013247,0.0026494,20,"NH",0,0,0,0,0,0,0,0,1,0.654679987,0,0,0,0,0,0
"2754",9331608,"010801070502",0.200365,0.099741697,49.78,"NH",0,0,0,0,0,0,0,0,1,24.646672037185,0,0,0,0,0,0
"2755",9331610,"010801070502",3.355718,0.6416132816,19.12,"NH",0,0,0,0,0,0,0,0,1,158.545849949768,0,0,0,0,0,0
"2756",9331612,"010801070502",0.037434,0.0161640012,43.18,"NH",0,0,0,0,0,0,0,0,1,3.994205516526,0,0,0,0,0,0
"2757",9331616,"010801070502",2.667877,0.7507405878,28.14,"NH",0,0,0,0,0,0,0,0,1,185.511752948319,0,0,0,0,0,0
"2758",9331618,"010801060402",0.309307,0,0,"NH",0,0,1,0,0,0,0,0,0,0,0,0,0,0,0,0
"2759",9331620,"010801060402",0.493118,0,0,"NH",0,0,1,0,0,0,0,0,0,0,0,0,0,0,0,0
"2760",9331622,"010801060402",2.355151,0,0,"NH",0,0,1,0,0,0,0,0,0,0,0,0,0,0,0,0
"2761",9331624,"010801060402",1.645737,0,0,"NH",0,0,1,0,0,0,0,0,0,0,0,0,0,0,0,0
"2762",9331632,"010801060702",0.010895,0.001675651,15.38,"NH",0,0,0,0,0,0,1,0.414061740355,0,0,0,0,0,0,0,0
"2763",9331634,"010801070501",0.012007,0,0,"NH",0,0,1,0,0,0,0,0,0,0,0,0,0,0,0,0
"2764",9331644,"010801060402",0.482004,0,0,"NH",0,0,1,0,0,0,0,0,0,0,0,0,0,0,0,0
"2765",9331648,"010801060404",2.006815,0,0,"NH",0,0,1,0,0,0,0,0,0,0,0,0,0,0,0,0
"2766",9331650,"010801060305",0.590627,0.0296494754,5.02,"VT",0,0,0,0,1,7.326533618717,0,0,0,0,0,0,0,0,0,0
"2767",9331654,"010801060406",1.349247,0,0,"NH",0,0,0,0,0,0,1,0,0,0,0,0,0,0,0,0
"2768",9331664,"010801060402",2.486108,0,0,"NH",0,0,1,0,0,0,0,0,0,0,0,0,0,0,0,0
"2769",9331668,"010801060406",0.132647,0,0,"NH",0,0,0,0,0,0,1,0,0,0,0,0,0,0,0,0
"2770",9331670,"010801060702",1.873072,0,0,"VT",0,0,0,0,0,0,1,0,0,0,0,0,0,0,0,0
"2771",9331672,"010801060406",0.340303,0,0,"NH",0,0,0,0,0,0,1,0,0,0,0,0,0,0,0,0
"2772",9331678,"010801060702",1.753512,0,0,"VT",0,0,0,0,0,0,1,0,0,0,0,0,0,0,0,0
"2773",9331680,"010801060701",0.323434,0,0,"NH",0,0,0,0,0,0,1,0,0,0,0,0,0,0,0,0
"2774",9331684,"010801060403",2.802117,0,0,"NH",0,0,0,0,0,0,1,0,0,0,0,0,0,0,0,0
"2775",9331686,"010801070201",2.140192,0,0,"NH",0,0,1,0,0,0,0,0,0,0,0,0,0,0,0,0
"2776",9331688,"010801060403",0.349691,0,0,"NH",0,0,0,0,0,0,1,0,0,0,0,0,0,0,0,0
"2777",9331690,"010801060403",0.453391,0,0,"NH",0,0,0,0,0,0,1,0,0,0,0,0,0,0,0,0
"2778",9331692,"010801060703",0.227039,0.000908156,0.4,"NH",0,0,0,0,0,0,1,0.22440988838,0,0,0,0,0,0,0,0
"2779",9331694,"010801060703",0.485017,0,0,"NH",0,0,0,0,0,0,1,0,0,0,0,0,0,0,0,0
"2780",9331696,"010801070202",0.7868,0,0,"NH",0,0,1,0,0,0,0,0,0,0,0,0,0,0,0,0
"2781",9331712,"010801060303",0.027066,0,0,"NH",0,0,0,0,0,0,1,0,0,0,0,0,0,0,0,0
"2782",9331722,"010801060304",0.010881,0,0,"VT",0,0,0,0,0,0,1,0,0,0,0,0,0,0,0,0
"2783",9331724,"010801060402",2.972328,0,0,"NH",0,0,1,0,0,0,0,0,0,0,0,0,0,0,0,0
"2784",9331726,"010801060402",0.320917,0,0,"NH",0,0,1,0,0,0,0,0,0,0,0,0,0,0,0,0
"2785",9332144,"010801070504",0.277773,0,0,"VT",0,0,0,0,0,0,1,0,0,0,0,0,0,0,0,0
"2786",9332148,"010801070504",0.031624,0,0,"VT",0,0,0,0,0,0,1,0,0,0,0,0,0,0,0,0
"2787",9332150,"010801070502",0.584629,0,0,"NH",0,0,0,0,0,0,1,0,0,0,0,0,0,0,0,0
"2788",9332152,"010801070502",0.194639,0.0406990149,20.91,"NH",0,0,0,0,0,0,1,10.0569300768645,0,0,0,0,0,0,0,0
"2789",9332154,"010801070502",1.045961,0,0,"NH",0,0,0,0,0,0,1,0,0,0,0,0,0,0,0,0
"2790",9332160,"010801070502",1.335737,0,0,"NH",0,0,0,0,0,0,1,0,0,0,0,0,0,0,0,0
"2791",9332164,"010801070504",0.602487,0.0406076238,6.74,"VT",0,0,0,0,1,10.034346879099,0,0,0,0,0,0,0,0,0,0
"2792",9332166,"010801070502",0.151153,0.0334955048,22.16,"NH",0,0,0,0,0,0,0,0,1,8.276906713604,0,0,0,0,0,0
"2793",9332170,"010801070502",0.2442,0,0,"VT",0,0,0,0,0,0,1,0,0,0,0,0,0,0,0,0
"2794",9332172,"010801070504",2.592586,0,0,"VT",0,0,0,0,0,0,1,0,0,0,0,0,0,0,0,0
"2795",9332176,"010801070502",3.579368,0.0297087544,0.83,"VT",0,0,0,0,0,0,1,7.341181756012,0,0,0,0,0,0,0,0
"2796",9332180,"010801070504",2.293474,0.1314160602,5.73,"VT",0,0,0,0,1,32.473565555721,0,0,0,0,0,0,0,0,0,0
"2797",9332182,"010801070502",1.015248,0.2922898992,28.79,"NH",0,0,0,0,0,0,0,0,1,72.226295541816,0,0,0,0,0,0
"2798",9332186,"010801070505",0.754661,0,0,"VT",0,0,0,0,0,0,1,0,0,0,0,0,0,0,0,0
"2799",9332190,"010801070505",2.690528,0,0,"VT",0,0,0,0,0,0,1,0,0,0,0,0,0,0,0,0
"2800",9332192,"010801070505",3.459646,0.0044975398,0.13,"VT",0,0,0,0,0,0,1,1.111364572279,0,0,0,0,0,0,0,0
"2801",9332194,"010801070505",6.3785,0,0,"VT",0,0,0,0,0,0,1,0,0,0,0,0,0,0,0,0
"2802",9332196,"010801070505",1.244769,0,0,"VT",0,0,0,0,0,0,1,0,0,0,0,0,0,0,0,0
"2803",9332200,"010801070503",1.408196,0,0,"NH",0,0,0,0,0,0,1,0,0,0,0,0,0,0,0,0
"2804",9332202,"010801070505",5.901803,0,0,"NH",0,0,0,0,0,0,1,0,0,0,0,0,0,0,0,0
"2805",9332204,"010801070503",21.601319,0.086405276,0.4,"NH",0,0,0,0,0,0,1,21.35117572598,0,0,0,0,0,0,0,0
"2806",9332206,"010801070505",2.073978,0.2756316762,13.29,"NH",1,68.109965347401,0,0,0,0,0,0,0,0,0,0,0,0,0,0
"2807",9332208,"010801070503",0.64854,0,0,"NH",0,0,0,0,0,0,1,0,0,0,0,0,0,0,0,0
"2808",9332210,"010801070503",0.935018,0,0,"NH",0,0,0,0,0,0,1,0,0,0,0,0,0,0,0,0
"2809",9332212,"010801070503",0.678295,0,0,"NH",0,0,0,0,0,0,1,0,0,0,0,0,0,0,0,0
"2810",9332214,"010801070503",0.304385,0,0,"NH",0,0,0,0,0,0,1,0,0,0,0,0,0,0,0,0
"2811",9332216,"010801070503",4.238707,0,0,"NH",0,0,0,0,0,0,1,0,0,0,0,0,0,0,0,0
"2812",9332220,"010801070505",4.725361,0,0,"VT",0,0,0,0,0,0,1,0,0,0,0,0,0,0,0,0
"2813",9332222,"010801070505",8.257104,0.0033028416,0.04,"NH",0,0,0,0,0,0,1,0.816148673568,0,0,0,0,0,0,0,0
"2814",9332224,"010801070503",1.083693,0,0,"NH",0,0,0,0,0,0,1,0,0,0,0,0,0,0,0,0
"2815",9332226,"010801070505",1.670217,0,0,"VT",0,0,0,0,0,0,1,0,0,0,0,0,0,0,0,0
"2816",9332228,"010801070503",1.756211,0,0,"NH",0,0,0,0,0,0,1,0,0,0,0,0,0,0,0,0
"2817",9332230,"010801070505",3.935645,0.0145618865,0.37,"VT",0,0,0,0,0,0,1,3.5983149635825,0,0,0,0,0,0,0,0
"2818",9332232,"010801070503",0.868872,0,0,"NH",0,0,0,0,0,0,1,0,0,0,0,0,0,0,0,0
"2819",9332234,"010801070505",1.084578,0,0,"NH",0,0,0,0,0,0,1,0,0,0,0,0,0,0,0,0
"2820",9332236,"010801070505",0.341124,0,0,"NH",0,0,0,0,0,0,1,0,0,0,0,0,0,0,0,0
"2821",9332238,"010801070503",4.653101,0,0,"NH",0,0,0,0,0,0,1,0,0,0,0,0,0,0,0,0
"2822",9332240,"010801070503",6.404985,0,0,"NH",0,0,0,0,0,0,1,0,0,0,0,0,0,0,0,0
"2823",9332242,"010801070503",4.857979,0,0,"NH",0,0,0,0,0,0,1,0,0,0,0,0,0,0,0,0
"2824",9332244,"010801070505",0.778534,0,0,"VT",0,0,0,0,0,0,1,0,0,0,0,0,0,0,0,0
"2825",9332246,"010801070505",1.672232,0.046822496,2.8,"NH",0,0,0,0,0,0,1,11.57007287408,0,0,0,0,0,0,0,0
"2826",9332248,"010801070505",4.121005,0,0,"NH",0,0,0,0,0,0,1,0,0,0,0,0,0,0,0,0
"2827",9332250,"010801070506",0.713601,0,0,"VT",0,0,0,0,0,0,1,0,0,0,0,0,0,0,0,0
"2828",9332252,"010801070505",6.511657,0,0,"NH",0,0,0,0,0,0,1,0,0,0,0,0,0,0,0,0
"2829",9332254,"010801070506",1.8304,0,0,"VT",0,0,0,0,0,0,1,0,0,0,0,0,0,0,0,0
"2830",9332256,"010801070506",1.826878,0,0,"VT",0,0,0,0,0,0,1,0,0,0,0,0,0,0,0,0
"2831",9332258,"010801070505",4.019196,0,0,"NH",0,0,0,0,0,0,1,0,0,0,0,0,0,0,0,0
"2832",9332260,"010801070506",3.537373,0,0,"VT",0,0,0,0,0,0,1,0,0,0,0,0,0,0,0,0
"2833",9332262,"010801070506",0.589865,0,0,"VT",0,0,0,0,0,0,1,0,0,0,0,0,0,0,0,0
"2834",9332264,"010801070506",2.070992,0,0,"VT",0,0,0,0,0,0,1,0,0,0,0,0,0,0,0,0
"2835",9332266,"010801070505",14.099675,0.0183295775,0.13,"NH",0,0,0,0,0,0,1,4.5293302481375,0,0,0,0,0,0,0,0
"2836",9332268,"010801070506",1.112262,0,0,"VT",0,0,0,0,0,0,1,0,0,0,0,0,0,0,0,0
"2837",9332270,"010801070506",3.689106,0,0,"VT",0,0,0,0,0,0,1,0,0,0,0,0,0,0,0,0
"2838",9332272,"010801070505",1.89922,0,0,"NH",0,0,0,0,0,0,1,0,0,0,0,0,0,0,0,0
"2839",9332274,"010801070505",5.670604,0,0,"NH",0,0,0,0,0,0,1,0,0,0,0,0,0,0,0,0
"2840",9332278,"010801070506",1.484688,0,0,"VT",0,0,0,0,0,0,1,0,0,0,0,0,0,0,0,0
"2841",9332280,"010801070505",6.221308,0,0,"NH",0,0,0,0,0,0,1,0,0,0,0,0,0,0,0,0
"2842",9332286,"010801070505",1.18388,0,0,"NH",0,0,0,0,0,0,1,0,0,0,0,0,0,0,0,0
"2843",9332290,"010801070505",1.063438,0,0,"NH",0,0,0,0,0,0,1,0,0,0,0,0,0,0,0,0
"2844",9332292,"010801070506",2.32684,0,0,"VT",0,0,0,0,0,0,1,0,0,0,0,0,0,0,0,0
"2845",9332294,"010801070506",1.944207,0,0,"VT",0,0,0,0,0,0,1,0,0,0,0,0,0,0,0,0
"2846",9332296,"010801070506",0.409301,0,0,"VT",0,0,0,0,0,0,1,0,0,0,0,0,0,0,0,0
"2847",9332298,"010801070506",3.945207,0,0,"VT",0,0,0,0,0,0,1,0,0,0,0,0,0,0,0,0
"2848",9332300,"010801070506",1.661915,0,0,"VT",0,0,0,0,0,0,1,0,0,0,0,0,0,0,0,0
"2849",9332302,"010801070506",1.278125,0,0,"VT",0,0,0,0,0,0,1,0,0,0,0,0,0,0,0,0
"2850",9332304,"010801070507",7.334851,0.0205375828,0.28,"VT",0,0,0,0,1,5.074939397794,0,0,0,0,0,0,0,0,0,0
"2851",9332306,"010801070506",0.233108,0,0,"VT",0,0,0,0,0,0,1,0,0,0,0,0,0,0,0,0
"2852",9332308,"010801070506",6.975469,0,0,"VT",0,0,0,0,0,0,1,0,0,0,0,0,0,0,0,0
"2853",9332312,"010801070506",0.729737,0,0,"VT",0,0,0,0,0,0,1,0,0,0,0,0,0,0,0,0
"2854",9332314,"010801070506",1.378345,0,0,"VT",0,0,0,0,0,0,1,0,0,0,0,0,0,0,0,0
"2855",9332316,"010801070506",1.408168,0,0,"VT",0,0,0,0,0,0,1,0,0,0,0,0,0,0,0,0
"2856",9332318,"010801070507",1.441397,0,0,"VT",0,0,1,0,0,0,0,0,0,0,0,0,0,0,0,0
"2857",9332320,"010801070507",1.741415,0,0,"NH",0,0,1,0,0,0,0,0,0,0,0,0,0,0,0,0
"2858",9332324,"010801070507",1.222859,0,0,"VT",0,0,1,0,0,0,0,0,0,0,0,0,0,0,0,0
"2859",9332328,"010801070507",1.291407,0,0,"VT",0,0,1,0,0,0,0,0,0,0,0,0,0,0,0,0
"2860",9332330,"010801070507",2.739248,0,0,"VT",0,0,1,0,0,0,0,0,0,0,0,0,0,0,0,0
"2861",9332332,"010801070507",2.244534,0,0,"VT",0,0,1,0,0,0,0,0,0,0,0,0,0,0,0,0
"2862",9332334,"010801070507",5.314662,0.0249789114,0.47,"VT",0,0,0,0,1,6.172413901497,0,0,0,0,0,0,0,0,0,0
"2863",9332336,"010801070507",3.467732,0,0,"VT",0,0,1,0,0,0,0,0,0,0,0,0,0,0,0,0
"2864",9332338,"010801070507",1.934967,0,0,"NH",0,0,1,0,0,0,0,0,0,0,0,0,0,0,0,0
"2865",9332342,"010801070507",15.428029,0.0416556783,0.27,"VT",0,0,0,0,1,10.2933263863215,0,0,0,0,0,0,0,0,0,0
"2866",9332344,"010801070507",4.166169,0,0,"VT",0,0,1,0,0,0,0,0,0,0,0,0,0,0,0,0
"2867",9332346,"010801070507",3.732853,0,0,"VT",0,0,1,0,0,0,0,0,0,0,0,0,0,0,0,0
"2868",9332348,"010801070507",0.125364,0,0,"VT",0,0,1,0,0,0,0,0,0,0,0,0,0,0,0,0
"2869",9332350,"010801070507",0.411295,0,0,"VT",0,0,1,0,0,0,0,0,0,0,0,0,0,0,0,0
"2870",9332352,"010801070507",1.335948,0,0,"VT",0,0,1,0,0,0,0,0,0,0,0,0,0,0,0,0
"2871",9332354,"010801070507",1.097275,0,0,"VT",0,0,1,0,0,0,0,0,0,0,0,0,0,0,0,0
"2872",9332356,"010801070507",0.043666,0,0,"VT",0,0,1,0,0,0,0,0,0,0,0,0,0,0,0,0
"2873",9332360,"010801070507",3.280532,0.0511762992,1.56,"VT",0,0,0,0,1,12.645919413816,0,0,0,0,0,0,0,0,0,0
"2874",9332362,"010801070507",1.783162,0,0,"VT",0,0,1,0,0,0,0,0,0,0,0,0,0,0,0,0
"2875",9332364,"010801070507",1.553171,0,0,"VT",0,0,1,0,0,0,0,0,0,0,0,0,0,0,0,0
"2876",9332366,"010801070507",6.171165,0,0,"VT",0,0,1,0,0,0,0,0,0,0,0,0,0,0,0,0
"2877",9332368,"010801070507",0.145178,0,0,"VT",0,0,1,0,0,0,0,0,0,0,0,0,0,0,0,0
"2878",9332370,"010801070507",0.005091,0,0,"VT",0,0,1,0,0,0,0,0,0,0,0,0,0,0,0,0
"2879",9332372,"010801070507",0.677141,0,0,"VT",0,0,1,0,0,0,0,0,0,0,0,0,0,0,0,0
"2880",9332376,"010801070507",2.016631,0,0,"VT",0,0,1,0,0,0,0,0,0,0,0,0,0,0,0,0
"2881",9332378,"010801070507",0.890138,0,0,"VT",0,0,1,0,0,0,0,0,0,0,0,0,0,0,0,0
"2882",9332384,"010801070507",0.853382,0,0,"VT",0,0,1,0,0,0,0,0,0,0,0,0,0,0,0,0
"2883",9332386,"010801070507",1.029676,0,0,"VT",0,0,1,0,0,0,0,0,0,0,0,0,0,0,0,0
"2884",9332458,"010801070505",2.550315,0,0,"NH",0,0,0,0,0,0,1,0,0,0,0,0,0,0,0,0
"2885",9332460,"010801070505",4.180314,0,0,"NH",0,0,0,0,0,0,1,0,0,0,0,0,0,0,0,0
"2886",9332462,"010801070505",4.767654,0,0,"NH",0,0,0,0,0,0,1,0,0,0,0,0,0,0,0,0
"2887",9332464,"010801070507",5.218565,0,0,"NH",0,0,1,0,0,0,0,0,0,0,0,0,0,0,0,0
"2888",9332466,"010801070507",8.113245,0,0,"NH",0,0,1,0,0,0,0,0,0,0,0,0,0,0,0,0
"2889",9332478,"010801070502",0.023904,0.0101137824,42.31,"NH",0,0,0,0,0,0,0,0,1,2.499166199952,0,0,0,0,0,0
"2890",9332480,"010801070502",0.079165,0.0413795455,52.27,"NH",0,0,0,0,0,0,0,0,1,10.2250925907775,0,0,0,0,0,0
"2891",9332482,"010801070502",0.037925,0.00617419,16.28,"NH",0,0,0,0,0,0,0,0,1,1.52567321995,0,0,0,0,0,0
"2892",9332484,"010801070502",0.02044,0.009367652,45.83,"NH",0,0,0,0,0,0,0,0,1,2.31479364746,0,0,0,0,0,0
"2893",9332486,"010801070502",0.463373,0.1619952008,34.96,"NH",0,0,0,0,0,0,0,0,1,40.029824093684,0,0,0,0,0,0
"2894",9332490,"010801070502",0.817058,0.1943780982,23.79,"NH",0,0,0,0,0,0,0,0,1,48.031799955711,0,0,0,0,0,0
"2895",9332492,"010801070502",0.034565,0.000864125,2.5,"NH",0,0,0,0,0,0,1,0.213529608125,0,0,0,0,0,0,0,0
"2896",9332494,"010801070502",1.18732,0.141172348,11.89,"NH",0,0,0,0,0,0,1,34.88439305254,0,0,0,0,0,0,0,0
"2897",9332496,"010801070505",1.688907,0.2492826732,14.76,"NH",1,61.598994961086,0,0,0,0,0,0,0,0,0,0,0,0,0,0
"2898",9332502,"010801070505",11.812211,0.3968902896,3.36,"NH",1,98.073575011608,0,0,0,0,0,0,0,0,0,0,0,0,0,0
"2899",9332506,"010801070505",6.817782,0.2774837274,4.07,"NH",0,0,0,0,0,0,1,68.567616459177,0,0,0,0,0,0,0,0
"2900",9332508,"010801070505",1.757449,0.0630924191,3.59,"NH",0,0,0,0,0,0,1,15.5904522217055,0,0,0,0,0,0,0,0
"2901",9332512,"010801070505",2.601013,0.0710076549,2.73,"NH",0,0,0,0,0,0,1,17.5463465640645,0,0,0,0,0,0,0,0
"2902",9332518,"010801070505",2.59683,0.055052796,2.12,"NH",0,0,0,0,0,0,1,13.60382115558,0,0,0,0,0,0,0,0
"2903",9332520,"010801070505",3.694175,0.135206805,3.66,"NH",1,33.410277549525,0,0,0,0,0,0,0,0,0,0,0,0,0,0
"2904",9332526,"010801070505",7.531798,0.2131498834,2.83,"NH",1,52.670401937557,0,0,0,0,0,0,0,0,0,0,0,0,0,0
"2905",9332532,"010801070505",1.062324,0,0,"NH",0,0,0,0,0,0,1,0,0,0,0,0,0,0,0,0
"2906",9332534,"010801070506",3.398534,0,0,"VT",0,0,0,0,0,0,1,0,0,0,0,0,0,0,0,0
"2907",9332536,"010801070507",2.670964,0,0,"NH",0,0,1,0,0,0,0,0,0,0,0,0,0,0,0,0
"2908",9332538,"010801070507",8.580972,0,0,"NH",0,0,1,0,0,0,0,0,0,0,0,0,0,0,0,0
"2909",9332542,"010801070507",0.075839,0,0,"NH",0,0,1,0,0,0,0,0,0,0,0,0,0,0,0,0
"2910",9332546,"010801070507",4.767703,0.0567356657,1.19,"NH",0,0,0,0,1,14.0196666727985,0,0,0,0,0,0,0,0,0,0
"2911",9332548,"010801070507",0.255104,0.0080867968,3.17,"NH",0,0,0,0,1,1.998287923264,0,0,0,0,0,0,0,0,0,0
"2912",9332550,"010801070507",0.507298,0.0342933448,6.76,"NH",0,0,0,0,1,8.474056966804,0,0,0,0,0,0,0,0,0,0
"2913",9332552,"010802010501",8.084561,0.4276732769,5.29,"NH",0,0,0,0,0,0,1,105.680205088375,0,0,0,0,0,0,0,0
"2914",9332558,"010801070503",10.061451,0,0,"NH",0,0,0,0,0,0,1,0,0,0,0,0,0,0,0,0
"2915",9332560,"010801070506",2.718465,0,0,"VT",0,0,0,0,0,0,1,0,0,0,0,0,0,0,0,0
"2916",9332564,"010801070506",2.914903,0,0,"VT",0,0,0,0,0,0,1,0,0,0,0,0,0,0,0,0
"2917",9332566,"010801070507",5.001604,0,0,"NH",0,0,1,0,0,0,0,0,0,0,0,0,0,0,0,0
"2918",9332568,"010801070504",0.020114,0,0,"VT",0,0,0,0,0,0,1,0,0,0,0,0,0,0,0,0
"2919",9332570,"010801070507",0.181286,0,0,"VT",0,0,1,0,0,0,0,0,0,0,0,0,0,0,0,0
"2920",9332582,"010801070507",0.712515,0,0,"NH",0,0,1,0,0,0,0,0,0,0,0,0,0,0,0,0
"2921",9332584,"010801070507",0.433021,0.0609693568,14.08,"VT",0,0,0,0,1,15.065832912064,0,0,0,0,0,0,0,0,0,0
"2922",9336412,"010801060702",1.912359,0.4538027907,23.73,"NH",0,0,0,0,1,112.136938595924,0,0,0,0,0,0,0,0,0,0
"2923",9336426,"010801060303",0.0072,0,0,"NH",0,0,0,0,0,0,1,0,0,0,0,0,0,0,0,0
"2924",9336430,"010801060702",0.12451,0.041798007,33.57,"NH",0,0,0,0,1,10.328496519735,0,0,0,0,0,0,0,0,0,0
"2925",9336434,"010801040205",0.03548,0,0,"NH",0,0,0,0,0,0,0,0,0,0,0,0,1,0,0,0
"2926",9336440,"010801040203",0.129473,0,0,"NH",0,0,0,0,0,0,0,0,0,0,0,0,1,0,0,0
"2927",10102038,"010801060601",1.724358,0,0,"VT",0,0,1,0,0,0,0,0,0,0,0,0,0,0,0,0
"2928",10102040,"010801060601",0.500094,0,0,"VT",0,0,1,0,0,0,0,0,0,0,0,0,0,0,0,0
"2929",10102046,"010801060601",1.645084,0,0,"VT",0,0,1,0,0,0,0,0,0,0,0,0,0,0,0,0
"2930",10102048,"010801060601",1.781689,0,0,"VT",0,0,1,0,0,0,0,0,0,0,0,0,0,0,0,0
"2931",10102050,"010801060601",1.211574,0,0,"VT",0,0,1,0,0,0,0,0,0,0,0,0,0,0,0,0
"2932",10102054,"010801060601",2.525624,0,0,"VT",0,0,1,0,0,0,0,0,0,0,0,0,0,0,0,0
"2933",10102056,"010801060601",1.703704,0,0,"VT",0,0,1,0,0,0,0,0,0,0,0,0,0,0,0,0
"2934",10102062,"010801060601",4.875776,0,0,"VT",0,0,1,0,0,0,0,0,0,0,0,0,0,0,0,0
"2935",10102064,"010801060601",0.236603,0,0,"VT",0,0,1,0,0,0,0,0,0,0,0,0,0,0,0,0
"2936",10102066,"010801070301",7.204723,0,0,"VT",0,0,1,0,0,0,0,0,0,0,0,0,0,0,0,0
"2937",10102068,"010801060601",2.494525,0,0,"VT",0,0,1,0,0,0,0,0,0,0,0,0,0,0,0,0
"2938",10102072,"010801060601",0.544111,0,0,"VT",0,0,1,0,0,0,0,0,0,0,0,0,0,0,0,0
"2939",10102074,"010801060601",1.158043,0,0,"VT",0,0,1,0,0,0,0,0,0,0,0,0,0,0,0,0
"2940",10102076,"010801060601",1.107528,0,0,"VT",0,0,1,0,0,0,0,0,0,0,0,0,0,0,0,0
"2941",10102078,"010801060601",3.536386,0,0,"VT",0,0,1,0,0,0,0,0,0,0,0,0,0,0,0,0
"2942",10102080,"010801060601",0.924507,0,0,"VT",0,0,1,0,0,0,0,0,0,0,0,0,0,0,0,0
"2943",10102082,"010801060601",1.858735,0,0,"VT",0,0,1,0,0,0,0,0,0,0,0,0,0,0,0,0
"2944",10102084,"010801060601",0.93722,0,0,"VT",0,0,1,0,0,0,0,0,0,0,0,0,0,0,0,0
"2945",10102086,"010801060601",1.621365,0,0,"VT",0,0,1,0,0,0,0,0,0,0,0,0,0,0,0,0
"2946",10102088,"010801060601",1.59147,0,0,"VT",0,0,1,0,0,0,0,0,0,0,0,0,0,0,0,0
"2947",10102090,"010801070301",1.749288,0,0,"VT",0,0,1,0,0,0,0,0,0,0,0,0,0,0,0,0
"2948",10102094,"010801060601",1.591356,0,0,"VT",0,0,1,0,0,0,0,0,0,0,0,0,0,0,0,0
"2949",10102102,"010801060601",3.501548,0,0,"VT",0,0,1,0,0,0,0,0,0,0,0,0,0,0,0,0
"2950",10102106,"010801060601",1.086971,0,0,"VT",0,0,1,0,0,0,0,0,0,0,0,0,0,0,0,0
"2951",10102108,"010801070301",1.052393,0,0,"VT",0,0,1,0,0,0,0,0,0,0,0,0,0,0,0,0
"2952",10102110,"010801070301",6.543331,0,0,"VT",0,0,1,0,0,0,0,0,0,0,0,0,0,0,0,0
"2953",10102114,"010801070301",3.098706,0,0,"VT",0,0,1,0,0,0,0,0,0,0,0,0,0,0,0,0
"2954",10102118,"010801070302",3.910411,0,0,"VT",0,0,1,0,0,0,0,0,0,0,0,0,0,0,0,0
"2955",10102120,"010801060602",1.891016,0,0,"VT",0,0,1,0,0,0,0,0,0,0,0,0,0,0,0,0
"2956",10102122,"010801060602",1.843288,0,0,"VT",0,0,1,0,0,0,0,0,0,0,0,0,0,0,0,0
"2957",10102124,"010801060601",2.624213,0,0,"VT",0,0,1,0,0,0,0,0,0,0,0,0,0,0,0,0
"2958",10102126,"010801060602",1.762247,0,0,"VT",0,0,1,0,0,0,0,0,0,0,0,0,0,0,0,0
"2959",10102128,"010801060602",1.967127,0,0,"VT",0,0,1,0,0,0,0,0,0,0,0,0,0,0,0,0
"2960",10102130,"010801060602",2.406979,0,0,"VT",0,0,1,0,0,0,0,0,0,0,0,0,0,0,0,0
"2961",10102132,"010801070301",6.828474,0,0,"VT",0,0,1,0,0,0,0,0,0,0,0,0,0,0,0,0
"2962",10102134,"010801070301",2.528026,0,0,"VT",0,0,1,0,0,0,0,0,0,0,0,0,0,0,0,0
"2963",10102136,"010801060602",1.119374,0,0,"VT",0,0,1,0,0,0,0,0,0,0,0,0,0,0,0,0
"2964",10102138,"010801060602",1.175526,0,0,"VT",0,0,1,0,0,0,0,0,0,0,0,0,0,0,0,0
"2965",10102140,"010801060602",1.762823,0,0,"VT",0,0,1,0,0,0,0,0,0,0,0,0,0,0,0,0
"2966",10102142,"010801060602",1.948077,0,0,"VT",0,0,1,0,0,0,0,0,0,0,0,0,0,0,0,0
"2967",10102144,"010801070301",3.462942,0,0,"VT",0,0,1,0,0,0,0,0,0,0,0,0,0,0,0,0
"2968",10102146,"010801070301",1.985518,0,0,"VT",0,0,1,0,0,0,0,0,0,0,0,0,0,0,0,0
"2969",10102148,"010801060602",1.113581,0,0,"VT",0,0,1,0,0,0,0,0,0,0,0,0,0,0,0,0
"2970",10102150,"010801060602",2.074525,0,0,"VT",0,0,1,0,0,0,0,0,0,0,0,0,0,0,0,0
"2971",10102152,"010801060602",0.678549,0,0,"VT",0,0,1,0,0,0,0,0,0,0,0,0,0,0,0,0
"2972",10102154,"010801060602",1.173874,0,0,"VT",0,0,1,0,0,0,0,0,0,0,0,0,0,0,0,0
"2973",10102156,"010801060602",1.027745,0,0,"VT",0,0,1,0,0,0,0,0,0,0,0,0,0,0,0,0
"2974",10102158,"010801060602",3.657918,0,0,"VT",0,0,1,0,0,0,0,0,0,0,0,0,0,0,0,0
"2975",10102160,"010801060601",3.748044,0,0,"VT",0,0,1,0,0,0,0,0,0,0,0,0,0,0,0,0
"2976",10102162,"010801060602",1.12139,0,0,"VT",0,0,1,0,0,0,0,0,0,0,0,0,0,0,0,0
"2977",10102164,"010801060602",1.078471,0,0,"VT",0,0,1,0,0,0,0,0,0,0,0,0,0,0,0,0
"2978",10102166,"010801060602",1.588545,0,0,"VT",0,0,1,0,0,0,0,0,0,0,0,0,0,0,0,0
"2979",10102168,"010801060602",1.892109,0,0,"VT",0,0,1,0,0,0,0,0,0,0,0,0,0,0,0,0
"2980",10102170,"010801060601",4.625007,0,0,"VT",0,0,1,0,0,0,0,0,0,0,0,0,0,0,0,0
"2981",10102172,"010801060601",3.652343,0,0,"VT",0,0,1,0,0,0,0,0,0,0,0,0,0,0,0,0
"2982",10102174,"010801070301",4.299624,0,0,"VT",0,0,1,0,0,0,0,0,0,0,0,0,0,0,0,0
"2983",10102176,"010801070301",4.398379,0,0,"VT",0,0,1,0,0,0,0,0,0,0,0,0,0,0,0,0
"2984",10102178,"010801060602",1.129429,0,0,"VT",0,0,1,0,0,0,0,0,0,0,0,0,0,0,0,0
"2985",10102182,"010801060602",0.993243,0,0,"VT",0,0,1,0,0,0,0,0,0,0,0,0,0,0,0,0
"2986",10102184,"010801060602",1.809016,0,0,"VT",0,0,1,0,0,0,0,0,0,0,0,0,0,0,0,0
"2987",10102186,"010801060602",3.843873,0,0,"VT",0,0,1,0,0,0,0,0,0,0,0,0,0,0,0,0
"2988",10102188,"010801060602",1.576774,0,0,"VT",0,0,1,0,0,0,0,0,0,0,0,0,0,0,0,0
"2989",10102190,"010801060602",0.043839,0,0,"VT",0,0,1,0,0,0,0,0,0,0,0,0,0,0,0,0
"2990",10102192,"010801060602",4.080896,0,0,"VT",0,0,1,0,0,0,0,0,0,0,0,0,0,0,0,0
"2991",10102194,"010801070302",2.294024,0,0,"VT",0,0,1,0,0,0,0,0,0,0,0,0,0,0,0,0
"2992",10102196,"010801070302",0.19338,0,0,"VT",0,0,1,0,0,0,0,0,0,0,0,0,0,0,0,0
"2993",10102198,"010801060601",3.579089,0,0,"VT",0,0,1,0,0,0,0,0,0,0,0,0,0,0,0,0
"2994",10102200,"010801060601",0.750092,0,0,"VT",0,0,1,0,0,0,0,0,0,0,0,0,0,0,0,0
"2995",10102202,"010801060601",2.779749,0,0,"VT",0,0,1,0,0,0,0,0,0,0,0,0,0,0,0,0
"2996",10102204,"010801060601",0.382059,0.0108504756,2.84,"VT",0,0,0,0,0,0,0,0,1,2.681206773138,0,0,0,0,0,0
"2997",10102206,"010801070301",0.856878,0,0,"VT",0,0,1,0,0,0,0,0,0,0,0,0,0,0,0,0
"2998",10102208,"010801070301",2.330377,0,0,"VT",0,0,1,0,0,0,0,0,0,0,0,0,0,0,0,0
"2999",10102210,"010801060601",0.018992,0.0057792656,30.43,"VT",0,0,0,0,0,0,0,0,1,1.428085426088,0,0,0,0,0,0
"3000",10102212,"010801060602",4.247829,0,0,"VT",0,0,1,0,0,0,0,0,0,0,0,0,0,0,0,0
"3001",10102214,"010801060602",1.505075,0,0,"VT",0,0,1,0,0,0,0,0,0,0,0,0,0,0,0,0
"3002",10102216,"010801060602",0.149395,0.0236791075,15.85,"VT",0,0,0,0,0,0,0,0,1,5.8512258587875,0,0,0,0,0,0
"3003",10102218,"010801060602",0.1391,0.00089024,0.64,"VT",0,0,0,0,0,0,0,0,1,0.2199827552,0,0,0,0,0,0
"3004",10102220,"010801070302",1.891148,0,0,"VT",0,0,1,0,0,0,0,0,0,0,0,0,0,0,0,0
"3005",10102222,"010801070301",3.007212,0,0,"VT",0,0,1,0,0,0,0,0,0,0,0,0,0,0,0,0
"3006",10102224,"010801070301",1.876013,0,0,"VT",0,0,1,0,0,0,0,0,0,0,0,0,0,0,0,0
"3007",10102226,"010801060602",0.673835,0,0,"VT",0,0,1,0,0,0,0,0,0,0,0,0,0,0,0,0
"3008",10102228,"010801060602",7.323375,0,0,"VT",0,0,1,0,0,0,0,0,0,0,0,0,0,0,0,0
"3009",10102232,"010801060602",0.739815,0,0,"VT",0,0,1,0,0,0,0,0,0,0,0,0,0,0,0,0
"3010",10102234,"010801060602",5.048455,0,0,"VT",0,0,1,0,0,0,0,0,0,0,0,0,0,0,0,0
"3011",10102236,"010801070303",6.053944,0,0,"VT",0,0,1,0,0,0,0,0,0,0,0,0,0,0,0,0
"3012",10102238,"010801070303",5.982541,0,0,"VT",0,0,1,0,0,0,0,0,0,0,0,0,0,0,0,0
"3013",10102242,"010801060603",4.839323,0,0,"VT",0,0,0,0,0,0,1,0,0,0,0,0,0,0,0,0
"3014",10102244,"010801060602",1.751925,0,0,"VT",0,0,1,0,0,0,0,0,0,0,0,0,0,0,0,0
"3015",10102246,"010801060603",1.852738,0,0,"VT",0,0,0,0,0,0,1,0,0,0,0,0,0,0,0,0
"3016",10102248,"010801060603",0.005293,0,0,"VT",0,0,0,0,0,0,1,0,0,0,0,0,0,0,0,0
"3017",10102250,"010801060602",1.158252,0,0,"VT",0,0,1,0,0,0,0,0,0,0,0,0,0,0,0,0
"3018",10102254,"010801060602",1.422001,0,0,"VT",0,0,1,0,0,0,0,0,0,0,0,0,0,0,0,0
"3019",10102256,"010801060602",2.28205,0,0,"VT",0,0,1,0,0,0,0,0,0,0,0,0,0,0,0,0
"3020",10102258,"010801070303",5.460761,0,0,"VT",0,0,1,0,0,0,0,0,0,0,0,0,0,0,0,0
"3021",10102264,"010801060603",2.055561,0,0,"VT",0,0,0,0,0,0,1,0,0,0,0,0,0,0,0,0
"3022",10102266,"010801060603",2.154258,0,0,"VT",0,0,0,0,0,0,1,0,0,0,0,0,0,0,0,0
"3023",10102268,"010801060603",1.939776,0,0,"VT",0,0,0,0,0,0,1,0,0,0,0,0,0,0,0,0
"3024",10102270,"010801060603",1.654794,0,0,"VT",0,0,0,0,0,0,1,0,0,0,0,0,0,0,0,0
"3025",10102272,"010801060603",0.216159,0,0,"VT",0,0,0,0,0,0,1,0,0,0,0,0,0,0,0,0
"3026",10102274,"010801060603",1.14662,0,0,"VT",0,0,0,0,0,0,1,0,0,0,0,0,0,0,0,0
"3027",10102276,"010801060603",0.100326,0,0,"VT",0,0,0,0,0,0,1,0,0,0,0,0,0,0,0,0
"3028",10102278,"010801060603",0.111797,0,0,"VT",0,0,0,0,0,0,1,0,0,0,0,0,0,0,0,0
"3029",10102280,"010801060602",1.809036,0,0,"VT",0,0,1,0,0,0,0,0,0,0,0,0,0,0,0,0
"3030",10102282,"010801060602",1.948509,0,0,"VT",0,0,1,0,0,0,0,0,0,0,0,0,0,0,0,0
"3031",10102286,"010801060603",1.199959,0,0,"VT",0,0,0,0,0,0,1,0,0,0,0,0,0,0,0,0
"3032",10102288,"010801060603",1.2296,0,0,"VT",0,0,0,0,0,0,1,0,0,0,0,0,0,0,0,0
"3033",10102290,"010801060603",0.535044,0,0,"VT",0,0,0,0,0,0,1,0,0,0,0,0,0,0,0,0
"3034",10102292,"010801070301",1.632106,0,0,"VT",0,0,1,0,0,0,0,0,0,0,0,0,0,0,0,0
"3035",10102294,"010801060603",0.056821,0,0,"VT",0,0,0,0,0,0,1,0,0,0,0,0,0,0,0,0
"3036",10102296,"010801070301",8.226928,0,0,"VT",0,0,1,0,0,0,0,0,0,0,0,0,0,0,0,0
"3037",10102298,"010801060603",0.694319,0,0,"VT",0,0,0,0,0,0,1,0,0,0,0,0,0,0,0,0
"3038",10102300,"010801060603",1.894092,0,0,"VT",0,0,0,0,0,0,1,0,0,0,0,0,0,0,0,0
"3039",10102302,"010801060603",1.086736,0,0,"VT",0,0,0,0,0,0,1,0,0,0,0,0,0,0,0,0
"3040",10102304,"010801060603",2.27754,0,0,"VT",0,0,0,0,0,0,1,0,0,0,0,0,0,0,0,0
"3041",10102306,"010801060603",2.347275,0.0575082375,2.45,"VT",0,0,0,0,0,0,0,0,1,14.2105730274375,0,0,0,0,0,0
"3042",10102308,"010801060603",4.626158,0,0,"VT",0,0,0,0,0,0,1,0,0,0,0,0,0,0,0,0
"3043",10102310,"010801060603",0.614293,0,0,"VT",0,0,0,0,0,0,1,0,0,0,0,0,0,0,0,0
"3044",10102312,"010801060603",2.039946,0.022439406,1.1,"VT",0,0,0,0,0,0,0,0,1,5.54488941963,0,0,0,0,0,0
"3045",10102314,"010801070303",3.02459,0,0,"VT",0,0,1,0,0,0,0,0,0,0,0,0,0,0,0,0
"3046",10102316,"010801070301",4.710266,0,0,"VT",0,0,1,0,0,0,0,0,0,0,0,0,0,0,0,0
"3047",10102318,"010801060603",2.251517,0,0,"VT",0,0,0,0,0,0,1,0,0,0,0,0,0,0,0,0
"3048",10102324,"010801060603",6.645321,0,0,"VT",0,0,0,0,0,0,1,0,0,0,0,0,0,0,0,0
"3049",10102326,"010801070101",1.274697,0,0,"VT",0,0,0,0,0,0,1,0,0,0,0,0,0,0,0,0
"3050",10102328,"010801060603",3.001294,0,0,"VT",0,0,0,0,0,0,1,0,0,0,0,0,0,0,0,0
"3051",10102330,"010801070101",2.047294,0,0,"VT",0,0,0,0,0,0,1,0,0,0,0,0,0,0,0,0
"3052",10102332,"010801070101",0.302692,0,0,"VT",0,0,0,0,0,0,1,0,0,0,0,0,0,0,0,0
"3053",10102336,"010801070101",0.678553,0,0,"VT",0,0,0,0,0,0,1,0,0,0,0,0,0,0,0,0
"3054",10102338,"010801060603",0.769944,0,0,"VT",0,0,0,0,0,0,1,0,0,0,0,0,0,0,0,0
"3055",10102340,"010801070101",1.312645,0,0,"VT",0,0,0,0,0,0,1,0,0,0,0,0,0,0,0,0
"3056",10102342,"010801070101",0.099537,0,0,"VT",0,0,0,0,0,0,1,0,0,0,0,0,0,0,0,0
"3057",10102344,"010801060603",1.661385,0,0,"VT",0,0,0,0,0,0,1,0,0,0,0,0,0,0,0,0
"3058",10102346,"010801070101",3.43495,0,0,"VT",0,0,0,0,0,0,1,0,0,0,0,0,0,0,0,0
"3059",10102348,"010801060603",1.351529,0,0,"VT",0,0,0,0,0,0,1,0,0,0,0,0,0,0,0,0
"3060",10102350,"010801070101",6.642659,0,0,"VT",0,0,0,0,0,0,1,0,0,0,0,0,0,0,0,0
"3061",10102352,"010801060603",5.127936,0,0,"VT",0,0,0,0,0,0,1,0,0,0,0,0,0,0,0,0
"3062",10102354,"010801060603",0.734012,0,0,"VT",0,0,0,0,0,0,1,0,0,0,0,0,0,0,0,0
"3063",10102358,"010801070101",2.737462,0,0,"VT",0,0,0,0,0,0,1,0,0,0,0,0,0,0,0,0
"3064",10102360,"010801060603",3.328222,0,0,"VT",0,0,0,0,0,0,1,0,0,0,0,0,0,0,0,0
"3065",10102362,"010801070101",2.424003,0,0,"VT",0,0,0,0,0,0,1,0,0,0,0,0,0,0,0,0
"3066",10102364,"010801070304",3.144041,0,0,"VT",0,0,1,0,0,0,0,0,0,0,0,0,0,0,0,0
"3067",10102366,"010801070101",4.035091,0,0,"VT",0,0,0,0,0,0,1,0,0,0,0,0,0,0,0,0
"3068",10102368,"010801070101",5.333982,0,0,"VT",0,0,0,0,0,0,1,0,0,0,0,0,0,0,0,0
"3069",10102370,"010801060603",3.178799,0.0305164704,0.96,"VT",0,0,0,0,0,0,0,0,1,7.540772418192,0,0,0,0,0,0
"3070",10102372,"010801070303",23.335513,0,0,"VT",0,0,1,0,0,0,0,0,0,0,0,0,0,0,0,0
"3071",10102374,"010801070303",10.553553,0,0,"VT",0,0,1,0,0,0,0,0,0,0,0,0,0,0,0,0
"3072",10102376,"010801070101",0.225364,0,0,"VT",0,0,0,0,0,0,1,0,0,0,0,0,0,0,0,0
"3073",10102382,"010801070101",4.134145,0,0,"VT",0,0,0,0,0,0,1,0,0,0,0,0,0,0,0,0
"3074",10102384,"010801060603",3.131927,0,0,"VT",0,0,0,0,0,0,1,0,0,0,0,0,0,0,0,0
"3075",10102386,"010801060603",1.921151,0,0,"VT",0,0,0,0,0,0,1,0,0,0,0,0,0,0,0,0
"3076",10102388,"010801070101",1.087948,0,0,"VT",0,0,0,0,0,0,1,0,0,0,0,0,0,0,0,0
"3077",10102390,"010801070101",2.592334,0,0,"VT",0,0,0,0,0,0,1,0,0,0,0,0,0,0,0,0
"3078",10102392,"010801070102",1.75509,0,0,"VT",0,0,0,0,0,0,1,0,0,0,0,0,0,0,0,0
"3079",10102394,"010801070307",3.691712,0,0,"VT",0,0,1,0,0,0,0,0,0,0,0,0,0,0,0,0
"3080",10102396,"010801070307",2.075497,0,0,"VT",0,0,1,0,0,0,0,0,0,0,0,0,0,0,0,0
"3081",10102398,"010801070307",0.080494,0,0,"VT",0,0,1,0,0,0,0,0,0,0,0,0,0,0,0,0
"3082",10102400,"010801070307",1.337578,0,0,"VT",0,0,1,0,0,0,0,0,0,0,0,0,0,0,0,0
"3083",10102402,"010801070304",9.004671,0,0,"VT",0,0,1,0,0,0,0,0,0,0,0,0,0,0,0,0
"3084",10102404,"010801070101",4.51894,0,0,"VT",0,0,0,0,0,0,1,0,0,0,0,0,0,0,0,0
"3085",10102406,"010801070303",9.767233,0,0,"VT",0,0,1,0,0,0,0,0,0,0,0,0,0,0,0,0
"3086",10102408,"010801070102",2.424149,0,0,"VT",0,0,0,0,0,0,1,0,0,0,0,0,0,0,0,0
"3087",10102410,"010801070102",0.743981,0,0,"VT",0,0,0,0,0,0,1,0,0,0,0,0,0,0,0,0
"3088",10102412,"010801070101",3.355898,0,0,"VT",0,0,0,0,0,0,1,0,0,0,0,0,0,0,0,0
"3089",10102414,"010801070307",1.110892,0,0,"VT",0,0,1,0,0,0,0,0,0,0,0,0,0,0,0,0
"3090",10102416,"010801070101",4.004115,0,0,"VT",0,0,0,0,0,0,1,0,0,0,0,0,0,0,0,0
"3091",10102418,"010801070101",0.863913,0,0,"VT",0,0,0,0,0,0,1,0,0,0,0,0,0,0,0,0
"3092",10102420,"010801070102",1.733761,0,0,"VT",0,0,0,0,0,0,1,0,0,0,0,0,0,0,0,0
"3093",10102422,"010801070102",1.827736,0,0,"VT",0,0,0,0,0,0,1,0,0,0,0,0,0,0,0,0
"3094",10102424,"010801070102",0.014602,0,0,"VT",0,0,0,0,0,0,1,0,0,0,0,0,0,0,0,0
"3095",10102426,"010801070101",2.974223,0,0,"VT",0,0,0,0,0,0,1,0,0,0,0,0,0,0,0,0
"3096",10102428,"010801070304",5.966997,0,0,"VT",0,0,1,0,0,0,0,0,0,0,0,0,0,0,0,0
"3097",10102430,"010801070304",7.351008,0,0,"VT",0,0,1,0,0,0,0,0,0,0,0,0,0,0,0,0
"3098",10102432,"010801070102",1.387836,0,0,"VT",0,0,0,0,0,0,1,0,0,0,0,0,0,0,0,0
"3099",10102438,"010801070101",1.369335,0,0,"VT",0,0,0,0,0,0,1,0,0,0,0,0,0,0,0,0
"3100",10102440,"010801070304",8.110569,0,0,"VT",0,0,1,0,0,0,0,0,0,0,0,0,0,0,0,0
"3101",10102442,"010801070102",3.023901,0,0,"VT",0,0,0,0,0,0,1,0,0,0,0,0,0,0,0,0
"3102",10102444,"010801070102",3.180641,0,0,"VT",0,0,0,0,0,0,1,0,0,0,0,0,0,0,0,0
"3103",10102446,"010801070102",3.002197,0,0,"VT",0,0,0,0,0,0,1,0,0,0,0,0,0,0,0,0
"3104",10102448,"010801070304",7.920142,0,0,"VT",0,0,1,0,0,0,0,0,0,0,0,0,0,0,0,0
"3105",10102450,"010801070102",0.006884,0,0,"VT",0,0,0,0,0,0,1,0,0,0,0,0,0,0,0,0
"3106",10102452,"010801070102",0.844964,0,0,"VT",0,0,0,0,0,0,1,0,0,0,0,0,0,0,0,0
"3107",10102454,"010801070101",4.928103,0,0,"VT",0,0,0,0,0,0,1,0,0,0,0,0,0,0,0,0
"3108",10102456,"010801070102",0.95226,0,0,"VT",0,0,0,0,0,0,1,0,0,0,0,0,0,0,0,0
"3109",10102458,"010801070102",1.650469,0,0,"VT",0,0,0,0,0,0,1,0,0,0,0,0,0,0,0,0
"3110",10102460,"010801070102",0.680397,0.0403475421,5.93,"VT",0,0,0,0,0,0,0,0,0,0,1,9.9700793906205,0,0,0,0
"3111",10102462,"010801070102",0.943822,0.036809058,3.9,"VT",0,0,0,0,0,0,1,9.09570227709,0,0,0,0,0,0,0,0
"3112",10102464,"010801070304",17.848727,0,0,"VT",0,0,1,0,0,0,0,0,0,0,0,0,0,0,0,0
"3113",10102466,"010801070307",4.104925,0,0,"VT",0,0,1,0,0,0,0,0,0,0,0,0,0,0,0,0
"3114",10102468,"010801070307",0.923749,0,0,"VT",0,0,1,0,0,0,0,0,0,0,0,0,0,0,0,0
"3115",10102476,"010801070102",1.243478,0,0,"VT",0,0,0,0,0,0,1,0,0,0,0,0,0,0,0,0
"3116",10102478,"010801070101",1.293253,0,0,"VT",0,0,0,0,0,0,1,0,0,0,0,0,0,0,0,0
"3117",10102480,"010801070101",1.179828,0,0,"VT",0,0,0,0,0,0,1,0,0,0,0,0,0,0,0,0
"3118",10102482,"010801070102",0.717804,0,0,"VT",0,0,0,0,0,0,1,0,0,0,0,0,0,0,0,0
"3119",10102484,"010801070307",1.497645,0,0,"VT",0,0,1,0,0,0,0,0,0,0,0,0,0,0,0,0
"3120",10102486,"010801070307",0.336584,0,0,"VT",0,0,1,0,0,0,0,0,0,0,0,0,0,0,0,0
"3121",10102488,"010801070101",1.407581,0,0,"VT",0,0,0,0,0,0,1,0,0,0,0,0,0,0,0,0
"3122",10102490,"010801070101",0.247135,0,0,"VT",0,0,0,0,0,0,1,0,0,0,0,0,0,0,0,0
"3123",10102494,"010801070307",0.623362,0,0,"VT",0,0,1,0,0,0,0,0,0,0,0,0,0,0,0,0
"3124",10102498,"010801070305",7.809059,0,0,"VT",0,0,1,0,0,0,0,0,0,0,0,0,0,0,0,0
"3125",10102500,"010801070101",1.801889,0,0,"VT",0,0,0,0,0,0,1,0,0,0,0,0,0,0,0,0
"3126",10102504,"010801070102",0.658737,0,0,"VT",0,0,0,0,0,0,1,0,0,0,0,0,0,0,0,0
"3127",10102506,"010801070102",0.726493,0,0,"VT",0,0,0,0,0,0,1,0,0,0,0,0,0,0,0,0
"3128",10102508,"010801070501",5.436589,0.1065571444,1.96,"VT",0,0,0,0,1,26.330803166962,0,0,0,0,0,0,0,0,0,0
"3129",10102510,"010801070306",4.893611,0,0,"VT",0,0,0,0,0,0,1,0,0,0,0,0,0,0,0,0
"3130",10102512,"010801070102",0.410008,0,0,"VT",0,0,0,0,0,0,1,0,0,0,0,0,0,0,0,0
"3131",10102514,"010801070102",4.330176,0,0,"VT",0,0,0,0,0,0,1,0,0,0,0,0,0,0,0,0
"3132",10102516,"010801070102",1.996142,0,0,"VT",0,0,0,0,0,0,1,0,0,0,0,0,0,0,0,0
"3133",10102518,"010801070102",0.605723,0,0,"VT",0,0,0,0,0,0,1,0,0,0,0,0,0,0,0,0
"3134",10102520,"010801070102",1.132547,0,0,"VT",0,0,0,0,0,0,1,0,0,0,0,0,0,0,0,0
"3135",10102522,"010801070102",3.797335,0,0,"VT",0,0,0,0,0,0,1,0,0,0,0,0,0,0,0,0
"3136",10102524,"010801070102",1.320889,0,0,"VT",0,0,0,0,0,0,1,0,0,0,0,0,0,0,0,0
"3137",10102526,"010801070102",1.863647,0,0,"VT",0,0,0,0,0,0,1,0,0,0,0,0,0,0,0,0
"3138",10102528,"010801070402",1.268158,0,0,"VT",0,0,0,0,0,0,1,0,0,0,0,0,0,0,0,0
"3139",10102532,"010801070306",3.663255,0,0,"VT",0,0,0,0,0,0,1,0,0,0,0,0,0,0,0,0
"3140",10102534,"010801070306",1.150211,0,0,"VT",0,0,0,0,0,0,1,0,0,0,0,0,0,0,0,0
"3141",10102536,"010801070307",5.812515,0,0,"VT",0,0,1,0,0,0,0,0,0,0,0,0,0,0,0,0
"3142",10102540,"010801070102",5.663626,0,0,"VT",0,0,0,0,0,0,1,0,0,0,0,0,0,0,0,0
"3143",10102542,"010801070306",2.167902,0,0,"VT",0,0,0,0,0,0,1,0,0,0,0,0,0,0,0,0
"3144",10102546,"010801070402",0.565256,0,0,"VT",0,0,0,0,0,0,1,0,0,0,0,0,0,0,0,0
"3145",10102548,"010801070402",1.365908,0,0,"VT",0,0,0,0,0,0,1,0,0,0,0,0,0,0,0,0
"3146",10102550,"010801070102",5.492213,0,0,"VT",0,0,0,0,0,0,1,0,0,0,0,0,0,0,0,0
"3147",10102552,"010801070306",11.199903,0,0,"VT",0,0,0,0,0,0,1,0,0,0,0,0,0,0,0,0
"3148",10102554,"010801070306",1.167686,0,0,"VT",0,0,0,0,0,0,1,0,0,0,0,0,0,0,0,0
"3149",10102556,"010801070402",0.735822,0,0,"VT",0,0,0,0,0,0,1,0,0,0,0,0,0,0,0,0
"3150",10102558,"010801070402",1.561498,0,0,"VT",0,0,0,0,0,0,1,0,0,0,0,0,0,0,0,0
"3151",10102564,"010801070402",2.045323,0,0,"VT",0,0,0,0,0,0,1,0,0,0,0,0,0,0,0,0
"3152",10102570,"010801070402",3.84003,0,0,"VT",0,0,0,0,0,0,1,0,0,0,0,0,0,0,0,0
"3153",10102572,"010801070402",0.23488,0,0,"VT",0,0,0,0,0,0,1,0,0,0,0,0,0,0,0,0
"3154",10102574,"010801070307",2.05643,0,0,"VT",0,0,1,0,0,0,0,0,0,0,0,0,0,0,0,0
"3155",10102576,"010801070307",1.477447,0,0,"VT",0,0,1,0,0,0,0,0,0,0,0,0,0,0,0,0
"3156",10102580,"010801070402",0.973182,0,0,"VT",0,0,0,0,0,0,1,0,0,0,0,0,0,0,0,0
"3157",10102582,"010801070402",0.925512,0,0,"VT",0,0,0,0,0,0,1,0,0,0,0,0,0,0,0,0
"3158",10102584,"010801070402",0.265227,0,0,"VT",0,0,0,0,0,0,1,0,0,0,0,0,0,0,0,0
"3159",10102586,"010801070401",2.632759,0,0,"VT",0,0,0,0,0,0,1,0,0,0,0,0,0,0,0,0
"3160",10102588,"010801070401",0.24767,0,0,"VT",0,0,0,0,0,0,1,0,0,0,0,0,0,0,0,0
"3161",10102590,"010801070402",0.389744,0,0,"VT",0,0,0,0,0,0,1,0,0,0,0,0,0,0,0,0
"3162",10102592,"010801070402",8.04183,0,0,"VT",0,0,0,0,0,0,1,0,0,0,0,0,0,0,0,0
"3163",10102594,"010801070403",2.645198,0,0,"VT",0,0,0,0,0,0,1,0,0,0,0,0,0,0,0,0
"3164",10102598,"010801070402",0.310251,0,0,"VT",0,0,0,0,0,0,1,0,0,0,0,0,0,0,0,0
"3165",10102600,"010801070402",1.964746,0,0,"VT",0,0,0,0,0,0,1,0,0,0,0,0,0,0,0,0
"3166",10102602,"010801070401",2.696784,0,0,"VT",0,0,0,0,0,0,1,0,0,0,0,0,0,0,0,0
"3167",10102604,"010801070402",3.352836,0,0,"VT",0,0,0,0,0,0,1,0,0,0,0,0,0,0,0,0
"3168",10102606,"010801070402",1.148881,0,0,"VT",0,0,0,0,0,0,1,0,0,0,0,0,0,0,0,0
"3169",10102608,"010801070403",2.395103,0,0,"VT",0,0,0,0,0,0,1,0,0,0,0,0,0,0,0,0
"3170",10102610,"010801070403",1.454703,0,0,"VT",0,0,0,0,0,0,1,0,0,0,0,0,0,0,0,0
"3171",10102612,"010801070402",1.035302,0,0,"VT",0,0,0,0,0,0,1,0,0,0,0,0,0,0,0,0
"3172",10102614,"010801070402",0.213021,0,0,"VT",0,0,0,0,0,0,1,0,0,0,0,0,0,0,0,0
"3173",10102616,"010801070402",3.998679,0,0,"VT",0,0,0,0,0,0,1,0,0,0,0,0,0,0,0,0
"3174",10102618,"010801070402",1.417201,0,0,"VT",0,0,0,0,0,0,1,0,0,0,0,0,0,0,0,0
"3175",10102620,"010801070402",0.143607,0,0,"VT",0,0,0,0,0,0,1,0,0,0,0,0,0,0,0,0
"3176",10102622,"010801070402",0.447943,0,0,"VT",0,0,0,0,0,0,1,0,0,0,0,0,0,0,0,0
"3177",10102626,"010801070306",4.010326,0,0,"VT",0,0,0,0,0,0,1,0,0,0,0,0,0,0,0,0
"3178",10102628,"010801070402",0.824187,0,0,"VT",0,0,0,0,0,0,1,0,0,0,0,0,0,0,0,0
"3179",10102630,"010801070402",0.173891,0,0,"VT",0,0,0,0,0,0,1,0,0,0,0,0,0,0,0,0
"3180",10102632,"010801070402",0.314267,0,0,"VT",0,0,0,0,0,0,1,0,0,0,0,0,0,0,0,0
"3181",10102634,"010801070402",0.014785,0,0,"VT",0,0,0,0,0,0,1,0,0,0,0,0,0,0,0,0
"3182",10102636,"010801070402",0.743005,0,0,"VT",0,0,0,0,0,0,1,0,0,0,0,0,0,0,0,0
"3183",10102642,"010801070403",2.423467,0,0,"VT",0,0,0,0,0,0,1,0,0,0,0,0,0,0,0,0
"3184",10102644,"010801070403",4.111788,0,0,"VT",0,0,0,0,0,0,1,0,0,0,0,0,0,0,0,0
"3185",10102646,"010801070402",1.060654,0,0,"VT",0,0,0,0,0,0,1,0,0,0,0,0,0,0,0,0
"3186",10102648,"010801070401",14.253354,0,0,"VT",0,0,0,0,0,0,1,0,0,0,0,0,0,0,0,0
"3187",10102650,"010801070402",1.151982,0,0,"VT",0,0,0,0,0,0,1,0,0,0,0,0,0,0,0,0
"3188",10102652,"010801070402",2.341575,0,0,"VT",0,0,0,0,0,0,1,0,0,0,0,0,0,0,0,0
"3189",10102654,"010801070402",0.198502,0,0,"VT",0,0,0,0,0,0,1,0,0,0,0,0,0,0,0,0
"3190",10102656,"010801070401",3.274003,0,0,"VT",0,0,0,0,0,0,1,0,0,0,0,0,0,0,0,0
"3191",10102658,"010801070402",3.09784,0,0,"VT",0,0,0,0,0,0,1,0,0,0,0,0,0,0,0,0
"3192",10102660,"010801070402",0.067552,0,0,"VT",0,0,0,0,0,0,1,0,0,0,0,0,0,0,0,0
"3193",10102662,"010801070403",1.504045,0,0,"VT",0,0,0,0,0,0,1,0,0,0,0,0,0,0,0,0
"3194",10102664,"010801070403",4.394973,0,0,"VT",0,0,0,0,0,0,1,0,0,0,0,0,0,0,0,0
"3195",10102666,"010801070401",4.068794,0,0,"VT",0,0,0,0,0,0,1,0,0,0,0,0,0,0,0,0
"3196",10102668,"010801070402",1.06391,0,0,"VT",0,0,0,0,0,0,1,0,0,0,0,0,0,0,0,0
"3197",10102672,"010801070402",0.063198,0,0,"VT",0,0,0,0,0,0,1,0,0,0,0,0,0,0,0,0
"3198",10102674,"010801070402",0.262857,0,0,"VT",0,0,0,0,0,0,1,0,0,0,0,0,0,0,0,0
"3199",10102676,"010801070401",3.525959,0,0,"VT",0,0,0,0,0,0,1,0,0,0,0,0,0,0,0,0
"3200",10102678,"010801070401",3.278756,0,0,"VT",0,0,0,0,0,0,1,0,0,0,0,0,0,0,0,0
"3201",10102680,"010801070402",0.148853,0,0,"VT",0,0,0,0,0,0,1,0,0,0,0,0,0,0,0,0
"3202",10102682,"010801070402",3.076174,0,0,"VT",0,0,0,0,0,0,1,0,0,0,0,0,0,0,0,0
"3203",10102684,"010801070403",0.923588,0,0,"VT",0,0,0,0,0,0,1,0,0,0,0,0,0,0,0,0
"3204",10102686,"010801070403",0.948244,0,0,"VT",0,0,0,0,0,0,1,0,0,0,0,0,0,0,0,0
"3205",10102688,"010801070401",0.446164,0,0,"VT",0,0,0,0,0,0,1,0,0,0,0,0,0,0,0,0
"3206",10102690,"010801070401",4.434222,0,0,"VT",0,0,0,0,0,0,1,0,0,0,0,0,0,0,0,0
"3207",10102692,"010801070401",5.113939,0,0,"VT",0,0,0,0,0,0,1,0,0,0,0,0,0,0,0,0
"3208",10102694,"010801070402",3.526062,0,0,"VT",0,0,0,0,0,0,1,0,0,0,0,0,0,0,0,0
"3209",10102696,"010801070402",0.793755,0,0,"VT",0,0,0,0,0,0,1,0,0,0,0,0,0,0,0,0
"3210",10102698,"010801070404",1.125451,0,0,"VT",0,0,0,0,0,0,1,0,0,0,0,0,0,0,0,0
"3211",10102702,"010801070402",1.37093,0,0,"VT",0,0,0,0,0,0,1,0,0,0,0,0,0,0,0,0
"3212",10102704,"010801070401",0.985368,0,0,"VT",0,0,0,0,0,0,1,0,0,0,0,0,0,0,0,0
"3213",10102706,"010801070402",2.917123,0,0,"VT",0,0,0,0,0,0,1,0,0,0,0,0,0,0,0,0
"3214",10102708,"010801070403",2.922415,0,0,"VT",0,0,0,0,0,0,1,0,0,0,0,0,0,0,0,0
"3215",10102710,"010801070403",0.310309,0,0,"VT",0,0,0,0,0,0,1,0,0,0,0,0,0,0,0,0
"3216",10102712,"010801070404",1.054832,0,0,"VT",0,0,0,0,0,0,1,0,0,0,0,0,0,0,0,0
"3217",10102714,"010801070401",3.825483,0,0,"VT",0,0,0,0,0,0,1,0,0,0,0,0,0,0,0,0
"3218",10102716,"010801070404",2.911358,0,0,"VT",0,0,0,0,0,0,1,0,0,0,0,0,0,0,0,0
"3219",10102718,"010801070401",3.553483,0,0,"VT",0,0,0,0,0,0,1,0,0,0,0,0,0,0,0,0
"3220",10102720,"010801070404",2.763874,0,0,"VT",0,0,0,0,0,0,1,0,0,0,0,0,0,0,0,0
"3221",10102722,"010801070404",3.069477,0,0,"VT",0,0,0,0,0,0,1,0,0,0,0,0,0,0,0,0
"3222",10102724,"010801070402",2.191086,0.0379057878,1.73,"VT",0,0,0,0,1,9.366709694319,0,0,0,0,0,0,0,0,0,0
"3223",10102726,"010801070403",1.241057,0,0,"VT",0,0,0,0,0,0,1,0,0,0,0,0,0,0,0,0
"3224",10102728,"010801070404",1.468821,0,0,"VT",0,0,0,0,0,0,1,0,0,0,0,0,0,0,0,0
"3225",10102730,"010801070402",2.244126,0,0,"VT",0,0,0,0,0,0,1,0,0,0,0,0,0,0,0,0
"3226",10102732,"010801070402",0.138694,0.0235641106,16.99,"VT",0,0,0,0,0,0,1,5.822809549813,0,0,0,0,0,0,0,0
"3227",10102734,"010801070402",0.07074,0,0,"VT",0,0,0,0,0,0,1,0,0,0,0,0,0,0,0,0
"3228",10102738,"010801070404",0.292432,0,0,"VT",0,0,0,0,0,0,1,0,0,0,0,0,0,0,0,0
"3229",10102740,"010801070404",1.345688,0,0,"VT",0,0,0,0,0,0,1,0,0,0,0,0,0,0,0,0
"3230",10102742,"010801070405",3.271772,0,0,"VT",0,0,0,0,0,0,1,0,0,0,0,0,0,0,0,0
"3231",10102744,"010801070401",7.272363,0,0,"VT",0,0,0,0,0,0,1,0,0,0,0,0,0,0,0,0
"3232",10102758,"010801060601",2.597422,0,0,"VT",0,0,1,0,0,0,0,0,0,0,0,0,0,0,0,0
"3233",10102760,"010801060601",0.844566,0,0,"VT",0,0,1,0,0,0,0,0,0,0,0,0,0,0,0,0
"3234",10102762,"010801070301",10.210026,0,0,"VT",0,0,1,0,0,0,0,0,0,0,0,0,0,0,0,0
"3235",10102766,"010801060601",1.397077,0,0,"VT",0,0,1,0,0,0,0,0,0,0,0,0,0,0,0,0
"3236",10102768,"010801060601",3.23226,0,0,"VT",0,0,1,0,0,0,0,0,0,0,0,0,0,0,0,0
"3237",10102772,"010801060602",5.707985,0,0,"VT",0,0,1,0,0,0,0,0,0,0,0,0,0,0,0,0
"3238",10102774,"010801070302",12.6002,0,0,"VT",0,0,1,0,0,0,0,0,0,0,0,0,0,0,0,0
"3239",10102776,"010801060602",3.074141,0,0,"VT",0,0,1,0,0,0,0,0,0,0,0,0,0,0,0,0
"3240",10102778,"010801070302",10.467661,0,0,"VT",0,0,1,0,0,0,0,0,0,0,0,0,0,0,0,0
"3241",10102780,"010801060602",4.320335,0,0,"VT",0,0,1,0,0,0,0,0,0,0,0,0,0,0,0,0
"3242",10102782,"010801070302",9.124643,0,0,"VT",0,0,1,0,0,0,0,0,0,0,0,0,0,0,0,0
"3243",10102784,"010801060603",3.169779,0.0269431215,0.85,"VT",0,0,0,0,0,0,0,0,1,6.6577800382575,0,0,0,0,0,0
"3244",10102786,"010801060603",5.288774,0.9170734116,17.34,"VT",0,0,0,0,0,0,0,0,1,226.613425373418,0,0,0,0,0,0
"3245",10102788,"010801060602",3.681503,0,0,"VT",0,0,1,0,0,0,0,0,0,0,0,0,0,0,0,0
"3246",10102790,"010801060602",3.376503,0,0,"VT",0,0,1,0,0,0,0,0,0,0,0,0,0,0,0,0
"3247",10102792,"010801060602",1.32552,0,0,"VT",0,0,1,0,0,0,0,0,0,0,0,0,0,0,0,0
"3248",10102794,"010801070301",10.146748,0,0,"VT",0,0,1,0,0,0,0,0,0,0,0,0,0,0,0,0
"3249",10102796,"010801070301",2.361776,0,0,"VT",0,0,1,0,0,0,0,0,0,0,0,0,0,0,0,0
"3250",10102798,"010801070302",5.661326,0,0,"VT",0,0,1,0,0,0,0,0,0,0,0,0,0,0,0,0
"3251",10102800,"010801070302",9.255912,0,0,"VT",0,0,1,0,0,0,0,0,0,0,0,0,0,0,0,0
"3252",10102802,"010801070303",0.883012,0,0,"VT",0,0,1,0,0,0,0,0,0,0,0,0,0,0,0,0
"3253",10102804,"010801060602",7.353785,0,0,"VT",0,0,1,0,0,0,0,0,0,0,0,0,0,0,0,0
"3254",10102806,"010801070303",7.582754,0,0,"VT",0,0,1,0,0,0,0,0,0,0,0,0,0,0,0,0
"3255",10102808,"010801060603",4.310866,0,0,"VT",0,0,0,0,0,0,1,0,0,0,0,0,0,0,0,0
"3256",10102810,"010801070303",4.189262,0.0117299336,0.28,"VT",0,0,0,0,1,2.898525242228,0,0,0,0,0,0,0,0,0,0
"3257",10102812,"010801060603",9.165733,0,0,"VT",0,0,0,0,0,0,1,0,0,0,0,0,0,0,0,0
"3258",10102814,"010801060602",7.079844,0,0,"VT",0,0,1,0,0,0,0,0,0,0,0,0,0,0,0,0
"3259",10102816,"010801060603",1.866647,0,0,"VT",0,0,0,0,0,0,1,0,0,0,0,0,0,0,0,0
"3260",10102818,"010801070304",4.371828,0,0,"VT",0,0,1,0,0,0,0,0,0,0,0,0,0,0,0,0
"3261",10102820,"010801060603",1.194203,0,0,"VT",0,0,0,0,0,0,1,0,0,0,0,0,0,0,0,0
"3262",10102822,"010801070304",9.593035,0,0,"VT",0,0,1,0,0,0,0,0,0,0,0,0,0,0,0,0
"3263",10102824,"010801060603",2.509461,0,0,"VT",0,0,0,0,0,0,1,0,0,0,0,0,0,0,0,0
"3264",10102826,"010801070101",2.503155,0,0,"VT",0,0,0,0,0,0,1,0,0,0,0,0,0,0,0,0
"3265",10102828,"010801060602",9.872628,0,0,"VT",0,0,1,0,0,0,0,0,0,0,0,0,0,0,0,0
"3266",10102830,"010801070304",8.599908,0,0,"VT",0,0,1,0,0,0,0,0,0,0,0,0,0,0,0,0
"3267",10102832,"010801070101",4.351342,0,0,"VT",0,0,0,0,0,0,1,0,0,0,0,0,0,0,0,0
"3268",10102834,"010801060603",5.222729,0,0,"VT",0,0,0,0,0,0,1,0,0,0,0,0,0,0,0,0
"3269",10102836,"010801070304",31.432504,0,0,"VT",0,0,1,0,0,0,0,0,0,0,0,0,0,0,0,0
"3270",10102838,"010801070305",1.12797,0,0,"VT",0,0,1,0,0,0,0,0,0,0,0,0,0,0,0,0
"3271",10102840,"010801070101",3.462273,0,0,"VT",0,0,0,0,0,0,1,0,0,0,0,0,0,0,0,0
"3272",10102842,"010801070304",6.318402,0,0,"VT",0,0,1,0,0,0,0,0,0,0,0,0,0,0,0,0
"3273",10102844,"010801070102",4.840806,0,0,"VT",0,0,0,0,0,0,1,0,0,0,0,0,0,0,0,0
"3274",10102846,"010801070304",3.886042,0,0,"VT",0,0,1,0,0,0,0,0,0,0,0,0,0,0,0,0
"3275",10102850,"010801070102",4.670382,0.011675955,0.25,"VT",0,0,0,0,0,0,1,2.885186860275,0,0,0,0,0,0,0,0
"3276",10102852,"010801070102",7.204461,0.0136884759,0.19,"VT",0,0,0,0,0,0,1,3.3824908372695,0,0,0,0,0,0,0,0
"3277",10102854,"010801070102",3.935373,0,0,"VT",0,0,0,0,0,0,1,0,0,0,0,0,0,0,0,0
"3278",10102856,"010801070402",4.347817,0,0,"VT",0,0,0,0,0,0,1,0,0,0,0,0,0,0,0,0
"3279",10102858,"010801070101",0.38442,0,0,"VT",0,0,0,0,0,0,1,0,0,0,0,0,0,0,0,0
"3280",10102862,"010801070102",3.231625,0,0,"VT",0,0,0,0,0,0,1,0,0,0,0,0,0,0,0,0
"3281",10102864,"010801070402",6.859821,0,0,"VT",0,0,0,0,0,0,1,0,0,0,0,0,0,0,0,0
"3282",10102866,"010801070307",1.952245,0,0,"VT",0,0,1,0,0,0,0,0,0,0,0,0,0,0,0,0
"3283",10102868,"010801070307",0.72461,0,0,"VT",0,0,1,0,0,0,0,0,0,0,0,0,0,0,0,0
"3284",10102870,"010801070305",8.833595,0,0,"VT",0,0,1,0,0,0,0,0,0,0,0,0,0,0,0,0
"3285",10102872,"010801070305",0.929769,0,0,"VT",0,0,1,0,0,0,0,0,0,0,0,0,0,0,0,0
"3286",10102874,"010801070305",3.446992,0,0,"VT",0,0,1,0,0,0,0,0,0,0,0,0,0,0,0,0
"3287",10102876,"010801070305",15.392146,0,0,"VT",0,0,1,0,0,0,0,0,0,0,0,0,0,0,0,0
"3288",10102880,"010801070304",8.618404,0,0,"VT",0,0,1,0,0,0,0,0,0,0,0,0,0,0,0,0
"3289",10102882,"010801070402",4.854821,0,0,"VT",0,0,0,0,0,0,1,0,0,0,0,0,0,0,0,0
"3290",10102884,"010801070306",10.654799,0,0,"VT",0,0,0,0,0,0,1,0,0,0,0,0,0,0,0,0
"3291",10102886,"010801070306",8.378988,0,0,"VT",0,0,0,0,0,0,1,0,0,0,0,0,0,0,0,0
"3292",10102888,"010801070402",8.977155,0,0,"VT",0,0,0,0,0,0,1,0,0,0,0,0,0,0,0,0
"3293",10102890,"010801070307",7.332142,0,0,"VT",0,0,1,0,0,0,0,0,0,0,0,0,0,0,0,0
"3294",10102892,"010801070402",2.246378,0,0,"VT",0,0,0,0,0,0,1,0,0,0,0,0,0,0,0,0
"3295",10102894,"010801070401",4.319484,0,0,"VT",0,0,0,0,0,0,1,0,0,0,0,0,0,0,0,0
"3296",10102896,"010801070306",32.488596,0,0,"VT",0,0,0,0,0,0,1,0,0,0,0,0,0,0,0,0
"3297",10102898,"010801070402",6.399905,0,0,"VT",0,0,0,0,0,0,1,0,0,0,0,0,0,0,0,0
"3298",10102900,"010801070402",5.842461,0,0,"VT",0,0,0,0,0,0,1,0,0,0,0,0,0,0,0,0
"3299",10102902,"010801070403",2.049591,0,0,"VT",0,0,0,0,0,0,1,0,0,0,0,0,0,0,0,0
"3300",10102904,"010801070401",7.297364,0,0,"VT",0,0,0,0,0,0,1,0,0,0,0,0,0,0,0,0
"3301",10102906,"010801070401",9.149288,0,0,"VT",0,0,0,0,0,0,1,0,0,0,0,0,0,0,0,0
"3302",10102908,"010801070403",2.90698,0,0,"VT",0,0,0,0,0,0,1,0,0,0,0,0,0,0,0,0
"3303",10102910,"010801070404",2.469972,0,0,"VT",0,0,0,0,0,0,1,0,0,0,0,0,0,0,0,0
"3304",10102912,"010801070401",10.938863,0,0,"VT",0,0,0,0,0,0,1,0,0,0,0,0,0,0,0,0
"3305",10102916,"010801070301",1.880591,0,0,"VT",0,0,1,0,0,0,0,0,0,0,0,0,0,0,0,0
"3306",10102918,"010801070303",0.261376,0,0,"VT",0,0,1,0,0,0,0,0,0,0,0,0,0,0,0,0
"3307",10102920,"010801060703",1.907344,0,0,"VT",0,0,0,0,0,0,1,0,0,0,0,0,0,0,0,0
"3308",10102922,"010801060703",0.053686,0,0,"NH",0,0,0,0,0,0,1,0,0,0,0,0,0,0,0,0
"3309",10102924,"010801070101",0.541792,0,0,"VT",0,0,0,0,0,0,1,0,0,0,0,0,0,0,0,0
"3310",10102928,"010801070307",1.497894,0,0,"VT",0,0,1,0,0,0,0,0,0,0,0,0,0,0,0,0
"3311",10102930,"010801070305",1.905988,0,0,"VT",0,0,1,0,0,0,0,0,0,0,0,0,0,0,0,0
"3312",10102932,"010801070306",0.885576,0,0,"VT",0,0,0,0,0,0,1,0,0,0,0,0,0,0,0,0
"3313",10102934,"010801070402",0.915845,0,0,"VT",0,0,0,0,0,0,1,0,0,0,0,0,0,0,0,0
"3314",10102936,"010801070402",0.066593,0,0,"VT",0,0,0,0,0,0,1,0,0,0,0,0,0,0,0,0
"3315",10102938,"010801070402",0.251566,0,0,"VT",0,0,0,0,0,0,1,0,0,0,0,0,0,0,0,0
"3316",10102942,"010801060603",1.384529,0,0,"VT",0,0,0,0,0,0,1,0,0,0,0,0,0,0,0,0
"3317",10102944,"010801070303",2.159649,0,0,"VT",0,0,1,0,0,0,0,0,0,0,0,0,0,0,0,0
"3318",10102948,"010801070102",1.381362,0,0,"VT",0,0,0,0,0,0,1,0,0,0,0,0,0,0,0,0
"3319",10102950,"010801070305",6.532571,0,0,"VT",0,0,1,0,0,0,0,0,0,0,0,0,0,0,0,0
"3320",10102952,"010801070306",0.043892,0,0,"VT",0,0,0,0,0,0,1,0,0,0,0,0,0,0,0,0
"3321",10103630,"010801070403",0.412966,0,0,"VT",0,0,0,0,0,0,1,0,0,0,0,0,0,0,0,0
"3322",10103632,"010801070403",0.917447,0,0,"VT",0,0,0,0,0,0,1,0,0,0,0,0,0,0,0,0
"3323",10103636,"010801070402",0.220818,0,0,"VT",0,0,0,0,0,0,1,0,0,0,0,0,0,0,0,0
"3324",10103644,"010801070404",0.275618,0,0,"VT",0,0,0,0,0,0,1,0,0,0,0,0,0,0,0,0
"3325",10103646,"010801070402",0.126412,0,0,"VT",0,0,0,0,0,0,1,0,0,0,0,0,0,0,0,0
"3326",10103648,"010801070402",0.14514,0,0,"VT",0,0,0,0,0,0,1,0,0,0,0,0,0,0,0,0
"3327",10103650,"010801070402",0.15727,0.0503264,32,"VT",0,0,0,0,1,12.435905072,0,0,0,0,0,0,0,0,0,0
"3328",10103652,"010801070404",0.56991,0,0,"VT",0,0,0,0,0,0,1,0,0,0,0,0,0,0,0,0
"3329",10103656,"010801070404",2.703046,0,0,"VT",0,0,0,0,0,0,1,0,0,0,0,0,0,0,0,0
"3330",10103658,"010801070402",0.048625,0,0,"VT",0,0,0,0,0,0,1,0,0,0,0,0,0,0,0,0
"3331",10103660,"010801070402",0.959612,0.0414552384,4.32,"VT",0,0,0,0,1,10.243796684832,0,0,0,0,0,0,0,0,0,0
"3332",10103664,"010801070402",0.754726,0,0,"VT",0,0,0,0,0,0,1,0,0,0,0,0,0,0,0,0
"3333",10103666,"010801070404",4.585886,0,0,"VT",0,0,0,0,0,0,1,0,0,0,0,0,0,0,0,0
"3334",10103668,"010801070404",1.306986,0,0,"VT",0,0,0,0,0,0,1,0,0,0,0,0,0,0,0,0
"3335",10103670,"010801070404",2.356173,0,0,"VT",0,0,0,0,0,0,1,0,0,0,0,0,0,0,0,0
"3336",10103672,"010801070404",1.116399,0,0,"VT",0,0,0,0,0,0,1,0,0,0,0,0,0,0,0,0
"3337",10103674,"010801070405",1.364489,0,0,"VT",0,0,0,0,0,0,1,0,0,0,0,0,0,0,0,0
"3338",10103680,"010801070404",0.445031,0,0,"VT",0,0,0,0,0,0,1,0,0,0,0,0,0,0,0,0
"3339",10103682,"010801070404",2.890613,0,0,"VT",0,0,0,0,0,0,1,0,0,0,0,0,0,0,0,0
"3340",10103684,"010801070404",0.551312,0,0,"VT",0,0,0,0,0,0,1,0,0,0,0,0,0,0,0,0
"3341",10103690,"010801070404",0.930123,0,0,"VT",0,0,0,0,0,0,1,0,0,0,0,0,0,0,0,0
"3342",10103692,"010801070404",2.534755,0,0,"VT",0,0,0,0,0,0,1,0,0,0,0,0,0,0,0,0
"3343",10103694,"010801070404",0.799974,0,0,"VT",0,0,0,0,0,0,1,0,0,0,0,0,0,0,0,0
"3344",10103696,"010801070406",0.763581,0,0,"VT",0,0,1,0,0,0,0,0,0,0,0,0,0,0,0,0
"3345",10103700,"010801070404",0.32419,0,0,"VT",0,0,0,0,0,0,1,0,0,0,0,0,0,0,0,0
"3346",10103702,"010801070406",1.092458,0,0,"VT",0,0,1,0,0,0,0,0,0,0,0,0,0,0,0,0
"3347",10103704,"010801070406",1.790922,0,0,"VT",0,0,1,0,0,0,0,0,0,0,0,0,0,0,0,0
"3348",10103706,"010801070405",0.886612,0,0,"VT",0,0,0,0,0,0,1,0,0,0,0,0,0,0,0,0
"3349",10103708,"010801070405",3.007561,0,0,"VT",0,0,0,0,0,0,1,0,0,0,0,0,0,0,0,0
"3350",10103710,"010801070405",8.947981,0,0,"VT",0,0,0,0,0,0,1,0,0,0,0,0,0,0,0,0
"3351",10103712,"010801070405",5.194723,0,0,"VT",0,0,0,0,0,0,1,0,0,0,0,0,0,0,0,0
"3352",10103716,"010801070406",1.247691,0,0,"VT",0,0,1,0,0,0,0,0,0,0,0,0,0,0,0,0
"3353",10103718,"010801070406",1.454428,0,0,"VT",0,0,1,0,0,0,0,0,0,0,0,0,0,0,0,0
"3354",10103720,"010801070405",2.641266,0,0,"VT",0,0,0,0,0,0,1,0,0,0,0,0,0,0,0,0
"3355",10103722,"010801070405",0.924298,0,0,"VT",0,0,0,0,0,0,1,0,0,0,0,0,0,0,0,0
"3356",10103724,"010801070406",1.362612,0,0,"VT",0,0,1,0,0,0,0,0,0,0,0,0,0,0,0,0
"3357",10103726,"010801070406",0.697412,0,0,"VT",0,0,1,0,0,0,0,0,0,0,0,0,0,0,0,0
"3358",10103728,"010801070405",1.153559,0,0,"VT",0,0,0,0,0,0,1,0,0,0,0,0,0,0,0,0
"3359",10103730,"010801070405",16.398536,0,0,"VT",0,0,0,0,0,0,1,0,0,0,0,0,0,0,0,0
"3360",10103732,"010801070405",0.382835,0,0,"VT",0,0,0,0,0,0,1,0,0,0,0,0,0,0,0,0
"3361",10103734,"010801070405",4.147973,0,0,"VT",0,0,0,0,0,0,1,0,0,0,0,0,0,0,0,0
"3362",10103736,"010801070405",1.753816,0,0,"VT",0,0,0,0,0,0,1,0,0,0,0,0,0,0,0,0
"3363",10103738,"010801070405",1.237071,0,0,"VT",0,0,0,0,0,0,1,0,0,0,0,0,0,0,0,0
"3364",10103740,"010801070405",1.719816,0,0,"VT",0,0,0,0,0,0,1,0,0,0,0,0,0,0,0,0
"3365",10103742,"010801070405",0.633698,0,0,"VT",0,0,0,0,0,0,1,0,0,0,0,0,0,0,0,0
"3366",10103744,"010801070406",0.126131,0,0,"VT",0,0,1,0,0,0,0,0,0,0,0,0,0,0,0,0
"3367",10103746,"010801070406",1.203856,0,0,"VT",0,0,1,0,0,0,0,0,0,0,0,0,0,0,0,0
"3368",10103748,"010801070405",2.054925,0,0,"VT",0,0,0,0,0,0,1,0,0,0,0,0,0,0,0,0
"3369",10103750,"010801070406",3.284932,0,0,"VT",0,0,1,0,0,0,0,0,0,0,0,0,0,0,0,0
"3370",10103752,"010801070406",0.114275,0,0,"VT",0,0,1,0,0,0,0,0,0,0,0,0,0,0,0,0
"3371",10103754,"010801070405",3.637147,0,0,"VT",0,0,0,0,0,0,1,0,0,0,0,0,0,0,0,0
"3372",10103756,"010801070405",0.445048,0,0,"VT",0,0,0,0,0,0,1,0,0,0,0,0,0,0,0,0
"3373",10103758,"010801070405",5.325776,0,0,"VT",0,0,0,0,0,0,1,0,0,0,0,0,0,0,0,0
"3374",10103760,"010801070405",2.577987,0,0,"VT",0,0,0,0,0,0,1,0,0,0,0,0,0,0,0,0
"3375",10103762,"010801070405",2.209639,0,0,"VT",0,0,0,0,0,0,1,0,0,0,0,0,0,0,0,0
"3376",10103764,"010801070405",2.554469,0,0,"VT",0,0,0,0,0,0,1,0,0,0,0,0,0,0,0,0
"3377",10103768,"010801070405",3.637126,0,0,"VT",0,0,0,0,0,0,1,0,0,0,0,0,0,0,0,0
"3378",10103770,"010801070405",2.661722,0,0,"VT",0,0,0,0,0,0,1,0,0,0,0,0,0,0,0,0
"3379",10103772,"010801070406",0.157397,0,0,"VT",0,0,1,0,0,0,0,0,0,0,0,0,0,0,0,0
"3380",10103774,"010801070406",0.044441,0,0,"VT",0,0,1,0,0,0,0,0,0,0,0,0,0,0,0,0
"3381",10103776,"010801070406",2.780456,0,0,"VT",0,0,1,0,0,0,0,0,0,0,0,0,0,0,0,0
"3382",10103778,"010801070405",3.212716,0,0,"VT",0,0,0,0,0,0,1,0,0,0,0,0,0,0,0,0
"3383",10103780,"010801070406",4.020732,0,0,"VT",0,0,1,0,0,0,0,0,0,0,0,0,0,0,0,0
"3384",10103782,"010801070405",5.632078,0,0,"VT",0,0,0,0,0,0,1,0,0,0,0,0,0,0,0,0
"3385",10103784,"010801070406",1.81843,0,0,"VT",0,0,1,0,0,0,0,0,0,0,0,0,0,0,0,0
"3386",10103786,"010801070406",1.47208,0,0,"VT",0,0,1,0,0,0,0,0,0,0,0,0,0,0,0,0
"3387",10103788,"010801070406",1.789177,0,0,"VT",0,0,1,0,0,0,0,0,0,0,0,0,0,0,0,0
"3388",10103790,"010801070406",2.18338,0,0,"VT",0,0,1,0,0,0,0,0,0,0,0,0,0,0,0,0
"3389",10103792,"010801070406",1.823951,0,0,"VT",0,0,1,0,0,0,0,0,0,0,0,0,0,0,0,0
"3390",10103794,"010801070406",1.677586,0,0,"VT",0,0,1,0,0,0,0,0,0,0,0,0,0,0,0,0
"3391",10103796,"010801070406",1.628652,0,0,"VT",0,0,1,0,0,0,0,0,0,0,0,0,0,0,0,0
"3392",10103798,"010801070406",0.655989,0,0,"VT",0,0,1,0,0,0,0,0,0,0,0,0,0,0,0,0
"3393",10103800,"010801070406",1.412195,0,0,"VT",0,0,1,0,0,0,0,0,0,0,0,0,0,0,0,0
"3394",10103802,"010801070506",4.070606,0,0,"VT",0,0,0,0,0,0,1,0,0,0,0,0,0,0,0,0
"3395",10103804,"010801070405",1.96626,0,0,"VT",0,0,0,0,0,0,1,0,0,0,0,0,0,0,0,0
"3396",10103806,"010801070405",0.257258,0,0,"VT",0,0,0,0,0,0,1,0,0,0,0,0,0,0,0,0
"3397",10103808,"010801070405",2.280502,0,0,"VT",0,0,0,0,0,0,1,0,0,0,0,0,0,0,0,0
"3398",10103812,"010801070406",0.539164,0.0396824704,7.36,"VT",0,0,1,9.805736848192,0,0,0,0,0,0,0,0,0,0,0,0
"3399",10103814,"010801070505",0.841056,0,0,"VT",0,0,0,0,0,0,1,0,0,0,0,0,0,0,0,0
"3400",10103816,"010801070406",2.315003,0,0,"VT",0,0,1,0,0,0,0,0,0,0,0,0,0,0,0,0
"3401",10103818,"010801070406",0.457098,0.0627595554,13.73,"VT",0,0,0,0,1,15.508199937117,0,0,0,0,0,0,0,0,0,0
"3402",10103820,"010801070405",4.476647,0,0,"VT",0,0,0,0,0,0,1,0,0,0,0,0,0,0,0,0
"3403",10103884,"010801070405",5.239275,0,0,"VT",0,0,0,0,0,0,1,0,0,0,0,0,0,0,0,0
"3404",10103886,"010801070405",3.55565,0,0,"VT",0,0,0,0,0,0,1,0,0,0,0,0,0,0,0,0
"3405",10103888,"010801070405",4.560184,0,0,"VT",0,0,0,0,0,0,1,0,0,0,0,0,0,0,0,0
"3406",10103890,"010801070405",7.93105,0,0,"VT",0,0,0,0,0,0,1,0,0,0,0,0,0,0,0,0
"3407",10103892,"010801070405",5.16217,0,0,"VT",0,0,0,0,0,0,1,0,0,0,0,0,0,0,0,0
"3408",10103894,"010801070405",8.980926,0,0,"VT",0,0,0,0,0,0,1,0,0,0,0,0,0,0,0,0
"3409",10103904,"010801070404",0.11264,0,0,"VT",0,0,0,0,0,0,1,0,0,0,0,0,0,0,0,0
"3410",10103906,"010801070404",2.322543,0,0,"VT",0,0,0,0,0,0,1,0,0,0,0,0,0,0,0,0
"3411",10103908,"010801070404",1.694467,0,0,"VT",0,0,0,0,0,0,1,0,0,0,0,0,0,0,0,0
"3412",10103910,"010801070404",0.194054,0,0,"VT",0,0,0,0,0,0,1,0,0,0,0,0,0,0,0,0
"3413",10103914,"010801070406",0.462759,0,0,"VT",0,0,1,0,0,0,0,0,0,0,0,0,0,0,0,0
"3414",10103916,"010801070406",2.445758,0,0,"VT",0,0,1,0,0,0,0,0,0,0,0,0,0,0,0,0
"3415",10103918,"010801070404",1.300108,0,0,"VT",0,0,0,0,0,0,1,0,0,0,0,0,0,0,0,0
"3416",10103922,"010801070406",1.822433,0,0,"VT",0,0,1,0,0,0,0,0,0,0,0,0,0,0,0,0
"3417",10103926,"010801070406",1.004851,0,0,"VT",0,0,1,0,0,0,0,0,0,0,0,0,0,0,0,0
"3418",10103928,"010801070406",2.5522,0,0,"VT",0,0,1,0,0,0,0,0,0,0,0,0,0,0,0,0
"3419",10103930,"010801070406",0.180034,0,0,"VT",0,0,1,0,0,0,0,0,0,0,0,0,0,0,0,0
"3420",10103934,"010801070406",0.10957,0,0,"VT",0,0,1,0,0,0,0,0,0,0,0,0,0,0,0,0
"3421",10103936,"010801070406",0.842061,0,0,"VT",0,0,1,0,0,0,0,0,0,0,0,0,0,0,0,0
"3422",10103938,"010801070406",0.235653,0,0,"VT",0,0,1,0,0,0,0,0,0,0,0,0,0,0,0,0
"3423",10103940,"010801070406",0.642877,0.0072002224,1.12,"VT",0,0,1,1.779210956152,0,0,0,0,0,0,0,0,0,0,0,0
"3424",10103942,"010801070406",0.462235,0,0,"VT",0,0,1,0,0,0,0,0,0,0,0,0,0,0,0,0
"3425",10103950,"010801070406",2.8207,0,0,"VT",0,0,1,0,0,0,0,0,0,0,0,0,0,0,0,0
"3426",10103954,"010801070405",0.676862,0,0,"VT",0,0,0,0,0,0,1,0,0,0,0,0,0,0,0,0
"3427",10103958,"010801070403",0.00759,0,0,"VT",0,0,0,0,0,0,1,0,0,0,0,0,0,0,0,0
"3428",10103960,"010801070402",0.016403,0,0,"VT",0,0,0,0,0,0,1,0,0,0,0,0,0,0,0,0
"3429",10103962,"010801070402",0.243855,0,0,"VT",0,0,0,0,0,0,1,0,0,0,0,0,0,0,0,0
"3430",10103968,"010801070406",0.185163,0,0,"VT",0,0,1,0,0,0,0,0,0,0,0,0,0,0,0,0
"3431",10103974,"010801070404",0.021931,0,0,"VT",0,0,0,0,0,0,1,0,0,0,0,0,0,0,0,0
"3432",10103980,"010801070406",1.686886,0,0,"VT",0,0,1,0,0,0,0,0,0,0,0,0,0,0,0,0
"3433",10103982,"010801070506",0.544135,0,0,"VT",0,0,0,0,0,0,1,0,0,0,0,0,0,0,0,0
"3434",10105032,"010801070406",6.041355,0.1818447855,3.01,"NH",0,0,0,0,0,0,1,44.9347557209775,0,0,0,0,0,0,0,0
"3435",166161612,"010801070203",0.410608,0,0,"NH",0,0,1,0,0,0,0,0,0,0,0,0,0,0,0,0
"3436",166161613,"010801070506",0.244487,0,0,"VT",0,0,0,0,0,0,1,0,0,0,0,0,0,0,0,0
"3437",166161614,"010801070506",12.208002,0,0,"VT",0,0,0,0,0,0,1,0,0,0,0,0,0,0,0,0
"3438",166161615,"010801070506",0.901816,0,0,"VT",0,0,0,0,0,0,1,0,0,0,0,0,0,0,0,0
"3439",166161616,"010801070502",28.437206,0.042655809,0.15,"NH",0,0,0,0,0,0,1,10.540463682945,0,0,0,0,0,0,0,0
"3440",166161617,"010801070507",0.92029,0,0,"VT",0,0,1,0,0,0,0,0,0,0,0,0,0,0,0,0
"3441",166161618,"010801070507",0.484049,0,0,"VT",0,0,1,0,0,0,0,0,0,0,0,0,0,0,0,0
"3442",166161620,"010801070203",1.672993,0.1952382831,11.67,"NH",0,0,1,48.2443559454255,0,0,0,0,0,0,0,0,0,0,0,0
"3443",166161621,"010801070201",1.661798,0,0,"NH",0,0,1,0,0,0,0,0,0,0,0,0,0,0,0,0
"3444",166161624,"010801070503",1.037529,0,0,"NH",0,0,0,0,0,0,1,0,0,0,0,0,0,0,0,0
"3445",166174528,"010801060504",1.3554,0,0,"VT",0,0,0,0,0,0,1,0,0,0,0,0,0,0,0,0
"3446",166174529,"010801060504",0.158836,0,0,"VT",0,0,0,0,0,0,1,0,0,0,0,0,0,0,0,0
"3447",166174530,"010801060504",0.59475,0,0,"VT",0,0,0,0,0,0,1,0,0,0,0,0,0,0,0,0
"3448",166174531,"010801060402",0.381511,0,0,"NH",0,0,1,0,0,0,0,0,0,0,0,0,0,0,0,0
"3449",166174533,"010801060402",1.197923,0,0,"NH",0,0,1,0,0,0,0,0,0,0,0,0,0,0,0,0
"3450",166174534,"010801060402",0.524812,0,0,"NH",0,0,1,0,0,0,0,0,0,0,0,0,0,0,0,0
"3451",166174535,"010801060401",1.475547,0,0,"NH",0,0,1,0,0,0,0,0,0,0,0,0,0,0,0,0
"3452",166174536,"010801060401",0.185238,0,0,"NH",0,0,1,0,0,0,0,0,0,0,0,0,0,0,0,0
"3453",166174537,"010801060401",2.24445,0,0,"NH",0,0,1,0,0,0,0,0,0,0,0,0,0,0,0,0
"3454",166174538,"010801060303",3.033337,0,0,"NH",0,0,0,0,0,0,1,0,0,0,0,0,0,0,0,0
"3455",166174539,"010801060303",2.070796,0,0,"NH",0,0,0,0,0,0,1,0,0,0,0,0,0,0,0,0
"3456",166174540,"010801060303",3.662214,0,0,"NH",0,0,0,0,0,0,1,0,0,0,0,0,0,0,0,0
"3457",166174541,"010801060303",5.72894,0,0,"NH",0,0,0,0,0,0,1,0,0,0,0,0,0,0,0,0
"3458",166174542,"010801060303",2.338093,0,0,"NH",0,0,0,0,0,0,1,0,0,0,0,0,0,0,0,0
"3459",166174543,"010801060105",1.392204,0,0,"NH",0,0,0,0,0,0,1,0,0,0,0,0,0,0,0,0
"3460",166174544,"010801060105",8.889272,0,0,"NH",0,0,0,0,0,0,1,0,0,0,0,0,0,0,0,0
"3461",166174545,"010801060105",0.787474,0,0,"NH",0,0,0,0,0,0,1,0,0,0,0,0,0,0,0,0
"3462",166174546,"010801060105",3.491027,0,0,"NH",0,0,0,0,0,0,1,0,0,0,0,0,0,0,0,0
"3463",166174550,"010801060105",7.604627,0,0,"NH",0,0,0,0,0,0,1,0,0,0,0,0,0,0,0,0
"3464",166174551,"010801060105",1.751983,0,0,"NH",0,0,0,0,0,0,1,0,0,0,0,0,0,0,0,0
"3465",166174552,"010801060404",1.198284,0,0,"NH",0,0,1,0,0,0,0,0,0,0,0,0,0,0,0,0
"3466",166174554,"010801050503",2.756416,0,0,"NH",0,0,1,0,0,0,0,0,0,0,0,0,0,0,0,0
"3467",166174555,"010801050503",0.745585,0,0,"VT",0,0,1,0,0,0,0,0,0,0,0,0,0,0,0,0
"3468",166174556,"010801060402",0.198215,0,0,"NH",0,0,1,0,0,0,0,0,0,0,0,0,0,0,0,0
"3469",166174557,"010801060402",0.493562,0,0,"NH",0,0,1,0,0,0,0,0,0,0,0,0,0,0,0,0
"3470",166443362,"010801060207",0.519373,0,0,"VT",0,0,0,0,0,0,1,0,0,0,0,0,0,0,0,0
"3471",166443363,"010801060207",0.151274,0,0,"VT",0,0,0,0,0,0,1,0,0,0,0,0,0,0,0,0
"3472",166443365,"010801060105",1.764944,0,0,"NH",0,0,0,0,0,0,1,0,0,0,0,0,0,0,0,0
