# Tier 1 Data AMPL File

param baseloads_N1 : 'point' 'urban' 'ag' 'septic' 'storage' 'other' :=
'166174961'	1	16	0	0	0	0	0.000000158011683666468	1.7253343735
'166174961'	2	16	0	0	0	0	0.000000160806056089906	4.1674788228
'166174961'	3	16	0	0	0	0	0.0000000128575963896392	1.9463842363
'166174961'	4	16	0	0	0	0	0.000000168531309900075	2.3515557959
'166174962'	1	16	0	1.55992571833966	1.66989714497835	0	0.000000124051180885961	265.548435924
'166174962'	2	16	0	1.0936132013695	1.17071059295545	0	0.000000100309461341687	420.0712800882
'166174962'	3	16	0	0.112966217615464	0.120930094336313	0	0.0000000123193268368498	364.7318806574
'166174962'	4	16	0	1.70797252153174	1.82838093113716	0	0.000000103791563846778	422.380696436
'166174963'	1	16	0	0	0	0.00194518412822078	0.000000113906021609108	37.6267507466
'166174963'	2	16	0	0	0	0.00172090229025215	0.0000000853938698521392	88.4228414315
'166174963'	3	16	0	0	0	0.000272141685703577	0.000000009828763834155	51.0518545866
'166174963'	4	16	0	0	0	0.00175106447666184	0.000000088097734540517	59.8133905055
'166174966'	1	16	0	49.8802263187344	154.260075347542	0.995548974415341	0.000000155741983510242	178.237076415
'166174966'	2	16	0	27.9629341799272	87.0988296118184	0.76271290401418	0.0000000992179517607148	252.77961161
'166174966'	3	16	0	18.9816523944308	59.6490089828849	0.690901056488734	0.0000000763893941089046	268.7614414391
'166174966'	4	16	0	47.0521506690913	145.060278667114	0.789483824017295	0.000000104063860868394	287.295813381
'24978249'	1	16	0	1.08295018393204	1.3638768227199	0	0.00000014647054528465	73.382109606
'24978249'	2	16	0	0.339410186983287	0.427456123293647	0	0.000000135154685564261	38.155540141
'24978249'	3	16	0	0.00627187010175947	0.00789884742314	0	0.00000000610657934816147	15.9222292771
'24978249'	4	16	0	0.842550794087064	1.06111575308544	0	0.00000012852844885893	73.841199876
'6139942'	1	16	0	0	16.0426235893104	0.00757226540805769	0.0000000964726082117166	27.779061142
'6139942'	2	16	0	0	3.98788053762549	0.00620451626497685	0.0000000658867676637187	15.558494555
'6139942'	3	16	0	0	0.0331941116256757	0.000511857680373311	0.00000000183007564823075	5.8894120241
'6139942'	4	16	0	0	7.86267064720568	0.00499990040295803	0.0000000509556761365693	29.961225218
'6139944'	1	16	0	0	25.6890695349494	0.0239342924058668	0.000000097427519152423	70.162531123
'6139944'	2	16	0	0	6.13918339439693	0.0196111337841158	0.0000000668450635841406	49.1550525627
'6139944'	3	16	0	0	0.0499076035629235	0.00161787138411954	0.00000000185418691252193	14.4510901258
'6139944'	4	16	0	0	12.0125532988485	0.015803603800659	0.0000000516983178147944	73.445732857
'6139946'	1	16	0	0.0292615541491661	99.181779363452	1.16809584148617	0.000000109006399271521	268.118509226
'6139946'	2	16	0	0	15.8526479133158	0.904828300568583	0.0000000635415949545376	228.720844708
'6139946'	3	16	0	0	0.0890330945749493	0.0555115284465562	0.00000000124956685321894	41.699755442
'6139946'	4	16	0	0	38.9720049701394	0.726322373841739	0.0000000490532854470911	258.271697181
'6139948'	1	16	0	0.653370658423957	2.39396548184312	0	0.000000118190443262386	28.4990100646
'6139948'	2	16	0	0.222889387678788	0.816671966252504	0	0.0000000919564242964325	30.7326636062
'6139948'	3	16	0	0.002724571521499	0.00998289422819857	0	0.00000000281305185052909	8.9658357715
'6139948'	4	16	0	0.405328533644704	1.48513329422373	0	0.0000000716162158775298	33.1756177732
'6139950'	1	16	0	0.895221283100746	0.000000162338716312329	0	0.000000107481824365769	48.064840851
'6139950'	2	16	0	0.239626803879569	0.0000000434537339087605	0	0.000000078909435975599	32.1839731124
'6139950'	3	16	0	0.00237330051845391	0.000000000430372428464783	0	0.00000000231189889906997	11.3551539469
'6139950'	4	16	0	0.501653576739908	0.0000000909694601130814	0	0.0000000612643280061816	54.708949798
'6139952'	1	16	0	10.7989102486509	0	0.273181886793799	0.000000126417665915847	3.8309131153
'6139952'	2	16	0	3.20612833049809	0	0.22543953178709	0.0000000859979622784071	2.4958775929
'6139952'	3	16	0	0.0138761400661079	0	0.0170763106181798	0.00000000225607415137571	1.0827828542
'6139952'	4	16	0	6.44217592223191	0	0.181019325030443	0.0000000669519213608946	4.811653645
'6139954'	1	16	0	10.4279252487736	0	0	0.000000114511699167516	1.2634578055
'6139954'	2	16	0	2.6822326828953	0	0	0.0000000873110796218152	0.6882709025
'6139954'	3	16	0	0.025889675260896	0	0	0.0000000026307512943331	0.2863277821
'6139954'	4	16	0	6.09182655855045	0	0	0.0000000679245832314029	1.4859376049
'6139956'	1	16	0	2.71254272447783	13.8486836323496	0	0.000000129177539316576	94.275996098
'6139956'	2	16	0	0.478669166352917	2.44380956257661	0	0.0000000936889246032839	38.779770205
'6139956'	3	16	0	0.00550348757674659	0.0280976434483405	0	0.00000000309812747627464	17.6891220851
'6139956'	4	16	0	1.0963493887221	5.59732965583776	0	0.0000000730340396573846	84.173954406
'6139958'	1	16	0	0	0	0	0.000000134352842466499	6.3246194431
'6139958'	2	16	0	0	0	0	0.000000101710658867212	3.3751968399
'6139958'	3	16	0	0	0	0	0.00000000346143019706436	1.2844100885
'6139958'	4	16	0	0	0	0	0.0000000795155973458857	6.0119341992
'6139960'	1	16	0	0	0.197222738628766	0	0.000000136045387915281	19.8987852679
'6139960'	2	16	0	0	0.0444317611353108	0	0.000000100111871575977	10.1261036497
'6139960'	3	16	0	0	0.000422556911089145	0	0.00000000319416300477275	3.7866785167
'6139960'	4	16	0	0	0.111956013147375	0	0.0000000780346683670551	23.226776243
'6139964'	1	16	0	0.542723145805362	9.94275229562017	0	0.00000014206751453304	35.190834308
'6139964'	2	16	0	0.144935993104819	2.6552445551108	0	0.000000113894426321788	18.7602084682
'6139964'	3	16	0	0.00205474740720752	0.037643215806933	0	0.00000000408898301175158	9.0958082291
'6139964'	4	16	0	0.315391357201972	5.77800700888227	0	0.0000000896034567130714	38.4028102888
'6139966'	1	16	0	0.930534283463321	6.06133256772297	0	0.000000132856588230267	253.64494242
'6139966'	2	16	0	0.222840721933323	1.4515442894703	0	0.0000000991548872885934	112.225565926
'6139966'	3	16	0	0.00267759424216953	0.0174413661806532	0	0.00000000331481995397686	49.363592435
'6139966'	4	16	0	0.469180151292745	3.05615492289624	0	0.000000077560101911904	237.507046468
'6139968'	1	16	0	2.40506602860044	12.2836990902781	0	0.000000130998092745184	121.213980787
'6139968'	2	16	0	0.694668953512548	3.54797094575639	0	0.000000112177641656599	71.416076802
'6139968'	3	16	0	0.00813353853644265	0.0415414540533498	0	0.00000000386789008757077	24.8802810553
'6139968'	4	16	0	1.49110024283707	7.61568558988044	0	0.0000000874195748582823	125.402917371
'6139970'	1	16	0	38.0182339930373	11.5029733059259	0	0.000000119209738003641	151.138872259
'6139970'	2	16	0	8.24471745236953	2.49455997310336	0	0.0000000897663422810939	67.887191722
'6139970'	3	16	0	0.119892770221287	0.0362753129376603	0	0.00000000319040011200564	37.456038327
'6139970'	4	16	0	20.9451231029965	6.33725364481589	0	0.0000000834496320243296	149.361841912
'6139972'	1	16	0	0.385466654783919	0.429834433626422	0	0.000000140697045706135	113.626667959
'6139972'	2	16	0	0.0893002842579005	0.0995788783113767	0	0.000000110189128850791	49.547952066
'6139972'	3	16	0	0.00124035127337051	0.00138311752947495	0	0.00000000380754964520042	25.490258096
'6139972'	4	16	0	0.214321432918934	0.238990144990854	0	0.0000000869538225995875	113.65137334
'6139974'	1	16	0	2.23931108420397	0.579962109502541	0	0.000000124176270360709	47.209401649
'6139974'	2	16	0	0.406911198052628	0.105386463939127	0	0.0000000975018128365981	18.7459694201
'6139974'	3	16	0	0.00535930438749633	0.00138801326004	0	0.00000000371147628029767	9.5034109228
'6139974'	4	16	0	1.26946817996589	0.328781225985256	0	0.0000000909043396412497	45.091697127
'6139976'	1	16	0	0.272155525745518	0	0	0.000000154445013089469	56.945532728
'6139976'	2	16	0	0.100907460007382	0	0	0.000000132990939396381	55.9484400507
'6139976'	3	16	0	0.00197209385534435	0	0	0.00000000521952029964795	19.4365718977
'6139976'	4	16	0	0.188580720480694	0	0	0.000000105549284802587	63.551690214
'6139978'	1	16	0	0.459529786066302	0.845496603047126	0	0.000000151555043411129	97.213801115
'6139978'	2	16	0	0.166009165945182	0.305443064051926	0	0.00000012910916297002	71.925286366
'6139978'	3	16	0	0.00246636357467832	0.00453790393385593	0	0.00000000495684283276643	26.0673171831
'6139978'	4	16	0	0.308990054689519	0.568516012471468	0	0.000000102036683083882	106.422271412
'6139980'	1	16	0	1.35259306810138	2.18343962197122	0	0.000000129319733373595	320.69277082
'6139980'	2	16	0	0.0879715523696091	0.142009136080522	0	0.000000043022474853058	113.615169793
'6139980'	3	16	0	0.000946707185557867	0.00152823345595614	0	0.00000000145567955535954	45.547268324
'6139980'	4	16	0	0.237646714993532	0.383624066824287	0	0.0000000345271085541498	279.56378001
'6139982'	1	16	0	0	0.0000000774661549047284	0	0.000000159252851598039	21.8365803269
'6139982'	2	16	0	0	0.0000000319920659287043	0	0.00000014666117293071	14.3034281461
'6139982'	3	16	0	0	0.000000000493135882709984	0	0.00000000600724589237859	6.3440795534
'6139982'	4	16	0	0	0.0000000592948365732764	0	0.000000117274127607328	25.0856017836
'6139988'	1	16	0	0	2.53089636121369	0	0.000000141030587884054	19.7895654117
'6139988'	2	16	0	0	0.177363721581571	0	0.000000051008254229233	9.4964606087
'6139988'	3	16	0	0	0.00219119053919016	0	0.00000000186667002379633	3.8279159661
'6139988'	4	16	0	0	0.437612061351111	0	0.0000000417210777783952	19.0488728734
'6139990'	1	16	0	2.6412445279784	3.79922205091807	0	0.000000132861203617893	149.843843589
'6139990'	2	16	0	0.214122080697725	0.307997734365525	0	0.0000000454373713563782	59.5168094585
'6139990'	3	16	0	0.002749097732317	0.00395436038289756	0	0.00000000158253224644269	26.0816439104
'6139990'	4	16	0	0.51580997135534	0.741951983781199	0	0.0000000366165875557459	137.127865533
'6139992'	1	16	0	65.6286707628631	1.92635631506803	0	0.000000142700580556086	55.1323043844
'6139992'	2	16	0	4.7740805553276	0.140130527090492	0	0.0000000523309002921327	26.3176815564
'6139992'	3	16	0	0.0733682952017175	0.00215353255129716	0	0.00000000193837335581493	10.9203505828
'6139992'	4	16	0	10.5663622494974	0.310147659701566	0	0.0000000427935833766082	52.2832926105
'6139994'	1	16	0	10.0697655444184	0	0	0.000000150943370548098	67.709583766
'6139994'	2	16	0	3.70073001998289	0	0	0.000000143943779839742	38.1759903124
'6139994'	3	16	0	0.0641641554424487	0	0	0.0000000059954473287655	18.439650703
'6139994'	4	16	0	7.53044654412765	0	0	0.00000011591588787084	73.060445158
'6139996'	1	16	0	17.5040355739147	1.77302022765848	0	0.00000015942203452451	15.7278826374
'6139996'	2	16	0	6.79207891799145	0.687983822856314	0	0.000000155838136559313	9.7935376215
'6139996'	3	16	0	0.088134930380524	0.00892737070141431	0	0.00000000658926891296105	3.6656004104
'6139996'	4	16	0	13.1565559237627	1.33265495730861	0	0.000000125578095833428	17.3569495698
'6139998'	1	16	0	11.2400100544955	8.98252238041585	0	0.000000150032851154966	176.696063088
'6139998'	2	16	0	0.992675322161602	0.793302519738267	0	0.0000000512338931395777	85.019424314
'6139998'	3	16	0	0.0150697115002456	0.0120430515773352	0	0.00000000185431191526881	37.550985105
'6139998'	4	16	0	2.18205490550225	1.74380244584645	0	0.0000000416913018050722	169.530324616
'6140000'	1	16	0	10.0968433697207	8.93276335179436	0	0.000000145105292466095	168.834218673
'6140000'	2	16	0	0.810945301010106	0.717450216832197	0	0.0000000481314353291829	64.118490859
'6140000'	3	16	0	0.0110728460845511	0.00979624126796154	0	0.00000000169862595744438	33.097077765
'6140000'	4	16	0	1.87007517635128	1.65447144102213	0	0.0000000389846551841495	151.33282888
'6140002'	1	16	0	10.9517312721522	0.29907636263554	0	0.000000155438153733743	45.427873959
'6140002'	2	16	0	1.066706908311	0.0291302638923801	0	0.0000000550409825068873	19.0626901417
'6140002'	3	16	0	0.0176388945879814	0.000481693377832366	0	0.00000000206974243626842	9.9964222824
'6140002'	4	16	0	2.20184323131541	0.0601292387867946	0	0.0000000450911238416252	44.4790692578
'6140004'	1	16	0	0	0	0	0.000000156248888747275	13.5350089787
'6140004'	2	16	0	0	0	0	0.0000000555892536867582	5.8588086576
'6140004'	3	16	0	0	0	0	0.0000000021020342965377	2.9107860338
'6140004'	4	16	0	0	0	0	0.000000045585059684429	13.5438247217
'6140008'	1	16	0	9.59282014695467	0	0	0.000000153004469294671	7.201041378
'6140008'	2	16	0	0.903480804406024	0	0	0.0000000529710088316417	3.0578362621
'6140008'	3	16	0	0.0113722701378433	0	0	0.00000000187805052137746	1.4934685699
'6140008'	4	16	0	1.98823229622799	0	0	0.0000000432859938980065	7.2404104597
'6140010'	1	16	0	43.7752455618779	3.61990284565883	0	0.00000013618126348633	285.65624146
'6140010'	2	16	0	9.06836188439406	0.749889316891798	0	0.000000117181364471447	162.048364949
'6140010'	3	16	0	0.126135922451636	0.0104305476489685	0	0.00000000488557884453236	52.859395878
'6140010'	4	16	0	27.5599832499109	2.27901546901165	0	0.000000110689740202491	267.75145753
'6140012'	1	16	0	9.05310926514218	7.57135190145739	0	0.000000140737775735966	208.736755309
'6140012'	2	16	0	0.715901880303108	0.59872745419221	0	0.0000000445561014744633	80.65760488
'6140012'	3	16	0	0.00790404134378537	0.00661035636502175	0	0.00000000131285506199186	39.437429382
'6140012'	4	16	0	1.69748595957291	1.4196518755496	0	0.0000000358394030261269	193.251837292
'6140014'	1	16	0	3.95074029879805	4.68809134748384	0	0.000000149026420955201	145.265842899
'6140014'	2	16	0	0.368115496742182	0.436819164173179	0	0.000000057055319280479	78.067973216
'6140014'	3	16	0	0.00566369096027617	0.0067207405651567	0	0.00000000220341857402378	29.1136497734
'6140014'	4	16	0	0.822087152725806	0.975518352533541	0	0.0000000468304017288411	137.372864518
'6140016'	1	16	0	13.7484699015127	2.06406749766971	0	0.000000145303137283405	123.229465485
'6140016'	2	16	0	1.24637701338879	0.187119461408927	0	0.0000000543854013424779	49.681116418
'6140016'	3	16	0	0.0227366127613769	0.00341346373469423	0	0.00000000208323008088172	25.2255474694
'6140016'	4	16	0	2.43008089692653	0.36482976156747	0	0.0000000446916013527567	112.730190679
'6140018'	1	16	0	1.33669715049918	0.11924435109503	0	0.000000143797133474444	31.29476327
'6140018'	2	16	0	0.281235391222811	0.0250885039329513	0	0.000000130356222716874	17.1384141389
'6140018'	3	16	0	0.00396340803124346	0.000353568507759717	0	0.00000000577099604166406	5.6860638377
'6140018'	4	16	0	0.874199682196251	0.0779857829677856	0	0.000000123752547553827	30.209683728
'6140020'	1	16	0	0	0	0	0.000000158074987191875	0.2483633621
'6140020'	2	16	0	0	0	0	0.000000160420860743807	0.1382010211
'6140020'	3	16	0	0	0	0	0.00000000905441211743892	0.0607440746
'6140020'	4	16	0	0	0	0	0.000000154577004366076	0.271411987
'6140022'	1	16	0	0	2.82624173784875	0	0.000000150917386924357	78.429686356
'6140022'	2	16	0	0	0.894859134905752	0	0.00000014675928270535	57.3011285097
'6140022'	3	16	0	0	0.0135372740681033	0	0.00000000717880194666761	14.9239918757
'6140022'	4	16	0	0	2.32842753768657	0	0.000000133276269480191	83.311676858
'6140024'	1	16	0	7.12339404489787	6.60482835389497	0	0.0000000874171579876637	322.31577868
'6140024'	2	16	0	1.35174680178712	1.25334293566893	0	0.0000000661261428166566	189.795923657
'6140024'	3	16	0	0.0256779184714275	0.0238086287133621	0	0.00000000360008784119481	57.35964308
'6140024'	4	16	0	3.7779797148481	3.50295201758074	0	0.0000000624432524662997	295.37530043
'6140026'	1	16	0	7.2041679971547	1.27965388076325	0	0.0000000887095795657071	99.514134107
'6140026'	2	16	0	1.16944517325376	0.20772489687919	0	0.0000000680553657907345	37.43632678
'6140026'	3	16	0	0.0206208596468792	0.00366281895308711	0	0.00000000378440452985084	16.6598211412
'6140026'	4	16	0	3.58325473437268	0.636482356953963	0	0.0000000643936779119429	89.178227082
'6140028'	1	16	0	0	5.95081088880293	0	0.000000157320759907038	40.478024715
'6140028'	2	16	0	0	0.791609890701051	0	0.0000000653230924508667	17.9096970543
'6140028'	3	16	0	0	0.0156447391282582	0	0.00000000270599621731572	9.0324242681
'6140028'	4	16	0	0	1.59089799207199	0	0.0000000541335284371375	39.385113796
'6140030'	1	16	0	4.31532211206078	1.25112540509964	0	0.00000015811917887985	23.1128833932
'6140030'	2	16	0	1.63875643547808	0.475118602027966	0	0.000000160500633590837	13.1978298676
'6140030'	3	16	0	0.0394001309623479	0.0114231344825147	0	0.000000009726519647341	6.3212245296
'6140030'	4	16	0	4.01873017009837	1.16513559863259	0	0.000000162732070434991	24.4227827515
'6140032'	1	16	0	0.172108913558536	0	0.149642324765569	0.000000108490273236362	45.022993592
'6140032'	2	16	0	0	0	0.0795149331401658	0.000000046434746289664	22.6038100279
'6140032'	3	16	0	0	0	0.0423204051585523	0.0000000147574467167984	6.2840410321
'6140032'	4	16	0	0.0323318884385754	0	0.097106640633508	0.0000000480407248280838	48.195945675
'6140034'	1	16	0	34.0304548070468	13.9398654159144	0	0.00000015187054626126	311.21017427
'6140034'	2	16	0	8.67175851337591	3.55220484939905	0	0.000000148304639903851	127.266356342
'6140034'	3	16	0	0.184259843793565	0.0754781985281276	0	0.00000000894867110260437	64.017095084
'6140034'	4	16	0	26.8095807375951	10.9819850907863	0	0.000000154090134465979	297.15725395
'6140036'	1	16	0	0.165315378084994	2.26946925318375	0.128731415461186	0.000000108549340980065	59.725079037
'6140036'	2	16	0	0	0.250464483669194	0.0736943811160564	0.0000000492059453935757	24.3736081096
'6140036'	3	16	0	0	0.0264729290664988	0.0518020058218764	0.0000000203921161699457	7.8626721126
'6140036'	4	16	0	0.0320841196432578	0.945119518015966	0.0903715441199067	0.0000000511101913127713	61.034812551
'6140038'	1	16	0	1.33870578149022	24.1235292332834	0	0.000000146512495077131	302.728848824
'6140038'	2	16	0	0.138605269105894	2.4976722351466	0	0.0000000699965939462371	113.501872588
'6140038'	3	16	0	0.00205159207639526	0.0369697674410612	0	0.00000000304511171425264	50.9312345121
'6140038'	4	16	0	0.363090646233167	6.54290729133025	0	0.000000058427454325673	275.31780825
'6140040'	1	16	0	25.0152407891895	33.1395393528291	0	0.0000000795003080916459	574.10726439
'6140040'	2	16	0	2.25377949151618	2.98574835964996	0	0.0000000339812331215803	295.967858803
'6140040'	3	16	0	0.014065790672656	0.0186339930705667	0	0.000000000631417377710072	92.922453714
'6140040'	4	16	0	4.59533829623271	6.08778446675674	0	0.0000000243240535722094	511.94128439
'6140042'	1	16	0	5.42545212564364	9.10045759660522	0	0.000000154908222910593	114.761724446
'6140042'	2	16	0	1.0751495751007	1.80341709624019	0	0.00000012037289046217	69.184048358
'6140042'	3	16	0	0.0245560787364183	0.0411894802702339	0	0.00000000934751518450254	21.5051210057
'6140042'	4	16	0	3.67042287742065	6.15663487283493	0	0.000000124740675706933	117.742668394
'6140044'	1	16	0	6.08205833142374	12.1575633485029	0	0.000000139764709632604	105.801515168
'6140044'	2	16	0	1.04153187286986	2.08194151273631	0	0.0000000984677263570618	41.970268482
'6140044'	3	16	0	0.0189941762424109	0.0379678865865755	0	0.00000000671952442622022	15.3789166215
'6140044'	4	16	0	3.74824013413171	7.492441602943	0	0.000000101358817114424	105.069640148
'6140046'	1	16	0	42.286408190797	0	0	0.000000156990354249177	12.0666377921
'6140046'	2	16	0	10.9303435883687	0	0	0.000000123440672428129	9.5217652157
'6140046'	3	16	0	0.320352190315606	0	0	0.00000000968123913687086	2.8097199174
'6140046'	4	16	0	30.7993800163693	0	0	0.000000128023530058358	12.6470175306
'6140048'	1	16	0	6.12568673288314	7.51383862078406	0	0.000000151175706233013	28.130774722
'6140048'	2	16	0	0.995494240969103	1.22108481883058	0	0.000000113614217515886	10.7729887994
'6140048'	3	16	0	0.0209578565209697	0.0257071506596732	0	0.00000000825370981412964	4.3435110351
'6140048'	4	16	0	3.6548092136056	4.48303150617511	0	0.000000117297724810877	27.861845276
'6140050'	1	16	0	32.3613334166503	115.960698143054	0	0.0000000889713680203729	1170.29494498
'6140050'	2	16	0	3.36487293890225	12.0573837341625	0	0.0000000428929960505321	624.369181239
'6140050'	3	16	0	0.0344478112831675	0.123437195690581	0	0.00000000099932897496896	291.703609167
'6140050'	4	16	0	5.9317635523715	21.2553492126374	0	0.0000000314527163836232	1150.123192981
'6140052'	1	16	0	0	0	0.00299809509337462	0.000000113784816340506	75.592299379
'6140052'	2	16	0	0	0	0.00169229058051445	0.0000000516217633231571	45.048416354
'6140052'	3	16	0	0	0	0.0000568500129534436	0.00000000094819608060588	11.0945241308
'6140052'	4	16	0	0	0	0.00170584097919903	0.0000000520253757081193	82.216906118
'6140054'	1	16	0	11.6619562676803	4.49068129451238	0	0.000000138941449263844	359.54003491
'6140054'	2	16	0	1.49553906780738	0.575888741377156	0	0.0000000777688575664578	172.511106787
'6140054'	3	16	0	0.02170463123958	0.00835782430375461	0	0.00000000348759432628812	58.355773309
'6140054'	4	16	0	3.93031179923125	1.51344913951448	0	0.0000000658089328164534	340.49875762
'6140056'	1	16	0	92.555318240557	0.697093262038075	0	0.000000153544029735598	4.7583518427
'6140056'	2	16	0	16.4890068031978	0.124189249812024	0	0.000000117932679643699	3.5091851619
'6140056'	3	16	0	0.360219647685335	0.00271304441385335	0	0.00000000890102050746869	0.7914438402
'6140056'	4	16	0	59.1996338689103	0.445870282479251	0	0.000000122177316207654	4.8189405959
'6140058'	1	16	0	24.8446149539853	0.276275301767136	0	0.00000015369650490755	3.0004643672
'6140058'	2	16	0	6.33232783264734	0.070416296922196	0	0.000000118257673345333	1.5693014829
'6140058'	3	16	0	0.170446326566016	0.00189538499021609	0	0.00000000896909194783353	0.7061598791
'6140058'	4	16	0	18.0185587507959	0.200368682143266	0	0.00000012258069670805	3.2595180121
'6140060'	1	16	0	8.00816442524793	16.1221184359184	0	0.000000142980627703243	130.949277583
'6140060'	2	16	0	1.55071326915727	3.12191179621258	0	0.000000110174278841147	50.789714336
'6140060'	3	16	0	0.0368142079476668	0.0741147395565086	0	0.0000000084598711107196	23.4542524431
'6140060'	4	16	0	5.38459052167953	10.8403126495706	0	0.000000114561157517575	124.009622154
'6140062'	1	16	0	13.7827357044223	1.2232589215329	0	0.000000135727672543382	46.815620039
'6140062'	2	16	0	2.38330191293876	0.211525156577042	0	0.0000000909494617800719	19.8729897425
'6140062'	3	16	0	0.038253828834439	0.00339514145909122	0	0.00000000537122471887624	7.0645332857
'6140062'	4	16	0	8.63325439065588	0.766227088806104	0	0.0000000934661016377124	49.960685794
'6140064'	1	16	0	47.0101179587956	0.374436262936128	0	0.000000158859029367693	12.3044908918
'6140064'	2	16	0	13.8239877780508	0.110108260651078	0	0.000000131478525258327	6.671339707
'6140064'	3	16	0	0.426882357215892	0.0034001240904653	0	0.0000000107069428267062	3.0145483772
'6140064'	4	16	0	37.6350523190681	0.299763730882931	0	0.000000136516464336902	13.0026058849
'6140066'	1	16	0	0	0	0	0.000000119482427068912	54.9827035
'6140066'	2	16	0	0	0	0	0.0000000612524724331164	38.4369241243
'6140066'	3	16	0	0	0	0	0.0000000349240862690975	8.4056471985
'6140066'	4	16	0	0	0	0	0.0000000639205608036209	61.22301656
'6140068'	1	16	0	0	10.6758539508572	0.0117254687557284	0.000000123397898169545	29.8319117522
'6140068'	2	16	0	0	1.24144992606796	0.00733863406928694	0.0000000650129727811442	11.9226059118
'6140068'	3	16	0	0	0.203451475708966	0.00676573496371279	0.0000000377510969881522	4.2352663198
'6140068'	4	16	0	0	4.97759047369535	0.00898997685879365	0.0000000677628389237531	30.9258127536
'6140070'	1	16	0	51.3834086440816	31.7252452332242	0	0.000000158261639686703	507.30631156
'6140070'	2	16	0	18.614556154818	11.493035875025	0	0.000000161236563317671	255.29280304
'6140070'	3	16	0	0.537223608163488	0.331693656845984	0	0.0000000113786925933932	126.433302239
'6140070'	4	16	0	44.53665897259	27.4979115840752	0	0.000000168976054053544	522.49280035
'6140072'	1	16	0	158.786496139575	0	0	0.00000014691212598151	4.6063022709
'6140072'	2	16	0	26.6338448033372	0	0	0.00000010667206778074	1.8621073224
'6140072'	3	16	0	0.521205181288018	0	0	0.00000000722217195039432	0.7469247423
'6140072'	4	16	0	100.905918658529	0	0	0.000000109980207001039	4.8799104159
'6140074'	1	16	0	3.69432032405461	0.112351119158629	0	0.000000148590714400707	67.640459987
'6140074'	2	16	0	0.567154496962976	0.0172482180267378	0	0.0000000887968259617413	33.6282439852
'6140074'	3	16	0	0.00893857821129109	0.000271838709212474	0	0.00000000424945317817718	11.1779900654
'6140074'	4	16	0	1.44135891905363	0.0438343926748091	0	0.0000000757678620977292	65.901071243
'6140076'	1	16	0	0	0	0.0000800538491221294	0.000000130944252356017	0.8153170545
'6140076'	2	16	0	0	0	0.0000558970523855362	0.0000000781165564578167	1.0312078735
'6140076'	3	16	0	0	0	0.00000365947741585314	0.00000000298873919434756	0.2666754286
'6140076'	4	16	0	0	0	0.0000567030491431523	0.0000000798470997460834	0.9840948926
'6140080'	1	16	0	4.04049783091816	2.12721794826889	0	0.0000000978551018932686	300.77442477
'6140080'	2	16	0	0.688402459793916	0.36242614881554	0	0.0000000823439810409714	109.826421884
'6140080'	3	16	0	0.0124716107988693	0.00656598158145737	0	0.00000000505006267101061	42.30239271
'6140080'	4	16	0	2.2686232472684	1.19437165702279	0	0.0000000788136479473146	268.62493463
'6140082'	1	16	0	0	0.0911351955574857	0	0.0000000972449793624048	66.221211805
'6140082'	2	16	0	0	0.0141669900185916	0	0.000000082155344735995	36.659655398
'6140082'	3	16	0	0	0.000250662553023448	0	0.00000000517808329575641	8.8154868881
'6140082'	4	16	0	0	0.0492015760402306	0	0.0000000789506053207743	57.908358573
'6140084'	1	16	0	205.087186394545	0	0	0.000000155773611567187	19.9416229463
'6140084'	2	16	0	78.8837031001919	0	0	0.000000156727540109029	11.2677115393
'6140084'	3	16	0	3.29575873471213	0	0	0.0000000124236800240335	6.8994157091
'6140084'	4	16	0	166.102234724298	0	0	0.000000164085703218573	19.8911955668
'6140086'	1	16	0	0.908274993024116	34.1522493284122	0	0.000000150423392538055	74.233068558
'6140086'	2	16	0	0.12145282199657	4.56677447908064	0	0.0000000897090891151082	40.8042212449
'6140086'	3	16	0	0.00203372287943641	0.0764704648101837	0	0.00000000446255143308295	12.7578627881
'6140086'	4	16	0	0.309583964775063	11.640735278332	0	0.0000000765139201528752	68.39306627
'6140088'	1	16	0	409.741464227252	0.259174649498333	0	0.000000158418564702738	7.1315255767
'6140088'	2	16	0	131.381835250397	0.0831032347606177	0	0.000000161479075920291	4.9071727312
'6140088'	3	16	0	4.81406750804626	0.00304505247539224	0	0.0000000142834386281843	1.8970850385
'6140088'	4	16	0	326.624957610906	0.206600786856932	0	0.000000169369145882827	7.1006797279
'6140090'	1	16	0	28.8923301498446	48.2518957441497	0	0.000000150356719703905	439.008792643
'6140090'	2	16	0	8.18588633865365	13.6709130806594	0	0.000000146012010154815	186.567617164
'6140090'	3	16	0	0.242752755363918	0.405411421733897	0	0.0000000123191571973749	99.080575447
'6140090'	4	16	0	22.969623742158	38.3606266546954	0	0.000000152329002773264	420.172584555
'6140092'	1	16	0	7.86488450421632	35.0529571045809	0	0.0000000946336173077749	300.500990032
'6140092'	2	16	0	0.887604607471759	3.95595971105053	0	0.000000048668026707271	143.784002874
'6140092'	3	16	0	0.0114445405990299	0.0510071051257634	0	0.00000000126626161409362	62.999526158
'6140092'	4	16	0	1.53731394008939	6.85164538281851	0	0.0000000361034092195461	294.216791099
'6140094'	1	16	0	47.1636450115924	0.526800247027996	0	0.000000095636223546657	63.761593447
'6140094'	2	16	0	4.46988793994458	0.0499269738334808	0	0.0000000496508162650593	24.3865913913
'6140094'	3	16	0	0.0358369125405064	0.00040028488813316	0	0.0000000013017573780778	9.6956030921
'6140094'	4	16	0	10.673756470413	0.119221861342288	0	0.0000000368870811562645	60.355903644
'6140096'	1	16	0	0	6.6261561097015	0	0.00000014518058207623	204.843681883
'6140096'	2	16	0	0	0.91824536998911	0	0.0000000854045313994006	97.814520982
'6140096'	3	16	0	0	0.0146609080869452	0	0.00000000414860529274173	32.4526759228
'6140096'	4	16	0	0	2.34099649984512	0	0.0000000728037359702057	185.763295766
'6140098'	1	16	0	6.47748732415767	0.509862536995081	0	0.000000154836235563922	17.5147788414
'6140098'	2	16	0	0.929860361937509	0.073192109770458	0	0.0000000967749615549836	7.0971328526
'6140098'	3	16	0	0.0149168820729377	0.001174152716856	0	0.00000000496585360135594	2.9896426061
'6140098'	4	16	0	2.50895522561364	0.197487422561169	0	0.0000000829313143326802	17.0684286646
'6140100'	1	16	0	10.9249855124229	6.17525078166797	0	0.00000015706785670328	13.3706387745
'6140100'	2	16	0	1.63389680703037	0.923545621530206	0	0.0000000984787688714671	5.597873223
'6140100'	3	16	0	0.0280543240878016	0.0158574568879539	0	0.00000000508771246803005	2.4314117827
'6140100'	4	16	0	4.31376185395877	2.43831547700034	0	0.0000000843672775135494	13.0284098086
'6140102'	1	16	0	18.6838456168904	1.27557463590934	0	0.00000015644888730249	5.740023249
'6140102'	2	16	0	2.76492749650658	0.188765817084636	0	0.0000000987869216249776	2.343086804
'6140102'	3	16	0	0.0458385302973131	0.00312946637270241	0	0.00000000512282778518882	0.9906737136
'6140102'	4	16	0	7.41302710633008	0.506098666508236	0	0.0000000847292528895691	5.6232350855
'6140104'	1	16	0	25.7812533637841	1.51456677537501	0	0.000000102346201020774	227.923167767
'6140104'	2	16	0	4.28098520699085	0.251494288063713	0	0.000000067122813205953	102.073783104
'6140104'	3	16	0	0.0685887036224821	0.0040293685581581	0	0.00000000317086992720085	38.303399423
'6140104'	4	16	0	10.5893423443898	0.622090239851055	0	0.0000000584669133479383	214.256747292
'6140106'	1	16	0	0	29.2981667448989	0.00712629065301901	0.000000128322422337027	61.485225449
'6140106'	2	16	0	0	3.18314934208867	0.00458573190900994	0.0000000701175041797496	31.2098364604
'6140106'	3	16	0	0	0.489931569811828	0.00429034132428674	0.0000000422161483538576	7.8407372598
'6140106'	4	16	0	0	13.8143205468271	0.00559374760689652	0.0000000731091068887064	61.806286256
'6140108'	1	16	0	0.829301536409229	140.711685599571	0.0918687981567031	0.000000125511352803924	77.906941641
'6140108'	2	16	0	0.0350405942213278	14.3828871304627	0.0591171076963971	0.0000000671546928979142	27.498889065
'6140108'	3	16	0	0	2.37104178544296	0.0553090724105828	0.0000000398836586687308	10.7659430182
'6140108'	4	16	0	0.305686293996402	57.7098821299975	0.0721119762844874	0.0000000700912185897153	71.429083937
'6140110'	1	16	0	23.2317993599844	4.64369845514355	0	0.00000015706785670328	37.1951421575
'6140110'	2	16	0	3.67471750950366	0.734522529144225	0	0.000000101218750442279	19.4600662059
'6140110'	3	16	0	0.0772837128347701	0.0154478890057492	0	0.0000000053188235030974	7.5202669902
'6140110'	4	16	0	8.84269051784002	1.76752509186783	0	0.0000000870239277661132	35.929737578
'6140112'	1	16	0	4.43754993128305	6.61275238895359	0	0.000000148201091150019	213.74745424
'6140112'	2	16	0	0.591336198062294	0.881197939554629	0	0.0000000944820070965771	80.472296073
'6140112'	3	16	0	0.00905784245010145	0.0134978243021989	0	0.00000000478431616608368	30.0191391968
'6140112'	4	16	0	1.65596507773787	2.46768761898345	0	0.0000000812452975602587	191.499925218
'6140114'	1	16	0	348.187717333677	0.41513299674254	0	0.000000159478527690707	18.5073354595
'6140114'	2	16	0	105.266228899043	0.125505533047131	0	0.000000160999790891953	11.993023519
'6140114'	3	16	0	4.63144837584599	0.00552192667071899	0	0.0000000160367172618521	4.4121476881
'6140114'	4	16	0	306.913195669618	0.365922714372701	0	0.000000167743252097375	18.8850298314
'6140116'	1	16	0	52.9420721867307	20.615067308725	0	0.000000158590028060204	271.04641565
'6140116'	2	16	0	18.3540028078026	7.14684914354974	0	0.000000161838039560988	194.781226433
'6140116'	3	16	0	0.698023442627686	0.271802739459657	0	0.0000000152747855210129	66.939239783
'6140116'	4	16	0	48.2327573865882	18.7813113273051	0	0.000000169468357074118	283.60938284
'6140118'	1	16	0	0	0	0.138479635580649	0.000000133886714571619	66.244118457
'6140118'	2	16	0	0	0	0.0911058292214517	0.0000000760583167694887	30.0711924373
'6140118'	3	16	0	0	0	0.0863595879386629	0.0000000476018377849641	9.007522057
'6140118'	4	16	0	0	0	0.110732743037472	0.0000000793027727860671	67.208808237
'6140120'	1	16	0	13.8615995893612	23.8480799857472	0	0.000000154834614772294	146.508347972
'6140120'	2	16	0	3.6848422045398	6.33955778788556	0	0.00000015419545907644	79.053909171
'6140120'	3	16	0	0.122967004286216	0.211557615337369	0	0.0000000163038390547372	28.8312642157
'6140120'	4	16	0	11.6640721210041	20.0673611367571	0	0.000000160739040609871	146.704762571
'6140122'	1	16	0	128.464772871461	5.1012871741723	0	0.000000159652669825003	49.828742224
'6140122'	2	16	0	38.6210252581184	1.53362619486308	0	0.000000163319104675119	23.4697732907
'6140122'	3	16	0	1.51480094797515	0.060152168367958	0	0.0000000171057821185008	11.2615354374
'6140122'	4	16	0	115.052438006744	4.5686884679116	0	0.000000170311954834713	51.780564215
'6140124'	1	16	0	13.1577862900046	35.3107167464329	0	0.00000009945636560899	382.61020741
'6140124'	2	16	0	1.38275752028025	3.7108186780487	0	0.0000000534324496923087	141.583757212
'6140124'	3	16	0	0.0123780896994684	0.0332182944461551	0	0.00000000145732489487505	53.76234616
'6140124'	4	16	0	3.01025359696269	8.07842670160779	0	0.0000000399913200679094	343.074299806
'6140126'	1	16	0	6.22473588025222	27.2789631830332	0	0.000000106577199542045	514.16029234
'6140126'	2	16	0	1.16009808093057	5.08395431513038	0	0.0000000746835441254781	286.923202311
'6140126'	3	16	0	0.0451375323657063	0.19780840620226	0	0.0000000083935492939915	99.269654624
'6140126'	4	16	0	3.35961333841403	14.7229971408447	0	0.0000000772021533555423	471.36612823
'6140128'	1	16	0	6.06130048245995	14.9895024042677	0	0.000000108814464350376	408.56139341
'6140128'	2	16	0	1.23174324680327	3.04608201045762	0	0.0000000999022846244548	254.183463941
'6140128'	3	16	0	0.0243880060354818	0.0603111619610445	0	0.0000000068293307873447	64.027023166
'6140128'	4	16	0	3.8060471358486	9.41229573704352	0	0.0000000971570520905697	377.12161059
'6140130'	1	16	0	0	0.0946798488841016	0	0.00000010417701334939	21.9827888662
'6140130'	2	16	0	0	0.0129460193073481	0	0.0000000580675447034738	12.5729225818
'6140130'	3	16	0	0	0.00010827328950726	0	0.000000001652445443564	3.4577887564
'6140130'	4	16	0	0	0.0271690162520304	0	0.0000000438462813173102	21.1489833711
'6140132'	1	16	0	25.2996029589777	26.43390588133	0	0.000000157111694349633	159.691942082
'6140132'	2	16	0	3.51895233945415	3.67672390333078	0	0.000000109982242397246	68.175440342
'6140132'	3	16	0	0.0642984801793877	0.0671812903979227	0	0.00000000608289113732107	29.2114187713
'6140132'	4	16	0	8.98219043559011	9.38490524815554	0	0.0000000957867197101937	149.315652514
'6140134'	1	16	0	28.7141728053549	1.05848669298021	0	0.000000101242022567177	92.234857058
'6140134'	2	16	0	3.33514009962172	0.122942821248731	0	0.0000000551191767271097	34.439135785
'6140134'	3	16	0	0.0313587711613511	0.00115597416647945	0	0.00000000153395843673595	13.2673601061
'6140134'	4	16	0	7.32027859520685	0.269846446022003	0	0.0000000414235012311783	84.058013175
'6140274'	1	16	0	0.482887041090307	197.994494954619	0.530855462329579	0.000000119609327675574	202.083082894
'6140274'	2	16	0	0	30.2652926919009	0.438576572476866	0.0000000779405344962813	144.368436898
'6140274'	3	16	0	0	0.194063770009253	0.0334175582368292	0.00000000196268263462518	28.564751716
'6140274'	4	16	0	0.0524838424340045	79.0426237795946	0.352218658627104	0.0000000605230941053249	189.076219073
'6140276'	1	16	0	0.0643048929447122	31.7730729005948	2.61662041798561	0.00000012517856878178	300.44019373
'6140276'	2	16	0	0	5.43058995023352	2.19705935917001	0.000000087984430281494	115.728702369
'6140276'	3	16	0	0	0.0577520604134667	0.198585751845048	0.0000000027888342076023	51.044927293
'6140276'	4	16	0	0	12.7199912887	1.76172850759556	0.000000068209962918052	263.26377094
'6140278'	1	16	0	0.520680693725042	4.52215948587267	0	0.000000137906055640532	104.479944256
'6140278'	2	16	0	0.12250252055937	1.0639456045345	0	0.000000113521707807019	45.6163132516
'6140278'	3	16	0	0.0012094847168999	0.0105044854850746	0	0.0000000038748184472067	16.7786491186
'6140278'	4	16	0	0.334450348993445	2.90473189535172	0	0.0000000884830855801883	109.687067396
'6140280'	1	16	0	19.3453731351169	121.9636831309	0	0.000000129930373374379	704.9695779
'6140280'	2	16	0	3.35346994045695	21.1420861385138	0	0.0000000931474980742457	343.857972155
'6140280'	3	16	0	0.0350919293493898	0.221238480221652	0	0.000000002746777383273	116.00156259
'6140280'	4	16	0	8.29220045603616	52.2785113423286	0	0.0000000727374471037684	611.06272658
'6140282'	1	16	0	3.53053618191029	16.3900181759702	0	0.000000128910425140869	352.39482747
'6140282'	2	16	0	0.312155316829156	1.44913719983824	0	0.0000000379722369166589	139.630803685
'6140282'	3	16	0	0.00365907890122483	0.016986759688052	0	0.00000000116324396453831	68.684143516
'6140282'	4	16	0	0.642437036876256	2.98242367965792	0	0.0000000301127604503232	330.61671703
'6140284'	1	16	0	1.77446747962005	1.14628760865561	0	0.000000132723852570409	76.017665831
'6140284'	2	16	0	0.154113998445855	0.0995560464116965	0	0.000000040266766430318	29.446809215
'6140284'	3	16	0	0.00198637199465145	0.00128317573006125	0	0.00000000128312298410147	15.321405972
'6140284'	4	16	0	0.325987023634744	0.210584240119813	0	0.0000000321416012580442	73.002060273
'6140286'	1	16	0	0.697381832714125	1.21313639596518	0	0.00000014132906983086	87.936814346
'6140286'	2	16	0	0.0573972837726108	0.0998459247228457	0	0.0000000454073504559925	35.279884134
'6140286'	3	16	0	0.000757721512570434	0.00131810079077479	0	0.00000000151980862490403	18.019132356
'6140286'	4	16	0	0.13244142990875	0.230389596363274	0	0.0000000365065884114816	84.760039945
'6140288'	1	16	0	0.654569937523917	14.1794707338463	0	0.000000147687155506549	243.201454334
'6140288'	2	16	0	0.174824561775127	3.78709686256649	0	0.000000136438341379926	125.474060697
'6140288'	3	16	0	0.00201659213258907	0.0436839632740369	0	0.00000000533729975494888	41.243960873
'6140288'	4	16	0	0.420429101644962	9.10744872347582	0	0.000000107551682207814	247.400842888
'6140290'	1	16	0	0	0	0	0.000000158952173973541	13.613887101
'6140290'	2	16	0	0	0	0	0.000000160497658654484	9.3553741245
'6140290'	3	16	0	0	0	0	0.00000000696685504153711	4.2969736519
'6140290'	4	16	0	0	0	0	0.000000129886570031376	16.4345546847
'6140292'	1	16	0	0.23549715593269	5.35710472860928	0	0.000000159131744362499	71.590733766
'6140292'	2	16	0	0.100923210123701	2.29580779422124	0	0.000000162336384185789	44.7590087842
'6140292'	3	16	0	0.00168204676723948	0.0382633100138552	0	0.00000000767046890423935	18.1504055121
'6140292'	4	16	0	0.203106769141302	4.62028608761953	0	0.000000139301020825942	77.500853594
'6140294'	1	16	0	3.7865595677897	1.65825099505346	0	0.000000155603968522135	48.105735096
'6140294'	2	16	0	1.40486622506949	0.61523416551096	0	0.000000155561766156892	27.551363779
'6140294'	3	16	0	0.018761616241589	0.00821628928351186	0	0.00000000660284142419484	10.70446802
'6140294'	4	16	0	2.80389228497746	1.22791074278851	0	0.000000126035277837741	51.472807603
'6140296'	1	16	0	1.19456566729013	21.0684467972882	1.74703608283104	0.000000136871361915727	383.06088177
'6140296'	2	16	0	0	4.75727993794485	1.73235638116454	0.000000121412151372686	193.599671746
'6140296'	3	16	0	0	0.0485642015505058	0.164095492125198	0.00000000445876589098346	53.764392616
'6140296'	4	16	0	0.530524967318139	13.4729394293145	1.35058295608058	0.0000000977413116339652	370.64873015
'6140298'	1	16	0	0.674467887562422	12.1840221140204	0	0.00000014149137531435	163.529832269
'6140298'	2	16	0	0.166636155256816	3.01022278134146	0	0.000000130028559292455	75.2253693871
'6140298'	3	16	0	0.00195209643363691	0.0352639266699558	0	0.00000000504538204021612	26.644309782
'6140298'	4	16	0	0.453568475690589	8.19355293286669	0	0.000000104799367589514	165.133438749
'6140300'	1	16	0	16.34624633439	4.79529308416243	0	0.000000154830204885803	97.665940445
'6140300'	2	16	0	2.37826698794899	0.697682330604415	0	0.0000000614939855977394	46.676198462
'6140300'	3	16	0	0.044256021806413	0.0129828335484279	0	0.00000000246872710953016	23.8432118872
'6140300'	4	16	0	4.27384532729985	1.25376435180745	0	0.0000000508099650067103	97.961186441
'6140302'	1	16	0	3.60525878170328	9.84545986761453	0	0.000000157320759907038	161.173145688
'6140302'	2	16	0	0.427063210040657	1.16625017782892	0	0.0000000598364265996866	67.7300776596
'6140302'	3	16	0	0.00724343570152898	0.0197808145901427	0	0.00000000235862552872953	32.674162885
'6140302'	4	16	0	0.853930707133897	2.33196589091402	0	0.0000000492979059019996	151.746660117
'6140304'	1	16	0	13.7962524684763	7.67103655250328	0	0.000000153446559418661	63.608974562
'6140304'	2	16	0	5.08724370803649	2.82862556512857	0	0.000000151146100533923	32.077950512
'6140304'	3	16	0	0.112769053108159	0.0627022106401413	0	0.00000000820067874201958	16.127933792
'6140304'	4	16	0	11.46641555459	6.37559315789162	0	0.000000144998166964415	64.449510955
'6140306'	1	16	0	0.402481438367107	3.23141382874946	0	0.000000159100222754435	53.571066926
'6140306'	2	16	0	0.136836039323428	1.09861928395342	0	0.000000162478859406609	29.7996641655
'6140306'	3	16	0	0.00225994797836924	0.0181445066873449	0	0.00000000867426610063067	11.2981291475
'6140306'	4	16	0	0.363877035478731	2.92146959388694	0	0.000000151916448543635	58.320011672
'6140308'	1	16	0	2.44832719190199	17.8603564575964	0	0.000000157147198688941	415.63735862
'6140308'	2	16	0	0.306105721694643	2.23301743388234	0	0.000000073207037640192	168.2424474564
'6140308'	3	16	0	0.00502072632779127	0.0366258080896373	0	0.00000000322395261765469	72.610657432
'6140308'	4	16	0	0.717688245034168	5.23547993237899	0	0.0000000612059881117029	378.97895985
'6140310'	1	16	0	57.8881882188094	126.661664217134	0	0.000000143777269794612	690.5011799
'6140310'	2	16	0	5.8049069019	12.7013677818528	0	0.0000000561639725573076	350.07989459
'6140310'	3	16	0	0.0830364419121745	0.181687046121937	0	0.00000000217421800930866	129.455210171
'6140310'	4	16	0	11.7982944302484	25.8151386911904	0	0.0000000461326793446701	615.00284233
'6140312'	1	16	0	0.104121795234046	4.72348517407272	0.346508467863801	0.000000138899260633466	233.24271521
'6140312'	2	16	0	0	0.790141251132924	0.288150364519268	0.0000000978247812891489	101.32059897
'6140312'	3	16	0	0	0.014848760097356	0.034623654740568	0.00000000680819575265194	31.182555415
'6140312'	4	16	0	0	2.95041339402656	0.291475533486394	0.000000100443624391042	225.956021606
'6140314'	1	16	0	0.469222530686456	3.87190728048968	0	0.000000147034878269534	64.2397979
'6140314'	2	16	0	0.0776170991709403	0.640476941364499	0	0.000000108882809895696	25.2229821793
'6140314'	3	16	0	0.00152835750050488	0.0126116248780468	0	0.00000000807509843449826	9.153516103
'6140314'	4	16	0	0.288879977775311	2.3837655183565	0	0.000000112690328054472	63.473506057
'6140316'	1	16	0	30.7996426462352	49.1185932108206	0	0.0000000883565908046991	703.023917501
'6140316'	2	16	0	3.37401516391344	5.38080523272574	0	0.0000000426617568140925	328.886448049
'6140316'	3	16	0	0.0489202129424911	0.0780168804829233	0	0.00000000105471335075612	166.213119416
'6140316'	4	16	0	5.29846459230927	8.44987488793497	0	0.0000000314041280795977	663.370509405
'6140318'	1	16	0	1.00612298607787	44.7390844585259	0	0.000000145277773517634	835.48151175
'6140318'	2	16	0	0.131468443035974	5.84598290382908	0	0.00000007501296109915	342.34610044
'6140318'	3	16	0	0.00219111729084162	0.0974320066715506	0	0.00000000330533821987636	147.348199303
'6140318'	4	16	0	0.326283337189721	14.5087807161077	0	0.0000000629523572087705	763.27420121
'6140320'	1	16	0	0	7.71068587286958	0	0.000000156830690009712	69.332228122
'6140320'	2	16	0	0	0.964988791423137	0	0.0000000834349188494397	36.8107222119
'6140320'	3	16	0	0	0.0175247162361621	0	0.00000000394004073501724	11.4031391668
'6140320'	4	16	0	0	2.28221190176706	0	0.0000000705587181102677	62.846579088
'6140322'	1	16	0	5.808917254799	39.2970291342323	0	0.000000156976594935616	550.74028302
'6140322'	2	16	0	0.949284418414176	6.42186070319668	0	0.0000000922545417329145	290.45651658
'6140322'	3	16	0	0.0190430417280192	0.128825206616727	0	0.0000000045935235495878	104.070374692
'6140322'	4	16	0	2.20318369411709	14.9044253893544	0	0.0000000786320952034286	521.88862412
'6140324'	1	16	0	0	0.61672996555185	0	0.000000119299859169627	33.7351308371
'6140324'	2	16	0	0	0.132710190919389	0	0.0000000929856193937802	15.1220237924
'6140324'	3	16	0	0	0.00464865487928098	0	0.00000001104765064267	5.7967153871
'6140324'	4	16	0	0	0.449445167104758	0	0.0000000960187932601882	36.253758651
'6140326'	1	16	0	0	0	0.000139813827067564	0.000000111493416212188	3.8654840181
'6140326'	2	16	0	0	0	0.000121089936143887	0.0000000822570122582569	1.8972512545
'6140326'	3	16	0	0	0	0.0000188744051687043	0.00000000936103000333993	0.7954527069
'6140326'	4	16	0	0	0	0.000123160825561067	0.0000000848349778322846	4.4858617439
'6140328'	1	16	0	0	0	0	0.000000127157474114641	52.069510132
'6140328'	2	16	0	0	0	0	0.000000105129507624824	22.6828127242
'6140328'	3	16	0	0	0	0	0.0000000131874949958743	7.915066086
'6140328'	4	16	0	0	0	0	0.000000108797243265191	54.261070368
'6140330'	1	16	0	22.6738067166201	3.94149075534087	0	0.0000000896156987120001	336.922515145
'6140330'	2	16	0	2.21797400753701	0.385560490815696	0	0.0000000438407892569818	163.253356387
'6140330'	3	16	0	0.0188311609953762	0.00327350620461443	0	0.00000000109441520455685	54.895729139
'6140330'	4	16	0	4.88742506687041	0.849603287151679	0	0.0000000322892867133465	317.799896099
'6140332'	1	16	0	16.1217355863	2.63923101520029	0	0.000000116950086326534	232.617060669
'6140332'	2	16	0	2.72650462923367	0.446346210161233	0	0.000000085334911322677	129.992864522
'6140332'	3	16	0	0.0468787887839109	0.00767435693694785	0	0.00000000439407492618338	39.960932668
'6140332'	4	16	0	7.27116225463668	1.1903356705026	0	0.0000000751929475037693	227.445794277
'6140336'	1	16	0	3.08137520011889	2.88699964260448	0	0.00000012321156932331	21.46249762
'6140336'	2	16	0	1.03354308937965	0.968346382978653	0	0.0000000983812029148475	11.542565698
'6140336'	3	16	0	0.0133042763638521	0.012465032205817	0	0.00000000307012076198501	5.8809315028
'6140336'	4	16	0	1.93193288803898	1.81006505054439	0	0.0000000767256976614164	23.521239553
'6140338'	1	16	0	9.57295555105619	1.12302229753947	1.3625173437452	0.00000012242565207069	29.556685733
'6140338'	2	16	0	1.72382006443429	0.2915062951922	1.11473371726001	0.0000000782353549266754	27.86492348
'6140338'	3	16	0	0	0.00243712043227336	0.0841572284340781	0.00000000167324593591778	6.6977271844
'6140338'	4	16	0	4.64592668345568	0.569174060030155	0.896427657404356	0.0000000605028897871048	33.2225967845
'6140340'	1	16	0	0.532922278598952	11.6538532078899	0	0.000000137113155474436	91.680674562
'6140340'	2	16	0	0.110378119880284	2.41372984020811	0	0.000000106147162985769	41.7249998725
'6140340'	3	16	0	0.00133112556870732	0.0291088261684526	0	0.00000000369338471269632	18.7614598424
'6140340'	4	16	0	0.259224032517335	5.66866679066808	0	0.0000000833171983237163	90.290920515
'6140342'	1	16	0	0	0	0.00620581634620208	0.00000012787336453702	1.2762204811
'6140342'	2	16	0	0	0	0.00515791569426324	0.0000000877121283272731	0.8213104518
'6140342'	3	16	0	0	0	0.000398756379071739	0.00000000232157166002948	0.3416543912
'6140342'	4	16	0	0	0	0.00414075073872842	0.00000006830198242969	1.5873642842
'6140344'	1	16	0	0	0	0.00325066573540641	0.000000127871768316553	3.0581413337
'6140344'	2	16	0	0	0	0.00270176535603402	0.0000000878912055695892	2.5349916828
'6140344'	3	16	0	0	0	0.000208872392464092	0.00000000233440342790046	0.7013837652
'6140344'	4	16	0	0	0	0.0021689646992028	0.000000068470473742727	3.7817864919
'6140346'	1	16	0	16.6594346342329	4.62901241330414	0	0.000000139901165091376	27.1065962201
'6140346'	2	16	0	1.18532252910985	0.329355276536086	0	0.0000000501459132345449	11.0296157354
'6140346'	3	16	0	0.0139784954172887	0.00388408311691422	0	0.00000000182049968146643	4.8620856304
'6140346'	4	16	0	3.09195245144682	0.859133973830258	0	0.0000000409248460456619	26.0511173317
'6140348'	1	16	0	0	0.203641766386489	0.149912419977048	0.000000130714048755519	40.387492669
'6140348'	2	16	0	0	0.0476690210907346	0.127584049890497	0.000000091605802584489	21.1785096959
'6140348'	3	16	0	0	0.000388231891004802	0.0110497288398397	0.0000000025407626134698	6.9593185245
'6140348'	4	16	0	0	0.112491682947976	0.102213811783314	0.0000000711933851755501	46.407847613
'6140350'	1	16	0	12.1683788018011	1.91026979389109	0	0.000000145526634823902	26.134108498
'6140350'	2	16	0	1.14427529856906	0.179635642056081	0	0.0000000480454085483723	11.3469682751
'6140350'	3	16	0	0.0161789892381767	0.0025398810262253	0	0.00000000164991218053648	5.9135679791
'6140350'	4	16	0	2.45025753083274	0.38465707097037	0	0.0000000388396216884769	25.937208237
'6140352'	1	16	0	3.70434010383158	0	0	0.000000144845233739775	22.7493342808
'6140352'	2	16	0	0.265847697512709	0	0	0.0000000539728511069869	10.9796228013
'6140352'	3	16	0	0.00450735750403328	0	0	0.00000000202746945966928	4.6133617813
'6140352'	4	16	0	0.582534026697402	0	0	0.000000044149127300329	21.1952051677
'6140356'	1	16	0	1.97348090256351	16.1916596716035	0	0.000000121751759779657	44.830688722
'6140356'	2	16	0	0.410504477407421	3.36803299362281	0	0.0000000933548282472363	19.0293574468
'6140356'	3	16	0	0.00551176403173537	0.0452219260337482	0	0.00000000336632421185217	9.6680518854
'6140356'	4	16	0	1.16948074954755	9.59514442949363	0	0.0000000867612449840997	44.211015658
'6140358'	1	16	0	0	0	0	0.000000146443941111356	44.121021206
'6140358'	2	16	0	0	0	0	0.000000118104030702259	22.0212193343
'6140358'	3	16	0	0	0	0	0.00000000395286752763019	10.3435640514
'6140358'	4	16	0	0	0	0	0.0000000931023609123068	45.698236077
'6140360'	1	16	0	0	0	0	0.000000149815079440883	2.4785999734
'6140360'	2	16	0	0	0	0	0.000000124747970726805	2.8665938691
'6140360'	3	16	0	0	0	0	0.00000000470722345748837	0.9159423441
'6140360'	4	16	0	0	0	0	0.0000000987749260084965	2.7475743662
'6140362'	1	16	0	16.2536264865363	0	0	0.000000154280626153034	23.6014277131
'6140362'	2	16	0	1.59678579348891	0	0	0.0000000538179614710739	9.9841308405
'6140362'	3	16	0	0.0227132757989377	0	0	0.00000000192144875971194	4.7988062804
'6140362'	4	16	0	3.43235593637559	0	0	0.0000000440082284954293	23.5073790848
'6140364'	1	16	0	28.0723758967347	0.221618036390784	0	0.000000150345336738582	36.146867784
'6140364'	2	16	0	2.44095497110019	0.0192701768274106	0	0.0000000502731482627719	14.7502093017
'6140364'	3	16	0	0.0265597894520427	0.000209676887319102	0	0.0000000015685321865942	6.19068234
'6140364'	4	16	0	5.59011155227426	0.0441312680590104	0	0.0000000408511693251963	34.943980118
'6140366'	1	16	0	53.9043154273728	0.355907343673953	0	0.000000128112828722814	168.375631412
'6140366'	2	16	0	10.3821667504413	0.0685490458600865	0	0.000000104056915288981	108.665390578
'6140366'	3	16	0	0.140753983493111	0.000929338884392873	0	0.00000000408060859766763	34.887424627
'6140366'	4	16	0	31.4873584765802	0.207897679887608	0	0.0000000976599797598631	162.007531341
'6140368'	1	16	0	6.60687154125878	28.2063590295925	0	0.0000000850405345550629	296.14574295
'6140368'	2	16	0	0.632877592302159	2.70191004589396	0	0.0000000383979665644207	125.889306255
'6140368'	3	16	0	0.00476890582699906	0.0203596314962544	0	0.000000000750284824728712	55.3562720171
'6140368'	4	16	0	1.06646226625215	4.55298962370488	0	0.0000000277539817022558	271.920964264
'6140370'	1	16	0	0	0	0	0.000000142321543957956	21.0566804321
'6140370'	2	16	0	0	0	0	0.000000127687646535616	12.0778637618
'6140370'	3	16	0	0	0	0	0.0000000055828031840853	3.5390794984
'6140370'	4	16	0	0	0	0	0.000000121095043457988	19.9171578158
'6140372'	1	16	0	49.8591958898245	19.5652980103974	0	0.0000000930474409508549	262.894222591
'6140372'	2	16	0	4.63463604451456	1.81868226641892	0	0.0000000467357465821228	132.9899777966
'6140372'	3	16	0	0.0374163352356822	0.0146825823454687	0	0.00000000113003555523935	50.4193390638
'6140372'	4	16	0	10.6280972727266	4.17058251169938	0	0.0000000344710462092607	254.427143626
'6140374'	1	16	0	2.09713061646202	0.45261589432583	0	0.000000158074982393285	11.5697626285
'6140374'	2	16	0	0.817632626862163	0.176466606233839	0	0.000000160420856443647	6.38037217
'6140374'	3	16	0	0.0201253603108344	0.00434358160117702	0	0.0000000092128609773926	3.2970179933
'6140374'	4	16	0	1.86780158004469	0.403120662141306	0	0.000000156527616577092	12.234365537
'6140376'	1	16	0	0	0	0	0.000000152990025883582	28.3751249198
'6140376'	2	16	0	0	0	0	0.0000000940312149209547	15.4354390816
'6140376'	3	16	0	0	0	0	0.00000000462714402365543	4.6194592636
'6140376'	4	16	0	0	0	0	0.0000000804228205071456	27.5775263495
'6140380'	1	16	0	0.807234684451052	0	0	0.000000111951657429822	118.508074604
'6140380'	2	16	0	0.180723905527072	0	0	0.0000000792179455632777	53.43863309
'6140380'	3	16	0	0.00402675438706102	0	0	0.00000000398427582474958	27.261456052
'6140380'	4	16	0	0.413026816136131	0	0	0.0000000695748757418807	122.149477065
'6140382'	1	16	0	2.5625247845696	0.278024342829109	0	0.000000106679080701404	117.662081341
'6140382'	2	16	0	0.331769670985118	0.0359957668836517	0	0.0000000603896223829793	67.885837416
'6140382'	3	16	0	0.00287650805714612	0.000312090352285363	0	0.0000000017485449245208	16.7284317138
'6140382'	4	16	0	0.716974620544982	0.0777890613530286	0	0.0000000457027520364634	108.697298125
'6140384'	1	16	0	51.2201828362724	1.27568058016873	0	0.00000011973976375915	118.023040015
'6140384'	2	16	0	10.1946162086787	0.253905261550735	0	0.0000000890763040335753	61.359808688
'6140384'	3	16	0	0.210832251708819	0.0052509498065902	0	0.00000000466367908643849	24.6781807507
'6140384'	4	16	0	25.3416154207383	0.631153675625505	0	0.0000000786499514994733	120.993426322
'6140386'	1	16	0	14.8994125029204	20.5803605901435	0	0.00000015706785670328	120.618467617
'6140386'	2	16	0	2.26747451214452	3.1320324260572	0	0.000000104491601867649	63.1565934862
'6140386'	3	16	0	0.0534388614439366	0.0738143895178542	0	0.00000000559034210637516	27.1444975238
'6140386'	4	16	0	5.22288275626444	7.21429857859634	0	0.000000090220645680429	115.748869597
'6140388'	1	16	0	0	0	0	0.000000156762098808156	3.8488786029
'6140388'	2	16	0	0	0	0	0.000000105458427902841	1.5301765941
'6140388'	3	16	0	0	0	0	0.0000000056058309606395	0.5939830507
'6140388'	4	16	0	0	0	0	0.0000000912026493324661	3.5786197782
'6140390'	1	16	0	16.9344687761345	1.32002189141333	0	0.000000158264237983816	8.1482714834
'6140390'	2	16	0	6.81829895085543	0.531478370855667	0	0.000000161247493921693	4.4624163473
'6140390'	3	16	0	0.254500380697453	0.0198380048639329	0	0.0000000128573682398223	2.7219352671
'6140390'	4	16	0	14.6442380487859	1.14150110422971	0	0.000000169005256406712	8.3880106359
'6140392'	1	16	0	18.3197630953333	10.9999041201114	0	0.000000157067859684699	45.7464765265
'6140392'	2	16	0	2.22941742302462	1.33862964099466	0	0.000000107507993327434	21.8773080858
'6140392'	3	16	0	0.0372175800186199	0.0223468944213491	0	0.00000000584644964442905	7.6182125319
'6140392'	4	16	0	6.39216126155462	3.83810427158959	0	0.0000000932246993654676	42.2950979698
'6140394'	1	16	0	45.1778250852031	1.35499074527582	0	0.000000158452812480233	4.9025427504
'6140394'	2	16	0	10.1107163130877	0.303244501205068	0	0.000000125840702247449	3.0728060839
'6140394'	3	16	0	0.288199355452708	0.0086437861656574	0	0.00000000999878471583108	1.0893325129
'6140394'	4	16	0	28.0676312175587	0.841815215125276	0	0.000000130549845051487	4.9294704304
'6140396'	1	16	0	0	0	0	0.00000015875400656678	0.3786618964
'6140396'	2	16	0	0	0	0	0.000000126303524889882	0.2510253577
'6140396'	3	16	0	0	0	0	0.0000000100536982280565	0.084014256
'6140396'	4	16	0	0	0	0	0.000000131044690542639	0.3660931134
'6140398'	1	16	0	25.5955303166575	6.02088277022257	0	0.000000158859029367693	36.375209396
'6140398'	2	16	0	6.21751494949927	1.46255725784424	0	0.000000128237365446009	22.111670811
'6140398'	3	16	0	0.182904235289527	0.043024893226603	0	0.0000000103060688242129	8.145244946
'6140398'	4	16	0	17.7897602842568	4.18471740400959	0	0.000000133091695910234	36.69452191
'6140402'	1	16	0	0	0	0	0.000000158859029367693	0.9772143047
'6140402'	2	16	0	0	0	0	0.000000133125058875265	0.4630195536
'6140402'	3	16	0	0	0	0	0.0000000108977311465913	0.2430157365
'6140402'	4	16	0	0	0	0	0.000000138252297167676	1.022621262
'6140404'	1	16	0	118.723650637002	16.2783298974159	0	0.000000158271459092941	72.321710796
'6140404'	2	16	0	36.777647201662	5.04262352797983	0	0.000000161259009263778	35.543996339
'6140404'	3	16	0	1.56925069474997	0.215161683158363	0	0.0000000134864194811501	20.9241676845
'6140404'	4	16	0	86.0609383466279	11.7999096069191	0	0.000000169023098843759	70.889675203
'6140406'	1	16	0	0	0.0000000530334134363474	0	0.000000154493006344809	1.6412351395
'6140406'	2	16	0	0	0.0000000103024745290992	0	0.000000119242341424661	1.2563025042
'6140406'	3	16	0	0	0.000000000225166491179689	0	0.00000000904567301303327	0.2846488849
'6140406'	4	16	0	0	0.0000000345024890034307	0	0.000000123490223657267	1.6878489466
'6140408'	1	16	0	60.1334547082393	1.22661362240335	0	0.000000152601185664218	7.4274514348
'6140408'	2	16	0	10.1270888620316	0.20657428069852	0	0.000000116092118099784	5.0770734974
'6140408'	3	16	0	0.218410173697365	0.00445517217570139	0	0.00000000856830638749863	1.1640577266
'6140408'	4	16	0	38.9906186880588	0.795338040331171	0	0.000000120113154966693	7.689175807
'6140410'	1	16	0	0	0	0	0.000000149768630965184	0.5577526633
'6140410'	2	16	0	0	0	0	0.000000111526439492512	0.2220978906
'6140410'	3	16	0	0	0	0	0.00000000801657445244434	0.0861385498
'6140410'	4	16	0	0	0	0	0.00000011510214840899	0.6165271779
'6140414'	1	16	0	0	0	0	0.000000116880381189166	2.0836501268
'6140414'	2	16	0	0	0	0	0.0000000560869107381466	0.8843991699
'6140414'	3	16	0	0	0	0	0.0000000244963954850353	0.2936462924
'6140414'	4	16	0	0	0	0	0.0000000582377586308877	2.2329878507
'6140416'	1	16	0	0	0	0.0000727107792523974	0.000000114498157845702	14.0306880078
'6140416'	2	16	0	0	0	0.0000417538219240688	0.0000000510485154726086	8.7123799971
'6140416'	3	16	0	0	0	0.0000293950382764493	0.0000000168376478836587	1.3477820425
'6140416'	4	16	0	0	0	0.0000511934448690521	0.0000000527729760971545	13.9641851869
'6140418'	1	16	0	16.9007049681673	0.318523781617132	0	0.000000148486372293745	13.5352969911
'6140418'	2	16	0	2.84307990069712	0.0535828868115701	0	0.000000109009877622443	5.3644702195
'6140418'	3	16	0	0.0544310342410594	0.00102584944702381	0	0.00000000747801429115881	2.0447830276
'6140418'	4	16	0	11.286161093339	0.212707737195204	0	0.000000112430905556592	14.5594596336
'6140420'	1	16	0	0	0	0	0.000000145638217683996	2.418685963
'6140420'	2	16	0	0	0	0	0.000000104660718526158	1.0235928757
'6140420'	3	16	0	0	0	0	0.00000000692280565578006	0.4080548871
'6140420'	4	16	0	0	0	0	0.000000107863389274126	2.5853693049
'6140422'	1	16	0	28.4313279516213	0	0	0.000000144211265864484	1.8852826017
'6140422'	2	16	0	5.38098572233197	0	0	0.000000101595386784014	0.8303774988
'6140422'	3	16	0	0.0920100031581255	0	0	0.00000000625391006926365	0.3117616597
'6140422'	4	16	0	17.847956761307	0	0	0.000000104579432833191	2.0116075052
'6140426'	1	16	0	33.6867706003592	8.80074790086695	0	0.000000158859032668409	363.944518527
'6140426'	2	16	0	10.1565005671854	2.65340961610683	0	0.000000143969103087194	164.183480063
'6140426'	3	16	0	0.316107400205358	0.0825838003837083	0	0.0000000122340318552348	65.463551915
'6140426'	4	16	0	27.7193749597474	7.24175178094812	0	0.000000149663605061446	339.115218231
'6140428'	1	16	0	0.635183327565837	1.28820232282849	0.0524555261372319	0.000000123000217425338	104.075372206
'6140428'	2	16	0	0.0595846325312938	0.180150434761539	0.0365791736124581	0.0000000596157061025714	41.3342622412
'6140428'	3	16	0	0	0.00107492415911319	0.00239267341840709	0.00000000116265984586561	8.1802541384
'6140428'	4	16	0	0.286189186522494	0.605662760189331	0.0371119275761691	0.0000000602710581351737	96.611148479
'6140430'	1	16	0	74.593665219805	0	0	0.000000159478527690707	1.2792695382
'6140430'	2	16	0	22.5449129907855	0	0	0.000000163146783546204	0.8570633038
'6140430'	3	16	0	1.00962134105833	0	0	0.0000000163918739419225	0.3129588565
'6140430'	4	16	0	66.3943025236784	0	0	0.000000170014926871008	1.3268536999
'6140432'	1	16	0	159.294706925673	0.286307548717175	0	0.000000159478529516871	4.2406303059
'6140432'	2	16	0	51.7169511608131	0.0929532048036744	0	0.000000163435794258719	2.055980342
'6140432'	3	16	0	2.3027472274454	0.00413883127306171	0	0.0000000164845912043716	1.068183053
'6140432'	4	16	0	140.696104236181	0.252879442715865	0	0.00000017032074563695	4.3916377399
'6140434'	1	16	0	0.011910168239477	1.92487194541186	0.527522626460288	0.00000013630389438717	124.844207563
'6140434'	2	16	0	0	0.3607884553984	0.431042602321897	0.0000000840561809803655	85.3816071723
'6140434'	3	16	0	0	0.00466688184747206	0.0466605605679059	0.00000000331632368141195	13.4692612627
'6140434'	4	16	0	0	1.13214020451213	0.437794104216732	0.0000000859875259970583	121.569308341
'6140436'	1	16	0	0	0	0.0112516527575983	0.000000119507281105816	34.635559807
'6140436'	2	16	0	0	0	0.00885728081506972	0.0000000742012629186801	20.8499257642
'6140436'	3	16	0	0	0	0.000768056027632807	0.00000000163767585781094	4.7681385057
'6140436'	4	16	0	0	0	0.00714136454108716	0.0000000564476834161168	30.393051667
'6140438'	1	16	0	1.06148768705486	5.2487704254412	0.0286984604549367	0.0000000878374237781655	43.058621411
'6140438'	2	16	0	0.14487967141825	0.806706336421984	0.0226757752294969	0.0000000435601368176541	16.4599077014
'6140438'	3	16	0	0	0.00326940582497737	0.00183913714013307	0.000000000538328416232249	3.1741008045
'6140438'	4	16	0	0.298190795811551	1.52394745533208	0.0183378900780349	0.0000000324036856550736	30.6509885969
'6140442'	1	16	0	0	0	0	0.000000100221175102288	15.309732348
'6140442'	2	16	0	0	0	0	0.000000044687003859022	5.2169998434
'6140442'	3	16	0	0	0	0	0.000000000480334272943907	0.8306959774
'6140442'	4	16	0	0	0	0	0.0000000330211089684018	9.9831434188
'6140444'	1	16	0	13.7501732118716	6.17741756152853	0	0.0000000815553278257053	179.537484215
'6140444'	2	16	0	2.19372039955184	0.98555317909311	0	0.0000000551012718650678	68.336565895
'6140444'	3	16	0	0.031528049830881	0.0141643254744713	0	0.00000000221407792766975	27.7150074659
'6140444'	4	16	0	6.23696994458602	2.80202780537635	0	0.0000000509411771333432	162.843507376
'6140448'	1	16	0	14.192877810505	19.7065442525193	0	0.000000128959601212222	198.495011704
'6140448'	2	16	0	1.50830902330252	2.09425874806523	0	0.0000000549233186163638	104.535556651
'6140448'	3	16	0	0.0143612786010622	0.0199403655862004	0	0.00000000144301313999212	23.8725007445
'6140448'	4	16	0	3.65172162483027	5.07034688519644	0	0.0000000447167961514692	170.487602954
'6140450'	1	16	0	0	0	0.00310526201608796	0.000000121945791416294	11.9458163902
'6140450'	2	16	0	0	0	0.00283736181460216	0.0000000732587780766553	3.7355686055
'6140450'	3	16	0	0	0	0.000256274840063477	0.00000000117484989208666	0.6508392477
'6140450'	4	16	0	0	0	0.00222755779426852	0.0000000553941925991449	8.7462436437
'6140452'	1	16	0	1.93307354176946	4.16921651657198	0.0989196435877459	0.000000124301444057555	54.023874384
'6140452'	2	16	0	0.20749591248844	0.580112889813418	0.0752395689108106	0.0000000693845336297587	20.7260767283
'6140452'	3	16	0	0	0.00574297825318343	0.00741597869749211	0.00000000247828277506014	4.6988126681
'6140452'	4	16	0	0.976286594884184	2.16070338688335	0.0767972495906927	0.0000000704911874087187	52.4723884
'6140454'	1	16	0	2.32524722131698	0.624071977456183	0.006646005674969	0.000000106360831431714	76.957685207
'6140454'	2	16	0	0.249871184972761	0.0678201566468464	0.00354407744964077	0.0000000449342458021482	33.7189416455
'6140454'	3	16	0	0.000915045230560933	0.00027585572577647	0.000115711031119215	0.000000000705661769708706	10.3443244325
'6140454'	4	16	0	0.893761430690133	0.240154101848226	0.00359295113285849	0.0000000451650079027945	82.197761944
'6140456'	1	16	0	388.72287166675	0.326219997548776	0	0.000000150971364998847	110.333461522
'6140456'	2	16	0	130.85382751327	0.109813798993936	0	0.000000139611620449886	91.646632908
'6140456'	3	16	0	3.49163449942745	0.00293021348094697	0	0.00000000828190547348822	23.76561894
'6140456'	4	16	0	296.933415048196	0.249189396869603	0	0.000000143799879224886	103.541617516
'6140458'	1	16	0	4.33530329525105	0.464093708060448	0	0.000000151770074043304	40.852222923
'6140458'	2	16	0	0.843265715479278	0.0902714957186689	0	0.000000111774697212516	25.4136994542
'6140458'	3	16	0	0.0166882663546087	0.00178647695398178	0	0.00000000720565556889137	6.2342217019
'6140458'	4	16	0	2.8418217125424	0.304216680220786	0	0.00000011599135417624	41.877143575
'6140460'	1	16	0	0	0	0.0221368885906967	0.000000109197070132971	37.952179091
'6140460'	2	16	0	0	0	0.0190846591472082	0.0000000755399128825774	24.4723305034
'6140460'	3	16	0	0	0	0.00296184242688171	0.00000000687658503949811	4.5688994028
'6140460'	4	16	0	0	0	0.0194187402778746	0.0000000776755918256524	38.90283101
'6140462'	1	16	0	14.1637612945534	2100.98209002942	1.1848671274279	0.000000111016311126733	1131.08141386
'6140462'	2	16	0	8.29194599648735	1259.15631104989	0.906762757004166	0.0000000680433070495889	3236.9805313
'6140462'	3	16	0	0.0958989775988814	22.2883977576186	0.0669278912818754	0.00000000161170041037632	1518.514718346
'6140462'	4	16	0	8.73654749394613	1296.56280196348	0.73543266578183	0.0000000525288654402869	1639.65983984
'6140464'	1	16	0	0	1.79373921912795	0	0.000000159465418588124	5.8361759528
'6140464'	2	16	0	0	0.637193820065675	0	0.000000163419463012274	3.0024070332
'6140464'	3	16	0	0	0.0289345366515983	0	0.0000000163211602980599	1.5753490103
'6140464'	4	16	0	0	1.57203080277171	0	0.000000170294297892588	6.0178340423
'6140466'	1	16	0	0	0	0	0.000000154321374329256	0.0393741422
'6140466'	2	16	0	0	0	0	0.000000119148193505117	0.0307178328
'6140466'	3	16	0	0	0	0	0.0000000090598501131037	0.0070672742
'6140466'	4	16	0	0	0	0	0.000000123497814224731	0.0400662547
'6140468'	1	16	0	15.0976225595136	0.18705979018431	0	0.000000154975306526068	8.7205390832
'6140468'	2	16	0	3.82124855182921	0.0473453319822751	0	0.000000120031358537854	4.4131367805
'6140468'	3	16	0	0.102240575206742	0.00126676239442799	0	0.0000000091498020273569	1.9643602213
'6140468'	4	16	0	10.9747709258464	0.135977591058061	0	0.000000124393740430694	9.4604381601
'6140470'	1	16	0	0	0	0	0.000000148506990678043	1.7351779832
'6140470'	2	16	0	0	0	0	0.000000122115913254815	1.907673459
'6140470'	3	16	0	0	0	0	0.00000000441571823079631	0.6047774254
'6140470'	4	16	0	0	0	0	0.0000000965885005670187	1.8712587605
'6140752'	1	16	0	11.0119983629562	0.0000000499983087150236	0	0.000000118008149021558	31.391935693
'6140752'	2	16	0	2.50519933975581	0.0000000113744776528143	0	0.0000000909554689192172	14.7064419877
'6140752'	3	16	0	0.112110690253244	0.000000000509021582322331	0	0.0000000111682520628542	6.8671344196
'6140752'	4	16	0	6.67896099807183	0.0000000303248094613502	0	0.0000000947949272345279	30.630987879
'6140754'	1	16	0	23.1393802038605	5.2175742503993	0	0.000000118058034144627	170.55044139
'6140754'	2	16	0	4.70198691083183	1.0602257111571	0	0.0000000910119342055813	105.247520787
'6140754'	3	16	0	0.185031659982565	0.0417217927275259	0	0.0000000111902759487269	36.2816947577
'6140754'	4	16	0	13.9659237666521	3.14910095202278	0	0.0000000949026827169636	167.03789968
'6140758'	1	16	0	24.2088047333304	15.3044056993677	0	0.000000112800306193235	93.495875454
'6140758'	2	16	0	3.49244418904155	2.20786541675724	0	0.0000000665945968386548	51.3174762171
'6140758'	3	16	0	0.0394923638933326	0.0249664188587162	0	0.00000000235492089700367	23.2179972286
'6140758'	4	16	0	6.19644790949733	3.91729181790325	0	0.0000000518613612651927	94.3093201375
'6140760'	1	16	0	39.9391866173898	0.104791241869044	0	0.0000000968061344661597	105.842758216
'6140760'	2	16	0	4.03780811310151	0.010594280009528	0	0.0000000508136543418302	56.370764858
'6140760'	3	16	0	0.0302399109034865	0.0000793425730421903	0	0.00000000137172249651996	16.3042235494
'6140760'	4	16	0	10.1578589937758	0.0266518862451777	0	0.0000000380096338116906	98.700952578
'6140762'	1	16	0	30.4143668223378	39.9713717366167	0	0.000000125652897070687	411.239958542
'6140762'	2	16	0	5.53523695178319	7.27455597345342	0	0.0000000974647744303973	181.543013826
'6140762'	3	16	0	0.105748848772685	0.138977956362223	0	0.00000000530647692898579	91.0510640923
'6140762'	4	16	0	12.4783232299941	16.3993450658152	0	0.0000000864899496399551	406.168512098
'6140764'	1	16	0	0	7.93358026171808	0	0.000000129917853364144	33.467564273
'6140764'	2	16	0	0	1.47854312706808	0	0.000000104266419845224	17.5442326081
'6140764'	3	16	0	0	0.0348660365533935	0	0.00000000587661353302021	8.8559260586
'6140764'	4	16	0	0	3.18369447045634	0	0.0000000929467820809221	33.4604523328
'6140766'	1	16	0	163.392004100159	1.33969644475621	0	0.000000130533794515146	63.0471371121
'6140766'	2	16	0	29.4273008810578	0.241282617131072	0	0.000000104650545895782	34.0068476048
'6140766'	3	16	0	0.663754366797291	0.00544230649625436	0	0.0000000058736262417562	16.0458108093
'6140766'	4	16	0	66.7594225973424	0.547379056924674	0	0.0000000933277401264952	64.108828355
'6140768'	1	16	0	0	237.659048975656	1.01275725645057	0.000000112604575837262	352.99101209
'6140768'	2	16	0	0	25.9710114172451	0.668377236161786	0.0000000642476009566457	170.871205701
'6140768'	3	16	0	0	3.06632854989859	0.47237204265243	0.0000000289808841806545	54.743953557
'6140768'	4	16	0	0	108.301749025016	0.805128023300044	0.0000000658600045991654	340.65549581
'6140770'	1	16	0	0	10.937398457756	0.465847753221244	0.000000111665144962436	235.378091521
'6140770'	2	16	0	0	1.17720542345445	0.307439938634107	0.0000000632245566858108	119.572141663
'6140770'	3	16	0	0	0.138061078368178	0.217281540625428	0.000000028243811552139	32.2247092
'6140770'	4	16	0	0	5.42365920110051	0.370342526426233	0.0000000648292546865822	239.072263955
'6140772'	1	16	0	5.66560751949071	2.55753831477365	0	0.000000152712826828098	109.526211964
'6140772'	2	16	0	1.86838255695903	0.843415284122986	0	0.000000150745207909953	52.376897333
'6140772'	3	16	0	0.0950889379636186	0.0429245409793742	0	0.000000019632730046883	25.037625729
'6140772'	4	16	0	5.15238164241944	2.32586062792443	0	0.000000157873997424384	111.324987844
'6140778'	1	16	0	55.2499525533353	0	0	0.000000157763994882225	6.5079995868
'6140778'	2	16	0	23.1464781066731	0	0	0.000000160330349528247	4.7155268512
'6140778'	3	16	0	1.34429751863612	0	0	0.0000000231333350525705	1.6226239908
'6140778'	4	16	0	57.2107880042533	0	0	0.000000167231981024716	6.8719391534
'6140780'	1	16	0	3.2788105821873	448.562439212256	0.533469876853178	0.00000012284022674658	67.699276967
'6140780'	2	16	0	0.048419181866482	46.8157655441148	0.349462612431803	0.000000067716703954694	36.538029531
'6140780'	3	16	0	0	7.58184196450734	0.287647410563037	0.0000000364778809476346	10.8948186334
'6140780'	4	16	0	1.01787343679069	169.776309430006	0.425035844641368	0.0000000705722160984086	63.038917658
'6140782'	1	16	0	14.3315926467317	0	0	0.000000108615137538709	143.647262218
'6140782'	2	16	0	2.03732360488811	0	0	0.0000000737388111148629	93.684093663
'6140782'	3	16	0	0.143045327422587	0	0	0.0000000203211996461001	18.4983285634
'6140782'	4	16	0	8.07507400971639	0	0	0.00000007643313945493	139.633408172
'6140784'	1	16	0	43.3077286702143	42.3787650462328	0	0.000000149314812647035	572.61647339
'6140784'	2	16	0	10.5342987224057	10.3083348906643	0	0.000000143255486087928	228.206184618
'6140784'	3	16	0	0.478916118333192	0.468643225562632	0	0.0000000211139044443746	95.415216316
'6140784'	4	16	0	35.3591603117566	34.6006958367405	0	0.000000149157303346177	546.60524599
'6140786'	1	16	0	0.413063148327108	220.305207451774	0.91285818200382	0.000000122103560224549	347.92222084
'6140786'	2	16	0	0	22.4990877567215	0.699048635961073	0.0000000634494148500512	189.455240359
'6140786'	3	16	0	0	3.75821555127408	0.614044712364051	0.0000000402984002918557	45.593061037
'6140786'	4	16	0	0	103.444796805117	0.735342659536917	0.0000000674123933622817	330.41893335
'6140788'	1	16	0	6.9505467698801	273.577007274746	0.719815235824621	0.000000126059295516197	341.74964063
'6140788'	2	16	0	0.197579264430547	26.7072549896648	0.551220190546605	0.0000000673279481732585	119.074686546
'6140788'	3	16	0	0	4.53965733734835	0.484192135358802	0.0000000437891750781746	46.260723662
'6140788'	4	16	0	3.04051358420861	129.126272605533	0.57983910989834	0.0000000714804465047217	328.46964845
'6140794'	1	16	0	5.46157388364255	0.140543319952354	0	0.000000152058424981438	86.685628356
'6140794'	2	16	0	1.06226623604932	0.0273354213769173	0	0.000000139979065449044	31.886932949
'6140794'	3	16	0	0.0202620999794755	0.00052140699040294	0	0.00000000893845054469304	12.3149081454
'6140794'	4	16	0	3.2066682106082	0.0825175683426544	0	0.000000128520813468165	80.320399785
'6140796'	1	16	0	0.00538254490000023	613.29381758	2.7476398	0.00000014843501	620.95874602
'6140796'	2	16	0	0	80.4550295320717	1.86324256170022	0.000000092694078308492	230.475381622
'6140796'	3	16	0	0	15.6525760914962	1.8869982407828	0.0000000645657712102222	93.323391019
'6140796'	4	16	0	0	319.679410602898	2.2235747075277	0.0000000963823829353231	581.0913101
'6140798'	1	16	0	20.2496878266945	35.6286831766631	0	0.000000146137913473179	557.74395924
'6140798'	2	16	0	6.72513147085288	11.8326554246399	0	0.000000141377751881497	234.278074755
'6140798'	3	16	0	0.316005390666933	0.55600145753994	0	0.0000000167482156543437	111.630113165
'6140798'	4	16	0	17.1242243088722	30.1295292944759	0	0.000000148130249511206	535.01500656
'6140800'	1	16	0	52.0535459133271	0.0899921825282666	0	0.000000155609768427562	29.4613334007
'6140800'	2	16	0	19.8728409730211	0.0343569357281596	0	0.000000157480493714428	14.2631448199
'6140800'	3	16	0	1.00611358732576	0.00173940807113936	0	0.0000000186007471233176	6.0390239677
'6140800'	4	16	0	45.643783477756	0.0789107374194242	0	0.000000165498385062137	29.2869457876
'6140804'	1	16	0	5.63334042518815	19.2217179941278	1.67501707404223	0.000000143124695280677	188.072213972
'6140804'	2	16	0	0	2.81991828993445	1.24438624671061	0.0000000999436036445078	70.833220703
'6140804'	3	16	0	0	0.534675647688405	1.25135883083005	0.0000000759015993750985	25.378832706
'6140804'	4	16	0	2.92006950712834	11.4287734739692	1.42530494642288	0.000000103934664992832	184.658664409
'6140806'	1	16	0	3.48405461205224	18.9844863605914	1.00205538040756	0.000000144069883289752	100.083541932
'6140806'	2	16	0	0	2.84600747997	0.744436525099394	0.000000101920512628106	39.356503294
'6140806'	3	16	0	0	0.601060034982316	0.748607776481936	0.000000078873417246326	16.659490657
'6140806'	4	16	0	1.76182375279291	11.0641055938521	0.852668613062145	0.000000105960791807635	98.909492593
'6140808'	1	16	0	65.0171120629038	2.26779379531712	0	0.000000158115631419142	97.671104895
'6140808'	2	16	0	22.7485679266342	0.793468973915921	0	0.000000161383140507629	48.9843037519
'6140808'	3	16	0	0.962987652988288	0.0335889638148551	0	0.0000000188162516012346	19.9369912362
'6140808'	4	16	0	58.1696564583363	2.02895486755441	0	0.000000169467212238852	98.133220097
'6140810'	1	16	0	40.261682979	220.34874637	0.31360398	0.00000016134507	36.968063094
'6140810'	2	16	0	7.08618954534297	39.6559351880756	0.216102736537188	0.000000110428429319387	18.8861389038
'6140810'	3	16	0	1.38780454550683	8.73846100231804	0.221306323510699	0.0000000849985956104304	8.1422577134
'6140810'	4	16	0	21.1054703339636	116.013868933817	0.25746501628684	0.000000114496479846399	35.984160589
'6140814'	1	16	0	3.9652182969	40.120644613	0.19340928	0.00000015812272	64.341917734
'6140814'	2	16	0	0.452158812487965	5.62756602249581	0.131155625168979	0.000000105277082411504	33.3946815861
'6140814'	3	16	0	0	1.26416886921775	0.132827811526347	0.0000000780638649227813	12.0807845763
'6140814'	4	16	0	2.08629359428078	21.6376957570372	0.156519778848037	0.000000109143289239394	63.220799801
'6140816'	1	16	0	1.82098319793468	32.3416182576313	0	0.000000149168580711756	423.86832041
'6140816'	2	16	0	0.498443554393573	8.85261938486992	0	0.000000144468448521873	172.405747391
'6140816'	3	16	0	0.0169759882959579	0.301502470628446	0	0.0000000142542685492449	74.886896468
'6140816'	4	16	0	1.40871615784727	25.0195390394727	0	0.000000151017124703265	402.33423824
'6140818'	1	16	0	2.94575193235869	109.838248047893	0.271767367138543	0.000000133689834649292	179.61878346
'6140818'	2	16	0	0.174415830710621	12.3124929170144	0.18625710691568	0.0000000793854224660554	95.584848948
'6140818'	3	16	0	0	2.04108326107541	0.157685244273997	0.000000045739291675644	28.217483735
'6140818'	4	16	0	1.26388900710708	50.8061901161663	0.224389439936661	0.0000000823601969003626	170.933291211
'6140820'	1	16	0	0.1731232641	971.49821104	1.0724493	0.0000001427471	420.81846699
'6140820'	2	16	0	0	141.290233414109	0.754158102769532	0.0000000912976610582491	196.536805856
'6140820'	3	16	0	0	26.8619436603986	0.782275861909496	0.0000000652719163171333	61.249629302
'6140820'	4	16	0	0	539.29501505824	0.896593646842011	0.0000000951652159109149	386.88876378
'6140822'	1	16	0	6.2857869954	93.799923561	0.10065841	0.00000016138233	49.5754069636
'6140822'	2	16	0	0.957449663524533	15.1020234321096	0.0707840972187662	0.000000113915119578991	24.988326255
'6140822'	3	16	0	0.197480323250608	3.97885310020487	0.0734231821727457	0.0000000898057670952348	11.3897271305
'6140822'	4	16	0	3.41309738284045	51.3653192682153	0.0841528790331944	0.000000118086641355338	48.6770084699
'6140826'	1	16	0	0.174065510952275	453.087863645938	2.00855381279472	0.00000012798227822829	283.86351186
'6140826'	2	16	0	0	55.6308017630371	1.38722908694804	0.0000000776681525722922	107.411578945
'6140826'	3	16	0	0	8.57214151145076	1.19570075737542	0.0000000414667365676847	41.798841987
'6140826'	4	16	0	0	219.915213749198	1.66901864494997	0.0000000799396808875267	274.82467708
'6140830'	1	16	0	0	0	0	0.000000157039935823819	40.4524545119
'6140830'	2	16	0	0	0	0	0.000000154529050579963	26.3734206349
'6140830'	3	16	0	0	0	0	0.0000000103769038843964	3.7816968934
'6140830'	4	16	0	0	0	0	0.000000143626462229404	37.6363730081
'6140832'	1	16	0	6.80846137303207	601.843588245121	1.45068710458796	0.000000142945661698418	201.079232537
'6140832'	2	16	0	0	67.6838461422245	1.11227454534892	0.0000000844090353146426	96.919525419
'6140832'	3	16	0	0	15.0723152710203	0.999582362306127	0.0000000607183211059147	34.9143643832
'6140832'	4	16	0	2.59060737973208	273.004012359019	1.1558488708332	0.0000000889636264574792	189.600517885
'6140834'	1	16	0	16.4653992165597	1290.1950925885	2.1331856611495	0.00000014559639141522	580.38756697
'6140834'	2	16	0	0.604057535716923	155.363731753886	1.63556154867319	0.0000000880369532108398	275.080437696
'6140834'	3	16	0	0	36.23203661337	1.46985160552007	0.0000000644628881633452	110.041292774
'6140834'	4	16	0	7.12307047009136	612.0364989024	1.69963614116274	0.0000000926205695233008	552.4571814
'6140836'	1	16	0	112.41341396	24.902746596	0.44859045	0.00000015657815	154.846438148
'6140836'	2	16	0	17.0307606513603	3.83354788677161	0.343302761837614	0.000000119106309112952	65.474002864
'6140836'	3	16	0	4.13412146461258	0.989953227610901	0.352456154938649	0.0000000981983277167074	32.8473636554
'6140836'	4	16	0	64.4326907241755	14.3033637814288	0.391737378607332	0.000000123749580775014	152.585715902
'6140838'	1	16	0	3.3202946253	1152.9700258	0.43082173	0.00000016127659	373.162653891
'6140838'	2	16	0	0.289156607499164	190.217588285071	0.329704499435195	0.000000120908862999636	153.069545399
'6140838'	3	16	0	0	48.2302652847899	0.338495322743419	0.0000000992012290132244	79.4418806561
'6140838'	4	16	0	1.7073049276581	640.407353618069	0.376220614568948	0.000000125363298899648	358.863549156
'6140842'	1	16	0	13.1643619144753	193.9881829209	0	0.000000133464473851584	1630.73919683
'6140842'	2	16	0	3.12842351427697	46.1000082553159	0	0.000000131235094121657	812.00866877
'6140842'	3	16	0	0.0822421641104656	1.21190894614172	0	0.0000000102756557836159	283.058629801
'6140842'	4	16	0	8.55043474680692	125.998002067671	0	0.000000133559117359039	1504.74851721
'6140846'	1	16	0	0	388.588793166283	0.0916162853712622	0.000000134359609678249	117.328075141
'6140846'	2	16	0	0	38.2523851944414	0.0645704487730701	0.0000000746178282189849	60.887465667
'6140846'	3	16	0	0	7.23560965525161	0.0550936141981625	0.0000000510177532634334	19.8273656456
'6140846'	4	16	0	0	175.525693704713	0.067583410208426	0.0000000788641849767677	115.021141618
'6140848'	1	16	0	198.69648424	140.23337175	2.5179488	0.00000015805825	102.701693726
'6140848'	2	16	0	27.2001910049695	20.3098353729393	1.94146022170158	0.000000102128114859878	43.741537487
'6140848'	3	16	0	6.42432642865098	5.71122976123068	1.77045519887129	0.0000000794915516667866	24.5888758287
'6140848'	4	16	0	105.280570264448	74.7716722672005	2.00587271719159	0.000000107011059394309	102.313486072
'6140852'	1	16	0	56.6144238821069	41.7378151650873	0	0.000000157979427399457	505.53040655
'6140852'	2	16	0	15.3212993331694	11.2953116150668	0	0.000000161204314805075	223.006734274
'6140852'	3	16	0	0.486550702183978	0.358699460024246	0	0.000000015255497051949	86.766499786
'6140852'	4	16	0	44.0768698670165	32.4947623142539	0	0.00000016924093511636	494.34877781
'6140854'	1	16	0	10.20917021	128.61055161	0.30532432	0.00000015432624	85.140198287
'6140854'	2	16	0	1.11532395876933	16.215875885533	0.210397268413466	0.00000010281194253906	42.8911391587
'6140854'	3	16	0	0.111045893108184	3.99377722202316	0.215463465830268	0.0000000777797732488622	16.4733965198
'6140854'	4	16	0	5.26267371904961	67.4377503682348	0.25066751566518	0.000000106939899864623	81.473091548
'6140856'	1	16	0	339.867165847316	3.88415420043284	0	0.000000157921576263192	23.7897135064
'6140856'	2	16	0	79.2625194577082	0.905847574620043	0	0.000000161159164954918	13.8538735955
'6140856'	3	16	0	2.24677276603028	0.0256771255193544	0	0.0000000133856723896707	4.3164225089
'6140856'	4	16	0	242.364917922018	2.76985483920771	0	0.000000169202607972103	22.6637791291
'6140858'	1	16	0	0	1340.9956978	1.257765	0.00000015421465	196.734057371
'6140858'	2	16	0	0	167.384054499382	1.01649932611539	0.000000104998910653626	71.258687329
'6140858'	3	16	0	0	41.7090239251817	0.944789998389515	0.0000000842683889650268	33.665152745
'6140858'	4	16	0	0	639.37484488499	1.0442628357181	0.00000011028066352661	183.646267588
'6140860'	1	16	0	65.210447177	51.224252697	1.4775018	0.00000016176029	90.587289983
'6140860'	2	16	0	8.67506037189467	7.58067471870692	1.19408602319911	0.000000110940327572118	36.830122857
'6140860'	3	16	0	1.68843008210458	2.14940996332013	1.10984874904479	0.000000090375126748685	19.435823768
'6140860'	4	16	0	35.9207893424687	28.5336767168211	1.22669991917225	0.000000116023747109527	88.147954581
'6140864'	1	16	0	202.71522056	27.496803194	0.7400533	0.00000016030211	24.5587215512
'6140864'	2	16	0	30.7354903408669	4.23099314396421	0.57061687296999	0.000000104902996399028	15.6565626071
'6140864'	3	16	0	9.3819835733862	1.33829265081091	0.520356559153364	0.0000000827453713246451	6.063964925
'6140864'	4	16	0	114.789951092257	15.5934389428357	0.589548416737986	0.000000109838770012096	25.247882995
'6140866'	1	16	0	14.4865577982984	22.8502140773227	0	0.000000123156039868382	256.29667038
'6140866'	2	16	0	2.3554844466867	3.71539772345773	0	0.0000000977274065328561	96.918286131
'6140866'	3	16	0	0.246352385254687	0.388581250288783	0	0.0000000364016588913184	36.582170188
'6140866'	4	16	0	9.26127119634499	14.6081651979494	0	0.000000101389591675068	240.87424578
'6140868'	1	16	0	21.3074412431245	41.7273438117961	0	0.000000120579594495897	235.51504178
'6140868'	2	16	0	3.51224990818483	6.87820080306819	0	0.0000000937139845177011	91.583447118
'6140868'	3	16	0	0.376184914325422	0.736700248387457	0	0.0000000344483122419245	37.135137857
'6140868'	4	16	0	13.5471692400265	26.5300456352301	0	0.0000000971622343100559	222.433477478
'6140872'	1	16	0	3.24378894654133	17.7240525224314	0	0.00000015700495604104	267.896719139
'6140872'	2	16	0	0.664721250719827	3.63203480704744	0	0.000000150112280676805	162.793209801
'6140872'	3	16	0	0.0118420330147548	0.0647048308715396	0	0.00000000992503574433077	28.120472715
'6140872'	4	16	0	2.07530337647223	11.3394510715492	0	0.000000138999953115684	232.984932651
'6140874'	1	16	0	17.8241863507383	517.328350425465	4.28825230813379	0.000000145795759541841	460.88449651
'6140874'	2	16	0	0	59.5458624384913	3.16672144632877	0.00000008739033371219	231.929802886
'6140874'	3	16	0	0	13.756155925307	2.77525519196871	0.000000063750073515228	87.31046133
'6140874'	4	16	0	8.09169016330607	266.173498913544	3.28550415162729	0.0000000920087183282994	461.19560327
'6140876'	1	16	0	95.31953063	511.72092597	1.4148926	0.00000016120733	421.729632826
'6140876'	2	16	0	18.454728331219	103.888518816816	1.18409321825547	0.000000131757341660928	178.622536658
'6140876'	3	16	0	4.17202204707246	28.4590639745097	1.20780707374801	0.000000114865764567487	89.986550077
'6140876'	4	16	0	62.7236722728163	338.661000464869	1.29594249728929	0.000000136590777932798	407.699009396
'6140878'	1	16	0	4.0562671467	132.6185901	0.23945911	0.000000154951	74.886242462
'6140878'	2	16	0	0.385658661055063	18.080638714344	0.200001874245907	0.000000112395299087469	42.736551413
'6140878'	3	16	0	0	4.36099834415551	0.187219347783914	0.0000000934454676942673	11.2794469761
'6140878'	4	16	0	2.24639428238878	75.6712013211377	0.204715823484775	0.00000011780754621185	70.267705727
'6140880'	1	16	0	15.257072118	51.645200199	0.3068128	0.00000016175031	35.105707267
'6140880'	2	16	0	2.0042802435411	7.50107779435864	0.256257252682837	0.000000118593715929873	13.3768293343
'6140880'	3	16	0	0.322180460758129	1.86506716124221	0.239879334726781	0.000000100310269365895	6.3020146233
'6140880'	4	16	0	8.81693234134021	30.1273509785978	0.262297126454738	0.000000123946762778004	33.545864809
'6140882'	1	16	0	0	0.2792986629	0.00055817974	0.00000016084303	4.015203533
'6140882'	2	16	0	0	0.0551577458808718	0.000473098697745981	0.000000138315848263885	1.8052311672
'6140882'	3	16	0	0	0.0180439730709972	0.000479997533497672	0.000000125245861295493	0.9424601006
'6140882'	4	16	0	0	0.18257195871769	0.000512371627073512	0.000000143590589179394	4.0049474511
'6140884'	1	16	0	818.376789046746	0	0	0.000000160116470391854	0.3744389189
'6140884'	2	16	0	235.234979980482	0	0	0.000000163455630584047	0.2728304973
'6140884'	3	16	0	18.1282479725954	0	0	0.0000000353121774958761	0.0733972961
'6140884'	4	16	0	747.096777849061	0	0	0.00000017012082874876	0.4045366094
'6140886'	1	16	0	7.82986599549582	45.8536581927327	0	0.000000151395492467622	405.30830503
'6140886'	2	16	0	1.57751105507646	9.23830021571604	0	0.000000146330040028993	222.448938346
'6140886'	3	16	0	0.0865851991165442	0.507064632622824	0	0.0000000301124474789648	57.400052257
'6140886'	4	16	0	5.99276830806849	35.0951535799734	0	0.00000015264078515946	386.43467004
'6140888'	1	16	0	4.61718144233566	0.966841465447232	0.130917415438181	0.00000015804270430456	40.302628297
'6140888'	2	16	0	0.834353110118284	0.192455621126638	0.110784585812156	0.000000135256571118017	19.78479628
'6140888'	3	16	0	0.199936274680648	0.0630975897077733	0.109932100250276	0.000000120393188466933	8.8249898484
'6140888'	4	16	0	3.03275688026361	0.641900189014258	0.119575392710994	0.000000140440240235391	40.187036794
'6140892'	1	16	0	84.5246327350415	23.6141447353628	0	0.000000156687566272303	151.148182423
'6140892'	2	16	0	34.633616980309	9.67579766547929	0	0.000000158131164783397	73.804328516
'6140892'	3	16	0	2.51478898506118	0.702571417958143	0	0.0000000270444231778456	35.101043578
'6140892'	4	16	0	75.5155129199928	21.0972138439018	0	0.000000165611632478599	154.139741129
'6140894'	1	16	0	67.7190242727745	3.8485687924779	0	0.000000160116470391854	24.203902308
'6140894'	2	16	0	19.9629438322213	1.13452258751345	0	0.000000163455630584047	17.9041501084
'6140894'	3	16	0	1.57890339135715	0.0897313330127227	0	0.0000000369252272286135	4.2566737542
'6140894'	4	16	0	63.3424060235132	3.59983933137286	0	0.00000017012082874876	26.095593692
'6140896'	1	16	0	2.29343717839117	477.382050242971	0.0234510595612768	0.000000132945875080202	144.772533367
'6140896'	2	16	0	0.222559218204439	49.2626292545638	0.0165281254238879	0.0000000733802823067244	72.039011752
'6140896'	3	16	0	0.0315968154661215	9.41605825549518	0.014102335992127	0.0000000500903945214538	25.3328111134
'6140896'	4	16	0	0.990931410059045	207.740391324872	0.0172993539176757	0.0000000776129946110124	145.182530192
'6140900'	1	16	0	29.642020143	956.110561	1.2464154	0.00000015238613	624.99488451
'6140900'	2	16	0	6.1198144668	228.01187715	1.2464154	0.00000014709369	247.490624631
'6140900'	3	16	0	1.0978165924	72.562592634	1.2464154	0.00000014283679	124.218406671
'6140900'	4	16	0	23.142388973	754.9230973	1.2464154	0.000000152879	600.15410092
'6140902'	1	16	0	28.377553835	484.23124667	2.0961898	0.00000016175131	485.49905833
'6140902'	2	16	0	3.33798139118404	84.3475330757253	1.9701954702233	0.000000134862423635859	182.642109543
'6140902'	3	16	0	0	23.5483563813398	1.92133028723869	0.00000012195740730519	89.045340319
'6140902'	4	16	0	18.9844750137317	333.230971191983	1.98648722180815	0.000000140307986193993	445.60096936
'6140904'	1	16	0	44.453725955	86.606114215	0.13199027	0.00000015565176	130.68360105
'6140904'	2	16	0	7.92077355824405	15.6267871862808	0.124056825032681	0.00000013843528660273	69.67702126
'6140904'	3	16	0	2.1520520847345	4.41528112129485	0.12097993976609	0.000000129025537367489	26.2413101945
'6140904'	4	16	0	33.5455138612645	65.403895565783	0.125082656551799	0.000000143929059816749	129.226099584
'6140906'	1	16	0	71.291404089	310.26418985	4.2084892	0.00000016111499	394.113775595
'6140906'	2	16	0	14.198255442	75.641877959	4.2084892	0.00000015424913	209.716108629
'6140906'	3	16	0	1.3419280506	22.809246961	4.2084892	0.00000015046582	82.32488745
'6140906'	4	16	0	53.909721972	238.83477074	4.2084892	0.00000015979319	375.988802916
'6140908'	1	16	0	5.3734098503	1343.0702894	0.54031799	0.00000016129613	294.89250649
'6140908'	2	16	0	1.358220849	431.1782985	0.54031799	0.00000016462218	194.373765864
'6140908'	3	16	0	0	116.55850993	0.54031799	0.00000016807141	63.932796198
'6140908'	4	16	0	4.3047778984	1100.3726436	0.54031799	0.00000017021974	296.307888576
'6140910'	1	16	0	176.216217886	0.2736999453	0.097681454	0.00000016121123	2.9753096728
'6140910'	2	16	0	61.639267104	0.0958370242	0.097681454	0.00000016440449	2.1604088518
'6140910'	3	16	0	14.757307323	0.0230600629	0.097681454	0.00000016703664	0.6704571534
'6140910'	4	16	0	153.996656276	0.2392075269	0.097681454	0.00000016998459	3.0715352027
'6140914'	1	16	0	87.376892217	35.126132005	8.005972	0.00000015267683	446.07239092
'6140914'	2	16	0	14.617857578	8.3315554711	8.005972	0.00000014853127	260.499387387
'6140914'	3	16	0	0	2.59140903180336	7.91161533849437	0.000000144430482105498	89.76252241
'6140914'	4	16	0	68.779240896	28.277275445	8.005972	0.00000015423552	437.76093215
'6140916'	1	16	0	49.390348772	1.0623226398	0.62478919	0.0000001611791	47.362167413
'6140916'	2	16	0	13.065155731	0.2907747338	0.62478919	0.00000016432643	22.052584751
'6140916'	3	16	0	3.32860162817145	0.0838137049597708	0.617425559186252	0.000000161836887295554	9.7477795524
'6140916'	4	16	0	43.315800654	0.933299103	0.62478919	0.00000016990015	48.902533423
'6140918'	1	16	0	42.365789753	1367.9075933	1.9120447	0.00000016154285	615.82990763
'6140918'	2	16	0	9.035054367	338.19675519	1.9120447	0.00000016480551	334.063948686
'6140918'	3	16	0	1.4221481557	103.0056637	1.9120447	0.00000016813663	143.43384232
'6140918'	4	16	0	34.250824864	1117.2060351	1.9120447	0.00000017019698	622.63484342
'6140920'	1	16	0	178.46920764	219.6846658	0.49306901	0.00000016183222	349.56271727
'6140920'	2	16	0	37.797125376	47.003026082	0.49306901	0.00000015663147	184.274052997
'6140920'	3	16	0	11.668540526	14.928951378	0.49306901	0.0000001548593	79.197971636
'6140920'	4	16	0	144.00597175	177.37941242	0.49306901	0.00000016184893	337.911007285
'6140924'	1	16	0	73.974378104	0	0.006419067	0.00000016184223	13.8980595685
'6140924'	2	16	0	19.665396657	0	0.006419067	0.00000016490342	6.7279619505
'6140924'	3	16	0	6.7045005213	0	0.006419067	0.00000016832416	3.7370340338
'6140924'	4	16	0	66.130067463	0	0.006419067	0.0000001700241	14.3730968044
'6140926'	1	16	0	12.2104524449137	78.255556482022	0	0.000000142743567226756	518.78890335
'6140926'	2	16	0	2.39979155201084	15.3800216811197	0	0.000000130169823374682	206.645857441
'6140926'	3	16	0	0.298956778548063	1.91598379948937	0	0.0000000556694816534634	83.036890736
'6140926'	4	16	0	9.00419467450294	57.706974259346	0	0.000000135035633708854	485.02693803
'6140928'	1	16	0	0	0	0	0.00000015811505150639	25.594443095
'6140928'	2	16	0	0	0	0	0.000000158667687242617	17.3463189043
'6140928'	3	16	0	0	0	0	0.0000000749996443782363	4.1563775334
'6140928'	4	16	0	0	0	0	0.000000164731950936201	25.525387098
'6140930'	1	16	0	160.06328291	3.4914367935	1.6031852	0.00000015381765	213.12288422
'6140930'	2	16	0	39.118004521	0.8794369156	1.6031852	0.00000015027914	96.87240081
'6140930'	3	16	0	12.511806054	0.3048350123	1.6031852	0.00000014859365	53.026058741
'6140930'	4	16	0	130.58304961	2.854765674	1.6031852	0.00000015449734	207.36605888
'6140932'	1	16	0	239.733767401	0	0.066423389	0.00000016184223	73.989341055
'6140932'	2	16	0	70.636042849	0	0.066423389	0.00000016490342	36.5950679276
'6140932'	3	16	0	27.949442456	0	0.066423389	0.00000016832416	21.2391599677
'6140932'	4	16	0	203.036005261	0	0.066423389	0.0000001700241	75.211511338
'6140934'	1	16	0	407.405754131685	0	1.29883967222278	0.000000154215723583805	155.72844121
'6140934'	2	16	0	102.387866017492	0	1.29549426728266	0.000000152297273215585	75.199768317
'6140934'	3	16	0	38.1725827222921	0	1.2937111778627	0.000000152766070664556	43.4227436296
'6140934'	4	16	0	325.599097860746	0	1.2961592884896	0.000000157258997156574	154.381511338
'6140938'	1	16	0	131.573448999772	1.6444870529369	1.38248133456535	0.00000015476390585689	234.753589091
'6140938'	2	16	0	28.9009176607898	0.374521105213881	1.3789205928802	0.000000151611004854686	124.16843645
'6140938'	3	16	0	11.1181292774635	0.15454831913961	1.37702263946367	0.000000150575390718031	65.896800545
'6140938'	4	16	0	92.4976672206453	1.16113660269965	1.37962843097117	0.000000156650826110046	229.571021921
'6140940'	1	16	0	0	0	0	0.00000016184223	2.6418722876
'6140940'	2	16	0	0	0	0	0.00000016490342	1.3759092426
'6140940'	3	16	0	0	0	0	0.00000016832416	0.8527351099
'6140940'	4	16	0	0	0	0	0.0000001700241	2.6797297832
'6140942'	1	16	0	0	0	0	0.00000016122902	1.8499853578
'6140942'	2	16	0	0	0	0	0.00000016378063	0.9506240971
'6140942'	3	16	0	0	0	0	0.00000016683546	0.6001812598
'6140942'	4	16	0	0	0	0	0.00000016889359	1.8481154762
'6140944'	1	16	0	134.73384705	0.0000025843572	0.11004958	0.00000016184223	170.903274507
'6140944'	2	16	0	33.942989057	0.00000065264514	0.11004958	0.00000016490342	89.720280069
'6140944'	3	16	0	13.264428782	0.00000025632921	0.11004958	0.00000016832416	55.8851125357
'6140944'	4	16	0	109.111093	0.000002093283	0.11004958	0.0000001700241	174.243074189
'6140946'	1	16	0	529.72077357	0	0.50068722	0.0000001528096	209.545981497
'6140946'	2	16	0	139.15741058	0	0.50068722	0.00000014871925	113.7487838049
'6140946'	3	16	0	57.479566985	0	0.50068722	0.00000014663634	66.075227926
'6140946'	4	16	0	420.91140773	0	0.50068722	0.00000015237949	204.485063676
'6140948'	1	16	0	12.2735860364518	1.51814331923003	0	0.000000152644204598218	328.35936236
'6140948'	2	16	0	2.75072946934646	0.340242986415626	0	0.000000148676564747363	203.775999477
'6140948'	3	16	0	0.227226344225836	0.0281060609007425	0	0.0000000460200381968955	43.124590415
'6140948'	4	16	0	10.2623227731657	1.26936632154807	0	0.000000155209052650206	320.97950935
'6140952'	1	16	0	670.05935633	9.9895692697	1.0675139	0.00000016149547	792.10784127
'6140952'	2	16	0	192.3996192	2.8797138265	1.0675139	0.00000016460415	467.528733748
'6140952'	3	16	0	86.286368573	1.3002424708	1.0675139	0.00000016816277	300.574372224
'6140952'	4	16	0	570.40253499	8.5062003806	1.0675139	0.00000016996064	826.20697863
'6141024'	1	16	0	0	0	0	0.000000129216887133792	0.0623763208
'6141024'	2	16	0	0	0	0	0.000000108138455994746	0.026788315
'6141024'	3	16	0	0	0	0	0.0000000138258108958353	0.0096896024
'6141024'	4	16	0	0	0	0	0.000000111615080447076	0.0662259963
'6141030'	1	16	0	0.283864968722999	5.79264972825012	0	0.000000131725473022199	186.817622835
'6141030'	2	16	0	0.0509135697393084	1.03896045115313	0	0.000000112128797684263	67.237001341
'6141030'	3	16	0	0.00176824589892748	0.0360834560801007	0	0.0000000146723037469285	25.146494013
'6141030'	4	16	0	0.211848845768792	4.323063055884	0	0.000000115893342997454	182.292437355
'6141032'	1	16	0	38.4779926027815	41.0553511193861	0	0.00000015979857278457	216.011903981
'6141032'	2	16	0	11.9489652598421	12.7493388062006	0	0.000000163223544233989	130.44714615
'6141032'	3	16	0	0.548903225621481	0.585670226893769	0	0.0000000195739346153687	44.839030704
'6141032'	4	16	0	31.3427270544401	33.4421464637257	0	0.00000017030038011213	215.381709291
'6141034'	1	16	0	72.4598038347828	95.0736596595833	0	0.000000139293066300474	641.3887099
'6141034'	2	16	0	13.794433791317	18.0995149588897	0	0.000000118366766999572	328.81156494
'6141034'	3	16	0	0.269585329510878	0.353719752335704	0	0.00000000702881109801459	114.067987032
'6141034'	4	16	0	36.5173883723646	47.9140374384494	0	0.000000106868220949281	598.67144422
'6141038'	1	16	0	19.5275617199899	1.37126682500995	0	0.000000159742487774842	75.339420666
'6141038'	2	16	0	8.69168610947278	0.610348643901621	0	0.000000163157211108552	60.27102736
'6141038'	3	16	0	0.516784194539156	0.0362896828553792	0	0.000000022479354725921	23.4605092967
'6141038'	4	16	0	20.2467122265087	1.4217670997054	0	0.000000170255567974959	79.127595781
'6141042'	1	16	0	6.12158401421838	5.46095010669378	0	0.000000141079127900323	81.333402588
'6141042'	2	16	0	1.08478514558009	0.967716451005073	0	0.000000121733044859634	47.415751498
'6141042'	3	16	0	0.0194991434947968	0.0173948196246793	0	0.00000000736472773864199	12.7730657736
'6141042'	4	16	0	3.12532741430315	2.78804587784588	0	0.000000110705813719038	74.236043235
'6141046'	1	16	0	0	0	0	0.000000159852949164926	4.4941412563
'6141046'	2	16	0	0	0	0	0.000000163283626488355	3.4480641341
'6141046'	3	16	0	0	0	0	0.0000000234721183366719	1.4116448676
'6141046'	4	16	0	0	0	0	0.000000170338027895151	4.7098548976
'6141050'	1	16	0	0.953861734688661	542.389633142212	0.607814656527448	0.000000121465587380046	349.37988901
'6141050'	2	16	0	0	58.9663381543488	0.398163995833642	0.0000000659718756418216	127.597556023
'6141050'	3	16	0	0	8.79939738957035	0.327734170227465	0.0000000347018945563081	54.995964959
'6141050'	4	16	0	0.230470771555885	248.238074805338	0.484269181330571	0.0000000688092208200204	343.35184197
'6141054'	1	16	0	0	0.495850576895664	0	0.000000159852949164926	40.4811823598
'6141054'	2	16	0	0	0.248378505388668	0	0.000000163283626488355	22.6517006123
'6141054'	3	16	0	0	0.0165934928943595	0	0.0000000246340826370699	11.3724118113
'6141054'	4	16	0	0	0.553966223305975	0	0.000000170338027895151	43.105700375
'6141056'	1	16	0	10.8262811197807	195.314215396109	0	0.000000157097812372982	1472.72547517
'6141056'	2	16	0	1.96010391505949	35.3617418601903	0	0.000000128506288745009	686.469089779
'6141056'	3	16	0	0.0485509989696345	0.875896364212651	0	0.00000000775697021003866	269.699256689
'6141056'	4	16	0	4.5665139033357	82.3833290719545	0	0.000000115461733889256	1224.47450483
'6141060'	1	16	0	8.22846540091451	17.0880159297756	0	0.000000154765230431023	200.934330804
'6141060'	2	16	0	3.40972131759722	7.0809524441973	0	0.000000155196746770728	96.336566019
'6141060'	3	16	0	0.266829919738744	0.55412445660979	0	0.0000000260584501111505	51.619445968
'6141060'	4	16	0	7.97877142620219	16.5694776104291	0	0.000000162267043685712	202.616894292
'6141062'	1	16	0	13.4413655656806	2.29610875483202	0	0.000000159853868427512	27.8959649994
'6141062'	2	16	0	5.31080160626712	0.907212738517278	0	0.000000163283626488355	13.6046896419
'6141062'	3	16	0	0.303097111593031	0.0517762818096008	0	0.0000000261829583783322	6.1180573085
'6141062'	4	16	0	13.3980353035887	2.28870690315597	0	0.000000170335124236296	29.1880812463
'6141064'	1	16	0	33.1928171919963	7.64608663469842	0	0.000000157811917113121	189.072968032
'6141064'	2	16	0	13.263696740004	3.05534097272755	0	0.00000016106002936145	113.32697056
'6141064'	3	16	0	0.637947165523262	0.146953458864148	0	0.0000000194813636797502	40.281633048
'6141064'	4	16	0	30.6762708220457	7.06639098976411	0	0.000000169347108006177	192.614681317
'6141066'	1	16	0	66.7426517571531	3.96080678550417	0	0.000000159900051380472	11.3370122279
'6141066'	2	16	0	21.4820102373795	1.2748383481381	0	0.00000016327718589436	7.7950155059
'6141066'	3	16	0	1.25537732271897	0.074499692280916	0	0.0000000271371520197341	2.2839372453
'6141066'	4	16	0	61.3495672636822	3.6407570857064	0	0.000000170186339160063	11.705111526
'6141070'	1	16	0	7.02947827747753	57.5066803314982	0	0.000000159770055660436	206.547324498
'6141070'	2	16	0	2.03054238646873	16.6114393285384	0	0.000000163011284223842	120.99555935
'6141070'	3	16	0	0.131657416636871	1.07706157876849	0	0.0000000296393397409927	38.9968176764
'6141070'	4	16	0	5.95016413392317	48.6770387875526	0	0.000000169767992764372	207.95720837
'6141074'	1	16	0	4.32540658395811	78.3155647309849	0	0.000000133997011452155	571.15816644
'6141074'	2	16	0	1.25019274193817	22.6359184292934	0	0.000000116308643426527	323.567334727
'6141074'	3	16	0	0.0697198236450645	1.26234314764113	0	0.0000000161850553184496	102.255022491
'6141074'	4	16	0	3.19426812530815	57.835236360454	0	0.000000121446916559371	518.96467823
'6141076'	1	16	0	21.7787739851161	91.3220145829344	0	0.000000157051339233004	663.59365836
'6141076'	2	16	0	5.53534716267489	23.2106295175833	0	0.000000160599523303963	344.06738962
'6141076'	3	16	0	0.154674115446023	0.648574241869185	0	0.000000012036459420202	107.3002159
'6141076'	4	16	0	13.8006077512792	57.8682391947824	0	0.000000159574002370158	599.7457656
'6141084'	1	16	0	18.7842688337615	39.4988663875403	0	0.000000158604617850873	473.85161906
'6141084'	2	16	0	6.25894942999731	13.1610875809688	0	0.000000161748749967002	218.059829113
'6141084'	3	16	0	0.288098281663487	0.605802420852659	0	0.0000000235803432366491	78.863571255
'6141084'	4	16	0	15.7009984493614	33.0154793564533	0	0.000000169529573283097	477.08885284
'6141086'	1	16	0	7.82393336496324	58.472577162661	0	0.000000158715401183462	985.13571933
'6141086'	2	16	0	2.45896759798593	18.3772235657336	0	0.000000161761736395804	693.77845965
'6141086'	3	16	0	0.147224992566871	1.1002937188032	0	0.0000000291830801776046	165.928965282
'6141086'	4	16	0	7.35973875274093	55.0033943340882	0	0.000000169475518382107	1035.39629185
'6141090'	1	16	0	12.2470530493538	60.23422218623	0	0.000000159459349256079	340.90113643
'6141090'	2	16	0	4.18762646922895	20.5958463764385	0	0.000000162673695611943	232.040191093
'6141090'	3	16	0	0.312435465686068	1.53663964568329	0	0.0000000342419936491499	58.646163313
'6141090'	4	16	0	10.8974076827479	53.5963119397726	0	0.000000169838159998757	352.7459587
'6141100'	1	16	0	23.4450778465411	62.1122286764225	0	0.000000144400873398509	412.69350229
'6141100'	2	16	0	4.23196664509947	11.2116019288216	0	0.000000133476035544224	208.590307421
'6141100'	3	16	0	0.552215252636296	1.46296464764633	0	0.0000000585657890646711	63.202719314
'6141100'	4	16	0	16.0509498463066	42.5232227349969	0	0.000000139221707476433	380.27389063
'6141104'	1	16	0	10.0399811924887	36.1914839979802	0	0.000000160036652400514	413.1745111
'6141104'	2	16	0	2.40950940872096	8.68564587257675	0	0.000000163157742501661	172.13101719
'6141104'	3	16	0	0.18781889352469	0.677037571012395	0	0.0000000449913974168153	55.013718759
'6141104'	4	16	0	8.30295907593304	29.9299774332735	0	0.0000001699324862008	411.62393783
'6141106'	1	16	0	85.8568180900462	28.0869870068637	0	0.000000160168602548544	694.13593801
'6141106'	2	16	0	21.911101224456	7.16794343295394	0	0.000000163083592892404	461.90283877
'6141106'	3	16	0	2.59988130488486	0.850518736334133	0	0.0000000642580682360019	105.692890884
'6141106'	4	16	0	73.2193043396575	23.9527820319245	0	0.000000169749791030624	705.62767326
'6141108'	1	16	0	136.348772944579	223.099421453363	0	0.000000160584220018674	2301.4916737
'6141108'	2	16	0	37.6347103258411	61.5794474634002	0	0.000000163351639181121	1052.07974683
'6141108'	3	16	0	7.03724020876249	11.5146193488499	0	0.000000090178500584659	469.70142405
'6141108'	4	16	0	119.999949985573	196.348810756827	0	0.000000169533731352404	2402.3878449
'6141110'	1	16	0	48.2238998096206	8.60392705349788	0	0.000000160789139188476	239.01401006
'6141110'	2	16	0	13.625385611517	2.43099011784192	0	0.000000163839135122369	175.418869259
'6141110'	3	16	0	3.10008230108342	0.553105038846573	0	0.000000120093700202098	43.741362489
'6141110'	4	16	0	43.5883915163892	7.77687707694004	0	0.000000169821297828274	251.11901599
'6141112'	1	16	0	50.7633607503711	2.83031398155587	0	0.000000157628544701598	22.4812957905
'6141112'	2	16	0	11.7980237501634	0.657799465598261	0	0.000000158166515062261	14.8265546934
'6141112'	3	16	0	1.88249074772243	0.104958375558431	0	0.0000000987758117219498	4.1629963076
'6141112'	4	16	0	44.0589249282465	2.4565077921005	0	0.000000163808989489718	23.073414762
'6141126'	1	16	0	4.86748749389686	1.62832173381321	0	0.000000109618881398982	127.991941648
'6141126'	2	16	0	0.661191691080707	0.221188611619637	0	0.0000000634910563259312	56.967294049
'6141126'	3	16	0	0.00683497092660193	0.00228650442817709	0	0.00000000202080163479933	24.9356700319
'6141126'	4	16	0	1.3923309908367	0.465776813161767	0	0.0000000486423644348215	125.059886519
'6141128'	1	16	0	10.7336948132841	4.14316918497752	0	0.000000121612751416229	63.3674317655
'6141128'	2	16	0	2.30168299709298	0.888441699987526	0	0.0000000917311064820356	33.0628951116
'6141128'	3	16	0	0.0490927549728259	0.0189496341333868	0	0.00000000487059089190104	14.8815493647
'6141128'	4	16	0	5.17419611831876	1.99722185938037	0	0.0000000811108079804711	65.1028927619
'6141130'	1	16	0	53.4964856219456	3.53054442915158	0	0.00000011547574745882	85.2070057008
'6141130'	2	16	0	8.37302708169188	0.552584787129985	0	0.0000000685005723794487	48.1162846908
'6141130'	3	16	0	0.0977490746345079	0.00645103032333266	0	0.00000000245597826068053	22.4485034622
'6141130'	4	16	0	11.9489033548587	0.788577673542725	0	0.0000000535556541815732	85.7834546757
'6141148'	1	16	0	0	0.116532598608549	0	0.000000157943397331852	3.0496355649
'6141148'	2	16	0	0	0.039176701918478	0	0.000000161209798175835	1.2845997488
'6141148'	3	16	0	0	0.00162541269960293	0	0.0000000184722986809968	0.6283114376
'6141148'	4	16	0	0	0.100220847115588	0	0.000000169417445346834	3.0493487869
'6141150'	1	16	0	0	0	0	0.00000015787677942056	0.1323893745
'6141150'	2	16	0	0	0	0	0.000000160994061169404	0.0772897063
'6141150'	3	16	0	0	0	0	0.000000016664606067733	0.0262386926
'6141150'	4	16	0	0	0	0	0.000000168997887180589	0.1338794992
'6141152'	1	16	0	0	0.428565832146276	0	0.000000157299510737917	2.1103875347
'6141152'	2	16	0	0	0.0995551914988843	0	0.00000016033268780343	1.1970436298
'6141152'	3	16	0	0	0.00239787235935588	0	0.0000000137811774068935	0.382857421
'6141152'	4	16	0	0	0.3050331578563	0	0.000000168126716944685	2.0214867692
'6141154'	1	16	0	0	2.69568671850377	0	0.000000157985704218419	7.4440126218
'6141154'	2	16	0	0	0.679138854601599	0	0.000000161209310139731	4.5711392081
'6141154'	3	16	0	0	0.0205127932895923	0	0.0000000139520103811334	1.4025137161
'6141154'	4	16	0	0	1.99596495900189	0	0.000000169231022330381	7.1287587193
'6141170'	1	16	0	3.81721702835396	0	0	0.00000011406201550403	25.6562052388
'6141170'	2	16	0	0.523994420969297	0	0	0.0000000811959116597819	15.7789584944
'6141170'	3	16	0	0.0390550987961473	0	0	0.000000023339476042116	2.5588601765
'6141170'	4	16	0	2.16540873877209	0	0	0.0000000842868057897295	23.7000431429
'6141176'	1	16	0	32.1444501662057	16.5680427263405	0	0.000000152230860068497	32.80694602
'6141176'	2	16	0	12.1596024358615	6.26735911314173	0	0.000000148675589810996	24.7888275198
'6141176'	3	16	0	0.830842615747255	0.428236783804336	0	0.0000000234928641621327	7.2111621109
'6141176'	4	16	0	26.3196650829047	13.5658047768023	0	0.000000155594069131108	32.647812269
'6141178'	1	16	0	80.5005989740614	6.27389733940784	0	0.000000160012206078476	69.078927371
'6141178'	2	16	0	24.9493467953268	1.94445311559085	0	0.000000163262153789121	30.968076162
'6141178'	3	16	0	1.92919545169628	0.150353840405346	0	0.0000000333597428765999	13.4079187424
'6141178'	4	16	0	65.989710737348	5.14297627464205	0	0.000000169828944277841	70.427447473
'6141180'	1	16	0	0	11.2966054522454	0.0108664770891728	0.00000014024203270219	9.1050111071
'6141180'	2	16	0	0	1.55516331489644	0.00750789687050682	0.0000000868438200448233	3.7477812452
'6141180'	3	16	0	0	0.246962942541431	0.00648291067696347	0.0000000522614713188116	1.6116457807
'6141180'	4	16	0	0	5.81961430810328	0.00903276036669357	0.0000000898061001753096	9.1642453298
'6141184'	1	16	0	0	0	0.00018605991	0.00000016083345	1.4046018576
'6141184'	2	16	0	0	0	0.000158359306394246	0.000000139477413964422	0.6535920569
'6141184'	3	16	0	0	0	0.00016039677151379	0.000000127085435023487	0.3420063328
'6141184'	4	16	0	0	0	0.000170936039137026	0.000000144796165312098	1.4240651316
'6141188'	1	16	0	217.45926047	8.312576144	1.490805	0.00000016109559	61.494045329
'6141188'	2	16	0	45.6115282629856	1.78141449693278	1.31024592179747	0.000000142285884324151	27.7853468333
'6141188'	3	16	0	13.3233647004293	0.556059021179835	1.32301651595234	0.0000001311155503012	14.3862121152
'6141188'	4	16	0	155.941820935462	5.97330172093305	1.39265398521292	0.000000147504606651828	61.559857568
'6141196'	1	16	0	131.34393048	15.061600502	7.6066874	0.00000016114416	350.97258338
'6141196'	2	16	0	29.408097626	4.012230483	7.6066874	0.00000016426901	166.988648049
'6141196'	3	16	0	3.52408775915768	1.1561207512413	7.14169060380201	0.00000014823251361993	81.427191812
'6141196'	4	16	0	115.139191	13.305082136	7.6066874	0.0000001698213	364.52521764
'6141208'	1	16	0	89.079662917	0	0.011980558	0.00000015921414	12.2716706731
'6141208'	2	16	0	35.056688493	0	0.011980558	0.00000016056226	7.2112226093
'6141208'	3	16	0	20.313313477	0	0.011980558	0.0000001638313	4.8653373242
'6141208'	4	16	0	83.106116545	0	0.011980558	0.0000001657354	13.1956798925
'6141210'	1	16	12835.995846	623.41449259	105.16129007	0.42772031	0.00000016176128	1123.11920723
'6141210'	2	16	13261.900243	195.93389646	33.100743285	0.42772031	0.0000001644369	648.54376968
'6141210'	3	16	8864.7796753	101.21646516	17.134194274	0.42772031	0.0000001685583	444.88197092
'6141210'	4	16	8226.441345	548.71945365	92.569922421	0.42772031	0.00000016970286	1187.2058392
'6141214'	1	16	0	227.16168335	263.18282163	0.95354855	0.00000016230223	505.24940993
'6141214'	2	16	0	77.140636541	90.099410786	0.95354855	0.00000016479756	267.34676605
'6141214'	3	16	0	37.001439182	43.78971401	0.95354855	0.00000016912587	178.000945341
'6141214'	4	16	0	204.28089924	236.78463124	0.95354855	0.00000016972517	532.21988091
'6141218'	1	16	0	5.00907407969377	0.446850284165149	0	0.000000140642708979933	13.9589152042
'6141218'	2	16	0	1.0963719605299	0.0978053257551665	0	0.000000104918442694556	7.6562068767
'6141218'	3	16	0	0.0300112734352372	0.00267725049129841	0	0.00000000702613447247617	1.4034292269
'6141218'	4	16	0	3.02339513456512	0.269711518265723	0	0.000000110429029291857	11.0508352804
'6141220'	1	16	0	0.0869856553414741	0.000000658477034264103	0.476692393577345	0.000000106923431361622	123.370634975
'6141220'	2	16	0	0	0.000000054179979254711	0.29377652362294	0.0000000396543858732658	36.701274848
'6141220'	3	16	0	0	0.00000000341089596451053	0.232449761544057	0.00000000866464956704261	6.8767549685
'6141220'	4	16	0	0	0.000000232676435629138	0.361529765260449	0.000000042445802958954	99.248874676
'6141228'	1	16	0	233.39031995593	11.4257806572121	0	0.000000139146503216752	283.03233651
'6141228'	2	16	0	49.0239789028319	2.40000197950365	0	0.0000000901125669617344	126.830415074
'6141228'	3	16	0	4.55986720083413	0.223231376827384	0	0.0000000210967082649931	20.4514365482
'6141228'	4	16	0	118.118178356545	5.78255515400703	0	0.0000000804274066469885	172.591698315
'6141270'	1	16	0	10.0807729590543	6.44709239089032	0	0.000000134463152561685	198.333027117
'6141270'	2	16	0	2.03749105242907	1.30306407193566	0	0.000000116903801621711	90.099198825
'6141270'	3	16	0	0.0770325634691795	0.0492656719697992	0	0.0000000155269483592302	31.353868824
'6141270'	4	16	0	7.56220008510414	4.83635558752552	0	0.000000121133504899335	195.995997994
'6141274'	1	16	0	0	0	0	0.000000129383055052277	0.2770073388
'6141274'	2	16	0	0	0	0	0.000000108475283493837	0.1263819149
'6141274'	3	16	0	0	0	0	0.0000000138422911023989	0.046718388
'6141274'	4	16	0	0	0	0	0.000000112205923936182	0.2949868276
'6141306'	1	16	0	0	0	0	0.000000157988762668423	4.0379638434
'6141306'	2	16	0	0	0	0	0.000000161216073822855	1.7727155189
'6141306'	3	16	0	0	0	0	0.0000000166631993971242	0.7845434043
'6141306'	4	16	0	0	0	0	0.000000169243700314463	4.0691050031
'6141308'	1	16	0	48.9282940971253	1.171044021604	0	0.000000157778402155464	246.213946183
'6141308'	2	16	0	16.966014208688	0.406062583581749	0	0.000000160982110788637	106.689231589
'6141308'	3	16	0	0.728603066598291	0.0174382998872282	0	0.0000000175009175149081	48.2733723466
'6141308'	4	16	0	41.5934271430191	0.99549218079335	0	0.000000169159555091571	246.924235942
'6141310'	1	16	0	137.878452019473	8.05145088728458	0	0.000000157977524017935	15.8743875928
'6141310'	2	16	0	35.9840536935256	2.10129891077458	0	0.000000161188542555953	7.1373361297
'6141310'	3	16	0	1.15548739634331	0.0674750106760796	0	0.0000000137936099146122	3.1241373598
'6141310'	4	16	0	102.38838400432	5.97899840894478	0	0.000000169192935416944	15.3416553329
'6141312'	1	16	0	0	0	0	0.00000016035983	0.2340913011
'6141312'	2	16	0	0	0	0	0.000000138495459824096	0.1079378836
'6141312'	3	16	0	0	0	0	0.000000123861327874411	0.0541770524
'6141312'	4	16	0	0	0	0	0.000000143811403705265	0.2369425167
'6142038'	1	16	0	4.54012740028644	533.041169496809	1.17258950399854	0.000000147642136928998	341.95782322
'6142038'	2	16	0	0.0874627030610686	82.5257945093735	0.796983993232281	0.000000094065848212153	190.78991049
'6142038'	3	16	0	0	15.2235981626522	0.78355465542894	0.0000000594346353164476	59.207985586
'6142038'	4	16	0	2.24039142441404	298.087867106044	0.954280384847183	0.0000000973355681272132	342.72545176
;

param transfer_coefficients_N1 : 'coeff' :=
'166174961'	1	16	0.0000000917520846432995
'166174961'	2	16	0.0000000387006270735755
'166174961'	3	16	0.0000000854147874295496
'166174961'	4	16	0.0000000719875914102844
'166174962'	1	16	0.00000000058764885853689
'166174962'	2	16	0.000000000380236101585174
'166174962'	3	16	0.000000000442646159790926
'166174962'	4	16	0.000000000391775124024375
'166174963'	1	16	0.00000000419452570957381
'166174963'	2	16	0.00000000180889763540292
'166174963'	3	16	0.00000000315946755091389
'166174963'	4	16	0.00000000278032272367885
'166174966'	1	16	0.000000000409673692237015
'166174966'	2	16	0.000000000363078366231453
'166174966'	3	16	0.000000000366417811912095
'166174966'	4	16	0.000000000277571546023272
'24978249'	1	16	0.00000000205165174989033
'24978249'	2	16	0.00000000392063515237903
'24978249'	3	16	0.0000000084178708076159
'24978249'	4	16	0.00000000208319066639101
'6139942'	1	16	0.00000000289175024327787
'6139942'	2	16	0.00000000615992057569223
'6139942'	3	16	0.0000000174940718469802
'6139942'	4	16	0.00000000291901166198361
'6139944'	1	16	0.00000000140312066119734
'6139944'	2	16	0.000000002445602375721
'6139944'	3	16	0.00000000822224857577031
'6139944'	4	16	0.00000000145489796378124
'6139946'	1	16	0.000000000361839348593376
'6139946'	2	16	0.000000000516380726172704
'6139946'	3	16	0.00000000227284494396757
'6139946'	4	16	0.00000000038128960060066
'6139948'	1	16	0.00000000481971530525993
'6139948'	2	16	0.00000000483535138046053
'6139948'	3	16	0.0000000163055168928244
'6139948'	4	16	0.00000000436703777755081
'6139950'	1	16	0.00000000305431205861073
'6139950'	2	16	0.00000000451636050413255
'6139950'	3	16	0.0000000126404775765821
'6139950'	4	16	0.00000000273979167346556
'6139952'	1	16	0.00000000896888221054093
'6139952'	2	16	0.0000000181248910175216
'6139952'	3	16	0.0000000491016886547989
'6139952'	4	16	0.00000000786804715454362
'6139954'	1	16	0.0000000101074625672229
'6139954'	2	16	0.0000000286195082451232
'6139954'	3	16	0.0000000864193567166146
'6139954'	4	16	0.0000000101599217881194
'6139956'	1	16	0.00000000135475508068232
'6139956'	2	16	0.00000000347140140837213
'6139956'	3	16	0.00000000783953604493852
'6139956'	4	16	0.00000000158060950074923
'6139958'	1	16	0.0000000251307952099862
'6139958'	2	16	0.0000000475499118959398
'6139958'	3	16	0.000000127878712933423
'6139958'	4	16	0.0000000275624499441214
'6139960'	1	16	0.00000000786847495924999
'6139960'	2	16	0.0000000156668860048464
'6139960'	3	16	0.0000000417814777736907
'6139960'	4	16	0.00000000707926734459722
'6139964'	1	16	0.0000000033488607689246
'6139964'	2	16	0.00000000694199770142313
'6139964'	3	16	0.0000000148867418918699
'6139964'	4	16	0.000000003280994267944
'6139966'	1	16	0.000000000560138290015075
'6139966'	2	16	0.00000000119364053022462
'6139966'	3	16	0.00000000255902691344584
'6139966'	4	16	0.000000000575622936504233
'6139968'	1	16	0.00000000110258982931811
'6139968'	2	16	0.00000000193384881047474
'6139968'	3	16	0.00000000535848887881487
'6139968'	4	16	0.00000000109036963672927
'6139970'	1	16	0.000000000723412903610236
'6139970'	2	16	0.00000000180200896482551
'6139970'	3	16	0.00000000352688225252018
'6139970'	4	16	0.000000000800224285998861
'6139972'	1	16	0.00000000132163959659726
'6139972'	2	16	0.00000000293844048067075
'6139972'	3	16	0.00000000566669148551077
'6139972'	4	16	0.00000000132287750091645
'6139974'	1	16	0.00000000308548704672417
'6139974'	2	16	0.00000000799963074431174
'6139974'	3	16	0.0000000163589165660681
'6139974'	4	16	0.00000000338540471197616
'6139976'	1	16	0.00000000270508153994445
'6139976'	2	16	0.00000000272887840055507
'6139976'	3	16	0.00000000782798379136431
'6139976'	4	16	0.00000000247993560158124
'6139978'	1	16	0.00000000154162923471407
'6139978'	2	16	0.0000000020495719998618
'6139978'	3	16	0.00000000551614652924261
'6139978'	4	16	0.00000000142045233426849
'6139980'	1	16	0.00000000045111706736934
'6139980'	2	16	0.0000000012107953796447
'6139980'	3	16	0.00000000296756059721309
'6139980'	4	16	0.000000000511710716892516
'6139982'	1	16	0.00000000730876244709056
'6139982'	2	16	0.0000000110319194998386
'6139982'	3	16	0.0000000249540621917908
'6139982'	4	16	0.00000000654203474165164
'6139988'	1	16	0.00000000694718187371011
'6139988'	2	16	0.0000000157989390975982
'6139988'	3	16	0.0000000412148613928386
'6139988'	4	16	0.00000000808656431623579
'6139990'	1	16	0.000000000942353560032529
'6139990'	2	16	0.00000000231293024359393
'6139990'	3	16	0.00000000526866501983163
'6139990'	4	16	0.00000000103882678161006
'6139992'	1	16	0.0000000012101552231592
'6139992'	2	16	0.00000000382831573462282
'6139992'	3	16	0.00000000944589855092617
'6139992'	4	16	0.00000000175889981281058
'6139994'	1	16	0.0000000019443257240752
'6139994'	2	16	0.00000000350769265558909
'6139994'	3	16	0.00000000728472142262604
'6139994'	4	16	0.00000000184458644096589
'6139996'	1	16	0.00000000455870708243888
'6139996'	2	16	0.00000000913573784805106
'6139996'	3	16	0.0000000265788633308579
'6139996'	4	16	0.00000000454509714543699
'6139998'	1	16	0.000000000779119345725472
'6139998'	2	16	0.00000000168942922087007
'6139998'	3	16	0.00000000390895172924574
'6139998'	4	16	0.000000000869025088083446
'6140000'	1	16	0.000000000789877532062427
'6140000'	2	16	0.00000000208791999094674
'6140000'	3	16	0.00000000409226214180762
'6140000'	4	16	0.000000000909894578895029
'6140002'	1	16	0.00000000274432868647937
'6140002'	2	16	0.00000000705050391469654
'6140002'	3	16	0.0000000141521249319754
'6140002'	4	16	0.00000000312645881871155
'6140004'	1	16	0.0000000115539508277578
'6140004'	2	16	0.0000000269518796350013
'6140004'	3	16	0.0000000563412730636476
'6140004'	4	16	0.0000000123108229302615
'6140008'	1	16	0.00000000920721489236927
'6140008'	2	16	0.0000000275497775814712
'6140008'	3	16	0.0000000663689093794583
'6140008'	4	16	0.0000000112277715156608
'6140010'	1	16	0.000000000449136741587016
'6140010'	2	16	0.00000000085200049241154
'6140010'	3	16	0.00000000258499437605128
'6140010'	4	16	0.00000000049950342204926
'6140012'	1	16	0.00000000065757135646101
'6140012'	2	16	0.00000000170101040510089
'6140012'	3	16	0.00000000350328049578072
'6140012'	4	16	0.000000000732506055761075
'6140014'	1	16	0.000000000999446870493956
'6140014'	2	16	0.00000000191192323021503
'6140014'	3	16	0.0000000052355359790124
'6140014'	4	16	0.0000000011251872141025
'6140016'	1	16	0.00000000107652901732581
'6140016'	2	16	0.0000000027312756562879
'6140016'	3	16	0.00000000548113742810870
'6140016'	4	16	0.00000000125984698907505
'6140018'	1	16	0.00000000478286163590559
'6140018'	2	16	0.00000000906259486904609
'6140018'	3	16	0.0000000280391440664981
'6140018'	4	16	0.00000000525552032586432
'6140020'	1	16	0.000000637847134996398
'6140020'	2	16	0.00000116489032558396
'6140020'	3	16	0.00000273710046644153
'6140020'	4	16	0.000000617947859313505
'6140022'	1	16	0.00000000186119856482556
'6140022'	2	16	0.00000000253060773601437
'6140022'	3	16	0.00000000947172389296183
'6140022'	4	16	0.00000000178761327169181
'6140024'	1	16	0.000000000431133873191312
'6140024'	2	16	0.000000000738339057264762
'6140024'	3	16	0.00000000239829520474384
'6140024'	4	16	0.000000000479335508434733
'6140026'	1	16	0.00000000132704999390581
'6140026'	2	16	0.000000003672962861928
'6140026'	3	16	0.00000000848714577414661
'6140026'	4	16	0.00000000155720398447363
'6140028'	1	16	0.00000000339095993697217
'6140028'	2	16	0.00000000786474475050845
'6140028'	3	16	0.0000000161042242982771
'6140028'	4	16	0.0000000037142114013543
'6140030'	1	16	0.00000000552174247441208
'6140030'	2	16	0.0000000105097107105193
'6140030'	3	16	0.0000000224319919800888
'6140030'	4	16	0.0000000055171539341293
'6140032'	1	16	0.00000000337961117835913
'6140032'	2	16	0.00000000666907810616227
'6140032'	3	16	0.0000000223310009315503
'6140032'	4	16	0.00000000325699780159664
'6140034'	1	16	0.000000000423517236545124
'6140034'	2	16	0.00000000106614156076
'6140034'	3	16	0.00000000216347656396873
'6140034'	4	16	0.000000000461903182490482
'6140036'	1	16	0.00000000236304634466413
'6140036'	2	16	0.00000000572931261354771
'6140036'	3	16	0.0000000166837629896902
'6140036'	4	16	0.00000000234583918547645
'6140038'	1	16	0.000000000446777335974204
'6140038'	2	16	0.00000000118149819340266
'6140038'	3	16	0.00000000262742277988251
'6140038'	4	16	0.000000000502186563896992
'6140040'	1	16	0.00000000021910100238218
'6140040'	2	16	0.000000000457779376608221
'6140040'	3	16	0.000000001459843752201
'6140040'	4	16	0.000000000264901645323165
'6140042'	1	16	0.00000000120867674879858
'6140042'	2	16	0.00000000215715748379405
'6140042'	3	16	0.00000000695733747843582
'6140042'	4	16	0.00000000125480957163178
'6140044'	1	16	0.00000000119574096150709
'6140044'	2	16	0.00000000312490543422977
'6140044'	3	16	0.00000000849002475361594
'6140044'	4	16	0.00000000123973668520607
'6140046'	1	16	0.00000000289221521955736
'6140046'	2	16	0.00000000675728452580803
'6140046'	3	16	0.0000000197923536029006
'6140046'	4	16	0.00000000316148200063244
'6140048'	1	16	0.0000000037412239022011
'6140048'	2	16	0.000000011591374501606
'6140048'	3	16	0.0000000308540799603307
'6140048'	4	16	0.00000000424700976037084
'6140050'	1	16	0.000000000107636877342952
'6140050'	2	16	0.000000000224272276481473
'6140050'	3	16	0.000000000492329118114014
'6140050'	4	16	0.000000000124835372156871
'6140052'	1	16	0.0000000020101644249476
'6140052'	2	16	0.00000000330062744344864
'6140052'	3	16	0.0000000130468517709957
'6140052'	4	16	0.00000000187428664326582
'6140054'	1	16	0.00000000039969241093213
'6140054'	2	16	0.000000000835503433462211
'6140054'	3	16	0.00000000247184371563376
'6140054'	4	16	0.000000000436409549284894
'6140056'	1	16	0.00000000156924371058268
'6140056'	2	16	0.00000000615494918761523
'6140056'	3	16	0.0000000219421453998107
'6140056'	4	16	0.00000000193557782640209
'6140058'	1	16	0.00000000548581210908048
'6140058'	2	16	0.0000000156807768698121
'6140058'	3	16	0.0000000426092608318067
'6140058'	4	16	0.00000000595923710476157
'6140060'	1	16	0.000000000927067085805446
'6140060'	2	16	0.00000000240042454288795
'6140060'	3	16	0.00000000516552633958232
'6140060'	4	16	0.000000000983674253493269
'6140062'	1	16	0.00000000238137480624596
'6140062'	2	16	0.00000000613702339672031
'6140062'	3	16	0.0000000176463537556741
'6140062'	4	16	0.00000000234736509902724
'6140064'	1	16	0.00000000266403127089415
'6140064'	2	16	0.00000000679377106748024
'6140064'	3	16	0.0000000170872107965683
'6140064'	4	16	0.00000000281760079386547
'6140066'	1	16	0.0000000027842523162538
'6140066'	2	16	0.00000000391482624687418
'6140066'	3	16	0.0000000175836784379279
'6140066'	4	16	0.00000000255098994425616
'6140068'	1	16	0.00000000363242723159435
'6140068'	2	16	0.000000010654283617764
'6140068'	3	16	0.0000000311743763351737
'6140068'	4	16	0.00000000384060397242123
'6140070'	1	16	0.000000000268486633390448
'6140070'	2	16	0.00000000056648649839055
'6140070'	3	16	0.00000000107553000776437
'6140070'	4	16	0.000000000285358863059472
'6140072'	1	16	0.000000000901149923229467
'6140072'	2	16	0.00000000382962676970379
'6140072'	3	16	0.0000000130362845768033
'6140072'	4	16	0.00000000105671381308579
'6140074'	1	16	0.00000000214239748041278
'6140074'	2	16	0.00000000440970442804536
'6140074'	3	16	0.0000000135126141539718
'6140074'	4	16	0.00000000232334817163512
'6140076'	1	16	0.000000196308572912707
'6140076'	2	16	0.000000158813402441096
'6140076'	3	16	0.000000622734181669312
'6140076'	4	16	0.000000173058806737929
'6140080'	1	16	0.000000000480178260743473
'6140080'	2	16	0.00000000128373771832045
'6140080'	3	16	0.00000000325100980932283
'6140080'	4	16	0.000000000541555796903846
'6140082'	1	16	0.00000000223032571644643
'6140082'	2	16	0.00000000389834581324726
'6140082'	3	16	0.0000000161817038821759
'6140082'	4	16	0.00000000257373799990832
'6140084'	1	16	0.000000000692552412854335
'6140084'	2	16	0.00000000174035360383045
'6140084'	3	16	0.00000000324759687736174
'6140084'	4	16	0.000000000883178086314315
'6140086'	1	16	0.00000000137712510329968
'6140086'	2	16	0.00000000304294943914409
'6140086'	3	16	0.0000000097073180105113
'6140086'	4	16	0.00000000167325098267624
'6140088'	1	16	0.000000000379786193028896
'6140088'	2	16	0.00000000118417460513075
'6140088'	3	16	0.00000000286782663748379
'6140088'	4	16	0.000000000507222049898589
'6140090'	1	16	0.000000000291528924046487
'6140090'	2	16	0.0000000007015580612478
'6140090'	3	16	0.00000000134112586759839
'6140090'	4	16	0.000000000317025897787158
'6140092'	1	16	0.000000000417670041155913
'6140092'	2	16	0.000000000973733959695347
'6140092'	3	16	0.00000000225564131467412
'6140092'	4	16	0.000000000493429022259249
'6140094'	1	16	0.00000000110358454355941
'6140094'	2	16	0.00000000407797748496874
'6140094'	3	16	0.0000000115177976832823
'6140094'	4	16	0.00000000153173522178027
'6140096'	1	16	0.000000000692376432955289
'6140096'	2	16	0.00000000140645880139258
'6140096'	3	16	0.00000000415783175909398
'6140096'	4	16	0.000000000767380116765711
'6140098'	1	16	0.00000000635891504087156
'6140098'	2	16	0.0000000181147958486517
'6140098'	3	16	0.0000000465581584120712
'6140098'	4	16	0.00000000739893952806253
'6140100'	1	16	0.00000000515662607955539
'6140100'	2	16	0.0000000163227193580107
'6140100'	3	16	0.0000000426500609376682
'6140100'	4	16	0.00000000632115384278127
'6140102'	1	16	0.00000000608880191334224
'6140102'	2	16	0.0000000224080519884944
'6140102'	3	16	0.0000000642920554896315
'6140102'	4	16	0.00000000787044081935987
'6140104'	1	16	0.000000000554066811036497
'6140104'	2	16	0.00000000128029795979801
'6140104'	3	16	0.00000000343336675734925
'6140104'	4	16	0.000000000618035942943908
'6140106'	1	16	0.00000000161036475383141
'6140106'	2	16	0.00000000409586470023485
'6140106'	3	16	0.0000000161553837157935
'6140106'	4	16	0.00000000175901281527694
'6140108'	1	16	0.000000000610854260574895
'6140108'	2	16	0.00000000251027526101339
'6140108'	3	16	0.00000000747475794679897
'6140108'	4	16	0.000000000777498264223099
'6140110'	1	16	0.00000000241498764768677
'6140110'	2	16	0.00000000598915709772914
'6140110'	3	16	0.00000001572146132308
'6140110'	4	16	0.00000000295096311636498
'6140112'	1	16	0.000000000661982626442162
'6140112'	2	16	0.00000000174168013571745
'6140112'	3	16	0.00000000466759997670554
'6140112'	4	16	0.000000000757088364824003
'6140114'	1	16	0.000000000434434161640578
'6140114'	2	16	0.00000000137226161168987
'6140114'	3	16	0.00000000316380262126038
'6140114'	4	16	0.000000000514464445828892
'6140116'	1	16	0.000000000460540698592501
'6140116'	2	16	0.000000000735728330259915
'6140116'	3	16	0.00000000204526426468423
'6140116'	4	16	0.000000000484274973092432
'6140118'	1	16	0.00000000237297914175899
'6140118'	2	16	0.00000000524766820359096
'6140118'	3	16	0.0000000170467183956404
'6140118'	4	16	0.00000000244194162304753
'6140120'	1	16	0.000000000841032665134129
'6140120'	2	16	0.00000000173325332004946
'6140120'	3	16	0.00000000481507289292761
'6140120'	4	16	0.000000000902437609518657
'6140122'	1	16	0.000000000870730491378992
'6140122'	2	16	0.00000000256830623474925
'6140122'	3	16	0.00000000618237138387554
'6140122'	4	16	0.000000000994296758967215
'6140124'	1	16	0.000000000333132197827251
'6140124'	2	16	0.000000000964287222836377
'6140124'	3	16	0.00000000259859788072825
'6140124'	4	16	0.000000000409253981530552
'6140126'	1	16	0.000000000259444205050314
'6140126'	2	16	0.000000000457461384955155
'6140126'	3	16	0.00000000126627619621699
'6140126'	4	16	0.000000000281561352306574
'6140128'	1	16	0.000000000343262644195439
'6140128'	2	16	0.000000000569508346441594
'6140128'	3	16	0.00000000224380634394476
'6140128'	4	16	0.000000000387234842021605
'6140130'	1	16	0.00000000701912369062102
'6140130'	2	16	0.0000000124244256143091
'6140130'	3	16	0.0000000468030584611587
'6140130'	4	16	0.00000000779918143867685
'6140132'	1	16	0.000000000743431173228766
'6140132'	2	16	0.00000000202256660796205
'6140132'	3	16	0.00000000502389003979223
'6140132'	4	16	0.000000000920681127310046
'6140134'	1	16	0.00000000112417465999164
'6140134'	2	16	0.00000000351133828779259
'6140134'	3	16	0.00000000960774147729338
'6140134'	4	16	0.00000000143754598901565
'6140274'	1	16	0.000000000333813646878507
'6140274'	2	16	0.000000000730933481013555
'6140274'	3	16	0.00000000313966514180167
'6140274'	4	16	0.00000000039420324695361
'6140276'	1	16	0.000000000438387594772253
'6140276'	2	16	0.00000000110745168422664
'6140276'	3	16	0.00000000214563517679178
'6140276'	4	16	0.000000000494053643686773
'6140278'	1	16	0.0000000014548697110128
'6140278'	2	16	0.00000000319525724505678
'6140278'	3	16	0.0000000083330280701686
'6140278'	4	16	0.00000000135294668000597
'6140280'	1	16	0.000000000166600475481119
'6140280'	2	16	0.000000000345998224269529
'6140280'	3	16	0.000000000947390497530537
'6140280'	4	16	0.00000000018599734948563
'6140282'	1	16	0.000000000391916151432518
'6140282'	2	16	0.000000000954794340898215
'6140282'	3	16	0.00000000191747952652948
'6140282'	4	16	0.00000000041703844228919
'6140284'	1	16	0.00000000190755385585748
'6140284'	2	16	0.00000000486939347116484
'6140284'	3	16	0.0000000095762328173435
'6140284'	4	16	0.00000000204988329766131
'6140286'	1	16	0.00000000170998155725502
'6140286'	2	16	0.00000000427070226879662
'6140286'	3	16	0.0000000086099993515938
'6140286'	4	16	0.00000000185765161861269
'6140288'	1	16	0.000000000573522379115333
'6140288'	2	16	0.00000000113148694745207
'6140288'	3	16	0.00000000331356553169364
'6140288'	4	16	0.00000000057723783327138
'6140290'	1	16	0.0000000117010701612439
'6140290'	2	16	0.0000000172164453375743
'6140290'	3	16	0.0000000382058460272786
'6140290'	4	16	0.0000000102195709896503
'6140292'	1	16	0.00000000206588560209936
'6140292'	2	16	0.00000000345413304088227
'6140292'	3	16	0.00000000811470800029848
'6140292'	4	16	0.00000000193439512661383
'6140294'	1	16	0.00000000291140237169737
'6140294'	2	16	0.00000000527789675963827
'6140294'	3	16	0.0000000137203903121332
'6140294'	4	16	0.00000000287501857943732
'6140296'	1	16	0.000000000352622735192803
'6140296'	2	16	0.000000000665389548286877
'6140296'	3	16	0.00000000202740448514672
'6140296'	4	16	0.00000000035345365494306
'6140298'	1	16	0.000000000840649628473252
'6140298'	2	16	0.00000000181717883090824
'6140298'	3	16	0.00000000493812375546757
'6140298'	4	16	0.000000000838337085728923
'6140300'	1	16	0.00000000130412071009356
'6140300'	2	16	0.0000000028477480177366
'6140300'	3	16	0.00000000579459539740726
'6140300'	4	16	0.0000000014132859341449
'6140302'	1	16	0.000000000901624897575684
'6140302'	2	16	0.00000000210217797325749
'6140302'	3	16	0.00000000443001007553806
'6140302'	4	16	0.000000000979800573191034
'6140304'	1	16	0.00000000180655965235557
'6140304'	2	16	0.00000000378996828236282
'6140304'	3	16	0.00000000781212868432788
'6140304'	4	16	0.00000000188148740592230
'6140306'	1	16	0.00000000278688142673369
'6140306'	2	16	0.00000000525312994480005
'6140306'	3	16	0.0000000137065579137995
'6140306'	4	16	0.00000000267098547501344
'6140308'	1	16	0.000000000360768567657735
'6140308'	2	16	0.000000000846833643437205
'6140308'	3	16	0.00000000196784379819084
'6140308'	4	16	0.000000000390845146511668
'6140310'	1	16	0.000000000164418420626377
'6140310'	2	16	0.000000000339593301359914
'6140310'	3	16	0.000000000887887362233717
'6140310'	4	16	0.000000000191934024582739
'6140312'	1	16	0.000000000612034463219922
'6140312'	2	16	0.00000000134520495902219
'6140312'	3	16	0.00000000401767938457607
'6140312'	4	16	0.00000000062070929563161
'6140314'	1	16	0.00000000224748896582265
'6140314'	2	16	0.00000000586873827584885
'6140314'	3	16	0.0000000162460898395643
'6140314'	4	16	0.00000000238653792162112
'6140316'	1	16	0.000000000178161780289001
'6140316'	2	16	0.000000000403522235761395
'6140316'	3	16	0.000000000793311739464244
'6140316'	4	16	0.000000000208996509381877
'6140318'	1	16	0.000000000164992545917411
'6140318'	2	16	0.000000000388921693224396
'6140318'	3	16	0.00000000086474246989729
'6140318'	4	16	0.000000000179932726084787
'6140320'	1	16	0.00000000203719792003733
'6140320'	2	16	0.00000000396157660087966
'6140320'	3	16	0.000000012891868722854
'6140320'	4	16	0.00000000236234821864169
'6140322'	1	16	0.00000000026366024902249
'6140322'	2	16	0.000000000501783735258543
'6140322'	3	16	0.00000000141013840982504
'6140322'	4	16	0.000000000286087308676429
'6140324'	1	16	0.00000000449683015887478
'6140324'	2	16	0.0000000100792141628826
'6140324'	3	16	0.0000000261518598559592
'6140324'	4	16	0.00000000434269787195763
'6140326'	1	16	0.0000000411882622889014
'6140326'	2	16	0.0000000854840568848879
'6140326'	3	16	0.000000206201050582772
'6140326'	4	16	0.0000000375979146890573
'6140328'	1	16	0.00000000302765513105547
'6140328'	2	16	0.00000000701964482175615
'6140328'	3	16	0.0000000201793029952664
'6140328'	4	16	0.00000000305375545248574
'6140330'	1	16	0.000000000396546950709489
'6140330'	2	16	0.000000000864078879683476
'6140330'	3	16	0.00000000261021804639413
'6140330'	4	16	0.00000000045390809390389
'6140332'	1	16	0.000000000602650193169601
'6140332'	2	16	0.00000000115420650892999
'6140332'	3	16	0.00000000387871617585527
'6140332'	4	16	0.000000000672540728602679
'6140336'	1	16	0.00000000544320095633729
'6140336'	2	16	0.0000000107617088725568
'6140336'	3	16	0.0000000214606725599537
'6140336'	4	16	0.00000000524047249125
'6140338'	1	16	0.00000000350017869221091
'6140338'	2	16	0.00000000450751057279552
'6140338'	3	16	0.00000000952611577283499
'6140338'	4	16	0.00000000322818436721104
'6140340'	1	16	0.00000000148064790244459
'6140340'	2	16	0.00000000344279865381843
'6140340'	3	16	0.00000000790674528806778
'6140340'	4	16	0.00000000158865340155784
'6140342'	1	16	0.000000125402547542371
'6140342'	2	16	0.000000197689505276158
'6140342'	3	16	0.000000436744415464349
'6140342'	4	16	0.000000107399124641601
'6140344'	1	16	0.0000000525822740065307
'6140344'	2	16	0.0000000648056003328546
'6140344'	3	16	0.000000226580820543063
'6140344'	4	16	0.0000000454215543351155
'6140346'	1	16	0.00000000307890821620766
'6140346'	2	16	0.0000000100229412615783
'6140346'	3	16	0.0000000255239972021962
'6140346'	4	16	0.00000000397327225473865
'6140348'	1	16	0.00000000384961659886098
'6140348'	2	16	0.00000000723383125110671
'6140348'	3	16	0.0000000183412495587622
'6140348'	4	16	0.00000000344021451836648
'6140350'	1	16	0.00000000378957735991026
'6140350'	2	16	0.0000000100254441949832
'6140350'	3	16	0.0000000207196345462322
'6140350'	4	16	0.00000000434971161325745
'6140352'	1	16	0.00000000584571490146125
'6140352'	2	16	0.0000000134384897336619
'6140352'	3	16	0.0000000330118641876038
'6140352'	4	16	0.00000000713007721229478
'6140356'	1	16	0.00000000231164865174452
'6140356'	2	16	0.00000000622802742743249
'6140356'	3	16	0.0000000130758382695582
'6140356'	4	16	0.00000000254158666818045
'6140358'	1	16	0.00000000353532432352995
'6140358'	2	16	0.0000000069633169083148
'6140358'	3	16	0.0000000136409643111568
'6140358'	4	16	0.00000000346440241554985
'6140360'	1	16	0.0000000639557579128978
'6140360'	2	16	0.0000000558160445377493
'6140360'	3	16	0.000000179383365759652
'6140360'	4	16	0.0000000603626100276196
'6140362'	1	16	0.00000000390439516787115
'6140362'	2	16	0.0000000107304072608936
'6140362'	3	16	0.0000000235274333165053
'6140362'	4	16	0.00000000454874424501588
'6140364'	1	16	0.00000000237583525680331
'6140364'	2	16	0.00000000688317452787051
'6140364'	3	16	0.0000000164356928970316
'6140364'	4	16	0.00000000281627681818264
'6140366'	1	16	0.000000000662073084924626
'6140366'	2	16	0.00000000124440573667877
'6140366'	3	16	0.00000000390150082374942
'6140366'	4	16	0.00000000075077664630413
'6140368'	1	16	0.000000000429508634450029
'6140368'	2	16	0.00000000108252141168804
'6140368'	3	16	0.0000000022562968052485
'6140368'	4	16	0.000000000519401862555265
'6140370'	1	16	0.00000000749932684427532
'6140370'	2	16	0.0000000132448991838414
'6140370'	3	16	0.0000000466144070469472
'6140370'	4	16	0.00000000837734330095302
'6140372'	1	16	0.000000000407554542715967
'6140372'	2	16	0.00000000098883204960242
'6140372'	3	16	0.00000000258219266746456
'6140372'	4	16	0.000000000496313383967405
'6140374'	1	16	0.0000000112128299500744
'6140374'	2	16	0.0000000218108097951712
'6140374'	3	16	0.0000000438811692800874
'6140374'	4	16	0.0000000113368795613505
'6140376'	1	16	0.00000000551167015405366
'6140376'	2	16	0.000000010232179826502
'6140376'	3	16	0.0000000344297818095921
'6140376'	4	16	0.00000000601916491338485
'6140380'	1	16	0.00000000127079735181591
'6140380'	2	16	0.00000000281487037406662
'6140380'	3	16	0.0000000056751187436742
'6140380'	4	16	0.00000000129636251294107
'6140382'	1	16	0.00000000127011336304358
'6140382'	2	16	0.00000000224922516797215
'6140382'	3	16	0.00000000872665772525287
'6140382'	4	16	0.00000000145307027063584
'6140384'	1	16	0.000000000833616801454595
'6140384'	2	16	0.00000000196009733075836
'6140384'	3	16	0.00000000501753225904485
'6140384'	4	16	0.000000000939369498967227
'6140386'	1	16	0.00000000100687794819882
'6140386'	2	16	0.00000000221421748816974
'6140386'	3	16	0.00000000528943046960587
'6140386'	4	16	0.00000000119639164090731
'6140388'	1	16	0.0000000407642042765453
'6140388'	2	16	0.000000104152170419831
'6140388'	3	16	0.000000275571760339182
'6140388'	4	16	0.0000000468436974412628
'6140390'	1	16	0.0000000059976369868556
'6140390'	2	16	0.000000013666236301492
'6140390'	3	16	0.0000000265182426797831
'6140390'	4	16	0.00000000700205828408676
'6140392'	1	16	0.00000000209312963174403
'6140392'	2	16	0.00000000582919441403796
'6140392'	3	16	0.0000000175786448688148
'6140392'	4	16	0.00000000274315948087724
'6140394'	1	16	0.00000000308200450975951
'6140394'	2	16	0.00000000984032183729709
'6140394'	3	16	0.0000000275772748862812
'6140394'	4	16	0.00000000399248824112787
'6140396'	1	16	0.000000421234653729797
'6140396'	2	16	0.000000651171399801201
'6140396'	3	16	0.00000198320484517237
'6140396'	4	16	0.000000465645116999042
'6140398'	1	16	0.00000000234235474527455
'6140398'	2	16	0.0000000050797051642205
'6140398'	3	16	0.0000000139250139848561
'6140398'	4	16	0.0000000026101129605284
'6140402'	1	16	0.000000163332723602817
'6140402'	2	16	0.000000353040473170948
'6140402'	3	16	0.000000685719937856974
'6140402'	4	16	0.000000166702451744691
'6140404'	1	16	0.000000000763645805763831
'6140404'	2	16	0.00000000208594832749871
'6140404'	3	16	0.00000000378415199673005
'6140404'	4	16	0.00000000100262665622054
'6140406'	1	16	0.0000000971968947855645
'6140406'	2	16	0.00000012999095869931
'6140406'	3	16	0.000000583312247278643
'6140406'	4	16	0.000000100822249758765
'6140408'	1	16	0.00000000222854254466617
'6140408'	2	16	0.00000000831445688402494
'6140408'	3	16	0.0000000301543789259278
'6140408'	4	16	0.00000000265466285428962
'6140410'	1	16	0.000000287045808255831
'6140410'	2	16	0.000000737737799665377
'6140410'	3	16	0.00000193045238604032
'6140410'	4	16	0.000000276372800772283
'6140414'	1	16	0.0000000767787718577378
'6140414'	2	16	0.000000184954311710714
'6140414'	3	16	0.000000564528280136972
'6140414'	4	16	0.0000000759507075086955
'6140416'	1	16	0.0000000111696822367386
'6140416'	2	16	0.0000000170880134547902
'6140416'	3	16	0.0000000845290351931406
'6140416'	4	16	0.000000011005376650192
'6140418'	1	16	0.00000000497275138037951
'6140418'	2	16	0.0000000166780261349041
'6140418'	3	16	0.0000000487058212684178
'6140418'	4	16	0.00000000527811441799249
'6140420'	1	16	0.0000000659468661583994
'6140420'	2	16	0.00000015864660461455
'6140420'	3	16	0.00000039696479767576
'6140420'	4	16	0.000000065303563655127
'6140422'	1	16	0.00000000478504400128174
'6140422'	2	16	0.0000000172003781806173
'6140422'	3	16	0.0000000596648934965802
'6140422'	4	16	0.00000000547260124990877
'6140426'	1	16	0.000000000391153403751197
'6140426'	2	16	0.00000000083479613549644
'6140426'	3	16	0.00000000186286454888686
'6140426'	4	16	0.00000000041078784302004
'6140428'	1	16	0.00000000141474366248768
'6140428'	2	16	0.00000000299411319284396
'6140428'	3	16	0.00000000776827867384116
'6140428'	4	16	0.00000000130925868916379
'6140430'	1	16	0.00000000210194532870745
'6140430'	2	16	0.00000000697187976935994
'6140430'	3	16	0.0000000157548707928815
'6140430'	4	16	0.00000000251062473003557
'6140432'	1	16	0.000000000973508955754629
'6140432'	2	16	0.00000000303429326648945
'6140432'	3	16	0.0000000068325785613983
'6140432'	4	16	0.00000000117195013383409
'6140434'	1	16	0.00000000118037133129488
'6140434'	2	16	0.00000000153290196559318
'6140434'	3	16	0.00000000548471966549634
'6140434'	4	16	0.00000000110497815687724
'6140436'	1	16	0.00000000453132257345097
'6140436'	2	16	0.0000000069122924994154
'6140436'	3	16	0.0000000222285292106525
'6140436'	4	16	0.0000000047986058493708
'6140438'	1	16	0.00000000278117507875583
'6140438'	2	16	0.00000000596833145168647
'6140438'	3	16	0.0000000143297591388083
'6140438'	4	16	0.00000000306814098005463
'6140442'	1	16	0.00000000925453270300222
'6140442'	2	16	0.0000000162422256406433
'6140442'	3	16	0.0000000370914013013393
'6140442'	4	16	0.00000000840776434566898
'6140444'	1	16	0.000000000713687159144914
'6140444'	2	16	0.00000000192999035651345
'6140444'	3	16	0.00000000397049653429675
'6140444'	4	16	0.000000000804236974110617
'6140448'	1	16	0.000000000630885403391326
'6140448'	2	16	0.00000000120222765616219
'6140448'	3	16	0.00000000355762622203696
'6140448'	4	16	0.000000000708403160103434
'6140450'	1	16	0.0000000123532430358855
'6140450'	2	16	0.0000000282473243138908
'6140450'	3	16	0.0000000715259619566557
'6140450'	4	16	0.0000000118565622585363
'6140452'	1	16	0.00000000251514372162816
'6140452'	2	16	0.00000000618968692880224
'6140452'	3	16	0.0000000171723476558239
'6140452'	4	16	0.00000000242582431236758
'6140454'	1	16	0.00000000194461128320537
'6140454'	2	16	0.00000000453911962391966
'6140454'	3	16	0.0000000134915263903053
'6140454'	4	16	0.00000000190007223218117
'6140456'	1	16	0.000000000304327549456643
'6140456'	2	16	0.000000000641119137478467
'6140456'	3	16	0.00000000158943171993389
'6140456'	4	16	0.000000000364144388247351
'6140458'	1	16	0.00000000344589421263241
'6140458'	2	16	0.00000000581751625926073
'6140458'	3	16	0.0000000205091226321474
'6140458'	4	16	0.0000000035057971197924
'6140460'	1	16	0.0000000041578323926257
'6140460'	2	16	0.00000000622147153142519
'6140460'	3	16	0.00000002691609180341
'6140460'	4	16	0.00000000406064207185539
'6140462'	1	16	0.0000000000382561883883414
'6140462'	2	16	0.0000000000259319970756554
'6140462'	3	16	0.0000000000427898644678953
'6140462'	4	16	0.0000000000289490908021232
'6140464'	1	16	0.00000002091331148547
'6140464'	2	16	0.0000000449561288341045
'6140464'	3	16	0.0000000886886642466036
'6140464'	4	16	0.0000000224770989739742
'6140466'	1	16	0.00000404694823131813
'6140466'	2	16	0.00000531216457321271
'6140466'	3	16	0.0000235303728431148
'6140466'	4	16	0.00000424752671335335
'6140468'	1	16	0.00000000651913944017373
'6140468'	2	16	0.0000000168447914807875
'6140468'	3	16	0.0000000428728879199032
'6140468'	4	16	0.00000000689093656706136
'6140470'	1	16	0.0000000911604037809286
'6140470'	2	16	0.0000000831114759576425
'6140470'	3	16	0.000000260620572630326
'6140470'	4	16	0.0000000877725299412376
'6140752'	1	16	0.00000000340049442091838
'6140752'	2	16	0.00000000827296864971346
'6140752'	3	16	0.0000000189497272820179
'6140752'	4	16	0.00000000390640822985764
'6140754'	1	16	0.000000000751627064871632
'6140754'	2	16	0.00000000136829319189239
'6140754'	3	16	0.00000000407177466330997
'6140754'	4	16	0.000000000839667934385497
'6140758'	1	16	0.00000000105077622116754
'6140758'	2	16	0.00000000243622271685914
'6140758'	3	16	0.00000000591457191964153
'6140758'	4	16	0.0000000013136533196004
'6140760'	1	16	0.000000000904026403971745
'6140760'	2	16	0.00000000222101690425065
'6140760'	3	16	0.00000000791228136709482
'6140760'	4	16	0.00000000113474242101398
'6140762'	1	16	0.00000000030760995703882
'6140762'	2	16	0.000000000753823587281572
'6140762'	3	16	0.00000000157817492501491
'6140762'	4	16	0.000000000347632566702662
'6140764'	1	16	0.00000000361245278269204
'6140764'	2	16	0.0000000079427947073295
'6140764'	3	16	0.0000000166426652878051
'6140764'	4	16	0.00000000422946207100818
'6140766'	1	16	0.000000000600056101001269
'6140766'	2	16	0.00000000200296982362857
'6140766'	3	16	0.00000000471472084047867
'6140766'	4	16	0.000000000903357044938966
'6140768'	1	16	0.0000000002277190913495
'6140768'	2	16	0.000000000655838336566313
'6140768'	3	16	0.00000000206927733979823
'6140768'	4	16	0.000000000263837078537964
'6140770'	1	16	0.000000000613596023849087
'6140770'	2	16	0.00000000123016637946248
'6140770'	3	16	0.00000000433422943305833
'6140770'	4	16	0.000000000620917233136441
'6140772'	1	16	0.00000000129789895370031
'6140772'	2	16	0.00000000274020843748185
'6140772'	3	16	0.00000000580809711112708
'6140772'	4	16	0.00000000133158856893464
'6140778'	1	16	0.00000000255476931660753
'6140778'	2	16	0.00000000575586465532076
'6140778'	3	16	0.0000000147028292810104
'6140778'	4	16	0.00000000261023641071696
'6140780'	1	16	0.000000000242677801471834
'6140780'	2	16	0.00000000106756036446274
'6140780'	3	16	0.00000000347131504034828
'6140780'	4	16	0.000000000353988003008901
'6140782'	1	16	0.000000000939610191357414
'6140782'	2	16	0.00000000154643980933048
'6140782'	3	16	0.00000000762952667564094
'6140782'	4	16	0.00000000100574862890262
'6140784'	1	16	0.0000000002269760216962
'6140784'	2	16	0.000000000575980117538499
'6140784'	3	16	0.00000000135193269904624
'6140784'	4	16	0.000000000242384798476873
'6140786'	1	16	0.00000000023613604890698
'6140786'	2	16	0.000000000556762348582462
'6140786'	3	16	0.00000000206181693147181
'6140786'	4	16	0.000000000253201223312997
'6140788'	1	16	0.000000000220589973002291
'6140788'	2	16	0.000000000796763910508452
'6140788'	3	16	0.00000000214454440340288
'6140788'	4	16	0.000000000243254204895361
'6140794'	1	16	0.00000000164855009807487
'6140794'	2	16	0.00000000457784082197127
'6140794'	3	16	0.0000000121289746650189
'6140794'	4	16	0.00000000188379827029713
'6140796'	1	16	0.000000000119995424166824
'6140796'	2	16	0.000000000395061446005097
'6140796'	3	16	0.00000000101525675163664
'6140796'	4	16	0.000000000136345632461899
'6140798'	1	16	0.000000000238188687610904
'6140798'	2	16	0.000000000559310592543863
'6140798'	3	16	0.00000000118343810799675
'6140798'	4	16	0.000000000254510383985552
'6140800'	1	16	0.00000000190697217713413
'6140800'	2	16	0.0000000046092182320104
'6140800'	3	16	0.0000000109501130450127
'6140800'	4	16	0.00000000220676142060005
'6140804'	1	16	0.000000000698948781909921
'6140804'	2	16	0.00000000189462824847264
'6140804'	3	16	0.00000000490192187075829
'6140804'	4	16	0.000000000726901762321156
'6140806'	1	16	0.00000000121760278866279
'6140806'	2	16	0.0000000033261846438333
'6140806'	3	16	0.00000000762689108681417
'6140806'	4	16	0.0000000012951099435432
'6140808'	1	16	0.000000000958617482283707
'6140808'	2	16	0.00000000222557914735879
'6140808'	3	16	0.00000000574147957728817
'6140808'	4	16	0.00000000107063735812352
'6140810'	1	16	0.00000000054162252657924
'6140810'	2	16	0.00000000184708922544854
'6140810'	3	16	0.00000000583483337636683
'6140810'	4	16	0.000000000707304244492195
'6140814'	1	16	0.00000000145572627109496
'6140814'	2	16	0.00000000372262255990377
'6140814'	3	16	0.0000000106079836011283
'6140814'	4	16	0.00000000165955429484199
'6140816'	1	16	0.000000000326254166360556
'6140816'	2	16	0.000000000797631127955445
'6140816'	3	16	0.0000000018357605841291
'6140816'	4	16	0.000000000353753589145277
'6140818'	1	16	0.000000000498759889286065
'6140818'	2	16	0.00000000127089684689266
'6140818'	3	16	0.00000000421319401950162
'6140818'	4	16	0.000000000582000005163583
'6140820'	1	16	0.000000000102433242522551
'6140820'	2	16	0.000000000325770780044176
'6140820'	3	16	0.00000000106359946603869
'6140820'	4	16	0.000000000117066533011488
'6140822'	1	16	0.00000000107759359038001
'6140822'	2	16	0.00000000338003769658482
'6140822'	3	16	0.00000000853581290219382
'6140822'	4	16	0.00000000132420103242254
'6140826'	1	16	0.000000000182230341694713
'6140826'	2	16	0.000000000680759819541127
'6140826'	3	16	0.00000000179144788771745
'6140826'	4	16	0.000000000217358299436262
'6140830'	1	16	0.00000000388433041420092
'6140830'	2	16	0.000000005865746094682
'6140830'	3	16	0.0000000415389276038767
'6140830'	4	16	0.00000000430707760460668
'6140832'	1	16	0.000000000178221084679468
'6140832'	2	16	0.000000000669853229243324
'6140832'	3	16	0.00000000192411085083457
'6140832'	4	16	0.000000000227667962671734
'6140834'	1	16	0.0000000000781566636952097
'6140834'	2	16	0.000000000275121212989959
'6140834'	3	16	0.00000000074518701992059
'6140834'	4	16	0.0000000000971822165484893
'6140836'	1	16	0.000000000535106502143387
'6140836'	2	16	0.00000000167015899523836
'6140836'	3	16	0.00000000373645424154683
'6140836'	4	16	0.000000000630951006385077
'6140838'	1	16	0.000000000105417542430208
'6140838'	2	16	0.000000000392587532763394
'6140838'	3	16	0.00000000100319716351247
'6140838'	4	16	0.000000000136610353964914
'6140842'	1	16	0.0000000000731943612530177
'6140842'	2	16	0.000000000154012326054448
'6140842'	3	16	0.000000000420207271042009
'6140842'	4	16	0.0000000000825245687834908
'6140846'	1	16	0.000000000274403783964876
'6140846'	2	16	0.00000000110160503713025
'6140846'	3	16	0.00000000366334353484906
'6140846'	4	16	0.000000000339121489880576
'6140848'	1	16	0.000000000355867225949504
'6140848'	2	16	0.00000000131489052243929
'6140848'	3	16	0.00000000301858821577818
'6140848'	4	16	0.000000000429553629972666
'6140852'	1	16	0.000000000261717149955622
'6140852'	2	16	0.000000000646328984562393
'6140852'	3	16	0.0000000016107033013013
'6140852'	4	16	0.000000000296880879814507
'6140854'	1	16	0.000000000688141581135797
'6140854'	2	16	0.00000000220286456987783
'6140854'	3	16	0.00000000604917353812622
'6140854'	4	16	0.000000000832712752299047
'6140856'	1	16	0.000000000429686664705053
'6140856'	2	16	0.00000000171433244110036
'6140856'	3	16	0.00000000509790586490635
'6140856'	4	16	0.000000000631936665833315
'6140858'	1	16	0.00000000010020526350169
'6140858'	2	16	0.000000000481437667466189
'6140858'	3	16	0.00000000136056943585971
'6140858'	4	16	0.000000000143186016787259
'6140860'	1	16	0.000000000775830619964347
'6140860'	2	16	0.00000000257198125328638
'6140860'	3	16	0.00000000562037998127563
'6140860'	4	16	0.00000000090664549216357
'6140864'	1	16	0.000000000627379002275043
'6140864'	2	16	0.00000000229860861270093
'6140864'	3	16	0.00000000578414274543875
'6140864'	4	16	0.000000000744557726437296
'6140866'	1	16	0.000000000500908848593426
'6140866'	2	16	0.00000000137724746081294
'6140866'	3	16	0.00000000361807008273033
'6140866'	4	16	0.000000000547689177579481
'6140868'	1	16	0.0000000004735021257901
'6140868'	2	16	0.00000000130691344995508
'6140868'	3	16	0.00000000322504277206003
'6140868'	4	16	0.00000000051412636035271
'6140872'	1	16	0.000000000543815791083528
'6140872'	2	16	0.000000000899359033269842
'6140872'	3	16	0.0000000051315230627811
'6140872'	4	16	0.000000000632265467812137
'6140874'	1	16	0.000000000149613602151543
'6140874'	2	16	0.00000000044460013165877
'6140874'	3	16	0.00000000117745248916128
'6140874'	4	16	0.0000000001676256452506
'6140876'	1	16	0.000000000156483867254342
'6140876'	2	16	0.000000000482605167625776
'6140876'	3	16	0.00000000114627387928055
'6140876'	4	16	0.00000000018350576470035
'6140878'	1	16	0.00000000073158919292218
'6140878'	2	16	0.00000000223691769816001
'6140878'	3	16	0.00000000808455776952205
'6140878'	4	16	0.000000000901706661292733
'6140880'	1	16	0.00000000158090835132831
'6140880'	2	16	0.00000000603648520205817
'6140880'	3	16	0.0000000158120930929019
'6140880'	4	16	0.00000000192813861698372
'6140882'	1	16	0.0000000374483732263538
'6140882'	2	16	0.0000000872270961601801
'6140882'	3	16	0.00000017177314486254
'6140882'	4	16	0.0000000400878471153049
'6140884'	1	16	0.000000000195561821352758
'6140884'	2	16	0.000000000694056312602028
'6140884'	3	16	0.00000000194624556029459
'6140884'	4	16	0.000000000227586049881868
'6140886'	1	16	0.000000000329887365972906
'6140886'	2	16	0.000000000627477635812253
'6140886'	3	16	0.00000000236905631188572
'6140886'	4	16	0.000000000357185440957523
'6140888'	1	16	0.0000000034474361699448
'6140888'	2	16	0.00000000760618802124663
'6140888'	3	16	0.0000000175522769261847
'6140888'	4	16	0.00000000373093626932249
'6140892'	1	16	0.000000000604354755819174
'6140892'	2	16	0.00000000133903413459462
'6140892'	3	16	0.00000000297976629665991
'6140892'	4	16	0.000000000660647111021441
'6140894'	1	16	0.00000000167192291270784
'6140894'	2	16	0.00000000419152527355249
'6140894'	3	16	0.0000000139576462874124
'6140894'	4	16	0.00000000182875030779324
'6140896'	1	16	0.000000000220008300672974
'6140896'	2	16	0.000000000870379922215999
'6140896'	3	16	0.00000000279207886262906
'6140896'	4	16	0.000000000276550903463985
'6140900'	1	16	0.000000000094532697534839
'6140900'	2	16	0.000000000304624591145571
'6140900'	3	16	0.000000000717321401044395
'6140900'	4	16	0.000000000110824768204282
'6140902'	1	16	0.000000000161718311573111
'6140902'	2	16	0.000000000530182091037576
'6140902'	3	16	0.00000000120919020949386
'6140902'	4	16	0.000000000185167945425171
'6140904'	1	16	0.000000000594373282830957
'6140904'	2	16	0.00000000160023640525432
'6140904'	3	16	0.00000000446375275866434
'6140904'	4	16	0.000000000666028840055658
'6140906'	1	16	0.000000000206590029659591
'6140906'	2	16	0.000000000507791438779249
'6140906'	3	16	0.00000000135941120541808
'6140906'	4	16	0.000000000237454700487797
'6140908'	1	16	0.0000000000981193706800795
'6140908'	2	16	0.000000000262366757026685
'6140908'	3	16	0.000000000928409114500396
'6140908'	4	16	0.000000000121453176860141
'6140910'	1	16	0.000000000897798051895465
'6140910'	2	16	0.00000000256909333924859
'6140910'	3	16	0.0000000107429381496533
'6140910'	4	16	0.00000000107991806439856
'6140914'	1	16	0.000000000264796667676632
'6140914'	2	16	0.000000000509620304662776
'6140914'	3	16	0.00000000145584053501279
'6140914'	4	16	0.000000000284135713629794
'6140916'	1	16	0.00000000163733958555657
'6140916'	2	16	0.00000000456040410282646
'6140916'	3	16	0.0000000118451307762898
'6140916'	4	16	0.00000000181175764012229
'6140918'	1	16	0.0000000000796556353241895
'6140918'	2	16	0.000000000241223108474941
'6140918'	3	16	0.000000000673155863262013
'6140918'	4	16	0.0000000000958314306303142
'6140920'	1	16	0.000000000216292609782075
'6140920'	2	16	0.00000000058104779521512
'6140920'	3	16	0.00000000145697090795308
'6140920'	4	16	0.000000000245303903227298
'6140924'	1	16	0.00000000184165151558233
'6140924'	2	16	0.0000000062463942311617
'6140924'	3	16	0.0000000161107297540188
'6140924'	4	16	0.00000000211184920600983
'6140926'	1	16	0.000000000240577958243666
'6140926'	2	16	0.000000000613675258287227
'6140926'	3	16	0.00000000147905539555675
'6140926'	4	16	0.000000000258248382267915
'6140928'	1	16	0.00000000617863957562766
'6140928'	2	16	0.00000000914956766467131
'6140928'	3	16	0.0000000385461913738524
'6140928'	4	16	0.00000000645664797572466
'6140930'	1	16	0.000000000406622948772681
'6140930'	2	16	0.00000000108525929278798
'6140930'	3	16	0.00000000220315367878325
'6140930'	4	16	0.000000000451209563895261
'6140932'	1	16	0.000000000515766822955939
'6140932'	2	16	0.00000000153687986428519
'6140932'	3	16	0.00000000341740069459811
'6140932'	4	16	0.000000000610907595585984
'6140934'	1	16	0.000000000273793698680733
'6140934'	2	16	0.000000000856263734789464
'6140934'	3	16	0.00000000186017994827685
'6140934'	4	16	0.000000000328148905872229
'6140938'	1	16	0.000000000421036375167784
'6140938'	2	16	0.00000000099003071645077
'6140938'	3	16	0.00000000194576943869843
'6140938'	4	16	0.000000000487148741767005
'6140940'	1	16	0.000000061260425360115
'6140940'	2	16	0.000000119850492409392
'6140940'	3	16	0.000000197393217213364
'6140940'	4	16	0.0000000634482216371977
'6140942'	1	16	0.0000000871515038045392
'6140942'	2	16	0.000000172287450194337
'6140942'	3	16	0.000000277975046537608
'6140942'	4	16	0.0000000913869164239704
'6140944'	1	16	0.000000000529333527255517
'6140944'	2	16	0.00000000133230182914038
'6140944'	3	16	0.00000000243033718198787
'6140944'	4	16	0.000000000599807977812614
'6140946'	1	16	0.000000000206564375820626
'6140946'	2	16	0.000000000586879286666712
'6140946'	3	16	0.00000000118202224768937
'6140946'	4	16	0.000000000243457711642937
'6140948'	1	16	0.000000000446195402513346
'6140948'	2	16	0.000000000718900834857215
'6140948'	3	16	0.00000000333965391690398
'6140948'	4	16	0.000000000466987638895623
'6140952'	1	16	0.000000000109620423780907
'6140952'	2	16	0.000000000247944275630607
'6140952'	3	16	0.000000000432041258928814
'6140952'	4	16	0.000000000120866638576827
'6141024'	1	16	0.00000256389985673954
'6141024'	2	16	0.00000609274549631914
'6141024'	3	16	0.0000171894727988723
'6141024'	4	16	0.00000255786528203177
'6141030'	1	16	0.000000000779968718725341
'6141030'	2	16	0.00000000212573737409376
'6141030'	3	16	0.00000000554629117482868
'6141030'	4	16	0.000000000804683299605531
'6141032'	1	16	0.000000000541007662403694
'6141032'	2	16	0.00000000105335944366964
'6141032'	3	16	0.00000000282006299274483
'6141032'	4	16	0.000000000608873994035033
'6141034'	1	16	0.00000000018134644006296
'6141034'	2	16	0.000000000392323308100297
'6141034'	3	16	0.00000000113051035521215
'6141034'	4	16	0.000000000209839887790458
'6141038'	1	16	0.00000000166090703609657
'6141038'	2	16	0.00000000234808683231227
'6141038'	3	16	0.00000000587257488647009
'6141038'	4	16	0.00000000169200351157905
'6141042'	1	16	0.00000000160792346141744
'6141042'	2	16	0.00000000297196226420558
'6141042'	3	16	0.0000000111030750585179
'6141042'	4	16	0.0000000018893156327239
'6141046'	1	16	0.0000000355977182694846
'6141046'	2	16	0.0000000474243157567481
'6141046'	3	16	0.000000117768019589874
'6141046'	4	16	0.000000036245280910789
'6141050'	1	16	0.00000000014782929865072
'6141050'	2	16	0.000000000568725906826206
'6141050'	3	16	0.00000000154588148662121
'6141050'	4	16	0.000000000171063309576861
'6141054'	1	16	0.000000003904129093746
'6141054'	2	16	0.0000000071405647917763
'6141054'	3	16	0.0000000139562558289431
'6141054'	4	16	0.00000000390990821769973
'6141056'	1	16	0.0000000000936212052342038
'6141056'	2	16	0.000000000191188450485206
'6141056'	3	16	0.000000000467043734756526
'6141056'	4	16	0.000000000107219000689599
'6141060'	1	16	0.000000000684530043186595
'6141060'	2	16	0.00000000145469557136776
'6141060'	3	16	0.00000000279302137562911
'6141060'	4	16	0.000000000715704173982827
'6141062'	1	16	0.00000000366544165025312
'6141062'	2	16	0.00000000824545492096641
'6141062'	3	16	0.0000000196765652977461
'6141062'	4	16	0.00000000380117129916869
'6141064'	1	16	0.000000000686486698926027
'6141064'	2	16	0.00000000124260473248956
'6141064'	3	16	0.00000000349313936248597
'6141064'	4	16	0.000000000735434995015602
'6141066'	1	16	0.0000000019492545875345
'6141066'	2	16	0.00000000534625179346889
'6141066'	3	16	0.0000000159035461807615
'6141066'	4	16	0.00000000221972734408498
'6141070'	1	16	0.000000000589736001869593
'6141070'	2	16	0.00000000116886566421264
'6141070'	3	16	0.00000000344549384375913
'6141070'	4	16	0.000000000647644986516327
'6141074'	1	16	0.000000000215214894777287
'6141074'	2	16	0.000000000371511573486761
'6141074'	3	16	0.00000000107128990519552
'6141074'	4	16	0.000000000231665383462766
'6141076'	1	16	0.000000000202304633687456
'6141076'	2	16	0.000000000431216497015142
'6141076'	3	16	0.00000000130841949359399
'6141076'	4	16	0.000000000238100728129833
'6141084'	1	16	0.000000000298093414828114
'6141084'	2	16	0.000000000681277087757517
'6141084'	3	16	0.00000000167749266399366
'6141084'	4	16	0.00000000032255472470911
'6141086'	1	16	0.000000000150972901165191
'6141086'	2	16	0.000000000226422621497764
'6141086'	3	16	0.000000000928304139559992
'6141086'	4	16	0.000000000154450723660665
'6141090'	1	16	0.000000000385790803983265
'6141090'	2	16	0.000000000633563548866193
'6141090'	3	16	0.00000000223685898988657
'6141090'	4	16	0.000000000407211572621994
'6141100'	1	16	0.000000000297373587509889
'6141100'	2	16	0.000000000630771687167049
'6141100'	3	16	0.00000000202107769860182
'6141100'	4	16	0.000000000334481989628825
'6141104'	1	16	0.000000000348402752407342
'6141104'	2	16	0.000000000890701857851734
'6141104'	3	16	0.00000000248323973483355
'6141104'	4	16	0.000000000377908376686716
'6141106'	1	16	0.000000000198234522049213
'6141106'	2	16	0.000000000332243996440911
'6141106'	3	16	0.00000000121406599754557
'6141106'	4	16	0.000000000211533528338857
'6141108'	1	16	0.0000000000603565371334571
'6141108'	2	16	0.000000000141920918057555
'6141108'	3	16	0.000000000292864049537355
'6141108'	4	16	0.0000000000623831254108914
'6141110'	1	16	0.000000000543563020844421
'6141110'	2	16	0.000000000855883019183874
'6141110'	3	16	0.00000000300382738992405
'6141110'	4	16	0.000000000561638284721919
'6141112'	1	16	0.00000000207210795845718
'6141112'	2	16	0.00000000579825369119083
'6141112'	3	16	0.0000000216987967037914
'6141112'	4	16	0.00000000235431691162713
'6141126'	1	16	0.00000000112675963079169
'6141126'	2	16	0.00000000262258420124857
'6141126'	3	16	0.0000000057375440561951
'6141126'	4	16	0.00000000123170222837019
'6141128'	1	16	0.00000000189786350625411
'6141128'	2	16	0.00000000412402691983915
'6141128'	3	16	0.00000000965050677095988
'6141128'	4	16	0.00000000210198384078893
'6141130'	1	16	0.000000000959740450597031
'6141130'	2	16	0.00000000230173775061782
'6141130'	3	16	0.00000000557898125450355
'6141130'	4	16	0.00000000132837777262179
'6141148'	1	16	0.0000000498919416897337
'6141148'	2	16	0.00000012181271085074
'6141148'	3	16	0.000000259629958497811
'6141148'	4	16	0.0000000538148433916658
'6141150'	1	16	0.00000119312144297779
'6141150'	2	16	0.00000208493590852489
'6141150'	3	16	0.00000636163396735734
'6141150'	4	16	0.00000126450387805468
'6141152'	1	16	0.0000000619815577310482
'6141152'	2	16	0.000000123767747171453
'6141152'	3	16	0.000000402503366249963
'6141152'	4	16	0.0000000723790413436752
'6141154'	1	16	0.0000000155867021742553
'6141154'	2	16	0.0000000307298721937981
'6141154'	3	16	0.000000101184848665066
'6141154'	4	16	0.0000000185715789440315
'6141170'	1	16	0.00000000510390553188877
'6141170'	2	16	0.00000000914027712311462
'6141170'	3	16	0.0000000461021028053045
'6141170'	4	16	0.00000000572846629037593
'6141176'	1	16	0.00000000188728683247994
'6141176'	2	16	0.00000000353325966428965
'6141176'	3	16	0.00000000984143694427249
'6141176'	4	16	0.00000000219082983644802
'6141178'	1	16	0.00000000102675239031558
'6141178'	2	16	0.00000000282199939065568
'6141178'	3	16	0.00000000681696822626084
'6141178'	4	16	0.00000000119997177860713
'6141180'	1	16	0.00000000728749510782357
'6141180'	2	16	0.0000000244060881936381
'6141180'	3	16	0.0000000677252950193694
'6141180'	4	16	0.00000000838166388641711
'6141184'	1	16	0.000000114489475301967
'6141184'	2	16	0.000000250658602222547
'6141184'	3	16	0.000000489020414505171
'6141184'	4	16	0.000000119298476066537
'6141188'	1	16	0.00000000055789388504075
'6141188'	2	16	0.0000000019458348660609
'6141188'	3	16	0.00000000490375988714132
'6141188'	4	16	0.000000000678284616344119
'6141196'	1	16	0.00000000031910695012268
'6141196'	2	16	0.00000000078969538668647
'6141196'	3	16	0.00000000167928043377728
'6141196'	4	16	0.000000000339251661078206
'6141208'	1	16	0.00000000157072744797288
'6141208'	2	16	0.00000000379760337799099
'6141208'	3	16	0.00000000650365989634727
'6141208'	4	16	0.0000000017207860067885
'6141210'	1	16	0.0000000000110130701477717
'6141210'	2	16	0.0000000000116292778511716
'6141210'	3	16	0.0000000000178776446085261
'6141210'	4	16	0.0000000000168768485419138
'6141214'	1	16	0.000000000162864525699614
'6141214'	2	16	0.000000000378374943733151
'6141214'	3	16	0.000000000651121093997912
'6141214'	4	16	0.000000000174213080106019
'6141218'	1	16	0.00000000764808049207097
'6141218'	2	16	0.0000000134050900445378
'6141218'	3	16	0.000000038593518931276
'6141218'	4	16	0.00000000857860895086116
'6141220'	1	16	0.000000001203374110887
'6141220'	2	16	0.0000000029340709826438
'6141220'	3	16	0.00000000596393475797035
'6141220'	4	16	0.00000000116357393834456
'6141228'	1	16	0.000000000268922037360115
'6141228'	2	16	0.00000000053032900860553
'6141228'	3	16	0.00000000129573535719763
'6141228'	4	16	0.000000000282783425238654
'6141270'	1	16	0.000000000710045985131804
'6141270'	2	16	0.00000000161104539604056
'6141270'	3	16	0.00000000459710585638467
'6141270'	4	16	0.000000000746019814040729
'6141274'	1	16	0.000000578080776213568
'6141274'	2	16	0.00000129546658658311
'6141274'	3	16	0.00000356947171963419
'6141274'	4	16	0.000000577294359465303
'6141306'	1	16	0.0000000391456758758874
'6141306'	2	16	0.0000000910279306469091
'6141306'	3	16	0.000000212745265050122
'6141306'	4	16	0.0000000416645903232099
'6141308'	1	16	0.000000000532538142177617
'6141308'	2	16	0.00000000129790811889563
'6141308'	3	16	0.00000000288187933028207
'6141308'	4	16	0.000000000584521075728005
'6141310'	1	16	0.000000000976399784570503
'6141310'	2	16	0.000000003564877573186
'6141310'	3	16	0.00000000930250230516908
'6141310'	4	16	0.00000000136797512057768
'6141312'	1	16	0.000000685030667073338
'6141312'	2	16	0.00000150754470314786
'6141312'	3	16	0.00000301059787730339
'6141312'	4	16	0.000000712227810174392
'6142038'	1	16	0.000000000170241942432514
'6142038'	2	16	0.000000000467555861134843
'6142038'	3	16	0.00000000141861100687328
'6142038'	4	16	0.000000000189626429034155
;

param transfer_coefficients_P1 : 'coeff' :=
;

param riparianload_N1 : 'riparian' :=
'166174961'	1	16	0
'166174961'	2	16	0
'166174961'	3	16	0
'166174961'	4	16	0
'166174962'	1	16	0
'166174962'	2	16	0
'166174962'	3	16	0
'166174962'	4	16	0
'166174963'	1	16	0.276636894437046
'166174963'	2	16	0.204647531487691
'166174963'	3	16	0.0233565980851764
'166174963'	4	16	0.203058518784648
'166174966'	1	16	11.5898793969906
'166174966'	2	16	7.35124756741401
'166174966'	3	16	5.67178061280515
'166174966'	4	16	7.47710651798734
'24978249'	1	16	0
'24978249'	2	16	0
'24978249'	3	16	0
'24978249'	4	16	0
'6139942'	1	16	0
'6139942'	2	16	0
'6139942'	3	16	0
'6139942'	4	16	0
'6139944'	1	16	5.11708516030004
'6139944'	2	16	3.53711316740476
'6139944'	3	16	0.098860127955558
'6139944'	4	16	2.62796844626643
'6139946'	1	16	4.38351370047782
'6139946'	2	16	2.71908613251256
'6139946'	3	16	0.0568582336730379
'6139946'	4	16	2.01511877529129
'6139948'	1	16	0
'6139948'	2	16	0
'6139948'	3	16	0
'6139948'	4	16	0
'6139950'	1	16	0
'6139950'	2	16	0
'6139950'	3	16	0
'6139950'	4	16	0
'6139952'	1	16	9.96638797418293
'6139952'	2	16	4.74474368950806
'6139952'	3	16	0.0459469768389568
'6139952'	4	16	4.95081216570359
'6139954'	1	16	0
'6139954'	2	16	0
'6139954'	3	16	0
'6139954'	4	16	0
'6139956'	1	16	0
'6139956'	2	16	0
'6139956'	3	16	0
'6139956'	4	16	0
'6139958'	1	16	0
'6139958'	2	16	0
'6139958'	3	16	0
'6139958'	4	16	0
'6139960'	1	16	0
'6139960'	2	16	0
'6139960'	3	16	0
'6139960'	4	16	0
'6139964'	1	16	0
'6139964'	2	16	0
'6139964'	3	16	0
'6139964'	4	16	0
'6139966'	1	16	0
'6139966'	2	16	0
'6139966'	3	16	0
'6139966'	4	16	0
'6139968'	1	16	0
'6139968'	2	16	0
'6139968'	3	16	0
'6139968'	4	16	0
'6139970'	1	16	0
'6139970'	2	16	0
'6139970'	3	16	0
'6139970'	4	16	0
'6139972'	1	16	0
'6139972'	2	16	0
'6139972'	3	16	0
'6139972'	4	16	0
'6139974'	1	16	0
'6139974'	2	16	0
'6139974'	3	16	0
'6139974'	4	16	0
'6139976'	1	16	0
'6139976'	2	16	0
'6139976'	3	16	0
'6139976'	4	16	0
'6139978'	1	16	0
'6139978'	2	16	0
'6139978'	3	16	0
'6139978'	4	16	0
'6139980'	1	16	0
'6139980'	2	16	0
'6139980'	3	16	0
'6139980'	4	16	0
'6139982'	1	16	0
'6139982'	2	16	0
'6139982'	3	16	0
'6139982'	4	16	0
'6139988'	1	16	0
'6139988'	2	16	0
'6139988'	3	16	0
'6139988'	4	16	0
'6139990'	1	16	0
'6139990'	2	16	0
'6139990'	3	16	0
'6139990'	4	16	0
'6139992'	1	16	0
'6139992'	2	16	0
'6139992'	3	16	0
'6139992'	4	16	0
'6139994'	1	16	0
'6139994'	2	16	0
'6139994'	3	16	0
'6139994'	4	16	0
'6139996'	1	16	0
'6139996'	2	16	0
'6139996'	3	16	0
'6139996'	4	16	0
'6139998'	1	16	0
'6139998'	2	16	0
'6139998'	3	16	0
'6139998'	4	16	0
'6140000'	1	16	0
'6140000'	2	16	0
'6140000'	3	16	0
'6140000'	4	16	0
'6140002'	1	16	0
'6140002'	2	16	0
'6140002'	3	16	0
'6140002'	4	16	0
'6140004'	1	16	0
'6140004'	2	16	0
'6140004'	3	16	0
'6140004'	4	16	0
'6140008'	1	16	0
'6140008'	2	16	0
'6140008'	3	16	0
'6140008'	4	16	0
'6140010'	1	16	0
'6140010'	2	16	0
'6140010'	3	16	0
'6140010'	4	16	0
'6140012'	1	16	0
'6140012'	2	16	0
'6140012'	3	16	0
'6140012'	4	16	0
'6140014'	1	16	0
'6140014'	2	16	0
'6140014'	3	16	0
'6140014'	4	16	0
'6140016'	1	16	0
'6140016'	2	16	0
'6140016'	3	16	0
'6140016'	4	16	0
'6140018'	1	16	0
'6140018'	2	16	0
'6140018'	3	16	0
'6140018'	4	16	0
'6140020'	1	16	0
'6140020'	2	16	0
'6140020'	3	16	0
'6140020'	4	16	0
'6140022'	1	16	0
'6140022'	2	16	0
'6140022'	3	16	0
'6140022'	4	16	0
'6140024'	1	16	0
'6140024'	2	16	0
'6140024'	3	16	0
'6140024'	4	16	0
'6140026'	1	16	0
'6140026'	2	16	0
'6140026'	3	16	0
'6140026'	4	16	0
'6140028'	1	16	0
'6140028'	2	16	0
'6140028'	3	16	0
'6140028'	4	16	0
'6140030'	1	16	0
'6140030'	2	16	0
'6140030'	3	16	0
'6140030'	4	16	0
'6140032'	1	16	1.35287890913689
'6140032'	2	16	0.58364865658335
'6140032'	3	16	0.188653871085131
'6140032'	4	16	0.581430379433551
'6140034'	1	16	0
'6140034'	2	16	0
'6140034'	3	16	0
'6140034'	4	16	0
'6140036'	1	16	2.5053941425043
'6140036'	2	16	1.16977591758831
'6140036'	3	16	0.501963112271398
'6140036'	4	16	1.17119481341109
'6140038'	1	16	0
'6140038'	2	16	0
'6140038'	3	16	0
'6140038'	4	16	0
'6140040'	1	16	0
'6140040'	2	16	0
'6140040'	3	16	0
'6140040'	4	16	0
'6140042'	1	16	0
'6140042'	2	16	0
'6140042'	3	16	0
'6140042'	4	16	0
'6140044'	1	16	0
'6140044'	2	16	0
'6140044'	3	16	0
'6140044'	4	16	0
'6140046'	1	16	0
'6140046'	2	16	0
'6140046'	3	16	0
'6140046'	4	16	0
'6140048'	1	16	0
'6140048'	2	16	0
'6140048'	3	16	0
'6140048'	4	16	0
'6140050'	1	16	0
'6140050'	2	16	0
'6140050'	3	16	0
'6140050'	4	16	0
'6140052'	1	16	0
'6140052'	2	16	0
'6140052'	3	16	0
'6140052'	4	16	0
'6140054'	1	16	0
'6140054'	2	16	0
'6140054'	3	16	0
'6140054'	4	16	0
'6140056'	1	16	0
'6140056'	2	16	0
'6140056'	3	16	0
'6140056'	4	16	0
'6140058'	1	16	0
'6140058'	2	16	0
'6140058'	3	16	0
'6140058'	4	16	0
'6140060'	1	16	0
'6140060'	2	16	0
'6140060'	3	16	0
'6140060'	4	16	0
'6140062'	1	16	0
'6140062'	2	16	0
'6140062'	3	16	0
'6140062'	4	16	0
'6140064'	1	16	0
'6140064'	2	16	0
'6140064'	3	16	0
'6140064'	4	16	0
'6140066'	1	16	0
'6140066'	2	16	0
'6140066'	3	16	0
'6140066'	4	16	0
'6140068'	1	16	0
'6140068'	2	16	0
'6140068'	3	16	0
'6140068'	4	16	0
'6140070'	1	16	0
'6140070'	2	16	0
'6140070'	3	16	0
'6140070'	4	16	0
'6140072'	1	16	0
'6140072'	2	16	0
'6140072'	3	16	0
'6140072'	4	16	0
'6140074'	1	16	0
'6140074'	2	16	0
'6140074'	3	16	0
'6140074'	4	16	0
'6140076'	1	16	0
'6140076'	2	16	0
'6140076'	3	16	0
'6140076'	4	16	0
'6140080'	1	16	0
'6140080'	2	16	0
'6140080'	3	16	0
'6140080'	4	16	0
'6140082'	1	16	0
'6140082'	2	16	0
'6140082'	3	16	0
'6140082'	4	16	0
'6140084'	1	16	0
'6140084'	2	16	0
'6140084'	3	16	0
'6140084'	4	16	0
'6140086'	1	16	0
'6140086'	2	16	0
'6140086'	3	16	0
'6140086'	4	16	0
'6140088'	1	16	0
'6140088'	2	16	0
'6140088'	3	16	0
'6140088'	4	16	0
'6140090'	1	16	0
'6140090'	2	16	0
'6140090'	3	16	0
'6140090'	4	16	0
'6140092'	1	16	0
'6140092'	2	16	0
'6140092'	3	16	0
'6140092'	4	16	0
'6140094'	1	16	0
'6140094'	2	16	0
'6140094'	3	16	0
'6140094'	4	16	0
'6140096'	1	16	0
'6140096'	2	16	0
'6140096'	3	16	0
'6140096'	4	16	0
'6140098'	1	16	0
'6140098'	2	16	0
'6140098'	3	16	0
'6140098'	4	16	0
'6140100'	1	16	0
'6140100'	2	16	0
'6140100'	3	16	0
'6140100'	4	16	0
'6140102'	1	16	0
'6140102'	2	16	0
'6140102'	3	16	0
'6140102'	4	16	0
'6140104'	1	16	0
'6140104'	2	16	0
'6140104'	3	16	0
'6140104'	4	16	0
'6140106'	1	16	0
'6140106'	2	16	0
'6140106'	3	16	0
'6140106'	4	16	0
'6140108'	1	16	17.2256573287641
'6140108'	2	16	9.38404964229421
'6140108'	3	16	5.3357792924667
'6140108'	4	16	9.43634318301585
'6140110'	1	16	0
'6140110'	2	16	0
'6140110'	3	16	0
'6140110'	4	16	0
'6140112'	1	16	0
'6140112'	2	16	0
'6140112'	3	16	0
'6140112'	4	16	0
'6140114'	1	16	0
'6140114'	2	16	0
'6140114'	3	16	0
'6140114'	4	16	0
'6140116'	1	16	0
'6140116'	2	16	0
'6140116'	3	16	0
'6140116'	4	16	0
'6140118'	1	16	0
'6140118'	2	16	0
'6140118'	3	16	0
'6140118'	4	16	0
'6140120'	1	16	0
'6140120'	2	16	0
'6140120'	3	16	0
'6140120'	4	16	0
'6140122'	1	16	0
'6140122'	2	16	0
'6140122'	3	16	0
'6140122'	4	16	0
'6140124'	1	16	0
'6140124'	2	16	0
'6140124'	3	16	0
'6140124'	4	16	0
'6140126'	1	16	0
'6140126'	2	16	0
'6140126'	3	16	0
'6140126'	4	16	0
'6140128'	1	16	0
'6140128'	2	16	0
'6140128'	3	16	0
'6140128'	4	16	0
'6140130'	1	16	0
'6140130'	2	16	0
'6140130'	3	16	0
'6140130'	4	16	0
'6140132'	1	16	0
'6140132'	2	16	0
'6140132'	3	16	0
'6140132'	4	16	0
'6140134'	1	16	0
'6140134'	2	16	0
'6140134'	3	16	0
'6140134'	4	16	0
'6140274'	1	16	6.80705826650402
'6140274'	2	16	4.54142216464105
'6140274'	3	16	0.120206432020585
'6140274'	4	16	3.38345121048783
'6140276'	1	16	4.41765390466948
'6140276'	2	16	3.28039467142903
'6140276'	3	16	0.108052250799866
'6140276'	4	16	2.48130052232935
'6140278'	1	16	0
'6140278'	2	16	0
'6140278'	3	16	0
'6140278'	4	16	0
'6140280'	1	16	0
'6140280'	2	16	0
'6140280'	3	16	0
'6140280'	4	16	0
'6140282'	1	16	0
'6140282'	2	16	0
'6140282'	3	16	0
'6140282'	4	16	0
'6140284'	1	16	0
'6140284'	2	16	0
'6140284'	3	16	0
'6140284'	4	16	0
'6140286'	1	16	0
'6140286'	2	16	0
'6140286'	3	16	0
'6140286'	4	16	0
'6140288'	1	16	0
'6140288'	2	16	0
'6140288'	3	16	0
'6140288'	4	16	0
'6140290'	1	16	0
'6140290'	2	16	0
'6140290'	3	16	0
'6140290'	4	16	0
'6140292'	1	16	0
'6140292'	2	16	0
'6140292'	3	16	0
'6140292'	4	16	0
'6140294'	1	16	0
'6140294'	2	16	0
'6140294'	3	16	0
'6140294'	4	16	0
'6140296'	1	16	11.5265242460189
'6140296'	2	16	11.0217126285109
'6140296'	3	16	0.448031113696789
'6140296'	4	16	8.5441582098086
'6140298'	1	16	0
'6140298'	2	16	0
'6140298'	3	16	0
'6140298'	4	16	0
'6140300'	1	16	0
'6140300'	2	16	0
'6140300'	3	16	0
'6140300'	4	16	0
'6140302'	1	16	0
'6140302'	2	16	0
'6140302'	3	16	0
'6140302'	4	16	0
'6140304'	1	16	0
'6140304'	2	16	0
'6140304'	3	16	0
'6140304'	4	16	0
'6140306'	1	16	0
'6140306'	2	16	0
'6140306'	3	16	0
'6140306'	4	16	0
'6140308'	1	16	0
'6140308'	2	16	0
'6140308'	3	16	0
'6140308'	4	16	0
'6140310'	1	16	0
'6140310'	2	16	0
'6140310'	3	16	0
'6140310'	4	16	0
'6140312'	1	16	0
'6140312'	2	16	0
'6140312'	3	16	0
'6140312'	4	16	0
'6140314'	1	16	0
'6140314'	2	16	0
'6140314'	3	16	0
'6140314'	4	16	0
'6140316'	1	16	0
'6140316'	2	16	0
'6140316'	3	16	0
'6140316'	4	16	0
'6140318'	1	16	0
'6140318'	2	16	0
'6140318'	3	16	0
'6140318'	4	16	0
'6140320'	1	16	0
'6140320'	2	16	0
'6140320'	3	16	0
'6140320'	4	16	0
'6140322'	1	16	0
'6140322'	2	16	0
'6140322'	3	16	0
'6140322'	4	16	0
'6140324'	1	16	0
'6140324'	2	16	0
'6140324'	3	16	0
'6140324'	4	16	0
'6140326'	1	16	0
'6140326'	2	16	0
'6140326'	3	16	0
'6140326'	4	16	0
'6140328'	1	16	0
'6140328'	2	16	0
'6140328'	3	16	0
'6140328'	4	16	0
'6140330'	1	16	0
'6140330'	2	16	0
'6140330'	3	16	0
'6140330'	4	16	0
'6140332'	1	16	0
'6140332'	2	16	0
'6140332'	3	16	0
'6140332'	4	16	0
'6140336'	1	16	0
'6140336'	2	16	0
'6140336'	3	16	0
'6140336'	4	16	0
'6140338'	1	16	4.42727964156627
'6140338'	2	16	2.91507934975617
'6140338'	3	16	0.0759158777197289
'6140338'	4	16	2.17067938428078
'6140340'	1	16	0
'6140340'	2	16	0
'6140340'	3	16	0
'6140340'	4	16	0
'6140342'	1	16	0.30441841705323
'6140342'	2	16	0.204674809140262
'6140342'	3	16	0.00531562986915624
'6140342'	4	16	0.152578412634209
'6140344'	1	16	0
'6140344'	2	16	0
'6140344'	3	16	0
'6140344'	4	16	0
'6140346'	1	16	0
'6140346'	2	16	0
'6140346'	3	16	0
'6140346'	4	16	0
'6140348'	1	16	1.79604170962277
'6140348'	2	16	1.27294965728365
'6140348'	3	16	0.0394227089637641
'6140348'	4	16	0.952659323295577
'6140350'	1	16	0
'6140350'	2	16	0
'6140350'	3	16	0
'6140350'	4	16	0
'6140352'	1	16	0
'6140352'	2	16	0
'6140352'	3	16	0
'6140352'	4	16	0
'6140356'	1	16	0
'6140356'	2	16	0
'6140356'	3	16	0
'6140356'	4	16	0
'6140358'	1	16	0
'6140358'	2	16	0
'6140358'	3	16	0
'6140358'	4	16	0
'6140360'	1	16	0
'6140360'	2	16	0
'6140360'	3	16	0
'6140360'	4	16	0
'6140362'	1	16	0
'6140362'	2	16	0
'6140362'	3	16	0
'6140362'	4	16	0
'6140364'	1	16	0
'6140364'	2	16	0
'6140364'	3	16	0
'6140364'	4	16	0
'6140366'	1	16	0
'6140366'	2	16	0
'6140366'	3	16	0
'6140366'	4	16	0
'6140368'	1	16	0
'6140368'	2	16	0
'6140368'	3	16	0
'6140368'	4	16	0
'6140370'	1	16	0
'6140370'	2	16	0
'6140370'	3	16	0
'6140370'	4	16	0
'6140372'	1	16	0
'6140372'	2	16	0
'6140372'	3	16	0
'6140372'	4	16	0
'6140374'	1	16	0
'6140374'	2	16	0
'6140374'	3	16	0
'6140374'	4	16	0
'6140376'	1	16	0
'6140376'	2	16	0
'6140376'	3	16	0
'6140376'	4	16	0
'6140380'	1	16	0
'6140380'	2	16	0
'6140380'	3	16	0
'6140380'	4	16	0
'6140382'	1	16	0
'6140382'	2	16	0
'6140382'	3	16	0
'6140382'	4	16	0
'6140384'	1	16	0
'6140384'	2	16	0
'6140384'	3	16	0
'6140384'	4	16	0
'6140386'	1	16	0
'6140386'	2	16	0
'6140386'	3	16	0
'6140386'	4	16	0
'6140388'	1	16	0
'6140388'	2	16	0
'6140388'	3	16	0
'6140388'	4	16	0
'6140390'	1	16	0
'6140390'	2	16	0
'6140390'	3	16	0
'6140390'	4	16	0
'6140392'	1	16	0
'6140392'	2	16	0
'6140392'	3	16	0
'6140392'	4	16	0
'6140394'	1	16	0
'6140394'	2	16	0
'6140394'	3	16	0
'6140394'	4	16	0
'6140396'	1	16	0
'6140396'	2	16	0
'6140396'	3	16	0
'6140396'	4	16	0
'6140398'	1	16	0
'6140398'	2	16	0
'6140398'	3	16	0
'6140398'	4	16	0
'6140402'	1	16	0
'6140402'	2	16	0
'6140402'	3	16	0
'6140402'	4	16	0
'6140404'	1	16	0
'6140404'	2	16	0
'6140404'	3	16	0
'6140404'	4	16	0
'6140406'	1	16	0
'6140406'	2	16	0
'6140406'	3	16	0
'6140406'	4	16	0
'6140408'	1	16	0
'6140408'	2	16	0
'6140408'	3	16	0
'6140408'	4	16	0
'6140410'	1	16	0
'6140410'	2	16	0
'6140410'	3	16	0
'6140410'	4	16	0
'6140414'	1	16	0
'6140414'	2	16	0
'6140414'	3	16	0
'6140414'	4	16	0
'6140416'	1	16	0
'6140416'	2	16	0
'6140416'	3	16	0
'6140416'	4	16	0
'6140418'	1	16	0
'6140418'	2	16	0
'6140418'	3	16	0
'6140418'	4	16	0
'6140420'	1	16	0
'6140420'	2	16	0
'6140420'	3	16	0
'6140420'	4	16	0
'6140422'	1	16	0
'6140422'	2	16	0
'6140422'	3	16	0
'6140422'	4	16	0
'6140426'	1	16	0
'6140426'	2	16	0
'6140426'	3	16	0
'6140426'	4	16	0
'6140428'	1	16	1.39178991720618
'6140428'	2	16	0.80982349682429
'6140428'	3	16	0.0304689773673985
'6140428'	4	16	0.795938911206898
'6140430'	1	16	0
'6140430'	2	16	0
'6140430'	3	16	0
'6140430'	4	16	0
'6140432'	1	16	0
'6140432'	2	16	0
'6140432'	3	16	0
'6140432'	4	16	0
'6140434'	1	16	0.346997967769305
'6140434'	2	16	0.24263194196973
'6140434'	3	16	0.0157473316941524
'6140434'	4	16	0.240425606888405
'6140436'	1	16	0
'6140436'	2	16	0
'6140436'	3	16	0
'6140436'	4	16	0
'6140438'	1	16	3.79683462229422
'6140438'	2	16	2.48833851788159
'6140438'	3	16	0.0375671643199033
'6140438'	4	16	1.84264064518943
'6140442'	1	16	0
'6140442'	2	16	0
'6140442'	3	16	0
'6140442'	4	16	0
'6140444'	1	16	0
'6140444'	2	16	0
'6140444'	3	16	0
'6140444'	4	16	0
'6140448'	1	16	0
'6140448'	2	16	0
'6140448'	3	16	0
'6140448'	4	16	0
'6140450'	1	16	0
'6140450'	2	16	0
'6140450'	3	16	0
'6140450'	4	16	0
'6140452'	1	16	1.92073077798753
'6140452'	2	16	1.1985566988235
'6140452'	3	16	0.0670159717758313
'6140452'	4	16	1.18252659455001
'6140454'	1	16	0
'6140454'	2	16	0
'6140454'	3	16	0
'6140454'	4	16	0
'6140456'	1	16	0
'6140456'	2	16	0
'6140456'	3	16	0
'6140456'	4	16	0
'6140458'	1	16	0
'6140458'	2	16	0
'6140458'	3	16	0
'6140458'	4	16	0
'6140460'	1	16	0
'6140460'	2	16	0
'6140460'	3	16	0
'6140460'	4	16	0
'6140462'	1	16	2.39616676433748
'6140462'	2	16	1.44475651148154
'6140462'	3	16	0.0345659153157574
'6140462'	4	16	1.06990678934876
'6140464'	1	16	0
'6140464'	2	16	0
'6140464'	3	16	0
'6140464'	4	16	0
'6140466'	1	16	0
'6140466'	2	16	0
'6140466'	3	16	0
'6140466'	4	16	0
'6140468'	1	16	0
'6140468'	2	16	0
'6140468'	3	16	0
'6140468'	4	16	0
'6140470'	1	16	0
'6140470'	2	16	0
'6140470'	3	16	0
'6140470'	4	16	0
'6140752'	1	16	0
'6140752'	2	16	0
'6140752'	3	16	0
'6140752'	4	16	0
'6140754'	1	16	0
'6140754'	2	16	0
'6140754'	3	16	0
'6140754'	4	16	0
'6140758'	1	16	0
'6140758'	2	16	0
'6140758'	3	16	0
'6140758'	4	16	0
'6140760'	1	16	0
'6140760'	2	16	0
'6140760'	3	16	0
'6140760'	4	16	0
'6140762'	1	16	0
'6140762'	2	16	0
'6140762'	3	16	0
'6140762'	4	16	0
'6140764'	1	16	0
'6140764'	2	16	0
'6140764'	3	16	0
'6140764'	4	16	0
'6140766'	1	16	0
'6140766'	2	16	0
'6140766'	3	16	0
'6140766'	4	16	0
'6140768'	1	16	5.17594646437202
'6140768'	2	16	2.9811615741511
'6140768'	3	16	1.36550689198174
'6140768'	4	16	2.94602810844119
'6140770'	1	16	0
'6140770'	2	16	0
'6140770'	3	16	0
'6140770'	4	16	0
'6140772'	1	16	0
'6140772'	2	16	0
'6140772'	3	16	0
'6140772'	4	16	0
'6140778'	1	16	0
'6140778'	2	16	0
'6140778'	3	16	0
'6140778'	4	16	0
'6140780'	1	16	9.92669037867341
'6140780'	2	16	5.54310463008209
'6140780'	3	16	3.02490504528987
'6140780'	4	16	5.57557248641894
'6140782'	1	16	0
'6140782'	2	16	0
'6140782'	3	16	0
'6140782'	4	16	0
'6140784'	1	16	0
'6140784'	2	16	0
'6140784'	3	16	0
'6140784'	4	16	0
'6140786'	1	16	18.9834415760847
'6140786'	2	16	10.7093652324527
'6140786'	3	16	7.43923257395785
'6140786'	4	16	10.9640714177031
'6140788'	1	16	24.7315865659551
'6140788'	2	16	13.9521378276583
'6140788'	3	16	9.6918160834911
'6140788'	4	16	14.2839684940924
'6140794'	1	16	0
'6140794'	2	16	0
'6140794'	3	16	0
'6140794'	4	16	0
'6140796'	1	16	15.0104406027577
'6140796'	2	16	9.91991834570982
'6140796'	3	16	7.40778793820929
'6140796'	4	16	9.94497211751234
'6140798'	1	16	0
'6140798'	2	16	0
'6140798'	3	16	0
'6140798'	4	16	0
'6140800'	1	16	0
'6140800'	2	16	0
'6140800'	3	16	0
'6140800'	4	16	0
'6140804'	1	16	15.8128331826836
'6140804'	2	16	11.4683158983485
'6140804'	3	16	9.00558640155304
'6140804'	4	16	11.4940739694419
'6140806'	1	16	5.54500800843802
'6140806'	2	16	4.02153761852608
'6140806'	3	16	3.15794444552646
'6140806'	4	16	4.03057007392765
'6140808'	1	16	0
'6140808'	2	16	0
'6140808'	3	16	0
'6140808'	4	16	0
'6140810'	1	16	10.2894149293097
'6140810'	2	16	6.98825198150138
'6140810'	3	16	5.33267224834632
'6140810'	4	16	7.00573385283645
'6140814'	1	16	17.7946352306886
'6140814'	2	16	11.759903200156
'6140814'	3	16	7.35897300166246
'6140814'	4	16	11.7896040425348
'6140816'	1	16	0
'6140816'	2	16	0
'6140816'	3	16	0
'6140816'	4	16	0
'6140818'	1	16	3.9343886722792
'6140818'	2	16	2.37514497386888
'6140818'	3	16	1.39894260765006
'6140818'	4	16	2.37987565212721
'6140820'	1	16	22.8687290634757
'6140820'	2	16	16.0815409392885
'6140820'	3	16	12.5917545846451
'6140820'	4	16	16.1205302974172
'6140822'	1	16	1.7754284583907
'6140822'	2	16	1.24850075223413
'6140822'	3	16	0.977568948785857
'6140822'	4	16	1.2515277160765
'6140826'	1	16	29.7522472683943
'6140826'	2	16	18.1650581874566
'6140826'	3	16	10.9427952434102
'6140826'	4	16	18.1859631423803
'6140830'	1	16	0
'6140830'	2	16	0
'6140830'	3	16	0
'6140830'	4	16	0
'6140832'	1	16	34.2268015427807
'6140832'	2	16	21.1644727024634
'6140832'	3	16	15.9003086334117
'6140832'	4	16	21.5581324443156
'6140834'	1	16	13.4056577792771
'6140834'	2	16	8.28951772702
'6140834'	3	16	6.22769544673863
'6140834'	4	16	8.44370297199979
'6140836'	1	16	21.6077713515505
'6140836'	2	16	16.5362583669424
'6140836'	3	16	13.6857719654885
'6140836'	4	16	16.5690259082855
'6140838'	1	16	0
'6140838'	2	16	0
'6140838'	3	16	0
'6140838'	4	16	0
'6140842'	1	16	0
'6140842'	2	16	0
'6140842'	3	16	0
'6140842'	4	16	0
'6140846'	1	16	0
'6140846'	2	16	0
'6140846'	3	16	0
'6140846'	4	16	0
'6140848'	1	16	5.56838925586174
'6140848'	2	16	3.59233078267163
'6140848'	3	16	2.81444218017783
'6140848'	4	16	3.64991201310443
'6140852'	1	16	0
'6140852'	2	16	0
'6140852'	3	16	0
'6140852'	4	16	0
'6140854'	1	16	9.14950915772935
'6140854'	2	16	6.21406328158998
'6140854'	3	16	4.74189581299032
'6140854'	4	16	6.22960843580655
'6140856'	1	16	0
'6140856'	2	16	0
'6140856'	3	16	0
'6140856'	4	16	0
'6140858'	1	16	21.7691739386769
'6140858'	2	16	15.1812550137747
'6140858'	3	16	12.468674363016
'6140858'	4	16	15.3830481158972
'6140860'	1	16	22.2634693617516
'6140860'	2	16	15.5259637698799
'6140860'	3	16	12.7517906947063
'6140860'	4	16	15.7323388284454
'6140864'	1	16	14.011762094913
'6140864'	2	16	9.03939756726612
'6140864'	3	16	7.08199309468663
'6140864'	4	16	9.18428946775737
'6140866'	1	16	0
'6140866'	2	16	0
'6140866'	3	16	0
'6140866'	4	16	0
'6140868'	1	16	0
'6140868'	2	16	0
'6140868'	3	16	0
'6140868'	4	16	0
'6140872'	1	16	0
'6140872'	2	16	0
'6140872'	3	16	0
'6140872'	4	16	0
'6140874'	1	16	9.5029694240064
'6140874'	2	16	5.80995175125773
'6140874'	3	16	4.33679829373158
'6140874'	4	16	5.9231819805956
'6140876'	1	16	32.1090271764636
'6140876'	2	16	26.8713549879553
'6140876'	3	16	23.6818290959694
'6140876'	4	16	26.9080061324289
'6140878'	1	16	14.3749179159474
'6140878'	2	16	10.6220556935822
'6140878'	3	16	8.93416329395694
'6140878'	4	16	10.7456812713395
'6140880'	1	16	0
'6140880'	2	16	0
'6140880'	3	16	0
'6140880'	4	16	0
'6140882'	1	16	0.383331144425265
'6140882'	2	16	0.324901554529853
'6140882'	3	16	0.289030167971967
'6140882'	4	16	0.325315422484906
'6140884'	1	16	0
'6140884'	2	16	0
'6140884'	3	16	0
'6140884'	4	16	0
'6140886'	1	16	0
'6140886'	2	16	0
'6140886'	3	16	0
'6140886'	4	16	0
'6140888'	1	16	0
'6140888'	2	16	0
'6140888'	3	16	0
'6140888'	4	16	0
'6140892'	1	16	0
'6140892'	2	16	0
'6140892'	3	16	0
'6140892'	4	16	0
'6140894'	1	16	0
'6140894'	2	16	0
'6140894'	3	16	0
'6140894'	4	16	0
'6140896'	1	16	9.37493743440009
'6140896'	2	16	5.26390875676203
'6140896'	3	16	3.64624531649367
'6140896'	4	16	5.39529152208917
'6140900'	1	16	57.5904606190484
'6140900'	2	16	57.5904606190484
'6140900'	3	16	57.5904606190484
'6140900'	4	16	57.5904606190484
'6140902'	1	16	9.70433055097644
'6140902'	2	16	8.75177150541352
'6140902'	3	16	8.21604298049987
'6140902'	4	16	8.78814363715283
'6140904'	1	16	15.6157003044818
'6140904'	2	16	14.0828921937423
'6140904'	3	16	13.2208259187253
'6140904'	4	16	14.1414203225702
'6140906'	1	16	62.4628012179274
'6140906'	2	16	62.4628012179274
'6140906'	3	16	62.4628012179274
'6140906'	4	16	62.4628012179274
'6140908'	1	16	1.7754284583907
'6140908'	2	16	1.7754284583907
'6140908'	3	16	1.7754284583907
'6140908'	4	16	1.7754284583907
'6140910'	1	16	5.07409383278706
'6140910'	2	16	5.07409383278706
'6140910'	3	16	5.07409383278706
'6140910'	4	16	5.07409383278706
'6140914'	1	16	34.4594523514922
'6140914'	2	16	34.4594523514922
'6140914'	3	16	34.0533206686436
'6140914'	4	16	34.4594523514922
'6140916'	1	16	19.6205019975563
'6140916'	2	16	19.6205019975563
'6140916'	3	16	13.6627353764215
'6140916'	4	16	19.6205019975563
'6140918'	1	16	14.0521127416946
'6140918'	2	16	14.0521127416946
'6140918'	3	16	14.0521127416946
'6140918'	4	16	14.0521127416946
'6140920'	1	16	39.3116176269805
'6140920'	2	16	39.3116176269805
'6140920'	3	16	39.3116176269805
'6140920'	4	16	39.3116176269805
'6140924'	1	16	0
'6140924'	2	16	0
'6140924'	3	16	0
'6140924'	4	16	0
'6140926'	1	16	0
'6140926'	2	16	0
'6140926'	3	16	0
'6140926'	4	16	0
'6140928'	1	16	0
'6140928'	2	16	0
'6140928'	3	16	0
'6140928'	4	16	0
'6140930'	1	16	159.183301553439
'6140930'	2	16	138.473027596879
'6140930'	3	16	67.4458851558936
'6140930'	4	16	159.183301553439
'6140932'	1	16	33.3598972266935
'6140932'	2	16	33.3598972266935
'6140932'	3	16	33.3598972266935
'6140932'	4	16	33.3598972266935
'6140934'	1	16	45.6618336750475
'6140934'	2	16	45.3854151629098
'6140934'	3	16	45.199578894012
'6140934'	4	16	45.4000120329428
'6140938'	1	16	98.571895278342
'6140938'	2	16	97.975180375797
'6140938'	3	16	77.3860395395844
'6140938'	4	16	98.0066911809591
'6140940'	1	16	0
'6140940'	2	16	0
'6140940'	3	16	0
'6140940'	4	16	0
'6140942'	1	16	0
'6140942'	2	16	0
'6140942'	3	16	0
'6140942'	4	16	0
'6140944'	1	16	24.4524919496537
'6140944'	2	16	24.4524919496537
'6140944'	3	16	24.4524919496537
'6140944'	4	16	24.4524919496537
'6140946'	1	16	161.886794887807
'6140946'	2	16	161.886794887807
'6140946'	3	16	124.055482277636
'6140946'	4	16	161.886794887807
'6140948'	1	16	0
'6140948'	2	16	0
'6140948'	3	16	0
'6140948'	4	16	0
'6140952'	1	16	111.458574072493
'6140952'	2	16	111.458574072493
'6140952'	3	16	111.458574072493
'6140952'	4	16	111.458574072493
'6141024'	1	16	0
'6141024'	2	16	0
'6141024'	3	16	0
'6141024'	4	16	0
'6141030'	1	16	0
'6141030'	2	16	0
'6141030'	3	16	0
'6141030'	4	16	0
'6141032'	1	16	0
'6141032'	2	16	0
'6141032'	3	16	0
'6141032'	4	16	0
'6141034'	1	16	0
'6141034'	2	16	0
'6141034'	3	16	0
'6141034'	4	16	0
'6141038'	1	16	0
'6141038'	2	16	0
'6141038'	3	16	0
'6141038'	4	16	0
'6141042'	1	16	0
'6141042'	2	16	0
'6141042'	3	16	0
'6141042'	4	16	0
'6141046'	1	16	0
'6141046'	2	16	0
'6141046'	3	16	0
'6141046'	4	16	0
'6141050'	1	16	15.780070004224
'6141050'	2	16	8.81165582552632
'6141050'	3	16	4.80857280220556
'6141050'	4	16	8.86326870215873
'6141054'	1	16	0
'6141054'	2	16	0
'6141054'	3	16	0
'6141054'	4	16	0
'6141056'	1	16	0
'6141056'	2	16	0
'6141056'	3	16	0
'6141056'	4	16	0
'6141060'	1	16	0
'6141060'	2	16	0
'6141060'	3	16	0
'6141060'	4	16	0
'6141062'	1	16	0
'6141062'	2	16	0
'6141062'	3	16	0
'6141062'	4	16	0
'6141064'	1	16	0
'6141064'	2	16	0
'6141064'	3	16	0
'6141064'	4	16	0
'6141066'	1	16	0
'6141066'	2	16	0
'6141066'	3	16	0
'6141066'	4	16	0
'6141070'	1	16	0
'6141070'	2	16	0
'6141070'	3	16	0
'6141070'	4	16	0
'6141074'	1	16	0
'6141074'	2	16	0
'6141074'	3	16	0
'6141074'	4	16	0
'6141076'	1	16	0
'6141076'	2	16	0
'6141076'	3	16	0
'6141076'	4	16	0
'6141084'	1	16	0
'6141084'	2	16	0
'6141084'	3	16	0
'6141084'	4	16	0
'6141086'	1	16	0
'6141086'	2	16	0
'6141086'	3	16	0
'6141086'	4	16	0
'6141090'	1	16	0
'6141090'	2	16	0
'6141090'	3	16	0
'6141090'	4	16	0
'6141100'	1	16	0
'6141100'	2	16	0
'6141100'	3	16	0
'6141100'	4	16	0
'6141104'	1	16	0
'6141104'	2	16	0
'6141104'	3	16	0
'6141104'	4	16	0
'6141106'	1	16	0
'6141106'	2	16	0
'6141106'	3	16	0
'6141106'	4	16	0
'6141108'	1	16	0
'6141108'	2	16	0
'6141108'	3	16	0
'6141108'	4	16	0
'6141110'	1	16	0
'6141110'	2	16	0
'6141110'	3	16	0
'6141110'	4	16	0
'6141112'	1	16	0
'6141112'	2	16	0
'6141112'	3	16	0
'6141112'	4	16	0
'6141126'	1	16	0
'6141126'	2	16	0
'6141126'	3	16	0
'6141126'	4	16	0
'6141128'	1	16	0
'6141128'	2	16	0
'6141128'	3	16	0
'6141128'	4	16	0
'6141130'	1	16	0
'6141130'	2	16	0
'6141130'	3	16	0
'6141130'	4	16	0
'6141148'	1	16	0
'6141148'	2	16	0
'6141148'	3	16	0
'6141148'	4	16	0
'6141150'	1	16	0
'6141150'	2	16	0
'6141150'	3	16	0
'6141150'	4	16	0
'6141152'	1	16	0
'6141152'	2	16	0
'6141152'	3	16	0
'6141152'	4	16	0
'6141154'	1	16	0
'6141154'	2	16	0
'6141154'	3	16	0
'6141154'	4	16	0
'6141170'	1	16	0
'6141170'	2	16	0
'6141170'	3	16	0
'6141170'	4	16	0
'6141176'	1	16	0
'6141176'	2	16	0
'6141176'	3	16	0
'6141176'	4	16	0
'6141178'	1	16	0
'6141178'	2	16	0
'6141178'	3	16	0
'6141178'	4	16	0
'6141180'	1	16	0.33414522865637
'6141180'	2	16	0.204115681643008
'6141180'	3	16	0.123259609194582
'6141180'	4	16	0.204374104449021
'6141184'	1	16	0
'6141184'	2	16	0
'6141184'	3	16	0
'6141184'	4	16	0
'6141188'	1	16	5.28593472839049
'6141188'	2	16	4.64572792602737
'6141188'	3	16	4.23842920792013
'6141188'	4	16	4.65047841671152
'6141196'	1	16	24.0086348350561
'6141196'	2	16	24.0086348350561
'6141196'	3	16	22.5409870019943
'6141196'	4	16	24.0086348350561
'6141208'	1	16	2.64296736419525
'6141208'	2	16	2.64296736419525
'6141208'	3	16	2.64296736419525
'6141208'	4	16	2.64296736419525
'6141210'	1	16	271.025206770358
'6141210'	2	16	271.025206770358
'6141210'	3	16	271.025206770358
'6141210'	4	16	271.025206770358
'6141214'	1	16	169.038947029846
'6141214'	2	16	169.038947029846
'6141214'	3	16	169.038947029846
'6141214'	4	16	169.038947029846
'6141218'	1	16	0
'6141218'	2	16	0
'6141218'	3	16	0
'6141218'	4	16	0
'6141220'	1	16	31.1579195456245
'6141220'	2	16	13.5151419675384
'6141220'	3	16	1.45284110552399
'6141220'	4	16	15.8438782438706
'6141228'	1	16	0
'6141228'	2	16	0
'6141228'	3	16	0
'6141228'	4	16	0
'6141270'	1	16	0
'6141270'	2	16	0
'6141270'	3	16	0
'6141270'	4	16	0
'6141274'	1	16	0
'6141274'	2	16	0
'6141274'	3	16	0
'6141274'	4	16	0
'6141306'	1	16	0
'6141306'	2	16	0
'6141306'	3	16	0
'6141306'	4	16	0
'6141308'	1	16	0
'6141308'	2	16	0
'6141308'	3	16	0
'6141308'	4	16	0
'6141310'	1	16	0
'6141310'	2	16	0
'6141310'	3	16	0
'6141310'	4	16	0
'6141312'	1	16	0
'6141312'	2	16	0
'6141312'	3	16	0
'6141312'	4	16	0
'6142038'	1	16	1.10471841881643
'6142038'	2	16	0.709899854440278
'6142038'	3	16	0.50284461064284
'6142038'	4	16	0.711416791573222
;

param area : 'urban' 'ag' :=
'166174961'	0	0
'166174962'	0.4231277757	0
'166174963'	0	0
'166174966'	0	0
'24978249'	0.8992299213	0
'6139942'	0	0
'6139944'	0	0
'6139946'	4.6976835024	10.4166025488
'6139948'	0.67441132125	0
'6139950'	1.1047669182	0
'6139952'	0	0
'6139954'	0.22263913395	0
'6139956'	0	0
'6139958'	0	0
'6139960'	0	0
'6139964'	0	0
'6139966'	0	0
'6139968'	4.2577427025	0
'6139970'	0	0
'6139972'	0	0
'6139974'	0	0
'6139976'	0.43693847415	0
'6139978'	1.964188224	1.964188224
'6139980'	0	0
'6139982'	0.2196368082	0
'6139988'	0	0
'6139990'	2.23406394975	0
'6139992'	6.2224201944	0
'6139994'	0	0
'6139996'	0	0
'6139998'	8.6795235882	0
'6140000'	8.8627766562	0
'6140002'	1.77517513845	0
'6140004'	0	0
'6140008'	0.2223055422	0
'6140010'	70.5782734209	0
'6140012'	11.315876949	0
'6140014'	2.6623290384	0
'6140016'	0	0
'6140018'	0.44436645045	0
'6140020'	0	0
'6140022'	0	0
'6140024'	18.362224287	0
'6140026'	0	0
'6140028'	0	0
'6140030'	0	0
'6140032'	0.205492518	0
'6140034'	0	0
'6140036'	0	0
'6140038'	0	0
'6140040'	63.18608039595	9.3328741503
'6140042'	3.35466535635	0
'6140044'	0	0
'6140046'	3.559646367	0
'6140048'	0	0
'6140050'	41.37647448555	120.9936832461
'6140052'	0	0
'6140054'	15.288732297	0
'6140056'	2.8922849514	0
'6140058'	0	0
'6140060'	0	0
'6140062'	6.473014317	0
'6140064'	3.5568886752	0
'6140066'	0	0
'6140068'	0	0
'6140070'	0	0
'6140072'	4.67061809175	0
'6140074'	1.1028098466	0
'6140076'	0	0
'6140080'	0	0
'6140082'	0.65421790065	0
'6140084'	0	0
'6140086'	0.225508023	26.9031071439
'6140088'	7.3394188101	0
'6140090'	0	0
'6140092'	0	0
'6140094'	0	0
'6140096'	0	0.652950252
'6140098'	0	0
'6140100'	0	0
'6140102'	0	0
'6140104'	34.8990789969	0
'6140106'	0	4.65620692815
'6140108'	0	0
'6140110'	1.33456715505	0
'6140112'	0	0
'6140114'	14.6765247174	0
'6140116'	62.5110463701	0
'6140118'	0	0
'6140120'	8.6659575237	0
'6140122'	0	0
'6140124'	0	0
'6140126'	12.15521603145	10.06399606905
'6140128'	12.1891756716	9.9594484146
'6140130'	0	0
'6140132'	0	0
'6140134'	0	0
'6140274'	2.2036626216	24.2402888376
'6140276'	0	0
'6140278'	0.6581098044	0
'6140280'	80.10205101	9.196902153
'6140282'	0	0
'6140284'	0	0
'6140286'	0	0
'6140288'	8.1769564971	3.37743855315
'6140290'	0	0
'6140292'	0	0
'6140294'	0	0
'6140296'	11.9150522109	0
'6140298'	1.2841948008	0
'6140300'	0	0
'6140302'	3.1079186586	0
'6140304'	0	0
'6140306'	0.2289773772	0
'6140308'	3.76631757585	0
'6140310'	73.873670643	105.155681013
'6140312'	0.8929583964	0.1488263994
'6140314'	0	0
'6140316'	0	0
'6140318'	4.01321994975	6.84608109075
'6140320'	0	0
'6140322'	10.3151906568	25.6447101051
'6140324'	0	0
'6140326'	0	0
'6140328'	0	0
'6140330'	16.450076376	0.4291324272
'6140332'	12.9216097179	0
'6140336'	0	0
'6140338'	5.32739352915	0
'6140340'	0	0
'6140342'	0	0
'6140344'	0	0
'6140346'	0	0
'6140348'	0	0
'6140350'	0	0
'6140352'	0.2209711752	0
'6140356'	0	0
'6140358'	0	0
'6140360'	0	0
'6140362'	1.33679110005	0
'6140364'	0	0
'6140366'	39.1121648838	0
'6140368'	0	0
'6140370'	0	0
'6140372'	11.1176344917	15.79616982765
'6140374'	0.441230688	0
'6140376'	0	0
'6140380'	0	0
'6140382'	1.5358119381	0
'6140384'	10.00221487695	0
'6140386'	1.778711211	6.2312270166
'6140388'	0	0
'6140390'	0	0
'6140392'	0.8916240294	5.11540709175
'6140394'	1.11252848625	0
'6140396'	0	0
'6140398'	4.8921897321	0
'6140402'	0	0
'6140404'	0	0
'6140406'	0	0
'6140408'	2.6698014936	0
'6140410'	0	0
'6140414'	0	0
'6140416'	0	0
'6140418'	0	0
'6140420'	0	0
'6140422'	0	0
'6140426'	34.89936810975	3.10907511
'6140428'	0	0
'6140430'	0.2223055422	0
'6140432'	0	0
'6140434'	0.6585101145	0
'6140436'	0	0
'6140438'	0.66137900355	0
'6140442'	0	0
'6140444'	0	0
'6140448'	15.76530147105	0
'6140450'	0	0
'6140452'	0	0
'6140454'	0	0
'6140456'	99.863581491	0
'6140458'	1.1219802525	0
'6140460'	0	0
'6140462'	11.797138647	204.10922421
'6140464'	0	0
'6140466'	0	0
'6140468'	0	0
'6140470'	0	0
'6140752'	0	0
'6140754'	20.4279133608	0
'6140758'	1.780045578	11.5641581688
'6140760'	13.8010020498	0
'6140762'	0	0
'6140764'	0	0
'6140766'	6.896008656	0
'6140768'	1.1341229922	21.135928491
'6140770'	1.15669603395	0
'6140772'	0	0
'6140778'	2.2226995908	0
'6140780'	1.33043061735	7.33041183285
'6140782'	16.8946874604	0
'6140784'	0	0
'6140786'	3.1251764718	0
'6140788'	0	0
'6140794'	0	0
'6140796'	0	0
'6140798'	0	0
'6140800'	2.6680668165	0
'6140804'	0	0
'6140806'	0	0
'6140808'	9.5654098395	0
'6140810'	2.45112098175	24.68367675225
'6140814'	0.8862420825	0
'6140816'	0	0
'6140818'	2.6384438691	0
'6140820'	2.4943322331	82.72868573115
'6140822'	0.447012945	2.221721055
'6140826'	0	0
'6140830'	0	0
'6140832'	5.1092022852	0
'6140834'	23.809110381	10.4306578812
'6140836'	0	0
'6140838'	0	0
'6140842'	44.80784370495	133.1577728181
'6140846'	0	34.04337167925
'6140848'	0	0
'6140852'	0	0
'6140854'	2.6726481432	0
'6140856'	12.6793331496	0
'6140858'	0	0
'6140860'	0	0
'6140864'	13.5643743018	0
'6140866'	0	0
'6140868'	0	0
'6140872'	3.33851951565	3.33851951565
'6140874'	29.1609895446	12.7204316532
'6140876'	0	0
'6140878'	1.573218693	0
'6140880'	0	0
'6140882'	0	0
'6140884'	1.1119280211	0
'6140886'	12.2202664227	16.476763716
'6140888'	0.4419423504	0
'6140892'	0	0
'6140894'	8.00066437695	0
'6140896'	1.1028098466	47.38143733785
'6140900'	0	0
'6140902'	0	0
'6140904'	14.91722228475	0
'6140906'	49.37324695875	20.6860244175
'6140908'	4.68796486275	149.67516800925
'6140910'	1.1118835422	0
'6140914'	96.50753728875	0
'6140916'	0	0
'6140918'	38.91794776695	108.10541046375
'6140920'	93.59336871855	0
'6140924'	0	0
'6140926'	0	0
'6140928'	0	0
'6140930'	0	0
'6140932'	0	0
'6140934'	0	0
'6140938'	43.575088752	0
'6140940'	0	0
'6140942'	0	0
'6140944'	0	0
'6140946'	203.279247936	0
'6140948'	15.614317845	0
'6140952'	601.14134047725	0
'6141024'	0	0
'6141030'	0	0
'6141032'	40.71276033975	0
'6141034'	89.7698957562	27.9685102356
'6141038'	8.25090266835	0
'6141042'	2.65652454195	0
'6141046'	0	0
'6141050'	0	0
'6141054'	0	0
'6141056'	21.1173807897	139.05258367455
'6141060'	0	0
'6141062'	0	0
'6141064'	22.4750102544	12.91667256
'6141066'	2.22298870365	0
'6141070'	5.3111809701	55.6170837435
'6141074'	18.0160894872	188.9544623598
'6141076'	27.802870812	40.43000797245
'6141084'	0	0
'6141086'	37.0182317085	5.2883188155
'6141090'	16.0318412793	82.55357230185
'6141100'	26.6878737468	5.8247343495
'6141104'	0	0
'6141106'	144.0734731038	0
'6141108'	0	0
'6141110'	38.219829192	0
'6141112'	3.7826635716	0
'6141126'	0	0
'6141128'	1.335701367	0
'6141130'	3.1122775908	0.4446110844
'6141148'	0	0
'6141150'	0	0
'6141152'	0	0
'6141154'	0	0
'6141170'	0.88657567425	0
'6141176'	5.7783873357	24.68852495235
'6141178'	0	0
'6141180'	0	0
'6141184'	0	0
'6141188'	0	0
'6141196'	0	0
'6141208'	2.44529424585	0
'6141210'	0	0
'6141214'	242.29286981685	13.5672209514
'6141218'	0.4436770275	0
'6141220'	0	0
'6141228'	143.64369573255	0
'6141270'	13.7885924367	0
'6141274'	0	0
'6141306'	0	0
'6141308'	0	0
'6141310'	0	0
'6141312'	0	0
'6142038'	6.1806989862	31.1802426468
;

param urban_bmp_implementationpotential : 'Biofiltration_w_Underdrain'  'Bioretention_Basin'  'Enhanced_Biofiltration_w_ISR'  'Extended_Dry_Detention_Basin'  'Grass_Swale_w_detention'  'Gravel_Wetland'  'Infiltration_Basin'  'Infiltration_Chamber'  'Infiltration_Trench'  'Porous_Pavement_w_subsurface_infiltration'  'Porous_Pavement_w_underdrain'  'Sand_Filter_w_underdrain'  'Wet_Pond':=
'166174961'	1	1	1	1	1	1	0	0	0	0	0.1	1	1
'166174962'	1	1	1	1	1	1	0	0	0	0	0.1	1	1
'166174963'	1	1	1	1	1	1	0	0	0	0	0.1	1	1
'166174966'	1	1	1	1	1	1	0	0	0	0	0.1	1	1
'24978249'	1	1	1	1	1	1	0	0	0	0	0.1	1	1
'6139942'	1	1	1	1	1	1	0	0	0	0	0.1	1	1
'6139944'	1	1	1	1	1	1	0	0	0	0	0.1	1	1
'6139946'	1	1	1	1	1	1	0	0	0	0	0.1	1	1
'6139948'	1	1	1	1	1	1	0	0	0	0	0.1	1	1
'6139950'	1	1	1	1	1	1	0	0	0	0	0.1	1	1
'6139952'	1	1	1	1	1	1	0	0	0	0	0.1	1	1
'6139954'	1	1	1	1	1	1	0	0	0	0	0.1	1	1
'6139956'	1	1	1	1	1	1	0	0	0	0	0.1	1	1
'6139958'	1	1	1	1	1	1	0	0	0	0	0.1	1	1
'6139960'	1	1	1	1	1	1	0	0	0	0	0.1	1	1
'6139964'	1	1	1	1	1	1	0	0	0	0	0.1	1	1
'6139966'	1	1	1	1	1	1	0	0	0	0	0.1	1	1
'6139968'	1	1	1	1	1	1	0	0	0	0	0.1	1	1
'6139970'	1	1	1	1	1	1	0	0	0	0	0.1	1	1
'6139972'	1	1	1	1	1	1	0	0	0	0	0.1	1	1
'6139974'	1	1	1	1	1	1	0	0	0	0	0.1	1	1
'6139976'	1	1	1	1	1	1	0	0	0	0	0.1	1	1
'6139978'	1	1	1	1	1	1	0	0	0	0	0.1	1	1
'6139980'	1	1	1	1	1	1	0	0	0	0	0.1	1	1
'6139982'	1	1	1	1	1	1	0	0	0	0	0.1	1	1
'6139988'	1	1	1	1	1	1	0	0	0	0	0.1	1	1
'6139990'	1	1	1	1	1	1	0	0	0	0	0.1	1	1
'6139992'	1	1	1	1	1	1	0	0	0	0	0.1	1	1
'6139994'	1	1	1	1	1	1	0	0	0	0	0.1	1	1
'6139996'	1	1	1	1	1	1	0	0	0	0	0.1	1	1
'6139998'	1	1	1	1	1	1	0	0	0	0	0.1	1	1
'6140000'	1	1	1	1	1	1	0	0	0	0	0.1	1	1
'6140002'	1	1	1	1	1	1	0	0	0	0	0.1	1	1
'6140004'	1	1	1	1	1	1	0	0	0	0	0.1	1	1
'6140008'	1	1	1	1	1	1	0	0	0	0	0.1	1	1
'6140010'	1	1	1	1	1	1	0	0	0	0	0.1	1	1
'6140012'	1	1	1	1	1	1	0	0	0	0	0.1	1	1
'6140014'	1	1	1	1	1	1	0	0	0	0	0.1	1	1
'6140016'	1	1	1	1	1	1	0	0	0	0	0.1	1	1
'6140018'	1	1	1	1	1	1	0	0	0	0	0.1	1	1
'6140020'	1	1	1	1	1	1	0	0	0	0	0.1	1	1
'6140022'	1	1	1	1	1	1	0	0	0	0	0.1	1	1
'6140024'	1	1	1	1	1	1	0	0	0	0	0.1	1	1
'6140026'	1	1	1	1	1	1	0	0	0	0	0.1	1	1
'6140028'	1	1	1	1	1	1	0	0	0	0	0.1	1	1
'6140030'	1	1	1	1	1	1	0	0	0	0	0.1	1	1
'6140032'	1	1	1	1	1	1	0	0	0	0	0.1	1	1
'6140034'	1	1	1	1	1	1	0	0	0	0	0.1	1	1
'6140036'	1	1	1	1	1	1	0	0	0	0	0.1	1	1
'6140038'	1	1	1	1	1	1	0	0	0	0	0.1	1	1
'6140040'	1	1	1	1	1	1	0	0	0	0	0.1	1	1
'6140042'	1	1	1	1	1	1	0	0	0	0	0.1	1	1
'6140044'	1	1	1	1	1	1	0	0	0	0	0.1	1	1
'6140046'	1	1	1	1	1	1	0	0	0	0	0.1	1	1
'6140048'	1	1	1	1	1	1	0	0	0	0	0.1	1	1
'6140050'	1	1	1	1	1	1	0	0	0	0	0.1	1	1
'6140052'	1	1	1	1	1	1	0	0	0	0	0.1	1	1
'6140054'	1	1	1	1	1	1	0	0	0	0	0.1	1	1
'6140056'	1	1	1	1	1	1	0	0	0	0	0.1	1	1
'6140058'	1	1	1	1	1	1	0	0	0	0	0.1	1	1
'6140060'	1	1	1	1	1	1	0	0	0	0	0.1	1	1
'6140062'	1	1	1	1	1	1	0	0	0	0	0.1	1	1
'6140064'	1	1	1	1	1	1	0	0	0	0	0.1	1	1
'6140066'	1	1	1	1	1	1	0	0	0	0	0.1	1	1
'6140068'	1	1	1	1	1	1	0	0	0	0	0.1	1	1
'6140070'	1	1	1	1	1	1	0	0	0	0	0.1	1	1
'6140072'	1	1	1	1	1	1	0	0	0	0	0.1	1	1
'6140074'	1	1	1	1	1	1	0	0	0	0	0.1	1	1
'6140076'	1	1	1	1	1	1	0	0	0	0	0.1	1	1
'6140080'	1	1	1	1	1	1	0	0	0	0	0.1	1	1
'6140082'	1	1	1	1	1	1	0	0	0	0	0.1	1	1
'6140084'	1	1	1	1	1	1	0	0	0	0	0.1	1	1
'6140086'	1	1	1	1	1	1	0	0	0	0	0.1	1	1
'6140088'	1	1	1	1	1	1	0	0	0	0	0.1	1	1
'6140090'	1	1	1	1	1	1	0	0	0	0	0.1	1	1
'6140092'	1	1	1	1	1	1	0	0	0	0	0.1	1	1
'6140094'	1	1	1	1	1	1	0	0	0	0	0.1	1	1
'6140096'	1	1	1	1	1	1	0	0	0	0	0.1	1	1
'6140098'	1	1	1	1	1	1	0	0	0	0	0.1	1	1
'6140100'	1	1	1	1	1	1	0	0	0	0	0.1	1	1
'6140102'	1	1	1	1	1	1	0	0	0	0	0.1	1	1
'6140104'	1	1	1	1	1	1	0	0	0	0	0.1	1	1
'6140106'	1	1	1	1	1	1	0	0	0	0	0.1	1	1
'6140108'	1	1	1	1	1	1	0	0	0	0	0.1	1	1
'6140110'	1	1	1	1	1	1	0	0	0	0	0.1	1	1
'6140112'	1	1	1	1	1	1	0	0	0	0	0.1	1	1
'6140114'	1	1	1	1	1	1	0	0	0	0	0.1	1	1
'6140116'	1	1	1	1	1	1	0	0	0	0	0.1	1	1
'6140118'	1	1	1	1	1	1	0	0	0	0	0.1	1	1
'6140120'	1	1	1	1	1	1	0	0	0	0	0.1	1	1
'6140122'	1	1	1	1	1	1	0	0	0	0	0.1	1	1
'6140124'	1	1	1	1	1	1	0	0	0	0	0.1	1	1
'6140126'	1	1	1	1	1	1	0	0	0	0	0.1	1	1
'6140128'	1	1	1	1	1	1	0	0	0	0	0.1	1	1
'6140130'	1	1	1	1	1	1	0	0	0	0	0.1	1	1
'6140132'	1	1	1	1	1	1	0	0	0	0	0.1	1	1
'6140134'	1	1	1	1	1	1	0	0	0	0	0.1	1	1
'6140274'	1	1	1	1	1	1	0	0	0	0	0.1	1	1
'6140276'	1	1	1	1	1	1	0	0	0	0	0.1	1	1
'6140278'	1	1	1	1	1	1	0	0	0	0	0.1	1	1
'6140280'	1	1	1	1	1	1	0	0	0	0	0.1	1	1
'6140282'	1	1	1	1	1	1	0	0	0	0	0.1	1	1
'6140284'	1	1	1	1	1	1	0	0	0	0	0.1	1	1
'6140286'	1	1	1	1	1	1	0	0	0	0	0.1	1	1
'6140288'	1	1	1	1	1	1	0	0	0	0	0.1	1	1
'6140290'	1	1	1	1	1	1	0	0	0	0	0.1	1	1
'6140292'	1	1	1	1	1	1	0	0	0	0	0.1	1	1
'6140294'	1	1	1	1	1	1	0	0	0	0	0.1	1	1
'6140296'	1	1	1	1	1	1	0	0	0	0	0.1	1	1
'6140298'	1	1	1	1	1	1	0	0	0	0	0.1	1	1
'6140300'	1	1	1	1	1	1	0	0	0	0	0.1	1	1
'6140302'	1	1	1	1	1	1	0	0	0	0	0.1	1	1
'6140304'	1	1	1	1	1	1	0	0	0	0	0.1	1	1
'6140306'	1	1	1	1	1	1	0	0	0	0	0.1	1	1
'6140308'	1	1	1	1	1	1	0	0	0	0	0.1	1	1
'6140310'	1	1	1	1	1	1	0	0	0	0	0.1	1	1
'6140312'	1	1	1	1	1	1	0	0	0	0	0.1	1	1
'6140314'	1	1	1	1	1	1	0	0	0	0	0.1	1	1
'6140316'	1	1	1	1	1	1	0	0	0	0	0.1	1	1
'6140318'	1	1	1	1	1	1	0	0	0	0	0.1	1	1
'6140320'	1	1	1	1	1	1	0	0	0	0	0.1	1	1
'6140322'	1	1	1	1	1	1	0	0	0	0	0.1	1	1
'6140324'	1	1	1	1	1	1	0	0	0	0	0.1	1	1
'6140326'	1	1	1	1	1	1	0	0	0	0	0.1	1	1
'6140328'	1	1	1	1	1	1	0	0	0	0	0.1	1	1
'6140330'	1	1	1	1	1	1	0	0	0	0	0.1	1	1
'6140332'	1	1	1	1	1	1	0	0	0	0	0.1	1	1
'6140336'	1	1	1	1	1	1	0	0	0	0	0.1	1	1
'6140338'	1	1	1	1	1	1	0	0	0	0	0.1	1	1
'6140340'	1	1	1	1	1	1	0	0	0	0	0.1	1	1
'6140342'	1	1	1	1	1	1	0	0	0	0	0.1	1	1
'6140344'	1	1	1	1	1	1	0	0	0	0	0.1	1	1
'6140346'	1	1	1	1	1	1	0	0	0	0	0.1	1	1
'6140348'	1	1	1	1	1	1	0	0	0	0	0.1	1	1
'6140350'	1	1	1	1	1	1	0	0	0	0	0.1	1	1
'6140352'	1	1	1	1	1	1	0	0	0	0	0.1	1	1
'6140356'	1	1	1	1	1	1	0	0	0	0	0.1	1	1
'6140358'	1	1	1	1	1	1	0	0	0	0	0.1	1	1
'6140360'	1	1	1	1	1	1	0	0	0	0	0.1	1	1
'6140362'	1	1	1	1	1	1	0	0	0	0	0.1	1	1
'6140364'	1	1	1	1	1	1	0	0	0	0	0.1	1	1
'6140366'	1	1	1	1	1	1	0	0	0	0	0.1	1	1
'6140368'	1	1	1	1	1	1	0	0	0	0	0.1	1	1
'6140370'	1	1	1	1	1	1	0	0	0	0	0.1	1	1
'6140372'	1	1	1	1	1	1	0	0	0	0	0.1	1	1
'6140374'	1	1	1	1	1	1	0	0	0	0	0.1	1	1
'6140376'	1	1	1	1	1	1	0	0	0	0	0.1	1	1
'6140380'	1	1	1	1	1	1	0	0	0	0	0.1	1	1
'6140382'	1	1	1	1	1	1	0	0	0	0	0.1	1	1
'6140384'	1	1	1	1	1	1	0	0	0	0	0.1	1	1
'6140386'	1	1	1	1	1	1	0	0	0	0	0.1	1	1
'6140388'	1	1	1	1	1	1	0	0	0	0	0.1	1	1
'6140390'	1	1	1	1	1	1	0	0	0	0	0.1	1	1
'6140392'	1	1	1	1	1	1	0	0	0	0	0.1	1	1
'6140394'	1	1	1	1	1	1	0	0	0	0	0.1	1	1
'6140396'	1	1	1	1	1	1	0	0	0	0	0.1	1	1
'6140398'	1	1	1	1	1	1	0	0	0	0	0.1	1	1
'6140402'	1	1	1	1	1	1	0	0	0	0	0.1	1	1
'6140404'	1	1	1	1	1	1	0	0	0	0	0.1	1	1
'6140406'	1	1	1	1	1	1	0	0	0	0	0.1	1	1
'6140408'	1	1	1	1	1	1	0	0	0	0	0.1	1	1
'6140410'	1	1	1	1	1	1	0	0	0	0	0.1	1	1
'6140414'	1	1	1	1	1	1	0	0	0	0	0.1	1	1
'6140416'	1	1	1	1	1	1	0	0	0	0	0.1	1	1
'6140418'	1	1	1	1	1	1	0	0	0	0	0.1	1	1
'6140420'	1	1	1	1	1	1	0	0	0	0	0.1	1	1
'6140422'	1	1	1	1	1	1	0	0	0	0	0.1	1	1
'6140426'	1	1	1	1	1	1	0	0	0	0	0.1	1	1
'6140428'	1	1	1	1	1	1	0	0	0	0	0.1	1	1
'6140430'	1	1	1	1	1	1	0	0	0	0	0.1	1	1
'6140432'	1	1	1	1	1	1	0	0	0	0	0.1	1	1
'6140434'	1	1	1	1	1	1	0	0	0	0	0.1	1	1
'6140436'	1	1	1	1	1	1	0	0	0	0	0.1	1	1
'6140438'	1	1	1	1	1	1	0	0	0	0	0.1	1	1
'6140442'	1	1	1	1	1	1	0	0	0	0	0.1	1	1
'6140444'	1	1	1	1	1	1	0	0	0	0	0.1	1	1
'6140448'	1	1	1	1	1	1	0	0	0	0	0.1	1	1
'6140450'	1	1	1	1	1	1	0	0	0	0	0.1	1	1
'6140452'	1	1	1	1	1	1	0	0	0	0	0.1	1	1
'6140454'	1	1	1	1	1	1	0	0	0	0	0.1	1	1
'6140456'	1	1	1	1	1	1	0	0	0	0	0.1	1	1
'6140458'	1	1	1	1	1	1	0	0	0	0	0.1	1	1
'6140460'	1	1	1	1	1	1	0	0	0	0	0.1	1	1
'6140462'	1	1	1	1	1	1	0	0	0	0	0.1	1	1
'6140464'	1	1	1	1	1	1	0	0	0	0	0.1	1	1
'6140466'	1	1	1	1	1	1	0	0	0	0	0.1	1	1
'6140468'	1	1	1	1	1	1	0	0	0	0	0.1	1	1
'6140470'	1	1	1	1	1	1	0	0	0	0	0.1	1	1
'6140752'	1	1	1	1	1	1	0	0	0	0	0.1	1	1
'6140754'	1	1	1	1	1	1	0	0	0	0	0.1	1	1
'6140758'	1	1	1	1	1	1	0	0	0	0	0.1	1	1
'6140760'	1	1	1	1	1	1	0	0	0	0	0.1	1	1
'6140762'	1	1	1	1	1	1	0	0	0	0	0.1	1	1
'6140764'	1	1	1	1	1	1	0	0	0	0	0.1	1	1
'6140766'	1	1	1	1	1	1	0	0	0	0	0.1	1	1
'6140768'	1	1	1	1	1	1	0	0	0	0	0.1	1	1
'6140770'	1	1	1	1	1	1	0	0	0	0	0.1	1	1
'6140772'	1	1	1	1	1	1	0	0	0	0	0.1	1	1
'6140778'	1	1	1	1	1	1	0	0	0	0	0.1	1	1
'6140780'	1	1	1	1	1	1	0	0	0	0	0.1	1	1
'6140782'	1	1	1	1	1	1	0	0	0	0	0.1	1	1
'6140784'	1	1	1	1	1	1	0	0	0	0	0.1	1	1
'6140786'	1	1	1	1	1	1	0	0	0	0	0.1	1	1
'6140788'	1	1	1	1	1	1	0	0	0	0	0.1	1	1
'6140794'	1	1	1	1	1	1	0	0	0	0	0.1	1	1
'6140796'	1	1	1	1	1	1	0	0	0	0	0.1	1	1
'6140798'	1	1	1	1	1	1	0	0	0	0	0.1	1	1
'6140800'	1	1	1	1	1	1	0	0	0	0	0.1	1	1
'6140804'	1	1	1	1	1	1	0	0	0	0	0.1	1	1
'6140806'	1	1	1	1	1	1	0	0	0	0	0.1	1	1
'6140808'	1	1	1	1	1	1	0	0	0	0	0.1	1	1
'6140810'	1	1	1	1	1	1	0	0	0	0	0.1	1	1
'6140814'	1	1	1	1	1	1	0	0	0	0	0.1	1	1
'6140816'	1	1	1	1	1	1	0	0	0	0	0.1	1	1
'6140818'	1	1	1	1	1	1	0	0	0	0	0.1	1	1
'6140820'	1	1	1	1	1	1	0	0	0	0	0.1	1	1
'6140822'	1	1	1	1	1	1	0	0	0	0	0.1	1	1
'6140826'	1	1	1	1	1	1	0	0	0	0	0.1	1	1
'6140830'	1	1	1	1	1	1	0	0	0	0	0.1	1	1
'6140832'	1	1	1	1	1	1	0	0	0	0	0.1	1	1
'6140834'	1	1	1	1	1	1	0	0	0	0	0.1	1	1
'6140836'	1	1	1	1	1	1	0	0	0	0	0.1	1	1
'6140838'	1	1	1	1	1	1	0	0	0	0	0.1	1	1
'6140842'	1	1	1	1	1	1	0	0	0	0	0.1	1	1
'6140846'	1	1	1	1	1	1	0	0	0	0	0.1	1	1
'6140848'	1	1	1	1	1	1	0	0	0	0	0.1	1	1
'6140852'	1	1	1	1	1	1	0	0	0	0	0.1	1	1
'6140854'	1	1	1	1	1	1	0	0	0	0	0.1	1	1
'6140856'	1	1	1	1	1	1	0	0	0	0	0.1	1	1
'6140858'	1	1	1	1	1	1	0	0	0	0	0.1	1	1
'6140860'	1	1	1	1	1	1	0	0	0	0	0.1	1	1
'6140864'	1	1	1	1	1	1	0	0	0	0	0.1	1	1
'6140866'	1	1	1	1	1	1	0	0	0	0	0.1	1	1
'6140868'	1	1	1	1	1	1	0	0	0	0	0.1	1	1
'6140872'	1	1	1	1	1	1	0	0	0	0	0.1	1	1
'6140874'	1	1	1	1	1	1	0	0	0	0	0.1	1	1
'6140876'	1	1	1	1	1	1	0	0	0	0	0.1	1	1
'6140878'	1	1	1	1	1	1	0	0	0	0	0.1	1	1
'6140880'	1	1	1	1	1	1	0	0	0	0	0.1	1	1
'6140882'	1	1	1	1	1	1	0	0	0	0	0.1	1	1
'6140884'	1	1	1	1	1	1	0	0	0	0	0.1	1	1
'6140886'	1	1	1	1	1	1	0	0	0	0	0.1	1	1
'6140888'	1	1	1	1	1	1	0	0	0	0	0.1	1	1
'6140892'	1	1	1	1	1	1	0	0	0	0	0.1	1	1
'6140894'	1	1	1	1	1	1	0	0	0	0	0.1	1	1
'6140896'	1	1	1	1	1	1	0	0	0	0	0.1	1	1
'6140900'	1	1	1	1	1	1	0	0	0	0	0.1	1	1
'6140902'	1	1	1	1	1	1	0	0	0	0	0.1	1	1
'6140904'	1	1	1	1	1	1	0	0	0	0	0.1	1	1
'6140906'	1	1	1	1	1	1	0	0	0	0	0.1	1	1
'6140908'	1	1	1	1	1	1	0	0	0	0	0.1	1	1
'6140910'	1	1	1	1	1	1	0	0	0	0	0.1	1	1
'6140914'	1	1	1	1	1	1	0	0	0	0	0.1	1	1
'6140916'	1	1	1	1	1	1	0	0	0	0	0.1	1	1
'6140918'	1	1	1	1	1	1	0	0	0	0	0.1	1	1
'6140920'	1	1	1	1	1	1	0	0	0	0	0.1	1	1
'6140924'	1	1	1	1	1	1	0	0	0	0	0.1	1	1
'6140926'	1	1	1	1	1	1	0	0	0	0	0.1	1	1
'6140928'	1	1	1	1	1	1	0	0	0	0	0.1	1	1
'6140930'	1	1	1	1	1	1	0	0	0	0	0.1	1	1
'6140932'	1	1	1	1	1	1	0	0	0	0	0.1	1	1
'6140934'	1	1	1	1	1	1	0	0	0	0	0.1	1	1
'6140938'	1	1	1	1	1	1	0	0	0	0	0.1	1	1
'6140940'	1	1	1	1	1	1	0	0	0	0	0.1	1	1
'6140942'	1	1	1	1	1	1	0	0	0	0	0.1	1	1
'6140944'	1	1	1	1	1	1	0	0	0	0	0.1	1	1
'6140946'	1	1	1	1	1	1	0	0	0	0	0.1	1	1
'6140948'	1	1	1	1	1	1	0	0	0	0	0.1	1	1
'6140952'	1	1	1	1	1	1	0	0	0	0	0.1	1	1
'6141024'	1	1	1	1	1	1	0	0	0	0	0.1	1	1
'6141030'	1	1	1	1	1	1	0	0	0	0	0.1	1	1
'6141032'	1	1	1	1	1	1	0	0	0	0	0.1	1	1
'6141034'	1	1	1	1	1	1	0	0	0	0	0.1	1	1
'6141038'	1	1	1	1	1	1	0	0	0	0	0.1	1	1
'6141042'	1	1	1	1	1	1	0	0	0	0	0.1	1	1
'6141046'	1	1	1	1	1	1	0	0	0	0	0.1	1	1
'6141050'	1	1	1	1	1	1	0	0	0	0	0.1	1	1
'6141054'	1	1	1	1	1	1	0	0	0	0	0.1	1	1
'6141056'	1	1	1	1	1	1	0	0	0	0	0.1	1	1
'6141060'	1	1	1	1	1	1	0	0	0	0	0.1	1	1
'6141062'	1	1	1	1	1	1	0	0	0	0	0.1	1	1
'6141064'	1	1	1	1	1	1	0	0	0	0	0.1	1	1
'6141066'	1	1	1	1	1	1	0	0	0	0	0.1	1	1
'6141070'	1	1	1	1	1	1	0	0	0	0	0.1	1	1
'6141074'	1	1	1	1	1	1	0	0	0	0	0.1	1	1
'6141076'	1	1	1	1	1	1	0	0	0	0	0.1	1	1
'6141084'	1	1	1	1	1	1	0	0	0	0	0.1	1	1
'6141086'	1	1	1	1	1	1	0	0	0	0	0.1	1	1
'6141090'	1	1	1	1	1	1	0	0	0	0	0.1	1	1
'6141100'	1	1	1	1	1	1	0	0	0	0	0.1	1	1
'6141104'	1	1	1	1	1	1	0	0	0	0	0.1	1	1
'6141106'	1	1	1	1	1	1	0	0	0	0	0.1	1	1
'6141108'	1	1	1	1	1	1	0	0	0	0	0.1	1	1
'6141110'	1	1	1	1	1	1	0	0	0	0	0.1	1	1
'6141112'	1	1	1	1	1	1	0	0	0	0	0.1	1	1
'6141126'	1	1	1	1	1	1	0	0	0	0	0.1	1	1
'6141128'	1	1	1	1	1	1	0	0	0	0	0.1	1	1
'6141130'	1	1	1	1	1	1	0	0	0	0	0.1	1	1
'6141148'	1	1	1	1	1	1	0	0	0	0	0.1	1	1
'6141150'	1	1	1	1	1	1	0	0	0	0	0.1	1	1
'6141152'	1	1	1	1	1	1	0	0	0	0	0.1	1	1
'6141154'	1	1	1	1	1	1	0	0	0	0	0.1	1	1
'6141170'	1	1	1	1	1	1	0	0	0	0	0.1	1	1
'6141176'	1	1	1	1	1	1	0	0	0	0	0.1	1	1
'6141178'	1	1	1	1	1	1	0	0	0	0	0.1	1	1
'6141180'	1	1	1	1	1	1	0	0	0	0	0.1	1	1
'6141184'	1	1	1	1	1	1	0	0	0	0	0.1	1	1
'6141188'	1	1	1	1	1	1	0	0	0	0	0.1	1	1
'6141196'	1	1	1	1	1	1	0	0	0	0	0.1	1	1
'6141208'	1	1	1	1	1	1	0	0	0	0	0.1	1	1
'6141210'	1	1	1	1	1	1	0	0	0	0	0.1	1	1
'6141214'	1	1	1	1	1	1	0	0	0	0	0.1	1	1
'6141218'	1	1	1	1	1	1	0	0	0	0	0.1	1	1
'6141220'	1	1	1	1	1	1	0	0	0	0	0.1	1	1
'6141228'	1	1	1	1	1	1	0	0	0	0	0.1	1	1
'6141270'	1	1	1	1	1	1	0	0	0	0	0.1	1	1
'6141274'	1	1	1	1	1	1	0	0	0	0	0.1	1	1
'6141306'	1	1	1	1	1	1	0	0	0	0	0.1	1	1
'6141308'	1	1	1	1	1	1	0	0	0	0	0.1	1	1
'6141310'	1	1	1	1	1	1	0	0	0	0	0.1	1	1
'6141312'	1	1	1	1	1	1	0	0	0	0	0.1	1	1
'6142038'	1	1	1	1	1	1	0	0	0	0	0.1	1	1
;

param septic_bmp_implementationpotential: 'none' :=
'166174961'	0
'166174962'	0
'166174963'	0
'166174966'	0
'24978249'	0
'6139942'	0
'6139944'	0
'6139946'	0
'6139948'	0
'6139950'	0
'6139952'	0
'6139954'	0
'6139956'	0
'6139958'	0
'6139960'	0
'6139964'	0
'6139966'	0
'6139968'	0
'6139970'	0
'6139972'	0
'6139974'	0
'6139976'	0
'6139978'	0
'6139980'	0
'6139982'	0
'6139988'	0
'6139990'	0
'6139992'	0
'6139994'	0
'6139996'	0
'6139998'	0
'6140000'	0
'6140002'	0
'6140004'	0
'6140008'	0
'6140010'	0
'6140012'	0
'6140014'	0
'6140016'	0
'6140018'	0
'6140020'	0
'6140022'	0
'6140024'	0
'6140026'	0
'6140028'	0
'6140030'	0
'6140032'	0
'6140034'	0
'6140036'	0
'6140038'	0
'6140040'	0
'6140042'	0
'6140044'	0
'6140046'	0
'6140048'	0
'6140050'	0
'6140052'	0
'6140054'	0
'6140056'	0
'6140058'	0
'6140060'	0
'6140062'	0
'6140064'	0
'6140066'	0
'6140068'	0
'6140070'	0
'6140072'	0
'6140074'	0
'6140076'	0
'6140080'	0
'6140082'	0
'6140084'	0
'6140086'	0
'6140088'	0
'6140090'	0
'6140092'	0
'6140094'	0
'6140096'	0
'6140098'	0
'6140100'	0
'6140102'	0
'6140104'	0
'6140106'	0
'6140108'	0
'6140110'	0
'6140112'	0
'6140114'	0
'6140116'	0
'6140118'	0
'6140120'	0
'6140122'	0
'6140124'	0
'6140126'	0
'6140128'	0
'6140130'	0
'6140132'	0
'6140134'	0
'6140274'	0
'6140276'	0
'6140278'	0
'6140280'	0
'6140282'	0
'6140284'	0
'6140286'	0
'6140288'	0
'6140290'	0
'6140292'	0
'6140294'	0
'6140296'	0
'6140298'	0
'6140300'	0
'6140302'	0
'6140304'	0
'6140306'	0
'6140308'	0
'6140310'	0
'6140312'	0
'6140314'	0
'6140316'	0
'6140318'	0
'6140320'	0
'6140322'	0
'6140324'	0
'6140326'	0
'6140328'	0
'6140330'	0
'6140332'	0
'6140336'	0
'6140338'	0
'6140340'	0
'6140342'	0
'6140344'	0
'6140346'	0
'6140348'	0
'6140350'	0
'6140352'	0
'6140356'	0
'6140358'	0
'6140360'	0
'6140362'	0
'6140364'	0
'6140366'	0
'6140368'	0
'6140370'	0
'6140372'	0
'6140374'	0
'6140376'	0
'6140380'	0
'6140382'	0
'6140384'	0
'6140386'	0
'6140388'	0
'6140390'	0
'6140392'	0
'6140394'	0
'6140396'	0
'6140398'	0
'6140402'	0
'6140404'	0
'6140406'	0
'6140408'	0
'6140410'	0
'6140414'	0
'6140416'	0
'6140418'	0
'6140420'	0
'6140422'	0
'6140426'	0
'6140428'	0
'6140430'	0
'6140432'	0
'6140434'	0
'6140436'	0
'6140438'	0
'6140442'	0
'6140444'	0
'6140448'	0
'6140450'	0
'6140452'	0
'6140454'	0
'6140456'	0
'6140458'	0
'6140460'	0
'6140462'	0
'6140464'	0
'6140466'	0
'6140468'	0
'6140470'	0
'6140752'	0
'6140754'	0
'6140758'	0
'6140760'	0
'6140762'	0
'6140764'	0
'6140766'	0
'6140768'	0
'6140770'	0
'6140772'	0
'6140778'	0
'6140780'	0
'6140782'	0
'6140784'	0
'6140786'	0
'6140788'	0
'6140794'	0
'6140796'	0
'6140798'	0
'6140800'	0
'6140804'	0
'6140806'	0
'6140808'	0
'6140810'	0
'6140814'	0
'6140816'	0
'6140818'	0
'6140820'	0
'6140822'	0
'6140826'	0
'6140830'	0
'6140832'	0
'6140834'	0
'6140836'	0
'6140838'	0
'6140842'	0
'6140846'	0
'6140848'	0
'6140852'	0
'6140854'	0
'6140856'	0
'6140858'	0
'6140860'	0
'6140864'	0
'6140866'	0
'6140868'	0
'6140872'	0
'6140874'	0
'6140876'	0
'6140878'	0
'6140880'	0
'6140882'	0
'6140884'	0
'6140886'	0
'6140888'	0
'6140892'	0
'6140894'	0
'6140896'	0
'6140900'	0
'6140902'	0
'6140904'	0
'6140906'	0
'6140908'	0
'6140910'	0
'6140914'	0
'6140916'	0
'6140918'	0
'6140920'	0
'6140924'	0
'6140926'	0
'6140928'	0
'6140930'	0
'6140932'	0
'6140934'	0
'6140938'	0
'6140940'	0
'6140942'	0
'6140944'	0
'6140946'	0
'6140948'	0
'6140952'	0
'6141024'	0
'6141030'	0
'6141032'	0
'6141034'	0
'6141038'	0
'6141042'	0
'6141046'	0
'6141050'	0
'6141054'	0
'6141056'	0
'6141060'	0
'6141062'	0
'6141064'	0
'6141066'	0
'6141070'	0
'6141074'	0
'6141076'	0
'6141084'	0
'6141086'	0
'6141090'	0
'6141100'	0
'6141104'	0
'6141106'	0
'6141108'	0
'6141110'	0
'6141112'	0
'6141126'	0
'6141128'	0
'6141130'	0
'6141148'	0
'6141150'	0
'6141152'	0
'6141154'	0
'6141170'	0
'6141176'	0
'6141178'	0
'6141180'	0
'6141184'	0
'6141188'	0
'6141196'	0
'6141208'	0
'6141210'	0
'6141214'	0
'6141218'	0
'6141220'	0
'6141228'	0
'6141270'	0
'6141274'	0
'6141306'	0
'6141308'	0
'6141310'	0
'6141312'	0
'6142038'	0
;

param unbuffered_banklength : 'Grassed_Buffer'    'Forested_Buffer' :=
'166174961'	0	0
'166174962'	0	0
'166174963'	2239.54781242895	2239.54781242895
'166174966'	5745.39649079298	5745.39649079298
'24978249'	0	0
'6139942'	6040.51708103411	6040.51708103411
'6139944'	7320.30297393925	7320.30297393925
'6139946'	26562.7131254262	26562.7131254262
'6139948'	0	0
'6139950'	0	0
'6139952'	2193.15105296877	2193.15105296877
'6139954'	0	0
'6139956'	0	0
'6139958'	0	0
'6139960'	0	0
'6139964'	0	0
'6139966'	0	0
'6139968'	0	0
'6139970'	0	0
'6139972'	0	0
'6139974'	0	0
'6139976'	0	0
'6139978'	0	0
'6139980'	0	0
'6139982'	0	0
'6139988'	0	0
'6139990'	0	0
'6139992'	0	0
'6139994'	0	0
'6139996'	0	0
'6139998'	0	0
'6140000'	0	0
'6140002'	0	0
'6140004'	0	0
'6140008'	0	0
'6140010'	0	0
'6140012'	0	0
'6140014'	0	0
'6140016'	0	0
'6140018'	0	0
'6140020'	0	0
'6140022'	0	0
'6140024'	0	0
'6140026'	0	0
'6140028'	0	0
'6140030'	0	0
'6140032'	830.594994523301	830.594994523301
'6140034'	0	0
'6140036'	6849.3086986174	6849.3086986174
'6140038'	0	0
'6140040'	0	0
'6140042'	0	0
'6140044'	0	0
'6140046'	0	0
'6140048'	0	0
'6140050'	0	0
'6140052'	10577.8411556823	10577.8411556823
'6140054'	0	0
'6140056'	0	0
'6140058'	0	0
'6140060'	0	0
'6140062'	0	0
'6140064'	0	0
'6140066'	2414.6981627297	2414.6981627297
'6140068'	726.7447868229	726.7447868229
'6140070'	0	0
'6140072'	0	0
'6140074'	0	0
'6140076'	129.321925310517	129.321925310517
'6140080'	0	0
'6140082'	0	0
'6140084'	0	0
'6140086'	0	0
'6140088'	0	0
'6140090'	0	0
'6140092'	0	0
'6140094'	0	0
'6140096'	0	0
'6140098'	0	0
'6140100'	0	0
'6140102'	0	0
'6140104'	0	0
'6140106'	3619.25723851447	3619.25723851447
'6140108'	7969.03093806192	7969.03093806192
'6140110'	0	0
'6140112'	0	0
'6140114'	0	0
'6140116'	0	0
'6140118'	5500.702668072	5500.702668072
'6140120'	0	0
'6140122'	0	0
'6140124'	0	0
'6140126'	0	0
'6140128'	0	0
'6140130'	0	0
'6140132'	0	0
'6140134'	0	0
'6140274'	19715.9360985388	19715.9360985388
'6140276'	12304.4412755493	14241.945150557
'6140278'	0	0
'6140280'	0	0
'6140282'	0	0
'6140284'	0	0
'6140286'	0	0
'6140288'	0	0
'6140290'	0	0
'6140292'	0	0
'6140294'	0	0
'6140296'	30598.6628639924	30695.5380577428
'6140298'	0	0
'6140300'	0	0
'6140302'	0	0
'6140304'	0	0
'6140306'	0	0
'6140308'	0	0
'6140310'	0	0
'6140312'	32449.0565647798	32449.0565647798
'6140314'	0	0
'6140316'	0	0
'6140318'	0	0
'6140320'	0	0
'6140322'	0	0
'6140324'	0	0
'6140326'	597.57786182239	597.57786182239
'6140328'	0	0
'6140330'	0	0
'6140332'	0	0
'6140336'	0	0
'6140338'	2586.12850559034	2586.12850559034
'6140340'	0	0
'6140342'	609.87455308244	609.87455308244
'6140344'	998.925331183993	998.925331183993
'6140346'	0	0
'6140348'	3715.66743133487	3715.66743133487
'6140350'	0	0
'6140352'	0	0
'6140356'	0	0
'6140358'	0	0
'6140360'	0	0
'6140362'	0	0
'6140364'	0	0
'6140366'	0	0
'6140368'	0	0
'6140370'	0	0
'6140372'	0	0
'6140374'	0	0
'6140376'	0	0
'6140380'	0	0
'6140382'	0	0
'6140384'	0	0
'6140386'	0	0
'6140388'	0	0
'6140390'	0	0
'6140392'	0	0
'6140394'	0	0
'6140396'	0	0
'6140398'	0	0
'6140402'	0	0
'6140404'	0	0
'6140406'	0	0
'6140408'	0	0
'6140410'	0	0
'6140414'	641.132948932564	738.008142682952
'6140416'	706.85308037283	706.85308037283
'6140418'	0	0
'6140420'	0	0
'6140422'	0	0
'6140426'	0	0
'6140428'	0	0
'6140430'	0	0
'6140432'	0	0
'6140434'	11917.5605017877	11917.5605017877
'6140436'	714.49976233286	714.49976233286
'6140438'	0	0
'6140442'	0	0
'6140444'	0	0
'6140448'	0	0
'6140450'	1217.47576828487	1217.47576828487
'6140452'	1695.65172463679	1889.40211213756
'6140454'	940.696881393765	940.696881393765
'6140456'	0	0
'6140458'	0	0
'6140460'	1628.84659102651	1628.84659102651
'6140462'	1436.38787277574	1436.38787277574
'6140464'	0	0
'6140466'	0	0
'6140468'	0	0
'6140470'	0	0
'6140752'	0	0
'6140754'	0	0
'6140758'	0	0
'6140760'	0	0
'6140762'	0	0
'6140764'	0	0
'6140766'	0	0
'6140768'	3549.66209932416	3549.66209932416
'6140770'	10142.3936181205	10142.3936181205
'6140772'	0	0
'6140778'	0	0
'6140780'	5035.59840453017	5035.59840453017
'6140782'	0	0
'6140784'	0	0
'6140786'	16716.0600987868	16716.0600987868
'6140788'	13405.4601442536	13405.4601442536
'6140794'	0	0
'6140796'	23408.0434827536	23601.7938702544
'6140798'	0	0
'6140800'	0	0
'6140804'	12697.8320623308	12794.7072560812
'6140806'	14825.2113170893	14825.2113170893
'6140808'	0	0
'6140810'	2714.26209519086	2714.26209519086
'6140814'	3161.85132370264	3161.85132370264
'6140816'	0	0
'6140818'	6967.47060160785	6967.47060160785
'6140820'	27123.1942463885	27607.5702151404
'6140822'	3564.18046169425	3564.18046169425
'6140826'	20038.3367433402	20038.3367433402
'6140830'	0	0
'6140832'	8534.67873602414	8825.3043172753
'6140834'	15742.296484593	15742.296484593
'6140836'	5466.18926571184	5466.18926571184
'6140838'	6605.44154421642	6605.44154421642
'6140842'	0	0
'6140846'	4964.14326161987	4964.14326161987
'6140848'	7666.78033356066	7666.78033356066
'6140852'	0	0
'6140854'	9024.89304978605	9024.89304978605
'6140856'	0	0
'6140858'	8619.46390559444	8619.46390559444
'6140860'	6321.37764275529	6321.37764275529
'6140864'	2083.97916795834	2083.97916795834
'6140866'	0	0
'6140868'	0	0
'6140872'	0	0
'6140874'	14414.9254965176	14414.9254965176
'6140876'	9989.97664661993	9989.97664661993
'6140878'	4872.38307809949	4872.38307809949
'6140880'	3169.39467212268	3169.39467212268
'6140882'	1128.24725649451	1128.24725649451
'6140884'	0	0
'6140886'	0	0
'6140888'	1119.05057143448	1119.05057143448
'6140892'	0	0
'6140894'	0	0
'6140896'	9349.87703308742	9349.87703308742
'6140900'	13366.1933990535	13366.1933990535
'6140902'	16516.781366896	16516.781366896
'6140904'	4800.10126686917	4800.10126686917
'6140906'	12977.1942877219	12977.1942877219
'6140908'	13440.6968813937	13440.6968813937
'6140910'	1049.8687664042	1049.8687664042
'6140914'	16707.5867485068	16707.5867485068
'6140916'	3552.96877260421	3552.96877260421
'6140918'	13764.9575299151	13764.9575299151
'6140920'	7632.26693120054	7632.26693120054
'6140924'	661.64465662265	661.64465662265
'6140926'	0	0
'6140928'	0	0
'6140930'	13013.464360262	13013.464360262
'6140932'	7057.73244879823	7057.73244879823
'6140934'	8195.53805774278	8195.53805774278
'6140938'	7967.99760266189	7967.99760266189
'6140940'	0	0
'6140942'	803.624940583215	803.624940583215
'6140944'	5126.2219191105	5126.2219191105
'6140946'	16253.280839895	16253.280839895
'6140948'	0	0
'6140952'	11017.0603674541	11017.0603674541
'6141024'	0	0
'6141030'	0	0
'6141032'	0	0
'6141034'	0	0
'6141038'	0	0
'6141042'	0	0
'6141046'	0	0
'6141050'	10776.8098869531	10776.8098869531
'6141054'	0	0
'6141056'	0	0
'6141060'	0	0
'6141062'	0	0
'6141064'	0	0
'6141066'	0	0
'6141070'	0	0
'6141074'	0	0
'6141076'	0	0
'6141084'	0	0
'6141086'	0	0
'6141090'	0	0
'6141100'	0	0
'6141104'	0	0
'6141106'	0	0
'6141108'	0	0
'6141110'	0	0
'6141112'	0	0
'6141126'	0	0
'6141128'	0	0
'6141130'	0	0
'6141148'	0	0
'6141150'	0	0
'6141152'	0	0
'6141154'	0	0
'6141170'	0	0
'6141176'	0	0
'6141178'	0	0
'6141180'	541.984417302167	735.734804802942
'6141184'	285.252237171141	285.252237171141
'6141188'	1290.48091429516	1290.48091429516
'6141196'	7075.14415028829	7075.14415028829
'6141208'	2149.9576332486	2343.70802074937
'6141210'	24813.0179593693	27428.6481906297
'6141214'	15721.5781098229	18821.5843098353
'6141218'	0	0
'6141220'	0	0
'6141228'	0	0
'6141270'	0	0
'6141274'	0	0
'6141306'	0	0
'6141308'	0	0
'6141310'	0	0
'6141312'	0	0
'6142038'	3440.64521462376	4021.89637712609
;

param total_banklength :=
'166174961'	0
'166174962'	0
'166174963'	3595.80052493438
'166174966'	6811.02362204724
'24978249'	0
'6139942'	10787.4015748031
'6139944'	10032.8083989501
'6139946'	30728.3464566929
'6139948'	0
'6139950'	0
'6139952'	2290.02624671916
'6139954'	0
'6139956'	0
'6139958'	0
'6139960'	0
'6139964'	0
'6139966'	0
'6139968'	0
'6139970'	0
'6139972'	0
'6139974'	0
'6139976'	0
'6139978'	0
'6139980'	0
'6139982'	0
'6139988'	0
'6139990'	0
'6139992'	0
'6139994'	0
'6139996'	0
'6139998'	0
'6140000'	0
'6140002'	0
'6140004'	0
'6140008'	0
'6140010'	0
'6140012'	0
'6140014'	0
'6140016'	0
'6140018'	0
'6140020'	0
'6140022'	0
'6140024'	0
'6140026'	0
'6140028'	0
'6140030'	0
'6140032'	12552.4934383202
'6140034'	0
'6140036'	20314.9606299213
'6140038'	0
'6140040'	0
'6140042'	0
'6140044'	0
'6140046'	0
'6140048'	0
'6140050'	0
'6140052'	17165.3543307087
'6140054'	0
'6140056'	0
'6140058'	0
'6140060'	0
'6140062'	0
'6140064'	0
'6140066'	14717.8477690289
'6140068'	5958.00524934383
'6140070'	0
'6140072'	0
'6140074'	0
'6140076'	419.94750656168
'6140080'	0
'6140082'	0
'6140084'	0
'6140086'	0
'6140088'	0
'6140090'	0
'6140092'	0
'6140094'	0
'6140096'	0
'6140098'	0
'6140100'	0
'6140102'	0
'6140104'	0
'6140106'	8366.14173228346
'6140108'	15137.7952755906
'6140110'	0
'6140112'	0
'6140114'	0
'6140116'	0
'6140118'	6856.95538057743
'6140120'	0
'6140122'	0
'6140124'	0
'6140126'	0
'6140128'	0
'6140130'	0
'6140132'	0
'6140134'	0
'6140274'	20006.56167979
'6140276'	26738.845144357
'6140278'	0
'6140280'	0
'6140282'	0
'6140284'	0
'6140286'	0
'6140288'	0
'6140290'	0
'6140292'	0
'6140294'	0
'6140296'	42998.687664042
'6140298'	0
'6140300'	0
'6140302'	0
'6140304'	0
'6140306'	0
'6140308'	0
'6140310'	0
'6140312'	32545.9317585302
'6140314'	0
'6140316'	0
'6140318'	0
'6140320'	0
'6140322'	0
'6140324'	0
'6140326'	1856.95538057743
'6140328'	0
'6140330'	0
'6140332'	0
'6140336'	0
'6140338'	3458.00524934383
'6140340'	0
'6140342'	997.37532808399
'6140344'	1095.80052493438
'6140346'	0
'6140348'	7106.29921259843
'6140350'	0
'6140352'	0
'6140356'	0
'6140358'	0
'6140360'	0
'6140362'	0
'6140364'	0
'6140366'	0
'6140368'	0
'6140370'	0
'6140372'	0
'6140374'	0
'6140376'	0
'6140380'	0
'6140382'	0
'6140384'	0
'6140386'	0
'6140388'	0
'6140390'	0
'6140392'	0
'6140394'	0
'6140396'	0
'6140398'	0
'6140402'	0
'6140404'	0
'6140406'	0
'6140408'	0
'6140410'	0
'6140414'	931.758530183727
'6140416'	2644.35695538058
'6140418'	0
'6140420'	0
'6140422'	0
'6140426'	0
'6140428'	7473.7532808399
'6140430'	0
'6140432'	0
'6140434'	12014.4356955381
'6140436'	1489.50131233596
'6140438'	2828.08398950131
'6140442'	0
'6140444'	0
'6140448'	0
'6140450'	2670.60367454068
'6140452'	2276.90288713911
'6140454'	1909.44881889764
'6140456'	0
'6140458'	0
'6140460'	1725.7217847769
'6140462'	3858.26771653543
'6140464'	0
'6140466'	0
'6140468'	0
'6140470'	0
'6140752'	0
'6140754'	0
'6140758'	0
'6140760'	0
'6140762'	0
'6140764'	0
'6140766'	0
'6140768'	12559.0551181102
'6140770'	15761.154855643
'6140772'	0
'6140778'	0
'6140780'	12591.8635170604
'6140782'	0
'6140784'	0
'6140786'	41128.6089238845
'6140788'	31036.7454068241
'6140794'	0
'6140796'	32998.687664042
'6140798'	0
'6140800'	0
'6140804'	22191.6010498688
'6140806'	15793.9632545932
'6140808'	0
'6140810'	3392.38845144357
'6140814'	7618.11023622047
'6140816'	0
'6140818'	15104.9868766404
'6140820'	44173.2283464567
'6140822'	4048.55643044619
'6140826'	28175.8530183727
'6140830'	0
'6140832'	24809.7112860892
'6140834'	16614.1732283465
'6140836'	10406.8241469816
'6140838'	8930.44619422572
'6140842'	0
'6140846'	11745.406824147
'6140848'	8248.03149606299
'6140852'	0
'6140854'	13287.4015748031
'6140856'	0
'6140858'	16660.1049868766
'6140860'	8937.00787401575
'6140864'	3149.6062992126
'6140866'	0
'6140868'	0
'6140872'	0
'6140874'	15577.4278215223
'6140876'	10183.7270341207
'6140878'	13300.5249343832
'6140880'	4816.27296587927
'6140882'	1515.74803149606
'6140884'	0
'6140886'	0
'6140888'	2572.17847769029
'6140892'	0
'6140894'	0
'6140896'	13418.6351706037
'6140900'	20341.2073490814
'6140902'	20682.4146981627
'6140904'	11581.3648293963
'6140906'	14914.6981627297
'6140908'	14409.4488188976
'6140910'	1049.8687664042
'6140914'	16804.4619422572
'6140916'	3746.71916010499
'6140918'	15314.9606299213
'6140920'	11797.9002624672
'6140924'	1824.1469816273
'6140926'	0
'6140928'	0
'6140930'	14757.217847769
'6140932'	8123.35958005249
'6140934'	8195.53805774278
'6140938'	10971.1286089239
'6140940'	0
'6140942'	997.37532808399
'6140944'	5223.09711286089
'6140946'	16253.280839895
'6140948'	0
'6140952'	11017.0603674541
'6141024'	0
'6141030'	0
'6141032'	0
'6141034'	0
'6141038'	0
'6141042'	0
'6141046'	0
'6141050'	20367.4540682415
'6141054'	0
'6141056'	0
'6141060'	0
'6141062'	0
'6141064'	0
'6141066'	0
'6141070'	0
'6141074'	0
'6141076'	0
'6141084'	0
'6141086'	0
'6141090'	0
'6141100'	0
'6141104'	0
'6141106'	0
'6141108'	0
'6141110'	0
'6141112'	0
'6141126'	0
'6141128'	0
'6141130'	0
'6141148'	0
'6141150'	0
'6141152'	0
'6141154'	0
'6141170'	0
'6141176'	0
'6141178'	0
'6141180'	1607.61154855643
'6141184'	479.002624671916
'6141188'	3615.48556430446
'6141196'	8818.89763779527
'6141208'	2828.08398950131
'6141210'	28300.5249343832
'6141214'	24730.9711286089
'6141218'	0
'6141220'	4402.88713910761
'6141228'	0
'6141270'	0
'6141274'	0
'6141306'	0
'6141308'	0
'6141310'	0
'6141312'	0
'6142038'	9737.53280839895
;

param ag_effic_N : 'Conservation'  'Contour_Farming'  'Filterstrip'  'MIN_TILL'  'Ponds'  'Terrace_Waterway'  'Terrace_Only'  'Waterway_Only'  'Fert_20'  'Manure_Injection'  'Cover_crops' :=	
'6139942'	0.016050341769776	0.04874546174762	0.538987546660088	0.0894042225002596	0.254966274211909	0.425117673183595	0.16533104271158	0.349936700435388	0.2	0.12	0.628
'6139944'	-999	-999	-999	-999	-999	-999	-999	0.418449370866168	0.2	0.12	0.628
'6139946'	-999	-999	-999	-999	-999	-999	-999	0.418449370866168	0.2	0.12	0.628
'6139948'	-999	-999	-999	-999	-999	-999	-999	-999	0.2	0.12	-999
'6139950'	-999	-999	-999	-999	-999	-999	-999	-999	0.2	0.12	-999
'6139952'	-999	-999	-999	-999	-999	-999	-999	0.418449370866168	0.2	0.12	0.628
'6139954'	-999	-999	-999	-999	-999	-999	-999	-999	0.2	0.12	-999
'6139956'	-999	-999	-999	-999	-999	-999	-999	-999	0.2	0.12	-999
'6139958'	-999	-999	-999	-999	-999	-999	-999	-999	0.2	0.12	-999
'6139960'	-999	-999	-999	-999	-999	-999	-999	-999	0.2	0.12	-999
'6139964'	-999	-999	-999	-999	-999	-999	-999	-999	0.2	0.12	-999
'6139966'	-999	-999	-999	-999	-999	-999	-999	-999	0.2	0.12	-999
'6139968'	-999	-999	-999	-999	-999	-999	-999	-999	0.2	0.12	-999
'6139970'	-999	-999	-999	-999	-999	-999	-999	-999	0.2	0.12	-999
'6139972'	-999	-999	-999	-999	-999	-999	-999	-999	0.2	0.12	-999
'6139974'	-999	-999	-999	-999	-999	-999	-999	-999	0.2	0.12	-999
'6139976'	-999	-999	-999	-999	-999	-999	-999	-999	0.2	0.12	-999
'6139978'	-999	-999	-999	-999	-999	-999	-999	-999	0.2	0.12	-999
'6139980'	-999	-999	-999	-999	-999	-999	-999	-999	0.2	0.12	-999
'6139982'	-999	-999	-999	-999	-999	-999	-999	-999	0.2	0.12	-999
'6139988'	-999	-999	-999	-999	-999	-999	-999	-999	0.2	0.12	-999
'6139990'	-999	-999	-999	-999	-999	-999	-999	-999	0.2	0.12	-999
'6139992'	-999	-999	-999	-999	-999	-999	-999	-999	0.2	0.12	-999
'6139994'	-999	-999	-999	-999	-999	-999	-999	-999	0.2	0.12	-999
'6139996'	-999	-999	-999	-999	-999	-999	-999	-999	0.2	0.12	-999
'6139998'	-999	-999	-999	-999	-999	-999	-999	-999	0.2	0.12	-999
'6140000'	-999	-999	-999	-999	-999	-999	-999	-999	0.2	0.12	-999
'6140002'	-999	-999	-999	-999	-999	-999	-999	-999	0.2	0.12	-999
'6140004'	-999	-999	-999	-999	-999	-999	-999	-999	0.2	0.12	-999
'6140008'	-999	-999	-999	-999	-999	-999	-999	-999	0.2	0.12	-999
'6140010'	-999	-999	-999	-999	-999	-999	-999	-999	0.2	0.12	-999
'6140012'	-999	-999	-999	-999	-999	-999	-999	-999	0.2	0.12	-999
'6140014'	-999	-999	-999	-999	-999	-999	-999	-999	0.2	0.12	-999
'6140016'	-999	-999	-999	-999	-999	-999	-999	-999	0.2	0.12	-999
'6140018'	-999	-999	-999	-999	-999	-999	-999	-999	0.2	0.12	-999
'6140020'	-999	-999	-999	-999	-999	-999	-999	-999	0.2	0.12	-999
'6140022'	-999	-999	-999	-999	-999	-999	-999	-999	0.2	0.12	-999
'6140024'	-999	-999	-999	-999	-999	-999	-999	-999	0.2	0.12	-999
'6140026'	-999	-999	-999	-999	-999	-999	-999	-999	0.2	0.12	-999
'6140028'	-999	-999	-999	-999	-999	-999	-999	-999	0.2	0.12	-999
'6140030'	-999	-999	-999	-999	-999	-999	-999	-999	0.2	0.12	-999
'6140032'	-999	-999	-999	-999	-999	-999	-999	0.418449370866168	0.2	0.12	0.628
'6140034'	-999	-999	-999	-999	-999	-999	-999	-999	0.2	0.12	-999
'6140036'	-999	-999	-999	-999	-999	-999	-999	0.418449370866168	0.2	0.12	0.628
'6140038'	-999	-999	-999	-999	-999	-999	-999	-999	0.2	0.12	-999
'6140040'	-999	-999	-999	-999	-999	-999	-999	-999	0.2	0.12	-999
'6140042'	-999	-999	-999	-999	-999	-999	-999	-999	0.2	0.12	-999
'6140044'	-999	-999	-999	-999	-999	-999	-999	-999	0.2	0.12	-999
'6140046'	-999	-999	-999	-999	-999	-999	-999	-999	0.2	0.12	-999
'6140048'	-999	-999	-999	-999	-999	-999	-999	-999	0.2	0.12	-999
'6140050'	-999	-999	-999	-999	-999	-999	-999	-999	0.2	0.12	-999
'6140052'	-999	-999	-999	-999	-999	-999	-999	0.418449370866168	0.2	0.12	0.628
'6140054'	-999	-999	-999	-999	-999	-999	-999	-999	0.2	0.12	-999
'6140056'	-999	-999	-999	-999	-999	-999	-999	-999	0.2	0.12	-999
'6140058'	-999	-999	-999	-999	-999	-999	-999	-999	0.2	0.12	-999
'6140060'	-999	-999	-999	-999	-999	-999	-999	-999	0.2	0.12	-999
'6140062'	-999	-999	-999	-999	-999	-999	-999	-999	0.2	0.12	-999
'6140064'	-999	-999	-999	-999	-999	-999	-999	-999	0.2	0.12	-999
'6140066'	-999	-999	-999	-999	-999	-999	-999	0.418449370866168	0.2	0.12	0.628
'6140068'	-999	-999	-999	-999	-999	-999	-999	0.418449370866168	0.2	0.12	0.628
'6140070'	-999	-999	-999	-999	-999	-999	-999	-999	0.2	0.12	-999
'6140072'	-999	-999	-999	-999	-999	-999	-999	-999	0.2	0.12	-999
'6140074'	-999	-999	-999	-999	-999	-999	-999	-999	0.2	0.12	-999
'6140076'	-999	-999	-999	-999	-999	-999	-999	0.418449370866168	0.2	0.12	0.628
'6140080'	-999	-999	-999	-999	-999	-999	-999	-999	0.2	0.12	-999
'6140082'	-999	-999	-999	-999	-999	-999	-999	-999	0.2	0.12	-999
'6140084'	-999	-999	-999	-999	-999	-999	-999	-999	0.2	0.12	-999
'6140086'	-999	-999	-999	-999	-999	-999	-999	-999	0.2	0.12	-999
'6140088'	-999	-999	-999	-999	-999	-999	-999	-999	0.2	0.12	-999
'6140090'	-999	-999	-999	-999	-999	-999	-999	-999	0.2	0.12	-999
'6140092'	-999	-999	-999	-999	-999	-999	-999	-999	0.2	0.12	-999
'6140094'	-999	-999	-999	-999	-999	-999	-999	-999	0.2	0.12	-999
'6140096'	-999	-999	-999	-999	-999	-999	-999	-999	0.2	0.12	-999
'6140098'	-999	-999	-999	-999	-999	-999	-999	-999	0.2	0.12	-999
'6140100'	-999	-999	-999	-999	-999	-999	-999	-999	0.2	0.12	-999
'6140102'	-999	-999	-999	-999	-999	-999	-999	-999	0.2	0.12	-999
'6140104'	-999	-999	-999	-999	-999	-999	-999	-999	0.2	0.12	-999
'6140106'	-999	-999	-999	-999	-999	-999	-999	0.418449370866168	0.2	0.12	0.628
'6140108'	-999	-999	-999	-999	-999	-999	-999	0.418449370866168	0.2	0.12	0.628
'6140110'	-999	-999	-999	-999	-999	-999	-999	-999	0.2	0.12	-999
'6140112'	-999	-999	-999	-999	-999	-999	-999	-999	0.2	0.12	-999
'6140114'	-999	-999	-999	-999	-999	-999	-999	-999	0.2	0.12	-999
'6140116'	-999	-999	-999	-999	-999	-999	-999	-999	0.2	0.12	-999
'6140118'	-999	-999	-999	-999	-999	-999	-999	0.418449370866168	0.2	0.12	0.628
'6140120'	-999	-999	-999	-999	-999	-999	-999	-999	0.2	0.12	-999
'6140122'	-999	-999	-999	-999	-999	-999	-999	-999	0.2	0.12	-999
'6140124'	-999	-999	-999	-999	-999	-999	-999	-999	0.2	0.12	-999
'6140126'	-999	-999	-999	-999	-999	-999	-999	-999	0.2	0.12	-999
'6140128'	-999	-999	-999	-999	-999	-999	-999	-999	0.2	0.12	-999
'6140130'	-999	-999	-999	-999	-999	-999	-999	-999	0.2	0.12	-999
'6140132'	-999	-999	-999	-999	-999	-999	-999	-999	0.2	0.12	-999
'6140134'	-999	-999	-999	-999	-999	-999	-999	-999	0.2	0.12	-999
'6140274'	-999	-999	-999	-999	-999	-999	-999	0.418449370866168	0.2	0.12	0.628
'6140276'	-999	-999	-999	-999	-999	-999	-999	0.418449370866168	0.2	0.12	0.628
'6140278'	-999	-999	-999	-999	-999	-999	-999	-999	0.2	0.12	-999
'6140280'	-999	-999	-999	-999	-999	-999	-999	-999	0.2	0.12	-999
'6140282'	-999	-999	-999	-999	-999	-999	-999	-999	0.2	0.12	-999
'6140284'	-999	-999	-999	-999	-999	-999	-999	-999	0.2	0.12	-999
'6140286'	-999	-999	-999	-999	-999	-999	-999	-999	0.2	0.12	-999
'6140288'	-999	-999	-999	-999	-999	-999	-999	-999	0.2	0.12	-999
'6140290'	-999	-999	-999	-999	-999	-999	-999	-999	0.2	0.12	-999
'6140292'	-999	-999	-999	-999	-999	-999	-999	-999	0.2	0.12	-999
'6140294'	-999	-999	-999	-999	-999	-999	-999	-999	0.2	0.12	-999
'6140296'	-999	-999	-999	-999	-999	-999	-999	0.418449370866168	0.2	0.12	0.628
'6140298'	-999	-999	-999	-999	-999	-999	-999	-999	0.2	0.12	-999
'6140300'	-999	-999	-999	-999	-999	-999	-999	-999	0.2	0.12	-999
'6140302'	-999	-999	-999	-999	-999	-999	-999	-999	0.2	0.12	-999
'6140304'	-999	-999	-999	-999	-999	-999	-999	-999	0.2	0.12	-999
'6140306'	-999	-999	-999	-999	-999	-999	-999	-999	0.2	0.12	-999
'6140308'	-999	-999	-999	-999	-999	-999	-999	-999	0.2	0.12	-999
'6140310'	-999	-999	-999	-999	-999	-999	-999	-999	0.2	0.12	-999
'6140312'	-999	-999	-999	-999	-999	-999	-999	-999	0.2	0.12	-999
'6140314'	-999	-999	-999	-999	-999	-999	-999	-999	0.2	0.12	-999
'6140316'	-999	-999	-999	-999	-999	-999	-999	-999	0.2	0.12	-999
'6140318'	-999	-999	-999	-999	-999	-999	-999	-999	0.2	0.12	-999
'6140320'	-999	-999	-999	-999	-999	-999	-999	-999	0.2	0.12	-999
'6140322'	-999	-999	-999	-999	-999	-999	-999	-999	0.2	0.12	-999
'6140324'	-999	-999	-999	-999	-999	-999	-999	-999	0.2	0.12	-999
'6140326'	-999	-999	-999	-999	-999	-999	-999	0.418449370866168	0.2	0.12	0.628
'6140328'	-999	-999	-999	-999	-999	-999	-999	-999	0.2	0.12	-999
'6140330'	-999	-999	-999	-999	-999	-999	-999	-999	0.2	0.12	-999
'6140332'	-999	-999	-999	-999	-999	-999	-999	-999	0.2	0.12	-999
'6140336'	-999	-999	-999	-999	-999	-999	-999	-999	0.2	0.12	-999
'6140338'	-999	-999	-999	-999	-999	-999	-999	0.418449370866168	0.2	0.12	0.628
'6140340'	-999	-999	-999	-999	-999	-999	-999	-999	0.2	0.12	-999
'6140342'	-999	-999	-999	-999	-999	-999	-999	0.418449370866168	0.2	0.12	0.628
'6140344'	-999	-999	-999	-999	-999	-999	-999	0.418449370866168	0.2	0.12	0.628
'6140346'	-999	-999	-999	-999	-999	-999	-999	-999	0.2	0.12	-999
'6140348'	-999	-999	-999	-999	-999	-999	-999	0.418449370866168	0.2	0.12	0.628
'6140350'	-999	-999	-999	-999	-999	-999	-999	-999	0.2	0.12	-999
'6140352'	-999	-999	-999	-999	-999	-999	-999	-999	0.2	0.12	-999
'6140356'	-999	-999	-999	-999	-999	-999	-999	-999	0.2	0.12	-999
'6140358'	-999	-999	-999	-999	-999	-999	-999	-999	0.2	0.12	-999
'6140360'	-999	-999	-999	-999	-999	-999	-999	-999	0.2	0.12	-999
'6140362'	-999	-999	-999	-999	-999	-999	-999	-999	0.2	0.12	-999
'6140364'	-999	-999	-999	-999	-999	-999	-999	-999	0.2	0.12	-999
'6140366'	-999	-999	-999	-999	-999	-999	-999	-999	0.2	0.12	-999
'6140368'	-999	-999	-999	-999	-999	-999	-999	-999	0.2	0.12	-999
'6140370'	-999	-999	-999	-999	-999	-999	-999	-999	0.2	0.12	-999
'6140372'	-999	-999	-999	-999	-999	-999	-999	-999	0.2	0.12	-999
'6140374'	-999	-999	-999	-999	-999	-999	-999	-999	0.2	0.12	-999
'6140376'	-999	-999	-999	-999	-999	-999	-999	-999	0.2	0.12	-999
'6140380'	-999	-999	-999	-999	-999	-999	-999	-999	0.2	0.12	-999
'6140382'	-999	-999	-999	-999	-999	-999	-999	-999	0.2	0.12	-999
'6140384'	-999	-999	-999	-999	-999	-999	-999	-999	0.2	0.12	-999
'6140386'	-999	-999	-999	-999	-999	-999	-999	-999	0.2	0.12	-999
'6140388'	-999	-999	-999	-999	-999	-999	-999	-999	0.2	0.12	-999
'6140390'	-999	-999	-999	-999	-999	-999	-999	-999	0.2	0.12	-999
'6140392'	-999	-999	-999	-999	-999	-999	-999	-999	0.2	0.12	-999
'6140394'	-999	-999	-999	-999	-999	-999	-999	-999	0.2	0.12	-999
'6140396'	-999	-999	-999	-999	-999	-999	-999	-999	0.2	0.12	-999
'6140398'	-999	-999	-999	-999	-999	-999	-999	-999	0.2	0.12	-999
'6140402'	-999	-999	-999	-999	-999	-999	-999	-999	0.2	0.12	-999
'6140404'	-999	-999	-999	-999	-999	-999	-999	-999	0.2	0.12	-999
'6140406'	-999	-999	-999	-999	-999	-999	-999	-999	0.2	0.12	-999
'6140408'	-999	-999	-999	-999	-999	-999	-999	-999	0.2	0.12	-999
'6140410'	-999	-999	-999	-999	-999	-999	-999	-999	0.2	0.12	-999
'6140414'	-999	-999	-999	-999	-999	-999	-999	0.418449370866168	0.2	0.12	0.628
'6140416'	-999	-999	-999	-999	-999	-999	-999	0.418449370866168	0.2	0.12	0.628
'6140418'	-999	-999	-999	-999	-999	-999	-999	-999	0.2	0.12	-999
'6140420'	-999	-999	-999	-999	-999	-999	-999	-999	0.2	0.12	-999
'6140422'	-999	-999	-999	-999	-999	-999	-999	-999	0.2	0.12	-999
'6140426'	-999	-999	-999	-999	-999	-999	-999	-999	0.2	0.12	-999
'6140428'	-999	-999	-999	-999	-999	-999	-999	0.418449370866168	0.2	0.12	0.628
'6140430'	-999	-999	-999	-999	-999	-999	-999	-999	0.2	0.12	-999
'6140432'	-999	-999	-999	-999	-999	-999	-999	-999	0.2	0.12	-999
'6140434'	-999	-999	-999	-999	-999	-999	-999	-999	0.2	0.12	-999
'6140436'	-999	-999	-999	-999	-999	-999	-999	0.418449370866168	0.2	0.12	0.628
'6140438'	-999	-999	-999	-999	-999	-999	-999	0.418449370866168	0.2	0.12	0.628
'6140442'	-999	-999	-999	-999	-999	-999	-999	-999	0.2	0.12	-999
'6140444'	-999	-999	-999	-999	-999	-999	-999	-999	0.2	0.12	-999
'6140448'	-999	-999	-999	-999	-999	-999	-999	-999	0.2	0.12	-999
'6140450'	-999	-999	-999	-999	-999	-999	-999	0.418449370866168	0.2	0.12	0.628
'6140452'	-999	-999	-999	-999	-999	-999	-999	0.418449370866168	0.2	0.12	0.628
'6140454'	-999	-999	-999	-999	-999	-999	-999	0.418449370866168	0.2	0.12	0.628
'6140456'	-999	-999	-999	-999	-999	-999	-999	-999	0.2	0.12	-999
'6140458'	-999	-999	-999	-999	-999	-999	-999	-999	0.2	0.12	-999
'6140460'	-999	-999	-999	-999	-999	-999	-999	0.418449370866168	0.2	0.12	0.628
'6140462'	-999	-999	-999	-999	-999	-999	-999	0.418449370866168	0.2	0.12	0.628
'6140464'	-999	-999	-999	-999	-999	-999	-999	-999	0.2	0.12	-999
'6140466'	-999	-999	-999	-999	-999	-999	-999	-999	0.2	0.12	-999
'6140468'	-999	-999	-999	-999	-999	-999	-999	-999	0.2	0.12	-999
'6140470'	-999	-999	-999	-999	-999	-999	-999	-999	0.2	0.12	-999
'6140752'	-999	-999	-999	-999	-999	-999	-999	-999	0.2	0.12	-999
'6140754'	-999	-999	-999	-999	-999	-999	-999	-999	0.2	0.12	-999
'6140758'	-999	-999	-999	-999	-999	-999	-999	-999	0.2	0.12	-999
'6140760'	-999	-999	-999	-999	-999	-999	-999	-999	0.2	0.12	-999
'6140762'	-999	-999	-999	-999	-999	-999	-999	-999	0.2	0.12	-999
'6140764'	-999	-999	-999	-999	-999	-999	-999	-999	0.2	0.12	-999
'6140766'	-999	-999	-999	-999	-999	-999	-999	-999	0.2	0.12	-999
'6140768'	-999	-999	-999	-999	-999	-999	-999	0.418449370866168	0.2	0.12	0.628
'6140770'	-999	-999	-999	-999	-999	-999	-999	0.418449370866168	0.2	0.12	0.628
'6140772'	-999	-999	-999	-999	-999	-999	-999	-999	0.2	0.12	-999
'6140778'	-999	-999	-999	-999	-999	-999	-999	-999	0.2	0.12	-999
'6140780'	-999	-999	-999	-999	-999	-999	-999	0.418449370866168	0.2	0.12	0.628
'6140782'	-999	-999	-999	-999	-999	-999	-999	-999	0.2	0.12	-999
'6140784'	-999	-999	-999	-999	-999	-999	-999	-999	0.2	0.12	-999
'6140786'	-999	-999	-999	-999	-999	-999	-999	0.418449370866168	0.2	0.12	0.628
'6140788'	-999	-999	-999	-999	-999	-999	-999	0.418449370866168	0.2	0.12	0.628
'6140794'	-999	-999	-999	-999	-999	-999	-999	-999	0.2	0.12	-999
'6140796'	-999	-999	-999	-999	-999	-999	-999	0.418449370866168	0.2	0.12	0.628
'6140798'	-999	-999	-999	-999	-999	-999	-999	-999	0.2	0.12	-999
'6140800'	-999	-999	-999	-999	-999	-999	-999	-999	0.2	0.12	-999
'6140804'	-999	-999	-999	-999	-999	-999	-999	0.418449370866168	0.2	0.12	0.628
'6140806'	-999	-999	-999	-999	-999	-999	-999	0.418449370866168	0.2	0.12	0.628
'6140808'	-999	-999	-999	-999	-999	-999	-999	-999	0.2	0.12	-999
'6140810'	-999	-999	-999	-999	-999	-999	-999	0.418449370866168	0.2	0.12	0.628
'6140814'	-999	-999	-999	-999	-999	-999	-999	0.418449370866168	0.2	0.12	0.628
'6140816'	-999	-999	-999	-999	-999	-999	-999	-999	0.2	0.12	-999
'6140818'	-999	-999	-999	-999	-999	-999	-999	0.418449370866168	0.2	0.12	0.628
'6140820'	-999	-999	-999	-999	-999	-999	-999	0.418449370866168	0.2	0.12	0.628
'6140822'	-999	-999	-999	-999	-999	-999	-999	0.418449370866168	0.2	0.12	0.628
'6140826'	-999	-999	-999	-999	-999	-999	-999	0.418449370866168	0.2	0.12	0.628
'6140830'	-999	-999	-999	-999	-999	-999	-999	-999	0.2	0.12	-999
'6140832'	-999	-999	-999	-999	-999	-999	-999	0.418449370866168	0.2	0.12	0.628
'6140834'	-999	-999	-999	-999	-999	-999	-999	0.418449370866168	0.2	0.12	0.628
'6140836'	-999	-999	-999	-999	-999	-999	-999	0.418449370866168	0.2	0.12	0.628
'6140838'	-999	-999	-999	-999	-999	-999	-999	0.418449370866168	0.2	0.12	0.628
'6140842'	-999	-999	-999	-999	-999	-999	-999	-999	0.2	0.12	-999
'6140846'	-999	-999	-999	-999	-999	-999	-999	0.418449370866168	0.2	0.12	0.628
'6140848'	-999	-999	-999	-999	-999	-999	-999	0.418449370866168	0.2	0.12	0.628
'6140852'	-999	-999	-999	-999	-999	-999	-999	-999	0.2	0.12	-999
'6140854'	-999	-999	-999	-999	-999	-999	-999	0.418449370866168	0.2	0.12	0.628
'6140856'	-999	-999	-999	-999	-999	-999	-999	-999	0.2	0.12	-999
'6140858'	-999	-999	-999	-999	-999	-999	-999	0.418449370866168	0.2	0.12	0.628
'6140860'	-999	-999	-999	-999	-999	-999	-999	0.418449370866168	0.2	0.12	0.628
'6140864'	-999	-999	-999	-999	-999	-999	-999	0.418449370866168	0.2	0.12	0.628
'6140866'	-999	-999	-999	-999	-999	-999	-999	-999	0.2	0.12	-999
'6140868'	-999	-999	-999	-999	-999	-999	-999	-999	0.2	0.12	-999
'6140872'	-999	-999	-999	-999	-999	-999	-999	-999	0.2	0.12	-999
'6140874'	-999	-999	-999	-999	-999	-999	-999	0.418449370866168	0.2	0.12	0.628
'6140876'	-999	-999	-999	-999	-999	-999	-999	0.418449370866168	0.2	0.12	0.628
'6140878'	-999	-999	-999	-999	-999	-999	-999	0.418449370866168	0.2	0.12	0.628
'6140880'	-999	-999	-999	-999	-999	-999	-999	0.418449370866168	0.2	0.12	0.628
'6140882'	-999	-999	-999	-999	-999	-999	-999	0.418449370866168	0.2	0.12	0.628
'6140884'	-999	-999	-999	-999	-999	-999	-999	-999	0.2	0.12	-999
'6140886'	-999	-999	-999	-999	-999	-999	-999	-999	0.2	0.12	-999
'6140888'	-999	-999	-999	-999	-999	-999	-999	0.418449370866168	0.2	0.12	0.628
'6140892'	-999	-999	-999	-999	-999	-999	-999	-999	0.2	0.12	-999
'6140894'	-999	-999	-999	-999	-999	-999	-999	-999	0.2	0.12	-999
'6140896'	-999	-999	-999	-999	-999	-999	-999	0.418449370866168	0.2	0.12	0.628
'6140900'	-999	-999	-999	-999	-999	-999	-999	0.418449370866168	0.2	0.12	0.628
'6140902'	-999	-999	-999	-999	-999	-999	-999	0.418449370866168	0.2	0.12	0.628
'6140904'	-999	-999	-999	-999	-999	-999	-999	0.418449370866168	0.2	0.12	0.628
'6140906'	-999	-999	-999	-999	-999	-999	-999	0.418449370866168	0.2	0.12	0.628
'6140908'	-999	-999	-999	-999	-999	-999	-999	0.418449370866168	0.2	0.12	0.628
'6140910'	-999	-999	-999	-999	-999	-999	-999	0.418449370866168	0.2	0.12	0.628
'6140914'	-999	-999	-999	-999	-999	-999	-999	0.418449370866168	0.2	0.12	0.628
'6140916'	-999	-999	-999	-999	-999	-999	-999	0.418449370866168	0.2	0.12	0.628
'6140918'	-999	-999	-999	-999	-999	-999	-999	0.418449370866168	0.2	0.12	0.628
'6140920'	-999	-999	-999	-999	-999	-999	-999	0.418449370866168	0.2	0.12	0.628
'6140924'	-999	-999	-999	-999	-999	-999	-999	0.418449370866168	0.2	0.12	0.628
'6140926'	-999	-999	-999	-999	-999	-999	-999	-999	0.2	0.12	-999
'6140928'	-999	-999	-999	-999	-999	-999	-999	-999	0.2	0.12	-999
'6140930'	-999	-999	-999	-999	-999	-999	-999	0.418449370866168	0.2	0.12	0.628
'6140932'	-999	-999	-999	-999	-999	-999	-999	0.418449370866168	0.2	0.12	0.628
'6140934'	-999	-999	-999	-999	-999	-999	-999	0.418449370866168	0.2	0.12	0.628
'6140938'	-999	-999	-999	-999	-999	-999	-999	0.418449370866168	0.2	0.12	0.628
'6140940'	-999	-999	-999	-999	-999	-999	-999	0.418449370866168	0.2	0.12	0.628
'6140942'	-999	-999	-999	-999	-999	-999	-999	0.418449370866168	0.2	0.12	0.628
'6140944'	-999	-999	-999	-999	-999	-999	-999	0.418449370866168	0.2	0.12	0.628
'6140946'	-999	-999	-999	-999	-999	-999	-999	0.418449370866168	0.2	0.12	0.628
'6140948'	-999	-999	-999	-999	-999	-999	-999	-999	0.2	0.12	-999
'6140952'	-999	-999	-999	-999	-999	-999	-999	0.418449370866168	0.2	0.12	0.628
'6141024'	-999	-999	-999	-999	-999	-999	-999	-999	0.2	0.12	-999
'6141030'	-999	-999	-999	-999	-999	-999	-999	-999	0.2	0.12	-999
'6141032'	-999	-999	-999	-999	-999	-999	-999	-999	0.2	0.12	-999
'6141034'	-999	-999	-999	-999	-999	-999	-999	-999	0.2	0.12	-999
'6141038'	-999	-999	-999	-999	-999	-999	-999	-999	0.2	0.12	-999
'6141042'	-999	-999	-999	-999	-999	-999	-999	-999	0.2	0.12	-999
'6141046'	-999	-999	-999	-999	-999	-999	-999	-999	0.2	0.12	-999
'6141050'	-999	-999	-999	-999	-999	-999	-999	0.418449370866168	0.2	0.12	0.628
'6141054'	-999	-999	-999	-999	-999	-999	-999	-999	0.2	0.12	-999
'6141056'	-999	-999	-999	-999	-999	-999	-999	-999	0.2	0.12	-999
'6141060'	-999	-999	-999	-999	-999	-999	-999	-999	0.2	0.12	-999
'6141062'	-999	-999	-999	-999	-999	-999	-999	-999	0.2	0.12	-999
'6141064'	-999	-999	-999	-999	-999	-999	-999	-999	0.2	0.12	-999
'6141066'	-999	-999	-999	-999	-999	-999	-999	-999	0.2	0.12	-999
'6141070'	-999	-999	-999	-999	-999	-999	-999	-999	0.2	0.12	-999
'6141074'	-999	-999	-999	-999	-999	-999	-999	-999	0.2	0.12	-999
'6141076'	-999	-999	-999	-999	-999	-999	-999	-999	0.2	0.12	-999
'6141084'	-999	-999	-999	-999	-999	-999	-999	-999	0.2	0.12	-999
'6141086'	-999	-999	-999	-999	-999	-999	-999	-999	0.2	0.12	-999
'6141090'	-999	-999	-999	-999	-999	-999	-999	-999	0.2	0.12	-999
'6141100'	-999	-999	-999	-999	-999	-999	-999	-999	0.2	0.12	-999
'6141104'	-999	-999	-999	-999	-999	-999	-999	-999	0.2	0.12	-999
'6141106'	-999	-999	-999	-999	-999	-999	-999	-999	0.2	0.12	-999
'6141108'	-999	-999	-999	-999	-999	-999	-999	-999	0.2	0.12	-999
'6141110'	-999	-999	-999	-999	-999	-999	-999	-999	0.2	0.12	-999
'6141112'	-999	-999	-999	-999	-999	-999	-999	-999	0.2	0.12	-999
'6141126'	-999	-999	-999	-999	-999	-999	-999	-999	0.2	0.12	-999
'6141128'	-999	-999	-999	-999	-999	-999	-999	-999	0.2	0.12	-999
'6141130'	-999	-999	-999	-999	-999	-999	-999	-999	0.2	0.12	-999
'6141148'	-999	-999	-999	-999	-999	-999	-999	-999	0.2	0.12	-999
'6141150'	-999	-999	-999	-999	-999	-999	-999	-999	0.2	0.12	-999
'6141152'	-999	-999	-999	-999	-999	-999	-999	-999	0.2	0.12	-999
'6141154'	-999	-999	-999	-999	-999	-999	-999	-999	0.2	0.12	-999
'6141170'	-999	-999	-999	-999	-999	-999	-999	-999	0.2	0.12	-999
'6141176'	-999	-999	-999	-999	-999	-999	-999	-999	0.2	0.12	-999
'6141178'	-999	-999	-999	-999	-999	-999	-999	-999	0.2	0.12	-999
'6141180'	-999	-999	-999	-999	-999	-999	-999	0.418449370866168	0.2	0.12	0.628
'6141184'	-999	-999	-999	-999	-999	-999	-999	0.418449370866168	0.2	0.12	0.628
'6141188'	-999	-999	-999	-999	-999	-999	-999	0.418449370866168	0.2	0.12	0.628
'6141196'	-999	-999	-999	-999	-999	-999	-999	0.418449370866168	0.2	0.12	0.628
'6141208'	-999	-999	-999	-999	-999	-999	-999	0.418449370866168	0.2	0.12	0.628
'6141210'	-999	-999	-999	-999	-999	-999	-999	0.418449370866168	0.2	0.12	0.628
'6141214'	-999	-999	-999	-999	-999	-999	-999	0.5369118683274	0.2	0.12	0.628
'6141218'	-999	-999	-999	-999	-999	-999	-999	-999	0.2	0.12	-999
'6141220'	-999	-999	-999	-999	-999	-999	-999	0.418449370866168	0.2	0.12	0.628
'6141228'	-999	-999	-999	-999	-999	-999	-999	-999	0.2	0.12	-999
'6141270'	-999	-999	-999	-999	-999	-999	-999	-999	0.2	0.12	-999
'6141274'	-999	-999	-999	-999	-999	-999	-999	-999	0.2	0.12	-999
'6141306'	-999	-999	-999	-999	-999	-999	-999	-999	0.2	0.12	-999
'6141308'	-999	-999	-999	-999	-999	-999	-999	-999	0.2	0.12	-999
'6141310'	-999	-999	-999	-999	-999	-999	-999	-999	0.2	0.12	-999
'6141312'	-999	-999	-999	-999	-999	-999	-999	0.418449370866168	0.2	0.12	0.628
'6142038'	-999	-999	-999	-999	-999	-999	-999	0.418449370866168	0.2	0.12	0.628
'24978249'	-999	-999	-999	-999	-999	-999	-999	-999	0.2	0.12	-999
'166174961'	-999	-999	-999	-999	-999	-999	-999	-999	0.2	0.12	-999
'166174962'	-999	-999	-999	-999	-999	-999	-999	-999	0.2	0.12	-999
'166174963'	-999	-999	-999	-999	-999	-999	-999	-999	0.2	0.12	-999
'166174966'	-999	-999	-999	-999	-999	-999	-999	0.418449370866168	0.2	0.12	0.628
;

param septic_effic_N : 'none' :=	
'166174961'	0
'166174962'	0
'166174963'	0
'166174966'	0
'24978249'	0
'6139942'	0
'6139944'	0
'6139946'	0
'6139948'	0
'6139950'	0
'6139952'	0
'6139954'	0
'6139956'	0
'6139958'	0
'6139960'	0
'6139964'	0
'6139966'	0
'6139968'	0
'6139970'	0
'6139972'	0
'6139974'	0
'6139976'	0
'6139978'	0
'6139980'	0
'6139982'	0
'6139988'	0
'6139990'	0
'6139992'	0
'6139994'	0
'6139996'	0
'6139998'	0
'6140000'	0
'6140002'	0
'6140004'	0
'6140008'	0
'6140010'	0
'6140012'	0
'6140014'	0
'6140016'	0
'6140018'	0
'6140020'	0
'6140022'	0
'6140024'	0
'6140026'	0
'6140028'	0
'6140030'	0
'6140032'	0
'6140034'	0
'6140036'	0
'6140038'	0
'6140040'	0
'6140042'	0
'6140044'	0
'6140046'	0
'6140048'	0
'6140050'	0
'6140052'	0
'6140054'	0
'6140056'	0
'6140058'	0
'6140060'	0
'6140062'	0
'6140064'	0
'6140066'	0
'6140068'	0
'6140070'	0
'6140072'	0
'6140074'	0
'6140076'	0
'6140080'	0
'6140082'	0
'6140084'	0
'6140086'	0
'6140088'	0
'6140090'	0
'6140092'	0
'6140094'	0
'6140096'	0
'6140098'	0
'6140100'	0
'6140102'	0
'6140104'	0
'6140106'	0
'6140108'	0
'6140110'	0
'6140112'	0
'6140114'	0
'6140116'	0
'6140118'	0
'6140120'	0
'6140122'	0
'6140124'	0
'6140126'	0
'6140128'	0
'6140130'	0
'6140132'	0
'6140134'	0
'6140274'	0
'6140276'	0
'6140278'	0
'6140280'	0
'6140282'	0
'6140284'	0
'6140286'	0
'6140288'	0
'6140290'	0
'6140292'	0
'6140294'	0
'6140296'	0
'6140298'	0
'6140300'	0
'6140302'	0
'6140304'	0
'6140306'	0
'6140308'	0
'6140310'	0
'6140312'	0
'6140314'	0
'6140316'	0
'6140318'	0
'6140320'	0
'6140322'	0
'6140324'	0
'6140326'	0
'6140328'	0
'6140330'	0
'6140332'	0
'6140336'	0
'6140338'	0
'6140340'	0
'6140342'	0
'6140344'	0
'6140346'	0
'6140348'	0
'6140350'	0
'6140352'	0
'6140356'	0
'6140358'	0
'6140360'	0
'6140362'	0
'6140364'	0
'6140366'	0
'6140368'	0
'6140370'	0
'6140372'	0
'6140374'	0
'6140376'	0
'6140380'	0
'6140382'	0
'6140384'	0
'6140386'	0
'6140388'	0
'6140390'	0
'6140392'	0
'6140394'	0
'6140396'	0
'6140398'	0
'6140402'	0
'6140404'	0
'6140406'	0
'6140408'	0
'6140410'	0
'6140414'	0
'6140416'	0
'6140418'	0
'6140420'	0
'6140422'	0
'6140426'	0
'6140428'	0
'6140430'	0
'6140432'	0
'6140434'	0
'6140436'	0
'6140438'	0
'6140442'	0
'6140444'	0
'6140448'	0
'6140450'	0
'6140452'	0
'6140454'	0
'6140456'	0
'6140458'	0
'6140460'	0
'6140462'	0
'6140464'	0
'6140466'	0
'6140468'	0
'6140470'	0
'6140752'	0
'6140754'	0
'6140758'	0
'6140760'	0
'6140762'	0
'6140764'	0
'6140766'	0
'6140768'	0
'6140770'	0
'6140772'	0
'6140778'	0
'6140780'	0
'6140782'	0
'6140784'	0
'6140786'	0
'6140788'	0
'6140794'	0
'6140796'	0
'6140798'	0
'6140800'	0
'6140804'	0
'6140806'	0
'6140808'	0
'6140810'	0
'6140814'	0
'6140816'	0
'6140818'	0
'6140820'	0
'6140822'	0
'6140826'	0
'6140830'	0
'6140832'	0
'6140834'	0
'6140836'	0
'6140838'	0
'6140842'	0
'6140846'	0
'6140848'	0
'6140852'	0
'6140854'	0
'6140856'	0
'6140858'	0
'6140860'	0
'6140864'	0
'6140866'	0
'6140868'	0
'6140872'	0
'6140874'	0
'6140876'	0
'6140878'	0
'6140880'	0
'6140882'	0
'6140884'	0
'6140886'	0
'6140888'	0
'6140892'	0
'6140894'	0
'6140896'	0
'6140900'	0
'6140902'	0
'6140904'	0
'6140906'	0
'6140908'	0
'6140910'	0
'6140914'	0
'6140916'	0
'6140918'	0
'6140920'	0
'6140924'	0
'6140926'	0
'6140928'	0
'6140930'	0
'6140932'	0
'6140934'	0
'6140938'	0
'6140940'	0
'6140942'	0
'6140944'	0
'6140946'	0
'6140948'	0
'6140952'	0
'6141024'	0
'6141030'	0
'6141032'	0
'6141034'	0
'6141038'	0
'6141042'	0
'6141046'	0
'6141050'	0
'6141054'	0
'6141056'	0
'6141060'	0
'6141062'	0
'6141064'	0
'6141066'	0
'6141070'	0
'6141074'	0
'6141076'	0
'6141084'	0
'6141086'	0
'6141090'	0
'6141100'	0
'6141104'	0
'6141106'	0
'6141108'	0
'6141110'	0
'6141112'	0
'6141126'	0
'6141128'	0
'6141130'	0
'6141148'	0
'6141150'	0
'6141152'	0
'6141154'	0
'6141170'	0
'6141176'	0
'6141178'	0
'6141180'	0
'6141184'	0
'6141188'	0
'6141196'	0
'6141208'	0
'6141210'	0
'6141214'	0
'6141218'	0
'6141220'	0
'6141228'	0
'6141270'	0
'6141274'	0
'6141306'	0
'6141308'	0
'6141310'	0
'6141312'	0
'6142038'	0
;

param point_effic_N : 'point' :=	
'166174961'	0
'166174962'	0
'166174963'	0
'166174966'	0
'24978249'	0
'6139942'	0
'6139944'	0
'6139946'	0
'6139948'	0
'6139950'	0
'6139952'	0
'6139954'	0
'6139956'	0
'6139958'	0
'6139960'	0
'6139964'	0
'6139966'	0
'6139968'	0
'6139970'	0
'6139972'	0
'6139974'	0
'6139976'	0
'6139978'	0
'6139980'	0
'6139982'	0
'6139988'	0
'6139990'	0
'6139992'	0
'6139994'	0
'6139996'	0
'6139998'	0
'6140000'	0
'6140002'	0
'6140004'	0
'6140008'	0
'6140010'	0
'6140012'	0
'6140014'	0
'6140016'	0
'6140018'	0
'6140020'	0
'6140022'	0
'6140024'	0
'6140026'	0
'6140028'	0
'6140030'	0
'6140032'	0
'6140034'	0
'6140036'	0
'6140038'	0
'6140040'	0
'6140042'	0
'6140044'	0
'6140046'	0
'6140048'	0
'6140050'	0
'6140052'	0
'6140054'	0
'6140056'	0
'6140058'	0
'6140060'	0
'6140062'	0
'6140064'	0
'6140066'	0
'6140068'	0
'6140070'	0
'6140072'	0
'6140074'	0
'6140076'	0
'6140080'	0
'6140082'	0
'6140084'	0
'6140086'	0
'6140088'	0
'6140090'	0
'6140092'	0
'6140094'	0
'6140096'	0
'6140098'	0
'6140100'	0
'6140102'	0
'6140104'	0
'6140106'	0
'6140108'	0
'6140110'	0
'6140112'	0
'6140114'	0
'6140116'	0
'6140118'	0
'6140120'	0
'6140122'	0
'6140124'	0
'6140126'	0
'6140128'	0
'6140130'	0
'6140132'	0
'6140134'	0
'6140274'	0
'6140276'	0
'6140278'	0
'6140280'	0
'6140282'	0
'6140284'	0
'6140286'	0
'6140288'	0
'6140290'	0
'6140292'	0
'6140294'	0
'6140296'	0
'6140298'	0
'6140300'	0
'6140302'	0
'6140304'	0
'6140306'	0
'6140308'	0
'6140310'	0
'6140312'	0
'6140314'	0
'6140316'	0
'6140318'	0
'6140320'	0
'6140322'	0
'6140324'	0
'6140326'	0
'6140328'	0
'6140330'	0
'6140332'	0
'6140336'	0
'6140338'	0
'6140340'	0
'6140342'	0
'6140344'	0
'6140346'	0
'6140348'	0
'6140350'	0
'6140352'	0
'6140356'	0
'6140358'	0
'6140360'	0
'6140362'	0
'6140364'	0
'6140366'	0
'6140368'	0
'6140370'	0
'6140372'	0
'6140374'	0
'6140376'	0
'6140380'	0
'6140382'	0
'6140384'	0
'6140386'	0
'6140388'	0
'6140390'	0
'6140392'	0
'6140394'	0
'6140396'	0
'6140398'	0
'6140402'	0
'6140404'	0
'6140406'	0
'6140408'	0
'6140410'	0
'6140414'	0
'6140416'	0
'6140418'	0
'6140420'	0
'6140422'	0
'6140426'	0
'6140428'	0
'6140430'	0
'6140432'	0
'6140434'	0
'6140436'	0
'6140438'	0
'6140442'	0
'6140444'	0
'6140448'	0
'6140450'	0
'6140452'	0
'6140454'	0
'6140456'	0
'6140458'	0
'6140460'	0
'6140462'	0
'6140464'	0
'6140466'	0
'6140468'	0
'6140470'	0
'6140752'	0
'6140754'	0
'6140758'	0
'6140760'	0
'6140762'	0
'6140764'	0
'6140766'	0
'6140768'	0
'6140770'	0
'6140772'	0
'6140778'	0
'6140780'	0
'6140782'	0
'6140784'	0
'6140786'	0
'6140788'	0
'6140794'	0
'6140796'	0
'6140798'	0
'6140800'	0
'6140804'	0
'6140806'	0
'6140808'	0
'6140810'	0
'6140814'	0
'6140816'	0
'6140818'	0
'6140820'	0
'6140822'	0
'6140826'	0
'6140830'	0
'6140832'	0
'6140834'	0
'6140836'	0
'6140838'	0
'6140842'	0
'6140846'	0
'6140848'	0
'6140852'	0
'6140854'	0
'6140856'	0
'6140858'	0
'6140860'	0
'6140864'	0
'6140866'	0
'6140868'	0
'6140872'	0
'6140874'	0
'6140876'	0
'6140878'	0
'6140880'	0
'6140882'	0
'6140884'	0
'6140886'	0
'6140888'	0
'6140892'	0
'6140894'	0
'6140896'	0
'6140900'	0
'6140902'	0
'6140904'	0
'6140906'	0
'6140908'	0
'6140910'	0
'6140914'	0
'6140916'	0
'6140918'	0
'6140920'	0
'6140924'	0
'6140926'	0
'6140928'	0
'6140930'	0
'6140932'	0
'6140934'	0
'6140938'	0
'6140940'	0
'6140942'	0
'6140944'	0
'6140946'	0
'6140948'	0
'6140952'	0
'6141024'	0
'6141030'	0
'6141032'	0
'6141034'	0
'6141038'	0
'6141042'	0
'6141046'	0
'6141050'	0
'6141054'	0
'6141056'	0
'6141060'	0
'6141062'	0
'6141064'	0
'6141066'	0
'6141070'	0
'6141074'	0
'6141076'	0
'6141084'	0
'6141086'	0
'6141090'	0
'6141100'	0
'6141104'	0
'6141106'	0
'6141108'	0
'6141110'	0
'6141112'	0
'6141126'	0
'6141128'	0
'6141130'	0
'6141148'	0
'6141150'	0
'6141152'	0
'6141154'	0
'6141170'	0
'6141176'	0
'6141178'	0
'6141180'	0
'6141184'	0
'6141188'	0
'6141196'	0
'6141208'	0
'6141210'	0
'6141214'	0
'6141218'	0
'6141220'	0
'6141228'	0
'6141270'	0
'6141274'	0
'6141306'	0
'6141308'	0
'6141310'	0
'6141312'	0
'6142038'	0
;

param point_effic_P : 'point' :=	
'NA'	0
;

param urban_effic_N : 'Biofiltration_w_Underdrain' 'Bioretention_Basin' 'Enhanced_Biofiltration_w_ISR' 'Extended_Dry_Detention_Basin' 'Grass_Swale_w_detention' 'Gravel_Wetland' 'Infiltration_Basin' 'Infiltration_Chamber' 'Infiltration_Trench' 'Porous_Pavement_w_subsurface_infiltration' 'Porous_Pavement_w_underdrain' 'Sand_Filter_w_underdrain' 'Wet_Pond' :=
'166174961'	0.327741413702585	0.327741413702585	0.745185777746699	0.135325992656172	0.135325992656172	0.666267724445322	0.990035691177431	0.990104872694054	0.990104872694054	0.990104872694054	0.759269406392694	0.327741413702585	0.327741413702585
'166174962'	0.327741413702585	0.327741413702585	0.745185777746699	0.135325992656172	0.135325992656172	0.666267724445322	0.990035691177431	0.990104872694054	0.990104872694054	0.990104872694054	0.759269406392694	0.327741413702585	0.327741413702585
'166174963'	0.327741413702585	0.327741413702585	0.745185777746699	0.135325992656172	0.135325992656172	0.666267724445322	0.990035691177431	0.990104872694054	0.990104872694054	0.990104872694054	0.759269406392694	0.327741413702585	0.327741413702585
'166174966'	0.327741413702585	0.327741413702585	0.745185777746699	0.135325992656172	0.135325992656172	0.666267724445322	0.990035691177431	0.990104872694054	0.990104872694054	0.990104872694054	0.759269406392694	0.327741413702585	0.327741413702585
'24978249'	0.327741413702585	0.327741413702585	0.745185777746699	0.135325992656172	0.135325992656172	0.666267724445322	0.990035691177431	0.990104872694054	0.990104872694054	0.990104872694054	0.759269406392694	0.327741413702585	0.327741413702585
'6139942'	0.327741413702585	0.327741413702585	0.745185777746699	0.135325992656172	0.135325992656172	0.666267724445322	0.990035691177431	0.990104872694054	0.990104872694054	0.990104872694054	0.759269406392694	0.327741413702585	0.327741413702585
'6139944'	0.327741413702585	0.327741413702585	0.745185777746699	0.135325992656172	0.135325992656172	0.666267724445322	0.990035691177431	0.990104872694054	0.990104872694054	0.990104872694054	0.759269406392694	0.327741413702585	0.327741413702585
'6139946'	0.327741413702585	0.327741413702585	0.745185777746699	0.135325992656172	0.135325992656172	0.666267724445322	0.990035691177431	0.990104872694054	0.990104872694054	0.990104872694054	0.759269406392694	0.327741413702585	0.327741413702585
'6139948'	0.327741413702585	0.327741413702585	0.745185777746699	0.135325992656172	0.135325992656172	0.666267724445322	0.990035691177431	0.990104872694054	0.990104872694054	0.990104872694054	0.759269406392694	0.327741413702585	0.327741413702585
'6139950'	0.327741413702585	0.327741413702585	0.745185777746699	0.135325992656172	0.135325992656172	0.666267724445322	0.990035691177431	0.990104872694054	0.990104872694054	0.990104872694054	0.759269406392694	0.327741413702585	0.327741413702585
'6139952'	0.327741413702585	0.327741413702585	0.745185777746699	0.135325992656172	0.135325992656172	0.666267724445322	0.990035691177431	0.990104872694054	0.990104872694054	0.990104872694054	0.759269406392694	0.327741413702585	0.327741413702585
'6139954'	0.327741413702585	0.327741413702585	0.745185777746699	0.135325992656172	0.135325992656172	0.666267724445322	0.990035691177431	0.990104872694054	0.990104872694054	0.990104872694054	0.759269406392694	0.327741413702585	0.327741413702585
'6139956'	0.327741413702585	0.327741413702585	0.745185777746699	0.135325992656172	0.135325992656172	0.666267724445322	0.990035691177431	0.990104872694054	0.990104872694054	0.990104872694054	0.759269406392694	0.327741413702585	0.327741413702585
'6139958'	0.327741413702585	0.327741413702585	0.745185777746699	0.135325992656172	0.135325992656172	0.666267724445322	0.990035691177431	0.990104872694054	0.990104872694054	0.990104872694054	0.759269406392694	0.327741413702585	0.327741413702585
'6139960'	0.327741413702585	0.327741413702585	0.745185777746699	0.135325992656172	0.135325992656172	0.666267724445322	0.990035691177431	0.990104872694054	0.990104872694054	0.990104872694054	0.759269406392694	0.327741413702585	0.327741413702585
'6139964'	0.327741413702585	0.327741413702585	0.745185777746699	0.135325992656172	0.135325992656172	0.666267724445322	0.990035691177431	0.990104872694054	0.990104872694054	0.990104872694054	0.759269406392694	0.327741413702585	0.327741413702585
'6139966'	0.327741413702585	0.327741413702585	0.745185777746699	0.135325992656172	0.135325992656172	0.666267724445322	0.990035691177431	0.990104872694054	0.990104872694054	0.990104872694054	0.759269406392694	0.327741413702585	0.327741413702585
'6139968'	0.327741413702585	0.327741413702585	0.745185777746699	0.135325992656172	0.135325992656172	0.666267724445322	0.990035691177431	0.990104872694054	0.990104872694054	0.990104872694054	0.759269406392694	0.327741413702585	0.327741413702585
'6139970'	0.327741413702585	0.327741413702585	0.745185777746699	0.135325992656172	0.135325992656172	0.666267724445322	0.990035691177431	0.990104872694054	0.990104872694054	0.990104872694054	0.759269406392694	0.327741413702585	0.327741413702585
'6139972'	0.327741413702585	0.327741413702585	0.745185777746699	0.135325992656172	0.135325992656172	0.666267724445322	0.990035691177431	0.990104872694054	0.990104872694054	0.990104872694054	0.759269406392694	0.327741413702585	0.327741413702585
'6139974'	0.327741413702585	0.327741413702585	0.745185777746699	0.135325992656172	0.135325992656172	0.666267724445322	0.990035691177431	0.990104872694054	0.990104872694054	0.990104872694054	0.759269406392694	0.327741413702585	0.327741413702585
'6139976'	0.327741413702585	0.327741413702585	0.745185777746699	0.135325992656172	0.135325992656172	0.666267724445322	0.990035691177431	0.990104872694054	0.990104872694054	0.990104872694054	0.759269406392694	0.327741413702585	0.327741413702585
'6139978'	0.327741413702585	0.327741413702585	0.745185777746699	0.135325992656172	0.135325992656172	0.666267724445322	0.990035691177431	0.990104872694054	0.990104872694054	0.990104872694054	0.759269406392694	0.327741413702585	0.327741413702585
'6139980'	0.327741413702585	0.327741413702585	0.745185777746699	0.135325992656172	0.135325992656172	0.666267724445322	0.990035691177431	0.990104872694054	0.990104872694054	0.990104872694054	0.759269406392694	0.327741413702585	0.327741413702585
'6139982'	0.327741413702585	0.327741413702585	0.745185777746699	0.135325992656172	0.135325992656172	0.666267724445322	0.990035691177431	0.990104872694054	0.990104872694054	0.990104872694054	0.759269406392694	0.327741413702585	0.327741413702585
'6139988'	0.327741413702585	0.327741413702585	0.745185777746699	0.135325992656172	0.135325992656172	0.666267724445322	0.990035691177431	0.990104872694054	0.990104872694054	0.990104872694054	0.759269406392694	0.327741413702585	0.327741413702585
'6139990'	0.327741413702585	0.327741413702585	0.745185777746699	0.135325992656172	0.135325992656172	0.666267724445322	0.990035691177431	0.990104872694054	0.990104872694054	0.990104872694054	0.759269406392694	0.327741413702585	0.327741413702585
'6139992'	0.327741413702585	0.327741413702585	0.745185777746699	0.135325992656172	0.135325992656172	0.666267724445322	0.990035691177431	0.990104872694054	0.990104872694054	0.990104872694054	0.759269406392694	0.327741413702585	0.327741413702585
'6139994'	0.327741413702585	0.327741413702585	0.745185777746699	0.135325992656172	0.135325992656172	0.666267724445322	0.990035691177431	0.990104872694054	0.990104872694054	0.990104872694054	0.759269406392694	0.327741413702585	0.327741413702585
'6139996'	0.327741413702585	0.327741413702585	0.745185777746699	0.135325992656172	0.135325992656172	0.666267724445322	0.990035691177431	0.990104872694054	0.990104872694054	0.990104872694054	0.759269406392694	0.327741413702585	0.327741413702585
'6139998'	0.327741413702585	0.327741413702585	0.745185777746699	0.135325992656172	0.135325992656172	0.666267724445322	0.990035691177431	0.990104872694054	0.990104872694054	0.990104872694054	0.759269406392694	0.327741413702585	0.327741413702585
'6140000'	0.327741413702585	0.327741413702585	0.745185777746699	0.135325992656172	0.135325992656172	0.666267724445322	0.990035691177431	0.990104872694054	0.990104872694054	0.990104872694054	0.759269406392694	0.327741413702585	0.327741413702585
'6140002'	0.327741413702585	0.327741413702585	0.745185777746699	0.135325992656172	0.135325992656172	0.666267724445322	0.990035691177431	0.990104872694054	0.990104872694054	0.990104872694054	0.759269406392694	0.327741413702585	0.327741413702585
'6140004'	0.327741413702585	0.327741413702585	0.745185777746699	0.135325992656172	0.135325992656172	0.666267724445322	0.990035691177431	0.990104872694054	0.990104872694054	0.990104872694054	0.759269406392694	0.327741413702585	0.327741413702585
'6140008'	0.327741413702585	0.327741413702585	0.745185777746699	0.135325992656172	0.135325992656172	0.666267724445322	0.990035691177431	0.990104872694054	0.990104872694054	0.990104872694054	0.759269406392694	0.327741413702585	0.327741413702585
'6140010'	0.327741413702585	0.327741413702585	0.745185777746699	0.135325992656172	0.135325992656172	0.666267724445322	0.990035691177431	0.990104872694054	0.990104872694054	0.990104872694054	0.759269406392694	0.327741413702585	0.327741413702585
'6140012'	0.327741413702585	0.327741413702585	0.745185777746699	0.135325992656172	0.135325992656172	0.666267724445322	0.990035691177431	0.990104872694054	0.990104872694054	0.990104872694054	0.759269406392694	0.327741413702585	0.327741413702585
'6140014'	0.327741413702585	0.327741413702585	0.745185777746699	0.135325992656172	0.135325992656172	0.666267724445322	0.990035691177431	0.990104872694054	0.990104872694054	0.990104872694054	0.759269406392694	0.327741413702585	0.327741413702585
'6140016'	0.327741413702585	0.327741413702585	0.745185777746699	0.135325992656172	0.135325992656172	0.666267724445322	0.990035691177431	0.990104872694054	0.990104872694054	0.990104872694054	0.759269406392694	0.327741413702585	0.327741413702585
'6140018'	0.327741413702585	0.327741413702585	0.745185777746699	0.135325992656172	0.135325992656172	0.666267724445322	0.990035691177431	0.990104872694054	0.990104872694054	0.990104872694054	0.759269406392694	0.327741413702585	0.327741413702585
'6140020'	0.327741413702585	0.327741413702585	0.745185777746699	0.135325992656172	0.135325992656172	0.666267724445322	0.990035691177431	0.990104872694054	0.990104872694054	0.990104872694054	0.759269406392694	0.327741413702585	0.327741413702585
'6140022'	0.327741413702585	0.327741413702585	0.745185777746699	0.135325992656172	0.135325992656172	0.666267724445322	0.990035691177431	0.990104872694054	0.990104872694054	0.990104872694054	0.759269406392694	0.327741413702585	0.327741413702585
'6140024'	0.327741413702585	0.327741413702585	0.745185777746699	0.135325992656172	0.135325992656172	0.666267724445322	0.990035691177431	0.990104872694054	0.990104872694054	0.990104872694054	0.759269406392694	0.327741413702585	0.327741413702585
'6140026'	0.327741413702585	0.327741413702585	0.745185777746699	0.135325992656172	0.135325992656172	0.666267724445322	0.990035691177431	0.990104872694054	0.990104872694054	0.990104872694054	0.759269406392694	0.327741413702585	0.327741413702585
'6140028'	0.327741413702585	0.327741413702585	0.745185777746699	0.135325992656172	0.135325992656172	0.666267724445322	0.990035691177431	0.990104872694054	0.990104872694054	0.990104872694054	0.759269406392694	0.327741413702585	0.327741413702585
'6140030'	0.327741413702585	0.327741413702585	0.745185777746699	0.135325992656172	0.135325992656172	0.666267724445322	0.990035691177431	0.990104872694054	0.990104872694054	0.990104872694054	0.759269406392694	0.327741413702585	0.327741413702585
'6140032'	0.327741413702585	0.327741413702585	0.745185777746699	0.135325992656172	0.135325992656172	0.666267724445322	0.990035691177431	0.990104872694054	0.990104872694054	0.990104872694054	0.759269406392694	0.327741413702585	0.327741413702585
'6140034'	0.327741413702585	0.327741413702585	0.745185777746699	0.135325992656172	0.135325992656172	0.666267724445322	0.990035691177431	0.990104872694054	0.990104872694054	0.990104872694054	0.759269406392694	0.327741413702585	0.327741413702585
'6140036'	0.327741413702585	0.327741413702585	0.745185777746699	0.135325992656172	0.135325992656172	0.666267724445322	0.990035691177431	0.990104872694054	0.990104872694054	0.990104872694054	0.759269406392694	0.327741413702585	0.327741413702585
'6140038'	0.327741413702585	0.327741413702585	0.745185777746699	0.135325992656172	0.135325992656172	0.666267724445322	0.990035691177431	0.990104872694054	0.990104872694054	0.990104872694054	0.759269406392694	0.327741413702585	0.327741413702585
'6140040'	0.327741413702585	0.327741413702585	0.745185777746699	0.135325992656172	0.135325992656172	0.666267724445322	0.990035691177431	0.990104872694054	0.990104872694054	0.990104872694054	0.759269406392694	0.327741413702585	0.327741413702585
'6140042'	0.327741413702585	0.327741413702585	0.745185777746699	0.135325992656172	0.135325992656172	0.666267724445322	0.990035691177431	0.990104872694054	0.990104872694054	0.990104872694054	0.759269406392694	0.327741413702585	0.327741413702585
'6140044'	0.327741413702585	0.327741413702585	0.745185777746699	0.135325992656172	0.135325992656172	0.666267724445322	0.990035691177431	0.990104872694054	0.990104872694054	0.990104872694054	0.759269406392694	0.327741413702585	0.327741413702585
'6140046'	0.327741413702585	0.327741413702585	0.745185777746699	0.135325992656172	0.135325992656172	0.666267724445322	0.990035691177431	0.990104872694054	0.990104872694054	0.990104872694054	0.759269406392694	0.327741413702585	0.327741413702585
'6140048'	0.327741413702585	0.327741413702585	0.745185777746699	0.135325992656172	0.135325992656172	0.666267724445322	0.990035691177431	0.990104872694054	0.990104872694054	0.990104872694054	0.759269406392694	0.327741413702585	0.327741413702585
'6140050'	0.327741413702585	0.327741413702585	0.745185777746699	0.135325992656172	0.135325992656172	0.666267724445322	0.990035691177431	0.990104872694054	0.990104872694054	0.990104872694054	0.759269406392694	0.327741413702585	0.327741413702585
'6140052'	0.327741413702585	0.327741413702585	0.745185777746699	0.135325992656172	0.135325992656172	0.666267724445322	0.990035691177431	0.990104872694054	0.990104872694054	0.990104872694054	0.759269406392694	0.327741413702585	0.327741413702585
'6140054'	0.327741413702585	0.327741413702585	0.745185777746699	0.135325992656172	0.135325992656172	0.666267724445322	0.990035691177431	0.990104872694054	0.990104872694054	0.990104872694054	0.759269406392694	0.327741413702585	0.327741413702585
'6140056'	0.327741413702585	0.327741413702585	0.745185777746699	0.135325992656172	0.135325992656172	0.666267724445322	0.990035691177431	0.990104872694054	0.990104872694054	0.990104872694054	0.759269406392694	0.327741413702585	0.327741413702585
'6140058'	0.327741413702585	0.327741413702585	0.745185777746699	0.135325992656172	0.135325992656172	0.666267724445322	0.990035691177431	0.990104872694054	0.990104872694054	0.990104872694054	0.759269406392694	0.327741413702585	0.327741413702585
'6140060'	0.327741413702585	0.327741413702585	0.745185777746699	0.135325992656172	0.135325992656172	0.666267724445322	0.990035691177431	0.990104872694054	0.990104872694054	0.990104872694054	0.759269406392694	0.327741413702585	0.327741413702585
'6140062'	0.327741413702585	0.327741413702585	0.745185777746699	0.135325992656172	0.135325992656172	0.666267724445322	0.990035691177431	0.990104872694054	0.990104872694054	0.990104872694054	0.759269406392694	0.327741413702585	0.327741413702585
'6140064'	0.327741413702585	0.327741413702585	0.745185777746699	0.135325992656172	0.135325992656172	0.666267724445322	0.990035691177431	0.990104872694054	0.990104872694054	0.990104872694054	0.759269406392694	0.327741413702585	0.327741413702585
'6140066'	0.327741413702585	0.327741413702585	0.745185777746699	0.135325992656172	0.135325992656172	0.666267724445322	0.990035691177431	0.990104872694054	0.990104872694054	0.990104872694054	0.759269406392694	0.327741413702585	0.327741413702585
'6140068'	0.327741413702585	0.327741413702585	0.745185777746699	0.135325992656172	0.135325992656172	0.666267724445322	0.990035691177431	0.990104872694054	0.990104872694054	0.990104872694054	0.759269406392694	0.327741413702585	0.327741413702585
'6140070'	0.327741413702585	0.327741413702585	0.745185777746699	0.135325992656172	0.135325992656172	0.666267724445322	0.990035691177431	0.990104872694054	0.990104872694054	0.990104872694054	0.759269406392694	0.327741413702585	0.327741413702585
'6140072'	0.327741413702585	0.327741413702585	0.745185777746699	0.135325992656172	0.135325992656172	0.666267724445322	0.990035691177431	0.990104872694054	0.990104872694054	0.990104872694054	0.759269406392694	0.327741413702585	0.327741413702585
'6140074'	0.327741413702585	0.327741413702585	0.745185777746699	0.135325992656172	0.135325992656172	0.666267724445322	0.990035691177431	0.990104872694054	0.990104872694054	0.990104872694054	0.759269406392694	0.327741413702585	0.327741413702585
'6140076'	0.327741413702585	0.327741413702585	0.745185777746699	0.135325992656172	0.135325992656172	0.666267724445322	0.990035691177431	0.990104872694054	0.990104872694054	0.990104872694054	0.759269406392694	0.327741413702585	0.327741413702585
'6140080'	0.327741413702585	0.327741413702585	0.745185777746699	0.135325992656172	0.135325992656172	0.666267724445322	0.990035691177431	0.990104872694054	0.990104872694054	0.990104872694054	0.759269406392694	0.327741413702585	0.327741413702585
'6140082'	0.327741413702585	0.327741413702585	0.745185777746699	0.135325992656172	0.135325992656172	0.666267724445322	0.990035691177431	0.990104872694054	0.990104872694054	0.990104872694054	0.759269406392694	0.327741413702585	0.327741413702585
'6140084'	0.327741413702585	0.327741413702585	0.745185777746699	0.135325992656172	0.135325992656172	0.666267724445322	0.990035691177431	0.990104872694054	0.990104872694054	0.990104872694054	0.759269406392694	0.327741413702585	0.327741413702585
'6140086'	0.327741413702585	0.327741413702585	0.745185777746699	0.135325992656172	0.135325992656172	0.666267724445322	0.990035691177431	0.990104872694054	0.990104872694054	0.990104872694054	0.759269406392694	0.327741413702585	0.327741413702585
'6140088'	0.327741413702585	0.327741413702585	0.745185777746699	0.135325992656172	0.135325992656172	0.666267724445322	0.990035691177431	0.990104872694054	0.990104872694054	0.990104872694054	0.759269406392694	0.327741413702585	0.327741413702585
'6140090'	0.327741413702585	0.327741413702585	0.745185777746699	0.135325992656172	0.135325992656172	0.666267724445322	0.990035691177431	0.990104872694054	0.990104872694054	0.990104872694054	0.759269406392694	0.327741413702585	0.327741413702585
'6140092'	0.327741413702585	0.327741413702585	0.745185777746699	0.135325992656172	0.135325992656172	0.666267724445322	0.990035691177431	0.990104872694054	0.990104872694054	0.990104872694054	0.759269406392694	0.327741413702585	0.327741413702585
'6140094'	0.327741413702585	0.327741413702585	0.745185777746699	0.135325992656172	0.135325992656172	0.666267724445322	0.990035691177431	0.990104872694054	0.990104872694054	0.990104872694054	0.759269406392694	0.327741413702585	0.327741413702585
'6140096'	0.327741413702585	0.327741413702585	0.745185777746699	0.135325992656172	0.135325992656172	0.666267724445322	0.990035691177431	0.990104872694054	0.990104872694054	0.990104872694054	0.759269406392694	0.327741413702585	0.327741413702585
'6140098'	0.327741413702585	0.327741413702585	0.745185777746699	0.135325992656172	0.135325992656172	0.666267724445322	0.990035691177431	0.990104872694054	0.990104872694054	0.990104872694054	0.759269406392694	0.327741413702585	0.327741413702585
'6140100'	0.327741413702585	0.327741413702585	0.745185777746699	0.135325992656172	0.135325992656172	0.666267724445322	0.990035691177431	0.990104872694054	0.990104872694054	0.990104872694054	0.759269406392694	0.327741413702585	0.327741413702585
'6140102'	0.327741413702585	0.327741413702585	0.745185777746699	0.135325992656172	0.135325992656172	0.666267724445322	0.990035691177431	0.990104872694054	0.990104872694054	0.990104872694054	0.759269406392694	0.327741413702585	0.327741413702585
'6140104'	0.327741413702585	0.327741413702585	0.745185777746699	0.135325992656172	0.135325992656172	0.666267724445322	0.990035691177431	0.990104872694054	0.990104872694054	0.990104872694054	0.759269406392694	0.327741413702585	0.327741413702585
'6140106'	0.327741413702585	0.327741413702585	0.745185777746699	0.135325992656172	0.135325992656172	0.666267724445322	0.990035691177431	0.990104872694054	0.990104872694054	0.990104872694054	0.759269406392694	0.327741413702585	0.327741413702585
'6140108'	0.327741413702585	0.327741413702585	0.745185777746699	0.135325992656172	0.135325992656172	0.666267724445322	0.990035691177431	0.990104872694054	0.990104872694054	0.990104872694054	0.759269406392694	0.327741413702585	0.327741413702585
'6140110'	0.327741413702585	0.327741413702585	0.745185777746699	0.135325992656172	0.135325992656172	0.666267724445322	0.990035691177431	0.990104872694054	0.990104872694054	0.990104872694054	0.759269406392694	0.327741413702585	0.327741413702585
'6140112'	0.327741413702585	0.327741413702585	0.745185777746699	0.135325992656172	0.135325992656172	0.666267724445322	0.990035691177431	0.990104872694054	0.990104872694054	0.990104872694054	0.759269406392694	0.327741413702585	0.327741413702585
'6140114'	0.327741413702585	0.327741413702585	0.745185777746699	0.135325992656172	0.135325992656172	0.666267724445322	0.990035691177431	0.990104872694054	0.990104872694054	0.990104872694054	0.759269406392694	0.327741413702585	0.327741413702585
'6140116'	0.327741413702585	0.327741413702585	0.745185777746699	0.135325992656172	0.135325992656172	0.666267724445322	0.990035691177431	0.990104872694054	0.990104872694054	0.990104872694054	0.759269406392694	0.327741413702585	0.327741413702585
'6140118'	0.327741413702585	0.327741413702585	0.745185777746699	0.135325992656172	0.135325992656172	0.666267724445322	0.990035691177431	0.990104872694054	0.990104872694054	0.990104872694054	0.759269406392694	0.327741413702585	0.327741413702585
'6140120'	0.327741413702585	0.327741413702585	0.745185777746699	0.135325992656172	0.135325992656172	0.666267724445322	0.990035691177431	0.990104872694054	0.990104872694054	0.990104872694054	0.759269406392694	0.327741413702585	0.327741413702585
'6140122'	0.327741413702585	0.327741413702585	0.745185777746699	0.135325992656172	0.135325992656172	0.666267724445322	0.990035691177431	0.990104872694054	0.990104872694054	0.990104872694054	0.759269406392694	0.327741413702585	0.327741413702585
'6140124'	0.327741413702585	0.327741413702585	0.745185777746699	0.135325992656172	0.135325992656172	0.666267724445322	0.990035691177431	0.990104872694054	0.990104872694054	0.990104872694054	0.759269406392694	0.327741413702585	0.327741413702585
'6140126'	0.327741413702585	0.327741413702585	0.745185777746699	0.135325992656172	0.135325992656172	0.666267724445322	0.990035691177431	0.990104872694054	0.990104872694054	0.990104872694054	0.759269406392694	0.327741413702585	0.327741413702585
'6140128'	0.327741413702585	0.327741413702585	0.745185777746699	0.135325992656172	0.135325992656172	0.666267724445322	0.990035691177431	0.990104872694054	0.990104872694054	0.990104872694054	0.759269406392694	0.327741413702585	0.327741413702585
'6140130'	0.327741413702585	0.327741413702585	0.745185777746699	0.135325992656172	0.135325992656172	0.666267724445322	0.990035691177431	0.990104872694054	0.990104872694054	0.990104872694054	0.759269406392694	0.327741413702585	0.327741413702585
'6140132'	0.327741413702585	0.327741413702585	0.745185777746699	0.135325992656172	0.135325992656172	0.666267724445322	0.990035691177431	0.990104872694054	0.990104872694054	0.990104872694054	0.759269406392694	0.327741413702585	0.327741413702585
'6140134'	0.327741413702585	0.327741413702585	0.745185777746699	0.135325992656172	0.135325992656172	0.666267724445322	0.990035691177431	0.990104872694054	0.990104872694054	0.990104872694054	0.759269406392694	0.327741413702585	0.327741413702585
'6140274'	0.327741413702585	0.327741413702585	0.745185777746699	0.135325992656172	0.135325992656172	0.666267724445322	0.990035691177431	0.990104872694054	0.990104872694054	0.990104872694054	0.759269406392694	0.327741413702585	0.327741413702585
'6140276'	0.327741413702585	0.327741413702585	0.745185777746699	0.135325992656172	0.135325992656172	0.666267724445322	0.990035691177431	0.990104872694054	0.990104872694054	0.990104872694054	0.759269406392694	0.327741413702585	0.327741413702585
'6140278'	0.327741413702585	0.327741413702585	0.745185777746699	0.135325992656172	0.135325992656172	0.666267724445322	0.990035691177431	0.990104872694054	0.990104872694054	0.990104872694054	0.759269406392694	0.327741413702585	0.327741413702585
'6140280'	0.327741413702585	0.327741413702585	0.745185777746699	0.135325992656172	0.135325992656172	0.666267724445322	0.990035691177431	0.990104872694054	0.990104872694054	0.990104872694054	0.759269406392694	0.327741413702585	0.327741413702585
'6140282'	0.327741413702585	0.327741413702585	0.745185777746699	0.135325992656172	0.135325992656172	0.666267724445322	0.990035691177431	0.990104872694054	0.990104872694054	0.990104872694054	0.759269406392694	0.327741413702585	0.327741413702585
'6140284'	0.327741413702585	0.327741413702585	0.745185777746699	0.135325992656172	0.135325992656172	0.666267724445322	0.990035691177431	0.990104872694054	0.990104872694054	0.990104872694054	0.759269406392694	0.327741413702585	0.327741413702585
'6140286'	0.327741413702585	0.327741413702585	0.745185777746699	0.135325992656172	0.135325992656172	0.666267724445322	0.990035691177431	0.990104872694054	0.990104872694054	0.990104872694054	0.759269406392694	0.327741413702585	0.327741413702585
'6140288'	0.327741413702585	0.327741413702585	0.745185777746699	0.135325992656172	0.135325992656172	0.666267724445322	0.990035691177431	0.990104872694054	0.990104872694054	0.990104872694054	0.759269406392694	0.327741413702585	0.327741413702585
'6140290'	0.327741413702585	0.327741413702585	0.745185777746699	0.135325992656172	0.135325992656172	0.666267724445322	0.990035691177431	0.990104872694054	0.990104872694054	0.990104872694054	0.759269406392694	0.327741413702585	0.327741413702585
'6140292'	0.327741413702585	0.327741413702585	0.745185777746699	0.135325992656172	0.135325992656172	0.666267724445322	0.990035691177431	0.990104872694054	0.990104872694054	0.990104872694054	0.759269406392694	0.327741413702585	0.327741413702585
'6140294'	0.327741413702585	0.327741413702585	0.745185777746699	0.135325992656172	0.135325992656172	0.666267724445322	0.990035691177431	0.990104872694054	0.990104872694054	0.990104872694054	0.759269406392694	0.327741413702585	0.327741413702585
'6140296'	0.327741413702585	0.327741413702585	0.745185777746699	0.135325992656172	0.135325992656172	0.666267724445322	0.990035691177431	0.990104872694054	0.990104872694054	0.990104872694054	0.759269406392694	0.327741413702585	0.327741413702585
'6140298'	0.327741413702585	0.327741413702585	0.745185777746699	0.135325992656172	0.135325992656172	0.666267724445322	0.990035691177431	0.990104872694054	0.990104872694054	0.990104872694054	0.759269406392694	0.327741413702585	0.327741413702585
'6140300'	0.327741413702585	0.327741413702585	0.745185777746699	0.135325992656172	0.135325992656172	0.666267724445322	0.990035691177431	0.990104872694054	0.990104872694054	0.990104872694054	0.759269406392694	0.327741413702585	0.327741413702585
'6140302'	0.327741413702585	0.327741413702585	0.745185777746699	0.135325992656172	0.135325992656172	0.666267724445322	0.990035691177431	0.990104872694054	0.990104872694054	0.990104872694054	0.759269406392694	0.327741413702585	0.327741413702585
'6140304'	0.327741413702585	0.327741413702585	0.745185777746699	0.135325992656172	0.135325992656172	0.666267724445322	0.990035691177431	0.990104872694054	0.990104872694054	0.990104872694054	0.759269406392694	0.327741413702585	0.327741413702585
'6140306'	0.327741413702585	0.327741413702585	0.745185777746699	0.135325992656172	0.135325992656172	0.666267724445322	0.990035691177431	0.990104872694054	0.990104872694054	0.990104872694054	0.759269406392694	0.327741413702585	0.327741413702585
'6140308'	0.327741413702585	0.327741413702585	0.745185777746699	0.135325992656172	0.135325992656172	0.666267724445322	0.990035691177431	0.990104872694054	0.990104872694054	0.990104872694054	0.759269406392694	0.327741413702585	0.327741413702585
'6140310'	0.327741413702585	0.327741413702585	0.745185777746699	0.135325992656172	0.135325992656172	0.666267724445322	0.990035691177431	0.990104872694054	0.990104872694054	0.990104872694054	0.759269406392694	0.327741413702585	0.327741413702585
'6140312'	0.327741413702585	0.327741413702585	0.745185777746699	0.135325992656172	0.135325992656172	0.666267724445322	0.990035691177431	0.990104872694054	0.990104872694054	0.990104872694054	0.759269406392694	0.327741413702585	0.327741413702585
'6140314'	0.327741413702585	0.327741413702585	0.745185777746699	0.135325992656172	0.135325992656172	0.666267724445322	0.990035691177431	0.990104872694054	0.990104872694054	0.990104872694054	0.759269406392694	0.327741413702585	0.327741413702585
'6140316'	0.327741413702585	0.327741413702585	0.745185777746699	0.135325992656172	0.135325992656172	0.666267724445322	0.990035691177431	0.990104872694054	0.990104872694054	0.990104872694054	0.759269406392694	0.327741413702585	0.327741413702585
'6140318'	0.327741413702585	0.327741413702585	0.745185777746699	0.135325992656172	0.135325992656172	0.666267724445322	0.990035691177431	0.990104872694054	0.990104872694054	0.990104872694054	0.759269406392694	0.327741413702585	0.327741413702585
'6140320'	0.327741413702585	0.327741413702585	0.745185777746699	0.135325992656172	0.135325992656172	0.666267724445322	0.990035691177431	0.990104872694054	0.990104872694054	0.990104872694054	0.759269406392694	0.327741413702585	0.327741413702585
'6140322'	0.327741413702585	0.327741413702585	0.745185777746699	0.135325992656172	0.135325992656172	0.666267724445322	0.990035691177431	0.990104872694054	0.990104872694054	0.990104872694054	0.759269406392694	0.327741413702585	0.327741413702585
'6140324'	0.327741413702585	0.327741413702585	0.745185777746699	0.135325992656172	0.135325992656172	0.666267724445322	0.990035691177431	0.990104872694054	0.990104872694054	0.990104872694054	0.759269406392694	0.327741413702585	0.327741413702585
'6140326'	0.327741413702585	0.327741413702585	0.745185777746699	0.135325992656172	0.135325992656172	0.666267724445322	0.990035691177431	0.990104872694054	0.990104872694054	0.990104872694054	0.759269406392694	0.327741413702585	0.327741413702585
'6140328'	0.327741413702585	0.327741413702585	0.745185777746699	0.135325992656172	0.135325992656172	0.666267724445322	0.990035691177431	0.990104872694054	0.990104872694054	0.990104872694054	0.759269406392694	0.327741413702585	0.327741413702585
'6140330'	0.327741413702585	0.327741413702585	0.745185777746699	0.135325992656172	0.135325992656172	0.666267724445322	0.990035691177431	0.990104872694054	0.990104872694054	0.990104872694054	0.759269406392694	0.327741413702585	0.327741413702585
'6140332'	0.327741413702585	0.327741413702585	0.745185777746699	0.135325992656172	0.135325992656172	0.666267724445322	0.990035691177431	0.990104872694054	0.990104872694054	0.990104872694054	0.759269406392694	0.327741413702585	0.327741413702585
'6140336'	0.327741413702585	0.327741413702585	0.745185777746699	0.135325992656172	0.135325992656172	0.666267724445322	0.990035691177431	0.990104872694054	0.990104872694054	0.990104872694054	0.759269406392694	0.327741413702585	0.327741413702585
'6140338'	0.327741413702585	0.327741413702585	0.745185777746699	0.135325992656172	0.135325992656172	0.666267724445322	0.990035691177431	0.990104872694054	0.990104872694054	0.990104872694054	0.759269406392694	0.327741413702585	0.327741413702585
'6140340'	0.327741413702585	0.327741413702585	0.745185777746699	0.135325992656172	0.135325992656172	0.666267724445322	0.990035691177431	0.990104872694054	0.990104872694054	0.990104872694054	0.759269406392694	0.327741413702585	0.327741413702585
'6140342'	0.327741413702585	0.327741413702585	0.745185777746699	0.135325992656172	0.135325992656172	0.666267724445322	0.990035691177431	0.990104872694054	0.990104872694054	0.990104872694054	0.759269406392694	0.327741413702585	0.327741413702585
'6140344'	0.327741413702585	0.327741413702585	0.745185777746699	0.135325992656172	0.135325992656172	0.666267724445322	0.990035691177431	0.990104872694054	0.990104872694054	0.990104872694054	0.759269406392694	0.327741413702585	0.327741413702585
'6140346'	0.327741413702585	0.327741413702585	0.745185777746699	0.135325992656172	0.135325992656172	0.666267724445322	0.990035691177431	0.990104872694054	0.990104872694054	0.990104872694054	0.759269406392694	0.327741413702585	0.327741413702585
'6140348'	0.327741413702585	0.327741413702585	0.745185777746699	0.135325992656172	0.135325992656172	0.666267724445322	0.990035691177431	0.990104872694054	0.990104872694054	0.990104872694054	0.759269406392694	0.327741413702585	0.327741413702585
'6140350'	0.327741413702585	0.327741413702585	0.745185777746699	0.135325992656172	0.135325992656172	0.666267724445322	0.990035691177431	0.990104872694054	0.990104872694054	0.990104872694054	0.759269406392694	0.327741413702585	0.327741413702585
'6140352'	0.327741413702585	0.327741413702585	0.745185777746699	0.135325992656172	0.135325992656172	0.666267724445322	0.990035691177431	0.990104872694054	0.990104872694054	0.990104872694054	0.759269406392694	0.327741413702585	0.327741413702585
'6140356'	0.327741413702585	0.327741413702585	0.745185777746699	0.135325992656172	0.135325992656172	0.666267724445322	0.990035691177431	0.990104872694054	0.990104872694054	0.990104872694054	0.759269406392694	0.327741413702585	0.327741413702585
'6140358'	0.327741413702585	0.327741413702585	0.745185777746699	0.135325992656172	0.135325992656172	0.666267724445322	0.990035691177431	0.990104872694054	0.990104872694054	0.990104872694054	0.759269406392694	0.327741413702585	0.327741413702585
'6140360'	0.327741413702585	0.327741413702585	0.745185777746699	0.135325992656172	0.135325992656172	0.666267724445322	0.990035691177431	0.990104872694054	0.990104872694054	0.990104872694054	0.759269406392694	0.327741413702585	0.327741413702585
'6140362'	0.327741413702585	0.327741413702585	0.745185777746699	0.135325992656172	0.135325992656172	0.666267724445322	0.990035691177431	0.990104872694054	0.990104872694054	0.990104872694054	0.759269406392694	0.327741413702585	0.327741413702585
'6140364'	0.327741413702585	0.327741413702585	0.745185777746699	0.135325992656172	0.135325992656172	0.666267724445322	0.990035691177431	0.990104872694054	0.990104872694054	0.990104872694054	0.759269406392694	0.327741413702585	0.327741413702585
'6140366'	0.327741413702585	0.327741413702585	0.745185777746699	0.135325992656172	0.135325992656172	0.666267724445322	0.990035691177431	0.990104872694054	0.990104872694054	0.990104872694054	0.759269406392694	0.327741413702585	0.327741413702585
'6140368'	0.327741413702585	0.327741413702585	0.745185777746699	0.135325992656172	0.135325992656172	0.666267724445322	0.990035691177431	0.990104872694054	0.990104872694054	0.990104872694054	0.759269406392694	0.327741413702585	0.327741413702585
'6140370'	0.327741413702585	0.327741413702585	0.745185777746699	0.135325992656172	0.135325992656172	0.666267724445322	0.990035691177431	0.990104872694054	0.990104872694054	0.990104872694054	0.759269406392694	0.327741413702585	0.327741413702585
'6140372'	0.327741413702585	0.327741413702585	0.745185777746699	0.135325992656172	0.135325992656172	0.666267724445322	0.990035691177431	0.990104872694054	0.990104872694054	0.990104872694054	0.759269406392694	0.327741413702585	0.327741413702585
'6140374'	0.327741413702585	0.327741413702585	0.745185777746699	0.135325992656172	0.135325992656172	0.666267724445322	0.990035691177431	0.990104872694054	0.990104872694054	0.990104872694054	0.759269406392694	0.327741413702585	0.327741413702585
'6140376'	0.327741413702585	0.327741413702585	0.745185777746699	0.135325992656172	0.135325992656172	0.666267724445322	0.990035691177431	0.990104872694054	0.990104872694054	0.990104872694054	0.759269406392694	0.327741413702585	0.327741413702585
'6140380'	0.327741413702585	0.327741413702585	0.745185777746699	0.135325992656172	0.135325992656172	0.666267724445322	0.990035691177431	0.990104872694054	0.990104872694054	0.990104872694054	0.759269406392694	0.327741413702585	0.327741413702585
'6140382'	0.327741413702585	0.327741413702585	0.745185777746699	0.135325992656172	0.135325992656172	0.666267724445322	0.990035691177431	0.990104872694054	0.990104872694054	0.990104872694054	0.759269406392694	0.327741413702585	0.327741413702585
'6140384'	0.327741413702585	0.327741413702585	0.745185777746699	0.135325992656172	0.135325992656172	0.666267724445322	0.990035691177431	0.990104872694054	0.990104872694054	0.990104872694054	0.759269406392694	0.327741413702585	0.327741413702585
'6140386'	0.327741413702585	0.327741413702585	0.745185777746699	0.135325992656172	0.135325992656172	0.666267724445322	0.990035691177431	0.990104872694054	0.990104872694054	0.990104872694054	0.759269406392694	0.327741413702585	0.327741413702585
'6140388'	0.327741413702585	0.327741413702585	0.745185777746699	0.135325992656172	0.135325992656172	0.666267724445322	0.990035691177431	0.990104872694054	0.990104872694054	0.990104872694054	0.759269406392694	0.327741413702585	0.327741413702585
'6140390'	0.327741413702585	0.327741413702585	0.745185777746699	0.135325992656172	0.135325992656172	0.666267724445322	0.990035691177431	0.990104872694054	0.990104872694054	0.990104872694054	0.759269406392694	0.327741413702585	0.327741413702585
'6140392'	0.327741413702585	0.327741413702585	0.745185777746699	0.135325992656172	0.135325992656172	0.666267724445322	0.990035691177431	0.990104872694054	0.990104872694054	0.990104872694054	0.759269406392694	0.327741413702585	0.327741413702585
'6140394'	0.327741413702585	0.327741413702585	0.745185777746699	0.135325992656172	0.135325992656172	0.666267724445322	0.990035691177431	0.990104872694054	0.990104872694054	0.990104872694054	0.759269406392694	0.327741413702585	0.327741413702585
'6140396'	0.327741413702585	0.327741413702585	0.745185777746699	0.135325992656172	0.135325992656172	0.666267724445322	0.990035691177431	0.990104872694054	0.990104872694054	0.990104872694054	0.759269406392694	0.327741413702585	0.327741413702585
'6140398'	0.327741413702585	0.327741413702585	0.745185777746699	0.135325992656172	0.135325992656172	0.666267724445322	0.990035691177431	0.990104872694054	0.990104872694054	0.990104872694054	0.759269406392694	0.327741413702585	0.327741413702585
'6140402'	0.327741413702585	0.327741413702585	0.745185777746699	0.135325992656172	0.135325992656172	0.666267724445322	0.990035691177431	0.990104872694054	0.990104872694054	0.990104872694054	0.759269406392694	0.327741413702585	0.327741413702585
'6140404'	0.327741413702585	0.327741413702585	0.745185777746699	0.135325992656172	0.135325992656172	0.666267724445322	0.990035691177431	0.990104872694054	0.990104872694054	0.990104872694054	0.759269406392694	0.327741413702585	0.327741413702585
'6140406'	0.327741413702585	0.327741413702585	0.745185777746699	0.135325992656172	0.135325992656172	0.666267724445322	0.990035691177431	0.990104872694054	0.990104872694054	0.990104872694054	0.759269406392694	0.327741413702585	0.327741413702585
'6140408'	0.327741413702585	0.327741413702585	0.745185777746699	0.135325992656172	0.135325992656172	0.666267724445322	0.990035691177431	0.990104872694054	0.990104872694054	0.990104872694054	0.759269406392694	0.327741413702585	0.327741413702585
'6140410'	0.327741413702585	0.327741413702585	0.745185777746699	0.135325992656172	0.135325992656172	0.666267724445322	0.990035691177431	0.990104872694054	0.990104872694054	0.990104872694054	0.759269406392694	0.327741413702585	0.327741413702585
'6140414'	0.327741413702585	0.327741413702585	0.745185777746699	0.135325992656172	0.135325992656172	0.666267724445322	0.990035691177431	0.990104872694054	0.990104872694054	0.990104872694054	0.759269406392694	0.327741413702585	0.327741413702585
'6140416'	0.327741413702585	0.327741413702585	0.745185777746699	0.135325992656172	0.135325992656172	0.666267724445322	0.990035691177431	0.990104872694054	0.990104872694054	0.990104872694054	0.759269406392694	0.327741413702585	0.327741413702585
'6140418'	0.327741413702585	0.327741413702585	0.745185777746699	0.135325992656172	0.135325992656172	0.666267724445322	0.990035691177431	0.990104872694054	0.990104872694054	0.990104872694054	0.759269406392694	0.327741413702585	0.327741413702585
'6140420'	0.327741413702585	0.327741413702585	0.745185777746699	0.135325992656172	0.135325992656172	0.666267724445322	0.990035691177431	0.990104872694054	0.990104872694054	0.990104872694054	0.759269406392694	0.327741413702585	0.327741413702585
'6140422'	0.327741413702585	0.327741413702585	0.745185777746699	0.135325992656172	0.135325992656172	0.666267724445322	0.990035691177431	0.990104872694054	0.990104872694054	0.990104872694054	0.759269406392694	0.327741413702585	0.327741413702585
'6140426'	0.327741413702585	0.327741413702585	0.745185777746699	0.135325992656172	0.135325992656172	0.666267724445322	0.990035691177431	0.990104872694054	0.990104872694054	0.990104872694054	0.759269406392694	0.327741413702585	0.327741413702585
'6140428'	0.327741413702585	0.327741413702585	0.745185777746699	0.135325992656172	0.135325992656172	0.666267724445322	0.990035691177431	0.990104872694054	0.990104872694054	0.990104872694054	0.759269406392694	0.327741413702585	0.327741413702585
'6140430'	0.327741413702585	0.327741413702585	0.745185777746699	0.135325992656172	0.135325992656172	0.666267724445322	0.990035691177431	0.990104872694054	0.990104872694054	0.990104872694054	0.759269406392694	0.327741413702585	0.327741413702585
'6140432'	0.327741413702585	0.327741413702585	0.745185777746699	0.135325992656172	0.135325992656172	0.666267724445322	0.990035691177431	0.990104872694054	0.990104872694054	0.990104872694054	0.759269406392694	0.327741413702585	0.327741413702585
'6140434'	0.327741413702585	0.327741413702585	0.745185777746699	0.135325992656172	0.135325992656172	0.666267724445322	0.990035691177431	0.990104872694054	0.990104872694054	0.990104872694054	0.759269406392694	0.327741413702585	0.327741413702585
'6140436'	0.327741413702585	0.327741413702585	0.745185777746699	0.135325992656172	0.135325992656172	0.666267724445322	0.990035691177431	0.990104872694054	0.990104872694054	0.990104872694054	0.759269406392694	0.327741413702585	0.327741413702585
'6140438'	0.327741413702585	0.327741413702585	0.745185777746699	0.135325992656172	0.135325992656172	0.666267724445322	0.990035691177431	0.990104872694054	0.990104872694054	0.990104872694054	0.759269406392694	0.327741413702585	0.327741413702585
'6140442'	0.327741413702585	0.327741413702585	0.745185777746699	0.135325992656172	0.135325992656172	0.666267724445322	0.990035691177431	0.990104872694054	0.990104872694054	0.990104872694054	0.759269406392694	0.327741413702585	0.327741413702585
'6140444'	0.327741413702585	0.327741413702585	0.745185777746699	0.135325992656172	0.135325992656172	0.666267724445322	0.990035691177431	0.990104872694054	0.990104872694054	0.990104872694054	0.759269406392694	0.327741413702585	0.327741413702585
'6140448'	0.327741413702585	0.327741413702585	0.745185777746699	0.135325992656172	0.135325992656172	0.666267724445322	0.990035691177431	0.990104872694054	0.990104872694054	0.990104872694054	0.759269406392694	0.327741413702585	0.327741413702585
'6140450'	0.327741413702585	0.327741413702585	0.745185777746699	0.135325992656172	0.135325992656172	0.666267724445322	0.990035691177431	0.990104872694054	0.990104872694054	0.990104872694054	0.759269406392694	0.327741413702585	0.327741413702585
'6140452'	0.327741413702585	0.327741413702585	0.745185777746699	0.135325992656172	0.135325992656172	0.666267724445322	0.990035691177431	0.990104872694054	0.990104872694054	0.990104872694054	0.759269406392694	0.327741413702585	0.327741413702585
'6140454'	0.327741413702585	0.327741413702585	0.745185777746699	0.135325992656172	0.135325992656172	0.666267724445322	0.990035691177431	0.990104872694054	0.990104872694054	0.990104872694054	0.759269406392694	0.327741413702585	0.327741413702585
'6140456'	0.327741413702585	0.327741413702585	0.745185777746699	0.135325992656172	0.135325992656172	0.666267724445322	0.990035691177431	0.990104872694054	0.990104872694054	0.990104872694054	0.759269406392694	0.327741413702585	0.327741413702585
'6140458'	0.327741413702585	0.327741413702585	0.745185777746699	0.135325992656172	0.135325992656172	0.666267724445322	0.990035691177431	0.990104872694054	0.990104872694054	0.990104872694054	0.759269406392694	0.327741413702585	0.327741413702585
'6140460'	0.327741413702585	0.327741413702585	0.745185777746699	0.135325992656172	0.135325992656172	0.666267724445322	0.990035691177431	0.990104872694054	0.990104872694054	0.990104872694054	0.759269406392694	0.327741413702585	0.327741413702585
'6140462'	0.327741413702585	0.327741413702585	0.745185777746699	0.135325992656172	0.135325992656172	0.666267724445322	0.990035691177431	0.990104872694054	0.990104872694054	0.990104872694054	0.759269406392694	0.327741413702585	0.327741413702585
'6140464'	0.327741413702585	0.327741413702585	0.745185777746699	0.135325992656172	0.135325992656172	0.666267724445322	0.990035691177431	0.990104872694054	0.990104872694054	0.990104872694054	0.759269406392694	0.327741413702585	0.327741413702585
'6140466'	0.327741413702585	0.327741413702585	0.745185777746699	0.135325992656172	0.135325992656172	0.666267724445322	0.990035691177431	0.990104872694054	0.990104872694054	0.990104872694054	0.759269406392694	0.327741413702585	0.327741413702585
'6140468'	0.327741413702585	0.327741413702585	0.745185777746699	0.135325992656172	0.135325992656172	0.666267724445322	0.990035691177431	0.990104872694054	0.990104872694054	0.990104872694054	0.759269406392694	0.327741413702585	0.327741413702585
'6140470'	0.327741413702585	0.327741413702585	0.745185777746699	0.135325992656172	0.135325992656172	0.666267724445322	0.990035691177431	0.990104872694054	0.990104872694054	0.990104872694054	0.759269406392694	0.327741413702585	0.327741413702585
'6140752'	0.327741413702585	0.327741413702585	0.745185777746699	0.135325992656172	0.135325992656172	0.666267724445322	0.990035691177431	0.990104872694054	0.990104872694054	0.990104872694054	0.759269406392694	0.327741413702585	0.327741413702585
'6140754'	0.327741413702585	0.327741413702585	0.745185777746699	0.135325992656172	0.135325992656172	0.666267724445322	0.990035691177431	0.990104872694054	0.990104872694054	0.990104872694054	0.759269406392694	0.327741413702585	0.327741413702585
'6140758'	0.327741413702585	0.327741413702585	0.745185777746699	0.135325992656172	0.135325992656172	0.666267724445322	0.990035691177431	0.990104872694054	0.990104872694054	0.990104872694054	0.759269406392694	0.327741413702585	0.327741413702585
'6140760'	0.327741413702585	0.327741413702585	0.745185777746699	0.135325992656172	0.135325992656172	0.666267724445322	0.990035691177431	0.990104872694054	0.990104872694054	0.990104872694054	0.759269406392694	0.327741413702585	0.327741413702585
'6140762'	0.327741413702585	0.327741413702585	0.745185777746699	0.135325992656172	0.135325992656172	0.666267724445322	0.990035691177431	0.990104872694054	0.990104872694054	0.990104872694054	0.759269406392694	0.327741413702585	0.327741413702585
'6140764'	0.327741413702585	0.327741413702585	0.745185777746699	0.135325992656172	0.135325992656172	0.666267724445322	0.990035691177431	0.990104872694054	0.990104872694054	0.990104872694054	0.759269406392694	0.327741413702585	0.327741413702585
'6140766'	0.327741413702585	0.327741413702585	0.745185777746699	0.135325992656172	0.135325992656172	0.666267724445322	0.990035691177431	0.990104872694054	0.990104872694054	0.990104872694054	0.759269406392694	0.327741413702585	0.327741413702585
'6140768'	0.327741413702585	0.327741413702585	0.745185777746699	0.135325992656172	0.135325992656172	0.666267724445322	0.990035691177431	0.990104872694054	0.990104872694054	0.990104872694054	0.759269406392694	0.327741413702585	0.327741413702585
'6140770'	0.327741413702585	0.327741413702585	0.745185777746699	0.135325992656172	0.135325992656172	0.666267724445322	0.990035691177431	0.990104872694054	0.990104872694054	0.990104872694054	0.759269406392694	0.327741413702585	0.327741413702585
'6140772'	0.327741413702585	0.327741413702585	0.745185777746699	0.135325992656172	0.135325992656172	0.666267724445322	0.990035691177431	0.990104872694054	0.990104872694054	0.990104872694054	0.759269406392694	0.327741413702585	0.327741413702585
'6140778'	0.327741413702585	0.327741413702585	0.745185777746699	0.135325992656172	0.135325992656172	0.666267724445322	0.990035691177431	0.990104872694054	0.990104872694054	0.990104872694054	0.759269406392694	0.327741413702585	0.327741413702585
'6140780'	0.327741413702585	0.327741413702585	0.745185777746699	0.135325992656172	0.135325992656172	0.666267724445322	0.990035691177431	0.990104872694054	0.990104872694054	0.990104872694054	0.759269406392694	0.327741413702585	0.327741413702585
'6140782'	0.327741413702585	0.327741413702585	0.745185777746699	0.135325992656172	0.135325992656172	0.666267724445322	0.990035691177431	0.990104872694054	0.990104872694054	0.990104872694054	0.759269406392694	0.327741413702585	0.327741413702585
'6140784'	0.327741413702585	0.327741413702585	0.745185777746699	0.135325992656172	0.135325992656172	0.666267724445322	0.990035691177431	0.990104872694054	0.990104872694054	0.990104872694054	0.759269406392694	0.327741413702585	0.327741413702585
'6140786'	0.327741413702585	0.327741413702585	0.745185777746699	0.135325992656172	0.135325992656172	0.666267724445322	0.990035691177431	0.990104872694054	0.990104872694054	0.990104872694054	0.759269406392694	0.327741413702585	0.327741413702585
'6140788'	0.327741413702585	0.327741413702585	0.745185777746699	0.135325992656172	0.135325992656172	0.666267724445322	0.990035691177431	0.990104872694054	0.990104872694054	0.990104872694054	0.759269406392694	0.327741413702585	0.327741413702585
'6140794'	0.327741413702585	0.327741413702585	0.745185777746699	0.135325992656172	0.135325992656172	0.666267724445322	0.990035691177431	0.990104872694054	0.990104872694054	0.990104872694054	0.759269406392694	0.327741413702585	0.327741413702585
'6140796'	0.327741413702585	0.327741413702585	0.745185777746699	0.135325992656172	0.135325992656172	0.666267724445322	0.990035691177431	0.990104872694054	0.990104872694054	0.990104872694054	0.759269406392694	0.327741413702585	0.327741413702585
'6140798'	0.327741413702585	0.327741413702585	0.745185777746699	0.135325992656172	0.135325992656172	0.666267724445322	0.990035691177431	0.990104872694054	0.990104872694054	0.990104872694054	0.759269406392694	0.327741413702585	0.327741413702585
'6140800'	0.327741413702585	0.327741413702585	0.745185777746699	0.135325992656172	0.135325992656172	0.666267724445322	0.990035691177431	0.990104872694054	0.990104872694054	0.990104872694054	0.759269406392694	0.327741413702585	0.327741413702585
'6140804'	0.327741413702585	0.327741413702585	0.745185777746699	0.135325992656172	0.135325992656172	0.666267724445322	0.990035691177431	0.990104872694054	0.990104872694054	0.990104872694054	0.759269406392694	0.327741413702585	0.327741413702585
'6140806'	0.327741413702585	0.327741413702585	0.745185777746699	0.135325992656172	0.135325992656172	0.666267724445322	0.990035691177431	0.990104872694054	0.990104872694054	0.990104872694054	0.759269406392694	0.327741413702585	0.327741413702585
'6140808'	0.327741413702585	0.327741413702585	0.745185777746699	0.135325992656172	0.135325992656172	0.666267724445322	0.990035691177431	0.990104872694054	0.990104872694054	0.990104872694054	0.759269406392694	0.327741413702585	0.327741413702585
'6140810'	0.327741413702585	0.327741413702585	0.745185777746699	0.135325992656172	0.135325992656172	0.666267724445322	0.990035691177431	0.990104872694054	0.990104872694054	0.990104872694054	0.759269406392694	0.327741413702585	0.327741413702585
'6140814'	0.327741413702585	0.327741413702585	0.745185777746699	0.135325992656172	0.135325992656172	0.666267724445322	0.990035691177431	0.990104872694054	0.990104872694054	0.990104872694054	0.759269406392694	0.327741413702585	0.327741413702585
'6140816'	0.327741413702585	0.327741413702585	0.745185777746699	0.135325992656172	0.135325992656172	0.666267724445322	0.990035691177431	0.990104872694054	0.990104872694054	0.990104872694054	0.759269406392694	0.327741413702585	0.327741413702585
'6140818'	0.327741413702585	0.327741413702585	0.745185777746699	0.135325992656172	0.135325992656172	0.666267724445322	0.990035691177431	0.990104872694054	0.990104872694054	0.990104872694054	0.759269406392694	0.327741413702585	0.327741413702585
'6140820'	0.327741413702585	0.327741413702585	0.745185777746699	0.135325992656172	0.135325992656172	0.666267724445322	0.990035691177431	0.990104872694054	0.990104872694054	0.990104872694054	0.759269406392694	0.327741413702585	0.327741413702585
'6140822'	0.327741413702585	0.327741413702585	0.745185777746699	0.135325992656172	0.135325992656172	0.666267724445322	0.990035691177431	0.990104872694054	0.990104872694054	0.990104872694054	0.759269406392694	0.327741413702585	0.327741413702585
'6140826'	0.327741413702585	0.327741413702585	0.745185777746699	0.135325992656172	0.135325992656172	0.666267724445322	0.990035691177431	0.990104872694054	0.990104872694054	0.990104872694054	0.759269406392694	0.327741413702585	0.327741413702585
'6140830'	0.327741413702585	0.327741413702585	0.745185777746699	0.135325992656172	0.135325992656172	0.666267724445322	0.990035691177431	0.990104872694054	0.990104872694054	0.990104872694054	0.759269406392694	0.327741413702585	0.327741413702585
'6140832'	0.327741413702585	0.327741413702585	0.745185777746699	0.135325992656172	0.135325992656172	0.666267724445322	0.990035691177431	0.990104872694054	0.990104872694054	0.990104872694054	0.759269406392694	0.327741413702585	0.327741413702585
'6140834'	0.327741413702585	0.327741413702585	0.745185777746699	0.135325992656172	0.135325992656172	0.666267724445322	0.990035691177431	0.990104872694054	0.990104872694054	0.990104872694054	0.759269406392694	0.327741413702585	0.327741413702585
'6140836'	0.327741413702585	0.327741413702585	0.745185777746699	0.135325992656172	0.135325992656172	0.666267724445322	0.990035691177431	0.990104872694054	0.990104872694054	0.990104872694054	0.759269406392694	0.327741413702585	0.327741413702585
'6140838'	0.327741413702585	0.327741413702585	0.745185777746699	0.135325992656172	0.135325992656172	0.666267724445322	0.990035691177431	0.990104872694054	0.990104872694054	0.990104872694054	0.759269406392694	0.327741413702585	0.327741413702585
'6140842'	0.327741413702585	0.327741413702585	0.745185777746699	0.135325992656172	0.135325992656172	0.666267724445322	0.990035691177431	0.990104872694054	0.990104872694054	0.990104872694054	0.759269406392694	0.327741413702585	0.327741413702585
'6140846'	0.327741413702585	0.327741413702585	0.745185777746699	0.135325992656172	0.135325992656172	0.666267724445322	0.990035691177431	0.990104872694054	0.990104872694054	0.990104872694054	0.759269406392694	0.327741413702585	0.327741413702585
'6140848'	0.327741413702585	0.327741413702585	0.745185777746699	0.135325992656172	0.135325992656172	0.666267724445322	0.990035691177431	0.990104872694054	0.990104872694054	0.990104872694054	0.759269406392694	0.327741413702585	0.327741413702585
'6140852'	0.327741413702585	0.327741413702585	0.745185777746699	0.135325992656172	0.135325992656172	0.666267724445322	0.990035691177431	0.990104872694054	0.990104872694054	0.990104872694054	0.759269406392694	0.327741413702585	0.327741413702585
'6140854'	0.327741413702585	0.327741413702585	0.745185777746699	0.135325992656172	0.135325992656172	0.666267724445322	0.990035691177431	0.990104872694054	0.990104872694054	0.990104872694054	0.759269406392694	0.327741413702585	0.327741413702585
'6140856'	0.327741413702585	0.327741413702585	0.745185777746699	0.135325992656172	0.135325992656172	0.666267724445322	0.990035691177431	0.990104872694054	0.990104872694054	0.990104872694054	0.759269406392694	0.327741413702585	0.327741413702585
'6140858'	0.327741413702585	0.327741413702585	0.745185777746699	0.135325992656172	0.135325992656172	0.666267724445322	0.990035691177431	0.990104872694054	0.990104872694054	0.990104872694054	0.759269406392694	0.327741413702585	0.327741413702585
'6140860'	0.327741413702585	0.327741413702585	0.745185777746699	0.135325992656172	0.135325992656172	0.666267724445322	0.990035691177431	0.990104872694054	0.990104872694054	0.990104872694054	0.759269406392694	0.327741413702585	0.327741413702585
'6140864'	0.327741413702585	0.327741413702585	0.745185777746699	0.135325992656172	0.135325992656172	0.666267724445322	0.990035691177431	0.990104872694054	0.990104872694054	0.990104872694054	0.759269406392694	0.327741413702585	0.327741413702585
'6140866'	0.327741413702585	0.327741413702585	0.745185777746699	0.135325992656172	0.135325992656172	0.666267724445322	0.990035691177431	0.990104872694054	0.990104872694054	0.990104872694054	0.759269406392694	0.327741413702585	0.327741413702585
'6140868'	0.327741413702585	0.327741413702585	0.745185777746699	0.135325992656172	0.135325992656172	0.666267724445322	0.990035691177431	0.990104872694054	0.990104872694054	0.990104872694054	0.759269406392694	0.327741413702585	0.327741413702585
'6140872'	0.327741413702585	0.327741413702585	0.745185777746699	0.135325992656172	0.135325992656172	0.666267724445322	0.990035691177431	0.990104872694054	0.990104872694054	0.990104872694054	0.759269406392694	0.327741413702585	0.327741413702585
'6140874'	0.327741413702585	0.327741413702585	0.745185777746699	0.135325992656172	0.135325992656172	0.666267724445322	0.990035691177431	0.990104872694054	0.990104872694054	0.990104872694054	0.759269406392694	0.327741413702585	0.327741413702585
'6140876'	0.327741413702585	0.327741413702585	0.745185777746699	0.135325992656172	0.135325992656172	0.666267724445322	0.990035691177431	0.990104872694054	0.990104872694054	0.990104872694054	0.759269406392694	0.327741413702585	0.327741413702585
'6140878'	0.327741413702585	0.327741413702585	0.745185777746699	0.135325992656172	0.135325992656172	0.666267724445322	0.990035691177431	0.990104872694054	0.990104872694054	0.990104872694054	0.759269406392694	0.327741413702585	0.327741413702585
'6140880'	0.327741413702585	0.327741413702585	0.745185777746699	0.135325992656172	0.135325992656172	0.666267724445322	0.990035691177431	0.990104872694054	0.990104872694054	0.990104872694054	0.759269406392694	0.327741413702585	0.327741413702585
'6140882'	0.327741413702585	0.327741413702585	0.745185777746699	0.135325992656172	0.135325992656172	0.666267724445322	0.990035691177431	0.990104872694054	0.990104872694054	0.990104872694054	0.759269406392694	0.327741413702585	0.327741413702585
'6140884'	0.327741413702585	0.327741413702585	0.745185777746699	0.135325992656172	0.135325992656172	0.666267724445322	0.990035691177431	0.990104872694054	0.990104872694054	0.990104872694054	0.759269406392694	0.327741413702585	0.327741413702585
'6140886'	0.327741413702585	0.327741413702585	0.745185777746699	0.135325992656172	0.135325992656172	0.666267724445322	0.990035691177431	0.990104872694054	0.990104872694054	0.990104872694054	0.759269406392694	0.327741413702585	0.327741413702585
'6140888'	0.327741413702585	0.327741413702585	0.745185777746699	0.135325992656172	0.135325992656172	0.666267724445322	0.990035691177431	0.990104872694054	0.990104872694054	0.990104872694054	0.759269406392694	0.327741413702585	0.327741413702585
'6140892'	0.327741413702585	0.327741413702585	0.745185777746699	0.135325992656172	0.135325992656172	0.666267724445322	0.990035691177431	0.990104872694054	0.990104872694054	0.990104872694054	0.759269406392694	0.327741413702585	0.327741413702585
'6140894'	0.327741413702585	0.327741413702585	0.745185777746699	0.135325992656172	0.135325992656172	0.666267724445322	0.990035691177431	0.990104872694054	0.990104872694054	0.990104872694054	0.759269406392694	0.327741413702585	0.327741413702585
'6140896'	0.327741413702585	0.327741413702585	0.745185777746699	0.135325992656172	0.135325992656172	0.666267724445322	0.990035691177431	0.990104872694054	0.990104872694054	0.990104872694054	0.759269406392694	0.327741413702585	0.327741413702585
'6140900'	0.327741413702585	0.327741413702585	0.745185777746699	0.135325992656172	0.135325992656172	0.666267724445322	0.990035691177431	0.990104872694054	0.990104872694054	0.990104872694054	0.759269406392694	0.327741413702585	0.327741413702585
'6140902'	0.327741413702585	0.327741413702585	0.745185777746699	0.135325992656172	0.135325992656172	0.666267724445322	0.990035691177431	0.990104872694054	0.990104872694054	0.990104872694054	0.759269406392694	0.327741413702585	0.327741413702585
'6140904'	0.327741413702585	0.327741413702585	0.745185777746699	0.135325992656172	0.135325992656172	0.666267724445322	0.990035691177431	0.990104872694054	0.990104872694054	0.990104872694054	0.759269406392694	0.327741413702585	0.327741413702585
'6140906'	0.327741413702585	0.327741413702585	0.745185777746699	0.135325992656172	0.135325992656172	0.666267724445322	0.990035691177431	0.990104872694054	0.990104872694054	0.990104872694054	0.759269406392694	0.327741413702585	0.327741413702585
'6140908'	0.327741413702585	0.327741413702585	0.745185777746699	0.135325992656172	0.135325992656172	0.666267724445322	0.990035691177431	0.990104872694054	0.990104872694054	0.990104872694054	0.759269406392694	0.327741413702585	0.327741413702585
'6140910'	0.327741413702585	0.327741413702585	0.745185777746699	0.135325992656172	0.135325992656172	0.666267724445322	0.990035691177431	0.990104872694054	0.990104872694054	0.990104872694054	0.759269406392694	0.327741413702585	0.327741413702585
'6140914'	0.327741413702585	0.327741413702585	0.745185777746699	0.135325992656172	0.135325992656172	0.666267724445322	0.990035691177431	0.990104872694054	0.990104872694054	0.990104872694054	0.759269406392694	0.327741413702585	0.327741413702585
'6140916'	0.327741413702585	0.327741413702585	0.745185777746699	0.135325992656172	0.135325992656172	0.666267724445322	0.990035691177431	0.990104872694054	0.990104872694054	0.990104872694054	0.759269406392694	0.327741413702585	0.327741413702585
'6140918'	0.327741413702585	0.327741413702585	0.745185777746699	0.135325992656172	0.135325992656172	0.666267724445322	0.990035691177431	0.990104872694054	0.990104872694054	0.990104872694054	0.759269406392694	0.327741413702585	0.327741413702585
'6140920'	0.327741413702585	0.327741413702585	0.745185777746699	0.135325992656172	0.135325992656172	0.666267724445322	0.990035691177431	0.990104872694054	0.990104872694054	0.990104872694054	0.759269406392694	0.327741413702585	0.327741413702585
'6140924'	0.327741413702585	0.327741413702585	0.745185777746699	0.135325992656172	0.135325992656172	0.666267724445322	0.990035691177431	0.990104872694054	0.990104872694054	0.990104872694054	0.759269406392694	0.327741413702585	0.327741413702585
'6140926'	0.327741413702585	0.327741413702585	0.745185777746699	0.135325992656172	0.135325992656172	0.666267724445322	0.990035691177431	0.990104872694054	0.990104872694054	0.990104872694054	0.759269406392694	0.327741413702585	0.327741413702585
'6140928'	0.327741413702585	0.327741413702585	0.745185777746699	0.135325992656172	0.135325992656172	0.666267724445322	0.990035691177431	0.990104872694054	0.990104872694054	0.990104872694054	0.759269406392694	0.327741413702585	0.327741413702585
'6140930'	0.327741413702585	0.327741413702585	0.745185777746699	0.135325992656172	0.135325992656172	0.666267724445322	0.990035691177431	0.990104872694054	0.990104872694054	0.990104872694054	0.759269406392694	0.327741413702585	0.327741413702585
'6140932'	0.327741413702585	0.327741413702585	0.745185777746699	0.135325992656172	0.135325992656172	0.666267724445322	0.990035691177431	0.990104872694054	0.990104872694054	0.990104872694054	0.759269406392694	0.327741413702585	0.327741413702585
'6140934'	0.327741413702585	0.327741413702585	0.745185777746699	0.135325992656172	0.135325992656172	0.666267724445322	0.990035691177431	0.990104872694054	0.990104872694054	0.990104872694054	0.759269406392694	0.327741413702585	0.327741413702585
'6140938'	0.327741413702585	0.327741413702585	0.745185777746699	0.135325992656172	0.135325992656172	0.666267724445322	0.990035691177431	0.990104872694054	0.990104872694054	0.990104872694054	0.759269406392694	0.327741413702585	0.327741413702585
'6140940'	0.327741413702585	0.327741413702585	0.745185777746699	0.135325992656172	0.135325992656172	0.666267724445322	0.990035691177431	0.990104872694054	0.990104872694054	0.990104872694054	0.759269406392694	0.327741413702585	0.327741413702585
'6140942'	0.327741413702585	0.327741413702585	0.745185777746699	0.135325992656172	0.135325992656172	0.666267724445322	0.990035691177431	0.990104872694054	0.990104872694054	0.990104872694054	0.759269406392694	0.327741413702585	0.327741413702585
'6140944'	0.327741413702585	0.327741413702585	0.745185777746699	0.135325992656172	0.135325992656172	0.666267724445322	0.990035691177431	0.990104872694054	0.990104872694054	0.990104872694054	0.759269406392694	0.327741413702585	0.327741413702585
'6140946'	0.327741413702585	0.327741413702585	0.745185777746699	0.135325992656172	0.135325992656172	0.666267724445322	0.990035691177431	0.990104872694054	0.990104872694054	0.990104872694054	0.759269406392694	0.327741413702585	0.327741413702585
'6140948'	0.327741413702585	0.327741413702585	0.745185777746699	0.135325992656172	0.135325992656172	0.666267724445322	0.990035691177431	0.990104872694054	0.990104872694054	0.990104872694054	0.759269406392694	0.327741413702585	0.327741413702585
'6140952'	0.327741413702585	0.327741413702585	0.745185777746699	0.135325992656172	0.135325992656172	0.666267724445322	0.990035691177431	0.990104872694054	0.990104872694054	0.990104872694054	0.759269406392694	0.327741413702585	0.327741413702585
'6141024'	0.327741413702585	0.327741413702585	0.745185777746699	0.135325992656172	0.135325992656172	0.666267724445322	0.990035691177431	0.990104872694054	0.990104872694054	0.990104872694054	0.759269406392694	0.327741413702585	0.327741413702585
'6141030'	0.327741413702585	0.327741413702585	0.745185777746699	0.135325992656172	0.135325992656172	0.666267724445322	0.990035691177431	0.990104872694054	0.990104872694054	0.990104872694054	0.759269406392694	0.327741413702585	0.327741413702585
'6141032'	0.327741413702585	0.327741413702585	0.745185777746699	0.135325992656172	0.135325992656172	0.666267724445322	0.990035691177431	0.990104872694054	0.990104872694054	0.990104872694054	0.759269406392694	0.327741413702585	0.327741413702585
'6141034'	0.327741413702585	0.327741413702585	0.745185777746699	0.135325992656172	0.135325992656172	0.666267724445322	0.990035691177431	0.990104872694054	0.990104872694054	0.990104872694054	0.759269406392694	0.327741413702585	0.327741413702585
'6141038'	0.327741413702585	0.327741413702585	0.745185777746699	0.135325992656172	0.135325992656172	0.666267724445322	0.990035691177431	0.990104872694054	0.990104872694054	0.990104872694054	0.759269406392694	0.327741413702585	0.327741413702585
'6141042'	0.327741413702585	0.327741413702585	0.745185777746699	0.135325992656172	0.135325992656172	0.666267724445322	0.990035691177431	0.990104872694054	0.990104872694054	0.990104872694054	0.759269406392694	0.327741413702585	0.327741413702585
'6141046'	0.327741413702585	0.327741413702585	0.745185777746699	0.135325992656172	0.135325992656172	0.666267724445322	0.990035691177431	0.990104872694054	0.990104872694054	0.990104872694054	0.759269406392694	0.327741413702585	0.327741413702585
'6141050'	0.327741413702585	0.327741413702585	0.745185777746699	0.135325992656172	0.135325992656172	0.666267724445322	0.990035691177431	0.990104872694054	0.990104872694054	0.990104872694054	0.759269406392694	0.327741413702585	0.327741413702585
'6141054'	0.327741413702585	0.327741413702585	0.745185777746699	0.135325992656172	0.135325992656172	0.666267724445322	0.990035691177431	0.990104872694054	0.990104872694054	0.990104872694054	0.759269406392694	0.327741413702585	0.327741413702585
'6141056'	0.327741413702585	0.327741413702585	0.745185777746699	0.135325992656172	0.135325992656172	0.666267724445322	0.990035691177431	0.990104872694054	0.990104872694054	0.990104872694054	0.759269406392694	0.327741413702585	0.327741413702585
'6141060'	0.327741413702585	0.327741413702585	0.745185777746699	0.135325992656172	0.135325992656172	0.666267724445322	0.990035691177431	0.990104872694054	0.990104872694054	0.990104872694054	0.759269406392694	0.327741413702585	0.327741413702585
'6141062'	0.327741413702585	0.327741413702585	0.745185777746699	0.135325992656172	0.135325992656172	0.666267724445322	0.990035691177431	0.990104872694054	0.990104872694054	0.990104872694054	0.759269406392694	0.327741413702585	0.327741413702585
'6141064'	0.327741413702585	0.327741413702585	0.745185777746699	0.135325992656172	0.135325992656172	0.666267724445322	0.990035691177431	0.990104872694054	0.990104872694054	0.990104872694054	0.759269406392694	0.327741413702585	0.327741413702585
'6141066'	0.327741413702585	0.327741413702585	0.745185777746699	0.135325992656172	0.135325992656172	0.666267724445322	0.990035691177431	0.990104872694054	0.990104872694054	0.990104872694054	0.759269406392694	0.327741413702585	0.327741413702585
'6141070'	0.327741413702585	0.327741413702585	0.745185777746699	0.135325992656172	0.135325992656172	0.666267724445322	0.990035691177431	0.990104872694054	0.990104872694054	0.990104872694054	0.759269406392694	0.327741413702585	0.327741413702585
'6141074'	0.327741413702585	0.327741413702585	0.745185777746699	0.135325992656172	0.135325992656172	0.666267724445322	0.990035691177431	0.990104872694054	0.990104872694054	0.990104872694054	0.759269406392694	0.327741413702585	0.327741413702585
'6141076'	0.327741413702585	0.327741413702585	0.745185777746699	0.135325992656172	0.135325992656172	0.666267724445322	0.990035691177431	0.990104872694054	0.990104872694054	0.990104872694054	0.759269406392694	0.327741413702585	0.327741413702585
'6141084'	0.327741413702585	0.327741413702585	0.745185777746699	0.135325992656172	0.135325992656172	0.666267724445322	0.990035691177431	0.990104872694054	0.990104872694054	0.990104872694054	0.759269406392694	0.327741413702585	0.327741413702585
'6141086'	0.327741413702585	0.327741413702585	0.745185777746699	0.135325992656172	0.135325992656172	0.666267724445322	0.990035691177431	0.990104872694054	0.990104872694054	0.990104872694054	0.759269406392694	0.327741413702585	0.327741413702585
'6141090'	0.327741413702585	0.327741413702585	0.745185777746699	0.135325992656172	0.135325992656172	0.666267724445322	0.990035691177431	0.990104872694054	0.990104872694054	0.990104872694054	0.759269406392694	0.327741413702585	0.327741413702585
'6141100'	0.327741413702585	0.327741413702585	0.745185777746699	0.135325992656172	0.135325992656172	0.666267724445322	0.990035691177431	0.990104872694054	0.990104872694054	0.990104872694054	0.759269406392694	0.327741413702585	0.327741413702585
'6141104'	0.327741413702585	0.327741413702585	0.745185777746699	0.135325992656172	0.135325992656172	0.666267724445322	0.990035691177431	0.990104872694054	0.990104872694054	0.990104872694054	0.759269406392694	0.327741413702585	0.327741413702585
'6141106'	0.327741413702585	0.327741413702585	0.745185777746699	0.135325992656172	0.135325992656172	0.666267724445322	0.990035691177431	0.990104872694054	0.990104872694054	0.990104872694054	0.759269406392694	0.327741413702585	0.327741413702585
'6141108'	0.327741413702585	0.327741413702585	0.745185777746699	0.135325992656172	0.135325992656172	0.666267724445322	0.990035691177431	0.990104872694054	0.990104872694054	0.990104872694054	0.759269406392694	0.327741413702585	0.327741413702585
'6141110'	0.327741413702585	0.327741413702585	0.745185777746699	0.135325992656172	0.135325992656172	0.666267724445322	0.990035691177431	0.990104872694054	0.990104872694054	0.990104872694054	0.759269406392694	0.327741413702585	0.327741413702585
'6141112'	0.327741413702585	0.327741413702585	0.745185777746699	0.135325992656172	0.135325992656172	0.666267724445322	0.990035691177431	0.990104872694054	0.990104872694054	0.990104872694054	0.759269406392694	0.327741413702585	0.327741413702585
'6141126'	0.327741413702585	0.327741413702585	0.745185777746699	0.135325992656172	0.135325992656172	0.666267724445322	0.990035691177431	0.990104872694054	0.990104872694054	0.990104872694054	0.759269406392694	0.327741413702585	0.327741413702585
'6141128'	0.327741413702585	0.327741413702585	0.745185777746699	0.135325992656172	0.135325992656172	0.666267724445322	0.990035691177431	0.990104872694054	0.990104872694054	0.990104872694054	0.759269406392694	0.327741413702585	0.327741413702585
'6141130'	0.327741413702585	0.327741413702585	0.745185777746699	0.135325992656172	0.135325992656172	0.666267724445322	0.990035691177431	0.990104872694054	0.990104872694054	0.990104872694054	0.759269406392694	0.327741413702585	0.327741413702585
'6141148'	0.327741413702585	0.327741413702585	0.745185777746699	0.135325992656172	0.135325992656172	0.666267724445322	0.990035691177431	0.990104872694054	0.990104872694054	0.990104872694054	0.759269406392694	0.327741413702585	0.327741413702585
'6141150'	0.327741413702585	0.327741413702585	0.745185777746699	0.135325992656172	0.135325992656172	0.666267724445322	0.990035691177431	0.990104872694054	0.990104872694054	0.990104872694054	0.759269406392694	0.327741413702585	0.327741413702585
'6141152'	0.327741413702585	0.327741413702585	0.745185777746699	0.135325992656172	0.135325992656172	0.666267724445322	0.990035691177431	0.990104872694054	0.990104872694054	0.990104872694054	0.759269406392694	0.327741413702585	0.327741413702585
'6141154'	0.327741413702585	0.327741413702585	0.745185777746699	0.135325992656172	0.135325992656172	0.666267724445322	0.990035691177431	0.990104872694054	0.990104872694054	0.990104872694054	0.759269406392694	0.327741413702585	0.327741413702585
'6141170'	0.327741413702585	0.327741413702585	0.745185777746699	0.135325992656172	0.135325992656172	0.666267724445322	0.990035691177431	0.990104872694054	0.990104872694054	0.990104872694054	0.759269406392694	0.327741413702585	0.327741413702585
'6141176'	0.327741413702585	0.327741413702585	0.745185777746699	0.135325992656172	0.135325992656172	0.666267724445322	0.990035691177431	0.990104872694054	0.990104872694054	0.990104872694054	0.759269406392694	0.327741413702585	0.327741413702585
'6141178'	0.327741413702585	0.327741413702585	0.745185777746699	0.135325992656172	0.135325992656172	0.666267724445322	0.990035691177431	0.990104872694054	0.990104872694054	0.990104872694054	0.759269406392694	0.327741413702585	0.327741413702585
'6141180'	0.327741413702585	0.327741413702585	0.745185777746699	0.135325992656172	0.135325992656172	0.666267724445322	0.990035691177431	0.990104872694054	0.990104872694054	0.990104872694054	0.759269406392694	0.327741413702585	0.327741413702585
'6141184'	0.327741413702585	0.327741413702585	0.745185777746699	0.135325992656172	0.135325992656172	0.666267724445322	0.990035691177431	0.990104872694054	0.990104872694054	0.990104872694054	0.759269406392694	0.327741413702585	0.327741413702585
'6141188'	0.327741413702585	0.327741413702585	0.745185777746699	0.135325992656172	0.135325992656172	0.666267724445322	0.990035691177431	0.990104872694054	0.990104872694054	0.990104872694054	0.759269406392694	0.327741413702585	0.327741413702585
'6141196'	0.327741413702585	0.327741413702585	0.745185777746699	0.135325992656172	0.135325992656172	0.666267724445322	0.990035691177431	0.990104872694054	0.990104872694054	0.990104872694054	0.759269406392694	0.327741413702585	0.327741413702585
'6141208'	0.327741413702585	0.327741413702585	0.745185777746699	0.135325992656172	0.135325992656172	0.666267724445322	0.990035691177431	0.990104872694054	0.990104872694054	0.990104872694054	0.759269406392694	0.327741413702585	0.327741413702585
'6141210'	0.327741413702585	0.327741413702585	0.745185777746699	0.135325992656172	0.135325992656172	0.666267724445322	0.990035691177431	0.990104872694054	0.990104872694054	0.990104872694054	0.759269406392694	0.327741413702585	0.327741413702585
'6141214'	0.327741413702585	0.327741413702585	0.745185777746699	0.135325992656172	0.135325992656172	0.666267724445322	0.990035691177431	0.990104872694054	0.990104872694054	0.990104872694054	0.759269406392694	0.327741413702585	0.327741413702585
'6141218'	0.327741413702585	0.327741413702585	0.745185777746699	0.135325992656172	0.135325992656172	0.666267724445322	0.990035691177431	0.990104872694054	0.990104872694054	0.990104872694054	0.759269406392694	0.327741413702585	0.327741413702585
'6141220'	0.327741413702585	0.327741413702585	0.745185777746699	0.135325992656172	0.135325992656172	0.666267724445322	0.990035691177431	0.990104872694054	0.990104872694054	0.990104872694054	0.759269406392694	0.327741413702585	0.327741413702585
'6141228'	0.327741413702585	0.327741413702585	0.745185777746699	0.135325992656172	0.135325992656172	0.666267724445322	0.990035691177431	0.990104872694054	0.990104872694054	0.990104872694054	0.759269406392694	0.327741413702585	0.327741413702585
'6141270'	0.327741413702585	0.327741413702585	0.745185777746699	0.135325992656172	0.135325992656172	0.666267724445322	0.990035691177431	0.990104872694054	0.990104872694054	0.990104872694054	0.759269406392694	0.327741413702585	0.327741413702585
'6141274'	0.327741413702585	0.327741413702585	0.745185777746699	0.135325992656172	0.135325992656172	0.666267724445322	0.990035691177431	0.990104872694054	0.990104872694054	0.990104872694054	0.759269406392694	0.327741413702585	0.327741413702585
'6141306'	0.327741413702585	0.327741413702585	0.745185777746699	0.135325992656172	0.135325992656172	0.666267724445322	0.990035691177431	0.990104872694054	0.990104872694054	0.990104872694054	0.759269406392694	0.327741413702585	0.327741413702585
'6141308'	0.327741413702585	0.327741413702585	0.745185777746699	0.135325992656172	0.135325992656172	0.666267724445322	0.990035691177431	0.990104872694054	0.990104872694054	0.990104872694054	0.759269406392694	0.327741413702585	0.327741413702585
'6141310'	0.327741413702585	0.327741413702585	0.745185777746699	0.135325992656172	0.135325992656172	0.666267724445322	0.990035691177431	0.990104872694054	0.990104872694054	0.990104872694054	0.759269406392694	0.327741413702585	0.327741413702585
'6141312'	0.327741413702585	0.327741413702585	0.745185777746699	0.135325992656172	0.135325992656172	0.666267724445322	0.990035691177431	0.990104872694054	0.990104872694054	0.990104872694054	0.759269406392694	0.327741413702585	0.327741413702585
'6142038'	0.327741413702585	0.327741413702585	0.745185777746699	0.135325992656172	0.135325992656172	0.666267724445322	0.990035691177431	0.990104872694054	0.990104872694054	0.990104872694054	0.759269406392694	0.327741413702585	0.327741413702585
;

param urban_effic_P : 'Biofiltration_w_Underdrain' 'Bioretention_Basin' 'Enhanced_Biofiltration_w_ISR' 'Extended_Dry_Detention_Basin' 'Grass_Swale_w_detention' 'Gravel_Wetland' 'Infiltration_Basin' 'Infiltration_Chamber' 'Infiltration_Trench' 'Porous_Pavement_w_subsurface_infiltration' 'Porous_Pavement_w_underdrain' 'Sand_Filter_w_underdrain' 'Wet_Pond' :=;

param riparianremoval_N1 : 'Grassed_Buffer' 'Forested_Buffer':=
'166174961'	1	16	0	0
'166174961'	2	16	0	0
'166174961'	3	16	0	0
'166174961'	4	16	0	0
'166174962'	1	16	0	0
'166174962'	2	16	0	0
'166174962'	3	16	0	0
'166174962'	4	16	0	0
'166174963'	1	16	0	0
'166174963'	2	16	0	0
'166174963'	3	16	0	0
'166174963'	4	16	0	0
'166174966'	1	16	0.000388435544301437	0.000475516935630144
'166174966'	2	16	0.000246377529250608	0.000301611655874773
'166174966'	3	16	0.000190090087569449	0.000232705418597182
'166174966'	4	16	0.00025059569997496	0.000306775476864472
'24978249'	1	16	0	0
'24978249'	2	16	0	0
'24978249'	3	16	0	0
'24978249'	4	16	0	0
'6139942'	1	16	0	0
'6139942'	2	16	0	0
'6139942'	3	16	0	0
'6139942'	4	16	0	0
'6139944'	1	16	0.0000662693165100718	0.0000918063310120021
'6139944'	2	16	0.0000458077332465079	0.0000634598354533994
'6139944'	3	16	0.00000128029784623106	0.00000177366319821902
'6139944'	4	16	0.0000340337647876668	0.0000471487445506742
'6139946'	1	16	0.0000185351259953197	0.0000256776741045286
'6139946'	2	16	0.00001149730729774	0.0000159278178063388
'6139946'	3	16	0.000000240417755483736	0.000000333063221464611
'6139946'	4	16	0.00000852067153149012	0.0000118041294562867
'6139948'	1	16	0	0
'6139948'	2	16	0	0
'6139948'	3	16	0	0
'6139948'	4	16	0	0
'6139950'	1	16	0	0
'6139950'	2	16	0	0
'6139950'	3	16	0	0
'6139950'	4	16	0	0
'6139952'	1	16	0.000565470163353495	0.000783375228962138
'6139952'	2	16	0.000269205954667498	0.000372945011147809
'6139952'	3	16	0.00000260692685916175	0.00000361151137147926
'6139952'	4	16	0.000280897810854328	0.000389142347649229
'6139954'	1	16	0	0
'6139954'	2	16	0	0
'6139954'	3	16	0	0
'6139954'	4	16	0	0
'6139956'	1	16	0	0
'6139956'	2	16	0	0
'6139956'	3	16	0	0
'6139956'	4	16	0	0
'6139958'	1	16	0	0
'6139958'	2	16	0	0
'6139958'	3	16	0	0
'6139958'	4	16	0	0
'6139960'	1	16	0	0
'6139960'	2	16	0	0
'6139960'	3	16	0	0
'6139960'	4	16	0	0
'6139964'	1	16	0	0
'6139964'	2	16	0	0
'6139964'	3	16	0	0
'6139964'	4	16	0	0
'6139966'	1	16	0	0
'6139966'	2	16	0	0
'6139966'	3	16	0	0
'6139966'	4	16	0	0
'6139968'	1	16	0	0
'6139968'	2	16	0	0
'6139968'	3	16	0	0
'6139968'	4	16	0	0
'6139970'	1	16	0	0
'6139970'	2	16	0	0
'6139970'	3	16	0	0
'6139970'	4	16	0	0
'6139972'	1	16	0	0
'6139972'	2	16	0	0
'6139972'	3	16	0	0
'6139972'	4	16	0	0
'6139974'	1	16	0	0
'6139974'	2	16	0	0
'6139974'	3	16	0	0
'6139974'	4	16	0	0
'6139976'	1	16	0	0
'6139976'	2	16	0	0
'6139976'	3	16	0	0
'6139976'	4	16	0	0
'6139978'	1	16	0	0
'6139978'	2	16	0	0
'6139978'	3	16	0	0
'6139978'	4	16	0	0
'6139980'	1	16	0	0
'6139980'	2	16	0	0
'6139980'	3	16	0	0
'6139980'	4	16	0	0
'6139982'	1	16	0	0
'6139982'	2	16	0	0
'6139982'	3	16	0	0
'6139982'	4	16	0	0
'6139988'	1	16	0	0
'6139988'	2	16	0	0
'6139988'	3	16	0	0
'6139988'	4	16	0	0
'6139990'	1	16	0	0
'6139990'	2	16	0	0
'6139990'	3	16	0	0
'6139990'	4	16	0	0
'6139992'	1	16	0	0
'6139992'	2	16	0	0
'6139992'	3	16	0	0
'6139992'	4	16	0	0
'6139994'	1	16	0	0
'6139994'	2	16	0	0
'6139994'	3	16	0	0
'6139994'	4	16	0	0
'6139996'	1	16	0	0
'6139996'	2	16	0	0
'6139996'	3	16	0	0
'6139996'	4	16	0	0
'6139998'	1	16	0	0
'6139998'	2	16	0	0
'6139998'	3	16	0	0
'6139998'	4	16	0	0
'6140000'	1	16	0	0
'6140000'	2	16	0	0
'6140000'	3	16	0	0
'6140000'	4	16	0	0
'6140002'	1	16	0	0
'6140002'	2	16	0	0
'6140002'	3	16	0	0
'6140002'	4	16	0	0
'6140004'	1	16	0	0
'6140004'	2	16	0	0
'6140004'	3	16	0	0
'6140004'	4	16	0	0
'6140008'	1	16	0	0
'6140008'	2	16	0	0
'6140008'	3	16	0	0
'6140008'	4	16	0	0
'6140010'	1	16	0	0
'6140010'	2	16	0	0
'6140010'	3	16	0	0
'6140010'	4	16	0	0
'6140012'	1	16	0	0
'6140012'	2	16	0	0
'6140012'	3	16	0	0
'6140012'	4	16	0	0
'6140014'	1	16	0	0
'6140014'	2	16	0	0
'6140014'	3	16	0	0
'6140014'	4	16	0	0
'6140016'	1	16	0	0
'6140016'	2	16	0	0
'6140016'	3	16	0	0
'6140016'	4	16	0	0
'6140018'	1	16	0	0
'6140018'	2	16	0	0
'6140018'	3	16	0	0
'6140018'	4	16	0	0
'6140020'	1	16	0	0
'6140020'	2	16	0	0
'6140020'	3	16	0	0
'6140020'	4	16	0	0
'6140022'	1	16	0	0
'6140022'	2	16	0	0
'6140022'	3	16	0	0
'6140022'	4	16	0	0
'6140024'	1	16	0	0
'6140024'	2	16	0	0
'6140024'	3	16	0	0
'6140024'	4	16	0	0
'6140026'	1	16	0	0
'6140026'	2	16	0	0
'6140026'	3	16	0	0
'6140026'	4	16	0	0
'6140028'	1	16	0	0
'6140028'	2	16	0	0
'6140028'	3	16	0	0
'6140028'	4	16	0	0
'6140030'	1	16	0	0
'6140030'	2	16	0	0
'6140030'	3	16	0	0
'6140030'	4	16	0	0
'6140032'	1	16	0.0000246026198887751	0.0000301181562542712
'6140032'	2	16	0.0000106138738282758	0.0000129933442807439
'6140032'	3	16	0.00000343074272908472	0.00000419986351250021
'6140032'	4	16	0.0000105735336107176	0.0000129439603947495
'6140034'	1	16	0	0
'6140034'	2	16	0	0
'6140034'	3	16	0	0
'6140034'	4	16	0	0
'6140036'	1	16	0.0000281522108273794	0.0000344635119526051
'6140036'	2	16	0.0000131443503016335	0.0000160911154192199
'6140036'	3	16	0.00000564037854343618	0.00000690486635457698
'6140036'	4	16	0.0000131602939225063	0.0000161106333594587
'6140038'	1	16	0	0
'6140038'	2	16	0	0
'6140038'	3	16	0	0
'6140038'	4	16	0	0
'6140040'	1	16	0	0
'6140040'	2	16	0	0
'6140040'	3	16	0	0
'6140040'	4	16	0	0
'6140042'	1	16	0	0
'6140042'	2	16	0	0
'6140042'	3	16	0	0
'6140042'	4	16	0	0
'6140044'	1	16	0	0
'6140044'	2	16	0	0
'6140044'	3	16	0	0
'6140044'	4	16	0	0
'6140046'	1	16	0	0
'6140046'	2	16	0	0
'6140046'	3	16	0	0
'6140046'	4	16	0	0
'6140048'	1	16	0	0
'6140048'	2	16	0	0
'6140048'	3	16	0	0
'6140048'	4	16	0	0
'6140050'	1	16	0	0
'6140050'	2	16	0	0
'6140050'	3	16	0	0
'6140050'	4	16	0	0
'6140052'	1	16	0	0
'6140052'	2	16	0	0
'6140052'	3	16	0	0
'6140052'	4	16	0	0
'6140054'	1	16	0	0
'6140054'	2	16	0	0
'6140054'	3	16	0	0
'6140054'	4	16	0	0
'6140056'	1	16	0	0
'6140056'	2	16	0	0
'6140056'	3	16	0	0
'6140056'	4	16	0	0
'6140058'	1	16	0	0
'6140058'	2	16	0	0
'6140058'	3	16	0	0
'6140058'	4	16	0	0
'6140060'	1	16	0	0
'6140060'	2	16	0	0
'6140060'	3	16	0	0
'6140060'	4	16	0	0
'6140062'	1	16	0	0
'6140062'	2	16	0	0
'6140062'	3	16	0	0
'6140062'	4	16	0	0
'6140064'	1	16	0	0
'6140064'	2	16	0	0
'6140064'	3	16	0	0
'6140064'	4	16	0	0
'6140066'	1	16	0	0
'6140066'	2	16	0	0
'6140066'	3	16	0	0
'6140066'	4	16	0	0
'6140068'	1	16	0	0
'6140068'	2	16	0	0
'6140068'	3	16	0	0
'6140068'	4	16	0	0
'6140070'	1	16	0	0
'6140070'	2	16	0	0
'6140070'	3	16	0	0
'6140070'	4	16	0	0
'6140072'	1	16	0	0
'6140072'	2	16	0	0
'6140072'	3	16	0	0
'6140072'	4	16	0	0
'6140074'	1	16	0	0
'6140074'	2	16	0	0
'6140074'	3	16	0	0
'6140074'	4	16	0	0
'6140076'	1	16	0	0
'6140076'	2	16	0	0
'6140076'	3	16	0	0
'6140076'	4	16	0	0
'6140080'	1	16	0	0
'6140080'	2	16	0	0
'6140080'	3	16	0	0
'6140080'	4	16	0	0
'6140082'	1	16	0	0
'6140082'	2	16	0	0
'6140082'	3	16	0	0
'6140082'	4	16	0	0
'6140084'	1	16	0	0
'6140084'	2	16	0	0
'6140084'	3	16	0	0
'6140084'	4	16	0	0
'6140086'	1	16	0	0
'6140086'	2	16	0	0
'6140086'	3	16	0	0
'6140086'	4	16	0	0
'6140088'	1	16	0	0
'6140088'	2	16	0	0
'6140088'	3	16	0	0
'6140088'	4	16	0	0
'6140090'	1	16	0	0
'6140090'	2	16	0	0
'6140090'	3	16	0	0
'6140090'	4	16	0	0
'6140092'	1	16	0	0
'6140092'	2	16	0	0
'6140092'	3	16	0	0
'6140092'	4	16	0	0
'6140094'	1	16	0	0
'6140094'	2	16	0	0
'6140094'	3	16	0	0
'6140094'	4	16	0	0
'6140096'	1	16	0	0
'6140096'	2	16	0	0
'6140096'	3	16	0	0
'6140096'	4	16	0	0
'6140098'	1	16	0	0
'6140098'	2	16	0	0
'6140098'	3	16	0	0
'6140098'	4	16	0	0
'6140100'	1	16	0	0
'6140100'	2	16	0	0
'6140100'	3	16	0	0
'6140100'	4	16	0	0
'6140102'	1	16	0	0
'6140102'	2	16	0	0
'6140102'	3	16	0	0
'6140102'	4	16	0	0
'6140104'	1	16	0	0
'6140104'	2	16	0	0
'6140104'	3	16	0	0
'6140104'	4	16	0	0
'6140106'	1	16	0	0
'6140106'	2	16	0	0
'6140106'	3	16	0	0
'6140106'	4	16	0	0
'6140108'	1	16	0.000259756012881895	0.000317989393785367
'6140108'	2	16	0.00014150770987983	0.000173231604463772
'6140108'	3	16	0.0000804614145153423	0.0000984996502717344
'6140108'	4	16	0.000142296275528042	0.000174196954638548
'6140110'	1	16	0	0
'6140110'	2	16	0	0
'6140110'	3	16	0	0
'6140110'	4	16	0	0
'6140112'	1	16	0	0
'6140112'	2	16	0	0
'6140112'	3	16	0	0
'6140112'	4	16	0	0
'6140114'	1	16	0	0
'6140114'	2	16	0	0
'6140114'	3	16	0	0
'6140114'	4	16	0	0
'6140116'	1	16	0	0
'6140116'	2	16	0	0
'6140116'	3	16	0	0
'6140116'	4	16	0	0
'6140118'	1	16	0	0
'6140118'	2	16	0	0
'6140118'	3	16	0	0
'6140118'	4	16	0	0
'6140120'	1	16	0	0
'6140120'	2	16	0	0
'6140120'	3	16	0	0
'6140120'	4	16	0	0
'6140122'	1	16	0	0
'6140122'	2	16	0	0
'6140122'	3	16	0	0
'6140122'	4	16	0	0
'6140124'	1	16	0	0
'6140124'	2	16	0	0
'6140124'	3	16	0	0
'6140124'	4	16	0	0
'6140126'	1	16	0	0
'6140126'	2	16	0	0
'6140126'	3	16	0	0
'6140126'	4	16	0	0
'6140128'	1	16	0	0
'6140128'	2	16	0	0
'6140128'	3	16	0	0
'6140128'	4	16	0	0
'6140130'	1	16	0	0
'6140130'	2	16	0	0
'6140130'	3	16	0	0
'6140130'	4	16	0	0
'6140132'	1	16	0	0
'6140132'	2	16	0	0
'6140132'	3	16	0	0
'6140132'	4	16	0	0
'6140134'	1	16	0	0
'6140134'	2	16	0	0
'6140134'	3	16	0	0
'6140134'	4	16	0	0
'6140274'	1	16	0.0000442078481460115	0.0000612434314092288
'6140274'	2	16	0.0000294938714436026	0.000040859394168722
'6140274'	3	16	0.000000780670222714146	0.00000108150306434526
'6140274'	4	16	0.0000219735297490709	0.0000304410736654977
'6140276'	1	16	0.0000214665082477109	0.0000297386704080719
'6140276'	2	16	0.0000159402752659156	0.0000220828924237156
'6140276'	3	16	0.000000525053474770244	0.000000727383888083904
'6140276'	4	16	0.0000120572727689988	0.0000167035670990279
'6140278'	1	16	0	0
'6140278'	2	16	0	0
'6140278'	3	16	0	0
'6140278'	4	16	0	0
'6140280'	1	16	0	0
'6140280'	2	16	0	0
'6140280'	3	16	0	0
'6140280'	4	16	0	0
'6140282'	1	16	0	0
'6140282'	2	16	0	0
'6140282'	3	16	0	0
'6140282'	4	16	0	0
'6140284'	1	16	0	0
'6140284'	2	16	0	0
'6140284'	3	16	0	0
'6140284'	4	16	0	0
'6140286'	1	16	0	0
'6140286'	2	16	0	0
'6140286'	3	16	0	0
'6140286'	4	16	0	0
'6140288'	1	16	0	0
'6140288'	2	16	0	0
'6140288'	3	16	0	0
'6140288'	4	16	0	0
'6140290'	1	16	0	0
'6140290'	2	16	0	0
'6140290'	3	16	0	0
'6140290'	4	16	0	0
'6140292'	1	16	0	0
'6140292'	2	16	0	0
'6140292'	3	16	0	0
'6140292'	4	16	0	0
'6140294'	1	16	0	0
'6140294'	2	16	0	0
'6140294'	3	16	0	0
'6140294'	4	16	0	0
'6140296'	1	16	0.0000611921342442414	0.000074910487949345
'6140296'	2	16	0.0000585121849718256	0.0000716297344643486
'6140296'	3	16	0.00000237851233119125	0.00000291173892729257
'6140296'	4	16	0.000045359317780399	0.0000555281927970808
'6140298'	1	16	0	0
'6140298'	2	16	0	0
'6140298'	3	16	0	0
'6140298'	4	16	0	0
'6140300'	1	16	0	0
'6140300'	2	16	0	0
'6140300'	3	16	0	0
'6140300'	4	16	0	0
'6140302'	1	16	0	0
'6140302'	2	16	0	0
'6140302'	3	16	0	0
'6140302'	4	16	0	0
'6140304'	1	16	0	0
'6140304'	2	16	0	0
'6140304'	3	16	0	0
'6140304'	4	16	0	0
'6140306'	1	16	0	0
'6140306'	2	16	0	0
'6140306'	3	16	0	0
'6140306'	4	16	0	0
'6140308'	1	16	0	0
'6140308'	2	16	0	0
'6140308'	3	16	0	0
'6140308'	4	16	0	0
'6140310'	1	16	0	0
'6140310'	2	16	0	0
'6140310'	3	16	0	0
'6140310'	4	16	0	0
'6140312'	1	16	0	0
'6140312'	2	16	0	0
'6140312'	3	16	0	0
'6140312'	4	16	0	0
'6140314'	1	16	0	0
'6140314'	2	16	0	0
'6140314'	3	16	0	0
'6140314'	4	16	0	0
'6140316'	1	16	0	0
'6140316'	2	16	0	0
'6140316'	3	16	0	0
'6140316'	4	16	0	0
'6140318'	1	16	0	0
'6140318'	2	16	0	0
'6140318'	3	16	0	0
'6140318'	4	16	0	0
'6140320'	1	16	0	0
'6140320'	2	16	0	0
'6140320'	3	16	0	0
'6140320'	4	16	0	0
'6140322'	1	16	0	0
'6140322'	2	16	0	0
'6140322'	3	16	0	0
'6140322'	4	16	0	0
'6140324'	1	16	0	0
'6140324'	2	16	0	0
'6140324'	3	16	0	0
'6140324'	4	16	0	0
'6140326'	1	16	0	0
'6140326'	2	16	0	0
'6140326'	3	16	0	0
'6140326'	4	16	0	0
'6140328'	1	16	0	0
'6140328'	2	16	0	0
'6140328'	3	16	0	0
'6140328'	4	16	0	0
'6140330'	1	16	0	0
'6140330'	2	16	0	0
'6140330'	3	16	0	0
'6140330'	4	16	0	0
'6140332'	1	16	0	0
'6140332'	2	16	0	0
'6140332'	3	16	0	0
'6140332'	4	16	0	0
'6140336'	1	16	0	0
'6140336'	2	16	0	0
'6140336'	3	16	0	0
'6140336'	4	16	0	0
'6140338'	1	16	0.000166350331699995	0.000230453766845249
'6140338'	2	16	0.00010953101137117	0.000151739007063589
'6140338'	3	16	0.00000285245849876007	0.00000395165912259508
'6140338'	4	16	0.000081560973063292	0.000112990658196566
'6140340'	1	16	0	0
'6140340'	2	16	0	0
'6140340'	3	16	0	0
'6140340'	4	16	0	0
'6140342'	1	16	0.0000696730360903078	0.0000852926800952109
'6140342'	2	16	0.0000468444567252081	0.0000573462774970551
'6140342'	3	16	0.00000121660205483455	0.00000148934588886984
'6140342'	4	16	0.0000349210187509985	0.0000427497845374089
'6140344'	1	16	0	0
'6140344'	2	16	0	0
'6140344'	3	16	0	0
'6140344'	4	16	0	0
'6140346'	1	16	0	0
'6140346'	2	16	0	0
'6140346'	3	16	0	0
'6140346'	4	16	0	0
'6140348'	1	16	0.0000328386498965107	0.0000454930897307219
'6140348'	2	16	0.000023274486281391	0.0000322433564160713
'6140348'	3	16	0.000000720800931680472	0.000000998563021508749
'6140348'	4	16	0.0000174183293298466	0.0000241305175961627
'6140350'	1	16	0	0
'6140350'	2	16	0	0
'6140350'	3	16	0	0
'6140350'	4	16	0	0
'6140352'	1	16	0	0
'6140352'	2	16	0	0
'6140352'	3	16	0	0
'6140352'	4	16	0	0
'6140356'	1	16	0	0
'6140356'	2	16	0	0
'6140356'	3	16	0	0
'6140356'	4	16	0	0
'6140358'	1	16	0	0
'6140358'	2	16	0	0
'6140358'	3	16	0	0
'6140358'	4	16	0	0
'6140360'	1	16	0	0
'6140360'	2	16	0	0
'6140360'	3	16	0	0
'6140360'	4	16	0	0
'6140362'	1	16	0	0
'6140362'	2	16	0	0
'6140362'	3	16	0	0
'6140362'	4	16	0	0
'6140364'	1	16	0	0
'6140364'	2	16	0	0
'6140364'	3	16	0	0
'6140364'	4	16	0	0
'6140366'	1	16	0	0
'6140366'	2	16	0	0
'6140366'	3	16	0	0
'6140366'	4	16	0	0
'6140368'	1	16	0	0
'6140368'	2	16	0	0
'6140368'	3	16	0	0
'6140368'	4	16	0	0
'6140370'	1	16	0	0
'6140370'	2	16	0	0
'6140370'	3	16	0	0
'6140370'	4	16	0	0
'6140372'	1	16	0	0
'6140372'	2	16	0	0
'6140372'	3	16	0	0
'6140372'	4	16	0	0
'6140374'	1	16	0	0
'6140374'	2	16	0	0
'6140374'	3	16	0	0
'6140374'	4	16	0	0
'6140376'	1	16	0	0
'6140376'	2	16	0	0
'6140376'	3	16	0	0
'6140376'	4	16	0	0
'6140380'	1	16	0	0
'6140380'	2	16	0	0
'6140380'	3	16	0	0
'6140380'	4	16	0	0
'6140382'	1	16	0	0
'6140382'	2	16	0	0
'6140382'	3	16	0	0
'6140382'	4	16	0	0
'6140384'	1	16	0	0
'6140384'	2	16	0	0
'6140384'	3	16	0	0
'6140384'	4	16	0	0
'6140386'	1	16	0	0
'6140386'	2	16	0	0
'6140386'	3	16	0	0
'6140386'	4	16	0	0
'6140388'	1	16	0	0
'6140388'	2	16	0	0
'6140388'	3	16	0	0
'6140388'	4	16	0	0
'6140390'	1	16	0	0
'6140390'	2	16	0	0
'6140390'	3	16	0	0
'6140390'	4	16	0	0
'6140392'	1	16	0	0
'6140392'	2	16	0	0
'6140392'	3	16	0	0
'6140392'	4	16	0	0
'6140394'	1	16	0	0
'6140394'	2	16	0	0
'6140394'	3	16	0	0
'6140394'	4	16	0	0
'6140396'	1	16	0	0
'6140396'	2	16	0	0
'6140396'	3	16	0	0
'6140396'	4	16	0	0
'6140398'	1	16	0	0
'6140398'	2	16	0	0
'6140398'	3	16	0	0
'6140398'	4	16	0	0
'6140402'	1	16	0	0
'6140402'	2	16	0	0
'6140402'	3	16	0	0
'6140402'	4	16	0	0
'6140404'	1	16	0	0
'6140404'	2	16	0	0
'6140404'	3	16	0	0
'6140404'	4	16	0	0
'6140406'	1	16	0	0
'6140406'	2	16	0	0
'6140406'	3	16	0	0
'6140406'	4	16	0	0
'6140408'	1	16	0	0
'6140408'	2	16	0	0
'6140408'	3	16	0	0
'6140408'	4	16	0	0
'6140410'	1	16	0	0
'6140410'	2	16	0	0
'6140410'	3	16	0	0
'6140410'	4	16	0	0
'6140414'	1	16	0	0
'6140414'	2	16	0	0
'6140414'	3	16	0	0
'6140414'	4	16	0	0
'6140416'	1	16	0	0
'6140416'	2	16	0	0
'6140416'	3	16	0	0
'6140416'	4	16	0	0
'6140418'	1	16	0	0
'6140418'	2	16	0	0
'6140418'	3	16	0	0
'6140418'	4	16	0	0
'6140420'	1	16	0	0
'6140420'	2	16	0	0
'6140420'	3	16	0	0
'6140420'	4	16	0	0
'6140422'	1	16	0	0
'6140422'	2	16	0	0
'6140422'	3	16	0	0
'6140422'	4	16	0	0
'6140426'	1	16	0	0
'6140426'	2	16	0	0
'6140426'	3	16	0	0
'6140426'	4	16	0	0
'6140428'	1	16	0.0000425096336621515	0.0000520396524734606
'6140428'	2	16	0.0000247345520724183	0.0000302796656439174
'6140428'	3	16	0.000000930618227604691	0.00000113924880028159
'6140428'	4	16	0.0000243104732363459	0.0000297605147280109
'6140430'	1	16	0	0
'6140430'	2	16	0	0
'6140430'	3	16	0	0
'6140430'	4	16	0	0
'6140432'	1	16	0	0
'6140432'	2	16	0	0
'6140432'	3	16	0	0
'6140432'	4	16	0	0
'6140434'	1	16	0	0
'6140434'	2	16	0	0
'6140434'	3	16	0	0
'6140434'	4	16	0	0
'6140436'	1	16	0	0
'6140436'	2	16	0	0
'6140436'	3	16	0	0
'6140436'	4	16	0	0
'6140438'	1	16	0.000174438258808251	0.000241658392943794
'6140438'	2	16	0.000114321923803594	0.000158376107244844
'6140438'	3	16	0.00000172595105771756	0.00000239104977174846
'6140438'	4	16	0.0000846565778421859	0.000117279160507742
'6140442'	1	16	0	0
'6140442'	2	16	0	0
'6140442'	3	16	0	0
'6140442'	4	16	0	0
'6140444'	1	16	0	0
'6140444'	2	16	0	0
'6140444'	3	16	0	0
'6140444'	4	16	0	0
'6140448'	1	16	0	0
'6140448'	2	16	0	0
'6140448'	3	16	0	0
'6140448'	4	16	0	0
'6140450'	1	16	0	0
'6140450'	2	16	0	0
'6140450'	3	16	0	0
'6140450'	4	16	0	0
'6140452'	1	16	0.00019256369966337	0.000235733577219881
'6140452'	2	16	0.000120161823211679	0.000147100291905849
'6140452'	3	16	0.00000671871540227583	0.00000822495007558306
'6140452'	4	16	0.000118554718134659	0.000145132898106101
'6140454'	1	16	0	0
'6140454'	2	16	0	0
'6140454'	3	16	0	0
'6140454'	4	16	0	0
'6140456'	1	16	0	0
'6140456'	2	16	0	0
'6140456'	3	16	0	0
'6140456'	4	16	0	0
'6140458'	1	16	0	0
'6140458'	2	16	0	0
'6140458'	3	16	0	0
'6140458'	4	16	0	0
'6140460'	1	16	0	0
'6140460'	2	16	0	0
'6140460'	3	16	0	0
'6140460'	4	16	0	0
'6140462'	1	16	0.0000806932200122537	0.000111788514760724
'6140462'	2	16	0.0000486535648437431	0.0000674023139846285
'6140462'	3	16	0.00000116404043784095	0.00000161260576350656
'6140462'	4	16	0.000036030139984599	0.0000499144269479848
'6140464'	1	16	0	0
'6140464'	2	16	0	0
'6140464'	3	16	0	0
'6140464'	4	16	0	0
'6140466'	1	16	0	0
'6140466'	2	16	0	0
'6140466'	3	16	0	0
'6140466'	4	16	0	0
'6140468'	1	16	0	0
'6140468'	2	16	0	0
'6140468'	3	16	0	0
'6140468'	4	16	0	0
'6140470'	1	16	0	0
'6140470'	2	16	0	0
'6140470'	3	16	0	0
'6140470'	4	16	0	0
'6140752'	1	16	0	0
'6140752'	2	16	0	0
'6140752'	3	16	0	0
'6140752'	4	16	0	0
'6140754'	1	16	0	0
'6140754'	2	16	0	0
'6140754'	3	16	0	0
'6140754'	4	16	0	0
'6140758'	1	16	0	0
'6140758'	2	16	0	0
'6140758'	3	16	0	0
'6140758'	4	16	0	0
'6140760'	1	16	0	0
'6140760'	2	16	0	0
'6140760'	3	16	0	0
'6140760'	4	16	0	0
'6140762'	1	16	0	0
'6140762'	2	16	0	0
'6140762'	3	16	0	0
'6140762'	4	16	0	0
'6140764'	1	16	0	0
'6140764'	2	16	0	0
'6140764'	3	16	0	0
'6140764'	4	16	0	0
'6140766'	1	16	0	0
'6140766'	2	16	0	0
'6140766'	3	16	0	0
'6140766'	4	16	0	0
'6140768'	1	16	0.0000940773862164568	0.000115168117496032
'6140768'	2	16	0.0000541852375629431	0.0000663327506978273
'6140768'	3	16	0.0000248192905669448	0.0000303834012310394
'6140768'	4	16	0.0000535466558763925	0.0000655510086271211
'6140770'	1	16	0	0
'6140770'	2	16	0	0
'6140770'	3	16	0	0
'6140770'	4	16	0	0
'6140772'	1	16	0	0
'6140772'	2	16	0	0
'6140772'	3	16	0	0
'6140772'	4	16	0	0
'6140778'	1	16	0	0
'6140778'	2	16	0	0
'6140778'	3	16	0	0
'6140778'	4	16	0	0
'6140780'	1	16	0.000179956236435346	0.000220299710859784
'6140780'	2	16	0.000100488300666654	0.000123016262287794
'6140780'	3	16	0.0000548370611713792	0.0000671307033296142
'6140780'	4	16	0.000101076894952223	0.000123736810536042
'6140782'	1	16	0	0
'6140782'	2	16	0	0
'6140782'	3	16	0	0
'6140782'	4	16	0	0
'6140784'	1	16	0	0
'6140784'	2	16	0	0
'6140784'	3	16	0	0
'6140784'	4	16	0	0
'6140786'	1	16	0.0000599712766846061	0.0000830813288632988
'6140786'	2	16	0.0000338323429341195	0.0000468697043804471
'6140786'	3	16	0.0000235015486115018	0.0000325579176721142
'6140786'	4	16	0.0000346369944535878	0.0000479844299825194
'6140788'	1	16	0.000103535233955058	0.000143432744752068
'6140788'	2	16	0.0000584086205026707	0.0000809164999763898
'6140788'	3	16	0.0000405733956039425	0.0000562084352647629
'6140788'	4	16	0.0000597977819133669	0.0000828409775327578
'6140794'	1	16	0	0
'6140794'	2	16	0	0
'6140794'	3	16	0	0
'6140794'	4	16	0	0
'6140796'	1	16	0.0000591029470673051	0.0000818783866802245
'6140796'	2	16	0.0000390592404589884	0.0000541107973870574
'6140796'	3	16	0.0000291678379059285	0.0000404077229510752
'6140796'	4	16	0.0000391578885791781	0.000054247459758918
'6140798'	1	16	0	0
'6140798'	2	16	0	0
'6140798'	3	16	0	0
'6140798'	4	16	0	0
'6140800'	1	16	0	0
'6140800'	2	16	0	0
'6140800'	3	16	0	0
'6140800'	4	16	0	0
'6140804'	1	16	0.000162657272870094	0.000199122580535833
'6140804'	2	16	0.000117967790268026	0.000144414389862787
'6140804'	3	16	0.000092635146893014	0.000113402549865598
'6140804'	4	16	0.000118232748327727	0.000144738747523839
'6140806'	1	16	0.0000801426110992931	0.000098109375937441
'6140806'	2	16	0.0000581237258615792	0.0000711541886796441
'6140806'	3	16	0.000045642118674287	0.0000558743933866714
'6140806'	4	16	0.0000582542729337238	0.0000713140024366814
'6140808'	1	16	0	0
'6140808'	2	16	0	0
'6140808'	3	16	0	0
'6140808'	4	16	0	0
'6140810'	1	16	0.000692368878258648	0.00084758753967103
'6140810'	2	16	0.000470235501110799	0.00057565520919267
'6140810'	3	16	0.000358832482514753	0.000439277313812348
'6140810'	4	16	0.000471411846289731	0.000577095273221143
'6140814'	1	16	0.000303496860033184	0.000420449985915805
'6140814'	2	16	0.000200571332273577	0.000277861898868803
'6140814'	3	16	0.000125511153789866	0.000173877129527653
'6140814'	4	16	0.000201077895756641	0.00027856366760966
'6140816'	1	16	0	0
'6140816'	2	16	0	0
'6140816'	3	16	0	0
'6140816'	4	16	0	0
'6140818'	1	16	0.0000338430327163169	0.0000468845134917303
'6140818'	2	16	0.0000204306477453522	0.0000283036389761822
'6140818'	3	16	0.0000120334985642188	0.000016670631456584
'6140818'	4	16	0.000020471340343975	0.000028360012549589
'6140820'	1	16	0.0000672659459531422	0.0000931870136169438
'6140820'	2	16	0.0000473021504895566	0.0000655301293889724
'6140820'	3	16	0.0000370373133108972	0.0000513097165427785
'6140820'	4	16	0.0000474168335595842	0.0000656890058108656
'6140822'	1	16	0.0000569790684863676	0.0000789360672132476
'6140822'	2	16	0.0000400683055014855	0.0000555087076746948
'6140822'	3	16	0.0000313732540558152	0.0000434630006533122
'6140822'	4	16	0.0000401654502663251	0.0000556432873701952
'6140826'	1	16	0.000137200301812211	0.000190070714267954
'6140826'	2	16	0.0000837668308976084	0.000116046547787217
'6140826'	3	16	0.0000504618960887701	0.0000699074893146784
'6140826'	4	16	0.0000838632325609526	0.000116180098025565
'6140830'	1	16	0	0
'6140830'	2	16	0	0
'6140830'	3	16	0	0
'6140830'	4	16	0	0
'6140832'	1	16	0.000179249094894315	0.00024832309439872
'6140832'	2	16	0.000110840405905009	0.00015355297941655
'6140832'	3	16	0.0000832714657113634	0.000115360292629397
'6140832'	4	16	0.000112902040333079	0.00015640906882107
'6140834'	1	16	0.000104838731906465	0.000145238548262689
'6140834'	2	16	0.0000648280405874872	0.0000898096565116951
'6140834'	3	16	0.0000487035924745911	0.0000674716198637179
'6140834'	4	16	0.0000660338438258301	0.0000914801184549359
'6140836'	1	16	0.000269776505425823	0.00037373542478924
'6140836'	2	16	0.000206457849005892	0.00028601679667211
'6140836'	3	16	0.00017086906719046	0.000236713806152131
'6140836'	4	16	0.000206866957037031	0.000286583555306487
'6140838'	1	16	0	0
'6140838'	2	16	0	0
'6140838'	3	16	0	0
'6140838'	4	16	0	0
'6140842'	1	16	0	0
'6140842'	2	16	0	0
'6140842'	3	16	0	0
'6140842'	4	16	0	0
'6140846'	1	16	0	0
'6140846'	2	16	0	0
'6140846'	3	16	0	0
'6140846'	4	16	0	0
'6140848'	1	16	0.0000877185898123283	0.000121521124953699
'6140848'	2	16	0.0000565898280303694	0.0000783968321640796
'6140848'	3	16	0.0000443357832597011	0.0000614206665764823
'6140848'	4	16	0.0000574969026081582	0.0000796534497561502
'6140852'	1	16	0	0
'6140852'	2	16	0	0
'6140852'	3	16	0	0
'6140852'	4	16	0	0
'6140854'	1	16	0.000157184663289358	0.000192423094415397
'6140854'	2	16	0.000106754955674353	0.000130687806845519
'6140854'	3	16	0.0000814637467288002	0.0000997266902520329
'6140854'	4	16	0.00010702201479077	0.00013101473658852
'6140856'	1	16	0	0
'6140856'	2	16	0	0
'6140856'	3	16	0	0
'6140856'	4	16	0	0
'6140858'	1	16	0.00016977611081367	0.000235199676835678
'6140858'	2	16	0.000118397438541752	0.000164022129790417
'6140858'	3	16	0.0000972422309784542	0.000134714720412074
'6140858'	4	16	0.00011997120740243	0.00016620235364919
'6140860'	1	16	0.000323677914164448	0.000448407849876336
'6140860'	2	16	0.000225724548441723	0.000312707957514938
'6140860'	3	16	0.00018539217526515	0.000256833423155054
'6140860'	4	16	0.000228724936539672	0.000316864551205517
'6140864'	1	16	0.000578027964260268	0.000800772203724278
'6140864'	2	16	0.000372902746888845	0.000516601570969259
'6140864'	3	16	0.000292153836448106	0.000404735905361341
'6140864'	4	16	0.000378879980138413	0.000524882143082334
'6140866'	1	16	0	0
'6140866'	2	16	0	0
'6140866'	3	16	0	0
'6140866'	4	16	0	0
'6140868'	1	16	0	0
'6140868'	2	16	0	0
'6140868'	3	16	0	0
'6140868'	4	16	0	0
'6140872'	1	16	0	0
'6140872'	2	16	0	0
'6140872'	3	16	0	0
'6140872'	4	16	0	0
'6140874'	1	16	0.000139256673835459	0.00017047592008443
'6140874'	2	16	0.0000851391307206318	0.000104226039909137
'6140874'	3	16	0.0000635515151669023	0.0000777988064948211
'6140874'	4	16	0.0000867984084065501	0.000106257302629922
'6140876'	1	16	0.000409668680332309	0.000567535330866464
'6140876'	2	16	0.000342842916920446	0.000474958125019067
'6140876'	3	16	0.000302148788883662	0.00041858243283546
'6140876'	4	16	0.000343310537004563	0.00047560594344381
'6140878'	1	16	0.000140426462892784	0.00019454008301444
'6140878'	2	16	0.000103765302760103	0.000143751471034212
'6140878'	3	16	0.0000872765296896118	0.000120908716072929
'6140878'	4	16	0.000104972982881064	0.000145424533120566
'6140880'	1	16	0	0
'6140880'	2	16	0	0
'6140880'	3	16	0	0
'6140880'	4	16	0	0
'6140882'	1	16	0.0000328593870457344	0.0000455218179821381
'6140882'	2	16	0.0000278507658125823	0.0000385831144755972
'6140882'	3	16	0.0000247758479721861	0.0000343232708563074
'6140882'	4	16	0.0000278862428342611	0.0000386322626389869
'6140884'	1	16	0	0
'6140884'	2	16	0	0
'6140884'	3	16	0	0
'6140884'	4	16	0	0
'6140886'	1	16	0	0
'6140886'	2	16	0	0
'6140886'	3	16	0	0
'6140886'	4	16	0	0
'6140888'	1	16	0	0
'6140888'	2	16	0	0
'6140888'	3	16	0	0
'6140888'	4	16	0	0
'6140892'	1	16	0	0
'6140892'	2	16	0	0
'6140892'	3	16	0	0
'6140892'	4	16	0	0
'6140894'	1	16	0	0
'6140894'	2	16	0	0
'6140894'	3	16	0	0
'6140894'	4	16	0	0
'6140896'	1	16	0.0000907762834174565	0.000125757106943992
'6140896'	2	16	0.0000509697346282118	0.0000706110244574551
'6140896'	3	16	0.0000353061127688244	0.0000489113943873126
'6140896'	4	16	0.0000522418966266208	0.0000723734166425183
'6140900'	1	16	0.000367863069514316	0.000509619843774753
'6140900'	2	16	0.000367863069514316	0.000509619843774753
'6140900'	3	16	0.000367863069514316	0.000509619843774753
'6140900'	4	16	0.000367863069514316	0.000509619843774753
'6140902'	1	16	0.0000609644562189185	0.0000844572321301986
'6140902'	2	16	0.00005498029853549	0.0000761670672387386
'6140902'	3	16	0.0000516147497188292	0.0000715045974115079
'6140902'	4	16	0.0000552087952072967	0.0000764836155629368
'6140904'	1	16	0.000175191926269719	0.000242702487678496
'6140904'	2	16	0.000157995412486393	0.00021887926269617
'6140904'	3	16	0.00014832392492275	0.000205480847933413
'6140904'	4	16	0.000158652037257002	0.000219788919143766
'6140906'	1	16	0.000544150901656055	0.000753840546858856
'6140906'	2	16	0.000544150901656055	0.000753840546858856
'6140906'	3	16	0.000544150901656055	0.000753840546858856
'6140906'	4	16	0.000544150901656055	0.000753840546858856
'6140908'	1	16	0.0000160091462914795	0.0000221783030376019
'6140908'	2	16	0.0000160091462914795	0.0000221783030376019
'6140908'	3	16	0.0000160091462914795	0.0000221783030376019
'6140908'	4	16	0.0000160091462914795	0.0000221783030376019
'6140910'	1	16	0.000627965585362666	0.000869953387631341
'6140910'	2	16	0.000627965585362666	0.000869953387631341
'6140910'	3	16	0.000627965585362666	0.000869953387631341
'6140910'	4	16	0.000627965585362666	0.000869953387631341
'6140914'	1	16	0.000266437975299952	0.000369110385359678
'6140914'	2	16	0.000266437975299952	0.000369110385359678
'6140914'	3	16	0.000263297794713807	0.000364760129864206
'6140914'	4	16	0.000266437975299952	0.000369110385359678
'6140916'	1	16	0.00068041101957384	0.000942608775476294
'6140916'	2	16	0.00068041101957384	0.000942608775476294
'6140916'	3	16	0.000473804172227415	0.000656385563653229
'6140916'	4	16	0.00068041101957384	0.000942608775476294
'6140918'	1	16	0.000119216977199043	0.000165157479318837
'6140918'	2	16	0.000119216977199043	0.000165157479318837
'6140918'	3	16	0.000119216977199043	0.000165157479318837
'6140918'	4	16	0.000119216977199043	0.000165157479318837
'6140920'	1	16	0.00043294084412914	0.000599775469823876
'6140920'	2	16	0.00043294084412914	0.000599775469823876
'6140920'	3	16	0.00043294084412914	0.000599775469823876
'6140920'	4	16	0.00043294084412914	0.000599775469823876
'6140924'	1	16	0	0
'6140924'	2	16	0	0
'6140924'	3	16	0	0
'6140924'	4	16	0	0
'6140926'	1	16	0	0
'6140926'	2	16	0	0
'6140926'	3	16	0	0
'6140926'	4	16	0	0
'6140928'	1	16	0	0
'6140928'	2	16	0	0
'6140928'	3	16	0	0
'6140928'	4	16	0	0
'6140930'	1	16	0.00140153963716471	0.00194162575732056
'6140930'	2	16	0.00121919469543152	0.00168901382527239
'6140930'	3	16	0.000593831642434617	0.000822665861092254
'6140930'	4	16	0.00140153963716471	0.00194162575732056
'6140932'	1	16	0.000533582271359074	0.000739199273604731
'6140932'	2	16	0.000533582271359074	0.000739199273604731
'6140932'	3	16	0.000533582271359074	0.000739199273604731
'6140932'	4	16	0.000533582271359074	0.000739199273604731
'6140934'	1	16	0.000723916109961954	0.00100287864001113
'6140934'	2	16	0.000719533810831082	0.000996807613089626
'6140934'	3	16	0.000716587589489475	0.00099272605942397
'6140934'	4	16	0.000719765227498382	0.000997128206635458
'6140938'	1	16	0.001167385154002	0.00161723937277241
'6140938'	2	16	0.00116031827031842	0.00160744925123736
'6140938'	3	16	0.000916481451740657	0.00126964942383366
'6140938'	4	16	0.00116069145220797	0.00160796623951918
'6140940'	1	16	0	0
'6140940'	2	16	0	0
'6140940'	3	16	0	0
'6140940'	4	16	0	0
'6140942'	1	16	0	0
'6140942'	2	16	0	0
'6140942'	3	16	0	0
'6140942'	4	16	0	0
'6140944'	1	16	0.000608285394734747	0.000842689395933292
'6140944'	2	16	0.000608285394734747	0.000842689395933292
'6140944'	3	16	0.000608285394734747	0.000842689395933292
'6140944'	4	16	0.000608285394734747	0.000842689395933292
'6140946'	1	16	0.00129414443835494	0.00179284560248782
'6140946'	2	16	0.00129414443835494	0.00179284560248782
'6140946'	3	16	0.000991715924379793	0.00137387565193384
'6140946'	4	16	0.00129414443835494	0.00179284560248782
'6140948'	1	16	0	0
'6140948'	2	16	0	0
'6140948'	3	16	0	0
'6140948'	4	16	0	0
'6140952'	1	16	0.00131449857191281	0.00182104324238036
'6140952'	2	16	0.00131449857191281	0.00182104324238036
'6140952'	3	16	0.00131449857191281	0.00182104324238036
'6140952'	4	16	0.00131449857191281	0.00182104324238036
'6141024'	1	16	0	0
'6141024'	2	16	0	0
'6141024'	3	16	0	0
'6141024'	4	16	0	0
'6141030'	1	16	0	0
'6141030'	2	16	0	0
'6141030'	3	16	0	0
'6141030'	4	16	0	0
'6141032'	1	16	0	0
'6141032'	2	16	0	0
'6141032'	3	16	0	0
'6141032'	4	16	0	0
'6141034'	1	16	0	0
'6141034'	2	16	0	0
'6141034'	3	16	0	0
'6141034'	4	16	0	0
'6141038'	1	16	0	0
'6141038'	2	16	0	0
'6141038'	3	16	0	0
'6141038'	4	16	0	0
'6141042'	1	16	0	0
'6141042'	2	16	0	0
'6141042'	3	16	0	0
'6141042'	4	16	0	0
'6141046'	1	16	0	0
'6141046'	2	16	0	0
'6141046'	3	16	0	0
'6141046'	4	16	0	0
'6141050'	1	16	0.000176857960875914	0.000216506848642685
'6141050'	2	16	0.0000987582108840959	0.000120898312466167
'6141050'	3	16	0.0000538929409244578	0.0000659749255608989
'6141050'	4	16	0.0000993366714431242	0.000121606455159202
'6141054'	1	16	0	0
'6141054'	2	16	0	0
'6141054'	3	16	0	0
'6141054'	4	16	0	0
'6141056'	1	16	0	0
'6141056'	2	16	0	0
'6141056'	3	16	0	0
'6141056'	4	16	0	0
'6141060'	1	16	0	0
'6141060'	2	16	0	0
'6141060'	3	16	0	0
'6141060'	4	16	0	0
'6141062'	1	16	0	0
'6141062'	2	16	0	0
'6141062'	3	16	0	0
'6141062'	4	16	0	0
'6141064'	1	16	0	0
'6141064'	2	16	0	0
'6141064'	3	16	0	0
'6141064'	4	16	0	0
'6141066'	1	16	0	0
'6141066'	2	16	0	0
'6141066'	3	16	0	0
'6141066'	4	16	0	0
'6141070'	1	16	0	0
'6141070'	2	16	0	0
'6141070'	3	16	0	0
'6141070'	4	16	0	0
'6141074'	1	16	0	0
'6141074'	2	16	0	0
'6141074'	3	16	0	0
'6141074'	4	16	0	0
'6141076'	1	16	0	0
'6141076'	2	16	0	0
'6141076'	3	16	0	0
'6141076'	4	16	0	0
'6141084'	1	16	0	0
'6141084'	2	16	0	0
'6141084'	3	16	0	0
'6141084'	4	16	0	0
'6141086'	1	16	0	0
'6141086'	2	16	0	0
'6141086'	3	16	0	0
'6141086'	4	16	0	0
'6141090'	1	16	0	0
'6141090'	2	16	0	0
'6141090'	3	16	0	0
'6141090'	4	16	0	0
'6141100'	1	16	0	0
'6141100'	2	16	0	0
'6141100'	3	16	0	0
'6141100'	4	16	0	0
'6141104'	1	16	0	0
'6141104'	2	16	0	0
'6141104'	3	16	0	0
'6141104'	4	16	0	0
'6141106'	1	16	0	0
'6141106'	2	16	0	0
'6141106'	3	16	0	0
'6141106'	4	16	0	0
'6141108'	1	16	0	0
'6141108'	2	16	0	0
'6141108'	3	16	0	0
'6141108'	4	16	0	0
'6141110'	1	16	0	0
'6141110'	2	16	0	0
'6141110'	3	16	0	0
'6141110'	4	16	0	0
'6141112'	1	16	0	0
'6141112'	2	16	0	0
'6141112'	3	16	0	0
'6141112'	4	16	0	0
'6141126'	1	16	0	0
'6141126'	2	16	0	0
'6141126'	3	16	0	0
'6141126'	4	16	0	0
'6141128'	1	16	0	0
'6141128'	2	16	0	0
'6141128'	3	16	0	0
'6141128'	4	16	0	0
'6141130'	1	16	0	0
'6141130'	2	16	0	0
'6141130'	3	16	0	0
'6141130'	4	16	0	0
'6141148'	1	16	0	0
'6141148'	2	16	0	0
'6141148'	3	16	0	0
'6141148'	4	16	0	0
'6141150'	1	16	0	0
'6141150'	2	16	0	0
'6141150'	3	16	0	0
'6141150'	4	16	0	0
'6141152'	1	16	0	0
'6141152'	2	16	0	0
'6141152'	3	16	0	0
'6141152'	4	16	0	0
'6141154'	1	16	0	0
'6141154'	2	16	0	0
'6141154'	3	16	0	0
'6141154'	4	16	0	0
'6141170'	1	16	0	0
'6141170'	2	16	0	0
'6141170'	3	16	0	0
'6141170'	4	16	0	0
'6141176'	1	16	0	0
'6141176'	2	16	0	0
'6141176'	3	16	0	0
'6141176'	4	16	0	0
'6141178'	1	16	0	0
'6141178'	2	16	0	0
'6141178'	3	16	0	0
'6141178'	4	16	0	0
'6141180'	1	16	0.0000270063885569017	0.0000374133547449043
'6141180'	2	16	0.0000164971004708758	0.0000228542913421673
'6141180'	3	16	0.00000996212608710928	0.0000138010514262276
'6141180'	4	16	0.0000165179867984742	0.0000228832262581451
'6141184'	1	16	0	0
'6141184'	2	16	0	0
'6141184'	3	16	0	0
'6141184'	4	16	0	0
'6141188'	1	16	0.00018996234814996	0.000263164721359724
'6141188'	2	16	0.000166955028966602	0.000231291485420659
'6141188'	3	16	0.000152317803032925	0.000211013775012096
'6141188'	4	16	0.000167125748888734	0.000231527992608404
'6141196'	1	16	0.000353724816141993	0.000490033386008378
'6141196'	2	16	0.000353724816141993	0.000490033386008378
'6141196'	3	16	0.000332101618343468	0.000460077645415706
'6141196'	4	16	0.000353724816141993	0.000490033386008378
'6141208'	1	16	0.000121426048527411	0.00016821782072994
'6141208'	2	16	0.000121426048527411	0.00016821782072994
'6141208'	3	16	0.000121426048527411	0.00016821782072994
'6141208'	4	16	0.000121426048527411	0.00016821782072994
'6141210'	1	16	0.00124430704025797	0.00172380326272304
'6141210'	2	16	0.00124430704025797	0.00172380326272304
'6141210'	3	16	0.00124430704025797	0.00172380326272304
'6141210'	4	16	0.00124430704025797	0.00172380326272304
'6141214'	1	16	0.000888092031640113	0.00123032008355605
'6141214'	2	16	0.000888092031640113	0.00123032008355605
'6141214'	3	16	0.000888092031640113	0.00123032008355605
'6141214'	4	16	0.000888092031640113	0.00123032008355605
'6141218'	1	16	0	0
'6141218'	2	16	0	0
'6141218'	3	16	0	0
'6141218'	4	16	0	0
'6141220'	1	16	0.000919482067058219	0.00127380633230339
'6141220'	2	16	0.000398836984436677	0.000552529619155757
'6141220'	3	16	0.0000428738940948304	0.0000593954354794847
'6141220'	4	16	0.000467558878459799	0.000647733633361933
'6141228'	1	16	0	0
'6141228'	2	16	0	0
'6141228'	3	16	0	0
'6141228'	4	16	0	0
'6141270'	1	16	0	0
'6141270'	2	16	0	0
'6141270'	3	16	0	0
'6141270'	4	16	0	0
'6141274'	1	16	0	0
'6141274'	2	16	0	0
'6141274'	3	16	0	0
'6141274'	4	16	0	0
'6141306'	1	16	0	0
'6141306'	2	16	0	0
'6141306'	3	16	0	0
'6141306'	4	16	0	0
'6141308'	1	16	0	0
'6141308'	2	16	0	0
'6141308'	3	16	0	0
'6141308'	4	16	0	0
'6141310'	1	16	0	0
'6141310'	2	16	0	0
'6141310'	3	16	0	0
'6141310'	4	16	0	0
'6141312'	1	16	0	0
'6141312'	2	16	0	0
'6141312'	3	16	0	0
'6141312'	4	16	0	0
'6142038'	1	16	0.0000147405954101626	0.0000204209135208708
'6142038'	2	16	0.00000947241066845683	0.0000131226231853138
'6142038'	3	16	0.0000067096092845163	0.00000929517072719298
'6142038'	4	16	0.00000949265162412347	0.0000131506640339869
;

param riparianremoval_P1 : 'Grassed_Buffer' 'Forested_Buffer' :=
;

param runoff_coeff_urban : 'urban' :=
'166174961'	0.0752
'166174962'	0.05162
'166174963'	0.05045
'166174966'	0.07394
'24978249'	0.0572
'6139942'	0.0527
'6139944'	0.05324
'6139946'	0.05774
'6139948'	0.05783
'6139950'	0.05675
'6139952'	0.13874
'6139954'	0.06053
'6139956'	0.05999
'6139958'	0.05
'6139960'	0.05198
'6139964'	0.05198
'6139966'	0.0536
'6139968'	0.05864
'6139970'	0.11255
'6139972'	0.05216
'6139974'	0.05702
'6139976'	0.05288
'6139978'	0.05531
'6139980'	0.05324
'6139982'	0.0572
'6139988'	0.09266
'6139990'	0.05603
'6139992'	0.17762
'6139994'	0.07052
'6139996'	0.07817
'6139998'	0.07385
'6140000'	0.07025
'6140002'	0.07277
'6140004'	0.05738
'6140008'	0.086
'6140010'	0.09608
'6140012'	0.07124
'6140014'	0.07268
'6140016'	0.10058
'6140018'	0.05927
'6140020'	0.05
'6140022'	0.05288
'6140024'	0.06674
'6140026'	0.0707
'6140028'	0.05072
'6140030'	0.06305
'6140032'	0.05288
'6140034'	0.09734
'6140036'	0.0518
'6140038'	0.0554
'6140040'	0.11264
'6140042'	0.06548
'6140044'	0.059
'6140046'	0.10571
'6140048'	0.06143
'6140050'	0.10013
'6140052'	0.05
'6140054'	0.07844
'6140056'	0.13469
'6140058'	0.10274
'6140060'	0.07385
'6140062'	0.07745
'6140064'	0.11057
'6140066'	0.05
'6140068'	0.05
'6140070'	0.12011
'6140072'	0.19958
'6140074'	0.06188
'6140076'	0.05
'6140080'	0.06332
'6140082'	0.05351
'6140084'	0.25565
'6140086'	0.0545
'6140088'	0.35627
'6140090'	0.10508
'6140092'	0.06809
'6140094'	0.11858
'6140096'	0.05261
'6140098'	0.08033
'6140100'	0.08249
'6140102'	0.06125
'6140104'	0.09527
'6140106'	0.05072
'6140108'	0.05864
'6140110'	0.09491
'6140112'	0.06179
'6140114'	0.35276
'6140116'	0.1031
'6140118'	0.05261
'6140120'	0.08132
'6140122'	0.18041
'6140124'	0.0752
'6140126'	0.06692
'6140128'	0.05864
'6140130'	0.05972
'6140132'	0.08114
'6140134'	0.09698
'6140274'	0.05504
'6140276'	0.06161
'6140278'	0.05504
'6140280'	0.07763
'6140282'	0.06053
'6140284'	0.05351
'6140286'	0.05477
'6140288'	0.05783
'6140290'	0.05234
'6140292'	0.05306
'6140294'	0.06548
'6140296'	0.05819
'6140298'	0.05378
'6140300'	0.08519
'6140302'	0.06674
'6140304'	0.0734
'6140306'	0.05252
'6140308'	0.05702
'6140310'	0.11903
'6140312'	0.05306
'6140314'	0.05369
'6140316'	0.12632
'6140318'	0.05657
'6140320'	0.05
'6140322'	0.06107
'6140324'	0.05306
'6140326'	0.05
'6140328'	0.05216
'6140330'	0.09203
'6140332'	0.07376
'6140336'	0.06296
'6140338'	0.09149
'6140340'	0.05171
'6140342'	0.0563
'6140344'	0.05
'6140346'	0.08141
'6140348'	0.0518
'6140350'	0.0824
'6140352'	0.10067
'6140356'	0.05729
'6140358'	0.05
'6140360'	0.05108
'6140362'	0.07664
'6140364'	0.09392
'6140366'	0.11561
'6140368'	0.06287
'6140370'	0.05045
'6140372'	0.11588
'6140374'	0.07205
'6140376'	0.05891
'6140380'	0.05153
'6140382'	0.05756
'6140384'	0.12497
'6140386'	0.08276
'6140388'	0.05342
'6140390'	0.07214
'6140392'	0.07808
'6140394'	0.14981
'6140396'	0.05
'6140398'	0.10751
'6140402'	0.05072
'6140404'	0.18968
'6140406'	0.05171
'6140408'	0.10805
'6140410'	0.05
'6140414'	0.05
'6140416'	0.05
'6140418'	0.08015
'6140420'	0.05342
'6140422'	0.09194
'6140426'	0.11093
'6140428'	0.05108
'6140430'	0.1265
'6140432'	0.20813
'6140434'	0.05621
'6140436'	0.05
'6140438'	0.05576
'6140442'	0.05081
'6140444'	0.07232
'6140448'	0.07457
'6140450'	0.05
'6140452'	0.05441
'6140454'	0.05729
'6140456'	0.2984
'6140458'	0.06809
'6140460'	0.05108
'6140462'	0.06197
'6140464'	0.07358
'6140466'	0.05
'6140468'	0.07502
'6140470'	0.05
'6140752'	0.07637
'6140754'	0.09284
'6140758'	0.08609
'6140760'	0.09599
'6140762'	0.11111
'6140764'	0.05279
'6140766'	0.21659
'6140768'	0.05738
'6140770'	0.05162
'6140772'	0.0689
'6140778'	0.1265
'6140780'	0.06431
'6140782'	0.07187
'6140784'	0.10247
'6140786'	0.05549
'6140788'	0.06233
'6140794'	0.05774
'6140796'	0.05873
'6140798'	0.08996
'6140800'	0.14792
'6140804'	0.06413
'6140806'	0.06413
'6140808'	0.13496
'6140810'	0.11255
'6140814'	0.06305
'6140816'	0.05765
'6140818'	0.05927
'6140820'	0.05513
'6140822'	0.07223
'6140826'	0.06224
'6140830'	0.05
'6140832'	0.07241
'6140834'	0.07673
'6140836'	0.14567
'6140838'	0.05972
'6140842'	0.07754
'6140846'	0.05018
'6140848'	0.21191
'6140852'	0.11597
'6140854'	0.06296
'6140856'	0.28265
'6140858'	0.05693
'6140860'	0.10625
'6140864'	0.21146
'6140866'	0.07142
'6140868'	0.07862
'6140872'	0.05648
'6140874'	0.07826
'6140876'	0.14531
'6140878'	0.06017
'6140880'	0.0761
'6140882'	0.05
'6140884'	0.5675
'6140886'	0.06503
'6140888'	0.06845
'6140892'	0.15935
'6140894'	0.11687
'6140896'	0.0563
'6140900'	0.09113
'6140902'	0.08348
'6140904'	0.09077
'6140906'	0.12821
'6140908'	0.05981
'6140910'	0.19247
'6140914'	0.14063
'6140916'	0.09968
'6140918'	0.09374
'6140920'	0.17744
'6140924'	0.11111
'6140926'	0.0743
'6140928'	0.05
'6140930'	0.21074
'6140932'	0.21947
'6140934'	0.3956
'6140938'	0.20615
'6140940'	0.05
'6140942'	0.05
'6140944'	0.19103
'6140946'	0.42026
'6140948'	0.06836
'6140952'	0.45752
'6141024'	0.05
'6141030'	0.05216
'6141032'	0.09986
'6141034'	0.12551
'6141038'	0.11291
'6141042'	0.06872
'6141046'	0.05459
'6141050'	0.05414
'6141054'	0.0653
'6141056'	0.06854
'6141060'	0.08825
'6141062'	0.08213
'6141064'	0.12047
'6141066'	0.11966
'6141070'	0.06566
'6141074'	0.06503
'6141076'	0.08069
'6141084'	0.07007
'6141086'	0.06782
'6141090'	0.06422
'6141100'	0.07772
'6141104'	0.06548
'6141106'	0.11876
'6141108'	0.15332
'6141110'	0.10382
'6141112'	0.09635
'6141126'	0.07853
'6141128'	0.06863
'6141130'	0.12677
'6141148'	0.07583
'6141150'	0.05
'6141152'	0.05
'6141154'	0.05
'6141170'	0.05873
'6141176'	0.11597
'6141178'	0.14072
'6141180'	0.05072
'6141184'	0.05
'6141188'	0.20615
'6141196'	0.19652
'6141208'	0.09545
'6141210'	0.41828
'6141214'	0.19769
'6141218'	0.05855
'6141220'	0.05621
'6141228'	0.19337
'6141270'	0.07043
'6141274'	0.05
'6141306'	0.0626
'6141308'	0.12497
'6141310'	0.15053
'6141312'	0.05
'6142038'	0.06035
;

param ag_costs_capital : 'Conservation'  'Contour_Farming'  'Filterstrip'  'MIN_TILL'  'Ponds'  'Terrace_Waterway'  'Terrace_Only'  'Waterway_Only'  'Fert_20'  'Manure_Injection'  'Cover_crops' :=	
'166174961'	1.6510393	0.7706525	0	2.0489306	3636.7093375	258.9019131	31.6235595	227.2783536	2.8380117	4.188329	0
'166174962'	1.6510393	0.7706525	0	2.0489306	3636.7093375	258.9019131	31.6235595	227.2783536	2.8380117	4.188329	0
'166174963'	1.6510393	0.7706525	0	2.0489306	3636.7093375	258.9019131	31.6235595	227.2783536	2.8380117	4.188329	0
'166174966'	1.6300977	0.7622759	0	2.0380409	3604.2749175	259.6316875	32.3533339	227.2783536	2.7877518	4.188329	0
'24978249'	1.6510393	0.7706525	0	2.0489306	3636.7093375	258.9019131	31.6235595	227.2783536	2.8380117	4.188329	0
'6139942'	1.6510393	0.7706525	0	2.0489306	3636.7093375	258.9019131	31.6235595	227.2783536	2.8380117	4.188329	0
'6139944'	1.6510393	0.7706525	0	2.0489306	3636.7093375	258.9019131	31.6235595	227.2783536	2.8380117	4.188329	0
'6139946'	1.6300977	0.7622759	0	2.0380409	3604.2749175	259.6316875	32.3533339	227.2783536	2.7877518	4.188329	0
'6139948'	1.6510393	0.7706525	0	2.0489306	3636.7093375	258.9019131	31.6235595	227.2783536	2.8380117	4.188329	0
'6139950'	1.6510393	0.7706525	0	2.0489306	3636.7093375	258.9019131	31.6235595	227.2783536	2.8380117	4.188329	0
'6139952'	1.6300977	0.7622759	0	2.0380409	3604.2749175	259.6316875	32.3533339	227.2783536	2.7877518	4.188329	0
'6139954'	1.6510393	0.7706525	0	2.0489306	3636.7093375	258.9019131	31.6235595	227.2783536	2.8380117	4.188329	0
'6139956'	1.6510393	0.7706525	0	2.0489306	3636.7093375	258.9019131	31.6235595	227.2783536	2.8380117	4.188329	0
'6139958'	1.6510393	0.7706525	0	2.0489306	3636.7093375	258.9019131	31.6235595	227.2783536	2.8380117	4.188329	0
'6139960'	1.6510393	0.7706525	0	2.0489306	3636.7093375	258.9019131	31.6235595	227.2783536	2.8380117	4.188329	0
'6139964'	1.6510393	0.7706525	0	2.0489306	3636.7093375	258.9019131	31.6235595	227.2783536	2.8380117	4.188329	0
'6139966'	1.6510393	0.7706525	0	2.0489306	3636.7093375	258.9019131	31.6235595	227.2783536	2.8380117	4.188329	0
'6139968'	1.6510393	0.7706525	0	2.0489306	3636.7093375	258.9019131	31.6235595	227.2783536	2.8380117	4.188329	0
'6139970'	1.6510393	0.7706525	0	2.0489306	3636.7093375	258.9019131	31.6235595	227.2783536	2.8380117	4.188329	0
'6139972'	1.6510393	0.7706525	0	2.0489306	3636.7093375	258.9019131	31.6235595	227.2783536	2.8380117	4.188329	0
'6139974'	1.6510393	0.7706525	0	2.0489306	3636.7093375	258.9019131	31.6235595	227.2783536	2.8380117	4.188329	0
'6139976'	1.6510393	0.7706525	0	2.0489306	3636.7093375	258.9019131	31.6235595	227.2783536	2.8380117	4.188329	0
'6139978'	1.6510393	0.7706525	0	2.0489306	3636.7093375	258.9019131	31.6235595	227.2783536	2.8380117	4.188329	0
'6139980'	1.6510393	0.7706525	0	2.0489306	3636.7093375	258.9019131	31.6235595	227.2783536	2.8380117	4.188329	0
'6139982'	1.6510393	0.7706525	0	2.0489306	3636.7093375	258.9019131	31.6235595	227.2783536	2.8380117	4.188329	0
'6139988'	1.6510393	0.7706525	0	2.0489306	3636.7093375	258.9019131	31.6235595	227.2783536	2.8380117	4.188329	0
'6139990'	1.6510393	0.7706525	0	2.0489306	3636.7093375	258.9019131	31.6235595	227.2783536	2.8380117	4.188329	0
'6139992'	1.6510393	0.7706525	0	2.0489306	3636.7093375	258.9019131	31.6235595	227.2783536	2.8380117	4.188329	0
'6139994'	1.6510393	0.7706525	0	2.0489306	3636.7093375	258.9019131	31.6235595	227.2783536	2.8380117	4.188329	0
'6139996'	1.6510393	0.7706525	0	2.0489306	3636.7093375	258.9019131	31.6235595	227.2783536	2.8380117	4.188329	0
'6139998'	1.6510393	0.7706525	0	2.0489306	3636.7093375	258.9019131	31.6235595	227.2783536	2.8380117	4.188329	0
'6140000'	1.6510393	0.7706525	0	2.0489306	3636.7093375	258.9019131	31.6235595	227.2783536	2.8380117	4.188329	0
'6140002'	1.6510393	0.7706525	0	2.0489306	3636.7093375	258.9019131	31.6235595	227.2783536	2.8380117	4.188329	0
'6140004'	1.6510393	0.7706525	0	2.0489306	3636.7093375	258.9019131	31.6235595	227.2783536	2.8380117	4.188329	0
'6140008'	1.6510393	0.7706525	0	2.0489306	3636.7093375	258.9019131	31.6235595	227.2783536	2.8380117	4.188329	0
'6140010'	1.6510393	0.7706525	0	2.0489306	3636.7093375	258.9019131	31.6235595	227.2783536	2.8380117	4.188329	0
'6140012'	1.6510393	0.7706525	0	2.0489306	3636.7093375	258.9019131	31.6235595	227.2783536	2.8380117	4.188329	0
'6140014'	1.6510393	0.7706525	0	2.0489306	3636.7093375	258.9019131	31.6235595	227.2783536	2.8380117	4.188329	0
'6140016'	1.6510393	0.7706525	0	2.0489306	3636.7093375	258.9019131	31.6235595	227.2783536	2.8380117	4.188329	0
'6140018'	1.6510393	0.7706525	0	2.0489306	3636.7093375	258.9019131	31.6235595	227.2783536	2.8380117	4.188329	0
'6140020'	1.6510393	0.7706525	0	2.0489306	3636.7093375	258.9019131	31.6235595	227.2783536	2.8380117	4.188329	0
'6140022'	1.6510393	0.7706525	0	2.0489306	3636.7093375	258.9019131	31.6235595	227.2783536	2.8380117	4.188329	0
'6140024'	1.6510393	0.7706525	0	2.0489306	3636.7093375	258.9019131	31.6235595	227.2783536	2.8380117	4.188329	0
'6140026'	1.6510393	0.7706525	0	2.0489306	3636.7093375	258.9019131	31.6235595	227.2783536	2.8380117	4.188329	0
'6140028'	1.6510393	0.7706525	0	2.0489306	3636.7093375	258.9019131	31.6235595	227.2783536	2.8380117	4.188329	0
'6140030'	1.6510393	0.7706525	0	2.0489306	3636.7093375	258.9019131	31.6235595	227.2783536	2.8380117	4.188329	0
'6140032'	1.6300977	0.7622759	0	2.0380409	3604.2749175	259.6316875	32.3533339	227.2783536	2.7877518	4.188329	0
'6140034'	1.6510393	0.7706525	0	2.0489306	3636.7093375	258.9019131	31.6235595	227.2783536	2.8380117	4.188329	0
'6140036'	1.6300977	0.7622759	0	2.0380409	3604.2749175	259.6316875	32.3533339	227.2783536	2.7877518	4.188329	0
'6140038'	1.6510393	0.7706525	0	2.0489306	3636.7093375	258.9019131	31.6235595	227.2783536	2.8380117	4.188329	0
'6140040'	1.6510393	0.7706525	0	2.0489306	3636.7093375	258.9019131	31.6235595	227.2783536	2.8380117	4.188329	0
'6140042'	1.6510393	0.7706525	0	2.0489306	3636.7093375	258.9019131	31.6235595	227.2783536	2.8380117	4.188329	0
'6140044'	1.6510393	0.7706525	0	2.0489306	3636.7093375	258.9019131	31.6235595	227.2783536	2.8380117	4.188329	0
'6140046'	1.6510393	0.7706525	0	2.0489306	3636.7093375	258.9019131	31.6235595	227.2783536	2.8380117	4.188329	0
'6140048'	1.6510393	0.7706525	0	2.0489306	3636.7093375	258.9019131	31.6235595	227.2783536	2.8380117	4.188329	0
'6140050'	1.6510393	0.7706525	0	2.0489306	3636.7093375	258.9019131	31.6235595	227.2783536	2.8380117	4.188329	0
'6140052'	1.6300977	0.7622759	0	2.0380409	3604.2749175	259.6316875	32.3533339	227.2783536	2.7877518	4.188329	0
'6140054'	1.6510393	0.7706525	0	2.0489306	3636.7093375	258.9019131	31.6235595	227.2783536	2.8380117	4.188329	0
'6140056'	1.6510393	0.7706525	0	2.0489306	3636.7093375	258.9019131	31.6235595	227.2783536	2.8380117	4.188329	0
'6140058'	1.6510393	0.7706525	0	2.0489306	3636.7093375	258.9019131	31.6235595	227.2783536	2.8380117	4.188329	0
'6140060'	1.6510393	0.7706525	0	2.0489306	3636.7093375	258.9019131	31.6235595	227.2783536	2.8380117	4.188329	0
'6140062'	1.6510393	0.7706525	0	2.0489306	3636.7093375	258.9019131	31.6235595	227.2783536	2.8380117	4.188329	0
'6140064'	1.6510393	0.7706525	0	2.0489306	3636.7093375	258.9019131	31.6235595	227.2783536	2.8380117	4.188329	0
'6140066'	1.6300977	0.7622759	0	2.0380409	3604.2749175	259.6316875	32.3533339	227.2783536	2.7877518	4.188329	0
'6140068'	1.6300977	0.7622759	0	2.0380409	3604.2749175	259.6316875	32.3533339	227.2783536	2.7877518	4.188329	0
'6140070'	1.6510393	0.7706525	0	2.0489306	3636.7093375	258.9019131	31.6235595	227.2783536	2.8380117	4.188329	0
'6140072'	1.6510393	0.7706525	0	2.0489306	3636.7093375	258.9019131	31.6235595	227.2783536	2.8380117	4.188329	0
'6140074'	1.6510393	0.7706525	0	2.0489306	3636.7093375	258.9019131	31.6235595	227.2783536	2.8380117	4.188329	0
'6140076'	1.6510393	0.7706525	0	2.0489306	3636.7093375	258.9019131	31.6235595	227.2783536	2.8380117	4.188329	0
'6140080'	1.6510393	0.7706525	0	2.0489306	3636.7093375	258.9019131	31.6235595	227.2783536	2.8380117	4.188329	0
'6140082'	1.6510393	0.7706525	0	2.0489306	3636.7093375	258.9019131	31.6235595	227.2783536	2.8380117	4.188329	0
'6140084'	1.6510393	0.7706525	0	2.0489306	3636.7093375	258.9019131	31.6235595	227.2783536	2.8380117	4.188329	0
'6140086'	1.6510393	0.7706525	0	2.0489306	3636.7093375	258.9019131	31.6235595	227.2783536	2.8380117	4.188329	0
'6140088'	1.6510393	0.7706525	0	2.0489306	3636.7093375	258.9019131	31.6235595	227.2783536	2.8380117	4.188329	0
'6140090'	1.6510393	0.7706525	0	2.0489306	3636.7093375	258.9019131	31.6235595	227.2783536	2.8380117	4.188329	0
'6140092'	1.6510393	0.7706525	0	2.0489306	3636.7093375	258.9019131	31.6235595	227.2783536	2.8380117	4.188329	0
'6140094'	1.6510393	0.7706525	0	2.0489306	3636.7093375	258.9019131	31.6235595	227.2783536	2.8380117	4.188329	0
'6140096'	1.6510393	0.7706525	0	2.0489306	3636.7093375	258.9019131	31.6235595	227.2783536	2.8380117	4.188329	0
'6140098'	1.6510393	0.7706525	0	2.0489306	3636.7093375	258.9019131	31.6235595	227.2783536	2.8380117	4.188329	0
'6140100'	1.6510393	0.7706525	0	2.0489306	3636.7093375	258.9019131	31.6235595	227.2783536	2.8380117	4.188329	0
'6140102'	1.6510393	0.7706525	0	2.0489306	3636.7093375	258.9019131	31.6235595	227.2783536	2.8380117	4.188329	0
'6140104'	1.6510393	0.7706525	0	2.0489306	3636.7093375	258.9019131	31.6235595	227.2783536	2.8380117	4.188329	0
'6140106'	1.6300977	0.7622759	0	2.0380409	3604.2749175	259.6316875	32.3533339	227.2783536	2.7877518	4.188329	0
'6140108'	1.6300977	0.7622759	0	2.0380409	3604.2749175	259.6316875	32.3533339	227.2783536	2.7877518	4.188329	0
'6140110'	1.6510393	0.7706525	0	2.0489306	3636.7093375	258.9019131	31.6235595	227.2783536	2.8380117	4.188329	0
'6140112'	1.6510393	0.7706525	0	2.0489306	3636.7093375	258.9019131	31.6235595	227.2783536	2.8380117	4.188329	0
'6140114'	1.6510393	0.7706525	0	2.0489306	3636.7093375	258.9019131	31.6235595	227.2783536	2.8380117	4.188329	0
'6140116'	1.6510393	0.7706525	0	2.0489306	3636.7093375	258.9019131	31.6235595	227.2783536	2.8380117	4.188329	0
'6140118'	1.6300977	0.7622759	0	2.0380409	3604.2749175	259.6316875	32.3533339	227.2783536	2.7877518	4.188329	0
'6140120'	1.6510393	0.7706525	0	2.0489306	3636.7093375	258.9019131	31.6235595	227.2783536	2.8380117	4.188329	0
'6140122'	1.6510393	0.7706525	0	2.0489306	3636.7093375	258.9019131	31.6235595	227.2783536	2.8380117	4.188329	0
'6140124'	1.6510393	0.7706525	0	2.0489306	3636.7093375	258.9019131	31.6235595	227.2783536	2.8380117	4.188329	0
'6140126'	1.6510393	0.7706525	0	2.0489306	3636.7093375	258.9019131	31.6235595	227.2783536	2.8380117	4.188329	0
'6140128'	1.6510393	0.7706525	0	2.0489306	3636.7093375	258.9019131	31.6235595	227.2783536	2.8380117	4.188329	0
'6140130'	1.6510393	0.7706525	0	2.0489306	3636.7093375	258.9019131	31.6235595	227.2783536	2.8380117	4.188329	0
'6140132'	1.6510393	0.7706525	0	2.0489306	3636.7093375	258.9019131	31.6235595	227.2783536	2.8380117	4.188329	0
'6140134'	1.6510393	0.7706525	0	2.0489306	3636.7093375	258.9019131	31.6235595	227.2783536	2.8380117	4.188329	0
'6140274'	1.6300977	0.7622759	0	2.0380409	3604.2749175	259.6316875	32.3533339	227.2783536	2.7877518	4.188329	0
'6140276'	1.6510393	0.7706525	0	2.0489306	3636.7093375	258.9019131	31.6235595	227.2783536	2.8380117	4.188329	0
'6140278'	1.6510393	0.7706525	0	2.0489306	3636.7093375	258.9019131	31.6235595	227.2783536	2.8380117	4.188329	0
'6140280'	1.6510393	0.7706525	0	2.0489306	3636.7093375	258.9019131	31.6235595	227.2783536	2.8380117	4.188329	0
'6140282'	1.6510393	0.7706525	0	2.0489306	3636.7093375	258.9019131	31.6235595	227.2783536	2.8380117	4.188329	0
'6140284'	1.6510393	0.7706525	0	2.0489306	3636.7093375	258.9019131	31.6235595	227.2783536	2.8380117	4.188329	0
'6140286'	1.6510393	0.7706525	0	2.0489306	3636.7093375	258.9019131	31.6235595	227.2783536	2.8380117	4.188329	0
'6140288'	1.6510393	0.7706525	0	2.0489306	3636.7093375	258.9019131	31.6235595	227.2783536	2.8380117	4.188329	0
'6140290'	1.6510393	0.7706525	0	2.0489306	3636.7093375	258.9019131	31.6235595	227.2783536	2.8380117	4.188329	0
'6140292'	1.6510393	0.7706525	0	2.0489306	3636.7093375	258.9019131	31.6235595	227.2783536	2.8380117	4.188329	0
'6140294'	1.6510393	0.7706525	0	2.0489306	3636.7093375	258.9019131	31.6235595	227.2783536	2.8380117	4.188329	0
'6140296'	1.6510393	0.7706525	0	2.0489306	3636.7093375	258.9019131	31.6235595	227.2783536	2.8380117	4.188329	0
'6140298'	1.6510393	0.7706525	0	2.0489306	3636.7093375	258.9019131	31.6235595	227.2783536	2.8380117	4.188329	0
'6140300'	1.6510393	0.7706525	0	2.0489306	3636.7093375	258.9019131	31.6235595	227.2783536	2.8380117	4.188329	0
'6140302'	1.6510393	0.7706525	0	2.0489306	3636.7093375	258.9019131	31.6235595	227.2783536	2.8380117	4.188329	0
'6140304'	1.6510393	0.7706525	0	2.0489306	3636.7093375	258.9019131	31.6235595	227.2783536	2.8380117	4.188329	0
'6140306'	1.6510393	0.7706525	0	2.0489306	3636.7093375	258.9019131	31.6235595	227.2783536	2.8380117	4.188329	0
'6140308'	1.6510393	0.7706525	0	2.0489306	3636.7093375	258.9019131	31.6235595	227.2783536	2.8380117	4.188329	0
'6140310'	1.6510393	0.7706525	0	2.0489306	3636.7093375	258.9019131	31.6235595	227.2783536	2.8380117	4.188329	0
'6140312'	1.6510393	0.7706525	0	2.0489306	3636.7093375	258.9019131	31.6235595	227.2783536	2.8380117	4.188329	0
'6140314'	1.6510393	0.7706525	0	2.0489306	3636.7093375	258.9019131	31.6235595	227.2783536	2.8380117	4.188329	0
'6140316'	1.6510393	0.7706525	0	2.0489306	3636.7093375	258.9019131	31.6235595	227.2783536	2.8380117	4.188329	0
'6140318'	1.6510393	0.7706525	0	2.0489306	3636.7093375	258.9019131	31.6235595	227.2783536	2.8380117	4.188329	0
'6140320'	1.6510393	0.7706525	0	2.0489306	3636.7093375	258.9019131	31.6235595	227.2783536	2.8380117	4.188329	0
'6140322'	1.6510393	0.7706525	0	2.0489306	3636.7093375	258.9019131	31.6235595	227.2783536	2.8380117	4.188329	0
'6140324'	1.6510393	0.7706525	0	2.0489306	3636.7093375	258.9019131	31.6235595	227.2783536	2.8380117	4.188329	0
'6140326'	1.6510393	0.7706525	0	2.0489306	3636.7093375	258.9019131	31.6235595	227.2783536	2.8380117	4.188329	0
'6140328'	1.6510393	0.7706525	0	2.0489306	3636.7093375	258.9019131	31.6235595	227.2783536	2.8380117	4.188329	0
'6140330'	1.6510393	0.7706525	0	2.0489306	3636.7093375	258.9019131	31.6235595	227.2783536	2.8380117	4.188329	0
'6140332'	1.6510393	0.7706525	0	2.0489306	3636.7093375	258.9019131	31.6235595	227.2783536	2.8380117	4.188329	0
'6140336'	1.6510393	0.7706525	0	2.0489306	3636.7093375	258.9019131	31.6235595	227.2783536	2.8380117	4.188329	0
'6140338'	1.6300977	0.7622759	0	2.0380409	3604.2749175	259.6316875	32.3533339	227.2783536	2.7877518	4.188329	0
'6140340'	1.6510393	0.7706525	0	2.0489306	3636.7093375	258.9019131	31.6235595	227.2783536	2.8380117	4.188329	0
'6140342'	1.6300977	0.7622759	0	2.0380409	3604.2749175	259.6316875	32.3533339	227.2783536	2.7877518	4.188329	0
'6140344'	1.6300977	0.7622759	0	2.0380409	3604.2749175	259.6316875	32.3533339	227.2783536	2.7877518	4.188329	0
'6140346'	1.6510393	0.7706525	0	2.0489306	3636.7093375	258.9019131	31.6235595	227.2783536	2.8380117	4.188329	0
'6140348'	1.6300977	0.7622759	0	2.0380409	3604.2749175	259.6316875	32.3533339	227.2783536	2.7877518	4.188329	0
'6140350'	1.6510393	0.7706525	0	2.0489306	3636.7093375	258.9019131	31.6235595	227.2783536	2.8380117	4.188329	0
'6140352'	1.6510393	0.7706525	0	2.0489306	3636.7093375	258.9019131	31.6235595	227.2783536	2.8380117	4.188329	0
'6140356'	1.6510393	0.7706525	0	2.0489306	3636.7093375	258.9019131	31.6235595	227.2783536	2.8380117	4.188329	0
'6140358'	1.6510393	0.7706525	0	2.0489306	3636.7093375	258.9019131	31.6235595	227.2783536	2.8380117	4.188329	0
'6140360'	1.6510393	0.7706525	0	2.0489306	3636.7093375	258.9019131	31.6235595	227.2783536	2.8380117	4.188329	0
'6140362'	1.6510393	0.7706525	0	2.0489306	3636.7093375	258.9019131	31.6235595	227.2783536	2.8380117	4.188329	0
'6140364'	1.6510393	0.7706525	0	2.0489306	3636.7093375	258.9019131	31.6235595	227.2783536	2.8380117	4.188329	0
'6140366'	1.6510393	0.7706525	0	2.0489306	3636.7093375	258.9019131	31.6235595	227.2783536	2.8380117	4.188329	0
'6140368'	1.6510393	0.7706525	0	2.0489306	3636.7093375	258.9019131	31.6235595	227.2783536	2.8380117	4.188329	0
'6140370'	1.6510393	0.7706525	0	2.0489306	3636.7093375	258.9019131	31.6235595	227.2783536	2.8380117	4.188329	0
'6140372'	1.6510393	0.7706525	0	2.0489306	3636.7093375	258.9019131	31.6235595	227.2783536	2.8380117	4.188329	0
'6140374'	1.6510393	0.7706525	0	2.0489306	3636.7093375	258.9019131	31.6235595	227.2783536	2.8380117	4.188329	0
'6140376'	1.6510393	0.7706525	0	2.0489306	3636.7093375	258.9019131	31.6235595	227.2783536	2.8380117	4.188329	0
'6140380'	1.6510393	0.7706525	0	2.0489306	3636.7093375	258.9019131	31.6235595	227.2783536	2.8380117	4.188329	0
'6140382'	1.6510393	0.7706525	0	2.0489306	3636.7093375	258.9019131	31.6235595	227.2783536	2.8380117	4.188329	0
'6140384'	1.6510393	0.7706525	0	2.0489306	3636.7093375	258.9019131	31.6235595	227.2783536	2.8380117	4.188329	0
'6140386'	1.6510393	0.7706525	0	2.0489306	3636.7093375	258.9019131	31.6235595	227.2783536	2.8380117	4.188329	0
'6140388'	1.6510393	0.7706525	0	2.0489306	3636.7093375	258.9019131	31.6235595	227.2783536	2.8380117	4.188329	0
'6140390'	1.6510393	0.7706525	0	2.0489306	3636.7093375	258.9019131	31.6235595	227.2783536	2.8380117	4.188329	0
'6140392'	1.6510393	0.7706525	0	2.0489306	3636.7093375	258.9019131	31.6235595	227.2783536	2.8380117	4.188329	0
'6140394'	1.6510393	0.7706525	0	2.0489306	3636.7093375	258.9019131	31.6235595	227.2783536	2.8380117	4.188329	0
'6140396'	1.6510393	0.7706525	0	2.0489306	3636.7093375	258.9019131	31.6235595	227.2783536	2.8380117	4.188329	0
'6140398'	1.6510393	0.7706525	0	2.0489306	3636.7093375	258.9019131	31.6235595	227.2783536	2.8380117	4.188329	0
'6140402'	1.6510393	0.7706525	0	2.0489306	3636.7093375	258.9019131	31.6235595	227.2783536	2.8380117	4.188329	0
'6140404'	1.6510393	0.7706525	0	2.0489306	3636.7093375	258.9019131	31.6235595	227.2783536	2.8380117	4.188329	0
'6140406'	1.6510393	0.7706525	0	2.0489306	3636.7093375	258.9019131	31.6235595	227.2783536	2.8380117	4.188329	0
'6140408'	1.6510393	0.7706525	0	2.0489306	3636.7093375	258.9019131	31.6235595	227.2783536	2.8380117	4.188329	0
'6140410'	1.6510393	0.7706525	0	2.0489306	3636.7093375	258.9019131	31.6235595	227.2783536	2.8380117	4.188329	0
'6140414'	1.6300977	0.7622759	0	2.0380409	3604.2749175	259.6316875	32.3533339	227.2783536	2.7877518	4.188329	0
'6140416'	1.6300977	0.7622759	0	2.0380409	3604.2749175	259.6316875	32.3533339	227.2783536	2.7877518	4.188329	0
'6140418'	1.6510393	0.7706525	0	2.0489306	3636.7093375	258.9019131	31.6235595	227.2783536	2.8380117	4.188329	0
'6140420'	1.6510393	0.7706525	0	2.0489306	3636.7093375	258.9019131	31.6235595	227.2783536	2.8380117	4.188329	0
'6140422'	1.6510393	0.7706525	0	2.0489306	3636.7093375	258.9019131	31.6235595	227.2783536	2.8380117	4.188329	0
'6140426'	1.6510393	0.7706525	0	2.0489306	3636.7093375	258.9019131	31.6235595	227.2783536	2.8380117	4.188329	0
'6140428'	1.6300977	0.7622759	0	2.0380409	3604.2749175	259.6316875	32.3533339	227.2783536	2.7877518	4.188329	0
'6140430'	1.6510393	0.7706525	0	2.0489306	3636.7093375	258.9019131	31.6235595	227.2783536	2.8380117	4.188329	0
'6140432'	1.6510393	0.7706525	0	2.0489306	3636.7093375	258.9019131	31.6235595	227.2783536	2.8380117	4.188329	0
'6140434'	1.6300977	0.7622759	0	2.0380409	3604.2749175	259.6316875	32.3533339	227.2783536	2.7877518	4.188329	0
'6140436'	1.6510393	0.7706525	0	2.0489306	3636.7093375	258.9019131	31.6235595	227.2783536	2.8380117	4.188329	0
'6140438'	1.6510393	0.7706525	0	2.0489306	3636.7093375	258.9019131	31.6235595	227.2783536	2.8380117	4.188329	0
'6140442'	1.6510393	0.7706525	0	2.0489306	3636.7093375	258.9019131	31.6235595	227.2783536	2.8380117	4.188329	0
'6140444'	1.6510393	0.7706525	0	2.0489306	3636.7093375	258.9019131	31.6235595	227.2783536	2.8380117	4.188329	0
'6140448'	1.6510393	0.7706525	0	2.0489306	3636.7093375	258.9019131	31.6235595	227.2783536	2.8380117	4.188329	0
'6140450'	1.6510393	0.7706525	0	2.0489306	3636.7093375	258.9019131	31.6235595	227.2783536	2.8380117	4.188329	0
'6140452'	1.6510393	0.7706525	0	2.0489306	3636.7093375	258.9019131	31.6235595	227.2783536	2.8380117	4.188329	0
'6140454'	1.6300977	0.7622759	0	2.0380409	3604.2749175	259.6316875	32.3533339	227.2783536	2.7877518	4.188329	0
'6140456'	1.6510393	0.7706525	0	2.0489306	3636.7093375	258.9019131	31.6235595	227.2783536	2.8380117	4.188329	0
'6140458'	1.6510393	0.7706525	0	2.0489306	3636.7093375	258.9019131	31.6235595	227.2783536	2.8380117	4.188329	0
'6140460'	1.6300977	0.7622759	0	2.0380409	3604.2749175	259.6316875	32.3533339	227.2783536	2.7877518	4.188329	0
'6140462'	1.6300977	0.7622759	0	2.0380409	3604.2749175	259.6316875	32.3533339	227.2783536	2.7877518	4.188329	0
'6140464'	1.6510393	0.7706525	0	2.0489306	3636.7093375	258.9019131	31.6235595	227.2783536	2.8380117	4.188329	0
'6140466'	1.6510393	0.7706525	0	2.0489306	3636.7093375	258.9019131	31.6235595	227.2783536	2.8380117	4.188329	0
'6140468'	1.6510393	0.7706525	0	2.0489306	3636.7093375	258.9019131	31.6235595	227.2783536	2.8380117	4.188329	0
'6140470'	1.6510393	0.7706525	0	2.0489306	3636.7093375	258.9019131	31.6235595	227.2783536	2.8380117	4.188329	0
'6140752'	1.6510393	0.7706525	0	2.0489306	3636.7093375	258.9019131	31.6235595	227.2783536	2.8380117	4.188329	0
'6140754'	1.6510393	0.7706525	0	2.0489306	3636.7093375	258.9019131	31.6235595	227.2783536	2.8380117	4.188329	0
'6140758'	1.6510393	0.7706525	0	2.0489306	3636.7093375	258.9019131	31.6235595	227.2783536	2.8380117	4.188329	0
'6140760'	1.6510393	0.7706525	0	2.0489306	3636.7093375	258.9019131	31.6235595	227.2783536	2.8380117	4.188329	0
'6140762'	1.6510393	0.7706525	0	2.0489306	3636.7093375	258.9019131	31.6235595	227.2783536	2.8380117	4.188329	0
'6140764'	1.6510393	0.7706525	0	2.0489306	3636.7093375	258.9019131	31.6235595	227.2783536	2.8380117	4.188329	0
'6140766'	1.6510393	0.7706525	0	2.0489306	3636.7093375	258.9019131	31.6235595	227.2783536	2.8380117	4.188329	0
'6140768'	1.6300977	0.7622759	0	2.0380409	3604.2749175	259.6316875	32.3533339	227.2783536	2.7877518	4.188329	0
'6140770'	1.6300977	0.7622759	0	2.0380409	3604.2749175	259.6316875	32.3533339	227.2783536	2.7877518	4.188329	0
'6140772'	1.6510393	0.7706525	0	2.0489306	3636.7093375	258.9019131	31.6235595	227.2783536	2.8380117	4.188329	0
'6140778'	1.6510393	0.7706525	0	2.0489306	3636.7093375	258.9019131	31.6235595	227.2783536	2.8380117	4.188329	0
'6140780'	1.6300977	0.7622759	0	2.0380409	3604.2749175	259.6316875	32.3533339	227.2783536	2.7877518	4.188329	0
'6140782'	1.6510393	0.7706525	0	2.0489306	3636.7093375	258.9019131	31.6235595	227.2783536	2.8380117	4.188329	0
'6140784'	1.6510393	0.7706525	0	2.0489306	3636.7093375	258.9019131	31.6235595	227.2783536	2.8380117	4.188329	0
'6140786'	1.6300977	0.7622759	0	2.0380409	3604.2749175	259.6316875	32.3533339	227.2783536	2.7877518	4.188329	0
'6140788'	1.6300977	0.7622759	0	2.0380409	3604.2749175	259.6316875	32.3533339	227.2783536	2.7877518	4.188329	0
'6140794'	1.6510393	0.7706525	0	2.0489306	3636.7093375	258.9019131	31.6235595	227.2783536	2.8380117	4.188329	0
'6140796'	1.6300977	0.7622759	0	2.0380409	3604.2749175	259.6316875	32.3533339	227.2783536	2.7877518	4.188329	0
'6140798'	1.6510393	0.7706525	0	2.0489306	3636.7093375	258.9019131	31.6235595	227.2783536	2.8380117	4.188329	0
'6140800'	1.6510393	0.7706525	0	2.0489306	3636.7093375	258.9019131	31.6235595	227.2783536	2.8380117	4.188329	0
'6140804'	1.6510393	0.7706525	0	2.0489306	3636.7093375	258.9019131	31.6235595	227.2783536	2.8380117	4.188329	0
'6140806'	1.6300977	0.7622759	0	2.0380409	3604.2749175	259.6316875	32.3533339	227.2783536	2.7877518	4.188329	0
'6140808'	1.6510393	0.7706525	0	2.0489306	3636.7093375	258.9019131	31.6235595	227.2783536	2.8380117	4.188329	0
'6140810'	1.6300977	0.7622759	0	2.0380409	3604.2749175	259.6316875	32.3533339	227.2783536	2.7877518	4.188329	0
'6140814'	1.6300977	0.7622759	0	2.0380409	3604.2749175	259.6316875	32.3533339	227.2783536	2.7877518	4.188329	0
'6140816'	1.6510393	0.7706525	0	2.0489306	3636.7093375	258.9019131	31.6235595	227.2783536	2.8380117	4.188329	0
'6140818'	1.6300977	0.7622759	0	2.0380409	3604.2749175	259.6316875	32.3533339	227.2783536	2.7877518	4.188329	0
'6140820'	1.6300977	0.7622759	0	2.0380409	3604.2749175	259.6316875	32.3533339	227.2783536	2.7877518	4.188329	0
'6140822'	1.6300977	0.7622759	0	2.0380409	3604.2749175	259.6316875	32.3533339	227.2783536	2.7877518	4.188329	0
'6140826'	1.6300977	0.7622759	0	2.0380409	3604.2749175	259.6316875	32.3533339	227.2783536	2.7877518	4.188329	0
'6140830'	1.6510393	0.7706525	0	2.0489306	3636.7093375	258.9019131	31.6235595	227.2783536	2.8380117	4.188329	0
'6140832'	1.6300977	0.7622759	0	2.0380409	3604.2749175	259.6316875	32.3533339	227.2783536	2.7877518	4.188329	0
'6140834'	1.6300977	0.7622759	0	2.0380409	3604.2749175	259.6316875	32.3533339	227.2783536	2.7877518	4.188329	0
'6140836'	1.6510393	0.7706525	0	2.0489306	3636.7093375	258.9019131	31.6235595	227.2783536	2.8380117	4.188329	0
'6140838'	1.6300977	0.7622759	0	2.0380409	3604.2749175	259.6316875	32.3533339	227.2783536	2.7877518	4.188329	0
'6140842'	1.6510393	0.7706525	0	2.0489306	3636.7093375	258.9019131	31.6235595	227.2783536	2.8380117	4.188329	0
'6140846'	1.6300977	0.7622759	0	2.0380409	3604.2749175	259.6316875	32.3533339	227.2783536	2.7877518	4.188329	0
'6140848'	1.6300977	0.7622759	0	2.0380409	3604.2749175	259.6316875	32.3533339	227.2783536	2.7877518	4.188329	0
'6140852'	1.6510393	0.7706525	0	2.0489306	3636.7093375	258.9019131	31.6235595	227.2783536	2.8380117	4.188329	0
'6140854'	1.6300977	0.7622759	0	2.0380409	3604.2749175	259.6316875	32.3533339	227.2783536	2.7877518	4.188329	0
'6140856'	1.6510393	0.7706525	0	2.0489306	3636.7093375	258.9019131	31.6235595	227.2783536	2.8380117	4.188329	0
'6140858'	1.6300977	0.7622759	0	2.0380409	3604.2749175	259.6316875	32.3533339	227.2783536	2.7877518	4.188329	0
'6140860'	1.6300977	0.7622759	0	2.0380409	3604.2749175	259.6316875	32.3533339	227.2783536	2.7877518	4.188329	0
'6140864'	1.6300977	0.7622759	0	2.0380409	3604.2749175	259.6316875	32.3533339	227.2783536	2.7877518	4.188329	0
'6140866'	1.6510393	0.7706525	0	2.0489306	3636.7093375	258.9019131	31.6235595	227.2783536	2.8380117	4.188329	0
'6140868'	1.6510393	0.7706525	0	2.0489306	3636.7093375	258.9019131	31.6235595	227.2783536	2.8380117	4.188329	0
'6140872'	1.6510393	0.7706525	0	2.0489306	3636.7093375	258.9019131	31.6235595	227.2783536	2.8380117	4.188329	0
'6140874'	1.6300977	0.7622759	0	2.0380409	3604.2749175	259.6316875	32.3533339	227.2783536	2.7877518	4.188329	0
'6140876'	1.6300977	0.7622759	0	2.0380409	3604.2749175	259.6316875	32.3533339	227.2783536	2.7877518	4.188329	0
'6140878'	1.6300977	0.7622759	0	2.0380409	3604.2749175	259.6316875	32.3533339	227.2783536	2.7877518	4.188329	0
'6140880'	1.6300977	0.7622759	0	2.0380409	3604.2749175	259.6316875	32.3533339	227.2783536	2.7877518	4.188329	0
'6140882'	1.6510393	0.7706525	0	2.0489306	3636.7093375	258.9019131	31.6235595	227.2783536	2.8380117	4.188329	0
'6140884'	1.6510393	0.7706525	0	2.0489306	3636.7093375	258.9019131	31.6235595	227.2783536	2.8380117	4.188329	0
'6140886'	1.6510393	0.7706525	0	2.0489306	3636.7093375	258.9019131	31.6235595	227.2783536	2.8380117	4.188329	0
'6140888'	1.6510393	0.7706525	0	2.0489306	3636.7093375	258.9019131	31.6235595	227.2783536	2.8380117	4.188329	0
'6140892'	1.6510393	0.7706525	0	2.0489306	3636.7093375	258.9019131	31.6235595	227.2783536	2.8380117	4.188329	0
'6140894'	1.6510393	0.7706525	0	2.0489306	3636.7093375	258.9019131	31.6235595	227.2783536	2.8380117	4.188329	0
'6140896'	1.6300977	0.7622759	0	2.0380409	3604.2749175	259.6316875	32.3533339	227.2783536	2.7877518	4.188329	0
'6140900'	1.6300977	0.7622759	0	2.0380409	3604.2749175	259.6316875	32.3533339	227.2783536	2.7877518	4.188329	0
'6140902'	1.6300977	0.7622759	0	2.0380409	3604.2749175	259.6316875	32.3533339	227.2783536	2.7877518	4.188329	0
'6140904'	1.6300977	0.7622759	0	2.0380409	3604.2749175	259.6316875	32.3533339	227.2783536	2.7877518	4.188329	0
'6140906'	1.6300977	0.7622759	0	2.0380409	3604.2749175	259.6316875	32.3533339	227.2783536	2.7877518	4.188329	0
'6140908'	1.6300977	0.7622759	0	2.0380409	3604.2749175	259.6316875	32.3533339	227.2783536	2.7877518	4.188329	0
'6140910'	1.6510393	0.7706525	0	2.0489306	3636.7093375	258.9019131	31.6235595	227.2783536	2.8380117	4.188329	0
'6140914'	1.6510393	0.7706525	0	2.0489306	3636.7093375	258.9019131	31.6235595	227.2783536	2.8380117	4.188329	0
'6140916'	1.6510393	0.7706525	0	2.0489306	3636.7093375	258.9019131	31.6235595	227.2783536	2.8380117	4.188329	0
'6140918'	1.6300977	0.7622759	0	2.0380409	3604.2749175	259.6316875	32.3533339	227.2783536	2.7877518	4.188329	0
'6140920'	1.6300977	0.7622759	0	2.0380409	3604.2749175	259.6316875	32.3533339	227.2783536	2.7877518	4.188329	0
'6140924'	1.6300977	0.7622759	0	2.0380409	3604.2749175	259.6316875	32.3533339	227.2783536	2.7877518	4.188329	0
'6140926'	1.6510393	0.7706525	0	2.0489306	3636.7093375	258.9019131	31.6235595	227.2783536	2.8380117	4.188329	0
'6140928'	1.6510393	0.7706525	0	2.0489306	3636.7093375	258.9019131	31.6235595	227.2783536	2.8380117	4.188329	0
'6140930'	1.6510393	0.7706525	0	2.0489306	3636.7093375	258.9019131	31.6235595	227.2783536	2.8380117	4.188329	0
'6140932'	1.6300977	0.7622759	0	2.0380409	3604.2749175	259.6316875	32.3533339	227.2783536	2.7877518	4.188329	0
'6140934'	1.6300977	0.7622759	0	2.0380409	3604.2749175	259.6316875	32.3533339	227.2783536	2.7877518	4.188329	0
'6140938'	1.6300977	0.7622759	0	2.0380409	3604.2749175	259.6316875	32.3533339	227.2783536	2.7877518	4.188329	0
'6140940'	1.6300977	0.7622759	0	2.0380409	3604.2749175	259.6316875	32.3533339	227.2783536	2.7877518	4.188329	0
'6140942'	1.6300977	0.7622759	0	2.0380409	3604.2749175	259.6316875	32.3533339	227.2783536	2.7877518	4.188329	0
'6140944'	1.6300977	0.7622759	0	2.0380409	3604.2749175	259.6316875	32.3533339	227.2783536	2.7877518	4.188329	0
'6140946'	1.6510393	0.7706525	0	2.0489306	3636.7093375	258.9019131	31.6235595	227.2783536	2.8380117	4.188329	0
'6140948'	1.6510393	0.7706525	0	2.0489306	3636.7093375	258.9019131	31.6235595	227.2783536	2.8380117	4.188329	0
'6140952'	1.6300977	0.7622759	0	2.0380409	3604.2749175	259.6316875	32.3533339	227.2783536	2.7877518	4.188329	0
'6141024'	1.6510393	0.7706525	0	2.0489306	3636.7093375	258.9019131	31.6235595	227.2783536	2.8380117	4.188329	0
'6141030'	1.6510393	0.7706525	0	2.0489306	3636.7093375	258.9019131	31.6235595	227.2783536	2.8380117	4.188329	0
'6141032'	1.6510393	0.7706525	0	2.0489306	3636.7093375	258.9019131	31.6235595	227.2783536	2.8380117	4.188329	0
'6141034'	1.6510393	0.7706525	0	2.0489306	3636.7093375	258.9019131	31.6235595	227.2783536	2.8380117	4.188329	0
'6141038'	1.6510393	0.7706525	0	2.0489306	3636.7093375	258.9019131	31.6235595	227.2783536	2.8380117	4.188329	0
'6141042'	1.6510393	0.7706525	0	2.0489306	3636.7093375	258.9019131	31.6235595	227.2783536	2.8380117	4.188329	0
'6141046'	1.6510393	0.7706525	0	2.0489306	3636.7093375	258.9019131	31.6235595	227.2783536	2.8380117	4.188329	0
'6141050'	1.6300977	0.7622759	0	2.0380409	3604.2749175	259.6316875	32.3533339	227.2783536	2.7877518	4.188329	0
'6141054'	1.6510393	0.7706525	0	2.0489306	3636.7093375	258.9019131	31.6235595	227.2783536	2.8380117	4.188329	0
'6141056'	1.6510393	0.7706525	0	2.0489306	3636.7093375	258.9019131	31.6235595	227.2783536	2.8380117	4.188329	0
'6141060'	1.6510393	0.7706525	0	2.0489306	3636.7093375	258.9019131	31.6235595	227.2783536	2.8380117	4.188329	0
'6141062'	1.6510393	0.7706525	0	2.0489306	3636.7093375	258.9019131	31.6235595	227.2783536	2.8380117	4.188329	0
'6141064'	1.6510393	0.7706525	0	2.0489306	3636.7093375	258.9019131	31.6235595	227.2783536	2.8380117	4.188329	0
'6141066'	1.6510393	0.7706525	0	2.0489306	3636.7093375	258.9019131	31.6235595	227.2783536	2.8380117	4.188329	0
'6141070'	1.6510393	0.7706525	0	2.0489306	3636.7093375	258.9019131	31.6235595	227.2783536	2.8380117	4.188329	0
'6141074'	1.6510393	0.7706525	0	2.0489306	3636.7093375	258.9019131	31.6235595	227.2783536	2.8380117	4.188329	0
'6141076'	1.6510393	0.7706525	0	2.0489306	3636.7093375	258.9019131	31.6235595	227.2783536	2.8380117	4.188329	0
'6141084'	1.6510393	0.7706525	0	2.0489306	3636.7093375	258.9019131	31.6235595	227.2783536	2.8380117	4.188329	0
'6141086'	1.6510393	0.7706525	0	2.0489306	3636.7093375	258.9019131	31.6235595	227.2783536	2.8380117	4.188329	0
'6141090'	1.6510393	0.7706525	0	2.0489306	3636.7093375	258.9019131	31.6235595	227.2783536	2.8380117	4.188329	0
'6141100'	1.6510393	0.7706525	0	2.0489306	3636.7093375	258.9019131	31.6235595	227.2783536	2.8380117	4.188329	0
'6141104'	1.6510393	0.7706525	0	2.0489306	3636.7093375	258.9019131	31.6235595	227.2783536	2.8380117	4.188329	0
'6141106'	1.6510393	0.7706525	0	2.0489306	3636.7093375	258.9019131	31.6235595	227.2783536	2.8380117	4.188329	0
'6141108'	1.6510393	0.7706525	0	2.0489306	3636.7093375	258.9019131	31.6235595	227.2783536	2.8380117	4.188329	0
'6141110'	1.6510393	0.7706525	0	2.0489306	3636.7093375	258.9019131	31.6235595	227.2783536	2.8380117	4.188329	0
'6141112'	1.6510393	0.7706525	0	2.0489306	3636.7093375	258.9019131	31.6235595	227.2783536	2.8380117	4.188329	0
'6141126'	1.6510393	0.7706525	0	2.0489306	3636.7093375	258.9019131	31.6235595	227.2783536	2.8380117	4.188329	0
'6141128'	1.6510393	0.7706525	0	2.0489306	3636.7093375	258.9019131	31.6235595	227.2783536	2.8380117	4.188329	0
'6141130'	1.6510393	0.7706525	0	2.0489306	3636.7093375	258.9019131	31.6235595	227.2783536	2.8380117	4.188329	0
'6141148'	1.6510393	0.7706525	0	2.0489306	3636.7093375	258.9019131	31.6235595	227.2783536	2.8380117	4.188329	0
'6141150'	1.6510393	0.7706525	0	2.0489306	3636.7093375	258.9019131	31.6235595	227.2783536	2.8380117	4.188329	0
'6141152'	1.6510393	0.7706525	0	2.0489306	3636.7093375	258.9019131	31.6235595	227.2783536	2.8380117	4.188329	0
'6141154'	1.6510393	0.7706525	0	2.0489306	3636.7093375	258.9019131	31.6235595	227.2783536	2.8380117	4.188329	0
'6141170'	1.6510393	0.7706525	0	2.0489306	3636.7093375	258.9019131	31.6235595	227.2783536	2.8380117	4.188329	0
'6141176'	1.6510393	0.7706525	0	2.0489306	3636.7093375	258.9019131	31.6235595	227.2783536	2.8380117	4.188329	0
'6141178'	1.6510393	0.7706525	0	2.0489306	3636.7093375	258.9019131	31.6235595	227.2783536	2.8380117	4.188329	0
'6141180'	1.6300977	0.7622759	0	2.0380409	3604.2749175	259.6316875	32.3533339	227.2783536	2.7877518	4.188329	0
'6141184'	1.6510393	0.7706525	0	2.0489306	3636.7093375	258.9019131	31.6235595	227.2783536	2.8380117	4.188329	0
'6141188'	1.6300977	0.7622759	0	2.0380409	3604.2749175	259.6316875	32.3533339	227.2783536	2.7877518	4.188329	0
'6141196'	1.6510393	0.7706525	0	2.0489306	3636.7093375	258.9019131	31.6235595	227.2783536	2.8380117	4.188329	0
'6141208'	1.6510393	0.7706525	0	2.0489306	3636.7093375	258.9019131	31.6235595	227.2783536	2.8380117	4.188329	0
'6141210'	1.6300977	0.7622759	0	2.0380409	3604.2749175	259.6316875	32.3533339	227.2783536	2.7877518	4.188329	0
'6141214'	1.6300977	0.7622759	0	2.0380409	3604.2749175	259.6316875	32.3533339	227.2783536	2.7877518	4.188329	0
'6141218'	1.6510393	0.7706525	0	2.0489306	3636.7093375	258.9019131	31.6235595	227.2783536	2.8380117	4.188329	0
'6141220'	1.6300977	0.7622759	0	2.0380409	3604.2749175	259.6316875	32.3533339	227.2783536	2.7877518	4.188329	0
'6141228'	1.6510393	0.7706525	0	2.0489306	3636.7093375	258.9019131	31.6235595	227.2783536	2.8380117	4.188329	0
'6141270'	1.6510393	0.7706525	0	2.0489306	3636.7093375	258.9019131	31.6235595	227.2783536	2.8380117	4.188329	0
'6141274'	1.6510393	0.7706525	0	2.0489306	3636.7093375	258.9019131	31.6235595	227.2783536	2.8380117	4.188329	0
'6141306'	1.6510393	0.7706525	0	2.0489306	3636.7093375	258.9019131	31.6235595	227.2783536	2.8380117	4.188329	0
'6141308'	1.6510393	0.7706525	0	2.0489306	3636.7093375	258.9019131	31.6235595	227.2783536	2.8380117	4.188329	0
'6141310'	1.6510393	0.7706525	0	2.0489306	3636.7093375	258.9019131	31.6235595	227.2783536	2.8380117	4.188329	0
'6141312'	1.6510393	0.7706525	0	2.0489306	3636.7093375	258.9019131	31.6235595	227.2783536	2.8380117	4.188329	0
'6142038'	1.6300977	0.7622759	0	2.0380409	3604.2749175	259.6316875	32.3533339	227.2783536	2.7877518	4.188329	0
;

param ag_costs_operations : 'Conservation'  'Contour_Farming'  'Filterstrip'  'MIN_TILL'  'Ponds'  'Terrace_Waterway'  'Terrace_Only'  'Waterway_Only'  'Fert_20'  'Manure_Injection'  'Cover_crops' :=	
'166174961'	0	0	143.7809	0	0	0	0	0	0	0	1232.5774
'166174962'	0	0	143.7809	0	0	0	0	0	0	0	1232.5774
'166174963'	0	0	143.7809	0	0	0	0	0	0	0	1232.5774
'166174966'	0	0	143.773	0	0	0	0	0	0	0	1147.075
'24978249'	0	0	143.7809	0	0	0	0	0	0	0	1232.5774
'6139942'	0	0	143.7809	0	0	0	0	0	0	0	1232.5774
'6139944'	0	0	143.7809	0	0	0	0	0	0	0	1232.5774
'6139946'	0	0	143.773	0	0	0	0	0	0	0	1147.075
'6139948'	0	0	143.7809	0	0	0	0	0	0	0	1232.5774
'6139950'	0	0	143.7809	0	0	0	0	0	0	0	1232.5774
'6139952'	0	0	143.773	0	0	0	0	0	0	0	1147.075
'6139954'	0	0	143.7809	0	0	0	0	0	0	0	1232.5774
'6139956'	0	0	143.7809	0	0	0	0	0	0	0	1232.5774
'6139958'	0	0	143.7809	0	0	0	0	0	0	0	1232.5774
'6139960'	0	0	143.7809	0	0	0	0	0	0	0	1232.5774
'6139964'	0	0	143.7809	0	0	0	0	0	0	0	1232.5774
'6139966'	0	0	143.7809	0	0	0	0	0	0	0	1232.5774
'6139968'	0	0	143.7809	0	0	0	0	0	0	0	1232.5774
'6139970'	0	0	143.7809	0	0	0	0	0	0	0	1232.5774
'6139972'	0	0	143.7809	0	0	0	0	0	0	0	1232.5774
'6139974'	0	0	143.7809	0	0	0	0	0	0	0	1232.5774
'6139976'	0	0	143.7809	0	0	0	0	0	0	0	1232.5774
'6139978'	0	0	143.7809	0	0	0	0	0	0	0	1232.5774
'6139980'	0	0	143.7809	0	0	0	0	0	0	0	1232.5774
'6139982'	0	0	143.7809	0	0	0	0	0	0	0	1232.5774
'6139988'	0	0	143.7809	0	0	0	0	0	0	0	1232.5774
'6139990'	0	0	143.7809	0	0	0	0	0	0	0	1232.5774
'6139992'	0	0	143.7809	0	0	0	0	0	0	0	1232.5774
'6139994'	0	0	143.7809	0	0	0	0	0	0	0	1232.5774
'6139996'	0	0	143.7809	0	0	0	0	0	0	0	1232.5774
'6139998'	0	0	143.7809	0	0	0	0	0	0	0	1232.5774
'6140000'	0	0	143.7809	0	0	0	0	0	0	0	1232.5774
'6140002'	0	0	143.7809	0	0	0	0	0	0	0	1232.5774
'6140004'	0	0	143.7809	0	0	0	0	0	0	0	1232.5774
'6140008'	0	0	143.7809	0	0	0	0	0	0	0	1232.5774
'6140010'	0	0	143.7809	0	0	0	0	0	0	0	1232.5774
'6140012'	0	0	143.7809	0	0	0	0	0	0	0	1232.5774
'6140014'	0	0	143.7809	0	0	0	0	0	0	0	1232.5774
'6140016'	0	0	143.7809	0	0	0	0	0	0	0	1232.5774
'6140018'	0	0	143.7809	0	0	0	0	0	0	0	1232.5774
'6140020'	0	0	143.7809	0	0	0	0	0	0	0	1232.5774
'6140022'	0	0	143.7809	0	0	0	0	0	0	0	1232.5774
'6140024'	0	0	143.7809	0	0	0	0	0	0	0	1232.5774
'6140026'	0	0	143.7809	0	0	0	0	0	0	0	1232.5774
'6140028'	0	0	143.7809	0	0	0	0	0	0	0	1232.5774
'6140030'	0	0	143.7809	0	0	0	0	0	0	0	1232.5774
'6140032'	0	0	143.773	0	0	0	0	0	0	0	1147.075
'6140034'	0	0	143.7809	0	0	0	0	0	0	0	1232.5774
'6140036'	0	0	143.773	0	0	0	0	0	0	0	1147.075
'6140038'	0	0	143.7809	0	0	0	0	0	0	0	1232.5774
'6140040'	0	0	143.7809	0	0	0	0	0	0	0	1232.5774
'6140042'	0	0	143.7809	0	0	0	0	0	0	0	1232.5774
'6140044'	0	0	143.7809	0	0	0	0	0	0	0	1232.5774
'6140046'	0	0	143.7809	0	0	0	0	0	0	0	1232.5774
'6140048'	0	0	143.7809	0	0	0	0	0	0	0	1232.5774
'6140050'	0	0	143.7809	0	0	0	0	0	0	0	1232.5774
'6140052'	0	0	143.773	0	0	0	0	0	0	0	1147.075
'6140054'	0	0	143.7809	0	0	0	0	0	0	0	1232.5774
'6140056'	0	0	143.7809	0	0	0	0	0	0	0	1232.5774
'6140058'	0	0	143.7809	0	0	0	0	0	0	0	1232.5774
'6140060'	0	0	143.7809	0	0	0	0	0	0	0	1232.5774
'6140062'	0	0	143.7809	0	0	0	0	0	0	0	1232.5774
'6140064'	0	0	143.7809	0	0	0	0	0	0	0	1232.5774
'6140066'	0	0	143.773	0	0	0	0	0	0	0	1147.075
'6140068'	0	0	143.773	0	0	0	0	0	0	0	1147.075
'6140070'	0	0	143.7809	0	0	0	0	0	0	0	1232.5774
'6140072'	0	0	143.7809	0	0	0	0	0	0	0	1232.5774
'6140074'	0	0	143.7809	0	0	0	0	0	0	0	1232.5774
'6140076'	0	0	143.7809	0	0	0	0	0	0	0	1232.5774
'6140080'	0	0	143.7809	0	0	0	0	0	0	0	1232.5774
'6140082'	0	0	143.7809	0	0	0	0	0	0	0	1232.5774
'6140084'	0	0	143.7809	0	0	0	0	0	0	0	1232.5774
'6140086'	0	0	143.7809	0	0	0	0	0	0	0	1232.5774
'6140088'	0	0	143.7809	0	0	0	0	0	0	0	1232.5774
'6140090'	0	0	143.7809	0	0	0	0	0	0	0	1232.5774
'6140092'	0	0	143.7809	0	0	0	0	0	0	0	1232.5774
'6140094'	0	0	143.7809	0	0	0	0	0	0	0	1232.5774
'6140096'	0	0	143.7809	0	0	0	0	0	0	0	1232.5774
'6140098'	0	0	143.7809	0	0	0	0	0	0	0	1232.5774
'6140100'	0	0	143.7809	0	0	0	0	0	0	0	1232.5774
'6140102'	0	0	143.7809	0	0	0	0	0	0	0	1232.5774
'6140104'	0	0	143.7809	0	0	0	0	0	0	0	1232.5774
'6140106'	0	0	143.773	0	0	0	0	0	0	0	1147.075
'6140108'	0	0	143.773	0	0	0	0	0	0	0	1147.075
'6140110'	0	0	143.7809	0	0	0	0	0	0	0	1232.5774
'6140112'	0	0	143.7809	0	0	0	0	0	0	0	1232.5774
'6140114'	0	0	143.7809	0	0	0	0	0	0	0	1232.5774
'6140116'	0	0	143.7809	0	0	0	0	0	0	0	1232.5774
'6140118'	0	0	143.773	0	0	0	0	0	0	0	1147.075
'6140120'	0	0	143.7809	0	0	0	0	0	0	0	1232.5774
'6140122'	0	0	143.7809	0	0	0	0	0	0	0	1232.5774
'6140124'	0	0	143.7809	0	0	0	0	0	0	0	1232.5774
'6140126'	0	0	143.7809	0	0	0	0	0	0	0	1232.5774
'6140128'	0	0	143.7809	0	0	0	0	0	0	0	1232.5774
'6140130'	0	0	143.7809	0	0	0	0	0	0	0	1232.5774
'6140132'	0	0	143.7809	0	0	0	0	0	0	0	1232.5774
'6140134'	0	0	143.7809	0	0	0	0	0	0	0	1232.5774
'6140274'	0	0	143.773	0	0	0	0	0	0	0	1147.075
'6140276'	0	0	143.7809	0	0	0	0	0	0	0	1232.5774
'6140278'	0	0	143.7809	0	0	0	0	0	0	0	1232.5774
'6140280'	0	0	143.7809	0	0	0	0	0	0	0	1232.5774
'6140282'	0	0	143.7809	0	0	0	0	0	0	0	1232.5774
'6140284'	0	0	143.7809	0	0	0	0	0	0	0	1232.5774
'6140286'	0	0	143.7809	0	0	0	0	0	0	0	1232.5774
'6140288'	0	0	143.7809	0	0	0	0	0	0	0	1232.5774
'6140290'	0	0	143.7809	0	0	0	0	0	0	0	1232.5774
'6140292'	0	0	143.7809	0	0	0	0	0	0	0	1232.5774
'6140294'	0	0	143.7809	0	0	0	0	0	0	0	1232.5774
'6140296'	0	0	143.7809	0	0	0	0	0	0	0	1232.5774
'6140298'	0	0	143.7809	0	0	0	0	0	0	0	1232.5774
'6140300'	0	0	143.7809	0	0	0	0	0	0	0	1232.5774
'6140302'	0	0	143.7809	0	0	0	0	0	0	0	1232.5774
'6140304'	0	0	143.7809	0	0	0	0	0	0	0	1232.5774
'6140306'	0	0	143.7809	0	0	0	0	0	0	0	1232.5774
'6140308'	0	0	143.7809	0	0	0	0	0	0	0	1232.5774
'6140310'	0	0	143.7809	0	0	0	0	0	0	0	1232.5774
'6140312'	0	0	143.7809	0	0	0	0	0	0	0	1232.5774
'6140314'	0	0	143.7809	0	0	0	0	0	0	0	1232.5774
'6140316'	0	0	143.7809	0	0	0	0	0	0	0	1232.5774
'6140318'	0	0	143.7809	0	0	0	0	0	0	0	1232.5774
'6140320'	0	0	143.7809	0	0	0	0	0	0	0	1232.5774
'6140322'	0	0	143.7809	0	0	0	0	0	0	0	1232.5774
'6140324'	0	0	143.7809	0	0	0	0	0	0	0	1232.5774
'6140326'	0	0	143.7809	0	0	0	0	0	0	0	1232.5774
'6140328'	0	0	143.7809	0	0	0	0	0	0	0	1232.5774
'6140330'	0	0	143.7809	0	0	0	0	0	0	0	1232.5774
'6140332'	0	0	143.7809	0	0	0	0	0	0	0	1232.5774
'6140336'	0	0	143.7809	0	0	0	0	0	0	0	1232.5774
'6140338'	0	0	143.773	0	0	0	0	0	0	0	1147.075
'6140340'	0	0	143.7809	0	0	0	0	0	0	0	1232.5774
'6140342'	0	0	143.773	0	0	0	0	0	0	0	1147.075
'6140344'	0	0	143.773	0	0	0	0	0	0	0	1147.075
'6140346'	0	0	143.7809	0	0	0	0	0	0	0	1232.5774
'6140348'	0	0	143.773	0	0	0	0	0	0	0	1147.075
'6140350'	0	0	143.7809	0	0	0	0	0	0	0	1232.5774
'6140352'	0	0	143.7809	0	0	0	0	0	0	0	1232.5774
'6140356'	0	0	143.7809	0	0	0	0	0	0	0	1232.5774
'6140358'	0	0	143.7809	0	0	0	0	0	0	0	1232.5774
'6140360'	0	0	143.7809	0	0	0	0	0	0	0	1232.5774
'6140362'	0	0	143.7809	0	0	0	0	0	0	0	1232.5774
'6140364'	0	0	143.7809	0	0	0	0	0	0	0	1232.5774
'6140366'	0	0	143.7809	0	0	0	0	0	0	0	1232.5774
'6140368'	0	0	143.7809	0	0	0	0	0	0	0	1232.5774
'6140370'	0	0	143.7809	0	0	0	0	0	0	0	1232.5774
'6140372'	0	0	143.7809	0	0	0	0	0	0	0	1232.5774
'6140374'	0	0	143.7809	0	0	0	0	0	0	0	1232.5774
'6140376'	0	0	143.7809	0	0	0	0	0	0	0	1232.5774
'6140380'	0	0	143.7809	0	0	0	0	0	0	0	1232.5774
'6140382'	0	0	143.7809	0	0	0	0	0	0	0	1232.5774
'6140384'	0	0	143.7809	0	0	0	0	0	0	0	1232.5774
'6140386'	0	0	143.7809	0	0	0	0	0	0	0	1232.5774
'6140388'	0	0	143.7809	0	0	0	0	0	0	0	1232.5774
'6140390'	0	0	143.7809	0	0	0	0	0	0	0	1232.5774
'6140392'	0	0	143.7809	0	0	0	0	0	0	0	1232.5774
'6140394'	0	0	143.7809	0	0	0	0	0	0	0	1232.5774
'6140396'	0	0	143.7809	0	0	0	0	0	0	0	1232.5774
'6140398'	0	0	143.7809	0	0	0	0	0	0	0	1232.5774
'6140402'	0	0	143.7809	0	0	0	0	0	0	0	1232.5774
'6140404'	0	0	143.7809	0	0	0	0	0	0	0	1232.5774
'6140406'	0	0	143.7809	0	0	0	0	0	0	0	1232.5774
'6140408'	0	0	143.7809	0	0	0	0	0	0	0	1232.5774
'6140410'	0	0	143.7809	0	0	0	0	0	0	0	1232.5774
'6140414'	0	0	143.773	0	0	0	0	0	0	0	1147.075
'6140416'	0	0	143.773	0	0	0	0	0	0	0	1147.075
'6140418'	0	0	143.7809	0	0	0	0	0	0	0	1232.5774
'6140420'	0	0	143.7809	0	0	0	0	0	0	0	1232.5774
'6140422'	0	0	143.7809	0	0	0	0	0	0	0	1232.5774
'6140426'	0	0	143.7809	0	0	0	0	0	0	0	1232.5774
'6140428'	0	0	143.773	0	0	0	0	0	0	0	1147.075
'6140430'	0	0	143.7809	0	0	0	0	0	0	0	1232.5774
'6140432'	0	0	143.7809	0	0	0	0	0	0	0	1232.5774
'6140434'	0	0	143.773	0	0	0	0	0	0	0	1147.075
'6140436'	0	0	143.7809	0	0	0	0	0	0	0	1232.5774
'6140438'	0	0	143.7809	0	0	0	0	0	0	0	1232.5774
'6140442'	0	0	143.7809	0	0	0	0	0	0	0	1232.5774
'6140444'	0	0	143.7809	0	0	0	0	0	0	0	1232.5774
'6140448'	0	0	143.7809	0	0	0	0	0	0	0	1232.5774
'6140450'	0	0	143.7809	0	0	0	0	0	0	0	1232.5774
'6140452'	0	0	143.7809	0	0	0	0	0	0	0	1232.5774
'6140454'	0	0	143.773	0	0	0	0	0	0	0	1147.075
'6140456'	0	0	143.7809	0	0	0	0	0	0	0	1232.5774
'6140458'	0	0	143.7809	0	0	0	0	0	0	0	1232.5774
'6140460'	0	0	143.773	0	0	0	0	0	0	0	1147.075
'6140462'	0	0	143.773	0	0	0	0	0	0	0	1147.075
'6140464'	0	0	143.7809	0	0	0	0	0	0	0	1232.5774
'6140466'	0	0	143.7809	0	0	0	0	0	0	0	1232.5774
'6140468'	0	0	143.7809	0	0	0	0	0	0	0	1232.5774
'6140470'	0	0	143.7809	0	0	0	0	0	0	0	1232.5774
'6140752'	0	0	143.7809	0	0	0	0	0	0	0	1232.5774
'6140754'	0	0	143.7809	0	0	0	0	0	0	0	1232.5774
'6140758'	0	0	143.7809	0	0	0	0	0	0	0	1232.5774
'6140760'	0	0	143.7809	0	0	0	0	0	0	0	1232.5774
'6140762'	0	0	143.7809	0	0	0	0	0	0	0	1232.5774
'6140764'	0	0	143.7809	0	0	0	0	0	0	0	1232.5774
'6140766'	0	0	143.7809	0	0	0	0	0	0	0	1232.5774
'6140768'	0	0	143.773	0	0	0	0	0	0	0	1147.075
'6140770'	0	0	143.773	0	0	0	0	0	0	0	1147.075
'6140772'	0	0	143.7809	0	0	0	0	0	0	0	1232.5774
'6140778'	0	0	143.7809	0	0	0	0	0	0	0	1232.5774
'6140780'	0	0	143.773	0	0	0	0	0	0	0	1147.075
'6140782'	0	0	143.7809	0	0	0	0	0	0	0	1232.5774
'6140784'	0	0	143.7809	0	0	0	0	0	0	0	1232.5774
'6140786'	0	0	143.773	0	0	0	0	0	0	0	1147.075
'6140788'	0	0	143.773	0	0	0	0	0	0	0	1147.075
'6140794'	0	0	143.7809	0	0	0	0	0	0	0	1232.5774
'6140796'	0	0	143.773	0	0	0	0	0	0	0	1147.075
'6140798'	0	0	143.7809	0	0	0	0	0	0	0	1232.5774
'6140800'	0	0	143.7809	0	0	0	0	0	0	0	1232.5774
'6140804'	0	0	143.7809	0	0	0	0	0	0	0	1232.5774
'6140806'	0	0	143.773	0	0	0	0	0	0	0	1147.075
'6140808'	0	0	143.7809	0	0	0	0	0	0	0	1232.5774
'6140810'	0	0	143.773	0	0	0	0	0	0	0	1147.075
'6140814'	0	0	143.773	0	0	0	0	0	0	0	1147.075
'6140816'	0	0	143.7809	0	0	0	0	0	0	0	1232.5774
'6140818'	0	0	143.773	0	0	0	0	0	0	0	1147.075
'6140820'	0	0	143.773	0	0	0	0	0	0	0	1147.075
'6140822'	0	0	143.773	0	0	0	0	0	0	0	1147.075
'6140826'	0	0	143.773	0	0	0	0	0	0	0	1147.075
'6140830'	0	0	143.7809	0	0	0	0	0	0	0	1232.5774
'6140832'	0	0	143.773	0	0	0	0	0	0	0	1147.075
'6140834'	0	0	143.773	0	0	0	0	0	0	0	1147.075
'6140836'	0	0	143.7809	0	0	0	0	0	0	0	1232.5774
'6140838'	0	0	143.773	0	0	0	0	0	0	0	1147.075
'6140842'	0	0	143.7809	0	0	0	0	0	0	0	1232.5774
'6140846'	0	0	143.773	0	0	0	0	0	0	0	1147.075
'6140848'	0	0	143.773	0	0	0	0	0	0	0	1147.075
'6140852'	0	0	143.7809	0	0	0	0	0	0	0	1232.5774
'6140854'	0	0	143.773	0	0	0	0	0	0	0	1147.075
'6140856'	0	0	143.7809	0	0	0	0	0	0	0	1232.5774
'6140858'	0	0	143.773	0	0	0	0	0	0	0	1147.075
'6140860'	0	0	143.773	0	0	0	0	0	0	0	1147.075
'6140864'	0	0	143.773	0	0	0	0	0	0	0	1147.075
'6140866'	0	0	143.7809	0	0	0	0	0	0	0	1232.5774
'6140868'	0	0	143.7809	0	0	0	0	0	0	0	1232.5774
'6140872'	0	0	143.7809	0	0	0	0	0	0	0	1232.5774
'6140874'	0	0	143.773	0	0	0	0	0	0	0	1147.075
'6140876'	0	0	143.773	0	0	0	0	0	0	0	1147.075
'6140878'	0	0	143.773	0	0	0	0	0	0	0	1147.075
'6140880'	0	0	143.773	0	0	0	0	0	0	0	1147.075
'6140882'	0	0	143.7809	0	0	0	0	0	0	0	1232.5774
'6140884'	0	0	143.7809	0	0	0	0	0	0	0	1232.5774
'6140886'	0	0	143.7809	0	0	0	0	0	0	0	1232.5774
'6140888'	0	0	143.7809	0	0	0	0	0	0	0	1232.5774
'6140892'	0	0	143.7809	0	0	0	0	0	0	0	1232.5774
'6140894'	0	0	143.7809	0	0	0	0	0	0	0	1232.5774
'6140896'	0	0	143.773	0	0	0	0	0	0	0	1147.075
'6140900'	0	0	143.773	0	0	0	0	0	0	0	1147.075
'6140902'	0	0	143.773	0	0	0	0	0	0	0	1147.075
'6140904'	0	0	143.773	0	0	0	0	0	0	0	1147.075
'6140906'	0	0	143.773	0	0	0	0	0	0	0	1147.075
'6140908'	0	0	143.773	0	0	0	0	0	0	0	1147.075
'6140910'	0	0	143.7809	0	0	0	0	0	0	0	1232.5774
'6140914'	0	0	143.7809	0	0	0	0	0	0	0	1232.5774
'6140916'	0	0	143.7809	0	0	0	0	0	0	0	1232.5774
'6140918'	0	0	143.773	0	0	0	0	0	0	0	1147.075
'6140920'	0	0	143.773	0	0	0	0	0	0	0	1147.075
'6140924'	0	0	143.773	0	0	0	0	0	0	0	1147.075
'6140926'	0	0	143.7809	0	0	0	0	0	0	0	1232.5774
'6140928'	0	0	143.7809	0	0	0	0	0	0	0	1232.5774
'6140930'	0	0	143.7809	0	0	0	0	0	0	0	1232.5774
'6140932'	0	0	143.773	0	0	0	0	0	0	0	1147.075
'6140934'	0	0	143.773	0	0	0	0	0	0	0	1147.075
'6140938'	0	0	143.773	0	0	0	0	0	0	0	1147.075
'6140940'	0	0	143.773	0	0	0	0	0	0	0	1147.075
'6140942'	0	0	143.773	0	0	0	0	0	0	0	1147.075
'6140944'	0	0	143.773	0	0	0	0	0	0	0	1147.075
'6140946'	0	0	143.7809	0	0	0	0	0	0	0	1232.5774
'6140948'	0	0	143.7809	0	0	0	0	0	0	0	1232.5774
'6140952'	0	0	143.773	0	0	0	0	0	0	0	1147.075
'6141024'	0	0	143.7809	0	0	0	0	0	0	0	1232.5774
'6141030'	0	0	143.7809	0	0	0	0	0	0	0	1232.5774
'6141032'	0	0	143.7809	0	0	0	0	0	0	0	1232.5774
'6141034'	0	0	143.7809	0	0	0	0	0	0	0	1232.5774
'6141038'	0	0	143.7809	0	0	0	0	0	0	0	1232.5774
'6141042'	0	0	143.7809	0	0	0	0	0	0	0	1232.5774
'6141046'	0	0	143.7809	0	0	0	0	0	0	0	1232.5774
'6141050'	0	0	143.773	0	0	0	0	0	0	0	1147.075
'6141054'	0	0	143.7809	0	0	0	0	0	0	0	1232.5774
'6141056'	0	0	143.7809	0	0	0	0	0	0	0	1232.5774
'6141060'	0	0	143.7809	0	0	0	0	0	0	0	1232.5774
'6141062'	0	0	143.7809	0	0	0	0	0	0	0	1232.5774
'6141064'	0	0	143.7809	0	0	0	0	0	0	0	1232.5774
'6141066'	0	0	143.7809	0	0	0	0	0	0	0	1232.5774
'6141070'	0	0	143.7809	0	0	0	0	0	0	0	1232.5774
'6141074'	0	0	143.7809	0	0	0	0	0	0	0	1232.5774
'6141076'	0	0	143.7809	0	0	0	0	0	0	0	1232.5774
'6141084'	0	0	143.7809	0	0	0	0	0	0	0	1232.5774
'6141086'	0	0	143.7809	0	0	0	0	0	0	0	1232.5774
'6141090'	0	0	143.7809	0	0	0	0	0	0	0	1232.5774
'6141100'	0	0	143.7809	0	0	0	0	0	0	0	1232.5774
'6141104'	0	0	143.7809	0	0	0	0	0	0	0	1232.5774
'6141106'	0	0	143.7809	0	0	0	0	0	0	0	1232.5774
'6141108'	0	0	143.7809	0	0	0	0	0	0	0	1232.5774
'6141110'	0	0	143.7809	0	0	0	0	0	0	0	1232.5774
'6141112'	0	0	143.7809	0	0	0	0	0	0	0	1232.5774
'6141126'	0	0	143.7809	0	0	0	0	0	0	0	1232.5774
'6141128'	0	0	143.7809	0	0	0	0	0	0	0	1232.5774
'6141130'	0	0	143.7809	0	0	0	0	0	0	0	1232.5774
'6141148'	0	0	143.7809	0	0	0	0	0	0	0	1232.5774
'6141150'	0	0	143.7809	0	0	0	0	0	0	0	1232.5774
'6141152'	0	0	143.7809	0	0	0	0	0	0	0	1232.5774
'6141154'	0	0	143.7809	0	0	0	0	0	0	0	1232.5774
'6141170'	0	0	143.7809	0	0	0	0	0	0	0	1232.5774
'6141176'	0	0	143.7809	0	0	0	0	0	0	0	1232.5774
'6141178'	0	0	143.7809	0	0	0	0	0	0	0	1232.5774
'6141180'	0	0	143.773	0	0	0	0	0	0	0	1147.075
'6141184'	0	0	143.7809	0	0	0	0	0	0	0	1232.5774
'6141188'	0	0	143.773	0	0	0	0	0	0	0	1147.075
'6141196'	0	0	143.7809	0	0	0	0	0	0	0	1232.5774
'6141208'	0	0	143.7809	0	0	0	0	0	0	0	1232.5774
'6141210'	0	0	143.773	0	0	0	0	0	0	0	1147.075
'6141214'	0	0	143.773	0	0	0	0	0	0	0	1147.075
'6141218'	0	0	143.7809	0	0	0	0	0	0	0	1232.5774
'6141220'	0	0	143.773	0	0	0	0	0	0	0	1147.075
'6141228'	0	0	143.7809	0	0	0	0	0	0	0	1232.5774
'6141270'	0	0	143.7809	0	0	0	0	0	0	0	1232.5774
'6141274'	0	0	143.7809	0	0	0	0	0	0	0	1232.5774
'6141306'	0	0	143.7809	0	0	0	0	0	0	0	1232.5774
'6141308'	0	0	143.7809	0	0	0	0	0	0	0	1232.5774
'6141310'	0	0	143.7809	0	0	0	0	0	0	0	1232.5774
'6141312'	0	0	143.7809	0	0	0	0	0	0	0	1232.5774
'6142038'	0	0	143.773	0	0	0	0	0	0	0	1147.075
;

param septic_costs_capital : 'none' :=	
'166174961'	0
'166174962'	0
'166174963'	0
'166174966'	0
'24978249'	0
'6139942'	0
'6139944'	0
'6139946'	0
'6139948'	0
'6139950'	0
'6139952'	0
'6139954'	0
'6139956'	0
'6139958'	0
'6139960'	0
'6139964'	0
'6139966'	0
'6139968'	0
'6139970'	0
'6139972'	0
'6139974'	0
'6139976'	0
'6139978'	0
'6139980'	0
'6139982'	0
'6139988'	0
'6139990'	0
'6139992'	0
'6139994'	0
'6139996'	0
'6139998'	0
'6140000'	0
'6140002'	0
'6140004'	0
'6140008'	0
'6140010'	0
'6140012'	0
'6140014'	0
'6140016'	0
'6140018'	0
'6140020'	0
'6140022'	0
'6140024'	0
'6140026'	0
'6140028'	0
'6140030'	0
'6140032'	0
'6140034'	0
'6140036'	0
'6140038'	0
'6140040'	0
'6140042'	0
'6140044'	0
'6140046'	0
'6140048'	0
'6140050'	0
'6140052'	0
'6140054'	0
'6140056'	0
'6140058'	0
'6140060'	0
'6140062'	0
'6140064'	0
'6140066'	0
'6140068'	0
'6140070'	0
'6140072'	0
'6140074'	0
'6140076'	0
'6140080'	0
'6140082'	0
'6140084'	0
'6140086'	0
'6140088'	0
'6140090'	0
'6140092'	0
'6140094'	0
'6140096'	0
'6140098'	0
'6140100'	0
'6140102'	0
'6140104'	0
'6140106'	0
'6140108'	0
'6140110'	0
'6140112'	0
'6140114'	0
'6140116'	0
'6140118'	0
'6140120'	0
'6140122'	0
'6140124'	0
'6140126'	0
'6140128'	0
'6140130'	0
'6140132'	0
'6140134'	0
'6140274'	0
'6140276'	0
'6140278'	0
'6140280'	0
'6140282'	0
'6140284'	0
'6140286'	0
'6140288'	0
'6140290'	0
'6140292'	0
'6140294'	0
'6140296'	0
'6140298'	0
'6140300'	0
'6140302'	0
'6140304'	0
'6140306'	0
'6140308'	0
'6140310'	0
'6140312'	0
'6140314'	0
'6140316'	0
'6140318'	0
'6140320'	0
'6140322'	0
'6140324'	0
'6140326'	0
'6140328'	0
'6140330'	0
'6140332'	0
'6140336'	0
'6140338'	0
'6140340'	0
'6140342'	0
'6140344'	0
'6140346'	0
'6140348'	0
'6140350'	0
'6140352'	0
'6140356'	0
'6140358'	0
'6140360'	0
'6140362'	0
'6140364'	0
'6140366'	0
'6140368'	0
'6140370'	0
'6140372'	0
'6140374'	0
'6140376'	0
'6140380'	0
'6140382'	0
'6140384'	0
'6140386'	0
'6140388'	0
'6140390'	0
'6140392'	0
'6140394'	0
'6140396'	0
'6140398'	0
'6140402'	0
'6140404'	0
'6140406'	0
'6140408'	0
'6140410'	0
'6140414'	0
'6140416'	0
'6140418'	0
'6140420'	0
'6140422'	0
'6140426'	0
'6140428'	0
'6140430'	0
'6140432'	0
'6140434'	0
'6140436'	0
'6140438'	0
'6140442'	0
'6140444'	0
'6140448'	0
'6140450'	0
'6140452'	0
'6140454'	0
'6140456'	0
'6140458'	0
'6140460'	0
'6140462'	0
'6140464'	0
'6140466'	0
'6140468'	0
'6140470'	0
'6140752'	0
'6140754'	0
'6140758'	0
'6140760'	0
'6140762'	0
'6140764'	0
'6140766'	0
'6140768'	0
'6140770'	0
'6140772'	0
'6140778'	0
'6140780'	0
'6140782'	0
'6140784'	0
'6140786'	0
'6140788'	0
'6140794'	0
'6140796'	0
'6140798'	0
'6140800'	0
'6140804'	0
'6140806'	0
'6140808'	0
'6140810'	0
'6140814'	0
'6140816'	0
'6140818'	0
'6140820'	0
'6140822'	0
'6140826'	0
'6140830'	0
'6140832'	0
'6140834'	0
'6140836'	0
'6140838'	0
'6140842'	0
'6140846'	0
'6140848'	0
'6140852'	0
'6140854'	0
'6140856'	0
'6140858'	0
'6140860'	0
'6140864'	0
'6140866'	0
'6140868'	0
'6140872'	0
'6140874'	0
'6140876'	0
'6140878'	0
'6140880'	0
'6140882'	0
'6140884'	0
'6140886'	0
'6140888'	0
'6140892'	0
'6140894'	0
'6140896'	0
'6140900'	0
'6140902'	0
'6140904'	0
'6140906'	0
'6140908'	0
'6140910'	0
'6140914'	0
'6140916'	0
'6140918'	0
'6140920'	0
'6140924'	0
'6140926'	0
'6140928'	0
'6140930'	0
'6140932'	0
'6140934'	0
'6140938'	0
'6140940'	0
'6140942'	0
'6140944'	0
'6140946'	0
'6140948'	0
'6140952'	0
'6141024'	0
'6141030'	0
'6141032'	0
'6141034'	0
'6141038'	0
'6141042'	0
'6141046'	0
'6141050'	0
'6141054'	0
'6141056'	0
'6141060'	0
'6141062'	0
'6141064'	0
'6141066'	0
'6141070'	0
'6141074'	0
'6141076'	0
'6141084'	0
'6141086'	0
'6141090'	0
'6141100'	0
'6141104'	0
'6141106'	0
'6141108'	0
'6141110'	0
'6141112'	0
'6141126'	0
'6141128'	0
'6141130'	0
'6141148'	0
'6141150'	0
'6141152'	0
'6141154'	0
'6141170'	0
'6141176'	0
'6141178'	0
'6141180'	0
'6141184'	0
'6141188'	0
'6141196'	0
'6141208'	0
'6141210'	0
'6141214'	0
'6141218'	0
'6141220'	0
'6141228'	0
'6141270'	0
'6141274'	0
'6141306'	0
'6141308'	0
'6141310'	0
'6141312'	0
'6142038'	0
;

param septic_costs_operations : 'none' :=	
'166174961'	0
'166174962'	0
'166174963'	0
'166174966'	0
'24978249'	0
'6139942'	0
'6139944'	0
'6139946'	0
'6139948'	0
'6139950'	0
'6139952'	0
'6139954'	0
'6139956'	0
'6139958'	0
'6139960'	0
'6139964'	0
'6139966'	0
'6139968'	0
'6139970'	0
'6139972'	0
'6139974'	0
'6139976'	0
'6139978'	0
'6139980'	0
'6139982'	0
'6139988'	0
'6139990'	0
'6139992'	0
'6139994'	0
'6139996'	0
'6139998'	0
'6140000'	0
'6140002'	0
'6140004'	0
'6140008'	0
'6140010'	0
'6140012'	0
'6140014'	0
'6140016'	0
'6140018'	0
'6140020'	0
'6140022'	0
'6140024'	0
'6140026'	0
'6140028'	0
'6140030'	0
'6140032'	0
'6140034'	0
'6140036'	0
'6140038'	0
'6140040'	0
'6140042'	0
'6140044'	0
'6140046'	0
'6140048'	0
'6140050'	0
'6140052'	0
'6140054'	0
'6140056'	0
'6140058'	0
'6140060'	0
'6140062'	0
'6140064'	0
'6140066'	0
'6140068'	0
'6140070'	0
'6140072'	0
'6140074'	0
'6140076'	0
'6140080'	0
'6140082'	0
'6140084'	0
'6140086'	0
'6140088'	0
'6140090'	0
'6140092'	0
'6140094'	0
'6140096'	0
'6140098'	0
'6140100'	0
'6140102'	0
'6140104'	0
'6140106'	0
'6140108'	0
'6140110'	0
'6140112'	0
'6140114'	0
'6140116'	0
'6140118'	0
'6140120'	0
'6140122'	0
'6140124'	0
'6140126'	0
'6140128'	0
'6140130'	0
'6140132'	0
'6140134'	0
'6140274'	0
'6140276'	0
'6140278'	0
'6140280'	0
'6140282'	0
'6140284'	0
'6140286'	0
'6140288'	0
'6140290'	0
'6140292'	0
'6140294'	0
'6140296'	0
'6140298'	0
'6140300'	0
'6140302'	0
'6140304'	0
'6140306'	0
'6140308'	0
'6140310'	0
'6140312'	0
'6140314'	0
'6140316'	0
'6140318'	0
'6140320'	0
'6140322'	0
'6140324'	0
'6140326'	0
'6140328'	0
'6140330'	0
'6140332'	0
'6140336'	0
'6140338'	0
'6140340'	0
'6140342'	0
'6140344'	0
'6140346'	0
'6140348'	0
'6140350'	0
'6140352'	0
'6140356'	0
'6140358'	0
'6140360'	0
'6140362'	0
'6140364'	0
'6140366'	0
'6140368'	0
'6140370'	0
'6140372'	0
'6140374'	0
'6140376'	0
'6140380'	0
'6140382'	0
'6140384'	0
'6140386'	0
'6140388'	0
'6140390'	0
'6140392'	0
'6140394'	0
'6140396'	0
'6140398'	0
'6140402'	0
'6140404'	0
'6140406'	0
'6140408'	0
'6140410'	0
'6140414'	0
'6140416'	0
'6140418'	0
'6140420'	0
'6140422'	0
'6140426'	0
'6140428'	0
'6140430'	0
'6140432'	0
'6140434'	0
'6140436'	0
'6140438'	0
'6140442'	0
'6140444'	0
'6140448'	0
'6140450'	0
'6140452'	0
'6140454'	0
'6140456'	0
'6140458'	0
'6140460'	0
'6140462'	0
'6140464'	0
'6140466'	0
'6140468'	0
'6140470'	0
'6140752'	0
'6140754'	0
'6140758'	0
'6140760'	0
'6140762'	0
'6140764'	0
'6140766'	0
'6140768'	0
'6140770'	0
'6140772'	0
'6140778'	0
'6140780'	0
'6140782'	0
'6140784'	0
'6140786'	0
'6140788'	0
'6140794'	0
'6140796'	0
'6140798'	0
'6140800'	0
'6140804'	0
'6140806'	0
'6140808'	0
'6140810'	0
'6140814'	0
'6140816'	0
'6140818'	0
'6140820'	0
'6140822'	0
'6140826'	0
'6140830'	0
'6140832'	0
'6140834'	0
'6140836'	0
'6140838'	0
'6140842'	0
'6140846'	0
'6140848'	0
'6140852'	0
'6140854'	0
'6140856'	0
'6140858'	0
'6140860'	0
'6140864'	0
'6140866'	0
'6140868'	0
'6140872'	0
'6140874'	0
'6140876'	0
'6140878'	0
'6140880'	0
'6140882'	0
'6140884'	0
'6140886'	0
'6140888'	0
'6140892'	0
'6140894'	0
'6140896'	0
'6140900'	0
'6140902'	0
'6140904'	0
'6140906'	0
'6140908'	0
'6140910'	0
'6140914'	0
'6140916'	0
'6140918'	0
'6140920'	0
'6140924'	0
'6140926'	0
'6140928'	0
'6140930'	0
'6140932'	0
'6140934'	0
'6140938'	0
'6140940'	0
'6140942'	0
'6140944'	0
'6140946'	0
'6140948'	0
'6140952'	0
'6141024'	0
'6141030'	0
'6141032'	0
'6141034'	0
'6141038'	0
'6141042'	0
'6141046'	0
'6141050'	0
'6141054'	0
'6141056'	0
'6141060'	0
'6141062'	0
'6141064'	0
'6141066'	0
'6141070'	0
'6141074'	0
'6141076'	0
'6141084'	0
'6141086'	0
'6141090'	0
'6141100'	0
'6141104'	0
'6141106'	0
'6141108'	0
'6141110'	0
'6141112'	0
'6141126'	0
'6141128'	0
'6141130'	0
'6141148'	0
'6141150'	0
'6141152'	0
'6141154'	0
'6141170'	0
'6141176'	0
'6141178'	0
'6141180'	0
'6141184'	0
'6141188'	0
'6141196'	0
'6141208'	0
'6141210'	0
'6141214'	0
'6141218'	0
'6141220'	0
'6141228'	0
'6141270'	0
'6141274'	0
'6141306'	0
'6141308'	0
'6141310'	0
'6141312'	0
'6142038'	0
;

param point_costs : 'capital' 'operations' :=	
'166174961'	0	0
'166174962'	0	0
'166174963'	0	0
'166174966'	0	0
'24978249'	0	0
'6139942'	0	0
'6139944'	0	0
'6139946'	0	0
'6139948'	0	0
'6139950'	0	0
'6139952'	0	0
'6139954'	0	0
'6139956'	0	0
'6139958'	0	0
'6139960'	0	0
'6139964'	0	0
'6139966'	0	0
'6139968'	0	0
'6139970'	0	0
'6139972'	0	0
'6139974'	0	0
'6139976'	0	0
'6139978'	0	0
'6139980'	0	0
'6139982'	0	0
'6139988'	0	0
'6139990'	0	0
'6139992'	0	0
'6139994'	0	0
'6139996'	0	0
'6139998'	0	0
'6140000'	0	0
'6140002'	0	0
'6140004'	0	0
'6140008'	0	0
'6140010'	0	0
'6140012'	0	0
'6140014'	0	0
'6140016'	0	0
'6140018'	0	0
'6140020'	0	0
'6140022'	0	0
'6140024'	0	0
'6140026'	0	0
'6140028'	0	0
'6140030'	0	0
'6140032'	0	0
'6140034'	0	0
'6140036'	0	0
'6140038'	0	0
'6140040'	0	0
'6140042'	0	0
'6140044'	0	0
'6140046'	0	0
'6140048'	0	0
'6140050'	0	0
'6140052'	0	0
'6140054'	0	0
'6140056'	0	0
'6140058'	0	0
'6140060'	0	0
'6140062'	0	0
'6140064'	0	0
'6140066'	0	0
'6140068'	0	0
'6140070'	0	0
'6140072'	0	0
'6140074'	0	0
'6140076'	0	0
'6140080'	0	0
'6140082'	0	0
'6140084'	0	0
'6140086'	0	0
'6140088'	0	0
'6140090'	0	0
'6140092'	0	0
'6140094'	0	0
'6140096'	0	0
'6140098'	0	0
'6140100'	0	0
'6140102'	0	0
'6140104'	0	0
'6140106'	0	0
'6140108'	0	0
'6140110'	0	0
'6140112'	0	0
'6140114'	0	0
'6140116'	0	0
'6140118'	0	0
'6140120'	0	0
'6140122'	0	0
'6140124'	0	0
'6140126'	0	0
'6140128'	0	0
'6140130'	0	0
'6140132'	0	0
'6140134'	0	0
'6140274'	0	0
'6140276'	0	0
'6140278'	0	0
'6140280'	0	0
'6140282'	0	0
'6140284'	0	0
'6140286'	0	0
'6140288'	0	0
'6140290'	0	0
'6140292'	0	0
'6140294'	0	0
'6140296'	0	0
'6140298'	0	0
'6140300'	0	0
'6140302'	0	0
'6140304'	0	0
'6140306'	0	0
'6140308'	0	0
'6140310'	0	0
'6140312'	0	0
'6140314'	0	0
'6140316'	0	0
'6140318'	0	0
'6140320'	0	0
'6140322'	0	0
'6140324'	0	0
'6140326'	0	0
'6140328'	0	0
'6140330'	0	0
'6140332'	0	0
'6140336'	0	0
'6140338'	0	0
'6140340'	0	0
'6140342'	0	0
'6140344'	0	0
'6140346'	0	0
'6140348'	0	0
'6140350'	0	0
'6140352'	0	0
'6140356'	0	0
'6140358'	0	0
'6140360'	0	0
'6140362'	0	0
'6140364'	0	0
'6140366'	0	0
'6140368'	0	0
'6140370'	0	0
'6140372'	0	0
'6140374'	0	0
'6140376'	0	0
'6140380'	0	0
'6140382'	0	0
'6140384'	0	0
'6140386'	0	0
'6140388'	0	0
'6140390'	0	0
'6140392'	0	0
'6140394'	0	0
'6140396'	0	0
'6140398'	0	0
'6140402'	0	0
'6140404'	0	0
'6140406'	0	0
'6140408'	0	0
'6140410'	0	0
'6140414'	0	0
'6140416'	0	0
'6140418'	0	0
'6140420'	0	0
'6140422'	0	0
'6140426'	0	0
'6140428'	0	0
'6140430'	0	0
'6140432'	0	0
'6140434'	0	0
'6140436'	0	0
'6140438'	0	0
'6140442'	0	0
'6140444'	0	0
'6140448'	0	0
'6140450'	0	0
'6140452'	0	0
'6140454'	0	0
'6140456'	0	0
'6140458'	0	0
'6140460'	0	0
'6140462'	0	0
'6140464'	0	0
'6140466'	0	0
'6140468'	0	0
'6140470'	0	0
'6140752'	0	0
'6140754'	0	0
'6140758'	0	0
'6140760'	0	0
'6140762'	0	0
'6140764'	0	0
'6140766'	0	0
'6140768'	0	0
'6140770'	0	0
'6140772'	0	0
'6140778'	0	0
'6140780'	0	0
'6140782'	0	0
'6140784'	0	0
'6140786'	0	0
'6140788'	0	0
'6140794'	0	0
'6140796'	0	0
'6140798'	0	0
'6140800'	0	0
'6140804'	0	0
'6140806'	0	0
'6140808'	0	0
'6140810'	0	0
'6140814'	0	0
'6140816'	0	0
'6140818'	0	0
'6140820'	0	0
'6140822'	0	0
'6140826'	0	0
'6140830'	0	0
'6140832'	0	0
'6140834'	0	0
'6140836'	0	0
'6140838'	0	0
'6140842'	0	0
'6140846'	0	0
'6140848'	0	0
'6140852'	0	0
'6140854'	0	0
'6140856'	0	0
'6140858'	0	0
'6140860'	0	0
'6140864'	0	0
'6140866'	0	0
'6140868'	0	0
'6140872'	0	0
'6140874'	0	0
'6140876'	0	0
'6140878'	0	0
'6140880'	0	0
'6140882'	0	0
'6140884'	0	0
'6140886'	0	0
'6140888'	0	0
'6140892'	0	0
'6140894'	0	0
'6140896'	0	0
'6140900'	0	0
'6140902'	0	0
'6140904'	0	0
'6140906'	0	0
'6140908'	0	0
'6140910'	0	0
'6140914'	0	0
'6140916'	0	0
'6140918'	0	0
'6140920'	0	0
'6140924'	0	0
'6140926'	0	0
'6140928'	0	0
'6140930'	0	0
'6140932'	0	0
'6140934'	0	0
'6140938'	0	0
'6140940'	0	0
'6140942'	0	0
'6140944'	0	0
'6140946'	0	0
'6140948'	0	0
'6140952'	0	0
'6141024'	0	0
'6141030'	0	0
'6141032'	0	0
'6141034'	0	0
'6141038'	0	0
'6141042'	0	0
'6141046'	0	0
'6141050'	0	0
'6141054'	0	0
'6141056'	0	0
'6141060'	0	0
'6141062'	0	0
'6141064'	0	0
'6141066'	0	0
'6141070'	0	0
'6141074'	0	0
'6141076'	0	0
'6141084'	0	0
'6141086'	0	0
'6141090'	0	0
'6141100'	0	0
'6141104'	0	0
'6141106'	0	0
'6141108'	0	0
'6141110'	0	0
'6141112'	0	0
'6141126'	0	0
'6141128'	0	0
'6141130'	0	0
'6141148'	0	0
'6141150'	0	0
'6141152'	0	0
'6141154'	0	0
'6141170'	0	0
'6141176'	0	0
'6141178'	0	0
'6141180'	0	0
'6141184'	0	0
'6141188'	0	0
'6141196'	0	0
'6141208'	0	0
'6141210'	325116.7	126435.3
'6141214'	0	0
'6141218'	0	0
'6141220'	0	0
'6141228'	0	0
'6141270'	0	0
'6141274'	0	0
'6141306'	0	0
'6141308'	0	0
'6141310'	0	0
'6141312'	0	0
'6142038'	0	0
;

param urban_costs : 'capital' 'operations' :=	
'Biofiltration_w_Underdrain'	1.28196284774178	0.763819067
'Bioretention_Basin'	1.26962886963504	0.754616428
'Enhanced_Biofiltration_w_ISR'	1.28196284774178	0.763819067
'Extended_Dry_Detention_Basin'	0.558112508450514	0.331295017
'Grass_Swale_w_detention'	0.656784333136914	0.395713492
'Gravel_Wetland'	0.720766844471399	0.43252405
'Infiltration_Basin'	0.512630964192374	0.303687099
'Infiltration_Chamber'	5.5711037266128	3.322152809
'Infiltration_Trench'	1.02526192855228	0.616576837
'Porous_Pavement_w_subsurface_infiltration'	0.437085348435173	0.257673902
'Porous_Pavement_w_underdrain'	1.48393173871614	0.883453379
'Sand_Filter_w_underdrain'	1.47313950797744	0.883453379
'Wet_Pond'	0.558112508450514	0.331295017
;

param ripbuf_costs_capital : 'Grassed_Buffer'  'Forested_Buffer' :=	
'166174961'	7522.239	35586.836
'166174962'	7522.239	35586.836
'166174963'	7522.239	35586.836
'166174966'	7425.321	20947.257
'24978249'	7522.239	35586.836
'6139942'	7522.239	35586.836
'6139944'	7522.239	35586.836
'6139946'	7425.321	20947.257
'6139948'	7522.239	35586.836
'6139950'	7522.239	35586.836
'6139952'	7425.321	20947.257
'6139954'	7522.239	35586.836
'6139956'	7522.239	35586.836
'6139958'	7522.239	35586.836
'6139960'	7522.239	35586.836
'6139964'	7522.239	35586.836
'6139966'	7522.239	35586.836
'6139968'	7522.239	35586.836
'6139970'	7522.239	35586.836
'6139972'	7522.239	35586.836
'6139974'	7522.239	35586.836
'6139976'	7522.239	35586.836
'6139978'	7522.239	35586.836
'6139980'	7522.239	35586.836
'6139982'	7522.239	35586.836
'6139988'	7522.239	35586.836
'6139990'	7522.239	35586.836
'6139992'	7522.239	35586.836
'6139994'	7522.239	35586.836
'6139996'	7522.239	35586.836
'6139998'	7522.239	35586.836
'6140000'	7522.239	35586.836
'6140002'	7522.239	35586.836
'6140004'	7522.239	35586.836
'6140008'	7522.239	35586.836
'6140010'	7522.239	35586.836
'6140012'	7522.239	35586.836
'6140014'	7522.239	35586.836
'6140016'	7522.239	35586.836
'6140018'	7522.239	35586.836
'6140020'	7522.239	35586.836
'6140022'	7522.239	35586.836
'6140024'	7522.239	35586.836
'6140026'	7522.239	35586.836
'6140028'	7522.239	35586.836
'6140030'	7522.239	35586.836
'6140032'	7425.321	20947.257
'6140034'	7522.239	35586.836
'6140036'	7425.321	20947.257
'6140038'	7522.239	35586.836
'6140040'	7522.239	35586.836
'6140042'	7522.239	35586.836
'6140044'	7522.239	35586.836
'6140046'	7522.239	35586.836
'6140048'	7522.239	35586.836
'6140050'	7522.239	35586.836
'6140052'	7425.321	20947.257
'6140054'	7522.239	35586.836
'6140056'	7522.239	35586.836
'6140058'	7522.239	35586.836
'6140060'	7522.239	35586.836
'6140062'	7522.239	35586.836
'6140064'	7522.239	35586.836
'6140066'	7425.321	20947.257
'6140068'	7425.321	20947.257
'6140070'	7522.239	35586.836
'6140072'	7522.239	35586.836
'6140074'	7522.239	35586.836
'6140076'	7522.239	35586.836
'6140080'	7522.239	35586.836
'6140082'	7522.239	35586.836
'6140084'	7522.239	35586.836
'6140086'	7522.239	35586.836
'6140088'	7522.239	35586.836
'6140090'	7522.239	35586.836
'6140092'	7522.239	35586.836
'6140094'	7522.239	35586.836
'6140096'	7522.239	35586.836
'6140098'	7522.239	35586.836
'6140100'	7522.239	35586.836
'6140102'	7522.239	35586.836
'6140104'	7522.239	35586.836
'6140106'	7425.321	20947.257
'6140108'	7425.321	20947.257
'6140110'	7522.239	35586.836
'6140112'	7522.239	35586.836
'6140114'	7522.239	35586.836
'6140116'	7522.239	35586.836
'6140118'	7425.321	20947.257
'6140120'	7522.239	35586.836
'6140122'	7522.239	35586.836
'6140124'	7522.239	35586.836
'6140126'	7522.239	35586.836
'6140128'	7522.239	35586.836
'6140130'	7522.239	35586.836
'6140132'	7522.239	35586.836
'6140134'	7522.239	35586.836
'6140274'	7425.321	20947.257
'6140276'	7522.239	35586.836
'6140278'	7522.239	35586.836
'6140280'	7522.239	35586.836
'6140282'	7522.239	35586.836
'6140284'	7522.239	35586.836
'6140286'	7522.239	35586.836
'6140288'	7522.239	35586.836
'6140290'	7522.239	35586.836
'6140292'	7522.239	35586.836
'6140294'	7522.239	35586.836
'6140296'	7522.239	35586.836
'6140298'	7522.239	35586.836
'6140300'	7522.239	35586.836
'6140302'	7522.239	35586.836
'6140304'	7522.239	35586.836
'6140306'	7522.239	35586.836
'6140308'	7522.239	35586.836
'6140310'	7522.239	35586.836
'6140312'	7522.239	35586.836
'6140314'	7522.239	35586.836
'6140316'	7522.239	35586.836
'6140318'	7522.239	35586.836
'6140320'	7522.239	35586.836
'6140322'	7522.239	35586.836
'6140324'	7522.239	35586.836
'6140326'	7522.239	35586.836
'6140328'	7522.239	35586.836
'6140330'	7522.239	35586.836
'6140332'	7522.239	35586.836
'6140336'	7522.239	35586.836
'6140338'	7425.321	20947.257
'6140340'	7522.239	35586.836
'6140342'	7425.321	20947.257
'6140344'	7425.321	20947.257
'6140346'	7522.239	35586.836
'6140348'	7425.321	20947.257
'6140350'	7522.239	35586.836
'6140352'	7522.239	35586.836
'6140356'	7522.239	35586.836
'6140358'	7522.239	35586.836
'6140360'	7522.239	35586.836
'6140362'	7522.239	35586.836
'6140364'	7522.239	35586.836
'6140366'	7522.239	35586.836
'6140368'	7522.239	35586.836
'6140370'	7522.239	35586.836
'6140372'	7522.239	35586.836
'6140374'	7522.239	35586.836
'6140376'	7522.239	35586.836
'6140380'	7522.239	35586.836
'6140382'	7522.239	35586.836
'6140384'	7522.239	35586.836
'6140386'	7522.239	35586.836
'6140388'	7522.239	35586.836
'6140390'	7522.239	35586.836
'6140392'	7522.239	35586.836
'6140394'	7522.239	35586.836
'6140396'	7522.239	35586.836
'6140398'	7522.239	35586.836
'6140402'	7522.239	35586.836
'6140404'	7522.239	35586.836
'6140406'	7522.239	35586.836
'6140408'	7522.239	35586.836
'6140410'	7522.239	35586.836
'6140414'	7425.321	20947.257
'6140416'	7425.321	20947.257
'6140418'	7522.239	35586.836
'6140420'	7522.239	35586.836
'6140422'	7522.239	35586.836
'6140426'	7522.239	35586.836
'6140428'	7425.321	20947.257
'6140430'	7522.239	35586.836
'6140432'	7522.239	35586.836
'6140434'	7425.321	20947.257
'6140436'	7522.239	35586.836
'6140438'	7522.239	35586.836
'6140442'	7522.239	35586.836
'6140444'	7522.239	35586.836
'6140448'	7522.239	35586.836
'6140450'	7522.239	35586.836
'6140452'	7522.239	35586.836
'6140454'	7425.321	20947.257
'6140456'	7522.239	35586.836
'6140458'	7522.239	35586.836
'6140460'	7425.321	20947.257
'6140462'	7425.321	20947.257
'6140464'	7522.239	35586.836
'6140466'	7522.239	35586.836
'6140468'	7522.239	35586.836
'6140470'	7522.239	35586.836
'6140752'	7522.239	35586.836
'6140754'	7522.239	35586.836
'6140758'	7522.239	35586.836
'6140760'	7522.239	35586.836
'6140762'	7522.239	35586.836
'6140764'	7522.239	35586.836
'6140766'	7522.239	35586.836
'6140768'	7425.321	20947.257
'6140770'	7425.321	20947.257
'6140772'	7522.239	35586.836
'6140778'	7522.239	35586.836
'6140780'	7425.321	20947.257
'6140782'	7522.239	35586.836
'6140784'	7522.239	35586.836
'6140786'	7425.321	20947.257
'6140788'	7425.321	20947.257
'6140794'	7522.239	35586.836
'6140796'	7425.321	20947.257
'6140798'	7522.239	35586.836
'6140800'	7522.239	35586.836
'6140804'	7522.239	35586.836
'6140806'	7425.321	20947.257
'6140808'	7522.239	35586.836
'6140810'	7425.321	20947.257
'6140814'	7425.321	20947.257
'6140816'	7522.239	35586.836
'6140818'	7425.321	20947.257
'6140820'	7425.321	20947.257
'6140822'	7425.321	20947.257
'6140826'	7425.321	20947.257
'6140830'	7522.239	35586.836
'6140832'	7425.321	20947.257
'6140834'	7425.321	20947.257
'6140836'	7522.239	35586.836
'6140838'	7425.321	20947.257
'6140842'	7522.239	35586.836
'6140846'	7425.321	20947.257
'6140848'	7425.321	20947.257
'6140852'	7522.239	35586.836
'6140854'	7425.321	20947.257
'6140856'	7522.239	35586.836
'6140858'	7425.321	20947.257
'6140860'	7425.321	20947.257
'6140864'	7425.321	20947.257
'6140866'	7522.239	35586.836
'6140868'	7522.239	35586.836
'6140872'	7522.239	35586.836
'6140874'	7425.321	20947.257
'6140876'	7425.321	20947.257
'6140878'	7425.321	20947.257
'6140880'	7425.321	20947.257
'6140882'	7522.239	35586.836
'6140884'	7522.239	35586.836
'6140886'	7522.239	35586.836
'6140888'	7522.239	35586.836
'6140892'	7522.239	35586.836
'6140894'	7522.239	35586.836
'6140896'	7425.321	20947.257
'6140900'	7425.321	20947.257
'6140902'	7425.321	20947.257
'6140904'	7425.321	20947.257
'6140906'	7425.321	20947.257
'6140908'	7425.321	20947.257
'6140910'	7522.239	35586.836
'6140914'	7522.239	35586.836
'6140916'	7522.239	35586.836
'6140918'	7425.321	20947.257
'6140920'	7425.321	20947.257
'6140924'	7425.321	20947.257
'6140926'	7522.239	35586.836
'6140928'	7522.239	35586.836
'6140930'	7522.239	35586.836
'6140932'	7425.321	20947.257
'6140934'	7425.321	20947.257
'6140938'	7425.321	20947.257
'6140940'	7425.321	20947.257
'6140942'	7425.321	20947.257
'6140944'	7425.321	20947.257
'6140946'	7522.239	35586.836
'6140948'	7522.239	35586.836
'6140952'	7425.321	20947.257
'6141024'	7522.239	35586.836
'6141030'	7522.239	35586.836
'6141032'	7522.239	35586.836
'6141034'	7522.239	35586.836
'6141038'	7522.239	35586.836
'6141042'	7522.239	35586.836
'6141046'	7522.239	35586.836
'6141050'	7425.321	20947.257
'6141054'	7522.239	35586.836
'6141056'	7522.239	35586.836
'6141060'	7522.239	35586.836
'6141062'	7522.239	35586.836
'6141064'	7522.239	35586.836
'6141066'	7522.239	35586.836
'6141070'	7522.239	35586.836
'6141074'	7522.239	35586.836
'6141076'	7522.239	35586.836
'6141084'	7522.239	35586.836
'6141086'	7522.239	35586.836
'6141090'	7522.239	35586.836
'6141100'	7522.239	35586.836
'6141104'	7522.239	35586.836
'6141106'	7522.239	35586.836
'6141108'	7522.239	35586.836
'6141110'	7522.239	35586.836
'6141112'	7522.239	35586.836
'6141126'	7522.239	35586.836
'6141128'	7522.239	35586.836
'6141130'	7522.239	35586.836
'6141148'	7522.239	35586.836
'6141150'	7522.239	35586.836
'6141152'	7522.239	35586.836
'6141154'	7522.239	35586.836
'6141170'	7522.239	35586.836
'6141176'	7522.239	35586.836
'6141178'	7522.239	35586.836
'6141180'	7425.321	20947.257
'6141184'	7522.239	35586.836
'6141188'	7425.321	20947.257
'6141196'	7522.239	35586.836
'6141208'	7522.239	35586.836
'6141210'	7425.321	20947.257
'6141214'	7425.321	20947.257
'6141218'	7522.239	35586.836
'6141220'	7425.321	20947.257
'6141228'	7522.239	35586.836
'6141270'	7522.239	35586.836
'6141274'	7522.239	35586.836
'6141306'	7522.239	35586.836
'6141308'	7522.239	35586.836
'6141310'	7522.239	35586.836
'6141312'	7522.239	35586.836
'6142038'	7425.321	20947.257
;

param ripbuf_costs_operations : 'Grassed_Buffer'  'Forested_Buffer' :=	
'166174961'	4.206554	4.206554
'166174962'	4.206554	4.206554
'166174963'	4.206554	4.206554
'166174966'	4.206554	4.206554
'24978249'	4.206554	4.206554
'6139942'	4.206554	4.206554
'6139944'	4.206554	4.206554
'6139946'	4.206554	4.206554
'6139948'	4.206554	4.206554
'6139950'	4.206554	4.206554
'6139952'	4.206554	4.206554
'6139954'	4.206554	4.206554
'6139956'	4.206554	4.206554
'6139958'	4.206554	4.206554
'6139960'	4.206554	4.206554
'6139964'	4.206554	4.206554
'6139966'	4.206554	4.206554
'6139968'	4.206554	4.206554
'6139970'	4.206554	4.206554
'6139972'	4.206554	4.206554
'6139974'	4.206554	4.206554
'6139976'	4.206554	4.206554
'6139978'	4.206554	4.206554
'6139980'	4.206554	4.206554
'6139982'	4.206554	4.206554
'6139988'	4.206554	4.206554
'6139990'	4.206554	4.206554
'6139992'	4.206554	4.206554
'6139994'	4.206554	4.206554
'6139996'	4.206554	4.206554
'6139998'	4.206554	4.206554
'6140000'	4.206554	4.206554
'6140002'	4.206554	4.206554
'6140004'	4.206554	4.206554
'6140008'	4.206554	4.206554
'6140010'	4.206554	4.206554
'6140012'	4.206554	4.206554
'6140014'	4.206554	4.206554
'6140016'	4.206554	4.206554
'6140018'	4.206554	4.206554
'6140020'	4.206554	4.206554
'6140022'	4.206554	4.206554
'6140024'	4.206554	4.206554
'6140026'	4.206554	4.206554
'6140028'	4.206554	4.206554
'6140030'	4.206554	4.206554
'6140032'	4.206554	4.206554
'6140034'	4.206554	4.206554
'6140036'	4.206554	4.206554
'6140038'	4.206554	4.206554
'6140040'	4.206554	4.206554
'6140042'	4.206554	4.206554
'6140044'	4.206554	4.206554
'6140046'	4.206554	4.206554
'6140048'	4.206554	4.206554
'6140050'	4.206554	4.206554
'6140052'	4.206554	4.206554
'6140054'	4.206554	4.206554
'6140056'	4.206554	4.206554
'6140058'	4.206554	4.206554
'6140060'	4.206554	4.206554
'6140062'	4.206554	4.206554
'6140064'	4.206554	4.206554
'6140066'	4.206554	4.206554
'6140068'	4.206554	4.206554
'6140070'	4.206554	4.206554
'6140072'	4.206554	4.206554
'6140074'	4.206554	4.206554
'6140076'	4.206554	4.206554
'6140080'	4.206554	4.206554
'6140082'	4.206554	4.206554
'6140084'	4.206554	4.206554
'6140086'	4.206554	4.206554
'6140088'	4.206554	4.206554
'6140090'	4.206554	4.206554
'6140092'	4.206554	4.206554
'6140094'	4.206554	4.206554
'6140096'	4.206554	4.206554
'6140098'	4.206554	4.206554
'6140100'	4.206554	4.206554
'6140102'	4.206554	4.206554
'6140104'	4.206554	4.206554
'6140106'	4.206554	4.206554
'6140108'	4.206554	4.206554
'6140110'	4.206554	4.206554
'6140112'	4.206554	4.206554
'6140114'	4.206554	4.206554
'6140116'	4.206554	4.206554
'6140118'	4.206554	4.206554
'6140120'	4.206554	4.206554
'6140122'	4.206554	4.206554
'6140124'	4.206554	4.206554
'6140126'	4.206554	4.206554
'6140128'	4.206554	4.206554
'6140130'	4.206554	4.206554
'6140132'	4.206554	4.206554
'6140134'	4.206554	4.206554
'6140274'	4.206554	4.206554
'6140276'	4.206554	4.206554
'6140278'	4.206554	4.206554
'6140280'	4.206554	4.206554
'6140282'	4.206554	4.206554
'6140284'	4.206554	4.206554
'6140286'	4.206554	4.206554
'6140288'	4.206554	4.206554
'6140290'	4.206554	4.206554
'6140292'	4.206554	4.206554
'6140294'	4.206554	4.206554
'6140296'	4.206554	4.206554
'6140298'	4.206554	4.206554
'6140300'	4.206554	4.206554
'6140302'	4.206554	4.206554
'6140304'	4.206554	4.206554
'6140306'	4.206554	4.206554
'6140308'	4.206554	4.206554
'6140310'	4.206554	4.206554
'6140312'	4.206554	4.206554
'6140314'	4.206554	4.206554
'6140316'	4.206554	4.206554
'6140318'	4.206554	4.206554
'6140320'	4.206554	4.206554
'6140322'	4.206554	4.206554
'6140324'	4.206554	4.206554
'6140326'	4.206554	4.206554
'6140328'	4.206554	4.206554
'6140330'	4.206554	4.206554
'6140332'	4.206554	4.206554
'6140336'	4.206554	4.206554
'6140338'	4.206554	4.206554
'6140340'	4.206554	4.206554
'6140342'	4.206554	4.206554
'6140344'	4.206554	4.206554
'6140346'	4.206554	4.206554
'6140348'	4.206554	4.206554
'6140350'	4.206554	4.206554
'6140352'	4.206554	4.206554
'6140356'	4.206554	4.206554
'6140358'	4.206554	4.206554
'6140360'	4.206554	4.206554
'6140362'	4.206554	4.206554
'6140364'	4.206554	4.206554
'6140366'	4.206554	4.206554
'6140368'	4.206554	4.206554
'6140370'	4.206554	4.206554
'6140372'	4.206554	4.206554
'6140374'	4.206554	4.206554
'6140376'	4.206554	4.206554
'6140380'	4.206554	4.206554
'6140382'	4.206554	4.206554
'6140384'	4.206554	4.206554
'6140386'	4.206554	4.206554
'6140388'	4.206554	4.206554
'6140390'	4.206554	4.206554
'6140392'	4.206554	4.206554
'6140394'	4.206554	4.206554
'6140396'	4.206554	4.206554
'6140398'	4.206554	4.206554
'6140402'	4.206554	4.206554
'6140404'	4.206554	4.206554
'6140406'	4.206554	4.206554
'6140408'	4.206554	4.206554
'6140410'	4.206554	4.206554
'6140414'	4.206554	4.206554
'6140416'	4.206554	4.206554
'6140418'	4.206554	4.206554
'6140420'	4.206554	4.206554
'6140422'	4.206554	4.206554
'6140426'	4.206554	4.206554
'6140428'	4.206554	4.206554
'6140430'	4.206554	4.206554
'6140432'	4.206554	4.206554
'6140434'	4.206554	4.206554
'6140436'	4.206554	4.206554
'6140438'	4.206554	4.206554
'6140442'	4.206554	4.206554
'6140444'	4.206554	4.206554
'6140448'	4.206554	4.206554
'6140450'	4.206554	4.206554
'6140452'	4.206554	4.206554
'6140454'	4.206554	4.206554
'6140456'	4.206554	4.206554
'6140458'	4.206554	4.206554
'6140460'	4.206554	4.206554
'6140462'	4.206554	4.206554
'6140464'	4.206554	4.206554
'6140466'	4.206554	4.206554
'6140468'	4.206554	4.206554
'6140470'	4.206554	4.206554
'6140752'	4.206554	4.206554
'6140754'	4.206554	4.206554
'6140758'	4.206554	4.206554
'6140760'	4.206554	4.206554
'6140762'	4.206554	4.206554
'6140764'	4.206554	4.206554
'6140766'	4.206554	4.206554
'6140768'	4.206554	4.206554
'6140770'	4.206554	4.206554
'6140772'	4.206554	4.206554
'6140778'	4.206554	4.206554
'6140780'	4.206554	4.206554
'6140782'	4.206554	4.206554
'6140784'	4.206554	4.206554
'6140786'	4.206554	4.206554
'6140788'	4.206554	4.206554
'6140794'	4.206554	4.206554
'6140796'	4.206554	4.206554
'6140798'	4.206554	4.206554
'6140800'	4.206554	4.206554
'6140804'	4.206554	4.206554
'6140806'	4.206554	4.206554
'6140808'	4.206554	4.206554
'6140810'	4.206554	4.206554
'6140814'	4.206554	4.206554
'6140816'	4.206554	4.206554
'6140818'	4.206554	4.206554
'6140820'	4.206554	4.206554
'6140822'	4.206554	4.206554
'6140826'	4.206554	4.206554
'6140830'	4.206554	4.206554
'6140832'	4.206554	4.206554
'6140834'	4.206554	4.206554
'6140836'	4.206554	4.206554
'6140838'	4.206554	4.206554
'6140842'	4.206554	4.206554
'6140846'	4.206554	4.206554
'6140848'	4.206554	4.206554
'6140852'	4.206554	4.206554
'6140854'	4.206554	4.206554
'6140856'	4.206554	4.206554
'6140858'	4.206554	4.206554
'6140860'	4.206554	4.206554
'6140864'	4.206554	4.206554
'6140866'	4.206554	4.206554
'6140868'	4.206554	4.206554
'6140872'	4.206554	4.206554
'6140874'	4.206554	4.206554
'6140876'	4.206554	4.206554
'6140878'	4.206554	4.206554
'6140880'	4.206554	4.206554
'6140882'	4.206554	4.206554
'6140884'	4.206554	4.206554
'6140886'	4.206554	4.206554
'6140888'	4.206554	4.206554
'6140892'	4.206554	4.206554
'6140894'	4.206554	4.206554
'6140896'	4.206554	4.206554
'6140900'	4.206554	4.206554
'6140902'	4.206554	4.206554
'6140904'	4.206554	4.206554
'6140906'	4.206554	4.206554
'6140908'	4.206554	4.206554
'6140910'	4.206554	4.206554
'6140914'	4.206554	4.206554
'6140916'	4.206554	4.206554
'6140918'	4.206554	4.206554
'6140920'	4.206554	4.206554
'6140924'	4.206554	4.206554
'6140926'	4.206554	4.206554
'6140928'	4.206554	4.206554
'6140930'	4.206554	4.206554
'6140932'	4.206554	4.206554
'6140934'	4.206554	4.206554
'6140938'	4.206554	4.206554
'6140940'	4.206554	4.206554
'6140942'	4.206554	4.206554
'6140944'	4.206554	4.206554
'6140946'	4.206554	4.206554
'6140948'	4.206554	4.206554
'6140952'	4.206554	4.206554
'6141024'	4.206554	4.206554
'6141030'	4.206554	4.206554
'6141032'	4.206554	4.206554
'6141034'	4.206554	4.206554
'6141038'	4.206554	4.206554
'6141042'	4.206554	4.206554
'6141046'	4.206554	4.206554
'6141050'	4.206554	4.206554
'6141054'	4.206554	4.206554
'6141056'	4.206554	4.206554
'6141060'	4.206554	4.206554
'6141062'	4.206554	4.206554
'6141064'	4.206554	4.206554
'6141066'	4.206554	4.206554
'6141070'	4.206554	4.206554
'6141074'	4.206554	4.206554
'6141076'	4.206554	4.206554
'6141084'	4.206554	4.206554
'6141086'	4.206554	4.206554
'6141090'	4.206554	4.206554
'6141100'	4.206554	4.206554
'6141104'	4.206554	4.206554
'6141106'	4.206554	4.206554
'6141108'	4.206554	4.206554
'6141110'	4.206554	4.206554
'6141112'	4.206554	4.206554
'6141126'	4.206554	4.206554
'6141128'	4.206554	4.206554
'6141130'	4.206554	4.206554
'6141148'	4.206554	4.206554
'6141150'	4.206554	4.206554
'6141152'	4.206554	4.206554
'6141154'	4.206554	4.206554
'6141170'	4.206554	4.206554
'6141176'	4.206554	4.206554
'6141178'	4.206554	4.206554
'6141180'	4.206554	4.206554
'6141184'	4.206554	4.206554
'6141188'	4.206554	4.206554
'6141196'	4.206554	4.206554
'6141208'	4.206554	4.206554
'6141210'	4.206554	4.206554
'6141214'	4.206554	4.206554
'6141218'	4.206554	4.206554
'6141220'	4.206554	4.206554
'6141228'	4.206554	4.206554
'6141270'	4.206554	4.206554
'6141274'	4.206554	4.206554
'6141306'	4.206554	4.206554
'6141308'	4.206554	4.206554
'6141310'	4.206554	4.206554
'6141312'	4.206554	4.206554
'6142038'	4.206554	4.206554
;

param loads_lim_N1 : 'limits' :=  
1	16	42931.6821699109
2	16	19156.2194363225
3	16	9262.55617737792
4	16	27649.2979948408
;

param loads_lim_P1 : 'limits' :=  
;


param agcost_frac := 1.333333;
param acfttoft3 := 43559.9;
param pcp := 0.0833;
param agBMP_minarea := 0;

param: urban_frac_min urban_frac_max :=	
Biofiltration_w_Underdrain	0	1
Bioretention_Basin	0	1
Enhanced_Biofiltration_w_ISR	0	1
Extended_Dry_Detention_Basin	0	1
Grass_Swale_w_detention	0	1
Gravel_Wetland	0	1
Infiltration_Basin	0	1
Infiltration_Chamber	0	1
Infiltration_Trench	0	1
Porous_Pavement_w_subsurface_infiltration	0	1
Porous_Pavement_w_underdrain	0	1
Sand_Filter_w_underdrain	0	1
Wet_Pond	0	1
;

param: ag_frac_min ag_frac_max :=	
Conservation	0	1
Contour_Farming	0	1
Filterstrip	0	1
MIN_TILL	0	1
Ponds	0	0.1
Terrace_Waterway	0	1
Terrace_Only	0	1
Waterway_Only	0	1
Fert_20	0	1
Manure_Injection	0	1
Cover_crops	0	1
;

param: ripbuf_frac_min ripbuf_frac_max :=	
Grassed_Buffer	0	1
Forested_Buffer	0	1
;

param urban_design_depth : 'Biofiltration_w_Underdrain' 'Bioretention_Basin' 'Enhanced_Biofiltration_w_ISR' 'Extended_Dry_Detention_Basin' 'Grass_Swale_w_detention' 'Gravel_Wetland' 'Infiltration_Basin' 'Infiltration_Chamber' 'Infiltration_Trench' 'Porous_Pavement_w_subsurface_infiltration' 'Porous_Pavement_w_underdrain' 'Sand_Filter_w_underdrain' 'Wet_Pond'  := 
'166174961'	1	1	1	1	1	1	1	1	1	1	8.6	1	1
'166174962'	1	1	1	1	1	1	1	1	1	1	8.6	1	1
'166174963'	1	1	1	1	1	1	1	1	1	1	8.6	1	1
'166174966'	1	1	1	1	1	1	1	1	1	1	8.6	1	1
'24978249'	1	1	1	1	1	1	1	1	1	1	8.6	1	1
'6139942'	1	1	1	1	1	1	1	1	1	1	8.6	1	1
'6139944'	1	1	1	1	1	1	1	1	1	1	8.6	1	1
'6139946'	1	1	1	1	1	1	1	1	1	1	8.6	1	1
'6139948'	1	1	1	1	1	1	1	1	1	1	8.6	1	1
'6139950'	1	1	1	1	1	1	1	1	1	1	8.6	1	1
'6139952'	1	1	1	1	1	1	1	1	1	1	8.6	1	1
'6139954'	1	1	1	1	1	1	1	1	1	1	8.6	1	1
'6139956'	1	1	1	1	1	1	1	1	1	1	8.6	1	1
'6139958'	1	1	1	1	1	1	1	1	1	1	8.6	1	1
'6139960'	1	1	1	1	1	1	1	1	1	1	8.6	1	1
'6139964'	1	1	1	1	1	1	1	1	1	1	8.6	1	1
'6139966'	1	1	1	1	1	1	1	1	1	1	8.6	1	1
'6139968'	1	1	1	1	1	1	1	1	1	1	8.6	1	1
'6139970'	1	1	1	1	1	1	1	1	1	1	8.6	1	1
'6139972'	1	1	1	1	1	1	1	1	1	1	8.6	1	1
'6139974'	1	1	1	1	1	1	1	1	1	1	8.6	1	1
'6139976'	1	1	1	1	1	1	1	1	1	1	8.6	1	1
'6139978'	1	1	1	1	1	1	1	1	1	1	8.6	1	1
'6139980'	1	1	1	1	1	1	1	1	1	1	8.6	1	1
'6139982'	1	1	1	1	1	1	1	1	1	1	8.6	1	1
'6139988'	1	1	1	1	1	1	1	1	1	1	8.6	1	1
'6139990'	1	1	1	1	1	1	1	1	1	1	8.6	1	1
'6139992'	1	1	1	1	1	1	1	1	1	1	8.6	1	1
'6139994'	1	1	1	1	1	1	1	1	1	1	8.6	1	1
'6139996'	1	1	1	1	1	1	1	1	1	1	8.6	1	1
'6139998'	1	1	1	1	1	1	1	1	1	1	8.6	1	1
'6140000'	1	1	1	1	1	1	1	1	1	1	8.6	1	1
'6140002'	1	1	1	1	1	1	1	1	1	1	8.6	1	1
'6140004'	1	1	1	1	1	1	1	1	1	1	8.6	1	1
'6140008'	1	1	1	1	1	1	1	1	1	1	8.6	1	1
'6140010'	1	1	1	1	1	1	1	1	1	1	8.6	1	1
'6140012'	1	1	1	1	1	1	1	1	1	1	8.6	1	1
'6140014'	1	1	1	1	1	1	1	1	1	1	8.6	1	1
'6140016'	1	1	1	1	1	1	1	1	1	1	8.6	1	1
'6140018'	1	1	1	1	1	1	1	1	1	1	8.6	1	1
'6140020'	1	1	1	1	1	1	1	1	1	1	8.6	1	1
'6140022'	1	1	1	1	1	1	1	1	1	1	8.6	1	1
'6140024'	1	1	1	1	1	1	1	1	1	1	8.6	1	1
'6140026'	1	1	1	1	1	1	1	1	1	1	8.6	1	1
'6140028'	1	1	1	1	1	1	1	1	1	1	8.6	1	1
'6140030'	1	1	1	1	1	1	1	1	1	1	8.6	1	1
'6140032'	1	1	1	1	1	1	1	1	1	1	8.6	1	1
'6140034'	1	1	1	1	1	1	1	1	1	1	8.6	1	1
'6140036'	1	1	1	1	1	1	1	1	1	1	8.6	1	1
'6140038'	1	1	1	1	1	1	1	1	1	1	8.6	1	1
'6140040'	1	1	1	1	1	1	1	1	1	1	8.6	1	1
'6140042'	1	1	1	1	1	1	1	1	1	1	8.6	1	1
'6140044'	1	1	1	1	1	1	1	1	1	1	8.6	1	1
'6140046'	1	1	1	1	1	1	1	1	1	1	8.6	1	1
'6140048'	1	1	1	1	1	1	1	1	1	1	8.6	1	1
'6140050'	1	1	1	1	1	1	1	1	1	1	8.6	1	1
'6140052'	1	1	1	1	1	1	1	1	1	1	8.6	1	1
'6140054'	1	1	1	1	1	1	1	1	1	1	8.6	1	1
'6140056'	1	1	1	1	1	1	1	1	1	1	8.6	1	1
'6140058'	1	1	1	1	1	1	1	1	1	1	8.6	1	1
'6140060'	1	1	1	1	1	1	1	1	1	1	8.6	1	1
'6140062'	1	1	1	1	1	1	1	1	1	1	8.6	1	1
'6140064'	1	1	1	1	1	1	1	1	1	1	8.6	1	1
'6140066'	1	1	1	1	1	1	1	1	1	1	8.6	1	1
'6140068'	1	1	1	1	1	1	1	1	1	1	8.6	1	1
'6140070'	1	1	1	1	1	1	1	1	1	1	8.6	1	1
'6140072'	1	1	1	1	1	1	1	1	1	1	8.6	1	1
'6140074'	1	1	1	1	1	1	1	1	1	1	8.6	1	1
'6140076'	1	1	1	1	1	1	1	1	1	1	8.6	1	1
'6140080'	1	1	1	1	1	1	1	1	1	1	8.6	1	1
'6140082'	1	1	1	1	1	1	1	1	1	1	8.6	1	1
'6140084'	1	1	1	1	1	1	1	1	1	1	8.6	1	1
'6140086'	1	1	1	1	1	1	1	1	1	1	8.6	1	1
'6140088'	1	1	1	1	1	1	1	1	1	1	8.6	1	1
'6140090'	1	1	1	1	1	1	1	1	1	1	8.6	1	1
'6140092'	1	1	1	1	1	1	1	1	1	1	8.6	1	1
'6140094'	1	1	1	1	1	1	1	1	1	1	8.6	1	1
'6140096'	1	1	1	1	1	1	1	1	1	1	8.6	1	1
'6140098'	1	1	1	1	1	1	1	1	1	1	8.6	1	1
'6140100'	1	1	1	1	1	1	1	1	1	1	8.6	1	1
'6140102'	1	1	1	1	1	1	1	1	1	1	8.6	1	1
'6140104'	1	1	1	1	1	1	1	1	1	1	8.6	1	1
'6140106'	1	1	1	1	1	1	1	1	1	1	8.6	1	1
'6140108'	1	1	1	1	1	1	1	1	1	1	8.6	1	1
'6140110'	1	1	1	1	1	1	1	1	1	1	8.6	1	1
'6140112'	1	1	1	1	1	1	1	1	1	1	8.6	1	1
'6140114'	1	1	1	1	1	1	1	1	1	1	8.6	1	1
'6140116'	1	1	1	1	1	1	1	1	1	1	8.6	1	1
'6140118'	1	1	1	1	1	1	1	1	1	1	8.6	1	1
'6140120'	1	1	1	1	1	1	1	1	1	1	8.6	1	1
'6140122'	1	1	1	1	1	1	1	1	1	1	8.6	1	1
'6140124'	1	1	1	1	1	1	1	1	1	1	8.6	1	1
'6140126'	1	1	1	1	1	1	1	1	1	1	8.6	1	1
'6140128'	1	1	1	1	1	1	1	1	1	1	8.6	1	1
'6140130'	1	1	1	1	1	1	1	1	1	1	8.6	1	1
'6140132'	1	1	1	1	1	1	1	1	1	1	8.6	1	1
'6140134'	1	1	1	1	1	1	1	1	1	1	8.6	1	1
'6140274'	1	1	1	1	1	1	1	1	1	1	8.6	1	1
'6140276'	1	1	1	1	1	1	1	1	1	1	8.6	1	1
'6140278'	1	1	1	1	1	1	1	1	1	1	8.6	1	1
'6140280'	1	1	1	1	1	1	1	1	1	1	8.6	1	1
'6140282'	1	1	1	1	1	1	1	1	1	1	8.6	1	1
'6140284'	1	1	1	1	1	1	1	1	1	1	8.6	1	1
'6140286'	1	1	1	1	1	1	1	1	1	1	8.6	1	1
'6140288'	1	1	1	1	1	1	1	1	1	1	8.6	1	1
'6140290'	1	1	1	1	1	1	1	1	1	1	8.6	1	1
'6140292'	1	1	1	1	1	1	1	1	1	1	8.6	1	1
'6140294'	1	1	1	1	1	1	1	1	1	1	8.6	1	1
'6140296'	1	1	1	1	1	1	1	1	1	1	8.6	1	1
'6140298'	1	1	1	1	1	1	1	1	1	1	8.6	1	1
'6140300'	1	1	1	1	1	1	1	1	1	1	8.6	1	1
'6140302'	1	1	1	1	1	1	1	1	1	1	8.6	1	1
'6140304'	1	1	1	1	1	1	1	1	1	1	8.6	1	1
'6140306'	1	1	1	1	1	1	1	1	1	1	8.6	1	1
'6140308'	1	1	1	1	1	1	1	1	1	1	8.6	1	1
'6140310'	1	1	1	1	1	1	1	1	1	1	8.6	1	1
'6140312'	1	1	1	1	1	1	1	1	1	1	8.6	1	1
'6140314'	1	1	1	1	1	1	1	1	1	1	8.6	1	1
'6140316'	1	1	1	1	1	1	1	1	1	1	8.6	1	1
'6140318'	1	1	1	1	1	1	1	1	1	1	8.6	1	1
'6140320'	1	1	1	1	1	1	1	1	1	1	8.6	1	1
'6140322'	1	1	1	1	1	1	1	1	1	1	8.6	1	1
'6140324'	1	1	1	1	1	1	1	1	1	1	8.6	1	1
'6140326'	1	1	1	1	1	1	1	1	1	1	8.6	1	1
'6140328'	1	1	1	1	1	1	1	1	1	1	8.6	1	1
'6140330'	1	1	1	1	1	1	1	1	1	1	8.6	1	1
'6140332'	1	1	1	1	1	1	1	1	1	1	8.6	1	1
'6140336'	1	1	1	1	1	1	1	1	1	1	8.6	1	1
'6140338'	1	1	1	1	1	1	1	1	1	1	8.6	1	1
'6140340'	1	1	1	1	1	1	1	1	1	1	8.6	1	1
'6140342'	1	1	1	1	1	1	1	1	1	1	8.6	1	1
'6140344'	1	1	1	1	1	1	1	1	1	1	8.6	1	1
'6140346'	1	1	1	1	1	1	1	1	1	1	8.6	1	1
'6140348'	1	1	1	1	1	1	1	1	1	1	8.6	1	1
'6140350'	1	1	1	1	1	1	1	1	1	1	8.6	1	1
'6140352'	1	1	1	1	1	1	1	1	1	1	8.6	1	1
'6140356'	1	1	1	1	1	1	1	1	1	1	8.6	1	1
'6140358'	1	1	1	1	1	1	1	1	1	1	8.6	1	1
'6140360'	1	1	1	1	1	1	1	1	1	1	8.6	1	1
'6140362'	1	1	1	1	1	1	1	1	1	1	8.6	1	1
'6140364'	1	1	1	1	1	1	1	1	1	1	8.6	1	1
'6140366'	1	1	1	1	1	1	1	1	1	1	8.6	1	1
'6140368'	1	1	1	1	1	1	1	1	1	1	8.6	1	1
'6140370'	1	1	1	1	1	1	1	1	1	1	8.6	1	1
'6140372'	1	1	1	1	1	1	1	1	1	1	8.6	1	1
'6140374'	1	1	1	1	1	1	1	1	1	1	8.6	1	1
'6140376'	1	1	1	1	1	1	1	1	1	1	8.6	1	1
'6140380'	1	1	1	1	1	1	1	1	1	1	8.6	1	1
'6140382'	1	1	1	1	1	1	1	1	1	1	8.6	1	1
'6140384'	1	1	1	1	1	1	1	1	1	1	8.6	1	1
'6140386'	1	1	1	1	1	1	1	1	1	1	8.6	1	1
'6140388'	1	1	1	1	1	1	1	1	1	1	8.6	1	1
'6140390'	1	1	1	1	1	1	1	1	1	1	8.6	1	1
'6140392'	1	1	1	1	1	1	1	1	1	1	8.6	1	1
'6140394'	1	1	1	1	1	1	1	1	1	1	8.6	1	1
'6140396'	1	1	1	1	1	1	1	1	1	1	8.6	1	1
'6140398'	1	1	1	1	1	1	1	1	1	1	8.6	1	1
'6140402'	1	1	1	1	1	1	1	1	1	1	8.6	1	1
'6140404'	1	1	1	1	1	1	1	1	1	1	8.6	1	1
'6140406'	1	1	1	1	1	1	1	1	1	1	8.6	1	1
'6140408'	1	1	1	1	1	1	1	1	1	1	8.6	1	1
'6140410'	1	1	1	1	1	1	1	1	1	1	8.6	1	1
'6140414'	1	1	1	1	1	1	1	1	1	1	8.6	1	1
'6140416'	1	1	1	1	1	1	1	1	1	1	8.6	1	1
'6140418'	1	1	1	1	1	1	1	1	1	1	8.6	1	1
'6140420'	1	1	1	1	1	1	1	1	1	1	8.6	1	1
'6140422'	1	1	1	1	1	1	1	1	1	1	8.6	1	1
'6140426'	1	1	1	1	1	1	1	1	1	1	8.6	1	1
'6140428'	1	1	1	1	1	1	1	1	1	1	8.6	1	1
'6140430'	1	1	1	1	1	1	1	1	1	1	8.6	1	1
'6140432'	1	1	1	1	1	1	1	1	1	1	8.6	1	1
'6140434'	1	1	1	1	1	1	1	1	1	1	8.6	1	1
'6140436'	1	1	1	1	1	1	1	1	1	1	8.6	1	1
'6140438'	1	1	1	1	1	1	1	1	1	1	8.6	1	1
'6140442'	1	1	1	1	1	1	1	1	1	1	8.6	1	1
'6140444'	1	1	1	1	1	1	1	1	1	1	8.6	1	1
'6140448'	1	1	1	1	1	1	1	1	1	1	8.6	1	1
'6140450'	1	1	1	1	1	1	1	1	1	1	8.6	1	1
'6140452'	1	1	1	1	1	1	1	1	1	1	8.6	1	1
'6140454'	1	1	1	1	1	1	1	1	1	1	8.6	1	1
'6140456'	1	1	1	1	1	1	1	1	1	1	8.6	1	1
'6140458'	1	1	1	1	1	1	1	1	1	1	8.6	1	1
'6140460'	1	1	1	1	1	1	1	1	1	1	8.6	1	1
'6140462'	1	1	1	1	1	1	1	1	1	1	8.6	1	1
'6140464'	1	1	1	1	1	1	1	1	1	1	8.6	1	1
'6140466'	1	1	1	1	1	1	1	1	1	1	8.6	1	1
'6140468'	1	1	1	1	1	1	1	1	1	1	8.6	1	1
'6140470'	1	1	1	1	1	1	1	1	1	1	8.6	1	1
'6140752'	1	1	1	1	1	1	1	1	1	1	8.6	1	1
'6140754'	1	1	1	1	1	1	1	1	1	1	8.6	1	1
'6140758'	1	1	1	1	1	1	1	1	1	1	8.6	1	1
'6140760'	1	1	1	1	1	1	1	1	1	1	8.6	1	1
'6140762'	1	1	1	1	1	1	1	1	1	1	8.6	1	1
'6140764'	1	1	1	1	1	1	1	1	1	1	8.6	1	1
'6140766'	1	1	1	1	1	1	1	1	1	1	8.6	1	1
'6140768'	1	1	1	1	1	1	1	1	1	1	8.6	1	1
'6140770'	1	1	1	1	1	1	1	1	1	1	8.6	1	1
'6140772'	1	1	1	1	1	1	1	1	1	1	8.6	1	1
'6140778'	1	1	1	1	1	1	1	1	1	1	8.6	1	1
'6140780'	1	1	1	1	1	1	1	1	1	1	8.6	1	1
'6140782'	1	1	1	1	1	1	1	1	1	1	8.6	1	1
'6140784'	1	1	1	1	1	1	1	1	1	1	8.6	1	1
'6140786'	1	1	1	1	1	1	1	1	1	1	8.6	1	1
'6140788'	1	1	1	1	1	1	1	1	1	1	8.6	1	1
'6140794'	1	1	1	1	1	1	1	1	1	1	8.6	1	1
'6140796'	1	1	1	1	1	1	1	1	1	1	8.6	1	1
'6140798'	1	1	1	1	1	1	1	1	1	1	8.6	1	1
'6140800'	1	1	1	1	1	1	1	1	1	1	8.6	1	1
'6140804'	1	1	1	1	1	1	1	1	1	1	8.6	1	1
'6140806'	1	1	1	1	1	1	1	1	1	1	8.6	1	1
'6140808'	1	1	1	1	1	1	1	1	1	1	8.6	1	1
'6140810'	1	1	1	1	1	1	1	1	1	1	8.6	1	1
'6140814'	1	1	1	1	1	1	1	1	1	1	8.6	1	1
'6140816'	1	1	1	1	1	1	1	1	1	1	8.6	1	1
'6140818'	1	1	1	1	1	1	1	1	1	1	8.6	1	1
'6140820'	1	1	1	1	1	1	1	1	1	1	8.6	1	1
'6140822'	1	1	1	1	1	1	1	1	1	1	8.6	1	1
'6140826'	1	1	1	1	1	1	1	1	1	1	8.6	1	1
'6140830'	1	1	1	1	1	1	1	1	1	1	8.6	1	1
'6140832'	1	1	1	1	1	1	1	1	1	1	8.6	1	1
'6140834'	1	1	1	1	1	1	1	1	1	1	8.6	1	1
'6140836'	1	1	1	1	1	1	1	1	1	1	8.6	1	1
'6140838'	1	1	1	1	1	1	1	1	1	1	8.6	1	1
'6140842'	1	1	1	1	1	1	1	1	1	1	8.6	1	1
'6140846'	1	1	1	1	1	1	1	1	1	1	8.6	1	1
'6140848'	1	1	1	1	1	1	1	1	1	1	8.6	1	1
'6140852'	1	1	1	1	1	1	1	1	1	1	8.6	1	1
'6140854'	1	1	1	1	1	1	1	1	1	1	8.6	1	1
'6140856'	1	1	1	1	1	1	1	1	1	1	8.6	1	1
'6140858'	1	1	1	1	1	1	1	1	1	1	8.6	1	1
'6140860'	1	1	1	1	1	1	1	1	1	1	8.6	1	1
'6140864'	1	1	1	1	1	1	1	1	1	1	8.6	1	1
'6140866'	1	1	1	1	1	1	1	1	1	1	8.6	1	1
'6140868'	1	1	1	1	1	1	1	1	1	1	8.6	1	1
'6140872'	1	1	1	1	1	1	1	1	1	1	8.6	1	1
'6140874'	1	1	1	1	1	1	1	1	1	1	8.6	1	1
'6140876'	1	1	1	1	1	1	1	1	1	1	8.6	1	1
'6140878'	1	1	1	1	1	1	1	1	1	1	8.6	1	1
'6140880'	1	1	1	1	1	1	1	1	1	1	8.6	1	1
'6140882'	1	1	1	1	1	1	1	1	1	1	8.6	1	1
'6140884'	1	1	1	1	1	1	1	1	1	1	8.6	1	1
'6140886'	1	1	1	1	1	1	1	1	1	1	8.6	1	1
'6140888'	1	1	1	1	1	1	1	1	1	1	8.6	1	1
'6140892'	1	1	1	1	1	1	1	1	1	1	8.6	1	1
'6140894'	1	1	1	1	1	1	1	1	1	1	8.6	1	1
'6140896'	1	1	1	1	1	1	1	1	1	1	8.6	1	1
'6140900'	1	1	1	1	1	1	1	1	1	1	8.6	1	1
'6140902'	1	1	1	1	1	1	1	1	1	1	8.6	1	1
'6140904'	1	1	1	1	1	1	1	1	1	1	8.6	1	1
'6140906'	1	1	1	1	1	1	1	1	1	1	8.6	1	1
'6140908'	1	1	1	1	1	1	1	1	1	1	8.6	1	1
'6140910'	1	1	1	1	1	1	1	1	1	1	8.6	1	1
'6140914'	1	1	1	1	1	1	1	1	1	1	8.6	1	1
'6140916'	1	1	1	1	1	1	1	1	1	1	8.6	1	1
'6140918'	1	1	1	1	1	1	1	1	1	1	8.6	1	1
'6140920'	1	1	1	1	1	1	1	1	1	1	8.6	1	1
'6140924'	1	1	1	1	1	1	1	1	1	1	8.6	1	1
'6140926'	1	1	1	1	1	1	1	1	1	1	8.6	1	1
'6140928'	1	1	1	1	1	1	1	1	1	1	8.6	1	1
'6140930'	1	1	1	1	1	1	1	1	1	1	8.6	1	1
'6140932'	1	1	1	1	1	1	1	1	1	1	8.6	1	1
'6140934'	1	1	1	1	1	1	1	1	1	1	8.6	1	1
'6140938'	1	1	1	1	1	1	1	1	1	1	8.6	1	1
'6140940'	1	1	1	1	1	1	1	1	1	1	8.6	1	1
'6140942'	1	1	1	1	1	1	1	1	1	1	8.6	1	1
'6140944'	1	1	1	1	1	1	1	1	1	1	8.6	1	1
'6140946'	1	1	1	1	1	1	1	1	1	1	8.6	1	1
'6140948'	1	1	1	1	1	1	1	1	1	1	8.6	1	1
'6140952'	1	1	1	1	1	1	1	1	1	1	8.6	1	1
'6141024'	1	1	1	1	1	1	1	1	1	1	8.6	1	1
'6141030'	1	1	1	1	1	1	1	1	1	1	8.6	1	1
'6141032'	1	1	1	1	1	1	1	1	1	1	8.6	1	1
'6141034'	1	1	1	1	1	1	1	1	1	1	8.6	1	1
'6141038'	1	1	1	1	1	1	1	1	1	1	8.6	1	1
'6141042'	1	1	1	1	1	1	1	1	1	1	8.6	1	1
'6141046'	1	1	1	1	1	1	1	1	1	1	8.6	1	1
'6141050'	1	1	1	1	1	1	1	1	1	1	8.6	1	1
'6141054'	1	1	1	1	1	1	1	1	1	1	8.6	1	1
'6141056'	1	1	1	1	1	1	1	1	1	1	8.6	1	1
'6141060'	1	1	1	1	1	1	1	1	1	1	8.6	1	1
'6141062'	1	1	1	1	1	1	1	1	1	1	8.6	1	1
'6141064'	1	1	1	1	1	1	1	1	1	1	8.6	1	1
'6141066'	1	1	1	1	1	1	1	1	1	1	8.6	1	1
'6141070'	1	1	1	1	1	1	1	1	1	1	8.6	1	1
'6141074'	1	1	1	1	1	1	1	1	1	1	8.6	1	1
'6141076'	1	1	1	1	1	1	1	1	1	1	8.6	1	1
'6141084'	1	1	1	1	1	1	1	1	1	1	8.6	1	1
'6141086'	1	1	1	1	1	1	1	1	1	1	8.6	1	1
'6141090'	1	1	1	1	1	1	1	1	1	1	8.6	1	1
'6141100'	1	1	1	1	1	1	1	1	1	1	8.6	1	1
'6141104'	1	1	1	1	1	1	1	1	1	1	8.6	1	1
'6141106'	1	1	1	1	1	1	1	1	1	1	8.6	1	1
'6141108'	1	1	1	1	1	1	1	1	1	1	8.6	1	1
'6141110'	1	1	1	1	1	1	1	1	1	1	8.6	1	1
'6141112'	1	1	1	1	1	1	1	1	1	1	8.6	1	1
'6141126'	1	1	1	1	1	1	1	1	1	1	8.6	1	1
'6141128'	1	1	1	1	1	1	1	1	1	1	8.6	1	1
'6141130'	1	1	1	1	1	1	1	1	1	1	8.6	1	1
'6141148'	1	1	1	1	1	1	1	1	1	1	8.6	1	1
'6141150'	1	1	1	1	1	1	1	1	1	1	8.6	1	1
'6141152'	1	1	1	1	1	1	1	1	1	1	8.6	1	1
'6141154'	1	1	1	1	1	1	1	1	1	1	8.6	1	1
'6141170'	1	1	1	1	1	1	1	1	1	1	8.6	1	1
'6141176'	1	1	1	1	1	1	1	1	1	1	8.6	1	1
'6141178'	1	1	1	1	1	1	1	1	1	1	8.6	1	1
'6141180'	1	1	1	1	1	1	1	1	1	1	8.6	1	1
'6141184'	1	1	1	1	1	1	1	1	1	1	8.6	1	1
'6141188'	1	1	1	1	1	1	1	1	1	1	8.6	1	1
'6141196'	1	1	1	1	1	1	1	1	1	1	8.6	1	1
'6141208'	1	1	1	1	1	1	1	1	1	1	8.6	1	1
'6141210'	1	1	1	1	1	1	1	1	1	1	8.6	1	1
'6141214'	1	1	1	1	1	1	1	1	1	1	8.6	1	1
'6141218'	1	1	1	1	1	1	1	1	1	1	8.6	1	1
'6141220'	1	1	1	1	1	1	1	1	1	1	8.6	1	1
'6141228'	1	1	1	1	1	1	1	1	1	1	8.6	1	1
'6141270'	1	1	1	1	1	1	1	1	1	1	8.6	1	1
'6141274'	1	1	1	1	1	1	1	1	1	1	8.6	1	1
'6141306'	1	1	1	1	1	1	1	1	1	1	8.6	1	1
'6141308'	1	1	1	1	1	1	1	1	1	1	8.6	1	1
'6141310'	1	1	1	1	1	1	1	1	1	1	8.6	1	1
'6141312'	1	1	1	1	1	1	1	1	1	1	8.6	1	1
'6142038'	1	1	1	1	1	1	1	1	1	1	8.6	1	1
;

param: urban_cost_adjustment_coef :=	
'166174961'	1
'166174962'	1.06
'166174963'	1
'166174966'	1.14769975786925
'24978249'	1.05852417302799
'6139942'	1
'6139944'	1
'6139946'	1.04502814258912
'6139948'	1.03888024883359
'6139950'	1.0468085106383
'6139952'	1.06515499425947
'6139954'	1.5
'6139956'	1.106135986733
'6139958'	1
'6139960'	1
'6139964'	1.08602150537634
'6139966'	1.1
'6139968'	1.07507507507508
'6139970'	1.33831131533601
'6139972'	1.02739726027397
'6139974'	1.04428571428571
'6139976'	1.024
'6139978'	1.06301369863014
'6139980'	1.09259259259259
'6139982'	1.02672605790646
'6139988'	1
'6139990'	1.10662824207493
'6139992'	1.14203233256351
'6139994'	1.27701674277017
'6139996'	1.43571428571429
'6139998'	1.14901960784314
'6140000'	1.13333333333333
'6140002'	1.27019089574156
'6140004'	1.16666666666667
'6140008'	1.03702551337897
'6140010'	1.66575840145322
'6140012'	1.17521902377972
'6140014'	1.02815013404826
'6140016'	1.08066808813077
'6140018'	1.04647435897436
'6140020'	1
'6140022'	1
'6140024'	1.20282413350449
'6140026'	1.12366548042705
'6140028'	1
'6140030'	1.11834319526627
'6140032'	1.02439024390244
'6140034'	1.2680742162508
'6140036'	1.0381679389313
'6140038'	1.0475
'6140040'	1.23781009409752
'6140042'	1.09541511771995
'6140044'	1.19565217391304
'6140046'	1.30769230769231
'6140048'	1.15584415584416
'6140050'	1.38794326241135
'6140052'	1
'6140054'	1.11079136690647
'6140056'	1.52
'6140058'	1.30779054916986
'6140060'	1.15261756876664
'6140062'	1.18831168831169
'6140064'	1.30769230769231
'6140066'	1
'6140068'	1
'6140070'	1.30417582417582
'6140072'	1.34997075453305
'6140074'	1.04512820512821
'6140076'	1
'6140080'	1.08302354399009
'6140082'	1.0482180293501
'6140084'	1.46444574323008
'6140086'	1.02028397565923
'6140088'	1.91124978332467
'6140090'	1.22316234796404
'6140092'	1.23342939481268
'6140094'	1.32891125343092
'6140096'	1
'6140098'	1.03143781784558
'6140100'	1.0627027027027
'6140102'	1.25
'6140104'	1.57631359466222
'6140106'	1
'6140108'	1.01558441558442
'6140110'	1.16218034993271
'6140112'	1.07320261437908
'6140114'	1.58271047807079
'6140116'	1.64760302775442
'6140118'	1
'6140120'	1.12648716343143
'6140122'	1.52613776137761
'6140124'	1.2397476340694
'6140126'	1.11264367816092
'6140128'	1.22493224932249
'6140130'	1
'6140132'	1.21619496855346
'6140134'	1.16438356164384
'6140274'	1.03720930232558
'6140276'	1.11488673139159
'6140278'	1.02556818181818
'6140280'	1.28364389233954
'6140282'	1.12190812720848
'6140284'	1.1421568627451
'6140286'	1.02994011976048
'6140288'	1.08884688090737
'6140290'	1
'6140292'	1.00875273522976
'6140294'	1.10276073619632
'6140296'	1.09003831417625
'6140298'	1.03814713896458
'6140300'	1.2723704866562
'6140302'	1.06358974358974
'6140304'	1.25684931506849
'6140306'	1.02510460251046
'6140308'	1.04836193447738
'6140310'	1.3328611898017
'6140312'	1.02643171806167
'6140314'	1.016
'6140316'	1.28036990332072
'6140318'	1.03148148148148
'6140320'	1
'6140322'	1.1195652173913
'6140324'	1
'6140326'	1
'6140328'	1
'6140330'	1.21679571173317
'6140332'	1.21399594320487
'6140336'	1.06728110599078
'6140338'	1.13314121037464
'6140340'	1.07801418439716
'6140342'	1
'6140344'	1
'6140346'	1.1026936026936
'6140348'	1
'6140350'	1.12336319779462
'6140352'	1.00617125224994
'6140356'	1.0855614973262
'6140358'	1
'6140360'	1
'6140362'	1.2001582278481
'6140364'	1.16658954187876
'6140366'	1.33366287691547
'6140368'	1.25
'6140370'	1
'6140372'	1.39830058417419
'6140374'	1.06404958677686
'6140376'	1
'6140380'	1.10377358490566
'6140382'	1.082910321489
'6140384'	1.25
'6140386'	1.11264534883721
'6140388'	1
'6140390'	1.4
'6140392'	1.1252408477842
'6140394'	1.18527983644263
'6140396'	1
'6140398'	1.16537585421412
'6140402'	1
'6140404'	1.39196940726577
'6140406'	1
'6140408'	1.38724911452184
'6140410'	1
'6140414'	1
'6140416'	1
'6140418'	1.19487648673376
'6140420'	1
'6140422'	1.22202591283863
'6140426'	1.20799640610961
'6140428'	1.2962962962963
'6140430'	1.16662777129522
'6140432'	1.33325872873769
'6140434'	1.01837672281776
'6140436'	1
'6140438'	1.0741935483871
'6140442'	1
'6140444'	1.44140625
'6140448'	1.2108980827447
'6140450'	1
'6140452'	1.15625
'6140454'	1.13745704467354
'6140456'	1.97795591182365
'6140458'	1.06150061500615
'6140460'	1
'6140462'	1.12562814070352
'6140464'	1
'6140466'	1
'6140468'	1.20037105751391
'6140470'	1
'6140752'	1.25592417061611
'6140754'	1.24327628361858
'6140758'	1.19053876478318
'6140760'	1.65181058495822
'6140762'	1.21963470319635
'6140764'	1
'6140766'	1.3679842760428
'6140768'	1.01774193548387
'6140770'	1.03765690376569
'6140772'	1.0925341745531
'6140778'	1.54994797086368
'6140780'	1.06873315363881
'6140782'	1.31578947368421
'6140784'	1.35747663551402
'6140786'	1.04773869346734
'6140788'	1.22245322245322
'6140794'	1.19188191881919
'6140796'	1.05681818181818
'6140798'	1.1840354767184
'6140800'	1.23525835866261
'6140804'	1.13049853372434
'6140806'	1.07237635705669
'6140808'	1.38276299112801
'6140810'	1.26149131767109
'6140814'	1.05313496280553
'6140816'	1.05555555555556
'6140818'	1.06055900621118
'6140820'	1.046875
'6140822'	1.06479690522244
'6140826'	1.02959183673469
'6140830'	1
'6140832'	1.08801498127341
'6140834'	1.22266401590457
'6140836'	1.5729882733522
'6140838'	1.09942638623327
'6140842'	1.15591836734694
'6140846'	1
'6140848'	1.49217154526889
'6140852'	1.27079303675048
'6140854'	1.1996699669967
'6140856'	2
'6140858'	1.02941176470588
'6140860'	1.38919821826281
'6140864'	1.51176765147722
'6140866'	1.27097505668934
'6140868'	1.31115459882583
'6140872'	1.09887005649718
'6140874'	1.21048182586644
'6140876'	1.53118546055349
'6140878'	1.06607929515418
'6140880'	1.14259763851045
'6140882'	1
'6140884'	2.39997599903996
'6140886'	1.132
'6140888'	1.06406685236769
'6140892'	1.58941176470588
'6140894'	1.80280701754386
'6140896'	1.06796116504854
'6140900'	1.27170077628793
'6140902'	1.24320241691843
'6140904'	1.48204667863555
'6140906'	1.36167400881057
'6140908'	1.21179624664879
'6140910'	1.5
'6140914'	1.38113496932515
'6140916'	1.27482172243555
'6140918'	1.31682447195921
'6140920'	1.64759036144578
'6140924'	1.90909090909091
'6140926'	1.12246621621622
'6140928'	1
'6140930'	1.33139767721266
'6140932'	1.62735849056604
'6140934'	1.56827309236948
'6140938'	1.27574750830565
'6140940'	1
'6140942'	1
'6140944'	1.28230837789661
'6140946'	1.59513198491601
'6140948'	1.16351351351351
'6140952'	1.9149655441425
'6141024'	1
'6141030'	1.01990049751244
'6141032'	1.45786516853933
'6141034'	1.58499475341028
'6141038'	1.1093044263776
'6141042'	1.10394265232975
'6141046'	1
'6141050'	1.08445945945946
'6141054'	1
'6141056'	1.11060743427017
'6141060'	1.0866935483871
'6141062'	1.10284463894967
'6141064'	1.22096774193548
'6141066'	1.27019713954387
'6141070'	1.15320334261838
'6141074'	1.10906862745098
'6141076'	1.26740665993946
'6141084'	1.35084745762712
'6141086'	1.14793741109531
'6141090'	1.37002341920375
'6141100'	1.29765886287625
'6141104'	1.1629746835443
'6141106'	1.48423423423423
'6141108'	1.58498183286233
'6141110'	1.2766631467793
'6141112'	1.36952998379254
'6141126'	1.04991087344029
'6141128'	1.31818181818182
'6141130'	1.24590163934426
'6141148'	1
'6141150'	1
'6141152'	1
'6141154'	1
'6141170'	1.18502202643172
'6141176'	1.27658512231653
'6141178'	1.48094612352168
'6141180'	1
'6141184'	1
'6141188'	1.53937007874016
'6141196'	1.36332019476003
'6141208'	1.57875787578758
'6141210'	1.78600987852089
'6141214'	1.48935596874158
'6141218'	1.13297872340426
'6141220'	1.01043024771838
'6141228'	1.67530825165982
'6141270'	1.16015252621544
'6141274'	1
'6141306'	1
'6141308'	1.26272577996716
'6141310'	2.2495126705653
'6141312'	1
'6142038'	1.15065502183406
;
