Error at _cmdno 4 executing "solve" command
(file amplin, line 161003, offset 7805072):
error processing param point_effic_P:
	invalid subscript point_effic_P['NA','point'] discarded.
ecking ampl.mod for cplex_options...
Checking ampl.com for cplex_options...
Executing AMPL.
processing data.
processing commands.
Executing on prod-exec-1.neos-server.org

Presolve eliminates 95326 constraints and 44656 variables.
Adjusted problem:
207684 variables:
	91798 binary variables
	115886 linear variables
120314 constraints, all linear; 592226 nonzeros
	15656 equality constraints
	104658 inequality constraints
1 linear objective; 27123 nonzeros.

Setting $presolve_fixeps >= 1.26e-20 could change presolve results.

CPLEX 22.1.2:   tech:threads = 4
CPLEX 22.1.2: optimal solution; objective 61622.42411
15812 simplex iterations
absmipgap=8.81118e-09, relmipgap=0
------------ WARNINGS ------------
WARNING:  "Tolerance violations"
  Type                         MaxAbs [Name]   MaxRel [Name]
* algebraic con(s)             1E+00           1E+00         
*: Using the solver's aux variable values.
Documentation: mp.ampl.com/modeling-tools.html#automatic-solution-check.
solve_result_num = 0
solve_result = solved

cost.result = solved

cost = 61622.42411

set seasons := 1 2 3 4;

set years := 3;

point_dec [*] :=
;

urban_frac [*,*]
:           Enhanced_Biofiltration_w_ISR Gravel_Wetland Porous_Pavement_w_underdrain    :=
'10294284'               0.9               0                         0.1
'10294294'               0.9               0                         0.1
'10294314'               0.9               0                         0.1
'10294318'               0.9               0                         0.1
'10294358'               0.9               0                         0.1
'10294388'               0.9               0                         0.1
'10294396'               0.9               0                         0.1
'10294446'               0.9               0                         0.1
'10294476'               0.9               0                         0.1
'10294482'               0.9               0                         0.1
'10294496'               0.9               0                         0.1
'10294532'               0.9               0                         0.1
'10294560'               0.9               0                         0.1
'10294580'               0.9               0                         0.1
'10294604'               0.9               0                         0.1
'10294624'               0.9               0                         0.1
'10294634'               0.9               0                         0.1
'10294644'               0.9               0                         0.1
'10294652'               0.9               0                         0.1
'10294660'               0.9               0                         0.1
'10294688'               0.9               0                         0.1
'10294702'               0.9               0                         0.1
'10294732'               0.9               0                         0.1
'10294738'               0.9               0                         0.1
'10294742'               0.9               0                         0.1
'10294752'               0.9               0                         0.1
'10294762'               0.9               0                         0.1
'10294772'               0.9               0                         0.1
'10294780'               0.9               0                         0.1
'10294788'               0.9               0                         0.1
'10294796'               0.9               0                         0.1
'10294806'               0.9               0                         0.1
'10294816'               0.9               0                         0.1
'10294824'               0                 1                         0
'10294826'               0.9               0                         0.1
'10294836'               0.9               0                         0.1
'10294860'               0.9               0                         0.1
'10294866'               0.9               0                         0.1
'10294870'               0.9               0                         0.1
'10294880'               0.9               0                         0.1
'10294900'               0.9               0                         0.1
'10294916'               0.9               0                         0.1
'10294924'               0.9               0                         0.1
'10294934'               0.9               0                         0.1
'10294944'               0.9               0                         0.1
'10294958'               0.9               0                         0.1
'10294964'               0.9               0                         0.1
'10294988'               0.9               0                         0.1
'10294998'               0.9               0                         0.1
'10295122'               0.9               0                         0.1
'10295126'               0.9               0                         0.1
'10295136'               0.9               0                         0.1
'10295146'               0.9               0                         0.1
'10295156'               0.9               0                         0.1
'10295172'               0.9               0                         0.1
'10295180'               0.9               0                         0.1
'10295190'               0.9               0                         0.1
'10295200'               0.9               0                         0.1
'10295210'               0.9               0                         0.1
'10295214'               0.9               0                         0.1
'10295220'               0.9               0                         0.1
'10295244'               0.9               0                         0.1
'10295254'               0.9               0                         0.1
'10295264'               0.9               0                         0.1
'10295300'               0.9               0                         0.1
'10295318'               0.9               0                         0.1
'10295338'               0.9               0                         0.1
'10295342'               0.9               0                         0.1
'10295648'               0.9               0                         0.1
'10295684'               0.9               0                         0.1
'10295692'               0.9               0                         0.1
'10295762'               0.9               0                         0.1
'10297110'               0.9               0                         0.1
'166161642'              0.9               0                         0.1
'166161648'              0.9               0                         0.1
'166174586'              0                 0.9109828154              0
'166174589'              0.9               0                         0.1
'166174595'              0.9               0                         0.1
'166174597'              0.9               0                         0.1
'166174598'              1                 0                         0
'166174599'              0                 1                         0
'166174600'              0.9               0                         0.1
'166174603'              0                 1                         0
'166174605'              0.9               0                         0.1
'166174608'              0.9               0                         0.1
'166174610'              0.9               0                         0.1
'166174612'              0.9               0                         0.1
'166174613'              0.9               0                         0.1
'166174639'              0                 1                         0
'166174642'              0.9               0                         0.1
'166174700'              0.9               0                         0.1
'166174706'              0.9               0                         0.1
'166174713'              0                 1                         0
'166174717'              0.9               0                         0.1
'166174718'              0.9               0                         0.1
'6093451'                0.9               0                         0.1
'6093453'                0.9               0                         0.1
'6093467'                0.9               0                         0.1
'6093481'                0.9               0                         0.1
'6093483'                0.9               0                         0.1
'6093485'                0.9               0                         0.1
'6093491'                0.9               0                         0.1
'6093493'                0.9               0                         0.1
'6093587'                0.9               0                         0.1
'6093591'                0.9               0                         0.1
'6094117'                0.9               0                         0.1
'6095963'                0.9               0                         0.1
'6095973'                0.9               0                         0.1
'6095979'                0.9               0                         0.1
'6095981'                0.9               0                         0.1
'6095987'                0.9               0                         0.1
'6095989'                0.9               0                         0.1
'6096011'                0.9               0                         0.1
'6096019'                0.9               0                         0.1
'6096021'                0.9               0                         0.1
'6096023'                0.9               0                         0.1
'6096041'                0.9               0                         0.1
'6096043'                0.9               0                         0.1
'6096045'                0.9               0                         0.1
'6096051'                0.9               0                         0.1
'6096053'                0.9               0                         0.1
'6096077'                0.9               0                         0.1
'6096083'                0.9               0                         0.1
'6096085'                0.9               0                         0.1
'6096087'                0.9               0                         0.1
'6096109'                0.9               0                         0.1
'6096115'                0.9               0                         0.1
'6096117'                0.9               0                         0.1
'6096147'                0.9               0                         0.1
'6096149'                0.9               0                         0.1
'6096151'                0.9               0                         0.1
'6096155'                0.9               0                         0.1
'6096173'                0.9               0                         0.1
'6096203'                0.9               0                         0.1
'6096211'                0.9               0                         0.1
'6096213'                0.9               0                         0.1
'6096219'                0.9               0                         0.1
'6096229'                0.9               0                         0.1
'6096233'                0.9               0                         0.1
'6096235'                0.9               0                         0.1
'6096243'                0.9               0                         0.1
'6096259'                0                 1                         0
'6096267'                0.9               0                         0.1
'6096275'                0.9               0                         0.1
'6096277'                0.9               0                         0.1
'6096297'                0.9               0                         0.1
'6096299'                0.9               0                         0.1
'6096301'                0.9               0                         0.1
'6096309'                0.9               0                         0.1
'6096343'                0.9               0                         0.1
'6096347'                0.9               0                         0.1
'6096357'                0.9               0                         0.1
'6096361'                0.9               0                         0.1
'6096363'                0.9               0                         0.1
'6096365'                0.9               0                         0.1
'6096371'                0.9               0                         0.1
'6096403'                0.9               0                         0.1
'6096407'                0.9               0                         0.1
'6096411'                0.9               0                         0.1
'6096421'                0.9               0                         0.1
'6096425'                0.9               0                         0.1
'6096427'                0.9               0                         0.1
'6096429'                0.9               0                         0.1
'6096435'                0.9               0                         0.1
'6096437'                0.9               0                         0.1
'6096445'                0                 1                         0
'6096461'                0.9               0                         0.1
'6096467'                0.9               0                         0.1
'6096469'                0.9               0                         0.1
'6096475'                0.9               0                         0.1
'6096485'                0.9               0                         0.1
'6096489'                0.9               0                         0.1
'6096491'                0.9               0                         0.1
'6096495'                1                 0                         0
'6096499'                0.9               0                         0.1
'6096501'                0.9               0                         0.1
'6096523'                0.9               0                         0.1
'6096525'                0.9               0                         0.1
'6096531'                0.9               0                         0.1
'6096533'                0.9               0                         0.1
'6096535'                0.9               0                         0.1
'6096539'                0.9               0                         0.1
'6096553'                0.9               0                         0.1
'6096555'                0.9               0                         0.1
'6096587'                0.9               0                         0.1
'6096595'                0.9               0                         0.1
'6096597'                0.9               0                         0.1
'6096599'                0.9               0                         0.1
'6096603'                0.9               0                         0.1
'6096613'                0.9               0                         0.1
'6096617'                0.9               0                         0.1
'6096621'                0.9               0                         0.1
'6096627'                0.9               0                         0.1
'6096651'                0.9               0                         0.1
'6096659'                0.9               0                         0.1
'6097165'                0.9               0                         0.1
'6097175'                0.9               0                         0.1
'6097179'                0.9               0                         0.1
'6097193'                0.9               0                         0.1
'6097195'                0.9               0                         0.1
'6097197'                0.9               0                         0.1
'6097227'                0.9               0                         0.1
'6097229'                0.9               0                         0.1
'6097235'                0.9               0                         0.1
'6097253'                0.9               0                         0.1
'6097257'                0.9               0                         0.1
'6097261'                0.9               0                         0.1
'6097267'                0.9               0                         0.1
'6097291'                0.9               0                         0.1
'6097299'                0.9               0                         0.1
'6097301'                0.9               0                         0.1
'6097303'                0.9               0                         0.1
'6097321'                0.9               0                         0.1
'6097323'                0.9               0                         0.1
'6097325'                0.9               0                         0.1
'6097331'                0.9               0                         0.1
'6097365'                0.9               0                         0.1
'6097381'                0.9               0                         0.1
'6097385'                0.9               0                         0.1
'6097389'                0.9               0                         0.1
'6097397'                0.9               0                         0.1
'6097419'                0.9               0                         0.1
'6097427'                0.9               0                         0.1
'6097431'                0.9               0                         0.1
'6097435'                0.9               0                         0.1
'6097453'                0.9               0                         0.1
'6097457'                0                 1                         0
'6097459'                0.9               0                         0.1
'6097485'                0.9               0                         0.1
'6097491'                0.9               0                         0.1
'6097493'                0.9               0                         0.1
'6097495'                0.9               0                         0.1
'6097513'                0.9               0                         0.1
'6097515'                0.9               0                         0.1
'6097549'                0.9               0                         0.1
'6097573'                0.9               0                         0.1
'6097577'                0.9               0                         0.1
'6097579'                0.9               0                         0.1
'6097619'                0.9               0                         0.1
'6097635'                0                 1                         0
'6097643'                0.9               0                         0.1
'6097675'                0.9               0                         0.1
'6098661'                0.9               0                         0.1
'6098665'                0.9               0                         0.1
'6098667'                0.9               0                         0.1
'6098669'                0.9               0                         0.1
'6098699'                0.9               0                         0.1
'6098707'                0.9               0                         0.1
'6098715'                0.9               0                         0.1
'6098725'                0.9               0                         0.1
'6098733'                0.9               0                         0.1
'6098739'                0.9               0                         0.1
'6098741'                0.9               0                         0.1
'6098763'                0.9               0                         0.1
'6098803'                0.9               0                         0.1
'6098805'                0.9               0                         0.1
'6098827'                0.9               0                         0.1
'6098829'                0.9               0                         0.1
'6776407'                0.9               0                         0.1
'6776411'                0.9               0                         0.1
'6776459'                0.9               0                         0.1
'6776469'                0.9               0                         0.1
'6776493'                0.9               0                         0.1
'6776539'                0.9               0                         0.1
'6776549'                0.9               0                         0.1
'6776555'                0.9               0                         0.1
'6776563'                0.9               0                         0.1
'6776589'                0.9               0                         0.1
'6776603'                0.9               0                         0.1
'6776619'                0.9               0                         0.1
'6776627'                0.9               0                         0.1
'6776653'                0.9               0                         0.1
'6776661'                0.9               0                         0.1
'6776681'                0.9               0                         0.1
'6776683'                0.9               0                         0.1
'6776691'                0.9               0                         0.1
'6776693'                0.9               0                         0.1
'6776731'                0.9               0                         0.1
'6776749'                0.9               0                         0.1
'6776779'                0.9               0                         0.1
'6776821'                0.9               0                         0.1
'6776843'                0.9               0                         0.1
'6776859'                0.9               0                         0.1
'6776907'                0.9               0                         0.1
'6776915'                0.9               0                         0.1
'6776917'                0.9               0                         0.1
'6776919'                0.9               0                         0.1
'6776937'                0.9               0                         0.1
'6776939'                0.9               0                         0.1
'6777011'                0.9               0                         0.1
'6777013'                0.9               0                         0.1
'6777037'                0.9               0                         0.1
'6777069'                0.9               0                         0.1
'6777077'                0.9               0                         0.1
'6777133'                0.9               0                         0.1
'6777203'                0.9               0                         0.1
'6777877'                0.9               0                         0.1
'6777879'                0.9               0                         0.1
'6777915'                0                 1                         0
'6777931'                0.9               0                         0.1
'6777933'                0.9               0                         0.1
'6777939'                0.9               0                         0.1
'6777943'                0.9               0                         0.1
'6777947'                0.9               0                         0.1
'6777957'                0.9               0                         0.1
'6777961'                0.9               0                         0.1
'6777963'                0.9               0                         0.1
'6777965'                0.9               0                         0.1
'6777973'                0.9               0                         0.1
'6777995'                0.9               0                         0.1
'6778007'                0.9               0                         0.1
'6778011'                0.9               0                         0.1
'6778021'                0.9               0                         0.1
'6778025'                0.9               0                         0.1
'6778027'                0.9               0                         0.1
'6778029'                0.9               0                         0.1
'6778031'                0                 1                         0
'6778035'                0.9               0                         0.1
'6778069'                0.9               0                         0.1
'6778071'                0.9               0                         0.1
'6778075'                0.9               0                         0.1
'6778085'                0.9               0                         0.1
'6778091'                0.9               0                         0.1
'6778099'                0.9               0                         0.1
'6778123'                0.9               0                         0.1
'6778125'                0.9               0                         0.1
'6778131'                0.9               0                         0.1
'6778135'                0.9               0                         0.1
'6778149'                0.9               0                         0.1
'6778155'                0.9               0                         0.1
'6778157'                0.9               0                         0.1
'6778163'                0.9               0                         0.1
'6778165'                0.9               0                         0.1
'6778187'                0.9               0                         0.1
'6778195'                0.9               0                         0.1
'6778199'                0.9               0                         0.1
'6778203'                0.9               0                         0.1
'6778213'                0.9               0                         0.1
'6778219'                0.9               0                         0.1
'6778221'                0.9               0                         0.1
'6778227'                0.9               0                         0.1
'6778229'                0.9               0                         0.1
'6778253'                0.9               0                         0.1
'6778261'                0.9               0                         0.1
'6778263'                0.9               0                         0.1
'6778285'                0.9               0                         0.1
'6778315'                0.9               0                         0.1
'6778323'                0.9               0                         0.1
'6778345'                0.9               0                         0.1
'6778347'                0.9               0                         0.1
'6778349'                0.9               0                         0.1
'6778355'                0.9               0                         0.1
'6778357'                0.9               0                         0.1
'6778391'                0.9               0                         0.1
'6778405'                0.9               0                         0.1
'6778409'                0.9               0                         0.1
'6778411'                0.9               0                         0.1
'6778419'                0.9               0                         0.1
'6778421'                0.9               0                         0.1
'6778451'                0.9               0                         0.1
'6778453'                0.9               0                         0.1
'6778469'                0.9               0                         0.1
'6778477'                0.9               0                         0.1
'6778483'                0.9               0                         0.1
'6778485'                0.9               0                         0.1
'6778515'                0.9               0                         0.1
'6778541'                0.9               0                         0.1
'6778547'                0.9               0                         0.1
'6778549'                0.9               0                         0.1
'6778571'                0.9               0                         0.1
'6778581'                0.9               0                         0.1
'6778583'                0.9               0                         0.1
'6778597'                0.9               0                         0.1
'6778601'                0.9               0                         0.1
'6778605'                0.9               0                         0.1
'6778613'                0.9               0                         0.1
'6778637'                0.9               0                         0.1
'6778643'                0.9               0                         0.1
'6778645'                0.9               0                         0.1
'6778711'                0.9               0                         0.1
'6778715'                0.9               0                         0.1
'6778725'                0.9               0                         0.1
'6778729'                0.9               0                         0.1
'6778733'                0.9               0                         0.1
'6778741'                0.9               0                         0.1
'6778763'                0.9               0                         0.1
'6778771'                0.9               0                         0.1
'6778773'                0.9               0                         0.1
'6778775'                0.9               0                         0.1
'6778779'                0.9               0                         0.1
'6778793'                0.9               0                         0.1
'6778795'                0.9               0                         0.1
'6778827'                0.9               0                         0.1
'6778829'                0.9               0                         0.1
'6778837'                0.9               0                         0.1
'6778839'                0.9               0                         0.1
'6778857'                0.9               0                         0.1
'6778891'                0.9               0                         0.1
'6778903'                0.9               0                         0.1
'6778917'                0.9               0                         0.1
'6778923'                0.9               0                         0.1
'6778933'                0.9               0                         0.1
'6778951'                0                 1                         0
'6778955'                0.9               0                         0.1
'6778967'                0.9               0                         0.1
'6778971'                0.9               0                         0.1
'6778973'                0                 1                         0
'6778981'                0.9               0                         0.1
'6778985'                0.9               0                         0.1
'6778989'                0.9               0                         0.1
'6778995'                0.9               0                         0.1
'6779021'                0.9               0                         0.1
'6779027'                0.9               0                         0.1
'6779031'                0.9               0                         0.1
'6779045'                0.9               0                         0.1
'6779049'                0.9               0                         0.1
'6779053'                0.9               0                         0.1
'6779061'                0.9               0                         0.1
'6779115'                0.9               0                         0.1
'6779117'                0.9               0                         0.1
'6779125'                0.9               0                         0.1
'6780651'                0.9               0                         0.1
'6780659'                0.9               0                         0.1
'6780685'                0.9               0                         0.1
'6780695'                0.9               0                         0.1
'6780699'                0.9               0                         0.1
'6780709'                0.9               0                         0.1
'6780717'                0.9               0                         0.1
'6780723'                0.9               0                         0.1
'6780725'                0.9               0                         0.1
'6780747'                0.9               0                         0.1
'6780749'                0.9               0                         0.1
'6780755'                0.9               0                         0.1
'6780757'                0.9               0                         0.1
'6780759'                0.9               0                         0.1
'6780773'                0.9               0                         0.1
'6780777'                0.9               0                         0.1
'6780779'                0.9               0                         0.1
'6780781'                0.9               0                         0.1
'6780787'                0.9               0                         0.1
'6780789'                0.9               0                         0.1
'6780811'                0.9               0                         0.1
'6780819'                0.9               0                         0.1
'6780821'                0.9               0                         0.1
'6780827'                0.9               0                         0.1
'6780837'                0.9               0                         0.1
'6780845'                0.9               0                         0.1
'6780851'                0.9               0                         0.1
'6780853'                0.9               0                         0.1
'6780875'                0.9               0                         0.1
'6780877'                0.9               0                         0.1
'6780883'                0.9               0                         0.1
'6780885'                0.9               0                         0.1
'6780887'                0.9               0                         0.1
'6780891'                0.9               0                         0.1
'6780901'                0.9               0                         0.1
'6780909'                0.9               0                         0.1
'6780915'                0.9               0                         0.1
'6780917'                0.9               0                         0.1
'6780939'                0.9               0                         0.1
'6780941'                0.9               0                         0.1
'6780947'                0.9               0                         0.1
'6780949'                0.9               0                         0.1
'6780955'                0.9               0                         0.1
'6780965'                0.9               0                         0.1
'6780969'                0.9               0                         0.1
'6780971'                0.9               0                         0.1
'6780973'                0.9               0                         0.1
'6780979'                0.9               0                         0.1
'6780981'                0.9               0                         0.1
'6781003'                0.9               0                         0.1
'6781005'                0.9               0                         0.1
'6781011'                0.9               0                         0.1
'6781013'                0.9               0                         0.1
'6781015'                0.9               0                         0.1
'6781019'                0.9               0                         0.1
'6781029'                0.9               0                         0.1
'6781033'                0.9               0                         0.1
'6781043'                0.9               0                         0.1
'6781045'                0.9               0                         0.1
'6781067'                0.9               0                         0.1
'6781069'                0.9               0                         0.1
'6781075'                0.9               0                         0.1
'6781083'                0.9               0                         0.1
'6781093'                0.9               0                         0.1
'6781097'                0.9               0                         0.1
'6781099'                0.9               0                         0.1
'6781101'                0.9               0                         0.1
'6781131'                0.9               0                         0.1
'6781133'                0.9               0                         0.1
'6781139'                0.9               0                         0.1
'6781141'                0.9               0                         0.1
'6781143'                0.9               0                         0.1
'6781157'                0.9               0                         0.1
'6781161'                0.9               0                         0.1
'6781163'                0.9               0                         0.1
'6781165'                0.9               0                         0.1
'6781171'                0.9               0                         0.1
'6781173'                0.9               0                         0.1
'6781195'                0.9               0                         0.1
'6781197'                0.9               0                         0.1
'6781207'                0.9               0                         0.1
'6781211'                0.9               0                         0.1
'6781221'                0.9               0                         0.1
'6781225'                0.9               0                         0.1
'6781227'                0.9               0                         0.1
'6781229'                0.9               0                         0.1
'6781235'                0.9               0                         0.1
'6781237'                0.9               0                         0.1
'6781261'                0.9               0                         0.1
'6781267'                0.9               0                         0.1
'6781269'                0.9               0                         0.1
'6781271'                0.9               0                         0.1
'6781275'                0.9               0                         0.1
'6781285'                0.9               0                         0.1
'6781293'                0.9               0                         0.1
'6781779'                0.9               0                         0.1
'6781781'                0.9               0                         0.1
'6781783'                0.9               0                         0.1
'6781797'                0.9               0                         0.1
'6781801'                0.9               0                         0.1
'6781803'                0.9               0                         0.1
'6781805'                0.9               0                         0.1
'6781811'                0.9               0                         0.1
'6781813'                0.9               0                         0.1
'6781835'                0.9               0                         0.1
'6781843'                0.9               0                         0.1
'6781847'                0.9               0                         0.1
'6781851'                0.9               0                         0.1
'6781861'                0.9               0                         0.1
'6781865'                0.9               0                         0.1
'6781867'                0.9               0                         0.1
'6781869'                0.9               0                         0.1
'6781875'                0.9               0                         0.1
'6781877'                0.9               0                         0.1
'6781899'                0.9               0                         0.1
'6781901'                0.9               0                         0.1
'6781907'                0.9               0                         0.1
'6781909'                0.9               0                         0.1
'6781911'                0.9               0                         0.1
'6781915'                0.9               0                         0.1
'6781925'                0.9               0                         0.1
'6781929'                0.9               0                         0.1
'6781933'                0.9               0                         0.1
'6781939'                0.9               0                         0.1
'6781941'                0.9               0                         0.1
'6781965'                0.9               0                         0.1
'6781975'                0.9               0                         0.1
'6781993'                0.9               0                         0.1
'6781995'                0.9               0                         0.1
'6781997'                0.9               0                         0.1
'6782003'                0.9               0                         0.1
'6782005'                0.9               0                         0.1
'6782035'                0.9               0                         0.1
'6782039'                0.9               0                         0.1
'6782043'                0.9               0                         0.1
'6782053'                0.9               0                         0.1
'6782057'                0.9               0                         0.1
'6782067'                0.9               0                         0.1
'6782069'                0.9               0                         0.1
'6782091'                0.9               0                         0.1
'6782099'                0.9               0                         0.1
'6782101'                0.9               0                         0.1
'6782117'                0.9               0                         0.1
'6782121'                0.9               0                         0.1
'6782131'                0.9               0                         0.1
'6782133'                0.9               0                         0.1
'6782147'                0                 1                         0
'6782155'                0.9               0                         0.1
'6782157'                0.9               0                         0.1
'6782163'                0.9               0                         0.1
'6782167'                0.9               0                         0.1
'6782171'                0.9               0                         0.1
'6782181'                0.9               0                         0.1
'6782183'                0                 1                         0
'6782185'                0.9               0                         0.1
'6782219'                0.9               0                         0.1
'6782227'                0.9               0                         0.1
'6782231'                0.9               0                         0.1
'6782235'                0.9               0                         0.1
'6782245'                0.9               0                         0.1
'6782251'                0.9               0                         0.1
'6782265'                0                 1                         0
'6782275'                0                 1                         0
'6782283'                0.9               0                         0.1
'6782293'                0.9               0                         0.1
'6782309'                0.9               0                         0.1
'6782319'                0                 1                         0
'6782321'                0                 1                         0
'6784821'                0.9               0                         0.1
'7687027'                0.9               0                         0.1
'7687147'                0.9               0                         0.1
'7687155'                0.9               0                         0.1
'7687157'                0.9               0                         0.1
'7687595'                0.9               0                         0.1
'7687601'                0.9               0                         0.1
'7687619'                0.9               0                         0.1
'7687621'                0.9               0                         0.1
'7687629'                0.9               0                         0.1
'7687631'                0.9               0                         0.1
'7687647'                0.9               0                         0.1
'7687649'                0.9               0                         0.1
'7687651'                0.9               0                         0.1
'7687653'                0.9               0                         0.1
'7687667'                0.9               0                         0.1
'7687675'                0.9               0                         0.1
'7687677'                0.9               0                         0.1
'7687749'                0.9               0                         0.1
'7687767'                0.9               0                         0.1
'7687771'                0.9               0                         0.1
'7687773'                0.9               0                         0.1
'7687781'                0.9               0                         0.1
'7688179'                0.9               0                         0.1
'7688181'                0.9               0                         0.1
'7688189'                0.9               0                         0.1
'7688191'                0.9               0                         0.1
'7688195'                0.9               0                         0.1
'7688197'                0.9               0                         0.1
'7688203'                0.9               0                         0.1
'7688207'                0.9               0                         0.1
'7688209'                0.9               0                         0.1
'7688213'                0.9               0                         0.1
'7688215'                0.9               0                         0.1
'7688223'                0.9               0                         0.1
'7688225'                0.9               0                         0.1
'7688227'                0.9               0                         0.1
'7688229'                0.9               0                         0.1
'7688233'                0.9               0                         0.1
'7688251'                0.9               0                         0.1
'7688253'                0.9               0                         0.1
'7688269'                0.9               0                         0.1
'7688279'                0.9               0                         0.1
'7688291'                0.9               0                         0.1
'7688293'                0.9               0                         0.1
'7688297'                0.9               0                         0.1
'7688299'                0.9               0                         0.1
'7688309'                0.9               0                         0.1
'7688315'                0.9               0                         0.1
'7688555'                0.9               0                         0.1
'7688559'                0.9               0                         0.1
'7688561'                0.9               0                         0.1
'7688563'                0.9               0                         0.1
'7688565'                0.9               0                         0.1
'7688573'                0.9               0                         0.1
'7688575'                0.9               0                         0.1
'7688577'                0.9               0                         0.1
'7688579'                0.9               0                         0.1
'7688581'                0.9               0                         0.1
'7688599'                0.9               0                         0.1
'7688605'                0.9               0                         0.1
'7688609'                0.9               0                         0.1
'7688611'                0.9               0                         0.1
'7688613'                0.9               0                         0.1
'7688617'                0.9               0                         0.1
'7688619'                0.9               0                         0.1
'7688623'                0.9               0                         0.1
'7688625'                0.9               0                         0.1
'7688639'                0.9               0                         0.1
'7688641'                0.9               0                         0.1
'7688643'                0.9               0                         0.1
'7688645'                0.9               0                         0.1
'7688653'                0.9               0                         0.1
'7688657'                0.9               0                         0.1
'7688661'                0.9               0                         0.1
'7688663'                0.9               0                         0.1
'7688667'                0.9               0                         0.1
'7688669'                0.9               0                         0.1
'7688671'                0.9               0                         0.1
'7689971'                0.9               0                         0.1
'7689979'                0.9               0                         0.1
'7689981'                0.9               0                         0.1
'7690001'                0.9               0                         0.1
'7690019'                0.9               0                         0.1
'7690021'                0.9               0                         0.1
'7690031'                0.9               0                         0.1
'7690037'                0.9               0                         0.1
'7690049'                0.9               0                         0.1
'7690053'                0.9               0                         0.1
'7690065'                0.9               0                         0.1
'7690071'                0.9               0                         0.1
'7690077'                0.9               0                         0.1
'7690079'                0.9               0                         0.1
'7690089'                0.9               0                         0.1
'7690091'                0.9               0                         0.1
'7690095'                0.9               0                         0.1
'7690097'                0.9               0                         0.1
'7690101'                0.9               0                         0.1
'7690107'                0.9               0                         0.1
'7690109'                0.9               0                         0.1
'7690115'                0.9               0                         0.1
'7690125'                0.9               0                         0.1
'7690129'                0.9               0                         0.1
'7690133'                0.9               0                         0.1
'7690139'                0.9               0                         0.1
'7690143'                0.9               0                         0.1
'7690145'                0.9               0                         0.1
'7690147'                0.9               0                         0.1
'7690153'                0.9               0                         0.1
'7690159'                0.9               0                         0.1
'7690161'                0.9               0                         0.1
'7690163'                0.9               0                         0.1
'7690165'                0.9               0                         0.1
'7690171'                0.9               0                         0.1
'7690173'                0.9               0                         0.1
'7690175'                0.9               0                         0.1
'7690187'                0.9               0                         0.1
'7690193'                0.9               0                         0.1
'7690197'                0.9               0                         0.1
'7690199'                0.9               0                         0.1
'7690205'                0.9               0                         0.1
'7690209'                0.9               0                         0.1
'7690219'                0.9               0                         0.1
'7690225'                0.9               0                         0.1
'7690227'                0.9               0                         0.1
'7690235'                0.9               0                         0.1
'7690253'                0.9               0                         0.1
'7690255'                0.9               0                         0.1
'7690261'                0.9               0                         0.1
'7690273'                0.9               0                         0.1
'7690275'                0.9               0                         0.1
'7690281'                0.9               0                         0.1
'7690283'                0.9               0                         0.1
'7690287'                0.9               0                         0.1
'7690289'                0.9               0                         0.1
'7690299'                0.9               0                         0.1
'7690301'                0.9               0                         0.1
'7690307'                0.9               0                         0.1
'7690309'                0.9               0                         0.1
'7690325'                0.9               0                         0.1
'7690327'                0.9               0                         0.1
'7690333'                0.9               0                         0.1
'7690337'                0.9               0                         0.1
'7690339'                0.9               0                         0.1
'7690345'                0.9               0                         0.1
'7690347'                0.9               0                         0.1
'7690369'                0.9               0                         0.1
'7690371'                0.9               0                         0.1
'7690373'                0.9               0                         0.1
'7690379'                0.9               0                         0.1
'7690381'                0.9               0                         0.1
'7690383'                0.9               0                         0.1
'7690385'                0.9               0                         0.1
'7690389'                0.9               0                         0.1
'7690395'                0.9               0                         0.1
'7690397'                0.9               0                         0.1
'7690399'                0.9               0                         0.1
'7690403'                0.9               0                         0.1
'7690405'                0.9               0                         0.1
'7690411'                0.9               0                         0.1
'7690415'                0.9               0                         0.1
'7690417'                0.9               0                         0.1
'7690419'                0.9               0                         0.1
'7690427'                0.9               0                         0.1
'7690429'                0.9               0                         0.1
'7690431'                0.9               0                         0.1
'7690433'                0.9               0                         0.1
'7690435'                0.9               0                         0.1
'7690445'                0.9               0                         0.1
'7690449'                0.9               0                         0.1
'7690453'                0.9               0                         0.1
'7690455'                0.9               0                         0.1
'7690459'                0.9               0                         0.1
'7690461'                0.9               0                         0.1
'7690465'                0.9               0                         0.1
'7690467'                0.9               0                         0.1
'7690469'                0.9               0                         0.1
'7690475'                0.9               0                         0.1
'7690479'                0.9               0                         0.1
'7690491'                0.9               0                         0.1
'7690493'                0.9               0                         0.1
'7690499'                0.9               0                         0.1
'7690507'                0.9               0                         0.1
'7690509'                0.9               0                         0.1
'7690511'                0.9               0                         0.1
'7690517'                0.9               0                         0.1
'7690519'                0.9               0                         0.1
'7690523'                0.9               0                         0.1
'7690525'                0.9               0                         0.1
'7690527'                0.9               0                         0.1
'7690529'                0.9               0                         0.1
'7690533'                0.9               0                         0.1
'7690537'                0.9               0                         0.1
'7690543'                0.9               0                         0.1
'7690545'                0.9               0                         0.1
'7690547'                0.9               0                         0.1
'7690549'                0.9               0                         0.1
'7690555'                0.9               0                         0.1
'7690557'                0.9               0                         0.1
'7690559'                0.9               0                         0.1
'7690561'                0.9               0                         0.1
'7690563'                0.9               0                         0.1
'7690565'                0.9               0                         0.1
'7690573'                0.9               0                         0.1
'7690575'                0.9               0                         0.1
'7690577'                0.9               0                         0.1
'7690581'                0.9               0                         0.1
'7690583'                0.9               0                         0.1
'7690587'                0.9               0                         0.1
'7690589'                0.9               0                         0.1
'7690591'                0.9               0                         0.1
'7690593'                0.9               0                         0.1
'7690597'                0.9               0                         0.1
'7690609'                0.9               0                         0.1
'7690613'                0.9               0                         0.1
'7690619'                0.9               0                         0.1
'7690621'                0.9               0                         0.1
'7690623'                0.9               0                         0.1
'7690625'                0.9               0                         0.1
'7690629'                0.9               0                         0.1
'7690635'                0.9               0                         0.1
'7690637'                0.9               0                         0.1
'7690645'                0.9               0                         0.1
'7690647'                0.9               0                         0.1
'7690651'                0.9               0                         0.1
'7690653'                0.9               0                         0.1
'7690655'                0.9               0                         0.1
'7690657'                0.9               0                         0.1
'7690659'                0.9               0                         0.1
'7690661'                0.9               0                         0.1
'7690667'                0.9               0                         0.1
'7690671'                0.9               0                         0.1
'7690673'                0.9               0                         0.1
'7690675'                0.9               0                         0.1
'7690677'                0.9               0                         0.1
'7690685'                0.9               0                         0.1
'7690689'                0.9               0                         0.1
'7690691'                0.9               0                         0.1
'7690699'                0.9               0                         0.1
'7690701'                0.9               0                         0.1
'7690703'                0.9               0                         0.1
'7690705'                0.9               0                         0.1
'7690709'                0.9               0                         0.1
'7690711'                0.9               0                         0.1
'7690717'                0.9               0                         0.1
'7690721'                0.9               0                         0.1
'7690723'                0.9               0                         0.1
'7690729'                0.9               0                         0.1
'7690731'                0.9               0                         0.1
'7690737'                0.9               0                         0.1
'7690739'                0.9               0                         0.1
'7690741'                0.9               0                         0.1
'7690747'                0.9               0                         0.1
'7690749'                0.9               0                         0.1
'7690751'                0.9               0                         0.1
'7690753'                0.9               0                         0.1
'7690757'                0.9               0                         0.1
'7690763'                0.9               0                         0.1
'7690765'                0.9               0                         0.1
'7690767'                0.9               0                         0.1
'7690769'                0.9               0                         0.1
'7690773'                0.9               0                         0.1
'7690775'                0.9               0                         0.1
'7690779'                0.9               0                         0.1
'7690783'                0.9               0                         0.1
'7690789'                0.9               0                         0.1
'7690793'                0.9               0                         0.1
'7690795'                0.9               0                         0.1
'7690799'                0.9               0                         0.1
'7690801'                0.9               0                         0.1
'7690803'                0.9               0                         0.1
'7690811'                0.9               0                         0.1
'7690813'                0.9               0                         0.1
'7691307'                0.9               0                         0.1
'7691311'                0.9               0                         0.1
'7691323'                0.9               0                         0.1
'7691325'                0.9               0                         0.1
'7691327'                0.9               0                         0.1
'7691329'                0.9               0                         0.1
'7691341'                0.9               0                         0.1
'7691343'                0.9               0                         0.1
'7691345'                0.9               0                         0.1
'7691355'                0.9               0                         0.1
'7691357'                0.9               0                         0.1
'7691359'                0.9               0                         0.1
'7691361'                0.9               0                         0.1
'7691365'                0.9               0                         0.1
'7691369'                0.9               0                         0.1
'7691371'                0.9               0                         0.1
'7691377'                0.9               0                         0.1
'7691387'                0.9               0                         0.1
'7691403'                0.9               0                         0.1
'7691405'                0.9               0                         0.1
'7691407'                0.9               0                         0.1
'7691415'                0.9               0                         0.1
'7691419'                0.9               0                         0.1
'7691425'                0.9               0                         0.1
'7691429'                0.9               0                         0.1
'7691435'                0.9               0                         0.1
'7691443'                0.9               0                         0.1
'7691445'                0.9               0                         0.1
'7691453'                0.9               0                         0.1
'7691457'                0.9               0                         0.1
'7691461'                0.9               0                         0.1
'7691467'                0.9               0                         0.1
'7691469'                0.9               0                         0.1
'7691473'                0.9               0                         0.1
'7691483'                0.9               0                         0.1
'7691487'                0.9               0                         0.1
'7691493'                0.9               0                         0.1
'7691497'                0.9               0                         0.1
'7691499'                0.9               0                         0.1
'7691503'                0.9               0                         0.1
'7691505'                0.9               0                         0.1
'7691507'                0.9               0                         0.1
'7691509'                0.9               0                         0.1
'7691515'                0.9               0                         0.1
'7691517'                0.9               0                         0.1
'7691519'                0.9               0                         0.1
'7691521'                0.9               0                         0.1
'7691523'                0.9               0                         0.1
'7691525'                0.9               0                         0.1
'7691531'                0.9               0                         0.1
'7691533'                0.9               0                         0.1
'7691535'                0.9               0                         0.1
'7691537'                0.9               0                         0.1
'7691547'                0.9               0                         0.1
'7691549'                0.9               0                         0.1
'7691551'                0.9               0                         0.1
'7691553'                0.9               0                         0.1
'7691555'                0.9               0                         0.1
'7691557'                0.9               0                         0.1
'7691561'                0.9               0                         0.1
'7691563'                0.9               0                         0.1
'7691567'                0.9               0                         0.1
'7691569'                0.9               0                         0.1
'7691571'                0.9               0                         0.1
'7691573'                0.9               0                         0.1
'7691579'                0.9               0                         0.1
'7691581'                0.9               0                         0.1
'7691583'                0.9               0                         0.1
'7691585'                0.9               0                         0.1
'7691587'                0.9               0                         0.1
'7691589'                0.9               0                         0.1
'7691595'                0.9               0                         0.1
'7691599'                0.9               0                         0.1
'7691601'                0.9               0                         0.1
'7691605'                0.9               0                         0.1
'7691607'                0.9               0                         0.1
'7691613'                0.9               0                         0.1
'7691617'                0.9               0                         0.1
'7691619'                0.9               0                         0.1
'7691621'                0.9               0                         0.1
'7691625'                0.9               0                         0.1
'7691627'                0.9               0                         0.1
'7691631'                0.9               0                         0.1
'7691633'                0.9               0                         0.1
'7691635'                0.9               0                         0.1
'7691643'                0.9               0                         0.1
'7691645'                0.9               0                         0.1
'7691647'                0.9               0                         0.1
'7691649'                0.9               0                         0.1
'7691659'                0.9               0                         0.1
'7691661'                0.9               0                         0.1
'7691665'                0.9               0                         0.1
'7691671'                0.9               0                         0.1
'7691675'                0.9               0                         0.1
'7691677'                0.9               0                         0.1
'7691679'                0.9               0                         0.1
'7691681'                0.9               0                         0.1
'7691683'                0.9               0                         0.1
'7691685'                0.9               0                         0.1
'7691691'                0.9               0                         0.1
'7691695'                0.9               0                         0.1
'7691697'                0.9               0                         0.1
'7691699'                0.9               0                         0.1
'7691701'                0.9               0                         0.1
'7691707'                0.9               0                         0.1
'7691709'                0.9               0                         0.1
'7691711'                0.9               0                         0.1
'7691713'                0.9               0                         0.1
'7691717'                0.9               0                         0.1
'7691723'                0.9               0                         0.1
'7691725'                0.9               0                         0.1
'7691727'                0.9               0                         0.1
'7691729'                0.9               0                         0.1
'7691733'                0.9               0                         0.1
'7691735'                0.9               0                         0.1
'7691739'                0.9               0                         0.1
'7691741'                0.9               0                         0.1
'7691743'                0.9               0                         0.1
'7691745'                0.9               0                         0.1
'7691747'                0.9               0                         0.1
'7691749'                0.9               0                         0.1
'7691753'                0.9               0                         0.1
'7691755'                0.9               0                         0.1
'7691761'                0.9               0                         0.1
'7691763'                0.9               0                         0.1
'7691773'                0.9               0                         0.1
'7691777'                0.9               0                         0.1
'7691787'                0.9               0                         0.1
'7691789'                0.9               0                         0.1
'7691807'                0.9               0                         0.1
'7691809'                0.9               0                         0.1
'7691843'                0.9               0                         0.1
'7691863'                0.9               0                         0.1
'7691881'                0.9               0                         0.1
'7691883'                0.9               0                         0.1
'7691891'                0.9               0                         0.1
'7691893'                0.9               0                         0.1
'7691903'                0.9               0                         0.1
'7691919'                0.9               0                         0.1
'7691945'                0.9               0                         0.1
'7691967'                0.9               0                         0.1
'7691973'                0.9               0                         0.1
'7691979'                0.9               0                         0.1
'7691983'                0.9               0                         0.1
'7691991'                0.9               0                         0.1
'7691997'                0.9               0                         0.1
'7692001'                0.9               0                         0.1
'7692003'                0.9               0                         0.1
'7692005'                0.9               0                         0.1
'7692009'                0.9               0                         0.1
'7692015'                0.9               0                         0.1
'7692017'                0.9               0                         0.1
'7692021'                0.9               0                         0.1
'7692027'                0.9               0                         0.1
'7692029'                0.9               0                         0.1
'7692033'                0.9               0                         0.1
'7692035'                0.9               0                         0.1
'7692043'                0.9               0                         0.1
'7692045'                0.9               0                         0.1
'7692047'                0.9               0                         0.1
'7692053'                0.9               0                         0.1
'7692069'                0.9               0                         0.1
'7692079'                0.9               0                         0.1
'7692083'                0.9               0                         0.1
'7692085'                0.9               0                         0.1
'7692093'                0.9               0                         0.1
'7692109'                0.9               0                         0.1
'7692113'                0.9               0                         0.1
'7692127'                0.9               0                         0.1
'7692129'                0.9               0                         0.1
'7692133'                0.9               0                         0.1
'7692137'                0.9               0                         0.1
'7692139'                0.9               0                         0.1
'7692143'                0.9               0                         0.1
'7692145'                0.9               0                         0.1
'7692149'                0.9               0                         0.1
'7692155'                0.9               0                         0.1
'7692159'                0.9               0                         0.1
'7692161'                0.9               0                         0.1
'7692171'                0.9               0                         0.1
'7692173'                0.9               0                         0.1
'7692177'                0.9               0                         0.1
'7692183'                0.9               0                         0.1
'7692189'                0.9               0                         0.1
'7692191'                0.9               0                         0.1
'7692193'                0.9               0                         0.1
'7692197'                0.9               0                         0.1
'7692203'                0.9               0                         0.1
'7692207'                0.9               0                         0.1
'7692211'                0.9               0                         0.1
'7692225'                0.9               0                         0.1
'7692257'                0.9               0                         0.1
'7692261'                0.9               0                         0.1
'7692267'                0.9               0                         0.1
'7692271'                0.9               0                         0.1
'7692277'                0.9               0                         0.1
'7692285'                0.9               0                         0.1
'7692287'                0.9               0                         0.1
'7692289'                0.9               0                         0.1
'7692291'                0.9               0                         0.1
'7692299'                0.9               0                         0.1
'7692315'                0.9               0                         0.1
'7692317'                0.9               0                         0.1
'7692325'                0.9               0                         0.1
'7692329'                0.9               0                         0.1
'7692331'                0.9               0                         0.1
'7692335'                0.9               0                         0.1
'7692341'                0.9               0                         0.1
'7692349'                0.9               0                         0.1
'7692353'                0.9               0                         0.1
'7692355'                0.9               0                         0.1
'7692357'                0.9               0                         0.1
'7692365'                0.9               0                         0.1
'7692367'                0.9               0                         0.1
'7692375'                0.9               0                         0.1
'7692383'                0.9               0                         0.1
'7692385'                0.9               0                         0.1
'7692387'                0.9               0                         0.1
'7692399'                0.9               0                         0.1
'7692401'                0.9               0                         0.1
'7692403'                0.9               0                         0.1
'7692415'                0.9               0                         0.1
'7692417'                0.9               0                         0.1
'7692431'                0.9               0                         0.1
'7692439'                0.9               0                         0.1
'7692443'                0.9               0                         0.1
'7692447'                0.9               0                         0.1
'7692453'                0.9               0                         0.1
'7692457'                0.9               0                         0.1
'7692463'                0.9               0                         0.1
'7692465'                0.9               0                         0.1
'7692485'                0.9               0                         0.1
'7692493'                0.9               0                         0.1
'7694117'                0.9               0                         0.1
'7694123'                0.9               0                         0.1
'7698020'                0.9               0                         0.1
'7698022'                0.9               0                         0.1
'7698036'                0.9               0                         0.1
'7698046'                0.9               0                         0.1
'7698892'                0.9               0                         0.1
'7698896'                0.9               0                         0.1
'7698918'                0.9               0                         0.1
'7699074'                0.9               0                         0.1
'9342555'                0.9               0                         0.1
'9342559'                0.9               0                         0.1
'9342561'                0.9               0                         0.1
'9342565'                0.9               0                         0.1
'9342587'                0.9               0                         0.1
'9342593'                0.9               0                         0.1
'9342597'                0.9               0                         0.1
'9342605'                0.9               0                         0.1
'9342607'                0.9               0                         0.1
'9342609'                0.9               0                         0.1
'9342619'                0.9               0                         0.1
'9342623'                0.9               0                         0.1
'9342625'                0.9               0                         0.1
'9342629'                0.9               0                         0.1
'9342639'                0.9               0                         0.1
'9342757'                0.9               0                         0.1
'9342767'                0.9               0                         0.1
'9342769'                0.9               0                         0.1
'9342771'                0.9               0                         0.1
'9342783'                0.9               0                         0.1
'9342789'                0.9               0                         0.1
'9342797'                0.9               0                         0.1
'9342799'                0.9               0                         0.1
'9342815'                0.9               0                         0.1
'9342817'                0.9               0                         0.1
'9342831'                0.9               0                         0.1
'9342833'                0.9               0                         0.1
'9342847'                0.9               0                         0.1
'9342849'                0.9               0                         0.1
'9342853'                0.9               0                         0.1
'9343237'                0.9               0                         0.1
'9343245'                0.9               0                         0.1
'9343269'                0.9               0                         0.1
'9343281'                0.9               0                         0.1
'9343291'                0.9               0                         0.1
'9343297'                0.9               0                         0.1
'9343301'                0.9               0                         0.1
'9343313'                0.9               0                         0.1
'9343327'                0.9               0                         0.1
'9343329'                0.9               0                         0.1
'9343343'                0.9               0                         0.1
'9343345'                0.9               0                         0.1
'9343355'                0.9               0                         0.1
'9343361'                0.9               0                         0.1
'9343365'                0.9               0                         0.1
'9343373'                0.9               0                         0.1
'9343375'                0.9               0                         0.1
'9343377'                0.9               0                         0.1
'9343391'                0.9               0                         0.1
'9343397'                0.9               0                         0.1
'9343409'                0.9               0                         0.1
'9343411'                0.9               0                         0.1
'9343423'                0.9               0                         0.1
'9343425'                0.9               0                         0.1
'9343429'                0.9               0                         0.1
'9343437'                0.9               0                         0.1
'9343457'                0.9               0                         0.1
'9343461'                0.9               0                         0.1
'9343471'                0.9               0                         0.1
'9343473'                0.9               0                         0.1
'9343475'                0.9               0                         0.1
'9343483'                0.9               0                         0.1
'9343487'                0.9               0                         0.1
'9343493'                0.9               0                         0.1
'9343501'                0.9               0                         0.1
'9343503'                0.9               0                         0.1
'9343519'                0.9               0                         0.1
'9343521'                0.9               0                         0.1
'9343535'                0.9               0                         0.1
'9343537'                0.9               0                         0.1
'9343539'                0.9               0                         0.1
'9343547'                0.9               0                         0.1
'9343553'                0.9               0                         0.1
'9343557'                0.9               0                         0.1
'9343565'                0.9               0                         0.1
'9343567'                0.9               0                         0.1
'9343569'                0.9               0                         0.1
'9343579'                0.9               0                         0.1
'9343585'                0.9               0                         0.1
'9343589'                0.9               0                         0.1
'9343599'                0.9               0                         0.1
'9343601'                0.9               0                         0.1
'9343603'                0.9               0                         0.1
'9343611'                0.9               0                         0.1
'9343615'                0.9               0                         0.1
'9343621'                0.9               0                         0.1
'9343693'                0.9               0                         0.1
'9343695'                0.9               0                         0.1
'9343707'                0.9               0                         0.1
'9343711'                0.9               0                         0.1
'9343713'                0.9               0                         0.1
'9343717'                0.9               0                         0.1
'9343727'                0.9               0                         0.1
'9343729'                0.9               0                         0.1
'9343731'                0.9               0                         0.1
'9343749'                0.9               0                         0.1
'9343759'                0.9               0                         0.1
'9343761'                0.9               0                         0.1
'9343771'                0.9               0                         0.1
'9343775'                0.9               0                         0.1
'9343777'                0.9               0                         0.1
'9343781'                0.9               0                         0.1
'9343791'                0.9               0                         0.1
'9343793'                0.9               0                         0.1
'9343795'                0.9               0                         0.1
'9343803'                0.9               0                         0.1
'9343807'                0.9               0                         0.1
'9343809'                0.9               0                         0.1
'9343825'                0.9               0                         0.1
'9343857'                0.9               0                         0.1
'9343859'                0.9               0                         0.1
'9343871'                0.9               0                         0.1
'9343877'                0.9               0                         0.1
'9343885'                0.9               0                         0.1
'9343887'                0.9               0                         0.1
'9343889'                0.9               0                         0.1
'9343899'                0.9               0                         0.1
'9343903'                0.9               0                         0.1
'9343909'                0.9               0                         0.1
'9343919'                0.9               0                         0.1
'9343923'                0.9               0                         0.1
'9343935'                0.9               0                         0.1
'9343949'                0.9               0                         0.1
'9343953'                0.9               0                         0.1
'9343967'                0.9               0                         0.1
'9343973'                0.9               0                         0.1
'9343983'                0.9               0                         0.1
'9343995'                0.9               0                         0.1
'9344001'                0.9               0                         0.1
'9344005'                0.9               0                         0.1
'9344017'                0.9               0                         0.1
'9344027'                0.9               0                         0.1
'9344031'                0.9               0                         0.1
'9344033'                0.9               0                         0.1
'9344037'                0.9               0                         0.1
;

ag_frac [*,*]
:           Conservation Contour_Farming Cover_crops Fert_20 Filterstrip MIN_TILL Terrace_Waterway Waterway_Only    :=
'10294278'        0              0             1         0         0         0            0               0
'10294280'        0              0             0         0         1         0            0               0
'10294284'        0              0             0         0         1         0            0               0
'10294286'        0              0             0         0         1         0            0               0
'10294290'        0              0             1         0         0         0            0               0
'10294292'        0              0             0         0         1         0            0               0
'10294294'        0              0             0         0         1         0            0               0
'10294298'        0              0             0         0         1         0            0               0
'10294300'        0              0             0         0         1         0            0               0
'10294304'        0              0             0         0         1         0            0               0
'10294308'        0              0             0         0         1         0            0               0
'10294312'        0              0             1         0         0         0            0               0
'10294314'        0              0             0         0         1         0            0               0
'10294316'        0              0             0         0         1         0            0               0
'10294318'        0              0             0         0         1         0            0               0
'10294320'        0              0             0         0         1         0            0               0
'10294322'        0              0             0         0         1         0            0               0
'10294326'        0              0             0         0         1         0            0               0
'10294328'        0              0             0         0         1         0            0               0
'10294332'        0              0             0         0         1         0            0               0
'10294334'        0              0             0         0         1         0            0               0
'10294336'        0              0             0         0         1         0            0               0
'10294338'        0              0             0         0         1         0            0               0
'10294342'        0              0             0         0         1         0            0               0
'10294344'        0              0             0         0         1         0            0               0
'10294346'        0              0             0         0         1         0            0               0
'10294350'        0              0             0         0         1         0            0               0
'10294352'        0              0             0         0         1         0            0               0
'10294356'        0              0             0         0         1         0            0               0
'10294358'        0              0             0         0         1         0            0               0
'10294360'        0              0             0         0         1         0            0               0
'10294364'        0              0             0         0         1         0            0               0
'10294368'        0              0             0         0         1         0            0               0
'10294370'        0              0             0         0         1         0            0               0
'10294372'        0              0             0         0         1         0            0               0
'10294374'        0              0             0         0         1         0            0               0
'10294376'        0              0             0         0         1         0            0               0
'10294380'        0              0             0         0         1         0            0               0
'10294382'        0              0             0         0         1         0            0               0
'10294384'        0              0             0         0         1         0            0               0
'10294390'        0              0             0         0         1         0            0               0
'10294392'        0              0             0         0         1         0            0               0
'10294398'        0              0             0         0         1         0            0               0
'10294400'        0              0             1         0         0         0            0               0
'10294402'        0              0             1         0         0         0            0               0
'10294406'        0              0             0         0         1         0            0               0
'10294408'        0              0             0         0         1         0            0               0
'10294414'        0              0             1         0         0         0            0               0
'10294416'        0              0             1         0         0         0            0               0
'10294420'        0              0             1         0         0         0            0               0
'10294426'        0              0             0         0         1         0            0               0
'10294428'        0              0             0         0         1         0            0               0
'10294430'        0              0             0         0         1         0            0               0
'10294432'        0              0             0         0         1         0            0               0
'10294434'        0              0             1         0         0         0            0               0
'10294436'        0              0             1         0         0         0            0               0
'10294438'        0              0             1         0         0         0            0               0
'10294440'        0              0             0         0         1         0            0               0
'10294442'        0              0             0         0         1         0            0               0
'10294444'        0              0             0         0         1         0            0               0
'10294446'        0              0             0         0         1         0            0               0
'10294448'        0              0             1         0         0         0            0               0
'10294450'        0              0             0         0         1         0            0               0
'10294452'        0              0             0         0         1         0            0               0
'10294456'        0              0             0         0         1         0            0               0
'10294460'        0              0             0         0         1         0            0               0
'10294462'        0              0             1         0         0         0            0               0
'10294464'        0              0             1         0         0         0            0               0
'10294466'        0              0             0         0         1         0            0               0
'10294468'        0              0             0         1         0         0            0               0
'10294470'        0              0             1         0         0         0            0               0
'10294474'        0              0             1         0         0         0            0               0
'10294476'        0              0             1         0         0         0            0               0
'10294478'        0              0             0         0         1         0            0               0
'10294480'        0              0             0         0         1         0            0               0
'10294482'        0              0             1         0         0         0            0               0
'10294484'        0              0             0         0         1         0            0               0
'10294486'        0              0             0         0         1         0            0               0
'10294488'        0              0             1         0         0         0            0               0
'10294490'        0              0             1         0         0         0            0               0
'10294492'        0              0             1         0         0         0            0               0
'10294496'        0              0             0         0         1         0            0               0
'10294498'        0              0             0         0         1         0            0               0
'10294504'        0              0             0         0         1         0            0               0
'10294506'        0              0             0         0         1         0            0               0
'10294508'        0              0             0         0         1         0            0               0
'10294510'        0              0             1         0         0         0            0               0
'10294512'        0              0             1         0         0         0            0               0
'10294518'        0              0             1         0         0         0            0               0
'10294520'        0              0             1         0         0         0            0               0
'10294522'        0              0             0         0         1         0            0               0
'10294524'        0              0             0         0         1         0            0               0
'10294526'        0              0             1         0         0         0            0               0
'10294530'        0              0             0         0         1         0            0               0
'10294532'        0              0             0         0         1         0            0               0
'10294534'        0              0             1         0         0         0            0               0
'10294536'        0              0             1         0         0         0            0               0
'10294538'        0              0             0         0         1         0            0               0
'10294544'        0              0             1         0         0         0            0               0
'10294546'        0              0             1         0         0         0            0               0
'10294548'        0              0             0         0         1         0            0               0
'10294550'        0              0             1         0         0         0            0               0
'10294552'        0              0             1         0         0         0            0               0
'10294554'        0              0             1         0         0         0            0               0
'10294556'        0              0             0         0         1         0            0               0
'10294558'        0              0             0         0         1         0            0               0
'10294560'        0              0             0         0         1         0            0               0
'10294562'        0              0             0         0         1         0            0               0
'10294566'        0              0             0         0         1         0            0               0
'10294570'        0              0             1         0         0         0            0               0
'10294574'        0              0             1         0         0         0            0               0
'10294576'        0              0             1         0         0         0            0               0
'10294580'        0              0             1         0         0         0            0               0
'10294586'        0              0             1         0         0         0            0               0
'10294588'        0              0             1         0         0         0            0               0
'10294590'        0              0             0         0         1         0            0               0
'10294600'        0              0             1         0         0         0            0               0
'10294604'        0              0             0         0         1         0            0               0
'10294606'        0              0             1         0         0         0            0               0
'10294608'        0              0             1         0         0         0            0               0
'10294610'        0              0             0         0         1         0            0               0
'10294612'        0              0             0         0         1         0            0               0
'10294618'        0              0             1         0         0         0            0               0
'10294620'        0              0             0         0         1         0            0               0
'10294622'        0              0             0         0         1         0            0               0
'10294626'        0              0             1         0         0         0            0               0
'10294628'        0              0             0         0         1         0            0               0
'10294630'        0              0             1         0         0         0            0               0
'10294632'        0              0             0         0         1         0            0               0
'10294634'        0              0             0         0         1         0            0               0
'10294636'        0              0             0         0         1         0            0               0
'10294638'        0              0             1         0         0         0            0               0
'10294640'        0              0             1         0         0         0            0               0
'10294642'        0              0             1         0         0         0            0               0
'10294644'        0              0             1         0         0         0            0               0
'10294646'        0              0             1         0         0         0            0               0
'10294648'        0              0             0         0         1         0            0               0
'10294650'        0              0             0         0         1         0            0               0
'10294652'        0              0             0         0         1         0            0               0
'10294654'        0              0             0         0         1         0            0               0
'10294656'        0              0             0         0         1         0            0               0
'10294658'        0              0             0         0         1         0            0               0
'10294664'        0              0             0         0         1         0            0               0
'10294666'        0              0             0         0         1         0            0               0
'10294668'        0              0             0         0         1         0            0               0
'10294670'        0              0             1         0         0         0            0               0
'10294672'        0              0             1         0         0         0            0               0
'10294676'        0              0             0         0         0         1            0               0
'10294678'        0              0             0         0         1         0            0               0
'10294680'        0              0             0         0         1         0            0               0
'10294682'        0              0             1         0         0         0            0               0
'10294684'        0              0             1         0         0         0            0               0
'10294686'        0              0             1         0         0         0            0               0
'10294688'        0              0             1         0         0         0            0               0
'10294690'        0              0             0         0         1         0            0               0
'10294692'        0              0             1         0         0         0            0               0
'10294694'        0              0             0         0         1         0            0               0
'10294696'        0              0             0         0         1         0            0               0
'10294698'        0              0             0         0         1         0            0               0
'10294702'        0              0             1         0         0         0            0               0
'10294704'        0              0             0         0         1         0            0               0
'10294706'        0              0             0         0         1         0            0               0
'10294710'        0              0             0         0         0         1            0               0
'10294712'        0              0             0         0         0         1            0               0
'10294714'        0              0             1         0         0         0            0               0
'10294716'        0              0             0         0         1         0            0               0
'10294718'        0              0             0         0         1         0            0               0
'10294720'        0              0             0         0         1         0            0               0
'10294724'        0              0             0         0         1         0            0               0
'10294726'        0              0             0         0         1         0            0               0
'10294728'        0              0             0         0         1         0            0               0
'10294732'        0              0             0         0         1         0            0               0
'10294734'        0              0             0         0         1         0            0               0
'10294736'        0              0             0         0         1         0            0               0
'10294738'        0              0             0         0         1         0            0               0
'10294740'        0              0             0         0         1         0            0               0
'10294742'        0              0             0         0         1         0            0               0
'10294746'        0              0             0         0         1         0            0               0
'10294748'        0              0             0         0         1         0            0               0
'10294750'        0              0             0         0         1         0            0               0
'10294754'        0              0             0         0         1         0            0               0
'10294756'        0              0             0         0         1         0            0               0
'10294760'        0              0             0         0         1         0            0               0
'10294762'        0              0             0         0         1         0            0               0
'10294764'        0              0             0         1         0         0            0               0
'10294766'        0              0             0         1         0         0            0               0
'10294768'        0              0             0         0         1         0            0               0
'10294770'        0              0             0         0         1         0            0               0
'10294772'        0              0             0         0         1         0            0               0
'10294774'        0              0             0         0         1         0            0               0
'10294776'        0              0             0         0         1         0            0               0
'10294780'        0              0             0         0         1         0            0               0
'10294782'        0              0             1         0         0         0            0               0
'10294784'        0              0             0         0         0         1            0               0
'10294786'        0              0             0         0         1         0            0               0
'10294788'        0              0             0         0         1         0            0               0
'10294790'        0              0             1         0         0         0            0               0
'10294798'        0              0             0         0         1         0            0               0
'10294802'        0              0             1         0         0         0            0               0
'10294804'        0              0             0         0         1         0            0               0
'10294806'        0              0             1         0         0         0            0               0
'10294808'        0              0             1         0         0         0            0               0
'10294810'        0              0             0         0         1         0            0               0
'10294816'        0              0             0         0         1         0            0               0
'10294818'        0              0             0         0         1         0            0               0
'10294820'        0              0             0         1         0         0            0               0
'10294822'        0              0             0         0         1         0            0               0
'10294826'        0              0             0         0         1         0            0               0
'10294828'        0              0             0         0         1         0            0               0
'10294832'        0              0             0         0         1         0            0               0
'10294834'        0              0             0         0         1         0            0               0
'10294836'        0              0             0         0         1         0            0               0
'10294838'        0              0             0         0         1         0            0               0
'10294840'        0              0             0         0         1         0            0               0
'10294844'        0              0             0         0         1         0            0               0
'10294846'        0              0             0         0         1         0            0               0
'10294848'        0              0             0         0         1         0            0               0
'10294850'        0              0             0         0         1         0            0               0
'10294852'        0              0             0         0         1         0            0               0
'10294854'        0              0             0         0         1         0            0               0
'10294858'        0              0             0         0         1         0            0               0
'10294860'        0              0             0         0         1         0            0               0
'10294864'        0              0             0         0         1         0            0               0
'10294866'        0              0             0         0         1         0            0               0
'10294870'        0              0             0         0         1         0            0               0
'10294872'        0              0             0         0         1         0            0               0
'10294874'        0              0             0         1         0         0            0               0
'10294878'        0              0             0         0         1         0            0               0
'10294880'        0              0             0         0         1         0            0               0
'10294882'        0              0             0         0         1         0            0               0
'10294884'        0              0             0         0         1         0            0               0
'10294886'        0              0             0         0         1         0            0               0
'10294894'        0              0             0         0         1         0            0               0
'10294896'        0              0             0         0         1         0            0               0
'10294898'        0              0             0         0         1         0            0               0
'10294900'        0              0             0         0         1         0            0               0
'10294902'        0              0             0         0         1         0            0               0
'10294904'        0              0             0         0         1         0            0               0
'10294906'        0              0             0         0         1         0            0               0
'10294910'        0              0             0         0         1         0            0               0
'10294912'        0              0             0         0         1         0            0               0
'10294914'        0              0             0         0         1         0            0               0
'10294916'        0              0             0         0         1         0            0               0
'10294918'        0              0             0         0         1         0            0               0
'10294920'        0              0             0         0         1         0            0               0
'10294922'        0              0             0         0         1         0            0               0
'10294924'        0              0             0         0         1         0            0               0
'10294926'        0              0             0         0         1         0            0               0
'10294928'        0              0             0         1         0         0            0               0
'10294932'        0              0             0         0         1         0            0               0
'10294934'        0              0             0         0         1         0            0               0
'10294936'        0              0             0         0         1         0            0               0
'10294940'        0              0             0         0         1         0            0               0
'10294942'        0              0             0         0         0         1            0               0
'10294944'        0              0             0         0         1         0            0               0
'10294946'        0              0             0         0         1         0            0               0
'10294948'        0              0             0         0         1         0            0               0
'10294950'        0              0             0         0         1         0            0               0
'10294952'        0              0             0         0         1         0            0               0
'10294954'        0              0             0         0         1         0            0               0
'10294958'        0              0             0         0         1         0            0               0
'10294960'        0              0             0         0         1         0            0               0
'10294964'        0              0             0         0         1         0            0               0
'10294968'        0              0             0         0         1         0            0               0
'10294970'        0              0             0         0         1         0            0               0
'10294972'        0              0             0         0         1         0            0               0
'10294974'        0              0             0         0         1         0            0               0
'10294978'        0              0             0         0         1         0            0               0
'10294980'        0              0             0         0         1         0            0               0
'10294984'        0              0             0         0         1         0            0               0
'10294986'        0              0             0         0         1         0            0               0
'10294988'        0              0             0         0         1         0            0               0
'10294990'        0              0             0         0         1         0            0               0
'10294992'        0              0             0         0         1         0            0               0
'10294994'        0              0             0         0         1         0            0               0
'10294996'        0              0             0         0         1         0            0               0
'10294998'        0              0             0         0         1         0            0               0
'10295000'        0              0             0         0         1         0            0               0
'10295002'        0              0             0         0         1         0            0               0
'10295004'        0              0             0         0         1         0            0               0
'10295006'        1              0             0         0         0         0            0               0
'10295070'        0              0             0         0         1         0            0               0
'10295074'        0              0             0         0         1         0            0               0
'10295078'        0              0             0         0         1         0            0               0
'10295080'        0              0             0         0         1         0            0               0
'10295082'        0              0             0         0         1         0            0               0
'10295084'        0              0             1         0         0         0            0               0
'10295086'        0              0             1         0         0         0            0               0
'10295088'        0              0             1         0         0         0            0               0
'10295090'        0              0             1         0         0         0            0               0
'10295092'        0              0             1         0         0         0            0               0
'10295094'        0              0             1         0         0         0            0               0
'10295096'        0              0             1         0         0         0            0               0
'10295098'        0              0             1         0         0         0            0               0
'10295100'        0              0             0         0         1         0            0               0
'10295102'        0              0             0         0         1         0            0               0
'10295104'        0              0             1         0         0         0            0               0
'10295106'        0              0             0         0         1         0            0               0
'10295108'        0              0             0         0         1         0            0               0
'10295110'        0              0             1         0         0         0            0               0
'10295112'        0              0             1         0         0         0            0               0
'10295114'        0              0             1         0         0         0            0               0
'10295116'        0              0             1         0         0         0            0               0
'10295118'        0              0             0         0         1         0            0               0
'10295120'        0              0             0         0         1         0            0               0
'10295122'        0              0             1         0         0         0            0               0
'10295126'        0              0             0         0         1         0            0               0
'10295128'        0              0             1         0         0         0            0               0
'10295130'        0              0             0         0         1         0            0               0
'10295132'        0              0             0         0         1         0            0               0
'10295134'        0              0             0         0         1         0            0               0
'10295136'        0              0             0         0         1         0            0               0
'10295138'        0              0             0         0         1         0            0               0
'10295140'        0              0             0         0         1         0            0               0
'10295142'        0              0             0         0         0         1            0               0
'10295144'        0              0             0         0         1         0            0               0
'10295146'        0              0             0         0         1         0            0               0
'10295148'        0              0             0         0         1         0            0               0
'10295150'        0              0             0         0         1         0            0               0
'10295152'        0              0             0         0         1         0            0               0
'10295154'        0              0             0         1         0         0            0               0
'10295156'        0              0             0         0         1         0            0               0
'10295170'        0              0             0         0         1         0            0               0
'10295172'        0              0             0         0         1         0            0               0
'10295174'        0              0             0         0         1         0            0               0
'10295176'        0              0             0         0         1         0            0               0
'10295178'        0              0             0         0         1         0            0               0
'10295180'        0              0             1         0         0         0            0               0
'10295182'        0              0             0         0         1         0            0               0
'10295184'        0              0             0         0         1         0            0               0
'10295186'        0              0             0         0         1         0            0               0
'10295188'        0              0             0         0         1         0            0               0
'10295190'        0              0             0         0         1         0            0               0
'10295194'        0              0             0         0         1         0            0               0
'10295200'        0              0             0         0         1         0            0               0
'10295202'        0              0             0         0         1         0            0               0
'10295204'        0              0             0         0         1         0            0               0
'10295206'        0              0             0         1         0         0            0               0
'10295210'        0              0             0         0         1         0            0               0
'10295212'        0              0             0         0         1         0            0               0
'10295214'        0              0             0         0         1         0            0               0
'10295216'        0              0             0         0         1         0            0               0
'10295220'        0              0             0         0         1         0            0               0
'10295222'        0              0             0         0         1         0            0               0
'10295224'        0              0             0         0         1         0            0               0
'10295230'        0              0             0         0         0         1            0               0
'10295234'        0              0             0         0         1         0            0               0
'10295240'        0              0             0         0         1         0            0               0
'10295242'        0              0             0         0         1         0            0               0
'10295244'        0              0             0         0         1         0            0               0
'10295246'        0              0             0         0         1         0            0               0
'10295248'        0              0             0         0         1         0            0               0
'10295252'        0              0             0         0         1         0            0               0
'10295254'        0              0             0         0         1         0            0               0
'10295256'        0              0             0         0         1         0            0               0
'10295258'        0              0             0         0         1         0            0               0
'10295260'        0              0             0         0         1         0            0               0
'10295264'        0              0             0         0         1         0            0               0
'10295270'        0              0             0         0         1         0            0               0
'10295272'        0              0             0         0         1         0            0               0
'10295282'        0              0             0         0         1         0            0               0
'10295288'        0              0             0         0         1         0            0               0
'10295294'        0              0             0         0         1         0            0               0
'10295296'        0              0             1         0         0         0            0               0
'10295298'        0              0             1         0         0         0            0               0
'10295300'        0              0             0         0         1         0            0               0
'10295302'        0              0             0         0         1         0            0               0
'10295304'        0              0             1         0         0         0            0               0
'10295310'        0              0             0         0         1         0            0               0
'10295312'        0              0             0         0         1         0            0               0
'10295314'        0              0             0         0         1         0            0               0
'10295316'        0              0             0         0         1         0            0               0
'10295318'        0              0             0         0         1         0            0               0
'10295326'        0              0             0         0         1         0            0               0
'10295336'        0              0             0         0         1         0            0               0
'10295338'        0              0             0         0         1         0            0               0
'10295340'        0              0             0         1         0         0            0               0
'10295342'        0              0             0         0         1         0            0               0
'10295344'        0              0             0         0         1         0            0               0
'10295346'        0              0             0         0         1         0            0               0
'10295354'        0              0             0         0         1         0            0               0
'10295356'        0              0             0         0         1         0            0               0
'10295670'        0              0             0         0         1         0            0               0
'10295684'        0              0             0         0         1         0            0               0
'10295686'        0              0             1         0         0         0            0               0
'10295688'        0              0             1         0         0         0            0               0
'10295690'        0              0             0         0         1         0            0               0
'10295692'        0              0             0         0         1         0            0               0
'10295694'        0              0             1         0         0         0            0               0
'10295696'        0              0             1         0         0         0            0               0
'10295698'        0              0             1         0         0         0            0               0
'10295702'        0              0             1         0         0         0            0               0
'10295704'        0              0             0         0         1         0            0               0
'10295736'        0              0             1         0         0         0            0               0
'10295738'        0              0             1         0         0         0            0               0
'10295752'        0              0             1         0         0         0            0               0
'10295764'        0              0             1         0         0         0            0               0
'10296610'        0              0             0         0         1         0            0               0
'10296612'        0              0             0         0         1         0            0               0
'10296614'        0              0             0         0         1         0            0               0
'10296616'        0              0             0         0         1         0            0               0
'10296618'        0              0             0         0         1         0            0               0
'10296622'        0              0             0         0         1         0            0               0
'10296624'        0              0             0         0         1         0            0               0
'10297110'        0              0             0         0         1         0            0               0
'10297112'        0              0             0         0         1         0            0               0
'10297114'        0              0             0         0         1         0            0               0
'10297948'        0              0             0         0         1         0            0               0
'166161641'       0              0             0         0         1         0            0               0
'166161642'       0              0             0         0         1         0            0               0
'166161646'       0              0             1         0         0         0            0               0
'166161648'       0              0             0         0         1         0            0               0
'166174586'       0              0             0         0         1         0            0               0
'166174587'       0              0             0         0         1         0            0               0
'166174588'       0              0             0         1         0         0            0               0
'166174589'       0              0             0         0         1         0            0               0
'166174590'       0              0             0         0         1         0            0               0
'166174591'       0              0             0         0         1         0            0               0
'166174592'       0              0             0         0         1         0            0               0
'166174593'       0              0             0         0         1         0            0               0
'166174594'       0              0             0         0         1         0            0               0
'166174595'       0              0             0         0         1         0            0               0
'166174597'       0              0             0         0         1         0            0               0
'166174601'       0              0             0         0         1         0            0               0
'166174602'       0              0             0         0         1         0            0               0
'166174603'       0              0             0         0         1         0            0               0
'166174604'       0              0             0         0         1         0            0               0
'166174605'       0              0             0         0         1         0            0               0
'166174607'       0              0             0         0         1         0            0               0
'166174608'       0              0             0         0         1         0            0               0
'166174609'       0              0             0         0         1         0            0               0
'166174610'       0              0             0         0         1         0            0               0
'166174611'       0              0             0         0         1         0            0               0
'166174612'       0              0             0         0         1         0            0               0
'166174640'       0              0             0         0         1         0            0               0
'166174642'       0              0             0         0         1         0            0               0
'166174647'       0              0             1         0         0         0            0               0
'166174654'       0              0             1         0         0         0            0               0
'166174700'       0              0             0         0         1         0            0               0
'166174701'       0              0             0         0         1         0            0               0
'166174702'       0              0             0         0         1         0            0               0
'166174703'       0              0             0         0         1         0            0               0
'166174704'       0              0             0         0         1         0            0               0
'166174705'       0              0             0         0         1         0            0               0
'166174706'       0              0             0         0         1         0            0               0
'166174707'       0              0             0         0         1         0            0               0
'166174708'       0              0             0         0         1         0            0               0
'166174709'       0              0             0         1         0         0            0               0
'166174710'       0              0             0         0         1         0            0               0
'166174712'       0              0             1         0         0         0            0               0
'166174713'       0              0             1         0         0         0            0               0
'166174714'       0              0             1         0         0         0            0               0
'166174715'       0              0             1         0         0         0            0               0
'166174717'       0              0             0         0         1         0            0               0
'166174718'       0              0             0         0         1         0            0               0
'166174719'       0              0             0         0         1         0            0               0
'166174720'       0              0             0         0         1         0            0               0
'166174724'       0              0             0         0         1         0            0               0
'166174725'       0              0             1         0         0         0            0               0
'166174726'       0              0             0         0         1         0            0               0
'166174727'       0              0             0         0         1         0            0               0
'166174728'       0              0             0         0         1         0            0               0
'24793862'        0              0             0         0         1         0            0               0
'6093431'         0              0             0         0         1         0            0               0
'6093433'         0              0             0         0         1         0            0               0
'6093435'         0              0             0         0         1         0            0               0
'6093439'         0              0             0         0         1         0            0               0
'6093443'         0              0             0         0         1         0            0               0
'6093451'         0              0             0         0         1         0            0               0
'6093453'         0              0             0         0         1         0            0               0
'6093461'         0              0             0         0         1         0            0               0
'6093469'         0              0             0         0         1         0            0               0
'6093471'         0              0             0         0         1         0            0               0
'6093473'         0              0             0         0         1         0            0               0
'6093475'         0              0             0         0         1         0            0               0
'6093477'         0              0             0         0         1         0            0               0
'6093479'         0              0             0         0         1         0            0               0
'6093481'         0              0             0         0         1         0            0               0
'6093483'         0              0             0         0         1         0            0               0
'6093485'         0              0             0         0         1         0            0               0
'6093487'         0              0             0         0         1         0            0               0
'6093489'         0              0             0         0         1         0            0               0
'6093491'         0              0             0         0         1         0            0               0
'6093493'         0              0             0         0         1         0            0               0
'6093495'         0              0             0         0         1         0            0               0
'6093497'         0              0             0         0         1         0            0               0
'6093499'         0              0             0         0         1         0            0               0
'6093503'         0              0             0         0         1         0            0               0
'6093505'         0              0             0         0         1         0            0               0
'6093509'         0              0             0         0         1         0            0               0
'6093511'         0              0             0         0         1         0            0               0
'6093581'         0              0             0         0         1         0            0               0
'6093585'         0              0             0         0         1         0            0               0
'6093587'         0              0             0         0         1         0            0               0
'6093589'         0              0             0         0         1         0            0               0
'6094071'         0              0             0         0         1         0            0               0
'6094073'         0              0             0         0         1         0            0               0
'6094075'         0              0             0         0         1         0            0               0
'6094077'         0              0             0         0         1         0            0               0
'6094079'         0              0             0         0         1         0            0               0
'6094081'         0              0             0         0         1         0            0               0
'6094083'         0              0             0         0         1         0            0               0
'6094117'         0              0             0         0         1         0            0               0
'6094119'         0              0             0         0         1         0            0               0
'6095963'         0              0             0         0         1         0            0               0
'6095969'         0              0             0         0         1         0            0               0
'6095971'         0              0             0         0         1         0            0               0
'6095973'         0              0             0         0         1         0            0               0
'6095977'         0              0             0         0         1         0            0               0
'6095979'         0              0             0         0         1         0            0               0
'6095981'         0              0             0         0         1         0            0               0
'6095983'         0              0             0         0         1         0            0               0
'6095985'         0              0             0         0         1         0            0               0
'6095987'         0              0             0         0         1         0            0               0
'6095989'         0              0             0         0         1         0            0               0
'6095991'         0              0             0         0         1         0            0               0
'6095993'         0              0             0         0         1         0            0               0
'6095995'         0              0             0         0         1         0            0               0
'6095997'         0              0             0         0         1         0            0               0
'6095999'         0              0             0         0         1         0            0               0
'6096001'         0              0             0         1         0         0            0               0
'6096003'         0              0             0         0         1         0            0               0
'6096005'         0              0             0         0         1         0            0               0
'6096007'         0              0             0         1         0         0            0               0
'6096009'         0              0             0         0         1         0            0               0
'6096011'         0              0             0         0         1         0            0               0
'6096013'         0              0             0         0         1         0            0               0
'6096015'         0              0             0         0         1         0            0               0
'6096017'         0              0             0         0         1         0            0               0
'6096019'         0              0             0         0         1         0            0               0
'6096021'         0              0             0         0         1         0            0               0
'6096023'         0              0             0         0         1         0            0               0
'6096025'         0              0             0         0         1         0            0               0
'6096027'         0              0             0         0         1         0            0               0
'6096029'         0              0             0         0         1         0            0               0
'6096031'         0              0             0         0         1         0            0               0
'6096033'         0              0             0         0         1         0            0               0
'6096035'         0              0             0         0         1         0            0               0
'6096039'         0              0             0         1         0         0            0               0
'6096041'         0              0             0         0         1         0            0               0
'6096043'         0              0             1         0         0         0            0               0
'6096045'         0              0             0         0         1         0            0               0
'6096047'         0              0             0         0         1         0            0               0
'6096051'         0              0             1         0         0         0            0               0
'6096053'         0              0             0         0         1         0            0               0
'6096057'         0              0             0         0         1         0            0               0
'6096061'         0              0             0         0         1         0            0               0
'6096063'         0              0             1         0         0         0            0               0
'6096069'         0              0             1         0         0         0            0               0
'6096071'         0              0             0         0         1         0            0               0
'6096073'         0              0             0         0         1         0            0               0
'6096075'         0              0             0         0         1         0            0               0
'6096077'         0              0             0         0         1         0            0               0
'6096081'         0              0             0         0         1         0            0               0
'6096083'         0              0             0         0         1         0            0               0
'6096085'         0              0             0         0         1         0            0               0
'6096087'         0              0             0         0         1         0            0               0
'6096089'         0              0             0         0         1         0            0               0
'6096091'         0              0             0         0         1         0            0               0
'6096095'         0              0             0         0         1         0            0               0
'6096097'         0              0             1         0         0         0            0               0
'6096101'         0              0             0         0         1         0            0               0
'6096103'         0              0             0         0         1         0            0               0
'6096105'         0              0             0         0         1         0            0               0
'6096109'         0              0             1         0         0         0            0               0
'6096111'         0              0             0         0         1         0            0               0
'6096113'         0              0             0         0         1         0            0               0
'6096115'         0              0             1         0         0         0            0               0
'6096117'         0              0             1         0         0         0            0               0
'6096119'         0              0             0         0         1         0            0               0
'6096121'         0              0             0         0         1         0            0               0
'6096123'         0              0             0         0         1         0            0               0
'6096127'         0              0             0         0         1         0            0               0
'6096133'         0              0             0         0         1         0            0               0
'6096135'         0              0             0         0         1         0            0               0
'6096137'         0              0             0         0         1         0            0               0
'6096143'         0              0             0         0         1         0            0               0
'6096145'         0              0             0         0         1         0            0               0
'6096147'         0              0             0         0         1         0            0               0
'6096149'         0              0             1         0         0         0            0               0
'6096151'         0              0             0         0         1         0            0               0
'6096153'         0              0             0         0         1         0            0               0
'6096155'         0              0             1         0         0         0            0               0
'6096157'         0              0             1         0         0         0            0               0
'6096159'         0              0             0         0         1         0            0               0
'6096161'         0              0             0         0         1         0            0               0
'6096171'         0              0             0         0         1         0            0               0
'6096173'         0              0             0         0         1         0            0               0
'6096185'         0              0             0         0         1         0            0               0
'6096187'         0              0             0         0         1         0            0               0
'6096193'         0              0             0         0         1         0            0               0
'6096197'         0              0             0         0         1         0            0               0
'6096201'         0              0             0         0         1         0            0               0
'6096203'         0              0             0         0         1         0            0               0
'6096209'         0              0             0         0         1         0            0               0
'6096211'         0              0             0         0         1         0            0               0
'6096213'         0              0             0         0         1         0            0               0
'6096215'         0              0             0         0         1         0            0               0
'6096217'         0              0             0         0         1         0            0               0
'6096219'         0              0             0         0         1         0            0               0
'6096221'         0              0             0         0         1         0            0               0
'6096223'         0              0             0         0         1         0            0               0
'6096225'         0              0             0         0         1         0            0               0
'6096227'         0              0             0         0         1         0            0               0
'6096229'         0              0             0         0         1         0            0               0
'6096231'         0              0             0         0         1         0            0               0
'6096233'         0              0             0         0         1         0            0               0
'6096235'         0              0             0         0         1         0            0               0
'6096237'         0              0             0         0         1         0            0               0
'6096241'         0              0             0         0         1         0            0               0
'6096243'         0              0             0         0         1         0            0               0
'6096251'         0              0             0         0         1         0            0               0
'6096255'         0              0             0         0         1         0            0               0
'6096261'         0              0             0         0         1         0            0               0
'6096263'         0              0             0         0         1         0            0               0
'6096265'         0              0             0         0         1         0            0               0
'6096267'         0              0             0         0         1         0            0               0
'6096269'         0              0             0         0         1         0            0               0
'6096277'         0              0             0         0         1         0            0               0
'6096283'         0              0             0         0         1         0            0               0
'6096291'         0              0             0         0         1         0            0               0
'6096295'         0              0             1         0         0         0            0               0
'6096297'         0              0             0         0         1         0            0               0
'6096299'         0              0             1         0         0         0            0               0
'6096301'         0              0             1         0         0         0            0               0
'6096305'         0              0             1         0         0         0            0               0
'6096309'         0              0             1         0         0         0            0               0
'6096311'         0              0             1         0         0         0            0               0
'6096315'         0              0             0         0         1         0            0               0
'6096317'         0              0             0         0         1         0            0               0
'6096319'         0              0             0         0         1         0            0               0
'6096333'         0              0             1         0         0         0            0               0
'6096335'         0              0             1         0         0         0            0               0
'6096337'         0              0             1         0         0         0            0               0
'6096339'         0              0             0         0         1         0            0               0
'6096343'         0              0             1         0         0         0            0               0
'6096345'         0              0             1         0         0         0            0               0
'6096347'         0              0             1         0         0         0            0               0
'6096349'         0              0             1         0         0         0            0               0
'6096351'         0              0             0         0         1         0            0               0
'6096355'         0              0             1         0         0         0            0               0
'6096357'         0              0             1         0         0         0            0               0
'6096359'         0              0             1         0         0         0            0               0
'6096361'         0              0             1         0         0         0            0               0
'6096365'         0              0             1         0         0         0            0               0
'6096367'         0              0             1         0         0         0            0               0
'6096369'         0              0             1         0         0         0            0               0
'6096371'         0              0             0         0         1         0            0               0
'6096375'         0              0             1         0         0         0            0               0
'6096377'         0              0             1         0         0         0            0               0
'6096379'         0              0             0         0         1         0            0               0
'6096381'         0              0             0         0         1         0            0               0
'6096387'         0              0             0         0         1         0            0               0
'6096391'         0              0             1         0         0         0            0               0
'6096393'         0              0             1         0         0         0            0               0
'6096395'         0              0             0         0         1         0            0               0
'6096399'         0              0             0         0         1         0            0               0
'6096403'         0              0             1         0         0         0            0               0
'6096405'         0              0             0         0         1         0            0               0
'6096407'         0              0             0         0         1         0            0               0
'6096409'         0              0             0         1         0         0            0               0
'6096411'         0              0             1         0         0         0            0               0
'6096413'         0              0             0         0         1         0            0               0
'6096417'         0              0             0         0         1         0            0               0
'6096419'         0              0             0         1         0         0            0               0
'6096421'         0              0             0         0         1         0            0               0
'6096423'         0              0             0         1         0         0            0               0
'6096425'         0              0             0         0         1         0            0               0
'6096427'         0              0             0         0         1         0            0               0
'6096429'         0              0             0         0         1         0            0               0
'6096431'         0              0             0         0         1         0            0               0
'6096433'         0              0             0         0         1         0            0               0
'6096437'         0              0             1         0         0         0            0               0
'6096439'         0              0             0         0         1         0            0               0
'6096443'         0              0             0         0         1         0            0               0
'6096447'         0              0             0         0         0         1            0               0
'6096453'         0              0             1         0         0         0            0               0
'6096457'         0              1             0         0         0         0            0               0
'6096461'         0              0             0         0         1         0            0               0
'6096465'         0              0             0         0         1         0            0               0
'6096467'         0              0             0         0         1         0            0               0
'6096469'         0              0             0         0         1         0            0               0
'6096475'         0              0             0         0         1         0            0               0
'6096477'         0              0             0         0         0         1            0               0
'6096485'         0              0             0         0         1         0            0               0
'6096487'         0              0             0         0         1         0            0               0
'6096489'         0              0             0         0         1         0            0               0
'6096491'         0              0             0         0         1         0            0               0
'6096493'         0              0             0         0         1         0            0               0
'6096497'         0              0             0         0         1         0            0               0
'6096499'         0              0             0         0         1         0            0               0
'6096501'         0              0             0         0         1         0            0               0
'6096503'         0              0             0         1         0         0            0               0
'6096515'         0              0             0         0         1         0            0               0
'6096517'         0              1             0         0         0         0            0               0
'6096521'         0              0             0         0         1         0            0               0
'6096523'         0              0             0         0         1         0            0               0
'6096525'         0              0             0         0         1         0            0               0
'6096531'         0              0             0         0         1         0            0               0
'6096533'         0              0             0         0         1         0            0               0
'6096535'         0              0             0         0         1         0            0               0
'6096537'         0              0             0         0         1         0            0               0
'6096541'         0              0             0         0         1         0            0               0
'6096543'         0              0             0         0         1         0            0               0
'6096549'         0              0             0         0         1         0            0               0
'6096555'         0              0             0         0         1         0            0               0
'6096559'         0              0             0         0         1         0            0               0
'6096561'         0              0             0         0         1         0            0               0
'6096563'         0              0             0         0         1         0            0               0
'6096565'         0              0             0         0         1         0            0               0
'6096569'         0              1             0         0         0         0            0               0
'6096571'         0              0             0         1         0         0            0               0
'6096581'         0              0             0         0         1         0            0               0
'6096583'         0              0             0         0         1         0            0               0
'6096585'         0              0             0         0         1         0            0               0
'6096587'         0              0             0         0         1         0            0               0
'6096589'         0              0             0         0         1         0            0               0
'6096595'         0              0             0         0         1         0            0               0
'6096597'         0              0             0         0         1         0            0               0
'6096599'         0              0             0         0         1         0            0               0
'6096603'         0              0             0         0         1         0            0               0
'6096605'         0              0             0         0         1         0            0               0
'6096607'         0              0             0         0         1         0            0               0
'6096611'         0              0             0         0         1         0            0               0
'6096613'         0              0             0         0         1         0            0               0
'6096615'         0              0             0         0         1         0            0               0
'6096617'         0              0             0         0         1         0            0               0
'6096621'         0              0             0         0         1         0            0               0
'6096623'         0              0             0         0         1         0            0               0
'6096627'         0              0             0         0         1         0            0               0
'6096633'         0              0             0         0         1         0            0               0
'6096635'         0              0             0         0         1         0            0               0
'6096637'         0              0             0         0         1         0            0               0
'6096639'         0              0             0         0         1         0            0               0
'6096643'         0              0             0         0         0         1            0               0
'6096645'         0              0             0         1         0         0            0               0
'6096651'         0              0             0         0         1         0            0               0
'6096657'         0              0             0         0         0         1            0               0
'6096659'         0              0             0         0         1         0            0               0
'6097143'         0              0             0         0         1         0            0               0
'6097145'         0              0             0         0         1         0            0               0
'6097147'         0              0             0         0         1         0            0               0
'6097149'         0              0             0         0         1         0            0               0
'6097151'         0              0             0         0         1         0            0               0
'6097155'         0              0             0         0         1         0            0               0
'6097159'         0              0             0         0         1         0            0               0
'6097163'         0              0             0         0         1         0            0               0
'6097165'         0              0             0         0         1         0            0               0
'6097167'         0              0             0         0         1         0            0               0
'6097169'         0              0             0         0         1         0            0               0
'6097175'         0              0             0         0         1         0            0               0
'6097177'         0              0             0         1         0         0            0               0
'6097179'         0              0             1         0         0         0            0               0
'6097181'         0              0             0         0         1         0            0               0
'6097185'         0              0             0         0         1         0            0               0
'6097187'         0              0             0         0         1         0            0               0
'6097189'         0              0             0         0         1         0            0               0
'6097191'         0              0             0         0         1         0            0               0
'6097193'         0              0             1         0         0         0            0               0
'6097195'         0              0             0         0         1         0            0               0
'6097197'         0              0             1         0         0         0            0               0
'6097199'         0              0             1         0         0         0            0               0
'6097203'         0              0             1         0         0         0            0               0
'6097205'         0              0             0         0         1         0            0               0
'6097207'         0              0             0         0         1         0            0               0
'6097209'         0              0             0         0         1         0            0               0
'6097211'         0              0             1         0         0         0            0               0
'6097213'         0              0             0         0         1         0            0               0
'6097215'         0              0             1         0         0         0            0               0
'6097217'         0              0             1         0         0         0            0               0
'6097219'         0              0             1         0         0         0            0               0
'6097225'         0              0             0         0         1         0            0               0
'6097227'         0              0             0         0         1         0            0               0
'6097229'         0              0             0         0         1         0            0               0
'6097233'         0              0             1         0         0         0            0               0
'6097235'         0              0             0         0         1         0            0               0
'6097241'         0              0             0         0         1         0            0               0
'6097243'         0              0             0         0         1         0            0               0
'6097245'         0              0             0         0         1         0            0               0
'6097247'         0              0             0         0         1         0            0               0
'6097249'         0              0             0         0         1         0            0               0
'6097253'         0              0             0         0         1         0            0               0
'6097255'         0              0             0         0         1         0            0               0
'6097261'         0              0             0         0         1         0            0               0
'6097263'         0              0             0         0         1         0            0               0
'6097265'         0              0             0         1         0         0            0               0
'6097267'         0              0             0         0         1         0            0               0
'6097277'         0              0             1         0         0         0            0               0
'6097281'         0              0             0         0         1         0            0               0
'6097285'         0              0             0         0         1         0            0               0
'6097287'         0              0             0         0         1         0            0               0
'6097291'         0              0             1         0         0         0            0               0
'6097295'         0              0             0         1         0         0            0               0
'6097297'         0              0             0         0         1         0            0               0
'6097299'         0              0             0         0         1         0            0               0
'6097303'         0              0             0         0         1         0            0               0
'6097305'         0              0             0         0         1         0            0               0
'6097309'         0              0             0         1         0         0            0               0
'6097311'         0              0             0         0         1         0            0               0
'6097321'         0              0             0         0         1         0            0               0
'6097323'         0              0             0         0         1         0            0               0
'6097325'         0              0             0         0         1         0            0               0
'6097327'         0              0             0         0         0         1            0               0
'6097331'         0              0             0         0         1         0            0               0
'6097337'         0              1             0         0         0         0            0               0
'6097341'         0              0             0         1         0         0            0               0
'6097345'         0              0             0         0         1         0            0               0
'6097355'         0              0             0         0         1         0            0               0
'6097359'         0              0             1         0         0         0            0               0
'6097363'         0              0             0         0         1         0            0               0
'6097365'         0              0             1         0         0         0            0               0
'6097369'         0              0             1         0         0         0            0               0
'6097375'         0              0             0         0         1         0            0               0
'6097377'         0              0             0         0         1         0            0               0
'6097379'         0              0             0         0         1         0            0               0
'6097381'         0              0             0         0         1         0            0               0
'6097385'         0              0             0         0         1         0            0               0
'6097387'         0              0             0         0         1         0            0               0
'6097389'         0              0             0         0         1         0            0               0
'6097391'         0              0             1         0         0         0            0               0
'6097393'         0              0             1         0         0         0            0               0
'6097395'         0              0             1         0         0         0            0               0
'6097397'         0              0             1         0         0         0            0               0
'6097401'         0              0             1         0         0         0            0               0
'6097407'         0              0             1         0         0         0            0               0
'6097411'         0              0             0         1         0         0            0               0
'6097415'         0              0             0         0         1         0            0               0
'6097417'         0              0             0         0         1         0            0               0
'6097419'         0              0             1         0         0         0            0               0
'6097427'         0              0             1         0         0         0            0               0
'6097431'         0              0             1         0         0         0            0               0
'6097435'         0              0             1         0         0         0            0               0
'6097437'         0              0             0         0         0         1            0               0
'6097451'         0              0             0         0         1         0            0               0
'6097467'         0              0             0         0         1         0            0               0
'6097469'         0              0             0         0         1         0            0               0
'6097487'         0              0             0         0         1         0            0               0
'6097491'         0              0             0         0         1         0            0               0
'6097495'         0              0             0         0         1         0            0               0
'6097497'         0              0             0         0         1         0            0               0
'6097499'         0              0             0         0         1         0            0               0
'6097501'         0              0             0         0         1         0            0               0
'6097513'         0              0             0         0         1         0            0               0
'6097515'         0              0             0         0         1         0            0               0
'6097519'         0              0             0         0         1         0            0               0
'6097521'         0              0             0         0         1         0            0               0
'6097533'         0              0             0         0         1         0            0               0
'6097535'         0              0             0         0         1         0            0               0
'6097537'         0              0             0         0         1         0            0               0
'6097539'         0              0             0         0         1         0            0               0
'6097543'         0              0             0         0         1         0            0               0
'6097549'         0              0             0         0         1         0            0               0
'6097553'         0              0             0         0         1         0            0               0
'6097557'         0              0             0         0         1         0            0               0
'6097565'         0              0             1         0         0         0            0               0
'6097569'         0              0             0         0         1         0            0               0
'6097571'         0              0             0         0         1         0            0               0
'6097573'         0              0             0         0         1         0            0               0
'6097575'         0              0             0         0         1         0            0               0
'6097577'         0              0             0         0         1         0            0               0
'6097579'         0              0             0         0         1         0            0               0
'6097581'         0              0             0         0         1         0            0               0
'6097589'         0              0             0         0         1         0            0               0
'6097591'         0              0             0         0         1         0            0               0
'6097593'         0              0             0         0         1         0            0               0
'6097595'         0              0             0         0         1         0            0               0
'6097601'         0              0             0         0         1         0            0               0
'6097607'         0              0             0         0         1         0            0               0
'6097617'         0              0             1         0         0         0            0               0
'6097619'         0              0             1         0         0         0            0               0
'6097625'         0              0             1         0         0         0            0               0
'6097643'         0              0             0         0         1         0            0               0
'6097655'         0              0             0         0         1         0            0               0
'6097659'         0              0             1         0         0         0            0               0
'6097667'         0              0             0         0         1         0            0               0
'6097669'         0              0             1         0         0         0            0               0
'6097675'         0              0             0         0         1         0            0               0
'6098661'         0              0             0         0         1         0            0               0
'6098663'         0              0             0         0         1         0            0               0
'6098665'         0              0             0         0         1         0            0               0
'6098667'         0              0             0         0         1         0            0               0
'6098669'         0              0             0         0         1         0            0               0
'6098671'         0              0             0         0         1         0            0               0
'6098673'         0              0             0         0         1         0            0               0
'6098675'         0              0             0         0         1         0            0               0
'6098679'         0              0             0         0         1         0            0               0
'6098685'         0              0             0         0         1         0            0               0
'6098691'         0              0             0         0         1         0            0               0
'6098695'         0              0             0         0         1         0            0               0
'6098697'         0              0             0         0         1         0            0               0
'6098705'         0              0             0         0         1         0            0               0
'6098707'         0              0             0         0         1         0            0               0
'6098709'         0              0             0         0         1         0            0               0
'6098713'         0              0             0         0         1         0            0               0
'6098715'         0              0             0         0         1         0            0               0
'6098717'         0              0             0         0         1         0            0               0
'6098719'         0              0             0         0         1         0            0               0
'6098723'         0              0             0         0         1         0            0               0
'6098725'         0              0             0         0         1         0            0               0
'6098731'         0              0             0         0         1         0            0               0
'6098733'         0              0             0         0         1         0            0               0
'6098735'         0              0             0         0         1         0            0               0
'6098741'         0              0             0         0         1         0            0               0
'6098747'         0              0             0         0         1         0            0               0
'6098753'         0              0             0         0         1         0            0               0
'6098757'         0              0             0         0         1         0            0               0
'6098759'         0              0             0         0         1         0            0               0
'6098761'         0              0             0         0         1         0            0               0
'6098763'         0              0             0         0         1         0            0               0
'6098803'         0              0             0         0         1         0            0               0
'6098805'         0              0             0         0         1         0            0               0
'6098807'         0              0             0         0         1         0            0               0
'6098817'         0              0             0         0         1         0            0               0
'6098819'         0              0             0         0         1         0            0               0
'6098825'         0              0             0         0         1         0            0               0
'6098827'         0              0             0         0         1         0            0               0
'6098829'         0              0             0         0         1         0            0               0
'6098831'         0              0             0         0         1         0            0               0
'6098833'         0              0             0         0         1         0            0               0
'6101883'         0              0             0         0         1         0            0               0
'6101885'         0              1             0         0         0         0            0               0
'6776245'         0              0             0         0         1         0            0               0
'6776253'         0              0             0         0         1         0            0               0
'6776261'         0              0             0         0         1         0            0               0
'6776285'         0              0             0         0         1         0            0               0
'6776287'         0              0             0         0         1         0            0               0
'6776301'         0              0             0         0         1         0            0               0
'6776317'         0              0             0         0         1         0            0               0
'6776325'         0              0             0         0         1         0            0               0
'6776327'         0              0             0         0         1         0            0               0
'6776353'         0              0             0         0         1         0            0               0
'6776357'         0              0             0         0         1         0            0               0
'6776365'         0              0             0         0         1         0            0               0
'6776373'         0              0             0         0         1         0            0               0
'6776375'         0              0             0         0         1         0            0               0
'6776377'         0              0             0         0         1         0            0               0
'6776383'         0              0             0         0         1         0            0               0
'6776389'         0              0             0         0         1         0            0               0
'6776399'         0              0             0         0         1         0            0               0
'6776407'         0              0             0         0         1         0            0               0
'6776411'         0              0             0         0         1         0            0               0
'6776419'         0              0             0         0         1         0            0               0
'6776433'         0              0             0         0         1         0            0               0
'6776435'         0              0             0         0         1         0            0               0
'6776459'         0              0             0         0         1         0            0               0
'6776479'         0              0             0         0         1         0            0               0
'6776481'         0              0             0         0         1         0            0               0
'6776493'         0              0             0         0         1         0            0               0
'6776495'         0              0             0         0         1         0            0               0
'6776499'         0              0             0         0         1         0            0               0
'6776503'         0              0             0         0         1         0            0               0
'6776505'         0              0             0         0         1         0            0               0
'6776509'         0              0             0         0         1         0            0               0
'6776511'         0              0             0         0         1         0            0               0
'6776519'         0              0             0         0         1         0            0               0
'6776521'         0              0             0         0         1         0            0               0
'6776523'         0              0             0         0         1         0            0               0
'6776529'         0              0             0         0         1         0            0               0
'6776539'         0              0             0         0         1         0            0               0
'6776541'         0              0             0         0         1         0            0               0
'6776545'         0              0             0         0         1         0            0               0
'6776547'         0              0             0         0         1         0            0               0
'6776549'         0              0             0         0         1         0            0               0
'6776555'         0              0             0         0         1         0            0               0
'6776563'         0              0             0         0         1         0            0               0
'6776567'         0              0             1         0         0         0            0               0
'6776577'         0              0             0         0         1         0            0               0
'6776579'         0              0             0         0         1         0            0               0
'6776583'         0              0             0         0         1         0            0               0
'6776589'         0              0             0         0         1         0            0               0
'6776599'         0              0             0         0         1         0            0               0
'6776603'         0              0             1         0         0         0            0               0
'6776605'         0              0             1         0         0         0            0               0
'6776611'         0              0             0         0         1         0            0               0
'6776619'         0              0             0         0         1         0            0               0
'6776627'         0              0             0         0         1         0            0               0
'6776637'         0              0             0         0         1         0            0               0
'6776639'         0              0             0         0         1         0            0               0
'6776651'         0              0             0         0         1         0            0               0
'6776657'         0              0             0         0         1         0            0               0
'6776659'         0              0             0         0         1         0            0               0
'6776681'         0              0             0         0         1         0            0               0
'6776687'         0              0             1         0         0         0            0               0
'6776691'         0              0             0         0         1         0            0               0
'6776693'         0              0             0         0         1         0            0               0
'6776695'         0              0             0         0         1         0            0               0
'6776705'         0              0             0         0         1         0            0               0
'6776719'         0              0             0         0         1         0            0               0
'6776731'         0              0             0         0         1         0            0               0
'6776735'         0              0             0         0         1         0            0               0
'6776737'         0              0             0         0         1         0            0               0
'6776739'         0              0             0         0         1         0            0               0
'6776741'         0              0             0         0         1         0            0               0
'6776743'         0              0             0         0         1         0            0               0
'6776745'         0              0             1         0         0         0            0               0
'6776747'         0              0             1         0         0         0            0               0
'6776749'         0              0             0         0         1         0            0               0
'6776751'         0              0             0         0         1         0            0               0
'6776753'         0              0             0         0         1         0            0               0
'6776763'         0              0             0         0         1         0            0               0
'6776765'         0              0             0         0         1         0            0               0
'6776767'         0              0             0         0         1         0            0               0
'6776769'         0              0             1         0         0         0            0               0
'6776773'         0              0             0         0         1         0            0               0
'6776775'         0              0             0         0         1         0            0               0
'6776777'         0              0             0         0         1         0            0               0
'6776779'         0              0             0         0         1         0            0               0
'6776781'         0              0             0         0         1         0            0               0
'6776783'         0              0             0         0         1         0            0               0
'6776785'         0              0             0         0         1         0            0               0
'6776787'         0              0             0         0         1         0            0               0
'6776789'         0              0             0         0         1         0            0               0
'6776795'         0              0             1         0         0         0            0               0
'6776799'         0              0             1         0         0         0            0               0
'6776801'         0              0             0         0         1         0            0               0
'6776805'         0              0             1         0         0         0            0               0
'6776809'         0              0             0         0         1         0            0               0
'6776811'         0              0             0         0         1         0            0               0
'6776813'         0              0             0         0         1         0            0               0
'6776815'         0              0             0         0         1         0            0               0
'6776817'         0              0             0         0         1         0            0               0
'6776825'         0              0             0         0         1         0            0               0
'6776833'         0              0             0         0         1         0            0               0
'6776835'         0              0             0         0         1         0            0               0
'6776837'         0              0             1         0         0         0            0               0
'6776839'         0              0             1         0         0         0            0               0
'6776841'         0              0             1         0         0         0            0               0
'6776843'         0              0             1         0         0         0            0               0
'6776857'         0              0             0         0         1         0            0               0
'6776859'         0              0             0         0         1         0            0               0
'6776861'         0              0             0         0         1         0            0               0
'6776863'         0              0             0         0         1         0            0               0
'6776865'         0              0             0         0         1         0            0               0
'6776867'         0              0             0         0         1         0            0               0
'6776871'         0              0             1         0         0         0            0               0
'6776873'         0              0             1         0         0         0            0               0
'6776875'         0              0             1         0         0         0            0               0
'6776877'         0              0             0         0         1         0            0               0
'6776883'         0              0             1         0         0         0            0               0
'6776885'         0              0             1         0         0         0            0               0
'6776887'         0              0             1         0         0         0            0               0
'6776891'         1              0             0         0         0         0            0               0
'6776893'         0              0             0         0         1         0            0               0
'6776895'         0              0             1         0         0         0            0               0
'6776897'         0              0             1         0         0         0            0               0
'6776901'         0              0             1         0         0         0            0               0
'6776903'         0              0             1         0         0         0            0               0
'6776905'         0              0             1         0         0         0            0               0
'6776907'         0              0             1         0         0         0            0               0
'6776911'         0              0             1         0         0         0            0               0
'6776915'         0              0             0         0         1         0            0               0
'6776919'         0              0             1         0         0         0            0               0
'6776923'         0              0             1         0         0         0            0               0
'6776927'         0              0             1         0         0         0            0               0
'6776929'         0              0             1         0         0         0            0               0
'6776933'         0              0             1         0         0         0            0               0
'6776935'         0              0             1         0         0         0            0               0
'6776937'         0              0             1         0         0         0            0               0
'6776939'         0              0             1         0         0         0            0               0
'6776941'         0              0             1         0         0         0            0               0
'6776945'         0              0             1         0         0         0            0               0
'6776953'         0              0             1         0         0         0            0               0
'6776955'         0              0             1         0         0         0            0               0
'6776959'         0              0             0         0         1         0            0               0
'6776991'         0              0             0         0         1         0            0               0
'6776993'         0              0             0         0         1         0            0               0
'6777007'         0              0             0         0         1         0            0               0
'6777011'         0              0             0         0         1         0            0               0
'6777013'         0              0             0         0         1         0            0               0
'6777015'         0              0             0         0         1         0            0               0
'6777025'         0              0             0         0         1         0            0               0
'6777033'         0              0             0         0         1         0            0               0
'6777039'         0              0             0         0         1         0            0               0
'6777059'         0              0             0         0         1         0            0               0
'6777077'         0              0             0         0         1         0            0               0
'6777083'         0              0             0         0         1         0            0               0
'6777095'         0              0             0         0         1         0            0               0
'6777111'         0              0             0         0         1         0            0               0
'6777117'         0              0             0         0         1         0            0               0
'6777123'         0              0             0         0         1         0            0               0
'6777133'         0              0             0         0         1         0            0               0
'6777149'         0              0             1         0         0         0            0               0
'6777185'         0              0             1         0         0         0            0               0
'6777189'         0              0             1         0         0         0            0               0
'6777191'         0              0             1         0         0         0            0               0
'6777193'         0              0             1         0         0         0            0               0
'6777201'         0              0             0         0         1         0            0               0
'6777203'         0              0             0         0         1         0            0               0
'6777215'         0              0             0         0         1         0            0               0
'6777219'         0              0             0         0         1         0            0               0
'6777221'         0              0             0         0         1         0            0               0
'6777223'         0              0             0         0         1         0            0               0
'6777241'         0              0             0         0         1         0            0               0
'6777879'         0              0             1         0         0         0            0               0
'6777887'         0              0             1         0         0         0            0               0
'6777891'         0              0             1         0         0         0            0               0
'6777893'         0              0             1         0         0         0            0               0
'6777895'         0              0             1         0         0         0            0               0
'6777899'         0              0             1         0         0         0            0               0
'6777901'         0              0             1         0         0         0            0               0
'6777905'         0              0             1         0         0         0            0               0
'6777909'         0              0             1         0         0         0            0               0
'6777911'         0              0             1         0         0         0            0               0
'6777913'         0              0             1         0         0         0            0               0
'6777915'         0              0             1         0         0         0            0               0
'6777917'         0              0             0         0         1         0            0               0
'6777919'         0              0             0         0         1         0            0               0
'6777921'         0              0             0         0         1         0            0               0
'6777923'         0              0             0         0         1         0            0               0
'6777931'         0              0             1         0         0         0            0               0
'6777933'         0              0             1         0         0         0            0               0
'6777935'         0              0             0         0         1         0            0               0
'6777937'         0              0             0         0         1         0            0               0
'6777939'         0              0             1         0         0         0            0               0
'6777943'         0              0             0         0         1         0            0               0
'6777947'         0              0             1         0         0         0            0               0
'6777953'         0              0             0         0         1         0            0               0
'6777955'         0              0             0         0         1         0            0               0
'6777957'         0              0             1         0         0         0            0               0
'6777959'         0              0             1         0         0         0            0               0
'6777961'         0              0             0         0         1         0            0               0
'6777963'         0              0             0         0         1         0            0               0
'6777965'         0              0             1         0         0         0            0               0
'6777967'         0              0             1         0         0         0            0               0
'6777969'         0              0             0         0         0         1            0               0
'6777971'         0              0             1         0         0         0            0               0
'6777973'         0              0             0         0         1         0            0               0
'6777979'         0              0             1         0         0         0            0               0
'6777985'         0              0             1         0         0         0            0               0
'6777987'         0              0             0         0         1         0            0               0
'6777993'         0              0             0         0         1         0            0               0
'6777995'         0              0             0         0         1         0            0               0
'6777999'         0              0             0         0         1         0            0               0
'6778003'         0              0             0         0         1         0            0               0
'6778005'         0              0             1         0         0         0            0               0
'6778007'         0              0             1         0         0         0            0               0
'6778011'         0              0             1         0         0         0            0               0
'6778013'         0              0             1         0         0         0            0               0
'6778015'         0              0             1         0         0         0            0               0
'6778017'         0              0             0         0         1         0            0               0
'6778019'         0              0             0         0         1         0            0               0
'6778021'         0              0             1         0         0         0            0               0
'6778023'         0              0             1         0         0         0            0               0
'6778025'         0              0             1         0         0         0            0               0
'6778027'         0              0             1         0         0         0            0               0
'6778033'         0              0             0         0         0         1            0               0
'6778037'         0              0             1         0         0         0            0               0
'6778039'         0              0             1         0         0         0            0               0
'6778041'         0              0             1         0         0         0            0               0
'6778043'         0              0             0         0         1         0            0               0
'6778047'         0              0             1         0         0         0            0               0
'6778049'         0              0             1         0         0         0            0               0
'6778051'         0              0             1         0         0         0            0               0
'6778055'         0              0             1         0         0         0            0               0
'6778057'         0              0             1         0         0         0            0               0
'6778059'         0              0             1         0         0         0            0               0
'6778063'         0              0             0         0         1         0            0               0
'6778065'         0              0             0         0         0         1            0               0
'6778069'         0              0             1         0         0         0            0               0
'6778071'         0              0             1         0         0         0            0               0
'6778075'         0              0             1         0         0         0            0               0
'6778077'         0              0             1         0         0         0            0               0
'6778079'         0              0             1         0         0         0            0               0
'6778081'         0              0             1         0         0         0            0               0
'6778085'         0              0             0         0         1         0            0               0
'6778091'         0              0             1         0         0         0            0               0
'6778093'         0              0             0         0         1         0            0               0
'6778095'         0              0             1         0         0         0            0               0
'6778099'         0              0             1         0         0         0            0               0
'6778105'         0              0             1         0         0         0            0               0
'6778107'         0              0             0         0         1         0            0               0
'6778113'         0              0             1         0         0         0            0               0
'6778115'         0              0             0         0         1         0            0               0
'6778119'         0              0             1         0         0         0            0               0
'6778123'         0              0             1         0         0         0            0               0
'6778125'         0              0             1         0         0         0            0               0
'6778129'         0              0             1         0         0         0            0               0
'6778131'         0              0             0         0         1         0            0               0
'6778133'         0              0             0         0         1         0            0               0
'6778135'         0              0             1         0         0         0            0               0
'6778137'         0              0             1         0         0         0            0               0
'6778141'         0              0             0         0         1         0            0               0
'6778145'         0              0             0         0         1         0            0               0
'6778147'         0              0             0         0         0         1            0               0
'6778149'         0              0             0         0         1         0            0               0
'6778151'         0              0             0         0         1         0            0               0
'6778155'         0              0             0         0         1         0            0               0
'6778157'         0              0             0         0         1         0            0               0
'6778159'         0              0             0         0         1         0            0               0
'6778161'         0              0             0         0         1         0            0               0
'6778163'         0              0             1         0         0         0            0               0
'6778165'         0              0             0         0         1         0            0               0
'6778167'         0              0             1         0         0         0            0               0
'6778169'         0              0             1         0         0         0            0               0
'6778171'         0              0             0         0         1         0            0               0
'6778173'         0              0             0         0         1         0            0               0
'6778177'         0              0             1         0         0         0            0               0
'6778179'         0              0             1         0         0         0            0               0
'6778181'         0              1             0         0         0         0            0               0
'6778187'         0              0             0         0         1         0            0               0
'6778193'         0              0             0         0         1         0            0               0
'6778195'         0              0             0         0         1         0            0               0
'6778197'         0              0             0         0         1         0            0               0
'6778199'         0              0             1         0         0         0            0               0
'6778203'         0              0             0         0         1         0            0               0
'6778205'         0              0             0         0         1         0            0               0
'6778209'         0              0             0         0         1         0            0               0
'6778213'         0              0             0         0         1         0            0               0
'6778215'         0              0             0         1         0         0            0               0
'6778217'         0              0             1         0         0         0            0               0
'6778219'         0              0             0         0         1         0            0               0
'6778221'         0              0             1         0         0         0            0               0
'6778225'         0              0             1         0         0         0            0               0
'6778227'         0              0             0         0         1         0            0               0
'6778233'         0              0             0         0         1         0            0               0
'6778235'         0              0             0         0         1         0            0               0
'6778237'         0              0             0         0         1         0            0               0
'6778243'         0              0             0         0         1         0            0               0
'6778245'         0              0             1         0         0         0            0               0
'6778247'         0              0             0         0         1         0            0               0
'6778249'         0              0             0         0         1         0            0               0
'6778251'         0              0             1         0         0         0            0               0
'6778253'         0              0             0         0         1         0            0               0
'6778255'         0              0             0         0         1         0            0               0
'6778257'         0              0             0         0         1         0            0               0
'6778265'         0              0             1         0         0         0            0               0
'6778269'         0              0             1         0         0         0            0               0
'6778271'         0              0             0         0         1         0            0               0
'6778273'         0              0             0         0         1         0            0               0
'6778275'         0              1             0         0         0         0            0               0
'6778277'         0              0             1         0         0         0            0               0
'6778279'         0              0             0         0         1         0            0               0
'6778281'         0              0             0         0         1         0            0               0
'6778285'         0              0             0         0         1         0            0               0
'6778289'         0              0             1         0         0         0            0               0
'6778293'         0              0             0         0         1         0            0               0
'6778295'         0              0             0         0         1         0            0               0
'6778297'         0              0             0         0         1         0            0               0
'6778299'         0              0             1         0         0         0            0               0
'6778301'         0              0             1         0         0         0            0               0
'6778307'         0              0             1         0         0         0            0               0
'6778309'         0              0             1         0         0         0            0               0
'6778315'         0              0             0         0         1         0            0               0
'6778319'         0              0             0         1         0         0            0               0
'6778321'         0              0             1         0         0         0            0               0
'6778323'         0              0             0         0         1         0            0               0
'6778325'         0              0             0         0         1         0            0               0
'6778331'         0              0             1         0         0         0            0               0
'6778335'         0              0             0         0         1         0            0               0
'6778339'         0              0             1         0         0         0            0               0
'6778343'         0              0             1         0         0         0            0               0
'6778345'         0              0             1         0         0         0            0               0
'6778349'         0              0             1         0         0         0            0               0
'6778351'         0              0             1         0         0         0            0               0
'6778353'         0              0             1         0         0         0            0               0
'6778357'         0              0             1         0         0         0            0               0
'6778359'         0              0             1         0         0         0            0               0
'6778363'         0              0             0         0         1         0            0               0
'6778367'         0              0             1         0         0         0            0               0
'6778371'         0              1             0         0         0         0            0               0
'6778373'         0              0             0         0         1         0            0               0
'6778375'         0              0             0         0         1         0            0               0
'6778377'         0              0             1         0         0         0            0               0
'6778379'         0              0             0         0         1         0            0               0
'6778381'         0              0             1         0         0         0            0               0
'6778383'         0              0             1         0         0         0            0               0
'6778385'         0              0             1         0         0         0            0               0
'6778389'         0              0             1         0         0         0            0               0
'6778391'         0              0             1         0         0         0            0               0
'6778393'         0              0             1         0         0         0            0               0
'6778395'         0              0             1         0         0         0            0               0
'6778399'         0              0             1         0         0         0            0               0
'6778401'         0              0             1         0         0         0            0               0
'6778405'         0              0             1         0         0         0            0               0
'6778407'         0              0             1         0         0         0            0               0
'6778409'         0              0             1         0         0         0            0               0
'6778411'         0              0             1         0         0         0            0               0
'6778415'         0              0             0         1         0         0            0               0
'6778417'         0              0             0         0         1         0            0               0
'6778419'         0              0             0         0         1         0            0               0
'6778421'         0              0             0         0         1         0            0               0
'6778423'         0              0             1         0         0         0            0               0
'6778425'         0              0             1         0         0         0            0               0
'6778427'         0              0             0         0         1         0            0               0
'6778429'         0              0             1         0         0         0            0               0
'6778439'         0              0             1         0         0         0            0               0
'6778441'         0              0             1         0         0         0            0               0
'6778443'         0              0             1         0         0         0            0               0
'6778447'         0              0             1         0         0         0            0               0
'6778451'         0              0             1         0         0         0            0               0
'6778453'         0              0             1         0         0         0            0               0
'6778455'         0              0             1         0         0         0            0               0
'6778457'         0              0             1         0         0         0            0               0
'6778459'         0              0             1         0         0         0            0               0
'6778463'         0              0             0         0         1         0            0               0
'6778467'         0              0             1         0         0         0            0               0
'6778469'         0              0             1         0         0         0            0               0
'6778475'         0              0             1         0         0         0            0               0
'6778477'         0              0             1         0         0         0            0               0
'6778479'         0              0             0         0         1         0            0               0
'6778483'         0              0             1         0         0         0            0               0
'6778485'         0              0             0         0         1         0            0               0
'6778487'         0              0             1         0         0         0            0               0
'6778489'         0              0             0         0         1         0            0               0
'6778491'         0              0             1         0         0         0            0               0
'6778493'         0              0             1         0         0         0            0               0
'6778499'         0              0             1         0         0         0            0               0
'6778501'         0              0             1         0         0         0            0               0
'6778505'         0              0             1         0         0         0            0               0
'6778511'         0              0             1         0         0         0            0               0
'6778515'         0              0             1         0         0         0            0               0
'6778525'         0              0             1         0         0         0            0               0
'6778527'         0              0             1         0         0         0            0               0
'6778535'         0              0             0         1         0         0            0               0
'6778539'         0              0             0         0         1         0            0               0
'6778541'         0              0             0         0         1         0            0               0
'6778547'         0              0             0         0         1         0            0               0
'6778549'         0              0             1         0         0         0            0               0
'6778553'         0              0             0         1         0         0            0               0
'6778557'         0              0             1         0         0         0            0               0
'6778561'         0              0             1         0         0         0            0               0
'6778563'         0              0             0         1         0         0            0               0
'6778565'         0              0             1         0         0         0            0               0
'6778567'         0              0             0         1         0         0            0               0
'6778571'         0              0             1         0         0         0            0               0
'6778577'         0              0             1         0         0         0            0               0
'6778583'         0              0             0         0         1         0            0               0
'6778585'         0              0             1         0         0         0            0               0
'6778589'         0              0             1         0         0         0            0               0
'6778591'         0              0             0         1         0         0            0               0
'6778595'         0              0             1         0         0         0            0               0
'6778597'         0              0             1         0         0         0            0               0
'6778599'         0              0             1         0         0         0            0               0
'6778601'         0              0             1         0         0         0            0               0
'6778605'         0              0             1         0         0         0            0               0
'6778607'         0              0             1         0         0         0            0               0
'6778609'         0              0             1         0         0         0            0               0
'6778611'         0              0             1         0         0         0            0               0
'6778613'         0              0             1         0         0         0            0               0
'6778615'         0              0             1         0         0         0            0               0
'6778617'         0              0             1         0         0         0            0               0
'6778619'         0              0             0         0         1         0            0               0
'6778621'         0              0             1         0         0         0            0               0
'6778623'         0              0             1         0         0         0            0               0
'6778625'         0              0             0         0         1         0            0               0
'6778637'         0              0             0         0         1         0            0               0
'6778643'         0              0             0         0         1         0            0               0
'6778645'         0              0             0         0         1         0            0               0
'6778647'         0              0             0         0         1         0            0               0
'6778649'         0              0             0         0         1         0            0               0
'6778711'         0              0             1         0         0         0            0               0
'6778713'         0              0             1         0         0         0            0               0
'6778715'         0              0             1         0         0         0            0               0
'6778717'         0              0             1         0         0         0            0               0
'6778719'         0              0             1         0         0         0            0               0
'6778721'         0              0             1         0         0         0            0               0
'6778725'         0              0             0         0         1         0            0               0
'6778727'         0              0             0         0         1         0            0               0
'6778729'         0              0             0         0         1         0            0               0
'6778731'         0              0             1         0         0         0            0               0
'6778735'         0              0             1         0         0         0            0               0
'6778737'         0              0             0         0         1         0            0               0
'6778741'         0              0             1         0         0         0            0               0
'6778745'         0              0             1         0         0         0            0               0
'6778749'         0              0             1         0         0         0            0               0
'6778753'         0              0             0         0         1         0            0               0
'6778755'         0              0             0         0         1         0            0               0
'6778757'         0              0             1         0         0         0            0               0
'6778759'         0              0             0         1         0         0            0               0
'6778761'         0              0             1         0         0         0            0               0
'6778763'         0              0             1         0         0         0            0               0
'6778767'         0              0             1         0         0         0            0               0
'6778771'         0              0             1         0         0         0            0               0
'6778773'         0              0             1         0         0         0            0               0
'6778775'         0              0             1         0         0         0            0               0
'6778777'         0              0             1         0         0         0            0               0
'6778779'         0              0             1         0         0         0            0               0
'6778781'         0              0             1         0         0         0            0               0
'6778783'         0              0             1         0         0         0            0               0
'6778793'         0              0             0         0         1         0            0               0
'6778795'         0              0             1         0         0         0            0               0
'6778797'         0              0             1         0         0         0            0               0
'6778799'         0              0             1         0         0         0            0               0
'6778801'         0              0             1         0         0         0            0               0
'6778807'         0              0             1         0         0         0            0               0
'6778811'         0              0             1         0         0         0            0               0
'6778813'         0              0             1         0         0         0            0               0
'6778819'         0              0             1         0         0         0            0               0
'6778821'         0              0             1         0         0         0            0               0
'6778825'         0              0             1         0         0         0            0               0
'6778827'         0              0             0         0         1         0            0               0
'6778829'         0              0             0         0         1         0            0               0
'6778839'         0              0             0         0         1         0            0               0
'6778841'         0              0             0         0         1         0            0               0
'6778843'         0              0             0         0         1         0            0               0
'6778845'         0              0             1         0         0         0            0               0
'6778849'         0              0             1         0         0         0            0               0
'6778863'         0              0             0         0         1         0            0               0
'6778865'         0              0             1         0         0         0            0               0
'6778873'         0              0             1         0         0         0            0               0
'6778877'         0              0             1         0         0         0            0               0
'6778883'         0              1             0         0         0         0            0               0
'6778887'         0              0             0         0         1         0            0               0
'6778889'         0              0             0         0         1         0            0               0
'6778891'         0              0             0         0         1         0            0               0
'6778893'         0              0             0         0         1         0            0               0
'6778899'         0              0             0         0         1         0            0               0
'6778903'         0              0             0         0         1         0            0               0
'6778911'         0              0             0         1         0         0            0               0
'6778917'         0              0             0         0         1         0            0               0
'6778919'         0              0             1         0         1         0            0               0
'6778921'         0              0             0         0         1         0            0               0
'6778923'         0              0             0         0         1         0            0               0
'6778925'         0              0             0         0         1         0            0               0
'6778933'         0              0             1         0         0         0            0               0
'6778943'         0              0             0         1         0         0            0               0
'6778945'         0              0             1         0         0         0            0               0
'6778947'         0              0             0         1         0         0            0               0
'6778953'         0              0             1         0         0         0            0               0
'6778955'         0              0             1         0         0         0            0               0
'6778959'         0              0             0         1         0         0            0               0
'6778963'         0              0             1         0         0         0            0               0
'6778967'         0              0             1         0         0         0            0               0
'6778969'         0              0             1         0         0         0            0               0
'6778971'         0              0             1         0         0         0            0               0
'6778989'         0              0             1         0         0         0            0               0
'6778993'         0              0             1         0         0         0            0               0
'6778995'         0              0             1         0         0         0            0               0
'6778997'         0              0             1         0         0         0            0               0
'6778999'         0              0             1         0         0         0            0               0
'6779003'         0              0             1         0         0         0            0               0
'6779007'         0              0             0         0         1         0            0               0
'6779009'         0              0             0         0         1         0            0               0
'6779011'         0              0             0         0         1         0            0               0
'6779013'         0              0             0         0         1         0            0               0
'6779017'         0              0             1         0         0         0            0               0
'6779021'         0              0             1         0         0         0            0               0
'6779027'         0              0             0         0         1         0            0               0
'6779031'         0              0             1         0         0         0            0               0
'6779033'         0              0             0         0         1         0            0               0
'6779035'         0              0             1         0         0         0            0               0
'6779037'         0              0             1         0         0         0            0               0
'6779041'         0              0             1         0         0         0            0               0
'6779043'         0              0             1         0         0         0            0               0
'6779045'         0              0             1         0         0         0            0               0
'6779047'         0              0             1         0         0         0            0               0
'6779049'         0              0             1         0         0         0            0               0
'6779051'         0              0             1         0         0         0            0               0
'6779053'         0              0             0         0         1         0            0               0
'6779055'         0              0             0         0         1         0            0               0
'6779061'         0              0             1         0         0         0            0               0
'6779065'         0              0             1         0         0         0            0               0
'6779073'         0              0             1         0         0         0            0               0
'6779075'         0              0             1         0         0         0            0               0
'6779103'         0              0             0         0         0         0            0               1
'6779115'         0              0             1         0         0         0            0               0
'6779117'         0              0             0         0         1         0            0               0
'6779125'         0              0             1         0         0         0            0               0
'6779127'         0              0             1         0         0         0            0               0
'6779129'         0              0             1         0         0         0            0               0
'6779131'         0              0             1         0         0         0            0               0
'6779133'         0              0             0         0         1         0            0               0
'6780637'         0              0             1         0         0         0            0               0
'6780643'         0              0             0         1         0         0            0               0
'6780645'         0              0             1         0         0         0            0               0
'6780651'         0              0             0         0         1         0            0               0
'6780659'         0              0             0         0         1         0            0               0
'6780661'         0              0             0         0         1         0            0               0
'6780665'         0              0             0         0         1         0            0               0
'6780667'         0              0             1         0         0         0            0               0
'6780673'         0              0             1         0         0         0            0               0
'6780675'         0              0             0         0         1         0            0               0
'6780679'         0              0             0         0         1         0            0               0
'6780681'         0              0             0         0         1         0            0               0
'6780683'         0              0             0         0         1         0            0               0
'6780685'         0              0             0         0         1         0            0               0
'6780689'         1              0             0         0         0         0            0               0
'6780691'         0              0             0         0         1         0            0               0
'6780693'         0              0             0         0         1         0            0               0
'6780695'         0              0             0         0         1         0            0               0
'6780699'         1              0             0         0         0         0            0               0
'6780701'         0              0             0         0         1         0            0               0
'6780705'         0              0             0         0         1         0            0               0
'6780709'         0              0             0         0         1         0            0               0
'6780711'         0              0             1         0         0         0            0               0
'6780713'         0              0             1         0         0         0            0               0
'6780715'         1              0             0         0         0         0            0               0
'6780717'         0              0             0         0         1         0            0               0
'6780719'         1              0             0         0         0         0            0               0
'6780721'         1              0             0         0         0         0            0               0
'6780723'         1              0             0         0         0         0            0               0
'6780725'         0              0             0         0         1         0            0               0
'6780733'         0              0             0         0         1         0            0               0
'6780735'         1              0             0         0         0         0            0               0
'6780737'         1              0             0         0         0         0            0               0
'6780743'         0              0             0         0         1         0            0               0
'6780747'         0              0             0         0         1         0            0               0
'6780749'         0              0             1         0         0         0            0               0
'6780751'         0              0             0         0         1         0            0               0
'6780755'         1              0             0         0         0         0            0               0
'6780757'         1              0             0         0         0         0            0               0
'6780759'         0              0             1         0         0         0            0               0
'6780769'         1              0             0         0         0         0            0               0
'6780771'         1              0             0         0         0         0            0               0
'6780773'         1              0             0         0         0         0            0               0
'6780777'         0              0             1         0         0         0            0               0
'6780779'         0              0             1         0         0         0            0               0
'6780781'         1              0             0         0         0         0            0               0
'6780783'         0              0             0         0         1         0            0               0
'6780787'         0              0             0         0         1         0            0               0
'6780789'         0              0             0         0         1         0            0               0
'6780791'         0              0             0         0         1         0            0               0
'6780793'         0              0             0         0         1         0            0               0
'6780795'         0              0             0         0         1         0            0               0
'6780797'         0              0             0         0         1         0            0               0
'6780801'         0              0             0         0         0         0            1               0
'6780805'         0              0             0         0         0         0            1               0
'6780811'         0              0             0         0         0         0            1               0
'6780815'         1              0             0         0         0         0            0               0
'6780817'         1              0             0         0         0         0            0               0
'6780819'         0              0             0         0         1         0            0               0
'6780821'         0              0             0         0         1         0            0               0
'6780823'         0              0             0         0         1         0            0               0
'6780825'         1              0             0         0         0         0            0               0
'6780827'         1              0             0         0         0         0            0               0
'6780829'         1              0             0         0         0         0            0               0
'6780831'         1              0             0         0         0         0            0               0
'6780835'         0              0             0         0         1         0            0               0
'6780837'         1              0             0         0         0         0            0               0
'6780839'         0              0             0         0         1         0            0               0
'6780841'         0              0             0         0         1         0            0               0
'6780843'         0              0             0         0         1         0            0               0
'6780845'         0              0             0         0         1         0            0               0
'6780847'         0              0             0         0         1         0            0               0
'6780851'         0              0             0         0         1         0            0               0
'6780853'         0              0             1         0         0         0            0               0
'6780855'         1              0             0         0         0         0            0               0
'6780859'         0              0             0         0         1         0            0               0
'6780861'         0              0             0         0         1         0            0               0
'6780863'         0              0             0         0         1         0            0               0
'6780865'         0              0             0         0         1         0            0               0
'6780867'         1              0             0         0         0         0            0               0
'6780871'         0              0             0         0         0         1            0               0
'6780873'         1              0             0         0         0         0            0               0
'6780875'         1              0             0         0         0         0            0               0
'6780877'         0              0             0         0         1         0            0               0
'6780879'         0              0             0         0         1         0            0               0
'6780881'         0              0             0         0         0         0            1               0
'6780883'         0              0             0         0         0         0            1               0
'6780885'         0              0             0         0         0         0            1               0
'6780887'         0              0             0         0         1         0            0               0
'6780891'         0              0             0         0         0         0            1               0
'6780897'         1              0             0         0         0         0            0               0
'6780899'         0              0             0         0         1         0            0               0
'6780901'         0              0             0         0         0         0            1               0
'6780907'         0              0             0         0         1         0            0               0
'6780909'         0              0             1         0         0         0            0               0
'6780913'         0              0             0         0         1         0            0               0
'6780915'         0              0             0         0         1         0            0               0
'6780917'         0              0             0         0         0         0            1               0
'6780919'         0              0             0         0         0         0            1               0
'6780921'         0              0             0         0         1         0            0               0
'6780923'         0              0             0         0         1         0            0               0
'6780925'         0              0             0         0         1         0            0               0
'6780927'         1              0             0         0         0         0            0               0
'6780929'         0              0             0         0         1         0            0               0
'6780931'         0              0             0         1         0         0            0               0
'6780935'         0              0             0         0         1         0            0               0
'6780937'         0              0             0         0         1         0            0               0
'6780939'         0              0             0         0         1         0            0               0
'6780943'         0              0             0         0         1         0            0               0
'6780945'         0              0             0         0         1         0            0               0
'6780947'         0              0             0         0         1         0            0               0
'6780949'         0              0             0         0         1         0            0               0
'6780955'         0              0             0         0         0         0            1               0
'6780957'         1              0             0         0         0         0            0               0
'6780959'         0              0             0         0         0         0            1               0
'6780961'         0              0             0         0         0         0            1               0
'6780963'         1              0             0         0         0         0            0               0
'6780965'         0              0             0         0         0         0            1               0
'6780967'         1              0             0         0         0         0            0               0
'6780971'         0              0             0         0         0         0            1               0
'6780973'         0              0             0         0         0         0            1               0
'6780975'         0              0             0         0         1         0            0               0
'6780977'         0              0             0         0         1         0            0               0
'6780981'         0              0             0         0         1         0            0               0
'6780983'         1              0             0         0         0         0            0               0
'6780987'         0              0             0         0         1         0            0               0
'6780999'         0              0             0         0         0         1            0               0
'6781003'         0              0             0         0         1         0            0               0
'6781005'         0              0             0         0         0         0            1               0
'6781009'         0              0             0         0         1         0            0               0
'6781011'         0              0             0         0         1         0            0               0
'6781013'         0              0             0         0         0         0            1               0
'6781015'         0              0             0         0         0         0            1               0
'6781017'         0              0             0         0         0         1            0               0
'6781019'         0              0             0         0         0         0            1               0
'6781021'         0              0             0         0         1         0            0               0
'6781023'         0              0             0         0         1         0            0               0
'6781025'         1              0             0         0         0         0            0               0
'6781027'         0              0             0         0         0         1            0               0
'6781029'         0              0             0         0         1         0            0               0
'6781033'         0              0             0         0         0         0            1               0
'6781039'         0              0             1         0         0         0            0               0
'6781041'         0              0             0         0         1         0            0               0
'6781043'         0              0             0         0         1         0            0               0
'6781045'         0              0             0         0         0         0            1               0
'6781049'         1              0             0         0         0         0            0               0
'6781051'         1              0             0         0         0         0            0               0
'6781053'         0              0             1         0         0         0            0               0
'6781057'         1              0             0         0         0         0            0               0
'6781061'         0              0             0         0         1         0            0               0
'6781067'         0              0             0         0         1         0            0               0
'6781069'         0              0             0         0         1         0            0               0
'6781075'         0              0             0         0         1         0            0               0
'6781085'         0              0             1         0         0         0            0               0
'6781089'         0              0             0         0         1         0            0               0
'6781093'         0              0             0         0         1         0            0               0
'6781097'         0              0             0         0         1         0            0               0
'6781099'         0              0             0         0         1         0            0               0
'6781101'         0              0             0         0         1         0            0               0
'6781105'         0              0             1         0         0         0            0               0
'6781107'         0              0             1         0         0         0            0               0
'6781109'         0              0             1         0         0         0            0               0
'6781111'         0              0             0         0         1         0            0               0
'6781115'         0              0             0         1         0         0            0               0
'6781117'         0              0             1         0         0         0            0               0
'6781119'         0              0             0         0         1         0            0               0
'6781121'         0              0             1         0         0         0            0               0
'6781127'         0              0             0         1         0         0            0               0
'6781129'         0              0             0         0         1         0            0               0
'6781131'         0              0             1         0         0         0            0               0
'6781133'         0              0             1         0         0         0            0               0
'6781135'         0              0             0         1         0         0            0               0
'6781137'         0              0             0         1         0         0            0               0
'6781139'         0              0             1         0         0         0            0               0
'6781141'         0              0             1         0         0         0            0               0
'6781143'         0              0             1         0         0         0            0               0
'6781145'         0              0             1         0         0         0            0               0
'6781147'         0              0             1         0         0         0            0               0
'6781151'         0              0             0         1         0         0            0               0
'6781153'         0              0             1         0         0         0            0               0
'6781155'         0              0             0         0         1         0            0               0
'6781157'         0              0             1         0         0         0            0               0
'6781159'         0              0             1         0         0         0            0               0
'6781161'         0              0             1         0         0         0            0               0
'6781163'         0              0             1         0         0         0            0               0
'6781165'         0              0             1         0         0         0            0               0
'6781167'         0              0             1         0         0         0            0               0
'6781169'         0              0             1         0         0         0            0               0
'6781173'         0              0             1         0         0         0            0               0
'6781175'         0              0             1         0         0         0            0               0
'6781183'         0              0             1         0         0         0            0               0
'6781185'         0              0             0         0         0         1            0               0
'6781187'         0              0             1         0         0         0            0               0
'6781189'         0              0             1         0         0         0            0               0
'6781191'         0              0             1         0         0         0            0               0
'6781193'         1              0             0         0         0         0            0               0
'6781195'         0              0             1         0         0         0            0               0
'6781197'         0              0             0         0         1         0            0               0
'6781199'         0              0             0         0         1         0            0               0
'6781207'         0              0             1         0         0         0            0               0
'6781209'         0              0             1         0         0         0            0               0
'6781211'         0              0             1         0         0         0            0               0
'6781217'         0              0             1         0         0         0            0               0
'6781219'         0              0             0         0         0         1            0               0
'6781221'         0              0             1         0         0         0            0               0
'6781223'         0              0             1         0         0         0            0               0
'6781227'         0              0             1         0         0         0            0               0
'6781233'         0              0             1         0         0         0            0               0
'6781235'         0              0             1         0         0         0            0               0
'6781239'         1              0             0         0         0         0            0               0
'6781249'         0              0             1         0         0         0            0               0
'6781253'         0              0             1         0         0         0            0               0
'6781255'         0              0             1         0         0         0            0               0
'6781263'         0              0             1         0         0         0            0               0
'6781267'         0              0             1         0         0         0            0               0
'6781269'         0              0             1         0         0         0            0               0
'6781271'         0              0             1         0         0         0            0               0
'6781275'         0              0             1         0         0         0            0               0
'6781285'         0              0             1         0         0         0            0               0
'6781293'         0              0             1         0         0         0            0               0
'6781777'         0              0             0         0         1         0            0               0
'6781779'         1              0             0         0         0         0            0               0
'6781781'         1              0             0         0         0         0            0               0
'6781783'         0              0             0         0         1         0            0               0
'6781785'         0              0             0         0         1         0            0               0
'6781793'         1              0             0         0         0         0            0               0
'6781795'         1              0             0         0         0         0            0               0
'6781797'         1              0             0         0         0         0            0               0
'6781801'         0              0             0         0         1         0            0               0
'6781803'         0              0             1         0         0         0            0               0
'6781805'         0              0             1         0         0         0            0               0
'6781807'         0              0             0         0         1         0            0               0
'6781809'         0              0             0         0         1         0            0               0
'6781811'         0              0             0         0         0         0            1               0
'6781813'         0              0             0         0         0         0            1               0
'6781815'         0              0             0         0         1         0            0               0
'6781817'         0              0             0         0         1         0            0               0
'6781819'         0              0             0         0         0         0            1               0
'6781823'         0              0             0         0         1         0            0               0
'6781825'         0              0             0         0         0         0            1               0
'6781831'         0              0             0         0         1         0            0               0
'6781833'         0              0             0         0         1         0            0               0
'6781835'         0              0             0         0         0         0            1               0
'6781841'         0              0             0         0         0         0            1               0
'6781843'         0              0             0         0         0         0            1               0
'6781847'         0              0             0         0         0         0            1               0
'6781849'         0              0             0         0         1         0            0               0
'6781851'         0              0             0         0         0         0            1               0
'6781853'         0              0             0         0         1         0            0               0
'6781857'         1              0             0         0         0         0            0               0
'6781859'         0              0             0         0         0         1            0               0
'6781861'         0              0             1         0         0         0            0               0
'6781863'         1              0             0         0         0         0            0               0
'6781865'         0              0             1         0         0         0            0               0
'6781867'         0              0             1         0         0         0            0               0
'6781869'         0              0             0         0         1         0            0               0
'6781873'         0              0             0         1         0         0            0               0
'6781875'         0              0             1         0         0         0            0               0
'6781877'         0              0             1         0         0         0            0               0
'6781879'         0              0             0         0         1         0            0               0
'6781883'         1              0             0         0         0         0            0               0
'6781885'         0              0             1         0         0         0            0               0
'6781891'         0              0             1         0         0         0            0               0
'6781893'         0              0             1         0         0         0            0               0
'6781895'         0              0             1         0         0         0            0               0
'6781899'         0              0             0         0         1         0            0               0
'6781901'         0              0             0         0         1         0            0               0
'6781905'         1              0             0         0         0         0            0               0
'6781907'         0              0             1         0         0         0            0               0
'6781909'         0              0             1         0         0         0            0               0
'6781911'         0              0             1         0         0         0            0               0
'6781913'         1              0             0         0         0         0            0               0
'6781915'         0              0             1         0         0         0            0               0
'6781919'         0              0             0         1         0         0            0               0
'6781921'         0              0             1         0         0         0            0               0
'6781925'         0              0             1         0         0         0            0               0
'6781927'         0              0             1         0         0         0            0               0
'6781929'         0              0             1         0         0         0            0               0
'6781931'         0              0             1         0         0         0            0               0
'6781933'         0              0             1         0         0         0            0               0
'6781939'         0              0             1         0         0         0            0               0
'6781941'         0              0             1         0         0         0            0               0
'6781943'         0              0             1         0         0         0            0               0
'6781947'         0              0             1         0         0         0            0               0
'6781949'         0              0             1         0         0         0            0               0
'6781953'         0              0             0         0         0         1            0               0
'6781955'         0              0             1         0         0         0            0               0
'6781957'         0              0             0         0         0         1            0               0
'6781971'         0              0             0         0         1         0            0               0
'6781973'         0              0             0         0         1         0            0               0
'6781975'         0              0             0         0         1         0            0               0
'6781979'         0              0             1         0         0         0            0               0
'6781981'         0              0             0         0         1         0            0               0
'6781993'         1              0             0         0         0         0            0               0
'6781995'         0              0             0         0         1         0            0               0
'6781997'         1              0             0         0         0         0            0               0
'6782003'         0              0             0         0         1         0            0               0
'6782005'         0              0             0         0         1         0            0               0
'6782009'         0              0             0         0         1         0            0               0
'6782019'         1              0             0         0         0         0            0               0
'6782027'         0              0             0         0         1         0            0               0
'6782029'         0              0             0         0         1         0            0               0
'6782035'         0              0             0         0         1         0            0               0
'6782039'         0              0             1         0         0         0            0               0
'6782043'         0              0             0         0         1         0            0               0
'6782051'         0              0             0         1         0         0            0               0
'6782053'         0              0             0         0         1         0            0               0
'6782057'         0              0             0         0         1         0            0               0
'6782059'         0              0             0         0         1         0            0               0
'6782067'         0              0             0         0         1         0            0               0
'6782071'         0              0             1         0         0         0            0               0
'6782079'         0              0             1         0         0         0            0               0
'6782081'         0              0             1         0         0         0            0               0
'6782083'         0              0             1         0         0         0            0               0
'6782089'         0              0             1         0         0         0            0               0
'6782091'         0              0             0         0         1         0            0               0
'6782095'         0              0             1         0         0         0            0               0
'6782101'         0              0             0         0         1         0            0               0
'6782107'         0              0             0         0         1         0            0               0
'6782121'         0              0             0         0         1         0            0               0
'6782129'         1              0             0         0         0         0            0               0
'6782131'         0              0             1         0         0         0            0               0
'6782133'         0              0             1         0         0         0            0               0
'6782139'         0              0             1         0         0         0            0               0
'6782141'         1              0             0         0         0         0            0               0
'6782151'         0              0             1         0         0         0            0               0
'6782155'         0              0             1         0         0         0            0               0
'6782157'         0              0             1         0         0         0            0               0
'6782159'         0              0             1         0         0         0            0               0
'6782163'         0              0             1         0         0         0            0               0
'6782171'         0              0             1         0         0         0            0               0
'6782173'         0              0             1         0         0         0            0               0
'6782175'         0              0             1         0         0         0            0               0
'6782177'         0              0             1         0         0         0            0               0
'6782179'         0              0             1         0         0         0            0               0
'6782191'         0              0             1         0         0         0            0               0
'6782193'         0              0             1         0         0         0            0               0
'6782195'         0              0             1         0         0         0            0               0
'6782209'         0              0             0         0         0         0            1               0
'6782213'         0              0             0         0         1         0            0               0
'6782215'         0              0             0         0         0         0            1               0
'6782219'         0              0             0         0         1         0            0               0
'6782221'         0              0             0         0         1         0            0               0
'6782225'         0              0             0         0         1         0            0               0
'6782227'         0              0             0         0         1         0            0               0
'6782229'         0              0             1         0         0         0            0               0
'6782231'         0              0             1         0         0         0            0               0
'6782235'         0              0             1         0         0         0            0               0
'6782237'         0              0             1         0         0         0            0               0
'6782239'         0              0             0         0         1         0            0               0
'6782241'         1              0             0         0         0         0            0               0
'6782243'         0              0             1         0         0         0            0               0
'6782245'         0              0             1         0         0         0            0               0
'6782251'         0              0             1         0         0         0            0               0
'6782261'         0              0             0         0         1         0            0               0
'6782263'         1              0             0         0         0         0            0               0
'6782279'         0              0             1         0         0         0            0               0
'6782281'         0              0             0         0         0         1            0               0
'6782283'         0              0             1         0         0         0            0               0
'6782293'         0              0             1         0         0         0            0               0
'6782299'         0              0             1         0         0         0            0               0
'6782303'         0              0             0         0         1         0            0               0
'6782309'         0              0             1         0         0         0            0               0
'6782311'         0              0             0         0         1         0            0               0
'6782313'         0              0             0         0         1         0            0               0
'6784813'         0              0             1         0         0         0            0               0
'7687027'         0              0             0         0         1         0            0               0
'7687029'         0              0             0         0         1         0            0               0
'7687031'         0              0             0         0         1         0            0               0
'7687147'         0              0             0         0         1         0            0               0
'7687155'         0              0             0         0         1         0            0               0
'7687157'         0              0             0         0         1         0            0               0
'7687159'         0              0             0         0         1         0            0               0
'7687161'         0              0             0         0         1         0            0               0
'7687595'         0              0             1         0         0         0            0               0
'7687597'         0              0             1         0         0         0            0               0
'7687599'         0              0             1         0         0         0            0               0
'7687601'         0              0             1         0         0         0            0               0
'7687603'         0              0             1         0         0         0            0               0
'7687607'         0              0             0         0         1         0            0               0
'7687609'         0              0             1         0         0         0            0               0
'7687613'         0              0             1         0         0         0            0               0
'7687617'         0              0             1         0         0         0            0               0
'7687619'         0              0             1         0         0         0            0               0
'7687621'         0              0             1         0         0         0            0               0
'7687623'         0              0             1         0         0         0            0               0
'7687629'         0              0             1         0         0         0            0               0
'7687631'         0              0             0         0         1         0            0               0
'7687633'         0              0             0         0         1         0            0               0
'7687635'         0              0             1         0         0         0            0               0
'7687637'         0              0             0         0         1         0            0               0
'7687641'         0              0             0         0         1         0            0               0
'7687643'         0              0             0         0         1         0            0               0
'7687645'         0              0             1         0         0         0            0               0
'7687647'         0              0             0         0         1         0            0               0
'7687649'         0              0             1         0         0         0            0               0
'7687651'         0              0             1         0         0         0            0               0
'7687653'         0              0             1         0         0         0            0               0
'7687655'         0              0             1         0         0         0            0               0
'7687657'         0              0             1         0         0         0            0               0
'7687659'         0              0             1         0         0         0            0               0
'7687667'         0              0             1         0         0         0            0               0
'7687669'         0              0             1         0         0         0            0               0
'7687671'         0              0             1         0         0         0            0               0
'7687675'         0              0             1         0         0         0            0               0
'7687677'         0              0             1         0         0         0            0               0
'7687679'         0              0             1         0         0         0            0               0
'7687681'         0              0             1         0         0         0            0               0
'7687749'         0              0             0         0         1         0            0               0
'7687751'         0              0             0         0         1         0            0               0
'7687753'         0              0             0         0         1         0            0               0
'7687763'         0              0             0         0         1         0            0               0
'7687767'         0              0             0         0         1         0            0               0
'7687769'         0              0             0         0         1         0            0               0
'7687771'         0              0             1         0         0         0            0               0
'7687773'         0              0             1         0         0         0            0               0
'7687775'         0              0             1         0         0         0            0               0
'7687781'         0              0             0         0         1         0            0               0
'7687783'         0              0             1         0         0         0            0               0
'7687785'         0              0             1         0         0         0            0               0
'7688179'         0              0             0         0         1         0            0               0
'7688181'         0              0             0         0         1         0            0               0
'7688189'         0              0             0         0         1         0            0               0
'7688191'         0              0             0         0         1         0            0               0
'7688193'         0              0             0         0         1         0            0               0
'7688195'         0              0             0         0         1         0            0               0
'7688197'         0              0             0         0         1         0            0               0
'7688199'         0              0             0         0         1         0            0               0
'7688203'         0              0             0         0         1         0            0               0
'7688205'         0              0             0         0         1         0            0               0
'7688207'         0              0             0         0         1         0            0               0
'7688209'         0              0             0         0         1         0            0               0
'7688211'         0              0             0         0         1         0            0               0
'7688213'         0              0             0         0         1         0            0               0
'7688215'         0              0             0         0         1         0            0               0
'7688217'         0              0             0         0         1         0            0               0
'7688219'         0              0             0         0         1         0            0               0
'7688221'         0              0             0         0         1         0            0               0
'7688223'         0              0             0         0         1         0            0               0
'7688225'         0              0             0         0         1         0            0               0
'7688227'         0              0             0         0         1         0            0               0
'7688233'         0              0             0         0         1         0            0               0
'7688247'         0              0             0         0         1         0            0               0
'7688251'         0              0             0         0         1         0            0               0
'7688253'         0              0             0         0         1         0            0               0
'7688265'         0              0             0         0         1         0            0               0
'7688269'         0              0             0         0         1         0            0               0
'7688271'         0              0             0         0         1         0            0               0
'7688273'         0              0             0         0         1         0            0               0
'7688275'         0              0             0         0         1         0            0               0
'7688279'         0              0             0         0         1         0            0               0
'7688281'         0              0             0         0         1         0            0               0
'7688285'         0              0             0         0         1         0            0               0
'7688291'         0              0             0         0         1         0            0               0
'7688293'         0              0             0         0         1         0            0               0
'7688295'         0              0             0         0         1         0            0               0
'7688297'         0              0             0         0         1         0            0               0
'7688299'         0              0             0         0         1         0            0               0
'7688309'         0              0             0         0         1         0            0               0
'7688315'         0              0             0         0         1         0            0               0
'7688317'         0              0             0         0         1         0            0               0
'7688555'         0              0             0         0         1         0            0               0
'7688559'         0              0             0         0         1         0            0               0
'7688561'         0              0             0         0         1         0            0               0
'7688563'         0              0             0         0         1         0            0               0
'7688565'         0              0             0         0         1         0            0               0
'7688567'         0              0             0         0         1         0            0               0
'7688569'         0              0             0         0         1         0            0               0
'7688573'         0              0             0         0         1         0            0               0
'7688575'         0              0             0         0         1         0            0               0
'7688577'         0              0             0         0         1         0            0               0
'7688579'         0              0             0         0         1         0            0               0
'7688581'         0              0             0         0         1         0            0               0
'7688583'         0              0             0         0         1         0            0               0
'7688585'         0              0             0         0         1         0            0               0
'7688595'         0              0             0         0         1         0            0               0
'7688597'         0              0             0         0         1         0            0               0
'7688599'         0              0             0         0         1         0            0               0
'7688601'         0              0             0         0         1         0            0               0
'7688605'         0              0             0         0         1         0            0               0
'7688607'         0              0             0         0         1         0            0               0
'7688609'         0              0             0         0         1         0            0               0
'7688611'         0              0             0         0         1         0            0               0
'7688613'         0              0             0         0         1         0            0               0
'7688617'         0              0             0         0         1         0            0               0
'7688619'         0              0             0         0         1         0            0               0
'7688621'         0              0             0         0         1         0            0               0
'7688623'         0              0             0         0         1         0            0               0
'7688625'         0              0             0         0         1         0            0               0
'7688627'         0              0             0         0         1         0            0               0
'7688629'         0              0             0         0         1         0            0               0
'7688631'         0              0             0         0         1         0            0               0
'7688633'         0              0             0         0         1         0            0               0
'7688635'         0              0             0         0         1         0            0               0
'7688639'         0              0             0         0         1         0            0               0
'7688643'         0              0             0         0         1         0            0               0
'7688645'         0              0             0         0         1         0            0               0
'7688647'         0              0             0         0         1         0            0               0
'7688649'         0              0             0         0         1         0            0               0
'7688653'         0              0             0         0         1         0            0               0
'7688655'         0              0             0         0         1         0            0               0
'7688657'         0              0             0         0         1         0            0               0
'7688659'         0              0             0         0         1         0            0               0
'7688661'         0              0             0         0         1         0            0               0
'7688663'         0              0             0         0         1         0            0               0
'7688667'         0              0             0         0         1         0            0               0
'7688669'         0              0             0         0         1         0            0               0
'7688671'         0              0             0         0         1         0            0               0
'7689971'         0              0             0         0         1         0            0               0
'7689973'         0              0             1         0         0         0            0               0
'7689981'         0              0             1         0         0         0            0               0
'7689985'         0              0             1         0         0         0            0               0
'7689987'         0              0             1         0         0         0            0               0
'7689989'         0              0             1         0         0         0            0               0
'7689991'         0              0             0         0         1         0            0               0
'7689993'         0              0             0         0         1         0            0               0
'7689997'         0              0             1         0         0         0            0               0
'7689999'         0              0             1         0         0         0            0               0
'7690001'         0              0             1         0         0         0            0               0
'7690005'         0              0             1         0         0         0            0               0
'7690007'         0              0             0         0         1         0            0               0
'7690009'         0              0             1         0         0         0            0               0
'7690011'         0              0             1         0         0         0            0               0
'7690015'         0              0             1         0         0         0            0               0
'7690019'         0              0             1         0         0         0            0               0
'7690021'         0              0             1         0         0         0            0               0
'7690023'         0              0             1         0         0         0            0               0
'7690027'         0              0             0         0         1         0            0               0
'7690029'         0              0             1         0         0         0            0               0
'7690031'         0              0             1         0         0         0            0               0
'7690035'         0              0             1         0         0         0            0               0
'7690037'         0              0             1         0         0         0            0               0
'7690041'         0              0             1         0         0         0            0               0
'7690043'         0              0             1         0         0         0            0               0
'7690049'         0              0             0         0         1         0            0               0
'7690053'         0              0             1         0         0         0            0               0
'7690055'         0              0             0         0         1         0            0               0
'7690057'         0              0             1         0         0         0            0               0
'7690059'         0              0             0         0         1         0            0               0
'7690063'         0              0             0         0         1         0            0               0
'7690065'         0              0             1         0         0         0            0               0
'7690067'         0              0             1         0         0         0            0               0
'7690071'         0              0             1         0         0         0            0               0
'7690073'         0              0             0         0         1         0            0               0
'7690075'         0              0             0         0         1         0            0               0
'7690077'         0              0             1         0         0         0            0               0
'7690079'         0              0             0         0         1         0            0               0
'7690081'         0              0             0         0         1         0            0               0
'7690083'         0              0             1         0         0         0            0               0
'7690085'         0              0             1         0         0         0            0               0
'7690087'         0              0             1         0         0         0            0               0
'7690089'         0              0             1         0         0         0            0               0
'7690091'         0              0             1         0         0         0            0               0
'7690093'         0              0             1         0         0         0            0               0
'7690095'         0              0             0         0         1         0            0               0
'7690097'         0              0             0         0         1         0            0               0
'7690101'         0              0             0         0         1         0            0               0
'7690103'         0              0             0         0         1         0            0               0
'7690105'         0              0             0         0         1         0            0               0
'7690107'         0              0             0         0         1         0            0               0
'7690113'         0              0             0         0         1         0            0               0
'7690115'         0              0             1         0         0         0            0               0
'7690125'         0              0             0         0         1         0            0               0
'7690129'         0              0             0         0         1         0            0               0
'7690135'         0              0             0         0         1         0            0               0
'7690137'         0              0             0         0         1         0            0               0
'7690139'         0              0             1         0         0         0            0               0
'7690141'         0              0             0         0         1         0            0               0
'7690143'         0              0             0         0         1         0            0               0
'7690147'         0              0             0         0         1         0            0               0
'7690153'         0              0             0         0         1         0            0               0
'7690157'         0              0             0         0         1         0            0               0
'7690159'         0              0             0         0         1         0            0               0
'7690161'         0              0             0         0         1         0            0               0
'7690163'         0              0             0         0         1         0            0               0
'7690165'         0              0             0         0         1         0            0               0
'7690167'         0              0             0         0         1         0            0               0
'7690169'         0              0             0         0         1         0            0               0
'7690171'         0              0             0         0         1         0            0               0
'7690173'         0              0             0         0         1         0            0               0
'7690175'         0              0             0         0         1         0            0               0
'7690179'         0              0             0         0         1         0            0               0
'7690183'         0              0             1         0         0         0            0               0
'7690185'         0              0             0         0         1         0            0               0
'7690187'         0              0             0         0         1         0            0               0
'7690189'         0              0             0         0         1         0            0               0
'7690193'         0              0             0         0         1         0            0               0
'7690195'         0              0             1         0         0         0            0               0
'7690197'         0              0             0         0         1         0            0               0
'7690199'         0              0             0         0         1         0            0               0
'7690201'         0              0             1         0         0         0            0               0
'7690203'         0              0             1         0         0         0            0               0
'7690205'         0              0             1         0         0         0            0               0
'7690209'         0              0             0         0         1         0            0               0
'7690213'         0              0             0         0         1         0            0               0
'7690217'         0              0             1         0         0         0            0               0
'7690219'         0              0             1         0         0         0            0               0
'7690225'         0              0             1         0         0         0            0               0
'7690227'         0              0             0         0         1         0            0               0
'7690229'         0              0             1         0         0         0            0               0
'7690231'         0              0             0         0         1         0            0               0
'7690233'         0              0             0         0         1         0            0               0
'7690235'         0              0             0         0         1         0            0               0
'7690239'         0              0             1         0         0         0            0               0
'7690241'         0              0             1         0         0         0            0               0
'7690243'         0              0             1         0         0         0            0               0
'7690245'         0              0             1         0         0         0            0               0
'7690249'         0              0             1         0         0         0            0               0
'7690253'         0              0             1         0         0         0            0               0
'7690255'         0              0             1         0         0         0            0               0
'7690257'         0              0             1         0         0         0            0               0
'7690259'         0              0             1         0         0         0            0               0
'7690261'         0              0             0         0         1         0            0               0
'7690265'         0              0             0         0         0         0            1               0
'7690267'         0              0             1         0         0         0            0               0
'7690271'         0              0             0         0         0         0            1               0
'7690273'         0              0             0         0         1         0            0               0
'7690275'         0              0             0         0         0         0            1               0
'7690279'         0              0             1         0         0         0            0               0
'7690281'         0              0             0         0         1         0            0               0
'7690283'         0              0             0         0         1         0            0               0
'7690285'         0              0             1         0         0         0            0               0
'7690287'         0              0             1         0         0         0            0               0
'7690291'         0              0             1         0         0         0            0               0
'7690293'         0              0             0         0         1         0            0               0
'7690299'         0              0             0         0         1         0            0               0
'7690301'         0              0             1         0         0         0            0               0
'7690303'         0              0             0         0         0         0            1               0
'7690307'         0              0             0         0         1         0            0               0
'7690309'         0              0             0         0         0         0            1               0
'7690311'         0              0             1         0         0         0            0               0
'7690315'         0              0             1         0         0         0            0               0
'7690317'         0              0             1         0         0         0            0               0
'7690319'         0              0             0         0         1         0            0               0
'7690321'         0              0             0         0         0         0            1               0
'7690323'         0              0             0         0         0         0            1               0
'7690325'         0              0             0         0         0         0            1               0
'7690327'         0              0             1         0         0         0            0               0
'7690329'         0              0             0         0         0         0            1               0
'7690331'         0              0             0         0         0         0            1               0
'7690333'         0              0             0         0         1         0            0               0
'7690337'         0              0             0         0         0         0            1               0
'7690339'         0              0             0         0         0         0            1               0
'7690341'         0              0             1         0         0         0            0               0
'7690343'         0              0             0         0         1         0            0               0
'7690345'         0              0             0         0         0         0            1               0
'7690351'         0              0             0         0         1         0            0               0
'7690353'         0              0             1         0         0         0            0               0
'7690355'         0              0             1         0         0         0            0               0
'7690363'         0              0             1         0         0         0            0               0
'7690365'         0              0             1         0         0         0            0               0
'7690369'         0              0             1         0         0         0            0               0
'7690371'         0              0             1         0         0         0            0               0
'7690373'         0              0             1         0         0         0            0               0
'7690377'         0              0             1         0         0         0            0               0
'7690379'         0              0             1         0         0         0            0               0
'7690381'         0              0             1         0         0         0            0               0
'7690383'         0              0             0         0         1         0            0               0
'7690385'         0              0             0         0         1         0            0               0
'7690387'         0              0             0         0         0         1            0               0
'7690389'         0              0             1         0         0         0            0               0
'7690391'         0              0             1         0         0         0            0               0
'7690393'         0              0             0         0         1         0            0               0
'7690395'         0              0             0         0         1         0            0               0
'7690397'         0              0             1         0         0         0            0               0
'7690399'         0              0             0         0         1         0            0               0
'7690401'         0              0             1         0         0         0            0               0
'7690403'         0              0             1         0         0         0            0               0
'7690405'         0              0             1         0         0         0            0               0
'7690407'         0              0             1         0         0         0            0               0
'7690409'         0              0             1         0         0         0            0               0
'7690411'         0              0             0         0         1         0            0               0
'7690415'         0              0             0         0         0         0            1               0
'7690417'         0              0             1         0         0         0            0               0
'7690419'         0              0             1         0         0         0            0               0
'7690421'         0              0             1         0         0         0            0               0
'7690423'         0              0             1         0         0         0            0               0
'7690425'         0              0             1         0         0         0            0               0
'7690429'         0              0             0         0         0         0            1               0
'7690431'         0              0             1         0         0         0            0               0
'7690433'         0              0             1         0         0         0            0               0
'7690435'         0              0             1         0         0         0            0               0
'7690439'         0              0             0         0         1         0            0               0
'7690441'         0              0             1         0         0         0            0               0
'7690443'         0              0             1         0         0         0            0               0
'7690445'         0              0             1         0         0         0            0               0
'7690451'         0              0             0         0         1         0            0               0
'7690453'         0              0             1         0         0         0            0               0
'7690455'         0              0             0         0         1         0            0               0
'7690457'         0              0             0         0         1         0            0               0
'7690459'         0              0             0         0         1         0            0               0
'7690461'         0              0             0         0         1         0            0               0
'7690465'         0              0             1         0         0         0            0               0
'7690467'         0              0             1         0         0         0            0               0
'7690469'         0              0             0         0         1         0            0               0
'7690471'         0              0             0         0         1         0            0               0
'7690475'         0              0             0         0         1         0            0               0
'7690479'         0              0             1         0         0         0            0               0
'7690481'         0              0             1         0         0         0            0               0
'7690487'         0              0             1         0         0         0            0               0
'7690491'         0              0             1         0         0         0            0               0
'7690493'         0              0             1         0         0         0            0               0
'7690495'         0              0             1         0         0         0            0               0
'7690497'         0              0             0         0         1         0            0               0
'7690499'         0              0             0         0         1         0            0               0
'7690501'         0              0             1         0         0         0            0               0
'7690507'         0              0             1         0         0         0            0               0
'7690509'         0              0             1         0         0         0            0               0
'7690511'         0              0             0         0         1         0            0               0
'7690513'         0              0             0         0         1         0            0               0
'7690517'         0              0             0         0         1         0            0               0
'7690519'         0              0             1         0         0         0            0               0
'7690521'         0              0             1         0         0         0            0               0
'7690523'         0              0             1         0         0         0            0               0
'7690525'         0              0             1         0         0         0            0               0
'7690529'         0              0             0         0         1         0            0               0
'7690531'         0              0             1         0         0         0            0               0
'7690535'         0              0             1         0         0         0            0               0
'7690537'         0              0             0         0         1         0            0               0
'7690539'         0              0             1         0         0         0            0               0
'7690541'         0              0             1         0         0         0            0               0
'7690543'         0              0             1         0         0         0            0               0
'7690545'         0              0             1         0         0         0            0               0
'7690547'         0              0             1         0         0         0            0               0
'7690553'         0              0             1         0         0         0            0               0
'7690555'         0              0             1         0         0         0            0               0
'7690557'         0              0             1         0         0         0            0               0
'7690559'         0              0             1         0         0         0            0               0
'7690563'         0              0             1         0         0         0            0               0
'7690565'         0              0             1         0         0         0            0               0
'7690573'         0              0             1         0         0         0            0               0
'7690575'         0              0             1         0         0         0            0               0
'7690577'         0              0             1         0         0         0            0               0
'7690581'         0              0             1         0         0         0            0               0
'7690583'         0              0             1         0         0         0            0               0
'7690585'         0              0             0         1         0         0            0               0
'7690589'         0              0             1         0         0         0            0               0
'7690591'         0              0             1         0         0         0            0               0
'7690593'         0              0             1         0         0         0            0               0
'7690597'         0              0             0         0         1         0            0               0
'7690599'         0              0             1         0         0         0            0               0
'7690603'         0              0             1         0         0         0            0               0
'7690609'         0              0             1         0         0         0            0               0
'7690611'         0              0             1         0         0         0            0               0
'7690613'         0              0             0         0         1         0            0               0
'7690615'         0              0             1         0         0         0            0               0
'7690619'         0              0             1         0         0         0            0               0
'7690621'         0              0             0         0         1         0            0               0
'7690623'         0              0             1         0         0         0            0               0
'7690625'         0              0             1         0         0         0            0               0
'7690629'         0              0             1         0         0         0            0               0
'7690635'         0              0             1         0         0         0            0               0
'7690637'         0              0             1         0         0         0            0               0
'7690641'         0              0             0         0         1         0            0               0
'7690643'         0              0             1         0         0         0            0               0
'7690645'         0              0             1         0         0         0            0               0
'7690647'         0              0             1         0         0         0            0               0
'7690649'         0              0             1         0         0         0            0               0
'7690651'         0              0             1         0         0         0            0               0
'7690653'         0              0             1         0         0         0            0               0
'7690657'         0              0             1         0         0         0            0               0
'7690661'         0              0             1         0         0         0            0               0
'7690667'         0              0             0         0         1         0            0               0
'7690669'         0              0             1         0         0         0            0               0
'7690671'         0              0             1         0         0         0            0               0
'7690673'         0              0             1         0         0         0            0               0
'7690675'         0              0             1         0         0         0            0               0
'7690677'         0              0             1         0         0         0            0               0
'7690679'         0              0             1         0         0         0            0               0
'7690681'         0              0             1         0         0         0            0               0
'7690685'         0              0             1         0         0         0            0               0
'7690689'         0              0             1         0         0         0            0               0
'7690691'         0              0             1         0         0         0            0               0
'7690695'         0              0             1         0         0         0            0               0
'7690697'         0              0             1         0         0         0            0               0
'7690699'         0              0             1         0         0         0            0               0
'7690701'         0              0             1         0         0         0            0               0
'7690703'         0              0             1         0         0         0            0               0
'7690705'         0              0             1         0         0         0            0               0
'7690709'         0              0             1         0         0         0            0               0
'7690711'         0              0             1         0         0         0            0               0
'7690713'         0              0             1         0         0         0            0               0
'7690715'         0              0             1         0         0         0            0               0
'7690721'         0              0             1         0         0         0            0               0
'7690729'         0              0             1         0         0         0            0               0
'7690733'         0              0             1         0         0         0            0               0
'7690735'         0              0             1         0         0         0            0               0
'7690737'         0              0             1         0         0         0            0               0
'7690739'         0              0             1         0         0         0            0               0
'7690741'         0              0             1         0         0         0            0               0
'7690743'         0              0             1         0         0         0            0               0
'7690745'         0              0             1         0         0         0            0               0
'7690747'         0              0             1         0         0         0            0               0
'7690749'         0              0             1         0         0         0            0               0
'7690753'         0              0             1         0         0         0            0               0
'7690757'         0              0             1         0         0         0            0               0
'7690759'         0              0             1         0         0         0            0               0
'7690761'         0              0             1         0         0         0            0               0
'7690765'         0              0             1         0         0         0            0               0
'7690767'         0              0             1         0         0         0            0               0
'7690769'         0              0             1         0         0         0            0               0
'7690771'         0              0             1         0         0         0            0               0
'7690773'         0              0             1         0         0         0            0               0
'7690775'         0              0             1         0         0         0            0               0
'7690777'         0              0             1         0         0         0            0               0
'7690779'         0              0             1         0         0         0            0               0
'7690783'         0              0             1         0         0         0            0               0
'7690789'         0              0             1         0         0         0            0               0
'7690791'         0              0             1         0         0         0            0               0
'7690793'         0              0             1         0         0         0            0               0
'7690795'         0              0             1         0         0         0            0               0
'7690797'         0              0             1         0         0         0            0               0
'7690799'         0              0             1         0         0         0            0               0
'7690801'         0              0             1         0         0         0            0               0
'7690803'         0              0             1         0         0         0            0               0
'7690809'         0              0             1         0         0         0            0               0
'7690811'         0              0             1         0         0         0            0               0
'7690813'         0              0             1         0         0         0            0               0
'7690815'         0              0             1         0         0         0            0               0
'7690817'         0              0             1         0         0         0            0               0
'7690821'         0              0             1         0         0         0            0               0
'7690825'         0              0             1         0         0         0            0               0
'7691307'         0              0             1         0         0         0            0               0
'7691311'         0              0             1         0         0         0            0               0
'7691313'         0              0             1         0         0         0            0               0
'7691315'         0              0             1         0         0         0            0               0
'7691317'         0              0             1         0         0         0            0               0
'7691319'         0              0             1         0         0         0            0               0
'7691323'         0              0             0         0         1         0            0               0
'7691325'         0              0             0         0         1         0            0               0
'7691327'         0              0             1         0         0         0            0               0
'7691329'         0              0             0         0         1         0            0               0
'7691331'         0              0             1         0         0         0            0               0
'7691333'         0              0             1         0         0         0            0               0
'7691335'         0              0             1         0         0         0            0               0
'7691337'         0              0             0         0         1         0            0               0
'7691341'         0              0             1         0         0         0            0               0
'7691343'         0              0             0         0         1         0            0               0
'7691345'         0              0             0         0         1         0            0               0
'7691347'         0              0             1         0         0         0            0               0
'7691351'         0              0             1         0         0         0            0               0
'7691353'         0              0             1         0         0         0            0               0
'7691355'         0              0             0         0         1         0            0               0
'7691357'         0              0             0         0         1         0            0               0
'7691359'         0              0             1         0         0         0            0               0
'7691361'         0              0             1         0         0         0            0               0
'7691365'         0              0             1         0         0         0            0               0
'7691367'         0              0             0         0         1         0            0               0
'7691369'         0              0             1         0         0         0            0               0
'7691371'         0              0             1         0         0         0            0               0
'7691373'         0              0             0         0         1         0            0               0
'7691377'         0              0             0         0         1         0            0               0
'7691383'         0              0             0         0         1         0            0               0
'7691385'         0              0             1         0         0         0            0               0
'7691387'         0              0             0         0         1         0            0               0
'7691389'         0              0             0         0         1         0            0               0
'7691391'         0              0             1         0         0         0            0               0
'7691393'         0              0             1         0         0         0            0               0
'7691395'         0              0             0         0         1         0            0               0
'7691397'         0              0             1         0         0         0            0               0
'7691399'         0              0             1         0         0         0            0               0
'7691401'         0              0             0         0         1         0            0               0
'7691403'         0              0             0         0         1         0            0               0
'7691405'         0              0             0         0         1         0            0               0
'7691407'         0              0             0         0         1         0            0               0
'7691411'         0              0             0         0         1         0            0               0
'7691415'         0              0             0         0         1         0            0               0
'7691417'         0              0             0         0         1         0            0               0
'7691419'         0              0             0         0         1         0            0               0
'7691423'         0              0             0         0         1         0            0               0
'7691425'         0              0             0         0         1         0            0               0
'7691427'         0              0             0         0         1         0            0               0
'7691429'         0              0             0         0         1         0            0               0
'7691433'         0              0             0         0         1         0            0               0
'7691435'         0              0             1         0         0         0            0               0
'7691439'         0              0             0         0         1         0            0               0
'7691443'         0              0             0         0         1         0            0               0
'7691445'         0              0             0         0         1         0            0               0
'7691447'         0              0             0         0         1         0            0               0
'7691457'         0              0             0         0         1         0            0               0
'7691461'         0              0             0         0         1         0            0               0
'7691463'         0              0             0         1         0         0            0               0
'7691465'         0              0             0         1         0         0            0               0
'7691467'         0              0             0         0         1         0            0               0
'7691469'         0              0             0         0         1         0            0               0
'7691471'         0              0             0         0         1         0            0               0
'7691473'         0              0             1         0         0         0            0               0
'7691475'         0              0             1         0         0         0            0               0
'7691477'         0              0             0         0         1         0            0               0
'7691483'         0              0             0         0         1         0            0               0
'7691485'         0              0             0         0         1         0            0               0
'7691487'         0              0             0         0         1         0            0               0
'7691489'         0              0             0         0         1         0            0               0
'7691491'         0              0             0         0         1         0            0               0
'7691493'         0              0             0         0         1         0            0               0
'7691495'         0              0             0         0         1         0            0               0
'7691497'         0              0             1         0         0         0            0               0
'7691499'         0              0             1         0         0         0            0               0
'7691501'         0              0             0         0         1         0            0               0
'7691503'         0              0             0         0         1         0            0               0
'7691505'         0              0             0         0         0         0            1               0
'7691507'         0              0             1         0         0         0            0               0
'7691509'         0              0             1         0         0         0            0               0
'7691511'         0              0             1         0         0         0            0               0
'7691513'         0              0             1         0         0         0            0               0
'7691515'         0              0             1         0         0         0            0               0
'7691517'         0              0             1         0         0         0            0               0
'7691519'         0              0             1         0         0         0            0               0
'7691521'         0              0             1         0         0         0            0               0
'7691523'         0              0             1         0         0         0            0               0
'7691525'         0              0             0         0         1         0            0               0
'7691527'         0              0             0         0         1         0            0               0
'7691529'         0              0             0         0         0         0            1               0
'7691531'         0              0             0         0         0         0            1               0
'7691533'         0              0             0         0         1         0            0               0
'7691535'         0              0             0         0         1         0            0               0
'7691537'         0              0             0         0         1         0            0               0
'7691539'         0              0             0         0         1         0            0               0
'7691541'         0              0             0         0         1         0            0               0
'7691543'         0              0             1         0         0         0            0               0
'7691545'         0              0             0         0         1         0            0               0
'7691547'         0              0             0         0         1         0            0               0
'7691549'         0              0             1         0         0         0            0               0
'7691551'         0              0             1         0         0         0            0               0
'7691553'         0              0             1         0         0         0            0               0
'7691555'         0              0             0         0         1         0            0               0
'7691557'         0              0             1         0         0         0            0               0
'7691561'         0              0             1         0         0         0            0               0
'7691563'         0              0             1         0         0         0            0               0
'7691565'         0              0             1         0         0         0            0               0
'7691567'         0              0             0         0         1         0            0               0
'7691569'         0              0             1         0         0         0            0               0
'7691571'         0              0             1         0         0         0            0               0
'7691573'         0              0             1         0         0         0            0               0
'7691575'         0              0             1         0         0         0            0               0
'7691577'         0              0             0         0         1         0            0               0
'7691579'         0              0             0         0         1         0            0               0
'7691581'         0              0             1         0         0         0            0               0
'7691583'         0              0             1         0         0         0            0               0
'7691585'         0              0             1         0         0         0            0               0
'7691587'         0              0             1         0         0         0            0               0
'7691589'         0              0             0         0         1         0            0               0
'7691591'         0              0             0         0         1         0            0               0
'7691593'         0              0             0         0         1         0            0               0
'7691595'         0              0             1         0         0         0            0               0
'7691597'         0              0             0         0         1         0            0               0
'7691603'         0              0             1         0         0         0            0               0
'7691605'         0              0             0         0         1         0            0               0
'7691607'         0              0             1         0         0         0            0               0
'7691609'         0              0             0         0         1         0            0               0
'7691611'         0              0             0         0         1         0            0               0
'7691613'         0              0             0         0         1         0            0               0
'7691615'         0              0             1         0         0         0            0               0
'7691617'         0              0             1         0         0         0            0               0
'7691619'         0              0             1         0         0         0            0               0
'7691621'         0              0             1         0         0         0            0               0
'7691623'         0              0             1         0         0         0            0               0
'7691625'         0              0             1         0         0         0            0               0
'7691627'         0              0             0         0         1         0            0               0
'7691629'         0              0             0         1         0         0            0               0
'7691631'         0              0             0         0         1         0            0               0
'7691633'         0              0             1         0         0         0            0               0
'7691637'         0              0             0         0         1         0            0               0
'7691639'         0              0             0         0         1         0            0               0
'7691641'         0              0             1         0         0         0            0               0
'7691643'         0              0             0         0         1         0            0               0
'7691645'         0              0             0         0         1         0            0               0
'7691647'         0              0             1         0         0         0            0               0
'7691649'         0              0             1         0         0         0            0               0
'7691651'         0              0             1         0         0         0            0               0
'7691655'         0              0             0         1         0         0            0               0
'7691657'         0              0             0         0         1         0            0               0
'7691659'         0              0             0         0         1         0            0               0
'7691661'         0              0             1         0         0         0            0               0
'7691663'         0              0             1         0         0         0            0               0
'7691665'         0              0             0         0         1         0            0               0
'7691673'         0              0             0         0         1         0            0               0
'7691675'         0              0             0         0         1         0            0               0
'7691677'         0              0             1         0         0         0            0               0
'7691679'         0              0             0         0         1         0            0               0
'7691683'         0              0             1         0         0         0            0               0
'7691685'         0              0             0         0         1         0            0               0
'7691687'         0              0             0         0         1         0            0               0
'7691689'         0              0             0         0         1         0            0               0
'7691691'         0              0             0         0         1         0            0               0
'7691695'         0              0             1         0         0         0            0               0
'7691697'         0              0             1         0         0         0            0               0
'7691699'         0              0             1         0         0         0            0               0
'7691701'         0              0             0         0         1         0            0               0
'7691703'         0              0             1         0         0         0            0               0
'7691705'         0              0             1         0         0         0            0               0
'7691707'         0              0             1         0         0         0            0               0
'7691709'         0              0             1         0         0         0            0               0
'7691711'         0              0             0         0         1         0            0               0
'7691713'         0              0             1         0         0         0            0               0
'7691717'         0              0             1         0         0         0            0               0
'7691719'         0              0             1         0         0         0            0               0
'7691721'         0              0             1         0         0         0            0               0
'7691723'         0              0             1         0         0         0            0               0
'7691725'         0              0             1         0         0         0            0               0
'7691727'         0              0             1         0         0         0            0               0
'7691729'         0              0             1         0         0         0            0               0
'7691733'         0              0             1         0         0         0            0               0
'7691735'         0              0             1         0         0         0            0               0
'7691739'         0              0             1         0         0         0            0               0
'7691741'         0              0             1         0         0         0            0               0
'7691743'         0              0             1         0         0         0            0               0
'7691745'         0              0             1         0         0         0            0               0
'7691747'         0              0             1         0         0         0            0               0
'7691749'         0              0             1         0         0         0            0               0
'7691751'         0              0             1         0         0         0            0               0
'7691753'         0              0             1         0         0         0            0               0
'7691755'         0              0             1         0         0         0            0               0
'7691759'         0              0             1         0         0         0            0               0
'7691761'         0              0             1         0         0         0            0               0
'7691763'         0              0             1         0         0         0            0               0
'7691765'         0              0             1         0         0         0            0               0
'7691767'         0              0             1         0         0         0            0               0
'7691769'         0              0             1         0         0         0            0               0
'7691771'         0              0             1         0         0         0            0               0
'7691773'         0              0             0         0         1         0            0               0
'7691775'         0              0             0         0         1         0            0               0
'7691777'         0              0             1         0         0         0            0               0
'7691785'         0              0             0         0         1         0            0               0
'7691787'         0              0             0         0         1         0            0               0
'7691789'         0              0             0         0         1         0            0               0
'7691791'         0              0             1         0         0         0            0               0
'7691795'         0              0             0         0         1         0            0               0
'7691799'         0              0             0         0         1         0            0               0
'7691805'         0              0             0         0         1         0            0               0
'7691807'         0              0             1         0         0         0            0               0
'7691809'         0              0             1         0         0         0            0               0
'7691819'         0              0             1         0         0         0            0               0
'7691823'         0              0             1         0         0         0            0               0
'7691825'         0              0             1         0         0         0            0               0
'7691827'         0              0             1         0         0         0            0               0
'7691831'         0              0             0         0         1         0            0               0
'7691833'         0              0             0         0         1         0            0               0
'7691843'         0              0             0         0         1         0            0               0
'7691847'         0              0             1         0         0         0            0               0
'7691853'         0              0             1         0         0         0            0               0
'7691863'         0              0             0         0         1         0            0               0
'7691877'         0              0             1         0         0         0            0               0
'7691879'         0              0             0         0         1         0            0               0
'7691883'         0              0             0         0         1         0            0               0
'7691885'         0              0             1         0         0         0            0               0
'7691891'         0              0             0         0         1         0            0               0
'7691893'         0              0             0         0         1         0            0               0
'7691895'         0              0             1         0         0         0            0               0
'7691897'         0              0             1         0         0         0            0               0
'7691901'         0              0             1         0         0         0            0               0
'7691911'         0              0             0         0         1         0            0               0
'7691915'         0              0             1         0         0         0            0               0
'7691919'         0              0             0         0         1         0            0               0
'7691923'         0              0             1         0         0         0            0               0
'7691927'         0              0             0         0         0         0            1               0
'7691929'         0              0             0         0         0         0            1               0
'7691935'         0              0             1         0         0         0            0               0
'7691939'         0              0             1         0         0         0            0               0
'7691943'         0              0             0         0         1         0            0               0
'7691945'         0              0             0         0         0         0            1               0
'7691947'         0              0             1         0         0         0            0               0
'7691955'         0              0             1         0         0         0            0               0
'7691957'         0              0             1         0         0         0            0               0
'7691961'         0              0             1         0         0         0            0               0
'7691963'         0              0             1         0         0         0            0               0
'7691967'         0              0             1         0         0         0            0               0
'7691969'         0              0             1         0         0         0            0               0
'7691975'         0              0             0         0         0         0            1               0
'7691977'         0              0             1         0         0         0            0               0
'7691979'         0              0             1         0         0         0            0               0
'7691981'         0              0             1         0         0         0            0               0
'7691983'         0              0             0         0         1         0            0               0
'7691987'         0              0             0         0         1         0            0               0
'7691991'         0              0             1         0         0         0            0               0
'7691997'         0              0             1         0         0         0            0               0
'7692001'         0              0             1         0         0         0            0               0
'7692003'         0              0             1         0         0         0            0               0
'7692005'         0              0             1         0         0         0            0               0
'7692007'         0              0             1         0         0         0            0               0
'7692013'         0              0             0         1         0         0            0               0
'7692015'         0              0             1         0         0         0            0               0
'7692017'         0              0             0         0         1         0            0               0
'7692019'         0              0             1         0         0         0            0               0
'7692023'         0              0             1         0         0         0            0               0
'7692025'         0              0             1         0         0         0            0               0
'7692027'         0              0             1         0         0         0            0               0
'7692029'         0              0             1         0         0         0            0               0
'7692033'         0              0             0         0         0         0            1               0
'7692035'         0              0             1         0         0         0            0               0
'7692041'         0              0             1         0         0         0            0               0
'7692043'         0              0             0         0         1         0            0               0
'7692045'         0              0             1         0         0         0            0               0
'7692047'         0              0             1         0         0         0            0               0
'7692051'         0              0             1         0         0         0            0               0
'7692053'         0              0             1         0         0         0            0               0
'7692055'         0              0             1         0         0         0            0               0
'7692063'         0              0             1         0         0         0            0               0
'7692071'         0              0             0         0         1         0            0               0
'7692077'         0              0             0         0         1         0            0               0
'7692079'         0              0             0         0         1         0            0               0
'7692087'         0              0             0         0         1         0            0               0
'7692093'         0              0             0         0         1         0            0               0
'7692095'         0              0             0         0         1         0            0               0
'7692103'         0              0             0         0         1         0            0               0
'7692105'         0              0             1         0         0         0            0               0
'7692109'         0              0             1         0         0         0            0               0
'7692113'         0              0             0         0         1         0            0               0
'7692127'         0              0             1         0         0         0            0               0
'7692129'         0              0             1         0         0         0            0               0
'7692131'         0              0             1         0         0         0            0               0
'7692143'         0              0             1         0         0         0            0               0
'7692145'         0              0             1         0         0         0            0               0
'7692147'         0              0             1         0         0         0            0               0
'7692149'         0              0             1         0         0         0            0               0
'7692153'         0              0             1         0         0         0            0               0
'7692155'         0              0             1         0         0         0            0               0
'7692169'         0              0             1         0         0         0            0               0
'7692177'         0              0             1         0         0         0            0               0
'7692183'         0              0             1         0         0         0            0               0
'7692185'         0              0             1         0         0         0            0               0
'7692189'         0              0             1         0         0         0            0               0
'7692191'         0              0             1         0         0         0            0               0
'7692197'         0              0             1         0         0         0            0               0
'7692203'         0              0             1         0         0         0            0               0
'7692205'         0              0             1         0         0         0            0               0
'7692207'         0              0             1         0         0         0            0               0
'7692213'         0              0             1         0         0         0            0               0
'7692215'         0              0             1         0         0         0            0               0
'7692221'         0              0             0         0         1         0            0               0
'7692223'         0              0             0         0         1         0            0               0
'7692225'         0              0             0         0         1         0            0               0
'7692233'         0              0             0         0         0         0            1               0
'7692247'         0              0             0         0         1         0            0               0
'7692257'         0              0             1         0         0         0            0               0
'7692259'         0              0             1         0         0         0            0               0
'7692261'         0              0             1         0         0         0            0               0
'7692263'         0              0             0         0         1         0            0               0
'7692265'         0              0             0         0         1         0            0               0
'7692267'         0              0             1         0         0         0            0               0
'7692269'         0              0             1         0         0         0            0               0
'7692271'         0              0             1         0         0         0            0               0
'7692277'         0              0             0         0         1         0            0               0
'7692279'         0              0             1         0         0         0            0               0
'7692285'         0              0             1         0         0         0            0               0
'7692287'         0              0             0         0         1         0            0               0
'7692289'         0              0             0         0         1         0            0               0
'7692291'         0              0             1         0         0         0            0               0
'7692295'         0              0             1         0         0         0            0               0
'7692297'         0              0             0         0         0         0            1               0
'7692299'         0              0             1         0         0         0            0               0
'7692301'         0              0             0         0         1         0            0               0
'7692303'         0              0             1         0         0         0            0               0
'7692307'         0              0             0         0         0         0            1               0
'7692309'         0              0             1         0         0         0            0               0
'7692313'         0              0             0         0         1         0            0               0
'7692315'         0              0             0         0         1         0            0               0
'7692317'         0              0             0         0         1         0            0               0
'7692319'         0              0             0         0         1         0            0               0
'7692321'         0              0             0         0         1         0            0               0
'7692325'         0              0             1         0         0         0            0               0
'7692329'         0              0             0         0         1         0            0               0
'7692331'         0              0             1         0         0         0            0               0
'7692333'         0              0             0         0         1         0            0               0
'7692335'         0              0             1         0         0         0            0               0
'7692337'         0              0             1         0         0         0            0               0
'7692339'         0              0             0         0         1         0            0               0
'7692341'         0              0             1         0         0         0            0               0
'7692343'         0              0             1         0         0         0            0               0
'7692345'         0              0             1         0         0         0            0               0
'7692347'         0              0             1         0         0         0            0               0
'7692349'         0              0             1         0         0         0            0               0
'7692353'         0              0             0         0         1         0            0               0
'7692355'         0              0             1         0         0         0            0               0
'7692357'         0              0             1         0         0         0            0               0
'7692361'         0              0             1         0         0         0            0               0
'7692365'         0              0             1         0         0         0            0               0
'7692367'         0              0             1         0         0         0            0               0
'7692369'         0              0             1         0         0         0            0               0
'7692375'         0              0             0         0         1         0            0               0
'7692377'         0              0             0         0         1         0            0               0
'7692383'         0              0             0         0         1         0            0               0
'7692385'         0              0             1         0         0         0            0               0
'7692387'         0              0             1         0         0         0            0               0
'7692391'         0              0             1         0         0         0            0               0
'7692399'         0              0             1         0         0         0            0               0
'7692401'         0              0             1         0         0         0            0               0
'7692403'         0              0             1         0         0         0            0               0
'7692405'         0              0             0         0         1         0            0               0
'7692411'         0              0             0         0         1         0            0               0
'7692421'         0              0             0         0         1         0            0               0
'7692425'         0              0             1         0         0         0            0               0
'7692431'         0              0             0         0         1         0            0               0
'7692435'         0              0             0         1         0         0            0               0
'7692439'         0              0             0         0         1         0            0               0
'7692443'         0              0             1         0         0         0            0               0
'7692447'         0              0             1         0         0         0            0               0
'7692453'         0              0             1         0         0         0            0               0
'7692455'         0              0             1         0         0         0            0               0
'7692465'         0              0             1         0         0         0            0               0
'7692471'         0              0             1         0         0         0            0               0
'7692473'         0              0             1         0         0         0            0               0
'7692477'         0              0             0         0         1         0            0               0
'7692479'         0              0             0         0         1         0            0               0
'7692487'         0              0             1         0         0         0            0               0
'7692491'         0              0             1         0         0         0            0               0
'7692493'         0              0             1         0         0         0            0               0
'7692499'         0              0             1         0         0         0            0               0
'7692505'         0              0             0         1         0         0            0               0
'7694109'         0              0             0         0         1         0            0               0
'7694117'         0              0             0         0         1         0            0               0
'7694125'         0              0             0         0         1         0            0               0
'7698020'         0              0             1         0         0         0            0               0
'7698022'         0              0             1         0         0         0            0               0
'7698030'         0              0             1         0         0         0            0               0
'7698036'         0              0             1         0         0         0            0               0
'7698040'         0              0             1         0         0         0            0               0
'7698046'         0              0             1         0         0         0            0               0
'7698892'         0              0             1         0         0         0            0               0
'7698896'         0              0             1         0         0         0            0               0
'7698910'         0              0             1         0         0         0            0               0
'7698924'         0              0             1         0         0         0            0               0
'7698936'         0              0             1         0         0         0            0               0
'9332374'         0              0             0         0         1         0            0               0
'9332382'         0              0             0         0         1         0            0               0
'9332572'         0              0             0         0         1         0            0               0
'9342549'         0              0             1         0         0         0            0               0
'9342551'         0              0             1         0         0         0            0               0
'9342553'         0              0             1         0         0         0            0               0
'9342555'         0              0             1         0         0         0            0               0
'9342559'         0              0             1         0         0         0            0               0
'9342561'         0              0             1         0         0         0            0               0
'9342563'         0              0             1         0         0         0            0               0
'9342569'         0              0             1         0         0         0            0               0
'9342571'         0              0             1         0         0         0            0               0
'9342573'         0              0             1         0         0         0            0               0
'9342575'         0              0             1         0         0         0            0               0
'9342585'         0              0             1         0         0         0            0               0
'9342587'         0              0             1         0         0         0            0               0
'9342589'         0              0             1         0         0         0            0               0
'9342593'         0              0             1         0         0         0            0               0
'9342595'         0              0             1         0         0         0            0               0
'9342597'         0              0             1         0         0         0            0               0
'9342599'         0              0             1         0         0         0            0               0
'9342605'         0              0             1         0         0         0            0               0
'9342609'         0              0             1         0         0         0            0               0
'9342611'         0              0             1         0         0         0            0               0
'9342613'         0              0             1         0         0         0            0               0
'9342617'         0              0             0         0         1         0            0               0
'9342619'         0              0             0         0         1         0            0               0
'9342621'         0              0             0         0         1         0            0               0
'9342623'         0              0             0         0         1         0            0               0
'9342625'         0              0             0         0         1         0            0               0
'9342627'         0              0             0         0         1         0            0               0
'9342631'         0              0             0         0         1         0            0               0
'9342633'         0              0             0         0         1         0            0               0
'9342639'         0              0             0         0         1         0            0               0
'9342755'         0              0             1         0         0         0            0               0
'9342757'         0              0             1         0         0         0            0               0
'9342761'         0              0             1         0         0         0            0               0
'9342763'         0              0             1         0         0         0            0               0
'9342765'         0              0             1         0         0         0            0               0
'9342767'         0              0             1         0         0         0            0               0
'9342769'         0              0             0         0         1         0            0               0
'9342771'         0              0             0         0         1         0            0               0
'9342775'         0              0             0         0         1         0            0               0
'9342783'         0              0             1         0         0         0            0               0
'9342785'         0              0             1         0         0         0            0               0
'9342787'         0              0             1         0         0         0            0               0
'9342789'         0              0             1         0         0         0            0               0
'9342797'         0              0             1         0         0         0            0               0
'9342799'         0              0             1         0         0         0            0               0
'9342809'         0              0             1         0         0         0            0               0
'9342813'         0              0             1         0         0         0            0               0
'9342817'         0              0             1         0         0         0            0               0
'9342819'         0              0             1         0         0         0            0               0
'9342823'         0              0             1         0         0         0            0               0
'9342833'         0              0             1         0         0         0            0               0
'9342835'         0              0             1         0         0         0            0               0
'9342839'         0              0             1         0         0         0            0               0
'9342841'         0              0             0         0         1         0            0               0
'9342843'         0              0             1         0         0         0            0               0
'9342845'         0              0             0         0         1         0            0               0
'9342847'         0              0             0         0         1         0            0               0
'9342849'         0              0             0         0         1         0            0               0
'9342851'         0              0             0         0         1         0            0               0
'9342853'         0              0             0         0         1         0            0               0
'9343237'         0              0             1         0         0         0            0               0
'9343239'         0              0             1         0         0         0            0               0
'9343245'         0              0             1         0         0         0            0               0
'9343269'         0              0             0         0         1         0            0               0
'9343271'         0              0             0         0         1         0            0               0
'9343273'         0              0             0         0         1         0            0               0
'9343275'         0              0             0         0         1         0            0               0
'9343281'         0              0             1         0         0         0            0               0
'9343283'         0              0             0         0         1         0            0               0
'9343285'         0              0             0         0         1         0            0               0
'9343287'         0              0             0         0         1         0            0               0
'9343293'         0              0             0         0         1         0            0               0
'9343299'         0              0             0         0         1         0            0               0
'9343301'         0              0             1         0         0         0            0               0
'9343303'         0              0             1         0         0         0            0               0
'9343311'         0              0             1         0         0         0            0               0
'9343313'         0              0             1         0         0         0            0               0
'9343315'         0              0             1         0         0         0            0               0
'9343317'         0              0             1         0         0         0            0               0
'9343327'         0              0             0         0         1         0            0               0
'9343329'         0              0             0         0         1         0            0               0
'9343331'         0              0             1         0         0         0            0               0
'9343337'         0              0             0         0         1         0            0               0
'9343339'         0              0             0         0         1         0            0               0
'9343341'         0              0             0         0         1         0            0               0
'9343343'         0              0             1         0         0         0            0               0
'9343345'         0              0             1         0         0         0            0               0
'9343347'         0              0             0         0         1         0            0               0
'9343349'         0              0             0         0         1         0            0               0
'9343351'         0              0             1         0         0         0            0               0
'9343353'         0              0             1         0         0         0            0               0
'9343355'         0              0             0         0         1         0            0               0
'9343359'         0              0             0         0         1         0            0               0
'9343361'         0              0             1         0         0         0            0               0
'9343363'         0              0             1         0         0         0            0               0
'9343365'         0              0             1         0         0         0            0               0
'9343369'         0              0             0         0         1         0            0               0
'9343373'         0              0             0         0         1         0            0               0
'9343375'         0              0             1         0         0         0            0               0
'9343377'         0              0             0         0         1         0            0               0
'9343379'         0              0             0         0         1         0            0               0
'9343381'         0              0             0         0         1         0            0               0
'9343385'         0              0             1         0         0         0            0               0
'9343391'         0              0             0         0         1         0            0               0
'9343393'         0              0             0         0         1         0            0               0
'9343395'         0              0             0         0         1         0            0               0
'9343397'         0              0             1         0         0         0            0               0
'9343401'         0              0             0         0         1         0            0               0
'9343403'         0              0             0         0         1         0            0               0
'9343405'         0              0             0         0         1         0            0               0
'9343407'         0              0             0         0         1         0            0               0
'9343409'         0              0             0         0         1         0            0               0
'9343411'         0              0             0         0         1         0            0               0
'9343413'         0              0             0         0         1         0            0               0
'9343415'         0              0             0         0         1         0            0               0
'9343421'         0              0             0         0         1         0            0               0
'9343423'         0              0             0         0         1         0            0               0
'9343425'         0              0             0         0         1         0            0               0
'9343427'         0              0             0         0         1         0            0               0
'9343429'         0              0             0         0         1         0            0               0
'9343431'         0              0             0         0         1         0            0               0
'9343433'         0              0             0         0         1         0            0               0
'9343435'         0              0             0         0         1         0            0               0
'9343437'         0              0             0         0         1         0            0               0
'9343441'         0              0             0         0         1         0            0               0
'9343449'         0              0             0         0         1         0            0               0
'9343451'         0              0             0         0         1         0            0               0
'9343453'         0              0             0         0         1         0            0               0
'9343457'         0              0             0         0         1         0            0               0
'9343459'         0              0             0         0         1         0            0               0
'9343461'         0              0             0         0         1         0            0               0
'9343465'         0              0             0         0         1         0            0               0
'9343469'         0              0             0         0         1         0            0               0
'9343471'         0              0             0         0         1         0            0               0
'9343473'         0              0             0         0         1         0            0               0
'9343475'         0              0             0         0         1         0            0               0
'9343477'         0              0             0         0         1         0            0               0
'9343479'         0              0             0         0         1         0            0               0
'9343481'         0              0             0         0         1         0            0               0
'9343483'         0              0             0         0         1         0            0               0
'9343485'         0              0             0         0         1         0            0               0
'9343487'         0              0             0         0         1         0            0               0
'9343491'         0              0             0         0         1         0            0               0
'9343495'         0              0             0         0         1         0            0               0
'9343499'         0              0             0         0         1         0            0               0
'9343501'         0              0             0         0         1         0            0               0
'9343503'         0              0             0         0         1         0            0               0
'9343507'         0              0             0         0         1         0            0               0
'9343509'         0              0             0         0         1         0            0               0
'9343511'         0              0             0         0         1         0            0               0
'9343513'         0              0             0         0         1         0            0               0
'9343517'         0              0             0         0         1         0            0               0
'9343519'         0              0             0         0         1         0            0               0
'9343521'         0              0             0         0         1         0            0               0
'9343523'         0              0             0         0         1         0            0               0
'9343525'         0              0             0         0         1         0            0               0
'9343527'         0              0             0         0         1         0            0               0
'9343531'         0              0             0         0         1         0            0               0
'9343533'         0              0             0         0         1         0            0               0
'9343535'         0              0             0         0         1         0            0               0
'9343537'         0              0             0         0         1         0            0               0
'9343539'         0              0             0         0         1         0            0               0
'9343543'         0              0             0         0         1         0            0               0
'9343545'         0              0             0         0         1         0            0               0
'9343547'         0              0             0         0         1         0            0               0
'9343549'         0              0             0         0         1         0            0               0
'9343553'         0              0             0         0         1         0            0               0
'9343555'         0              0             0         0         1         0            0               0
'9343557'         0              0             0         0         1         0            0               0
'9343561'         0              0             0         0         1         0            0               0
'9343563'         0              0             0         0         1         0            0               0
'9343565'         0              0             0         0         1         0            0               0
'9343567'         0              0             0         0         1         0            0               0
'9343569'         0              0             0         0         1         0            0               0
'9343571'         0              0             0         0         1         0            0               0
'9343573'         0              0             0         0         1         0            0               0
'9343575'         0              0             0         0         1         0            0               0
'9343577'         0              0             0         0         1         0            0               0
'9343579'         0              0             0         0         1         0            0               0
'9343581'         0              0             0         0         1         0            0               0
'9343585'         0              0             0         0         1         0            0               0
'9343587'         0              0             0         0         1         0            0               0
'9343589'         0              0             0         0         1         0            0               0
'9343591'         0              0             0         0         1         0            0               0
'9343595'         0              0             0         0         1         0            0               0
'9343597'         0              0             0         0         1         0            0               0
'9343599'         0              0             0         0         1         0            0               0
'9343601'         0              0             0         0         1         0            0               0
'9343603'         0              0             0         0         1         0            0               0
'9343605'         0              0             0         0         1         0            0               0
'9343607'         0              0             0         0         1         0            0               0
'9343609'         0              0             0         0         1         0            0               0
'9343611'         0              0             0         0         1         0            0               0
'9343613'         0              0             0         0         1         0            0               0
'9343615'         0              0             0         0         1         0            0               0
'9343617'         0              0             0         0         1         0            0               0
'9343619'         0              0             0         0         1         0            0               0
'9343621'         0              0             0         0         1         0            0               0
'9343683'         0              0             1         0         0         0            0               0
'9343685'         0              0             0         0         1         0            0               0
'9343687'         0              0             0         0         1         0            0               0
'9343689'         0              0             0         0         1         0            0               0
'9343691'         0              0             0         0         1         0            0               0
'9343693'         0              0             1         0         0         0            0               0
'9343695'         0              0             1         0         0         0            0               0
'9343697'         0              0             0         0         1         0            0               0
'9343699'         0              0             0         0         1         0            0               0
'9343701'         0              0             0         0         1         0            0               0
'9343705'         0              0             1         0         0         0            0               0
'9343707'         0              0             1         0         0         0            0               0
'9343709'         0              0             0         0         1         0            0               0
'9343711'         0              0             1         0         0         0            0               0
'9343713'         0              0             1         0         0         0            0               0
'9343715'         0              0             1         0         0         0            0               0
'9343717'         0              0             1         0         0         0            0               0
'9343725'         0              0             0         0         1         0            0               0
'9343727'         0              0             0         0         1         0            0               0
'9343729'         0              0             0         0         1         0            0               0
'9343731'         0              0             0         0         1         0            0               0
'9343733'         0              0             0         0         1         0            0               0
'9343735'         0              0             0         0         1         0            0               0
'9343737'         0              0             1         0         0         0            0               0
'9343739'         0              0             0         0         1         0            0               0
'9343741'         0              0             0         0         1         0            0               0
'9343745'         0              0             0         0         1         0            0               0
'9343747'         0              0             1         0         0         0            0               0
'9343749'         0              0             1         0         0         0            0               0
'9343751'         0              0             0         0         1         0            0               0
'9343753'         0              0             1         0         0         0            0               0
'9343757'         0              0             0         0         1         0            0               0
'9343759'         0              0             0         0         1         0            0               0
'9343761'         0              0             0         0         1         0            0               0
'9343763'         0              0             0         0         1         0            0               0
'9343765'         0              0             0         1         0         0            0               0
'9343767'         0              0             0         0         1         0            0               0
'9343769'         0              0             0         0         1         0            0               0
'9343771'         0              0             0         0         1         0            0               0
'9343773'         0              0             0         0         1         0            0               0
'9343775'         0              0             0         0         1         0            0               0
'9343777'         0              0             0         0         1         0            0               0
'9343779'         0              0             0         0         1         0            0               0
'9343781'         0              0             0         0         1         0            0               0
'9343783'         0              1             0         0         0         0            0               0
'9343785'         0              0             0         0         1         0            0               0
'9343787'         0              0             0         0         1         0            0               0
'9343789'         0              0             0         0         1         0            0               0
'9343791'         0              0             0         0         1         0            0               0
'9343795'         0              0             0         0         1         0            0               0
'9343797'         0              0             0         1         0         0            0               0
'9343799'         0              0             0         0         1         0            0               0
'9343801'         0              0             0         0         1         0            0               0
'9343803'         0              0             0         0         1         0            0               0
'9343805'         0              0             0         0         1         0            0               0
'9343807'         0              0             0         0         1         0            0               0
'9343809'         0              0             0         0         1         0            0               0
'9343815'         0              0             1         0         0         0            0               0
'9343825'         0              0             1         0         0         0            0               0
'9343827'         0              0             1         0         0         0            0               0
'9343833'         0              0             1         0         0         0            0               0
'9343851'         0              0             0         0         1         0            0               0
'9343853'         0              0             1         0         0         0            0               0
'9343857'         0              0             0         0         1         0            0               0
'9343859'         0              0             1         0         0         0            0               0
'9343863'         0              0             1         0         0         0            0               0
'9343865'         0              0             0         0         1         0            0               0
'9343867'         0              0             0         0         1         0            0               0
'9343869'         0              0             1         0         0         0            0               0
'9343875'         0              0             0         0         1         0            0               0
'9343877'         0              0             0         0         1         0            0               0
'9343881'         0              0             0         0         1         0            0               0
'9343883'         0              0             0         0         1         0            0               0
'9343887'         0              0             0         0         1         0            0               0
'9343889'         0              0             0         0         1         0            0               0
'9343891'         0              0             0         0         1         0            0               0
'9343897'         0              0             0         0         1         0            0               0
'9343899'         0              0             0         0         1         0            0               0
'9343903'         0              0             0         0         1         0            0               0
'9343909'         0              0             0         0         1         0            0               0
'9343911'         0              0             0         0         1         0            0               0
'9343913'         0              0             1         0         0         0            0               0
'9343915'         0              0             1         0         0         0            0               0
'9343917'         0              0             1         0         0         0            0               0
'9343919'         0              0             0         0         1         0            0               0
'9343923'         0              0             0         0         1         0            0               0
'9343925'         0              0             1         0         0         0            0               0
'9343939'         0              0             0         0         1         0            0               0
'9343943'         0              0             0         0         1         0            0               0
'9343945'         0              0             0         0         1         0            0               0
'9343947'         0              0             0         0         1         0            0               0
'9343949'         0              0             0         0         1         0            0               0
'9343951'         0              0             0         0         1         0            0               0
'9343953'         0              0             0         0         1         0            0               0
'9343955'         0              0             0         0         1         0            0               0
'9343957'         0              0             0         0         1         0            0               0
'9343959'         0              0             0         1         0         0            0               0
'9343961'         0              0             0         0         1         0            0               0
'9343965'         0              0             0         0         1         0            0               0
'9343967'         0              0             0         0         1         0            0               0
'9343969'         0              0             0         0         1         0            0               0
'9343971'         0              0             0         0         1         0            0               0
'9343973'         0              0             0         0         1         0            0               0
'9343977'         0              0             0         0         1         0            0               0
'9343981'         0              0             1         0         0         0            0               0
'9343983'         0              0             1         0         0         0            0               0
'9343987'         0              0             0         0         1         0            0               0
'9343989'         0              0             0         0         1         0            0               0
'9343991'         0              0             0         0         1         0            0               0
'9343997'         0              0             0         0         1         0            0               0
'9344001'         0              0             0         0         1         0            0               0
'9344013'         0              0             0         0         1         0            0               0
'9344017'         0              0             0         0         1         0            0               0
'9344029'         0              0             0         0         1         0            0               0
'9344031'         0              0             0         0         1         0            0               0
'9344033'         0              0             1         0         0         0            0               0
'9344035'         0              0             1         0         0         0            0               0
'9344039'         0              0             0         0         1         0            0               0
'9344045'         0              0             0         0         1         0            0               0
'9346691'         0              0             0         0         1         0            0               0
;

ripbuf_length :=
;

loads_lim_N1 :=
1 3 limits   608507.1632
2 3 limits   565305.6012
3 3 limits   475418.5241
4 3 limits   660118.9595
;


