OBJECTID,COMID,COUNT,AREA,MIN,MAX,RANGE,MEAN,STD,SUM,VARIETY,MAJORITY,MINORITY,MEDIAN,PCT90
1,4570503,4.0,399.9999999997731,1,1,0,1.0,0.0,4.0,1,1,1,1,1
2,4570507,234.0,23399.999999986725,1,1,0,1.0,0.0,234.0,1,1,1,1,1
3,4570509,121.0,12099.999999993135,1,1,0,1.0,0.0,121.0,1,1,1,1,1
4,4570513,801.0,80099.99999995455,1,1,0,1.0,0.0,801.0,1,1,1,1,1
5,4570515,244.0,24399.999999986157,1,1,0,1.0,0.0,244.0,1,1,1,1,1
6,4570517,12.0,1199.9999999993192,1,1,0,1.0,0.0,12.0,1,1,1,1,1
7,4570519,144.0,14399.999999991831,1,1,0,1.0,0.0,144.0,1,1,1,1,1
8,4570521,54.0,5399.999999996937,1,1,0,1.0,0.0,54.0,1,1,1,1,1
9,4570523,23.0,2299.9999999986953,1,1,0,1.0,0.0,23.0,1,1,1,1,1
10,4570525,40.0,3999.999999997731,1,1,0,1.0,0.0,40.0,1,1,1,1,1
11,4570531,3343.0,334299.99999981036,1,1,0,1.0,0.0,3343.0,1,1,1,1,1
12,4570533,119.0,11899.99999999325,1,1,0,1.0,0.0,119.0,1,1,1,1,1
13,4570537,40.0,3999.999999997731,1,1,0,1.0,0.0,40.0,1,1,1,1,1
14,4570539,2194.0,219399.99999987552,1,1,0,1.0,0.0,2194.0,1,1,1,1,1
15,4570541,1503.0,150299.99999991473,1,1,0,1.0,0.0,1503.0,1,1,1,1,1
16,4570543,2364.0,236399.9999998659,1,1,0,1.0,0.0,2364.0,1,1,1,1,1
17,4570545,34.0,3399.999999998071,1,1,0,1.0,0.0,34.0,1,1,1,1,1
18,4570547,2839.0,283899.99999983894,1,1,0,1.0,0.0,2839.0,1,1,1,1,1
19,4570549,1453.0,145299.99999991758,1,1,0,1.0,0.0,1453.0,1,1,1,1,1
20,4570555,1893.0,189299.9999998926,1,1,0,1.0,0.0,1893.0,1,1,1,1,1
21,4570557,140.0,13999.999999992058,1,1,0,1.0,0.0,140.0,1,1,1,1,1
22,4570563,759.0,75899.99999995694,1,1,0,1.0,0.0,759.0,1,1,1,1,1
23,4570565,343.0,34299.999999980544,1,1,0,1.0,0.0,343.0,1,1,1,1,1
24,4570569,5796.0,579599.9999996712,1,1,0,1.0,0.0,5796.0,1,1,1,1,1
25,4570571,5753.0,575299.9999996737,1,1,0,1.0,0.0,5753.0,1,1,1,1,1
26,4570573,22.0,2199.999999998752,1,1,0,1.0,0.0,22.0,1,1,1,1,1
27,4570575,15.0,1499.9999999991492,1,1,0,1.0,0.0,15.0,1,1,1,1,1
28,4570579,959.0,95899.99999994559,1,1,0,1.0,0.0,959.0,1,1,1,1,1
29,4570583,555.0,55499.99999996852,1,1,0,1.0,0.0,555.0,1,1,1,1,1
30,4570589,9.0,899.9999999994894,1,1,0,1.0,0.0,9.0,1,1,1,1,1
31,4570591,22.0,2199.999999998752,1,1,0,1.0,0.0,22.0,1,1,1,1,1
32,4570595,2990.0,298999.9999998304,1,1,0,1.0,0.0,2990.0,1,1,1,1,1
33,4570597,1448.0,144799.99999991787,1,1,0,1.0,0.0,1448.0,1,1,1,1,1
34,4570599,298.0,29799.999999983094,1,1,0,1.0,0.0,298.0,1,1,1,1,1
35,4570655,404.0,40399.99999997708,1,1,0,1.0,0.0,404.0,1,1,1,1,1
36,4570657,152.0,15199.999999991378,1,1,0,1.0,0.0,152.0,1,1,1,1,1
37,4570659,2166.0,216599.99999987712,1,1,0,1.0,0.0,2166.0,1,1,1,1,1
38,4570661,103.0,10299.999999994157,1,1,0,1.0,0.0,103.0,1,1,1,1,1
39,4570663,33.0,3299.999999998128,1,1,0,1.0,0.0,33.0,1,1,1,1,1
40,4570667,148.0,14799.999999991604,1,1,0,1.0,0.0,148.0,1,1,1,1,1
41,4571089,131.0,13099.999999992568,1,1,0,1.0,0.0,131.0,1,1,1,1,1
42,4571091,229.0,22899.99999998701,1,1,0,1.0,0.0,229.0,1,1,1,1,1
43,4571093,17.0,1699.9999999990355,1,1,0,1.0,0.0,17.0,1,1,1,1,1
44,4571095,167.0,16699.999999990527,1,1,0,1.0,0.0,167.0,1,1,1,1,1
45,4571099,495.0,49499.99999997192,1,1,0,1.0,0.0,495.0,1,1,1,1,1
46,4571101,258.0,25799.999999985364,1,1,0,1.0,0.0,258.0,1,1,1,1,1
47,4571103,1230.0,122999.99999993022,1,1,0,1.0,0.0,1230.0,1,1,1,1,1
48,4571105,575.0,57499.99999996738,1,1,0,1.0,0.0,575.0,1,1,1,1,1
49,4571107,629.0,62899.99999996432,1,1,0,1.0,0.0,629.0,1,1,1,1,1
50,4571109,564.0,56399.99999996801,1,1,0,1.0,0.0,564.0,1,1,1,1,1
51,4571111,170.0,16999.999999990356,1,1,0,1.0,0.0,170.0,1,1,1,1,1
52,4571113,140.0,13999.999999992058,1,1,0,1.0,0.0,140.0,1,1,1,1,1
53,4571115,1191.0,119099.99999993244,1,1,0,1.0,0.0,1191.0,1,1,1,1,1
54,4571117,186.0,18599.99999998945,1,1,0,1.0,0.0,186.0,1,1,1,1,1
55,4571121,80.0,7999.999999995462,1,1,0,1.0,0.0,80.0,1,1,1,1,1
56,4571123,202.0,20199.99999998854,1,1,0,1.0,0.0,202.0,1,1,1,1,1
57,4571125,281.0,28099.99999998406,1,1,0,1.0,0.0,281.0,1,1,1,1,1
58,4571133,1202.0,120199.99999993181,1,1,0,1.0,0.0,1202.0,1,1,1,1,1
59,4571135,1622.0,162199.99999990797,1,1,0,1.0,0.0,1622.0,1,1,1,1,1
60,4571137,166.0,16599.99999999058,1,1,0,1.0,0.0,166.0,1,1,1,1,1
61,4571139,4607.0,460699.99999973865,1,1,0,1.0,0.0,4607.0,1,1,1,1,1
62,4571143,819.0,81899.99999995354,1,1,0,1.0,0.0,819.0,1,1,1,1,1
63,4571145,6.0,599.9999999996596,1,1,0,1.0,0.0,6.0,1,1,1,1,1
64,4571147,2.0,199.99999999988654,1,1,0,1.0,0.0,2.0,1,1,1,1,1
65,4571151,16.0,1599.9999999990923,1,1,0,1.0,0.0,16.0,1,1,1,1,1
66,4571153,804.0,80399.9999999544,1,1,0,1.0,0.0,804.0,1,1,1,1,1
67,4571155,355.0,35499.99999997986,1,1,0,1.0,0.0,355.0,1,1,1,1,1
68,4571191,11372.0,1137199.9999993548,1,1,0,1.0,0.0,11372.0,1,1,1,1,1
69,4571705,85.0,8499.999999995178,1,1,0,1.0,0.0,85.0,1,1,1,1,1
70,4571709,295.0,29499.999999983265,1,1,0,1.0,0.0,295.0,1,1,1,1,1
71,4571715,88.0,8799.999999995009,1,1,0,1.0,0.0,88.0,1,1,1,1,1
72,4571719,269.0,26899.99999998474,1,1,0,1.0,0.0,269.0,1,1,1,1,1
73,4571723,9.0,899.9999999994894,1,1,0,1.0,0.0,9.0,1,1,1,1,1
74,4571725,168.0,16799.99999999047,1,1,0,1.0,0.0,168.0,1,1,1,1,1
75,4571727,486.0,48599.99999997243,1,1,0,1.0,0.0,486.0,1,1,1,1,1
76,4571729,831.0,83099.99999995285,1,1,0,1.0,0.0,831.0,1,1,1,1,1
77,4571733,779.0,77899.9999999558,1,1,0,1.0,0.0,779.0,1,1,1,1,1
78,4571815,52.0,5199.99999999705,1,1,0,1.0,0.0,52.0,1,1,1,1,1
79,4572281,10461.0,1046099.9999994065,1,1,0,1.0,0.0,10461.0,1,1,1,1,1
80,4572285,269.0,26899.99999998474,1,1,0,1.0,0.0,269.0,1,1,1,1,1
81,4572287,307.0,30699.999999982585,1,1,0,1.0,0.0,307.0,1,1,1,1,1
82,4572289,786.0,78599.99999995541,1,1,0,1.0,0.0,786.0,1,1,1,1,1
83,4572291,142.0,14199.999999991944,1,1,0,1.0,0.0,142.0,1,1,1,1,1
84,4572293,9.0,899.9999999994894,1,1,0,1.0,0.0,9.0,1,1,1,1,1
85,4572297,160.0,15999.999999990923,1,1,0,1.0,0.0,160.0,1,1,1,1,1
86,4572299,57.0,5699.999999996767,1,1,0,1.0,0.0,57.0,1,1,1,1,1
87,4572301,5060.0,505999.9999997129,1,1,0,1.0,0.0,5060.0,1,1,1,1,1
88,4572303,1.0,99.99999999994327,1,1,0,1.0,0.0,1.0,1,1,1,1,1
89,4572305,10.0,999.9999999994327,1,1,0,1.0,0.0,10.0,1,1,1,1,1
90,4572307,1232.0,123199.9999999301,1,1,0,1.0,0.0,1232.0,1,1,1,1,1
91,4572313,194.0,19399.999999988995,1,1,0,1.0,0.0,194.0,1,1,1,1,1
92,4572317,397.0,39699.99999997748,1,1,0,1.0,0.0,397.0,1,1,1,1,1
93,4572347,163.0,16299.999999990752,1,1,0,1.0,0.0,163.0,1,1,1,1,1
94,4572351,69.0,6899.9999999960855,1,1,0,1.0,0.0,69.0,1,1,1,1,1
95,4572353,314.0,31399.99999998219,1,1,0,1.0,0.0,314.0,1,1,1,1,1
96,4572357,394.0,39399.99999997765,1,1,0,1.0,0.0,394.0,1,1,1,1,1
97,4572361,71.0,7099.999999995972,1,1,0,1.0,0.0,71.0,1,1,1,1,1
98,4572363,69.0,6899.9999999960855,1,1,0,1.0,0.0,69.0,1,1,1,1,1
99,4572365,90.0,8999.999999994894,1,1,0,1.0,0.0,90.0,1,1,1,1,1
100,4572367,48.0,4799.999999997277,1,1,0,1.0,0.0,48.0,1,1,1,1,1
101,4572369,1048.0,104799.99999994054,1,1,0,1.0,0.0,1048.0,1,1,1,1,1
102,4572371,20.0,1999.9999999988654,1,1,0,1.0,0.0,20.0,1,1,1,1,1
103,4572379,1205.0,120499.99999993164,1,1,0,1.0,0.0,1205.0,1,1,1,1,1
104,4572387,444.0,44399.99999997481,1,1,0,1.0,0.0,444.0,1,1,1,1,1
105,4572391,4469.0,446899.99999974645,1,1,0,1.0,0.0,4469.0,1,1,1,1,1
106,4572393,41.0,4099.999999997674,1,1,0,1.0,0.0,41.0,1,1,1,1,1
107,4572395,177.0,17699.99999998996,1,1,0,1.0,0.0,177.0,1,1,1,1,1
108,4572403,93.0,9299.999999994725,1,1,0,1.0,0.0,93.0,1,1,1,1,1
109,4572405,61.0,6099.999999996539,1,1,0,1.0,0.0,61.0,1,1,1,1,1
110,4572409,1994.0,199399.99999988687,1,1,0,1.0,0.0,1994.0,1,1,1,1,1
111,4573737,95.0,9499.99999999461,1,1,0,1.0,0.0,95.0,1,1,1,1,1
112,4573739,64.0,6399.999999996369,1,1,0,1.0,0.0,64.0,1,1,1,1,1
113,4573745,272.0,27199.999999984568,1,1,0,1.0,0.0,272.0,1,1,1,1,1
114,4573747,263.0,26299.99999998508,1,1,0,1.0,0.0,263.0,1,1,1,1,1
115,4573755,200.0,19999.999999988653,1,1,0,1.0,0.0,200.0,1,1,1,1,1
116,4573757,267.0,26699.99999998485,1,1,0,1.0,0.0,267.0,1,1,1,1,1
117,4573765,207.0,20699.999999988257,1,1,0,1.0,0.0,207.0,1,1,1,1,1
118,4573767,785.0,78499.99999995547,1,1,0,1.0,0.0,785.0,1,1,1,1,1
119,4573769,211.0,21099.99999998803,1,1,0,1.0,0.0,211.0,1,1,1,1,1
120,4573771,569.0,56899.999999967724,1,1,0,1.0,0.0,569.0,1,1,1,1,1
121,4573773,339.0,33899.99999998077,1,1,0,1.0,0.0,339.0,1,1,1,1,1
122,4573775,1238.0,123799.99999992977,1,1,0,1.0,0.0,1238.0,1,1,1,1,1
123,4573777,444.0,44399.99999997481,1,1,0,1.0,0.0,444.0,1,1,1,1,1
124,4573779,356.0,35599.9999999798,1,1,0,1.0,0.0,356.0,1,1,1,1,1
125,4573781,775.0,77499.99999995604,1,1,0,1.0,0.0,775.0,1,1,1,1,1
126,4573783,247.0,24699.999999985987,1,1,0,1.0,0.0,247.0,1,1,1,1,1
127,4573785,36.0,3599.9999999979577,1,1,0,1.0,0.0,36.0,1,1,1,1,1
128,4573787,2.0,199.99999999988654,1,1,0,1.0,0.0,2.0,1,1,1,1,1
129,4573789,335.0,33499.999999980995,1,1,0,1.0,0.0,335.0,1,1,1,1,1
130,4573791,2260.0,225999.9999998718,1,1,0,1.0,0.0,2260.0,1,1,1,1,1
131,4573793,55.0,5499.9999999968795,1,1,0,1.0,0.0,55.0,1,1,1,1,1
132,4573795,269.0,26899.99999998474,1,1,0,1.0,0.0,269.0,1,1,1,1,1
133,4573797,2890.0,288999.999999836,1,1,0,1.0,0.0,2890.0,1,1,1,1,1
134,4573799,4295.0,429499.99999975634,1,1,0,1.0,0.0,4295.0,1,1,1,1,1
135,4573801,2426.0,242599.99999986237,1,1,0,1.0,0.0,2426.0,1,1,1,1,1
136,4573803,1334.0,133399.99999992433,1,1,0,1.0,0.0,1334.0,1,1,1,1,1
137,4573805,1636.0,163599.9999999072,1,1,0,1.0,0.0,1636.0,1,1,1,1,1
138,4573807,975.0,97499.99999994469,1,1,0,1.0,0.0,975.0,1,1,1,1,1
139,4573809,2474.0,247399.99999985966,1,1,0,1.0,0.0,2474.0,1,1,1,1,1
140,4573811,709.0,70899.99999995978,1,1,0,1.0,0.0,709.0,1,1,1,1,1
141,4573813,359.0,35899.999999979635,1,1,0,1.0,0.0,359.0,1,1,1,1,1
142,4573815,3430.0,342999.9999998054,1,1,0,1.0,0.0,3430.0,1,1,1,1,1
143,4573817,1157.0,115699.99999993437,1,1,0,1.0,0.0,1157.0,1,1,1,1,1
144,4573819,383.0,38299.999999978274,1,1,0,1.0,0.0,383.0,1,1,1,1,1
145,4573821,1085.0,108499.99999993845,1,1,0,1.0,0.0,1085.0,1,1,1,1,1
146,4573823,389.0,38899.99999997793,1,1,0,1.0,0.0,389.0,1,1,1,1,1
147,4573825,5924.0,592399.9999996639,1,1,0,1.0,0.0,5924.0,1,1,1,1,1
148,4573827,306.0,30599.99999998264,1,1,0,1.0,0.0,306.0,1,1,1,1,1
149,4573829,755.0,75499.99999995717,1,1,0,1.0,0.0,755.0,1,1,1,1,1
150,4573831,3136.0,313599.9999998221,1,1,0,1.0,0.0,3136.0,1,1,1,1,1
151,4573833,3494.0,349399.9999998018,1,1,0,1.0,0.0,3494.0,1,1,1,1,1
152,4573835,1629.0,162899.9999999076,1,1,0,1.0,0.0,1629.0,1,1,1,1,1
153,4573837,892.0,89199.9999999494,1,1,0,1.0,0.0,892.0,1,1,1,1,1
154,4573841,1297.0,129699.99999992643,1,1,0,1.0,0.0,1297.0,1,1,1,1,1
155,4573843,3101.0,310099.9999998241,1,1,0,1.0,0.0,3101.0,1,1,1,1,1
156,4573845,4330.0,432999.99999975436,1,1,0,1.0,0.0,4330.0,1,1,1,1,1
157,4573847,388.0,38799.99999997799,1,1,0,1.0,0.0,388.0,1,1,1,1,1
158,4573849,1613.0,161299.9999999085,1,1,0,1.0,0.0,1613.0,1,1,1,1,1
159,4573851,895.0,89499.99999994923,1,1,0,1.0,0.0,895.0,1,1,1,1,1
160,4573853,1025.0,102499.99999994185,1,1,0,1.0,0.0,1025.0,1,1,1,1,1
161,4573855,996.0,99599.9999999435,1,1,0,1.0,0.0,996.0,1,1,1,1,1
162,4573857,3177.0,317699.9999998198,1,1,0,1.0,0.0,3177.0,1,1,1,1,1
163,4573859,694.0,69399.99999996062,1,1,0,1.0,0.0,694.0,1,1,1,1,1
164,4573861,422.0,42199.99999997606,1,1,0,1.0,0.0,422.0,1,1,1,1,1
165,4573863,1325.0,132499.99999992482,1,1,0,1.0,0.0,1325.0,1,1,1,1,1
166,4573865,273.0,27299.999999984513,1,1,0,1.0,0.0,273.0,1,1,1,1,1
167,4573867,443.0,44299.99999997487,1,1,0,1.0,0.0,443.0,1,1,1,1,1
168,4573869,473.0,47299.999999973166,1,1,0,1.0,0.0,473.0,1,1,1,1,1
169,4573871,239.0,23899.99999998644,1,1,0,1.0,0.0,239.0,1,1,1,1,1
170,4573873,1256.0,125599.99999992875,1,1,0,1.0,0.0,1256.0,1,1,1,1,1
171,4573903,139.0,13899.999999992115,1,1,0,1.0,0.0,139.0,1,1,1,1,1
172,4573905,58.0,5799.999999996709,1,1,0,1.0,0.0,58.0,1,1,1,1,1
173,4573907,83.0,8299.99999999529,1,1,0,1.0,0.0,83.0,1,1,1,1,1
174,4573911,33.0,3299.999999998128,1,1,0,1.0,0.0,33.0,1,1,1,1,1
175,4573913,35.0,3499.9999999980146,1,1,0,1.0,0.0,35.0,1,1,1,1,1
176,4573915,104.0,10399.9999999941,1,1,0,1.0,0.0,104.0,1,1,1,1,1
177,4573919,728.0,72799.9999999587,1,1,0,1.0,0.0,728.0,1,1,1,1,1
178,4573921,8158.0,815799.9999995372,1,1,0,1.0,0.0,8158.0,1,1,1,1,1
179,4573923,2153.0,215299.99999987785,1,1,0,1.0,0.0,2153.0,1,1,1,1,1
180,4573925,367.0,36699.99999997918,1,1,0,1.0,0.0,367.0,1,1,1,1,1
181,4573927,612.0,61199.99999996528,1,1,0,1.0,0.0,612.0,1,1,1,1,1
182,4573929,2872.0,287199.9999998371,1,1,0,1.0,0.0,2872.0,1,1,1,1,1
183,4573931,4391.0,439099.9999997509,1,1,0,1.0,0.0,4391.0,1,1,1,1,1
184,4573933,1052.0,105199.99999994032,1,1,0,1.0,0.0,1052.0,1,1,1,1,1
185,4573935,2201.0,220099.99999987514,1,1,0,1.0,0.0,2201.0,1,1,1,1,1
186,4573937,987.0,98699.999999944,1,1,0,1.0,0.0,987.0,1,1,1,1,1
187,4573939,2118.0,211799.99999987986,1,1,0,1.0,0.0,2118.0,1,1,1,1,1
188,4573941,2274.0,227399.99999987098,1,1,0,1.0,0.0,2274.0,1,1,1,1,1
189,4573943,321.0,32099.99999998179,1,1,0,1.0,0.0,321.0,1,1,1,1,1
190,4573945,4626.0,462599.99999973754,1,1,0,1.0,0.0,4626.0,1,1,1,1,1
191,4573947,4045.0,404499.99999977055,1,1,0,1.0,0.0,4045.0,1,1,1,1,1
192,4573949,1349.0,134899.9999999235,1,1,0,1.0,0.0,1349.0,1,1,1,1,1
193,4573951,4120.0,411999.9999997663,1,1,0,1.0,0.0,4120.0,1,1,1,1,1
194,4573953,401.0,40099.99999997725,1,1,0,1.0,0.0,401.0,1,1,1,1,1
195,4573977,128.0,12799.999999992739,1,1,0,1.0,0.0,128.0,1,1,1,1,1
196,4573979,49.0,4899.999999997221,1,1,0,1.0,0.0,49.0,1,1,1,1,1
197,4573993,757.0,75699.99999995706,1,1,0,1.0,0.0,757.0,1,1,1,1,1
198,4573999,467.0,46699.99999997351,1,1,0,1.0,0.0,467.0,1,1,1,1,1
199,4574005,147.0,14699.99999999166,1,1,0,1.0,0.0,147.0,1,1,1,1,1
200,4574007,26.0,2599.999999998525,1,1,0,1.0,0.0,26.0,1,1,1,1,1
201,4574473,216.0,21599.999999987747,1,1,0,1.0,0.0,216.0,1,1,1,1,1
202,4574475,114.0,11399.999999993533,1,1,0,1.0,0.0,114.0,1,1,1,1,1
203,4574477,61.0,6099.999999996539,1,1,0,1.0,0.0,61.0,1,1,1,1,1
204,4574481,201.0,20099.9999999886,1,1,0,1.0,0.0,201.0,1,1,1,1,1
205,4574483,1197.0,119699.9999999321,1,1,0,1.0,0.0,1197.0,1,1,1,1,1
206,4574485,225.0,22499.999999987234,1,1,0,1.0,0.0,225.0,1,1,1,1,1
207,4574487,2.0,199.99999999988654,1,1,0,1.0,0.0,2.0,1,1,1,1,1
208,4574491,333.0,33299.99999998111,1,1,0,1.0,0.0,333.0,1,1,1,1,1
209,4574493,1077.0,107699.9999999389,1,1,0,1.0,0.0,1077.0,1,1,1,1,1
210,4574495,1137.0,113699.99999993549,1,1,0,1.0,0.0,1137.0,1,1,1,1,1
211,4574499,666.0,66599.99999996222,1,1,0,1.0,0.0,666.0,1,1,1,1,1
212,4574501,734.0,73399.99999995837,1,1,0,1.0,0.0,734.0,1,1,1,1,1
213,4574503,909.0,90899.99999994843,1,1,0,1.0,0.0,909.0,1,1,1,1,1
214,4574507,12.0,1199.9999999993192,1,1,0,1.0,0.0,12.0,1,1,1,1,1
215,4574509,542.0,54199.99999996925,1,1,0,1.0,0.0,542.0,1,1,1,1,1
216,4574513,1638.0,163799.99999990707,1,1,0,1.0,0.0,1638.0,1,1,1,1,1
217,4574515,283.0,28299.999999983946,1,1,0,1.0,0.0,283.0,1,1,1,1,1
218,4574517,11.0,1099.999999999376,1,1,0,1.0,0.0,11.0,1,1,1,1,1
219,4574519,157.0,15699.999999991094,1,1,0,1.0,0.0,157.0,1,1,1,1,1
220,4574521,1067.0,106699.99999993946,1,1,0,1.0,0.0,1067.0,1,1,1,1,1
221,4574523,9.0,899.9999999994894,1,1,0,1.0,0.0,9.0,1,1,1,1,1
222,4574525,315.0,31499.99999998213,1,1,0,1.0,0.0,315.0,1,1,1,1,1
223,4574527,302.0,30199.99999998287,1,1,0,1.0,0.0,302.0,1,1,1,1,1
224,4574529,254.0,25399.99999998559,1,1,0,1.0,0.0,254.0,1,1,1,1,1
225,4574531,395.0,39499.99999997759,1,1,0,1.0,0.0,395.0,1,1,1,1,1
226,4574533,76.0,7599.999999995689,1,1,0,1.0,0.0,76.0,1,1,1,1,1
227,4574535,263.0,26299.99999998508,1,1,0,1.0,0.0,263.0,1,1,1,1,1
228,4574537,1560.0,155999.9999999115,1,1,0,1.0,0.0,1560.0,1,1,1,1,1
229,4574539,464.0,46399.999999973676,1,1,0,1.0,0.0,464.0,1,1,1,1,1
230,4574541,304.0,30399.999999982756,1,1,0,1.0,0.0,304.0,1,1,1,1,1
231,4574543,1243.0,124299.99999992948,1,1,0,1.0,0.0,1243.0,1,1,1,1,1
232,4574545,1074.0,107399.99999993907,1,1,0,1.0,0.0,1074.0,1,1,1,1,1
233,4574547,417.0,41699.999999976346,1,1,0,1.0,0.0,417.0,1,1,1,1,1
234,4574549,1055.0,105499.99999994015,1,1,0,1.0,0.0,1055.0,1,1,1,1,1
235,4574551,830.0,82999.99999995291,1,1,0,1.0,0.0,830.0,1,1,1,1,1
236,4574553,211.0,21099.99999998803,1,1,0,1.0,0.0,211.0,1,1,1,1,1
237,4574555,543.0,54299.99999996919,1,1,0,1.0,0.0,543.0,1,1,1,1,1
238,4574557,43.0,4299.999999997561,1,1,0,1.0,0.0,43.0,1,1,1,1,1
239,4574559,1446.0,144599.99999991796,1,1,0,1.0,0.0,1446.0,1,1,1,1,1
240,4574561,115.0,11499.999999993475,1,1,0,1.0,0.0,115.0,1,1,1,1,1
241,4574563,440.0,43999.999999975036,1,1,0,1.0,0.0,440.0,1,1,1,1,1
242,4574565,111.0,11099.999999993703,1,1,0,1.0,0.0,111.0,1,1,1,1,1
243,4574571,65.0,6499.999999996313,1,1,0,1.0,0.0,65.0,1,1,1,1,1
244,4574573,482.0,48199.99999997266,1,1,0,1.0,0.0,482.0,1,1,1,1,1
245,4574575,342.0,34199.999999980595,1,1,0,1.0,0.0,342.0,1,1,1,1,1
246,4574577,12.0,1199.9999999993192,1,1,0,1.0,0.0,12.0,1,1,1,1,1
247,4574579,230.0,22999.99999998695,1,1,0,1.0,0.0,230.0,1,1,1,1,1
248,4574581,786.0,78599.99999995541,1,1,0,1.0,0.0,786.0,1,1,1,1,1
249,4574583,42.0,4199.999999997617,1,1,0,1.0,0.0,42.0,1,1,1,1,1
250,4574585,565.0,56499.99999996795,1,1,0,1.0,0.0,565.0,1,1,1,1,1
251,4574587,30.0,2999.9999999982983,1,1,0,1.0,0.0,30.0,1,1,1,1,1
252,4574589,103.0,10299.999999994157,1,1,0,1.0,0.0,103.0,1,1,1,1,1
253,4574591,573.0,57299.99999996749,1,1,0,1.0,0.0,573.0,1,1,1,1,1
254,4574595,13.0,1299.9999999992624,1,1,0,1.0,0.0,13.0,1,1,1,1,1
255,4574597,193.0,19299.99999998905,1,1,0,1.0,0.0,193.0,1,1,1,1,1
256,4574599,6.0,599.9999999996596,1,1,0,1.0,0.0,6.0,1,1,1,1,1
257,4574601,406.0,40599.999999976964,1,1,0,1.0,0.0,406.0,1,1,1,1,1
258,4574603,156.0,15599.99999999115,1,1,0,1.0,0.0,156.0,1,1,1,1,1
259,4574605,105.0,10499.999999994043,1,1,0,1.0,0.0,105.0,1,1,1,1,1
260,4574607,250.0,24999.99999998582,1,1,0,1.0,0.0,250.0,1,1,1,1,1
261,4574609,408.0,40799.999999976855,1,1,0,1.0,0.0,408.0,1,1,1,1,1
262,4574611,259.0,25899.999999985306,1,1,0,1.0,0.0,259.0,1,1,1,1,1
263,4574613,45.0,4499.999999997447,1,1,0,1.0,0.0,45.0,1,1,1,1,1
264,4574615,13.0,1299.9999999992624,1,1,0,1.0,0.0,13.0,1,1,1,1,1
265,4574617,829.0,82899.99999995297,1,1,0,1.0,0.0,829.0,1,1,1,1,1
266,4574619,1148.0,114799.99999993488,1,1,0,1.0,0.0,1148.0,1,1,1,1,1
267,4574623,81.0,8099.999999995405,1,1,0,1.0,0.0,81.0,1,1,1,1,1
268,4574627,791.0,79099.99999995512,1,1,0,1.0,0.0,791.0,1,1,1,1,1
269,4574631,2.0,199.99999999988654,1,1,0,1.0,0.0,2.0,1,1,1,1,1
270,4574633,369.0,36899.99999997907,1,1,0,1.0,0.0,369.0,1,1,1,1,1
271,4574635,127.0,12699.999999992795,1,1,0,1.0,0.0,127.0,1,1,1,1,1
272,4574637,198.0,19799.999999988766,1,1,0,1.0,0.0,198.0,1,1,1,1,1
273,4574641,681.0,68099.99999996136,1,1,0,1.0,0.0,681.0,1,1,1,1,1
274,4574643,119.0,11899.99999999325,1,1,0,1.0,0.0,119.0,1,1,1,1,1
275,4574645,813.0,81299.99999995388,1,1,0,1.0,0.0,813.0,1,1,1,1,1
276,4574647,968.0,96799.99999994508,1,1,0,1.0,0.0,968.0,1,1,1,1,1
277,4574649,86.0,8599.999999995121,1,1,0,1.0,0.0,86.0,1,1,1,1,1
278,4574651,323.0,32299.999999981676,1,1,0,1.0,0.0,323.0,1,1,1,1,1
279,4574653,1877.0,187699.9999998935,1,1,0,1.0,0.0,1877.0,1,1,1,1,1
280,4574655,142.0,14199.999999991944,1,1,0,1.0,0.0,142.0,1,1,1,1,1
281,4574657,19.0,1899.9999999989222,1,1,0,1.0,0.0,19.0,1,1,1,1,1
282,4574659,4.0,399.9999999997731,1,1,0,1.0,0.0,4.0,1,1,1,1,1
283,4574661,18.0,1799.9999999989789,1,1,0,1.0,0.0,18.0,1,1,1,1,1
284,4574663,26.0,2599.999999998525,1,1,0,1.0,0.0,26.0,1,1,1,1,1
285,4574665,456.0,45599.999999974134,1,1,0,1.0,0.0,456.0,1,1,1,1,1
286,4574667,1.0,99.99999999994327,1,1,0,1.0,0.0,1.0,1,1,1,1,1
287,4574669,800.0,79999.99999995461,1,1,0,1.0,0.0,800.0,1,1,1,1,1
288,4574671,1061.0,106099.99999993981,1,1,0,1.0,0.0,1061.0,1,1,1,1,1
289,4574673,205.0,20499.99999998837,1,1,0,1.0,0.0,205.0,1,1,1,1,1
290,4574675,125.0,12499.99999999291,1,1,0,1.0,0.0,125.0,1,1,1,1,1
291,4574677,119.0,11899.99999999325,1,1,0,1.0,0.0,119.0,1,1,1,1,1
292,4574679,653.0,65299.99999996296,1,1,0,1.0,0.0,653.0,1,1,1,1,1
293,4574681,1783.0,178299.99999989886,1,1,0,1.0,0.0,1783.0,1,1,1,1,1
294,4574683,2007.0,200699.99999988615,1,1,0,1.0,0.0,2007.0,1,1,1,1,1
295,4574685,670.0,66999.99999996199,1,1,0,1.0,0.0,670.0,1,1,1,1,1
296,4574687,32.0,3199.9999999981846,1,1,0,1.0,0.0,32.0,1,1,1,1,1
297,4574689,51.0,5099.999999997107,1,1,0,1.0,0.0,51.0,1,1,1,1,1
298,4574691,106.0,10599.999999993986,1,1,0,1.0,0.0,106.0,1,1,1,1,1
299,4574693,61.0,6099.999999996539,1,1,0,1.0,0.0,61.0,1,1,1,1,1
300,4574695,38.0,3799.9999999978445,1,1,0,1.0,0.0,38.0,1,1,1,1,1
301,4574697,474.0,47399.99999997311,1,1,0,1.0,0.0,474.0,1,1,1,1,1
302,4574699,481.0,48099.999999972715,1,1,0,1.0,0.0,481.0,1,1,1,1,1
303,4574701,300.0,29999.99999998298,1,1,0,1.0,0.0,300.0,1,1,1,1,1
304,4574703,6.0,599.9999999996596,1,1,0,1.0,0.0,6.0,1,1,1,1,1
305,4574705,154.0,15399.999999991263,1,1,0,1.0,0.0,154.0,1,1,1,1,1
306,4574707,62.0,6199.999999996483,1,1,0,1.0,0.0,62.0,1,1,1,1,1
307,4574709,1.0,99.99999999994327,1,1,0,1.0,0.0,1.0,1,1,1,1,1
308,4574711,350.0,34999.999999980144,1,1,0,1.0,0.0,350.0,1,1,1,1,1
309,4574713,49.0,4899.999999997221,1,1,0,1.0,0.0,49.0,1,1,1,1,1
310,4574719,2835.0,283499.9999998392,1,1,0,1.0,0.0,2835.0,1,1,1,1,1
311,4574721,661.0,66099.9999999625,1,1,0,1.0,0.0,661.0,1,1,1,1,1
312,4574723,537.0,53699.999999969536,1,1,0,1.0,0.0,537.0,1,1,1,1,1
313,4574727,111.0,11099.999999993703,1,1,0,1.0,0.0,111.0,1,1,1,1,1
314,4574729,253.0,25299.999999985648,1,1,0,1.0,0.0,253.0,1,1,1,1,1
315,4574755,7607.0,760699.9999995684,1,1,0,1.0,0.0,7607.0,1,1,1,1,1
316,4574759,260.0,25999.99999998525,1,1,0,1.0,0.0,260.0,1,1,1,1,1
317,4574761,1195.0,119499.9999999322,1,1,0,1.0,0.0,1195.0,1,1,1,1,1
318,4574763,951.0,95099.99999994606,1,1,0,1.0,0.0,951.0,1,1,1,1,1
319,4574765,75.0,7499.999999995745,1,1,0,1.0,0.0,75.0,1,1,1,1,1
320,4574767,1221.0,122099.99999993073,1,1,0,1.0,0.0,1221.0,1,1,1,1,1
321,4574769,368.0,36799.999999979125,1,1,0,1.0,0.0,368.0,1,1,1,1,1
322,4574771,35.0,3499.9999999980146,1,1,0,1.0,0.0,35.0,1,1,1,1,1
323,4574773,1099.0,109899.99999993766,1,1,0,1.0,0.0,1099.0,1,1,1,1,1
324,4574775,533.0,53299.99999996976,1,1,0,1.0,0.0,533.0,1,1,1,1,1
325,4574777,1788.0,178799.99999989857,1,1,0,1.0,0.0,1788.0,1,1,1,1,1
326,4574779,890.0,88999.9999999495,1,1,0,1.0,0.0,890.0,1,1,1,1,1
327,4574781,88.0,8799.999999995009,1,1,0,1.0,0.0,88.0,1,1,1,1,1
328,4574783,127.0,12699.999999992795,1,1,0,1.0,0.0,127.0,1,1,1,1,1
329,4574785,29.0,2899.9999999983547,1,1,0,1.0,0.0,29.0,1,1,1,1,1
330,4574787,395.0,39499.99999997759,1,1,0,1.0,0.0,395.0,1,1,1,1,1
331,4574789,340.0,33999.99999998071,1,1,0,1.0,0.0,340.0,1,1,1,1,1
332,4574791,875.0,87499.99999995036,1,1,0,1.0,0.0,875.0,1,1,1,1,1
333,4574795,825.0,82499.9999999532,1,1,0,1.0,0.0,825.0,1,1,1,1,1
334,4574797,973.0,97299.9999999448,1,1,0,1.0,0.0,973.0,1,1,1,1,1
335,4574799,134.0,13399.999999992398,1,1,0,1.0,0.0,134.0,1,1,1,1,1
336,4574801,3107.0,310699.99999982375,1,1,0,1.0,0.0,3107.0,1,1,1,1,1
337,4574803,156.0,15599.99999999115,1,1,0,1.0,0.0,156.0,1,1,1,1,1
338,4574805,447.0,44699.99999997464,1,1,0,1.0,0.0,447.0,1,1,1,1,1
339,4574807,3006.0,300599.99999982945,1,1,0,1.0,0.0,3006.0,1,1,1,1,1
340,4574811,43.0,4299.999999997561,1,1,0,1.0,0.0,43.0,1,1,1,1,1
341,4574813,115.0,11499.999999993475,1,1,0,1.0,0.0,115.0,1,1,1,1,1
342,4574815,178.0,17799.9999999899,1,1,0,1.0,0.0,178.0,1,1,1,1,1
343,4574817,41.0,4099.999999997674,1,1,0,1.0,0.0,41.0,1,1,1,1,1
344,4574821,63.0,6299.999999996426,1,1,0,1.0,0.0,63.0,1,1,1,1,1
345,4574823,439.0,43899.999999975094,1,1,0,1.0,0.0,439.0,1,1,1,1,1
346,4574825,5.0,499.99999999971635,1,1,0,1.0,0.0,5.0,1,1,1,1,1
347,4574827,1969.0,196899.9999998883,1,1,0,1.0,0.0,1969.0,1,1,1,1,1
348,4574829,245.0,24499.999999986103,1,1,0,1.0,0.0,245.0,1,1,1,1,1
349,4574837,148.0,14799.999999991604,1,1,0,1.0,0.0,148.0,1,1,1,1,1
350,4574839,2209.0,220899.99999987468,1,1,0,1.0,0.0,2209.0,1,1,1,1,1
351,4574841,302.0,30199.99999998287,1,1,0,1.0,0.0,302.0,1,1,1,1,1
352,4574847,369.0,36899.99999997907,1,1,0,1.0,0.0,369.0,1,1,1,1,1
353,4574849,95.0,9499.99999999461,1,1,0,1.0,0.0,95.0,1,1,1,1,1
354,4574853,123.0,12299.999999993022,1,1,0,1.0,0.0,123.0,1,1,1,1,1
355,4574857,778.0,77799.99999995586,1,1,0,1.0,0.0,778.0,1,1,1,1,1
356,4574859,6.0,599.9999999996596,1,1,0,1.0,0.0,6.0,1,1,1,1,1
357,4574863,64.0,6399.999999996369,1,1,0,1.0,0.0,64.0,1,1,1,1,1
358,4577524,120.0,11999.999999993193,1,1,0,1.0,0.0,120.0,1,1,1,1,1
359,4577746,39.0,3899.9999999977877,1,1,0,1.0,0.0,39.0,1,1,1,1,1
360,4577754,144.0,14399.999999991831,1,1,0,1.0,0.0,144.0,1,1,1,1,1
361,4577764,12.0,1199.9999999993192,1,1,0,1.0,0.0,12.0,1,1,1,1,1
362,4577766,341.0,34099.99999998065,1,1,0,1.0,0.0,341.0,1,1,1,1,1
363,4577768,792.0,79199.99999995506,1,1,0,1.0,0.0,792.0,1,1,1,1,1
364,4577770,579.0,57899.999999967156,1,1,0,1.0,0.0,579.0,1,1,1,1,1
365,4577780,988.0,98799.99999994395,1,1,0,1.0,0.0,988.0,1,1,1,1,1
366,4577782,9.0,899.9999999994894,1,1,0,1.0,0.0,9.0,1,1,1,1,1
367,4577788,33.0,3299.999999998128,1,1,0,1.0,0.0,33.0,1,1,1,1,1
368,4577794,24.0,2399.9999999986385,1,1,0,1.0,0.0,24.0,1,1,1,1,1
369,4578004,438.0,43799.99999997515,1,1,0,1.0,0.0,438.0,1,1,1,1,1
370,4578010,307.0,30699.999999982585,1,1,0,1.0,0.0,307.0,1,1,1,1,1
371,4578016,116.0,11599.999999993419,1,1,0,1.0,0.0,116.0,1,1,1,1,1
372,4578164,133.0,13299.999999992455,1,1,0,1.0,0.0,133.0,1,1,1,1,1
373,4578238,557.0,55699.9999999684,1,1,0,1.0,0.0,557.0,1,1,1,1,1
374,4578240,41.0,4099.999999997674,1,1,0,1.0,0.0,41.0,1,1,1,1,1
375,4578254,26.0,2599.999999998525,1,1,0,1.0,0.0,26.0,1,1,1,1,1
376,4592101,82.0,8199.999999995349,1,1,0,1.0,0.0,82.0,1,1,1,1,1
377,4592113,52.0,5199.99999999705,1,1,0,1.0,0.0,52.0,1,1,1,1,1
378,4592119,73.0,7299.999999995859,1,1,0,1.0,0.0,73.0,1,1,1,1,1
379,4592121,49.0,4899.999999997221,1,1,0,1.0,0.0,49.0,1,1,1,1,1
380,4592131,379.0,37899.9999999785,1,1,0,1.0,0.0,379.0,1,1,1,1,1
381,4592141,55.0,5499.9999999968795,1,1,0,1.0,0.0,55.0,1,1,1,1,1
382,4592143,42.0,4199.999999997617,1,1,0,1.0,0.0,42.0,1,1,1,1,1
383,4592145,15.0,1499.9999999991492,1,1,0,1.0,0.0,15.0,1,1,1,1,1
384,4592149,150.0,14999.99999999149,1,1,0,1.0,0.0,150.0,1,1,1,1,1
385,4592153,135.0,13499.999999992342,1,1,0,1.0,0.0,135.0,1,1,1,1,1
386,4592155,171.0,17099.999999990298,1,1,0,1.0,0.0,171.0,1,1,1,1,1
387,4592159,334.0,33399.99999998105,1,1,0,1.0,0.0,334.0,1,1,1,1,1
388,4592163,260.0,25999.99999998525,1,1,0,1.0,0.0,260.0,1,1,1,1,1
389,4592165,14.0,1399.9999999992058,1,1,0,1.0,0.0,14.0,1,1,1,1,1
390,4592167,116.0,11599.999999993419,1,1,0,1.0,0.0,116.0,1,1,1,1,1
391,4592171,28.0,2799.9999999984116,1,1,0,1.0,0.0,28.0,1,1,1,1,1
392,4592179,232.0,23199.999999986838,1,1,0,1.0,0.0,232.0,1,1,1,1,1
393,4592183,449.0,44899.99999997453,1,1,0,1.0,0.0,449.0,1,1,1,1,1
394,4592185,679.0,67899.99999996148,1,1,0,1.0,0.0,679.0,1,1,1,1,1
395,4592187,368.0,36799.999999979125,1,1,0,1.0,0.0,368.0,1,1,1,1,1
396,4592191,151.0,15099.999999991434,1,1,0,1.0,0.0,151.0,1,1,1,1,1
397,4592195,113.0,11299.99999999359,1,1,0,1.0,0.0,113.0,1,1,1,1,1
398,4592197,693.0,69299.99999996068,1,1,0,1.0,0.0,693.0,1,1,1,1,1
399,4592199,1216.0,121599.99999993102,1,1,0,1.0,0.0,1216.0,1,1,1,1,1
400,4592201,698.0,69799.9999999604,1,1,0,1.0,0.0,698.0,1,1,1,1,1
401,4592205,694.0,69399.99999996062,1,1,0,1.0,0.0,694.0,1,1,1,1,1
402,4592211,108.0,10799.999999993874,1,1,0,1.0,0.0,108.0,1,1,1,1,1
403,4592217,405.0,40499.99999997702,1,1,0,1.0,0.0,405.0,1,1,1,1,1
404,4592257,277.0,27699.999999984288,1,1,0,1.0,0.0,277.0,1,1,1,1,1
405,4592263,17.0,1699.9999999990355,1,1,0,1.0,0.0,17.0,1,1,1,1,1
406,4592267,21.0,2099.9999999988086,1,1,0,1.0,0.0,21.0,1,1,1,1,1
407,4592273,1.0,99.99999999994327,1,1,0,1.0,0.0,1.0,1,1,1,1,1
408,4592275,81.0,8099.999999995405,1,1,0,1.0,0.0,81.0,1,1,1,1,1
409,4592279,361.0,36099.99999997952,1,1,0,1.0,0.0,361.0,1,1,1,1,1
410,4592285,255.0,25499.999999985535,1,1,0,1.0,0.0,255.0,1,1,1,1,1
411,4592289,48.0,4799.999999997277,1,1,0,1.0,0.0,48.0,1,1,1,1,1
412,4592293,143.0,14299.999999991887,1,1,0,1.0,0.0,143.0,1,1,1,1,1
413,4592297,235.0,23499.999999986667,1,1,0,1.0,0.0,235.0,1,1,1,1,1
414,4592301,694.0,69399.99999996062,1,1,0,1.0,0.0,694.0,1,1,1,1,1
415,4592303,398.0,39799.99999997742,1,1,0,1.0,0.0,398.0,1,1,1,1,1
416,4592305,1174.0,117399.9999999334,1,1,0,1.0,0.0,1174.0,1,1,1,1,1
417,4592307,554.0,55399.999999968575,1,1,0,1.0,0.0,554.0,1,1,1,1,1
418,4592311,1271.0,127099.9999999279,1,1,0,1.0,0.0,1271.0,1,1,1,1,1
419,4592313,458.0,45799.99999997402,1,1,0,1.0,0.0,458.0,1,1,1,1,1
420,4592317,408.0,40799.999999976855,1,1,0,1.0,0.0,408.0,1,1,1,1,1
421,4592325,327.0,32699.99999998145,1,1,0,1.0,0.0,327.0,1,1,1,1,1
422,4592327,728.0,72799.9999999587,1,1,0,1.0,0.0,728.0,1,1,1,1,1
423,4592329,1.0,99.99999999994327,1,1,0,1.0,0.0,1.0,1,1,1,1,1
424,4592333,18.0,1799.9999999989789,1,1,0,1.0,0.0,18.0,1,1,1,1,1
425,4592375,314.0,31399.99999998219,1,1,0,1.0,0.0,314.0,1,1,1,1,1
426,4592383,37.0,3699.999999997901,1,1,0,1.0,0.0,37.0,1,1,1,1,1
427,4592385,100.0,9999.999999994327,1,1,0,1.0,0.0,100.0,1,1,1,1,1
428,4592391,31.0,3099.9999999982415,1,1,0,1.0,0.0,31.0,1,1,1,1,1
429,4592401,572.0,57199.99999996755,1,1,0,1.0,0.0,572.0,1,1,1,1,1
430,4592405,299.0,29899.999999983036,1,1,0,1.0,0.0,299.0,1,1,1,1,1
431,4592407,6.0,599.9999999996596,1,1,0,1.0,0.0,6.0,1,1,1,1,1
432,4592409,96.0,9599.999999994554,1,1,0,1.0,0.0,96.0,1,1,1,1,1
433,4592411,42.0,4199.999999997617,1,1,0,1.0,0.0,42.0,1,1,1,1,1
434,4592413,154.0,15399.999999991263,1,1,0,1.0,0.0,154.0,1,1,1,1,1
435,4592771,308.0,30799.999999982527,1,1,0,1.0,0.0,308.0,1,1,1,1,1
436,4592777,397.0,39699.99999997748,1,1,0,1.0,0.0,397.0,1,1,1,1,1
437,4592779,2550.0,254999.99999985532,1,1,0,1.0,0.0,2550.0,1,1,1,1,1
438,4592781,677.0,67699.9999999616,1,1,0,1.0,0.0,677.0,1,1,1,1,1
439,4592785,136.0,13599.999999992284,1,1,0,1.0,0.0,136.0,1,1,1,1,1
440,4592787,87.0,8699.999999995065,1,1,0,1.0,0.0,87.0,1,1,1,1,1
441,4592789,1069.0,106899.99999993936,1,1,0,1.0,0.0,1069.0,1,1,1,1,1
442,4592795,757.0,75699.99999995706,1,1,0,1.0,0.0,757.0,1,1,1,1,1
443,4592797,77.0,7699.999999995632,1,1,0,1.0,0.0,77.0,1,1,1,1,1
444,4592809,1780.0,177999.999999899,1,1,0,1.0,0.0,1780.0,1,1,1,1,1
445,4592811,2070.0,206999.99999988257,1,1,0,1.0,0.0,2070.0,1,1,1,1,1
446,4592813,275.0,27499.9999999844,1,1,0,1.0,0.0,275.0,1,1,1,1,1
447,4592815,409.0,40899.9999999768,1,1,0,1.0,0.0,409.0,1,1,1,1,1
448,4592819,120.0,11999.999999993193,1,1,0,1.0,0.0,120.0,1,1,1,1,1
449,4592823,184.0,18399.999999989563,1,1,0,1.0,0.0,184.0,1,1,1,1,1
450,4592825,4570.0,456999.99999974074,1,1,0,1.0,0.0,4570.0,1,1,1,1,1
451,4592835,228.0,22799.999999987067,1,1,0,1.0,0.0,228.0,1,1,1,1,1
452,4592837,27.0,2699.9999999984684,1,1,0,1.0,0.0,27.0,1,1,1,1,1
453,4592839,187.0,18699.99999998939,1,1,0,1.0,0.0,187.0,1,1,1,1,1
454,4592841,132.0,13199.999999992511,1,1,0,1.0,0.0,132.0,1,1,1,1,1
455,4592845,4159.0,415899.9999997641,1,1,0,1.0,0.0,4159.0,1,1,1,1,1
456,4592849,197.0,19699.999999988824,1,1,0,1.0,0.0,197.0,1,1,1,1,1
457,4592851,18.0,1799.9999999989789,1,1,0,1.0,0.0,18.0,1,1,1,1,1
458,4592853,5418.0,541799.9999996927,1,1,0,1.0,0.0,5418.0,1,1,1,1,1
459,4592855,67.0,6699.999999996199,1,1,0,1.0,0.0,67.0,1,1,1,1,1
460,4592861,924.0,92399.99999994758,1,1,0,1.0,0.0,924.0,1,1,1,1,1
461,4592863,220.0,21999.999999987518,1,1,0,1.0,0.0,220.0,1,1,1,1,1
462,4592865,937.0,93699.99999994684,1,1,0,1.0,0.0,937.0,1,1,1,1,1
463,4592867,1257.0,125699.9999999287,1,1,0,1.0,0.0,1257.0,1,1,1,1,1
464,4592869,348.0,34799.99999998026,1,1,0,1.0,0.0,348.0,1,1,1,1,1
465,4592875,2152.0,215199.9999998779,1,1,0,1.0,0.0,2152.0,1,1,1,1,1
466,4592879,348.0,34799.99999998026,1,1,0,1.0,0.0,348.0,1,1,1,1,1
467,4592881,566.0,56599.99999996789,1,1,0,1.0,0.0,566.0,1,1,1,1,1
468,4592883,131.0,13099.999999992568,1,1,0,1.0,0.0,131.0,1,1,1,1,1
469,4592885,1041.0,104099.99999994095,1,1,0,1.0,0.0,1041.0,1,1,1,1,1
470,4592887,743.0,74299.99999995784,1,1,0,1.0,0.0,743.0,1,1,1,1,1
471,4592891,626.0,62599.999999964486,1,1,0,1.0,0.0,626.0,1,1,1,1,1
472,4592897,235.0,23499.999999986667,1,1,0,1.0,0.0,235.0,1,1,1,1,1
473,4592899,2939.0,293899.9999998333,1,1,0,1.0,0.0,2939.0,1,1,1,1,1
474,4592901,770.0,76999.99999995632,1,1,0,1.0,0.0,770.0,1,1,1,1,1
475,4592907,590.0,58999.99999996653,1,1,0,1.0,0.0,590.0,1,1,1,1,1
476,4592909,1089.0,108899.99999993823,1,1,0,1.0,0.0,1089.0,1,1,1,1,1
477,4592911,416.0,41599.9999999764,1,1,0,1.0,0.0,416.0,1,1,1,1,1
478,4592913,276.0,27599.999999984342,1,1,0,1.0,0.0,276.0,1,1,1,1,1
479,4592915,781.0,78099.99999995569,1,1,0,1.0,0.0,781.0,1,1,1,1,1
480,4592917,803.0,80299.99999995445,1,1,0,1.0,0.0,803.0,1,1,1,1,1
481,4592923,459.0,45899.99999997396,1,1,0,1.0,0.0,459.0,1,1,1,1,1
482,4592925,4526.0,452599.99999974325,1,1,0,1.0,0.0,4526.0,1,1,1,1,1
483,4592931,755.0,75499.99999995717,1,1,0,1.0,0.0,755.0,1,1,1,1,1
484,4592937,1240.0,123999.99999992966,1,1,0,1.0,0.0,1240.0,1,1,1,1,1
485,4592939,1165.0,116499.9999999339,1,1,0,1.0,0.0,1165.0,1,1,1,1,1
486,4592941,36.0,3599.9999999979577,1,1,0,1.0,0.0,36.0,1,1,1,1,1
487,4592949,3.0,299.9999999998298,1,1,0,1.0,0.0,3.0,1,1,1,1,1
488,4592951,225.0,22499.999999987234,1,1,0,1.0,0.0,225.0,1,1,1,1,1
489,4592953,557.0,55699.9999999684,1,1,0,1.0,0.0,557.0,1,1,1,1,1
490,4592957,26.0,2599.999999998525,1,1,0,1.0,0.0,26.0,1,1,1,1,1
491,4592961,1133.0,113299.99999993572,1,1,0,1.0,0.0,1133.0,1,1,1,1,1
492,4592975,1345.0,134499.9999999237,1,1,0,1.0,0.0,1345.0,1,1,1,1,1
493,4592977,1404.0,140399.99999992034,1,1,0,1.0,0.0,1404.0,1,1,1,1,1
494,4592979,90.0,8999.999999994894,1,1,0,1.0,0.0,90.0,1,1,1,1,1
495,4592981,1094.0,109399.99999993794,1,1,0,1.0,0.0,1094.0,1,1,1,1,1
496,4592983,1183.0,118299.99999993289,1,1,0,1.0,0.0,1183.0,1,1,1,1,1
497,4592985,1225.0,122499.9999999305,1,1,0,1.0,0.0,1225.0,1,1,1,1,1
498,4592987,3180.0,317999.9999998196,1,1,0,1.0,0.0,3180.0,1,1,1,1,1
499,4592989,357.0,35699.99999997975,1,1,0,1.0,0.0,357.0,1,1,1,1,1
500,4592993,247.0,24699.999999985987,1,1,0,1.0,0.0,247.0,1,1,1,1,1
501,4592995,274.0,27399.999999984455,1,1,0,1.0,0.0,274.0,1,1,1,1,1
502,4592999,3376.0,337599.9999998085,1,1,0,1.0,0.0,3376.0,1,1,1,1,1
503,4593001,190.0,18999.99999998922,1,1,0,1.0,0.0,190.0,1,1,1,1,1
504,4593003,2102.0,210199.99999988076,1,1,0,1.0,0.0,2102.0,1,1,1,1,1
505,4593005,406.0,40599.999999976964,1,1,0,1.0,0.0,406.0,1,1,1,1,1
506,4593007,264.0,26399.999999985022,1,1,0,1.0,0.0,264.0,1,1,1,1,1
507,4593009,3.0,299.9999999998298,1,1,0,1.0,0.0,3.0,1,1,1,1,1
508,4593011,67.0,6699.999999996199,1,1,0,1.0,0.0,67.0,1,1,1,1,1
509,4593013,1.0,99.99999999994327,1,1,0,1.0,0.0,1.0,1,1,1,1,1
510,4593015,1862.0,186199.99999989438,1,1,0,1.0,0.0,1862.0,1,1,1,1,1
511,4593017,1854.0,185399.99999989482,1,1,0,1.0,0.0,1854.0,1,1,1,1,1
512,4593019,1884.0,188399.99999989313,1,1,0,1.0,0.0,1884.0,1,1,1,1,1
513,4593021,45.0,4499.999999997447,1,1,0,1.0,0.0,45.0,1,1,1,1,1
514,4593023,1289.0,128899.99999992688,1,1,0,1.0,0.0,1289.0,1,1,1,1,1
515,4593027,3110.0,310999.9999998236,1,1,0,1.0,0.0,3110.0,1,1,1,1,1
516,4593029,2276.0,227599.9999998709,1,1,0,1.0,0.0,2276.0,1,1,1,1,1
517,4593031,5.0,499.99999999971635,1,1,0,1.0,0.0,5.0,1,1,1,1,1
518,4593033,135.0,13499.999999992342,1,1,0,1.0,0.0,135.0,1,1,1,1,1
519,4593037,6494.0,649399.9999996315,1,1,0,1.0,0.0,6494.0,1,1,1,1,1
520,4593045,845.0,84499.99999995207,1,1,0,1.0,0.0,845.0,1,1,1,1,1
521,4593049,67.0,6699.999999996199,1,1,0,1.0,0.0,67.0,1,1,1,1,1
522,4593051,371.0,37099.99999997895,1,1,0,1.0,0.0,371.0,1,1,1,1,1
523,4593053,88.0,8799.999999995009,1,1,0,1.0,0.0,88.0,1,1,1,1,1
524,4593055,2742.0,274199.99999984447,1,1,0,1.0,0.0,2742.0,1,1,1,1,1
525,4593057,336.0,33599.99999998094,1,1,0,1.0,0.0,336.0,1,1,1,1,1
526,4593059,600.0,59999.99999996596,1,1,0,1.0,0.0,600.0,1,1,1,1,1
527,4593061,2.0,199.99999999988654,1,1,0,1.0,0.0,2.0,1,1,1,1,1
528,4593069,605.0,60499.99999996568,1,1,0,1.0,0.0,605.0,1,1,1,1,1
529,4593095,1741.0,174099.99999990122,1,1,0,1.0,0.0,1741.0,1,1,1,1,1
530,4593103,840.0,83999.99999995234,1,1,0,1.0,0.0,840.0,1,1,1,1,1
531,4593113,890.0,88999.9999999495,1,1,0,1.0,0.0,890.0,1,1,1,1,1
532,4593115,40.0,3999.999999997731,1,1,0,1.0,0.0,40.0,1,1,1,1,1
533,4593117,21.0,2099.9999999988086,1,1,0,1.0,0.0,21.0,1,1,1,1,1
534,4593119,898.0,89799.99999994905,1,1,0,1.0,0.0,898.0,1,1,1,1,1
535,4593121,404.0,40399.99999997708,1,1,0,1.0,0.0,404.0,1,1,1,1,1
536,4593123,5.0,499.99999999971635,1,1,0,1.0,0.0,5.0,1,1,1,1,1
537,4593177,845.0,84499.99999995207,1,1,0,1.0,0.0,845.0,1,1,1,1,1
538,4593179,3260.0,325999.9999998151,1,1,0,1.0,0.0,3260.0,1,1,1,1,1
539,4593181,1891.0,189099.99999989272,1,1,0,1.0,0.0,1891.0,1,1,1,1,1
540,4593187,659.0,65899.99999996262,1,1,0,1.0,0.0,659.0,1,1,1,1,1
541,4593189,260.0,25999.99999998525,1,1,0,1.0,0.0,260.0,1,1,1,1,1
542,4593191,22.0,2199.999999998752,1,1,0,1.0,0.0,22.0,1,1,1,1,1
543,4593197,69.0,6899.9999999960855,1,1,0,1.0,0.0,69.0,1,1,1,1,1
544,4593199,149.0,14899.999999991547,1,1,0,1.0,0.0,149.0,1,1,1,1,1
545,4593201,34.0,3399.999999998071,1,1,0,1.0,0.0,34.0,1,1,1,1,1
546,4593203,219.0,21899.999999987576,1,1,0,1.0,0.0,219.0,1,1,1,1,1
547,4593205,1432.0,143199.99999991877,1,1,0,1.0,0.0,1432.0,1,1,1,1,1
548,4593207,146.0,14599.999999991718,1,1,0,1.0,0.0,146.0,1,1,1,1,1
549,4593209,171.0,17099.999999990298,1,1,0,1.0,0.0,171.0,1,1,1,1,1
550,4593211,146.0,14599.999999991718,1,1,0,1.0,0.0,146.0,1,1,1,1,1
551,4593213,1106.0,110599.99999993725,1,1,0,1.0,0.0,1106.0,1,1,1,1,1
552,4593217,1544.0,154399.9999999124,1,1,0,1.0,0.0,1544.0,1,1,1,1,1
553,4593223,1475.0,147499.99999991633,1,1,0,1.0,0.0,1475.0,1,1,1,1,1
554,4593229,174.0,17399.99999999013,1,1,0,1.0,0.0,174.0,1,1,1,1,1
555,4593231,80.0,7999.999999995462,1,1,0,1.0,0.0,80.0,1,1,1,1,1
556,4593241,1796.0,179599.9999998981,1,1,0,1.0,0.0,1796.0,1,1,1,1,1
557,4593243,9.0,899.9999999994894,1,1,0,1.0,0.0,9.0,1,1,1,1,1
558,4593249,125.0,12499.99999999291,1,1,0,1.0,0.0,125.0,1,1,1,1,1
559,4593253,21.0,2099.9999999988086,1,1,0,1.0,0.0,21.0,1,1,1,1,1
560,4593255,2900.0,289999.9999998355,1,1,0,1.0,0.0,2900.0,1,1,1,1,1
561,4593261,1386.0,138599.99999992136,1,1,0,1.0,0.0,1386.0,1,1,1,1,1
562,4593263,52.0,5199.99999999705,1,1,0,1.0,0.0,52.0,1,1,1,1,1
563,4593265,126.0,12599.999999992851,1,1,0,1.0,0.0,126.0,1,1,1,1,1
564,4593269,601.0,60099.999999965905,1,1,0,1.0,0.0,601.0,1,1,1,1,1
565,4593271,171.0,17099.999999990298,1,1,0,1.0,0.0,171.0,1,1,1,1,1
566,4593273,96.0,9599.999999994554,1,1,0,1.0,0.0,96.0,1,1,1,1,1
567,4593281,1483.0,148299.99999991586,1,1,0,1.0,0.0,1483.0,1,1,1,1,1
568,4593285,20.0,1999.9999999988654,1,1,0,1.0,0.0,20.0,1,1,1,1,1
569,4593291,22.0,2199.999999998752,1,1,0,1.0,0.0,22.0,1,1,1,1,1
570,4593297,300.0,29999.99999998298,1,1,0,1.0,0.0,300.0,1,1,1,1,1
571,4593301,145.0,14499.999999991775,1,1,0,1.0,0.0,145.0,1,1,1,1,1
572,4593321,200.0,19999.999999988653,1,1,0,1.0,0.0,200.0,1,1,1,1,1
573,4593345,1911.0,191099.9999998916,1,1,0,1.0,0.0,1911.0,1,1,1,1,1
574,4593349,1626.0,162599.99999990777,1,1,0,1.0,0.0,1626.0,1,1,1,1,1
575,4593353,4039.0,403899.9999997709,1,1,0,1.0,0.0,4039.0,1,1,1,1,1
576,4593355,3319.0,331899.9999998117,1,1,0,1.0,0.0,3319.0,1,1,1,1,1
577,4593359,141.0,14099.999999992002,1,1,0,1.0,0.0,141.0,1,1,1,1,1
578,4593363,8462.0,846199.9999995199,1,1,0,1.0,0.0,8462.0,1,1,1,1,1
579,4593369,31.0,3099.9999999982415,1,1,0,1.0,0.0,31.0,1,1,1,1,1
580,4593371,454.0,45399.99999997424,1,1,0,1.0,0.0,454.0,1,1,1,1,1
581,4593381,138.0,13799.999999992171,1,1,0,1.0,0.0,138.0,1,1,1,1,1
582,4593393,140.0,13999.999999992058,1,1,0,1.0,0.0,140.0,1,1,1,1,1
583,4593395,257.0,25699.99999998542,1,1,0,1.0,0.0,257.0,1,1,1,1,1
584,4593881,245.0,24499.999999986103,1,1,0,1.0,0.0,245.0,1,1,1,1,1
585,4593887,7.0,699.9999999996029,1,1,0,1.0,0.0,7.0,1,1,1,1,1
586,4593893,111.0,11099.999999993703,1,1,0,1.0,0.0,111.0,1,1,1,1,1
587,4593901,5582.0,558199.9999996834,1,1,0,1.0,0.0,5582.0,1,1,1,1,1
588,4593905,221.0,22099.999999987464,1,1,0,1.0,0.0,221.0,1,1,1,1,1
589,4593907,222.0,22199.999999987405,1,1,0,1.0,0.0,222.0,1,1,1,1,1
590,4593909,535.0,53499.99999996965,1,1,0,1.0,0.0,535.0,1,1,1,1,1
591,4593911,27.0,2699.9999999984684,1,1,0,1.0,0.0,27.0,1,1,1,1,1
592,4593917,386.0,38599.9999999781,1,1,0,1.0,0.0,386.0,1,1,1,1,1
593,4593921,172.0,17199.999999990243,1,1,0,1.0,0.0,172.0,1,1,1,1,1
594,4593923,100.0,9999.999999994327,1,1,0,1.0,0.0,100.0,1,1,1,1,1
595,4593937,52.0,5199.99999999705,1,1,0,1.0,0.0,52.0,1,1,1,1,1
596,4593947,128.0,12799.999999992739,1,1,0,1.0,0.0,128.0,1,1,1,1,1
597,4593953,90.0,8999.999999994894,1,1,0,1.0,0.0,90.0,1,1,1,1,1
598,4593961,9.0,899.9999999994894,1,1,0,1.0,0.0,9.0,1,1,1,1,1
599,4593965,1.0,99.99999999994327,1,1,0,1.0,0.0,1.0,1,1,1,1,1
600,4593967,127.0,12699.999999992795,1,1,0,1.0,0.0,127.0,1,1,1,1,1
601,4593975,745.0,74499.99999995774,1,1,0,1.0,0.0,745.0,1,1,1,1,1
602,4593979,106.0,10599.999999993986,1,1,0,1.0,0.0,106.0,1,1,1,1,1
603,4593983,15.0,1499.9999999991492,1,1,0,1.0,0.0,15.0,1,1,1,1,1
604,4593991,276.0,27599.999999984342,1,1,0,1.0,0.0,276.0,1,1,1,1,1
605,4593993,12.0,1199.9999999993192,1,1,0,1.0,0.0,12.0,1,1,1,1,1
606,4593995,785.0,78499.99999995547,1,1,0,1.0,0.0,785.0,1,1,1,1,1
607,4593997,66.0,6599.999999996256,1,1,0,1.0,0.0,66.0,1,1,1,1,1
608,4593999,1879.0,187899.9999998934,1,1,0,1.0,0.0,1879.0,1,1,1,1,1
609,4594003,94.0,9399.999999994667,1,1,0,1.0,0.0,94.0,1,1,1,1,1
610,4594005,1037.0,103699.99999994117,1,1,0,1.0,0.0,1037.0,1,1,1,1,1
611,4594013,149.0,14899.999999991547,1,1,0,1.0,0.0,149.0,1,1,1,1,1
612,4594017,681.0,68099.99999996136,1,1,0,1.0,0.0,681.0,1,1,1,1,1
613,4594025,574.0,57399.99999996744,1,1,0,1.0,0.0,574.0,1,1,1,1,1
614,4594027,73.0,7299.999999995859,1,1,0,1.0,0.0,73.0,1,1,1,1,1
615,4594029,79.0,7899.999999995518,1,1,0,1.0,0.0,79.0,1,1,1,1,1
616,4594031,418.0,41799.99999997629,1,1,0,1.0,0.0,418.0,1,1,1,1,1
617,4594035,5867.0,586699.9999996672,1,1,0,1.0,0.0,5867.0,1,1,1,1,1
618,4594039,157.0,15699.999999991094,1,1,0,1.0,0.0,157.0,1,1,1,1,1
619,4594041,77.0,7699.999999995632,1,1,0,1.0,0.0,77.0,1,1,1,1,1
620,4594043,357.0,35699.99999997975,1,1,0,1.0,0.0,357.0,1,1,1,1,1
621,4594045,73.0,7299.999999995859,1,1,0,1.0,0.0,73.0,1,1,1,1,1
622,4594047,627.0,62699.99999996443,1,1,0,1.0,0.0,627.0,1,1,1,1,1
623,4594049,859.0,85899.99999995127,1,1,0,1.0,0.0,859.0,1,1,1,1,1
624,4594051,62.0,6199.999999996483,1,1,0,1.0,0.0,62.0,1,1,1,1,1
625,4594053,1091.0,109099.99999993811,1,1,0,1.0,0.0,1091.0,1,1,1,1,1
626,4594055,5722.0,572199.9999996754,1,1,0,1.0,0.0,5722.0,1,1,1,1,1
627,4594057,925.0,92499.99999994753,1,1,0,1.0,0.0,925.0,1,1,1,1,1
628,4594059,29.0,2899.9999999983547,1,1,0,1.0,0.0,29.0,1,1,1,1,1
629,4594061,55.0,5499.9999999968795,1,1,0,1.0,0.0,55.0,1,1,1,1,1
630,4594065,73.0,7299.999999995859,1,1,0,1.0,0.0,73.0,1,1,1,1,1
631,4594067,89.0,8899.99999999495,1,1,0,1.0,0.0,89.0,1,1,1,1,1
632,4594069,321.0,32099.99999998179,1,1,0,1.0,0.0,321.0,1,1,1,1,1
633,4594071,51.0,5099.999999997107,1,1,0,1.0,0.0,51.0,1,1,1,1,1
634,4594073,241.0,24099.99999998633,1,1,0,1.0,0.0,241.0,1,1,1,1,1
635,4594077,639.0,63899.99999996375,1,1,0,1.0,0.0,639.0,1,1,1,1,1
636,4594079,1550.0,154999.99999991208,1,1,0,1.0,0.0,1550.0,1,1,1,1,1
637,4594081,253.0,25299.999999985648,1,1,0,1.0,0.0,253.0,1,1,1,1,1
638,4594083,100.0,9999.999999994327,1,1,0,1.0,0.0,100.0,1,1,1,1,1
639,4594085,1615.0,161499.99999990838,1,1,0,1.0,0.0,1615.0,1,1,1,1,1
640,4594087,45.0,4499.999999997447,1,1,0,1.0,0.0,45.0,1,1,1,1,1
641,4594089,677.0,67699.9999999616,1,1,0,1.0,0.0,677.0,1,1,1,1,1
642,4594093,128.0,12799.999999992739,1,1,0,1.0,0.0,128.0,1,1,1,1,1
643,4594097,133.0,13299.999999992455,1,1,0,1.0,0.0,133.0,1,1,1,1,1
644,4594099,2657.0,265699.99999984924,1,1,0,1.0,0.0,2657.0,1,1,1,1,1
645,4594103,6.0,599.9999999996596,1,1,0,1.0,0.0,6.0,1,1,1,1,1
646,4594105,267.0,26699.99999998485,1,1,0,1.0,0.0,267.0,1,1,1,1,1
647,4594107,2142.0,214199.9999998785,1,1,0,1.0,0.0,2142.0,1,1,1,1,1
648,4594109,178.0,17799.9999999899,1,1,0,1.0,0.0,178.0,1,1,1,1,1
649,4594117,102.0,10199.999999994214,1,1,0,1.0,0.0,102.0,1,1,1,1,1
650,4594123,962.0,96199.99999994543,1,1,0,1.0,0.0,962.0,1,1,1,1,1
651,4594131,6.0,599.9999999996596,1,1,0,1.0,0.0,6.0,1,1,1,1,1
652,4594133,889.0,88899.99999994956,1,1,0,1.0,0.0,889.0,1,1,1,1,1
653,4594135,933.0,93299.99999994707,1,1,0,1.0,0.0,933.0,1,1,1,1,1
654,4594143,53.0,5299.999999996993,1,1,0,1.0,0.0,53.0,1,1,1,1,1
655,4594145,1665.0,166499.99999990556,1,1,0,1.0,0.0,1665.0,1,1,1,1,1
656,4594153,441.0,44099.999999974985,1,1,0,1.0,0.0,441.0,1,1,1,1,1
657,4594159,110.0,10999.999999993759,1,1,0,1.0,0.0,110.0,1,1,1,1,1
658,4594161,1178.0,117799.99999993318,1,1,0,1.0,0.0,1178.0,1,1,1,1,1
659,4594163,2373.0,237299.9999998654,1,1,0,1.0,0.0,2373.0,1,1,1,1,1
660,4594165,3843.0,384299.999999782,1,1,0,1.0,0.0,3843.0,1,1,1,1,1
661,4594167,1588.0,158799.99999990992,1,1,0,1.0,0.0,1588.0,1,1,1,1,1
662,4594171,15479.0,1547899.999999122,1,1,0,1.0,0.0,15479.0,1,1,1,1,1
663,4594173,2.0,199.99999999988654,1,1,0,1.0,0.0,2.0,1,1,1,1,1
664,4594177,820.0,81999.99999995348,1,1,0,1.0,0.0,820.0,1,1,1,1,1
665,4594183,666.0,66599.99999996222,1,1,0,1.0,0.0,666.0,1,1,1,1,1
666,4594185,4292.0,429199.9999997565,1,1,0,1.0,0.0,4292.0,1,1,1,1,1
667,4594187,170.0,16999.999999990356,1,1,0,1.0,0.0,170.0,1,1,1,1,1
668,4594189,139.0,13899.999999992115,1,1,0,1.0,0.0,139.0,1,1,1,1,1
669,4594195,348.0,34799.99999998026,1,1,0,1.0,0.0,348.0,1,1,1,1,1
670,4594199,35.0,3499.9999999980146,1,1,0,1.0,0.0,35.0,1,1,1,1,1
671,4594201,1394.0,139399.99999992092,1,1,0,1.0,0.0,1394.0,1,1,1,1,1
672,4594203,566.0,56599.99999996789,1,1,0,1.0,0.0,566.0,1,1,1,1,1
673,4594205,798.0,79799.99999995473,1,1,0,1.0,0.0,798.0,1,1,1,1,1
674,4594207,39.0,3899.9999999977877,1,1,0,1.0,0.0,39.0,1,1,1,1,1
675,4594209,1387.0,138699.9999999213,1,1,0,1.0,0.0,1387.0,1,1,1,1,1
676,4594211,135.0,13499.999999992342,1,1,0,1.0,0.0,135.0,1,1,1,1,1
677,4594213,70.0,6999.999999996029,1,1,0,1.0,0.0,70.0,1,1,1,1,1
678,4594215,9808.0,980799.9999994437,1,1,0,1.0,0.0,9808.0,1,1,1,1,1
679,4594219,438.0,43799.99999997515,1,1,0,1.0,0.0,438.0,1,1,1,1,1
680,4594221,942.0,94199.99999994657,1,1,0,1.0,0.0,942.0,1,1,1,1,1
681,4594223,96.0,9599.999999994554,1,1,0,1.0,0.0,96.0,1,1,1,1,1
682,4594225,99.0,9899.999999994383,1,1,0,1.0,0.0,99.0,1,1,1,1,1
683,4594229,354.0,35399.99999997992,1,1,0,1.0,0.0,354.0,1,1,1,1,1
684,4594231,1865.0,186499.9999998942,1,1,0,1.0,0.0,1865.0,1,1,1,1,1
685,4594233,171.0,17099.999999990298,1,1,0,1.0,0.0,171.0,1,1,1,1,1
686,4594235,2592.0,259199.99999985297,1,1,0,1.0,0.0,2592.0,1,1,1,1,1
687,4594239,124.0,12399.999999992966,1,1,0,1.0,0.0,124.0,1,1,1,1,1
688,4594241,1013.0,101299.99999994253,1,1,0,1.0,0.0,1013.0,1,1,1,1,1
689,4594245,80.0,7999.999999995462,1,1,0,1.0,0.0,80.0,1,1,1,1,1
690,4594247,890.0,88999.9999999495,1,1,0,1.0,0.0,890.0,1,1,1,1,1
691,4594249,19.0,1899.9999999989222,1,1,0,1.0,0.0,19.0,1,1,1,1,1
692,4594251,9.0,899.9999999994894,1,1,0,1.0,0.0,9.0,1,1,1,1,1
693,4594257,1548.0,154799.9999999122,1,1,0,1.0,0.0,1548.0,1,1,1,1,1
694,4594259,9009.0,900899.9999994889,1,1,0,1.0,0.0,9009.0,1,1,1,1,1
695,4594261,3413.0,341299.9999998064,1,1,0,1.0,0.0,3413.0,1,1,1,1,1
696,4594265,108.0,10799.999999993874,1,1,0,1.0,0.0,108.0,1,1,1,1,1
697,4594267,332.0,33199.99999998116,1,1,0,1.0,0.0,332.0,1,1,1,1,1
698,4594269,39.0,3899.9999999977877,1,1,0,1.0,0.0,39.0,1,1,1,1,1
699,4594271,2.0,199.99999999988654,1,1,0,1.0,0.0,2.0,1,1,1,1,1
700,4594275,219.0,21899.999999987576,1,1,0,1.0,0.0,219.0,1,1,1,1,1
701,4594283,2768.0,276799.99999984296,1,1,0,1.0,0.0,2768.0,1,1,1,1,1
702,4594285,719.0,71899.99999995921,1,1,0,1.0,0.0,719.0,1,1,1,1,1
703,4594287,244.0,24399.999999986157,1,1,0,1.0,0.0,244.0,1,1,1,1,1
704,4594289,4010.0,400999.9999997725,1,1,0,1.0,0.0,4010.0,1,1,1,1,1
705,4594291,1113.0,111299.99999993686,1,1,0,1.0,0.0,1113.0,1,1,1,1,1
706,4594295,497.0,49699.999999971806,1,1,0,1.0,0.0,497.0,1,1,1,1,1
707,4594297,128.0,12799.999999992739,1,1,0,1.0,0.0,128.0,1,1,1,1,1
708,4594301,326.0,32599.999999981505,1,1,0,1.0,0.0,326.0,1,1,1,1,1
709,4594305,1304.0,130399.99999992602,1,1,0,1.0,0.0,1304.0,1,1,1,1,1
710,4594307,3498.0,349799.99999980157,1,1,0,1.0,0.0,3498.0,1,1,1,1,1
711,4594309,1812.0,181199.9999998972,1,1,0,1.0,0.0,1812.0,1,1,1,1,1
712,4594311,916.0,91599.99999994804,1,1,0,1.0,0.0,916.0,1,1,1,1,1
713,4594315,1477.0,147699.9999999162,1,1,0,1.0,0.0,1477.0,1,1,1,1,1
714,4594317,637.0,63699.99999996386,1,1,0,1.0,0.0,637.0,1,1,1,1,1
715,4594319,4196.0,419599.999999762,1,1,0,1.0,0.0,4196.0,1,1,1,1,1
716,4594323,693.0,69299.99999996068,1,1,0,1.0,0.0,693.0,1,1,1,1,1
717,4594325,2935.0,293499.9999998335,1,1,0,1.0,0.0,2935.0,1,1,1,1,1
718,4594327,1515.0,151499.99999991406,1,1,0,1.0,0.0,1515.0,1,1,1,1,1
719,4594331,1561.0,156099.99999991144,1,1,0,1.0,0.0,1561.0,1,1,1,1,1
720,4594333,2121.0,212099.99999987968,1,1,0,1.0,0.0,2121.0,1,1,1,1,1
721,4594335,2081.0,208099.99999988195,1,1,0,1.0,0.0,2081.0,1,1,1,1,1
722,4594337,142.0,14199.999999991944,1,1,0,1.0,0.0,142.0,1,1,1,1,1
723,4594339,47.0,4699.999999997333,1,1,0,1.0,0.0,47.0,1,1,1,1,1
724,4594341,1572.0,157199.99999991083,1,1,0,1.0,0.0,1572.0,1,1,1,1,1
725,4594343,752.0,75199.99999995733,1,1,0,1.0,0.0,752.0,1,1,1,1,1
726,4594347,273.0,27299.999999984513,1,1,0,1.0,0.0,273.0,1,1,1,1,1
727,4594349,12.0,1199.9999999993192,1,1,0,1.0,0.0,12.0,1,1,1,1,1
728,4594351,5493.0,549299.9999996884,1,1,0,1.0,0.0,5493.0,1,1,1,1,1
729,4594355,1958.0,195799.9999998889,1,1,0,1.0,0.0,1958.0,1,1,1,1,1
730,4594359,2315.0,231499.99999986868,1,1,0,1.0,0.0,2315.0,1,1,1,1,1
731,4594361,114.0,11399.999999993533,1,1,0,1.0,0.0,114.0,1,1,1,1,1
732,4594363,142.0,14199.999999991944,1,1,0,1.0,0.0,142.0,1,1,1,1,1
733,4594365,1461.0,146099.9999999171,1,1,0,1.0,0.0,1461.0,1,1,1,1,1
734,4594367,968.0,96799.99999994508,1,1,0,1.0,0.0,968.0,1,1,1,1,1
735,4594369,4.0,399.9999999997731,1,1,0,1.0,0.0,4.0,1,1,1,1,1
736,4594371,1208.0,120799.99999993148,1,1,0,1.0,0.0,1208.0,1,1,1,1,1
737,4594373,1919.0,191899.99999989112,1,1,0,1.0,0.0,1919.0,1,1,1,1,1
738,4594375,109.0,10899.999999993817,1,1,0,1.0,0.0,109.0,1,1,1,1,1
739,4594377,422.0,42199.99999997606,1,1,0,1.0,0.0,422.0,1,1,1,1,1
740,4594379,227.0,22699.99999998712,1,1,0,1.0,0.0,227.0,1,1,1,1,1
741,4594381,443.0,44299.99999997487,1,1,0,1.0,0.0,443.0,1,1,1,1,1
742,4594383,785.0,78499.99999995547,1,1,0,1.0,0.0,785.0,1,1,1,1,1
743,4594387,110.0,10999.999999993759,1,1,0,1.0,0.0,110.0,1,1,1,1,1
744,4594389,2459.0,245899.9999998605,1,1,0,1.0,0.0,2459.0,1,1,1,1,1
745,4594393,703.0,70299.99999996011,1,1,0,1.0,0.0,703.0,1,1,1,1,1
746,4594395,300.0,29999.99999998298,1,1,0,1.0,0.0,300.0,1,1,1,1,1
747,4594397,247.0,24699.999999985987,1,1,0,1.0,0.0,247.0,1,1,1,1,1
748,4594399,341.0,34099.99999998065,1,1,0,1.0,0.0,341.0,1,1,1,1,1
749,4594407,5455.0,545499.9999996906,1,1,0,1.0,0.0,5455.0,1,1,1,1,1
750,4594409,100.0,9999.999999994327,1,1,0,1.0,0.0,100.0,1,1,1,1,1
751,4594411,127.0,12699.999999992795,1,1,0,1.0,0.0,127.0,1,1,1,1,1
752,4594413,3204.0,320399.9999998182,1,1,0,1.0,0.0,3204.0,1,1,1,1,1
753,4594415,407.0,40699.99999997691,1,1,0,1.0,0.0,407.0,1,1,1,1,1
754,4594417,860.0,85999.99999995121,1,1,0,1.0,0.0,860.0,1,1,1,1,1
755,4594419,2131.0,213099.9999998791,1,1,0,1.0,0.0,2131.0,1,1,1,1,1
756,4594423,3.0,299.9999999998298,1,1,0,1.0,0.0,3.0,1,1,1,1,1
757,4594427,842.0,84199.99999995224,1,1,0,1.0,0.0,842.0,1,1,1,1,1
758,4594429,831.0,83099.99999995285,1,1,0,1.0,0.0,831.0,1,1,1,1,1
759,4594433,1018.0,101799.99999994224,1,1,0,1.0,0.0,1018.0,1,1,1,1,1
760,4594435,648.0,64799.99999996324,1,1,0,1.0,0.0,648.0,1,1,1,1,1
761,4594437,2397.0,239699.99999986403,1,1,0,1.0,0.0,2397.0,1,1,1,1,1
762,4594439,429.0,42899.99999997566,1,1,0,1.0,0.0,429.0,1,1,1,1,1
763,4594443,224.0,22399.999999987293,1,1,0,1.0,0.0,224.0,1,1,1,1,1
764,4594445,2300.0,229999.99999986953,1,1,0,1.0,0.0,2300.0,1,1,1,1,1
765,4594451,1671.0,167099.9999999052,1,1,0,1.0,0.0,1671.0,1,1,1,1,1
766,4594453,26.0,2599.999999998525,1,1,0,1.0,0.0,26.0,1,1,1,1,1
767,4594455,175.0,17499.999999990072,1,1,0,1.0,0.0,175.0,1,1,1,1,1
768,4594473,807.0,80699.99999995422,1,1,0,1.0,0.0,807.0,1,1,1,1,1
769,4594479,1047.0,104699.9999999406,1,1,0,1.0,0.0,1047.0,1,1,1,1,1
770,4594517,511.0,51099.99999997101,1,1,0,1.0,0.0,511.0,1,1,1,1,1
771,4594519,60.0,5999.999999996597,1,1,0,1.0,0.0,60.0,1,1,1,1,1
772,4594521,111.0,11099.999999993703,1,1,0,1.0,0.0,111.0,1,1,1,1,1
773,4594531,347.0,34699.99999998031,1,1,0,1.0,0.0,347.0,1,1,1,1,1
774,4594533,596.0,59599.99999996619,1,1,0,1.0,0.0,596.0,1,1,1,1,1
775,4594535,107.0,10699.99999999393,1,1,0,1.0,0.0,107.0,1,1,1,1,1
776,4594537,606.0,60599.99999996562,1,1,0,1.0,0.0,606.0,1,1,1,1,1
777,4594539,9914.0,991399.9999994376,1,1,0,1.0,0.0,9914.0,1,1,1,1,1
778,4594541,10260.0,1025999.9999994179,1,1,0,1.0,0.0,10260.0,1,1,1,1,1
779,4594545,1225.0,122499.9999999305,1,1,0,1.0,0.0,1225.0,1,1,1,1,1
780,4594547,5.0,499.99999999971635,1,1,0,1.0,0.0,5.0,1,1,1,1,1
781,4594549,230.0,22999.99999998695,1,1,0,1.0,0.0,230.0,1,1,1,1,1
782,4594551,1933.0,193299.99999989034,1,1,0,1.0,0.0,1933.0,1,1,1,1,1
783,4594553,1160.0,115999.9999999342,1,1,0,1.0,0.0,1160.0,1,1,1,1,1
784,4594555,1743.0,174299.99999990113,1,1,0,1.0,0.0,1743.0,1,1,1,1,1
785,4594557,1043.0,104299.99999994083,1,1,0,1.0,0.0,1043.0,1,1,1,1,1
786,4594559,1068.0,106799.9999999394,1,1,0,1.0,0.0,1068.0,1,1,1,1,1
787,4594561,942.0,94199.99999994657,1,1,0,1.0,0.0,942.0,1,1,1,1,1
788,4594563,191.0,19099.999999989166,1,1,0,1.0,0.0,191.0,1,1,1,1,1
789,4594565,1372.0,137199.99999992218,1,1,0,1.0,0.0,1372.0,1,1,1,1,1
790,4594567,161.0,16099.999999990867,1,1,0,1.0,0.0,161.0,1,1,1,1,1
791,4594569,5530.0,552999.9999996863,1,1,0,1.0,0.0,5530.0,1,1,1,1,1
792,4594571,6998.0,699799.999999603,1,1,0,1.0,0.0,6998.0,1,1,1,1,1
793,4594573,3094.0,309399.9999998245,1,1,0,1.0,0.0,3094.0,1,1,1,1,1
794,4594579,8130.0,812999.9999995388,1,1,0,1.0,0.0,8130.0,1,1,1,1,1
795,4594581,7315.0,731499.999999585,1,1,0,1.0,0.0,7315.0,1,1,1,1,1
796,4594583,227.0,22699.99999998712,1,1,0,1.0,0.0,227.0,1,1,1,1,1
797,4594585,178.0,17799.9999999899,1,1,0,1.0,0.0,178.0,1,1,1,1,1
798,4594587,2694.0,269399.99999984715,1,1,0,1.0,0.0,2694.0,1,1,1,1,1
799,4594589,924.0,92399.99999994758,1,1,0,1.0,0.0,924.0,1,1,1,1,1
800,4594591,190.0,18999.99999998922,1,1,0,1.0,0.0,190.0,1,1,1,1,1
801,4594593,1077.0,107699.9999999389,1,1,0,1.0,0.0,1077.0,1,1,1,1,1
802,4594599,5814.0,581399.9999996702,1,1,0,1.0,0.0,5814.0,1,1,1,1,1
803,4594605,129.0,12899.999999992682,1,1,0,1.0,0.0,129.0,1,1,1,1,1
804,4594609,186.0,18599.99999998945,1,1,0,1.0,0.0,186.0,1,1,1,1,1
805,4594611,871.0,87099.99999995058,1,1,0,1.0,0.0,871.0,1,1,1,1,1
806,4594619,1154.0,115399.99999993453,1,1,0,1.0,0.0,1154.0,1,1,1,1,1
807,4594623,93.0,9299.999999994725,1,1,0,1.0,0.0,93.0,1,1,1,1,1
808,4594625,475.0,47499.99999997305,1,1,0,1.0,0.0,475.0,1,1,1,1,1
809,4594627,4.0,399.9999999997731,1,1,0,1.0,0.0,4.0,1,1,1,1,1
810,4594633,76.0,7599.999999995689,1,1,0,1.0,0.0,76.0,1,1,1,1,1
811,4594635,1114.0,111399.9999999368,1,1,0,1.0,0.0,1114.0,1,1,1,1,1
812,4594639,189.0,18899.99999998928,1,1,0,1.0,0.0,189.0,1,1,1,1,1
813,4594641,3.0,299.9999999998298,1,1,0,1.0,0.0,3.0,1,1,1,1,1
814,4594643,17.0,1699.9999999990355,1,1,0,1.0,0.0,17.0,1,1,1,1,1
815,4594653,437.0,43699.99999997521,1,1,0,1.0,0.0,437.0,1,1,1,1,1
816,4594655,199.0,19899.99999998871,1,1,0,1.0,0.0,199.0,1,1,1,1,1
817,4594661,2.0,199.99999999988654,1,1,0,1.0,0.0,2.0,1,1,1,1,1
818,4594673,192.0,19199.999999989108,1,1,0,1.0,0.0,192.0,1,1,1,1,1
819,4594677,7.0,699.9999999996029,1,1,0,1.0,0.0,7.0,1,1,1,1,1
820,4594681,17.0,1699.9999999990355,1,1,0,1.0,0.0,17.0,1,1,1,1,1
821,4594683,955.0,95499.99999994582,1,1,0,1.0,0.0,955.0,1,1,1,1,1
822,4594705,46.0,4599.999999997391,1,1,0,1.0,0.0,46.0,1,1,1,1,1
823,4594709,9.0,899.9999999994894,1,1,0,1.0,0.0,9.0,1,1,1,1,1
824,4594711,121.0,12099.999999993135,1,1,0,1.0,0.0,121.0,1,1,1,1,1
825,4594713,290.0,28999.99999998355,1,1,0,1.0,0.0,290.0,1,1,1,1,1
826,4594717,538.0,53799.99999996948,1,1,0,1.0,0.0,538.0,1,1,1,1,1
827,4594723,531.0,53099.99999996988,1,1,0,1.0,0.0,531.0,1,1,1,1,1
828,4594725,106.0,10599.999999993986,1,1,0,1.0,0.0,106.0,1,1,1,1,1
829,4594727,707.0,70699.9999999599,1,1,0,1.0,0.0,707.0,1,1,1,1,1
830,4594729,93.0,9299.999999994725,1,1,0,1.0,0.0,93.0,1,1,1,1,1
831,4594731,33.0,3299.999999998128,1,1,0,1.0,0.0,33.0,1,1,1,1,1
832,4594733,111.0,11099.999999993703,1,1,0,1.0,0.0,111.0,1,1,1,1,1
833,4594747,1318.0,131799.99999992523,1,1,0,1.0,0.0,1318.0,1,1,1,1,1
834,4594749,299.0,29899.999999983036,1,1,0,1.0,0.0,299.0,1,1,1,1,1
835,4594757,4.0,399.9999999997731,1,1,0,1.0,0.0,4.0,1,1,1,1,1
836,4594767,1157.0,115699.99999993437,1,1,0,1.0,0.0,1157.0,1,1,1,1,1
837,4594769,204.0,20399.999999988428,1,1,0,1.0,0.0,204.0,1,1,1,1,1
838,4594771,5160.0,515999.9999997073,1,1,0,1.0,0.0,5160.0,1,1,1,1,1
839,4594775,3802.0,380199.99999978434,1,1,0,1.0,0.0,3802.0,1,1,1,1,1
840,4594777,241.0,24099.99999998633,1,1,0,1.0,0.0,241.0,1,1,1,1,1
841,4594779,1548.0,154799.9999999122,1,1,0,1.0,0.0,1548.0,1,1,1,1,1
842,4594783,20.0,1999.9999999988654,1,1,0,1.0,0.0,20.0,1,1,1,1,1
843,4594785,2.0,199.99999999988654,1,1,0,1.0,0.0,2.0,1,1,1,1,1
844,4594793,1149.0,114899.99999993482,1,1,0,1.0,0.0,1149.0,1,1,1,1,1
845,4594795,119.0,11899.99999999325,1,1,0,1.0,0.0,119.0,1,1,1,1,1
846,4594797,263.0,26299.99999998508,1,1,0,1.0,0.0,263.0,1,1,1,1,1
847,4594799,1991.0,199099.99999988705,1,1,0,1.0,0.0,1991.0,1,1,1,1,1
848,4594805,131.0,13099.999999992568,1,1,0,1.0,0.0,131.0,1,1,1,1,1
849,4594807,40.0,3999.999999997731,1,1,0,1.0,0.0,40.0,1,1,1,1,1
850,4594809,58.0,5799.999999996709,1,1,0,1.0,0.0,58.0,1,1,1,1,1
851,4594813,762.0,76199.99999995677,1,1,0,1.0,0.0,762.0,1,1,1,1,1
852,4594815,22.0,2199.999999998752,1,1,0,1.0,0.0,22.0,1,1,1,1,1
853,4594819,30.0,2999.9999999982983,1,1,0,1.0,0.0,30.0,1,1,1,1,1
854,4594823,1175.0,117499.99999993334,1,1,0,1.0,0.0,1175.0,1,1,1,1,1
855,4594829,725.0,72499.99999995888,1,1,0,1.0,0.0,725.0,1,1,1,1,1
856,4594831,67.0,6699.999999996199,1,1,0,1.0,0.0,67.0,1,1,1,1,1
857,4594833,1177.0,117699.99999993324,1,1,0,1.0,0.0,1177.0,1,1,1,1,1
858,4594977,18.0,1799.9999999989789,1,1,0,1.0,0.0,18.0,1,1,1,1,1
859,4594979,1066.0,106599.99999993952,1,1,0,1.0,0.0,1066.0,1,1,1,1,1
860,4594981,11.0,1099.999999999376,1,1,0,1.0,0.0,11.0,1,1,1,1,1
861,4594983,895.0,89499.99999994923,1,1,0,1.0,0.0,895.0,1,1,1,1,1
862,4594985,275.0,27499.9999999844,1,1,0,1.0,0.0,275.0,1,1,1,1,1
863,4594987,1024.0,102399.99999994191,1,1,0,1.0,0.0,1024.0,1,1,1,1,1
864,4594989,1160.0,115999.9999999342,1,1,0,1.0,0.0,1160.0,1,1,1,1,1
865,4594991,376.0,37599.99999997867,1,1,0,1.0,0.0,376.0,1,1,1,1,1
866,4594993,58.0,5799.999999996709,1,1,0,1.0,0.0,58.0,1,1,1,1,1
867,4594995,859.0,85899.99999995127,1,1,0,1.0,0.0,859.0,1,1,1,1,1
868,4594997,511.0,51099.99999997101,1,1,0,1.0,0.0,511.0,1,1,1,1,1
869,4595001,248.0,24799.999999985932,1,1,0,1.0,0.0,248.0,1,1,1,1,1
870,4595003,2040.0,203999.99999988428,1,1,0,1.0,0.0,2040.0,1,1,1,1,1
871,4595005,87.0,8699.999999995065,1,1,0,1.0,0.0,87.0,1,1,1,1,1
872,4595007,396.0,39599.99999997753,1,1,0,1.0,0.0,396.0,1,1,1,1,1
873,4595009,2039.0,203899.99999988434,1,1,0,1.0,0.0,2039.0,1,1,1,1,1
874,4595043,1463.0,146299.999999917,1,1,0,1.0,0.0,1463.0,1,1,1,1,1
875,4595059,908.0,90799.99999994849,1,1,0,1.0,0.0,908.0,1,1,1,1,1
876,4595063,1240.0,123999.99999992966,1,1,0,1.0,0.0,1240.0,1,1,1,1,1
877,4595065,551.0,55099.99999996874,1,1,0,1.0,0.0,551.0,1,1,1,1,1
878,4595069,1345.0,134499.9999999237,1,1,0,1.0,0.0,1345.0,1,1,1,1,1
879,4595075,2450.0,244999.999999861,1,1,0,1.0,0.0,2450.0,1,1,1,1,1
880,4595077,150.0,14999.99999999149,1,1,0,1.0,0.0,150.0,1,1,1,1,1
881,4595079,65.0,6499.999999996313,1,1,0,1.0,0.0,65.0,1,1,1,1,1
882,4595083,8757.0,875699.9999995033,1,1,0,1.0,0.0,8757.0,1,1,1,1,1
883,4595085,47.0,4699.999999997333,1,1,0,1.0,0.0,47.0,1,1,1,1,1
884,4595087,556.0,55599.99999996846,1,1,0,1.0,0.0,556.0,1,1,1,1,1
885,4595089,216.0,21599.999999987747,1,1,0,1.0,0.0,216.0,1,1,1,1,1
886,4595095,421.0,42099.99999997612,1,1,0,1.0,0.0,421.0,1,1,1,1,1
887,4595101,1052.0,105199.99999994032,1,1,0,1.0,0.0,1052.0,1,1,1,1,1
888,4595103,182.0,18199.999999989675,1,1,0,1.0,0.0,182.0,1,1,1,1,1
889,4595107,1.0,99.99999999994327,1,1,0,1.0,0.0,1.0,1,1,1,1,1
890,4595115,12.0,1199.9999999993192,1,1,0,1.0,0.0,12.0,1,1,1,1,1
891,4596487,12.0,1199.9999999993192,1,1,0,1.0,0.0,12.0,1,1,1,1,1
892,4596491,313.0,31299.999999982243,1,1,0,1.0,0.0,313.0,1,1,1,1,1
893,4596493,585.0,58499.999999966814,1,1,0,1.0,0.0,585.0,1,1,1,1,1
894,4596495,178.0,17799.9999999899,1,1,0,1.0,0.0,178.0,1,1,1,1,1
895,4599401,850.0,84999.99999995177,1,1,0,1.0,0.0,850.0,1,1,1,1,1
896,4599415,105.0,10499.999999994043,1,1,0,1.0,0.0,105.0,1,1,1,1,1
897,4599417,103.0,10299.999999994157,1,1,0,1.0,0.0,103.0,1,1,1,1,1
898,4599543,676.0,67599.99999996166,1,1,0,1.0,0.0,676.0,1,1,1,1,1
899,4599545,2205.0,220499.9999998749,1,1,0,1.0,0.0,2205.0,1,1,1,1,1
900,4599933,1131.0,113099.99999993584,1,1,0,1.0,0.0,1131.0,1,1,1,1,1
901,4600137,205.0,20499.99999998837,1,1,0,1.0,0.0,205.0,1,1,1,1,1
902,6075397,51.0,5099.999999997107,1,1,0,1.0,0.0,51.0,1,1,1,1,1
903,6075477,29.0,2899.9999999983547,1,1,0,1.0,0.0,29.0,1,1,1,1,1
904,6075561,279.0,27899.99999998417,1,1,0,1.0,0.0,279.0,1,1,1,1,1
905,6075763,805.0,80499.99999995434,1,1,0,1.0,0.0,805.0,1,1,1,1,1
906,6075823,101.0,10099.99999999427,1,1,0,1.0,0.0,101.0,1,1,1,1,1
907,6075841,91.0,9099.999999994838,1,1,0,1.0,0.0,91.0,1,1,1,1,1
908,6076221,85.0,8499.999999995178,1,1,0,1.0,0.0,85.0,1,1,1,1,1
909,6076267,148.0,14799.999999991604,1,1,0,1.0,0.0,148.0,1,1,1,1,1
910,6076411,9.0,899.9999999994894,1,1,0,1.0,0.0,9.0,1,1,1,1,1
911,6078211,154.0,15399.999999991263,1,1,0,1.0,0.0,154.0,1,1,1,1,1
912,6078401,184.0,18399.999999989563,1,1,0,1.0,0.0,184.0,1,1,1,1,1
913,6078733,110.0,10999.999999993759,1,1,0,1.0,0.0,110.0,1,1,1,1,1
914,6082735,27.0,2699.9999999984684,1,1,0,1.0,0.0,27.0,1,1,1,1,1
915,6082737,1066.0,106599.99999993952,1,1,0,1.0,0.0,1066.0,1,1,1,1,1
916,6082739,682.0,68199.9999999613,1,1,0,1.0,0.0,682.0,1,1,1,1,1
917,6082745,3962.0,396199.99999977526,1,1,0,1.0,0.0,3962.0,1,1,1,1,1
918,6082747,384.0,38399.999999978216,1,1,0,1.0,0.0,384.0,1,1,1,1,1
919,6082749,15.0,1499.9999999991492,1,1,0,1.0,0.0,15.0,1,1,1,1,1
920,6082753,79.0,7899.999999995518,1,1,0,1.0,0.0,79.0,1,1,1,1,1
921,6082755,11.0,1099.999999999376,1,1,0,1.0,0.0,11.0,1,1,1,1,1
922,6082757,429.0,42899.99999997566,1,1,0,1.0,0.0,429.0,1,1,1,1,1
923,6082759,2280.0,227999.99999987066,1,1,0,1.0,0.0,2280.0,1,1,1,1,1
924,6082761,664.0,66399.99999996233,1,1,0,1.0,0.0,664.0,1,1,1,1,1
925,6082763,76.0,7599.999999995689,1,1,0,1.0,0.0,76.0,1,1,1,1,1
926,6082765,671.0,67099.99999996193,1,1,0,1.0,0.0,671.0,1,1,1,1,1
927,6082767,2770.0,276999.99999984284,1,1,0,1.0,0.0,2770.0,1,1,1,1,1
928,6082769,1764.0,176399.99999989994,1,1,0,1.0,0.0,1764.0,1,1,1,1,1
929,6082771,608.0,60799.99999996551,1,1,0,1.0,0.0,608.0,1,1,1,1,1
930,6082773,302.0,30199.99999998287,1,1,0,1.0,0.0,302.0,1,1,1,1,1
931,6082775,43.0,4299.999999997561,1,1,0,1.0,0.0,43.0,1,1,1,1,1
932,6082777,131.0,13099.999999992568,1,1,0,1.0,0.0,131.0,1,1,1,1,1
933,6082779,81.0,8099.999999995405,1,1,0,1.0,0.0,81.0,1,1,1,1,1
934,6082781,1153.0,115299.99999993459,1,1,0,1.0,0.0,1153.0,1,1,1,1,1
935,6082785,173.0,17299.999999990185,1,1,0,1.0,0.0,173.0,1,1,1,1,1
936,6082787,51.0,5099.999999997107,1,1,0,1.0,0.0,51.0,1,1,1,1,1
937,6082789,1425.0,142499.99999991915,1,1,0,1.0,0.0,1425.0,1,1,1,1,1
938,6082791,113.0,11299.99999999359,1,1,0,1.0,0.0,113.0,1,1,1,1,1
939,6082793,174.0,17399.99999999013,1,1,0,1.0,0.0,174.0,1,1,1,1,1
940,6082795,16.0,1599.9999999990923,1,1,0,1.0,0.0,16.0,1,1,1,1,1
941,6082797,113.0,11299.99999999359,1,1,0,1.0,0.0,113.0,1,1,1,1,1
942,6082799,857.0,85699.99999995138,1,1,0,1.0,0.0,857.0,1,1,1,1,1
943,6082801,2698.0,269799.999999847,1,1,0,1.0,0.0,2698.0,1,1,1,1,1
944,6082803,49.0,4899.999999997221,1,1,0,1.0,0.0,49.0,1,1,1,1,1
945,6082807,154.0,15399.999999991263,1,1,0,1.0,0.0,154.0,1,1,1,1,1
946,6082809,204.0,20399.999999988428,1,1,0,1.0,0.0,204.0,1,1,1,1,1
947,6082811,270.0,26999.999999984684,1,1,0,1.0,0.0,270.0,1,1,1,1,1
948,6082813,172.0,17199.999999990243,1,1,0,1.0,0.0,172.0,1,1,1,1,1
949,6082815,456.0,45599.999999974134,1,1,0,1.0,0.0,456.0,1,1,1,1,1
950,6082823,57.0,5699.999999996767,1,1,0,1.0,0.0,57.0,1,1,1,1,1
951,6082861,1753.0,175299.99999990055,1,1,0,1.0,0.0,1753.0,1,1,1,1,1
952,6082863,1633.0,163299.99999990736,1,1,0,1.0,0.0,1633.0,1,1,1,1,1
953,6082867,2634.0,263399.9999998506,1,1,0,1.0,0.0,2634.0,1,1,1,1,1
954,6082869,724.0,72399.99999995893,1,1,0,1.0,0.0,724.0,1,1,1,1,1
955,6082871,68.0,6799.999999996142,1,1,0,1.0,0.0,68.0,1,1,1,1,1
956,6082877,232.0,23199.999999986838,1,1,0,1.0,0.0,232.0,1,1,1,1,1
957,6082879,12.0,1199.9999999993192,1,1,0,1.0,0.0,12.0,1,1,1,1,1
958,6082885,1.0,99.99999999994327,1,1,0,1.0,0.0,1.0,1,1,1,1,1
959,6082887,120.0,11999.999999993193,1,1,0,1.0,0.0,120.0,1,1,1,1,1
960,6082891,51.0,5099.999999997107,1,1,0,1.0,0.0,51.0,1,1,1,1,1
961,6083315,91.0,9099.999999994838,1,1,0,1.0,0.0,91.0,1,1,1,1,1
962,6083319,235.0,23499.999999986667,1,1,0,1.0,0.0,235.0,1,1,1,1,1
963,6083323,591.0,59099.99999996647,1,1,0,1.0,0.0,591.0,1,1,1,1,1
964,6083325,252.0,25199.999999985703,1,1,0,1.0,0.0,252.0,1,1,1,1,1
965,6083327,67.0,6699.999999996199,1,1,0,1.0,0.0,67.0,1,1,1,1,1
966,6083329,392.0,39199.999999977765,1,1,0,1.0,0.0,392.0,1,1,1,1,1
967,6083331,222.0,22199.999999987405,1,1,0,1.0,0.0,222.0,1,1,1,1,1
968,6083335,5.0,499.99999999971635,1,1,0,1.0,0.0,5.0,1,1,1,1,1
969,6083337,791.0,79099.99999995512,1,1,0,1.0,0.0,791.0,1,1,1,1,1
970,6083339,15.0,1499.9999999991492,1,1,0,1.0,0.0,15.0,1,1,1,1,1
971,6083341,1681.0,168099.99999990463,1,1,0,1.0,0.0,1681.0,1,1,1,1,1
972,6083343,210.0,20999.999999988086,1,1,0,1.0,0.0,210.0,1,1,1,1,1
973,6083351,82.0,8199.999999995349,1,1,0,1.0,0.0,82.0,1,1,1,1,1
974,6083355,2.0,199.99999999988654,1,1,0,1.0,0.0,2.0,1,1,1,1,1
975,6083357,232.0,23199.999999986838,1,1,0,1.0,0.0,232.0,1,1,1,1,1
976,6083361,35.0,3499.9999999980146,1,1,0,1.0,0.0,35.0,1,1,1,1,1
977,6083363,7.0,699.9999999996029,1,1,0,1.0,0.0,7.0,1,1,1,1,1
978,6083365,185.0,18499.999999989504,1,1,0,1.0,0.0,185.0,1,1,1,1,1
979,6083371,9.0,899.9999999994894,1,1,0,1.0,0.0,9.0,1,1,1,1,1
980,6083373,163.0,16299.999999990752,1,1,0,1.0,0.0,163.0,1,1,1,1,1
981,6083375,37.0,3699.999999997901,1,1,0,1.0,0.0,37.0,1,1,1,1,1
982,6083377,265.0,26499.999999984968,1,1,0,1.0,0.0,265.0,1,1,1,1,1
983,6083381,156.0,15599.99999999115,1,1,0,1.0,0.0,156.0,1,1,1,1,1
984,6083383,391.0,39099.999999977816,1,1,0,1.0,0.0,391.0,1,1,1,1,1
985,6083385,1164.0,116399.99999993396,1,1,0,1.0,0.0,1164.0,1,1,1,1,1
986,6083393,6.0,599.9999999996596,1,1,0,1.0,0.0,6.0,1,1,1,1,1
987,6083395,125.0,12499.99999999291,1,1,0,1.0,0.0,125.0,1,1,1,1,1
988,6083399,98.0,9799.999999994441,1,1,0,1.0,0.0,98.0,1,1,1,1,1
989,6083401,7.0,699.9999999996029,1,1,0,1.0,0.0,7.0,1,1,1,1,1
990,6083405,1189.0,118899.99999993255,1,1,0,1.0,0.0,1189.0,1,1,1,1,1
991,6083407,178.0,17799.9999999899,1,1,0,1.0,0.0,178.0,1,1,1,1,1
992,6083409,528.0,52799.999999970045,1,1,0,1.0,0.0,528.0,1,1,1,1,1
993,6083411,4.0,399.9999999997731,1,1,0,1.0,0.0,4.0,1,1,1,1,1
994,6083417,1545.0,154499.99999991234,1,1,0,1.0,0.0,1545.0,1,1,1,1,1
995,6083419,327.0,32699.99999998145,1,1,0,1.0,0.0,327.0,1,1,1,1,1
996,6083425,116.0,11599.999999993419,1,1,0,1.0,0.0,116.0,1,1,1,1,1
997,6083429,532.0,53199.99999996982,1,1,0,1.0,0.0,532.0,1,1,1,1,1
998,6083431,358.0,35799.99999997969,1,1,0,1.0,0.0,358.0,1,1,1,1,1
999,6083433,117.0,11699.999999993363,1,1,0,1.0,0.0,117.0,1,1,1,1,1
1000,6083435,213.0,21299.99999998792,1,1,0,1.0,0.0,213.0,1,1,1,1,1
1001,6083437,1031.0,103099.99999994152,1,1,0,1.0,0.0,1031.0,1,1,1,1,1
1002,6083447,94.0,9399.999999994667,1,1,0,1.0,0.0,94.0,1,1,1,1,1
1003,6083449,647.0,64699.99999996329,1,1,0,1.0,0.0,647.0,1,1,1,1,1
1004,6083451,613.0,61299.99999996523,1,1,0,1.0,0.0,613.0,1,1,1,1,1
1005,6083457,1272.0,127199.99999992784,1,1,0,1.0,0.0,1272.0,1,1,1,1,1
1006,6083459,1123.0,112299.99999993629,1,1,0,1.0,0.0,1123.0,1,1,1,1,1
1007,6083461,188.0,18799.999999989333,1,1,0,1.0,0.0,188.0,1,1,1,1,1
1008,6083463,249.0,24899.999999985874,1,1,0,1.0,0.0,249.0,1,1,1,1,1
1009,6083465,97.0,9699.999999994498,1,1,0,1.0,0.0,97.0,1,1,1,1,1
1010,6083467,8.0,799.9999999995462,1,1,0,1.0,0.0,8.0,1,1,1,1,1
1011,6083469,380.0,37999.99999997844,1,1,0,1.0,0.0,380.0,1,1,1,1,1
1012,6083471,19.0,1899.9999999989222,1,1,0,1.0,0.0,19.0,1,1,1,1,1
1013,6083473,671.0,67099.99999996193,1,1,0,1.0,0.0,671.0,1,1,1,1,1
1014,6083475,99.0,9899.999999994383,1,1,0,1.0,0.0,99.0,1,1,1,1,1
1015,6083477,317.0,31699.999999982017,1,1,0,1.0,0.0,317.0,1,1,1,1,1
1016,6083479,861.0,86099.99999995115,1,1,0,1.0,0.0,861.0,1,1,1,1,1
1017,6083481,216.0,21599.999999987747,1,1,0,1.0,0.0,216.0,1,1,1,1,1
1018,6083483,887.0,88699.99999994968,1,1,0,1.0,0.0,887.0,1,1,1,1,1
1019,6083485,460.0,45999.9999999739,1,1,0,1.0,0.0,460.0,1,1,1,1,1
1020,6083487,585.0,58499.999999966814,1,1,0,1.0,0.0,585.0,1,1,1,1,1
1021,6083489,160.0,15999.999999990923,1,1,0,1.0,0.0,160.0,1,1,1,1,1
1022,6083493,714.0,71399.9999999595,1,1,0,1.0,0.0,714.0,1,1,1,1,1
1023,6083495,317.0,31699.999999982017,1,1,0,1.0,0.0,317.0,1,1,1,1,1
1024,6083503,230.0,22999.99999998695,1,1,0,1.0,0.0,230.0,1,1,1,1,1
1025,6083509,50.0,4999.999999997163,1,1,0,1.0,0.0,50.0,1,1,1,1,1
1026,6083511,12.0,1199.9999999993192,1,1,0,1.0,0.0,12.0,1,1,1,1,1
1027,6083513,439.0,43899.999999975094,1,1,0,1.0,0.0,439.0,1,1,1,1,1
1028,6083515,426.0,42599.99999997584,1,1,0,1.0,0.0,426.0,1,1,1,1,1
1029,6083517,79.0,7899.999999995518,1,1,0,1.0,0.0,79.0,1,1,1,1,1
1030,6083519,1.0,99.99999999994327,1,1,0,1.0,0.0,1.0,1,1,1,1,1
1031,6083523,74.0,7399.999999995802,1,1,0,1.0,0.0,74.0,1,1,1,1,1
1032,6083525,196.0,19599.999999988882,1,1,0,1.0,0.0,196.0,1,1,1,1,1
1033,6083537,896.0,89599.99999994917,1,1,0,1.0,0.0,896.0,1,1,1,1,1
1034,6083539,1033.0,103299.9999999414,1,1,0,1.0,0.0,1033.0,1,1,1,1,1
1035,6083541,93.0,9299.999999994725,1,1,0,1.0,0.0,93.0,1,1,1,1,1
1036,6083547,1432.0,143199.99999991877,1,1,0,1.0,0.0,1432.0,1,1,1,1,1
1037,6083549,34.0,3399.999999998071,1,1,0,1.0,0.0,34.0,1,1,1,1,1
1038,6083553,2306.0,230599.99999986918,1,1,0,1.0,0.0,2306.0,1,1,1,1,1
1039,6083555,632.0,63199.999999964144,1,1,0,1.0,0.0,632.0,1,1,1,1,1
1040,6083557,86.0,8599.999999995121,1,1,0,1.0,0.0,86.0,1,1,1,1,1
1041,6083559,486.0,48599.99999997243,1,1,0,1.0,0.0,486.0,1,1,1,1,1
1042,6083561,9.0,899.9999999994894,1,1,0,1.0,0.0,9.0,1,1,1,1,1
1043,6083563,7334.0,733399.9999995839,1,1,0,1.0,0.0,7334.0,1,1,1,1,1
1044,6083565,283.0,28299.999999983946,1,1,0,1.0,0.0,283.0,1,1,1,1,1
1045,6083571,100.0,9999.999999994327,1,1,0,1.0,0.0,100.0,1,1,1,1,1
1046,6083575,20.0,1999.9999999988654,1,1,0,1.0,0.0,20.0,1,1,1,1,1
1047,6083577,304.0,30399.999999982756,1,1,0,1.0,0.0,304.0,1,1,1,1,1
1048,6083579,204.0,20399.999999988428,1,1,0,1.0,0.0,204.0,1,1,1,1,1
1049,6083581,93.0,9299.999999994725,1,1,0,1.0,0.0,93.0,1,1,1,1,1
1050,6083583,295.0,29499.999999983265,1,1,0,1.0,0.0,295.0,1,1,1,1,1
1051,6083585,881.0,88099.99999995001,1,1,0,1.0,0.0,881.0,1,1,1,1,1
1052,6083591,1449.0,144899.9999999178,1,1,0,1.0,0.0,1449.0,1,1,1,1,1
1053,6083593,45.0,4499.999999997447,1,1,0,1.0,0.0,45.0,1,1,1,1,1
1054,6083595,402.0,40199.9999999772,1,1,0,1.0,0.0,402.0,1,1,1,1,1
1055,6083597,206.0,20599.999999988315,1,1,0,1.0,0.0,206.0,1,1,1,1,1
1056,6083599,194.0,19399.999999988995,1,1,0,1.0,0.0,194.0,1,1,1,1,1
1057,6083601,69.0,6899.9999999960855,1,1,0,1.0,0.0,69.0,1,1,1,1,1
1058,6083603,862.0,86199.9999999511,1,1,0,1.0,0.0,862.0,1,1,1,1,1
1059,6083607,3695.0,369499.9999997904,1,1,0,1.0,0.0,3695.0,1,1,1,1,1
1060,6083609,158.0,15799.999999991036,1,1,0,1.0,0.0,158.0,1,1,1,1,1
1061,6083611,194.0,19399.999999988995,1,1,0,1.0,0.0,194.0,1,1,1,1,1
1062,6083615,746.0,74599.99999995768,1,1,0,1.0,0.0,746.0,1,1,1,1,1
1063,6083617,2726.0,272599.99999984534,1,1,0,1.0,0.0,2726.0,1,1,1,1,1
1064,6083621,148.0,14799.999999991604,1,1,0,1.0,0.0,148.0,1,1,1,1,1
1065,6083623,223.0,22299.99999998735,1,1,0,1.0,0.0,223.0,1,1,1,1,1
1066,6083627,45.0,4499.999999997447,1,1,0,1.0,0.0,45.0,1,1,1,1,1
1067,6083629,504.0,50399.999999971405,1,1,0,1.0,0.0,504.0,1,1,1,1,1
1068,6083631,348.0,34799.99999998026,1,1,0,1.0,0.0,348.0,1,1,1,1,1
1069,6083633,116.0,11599.999999993419,1,1,0,1.0,0.0,116.0,1,1,1,1,1
1070,6083635,939.0,93899.99999994673,1,1,0,1.0,0.0,939.0,1,1,1,1,1
1071,6083637,65.0,6499.999999996313,1,1,0,1.0,0.0,65.0,1,1,1,1,1
1072,6083639,1524.0,152399.99999991353,1,1,0,1.0,0.0,1524.0,1,1,1,1,1
1073,6083647,1240.0,123999.99999992966,1,1,0,1.0,0.0,1240.0,1,1,1,1,1
1074,6083651,394.0,39399.99999997765,1,1,0,1.0,0.0,394.0,1,1,1,1,1
1075,6083653,265.0,26499.999999984968,1,1,0,1.0,0.0,265.0,1,1,1,1,1
1076,6083657,119.0,11899.99999999325,1,1,0,1.0,0.0,119.0,1,1,1,1,1
1077,6083659,124.0,12399.999999992966,1,1,0,1.0,0.0,124.0,1,1,1,1,1
1078,6083661,1.0,99.99999999994327,1,1,0,1.0,0.0,1.0,1,1,1,1,1
1079,6083663,1266.0,126599.99999992819,1,1,0,1.0,0.0,1266.0,1,1,1,1,1
1080,6083669,381.0,38099.99999997838,1,1,0,1.0,0.0,381.0,1,1,1,1,1
1081,6083679,30.0,2999.9999999982983,1,1,0,1.0,0.0,30.0,1,1,1,1,1
1082,6083681,211.0,21099.99999998803,1,1,0,1.0,0.0,211.0,1,1,1,1,1
1083,6083689,125.0,12499.99999999291,1,1,0,1.0,0.0,125.0,1,1,1,1,1
1084,6083693,34.0,3399.999999998071,1,1,0,1.0,0.0,34.0,1,1,1,1,1
1085,6083695,322.0,32199.999999981734,1,1,0,1.0,0.0,322.0,1,1,1,1,1
1086,6083697,242.0,24199.99999998627,1,1,0,1.0,0.0,242.0,1,1,1,1,1
1087,6083699,201.0,20099.9999999886,1,1,0,1.0,0.0,201.0,1,1,1,1,1
1088,6083701,33.0,3299.999999998128,1,1,0,1.0,0.0,33.0,1,1,1,1,1
1089,6083703,127.0,12699.999999992795,1,1,0,1.0,0.0,127.0,1,1,1,1,1
1090,6083719,116.0,11599.999999993419,1,1,0,1.0,0.0,116.0,1,1,1,1,1
1091,6083731,12.0,1199.9999999993192,1,1,0,1.0,0.0,12.0,1,1,1,1,1
1092,6083735,85.0,8499.999999995178,1,1,0,1.0,0.0,85.0,1,1,1,1,1
1093,6083737,11.0,1099.999999999376,1,1,0,1.0,0.0,11.0,1,1,1,1,1
1094,6083739,353.0,35299.99999997998,1,1,0,1.0,0.0,353.0,1,1,1,1,1
1095,6083747,52.0,5199.99999999705,1,1,0,1.0,0.0,52.0,1,1,1,1,1
1096,6083751,26.0,2599.999999998525,1,1,0,1.0,0.0,26.0,1,1,1,1,1
1097,6083753,300.0,29999.99999998298,1,1,0,1.0,0.0,300.0,1,1,1,1,1
1098,6083757,4.0,399.9999999997731,1,1,0,1.0,0.0,4.0,1,1,1,1,1
1099,6083761,1472.0,147199.9999999165,1,1,0,1.0,0.0,1472.0,1,1,1,1,1
1100,6083763,267.0,26699.99999998485,1,1,0,1.0,0.0,267.0,1,1,1,1,1
1101,6083767,21.0,2099.9999999988086,1,1,0,1.0,0.0,21.0,1,1,1,1,1
1102,6083769,352.0,35199.999999980035,1,1,0,1.0,0.0,352.0,1,1,1,1,1
1103,6083773,7.0,699.9999999996029,1,1,0,1.0,0.0,7.0,1,1,1,1,1
1104,6083779,33.0,3299.999999998128,1,1,0,1.0,0.0,33.0,1,1,1,1,1
1105,6083781,211.0,21099.99999998803,1,1,0,1.0,0.0,211.0,1,1,1,1,1
1106,6083783,115.0,11499.999999993475,1,1,0,1.0,0.0,115.0,1,1,1,1,1
1107,6083785,2.0,199.99999999988654,1,1,0,1.0,0.0,2.0,1,1,1,1,1
1108,6083787,377.0,37699.999999978616,1,1,0,1.0,0.0,377.0,1,1,1,1,1
1109,6083793,121.0,12099.999999993135,1,1,0,1.0,0.0,121.0,1,1,1,1,1
1110,6083795,358.0,35799.99999997969,1,1,0,1.0,0.0,358.0,1,1,1,1,1
1111,6083801,268.0,26799.999999984797,1,1,0,1.0,0.0,268.0,1,1,1,1,1
1112,6083803,758.0,75799.999999957,1,1,0,1.0,0.0,758.0,1,1,1,1,1
1113,6083805,259.0,25899.999999985306,1,1,0,1.0,0.0,259.0,1,1,1,1,1
1114,6083811,1917.0,191699.99999989124,1,1,0,1.0,0.0,1917.0,1,1,1,1,1
1115,6083813,31.0,3099.9999999982415,1,1,0,1.0,0.0,31.0,1,1,1,1,1
1116,6083817,113.0,11299.99999999359,1,1,0,1.0,0.0,113.0,1,1,1,1,1
1117,6083819,107.0,10699.99999999393,1,1,0,1.0,0.0,107.0,1,1,1,1,1
1118,6083821,446.0,44599.9999999747,1,1,0,1.0,0.0,446.0,1,1,1,1,1
1119,6083825,299.0,29899.999999983036,1,1,0,1.0,0.0,299.0,1,1,1,1,1
1120,6083827,313.0,31299.999999982243,1,1,0,1.0,0.0,313.0,1,1,1,1,1
1121,6083829,111.0,11099.999999993703,1,1,0,1.0,0.0,111.0,1,1,1,1,1
1122,6083837,10.0,999.9999999994327,1,1,0,1.0,0.0,10.0,1,1,1,1,1
1123,6083839,343.0,34299.999999980544,1,1,0,1.0,0.0,343.0,1,1,1,1,1
1124,6083841,214.0,21399.99999998786,1,1,0,1.0,0.0,214.0,1,1,1,1,1
1125,6083843,31.0,3099.9999999982415,1,1,0,1.0,0.0,31.0,1,1,1,1,1
1126,6083845,40.0,3999.999999997731,1,1,0,1.0,0.0,40.0,1,1,1,1,1
1127,6083849,1403.0,140299.9999999204,1,1,0,1.0,0.0,1403.0,1,1,1,1,1
1128,6083851,1280.0,127999.99999992739,1,1,0,1.0,0.0,1280.0,1,1,1,1,1
1129,6083853,118.0,11799.999999993306,1,1,0,1.0,0.0,118.0,1,1,1,1,1
1130,6083855,1601.0,160099.99999990917,1,1,0,1.0,0.0,1601.0,1,1,1,1,1
1131,6083859,429.0,42899.99999997566,1,1,0,1.0,0.0,429.0,1,1,1,1,1
1132,6083861,1236.0,123599.99999992989,1,1,0,1.0,0.0,1236.0,1,1,1,1,1
1133,6083869,50.0,4999.999999997163,1,1,0,1.0,0.0,50.0,1,1,1,1,1
1134,6083871,498.0,49799.99999997175,1,1,0,1.0,0.0,498.0,1,1,1,1,1
1135,6083873,137.0,13699.999999992227,1,1,0,1.0,0.0,137.0,1,1,1,1,1
1136,6083875,52.0,5199.99999999705,1,1,0,1.0,0.0,52.0,1,1,1,1,1
1137,6083881,78.0,7799.999999995575,1,1,0,1.0,0.0,78.0,1,1,1,1,1
1138,6083883,9.0,899.9999999994894,1,1,0,1.0,0.0,9.0,1,1,1,1,1
1139,6083885,256.0,25599.999999985477,1,1,0,1.0,0.0,256.0,1,1,1,1,1
1140,6083887,23.0,2299.9999999986953,1,1,0,1.0,0.0,23.0,1,1,1,1,1
1141,6083891,282.0,28199.999999984004,1,1,0,1.0,0.0,282.0,1,1,1,1,1
1142,6083893,215.0,21499.999999987802,1,1,0,1.0,0.0,215.0,1,1,1,1,1
1143,6083901,148.0,14799.999999991604,1,1,0,1.0,0.0,148.0,1,1,1,1,1
1144,6083907,867.0,86699.99999995081,1,1,0,1.0,0.0,867.0,1,1,1,1,1
1145,6083913,21.0,2099.9999999988086,1,1,0,1.0,0.0,21.0,1,1,1,1,1
1146,6083915,1364.0,136399.9999999226,1,1,0,1.0,0.0,1364.0,1,1,1,1,1
1147,6083917,1602.0,160199.9999999091,1,1,0,1.0,0.0,1602.0,1,1,1,1,1
1148,6083919,344.0,34399.999999980486,1,1,0,1.0,0.0,344.0,1,1,1,1,1
1149,6083921,302.0,30199.99999998287,1,1,0,1.0,0.0,302.0,1,1,1,1,1
1150,6083927,181.0,18099.999999989734,1,1,0,1.0,0.0,181.0,1,1,1,1,1
1151,6083939,33.0,3299.999999998128,1,1,0,1.0,0.0,33.0,1,1,1,1,1
1152,6083947,867.0,86699.99999995081,1,1,0,1.0,0.0,867.0,1,1,1,1,1
1153,6083959,162.0,16199.99999999081,1,1,0,1.0,0.0,162.0,1,1,1,1,1
1154,6083961,122.0,12199.999999993079,1,1,0,1.0,0.0,122.0,1,1,1,1,1
1155,6083963,52.0,5199.99999999705,1,1,0,1.0,0.0,52.0,1,1,1,1,1
1156,6083967,572.0,57199.99999996755,1,1,0,1.0,0.0,572.0,1,1,1,1,1
1157,6083969,699.0,69899.99999996035,1,1,0,1.0,0.0,699.0,1,1,1,1,1
1158,6083977,611.0,61099.99999996534,1,1,0,1.0,0.0,611.0,1,1,1,1,1
1159,6083979,21.0,2099.9999999988086,1,1,0,1.0,0.0,21.0,1,1,1,1,1
1160,6083981,883.0,88299.99999994991,1,1,0,1.0,0.0,883.0,1,1,1,1,1
1161,6083983,241.0,24099.99999998633,1,1,0,1.0,0.0,241.0,1,1,1,1,1
1162,6083985,613.0,61299.99999996523,1,1,0,1.0,0.0,613.0,1,1,1,1,1
1163,6083987,320.0,31999.999999981846,1,1,0,1.0,0.0,320.0,1,1,1,1,1
1164,6083989,303.0,30299.99999998281,1,1,0,1.0,0.0,303.0,1,1,1,1,1
1165,6083993,805.0,80499.99999995434,1,1,0,1.0,0.0,805.0,1,1,1,1,1
1166,6083995,114.0,11399.999999993533,1,1,0,1.0,0.0,114.0,1,1,1,1,1
1167,6083997,102.0,10199.999999994214,1,1,0,1.0,0.0,102.0,1,1,1,1,1
1168,6084001,166.0,16599.99999999058,1,1,0,1.0,0.0,166.0,1,1,1,1,1
1169,6084003,1590.0,158999.9999999098,1,1,0,1.0,0.0,1590.0,1,1,1,1,1
1170,6084005,6.0,599.9999999996596,1,1,0,1.0,0.0,6.0,1,1,1,1,1
1171,6084007,917.0,91699.99999994798,1,1,0,1.0,0.0,917.0,1,1,1,1,1
1172,6084013,82.0,8199.999999995349,1,1,0,1.0,0.0,82.0,1,1,1,1,1
1173,6084017,108.0,10799.999999993874,1,1,0,1.0,0.0,108.0,1,1,1,1,1
1174,6084019,658.0,65799.99999996267,1,1,0,1.0,0.0,658.0,1,1,1,1,1
1175,6084021,755.0,75499.99999995717,1,1,0,1.0,0.0,755.0,1,1,1,1,1
1176,6084029,53.0,5299.999999996993,1,1,0,1.0,0.0,53.0,1,1,1,1,1
1177,6084031,43.0,4299.999999997561,1,1,0,1.0,0.0,43.0,1,1,1,1,1
1178,6084035,705.0,70499.99999996001,1,1,0,1.0,0.0,705.0,1,1,1,1,1
1179,6084051,95.0,9499.99999999461,1,1,0,1.0,0.0,95.0,1,1,1,1,1
1180,6084053,14.0,1399.9999999992058,1,1,0,1.0,0.0,14.0,1,1,1,1,1
1181,6084055,97.0,9699.999999994498,1,1,0,1.0,0.0,97.0,1,1,1,1,1
1182,6084057,97.0,9699.999999994498,1,1,0,1.0,0.0,97.0,1,1,1,1,1
1183,6084061,10.0,999.9999999994327,1,1,0,1.0,0.0,10.0,1,1,1,1,1
1184,6084063,80.0,7999.999999995462,1,1,0,1.0,0.0,80.0,1,1,1,1,1
1185,6084067,59.0,5899.999999996653,1,1,0,1.0,0.0,59.0,1,1,1,1,1
1186,6084069,1019.0,101899.99999994219,1,1,0,1.0,0.0,1019.0,1,1,1,1,1
1187,6084071,154.0,15399.999999991263,1,1,0,1.0,0.0,154.0,1,1,1,1,1
1188,6084075,277.0,27699.999999984288,1,1,0,1.0,0.0,277.0,1,1,1,1,1
1189,6084079,19.0,1899.9999999989222,1,1,0,1.0,0.0,19.0,1,1,1,1,1
1190,6084083,1.0,99.99999999994327,1,1,0,1.0,0.0,1.0,1,1,1,1,1
1191,6084085,269.0,26899.99999998474,1,1,0,1.0,0.0,269.0,1,1,1,1,1
1192,6084087,266.0,26599.99999998491,1,1,0,1.0,0.0,266.0,1,1,1,1,1
1193,6084091,11.0,1099.999999999376,1,1,0,1.0,0.0,11.0,1,1,1,1,1
1194,6084093,264.0,26399.999999985022,1,1,0,1.0,0.0,264.0,1,1,1,1,1
1195,6084101,171.0,17099.999999990298,1,1,0,1.0,0.0,171.0,1,1,1,1,1
1196,6084105,140.0,13999.999999992058,1,1,0,1.0,0.0,140.0,1,1,1,1,1
1197,6084107,8.0,799.9999999995462,1,1,0,1.0,0.0,8.0,1,1,1,1,1
1198,6084113,277.0,27699.999999984288,1,1,0,1.0,0.0,277.0,1,1,1,1,1
1199,6084115,23.0,2299.9999999986953,1,1,0,1.0,0.0,23.0,1,1,1,1,1
1200,6084117,8.0,799.9999999995462,1,1,0,1.0,0.0,8.0,1,1,1,1,1
1201,6084119,51.0,5099.999999997107,1,1,0,1.0,0.0,51.0,1,1,1,1,1
1202,6084121,298.0,29799.999999983094,1,1,0,1.0,0.0,298.0,1,1,1,1,1
1203,6084125,250.0,24999.99999998582,1,1,0,1.0,0.0,250.0,1,1,1,1,1
1204,6084129,451.0,45099.99999997442,1,1,0,1.0,0.0,451.0,1,1,1,1,1
1205,6084133,65.0,6499.999999996313,1,1,0,1.0,0.0,65.0,1,1,1,1,1
1206,6084135,191.0,19099.999999989166,1,1,0,1.0,0.0,191.0,1,1,1,1,1
1207,6084137,551.0,55099.99999996874,1,1,0,1.0,0.0,551.0,1,1,1,1,1
1208,6084139,137.0,13699.999999992227,1,1,0,1.0,0.0,137.0,1,1,1,1,1
1209,6084143,18.0,1799.9999999989789,1,1,0,1.0,0.0,18.0,1,1,1,1,1
1210,6084145,60.0,5999.999999996597,1,1,0,1.0,0.0,60.0,1,1,1,1,1
1211,6084147,220.0,21999.999999987518,1,1,0,1.0,0.0,220.0,1,1,1,1,1
1212,6084149,83.0,8299.99999999529,1,1,0,1.0,0.0,83.0,1,1,1,1,1
1213,6084155,36.0,3599.9999999979577,1,1,0,1.0,0.0,36.0,1,1,1,1,1
1214,6084159,456.0,45599.999999974134,1,1,0,1.0,0.0,456.0,1,1,1,1,1
1215,6084161,436.0,43599.99999997527,1,1,0,1.0,0.0,436.0,1,1,1,1,1
1216,6084165,4680.0,467999.9999997345,1,1,0,1.0,0.0,4680.0,1,1,1,1,1
1217,6084169,472.0,47199.999999973224,1,1,0,1.0,0.0,472.0,1,1,1,1,1
1218,6084177,173.0,17299.999999990185,1,1,0,1.0,0.0,173.0,1,1,1,1,1
1219,6084181,289.0,28899.999999983604,1,1,0,1.0,0.0,289.0,1,1,1,1,1
1220,6084183,34.0,3399.999999998071,1,1,0,1.0,0.0,34.0,1,1,1,1,1
1221,6084187,556.0,55599.99999996846,1,1,0,1.0,0.0,556.0,1,1,1,1,1
1222,6084189,149.0,14899.999999991547,1,1,0,1.0,0.0,149.0,1,1,1,1,1
1223,6084193,3.0,299.9999999998298,1,1,0,1.0,0.0,3.0,1,1,1,1,1
1224,6084195,321.0,32099.99999998179,1,1,0,1.0,0.0,321.0,1,1,1,1,1
1225,6084203,373.0,37299.99999997884,1,1,0,1.0,0.0,373.0,1,1,1,1,1
1226,6084207,49.0,4899.999999997221,1,1,0,1.0,0.0,49.0,1,1,1,1,1
1227,6084235,604.0,60399.99999996574,1,1,0,1.0,0.0,604.0,1,1,1,1,1
1228,6084243,27.0,2699.9999999984684,1,1,0,1.0,0.0,27.0,1,1,1,1,1
1229,6084245,534.0,53399.9999999697,1,1,0,1.0,0.0,534.0,1,1,1,1,1
1230,6084247,93.0,9299.999999994725,1,1,0,1.0,0.0,93.0,1,1,1,1,1
1231,6084249,350.0,34999.999999980144,1,1,0,1.0,0.0,350.0,1,1,1,1,1
1232,6084251,139.0,13899.999999992115,1,1,0,1.0,0.0,139.0,1,1,1,1,1
1233,6084253,1061.0,106099.99999993981,1,1,0,1.0,0.0,1061.0,1,1,1,1,1
1234,6084257,1.0,99.99999999994327,1,1,0,1.0,0.0,1.0,1,1,1,1,1
1235,6084259,1603.0,160299.99999990905,1,1,0,1.0,0.0,1603.0,1,1,1,1,1
1236,6084263,107.0,10699.99999999393,1,1,0,1.0,0.0,107.0,1,1,1,1,1
1237,6084267,308.0,30799.999999982527,1,1,0,1.0,0.0,308.0,1,1,1,1,1
1238,6084269,2265.0,226499.9999998715,1,1,0,1.0,0.0,2265.0,1,1,1,1,1
1239,6084271,204.0,20399.999999988428,1,1,0,1.0,0.0,204.0,1,1,1,1,1
1240,6084273,465.0,46499.99999997362,1,1,0,1.0,0.0,465.0,1,1,1,1,1
1241,6084279,309.0,30899.999999982472,1,1,0,1.0,0.0,309.0,1,1,1,1,1
1242,6084281,668.0,66799.9999999621,1,1,0,1.0,0.0,668.0,1,1,1,1,1
1243,6084283,290.0,28999.99999998355,1,1,0,1.0,0.0,290.0,1,1,1,1,1
1244,6084285,738.0,73799.99999995813,1,1,0,1.0,0.0,738.0,1,1,1,1,1
1245,6084287,1658.0,165799.99999990594,1,1,0,1.0,0.0,1658.0,1,1,1,1,1
1246,6084289,814.0,81399.99999995383,1,1,0,1.0,0.0,814.0,1,1,1,1,1
1247,6084291,49.0,4899.999999997221,1,1,0,1.0,0.0,49.0,1,1,1,1,1
1248,6084293,437.0,43699.99999997521,1,1,0,1.0,0.0,437.0,1,1,1,1,1
1249,6084295,52.0,5199.99999999705,1,1,0,1.0,0.0,52.0,1,1,1,1,1
1250,6084297,392.0,39199.999999977765,1,1,0,1.0,0.0,392.0,1,1,1,1,1
1251,6084299,157.0,15699.999999991094,1,1,0,1.0,0.0,157.0,1,1,1,1,1
1252,6084301,1.0,99.99999999994327,1,1,0,1.0,0.0,1.0,1,1,1,1,1
1253,6084307,112.0,11199.999999993646,1,1,0,1.0,0.0,112.0,1,1,1,1,1
1254,6084309,872.0,87199.99999995054,1,1,0,1.0,0.0,872.0,1,1,1,1,1
1255,6084311,65.0,6499.999999996313,1,1,0,1.0,0.0,65.0,1,1,1,1,1
1256,6084313,450.0,44999.99999997447,1,1,0,1.0,0.0,450.0,1,1,1,1,1
1257,6084315,249.0,24899.999999985874,1,1,0,1.0,0.0,249.0,1,1,1,1,1
1258,6084317,808.0,80799.99999995416,1,1,0,1.0,0.0,808.0,1,1,1,1,1
1259,6084321,197.0,19699.999999988824,1,1,0,1.0,0.0,197.0,1,1,1,1,1
1260,6084325,228.0,22799.999999987067,1,1,0,1.0,0.0,228.0,1,1,1,1,1
1261,6084329,595.0,59499.99999996625,1,1,0,1.0,0.0,595.0,1,1,1,1,1
1262,6084331,895.0,89499.99999994923,1,1,0,1.0,0.0,895.0,1,1,1,1,1
1263,6084337,2388.0,238799.99999986452,1,1,0,1.0,0.0,2388.0,1,1,1,1,1
1264,6084339,1127.0,112699.99999993606,1,1,0,1.0,0.0,1127.0,1,1,1,1,1
1265,6084345,101.0,10099.99999999427,1,1,0,1.0,0.0,101.0,1,1,1,1,1
1266,6084347,141.0,14099.999999992002,1,1,0,1.0,0.0,141.0,1,1,1,1,1
1267,6084351,38.0,3799.9999999978445,1,1,0,1.0,0.0,38.0,1,1,1,1,1
1268,6084355,17.0,1699.9999999990355,1,1,0,1.0,0.0,17.0,1,1,1,1,1
1269,6084357,29.0,2899.9999999983547,1,1,0,1.0,0.0,29.0,1,1,1,1,1
1270,6084361,518.0,51799.99999997061,1,1,0,1.0,0.0,518.0,1,1,1,1,1
1271,6084363,446.0,44599.9999999747,1,1,0,1.0,0.0,446.0,1,1,1,1,1
1272,6084367,583.0,58299.99999996692,1,1,0,1.0,0.0,583.0,1,1,1,1,1
1273,6084369,1805.0,180499.9999998976,1,1,0,1.0,0.0,1805.0,1,1,1,1,1
1274,6084371,108.0,10799.999999993874,1,1,0,1.0,0.0,108.0,1,1,1,1,1
1275,6084383,65.0,6499.999999996313,1,1,0,1.0,0.0,65.0,1,1,1,1,1
1276,6084385,83.0,8299.99999999529,1,1,0,1.0,0.0,83.0,1,1,1,1,1
1277,6084391,165.0,16499.99999999064,1,1,0,1.0,0.0,165.0,1,1,1,1,1
1278,6084393,27.0,2699.9999999984684,1,1,0,1.0,0.0,27.0,1,1,1,1,1
1279,6084395,213.0,21299.99999998792,1,1,0,1.0,0.0,213.0,1,1,1,1,1
1280,6084415,24.0,2399.9999999986385,1,1,0,1.0,0.0,24.0,1,1,1,1,1
1281,6084417,20.0,1999.9999999988654,1,1,0,1.0,0.0,20.0,1,1,1,1,1
1282,6084419,636.0,63599.99999996392,1,1,0,1.0,0.0,636.0,1,1,1,1,1
1283,6084421,2172.0,217199.99999987677,1,1,0,1.0,0.0,2172.0,1,1,1,1,1
1284,6084423,1613.0,161299.9999999085,1,1,0,1.0,0.0,1613.0,1,1,1,1,1
1285,6084427,1497.0,149699.99999991508,1,1,0,1.0,0.0,1497.0,1,1,1,1,1
1286,6084429,704.0,70399.99999996007,1,1,0,1.0,0.0,704.0,1,1,1,1,1
1287,6084435,590.0,58999.99999996653,1,1,0,1.0,0.0,590.0,1,1,1,1,1
1288,6084439,186.0,18599.99999998945,1,1,0,1.0,0.0,186.0,1,1,1,1,1
1289,6084443,7.0,699.9999999996029,1,1,0,1.0,0.0,7.0,1,1,1,1,1
1290,6084445,1708.0,170799.9999999031,1,1,0,1.0,0.0,1708.0,1,1,1,1,1
1291,6084449,201.0,20099.9999999886,1,1,0,1.0,0.0,201.0,1,1,1,1,1
1292,6084453,777.0,77699.99999995592,1,1,0,1.0,0.0,777.0,1,1,1,1,1
1293,6084457,532.0,53199.99999996982,1,1,0,1.0,0.0,532.0,1,1,1,1,1
1294,6084461,371.0,37099.99999997895,1,1,0,1.0,0.0,371.0,1,1,1,1,1
1295,6084463,122.0,12199.999999993079,1,1,0,1.0,0.0,122.0,1,1,1,1,1
1296,6084467,171.0,17099.999999990298,1,1,0,1.0,0.0,171.0,1,1,1,1,1
1297,6084477,185.0,18499.999999989504,1,1,0,1.0,0.0,185.0,1,1,1,1,1
1298,6084481,220.0,21999.999999987518,1,1,0,1.0,0.0,220.0,1,1,1,1,1
1299,6084483,95.0,9499.99999999461,1,1,0,1.0,0.0,95.0,1,1,1,1,1
1300,6084487,2167.0,216699.99999987707,1,1,0,1.0,0.0,2167.0,1,1,1,1,1
1301,6084491,35.0,3499.9999999980146,1,1,0,1.0,0.0,35.0,1,1,1,1,1
1302,6084495,8.0,799.9999999995462,1,1,0,1.0,0.0,8.0,1,1,1,1,1
1303,6084497,401.0,40099.99999997725,1,1,0,1.0,0.0,401.0,1,1,1,1,1
1304,6084499,368.0,36799.999999979125,1,1,0,1.0,0.0,368.0,1,1,1,1,1
1305,6084503,99.0,9899.999999994383,1,1,0,1.0,0.0,99.0,1,1,1,1,1
1306,6084505,1529.0,152899.99999991327,1,1,0,1.0,0.0,1529.0,1,1,1,1,1
1307,6084511,361.0,36099.99999997952,1,1,0,1.0,0.0,361.0,1,1,1,1,1
1308,6084513,40.0,3999.999999997731,1,1,0,1.0,0.0,40.0,1,1,1,1,1
1309,6084517,780.0,77999.99999995575,1,1,0,1.0,0.0,780.0,1,1,1,1,1
1310,6084519,279.0,27899.99999998417,1,1,0,1.0,0.0,279.0,1,1,1,1,1
1311,6084523,19.0,1899.9999999989222,1,1,0,1.0,0.0,19.0,1,1,1,1,1
1312,6084527,213.0,21299.99999998792,1,1,0,1.0,0.0,213.0,1,1,1,1,1
1313,6084535,22.0,2199.999999998752,1,1,0,1.0,0.0,22.0,1,1,1,1,1
1314,6084539,1236.0,123599.99999992989,1,1,0,1.0,0.0,1236.0,1,1,1,1,1
1315,6084549,3.0,299.9999999998298,1,1,0,1.0,0.0,3.0,1,1,1,1,1
1316,6084559,31.0,3099.9999999982415,1,1,0,1.0,0.0,31.0,1,1,1,1,1
1317,6084563,37.0,3699.999999997901,1,1,0,1.0,0.0,37.0,1,1,1,1,1
1318,6084565,2.0,199.99999999988654,1,1,0,1.0,0.0,2.0,1,1,1,1,1
1319,6084569,98.0,9799.999999994441,1,1,0,1.0,0.0,98.0,1,1,1,1,1
1320,6084575,95.0,9499.99999999461,1,1,0,1.0,0.0,95.0,1,1,1,1,1
1321,6084577,99.0,9899.999999994383,1,1,0,1.0,0.0,99.0,1,1,1,1,1
1322,6084593,44.0,4399.999999997504,1,1,0,1.0,0.0,44.0,1,1,1,1,1
1323,6084599,1454.0,145399.99999991752,1,1,0,1.0,0.0,1454.0,1,1,1,1,1
1324,6084603,506.0,50599.999999971296,1,1,0,1.0,0.0,506.0,1,1,1,1,1
1325,6084607,932.0,93199.99999994713,1,1,0,1.0,0.0,932.0,1,1,1,1,1
1326,6084609,349.0,34899.9999999802,1,1,0,1.0,0.0,349.0,1,1,1,1,1
1327,6084613,140.0,13999.999999992058,1,1,0,1.0,0.0,140.0,1,1,1,1,1
1328,6084615,37.0,3699.999999997901,1,1,0,1.0,0.0,37.0,1,1,1,1,1
1329,6084621,30.0,2999.9999999982983,1,1,0,1.0,0.0,30.0,1,1,1,1,1
1330,6084625,270.0,26999.999999984684,1,1,0,1.0,0.0,270.0,1,1,1,1,1
1331,6084631,299.0,29899.999999983036,1,1,0,1.0,0.0,299.0,1,1,1,1,1
1332,6084635,59.0,5899.999999996653,1,1,0,1.0,0.0,59.0,1,1,1,1,1
1333,6084639,31.0,3099.9999999982415,1,1,0,1.0,0.0,31.0,1,1,1,1,1
1334,6086593,1856.0,185599.9999998947,1,1,0,1.0,0.0,1856.0,1,1,1,1,1
1335,6088645,104.0,10399.9999999941,1,1,0,1.0,0.0,104.0,1,1,1,1,1
1336,6088647,48.0,4799.999999997277,1,1,0,1.0,0.0,48.0,1,1,1,1,1
1337,6088663,121.0,12099.999999993135,1,1,0,1.0,0.0,121.0,1,1,1,1,1
1338,6088665,3.0,299.9999999998298,1,1,0,1.0,0.0,3.0,1,1,1,1,1
1339,6088667,132.0,13199.999999992511,1,1,0,1.0,0.0,132.0,1,1,1,1,1
1340,6088669,792.0,79199.99999995506,1,1,0,1.0,0.0,792.0,1,1,1,1,1
1341,6088675,54.0,5399.999999996937,1,1,0,1.0,0.0,54.0,1,1,1,1,1
1342,6088677,5.0,499.99999999971635,1,1,0,1.0,0.0,5.0,1,1,1,1,1
1343,6088679,25.0,2499.9999999985816,1,1,0,1.0,0.0,25.0,1,1,1,1,1
1344,6088681,264.0,26399.999999985022,1,1,0,1.0,0.0,264.0,1,1,1,1,1
1345,6088683,13.0,1299.9999999992624,1,1,0,1.0,0.0,13.0,1,1,1,1,1
1346,6088685,105.0,10499.999999994043,1,1,0,1.0,0.0,105.0,1,1,1,1,1
1347,6088695,219.0,21899.999999987576,1,1,0,1.0,0.0,219.0,1,1,1,1,1
1348,6088697,61.0,6099.999999996539,1,1,0,1.0,0.0,61.0,1,1,1,1,1
1349,6088699,8.0,799.9999999995462,1,1,0,1.0,0.0,8.0,1,1,1,1,1
1350,6088701,76.0,7599.999999995689,1,1,0,1.0,0.0,76.0,1,1,1,1,1
1351,6088709,249.0,24899.999999985874,1,1,0,1.0,0.0,249.0,1,1,1,1,1
1352,6088711,33.0,3299.999999998128,1,1,0,1.0,0.0,33.0,1,1,1,1,1
1353,6088713,238.0,23799.9999999865,1,1,0,1.0,0.0,238.0,1,1,1,1,1
1354,6088715,323.0,32299.999999981676,1,1,0,1.0,0.0,323.0,1,1,1,1,1
1355,6088717,487.0,48699.99999997237,1,1,0,1.0,0.0,487.0,1,1,1,1,1
1356,6088721,96.0,9599.999999994554,1,1,0,1.0,0.0,96.0,1,1,1,1,1
1357,6088725,116.0,11599.999999993419,1,1,0,1.0,0.0,116.0,1,1,1,1,1
1358,6088727,222.0,22199.999999987405,1,1,0,1.0,0.0,222.0,1,1,1,1,1
1359,6088733,163.0,16299.999999990752,1,1,0,1.0,0.0,163.0,1,1,1,1,1
1360,6088735,1086.0,108599.99999993839,1,1,0,1.0,0.0,1086.0,1,1,1,1,1
1361,6088737,145.0,14499.999999991775,1,1,0,1.0,0.0,145.0,1,1,1,1,1
1362,6088739,367.0,36699.99999997918,1,1,0,1.0,0.0,367.0,1,1,1,1,1
1363,6088741,1535.0,153499.99999991292,1,1,0,1.0,0.0,1535.0,1,1,1,1,1
1364,6088743,1056.0,105599.99999994009,1,1,0,1.0,0.0,1056.0,1,1,1,1,1
1365,6088745,40.0,3999.999999997731,1,1,0,1.0,0.0,40.0,1,1,1,1,1
1366,6088749,515.0,51499.99999997079,1,1,0,1.0,0.0,515.0,1,1,1,1,1
1367,6088751,424.0,42399.999999975946,1,1,0,1.0,0.0,424.0,1,1,1,1,1
1368,6088753,127.0,12699.999999992795,1,1,0,1.0,0.0,127.0,1,1,1,1,1
1369,6088757,22.0,2199.999999998752,1,1,0,1.0,0.0,22.0,1,1,1,1,1
1370,6088759,579.0,57899.999999967156,1,1,0,1.0,0.0,579.0,1,1,1,1,1
1371,6088761,268.0,26799.999999984797,1,1,0,1.0,0.0,268.0,1,1,1,1,1
1372,6088763,19.0,1899.9999999989222,1,1,0,1.0,0.0,19.0,1,1,1,1,1
1373,6088765,1429.0,142899.99999991895,1,1,0,1.0,0.0,1429.0,1,1,1,1,1
1374,6088769,8.0,799.9999999995462,1,1,0,1.0,0.0,8.0,1,1,1,1,1
1375,6088773,83.0,8299.99999999529,1,1,0,1.0,0.0,83.0,1,1,1,1,1
1376,6088775,148.0,14799.999999991604,1,1,0,1.0,0.0,148.0,1,1,1,1,1
1377,6088777,71.0,7099.999999995972,1,1,0,1.0,0.0,71.0,1,1,1,1,1
1378,6088781,1924.0,192399.99999989086,1,1,0,1.0,0.0,1924.0,1,1,1,1,1
1379,6088783,184.0,18399.999999989563,1,1,0,1.0,0.0,184.0,1,1,1,1,1
1380,6088785,684.0,68399.99999996119,1,1,0,1.0,0.0,684.0,1,1,1,1,1
1381,6088789,307.0,30699.999999982585,1,1,0,1.0,0.0,307.0,1,1,1,1,1
1382,6088791,625.0,62499.999999964544,1,1,0,1.0,0.0,625.0,1,1,1,1,1
1383,6088797,130.0,12999.999999992626,1,1,0,1.0,0.0,130.0,1,1,1,1,1
1384,6088799,164.0,16399.999999990698,1,1,0,1.0,0.0,164.0,1,1,1,1,1
1385,6088803,76.0,7599.999999995689,1,1,0,1.0,0.0,76.0,1,1,1,1,1
1386,6088807,28.0,2799.9999999984116,1,1,0,1.0,0.0,28.0,1,1,1,1,1
1387,6088815,7.0,699.9999999996029,1,1,0,1.0,0.0,7.0,1,1,1,1,1
1388,6088817,408.0,40799.999999976855,1,1,0,1.0,0.0,408.0,1,1,1,1,1
1389,6088819,105.0,10499.999999994043,1,1,0,1.0,0.0,105.0,1,1,1,1,1
1390,6088823,70.0,6999.999999996029,1,1,0,1.0,0.0,70.0,1,1,1,1,1
1391,6088827,861.0,86099.99999995115,1,1,0,1.0,0.0,861.0,1,1,1,1,1
1392,6088831,220.0,21999.999999987518,1,1,0,1.0,0.0,220.0,1,1,1,1,1
1393,6088837,94.0,9399.999999994667,1,1,0,1.0,0.0,94.0,1,1,1,1,1
1394,6088839,127.0,12699.999999992795,1,1,0,1.0,0.0,127.0,1,1,1,1,1
1395,6088841,428.0,42799.99999997572,1,1,0,1.0,0.0,428.0,1,1,1,1,1
1396,6088843,1261.0,126099.99999992846,1,1,0,1.0,0.0,1261.0,1,1,1,1,1
1397,6088845,1390.0,138999.99999992116,1,1,0,1.0,0.0,1390.0,1,1,1,1,1
1398,6088847,165.0,16499.99999999064,1,1,0,1.0,0.0,165.0,1,1,1,1,1
1399,6088849,438.0,43799.99999997515,1,1,0,1.0,0.0,438.0,1,1,1,1,1
1400,6088851,226.0,22599.99999998718,1,1,0,1.0,0.0,226.0,1,1,1,1,1
1401,6088855,27.0,2699.9999999984684,1,1,0,1.0,0.0,27.0,1,1,1,1,1
1402,6088859,9.0,899.9999999994894,1,1,0,1.0,0.0,9.0,1,1,1,1,1
1403,6088861,206.0,20599.999999988315,1,1,0,1.0,0.0,206.0,1,1,1,1,1
1404,6088863,628.0,62799.99999996438,1,1,0,1.0,0.0,628.0,1,1,1,1,1
1405,6088867,420.0,41999.99999997617,1,1,0,1.0,0.0,420.0,1,1,1,1,1
1406,6088877,644.0,64399.99999996347,1,1,0,1.0,0.0,644.0,1,1,1,1,1
1407,6088879,644.0,64399.99999996347,1,1,0,1.0,0.0,644.0,1,1,1,1,1
1408,6088881,258.0,25799.999999985364,1,1,0,1.0,0.0,258.0,1,1,1,1,1
1409,6088885,2217.0,221699.99999987424,1,1,0,1.0,0.0,2217.0,1,1,1,1,1
1410,6088887,1491.0,149099.99999991542,1,1,0,1.0,0.0,1491.0,1,1,1,1,1
1411,6088889,10.0,999.9999999994327,1,1,0,1.0,0.0,10.0,1,1,1,1,1
1412,6088893,236.0,23599.999999986612,1,1,0,1.0,0.0,236.0,1,1,1,1,1
1413,6088895,377.0,37699.999999978616,1,1,0,1.0,0.0,377.0,1,1,1,1,1
1414,6088897,66.0,6599.999999996256,1,1,0,1.0,0.0,66.0,1,1,1,1,1
1415,6088899,120.0,11999.999999993193,1,1,0,1.0,0.0,120.0,1,1,1,1,1
1416,6088901,264.0,26399.999999985022,1,1,0,1.0,0.0,264.0,1,1,1,1,1
1417,6088903,52.0,5199.99999999705,1,1,0,1.0,0.0,52.0,1,1,1,1,1
1418,6088905,320.0,31999.999999981846,1,1,0,1.0,0.0,320.0,1,1,1,1,1
1419,6088911,2989.0,298899.99999983044,1,1,0,1.0,0.0,2989.0,1,1,1,1,1
1420,6088913,191.0,19099.999999989166,1,1,0,1.0,0.0,191.0,1,1,1,1,1
1421,6088915,384.0,38399.999999978216,1,1,0,1.0,0.0,384.0,1,1,1,1,1
1422,6088921,303.0,30299.99999998281,1,1,0,1.0,0.0,303.0,1,1,1,1,1
1423,6088925,125.0,12499.99999999291,1,1,0,1.0,0.0,125.0,1,1,1,1,1
1424,6088927,574.0,57399.99999996744,1,1,0,1.0,0.0,574.0,1,1,1,1,1
1425,6088933,209.0,20899.999999988144,1,1,0,1.0,0.0,209.0,1,1,1,1,1
1426,6088935,73.0,7299.999999995859,1,1,0,1.0,0.0,73.0,1,1,1,1,1
1427,6088939,10.0,999.9999999994327,1,1,0,1.0,0.0,10.0,1,1,1,1,1
1428,6088945,1763.0,176299.9999999,1,1,0,1.0,0.0,1763.0,1,1,1,1,1
1429,6088957,1527.0,152699.9999999134,1,1,0,1.0,0.0,1527.0,1,1,1,1,1
1430,6088963,292.0,29199.999999983436,1,1,0,1.0,0.0,292.0,1,1,1,1,1
1431,6088965,505.0,50499.999999971355,1,1,0,1.0,0.0,505.0,1,1,1,1,1
1432,6088967,1.0,99.99999999994327,1,1,0,1.0,0.0,1.0,1,1,1,1,1
1433,6088995,1126.0,112599.99999993612,1,1,0,1.0,0.0,1126.0,1,1,1,1,1
1434,6088997,327.0,32699.99999998145,1,1,0,1.0,0.0,327.0,1,1,1,1,1
1435,6088999,66.0,6599.999999996256,1,1,0,1.0,0.0,66.0,1,1,1,1,1
1436,6089001,2239.0,223899.999999873,1,1,0,1.0,0.0,2239.0,1,1,1,1,1
1437,6089003,1153.0,115299.99999993459,1,1,0,1.0,0.0,1153.0,1,1,1,1,1
1438,6089007,617.0,61699.999999964995,1,1,0,1.0,0.0,617.0,1,1,1,1,1
1439,6089009,1231.0,123099.99999993017,1,1,0,1.0,0.0,1231.0,1,1,1,1,1
1440,6089011,156.0,15599.99999999115,1,1,0,1.0,0.0,156.0,1,1,1,1,1
1441,6089013,1443.0,144299.99999991813,1,1,0,1.0,0.0,1443.0,1,1,1,1,1
1442,6089017,316.0,31599.999999982072,1,1,0,1.0,0.0,316.0,1,1,1,1,1
1443,6089021,927.0,92699.99999994741,1,1,0,1.0,0.0,927.0,1,1,1,1,1
1444,6089023,66.0,6599.999999996256,1,1,0,1.0,0.0,66.0,1,1,1,1,1
1445,6089025,130.0,12999.999999992626,1,1,0,1.0,0.0,130.0,1,1,1,1,1
1446,6089027,2422.0,242199.9999998626,1,1,0,1.0,0.0,2422.0,1,1,1,1,1
1447,6089029,3575.0,357499.9999997972,1,1,0,1.0,0.0,3575.0,1,1,1,1,1
1448,6089035,954.0,95399.99999994588,1,1,0,1.0,0.0,954.0,1,1,1,1,1
1449,6089037,1.0,99.99999999994327,1,1,0,1.0,0.0,1.0,1,1,1,1,1
1450,6089039,1729.0,172899.99999990192,1,1,0,1.0,0.0,1729.0,1,1,1,1,1
1451,6089041,753.0,75299.99999995728,1,1,0,1.0,0.0,753.0,1,1,1,1,1
1452,6089043,546.0,54599.999999969026,1,1,0,1.0,0.0,546.0,1,1,1,1,1
1453,6089045,235.0,23499.999999986667,1,1,0,1.0,0.0,235.0,1,1,1,1,1
1454,6089047,115.0,11499.999999993475,1,1,0,1.0,0.0,115.0,1,1,1,1,1
1455,6089049,170.0,16999.999999990356,1,1,0,1.0,0.0,170.0,1,1,1,1,1
1456,6089053,3024.0,302399.99999982846,1,1,0,1.0,0.0,3024.0,1,1,1,1,1
1457,6089055,1434.0,143399.99999991865,1,1,0,1.0,0.0,1434.0,1,1,1,1,1
1458,6089059,260.0,25999.99999998525,1,1,0,1.0,0.0,260.0,1,1,1,1,1
1459,6089061,11.0,1099.999999999376,1,1,0,1.0,0.0,11.0,1,1,1,1,1
1460,6089063,283.0,28299.999999983946,1,1,0,1.0,0.0,283.0,1,1,1,1,1
1461,6089075,205.0,20499.99999998837,1,1,0,1.0,0.0,205.0,1,1,1,1,1
1462,6089081,187.0,18699.99999998939,1,1,0,1.0,0.0,187.0,1,1,1,1,1
1463,6089083,1284.0,128399.99999992715,1,1,0,1.0,0.0,1284.0,1,1,1,1,1
1464,6089089,61.0,6099.999999996539,1,1,0,1.0,0.0,61.0,1,1,1,1,1
1465,6089097,9.0,899.9999999994894,1,1,0,1.0,0.0,9.0,1,1,1,1,1
1466,6089101,619.0,61899.999999964886,1,1,0,1.0,0.0,619.0,1,1,1,1,1
1467,6089107,46.0,4599.999999997391,1,1,0,1.0,0.0,46.0,1,1,1,1,1
1468,6089109,49.0,4899.999999997221,1,1,0,1.0,0.0,49.0,1,1,1,1,1
1469,6089113,827.0,82699.99999995308,1,1,0,1.0,0.0,827.0,1,1,1,1,1
1470,6089115,69.0,6899.9999999960855,1,1,0,1.0,0.0,69.0,1,1,1,1,1
1471,6089595,932.0,93199.99999994713,1,1,0,1.0,0.0,932.0,1,1,1,1,1
1472,6089599,137.0,13699.999999992227,1,1,0,1.0,0.0,137.0,1,1,1,1,1
1473,6089603,116.0,11599.999999993419,1,1,0,1.0,0.0,116.0,1,1,1,1,1
1474,6089607,21.0,2099.9999999988086,1,1,0,1.0,0.0,21.0,1,1,1,1,1
1475,6089609,559.0,55899.99999996829,1,1,0,1.0,0.0,559.0,1,1,1,1,1
1476,6089611,412.0,41199.99999997663,1,1,0,1.0,0.0,412.0,1,1,1,1,1
1477,6089613,197.0,19699.999999988824,1,1,0,1.0,0.0,197.0,1,1,1,1,1
1478,6089615,115.0,11499.999999993475,1,1,0,1.0,0.0,115.0,1,1,1,1,1
1479,6089617,304.0,30399.999999982756,1,1,0,1.0,0.0,304.0,1,1,1,1,1
1480,6089619,78.0,7799.999999995575,1,1,0,1.0,0.0,78.0,1,1,1,1,1
1481,6089621,126.0,12599.999999992851,1,1,0,1.0,0.0,126.0,1,1,1,1,1
1482,6089623,258.0,25799.999999985364,1,1,0,1.0,0.0,258.0,1,1,1,1,1
1483,6089625,314.0,31399.99999998219,1,1,0,1.0,0.0,314.0,1,1,1,1,1
1484,6089627,57.0,5699.999999996767,1,1,0,1.0,0.0,57.0,1,1,1,1,1
1485,6089629,43.0,4299.999999997561,1,1,0,1.0,0.0,43.0,1,1,1,1,1
1486,6089633,59.0,5899.999999996653,1,1,0,1.0,0.0,59.0,1,1,1,1,1
1487,6089635,39.0,3899.9999999977877,1,1,0,1.0,0.0,39.0,1,1,1,1,1
1488,6089637,71.0,7099.999999995972,1,1,0,1.0,0.0,71.0,1,1,1,1,1
1489,6089639,402.0,40199.9999999772,1,1,0,1.0,0.0,402.0,1,1,1,1,1
1490,6089641,178.0,17799.9999999899,1,1,0,1.0,0.0,178.0,1,1,1,1,1
1491,6089645,297.0,29699.999999983153,1,1,0,1.0,0.0,297.0,1,1,1,1,1
1492,6089647,805.0,80499.99999995434,1,1,0,1.0,0.0,805.0,1,1,1,1,1
1493,6089651,37.0,3699.999999997901,1,1,0,1.0,0.0,37.0,1,1,1,1,1
1494,6089653,235.0,23499.999999986667,1,1,0,1.0,0.0,235.0,1,1,1,1,1
1495,6089661,271.0,27099.999999984626,1,1,0,1.0,0.0,271.0,1,1,1,1,1
1496,6089665,1.0,99.99999999994327,1,1,0,1.0,0.0,1.0,1,1,1,1,1
1497,6089671,36.0,3599.9999999979577,1,1,0,1.0,0.0,36.0,1,1,1,1,1
1498,6089673,217.0,21699.99999998769,1,1,0,1.0,0.0,217.0,1,1,1,1,1
1499,6089675,99.0,9899.999999994383,1,1,0,1.0,0.0,99.0,1,1,1,1,1
1500,6089677,64.0,6399.999999996369,1,1,0,1.0,0.0,64.0,1,1,1,1,1
1501,6089689,41.0,4099.999999997674,1,1,0,1.0,0.0,41.0,1,1,1,1,1
1502,6089697,244.0,24399.999999986157,1,1,0,1.0,0.0,244.0,1,1,1,1,1
1503,6089703,38.0,3799.9999999978445,1,1,0,1.0,0.0,38.0,1,1,1,1,1
1504,6089713,127.0,12699.999999992795,1,1,0,1.0,0.0,127.0,1,1,1,1,1
1505,6089715,3.0,299.9999999998298,1,1,0,1.0,0.0,3.0,1,1,1,1,1
1506,6089717,445.0,44499.99999997475,1,1,0,1.0,0.0,445.0,1,1,1,1,1
1507,6089725,139.0,13899.999999992115,1,1,0,1.0,0.0,139.0,1,1,1,1,1
1508,6089727,699.0,69899.99999996035,1,1,0,1.0,0.0,699.0,1,1,1,1,1
1509,6089729,231.0,23099.999999986896,1,1,0,1.0,0.0,231.0,1,1,1,1,1
1510,6089733,186.0,18599.99999998945,1,1,0,1.0,0.0,186.0,1,1,1,1,1
1511,6089735,14.0,1399.9999999992058,1,1,0,1.0,0.0,14.0,1,1,1,1,1
1512,6089737,220.0,21999.999999987518,1,1,0,1.0,0.0,220.0,1,1,1,1,1
1513,6089739,178.0,17799.9999999899,1,1,0,1.0,0.0,178.0,1,1,1,1,1
1514,6089747,25.0,2499.9999999985816,1,1,0,1.0,0.0,25.0,1,1,1,1,1
1515,6089757,3031.0,303099.99999982805,1,1,0,1.0,0.0,3031.0,1,1,1,1,1
1516,6089759,1702.0,170199.99999990343,1,1,0,1.0,0.0,1702.0,1,1,1,1,1
1517,6089761,612.0,61199.99999996528,1,1,0,1.0,0.0,612.0,1,1,1,1,1
1518,6089763,23.0,2299.9999999986953,1,1,0,1.0,0.0,23.0,1,1,1,1,1
1519,6089765,156.0,15599.99999999115,1,1,0,1.0,0.0,156.0,1,1,1,1,1
1520,6089769,49.0,4899.999999997221,1,1,0,1.0,0.0,49.0,1,1,1,1,1
1521,6089771,87.0,8699.999999995065,1,1,0,1.0,0.0,87.0,1,1,1,1,1
1522,6089773,38.0,3799.9999999978445,1,1,0,1.0,0.0,38.0,1,1,1,1,1
1523,6089783,621.0,62099.99999996477,1,1,0,1.0,0.0,621.0,1,1,1,1,1
1524,6089785,547.0,54699.99999996897,1,1,0,1.0,0.0,547.0,1,1,1,1,1
1525,6089789,329.0,32899.99999998134,1,1,0,1.0,0.0,329.0,1,1,1,1,1
1526,6089801,366.0,36599.999999979234,1,1,0,1.0,0.0,366.0,1,1,1,1,1
1527,6089803,102.0,10199.999999994214,1,1,0,1.0,0.0,102.0,1,1,1,1,1
1528,6089805,2998.0,299799.9999998299,1,1,0,1.0,0.0,2998.0,1,1,1,1,1
1529,6089807,502.0,50199.99999997152,1,1,0,1.0,0.0,502.0,1,1,1,1,1
1530,6089809,146.0,14599.999999991718,1,1,0,1.0,0.0,146.0,1,1,1,1,1
1531,6089811,78.0,7799.999999995575,1,1,0,1.0,0.0,78.0,1,1,1,1,1
1532,6089817,851.0,85099.99999995172,1,1,0,1.0,0.0,851.0,1,1,1,1,1
1533,6089821,19.0,1899.9999999989222,1,1,0,1.0,0.0,19.0,1,1,1,1,1
1534,6089825,20.0,1999.9999999988654,1,1,0,1.0,0.0,20.0,1,1,1,1,1
1535,6089827,117.0,11699.999999993363,1,1,0,1.0,0.0,117.0,1,1,1,1,1
1536,6089829,154.0,15399.999999991263,1,1,0,1.0,0.0,154.0,1,1,1,1,1
1537,6089835,162.0,16199.99999999081,1,1,0,1.0,0.0,162.0,1,1,1,1,1
1538,6089839,468.0,46799.99999997345,1,1,0,1.0,0.0,468.0,1,1,1,1,1
1539,6089841,4363.0,436299.9999997525,1,1,0,1.0,0.0,4363.0,1,1,1,1,1
1540,6089843,30.0,2999.9999999982983,1,1,0,1.0,0.0,30.0,1,1,1,1,1
1541,6089845,749.0,74899.99999995751,1,1,0,1.0,0.0,749.0,1,1,1,1,1
1542,6089847,102.0,10199.999999994214,1,1,0,1.0,0.0,102.0,1,1,1,1,1
1543,6089851,1015.0,101499.99999994242,1,1,0,1.0,0.0,1015.0,1,1,1,1,1
1544,6089853,89.0,8899.99999999495,1,1,0,1.0,0.0,89.0,1,1,1,1,1
1545,6089855,624.0,62399.9999999646,1,1,0,1.0,0.0,624.0,1,1,1,1,1
1546,6089857,90.0,8999.999999994894,1,1,0,1.0,0.0,90.0,1,1,1,1,1
1547,6089859,809.0,80899.9999999541,1,1,0,1.0,0.0,809.0,1,1,1,1,1
1548,6089861,65.0,6499.999999996313,1,1,0,1.0,0.0,65.0,1,1,1,1,1
1549,6089863,690.0,68999.99999996086,1,1,0,1.0,0.0,690.0,1,1,1,1,1
1550,6089865,578.0,57799.99999996721,1,1,0,1.0,0.0,578.0,1,1,1,1,1
1551,6089867,122.0,12199.999999993079,1,1,0,1.0,0.0,122.0,1,1,1,1,1
1552,6089871,96.0,9599.999999994554,1,1,0,1.0,0.0,96.0,1,1,1,1,1
1553,6089875,1930.0,192999.9999998905,1,1,0,1.0,0.0,1930.0,1,1,1,1,1
1554,6089877,53.0,5299.999999996993,1,1,0,1.0,0.0,53.0,1,1,1,1,1
1555,6089879,588.0,58799.99999996664,1,1,0,1.0,0.0,588.0,1,1,1,1,1
1556,6089881,48.0,4799.999999997277,1,1,0,1.0,0.0,48.0,1,1,1,1,1
1557,6089883,547.0,54699.99999996897,1,1,0,1.0,0.0,547.0,1,1,1,1,1
1558,6089885,104.0,10399.9999999941,1,1,0,1.0,0.0,104.0,1,1,1,1,1
1559,6089887,641.0,64099.999999963635,1,1,0,1.0,0.0,641.0,1,1,1,1,1
1560,6089891,208.0,20799.9999999882,1,1,0,1.0,0.0,208.0,1,1,1,1,1
1561,6089895,23.0,2299.9999999986953,1,1,0,1.0,0.0,23.0,1,1,1,1,1
1562,6089897,79.0,7899.999999995518,1,1,0,1.0,0.0,79.0,1,1,1,1,1
1563,6089903,58.0,5799.999999996709,1,1,0,1.0,0.0,58.0,1,1,1,1,1
1564,6089905,134.0,13399.999999992398,1,1,0,1.0,0.0,134.0,1,1,1,1,1
1565,6089913,2302.0,230199.9999998694,1,1,0,1.0,0.0,2302.0,1,1,1,1,1
1566,6089919,753.0,75299.99999995728,1,1,0,1.0,0.0,753.0,1,1,1,1,1
1567,6089921,384.0,38399.999999978216,1,1,0,1.0,0.0,384.0,1,1,1,1,1
1568,6089927,13.0,1299.9999999992624,1,1,0,1.0,0.0,13.0,1,1,1,1,1
1569,6089931,188.0,18799.999999989333,1,1,0,1.0,0.0,188.0,1,1,1,1,1
1570,6089933,198.0,19799.999999988766,1,1,0,1.0,0.0,198.0,1,1,1,1,1
1571,6089941,126.0,12599.999999992851,1,1,0,1.0,0.0,126.0,1,1,1,1,1
1572,6089949,15.0,1499.9999999991492,1,1,0,1.0,0.0,15.0,1,1,1,1,1
1573,6089953,127.0,12699.999999992795,1,1,0,1.0,0.0,127.0,1,1,1,1,1
1574,6089959,291.0,29099.99999998349,1,1,0,1.0,0.0,291.0,1,1,1,1,1
1575,6089967,143.0,14299.999999991887,1,1,0,1.0,0.0,143.0,1,1,1,1,1
1576,6089971,45.0,4499.999999997447,1,1,0,1.0,0.0,45.0,1,1,1,1,1
1577,6089979,155.0,15499.999999991207,1,1,0,1.0,0.0,155.0,1,1,1,1,1
1578,6089981,544.0,54399.999999969135,1,1,0,1.0,0.0,544.0,1,1,1,1,1
1579,6089983,2326.0,232599.99999986804,1,1,0,1.0,0.0,2326.0,1,1,1,1,1
1580,6089993,30.0,2999.9999999982983,1,1,0,1.0,0.0,30.0,1,1,1,1,1
1581,6089995,241.0,24099.99999998633,1,1,0,1.0,0.0,241.0,1,1,1,1,1
1582,6089997,957.0,95699.9999999457,1,1,0,1.0,0.0,957.0,1,1,1,1,1
1583,6089999,292.0,29199.999999983436,1,1,0,1.0,0.0,292.0,1,1,1,1,1
1584,6090001,239.0,23899.99999998644,1,1,0,1.0,0.0,239.0,1,1,1,1,1
1585,6090003,3087.0,308699.99999982485,1,1,0,1.0,0.0,3087.0,1,1,1,1,1
1586,6090005,1648.0,164799.99999990652,1,1,0,1.0,0.0,1648.0,1,1,1,1,1
1587,6090009,2331.0,233099.99999986775,1,1,0,1.0,0.0,2331.0,1,1,1,1,1
1588,6090013,1538.0,153799.99999991275,1,1,0,1.0,0.0,1538.0,1,1,1,1,1
1589,6090015,763.0,76299.99999995671,1,1,0,1.0,0.0,763.0,1,1,1,1,1
1590,6090017,1380.0,137999.9999999217,1,1,0,1.0,0.0,1380.0,1,1,1,1,1
1591,6090019,142.0,14199.999999991944,1,1,0,1.0,0.0,142.0,1,1,1,1,1
1592,6090023,1338.0,133799.9999999241,1,1,0,1.0,0.0,1338.0,1,1,1,1,1
1593,6090025,489.0,48899.99999997226,1,1,0,1.0,0.0,489.0,1,1,1,1,1
1594,6090029,394.0,39399.99999997765,1,1,0,1.0,0.0,394.0,1,1,1,1,1
1595,6090033,91.0,9099.999999994838,1,1,0,1.0,0.0,91.0,1,1,1,1,1
1596,6090035,16.0,1599.9999999990923,1,1,0,1.0,0.0,16.0,1,1,1,1,1
1597,6090037,139.0,13899.999999992115,1,1,0,1.0,0.0,139.0,1,1,1,1,1
1598,6090039,135.0,13499.999999992342,1,1,0,1.0,0.0,135.0,1,1,1,1,1
1599,6090041,153.0,15299.99999999132,1,1,0,1.0,0.0,153.0,1,1,1,1,1
1600,6090043,49.0,4899.999999997221,1,1,0,1.0,0.0,49.0,1,1,1,1,1
1601,6090045,66.0,6599.999999996256,1,1,0,1.0,0.0,66.0,1,1,1,1,1
1602,6090051,336.0,33599.99999998094,1,1,0,1.0,0.0,336.0,1,1,1,1,1
1603,6090053,145.0,14499.999999991775,1,1,0,1.0,0.0,145.0,1,1,1,1,1
1604,6090055,122.0,12199.999999993079,1,1,0,1.0,0.0,122.0,1,1,1,1,1
1605,6090059,2327.0,232699.99999986799,1,1,0,1.0,0.0,2327.0,1,1,1,1,1
1606,6090061,672.0,67199.99999996187,1,1,0,1.0,0.0,672.0,1,1,1,1,1
1607,6090063,152.0,15199.999999991378,1,1,0,1.0,0.0,152.0,1,1,1,1,1
1608,6090065,67.0,6699.999999996199,1,1,0,1.0,0.0,67.0,1,1,1,1,1
1609,6090067,244.0,24399.999999986157,1,1,0,1.0,0.0,244.0,1,1,1,1,1
1610,6090069,129.0,12899.999999992682,1,1,0,1.0,0.0,129.0,1,1,1,1,1
1611,6090071,150.0,14999.99999999149,1,1,0,1.0,0.0,150.0,1,1,1,1,1
1612,6090073,60.0,5999.999999996597,1,1,0,1.0,0.0,60.0,1,1,1,1,1
1613,6090075,32.0,3199.9999999981846,1,1,0,1.0,0.0,32.0,1,1,1,1,1
1614,6090077,175.0,17499.999999990072,1,1,0,1.0,0.0,175.0,1,1,1,1,1
1615,6090083,1017.0,101699.9999999423,1,1,0,1.0,0.0,1017.0,1,1,1,1,1
1616,6090085,44.0,4399.999999997504,1,1,0,1.0,0.0,44.0,1,1,1,1,1
1617,6090087,3595.0,359499.99999979604,1,1,0,1.0,0.0,3595.0,1,1,1,1,1
1618,6090091,95.0,9499.99999999461,1,1,0,1.0,0.0,95.0,1,1,1,1,1
1619,6090093,241.0,24099.99999998633,1,1,0,1.0,0.0,241.0,1,1,1,1,1
1620,6090095,4.0,399.9999999997731,1,1,0,1.0,0.0,4.0,1,1,1,1,1
1621,6090097,45.0,4499.999999997447,1,1,0,1.0,0.0,45.0,1,1,1,1,1
1622,6090099,57.0,5699.999999996767,1,1,0,1.0,0.0,57.0,1,1,1,1,1
1623,6090101,474.0,47399.99999997311,1,1,0,1.0,0.0,474.0,1,1,1,1,1
1624,6090103,139.0,13899.999999992115,1,1,0,1.0,0.0,139.0,1,1,1,1,1
1625,6090105,549.0,54899.99999996886,1,1,0,1.0,0.0,549.0,1,1,1,1,1
1626,6090109,206.0,20599.999999988315,1,1,0,1.0,0.0,206.0,1,1,1,1,1
1627,6090119,78.0,7799.999999995575,1,1,0,1.0,0.0,78.0,1,1,1,1,1
1628,6090121,982.0,98199.9999999443,1,1,0,1.0,0.0,982.0,1,1,1,1,1
1629,6090123,87.0,8699.999999995065,1,1,0,1.0,0.0,87.0,1,1,1,1,1
1630,6090125,7.0,699.9999999996029,1,1,0,1.0,0.0,7.0,1,1,1,1,1
1631,6090131,24.0,2399.9999999986385,1,1,0,1.0,0.0,24.0,1,1,1,1,1
1632,6090155,645.0,64499.99999996341,1,1,0,1.0,0.0,645.0,1,1,1,1,1
1633,6090157,158.0,15799.999999991036,1,1,0,1.0,0.0,158.0,1,1,1,1,1
1634,6090159,851.0,85099.99999995172,1,1,0,1.0,0.0,851.0,1,1,1,1,1
1635,6090161,85.0,8499.999999995178,1,1,0,1.0,0.0,85.0,1,1,1,1,1
1636,6090163,814.0,81399.99999995383,1,1,0,1.0,0.0,814.0,1,1,1,1,1
1637,6090167,357.0,35699.99999997975,1,1,0,1.0,0.0,357.0,1,1,1,1,1
1638,6090173,15.0,1499.9999999991492,1,1,0,1.0,0.0,15.0,1,1,1,1,1
1639,6090175,671.0,67099.99999996193,1,1,0,1.0,0.0,671.0,1,1,1,1,1
1640,6090177,1239.0,123899.99999992971,1,1,0,1.0,0.0,1239.0,1,1,1,1,1
1641,6090179,31.0,3099.9999999982415,1,1,0,1.0,0.0,31.0,1,1,1,1,1
1642,6090183,119.0,11899.99999999325,1,1,0,1.0,0.0,119.0,1,1,1,1,1
1643,6090185,1113.0,111299.99999993686,1,1,0,1.0,0.0,1113.0,1,1,1,1,1
1644,6090187,37.0,3699.999999997901,1,1,0,1.0,0.0,37.0,1,1,1,1,1
1645,6090189,371.0,37099.99999997895,1,1,0,1.0,0.0,371.0,1,1,1,1,1
1646,6090191,843.0,84299.99999995218,1,1,0,1.0,0.0,843.0,1,1,1,1,1
1647,6090193,320.0,31999.999999981846,1,1,0,1.0,0.0,320.0,1,1,1,1,1
1648,6090195,213.0,21299.99999998792,1,1,0,1.0,0.0,213.0,1,1,1,1,1
1649,6090199,183.0,18299.999999989617,1,1,0,1.0,0.0,183.0,1,1,1,1,1
1650,6090201,1500.0,149999.9999999149,1,1,0,1.0,0.0,1500.0,1,1,1,1,1
1651,6090203,923.0,92299.99999994764,1,1,0,1.0,0.0,923.0,1,1,1,1,1
1652,6090205,1339.0,133899.99999992404,1,1,0,1.0,0.0,1339.0,1,1,1,1,1
1653,6090207,1570.0,156999.99999991094,1,1,0,1.0,0.0,1570.0,1,1,1,1,1
1654,6090215,244.0,24399.999999986157,1,1,0,1.0,0.0,244.0,1,1,1,1,1
1655,6090221,839.0,83899.9999999524,1,1,0,1.0,0.0,839.0,1,1,1,1,1
1656,6090223,3.0,299.9999999998298,1,1,0,1.0,0.0,3.0,1,1,1,1,1
1657,6090225,397.0,39699.99999997748,1,1,0,1.0,0.0,397.0,1,1,1,1,1
1658,6090235,10.0,999.9999999994327,1,1,0,1.0,0.0,10.0,1,1,1,1,1
1659,6090237,33.0,3299.999999998128,1,1,0,1.0,0.0,33.0,1,1,1,1,1
1660,6090239,254.0,25399.99999998559,1,1,0,1.0,0.0,254.0,1,1,1,1,1
1661,6090243,2414.0,241399.99999986307,1,1,0,1.0,0.0,2414.0,1,1,1,1,1
1662,6090245,1935.0,193499.99999989022,1,1,0,1.0,0.0,1935.0,1,1,1,1,1
1663,6090247,50.0,4999.999999997163,1,1,0,1.0,0.0,50.0,1,1,1,1,1
1664,6090251,18.0,1799.9999999989789,1,1,0,1.0,0.0,18.0,1,1,1,1,1
1665,6090255,40.0,3999.999999997731,1,1,0,1.0,0.0,40.0,1,1,1,1,1
1666,6090257,9.0,899.9999999994894,1,1,0,1.0,0.0,9.0,1,1,1,1,1
1667,6090267,1514.0,151399.99999991411,1,1,0,1.0,0.0,1514.0,1,1,1,1,1
1668,6090271,808.0,80799.99999995416,1,1,0,1.0,0.0,808.0,1,1,1,1,1
1669,6090273,514.0,51399.99999997084,1,1,0,1.0,0.0,514.0,1,1,1,1,1
1670,6090277,31.0,3099.9999999982415,1,1,0,1.0,0.0,31.0,1,1,1,1,1
1671,6090281,165.0,16499.99999999064,1,1,0,1.0,0.0,165.0,1,1,1,1,1
1672,6090285,122.0,12199.999999993079,1,1,0,1.0,0.0,122.0,1,1,1,1,1
1673,6090287,1967.0,196699.99999988842,1,1,0,1.0,0.0,1967.0,1,1,1,1,1
1674,6090295,137.0,13699.999999992227,1,1,0,1.0,0.0,137.0,1,1,1,1,1
1675,6090297,1456.0,145599.9999999174,1,1,0,1.0,0.0,1456.0,1,1,1,1,1
1676,6090299,323.0,32299.999999981676,1,1,0,1.0,0.0,323.0,1,1,1,1,1
1677,6090301,630.0,62999.99999996426,1,1,0,1.0,0.0,630.0,1,1,1,1,1
1678,6090303,116.0,11599.999999993419,1,1,0,1.0,0.0,116.0,1,1,1,1,1
1679,6090305,406.0,40599.999999976964,1,1,0,1.0,0.0,406.0,1,1,1,1,1
1680,6093445,36.0,3599.9999999979577,1,1,0,1.0,0.0,36.0,1,1,1,1,1
1681,6093451,76.0,7599.999999995689,1,1,0,1.0,0.0,76.0,1,1,1,1,1
1682,6093471,38.0,3799.9999999978445,1,1,0,1.0,0.0,38.0,1,1,1,1,1
1683,6093473,368.0,36799.999999979125,1,1,0,1.0,0.0,368.0,1,1,1,1,1
1684,6093475,178.0,17799.9999999899,1,1,0,1.0,0.0,178.0,1,1,1,1,1
1685,6093479,293.0,29299.999999983378,1,1,0,1.0,0.0,293.0,1,1,1,1,1
1686,6093483,266.0,26599.99999998491,1,1,0,1.0,0.0,266.0,1,1,1,1,1
1687,6093485,24.0,2399.9999999986385,1,1,0,1.0,0.0,24.0,1,1,1,1,1
1688,6093487,27.0,2699.9999999984684,1,1,0,1.0,0.0,27.0,1,1,1,1,1
1689,6093497,145.0,14499.999999991775,1,1,0,1.0,0.0,145.0,1,1,1,1,1
1690,6093499,43.0,4299.999999997561,1,1,0,1.0,0.0,43.0,1,1,1,1,1
1691,6093503,99.0,9899.999999994383,1,1,0,1.0,0.0,99.0,1,1,1,1,1
1692,6093511,193.0,19299.99999998905,1,1,0,1.0,0.0,193.0,1,1,1,1,1
1693,6093589,3.0,299.9999999998298,1,1,0,1.0,0.0,3.0,1,1,1,1,1
1694,6094119,678.0,67799.99999996154,1,1,0,1.0,0.0,678.0,1,1,1,1,1
1695,6095963,287.0,28699.99999998372,1,1,0,1.0,0.0,287.0,1,1,1,1,1
1696,6095967,968.0,96799.99999994508,1,1,0,1.0,0.0,968.0,1,1,1,1,1
1697,6095969,12.0,1199.9999999993192,1,1,0,1.0,0.0,12.0,1,1,1,1,1
1698,6095981,7.0,699.9999999996029,1,1,0,1.0,0.0,7.0,1,1,1,1,1
1699,6095983,38.0,3799.9999999978445,1,1,0,1.0,0.0,38.0,1,1,1,1,1
1700,6095985,37.0,3699.999999997901,1,1,0,1.0,0.0,37.0,1,1,1,1,1
1701,6095987,556.0,55599.99999996846,1,1,0,1.0,0.0,556.0,1,1,1,1,1
1702,6095989,389.0,38899.99999997793,1,1,0,1.0,0.0,389.0,1,1,1,1,1
1703,6095993,34.0,3399.999999998071,1,1,0,1.0,0.0,34.0,1,1,1,1,1
1704,6095997,19.0,1899.9999999989222,1,1,0,1.0,0.0,19.0,1,1,1,1,1
1705,6096001,39.0,3899.9999999977877,1,1,0,1.0,0.0,39.0,1,1,1,1,1
1706,6096007,8.0,799.9999999995462,1,1,0,1.0,0.0,8.0,1,1,1,1,1
1707,6096009,37.0,3699.999999997901,1,1,0,1.0,0.0,37.0,1,1,1,1,1
1708,6096011,1103.0,110299.99999993743,1,1,0,1.0,0.0,1103.0,1,1,1,1,1
1709,6096015,237.0,23699.999999986554,1,1,0,1.0,0.0,237.0,1,1,1,1,1
1710,6096017,55.0,5499.9999999968795,1,1,0,1.0,0.0,55.0,1,1,1,1,1
1711,6096019,247.0,24699.999999985987,1,1,0,1.0,0.0,247.0,1,1,1,1,1
1712,6096021,176.0,17599.999999990017,1,1,0,1.0,0.0,176.0,1,1,1,1,1
1713,6096025,49.0,4899.999999997221,1,1,0,1.0,0.0,49.0,1,1,1,1,1
1714,6096039,54.0,5399.999999996937,1,1,0,1.0,0.0,54.0,1,1,1,1,1
1715,6096041,620.0,61999.99999996483,1,1,0,1.0,0.0,620.0,1,1,1,1,1
1716,6096045,27.0,2699.9999999984684,1,1,0,1.0,0.0,27.0,1,1,1,1,1
1717,6096047,507.0,50699.99999997124,1,1,0,1.0,0.0,507.0,1,1,1,1,1
1718,6096053,239.0,23899.99999998644,1,1,0,1.0,0.0,239.0,1,1,1,1,1
1719,6096071,60.0,5999.999999996597,1,1,0,1.0,0.0,60.0,1,1,1,1,1
1720,6096073,41.0,4099.999999997674,1,1,0,1.0,0.0,41.0,1,1,1,1,1
1721,6096075,211.0,21099.99999998803,1,1,0,1.0,0.0,211.0,1,1,1,1,1
1722,6096079,27.0,2699.9999999984684,1,1,0,1.0,0.0,27.0,1,1,1,1,1
1723,6096081,18.0,1799.9999999989789,1,1,0,1.0,0.0,18.0,1,1,1,1,1
1724,6096083,10.0,999.9999999994327,1,1,0,1.0,0.0,10.0,1,1,1,1,1
1725,6096097,42.0,4199.999999997617,1,1,0,1.0,0.0,42.0,1,1,1,1,1
1726,6096101,209.0,20899.999999988144,1,1,0,1.0,0.0,209.0,1,1,1,1,1
1727,6096133,794.0,79399.99999995496,1,1,0,1.0,0.0,794.0,1,1,1,1,1
1728,6096135,44.0,4399.999999997504,1,1,0,1.0,0.0,44.0,1,1,1,1,1
1729,6096137,147.0,14699.99999999166,1,1,0,1.0,0.0,147.0,1,1,1,1,1
1730,6096147,226.0,22599.99999998718,1,1,0,1.0,0.0,226.0,1,1,1,1,1
1731,6096155,736.0,73599.99999995825,1,1,0,1.0,0.0,736.0,1,1,1,1,1
1732,6096157,303.0,30299.99999998281,1,1,0,1.0,0.0,303.0,1,1,1,1,1
1733,6096161,164.0,16399.999999990698,1,1,0,1.0,0.0,164.0,1,1,1,1,1
1734,6096165,29.0,2899.9999999983547,1,1,0,1.0,0.0,29.0,1,1,1,1,1
1735,6096193,56.0,5599.999999996823,1,1,0,1.0,0.0,56.0,1,1,1,1,1
1736,6096201,16.0,1599.9999999990923,1,1,0,1.0,0.0,16.0,1,1,1,1,1
1737,6096203,16.0,1599.9999999990923,1,1,0,1.0,0.0,16.0,1,1,1,1,1
1738,6096205,18.0,1799.9999999989789,1,1,0,1.0,0.0,18.0,1,1,1,1,1
1739,6096207,148.0,14799.999999991604,1,1,0,1.0,0.0,148.0,1,1,1,1,1
1740,6096209,154.0,15399.999999991263,1,1,0,1.0,0.0,154.0,1,1,1,1,1
1741,6096211,1385.0,138499.99999992142,1,1,0,1.0,0.0,1385.0,1,1,1,1,1
1742,6096213,298.0,29799.999999983094,1,1,0,1.0,0.0,298.0,1,1,1,1,1
1743,6096217,26.0,2599.999999998525,1,1,0,1.0,0.0,26.0,1,1,1,1,1
1744,6096219,199.0,19899.99999998871,1,1,0,1.0,0.0,199.0,1,1,1,1,1
1745,6096223,130.0,12999.999999992626,1,1,0,1.0,0.0,130.0,1,1,1,1,1
1746,6096225,1235.0,123499.99999992993,1,1,0,1.0,0.0,1235.0,1,1,1,1,1
1747,6096231,411.0,41099.99999997668,1,1,0,1.0,0.0,411.0,1,1,1,1,1
1748,6096233,227.0,22699.99999998712,1,1,0,1.0,0.0,227.0,1,1,1,1,1
1749,6096241,598.0,59799.99999996607,1,1,0,1.0,0.0,598.0,1,1,1,1,1
1750,6096243,232.0,23199.999999986838,1,1,0,1.0,0.0,232.0,1,1,1,1,1
1751,6096245,4.0,399.9999999997731,1,1,0,1.0,0.0,4.0,1,1,1,1,1
1752,6096255,331.0,33099.99999998122,1,1,0,1.0,0.0,331.0,1,1,1,1,1
1753,6096259,18.0,1799.9999999989789,1,1,0,1.0,0.0,18.0,1,1,1,1,1
1754,6096261,150.0,14999.99999999149,1,1,0,1.0,0.0,150.0,1,1,1,1,1
1755,6096265,114.0,11399.999999993533,1,1,0,1.0,0.0,114.0,1,1,1,1,1
1756,6096267,583.0,58299.99999996692,1,1,0,1.0,0.0,583.0,1,1,1,1,1
1757,6096275,19.0,1899.9999999989222,1,1,0,1.0,0.0,19.0,1,1,1,1,1
1758,6096277,178.0,17799.9999999899,1,1,0,1.0,0.0,178.0,1,1,1,1,1
1759,6096281,58.0,5799.999999996709,1,1,0,1.0,0.0,58.0,1,1,1,1,1
1760,6096283,62.0,6199.999999996483,1,1,0,1.0,0.0,62.0,1,1,1,1,1
1761,6096285,93.0,9299.999999994725,1,1,0,1.0,0.0,93.0,1,1,1,1,1
1762,6096291,687.0,68699.99999996103,1,1,0,1.0,0.0,687.0,1,1,1,1,1
1763,6096295,69.0,6899.9999999960855,1,1,0,1.0,0.0,69.0,1,1,1,1,1
1764,6096297,2874.0,287399.99999983696,1,1,0,1.0,0.0,2874.0,1,1,1,1,1
1765,6096299,8.0,799.9999999995462,1,1,0,1.0,0.0,8.0,1,1,1,1,1
1766,6096301,1007.0,100699.99999994287,1,1,0,1.0,0.0,1007.0,1,1,1,1,1
1767,6096303,201.0,20099.9999999886,1,1,0,1.0,0.0,201.0,1,1,1,1,1
1768,6096305,1.0,99.99999999994327,1,1,0,1.0,0.0,1.0,1,1,1,1,1
1769,6096309,700.0,69999.99999996029,1,1,0,1.0,0.0,700.0,1,1,1,1,1
1770,6096311,1116.0,111599.99999993668,1,1,0,1.0,0.0,1116.0,1,1,1,1,1
1771,6096317,364.0,36399.99999997935,1,1,0,1.0,0.0,364.0,1,1,1,1,1
1772,6096335,239.0,23899.99999998644,1,1,0,1.0,0.0,239.0,1,1,1,1,1
1773,6096337,81.0,8099.999999995405,1,1,0,1.0,0.0,81.0,1,1,1,1,1
1774,6096341,39.0,3899.9999999977877,1,1,0,1.0,0.0,39.0,1,1,1,1,1
1775,6096343,1229.0,122899.99999993028,1,1,0,1.0,0.0,1229.0,1,1,1,1,1
1776,6096355,4559.0,455899.9999997414,1,1,0,1.0,0.0,4559.0,1,1,1,1,1
1777,6096357,240.0,23999.999999986387,1,1,0,1.0,0.0,240.0,1,1,1,1,1
1778,6096359,111.0,11099.999999993703,1,1,0,1.0,0.0,111.0,1,1,1,1,1
1779,6096363,1.0,99.99999999994327,1,1,0,1.0,0.0,1.0,1,1,1,1,1
1780,6096365,128.0,12799.999999992739,1,1,0,1.0,0.0,128.0,1,1,1,1,1
1781,6096371,1408.0,140799.99999992014,1,1,0,1.0,0.0,1408.0,1,1,1,1,1
1782,6096375,392.0,39199.999999977765,1,1,0,1.0,0.0,392.0,1,1,1,1,1
1783,6096377,92.0,9199.999999994781,1,1,0,1.0,0.0,92.0,1,1,1,1,1
1784,6096379,29.0,2899.9999999983547,1,1,0,1.0,0.0,29.0,1,1,1,1,1
1785,6096389,172.0,17199.999999990243,1,1,0,1.0,0.0,172.0,1,1,1,1,1
1786,6096391,29.0,2899.9999999983547,1,1,0,1.0,0.0,29.0,1,1,1,1,1
1787,6096393,775.0,77499.99999995604,1,1,0,1.0,0.0,775.0,1,1,1,1,1
1788,6096401,1038.0,103799.99999994111,1,1,0,1.0,0.0,1038.0,1,1,1,1,1
1789,6096403,570.0,56999.999999967666,1,1,0,1.0,0.0,570.0,1,1,1,1,1
1790,6096409,23366.0,2336599.9999986743,1,1,0,1.0,0.0,23366.0,1,1,1,1,1
1791,6096415,12.0,1199.9999999993192,1,1,0,1.0,0.0,12.0,1,1,1,1,1
1792,6096419,45.0,4499.999999997447,1,1,0,1.0,0.0,45.0,1,1,1,1,1
1793,6096423,5098.0,509799.99999971077,1,1,0,1.0,0.0,5098.0,1,1,1,1,1
1794,6096425,1858.0,185799.9999998946,1,1,0,1.0,0.0,1858.0,1,1,1,1,1
1795,6096427,1895.0,189499.9999998925,1,1,0,1.0,0.0,1895.0,1,1,1,1,1
1796,6096429,18.0,1799.9999999989789,1,1,0,1.0,0.0,18.0,1,1,1,1,1
1797,6096431,13898.0,1389799.9999992116,1,1,0,1.0,0.0,13898.0,1,1,1,1,1
1798,6096433,199.0,19899.99999998871,1,1,0,1.0,0.0,199.0,1,1,1,1,1
1799,6096437,1709.0,170899.99999990306,1,1,0,1.0,0.0,1709.0,1,1,1,1,1
1800,6096439,1093.0,109299.999999938,1,1,0,1.0,0.0,1093.0,1,1,1,1,1
1801,6096445,177.0,17699.99999998996,1,1,0,1.0,0.0,177.0,1,1,1,1,1
1802,6096447,844.0,84399.99999995212,1,1,0,1.0,0.0,844.0,1,1,1,1,1
1803,6096453,3254.0,325399.9999998154,1,1,0,1.0,0.0,3254.0,1,1,1,1,1
1804,6096457,1740.0,173999.99999990128,1,1,0,1.0,0.0,1740.0,1,1,1,1,1
1805,6096461,21.0,2099.9999999988086,1,1,0,1.0,0.0,21.0,1,1,1,1,1
1806,6096465,7088.0,708799.9999995979,1,1,0,1.0,0.0,7088.0,1,1,1,1,1
1807,6096467,9137.0,913699.9999994816,1,1,0,1.0,0.0,9137.0,1,1,1,1,1
1808,6096469,1024.0,102399.99999994191,1,1,0,1.0,0.0,1024.0,1,1,1,1,1
1809,6096473,3567.0,356699.99999979767,1,1,0,1.0,0.0,3567.0,1,1,1,1,1
1810,6096475,1250.0,124999.99999992909,1,1,0,1.0,0.0,1250.0,1,1,1,1,1
1811,6096485,67.0,6699.999999996199,1,1,0,1.0,0.0,67.0,1,1,1,1,1
1812,6096493,102.0,10199.999999994214,1,1,0,1.0,0.0,102.0,1,1,1,1,1
1813,6096497,530.0,52999.999999969936,1,1,0,1.0,0.0,530.0,1,1,1,1,1
1814,6096499,63.0,6299.999999996426,1,1,0,1.0,0.0,63.0,1,1,1,1,1
1815,6096501,21.0,2099.9999999988086,1,1,0,1.0,0.0,21.0,1,1,1,1,1
1816,6096505,235.0,23499.999999986667,1,1,0,1.0,0.0,235.0,1,1,1,1,1
1817,6096511,7972.0,797199.9999995477,1,1,0,1.0,0.0,7972.0,1,1,1,1,1
1818,6096513,5864.0,586399.9999996673,1,1,0,1.0,0.0,5864.0,1,1,1,1,1
1819,6096515,1372.0,137199.99999992218,1,1,0,1.0,0.0,1372.0,1,1,1,1,1
1820,6096517,1876.0,187599.99999989357,1,1,0,1.0,0.0,1876.0,1,1,1,1,1
1821,6096519,2068.0,206799.99999988268,1,1,0,1.0,0.0,2068.0,1,1,1,1,1
1822,6096523,3770.0,376999.99999978615,1,1,0,1.0,0.0,3770.0,1,1,1,1,1
1823,6096525,26.0,2599.999999998525,1,1,0,1.0,0.0,26.0,1,1,1,1,1
1824,6096531,4364.0,436399.99999975244,1,1,0,1.0,0.0,4364.0,1,1,1,1,1
1825,6096533,4314.0,431399.9999997553,1,1,0,1.0,0.0,4314.0,1,1,1,1,1
1826,6096535,1410.0,140999.99999992002,1,1,0,1.0,0.0,1410.0,1,1,1,1,1
1827,6096541,4595.0,459499.99999973935,1,1,0,1.0,0.0,4595.0,1,1,1,1,1
1828,6096543,76.0,7599.999999995689,1,1,0,1.0,0.0,76.0,1,1,1,1,1
1829,6096545,678.0,67799.99999996154,1,1,0,1.0,0.0,678.0,1,1,1,1,1
1830,6096553,945.0,94499.99999994639,1,1,0,1.0,0.0,945.0,1,1,1,1,1
1831,6096555,1024.0,102399.99999994191,1,1,0,1.0,0.0,1024.0,1,1,1,1,1
1832,6096559,606.0,60599.99999996562,1,1,0,1.0,0.0,606.0,1,1,1,1,1
1833,6096563,270.0,26999.999999984684,1,1,0,1.0,0.0,270.0,1,1,1,1,1
1834,6096567,306.0,30599.99999998264,1,1,0,1.0,0.0,306.0,1,1,1,1,1
1835,6096569,2404.0,240399.99999986362,1,1,0,1.0,0.0,2404.0,1,1,1,1,1
1836,6096571,9452.0,945199.9999994638,1,1,0,1.0,0.0,9452.0,1,1,1,1,1
1837,6096573,886.0,88599.99999994974,1,1,0,1.0,0.0,886.0,1,1,1,1,1
1838,6096577,621.0,62099.99999996477,1,1,0,1.0,0.0,621.0,1,1,1,1,1
1839,6096583,1111.0,111099.99999993698,1,1,0,1.0,0.0,1111.0,1,1,1,1,1
1840,6096585,5206.0,520599.99999970465,1,1,0,1.0,0.0,5206.0,1,1,1,1,1
1841,6096595,838.0,83799.99999995246,1,1,0,1.0,0.0,838.0,1,1,1,1,1
1842,6096597,158.0,15799.999999991036,1,1,0,1.0,0.0,158.0,1,1,1,1,1
1843,6096599,617.0,61699.999999964995,1,1,0,1.0,0.0,617.0,1,1,1,1,1
1844,6096601,520.0,51999.9999999705,1,1,0,1.0,0.0,520.0,1,1,1,1,1
1845,6096603,117.0,11699.999999993363,1,1,0,1.0,0.0,117.0,1,1,1,1,1
1846,6096607,10865.0,1086499.9999993837,1,1,0,1.0,0.0,10865.0,1,1,1,1,1
1847,6096609,14.0,1399.9999999992058,1,1,0,1.0,0.0,14.0,1,1,1,1,1
1848,6096611,441.0,44099.999999974985,1,1,0,1.0,0.0,441.0,1,1,1,1,1
1849,6096617,333.0,33299.99999998111,1,1,0,1.0,0.0,333.0,1,1,1,1,1
1850,6096619,51.0,5099.999999997107,1,1,0,1.0,0.0,51.0,1,1,1,1,1
1851,6096621,930.0,92999.99999994723,1,1,0,1.0,0.0,930.0,1,1,1,1,1
1852,6096623,930.0,92999.99999994723,1,1,0,1.0,0.0,930.0,1,1,1,1,1
1853,6096625,1770.0,176999.9999998996,1,1,0,1.0,0.0,1770.0,1,1,1,1,1
1854,6096627,1982.0,198199.99999988757,1,1,0,1.0,0.0,1982.0,1,1,1,1,1
1855,6096631,1.0,99.99999999994327,1,1,0,1.0,0.0,1.0,1,1,1,1,1
1856,6096633,340.0,33999.99999998071,1,1,0,1.0,0.0,340.0,1,1,1,1,1
1857,6096637,139.0,13899.999999992115,1,1,0,1.0,0.0,139.0,1,1,1,1,1
1858,6096639,1850.0,184999.99999989505,1,1,0,1.0,0.0,1850.0,1,1,1,1,1
1859,6096641,509.0,50899.99999997112,1,1,0,1.0,0.0,509.0,1,1,1,1,1
1860,6096647,6486.0,648599.999999632,1,1,0,1.0,0.0,6486.0,1,1,1,1,1
1861,6096649,486.0,48599.99999997243,1,1,0,1.0,0.0,486.0,1,1,1,1,1
1862,6096651,780.0,77999.99999995575,1,1,0,1.0,0.0,780.0,1,1,1,1,1
1863,6096655,2077.0,207699.99999988216,1,1,0,1.0,0.0,2077.0,1,1,1,1,1
1864,6096657,1489.0,148899.99999991554,1,1,0,1.0,0.0,1489.0,1,1,1,1,1
1865,6096659,6192.0,619199.9999996488,1,1,0,1.0,0.0,6192.0,1,1,1,1,1
1866,6097145,88.0,8799.999999995009,1,1,0,1.0,0.0,88.0,1,1,1,1,1
1867,6097147,288.0,28799.999999983662,1,1,0,1.0,0.0,288.0,1,1,1,1,1
1868,6097149,132.0,13199.999999992511,1,1,0,1.0,0.0,132.0,1,1,1,1,1
1869,6097155,166.0,16599.99999999058,1,1,0,1.0,0.0,166.0,1,1,1,1,1
1870,6097159,81.0,8099.999999995405,1,1,0,1.0,0.0,81.0,1,1,1,1,1
1871,6097163,88.0,8799.999999995009,1,1,0,1.0,0.0,88.0,1,1,1,1,1
1872,6097165,60.0,5999.999999996597,1,1,0,1.0,0.0,60.0,1,1,1,1,1
1873,6097167,171.0,17099.999999990298,1,1,0,1.0,0.0,171.0,1,1,1,1,1
1874,6097175,29.0,2899.9999999983547,1,1,0,1.0,0.0,29.0,1,1,1,1,1
1875,6097177,2135.0,213499.99999987887,1,1,0,1.0,0.0,2135.0,1,1,1,1,1
1876,6097185,124.0,12399.999999992966,1,1,0,1.0,0.0,124.0,1,1,1,1,1
1877,6097187,609.0,60899.999999965454,1,1,0,1.0,0.0,609.0,1,1,1,1,1
1878,6097191,512.0,51199.999999970954,1,1,0,1.0,0.0,512.0,1,1,1,1,1
1879,6097193,122.0,12199.999999993079,1,1,0,1.0,0.0,122.0,1,1,1,1,1
1880,6097195,544.0,54399.999999969135,1,1,0,1.0,0.0,544.0,1,1,1,1,1
1881,6097207,534.0,53399.9999999697,1,1,0,1.0,0.0,534.0,1,1,1,1,1
1882,6097211,25.0,2499.9999999985816,1,1,0,1.0,0.0,25.0,1,1,1,1,1
1883,6097213,25.0,2499.9999999985816,1,1,0,1.0,0.0,25.0,1,1,1,1,1
1884,6097235,277.0,27699.999999984288,1,1,0,1.0,0.0,277.0,1,1,1,1,1
1885,6097247,1.0,99.99999999994327,1,1,0,1.0,0.0,1.0,1,1,1,1,1
1886,6097249,222.0,22199.999999987405,1,1,0,1.0,0.0,222.0,1,1,1,1,1
1887,6097255,357.0,35699.99999997975,1,1,0,1.0,0.0,357.0,1,1,1,1,1
1888,6097257,111.0,11099.999999993703,1,1,0,1.0,0.0,111.0,1,1,1,1,1
1889,6097261,1232.0,123199.9999999301,1,1,0,1.0,0.0,1232.0,1,1,1,1,1
1890,6097263,426.0,42599.99999997584,1,1,0,1.0,0.0,426.0,1,1,1,1,1
1891,6097265,107.0,10699.99999999393,1,1,0,1.0,0.0,107.0,1,1,1,1,1
1892,6097269,362.0,36199.99999997947,1,1,0,1.0,0.0,362.0,1,1,1,1,1
1893,6097271,156.0,15599.99999999115,1,1,0,1.0,0.0,156.0,1,1,1,1,1
1894,6097291,275.0,27499.9999999844,1,1,0,1.0,0.0,275.0,1,1,1,1,1
1895,6097295,5727.0,572699.9999996751,1,1,0,1.0,0.0,5727.0,1,1,1,1,1
1896,6097297,9.0,899.9999999994894,1,1,0,1.0,0.0,9.0,1,1,1,1,1
1897,6097299,5824.0,582399.9999996696,1,1,0,1.0,0.0,5824.0,1,1,1,1,1
1898,6097303,310.0,30999.999999982414,1,1,0,1.0,0.0,310.0,1,1,1,1,1
1899,6097309,1502.0,150199.99999991478,1,1,0,1.0,0.0,1502.0,1,1,1,1,1
1900,6097319,8133.0,813299.9999995386,1,1,0,1.0,0.0,8133.0,1,1,1,1,1
1901,6097321,1493.0,149299.9999999153,1,1,0,1.0,0.0,1493.0,1,1,1,1,1
1902,6097323,1055.0,105499.99999994015,1,1,0,1.0,0.0,1055.0,1,1,1,1,1
1903,6097325,2756.0,275599.99999984365,1,1,0,1.0,0.0,2756.0,1,1,1,1,1
1904,6097327,17520.0,1751999.999999006,1,1,0,1.0,0.0,17520.0,1,1,1,1,1
1905,6097329,6980.0,697999.9999996041,1,1,0,1.0,0.0,6980.0,1,1,1,1,1
1906,6097331,19404.0,1940399.9999988992,1,1,0,1.0,0.0,19404.0,1,1,1,1,1
1907,6097335,2215.0,221499.99999987433,1,1,0,1.0,0.0,2215.0,1,1,1,1,1
1908,6097337,2594.0,259399.99999985285,1,1,0,1.0,0.0,2594.0,1,1,1,1,1
1909,6097339,7558.0,755799.9999995712,1,1,0,1.0,0.0,7558.0,1,1,1,1,1
1910,6097341,246.0,24599.999999986045,1,1,0,1.0,0.0,246.0,1,1,1,1,1
1911,6097343,3828.0,382799.9999997828,1,1,0,1.0,0.0,3828.0,1,1,1,1,1
1912,6097345,636.0,63599.99999996392,1,1,0,1.0,0.0,636.0,1,1,1,1,1
1913,6097347,10625.0,1062499.9999993972,1,1,0,1.0,0.0,10625.0,1,1,1,1,1
1914,6097349,1280.0,127999.99999992739,1,1,0,1.0,0.0,1280.0,1,1,1,1,1
1915,6097365,58.0,5799.999999996709,1,1,0,1.0,0.0,58.0,1,1,1,1,1
1916,6097387,31.0,3099.9999999982415,1,1,0,1.0,0.0,31.0,1,1,1,1,1
1917,6097389,1392.0,139199.99999992104,1,1,0,1.0,0.0,1392.0,1,1,1,1,1
1918,6097391,90.0,8999.999999994894,1,1,0,1.0,0.0,90.0,1,1,1,1,1
1919,6097393,358.0,35799.99999997969,1,1,0,1.0,0.0,358.0,1,1,1,1,1
1920,6097399,144.0,14399.999999991831,1,1,0,1.0,0.0,144.0,1,1,1,1,1
1921,6097401,883.0,88299.99999994991,1,1,0,1.0,0.0,883.0,1,1,1,1,1
1922,6097405,13.0,1299.9999999992624,1,1,0,1.0,0.0,13.0,1,1,1,1,1
1923,6097407,154.0,15399.999999991263,1,1,0,1.0,0.0,154.0,1,1,1,1,1
1924,6097411,16047.0,1604699.9999990896,1,1,0,1.0,0.0,16047.0,1,1,1,1,1
1925,6097413,121.0,12099.999999993135,1,1,0,1.0,0.0,121.0,1,1,1,1,1
1926,6097415,1086.0,108599.99999993839,1,1,0,1.0,0.0,1086.0,1,1,1,1,1
1927,6097427,2489.0,248899.9999998588,1,1,0,1.0,0.0,2489.0,1,1,1,1,1
1928,6097431,1706.0,170599.99999990323,1,1,0,1.0,0.0,1706.0,1,1,1,1,1
1929,6097435,9579.0,957899.9999994566,1,1,0,1.0,0.0,9579.0,1,1,1,1,1
1930,6097437,365.0,36499.99999997929,1,1,0,1.0,0.0,365.0,1,1,1,1,1
1931,6097459,1458.0,145799.9999999173,1,1,0,1.0,0.0,1458.0,1,1,1,1,1
1932,6097465,508.0,50799.99999997118,1,1,0,1.0,0.0,508.0,1,1,1,1,1
1933,6097467,62.0,6199.999999996483,1,1,0,1.0,0.0,62.0,1,1,1,1,1
1934,6097473,36.0,3599.9999999979577,1,1,0,1.0,0.0,36.0,1,1,1,1,1
1935,6097475,1101.0,110099.99999993754,1,1,0,1.0,0.0,1101.0,1,1,1,1,1
1936,6097479,828.0,82799.99999995303,1,1,0,1.0,0.0,828.0,1,1,1,1,1
1937,6097485,4827.0,482699.9999997262,1,1,0,1.0,0.0,4827.0,1,1,1,1,1
1938,6097489,24.0,2399.9999999986385,1,1,0,1.0,0.0,24.0,1,1,1,1,1
1939,6097491,3989.0,398899.9999997737,1,1,0,1.0,0.0,3989.0,1,1,1,1,1
1940,6097493,143.0,14299.999999991887,1,1,0,1.0,0.0,143.0,1,1,1,1,1
1941,6097495,936.0,93599.9999999469,1,1,0,1.0,0.0,936.0,1,1,1,1,1
1942,6097497,25.0,2499.9999999985816,1,1,0,1.0,0.0,25.0,1,1,1,1,1
1943,6097513,3844.0,384399.99999978195,1,1,0,1.0,0.0,3844.0,1,1,1,1,1
1944,6097515,5227.0,522699.9999997035,1,1,0,1.0,0.0,5227.0,1,1,1,1,1
1945,6097537,15.0,1499.9999999991492,1,1,0,1.0,0.0,15.0,1,1,1,1,1
1946,6097543,327.0,32699.99999998145,1,1,0,1.0,0.0,327.0,1,1,1,1,1
1947,6097545,9.0,899.9999999994894,1,1,0,1.0,0.0,9.0,1,1,1,1,1
1948,6097547,59.0,5899.999999996653,1,1,0,1.0,0.0,59.0,1,1,1,1,1
1949,6097549,16195.0,1619499.9999990813,1,1,0,1.0,0.0,16195.0,1,1,1,1,1
1950,6097551,35.0,3499.9999999980146,1,1,0,1.0,0.0,35.0,1,1,1,1,1
1951,6097553,336.0,33599.99999998094,1,1,0,1.0,0.0,336.0,1,1,1,1,1
1952,6097569,25.0,2499.9999999985816,1,1,0,1.0,0.0,25.0,1,1,1,1,1
1953,6097573,707.0,70699.9999999599,1,1,0,1.0,0.0,707.0,1,1,1,1,1
1954,6097577,2495.0,249499.99999985847,1,1,0,1.0,0.0,2495.0,1,1,1,1,1
1955,6097579,167.0,16699.999999990527,1,1,0,1.0,0.0,167.0,1,1,1,1,1
1956,6097581,62.0,6199.999999996483,1,1,0,1.0,0.0,62.0,1,1,1,1,1
1957,6097583,17551.0,1755099.9999990044,1,1,0,1.0,0.0,17551.0,1,1,1,1,1
1958,6097591,1.0,99.99999999994327,1,1,0,1.0,0.0,1.0,1,1,1,1,1
1959,6097593,862.0,86199.9999999511,1,1,0,1.0,0.0,862.0,1,1,1,1,1
1960,6097595,994.0,99399.99999994361,1,1,0,1.0,0.0,994.0,1,1,1,1,1
1961,6097597,216.0,21599.999999987747,1,1,0,1.0,0.0,216.0,1,1,1,1,1
1962,6097599,17.0,1699.9999999990355,1,1,0,1.0,0.0,17.0,1,1,1,1,1
1963,6097601,5940.0,593999.999999663,1,1,0,1.0,0.0,5940.0,1,1,1,1,1
1964,6097603,367.0,36699.99999997918,1,1,0,1.0,0.0,367.0,1,1,1,1,1
1965,6097607,169.0,16899.999999990414,1,1,0,1.0,0.0,169.0,1,1,1,1,1
1966,6097617,1264.0,126399.99999992829,1,1,0,1.0,0.0,1264.0,1,1,1,1,1
1967,6097619,171.0,17099.999999990298,1,1,0,1.0,0.0,171.0,1,1,1,1,1
1968,6097639,461.0,46099.99999997385,1,1,0,1.0,0.0,461.0,1,1,1,1,1
1969,6097643,72.0,7199.9999999959155,1,1,0,1.0,0.0,72.0,1,1,1,1,1
1970,6097659,1676.0,167599.99999990492,1,1,0,1.0,0.0,1676.0,1,1,1,1,1
1971,6097667,9.0,899.9999999994894,1,1,0,1.0,0.0,9.0,1,1,1,1,1
1972,6097669,11.0,1099.999999999376,1,1,0,1.0,0.0,11.0,1,1,1,1,1
1973,6098697,108.0,10799.999999993874,1,1,0,1.0,0.0,108.0,1,1,1,1,1
1974,6098715,279.0,27899.99999998417,1,1,0,1.0,0.0,279.0,1,1,1,1,1
1975,6098743,49.0,4899.999999997221,1,1,0,1.0,0.0,49.0,1,1,1,1,1
1976,6098761,25.0,2499.9999999985816,1,1,0,1.0,0.0,25.0,1,1,1,1,1
1977,6098805,622.0,62199.99999996471,1,1,0,1.0,0.0,622.0,1,1,1,1,1
1978,6098807,288.0,28799.999999983662,1,1,0,1.0,0.0,288.0,1,1,1,1,1
1979,6098821,180.0,17999.99999998979,1,1,0,1.0,0.0,180.0,1,1,1,1,1
1980,6101885,506.0,50599.999999971296,1,1,0,1.0,0.0,506.0,1,1,1,1,1
1981,6105407,53.0,5299.999999996993,1,1,0,1.0,0.0,53.0,1,1,1,1,1
1982,6105409,1928.0,192799.99999989063,1,1,0,1.0,0.0,1928.0,1,1,1,1,1
1983,6105411,793.0,79299.99999995502,1,1,0,1.0,0.0,793.0,1,1,1,1,1
1984,6105419,103.0,10299.999999994157,1,1,0,1.0,0.0,103.0,1,1,1,1,1
1985,6105421,1215.0,121499.99999993107,1,1,0,1.0,0.0,1215.0,1,1,1,1,1
1986,6105423,615.0,61499.99999996511,1,1,0,1.0,0.0,615.0,1,1,1,1,1
1987,6105435,7.0,699.9999999996029,1,1,0,1.0,0.0,7.0,1,1,1,1,1
1988,6105437,320.0,31999.999999981846,1,1,0,1.0,0.0,320.0,1,1,1,1,1
1989,6105441,41.0,4099.999999997674,1,1,0,1.0,0.0,41.0,1,1,1,1,1
1990,6105443,547.0,54699.99999996897,1,1,0,1.0,0.0,547.0,1,1,1,1,1
1991,6105445,256.0,25599.999999985477,1,1,0,1.0,0.0,256.0,1,1,1,1,1
1992,6105447,45.0,4499.999999997447,1,1,0,1.0,0.0,45.0,1,1,1,1,1
1993,6105449,107.0,10699.99999999393,1,1,0,1.0,0.0,107.0,1,1,1,1,1
1994,6105951,231.0,23099.999999986896,1,1,0,1.0,0.0,231.0,1,1,1,1,1
1995,6105967,579.0,57899.999999967156,1,1,0,1.0,0.0,579.0,1,1,1,1,1
1996,6106949,1011.0,101099.99999994265,1,1,0,1.0,0.0,1011.0,1,1,1,1,1
1997,6106951,296.0,29599.999999983207,1,1,0,1.0,0.0,296.0,1,1,1,1,1
1998,6106955,2.0,199.99999999988654,1,1,0,1.0,0.0,2.0,1,1,1,1,1
1999,6106957,18.0,1799.9999999989789,1,1,0,1.0,0.0,18.0,1,1,1,1,1
2000,6106977,68.0,6799.999999996142,1,1,0,1.0,0.0,68.0,1,1,1,1,1
2001,6106979,3180.0,317999.9999998196,1,1,0,1.0,0.0,3180.0,1,1,1,1,1
2002,6106985,474.0,47399.99999997311,1,1,0,1.0,0.0,474.0,1,1,1,1,1
2003,6106989,267.0,26699.99999998485,1,1,0,1.0,0.0,267.0,1,1,1,1,1
2004,6106991,46.0,4599.999999997391,1,1,0,1.0,0.0,46.0,1,1,1,1,1
2005,6106997,738.0,73799.99999995813,1,1,0,1.0,0.0,738.0,1,1,1,1,1
2006,6107007,484.0,48399.99999997254,1,1,0,1.0,0.0,484.0,1,1,1,1,1
2007,6107009,38.0,3799.9999999978445,1,1,0,1.0,0.0,38.0,1,1,1,1,1
2008,6107029,620.0,61999.99999996483,1,1,0,1.0,0.0,620.0,1,1,1,1,1
2009,6107031,78.0,7799.999999995575,1,1,0,1.0,0.0,78.0,1,1,1,1,1
2010,6107035,258.0,25799.999999985364,1,1,0,1.0,0.0,258.0,1,1,1,1,1
2011,6107037,297.0,29699.999999983153,1,1,0,1.0,0.0,297.0,1,1,1,1,1
2012,6107039,1297.0,129699.99999992643,1,1,0,1.0,0.0,1297.0,1,1,1,1,1
2013,6107041,181.0,18099.999999989734,1,1,0,1.0,0.0,181.0,1,1,1,1,1
2014,6107047,340.0,33999.99999998071,1,1,0,1.0,0.0,340.0,1,1,1,1,1
2015,6107049,11.0,1099.999999999376,1,1,0,1.0,0.0,11.0,1,1,1,1,1
2016,6107059,459.0,45899.99999997396,1,1,0,1.0,0.0,459.0,1,1,1,1,1
2017,6107063,155.0,15499.999999991207,1,1,0,1.0,0.0,155.0,1,1,1,1,1
2018,6107065,28.0,2799.9999999984116,1,1,0,1.0,0.0,28.0,1,1,1,1,1
2019,6107075,64.0,6399.999999996369,1,1,0,1.0,0.0,64.0,1,1,1,1,1
2020,6107083,452.0,45199.99999997436,1,1,0,1.0,0.0,452.0,1,1,1,1,1
2021,6107089,131.0,13099.999999992568,1,1,0,1.0,0.0,131.0,1,1,1,1,1
2022,6107139,382.0,38199.99999997833,1,1,0,1.0,0.0,382.0,1,1,1,1,1
2023,6107145,2155.0,215499.99999987773,1,1,0,1.0,0.0,2155.0,1,1,1,1,1
2024,6107147,867.0,86699.99999995081,1,1,0,1.0,0.0,867.0,1,1,1,1,1
2025,6107153,2232.0,223199.99999987337,1,1,0,1.0,0.0,2232.0,1,1,1,1,1
2026,6107161,9.0,899.9999999994894,1,1,0,1.0,0.0,9.0,1,1,1,1,1
2027,6107185,36.0,3599.9999999979577,1,1,0,1.0,0.0,36.0,1,1,1,1,1
2028,6107199,128.0,12799.999999992739,1,1,0,1.0,0.0,128.0,1,1,1,1,1
2029,6107203,1.0,99.99999999994327,1,1,0,1.0,0.0,1.0,1,1,1,1,1
2030,6107207,38.0,3799.9999999978445,1,1,0,1.0,0.0,38.0,1,1,1,1,1
2031,6109047,272.0,27199.999999984568,1,1,0,1.0,0.0,272.0,1,1,1,1,1
2032,6109053,334.0,33399.99999998105,1,1,0,1.0,0.0,334.0,1,1,1,1,1
2033,6109055,256.0,25599.999999985477,1,1,0,1.0,0.0,256.0,1,1,1,1,1
2034,6109059,499.0,49899.99999997169,1,1,0,1.0,0.0,499.0,1,1,1,1,1
2035,6109063,1037.0,103699.99999994117,1,1,0,1.0,0.0,1037.0,1,1,1,1,1
2036,6109065,5.0,499.99999999971635,1,1,0,1.0,0.0,5.0,1,1,1,1,1
2037,6109067,460.0,45999.9999999739,1,1,0,1.0,0.0,460.0,1,1,1,1,1
2038,6109069,306.0,30599.99999998264,1,1,0,1.0,0.0,306.0,1,1,1,1,1
2039,6109071,8691.0,869099.999999507,1,1,0,1.0,0.0,8691.0,1,1,1,1,1
2040,6109073,1134.0,113399.99999993567,1,1,0,1.0,0.0,1134.0,1,1,1,1,1
2041,6109075,6068.0,606799.9999996558,1,1,0,1.0,0.0,6068.0,1,1,1,1,1
2042,6109077,95.0,9499.99999999461,1,1,0,1.0,0.0,95.0,1,1,1,1,1
2043,6109079,130.0,12999.999999992626,1,1,0,1.0,0.0,130.0,1,1,1,1,1
2044,6109081,992.0,99199.99999994373,1,1,0,1.0,0.0,992.0,1,1,1,1,1
2045,6109083,4186.0,418599.9999997625,1,1,0,1.0,0.0,4186.0,1,1,1,1,1
2046,6109085,957.0,95699.9999999457,1,1,0,1.0,0.0,957.0,1,1,1,1,1
2047,6109087,3778.0,377799.9999997857,1,1,0,1.0,0.0,3778.0,1,1,1,1,1
2048,6109089,2204.0,220399.99999987497,1,1,0,1.0,0.0,2204.0,1,1,1,1,1
2049,6109095,2187.0,218699.99999987593,1,1,0,1.0,0.0,2187.0,1,1,1,1,1
2050,6109097,134.0,13399.999999992398,1,1,0,1.0,0.0,134.0,1,1,1,1,1
2051,6109099,1337.0,133699.99999992416,1,1,0,1.0,0.0,1337.0,1,1,1,1,1
2052,6109101,89.0,8899.99999999495,1,1,0,1.0,0.0,89.0,1,1,1,1,1
2053,6109105,586.0,58599.999999966756,1,1,0,1.0,0.0,586.0,1,1,1,1,1
2054,6109107,697.0,69699.99999996046,1,1,0,1.0,0.0,697.0,1,1,1,1,1
2055,6109109,2892.0,289199.9999998359,1,1,0,1.0,0.0,2892.0,1,1,1,1,1
2056,6109111,871.0,87099.99999995058,1,1,0,1.0,0.0,871.0,1,1,1,1,1
2057,6109113,1168.0,116799.99999993375,1,1,0,1.0,0.0,1168.0,1,1,1,1,1
2058,6109117,37.0,3699.999999997901,1,1,0,1.0,0.0,37.0,1,1,1,1,1
2059,6109121,3495.0,349499.99999980174,1,1,0,1.0,0.0,3495.0,1,1,1,1,1
2060,6109125,467.0,46699.99999997351,1,1,0,1.0,0.0,467.0,1,1,1,1,1
2061,6109129,91.0,9099.999999994838,1,1,0,1.0,0.0,91.0,1,1,1,1,1
2062,6109131,10502.0,1050199.9999994042,1,1,0,1.0,0.0,10502.0,1,1,1,1,1
2063,6109133,21.0,2099.9999999988086,1,1,0,1.0,0.0,21.0,1,1,1,1,1
2064,6109135,1254.0,125399.99999992886,1,1,0,1.0,0.0,1254.0,1,1,1,1,1
2065,6109137,178.0,17799.9999999899,1,1,0,1.0,0.0,178.0,1,1,1,1,1
2066,6109139,40.0,3999.999999997731,1,1,0,1.0,0.0,40.0,1,1,1,1,1
2067,6109141,10.0,999.9999999994327,1,1,0,1.0,0.0,10.0,1,1,1,1,1
2068,6109145,10657.0,1065699.9999993953,1,1,0,1.0,0.0,10657.0,1,1,1,1,1
2069,6109147,458.0,45799.99999997402,1,1,0,1.0,0.0,458.0,1,1,1,1,1
2070,6109149,470.0,46999.99999997333,1,1,0,1.0,0.0,470.0,1,1,1,1,1
2071,6109153,115.0,11499.999999993475,1,1,0,1.0,0.0,115.0,1,1,1,1,1
2072,6109159,14720.0,1471999.9999991648,1,1,0,1.0,0.0,14720.0,1,1,1,1,1
2073,6109163,317.0,31699.999999982017,1,1,0,1.0,0.0,317.0,1,1,1,1,1
2074,6109165,345.0,34499.99999998043,1,1,0,1.0,0.0,345.0,1,1,1,1,1
2075,6109167,13.0,1299.9999999992624,1,1,0,1.0,0.0,13.0,1,1,1,1,1
2076,6109169,754.0,75399.99999995723,1,1,0,1.0,0.0,754.0,1,1,1,1,1
2077,6109171,15639.0,1563899.999999113,1,1,0,1.0,0.0,15639.0,1,1,1,1,1
2078,6109179,256.0,25599.999999985477,1,1,0,1.0,0.0,256.0,1,1,1,1,1
2079,6109181,474.0,47399.99999997311,1,1,0,1.0,0.0,474.0,1,1,1,1,1
2080,6109183,5078.0,507799.99999971193,1,1,0,1.0,0.0,5078.0,1,1,1,1,1
2081,6109185,123.0,12299.999999993022,1,1,0,1.0,0.0,123.0,1,1,1,1,1
2082,6109189,7939.0,793899.9999995496,1,1,0,1.0,0.0,7939.0,1,1,1,1,1
2083,6109191,42.0,4199.999999997617,1,1,0,1.0,0.0,42.0,1,1,1,1,1
2084,6109195,472.0,47199.999999973224,1,1,0,1.0,0.0,472.0,1,1,1,1,1
2085,6109197,353.0,35299.99999997998,1,1,0,1.0,0.0,353.0,1,1,1,1,1
2086,6109199,293.0,29299.999999983378,1,1,0,1.0,0.0,293.0,1,1,1,1,1
2087,6109201,11199.0,1119899.9999993646,1,1,0,1.0,0.0,11199.0,1,1,1,1,1
2088,6109205,29.0,2899.9999999983547,1,1,0,1.0,0.0,29.0,1,1,1,1,1
2089,6109207,111.0,11099.999999993703,1,1,0,1.0,0.0,111.0,1,1,1,1,1
2090,6109217,861.0,86099.99999995115,1,1,0,1.0,0.0,861.0,1,1,1,1,1
2091,6109219,1185.0,118499.99999993277,1,1,0,1.0,0.0,1185.0,1,1,1,1,1
2092,6109221,799.0,79899.99999995467,1,1,0,1.0,0.0,799.0,1,1,1,1,1
2093,6109223,433.0,43299.99999997544,1,1,0,1.0,0.0,433.0,1,1,1,1,1
2094,6109225,121.0,12099.999999993135,1,1,0,1.0,0.0,121.0,1,1,1,1,1
2095,6109229,1.0,99.99999999994327,1,1,0,1.0,0.0,1.0,1,1,1,1,1
2096,6109231,394.0,39399.99999997765,1,1,0,1.0,0.0,394.0,1,1,1,1,1
2097,6109235,2951.0,295099.9999998326,1,1,0,1.0,0.0,2951.0,1,1,1,1,1
2098,6109237,90.0,8999.999999994894,1,1,0,1.0,0.0,90.0,1,1,1,1,1
2099,6109239,6425.0,642499.9999996355,1,1,0,1.0,0.0,6425.0,1,1,1,1,1
2100,6109243,483.0,48299.9999999726,1,1,0,1.0,0.0,483.0,1,1,1,1,1
2101,6109245,2146.0,214599.99999987826,1,1,0,1.0,0.0,2146.0,1,1,1,1,1
2102,6109247,2251.0,225099.9999998723,1,1,0,1.0,0.0,2251.0,1,1,1,1,1
2103,6109249,7686.0,768599.999999564,1,1,0,1.0,0.0,7686.0,1,1,1,1,1
2104,6109251,608.0,60799.99999996551,1,1,0,1.0,0.0,608.0,1,1,1,1,1
2105,6109255,3597.0,359699.9999997959,1,1,0,1.0,0.0,3597.0,1,1,1,1,1
2106,6109259,4790.0,478999.9999997283,1,1,0,1.0,0.0,4790.0,1,1,1,1,1
2107,6109261,177.0,17699.99999998996,1,1,0,1.0,0.0,177.0,1,1,1,1,1
2108,6109263,2951.0,295099.9999998326,1,1,0,1.0,0.0,2951.0,1,1,1,1,1
2109,6109265,1436.0,143599.99999991854,1,1,0,1.0,0.0,1436.0,1,1,1,1,1
2110,6109271,885.0,88499.9999999498,1,1,0,1.0,0.0,885.0,1,1,1,1,1
2111,6109275,1272.0,127199.99999992784,1,1,0,1.0,0.0,1272.0,1,1,1,1,1
2112,6109277,9406.0,940599.9999994664,1,1,0,1.0,0.0,9406.0,1,1,1,1,1
2113,6109279,532.0,53199.99999996982,1,1,0,1.0,0.0,532.0,1,1,1,1,1
2114,6109281,8001.0,800099.9999995461,1,1,0,1.0,0.0,8001.0,1,1,1,1,1
2115,6109283,3047.0,304699.9999998271,1,1,0,1.0,0.0,3047.0,1,1,1,1,1
2116,6109287,7454.0,745399.9999995772,1,1,0,1.0,0.0,7454.0,1,1,1,1,1
2117,6109289,8133.0,813299.9999995386,1,1,0,1.0,0.0,8133.0,1,1,1,1,1
2118,6109291,9236.0,923599.999999476,1,1,0,1.0,0.0,9236.0,1,1,1,1,1
2119,6109293,593.0,59299.999999966356,1,1,0,1.0,0.0,593.0,1,1,1,1,1
2120,6109295,5922.0,592199.999999664,1,1,0,1.0,0.0,5922.0,1,1,1,1,1
2121,6109299,2202.0,220199.9999998751,1,1,0,1.0,0.0,2202.0,1,1,1,1,1
2122,6109303,4797.0,479699.9999997279,1,1,0,1.0,0.0,4797.0,1,1,1,1,1
2123,6109305,24709.0,2470899.9999985984,1,1,0,1.0,0.0,24709.0,1,1,1,1,1
2124,6109437,556.0,55599.99999996846,1,1,0,1.0,0.0,556.0,1,1,1,1,1
2125,6109439,1241.0,124099.9999999296,1,1,0,1.0,0.0,1241.0,1,1,1,1,1
2126,6109441,1343.0,134299.9999999238,1,1,0,1.0,0.0,1343.0,1,1,1,1,1
2127,6109449,30965.0,3096499.9999982435,1,1,0,1.0,0.0,30965.0,1,1,1,1,1
2128,6109451,123.0,12299.999999993022,1,1,0,1.0,0.0,123.0,1,1,1,1,1
2129,6109455,4138.0,413799.99999976525,1,1,0,1.0,0.0,4138.0,1,1,1,1,1
2130,6109457,3304.0,330399.9999998126,1,1,0,1.0,0.0,3304.0,1,1,1,1,1
2131,6109459,5533.0,553299.9999996861,1,1,0,1.0,0.0,5533.0,1,1,1,1,1
2132,6109463,392.0,39199.999999977765,1,1,0,1.0,0.0,392.0,1,1,1,1,1
2133,6109465,882.0,88199.99999994997,1,1,0,1.0,0.0,882.0,1,1,1,1,1
2134,6109467,175.0,17499.999999990072,1,1,0,1.0,0.0,175.0,1,1,1,1,1
2135,6109469,7882.0,788199.9999995528,1,1,0,1.0,0.0,7882.0,1,1,1,1,1
2136,6109471,2815.0,281499.9999998403,1,1,0,1.0,0.0,2815.0,1,1,1,1,1
2137,6109473,5612.0,561199.9999996816,1,1,0,1.0,0.0,5612.0,1,1,1,1,1
2138,6109475,2248.0,224799.99999987247,1,1,0,1.0,0.0,2248.0,1,1,1,1,1
2139,6109479,28182.0,2818199.9999984014,1,1,0,1.0,0.0,28182.0,1,1,1,1,1
2140,6109487,55.0,5499.9999999968795,1,1,0,1.0,0.0,55.0,1,1,1,1,1
2141,6109501,56.0,5599.999999996823,1,1,0,1.0,0.0,56.0,1,1,1,1,1
2142,6109503,9.0,899.9999999994894,1,1,0,1.0,0.0,9.0,1,1,1,1,1
2143,6109505,15835.0,1583499.9999991017,1,1,0,1.0,0.0,15835.0,1,1,1,1,1
2144,6109507,136.0,13599.999999992284,1,1,0,1.0,0.0,136.0,1,1,1,1,1
2145,6109509,25100.0,2509999.999998576,1,1,0,1.0,0.0,25100.0,1,1,1,1,1
2146,6109511,2565.0,256499.99999985448,1,1,0,1.0,0.0,2565.0,1,1,1,1,1
2147,6109515,203.0,20299.999999988482,1,1,0,1.0,0.0,203.0,1,1,1,1,1
2148,6109517,1056.0,105599.99999994009,1,1,0,1.0,0.0,1056.0,1,1,1,1,1
2149,6109519,866.0,86599.99999995087,1,1,0,1.0,0.0,866.0,1,1,1,1,1
2150,6109527,436.0,43599.99999997527,1,1,0,1.0,0.0,436.0,1,1,1,1,1
2151,6109531,19656.0,1965599.999998885,1,1,0,1.0,0.0,19656.0,1,1,1,1,1
2152,6109535,20.0,1999.9999999988654,1,1,0,1.0,0.0,20.0,1,1,1,1,1
2153,6109537,21685.0,2168499.9999987697,1,1,0,1.0,0.0,21685.0,1,1,1,1,1
2154,6109539,4293.0,429299.99999975646,1,1,0,1.0,0.0,4293.0,1,1,1,1,1
2155,6109543,59.0,5899.999999996653,1,1,0,1.0,0.0,59.0,1,1,1,1,1
2156,6109547,354.0,35399.99999997992,1,1,0,1.0,0.0,354.0,1,1,1,1,1
2157,6109549,5312.0,531199.9999996986,1,1,0,1.0,0.0,5312.0,1,1,1,1,1
2158,6109551,349.0,34899.9999999802,1,1,0,1.0,0.0,349.0,1,1,1,1,1
2159,6109553,14386.0,1438599.999999184,1,1,0,1.0,0.0,14386.0,1,1,1,1,1
2160,6109555,261.0,26099.999999985193,1,1,0,1.0,0.0,261.0,1,1,1,1,1
2161,6109557,11.0,1099.999999999376,1,1,0,1.0,0.0,11.0,1,1,1,1,1
2162,6109559,755.0,75499.99999995717,1,1,0,1.0,0.0,755.0,1,1,1,1,1
2163,6109563,493.0,49299.99999997203,1,1,0,1.0,0.0,493.0,1,1,1,1,1
2164,6109565,258.0,25799.999999985364,1,1,0,1.0,0.0,258.0,1,1,1,1,1
2165,6109567,79.0,7899.999999995518,1,1,0,1.0,0.0,79.0,1,1,1,1,1
2166,6109571,75.0,7499.999999995745,1,1,0,1.0,0.0,75.0,1,1,1,1,1
2167,6109573,699.0,69899.99999996035,1,1,0,1.0,0.0,699.0,1,1,1,1,1
2168,6109577,97.0,9699.999999994498,1,1,0,1.0,0.0,97.0,1,1,1,1,1
2169,6109581,13173.0,1317299.9999992526,1,1,0,1.0,0.0,13173.0,1,1,1,1,1
2170,6109583,575.0,57499.99999996738,1,1,0,1.0,0.0,575.0,1,1,1,1,1
2171,6109585,227.0,22699.99999998712,1,1,0,1.0,0.0,227.0,1,1,1,1,1
2172,6109589,113.0,11299.99999999359,1,1,0,1.0,0.0,113.0,1,1,1,1,1
2173,6109591,124.0,12399.999999992966,1,1,0,1.0,0.0,124.0,1,1,1,1,1
2174,6109595,645.0,64499.99999996341,1,1,0,1.0,0.0,645.0,1,1,1,1,1
2175,6109597,100.0,9999.999999994327,1,1,0,1.0,0.0,100.0,1,1,1,1,1
2176,6109599,195.0,19499.999999988937,1,1,0,1.0,0.0,195.0,1,1,1,1,1
2177,6109601,211.0,21099.99999998803,1,1,0,1.0,0.0,211.0,1,1,1,1,1
2178,6109603,594.0,59399.999999966305,1,1,0,1.0,0.0,594.0,1,1,1,1,1
2179,6109609,708.0,70799.99999995984,1,1,0,1.0,0.0,708.0,1,1,1,1,1
2180,6109611,81.0,8099.999999995405,1,1,0,1.0,0.0,81.0,1,1,1,1,1
2181,6109613,371.0,37099.99999997895,1,1,0,1.0,0.0,371.0,1,1,1,1,1
2182,6109615,65.0,6499.999999996313,1,1,0,1.0,0.0,65.0,1,1,1,1,1
2183,6109617,42.0,4199.999999997617,1,1,0,1.0,0.0,42.0,1,1,1,1,1
2184,6109619,718.0,71799.99999995927,1,1,0,1.0,0.0,718.0,1,1,1,1,1
2185,6109623,12.0,1199.9999999993192,1,1,0,1.0,0.0,12.0,1,1,1,1,1
2186,6109625,1415.0,141499.99999991973,1,1,0,1.0,0.0,1415.0,1,1,1,1,1
2187,6109627,409.0,40899.9999999768,1,1,0,1.0,0.0,409.0,1,1,1,1,1
2188,6109629,225.0,22499.999999987234,1,1,0,1.0,0.0,225.0,1,1,1,1,1
2189,6109631,1054.0,105399.9999999402,1,1,0,1.0,0.0,1054.0,1,1,1,1,1
2190,6109635,262.0,26199.999999985135,1,1,0,1.0,0.0,262.0,1,1,1,1,1
2191,6109641,22208.0,2220799.99999874,1,1,0,1.0,0.0,22208.0,1,1,1,1,1
2192,6109643,2849.0,284899.99999983836,1,1,0,1.0,0.0,2849.0,1,1,1,1,1
2193,6109647,10516.0,1051599.9999994035,1,1,0,1.0,0.0,10516.0,1,1,1,1,1
2194,6109649,22741.0,2274099.99999871,1,1,0,1.0,0.0,22741.0,1,1,1,1,1
2195,6109653,284.0,28399.999999983887,1,1,0,1.0,0.0,284.0,1,1,1,1,1
2196,6109655,26.0,2599.999999998525,1,1,0,1.0,0.0,26.0,1,1,1,1,1
2197,6109657,69.0,6899.9999999960855,1,1,0,1.0,0.0,69.0,1,1,1,1,1
2198,6109659,423.0,42299.999999976004,1,1,0,1.0,0.0,423.0,1,1,1,1,1
2199,6109661,642.0,64199.99999996358,1,1,0,1.0,0.0,642.0,1,1,1,1,1
2200,6109663,635.0,63499.99999996398,1,1,0,1.0,0.0,635.0,1,1,1,1,1
2201,6109669,924.0,92399.99999994758,1,1,0,1.0,0.0,924.0,1,1,1,1,1
2202,6109673,42.0,4199.999999997617,1,1,0,1.0,0.0,42.0,1,1,1,1,1
2203,6109681,9.0,899.9999999994894,1,1,0,1.0,0.0,9.0,1,1,1,1,1
2204,6109683,200.0,19999.999999988653,1,1,0,1.0,0.0,200.0,1,1,1,1,1
2205,6109689,1092.0,109199.99999993805,1,1,0,1.0,0.0,1092.0,1,1,1,1,1
2206,6109693,279.0,27899.99999998417,1,1,0,1.0,0.0,279.0,1,1,1,1,1
2207,6109695,981.0,98099.99999994435,1,1,0,1.0,0.0,981.0,1,1,1,1,1
2208,6109697,1416.0,141599.99999991967,1,1,0,1.0,0.0,1416.0,1,1,1,1,1
2209,6109705,13.0,1299.9999999992624,1,1,0,1.0,0.0,13.0,1,1,1,1,1
2210,6109721,55.0,5499.9999999968795,1,1,0,1.0,0.0,55.0,1,1,1,1,1
2211,6109723,173.0,17299.999999990185,1,1,0,1.0,0.0,173.0,1,1,1,1,1
2212,6109727,29.0,2899.9999999983547,1,1,0,1.0,0.0,29.0,1,1,1,1,1
2213,6109731,6538.0,653799.9999996291,1,1,0,1.0,0.0,6538.0,1,1,1,1,1
2214,6109743,60985.0,6098499.99999654,1,1,0,1.0,0.0,60985.0,1,1,1,1,1
2215,6109745,464.0,46399.999999973676,1,1,0,1.0,0.0,464.0,1,1,1,1,1
2216,6109747,37.0,3699.999999997901,1,1,0,1.0,0.0,37.0,1,1,1,1,1
2217,6109749,1259.0,125899.99999992858,1,1,0,1.0,0.0,1259.0,1,1,1,1,1
2218,6109751,397.0,39699.99999997748,1,1,0,1.0,0.0,397.0,1,1,1,1,1
2219,6109755,456.0,45599.999999974134,1,1,0,1.0,0.0,456.0,1,1,1,1,1
2220,6109757,230.0,22999.99999998695,1,1,0,1.0,0.0,230.0,1,1,1,1,1
2221,6109759,235.0,23499.999999986667,1,1,0,1.0,0.0,235.0,1,1,1,1,1
2222,6109761,50.0,4999.999999997163,1,1,0,1.0,0.0,50.0,1,1,1,1,1
2223,6109765,2814.0,281399.99999984034,1,1,0,1.0,0.0,2814.0,1,1,1,1,1
2224,6111153,389.0,38899.99999997793,1,1,0,1.0,0.0,389.0,1,1,1,1,1
2225,6111155,156.0,15599.99999999115,1,1,0,1.0,0.0,156.0,1,1,1,1,1
2226,6111157,32.0,3199.9999999981846,1,1,0,1.0,0.0,32.0,1,1,1,1,1
2227,6111159,138.0,13799.999999992171,1,1,0,1.0,0.0,138.0,1,1,1,1,1
2228,6111161,2.0,199.99999999988654,1,1,0,1.0,0.0,2.0,1,1,1,1,1
2229,6111165,147.0,14699.99999999166,1,1,0,1.0,0.0,147.0,1,1,1,1,1
2230,6111167,6.0,599.9999999996596,1,1,0,1.0,0.0,6.0,1,1,1,1,1
2231,6111175,18.0,1799.9999999989789,1,1,0,1.0,0.0,18.0,1,1,1,1,1
2232,6111177,94.0,9399.999999994667,1,1,0,1.0,0.0,94.0,1,1,1,1,1
2233,6111179,222.0,22199.999999987405,1,1,0,1.0,0.0,222.0,1,1,1,1,1
2234,6111183,45.0,4499.999999997447,1,1,0,1.0,0.0,45.0,1,1,1,1,1
2235,6111185,1.0,99.99999999994327,1,1,0,1.0,0.0,1.0,1,1,1,1,1
2236,6111195,1302.0,130199.99999992613,1,1,0,1.0,0.0,1302.0,1,1,1,1,1
2237,6111197,510.0,50999.99999997107,1,1,0,1.0,0.0,510.0,1,1,1,1,1
2238,6111207,334.0,33399.99999998105,1,1,0,1.0,0.0,334.0,1,1,1,1,1
2239,6111209,1652.0,165199.9999999063,1,1,0,1.0,0.0,1652.0,1,1,1,1,1
2240,6111211,69.0,6899.9999999960855,1,1,0,1.0,0.0,69.0,1,1,1,1,1
2241,6111213,396.0,39599.99999997753,1,1,0,1.0,0.0,396.0,1,1,1,1,1
2242,6111215,317.0,31699.999999982017,1,1,0,1.0,0.0,317.0,1,1,1,1,1
2243,6111217,397.0,39699.99999997748,1,1,0,1.0,0.0,397.0,1,1,1,1,1
2244,6111219,168.0,16799.99999999047,1,1,0,1.0,0.0,168.0,1,1,1,1,1
2245,6111221,271.0,27099.999999984626,1,1,0,1.0,0.0,271.0,1,1,1,1,1
2246,6111223,2.0,199.99999999988654,1,1,0,1.0,0.0,2.0,1,1,1,1,1
2247,6111227,493.0,49299.99999997203,1,1,0,1.0,0.0,493.0,1,1,1,1,1
2248,6111229,6.0,599.9999999996596,1,1,0,1.0,0.0,6.0,1,1,1,1,1
2249,6111231,1.0,99.99999999994327,1,1,0,1.0,0.0,1.0,1,1,1,1,1
2250,6111233,2427.0,242699.9999998623,1,1,0,1.0,0.0,2427.0,1,1,1,1,1
2251,6111235,1128.0,112799.99999993602,1,1,0,1.0,0.0,1128.0,1,1,1,1,1
2252,6111237,93.0,9299.999999994725,1,1,0,1.0,0.0,93.0,1,1,1,1,1
2253,6111239,821.0,82099.99999995342,1,1,0,1.0,0.0,821.0,1,1,1,1,1
2254,6111241,141.0,14099.999999992002,1,1,0,1.0,0.0,141.0,1,1,1,1,1
2255,6111243,30.0,2999.9999999982983,1,1,0,1.0,0.0,30.0,1,1,1,1,1
2256,6111245,662.0,66199.99999996244,1,1,0,1.0,0.0,662.0,1,1,1,1,1
2257,6111247,1290.0,128999.99999992682,1,1,0,1.0,0.0,1290.0,1,1,1,1,1
2258,6111261,521.0,52099.999999970445,1,1,0,1.0,0.0,521.0,1,1,1,1,1
2259,6111263,334.0,33399.99999998105,1,1,0,1.0,0.0,334.0,1,1,1,1,1
2260,6111267,657.0,65699.99999996273,1,1,0,1.0,0.0,657.0,1,1,1,1,1
2261,6111269,1065.0,106499.99999993958,1,1,0,1.0,0.0,1065.0,1,1,1,1,1
2262,6111271,112.0,11199.999999993646,1,1,0,1.0,0.0,112.0,1,1,1,1,1
2263,6111273,3.0,299.9999999998298,1,1,0,1.0,0.0,3.0,1,1,1,1,1
2264,6111275,12.0,1199.9999999993192,1,1,0,1.0,0.0,12.0,1,1,1,1,1
2265,6111277,18.0,1799.9999999989789,1,1,0,1.0,0.0,18.0,1,1,1,1,1
2266,6111279,8.0,799.9999999995462,1,1,0,1.0,0.0,8.0,1,1,1,1,1
2267,6111281,2.0,199.99999999988654,1,1,0,1.0,0.0,2.0,1,1,1,1,1
2268,6111283,6.0,599.9999999996596,1,1,0,1.0,0.0,6.0,1,1,1,1,1
2269,6111287,7050.0,704999.9999996001,1,1,0,1.0,0.0,7050.0,1,1,1,1,1
2270,6111289,1502.0,150199.99999991478,1,1,0,1.0,0.0,1502.0,1,1,1,1,1
2271,6111291,5973.0,597299.9999996611,1,1,0,1.0,0.0,5973.0,1,1,1,1,1
2272,6111415,998.0,99799.99999994338,1,1,0,1.0,0.0,998.0,1,1,1,1,1
2273,6111419,256.0,25599.999999985477,1,1,0,1.0,0.0,256.0,1,1,1,1,1
2274,6111421,1028.0,102799.99999994168,1,1,0,1.0,0.0,1028.0,1,1,1,1,1
2275,6111423,2063.0,206299.99999988297,1,1,0,1.0,0.0,2063.0,1,1,1,1,1
2276,6111425,151.0,15099.999999991434,1,1,0,1.0,0.0,151.0,1,1,1,1,1
2277,6111429,31.0,3099.9999999982415,1,1,0,1.0,0.0,31.0,1,1,1,1,1
2278,6111435,58.0,5799.999999996709,1,1,0,1.0,0.0,58.0,1,1,1,1,1
2279,6111445,724.0,72399.99999995893,1,1,0,1.0,0.0,724.0,1,1,1,1,1
2280,6111459,9.0,899.9999999994894,1,1,0,1.0,0.0,9.0,1,1,1,1,1
2281,6111479,19.0,1899.9999999989222,1,1,0,1.0,0.0,19.0,1,1,1,1,1
2282,6111481,11.0,1099.999999999376,1,1,0,1.0,0.0,11.0,1,1,1,1,1
2283,6111491,164.0,16399.999999990698,1,1,0,1.0,0.0,164.0,1,1,1,1,1
2284,6111493,40.0,3999.999999997731,1,1,0,1.0,0.0,40.0,1,1,1,1,1
2285,6111507,3.0,299.9999999998298,1,1,0,1.0,0.0,3.0,1,1,1,1,1
2286,6111515,688.0,68799.99999996097,1,1,0,1.0,0.0,688.0,1,1,1,1,1
2287,6111527,187.0,18699.99999998939,1,1,0,1.0,0.0,187.0,1,1,1,1,1
2288,6111531,45.0,4499.999999997447,1,1,0,1.0,0.0,45.0,1,1,1,1,1
2289,6111533,1.0,99.99999999994327,1,1,0,1.0,0.0,1.0,1,1,1,1,1
2290,6112343,9.0,899.9999999994894,1,1,0,1.0,0.0,9.0,1,1,1,1,1
2291,6112345,11312.0,1131199.9999993583,1,1,0,1.0,0.0,11312.0,1,1,1,1,1
2292,6112349,542.0,54199.99999996925,1,1,0,1.0,0.0,542.0,1,1,1,1,1
2293,6115632,124.0,12399.999999992966,1,1,0,1.0,0.0,124.0,1,1,1,1,1
2294,6115672,25.0,2499.9999999985816,1,1,0,1.0,0.0,25.0,1,1,1,1,1
2295,6115692,348.0,34799.99999998026,1,1,0,1.0,0.0,348.0,1,1,1,1,1
2296,6115768,41.0,4099.999999997674,1,1,0,1.0,0.0,41.0,1,1,1,1,1
2297,6115782,22.0,2199.999999998752,1,1,0,1.0,0.0,22.0,1,1,1,1,1
2298,6115808,263.0,26299.99999998508,1,1,0,1.0,0.0,263.0,1,1,1,1,1
2299,6115828,65.0,6499.999999996313,1,1,0,1.0,0.0,65.0,1,1,1,1,1
2300,6115920,1643.0,164299.99999990678,1,1,0,1.0,0.0,1643.0,1,1,1,1,1
2301,6115982,20.0,1999.9999999988654,1,1,0,1.0,0.0,20.0,1,1,1,1,1
2302,6116414,251.0,25099.99999998576,1,1,0,1.0,0.0,251.0,1,1,1,1,1
2303,6116796,25.0,2499.9999999985816,1,1,0,1.0,0.0,25.0,1,1,1,1,1
2304,6116808,1.0,99.99999999994327,1,1,0,1.0,0.0,1.0,1,1,1,1,1
2305,6116852,14.0,1399.9999999992058,1,1,0,1.0,0.0,14.0,1,1,1,1,1
2306,6116996,42.0,4199.999999997617,1,1,0,1.0,0.0,42.0,1,1,1,1,1
2307,6117218,194.0,19399.999999988995,1,1,0,1.0,0.0,194.0,1,1,1,1,1
2308,6117234,2821.0,282099.99999984,1,1,0,1.0,0.0,2821.0,1,1,1,1,1
2309,6117236,3873.0,387299.99999978027,1,1,0,1.0,0.0,3873.0,1,1,1,1,1
2310,6117280,118.0,11799.999999993306,1,1,0,1.0,0.0,118.0,1,1,1,1,1
2311,6117282,58.0,5799.999999996709,1,1,0,1.0,0.0,58.0,1,1,1,1,1
2312,6118948,353.0,35299.99999997998,1,1,0,1.0,0.0,353.0,1,1,1,1,1
2313,6119222,62.0,6199.999999996483,1,1,0,1.0,0.0,62.0,1,1,1,1,1
2314,6128357,81.0,8099.999999995405,1,1,0,1.0,0.0,81.0,1,1,1,1,1
2315,6128779,118.0,11799.999999993306,1,1,0,1.0,0.0,118.0,1,1,1,1,1
2316,6128831,1244.0,124399.99999992942,1,1,0,1.0,0.0,1244.0,1,1,1,1,1
2317,6128847,213.0,21299.99999998792,1,1,0,1.0,0.0,213.0,1,1,1,1,1
2318,6128973,15.0,1499.9999999991492,1,1,0,1.0,0.0,15.0,1,1,1,1,1
2319,6129607,13.0,1299.9999999992624,1,1,0,1.0,0.0,13.0,1,1,1,1,1
2320,6129629,6.0,599.9999999996596,1,1,0,1.0,0.0,6.0,1,1,1,1,1
2321,6130133,197.0,19699.999999988824,1,1,0,1.0,0.0,197.0,1,1,1,1,1
2322,6130483,52.0,5199.99999999705,1,1,0,1.0,0.0,52.0,1,1,1,1,1
2323,6139942,80.0,7999.999999995462,1,1,0,1.0,0.0,80.0,1,1,1,1,1
2324,6139944,249.0,24899.999999985874,1,1,0,1.0,0.0,249.0,1,1,1,1,1
2325,6139946,721.0,72099.9999999591,1,1,0,1.0,0.0,721.0,1,1,1,1,1
2326,6139952,173.0,17299.999999990185,1,1,0,1.0,0.0,173.0,1,1,1,1,1
2327,6140274,209.0,20899.999999988144,1,1,0,1.0,0.0,209.0,1,1,1,1,1
2328,6140338,164.0,16399.999999990698,1,1,0,1.0,0.0,164.0,1,1,1,1,1
2329,6140348,5.0,499.99999999971635,1,1,0,1.0,0.0,5.0,1,1,1,1,1
2330,6140438,181.0,18099.999999989734,1,1,0,1.0,0.0,181.0,1,1,1,1,1
2331,6140768,38.0,3799.9999999978445,1,1,0,1.0,0.0,38.0,1,1,1,1,1
2332,6140786,466.0,46599.99999997357,1,1,0,1.0,0.0,466.0,1,1,1,1,1
2333,6140788,398.0,39799.99999997742,1,1,0,1.0,0.0,398.0,1,1,1,1,1
2334,6140796,234.0,23399.999999986725,1,1,0,1.0,0.0,234.0,1,1,1,1,1
2335,6140818,65.0,6499.999999996313,1,1,0,1.0,0.0,65.0,1,1,1,1,1
2336,6140820,15.0,1499.9999999991492,1,1,0,1.0,0.0,15.0,1,1,1,1,1
2337,6140822,145.0,14499.999999991775,1,1,0,1.0,0.0,145.0,1,1,1,1,1
2338,6140826,449.0,44899.99999997453,1,1,0,1.0,0.0,449.0,1,1,1,1,1
2339,6140832,350.0,34999.999999980144,1,1,0,1.0,0.0,350.0,1,1,1,1,1
2340,6140834,675.0,67499.99999996171,1,1,0,1.0,0.0,675.0,1,1,1,1,1
2341,6140836,2029.0,202899.9999998849,1,1,0,1.0,0.0,2029.0,1,1,1,1,1
2342,6140838,100.0,9999.999999994327,1,1,0,1.0,0.0,100.0,1,1,1,1,1
2343,6140848,283.0,28299.999999983946,1,1,0,1.0,0.0,283.0,1,1,1,1,1
2344,6140858,215.0,21499.999999987802,1,1,0,1.0,0.0,215.0,1,1,1,1,1
2345,6140860,1153.0,115299.99999993459,1,1,0,1.0,0.0,1153.0,1,1,1,1,1
2346,6140864,118.0,11799.999999993306,1,1,0,1.0,0.0,118.0,1,1,1,1,1
2347,6140876,1953.0,195299.9999998892,1,1,0,1.0,0.0,1953.0,1,1,1,1,1
2348,6140878,102.0,10199.999999994214,1,1,0,1.0,0.0,102.0,1,1,1,1,1
2349,6140880,492.0,49199.99999997209,1,1,0,1.0,0.0,492.0,1,1,1,1,1
2350,6140882,6.0,599.9999999996596,1,1,0,1.0,0.0,6.0,1,1,1,1,1
2351,6140888,9.0,899.9999999994894,1,1,0,1.0,0.0,9.0,1,1,1,1,1
2352,6140900,1122.0,112199.99999993635,1,1,0,1.0,0.0,1122.0,1,1,1,1,1
2353,6140902,936.0,93599.9999999469,1,1,0,1.0,0.0,936.0,1,1,1,1,1
2354,6140904,328.0,32799.999999981395,1,1,0,1.0,0.0,328.0,1,1,1,1,1
2355,6140906,4330.0,432999.99999975436,1,1,0,1.0,0.0,4330.0,1,1,1,1,1
2356,6140908,120.0,11999.999999993193,1,1,0,1.0,0.0,120.0,1,1,1,1,1
2357,6140910,32.0,3199.9999999981846,1,1,0,1.0,0.0,32.0,1,1,1,1,1
2358,6140914,5709.0,570899.9999996761,1,1,0,1.0,0.0,5709.0,1,1,1,1,1
2359,6140916,291.0,29099.99999998349,1,1,0,1.0,0.0,291.0,1,1,1,1,1
2360,6140918,679.0,67899.99999996148,1,1,0,1.0,0.0,679.0,1,1,1,1,1
2361,6140920,451.0,45099.99999997442,1,1,0,1.0,0.0,451.0,1,1,1,1,1
2362,6140924,97.0,9699.999999994498,1,1,0,1.0,0.0,97.0,1,1,1,1,1
2363,6140930,3401.0,340099.99999980704,1,1,0,1.0,0.0,3401.0,1,1,1,1,1
2364,6140932,885.0,88499.9999999498,1,1,0,1.0,0.0,885.0,1,1,1,1,1
2365,6140934,1231.0,123099.99999993017,1,1,0,1.0,0.0,1231.0,1,1,1,1,1
2366,6140938,1311.0,131099.99999992564,1,1,0,1.0,0.0,1311.0,1,1,1,1,1
2367,6140944,1253.0,125299.99999992891,1,1,0,1.0,0.0,1253.0,1,1,1,1,1
2368,6140946,6593.0,659299.999999626,1,1,0,1.0,0.0,6593.0,1,1,1,1,1
2369,6140952,13107.0,1310699.9999992563,1,1,0,1.0,0.0,13107.0,1,1,1,1,1
2370,6140992,5095.0,509499.99999971094,1,1,0,1.0,0.0,5095.0,1,1,1,1,1
2371,6141188,1439.0,143899.99999991836,1,1,0,1.0,0.0,1439.0,1,1,1,1,1
2372,6141196,2571.0,257099.99999985416,1,1,0,1.0,0.0,2571.0,1,1,1,1,1
2373,6141208,78.0,7799.999999995575,1,1,0,1.0,0.0,78.0,1,1,1,1,1
2374,6141210,19658.0,1965799.9999988847,1,1,0,1.0,0.0,19658.0,1,1,1,1,1
2375,6141214,9710.0,970999.9999994491,1,1,0,1.0,0.0,9710.0,1,1,1,1,1
2376,6141220,39.0,3899.9999999977877,1,1,0,1.0,0.0,39.0,1,1,1,1,1
2377,6141326,98.0,9799.999999994441,1,1,0,1.0,0.0,98.0,1,1,1,1,1
2378,6142038,524.0,52399.99999997027,1,1,0,1.0,0.0,524.0,1,1,1,1,1
2379,6144231,22.0,2199.999999998752,1,1,0,1.0,0.0,22.0,1,1,1,1,1
2380,6144243,739.0,73899.99999995808,1,1,0,1.0,0.0,739.0,1,1,1,1,1
2381,6144249,47.0,4699.999999997333,1,1,0,1.0,0.0,47.0,1,1,1,1,1
2382,6144253,35.0,3499.9999999980146,1,1,0,1.0,0.0,35.0,1,1,1,1,1
2383,6144269,43.0,4299.999999997561,1,1,0,1.0,0.0,43.0,1,1,1,1,1
2384,6144273,767.0,76699.99999995649,1,1,0,1.0,0.0,767.0,1,1,1,1,1
2385,6144281,65.0,6499.999999996313,1,1,0,1.0,0.0,65.0,1,1,1,1,1
2386,6144283,85.0,8499.999999995178,1,1,0,1.0,0.0,85.0,1,1,1,1,1
2387,6144285,265.0,26499.999999984968,1,1,0,1.0,0.0,265.0,1,1,1,1,1
2388,6144287,193.0,19299.99999998905,1,1,0,1.0,0.0,193.0,1,1,1,1,1
2389,6144289,233.0,23299.999999986783,1,1,0,1.0,0.0,233.0,1,1,1,1,1
2390,6144291,1.0,99.99999999994327,1,1,0,1.0,0.0,1.0,1,1,1,1,1
2391,6144293,4733.0,473299.9999997315,1,1,0,1.0,0.0,4733.0,1,1,1,1,1
2392,6144295,13.0,1299.9999999992624,1,1,0,1.0,0.0,13.0,1,1,1,1,1
2393,6144297,1605.0,160499.99999990896,1,1,0,1.0,0.0,1605.0,1,1,1,1,1
2394,6144299,33.0,3299.999999998128,1,1,0,1.0,0.0,33.0,1,1,1,1,1
2395,6144301,459.0,45899.99999997396,1,1,0,1.0,0.0,459.0,1,1,1,1,1
2396,6144303,2615.0,261499.99999985166,1,1,0,1.0,0.0,2615.0,1,1,1,1,1
2397,6144305,3956.0,395599.99999977555,1,1,0,1.0,0.0,3956.0,1,1,1,1,1
2398,6144307,14.0,1399.9999999992058,1,1,0,1.0,0.0,14.0,1,1,1,1,1
2399,6144309,27.0,2699.9999999984684,1,1,0,1.0,0.0,27.0,1,1,1,1,1
2400,6144313,457.0,45699.999999974076,1,1,0,1.0,0.0,457.0,1,1,1,1,1
2401,6144315,239.0,23899.99999998644,1,1,0,1.0,0.0,239.0,1,1,1,1,1
2402,6144319,37.0,3699.999999997901,1,1,0,1.0,0.0,37.0,1,1,1,1,1
2403,6144323,4643.0,464299.9999997366,1,1,0,1.0,0.0,4643.0,1,1,1,1,1
2404,6144327,381.0,38099.99999997838,1,1,0,1.0,0.0,381.0,1,1,1,1,1
2405,6144329,6658.0,665799.9999996223,1,1,0,1.0,0.0,6658.0,1,1,1,1,1
2406,6144331,359.0,35899.999999979635,1,1,0,1.0,0.0,359.0,1,1,1,1,1
2407,6144333,546.0,54599.999999969026,1,1,0,1.0,0.0,546.0,1,1,1,1,1
2408,6144339,1960.0,195999.99999988882,1,1,0,1.0,0.0,1960.0,1,1,1,1,1
2409,6144341,6676.0,667599.9999996213,1,1,0,1.0,0.0,6676.0,1,1,1,1,1
2410,6144343,540.0,53999.99999996937,1,1,0,1.0,0.0,540.0,1,1,1,1,1
2411,6144345,31.0,3099.9999999982415,1,1,0,1.0,0.0,31.0,1,1,1,1,1
2412,6144347,779.0,77899.9999999558,1,1,0,1.0,0.0,779.0,1,1,1,1,1
2413,6144349,580.0,57999.9999999671,1,1,0,1.0,0.0,580.0,1,1,1,1,1
2414,6144353,5.0,499.99999999971635,1,1,0,1.0,0.0,5.0,1,1,1,1,1
2415,6144355,381.0,38099.99999997838,1,1,0,1.0,0.0,381.0,1,1,1,1,1
2416,6144357,129.0,12899.999999992682,1,1,0,1.0,0.0,129.0,1,1,1,1,1
2417,6144359,258.0,25799.999999985364,1,1,0,1.0,0.0,258.0,1,1,1,1,1
2418,6144361,6250.0,624999.9999996454,1,1,0,1.0,0.0,6250.0,1,1,1,1,1
2419,6144363,212.0,21199.999999987973,1,1,0,1.0,0.0,212.0,1,1,1,1,1
2420,6144365,7556.0,755599.9999995714,1,1,0,1.0,0.0,7556.0,1,1,1,1,1
2421,6144367,1242.0,124199.99999992954,1,1,0,1.0,0.0,1242.0,1,1,1,1,1
2422,6144369,1191.0,119099.99999993244,1,1,0,1.0,0.0,1191.0,1,1,1,1,1
2423,6144371,226.0,22599.99999998718,1,1,0,1.0,0.0,226.0,1,1,1,1,1
2424,6144375,1.0,99.99999999994327,1,1,0,1.0,0.0,1.0,1,1,1,1,1
2425,6144379,73.0,7299.999999995859,1,1,0,1.0,0.0,73.0,1,1,1,1,1
2426,6144381,1659.0,165899.99999990588,1,1,0,1.0,0.0,1659.0,1,1,1,1,1
2427,6144383,193.0,19299.99999998905,1,1,0,1.0,0.0,193.0,1,1,1,1,1
2428,6144387,3277.0,327699.9999998141,1,1,0,1.0,0.0,3277.0,1,1,1,1,1
2429,6144393,240.0,23999.999999986387,1,1,0,1.0,0.0,240.0,1,1,1,1,1
2430,6144399,574.0,57399.99999996744,1,1,0,1.0,0.0,574.0,1,1,1,1,1
2431,6144403,3335.0,333499.9999998108,1,1,0,1.0,0.0,3335.0,1,1,1,1,1
2432,6144407,755.0,75499.99999995717,1,1,0,1.0,0.0,755.0,1,1,1,1,1
2433,6144411,480.0,47999.99999997277,1,1,0,1.0,0.0,480.0,1,1,1,1,1
2434,6144413,141.0,14099.999999992002,1,1,0,1.0,0.0,141.0,1,1,1,1,1
2435,6144415,91.0,9099.999999994838,1,1,0,1.0,0.0,91.0,1,1,1,1,1
2436,6144417,1086.0,108599.99999993839,1,1,0,1.0,0.0,1086.0,1,1,1,1,1
2437,6144419,24.0,2399.9999999986385,1,1,0,1.0,0.0,24.0,1,1,1,1,1
2438,6144421,414.0,41399.99999997651,1,1,0,1.0,0.0,414.0,1,1,1,1,1
2439,6144423,2823.0,282299.99999983987,1,1,0,1.0,0.0,2823.0,1,1,1,1,1
2440,6144425,78.0,7799.999999995575,1,1,0,1.0,0.0,78.0,1,1,1,1,1
2441,6144427,468.0,46799.99999997345,1,1,0,1.0,0.0,468.0,1,1,1,1,1
2442,6144429,11990.0,1198999.99999932,1,1,0,1.0,0.0,11990.0,1,1,1,1,1
2443,6144431,145.0,14499.999999991775,1,1,0,1.0,0.0,145.0,1,1,1,1,1
2444,6144433,907.0,90699.99999994854,1,1,0,1.0,0.0,907.0,1,1,1,1,1
2445,6144435,402.0,40199.9999999772,1,1,0,1.0,0.0,402.0,1,1,1,1,1
2446,6144437,1159.0,115899.99999993425,1,1,0,1.0,0.0,1159.0,1,1,1,1,1
2447,6144439,524.0,52399.99999997027,1,1,0,1.0,0.0,524.0,1,1,1,1,1
2448,6144445,32.0,3199.9999999981846,1,1,0,1.0,0.0,32.0,1,1,1,1,1
2449,6144449,73.0,7299.999999995859,1,1,0,1.0,0.0,73.0,1,1,1,1,1
2450,6144451,380.0,37999.99999997844,1,1,0,1.0,0.0,380.0,1,1,1,1,1
2451,6144453,611.0,61099.99999996534,1,1,0,1.0,0.0,611.0,1,1,1,1,1
2452,6144457,27.0,2699.9999999984684,1,1,0,1.0,0.0,27.0,1,1,1,1,1
2453,6144461,10.0,999.9999999994327,1,1,0,1.0,0.0,10.0,1,1,1,1,1
2454,6144471,553.0,55299.999999968626,1,1,0,1.0,0.0,553.0,1,1,1,1,1
2455,6144473,279.0,27899.99999998417,1,1,0,1.0,0.0,279.0,1,1,1,1,1
2456,6144475,1062.0,106199.99999993976,1,1,0,1.0,0.0,1062.0,1,1,1,1,1
2457,6144477,35.0,3499.9999999980146,1,1,0,1.0,0.0,35.0,1,1,1,1,1
2458,6144479,323.0,32299.999999981676,1,1,0,1.0,0.0,323.0,1,1,1,1,1
2459,6144483,10.0,999.9999999994327,1,1,0,1.0,0.0,10.0,1,1,1,1,1
2460,6144485,2001.0,200099.9999998865,1,1,0,1.0,0.0,2001.0,1,1,1,1,1
2461,6144487,247.0,24699.999999985987,1,1,0,1.0,0.0,247.0,1,1,1,1,1
2462,6144489,141.0,14099.999999992002,1,1,0,1.0,0.0,141.0,1,1,1,1,1
2463,6144491,151.0,15099.999999991434,1,1,0,1.0,0.0,151.0,1,1,1,1,1
2464,6144493,1225.0,122499.9999999305,1,1,0,1.0,0.0,1225.0,1,1,1,1,1
2465,6144495,214.0,21399.99999998786,1,1,0,1.0,0.0,214.0,1,1,1,1,1
2466,6144497,1463.0,146299.999999917,1,1,0,1.0,0.0,1463.0,1,1,1,1,1
2467,6144499,1870.0,186999.99999989392,1,1,0,1.0,0.0,1870.0,1,1,1,1,1
2468,6144501,2203.0,220299.99999987503,1,1,0,1.0,0.0,2203.0,1,1,1,1,1
2469,6144503,755.0,75499.99999995717,1,1,0,1.0,0.0,755.0,1,1,1,1,1
2470,6144507,468.0,46799.99999997345,1,1,0,1.0,0.0,468.0,1,1,1,1,1
2471,6144509,95.0,9499.99999999461,1,1,0,1.0,0.0,95.0,1,1,1,1,1
2472,6144511,83.0,8299.99999999529,1,1,0,1.0,0.0,83.0,1,1,1,1,1
2473,6144515,48.0,4799.999999997277,1,1,0,1.0,0.0,48.0,1,1,1,1,1
2474,6144521,1096.0,109599.99999993782,1,1,0,1.0,0.0,1096.0,1,1,1,1,1
2475,6144525,352.0,35199.999999980035,1,1,0,1.0,0.0,352.0,1,1,1,1,1
2476,6144527,618.0,61799.999999964944,1,1,0,1.0,0.0,618.0,1,1,1,1,1
2477,6144537,301.0,30099.999999982923,1,1,0,1.0,0.0,301.0,1,1,1,1,1
2478,6144541,1197.0,119699.9999999321,1,1,0,1.0,0.0,1197.0,1,1,1,1,1
2479,6144543,611.0,61099.99999996534,1,1,0,1.0,0.0,611.0,1,1,1,1,1
2480,6144545,306.0,30599.99999998264,1,1,0,1.0,0.0,306.0,1,1,1,1,1
2481,6144547,31.0,3099.9999999982415,1,1,0,1.0,0.0,31.0,1,1,1,1,1
2482,6144549,59.0,5899.999999996653,1,1,0,1.0,0.0,59.0,1,1,1,1,1
2483,6144551,388.0,38799.99999997799,1,1,0,1.0,0.0,388.0,1,1,1,1,1
2484,6144553,629.0,62899.99999996432,1,1,0,1.0,0.0,629.0,1,1,1,1,1
2485,6144557,81.0,8099.999999995405,1,1,0,1.0,0.0,81.0,1,1,1,1,1
2486,6144559,9.0,899.9999999994894,1,1,0,1.0,0.0,9.0,1,1,1,1,1
2487,6144561,235.0,23499.999999986667,1,1,0,1.0,0.0,235.0,1,1,1,1,1
2488,6144805,37.0,3699.999999997901,1,1,0,1.0,0.0,37.0,1,1,1,1,1
2489,6144809,2870.0,286999.9999998372,1,1,0,1.0,0.0,2870.0,1,1,1,1,1
2490,6144811,4972.0,497199.9999997179,1,1,0,1.0,0.0,4972.0,1,1,1,1,1
2491,6144813,74.0,7399.999999995802,1,1,0,1.0,0.0,74.0,1,1,1,1,1
2492,6144815,658.0,65799.99999996267,1,1,0,1.0,0.0,658.0,1,1,1,1,1
2493,6144817,936.0,93599.9999999469,1,1,0,1.0,0.0,936.0,1,1,1,1,1
2494,6144819,1734.0,173399.99999990163,1,1,0,1.0,0.0,1734.0,1,1,1,1,1
2495,6144821,5.0,499.99999999971635,1,1,0,1.0,0.0,5.0,1,1,1,1,1
2496,6144823,1240.0,123999.99999992966,1,1,0,1.0,0.0,1240.0,1,1,1,1,1
2497,6144825,80.0,7999.999999995462,1,1,0,1.0,0.0,80.0,1,1,1,1,1
2498,6144827,104.0,10399.9999999941,1,1,0,1.0,0.0,104.0,1,1,1,1,1
2499,6144829,3512.0,351199.99999980076,1,1,0,1.0,0.0,3512.0,1,1,1,1,1
2500,6144833,3781.0,378099.9999997855,1,1,0,1.0,0.0,3781.0,1,1,1,1,1
2501,6144835,11.0,1099.999999999376,1,1,0,1.0,0.0,11.0,1,1,1,1,1
2502,6144837,5.0,499.99999999971635,1,1,0,1.0,0.0,5.0,1,1,1,1,1
2503,6144839,141.0,14099.999999992002,1,1,0,1.0,0.0,141.0,1,1,1,1,1
2504,6144845,3.0,299.9999999998298,1,1,0,1.0,0.0,3.0,1,1,1,1,1
2505,6144847,215.0,21499.999999987802,1,1,0,1.0,0.0,215.0,1,1,1,1,1
2506,6144851,218.0,21799.999999987635,1,1,0,1.0,0.0,218.0,1,1,1,1,1
2507,6144881,197.0,19699.999999988824,1,1,0,1.0,0.0,197.0,1,1,1,1,1
2508,6144885,19.0,1899.9999999989222,1,1,0,1.0,0.0,19.0,1,1,1,1,1
2509,6144893,12.0,1199.9999999993192,1,1,0,1.0,0.0,12.0,1,1,1,1,1
2510,6144895,34.0,3399.999999998071,1,1,0,1.0,0.0,34.0,1,1,1,1,1
2511,6144899,32.0,3199.9999999981846,1,1,0,1.0,0.0,32.0,1,1,1,1,1
2512,6144901,334.0,33399.99999998105,1,1,0,1.0,0.0,334.0,1,1,1,1,1
2513,6144907,150.0,14999.99999999149,1,1,0,1.0,0.0,150.0,1,1,1,1,1
2514,6144909,380.0,37999.99999997844,1,1,0,1.0,0.0,380.0,1,1,1,1,1
2515,6144917,97.0,9699.999999994498,1,1,0,1.0,0.0,97.0,1,1,1,1,1
2516,6144919,29.0,2899.9999999983547,1,1,0,1.0,0.0,29.0,1,1,1,1,1
2517,6144921,219.0,21899.999999987576,1,1,0,1.0,0.0,219.0,1,1,1,1,1
2518,6144923,548.0,54799.99999996891,1,1,0,1.0,0.0,548.0,1,1,1,1,1
2519,6144929,616.0,61599.99999996505,1,1,0,1.0,0.0,616.0,1,1,1,1,1
2520,6144931,172.0,17199.999999990243,1,1,0,1.0,0.0,172.0,1,1,1,1,1
2521,6144933,1523.0,152299.9999999136,1,1,0,1.0,0.0,1523.0,1,1,1,1,1
2522,6144937,268.0,26799.999999984797,1,1,0,1.0,0.0,268.0,1,1,1,1,1
2523,6144939,201.0,20099.9999999886,1,1,0,1.0,0.0,201.0,1,1,1,1,1
2524,6144941,358.0,35799.99999997969,1,1,0,1.0,0.0,358.0,1,1,1,1,1
2525,6144943,3752.0,375199.99999978713,1,1,0,1.0,0.0,3752.0,1,1,1,1,1
2526,6144945,209.0,20899.999999988144,1,1,0,1.0,0.0,209.0,1,1,1,1,1
2527,6144947,529.0,52899.99999996999,1,1,0,1.0,0.0,529.0,1,1,1,1,1
2528,6144951,430.0,42999.999999975604,1,1,0,1.0,0.0,430.0,1,1,1,1,1
2529,6144955,93.0,9299.999999994725,1,1,0,1.0,0.0,93.0,1,1,1,1,1
2530,6144959,168.0,16799.99999999047,1,1,0,1.0,0.0,168.0,1,1,1,1,1
2531,6144961,24.0,2399.9999999986385,1,1,0,1.0,0.0,24.0,1,1,1,1,1
2532,6144967,937.0,93699.99999994684,1,1,0,1.0,0.0,937.0,1,1,1,1,1
2533,6144973,2994.0,299399.99999983015,1,1,0,1.0,0.0,2994.0,1,1,1,1,1
2534,6144977,90.0,8999.999999994894,1,1,0,1.0,0.0,90.0,1,1,1,1,1
2535,6144981,5422.0,542199.9999996924,1,1,0,1.0,0.0,5422.0,1,1,1,1,1
2536,6144983,275.0,27499.9999999844,1,1,0,1.0,0.0,275.0,1,1,1,1,1
2537,6144985,2529.0,252899.99999985652,1,1,0,1.0,0.0,2529.0,1,1,1,1,1
2538,6144989,146.0,14599.999999991718,1,1,0,1.0,0.0,146.0,1,1,1,1,1
2539,6144991,872.0,87199.99999995054,1,1,0,1.0,0.0,872.0,1,1,1,1,1
2540,6144993,14.0,1399.9999999992058,1,1,0,1.0,0.0,14.0,1,1,1,1,1
2541,6144999,79.0,7899.999999995518,1,1,0,1.0,0.0,79.0,1,1,1,1,1
2542,6145001,567.0,56699.99999996783,1,1,0,1.0,0.0,567.0,1,1,1,1,1
2543,6145003,195.0,19499.999999988937,1,1,0,1.0,0.0,195.0,1,1,1,1,1
2544,6145005,1866.0,186599.99999989415,1,1,0,1.0,0.0,1866.0,1,1,1,1,1
2545,6145007,1309.0,130899.99999992574,1,1,0,1.0,0.0,1309.0,1,1,1,1,1
2546,6145009,90.0,8999.999999994894,1,1,0,1.0,0.0,90.0,1,1,1,1,1
2547,6145011,1481.0,148099.99999991598,1,1,0,1.0,0.0,1481.0,1,1,1,1,1
2548,6145013,20600.0,2059999.9999988314,1,1,0,1.0,0.0,20600.0,1,1,1,1,1
2549,6145015,117.0,11699.999999993363,1,1,0,1.0,0.0,117.0,1,1,1,1,1
2550,6145023,41.0,4099.999999997674,1,1,0,1.0,0.0,41.0,1,1,1,1,1
2551,6145025,934.0,93399.99999994702,1,1,0,1.0,0.0,934.0,1,1,1,1,1
2552,6145027,181.0,18099.999999989734,1,1,0,1.0,0.0,181.0,1,1,1,1,1
2553,6145031,600.0,59999.99999996596,1,1,0,1.0,0.0,600.0,1,1,1,1,1
2554,6145035,6.0,599.9999999996596,1,1,0,1.0,0.0,6.0,1,1,1,1,1
2555,6145037,170.0,16999.999999990356,1,1,0,1.0,0.0,170.0,1,1,1,1,1
2556,6145039,221.0,22099.999999987464,1,1,0,1.0,0.0,221.0,1,1,1,1,1
2557,6145041,3.0,299.9999999998298,1,1,0,1.0,0.0,3.0,1,1,1,1,1
2558,6145045,32.0,3199.9999999981846,1,1,0,1.0,0.0,32.0,1,1,1,1,1
2559,6145047,268.0,26799.999999984797,1,1,0,1.0,0.0,268.0,1,1,1,1,1
2560,6145049,1370.0,136999.9999999223,1,1,0,1.0,0.0,1370.0,1,1,1,1,1
2561,6145055,40.0,3999.999999997731,1,1,0,1.0,0.0,40.0,1,1,1,1,1
2562,6145057,189.0,18899.99999998928,1,1,0,1.0,0.0,189.0,1,1,1,1,1
2563,6145059,1390.0,138999.99999992116,1,1,0,1.0,0.0,1390.0,1,1,1,1,1
2564,6145061,323.0,32299.999999981676,1,1,0,1.0,0.0,323.0,1,1,1,1,1
2565,6145063,38.0,3799.9999999978445,1,1,0,1.0,0.0,38.0,1,1,1,1,1
2566,6145069,764.0,76399.99999995666,1,1,0,1.0,0.0,764.0,1,1,1,1,1
2567,6145073,27.0,2699.9999999984684,1,1,0,1.0,0.0,27.0,1,1,1,1,1
2568,6145075,7.0,699.9999999996029,1,1,0,1.0,0.0,7.0,1,1,1,1,1
2569,6145077,105.0,10499.999999994043,1,1,0,1.0,0.0,105.0,1,1,1,1,1
2570,6145079,1986.0,198599.99999988734,1,1,0,1.0,0.0,1986.0,1,1,1,1,1
2571,6145083,360.0,35999.99999997958,1,1,0,1.0,0.0,360.0,1,1,1,1,1
2572,6145087,546.0,54599.999999969026,1,1,0,1.0,0.0,546.0,1,1,1,1,1
2573,6145093,80.0,7999.999999995462,1,1,0,1.0,0.0,80.0,1,1,1,1,1
2574,6145097,58.0,5799.999999996709,1,1,0,1.0,0.0,58.0,1,1,1,1,1
2575,6145099,181.0,18099.999999989734,1,1,0,1.0,0.0,181.0,1,1,1,1,1
2576,6145101,223.0,22299.99999998735,1,1,0,1.0,0.0,223.0,1,1,1,1,1
2577,6145105,3172.0,317199.9999998201,1,1,0,1.0,0.0,3172.0,1,1,1,1,1
2578,6145109,133.0,13299.999999992455,1,1,0,1.0,0.0,133.0,1,1,1,1,1
2579,6145111,123.0,12299.999999993022,1,1,0,1.0,0.0,123.0,1,1,1,1,1
2580,6145113,708.0,70799.99999995984,1,1,0,1.0,0.0,708.0,1,1,1,1,1
2581,6145117,740.0,73999.99999995802,1,1,0,1.0,0.0,740.0,1,1,1,1,1
2582,6145119,214.0,21399.99999998786,1,1,0,1.0,0.0,214.0,1,1,1,1,1
2583,6145123,480.0,47999.99999997277,1,1,0,1.0,0.0,480.0,1,1,1,1,1
2584,6145129,24.0,2399.9999999986385,1,1,0,1.0,0.0,24.0,1,1,1,1,1
2585,6145133,2.0,199.99999999988654,1,1,0,1.0,0.0,2.0,1,1,1,1,1
2586,6146801,540.0,53999.99999996937,1,1,0,1.0,0.0,540.0,1,1,1,1,1
2587,6146803,209.0,20899.999999988144,1,1,0,1.0,0.0,209.0,1,1,1,1,1
2588,6146805,207.0,20699.999999988257,1,1,0,1.0,0.0,207.0,1,1,1,1,1
2589,6146807,57.0,5699.999999996767,1,1,0,1.0,0.0,57.0,1,1,1,1,1
2590,6146809,238.0,23799.9999999865,1,1,0,1.0,0.0,238.0,1,1,1,1,1
2591,6146815,1341.0,134099.99999992392,1,1,0,1.0,0.0,1341.0,1,1,1,1,1
2592,6146817,2149.0,214899.99999987808,1,1,0,1.0,0.0,2149.0,1,1,1,1,1
2593,6146819,86.0,8599.999999995121,1,1,0,1.0,0.0,86.0,1,1,1,1,1
2594,6146821,152.0,15199.999999991378,1,1,0,1.0,0.0,152.0,1,1,1,1,1
2595,6146825,133.0,13299.999999992455,1,1,0,1.0,0.0,133.0,1,1,1,1,1
2596,6146829,242.0,24199.99999998627,1,1,0,1.0,0.0,242.0,1,1,1,1,1
2597,6146831,187.0,18699.99999998939,1,1,0,1.0,0.0,187.0,1,1,1,1,1
2598,6146833,76.0,7599.999999995689,1,1,0,1.0,0.0,76.0,1,1,1,1,1
2599,6146835,668.0,66799.9999999621,1,1,0,1.0,0.0,668.0,1,1,1,1,1
2600,6146837,8.0,799.9999999995462,1,1,0,1.0,0.0,8.0,1,1,1,1,1
2601,6146839,102.0,10199.999999994214,1,1,0,1.0,0.0,102.0,1,1,1,1,1
2602,6146841,11.0,1099.999999999376,1,1,0,1.0,0.0,11.0,1,1,1,1,1
2603,6146843,493.0,49299.99999997203,1,1,0,1.0,0.0,493.0,1,1,1,1,1
2604,6146845,150.0,14999.99999999149,1,1,0,1.0,0.0,150.0,1,1,1,1,1
2605,6146847,860.0,85999.99999995121,1,1,0,1.0,0.0,860.0,1,1,1,1,1
2606,6146849,120.0,11999.999999993193,1,1,0,1.0,0.0,120.0,1,1,1,1,1
2607,6146851,62.0,6199.999999996483,1,1,0,1.0,0.0,62.0,1,1,1,1,1
2608,6146853,79.0,7899.999999995518,1,1,0,1.0,0.0,79.0,1,1,1,1,1
2609,6146857,2114.0,211399.99999988006,1,1,0,1.0,0.0,2114.0,1,1,1,1,1
2610,6146859,285.0,28499.999999983833,1,1,0,1.0,0.0,285.0,1,1,1,1,1
2611,6146863,122.0,12199.999999993079,1,1,0,1.0,0.0,122.0,1,1,1,1,1
2612,6146865,2621.0,262099.9999998513,1,1,0,1.0,0.0,2621.0,1,1,1,1,1
2613,6146867,390.0,38999.999999977874,1,1,0,1.0,0.0,390.0,1,1,1,1,1
2614,6146869,1040.0,103999.999999941,1,1,0,1.0,0.0,1040.0,1,1,1,1,1
2615,6146871,618.0,61799.999999964944,1,1,0,1.0,0.0,618.0,1,1,1,1,1
2616,6146875,1240.0,123999.99999992966,1,1,0,1.0,0.0,1240.0,1,1,1,1,1
2617,6146877,91.0,9099.999999994838,1,1,0,1.0,0.0,91.0,1,1,1,1,1
2618,6146879,42.0,4199.999999997617,1,1,0,1.0,0.0,42.0,1,1,1,1,1
2619,6146881,512.0,51199.999999970954,1,1,0,1.0,0.0,512.0,1,1,1,1,1
2620,6146883,374.0,37399.99999997878,1,1,0,1.0,0.0,374.0,1,1,1,1,1
2621,6146885,412.0,41199.99999997663,1,1,0,1.0,0.0,412.0,1,1,1,1,1
2622,6146887,7.0,699.9999999996029,1,1,0,1.0,0.0,7.0,1,1,1,1,1
2623,6146889,35.0,3499.9999999980146,1,1,0,1.0,0.0,35.0,1,1,1,1,1
2624,6146891,21.0,2099.9999999988086,1,1,0,1.0,0.0,21.0,1,1,1,1,1
2625,6146893,2704.0,270399.9999998466,1,1,0,1.0,0.0,2704.0,1,1,1,1,1
2626,6146895,45.0,4499.999999997447,1,1,0,1.0,0.0,45.0,1,1,1,1,1
2627,6146899,459.0,45899.99999997396,1,1,0,1.0,0.0,459.0,1,1,1,1,1
2628,6146903,4.0,399.9999999997731,1,1,0,1.0,0.0,4.0,1,1,1,1,1
2629,6146905,1098.0,109799.99999993772,1,1,0,1.0,0.0,1098.0,1,1,1,1,1
2630,6146911,926.0,92599.99999994747,1,1,0,1.0,0.0,926.0,1,1,1,1,1
2631,6146913,57.0,5699.999999996767,1,1,0,1.0,0.0,57.0,1,1,1,1,1
2632,6146915,1970.0,196999.99999988824,1,1,0,1.0,0.0,1970.0,1,1,1,1,1
2633,6146917,1597.0,159699.9999999094,1,1,0,1.0,0.0,1597.0,1,1,1,1,1
2634,6146923,217.0,21699.99999998769,1,1,0,1.0,0.0,217.0,1,1,1,1,1
2635,6146927,1470.0,146999.99999991662,1,1,0,1.0,0.0,1470.0,1,1,1,1,1
2636,6146931,375.0,37499.999999978725,1,1,0,1.0,0.0,375.0,1,1,1,1,1
2637,6146933,6640.0,663999.9999996233,1,1,0,1.0,0.0,6640.0,1,1,1,1,1
2638,6146935,3548.0,354799.9999997987,1,1,0,1.0,0.0,3548.0,1,1,1,1,1
2639,6146937,681.0,68099.99999996136,1,1,0,1.0,0.0,681.0,1,1,1,1,1
2640,6146941,404.0,40399.99999997708,1,1,0,1.0,0.0,404.0,1,1,1,1,1
2641,6146943,1229.0,122899.99999993028,1,1,0,1.0,0.0,1229.0,1,1,1,1,1
2642,6146945,178.0,17799.9999999899,1,1,0,1.0,0.0,178.0,1,1,1,1,1
2643,6146947,1088.0,108799.99999993827,1,1,0,1.0,0.0,1088.0,1,1,1,1,1
2644,6146949,218.0,21799.999999987635,1,1,0,1.0,0.0,218.0,1,1,1,1,1
2645,6146951,571.0,57099.99999996761,1,1,0,1.0,0.0,571.0,1,1,1,1,1
2646,6146953,247.0,24699.999999985987,1,1,0,1.0,0.0,247.0,1,1,1,1,1
2647,6146955,501.0,50099.99999997158,1,1,0,1.0,0.0,501.0,1,1,1,1,1
2648,6146957,1223.0,122299.99999993062,1,1,0,1.0,0.0,1223.0,1,1,1,1,1
2649,6146959,1546.0,154599.9999999123,1,1,0,1.0,0.0,1546.0,1,1,1,1,1
2650,6146961,326.0,32599.999999981505,1,1,0,1.0,0.0,326.0,1,1,1,1,1
2651,6146965,1914.0,191399.9999998914,1,1,0,1.0,0.0,1914.0,1,1,1,1,1
2652,6146967,1877.0,187699.9999998935,1,1,0,1.0,0.0,1877.0,1,1,1,1,1
2653,6146969,28.0,2799.9999999984116,1,1,0,1.0,0.0,28.0,1,1,1,1,1
2654,6146971,2350.0,234999.99999986668,1,1,0,1.0,0.0,2350.0,1,1,1,1,1
2655,6146973,1681.0,168099.99999990463,1,1,0,1.0,0.0,1681.0,1,1,1,1,1
2656,6146975,1067.0,106699.99999993946,1,1,0,1.0,0.0,1067.0,1,1,1,1,1
2657,6146977,102.0,10199.999999994214,1,1,0,1.0,0.0,102.0,1,1,1,1,1
2658,6146979,8.0,799.9999999995462,1,1,0,1.0,0.0,8.0,1,1,1,1,1
2659,6146981,424.0,42399.999999975946,1,1,0,1.0,0.0,424.0,1,1,1,1,1
2660,6146983,92.0,9199.999999994781,1,1,0,1.0,0.0,92.0,1,1,1,1,1
2661,6146985,479.0,47899.999999972824,1,1,0,1.0,0.0,479.0,1,1,1,1,1
2662,6146989,1412.0,141199.9999999199,1,1,0,1.0,0.0,1412.0,1,1,1,1,1
2663,6146991,89.0,8899.99999999495,1,1,0,1.0,0.0,89.0,1,1,1,1,1
2664,6146997,1684.0,168399.99999990448,1,1,0,1.0,0.0,1684.0,1,1,1,1,1
2665,6146999,1195.0,119499.9999999322,1,1,0,1.0,0.0,1195.0,1,1,1,1,1
2666,6147009,323.0,32299.999999981676,1,1,0,1.0,0.0,323.0,1,1,1,1,1
2667,6147011,626.0,62599.999999964486,1,1,0,1.0,0.0,626.0,1,1,1,1,1
2668,6147015,11.0,1099.999999999376,1,1,0,1.0,0.0,11.0,1,1,1,1,1
2669,6147019,454.0,45399.99999997424,1,1,0,1.0,0.0,454.0,1,1,1,1,1
2670,6147029,86.0,8599.999999995121,1,1,0,1.0,0.0,86.0,1,1,1,1,1
2671,6147037,4.0,399.9999999997731,1,1,0,1.0,0.0,4.0,1,1,1,1,1
2672,6147041,476.0,47599.999999973,1,1,0,1.0,0.0,476.0,1,1,1,1,1
2673,6147047,129.0,12899.999999992682,1,1,0,1.0,0.0,129.0,1,1,1,1,1
2674,6147545,1035.0,103499.99999994128,1,1,0,1.0,0.0,1035.0,1,1,1,1,1
2675,6147547,81.0,8099.999999995405,1,1,0,1.0,0.0,81.0,1,1,1,1,1
2676,6147551,31.0,3099.9999999982415,1,1,0,1.0,0.0,31.0,1,1,1,1,1
2677,6147553,189.0,18899.99999998928,1,1,0,1.0,0.0,189.0,1,1,1,1,1
2678,6147555,369.0,36899.99999997907,1,1,0,1.0,0.0,369.0,1,1,1,1,1
2679,6147557,862.0,86199.9999999511,1,1,0,1.0,0.0,862.0,1,1,1,1,1
2680,6147559,63.0,6299.999999996426,1,1,0,1.0,0.0,63.0,1,1,1,1,1
2681,6147563,347.0,34699.99999998031,1,1,0,1.0,0.0,347.0,1,1,1,1,1
2682,6147565,391.0,39099.999999977816,1,1,0,1.0,0.0,391.0,1,1,1,1,1
2683,6147569,3720.0,371999.99999978894,1,1,0,1.0,0.0,3720.0,1,1,1,1,1
2684,6147571,2142.0,214199.9999998785,1,1,0,1.0,0.0,2142.0,1,1,1,1,1
2685,6147573,698.0,69799.9999999604,1,1,0,1.0,0.0,698.0,1,1,1,1,1
2686,6147575,1377.0,137699.99999992189,1,1,0,1.0,0.0,1377.0,1,1,1,1,1
2687,6147577,215.0,21499.999999987802,1,1,0,1.0,0.0,215.0,1,1,1,1,1
2688,6147581,675.0,67499.99999996171,1,1,0,1.0,0.0,675.0,1,1,1,1,1
2689,6147583,6.0,599.9999999996596,1,1,0,1.0,0.0,6.0,1,1,1,1,1
2690,6147587,904.0,90399.99999994872,1,1,0,1.0,0.0,904.0,1,1,1,1,1
2691,6147589,1882.0,188199.99999989325,1,1,0,1.0,0.0,1882.0,1,1,1,1,1
2692,6147591,1342.0,134199.99999992386,1,1,0,1.0,0.0,1342.0,1,1,1,1,1
2693,6147593,157.0,15699.999999991094,1,1,0,1.0,0.0,157.0,1,1,1,1,1
2694,6147595,3030.0,302999.9999998281,1,1,0,1.0,0.0,3030.0,1,1,1,1,1
2695,6147597,59.0,5899.999999996653,1,1,0,1.0,0.0,59.0,1,1,1,1,1
2696,6147599,710.0,70999.99999995972,1,1,0,1.0,0.0,710.0,1,1,1,1,1
2697,6147601,308.0,30799.999999982527,1,1,0,1.0,0.0,308.0,1,1,1,1,1
2698,6147603,87.0,8699.999999995065,1,1,0,1.0,0.0,87.0,1,1,1,1,1
2699,6147605,1069.0,106899.99999993936,1,1,0,1.0,0.0,1069.0,1,1,1,1,1
2700,6147607,95.0,9499.99999999461,1,1,0,1.0,0.0,95.0,1,1,1,1,1
2701,6147611,74.0,7399.999999995802,1,1,0,1.0,0.0,74.0,1,1,1,1,1
2702,6147613,519.0,51899.999999970554,1,1,0,1.0,0.0,519.0,1,1,1,1,1
2703,6147615,836.0,83599.99999995258,1,1,0,1.0,0.0,836.0,1,1,1,1,1
2704,6147617,840.0,83999.99999995234,1,1,0,1.0,0.0,840.0,1,1,1,1,1
2705,6147619,315.0,31499.99999998213,1,1,0,1.0,0.0,315.0,1,1,1,1,1
2706,6147621,398.0,39799.99999997742,1,1,0,1.0,0.0,398.0,1,1,1,1,1
2707,6147625,491.0,49099.99999997215,1,1,0,1.0,0.0,491.0,1,1,1,1,1
2708,6147627,1150.0,114999.99999993476,1,1,0,1.0,0.0,1150.0,1,1,1,1,1
2709,6147631,1025.0,102499.99999994185,1,1,0,1.0,0.0,1025.0,1,1,1,1,1
2710,6147633,329.0,32899.99999998134,1,1,0,1.0,0.0,329.0,1,1,1,1,1
2711,6147635,133.0,13299.999999992455,1,1,0,1.0,0.0,133.0,1,1,1,1,1
2712,6147649,1537.0,153699.9999999128,1,1,0,1.0,0.0,1537.0,1,1,1,1,1
2713,6147655,1238.0,123799.99999992977,1,1,0,1.0,0.0,1238.0,1,1,1,1,1
2714,6147659,182.0,18199.999999989675,1,1,0,1.0,0.0,182.0,1,1,1,1,1
2715,6147661,89.0,8899.99999999495,1,1,0,1.0,0.0,89.0,1,1,1,1,1
2716,6147665,260.0,25999.99999998525,1,1,0,1.0,0.0,260.0,1,1,1,1,1
2717,6147667,308.0,30799.999999982527,1,1,0,1.0,0.0,308.0,1,1,1,1,1
2718,6147669,2714.0,271399.99999984604,1,1,0,1.0,0.0,2714.0,1,1,1,1,1
2719,6147671,2149.0,214899.99999987808,1,1,0,1.0,0.0,2149.0,1,1,1,1,1
2720,6147673,1271.0,127099.9999999279,1,1,0,1.0,0.0,1271.0,1,1,1,1,1
2721,6147675,549.0,54899.99999996886,1,1,0,1.0,0.0,549.0,1,1,1,1,1
2722,6147677,777.0,77699.99999995592,1,1,0,1.0,0.0,777.0,1,1,1,1,1
2723,6147679,278.0,27799.99999998423,1,1,0,1.0,0.0,278.0,1,1,1,1,1
2724,6147681,90.0,8999.999999994894,1,1,0,1.0,0.0,90.0,1,1,1,1,1
2725,6147683,22.0,2199.999999998752,1,1,0,1.0,0.0,22.0,1,1,1,1,1
2726,6147685,1.0,99.99999999994327,1,1,0,1.0,0.0,1.0,1,1,1,1,1
2727,6147689,11.0,1099.999999999376,1,1,0,1.0,0.0,11.0,1,1,1,1,1
2728,6147691,378.0,37799.99999997856,1,1,0,1.0,0.0,378.0,1,1,1,1,1
2729,6147693,18.0,1799.9999999989789,1,1,0,1.0,0.0,18.0,1,1,1,1,1
2730,6147697,382.0,38199.99999997833,1,1,0,1.0,0.0,382.0,1,1,1,1,1
2731,6147699,234.0,23399.999999986725,1,1,0,1.0,0.0,234.0,1,1,1,1,1
2732,6147701,21.0,2099.9999999988086,1,1,0,1.0,0.0,21.0,1,1,1,1,1
2733,6147707,288.0,28799.999999983662,1,1,0,1.0,0.0,288.0,1,1,1,1,1
2734,6147709,65.0,6499.999999996313,1,1,0,1.0,0.0,65.0,1,1,1,1,1
2735,6147711,203.0,20299.999999988482,1,1,0,1.0,0.0,203.0,1,1,1,1,1
2736,6147713,288.0,28799.999999983662,1,1,0,1.0,0.0,288.0,1,1,1,1,1
2737,6147715,179.0,17899.999999989846,1,1,0,1.0,0.0,179.0,1,1,1,1,1
2738,6147717,11.0,1099.999999999376,1,1,0,1.0,0.0,11.0,1,1,1,1,1
2739,6147719,325.0,32499.999999981563,1,1,0,1.0,0.0,325.0,1,1,1,1,1
2740,6147725,230.0,22999.99999998695,1,1,0,1.0,0.0,230.0,1,1,1,1,1
2741,6147727,2479.0,247899.99999985937,1,1,0,1.0,0.0,2479.0,1,1,1,1,1
2742,6147729,250.0,24999.99999998582,1,1,0,1.0,0.0,250.0,1,1,1,1,1
2743,6147731,111.0,11099.999999993703,1,1,0,1.0,0.0,111.0,1,1,1,1,1
2744,6147733,9.0,899.9999999994894,1,1,0,1.0,0.0,9.0,1,1,1,1,1
2745,6147735,102.0,10199.999999994214,1,1,0,1.0,0.0,102.0,1,1,1,1,1
2746,6147737,597.0,59699.99999996613,1,1,0,1.0,0.0,597.0,1,1,1,1,1
2747,6147739,1464.0,146399.99999991694,1,1,0,1.0,0.0,1464.0,1,1,1,1,1
2748,6147741,22.0,2199.999999998752,1,1,0,1.0,0.0,22.0,1,1,1,1,1
2749,6147747,38.0,3799.9999999978445,1,1,0,1.0,0.0,38.0,1,1,1,1,1
2750,6147749,895.0,89499.99999994923,1,1,0,1.0,0.0,895.0,1,1,1,1,1
2751,6147751,26.0,2599.999999998525,1,1,0,1.0,0.0,26.0,1,1,1,1,1
2752,6147753,56.0,5599.999999996823,1,1,0,1.0,0.0,56.0,1,1,1,1,1
2753,6147759,530.0,52999.999999969936,1,1,0,1.0,0.0,530.0,1,1,1,1,1
2754,6147761,44.0,4399.999999997504,1,1,0,1.0,0.0,44.0,1,1,1,1,1
2755,6147769,85.0,8499.999999995178,1,1,0,1.0,0.0,85.0,1,1,1,1,1
2756,6147771,322.0,32199.999999981734,1,1,0,1.0,0.0,322.0,1,1,1,1,1
2757,6147773,1358.0,135799.99999992296,1,1,0,1.0,0.0,1358.0,1,1,1,1,1
2758,6147775,408.0,40799.999999976855,1,1,0,1.0,0.0,408.0,1,1,1,1,1
2759,6147779,336.0,33599.99999998094,1,1,0,1.0,0.0,336.0,1,1,1,1,1
2760,6147785,67.0,6699.999999996199,1,1,0,1.0,0.0,67.0,1,1,1,1,1
2761,6147789,196.0,19599.999999988882,1,1,0,1.0,0.0,196.0,1,1,1,1,1
2762,6147793,2262.0,226199.99999987168,1,1,0,1.0,0.0,2262.0,1,1,1,1,1
2763,6147795,43.0,4299.999999997561,1,1,0,1.0,0.0,43.0,1,1,1,1,1
2764,6147801,807.0,80699.99999995422,1,1,0,1.0,0.0,807.0,1,1,1,1,1
2765,6147813,541.0,54099.99999996931,1,1,0,1.0,0.0,541.0,1,1,1,1,1
2766,6147815,56.0,5599.999999996823,1,1,0,1.0,0.0,56.0,1,1,1,1,1
2767,6147817,672.0,67199.99999996187,1,1,0,1.0,0.0,672.0,1,1,1,1,1
2768,6147827,6.0,599.9999999996596,1,1,0,1.0,0.0,6.0,1,1,1,1,1
2769,6147839,4.0,399.9999999997731,1,1,0,1.0,0.0,4.0,1,1,1,1,1
2770,6147841,3217.0,321699.9999998175,1,1,0,1.0,0.0,3217.0,1,1,1,1,1
2771,6147843,6.0,599.9999999996596,1,1,0,1.0,0.0,6.0,1,1,1,1,1
2772,6147845,988.0,98799.99999994395,1,1,0,1.0,0.0,988.0,1,1,1,1,1
2773,6147847,456.0,45599.999999974134,1,1,0,1.0,0.0,456.0,1,1,1,1,1
2774,6148307,7.0,699.9999999996029,1,1,0,1.0,0.0,7.0,1,1,1,1,1
2775,6148309,331.0,33099.99999998122,1,1,0,1.0,0.0,331.0,1,1,1,1,1
2776,6148311,145.0,14499.999999991775,1,1,0,1.0,0.0,145.0,1,1,1,1,1
2777,6148317,809.0,80899.9999999541,1,1,0,1.0,0.0,809.0,1,1,1,1,1
2778,6148319,1741.0,174099.99999990122,1,1,0,1.0,0.0,1741.0,1,1,1,1,1
2779,6148321,986.0,98599.99999994406,1,1,0,1.0,0.0,986.0,1,1,1,1,1
2780,6148323,276.0,27599.999999984342,1,1,0,1.0,0.0,276.0,1,1,1,1,1
2781,6148325,669.0,66899.99999996205,1,1,0,1.0,0.0,669.0,1,1,1,1,1
2782,6148327,219.0,21899.999999987576,1,1,0,1.0,0.0,219.0,1,1,1,1,1
2783,6148329,682.0,68199.9999999613,1,1,0,1.0,0.0,682.0,1,1,1,1,1
2784,6148331,536.0,53599.999999969594,1,1,0,1.0,0.0,536.0,1,1,1,1,1
2785,6148333,216.0,21599.999999987747,1,1,0,1.0,0.0,216.0,1,1,1,1,1
2786,6148335,2032.0,203199.99999988472,1,1,0,1.0,0.0,2032.0,1,1,1,1,1
2787,6148337,608.0,60799.99999996551,1,1,0,1.0,0.0,608.0,1,1,1,1,1
2788,6148339,317.0,31699.999999982017,1,1,0,1.0,0.0,317.0,1,1,1,1,1
2789,6148341,383.0,38299.999999978274,1,1,0,1.0,0.0,383.0,1,1,1,1,1
2790,6148343,959.0,95899.99999994559,1,1,0,1.0,0.0,959.0,1,1,1,1,1
2791,6148345,393.0,39299.99999997771,1,1,0,1.0,0.0,393.0,1,1,1,1,1
2792,6148347,107.0,10699.99999999393,1,1,0,1.0,0.0,107.0,1,1,1,1,1
2793,6148353,381.0,38099.99999997838,1,1,0,1.0,0.0,381.0,1,1,1,1,1
2794,6148355,111.0,11099.999999993703,1,1,0,1.0,0.0,111.0,1,1,1,1,1
2795,6148357,24.0,2399.9999999986385,1,1,0,1.0,0.0,24.0,1,1,1,1,1
2796,6148359,69.0,6899.9999999960855,1,1,0,1.0,0.0,69.0,1,1,1,1,1
2797,6148363,762.0,76199.99999995677,1,1,0,1.0,0.0,762.0,1,1,1,1,1
2798,6148365,179.0,17899.999999989846,1,1,0,1.0,0.0,179.0,1,1,1,1,1
2799,6148367,49.0,4899.999999997221,1,1,0,1.0,0.0,49.0,1,1,1,1,1
2800,6148369,52.0,5199.99999999705,1,1,0,1.0,0.0,52.0,1,1,1,1,1
2801,6148371,23.0,2299.9999999986953,1,1,0,1.0,0.0,23.0,1,1,1,1,1
2802,6148373,562.0,56199.99999996812,1,1,0,1.0,0.0,562.0,1,1,1,1,1
2803,6148375,307.0,30699.999999982585,1,1,0,1.0,0.0,307.0,1,1,1,1,1
2804,6148377,1057.0,105699.99999994003,1,1,0,1.0,0.0,1057.0,1,1,1,1,1
2805,6148379,3116.0,311599.9999998232,1,1,0,1.0,0.0,3116.0,1,1,1,1,1
2806,6148381,771.0,77099.99999995626,1,1,0,1.0,0.0,771.0,1,1,1,1,1
2807,6148385,654.0,65399.9999999629,1,1,0,1.0,0.0,654.0,1,1,1,1,1
2808,6148387,959.0,95899.99999994559,1,1,0,1.0,0.0,959.0,1,1,1,1,1
2809,6148389,295.0,29499.999999983265,1,1,0,1.0,0.0,295.0,1,1,1,1,1
2810,6148393,30.0,2999.9999999982983,1,1,0,1.0,0.0,30.0,1,1,1,1,1
2811,6148395,123.0,12299.999999993022,1,1,0,1.0,0.0,123.0,1,1,1,1,1
2812,6148397,1893.0,189299.9999998926,1,1,0,1.0,0.0,1893.0,1,1,1,1,1
2813,6148399,38.0,3799.9999999978445,1,1,0,1.0,0.0,38.0,1,1,1,1,1
2814,6148401,187.0,18699.99999998939,1,1,0,1.0,0.0,187.0,1,1,1,1,1
2815,6148403,199.0,19899.99999998871,1,1,0,1.0,0.0,199.0,1,1,1,1,1
2816,6148405,6.0,599.9999999996596,1,1,0,1.0,0.0,6.0,1,1,1,1,1
2817,6148407,873.0,87299.99999995048,1,1,0,1.0,0.0,873.0,1,1,1,1,1
2818,6148409,169.0,16899.999999990414,1,1,0,1.0,0.0,169.0,1,1,1,1,1
2819,6148411,59.0,5899.999999996653,1,1,0,1.0,0.0,59.0,1,1,1,1,1
2820,6148413,115.0,11499.999999993475,1,1,0,1.0,0.0,115.0,1,1,1,1,1
2821,6148419,366.0,36599.999999979234,1,1,0,1.0,0.0,366.0,1,1,1,1,1
2822,6148423,90.0,8999.999999994894,1,1,0,1.0,0.0,90.0,1,1,1,1,1
2823,6148425,1072.0,107199.99999993919,1,1,0,1.0,0.0,1072.0,1,1,1,1,1
2824,6148427,40.0,3999.999999997731,1,1,0,1.0,0.0,40.0,1,1,1,1,1
2825,6148429,29.0,2899.9999999983547,1,1,0,1.0,0.0,29.0,1,1,1,1,1
2826,6148435,294.0,29399.99999998332,1,1,0,1.0,0.0,294.0,1,1,1,1,1
2827,6148443,13.0,1299.9999999992624,1,1,0,1.0,0.0,13.0,1,1,1,1,1
2828,6148449,687.0,68699.99999996103,1,1,0,1.0,0.0,687.0,1,1,1,1,1
2829,6148455,2696.0,269599.99999984703,1,1,0,1.0,0.0,2696.0,1,1,1,1,1
2830,6148457,114.0,11399.999999993533,1,1,0,1.0,0.0,114.0,1,1,1,1,1
2831,6148463,184.0,18399.999999989563,1,1,0,1.0,0.0,184.0,1,1,1,1,1
2832,6148465,1.0,99.99999999994327,1,1,0,1.0,0.0,1.0,1,1,1,1,1
2833,6148467,1107.0,110699.9999999372,1,1,0,1.0,0.0,1107.0,1,1,1,1,1
2834,6148469,5876.0,587599.9999996667,1,1,0,1.0,0.0,5876.0,1,1,1,1,1
2835,6148471,557.0,55699.9999999684,1,1,0,1.0,0.0,557.0,1,1,1,1,1
2836,6148473,240.0,23999.999999986387,1,1,0,1.0,0.0,240.0,1,1,1,1,1
2837,6148475,116.0,11599.999999993419,1,1,0,1.0,0.0,116.0,1,1,1,1,1
2838,6148479,778.0,77799.99999995586,1,1,0,1.0,0.0,778.0,1,1,1,1,1
2839,6148481,821.0,82099.99999995342,1,1,0,1.0,0.0,821.0,1,1,1,1,1
2840,6148487,150.0,14999.99999999149,1,1,0,1.0,0.0,150.0,1,1,1,1,1
2841,6148491,339.0,33899.99999998077,1,1,0,1.0,0.0,339.0,1,1,1,1,1
2842,6148495,235.0,23499.999999986667,1,1,0,1.0,0.0,235.0,1,1,1,1,1
2843,6148497,159.0,15899.99999999098,1,1,0,1.0,0.0,159.0,1,1,1,1,1
2844,6148499,327.0,32699.99999998145,1,1,0,1.0,0.0,327.0,1,1,1,1,1
2845,6148501,775.0,77499.99999995604,1,1,0,1.0,0.0,775.0,1,1,1,1,1
2846,6148503,691.0,69099.9999999608,1,1,0,1.0,0.0,691.0,1,1,1,1,1
2847,6148505,2992.0,299199.99999983027,1,1,0,1.0,0.0,2992.0,1,1,1,1,1
2848,6148507,84.0,8399.999999995234,1,1,0,1.0,0.0,84.0,1,1,1,1,1
2849,6148509,731.0,73099.99999995853,1,1,0,1.0,0.0,731.0,1,1,1,1,1
2850,6148513,166.0,16599.99999999058,1,1,0,1.0,0.0,166.0,1,1,1,1,1
2851,6148517,4.0,399.9999999997731,1,1,0,1.0,0.0,4.0,1,1,1,1,1
2852,6148519,277.0,27699.999999984288,1,1,0,1.0,0.0,277.0,1,1,1,1,1
2853,6148521,296.0,29599.999999983207,1,1,0,1.0,0.0,296.0,1,1,1,1,1
2854,6148523,349.0,34899.9999999802,1,1,0,1.0,0.0,349.0,1,1,1,1,1
2855,6148525,58.0,5799.999999996709,1,1,0,1.0,0.0,58.0,1,1,1,1,1
2856,6148527,361.0,36099.99999997952,1,1,0,1.0,0.0,361.0,1,1,1,1,1
2857,6148529,1989.0,198899.99999988716,1,1,0,1.0,0.0,1989.0,1,1,1,1,1
2858,6148531,86.0,8599.999999995121,1,1,0,1.0,0.0,86.0,1,1,1,1,1
2859,6148533,1356.0,135599.99999992308,1,1,0,1.0,0.0,1356.0,1,1,1,1,1
2860,6148535,5716.0,571599.9999996758,1,1,0,1.0,0.0,5716.0,1,1,1,1,1
2861,6148537,382.0,38199.99999997833,1,1,0,1.0,0.0,382.0,1,1,1,1,1
2862,6148539,45.0,4499.999999997447,1,1,0,1.0,0.0,45.0,1,1,1,1,1
2863,6148541,118.0,11799.999999993306,1,1,0,1.0,0.0,118.0,1,1,1,1,1
2864,6148543,63.0,6299.999999996426,1,1,0,1.0,0.0,63.0,1,1,1,1,1
2865,6148545,1442.0,144199.9999999182,1,1,0,1.0,0.0,1442.0,1,1,1,1,1
2866,6148547,262.0,26199.999999985135,1,1,0,1.0,0.0,262.0,1,1,1,1,1
2867,6148549,1.0,99.99999999994327,1,1,0,1.0,0.0,1.0,1,1,1,1,1
2868,6148551,304.0,30399.999999982756,1,1,0,1.0,0.0,304.0,1,1,1,1,1
2869,6148553,219.0,21899.999999987576,1,1,0,1.0,0.0,219.0,1,1,1,1,1
2870,6148555,221.0,22099.999999987464,1,1,0,1.0,0.0,221.0,1,1,1,1,1
2871,6148557,19.0,1899.9999999989222,1,1,0,1.0,0.0,19.0,1,1,1,1,1
2872,6148559,96.0,9599.999999994554,1,1,0,1.0,0.0,96.0,1,1,1,1,1
2873,6148561,1139.0,113899.99999993539,1,1,0,1.0,0.0,1139.0,1,1,1,1,1
2874,6148563,13.0,1299.9999999992624,1,1,0,1.0,0.0,13.0,1,1,1,1,1
2875,6148567,1859.0,185899.99999989453,1,1,0,1.0,0.0,1859.0,1,1,1,1,1
2876,6148569,50.0,4999.999999997163,1,1,0,1.0,0.0,50.0,1,1,1,1,1
2877,6148571,56.0,5599.999999996823,1,1,0,1.0,0.0,56.0,1,1,1,1,1
2878,6148573,269.0,26899.99999998474,1,1,0,1.0,0.0,269.0,1,1,1,1,1
2879,6148575,40.0,3999.999999997731,1,1,0,1.0,0.0,40.0,1,1,1,1,1
2880,6148577,204.0,20399.999999988428,1,1,0,1.0,0.0,204.0,1,1,1,1,1
2881,6148579,68.0,6799.999999996142,1,1,0,1.0,0.0,68.0,1,1,1,1,1
2882,6148587,591.0,59099.99999996647,1,1,0,1.0,0.0,591.0,1,1,1,1,1
2883,6148589,8.0,799.9999999995462,1,1,0,1.0,0.0,8.0,1,1,1,1,1
2884,6148593,1400.0,139999.99999992058,1,1,0,1.0,0.0,1400.0,1,1,1,1,1
2885,6148595,150.0,14999.99999999149,1,1,0,1.0,0.0,150.0,1,1,1,1,1
2886,6148597,239.0,23899.99999998644,1,1,0,1.0,0.0,239.0,1,1,1,1,1
2887,6148599,262.0,26199.999999985135,1,1,0,1.0,0.0,262.0,1,1,1,1,1
2888,6148601,97.0,9699.999999994498,1,1,0,1.0,0.0,97.0,1,1,1,1,1
2889,6148605,3.0,299.9999999998298,1,1,0,1.0,0.0,3.0,1,1,1,1,1
2890,6148607,653.0,65299.99999996296,1,1,0,1.0,0.0,653.0,1,1,1,1,1
2891,6148609,212.0,21199.999999987973,1,1,0,1.0,0.0,212.0,1,1,1,1,1
2892,6148611,243.0,24299.999999986216,1,1,0,1.0,0.0,243.0,1,1,1,1,1
2893,6148613,4960.0,495999.9999997186,1,1,0,1.0,0.0,4960.0,1,1,1,1,1
2894,6148615,57.0,5699.999999996767,1,1,0,1.0,0.0,57.0,1,1,1,1,1
2895,6148617,514.0,51399.99999997084,1,1,0,1.0,0.0,514.0,1,1,1,1,1
2896,6148621,1114.0,111399.9999999368,1,1,0,1.0,0.0,1114.0,1,1,1,1,1
2897,6148629,68.0,6799.999999996142,1,1,0,1.0,0.0,68.0,1,1,1,1,1
2898,6148631,781.0,78099.99999995569,1,1,0,1.0,0.0,781.0,1,1,1,1,1
2899,6148633,775.0,77499.99999995604,1,1,0,1.0,0.0,775.0,1,1,1,1,1
2900,6148639,731.0,73099.99999995853,1,1,0,1.0,0.0,731.0,1,1,1,1,1
2901,6148641,403.0,40299.99999997714,1,1,0,1.0,0.0,403.0,1,1,1,1,1
2902,6148643,3.0,299.9999999998298,1,1,0,1.0,0.0,3.0,1,1,1,1,1
2903,6148645,380.0,37999.99999997844,1,1,0,1.0,0.0,380.0,1,1,1,1,1
2904,6148647,96.0,9599.999999994554,1,1,0,1.0,0.0,96.0,1,1,1,1,1
2905,6148649,3.0,299.9999999998298,1,1,0,1.0,0.0,3.0,1,1,1,1,1
2906,6148651,8.0,799.9999999995462,1,1,0,1.0,0.0,8.0,1,1,1,1,1
2907,6148653,73.0,7299.999999995859,1,1,0,1.0,0.0,73.0,1,1,1,1,1
2908,6148655,1139.0,113899.99999993539,1,1,0,1.0,0.0,1139.0,1,1,1,1,1
2909,6148661,1448.0,144799.99999991787,1,1,0,1.0,0.0,1448.0,1,1,1,1,1
2910,6148663,1838.0,183799.99999989572,1,1,0,1.0,0.0,1838.0,1,1,1,1,1
2911,6148667,115.0,11499.999999993475,1,1,0,1.0,0.0,115.0,1,1,1,1,1
2912,6148669,249.0,24899.999999985874,1,1,0,1.0,0.0,249.0,1,1,1,1,1
2913,6148675,258.0,25799.999999985364,1,1,0,1.0,0.0,258.0,1,1,1,1,1
2914,6148677,651.0,65099.99999996307,1,1,0,1.0,0.0,651.0,1,1,1,1,1
2915,6148679,71.0,7099.999999995972,1,1,0,1.0,0.0,71.0,1,1,1,1,1
2916,6148681,260.0,25999.99999998525,1,1,0,1.0,0.0,260.0,1,1,1,1,1
2917,6148683,524.0,52399.99999997027,1,1,0,1.0,0.0,524.0,1,1,1,1,1
2918,6148685,35.0,3499.9999999980146,1,1,0,1.0,0.0,35.0,1,1,1,1,1
2919,6148687,135.0,13499.999999992342,1,1,0,1.0,0.0,135.0,1,1,1,1,1
2920,6148689,672.0,67199.99999996187,1,1,0,1.0,0.0,672.0,1,1,1,1,1
2921,6148691,106.0,10599.999999993986,1,1,0,1.0,0.0,106.0,1,1,1,1,1
2922,6148693,559.0,55899.99999996829,1,1,0,1.0,0.0,559.0,1,1,1,1,1
2923,6148695,34.0,3399.999999998071,1,1,0,1.0,0.0,34.0,1,1,1,1,1
2924,6148699,1.0,99.99999999994327,1,1,0,1.0,0.0,1.0,1,1,1,1,1
2925,6148701,2623.0,262299.9999998512,1,1,0,1.0,0.0,2623.0,1,1,1,1,1
2926,6148705,2990.0,298999.9999998304,1,1,0,1.0,0.0,2990.0,1,1,1,1,1
2927,6148707,1103.0,110299.99999993743,1,1,0,1.0,0.0,1103.0,1,1,1,1,1
2928,6148715,419.0,41899.99999997623,1,1,0,1.0,0.0,419.0,1,1,1,1,1
2929,6148723,2111.0,211099.99999988024,1,1,0,1.0,0.0,2111.0,1,1,1,1,1
2930,6148725,9.0,899.9999999994894,1,1,0,1.0,0.0,9.0,1,1,1,1,1
2931,6148727,562.0,56199.99999996812,1,1,0,1.0,0.0,562.0,1,1,1,1,1
2932,6148729,2044.0,204399.99999988405,1,1,0,1.0,0.0,2044.0,1,1,1,1,1
2933,6148731,299.0,29899.999999983036,1,1,0,1.0,0.0,299.0,1,1,1,1,1
2934,6148733,3037.0,303699.9999998277,1,1,0,1.0,0.0,3037.0,1,1,1,1,1
2935,6148735,621.0,62099.99999996477,1,1,0,1.0,0.0,621.0,1,1,1,1,1
2936,6148741,854.0,85399.99999995156,1,1,0,1.0,0.0,854.0,1,1,1,1,1
2937,6148743,454.0,45399.99999997424,1,1,0,1.0,0.0,454.0,1,1,1,1,1
2938,6148749,184.0,18399.999999989563,1,1,0,1.0,0.0,184.0,1,1,1,1,1
2939,6148751,679.0,67899.99999996148,1,1,0,1.0,0.0,679.0,1,1,1,1,1
2940,6148753,75.0,7499.999999995745,1,1,0,1.0,0.0,75.0,1,1,1,1,1
2941,6148755,198.0,19799.999999988766,1,1,0,1.0,0.0,198.0,1,1,1,1,1
2942,6148757,3.0,299.9999999998298,1,1,0,1.0,0.0,3.0,1,1,1,1,1
2943,6148759,139.0,13899.999999992115,1,1,0,1.0,0.0,139.0,1,1,1,1,1
2944,6148761,3357.0,335699.99999980954,1,1,0,1.0,0.0,3357.0,1,1,1,1,1
2945,6148763,229.0,22899.99999998701,1,1,0,1.0,0.0,229.0,1,1,1,1,1
2946,6148765,332.0,33199.99999998116,1,1,0,1.0,0.0,332.0,1,1,1,1,1
2947,6148767,3.0,299.9999999998298,1,1,0,1.0,0.0,3.0,1,1,1,1,1
2948,6148769,1084.0,108399.9999999385,1,1,0,1.0,0.0,1084.0,1,1,1,1,1
2949,6148771,91.0,9099.999999994838,1,1,0,1.0,0.0,91.0,1,1,1,1,1
2950,6148773,889.0,88899.99999994956,1,1,0,1.0,0.0,889.0,1,1,1,1,1
2951,6148775,559.0,55899.99999996829,1,1,0,1.0,0.0,559.0,1,1,1,1,1
2952,6148777,415.0,41499.999999976455,1,1,0,1.0,0.0,415.0,1,1,1,1,1
2953,6148781,1567.0,156699.99999991112,1,1,0,1.0,0.0,1567.0,1,1,1,1,1
2954,6148785,5.0,499.99999999971635,1,1,0,1.0,0.0,5.0,1,1,1,1,1
2955,6148787,970.0,96999.99999994498,1,1,0,1.0,0.0,970.0,1,1,1,1,1
2956,6148789,246.0,24599.999999986045,1,1,0,1.0,0.0,246.0,1,1,1,1,1
2957,6148793,628.0,62799.99999996438,1,1,0,1.0,0.0,628.0,1,1,1,1,1
2958,6148795,1475.0,147499.99999991633,1,1,0,1.0,0.0,1475.0,1,1,1,1,1
2959,6148797,5817.0,581699.99999967,1,1,0,1.0,0.0,5817.0,1,1,1,1,1
2960,6148801,30.0,2999.9999999982983,1,1,0,1.0,0.0,30.0,1,1,1,1,1
2961,6148803,230.0,22999.99999998695,1,1,0,1.0,0.0,230.0,1,1,1,1,1
2962,6148805,59.0,5899.999999996653,1,1,0,1.0,0.0,59.0,1,1,1,1,1
2963,6148809,3863.0,386299.99999978085,1,1,0,1.0,0.0,3863.0,1,1,1,1,1
2964,6148811,296.0,29599.999999983207,1,1,0,1.0,0.0,296.0,1,1,1,1,1
2965,6148813,123.0,12299.999999993022,1,1,0,1.0,0.0,123.0,1,1,1,1,1
2966,6148815,9.0,899.9999999994894,1,1,0,1.0,0.0,9.0,1,1,1,1,1
2967,6148817,27.0,2699.9999999984684,1,1,0,1.0,0.0,27.0,1,1,1,1,1
2968,6148819,19.0,1899.9999999989222,1,1,0,1.0,0.0,19.0,1,1,1,1,1
2969,6148821,1799.0,179899.99999989793,1,1,0,1.0,0.0,1799.0,1,1,1,1,1
2970,6148829,6.0,599.9999999996596,1,1,0,1.0,0.0,6.0,1,1,1,1,1
2971,6148831,138.0,13799.999999992171,1,1,0,1.0,0.0,138.0,1,1,1,1,1
2972,6148833,997.0,99699.99999994344,1,1,0,1.0,0.0,997.0,1,1,1,1,1
2973,6148835,146.0,14599.999999991718,1,1,0,1.0,0.0,146.0,1,1,1,1,1
2974,6148837,621.0,62099.99999996477,1,1,0,1.0,0.0,621.0,1,1,1,1,1
2975,6148843,223.0,22299.99999998735,1,1,0,1.0,0.0,223.0,1,1,1,1,1
2976,6148845,637.0,63699.99999996386,1,1,0,1.0,0.0,637.0,1,1,1,1,1
2977,6148847,115.0,11499.999999993475,1,1,0,1.0,0.0,115.0,1,1,1,1,1
2978,6148849,652.0,65199.99999996301,1,1,0,1.0,0.0,652.0,1,1,1,1,1
2979,6148853,1045.0,104499.99999994072,1,1,0,1.0,0.0,1045.0,1,1,1,1,1
2980,6148855,276.0,27599.999999984342,1,1,0,1.0,0.0,276.0,1,1,1,1,1
2981,6148857,728.0,72799.9999999587,1,1,0,1.0,0.0,728.0,1,1,1,1,1
2982,6148859,94.0,9399.999999994667,1,1,0,1.0,0.0,94.0,1,1,1,1,1
2983,6148861,22.0,2199.999999998752,1,1,0,1.0,0.0,22.0,1,1,1,1,1
2984,6148865,562.0,56199.99999996812,1,1,0,1.0,0.0,562.0,1,1,1,1,1
2985,6148869,872.0,87199.99999995054,1,1,0,1.0,0.0,872.0,1,1,1,1,1
2986,6148871,648.0,64799.99999996324,1,1,0,1.0,0.0,648.0,1,1,1,1,1
2987,6148873,814.0,81399.99999995383,1,1,0,1.0,0.0,814.0,1,1,1,1,1
2988,6148875,86.0,8599.999999995121,1,1,0,1.0,0.0,86.0,1,1,1,1,1
2989,6148881,791.0,79099.99999995512,1,1,0,1.0,0.0,791.0,1,1,1,1,1
2990,6148891,56.0,5599.999999996823,1,1,0,1.0,0.0,56.0,1,1,1,1,1
2991,6148893,645.0,64499.99999996341,1,1,0,1.0,0.0,645.0,1,1,1,1,1
2992,6148895,98.0,9799.999999994441,1,1,0,1.0,0.0,98.0,1,1,1,1,1
2993,6148897,2345.0,234499.99999986697,1,1,0,1.0,0.0,2345.0,1,1,1,1,1
2994,6148899,855.0,85499.9999999515,1,1,0,1.0,0.0,855.0,1,1,1,1,1
2995,6148901,999.0,99899.99999994332,1,1,0,1.0,0.0,999.0,1,1,1,1,1
2996,6148903,221.0,22099.999999987464,1,1,0,1.0,0.0,221.0,1,1,1,1,1
2997,6148907,380.0,37999.99999997844,1,1,0,1.0,0.0,380.0,1,1,1,1,1
2998,6148909,252.0,25199.999999985703,1,1,0,1.0,0.0,252.0,1,1,1,1,1
2999,6148911,53.0,5299.999999996993,1,1,0,1.0,0.0,53.0,1,1,1,1,1
3000,6148913,625.0,62499.999999964544,1,1,0,1.0,0.0,625.0,1,1,1,1,1
3001,6148917,211.0,21099.99999998803,1,1,0,1.0,0.0,211.0,1,1,1,1,1
3002,6148919,4.0,399.9999999997731,1,1,0,1.0,0.0,4.0,1,1,1,1,1
3003,6148921,257.0,25699.99999998542,1,1,0,1.0,0.0,257.0,1,1,1,1,1
3004,6148927,896.0,89599.99999994917,1,1,0,1.0,0.0,896.0,1,1,1,1,1
3005,6148929,1399.0,139899.99999992063,1,1,0,1.0,0.0,1399.0,1,1,1,1,1
3006,6148931,194.0,19399.999999988995,1,1,0,1.0,0.0,194.0,1,1,1,1,1
3007,6148933,998.0,99799.99999994338,1,1,0,1.0,0.0,998.0,1,1,1,1,1
3008,6148937,552.0,55199.999999968684,1,1,0,1.0,0.0,552.0,1,1,1,1,1
3009,6148939,150.0,14999.99999999149,1,1,0,1.0,0.0,150.0,1,1,1,1,1
3010,6148941,628.0,62799.99999996438,1,1,0,1.0,0.0,628.0,1,1,1,1,1
3011,6148943,707.0,70699.9999999599,1,1,0,1.0,0.0,707.0,1,1,1,1,1
3012,6148945,269.0,26899.99999998474,1,1,0,1.0,0.0,269.0,1,1,1,1,1
3013,6148947,572.0,57199.99999996755,1,1,0,1.0,0.0,572.0,1,1,1,1,1
3014,6148949,135.0,13499.999999992342,1,1,0,1.0,0.0,135.0,1,1,1,1,1
3015,6148951,1248.0,124799.9999999292,1,1,0,1.0,0.0,1248.0,1,1,1,1,1
3016,6148953,523.0,52299.99999997033,1,1,0,1.0,0.0,523.0,1,1,1,1,1
3017,6148955,457.0,45699.999999974076,1,1,0,1.0,0.0,457.0,1,1,1,1,1
3018,6148957,503.0,50299.999999971464,1,1,0,1.0,0.0,503.0,1,1,1,1,1
3019,6148961,2029.0,202899.9999998849,1,1,0,1.0,0.0,2029.0,1,1,1,1,1
3020,6148963,9.0,899.9999999994894,1,1,0,1.0,0.0,9.0,1,1,1,1,1
3021,6148965,185.0,18499.999999989504,1,1,0,1.0,0.0,185.0,1,1,1,1,1
3022,6148969,52.0,5199.99999999705,1,1,0,1.0,0.0,52.0,1,1,1,1,1
3023,6148971,2991.0,299099.9999998303,1,1,0,1.0,0.0,2991.0,1,1,1,1,1
3024,6148973,857.0,85699.99999995138,1,1,0,1.0,0.0,857.0,1,1,1,1,1
3025,6148975,171.0,17099.999999990298,1,1,0,1.0,0.0,171.0,1,1,1,1,1
3026,6148977,474.0,47399.99999997311,1,1,0,1.0,0.0,474.0,1,1,1,1,1
3027,6148979,240.0,23999.999999986387,1,1,0,1.0,0.0,240.0,1,1,1,1,1
3028,6148981,317.0,31699.999999982017,1,1,0,1.0,0.0,317.0,1,1,1,1,1
3029,6148983,233.0,23299.999999986783,1,1,0,1.0,0.0,233.0,1,1,1,1,1
3030,6148985,2379.0,237899.99999986505,1,1,0,1.0,0.0,2379.0,1,1,1,1,1
3031,6148987,31.0,3099.9999999982415,1,1,0,1.0,0.0,31.0,1,1,1,1,1
3032,6148989,62.0,6199.999999996483,1,1,0,1.0,0.0,62.0,1,1,1,1,1
3033,6148993,10169.0,1016899.9999994232,1,1,0,1.0,0.0,10169.0,1,1,1,1,1
3034,6148995,3018.0,301799.9999998288,1,1,0,1.0,0.0,3018.0,1,1,1,1,1
3035,6148997,711.0,71099.99999995966,1,1,0,1.0,0.0,711.0,1,1,1,1,1
3036,6149001,8.0,799.9999999995462,1,1,0,1.0,0.0,8.0,1,1,1,1,1
3037,6149003,314.0,31399.99999998219,1,1,0,1.0,0.0,314.0,1,1,1,1,1
3038,6149005,490.0,48999.999999972206,1,1,0,1.0,0.0,490.0,1,1,1,1,1
3039,6149007,1794.0,179399.99999989822,1,1,0,1.0,0.0,1794.0,1,1,1,1,1
3040,6149009,614.0,61399.99999996517,1,1,0,1.0,0.0,614.0,1,1,1,1,1
3041,6149011,882.0,88199.99999994997,1,1,0,1.0,0.0,882.0,1,1,1,1,1
3042,6149013,701.0,70099.99999996023,1,1,0,1.0,0.0,701.0,1,1,1,1,1
3043,6149015,1241.0,124099.9999999296,1,1,0,1.0,0.0,1241.0,1,1,1,1,1
3044,6149017,2627.0,262699.999999851,1,1,0,1.0,0.0,2627.0,1,1,1,1,1
3045,6149019,858.0,85799.99999995132,1,1,0,1.0,0.0,858.0,1,1,1,1,1
3046,6149023,365.0,36499.99999997929,1,1,0,1.0,0.0,365.0,1,1,1,1,1
3047,6149025,1565.0,156499.9999999112,1,1,0,1.0,0.0,1565.0,1,1,1,1,1
3048,6149027,144.0,14399.999999991831,1,1,0,1.0,0.0,144.0,1,1,1,1,1
3049,6149029,7.0,699.9999999996029,1,1,0,1.0,0.0,7.0,1,1,1,1,1
3050,6149031,65.0,6499.999999996313,1,1,0,1.0,0.0,65.0,1,1,1,1,1
3051,6149033,440.0,43999.999999975036,1,1,0,1.0,0.0,440.0,1,1,1,1,1
3052,6149035,4.0,399.9999999997731,1,1,0,1.0,0.0,4.0,1,1,1,1,1
3053,6149037,18.0,1799.9999999989789,1,1,0,1.0,0.0,18.0,1,1,1,1,1
3054,6149039,285.0,28499.999999983833,1,1,0,1.0,0.0,285.0,1,1,1,1,1
3055,6149041,3210.0,320999.9999998179,1,1,0,1.0,0.0,3210.0,1,1,1,1,1
3056,6149043,9.0,899.9999999994894,1,1,0,1.0,0.0,9.0,1,1,1,1,1
3057,6149045,188.0,18799.999999989333,1,1,0,1.0,0.0,188.0,1,1,1,1,1
3058,6149047,485.0,48499.99999997249,1,1,0,1.0,0.0,485.0,1,1,1,1,1
3059,6149049,707.0,70699.9999999599,1,1,0,1.0,0.0,707.0,1,1,1,1,1
3060,6149051,180.0,17999.99999998979,1,1,0,1.0,0.0,180.0,1,1,1,1,1
3061,6149053,8884.0,888399.999999496,1,1,0,1.0,0.0,8884.0,1,1,1,1,1
3062,6149055,70.0,6999.999999996029,1,1,0,1.0,0.0,70.0,1,1,1,1,1
3063,6149057,462.0,46199.99999997379,1,1,0,1.0,0.0,462.0,1,1,1,1,1
3064,6149059,411.0,41099.99999997668,1,1,0,1.0,0.0,411.0,1,1,1,1,1
3065,6149061,2430.0,242999.99999986214,1,1,0,1.0,0.0,2430.0,1,1,1,1,1
3066,6149063,2439.0,243899.99999986164,1,1,0,1.0,0.0,2439.0,1,1,1,1,1
3067,6149069,1033.0,103299.9999999414,1,1,0,1.0,0.0,1033.0,1,1,1,1,1
3068,6149071,205.0,20499.99999998837,1,1,0,1.0,0.0,205.0,1,1,1,1,1
3069,6149075,2033.0,203299.99999988466,1,1,0,1.0,0.0,2033.0,1,1,1,1,1
3070,6149077,287.0,28699.99999998372,1,1,0,1.0,0.0,287.0,1,1,1,1,1
3071,6149079,825.0,82499.9999999532,1,1,0,1.0,0.0,825.0,1,1,1,1,1
3072,6149083,2768.0,276799.99999984296,1,1,0,1.0,0.0,2768.0,1,1,1,1,1
3073,6149085,120.0,11999.999999993193,1,1,0,1.0,0.0,120.0,1,1,1,1,1
3074,6149087,38.0,3799.9999999978445,1,1,0,1.0,0.0,38.0,1,1,1,1,1
3075,6149089,96.0,9599.999999994554,1,1,0,1.0,0.0,96.0,1,1,1,1,1
3076,6149093,741.0,74099.99999995796,1,1,0,1.0,0.0,741.0,1,1,1,1,1
3077,6149095,5129.0,512899.999999709,1,1,0,1.0,0.0,5129.0,1,1,1,1,1
3078,6149097,79.0,7899.999999995518,1,1,0,1.0,0.0,79.0,1,1,1,1,1
3079,6149099,1589.0,158899.99999990987,1,1,0,1.0,0.0,1589.0,1,1,1,1,1
3080,6149101,958.0,95799.99999994565,1,1,0,1.0,0.0,958.0,1,1,1,1,1
3081,6149103,198.0,19799.999999988766,1,1,0,1.0,0.0,198.0,1,1,1,1,1
3082,6149107,279.0,27899.99999998417,1,1,0,1.0,0.0,279.0,1,1,1,1,1
3083,6149109,157.0,15699.999999991094,1,1,0,1.0,0.0,157.0,1,1,1,1,1
3084,6149111,64.0,6399.999999996369,1,1,0,1.0,0.0,64.0,1,1,1,1,1
3085,6149113,11.0,1099.999999999376,1,1,0,1.0,0.0,11.0,1,1,1,1,1
3086,6149117,292.0,29199.999999983436,1,1,0,1.0,0.0,292.0,1,1,1,1,1
3087,6149119,124.0,12399.999999992966,1,1,0,1.0,0.0,124.0,1,1,1,1,1
3088,6149123,3.0,299.9999999998298,1,1,0,1.0,0.0,3.0,1,1,1,1,1
3089,6149129,2.0,199.99999999988654,1,1,0,1.0,0.0,2.0,1,1,1,1,1
3090,6149131,1.0,99.99999999994327,1,1,0,1.0,0.0,1.0,1,1,1,1,1
3091,6149135,161.0,16099.999999990867,1,1,0,1.0,0.0,161.0,1,1,1,1,1
3092,6149137,4.0,399.9999999997731,1,1,0,1.0,0.0,4.0,1,1,1,1,1
3093,6149141,517.0,51699.99999997067,1,1,0,1.0,0.0,517.0,1,1,1,1,1
3094,6149145,1129.0,112899.99999993596,1,1,0,1.0,0.0,1129.0,1,1,1,1,1
3095,6149147,353.0,35299.99999997998,1,1,0,1.0,0.0,353.0,1,1,1,1,1
3096,6149149,113.0,11299.99999999359,1,1,0,1.0,0.0,113.0,1,1,1,1,1
3097,6149153,55.0,5499.9999999968795,1,1,0,1.0,0.0,55.0,1,1,1,1,1
3098,6149155,259.0,25899.999999985306,1,1,0,1.0,0.0,259.0,1,1,1,1,1
3099,6149157,717.0,71699.99999995933,1,1,0,1.0,0.0,717.0,1,1,1,1,1
3100,6149159,331.0,33099.99999998122,1,1,0,1.0,0.0,331.0,1,1,1,1,1
3101,6149161,319.0,31899.999999981905,1,1,0,1.0,0.0,319.0,1,1,1,1,1
3102,6149163,301.0,30099.999999982923,1,1,0,1.0,0.0,301.0,1,1,1,1,1
3103,6149167,84.0,8399.999999995234,1,1,0,1.0,0.0,84.0,1,1,1,1,1
3104,6149171,1162.0,116199.99999993408,1,1,0,1.0,0.0,1162.0,1,1,1,1,1
3105,6149173,332.0,33199.99999998116,1,1,0,1.0,0.0,332.0,1,1,1,1,1
3106,6149177,20.0,1999.9999999988654,1,1,0,1.0,0.0,20.0,1,1,1,1,1
3107,6149181,69.0,6899.9999999960855,1,1,0,1.0,0.0,69.0,1,1,1,1,1
3108,6149189,47.0,4699.999999997333,1,1,0,1.0,0.0,47.0,1,1,1,1,1
3109,6149191,1064.0,106399.99999993964,1,1,0,1.0,0.0,1064.0,1,1,1,1,1
3110,6149195,47.0,4699.999999997333,1,1,0,1.0,0.0,47.0,1,1,1,1,1
3111,6149197,383.0,38299.999999978274,1,1,0,1.0,0.0,383.0,1,1,1,1,1
3112,6149199,216.0,21599.999999987747,1,1,0,1.0,0.0,216.0,1,1,1,1,1
3113,6149201,335.0,33499.999999980995,1,1,0,1.0,0.0,335.0,1,1,1,1,1
3114,6149203,211.0,21099.99999998803,1,1,0,1.0,0.0,211.0,1,1,1,1,1
3115,6149319,789.0,78899.99999995524,1,1,0,1.0,0.0,789.0,1,1,1,1,1
3116,6149321,26.0,2599.999999998525,1,1,0,1.0,0.0,26.0,1,1,1,1,1
3117,6149327,481.0,48099.999999972715,1,1,0,1.0,0.0,481.0,1,1,1,1,1
3118,6149329,157.0,15699.999999991094,1,1,0,1.0,0.0,157.0,1,1,1,1,1
3119,6149335,1632.0,163199.99999990742,1,1,0,1.0,0.0,1632.0,1,1,1,1,1
3120,6149337,392.0,39199.999999977765,1,1,0,1.0,0.0,392.0,1,1,1,1,1
3121,6149339,1451.0,145099.9999999177,1,1,0,1.0,0.0,1451.0,1,1,1,1,1
3122,6149341,884.0,88399.99999994985,1,1,0,1.0,0.0,884.0,1,1,1,1,1
3123,6149347,359.0,35899.999999979635,1,1,0,1.0,0.0,359.0,1,1,1,1,1
3124,6149349,1253.0,125299.99999992891,1,1,0,1.0,0.0,1253.0,1,1,1,1,1
3125,6149351,438.0,43799.99999997515,1,1,0,1.0,0.0,438.0,1,1,1,1,1
3126,6149353,276.0,27599.999999984342,1,1,0,1.0,0.0,276.0,1,1,1,1,1
3127,6149355,3247.0,324699.9999998158,1,1,0,1.0,0.0,3247.0,1,1,1,1,1
3128,6149357,9.0,899.9999999994894,1,1,0,1.0,0.0,9.0,1,1,1,1,1
3129,6149359,21.0,2099.9999999988086,1,1,0,1.0,0.0,21.0,1,1,1,1,1
3130,6149361,576.0,57599.999999967324,1,1,0,1.0,0.0,576.0,1,1,1,1,1
3131,6149367,308.0,30799.999999982527,1,1,0,1.0,0.0,308.0,1,1,1,1,1
3132,6149369,131.0,13099.999999992568,1,1,0,1.0,0.0,131.0,1,1,1,1,1
3133,6149371,2578.0,257799.99999985375,1,1,0,1.0,0.0,2578.0,1,1,1,1,1
3134,6149373,1165.0,116499.9999999339,1,1,0,1.0,0.0,1165.0,1,1,1,1,1
3135,6149375,233.0,23299.999999986783,1,1,0,1.0,0.0,233.0,1,1,1,1,1
3136,6149381,9.0,899.9999999994894,1,1,0,1.0,0.0,9.0,1,1,1,1,1
3137,6149385,81.0,8099.999999995405,1,1,0,1.0,0.0,81.0,1,1,1,1,1
3138,6149387,547.0,54699.99999996897,1,1,0,1.0,0.0,547.0,1,1,1,1,1
3139,6149389,430.0,42999.999999975604,1,1,0,1.0,0.0,430.0,1,1,1,1,1
3140,6149391,282.0,28199.999999984004,1,1,0,1.0,0.0,282.0,1,1,1,1,1
3141,6149393,455.0,45499.999999974185,1,1,0,1.0,0.0,455.0,1,1,1,1,1
3142,6149405,70.0,6999.999999996029,1,1,0,1.0,0.0,70.0,1,1,1,1,1
3143,6149417,133.0,13299.999999992455,1,1,0,1.0,0.0,133.0,1,1,1,1,1
3144,6149419,363.0,36299.99999997941,1,1,0,1.0,0.0,363.0,1,1,1,1,1
3145,6149421,10.0,999.9999999994327,1,1,0,1.0,0.0,10.0,1,1,1,1,1
3146,6149423,28.0,2799.9999999984116,1,1,0,1.0,0.0,28.0,1,1,1,1,1
3147,6149425,66.0,6599.999999996256,1,1,0,1.0,0.0,66.0,1,1,1,1,1
3148,6149427,301.0,30099.999999982923,1,1,0,1.0,0.0,301.0,1,1,1,1,1
3149,6149431,880.0,87999.99999995007,1,1,0,1.0,0.0,880.0,1,1,1,1,1
3150,6149433,167.0,16699.999999990527,1,1,0,1.0,0.0,167.0,1,1,1,1,1
3151,6149435,118.0,11799.999999993306,1,1,0,1.0,0.0,118.0,1,1,1,1,1
3152,6149437,1019.0,101899.99999994219,1,1,0,1.0,0.0,1019.0,1,1,1,1,1
3153,6149439,310.0,30999.999999982414,1,1,0,1.0,0.0,310.0,1,1,1,1,1
3154,6149441,1014.0,101399.99999994248,1,1,0,1.0,0.0,1014.0,1,1,1,1,1
3155,6149443,78.0,7799.999999995575,1,1,0,1.0,0.0,78.0,1,1,1,1,1
3156,6149447,14.0,1399.9999999992058,1,1,0,1.0,0.0,14.0,1,1,1,1,1
3157,6149449,768.0,76799.99999995643,1,1,0,1.0,0.0,768.0,1,1,1,1,1
3158,6149455,453.0,45299.9999999743,1,1,0,1.0,0.0,453.0,1,1,1,1,1
3159,6149461,40.0,3999.999999997731,1,1,0,1.0,0.0,40.0,1,1,1,1,1
3160,6149469,67.0,6699.999999996199,1,1,0,1.0,0.0,67.0,1,1,1,1,1
3161,6149473,7.0,699.9999999996029,1,1,0,1.0,0.0,7.0,1,1,1,1,1
3162,6149477,88.0,8799.999999995009,1,1,0,1.0,0.0,88.0,1,1,1,1,1
3163,6149479,223.0,22299.99999998735,1,1,0,1.0,0.0,223.0,1,1,1,1,1
3164,6149481,562.0,56199.99999996812,1,1,0,1.0,0.0,562.0,1,1,1,1,1
3165,6149489,1492.0,149199.99999991537,1,1,0,1.0,0.0,1492.0,1,1,1,1,1
3166,6149493,199.0,19899.99999998871,1,1,0,1.0,0.0,199.0,1,1,1,1,1
3167,6149497,57.0,5699.999999996767,1,1,0,1.0,0.0,57.0,1,1,1,1,1
3168,6149501,481.0,48099.999999972715,1,1,0,1.0,0.0,481.0,1,1,1,1,1
3169,6149507,125.0,12499.99999999291,1,1,0,1.0,0.0,125.0,1,1,1,1,1
3170,6149509,8.0,799.9999999995462,1,1,0,1.0,0.0,8.0,1,1,1,1,1
3171,6149517,307.0,30699.999999982585,1,1,0,1.0,0.0,307.0,1,1,1,1,1
3172,6149519,279.0,27899.99999998417,1,1,0,1.0,0.0,279.0,1,1,1,1,1
3173,6149521,47.0,4699.999999997333,1,1,0,1.0,0.0,47.0,1,1,1,1,1
3174,6149523,1811.0,181099.99999989726,1,1,0,1.0,0.0,1811.0,1,1,1,1,1
3175,6149527,452.0,45199.99999997436,1,1,0,1.0,0.0,452.0,1,1,1,1,1
3176,6149535,23.0,2299.9999999986953,1,1,0,1.0,0.0,23.0,1,1,1,1,1
3177,6149539,161.0,16099.999999990867,1,1,0,1.0,0.0,161.0,1,1,1,1,1
3178,6149543,106.0,10599.999999993986,1,1,0,1.0,0.0,106.0,1,1,1,1,1
3179,6149545,259.0,25899.999999985306,1,1,0,1.0,0.0,259.0,1,1,1,1,1
3180,6149547,12.0,1199.9999999993192,1,1,0,1.0,0.0,12.0,1,1,1,1,1
3181,6149549,34.0,3399.999999998071,1,1,0,1.0,0.0,34.0,1,1,1,1,1
3182,6149551,21.0,2099.9999999988086,1,1,0,1.0,0.0,21.0,1,1,1,1,1
3183,6149555,124.0,12399.999999992966,1,1,0,1.0,0.0,124.0,1,1,1,1,1
3184,6149557,92.0,9199.999999994781,1,1,0,1.0,0.0,92.0,1,1,1,1,1
3185,6149559,67.0,6699.999999996199,1,1,0,1.0,0.0,67.0,1,1,1,1,1
3186,6149563,124.0,12399.999999992966,1,1,0,1.0,0.0,124.0,1,1,1,1,1
3187,6149567,28.0,2799.9999999984116,1,1,0,1.0,0.0,28.0,1,1,1,1,1
3188,6149579,25.0,2499.9999999985816,1,1,0,1.0,0.0,25.0,1,1,1,1,1
3189,6149583,2138.0,213799.99999987872,1,1,0,1.0,0.0,2138.0,1,1,1,1,1
3190,6149585,877.0,87699.99999995025,1,1,0,1.0,0.0,877.0,1,1,1,1,1
3191,6149587,203.0,20299.999999988482,1,1,0,1.0,0.0,203.0,1,1,1,1,1
3192,6149589,13.0,1299.9999999992624,1,1,0,1.0,0.0,13.0,1,1,1,1,1
3193,6149591,325.0,32499.999999981563,1,1,0,1.0,0.0,325.0,1,1,1,1,1
3194,6149593,51.0,5099.999999997107,1,1,0,1.0,0.0,51.0,1,1,1,1,1
3195,6149599,1673.0,167299.9999999051,1,1,0,1.0,0.0,1673.0,1,1,1,1,1
3196,6149607,53.0,5299.999999996993,1,1,0,1.0,0.0,53.0,1,1,1,1,1
3197,6149609,1158.0,115799.99999993431,1,1,0,1.0,0.0,1158.0,1,1,1,1,1
3198,6149615,267.0,26699.99999998485,1,1,0,1.0,0.0,267.0,1,1,1,1,1
3199,6149621,343.0,34299.999999980544,1,1,0,1.0,0.0,343.0,1,1,1,1,1
3200,6149623,1067.0,106699.99999993946,1,1,0,1.0,0.0,1067.0,1,1,1,1,1
3201,6149625,285.0,28499.999999983833,1,1,0,1.0,0.0,285.0,1,1,1,1,1
3202,6149629,18.0,1799.9999999989789,1,1,0,1.0,0.0,18.0,1,1,1,1,1
3203,6149631,7.0,699.9999999996029,1,1,0,1.0,0.0,7.0,1,1,1,1,1
3204,6149633,30.0,2999.9999999982983,1,1,0,1.0,0.0,30.0,1,1,1,1,1
3205,6149635,9759.0,975899.9999994463,1,1,0,1.0,0.0,9759.0,1,1,1,1,1
3206,6149637,2894.0,289399.9999998358,1,1,0,1.0,0.0,2894.0,1,1,1,1,1
3207,6149639,15.0,1499.9999999991492,1,1,0,1.0,0.0,15.0,1,1,1,1,1
3208,6149641,932.0,93199.99999994713,1,1,0,1.0,0.0,932.0,1,1,1,1,1
3209,6149643,13.0,1299.9999999992624,1,1,0,1.0,0.0,13.0,1,1,1,1,1
3210,6149645,700.0,69999.99999996029,1,1,0,1.0,0.0,700.0,1,1,1,1,1
3211,6149647,1502.0,150199.99999991478,1,1,0,1.0,0.0,1502.0,1,1,1,1,1
3212,6149649,30.0,2999.9999999982983,1,1,0,1.0,0.0,30.0,1,1,1,1,1
3213,6149657,167.0,16699.999999990527,1,1,0,1.0,0.0,167.0,1,1,1,1,1
3214,6149659,306.0,30599.99999998264,1,1,0,1.0,0.0,306.0,1,1,1,1,1
3215,6149663,902.0,90199.99999994884,1,1,0,1.0,0.0,902.0,1,1,1,1,1
3216,6149665,807.0,80699.99999995422,1,1,0,1.0,0.0,807.0,1,1,1,1,1
3217,6149671,1187.0,118699.99999993267,1,1,0,1.0,0.0,1187.0,1,1,1,1,1
3218,6149673,4327.0,432699.99999975454,1,1,0,1.0,0.0,4327.0,1,1,1,1,1
3219,6149675,601.0,60099.999999965905,1,1,0,1.0,0.0,601.0,1,1,1,1,1
3220,6149677,678.0,67799.99999996154,1,1,0,1.0,0.0,678.0,1,1,1,1,1
3221,6149679,200.0,19999.999999988653,1,1,0,1.0,0.0,200.0,1,1,1,1,1
3222,6149681,1186.0,118599.99999993271,1,1,0,1.0,0.0,1186.0,1,1,1,1,1
3223,6149683,4066.0,406599.9999997693,1,1,0,1.0,0.0,4066.0,1,1,1,1,1
3224,6149685,1198.0,119799.99999993204,1,1,0,1.0,0.0,1198.0,1,1,1,1,1
3225,6149687,508.0,50799.99999997118,1,1,0,1.0,0.0,508.0,1,1,1,1,1
3226,6149689,215.0,21499.999999987802,1,1,0,1.0,0.0,215.0,1,1,1,1,1
3227,6149691,1036.0,103599.99999994122,1,1,0,1.0,0.0,1036.0,1,1,1,1,1
3228,6149693,22.0,2199.999999998752,1,1,0,1.0,0.0,22.0,1,1,1,1,1
3229,6149697,409.0,40899.9999999768,1,1,0,1.0,0.0,409.0,1,1,1,1,1
3230,6149699,28.0,2799.9999999984116,1,1,0,1.0,0.0,28.0,1,1,1,1,1
3231,6149701,278.0,27799.99999998423,1,1,0,1.0,0.0,278.0,1,1,1,1,1
3232,6149703,1030.0,102999.99999994157,1,1,0,1.0,0.0,1030.0,1,1,1,1,1
3233,6149705,87.0,8699.999999995065,1,1,0,1.0,0.0,87.0,1,1,1,1,1
3234,6149707,1398.0,139799.9999999207,1,1,0,1.0,0.0,1398.0,1,1,1,1,1
3235,6149709,7.0,699.9999999996029,1,1,0,1.0,0.0,7.0,1,1,1,1,1
3236,6149711,18.0,1799.9999999989789,1,1,0,1.0,0.0,18.0,1,1,1,1,1
3237,6149713,43.0,4299.999999997561,1,1,0,1.0,0.0,43.0,1,1,1,1,1
3238,6149721,34.0,3399.999999998071,1,1,0,1.0,0.0,34.0,1,1,1,1,1
3239,6149727,2.0,199.99999999988654,1,1,0,1.0,0.0,2.0,1,1,1,1,1
3240,6149733,103.0,10299.999999994157,1,1,0,1.0,0.0,103.0,1,1,1,1,1
3241,6149735,24.0,2399.9999999986385,1,1,0,1.0,0.0,24.0,1,1,1,1,1
3242,6149743,27.0,2699.9999999984684,1,1,0,1.0,0.0,27.0,1,1,1,1,1
3243,6149749,5576.0,557599.9999996837,1,1,0,1.0,0.0,5576.0,1,1,1,1,1
3244,6149751,9.0,899.9999999994894,1,1,0,1.0,0.0,9.0,1,1,1,1,1
3245,6149761,2859.0,285899.99999983783,1,1,0,1.0,0.0,2859.0,1,1,1,1,1
3246,6149765,97.0,9699.999999994498,1,1,0,1.0,0.0,97.0,1,1,1,1,1
3247,6149771,69.0,6899.9999999960855,1,1,0,1.0,0.0,69.0,1,1,1,1,1
3248,6149773,2147.0,214699.9999998782,1,1,0,1.0,0.0,2147.0,1,1,1,1,1
3249,6149777,24.0,2399.9999999986385,1,1,0,1.0,0.0,24.0,1,1,1,1,1
3250,6149783,353.0,35299.99999997998,1,1,0,1.0,0.0,353.0,1,1,1,1,1
3251,6149801,344.0,34399.999999980486,1,1,0,1.0,0.0,344.0,1,1,1,1,1
3252,6149807,168.0,16799.99999999047,1,1,0,1.0,0.0,168.0,1,1,1,1,1
3253,6149811,162.0,16199.99999999081,1,1,0,1.0,0.0,162.0,1,1,1,1,1
3254,6149815,149.0,14899.999999991547,1,1,0,1.0,0.0,149.0,1,1,1,1,1
3255,6149817,63.0,6299.999999996426,1,1,0,1.0,0.0,63.0,1,1,1,1,1
3256,6149819,99.0,9899.999999994383,1,1,0,1.0,0.0,99.0,1,1,1,1,1
3257,6149821,5.0,499.99999999971635,1,1,0,1.0,0.0,5.0,1,1,1,1,1
3258,6149827,112.0,11199.999999993646,1,1,0,1.0,0.0,112.0,1,1,1,1,1
3259,6149835,142.0,14199.999999991944,1,1,0,1.0,0.0,142.0,1,1,1,1,1
3260,6149837,138.0,13799.999999992171,1,1,0,1.0,0.0,138.0,1,1,1,1,1
3261,6149839,140.0,13999.999999992058,1,1,0,1.0,0.0,140.0,1,1,1,1,1
3262,6149841,593.0,59299.999999966356,1,1,0,1.0,0.0,593.0,1,1,1,1,1
3263,6149845,135.0,13499.999999992342,1,1,0,1.0,0.0,135.0,1,1,1,1,1
3264,6149849,147.0,14699.99999999166,1,1,0,1.0,0.0,147.0,1,1,1,1,1
3265,6151443,18.0,1799.9999999989789,1,1,0,1.0,0.0,18.0,1,1,1,1,1
3266,6151451,20.0,1999.9999999988654,1,1,0,1.0,0.0,20.0,1,1,1,1,1
3267,6151455,106.0,10599.999999993986,1,1,0,1.0,0.0,106.0,1,1,1,1,1
3268,6151459,39.0,3899.9999999977877,1,1,0,1.0,0.0,39.0,1,1,1,1,1
3269,6151463,459.0,45899.99999997396,1,1,0,1.0,0.0,459.0,1,1,1,1,1
3270,6151465,114.0,11399.999999993533,1,1,0,1.0,0.0,114.0,1,1,1,1,1
3271,6151467,72.0,7199.9999999959155,1,1,0,1.0,0.0,72.0,1,1,1,1,1
3272,6151475,127.0,12699.999999992795,1,1,0,1.0,0.0,127.0,1,1,1,1,1
3273,6151477,723.0,72299.99999995898,1,1,0,1.0,0.0,723.0,1,1,1,1,1
3274,6151479,349.0,34899.9999999802,1,1,0,1.0,0.0,349.0,1,1,1,1,1
3275,6151485,192.0,19199.999999989108,1,1,0,1.0,0.0,192.0,1,1,1,1,1
3276,6151487,364.0,36399.99999997935,1,1,0,1.0,0.0,364.0,1,1,1,1,1
3277,6151489,498.0,49799.99999997175,1,1,0,1.0,0.0,498.0,1,1,1,1,1
3278,6151623,125.0,12499.99999999291,1,1,0,1.0,0.0,125.0,1,1,1,1,1
3279,6151625,80.0,7999.999999995462,1,1,0,1.0,0.0,80.0,1,1,1,1,1
3280,6151639,37.0,3699.999999997901,1,1,0,1.0,0.0,37.0,1,1,1,1,1
3281,6151643,213.0,21299.99999998792,1,1,0,1.0,0.0,213.0,1,1,1,1,1
3282,6151649,190.0,18999.99999998922,1,1,0,1.0,0.0,190.0,1,1,1,1,1
3283,6151651,102.0,10199.999999994214,1,1,0,1.0,0.0,102.0,1,1,1,1,1
3284,6151657,19.0,1899.9999999989222,1,1,0,1.0,0.0,19.0,1,1,1,1,1
3285,6151659,27.0,2699.9999999984684,1,1,0,1.0,0.0,27.0,1,1,1,1,1
3286,6151661,16.0,1599.9999999990923,1,1,0,1.0,0.0,16.0,1,1,1,1,1
3287,6151789,217.0,21699.99999998769,1,1,0,1.0,0.0,217.0,1,1,1,1,1
3288,6151791,766.0,76599.99999995655,1,1,0,1.0,0.0,766.0,1,1,1,1,1
3289,6151793,22.0,2199.999999998752,1,1,0,1.0,0.0,22.0,1,1,1,1,1
3290,6151825,3.0,299.9999999998298,1,1,0,1.0,0.0,3.0,1,1,1,1,1
3291,6154811,57.0,5699.999999996767,1,1,0,1.0,0.0,57.0,1,1,1,1,1
3292,6154813,65.0,6499.999999996313,1,1,0,1.0,0.0,65.0,1,1,1,1,1
3293,6154817,822.0,82199.99999995336,1,1,0,1.0,0.0,822.0,1,1,1,1,1
3294,6159803,401.0,40099.99999997725,1,1,0,1.0,0.0,401.0,1,1,1,1,1
3295,6159807,1119.0,111899.99999993652,1,1,0,1.0,0.0,1119.0,1,1,1,1,1
3296,6159809,606.0,60599.99999996562,1,1,0,1.0,0.0,606.0,1,1,1,1,1
3297,6159813,1711.0,171099.99999990294,1,1,0,1.0,0.0,1711.0,1,1,1,1,1
3298,6159815,202.0,20199.99999998854,1,1,0,1.0,0.0,202.0,1,1,1,1,1
3299,6159817,6.0,599.9999999996596,1,1,0,1.0,0.0,6.0,1,1,1,1,1
3300,6159823,268.0,26799.999999984797,1,1,0,1.0,0.0,268.0,1,1,1,1,1
3301,6159839,129.0,12899.999999992682,1,1,0,1.0,0.0,129.0,1,1,1,1,1
3302,6159845,344.0,34399.999999980486,1,1,0,1.0,0.0,344.0,1,1,1,1,1
3303,6159863,56.0,5599.999999996823,1,1,0,1.0,0.0,56.0,1,1,1,1,1
3304,6160351,274.0,27399.999999984455,1,1,0,1.0,0.0,274.0,1,1,1,1,1
3305,6160361,142.0,14199.999999991944,1,1,0,1.0,0.0,142.0,1,1,1,1,1
3306,6160363,475.0,47499.99999997305,1,1,0,1.0,0.0,475.0,1,1,1,1,1
3307,6160373,14.0,1399.9999999992058,1,1,0,1.0,0.0,14.0,1,1,1,1,1
3308,6160387,49.0,4899.999999997221,1,1,0,1.0,0.0,49.0,1,1,1,1,1
3309,6160389,992.0,99199.99999994373,1,1,0,1.0,0.0,992.0,1,1,1,1,1
3310,6160393,172.0,17199.999999990243,1,1,0,1.0,0.0,172.0,1,1,1,1,1
3311,6160395,449.0,44899.99999997453,1,1,0,1.0,0.0,449.0,1,1,1,1,1
3312,6160399,79.0,7899.999999995518,1,1,0,1.0,0.0,79.0,1,1,1,1,1
3313,6160409,11.0,1099.999999999376,1,1,0,1.0,0.0,11.0,1,1,1,1,1
3314,6162321,734.0,73399.99999995837,1,1,0,1.0,0.0,734.0,1,1,1,1,1
3315,6162323,842.0,84199.99999995224,1,1,0,1.0,0.0,842.0,1,1,1,1,1
3316,6162325,1.0,99.99999999994327,1,1,0,1.0,0.0,1.0,1,1,1,1,1
3317,6162333,2.0,199.99999999988654,1,1,0,1.0,0.0,2.0,1,1,1,1,1
3318,6162339,498.0,49799.99999997175,1,1,0,1.0,0.0,498.0,1,1,1,1,1
3319,6162343,40.0,3999.999999997731,1,1,0,1.0,0.0,40.0,1,1,1,1,1
3320,6162345,49.0,4899.999999997221,1,1,0,1.0,0.0,49.0,1,1,1,1,1
3321,6162347,12.0,1199.9999999993192,1,1,0,1.0,0.0,12.0,1,1,1,1,1
3322,6162351,562.0,56199.99999996812,1,1,0,1.0,0.0,562.0,1,1,1,1,1
3323,6162355,27.0,2699.9999999984684,1,1,0,1.0,0.0,27.0,1,1,1,1,1
3324,6162359,386.0,38599.9999999781,1,1,0,1.0,0.0,386.0,1,1,1,1,1
3325,6162363,98.0,9799.999999994441,1,1,0,1.0,0.0,98.0,1,1,1,1,1
3326,6162381,1110.0,110999.99999993703,1,1,0,1.0,0.0,1110.0,1,1,1,1,1
3327,6162387,122.0,12199.999999993079,1,1,0,1.0,0.0,122.0,1,1,1,1,1
3328,6162393,183.0,18299.999999989617,1,1,0,1.0,0.0,183.0,1,1,1,1,1
3329,6162395,199.0,19899.99999998871,1,1,0,1.0,0.0,199.0,1,1,1,1,1
3330,6162397,71.0,7099.999999995972,1,1,0,1.0,0.0,71.0,1,1,1,1,1
3331,6162407,9.0,899.9999999994894,1,1,0,1.0,0.0,9.0,1,1,1,1,1
3332,6162409,14.0,1399.9999999992058,1,1,0,1.0,0.0,14.0,1,1,1,1,1
3333,6162411,137.0,13699.999999992227,1,1,0,1.0,0.0,137.0,1,1,1,1,1
3334,6162413,65.0,6499.999999996313,1,1,0,1.0,0.0,65.0,1,1,1,1,1
3335,6162415,235.0,23499.999999986667,1,1,0,1.0,0.0,235.0,1,1,1,1,1
3336,6162427,74.0,7399.999999995802,1,1,0,1.0,0.0,74.0,1,1,1,1,1
3337,6162429,175.0,17499.999999990072,1,1,0,1.0,0.0,175.0,1,1,1,1,1
3338,6162431,513.0,51299.999999970896,1,1,0,1.0,0.0,513.0,1,1,1,1,1
3339,6162435,157.0,15699.999999991094,1,1,0,1.0,0.0,157.0,1,1,1,1,1
3340,6162441,703.0,70299.99999996011,1,1,0,1.0,0.0,703.0,1,1,1,1,1
3341,6162443,89.0,8899.99999999495,1,1,0,1.0,0.0,89.0,1,1,1,1,1
3342,6162445,2973.0,297299.9999998313,1,1,0,1.0,0.0,2973.0,1,1,1,1,1
3343,6162447,290.0,28999.99999998355,1,1,0,1.0,0.0,290.0,1,1,1,1,1
3344,6162449,402.0,40199.9999999772,1,1,0,1.0,0.0,402.0,1,1,1,1,1
3345,6162451,48.0,4799.999999997277,1,1,0,1.0,0.0,48.0,1,1,1,1,1
3346,6162457,18.0,1799.9999999989789,1,1,0,1.0,0.0,18.0,1,1,1,1,1
3347,6162459,13.0,1299.9999999992624,1,1,0,1.0,0.0,13.0,1,1,1,1,1
3348,6162461,172.0,17199.999999990243,1,1,0,1.0,0.0,172.0,1,1,1,1,1
3349,6162465,104.0,10399.9999999941,1,1,0,1.0,0.0,104.0,1,1,1,1,1
3350,6162467,94.0,9399.999999994667,1,1,0,1.0,0.0,94.0,1,1,1,1,1
3351,6162469,27.0,2699.9999999984684,1,1,0,1.0,0.0,27.0,1,1,1,1,1
3352,6162471,1409.0,140899.99999992008,1,1,0,1.0,0.0,1409.0,1,1,1,1,1
3353,6162473,139.0,13899.999999992115,1,1,0,1.0,0.0,139.0,1,1,1,1,1
3354,6162479,143.0,14299.999999991887,1,1,0,1.0,0.0,143.0,1,1,1,1,1
3355,6162481,361.0,36099.99999997952,1,1,0,1.0,0.0,361.0,1,1,1,1,1
3356,6162483,102.0,10199.999999994214,1,1,0,1.0,0.0,102.0,1,1,1,1,1
3357,6162485,243.0,24299.999999986216,1,1,0,1.0,0.0,243.0,1,1,1,1,1
3358,6162489,254.0,25399.99999998559,1,1,0,1.0,0.0,254.0,1,1,1,1,1
3359,6162491,1007.0,100699.99999994287,1,1,0,1.0,0.0,1007.0,1,1,1,1,1
3360,6162493,3.0,299.9999999998298,1,1,0,1.0,0.0,3.0,1,1,1,1,1
3361,6162495,932.0,93199.99999994713,1,1,0,1.0,0.0,932.0,1,1,1,1,1
3362,6162497,255.0,25499.999999985535,1,1,0,1.0,0.0,255.0,1,1,1,1,1
3363,6162507,72.0,7199.9999999959155,1,1,0,1.0,0.0,72.0,1,1,1,1,1
3364,6162509,61.0,6099.999999996539,1,1,0,1.0,0.0,61.0,1,1,1,1,1
3365,6162511,35.0,3499.9999999980146,1,1,0,1.0,0.0,35.0,1,1,1,1,1
3366,6162513,690.0,68999.99999996086,1,1,0,1.0,0.0,690.0,1,1,1,1,1
3367,6162515,114.0,11399.999999993533,1,1,0,1.0,0.0,114.0,1,1,1,1,1
3368,6162517,507.0,50699.99999997124,1,1,0,1.0,0.0,507.0,1,1,1,1,1
3369,6162523,99.0,9899.999999994383,1,1,0,1.0,0.0,99.0,1,1,1,1,1
3370,6162525,1404.0,140399.99999992034,1,1,0,1.0,0.0,1404.0,1,1,1,1,1
3371,6162527,740.0,73999.99999995802,1,1,0,1.0,0.0,740.0,1,1,1,1,1
3372,6162529,478.0,47799.99999997288,1,1,0,1.0,0.0,478.0,1,1,1,1,1
3373,6162533,18.0,1799.9999999989789,1,1,0,1.0,0.0,18.0,1,1,1,1,1
3374,6162537,24.0,2399.9999999986385,1,1,0,1.0,0.0,24.0,1,1,1,1,1
3375,6162541,2133.0,213299.999999879,1,1,0,1.0,0.0,2133.0,1,1,1,1,1
3376,6162543,60.0,5999.999999996597,1,1,0,1.0,0.0,60.0,1,1,1,1,1
3377,6162545,1877.0,187699.9999998935,1,1,0,1.0,0.0,1877.0,1,1,1,1,1
3378,6162547,222.0,22199.999999987405,1,1,0,1.0,0.0,222.0,1,1,1,1,1
3379,6162555,4755.0,475499.99999973027,1,1,0,1.0,0.0,4755.0,1,1,1,1,1
3380,6162557,334.0,33399.99999998105,1,1,0,1.0,0.0,334.0,1,1,1,1,1
3381,6162559,207.0,20699.999999988257,1,1,0,1.0,0.0,207.0,1,1,1,1,1
3382,6162561,533.0,53299.99999996976,1,1,0,1.0,0.0,533.0,1,1,1,1,1
3383,6162563,3.0,299.9999999998298,1,1,0,1.0,0.0,3.0,1,1,1,1,1
3384,6162567,104.0,10399.9999999941,1,1,0,1.0,0.0,104.0,1,1,1,1,1
3385,6162569,408.0,40799.999999976855,1,1,0,1.0,0.0,408.0,1,1,1,1,1
3386,6162571,859.0,85899.99999995127,1,1,0,1.0,0.0,859.0,1,1,1,1,1
3387,6162573,16.0,1599.9999999990923,1,1,0,1.0,0.0,16.0,1,1,1,1,1
3388,6162577,323.0,32299.999999981676,1,1,0,1.0,0.0,323.0,1,1,1,1,1
3389,6162579,5264.0,526399.9999997014,1,1,0,1.0,0.0,5264.0,1,1,1,1,1
3390,6162583,4512.0,451199.99999974406,1,1,0,1.0,0.0,4512.0,1,1,1,1,1
3391,6162585,864.0,86399.99999995099,1,1,0,1.0,0.0,864.0,1,1,1,1,1
3392,6162587,303.0,30299.99999998281,1,1,0,1.0,0.0,303.0,1,1,1,1,1
3393,6162589,440.0,43999.999999975036,1,1,0,1.0,0.0,440.0,1,1,1,1,1
3394,6162591,24.0,2399.9999999986385,1,1,0,1.0,0.0,24.0,1,1,1,1,1
3395,6162593,101.0,10099.99999999427,1,1,0,1.0,0.0,101.0,1,1,1,1,1
3396,6162597,734.0,73399.99999995837,1,1,0,1.0,0.0,734.0,1,1,1,1,1
3397,6162603,137.0,13699.999999992227,1,1,0,1.0,0.0,137.0,1,1,1,1,1
3398,6162605,1706.0,170599.99999990323,1,1,0,1.0,0.0,1706.0,1,1,1,1,1
3399,6162607,1805.0,180499.9999998976,1,1,0,1.0,0.0,1805.0,1,1,1,1,1
3400,6162609,233.0,23299.999999986783,1,1,0,1.0,0.0,233.0,1,1,1,1,1
3401,6162611,40.0,3999.999999997731,1,1,0,1.0,0.0,40.0,1,1,1,1,1
3402,6162613,271.0,27099.999999984626,1,1,0,1.0,0.0,271.0,1,1,1,1,1
3403,6162615,3037.0,303699.9999998277,1,1,0,1.0,0.0,3037.0,1,1,1,1,1
3404,6162619,1306.0,130599.99999992592,1,1,0,1.0,0.0,1306.0,1,1,1,1,1
3405,6162625,160.0,15999.999999990923,1,1,0,1.0,0.0,160.0,1,1,1,1,1
3406,6162627,72.0,7199.9999999959155,1,1,0,1.0,0.0,72.0,1,1,1,1,1
3407,6162629,6.0,599.9999999996596,1,1,0,1.0,0.0,6.0,1,1,1,1,1
3408,6162637,108.0,10799.999999993874,1,1,0,1.0,0.0,108.0,1,1,1,1,1
3409,6162639,1011.0,101099.99999994265,1,1,0,1.0,0.0,1011.0,1,1,1,1,1
3410,6162641,551.0,55099.99999996874,1,1,0,1.0,0.0,551.0,1,1,1,1,1
3411,6162643,677.0,67699.9999999616,1,1,0,1.0,0.0,677.0,1,1,1,1,1
3412,6162645,292.0,29199.999999983436,1,1,0,1.0,0.0,292.0,1,1,1,1,1
3413,6162649,18.0,1799.9999999989789,1,1,0,1.0,0.0,18.0,1,1,1,1,1
3414,6162653,1283.0,128299.99999992721,1,1,0,1.0,0.0,1283.0,1,1,1,1,1
3415,6162657,275.0,27499.9999999844,1,1,0,1.0,0.0,275.0,1,1,1,1,1
3416,6162659,853.0,85299.99999995161,1,1,0,1.0,0.0,853.0,1,1,1,1,1
3417,6162663,5240.0,523999.99999970273,1,1,0,1.0,0.0,5240.0,1,1,1,1,1
3418,6162667,728.0,72799.9999999587,1,1,0,1.0,0.0,728.0,1,1,1,1,1
3419,6162669,2354.0,235399.99999986647,1,1,0,1.0,0.0,2354.0,1,1,1,1,1
3420,6162671,1092.0,109199.99999993805,1,1,0,1.0,0.0,1092.0,1,1,1,1,1
3421,6162673,62.0,6199.999999996483,1,1,0,1.0,0.0,62.0,1,1,1,1,1
3422,6162675,69.0,6899.9999999960855,1,1,0,1.0,0.0,69.0,1,1,1,1,1
3423,6162677,93.0,9299.999999994725,1,1,0,1.0,0.0,93.0,1,1,1,1,1
3424,6162679,56.0,5599.999999996823,1,1,0,1.0,0.0,56.0,1,1,1,1,1
3425,6162681,37.0,3699.999999997901,1,1,0,1.0,0.0,37.0,1,1,1,1,1
3426,6162683,394.0,39399.99999997765,1,1,0,1.0,0.0,394.0,1,1,1,1,1
3427,6162685,266.0,26599.99999998491,1,1,0,1.0,0.0,266.0,1,1,1,1,1
3428,6162687,870.0,86999.99999995064,1,1,0,1.0,0.0,870.0,1,1,1,1,1
3429,6162689,243.0,24299.999999986216,1,1,0,1.0,0.0,243.0,1,1,1,1,1
3430,6162691,719.0,71899.99999995921,1,1,0,1.0,0.0,719.0,1,1,1,1,1
3431,6162693,746.0,74599.99999995768,1,1,0,1.0,0.0,746.0,1,1,1,1,1
3432,6162695,1189.0,118899.99999993255,1,1,0,1.0,0.0,1189.0,1,1,1,1,1
3433,6162697,113.0,11299.99999999359,1,1,0,1.0,0.0,113.0,1,1,1,1,1
3434,6162699,4110.0,410999.9999997668,1,1,0,1.0,0.0,4110.0,1,1,1,1,1
3435,6162701,81.0,8099.999999995405,1,1,0,1.0,0.0,81.0,1,1,1,1,1
3436,6162705,1444.0,144399.99999991807,1,1,0,1.0,0.0,1444.0,1,1,1,1,1
3437,6162707,179.0,17899.999999989846,1,1,0,1.0,0.0,179.0,1,1,1,1,1
3438,6162711,709.0,70899.99999995978,1,1,0,1.0,0.0,709.0,1,1,1,1,1
3439,6162713,230.0,22999.99999998695,1,1,0,1.0,0.0,230.0,1,1,1,1,1
3440,6162719,18.0,1799.9999999989789,1,1,0,1.0,0.0,18.0,1,1,1,1,1
3441,6162721,2136.0,213599.9999998788,1,1,0,1.0,0.0,2136.0,1,1,1,1,1
3442,6162725,54.0,5399.999999996937,1,1,0,1.0,0.0,54.0,1,1,1,1,1
3443,6162729,676.0,67599.99999996166,1,1,0,1.0,0.0,676.0,1,1,1,1,1
3444,6162731,538.0,53799.99999996948,1,1,0,1.0,0.0,538.0,1,1,1,1,1
3445,6162733,163.0,16299.999999990752,1,1,0,1.0,0.0,163.0,1,1,1,1,1
3446,6162735,175.0,17499.999999990072,1,1,0,1.0,0.0,175.0,1,1,1,1,1
3447,6162737,183.0,18299.999999989617,1,1,0,1.0,0.0,183.0,1,1,1,1,1
3448,6162739,1326.0,132599.99999992477,1,1,0,1.0,0.0,1326.0,1,1,1,1,1
3449,6162741,505.0,50499.999999971355,1,1,0,1.0,0.0,505.0,1,1,1,1,1
3450,6162743,843.0,84299.99999995218,1,1,0,1.0,0.0,843.0,1,1,1,1,1
3451,6162745,750.0,74999.99999995745,1,1,0,1.0,0.0,750.0,1,1,1,1,1
3452,6162747,48.0,4799.999999997277,1,1,0,1.0,0.0,48.0,1,1,1,1,1
3453,6162751,1.0,99.99999999994327,1,1,0,1.0,0.0,1.0,1,1,1,1,1
3454,6162753,264.0,26399.999999985022,1,1,0,1.0,0.0,264.0,1,1,1,1,1
3455,6162757,387.0,38699.99999997805,1,1,0,1.0,0.0,387.0,1,1,1,1,1
3456,6162759,180.0,17999.99999998979,1,1,0,1.0,0.0,180.0,1,1,1,1,1
3457,6162761,48.0,4799.999999997277,1,1,0,1.0,0.0,48.0,1,1,1,1,1
3458,6162763,1279.0,127899.99999992744,1,1,0,1.0,0.0,1279.0,1,1,1,1,1
3459,6162765,560.0,55999.99999996823,1,1,0,1.0,0.0,560.0,1,1,1,1,1
3460,6162767,979.0,97899.99999994446,1,1,0,1.0,0.0,979.0,1,1,1,1,1
3461,6162769,50.0,4999.999999997163,1,1,0,1.0,0.0,50.0,1,1,1,1,1
3462,6162771,275.0,27499.9999999844,1,1,0,1.0,0.0,275.0,1,1,1,1,1
3463,6162773,2238.0,223799.99999987305,1,1,0,1.0,0.0,2238.0,1,1,1,1,1
3464,6162775,3617.0,361699.9999997948,1,1,0,1.0,0.0,3617.0,1,1,1,1,1
3465,6162903,651.0,65099.99999996307,1,1,0,1.0,0.0,651.0,1,1,1,1,1
3466,6162905,1169.0,116899.99999993369,1,1,0,1.0,0.0,1169.0,1,1,1,1,1
3467,6162907,843.0,84299.99999995218,1,1,0,1.0,0.0,843.0,1,1,1,1,1
3468,6162911,16.0,1599.9999999990923,1,1,0,1.0,0.0,16.0,1,1,1,1,1
3469,6162915,14.0,1399.9999999992058,1,1,0,1.0,0.0,14.0,1,1,1,1,1
3470,6162917,722.0,72199.99999995904,1,1,0,1.0,0.0,722.0,1,1,1,1,1
3471,6162919,1262.0,126199.9999999284,1,1,0,1.0,0.0,1262.0,1,1,1,1,1
3472,6162925,2086.0,208599.99999988166,1,1,0,1.0,0.0,2086.0,1,1,1,1,1
3473,6162927,2189.0,218899.9999998758,1,1,0,1.0,0.0,2189.0,1,1,1,1,1
3474,6162929,587.0,58699.9999999667,1,1,0,1.0,0.0,587.0,1,1,1,1,1
3475,6162933,408.0,40799.999999976855,1,1,0,1.0,0.0,408.0,1,1,1,1,1
3476,6162937,1611.0,161099.9999999086,1,1,0,1.0,0.0,1611.0,1,1,1,1,1
3477,6162939,3763.0,376299.99999978655,1,1,0,1.0,0.0,3763.0,1,1,1,1,1
3478,6162941,160.0,15999.999999990923,1,1,0,1.0,0.0,160.0,1,1,1,1,1
3479,6162943,2069.0,206899.99999988262,1,1,0,1.0,0.0,2069.0,1,1,1,1,1
3480,6162945,717.0,71699.99999995933,1,1,0,1.0,0.0,717.0,1,1,1,1,1
3481,6162947,127.0,12699.999999992795,1,1,0,1.0,0.0,127.0,1,1,1,1,1
3482,6162949,1226.0,122599.99999993046,1,1,0,1.0,0.0,1226.0,1,1,1,1,1
3483,6162951,78.0,7799.999999995575,1,1,0,1.0,0.0,78.0,1,1,1,1,1
3484,6162953,34.0,3399.999999998071,1,1,0,1.0,0.0,34.0,1,1,1,1,1
3485,6162955,872.0,87199.99999995054,1,1,0,1.0,0.0,872.0,1,1,1,1,1
3486,6162961,746.0,74599.99999995768,1,1,0,1.0,0.0,746.0,1,1,1,1,1
3487,6162963,1501.0,150099.99999991484,1,1,0,1.0,0.0,1501.0,1,1,1,1,1
3488,6162965,7096.0,709599.9999995974,1,1,0,1.0,0.0,7096.0,1,1,1,1,1
3489,6162967,4035.0,403499.99999977107,1,1,0,1.0,0.0,4035.0,1,1,1,1,1
3490,6162969,2463.0,246299.99999986027,1,1,0,1.0,0.0,2463.0,1,1,1,1,1
3491,6162971,5238.0,523799.99999970285,1,1,0,1.0,0.0,5238.0,1,1,1,1,1
3492,6162973,712.0,71199.9999999596,1,1,0,1.0,0.0,712.0,1,1,1,1,1
3493,6162975,768.0,76799.99999995643,1,1,0,1.0,0.0,768.0,1,1,1,1,1
3494,6162977,1531.0,153099.99999991315,1,1,0,1.0,0.0,1531.0,1,1,1,1,1
3495,6162979,413.0,41299.99999997657,1,1,0,1.0,0.0,413.0,1,1,1,1,1
3496,6162981,3110.0,310999.9999998236,1,1,0,1.0,0.0,3110.0,1,1,1,1,1
3497,6162983,158.0,15799.999999991036,1,1,0,1.0,0.0,158.0,1,1,1,1,1
3498,6162985,336.0,33599.99999998094,1,1,0,1.0,0.0,336.0,1,1,1,1,1
3499,6162989,5952.0,595199.9999996624,1,1,0,1.0,0.0,5952.0,1,1,1,1,1
3500,6162995,44.0,4399.999999997504,1,1,0,1.0,0.0,44.0,1,1,1,1,1
3501,6163003,91.0,9099.999999994838,1,1,0,1.0,0.0,91.0,1,1,1,1,1
3502,6163011,118.0,11799.999999993306,1,1,0,1.0,0.0,118.0,1,1,1,1,1
3503,6163013,223.0,22299.99999998735,1,1,0,1.0,0.0,223.0,1,1,1,1,1
3504,6163021,456.0,45599.999999974134,1,1,0,1.0,0.0,456.0,1,1,1,1,1
3505,6163023,139.0,13899.999999992115,1,1,0,1.0,0.0,139.0,1,1,1,1,1
3506,6163025,28.0,2799.9999999984116,1,1,0,1.0,0.0,28.0,1,1,1,1,1
3507,6163031,204.0,20399.999999988428,1,1,0,1.0,0.0,204.0,1,1,1,1,1
3508,6163033,411.0,41099.99999997668,1,1,0,1.0,0.0,411.0,1,1,1,1,1
3509,6163039,16.0,1599.9999999990923,1,1,0,1.0,0.0,16.0,1,1,1,1,1
3510,6163049,366.0,36599.999999979234,1,1,0,1.0,0.0,366.0,1,1,1,1,1
3511,6163053,181.0,18099.999999989734,1,1,0,1.0,0.0,181.0,1,1,1,1,1
3512,6163057,11.0,1099.999999999376,1,1,0,1.0,0.0,11.0,1,1,1,1,1
3513,6163059,38.0,3799.9999999978445,1,1,0,1.0,0.0,38.0,1,1,1,1,1
3514,6163069,486.0,48599.99999997243,1,1,0,1.0,0.0,486.0,1,1,1,1,1
3515,6163075,32.0,3199.9999999981846,1,1,0,1.0,0.0,32.0,1,1,1,1,1
3516,6163077,32.0,3199.9999999981846,1,1,0,1.0,0.0,32.0,1,1,1,1,1
3517,6163081,1360.0,135999.99999992285,1,1,0,1.0,0.0,1360.0,1,1,1,1,1
3518,6163083,43.0,4299.999999997561,1,1,0,1.0,0.0,43.0,1,1,1,1,1
3519,6163087,177.0,17699.99999998996,1,1,0,1.0,0.0,177.0,1,1,1,1,1
3520,6163095,346.0,34599.99999998037,1,1,0,1.0,0.0,346.0,1,1,1,1,1
3521,6163109,159.0,15899.99999999098,1,1,0,1.0,0.0,159.0,1,1,1,1,1
3522,6163113,88.0,8799.999999995009,1,1,0,1.0,0.0,88.0,1,1,1,1,1
3523,6163117,1041.0,104099.99999994095,1,1,0,1.0,0.0,1041.0,1,1,1,1,1
3524,6163121,83.0,8299.99999999529,1,1,0,1.0,0.0,83.0,1,1,1,1,1
3525,6163123,3192.0,319199.9999998189,1,1,0,1.0,0.0,3192.0,1,1,1,1,1
3526,6163125,418.0,41799.99999997629,1,1,0,1.0,0.0,418.0,1,1,1,1,1
3527,6163127,1468.0,146799.99999991673,1,1,0,1.0,0.0,1468.0,1,1,1,1,1
3528,6163129,131.0,13099.999999992568,1,1,0,1.0,0.0,131.0,1,1,1,1,1
3529,6163131,197.0,19699.999999988824,1,1,0,1.0,0.0,197.0,1,1,1,1,1
3530,6163137,94.0,9399.999999994667,1,1,0,1.0,0.0,94.0,1,1,1,1,1
3531,6163139,231.0,23099.999999986896,1,1,0,1.0,0.0,231.0,1,1,1,1,1
3532,6163141,663.0,66299.99999996238,1,1,0,1.0,0.0,663.0,1,1,1,1,1
3533,6163145,7186.0,718599.9999995923,1,1,0,1.0,0.0,7186.0,1,1,1,1,1
3534,6163151,59.0,5899.999999996653,1,1,0,1.0,0.0,59.0,1,1,1,1,1
3535,6163157,37.0,3699.999999997901,1,1,0,1.0,0.0,37.0,1,1,1,1,1
3536,6163159,5890.0,588999.9999996659,1,1,0,1.0,0.0,5890.0,1,1,1,1,1
3537,6163161,539.0,53899.99999996942,1,1,0,1.0,0.0,539.0,1,1,1,1,1
3538,6163163,224.0,22399.999999987293,1,1,0,1.0,0.0,224.0,1,1,1,1,1
3539,6163165,112.0,11199.999999993646,1,1,0,1.0,0.0,112.0,1,1,1,1,1
3540,6163169,157.0,15699.999999991094,1,1,0,1.0,0.0,157.0,1,1,1,1,1
3541,6163171,138.0,13799.999999992171,1,1,0,1.0,0.0,138.0,1,1,1,1,1
3542,6163175,338.0,33799.99999998083,1,1,0,1.0,0.0,338.0,1,1,1,1,1
3543,6163177,636.0,63599.99999996392,1,1,0,1.0,0.0,636.0,1,1,1,1,1
3544,6163179,2143.0,214299.99999987843,1,1,0,1.0,0.0,2143.0,1,1,1,1,1
3545,6163181,2694.0,269399.99999984715,1,1,0,1.0,0.0,2694.0,1,1,1,1,1
3546,6163183,140.0,13999.999999992058,1,1,0,1.0,0.0,140.0,1,1,1,1,1
3547,6163185,1849.0,184899.9999998951,1,1,0,1.0,0.0,1849.0,1,1,1,1,1
3548,6163191,16.0,1599.9999999990923,1,1,0,1.0,0.0,16.0,1,1,1,1,1
3549,6163193,251.0,25099.99999998576,1,1,0,1.0,0.0,251.0,1,1,1,1,1
3550,6163195,111.0,11099.999999993703,1,1,0,1.0,0.0,111.0,1,1,1,1,1
3551,6163199,4139.0,413899.9999997652,1,1,0,1.0,0.0,4139.0,1,1,1,1,1
3552,6163201,759.0,75899.99999995694,1,1,0,1.0,0.0,759.0,1,1,1,1,1
3553,6163205,460.0,45999.9999999739,1,1,0,1.0,0.0,460.0,1,1,1,1,1
3554,6163207,8.0,799.9999999995462,1,1,0,1.0,0.0,8.0,1,1,1,1,1
3555,6163209,32.0,3199.9999999981846,1,1,0,1.0,0.0,32.0,1,1,1,1,1
3556,6163215,525.0,52499.99999997022,1,1,0,1.0,0.0,525.0,1,1,1,1,1
3557,6163217,138.0,13799.999999992171,1,1,0,1.0,0.0,138.0,1,1,1,1,1
3558,6163219,50.0,4999.999999997163,1,1,0,1.0,0.0,50.0,1,1,1,1,1
3559,6163221,11.0,1099.999999999376,1,1,0,1.0,0.0,11.0,1,1,1,1,1
3560,6163223,230.0,22999.99999998695,1,1,0,1.0,0.0,230.0,1,1,1,1,1
3561,6163225,1687.0,168699.9999999043,1,1,0,1.0,0.0,1687.0,1,1,1,1,1
3562,6163227,12.0,1199.9999999993192,1,1,0,1.0,0.0,12.0,1,1,1,1,1
3563,6163229,151.0,15099.999999991434,1,1,0,1.0,0.0,151.0,1,1,1,1,1
3564,6163233,1573.0,157299.99999991077,1,1,0,1.0,0.0,1573.0,1,1,1,1,1
3565,6163235,13.0,1299.9999999992624,1,1,0,1.0,0.0,13.0,1,1,1,1,1
3566,6163237,42.0,4199.999999997617,1,1,0,1.0,0.0,42.0,1,1,1,1,1
3567,6163241,1453.0,145299.99999991758,1,1,0,1.0,0.0,1453.0,1,1,1,1,1
3568,6163243,108.0,10799.999999993874,1,1,0,1.0,0.0,108.0,1,1,1,1,1
3569,6163245,1176.0,117599.99999993328,1,1,0,1.0,0.0,1176.0,1,1,1,1,1
3570,6163247,94.0,9399.999999994667,1,1,0,1.0,0.0,94.0,1,1,1,1,1
3571,6163249,6912.0,691199.9999996079,1,1,0,1.0,0.0,6912.0,1,1,1,1,1
3572,6163255,14.0,1399.9999999992058,1,1,0,1.0,0.0,14.0,1,1,1,1,1
3573,6163257,8.0,799.9999999995462,1,1,0,1.0,0.0,8.0,1,1,1,1,1
3574,6163259,450.0,44999.99999997447,1,1,0,1.0,0.0,450.0,1,1,1,1,1
3575,6163261,198.0,19799.999999988766,1,1,0,1.0,0.0,198.0,1,1,1,1,1
3576,6163263,1157.0,115699.99999993437,1,1,0,1.0,0.0,1157.0,1,1,1,1,1
3577,6163265,1690.0,168999.99999990413,1,1,0,1.0,0.0,1690.0,1,1,1,1,1
3578,6163267,5515.0,551499.9999996872,1,1,0,1.0,0.0,5515.0,1,1,1,1,1
3579,6163287,1.0,99.99999999994327,1,1,0,1.0,0.0,1.0,1,1,1,1,1
3580,6163299,47.0,4699.999999997333,1,1,0,1.0,0.0,47.0,1,1,1,1,1
3581,6163301,227.0,22699.99999998712,1,1,0,1.0,0.0,227.0,1,1,1,1,1
3582,6163305,108.0,10799.999999993874,1,1,0,1.0,0.0,108.0,1,1,1,1,1
3583,6163307,247.0,24699.999999985987,1,1,0,1.0,0.0,247.0,1,1,1,1,1
3584,6163315,20.0,1999.9999999988654,1,1,0,1.0,0.0,20.0,1,1,1,1,1
3585,6163321,152.0,15199.999999991378,1,1,0,1.0,0.0,152.0,1,1,1,1,1
3586,6163325,26.0,2599.999999998525,1,1,0,1.0,0.0,26.0,1,1,1,1,1
3587,6163341,6.0,599.9999999996596,1,1,0,1.0,0.0,6.0,1,1,1,1,1
3588,6163347,207.0,20699.999999988257,1,1,0,1.0,0.0,207.0,1,1,1,1,1
3589,6163353,282.0,28199.999999984004,1,1,0,1.0,0.0,282.0,1,1,1,1,1
3590,6163359,145.0,14499.999999991775,1,1,0,1.0,0.0,145.0,1,1,1,1,1
3591,6163367,205.0,20499.99999998837,1,1,0,1.0,0.0,205.0,1,1,1,1,1
3592,6163373,281.0,28099.99999998406,1,1,0,1.0,0.0,281.0,1,1,1,1,1
3593,6163385,68.0,6799.999999996142,1,1,0,1.0,0.0,68.0,1,1,1,1,1
3594,6163389,1579.0,157899.99999991042,1,1,0,1.0,0.0,1579.0,1,1,1,1,1
3595,6163391,151.0,15099.999999991434,1,1,0,1.0,0.0,151.0,1,1,1,1,1
3596,6165125,685.0,68499.99999996115,1,1,0,1.0,0.0,685.0,1,1,1,1,1
3597,6165127,157.0,15699.999999991094,1,1,0,1.0,0.0,157.0,1,1,1,1,1
3598,6167092,731.0,73099.99999995853,1,1,0,1.0,0.0,731.0,1,1,1,1,1
3599,6167094,302.0,30199.99999998287,1,1,0,1.0,0.0,302.0,1,1,1,1,1
3600,6167232,9.0,899.9999999994894,1,1,0,1.0,0.0,9.0,1,1,1,1,1
3601,6167234,1971.0,197099.99999988818,1,1,0,1.0,0.0,1971.0,1,1,1,1,1
3602,6168268,24.0,2399.9999999986385,1,1,0,1.0,0.0,24.0,1,1,1,1,1
3603,6168270,9.0,899.9999999994894,1,1,0,1.0,0.0,9.0,1,1,1,1,1
3604,6168272,265.0,26499.999999984968,1,1,0,1.0,0.0,265.0,1,1,1,1,1
3605,6168276,938.0,93799.99999994678,1,1,0,1.0,0.0,938.0,1,1,1,1,1
3606,6168282,29.0,2899.9999999983547,1,1,0,1.0,0.0,29.0,1,1,1,1,1
3607,6168284,6.0,599.9999999996596,1,1,0,1.0,0.0,6.0,1,1,1,1,1
3608,6168286,281.0,28099.99999998406,1,1,0,1.0,0.0,281.0,1,1,1,1,1
3609,6168288,208.0,20799.9999999882,1,1,0,1.0,0.0,208.0,1,1,1,1,1
3610,6168290,57.0,5699.999999996767,1,1,0,1.0,0.0,57.0,1,1,1,1,1
3611,6168296,23.0,2299.9999999986953,1,1,0,1.0,0.0,23.0,1,1,1,1,1
3612,6168298,586.0,58599.999999966756,1,1,0,1.0,0.0,586.0,1,1,1,1,1
3613,6168300,176.0,17599.999999990017,1,1,0,1.0,0.0,176.0,1,1,1,1,1
3614,6168302,380.0,37999.99999997844,1,1,0,1.0,0.0,380.0,1,1,1,1,1
3615,6168304,73.0,7299.999999995859,1,1,0,1.0,0.0,73.0,1,1,1,1,1
3616,6168306,719.0,71899.99999995921,1,1,0,1.0,0.0,719.0,1,1,1,1,1
3617,6168310,657.0,65699.99999996273,1,1,0,1.0,0.0,657.0,1,1,1,1,1
3618,6168318,1089.0,108899.99999993823,1,1,0,1.0,0.0,1089.0,1,1,1,1,1
3619,6168320,1971.0,197099.99999988818,1,1,0,1.0,0.0,1971.0,1,1,1,1,1
3620,6168322,5456.0,545599.9999996905,1,1,0,1.0,0.0,5456.0,1,1,1,1,1
3621,6168326,83.0,8299.99999999529,1,1,0,1.0,0.0,83.0,1,1,1,1,1
3622,6168328,4542.0,454199.9999997423,1,1,0,1.0,0.0,4542.0,1,1,1,1,1
3623,6168332,479.0,47899.999999972824,1,1,0,1.0,0.0,479.0,1,1,1,1,1
3624,6168336,66.0,6599.999999996256,1,1,0,1.0,0.0,66.0,1,1,1,1,1
3625,6168338,498.0,49799.99999997175,1,1,0,1.0,0.0,498.0,1,1,1,1,1
3626,6168344,2875.0,287499.9999998369,1,1,0,1.0,0.0,2875.0,1,1,1,1,1
3627,6168346,319.0,31899.999999981905,1,1,0,1.0,0.0,319.0,1,1,1,1,1
3628,6168348,7834.0,783399.9999995555,1,1,0,1.0,0.0,7834.0,1,1,1,1,1
3629,6168352,212.0,21199.999999987973,1,1,0,1.0,0.0,212.0,1,1,1,1,1
3630,6168354,2180.0,217999.99999987634,1,1,0,1.0,0.0,2180.0,1,1,1,1,1
3631,6168356,6151.0,615099.9999996511,1,1,0,1.0,0.0,6151.0,1,1,1,1,1
3632,6168482,52.0,5199.99999999705,1,1,0,1.0,0.0,52.0,1,1,1,1,1
3633,6168484,798.0,79799.99999995473,1,1,0,1.0,0.0,798.0,1,1,1,1,1
3634,6168486,159.0,15899.99999999098,1,1,0,1.0,0.0,159.0,1,1,1,1,1
3635,6168488,2044.0,204399.99999988405,1,1,0,1.0,0.0,2044.0,1,1,1,1,1
3636,6168490,1156.0,115599.99999993441,1,1,0,1.0,0.0,1156.0,1,1,1,1,1
3637,6168494,310.0,30999.999999982414,1,1,0,1.0,0.0,310.0,1,1,1,1,1
3638,6168496,337.0,33699.99999998088,1,1,0,1.0,0.0,337.0,1,1,1,1,1
3639,6168498,334.0,33399.99999998105,1,1,0,1.0,0.0,334.0,1,1,1,1,1
3640,6168502,394.0,39399.99999997765,1,1,0,1.0,0.0,394.0,1,1,1,1,1
3641,6168508,539.0,53899.99999996942,1,1,0,1.0,0.0,539.0,1,1,1,1,1
3642,6168516,345.0,34499.99999998043,1,1,0,1.0,0.0,345.0,1,1,1,1,1
3643,6168518,128.0,12799.999999992739,1,1,0,1.0,0.0,128.0,1,1,1,1,1
3644,6168520,6.0,599.9999999996596,1,1,0,1.0,0.0,6.0,1,1,1,1,1
3645,6168522,96.0,9599.999999994554,1,1,0,1.0,0.0,96.0,1,1,1,1,1
3646,6168526,483.0,48299.9999999726,1,1,0,1.0,0.0,483.0,1,1,1,1,1
3647,6168528,43.0,4299.999999997561,1,1,0,1.0,0.0,43.0,1,1,1,1,1
3648,6168530,93.0,9299.999999994725,1,1,0,1.0,0.0,93.0,1,1,1,1,1
3649,6168534,45.0,4499.999999997447,1,1,0,1.0,0.0,45.0,1,1,1,1,1
3650,6168540,76.0,7599.999999995689,1,1,0,1.0,0.0,76.0,1,1,1,1,1
3651,6168544,27.0,2699.9999999984684,1,1,0,1.0,0.0,27.0,1,1,1,1,1
3652,6168546,6180.0,617999.9999996494,1,1,0,1.0,0.0,6180.0,1,1,1,1,1
3653,6168548,18.0,1799.9999999989789,1,1,0,1.0,0.0,18.0,1,1,1,1,1
3654,6168550,616.0,61599.99999996505,1,1,0,1.0,0.0,616.0,1,1,1,1,1
3655,6168552,100.0,9999.999999994327,1,1,0,1.0,0.0,100.0,1,1,1,1,1
3656,6168554,133.0,13299.999999992455,1,1,0,1.0,0.0,133.0,1,1,1,1,1
3657,6168556,2835.0,283499.9999998392,1,1,0,1.0,0.0,2835.0,1,1,1,1,1
3658,6168572,3950.0,394999.9999997759,1,1,0,1.0,0.0,3950.0,1,1,1,1,1
3659,6168574,5.0,499.99999999971635,1,1,0,1.0,0.0,5.0,1,1,1,1,1
3660,6168704,275.0,27499.9999999844,1,1,0,1.0,0.0,275.0,1,1,1,1,1
3661,6168706,56.0,5599.999999996823,1,1,0,1.0,0.0,56.0,1,1,1,1,1
3662,6168718,111.0,11099.999999993703,1,1,0,1.0,0.0,111.0,1,1,1,1,1
3663,6168722,3.0,299.9999999998298,1,1,0,1.0,0.0,3.0,1,1,1,1,1
3664,6168732,2700.0,269999.99999984686,1,1,0,1.0,0.0,2700.0,1,1,1,1,1
3665,6168734,53.0,5299.999999996993,1,1,0,1.0,0.0,53.0,1,1,1,1,1
3666,6168736,472.0,47199.999999973224,1,1,0,1.0,0.0,472.0,1,1,1,1,1
3667,6168738,116.0,11599.999999993419,1,1,0,1.0,0.0,116.0,1,1,1,1,1
3668,6168740,279.0,27899.99999998417,1,1,0,1.0,0.0,279.0,1,1,1,1,1
3669,6168746,2.0,199.99999999988654,1,1,0,1.0,0.0,2.0,1,1,1,1,1
3670,6168748,46.0,4599.999999997391,1,1,0,1.0,0.0,46.0,1,1,1,1,1
3671,6168750,98.0,9799.999999994441,1,1,0,1.0,0.0,98.0,1,1,1,1,1
3672,6168752,444.0,44399.99999997481,1,1,0,1.0,0.0,444.0,1,1,1,1,1
3673,6168758,1747.0,174699.9999999009,1,1,0,1.0,0.0,1747.0,1,1,1,1,1
3674,6168766,1.0,99.99999999994327,1,1,0,1.0,0.0,1.0,1,1,1,1,1
3675,6168768,186.0,18599.99999998945,1,1,0,1.0,0.0,186.0,1,1,1,1,1
3676,6168770,4.0,399.9999999997731,1,1,0,1.0,0.0,4.0,1,1,1,1,1
3677,6168776,74.0,7399.999999995802,1,1,0,1.0,0.0,74.0,1,1,1,1,1
3678,6168778,2.0,199.99999999988654,1,1,0,1.0,0.0,2.0,1,1,1,1,1
3679,6168780,52.0,5199.99999999705,1,1,0,1.0,0.0,52.0,1,1,1,1,1
3680,6168782,42.0,4199.999999997617,1,1,0,1.0,0.0,42.0,1,1,1,1,1
3681,6168792,6.0,599.9999999996596,1,1,0,1.0,0.0,6.0,1,1,1,1,1
3682,6168800,1.0,99.99999999994327,1,1,0,1.0,0.0,1.0,1,1,1,1,1
3683,6168808,97.0,9699.999999994498,1,1,0,1.0,0.0,97.0,1,1,1,1,1
3684,6168814,30.0,2999.9999999982983,1,1,0,1.0,0.0,30.0,1,1,1,1,1
3685,6168816,166.0,16599.99999999058,1,1,0,1.0,0.0,166.0,1,1,1,1,1
3686,6168818,40.0,3999.999999997731,1,1,0,1.0,0.0,40.0,1,1,1,1,1
3687,6168820,28.0,2799.9999999984116,1,1,0,1.0,0.0,28.0,1,1,1,1,1
3688,6168822,60.0,5999.999999996597,1,1,0,1.0,0.0,60.0,1,1,1,1,1
3689,6168826,60.0,5999.999999996597,1,1,0,1.0,0.0,60.0,1,1,1,1,1
3690,6168828,113.0,11299.99999999359,1,1,0,1.0,0.0,113.0,1,1,1,1,1
3691,6168830,73.0,7299.999999995859,1,1,0,1.0,0.0,73.0,1,1,1,1,1
3692,6168832,582.0,58199.99999996698,1,1,0,1.0,0.0,582.0,1,1,1,1,1
3693,6168834,184.0,18399.999999989563,1,1,0,1.0,0.0,184.0,1,1,1,1,1
3694,6168836,96.0,9599.999999994554,1,1,0,1.0,0.0,96.0,1,1,1,1,1
3695,6168888,2239.0,223899.999999873,1,1,0,1.0,0.0,2239.0,1,1,1,1,1
3696,6168894,405.0,40499.99999997702,1,1,0,1.0,0.0,405.0,1,1,1,1,1
3697,6168896,9.0,899.9999999994894,1,1,0,1.0,0.0,9.0,1,1,1,1,1
3698,6168900,46.0,4599.999999997391,1,1,0,1.0,0.0,46.0,1,1,1,1,1
3699,6168904,85.0,8499.999999995178,1,1,0,1.0,0.0,85.0,1,1,1,1,1
3700,6168908,4.0,399.9999999997731,1,1,0,1.0,0.0,4.0,1,1,1,1,1
3701,6168910,2.0,199.99999999988654,1,1,0,1.0,0.0,2.0,1,1,1,1,1
3702,6168914,440.0,43999.999999975036,1,1,0,1.0,0.0,440.0,1,1,1,1,1
3703,6168916,46.0,4599.999999997391,1,1,0,1.0,0.0,46.0,1,1,1,1,1
3704,6168918,92.0,9199.999999994781,1,1,0,1.0,0.0,92.0,1,1,1,1,1
3705,6168920,29.0,2899.9999999983547,1,1,0,1.0,0.0,29.0,1,1,1,1,1
3706,6168922,5.0,499.99999999971635,1,1,0,1.0,0.0,5.0,1,1,1,1,1
3707,6168926,87.0,8699.999999995065,1,1,0,1.0,0.0,87.0,1,1,1,1,1
3708,6168936,411.0,41099.99999997668,1,1,0,1.0,0.0,411.0,1,1,1,1,1
3709,6168938,34.0,3399.999999998071,1,1,0,1.0,0.0,34.0,1,1,1,1,1
3710,6168948,3.0,299.9999999998298,1,1,0,1.0,0.0,3.0,1,1,1,1,1
3711,6168952,130.0,12999.999999992626,1,1,0,1.0,0.0,130.0,1,1,1,1,1
3712,6168954,142.0,14199.999999991944,1,1,0,1.0,0.0,142.0,1,1,1,1,1
3713,6168956,222.0,22199.999999987405,1,1,0,1.0,0.0,222.0,1,1,1,1,1
3714,6168966,117.0,11699.999999993363,1,1,0,1.0,0.0,117.0,1,1,1,1,1
3715,6168980,24.0,2399.9999999986385,1,1,0,1.0,0.0,24.0,1,1,1,1,1
3716,6168984,27.0,2699.9999999984684,1,1,0,1.0,0.0,27.0,1,1,1,1,1
3717,6168988,74.0,7399.999999995802,1,1,0,1.0,0.0,74.0,1,1,1,1,1
3718,6168992,1.0,99.99999999994327,1,1,0,1.0,0.0,1.0,1,1,1,1,1
3719,6168994,483.0,48299.9999999726,1,1,0,1.0,0.0,483.0,1,1,1,1,1
3720,6168996,745.0,74499.99999995774,1,1,0,1.0,0.0,745.0,1,1,1,1,1
3721,6168998,1566.0,156599.99999991118,1,1,0,1.0,0.0,1566.0,1,1,1,1,1
3722,6169000,635.0,63499.99999996398,1,1,0,1.0,0.0,635.0,1,1,1,1,1
3723,6169002,2233.0,223299.9999998733,1,1,0,1.0,0.0,2233.0,1,1,1,1,1
3724,6169010,39.0,3899.9999999977877,1,1,0,1.0,0.0,39.0,1,1,1,1,1
3725,6170032,71.0,7099.999999995972,1,1,0,1.0,0.0,71.0,1,1,1,1,1
3726,6170044,6.0,599.9999999996596,1,1,0,1.0,0.0,6.0,1,1,1,1,1
3727,6170048,129.0,12899.999999992682,1,1,0,1.0,0.0,129.0,1,1,1,1,1
3728,6170050,2230.0,222999.9999998735,1,1,0,1.0,0.0,2230.0,1,1,1,1,1
3729,6170052,1071.0,107099.99999993925,1,1,0,1.0,0.0,1071.0,1,1,1,1,1
3730,6170054,1060.0,105999.99999993987,1,1,0,1.0,0.0,1060.0,1,1,1,1,1
3731,6170056,403.0,40299.99999997714,1,1,0,1.0,0.0,403.0,1,1,1,1,1
3732,6170058,508.0,50799.99999997118,1,1,0,1.0,0.0,508.0,1,1,1,1,1
3733,6170064,41.0,4099.999999997674,1,1,0,1.0,0.0,41.0,1,1,1,1,1
3734,6170066,31.0,3099.9999999982415,1,1,0,1.0,0.0,31.0,1,1,1,1,1
3735,6170068,12.0,1199.9999999993192,1,1,0,1.0,0.0,12.0,1,1,1,1,1
3736,6170074,35.0,3499.9999999980146,1,1,0,1.0,0.0,35.0,1,1,1,1,1
3737,6170076,319.0,31899.999999981905,1,1,0,1.0,0.0,319.0,1,1,1,1,1
3738,6170078,388.0,38799.99999997799,1,1,0,1.0,0.0,388.0,1,1,1,1,1
3739,6170084,70.0,6999.999999996029,1,1,0,1.0,0.0,70.0,1,1,1,1,1
3740,6170088,120.0,11999.999999993193,1,1,0,1.0,0.0,120.0,1,1,1,1,1
3741,6170098,489.0,48899.99999997226,1,1,0,1.0,0.0,489.0,1,1,1,1,1
3742,6170102,800.0,79999.99999995461,1,1,0,1.0,0.0,800.0,1,1,1,1,1
3743,6170104,522.0,52199.99999997039,1,1,0,1.0,0.0,522.0,1,1,1,1,1
3744,6170106,17.0,1699.9999999990355,1,1,0,1.0,0.0,17.0,1,1,1,1,1
3745,6170110,258.0,25799.999999985364,1,1,0,1.0,0.0,258.0,1,1,1,1,1
3746,6170112,495.0,49499.99999997192,1,1,0,1.0,0.0,495.0,1,1,1,1,1
3747,6170114,320.0,31999.999999981846,1,1,0,1.0,0.0,320.0,1,1,1,1,1
3748,6170122,7.0,699.9999999996029,1,1,0,1.0,0.0,7.0,1,1,1,1,1
3749,6170124,29.0,2899.9999999983547,1,1,0,1.0,0.0,29.0,1,1,1,1,1
3750,6170126,75.0,7499.999999995745,1,1,0,1.0,0.0,75.0,1,1,1,1,1
3751,6170128,85.0,8499.999999995178,1,1,0,1.0,0.0,85.0,1,1,1,1,1
3752,6170130,7.0,699.9999999996029,1,1,0,1.0,0.0,7.0,1,1,1,1,1
3753,6170132,30.0,2999.9999999982983,1,1,0,1.0,0.0,30.0,1,1,1,1,1
3754,6170134,44.0,4399.999999997504,1,1,0,1.0,0.0,44.0,1,1,1,1,1
3755,6170140,7.0,699.9999999996029,1,1,0,1.0,0.0,7.0,1,1,1,1,1
3756,6170146,35.0,3499.9999999980146,1,1,0,1.0,0.0,35.0,1,1,1,1,1
3757,6170148,5620.0,561999.9999996811,1,1,0,1.0,0.0,5620.0,1,1,1,1,1
3758,6170152,26.0,2599.999999998525,1,1,0,1.0,0.0,26.0,1,1,1,1,1
3759,6170154,41.0,4099.999999997674,1,1,0,1.0,0.0,41.0,1,1,1,1,1
3760,6170156,162.0,16199.99999999081,1,1,0,1.0,0.0,162.0,1,1,1,1,1
3761,6170160,79.0,7899.999999995518,1,1,0,1.0,0.0,79.0,1,1,1,1,1
3762,6170162,213.0,21299.99999998792,1,1,0,1.0,0.0,213.0,1,1,1,1,1
3763,6170168,135.0,13499.999999992342,1,1,0,1.0,0.0,135.0,1,1,1,1,1
3764,6170170,70.0,6999.999999996029,1,1,0,1.0,0.0,70.0,1,1,1,1,1
3765,6170176,2.0,199.99999999988654,1,1,0,1.0,0.0,2.0,1,1,1,1,1
3766,6170178,15.0,1499.9999999991492,1,1,0,1.0,0.0,15.0,1,1,1,1,1
3767,6170180,480.0,47999.99999997277,1,1,0,1.0,0.0,480.0,1,1,1,1,1
3768,6170182,416.0,41599.9999999764,1,1,0,1.0,0.0,416.0,1,1,1,1,1
3769,6170184,3.0,299.9999999998298,1,1,0,1.0,0.0,3.0,1,1,1,1,1
3770,6170190,39.0,3899.9999999977877,1,1,0,1.0,0.0,39.0,1,1,1,1,1
3771,6170194,155.0,15499.999999991207,1,1,0,1.0,0.0,155.0,1,1,1,1,1
3772,6170202,180.0,17999.99999998979,1,1,0,1.0,0.0,180.0,1,1,1,1,1
3773,6170204,20.0,1999.9999999988654,1,1,0,1.0,0.0,20.0,1,1,1,1,1
3774,6170206,45.0,4499.999999997447,1,1,0,1.0,0.0,45.0,1,1,1,1,1
3775,6170208,191.0,19099.999999989166,1,1,0,1.0,0.0,191.0,1,1,1,1,1
3776,6170210,695.0,69499.99999996058,1,1,0,1.0,0.0,695.0,1,1,1,1,1
3777,6170212,23.0,2299.9999999986953,1,1,0,1.0,0.0,23.0,1,1,1,1,1
3778,6170216,56.0,5599.999999996823,1,1,0,1.0,0.0,56.0,1,1,1,1,1
3779,6170222,15.0,1499.9999999991492,1,1,0,1.0,0.0,15.0,1,1,1,1,1
3780,6170224,295.0,29499.999999983265,1,1,0,1.0,0.0,295.0,1,1,1,1,1
3781,6170226,200.0,19999.999999988653,1,1,0,1.0,0.0,200.0,1,1,1,1,1
3782,6170228,131.0,13099.999999992568,1,1,0,1.0,0.0,131.0,1,1,1,1,1
3783,6170230,146.0,14599.999999991718,1,1,0,1.0,0.0,146.0,1,1,1,1,1
3784,6170232,16.0,1599.9999999990923,1,1,0,1.0,0.0,16.0,1,1,1,1,1
3785,6170234,30.0,2999.9999999982983,1,1,0,1.0,0.0,30.0,1,1,1,1,1
3786,6170236,15.0,1499.9999999991492,1,1,0,1.0,0.0,15.0,1,1,1,1,1
3787,6170238,7.0,699.9999999996029,1,1,0,1.0,0.0,7.0,1,1,1,1,1
3788,6170242,141.0,14099.999999992002,1,1,0,1.0,0.0,141.0,1,1,1,1,1
3789,6170244,45.0,4499.999999997447,1,1,0,1.0,0.0,45.0,1,1,1,1,1
3790,6170248,145.0,14499.999999991775,1,1,0,1.0,0.0,145.0,1,1,1,1,1
3791,6170252,163.0,16299.999999990752,1,1,0,1.0,0.0,163.0,1,1,1,1,1
3792,6170254,1643.0,164299.99999990678,1,1,0,1.0,0.0,1643.0,1,1,1,1,1
3793,6170262,190.0,18999.99999998922,1,1,0,1.0,0.0,190.0,1,1,1,1,1
3794,6170268,239.0,23899.99999998644,1,1,0,1.0,0.0,239.0,1,1,1,1,1
3795,6170270,73.0,7299.999999995859,1,1,0,1.0,0.0,73.0,1,1,1,1,1
3796,6170272,106.0,10599.999999993986,1,1,0,1.0,0.0,106.0,1,1,1,1,1
3797,6170276,768.0,76799.99999995643,1,1,0,1.0,0.0,768.0,1,1,1,1,1
3798,6170278,199.0,19899.99999998871,1,1,0,1.0,0.0,199.0,1,1,1,1,1
3799,6170282,1010.0,100999.99999994271,1,1,0,1.0,0.0,1010.0,1,1,1,1,1
3800,6170284,65.0,6499.999999996313,1,1,0,1.0,0.0,65.0,1,1,1,1,1
3801,6170290,1143.0,114299.99999993516,1,1,0,1.0,0.0,1143.0,1,1,1,1,1
3802,6170292,385.0,38499.99999997816,1,1,0,1.0,0.0,385.0,1,1,1,1,1
3803,6170302,3181.0,318099.99999981956,1,1,0,1.0,0.0,3181.0,1,1,1,1,1
3804,6170308,1018.0,101799.99999994224,1,1,0,1.0,0.0,1018.0,1,1,1,1,1
3805,6170310,943.0,94299.9999999465,1,1,0,1.0,0.0,943.0,1,1,1,1,1
3806,6170312,84.0,8399.999999995234,1,1,0,1.0,0.0,84.0,1,1,1,1,1
3807,6170314,12.0,1199.9999999993192,1,1,0,1.0,0.0,12.0,1,1,1,1,1
3808,6170316,64.0,6399.999999996369,1,1,0,1.0,0.0,64.0,1,1,1,1,1
3809,6170318,50.0,4999.999999997163,1,1,0,1.0,0.0,50.0,1,1,1,1,1
3810,6170320,423.0,42299.999999976004,1,1,0,1.0,0.0,423.0,1,1,1,1,1
3811,6170322,953.0,95299.99999994594,1,1,0,1.0,0.0,953.0,1,1,1,1,1
3812,6170324,162.0,16199.99999999081,1,1,0,1.0,0.0,162.0,1,1,1,1,1
3813,6170326,21.0,2099.9999999988086,1,1,0,1.0,0.0,21.0,1,1,1,1,1
3814,6170328,1519.0,151899.99999991382,1,1,0,1.0,0.0,1519.0,1,1,1,1,1
3815,6170334,430.0,42999.999999975604,1,1,0,1.0,0.0,430.0,1,1,1,1,1
3816,6170336,1249.0,124899.99999992915,1,1,0,1.0,0.0,1249.0,1,1,1,1,1
3817,6170342,39.0,3899.9999999977877,1,1,0,1.0,0.0,39.0,1,1,1,1,1
3818,6170344,1058.0,105799.99999993997,1,1,0,1.0,0.0,1058.0,1,1,1,1,1
3819,6170348,119.0,11899.99999999325,1,1,0,1.0,0.0,119.0,1,1,1,1,1
3820,6170352,949.0,94899.99999994616,1,1,0,1.0,0.0,949.0,1,1,1,1,1
3821,6170362,1.0,99.99999999994327,1,1,0,1.0,0.0,1.0,1,1,1,1,1
3822,6170364,1297.0,129699.99999992643,1,1,0,1.0,0.0,1297.0,1,1,1,1,1
3823,6170368,196.0,19599.999999988882,1,1,0,1.0,0.0,196.0,1,1,1,1,1
3824,6170370,2013.0,201299.9999998858,1,1,0,1.0,0.0,2013.0,1,1,1,1,1
3825,6170496,1023.0,102299.99999994197,1,1,0,1.0,0.0,1023.0,1,1,1,1,1
3826,6170500,1128.0,112799.99999993602,1,1,0,1.0,0.0,1128.0,1,1,1,1,1
3827,6170506,281.0,28099.99999998406,1,1,0,1.0,0.0,281.0,1,1,1,1,1
3828,6170510,1114.0,111399.9999999368,1,1,0,1.0,0.0,1114.0,1,1,1,1,1
3829,6170514,40.0,3999.999999997731,1,1,0,1.0,0.0,40.0,1,1,1,1,1
3830,6170520,20.0,1999.9999999988654,1,1,0,1.0,0.0,20.0,1,1,1,1,1
3831,6170522,402.0,40199.9999999772,1,1,0,1.0,0.0,402.0,1,1,1,1,1
3832,6170528,561.0,56099.999999968175,1,1,0,1.0,0.0,561.0,1,1,1,1,1
3833,6170530,89.0,8899.99999999495,1,1,0,1.0,0.0,89.0,1,1,1,1,1
3834,6170532,325.0,32499.999999981563,1,1,0,1.0,0.0,325.0,1,1,1,1,1
3835,6170534,781.0,78099.99999995569,1,1,0,1.0,0.0,781.0,1,1,1,1,1
3836,6170536,83.0,8299.99999999529,1,1,0,1.0,0.0,83.0,1,1,1,1,1
3837,6170538,360.0,35999.99999997958,1,1,0,1.0,0.0,360.0,1,1,1,1,1
3838,6170540,2597.0,259699.99999985268,1,1,0,1.0,0.0,2597.0,1,1,1,1,1
3839,6170542,130.0,12999.999999992626,1,1,0,1.0,0.0,130.0,1,1,1,1,1
3840,6170546,1766.0,176599.99999989982,1,1,0,1.0,0.0,1766.0,1,1,1,1,1
3841,6170548,54.0,5399.999999996937,1,1,0,1.0,0.0,54.0,1,1,1,1,1
3842,6170568,1447.0,144699.9999999179,1,1,0,1.0,0.0,1447.0,1,1,1,1,1
3843,6170570,189.0,18899.99999998928,1,1,0,1.0,0.0,189.0,1,1,1,1,1
3844,6170572,69.0,6899.9999999960855,1,1,0,1.0,0.0,69.0,1,1,1,1,1
3845,6170574,92.0,9199.999999994781,1,1,0,1.0,0.0,92.0,1,1,1,1,1
3846,6170578,8.0,799.9999999995462,1,1,0,1.0,0.0,8.0,1,1,1,1,1
3847,6170580,266.0,26599.99999998491,1,1,0,1.0,0.0,266.0,1,1,1,1,1
3848,6170588,200.0,19999.999999988653,1,1,0,1.0,0.0,200.0,1,1,1,1,1
3849,6170590,1564.0,156399.99999991126,1,1,0,1.0,0.0,1564.0,1,1,1,1,1
3850,6170592,3197.0,319699.9999998186,1,1,0,1.0,0.0,3197.0,1,1,1,1,1
3851,6170594,1.0,99.99999999994327,1,1,0,1.0,0.0,1.0,1,1,1,1,1
3852,6170596,469.0,46899.99999997339,1,1,0,1.0,0.0,469.0,1,1,1,1,1
3853,6170600,1743.0,174299.99999990113,1,1,0,1.0,0.0,1743.0,1,1,1,1,1
3854,6170602,73.0,7299.999999995859,1,1,0,1.0,0.0,73.0,1,1,1,1,1
3855,6170606,332.0,33199.99999998116,1,1,0,1.0,0.0,332.0,1,1,1,1,1
3856,6170608,113.0,11299.99999999359,1,1,0,1.0,0.0,113.0,1,1,1,1,1
3857,6170610,158.0,15799.999999991036,1,1,0,1.0,0.0,158.0,1,1,1,1,1
3858,6170612,149.0,14899.999999991547,1,1,0,1.0,0.0,149.0,1,1,1,1,1
3859,6170614,2.0,199.99999999988654,1,1,0,1.0,0.0,2.0,1,1,1,1,1
3860,6170618,36.0,3599.9999999979577,1,1,0,1.0,0.0,36.0,1,1,1,1,1
3861,6170620,74.0,7399.999999995802,1,1,0,1.0,0.0,74.0,1,1,1,1,1
3862,6170622,191.0,19099.999999989166,1,1,0,1.0,0.0,191.0,1,1,1,1,1
3863,6170624,1855.0,185499.99999989476,1,1,0,1.0,0.0,1855.0,1,1,1,1,1
3864,6170626,12.0,1199.9999999993192,1,1,0,1.0,0.0,12.0,1,1,1,1,1
3865,6170628,496.0,49599.999999971864,1,1,0,1.0,0.0,496.0,1,1,1,1,1
3866,6170632,164.0,16399.999999990698,1,1,0,1.0,0.0,164.0,1,1,1,1,1
3867,6170634,40.0,3999.999999997731,1,1,0,1.0,0.0,40.0,1,1,1,1,1
3868,6170636,556.0,55599.99999996846,1,1,0,1.0,0.0,556.0,1,1,1,1,1
3869,6170638,311.0,31099.999999982356,1,1,0,1.0,0.0,311.0,1,1,1,1,1
3870,6170642,2362.0,236199.999999866,1,1,0,1.0,0.0,2362.0,1,1,1,1,1
3871,6170646,142.0,14199.999999991944,1,1,0,1.0,0.0,142.0,1,1,1,1,1
3872,6170648,487.0,48699.99999997237,1,1,0,1.0,0.0,487.0,1,1,1,1,1
3873,6170650,60.0,5999.999999996597,1,1,0,1.0,0.0,60.0,1,1,1,1,1
3874,6170654,1590.0,158999.9999999098,1,1,0,1.0,0.0,1590.0,1,1,1,1,1
3875,6170660,1.0,99.99999999994327,1,1,0,1.0,0.0,1.0,1,1,1,1,1
3876,6170666,1.0,99.99999999994327,1,1,0,1.0,0.0,1.0,1,1,1,1,1
3877,6170672,141.0,14099.999999992002,1,1,0,1.0,0.0,141.0,1,1,1,1,1
3878,6170674,369.0,36899.99999997907,1,1,0,1.0,0.0,369.0,1,1,1,1,1
3879,6170678,606.0,60599.99999996562,1,1,0,1.0,0.0,606.0,1,1,1,1,1
3880,6170680,73.0,7299.999999995859,1,1,0,1.0,0.0,73.0,1,1,1,1,1
3881,6170682,407.0,40699.99999997691,1,1,0,1.0,0.0,407.0,1,1,1,1,1
3882,6170684,63.0,6299.999999996426,1,1,0,1.0,0.0,63.0,1,1,1,1,1
3883,6170686,98.0,9799.999999994441,1,1,0,1.0,0.0,98.0,1,1,1,1,1
3884,6170688,77.0,7699.999999995632,1,1,0,1.0,0.0,77.0,1,1,1,1,1
3885,6170690,4.0,399.9999999997731,1,1,0,1.0,0.0,4.0,1,1,1,1,1
3886,6170694,69.0,6899.9999999960855,1,1,0,1.0,0.0,69.0,1,1,1,1,1
3887,6170696,73.0,7299.999999995859,1,1,0,1.0,0.0,73.0,1,1,1,1,1
3888,6170698,148.0,14799.999999991604,1,1,0,1.0,0.0,148.0,1,1,1,1,1
3889,6170700,868.0,86799.99999995076,1,1,0,1.0,0.0,868.0,1,1,1,1,1
3890,6170702,213.0,21299.99999998792,1,1,0,1.0,0.0,213.0,1,1,1,1,1
3891,6170704,303.0,30299.99999998281,1,1,0,1.0,0.0,303.0,1,1,1,1,1
3892,6170706,69.0,6899.9999999960855,1,1,0,1.0,0.0,69.0,1,1,1,1,1
3893,6170710,19.0,1899.9999999989222,1,1,0,1.0,0.0,19.0,1,1,1,1,1
3894,6170712,8.0,799.9999999995462,1,1,0,1.0,0.0,8.0,1,1,1,1,1
3895,6170714,246.0,24599.999999986045,1,1,0,1.0,0.0,246.0,1,1,1,1,1
3896,6170728,29.0,2899.9999999983547,1,1,0,1.0,0.0,29.0,1,1,1,1,1
3897,6170734,815.0,81499.99999995377,1,1,0,1.0,0.0,815.0,1,1,1,1,1
3898,6170736,123.0,12299.999999993022,1,1,0,1.0,0.0,123.0,1,1,1,1,1
3899,6170738,32.0,3199.9999999981846,1,1,0,1.0,0.0,32.0,1,1,1,1,1
3900,6170742,23.0,2299.9999999986953,1,1,0,1.0,0.0,23.0,1,1,1,1,1
3901,6170744,1.0,99.99999999994327,1,1,0,1.0,0.0,1.0,1,1,1,1,1
3902,6170746,1491.0,149099.99999991542,1,1,0,1.0,0.0,1491.0,1,1,1,1,1
3903,6170750,3105.0,310499.99999982386,1,1,0,1.0,0.0,3105.0,1,1,1,1,1
3904,6170752,4460.0,445999.999999747,1,1,0,1.0,0.0,4460.0,1,1,1,1,1
3905,6170756,894.0,89399.99999994929,1,1,0,1.0,0.0,894.0,1,1,1,1,1
3906,6170758,741.0,74099.99999995796,1,1,0,1.0,0.0,741.0,1,1,1,1,1
3907,6170760,2259.0,225899.99999987186,1,1,0,1.0,0.0,2259.0,1,1,1,1,1
3908,6170762,240.0,23999.999999986387,1,1,0,1.0,0.0,240.0,1,1,1,1,1
3909,6170764,191.0,19099.999999989166,1,1,0,1.0,0.0,191.0,1,1,1,1,1
3910,6170766,12.0,1199.9999999993192,1,1,0,1.0,0.0,12.0,1,1,1,1,1
3911,6170768,6026.0,602599.9999996582,1,1,0,1.0,0.0,6026.0,1,1,1,1,1
3912,6170770,2289.0,228899.99999987014,1,1,0,1.0,0.0,2289.0,1,1,1,1,1
3913,6170772,673.0,67299.99999996182,1,1,0,1.0,0.0,673.0,1,1,1,1,1
3914,6170774,77.0,7699.999999995632,1,1,0,1.0,0.0,77.0,1,1,1,1,1
3915,6170776,15.0,1499.9999999991492,1,1,0,1.0,0.0,15.0,1,1,1,1,1
3916,6170778,3.0,299.9999999998298,1,1,0,1.0,0.0,3.0,1,1,1,1,1
3917,6170786,84.0,8399.999999995234,1,1,0,1.0,0.0,84.0,1,1,1,1,1
3918,6170788,9.0,899.9999999994894,1,1,0,1.0,0.0,9.0,1,1,1,1,1
3919,6170796,230.0,22999.99999998695,1,1,0,1.0,0.0,230.0,1,1,1,1,1
3920,6170798,35.0,3499.9999999980146,1,1,0,1.0,0.0,35.0,1,1,1,1,1
3921,6170810,50.0,4999.999999997163,1,1,0,1.0,0.0,50.0,1,1,1,1,1
3922,6170818,20.0,1999.9999999988654,1,1,0,1.0,0.0,20.0,1,1,1,1,1
3923,6170822,9.0,899.9999999994894,1,1,0,1.0,0.0,9.0,1,1,1,1,1
3924,6170826,29.0,2899.9999999983547,1,1,0,1.0,0.0,29.0,1,1,1,1,1
3925,6170828,303.0,30299.99999998281,1,1,0,1.0,0.0,303.0,1,1,1,1,1
3926,6170832,13.0,1299.9999999992624,1,1,0,1.0,0.0,13.0,1,1,1,1,1
3927,6170838,72.0,7199.9999999959155,1,1,0,1.0,0.0,72.0,1,1,1,1,1
3928,6170842,1220.0,121999.99999993079,1,1,0,1.0,0.0,1220.0,1,1,1,1,1
3929,6170844,11.0,1099.999999999376,1,1,0,1.0,0.0,11.0,1,1,1,1,1
3930,6170848,109.0,10899.999999993817,1,1,0,1.0,0.0,109.0,1,1,1,1,1
3931,6170856,1.0,99.99999999994327,1,1,0,1.0,0.0,1.0,1,1,1,1,1
3932,6170864,6.0,599.9999999996596,1,1,0,1.0,0.0,6.0,1,1,1,1,1
3933,6170868,7.0,699.9999999996029,1,1,0,1.0,0.0,7.0,1,1,1,1,1
3934,6170870,47.0,4699.999999997333,1,1,0,1.0,0.0,47.0,1,1,1,1,1
3935,6170880,1.0,99.99999999994327,1,1,0,1.0,0.0,1.0,1,1,1,1,1
3936,6170882,557.0,55699.9999999684,1,1,0,1.0,0.0,557.0,1,1,1,1,1
3937,6170886,477.0,47699.99999997294,1,1,0,1.0,0.0,477.0,1,1,1,1,1
3938,6170888,920.0,91999.9999999478,1,1,0,1.0,0.0,920.0,1,1,1,1,1
3939,6170890,213.0,21299.99999998792,1,1,0,1.0,0.0,213.0,1,1,1,1,1
3940,6170914,152.0,15199.999999991378,1,1,0,1.0,0.0,152.0,1,1,1,1,1
3941,6170916,7.0,699.9999999996029,1,1,0,1.0,0.0,7.0,1,1,1,1,1
3942,6170918,10.0,999.9999999994327,1,1,0,1.0,0.0,10.0,1,1,1,1,1
3943,6170924,136.0,13599.999999992284,1,1,0,1.0,0.0,136.0,1,1,1,1,1
3944,6170926,9.0,899.9999999994894,1,1,0,1.0,0.0,9.0,1,1,1,1,1
3945,6170928,21.0,2099.9999999988086,1,1,0,1.0,0.0,21.0,1,1,1,1,1
3946,6170936,871.0,87099.99999995058,1,1,0,1.0,0.0,871.0,1,1,1,1,1
3947,6170940,8.0,799.9999999995462,1,1,0,1.0,0.0,8.0,1,1,1,1,1
3948,6170942,3658.0,365799.9999997925,1,1,0,1.0,0.0,3658.0,1,1,1,1,1
3949,6170946,278.0,27799.99999998423,1,1,0,1.0,0.0,278.0,1,1,1,1,1
3950,6170948,15.0,1499.9999999991492,1,1,0,1.0,0.0,15.0,1,1,1,1,1
3951,6170952,687.0,68699.99999996103,1,1,0,1.0,0.0,687.0,1,1,1,1,1
3952,6170956,159.0,15899.99999999098,1,1,0,1.0,0.0,159.0,1,1,1,1,1
3953,6170960,108.0,10799.999999993874,1,1,0,1.0,0.0,108.0,1,1,1,1,1
3954,6170962,296.0,29599.999999983207,1,1,0,1.0,0.0,296.0,1,1,1,1,1
3955,6170972,69.0,6899.9999999960855,1,1,0,1.0,0.0,69.0,1,1,1,1,1
3956,6170976,210.0,20999.999999988086,1,1,0,1.0,0.0,210.0,1,1,1,1,1
3957,6171772,887.0,88699.99999994968,1,1,0,1.0,0.0,887.0,1,1,1,1,1
3958,6171780,757.0,75699.99999995706,1,1,0,1.0,0.0,757.0,1,1,1,1,1
3959,6171782,3320.0,331999.99999981164,1,1,0,1.0,0.0,3320.0,1,1,1,1,1
3960,6171784,108.0,10799.999999993874,1,1,0,1.0,0.0,108.0,1,1,1,1,1
3961,6174396,29.0,2899.9999999983547,1,1,0,1.0,0.0,29.0,1,1,1,1,1
3962,6174398,28476.0,2847599.9999983846,1,1,0,1.0,0.0,28476.0,1,1,1,1,1
3963,6174400,6652.0,665199.9999996226,1,1,0,1.0,0.0,6652.0,1,1,1,1,1
3964,6174402,7693.0,769299.9999995636,1,1,0,1.0,0.0,7693.0,1,1,1,1,1
3965,6174404,17763.0,1776299.9999989923,1,1,0,1.0,0.0,17763.0,1,1,1,1,1
3966,6174406,71.0,7099.999999995972,1,1,0,1.0,0.0,71.0,1,1,1,1,1
3967,6174410,12583.0,1258299.9999992861,1,1,0,1.0,0.0,12583.0,1,1,1,1,1
3968,6174414,3880.0,387999.9999997799,1,1,0,1.0,0.0,3880.0,1,1,1,1,1
3969,6174416,7717.0,771699.9999995622,1,1,0,1.0,0.0,7717.0,1,1,1,1,1
3970,6174420,15669.0,1566899.999999111,1,1,0,1.0,0.0,15669.0,1,1,1,1,1
3971,6174422,40318.0,4031799.9999977127,1,1,0,1.0,0.0,40318.0,1,1,1,1,1
3972,6174424,6381.0,638099.9999996381,1,1,0,1.0,0.0,6381.0,1,1,1,1,1
3973,6174428,11839.0,1183899.9999993283,1,1,0,1.0,0.0,11839.0,1,1,1,1,1
3974,6174430,8532.0,853199.999999516,1,1,0,1.0,0.0,8532.0,1,1,1,1,1
3975,6174432,3531.0,353099.9999997997,1,1,0,1.0,0.0,3531.0,1,1,1,1,1
3976,6174434,2741.0,274099.9999998445,1,1,0,1.0,0.0,2741.0,1,1,1,1,1
3977,6174440,1.0,99.99999999994327,1,1,0,1.0,0.0,1.0,1,1,1,1,1
3978,6174444,4594.0,459399.9999997394,1,1,0,1.0,0.0,4594.0,1,1,1,1,1
3979,6174446,974.0,97399.99999994475,1,1,0,1.0,0.0,974.0,1,1,1,1,1
3980,6174450,453.0,45299.9999999743,1,1,0,1.0,0.0,453.0,1,1,1,1,1
3981,6174452,1684.0,168399.99999990448,1,1,0,1.0,0.0,1684.0,1,1,1,1,1
3982,6174454,1283.0,128299.99999992721,1,1,0,1.0,0.0,1283.0,1,1,1,1,1
3983,6174464,7056.0,705599.9999995998,1,1,0,1.0,0.0,7056.0,1,1,1,1,1
3984,6174472,11182.0,1118199.9999993655,1,1,0,1.0,0.0,11182.0,1,1,1,1,1
3985,6174476,8710.0,870999.9999995059,1,1,0,1.0,0.0,8710.0,1,1,1,1,1
3986,6174478,456.0,45599.999999974134,1,1,0,1.0,0.0,456.0,1,1,1,1,1
3987,6174606,4253.0,425299.99999975873,1,1,0,1.0,0.0,4253.0,1,1,1,1,1
3988,6174608,2838.0,283799.999999839,1,1,0,1.0,0.0,2838.0,1,1,1,1,1
3989,6174610,30958.0,3095799.999998244,1,1,0,1.0,0.0,30958.0,1,1,1,1,1
3990,6174612,2706.0,270599.9999998465,1,1,0,1.0,0.0,2706.0,1,1,1,1,1
3991,6174614,1365.0,136499.99999992255,1,1,0,1.0,0.0,1365.0,1,1,1,1,1
3992,6174616,852.0,85199.99999995167,1,1,0,1.0,0.0,852.0,1,1,1,1,1
3993,6174624,4606.0,460599.9999997387,1,1,0,1.0,0.0,4606.0,1,1,1,1,1
3994,6174632,5491.0,549099.9999996885,1,1,0,1.0,0.0,5491.0,1,1,1,1,1
3995,6174636,7.0,699.9999999996029,1,1,0,1.0,0.0,7.0,1,1,1,1,1
3996,6174640,417.0,41699.999999976346,1,1,0,1.0,0.0,417.0,1,1,1,1,1
3997,6174642,2808.0,280799.9999998407,1,1,0,1.0,0.0,2808.0,1,1,1,1,1
3998,6174644,537.0,53699.999999969536,1,1,0,1.0,0.0,537.0,1,1,1,1,1
3999,6174646,302.0,30199.99999998287,1,1,0,1.0,0.0,302.0,1,1,1,1,1
4000,6174648,25.0,2499.9999999985816,1,1,0,1.0,0.0,25.0,1,1,1,1,1
4001,6174650,57.0,5699.999999996767,1,1,0,1.0,0.0,57.0,1,1,1,1,1
4002,6174652,822.0,82199.99999995336,1,1,0,1.0,0.0,822.0,1,1,1,1,1
4003,6174656,1193.0,119299.99999993232,1,1,0,1.0,0.0,1193.0,1,1,1,1,1
4004,6174660,197.0,19699.999999988824,1,1,0,1.0,0.0,197.0,1,1,1,1,1
4005,6174664,29.0,2899.9999999983547,1,1,0,1.0,0.0,29.0,1,1,1,1,1
4006,6176920,93.0,9299.999999994725,1,1,0,1.0,0.0,93.0,1,1,1,1,1
4007,6176922,294.0,29399.99999998332,1,1,0,1.0,0.0,294.0,1,1,1,1,1
4008,6176924,4442.0,444199.999999748,1,1,0,1.0,0.0,4442.0,1,1,1,1,1
4009,6176930,442.0,44199.99999997493,1,1,0,1.0,0.0,442.0,1,1,1,1,1
4010,6176932,1070.0,106999.9999999393,1,1,0,1.0,0.0,1070.0,1,1,1,1,1
4011,6176934,532.0,53199.99999996982,1,1,0,1.0,0.0,532.0,1,1,1,1,1
4012,6176936,398.0,39799.99999997742,1,1,0,1.0,0.0,398.0,1,1,1,1,1
4013,6176938,2383.0,238299.9999998648,1,1,0,1.0,0.0,2383.0,1,1,1,1,1
4014,6176940,26.0,2599.999999998525,1,1,0,1.0,0.0,26.0,1,1,1,1,1
4015,6176944,64.0,6399.999999996369,1,1,0,1.0,0.0,64.0,1,1,1,1,1
4016,6176946,1399.0,139899.99999992063,1,1,0,1.0,0.0,1399.0,1,1,1,1,1
4017,6176948,10.0,999.9999999994327,1,1,0,1.0,0.0,10.0,1,1,1,1,1
4018,6176950,30.0,2999.9999999982983,1,1,0,1.0,0.0,30.0,1,1,1,1,1
4019,6176952,82.0,8199.999999995349,1,1,0,1.0,0.0,82.0,1,1,1,1,1
4020,6176954,572.0,57199.99999996755,1,1,0,1.0,0.0,572.0,1,1,1,1,1
4021,6176956,377.0,37699.999999978616,1,1,0,1.0,0.0,377.0,1,1,1,1,1
4022,6176958,535.0,53499.99999996965,1,1,0,1.0,0.0,535.0,1,1,1,1,1
4023,6176960,468.0,46799.99999997345,1,1,0,1.0,0.0,468.0,1,1,1,1,1
4024,6176962,421.0,42099.99999997612,1,1,0,1.0,0.0,421.0,1,1,1,1,1
4025,6176966,7878.0,787799.9999995531,1,1,0,1.0,0.0,7878.0,1,1,1,1,1
4026,6176968,956.0,95599.99999994577,1,1,0,1.0,0.0,956.0,1,1,1,1,1
4027,6176972,354.0,35399.99999997992,1,1,0,1.0,0.0,354.0,1,1,1,1,1
4028,6176974,2.0,199.99999999988654,1,1,0,1.0,0.0,2.0,1,1,1,1,1
4029,6176976,439.0,43899.999999975094,1,1,0,1.0,0.0,439.0,1,1,1,1,1
4030,6176980,1662.0,166199.9999999057,1,1,0,1.0,0.0,1662.0,1,1,1,1,1
4031,6176982,257.0,25699.99999998542,1,1,0,1.0,0.0,257.0,1,1,1,1,1
4032,6176984,4891.0,489099.9999997225,1,1,0,1.0,0.0,4891.0,1,1,1,1,1
4033,6176986,1267.0,126699.99999992813,1,1,0,1.0,0.0,1267.0,1,1,1,1,1
4034,6176988,363.0,36299.99999997941,1,1,0,1.0,0.0,363.0,1,1,1,1,1
4035,6176990,289.0,28899.999999983604,1,1,0,1.0,0.0,289.0,1,1,1,1,1
4036,6176994,1171.0,117099.99999993357,1,1,0,1.0,0.0,1171.0,1,1,1,1,1
4037,6176998,56.0,5599.999999996823,1,1,0,1.0,0.0,56.0,1,1,1,1,1
4038,6177002,1.0,99.99999999994327,1,1,0,1.0,0.0,1.0,1,1,1,1,1
4039,6177004,9.0,899.9999999994894,1,1,0,1.0,0.0,9.0,1,1,1,1,1
4040,6177006,417.0,41699.999999976346,1,1,0,1.0,0.0,417.0,1,1,1,1,1
4041,6177012,511.0,51099.99999997101,1,1,0,1.0,0.0,511.0,1,1,1,1,1
4042,6177014,198.0,19799.999999988766,1,1,0,1.0,0.0,198.0,1,1,1,1,1
4043,6177018,92.0,9199.999999994781,1,1,0,1.0,0.0,92.0,1,1,1,1,1
4044,6177020,324.0,32399.99999998162,1,1,0,1.0,0.0,324.0,1,1,1,1,1
4045,6177026,205.0,20499.99999998837,1,1,0,1.0,0.0,205.0,1,1,1,1,1
4046,6177030,2169.0,216899.99999987695,1,1,0,1.0,0.0,2169.0,1,1,1,1,1
4047,6177032,7.0,699.9999999996029,1,1,0,1.0,0.0,7.0,1,1,1,1,1
4048,6177034,279.0,27899.99999998417,1,1,0,1.0,0.0,279.0,1,1,1,1,1
4049,6177036,1745.0,174499.99999990102,1,1,0,1.0,0.0,1745.0,1,1,1,1,1
4050,6177038,25.0,2499.9999999985816,1,1,0,1.0,0.0,25.0,1,1,1,1,1
4051,6177040,1851.0,185099.999999895,1,1,0,1.0,0.0,1851.0,1,1,1,1,1
4052,6177042,93.0,9299.999999994725,1,1,0,1.0,0.0,93.0,1,1,1,1,1
4053,6177048,1048.0,104799.99999994054,1,1,0,1.0,0.0,1048.0,1,1,1,1,1
4054,6177050,154.0,15399.999999991263,1,1,0,1.0,0.0,154.0,1,1,1,1,1
4055,6177052,1286.0,128599.99999992705,1,1,0,1.0,0.0,1286.0,1,1,1,1,1
4056,6177054,1329.0,132899.9999999246,1,1,0,1.0,0.0,1329.0,1,1,1,1,1
4057,6177056,41.0,4099.999999997674,1,1,0,1.0,0.0,41.0,1,1,1,1,1
4058,6177058,93.0,9299.999999994725,1,1,0,1.0,0.0,93.0,1,1,1,1,1
4059,6177062,1699.0,169899.9999999036,1,1,0,1.0,0.0,1699.0,1,1,1,1,1
4060,6177064,48.0,4799.999999997277,1,1,0,1.0,0.0,48.0,1,1,1,1,1
4061,6177066,100.0,9999.999999994327,1,1,0,1.0,0.0,100.0,1,1,1,1,1
4062,6177068,524.0,52399.99999997027,1,1,0,1.0,0.0,524.0,1,1,1,1,1
4063,6177072,46.0,4599.999999997391,1,1,0,1.0,0.0,46.0,1,1,1,1,1
4064,6177076,1112.0,111199.99999993692,1,1,0,1.0,0.0,1112.0,1,1,1,1,1
4065,6177078,560.0,55999.99999996823,1,1,0,1.0,0.0,560.0,1,1,1,1,1
4066,6177080,2700.0,269999.99999984686,1,1,0,1.0,0.0,2700.0,1,1,1,1,1
4067,6177082,85.0,8499.999999995178,1,1,0,1.0,0.0,85.0,1,1,1,1,1
4068,6177086,4.0,399.9999999997731,1,1,0,1.0,0.0,4.0,1,1,1,1,1
4069,6177092,14.0,1399.9999999992058,1,1,0,1.0,0.0,14.0,1,1,1,1,1
4070,6177096,4259.0,425899.9999997584,1,1,0,1.0,0.0,4259.0,1,1,1,1,1
4071,6177098,7707.0,770699.9999995627,1,1,0,1.0,0.0,7707.0,1,1,1,1,1
4072,6177102,67.0,6699.999999996199,1,1,0,1.0,0.0,67.0,1,1,1,1,1
4073,6177104,2604.0,260399.99999985227,1,1,0,1.0,0.0,2604.0,1,1,1,1,1
4074,6177106,323.0,32299.999999981676,1,1,0,1.0,0.0,323.0,1,1,1,1,1
4075,6177114,1153.0,115299.99999993459,1,1,0,1.0,0.0,1153.0,1,1,1,1,1
4076,6177116,87.0,8699.999999995065,1,1,0,1.0,0.0,87.0,1,1,1,1,1
4077,6177118,2649.0,264899.9999998497,1,1,0,1.0,0.0,2649.0,1,1,1,1,1
4078,6177120,3783.0,378299.9999997854,1,1,0,1.0,0.0,3783.0,1,1,1,1,1
4079,6177122,32.0,3199.9999999981846,1,1,0,1.0,0.0,32.0,1,1,1,1,1
4080,6177124,52.0,5199.99999999705,1,1,0,1.0,0.0,52.0,1,1,1,1,1
4081,6177134,22.0,2199.999999998752,1,1,0,1.0,0.0,22.0,1,1,1,1,1
4082,6177136,3.0,299.9999999998298,1,1,0,1.0,0.0,3.0,1,1,1,1,1
4083,6177138,36.0,3599.9999999979577,1,1,0,1.0,0.0,36.0,1,1,1,1,1
4084,6177148,3882.0,388199.9999997798,1,1,0,1.0,0.0,3882.0,1,1,1,1,1
4085,6177156,342.0,34199.999999980595,1,1,0,1.0,0.0,342.0,1,1,1,1,1
4086,6177158,107.0,10699.99999999393,1,1,0,1.0,0.0,107.0,1,1,1,1,1
4087,6177164,137.0,13699.999999992227,1,1,0,1.0,0.0,137.0,1,1,1,1,1
4088,6177168,42.0,4199.999999997617,1,1,0,1.0,0.0,42.0,1,1,1,1,1
4089,6177172,9.0,899.9999999994894,1,1,0,1.0,0.0,9.0,1,1,1,1,1
4090,6177174,1.0,99.99999999994327,1,1,0,1.0,0.0,1.0,1,1,1,1,1
4091,6177178,4.0,399.9999999997731,1,1,0,1.0,0.0,4.0,1,1,1,1,1
4092,6177186,46.0,4599.999999997391,1,1,0,1.0,0.0,46.0,1,1,1,1,1
4093,6177188,1344.0,134399.99999992375,1,1,0,1.0,0.0,1344.0,1,1,1,1,1
4094,6177190,171.0,17099.999999990298,1,1,0,1.0,0.0,171.0,1,1,1,1,1
4095,6177194,91.0,9099.999999994838,1,1,0,1.0,0.0,91.0,1,1,1,1,1
4096,6177204,267.0,26699.99999998485,1,1,0,1.0,0.0,267.0,1,1,1,1,1
4097,6177214,385.0,38499.99999997816,1,1,0,1.0,0.0,385.0,1,1,1,1,1
4098,6177216,362.0,36199.99999997947,1,1,0,1.0,0.0,362.0,1,1,1,1,1
4099,6177230,17052.0,1705199.9999990326,1,1,0,1.0,0.0,17052.0,1,1,1,1,1
4100,6177234,4131.0,413099.99999976566,1,1,0,1.0,0.0,4131.0,1,1,1,1,1
4101,6177240,108.0,10799.999999993874,1,1,0,1.0,0.0,108.0,1,1,1,1,1
4102,6177246,20.0,1999.9999999988654,1,1,0,1.0,0.0,20.0,1,1,1,1,1
4103,6177248,66.0,6599.999999996256,1,1,0,1.0,0.0,66.0,1,1,1,1,1
4104,6177250,104.0,10399.9999999941,1,1,0,1.0,0.0,104.0,1,1,1,1,1
4105,6177252,100.0,9999.999999994327,1,1,0,1.0,0.0,100.0,1,1,1,1,1
4106,6177254,18197.0,1819699.9999989676,1,1,0,1.0,0.0,18197.0,1,1,1,1,1
4107,6177258,48.0,4799.999999997277,1,1,0,1.0,0.0,48.0,1,1,1,1,1
4108,6177260,2959.0,295899.99999983213,1,1,0,1.0,0.0,2959.0,1,1,1,1,1
4109,6177262,2938.0,293799.99999983335,1,1,0,1.0,0.0,2938.0,1,1,1,1,1
4110,6177266,2590.0,258999.99999985308,1,1,0,1.0,0.0,2590.0,1,1,1,1,1
4111,6177268,1564.0,156399.99999991126,1,1,0,1.0,0.0,1564.0,1,1,1,1,1
4112,6177270,110.0,10999.999999993759,1,1,0,1.0,0.0,110.0,1,1,1,1,1
4113,6177272,66.0,6599.999999996256,1,1,0,1.0,0.0,66.0,1,1,1,1,1
4114,6177274,212.0,21199.999999987973,1,1,0,1.0,0.0,212.0,1,1,1,1,1
4115,6177276,307.0,30699.999999982585,1,1,0,1.0,0.0,307.0,1,1,1,1,1
4116,6177278,105.0,10499.999999994043,1,1,0,1.0,0.0,105.0,1,1,1,1,1
4117,6177280,2.0,199.99999999988654,1,1,0,1.0,0.0,2.0,1,1,1,1,1
4118,6177282,131.0,13099.999999992568,1,1,0,1.0,0.0,131.0,1,1,1,1,1
4119,6177286,1446.0,144599.99999991796,1,1,0,1.0,0.0,1446.0,1,1,1,1,1
4120,6177288,294.0,29399.99999998332,1,1,0,1.0,0.0,294.0,1,1,1,1,1
4121,6177290,787.0,78699.99999995535,1,1,0,1.0,0.0,787.0,1,1,1,1,1
4122,6177292,1955.0,195499.99999988909,1,1,0,1.0,0.0,1955.0,1,1,1,1,1
4123,6177298,2234.0,223399.99999987325,1,1,0,1.0,0.0,2234.0,1,1,1,1,1
4124,6177300,922.0,92199.9999999477,1,1,0,1.0,0.0,922.0,1,1,1,1,1
4125,6177306,16.0,1599.9999999990923,1,1,0,1.0,0.0,16.0,1,1,1,1,1
4126,6177308,872.0,87199.99999995054,1,1,0,1.0,0.0,872.0,1,1,1,1,1
4127,6177310,8455.0,845499.9999995204,1,1,0,1.0,0.0,8455.0,1,1,1,1,1
4128,6177320,328.0,32799.999999981395,1,1,0,1.0,0.0,328.0,1,1,1,1,1
4129,6177322,72.0,7199.9999999959155,1,1,0,1.0,0.0,72.0,1,1,1,1,1
4130,6177326,67.0,6699.999999996199,1,1,0,1.0,0.0,67.0,1,1,1,1,1
4131,6177332,175.0,17499.999999990072,1,1,0,1.0,0.0,175.0,1,1,1,1,1
4132,6177336,55.0,5499.9999999968795,1,1,0,1.0,0.0,55.0,1,1,1,1,1
4133,6177338,79.0,7899.999999995518,1,1,0,1.0,0.0,79.0,1,1,1,1,1
4134,6177340,8.0,799.9999999995462,1,1,0,1.0,0.0,8.0,1,1,1,1,1
4135,6177344,875.0,87499.99999995036,1,1,0,1.0,0.0,875.0,1,1,1,1,1
4136,6177352,6943.0,694299.9999996062,1,1,0,1.0,0.0,6943.0,1,1,1,1,1
4137,6177356,73.0,7299.999999995859,1,1,0,1.0,0.0,73.0,1,1,1,1,1
4138,6177358,738.0,73799.99999995813,1,1,0,1.0,0.0,738.0,1,1,1,1,1
4139,6177360,106.0,10599.999999993986,1,1,0,1.0,0.0,106.0,1,1,1,1,1
4140,6177364,11.0,1099.999999999376,1,1,0,1.0,0.0,11.0,1,1,1,1,1
4141,6177372,178.0,17799.9999999899,1,1,0,1.0,0.0,178.0,1,1,1,1,1
4142,6177378,1225.0,122499.9999999305,1,1,0,1.0,0.0,1225.0,1,1,1,1,1
4143,6177380,78.0,7799.999999995575,1,1,0,1.0,0.0,78.0,1,1,1,1,1
4144,6177382,24.0,2399.9999999986385,1,1,0,1.0,0.0,24.0,1,1,1,1,1
4145,6177384,259.0,25899.999999985306,1,1,0,1.0,0.0,259.0,1,1,1,1,1
4146,6177386,9542.0,954199.9999994587,1,1,0,1.0,0.0,9542.0,1,1,1,1,1
4147,6177390,220.0,21999.999999987518,1,1,0,1.0,0.0,220.0,1,1,1,1,1
4148,6177394,89.0,8899.99999999495,1,1,0,1.0,0.0,89.0,1,1,1,1,1
4149,6177396,223.0,22299.99999998735,1,1,0,1.0,0.0,223.0,1,1,1,1,1
4150,6177398,111.0,11099.999999993703,1,1,0,1.0,0.0,111.0,1,1,1,1,1
4151,6177400,509.0,50899.99999997112,1,1,0,1.0,0.0,509.0,1,1,1,1,1
4152,6177404,30.0,2999.9999999982983,1,1,0,1.0,0.0,30.0,1,1,1,1,1
4153,6177412,464.0,46399.999999973676,1,1,0,1.0,0.0,464.0,1,1,1,1,1
4154,6177416,685.0,68499.99999996115,1,1,0,1.0,0.0,685.0,1,1,1,1,1
4155,6177418,160.0,15999.999999990923,1,1,0,1.0,0.0,160.0,1,1,1,1,1
4156,6177426,217.0,21699.99999998769,1,1,0,1.0,0.0,217.0,1,1,1,1,1
4157,6177430,66.0,6599.999999996256,1,1,0,1.0,0.0,66.0,1,1,1,1,1
4158,6177432,574.0,57399.99999996744,1,1,0,1.0,0.0,574.0,1,1,1,1,1
4159,6177434,49.0,4899.999999997221,1,1,0,1.0,0.0,49.0,1,1,1,1,1
4160,6177436,1852.0,185199.99999989494,1,1,0,1.0,0.0,1852.0,1,1,1,1,1
4161,6177438,653.0,65299.99999996296,1,1,0,1.0,0.0,653.0,1,1,1,1,1
4162,6177440,6.0,599.9999999996596,1,1,0,1.0,0.0,6.0,1,1,1,1,1
4163,6177444,183.0,18299.999999989617,1,1,0,1.0,0.0,183.0,1,1,1,1,1
4164,6177446,2180.0,217999.99999987634,1,1,0,1.0,0.0,2180.0,1,1,1,1,1
4165,6177448,1184.0,118399.99999993283,1,1,0,1.0,0.0,1184.0,1,1,1,1,1
4166,6177452,65.0,6499.999999996313,1,1,0,1.0,0.0,65.0,1,1,1,1,1
4167,6177456,5763.0,576299.9999996731,1,1,0,1.0,0.0,5763.0,1,1,1,1,1
4168,6177458,2607.0,260699.9999998521,1,1,0,1.0,0.0,2607.0,1,1,1,1,1
4169,6177460,1369.0,136899.99999992235,1,1,0,1.0,0.0,1369.0,1,1,1,1,1
4170,6177468,22.0,2199.999999998752,1,1,0,1.0,0.0,22.0,1,1,1,1,1
4171,6177470,33.0,3299.999999998128,1,1,0,1.0,0.0,33.0,1,1,1,1,1
4172,6177472,992.0,99199.99999994373,1,1,0,1.0,0.0,992.0,1,1,1,1,1
4173,6177474,195.0,19499.999999988937,1,1,0,1.0,0.0,195.0,1,1,1,1,1
4174,6177476,826.0,82599.99999995314,1,1,0,1.0,0.0,826.0,1,1,1,1,1
4175,6177480,296.0,29599.999999983207,1,1,0,1.0,0.0,296.0,1,1,1,1,1
4176,6177484,68.0,6799.999999996142,1,1,0,1.0,0.0,68.0,1,1,1,1,1
4177,6177488,1120.0,111999.99999993647,1,1,0,1.0,0.0,1120.0,1,1,1,1,1
4178,6177490,167.0,16699.999999990527,1,1,0,1.0,0.0,167.0,1,1,1,1,1
4179,6177494,44.0,4399.999999997504,1,1,0,1.0,0.0,44.0,1,1,1,1,1
4180,6177496,871.0,87099.99999995058,1,1,0,1.0,0.0,871.0,1,1,1,1,1
4181,6177498,405.0,40499.99999997702,1,1,0,1.0,0.0,405.0,1,1,1,1,1
4182,6177500,215.0,21499.999999987802,1,1,0,1.0,0.0,215.0,1,1,1,1,1
4183,6177502,893.0,89299.99999994934,1,1,0,1.0,0.0,893.0,1,1,1,1,1
4184,6177504,13969.0,1396899.9999992074,1,1,0,1.0,0.0,13969.0,1,1,1,1,1
4185,6177506,573.0,57299.99999996749,1,1,0,1.0,0.0,573.0,1,1,1,1,1
4186,6177510,287.0,28699.99999998372,1,1,0,1.0,0.0,287.0,1,1,1,1,1
4187,6177512,3399.0,339899.99999980716,1,1,0,1.0,0.0,3399.0,1,1,1,1,1
4188,6177514,15267.0,1526699.9999991339,1,1,0,1.0,0.0,15267.0,1,1,1,1,1
4189,6177516,92.0,9199.999999994781,1,1,0,1.0,0.0,92.0,1,1,1,1,1
4190,6177518,271.0,27099.999999984626,1,1,0,1.0,0.0,271.0,1,1,1,1,1
4191,6177526,797.0,79699.99999995479,1,1,0,1.0,0.0,797.0,1,1,1,1,1
4192,6177528,1.0,99.99999999994327,1,1,0,1.0,0.0,1.0,1,1,1,1,1
4193,6177532,113.0,11299.99999999359,1,1,0,1.0,0.0,113.0,1,1,1,1,1
4194,6177534,234.0,23399.999999986725,1,1,0,1.0,0.0,234.0,1,1,1,1,1
4195,6177536,767.0,76699.99999995649,1,1,0,1.0,0.0,767.0,1,1,1,1,1
4196,6177538,367.0,36699.99999997918,1,1,0,1.0,0.0,367.0,1,1,1,1,1
4197,6177540,164.0,16399.999999990698,1,1,0,1.0,0.0,164.0,1,1,1,1,1
4198,6177552,3616.0,361599.9999997949,1,1,0,1.0,0.0,3616.0,1,1,1,1,1
4199,6177554,955.0,95499.99999994582,1,1,0,1.0,0.0,955.0,1,1,1,1,1
4200,6177558,1067.0,106699.99999993946,1,1,0,1.0,0.0,1067.0,1,1,1,1,1
4201,6177560,2270.0,226999.99999987122,1,1,0,1.0,0.0,2270.0,1,1,1,1,1
4202,6177562,91.0,9099.999999994838,1,1,0,1.0,0.0,91.0,1,1,1,1,1
4203,6177568,266.0,26599.99999998491,1,1,0,1.0,0.0,266.0,1,1,1,1,1
4204,6177574,1929.0,192899.99999989057,1,1,0,1.0,0.0,1929.0,1,1,1,1,1
4205,6177576,4505.0,450499.9999997444,1,1,0,1.0,0.0,4505.0,1,1,1,1,1
4206,6177578,1997.0,199699.9999998867,1,1,0,1.0,0.0,1997.0,1,1,1,1,1
4207,6177580,4306.0,430599.9999997557,1,1,0,1.0,0.0,4306.0,1,1,1,1,1
4208,6177584,102.0,10199.999999994214,1,1,0,1.0,0.0,102.0,1,1,1,1,1
4209,6177586,4488.0,448799.9999997454,1,1,0,1.0,0.0,4488.0,1,1,1,1,1
4210,6177588,32.0,3199.9999999981846,1,1,0,1.0,0.0,32.0,1,1,1,1,1
4211,6177590,494.0,49399.99999997197,1,1,0,1.0,0.0,494.0,1,1,1,1,1
4212,6177592,323.0,32299.999999981676,1,1,0,1.0,0.0,323.0,1,1,1,1,1
4213,6177594,194.0,19399.999999988995,1,1,0,1.0,0.0,194.0,1,1,1,1,1
4214,6177598,1197.0,119699.9999999321,1,1,0,1.0,0.0,1197.0,1,1,1,1,1
4215,6177600,685.0,68499.99999996115,1,1,0,1.0,0.0,685.0,1,1,1,1,1
4216,6177604,2317.0,231699.99999986857,1,1,0,1.0,0.0,2317.0,1,1,1,1,1
4217,6177606,5842.0,584199.9999996686,1,1,0,1.0,0.0,5842.0,1,1,1,1,1
4218,6177610,1615.0,161499.99999990838,1,1,0,1.0,0.0,1615.0,1,1,1,1,1
4219,6177612,22854.0,2285399.9999987036,1,1,0,1.0,0.0,22854.0,1,1,1,1,1
4220,6177616,4398.0,439799.9999997505,1,1,0,1.0,0.0,4398.0,1,1,1,1,1
4221,6177620,1317.0,131699.9999999253,1,1,0,1.0,0.0,1317.0,1,1,1,1,1
4222,6177622,134.0,13399.999999992398,1,1,0,1.0,0.0,134.0,1,1,1,1,1
4223,6177624,836.0,83599.99999995258,1,1,0,1.0,0.0,836.0,1,1,1,1,1
4224,6177630,2215.0,221499.99999987433,1,1,0,1.0,0.0,2215.0,1,1,1,1,1
4225,6177644,10476.0,1047599.9999994057,1,1,0,1.0,0.0,10476.0,1,1,1,1,1
4226,6177648,28.0,2799.9999999984116,1,1,0,1.0,0.0,28.0,1,1,1,1,1
4227,6177650,6469.0,646899.9999996331,1,1,0,1.0,0.0,6469.0,1,1,1,1,1
4228,6177652,2557.0,255699.99999985495,1,1,0,1.0,0.0,2557.0,1,1,1,1,1
4229,6177656,577.0,57699.999999967265,1,1,0,1.0,0.0,577.0,1,1,1,1,1
4230,6177660,6589.0,658899.9999996262,1,1,0,1.0,0.0,6589.0,1,1,1,1,1
4231,6177664,1069.0,106899.99999993936,1,1,0,1.0,0.0,1069.0,1,1,1,1,1
4232,6177666,530.0,52999.999999969936,1,1,0,1.0,0.0,530.0,1,1,1,1,1
4233,6177672,1301.0,130099.99999992619,1,1,0,1.0,0.0,1301.0,1,1,1,1,1
4234,6177674,21640.0,2163999.9999987725,1,1,0,1.0,0.0,21640.0,1,1,1,1,1
4235,6177676,975.0,97499.99999994469,1,1,0,1.0,0.0,975.0,1,1,1,1,1
4236,6177678,153.0,15299.99999999132,1,1,0,1.0,0.0,153.0,1,1,1,1,1
4237,6177806,582.0,58199.99999996698,1,1,0,1.0,0.0,582.0,1,1,1,1,1
4238,6177808,1421.0,142099.99999991938,1,1,0,1.0,0.0,1421.0,1,1,1,1,1
4239,6177810,2217.0,221699.99999987424,1,1,0,1.0,0.0,2217.0,1,1,1,1,1
4240,6177816,5217.0,521699.999999704,1,1,0,1.0,0.0,5217.0,1,1,1,1,1
4241,6177820,143.0,14299.999999991887,1,1,0,1.0,0.0,143.0,1,1,1,1,1
4242,6177822,4235.0,423499.9999997598,1,1,0,1.0,0.0,4235.0,1,1,1,1,1
4243,6177828,66.0,6599.999999996256,1,1,0,1.0,0.0,66.0,1,1,1,1,1
4244,6177830,49.0,4899.999999997221,1,1,0,1.0,0.0,49.0,1,1,1,1,1
4245,6177836,11.0,1099.999999999376,1,1,0,1.0,0.0,11.0,1,1,1,1,1
4246,6177838,9.0,899.9999999994894,1,1,0,1.0,0.0,9.0,1,1,1,1,1
4247,6177840,2298.0,229799.99999986964,1,1,0,1.0,0.0,2298.0,1,1,1,1,1
4248,6177844,522.0,52199.99999997039,1,1,0,1.0,0.0,522.0,1,1,1,1,1
4249,6177848,4.0,399.9999999997731,1,1,0,1.0,0.0,4.0,1,1,1,1,1
4250,6177850,39.0,3899.9999999977877,1,1,0,1.0,0.0,39.0,1,1,1,1,1
4251,6177860,131.0,13099.999999992568,1,1,0,1.0,0.0,131.0,1,1,1,1,1
4252,6177870,3923.0,392299.9999997775,1,1,0,1.0,0.0,3923.0,1,1,1,1,1
4253,6177876,124.0,12399.999999992966,1,1,0,1.0,0.0,124.0,1,1,1,1,1
4254,6177878,276.0,27599.999999984342,1,1,0,1.0,0.0,276.0,1,1,1,1,1
4255,6177880,218.0,21799.999999987635,1,1,0,1.0,0.0,218.0,1,1,1,1,1
4256,6177882,101.0,10099.99999999427,1,1,0,1.0,0.0,101.0,1,1,1,1,1
4257,6177886,347.0,34699.99999998031,1,1,0,1.0,0.0,347.0,1,1,1,1,1
4258,6177894,96.0,9599.999999994554,1,1,0,1.0,0.0,96.0,1,1,1,1,1
4259,6177898,245.0,24499.999999986103,1,1,0,1.0,0.0,245.0,1,1,1,1,1
4260,6177902,183.0,18299.999999989617,1,1,0,1.0,0.0,183.0,1,1,1,1,1
4261,6177904,1736.0,173599.9999999015,1,1,0,1.0,0.0,1736.0,1,1,1,1,1
4262,6177906,165.0,16499.99999999064,1,1,0,1.0,0.0,165.0,1,1,1,1,1
4263,6177914,765.0,76499.9999999566,1,1,0,1.0,0.0,765.0,1,1,1,1,1
4264,6177922,4170.0,416999.99999976344,1,1,0,1.0,0.0,4170.0,1,1,1,1,1
4265,6177924,4310.0,430999.99999975547,1,1,0,1.0,0.0,4310.0,1,1,1,1,1
4266,6177926,3779.0,377899.9999997856,1,1,0,1.0,0.0,3779.0,1,1,1,1,1
4267,6177928,11954.0,1195399.9999993218,1,1,0,1.0,0.0,11954.0,1,1,1,1,1
4268,6177930,225.0,22499.999999987234,1,1,0,1.0,0.0,225.0,1,1,1,1,1
4269,6177934,5413.0,541299.9999996929,1,1,0,1.0,0.0,5413.0,1,1,1,1,1
4270,6177936,86.0,8599.999999995121,1,1,0,1.0,0.0,86.0,1,1,1,1,1
4271,6177938,5148.0,514799.999999708,1,1,0,1.0,0.0,5148.0,1,1,1,1,1
4272,6177940,41.0,4099.999999997674,1,1,0,1.0,0.0,41.0,1,1,1,1,1
4273,6177942,2169.0,216899.99999987695,1,1,0,1.0,0.0,2169.0,1,1,1,1,1
4274,6177944,7154.0,715399.9999995942,1,1,0,1.0,0.0,7154.0,1,1,1,1,1
4275,6177946,1368.0,136799.99999992238,1,1,0,1.0,0.0,1368.0,1,1,1,1,1
4276,6177948,4736.0,473599.9999997313,1,1,0,1.0,0.0,4736.0,1,1,1,1,1
4277,6177956,21.0,2099.9999999988086,1,1,0,1.0,0.0,21.0,1,1,1,1,1
4278,6177958,54.0,5399.999999996937,1,1,0,1.0,0.0,54.0,1,1,1,1,1
4279,6177960,3844.0,384399.99999978195,1,1,0,1.0,0.0,3844.0,1,1,1,1,1
4280,6177962,1654.0,165399.99999990617,1,1,0,1.0,0.0,1654.0,1,1,1,1,1
4281,6177966,257.0,25699.99999998542,1,1,0,1.0,0.0,257.0,1,1,1,1,1
4282,6177970,11.0,1099.999999999376,1,1,0,1.0,0.0,11.0,1,1,1,1,1
4283,6177972,76.0,7599.999999995689,1,1,0,1.0,0.0,76.0,1,1,1,1,1
4284,6177986,20.0,1999.9999999988654,1,1,0,1.0,0.0,20.0,1,1,1,1,1
4285,6177992,1174.0,117399.9999999334,1,1,0,1.0,0.0,1174.0,1,1,1,1,1
4286,6177996,306.0,30599.99999998264,1,1,0,1.0,0.0,306.0,1,1,1,1,1
4287,6177998,8.0,799.9999999995462,1,1,0,1.0,0.0,8.0,1,1,1,1,1
4288,6178010,329.0,32899.99999998134,1,1,0,1.0,0.0,329.0,1,1,1,1,1
4289,6178012,3050.0,304999.99999982695,1,1,0,1.0,0.0,3050.0,1,1,1,1,1
4290,6178018,32.0,3199.9999999981846,1,1,0,1.0,0.0,32.0,1,1,1,1,1
4291,6178022,114.0,11399.999999993533,1,1,0,1.0,0.0,114.0,1,1,1,1,1
4292,6178026,30.0,2999.9999999982983,1,1,0,1.0,0.0,30.0,1,1,1,1,1
4293,6178040,108.0,10799.999999993874,1,1,0,1.0,0.0,108.0,1,1,1,1,1
4294,6178052,43.0,4299.999999997561,1,1,0,1.0,0.0,43.0,1,1,1,1,1
4295,6178054,54.0,5399.999999996937,1,1,0,1.0,0.0,54.0,1,1,1,1,1
4296,6178056,230.0,22999.99999998695,1,1,0,1.0,0.0,230.0,1,1,1,1,1
4297,6178080,11.0,1099.999999999376,1,1,0,1.0,0.0,11.0,1,1,1,1,1
4298,6178084,40.0,3999.999999997731,1,1,0,1.0,0.0,40.0,1,1,1,1,1
4299,6178088,343.0,34299.999999980544,1,1,0,1.0,0.0,343.0,1,1,1,1,1
4300,6178098,150.0,14999.99999999149,1,1,0,1.0,0.0,150.0,1,1,1,1,1
4301,6178104,629.0,62899.99999996432,1,1,0,1.0,0.0,629.0,1,1,1,1,1
4302,6178114,116.0,11599.999999993419,1,1,0,1.0,0.0,116.0,1,1,1,1,1
4303,6178122,1144.0,114399.9999999351,1,1,0,1.0,0.0,1144.0,1,1,1,1,1
4304,6178130,402.0,40199.9999999772,1,1,0,1.0,0.0,402.0,1,1,1,1,1
4305,6178134,172.0,17199.999999990243,1,1,0,1.0,0.0,172.0,1,1,1,1,1
4306,6178138,4737.0,473699.99999973126,1,1,0,1.0,0.0,4737.0,1,1,1,1,1
4307,6178140,106.0,10599.999999993986,1,1,0,1.0,0.0,106.0,1,1,1,1,1
4308,6178146,475.0,47499.99999997305,1,1,0,1.0,0.0,475.0,1,1,1,1,1
4309,6178148,8.0,799.9999999995462,1,1,0,1.0,0.0,8.0,1,1,1,1,1
4310,6178150,695.0,69499.99999996058,1,1,0,1.0,0.0,695.0,1,1,1,1,1
4311,6178152,78.0,7799.999999995575,1,1,0,1.0,0.0,78.0,1,1,1,1,1
4312,6178156,36.0,3599.9999999979577,1,1,0,1.0,0.0,36.0,1,1,1,1,1
4313,6178164,487.0,48699.99999997237,1,1,0,1.0,0.0,487.0,1,1,1,1,1
4314,6178168,182.0,18199.999999989675,1,1,0,1.0,0.0,182.0,1,1,1,1,1
4315,6178170,722.0,72199.99999995904,1,1,0,1.0,0.0,722.0,1,1,1,1,1
4316,6178180,305.0,30499.999999982698,1,1,0,1.0,0.0,305.0,1,1,1,1,1
4317,6178184,99.0,9899.999999994383,1,1,0,1.0,0.0,99.0,1,1,1,1,1
4318,6178186,198.0,19799.999999988766,1,1,0,1.0,0.0,198.0,1,1,1,1,1
4319,6178188,652.0,65199.99999996301,1,1,0,1.0,0.0,652.0,1,1,1,1,1
4320,6178194,904.0,90399.99999994872,1,1,0,1.0,0.0,904.0,1,1,1,1,1
4321,6178196,6.0,599.9999999996596,1,1,0,1.0,0.0,6.0,1,1,1,1,1
4322,6178208,210.0,20999.999999988086,1,1,0,1.0,0.0,210.0,1,1,1,1,1
4323,6178214,619.0,61899.999999964886,1,1,0,1.0,0.0,619.0,1,1,1,1,1
4324,6178220,5585.0,558499.9999996831,1,1,0,1.0,0.0,5585.0,1,1,1,1,1
4325,6178222,3304.0,330399.9999998126,1,1,0,1.0,0.0,3304.0,1,1,1,1,1
4326,6178228,157.0,15699.999999991094,1,1,0,1.0,0.0,157.0,1,1,1,1,1
4327,6178230,611.0,61099.99999996534,1,1,0,1.0,0.0,611.0,1,1,1,1,1
4328,6178232,161.0,16099.999999990867,1,1,0,1.0,0.0,161.0,1,1,1,1,1
4329,6178234,504.0,50399.999999971405,1,1,0,1.0,0.0,504.0,1,1,1,1,1
4330,6178236,59.0,5899.999999996653,1,1,0,1.0,0.0,59.0,1,1,1,1,1
4331,6178238,610.0,60999.999999965396,1,1,0,1.0,0.0,610.0,1,1,1,1,1
4332,6178246,74.0,7399.999999995802,1,1,0,1.0,0.0,74.0,1,1,1,1,1
4333,6178248,9087.0,908699.9999994845,1,1,0,1.0,0.0,9087.0,1,1,1,1,1
4334,6178250,72.0,7199.9999999959155,1,1,0,1.0,0.0,72.0,1,1,1,1,1
4335,6178256,509.0,50899.99999997112,1,1,0,1.0,0.0,509.0,1,1,1,1,1
4336,6178260,254.0,25399.99999998559,1,1,0,1.0,0.0,254.0,1,1,1,1,1
4337,6178266,4737.0,473699.99999973126,1,1,0,1.0,0.0,4737.0,1,1,1,1,1
4338,6178268,25964.0,2596399.999998527,1,1,0,1.0,0.0,25964.0,1,1,1,1,1
4339,6178272,47.0,4699.999999997333,1,1,0,1.0,0.0,47.0,1,1,1,1,1
4340,6178290,2178.0,217799.99999987645,1,1,0,1.0,0.0,2178.0,1,1,1,1,1
4341,6178292,6461.0,646099.9999996335,1,1,0,1.0,0.0,6461.0,1,1,1,1,1
4342,6178296,120.0,11999.999999993193,1,1,0,1.0,0.0,120.0,1,1,1,1,1
4343,6178298,24.0,2399.9999999986385,1,1,0,1.0,0.0,24.0,1,1,1,1,1
4344,6178334,16.0,1599.9999999990923,1,1,0,1.0,0.0,16.0,1,1,1,1,1
4345,6178348,602.0,60199.99999996585,1,1,0,1.0,0.0,602.0,1,1,1,1,1
4346,6178362,460.0,45999.9999999739,1,1,0,1.0,0.0,460.0,1,1,1,1,1
4347,6178388,14556.0,1455599.9999991741,1,1,0,1.0,0.0,14556.0,1,1,1,1,1
4348,6178390,1557.0,155699.99999991167,1,1,0,1.0,0.0,1557.0,1,1,1,1,1
4349,6178394,11.0,1099.999999999376,1,1,0,1.0,0.0,11.0,1,1,1,1,1
4350,6178396,16.0,1599.9999999990923,1,1,0,1.0,0.0,16.0,1,1,1,1,1
4351,6178398,9.0,899.9999999994894,1,1,0,1.0,0.0,9.0,1,1,1,1,1
4352,6178404,90.0,8999.999999994894,1,1,0,1.0,0.0,90.0,1,1,1,1,1
4353,6178406,1332.0,133199.99999992445,1,1,0,1.0,0.0,1332.0,1,1,1,1,1
4354,6178408,1238.0,123799.99999992977,1,1,0,1.0,0.0,1238.0,1,1,1,1,1
4355,6178410,394.0,39399.99999997765,1,1,0,1.0,0.0,394.0,1,1,1,1,1
4356,6178418,432.0,43199.999999975495,1,1,0,1.0,0.0,432.0,1,1,1,1,1
4357,6178420,10463.0,1046299.9999994064,1,1,0,1.0,0.0,10463.0,1,1,1,1,1
4358,6178422,87.0,8699.999999995065,1,1,0,1.0,0.0,87.0,1,1,1,1,1
4359,6178424,312.0,31199.9999999823,1,1,0,1.0,0.0,312.0,1,1,1,1,1
4360,6178432,25583.0,2558299.9999985485,1,1,0,1.0,0.0,25583.0,1,1,1,1,1
4361,6178436,87.0,8699.999999995065,1,1,0,1.0,0.0,87.0,1,1,1,1,1
4362,6178444,3188.0,318799.99999981915,1,1,0,1.0,0.0,3188.0,1,1,1,1,1
4363,6178446,5673.0,567299.9999996782,1,1,0,1.0,0.0,5673.0,1,1,1,1,1
4364,6178448,4943.0,494299.9999997196,1,1,0,1.0,0.0,4943.0,1,1,1,1,1
4365,6178450,2563.0,256299.9999998546,1,1,0,1.0,0.0,2563.0,1,1,1,1,1
4366,6178452,110.0,10999.999999993759,1,1,0,1.0,0.0,110.0,1,1,1,1,1
4367,6178454,112.0,11199.999999993646,1,1,0,1.0,0.0,112.0,1,1,1,1,1
4368,6178458,517.0,51699.99999997067,1,1,0,1.0,0.0,517.0,1,1,1,1,1
4369,6178464,1638.0,163799.99999990707,1,1,0,1.0,0.0,1638.0,1,1,1,1,1
4370,6178466,4362.0,436199.99999975256,1,1,0,1.0,0.0,4362.0,1,1,1,1,1
4371,6178468,9.0,899.9999999994894,1,1,0,1.0,0.0,9.0,1,1,1,1,1
4372,6178470,977.0,97699.99999994457,1,1,0,1.0,0.0,977.0,1,1,1,1,1
4373,6178478,1959.0,195899.99999988885,1,1,0,1.0,0.0,1959.0,1,1,1,1,1
4374,6178492,11574.0,1157399.9999993434,1,1,0,1.0,0.0,11574.0,1,1,1,1,1
4375,6178496,737.0,73699.99999995819,1,1,0,1.0,0.0,737.0,1,1,1,1,1
4376,6178522,15556.0,1555599.9999991176,1,1,0,1.0,0.0,15556.0,1,1,1,1,1
4377,6178524,1015.0,101499.99999994242,1,1,0,1.0,0.0,1015.0,1,1,1,1,1
4378,6178540,1673.0,167299.9999999051,1,1,0,1.0,0.0,1673.0,1,1,1,1,1
4379,6178546,35.0,3499.9999999980146,1,1,0,1.0,0.0,35.0,1,1,1,1,1
4380,6178550,3466.0,346599.9999998034,1,1,0,1.0,0.0,3466.0,1,1,1,1,1
4381,6178554,4939.0,493899.9999997198,1,1,0,1.0,0.0,4939.0,1,1,1,1,1
4382,6178556,28973.0,2897299.999998356,1,1,0,1.0,0.0,28973.0,1,1,1,1,1
4383,6178568,25.0,2499.9999999985816,1,1,0,1.0,0.0,25.0,1,1,1,1,1
4384,6178572,45.0,4499.999999997447,1,1,0,1.0,0.0,45.0,1,1,1,1,1
4385,6178578,39.0,3899.9999999977877,1,1,0,1.0,0.0,39.0,1,1,1,1,1
4386,6178582,124.0,12399.999999992966,1,1,0,1.0,0.0,124.0,1,1,1,1,1
4387,6178586,527.0,52699.9999999701,1,1,0,1.0,0.0,527.0,1,1,1,1,1
4388,6178600,17.0,1699.9999999990355,1,1,0,1.0,0.0,17.0,1,1,1,1,1
4389,6178602,264.0,26399.999999985022,1,1,0,1.0,0.0,264.0,1,1,1,1,1
4390,6178608,420.0,41999.99999997617,1,1,0,1.0,0.0,420.0,1,1,1,1,1
4391,6178622,1.0,99.99999999994327,1,1,0,1.0,0.0,1.0,1,1,1,1,1
4392,6178630,27.0,2699.9999999984684,1,1,0,1.0,0.0,27.0,1,1,1,1,1
4393,6178636,2004.0,200399.99999988632,1,1,0,1.0,0.0,2004.0,1,1,1,1,1
4394,6181220,213.0,21299.99999998792,1,1,0,1.0,0.0,213.0,1,1,1,1,1
4395,6181222,58.0,5799.999999996709,1,1,0,1.0,0.0,58.0,1,1,1,1,1
4396,6181224,77.0,7699.999999995632,1,1,0,1.0,0.0,77.0,1,1,1,1,1
4397,6181234,45.0,4499.999999997447,1,1,0,1.0,0.0,45.0,1,1,1,1,1
4398,6181236,1245.0,124499.99999992937,1,1,0,1.0,0.0,1245.0,1,1,1,1,1
4399,6181240,3.0,299.9999999998298,1,1,0,1.0,0.0,3.0,1,1,1,1,1
4400,6181248,236.0,23599.999999986612,1,1,0,1.0,0.0,236.0,1,1,1,1,1
4401,6181250,125.0,12499.99999999291,1,1,0,1.0,0.0,125.0,1,1,1,1,1
4402,6181270,172.0,17199.999999990243,1,1,0,1.0,0.0,172.0,1,1,1,1,1
4403,6181274,27.0,2699.9999999984684,1,1,0,1.0,0.0,27.0,1,1,1,1,1
4404,6181278,169.0,16899.999999990414,1,1,0,1.0,0.0,169.0,1,1,1,1,1
4405,6181280,556.0,55599.99999996846,1,1,0,1.0,0.0,556.0,1,1,1,1,1
4406,6181308,145.0,14499.999999991775,1,1,0,1.0,0.0,145.0,1,1,1,1,1
4407,6181312,113.0,11299.99999999359,1,1,0,1.0,0.0,113.0,1,1,1,1,1
4408,6181324,216.0,21599.999999987747,1,1,0,1.0,0.0,216.0,1,1,1,1,1
4409,6181330,934.0,93399.99999994702,1,1,0,1.0,0.0,934.0,1,1,1,1,1
4410,6181458,18.0,1799.9999999989789,1,1,0,1.0,0.0,18.0,1,1,1,1,1
4411,6181470,157.0,15699.999999991094,1,1,0,1.0,0.0,157.0,1,1,1,1,1
4412,6181512,339.0,33899.99999998077,1,1,0,1.0,0.0,339.0,1,1,1,1,1
4413,6181514,1040.0,103999.999999941,1,1,0,1.0,0.0,1040.0,1,1,1,1,1
4414,6181518,1899.0,189899.99999989226,1,1,0,1.0,0.0,1899.0,1,1,1,1,1
4415,6185940,175.0,17499.999999990072,1,1,0,1.0,0.0,175.0,1,1,1,1,1
4416,6185994,18.0,1799.9999999989789,1,1,0,1.0,0.0,18.0,1,1,1,1,1
4417,6188350,6.0,599.9999999996596,1,1,0,1.0,0.0,6.0,1,1,1,1,1
4418,6188404,335.0,33499.999999980995,1,1,0,1.0,0.0,335.0,1,1,1,1,1
4419,6188758,18.0,1799.9999999989789,1,1,0,1.0,0.0,18.0,1,1,1,1,1
4420,6188930,947.0,94699.99999994627,1,1,0,1.0,0.0,947.0,1,1,1,1,1
4421,6188944,1426.0,142599.9999999191,1,1,0,1.0,0.0,1426.0,1,1,1,1,1
4422,6188956,730.0,72999.99999995859,1,1,0,1.0,0.0,730.0,1,1,1,1,1
4423,6188986,282.0,28199.999999984004,1,1,0,1.0,0.0,282.0,1,1,1,1,1
4424,6188988,546.0,54599.999999969026,1,1,0,1.0,0.0,546.0,1,1,1,1,1
4425,6189348,212.0,21199.999999987973,1,1,0,1.0,0.0,212.0,1,1,1,1,1
4426,6191120,279.0,27899.99999998417,1,1,0,1.0,0.0,279.0,1,1,1,1,1
4427,6191138,229.0,22899.99999998701,1,1,0,1.0,0.0,229.0,1,1,1,1,1
4428,6191172,573.0,57299.99999996749,1,1,0,1.0,0.0,573.0,1,1,1,1,1
4429,6191186,83.0,8299.99999999529,1,1,0,1.0,0.0,83.0,1,1,1,1,1
4430,6191196,244.0,24399.999999986157,1,1,0,1.0,0.0,244.0,1,1,1,1,1
4431,6211622,39.0,3899.9999999977877,1,1,0,1.0,0.0,39.0,1,1,1,1,1
4432,6211746,132.0,13199.999999992511,1,1,0,1.0,0.0,132.0,1,1,1,1,1
4433,6211762,825.0,82499.9999999532,1,1,0,1.0,0.0,825.0,1,1,1,1,1
4434,6211810,63.0,6299.999999996426,1,1,0,1.0,0.0,63.0,1,1,1,1,1
4435,6211812,903.0,90299.99999994878,1,1,0,1.0,0.0,903.0,1,1,1,1,1
4436,6211874,46.0,4599.999999997391,1,1,0,1.0,0.0,46.0,1,1,1,1,1
4437,6211928,5.0,499.99999999971635,1,1,0,1.0,0.0,5.0,1,1,1,1,1
4438,6211970,91.0,9099.999999994838,1,1,0,1.0,0.0,91.0,1,1,1,1,1
4439,6212056,124.0,12399.999999992966,1,1,0,1.0,0.0,124.0,1,1,1,1,1
4440,6212058,61.0,6099.999999996539,1,1,0,1.0,0.0,61.0,1,1,1,1,1
4441,6212102,215.0,21499.999999987802,1,1,0,1.0,0.0,215.0,1,1,1,1,1
4442,6212420,204.0,20399.999999988428,1,1,0,1.0,0.0,204.0,1,1,1,1,1
4443,6212492,257.0,25699.99999998542,1,1,0,1.0,0.0,257.0,1,1,1,1,1
4444,6212522,227.0,22699.99999998712,1,1,0,1.0,0.0,227.0,1,1,1,1,1
4445,6212610,9.0,899.9999999994894,1,1,0,1.0,0.0,9.0,1,1,1,1,1
4446,6224164,37.0,3699.999999997901,1,1,0,1.0,0.0,37.0,1,1,1,1,1
4447,6224394,327.0,32699.99999998145,1,1,0,1.0,0.0,327.0,1,1,1,1,1
4448,6227050,106.0,10599.999999993986,1,1,0,1.0,0.0,106.0,1,1,1,1,1
4449,6227068,19.0,1899.9999999989222,1,1,0,1.0,0.0,19.0,1,1,1,1,1
4450,6227070,9.0,899.9999999994894,1,1,0,1.0,0.0,9.0,1,1,1,1,1
4451,6227090,38.0,3799.9999999978445,1,1,0,1.0,0.0,38.0,1,1,1,1,1
4452,6227358,10.0,999.9999999994327,1,1,0,1.0,0.0,10.0,1,1,1,1,1
4453,6227378,142.0,14199.999999991944,1,1,0,1.0,0.0,142.0,1,1,1,1,1
4454,6227508,2434.0,243399.99999986193,1,1,0,1.0,0.0,2434.0,1,1,1,1,1
4455,6227572,654.0,65399.9999999629,1,1,0,1.0,0.0,654.0,1,1,1,1,1
4456,6227658,369.0,36899.99999997907,1,1,0,1.0,0.0,369.0,1,1,1,1,1
4457,6227660,8.0,799.9999999995462,1,1,0,1.0,0.0,8.0,1,1,1,1,1
4458,6227764,79.0,7899.999999995518,1,1,0,1.0,0.0,79.0,1,1,1,1,1
4459,6227820,44.0,4399.999999997504,1,1,0,1.0,0.0,44.0,1,1,1,1,1
4460,6227830,39.0,3899.9999999977877,1,1,0,1.0,0.0,39.0,1,1,1,1,1
4461,6227834,61.0,6099.999999996539,1,1,0,1.0,0.0,61.0,1,1,1,1,1
4462,6227836,292.0,29199.999999983436,1,1,0,1.0,0.0,292.0,1,1,1,1,1
4463,6227840,41.0,4099.999999997674,1,1,0,1.0,0.0,41.0,1,1,1,1,1
4464,6227846,453.0,45299.9999999743,1,1,0,1.0,0.0,453.0,1,1,1,1,1
4465,6227850,32.0,3199.9999999981846,1,1,0,1.0,0.0,32.0,1,1,1,1,1
4466,6227860,2.0,199.99999999988654,1,1,0,1.0,0.0,2.0,1,1,1,1,1
4467,6227864,9.0,899.9999999994894,1,1,0,1.0,0.0,9.0,1,1,1,1,1
4468,6227870,27.0,2699.9999999984684,1,1,0,1.0,0.0,27.0,1,1,1,1,1
4469,6227876,146.0,14599.999999991718,1,1,0,1.0,0.0,146.0,1,1,1,1,1
4470,6227880,441.0,44099.999999974985,1,1,0,1.0,0.0,441.0,1,1,1,1,1
4471,6227886,1448.0,144799.99999991787,1,1,0,1.0,0.0,1448.0,1,1,1,1,1
4472,6227894,2390.0,238999.9999998644,1,1,0,1.0,0.0,2390.0,1,1,1,1,1
4473,6227902,472.0,47199.999999973224,1,1,0,1.0,0.0,472.0,1,1,1,1,1
4474,6227908,63.0,6299.999999996426,1,1,0,1.0,0.0,63.0,1,1,1,1,1
4475,6227916,329.0,32899.99999998134,1,1,0,1.0,0.0,329.0,1,1,1,1,1
4476,6227918,133.0,13299.999999992455,1,1,0,1.0,0.0,133.0,1,1,1,1,1
4477,6227972,59.0,5899.999999996653,1,1,0,1.0,0.0,59.0,1,1,1,1,1
4478,6227978,23.0,2299.9999999986953,1,1,0,1.0,0.0,23.0,1,1,1,1,1
4479,6227994,25.0,2499.9999999985816,1,1,0,1.0,0.0,25.0,1,1,1,1,1
4480,6227998,56.0,5599.999999996823,1,1,0,1.0,0.0,56.0,1,1,1,1,1
4481,6228000,649.0,64899.999999963184,1,1,0,1.0,0.0,649.0,1,1,1,1,1
4482,6228018,713.0,71299.99999995955,1,1,0,1.0,0.0,713.0,1,1,1,1,1
4483,6228218,163.0,16299.999999990752,1,1,0,1.0,0.0,163.0,1,1,1,1,1
4484,6228324,4.0,399.9999999997731,1,1,0,1.0,0.0,4.0,1,1,1,1,1
4485,6228356,818.0,81799.9999999536,1,1,0,1.0,0.0,818.0,1,1,1,1,1
4486,6228366,156.0,15599.99999999115,1,1,0,1.0,0.0,156.0,1,1,1,1,1
4487,6228414,89.0,8899.99999999495,1,1,0,1.0,0.0,89.0,1,1,1,1,1
4488,6228612,397.0,39699.99999997748,1,1,0,1.0,0.0,397.0,1,1,1,1,1
4489,6228684,174.0,17399.99999999013,1,1,0,1.0,0.0,174.0,1,1,1,1,1
4490,6228944,152.0,15199.999999991378,1,1,0,1.0,0.0,152.0,1,1,1,1,1
4491,6228950,42.0,4199.999999997617,1,1,0,1.0,0.0,42.0,1,1,1,1,1
4492,6228952,8.0,799.9999999995462,1,1,0,1.0,0.0,8.0,1,1,1,1,1
4493,6228960,30.0,2999.9999999982983,1,1,0,1.0,0.0,30.0,1,1,1,1,1
4494,6229002,423.0,42299.999999976004,1,1,0,1.0,0.0,423.0,1,1,1,1,1
4495,6229004,9.0,899.9999999994894,1,1,0,1.0,0.0,9.0,1,1,1,1,1
4496,6229310,257.0,25699.99999998542,1,1,0,1.0,0.0,257.0,1,1,1,1,1
4497,6229396,21.0,2099.9999999988086,1,1,0,1.0,0.0,21.0,1,1,1,1,1
4498,6229412,1156.0,115599.99999993441,1,1,0,1.0,0.0,1156.0,1,1,1,1,1
4499,6229424,180.0,17999.99999998979,1,1,0,1.0,0.0,180.0,1,1,1,1,1
4500,6229446,207.0,20699.999999988257,1,1,0,1.0,0.0,207.0,1,1,1,1,1
4501,6240163,14.0,1399.9999999992058,1,1,0,1.0,0.0,14.0,1,1,1,1,1
4502,6240165,77.0,7699.999999995632,1,1,0,1.0,0.0,77.0,1,1,1,1,1
4503,6240171,6.0,599.9999999996596,1,1,0,1.0,0.0,6.0,1,1,1,1,1
4504,6240183,1638.0,163799.99999990707,1,1,0,1.0,0.0,1638.0,1,1,1,1,1
4505,6240185,283.0,28299.999999983946,1,1,0,1.0,0.0,283.0,1,1,1,1,1
4506,6240189,817.0,81699.99999995365,1,1,0,1.0,0.0,817.0,1,1,1,1,1
4507,6240201,2.0,199.99999999988654,1,1,0,1.0,0.0,2.0,1,1,1,1,1
4508,6240203,1250.0,124999.99999992909,1,1,0,1.0,0.0,1250.0,1,1,1,1,1
4509,6240209,51.0,5099.999999997107,1,1,0,1.0,0.0,51.0,1,1,1,1,1
4510,6240217,942.0,94199.99999994657,1,1,0,1.0,0.0,942.0,1,1,1,1,1
4511,6240219,7.0,699.9999999996029,1,1,0,1.0,0.0,7.0,1,1,1,1,1
4512,6240225,289.0,28899.999999983604,1,1,0,1.0,0.0,289.0,1,1,1,1,1
4513,6240227,14.0,1399.9999999992058,1,1,0,1.0,0.0,14.0,1,1,1,1,1
4514,6240231,261.0,26099.999999985193,1,1,0,1.0,0.0,261.0,1,1,1,1,1
4515,6240233,684.0,68399.99999996119,1,1,0,1.0,0.0,684.0,1,1,1,1,1
4516,6240235,141.0,14099.999999992002,1,1,0,1.0,0.0,141.0,1,1,1,1,1
4517,6240237,229.0,22899.99999998701,1,1,0,1.0,0.0,229.0,1,1,1,1,1
4518,6240243,407.0,40699.99999997691,1,1,0,1.0,0.0,407.0,1,1,1,1,1
4519,6240247,1618.0,161799.9999999082,1,1,0,1.0,0.0,1618.0,1,1,1,1,1
4520,6240249,174.0,17399.99999999013,1,1,0,1.0,0.0,174.0,1,1,1,1,1
4521,6240251,287.0,28699.99999998372,1,1,0,1.0,0.0,287.0,1,1,1,1,1
4522,6240343,298.0,29799.999999983094,1,1,0,1.0,0.0,298.0,1,1,1,1,1
4523,6240347,139.0,13899.999999992115,1,1,0,1.0,0.0,139.0,1,1,1,1,1
4524,6240351,1880.0,187999.99999989333,1,1,0,1.0,0.0,1880.0,1,1,1,1,1
4525,6240353,6547.0,654699.9999996286,1,1,0,1.0,0.0,6547.0,1,1,1,1,1
4526,6240355,1122.0,112199.99999993635,1,1,0,1.0,0.0,1122.0,1,1,1,1,1
4527,6240359,1267.0,126699.99999992813,1,1,0,1.0,0.0,1267.0,1,1,1,1,1
4528,6240361,5247.0,524699.9999997023,1,1,0,1.0,0.0,5247.0,1,1,1,1,1
4529,6240375,170.0,16999.999999990356,1,1,0,1.0,0.0,170.0,1,1,1,1,1
4530,6240379,1.0,99.99999999994327,1,1,0,1.0,0.0,1.0,1,1,1,1,1
4531,6240387,875.0,87499.99999995036,1,1,0,1.0,0.0,875.0,1,1,1,1,1
4532,6240405,37.0,3699.999999997901,1,1,0,1.0,0.0,37.0,1,1,1,1,1
4533,6240407,21.0,2099.9999999988086,1,1,0,1.0,0.0,21.0,1,1,1,1,1
4534,6240409,43.0,4299.999999997561,1,1,0,1.0,0.0,43.0,1,1,1,1,1
4535,6240411,125.0,12499.99999999291,1,1,0,1.0,0.0,125.0,1,1,1,1,1
4536,6240413,64.0,6399.999999996369,1,1,0,1.0,0.0,64.0,1,1,1,1,1
4537,6240415,2.0,199.99999999988654,1,1,0,1.0,0.0,2.0,1,1,1,1,1
4538,6240423,17.0,1699.9999999990355,1,1,0,1.0,0.0,17.0,1,1,1,1,1
4539,6240425,394.0,39399.99999997765,1,1,0,1.0,0.0,394.0,1,1,1,1,1
4540,6241331,1916.0,191599.9999998913,1,1,0,1.0,0.0,1916.0,1,1,1,1,1
4541,6241333,94.0,9399.999999994667,1,1,0,1.0,0.0,94.0,1,1,1,1,1
4542,6241335,152.0,15199.999999991378,1,1,0,1.0,0.0,152.0,1,1,1,1,1
4543,6241337,26.0,2599.999999998525,1,1,0,1.0,0.0,26.0,1,1,1,1,1
4544,6241343,631.0,63099.9999999642,1,1,0,1.0,0.0,631.0,1,1,1,1,1
4545,6241347,1697.0,169699.99999990372,1,1,0,1.0,0.0,1697.0,1,1,1,1,1
4546,6241349,423.0,42299.999999976004,1,1,0,1.0,0.0,423.0,1,1,1,1,1
4547,6241357,172.0,17199.999999990243,1,1,0,1.0,0.0,172.0,1,1,1,1,1
4548,6241361,465.0,46499.99999997362,1,1,0,1.0,0.0,465.0,1,1,1,1,1
4549,6241363,478.0,47799.99999997288,1,1,0,1.0,0.0,478.0,1,1,1,1,1
4550,6241365,264.0,26399.999999985022,1,1,0,1.0,0.0,264.0,1,1,1,1,1
4551,6241371,81.0,8099.999999995405,1,1,0,1.0,0.0,81.0,1,1,1,1,1
4552,6241383,2704.0,270399.9999998466,1,1,0,1.0,0.0,2704.0,1,1,1,1,1
4553,6241405,274.0,27399.999999984455,1,1,0,1.0,0.0,274.0,1,1,1,1,1
4554,6241407,380.0,37999.99999997844,1,1,0,1.0,0.0,380.0,1,1,1,1,1
4555,6241423,1212.0,121199.99999993124,1,1,0,1.0,0.0,1212.0,1,1,1,1,1
4556,6241427,269.0,26899.99999998474,1,1,0,1.0,0.0,269.0,1,1,1,1,1
4557,6241445,1126.0,112599.99999993612,1,1,0,1.0,0.0,1126.0,1,1,1,1,1
4558,6241833,1656.0,165599.99999990605,1,1,0,1.0,0.0,1656.0,1,1,1,1,1
4559,6241835,6729.0,672899.9999996183,1,1,0,1.0,0.0,6729.0,1,1,1,1,1
4560,6241837,5498.0,549799.9999996881,1,1,0,1.0,0.0,5498.0,1,1,1,1,1
4561,6241839,5839.0,583899.9999996688,1,1,0,1.0,0.0,5839.0,1,1,1,1,1
4562,6241841,24.0,2399.9999999986385,1,1,0,1.0,0.0,24.0,1,1,1,1,1
4563,6241849,639.0,63899.99999996375,1,1,0,1.0,0.0,639.0,1,1,1,1,1
4564,6241851,3073.0,307299.99999982567,1,1,0,1.0,0.0,3073.0,1,1,1,1,1
4565,6241853,9252.0,925199.9999994751,1,1,0,1.0,0.0,9252.0,1,1,1,1,1
4566,6241855,3068.0,306799.99999982596,1,1,0,1.0,0.0,3068.0,1,1,1,1,1
4567,6241857,2157.0,215699.99999987765,1,1,0,1.0,0.0,2157.0,1,1,1,1,1
4568,6241951,594.0,59399.999999966305,1,1,0,1.0,0.0,594.0,1,1,1,1,1
4569,6241955,268.0,26799.999999984797,1,1,0,1.0,0.0,268.0,1,1,1,1,1
4570,6241957,775.0,77499.99999995604,1,1,0,1.0,0.0,775.0,1,1,1,1,1
4571,6241961,3.0,299.9999999998298,1,1,0,1.0,0.0,3.0,1,1,1,1,1
4572,6241963,12.0,1199.9999999993192,1,1,0,1.0,0.0,12.0,1,1,1,1,1
4573,6241965,355.0,35499.99999997986,1,1,0,1.0,0.0,355.0,1,1,1,1,1
4574,6241971,107.0,10699.99999999393,1,1,0,1.0,0.0,107.0,1,1,1,1,1
4575,6241973,20.0,1999.9999999988654,1,1,0,1.0,0.0,20.0,1,1,1,1,1
4576,6241975,11.0,1099.999999999376,1,1,0,1.0,0.0,11.0,1,1,1,1,1
4577,6241977,145.0,14499.999999991775,1,1,0,1.0,0.0,145.0,1,1,1,1,1
4578,6241983,2050.0,204999.9999998837,1,1,0,1.0,0.0,2050.0,1,1,1,1,1
4579,6241985,248.0,24799.999999985932,1,1,0,1.0,0.0,248.0,1,1,1,1,1
4580,6241987,318.0,31799.99999998196,1,1,0,1.0,0.0,318.0,1,1,1,1,1
4581,6241989,576.0,57599.999999967324,1,1,0,1.0,0.0,576.0,1,1,1,1,1
4582,6241991,402.0,40199.9999999772,1,1,0,1.0,0.0,402.0,1,1,1,1,1
4583,6241993,155.0,15499.999999991207,1,1,0,1.0,0.0,155.0,1,1,1,1,1
4584,6241997,24.0,2399.9999999986385,1,1,0,1.0,0.0,24.0,1,1,1,1,1
4585,6242003,39.0,3899.9999999977877,1,1,0,1.0,0.0,39.0,1,1,1,1,1
4586,6242005,9.0,899.9999999994894,1,1,0,1.0,0.0,9.0,1,1,1,1,1
4587,6242007,1260.0,125999.99999992852,1,1,0,1.0,0.0,1260.0,1,1,1,1,1
4588,6242009,1946.0,194599.9999998896,1,1,0,1.0,0.0,1946.0,1,1,1,1,1
4589,6242011,471.0,47099.99999997328,1,1,0,1.0,0.0,471.0,1,1,1,1,1
4590,6242013,1724.0,172399.9999999022,1,1,0,1.0,0.0,1724.0,1,1,1,1,1
4591,6242015,1002.0,100199.99999994316,1,1,0,1.0,0.0,1002.0,1,1,1,1,1
4592,6242019,53.0,5299.999999996993,1,1,0,1.0,0.0,53.0,1,1,1,1,1
4593,6242021,26.0,2599.999999998525,1,1,0,1.0,0.0,26.0,1,1,1,1,1
4594,6242023,5319.0,531899.9999996983,1,1,0,1.0,0.0,5319.0,1,1,1,1,1
4595,6242027,50.0,4999.999999997163,1,1,0,1.0,0.0,50.0,1,1,1,1,1
4596,6242029,831.0,83099.99999995285,1,1,0,1.0,0.0,831.0,1,1,1,1,1
4597,6242031,202.0,20199.99999998854,1,1,0,1.0,0.0,202.0,1,1,1,1,1
4598,6242033,1462.0,146199.99999991705,1,1,0,1.0,0.0,1462.0,1,1,1,1,1
4599,6242035,209.0,20899.999999988144,1,1,0,1.0,0.0,209.0,1,1,1,1,1
4600,6242037,45.0,4499.999999997447,1,1,0,1.0,0.0,45.0,1,1,1,1,1
4601,6242039,3765.0,376499.99999978644,1,1,0,1.0,0.0,3765.0,1,1,1,1,1
4602,6242041,425.0,42499.99999997589,1,1,0,1.0,0.0,425.0,1,1,1,1,1
4603,6242043,960.0,95999.99999994555,1,1,0,1.0,0.0,960.0,1,1,1,1,1
4604,6242045,630.0,62999.99999996426,1,1,0,1.0,0.0,630.0,1,1,1,1,1
4605,6242051,1174.0,117399.9999999334,1,1,0,1.0,0.0,1174.0,1,1,1,1,1
4606,6242067,2933.0,293299.9999998336,1,1,0,1.0,0.0,2933.0,1,1,1,1,1
4607,6242071,8.0,799.9999999995462,1,1,0,1.0,0.0,8.0,1,1,1,1,1
4608,6242077,1149.0,114899.99999993482,1,1,0,1.0,0.0,1149.0,1,1,1,1,1
4609,6728651,351.0,35099.999999980086,1,1,0,1.0,0.0,351.0,1,1,1,1,1
4610,6728657,9.0,899.9999999994894,1,1,0,1.0,0.0,9.0,1,1,1,1,1
4611,6728963,1972.0,197199.99999988812,1,1,0,1.0,0.0,1972.0,1,1,1,1,1
4612,6728965,9.0,899.9999999994894,1,1,0,1.0,0.0,9.0,1,1,1,1,1
4613,6729577,95.0,9499.99999999461,1,1,0,1.0,0.0,95.0,1,1,1,1,1
4614,6729595,872.0,87199.99999995054,1,1,0,1.0,0.0,872.0,1,1,1,1,1
4615,6729605,9.0,899.9999999994894,1,1,0,1.0,0.0,9.0,1,1,1,1,1
4616,6729689,611.0,61099.99999996534,1,1,0,1.0,0.0,611.0,1,1,1,1,1
4617,6729741,206.0,20599.999999988315,1,1,0,1.0,0.0,206.0,1,1,1,1,1
4618,6730383,13.0,1299.9999999992624,1,1,0,1.0,0.0,13.0,1,1,1,1,1
4619,6730417,27.0,2699.9999999984684,1,1,0,1.0,0.0,27.0,1,1,1,1,1
4620,6730433,54.0,5399.999999996937,1,1,0,1.0,0.0,54.0,1,1,1,1,1
4621,6730513,925.0,92499.99999994753,1,1,0,1.0,0.0,925.0,1,1,1,1,1
4622,6730651,148.0,14799.999999991604,1,1,0,1.0,0.0,148.0,1,1,1,1,1
4623,6730667,325.0,32499.999999981563,1,1,0,1.0,0.0,325.0,1,1,1,1,1
4624,6730669,478.0,47799.99999997288,1,1,0,1.0,0.0,478.0,1,1,1,1,1
4625,6730687,1010.0,100999.99999994271,1,1,0,1.0,0.0,1010.0,1,1,1,1,1
4626,6730817,187.0,18699.99999998939,1,1,0,1.0,0.0,187.0,1,1,1,1,1
4627,6731149,724.0,72399.99999995893,1,1,0,1.0,0.0,724.0,1,1,1,1,1
4628,6731151,27.0,2699.9999999984684,1,1,0,1.0,0.0,27.0,1,1,1,1,1
4629,6731169,6.0,599.9999999996596,1,1,0,1.0,0.0,6.0,1,1,1,1,1
4630,6731645,4.0,399.9999999997731,1,1,0,1.0,0.0,4.0,1,1,1,1,1
4631,6732053,9.0,899.9999999994894,1,1,0,1.0,0.0,9.0,1,1,1,1,1
4632,6732055,53.0,5299.999999996993,1,1,0,1.0,0.0,53.0,1,1,1,1,1
4633,6744752,392.0,39199.999999977765,1,1,0,1.0,0.0,392.0,1,1,1,1,1
4634,6744786,306.0,30599.99999998264,1,1,0,1.0,0.0,306.0,1,1,1,1,1
4635,6744842,94.0,9399.999999994667,1,1,0,1.0,0.0,94.0,1,1,1,1,1
4636,6744912,565.0,56499.99999996795,1,1,0,1.0,0.0,565.0,1,1,1,1,1
4637,6746278,564.0,56399.99999996801,1,1,0,1.0,0.0,564.0,1,1,1,1,1
4638,6760778,441.0,44099.999999974985,1,1,0,1.0,0.0,441.0,1,1,1,1,1
4639,6760836,160.0,15999.999999990923,1,1,0,1.0,0.0,160.0,1,1,1,1,1
4640,6760874,15.0,1499.9999999991492,1,1,0,1.0,0.0,15.0,1,1,1,1,1
4641,6760910,74.0,7399.999999995802,1,1,0,1.0,0.0,74.0,1,1,1,1,1
4642,6761738,353.0,35299.99999997998,1,1,0,1.0,0.0,353.0,1,1,1,1,1
4643,6761884,12.0,1199.9999999993192,1,1,0,1.0,0.0,12.0,1,1,1,1,1
4644,6762646,18.0,1799.9999999989789,1,1,0,1.0,0.0,18.0,1,1,1,1,1
4645,6762648,344.0,34399.999999980486,1,1,0,1.0,0.0,344.0,1,1,1,1,1
4646,6762660,103.0,10299.999999994157,1,1,0,1.0,0.0,103.0,1,1,1,1,1
4647,6762664,12.0,1199.9999999993192,1,1,0,1.0,0.0,12.0,1,1,1,1,1
4648,6762666,33.0,3299.999999998128,1,1,0,1.0,0.0,33.0,1,1,1,1,1
4649,6762668,4.0,399.9999999997731,1,1,0,1.0,0.0,4.0,1,1,1,1,1
4650,6762672,161.0,16099.999999990867,1,1,0,1.0,0.0,161.0,1,1,1,1,1
4651,6762674,293.0,29299.999999983378,1,1,0,1.0,0.0,293.0,1,1,1,1,1
4652,6762676,287.0,28699.99999998372,1,1,0,1.0,0.0,287.0,1,1,1,1,1
4653,6762678,8.0,799.9999999995462,1,1,0,1.0,0.0,8.0,1,1,1,1,1
4654,6762684,495.0,49499.99999997192,1,1,0,1.0,0.0,495.0,1,1,1,1,1
4655,6762698,11.0,1099.999999999376,1,1,0,1.0,0.0,11.0,1,1,1,1,1
4656,6762702,2.0,199.99999999988654,1,1,0,1.0,0.0,2.0,1,1,1,1,1
4657,6762712,62.0,6199.999999996483,1,1,0,1.0,0.0,62.0,1,1,1,1,1
4658,6762716,3.0,299.9999999998298,1,1,0,1.0,0.0,3.0,1,1,1,1,1
4659,6762768,1.0,99.99999999994327,1,1,0,1.0,0.0,1.0,1,1,1,1,1
4660,6762792,22.0,2199.999999998752,1,1,0,1.0,0.0,22.0,1,1,1,1,1
4661,6762876,1.0,99.99999999994327,1,1,0,1.0,0.0,1.0,1,1,1,1,1
4662,6762910,120.0,11999.999999993193,1,1,0,1.0,0.0,120.0,1,1,1,1,1
4663,6762912,54.0,5399.999999996937,1,1,0,1.0,0.0,54.0,1,1,1,1,1
4664,6762922,251.0,25099.99999998576,1,1,0,1.0,0.0,251.0,1,1,1,1,1
4665,6763004,39.0,3899.9999999977877,1,1,0,1.0,0.0,39.0,1,1,1,1,1
4666,6763174,191.0,19099.999999989166,1,1,0,1.0,0.0,191.0,1,1,1,1,1
4667,6763186,54.0,5399.999999996937,1,1,0,1.0,0.0,54.0,1,1,1,1,1
4668,6763198,54.0,5399.999999996937,1,1,0,1.0,0.0,54.0,1,1,1,1,1
4669,6763202,53.0,5299.999999996993,1,1,0,1.0,0.0,53.0,1,1,1,1,1
4670,6763336,242.0,24199.99999998627,1,1,0,1.0,0.0,242.0,1,1,1,1,1
4671,6763342,114.0,11399.999999993533,1,1,0,1.0,0.0,114.0,1,1,1,1,1
4672,6763488,16.0,1599.9999999990923,1,1,0,1.0,0.0,16.0,1,1,1,1,1
4673,6763494,145.0,14499.999999991775,1,1,0,1.0,0.0,145.0,1,1,1,1,1
4674,6763644,635.0,63499.99999996398,1,1,0,1.0,0.0,635.0,1,1,1,1,1
4675,6765136,24.0,2399.9999999986385,1,1,0,1.0,0.0,24.0,1,1,1,1,1
4676,6765138,133.0,13299.999999992455,1,1,0,1.0,0.0,133.0,1,1,1,1,1
4677,6765140,176.0,17599.999999990017,1,1,0,1.0,0.0,176.0,1,1,1,1,1
4678,6765142,5.0,499.99999999971635,1,1,0,1.0,0.0,5.0,1,1,1,1,1
4679,6765144,82.0,8199.999999995349,1,1,0,1.0,0.0,82.0,1,1,1,1,1
4680,6765146,536.0,53599.999999969594,1,1,0,1.0,0.0,536.0,1,1,1,1,1
4681,6765244,122.0,12199.999999993079,1,1,0,1.0,0.0,122.0,1,1,1,1,1
4682,6765256,4283.0,428299.99999975704,1,1,0,1.0,0.0,4283.0,1,1,1,1,1
4683,6765268,61.0,6099.999999996539,1,1,0,1.0,0.0,61.0,1,1,1,1,1
4684,6776235,150.0,14999.99999999149,1,1,0,1.0,0.0,150.0,1,1,1,1,1
4685,6776281,104.0,10399.9999999941,1,1,0,1.0,0.0,104.0,1,1,1,1,1
4686,6776283,22.0,2199.999999998752,1,1,0,1.0,0.0,22.0,1,1,1,1,1
4687,6776285,84.0,8399.999999995234,1,1,0,1.0,0.0,84.0,1,1,1,1,1
4688,6776291,65.0,6499.999999996313,1,1,0,1.0,0.0,65.0,1,1,1,1,1
4689,6776295,64.0,6399.999999996369,1,1,0,1.0,0.0,64.0,1,1,1,1,1
4690,6776297,68.0,6799.999999996142,1,1,0,1.0,0.0,68.0,1,1,1,1,1
4691,6776303,24.0,2399.9999999986385,1,1,0,1.0,0.0,24.0,1,1,1,1,1
4692,6776309,27.0,2699.9999999984684,1,1,0,1.0,0.0,27.0,1,1,1,1,1
4693,6776317,68.0,6799.999999996142,1,1,0,1.0,0.0,68.0,1,1,1,1,1
4694,6776341,230.0,22999.99999998695,1,1,0,1.0,0.0,230.0,1,1,1,1,1
4695,6776351,114.0,11399.999999993533,1,1,0,1.0,0.0,114.0,1,1,1,1,1
4696,6776369,814.0,81399.99999995383,1,1,0,1.0,0.0,814.0,1,1,1,1,1
4697,6776377,58.0,5799.999999996709,1,1,0,1.0,0.0,58.0,1,1,1,1,1
4698,6776381,132.0,13199.999999992511,1,1,0,1.0,0.0,132.0,1,1,1,1,1
4699,6776387,27.0,2699.9999999984684,1,1,0,1.0,0.0,27.0,1,1,1,1,1
4700,6776391,75.0,7499.999999995745,1,1,0,1.0,0.0,75.0,1,1,1,1,1
4701,6776407,46.0,4599.999999997391,1,1,0,1.0,0.0,46.0,1,1,1,1,1
4702,6776411,36.0,3599.9999999979577,1,1,0,1.0,0.0,36.0,1,1,1,1,1
4703,6776415,83.0,8299.99999999529,1,1,0,1.0,0.0,83.0,1,1,1,1,1
4704,6776419,224.0,22399.999999987293,1,1,0,1.0,0.0,224.0,1,1,1,1,1
4705,6776423,142.0,14199.999999991944,1,1,0,1.0,0.0,142.0,1,1,1,1,1
4706,6776433,52.0,5199.99999999705,1,1,0,1.0,0.0,52.0,1,1,1,1,1
4707,6776435,332.0,33199.99999998116,1,1,0,1.0,0.0,332.0,1,1,1,1,1
4708,6776439,164.0,16399.999999990698,1,1,0,1.0,0.0,164.0,1,1,1,1,1
4709,6776447,18.0,1799.9999999989789,1,1,0,1.0,0.0,18.0,1,1,1,1,1
4710,6776451,50.0,4999.999999997163,1,1,0,1.0,0.0,50.0,1,1,1,1,1
4711,6776459,180.0,17999.99999998979,1,1,0,1.0,0.0,180.0,1,1,1,1,1
4712,6776463,26.0,2599.999999998525,1,1,0,1.0,0.0,26.0,1,1,1,1,1
4713,6776469,289.0,28899.999999983604,1,1,0,1.0,0.0,289.0,1,1,1,1,1
4714,6776479,71.0,7099.999999995972,1,1,0,1.0,0.0,71.0,1,1,1,1,1
4715,6776481,162.0,16199.99999999081,1,1,0,1.0,0.0,162.0,1,1,1,1,1
4716,6776483,3.0,299.9999999998298,1,1,0,1.0,0.0,3.0,1,1,1,1,1
4717,6776491,27.0,2699.9999999984684,1,1,0,1.0,0.0,27.0,1,1,1,1,1
4718,6776493,220.0,21999.999999987518,1,1,0,1.0,0.0,220.0,1,1,1,1,1
4719,6776495,109.0,10899.999999993817,1,1,0,1.0,0.0,109.0,1,1,1,1,1
4720,6776499,65.0,6499.999999996313,1,1,0,1.0,0.0,65.0,1,1,1,1,1
4721,6776503,923.0,92299.99999994764,1,1,0,1.0,0.0,923.0,1,1,1,1,1
4722,6776505,138.0,13799.999999992171,1,1,0,1.0,0.0,138.0,1,1,1,1,1
4723,6776509,48.0,4799.999999997277,1,1,0,1.0,0.0,48.0,1,1,1,1,1
4724,6776511,206.0,20599.999999988315,1,1,0,1.0,0.0,206.0,1,1,1,1,1
4725,6776521,265.0,26499.999999984968,1,1,0,1.0,0.0,265.0,1,1,1,1,1
4726,6776529,75.0,7499.999999995745,1,1,0,1.0,0.0,75.0,1,1,1,1,1
4727,6776531,2.0,199.99999999988654,1,1,0,1.0,0.0,2.0,1,1,1,1,1
4728,6776541,107.0,10699.99999999393,1,1,0,1.0,0.0,107.0,1,1,1,1,1
4729,6776547,99.0,9899.999999994383,1,1,0,1.0,0.0,99.0,1,1,1,1,1
4730,6776549,44.0,4399.999999997504,1,1,0,1.0,0.0,44.0,1,1,1,1,1
4731,6776551,42.0,4199.999999997617,1,1,0,1.0,0.0,42.0,1,1,1,1,1
4732,6776553,6.0,599.9999999996596,1,1,0,1.0,0.0,6.0,1,1,1,1,1
4733,6776555,5.0,499.99999999971635,1,1,0,1.0,0.0,5.0,1,1,1,1,1
4734,6776559,78.0,7799.999999995575,1,1,0,1.0,0.0,78.0,1,1,1,1,1
4735,6776563,165.0,16499.99999999064,1,1,0,1.0,0.0,165.0,1,1,1,1,1
4736,6776571,98.0,9799.999999994441,1,1,0,1.0,0.0,98.0,1,1,1,1,1
4737,6776573,19.0,1899.9999999989222,1,1,0,1.0,0.0,19.0,1,1,1,1,1
4738,6776575,62.0,6199.999999996483,1,1,0,1.0,0.0,62.0,1,1,1,1,1
4739,6776577,61.0,6099.999999996539,1,1,0,1.0,0.0,61.0,1,1,1,1,1
4740,6776583,4.0,399.9999999997731,1,1,0,1.0,0.0,4.0,1,1,1,1,1
4741,6776589,338.0,33799.99999998083,1,1,0,1.0,0.0,338.0,1,1,1,1,1
4742,6776597,23.0,2299.9999999986953,1,1,0,1.0,0.0,23.0,1,1,1,1,1
4743,6776599,87.0,8699.999999995065,1,1,0,1.0,0.0,87.0,1,1,1,1,1
4744,6776611,110.0,10999.999999993759,1,1,0,1.0,0.0,110.0,1,1,1,1,1
4745,6776619,32.0,3199.9999999981846,1,1,0,1.0,0.0,32.0,1,1,1,1,1
4746,6776621,6.0,599.9999999996596,1,1,0,1.0,0.0,6.0,1,1,1,1,1
4747,6776637,79.0,7899.999999995518,1,1,0,1.0,0.0,79.0,1,1,1,1,1
4748,6776639,183.0,18299.999999989617,1,1,0,1.0,0.0,183.0,1,1,1,1,1
4749,6776647,139.0,13899.999999992115,1,1,0,1.0,0.0,139.0,1,1,1,1,1
4750,6776651,20.0,1999.9999999988654,1,1,0,1.0,0.0,20.0,1,1,1,1,1
4751,6776653,287.0,28699.99999998372,1,1,0,1.0,0.0,287.0,1,1,1,1,1
4752,6776659,11.0,1099.999999999376,1,1,0,1.0,0.0,11.0,1,1,1,1,1
4753,6776661,317.0,31699.999999982017,1,1,0,1.0,0.0,317.0,1,1,1,1,1
4754,6776663,78.0,7799.999999995575,1,1,0,1.0,0.0,78.0,1,1,1,1,1
4755,6776665,41.0,4099.999999997674,1,1,0,1.0,0.0,41.0,1,1,1,1,1
4756,6776667,25.0,2499.9999999985816,1,1,0,1.0,0.0,25.0,1,1,1,1,1
4757,6776669,29.0,2899.9999999983547,1,1,0,1.0,0.0,29.0,1,1,1,1,1
4758,6776671,22.0,2199.999999998752,1,1,0,1.0,0.0,22.0,1,1,1,1,1
4759,6776673,153.0,15299.99999999132,1,1,0,1.0,0.0,153.0,1,1,1,1,1
4760,6776677,30.0,2999.9999999982983,1,1,0,1.0,0.0,30.0,1,1,1,1,1
4761,6776679,75.0,7499.999999995745,1,1,0,1.0,0.0,75.0,1,1,1,1,1
4762,6776681,67.0,6699.999999996199,1,1,0,1.0,0.0,67.0,1,1,1,1,1
4763,6776683,288.0,28799.999999983662,1,1,0,1.0,0.0,288.0,1,1,1,1,1
4764,6776687,141.0,14099.999999992002,1,1,0,1.0,0.0,141.0,1,1,1,1,1
4765,6776689,64.0,6399.999999996369,1,1,0,1.0,0.0,64.0,1,1,1,1,1
4766,6776691,255.0,25499.999999985535,1,1,0,1.0,0.0,255.0,1,1,1,1,1
4767,6776693,288.0,28799.999999983662,1,1,0,1.0,0.0,288.0,1,1,1,1,1
4768,6776699,7.0,699.9999999996029,1,1,0,1.0,0.0,7.0,1,1,1,1,1
4769,6776711,58.0,5799.999999996709,1,1,0,1.0,0.0,58.0,1,1,1,1,1
4770,6776719,418.0,41799.99999997629,1,1,0,1.0,0.0,418.0,1,1,1,1,1
4771,6776725,96.0,9599.999999994554,1,1,0,1.0,0.0,96.0,1,1,1,1,1
4772,6776729,190.0,18999.99999998922,1,1,0,1.0,0.0,190.0,1,1,1,1,1
4773,6776731,386.0,38599.9999999781,1,1,0,1.0,0.0,386.0,1,1,1,1,1
4774,6776733,37.0,3699.999999997901,1,1,0,1.0,0.0,37.0,1,1,1,1,1
4775,6776735,122.0,12199.999999993079,1,1,0,1.0,0.0,122.0,1,1,1,1,1
4776,6776737,90.0,8999.999999994894,1,1,0,1.0,0.0,90.0,1,1,1,1,1
4777,6776739,782.0,78199.99999995563,1,1,0,1.0,0.0,782.0,1,1,1,1,1
4778,6776741,144.0,14399.999999991831,1,1,0,1.0,0.0,144.0,1,1,1,1,1
4779,6776743,61.0,6099.999999996539,1,1,0,1.0,0.0,61.0,1,1,1,1,1
4780,6776747,23.0,2299.9999999986953,1,1,0,1.0,0.0,23.0,1,1,1,1,1
4781,6776749,946.0,94599.99999994633,1,1,0,1.0,0.0,946.0,1,1,1,1,1
4782,6776751,85.0,8499.999999995178,1,1,0,1.0,0.0,85.0,1,1,1,1,1
4783,6776753,220.0,21999.999999987518,1,1,0,1.0,0.0,220.0,1,1,1,1,1
4784,6776763,603.0,60299.99999996579,1,1,0,1.0,0.0,603.0,1,1,1,1,1
4785,6776765,5.0,499.99999999971635,1,1,0,1.0,0.0,5.0,1,1,1,1,1
4786,6776767,223.0,22299.99999998735,1,1,0,1.0,0.0,223.0,1,1,1,1,1
4787,6776775,646.0,64599.99999996335,1,1,0,1.0,0.0,646.0,1,1,1,1,1
4788,6776777,284.0,28399.999999983887,1,1,0,1.0,0.0,284.0,1,1,1,1,1
4789,6776779,262.0,26199.999999985135,1,1,0,1.0,0.0,262.0,1,1,1,1,1
4790,6776781,98.0,9799.999999994441,1,1,0,1.0,0.0,98.0,1,1,1,1,1
4791,6776785,42.0,4199.999999997617,1,1,0,1.0,0.0,42.0,1,1,1,1,1
4792,6776787,90.0,8999.999999994894,1,1,0,1.0,0.0,90.0,1,1,1,1,1
4793,6776789,3.0,299.9999999998298,1,1,0,1.0,0.0,3.0,1,1,1,1,1
4794,6776801,70.0,6999.999999996029,1,1,0,1.0,0.0,70.0,1,1,1,1,1
4795,6776807,3.0,299.9999999998298,1,1,0,1.0,0.0,3.0,1,1,1,1,1
4796,6776821,1.0,99.99999999994327,1,1,0,1.0,0.0,1.0,1,1,1,1,1
4797,6776825,298.0,29799.999999983094,1,1,0,1.0,0.0,298.0,1,1,1,1,1
4798,6776831,2.0,199.99999999988654,1,1,0,1.0,0.0,2.0,1,1,1,1,1
4799,6776833,75.0,7499.999999995745,1,1,0,1.0,0.0,75.0,1,1,1,1,1
4800,6776835,31.0,3099.9999999982415,1,1,0,1.0,0.0,31.0,1,1,1,1,1
4801,6776837,26.0,2599.999999998525,1,1,0,1.0,0.0,26.0,1,1,1,1,1
4802,6776841,175.0,17499.999999990072,1,1,0,1.0,0.0,175.0,1,1,1,1,1
4803,6776843,201.0,20099.9999999886,1,1,0,1.0,0.0,201.0,1,1,1,1,1
4804,6776857,585.0,58499.999999966814,1,1,0,1.0,0.0,585.0,1,1,1,1,1
4805,6776859,198.0,19799.999999988766,1,1,0,1.0,0.0,198.0,1,1,1,1,1
4806,6776861,168.0,16799.99999999047,1,1,0,1.0,0.0,168.0,1,1,1,1,1
4807,6776865,201.0,20099.9999999886,1,1,0,1.0,0.0,201.0,1,1,1,1,1
4808,6776869,57.0,5699.999999996767,1,1,0,1.0,0.0,57.0,1,1,1,1,1
4809,6776871,9.0,899.9999999994894,1,1,0,1.0,0.0,9.0,1,1,1,1,1
4810,6776881,2.0,199.99999999988654,1,1,0,1.0,0.0,2.0,1,1,1,1,1
4811,6776883,102.0,10199.999999994214,1,1,0,1.0,0.0,102.0,1,1,1,1,1
4812,6776885,103.0,10299.999999994157,1,1,0,1.0,0.0,103.0,1,1,1,1,1
4813,6776891,658.0,65799.99999996267,1,1,0,1.0,0.0,658.0,1,1,1,1,1
4814,6776893,12.0,1199.9999999993192,1,1,0,1.0,0.0,12.0,1,1,1,1,1
4815,6776895,413.0,41299.99999997657,1,1,0,1.0,0.0,413.0,1,1,1,1,1
4816,6776897,90.0,8999.999999994894,1,1,0,1.0,0.0,90.0,1,1,1,1,1
4817,6776899,68.0,6799.999999996142,1,1,0,1.0,0.0,68.0,1,1,1,1,1
4818,6776901,40.0,3999.999999997731,1,1,0,1.0,0.0,40.0,1,1,1,1,1
4819,6776905,58.0,5799.999999996709,1,1,0,1.0,0.0,58.0,1,1,1,1,1
4820,6776907,7.0,699.9999999996029,1,1,0,1.0,0.0,7.0,1,1,1,1,1
4821,6776913,68.0,6799.999999996142,1,1,0,1.0,0.0,68.0,1,1,1,1,1
4822,6776915,385.0,38499.99999997816,1,1,0,1.0,0.0,385.0,1,1,1,1,1
4823,6776917,219.0,21899.999999987576,1,1,0,1.0,0.0,219.0,1,1,1,1,1
4824,6776919,42.0,4199.999999997617,1,1,0,1.0,0.0,42.0,1,1,1,1,1
4825,6776923,284.0,28399.999999983887,1,1,0,1.0,0.0,284.0,1,1,1,1,1
4826,6776925,16.0,1599.9999999990923,1,1,0,1.0,0.0,16.0,1,1,1,1,1
4827,6776927,339.0,33899.99999998077,1,1,0,1.0,0.0,339.0,1,1,1,1,1
4828,6776929,27.0,2699.9999999984684,1,1,0,1.0,0.0,27.0,1,1,1,1,1
4829,6776933,8.0,799.9999999995462,1,1,0,1.0,0.0,8.0,1,1,1,1,1
4830,6776935,180.0,17999.99999998979,1,1,0,1.0,0.0,180.0,1,1,1,1,1
4831,6776937,221.0,22099.999999987464,1,1,0,1.0,0.0,221.0,1,1,1,1,1
4832,6776939,253.0,25299.999999985648,1,1,0,1.0,0.0,253.0,1,1,1,1,1
4833,6776941,336.0,33599.99999998094,1,1,0,1.0,0.0,336.0,1,1,1,1,1
4834,6776945,2.0,199.99999999988654,1,1,0,1.0,0.0,2.0,1,1,1,1,1
4835,6776953,57.0,5699.999999996767,1,1,0,1.0,0.0,57.0,1,1,1,1,1
4836,6776955,39.0,3899.9999999977877,1,1,0,1.0,0.0,39.0,1,1,1,1,1
4837,6776957,9.0,899.9999999994894,1,1,0,1.0,0.0,9.0,1,1,1,1,1
4838,6776959,76.0,7599.999999995689,1,1,0,1.0,0.0,76.0,1,1,1,1,1
4839,6776973,23.0,2299.9999999986953,1,1,0,1.0,0.0,23.0,1,1,1,1,1
4840,6776977,72.0,7199.9999999959155,1,1,0,1.0,0.0,72.0,1,1,1,1,1
4841,6776993,28.0,2799.9999999984116,1,1,0,1.0,0.0,28.0,1,1,1,1,1
4842,6776999,24.0,2399.9999999986385,1,1,0,1.0,0.0,24.0,1,1,1,1,1
4843,6777001,25.0,2499.9999999985816,1,1,0,1.0,0.0,25.0,1,1,1,1,1
4844,6777003,65.0,6499.999999996313,1,1,0,1.0,0.0,65.0,1,1,1,1,1
4845,6777005,5.0,499.99999999971635,1,1,0,1.0,0.0,5.0,1,1,1,1,1
4846,6777007,193.0,19299.99999998905,1,1,0,1.0,0.0,193.0,1,1,1,1,1
4847,6777011,244.0,24399.999999986157,1,1,0,1.0,0.0,244.0,1,1,1,1,1
4848,6777013,206.0,20599.999999988315,1,1,0,1.0,0.0,206.0,1,1,1,1,1
4849,6777019,212.0,21199.999999987973,1,1,0,1.0,0.0,212.0,1,1,1,1,1
4850,6777025,6.0,599.9999999996596,1,1,0,1.0,0.0,6.0,1,1,1,1,1
4851,6777027,5.0,499.99999999971635,1,1,0,1.0,0.0,5.0,1,1,1,1,1
4852,6777033,623.0,62299.99999996466,1,1,0,1.0,0.0,623.0,1,1,1,1,1
4853,6777037,23.0,2299.9999999986953,1,1,0,1.0,0.0,23.0,1,1,1,1,1
4854,6777039,153.0,15299.99999999132,1,1,0,1.0,0.0,153.0,1,1,1,1,1
4855,6777043,1.0,99.99999999994327,1,1,0,1.0,0.0,1.0,1,1,1,1,1
4856,6777063,59.0,5899.999999996653,1,1,0,1.0,0.0,59.0,1,1,1,1,1
4857,6777065,34.0,3399.999999998071,1,1,0,1.0,0.0,34.0,1,1,1,1,1
4858,6777073,88.0,8799.999999995009,1,1,0,1.0,0.0,88.0,1,1,1,1,1
4859,6777077,51.0,5099.999999997107,1,1,0,1.0,0.0,51.0,1,1,1,1,1
4860,6777079,56.0,5599.999999996823,1,1,0,1.0,0.0,56.0,1,1,1,1,1
4861,6777085,12.0,1199.9999999993192,1,1,0,1.0,0.0,12.0,1,1,1,1,1
4862,6777087,587.0,58699.9999999667,1,1,0,1.0,0.0,587.0,1,1,1,1,1
4863,6777089,132.0,13199.999999992511,1,1,0,1.0,0.0,132.0,1,1,1,1,1
4864,6777095,303.0,30299.99999998281,1,1,0,1.0,0.0,303.0,1,1,1,1,1
4865,6777097,8.0,799.9999999995462,1,1,0,1.0,0.0,8.0,1,1,1,1,1
4866,6777103,19.0,1899.9999999989222,1,1,0,1.0,0.0,19.0,1,1,1,1,1
4867,6777107,6.0,599.9999999996596,1,1,0,1.0,0.0,6.0,1,1,1,1,1
4868,6777111,10.0,999.9999999994327,1,1,0,1.0,0.0,10.0,1,1,1,1,1
4869,6777113,6.0,599.9999999996596,1,1,0,1.0,0.0,6.0,1,1,1,1,1
4870,6777117,74.0,7399.999999995802,1,1,0,1.0,0.0,74.0,1,1,1,1,1
4871,6777119,8.0,799.9999999995462,1,1,0,1.0,0.0,8.0,1,1,1,1,1
4872,6777121,1.0,99.99999999994327,1,1,0,1.0,0.0,1.0,1,1,1,1,1
4873,6777123,64.0,6399.999999996369,1,1,0,1.0,0.0,64.0,1,1,1,1,1
4874,6777127,32.0,3199.9999999981846,1,1,0,1.0,0.0,32.0,1,1,1,1,1
4875,6777133,1070.0,106999.9999999393,1,1,0,1.0,0.0,1070.0,1,1,1,1,1
4876,6777145,13.0,1299.9999999992624,1,1,0,1.0,0.0,13.0,1,1,1,1,1
4877,6777147,90.0,8999.999999994894,1,1,0,1.0,0.0,90.0,1,1,1,1,1
4878,6777153,60.0,5999.999999996597,1,1,0,1.0,0.0,60.0,1,1,1,1,1
4879,6777177,55.0,5499.9999999968795,1,1,0,1.0,0.0,55.0,1,1,1,1,1
4880,6777181,2.0,199.99999999988654,1,1,0,1.0,0.0,2.0,1,1,1,1,1
4881,6777183,50.0,4999.999999997163,1,1,0,1.0,0.0,50.0,1,1,1,1,1
4882,6777185,175.0,17499.999999990072,1,1,0,1.0,0.0,175.0,1,1,1,1,1
4883,6777191,161.0,16099.999999990867,1,1,0,1.0,0.0,161.0,1,1,1,1,1
4884,6777193,49.0,4899.999999997221,1,1,0,1.0,0.0,49.0,1,1,1,1,1
4885,6777197,14.0,1399.9999999992058,1,1,0,1.0,0.0,14.0,1,1,1,1,1
4886,6777201,742.0,74199.9999999579,1,1,0,1.0,0.0,742.0,1,1,1,1,1
4887,6777203,930.0,92999.99999994723,1,1,0,1.0,0.0,930.0,1,1,1,1,1
4888,6777221,3.0,299.9999999998298,1,1,0,1.0,0.0,3.0,1,1,1,1,1
4889,6777233,3.0,299.9999999998298,1,1,0,1.0,0.0,3.0,1,1,1,1,1
4890,6777241,73.0,7299.999999995859,1,1,0,1.0,0.0,73.0,1,1,1,1,1
4891,6777877,61.0,6099.999999996539,1,1,0,1.0,0.0,61.0,1,1,1,1,1
4892,6777879,61.0,6099.999999996539,1,1,0,1.0,0.0,61.0,1,1,1,1,1
4893,6777909,11.0,1099.999999999376,1,1,0,1.0,0.0,11.0,1,1,1,1,1
4894,6777911,146.0,14599.999999991718,1,1,0,1.0,0.0,146.0,1,1,1,1,1
4895,6777919,1.0,99.99999999994327,1,1,0,1.0,0.0,1.0,1,1,1,1,1
4896,6777921,326.0,32599.999999981505,1,1,0,1.0,0.0,326.0,1,1,1,1,1
4897,6777931,190.0,18999.99999998922,1,1,0,1.0,0.0,190.0,1,1,1,1,1
4898,6777933,165.0,16499.99999999064,1,1,0,1.0,0.0,165.0,1,1,1,1,1
4899,6777935,908.0,90799.99999994849,1,1,0,1.0,0.0,908.0,1,1,1,1,1
4900,6777937,368.0,36799.999999979125,1,1,0,1.0,0.0,368.0,1,1,1,1,1
4901,6777943,6.0,599.9999999996596,1,1,0,1.0,0.0,6.0,1,1,1,1,1
4902,6777947,473.0,47299.999999973166,1,1,0,1.0,0.0,473.0,1,1,1,1,1
4903,6777953,1005.0,100499.99999994299,1,1,0,1.0,0.0,1005.0,1,1,1,1,1
4904,6777955,8961.0,896099.9999994916,1,1,0,1.0,0.0,8961.0,1,1,1,1,1
4905,6777957,431.0,43099.99999997555,1,1,0,1.0,0.0,431.0,1,1,1,1,1
4906,6777959,159.0,15899.99999999098,1,1,0,1.0,0.0,159.0,1,1,1,1,1
4907,6777961,25.0,2499.9999999985816,1,1,0,1.0,0.0,25.0,1,1,1,1,1
4908,6777963,26.0,2599.999999998525,1,1,0,1.0,0.0,26.0,1,1,1,1,1
4909,6777965,42.0,4199.999999997617,1,1,0,1.0,0.0,42.0,1,1,1,1,1
4910,6777967,343.0,34299.999999980544,1,1,0,1.0,0.0,343.0,1,1,1,1,1
4911,6777969,3616.0,361599.9999997949,1,1,0,1.0,0.0,3616.0,1,1,1,1,1
4912,6777973,925.0,92499.99999994753,1,1,0,1.0,0.0,925.0,1,1,1,1,1
4913,6777975,60.0,5999.999999996597,1,1,0,1.0,0.0,60.0,1,1,1,1,1
4914,6777977,24.0,2399.9999999986385,1,1,0,1.0,0.0,24.0,1,1,1,1,1
4915,6777979,36.0,3599.9999999979577,1,1,0,1.0,0.0,36.0,1,1,1,1,1
4916,6777985,205.0,20499.99999998837,1,1,0,1.0,0.0,205.0,1,1,1,1,1
4917,6777987,9672.0,967199.9999994513,1,1,0,1.0,0.0,9672.0,1,1,1,1,1
4918,6777991,36.0,3599.9999999979577,1,1,0,1.0,0.0,36.0,1,1,1,1,1
4919,6777993,56.0,5599.999999996823,1,1,0,1.0,0.0,56.0,1,1,1,1,1
4920,6777999,29566.0,2956599.9999983227,1,1,0,1.0,0.0,29566.0,1,1,1,1,1
4921,6778001,157.0,15699.999999991094,1,1,0,1.0,0.0,157.0,1,1,1,1,1
4922,6778003,131.0,13099.999999992568,1,1,0,1.0,0.0,131.0,1,1,1,1,1
4923,6778005,18.0,1799.9999999989789,1,1,0,1.0,0.0,18.0,1,1,1,1,1
4924,6778007,691.0,69099.9999999608,1,1,0,1.0,0.0,691.0,1,1,1,1,1
4925,6778011,166.0,16599.99999999058,1,1,0,1.0,0.0,166.0,1,1,1,1,1
4926,6778013,3.0,299.9999999998298,1,1,0,1.0,0.0,3.0,1,1,1,1,1
4927,6778017,431.0,43099.99999997555,1,1,0,1.0,0.0,431.0,1,1,1,1,1
4928,6778019,5200.0,519999.999999705,1,1,0,1.0,0.0,5200.0,1,1,1,1,1
4929,6778021,55.0,5499.9999999968795,1,1,0,1.0,0.0,55.0,1,1,1,1,1
4930,6778023,21750.0,2174999.999998766,1,1,0,1.0,0.0,21750.0,1,1,1,1,1
4931,6778025,60.0,5999.999999996597,1,1,0,1.0,0.0,60.0,1,1,1,1,1
4932,6778031,14.0,1399.9999999992058,1,1,0,1.0,0.0,14.0,1,1,1,1,1
4933,6778033,31449.0,3144899.999998216,1,1,0,1.0,0.0,31449.0,1,1,1,1,1
4934,6778039,932.0,93199.99999994713,1,1,0,1.0,0.0,932.0,1,1,1,1,1
4935,6778041,11.0,1099.999999999376,1,1,0,1.0,0.0,11.0,1,1,1,1,1
4936,6778043,1398.0,139799.9999999207,1,1,0,1.0,0.0,1398.0,1,1,1,1,1
4937,6778045,40.0,3999.999999997731,1,1,0,1.0,0.0,40.0,1,1,1,1,1
4938,6778047,4.0,399.9999999997731,1,1,0,1.0,0.0,4.0,1,1,1,1,1
4939,6778051,546.0,54599.999999969026,1,1,0,1.0,0.0,546.0,1,1,1,1,1
4940,6778053,391.0,39099.999999977816,1,1,0,1.0,0.0,391.0,1,1,1,1,1
4941,6778055,286.0,28599.999999983775,1,1,0,1.0,0.0,286.0,1,1,1,1,1
4942,6778057,165.0,16499.99999999064,1,1,0,1.0,0.0,165.0,1,1,1,1,1
4943,6778059,5.0,499.99999999971635,1,1,0,1.0,0.0,5.0,1,1,1,1,1
4944,6778063,978.0,97799.99999994451,1,1,0,1.0,0.0,978.0,1,1,1,1,1
4945,6778065,4558.0,455799.99999974144,1,1,0,1.0,0.0,4558.0,1,1,1,1,1
4946,6778069,150.0,14999.99999999149,1,1,0,1.0,0.0,150.0,1,1,1,1,1
4947,6778071,52.0,5199.99999999705,1,1,0,1.0,0.0,52.0,1,1,1,1,1
4948,6778075,4408.0,440799.99999974994,1,1,0,1.0,0.0,4408.0,1,1,1,1,1
4949,6778079,232.0,23199.999999986838,1,1,0,1.0,0.0,232.0,1,1,1,1,1
4950,6778081,117.0,11699.999999993363,1,1,0,1.0,0.0,117.0,1,1,1,1,1
4951,6778085,2487.0,248699.9999998589,1,1,0,1.0,0.0,2487.0,1,1,1,1,1
4952,6778093,25.0,2499.9999999985816,1,1,0,1.0,0.0,25.0,1,1,1,1,1
4953,6778095,227.0,22699.99999998712,1,1,0,1.0,0.0,227.0,1,1,1,1,1
4954,6778099,27.0,2699.9999999984684,1,1,0,1.0,0.0,27.0,1,1,1,1,1
4955,6778105,13025.0,1302499.999999261,1,1,0,1.0,0.0,13025.0,1,1,1,1,1
4956,6778109,21.0,2099.9999999988086,1,1,0,1.0,0.0,21.0,1,1,1,1,1
4957,6778113,588.0,58799.99999996664,1,1,0,1.0,0.0,588.0,1,1,1,1,1
4958,6778115,29.0,2899.9999999983547,1,1,0,1.0,0.0,29.0,1,1,1,1,1
4959,6778119,2374.0,237399.99999986534,1,1,0,1.0,0.0,2374.0,1,1,1,1,1
4960,6778123,132.0,13199.999999992511,1,1,0,1.0,0.0,132.0,1,1,1,1,1
4961,6778125,106.0,10599.999999993986,1,1,0,1.0,0.0,106.0,1,1,1,1,1
4962,6778129,85.0,8499.999999995178,1,1,0,1.0,0.0,85.0,1,1,1,1,1
4963,6778133,52.0,5199.99999999705,1,1,0,1.0,0.0,52.0,1,1,1,1,1
4964,6778135,1168.0,116799.99999993375,1,1,0,1.0,0.0,1168.0,1,1,1,1,1
4965,6778137,991.0,99099.99999994379,1,1,0,1.0,0.0,991.0,1,1,1,1,1
4966,6778139,33.0,3299.999999998128,1,1,0,1.0,0.0,33.0,1,1,1,1,1
4967,6778145,80.0,7999.999999995462,1,1,0,1.0,0.0,80.0,1,1,1,1,1
4968,6778147,7618.0,761799.9999995679,1,1,0,1.0,0.0,7618.0,1,1,1,1,1
4969,6778149,329.0,32899.99999998134,1,1,0,1.0,0.0,329.0,1,1,1,1,1
4970,6778151,228.0,22799.999999987067,1,1,0,1.0,0.0,228.0,1,1,1,1,1
4971,6778155,1290.0,128999.99999992682,1,1,0,1.0,0.0,1290.0,1,1,1,1,1
4972,6778157,3019.0,301899.99999982875,1,1,0,1.0,0.0,3019.0,1,1,1,1,1
4973,6778159,2287.0,228699.99999987026,1,1,0,1.0,0.0,2287.0,1,1,1,1,1
4974,6778161,203.0,20299.999999988482,1,1,0,1.0,0.0,203.0,1,1,1,1,1
4975,6778163,1021.0,102099.99999994208,1,1,0,1.0,0.0,1021.0,1,1,1,1,1
4976,6778165,206.0,20599.999999988315,1,1,0,1.0,0.0,206.0,1,1,1,1,1
4977,6778167,914.0,91399.99999994815,1,1,0,1.0,0.0,914.0,1,1,1,1,1
4978,6778171,2854.0,285399.99999983807,1,1,0,1.0,0.0,2854.0,1,1,1,1,1
4979,6778173,993.0,99299.99999994367,1,1,0,1.0,0.0,993.0,1,1,1,1,1
4980,6778179,258.0,25799.999999985364,1,1,0,1.0,0.0,258.0,1,1,1,1,1
4981,6778181,11493.0,1149299.999999348,1,1,0,1.0,0.0,11493.0,1,1,1,1,1
4982,6778187,29.0,2899.9999999983547,1,1,0,1.0,0.0,29.0,1,1,1,1,1
4983,6778193,282.0,28199.999999984004,1,1,0,1.0,0.0,282.0,1,1,1,1,1
4984,6778195,169.0,16899.999999990414,1,1,0,1.0,0.0,169.0,1,1,1,1,1
4985,6778199,215.0,21499.999999987802,1,1,0,1.0,0.0,215.0,1,1,1,1,1
4986,6778201,990.0,98999.99999994384,1,1,0,1.0,0.0,990.0,1,1,1,1,1
4987,6778203,1072.0,107199.99999993919,1,1,0,1.0,0.0,1072.0,1,1,1,1,1
4988,6778209,1222.0,122199.99999993067,1,1,0,1.0,0.0,1222.0,1,1,1,1,1
4989,6778211,209.0,20899.999999988144,1,1,0,1.0,0.0,209.0,1,1,1,1,1
4990,6778213,1373.0,137299.99999992212,1,1,0,1.0,0.0,1373.0,1,1,1,1,1
4991,6778215,2974.0,297399.9999998313,1,1,0,1.0,0.0,2974.0,1,1,1,1,1
4992,6778217,168.0,16799.99999999047,1,1,0,1.0,0.0,168.0,1,1,1,1,1
4993,6778219,198.0,19799.999999988766,1,1,0,1.0,0.0,198.0,1,1,1,1,1
4994,6778221,578.0,57799.99999996721,1,1,0,1.0,0.0,578.0,1,1,1,1,1
4995,6778225,158.0,15799.999999991036,1,1,0,1.0,0.0,158.0,1,1,1,1,1
4996,6778227,1262.0,126199.9999999284,1,1,0,1.0,0.0,1262.0,1,1,1,1,1
4997,6778233,638.0,63799.99999996381,1,1,0,1.0,0.0,638.0,1,1,1,1,1
4998,6778235,9.0,899.9999999994894,1,1,0,1.0,0.0,9.0,1,1,1,1,1
4999,6778237,2652.0,265199.99999984953,1,1,0,1.0,0.0,2652.0,1,1,1,1,1
5000,6778245,993.0,99299.99999994367,1,1,0,1.0,0.0,993.0,1,1,1,1,1
5001,6778247,950.0,94999.9999999461,1,1,0,1.0,0.0,950.0,1,1,1,1,1
5002,6778249,311.0,31099.999999982356,1,1,0,1.0,0.0,311.0,1,1,1,1,1
5003,6778251,227.0,22699.99999998712,1,1,0,1.0,0.0,227.0,1,1,1,1,1
5004,6778253,281.0,28099.99999998406,1,1,0,1.0,0.0,281.0,1,1,1,1,1
5005,6778255,547.0,54699.99999996897,1,1,0,1.0,0.0,547.0,1,1,1,1,1
5006,6778257,282.0,28199.999999984004,1,1,0,1.0,0.0,282.0,1,1,1,1,1
5007,6778263,54.0,5399.999999996937,1,1,0,1.0,0.0,54.0,1,1,1,1,1
5008,6778269,14.0,1399.9999999992058,1,1,0,1.0,0.0,14.0,1,1,1,1,1
5009,6778271,259.0,25899.999999985306,1,1,0,1.0,0.0,259.0,1,1,1,1,1
5010,6778273,13.0,1299.9999999992624,1,1,0,1.0,0.0,13.0,1,1,1,1,1
5011,6778275,2369.0,236899.9999998656,1,1,0,1.0,0.0,2369.0,1,1,1,1,1
5012,6778277,355.0,35499.99999997986,1,1,0,1.0,0.0,355.0,1,1,1,1,1
5013,6778281,274.0,27399.999999984455,1,1,0,1.0,0.0,274.0,1,1,1,1,1
5014,6778283,60.0,5999.999999996597,1,1,0,1.0,0.0,60.0,1,1,1,1,1
5015,6778285,474.0,47399.99999997311,1,1,0,1.0,0.0,474.0,1,1,1,1,1
5016,6778287,172.0,17199.999999990243,1,1,0,1.0,0.0,172.0,1,1,1,1,1
5017,6778289,111.0,11099.999999993703,1,1,0,1.0,0.0,111.0,1,1,1,1,1
5018,6778291,49.0,4899.999999997221,1,1,0,1.0,0.0,49.0,1,1,1,1,1
5019,6778295,36.0,3599.9999999979577,1,1,0,1.0,0.0,36.0,1,1,1,1,1
5020,6778297,708.0,70799.99999995984,1,1,0,1.0,0.0,708.0,1,1,1,1,1
5021,6778299,197.0,19699.999999988824,1,1,0,1.0,0.0,197.0,1,1,1,1,1
5022,6778301,86.0,8599.999999995121,1,1,0,1.0,0.0,86.0,1,1,1,1,1
5023,6778303,20.0,1999.9999999988654,1,1,0,1.0,0.0,20.0,1,1,1,1,1
5024,6778307,9.0,899.9999999994894,1,1,0,1.0,0.0,9.0,1,1,1,1,1
5025,6778313,195.0,19499.999999988937,1,1,0,1.0,0.0,195.0,1,1,1,1,1
5026,6778315,65.0,6499.999999996313,1,1,0,1.0,0.0,65.0,1,1,1,1,1
5027,6778319,2263.0,226299.99999987162,1,1,0,1.0,0.0,2263.0,1,1,1,1,1
5028,6778321,6.0,599.9999999996596,1,1,0,1.0,0.0,6.0,1,1,1,1,1
5029,6778323,466.0,46599.99999997357,1,1,0,1.0,0.0,466.0,1,1,1,1,1
5030,6778335,565.0,56499.99999996795,1,1,0,1.0,0.0,565.0,1,1,1,1,1
5031,6778339,302.0,30199.99999998287,1,1,0,1.0,0.0,302.0,1,1,1,1,1
5032,6778345,79.0,7899.999999995518,1,1,0,1.0,0.0,79.0,1,1,1,1,1
5033,6778349,32.0,3199.9999999981846,1,1,0,1.0,0.0,32.0,1,1,1,1,1
5034,6778351,115.0,11499.999999993475,1,1,0,1.0,0.0,115.0,1,1,1,1,1
5035,6778353,702.0,70199.99999996017,1,1,0,1.0,0.0,702.0,1,1,1,1,1
5036,6778355,77.0,7699.999999995632,1,1,0,1.0,0.0,77.0,1,1,1,1,1
5037,6778357,1474.0,147399.99999991638,1,1,0,1.0,0.0,1474.0,1,1,1,1,1
5038,6778363,102.0,10199.999999994214,1,1,0,1.0,0.0,102.0,1,1,1,1,1
5039,6778367,44.0,4399.999999997504,1,1,0,1.0,0.0,44.0,1,1,1,1,1
5040,6778371,5982.0,598199.9999996606,1,1,0,1.0,0.0,5982.0,1,1,1,1,1
5041,6778373,39.0,3899.9999999977877,1,1,0,1.0,0.0,39.0,1,1,1,1,1
5042,6778375,1929.0,192899.99999989057,1,1,0,1.0,0.0,1929.0,1,1,1,1,1
5043,6778377,1206.0,120599.99999993158,1,1,0,1.0,0.0,1206.0,1,1,1,1,1
5044,6778379,17.0,1699.9999999990355,1,1,0,1.0,0.0,17.0,1,1,1,1,1
5045,6778383,47.0,4699.999999997333,1,1,0,1.0,0.0,47.0,1,1,1,1,1
5046,6778385,271.0,27099.999999984626,1,1,0,1.0,0.0,271.0,1,1,1,1,1
5047,6778391,7389.0,738899.9999995808,1,1,0,1.0,0.0,7389.0,1,1,1,1,1
5048,6778393,1609.0,160899.99999990873,1,1,0,1.0,0.0,1609.0,1,1,1,1,1
5049,6778395,122.0,12199.999999993079,1,1,0,1.0,0.0,122.0,1,1,1,1,1
5050,6778397,42.0,4199.999999997617,1,1,0,1.0,0.0,42.0,1,1,1,1,1
5051,6778399,36.0,3599.9999999979577,1,1,0,1.0,0.0,36.0,1,1,1,1,1
5052,6778401,51.0,5099.999999997107,1,1,0,1.0,0.0,51.0,1,1,1,1,1
5053,6778405,4421.0,442099.9999997492,1,1,0,1.0,0.0,4421.0,1,1,1,1,1
5054,6778407,172.0,17199.999999990243,1,1,0,1.0,0.0,172.0,1,1,1,1,1
5055,6778409,4.0,399.9999999997731,1,1,0,1.0,0.0,4.0,1,1,1,1,1
5056,6778411,288.0,28799.999999983662,1,1,0,1.0,0.0,288.0,1,1,1,1,1
5057,6778415,5804.0,580399.9999996708,1,1,0,1.0,0.0,5804.0,1,1,1,1,1
5058,6778417,403.0,40299.99999997714,1,1,0,1.0,0.0,403.0,1,1,1,1,1
5059,6778419,1746.0,174599.99999990096,1,1,0,1.0,0.0,1746.0,1,1,1,1,1
5060,6778421,616.0,61599.99999996505,1,1,0,1.0,0.0,616.0,1,1,1,1,1
5061,6778423,4.0,399.9999999997731,1,1,0,1.0,0.0,4.0,1,1,1,1,1
5062,6778425,10.0,999.9999999994327,1,1,0,1.0,0.0,10.0,1,1,1,1,1
5063,6778427,1847.0,184699.99999989523,1,1,0,1.0,0.0,1847.0,1,1,1,1,1
5064,6778431,246.0,24599.999999986045,1,1,0,1.0,0.0,246.0,1,1,1,1,1
5065,6778433,94.0,9399.999999994667,1,1,0,1.0,0.0,94.0,1,1,1,1,1
5066,6778435,22.0,2199.999999998752,1,1,0,1.0,0.0,22.0,1,1,1,1,1
5067,6778443,33.0,3299.999999998128,1,1,0,1.0,0.0,33.0,1,1,1,1,1
5068,6778447,233.0,23299.999999986783,1,1,0,1.0,0.0,233.0,1,1,1,1,1
5069,6778451,32.0,3199.9999999981846,1,1,0,1.0,0.0,32.0,1,1,1,1,1
5070,6778453,304.0,30399.999999982756,1,1,0,1.0,0.0,304.0,1,1,1,1,1
5071,6778459,159.0,15899.99999999098,1,1,0,1.0,0.0,159.0,1,1,1,1,1
5072,6778463,463.0,46299.999999973734,1,1,0,1.0,0.0,463.0,1,1,1,1,1
5073,6778465,4284.0,428399.999999757,1,1,0,1.0,0.0,4284.0,1,1,1,1,1
5074,6778467,220.0,21999.999999987518,1,1,0,1.0,0.0,220.0,1,1,1,1,1
5075,6778469,196.0,19599.999999988882,1,1,0,1.0,0.0,196.0,1,1,1,1,1
5076,6778471,4.0,399.9999999997731,1,1,0,1.0,0.0,4.0,1,1,1,1,1
5077,6778473,15.0,1499.9999999991492,1,1,0,1.0,0.0,15.0,1,1,1,1,1
5078,6778477,136.0,13599.999999992284,1,1,0,1.0,0.0,136.0,1,1,1,1,1
5079,6778483,509.0,50899.99999997112,1,1,0,1.0,0.0,509.0,1,1,1,1,1
5080,6778485,1675.0,167499.99999990498,1,1,0,1.0,0.0,1675.0,1,1,1,1,1
5081,6778489,1734.0,173399.99999990163,1,1,0,1.0,0.0,1734.0,1,1,1,1,1
5082,6778493,196.0,19599.999999988882,1,1,0,1.0,0.0,196.0,1,1,1,1,1
5083,6778495,500.0,49999.99999997164,1,1,0,1.0,0.0,500.0,1,1,1,1,1
5084,6778501,1102.0,110199.99999993748,1,1,0,1.0,0.0,1102.0,1,1,1,1,1
5085,6778503,118.0,11799.999999993306,1,1,0,1.0,0.0,118.0,1,1,1,1,1
5086,6778505,496.0,49599.999999971864,1,1,0,1.0,0.0,496.0,1,1,1,1,1
5087,6778511,689.0,68899.99999996091,1,1,0,1.0,0.0,689.0,1,1,1,1,1
5088,6778513,13.0,1299.9999999992624,1,1,0,1.0,0.0,13.0,1,1,1,1,1
5089,6778515,1434.0,143399.99999991865,1,1,0,1.0,0.0,1434.0,1,1,1,1,1
5090,6778525,80.0,7999.999999995462,1,1,0,1.0,0.0,80.0,1,1,1,1,1
5091,6778527,110.0,10999.999999993759,1,1,0,1.0,0.0,110.0,1,1,1,1,1
5092,6778529,1199.0,119899.99999993198,1,1,0,1.0,0.0,1199.0,1,1,1,1,1
5093,6778531,653.0,65299.99999996296,1,1,0,1.0,0.0,653.0,1,1,1,1,1
5094,6778535,375.0,37499.999999978725,1,1,0,1.0,0.0,375.0,1,1,1,1,1
5095,6778541,3966.0,396599.999999775,1,1,0,1.0,0.0,3966.0,1,1,1,1,1
5096,6778545,1748.0,174799.99999990084,1,1,0,1.0,0.0,1748.0,1,1,1,1,1
5097,6778547,5.0,499.99999999971635,1,1,0,1.0,0.0,5.0,1,1,1,1,1
5098,6778549,2818.0,281799.99999984016,1,1,0,1.0,0.0,2818.0,1,1,1,1,1
5099,6778551,6824.0,682399.9999996129,1,1,0,1.0,0.0,6824.0,1,1,1,1,1
5100,6778553,645.0,64499.99999996341,1,1,0,1.0,0.0,645.0,1,1,1,1,1
5101,6778555,802.0,80199.9999999545,1,1,0,1.0,0.0,802.0,1,1,1,1,1
5102,6778557,3968.0,396799.9999997749,1,1,0,1.0,0.0,3968.0,1,1,1,1,1
5103,6778561,835.0,83499.99999995263,1,1,0,1.0,0.0,835.0,1,1,1,1,1
5104,6778563,2313.0,231299.99999986877,1,1,0,1.0,0.0,2313.0,1,1,1,1,1
5105,6778565,3948.0,394799.999999776,1,1,0,1.0,0.0,3948.0,1,1,1,1,1
5106,6778567,5096.0,509599.9999997109,1,1,0,1.0,0.0,5096.0,1,1,1,1,1
5107,6778569,763.0,76299.99999995671,1,1,0,1.0,0.0,763.0,1,1,1,1,1
5108,6778571,1557.0,155699.99999991167,1,1,0,1.0,0.0,1557.0,1,1,1,1,1
5109,6778575,4.0,399.9999999997731,1,1,0,1.0,0.0,4.0,1,1,1,1,1
5110,6778577,12302.0,1230199.9999993022,1,1,0,1.0,0.0,12302.0,1,1,1,1,1
5111,6778581,55.0,5499.9999999968795,1,1,0,1.0,0.0,55.0,1,1,1,1,1
5112,6778583,378.0,37799.99999997856,1,1,0,1.0,0.0,378.0,1,1,1,1,1
5113,6778585,227.0,22699.99999998712,1,1,0,1.0,0.0,227.0,1,1,1,1,1
5114,6778591,2753.0,275299.9999998438,1,1,0,1.0,0.0,2753.0,1,1,1,1,1
5115,6778595,154.0,15399.999999991263,1,1,0,1.0,0.0,154.0,1,1,1,1,1
5116,6778597,139.0,13899.999999992115,1,1,0,1.0,0.0,139.0,1,1,1,1,1
5117,6778599,1020.0,101999.99999994214,1,1,0,1.0,0.0,1020.0,1,1,1,1,1
5118,6778601,115.0,11499.999999993475,1,1,0,1.0,0.0,115.0,1,1,1,1,1
5119,6778605,4293.0,429299.99999975646,1,1,0,1.0,0.0,4293.0,1,1,1,1,1
5120,6778607,187.0,18699.99999998939,1,1,0,1.0,0.0,187.0,1,1,1,1,1
5121,6778611,22.0,2199.999999998752,1,1,0,1.0,0.0,22.0,1,1,1,1,1
5122,6778613,3065.0,306499.99999982613,1,1,0,1.0,0.0,3065.0,1,1,1,1,1
5123,6778615,22.0,2199.999999998752,1,1,0,1.0,0.0,22.0,1,1,1,1,1
5124,6778617,416.0,41599.9999999764,1,1,0,1.0,0.0,416.0,1,1,1,1,1
5125,6778619,2144.0,214399.99999987838,1,1,0,1.0,0.0,2144.0,1,1,1,1,1
5126,6778621,176.0,17599.999999990017,1,1,0,1.0,0.0,176.0,1,1,1,1,1
5127,6778623,432.0,43199.999999975495,1,1,0,1.0,0.0,432.0,1,1,1,1,1
5128,6778627,59.0,5899.999999996653,1,1,0,1.0,0.0,59.0,1,1,1,1,1
5129,6778633,447.0,44699.99999997464,1,1,0,1.0,0.0,447.0,1,1,1,1,1
5130,6778639,3493.0,349299.99999980186,1,1,0,1.0,0.0,3493.0,1,1,1,1,1
5131,6778641,1964.0,196399.9999998886,1,1,0,1.0,0.0,1964.0,1,1,1,1,1
5132,6778643,176.0,17599.999999990017,1,1,0,1.0,0.0,176.0,1,1,1,1,1
5133,6778645,1031.0,103099.99999994152,1,1,0,1.0,0.0,1031.0,1,1,1,1,1
5134,6778711,451.0,45099.99999997442,1,1,0,1.0,0.0,451.0,1,1,1,1,1
5135,6778715,6705.0,670499.9999996197,1,1,0,1.0,0.0,6705.0,1,1,1,1,1
5136,6778719,70.0,6999.999999996029,1,1,0,1.0,0.0,70.0,1,1,1,1,1
5137,6778723,9.0,899.9999999994894,1,1,0,1.0,0.0,9.0,1,1,1,1,1
5138,6778725,2984.0,298399.99999983073,1,1,0,1.0,0.0,2984.0,1,1,1,1,1
5139,6778727,690.0,68999.99999996086,1,1,0,1.0,0.0,690.0,1,1,1,1,1
5140,6778729,1250.0,124999.99999992909,1,1,0,1.0,0.0,1250.0,1,1,1,1,1
5141,6778731,170.0,16999.999999990356,1,1,0,1.0,0.0,170.0,1,1,1,1,1
5142,6778733,322.0,32199.999999981734,1,1,0,1.0,0.0,322.0,1,1,1,1,1
5143,6778735,886.0,88599.99999994974,1,1,0,1.0,0.0,886.0,1,1,1,1,1
5144,6778737,289.0,28899.999999983604,1,1,0,1.0,0.0,289.0,1,1,1,1,1
5145,6778741,383.0,38299.999999978274,1,1,0,1.0,0.0,383.0,1,1,1,1,1
5146,6778743,34.0,3399.999999998071,1,1,0,1.0,0.0,34.0,1,1,1,1,1
5147,6778745,546.0,54599.999999969026,1,1,0,1.0,0.0,546.0,1,1,1,1,1
5148,6778747,2613.0,261299.99999985177,1,1,0,1.0,0.0,2613.0,1,1,1,1,1
5149,6778749,148.0,14799.999999991604,1,1,0,1.0,0.0,148.0,1,1,1,1,1
5150,6778751,571.0,57099.99999996761,1,1,0,1.0,0.0,571.0,1,1,1,1,1
5151,6778753,1526.0,152599.99999991342,1,1,0,1.0,0.0,1526.0,1,1,1,1,1
5152,6778755,145.0,14499.999999991775,1,1,0,1.0,0.0,145.0,1,1,1,1,1
5153,6778757,297.0,29699.999999983153,1,1,0,1.0,0.0,297.0,1,1,1,1,1
5154,6778759,80.0,7999.999999995462,1,1,0,1.0,0.0,80.0,1,1,1,1,1
5155,6778763,1765.0,176499.99999989988,1,1,0,1.0,0.0,1765.0,1,1,1,1,1
5156,6778767,1491.0,149099.99999991542,1,1,0,1.0,0.0,1491.0,1,1,1,1,1
5157,6778769,7289.0,728899.9999995865,1,1,0,1.0,0.0,7289.0,1,1,1,1,1
5158,6778771,6699.0,669899.99999962,1,1,0,1.0,0.0,6699.0,1,1,1,1,1
5159,6778773,3707.0,370699.9999997897,1,1,0,1.0,0.0,3707.0,1,1,1,1,1
5160,6778777,955.0,95499.99999994582,1,1,0,1.0,0.0,955.0,1,1,1,1,1
5161,6778779,1635.0,163499.99999990725,1,1,0,1.0,0.0,1635.0,1,1,1,1,1
5162,6778783,377.0,37699.999999978616,1,1,0,1.0,0.0,377.0,1,1,1,1,1
5163,6778793,547.0,54699.99999996897,1,1,0,1.0,0.0,547.0,1,1,1,1,1
5164,6778795,44.0,4399.999999997504,1,1,0,1.0,0.0,44.0,1,1,1,1,1
5165,6778797,52.0,5199.99999999705,1,1,0,1.0,0.0,52.0,1,1,1,1,1
5166,6778799,9.0,899.9999999994894,1,1,0,1.0,0.0,9.0,1,1,1,1,1
5167,6778801,118.0,11799.999999993306,1,1,0,1.0,0.0,118.0,1,1,1,1,1
5168,6778807,14.0,1399.9999999992058,1,1,0,1.0,0.0,14.0,1,1,1,1,1
5169,6778809,72.0,7199.9999999959155,1,1,0,1.0,0.0,72.0,1,1,1,1,1
5170,6778815,186.0,18599.99999998945,1,1,0,1.0,0.0,186.0,1,1,1,1,1
5171,6778823,2515.0,251499.99999985733,1,1,0,1.0,0.0,2515.0,1,1,1,1,1
5172,6778825,12.0,1199.9999999993192,1,1,0,1.0,0.0,12.0,1,1,1,1,1
5173,6778827,709.0,70899.99999995978,1,1,0,1.0,0.0,709.0,1,1,1,1,1
5174,6778837,26.0,2599.999999998525,1,1,0,1.0,0.0,26.0,1,1,1,1,1
5175,6778841,22.0,2199.999999998752,1,1,0,1.0,0.0,22.0,1,1,1,1,1
5176,6778845,191.0,19099.999999989166,1,1,0,1.0,0.0,191.0,1,1,1,1,1
5177,6778849,159.0,15899.99999999098,1,1,0,1.0,0.0,159.0,1,1,1,1,1
5178,6778851,282.0,28199.999999984004,1,1,0,1.0,0.0,282.0,1,1,1,1,1
5179,6778855,252.0,25199.999999985703,1,1,0,1.0,0.0,252.0,1,1,1,1,1
5180,6778857,329.0,32899.99999998134,1,1,0,1.0,0.0,329.0,1,1,1,1,1
5181,6778861,44.0,4399.999999997504,1,1,0,1.0,0.0,44.0,1,1,1,1,1
5182,6778863,273.0,27299.999999984513,1,1,0,1.0,0.0,273.0,1,1,1,1,1
5183,6778865,511.0,51099.99999997101,1,1,0,1.0,0.0,511.0,1,1,1,1,1
5184,6778873,1593.0,159299.99999990963,1,1,0,1.0,0.0,1593.0,1,1,1,1,1
5185,6778881,144.0,14399.999999991831,1,1,0,1.0,0.0,144.0,1,1,1,1,1
5186,6778883,516.0,51599.99999997073,1,1,0,1.0,0.0,516.0,1,1,1,1,1
5187,6778885,279.0,27899.99999998417,1,1,0,1.0,0.0,279.0,1,1,1,1,1
5188,6778889,353.0,35299.99999997998,1,1,0,1.0,0.0,353.0,1,1,1,1,1
5189,6778891,150.0,14999.99999999149,1,1,0,1.0,0.0,150.0,1,1,1,1,1
5190,6778897,694.0,69399.99999996062,1,1,0,1.0,0.0,694.0,1,1,1,1,1
5191,6778899,40.0,3999.999999997731,1,1,0,1.0,0.0,40.0,1,1,1,1,1
5192,6778903,590.0,58999.99999996653,1,1,0,1.0,0.0,590.0,1,1,1,1,1
5193,6778909,292.0,29199.999999983436,1,1,0,1.0,0.0,292.0,1,1,1,1,1
5194,6778911,44.0,4399.999999997504,1,1,0,1.0,0.0,44.0,1,1,1,1,1
5195,6778917,222.0,22199.999999987405,1,1,0,1.0,0.0,222.0,1,1,1,1,1
5196,6778923,491.0,49099.99999997215,1,1,0,1.0,0.0,491.0,1,1,1,1,1
5197,6778929,3235.0,323499.9999998165,1,1,0,1.0,0.0,3235.0,1,1,1,1,1
5198,6778939,264.0,26399.999999985022,1,1,0,1.0,0.0,264.0,1,1,1,1,1
5199,6778941,1217.0,121699.99999993097,1,1,0,1.0,0.0,1217.0,1,1,1,1,1
5200,6778943,5838.0,583799.9999996688,1,1,0,1.0,0.0,5838.0,1,1,1,1,1
5201,6778945,1182.0,118199.99999993294,1,1,0,1.0,0.0,1182.0,1,1,1,1,1
5202,6778947,19976.0,1997599.9999988668,1,1,0,1.0,0.0,19976.0,1,1,1,1,1
5203,6778949,6.0,599.9999999996596,1,1,0,1.0,0.0,6.0,1,1,1,1,1
5204,6778953,64.0,6399.999999996369,1,1,0,1.0,0.0,64.0,1,1,1,1,1
5205,6778955,5719.0,571899.9999996756,1,1,0,1.0,0.0,5719.0,1,1,1,1,1
5206,6778959,499.0,49899.99999997169,1,1,0,1.0,0.0,499.0,1,1,1,1,1
5207,6778961,21292.0,2129199.999998792,1,1,0,1.0,0.0,21292.0,1,1,1,1,1
5208,6778967,68.0,6799.999999996142,1,1,0,1.0,0.0,68.0,1,1,1,1,1
5209,6778969,1300.0,129999.99999992625,1,1,0,1.0,0.0,1300.0,1,1,1,1,1
5210,6778971,4509.0,450899.9999997442,1,1,0,1.0,0.0,4509.0,1,1,1,1,1
5211,6778973,13.0,1299.9999999992624,1,1,0,1.0,0.0,13.0,1,1,1,1,1
5212,6778975,133.0,13299.999999992455,1,1,0,1.0,0.0,133.0,1,1,1,1,1
5213,6778981,273.0,27299.999999984513,1,1,0,1.0,0.0,273.0,1,1,1,1,1
5214,6778985,26.0,2599.999999998525,1,1,0,1.0,0.0,26.0,1,1,1,1,1
5215,6778989,213.0,21299.99999998792,1,1,0,1.0,0.0,213.0,1,1,1,1,1
5216,6779005,5.0,499.99999999971635,1,1,0,1.0,0.0,5.0,1,1,1,1,1
5217,6779009,84.0,8399.999999995234,1,1,0,1.0,0.0,84.0,1,1,1,1,1
5218,6779011,322.0,32199.999999981734,1,1,0,1.0,0.0,322.0,1,1,1,1,1
5219,6779013,298.0,29799.999999983094,1,1,0,1.0,0.0,298.0,1,1,1,1,1
5220,6779023,32.0,3199.9999999981846,1,1,0,1.0,0.0,32.0,1,1,1,1,1
5221,6779025,63.0,6299.999999996426,1,1,0,1.0,0.0,63.0,1,1,1,1,1
5222,6779027,108.0,10799.999999993874,1,1,0,1.0,0.0,108.0,1,1,1,1,1
5223,6779031,289.0,28899.999999983604,1,1,0,1.0,0.0,289.0,1,1,1,1,1
5224,6779033,219.0,21899.999999987576,1,1,0,1.0,0.0,219.0,1,1,1,1,1
5225,6779035,132.0,13199.999999992511,1,1,0,1.0,0.0,132.0,1,1,1,1,1
5226,6779041,74.0,7399.999999995802,1,1,0,1.0,0.0,74.0,1,1,1,1,1
5227,6779043,33.0,3299.999999998128,1,1,0,1.0,0.0,33.0,1,1,1,1,1
5228,6779045,604.0,60399.99999996574,1,1,0,1.0,0.0,604.0,1,1,1,1,1
5229,6779047,208.0,20799.9999999882,1,1,0,1.0,0.0,208.0,1,1,1,1,1
5230,6779051,42.0,4199.999999997617,1,1,0,1.0,0.0,42.0,1,1,1,1,1
5231,6779053,1771.0,177099.99999989953,1,1,0,1.0,0.0,1771.0,1,1,1,1,1
5232,6779057,929.0,92899.9999999473,1,1,0,1.0,0.0,929.0,1,1,1,1,1
5233,6779061,500.0,49999.99999997164,1,1,0,1.0,0.0,500.0,1,1,1,1,1
5234,6779065,555.0,55499.99999996852,1,1,0,1.0,0.0,555.0,1,1,1,1,1
5235,6779071,10.0,999.9999999994327,1,1,0,1.0,0.0,10.0,1,1,1,1,1
5236,6779073,1663.0,166299.99999990565,1,1,0,1.0,0.0,1663.0,1,1,1,1,1
5237,6779075,61.0,6099.999999996539,1,1,0,1.0,0.0,61.0,1,1,1,1,1
5238,6779077,8.0,799.9999999995462,1,1,0,1.0,0.0,8.0,1,1,1,1,1
5239,6779081,296.0,29599.999999983207,1,1,0,1.0,0.0,296.0,1,1,1,1,1
5240,6779093,18.0,1799.9999999989789,1,1,0,1.0,0.0,18.0,1,1,1,1,1
5241,6779099,5.0,499.99999999971635,1,1,0,1.0,0.0,5.0,1,1,1,1,1
5242,6779103,19.0,1899.9999999989222,1,1,0,1.0,0.0,19.0,1,1,1,1,1
5243,6779105,287.0,28699.99999998372,1,1,0,1.0,0.0,287.0,1,1,1,1,1
5244,6779115,136.0,13599.999999992284,1,1,0,1.0,0.0,136.0,1,1,1,1,1
5245,6779117,80.0,7999.999999995462,1,1,0,1.0,0.0,80.0,1,1,1,1,1
5246,6779121,14.0,1399.9999999992058,1,1,0,1.0,0.0,14.0,1,1,1,1,1
5247,6779125,1474.0,147399.99999991638,1,1,0,1.0,0.0,1474.0,1,1,1,1,1
5248,6779127,627.0,62699.99999996443,1,1,0,1.0,0.0,627.0,1,1,1,1,1
5249,6779129,353.0,35299.99999997998,1,1,0,1.0,0.0,353.0,1,1,1,1,1
5250,6779131,1.0,99.99999999994327,1,1,0,1.0,0.0,1.0,1,1,1,1,1
5251,6779133,2514.0,251399.9999998574,1,1,0,1.0,0.0,2514.0,1,1,1,1,1
5252,6779137,61.0,6099.999999996539,1,1,0,1.0,0.0,61.0,1,1,1,1,1
5253,6780637,1302.0,130199.99999992613,1,1,0,1.0,0.0,1302.0,1,1,1,1,1
5254,6780639,31.0,3099.9999999982415,1,1,0,1.0,0.0,31.0,1,1,1,1,1
5255,6780641,1.0,99.99999999994327,1,1,0,1.0,0.0,1.0,1,1,1,1,1
5256,6780643,2.0,199.99999999988654,1,1,0,1.0,0.0,2.0,1,1,1,1,1
5257,6780645,12.0,1199.9999999993192,1,1,0,1.0,0.0,12.0,1,1,1,1,1
5258,6780651,152.0,15199.999999991378,1,1,0,1.0,0.0,152.0,1,1,1,1,1
5259,6780655,38.0,3799.9999999978445,1,1,0,1.0,0.0,38.0,1,1,1,1,1
5260,6780657,248.0,24799.999999985932,1,1,0,1.0,0.0,248.0,1,1,1,1,1
5261,6780659,1646.0,164599.99999990663,1,1,0,1.0,0.0,1646.0,1,1,1,1,1
5262,6780663,43.0,4299.999999997561,1,1,0,1.0,0.0,43.0,1,1,1,1,1
5263,6780667,3035.0,303499.9999998278,1,1,0,1.0,0.0,3035.0,1,1,1,1,1
5264,6780669,3072.0,307199.9999998257,1,1,0,1.0,0.0,3072.0,1,1,1,1,1
5265,6780671,3261.0,326099.999999815,1,1,0,1.0,0.0,3261.0,1,1,1,1,1
5266,6780673,67.0,6699.999999996199,1,1,0,1.0,0.0,67.0,1,1,1,1,1
5267,6780675,248.0,24799.999999985932,1,1,0,1.0,0.0,248.0,1,1,1,1,1
5268,6780677,40.0,3999.999999997731,1,1,0,1.0,0.0,40.0,1,1,1,1,1
5269,6780679,9.0,899.9999999994894,1,1,0,1.0,0.0,9.0,1,1,1,1,1
5270,6780683,265.0,26499.999999984968,1,1,0,1.0,0.0,265.0,1,1,1,1,1
5271,6780687,2270.0,226999.99999987122,1,1,0,1.0,0.0,2270.0,1,1,1,1,1
5272,6780689,40.0,3999.999999997731,1,1,0,1.0,0.0,40.0,1,1,1,1,1
5273,6780695,3.0,299.9999999998298,1,1,0,1.0,0.0,3.0,1,1,1,1,1
5274,6780699,441.0,44099.999999974985,1,1,0,1.0,0.0,441.0,1,1,1,1,1
5275,6780701,461.0,46099.99999997385,1,1,0,1.0,0.0,461.0,1,1,1,1,1
5276,6780703,11050.0,1104999.9999993732,1,1,0,1.0,0.0,11050.0,1,1,1,1,1
5277,6780707,5022.0,502199.99999971513,1,1,0,1.0,0.0,5022.0,1,1,1,1,1
5278,6780711,1047.0,104699.9999999406,1,1,0,1.0,0.0,1047.0,1,1,1,1,1
5279,6780715,1.0,99.99999999994327,1,1,0,1.0,0.0,1.0,1,1,1,1,1
5280,6780717,18.0,1799.9999999989789,1,1,0,1.0,0.0,18.0,1,1,1,1,1
5281,6780719,149.0,14899.999999991547,1,1,0,1.0,0.0,149.0,1,1,1,1,1
5282,6780721,181.0,18099.999999989734,1,1,0,1.0,0.0,181.0,1,1,1,1,1
5283,6780723,500.0,49999.99999997164,1,1,0,1.0,0.0,500.0,1,1,1,1,1
5284,6780727,1738.0,173799.9999999014,1,1,0,1.0,0.0,1738.0,1,1,1,1,1
5285,6780733,9.0,899.9999999994894,1,1,0,1.0,0.0,9.0,1,1,1,1,1
5286,6780735,190.0,18999.99999998922,1,1,0,1.0,0.0,190.0,1,1,1,1,1
5287,6780737,59.0,5899.999999996653,1,1,0,1.0,0.0,59.0,1,1,1,1,1
5288,6780739,9.0,899.9999999994894,1,1,0,1.0,0.0,9.0,1,1,1,1,1
5289,6780743,142.0,14199.999999991944,1,1,0,1.0,0.0,142.0,1,1,1,1,1
5290,6780745,3828.0,382799.9999997828,1,1,0,1.0,0.0,3828.0,1,1,1,1,1
5291,6780747,1879.0,187899.9999998934,1,1,0,1.0,0.0,1879.0,1,1,1,1,1
5292,6780751,44.0,4399.999999997504,1,1,0,1.0,0.0,44.0,1,1,1,1,1
5293,6780753,5459.0,545899.9999996903,1,1,0,1.0,0.0,5459.0,1,1,1,1,1
5294,6780755,1174.0,117399.9999999334,1,1,0,1.0,0.0,1174.0,1,1,1,1,1
5295,6780757,195.0,19499.999999988937,1,1,0,1.0,0.0,195.0,1,1,1,1,1
5296,6780759,1222.0,122199.99999993067,1,1,0,1.0,0.0,1222.0,1,1,1,1,1
5297,6780761,7.0,699.9999999996029,1,1,0,1.0,0.0,7.0,1,1,1,1,1
5298,6780765,934.0,93399.99999994702,1,1,0,1.0,0.0,934.0,1,1,1,1,1
5299,6780767,2276.0,227599.9999998709,1,1,0,1.0,0.0,2276.0,1,1,1,1,1
5300,6780769,65.0,6499.999999996313,1,1,0,1.0,0.0,65.0,1,1,1,1,1
5301,6780771,638.0,63799.99999996381,1,1,0,1.0,0.0,638.0,1,1,1,1,1
5302,6780773,1250.0,124999.99999992909,1,1,0,1.0,0.0,1250.0,1,1,1,1,1
5303,6780775,587.0,58699.9999999667,1,1,0,1.0,0.0,587.0,1,1,1,1,1
5304,6780777,2397.0,239699.99999986403,1,1,0,1.0,0.0,2397.0,1,1,1,1,1
5305,6780781,347.0,34699.99999998031,1,1,0,1.0,0.0,347.0,1,1,1,1,1
5306,6780783,102.0,10199.999999994214,1,1,0,1.0,0.0,102.0,1,1,1,1,1
5307,6780785,2430.0,242999.99999986214,1,1,0,1.0,0.0,2430.0,1,1,1,1,1
5308,6780787,737.0,73699.99999995819,1,1,0,1.0,0.0,737.0,1,1,1,1,1
5309,6780789,69.0,6899.9999999960855,1,1,0,1.0,0.0,69.0,1,1,1,1,1
5310,6780791,1212.0,121199.99999993124,1,1,0,1.0,0.0,1212.0,1,1,1,1,1
5311,6780793,376.0,37599.99999997867,1,1,0,1.0,0.0,376.0,1,1,1,1,1
5312,6780795,259.0,25899.999999985306,1,1,0,1.0,0.0,259.0,1,1,1,1,1
5313,6780797,221.0,22099.999999987464,1,1,0,1.0,0.0,221.0,1,1,1,1,1
5314,6780799,71.0,7099.999999995972,1,1,0,1.0,0.0,71.0,1,1,1,1,1
5315,6780801,120.0,11999.999999993193,1,1,0,1.0,0.0,120.0,1,1,1,1,1
5316,6780803,6.0,599.9999999996596,1,1,0,1.0,0.0,6.0,1,1,1,1,1
5317,6780807,43.0,4299.999999997561,1,1,0,1.0,0.0,43.0,1,1,1,1,1
5318,6780809,648.0,64799.99999996324,1,1,0,1.0,0.0,648.0,1,1,1,1,1
5319,6780811,2703.0,270299.9999998467,1,1,0,1.0,0.0,2703.0,1,1,1,1,1
5320,6780813,184.0,18399.999999989563,1,1,0,1.0,0.0,184.0,1,1,1,1,1
5321,6780815,620.0,61999.99999996483,1,1,0,1.0,0.0,620.0,1,1,1,1,1
5322,6780817,1339.0,133899.99999992404,1,1,0,1.0,0.0,1339.0,1,1,1,1,1
5323,6780819,147.0,14699.99999999166,1,1,0,1.0,0.0,147.0,1,1,1,1,1
5324,6780821,2249.0,224899.9999998724,1,1,0,1.0,0.0,2249.0,1,1,1,1,1
5325,6780823,168.0,16799.99999999047,1,1,0,1.0,0.0,168.0,1,1,1,1,1
5326,6780825,810.0,80999.99999995405,1,1,0,1.0,0.0,810.0,1,1,1,1,1
5327,6780827,33.0,3299.999999998128,1,1,0,1.0,0.0,33.0,1,1,1,1,1
5328,6780829,6870.0,686999.9999996102,1,1,0,1.0,0.0,6870.0,1,1,1,1,1
5329,6780831,46.0,4599.999999997391,1,1,0,1.0,0.0,46.0,1,1,1,1,1
5330,6780833,1600.0,159999.99999990923,1,1,0,1.0,0.0,1600.0,1,1,1,1,1
5331,6780837,248.0,24799.999999985932,1,1,0,1.0,0.0,248.0,1,1,1,1,1
5332,6780839,190.0,18999.99999998922,1,1,0,1.0,0.0,190.0,1,1,1,1,1
5333,6780841,265.0,26499.999999984968,1,1,0,1.0,0.0,265.0,1,1,1,1,1
5334,6780847,9.0,899.9999999994894,1,1,0,1.0,0.0,9.0,1,1,1,1,1
5335,6780849,34.0,3399.999999998071,1,1,0,1.0,0.0,34.0,1,1,1,1,1
5336,6780851,419.0,41899.99999997623,1,1,0,1.0,0.0,419.0,1,1,1,1,1
5337,6780853,3317.0,331699.9999998118,1,1,0,1.0,0.0,3317.0,1,1,1,1,1
5338,6780855,3962.0,396199.99999977526,1,1,0,1.0,0.0,3962.0,1,1,1,1,1
5339,6780857,928.0,92799.99999994735,1,1,0,1.0,0.0,928.0,1,1,1,1,1
5340,6780859,403.0,40299.99999997714,1,1,0,1.0,0.0,403.0,1,1,1,1,1
5341,6780863,294.0,29399.99999998332,1,1,0,1.0,0.0,294.0,1,1,1,1,1
5342,6780865,1205.0,120499.99999993164,1,1,0,1.0,0.0,1205.0,1,1,1,1,1
5343,6780867,1325.0,132499.99999992482,1,1,0,1.0,0.0,1325.0,1,1,1,1,1
5344,6780871,90.0,8999.999999994894,1,1,0,1.0,0.0,90.0,1,1,1,1,1
5345,6780873,4784.0,478399.9999997286,1,1,0,1.0,0.0,4784.0,1,1,1,1,1
5346,6780875,14850.0,1484999.9999991576,1,1,0,1.0,0.0,14850.0,1,1,1,1,1
5347,6780879,335.0,33499.999999980995,1,1,0,1.0,0.0,335.0,1,1,1,1,1
5348,6780881,29.0,2899.9999999983547,1,1,0,1.0,0.0,29.0,1,1,1,1,1
5349,6780883,2440.0,243999.99999986158,1,1,0,1.0,0.0,2440.0,1,1,1,1,1
5350,6780885,569.0,56899.999999967724,1,1,0,1.0,0.0,569.0,1,1,1,1,1
5351,6780889,1087.0,108699.99999993833,1,1,0,1.0,0.0,1087.0,1,1,1,1,1
5352,6780891,357.0,35699.99999997975,1,1,0,1.0,0.0,357.0,1,1,1,1,1
5353,6780893,58.0,5799.999999996709,1,1,0,1.0,0.0,58.0,1,1,1,1,1
5354,6780895,97.0,9699.999999994498,1,1,0,1.0,0.0,97.0,1,1,1,1,1
5355,6780897,2621.0,262099.9999998513,1,1,0,1.0,0.0,2621.0,1,1,1,1,1
5356,6780899,87.0,8699.999999995065,1,1,0,1.0,0.0,87.0,1,1,1,1,1
5357,6780901,1323.0,132299.99999992494,1,1,0,1.0,0.0,1323.0,1,1,1,1,1
5358,6780909,250.0,24999.99999998582,1,1,0,1.0,0.0,250.0,1,1,1,1,1
5359,6780911,7707.0,770699.9999995627,1,1,0,1.0,0.0,7707.0,1,1,1,1,1
5360,6780913,1278.0,127799.9999999275,1,1,0,1.0,0.0,1278.0,1,1,1,1,1
5361,6780917,10197.0,1019699.9999994215,1,1,0,1.0,0.0,10197.0,1,1,1,1,1
5362,6780925,158.0,15799.999999991036,1,1,0,1.0,0.0,158.0,1,1,1,1,1
5363,6780927,10961.0,1096099.999999378,1,1,0,1.0,0.0,10961.0,1,1,1,1,1
5364,6780929,865.0,86499.99999995093,1,1,0,1.0,0.0,865.0,1,1,1,1,1
5365,6780931,31.0,3099.9999999982415,1,1,0,1.0,0.0,31.0,1,1,1,1,1
5366,6780933,2296.0,229599.99999986976,1,1,0,1.0,0.0,2296.0,1,1,1,1,1
5367,6780937,26.0,2599.999999998525,1,1,0,1.0,0.0,26.0,1,1,1,1,1
5368,6780939,127.0,12699.999999992795,1,1,0,1.0,0.0,127.0,1,1,1,1,1
5369,6780941,3.0,299.9999999998298,1,1,0,1.0,0.0,3.0,1,1,1,1,1
5370,6780943,174.0,17399.99999999013,1,1,0,1.0,0.0,174.0,1,1,1,1,1
5371,6780945,322.0,32199.999999981734,1,1,0,1.0,0.0,322.0,1,1,1,1,1
5372,6780949,4.0,399.9999999997731,1,1,0,1.0,0.0,4.0,1,1,1,1,1
5373,6780951,4.0,399.9999999997731,1,1,0,1.0,0.0,4.0,1,1,1,1,1
5374,6780955,282.0,28199.999999984004,1,1,0,1.0,0.0,282.0,1,1,1,1,1
5375,6780957,2042.0,204199.99999988417,1,1,0,1.0,0.0,2042.0,1,1,1,1,1
5376,6780959,1336.0,133599.9999999242,1,1,0,1.0,0.0,1336.0,1,1,1,1,1
5377,6780961,176.0,17599.999999990017,1,1,0,1.0,0.0,176.0,1,1,1,1,1
5378,6780963,9.0,899.9999999994894,1,1,0,1.0,0.0,9.0,1,1,1,1,1
5379,6780965,3459.0,345899.9999998038,1,1,0,1.0,0.0,3459.0,1,1,1,1,1
5380,6780967,292.0,29199.999999983436,1,1,0,1.0,0.0,292.0,1,1,1,1,1
5381,6780971,202.0,20199.99999998854,1,1,0,1.0,0.0,202.0,1,1,1,1,1
5382,6780973,99.0,9899.999999994383,1,1,0,1.0,0.0,99.0,1,1,1,1,1
5383,6780977,467.0,46699.99999997351,1,1,0,1.0,0.0,467.0,1,1,1,1,1
5384,6780979,1669.0,166899.99999990533,1,1,0,1.0,0.0,1669.0,1,1,1,1,1
5385,6780981,2701.0,270099.9999998468,1,1,0,1.0,0.0,2701.0,1,1,1,1,1
5386,6780983,32.0,3199.9999999981846,1,1,0,1.0,0.0,32.0,1,1,1,1,1
5387,6780985,622.0,62199.99999996471,1,1,0,1.0,0.0,622.0,1,1,1,1,1
5388,6780987,41.0,4099.999999997674,1,1,0,1.0,0.0,41.0,1,1,1,1,1
5389,6780991,254.0,25399.99999998559,1,1,0,1.0,0.0,254.0,1,1,1,1,1
5390,6780997,171.0,17099.999999990298,1,1,0,1.0,0.0,171.0,1,1,1,1,1
5391,6780999,1057.0,105699.99999994003,1,1,0,1.0,0.0,1057.0,1,1,1,1,1
5392,6781001,9207.0,920699.9999994776,1,1,0,1.0,0.0,9207.0,1,1,1,1,1
5393,6781003,337.0,33699.99999998088,1,1,0,1.0,0.0,337.0,1,1,1,1,1
5394,6781005,679.0,67899.99999996148,1,1,0,1.0,0.0,679.0,1,1,1,1,1
5395,6781007,3460.0,345999.9999998037,1,1,0,1.0,0.0,3460.0,1,1,1,1,1
5396,6781009,1038.0,103799.99999994111,1,1,0,1.0,0.0,1038.0,1,1,1,1,1
5397,6781011,293.0,29299.999999983378,1,1,0,1.0,0.0,293.0,1,1,1,1,1
5398,6781013,4137.0,413699.9999997653,1,1,0,1.0,0.0,4137.0,1,1,1,1,1
5399,6781015,781.0,78099.99999995569,1,1,0,1.0,0.0,781.0,1,1,1,1,1
5400,6781017,9.0,899.9999999994894,1,1,0,1.0,0.0,9.0,1,1,1,1,1
5401,6781019,1422.0,142199.99999991932,1,1,0,1.0,0.0,1422.0,1,1,1,1,1
5402,6781023,139.0,13899.999999992115,1,1,0,1.0,0.0,139.0,1,1,1,1,1
5403,6781025,818.0,81799.9999999536,1,1,0,1.0,0.0,818.0,1,1,1,1,1
5404,6781027,3206.0,320599.9999998181,1,1,0,1.0,0.0,3206.0,1,1,1,1,1
5405,6781029,5602.0,560199.9999996822,1,1,0,1.0,0.0,5602.0,1,1,1,1,1
5406,6781031,35.0,3499.9999999980146,1,1,0,1.0,0.0,35.0,1,1,1,1,1
5407,6781033,236.0,23599.999999986612,1,1,0,1.0,0.0,236.0,1,1,1,1,1
5408,6781039,142.0,14199.999999991944,1,1,0,1.0,0.0,142.0,1,1,1,1,1
5409,6781041,7734.0,773399.9999995612,1,1,0,1.0,0.0,7734.0,1,1,1,1,1
5410,6781043,160.0,15999.999999990923,1,1,0,1.0,0.0,160.0,1,1,1,1,1
5411,6781045,365.0,36499.99999997929,1,1,0,1.0,0.0,365.0,1,1,1,1,1
5412,6781047,146.0,14599.999999991718,1,1,0,1.0,0.0,146.0,1,1,1,1,1
5413,6781049,275.0,27499.9999999844,1,1,0,1.0,0.0,275.0,1,1,1,1,1
5414,6781051,872.0,87199.99999995054,1,1,0,1.0,0.0,872.0,1,1,1,1,1
5415,6781053,1222.0,122199.99999993067,1,1,0,1.0,0.0,1222.0,1,1,1,1,1
5416,6781055,7076.0,707599.9999995986,1,1,0,1.0,0.0,7076.0,1,1,1,1,1
5417,6781057,1455.0,145499.99999991746,1,1,0,1.0,0.0,1455.0,1,1,1,1,1
5418,6781059,5544.0,554399.9999996854,1,1,0,1.0,0.0,5544.0,1,1,1,1,1
5419,6781061,388.0,38799.99999997799,1,1,0,1.0,0.0,388.0,1,1,1,1,1
5420,6781063,998.0,99799.99999994338,1,1,0,1.0,0.0,998.0,1,1,1,1,1
5421,6781067,884.0,88399.99999994985,1,1,0,1.0,0.0,884.0,1,1,1,1,1
5422,6781069,793.0,79299.99999995502,1,1,0,1.0,0.0,793.0,1,1,1,1,1
5423,6781073,252.0,25199.999999985703,1,1,0,1.0,0.0,252.0,1,1,1,1,1
5424,6781085,1095.0,109499.99999993788,1,1,0,1.0,0.0,1095.0,1,1,1,1,1
5425,6781087,1.0,99.99999999994327,1,1,0,1.0,0.0,1.0,1,1,1,1,1
5426,6781089,9.0,899.9999999994894,1,1,0,1.0,0.0,9.0,1,1,1,1,1
5427,6781091,59.0,5899.999999996653,1,1,0,1.0,0.0,59.0,1,1,1,1,1
5428,6781095,3501.0,350099.9999998014,1,1,0,1.0,0.0,3501.0,1,1,1,1,1
5429,6781097,742.0,74199.9999999579,1,1,0,1.0,0.0,742.0,1,1,1,1,1
5430,6781099,910.0,90999.99999994837,1,1,0,1.0,0.0,910.0,1,1,1,1,1
5431,6781101,30.0,2999.9999999982983,1,1,0,1.0,0.0,30.0,1,1,1,1,1
5432,6781103,27.0,2699.9999999984684,1,1,0,1.0,0.0,27.0,1,1,1,1,1
5433,6781105,495.0,49499.99999997192,1,1,0,1.0,0.0,495.0,1,1,1,1,1
5434,6781111,8.0,799.9999999995462,1,1,0,1.0,0.0,8.0,1,1,1,1,1
5435,6781113,985.0,98499.99999994412,1,1,0,1.0,0.0,985.0,1,1,1,1,1
5436,6781115,850.0,84999.99999995177,1,1,0,1.0,0.0,850.0,1,1,1,1,1
5437,6781117,821.0,82099.99999995342,1,1,0,1.0,0.0,821.0,1,1,1,1,1
5438,6781119,423.0,42299.999999976004,1,1,0,1.0,0.0,423.0,1,1,1,1,1
5439,6781121,503.0,50299.999999971464,1,1,0,1.0,0.0,503.0,1,1,1,1,1
5440,6781123,84.0,8399.999999995234,1,1,0,1.0,0.0,84.0,1,1,1,1,1
5441,6781125,30.0,2999.9999999982983,1,1,0,1.0,0.0,30.0,1,1,1,1,1
5442,6781127,357.0,35699.99999997975,1,1,0,1.0,0.0,357.0,1,1,1,1,1
5443,6781129,305.0,30499.999999982698,1,1,0,1.0,0.0,305.0,1,1,1,1,1
5444,6781131,537.0,53699.999999969536,1,1,0,1.0,0.0,537.0,1,1,1,1,1
5445,6781133,234.0,23399.999999986725,1,1,0,1.0,0.0,234.0,1,1,1,1,1
5446,6781135,2951.0,295099.9999998326,1,1,0,1.0,0.0,2951.0,1,1,1,1,1
5447,6781137,304.0,30399.999999982756,1,1,0,1.0,0.0,304.0,1,1,1,1,1
5448,6781139,1074.0,107399.99999993907,1,1,0,1.0,0.0,1074.0,1,1,1,1,1
5449,6781141,923.0,92299.99999994764,1,1,0,1.0,0.0,923.0,1,1,1,1,1
5450,6781143,1916.0,191599.9999998913,1,1,0,1.0,0.0,1916.0,1,1,1,1,1
5451,6781145,213.0,21299.99999998792,1,1,0,1.0,0.0,213.0,1,1,1,1,1
5452,6781147,29.0,2899.9999999983547,1,1,0,1.0,0.0,29.0,1,1,1,1,1
5453,6781149,945.0,94499.99999994639,1,1,0,1.0,0.0,945.0,1,1,1,1,1
5454,6781151,2259.0,225899.99999987186,1,1,0,1.0,0.0,2259.0,1,1,1,1,1
5455,6781153,2698.0,269799.999999847,1,1,0,1.0,0.0,2698.0,1,1,1,1,1
5456,6781155,1074.0,107399.99999993907,1,1,0,1.0,0.0,1074.0,1,1,1,1,1
5457,6781157,1886.0,188599.999999893,1,1,0,1.0,0.0,1886.0,1,1,1,1,1
5458,6781159,205.0,20499.99999998837,1,1,0,1.0,0.0,205.0,1,1,1,1,1
5459,6781161,1559.0,155899.99999991155,1,1,0,1.0,0.0,1559.0,1,1,1,1,1
5460,6781163,2661.0,266099.99999984907,1,1,0,1.0,0.0,2661.0,1,1,1,1,1
5461,6781165,197.0,19699.999999988824,1,1,0,1.0,0.0,197.0,1,1,1,1,1
5462,6781167,381.0,38099.99999997838,1,1,0,1.0,0.0,381.0,1,1,1,1,1
5463,6781171,1355.0,135499.99999992314,1,1,0,1.0,0.0,1355.0,1,1,1,1,1
5464,6781173,1726.0,172599.9999999021,1,1,0,1.0,0.0,1726.0,1,1,1,1,1
5465,6781175,3804.0,380399.9999997842,1,1,0,1.0,0.0,3804.0,1,1,1,1,1
5466,6781177,1060.0,105999.99999993987,1,1,0,1.0,0.0,1060.0,1,1,1,1,1
5467,6781179,4.0,399.9999999997731,1,1,0,1.0,0.0,4.0,1,1,1,1,1
5468,6781181,1.0,99.99999999994327,1,1,0,1.0,0.0,1.0,1,1,1,1,1
5469,6781183,1136.0,113599.99999993555,1,1,0,1.0,0.0,1136.0,1,1,1,1,1
5470,6781185,386.0,38599.9999999781,1,1,0,1.0,0.0,386.0,1,1,1,1,1
5471,6781187,68.0,6799.999999996142,1,1,0,1.0,0.0,68.0,1,1,1,1,1
5472,6781189,138.0,13799.999999992171,1,1,0,1.0,0.0,138.0,1,1,1,1,1
5473,6781191,110.0,10999.999999993759,1,1,0,1.0,0.0,110.0,1,1,1,1,1
5474,6781193,2595.0,259499.9999998528,1,1,0,1.0,0.0,2595.0,1,1,1,1,1
5475,6781195,1996.0,199599.99999988676,1,1,0,1.0,0.0,1996.0,1,1,1,1,1
5476,6781197,377.0,37699.999999978616,1,1,0,1.0,0.0,377.0,1,1,1,1,1
5477,6781203,43.0,4299.999999997561,1,1,0,1.0,0.0,43.0,1,1,1,1,1
5478,6781207,517.0,51699.99999997067,1,1,0,1.0,0.0,517.0,1,1,1,1,1
5479,6781209,23424.0,2342399.999998671,1,1,0,1.0,0.0,23424.0,1,1,1,1,1
5480,6781211,401.0,40099.99999997725,1,1,0,1.0,0.0,401.0,1,1,1,1,1
5481,6781215,257.0,25699.99999998542,1,1,0,1.0,0.0,257.0,1,1,1,1,1
5482,6781217,292.0,29199.999999983436,1,1,0,1.0,0.0,292.0,1,1,1,1,1
5483,6781219,3236.0,323599.9999998164,1,1,0,1.0,0.0,3236.0,1,1,1,1,1
5484,6781221,1075.0,107499.99999993901,1,1,0,1.0,0.0,1075.0,1,1,1,1,1
5485,6781223,16070.0,1606999.9999990885,1,1,0,1.0,0.0,16070.0,1,1,1,1,1
5486,6781225,44.0,4399.999999997504,1,1,0,1.0,0.0,44.0,1,1,1,1,1
5487,6781227,1587.0,158699.99999990998,1,1,0,1.0,0.0,1587.0,1,1,1,1,1
5488,6781229,195.0,19499.999999988937,1,1,0,1.0,0.0,195.0,1,1,1,1,1
5489,6781231,5.0,499.99999999971635,1,1,0,1.0,0.0,5.0,1,1,1,1,1
5490,6781233,624.0,62399.9999999646,1,1,0,1.0,0.0,624.0,1,1,1,1,1
5491,6781235,293.0,29299.999999983378,1,1,0,1.0,0.0,293.0,1,1,1,1,1
5492,6781237,9632.0,963199.9999994535,1,1,0,1.0,0.0,9632.0,1,1,1,1,1
5493,6781239,17305.0,1730499.9999990184,1,1,0,1.0,0.0,17305.0,1,1,1,1,1
5494,6781249,754.0,75399.99999995723,1,1,0,1.0,0.0,754.0,1,1,1,1,1
5495,6781253,1302.0,130199.99999992613,1,1,0,1.0,0.0,1302.0,1,1,1,1,1
5496,6781255,513.0,51299.999999970896,1,1,0,1.0,0.0,513.0,1,1,1,1,1
5497,6781263,227.0,22699.99999998712,1,1,0,1.0,0.0,227.0,1,1,1,1,1
5498,6781267,1942.0,194199.99999988984,1,1,0,1.0,0.0,1942.0,1,1,1,1,1
5499,6781269,2827.0,282699.99999983964,1,1,0,1.0,0.0,2827.0,1,1,1,1,1
5500,6781271,104.0,10399.9999999941,1,1,0,1.0,0.0,104.0,1,1,1,1,1
5501,6781273,925.0,92499.99999994753,1,1,0,1.0,0.0,925.0,1,1,1,1,1
5502,6781275,2730.0,272999.9999998451,1,1,0,1.0,0.0,2730.0,1,1,1,1,1
5503,6781279,29.0,2899.9999999983547,1,1,0,1.0,0.0,29.0,1,1,1,1,1
5504,6781281,129.0,12899.999999992682,1,1,0,1.0,0.0,129.0,1,1,1,1,1
5505,6781285,1431.0,143099.99999991883,1,1,0,1.0,0.0,1431.0,1,1,1,1,1
5506,6781293,11462.0,1146199.9999993497,1,1,0,1.0,0.0,11462.0,1,1,1,1,1
5507,6781775,364.0,36399.99999997935,1,1,0,1.0,0.0,364.0,1,1,1,1,1
5508,6781779,825.0,82499.9999999532,1,1,0,1.0,0.0,825.0,1,1,1,1,1
5509,6781781,3251.0,325099.9999998156,1,1,0,1.0,0.0,3251.0,1,1,1,1,1
5510,6781783,156.0,15599.99999999115,1,1,0,1.0,0.0,156.0,1,1,1,1,1
5511,6781785,40.0,3999.999999997731,1,1,0,1.0,0.0,40.0,1,1,1,1,1
5512,6781793,4895.0,489499.9999997223,1,1,0,1.0,0.0,4895.0,1,1,1,1,1
5513,6781795,3900.0,389999.99999977875,1,1,0,1.0,0.0,3900.0,1,1,1,1,1
5514,6781797,3654.0,365399.9999997927,1,1,0,1.0,0.0,3654.0,1,1,1,1,1
5515,6781799,929.0,92899.9999999473,1,1,0,1.0,0.0,929.0,1,1,1,1,1
5516,6781801,277.0,27699.999999984288,1,1,0,1.0,0.0,277.0,1,1,1,1,1
5517,6781803,27.0,2699.9999999984684,1,1,0,1.0,0.0,27.0,1,1,1,1,1
5518,6781805,321.0,32099.99999998179,1,1,0,1.0,0.0,321.0,1,1,1,1,1
5519,6781807,1038.0,103799.99999994111,1,1,0,1.0,0.0,1038.0,1,1,1,1,1
5520,6781809,347.0,34699.99999998031,1,1,0,1.0,0.0,347.0,1,1,1,1,1
5521,6781811,1518.0,151799.99999991388,1,1,0,1.0,0.0,1518.0,1,1,1,1,1
5522,6781813,8049.0,804899.9999995434,1,1,0,1.0,0.0,8049.0,1,1,1,1,1
5523,6781815,25.0,2499.9999999985816,1,1,0,1.0,0.0,25.0,1,1,1,1,1
5524,6781817,13.0,1299.9999999992624,1,1,0,1.0,0.0,13.0,1,1,1,1,1
5525,6781819,458.0,45799.99999997402,1,1,0,1.0,0.0,458.0,1,1,1,1,1
5526,6781821,994.0,99399.99999994361,1,1,0,1.0,0.0,994.0,1,1,1,1,1
5527,6781823,125.0,12499.99999999291,1,1,0,1.0,0.0,125.0,1,1,1,1,1
5528,6781825,399.0,39899.999999977364,1,1,0,1.0,0.0,399.0,1,1,1,1,1
5529,6781829,15.0,1499.9999999991492,1,1,0,1.0,0.0,15.0,1,1,1,1,1
5530,6781833,787.0,78699.99999995535,1,1,0,1.0,0.0,787.0,1,1,1,1,1
5531,6781835,266.0,26599.99999998491,1,1,0,1.0,0.0,266.0,1,1,1,1,1
5532,6781841,566.0,56599.99999996789,1,1,0,1.0,0.0,566.0,1,1,1,1,1
5533,6781843,9319.0,931899.9999994714,1,1,0,1.0,0.0,9319.0,1,1,1,1,1
5534,6781847,3564.0,356399.9999997978,1,1,0,1.0,0.0,3564.0,1,1,1,1,1
5535,6781849,428.0,42799.99999997572,1,1,0,1.0,0.0,428.0,1,1,1,1,1
5536,6781851,6720.0,671999.9999996187,1,1,0,1.0,0.0,6720.0,1,1,1,1,1
5537,6781853,639.0,63899.99999996375,1,1,0,1.0,0.0,639.0,1,1,1,1,1
5538,6781855,341.0,34099.99999998065,1,1,0,1.0,0.0,341.0,1,1,1,1,1
5539,6781857,611.0,61099.99999996534,1,1,0,1.0,0.0,611.0,1,1,1,1,1
5540,6781859,2272.0,227199.9999998711,1,1,0,1.0,0.0,2272.0,1,1,1,1,1
5541,6781861,1935.0,193499.99999989022,1,1,0,1.0,0.0,1935.0,1,1,1,1,1
5542,6781863,548.0,54799.99999996891,1,1,0,1.0,0.0,548.0,1,1,1,1,1
5543,6781865,1334.0,133399.99999992433,1,1,0,1.0,0.0,1334.0,1,1,1,1,1
5544,6781867,7359.0,735899.9999995825,1,1,0,1.0,0.0,7359.0,1,1,1,1,1
5545,6781869,58.0,5799.999999996709,1,1,0,1.0,0.0,58.0,1,1,1,1,1
5546,6781871,446.0,44599.9999999747,1,1,0,1.0,0.0,446.0,1,1,1,1,1
5547,6781873,1536.0,153599.99999991286,1,1,0,1.0,0.0,1536.0,1,1,1,1,1
5548,6781875,1739.0,173899.99999990134,1,1,0,1.0,0.0,1739.0,1,1,1,1,1
5549,6781877,3446.0,344599.9999998045,1,1,0,1.0,0.0,3446.0,1,1,1,1,1
5550,6781879,2.0,199.99999999988654,1,1,0,1.0,0.0,2.0,1,1,1,1,1
5551,6781881,1239.0,123899.99999992971,1,1,0,1.0,0.0,1239.0,1,1,1,1,1
5552,6781883,4201.0,420099.9999997617,1,1,0,1.0,0.0,4201.0,1,1,1,1,1
5553,6781885,4352.0,435199.9999997531,1,1,0,1.0,0.0,4352.0,1,1,1,1,1
5554,6781887,1864.0,186399.99999989427,1,1,0,1.0,0.0,1864.0,1,1,1,1,1
5555,6781889,1132.0,113199.99999993578,1,1,0,1.0,0.0,1132.0,1,1,1,1,1
5556,6781891,1196.0,119599.99999993214,1,1,0,1.0,0.0,1196.0,1,1,1,1,1
5557,6781893,732.0,73199.99999995847,1,1,0,1.0,0.0,732.0,1,1,1,1,1
5558,6781895,1398.0,139799.9999999207,1,1,0,1.0,0.0,1398.0,1,1,1,1,1
5559,6781897,5478.0,547799.9999996893,1,1,0,1.0,0.0,5478.0,1,1,1,1,1
5560,6781899,120.0,11999.999999993193,1,1,0,1.0,0.0,120.0,1,1,1,1,1
5561,6781901,260.0,25999.99999998525,1,1,0,1.0,0.0,260.0,1,1,1,1,1
5562,6781903,3405.0,340499.9999998068,1,1,0,1.0,0.0,3405.0,1,1,1,1,1
5563,6781905,2072.0,207199.99999988245,1,1,0,1.0,0.0,2072.0,1,1,1,1,1
5564,6781907,2111.0,211099.99999988024,1,1,0,1.0,0.0,2111.0,1,1,1,1,1
5565,6781909,1734.0,173399.99999990163,1,1,0,1.0,0.0,1734.0,1,1,1,1,1
5566,6781911,5863.0,586299.9999996674,1,1,0,1.0,0.0,5863.0,1,1,1,1,1
5567,6781913,7474.0,747399.999999576,1,1,0,1.0,0.0,7474.0,1,1,1,1,1
5568,6781915,19951.0,1995099.9999988682,1,1,0,1.0,0.0,19951.0,1,1,1,1,1
5569,6781917,22099.0,2209899.9999987464,1,1,0,1.0,0.0,22099.0,1,1,1,1,1
5570,6781919,5995.0,599499.99999966,1,1,0,1.0,0.0,5995.0,1,1,1,1,1
5571,6781921,986.0,98599.99999994406,1,1,0,1.0,0.0,986.0,1,1,1,1,1
5572,6781923,148.0,14799.999999991604,1,1,0,1.0,0.0,148.0,1,1,1,1,1
5573,6781927,1250.0,124999.99999992909,1,1,0,1.0,0.0,1250.0,1,1,1,1,1
5574,6781929,757.0,75699.99999995706,1,1,0,1.0,0.0,757.0,1,1,1,1,1
5575,6781931,143.0,14299.999999991887,1,1,0,1.0,0.0,143.0,1,1,1,1,1
5576,6781935,350.0,34999.999999980144,1,1,0,1.0,0.0,350.0,1,1,1,1,1
5577,6781937,347.0,34699.99999998031,1,1,0,1.0,0.0,347.0,1,1,1,1,1
5578,6781939,10909.0,1090899.9999993811,1,1,0,1.0,0.0,10909.0,1,1,1,1,1
5579,6781941,289.0,28899.999999983604,1,1,0,1.0,0.0,289.0,1,1,1,1,1
5580,6781943,66.0,6599.999999996256,1,1,0,1.0,0.0,66.0,1,1,1,1,1
5581,6781945,195.0,19499.999999988937,1,1,0,1.0,0.0,195.0,1,1,1,1,1
5582,6781947,2075.0,207499.99999988228,1,1,0,1.0,0.0,2075.0,1,1,1,1,1
5583,6781949,370.0,36999.99999997901,1,1,0,1.0,0.0,370.0,1,1,1,1,1
5584,6781951,16.0,1599.9999999990923,1,1,0,1.0,0.0,16.0,1,1,1,1,1
5585,6781953,5613.0,561299.9999996816,1,1,0,1.0,0.0,5613.0,1,1,1,1,1
5586,6781955,31.0,3099.9999999982415,1,1,0,1.0,0.0,31.0,1,1,1,1,1
5587,6781957,6054.0,605399.9999996566,1,1,0,1.0,0.0,6054.0,1,1,1,1,1
5588,6781959,2847.0,284699.9999998385,1,1,0,1.0,0.0,2847.0,1,1,1,1,1
5589,6781965,432.0,43199.999999975495,1,1,0,1.0,0.0,432.0,1,1,1,1,1
5590,6781967,49.0,4899.999999997221,1,1,0,1.0,0.0,49.0,1,1,1,1,1
5591,6781975,45.0,4499.999999997447,1,1,0,1.0,0.0,45.0,1,1,1,1,1
5592,6781977,961.0,96099.99999994549,1,1,0,1.0,0.0,961.0,1,1,1,1,1
5593,6781987,496.0,49599.999999971864,1,1,0,1.0,0.0,496.0,1,1,1,1,1
5594,6781989,97.0,9699.999999994498,1,1,0,1.0,0.0,97.0,1,1,1,1,1
5595,6781993,405.0,40499.99999997702,1,1,0,1.0,0.0,405.0,1,1,1,1,1
5596,6781995,566.0,56599.99999996789,1,1,0,1.0,0.0,566.0,1,1,1,1,1
5597,6781997,2166.0,216599.99999987712,1,1,0,1.0,0.0,2166.0,1,1,1,1,1
5598,6782001,153.0,15299.99999999132,1,1,0,1.0,0.0,153.0,1,1,1,1,1
5599,6782003,209.0,20899.999999988144,1,1,0,1.0,0.0,209.0,1,1,1,1,1
5600,6782007,13.0,1299.9999999992624,1,1,0,1.0,0.0,13.0,1,1,1,1,1
5601,6782011,176.0,17599.999999990017,1,1,0,1.0,0.0,176.0,1,1,1,1,1
5602,6782017,147.0,14699.99999999166,1,1,0,1.0,0.0,147.0,1,1,1,1,1
5603,6782019,2218.0,221799.99999987418,1,1,0,1.0,0.0,2218.0,1,1,1,1,1
5604,6782021,746.0,74599.99999995768,1,1,0,1.0,0.0,746.0,1,1,1,1,1
5605,6782031,524.0,52399.99999997027,1,1,0,1.0,0.0,524.0,1,1,1,1,1
5606,6782039,2291.0,229099.99999987002,1,1,0,1.0,0.0,2291.0,1,1,1,1,1
5607,6782043,1663.0,166299.99999990565,1,1,0,1.0,0.0,1663.0,1,1,1,1,1
5608,6782051,1.0,99.99999999994327,1,1,0,1.0,0.0,1.0,1,1,1,1,1
5609,6782057,35.0,3499.9999999980146,1,1,0,1.0,0.0,35.0,1,1,1,1,1
5610,6782059,9.0,899.9999999994894,1,1,0,1.0,0.0,9.0,1,1,1,1,1
5611,6782067,29.0,2899.9999999983547,1,1,0,1.0,0.0,29.0,1,1,1,1,1
5612,6782071,1571.0,157099.99999991088,1,1,0,1.0,0.0,1571.0,1,1,1,1,1
5613,6782073,324.0,32399.99999998162,1,1,0,1.0,0.0,324.0,1,1,1,1,1
5614,6782077,226.0,22599.99999998718,1,1,0,1.0,0.0,226.0,1,1,1,1,1
5615,6782079,276.0,27599.999999984342,1,1,0,1.0,0.0,276.0,1,1,1,1,1
5616,6782081,229.0,22899.99999998701,1,1,0,1.0,0.0,229.0,1,1,1,1,1
5617,6782083,22.0,2199.999999998752,1,1,0,1.0,0.0,22.0,1,1,1,1,1
5618,6782087,415.0,41499.999999976455,1,1,0,1.0,0.0,415.0,1,1,1,1,1
5619,6782089,223.0,22299.99999998735,1,1,0,1.0,0.0,223.0,1,1,1,1,1
5620,6782095,248.0,24799.999999985932,1,1,0,1.0,0.0,248.0,1,1,1,1,1
5621,6782101,833.0,83299.99999995275,1,1,0,1.0,0.0,833.0,1,1,1,1,1
5622,6782111,5.0,499.99999999971635,1,1,0,1.0,0.0,5.0,1,1,1,1,1
5623,6782113,3.0,299.9999999998298,1,1,0,1.0,0.0,3.0,1,1,1,1,1
5624,6782115,74.0,7399.999999995802,1,1,0,1.0,0.0,74.0,1,1,1,1,1
5625,6782117,9.0,899.9999999994894,1,1,0,1.0,0.0,9.0,1,1,1,1,1
5626,6782121,103.0,10299.999999994157,1,1,0,1.0,0.0,103.0,1,1,1,1,1
5627,6782127,15.0,1499.9999999991492,1,1,0,1.0,0.0,15.0,1,1,1,1,1
5628,6782129,333.0,33299.99999998111,1,1,0,1.0,0.0,333.0,1,1,1,1,1
5629,6782131,3.0,299.9999999998298,1,1,0,1.0,0.0,3.0,1,1,1,1,1
5630,6782133,2039.0,203899.99999988434,1,1,0,1.0,0.0,2039.0,1,1,1,1,1
5631,6782139,1037.0,103699.99999994117,1,1,0,1.0,0.0,1037.0,1,1,1,1,1
5632,6782141,9.0,899.9999999994894,1,1,0,1.0,0.0,9.0,1,1,1,1,1
5633,6782145,11272.0,1127199.9999993606,1,1,0,1.0,0.0,11272.0,1,1,1,1,1
5634,6782147,21.0,2099.9999999988086,1,1,0,1.0,0.0,21.0,1,1,1,1,1
5635,6782151,2606.0,260599.99999985215,1,1,0,1.0,0.0,2606.0,1,1,1,1,1
5636,6782153,2694.0,269399.99999984715,1,1,0,1.0,0.0,2694.0,1,1,1,1,1
5637,6782155,608.0,60799.99999996551,1,1,0,1.0,0.0,608.0,1,1,1,1,1
5638,6782157,2203.0,220299.99999987503,1,1,0,1.0,0.0,2203.0,1,1,1,1,1
5639,6782159,720.0,71999.99999995915,1,1,0,1.0,0.0,720.0,1,1,1,1,1
5640,6782161,594.0,59399.999999966305,1,1,0,1.0,0.0,594.0,1,1,1,1,1
5641,6782163,687.0,68699.99999996103,1,1,0,1.0,0.0,687.0,1,1,1,1,1
5642,6782167,826.0,82599.99999995314,1,1,0,1.0,0.0,826.0,1,1,1,1,1
5643,6782169,89.0,8899.99999999495,1,1,0,1.0,0.0,89.0,1,1,1,1,1
5644,6782171,3305.0,330499.9999998125,1,1,0,1.0,0.0,3305.0,1,1,1,1,1
5645,6782173,115.0,11499.999999993475,1,1,0,1.0,0.0,115.0,1,1,1,1,1
5646,6782175,218.0,21799.999999987635,1,1,0,1.0,0.0,218.0,1,1,1,1,1
5647,6782177,580.0,57999.9999999671,1,1,0,1.0,0.0,580.0,1,1,1,1,1
5648,6782179,938.0,93799.99999994678,1,1,0,1.0,0.0,938.0,1,1,1,1,1
5649,6782181,804.0,80399.9999999544,1,1,0,1.0,0.0,804.0,1,1,1,1,1
5650,6782185,272.0,27199.999999984568,1,1,0,1.0,0.0,272.0,1,1,1,1,1
5651,6782189,4.0,399.9999999997731,1,1,0,1.0,0.0,4.0,1,1,1,1,1
5652,6782191,4187.0,418699.99999976245,1,1,0,1.0,0.0,4187.0,1,1,1,1,1
5653,6782203,143.0,14299.999999991887,1,1,0,1.0,0.0,143.0,1,1,1,1,1
5654,6782205,1024.0,102399.99999994191,1,1,0,1.0,0.0,1024.0,1,1,1,1,1
5655,6782207,62.0,6199.999999996483,1,1,0,1.0,0.0,62.0,1,1,1,1,1
5656,6782209,5920.0,591999.9999996641,1,1,0,1.0,0.0,5920.0,1,1,1,1,1
5657,6782213,4732.0,473199.99999973155,1,1,0,1.0,0.0,4732.0,1,1,1,1,1
5658,6782215,772.0,77199.9999999562,1,1,0,1.0,0.0,772.0,1,1,1,1,1
5659,6782217,186.0,18599.99999998945,1,1,0,1.0,0.0,186.0,1,1,1,1,1
5660,6782219,97.0,9699.999999994498,1,1,0,1.0,0.0,97.0,1,1,1,1,1
5661,6782221,227.0,22699.99999998712,1,1,0,1.0,0.0,227.0,1,1,1,1,1
5662,6782223,135.0,13499.999999992342,1,1,0,1.0,0.0,135.0,1,1,1,1,1
5663,6782225,138.0,13799.999999992171,1,1,0,1.0,0.0,138.0,1,1,1,1,1
5664,6782227,932.0,93199.99999994713,1,1,0,1.0,0.0,932.0,1,1,1,1,1
5665,6782229,15.0,1499.9999999991492,1,1,0,1.0,0.0,15.0,1,1,1,1,1
5666,6782231,197.0,19699.999999988824,1,1,0,1.0,0.0,197.0,1,1,1,1,1
5667,6782233,61.0,6099.999999996539,1,1,0,1.0,0.0,61.0,1,1,1,1,1
5668,6782235,119.0,11899.99999999325,1,1,0,1.0,0.0,119.0,1,1,1,1,1
5669,6782237,122.0,12199.999999993079,1,1,0,1.0,0.0,122.0,1,1,1,1,1
5670,6782241,4065.0,406499.9999997694,1,1,0,1.0,0.0,4065.0,1,1,1,1,1
5671,6782243,557.0,55699.9999999684,1,1,0,1.0,0.0,557.0,1,1,1,1,1
5672,6782245,473.0,47299.999999973166,1,1,0,1.0,0.0,473.0,1,1,1,1,1
5673,6782249,22.0,2199.999999998752,1,1,0,1.0,0.0,22.0,1,1,1,1,1
5674,6782251,321.0,32099.99999998179,1,1,0,1.0,0.0,321.0,1,1,1,1,1
5675,6782259,767.0,76699.99999995649,1,1,0,1.0,0.0,767.0,1,1,1,1,1
5676,6782263,16158.0,1615799.9999990833,1,1,0,1.0,0.0,16158.0,1,1,1,1,1
5677,6782267,1050.0,104999.99999994044,1,1,0,1.0,0.0,1050.0,1,1,1,1,1
5678,6782275,20.0,1999.9999999988654,1,1,0,1.0,0.0,20.0,1,1,1,1,1
5679,6782279,542.0,54199.99999996925,1,1,0,1.0,0.0,542.0,1,1,1,1,1
5680,6782283,711.0,71099.99999995966,1,1,0,1.0,0.0,711.0,1,1,1,1,1
5681,6782313,17.0,1699.9999999990355,1,1,0,1.0,0.0,17.0,1,1,1,1,1
5682,6782315,43.0,4299.999999997561,1,1,0,1.0,0.0,43.0,1,1,1,1,1
5683,7687027,99.0,9899.999999994383,1,1,0,1.0,0.0,99.0,1,1,1,1,1
5684,7687029,173.0,17299.999999990185,1,1,0,1.0,0.0,173.0,1,1,1,1,1
5685,7687147,427.0,42699.99999997578,1,1,0,1.0,0.0,427.0,1,1,1,1,1
5686,7687155,109.0,10899.999999993817,1,1,0,1.0,0.0,109.0,1,1,1,1,1
5687,7687161,21.0,2099.9999999988086,1,1,0,1.0,0.0,21.0,1,1,1,1,1
5688,7687595,58.0,5799.999999996709,1,1,0,1.0,0.0,58.0,1,1,1,1,1
5689,7687601,1868.0,186799.99999989403,1,1,0,1.0,0.0,1868.0,1,1,1,1,1
5690,7687603,29.0,2899.9999999983547,1,1,0,1.0,0.0,29.0,1,1,1,1,1
5691,7687607,338.0,33799.99999998083,1,1,0,1.0,0.0,338.0,1,1,1,1,1
5692,7687621,1015.0,101499.99999994242,1,1,0,1.0,0.0,1015.0,1,1,1,1,1
5693,7687623,92.0,9199.999999994781,1,1,0,1.0,0.0,92.0,1,1,1,1,1
5694,7687627,9.0,899.9999999994894,1,1,0,1.0,0.0,9.0,1,1,1,1,1
5695,7687629,1269.0,126899.99999992801,1,1,0,1.0,0.0,1269.0,1,1,1,1,1
5696,7687635,164.0,16399.999999990698,1,1,0,1.0,0.0,164.0,1,1,1,1,1
5697,7687637,101.0,10099.99999999427,1,1,0,1.0,0.0,101.0,1,1,1,1,1
5698,7687645,222.0,22199.999999987405,1,1,0,1.0,0.0,222.0,1,1,1,1,1
5699,7687649,51.0,5099.999999997107,1,1,0,1.0,0.0,51.0,1,1,1,1,1
5700,7687663,281.0,28099.99999998406,1,1,0,1.0,0.0,281.0,1,1,1,1,1
5701,7687667,100.0,9999.999999994327,1,1,0,1.0,0.0,100.0,1,1,1,1,1
5702,7687671,145.0,14499.999999991775,1,1,0,1.0,0.0,145.0,1,1,1,1,1
5703,7687679,68.0,6799.999999996142,1,1,0,1.0,0.0,68.0,1,1,1,1,1
5704,7687681,130.0,12999.999999992626,1,1,0,1.0,0.0,130.0,1,1,1,1,1
5705,7687751,116.0,11599.999999993419,1,1,0,1.0,0.0,116.0,1,1,1,1,1
5706,7687763,18.0,1799.9999999989789,1,1,0,1.0,0.0,18.0,1,1,1,1,1
5707,7687767,27.0,2699.9999999984684,1,1,0,1.0,0.0,27.0,1,1,1,1,1
5708,7687769,139.0,13899.999999992115,1,1,0,1.0,0.0,139.0,1,1,1,1,1
5709,7687771,665.0,66499.99999996228,1,1,0,1.0,0.0,665.0,1,1,1,1,1
5710,7687773,702.0,70199.99999996017,1,1,0,1.0,0.0,702.0,1,1,1,1,1
5711,7687783,148.0,14799.999999991604,1,1,0,1.0,0.0,148.0,1,1,1,1,1
5712,7687785,1.0,99.99999999994327,1,1,0,1.0,0.0,1.0,1,1,1,1,1
5713,7688173,8.0,799.9999999995462,1,1,0,1.0,0.0,8.0,1,1,1,1,1
5714,7688191,23.0,2299.9999999986953,1,1,0,1.0,0.0,23.0,1,1,1,1,1
5715,7688193,20.0,1999.9999999988654,1,1,0,1.0,0.0,20.0,1,1,1,1,1
5716,7688195,346.0,34599.99999998037,1,1,0,1.0,0.0,346.0,1,1,1,1,1
5717,7688203,134.0,13399.999999992398,1,1,0,1.0,0.0,134.0,1,1,1,1,1
5718,7688207,111.0,11099.999999993703,1,1,0,1.0,0.0,111.0,1,1,1,1,1
5719,7688209,629.0,62899.99999996432,1,1,0,1.0,0.0,629.0,1,1,1,1,1
5720,7688213,145.0,14499.999999991775,1,1,0,1.0,0.0,145.0,1,1,1,1,1
5721,7688215,532.0,53199.99999996982,1,1,0,1.0,0.0,532.0,1,1,1,1,1
5722,7688221,29.0,2899.9999999983547,1,1,0,1.0,0.0,29.0,1,1,1,1,1
5723,7688225,367.0,36699.99999997918,1,1,0,1.0,0.0,367.0,1,1,1,1,1
5724,7688227,236.0,23599.999999986612,1,1,0,1.0,0.0,236.0,1,1,1,1,1
5725,7688231,31.0,3099.9999999982415,1,1,0,1.0,0.0,31.0,1,1,1,1,1
5726,7688251,150.0,14999.99999999149,1,1,0,1.0,0.0,150.0,1,1,1,1,1
5727,7688265,9.0,899.9999999994894,1,1,0,1.0,0.0,9.0,1,1,1,1,1
5728,7688279,321.0,32099.99999998179,1,1,0,1.0,0.0,321.0,1,1,1,1,1
5729,7688291,6.0,599.9999999996596,1,1,0,1.0,0.0,6.0,1,1,1,1,1
5730,7688293,321.0,32099.99999998179,1,1,0,1.0,0.0,321.0,1,1,1,1,1
5731,7688297,365.0,36499.99999997929,1,1,0,1.0,0.0,365.0,1,1,1,1,1
5732,7688317,101.0,10099.99999999427,1,1,0,1.0,0.0,101.0,1,1,1,1,1
5733,7688555,556.0,55599.99999996846,1,1,0,1.0,0.0,556.0,1,1,1,1,1
5734,7688559,9.0,899.9999999994894,1,1,0,1.0,0.0,9.0,1,1,1,1,1
5735,7688561,1045.0,104499.99999994072,1,1,0,1.0,0.0,1045.0,1,1,1,1,1
5736,7688563,659.0,65899.99999996262,1,1,0,1.0,0.0,659.0,1,1,1,1,1
5737,7688567,372.0,37199.9999999789,1,1,0,1.0,0.0,372.0,1,1,1,1,1
5738,7688573,43.0,4299.999999997561,1,1,0,1.0,0.0,43.0,1,1,1,1,1
5739,7688575,14.0,1399.9999999992058,1,1,0,1.0,0.0,14.0,1,1,1,1,1
5740,7688581,291.0,29099.99999998349,1,1,0,1.0,0.0,291.0,1,1,1,1,1
5741,7688585,84.0,8399.999999995234,1,1,0,1.0,0.0,84.0,1,1,1,1,1
5742,7688595,103.0,10299.999999994157,1,1,0,1.0,0.0,103.0,1,1,1,1,1
5743,7688605,301.0,30099.999999982923,1,1,0,1.0,0.0,301.0,1,1,1,1,1
5744,7688621,151.0,15099.999999991434,1,1,0,1.0,0.0,151.0,1,1,1,1,1
5745,7688623,13.0,1299.9999999992624,1,1,0,1.0,0.0,13.0,1,1,1,1,1
5746,7688639,1738.0,173799.9999999014,1,1,0,1.0,0.0,1738.0,1,1,1,1,1
5747,7688649,136.0,13599.999999992284,1,1,0,1.0,0.0,136.0,1,1,1,1,1
5748,7688657,315.0,31499.99999998213,1,1,0,1.0,0.0,315.0,1,1,1,1,1
5749,7688661,177.0,17699.99999998996,1,1,0,1.0,0.0,177.0,1,1,1,1,1
5750,7689969,1.0,99.99999999994327,1,1,0,1.0,0.0,1.0,1,1,1,1,1
5751,7689971,686.0,68599.99999996109,1,1,0,1.0,0.0,686.0,1,1,1,1,1
5752,7689979,208.0,20799.9999999882,1,1,0,1.0,0.0,208.0,1,1,1,1,1
5753,7689981,88.0,8799.999999995009,1,1,0,1.0,0.0,88.0,1,1,1,1,1
5754,7689985,17.0,1699.9999999990355,1,1,0,1.0,0.0,17.0,1,1,1,1,1
5755,7689989,47.0,4699.999999997333,1,1,0,1.0,0.0,47.0,1,1,1,1,1
5756,7689991,18.0,1799.9999999989789,1,1,0,1.0,0.0,18.0,1,1,1,1,1
5757,7689993,82.0,8199.999999995349,1,1,0,1.0,0.0,82.0,1,1,1,1,1
5758,7689995,131.0,13099.999999992568,1,1,0,1.0,0.0,131.0,1,1,1,1,1
5759,7690001,202.0,20199.99999998854,1,1,0,1.0,0.0,202.0,1,1,1,1,1
5760,7690005,70.0,6999.999999996029,1,1,0,1.0,0.0,70.0,1,1,1,1,1
5761,7690009,327.0,32699.99999998145,1,1,0,1.0,0.0,327.0,1,1,1,1,1
5762,7690013,124.0,12399.999999992966,1,1,0,1.0,0.0,124.0,1,1,1,1,1
5763,7690019,183.0,18299.999999989617,1,1,0,1.0,0.0,183.0,1,1,1,1,1
5764,7690023,32.0,3199.9999999981846,1,1,0,1.0,0.0,32.0,1,1,1,1,1
5765,7690031,1201.0,120099.99999993187,1,1,0,1.0,0.0,1201.0,1,1,1,1,1
5766,7690033,1.0,99.99999999994327,1,1,0,1.0,0.0,1.0,1,1,1,1,1
5767,7690037,83.0,8299.99999999529,1,1,0,1.0,0.0,83.0,1,1,1,1,1
5768,7690041,100.0,9999.999999994327,1,1,0,1.0,0.0,100.0,1,1,1,1,1
5769,7690043,67.0,6699.999999996199,1,1,0,1.0,0.0,67.0,1,1,1,1,1
5770,7690045,58.0,5799.999999996709,1,1,0,1.0,0.0,58.0,1,1,1,1,1
5771,7690053,498.0,49799.99999997175,1,1,0,1.0,0.0,498.0,1,1,1,1,1
5772,7690055,35.0,3499.9999999980146,1,1,0,1.0,0.0,35.0,1,1,1,1,1
5773,7690061,309.0,30899.999999982472,1,1,0,1.0,0.0,309.0,1,1,1,1,1
5774,7690065,379.0,37899.9999999785,1,1,0,1.0,0.0,379.0,1,1,1,1,1
5775,7690069,381.0,38099.99999997838,1,1,0,1.0,0.0,381.0,1,1,1,1,1
5776,7690071,18.0,1799.9999999989789,1,1,0,1.0,0.0,18.0,1,1,1,1,1
5777,7690077,248.0,24799.999999985932,1,1,0,1.0,0.0,248.0,1,1,1,1,1
5778,7690081,113.0,11299.99999999359,1,1,0,1.0,0.0,113.0,1,1,1,1,1
5779,7690089,97.0,9699.999999994498,1,1,0,1.0,0.0,97.0,1,1,1,1,1
5780,7690091,1163.0,116299.99999993402,1,1,0,1.0,0.0,1163.0,1,1,1,1,1
5781,7690095,1165.0,116499.9999999339,1,1,0,1.0,0.0,1165.0,1,1,1,1,1
5782,7690097,170.0,16999.999999990356,1,1,0,1.0,0.0,170.0,1,1,1,1,1
5783,7690101,1172.0,117199.99999993351,1,1,0,1.0,0.0,1172.0,1,1,1,1,1
5784,7690103,238.0,23799.9999999865,1,1,0,1.0,0.0,238.0,1,1,1,1,1
5785,7690105,2359.0,235899.99999986618,1,1,0,1.0,0.0,2359.0,1,1,1,1,1
5786,7690107,335.0,33499.999999980995,1,1,0,1.0,0.0,335.0,1,1,1,1,1
5787,7690113,123.0,12299.999999993022,1,1,0,1.0,0.0,123.0,1,1,1,1,1
5788,7690115,341.0,34099.99999998065,1,1,0,1.0,0.0,341.0,1,1,1,1,1
5789,7690119,106.0,10599.999999993986,1,1,0,1.0,0.0,106.0,1,1,1,1,1
5790,7690129,491.0,49099.99999997215,1,1,0,1.0,0.0,491.0,1,1,1,1,1
5791,7690133,16.0,1599.9999999990923,1,1,0,1.0,0.0,16.0,1,1,1,1,1
5792,7690135,138.0,13799.999999992171,1,1,0,1.0,0.0,138.0,1,1,1,1,1
5793,7690137,2626.0,262599.99999985105,1,1,0,1.0,0.0,2626.0,1,1,1,1,1
5794,7690139,552.0,55199.999999968684,1,1,0,1.0,0.0,552.0,1,1,1,1,1
5795,7690143,120.0,11999.999999993193,1,1,0,1.0,0.0,120.0,1,1,1,1,1
5796,7690145,457.0,45699.999999974076,1,1,0,1.0,0.0,457.0,1,1,1,1,1
5797,7690147,1200.0,119999.99999993193,1,1,0,1.0,0.0,1200.0,1,1,1,1,1
5798,7690149,74.0,7399.999999995802,1,1,0,1.0,0.0,74.0,1,1,1,1,1
5799,7690153,1949.0,194899.99999988943,1,1,0,1.0,0.0,1949.0,1,1,1,1,1
5800,7690157,186.0,18599.99999998945,1,1,0,1.0,0.0,186.0,1,1,1,1,1
5801,7690159,365.0,36499.99999997929,1,1,0,1.0,0.0,365.0,1,1,1,1,1
5802,7690161,547.0,54699.99999996897,1,1,0,1.0,0.0,547.0,1,1,1,1,1
5803,7690163,610.0,60999.999999965396,1,1,0,1.0,0.0,610.0,1,1,1,1,1
5804,7690165,273.0,27299.999999984513,1,1,0,1.0,0.0,273.0,1,1,1,1,1
5805,7690167,129.0,12899.999999992682,1,1,0,1.0,0.0,129.0,1,1,1,1,1
5806,7690169,987.0,98699.999999944,1,1,0,1.0,0.0,987.0,1,1,1,1,1
5807,7690171,107.0,10699.99999999393,1,1,0,1.0,0.0,107.0,1,1,1,1,1
5808,7690173,870.0,86999.99999995064,1,1,0,1.0,0.0,870.0,1,1,1,1,1
5809,7690175,1069.0,106899.99999993936,1,1,0,1.0,0.0,1069.0,1,1,1,1,1
5810,7690177,31.0,3099.9999999982415,1,1,0,1.0,0.0,31.0,1,1,1,1,1
5811,7690179,195.0,19499.999999988937,1,1,0,1.0,0.0,195.0,1,1,1,1,1
5812,7690181,115.0,11499.999999993475,1,1,0,1.0,0.0,115.0,1,1,1,1,1
5813,7690185,16.0,1599.9999999990923,1,1,0,1.0,0.0,16.0,1,1,1,1,1
5814,7690187,5.0,499.99999999971635,1,1,0,1.0,0.0,5.0,1,1,1,1,1
5815,7690189,378.0,37799.99999997856,1,1,0,1.0,0.0,378.0,1,1,1,1,1
5816,7690193,385.0,38499.99999997816,1,1,0,1.0,0.0,385.0,1,1,1,1,1
5817,7690195,57.0,5699.999999996767,1,1,0,1.0,0.0,57.0,1,1,1,1,1
5818,7690197,688.0,68799.99999996097,1,1,0,1.0,0.0,688.0,1,1,1,1,1
5819,7690199,625.0,62499.999999964544,1,1,0,1.0,0.0,625.0,1,1,1,1,1
5820,7690203,249.0,24899.999999985874,1,1,0,1.0,0.0,249.0,1,1,1,1,1
5821,7690205,178.0,17799.9999999899,1,1,0,1.0,0.0,178.0,1,1,1,1,1
5822,7690209,403.0,40299.99999997714,1,1,0,1.0,0.0,403.0,1,1,1,1,1
5823,7690213,319.0,31899.999999981905,1,1,0,1.0,0.0,319.0,1,1,1,1,1
5824,7690217,425.0,42499.99999997589,1,1,0,1.0,0.0,425.0,1,1,1,1,1
5825,7690219,385.0,38499.99999997816,1,1,0,1.0,0.0,385.0,1,1,1,1,1
5826,7690221,28.0,2799.9999999984116,1,1,0,1.0,0.0,28.0,1,1,1,1,1
5827,7690225,249.0,24899.999999985874,1,1,0,1.0,0.0,249.0,1,1,1,1,1
5828,7690227,1203.0,120299.99999993175,1,1,0,1.0,0.0,1203.0,1,1,1,1,1
5829,7690231,541.0,54099.99999996931,1,1,0,1.0,0.0,541.0,1,1,1,1,1
5830,7690233,200.0,19999.999999988653,1,1,0,1.0,0.0,200.0,1,1,1,1,1
5831,7690235,97.0,9699.999999994498,1,1,0,1.0,0.0,97.0,1,1,1,1,1
5832,7690243,4.0,399.9999999997731,1,1,0,1.0,0.0,4.0,1,1,1,1,1
5833,7690245,582.0,58199.99999996698,1,1,0,1.0,0.0,582.0,1,1,1,1,1
5834,7690247,44.0,4399.999999997504,1,1,0,1.0,0.0,44.0,1,1,1,1,1
5835,7690249,480.0,47999.99999997277,1,1,0,1.0,0.0,480.0,1,1,1,1,1
5836,7690253,73.0,7299.999999995859,1,1,0,1.0,0.0,73.0,1,1,1,1,1
5837,7690255,243.0,24299.999999986216,1,1,0,1.0,0.0,243.0,1,1,1,1,1
5838,7690257,246.0,24599.999999986045,1,1,0,1.0,0.0,246.0,1,1,1,1,1
5839,7690259,98.0,9799.999999994441,1,1,0,1.0,0.0,98.0,1,1,1,1,1
5840,7690261,1425.0,142499.99999991915,1,1,0,1.0,0.0,1425.0,1,1,1,1,1
5841,7690263,2.0,199.99999999988654,1,1,0,1.0,0.0,2.0,1,1,1,1,1
5842,7690267,1.0,99.99999999994327,1,1,0,1.0,0.0,1.0,1,1,1,1,1
5843,7690269,128.0,12799.999999992739,1,1,0,1.0,0.0,128.0,1,1,1,1,1
5844,7690275,110.0,10999.999999993759,1,1,0,1.0,0.0,110.0,1,1,1,1,1
5845,7690277,2.0,199.99999999988654,1,1,0,1.0,0.0,2.0,1,1,1,1,1
5846,7690279,3.0,299.9999999998298,1,1,0,1.0,0.0,3.0,1,1,1,1,1
5847,7690281,783.0,78299.99999995559,1,1,0,1.0,0.0,783.0,1,1,1,1,1
5848,7690283,241.0,24099.99999998633,1,1,0,1.0,0.0,241.0,1,1,1,1,1
5849,7690285,87.0,8699.999999995065,1,1,0,1.0,0.0,87.0,1,1,1,1,1
5850,7690287,36.0,3599.9999999979577,1,1,0,1.0,0.0,36.0,1,1,1,1,1
5851,7690289,199.0,19899.99999998871,1,1,0,1.0,0.0,199.0,1,1,1,1,1
5852,7690293,25.0,2499.9999999985816,1,1,0,1.0,0.0,25.0,1,1,1,1,1
5853,7690299,816.0,81599.99999995371,1,1,0,1.0,0.0,816.0,1,1,1,1,1
5854,7690301,2149.0,214899.99999987808,1,1,0,1.0,0.0,2149.0,1,1,1,1,1
5855,7690307,50.0,4999.999999997163,1,1,0,1.0,0.0,50.0,1,1,1,1,1
5856,7690309,36.0,3599.9999999979577,1,1,0,1.0,0.0,36.0,1,1,1,1,1
5857,7690311,3142.0,314199.99999982177,1,1,0,1.0,0.0,3142.0,1,1,1,1,1
5858,7690315,96.0,9599.999999994554,1,1,0,1.0,0.0,96.0,1,1,1,1,1
5859,7690317,138.0,13799.999999992171,1,1,0,1.0,0.0,138.0,1,1,1,1,1
5860,7690321,77.0,7699.999999995632,1,1,0,1.0,0.0,77.0,1,1,1,1,1
5861,7690323,474.0,47399.99999997311,1,1,0,1.0,0.0,474.0,1,1,1,1,1
5862,7690325,331.0,33099.99999998122,1,1,0,1.0,0.0,331.0,1,1,1,1,1
5863,7690329,138.0,13799.999999992171,1,1,0,1.0,0.0,138.0,1,1,1,1,1
5864,7690331,14.0,1399.9999999992058,1,1,0,1.0,0.0,14.0,1,1,1,1,1
5865,7690333,476.0,47599.999999973,1,1,0,1.0,0.0,476.0,1,1,1,1,1
5866,7690337,1205.0,120499.99999993164,1,1,0,1.0,0.0,1205.0,1,1,1,1,1
5867,7690339,441.0,44099.999999974985,1,1,0,1.0,0.0,441.0,1,1,1,1,1
5868,7690341,675.0,67499.99999996171,1,1,0,1.0,0.0,675.0,1,1,1,1,1
5869,7690343,378.0,37799.99999997856,1,1,0,1.0,0.0,378.0,1,1,1,1,1
5870,7690345,685.0,68499.99999996115,1,1,0,1.0,0.0,685.0,1,1,1,1,1
5871,7690347,192.0,19199.999999989108,1,1,0,1.0,0.0,192.0,1,1,1,1,1
5872,7690351,120.0,11999.999999993193,1,1,0,1.0,0.0,120.0,1,1,1,1,1
5873,7690353,93.0,9299.999999994725,1,1,0,1.0,0.0,93.0,1,1,1,1,1
5874,7690363,168.0,16799.99999999047,1,1,0,1.0,0.0,168.0,1,1,1,1,1
5875,7690371,788.0,78799.9999999553,1,1,0,1.0,0.0,788.0,1,1,1,1,1
5876,7690373,5584.0,558399.9999996832,1,1,0,1.0,0.0,5584.0,1,1,1,1,1
5877,7690375,80.0,7999.999999995462,1,1,0,1.0,0.0,80.0,1,1,1,1,1
5878,7690377,1224.0,122399.99999993056,1,1,0,1.0,0.0,1224.0,1,1,1,1,1
5879,7690379,794.0,79399.99999995496,1,1,0,1.0,0.0,794.0,1,1,1,1,1
5880,7690381,166.0,16599.99999999058,1,1,0,1.0,0.0,166.0,1,1,1,1,1
5881,7690383,561.0,56099.999999968175,1,1,0,1.0,0.0,561.0,1,1,1,1,1
5882,7690387,188.0,18799.999999989333,1,1,0,1.0,0.0,188.0,1,1,1,1,1
5883,7690389,24.0,2399.9999999986385,1,1,0,1.0,0.0,24.0,1,1,1,1,1
5884,7690391,133.0,13299.999999992455,1,1,0,1.0,0.0,133.0,1,1,1,1,1
5885,7690395,30.0,2999.9999999982983,1,1,0,1.0,0.0,30.0,1,1,1,1,1
5886,7690397,877.0,87699.99999995025,1,1,0,1.0,0.0,877.0,1,1,1,1,1
5887,7690399,5371.0,537099.9999996953,1,1,0,1.0,0.0,5371.0,1,1,1,1,1
5888,7690401,131.0,13099.999999992568,1,1,0,1.0,0.0,131.0,1,1,1,1,1
5889,7690403,3405.0,340499.9999998068,1,1,0,1.0,0.0,3405.0,1,1,1,1,1
5890,7690405,215.0,21499.999999987802,1,1,0,1.0,0.0,215.0,1,1,1,1,1
5891,7690409,675.0,67499.99999996171,1,1,0,1.0,0.0,675.0,1,1,1,1,1
5892,7690411,9.0,899.9999999994894,1,1,0,1.0,0.0,9.0,1,1,1,1,1
5893,7690413,926.0,92599.99999994747,1,1,0,1.0,0.0,926.0,1,1,1,1,1
5894,7690415,1250.0,124999.99999992909,1,1,0,1.0,0.0,1250.0,1,1,1,1,1
5895,7690417,148.0,14799.999999991604,1,1,0,1.0,0.0,148.0,1,1,1,1,1
5896,7690419,521.0,52099.999999970445,1,1,0,1.0,0.0,521.0,1,1,1,1,1
5897,7690421,130.0,12999.999999992626,1,1,0,1.0,0.0,130.0,1,1,1,1,1
5898,7690423,256.0,25599.999999985477,1,1,0,1.0,0.0,256.0,1,1,1,1,1
5899,7690425,1.0,99.99999999994327,1,1,0,1.0,0.0,1.0,1,1,1,1,1
5900,7690427,101.0,10099.99999999427,1,1,0,1.0,0.0,101.0,1,1,1,1,1
5901,7690429,299.0,29899.999999983036,1,1,0,1.0,0.0,299.0,1,1,1,1,1
5902,7690431,467.0,46699.99999997351,1,1,0,1.0,0.0,467.0,1,1,1,1,1
5903,7690433,10071.0,1007099.9999994286,1,1,0,1.0,0.0,10071.0,1,1,1,1,1
5904,7690435,2071.0,207099.9999998825,1,1,0,1.0,0.0,2071.0,1,1,1,1,1
5905,7690437,15.0,1499.9999999991492,1,1,0,1.0,0.0,15.0,1,1,1,1,1
5906,7690439,871.0,87099.99999995058,1,1,0,1.0,0.0,871.0,1,1,1,1,1
5907,7690441,36.0,3599.9999999979577,1,1,0,1.0,0.0,36.0,1,1,1,1,1
5908,7690445,361.0,36099.99999997952,1,1,0,1.0,0.0,361.0,1,1,1,1,1
5909,7690449,29.0,2899.9999999983547,1,1,0,1.0,0.0,29.0,1,1,1,1,1
5910,7690453,333.0,33299.99999998111,1,1,0,1.0,0.0,333.0,1,1,1,1,1
5911,7690457,60.0,5999.999999996597,1,1,0,1.0,0.0,60.0,1,1,1,1,1
5912,7690459,435.0,43499.99999997532,1,1,0,1.0,0.0,435.0,1,1,1,1,1
5913,7690465,3889.0,388899.9999997794,1,1,0,1.0,0.0,3889.0,1,1,1,1,1
5914,7690467,973.0,97299.9999999448,1,1,0,1.0,0.0,973.0,1,1,1,1,1
5915,7690469,446.0,44599.9999999747,1,1,0,1.0,0.0,446.0,1,1,1,1,1
5916,7690471,926.0,92599.99999994747,1,1,0,1.0,0.0,926.0,1,1,1,1,1
5917,7690475,276.0,27599.999999984342,1,1,0,1.0,0.0,276.0,1,1,1,1,1
5918,7690477,340.0,33999.99999998071,1,1,0,1.0,0.0,340.0,1,1,1,1,1
5919,7690479,290.0,28999.99999998355,1,1,0,1.0,0.0,290.0,1,1,1,1,1
5920,7690481,15.0,1499.9999999991492,1,1,0,1.0,0.0,15.0,1,1,1,1,1
5921,7690485,9.0,899.9999999994894,1,1,0,1.0,0.0,9.0,1,1,1,1,1
5922,7690487,1173.0,117299.99999993345,1,1,0,1.0,0.0,1173.0,1,1,1,1,1
5923,7690491,423.0,42299.999999976004,1,1,0,1.0,0.0,423.0,1,1,1,1,1
5924,7690493,512.0,51199.999999970954,1,1,0,1.0,0.0,512.0,1,1,1,1,1
5925,7690497,160.0,15999.999999990923,1,1,0,1.0,0.0,160.0,1,1,1,1,1
5926,7690499,221.0,22099.999999987464,1,1,0,1.0,0.0,221.0,1,1,1,1,1
5927,7690501,86.0,8599.999999995121,1,1,0,1.0,0.0,86.0,1,1,1,1,1
5928,7690503,318.0,31799.99999998196,1,1,0,1.0,0.0,318.0,1,1,1,1,1
5929,7690511,18.0,1799.9999999989789,1,1,0,1.0,0.0,18.0,1,1,1,1,1
5930,7690513,146.0,14599.999999991718,1,1,0,1.0,0.0,146.0,1,1,1,1,1
5931,7690517,31.0,3099.9999999982415,1,1,0,1.0,0.0,31.0,1,1,1,1,1
5932,7690521,62.0,6199.999999996483,1,1,0,1.0,0.0,62.0,1,1,1,1,1
5933,7690523,4.0,399.9999999997731,1,1,0,1.0,0.0,4.0,1,1,1,1,1
5934,7690525,5740.0,573999.9999996744,1,1,0,1.0,0.0,5740.0,1,1,1,1,1
5935,7690527,665.0,66499.99999996228,1,1,0,1.0,0.0,665.0,1,1,1,1,1
5936,7690529,9.0,899.9999999994894,1,1,0,1.0,0.0,9.0,1,1,1,1,1
5937,7690531,229.0,22899.99999998701,1,1,0,1.0,0.0,229.0,1,1,1,1,1
5938,7690533,19.0,1899.9999999989222,1,1,0,1.0,0.0,19.0,1,1,1,1,1
5939,7690535,1771.0,177099.99999989953,1,1,0,1.0,0.0,1771.0,1,1,1,1,1
5940,7690539,97.0,9699.999999994498,1,1,0,1.0,0.0,97.0,1,1,1,1,1
5941,7690541,639.0,63899.99999996375,1,1,0,1.0,0.0,639.0,1,1,1,1,1
5942,7690543,934.0,93399.99999994702,1,1,0,1.0,0.0,934.0,1,1,1,1,1
5943,7690545,932.0,93199.99999994713,1,1,0,1.0,0.0,932.0,1,1,1,1,1
5944,7690547,588.0,58799.99999996664,1,1,0,1.0,0.0,588.0,1,1,1,1,1
5945,7690549,617.0,61699.999999964995,1,1,0,1.0,0.0,617.0,1,1,1,1,1
5946,7690551,64.0,6399.999999996369,1,1,0,1.0,0.0,64.0,1,1,1,1,1
5947,7690553,51.0,5099.999999997107,1,1,0,1.0,0.0,51.0,1,1,1,1,1
5948,7690555,409.0,40899.9999999768,1,1,0,1.0,0.0,409.0,1,1,1,1,1
5949,7690557,841.0,84099.99999995228,1,1,0,1.0,0.0,841.0,1,1,1,1,1
5950,7690559,3311.0,331099.99999981216,1,1,0,1.0,0.0,3311.0,1,1,1,1,1
5951,7690563,1513.0,151299.99999991417,1,1,0,1.0,0.0,1513.0,1,1,1,1,1
5952,7690565,3938.0,393799.9999997766,1,1,0,1.0,0.0,3938.0,1,1,1,1,1
5953,7690573,1939.0,193899.99999989,1,1,0,1.0,0.0,1939.0,1,1,1,1,1
5954,7690575,359.0,35899.999999979635,1,1,0,1.0,0.0,359.0,1,1,1,1,1
5955,7690577,2182.0,218199.99999987622,1,1,0,1.0,0.0,2182.0,1,1,1,1,1
5956,7690581,229.0,22899.99999998701,1,1,0,1.0,0.0,229.0,1,1,1,1,1
5957,7690583,570.0,56999.999999967666,1,1,0,1.0,0.0,570.0,1,1,1,1,1
5958,7690585,80.0,7999.999999995462,1,1,0,1.0,0.0,80.0,1,1,1,1,1
5959,7690587,40.0,3999.999999997731,1,1,0,1.0,0.0,40.0,1,1,1,1,1
5960,7690589,1806.0,180599.99999989755,1,1,0,1.0,0.0,1806.0,1,1,1,1,1
5961,7690591,8.0,799.9999999995462,1,1,0,1.0,0.0,8.0,1,1,1,1,1
5962,7690593,636.0,63599.99999996392,1,1,0,1.0,0.0,636.0,1,1,1,1,1
5963,7690597,64.0,6399.999999996369,1,1,0,1.0,0.0,64.0,1,1,1,1,1
5964,7690599,1513.0,151299.99999991417,1,1,0,1.0,0.0,1513.0,1,1,1,1,1
5965,7690603,29.0,2899.9999999983547,1,1,0,1.0,0.0,29.0,1,1,1,1,1
5966,7690605,58.0,5799.999999996709,1,1,0,1.0,0.0,58.0,1,1,1,1,1
5967,7690607,372.0,37199.9999999789,1,1,0,1.0,0.0,372.0,1,1,1,1,1
5968,7690609,3899.0,389899.9999997788,1,1,0,1.0,0.0,3899.0,1,1,1,1,1
5969,7690613,392.0,39199.999999977765,1,1,0,1.0,0.0,392.0,1,1,1,1,1
5970,7690615,721.0,72099.9999999591,1,1,0,1.0,0.0,721.0,1,1,1,1,1
5971,7690619,700.0,69999.99999996029,1,1,0,1.0,0.0,700.0,1,1,1,1,1
5972,7690621,153.0,15299.99999999132,1,1,0,1.0,0.0,153.0,1,1,1,1,1
5973,7690623,2129.0,212899.99999987922,1,1,0,1.0,0.0,2129.0,1,1,1,1,1
5974,7690625,8104.0,810399.9999995403,1,1,0,1.0,0.0,8104.0,1,1,1,1,1
5975,7690629,445.0,44499.99999997475,1,1,0,1.0,0.0,445.0,1,1,1,1,1
5976,7690631,108.0,10799.999999993874,1,1,0,1.0,0.0,108.0,1,1,1,1,1
5977,7690635,208.0,20799.9999999882,1,1,0,1.0,0.0,208.0,1,1,1,1,1
5978,7690637,1729.0,172899.99999990192,1,1,0,1.0,0.0,1729.0,1,1,1,1,1
5979,7690641,3.0,299.9999999998298,1,1,0,1.0,0.0,3.0,1,1,1,1,1
5980,7690643,4516.0,451599.9999997438,1,1,0,1.0,0.0,4516.0,1,1,1,1,1
5981,7690645,5220.0,521999.9999997039,1,1,0,1.0,0.0,5220.0,1,1,1,1,1
5982,7690647,4376.0,437599.99999975174,1,1,0,1.0,0.0,4376.0,1,1,1,1,1
5983,7690649,1325.0,132499.99999992482,1,1,0,1.0,0.0,1325.0,1,1,1,1,1
5984,7690651,1738.0,173799.9999999014,1,1,0,1.0,0.0,1738.0,1,1,1,1,1
5985,7690653,63.0,6299.999999996426,1,1,0,1.0,0.0,63.0,1,1,1,1,1
5986,7690655,622.0,62199.99999996471,1,1,0,1.0,0.0,622.0,1,1,1,1,1
5987,7690657,1768.0,176799.9999998997,1,1,0,1.0,0.0,1768.0,1,1,1,1,1
5988,7690659,25.0,2499.9999999985816,1,1,0,1.0,0.0,25.0,1,1,1,1,1
5989,7690661,7617.0,761699.9999995679,1,1,0,1.0,0.0,7617.0,1,1,1,1,1
5990,7690663,4827.0,482699.9999997262,1,1,0,1.0,0.0,4827.0,1,1,1,1,1
5991,7690667,749.0,74899.99999995751,1,1,0,1.0,0.0,749.0,1,1,1,1,1
5992,7690669,1256.0,125599.99999992875,1,1,0,1.0,0.0,1256.0,1,1,1,1,1
5993,7690671,2850.0,284999.9999998383,1,1,0,1.0,0.0,2850.0,1,1,1,1,1
5994,7690673,5705.0,570499.9999996764,1,1,0,1.0,0.0,5705.0,1,1,1,1,1
5995,7690675,1166.0,116599.99999993385,1,1,0,1.0,0.0,1166.0,1,1,1,1,1
5996,7690677,452.0,45199.99999997436,1,1,0,1.0,0.0,452.0,1,1,1,1,1
5997,7690679,323.0,32299.999999981676,1,1,0,1.0,0.0,323.0,1,1,1,1,1
5998,7690681,927.0,92699.99999994741,1,1,0,1.0,0.0,927.0,1,1,1,1,1
5999,7690683,34.0,3399.999999998071,1,1,0,1.0,0.0,34.0,1,1,1,1,1
6000,7690691,1152.0,115199.99999993465,1,1,0,1.0,0.0,1152.0,1,1,1,1,1
6001,7690695,3546.0,354599.99999979883,1,1,0,1.0,0.0,3546.0,1,1,1,1,1
6002,7690697,5330.0,532999.9999996977,1,1,0,1.0,0.0,5330.0,1,1,1,1,1
6003,7690699,3722.0,372199.9999997889,1,1,0,1.0,0.0,3722.0,1,1,1,1,1
6004,7690701,106.0,10599.999999993986,1,1,0,1.0,0.0,106.0,1,1,1,1,1
6005,7690703,1066.0,106599.99999993952,1,1,0,1.0,0.0,1066.0,1,1,1,1,1
6006,7690705,1234.0,123399.99999992999,1,1,0,1.0,0.0,1234.0,1,1,1,1,1
6007,7690709,195.0,19499.999999988937,1,1,0,1.0,0.0,195.0,1,1,1,1,1
6008,7690711,1112.0,111199.99999993692,1,1,0,1.0,0.0,1112.0,1,1,1,1,1
6009,7690713,589.0,58899.99999996659,1,1,0,1.0,0.0,589.0,1,1,1,1,1
6010,7690717,175.0,17499.999999990072,1,1,0,1.0,0.0,175.0,1,1,1,1,1
6011,7690721,2840.0,283999.9999998389,1,1,0,1.0,0.0,2840.0,1,1,1,1,1
6012,7690723,27.0,2699.9999999984684,1,1,0,1.0,0.0,27.0,1,1,1,1,1
6013,7690729,9491.0,949099.9999994616,1,1,0,1.0,0.0,9491.0,1,1,1,1,1
6014,7690733,895.0,89499.99999994923,1,1,0,1.0,0.0,895.0,1,1,1,1,1
6015,7690737,3617.0,361699.9999997948,1,1,0,1.0,0.0,3617.0,1,1,1,1,1
6016,7690739,1213.0,121299.99999993118,1,1,0,1.0,0.0,1213.0,1,1,1,1,1
6017,7690741,795.0,79499.9999999549,1,1,0,1.0,0.0,795.0,1,1,1,1,1
6018,7690743,2188.0,218799.99999987587,1,1,0,1.0,0.0,2188.0,1,1,1,1,1
6019,7690745,699.0,69899.99999996035,1,1,0,1.0,0.0,699.0,1,1,1,1,1
6020,7690747,2694.0,269399.99999984715,1,1,0,1.0,0.0,2694.0,1,1,1,1,1
6021,7690749,1422.0,142199.99999991932,1,1,0,1.0,0.0,1422.0,1,1,1,1,1
6022,7690751,213.0,21299.99999998792,1,1,0,1.0,0.0,213.0,1,1,1,1,1
6023,7690753,2250.0,224999.99999987235,1,1,0,1.0,0.0,2250.0,1,1,1,1,1
6024,7690755,1.0,99.99999999994327,1,1,0,1.0,0.0,1.0,1,1,1,1,1
6025,7690757,685.0,68499.99999996115,1,1,0,1.0,0.0,685.0,1,1,1,1,1
6026,7690759,840.0,83999.99999995234,1,1,0,1.0,0.0,840.0,1,1,1,1,1
6027,7690761,2116.0,211599.99999987995,1,1,0,1.0,0.0,2116.0,1,1,1,1,1
6028,7690763,158.0,15799.999999991036,1,1,0,1.0,0.0,158.0,1,1,1,1,1
6029,7690765,2679.0,267899.999999848,1,1,0,1.0,0.0,2679.0,1,1,1,1,1
6030,7690767,935.0,93499.99999994696,1,1,0,1.0,0.0,935.0,1,1,1,1,1
6031,7690769,1810.0,180999.99999989732,1,1,0,1.0,0.0,1810.0,1,1,1,1,1
6032,7690771,1628.0,162799.99999990765,1,1,0,1.0,0.0,1628.0,1,1,1,1,1
6033,7690773,2964.0,296399.99999983184,1,1,0,1.0,0.0,2964.0,1,1,1,1,1
6034,7690775,480.0,47999.99999997277,1,1,0,1.0,0.0,480.0,1,1,1,1,1
6035,7690777,861.0,86099.99999995115,1,1,0,1.0,0.0,861.0,1,1,1,1,1
6036,7690779,1750.0,174999.99999990073,1,1,0,1.0,0.0,1750.0,1,1,1,1,1
6037,7690781,153.0,15299.99999999132,1,1,0,1.0,0.0,153.0,1,1,1,1,1
6038,7690783,991.0,99099.99999994379,1,1,0,1.0,0.0,991.0,1,1,1,1,1
6039,7690789,2235.0,223499.9999998732,1,1,0,1.0,0.0,2235.0,1,1,1,1,1
6040,7690791,568.0,56799.999999967775,1,1,0,1.0,0.0,568.0,1,1,1,1,1
6041,7690793,631.0,63099.9999999642,1,1,0,1.0,0.0,631.0,1,1,1,1,1
6042,7690795,8127.0,812699.999999539,1,1,0,1.0,0.0,8127.0,1,1,1,1,1
6043,7690797,254.0,25399.99999998559,1,1,0,1.0,0.0,254.0,1,1,1,1,1
6044,7690799,1108.0,110799.99999993715,1,1,0,1.0,0.0,1108.0,1,1,1,1,1
6045,7690801,2057.0,205699.9999998833,1,1,0,1.0,0.0,2057.0,1,1,1,1,1
6046,7690803,1047.0,104699.9999999406,1,1,0,1.0,0.0,1047.0,1,1,1,1,1
6047,7690805,45.0,4499.999999997447,1,1,0,1.0,0.0,45.0,1,1,1,1,1
6048,7690809,2613.0,261299.99999985177,1,1,0,1.0,0.0,2613.0,1,1,1,1,1
6049,7690811,425.0,42499.99999997589,1,1,0,1.0,0.0,425.0,1,1,1,1,1
6050,7690813,795.0,79499.9999999549,1,1,0,1.0,0.0,795.0,1,1,1,1,1
6051,7690815,5.0,499.99999999971635,1,1,0,1.0,0.0,5.0,1,1,1,1,1
6052,7690817,58.0,5799.999999996709,1,1,0,1.0,0.0,58.0,1,1,1,1,1
6053,7690821,14.0,1399.9999999992058,1,1,0,1.0,0.0,14.0,1,1,1,1,1
6054,7690825,4048.0,404799.99999977037,1,1,0,1.0,0.0,4048.0,1,1,1,1,1
6055,7691311,36.0,3599.9999999979577,1,1,0,1.0,0.0,36.0,1,1,1,1,1
6056,7691319,405.0,40499.99999997702,1,1,0,1.0,0.0,405.0,1,1,1,1,1
6057,7691323,38.0,3799.9999999978445,1,1,0,1.0,0.0,38.0,1,1,1,1,1
6058,7691325,76.0,7599.999999995689,1,1,0,1.0,0.0,76.0,1,1,1,1,1
6059,7691327,181.0,18099.999999989734,1,1,0,1.0,0.0,181.0,1,1,1,1,1
6060,7691329,345.0,34499.99999998043,1,1,0,1.0,0.0,345.0,1,1,1,1,1
6061,7691331,15.0,1499.9999999991492,1,1,0,1.0,0.0,15.0,1,1,1,1,1
6062,7691335,65.0,6499.999999996313,1,1,0,1.0,0.0,65.0,1,1,1,1,1
6063,7691339,21.0,2099.9999999988086,1,1,0,1.0,0.0,21.0,1,1,1,1,1
6064,7691343,368.0,36799.999999979125,1,1,0,1.0,0.0,368.0,1,1,1,1,1
6065,7691349,345.0,34499.99999998043,1,1,0,1.0,0.0,345.0,1,1,1,1,1
6066,7691351,98.0,9799.999999994441,1,1,0,1.0,0.0,98.0,1,1,1,1,1
6067,7691353,108.0,10799.999999993874,1,1,0,1.0,0.0,108.0,1,1,1,1,1
6068,7691355,403.0,40299.99999997714,1,1,0,1.0,0.0,403.0,1,1,1,1,1
6069,7691357,321.0,32099.99999998179,1,1,0,1.0,0.0,321.0,1,1,1,1,1
6070,7691365,122.0,12199.999999993079,1,1,0,1.0,0.0,122.0,1,1,1,1,1
6071,7691369,11.0,1099.999999999376,1,1,0,1.0,0.0,11.0,1,1,1,1,1
6072,7691371,340.0,33999.99999998071,1,1,0,1.0,0.0,340.0,1,1,1,1,1
6073,7691373,494.0,49399.99999997197,1,1,0,1.0,0.0,494.0,1,1,1,1,1
6074,7691375,109.0,10899.999999993817,1,1,0,1.0,0.0,109.0,1,1,1,1,1
6075,7691377,1359.0,135899.9999999229,1,1,0,1.0,0.0,1359.0,1,1,1,1,1
6076,7691387,44.0,4399.999999997504,1,1,0,1.0,0.0,44.0,1,1,1,1,1
6077,7691389,614.0,61399.99999996517,1,1,0,1.0,0.0,614.0,1,1,1,1,1
6078,7691395,710.0,70999.99999995972,1,1,0,1.0,0.0,710.0,1,1,1,1,1
6079,7691399,826.0,82599.99999995314,1,1,0,1.0,0.0,826.0,1,1,1,1,1
6080,7691401,130.0,12999.999999992626,1,1,0,1.0,0.0,130.0,1,1,1,1,1
6081,7691403,1520.0,151999.99999991377,1,1,0,1.0,0.0,1520.0,1,1,1,1,1
6082,7691405,199.0,19899.99999998871,1,1,0,1.0,0.0,199.0,1,1,1,1,1
6083,7691407,1313.0,131299.99999992552,1,1,0,1.0,0.0,1313.0,1,1,1,1,1
6084,7691411,663.0,66299.99999996238,1,1,0,1.0,0.0,663.0,1,1,1,1,1
6085,7691415,221.0,22099.999999987464,1,1,0,1.0,0.0,221.0,1,1,1,1,1
6086,7691417,8.0,799.9999999995462,1,1,0,1.0,0.0,8.0,1,1,1,1,1
6087,7691419,993.0,99299.99999994367,1,1,0,1.0,0.0,993.0,1,1,1,1,1
6088,7691425,1973.0,197299.99999988807,1,1,0,1.0,0.0,1973.0,1,1,1,1,1
6089,7691431,350.0,34999.999999980144,1,1,0,1.0,0.0,350.0,1,1,1,1,1
6090,7691439,105.0,10499.999999994043,1,1,0,1.0,0.0,105.0,1,1,1,1,1
6091,7691443,18.0,1799.9999999989789,1,1,0,1.0,0.0,18.0,1,1,1,1,1
6092,7691445,282.0,28199.999999984004,1,1,0,1.0,0.0,282.0,1,1,1,1,1
6093,7691453,9.0,899.9999999994894,1,1,0,1.0,0.0,9.0,1,1,1,1,1
6094,7691461,175.0,17499.999999990072,1,1,0,1.0,0.0,175.0,1,1,1,1,1
6095,7691463,1701.0,170099.9999999035,1,1,0,1.0,0.0,1701.0,1,1,1,1,1
6096,7691465,2638.0,263799.99999985035,1,1,0,1.0,0.0,2638.0,1,1,1,1,1
6097,7691467,822.0,82199.99999995336,1,1,0,1.0,0.0,822.0,1,1,1,1,1
6098,7691469,450.0,44999.99999997447,1,1,0,1.0,0.0,450.0,1,1,1,1,1
6099,7691471,174.0,17399.99999999013,1,1,0,1.0,0.0,174.0,1,1,1,1,1
6100,7691473,48.0,4799.999999997277,1,1,0,1.0,0.0,48.0,1,1,1,1,1
6101,7691475,58.0,5799.999999996709,1,1,0,1.0,0.0,58.0,1,1,1,1,1
6102,7691483,473.0,47299.999999973166,1,1,0,1.0,0.0,473.0,1,1,1,1,1
6103,7691485,51.0,5099.999999997107,1,1,0,1.0,0.0,51.0,1,1,1,1,1
6104,7691487,328.0,32799.999999981395,1,1,0,1.0,0.0,328.0,1,1,1,1,1
6105,7691491,841.0,84099.99999995228,1,1,0,1.0,0.0,841.0,1,1,1,1,1
6106,7691493,70.0,6999.999999996029,1,1,0,1.0,0.0,70.0,1,1,1,1,1
6107,7691495,28.0,2799.9999999984116,1,1,0,1.0,0.0,28.0,1,1,1,1,1
6108,7691497,138.0,13799.999999992171,1,1,0,1.0,0.0,138.0,1,1,1,1,1
6109,7691499,208.0,20799.9999999882,1,1,0,1.0,0.0,208.0,1,1,1,1,1
6110,7691501,257.0,25699.99999998542,1,1,0,1.0,0.0,257.0,1,1,1,1,1
6111,7691503,1310.0,130999.99999992568,1,1,0,1.0,0.0,1310.0,1,1,1,1,1
6112,7691507,3350.0,334999.99999980995,1,1,0,1.0,0.0,3350.0,1,1,1,1,1
6113,7691509,323.0,32299.999999981676,1,1,0,1.0,0.0,323.0,1,1,1,1,1
6114,7691511,465.0,46499.99999997362,1,1,0,1.0,0.0,465.0,1,1,1,1,1
6115,7691513,1437.0,143699.99999991848,1,1,0,1.0,0.0,1437.0,1,1,1,1,1
6116,7691515,193.0,19299.99999998905,1,1,0,1.0,0.0,193.0,1,1,1,1,1
6117,7691517,456.0,45599.999999974134,1,1,0,1.0,0.0,456.0,1,1,1,1,1
6118,7691519,3033.0,303299.99999982794,1,1,0,1.0,0.0,3033.0,1,1,1,1,1
6119,7691521,219.0,21899.999999987576,1,1,0,1.0,0.0,219.0,1,1,1,1,1
6120,7691523,1551.0,155099.99999991202,1,1,0,1.0,0.0,1551.0,1,1,1,1,1
6121,7691525,78.0,7799.999999995575,1,1,0,1.0,0.0,78.0,1,1,1,1,1
6122,7691527,533.0,53299.99999996976,1,1,0,1.0,0.0,533.0,1,1,1,1,1
6123,7691529,21.0,2099.9999999988086,1,1,0,1.0,0.0,21.0,1,1,1,1,1
6124,7691531,3291.0,329099.9999998133,1,1,0,1.0,0.0,3291.0,1,1,1,1,1
6125,7691533,105.0,10499.999999994043,1,1,0,1.0,0.0,105.0,1,1,1,1,1
6126,7691535,6818.0,681799.9999996133,1,1,0,1.0,0.0,6818.0,1,1,1,1,1
6127,7691537,1022.0,102199.99999994203,1,1,0,1.0,0.0,1022.0,1,1,1,1,1
6128,7691539,3557.0,355699.9999997982,1,1,0,1.0,0.0,3557.0,1,1,1,1,1
6129,7691541,30.0,2999.9999999982983,1,1,0,1.0,0.0,30.0,1,1,1,1,1
6130,7691543,18.0,1799.9999999989789,1,1,0,1.0,0.0,18.0,1,1,1,1,1
6131,7691545,686.0,68599.99999996109,1,1,0,1.0,0.0,686.0,1,1,1,1,1
6132,7691547,590.0,58999.99999996653,1,1,0,1.0,0.0,590.0,1,1,1,1,1
6133,7691549,2870.0,286999.9999998372,1,1,0,1.0,0.0,2870.0,1,1,1,1,1
6134,7691551,1965.0,196499.99999988853,1,1,0,1.0,0.0,1965.0,1,1,1,1,1
6135,7691553,2426.0,242599.99999986237,1,1,0,1.0,0.0,2426.0,1,1,1,1,1
6136,7691555,849.0,84899.99999995183,1,1,0,1.0,0.0,849.0,1,1,1,1,1
6137,7691557,1858.0,185799.9999998946,1,1,0,1.0,0.0,1858.0,1,1,1,1,1
6138,7691561,3072.0,307199.9999998257,1,1,0,1.0,0.0,3072.0,1,1,1,1,1
6139,7691563,3025.0,302499.9999998284,1,1,0,1.0,0.0,3025.0,1,1,1,1,1
6140,7691565,572.0,57199.99999996755,1,1,0,1.0,0.0,572.0,1,1,1,1,1
6141,7691567,350.0,34999.999999980144,1,1,0,1.0,0.0,350.0,1,1,1,1,1
6142,7691569,3677.0,367699.9999997914,1,1,0,1.0,0.0,3677.0,1,1,1,1,1
6143,7691571,186.0,18599.99999998945,1,1,0,1.0,0.0,186.0,1,1,1,1,1
6144,7691573,2282.0,228199.99999987055,1,1,0,1.0,0.0,2282.0,1,1,1,1,1
6145,7691575,242.0,24199.99999998627,1,1,0,1.0,0.0,242.0,1,1,1,1,1
6146,7691577,336.0,33599.99999998094,1,1,0,1.0,0.0,336.0,1,1,1,1,1
6147,7691579,3398.0,339799.9999998072,1,1,0,1.0,0.0,3398.0,1,1,1,1,1
6148,7691581,3940.0,393999.9999997765,1,1,0,1.0,0.0,3940.0,1,1,1,1,1
6149,7691583,1825.0,182499.99999989648,1,1,0,1.0,0.0,1825.0,1,1,1,1,1
6150,7691585,403.0,40299.99999997714,1,1,0,1.0,0.0,403.0,1,1,1,1,1
6151,7691587,1461.0,146099.9999999171,1,1,0,1.0,0.0,1461.0,1,1,1,1,1
6152,7691589,293.0,29299.999999983378,1,1,0,1.0,0.0,293.0,1,1,1,1,1
6153,7691593,188.0,18799.999999989333,1,1,0,1.0,0.0,188.0,1,1,1,1,1
6154,7691595,2079.0,207899.99999988207,1,1,0,1.0,0.0,2079.0,1,1,1,1,1
6155,7691599,452.0,45199.99999997436,1,1,0,1.0,0.0,452.0,1,1,1,1,1
6156,7691601,234.0,23399.999999986725,1,1,0,1.0,0.0,234.0,1,1,1,1,1
6157,7691603,126.0,12599.999999992851,1,1,0,1.0,0.0,126.0,1,1,1,1,1
6158,7691605,1206.0,120599.99999993158,1,1,0,1.0,0.0,1206.0,1,1,1,1,1
6159,7691607,6402.0,640199.9999996368,1,1,0,1.0,0.0,6402.0,1,1,1,1,1
6160,7691609,5075.0,507499.9999997121,1,1,0,1.0,0.0,5075.0,1,1,1,1,1
6161,7691613,357.0,35699.99999997975,1,1,0,1.0,0.0,357.0,1,1,1,1,1
6162,7691615,9.0,899.9999999994894,1,1,0,1.0,0.0,9.0,1,1,1,1,1
6163,7691617,437.0,43699.99999997521,1,1,0,1.0,0.0,437.0,1,1,1,1,1
6164,7691619,1009.0,100899.99999994275,1,1,0,1.0,0.0,1009.0,1,1,1,1,1
6165,7691621,1980.0,197999.9999998877,1,1,0,1.0,0.0,1980.0,1,1,1,1,1
6166,7691623,466.0,46599.99999997357,1,1,0,1.0,0.0,466.0,1,1,1,1,1
6167,7691625,183.0,18299.999999989617,1,1,0,1.0,0.0,183.0,1,1,1,1,1
6168,7691627,1196.0,119599.99999993214,1,1,0,1.0,0.0,1196.0,1,1,1,1,1
6169,7691631,1904.0,190399.999999892,1,1,0,1.0,0.0,1904.0,1,1,1,1,1
6170,7691633,1411.0,141099.99999991996,1,1,0,1.0,0.0,1411.0,1,1,1,1,1
6171,7691635,178.0,17799.9999999899,1,1,0,1.0,0.0,178.0,1,1,1,1,1
6172,7691639,219.0,21899.999999987576,1,1,0,1.0,0.0,219.0,1,1,1,1,1
6173,7691641,2894.0,289399.9999998358,1,1,0,1.0,0.0,2894.0,1,1,1,1,1
6174,7691645,677.0,67699.9999999616,1,1,0,1.0,0.0,677.0,1,1,1,1,1
6175,7691647,397.0,39699.99999997748,1,1,0,1.0,0.0,397.0,1,1,1,1,1
6176,7691649,134.0,13399.999999992398,1,1,0,1.0,0.0,134.0,1,1,1,1,1
6177,7691651,157.0,15699.999999991094,1,1,0,1.0,0.0,157.0,1,1,1,1,1
6178,7691655,522.0,52199.99999997039,1,1,0,1.0,0.0,522.0,1,1,1,1,1
6179,7691657,782.0,78199.99999995563,1,1,0,1.0,0.0,782.0,1,1,1,1,1
6180,7691659,1442.0,144199.9999999182,1,1,0,1.0,0.0,1442.0,1,1,1,1,1
6181,7691661,594.0,59399.999999966305,1,1,0,1.0,0.0,594.0,1,1,1,1,1
6182,7691665,138.0,13799.999999992171,1,1,0,1.0,0.0,138.0,1,1,1,1,1
6183,7691667,313.0,31299.999999982243,1,1,0,1.0,0.0,313.0,1,1,1,1,1
6184,7691669,20.0,1999.9999999988654,1,1,0,1.0,0.0,20.0,1,1,1,1,1
6185,7691671,9.0,899.9999999994894,1,1,0,1.0,0.0,9.0,1,1,1,1,1
6186,7691673,786.0,78599.99999995541,1,1,0,1.0,0.0,786.0,1,1,1,1,1
6187,7691675,65.0,6499.999999996313,1,1,0,1.0,0.0,65.0,1,1,1,1,1
6188,7691677,72.0,7199.9999999959155,1,1,0,1.0,0.0,72.0,1,1,1,1,1
6189,7691681,102.0,10199.999999994214,1,1,0,1.0,0.0,102.0,1,1,1,1,1
6190,7691683,587.0,58699.9999999667,1,1,0,1.0,0.0,587.0,1,1,1,1,1
6191,7691685,3072.0,307199.9999998257,1,1,0,1.0,0.0,3072.0,1,1,1,1,1
6192,7691687,56.0,5599.999999996823,1,1,0,1.0,0.0,56.0,1,1,1,1,1
6193,7691689,897.0,89699.99999994911,1,1,0,1.0,0.0,897.0,1,1,1,1,1
6194,7691691,298.0,29799.999999983094,1,1,0,1.0,0.0,298.0,1,1,1,1,1
6195,7691693,1121.0,112099.99999993641,1,1,0,1.0,0.0,1121.0,1,1,1,1,1
6196,7691695,230.0,22999.99999998695,1,1,0,1.0,0.0,230.0,1,1,1,1,1
6197,7691697,1531.0,153099.99999991315,1,1,0,1.0,0.0,1531.0,1,1,1,1,1
6198,7691699,3521.0,352099.99999980023,1,1,0,1.0,0.0,3521.0,1,1,1,1,1
6199,7691707,1688.0,168799.99999990425,1,1,0,1.0,0.0,1688.0,1,1,1,1,1
6200,7691709,1860.0,185999.99999989447,1,1,0,1.0,0.0,1860.0,1,1,1,1,1
6201,7691711,468.0,46799.99999997345,1,1,0,1.0,0.0,468.0,1,1,1,1,1
6202,7691713,917.0,91699.99999994798,1,1,0,1.0,0.0,917.0,1,1,1,1,1
6203,7691717,23036.0,2303599.9999986934,1,1,0,1.0,0.0,23036.0,1,1,1,1,1
6204,7691719,1595.0,159499.99999990952,1,1,0,1.0,0.0,1595.0,1,1,1,1,1
6205,7691721,490.0,48999.999999972206,1,1,0,1.0,0.0,490.0,1,1,1,1,1
6206,7691723,1829.0,182899.99999989624,1,1,0,1.0,0.0,1829.0,1,1,1,1,1
6207,7691725,44.0,4399.999999997504,1,1,0,1.0,0.0,44.0,1,1,1,1,1
6208,7691727,705.0,70499.99999996001,1,1,0,1.0,0.0,705.0,1,1,1,1,1
6209,7691729,495.0,49499.99999997192,1,1,0,1.0,0.0,495.0,1,1,1,1,1
6210,7691731,1855.0,185499.99999989476,1,1,0,1.0,0.0,1855.0,1,1,1,1,1
6211,7691733,18730.0,1872999.9999989374,1,1,0,1.0,0.0,18730.0,1,1,1,1,1
6212,7691735,1997.0,199699.9999998867,1,1,0,1.0,0.0,1997.0,1,1,1,1,1
6213,7691739,10396.0,1039599.9999994102,1,1,0,1.0,0.0,10396.0,1,1,1,1,1
6214,7691741,2042.0,204199.99999988417,1,1,0,1.0,0.0,2042.0,1,1,1,1,1
6215,7691743,515.0,51499.99999997079,1,1,0,1.0,0.0,515.0,1,1,1,1,1
6216,7691745,15357.0,1535699.9999991287,1,1,0,1.0,0.0,15357.0,1,1,1,1,1
6217,7691747,256.0,25599.999999985477,1,1,0,1.0,0.0,256.0,1,1,1,1,1
6218,7691749,11410.0,1140999.9999993527,1,1,0,1.0,0.0,11410.0,1,1,1,1,1
6219,7691751,796.0,79599.99999995485,1,1,0,1.0,0.0,796.0,1,1,1,1,1
6220,7691753,617.0,61699.999999964995,1,1,0,1.0,0.0,617.0,1,1,1,1,1
6221,7691755,3546.0,354599.99999979883,1,1,0,1.0,0.0,3546.0,1,1,1,1,1
6222,7691759,90.0,8999.999999994894,1,1,0,1.0,0.0,90.0,1,1,1,1,1
6223,7691761,918.0,91799.99999994792,1,1,0,1.0,0.0,918.0,1,1,1,1,1
6224,7691763,1513.0,151299.99999991417,1,1,0,1.0,0.0,1513.0,1,1,1,1,1
6225,7691767,263.0,26299.99999998508,1,1,0,1.0,0.0,263.0,1,1,1,1,1
6226,7691769,39.0,3899.9999999977877,1,1,0,1.0,0.0,39.0,1,1,1,1,1
6227,7691773,1324.0,132399.99999992488,1,1,0,1.0,0.0,1324.0,1,1,1,1,1
6228,7691775,170.0,16999.999999990356,1,1,0,1.0,0.0,170.0,1,1,1,1,1
6229,7691777,69.0,6899.9999999960855,1,1,0,1.0,0.0,69.0,1,1,1,1,1
6230,7691785,98.0,9799.999999994441,1,1,0,1.0,0.0,98.0,1,1,1,1,1
6231,7691787,141.0,14099.999999992002,1,1,0,1.0,0.0,141.0,1,1,1,1,1
6232,7691789,424.0,42399.999999975946,1,1,0,1.0,0.0,424.0,1,1,1,1,1
6233,7691795,119.0,11899.99999999325,1,1,0,1.0,0.0,119.0,1,1,1,1,1
6234,7691797,219.0,21899.999999987576,1,1,0,1.0,0.0,219.0,1,1,1,1,1
6235,7691803,10.0,999.9999999994327,1,1,0,1.0,0.0,10.0,1,1,1,1,1
6236,7691807,86.0,8599.999999995121,1,1,0,1.0,0.0,86.0,1,1,1,1,1
6237,7691809,40.0,3999.999999997731,1,1,0,1.0,0.0,40.0,1,1,1,1,1
6238,7691825,67.0,6699.999999996199,1,1,0,1.0,0.0,67.0,1,1,1,1,1
6239,7691831,59.0,5899.999999996653,1,1,0,1.0,0.0,59.0,1,1,1,1,1
6240,7691833,403.0,40299.99999997714,1,1,0,1.0,0.0,403.0,1,1,1,1,1
6241,7691835,132.0,13199.999999992511,1,1,0,1.0,0.0,132.0,1,1,1,1,1
6242,7691837,174.0,17399.99999999013,1,1,0,1.0,0.0,174.0,1,1,1,1,1
6243,7691843,317.0,31699.999999982017,1,1,0,1.0,0.0,317.0,1,1,1,1,1
6244,7691849,45.0,4499.999999997447,1,1,0,1.0,0.0,45.0,1,1,1,1,1
6245,7691863,1140.0,113999.99999993533,1,1,0,1.0,0.0,1140.0,1,1,1,1,1
6246,7691865,457.0,45699.999999974076,1,1,0,1.0,0.0,457.0,1,1,1,1,1
6247,7691877,105.0,10499.999999994043,1,1,0,1.0,0.0,105.0,1,1,1,1,1
6248,7691881,19.0,1899.9999999989222,1,1,0,1.0,0.0,19.0,1,1,1,1,1
6249,7691883,93.0,9299.999999994725,1,1,0,1.0,0.0,93.0,1,1,1,1,1
6250,7691885,553.0,55299.999999968626,1,1,0,1.0,0.0,553.0,1,1,1,1,1
6251,7691891,277.0,27699.999999984288,1,1,0,1.0,0.0,277.0,1,1,1,1,1
6252,7691893,157.0,15699.999999991094,1,1,0,1.0,0.0,157.0,1,1,1,1,1
6253,7691895,110.0,10999.999999993759,1,1,0,1.0,0.0,110.0,1,1,1,1,1
6254,7691897,45.0,4499.999999997447,1,1,0,1.0,0.0,45.0,1,1,1,1,1
6255,7691901,40.0,3999.999999997731,1,1,0,1.0,0.0,40.0,1,1,1,1,1
6256,7691903,117.0,11699.999999993363,1,1,0,1.0,0.0,117.0,1,1,1,1,1
6257,7691905,6.0,599.9999999996596,1,1,0,1.0,0.0,6.0,1,1,1,1,1
6258,7691907,218.0,21799.999999987635,1,1,0,1.0,0.0,218.0,1,1,1,1,1
6259,7691911,151.0,15099.999999991434,1,1,0,1.0,0.0,151.0,1,1,1,1,1
6260,7691919,447.0,44699.99999997464,1,1,0,1.0,0.0,447.0,1,1,1,1,1
6261,7691955,142.0,14199.999999991944,1,1,0,1.0,0.0,142.0,1,1,1,1,1
6262,7691957,20.0,1999.9999999988654,1,1,0,1.0,0.0,20.0,1,1,1,1,1
6263,7691961,41.0,4099.999999997674,1,1,0,1.0,0.0,41.0,1,1,1,1,1
6264,7691967,559.0,55899.99999996829,1,1,0,1.0,0.0,559.0,1,1,1,1,1
6265,7691973,96.0,9599.999999994554,1,1,0,1.0,0.0,96.0,1,1,1,1,1
6266,7691975,301.0,30099.999999982923,1,1,0,1.0,0.0,301.0,1,1,1,1,1
6267,7691979,487.0,48699.99999997237,1,1,0,1.0,0.0,487.0,1,1,1,1,1
6268,7691983,22.0,2199.999999998752,1,1,0,1.0,0.0,22.0,1,1,1,1,1
6269,7691985,4.0,399.9999999997731,1,1,0,1.0,0.0,4.0,1,1,1,1,1
6270,7691987,627.0,62699.99999996443,1,1,0,1.0,0.0,627.0,1,1,1,1,1
6271,7691997,1012.0,101199.99999994259,1,1,0,1.0,0.0,1012.0,1,1,1,1,1
6272,7692001,375.0,37499.999999978725,1,1,0,1.0,0.0,375.0,1,1,1,1,1
6273,7692003,99.0,9899.999999994383,1,1,0,1.0,0.0,99.0,1,1,1,1,1
6274,7692005,178.0,17799.9999999899,1,1,0,1.0,0.0,178.0,1,1,1,1,1
6275,7692007,102.0,10199.999999994214,1,1,0,1.0,0.0,102.0,1,1,1,1,1
6276,7692009,310.0,30999.999999982414,1,1,0,1.0,0.0,310.0,1,1,1,1,1
6277,7692013,1547.0,154699.99999991225,1,1,0,1.0,0.0,1547.0,1,1,1,1,1
6278,7692015,1538.0,153799.99999991275,1,1,0,1.0,0.0,1538.0,1,1,1,1,1
6279,7692017,4526.0,452599.99999974325,1,1,0,1.0,0.0,4526.0,1,1,1,1,1
6280,7692019,40.0,3999.999999997731,1,1,0,1.0,0.0,40.0,1,1,1,1,1
6281,7692021,97.0,9699.999999994498,1,1,0,1.0,0.0,97.0,1,1,1,1,1
6282,7692023,635.0,63499.99999996398,1,1,0,1.0,0.0,635.0,1,1,1,1,1
6283,7692025,1599.0,159899.99999990928,1,1,0,1.0,0.0,1599.0,1,1,1,1,1
6284,7692027,2744.0,274399.99999984435,1,1,0,1.0,0.0,2744.0,1,1,1,1,1
6285,7692029,129.0,12899.999999992682,1,1,0,1.0,0.0,129.0,1,1,1,1,1
6286,7692033,9991.0,999099.9999994332,1,1,0,1.0,0.0,9991.0,1,1,1,1,1
6287,7692035,227.0,22699.99999998712,1,1,0,1.0,0.0,227.0,1,1,1,1,1
6288,7692041,2721.0,272099.99999984563,1,1,0,1.0,0.0,2721.0,1,1,1,1,1
6289,7692043,156.0,15599.99999999115,1,1,0,1.0,0.0,156.0,1,1,1,1,1
6290,7692045,348.0,34799.99999998026,1,1,0,1.0,0.0,348.0,1,1,1,1,1
6291,7692047,4327.0,432699.99999975454,1,1,0,1.0,0.0,4327.0,1,1,1,1,1
6292,7692051,56.0,5599.999999996823,1,1,0,1.0,0.0,56.0,1,1,1,1,1
6293,7692053,99.0,9899.999999994383,1,1,0,1.0,0.0,99.0,1,1,1,1,1
6294,7692055,277.0,27699.999999984288,1,1,0,1.0,0.0,277.0,1,1,1,1,1
6295,7692057,53.0,5299.999999996993,1,1,0,1.0,0.0,53.0,1,1,1,1,1
6296,7692063,158.0,15799.999999991036,1,1,0,1.0,0.0,158.0,1,1,1,1,1
6297,7692067,20.0,1999.9999999988654,1,1,0,1.0,0.0,20.0,1,1,1,1,1
6298,7692069,41.0,4099.999999997674,1,1,0,1.0,0.0,41.0,1,1,1,1,1
6299,7692077,530.0,52999.999999969936,1,1,0,1.0,0.0,530.0,1,1,1,1,1
6300,7692079,1324.0,132399.99999992488,1,1,0,1.0,0.0,1324.0,1,1,1,1,1
6301,7692081,46.0,4599.999999997391,1,1,0,1.0,0.0,46.0,1,1,1,1,1
6302,7692083,1315.0,131499.9999999254,1,1,0,1.0,0.0,1315.0,1,1,1,1,1
6303,7692085,91.0,9099.999999994838,1,1,0,1.0,0.0,91.0,1,1,1,1,1
6304,7692087,461.0,46099.99999997385,1,1,0,1.0,0.0,461.0,1,1,1,1,1
6305,7692091,12.0,1199.9999999993192,1,1,0,1.0,0.0,12.0,1,1,1,1,1
6306,7692093,2.0,199.99999999988654,1,1,0,1.0,0.0,2.0,1,1,1,1,1
6307,7692095,193.0,19299.99999998905,1,1,0,1.0,0.0,193.0,1,1,1,1,1
6308,7692103,395.0,39499.99999997759,1,1,0,1.0,0.0,395.0,1,1,1,1,1
6309,7692105,78.0,7799.999999995575,1,1,0,1.0,0.0,78.0,1,1,1,1,1
6310,7692109,343.0,34299.999999980544,1,1,0,1.0,0.0,343.0,1,1,1,1,1
6311,7692113,137.0,13699.999999992227,1,1,0,1.0,0.0,137.0,1,1,1,1,1
6312,7692115,17.0,1699.9999999990355,1,1,0,1.0,0.0,17.0,1,1,1,1,1
6313,7692127,1173.0,117299.99999993345,1,1,0,1.0,0.0,1173.0,1,1,1,1,1
6314,7692133,134.0,13399.999999992398,1,1,0,1.0,0.0,134.0,1,1,1,1,1
6315,7692137,179.0,17899.999999989846,1,1,0,1.0,0.0,179.0,1,1,1,1,1
6316,7692139,164.0,16399.999999990698,1,1,0,1.0,0.0,164.0,1,1,1,1,1
6317,7692143,1745.0,174499.99999990102,1,1,0,1.0,0.0,1745.0,1,1,1,1,1
6318,7692145,221.0,22099.999999987464,1,1,0,1.0,0.0,221.0,1,1,1,1,1
6319,7692147,393.0,39299.99999997771,1,1,0,1.0,0.0,393.0,1,1,1,1,1
6320,7692149,97.0,9699.999999994498,1,1,0,1.0,0.0,97.0,1,1,1,1,1
6321,7692153,2751.0,275099.99999984395,1,1,0,1.0,0.0,2751.0,1,1,1,1,1
6322,7692155,1436.0,143599.99999991854,1,1,0,1.0,0.0,1436.0,1,1,1,1,1
6323,7692157,9.0,899.9999999994894,1,1,0,1.0,0.0,9.0,1,1,1,1,1
6324,7692159,369.0,36899.99999997907,1,1,0,1.0,0.0,369.0,1,1,1,1,1
6325,7692161,77.0,7699.999999995632,1,1,0,1.0,0.0,77.0,1,1,1,1,1
6326,7692167,10801.0,1080099.9999993872,1,1,0,1.0,0.0,10801.0,1,1,1,1,1
6327,7692169,1564.0,156399.99999991126,1,1,0,1.0,0.0,1564.0,1,1,1,1,1
6328,7692173,381.0,38099.99999997838,1,1,0,1.0,0.0,381.0,1,1,1,1,1
6329,7692175,136.0,13599.999999992284,1,1,0,1.0,0.0,136.0,1,1,1,1,1
6330,7692177,351.0,35099.999999980086,1,1,0,1.0,0.0,351.0,1,1,1,1,1
6331,7692179,344.0,34399.999999980486,1,1,0,1.0,0.0,344.0,1,1,1,1,1
6332,7692183,3930.0,392999.99999977706,1,1,0,1.0,0.0,3930.0,1,1,1,1,1
6333,7692185,183.0,18299.999999989617,1,1,0,1.0,0.0,183.0,1,1,1,1,1
6334,7692189,73.0,7299.999999995859,1,1,0,1.0,0.0,73.0,1,1,1,1,1
6335,7692191,1141.0,114099.99999993527,1,1,0,1.0,0.0,1141.0,1,1,1,1,1
6336,7692193,639.0,63899.99999996375,1,1,0,1.0,0.0,639.0,1,1,1,1,1
6337,7692197,2722.0,272199.9999998456,1,1,0,1.0,0.0,2722.0,1,1,1,1,1
6338,7692203,3278.0,327799.999999814,1,1,0,1.0,0.0,3278.0,1,1,1,1,1
6339,7692211,418.0,41799.99999997629,1,1,0,1.0,0.0,418.0,1,1,1,1,1
6340,7692215,240.0,23999.999999986387,1,1,0,1.0,0.0,240.0,1,1,1,1,1
6341,7692221,2.0,199.99999999988654,1,1,0,1.0,0.0,2.0,1,1,1,1,1
6342,7692257,43.0,4299.999999997561,1,1,0,1.0,0.0,43.0,1,1,1,1,1
6343,7692267,349.0,34899.9999999802,1,1,0,1.0,0.0,349.0,1,1,1,1,1
6344,7692269,85.0,8499.999999995178,1,1,0,1.0,0.0,85.0,1,1,1,1,1
6345,7692271,209.0,20899.999999988144,1,1,0,1.0,0.0,209.0,1,1,1,1,1
6346,7692275,161.0,16099.999999990867,1,1,0,1.0,0.0,161.0,1,1,1,1,1
6347,7692277,14.0,1399.9999999992058,1,1,0,1.0,0.0,14.0,1,1,1,1,1
6348,7692283,311.0,31099.999999982356,1,1,0,1.0,0.0,311.0,1,1,1,1,1
6349,7692289,222.0,22199.999999987405,1,1,0,1.0,0.0,222.0,1,1,1,1,1
6350,7692291,103.0,10299.999999994157,1,1,0,1.0,0.0,103.0,1,1,1,1,1
6351,7692297,9.0,899.9999999994894,1,1,0,1.0,0.0,9.0,1,1,1,1,1
6352,7692299,38.0,3799.9999999978445,1,1,0,1.0,0.0,38.0,1,1,1,1,1
6353,7692307,88.0,8799.999999995009,1,1,0,1.0,0.0,88.0,1,1,1,1,1
6354,7692313,35.0,3499.9999999980146,1,1,0,1.0,0.0,35.0,1,1,1,1,1
6355,7692317,774.0,77399.9999999561,1,1,0,1.0,0.0,774.0,1,1,1,1,1
6356,7692321,5.0,499.99999999971635,1,1,0,1.0,0.0,5.0,1,1,1,1,1
6357,7692325,389.0,38899.99999997793,1,1,0,1.0,0.0,389.0,1,1,1,1,1
6358,7692331,887.0,88699.99999994968,1,1,0,1.0,0.0,887.0,1,1,1,1,1
6359,7692333,4282.0,428199.9999997571,1,1,0,1.0,0.0,4282.0,1,1,1,1,1
6360,7692335,93.0,9299.999999994725,1,1,0,1.0,0.0,93.0,1,1,1,1,1
6361,7692339,49.0,4899.999999997221,1,1,0,1.0,0.0,49.0,1,1,1,1,1
6362,7692341,704.0,70399.99999996007,1,1,0,1.0,0.0,704.0,1,1,1,1,1
6363,7692343,841.0,84099.99999995228,1,1,0,1.0,0.0,841.0,1,1,1,1,1
6364,7692345,1194.0,119399.99999993226,1,1,0,1.0,0.0,1194.0,1,1,1,1,1
6365,7692349,20.0,1999.9999999988654,1,1,0,1.0,0.0,20.0,1,1,1,1,1
6366,7692353,733.0,73299.99999995841,1,1,0,1.0,0.0,733.0,1,1,1,1,1
6367,7692355,4746.0,474599.9999997308,1,1,0,1.0,0.0,4746.0,1,1,1,1,1
6368,7692357,6.0,599.9999999996596,1,1,0,1.0,0.0,6.0,1,1,1,1,1
6369,7692361,6.0,599.9999999996596,1,1,0,1.0,0.0,6.0,1,1,1,1,1
6370,7692363,38.0,3799.9999999978445,1,1,0,1.0,0.0,38.0,1,1,1,1,1
6371,7692365,202.0,20199.99999998854,1,1,0,1.0,0.0,202.0,1,1,1,1,1
6372,7692367,202.0,20199.99999998854,1,1,0,1.0,0.0,202.0,1,1,1,1,1
6373,7692369,770.0,76999.99999995632,1,1,0,1.0,0.0,770.0,1,1,1,1,1
6374,7692371,64.0,6399.999999996369,1,1,0,1.0,0.0,64.0,1,1,1,1,1
6375,7692373,21.0,2099.9999999988086,1,1,0,1.0,0.0,21.0,1,1,1,1,1
6376,7692377,1014.0,101399.99999994248,1,1,0,1.0,0.0,1014.0,1,1,1,1,1
6377,7692381,20.0,1999.9999999988654,1,1,0,1.0,0.0,20.0,1,1,1,1,1
6378,7692383,484.0,48399.99999997254,1,1,0,1.0,0.0,484.0,1,1,1,1,1
6379,7692385,162.0,16199.99999999081,1,1,0,1.0,0.0,162.0,1,1,1,1,1
6380,7692387,527.0,52699.9999999701,1,1,0,1.0,0.0,527.0,1,1,1,1,1
6381,7692389,312.0,31199.9999999823,1,1,0,1.0,0.0,312.0,1,1,1,1,1
6382,7692391,321.0,32099.99999998179,1,1,0,1.0,0.0,321.0,1,1,1,1,1
6383,7692395,309.0,30899.999999982472,1,1,0,1.0,0.0,309.0,1,1,1,1,1
6384,7692397,537.0,53699.999999969536,1,1,0,1.0,0.0,537.0,1,1,1,1,1
6385,7692399,333.0,33299.99999998111,1,1,0,1.0,0.0,333.0,1,1,1,1,1
6386,7692403,339.0,33899.99999998077,1,1,0,1.0,0.0,339.0,1,1,1,1,1
6387,7692405,45.0,4499.999999997447,1,1,0,1.0,0.0,45.0,1,1,1,1,1
6388,7692411,15.0,1499.9999999991492,1,1,0,1.0,0.0,15.0,1,1,1,1,1
6389,7692417,467.0,46699.99999997351,1,1,0,1.0,0.0,467.0,1,1,1,1,1
6390,7692419,4.0,399.9999999997731,1,1,0,1.0,0.0,4.0,1,1,1,1,1
6391,7692425,94.0,9399.999999994667,1,1,0,1.0,0.0,94.0,1,1,1,1,1
6392,7692431,983.0,98299.99999994424,1,1,0,1.0,0.0,983.0,1,1,1,1,1
6393,7692435,359.0,35899.999999979635,1,1,0,1.0,0.0,359.0,1,1,1,1,1
6394,7692439,83.0,8299.99999999529,1,1,0,1.0,0.0,83.0,1,1,1,1,1
6395,7692443,1361.0,136099.9999999228,1,1,0,1.0,0.0,1361.0,1,1,1,1,1
6396,7692447,190.0,18999.99999998922,1,1,0,1.0,0.0,190.0,1,1,1,1,1
6397,7692449,203.0,20299.999999988482,1,1,0,1.0,0.0,203.0,1,1,1,1,1
6398,7692453,28777.0,2877699.9999983674,1,1,0,1.0,0.0,28777.0,1,1,1,1,1
6399,7692455,12433.0,1243299.9999992948,1,1,0,1.0,0.0,12433.0,1,1,1,1,1
6400,7692457,1545.0,154499.99999991234,1,1,0,1.0,0.0,1545.0,1,1,1,1,1
6401,7692463,162.0,16199.99999999081,1,1,0,1.0,0.0,162.0,1,1,1,1,1
6402,7692465,5509.0,550899.9999996874,1,1,0,1.0,0.0,5509.0,1,1,1,1,1
6403,7692471,53.0,5299.999999996993,1,1,0,1.0,0.0,53.0,1,1,1,1,1
6404,7692473,78.0,7799.999999995575,1,1,0,1.0,0.0,78.0,1,1,1,1,1
6405,7692477,148.0,14799.999999991604,1,1,0,1.0,0.0,148.0,1,1,1,1,1
6406,7692483,28.0,2799.9999999984116,1,1,0,1.0,0.0,28.0,1,1,1,1,1
6407,7692493,81.0,8099.999999995405,1,1,0,1.0,0.0,81.0,1,1,1,1,1
6408,7692499,418.0,41799.99999997629,1,1,0,1.0,0.0,418.0,1,1,1,1,1
6409,7692505,899.0,89899.999999949,1,1,0,1.0,0.0,899.0,1,1,1,1,1
6410,7694089,6.0,599.9999999996596,1,1,0,1.0,0.0,6.0,1,1,1,1,1
6411,7694115,91.0,9099.999999994838,1,1,0,1.0,0.0,91.0,1,1,1,1,1
6412,7694117,122.0,12199.999999993079,1,1,0,1.0,0.0,122.0,1,1,1,1,1
6413,7698020,1235.0,123499.99999992993,1,1,0,1.0,0.0,1235.0,1,1,1,1,1
6414,7698022,2123.0,212299.99999987957,1,1,0,1.0,0.0,2123.0,1,1,1,1,1
6415,7698028,10006.0,1000599.9999994324,1,1,0,1.0,0.0,10006.0,1,1,1,1,1
6416,7698030,10632.0,1063199.9999993967,1,1,0,1.0,0.0,10632.0,1,1,1,1,1
6417,7698034,282.0,28199.999999984004,1,1,0,1.0,0.0,282.0,1,1,1,1,1
6418,7698036,1689.0,168899.9999999042,1,1,0,1.0,0.0,1689.0,1,1,1,1,1
6419,7698038,2729.0,272899.99999984517,1,1,0,1.0,0.0,2729.0,1,1,1,1,1
6420,7698040,3393.0,339299.9999998075,1,1,0,1.0,0.0,3393.0,1,1,1,1,1
6421,7698042,1805.0,180499.9999998976,1,1,0,1.0,0.0,1805.0,1,1,1,1,1
6422,7698046,22.0,2199.999999998752,1,1,0,1.0,0.0,22.0,1,1,1,1,1
6423,7698050,23.0,2299.9999999986953,1,1,0,1.0,0.0,23.0,1,1,1,1,1
6424,7698052,991.0,99099.99999994379,1,1,0,1.0,0.0,991.0,1,1,1,1,1
6425,7698054,1877.0,187699.9999998935,1,1,0,1.0,0.0,1877.0,1,1,1,1,1
6426,7698060,3443.0,344299.99999980466,1,1,0,1.0,0.0,3443.0,1,1,1,1,1
6427,7698062,36918.0,3691799.9999979055,1,1,0,1.0,0.0,36918.0,1,1,1,1,1
6428,7698064,1733.0,173299.9999999017,1,1,0,1.0,0.0,1733.0,1,1,1,1,1
6429,7698066,2008.0,200799.9999998861,1,1,0,1.0,0.0,2008.0,1,1,1,1,1
6430,7698068,227.0,22699.99999998712,1,1,0,1.0,0.0,227.0,1,1,1,1,1
6431,7698070,169.0,16899.999999990414,1,1,0,1.0,0.0,169.0,1,1,1,1,1
6432,7698074,498.0,49799.99999997175,1,1,0,1.0,0.0,498.0,1,1,1,1,1
6433,7698076,3013.0,301299.9999998291,1,1,0,1.0,0.0,3013.0,1,1,1,1,1
6434,7698078,1242.0,124199.99999992954,1,1,0,1.0,0.0,1242.0,1,1,1,1,1
6435,7698080,823.0,82299.99999995332,1,1,0,1.0,0.0,823.0,1,1,1,1,1
6436,7698082,18149.0,1814899.9999989704,1,1,0,1.0,0.0,18149.0,1,1,1,1,1
6437,7698084,58.0,5799.999999996709,1,1,0,1.0,0.0,58.0,1,1,1,1,1
6438,7698086,628.0,62799.99999996438,1,1,0,1.0,0.0,628.0,1,1,1,1,1
6439,7698090,1084.0,108399.9999999385,1,1,0,1.0,0.0,1084.0,1,1,1,1,1
6440,7698092,522.0,52199.99999997039,1,1,0,1.0,0.0,522.0,1,1,1,1,1
6441,7698094,409.0,40899.9999999768,1,1,0,1.0,0.0,409.0,1,1,1,1,1
6442,7698098,3071.0,307099.9999998258,1,1,0,1.0,0.0,3071.0,1,1,1,1,1
6443,7698100,324.0,32399.99999998162,1,1,0,1.0,0.0,324.0,1,1,1,1,1
6444,7698102,91.0,9099.999999994838,1,1,0,1.0,0.0,91.0,1,1,1,1,1
6445,7698104,1037.0,103699.99999994117,1,1,0,1.0,0.0,1037.0,1,1,1,1,1
6446,7698106,221.0,22099.999999987464,1,1,0,1.0,0.0,221.0,1,1,1,1,1
6447,7698108,13054.0,1305399.9999992594,1,1,0,1.0,0.0,13054.0,1,1,1,1,1
6448,7698110,155.0,15499.999999991207,1,1,0,1.0,0.0,155.0,1,1,1,1,1
6449,7698112,15383.0,1538299.9999991274,1,1,0,1.0,0.0,15383.0,1,1,1,1,1
6450,7698114,2862.0,286199.99999983766,1,1,0,1.0,0.0,2862.0,1,1,1,1,1
6451,7698116,519.0,51899.999999970554,1,1,0,1.0,0.0,519.0,1,1,1,1,1
6452,7698118,2521.0,252099.99999985698,1,1,0,1.0,0.0,2521.0,1,1,1,1,1
6453,7698120,10051.0,1005099.9999994298,1,1,0,1.0,0.0,10051.0,1,1,1,1,1
6454,7698122,449.0,44899.99999997453,1,1,0,1.0,0.0,449.0,1,1,1,1,1
6455,7698124,240.0,23999.999999986387,1,1,0,1.0,0.0,240.0,1,1,1,1,1
6456,7698126,550.0,54999.9999999688,1,1,0,1.0,0.0,550.0,1,1,1,1,1
6457,7698128,8658.0,865799.9999995088,1,1,0,1.0,0.0,8658.0,1,1,1,1,1
6458,7698130,62.0,6199.999999996483,1,1,0,1.0,0.0,62.0,1,1,1,1,1
6459,7698132,202.0,20199.99999998854,1,1,0,1.0,0.0,202.0,1,1,1,1,1
6460,7698134,3186.0,318599.99999981927,1,1,0,1.0,0.0,3186.0,1,1,1,1,1
6461,7698136,6.0,599.9999999996596,1,1,0,1.0,0.0,6.0,1,1,1,1,1
6462,7698138,61.0,6099.999999996539,1,1,0,1.0,0.0,61.0,1,1,1,1,1
6463,7698140,606.0,60599.99999996562,1,1,0,1.0,0.0,606.0,1,1,1,1,1
6464,7698142,973.0,97299.9999999448,1,1,0,1.0,0.0,973.0,1,1,1,1,1
6465,7698146,140.0,13999.999999992058,1,1,0,1.0,0.0,140.0,1,1,1,1,1
6466,7698148,3095.0,309499.99999982445,1,1,0,1.0,0.0,3095.0,1,1,1,1,1
6467,7698150,333.0,33299.99999998111,1,1,0,1.0,0.0,333.0,1,1,1,1,1
6468,7698152,169.0,16899.999999990414,1,1,0,1.0,0.0,169.0,1,1,1,1,1
6469,7698154,624.0,62399.9999999646,1,1,0,1.0,0.0,624.0,1,1,1,1,1
6470,7698158,117.0,11699.999999993363,1,1,0,1.0,0.0,117.0,1,1,1,1,1
6471,7698160,3.0,299.9999999998298,1,1,0,1.0,0.0,3.0,1,1,1,1,1
6472,7698162,803.0,80299.99999995445,1,1,0,1.0,0.0,803.0,1,1,1,1,1
6473,7698164,13883.0,1388299.9999992123,1,1,0,1.0,0.0,13883.0,1,1,1,1,1
6474,7698166,2.0,199.99999999988654,1,1,0,1.0,0.0,2.0,1,1,1,1,1
6475,7698170,2402.0,240199.99999986374,1,1,0,1.0,0.0,2402.0,1,1,1,1,1
6476,7698172,542.0,54199.99999996925,1,1,0,1.0,0.0,542.0,1,1,1,1,1
6477,7698174,822.0,82199.99999995336,1,1,0,1.0,0.0,822.0,1,1,1,1,1
6478,7698178,137.0,13699.999999992227,1,1,0,1.0,0.0,137.0,1,1,1,1,1
6479,7698180,425.0,42499.99999997589,1,1,0,1.0,0.0,425.0,1,1,1,1,1
6480,7698182,219.0,21899.999999987576,1,1,0,1.0,0.0,219.0,1,1,1,1,1
6481,7698184,2057.0,205699.9999998833,1,1,0,1.0,0.0,2057.0,1,1,1,1,1
6482,7698186,634.0,63399.999999964035,1,1,0,1.0,0.0,634.0,1,1,1,1,1
6483,7698188,893.0,89299.99999994934,1,1,0,1.0,0.0,893.0,1,1,1,1,1
6484,7698190,26.0,2599.999999998525,1,1,0,1.0,0.0,26.0,1,1,1,1,1
6485,7698194,2256.0,225599.99999987203,1,1,0,1.0,0.0,2256.0,1,1,1,1,1
6486,7698198,4.0,399.9999999997731,1,1,0,1.0,0.0,4.0,1,1,1,1,1
6487,7698202,98.0,9799.999999994441,1,1,0,1.0,0.0,98.0,1,1,1,1,1
6488,7698204,99.0,9899.999999994383,1,1,0,1.0,0.0,99.0,1,1,1,1,1
6489,7698206,17.0,1699.9999999990355,1,1,0,1.0,0.0,17.0,1,1,1,1,1
6490,7698208,3678.0,367799.9999997913,1,1,0,1.0,0.0,3678.0,1,1,1,1,1
6491,7698210,12591.0,1259099.9999992857,1,1,0,1.0,0.0,12591.0,1,1,1,1,1
6492,7698214,6.0,599.9999999996596,1,1,0,1.0,0.0,6.0,1,1,1,1,1
6493,7698228,102.0,10199.999999994214,1,1,0,1.0,0.0,102.0,1,1,1,1,1
6494,7698242,72.0,7199.9999999959155,1,1,0,1.0,0.0,72.0,1,1,1,1,1
6495,7698246,6.0,599.9999999996596,1,1,0,1.0,0.0,6.0,1,1,1,1,1
6496,7698258,12492.0,1249199.9999992913,1,1,0,1.0,0.0,12492.0,1,1,1,1,1
6497,7698262,176.0,17599.999999990017,1,1,0,1.0,0.0,176.0,1,1,1,1,1
6498,7698264,100.0,9999.999999994327,1,1,0,1.0,0.0,100.0,1,1,1,1,1
6499,7698266,71.0,7099.999999995972,1,1,0,1.0,0.0,71.0,1,1,1,1,1
6500,7698268,11859.0,1185899.9999993274,1,1,0,1.0,0.0,11859.0,1,1,1,1,1
6501,7698270,2354.0,235399.99999986647,1,1,0,1.0,0.0,2354.0,1,1,1,1,1
6502,7698272,7217.0,721699.9999995906,1,1,0,1.0,0.0,7217.0,1,1,1,1,1
6503,7698276,999.0,99899.99999994332,1,1,0,1.0,0.0,999.0,1,1,1,1,1
6504,7698278,3373.0,337299.9999998087,1,1,0,1.0,0.0,3373.0,1,1,1,1,1
6505,7698280,254.0,25399.99999998559,1,1,0,1.0,0.0,254.0,1,1,1,1,1
6506,7698282,207.0,20699.999999988257,1,1,0,1.0,0.0,207.0,1,1,1,1,1
6507,7698284,1509.0,150899.9999999144,1,1,0,1.0,0.0,1509.0,1,1,1,1,1
6508,7698286,2717.0,271699.99999984587,1,1,0,1.0,0.0,2717.0,1,1,1,1,1
6509,7698288,78.0,7799.999999995575,1,1,0,1.0,0.0,78.0,1,1,1,1,1
6510,7698290,71.0,7099.999999995972,1,1,0,1.0,0.0,71.0,1,1,1,1,1
6511,7698292,25.0,2499.9999999985816,1,1,0,1.0,0.0,25.0,1,1,1,1,1
6512,7698782,11576.0,1157599.9999993432,1,1,0,1.0,0.0,11576.0,1,1,1,1,1
6513,7698784,12759.0,1275899.9999992761,1,1,0,1.0,0.0,12759.0,1,1,1,1,1
6514,7698786,16409.0,1640899.9999990691,1,1,0,1.0,0.0,16409.0,1,1,1,1,1
6515,7698788,8557.0,855699.9999995145,1,1,0,1.0,0.0,8557.0,1,1,1,1,1
6516,7698790,745.0,74499.99999995774,1,1,0,1.0,0.0,745.0,1,1,1,1,1
6517,7698792,2137.0,213699.99999987878,1,1,0,1.0,0.0,2137.0,1,1,1,1,1
6518,7698794,22054.0,2205399.999998749,1,1,0,1.0,0.0,22054.0,1,1,1,1,1
6519,7698796,4310.0,430999.99999975547,1,1,0,1.0,0.0,4310.0,1,1,1,1,1
6520,7698798,1221.0,122099.99999993073,1,1,0,1.0,0.0,1221.0,1,1,1,1,1
6521,7698800,3287.0,328699.9999998135,1,1,0,1.0,0.0,3287.0,1,1,1,1,1
6522,7698802,1044.0,104399.99999994077,1,1,0,1.0,0.0,1044.0,1,1,1,1,1
6523,7698804,396.0,39599.99999997753,1,1,0,1.0,0.0,396.0,1,1,1,1,1
6524,7698806,6330.0,632999.9999996409,1,1,0,1.0,0.0,6330.0,1,1,1,1,1
6525,7698808,13210.0,1320999.9999992505,1,1,0,1.0,0.0,13210.0,1,1,1,1,1
6526,7698812,7355.0,735499.9999995828,1,1,0,1.0,0.0,7355.0,1,1,1,1,1
6527,7698814,1519.0,151899.99999991382,1,1,0,1.0,0.0,1519.0,1,1,1,1,1
6528,7698816,1105.0,110499.99999993731,1,1,0,1.0,0.0,1105.0,1,1,1,1,1
6529,7698818,1093.0,109299.999999938,1,1,0,1.0,0.0,1093.0,1,1,1,1,1
6530,7698822,670.0,66999.99999996199,1,1,0,1.0,0.0,670.0,1,1,1,1,1
6531,7698824,3952.0,395199.9999997758,1,1,0,1.0,0.0,3952.0,1,1,1,1,1
6532,7698826,1063.0,106299.9999999397,1,1,0,1.0,0.0,1063.0,1,1,1,1,1
6533,7698828,903.0,90299.99999994878,1,1,0,1.0,0.0,903.0,1,1,1,1,1
6534,7698830,4861.0,486099.9999997242,1,1,0,1.0,0.0,4861.0,1,1,1,1,1
6535,7698832,838.0,83799.99999995246,1,1,0,1.0,0.0,838.0,1,1,1,1,1
6536,7698834,4577.0,457699.99999974034,1,1,0,1.0,0.0,4577.0,1,1,1,1,1
6537,7698838,30.0,2999.9999999982983,1,1,0,1.0,0.0,30.0,1,1,1,1,1
6538,7698840,2943.0,294299.99999983306,1,1,0,1.0,0.0,2943.0,1,1,1,1,1
6539,7698842,3732.0,373199.9999997883,1,1,0,1.0,0.0,3732.0,1,1,1,1,1
6540,7698844,12.0,1199.9999999993192,1,1,0,1.0,0.0,12.0,1,1,1,1,1
6541,7698846,1555.0,155499.9999999118,1,1,0,1.0,0.0,1555.0,1,1,1,1,1
6542,7698848,17.0,1699.9999999990355,1,1,0,1.0,0.0,17.0,1,1,1,1,1
6543,7698850,125.0,12499.99999999291,1,1,0,1.0,0.0,125.0,1,1,1,1,1
6544,7698852,1202.0,120199.99999993181,1,1,0,1.0,0.0,1202.0,1,1,1,1,1
6545,7698854,35.0,3499.9999999980146,1,1,0,1.0,0.0,35.0,1,1,1,1,1
6546,7698856,4821.0,482099.9999997265,1,1,0,1.0,0.0,4821.0,1,1,1,1,1
6547,7698858,1902.0,190199.9999998921,1,1,0,1.0,0.0,1902.0,1,1,1,1,1
6548,7698860,143.0,14299.999999991887,1,1,0,1.0,0.0,143.0,1,1,1,1,1
6549,7698864,188.0,18799.999999989333,1,1,0,1.0,0.0,188.0,1,1,1,1,1
6550,7698868,246.0,24599.999999986045,1,1,0,1.0,0.0,246.0,1,1,1,1,1
6551,7698870,3412.0,341199.99999980646,1,1,0,1.0,0.0,3412.0,1,1,1,1,1
6552,7698872,362.0,36199.99999997947,1,1,0,1.0,0.0,362.0,1,1,1,1,1
6553,7698874,190.0,18999.99999998922,1,1,0,1.0,0.0,190.0,1,1,1,1,1
6554,7698876,165.0,16499.99999999064,1,1,0,1.0,0.0,165.0,1,1,1,1,1
6555,7698880,237.0,23699.999999986554,1,1,0,1.0,0.0,237.0,1,1,1,1,1
6556,7698882,220.0,21999.999999987518,1,1,0,1.0,0.0,220.0,1,1,1,1,1
6557,7698884,8.0,799.9999999995462,1,1,0,1.0,0.0,8.0,1,1,1,1,1
6558,7698886,29.0,2899.9999999983547,1,1,0,1.0,0.0,29.0,1,1,1,1,1
6559,7698892,1656.0,165599.99999990605,1,1,0,1.0,0.0,1656.0,1,1,1,1,1
6560,7698902,687.0,68699.99999996103,1,1,0,1.0,0.0,687.0,1,1,1,1,1
6561,7698904,6448.0,644799.9999996342,1,1,0,1.0,0.0,6448.0,1,1,1,1,1
6562,7698906,788.0,78799.9999999553,1,1,0,1.0,0.0,788.0,1,1,1,1,1
6563,7698908,1231.0,123099.99999993017,1,1,0,1.0,0.0,1231.0,1,1,1,1,1
6564,7698910,4703.0,470299.9999997332,1,1,0,1.0,0.0,4703.0,1,1,1,1,1
6565,7698914,3696.0,369599.99999979034,1,1,0,1.0,0.0,3696.0,1,1,1,1,1
6566,7698916,3166.0,316599.9999998204,1,1,0,1.0,0.0,3166.0,1,1,1,1,1
6567,7698918,28.0,2799.9999999984116,1,1,0,1.0,0.0,28.0,1,1,1,1,1
6568,7698924,4027.0,402699.99999977153,1,1,0,1.0,0.0,4027.0,1,1,1,1,1
6569,7698926,9.0,899.9999999994894,1,1,0,1.0,0.0,9.0,1,1,1,1,1
6570,7698928,14.0,1399.9999999992058,1,1,0,1.0,0.0,14.0,1,1,1,1,1
6571,7698930,18.0,1799.9999999989789,1,1,0,1.0,0.0,18.0,1,1,1,1,1
6572,7698932,822.0,82199.99999995336,1,1,0,1.0,0.0,822.0,1,1,1,1,1
6573,7698934,1.0,99.99999999994327,1,1,0,1.0,0.0,1.0,1,1,1,1,1
6574,7698936,617.0,61699.999999964995,1,1,0,1.0,0.0,617.0,1,1,1,1,1
6575,7698940,10.0,999.9999999994327,1,1,0,1.0,0.0,10.0,1,1,1,1,1
6576,7698948,152.0,15199.999999991378,1,1,0,1.0,0.0,152.0,1,1,1,1,1
6577,7698950,209.0,20899.999999988144,1,1,0,1.0,0.0,209.0,1,1,1,1,1
6578,7698952,21.0,2099.9999999988086,1,1,0,1.0,0.0,21.0,1,1,1,1,1
6579,7698954,992.0,99199.99999994373,1,1,0,1.0,0.0,992.0,1,1,1,1,1
6580,7698956,2292.0,229199.99999986996,1,1,0,1.0,0.0,2292.0,1,1,1,1,1
6581,7698958,37.0,3699.999999997901,1,1,0,1.0,0.0,37.0,1,1,1,1,1
6582,7698960,852.0,85199.99999995167,1,1,0,1.0,0.0,852.0,1,1,1,1,1
6583,7698962,13.0,1299.9999999992624,1,1,0,1.0,0.0,13.0,1,1,1,1,1
6584,7698966,88.0,8799.999999995009,1,1,0,1.0,0.0,88.0,1,1,1,1,1
6585,7698970,449.0,44899.99999997453,1,1,0,1.0,0.0,449.0,1,1,1,1,1
6586,7698972,30.0,2999.9999999982983,1,1,0,1.0,0.0,30.0,1,1,1,1,1
6587,7698974,2145.0,214499.99999987832,1,1,0,1.0,0.0,2145.0,1,1,1,1,1
6588,7698980,2305.0,230499.99999986924,1,1,0,1.0,0.0,2305.0,1,1,1,1,1
6589,7698984,49.0,4899.999999997221,1,1,0,1.0,0.0,49.0,1,1,1,1,1
6590,7698988,25.0,2499.9999999985816,1,1,0,1.0,0.0,25.0,1,1,1,1,1
6591,7698990,24.0,2399.9999999986385,1,1,0,1.0,0.0,24.0,1,1,1,1,1
6592,7698992,89.0,8899.99999999495,1,1,0,1.0,0.0,89.0,1,1,1,1,1
6593,7698994,1881.0,188099.9999998933,1,1,0,1.0,0.0,1881.0,1,1,1,1,1
6594,7699002,738.0,73799.99999995813,1,1,0,1.0,0.0,738.0,1,1,1,1,1
6595,7699010,3664.0,366399.99999979214,1,1,0,1.0,0.0,3664.0,1,1,1,1,1
6596,7699012,301.0,30099.999999982923,1,1,0,1.0,0.0,301.0,1,1,1,1,1
6597,7699014,186.0,18599.99999998945,1,1,0,1.0,0.0,186.0,1,1,1,1,1
6598,7699016,173.0,17299.999999990185,1,1,0,1.0,0.0,173.0,1,1,1,1,1
6599,7699018,241.0,24099.99999998633,1,1,0,1.0,0.0,241.0,1,1,1,1,1
6600,7699020,1112.0,111199.99999993692,1,1,0,1.0,0.0,1112.0,1,1,1,1,1
6601,7699022,367.0,36699.99999997918,1,1,0,1.0,0.0,367.0,1,1,1,1,1
6602,7699024,97.0,9699.999999994498,1,1,0,1.0,0.0,97.0,1,1,1,1,1
6603,7699030,2287.0,228699.99999987026,1,1,0,1.0,0.0,2287.0,1,1,1,1,1
6604,7699032,330.0,32999.99999998128,1,1,0,1.0,0.0,330.0,1,1,1,1,1
6605,7699040,10166.0,1016599.9999994233,1,1,0,1.0,0.0,10166.0,1,1,1,1,1
6606,7699044,1290.0,128999.99999992682,1,1,0,1.0,0.0,1290.0,1,1,1,1,1
6607,7699050,4961.0,496099.99999971857,1,1,0,1.0,0.0,4961.0,1,1,1,1,1
6608,7699060,1880.0,187999.99999989333,1,1,0,1.0,0.0,1880.0,1,1,1,1,1
6609,7699068,403.0,40299.99999997714,1,1,0,1.0,0.0,403.0,1,1,1,1,1
6610,7699914,64.0,6399.999999996369,1,1,0,1.0,0.0,64.0,1,1,1,1,1
6611,7699920,42.0,4199.999999997617,1,1,0,1.0,0.0,42.0,1,1,1,1,1
6612,7699926,3438.0,343799.99999980495,1,1,0,1.0,0.0,3438.0,1,1,1,1,1
6613,7699930,53.0,5299.999999996993,1,1,0,1.0,0.0,53.0,1,1,1,1,1
6614,7699936,1220.0,121999.99999993079,1,1,0,1.0,0.0,1220.0,1,1,1,1,1
6615,7699938,509.0,50899.99999997112,1,1,0,1.0,0.0,509.0,1,1,1,1,1
6616,7699940,7.0,699.9999999996029,1,1,0,1.0,0.0,7.0,1,1,1,1,1
6617,7699942,464.0,46399.999999973676,1,1,0,1.0,0.0,464.0,1,1,1,1,1
6618,7699944,1946.0,194599.9999998896,1,1,0,1.0,0.0,1946.0,1,1,1,1,1
6619,7699946,508.0,50799.99999997118,1,1,0,1.0,0.0,508.0,1,1,1,1,1
6620,7699948,9.0,899.9999999994894,1,1,0,1.0,0.0,9.0,1,1,1,1,1
6621,7699952,409.0,40899.9999999768,1,1,0,1.0,0.0,409.0,1,1,1,1,1
6622,7699954,2293.0,229299.9999998699,1,1,0,1.0,0.0,2293.0,1,1,1,1,1
6623,7699956,581.0,58099.99999996704,1,1,0,1.0,0.0,581.0,1,1,1,1,1
6624,7699958,245.0,24499.999999986103,1,1,0,1.0,0.0,245.0,1,1,1,1,1
6625,7699962,62.0,6199.999999996483,1,1,0,1.0,0.0,62.0,1,1,1,1,1
6626,7699964,3379.0,337899.9999998083,1,1,0,1.0,0.0,3379.0,1,1,1,1,1
6627,7699966,75.0,7499.999999995745,1,1,0,1.0,0.0,75.0,1,1,1,1,1
6628,7699970,238.0,23799.9999999865,1,1,0,1.0,0.0,238.0,1,1,1,1,1
6629,7699972,5094.0,509399.999999711,1,1,0,1.0,0.0,5094.0,1,1,1,1,1
6630,7699974,3919.0,391899.9999997777,1,1,0,1.0,0.0,3919.0,1,1,1,1,1
6631,7699978,2574.0,257399.999999854,1,1,0,1.0,0.0,2574.0,1,1,1,1,1
6632,7699980,9801.0,980099.999999444,1,1,0,1.0,0.0,9801.0,1,1,1,1,1
6633,7699982,3055.0,305499.9999998267,1,1,0,1.0,0.0,3055.0,1,1,1,1,1
6634,7699986,1308.0,130799.9999999258,1,1,0,1.0,0.0,1308.0,1,1,1,1,1
6635,7699988,1.0,99.99999999994327,1,1,0,1.0,0.0,1.0,1,1,1,1,1
6636,7699990,4887.0,488699.99999972276,1,1,0,1.0,0.0,4887.0,1,1,1,1,1
6637,7699992,10986.0,1098599.9999993767,1,1,0,1.0,0.0,10986.0,1,1,1,1,1
6638,7699994,23564.0,2356399.999998663,1,1,0,1.0,0.0,23564.0,1,1,1,1,1
6639,7699996,5909.0,590899.9999996648,1,1,0,1.0,0.0,5909.0,1,1,1,1,1
6640,7699998,1235.0,123499.99999992993,1,1,0,1.0,0.0,1235.0,1,1,1,1,1
6641,7700000,349.0,34899.9999999802,1,1,0,1.0,0.0,349.0,1,1,1,1,1
6642,7700002,743.0,74299.99999995784,1,1,0,1.0,0.0,743.0,1,1,1,1,1
6643,7700004,625.0,62499.999999964544,1,1,0,1.0,0.0,625.0,1,1,1,1,1
6644,7700006,315.0,31499.99999998213,1,1,0,1.0,0.0,315.0,1,1,1,1,1
6645,7700008,16160.0,1615999.9999990833,1,1,0,1.0,0.0,16160.0,1,1,1,1,1
6646,7700010,2586.0,258599.9999998533,1,1,0,1.0,0.0,2586.0,1,1,1,1,1
6647,7700012,5025.0,502499.99999971496,1,1,0,1.0,0.0,5025.0,1,1,1,1,1
6648,7700014,606.0,60599.99999996562,1,1,0,1.0,0.0,606.0,1,1,1,1,1
6649,7700020,434.0,43399.99999997538,1,1,0,1.0,0.0,434.0,1,1,1,1,1
6650,7700022,588.0,58799.99999996664,1,1,0,1.0,0.0,588.0,1,1,1,1,1
6651,7700024,5008.0,500799.9999997159,1,1,0,1.0,0.0,5008.0,1,1,1,1,1
6652,7700026,173.0,17299.999999990185,1,1,0,1.0,0.0,173.0,1,1,1,1,1
6653,7700030,767.0,76699.99999995649,1,1,0,1.0,0.0,767.0,1,1,1,1,1
6654,7700032,734.0,73399.99999995837,1,1,0,1.0,0.0,734.0,1,1,1,1,1
6655,7700036,935.0,93499.99999994696,1,1,0,1.0,0.0,935.0,1,1,1,1,1
6656,7700038,128.0,12799.999999992739,1,1,0,1.0,0.0,128.0,1,1,1,1,1
6657,7700042,2192.0,219199.99999987564,1,1,0,1.0,0.0,2192.0,1,1,1,1,1
6658,7700046,114.0,11399.999999993533,1,1,0,1.0,0.0,114.0,1,1,1,1,1
6659,7700048,4380.0,437999.9999997515,1,1,0,1.0,0.0,4380.0,1,1,1,1,1
6660,7700050,3638.0,363799.9999997936,1,1,0,1.0,0.0,3638.0,1,1,1,1,1
6661,7700052,2706.0,270599.9999998465,1,1,0,1.0,0.0,2706.0,1,1,1,1,1
6662,7700054,9891.0,989099.9999994389,1,1,0,1.0,0.0,9891.0,1,1,1,1,1
6663,7700056,2515.0,251499.99999985733,1,1,0,1.0,0.0,2515.0,1,1,1,1,1
6664,7700058,2604.0,260399.99999985227,1,1,0,1.0,0.0,2604.0,1,1,1,1,1
6665,7700060,1943.0,194299.99999988978,1,1,0,1.0,0.0,1943.0,1,1,1,1,1
6666,7700064,3197.0,319699.9999998186,1,1,0,1.0,0.0,3197.0,1,1,1,1,1
6667,7700066,2503.0,250299.999999858,1,1,0,1.0,0.0,2503.0,1,1,1,1,1
6668,7700068,2543.0,254299.99999985573,1,1,0,1.0,0.0,2543.0,1,1,1,1,1
6669,7700070,918.0,91799.99999994792,1,1,0,1.0,0.0,918.0,1,1,1,1,1
6670,7700074,4293.0,429299.99999975646,1,1,0,1.0,0.0,4293.0,1,1,1,1,1
6671,7700076,1608.0,160799.9999999088,1,1,0,1.0,0.0,1608.0,1,1,1,1,1
6672,7700078,195.0,19499.999999988937,1,1,0,1.0,0.0,195.0,1,1,1,1,1
6673,7700080,6963.0,696299.999999605,1,1,0,1.0,0.0,6963.0,1,1,1,1,1
6674,7700082,1604.0,160399.999999909,1,1,0,1.0,0.0,1604.0,1,1,1,1,1
6675,7700084,6661.0,666099.9999996221,1,1,0,1.0,0.0,6661.0,1,1,1,1,1
6676,7700088,1669.0,166899.99999990533,1,1,0,1.0,0.0,1669.0,1,1,1,1,1
6677,7700090,1032.0,103199.99999994146,1,1,0,1.0,0.0,1032.0,1,1,1,1,1
6678,7700092,2860.0,285999.9999998378,1,1,0,1.0,0.0,2860.0,1,1,1,1,1
6679,7700094,40.0,3999.999999997731,1,1,0,1.0,0.0,40.0,1,1,1,1,1
6680,7700096,5944.0,594399.9999996627,1,1,0,1.0,0.0,5944.0,1,1,1,1,1
6681,7700098,6140.0,613999.9999996517,1,1,0,1.0,0.0,6140.0,1,1,1,1,1
6682,7700100,157.0,15699.999999991094,1,1,0,1.0,0.0,157.0,1,1,1,1,1
6683,7700102,4430.0,442999.99999974866,1,1,0,1.0,0.0,4430.0,1,1,1,1,1
6684,7700104,10402.0,1040199.9999994099,1,1,0,1.0,0.0,10402.0,1,1,1,1,1
6685,7700110,620.0,61999.99999996483,1,1,0,1.0,0.0,620.0,1,1,1,1,1
6686,7700114,15855.0,1585499.9999991006,1,1,0,1.0,0.0,15855.0,1,1,1,1,1
6687,7700116,132.0,13199.999999992511,1,1,0,1.0,0.0,132.0,1,1,1,1,1
6688,7700118,12052.0,1205199.9999993164,1,1,0,1.0,0.0,12052.0,1,1,1,1,1
6689,7700122,1193.0,119299.99999993232,1,1,0,1.0,0.0,1193.0,1,1,1,1,1
6690,7700124,4013.0,401299.99999977235,1,1,0,1.0,0.0,4013.0,1,1,1,1,1
6691,7700126,3173.0,317299.99999982,1,1,0,1.0,0.0,3173.0,1,1,1,1,1
6692,7700128,2806.0,280599.9999998408,1,1,0,1.0,0.0,2806.0,1,1,1,1,1
6693,7700130,12020.0,1201999.999999318,1,1,0,1.0,0.0,12020.0,1,1,1,1,1
6694,7700132,10.0,999.9999999994327,1,1,0,1.0,0.0,10.0,1,1,1,1,1
6695,7700134,218.0,21799.999999987635,1,1,0,1.0,0.0,218.0,1,1,1,1,1
6696,7700136,6382.0,638199.999999638,1,1,0,1.0,0.0,6382.0,1,1,1,1,1
6697,7700138,22972.0,2297199.9999986966,1,1,0,1.0,0.0,22972.0,1,1,1,1,1
6698,7700140,2336.0,233599.9999998675,1,1,0,1.0,0.0,2336.0,1,1,1,1,1
6699,7700142,831.0,83099.99999995285,1,1,0,1.0,0.0,831.0,1,1,1,1,1
6700,7700146,400.0,39999.999999977306,1,1,0,1.0,0.0,400.0,1,1,1,1,1
6701,7700148,1942.0,194199.99999988984,1,1,0,1.0,0.0,1942.0,1,1,1,1,1
6702,7700150,12753.0,1275299.9999992766,1,1,0,1.0,0.0,12753.0,1,1,1,1,1
6703,7700152,17956.0,1795599.9999989814,1,1,0,1.0,0.0,17956.0,1,1,1,1,1
6704,7700154,1523.0,152299.9999999136,1,1,0,1.0,0.0,1523.0,1,1,1,1,1
6705,7700158,42.0,4199.999999997617,1,1,0,1.0,0.0,42.0,1,1,1,1,1
6706,7700160,14.0,1399.9999999992058,1,1,0,1.0,0.0,14.0,1,1,1,1,1
6707,7700162,6440.0,643999.9999996347,1,1,0,1.0,0.0,6440.0,1,1,1,1,1
6708,7700164,11560.0,1155999.999999344,1,1,0,1.0,0.0,11560.0,1,1,1,1,1
6709,7700166,983.0,98299.99999994424,1,1,0,1.0,0.0,983.0,1,1,1,1,1
6710,7700168,5202.0,520199.9999997049,1,1,0,1.0,0.0,5202.0,1,1,1,1,1
6711,7700174,23494.0,2349399.9999986673,1,1,0,1.0,0.0,23494.0,1,1,1,1,1
6712,7700176,1345.0,134499.9999999237,1,1,0,1.0,0.0,1345.0,1,1,1,1,1
6713,7700178,91.0,9099.999999994838,1,1,0,1.0,0.0,91.0,1,1,1,1,1
6714,7700180,1587.0,158699.99999990998,1,1,0,1.0,0.0,1587.0,1,1,1,1,1
6715,7700182,3198.0,319799.99999981857,1,1,0,1.0,0.0,3198.0,1,1,1,1,1
6716,7700184,617.0,61699.999999964995,1,1,0,1.0,0.0,617.0,1,1,1,1,1
6717,7700186,18.0,1799.9999999989789,1,1,0,1.0,0.0,18.0,1,1,1,1,1
6718,7700188,2071.0,207099.9999998825,1,1,0,1.0,0.0,2071.0,1,1,1,1,1
6719,7700190,6463.0,646299.9999996334,1,1,0,1.0,0.0,6463.0,1,1,1,1,1
6720,7700192,2979.0,297899.999999831,1,1,0,1.0,0.0,2979.0,1,1,1,1,1
6721,7700194,14342.0,1434199.9999991865,1,1,0,1.0,0.0,14342.0,1,1,1,1,1
6722,7700196,1097.0,109699.99999993776,1,1,0,1.0,0.0,1097.0,1,1,1,1,1
6723,7700198,8605.0,860499.9999995119,1,1,0,1.0,0.0,8605.0,1,1,1,1,1
6724,7700200,15981.0,1598099.9999990934,1,1,0,1.0,0.0,15981.0,1,1,1,1,1
6725,7700204,2812.0,281199.99999984045,1,1,0,1.0,0.0,2812.0,1,1,1,1,1
6726,7700208,11236.0,1123599.9999993625,1,1,0,1.0,0.0,11236.0,1,1,1,1,1
6727,7700212,14734.0,1473399.9999991641,1,1,0,1.0,0.0,14734.0,1,1,1,1,1
6728,7700218,25833.0,2583299.9999985346,1,1,0,1.0,0.0,25833.0,1,1,1,1,1
6729,7700220,1030.0,102999.99999994157,1,1,0,1.0,0.0,1030.0,1,1,1,1,1
6730,7700224,13290.0,1328999.999999246,1,1,0,1.0,0.0,13290.0,1,1,1,1,1
6731,7700228,672.0,67199.99999996187,1,1,0,1.0,0.0,672.0,1,1,1,1,1
6732,7700230,99.0,9899.999999994383,1,1,0,1.0,0.0,99.0,1,1,1,1,1
6733,7700236,11463.0,1146299.9999993497,1,1,0,1.0,0.0,11463.0,1,1,1,1,1
6734,7700244,6297.0,629699.9999996427,1,1,0,1.0,0.0,6297.0,1,1,1,1,1
6735,7700246,5384.0,538399.9999996945,1,1,0,1.0,0.0,5384.0,1,1,1,1,1
6736,7700248,1938.0,193799.99999989005,1,1,0,1.0,0.0,1938.0,1,1,1,1,1
6737,7700252,24.0,2399.9999999986385,1,1,0,1.0,0.0,24.0,1,1,1,1,1
6738,7700254,2795.0,279499.99999984144,1,1,0,1.0,0.0,2795.0,1,1,1,1,1
6739,7700256,2044.0,204399.99999988405,1,1,0,1.0,0.0,2044.0,1,1,1,1,1
6740,7700260,1661.0,166099.99999990576,1,1,0,1.0,0.0,1661.0,1,1,1,1,1
6741,7700262,1645.0,164499.9999999067,1,1,0,1.0,0.0,1645.0,1,1,1,1,1
6742,7700264,10693.0,1069299.9999993935,1,1,0,1.0,0.0,10693.0,1,1,1,1,1
6743,7700266,6614.0,661399.9999996248,1,1,0,1.0,0.0,6614.0,1,1,1,1,1
6744,7700268,160.0,15999.999999990923,1,1,0,1.0,0.0,160.0,1,1,1,1,1
6745,7700270,632.0,63199.999999964144,1,1,0,1.0,0.0,632.0,1,1,1,1,1
6746,7700272,4745.0,474499.9999997308,1,1,0,1.0,0.0,4745.0,1,1,1,1,1
6747,7700276,2.0,199.99999999988654,1,1,0,1.0,0.0,2.0,1,1,1,1,1
6748,7700286,109.0,10899.999999993817,1,1,0,1.0,0.0,109.0,1,1,1,1,1
6749,7700288,18160.0,1815999.9999989697,1,1,0,1.0,0.0,18160.0,1,1,1,1,1
6750,7700292,8.0,799.9999999995462,1,1,0,1.0,0.0,8.0,1,1,1,1,1
6751,7700294,4711.0,471099.99999973277,1,1,0,1.0,0.0,4711.0,1,1,1,1,1
6752,7700300,74.0,7399.999999995802,1,1,0,1.0,0.0,74.0,1,1,1,1,1
6753,7700302,936.0,93599.9999999469,1,1,0,1.0,0.0,936.0,1,1,1,1,1
6754,7700304,13093.0,1309299.9999992573,1,1,0,1.0,0.0,13093.0,1,1,1,1,1
6755,7700306,1186.0,118599.99999993271,1,1,0,1.0,0.0,1186.0,1,1,1,1,1
6756,7700308,443.0,44299.99999997487,1,1,0,1.0,0.0,443.0,1,1,1,1,1
6757,7700310,1517.0,151699.99999991394,1,1,0,1.0,0.0,1517.0,1,1,1,1,1
6758,7700312,871.0,87099.99999995058,1,1,0,1.0,0.0,871.0,1,1,1,1,1
6759,7700314,5244.0,524399.9999997026,1,1,0,1.0,0.0,5244.0,1,1,1,1,1
6760,7700318,50.0,4999.999999997163,1,1,0,1.0,0.0,50.0,1,1,1,1,1
6761,7700320,14391.0,1439099.9999991837,1,1,0,1.0,0.0,14391.0,1,1,1,1,1
6762,7700322,1822.0,182199.99999989665,1,1,0,1.0,0.0,1822.0,1,1,1,1,1
6763,7700324,902.0,90199.99999994884,1,1,0,1.0,0.0,902.0,1,1,1,1,1
6764,7700326,218.0,21799.999999987635,1,1,0,1.0,0.0,218.0,1,1,1,1,1
6765,7700328,61.0,6099.999999996539,1,1,0,1.0,0.0,61.0,1,1,1,1,1
6766,7700334,709.0,70899.99999995978,1,1,0,1.0,0.0,709.0,1,1,1,1,1
6767,7700342,210.0,20999.999999988086,1,1,0,1.0,0.0,210.0,1,1,1,1,1
6768,7700346,3021.0,302099.99999982864,1,1,0,1.0,0.0,3021.0,1,1,1,1,1
6769,7700350,283.0,28299.999999983946,1,1,0,1.0,0.0,283.0,1,1,1,1,1
6770,7700352,106.0,10599.999999993986,1,1,0,1.0,0.0,106.0,1,1,1,1,1
6771,7700354,49.0,4899.999999997221,1,1,0,1.0,0.0,49.0,1,1,1,1,1
6772,7700356,50.0,4999.999999997163,1,1,0,1.0,0.0,50.0,1,1,1,1,1
6773,7700360,145.0,14499.999999991775,1,1,0,1.0,0.0,145.0,1,1,1,1,1
6774,7700362,135.0,13499.999999992342,1,1,0,1.0,0.0,135.0,1,1,1,1,1
6775,7700366,895.0,89499.99999994923,1,1,0,1.0,0.0,895.0,1,1,1,1,1
6776,7700368,526.0,52599.99999997016,1,1,0,1.0,0.0,526.0,1,1,1,1,1
6777,7700372,403.0,40299.99999997714,1,1,0,1.0,0.0,403.0,1,1,1,1,1
6778,7700374,9617.0,961699.9999994545,1,1,0,1.0,0.0,9617.0,1,1,1,1,1
6779,7700376,585.0,58499.999999966814,1,1,0,1.0,0.0,585.0,1,1,1,1,1
6780,7700378,2286.0,228599.9999998703,1,1,0,1.0,0.0,2286.0,1,1,1,1,1
6781,7700380,979.0,97899.99999994446,1,1,0,1.0,0.0,979.0,1,1,1,1,1
6782,7700382,13564.0,1356399.9999992305,1,1,0,1.0,0.0,13564.0,1,1,1,1,1
6783,7700386,234.0,23399.999999986725,1,1,0,1.0,0.0,234.0,1,1,1,1,1
6784,7700390,89.0,8899.99999999495,1,1,0,1.0,0.0,89.0,1,1,1,1,1
6785,7700392,2059.0,205899.9999998832,1,1,0,1.0,0.0,2059.0,1,1,1,1,1
6786,7700394,785.0,78499.99999995547,1,1,0,1.0,0.0,785.0,1,1,1,1,1
6787,7700396,864.0,86399.99999995099,1,1,0,1.0,0.0,864.0,1,1,1,1,1
6788,7700398,10164.0,1016399.9999994234,1,1,0,1.0,0.0,10164.0,1,1,1,1,1
6789,7700400,1067.0,106699.99999993946,1,1,0,1.0,0.0,1067.0,1,1,1,1,1
6790,7700408,203.0,20299.999999988482,1,1,0,1.0,0.0,203.0,1,1,1,1,1
6791,7700414,2309.0,230899.999999869,1,1,0,1.0,0.0,2309.0,1,1,1,1,1
6792,7700416,81.0,8099.999999995405,1,1,0,1.0,0.0,81.0,1,1,1,1,1
6793,7700418,27.0,2699.9999999984684,1,1,0,1.0,0.0,27.0,1,1,1,1,1
6794,7700422,155.0,15499.999999991207,1,1,0,1.0,0.0,155.0,1,1,1,1,1
6795,7700436,235.0,23499.999999986667,1,1,0,1.0,0.0,235.0,1,1,1,1,1
6796,7700438,180.0,17999.99999998979,1,1,0,1.0,0.0,180.0,1,1,1,1,1
6797,7700440,214.0,21399.99999998786,1,1,0,1.0,0.0,214.0,1,1,1,1,1
6798,7700446,18.0,1799.9999999989789,1,1,0,1.0,0.0,18.0,1,1,1,1,1
6799,7700448,84.0,8399.999999995234,1,1,0,1.0,0.0,84.0,1,1,1,1,1
6800,7700452,206.0,20599.999999988315,1,1,0,1.0,0.0,206.0,1,1,1,1,1
6801,7700454,543.0,54299.99999996919,1,1,0,1.0,0.0,543.0,1,1,1,1,1
6802,7700456,942.0,94199.99999994657,1,1,0,1.0,0.0,942.0,1,1,1,1,1
6803,7700458,77.0,7699.999999995632,1,1,0,1.0,0.0,77.0,1,1,1,1,1
6804,7700460,338.0,33799.99999998083,1,1,0,1.0,0.0,338.0,1,1,1,1,1
6805,7700462,35.0,3499.9999999980146,1,1,0,1.0,0.0,35.0,1,1,1,1,1
6806,7700464,23.0,2299.9999999986953,1,1,0,1.0,0.0,23.0,1,1,1,1,1
6807,7700466,8.0,799.9999999995462,1,1,0,1.0,0.0,8.0,1,1,1,1,1
6808,7700472,1.0,99.99999999994327,1,1,0,1.0,0.0,1.0,1,1,1,1,1
6809,7700476,504.0,50399.999999971405,1,1,0,1.0,0.0,504.0,1,1,1,1,1
6810,7700480,5.0,499.99999999971635,1,1,0,1.0,0.0,5.0,1,1,1,1,1
6811,7700482,540.0,53999.99999996937,1,1,0,1.0,0.0,540.0,1,1,1,1,1
6812,7700488,610.0,60999.999999965396,1,1,0,1.0,0.0,610.0,1,1,1,1,1
6813,7700492,16.0,1599.9999999990923,1,1,0,1.0,0.0,16.0,1,1,1,1,1
6814,7700496,663.0,66299.99999996238,1,1,0,1.0,0.0,663.0,1,1,1,1,1
6815,7700502,243.0,24299.999999986216,1,1,0,1.0,0.0,243.0,1,1,1,1,1
6816,7700504,150.0,14999.99999999149,1,1,0,1.0,0.0,150.0,1,1,1,1,1
6817,7700510,76.0,7599.999999995689,1,1,0,1.0,0.0,76.0,1,1,1,1,1
6818,7700512,306.0,30599.99999998264,1,1,0,1.0,0.0,306.0,1,1,1,1,1
6819,7700516,3526.0,352599.9999998,1,1,0,1.0,0.0,3526.0,1,1,1,1,1
6820,7700518,377.0,37699.999999978616,1,1,0,1.0,0.0,377.0,1,1,1,1,1
6821,7700524,20.0,1999.9999999988654,1,1,0,1.0,0.0,20.0,1,1,1,1,1
6822,7700526,162.0,16199.99999999081,1,1,0,1.0,0.0,162.0,1,1,1,1,1
6823,7700532,502.0,50199.99999997152,1,1,0,1.0,0.0,502.0,1,1,1,1,1
6824,7700534,2217.0,221699.99999987424,1,1,0,1.0,0.0,2217.0,1,1,1,1,1
6825,7700536,94.0,9399.999999994667,1,1,0,1.0,0.0,94.0,1,1,1,1,1
6826,7700542,62.0,6199.999999996483,1,1,0,1.0,0.0,62.0,1,1,1,1,1
6827,7700546,2.0,199.99999999988654,1,1,0,1.0,0.0,2.0,1,1,1,1,1
6828,7700550,8041.0,804099.9999995439,1,1,0,1.0,0.0,8041.0,1,1,1,1,1
6829,7700556,1294.0,129399.99999992659,1,1,0,1.0,0.0,1294.0,1,1,1,1,1
6830,7700558,153.0,15299.99999999132,1,1,0,1.0,0.0,153.0,1,1,1,1,1
6831,7700564,33.0,3299.999999998128,1,1,0,1.0,0.0,33.0,1,1,1,1,1
6832,7700566,215.0,21499.999999987802,1,1,0,1.0,0.0,215.0,1,1,1,1,1
6833,7700690,109.0,10899.999999993817,1,1,0,1.0,0.0,109.0,1,1,1,1,1
6834,7700692,1594.0,159399.99999990957,1,1,0,1.0,0.0,1594.0,1,1,1,1,1
6835,7700694,3756.0,375599.9999997869,1,1,0,1.0,0.0,3756.0,1,1,1,1,1
6836,7700696,1026.0,102599.99999994179,1,1,0,1.0,0.0,1026.0,1,1,1,1,1
6837,7700698,3643.0,364299.9999997933,1,1,0,1.0,0.0,3643.0,1,1,1,1,1
6838,7700700,20.0,1999.9999999988654,1,1,0,1.0,0.0,20.0,1,1,1,1,1
6839,7700702,9911.0,991099.9999994377,1,1,0,1.0,0.0,9911.0,1,1,1,1,1
6840,7700704,62.0,6199.999999996483,1,1,0,1.0,0.0,62.0,1,1,1,1,1
6841,7700708,27.0,2699.9999999984684,1,1,0,1.0,0.0,27.0,1,1,1,1,1
6842,7700710,41.0,4099.999999997674,1,1,0,1.0,0.0,41.0,1,1,1,1,1
6843,7700712,43.0,4299.999999997561,1,1,0,1.0,0.0,43.0,1,1,1,1,1
6844,7700714,861.0,86099.99999995115,1,1,0,1.0,0.0,861.0,1,1,1,1,1
6845,7700716,2173.0,217299.99999987672,1,1,0,1.0,0.0,2173.0,1,1,1,1,1
6846,7700718,1741.0,174099.99999990122,1,1,0,1.0,0.0,1741.0,1,1,1,1,1
6847,7700720,1804.0,180399.99999989767,1,1,0,1.0,0.0,1804.0,1,1,1,1,1
6848,7700726,3391.0,339099.9999998076,1,1,0,1.0,0.0,3391.0,1,1,1,1,1
6849,7700728,1234.0,123399.99999992999,1,1,0,1.0,0.0,1234.0,1,1,1,1,1
6850,7700730,2470.0,246999.99999985987,1,1,0,1.0,0.0,2470.0,1,1,1,1,1
6851,7700732,182.0,18199.999999989675,1,1,0,1.0,0.0,182.0,1,1,1,1,1
6852,7700734,622.0,62199.99999996471,1,1,0,1.0,0.0,622.0,1,1,1,1,1
6853,7700736,1164.0,116399.99999993396,1,1,0,1.0,0.0,1164.0,1,1,1,1,1
6854,7700738,607.0,60699.99999996556,1,1,0,1.0,0.0,607.0,1,1,1,1,1
6855,7700740,2397.0,239699.99999986403,1,1,0,1.0,0.0,2397.0,1,1,1,1,1
6856,7700742,544.0,54399.999999969135,1,1,0,1.0,0.0,544.0,1,1,1,1,1
6857,7700744,384.0,38399.999999978216,1,1,0,1.0,0.0,384.0,1,1,1,1,1
6858,7700746,8859.0,885899.9999994974,1,1,0,1.0,0.0,8859.0,1,1,1,1,1
6859,7700748,5744.0,574399.9999996742,1,1,0,1.0,0.0,5744.0,1,1,1,1,1
6860,7700750,9065.0,906499.9999994858,1,1,0,1.0,0.0,9065.0,1,1,1,1,1
6861,7700752,5512.0,551199.9999996873,1,1,0,1.0,0.0,5512.0,1,1,1,1,1
6862,7700754,171.0,17099.999999990298,1,1,0,1.0,0.0,171.0,1,1,1,1,1
6863,7700760,4936.0,493599.99999971996,1,1,0,1.0,0.0,4936.0,1,1,1,1,1
6864,7700762,6094.0,609399.9999996542,1,1,0,1.0,0.0,6094.0,1,1,1,1,1
6865,7700764,2301.0,230099.99999986947,1,1,0,1.0,0.0,2301.0,1,1,1,1,1
6866,7700766,631.0,63099.9999999642,1,1,0,1.0,0.0,631.0,1,1,1,1,1
6867,7700768,4155.0,415499.99999976426,1,1,0,1.0,0.0,4155.0,1,1,1,1,1
6868,7700770,16823.0,1682299.9999990456,1,1,0,1.0,0.0,16823.0,1,1,1,1,1
6869,7700772,8225.0,822499.9999995334,1,1,0,1.0,0.0,8225.0,1,1,1,1,1
6870,7700776,4525.0,452499.9999997433,1,1,0,1.0,0.0,4525.0,1,1,1,1,1
6871,7700778,283.0,28299.999999983946,1,1,0,1.0,0.0,283.0,1,1,1,1,1
6872,7700780,1673.0,167299.9999999051,1,1,0,1.0,0.0,1673.0,1,1,1,1,1
6873,7700784,205.0,20499.99999998837,1,1,0,1.0,0.0,205.0,1,1,1,1,1
6874,7700786,9070.0,906999.9999994854,1,1,0,1.0,0.0,9070.0,1,1,1,1,1
6875,7700788,49.0,4899.999999997221,1,1,0,1.0,0.0,49.0,1,1,1,1,1
6876,7700792,287.0,28699.99999998372,1,1,0,1.0,0.0,287.0,1,1,1,1,1
6877,7700794,251.0,25099.99999998576,1,1,0,1.0,0.0,251.0,1,1,1,1,1
6878,7700796,16596.0,1659599.9999990584,1,1,0,1.0,0.0,16596.0,1,1,1,1,1
6879,7700802,7795.0,779499.9999995577,1,1,0,1.0,0.0,7795.0,1,1,1,1,1
6880,7700804,738.0,73799.99999995813,1,1,0,1.0,0.0,738.0,1,1,1,1,1
6881,7700806,1.0,99.99999999994327,1,1,0,1.0,0.0,1.0,1,1,1,1,1
6882,7700808,4110.0,410999.9999997668,1,1,0,1.0,0.0,4110.0,1,1,1,1,1
6883,7700810,197.0,19699.999999988824,1,1,0,1.0,0.0,197.0,1,1,1,1,1
6884,7700812,1016.0,101599.99999994236,1,1,0,1.0,0.0,1016.0,1,1,1,1,1
6885,7700814,3088.0,308799.9999998248,1,1,0,1.0,0.0,3088.0,1,1,1,1,1
6886,7700816,182.0,18199.999999989675,1,1,0,1.0,0.0,182.0,1,1,1,1,1
6887,7700818,2282.0,228199.99999987055,1,1,0,1.0,0.0,2282.0,1,1,1,1,1
6888,7700820,76.0,7599.999999995689,1,1,0,1.0,0.0,76.0,1,1,1,1,1
6889,7700822,1318.0,131799.99999992523,1,1,0,1.0,0.0,1318.0,1,1,1,1,1
6890,7700824,10985.0,1098499.9999993767,1,1,0,1.0,0.0,10985.0,1,1,1,1,1
6891,7700826,288.0,28799.999999983662,1,1,0,1.0,0.0,288.0,1,1,1,1,1
6892,7700828,5387.0,538699.9999996944,1,1,0,1.0,0.0,5387.0,1,1,1,1,1
6893,7700830,315.0,31499.99999998213,1,1,0,1.0,0.0,315.0,1,1,1,1,1
6894,7700832,371.0,37099.99999997895,1,1,0,1.0,0.0,371.0,1,1,1,1,1
6895,7700838,1603.0,160299.99999990905,1,1,0,1.0,0.0,1603.0,1,1,1,1,1
6896,7700842,190.0,18999.99999998922,1,1,0,1.0,0.0,190.0,1,1,1,1,1
6897,7700844,596.0,59599.99999996619,1,1,0,1.0,0.0,596.0,1,1,1,1,1
6898,7700846,521.0,52099.999999970445,1,1,0,1.0,0.0,521.0,1,1,1,1,1
6899,7700848,457.0,45699.999999974076,1,1,0,1.0,0.0,457.0,1,1,1,1,1
6900,7700850,742.0,74199.9999999579,1,1,0,1.0,0.0,742.0,1,1,1,1,1
6901,7700852,2485.0,248499.99999985902,1,1,0,1.0,0.0,2485.0,1,1,1,1,1
6902,7700854,147.0,14699.99999999166,1,1,0,1.0,0.0,147.0,1,1,1,1,1
6903,7700856,13.0,1299.9999999992624,1,1,0,1.0,0.0,13.0,1,1,1,1,1
6904,7700858,426.0,42599.99999997584,1,1,0,1.0,0.0,426.0,1,1,1,1,1
6905,7700862,184.0,18399.999999989563,1,1,0,1.0,0.0,184.0,1,1,1,1,1
6906,7700864,506.0,50599.999999971296,1,1,0,1.0,0.0,506.0,1,1,1,1,1
6907,7700866,439.0,43899.999999975094,1,1,0,1.0,0.0,439.0,1,1,1,1,1
6908,7700868,307.0,30699.999999982585,1,1,0,1.0,0.0,307.0,1,1,1,1,1
6909,7700874,739.0,73899.99999995808,1,1,0,1.0,0.0,739.0,1,1,1,1,1
6910,7700880,303.0,30299.99999998281,1,1,0,1.0,0.0,303.0,1,1,1,1,1
6911,7700882,15.0,1499.9999999991492,1,1,0,1.0,0.0,15.0,1,1,1,1,1
6912,7700884,5.0,499.99999999971635,1,1,0,1.0,0.0,5.0,1,1,1,1,1
6913,7700892,101.0,10099.99999999427,1,1,0,1.0,0.0,101.0,1,1,1,1,1
6914,7700898,59.0,5899.999999996653,1,1,0,1.0,0.0,59.0,1,1,1,1,1
6915,7700906,59.0,5899.999999996653,1,1,0,1.0,0.0,59.0,1,1,1,1,1
6916,7700910,3243.0,324299.999999816,1,1,0,1.0,0.0,3243.0,1,1,1,1,1
6917,7700912,4.0,399.9999999997731,1,1,0,1.0,0.0,4.0,1,1,1,1,1
6918,7700914,96.0,9599.999999994554,1,1,0,1.0,0.0,96.0,1,1,1,1,1
6919,7700916,2908.0,290799.99999983504,1,1,0,1.0,0.0,2908.0,1,1,1,1,1
6920,7700920,469.0,46899.99999997339,1,1,0,1.0,0.0,469.0,1,1,1,1,1
6921,7700922,9.0,899.9999999994894,1,1,0,1.0,0.0,9.0,1,1,1,1,1
6922,7700924,1739.0,173899.99999990134,1,1,0,1.0,0.0,1739.0,1,1,1,1,1
6923,7700926,10028.0,1002799.9999994311,1,1,0,1.0,0.0,10028.0,1,1,1,1,1
6924,7700928,435.0,43499.99999997532,1,1,0,1.0,0.0,435.0,1,1,1,1,1
6925,7700930,374.0,37399.99999997878,1,1,0,1.0,0.0,374.0,1,1,1,1,1
6926,7700934,14652.0,1465199.9999991688,1,1,0,1.0,0.0,14652.0,1,1,1,1,1
6927,7700936,239.0,23899.99999998644,1,1,0,1.0,0.0,239.0,1,1,1,1,1
6928,7700940,561.0,56099.999999968175,1,1,0,1.0,0.0,561.0,1,1,1,1,1
6929,7700942,163.0,16299.999999990752,1,1,0,1.0,0.0,163.0,1,1,1,1,1
6930,7700944,174.0,17399.99999999013,1,1,0,1.0,0.0,174.0,1,1,1,1,1
6931,7700952,60.0,5999.999999996597,1,1,0,1.0,0.0,60.0,1,1,1,1,1
6932,7700954,488.0,48799.999999972315,1,1,0,1.0,0.0,488.0,1,1,1,1,1
6933,7700956,188.0,18799.999999989333,1,1,0,1.0,0.0,188.0,1,1,1,1,1
6934,7700958,1226.0,122599.99999993046,1,1,0,1.0,0.0,1226.0,1,1,1,1,1
6935,7700964,7.0,699.9999999996029,1,1,0,1.0,0.0,7.0,1,1,1,1,1
6936,7700966,54.0,5399.999999996937,1,1,0,1.0,0.0,54.0,1,1,1,1,1
6937,7700968,9.0,899.9999999994894,1,1,0,1.0,0.0,9.0,1,1,1,1,1
6938,7700970,852.0,85199.99999995167,1,1,0,1.0,0.0,852.0,1,1,1,1,1
6939,7700972,463.0,46299.999999973734,1,1,0,1.0,0.0,463.0,1,1,1,1,1
6940,7700974,384.0,38399.999999978216,1,1,0,1.0,0.0,384.0,1,1,1,1,1
6941,7700982,4721.0,472099.9999997322,1,1,0,1.0,0.0,4721.0,1,1,1,1,1
6942,7700988,1120.0,111999.99999993647,1,1,0,1.0,0.0,1120.0,1,1,1,1,1
6943,7700994,213.0,21299.99999998792,1,1,0,1.0,0.0,213.0,1,1,1,1,1
6944,7700996,174.0,17399.99999999013,1,1,0,1.0,0.0,174.0,1,1,1,1,1
6945,7701000,3481.0,348099.9999998025,1,1,0,1.0,0.0,3481.0,1,1,1,1,1
6946,7701002,350.0,34999.999999980144,1,1,0,1.0,0.0,350.0,1,1,1,1,1
6947,7701008,114.0,11399.999999993533,1,1,0,1.0,0.0,114.0,1,1,1,1,1
6948,7701010,7219.0,721899.9999995905,1,1,0,1.0,0.0,7219.0,1,1,1,1,1
6949,7701012,3979.0,397899.99999977427,1,1,0,1.0,0.0,3979.0,1,1,1,1,1
6950,7701014,3164.0,316399.9999998205,1,1,0,1.0,0.0,3164.0,1,1,1,1,1
6951,7701028,353.0,35299.99999997998,1,1,0,1.0,0.0,353.0,1,1,1,1,1
6952,7701038,2014.0,201399.99999988574,1,1,0,1.0,0.0,2014.0,1,1,1,1,1
6953,7701046,206.0,20599.999999988315,1,1,0,1.0,0.0,206.0,1,1,1,1,1
6954,7701052,801.0,80099.99999995455,1,1,0,1.0,0.0,801.0,1,1,1,1,1
6955,7701054,2292.0,229199.99999986996,1,1,0,1.0,0.0,2292.0,1,1,1,1,1
6956,7701056,221.0,22099.999999987464,1,1,0,1.0,0.0,221.0,1,1,1,1,1
6957,7701058,676.0,67599.99999996166,1,1,0,1.0,0.0,676.0,1,1,1,1,1
6958,7701060,2113.0,211299.99999988012,1,1,0,1.0,0.0,2113.0,1,1,1,1,1
6959,7701062,22.0,2199.999999998752,1,1,0,1.0,0.0,22.0,1,1,1,1,1
6960,7701064,749.0,74899.99999995751,1,1,0,1.0,0.0,749.0,1,1,1,1,1
6961,7701072,148.0,14799.999999991604,1,1,0,1.0,0.0,148.0,1,1,1,1,1
6962,7701074,402.0,40199.9999999772,1,1,0,1.0,0.0,402.0,1,1,1,1,1
6963,7701078,28.0,2799.9999999984116,1,1,0,1.0,0.0,28.0,1,1,1,1,1
6964,7701080,19.0,1899.9999999989222,1,1,0,1.0,0.0,19.0,1,1,1,1,1
6965,7701082,96.0,9599.999999994554,1,1,0,1.0,0.0,96.0,1,1,1,1,1
6966,7701088,65.0,6499.999999996313,1,1,0,1.0,0.0,65.0,1,1,1,1,1
6967,7701090,595.0,59499.99999996625,1,1,0,1.0,0.0,595.0,1,1,1,1,1
6968,7701094,120.0,11999.999999993193,1,1,0,1.0,0.0,120.0,1,1,1,1,1
6969,7701096,1084.0,108399.9999999385,1,1,0,1.0,0.0,1084.0,1,1,1,1,1
6970,7701098,13544.0,1354399.9999992317,1,1,0,1.0,0.0,13544.0,1,1,1,1,1
6971,7701106,2305.0,230499.99999986924,1,1,0,1.0,0.0,2305.0,1,1,1,1,1
6972,7701112,9495.0,949499.9999994613,1,1,0,1.0,0.0,9495.0,1,1,1,1,1
6973,7701114,17.0,1699.9999999990355,1,1,0,1.0,0.0,17.0,1,1,1,1,1
6974,7701116,10.0,999.9999999994327,1,1,0,1.0,0.0,10.0,1,1,1,1,1
6975,7701126,3147.0,314699.9999998215,1,1,0,1.0,0.0,3147.0,1,1,1,1,1
6976,7701128,450.0,44999.99999997447,1,1,0,1.0,0.0,450.0,1,1,1,1,1
6977,7701132,130.0,12999.999999992626,1,1,0,1.0,0.0,130.0,1,1,1,1,1
6978,7701134,6.0,599.9999999996596,1,1,0,1.0,0.0,6.0,1,1,1,1,1
6979,7701142,76.0,7599.999999995689,1,1,0,1.0,0.0,76.0,1,1,1,1,1
6980,7701144,843.0,84299.99999995218,1,1,0,1.0,0.0,843.0,1,1,1,1,1
6981,7701146,167.0,16699.999999990527,1,1,0,1.0,0.0,167.0,1,1,1,1,1
6982,7701148,365.0,36499.99999997929,1,1,0,1.0,0.0,365.0,1,1,1,1,1
6983,7701150,56.0,5599.999999996823,1,1,0,1.0,0.0,56.0,1,1,1,1,1
6984,7701152,444.0,44399.99999997481,1,1,0,1.0,0.0,444.0,1,1,1,1,1
6985,7701154,70.0,6999.999999996029,1,1,0,1.0,0.0,70.0,1,1,1,1,1
6986,7701156,302.0,30199.99999998287,1,1,0,1.0,0.0,302.0,1,1,1,1,1
6987,7701160,211.0,21099.99999998803,1,1,0,1.0,0.0,211.0,1,1,1,1,1
6988,7701162,1228.0,122799.99999993034,1,1,0,1.0,0.0,1228.0,1,1,1,1,1
6989,7701170,15.0,1499.9999999991492,1,1,0,1.0,0.0,15.0,1,1,1,1,1
6990,7701172,482.0,48199.99999997266,1,1,0,1.0,0.0,482.0,1,1,1,1,1
6991,7701178,20618.0,2061799.9999988303,1,1,0,1.0,0.0,20618.0,1,1,1,1,1
6992,7701180,354.0,35399.99999997992,1,1,0,1.0,0.0,354.0,1,1,1,1,1
6993,7701182,2930.0,292999.99999983376,1,1,0,1.0,0.0,2930.0,1,1,1,1,1
6994,7701190,107.0,10699.99999999393,1,1,0,1.0,0.0,107.0,1,1,1,1,1
6995,7701194,2.0,199.99999999988654,1,1,0,1.0,0.0,2.0,1,1,1,1,1
6996,7701200,80.0,7999.999999995462,1,1,0,1.0,0.0,80.0,1,1,1,1,1
6997,7701202,1430.0,142999.9999999189,1,1,0,1.0,0.0,1430.0,1,1,1,1,1
6998,7701204,945.0,94499.99999994639,1,1,0,1.0,0.0,945.0,1,1,1,1,1
6999,7701208,193.0,19299.99999998905,1,1,0,1.0,0.0,193.0,1,1,1,1,1
7000,7701212,146.0,14599.999999991718,1,1,0,1.0,0.0,146.0,1,1,1,1,1
7001,7701216,875.0,87499.99999995036,1,1,0,1.0,0.0,875.0,1,1,1,1,1
7002,7701224,132.0,13199.999999992511,1,1,0,1.0,0.0,132.0,1,1,1,1,1
7003,7701230,4990.0,498999.99999971694,1,1,0,1.0,0.0,4990.0,1,1,1,1,1
7004,7701232,76.0,7599.999999995689,1,1,0,1.0,0.0,76.0,1,1,1,1,1
7005,7701234,30.0,2999.9999999982983,1,1,0,1.0,0.0,30.0,1,1,1,1,1
7006,7701236,613.0,61299.99999996523,1,1,0,1.0,0.0,613.0,1,1,1,1,1
7007,7701238,124.0,12399.999999992966,1,1,0,1.0,0.0,124.0,1,1,1,1,1
7008,7701240,830.0,82999.99999995291,1,1,0,1.0,0.0,830.0,1,1,1,1,1
7009,7701242,40.0,3999.999999997731,1,1,0,1.0,0.0,40.0,1,1,1,1,1
7010,7701244,1375.0,137499.999999922,1,1,0,1.0,0.0,1375.0,1,1,1,1,1
7011,7701246,31.0,3099.9999999982415,1,1,0,1.0,0.0,31.0,1,1,1,1,1
7012,7701248,1095.0,109499.99999993788,1,1,0,1.0,0.0,1095.0,1,1,1,1,1
7013,7701252,656.0,65599.99999996279,1,1,0,1.0,0.0,656.0,1,1,1,1,1
7014,7701254,269.0,26899.99999998474,1,1,0,1.0,0.0,269.0,1,1,1,1,1
7015,7701256,38.0,3799.9999999978445,1,1,0,1.0,0.0,38.0,1,1,1,1,1
7016,7701260,24.0,2399.9999999986385,1,1,0,1.0,0.0,24.0,1,1,1,1,1
7017,7701272,962.0,96199.99999994543,1,1,0,1.0,0.0,962.0,1,1,1,1,1
7018,7701276,1.0,99.99999999994327,1,1,0,1.0,0.0,1.0,1,1,1,1,1
7019,7701280,183.0,18299.999999989617,1,1,0,1.0,0.0,183.0,1,1,1,1,1
7020,7701286,81.0,8099.999999995405,1,1,0,1.0,0.0,81.0,1,1,1,1,1
7021,7701302,15.0,1499.9999999991492,1,1,0,1.0,0.0,15.0,1,1,1,1,1
7022,7701308,24.0,2399.9999999986385,1,1,0,1.0,0.0,24.0,1,1,1,1,1
7023,7701322,56.0,5599.999999996823,1,1,0,1.0,0.0,56.0,1,1,1,1,1
7024,7701324,158.0,15799.999999991036,1,1,0,1.0,0.0,158.0,1,1,1,1,1
7025,7701328,4467.0,446699.99999974656,1,1,0,1.0,0.0,4467.0,1,1,1,1,1
7026,7701332,3554.0,355399.99999979837,1,1,0,1.0,0.0,3554.0,1,1,1,1,1
7027,7701354,1944.0,194399.99999988973,1,1,0,1.0,0.0,1944.0,1,1,1,1,1
7028,7701362,3430.0,342999.9999998054,1,1,0,1.0,0.0,3430.0,1,1,1,1,1
7029,7701368,57.0,5699.999999996767,1,1,0,1.0,0.0,57.0,1,1,1,1,1
7030,7701374,931.0,93099.99999994719,1,1,0,1.0,0.0,931.0,1,1,1,1,1
7031,7701384,6426.0,642599.9999996355,1,1,0,1.0,0.0,6426.0,1,1,1,1,1
7032,7701386,179.0,17899.999999989846,1,1,0,1.0,0.0,179.0,1,1,1,1,1
7033,7701388,174.0,17399.99999999013,1,1,0,1.0,0.0,174.0,1,1,1,1,1
7034,7701390,11.0,1099.999999999376,1,1,0,1.0,0.0,11.0,1,1,1,1,1
7035,7701400,206.0,20599.999999988315,1,1,0,1.0,0.0,206.0,1,1,1,1,1
7036,7701404,325.0,32499.999999981563,1,1,0,1.0,0.0,325.0,1,1,1,1,1
7037,7701414,2701.0,270099.9999998468,1,1,0,1.0,0.0,2701.0,1,1,1,1,1
7038,7701420,607.0,60699.99999996556,1,1,0,1.0,0.0,607.0,1,1,1,1,1
7039,7701426,1.0,99.99999999994327,1,1,0,1.0,0.0,1.0,1,1,1,1,1
7040,7701428,569.0,56899.999999967724,1,1,0,1.0,0.0,569.0,1,1,1,1,1
7041,7701436,500.0,49999.99999997164,1,1,0,1.0,0.0,500.0,1,1,1,1,1
7042,7701452,364.0,36399.99999997935,1,1,0,1.0,0.0,364.0,1,1,1,1,1
7043,7701458,211.0,21099.99999998803,1,1,0,1.0,0.0,211.0,1,1,1,1,1
7044,7701460,2.0,199.99999999988654,1,1,0,1.0,0.0,2.0,1,1,1,1,1
7045,7701462,96.0,9599.999999994554,1,1,0,1.0,0.0,96.0,1,1,1,1,1
7046,7701974,31.0,3099.9999999982415,1,1,0,1.0,0.0,31.0,1,1,1,1,1
7047,7701976,15.0,1499.9999999991492,1,1,0,1.0,0.0,15.0,1,1,1,1,1
7048,7701978,435.0,43499.99999997532,1,1,0,1.0,0.0,435.0,1,1,1,1,1
7049,7701980,171.0,17099.999999990298,1,1,0,1.0,0.0,171.0,1,1,1,1,1
7050,7701982,208.0,20799.9999999882,1,1,0,1.0,0.0,208.0,1,1,1,1,1
7051,7701988,86.0,8599.999999995121,1,1,0,1.0,0.0,86.0,1,1,1,1,1
7052,7701990,32.0,3199.9999999981846,1,1,0,1.0,0.0,32.0,1,1,1,1,1
7053,7701996,2316.0,231599.99999986863,1,1,0,1.0,0.0,2316.0,1,1,1,1,1
7054,7701998,14.0,1399.9999999992058,1,1,0,1.0,0.0,14.0,1,1,1,1,1
7055,7702002,9.0,899.9999999994894,1,1,0,1.0,0.0,9.0,1,1,1,1,1
7056,7702004,96.0,9599.999999994554,1,1,0,1.0,0.0,96.0,1,1,1,1,1
7057,7702006,57.0,5699.999999996767,1,1,0,1.0,0.0,57.0,1,1,1,1,1
7058,7702008,322.0,32199.999999981734,1,1,0,1.0,0.0,322.0,1,1,1,1,1
7059,7702010,84.0,8399.999999995234,1,1,0,1.0,0.0,84.0,1,1,1,1,1
7060,7702022,30.0,2999.9999999982983,1,1,0,1.0,0.0,30.0,1,1,1,1,1
7061,7702024,57.0,5699.999999996767,1,1,0,1.0,0.0,57.0,1,1,1,1,1
7062,7702028,430.0,42999.999999975604,1,1,0,1.0,0.0,430.0,1,1,1,1,1
7063,7702040,18.0,1799.9999999989789,1,1,0,1.0,0.0,18.0,1,1,1,1,1
7064,7702046,395.0,39499.99999997759,1,1,0,1.0,0.0,395.0,1,1,1,1,1
7065,7702052,967.0,96699.99999994514,1,1,0,1.0,0.0,967.0,1,1,1,1,1
7066,7702054,275.0,27499.9999999844,1,1,0,1.0,0.0,275.0,1,1,1,1,1
7067,7702056,2.0,199.99999999988654,1,1,0,1.0,0.0,2.0,1,1,1,1,1
7068,7702058,16.0,1599.9999999990923,1,1,0,1.0,0.0,16.0,1,1,1,1,1
7069,7702060,534.0,53399.9999999697,1,1,0,1.0,0.0,534.0,1,1,1,1,1
7070,7702066,15.0,1499.9999999991492,1,1,0,1.0,0.0,15.0,1,1,1,1,1
7071,7702068,174.0,17399.99999999013,1,1,0,1.0,0.0,174.0,1,1,1,1,1
7072,7702072,1629.0,162899.9999999076,1,1,0,1.0,0.0,1629.0,1,1,1,1,1
7073,7702074,135.0,13499.999999992342,1,1,0,1.0,0.0,135.0,1,1,1,1,1
7074,7702076,213.0,21299.99999998792,1,1,0,1.0,0.0,213.0,1,1,1,1,1
7075,7702082,127.0,12699.999999992795,1,1,0,1.0,0.0,127.0,1,1,1,1,1
7076,7702084,49.0,4899.999999997221,1,1,0,1.0,0.0,49.0,1,1,1,1,1
7077,7702090,47.0,4699.999999997333,1,1,0,1.0,0.0,47.0,1,1,1,1,1
7078,7702096,145.0,14499.999999991775,1,1,0,1.0,0.0,145.0,1,1,1,1,1
7079,7702102,4.0,399.9999999997731,1,1,0,1.0,0.0,4.0,1,1,1,1,1
7080,7702104,33.0,3299.999999998128,1,1,0,1.0,0.0,33.0,1,1,1,1,1
7081,7702106,62.0,6199.999999996483,1,1,0,1.0,0.0,62.0,1,1,1,1,1
7082,7702108,36.0,3599.9999999979577,1,1,0,1.0,0.0,36.0,1,1,1,1,1
7083,7702112,39.0,3899.9999999977877,1,1,0,1.0,0.0,39.0,1,1,1,1,1
7084,7702114,63.0,6299.999999996426,1,1,0,1.0,0.0,63.0,1,1,1,1,1
7085,7702122,16.0,1599.9999999990923,1,1,0,1.0,0.0,16.0,1,1,1,1,1
7086,7702124,3.0,299.9999999998298,1,1,0,1.0,0.0,3.0,1,1,1,1,1
7087,7702126,51.0,5099.999999997107,1,1,0,1.0,0.0,51.0,1,1,1,1,1
7088,7702128,468.0,46799.99999997345,1,1,0,1.0,0.0,468.0,1,1,1,1,1
7089,7702132,119.0,11899.99999999325,1,1,0,1.0,0.0,119.0,1,1,1,1,1
7090,7702142,6.0,599.9999999996596,1,1,0,1.0,0.0,6.0,1,1,1,1,1
7091,7702144,146.0,14599.999999991718,1,1,0,1.0,0.0,146.0,1,1,1,1,1
7092,7702146,356.0,35599.9999999798,1,1,0,1.0,0.0,356.0,1,1,1,1,1
7093,7702148,96.0,9599.999999994554,1,1,0,1.0,0.0,96.0,1,1,1,1,1
7094,7702156,85.0,8499.999999995178,1,1,0,1.0,0.0,85.0,1,1,1,1,1
7095,7702158,76.0,7599.999999995689,1,1,0,1.0,0.0,76.0,1,1,1,1,1
7096,7702168,87.0,8699.999999995065,1,1,0,1.0,0.0,87.0,1,1,1,1,1
7097,7702170,15.0,1499.9999999991492,1,1,0,1.0,0.0,15.0,1,1,1,1,1
7098,7702176,90.0,8999.999999994894,1,1,0,1.0,0.0,90.0,1,1,1,1,1
7099,7702178,10.0,999.9999999994327,1,1,0,1.0,0.0,10.0,1,1,1,1,1
7100,7702180,249.0,24899.999999985874,1,1,0,1.0,0.0,249.0,1,1,1,1,1
7101,7702182,10.0,999.9999999994327,1,1,0,1.0,0.0,10.0,1,1,1,1,1
7102,7702184,292.0,29199.999999983436,1,1,0,1.0,0.0,292.0,1,1,1,1,1
7103,7702186,387.0,38699.99999997805,1,1,0,1.0,0.0,387.0,1,1,1,1,1
7104,7702192,618.0,61799.999999964944,1,1,0,1.0,0.0,618.0,1,1,1,1,1
7105,7702198,184.0,18399.999999989563,1,1,0,1.0,0.0,184.0,1,1,1,1,1
7106,7702200,1116.0,111599.99999993668,1,1,0,1.0,0.0,1116.0,1,1,1,1,1
7107,7702202,11.0,1099.999999999376,1,1,0,1.0,0.0,11.0,1,1,1,1,1
7108,7702206,718.0,71799.99999995927,1,1,0,1.0,0.0,718.0,1,1,1,1,1
7109,7702214,217.0,21699.99999998769,1,1,0,1.0,0.0,217.0,1,1,1,1,1
7110,7702216,12.0,1199.9999999993192,1,1,0,1.0,0.0,12.0,1,1,1,1,1
7111,7702218,686.0,68599.99999996109,1,1,0,1.0,0.0,686.0,1,1,1,1,1
7112,7702222,81.0,8099.999999995405,1,1,0,1.0,0.0,81.0,1,1,1,1,1
7113,7702224,906.0,90599.9999999486,1,1,0,1.0,0.0,906.0,1,1,1,1,1
7114,7702226,12.0,1199.9999999993192,1,1,0,1.0,0.0,12.0,1,1,1,1,1
7115,7702228,303.0,30299.99999998281,1,1,0,1.0,0.0,303.0,1,1,1,1,1
7116,7702230,9.0,899.9999999994894,1,1,0,1.0,0.0,9.0,1,1,1,1,1
7117,7702240,3.0,299.9999999998298,1,1,0,1.0,0.0,3.0,1,1,1,1,1
7118,7702246,91.0,9099.999999994838,1,1,0,1.0,0.0,91.0,1,1,1,1,1
7119,7702248,67.0,6699.999999996199,1,1,0,1.0,0.0,67.0,1,1,1,1,1
7120,7702250,17.0,1699.9999999990355,1,1,0,1.0,0.0,17.0,1,1,1,1,1
7121,7702256,77.0,7699.999999995632,1,1,0,1.0,0.0,77.0,1,1,1,1,1
7122,7702258,66.0,6599.999999996256,1,1,0,1.0,0.0,66.0,1,1,1,1,1
7123,7702262,28.0,2799.9999999984116,1,1,0,1.0,0.0,28.0,1,1,1,1,1
7124,7702266,467.0,46699.99999997351,1,1,0,1.0,0.0,467.0,1,1,1,1,1
7125,7702268,394.0,39399.99999997765,1,1,0,1.0,0.0,394.0,1,1,1,1,1
7126,7702272,32.0,3199.9999999981846,1,1,0,1.0,0.0,32.0,1,1,1,1,1
7127,7702274,468.0,46799.99999997345,1,1,0,1.0,0.0,468.0,1,1,1,1,1
7128,7702276,181.0,18099.999999989734,1,1,0,1.0,0.0,181.0,1,1,1,1,1
7129,7702278,348.0,34799.99999998026,1,1,0,1.0,0.0,348.0,1,1,1,1,1
7130,7702284,444.0,44399.99999997481,1,1,0,1.0,0.0,444.0,1,1,1,1,1
7131,7702288,281.0,28099.99999998406,1,1,0,1.0,0.0,281.0,1,1,1,1,1
7132,7702290,65.0,6499.999999996313,1,1,0,1.0,0.0,65.0,1,1,1,1,1
7133,7702296,548.0,54799.99999996891,1,1,0,1.0,0.0,548.0,1,1,1,1,1
7134,7702298,47.0,4699.999999997333,1,1,0,1.0,0.0,47.0,1,1,1,1,1
7135,7702300,24.0,2399.9999999986385,1,1,0,1.0,0.0,24.0,1,1,1,1,1
7136,7702302,190.0,18999.99999998922,1,1,0,1.0,0.0,190.0,1,1,1,1,1
7137,7702304,223.0,22299.99999998735,1,1,0,1.0,0.0,223.0,1,1,1,1,1
7138,7702306,918.0,91799.99999994792,1,1,0,1.0,0.0,918.0,1,1,1,1,1
7139,7702308,1682.0,168199.99999990457,1,1,0,1.0,0.0,1682.0,1,1,1,1,1
7140,7702310,816.0,81599.99999995371,1,1,0,1.0,0.0,816.0,1,1,1,1,1
7141,7702312,122.0,12199.999999993079,1,1,0,1.0,0.0,122.0,1,1,1,1,1
7142,7702316,612.0,61199.99999996528,1,1,0,1.0,0.0,612.0,1,1,1,1,1
7143,7702318,333.0,33299.99999998111,1,1,0,1.0,0.0,333.0,1,1,1,1,1
7144,7702320,99.0,9899.999999994383,1,1,0,1.0,0.0,99.0,1,1,1,1,1
7145,7702322,319.0,31899.999999981905,1,1,0,1.0,0.0,319.0,1,1,1,1,1
7146,7702324,229.0,22899.99999998701,1,1,0,1.0,0.0,229.0,1,1,1,1,1
7147,7702326,350.0,34999.999999980144,1,1,0,1.0,0.0,350.0,1,1,1,1,1
7148,7702328,35.0,3499.9999999980146,1,1,0,1.0,0.0,35.0,1,1,1,1,1
7149,7702330,115.0,11499.999999993475,1,1,0,1.0,0.0,115.0,1,1,1,1,1
7150,7702332,425.0,42499.99999997589,1,1,0,1.0,0.0,425.0,1,1,1,1,1
7151,7702334,419.0,41899.99999997623,1,1,0,1.0,0.0,419.0,1,1,1,1,1
7152,7702340,507.0,50699.99999997124,1,1,0,1.0,0.0,507.0,1,1,1,1,1
7153,7702342,824.0,82399.99999995326,1,1,0,1.0,0.0,824.0,1,1,1,1,1
7154,7702348,487.0,48699.99999997237,1,1,0,1.0,0.0,487.0,1,1,1,1,1
7155,7702356,70.0,6999.999999996029,1,1,0,1.0,0.0,70.0,1,1,1,1,1
7156,7702358,104.0,10399.9999999941,1,1,0,1.0,0.0,104.0,1,1,1,1,1
7157,7702360,21.0,2099.9999999988086,1,1,0,1.0,0.0,21.0,1,1,1,1,1
7158,7702362,305.0,30499.999999982698,1,1,0,1.0,0.0,305.0,1,1,1,1,1
7159,7702368,18.0,1799.9999999989789,1,1,0,1.0,0.0,18.0,1,1,1,1,1
7160,7702372,35.0,3499.9999999980146,1,1,0,1.0,0.0,35.0,1,1,1,1,1
7161,7702374,16.0,1599.9999999990923,1,1,0,1.0,0.0,16.0,1,1,1,1,1
7162,7702380,2338.0,233799.99999986737,1,1,0,1.0,0.0,2338.0,1,1,1,1,1
7163,7702382,847.0,84699.99999995195,1,1,0,1.0,0.0,847.0,1,1,1,1,1
7164,7702388,128.0,12799.999999992739,1,1,0,1.0,0.0,128.0,1,1,1,1,1
7165,7702392,20.0,1999.9999999988654,1,1,0,1.0,0.0,20.0,1,1,1,1,1
7166,7702394,15.0,1499.9999999991492,1,1,0,1.0,0.0,15.0,1,1,1,1,1
7167,7702396,71.0,7099.999999995972,1,1,0,1.0,0.0,71.0,1,1,1,1,1
7168,7702406,24.0,2399.9999999986385,1,1,0,1.0,0.0,24.0,1,1,1,1,1
7169,7702408,390.0,38999.999999977874,1,1,0,1.0,0.0,390.0,1,1,1,1,1
7170,7702412,7.0,699.9999999996029,1,1,0,1.0,0.0,7.0,1,1,1,1,1
7171,7702424,240.0,23999.999999986387,1,1,0,1.0,0.0,240.0,1,1,1,1,1
7172,7702426,481.0,48099.999999972715,1,1,0,1.0,0.0,481.0,1,1,1,1,1
7173,7702428,3545.0,354499.9999997989,1,1,0,1.0,0.0,3545.0,1,1,1,1,1
7174,7702432,116.0,11599.999999993419,1,1,0,1.0,0.0,116.0,1,1,1,1,1
7175,7702434,773.0,77299.99999995616,1,1,0,1.0,0.0,773.0,1,1,1,1,1
7176,7702436,43.0,4299.999999997561,1,1,0,1.0,0.0,43.0,1,1,1,1,1
7177,7702438,147.0,14699.99999999166,1,1,0,1.0,0.0,147.0,1,1,1,1,1
7178,7702442,77.0,7699.999999995632,1,1,0,1.0,0.0,77.0,1,1,1,1,1
7179,7702456,23.0,2299.9999999986953,1,1,0,1.0,0.0,23.0,1,1,1,1,1
7180,7702584,136.0,13599.999999992284,1,1,0,1.0,0.0,136.0,1,1,1,1,1
7181,7702586,2550.0,254999.99999985532,1,1,0,1.0,0.0,2550.0,1,1,1,1,1
7182,7702590,1598.0,159799.99999990934,1,1,0,1.0,0.0,1598.0,1,1,1,1,1
7183,7702596,950.0,94999.9999999461,1,1,0,1.0,0.0,950.0,1,1,1,1,1
7184,7702598,11.0,1099.999999999376,1,1,0,1.0,0.0,11.0,1,1,1,1,1
7185,7702600,863.0,86299.99999995105,1,1,0,1.0,0.0,863.0,1,1,1,1,1
7186,7702602,1058.0,105799.99999993997,1,1,0,1.0,0.0,1058.0,1,1,1,1,1
7187,7702610,985.0,98499.99999994412,1,1,0,1.0,0.0,985.0,1,1,1,1,1
7188,7702612,701.0,70099.99999996023,1,1,0,1.0,0.0,701.0,1,1,1,1,1
7189,7702618,511.0,51099.99999997101,1,1,0,1.0,0.0,511.0,1,1,1,1,1
7190,7702620,581.0,58099.99999996704,1,1,0,1.0,0.0,581.0,1,1,1,1,1
7191,7702622,50.0,4999.999999997163,1,1,0,1.0,0.0,50.0,1,1,1,1,1
7192,7702624,486.0,48599.99999997243,1,1,0,1.0,0.0,486.0,1,1,1,1,1
7193,7702626,773.0,77299.99999995616,1,1,0,1.0,0.0,773.0,1,1,1,1,1
7194,7702628,114.0,11399.999999993533,1,1,0,1.0,0.0,114.0,1,1,1,1,1
7195,7702630,806.0,80599.99999995428,1,1,0,1.0,0.0,806.0,1,1,1,1,1
7196,7702634,1458.0,145799.9999999173,1,1,0,1.0,0.0,1458.0,1,1,1,1,1
7197,7702636,41.0,4099.999999997674,1,1,0,1.0,0.0,41.0,1,1,1,1,1
7198,7702638,644.0,64399.99999996347,1,1,0,1.0,0.0,644.0,1,1,1,1,1
7199,7702642,1649.0,164899.99999990646,1,1,0,1.0,0.0,1649.0,1,1,1,1,1
7200,7702644,206.0,20599.999999988315,1,1,0,1.0,0.0,206.0,1,1,1,1,1
7201,7702646,91.0,9099.999999994838,1,1,0,1.0,0.0,91.0,1,1,1,1,1
7202,7702648,258.0,25799.999999985364,1,1,0,1.0,0.0,258.0,1,1,1,1,1
7203,7702650,27.0,2699.9999999984684,1,1,0,1.0,0.0,27.0,1,1,1,1,1
7204,7702654,5609.0,560899.9999996818,1,1,0,1.0,0.0,5609.0,1,1,1,1,1
7205,7702656,289.0,28899.999999983604,1,1,0,1.0,0.0,289.0,1,1,1,1,1
7206,7702660,3018.0,301799.9999998288,1,1,0,1.0,0.0,3018.0,1,1,1,1,1
7207,7702662,599.0,59899.99999996602,1,1,0,1.0,0.0,599.0,1,1,1,1,1
7208,7702664,203.0,20299.999999988482,1,1,0,1.0,0.0,203.0,1,1,1,1,1
7209,7702684,85.0,8499.999999995178,1,1,0,1.0,0.0,85.0,1,1,1,1,1
7210,7702688,38.0,3799.9999999978445,1,1,0,1.0,0.0,38.0,1,1,1,1,1
7211,7702690,80.0,7999.999999995462,1,1,0,1.0,0.0,80.0,1,1,1,1,1
7212,7702694,42.0,4199.999999997617,1,1,0,1.0,0.0,42.0,1,1,1,1,1
7213,7702696,460.0,45999.9999999739,1,1,0,1.0,0.0,460.0,1,1,1,1,1
7214,7702698,64.0,6399.999999996369,1,1,0,1.0,0.0,64.0,1,1,1,1,1
7215,7702702,1027.0,102699.99999994173,1,1,0,1.0,0.0,1027.0,1,1,1,1,1
7216,7702704,1401.0,140099.99999992052,1,1,0,1.0,0.0,1401.0,1,1,1,1,1
7217,7702706,15.0,1499.9999999991492,1,1,0,1.0,0.0,15.0,1,1,1,1,1
7218,7702710,1244.0,124399.99999992942,1,1,0,1.0,0.0,1244.0,1,1,1,1,1
7219,7702712,51.0,5099.999999997107,1,1,0,1.0,0.0,51.0,1,1,1,1,1
7220,7702718,1.0,99.99999999994327,1,1,0,1.0,0.0,1.0,1,1,1,1,1
7221,7702720,2117.0,211699.99999987992,1,1,0,1.0,0.0,2117.0,1,1,1,1,1
7222,7702726,3854.0,385399.9999997814,1,1,0,1.0,0.0,3854.0,1,1,1,1,1
7223,7702728,309.0,30899.999999982472,1,1,0,1.0,0.0,309.0,1,1,1,1,1
7224,7702730,81.0,8099.999999995405,1,1,0,1.0,0.0,81.0,1,1,1,1,1
7225,7702734,4.0,399.9999999997731,1,1,0,1.0,0.0,4.0,1,1,1,1,1
7226,7702736,9.0,899.9999999994894,1,1,0,1.0,0.0,9.0,1,1,1,1,1
7227,7702744,10.0,999.9999999994327,1,1,0,1.0,0.0,10.0,1,1,1,1,1
7228,7702748,196.0,19599.999999988882,1,1,0,1.0,0.0,196.0,1,1,1,1,1
7229,7702754,342.0,34199.999999980595,1,1,0,1.0,0.0,342.0,1,1,1,1,1
7230,7702758,72.0,7199.9999999959155,1,1,0,1.0,0.0,72.0,1,1,1,1,1
7231,7702762,453.0,45299.9999999743,1,1,0,1.0,0.0,453.0,1,1,1,1,1
7232,7702770,128.0,12799.999999992739,1,1,0,1.0,0.0,128.0,1,1,1,1,1
7233,7702772,10.0,999.9999999994327,1,1,0,1.0,0.0,10.0,1,1,1,1,1
7234,7702774,416.0,41599.9999999764,1,1,0,1.0,0.0,416.0,1,1,1,1,1
7235,7702776,1484.0,148399.9999999158,1,1,0,1.0,0.0,1484.0,1,1,1,1,1
7236,7702780,154.0,15399.999999991263,1,1,0,1.0,0.0,154.0,1,1,1,1,1
7237,7702784,7.0,699.9999999996029,1,1,0,1.0,0.0,7.0,1,1,1,1,1
7238,7702786,577.0,57699.999999967265,1,1,0,1.0,0.0,577.0,1,1,1,1,1
7239,7702788,105.0,10499.999999994043,1,1,0,1.0,0.0,105.0,1,1,1,1,1
7240,7702790,146.0,14599.999999991718,1,1,0,1.0,0.0,146.0,1,1,1,1,1
7241,7702792,24.0,2399.9999999986385,1,1,0,1.0,0.0,24.0,1,1,1,1,1
7242,7702794,161.0,16099.999999990867,1,1,0,1.0,0.0,161.0,1,1,1,1,1
7243,7702796,32.0,3199.9999999981846,1,1,0,1.0,0.0,32.0,1,1,1,1,1
7244,7702798,10.0,999.9999999994327,1,1,0,1.0,0.0,10.0,1,1,1,1,1
7245,7702800,2.0,199.99999999988654,1,1,0,1.0,0.0,2.0,1,1,1,1,1
7246,7702802,770.0,76999.99999995632,1,1,0,1.0,0.0,770.0,1,1,1,1,1
7247,7702804,371.0,37099.99999997895,1,1,0,1.0,0.0,371.0,1,1,1,1,1
7248,7702806,655.0,65499.99999996284,1,1,0,1.0,0.0,655.0,1,1,1,1,1
7249,7702810,453.0,45299.9999999743,1,1,0,1.0,0.0,453.0,1,1,1,1,1
7250,7702812,185.0,18499.999999989504,1,1,0,1.0,0.0,185.0,1,1,1,1,1
7251,7702816,1245.0,124499.99999992937,1,1,0,1.0,0.0,1245.0,1,1,1,1,1
7252,7702818,218.0,21799.999999987635,1,1,0,1.0,0.0,218.0,1,1,1,1,1
7253,7702822,253.0,25299.999999985648,1,1,0,1.0,0.0,253.0,1,1,1,1,1
7254,7702826,577.0,57699.999999967265,1,1,0,1.0,0.0,577.0,1,1,1,1,1
7255,7702832,483.0,48299.9999999726,1,1,0,1.0,0.0,483.0,1,1,1,1,1
7256,7702836,22.0,2199.999999998752,1,1,0,1.0,0.0,22.0,1,1,1,1,1
7257,7702846,84.0,8399.999999995234,1,1,0,1.0,0.0,84.0,1,1,1,1,1
7258,7702848,81.0,8099.999999995405,1,1,0,1.0,0.0,81.0,1,1,1,1,1
7259,7702852,1623.0,162299.99999990792,1,1,0,1.0,0.0,1623.0,1,1,1,1,1
7260,7702860,9.0,899.9999999994894,1,1,0,1.0,0.0,9.0,1,1,1,1,1
7261,7702864,702.0,70199.99999996017,1,1,0,1.0,0.0,702.0,1,1,1,1,1
7262,7702866,30.0,2999.9999999982983,1,1,0,1.0,0.0,30.0,1,1,1,1,1
7263,7702868,19.0,1899.9999999989222,1,1,0,1.0,0.0,19.0,1,1,1,1,1
7264,7702870,165.0,16499.99999999064,1,1,0,1.0,0.0,165.0,1,1,1,1,1
7265,7702872,425.0,42499.99999997589,1,1,0,1.0,0.0,425.0,1,1,1,1,1
7266,7702874,9.0,899.9999999994894,1,1,0,1.0,0.0,9.0,1,1,1,1,1
7267,7702878,1867.0,186699.9999998941,1,1,0,1.0,0.0,1867.0,1,1,1,1,1
7268,7702880,259.0,25899.999999985306,1,1,0,1.0,0.0,259.0,1,1,1,1,1
7269,7702882,922.0,92199.9999999477,1,1,0,1.0,0.0,922.0,1,1,1,1,1
7270,7702884,8.0,799.9999999995462,1,1,0,1.0,0.0,8.0,1,1,1,1,1
7271,7702886,157.0,15699.999999991094,1,1,0,1.0,0.0,157.0,1,1,1,1,1
7272,7702888,44.0,4399.999999997504,1,1,0,1.0,0.0,44.0,1,1,1,1,1
7273,7702892,908.0,90799.99999994849,1,1,0,1.0,0.0,908.0,1,1,1,1,1
7274,7702896,4.0,399.9999999997731,1,1,0,1.0,0.0,4.0,1,1,1,1,1
7275,7702898,271.0,27099.999999984626,1,1,0,1.0,0.0,271.0,1,1,1,1,1
7276,7702912,958.0,95799.99999994565,1,1,0,1.0,0.0,958.0,1,1,1,1,1
7277,7702914,366.0,36599.999999979234,1,1,0,1.0,0.0,366.0,1,1,1,1,1
7278,7702926,535.0,53499.99999996965,1,1,0,1.0,0.0,535.0,1,1,1,1,1
7279,7702936,333.0,33299.99999998111,1,1,0,1.0,0.0,333.0,1,1,1,1,1
7280,7702938,463.0,46299.999999973734,1,1,0,1.0,0.0,463.0,1,1,1,1,1
7281,7702954,8.0,799.9999999995462,1,1,0,1.0,0.0,8.0,1,1,1,1,1
7282,7702956,79.0,7899.999999995518,1,1,0,1.0,0.0,79.0,1,1,1,1,1
7283,7702958,393.0,39299.99999997771,1,1,0,1.0,0.0,393.0,1,1,1,1,1
7284,7702968,304.0,30399.999999982756,1,1,0,1.0,0.0,304.0,1,1,1,1,1
7285,7702980,320.0,31999.999999981846,1,1,0,1.0,0.0,320.0,1,1,1,1,1
7286,7702984,233.0,23299.999999986783,1,1,0,1.0,0.0,233.0,1,1,1,1,1
7287,7702988,1.0,99.99999999994327,1,1,0,1.0,0.0,1.0,1,1,1,1,1
7288,7702994,7.0,699.9999999996029,1,1,0,1.0,0.0,7.0,1,1,1,1,1
7289,7703008,130.0,12999.999999992626,1,1,0,1.0,0.0,130.0,1,1,1,1,1
7290,7703012,2.0,199.99999999988654,1,1,0,1.0,0.0,2.0,1,1,1,1,1
7291,7703032,156.0,15599.99999999115,1,1,0,1.0,0.0,156.0,1,1,1,1,1
7292,7703034,165.0,16499.99999999064,1,1,0,1.0,0.0,165.0,1,1,1,1,1
7293,7703044,1214.0,121399.99999993113,1,1,0,1.0,0.0,1214.0,1,1,1,1,1
7294,7703046,520.0,51999.9999999705,1,1,0,1.0,0.0,520.0,1,1,1,1,1
7295,7703054,8661.0,866099.9999995086,1,1,0,1.0,0.0,8661.0,1,1,1,1,1
7296,7704868,388.0,38799.99999997799,1,1,0,1.0,0.0,388.0,1,1,1,1,1
7297,7704870,5.0,499.99999999971635,1,1,0,1.0,0.0,5.0,1,1,1,1,1
7298,7704886,39.0,3899.9999999977877,1,1,0,1.0,0.0,39.0,1,1,1,1,1
7299,7704888,2.0,199.99999999988654,1,1,0,1.0,0.0,2.0,1,1,1,1,1
7300,7704890,4.0,399.9999999997731,1,1,0,1.0,0.0,4.0,1,1,1,1,1
7301,7704896,184.0,18399.999999989563,1,1,0,1.0,0.0,184.0,1,1,1,1,1
7302,7704898,46.0,4599.999999997391,1,1,0,1.0,0.0,46.0,1,1,1,1,1
7303,7709182,219.0,21899.999999987576,1,1,0,1.0,0.0,219.0,1,1,1,1,1
7304,7709190,4710.0,470999.9999997328,1,1,0,1.0,0.0,4710.0,1,1,1,1,1
7305,7709200,441.0,44099.999999974985,1,1,0,1.0,0.0,441.0,1,1,1,1,1
7306,7709236,2238.0,223799.99999987305,1,1,0,1.0,0.0,2238.0,1,1,1,1,1
7307,7709238,1990.0,198999.9999998871,1,1,0,1.0,0.0,1990.0,1,1,1,1,1
7308,7709244,1035.0,103499.99999994128,1,1,0,1.0,0.0,1035.0,1,1,1,1,1
7309,7709246,3632.0,363199.99999979394,1,1,0,1.0,0.0,3632.0,1,1,1,1,1
7310,7709592,1366.0,136599.9999999225,1,1,0,1.0,0.0,1366.0,1,1,1,1,1
7311,7709594,168.0,16799.99999999047,1,1,0,1.0,0.0,168.0,1,1,1,1,1
7312,7709596,1574.0,157399.9999999107,1,1,0,1.0,0.0,1574.0,1,1,1,1,1
7313,7709598,573.0,57299.99999996749,1,1,0,1.0,0.0,573.0,1,1,1,1,1
7314,7709600,2446.0,244599.99999986123,1,1,0,1.0,0.0,2446.0,1,1,1,1,1
7315,7709602,91.0,9099.999999994838,1,1,0,1.0,0.0,91.0,1,1,1,1,1
7316,7709606,1122.0,112199.99999993635,1,1,0,1.0,0.0,1122.0,1,1,1,1,1
7317,7709608,4320.0,431999.99999975495,1,1,0,1.0,0.0,4320.0,1,1,1,1,1
7318,7709610,29.0,2899.9999999983547,1,1,0,1.0,0.0,29.0,1,1,1,1,1
7319,7709612,758.0,75799.999999957,1,1,0,1.0,0.0,758.0,1,1,1,1,1
7320,7709614,1411.0,141099.99999991996,1,1,0,1.0,0.0,1411.0,1,1,1,1,1
7321,7709616,121.0,12099.999999993135,1,1,0,1.0,0.0,121.0,1,1,1,1,1
7322,7709618,2508.0,250799.9999998577,1,1,0,1.0,0.0,2508.0,1,1,1,1,1
7323,7709622,193.0,19299.99999998905,1,1,0,1.0,0.0,193.0,1,1,1,1,1
7324,7709624,108.0,10799.999999993874,1,1,0,1.0,0.0,108.0,1,1,1,1,1
7325,7709628,11510.0,1150999.9999993471,1,1,0,1.0,0.0,11510.0,1,1,1,1,1
7326,7709630,24573.0,2457299.999998606,1,1,0,1.0,0.0,24573.0,1,1,1,1,1
7327,7709632,3547.0,354699.9999997988,1,1,0,1.0,0.0,3547.0,1,1,1,1,1
7328,7709636,130.0,12999.999999992626,1,1,0,1.0,0.0,130.0,1,1,1,1,1
7329,7709638,20649.0,2064899.9999988286,1,1,0,1.0,0.0,20649.0,1,1,1,1,1
7330,7709640,4736.0,473599.9999997313,1,1,0,1.0,0.0,4736.0,1,1,1,1,1
7331,7709642,788.0,78799.9999999553,1,1,0,1.0,0.0,788.0,1,1,1,1,1
7332,7709644,580.0,57999.9999999671,1,1,0,1.0,0.0,580.0,1,1,1,1,1
7333,7709646,2912.0,291199.9999998348,1,1,0,1.0,0.0,2912.0,1,1,1,1,1
7334,7709648,85.0,8499.999999995178,1,1,0,1.0,0.0,85.0,1,1,1,1,1
7335,7709652,4449.0,444899.9999997476,1,1,0,1.0,0.0,4449.0,1,1,1,1,1
7336,7709654,5293.0,529299.9999996998,1,1,0,1.0,0.0,5293.0,1,1,1,1,1
7337,7709656,969.0,96899.99999994502,1,1,0,1.0,0.0,969.0,1,1,1,1,1
7338,7709658,51.0,5099.999999997107,1,1,0,1.0,0.0,51.0,1,1,1,1,1
7339,7709660,5974.0,597399.9999996611,1,1,0,1.0,0.0,5974.0,1,1,1,1,1
7340,7709662,1434.0,143399.99999991865,1,1,0,1.0,0.0,1434.0,1,1,1,1,1
7341,7709664,1846.0,184599.99999989528,1,1,0,1.0,0.0,1846.0,1,1,1,1,1
7342,7709666,1756.0,175599.99999990038,1,1,0,1.0,0.0,1756.0,1,1,1,1,1
7343,7709668,24912.0,2491199.9999985867,1,1,0,1.0,0.0,24912.0,1,1,1,1,1
7344,7709670,19414.0,1941399.9999988987,1,1,0,1.0,0.0,19414.0,1,1,1,1,1
7345,7709672,1137.0,113699.99999993549,1,1,0,1.0,0.0,1137.0,1,1,1,1,1
7346,7709674,3606.0,360599.99999979546,1,1,0,1.0,0.0,3606.0,1,1,1,1,1
7347,7709676,153.0,15299.99999999132,1,1,0,1.0,0.0,153.0,1,1,1,1,1
7348,7709680,10.0,999.9999999994327,1,1,0,1.0,0.0,10.0,1,1,1,1,1
7349,7709682,5505.0,550499.9999996877,1,1,0,1.0,0.0,5505.0,1,1,1,1,1
7350,7709684,1589.0,158899.99999990987,1,1,0,1.0,0.0,1589.0,1,1,1,1,1
7351,7709686,4201.0,420099.9999997617,1,1,0,1.0,0.0,4201.0,1,1,1,1,1
7352,7709688,8756.0,875599.9999995033,1,1,0,1.0,0.0,8756.0,1,1,1,1,1
7353,7709690,2264.0,226399.99999987156,1,1,0,1.0,0.0,2264.0,1,1,1,1,1
7354,7709692,272.0,27199.999999984568,1,1,0,1.0,0.0,272.0,1,1,1,1,1
7355,7709694,1710.0,170999.999999903,1,1,0,1.0,0.0,1710.0,1,1,1,1,1
7356,7709696,868.0,86799.99999995076,1,1,0,1.0,0.0,868.0,1,1,1,1,1
7357,7709698,1964.0,196399.9999998886,1,1,0,1.0,0.0,1964.0,1,1,1,1,1
7358,7709700,4553.0,455299.99999974173,1,1,0,1.0,0.0,4553.0,1,1,1,1,1
7359,7709704,305.0,30499.999999982698,1,1,0,1.0,0.0,305.0,1,1,1,1,1
7360,7709712,652.0,65199.99999996301,1,1,0,1.0,0.0,652.0,1,1,1,1,1
7361,7709716,27.0,2699.9999999984684,1,1,0,1.0,0.0,27.0,1,1,1,1,1
7362,7709722,298.0,29799.999999983094,1,1,0,1.0,0.0,298.0,1,1,1,1,1
7363,7709734,87.0,8699.999999995065,1,1,0,1.0,0.0,87.0,1,1,1,1,1
7364,7709736,466.0,46599.99999997357,1,1,0,1.0,0.0,466.0,1,1,1,1,1
7365,7709746,461.0,46099.99999997385,1,1,0,1.0,0.0,461.0,1,1,1,1,1
7366,7709748,41.0,4099.999999997674,1,1,0,1.0,0.0,41.0,1,1,1,1,1
7367,7709752,314.0,31399.99999998219,1,1,0,1.0,0.0,314.0,1,1,1,1,1
7368,7709756,1934.0,193399.99999989028,1,1,0,1.0,0.0,1934.0,1,1,1,1,1
7369,7709762,71.0,7099.999999995972,1,1,0,1.0,0.0,71.0,1,1,1,1,1
7370,7709764,731.0,73099.99999995853,1,1,0,1.0,0.0,731.0,1,1,1,1,1
7371,7709766,11.0,1099.999999999376,1,1,0,1.0,0.0,11.0,1,1,1,1,1
7372,7709768,7708.0,770799.9999995627,1,1,0,1.0,0.0,7708.0,1,1,1,1,1
7373,7709770,1342.0,134199.99999992386,1,1,0,1.0,0.0,1342.0,1,1,1,1,1
7374,7709772,39.0,3899.9999999977877,1,1,0,1.0,0.0,39.0,1,1,1,1,1
7375,7709774,219.0,21899.999999987576,1,1,0,1.0,0.0,219.0,1,1,1,1,1
7376,7709784,2180.0,217999.99999987634,1,1,0,1.0,0.0,2180.0,1,1,1,1,1
7377,7709786,18.0,1799.9999999989789,1,1,0,1.0,0.0,18.0,1,1,1,1,1
7378,7709788,1700.0,169999.99999990355,1,1,0,1.0,0.0,1700.0,1,1,1,1,1
7379,7709790,2732.0,273199.999999845,1,1,0,1.0,0.0,2732.0,1,1,1,1,1
7380,7709794,648.0,64799.99999996324,1,1,0,1.0,0.0,648.0,1,1,1,1,1
7381,7709798,669.0,66899.99999996205,1,1,0,1.0,0.0,669.0,1,1,1,1,1
7382,7709800,223.0,22299.99999998735,1,1,0,1.0,0.0,223.0,1,1,1,1,1
7383,7709804,395.0,39499.99999997759,1,1,0,1.0,0.0,395.0,1,1,1,1,1
7384,7709806,136.0,13599.999999992284,1,1,0,1.0,0.0,136.0,1,1,1,1,1
7385,7709808,3669.0,366899.99999979185,1,1,0,1.0,0.0,3669.0,1,1,1,1,1
7386,7709810,117.0,11699.999999993363,1,1,0,1.0,0.0,117.0,1,1,1,1,1
7387,7709812,4221.0,422099.99999976053,1,1,0,1.0,0.0,4221.0,1,1,1,1,1
7388,7709814,529.0,52899.99999996999,1,1,0,1.0,0.0,529.0,1,1,1,1,1
7389,7709816,2328.0,232799.99999986793,1,1,0,1.0,0.0,2328.0,1,1,1,1,1
7390,7709820,3310.0,330999.9999998122,1,1,0,1.0,0.0,3310.0,1,1,1,1,1
7391,7709826,1543.0,154299.99999991246,1,1,0,1.0,0.0,1543.0,1,1,1,1,1
7392,7709830,880.0,87999.99999995007,1,1,0,1.0,0.0,880.0,1,1,1,1,1
7393,7709832,112.0,11199.999999993646,1,1,0,1.0,0.0,112.0,1,1,1,1,1
7394,7709834,1601.0,160099.99999990917,1,1,0,1.0,0.0,1601.0,1,1,1,1,1
7395,7709836,284.0,28399.999999983887,1,1,0,1.0,0.0,284.0,1,1,1,1,1
7396,7709838,378.0,37799.99999997856,1,1,0,1.0,0.0,378.0,1,1,1,1,1
7397,7709840,298.0,29799.999999983094,1,1,0,1.0,0.0,298.0,1,1,1,1,1
7398,7709842,43.0,4299.999999997561,1,1,0,1.0,0.0,43.0,1,1,1,1,1
7399,7709844,594.0,59399.999999966305,1,1,0,1.0,0.0,594.0,1,1,1,1,1
7400,7709846,231.0,23099.999999986896,1,1,0,1.0,0.0,231.0,1,1,1,1,1
7401,7709848,209.0,20899.999999988144,1,1,0,1.0,0.0,209.0,1,1,1,1,1
7402,7709856,5254.0,525399.999999702,1,1,0,1.0,0.0,5254.0,1,1,1,1,1
7403,7709858,14.0,1399.9999999992058,1,1,0,1.0,0.0,14.0,1,1,1,1,1
7404,7709860,6041.0,604099.9999996573,1,1,0,1.0,0.0,6041.0,1,1,1,1,1
7405,7709864,20.0,1999.9999999988654,1,1,0,1.0,0.0,20.0,1,1,1,1,1
7406,7709866,3598.0,359799.99999979587,1,1,0,1.0,0.0,3598.0,1,1,1,1,1
7407,7709868,1065.0,106499.99999993958,1,1,0,1.0,0.0,1065.0,1,1,1,1,1
7408,7709870,500.0,49999.99999997164,1,1,0,1.0,0.0,500.0,1,1,1,1,1
7409,7709876,410.0,40999.99999997674,1,1,0,1.0,0.0,410.0,1,1,1,1,1
7410,7709878,1.0,99.99999999994327,1,1,0,1.0,0.0,1.0,1,1,1,1,1
7411,7709880,254.0,25399.99999998559,1,1,0,1.0,0.0,254.0,1,1,1,1,1
7412,7709884,404.0,40399.99999997708,1,1,0,1.0,0.0,404.0,1,1,1,1,1
7413,7709888,872.0,87199.99999995054,1,1,0,1.0,0.0,872.0,1,1,1,1,1
7414,7709890,548.0,54799.99999996891,1,1,0,1.0,0.0,548.0,1,1,1,1,1
7415,7709892,185.0,18499.999999989504,1,1,0,1.0,0.0,185.0,1,1,1,1,1
7416,7709898,6868.0,686799.9999996104,1,1,0,1.0,0.0,6868.0,1,1,1,1,1
7417,7709900,94.0,9399.999999994667,1,1,0,1.0,0.0,94.0,1,1,1,1,1
7418,7709902,833.0,83299.99999995275,1,1,0,1.0,0.0,833.0,1,1,1,1,1
7419,7709904,876.0,87599.9999999503,1,1,0,1.0,0.0,876.0,1,1,1,1,1
7420,7709912,487.0,48699.99999997237,1,1,0,1.0,0.0,487.0,1,1,1,1,1
7421,7709914,333.0,33299.99999998111,1,1,0,1.0,0.0,333.0,1,1,1,1,1
7422,7709924,488.0,48799.999999972315,1,1,0,1.0,0.0,488.0,1,1,1,1,1
7423,7709926,4206.0,420599.9999997614,1,1,0,1.0,0.0,4206.0,1,1,1,1,1
7424,7709928,5765.0,576499.999999673,1,1,0,1.0,0.0,5765.0,1,1,1,1,1
7425,7709932,397.0,39699.99999997748,1,1,0,1.0,0.0,397.0,1,1,1,1,1
7426,7709934,6161.0,616099.9999996505,1,1,0,1.0,0.0,6161.0,1,1,1,1,1
7427,7709936,6.0,599.9999999996596,1,1,0,1.0,0.0,6.0,1,1,1,1,1
7428,7709938,65.0,6499.999999996313,1,1,0,1.0,0.0,65.0,1,1,1,1,1
7429,7709942,302.0,30199.99999998287,1,1,0,1.0,0.0,302.0,1,1,1,1,1
7430,7709944,2949.0,294899.9999998327,1,1,0,1.0,0.0,2949.0,1,1,1,1,1
7431,7709946,589.0,58899.99999996659,1,1,0,1.0,0.0,589.0,1,1,1,1,1
7432,7709948,809.0,80899.9999999541,1,1,0,1.0,0.0,809.0,1,1,1,1,1
7433,7709950,3.0,299.9999999998298,1,1,0,1.0,0.0,3.0,1,1,1,1,1
7434,7709952,3635.0,363499.99999979377,1,1,0,1.0,0.0,3635.0,1,1,1,1,1
7435,7709954,3019.0,301899.99999982875,1,1,0,1.0,0.0,3019.0,1,1,1,1,1
7436,7709956,86.0,8599.999999995121,1,1,0,1.0,0.0,86.0,1,1,1,1,1
7437,7709958,248.0,24799.999999985932,1,1,0,1.0,0.0,248.0,1,1,1,1,1
7438,7709960,1342.0,134199.99999992386,1,1,0,1.0,0.0,1342.0,1,1,1,1,1
7439,7709962,2042.0,204199.99999988417,1,1,0,1.0,0.0,2042.0,1,1,1,1,1
7440,7709964,231.0,23099.999999986896,1,1,0,1.0,0.0,231.0,1,1,1,1,1
7441,7709968,429.0,42899.99999997566,1,1,0,1.0,0.0,429.0,1,1,1,1,1
7442,7709972,1959.0,195899.99999988885,1,1,0,1.0,0.0,1959.0,1,1,1,1,1
7443,7709974,407.0,40699.99999997691,1,1,0,1.0,0.0,407.0,1,1,1,1,1
7444,7709978,121.0,12099.999999993135,1,1,0,1.0,0.0,121.0,1,1,1,1,1
7445,7709984,567.0,56699.99999996783,1,1,0,1.0,0.0,567.0,1,1,1,1,1
7446,7709986,1736.0,173599.9999999015,1,1,0,1.0,0.0,1736.0,1,1,1,1,1
7447,7709988,317.0,31699.999999982017,1,1,0,1.0,0.0,317.0,1,1,1,1,1
7448,7709992,2463.0,246299.99999986027,1,1,0,1.0,0.0,2463.0,1,1,1,1,1
7449,7709994,8.0,799.9999999995462,1,1,0,1.0,0.0,8.0,1,1,1,1,1
7450,7709998,310.0,30999.999999982414,1,1,0,1.0,0.0,310.0,1,1,1,1,1
7451,7710000,665.0,66499.99999996228,1,1,0,1.0,0.0,665.0,1,1,1,1,1
7452,7710002,395.0,39499.99999997759,1,1,0,1.0,0.0,395.0,1,1,1,1,1
7453,7710006,247.0,24699.999999985987,1,1,0,1.0,0.0,247.0,1,1,1,1,1
7454,7710008,923.0,92299.99999994764,1,1,0,1.0,0.0,923.0,1,1,1,1,1
7455,7710010,27.0,2699.9999999984684,1,1,0,1.0,0.0,27.0,1,1,1,1,1
7456,7710012,105.0,10499.999999994043,1,1,0,1.0,0.0,105.0,1,1,1,1,1
7457,7710014,96.0,9599.999999994554,1,1,0,1.0,0.0,96.0,1,1,1,1,1
7458,7710016,5945.0,594499.9999996627,1,1,0,1.0,0.0,5945.0,1,1,1,1,1
7459,7710018,186.0,18599.99999998945,1,1,0,1.0,0.0,186.0,1,1,1,1,1
7460,7710020,106.0,10599.999999993986,1,1,0,1.0,0.0,106.0,1,1,1,1,1
7461,7710022,17.0,1699.9999999990355,1,1,0,1.0,0.0,17.0,1,1,1,1,1
7462,7710024,1068.0,106799.9999999394,1,1,0,1.0,0.0,1068.0,1,1,1,1,1
7463,7710026,3203.0,320299.9999998183,1,1,0,1.0,0.0,3203.0,1,1,1,1,1
7464,7710028,821.0,82099.99999995342,1,1,0,1.0,0.0,821.0,1,1,1,1,1
7465,7710030,4481.0,448099.9999997458,1,1,0,1.0,0.0,4481.0,1,1,1,1,1
7466,7710032,3414.0,341399.99999980634,1,1,0,1.0,0.0,3414.0,1,1,1,1,1
7467,7710036,153.0,15299.99999999132,1,1,0,1.0,0.0,153.0,1,1,1,1,1
7468,7710038,53.0,5299.999999996993,1,1,0,1.0,0.0,53.0,1,1,1,1,1
7469,7710040,6.0,599.9999999996596,1,1,0,1.0,0.0,6.0,1,1,1,1,1
7470,7710044,3521.0,352099.99999980023,1,1,0,1.0,0.0,3521.0,1,1,1,1,1
7471,7710050,3409.0,340899.99999980663,1,1,0,1.0,0.0,3409.0,1,1,1,1,1
7472,7710056,124.0,12399.999999992966,1,1,0,1.0,0.0,124.0,1,1,1,1,1
7473,7710058,39.0,3899.9999999977877,1,1,0,1.0,0.0,39.0,1,1,1,1,1
7474,7710066,1680.0,167999.99999990468,1,1,0,1.0,0.0,1680.0,1,1,1,1,1
7475,7710072,14078.0,1407799.9999992014,1,1,0,1.0,0.0,14078.0,1,1,1,1,1
7476,7710080,17.0,1699.9999999990355,1,1,0,1.0,0.0,17.0,1,1,1,1,1
7477,7710090,2078.0,207799.99999988213,1,1,0,1.0,0.0,2078.0,1,1,1,1,1
7478,7710092,825.0,82499.9999999532,1,1,0,1.0,0.0,825.0,1,1,1,1,1
7479,7710094,521.0,52099.999999970445,1,1,0,1.0,0.0,521.0,1,1,1,1,1
7480,7710096,1095.0,109499.99999993788,1,1,0,1.0,0.0,1095.0,1,1,1,1,1
7481,7710100,353.0,35299.99999997998,1,1,0,1.0,0.0,353.0,1,1,1,1,1
7482,7710104,1495.0,149499.9999999152,1,1,0,1.0,0.0,1495.0,1,1,1,1,1
7483,7710106,28.0,2799.9999999984116,1,1,0,1.0,0.0,28.0,1,1,1,1,1
7484,7710150,68.0,6799.999999996142,1,1,0,1.0,0.0,68.0,1,1,1,1,1
7485,7710152,16891.0,1689099.9999990417,1,1,0,1.0,0.0,16891.0,1,1,1,1,1
7486,7710154,362.0,36199.99999997947,1,1,0,1.0,0.0,362.0,1,1,1,1,1
7487,7710156,47952.0,4795199.99999728,1,1,0,1.0,0.0,47952.0,1,1,1,1,1
7488,7710158,539.0,53899.99999996942,1,1,0,1.0,0.0,539.0,1,1,1,1,1
7489,7710162,383.0,38299.999999978274,1,1,0,1.0,0.0,383.0,1,1,1,1,1
7490,7710166,303.0,30299.99999998281,1,1,0,1.0,0.0,303.0,1,1,1,1,1
7491,7710170,1166.0,116599.99999993385,1,1,0,1.0,0.0,1166.0,1,1,1,1,1
7492,7710172,11656.0,1165599.9999993388,1,1,0,1.0,0.0,11656.0,1,1,1,1,1
7493,7710176,153.0,15299.99999999132,1,1,0,1.0,0.0,153.0,1,1,1,1,1
7494,7710178,2295.0,229499.99999986982,1,1,0,1.0,0.0,2295.0,1,1,1,1,1
7495,7710180,1058.0,105799.99999993997,1,1,0,1.0,0.0,1058.0,1,1,1,1,1
7496,7710182,5802.0,580199.9999996709,1,1,0,1.0,0.0,5802.0,1,1,1,1,1
7497,7710184,9607.0,960699.999999455,1,1,0,1.0,0.0,9607.0,1,1,1,1,1
7498,7710186,229.0,22899.99999998701,1,1,0,1.0,0.0,229.0,1,1,1,1,1
7499,7710188,764.0,76399.99999995666,1,1,0,1.0,0.0,764.0,1,1,1,1,1
7500,7710190,1605.0,160499.99999990896,1,1,0,1.0,0.0,1605.0,1,1,1,1,1
7501,7710192,6016.0,601599.9999996587,1,1,0,1.0,0.0,6016.0,1,1,1,1,1
7502,7710194,93.0,9299.999999994725,1,1,0,1.0,0.0,93.0,1,1,1,1,1
7503,7710196,700.0,69999.99999996029,1,1,0,1.0,0.0,700.0,1,1,1,1,1
7504,7710198,104.0,10399.9999999941,1,1,0,1.0,0.0,104.0,1,1,1,1,1
7505,7710200,6160.0,615999.9999996505,1,1,0,1.0,0.0,6160.0,1,1,1,1,1
7506,7710202,2657.0,265699.99999984924,1,1,0,1.0,0.0,2657.0,1,1,1,1,1
7507,7710204,2519.0,251899.9999998571,1,1,0,1.0,0.0,2519.0,1,1,1,1,1
7508,7710206,3935.0,393499.9999997768,1,1,0,1.0,0.0,3935.0,1,1,1,1,1
7509,7710210,5463.0,546299.9999996901,1,1,0,1.0,0.0,5463.0,1,1,1,1,1
7510,7710212,2669.0,266899.9999998486,1,1,0,1.0,0.0,2669.0,1,1,1,1,1
7511,7710216,726.0,72599.99999995882,1,1,0,1.0,0.0,726.0,1,1,1,1,1
7512,7710220,2841.0,284099.9999998388,1,1,0,1.0,0.0,2841.0,1,1,1,1,1
7513,7710222,237.0,23699.999999986554,1,1,0,1.0,0.0,237.0,1,1,1,1,1
7514,7710224,1230.0,122999.99999993022,1,1,0,1.0,0.0,1230.0,1,1,1,1,1
7515,7710226,1898.0,189799.99999989232,1,1,0,1.0,0.0,1898.0,1,1,1,1,1
7516,7710228,6332.0,633199.9999996407,1,1,0,1.0,0.0,6332.0,1,1,1,1,1
7517,7710230,388.0,38799.99999997799,1,1,0,1.0,0.0,388.0,1,1,1,1,1
7518,7710232,86.0,8599.999999995121,1,1,0,1.0,0.0,86.0,1,1,1,1,1
7519,7710234,943.0,94299.9999999465,1,1,0,1.0,0.0,943.0,1,1,1,1,1
7520,7710236,206.0,20599.999999988315,1,1,0,1.0,0.0,206.0,1,1,1,1,1
7521,7710238,1815.0,181499.99999989703,1,1,0,1.0,0.0,1815.0,1,1,1,1,1
7522,7710240,392.0,39199.999999977765,1,1,0,1.0,0.0,392.0,1,1,1,1,1
7523,7710242,10002.0,1000199.9999994326,1,1,0,1.0,0.0,10002.0,1,1,1,1,1
7524,7710244,532.0,53199.99999996982,1,1,0,1.0,0.0,532.0,1,1,1,1,1
7525,7710248,70.0,6999.999999996029,1,1,0,1.0,0.0,70.0,1,1,1,1,1
7526,7710258,722.0,72199.99999995904,1,1,0,1.0,0.0,722.0,1,1,1,1,1
7527,7710262,5.0,499.99999999971635,1,1,0,1.0,0.0,5.0,1,1,1,1,1
7528,7710268,39.0,3899.9999999977877,1,1,0,1.0,0.0,39.0,1,1,1,1,1
7529,7710270,128.0,12799.999999992739,1,1,0,1.0,0.0,128.0,1,1,1,1,1
7530,7710272,4593.0,459299.99999973946,1,1,0,1.0,0.0,4593.0,1,1,1,1,1
7531,7710274,4193.0,419299.9999997621,1,1,0,1.0,0.0,4193.0,1,1,1,1,1
7532,7710276,3609.0,360899.9999997953,1,1,0,1.0,0.0,3609.0,1,1,1,1,1
7533,7710278,4543.0,454299.99999974226,1,1,0,1.0,0.0,4543.0,1,1,1,1,1
7534,7710280,75.0,7499.999999995745,1,1,0,1.0,0.0,75.0,1,1,1,1,1
7535,7710282,9.0,899.9999999994894,1,1,0,1.0,0.0,9.0,1,1,1,1,1
7536,7710284,101.0,10099.99999999427,1,1,0,1.0,0.0,101.0,1,1,1,1,1
7537,7710286,5209.0,520899.9999997045,1,1,0,1.0,0.0,5209.0,1,1,1,1,1
7538,7710288,1027.0,102699.99999994173,1,1,0,1.0,0.0,1027.0,1,1,1,1,1
7539,7710290,235.0,23499.999999986667,1,1,0,1.0,0.0,235.0,1,1,1,1,1
7540,7710292,3136.0,313599.9999998221,1,1,0,1.0,0.0,3136.0,1,1,1,1,1
7541,7710298,18135.0,1813499.9999989711,1,1,0,1.0,0.0,18135.0,1,1,1,1,1
7542,7710304,2498.0,249799.9999998583,1,1,0,1.0,0.0,2498.0,1,1,1,1,1
7543,7710308,3826.0,382599.99999978294,1,1,0,1.0,0.0,3826.0,1,1,1,1,1
7544,7710314,114.0,11399.999999993533,1,1,0,1.0,0.0,114.0,1,1,1,1,1
7545,7710324,533.0,53299.99999996976,1,1,0,1.0,0.0,533.0,1,1,1,1,1
7546,7710328,338.0,33799.99999998083,1,1,0,1.0,0.0,338.0,1,1,1,1,1
7547,7710336,156.0,15599.99999999115,1,1,0,1.0,0.0,156.0,1,1,1,1,1
7548,7710342,27.0,2699.9999999984684,1,1,0,1.0,0.0,27.0,1,1,1,1,1
7549,7710352,456.0,45599.999999974134,1,1,0,1.0,0.0,456.0,1,1,1,1,1
7550,7710378,2413.0,241299.99999986312,1,1,0,1.0,0.0,2413.0,1,1,1,1,1
7551,7710384,38.0,3799.9999999978445,1,1,0,1.0,0.0,38.0,1,1,1,1,1
7552,7710404,533.0,53299.99999996976,1,1,0,1.0,0.0,533.0,1,1,1,1,1
7553,7710408,274.0,27399.999999984455,1,1,0,1.0,0.0,274.0,1,1,1,1,1
7554,7710410,442.0,44199.99999997493,1,1,0,1.0,0.0,442.0,1,1,1,1,1
7555,7710416,90.0,8999.999999994894,1,1,0,1.0,0.0,90.0,1,1,1,1,1
7556,7710418,3609.0,360899.9999997953,1,1,0,1.0,0.0,3609.0,1,1,1,1,1
7557,7710420,535.0,53499.99999996965,1,1,0,1.0,0.0,535.0,1,1,1,1,1
7558,7710428,195.0,19499.999999988937,1,1,0,1.0,0.0,195.0,1,1,1,1,1
7559,7710432,517.0,51699.99999997067,1,1,0,1.0,0.0,517.0,1,1,1,1,1
7560,7710434,106.0,10599.999999993986,1,1,0,1.0,0.0,106.0,1,1,1,1,1
7561,7710436,155.0,15499.999999991207,1,1,0,1.0,0.0,155.0,1,1,1,1,1
7562,7710442,157.0,15699.999999991094,1,1,0,1.0,0.0,157.0,1,1,1,1,1
7563,7710462,94.0,9399.999999994667,1,1,0,1.0,0.0,94.0,1,1,1,1,1
7564,7710464,370.0,36999.99999997901,1,1,0,1.0,0.0,370.0,1,1,1,1,1
7565,7710466,784.0,78399.99999995553,1,1,0,1.0,0.0,784.0,1,1,1,1,1
7566,7710468,279.0,27899.99999998417,1,1,0,1.0,0.0,279.0,1,1,1,1,1
7567,7710470,684.0,68399.99999996119,1,1,0,1.0,0.0,684.0,1,1,1,1,1
7568,7710476,751.0,75099.99999995739,1,1,0,1.0,0.0,751.0,1,1,1,1,1
7569,7710482,1258.0,125799.99999992864,1,1,0,1.0,0.0,1258.0,1,1,1,1,1
7570,7710490,359.0,35899.999999979635,1,1,0,1.0,0.0,359.0,1,1,1,1,1
7571,7710492,34.0,3399.999999998071,1,1,0,1.0,0.0,34.0,1,1,1,1,1
7572,7710500,1194.0,119399.99999993226,1,1,0,1.0,0.0,1194.0,1,1,1,1,1
7573,7710506,18.0,1799.9999999989789,1,1,0,1.0,0.0,18.0,1,1,1,1,1
7574,7710508,885.0,88499.9999999498,1,1,0,1.0,0.0,885.0,1,1,1,1,1
7575,7710516,243.0,24299.999999986216,1,1,0,1.0,0.0,243.0,1,1,1,1,1
7576,7710524,439.0,43899.999999975094,1,1,0,1.0,0.0,439.0,1,1,1,1,1
7577,7710526,70.0,6999.999999996029,1,1,0,1.0,0.0,70.0,1,1,1,1,1
7578,7710530,54.0,5399.999999996937,1,1,0,1.0,0.0,54.0,1,1,1,1,1
7579,7710538,839.0,83899.9999999524,1,1,0,1.0,0.0,839.0,1,1,1,1,1
7580,7710542,1956.0,195599.99999988903,1,1,0,1.0,0.0,1956.0,1,1,1,1,1
7581,7710544,108.0,10799.999999993874,1,1,0,1.0,0.0,108.0,1,1,1,1,1
7582,7710548,87.0,8699.999999995065,1,1,0,1.0,0.0,87.0,1,1,1,1,1
7583,7710550,118.0,11799.999999993306,1,1,0,1.0,0.0,118.0,1,1,1,1,1
7584,7710560,478.0,47799.99999997288,1,1,0,1.0,0.0,478.0,1,1,1,1,1
7585,7710568,432.0,43199.999999975495,1,1,0,1.0,0.0,432.0,1,1,1,1,1
7586,7710570,1892.0,189199.99999989267,1,1,0,1.0,0.0,1892.0,1,1,1,1,1
7587,7710576,1804.0,180399.99999989767,1,1,0,1.0,0.0,1804.0,1,1,1,1,1
7588,7710834,132.0,13199.999999992511,1,1,0,1.0,0.0,132.0,1,1,1,1,1
7589,7710848,386.0,38599.9999999781,1,1,0,1.0,0.0,386.0,1,1,1,1,1
7590,7710850,25.0,2499.9999999985816,1,1,0,1.0,0.0,25.0,1,1,1,1,1
7591,7710852,548.0,54799.99999996891,1,1,0,1.0,0.0,548.0,1,1,1,1,1
7592,7710854,37.0,3699.999999997901,1,1,0,1.0,0.0,37.0,1,1,1,1,1
7593,7710856,53.0,5299.999999996993,1,1,0,1.0,0.0,53.0,1,1,1,1,1
7594,7710858,1147.0,114699.99999993492,1,1,0,1.0,0.0,1147.0,1,1,1,1,1
7595,7710982,38.0,3799.9999999978445,1,1,0,1.0,0.0,38.0,1,1,1,1,1
7596,7711000,86.0,8599.999999995121,1,1,0,1.0,0.0,86.0,1,1,1,1,1
7597,7711002,73.0,7299.999999995859,1,1,0,1.0,0.0,73.0,1,1,1,1,1
7598,7711014,163.0,16299.999999990752,1,1,0,1.0,0.0,163.0,1,1,1,1,1
7599,7711830,115.0,11499.999999993475,1,1,0,1.0,0.0,115.0,1,1,1,1,1
7600,7711832,513.0,51299.999999970896,1,1,0,1.0,0.0,513.0,1,1,1,1,1
7601,7711838,2.0,199.99999999988654,1,1,0,1.0,0.0,2.0,1,1,1,1,1
7602,7711840,15.0,1499.9999999991492,1,1,0,1.0,0.0,15.0,1,1,1,1,1
7603,7711842,515.0,51499.99999997079,1,1,0,1.0,0.0,515.0,1,1,1,1,1
7604,7711844,2228.0,222799.9999998736,1,1,0,1.0,0.0,2228.0,1,1,1,1,1
7605,7711856,353.0,35299.99999997998,1,1,0,1.0,0.0,353.0,1,1,1,1,1
7606,7711858,1488.0,148799.9999999156,1,1,0,1.0,0.0,1488.0,1,1,1,1,1
7607,7711862,54.0,5399.999999996937,1,1,0,1.0,0.0,54.0,1,1,1,1,1
7608,7711864,3.0,299.9999999998298,1,1,0,1.0,0.0,3.0,1,1,1,1,1
7609,7711868,4.0,399.9999999997731,1,1,0,1.0,0.0,4.0,1,1,1,1,1
7610,7711874,196.0,19599.999999988882,1,1,0,1.0,0.0,196.0,1,1,1,1,1
7611,7711876,288.0,28799.999999983662,1,1,0,1.0,0.0,288.0,1,1,1,1,1
7612,7711886,9.0,899.9999999994894,1,1,0,1.0,0.0,9.0,1,1,1,1,1
7613,7711888,89.0,8899.99999999495,1,1,0,1.0,0.0,89.0,1,1,1,1,1
7614,7711894,147.0,14699.99999999166,1,1,0,1.0,0.0,147.0,1,1,1,1,1
7615,7711896,177.0,17699.99999998996,1,1,0,1.0,0.0,177.0,1,1,1,1,1
7616,7711904,157.0,15699.999999991094,1,1,0,1.0,0.0,157.0,1,1,1,1,1
7617,7711906,39.0,3899.9999999977877,1,1,0,1.0,0.0,39.0,1,1,1,1,1
7618,7711908,1006.0,100599.99999994293,1,1,0,1.0,0.0,1006.0,1,1,1,1,1
7619,7711910,834.0,83399.99999995269,1,1,0,1.0,0.0,834.0,1,1,1,1,1
7620,7711928,8.0,799.9999999995462,1,1,0,1.0,0.0,8.0,1,1,1,1,1
7621,7711932,1092.0,109199.99999993805,1,1,0,1.0,0.0,1092.0,1,1,1,1,1
7622,7711934,139.0,13899.999999992115,1,1,0,1.0,0.0,139.0,1,1,1,1,1
7623,7711938,261.0,26099.999999985193,1,1,0,1.0,0.0,261.0,1,1,1,1,1
7624,7711940,709.0,70899.99999995978,1,1,0,1.0,0.0,709.0,1,1,1,1,1
7625,7711942,49.0,4899.999999997221,1,1,0,1.0,0.0,49.0,1,1,1,1,1
7626,7711944,6037.0,603699.9999996575,1,1,0,1.0,0.0,6037.0,1,1,1,1,1
7627,7711946,1527.0,152699.9999999134,1,1,0,1.0,0.0,1527.0,1,1,1,1,1
7628,7711948,277.0,27699.999999984288,1,1,0,1.0,0.0,277.0,1,1,1,1,1
7629,7711952,341.0,34099.99999998065,1,1,0,1.0,0.0,341.0,1,1,1,1,1
7630,7711954,16.0,1599.9999999990923,1,1,0,1.0,0.0,16.0,1,1,1,1,1
7631,7711966,26.0,2599.999999998525,1,1,0,1.0,0.0,26.0,1,1,1,1,1
7632,7711968,56.0,5599.999999996823,1,1,0,1.0,0.0,56.0,1,1,1,1,1
7633,7711970,526.0,52599.99999997016,1,1,0,1.0,0.0,526.0,1,1,1,1,1
7634,7711972,127.0,12699.999999992795,1,1,0,1.0,0.0,127.0,1,1,1,1,1
7635,7711980,23.0,2299.9999999986953,1,1,0,1.0,0.0,23.0,1,1,1,1,1
7636,7711984,314.0,31399.99999998219,1,1,0,1.0,0.0,314.0,1,1,1,1,1
7637,7711986,250.0,24999.99999998582,1,1,0,1.0,0.0,250.0,1,1,1,1,1
7638,7711992,550.0,54999.9999999688,1,1,0,1.0,0.0,550.0,1,1,1,1,1
7639,7711996,1028.0,102799.99999994168,1,1,0,1.0,0.0,1028.0,1,1,1,1,1
7640,7712000,157.0,15699.999999991094,1,1,0,1.0,0.0,157.0,1,1,1,1,1
7641,7712006,294.0,29399.99999998332,1,1,0,1.0,0.0,294.0,1,1,1,1,1
7642,7712010,207.0,20699.999999988257,1,1,0,1.0,0.0,207.0,1,1,1,1,1
7643,7712014,767.0,76699.99999995649,1,1,0,1.0,0.0,767.0,1,1,1,1,1
7644,7712020,269.0,26899.99999998474,1,1,0,1.0,0.0,269.0,1,1,1,1,1
7645,7712024,329.0,32899.99999998134,1,1,0,1.0,0.0,329.0,1,1,1,1,1
7646,7712026,1048.0,104799.99999994054,1,1,0,1.0,0.0,1048.0,1,1,1,1,1
7647,7712030,361.0,36099.99999997952,1,1,0,1.0,0.0,361.0,1,1,1,1,1
7648,7712036,142.0,14199.999999991944,1,1,0,1.0,0.0,142.0,1,1,1,1,1
7649,7712040,111.0,11099.999999993703,1,1,0,1.0,0.0,111.0,1,1,1,1,1
7650,7712044,6.0,599.9999999996596,1,1,0,1.0,0.0,6.0,1,1,1,1,1
7651,7712066,68.0,6799.999999996142,1,1,0,1.0,0.0,68.0,1,1,1,1,1
7652,7712068,183.0,18299.999999989617,1,1,0,1.0,0.0,183.0,1,1,1,1,1
7653,7712072,138.0,13799.999999992171,1,1,0,1.0,0.0,138.0,1,1,1,1,1
7654,7712080,153.0,15299.99999999132,1,1,0,1.0,0.0,153.0,1,1,1,1,1
7655,7712082,2793.0,279299.99999984156,1,1,0,1.0,0.0,2793.0,1,1,1,1,1
7656,7712084,545.0,54499.999999969084,1,1,0,1.0,0.0,545.0,1,1,1,1,1
7657,7712088,335.0,33499.999999980995,1,1,0,1.0,0.0,335.0,1,1,1,1,1
7658,7712090,206.0,20599.999999988315,1,1,0,1.0,0.0,206.0,1,1,1,1,1
7659,7712094,76.0,7599.999999995689,1,1,0,1.0,0.0,76.0,1,1,1,1,1
7660,7712096,33.0,3299.999999998128,1,1,0,1.0,0.0,33.0,1,1,1,1,1
7661,7712098,145.0,14499.999999991775,1,1,0,1.0,0.0,145.0,1,1,1,1,1
7662,7712104,70.0,6999.999999996029,1,1,0,1.0,0.0,70.0,1,1,1,1,1
7663,7712106,61.0,6099.999999996539,1,1,0,1.0,0.0,61.0,1,1,1,1,1
7664,7712108,26.0,2599.999999998525,1,1,0,1.0,0.0,26.0,1,1,1,1,1
7665,7712112,251.0,25099.99999998576,1,1,0,1.0,0.0,251.0,1,1,1,1,1
7666,7712114,926.0,92599.99999994747,1,1,0,1.0,0.0,926.0,1,1,1,1,1
7667,7712118,632.0,63199.999999964144,1,1,0,1.0,0.0,632.0,1,1,1,1,1
7668,7712120,139.0,13899.999999992115,1,1,0,1.0,0.0,139.0,1,1,1,1,1
7669,7712122,41.0,4099.999999997674,1,1,0,1.0,0.0,41.0,1,1,1,1,1
7670,7712124,47.0,4699.999999997333,1,1,0,1.0,0.0,47.0,1,1,1,1,1
7671,7712130,46.0,4599.999999997391,1,1,0,1.0,0.0,46.0,1,1,1,1,1
7672,7712134,278.0,27799.99999998423,1,1,0,1.0,0.0,278.0,1,1,1,1,1
7673,7712136,119.0,11899.99999999325,1,1,0,1.0,0.0,119.0,1,1,1,1,1
7674,7712140,824.0,82399.99999995326,1,1,0,1.0,0.0,824.0,1,1,1,1,1
7675,7712142,911.0,91099.99999994833,1,1,0,1.0,0.0,911.0,1,1,1,1,1
7676,7712144,197.0,19699.999999988824,1,1,0,1.0,0.0,197.0,1,1,1,1,1
7677,7712150,117.0,11699.999999993363,1,1,0,1.0,0.0,117.0,1,1,1,1,1
7678,7712152,751.0,75099.99999995739,1,1,0,1.0,0.0,751.0,1,1,1,1,1
7679,7712154,86.0,8599.999999995121,1,1,0,1.0,0.0,86.0,1,1,1,1,1
7680,7712156,955.0,95499.99999994582,1,1,0,1.0,0.0,955.0,1,1,1,1,1
7681,7712166,235.0,23499.999999986667,1,1,0,1.0,0.0,235.0,1,1,1,1,1
7682,7712168,491.0,49099.99999997215,1,1,0,1.0,0.0,491.0,1,1,1,1,1
7683,7712170,864.0,86399.99999995099,1,1,0,1.0,0.0,864.0,1,1,1,1,1
7684,7712174,2.0,199.99999999988654,1,1,0,1.0,0.0,2.0,1,1,1,1,1
7685,7712176,28.0,2799.9999999984116,1,1,0,1.0,0.0,28.0,1,1,1,1,1
7686,7712178,181.0,18099.999999989734,1,1,0,1.0,0.0,181.0,1,1,1,1,1
7687,7712180,1055.0,105499.99999994015,1,1,0,1.0,0.0,1055.0,1,1,1,1,1
7688,7712184,181.0,18099.999999989734,1,1,0,1.0,0.0,181.0,1,1,1,1,1
7689,7712190,1009.0,100899.99999994275,1,1,0,1.0,0.0,1009.0,1,1,1,1,1
7690,7712192,43.0,4299.999999997561,1,1,0,1.0,0.0,43.0,1,1,1,1,1
7691,7712194,1332.0,133199.99999992445,1,1,0,1.0,0.0,1332.0,1,1,1,1,1
7692,7712196,9.0,899.9999999994894,1,1,0,1.0,0.0,9.0,1,1,1,1,1
7693,7712198,58.0,5799.999999996709,1,1,0,1.0,0.0,58.0,1,1,1,1,1
7694,7712200,627.0,62699.99999996443,1,1,0,1.0,0.0,627.0,1,1,1,1,1
7695,7712202,1023.0,102299.99999994197,1,1,0,1.0,0.0,1023.0,1,1,1,1,1
7696,7712204,429.0,42899.99999997566,1,1,0,1.0,0.0,429.0,1,1,1,1,1
7697,7712206,366.0,36599.999999979234,1,1,0,1.0,0.0,366.0,1,1,1,1,1
7698,7712208,811.0,81099.99999995399,1,1,0,1.0,0.0,811.0,1,1,1,1,1
7699,7712212,603.0,60299.99999996579,1,1,0,1.0,0.0,603.0,1,1,1,1,1
7700,7712218,114.0,11399.999999993533,1,1,0,1.0,0.0,114.0,1,1,1,1,1
7701,7712220,44.0,4399.999999997504,1,1,0,1.0,0.0,44.0,1,1,1,1,1
7702,7712224,224.0,22399.999999987293,1,1,0,1.0,0.0,224.0,1,1,1,1,1
7703,7712226,74.0,7399.999999995802,1,1,0,1.0,0.0,74.0,1,1,1,1,1
7704,7712228,17.0,1699.9999999990355,1,1,0,1.0,0.0,17.0,1,1,1,1,1
7705,7712232,1374.0,137399.99999992206,1,1,0,1.0,0.0,1374.0,1,1,1,1,1
7706,7712236,256.0,25599.999999985477,1,1,0,1.0,0.0,256.0,1,1,1,1,1
7707,7712238,73.0,7299.999999995859,1,1,0,1.0,0.0,73.0,1,1,1,1,1
7708,7712240,121.0,12099.999999993135,1,1,0,1.0,0.0,121.0,1,1,1,1,1
7709,7712250,219.0,21899.999999987576,1,1,0,1.0,0.0,219.0,1,1,1,1,1
7710,7712252,2421.0,242099.99999986266,1,1,0,1.0,0.0,2421.0,1,1,1,1,1
7711,7712256,1230.0,122999.99999993022,1,1,0,1.0,0.0,1230.0,1,1,1,1,1
7712,7712260,987.0,98699.999999944,1,1,0,1.0,0.0,987.0,1,1,1,1,1
7713,7712262,11.0,1099.999999999376,1,1,0,1.0,0.0,11.0,1,1,1,1,1
7714,7712264,25.0,2499.9999999985816,1,1,0,1.0,0.0,25.0,1,1,1,1,1
7715,7712266,46.0,4599.999999997391,1,1,0,1.0,0.0,46.0,1,1,1,1,1
7716,7712268,103.0,10299.999999994157,1,1,0,1.0,0.0,103.0,1,1,1,1,1
7717,7712276,301.0,30099.999999982923,1,1,0,1.0,0.0,301.0,1,1,1,1,1
7718,7712282,1053.0,105299.99999994026,1,1,0,1.0,0.0,1053.0,1,1,1,1,1
7719,7712284,206.0,20599.999999988315,1,1,0,1.0,0.0,206.0,1,1,1,1,1
7720,7712292,262.0,26199.999999985135,1,1,0,1.0,0.0,262.0,1,1,1,1,1
7721,7712294,23.0,2299.9999999986953,1,1,0,1.0,0.0,23.0,1,1,1,1,1
7722,7712296,115.0,11499.999999993475,1,1,0,1.0,0.0,115.0,1,1,1,1,1
7723,7712298,134.0,13399.999999992398,1,1,0,1.0,0.0,134.0,1,1,1,1,1
7724,7712300,92.0,9199.999999994781,1,1,0,1.0,0.0,92.0,1,1,1,1,1
7725,7712304,74.0,7399.999999995802,1,1,0,1.0,0.0,74.0,1,1,1,1,1
7726,7712312,3081.0,308099.9999998252,1,1,0,1.0,0.0,3081.0,1,1,1,1,1
7727,7712316,306.0,30599.99999998264,1,1,0,1.0,0.0,306.0,1,1,1,1,1
7728,7712320,47.0,4699.999999997333,1,1,0,1.0,0.0,47.0,1,1,1,1,1
7729,7712324,827.0,82699.99999995308,1,1,0,1.0,0.0,827.0,1,1,1,1,1
7730,7712330,1474.0,147399.99999991638,1,1,0,1.0,0.0,1474.0,1,1,1,1,1
7731,7712332,123.0,12299.999999993022,1,1,0,1.0,0.0,123.0,1,1,1,1,1
7732,7712334,2661.0,266099.99999984907,1,1,0,1.0,0.0,2661.0,1,1,1,1,1
7733,7712336,530.0,52999.999999969936,1,1,0,1.0,0.0,530.0,1,1,1,1,1
7734,7712342,4607.0,460699.99999973865,1,1,0,1.0,0.0,4607.0,1,1,1,1,1
7735,7712344,1160.0,115999.9999999342,1,1,0,1.0,0.0,1160.0,1,1,1,1,1
7736,7712350,199.0,19899.99999998871,1,1,0,1.0,0.0,199.0,1,1,1,1,1
7737,7712352,195.0,19499.999999988937,1,1,0,1.0,0.0,195.0,1,1,1,1,1
7738,7712354,158.0,15799.999999991036,1,1,0,1.0,0.0,158.0,1,1,1,1,1
7739,7712356,132.0,13199.999999992511,1,1,0,1.0,0.0,132.0,1,1,1,1,1
7740,7712358,3031.0,303099.99999982805,1,1,0,1.0,0.0,3031.0,1,1,1,1,1
7741,7712362,750.0,74999.99999995745,1,1,0,1.0,0.0,750.0,1,1,1,1,1
7742,7712364,117.0,11699.999999993363,1,1,0,1.0,0.0,117.0,1,1,1,1,1
7743,7712368,64.0,6399.999999996369,1,1,0,1.0,0.0,64.0,1,1,1,1,1
7744,7712374,210.0,20999.999999988086,1,1,0,1.0,0.0,210.0,1,1,1,1,1
7745,7712376,55.0,5499.9999999968795,1,1,0,1.0,0.0,55.0,1,1,1,1,1
7746,7712388,201.0,20099.9999999886,1,1,0,1.0,0.0,201.0,1,1,1,1,1
7747,7712390,2258.0,225799.9999998719,1,1,0,1.0,0.0,2258.0,1,1,1,1,1
7748,7712392,75.0,7499.999999995745,1,1,0,1.0,0.0,75.0,1,1,1,1,1
7749,7712396,366.0,36599.999999979234,1,1,0,1.0,0.0,366.0,1,1,1,1,1
7750,7712402,17.0,1699.9999999990355,1,1,0,1.0,0.0,17.0,1,1,1,1,1
7751,7712404,2.0,199.99999999988654,1,1,0,1.0,0.0,2.0,1,1,1,1,1
7752,7712406,283.0,28299.999999983946,1,1,0,1.0,0.0,283.0,1,1,1,1,1
7753,7712410,210.0,20999.999999988086,1,1,0,1.0,0.0,210.0,1,1,1,1,1
7754,7712414,28.0,2799.9999999984116,1,1,0,1.0,0.0,28.0,1,1,1,1,1
7755,7712418,123.0,12299.999999993022,1,1,0,1.0,0.0,123.0,1,1,1,1,1
7756,7712420,4.0,399.9999999997731,1,1,0,1.0,0.0,4.0,1,1,1,1,1
7757,7712424,273.0,27299.999999984513,1,1,0,1.0,0.0,273.0,1,1,1,1,1
7758,7712426,1572.0,157199.99999991083,1,1,0,1.0,0.0,1572.0,1,1,1,1,1
7759,7712432,662.0,66199.99999996244,1,1,0,1.0,0.0,662.0,1,1,1,1,1
7760,7712436,96.0,9599.999999994554,1,1,0,1.0,0.0,96.0,1,1,1,1,1
7761,7712440,1491.0,149099.99999991542,1,1,0,1.0,0.0,1491.0,1,1,1,1,1
7762,7712442,43.0,4299.999999997561,1,1,0,1.0,0.0,43.0,1,1,1,1,1
7763,7712448,18.0,1799.9999999989789,1,1,0,1.0,0.0,18.0,1,1,1,1,1
7764,7712458,32.0,3199.9999999981846,1,1,0,1.0,0.0,32.0,1,1,1,1,1
7765,7712460,125.0,12499.99999999291,1,1,0,1.0,0.0,125.0,1,1,1,1,1
7766,7712462,27.0,2699.9999999984684,1,1,0,1.0,0.0,27.0,1,1,1,1,1
7767,7712464,471.0,47099.99999997328,1,1,0,1.0,0.0,471.0,1,1,1,1,1
7768,7712468,27.0,2699.9999999984684,1,1,0,1.0,0.0,27.0,1,1,1,1,1
7769,7712470,241.0,24099.99999998633,1,1,0,1.0,0.0,241.0,1,1,1,1,1
7770,7712478,101.0,10099.99999999427,1,1,0,1.0,0.0,101.0,1,1,1,1,1
7771,7712486,71.0,7099.999999995972,1,1,0,1.0,0.0,71.0,1,1,1,1,1
7772,7712498,4.0,399.9999999997731,1,1,0,1.0,0.0,4.0,1,1,1,1,1
7773,7712500,269.0,26899.99999998474,1,1,0,1.0,0.0,269.0,1,1,1,1,1
7774,7712506,1386.0,138599.99999992136,1,1,0,1.0,0.0,1386.0,1,1,1,1,1
7775,7712508,133.0,13299.999999992455,1,1,0,1.0,0.0,133.0,1,1,1,1,1
7776,7712510,1294.0,129399.99999992659,1,1,0,1.0,0.0,1294.0,1,1,1,1,1
7777,7712514,249.0,24899.999999985874,1,1,0,1.0,0.0,249.0,1,1,1,1,1
7778,7712520,1.0,99.99999999994327,1,1,0,1.0,0.0,1.0,1,1,1,1,1
7779,7712532,142.0,14199.999999991944,1,1,0,1.0,0.0,142.0,1,1,1,1,1
7780,7712536,68.0,6799.999999996142,1,1,0,1.0,0.0,68.0,1,1,1,1,1
7781,7712538,597.0,59699.99999996613,1,1,0,1.0,0.0,597.0,1,1,1,1,1
7782,7712540,35.0,3499.9999999980146,1,1,0,1.0,0.0,35.0,1,1,1,1,1
7783,7712542,49.0,4899.999999997221,1,1,0,1.0,0.0,49.0,1,1,1,1,1
7784,7712552,1787.0,178699.99999989863,1,1,0,1.0,0.0,1787.0,1,1,1,1,1
7785,7712558,1344.0,134399.99999992375,1,1,0,1.0,0.0,1344.0,1,1,1,1,1
7786,7712562,64.0,6399.999999996369,1,1,0,1.0,0.0,64.0,1,1,1,1,1
7787,7712564,91.0,9099.999999994838,1,1,0,1.0,0.0,91.0,1,1,1,1,1
7788,7712566,87.0,8699.999999995065,1,1,0,1.0,0.0,87.0,1,1,1,1,1
7789,7712572,522.0,52199.99999997039,1,1,0,1.0,0.0,522.0,1,1,1,1,1
7790,7712578,474.0,47399.99999997311,1,1,0,1.0,0.0,474.0,1,1,1,1,1
7791,7712584,173.0,17299.999999990185,1,1,0,1.0,0.0,173.0,1,1,1,1,1
7792,7712586,17.0,1699.9999999990355,1,1,0,1.0,0.0,17.0,1,1,1,1,1
7793,7712588,254.0,25399.99999998559,1,1,0,1.0,0.0,254.0,1,1,1,1,1
7794,7712594,209.0,20899.999999988144,1,1,0,1.0,0.0,209.0,1,1,1,1,1
7795,7712596,1014.0,101399.99999994248,1,1,0,1.0,0.0,1014.0,1,1,1,1,1
7796,7712598,699.0,69899.99999996035,1,1,0,1.0,0.0,699.0,1,1,1,1,1
7797,7712602,1497.0,149699.99999991508,1,1,0,1.0,0.0,1497.0,1,1,1,1,1
7798,7712604,142.0,14199.999999991944,1,1,0,1.0,0.0,142.0,1,1,1,1,1
7799,7712606,237.0,23699.999999986554,1,1,0,1.0,0.0,237.0,1,1,1,1,1
7800,7712608,381.0,38099.99999997838,1,1,0,1.0,0.0,381.0,1,1,1,1,1
7801,7712610,6.0,599.9999999996596,1,1,0,1.0,0.0,6.0,1,1,1,1,1
7802,7712612,100.0,9999.999999994327,1,1,0,1.0,0.0,100.0,1,1,1,1,1
7803,7712616,1253.0,125299.99999992891,1,1,0,1.0,0.0,1253.0,1,1,1,1,1
7804,7712618,56.0,5599.999999996823,1,1,0,1.0,0.0,56.0,1,1,1,1,1
7805,7712626,662.0,66199.99999996244,1,1,0,1.0,0.0,662.0,1,1,1,1,1
7806,7712632,59.0,5899.999999996653,1,1,0,1.0,0.0,59.0,1,1,1,1,1
7807,7712634,109.0,10899.999999993817,1,1,0,1.0,0.0,109.0,1,1,1,1,1
7808,7712644,144.0,14399.999999991831,1,1,0,1.0,0.0,144.0,1,1,1,1,1
7809,7712646,51.0,5099.999999997107,1,1,0,1.0,0.0,51.0,1,1,1,1,1
7810,7712648,145.0,14499.999999991775,1,1,0,1.0,0.0,145.0,1,1,1,1,1
7811,7712650,2940.0,293999.99999983324,1,1,0,1.0,0.0,2940.0,1,1,1,1,1
7812,7712652,58.0,5799.999999996709,1,1,0,1.0,0.0,58.0,1,1,1,1,1
7813,7712654,188.0,18799.999999989333,1,1,0,1.0,0.0,188.0,1,1,1,1,1
7814,7712656,446.0,44599.9999999747,1,1,0,1.0,0.0,446.0,1,1,1,1,1
7815,7712658,1.0,99.99999999994327,1,1,0,1.0,0.0,1.0,1,1,1,1,1
7816,7712660,805.0,80499.99999995434,1,1,0,1.0,0.0,805.0,1,1,1,1,1
7817,7712662,72.0,7199.9999999959155,1,1,0,1.0,0.0,72.0,1,1,1,1,1
7818,7712668,717.0,71699.99999995933,1,1,0,1.0,0.0,717.0,1,1,1,1,1
7819,7712672,87.0,8699.999999995065,1,1,0,1.0,0.0,87.0,1,1,1,1,1
7820,7712674,89.0,8899.99999999495,1,1,0,1.0,0.0,89.0,1,1,1,1,1
7821,7712676,24.0,2399.9999999986385,1,1,0,1.0,0.0,24.0,1,1,1,1,1
7822,7712680,28.0,2799.9999999984116,1,1,0,1.0,0.0,28.0,1,1,1,1,1
7823,7712684,1874.0,187399.99999989368,1,1,0,1.0,0.0,1874.0,1,1,1,1,1
7824,7712690,279.0,27899.99999998417,1,1,0,1.0,0.0,279.0,1,1,1,1,1
7825,7712692,31.0,3099.9999999982415,1,1,0,1.0,0.0,31.0,1,1,1,1,1
7826,7712696,113.0,11299.99999999359,1,1,0,1.0,0.0,113.0,1,1,1,1,1
7827,7712698,628.0,62799.99999996438,1,1,0,1.0,0.0,628.0,1,1,1,1,1
7828,7712700,112.0,11199.999999993646,1,1,0,1.0,0.0,112.0,1,1,1,1,1
7829,7712704,627.0,62699.99999996443,1,1,0,1.0,0.0,627.0,1,1,1,1,1
7830,7712706,2975.0,297499.99999983126,1,1,0,1.0,0.0,2975.0,1,1,1,1,1
7831,7712710,1631.0,163099.99999990748,1,1,0,1.0,0.0,1631.0,1,1,1,1,1
7832,7712712,338.0,33799.99999998083,1,1,0,1.0,0.0,338.0,1,1,1,1,1
7833,7712724,903.0,90299.99999994878,1,1,0,1.0,0.0,903.0,1,1,1,1,1
7834,7712728,1295.0,129499.99999992654,1,1,0,1.0,0.0,1295.0,1,1,1,1,1
7835,7712734,7.0,699.9999999996029,1,1,0,1.0,0.0,7.0,1,1,1,1,1
7836,7712736,45.0,4499.999999997447,1,1,0,1.0,0.0,45.0,1,1,1,1,1
7837,7712738,333.0,33299.99999998111,1,1,0,1.0,0.0,333.0,1,1,1,1,1
7838,7712740,801.0,80099.99999995455,1,1,0,1.0,0.0,801.0,1,1,1,1,1
7839,7712742,616.0,61599.99999996505,1,1,0,1.0,0.0,616.0,1,1,1,1,1
7840,7712744,361.0,36099.99999997952,1,1,0,1.0,0.0,361.0,1,1,1,1,1
7841,7712746,376.0,37599.99999997867,1,1,0,1.0,0.0,376.0,1,1,1,1,1
7842,7712752,148.0,14799.999999991604,1,1,0,1.0,0.0,148.0,1,1,1,1,1
7843,7712754,101.0,10099.99999999427,1,1,0,1.0,0.0,101.0,1,1,1,1,1
7844,7712756,73.0,7299.999999995859,1,1,0,1.0,0.0,73.0,1,1,1,1,1
7845,7712760,111.0,11099.999999993703,1,1,0,1.0,0.0,111.0,1,1,1,1,1
7846,7712762,84.0,8399.999999995234,1,1,0,1.0,0.0,84.0,1,1,1,1,1
7847,7712768,4392.0,439199.9999997509,1,1,0,1.0,0.0,4392.0,1,1,1,1,1
7848,7712770,304.0,30399.999999982756,1,1,0,1.0,0.0,304.0,1,1,1,1,1
7849,7712776,260.0,25999.99999998525,1,1,0,1.0,0.0,260.0,1,1,1,1,1
7850,7712780,60.0,5999.999999996597,1,1,0,1.0,0.0,60.0,1,1,1,1,1
7851,7712786,2109.0,210899.99999988035,1,1,0,1.0,0.0,2109.0,1,1,1,1,1
7852,7712788,103.0,10299.999999994157,1,1,0,1.0,0.0,103.0,1,1,1,1,1
7853,7712790,93.0,9299.999999994725,1,1,0,1.0,0.0,93.0,1,1,1,1,1
7854,7712792,145.0,14499.999999991775,1,1,0,1.0,0.0,145.0,1,1,1,1,1
7855,7712796,112.0,11199.999999993646,1,1,0,1.0,0.0,112.0,1,1,1,1,1
7856,7712798,3681.0,368099.99999979115,1,1,0,1.0,0.0,3681.0,1,1,1,1,1
7857,7712800,5.0,499.99999999971635,1,1,0,1.0,0.0,5.0,1,1,1,1,1
7858,7712802,1799.0,179899.99999989793,1,1,0,1.0,0.0,1799.0,1,1,1,1,1
7859,7712804,997.0,99699.99999994344,1,1,0,1.0,0.0,997.0,1,1,1,1,1
7860,7712806,1019.0,101899.99999994219,1,1,0,1.0,0.0,1019.0,1,1,1,1,1
7861,7712808,137.0,13699.999999992227,1,1,0,1.0,0.0,137.0,1,1,1,1,1
7862,7712810,43.0,4299.999999997561,1,1,0,1.0,0.0,43.0,1,1,1,1,1
7863,7712812,198.0,19799.999999988766,1,1,0,1.0,0.0,198.0,1,1,1,1,1
7864,7712814,211.0,21099.99999998803,1,1,0,1.0,0.0,211.0,1,1,1,1,1
7865,7712816,18.0,1799.9999999989789,1,1,0,1.0,0.0,18.0,1,1,1,1,1
7866,7712818,1638.0,163799.99999990707,1,1,0,1.0,0.0,1638.0,1,1,1,1,1
7867,7712822,1156.0,115599.99999993441,1,1,0,1.0,0.0,1156.0,1,1,1,1,1
7868,7712824,216.0,21599.999999987747,1,1,0,1.0,0.0,216.0,1,1,1,1,1
7869,7712828,23.0,2299.9999999986953,1,1,0,1.0,0.0,23.0,1,1,1,1,1
7870,7712832,568.0,56799.999999967775,1,1,0,1.0,0.0,568.0,1,1,1,1,1
7871,7712834,116.0,11599.999999993419,1,1,0,1.0,0.0,116.0,1,1,1,1,1
7872,7712838,356.0,35599.9999999798,1,1,0,1.0,0.0,356.0,1,1,1,1,1
7873,7712846,250.0,24999.99999998582,1,1,0,1.0,0.0,250.0,1,1,1,1,1
7874,7712848,256.0,25599.999999985477,1,1,0,1.0,0.0,256.0,1,1,1,1,1
7875,7712858,9.0,899.9999999994894,1,1,0,1.0,0.0,9.0,1,1,1,1,1
7876,7712860,241.0,24099.99999998633,1,1,0,1.0,0.0,241.0,1,1,1,1,1
7877,7712862,74.0,7399.999999995802,1,1,0,1.0,0.0,74.0,1,1,1,1,1
7878,7712864,49.0,4899.999999997221,1,1,0,1.0,0.0,49.0,1,1,1,1,1
7879,7712866,444.0,44399.99999997481,1,1,0,1.0,0.0,444.0,1,1,1,1,1
7880,7712868,1053.0,105299.99999994026,1,1,0,1.0,0.0,1053.0,1,1,1,1,1
7881,7712870,108.0,10799.999999993874,1,1,0,1.0,0.0,108.0,1,1,1,1,1
7882,7712878,43.0,4299.999999997561,1,1,0,1.0,0.0,43.0,1,1,1,1,1
7883,7712880,6132.0,613199.9999996522,1,1,0,1.0,0.0,6132.0,1,1,1,1,1
7884,7712884,464.0,46399.999999973676,1,1,0,1.0,0.0,464.0,1,1,1,1,1
7885,7712886,119.0,11899.99999999325,1,1,0,1.0,0.0,119.0,1,1,1,1,1
7886,7712888,92.0,9199.999999994781,1,1,0,1.0,0.0,92.0,1,1,1,1,1
7887,7712892,424.0,42399.999999975946,1,1,0,1.0,0.0,424.0,1,1,1,1,1
7888,7712894,64.0,6399.999999996369,1,1,0,1.0,0.0,64.0,1,1,1,1,1
7889,7712898,560.0,55999.99999996823,1,1,0,1.0,0.0,560.0,1,1,1,1,1
7890,7712900,608.0,60799.99999996551,1,1,0,1.0,0.0,608.0,1,1,1,1,1
7891,7712902,123.0,12299.999999993022,1,1,0,1.0,0.0,123.0,1,1,1,1,1
7892,7712904,27.0,2699.9999999984684,1,1,0,1.0,0.0,27.0,1,1,1,1,1
7893,7712906,55.0,5499.9999999968795,1,1,0,1.0,0.0,55.0,1,1,1,1,1
7894,7712908,280.0,27999.999999984117,1,1,0,1.0,0.0,280.0,1,1,1,1,1
7895,7712910,396.0,39599.99999997753,1,1,0,1.0,0.0,396.0,1,1,1,1,1
7896,7712912,94.0,9399.999999994667,1,1,0,1.0,0.0,94.0,1,1,1,1,1
7897,7712914,800.0,79999.99999995461,1,1,0,1.0,0.0,800.0,1,1,1,1,1
7898,7712918,163.0,16299.999999990752,1,1,0,1.0,0.0,163.0,1,1,1,1,1
7899,7712922,285.0,28499.999999983833,1,1,0,1.0,0.0,285.0,1,1,1,1,1
7900,7712926,456.0,45599.999999974134,1,1,0,1.0,0.0,456.0,1,1,1,1,1
7901,7712928,749.0,74899.99999995751,1,1,0,1.0,0.0,749.0,1,1,1,1,1
7902,7712930,803.0,80299.99999995445,1,1,0,1.0,0.0,803.0,1,1,1,1,1
7903,7712932,140.0,13999.999999992058,1,1,0,1.0,0.0,140.0,1,1,1,1,1
7904,7712934,5069.0,506899.99999971245,1,1,0,1.0,0.0,5069.0,1,1,1,1,1
7905,7712936,141.0,14099.999999992002,1,1,0,1.0,0.0,141.0,1,1,1,1,1
7906,7712938,13.0,1299.9999999992624,1,1,0,1.0,0.0,13.0,1,1,1,1,1
7907,7712944,1763.0,176299.9999999,1,1,0,1.0,0.0,1763.0,1,1,1,1,1
7908,7712954,733.0,73299.99999995841,1,1,0,1.0,0.0,733.0,1,1,1,1,1
7909,7712956,115.0,11499.999999993475,1,1,0,1.0,0.0,115.0,1,1,1,1,1
7910,7712960,444.0,44399.99999997481,1,1,0,1.0,0.0,444.0,1,1,1,1,1
7911,7712962,581.0,58099.99999996704,1,1,0,1.0,0.0,581.0,1,1,1,1,1
7912,7712968,762.0,76199.99999995677,1,1,0,1.0,0.0,762.0,1,1,1,1,1
7913,7712970,1590.0,158999.9999999098,1,1,0,1.0,0.0,1590.0,1,1,1,1,1
7914,7712972,15.0,1499.9999999991492,1,1,0,1.0,0.0,15.0,1,1,1,1,1
7915,7712974,1766.0,176599.99999989982,1,1,0,1.0,0.0,1766.0,1,1,1,1,1
7916,7712980,9877.0,987699.9999994397,1,1,0,1.0,0.0,9877.0,1,1,1,1,1
7917,7712984,352.0,35199.999999980035,1,1,0,1.0,0.0,352.0,1,1,1,1,1
7918,7712986,400.0,39999.999999977306,1,1,0,1.0,0.0,400.0,1,1,1,1,1
7919,7712988,1214.0,121399.99999993113,1,1,0,1.0,0.0,1214.0,1,1,1,1,1
7920,7712990,107.0,10699.99999999393,1,1,0,1.0,0.0,107.0,1,1,1,1,1
7921,7712992,2228.0,222799.9999998736,1,1,0,1.0,0.0,2228.0,1,1,1,1,1
7922,7712994,76.0,7599.999999995689,1,1,0,1.0,0.0,76.0,1,1,1,1,1
7923,7712996,562.0,56199.99999996812,1,1,0,1.0,0.0,562.0,1,1,1,1,1
7924,7712998,1646.0,164599.99999990663,1,1,0,1.0,0.0,1646.0,1,1,1,1,1
7925,7713000,548.0,54799.99999996891,1,1,0,1.0,0.0,548.0,1,1,1,1,1
7926,7713002,2671.0,267099.9999998485,1,1,0,1.0,0.0,2671.0,1,1,1,1,1
7927,7713004,4102.0,410199.9999997673,1,1,0,1.0,0.0,4102.0,1,1,1,1,1
7928,7713008,4.0,399.9999999997731,1,1,0,1.0,0.0,4.0,1,1,1,1,1
7929,7713010,89.0,8899.99999999495,1,1,0,1.0,0.0,89.0,1,1,1,1,1
7930,7713018,7633.0,763299.9999995669,1,1,0,1.0,0.0,7633.0,1,1,1,1,1
7931,7713020,49.0,4899.999999997221,1,1,0,1.0,0.0,49.0,1,1,1,1,1
7932,7713022,15.0,1499.9999999991492,1,1,0,1.0,0.0,15.0,1,1,1,1,1
7933,7713024,3913.0,391299.999999778,1,1,0,1.0,0.0,3913.0,1,1,1,1,1
7934,7713026,662.0,66199.99999996244,1,1,0,1.0,0.0,662.0,1,1,1,1,1
7935,7713028,92.0,9199.999999994781,1,1,0,1.0,0.0,92.0,1,1,1,1,1
7936,7713032,19.0,1899.9999999989222,1,1,0,1.0,0.0,19.0,1,1,1,1,1
7937,7713034,1130.0,112999.9999999359,1,1,0,1.0,0.0,1130.0,1,1,1,1,1
7938,7713036,51.0,5099.999999997107,1,1,0,1.0,0.0,51.0,1,1,1,1,1
7939,7713038,162.0,16199.99999999081,1,1,0,1.0,0.0,162.0,1,1,1,1,1
7940,7713042,112.0,11199.999999993646,1,1,0,1.0,0.0,112.0,1,1,1,1,1
7941,7713044,216.0,21599.999999987747,1,1,0,1.0,0.0,216.0,1,1,1,1,1
7942,7713046,1834.0,183399.99999989595,1,1,0,1.0,0.0,1834.0,1,1,1,1,1
7943,7713048,180.0,17999.99999998979,1,1,0,1.0,0.0,180.0,1,1,1,1,1
7944,7713050,2079.0,207899.99999988207,1,1,0,1.0,0.0,2079.0,1,1,1,1,1
7945,7713052,7507.0,750699.9999995742,1,1,0,1.0,0.0,7507.0,1,1,1,1,1
7946,7713056,63.0,6299.999999996426,1,1,0,1.0,0.0,63.0,1,1,1,1,1
7947,7713058,1548.0,154799.9999999122,1,1,0,1.0,0.0,1548.0,1,1,1,1,1
7948,7713060,316.0,31599.999999982072,1,1,0,1.0,0.0,316.0,1,1,1,1,1
7949,7713062,91.0,9099.999999994838,1,1,0,1.0,0.0,91.0,1,1,1,1,1
7950,7713070,369.0,36899.99999997907,1,1,0,1.0,0.0,369.0,1,1,1,1,1
7951,7713074,2.0,199.99999999988654,1,1,0,1.0,0.0,2.0,1,1,1,1,1
7952,7713076,205.0,20499.99999998837,1,1,0,1.0,0.0,205.0,1,1,1,1,1
7953,7713080,1265.0,126499.99999992823,1,1,0,1.0,0.0,1265.0,1,1,1,1,1
7954,7713082,736.0,73599.99999995825,1,1,0,1.0,0.0,736.0,1,1,1,1,1
7955,7713086,2537.0,253699.99999985608,1,1,0,1.0,0.0,2537.0,1,1,1,1,1
7956,7713088,215.0,21499.999999987802,1,1,0,1.0,0.0,215.0,1,1,1,1,1
7957,7713090,1882.0,188199.99999989325,1,1,0,1.0,0.0,1882.0,1,1,1,1,1
7958,7713092,7721.0,772099.999999562,1,1,0,1.0,0.0,7721.0,1,1,1,1,1
7959,7713102,1391.0,139099.9999999211,1,1,0,1.0,0.0,1391.0,1,1,1,1,1
7960,7713106,96.0,9599.999999994554,1,1,0,1.0,0.0,96.0,1,1,1,1,1
7961,7713108,735.0,73499.99999995831,1,1,0,1.0,0.0,735.0,1,1,1,1,1
7962,7713110,1.0,99.99999999994327,1,1,0,1.0,0.0,1.0,1,1,1,1,1
7963,7713114,625.0,62499.999999964544,1,1,0,1.0,0.0,625.0,1,1,1,1,1
7964,7713118,521.0,52099.999999970445,1,1,0,1.0,0.0,521.0,1,1,1,1,1
7965,7713120,857.0,85699.99999995138,1,1,0,1.0,0.0,857.0,1,1,1,1,1
7966,7713124,494.0,49399.99999997197,1,1,0,1.0,0.0,494.0,1,1,1,1,1
7967,7713126,130.0,12999.999999992626,1,1,0,1.0,0.0,130.0,1,1,1,1,1
7968,7713130,1437.0,143699.99999991848,1,1,0,1.0,0.0,1437.0,1,1,1,1,1
7969,7713136,196.0,19599.999999988882,1,1,0,1.0,0.0,196.0,1,1,1,1,1
7970,7713138,932.0,93199.99999994713,1,1,0,1.0,0.0,932.0,1,1,1,1,1
7971,7713140,6.0,599.9999999996596,1,1,0,1.0,0.0,6.0,1,1,1,1,1
7972,7713142,1310.0,130999.99999992568,1,1,0,1.0,0.0,1310.0,1,1,1,1,1
7973,7713144,191.0,19099.999999989166,1,1,0,1.0,0.0,191.0,1,1,1,1,1
7974,7713146,1243.0,124299.99999992948,1,1,0,1.0,0.0,1243.0,1,1,1,1,1
7975,7713148,1981.0,198099.99999988763,1,1,0,1.0,0.0,1981.0,1,1,1,1,1
7976,7713150,2750.0,274999.999999844,1,1,0,1.0,0.0,2750.0,1,1,1,1,1
7977,7713154,583.0,58299.99999996692,1,1,0,1.0,0.0,583.0,1,1,1,1,1
7978,7713156,318.0,31799.99999998196,1,1,0,1.0,0.0,318.0,1,1,1,1,1
7979,7713158,177.0,17699.99999998996,1,1,0,1.0,0.0,177.0,1,1,1,1,1
7980,7713160,171.0,17099.999999990298,1,1,0,1.0,0.0,171.0,1,1,1,1,1
7981,7713164,319.0,31899.999999981905,1,1,0,1.0,0.0,319.0,1,1,1,1,1
7982,7713166,312.0,31199.9999999823,1,1,0,1.0,0.0,312.0,1,1,1,1,1
7983,7713168,704.0,70399.99999996007,1,1,0,1.0,0.0,704.0,1,1,1,1,1
7984,7713170,237.0,23699.999999986554,1,1,0,1.0,0.0,237.0,1,1,1,1,1
7985,7713172,128.0,12799.999999992739,1,1,0,1.0,0.0,128.0,1,1,1,1,1
7986,7713174,223.0,22299.99999998735,1,1,0,1.0,0.0,223.0,1,1,1,1,1
7987,7713176,547.0,54699.99999996897,1,1,0,1.0,0.0,547.0,1,1,1,1,1
7988,7713178,164.0,16399.999999990698,1,1,0,1.0,0.0,164.0,1,1,1,1,1
7989,7713180,3484.0,348399.9999998023,1,1,0,1.0,0.0,3484.0,1,1,1,1,1
7990,7713182,401.0,40099.99999997725,1,1,0,1.0,0.0,401.0,1,1,1,1,1
7991,7713184,82.0,8199.999999995349,1,1,0,1.0,0.0,82.0,1,1,1,1,1
7992,7713186,192.0,19199.999999989108,1,1,0,1.0,0.0,192.0,1,1,1,1,1
7993,7713190,1628.0,162799.99999990765,1,1,0,1.0,0.0,1628.0,1,1,1,1,1
7994,7713192,256.0,25599.999999985477,1,1,0,1.0,0.0,256.0,1,1,1,1,1
7995,7713194,820.0,81999.99999995348,1,1,0,1.0,0.0,820.0,1,1,1,1,1
7996,7713196,1399.0,139899.99999992063,1,1,0,1.0,0.0,1399.0,1,1,1,1,1
7997,7713200,76.0,7599.999999995689,1,1,0,1.0,0.0,76.0,1,1,1,1,1
7998,7713202,616.0,61599.99999996505,1,1,0,1.0,0.0,616.0,1,1,1,1,1
7999,7713204,14.0,1399.9999999992058,1,1,0,1.0,0.0,14.0,1,1,1,1,1
8000,7713206,2257.0,225699.99999987197,1,1,0,1.0,0.0,2257.0,1,1,1,1,1
8001,7713210,78.0,7799.999999995575,1,1,0,1.0,0.0,78.0,1,1,1,1,1
8002,7713214,762.0,76199.99999995677,1,1,0,1.0,0.0,762.0,1,1,1,1,1
8003,7713216,33.0,3299.999999998128,1,1,0,1.0,0.0,33.0,1,1,1,1,1
8004,7713218,3.0,299.9999999998298,1,1,0,1.0,0.0,3.0,1,1,1,1,1
8005,7713220,407.0,40699.99999997691,1,1,0,1.0,0.0,407.0,1,1,1,1,1
8006,7713222,103.0,10299.999999994157,1,1,0,1.0,0.0,103.0,1,1,1,1,1
8007,7713224,578.0,57799.99999996721,1,1,0,1.0,0.0,578.0,1,1,1,1,1
8008,7713226,2857.0,285699.99999983795,1,1,0,1.0,0.0,2857.0,1,1,1,1,1
8009,7713228,1495.0,149499.9999999152,1,1,0,1.0,0.0,1495.0,1,1,1,1,1
8010,7713230,2051.0,205099.99999988364,1,1,0,1.0,0.0,2051.0,1,1,1,1,1
8011,7713232,288.0,28799.999999983662,1,1,0,1.0,0.0,288.0,1,1,1,1,1
8012,7713234,329.0,32899.99999998134,1,1,0,1.0,0.0,329.0,1,1,1,1,1
8013,7713236,141.0,14099.999999992002,1,1,0,1.0,0.0,141.0,1,1,1,1,1
8014,7713238,66.0,6599.999999996256,1,1,0,1.0,0.0,66.0,1,1,1,1,1
8015,7713242,67.0,6699.999999996199,1,1,0,1.0,0.0,67.0,1,1,1,1,1
8016,7713246,671.0,67099.99999996193,1,1,0,1.0,0.0,671.0,1,1,1,1,1
8017,7713254,2787.0,278699.9999998419,1,1,0,1.0,0.0,2787.0,1,1,1,1,1
8018,7713256,4520.0,451999.9999997436,1,1,0,1.0,0.0,4520.0,1,1,1,1,1
8019,7713258,2474.0,247399.99999985966,1,1,0,1.0,0.0,2474.0,1,1,1,1,1
8020,7713260,2.0,199.99999999988654,1,1,0,1.0,0.0,2.0,1,1,1,1,1
8021,7713264,182.0,18199.999999989675,1,1,0,1.0,0.0,182.0,1,1,1,1,1
8022,7713266,221.0,22099.999999987464,1,1,0,1.0,0.0,221.0,1,1,1,1,1
8023,7713268,221.0,22099.999999987464,1,1,0,1.0,0.0,221.0,1,1,1,1,1
8024,7713270,891.0,89099.99999994945,1,1,0,1.0,0.0,891.0,1,1,1,1,1
8025,7713272,306.0,30599.99999998264,1,1,0,1.0,0.0,306.0,1,1,1,1,1
8026,7713274,248.0,24799.999999985932,1,1,0,1.0,0.0,248.0,1,1,1,1,1
8027,7713276,9.0,899.9999999994894,1,1,0,1.0,0.0,9.0,1,1,1,1,1
8028,7713278,72.0,7199.9999999959155,1,1,0,1.0,0.0,72.0,1,1,1,1,1
8029,7713280,543.0,54299.99999996919,1,1,0,1.0,0.0,543.0,1,1,1,1,1
8030,7713282,446.0,44599.9999999747,1,1,0,1.0,0.0,446.0,1,1,1,1,1
8031,7713284,78.0,7799.999999995575,1,1,0,1.0,0.0,78.0,1,1,1,1,1
8032,7713286,259.0,25899.999999985306,1,1,0,1.0,0.0,259.0,1,1,1,1,1
8033,7713290,5.0,499.99999999971635,1,1,0,1.0,0.0,5.0,1,1,1,1,1
8034,7713292,678.0,67799.99999996154,1,1,0,1.0,0.0,678.0,1,1,1,1,1
8035,7713294,1221.0,122099.99999993073,1,1,0,1.0,0.0,1221.0,1,1,1,1,1
8036,7713296,1308.0,130799.9999999258,1,1,0,1.0,0.0,1308.0,1,1,1,1,1
8037,7713300,683.0,68299.99999996125,1,1,0,1.0,0.0,683.0,1,1,1,1,1
8038,7713302,3327.0,332699.99999981123,1,1,0,1.0,0.0,3327.0,1,1,1,1,1
8039,7713304,3924.0,392399.9999997774,1,1,0,1.0,0.0,3924.0,1,1,1,1,1
8040,7713306,2542.0,254199.9999998558,1,1,0,1.0,0.0,2542.0,1,1,1,1,1
8041,7713308,1067.0,106699.99999993946,1,1,0,1.0,0.0,1067.0,1,1,1,1,1
8042,7713312,819.0,81899.99999995354,1,1,0,1.0,0.0,819.0,1,1,1,1,1
8043,7713316,18.0,1799.9999999989789,1,1,0,1.0,0.0,18.0,1,1,1,1,1
8044,7713318,1013.0,101299.99999994253,1,1,0,1.0,0.0,1013.0,1,1,1,1,1
8045,7713320,24.0,2399.9999999986385,1,1,0,1.0,0.0,24.0,1,1,1,1,1
8046,7713324,250.0,24999.99999998582,1,1,0,1.0,0.0,250.0,1,1,1,1,1
8047,7713326,321.0,32099.99999998179,1,1,0,1.0,0.0,321.0,1,1,1,1,1
8048,7713442,1338.0,133799.9999999241,1,1,0,1.0,0.0,1338.0,1,1,1,1,1
8049,7713444,1919.0,191899.99999989112,1,1,0,1.0,0.0,1919.0,1,1,1,1,1
8050,7713456,205.0,20499.99999998837,1,1,0,1.0,0.0,205.0,1,1,1,1,1
8051,7713464,196.0,19599.999999988882,1,1,0,1.0,0.0,196.0,1,1,1,1,1
8052,7713466,1412.0,141199.9999999199,1,1,0,1.0,0.0,1412.0,1,1,1,1,1
8053,7713468,269.0,26899.99999998474,1,1,0,1.0,0.0,269.0,1,1,1,1,1
8054,7713474,123.0,12299.999999993022,1,1,0,1.0,0.0,123.0,1,1,1,1,1
8055,7713482,105.0,10499.999999994043,1,1,0,1.0,0.0,105.0,1,1,1,1,1
8056,7713484,416.0,41599.9999999764,1,1,0,1.0,0.0,416.0,1,1,1,1,1
8057,7713488,169.0,16899.999999990414,1,1,0,1.0,0.0,169.0,1,1,1,1,1
8058,7713496,1.0,99.99999999994327,1,1,0,1.0,0.0,1.0,1,1,1,1,1
8059,7713500,41.0,4099.999999997674,1,1,0,1.0,0.0,41.0,1,1,1,1,1
8060,7713504,63.0,6299.999999996426,1,1,0,1.0,0.0,63.0,1,1,1,1,1
8061,7713506,1117.0,111699.99999993663,1,1,0,1.0,0.0,1117.0,1,1,1,1,1
8062,7713508,9.0,899.9999999994894,1,1,0,1.0,0.0,9.0,1,1,1,1,1
8063,7713510,122.0,12199.999999993079,1,1,0,1.0,0.0,122.0,1,1,1,1,1
8064,7713512,506.0,50599.999999971296,1,1,0,1.0,0.0,506.0,1,1,1,1,1
8065,7713514,324.0,32399.99999998162,1,1,0,1.0,0.0,324.0,1,1,1,1,1
8066,7713516,2268.0,226799.99999987133,1,1,0,1.0,0.0,2268.0,1,1,1,1,1
8067,7713518,14.0,1399.9999999992058,1,1,0,1.0,0.0,14.0,1,1,1,1,1
8068,7713520,63.0,6299.999999996426,1,1,0,1.0,0.0,63.0,1,1,1,1,1
8069,7713524,132.0,13199.999999992511,1,1,0,1.0,0.0,132.0,1,1,1,1,1
8070,7713528,63.0,6299.999999996426,1,1,0,1.0,0.0,63.0,1,1,1,1,1
8071,7713532,8896.0,889599.9999994953,1,1,0,1.0,0.0,8896.0,1,1,1,1,1
8072,7713534,2079.0,207899.99999988207,1,1,0,1.0,0.0,2079.0,1,1,1,1,1
8073,7713538,27.0,2699.9999999984684,1,1,0,1.0,0.0,27.0,1,1,1,1,1
8074,7713542,42.0,4199.999999997617,1,1,0,1.0,0.0,42.0,1,1,1,1,1
8075,7713544,3903.0,390299.9999997786,1,1,0,1.0,0.0,3903.0,1,1,1,1,1
8076,7713550,6.0,599.9999999996596,1,1,0,1.0,0.0,6.0,1,1,1,1,1
8077,7713552,11.0,1099.999999999376,1,1,0,1.0,0.0,11.0,1,1,1,1,1
8078,7713554,291.0,29099.99999998349,1,1,0,1.0,0.0,291.0,1,1,1,1,1
8079,7713556,234.0,23399.999999986725,1,1,0,1.0,0.0,234.0,1,1,1,1,1
8080,7713562,556.0,55599.99999996846,1,1,0,1.0,0.0,556.0,1,1,1,1,1
8081,7713564,3.0,299.9999999998298,1,1,0,1.0,0.0,3.0,1,1,1,1,1
8082,7713566,44.0,4399.999999997504,1,1,0,1.0,0.0,44.0,1,1,1,1,1
8083,7713570,58.0,5799.999999996709,1,1,0,1.0,0.0,58.0,1,1,1,1,1
8084,7713572,44.0,4399.999999997504,1,1,0,1.0,0.0,44.0,1,1,1,1,1
8085,7713574,120.0,11999.999999993193,1,1,0,1.0,0.0,120.0,1,1,1,1,1
8086,7713578,400.0,39999.999999977306,1,1,0,1.0,0.0,400.0,1,1,1,1,1
8087,7713580,158.0,15799.999999991036,1,1,0,1.0,0.0,158.0,1,1,1,1,1
8088,7713582,2197.0,219699.99999987538,1,1,0,1.0,0.0,2197.0,1,1,1,1,1
8089,7713584,170.0,16999.999999990356,1,1,0,1.0,0.0,170.0,1,1,1,1,1
8090,7713586,3584.0,358399.9999997967,1,1,0,1.0,0.0,3584.0,1,1,1,1,1
8091,7713588,1676.0,167599.99999990492,1,1,0,1.0,0.0,1676.0,1,1,1,1,1
8092,7713592,84.0,8399.999999995234,1,1,0,1.0,0.0,84.0,1,1,1,1,1
8093,7713594,375.0,37499.999999978725,1,1,0,1.0,0.0,375.0,1,1,1,1,1
8094,7713596,25.0,2499.9999999985816,1,1,0,1.0,0.0,25.0,1,1,1,1,1
8095,7713598,254.0,25399.99999998559,1,1,0,1.0,0.0,254.0,1,1,1,1,1
8096,7713600,477.0,47699.99999997294,1,1,0,1.0,0.0,477.0,1,1,1,1,1
8097,7713602,578.0,57799.99999996721,1,1,0,1.0,0.0,578.0,1,1,1,1,1
8098,7713604,127.0,12699.999999992795,1,1,0,1.0,0.0,127.0,1,1,1,1,1
8099,7713606,134.0,13399.999999992398,1,1,0,1.0,0.0,134.0,1,1,1,1,1
8100,7713608,498.0,49799.99999997175,1,1,0,1.0,0.0,498.0,1,1,1,1,1
8101,7713610,5.0,499.99999999971635,1,1,0,1.0,0.0,5.0,1,1,1,1,1
8102,7713612,238.0,23799.9999999865,1,1,0,1.0,0.0,238.0,1,1,1,1,1
8103,7713614,44.0,4399.999999997504,1,1,0,1.0,0.0,44.0,1,1,1,1,1
8104,7713618,79.0,7899.999999995518,1,1,0,1.0,0.0,79.0,1,1,1,1,1
8105,7713620,642.0,64199.99999996358,1,1,0,1.0,0.0,642.0,1,1,1,1,1
8106,7713622,47.0,4699.999999997333,1,1,0,1.0,0.0,47.0,1,1,1,1,1
8107,7713624,66.0,6599.999999996256,1,1,0,1.0,0.0,66.0,1,1,1,1,1
8108,7713626,159.0,15899.99999999098,1,1,0,1.0,0.0,159.0,1,1,1,1,1
8109,7713630,747.0,74699.99999995762,1,1,0,1.0,0.0,747.0,1,1,1,1,1
8110,7713632,302.0,30199.99999998287,1,1,0,1.0,0.0,302.0,1,1,1,1,1
8111,7713634,1461.0,146099.9999999171,1,1,0,1.0,0.0,1461.0,1,1,1,1,1
8112,7713638,1313.0,131299.99999992552,1,1,0,1.0,0.0,1313.0,1,1,1,1,1
8113,7713640,709.0,70899.99999995978,1,1,0,1.0,0.0,709.0,1,1,1,1,1
8114,7713644,701.0,70099.99999996023,1,1,0,1.0,0.0,701.0,1,1,1,1,1
8115,7713658,331.0,33099.99999998122,1,1,0,1.0,0.0,331.0,1,1,1,1,1
8116,7713664,495.0,49499.99999997192,1,1,0,1.0,0.0,495.0,1,1,1,1,1
8117,7713670,158.0,15799.999999991036,1,1,0,1.0,0.0,158.0,1,1,1,1,1
8118,7713672,201.0,20099.9999999886,1,1,0,1.0,0.0,201.0,1,1,1,1,1
8119,7713674,28.0,2799.9999999984116,1,1,0,1.0,0.0,28.0,1,1,1,1,1
8120,7713676,2497.0,249699.99999985835,1,1,0,1.0,0.0,2497.0,1,1,1,1,1
8121,7713678,85.0,8499.999999995178,1,1,0,1.0,0.0,85.0,1,1,1,1,1
8122,7713680,723.0,72299.99999995898,1,1,0,1.0,0.0,723.0,1,1,1,1,1
8123,7713682,4.0,399.9999999997731,1,1,0,1.0,0.0,4.0,1,1,1,1,1
8124,7713686,123.0,12299.999999993022,1,1,0,1.0,0.0,123.0,1,1,1,1,1
8125,7713688,1.0,99.99999999994327,1,1,0,1.0,0.0,1.0,1,1,1,1,1
8126,7713690,1098.0,109799.99999993772,1,1,0,1.0,0.0,1098.0,1,1,1,1,1
8127,7713694,278.0,27799.99999998423,1,1,0,1.0,0.0,278.0,1,1,1,1,1
8128,7713696,666.0,66599.99999996222,1,1,0,1.0,0.0,666.0,1,1,1,1,1
8129,7713698,1255.0,125499.9999999288,1,1,0,1.0,0.0,1255.0,1,1,1,1,1
8130,7713700,554.0,55399.999999968575,1,1,0,1.0,0.0,554.0,1,1,1,1,1
8131,7713702,26.0,2599.999999998525,1,1,0,1.0,0.0,26.0,1,1,1,1,1
8132,7713704,599.0,59899.99999996602,1,1,0,1.0,0.0,599.0,1,1,1,1,1
8133,7713706,45.0,4499.999999997447,1,1,0,1.0,0.0,45.0,1,1,1,1,1
8134,7713708,1061.0,106099.99999993981,1,1,0,1.0,0.0,1061.0,1,1,1,1,1
8135,7713710,666.0,66599.99999996222,1,1,0,1.0,0.0,666.0,1,1,1,1,1
8136,7713712,107.0,10699.99999999393,1,1,0,1.0,0.0,107.0,1,1,1,1,1
8137,7713714,1157.0,115699.99999993437,1,1,0,1.0,0.0,1157.0,1,1,1,1,1
8138,7713716,4224.0,422399.99999976036,1,1,0,1.0,0.0,4224.0,1,1,1,1,1
8139,7713718,3580.0,357999.9999997969,1,1,0,1.0,0.0,3580.0,1,1,1,1,1
8140,7713722,697.0,69699.99999996046,1,1,0,1.0,0.0,697.0,1,1,1,1,1
8141,7713724,390.0,38999.999999977874,1,1,0,1.0,0.0,390.0,1,1,1,1,1
8142,7713730,718.0,71799.99999995927,1,1,0,1.0,0.0,718.0,1,1,1,1,1
8143,7713732,365.0,36499.99999997929,1,1,0,1.0,0.0,365.0,1,1,1,1,1
8144,7713734,493.0,49299.99999997203,1,1,0,1.0,0.0,493.0,1,1,1,1,1
8145,7713738,37.0,3699.999999997901,1,1,0,1.0,0.0,37.0,1,1,1,1,1
8146,7713740,671.0,67099.99999996193,1,1,0,1.0,0.0,671.0,1,1,1,1,1
8147,7713742,1049.0,104899.9999999405,1,1,0,1.0,0.0,1049.0,1,1,1,1,1
8148,7713744,766.0,76599.99999995655,1,1,0,1.0,0.0,766.0,1,1,1,1,1
8149,7713746,750.0,74999.99999995745,1,1,0,1.0,0.0,750.0,1,1,1,1,1
8150,7713752,45.0,4499.999999997447,1,1,0,1.0,0.0,45.0,1,1,1,1,1
8151,7713754,4.0,399.9999999997731,1,1,0,1.0,0.0,4.0,1,1,1,1,1
8152,7713756,72.0,7199.9999999959155,1,1,0,1.0,0.0,72.0,1,1,1,1,1
8153,7713758,154.0,15399.999999991263,1,1,0,1.0,0.0,154.0,1,1,1,1,1
8154,7713760,1538.0,153799.99999991275,1,1,0,1.0,0.0,1538.0,1,1,1,1,1
8155,7713772,15.0,1499.9999999991492,1,1,0,1.0,0.0,15.0,1,1,1,1,1
8156,7713794,9.0,899.9999999994894,1,1,0,1.0,0.0,9.0,1,1,1,1,1
8157,7713818,31.0,3099.9999999982415,1,1,0,1.0,0.0,31.0,1,1,1,1,1
8158,7713820,161.0,16099.999999990867,1,1,0,1.0,0.0,161.0,1,1,1,1,1
8159,7713822,414.0,41399.99999997651,1,1,0,1.0,0.0,414.0,1,1,1,1,1
8160,7713826,23.0,2299.9999999986953,1,1,0,1.0,0.0,23.0,1,1,1,1,1
8161,7713828,48.0,4799.999999997277,1,1,0,1.0,0.0,48.0,1,1,1,1,1
8162,7713836,95.0,9499.99999999461,1,1,0,1.0,0.0,95.0,1,1,1,1,1
8163,7713844,2.0,199.99999999988654,1,1,0,1.0,0.0,2.0,1,1,1,1,1
8164,7713846,32.0,3199.9999999981846,1,1,0,1.0,0.0,32.0,1,1,1,1,1
8165,7713852,81.0,8099.999999995405,1,1,0,1.0,0.0,81.0,1,1,1,1,1
8166,7713856,257.0,25699.99999998542,1,1,0,1.0,0.0,257.0,1,1,1,1,1
8167,7713876,3.0,299.9999999998298,1,1,0,1.0,0.0,3.0,1,1,1,1,1
8168,7713880,1.0,99.99999999994327,1,1,0,1.0,0.0,1.0,1,1,1,1,1
8169,7713884,35.0,3499.9999999980146,1,1,0,1.0,0.0,35.0,1,1,1,1,1
8170,7713892,141.0,14099.999999992002,1,1,0,1.0,0.0,141.0,1,1,1,1,1
8171,7713896,8.0,799.9999999995462,1,1,0,1.0,0.0,8.0,1,1,1,1,1
8172,7713902,12.0,1199.9999999993192,1,1,0,1.0,0.0,12.0,1,1,1,1,1
8173,7713920,401.0,40099.99999997725,1,1,0,1.0,0.0,401.0,1,1,1,1,1
8174,7713924,122.0,12199.999999993079,1,1,0,1.0,0.0,122.0,1,1,1,1,1
8175,7713936,130.0,12999.999999992626,1,1,0,1.0,0.0,130.0,1,1,1,1,1
8176,7713938,126.0,12599.999999992851,1,1,0,1.0,0.0,126.0,1,1,1,1,1
8177,7713944,222.0,22199.999999987405,1,1,0,1.0,0.0,222.0,1,1,1,1,1
8178,7713946,112.0,11199.999999993646,1,1,0,1.0,0.0,112.0,1,1,1,1,1
8179,7713952,120.0,11999.999999993193,1,1,0,1.0,0.0,120.0,1,1,1,1,1
8180,7713954,398.0,39799.99999997742,1,1,0,1.0,0.0,398.0,1,1,1,1,1
8181,7713968,214.0,21399.99999998786,1,1,0,1.0,0.0,214.0,1,1,1,1,1
8182,7713974,21.0,2099.9999999988086,1,1,0,1.0,0.0,21.0,1,1,1,1,1
8183,7713980,78.0,7799.999999995575,1,1,0,1.0,0.0,78.0,1,1,1,1,1
8184,7713986,307.0,30699.999999982585,1,1,0,1.0,0.0,307.0,1,1,1,1,1
8185,7714006,1058.0,105799.99999993997,1,1,0,1.0,0.0,1058.0,1,1,1,1,1
8186,7714010,592.0,59199.999999966414,1,1,0,1.0,0.0,592.0,1,1,1,1,1
8187,7714014,189.0,18899.99999998928,1,1,0,1.0,0.0,189.0,1,1,1,1,1
8188,7714020,154.0,15399.999999991263,1,1,0,1.0,0.0,154.0,1,1,1,1,1
8189,7714022,2889.0,288899.9999998361,1,1,0,1.0,0.0,2889.0,1,1,1,1,1
8190,7714038,29.0,2899.9999999983547,1,1,0,1.0,0.0,29.0,1,1,1,1,1
8191,7714040,115.0,11499.999999993475,1,1,0,1.0,0.0,115.0,1,1,1,1,1
8192,7714044,54.0,5399.999999996937,1,1,0,1.0,0.0,54.0,1,1,1,1,1
8193,7714050,253.0,25299.999999985648,1,1,0,1.0,0.0,253.0,1,1,1,1,1
8194,7714052,1576.0,157599.9999999106,1,1,0,1.0,0.0,1576.0,1,1,1,1,1
8195,7714054,88.0,8799.999999995009,1,1,0,1.0,0.0,88.0,1,1,1,1,1
8196,7714056,13.0,1299.9999999992624,1,1,0,1.0,0.0,13.0,1,1,1,1,1
8197,7714070,115.0,11499.999999993475,1,1,0,1.0,0.0,115.0,1,1,1,1,1
8198,7714076,7.0,699.9999999996029,1,1,0,1.0,0.0,7.0,1,1,1,1,1
8199,7714080,482.0,48199.99999997266,1,1,0,1.0,0.0,482.0,1,1,1,1,1
8200,7714088,143.0,14299.999999991887,1,1,0,1.0,0.0,143.0,1,1,1,1,1
8201,7714090,202.0,20199.99999998854,1,1,0,1.0,0.0,202.0,1,1,1,1,1
8202,7714092,78.0,7799.999999995575,1,1,0,1.0,0.0,78.0,1,1,1,1,1
8203,7714098,13.0,1299.9999999992624,1,1,0,1.0,0.0,13.0,1,1,1,1,1
8204,7714106,153.0,15299.99999999132,1,1,0,1.0,0.0,153.0,1,1,1,1,1
8205,7714124,109.0,10899.999999993817,1,1,0,1.0,0.0,109.0,1,1,1,1,1
8206,7714136,162.0,16199.99999999081,1,1,0,1.0,0.0,162.0,1,1,1,1,1
8207,7714144,21.0,2099.9999999988086,1,1,0,1.0,0.0,21.0,1,1,1,1,1
8208,7714150,3408.0,340799.9999998067,1,1,0,1.0,0.0,3408.0,1,1,1,1,1
8209,7714154,9.0,899.9999999994894,1,1,0,1.0,0.0,9.0,1,1,1,1,1
8210,7714156,42.0,4199.999999997617,1,1,0,1.0,0.0,42.0,1,1,1,1,1
8211,7714158,86.0,8599.999999995121,1,1,0,1.0,0.0,86.0,1,1,1,1,1
8212,7714160,103.0,10299.999999994157,1,1,0,1.0,0.0,103.0,1,1,1,1,1
8213,7714164,112.0,11199.999999993646,1,1,0,1.0,0.0,112.0,1,1,1,1,1
8214,7714166,112.0,11199.999999993646,1,1,0,1.0,0.0,112.0,1,1,1,1,1
8215,7714168,515.0,51499.99999997079,1,1,0,1.0,0.0,515.0,1,1,1,1,1
8216,7714170,27.0,2699.9999999984684,1,1,0,1.0,0.0,27.0,1,1,1,1,1
8217,7714172,23.0,2299.9999999986953,1,1,0,1.0,0.0,23.0,1,1,1,1,1
8218,7714174,80.0,7999.999999995462,1,1,0,1.0,0.0,80.0,1,1,1,1,1
8219,7714188,37.0,3699.999999997901,1,1,0,1.0,0.0,37.0,1,1,1,1,1
8220,7714192,73.0,7299.999999995859,1,1,0,1.0,0.0,73.0,1,1,1,1,1
8221,7714194,167.0,16699.999999990527,1,1,0,1.0,0.0,167.0,1,1,1,1,1
8222,7714200,104.0,10399.9999999941,1,1,0,1.0,0.0,104.0,1,1,1,1,1
8223,7714228,6.0,599.9999999996596,1,1,0,1.0,0.0,6.0,1,1,1,1,1
8224,7714230,166.0,16599.99999999058,1,1,0,1.0,0.0,166.0,1,1,1,1,1
8225,7714252,302.0,30199.99999998287,1,1,0,1.0,0.0,302.0,1,1,1,1,1
8226,7714268,71.0,7099.999999995972,1,1,0,1.0,0.0,71.0,1,1,1,1,1
8227,7714284,36.0,3599.9999999979577,1,1,0,1.0,0.0,36.0,1,1,1,1,1
8228,7714298,73.0,7299.999999995859,1,1,0,1.0,0.0,73.0,1,1,1,1,1
8229,7714306,982.0,98199.9999999443,1,1,0,1.0,0.0,982.0,1,1,1,1,1
8230,7714316,108.0,10799.999999993874,1,1,0,1.0,0.0,108.0,1,1,1,1,1
8231,7714328,262.0,26199.999999985135,1,1,0,1.0,0.0,262.0,1,1,1,1,1
8232,7714348,297.0,29699.999999983153,1,1,0,1.0,0.0,297.0,1,1,1,1,1
8233,7714360,432.0,43199.999999975495,1,1,0,1.0,0.0,432.0,1,1,1,1,1
8234,7714376,323.0,32299.999999981676,1,1,0,1.0,0.0,323.0,1,1,1,1,1
8235,7714380,1.0,99.99999999994327,1,1,0,1.0,0.0,1.0,1,1,1,1,1
8236,7714392,1047.0,104699.9999999406,1,1,0,1.0,0.0,1047.0,1,1,1,1,1
8237,7714402,101.0,10099.99999999427,1,1,0,1.0,0.0,101.0,1,1,1,1,1
8238,7714406,27.0,2699.9999999984684,1,1,0,1.0,0.0,27.0,1,1,1,1,1
8239,7714414,20.0,1999.9999999988654,1,1,0,1.0,0.0,20.0,1,1,1,1,1
8240,7714416,165.0,16499.99999999064,1,1,0,1.0,0.0,165.0,1,1,1,1,1
8241,7714430,1133.0,113299.99999993572,1,1,0,1.0,0.0,1133.0,1,1,1,1,1
8242,7714432,85.0,8499.999999995178,1,1,0,1.0,0.0,85.0,1,1,1,1,1
8243,7714434,153.0,15299.99999999132,1,1,0,1.0,0.0,153.0,1,1,1,1,1
8244,7714436,1239.0,123899.99999992971,1,1,0,1.0,0.0,1239.0,1,1,1,1,1
8245,7714440,100.0,9999.999999994327,1,1,0,1.0,0.0,100.0,1,1,1,1,1
8246,7714450,1853.0,185299.99999989488,1,1,0,1.0,0.0,1853.0,1,1,1,1,1
8247,7714452,103.0,10299.999999994157,1,1,0,1.0,0.0,103.0,1,1,1,1,1
8248,7714460,199.0,19899.99999998871,1,1,0,1.0,0.0,199.0,1,1,1,1,1
8249,7714466,1181.0,118099.999999933,1,1,0,1.0,0.0,1181.0,1,1,1,1,1
8250,7714468,209.0,20899.999999988144,1,1,0,1.0,0.0,209.0,1,1,1,1,1
8251,7714472,167.0,16699.999999990527,1,1,0,1.0,0.0,167.0,1,1,1,1,1
8252,7714474,579.0,57899.999999967156,1,1,0,1.0,0.0,579.0,1,1,1,1,1
8253,7714486,1305.0,130499.99999992597,1,1,0,1.0,0.0,1305.0,1,1,1,1,1
8254,7714492,1723.0,172299.99999990224,1,1,0,1.0,0.0,1723.0,1,1,1,1,1
8255,7714500,13.0,1299.9999999992624,1,1,0,1.0,0.0,13.0,1,1,1,1,1
8256,7714512,307.0,30699.999999982585,1,1,0,1.0,0.0,307.0,1,1,1,1,1
8257,7714526,31.0,3099.9999999982415,1,1,0,1.0,0.0,31.0,1,1,1,1,1
8258,7714534,19.0,1899.9999999989222,1,1,0,1.0,0.0,19.0,1,1,1,1,1
8259,7714536,15.0,1499.9999999991492,1,1,0,1.0,0.0,15.0,1,1,1,1,1
8260,7714878,36.0,3599.9999999979577,1,1,0,1.0,0.0,36.0,1,1,1,1,1
8261,7714884,480.0,47999.99999997277,1,1,0,1.0,0.0,480.0,1,1,1,1,1
8262,7716500,6156.0,615599.9999996508,1,1,0,1.0,0.0,6156.0,1,1,1,1,1
8263,7716502,9.0,899.9999999994894,1,1,0,1.0,0.0,9.0,1,1,1,1,1
8264,7716504,254.0,25399.99999998559,1,1,0,1.0,0.0,254.0,1,1,1,1,1
8265,7716506,11.0,1099.999999999376,1,1,0,1.0,0.0,11.0,1,1,1,1,1
8266,7716510,364.0,36399.99999997935,1,1,0,1.0,0.0,364.0,1,1,1,1,1
8267,7716512,217.0,21699.99999998769,1,1,0,1.0,0.0,217.0,1,1,1,1,1
8268,7716514,1420.0,141999.99999991944,1,1,0,1.0,0.0,1420.0,1,1,1,1,1
8269,7716516,179.0,17899.999999989846,1,1,0,1.0,0.0,179.0,1,1,1,1,1
8270,7716520,22.0,2199.999999998752,1,1,0,1.0,0.0,22.0,1,1,1,1,1
8271,7716522,417.0,41699.999999976346,1,1,0,1.0,0.0,417.0,1,1,1,1,1
8272,7716526,812.0,81199.99999995393,1,1,0,1.0,0.0,812.0,1,1,1,1,1
8273,7716528,2.0,199.99999999988654,1,1,0,1.0,0.0,2.0,1,1,1,1,1
8274,7716530,310.0,30999.999999982414,1,1,0,1.0,0.0,310.0,1,1,1,1,1
8275,7716536,77.0,7699.999999995632,1,1,0,1.0,0.0,77.0,1,1,1,1,1
8276,7716540,183.0,18299.999999989617,1,1,0,1.0,0.0,183.0,1,1,1,1,1
8277,7716546,174.0,17399.99999999013,1,1,0,1.0,0.0,174.0,1,1,1,1,1
8278,7716556,105.0,10499.999999994043,1,1,0,1.0,0.0,105.0,1,1,1,1,1
8279,7716564,1783.0,178299.99999989886,1,1,0,1.0,0.0,1783.0,1,1,1,1,1
8280,7716572,65.0,6499.999999996313,1,1,0,1.0,0.0,65.0,1,1,1,1,1
8281,7716580,267.0,26699.99999998485,1,1,0,1.0,0.0,267.0,1,1,1,1,1
8282,7716582,972.0,97199.99999994486,1,1,0,1.0,0.0,972.0,1,1,1,1,1
8283,7716584,1.0,99.99999999994327,1,1,0,1.0,0.0,1.0,1,1,1,1,1
8284,7716586,443.0,44299.99999997487,1,1,0,1.0,0.0,443.0,1,1,1,1,1
8285,7716588,225.0,22499.999999987234,1,1,0,1.0,0.0,225.0,1,1,1,1,1
8286,7716590,195.0,19499.999999988937,1,1,0,1.0,0.0,195.0,1,1,1,1,1
8287,7716592,65.0,6499.999999996313,1,1,0,1.0,0.0,65.0,1,1,1,1,1
8288,7716594,24.0,2399.9999999986385,1,1,0,1.0,0.0,24.0,1,1,1,1,1
8289,7716596,18.0,1799.9999999989789,1,1,0,1.0,0.0,18.0,1,1,1,1,1
8290,7716598,399.0,39899.999999977364,1,1,0,1.0,0.0,399.0,1,1,1,1,1
8291,7716602,173.0,17299.999999990185,1,1,0,1.0,0.0,173.0,1,1,1,1,1
8292,7716608,1016.0,101599.99999994236,1,1,0,1.0,0.0,1016.0,1,1,1,1,1
8293,7716610,108.0,10799.999999993874,1,1,0,1.0,0.0,108.0,1,1,1,1,1
8294,7716614,150.0,14999.99999999149,1,1,0,1.0,0.0,150.0,1,1,1,1,1
8295,7716616,206.0,20599.999999988315,1,1,0,1.0,0.0,206.0,1,1,1,1,1
8296,7716620,157.0,15699.999999991094,1,1,0,1.0,0.0,157.0,1,1,1,1,1
8297,7716624,129.0,12899.999999992682,1,1,0,1.0,0.0,129.0,1,1,1,1,1
8298,7716628,939.0,93899.99999994673,1,1,0,1.0,0.0,939.0,1,1,1,1,1
8299,7716630,2512.0,251199.9999998575,1,1,0,1.0,0.0,2512.0,1,1,1,1,1
8300,7716634,1675.0,167499.99999990498,1,1,0,1.0,0.0,1675.0,1,1,1,1,1
8301,7716636,125.0,12499.99999999291,1,1,0,1.0,0.0,125.0,1,1,1,1,1
8302,7716638,947.0,94699.99999994627,1,1,0,1.0,0.0,947.0,1,1,1,1,1
8303,7716642,477.0,47699.99999997294,1,1,0,1.0,0.0,477.0,1,1,1,1,1
8304,7716644,1986.0,198599.99999988734,1,1,0,1.0,0.0,1986.0,1,1,1,1,1
8305,7716646,2.0,199.99999999988654,1,1,0,1.0,0.0,2.0,1,1,1,1,1
8306,7716650,1112.0,111199.99999993692,1,1,0,1.0,0.0,1112.0,1,1,1,1,1
8307,7716656,9.0,899.9999999994894,1,1,0,1.0,0.0,9.0,1,1,1,1,1
8308,7716658,19.0,1899.9999999989222,1,1,0,1.0,0.0,19.0,1,1,1,1,1
8309,7716660,465.0,46499.99999997362,1,1,0,1.0,0.0,465.0,1,1,1,1,1
8310,7716662,85.0,8499.999999995178,1,1,0,1.0,0.0,85.0,1,1,1,1,1
8311,7716666,35.0,3499.9999999980146,1,1,0,1.0,0.0,35.0,1,1,1,1,1
8312,7716672,418.0,41799.99999997629,1,1,0,1.0,0.0,418.0,1,1,1,1,1
8313,7716680,607.0,60699.99999996556,1,1,0,1.0,0.0,607.0,1,1,1,1,1
8314,7716694,855.0,85499.9999999515,1,1,0,1.0,0.0,855.0,1,1,1,1,1
8315,7716696,2.0,199.99999999988654,1,1,0,1.0,0.0,2.0,1,1,1,1,1
8316,7716704,284.0,28399.999999983887,1,1,0,1.0,0.0,284.0,1,1,1,1,1
8317,7716706,56.0,5599.999999996823,1,1,0,1.0,0.0,56.0,1,1,1,1,1
8318,7716708,221.0,22099.999999987464,1,1,0,1.0,0.0,221.0,1,1,1,1,1
8319,7716710,104.0,10399.9999999941,1,1,0,1.0,0.0,104.0,1,1,1,1,1
8320,7716712,1.0,99.99999999994327,1,1,0,1.0,0.0,1.0,1,1,1,1,1
8321,7716714,39.0,3899.9999999977877,1,1,0,1.0,0.0,39.0,1,1,1,1,1
8322,7716716,117.0,11699.999999993363,1,1,0,1.0,0.0,117.0,1,1,1,1,1
8323,7716720,70.0,6999.999999996029,1,1,0,1.0,0.0,70.0,1,1,1,1,1
8324,7716724,15.0,1499.9999999991492,1,1,0,1.0,0.0,15.0,1,1,1,1,1
8325,7716726,63.0,6299.999999996426,1,1,0,1.0,0.0,63.0,1,1,1,1,1
8326,7716740,104.0,10399.9999999941,1,1,0,1.0,0.0,104.0,1,1,1,1,1
8327,7716742,19.0,1899.9999999989222,1,1,0,1.0,0.0,19.0,1,1,1,1,1
8328,7716758,160.0,15999.999999990923,1,1,0,1.0,0.0,160.0,1,1,1,1,1
8329,7716772,241.0,24099.99999998633,1,1,0,1.0,0.0,241.0,1,1,1,1,1
8330,7716778,502.0,50199.99999997152,1,1,0,1.0,0.0,502.0,1,1,1,1,1
8331,7716786,557.0,55699.9999999684,1,1,0,1.0,0.0,557.0,1,1,1,1,1
8332,7716790,44.0,4399.999999997504,1,1,0,1.0,0.0,44.0,1,1,1,1,1
8333,7716794,13.0,1299.9999999992624,1,1,0,1.0,0.0,13.0,1,1,1,1,1
8334,7716796,29.0,2899.9999999983547,1,1,0,1.0,0.0,29.0,1,1,1,1,1
8335,7716798,232.0,23199.999999986838,1,1,0,1.0,0.0,232.0,1,1,1,1,1
8336,7716804,165.0,16499.99999999064,1,1,0,1.0,0.0,165.0,1,1,1,1,1
8337,7716806,38.0,3799.9999999978445,1,1,0,1.0,0.0,38.0,1,1,1,1,1
8338,7716808,24.0,2399.9999999986385,1,1,0,1.0,0.0,24.0,1,1,1,1,1
8339,7716810,98.0,9799.999999994441,1,1,0,1.0,0.0,98.0,1,1,1,1,1
8340,7716812,373.0,37299.99999997884,1,1,0,1.0,0.0,373.0,1,1,1,1,1
8341,7716820,1752.0,175199.9999999006,1,1,0,1.0,0.0,1752.0,1,1,1,1,1
8342,7716822,1721.0,172099.99999990236,1,1,0,1.0,0.0,1721.0,1,1,1,1,1
8343,7716826,60.0,5999.999999996597,1,1,0,1.0,0.0,60.0,1,1,1,1,1
8344,7716828,23.0,2299.9999999986953,1,1,0,1.0,0.0,23.0,1,1,1,1,1
8345,7716832,8.0,799.9999999995462,1,1,0,1.0,0.0,8.0,1,1,1,1,1
8346,7716834,552.0,55199.999999968684,1,1,0,1.0,0.0,552.0,1,1,1,1,1
8347,7716840,76.0,7599.999999995689,1,1,0,1.0,0.0,76.0,1,1,1,1,1
8348,7716850,2.0,199.99999999988654,1,1,0,1.0,0.0,2.0,1,1,1,1,1
8349,7716856,9.0,899.9999999994894,1,1,0,1.0,0.0,9.0,1,1,1,1,1
8350,7716860,1546.0,154599.9999999123,1,1,0,1.0,0.0,1546.0,1,1,1,1,1
8351,7716864,236.0,23599.999999986612,1,1,0,1.0,0.0,236.0,1,1,1,1,1
8352,7716876,516.0,51599.99999997073,1,1,0,1.0,0.0,516.0,1,1,1,1,1
8353,7716884,70.0,6999.999999996029,1,1,0,1.0,0.0,70.0,1,1,1,1,1
8354,7716890,111.0,11099.999999993703,1,1,0,1.0,0.0,111.0,1,1,1,1,1
8355,7716896,26.0,2599.999999998525,1,1,0,1.0,0.0,26.0,1,1,1,1,1
8356,7716898,303.0,30299.99999998281,1,1,0,1.0,0.0,303.0,1,1,1,1,1
8357,7716900,24.0,2399.9999999986385,1,1,0,1.0,0.0,24.0,1,1,1,1,1
8358,7716902,9.0,899.9999999994894,1,1,0,1.0,0.0,9.0,1,1,1,1,1
8359,7716908,26.0,2599.999999998525,1,1,0,1.0,0.0,26.0,1,1,1,1,1
8360,7716912,864.0,86399.99999995099,1,1,0,1.0,0.0,864.0,1,1,1,1,1
8361,7716920,115.0,11499.999999993475,1,1,0,1.0,0.0,115.0,1,1,1,1,1
8362,7716922,98.0,9799.999999994441,1,1,0,1.0,0.0,98.0,1,1,1,1,1
8363,7716924,1014.0,101399.99999994248,1,1,0,1.0,0.0,1014.0,1,1,1,1,1
8364,7716926,94.0,9399.999999994667,1,1,0,1.0,0.0,94.0,1,1,1,1,1
8365,7716928,639.0,63899.99999996375,1,1,0,1.0,0.0,639.0,1,1,1,1,1
8366,7716930,1131.0,113099.99999993584,1,1,0,1.0,0.0,1131.0,1,1,1,1,1
8367,7716932,17.0,1699.9999999990355,1,1,0,1.0,0.0,17.0,1,1,1,1,1
8368,7716934,256.0,25599.999999985477,1,1,0,1.0,0.0,256.0,1,1,1,1,1
8369,7716936,1492.0,149199.99999991537,1,1,0,1.0,0.0,1492.0,1,1,1,1,1
8370,7716938,93.0,9299.999999994725,1,1,0,1.0,0.0,93.0,1,1,1,1,1
8371,7716948,1880.0,187999.99999989333,1,1,0,1.0,0.0,1880.0,1,1,1,1,1
8372,7716950,209.0,20899.999999988144,1,1,0,1.0,0.0,209.0,1,1,1,1,1
8373,7716952,87.0,8699.999999995065,1,1,0,1.0,0.0,87.0,1,1,1,1,1
8374,7716956,1435.0,143499.9999999186,1,1,0,1.0,0.0,1435.0,1,1,1,1,1
8375,7716960,3093.0,309299.99999982456,1,1,0,1.0,0.0,3093.0,1,1,1,1,1
8376,7716966,262.0,26199.999999985135,1,1,0,1.0,0.0,262.0,1,1,1,1,1
8377,7716970,3717.0,371699.9999997891,1,1,0,1.0,0.0,3717.0,1,1,1,1,1
8378,7716974,215.0,21499.999999987802,1,1,0,1.0,0.0,215.0,1,1,1,1,1
8379,7716976,137.0,13699.999999992227,1,1,0,1.0,0.0,137.0,1,1,1,1,1
8380,7716978,743.0,74299.99999995784,1,1,0,1.0,0.0,743.0,1,1,1,1,1
8381,7716980,325.0,32499.999999981563,1,1,0,1.0,0.0,325.0,1,1,1,1,1
8382,7716982,145.0,14499.999999991775,1,1,0,1.0,0.0,145.0,1,1,1,1,1
8383,7716994,266.0,26599.99999998491,1,1,0,1.0,0.0,266.0,1,1,1,1,1
8384,7716996,280.0,27999.999999984117,1,1,0,1.0,0.0,280.0,1,1,1,1,1
8385,7717000,35.0,3499.9999999980146,1,1,0,1.0,0.0,35.0,1,1,1,1,1
8386,7717020,65.0,6499.999999996313,1,1,0,1.0,0.0,65.0,1,1,1,1,1
8387,7717022,8.0,799.9999999995462,1,1,0,1.0,0.0,8.0,1,1,1,1,1
8388,7717024,357.0,35699.99999997975,1,1,0,1.0,0.0,357.0,1,1,1,1,1
8389,7717030,186.0,18599.99999998945,1,1,0,1.0,0.0,186.0,1,1,1,1,1
8390,7717048,78.0,7799.999999995575,1,1,0,1.0,0.0,78.0,1,1,1,1,1
8391,7717050,189.0,18899.99999998928,1,1,0,1.0,0.0,189.0,1,1,1,1,1
8392,7717052,384.0,38399.999999978216,1,1,0,1.0,0.0,384.0,1,1,1,1,1
8393,7717054,797.0,79699.99999995479,1,1,0,1.0,0.0,797.0,1,1,1,1,1
8394,7717056,1631.0,163099.99999990748,1,1,0,1.0,0.0,1631.0,1,1,1,1,1
8395,7717062,34.0,3399.999999998071,1,1,0,1.0,0.0,34.0,1,1,1,1,1
8396,7717066,465.0,46499.99999997362,1,1,0,1.0,0.0,465.0,1,1,1,1,1
8397,7717070,6.0,599.9999999996596,1,1,0,1.0,0.0,6.0,1,1,1,1,1
8398,7717072,336.0,33599.99999998094,1,1,0,1.0,0.0,336.0,1,1,1,1,1
8399,7717082,433.0,43299.99999997544,1,1,0,1.0,0.0,433.0,1,1,1,1,1
8400,7717084,1241.0,124099.9999999296,1,1,0,1.0,0.0,1241.0,1,1,1,1,1
8401,7717094,636.0,63599.99999996392,1,1,0,1.0,0.0,636.0,1,1,1,1,1
8402,7717096,1225.0,122499.9999999305,1,1,0,1.0,0.0,1225.0,1,1,1,1,1
8403,7717098,49.0,4899.999999997221,1,1,0,1.0,0.0,49.0,1,1,1,1,1
8404,7717100,481.0,48099.999999972715,1,1,0,1.0,0.0,481.0,1,1,1,1,1
8405,7717102,5502.0,550199.9999996879,1,1,0,1.0,0.0,5502.0,1,1,1,1,1
8406,7717104,484.0,48399.99999997254,1,1,0,1.0,0.0,484.0,1,1,1,1,1
8407,7717106,740.0,73999.99999995802,1,1,0,1.0,0.0,740.0,1,1,1,1,1
8408,7717112,151.0,15099.999999991434,1,1,0,1.0,0.0,151.0,1,1,1,1,1
8409,7717118,4.0,399.9999999997731,1,1,0,1.0,0.0,4.0,1,1,1,1,1
8410,7717122,75.0,7499.999999995745,1,1,0,1.0,0.0,75.0,1,1,1,1,1
8411,7717130,24.0,2399.9999999986385,1,1,0,1.0,0.0,24.0,1,1,1,1,1
8412,7717136,576.0,57599.999999967324,1,1,0,1.0,0.0,576.0,1,1,1,1,1
8413,7717142,972.0,97199.99999994486,1,1,0,1.0,0.0,972.0,1,1,1,1,1
8414,7717144,223.0,22299.99999998735,1,1,0,1.0,0.0,223.0,1,1,1,1,1
8415,7717146,247.0,24699.999999985987,1,1,0,1.0,0.0,247.0,1,1,1,1,1
8416,7717148,198.0,19799.999999988766,1,1,0,1.0,0.0,198.0,1,1,1,1,1
8417,7717150,267.0,26699.99999998485,1,1,0,1.0,0.0,267.0,1,1,1,1,1
8418,7717154,9.0,899.9999999994894,1,1,0,1.0,0.0,9.0,1,1,1,1,1
8419,7717158,156.0,15599.99999999115,1,1,0,1.0,0.0,156.0,1,1,1,1,1
8420,7717160,18.0,1799.9999999989789,1,1,0,1.0,0.0,18.0,1,1,1,1,1
8421,7717166,333.0,33299.99999998111,1,1,0,1.0,0.0,333.0,1,1,1,1,1
8422,7717170,1284.0,128399.99999992715,1,1,0,1.0,0.0,1284.0,1,1,1,1,1
8423,7717178,243.0,24299.999999986216,1,1,0,1.0,0.0,243.0,1,1,1,1,1
8424,7717180,6907.0,690699.9999996081,1,1,0,1.0,0.0,6907.0,1,1,1,1,1
8425,7717182,325.0,32499.999999981563,1,1,0,1.0,0.0,325.0,1,1,1,1,1
8426,7717184,15.0,1499.9999999991492,1,1,0,1.0,0.0,15.0,1,1,1,1,1
8427,7717186,622.0,62199.99999996471,1,1,0,1.0,0.0,622.0,1,1,1,1,1
8428,7717188,914.0,91399.99999994815,1,1,0,1.0,0.0,914.0,1,1,1,1,1
8429,7717190,45.0,4499.999999997447,1,1,0,1.0,0.0,45.0,1,1,1,1,1
8430,7717192,62.0,6199.999999996483,1,1,0,1.0,0.0,62.0,1,1,1,1,1
8431,7717194,86.0,8599.999999995121,1,1,0,1.0,0.0,86.0,1,1,1,1,1
8432,7717196,197.0,19699.999999988824,1,1,0,1.0,0.0,197.0,1,1,1,1,1
8433,7717202,548.0,54799.99999996891,1,1,0,1.0,0.0,548.0,1,1,1,1,1
8434,7717204,646.0,64599.99999996335,1,1,0,1.0,0.0,646.0,1,1,1,1,1
8435,7717206,3787.0,378699.99999978516,1,1,0,1.0,0.0,3787.0,1,1,1,1,1
8436,7717210,198.0,19799.999999988766,1,1,0,1.0,0.0,198.0,1,1,1,1,1
8437,7717216,1362.0,136199.99999992273,1,1,0,1.0,0.0,1362.0,1,1,1,1,1
8438,7717226,10.0,999.9999999994327,1,1,0,1.0,0.0,10.0,1,1,1,1,1
8439,7717228,330.0,32999.99999998128,1,1,0,1.0,0.0,330.0,1,1,1,1,1
8440,7717230,36.0,3599.9999999979577,1,1,0,1.0,0.0,36.0,1,1,1,1,1
8441,7717232,14.0,1399.9999999992058,1,1,0,1.0,0.0,14.0,1,1,1,1,1
8442,7717234,730.0,72999.99999995859,1,1,0,1.0,0.0,730.0,1,1,1,1,1
8443,7717236,488.0,48799.999999972315,1,1,0,1.0,0.0,488.0,1,1,1,1,1
8444,7717238,277.0,27699.999999984288,1,1,0,1.0,0.0,277.0,1,1,1,1,1
8445,7717246,263.0,26299.99999998508,1,1,0,1.0,0.0,263.0,1,1,1,1,1
8446,7717248,1.0,99.99999999994327,1,1,0,1.0,0.0,1.0,1,1,1,1,1
8447,7717254,136.0,13599.999999992284,1,1,0,1.0,0.0,136.0,1,1,1,1,1
8448,7717256,7.0,699.9999999996029,1,1,0,1.0,0.0,7.0,1,1,1,1,1
8449,7717258,167.0,16699.999999990527,1,1,0,1.0,0.0,167.0,1,1,1,1,1
8450,7717260,607.0,60699.99999996556,1,1,0,1.0,0.0,607.0,1,1,1,1,1
8451,7717262,51.0,5099.999999997107,1,1,0,1.0,0.0,51.0,1,1,1,1,1
8452,7717264,1.0,99.99999999994327,1,1,0,1.0,0.0,1.0,1,1,1,1,1
8453,7717268,25.0,2499.9999999985816,1,1,0,1.0,0.0,25.0,1,1,1,1,1
8454,7717270,55.0,5499.9999999968795,1,1,0,1.0,0.0,55.0,1,1,1,1,1
8455,7717272,49.0,4899.999999997221,1,1,0,1.0,0.0,49.0,1,1,1,1,1
8456,7717276,1426.0,142599.9999999191,1,1,0,1.0,0.0,1426.0,1,1,1,1,1
8457,7717278,1836.0,183599.99999989584,1,1,0,1.0,0.0,1836.0,1,1,1,1,1
8458,7717280,6.0,599.9999999996596,1,1,0,1.0,0.0,6.0,1,1,1,1,1
8459,7717282,827.0,82699.99999995308,1,1,0,1.0,0.0,827.0,1,1,1,1,1
8460,7717284,819.0,81899.99999995354,1,1,0,1.0,0.0,819.0,1,1,1,1,1
8461,7717286,530.0,52999.999999969936,1,1,0,1.0,0.0,530.0,1,1,1,1,1
8462,7717290,176.0,17599.999999990017,1,1,0,1.0,0.0,176.0,1,1,1,1,1
8463,7717292,1622.0,162199.99999990797,1,1,0,1.0,0.0,1622.0,1,1,1,1,1
8464,7717294,303.0,30299.99999998281,1,1,0,1.0,0.0,303.0,1,1,1,1,1
8465,7717296,1201.0,120099.99999993187,1,1,0,1.0,0.0,1201.0,1,1,1,1,1
8466,7717300,1314.0,131399.99999992547,1,1,0,1.0,0.0,1314.0,1,1,1,1,1
8467,7717302,239.0,23899.99999998644,1,1,0,1.0,0.0,239.0,1,1,1,1,1
8468,7717304,142.0,14199.999999991944,1,1,0,1.0,0.0,142.0,1,1,1,1,1
8469,7717308,598.0,59799.99999996607,1,1,0,1.0,0.0,598.0,1,1,1,1,1
8470,7717310,326.0,32599.999999981505,1,1,0,1.0,0.0,326.0,1,1,1,1,1
8471,7717312,546.0,54599.999999969026,1,1,0,1.0,0.0,546.0,1,1,1,1,1
8472,7717314,725.0,72499.99999995888,1,1,0,1.0,0.0,725.0,1,1,1,1,1
8473,7717318,383.0,38299.999999978274,1,1,0,1.0,0.0,383.0,1,1,1,1,1
8474,7717320,104.0,10399.9999999941,1,1,0,1.0,0.0,104.0,1,1,1,1,1
8475,7717324,23.0,2299.9999999986953,1,1,0,1.0,0.0,23.0,1,1,1,1,1
8476,7717328,59.0,5899.999999996653,1,1,0,1.0,0.0,59.0,1,1,1,1,1
8477,7717336,249.0,24899.999999985874,1,1,0,1.0,0.0,249.0,1,1,1,1,1
8478,7717340,26.0,2599.999999998525,1,1,0,1.0,0.0,26.0,1,1,1,1,1
8479,7717342,106.0,10599.999999993986,1,1,0,1.0,0.0,106.0,1,1,1,1,1
8480,7717346,71.0,7099.999999995972,1,1,0,1.0,0.0,71.0,1,1,1,1,1
8481,7717352,655.0,65499.99999996284,1,1,0,1.0,0.0,655.0,1,1,1,1,1
8482,7717356,1145.0,114499.99999993504,1,1,0,1.0,0.0,1145.0,1,1,1,1,1
8483,7717362,1478.0,147799.99999991615,1,1,0,1.0,0.0,1478.0,1,1,1,1,1
8484,7717366,322.0,32199.999999981734,1,1,0,1.0,0.0,322.0,1,1,1,1,1
8485,7717368,642.0,64199.99999996358,1,1,0,1.0,0.0,642.0,1,1,1,1,1
8486,7717370,216.0,21599.999999987747,1,1,0,1.0,0.0,216.0,1,1,1,1,1
8487,7717372,39.0,3899.9999999977877,1,1,0,1.0,0.0,39.0,1,1,1,1,1
8488,7717374,408.0,40799.999999976855,1,1,0,1.0,0.0,408.0,1,1,1,1,1
8489,7717376,135.0,13499.999999992342,1,1,0,1.0,0.0,135.0,1,1,1,1,1
8490,7717378,180.0,17999.99999998979,1,1,0,1.0,0.0,180.0,1,1,1,1,1
8491,7717382,57.0,5699.999999996767,1,1,0,1.0,0.0,57.0,1,1,1,1,1
8492,7717384,106.0,10599.999999993986,1,1,0,1.0,0.0,106.0,1,1,1,1,1
8493,7717388,108.0,10799.999999993874,1,1,0,1.0,0.0,108.0,1,1,1,1,1
8494,7717392,186.0,18599.99999998945,1,1,0,1.0,0.0,186.0,1,1,1,1,1
8495,7717396,393.0,39299.99999997771,1,1,0,1.0,0.0,393.0,1,1,1,1,1
8496,7717402,169.0,16899.999999990414,1,1,0,1.0,0.0,169.0,1,1,1,1,1
8497,7717404,39.0,3899.9999999977877,1,1,0,1.0,0.0,39.0,1,1,1,1,1
8498,7717412,17.0,1699.9999999990355,1,1,0,1.0,0.0,17.0,1,1,1,1,1
8499,7717420,112.0,11199.999999993646,1,1,0,1.0,0.0,112.0,1,1,1,1,1
8500,7717434,25.0,2499.9999999985816,1,1,0,1.0,0.0,25.0,1,1,1,1,1
8501,7717436,284.0,28399.999999983887,1,1,0,1.0,0.0,284.0,1,1,1,1,1
8502,7717440,693.0,69299.99999996068,1,1,0,1.0,0.0,693.0,1,1,1,1,1
8503,7717442,4.0,399.9999999997731,1,1,0,1.0,0.0,4.0,1,1,1,1,1
8504,7717444,13.0,1299.9999999992624,1,1,0,1.0,0.0,13.0,1,1,1,1,1
8505,7717446,76.0,7599.999999995689,1,1,0,1.0,0.0,76.0,1,1,1,1,1
8506,7717452,4211.0,421099.9999997611,1,1,0,1.0,0.0,4211.0,1,1,1,1,1
8507,7717454,150.0,14999.99999999149,1,1,0,1.0,0.0,150.0,1,1,1,1,1
8508,7717458,14.0,1399.9999999992058,1,1,0,1.0,0.0,14.0,1,1,1,1,1
8509,7717462,14.0,1399.9999999992058,1,1,0,1.0,0.0,14.0,1,1,1,1,1
8510,7717468,161.0,16099.999999990867,1,1,0,1.0,0.0,161.0,1,1,1,1,1
8511,7717474,22.0,2199.999999998752,1,1,0,1.0,0.0,22.0,1,1,1,1,1
8512,7717476,323.0,32299.999999981676,1,1,0,1.0,0.0,323.0,1,1,1,1,1
8513,7717478,20.0,1999.9999999988654,1,1,0,1.0,0.0,20.0,1,1,1,1,1
8514,7717482,107.0,10699.99999999393,1,1,0,1.0,0.0,107.0,1,1,1,1,1
8515,7717486,165.0,16499.99999999064,1,1,0,1.0,0.0,165.0,1,1,1,1,1
8516,7717488,191.0,19099.999999989166,1,1,0,1.0,0.0,191.0,1,1,1,1,1
8517,7717490,818.0,81799.9999999536,1,1,0,1.0,0.0,818.0,1,1,1,1,1
8518,7717492,440.0,43999.999999975036,1,1,0,1.0,0.0,440.0,1,1,1,1,1
8519,7717496,379.0,37899.9999999785,1,1,0,1.0,0.0,379.0,1,1,1,1,1
8520,7717500,8.0,799.9999999995462,1,1,0,1.0,0.0,8.0,1,1,1,1,1
8521,7717502,125.0,12499.99999999291,1,1,0,1.0,0.0,125.0,1,1,1,1,1
8522,7717514,15.0,1499.9999999991492,1,1,0,1.0,0.0,15.0,1,1,1,1,1
8523,7717516,3155.0,315499.999999821,1,1,0,1.0,0.0,3155.0,1,1,1,1,1
8524,7717520,29.0,2899.9999999983547,1,1,0,1.0,0.0,29.0,1,1,1,1,1
8525,7717522,963.0,96299.99999994537,1,1,0,1.0,0.0,963.0,1,1,1,1,1
8526,7717526,1.0,99.99999999994327,1,1,0,1.0,0.0,1.0,1,1,1,1,1
8527,7717530,455.0,45499.999999974185,1,1,0,1.0,0.0,455.0,1,1,1,1,1
8528,7717532,398.0,39799.99999997742,1,1,0,1.0,0.0,398.0,1,1,1,1,1
8529,7717536,87.0,8699.999999995065,1,1,0,1.0,0.0,87.0,1,1,1,1,1
8530,7717538,409.0,40899.9999999768,1,1,0,1.0,0.0,409.0,1,1,1,1,1
8531,7717552,143.0,14299.999999991887,1,1,0,1.0,0.0,143.0,1,1,1,1,1
8532,7717556,19.0,1899.9999999989222,1,1,0,1.0,0.0,19.0,1,1,1,1,1
8533,7717578,184.0,18399.999999989563,1,1,0,1.0,0.0,184.0,1,1,1,1,1
8534,7717588,43.0,4299.999999997561,1,1,0,1.0,0.0,43.0,1,1,1,1,1
8535,7717590,247.0,24699.999999985987,1,1,0,1.0,0.0,247.0,1,1,1,1,1
8536,7717596,228.0,22799.999999987067,1,1,0,1.0,0.0,228.0,1,1,1,1,1
8537,7717598,184.0,18399.999999989563,1,1,0,1.0,0.0,184.0,1,1,1,1,1
8538,7717612,628.0,62799.99999996438,1,1,0,1.0,0.0,628.0,1,1,1,1,1
8539,7717614,12.0,1199.9999999993192,1,1,0,1.0,0.0,12.0,1,1,1,1,1
8540,7717624,2.0,199.99999999988654,1,1,0,1.0,0.0,2.0,1,1,1,1,1
8541,7717626,184.0,18399.999999989563,1,1,0,1.0,0.0,184.0,1,1,1,1,1
8542,7717638,130.0,12999.999999992626,1,1,0,1.0,0.0,130.0,1,1,1,1,1
8543,7717644,734.0,73399.99999995837,1,1,0,1.0,0.0,734.0,1,1,1,1,1
8544,7717646,16.0,1599.9999999990923,1,1,0,1.0,0.0,16.0,1,1,1,1,1
8545,7717658,61.0,6099.999999996539,1,1,0,1.0,0.0,61.0,1,1,1,1,1
8546,7717666,379.0,37899.9999999785,1,1,0,1.0,0.0,379.0,1,1,1,1,1
8547,7717668,297.0,29699.999999983153,1,1,0,1.0,0.0,297.0,1,1,1,1,1
8548,7717672,209.0,20899.999999988144,1,1,0,1.0,0.0,209.0,1,1,1,1,1
8549,7717676,80.0,7999.999999995462,1,1,0,1.0,0.0,80.0,1,1,1,1,1
8550,7717684,136.0,13599.999999992284,1,1,0,1.0,0.0,136.0,1,1,1,1,1
8551,7717686,104.0,10399.9999999941,1,1,0,1.0,0.0,104.0,1,1,1,1,1
8552,7717688,63.0,6299.999999996426,1,1,0,1.0,0.0,63.0,1,1,1,1,1
8553,7717694,59.0,5899.999999996653,1,1,0,1.0,0.0,59.0,1,1,1,1,1
8554,7717698,39.0,3899.9999999977877,1,1,0,1.0,0.0,39.0,1,1,1,1,1
8555,7717710,41.0,4099.999999997674,1,1,0,1.0,0.0,41.0,1,1,1,1,1
8556,7717712,61.0,6099.999999996539,1,1,0,1.0,0.0,61.0,1,1,1,1,1
8557,7717724,231.0,23099.999999986896,1,1,0,1.0,0.0,231.0,1,1,1,1,1
8558,7717740,1056.0,105599.99999994009,1,1,0,1.0,0.0,1056.0,1,1,1,1,1
8559,7717742,176.0,17599.999999990017,1,1,0,1.0,0.0,176.0,1,1,1,1,1
8560,7717744,837.0,83699.99999995252,1,1,0,1.0,0.0,837.0,1,1,1,1,1
8561,7717748,2.0,199.99999999988654,1,1,0,1.0,0.0,2.0,1,1,1,1,1
8562,7717750,3508.0,350799.999999801,1,1,0,1.0,0.0,3508.0,1,1,1,1,1
8563,7717756,983.0,98299.99999994424,1,1,0,1.0,0.0,983.0,1,1,1,1,1
8564,7717766,460.0,45999.9999999739,1,1,0,1.0,0.0,460.0,1,1,1,1,1
8565,7717914,3090.0,308999.9999998247,1,1,0,1.0,0.0,3090.0,1,1,1,1,1
8566,7717916,38.0,3799.9999999978445,1,1,0,1.0,0.0,38.0,1,1,1,1,1
8567,7717924,38.0,3799.9999999978445,1,1,0,1.0,0.0,38.0,1,1,1,1,1
8568,7717928,10.0,999.9999999994327,1,1,0,1.0,0.0,10.0,1,1,1,1,1
8569,7717930,364.0,36399.99999997935,1,1,0,1.0,0.0,364.0,1,1,1,1,1
8570,7717934,238.0,23799.9999999865,1,1,0,1.0,0.0,238.0,1,1,1,1,1
8571,7717944,1577.0,157699.99999991053,1,1,0,1.0,0.0,1577.0,1,1,1,1,1
8572,7717946,373.0,37299.99999997884,1,1,0,1.0,0.0,373.0,1,1,1,1,1
8573,7717950,416.0,41599.9999999764,1,1,0,1.0,0.0,416.0,1,1,1,1,1
8574,7717952,426.0,42599.99999997584,1,1,0,1.0,0.0,426.0,1,1,1,1,1
8575,7717954,1333.0,133299.9999999244,1,1,0,1.0,0.0,1333.0,1,1,1,1,1
8576,7717956,2185.0,218499.99999987605,1,1,0,1.0,0.0,2185.0,1,1,1,1,1
8577,7717962,202.0,20199.99999998854,1,1,0,1.0,0.0,202.0,1,1,1,1,1
8578,7717964,271.0,27099.999999984626,1,1,0,1.0,0.0,271.0,1,1,1,1,1
8579,7717972,4.0,399.9999999997731,1,1,0,1.0,0.0,4.0,1,1,1,1,1
8580,7717974,356.0,35599.9999999798,1,1,0,1.0,0.0,356.0,1,1,1,1,1
8581,7717976,514.0,51399.99999997084,1,1,0,1.0,0.0,514.0,1,1,1,1,1
8582,7717982,1102.0,110199.99999993748,1,1,0,1.0,0.0,1102.0,1,1,1,1,1
8583,7718002,915.0,91499.9999999481,1,1,0,1.0,0.0,915.0,1,1,1,1,1
8584,7718008,1374.0,137399.99999992206,1,1,0,1.0,0.0,1374.0,1,1,1,1,1
8585,7718010,73.0,7299.999999995859,1,1,0,1.0,0.0,73.0,1,1,1,1,1
8586,7718024,169.0,16899.999999990414,1,1,0,1.0,0.0,169.0,1,1,1,1,1
8587,7718026,13.0,1299.9999999992624,1,1,0,1.0,0.0,13.0,1,1,1,1,1
8588,7718034,17.0,1699.9999999990355,1,1,0,1.0,0.0,17.0,1,1,1,1,1
8589,7718038,67.0,6699.999999996199,1,1,0,1.0,0.0,67.0,1,1,1,1,1
8590,7718050,176.0,17599.999999990017,1,1,0,1.0,0.0,176.0,1,1,1,1,1
8591,7718052,5.0,499.99999999971635,1,1,0,1.0,0.0,5.0,1,1,1,1,1
8592,7718060,1374.0,137399.99999992206,1,1,0,1.0,0.0,1374.0,1,1,1,1,1
8593,7718062,2.0,199.99999999988654,1,1,0,1.0,0.0,2.0,1,1,1,1,1
8594,7718068,164.0,16399.999999990698,1,1,0,1.0,0.0,164.0,1,1,1,1,1
8595,7718084,5.0,499.99999999971635,1,1,0,1.0,0.0,5.0,1,1,1,1,1
8596,7718086,751.0,75099.99999995739,1,1,0,1.0,0.0,751.0,1,1,1,1,1
8597,7718096,13.0,1299.9999999992624,1,1,0,1.0,0.0,13.0,1,1,1,1,1
8598,7718108,43.0,4299.999999997561,1,1,0,1.0,0.0,43.0,1,1,1,1,1
8599,7718118,32.0,3199.9999999981846,1,1,0,1.0,0.0,32.0,1,1,1,1,1
8600,7718126,552.0,55199.999999968684,1,1,0,1.0,0.0,552.0,1,1,1,1,1
8601,7718132,82.0,8199.999999995349,1,1,0,1.0,0.0,82.0,1,1,1,1,1
8602,7718136,1.0,99.99999999994327,1,1,0,1.0,0.0,1.0,1,1,1,1,1
8603,7718138,139.0,13899.999999992115,1,1,0,1.0,0.0,139.0,1,1,1,1,1
8604,7718140,76.0,7599.999999995689,1,1,0,1.0,0.0,76.0,1,1,1,1,1
8605,7718142,448.0,44799.999999974585,1,1,0,1.0,0.0,448.0,1,1,1,1,1
8606,7718144,631.0,63099.9999999642,1,1,0,1.0,0.0,631.0,1,1,1,1,1
8607,7718152,1551.0,155099.99999991202,1,1,0,1.0,0.0,1551.0,1,1,1,1,1
8608,7718154,67.0,6699.999999996199,1,1,0,1.0,0.0,67.0,1,1,1,1,1
8609,7718156,36.0,3599.9999999979577,1,1,0,1.0,0.0,36.0,1,1,1,1,1
8610,7718160,551.0,55099.99999996874,1,1,0,1.0,0.0,551.0,1,1,1,1,1
8611,7718172,38.0,3799.9999999978445,1,1,0,1.0,0.0,38.0,1,1,1,1,1
8612,7718174,939.0,93899.99999994673,1,1,0,1.0,0.0,939.0,1,1,1,1,1
8613,7718178,20.0,1999.9999999988654,1,1,0,1.0,0.0,20.0,1,1,1,1,1
8614,7718180,523.0,52299.99999997033,1,1,0,1.0,0.0,523.0,1,1,1,1,1
8615,7718182,662.0,66199.99999996244,1,1,0,1.0,0.0,662.0,1,1,1,1,1
8616,7718186,541.0,54099.99999996931,1,1,0,1.0,0.0,541.0,1,1,1,1,1
8617,7718188,899.0,89899.999999949,1,1,0,1.0,0.0,899.0,1,1,1,1,1
8618,7718190,303.0,30299.99999998281,1,1,0,1.0,0.0,303.0,1,1,1,1,1
8619,7718194,38.0,3799.9999999978445,1,1,0,1.0,0.0,38.0,1,1,1,1,1
8620,7718198,1596.0,159599.99999990946,1,1,0,1.0,0.0,1596.0,1,1,1,1,1
8621,7718200,209.0,20899.999999988144,1,1,0,1.0,0.0,209.0,1,1,1,1,1
8622,7718204,9.0,899.9999999994894,1,1,0,1.0,0.0,9.0,1,1,1,1,1
8623,7718206,177.0,17699.99999998996,1,1,0,1.0,0.0,177.0,1,1,1,1,1
8624,7718208,1219.0,121899.99999993085,1,1,0,1.0,0.0,1219.0,1,1,1,1,1
8625,7718210,3.0,299.9999999998298,1,1,0,1.0,0.0,3.0,1,1,1,1,1
8626,7718214,14.0,1399.9999999992058,1,1,0,1.0,0.0,14.0,1,1,1,1,1
8627,7718216,6.0,599.9999999996596,1,1,0,1.0,0.0,6.0,1,1,1,1,1
8628,7718220,309.0,30899.999999982472,1,1,0,1.0,0.0,309.0,1,1,1,1,1
8629,7718222,74.0,7399.999999995802,1,1,0,1.0,0.0,74.0,1,1,1,1,1
8630,7718224,90.0,8999.999999994894,1,1,0,1.0,0.0,90.0,1,1,1,1,1
8631,7718228,395.0,39499.99999997759,1,1,0,1.0,0.0,395.0,1,1,1,1,1
8632,7718234,12.0,1199.9999999993192,1,1,0,1.0,0.0,12.0,1,1,1,1,1
8633,7718252,297.0,29699.999999983153,1,1,0,1.0,0.0,297.0,1,1,1,1,1
8634,7718254,41.0,4099.999999997674,1,1,0,1.0,0.0,41.0,1,1,1,1,1
8635,7718256,114.0,11399.999999993533,1,1,0,1.0,0.0,114.0,1,1,1,1,1
8636,7718258,86.0,8599.999999995121,1,1,0,1.0,0.0,86.0,1,1,1,1,1
8637,7718260,80.0,7999.999999995462,1,1,0,1.0,0.0,80.0,1,1,1,1,1
8638,7718262,106.0,10599.999999993986,1,1,0,1.0,0.0,106.0,1,1,1,1,1
8639,7718266,285.0,28499.999999983833,1,1,0,1.0,0.0,285.0,1,1,1,1,1
8640,7718270,257.0,25699.99999998542,1,1,0,1.0,0.0,257.0,1,1,1,1,1
8641,7718272,168.0,16799.99999999047,1,1,0,1.0,0.0,168.0,1,1,1,1,1
8642,7718284,143.0,14299.999999991887,1,1,0,1.0,0.0,143.0,1,1,1,1,1
8643,7718286,39.0,3899.9999999977877,1,1,0,1.0,0.0,39.0,1,1,1,1,1
8644,7718290,49.0,4899.999999997221,1,1,0,1.0,0.0,49.0,1,1,1,1,1
8645,7718302,154.0,15399.999999991263,1,1,0,1.0,0.0,154.0,1,1,1,1,1
8646,7718306,287.0,28699.99999998372,1,1,0,1.0,0.0,287.0,1,1,1,1,1
8647,7718314,960.0,95999.99999994555,1,1,0,1.0,0.0,960.0,1,1,1,1,1
8648,7718322,993.0,99299.99999994367,1,1,0,1.0,0.0,993.0,1,1,1,1,1
8649,7718328,14.0,1399.9999999992058,1,1,0,1.0,0.0,14.0,1,1,1,1,1
8650,7718330,254.0,25399.99999998559,1,1,0,1.0,0.0,254.0,1,1,1,1,1
8651,7718332,14.0,1399.9999999992058,1,1,0,1.0,0.0,14.0,1,1,1,1,1
8652,7718334,639.0,63899.99999996375,1,1,0,1.0,0.0,639.0,1,1,1,1,1
8653,7718342,1397.0,139699.99999992075,1,1,0,1.0,0.0,1397.0,1,1,1,1,1
8654,7718350,450.0,44999.99999997447,1,1,0,1.0,0.0,450.0,1,1,1,1,1
8655,7718360,61.0,6099.999999996539,1,1,0,1.0,0.0,61.0,1,1,1,1,1
8656,7718362,359.0,35899.999999979635,1,1,0,1.0,0.0,359.0,1,1,1,1,1
8657,7718366,2.0,199.99999999988654,1,1,0,1.0,0.0,2.0,1,1,1,1,1
8658,7718368,292.0,29199.999999983436,1,1,0,1.0,0.0,292.0,1,1,1,1,1
8659,7718370,388.0,38799.99999997799,1,1,0,1.0,0.0,388.0,1,1,1,1,1
8660,7718374,5.0,499.99999999971635,1,1,0,1.0,0.0,5.0,1,1,1,1,1
8661,7718376,9175.0,917499.9999994795,1,1,0,1.0,0.0,9175.0,1,1,1,1,1
8662,7718380,562.0,56199.99999996812,1,1,0,1.0,0.0,562.0,1,1,1,1,1
8663,7718384,238.0,23799.9999999865,1,1,0,1.0,0.0,238.0,1,1,1,1,1
8664,7718386,289.0,28899.999999983604,1,1,0,1.0,0.0,289.0,1,1,1,1,1
8665,7718390,7.0,699.9999999996029,1,1,0,1.0,0.0,7.0,1,1,1,1,1
8666,7718392,26.0,2599.999999998525,1,1,0,1.0,0.0,26.0,1,1,1,1,1
8667,7718394,2.0,199.99999999988654,1,1,0,1.0,0.0,2.0,1,1,1,1,1
8668,7718396,117.0,11699.999999993363,1,1,0,1.0,0.0,117.0,1,1,1,1,1
8669,7718398,14.0,1399.9999999992058,1,1,0,1.0,0.0,14.0,1,1,1,1,1
8670,7718412,106.0,10599.999999993986,1,1,0,1.0,0.0,106.0,1,1,1,1,1
8671,7718420,92.0,9199.999999994781,1,1,0,1.0,0.0,92.0,1,1,1,1,1
8672,7718424,9.0,899.9999999994894,1,1,0,1.0,0.0,9.0,1,1,1,1,1
8673,7718426,1.0,99.99999999994327,1,1,0,1.0,0.0,1.0,1,1,1,1,1
8674,7718432,1455.0,145499.99999991746,1,1,0,1.0,0.0,1455.0,1,1,1,1,1
8675,7718440,1739.0,173899.99999990134,1,1,0,1.0,0.0,1739.0,1,1,1,1,1
8676,7718444,743.0,74299.99999995784,1,1,0,1.0,0.0,743.0,1,1,1,1,1
8677,7718454,1780.0,177999.999999899,1,1,0,1.0,0.0,1780.0,1,1,1,1,1
8678,7718462,734.0,73399.99999995837,1,1,0,1.0,0.0,734.0,1,1,1,1,1
8679,7718474,10.0,999.9999999994327,1,1,0,1.0,0.0,10.0,1,1,1,1,1
8680,7718480,739.0,73899.99999995808,1,1,0,1.0,0.0,739.0,1,1,1,1,1
8681,7718494,287.0,28699.99999998372,1,1,0,1.0,0.0,287.0,1,1,1,1,1
8682,7718496,740.0,73999.99999995802,1,1,0,1.0,0.0,740.0,1,1,1,1,1
8683,7718500,225.0,22499.999999987234,1,1,0,1.0,0.0,225.0,1,1,1,1,1
8684,7718518,1213.0,121299.99999993118,1,1,0,1.0,0.0,1213.0,1,1,1,1,1
8685,7718520,15.0,1499.9999999991492,1,1,0,1.0,0.0,15.0,1,1,1,1,1
8686,7718534,37.0,3699.999999997901,1,1,0,1.0,0.0,37.0,1,1,1,1,1
8687,7718536,400.0,39999.999999977306,1,1,0,1.0,0.0,400.0,1,1,1,1,1
8688,7718562,110.0,10999.999999993759,1,1,0,1.0,0.0,110.0,1,1,1,1,1
8689,7718592,19.0,1899.9999999989222,1,1,0,1.0,0.0,19.0,1,1,1,1,1
8690,7718604,67.0,6699.999999996199,1,1,0,1.0,0.0,67.0,1,1,1,1,1
8691,7718614,14.0,1399.9999999992058,1,1,0,1.0,0.0,14.0,1,1,1,1,1
8692,7718622,717.0,71699.99999995933,1,1,0,1.0,0.0,717.0,1,1,1,1,1
8693,7718640,133.0,13299.999999992455,1,1,0,1.0,0.0,133.0,1,1,1,1,1
8694,7718642,925.0,92499.99999994753,1,1,0,1.0,0.0,925.0,1,1,1,1,1
8695,7718650,158.0,15799.999999991036,1,1,0,1.0,0.0,158.0,1,1,1,1,1
8696,7718658,254.0,25399.99999998559,1,1,0,1.0,0.0,254.0,1,1,1,1,1
8697,7718660,402.0,40199.9999999772,1,1,0,1.0,0.0,402.0,1,1,1,1,1
8698,7718666,1350.0,134999.99999992343,1,1,0,1.0,0.0,1350.0,1,1,1,1,1
8699,7718672,44.0,4399.999999997504,1,1,0,1.0,0.0,44.0,1,1,1,1,1
8700,7718686,132.0,13199.999999992511,1,1,0,1.0,0.0,132.0,1,1,1,1,1
8701,7718688,46.0,4599.999999997391,1,1,0,1.0,0.0,46.0,1,1,1,1,1
8702,7722610,789.0,78899.99999995524,1,1,0,1.0,0.0,789.0,1,1,1,1,1
8703,7722618,235.0,23499.999999986667,1,1,0,1.0,0.0,235.0,1,1,1,1,1
8704,7722634,1073.0,107299.99999993913,1,1,0,1.0,0.0,1073.0,1,1,1,1,1
8705,7722644,1131.0,113099.99999993584,1,1,0,1.0,0.0,1131.0,1,1,1,1,1
8706,7722648,508.0,50799.99999997118,1,1,0,1.0,0.0,508.0,1,1,1,1,1
8707,7722656,10.0,999.9999999994327,1,1,0,1.0,0.0,10.0,1,1,1,1,1
8708,7722658,5976.0,597599.999999661,1,1,0,1.0,0.0,5976.0,1,1,1,1,1
8709,7722666,168.0,16799.99999999047,1,1,0,1.0,0.0,168.0,1,1,1,1,1
8710,7722740,1.0,99.99999999994327,1,1,0,1.0,0.0,1.0,1,1,1,1,1
8711,7722750,63.0,6299.999999996426,1,1,0,1.0,0.0,63.0,1,1,1,1,1
8712,7731461,40.0,3999.999999997731,1,1,0,1.0,0.0,40.0,1,1,1,1,1
8713,7731463,349.0,34899.9999999802,1,1,0,1.0,0.0,349.0,1,1,1,1,1
8714,7731473,496.0,49599.999999971864,1,1,0,1.0,0.0,496.0,1,1,1,1,1
8715,7731477,289.0,28899.999999983604,1,1,0,1.0,0.0,289.0,1,1,1,1,1
8716,7731483,527.0,52699.9999999701,1,1,0,1.0,0.0,527.0,1,1,1,1,1
8717,7731485,67.0,6699.999999996199,1,1,0,1.0,0.0,67.0,1,1,1,1,1
8718,7731501,671.0,67099.99999996193,1,1,0,1.0,0.0,671.0,1,1,1,1,1
8719,7731505,299.0,29899.999999983036,1,1,0,1.0,0.0,299.0,1,1,1,1,1
8720,7731507,107.0,10699.99999999393,1,1,0,1.0,0.0,107.0,1,1,1,1,1
8721,7731519,305.0,30499.999999982698,1,1,0,1.0,0.0,305.0,1,1,1,1,1
8722,7731521,355.0,35499.99999997986,1,1,0,1.0,0.0,355.0,1,1,1,1,1
8723,7731535,5.0,499.99999999971635,1,1,0,1.0,0.0,5.0,1,1,1,1,1
8724,7731539,43.0,4299.999999997561,1,1,0,1.0,0.0,43.0,1,1,1,1,1
8725,7731541,67.0,6699.999999996199,1,1,0,1.0,0.0,67.0,1,1,1,1,1
8726,7731543,226.0,22599.99999998718,1,1,0,1.0,0.0,226.0,1,1,1,1,1
8727,7731547,4.0,399.9999999997731,1,1,0,1.0,0.0,4.0,1,1,1,1,1
8728,7731553,116.0,11599.999999993419,1,1,0,1.0,0.0,116.0,1,1,1,1,1
8729,7731555,3.0,299.9999999998298,1,1,0,1.0,0.0,3.0,1,1,1,1,1
8730,7731557,213.0,21299.99999998792,1,1,0,1.0,0.0,213.0,1,1,1,1,1
8731,7731561,915.0,91499.9999999481,1,1,0,1.0,0.0,915.0,1,1,1,1,1
8732,7731563,238.0,23799.9999999865,1,1,0,1.0,0.0,238.0,1,1,1,1,1
8733,7731565,81.0,8099.999999995405,1,1,0,1.0,0.0,81.0,1,1,1,1,1
8734,7731567,341.0,34099.99999998065,1,1,0,1.0,0.0,341.0,1,1,1,1,1
8735,7731569,34.0,3399.999999998071,1,1,0,1.0,0.0,34.0,1,1,1,1,1
8736,7731571,89.0,8899.99999999495,1,1,0,1.0,0.0,89.0,1,1,1,1,1
8737,7731575,9.0,899.9999999994894,1,1,0,1.0,0.0,9.0,1,1,1,1,1
8738,7731583,1.0,99.99999999994327,1,1,0,1.0,0.0,1.0,1,1,1,1,1
8739,7731589,517.0,51699.99999997067,1,1,0,1.0,0.0,517.0,1,1,1,1,1
8740,7731593,180.0,17999.99999998979,1,1,0,1.0,0.0,180.0,1,1,1,1,1
8741,7731595,233.0,23299.999999986783,1,1,0,1.0,0.0,233.0,1,1,1,1,1
8742,7731597,16.0,1599.9999999990923,1,1,0,1.0,0.0,16.0,1,1,1,1,1
8743,7731601,530.0,52999.999999969936,1,1,0,1.0,0.0,530.0,1,1,1,1,1
8744,7731609,613.0,61299.99999996523,1,1,0,1.0,0.0,613.0,1,1,1,1,1
8745,7731613,3.0,299.9999999998298,1,1,0,1.0,0.0,3.0,1,1,1,1,1
8746,7731617,16.0,1599.9999999990923,1,1,0,1.0,0.0,16.0,1,1,1,1,1
8747,7731625,84.0,8399.999999995234,1,1,0,1.0,0.0,84.0,1,1,1,1,1
8748,7731627,529.0,52899.99999996999,1,1,0,1.0,0.0,529.0,1,1,1,1,1
8749,7731633,321.0,32099.99999998179,1,1,0,1.0,0.0,321.0,1,1,1,1,1
8750,7731635,87.0,8699.999999995065,1,1,0,1.0,0.0,87.0,1,1,1,1,1
8751,7731641,11.0,1099.999999999376,1,1,0,1.0,0.0,11.0,1,1,1,1,1
8752,7731645,18.0,1799.9999999989789,1,1,0,1.0,0.0,18.0,1,1,1,1,1
8753,7731647,28.0,2799.9999999984116,1,1,0,1.0,0.0,28.0,1,1,1,1,1
8754,7731649,5.0,499.99999999971635,1,1,0,1.0,0.0,5.0,1,1,1,1,1
8755,7731655,4.0,399.9999999997731,1,1,0,1.0,0.0,4.0,1,1,1,1,1
8756,7731657,72.0,7199.9999999959155,1,1,0,1.0,0.0,72.0,1,1,1,1,1
8757,7731659,118.0,11799.999999993306,1,1,0,1.0,0.0,118.0,1,1,1,1,1
8758,7731661,54.0,5399.999999996937,1,1,0,1.0,0.0,54.0,1,1,1,1,1
8759,7731665,247.0,24699.999999985987,1,1,0,1.0,0.0,247.0,1,1,1,1,1
8760,7731669,148.0,14799.999999991604,1,1,0,1.0,0.0,148.0,1,1,1,1,1
8761,7731671,74.0,7399.999999995802,1,1,0,1.0,0.0,74.0,1,1,1,1,1
8762,7731673,77.0,7699.999999995632,1,1,0,1.0,0.0,77.0,1,1,1,1,1
8763,7731675,25.0,2499.9999999985816,1,1,0,1.0,0.0,25.0,1,1,1,1,1
8764,7731679,879.0,87899.99999995013,1,1,0,1.0,0.0,879.0,1,1,1,1,1
8765,7731681,28.0,2799.9999999984116,1,1,0,1.0,0.0,28.0,1,1,1,1,1
8766,7731685,8.0,799.9999999995462,1,1,0,1.0,0.0,8.0,1,1,1,1,1
8767,7731695,5.0,499.99999999971635,1,1,0,1.0,0.0,5.0,1,1,1,1,1
8768,7731697,151.0,15099.999999991434,1,1,0,1.0,0.0,151.0,1,1,1,1,1
8769,7731703,526.0,52599.99999997016,1,1,0,1.0,0.0,526.0,1,1,1,1,1
8770,7731717,494.0,49399.99999997197,1,1,0,1.0,0.0,494.0,1,1,1,1,1
8771,7731719,387.0,38699.99999997805,1,1,0,1.0,0.0,387.0,1,1,1,1,1
8772,7731721,17.0,1699.9999999990355,1,1,0,1.0,0.0,17.0,1,1,1,1,1
8773,7731723,1.0,99.99999999994327,1,1,0,1.0,0.0,1.0,1,1,1,1,1
8774,7731727,14.0,1399.9999999992058,1,1,0,1.0,0.0,14.0,1,1,1,1,1
8775,7731733,106.0,10599.999999993986,1,1,0,1.0,0.0,106.0,1,1,1,1,1
8776,7731735,40.0,3999.999999997731,1,1,0,1.0,0.0,40.0,1,1,1,1,1
8777,7731739,158.0,15799.999999991036,1,1,0,1.0,0.0,158.0,1,1,1,1,1
8778,7731761,20.0,1999.9999999988654,1,1,0,1.0,0.0,20.0,1,1,1,1,1
8779,7731767,54.0,5399.999999996937,1,1,0,1.0,0.0,54.0,1,1,1,1,1
8780,7731769,65.0,6499.999999996313,1,1,0,1.0,0.0,65.0,1,1,1,1,1
8781,7731775,424.0,42399.999999975946,1,1,0,1.0,0.0,424.0,1,1,1,1,1
8782,7731793,92.0,9199.999999994781,1,1,0,1.0,0.0,92.0,1,1,1,1,1
8783,7731801,2607.0,260699.9999998521,1,1,0,1.0,0.0,2607.0,1,1,1,1,1
8784,7731803,52.0,5199.99999999705,1,1,0,1.0,0.0,52.0,1,1,1,1,1
8785,7731811,434.0,43399.99999997538,1,1,0,1.0,0.0,434.0,1,1,1,1,1
8786,7731813,19.0,1899.9999999989222,1,1,0,1.0,0.0,19.0,1,1,1,1,1
8787,7731815,86.0,8599.999999995121,1,1,0,1.0,0.0,86.0,1,1,1,1,1
8788,7731823,72.0,7199.9999999959155,1,1,0,1.0,0.0,72.0,1,1,1,1,1
8789,7731839,22.0,2199.999999998752,1,1,0,1.0,0.0,22.0,1,1,1,1,1
8790,7731875,68.0,6799.999999996142,1,1,0,1.0,0.0,68.0,1,1,1,1,1
8791,7731895,154.0,15399.999999991263,1,1,0,1.0,0.0,154.0,1,1,1,1,1
8792,7731909,183.0,18299.999999989617,1,1,0,1.0,0.0,183.0,1,1,1,1,1
8793,7731911,58.0,5799.999999996709,1,1,0,1.0,0.0,58.0,1,1,1,1,1
8794,7731913,7.0,699.9999999996029,1,1,0,1.0,0.0,7.0,1,1,1,1,1
8795,7731917,148.0,14799.999999991604,1,1,0,1.0,0.0,148.0,1,1,1,1,1
8796,7731923,149.0,14899.999999991547,1,1,0,1.0,0.0,149.0,1,1,1,1,1
8797,7731941,25.0,2499.9999999985816,1,1,0,1.0,0.0,25.0,1,1,1,1,1
8798,7731947,62.0,6199.999999996483,1,1,0,1.0,0.0,62.0,1,1,1,1,1
8799,7731963,163.0,16299.999999990752,1,1,0,1.0,0.0,163.0,1,1,1,1,1
8800,7731965,8.0,799.9999999995462,1,1,0,1.0,0.0,8.0,1,1,1,1,1
8801,7731973,146.0,14599.999999991718,1,1,0,1.0,0.0,146.0,1,1,1,1,1
8802,7731979,1076.0,107599.99999993895,1,1,0,1.0,0.0,1076.0,1,1,1,1,1
8803,7731991,219.0,21899.999999987576,1,1,0,1.0,0.0,219.0,1,1,1,1,1
8804,7731995,5.0,499.99999999971635,1,1,0,1.0,0.0,5.0,1,1,1,1,1
8805,7731999,39.0,3899.9999999977877,1,1,0,1.0,0.0,39.0,1,1,1,1,1
8806,7732001,210.0,20999.999999988086,1,1,0,1.0,0.0,210.0,1,1,1,1,1
8807,7732009,112.0,11199.999999993646,1,1,0,1.0,0.0,112.0,1,1,1,1,1
8808,7732021,84.0,8399.999999995234,1,1,0,1.0,0.0,84.0,1,1,1,1,1
8809,7732023,657.0,65699.99999996273,1,1,0,1.0,0.0,657.0,1,1,1,1,1
8810,7732025,27.0,2699.9999999984684,1,1,0,1.0,0.0,27.0,1,1,1,1,1
8811,7732029,2.0,199.99999999988654,1,1,0,1.0,0.0,2.0,1,1,1,1,1
8812,7732037,14.0,1399.9999999992058,1,1,0,1.0,0.0,14.0,1,1,1,1,1
8813,7732045,492.0,49199.99999997209,1,1,0,1.0,0.0,492.0,1,1,1,1,1
8814,7732051,12.0,1199.9999999993192,1,1,0,1.0,0.0,12.0,1,1,1,1,1
8815,7732053,51.0,5099.999999997107,1,1,0,1.0,0.0,51.0,1,1,1,1,1
8816,7732055,89.0,8899.99999999495,1,1,0,1.0,0.0,89.0,1,1,1,1,1
8817,7732065,9.0,899.9999999994894,1,1,0,1.0,0.0,9.0,1,1,1,1,1
8818,7732067,84.0,8399.999999995234,1,1,0,1.0,0.0,84.0,1,1,1,1,1
8819,7732075,61.0,6099.999999996539,1,1,0,1.0,0.0,61.0,1,1,1,1,1
8820,7732077,13.0,1299.9999999992624,1,1,0,1.0,0.0,13.0,1,1,1,1,1
8821,7732085,70.0,6999.999999996029,1,1,0,1.0,0.0,70.0,1,1,1,1,1
8822,7732087,25.0,2499.9999999985816,1,1,0,1.0,0.0,25.0,1,1,1,1,1
8823,7732089,23.0,2299.9999999986953,1,1,0,1.0,0.0,23.0,1,1,1,1,1
8824,7732091,27.0,2699.9999999984684,1,1,0,1.0,0.0,27.0,1,1,1,1,1
8825,7732093,177.0,17699.99999998996,1,1,0,1.0,0.0,177.0,1,1,1,1,1
8826,7732103,177.0,17699.99999998996,1,1,0,1.0,0.0,177.0,1,1,1,1,1
8827,7732105,150.0,14999.99999999149,1,1,0,1.0,0.0,150.0,1,1,1,1,1
8828,7732111,234.0,23399.999999986725,1,1,0,1.0,0.0,234.0,1,1,1,1,1
8829,7732117,394.0,39399.99999997765,1,1,0,1.0,0.0,394.0,1,1,1,1,1
8830,7732119,219.0,21899.999999987576,1,1,0,1.0,0.0,219.0,1,1,1,1,1
8831,7732121,94.0,9399.999999994667,1,1,0,1.0,0.0,94.0,1,1,1,1,1
8832,7732123,15.0,1499.9999999991492,1,1,0,1.0,0.0,15.0,1,1,1,1,1
8833,7732125,81.0,8099.999999995405,1,1,0,1.0,0.0,81.0,1,1,1,1,1
8834,7732131,584.0,58399.99999996687,1,1,0,1.0,0.0,584.0,1,1,1,1,1
8835,7732137,14.0,1399.9999999992058,1,1,0,1.0,0.0,14.0,1,1,1,1,1
8836,7732139,86.0,8599.999999995121,1,1,0,1.0,0.0,86.0,1,1,1,1,1
8837,7732149,59.0,5899.999999996653,1,1,0,1.0,0.0,59.0,1,1,1,1,1
8838,7732153,6.0,599.9999999996596,1,1,0,1.0,0.0,6.0,1,1,1,1,1
8839,7732159,313.0,31299.999999982243,1,1,0,1.0,0.0,313.0,1,1,1,1,1
8840,7732169,3.0,299.9999999998298,1,1,0,1.0,0.0,3.0,1,1,1,1,1
8841,7732171,178.0,17799.9999999899,1,1,0,1.0,0.0,178.0,1,1,1,1,1
8842,7732173,436.0,43599.99999997527,1,1,0,1.0,0.0,436.0,1,1,1,1,1
8843,7732175,20.0,1999.9999999988654,1,1,0,1.0,0.0,20.0,1,1,1,1,1
8844,7732183,71.0,7099.999999995972,1,1,0,1.0,0.0,71.0,1,1,1,1,1
8845,7732185,108.0,10799.999999993874,1,1,0,1.0,0.0,108.0,1,1,1,1,1
8846,7732193,23.0,2299.9999999986953,1,1,0,1.0,0.0,23.0,1,1,1,1,1
8847,7732199,251.0,25099.99999998576,1,1,0,1.0,0.0,251.0,1,1,1,1,1
8848,7732201,914.0,91399.99999994815,1,1,0,1.0,0.0,914.0,1,1,1,1,1
8849,7732205,479.0,47899.999999972824,1,1,0,1.0,0.0,479.0,1,1,1,1,1
8850,7732207,390.0,38999.999999977874,1,1,0,1.0,0.0,390.0,1,1,1,1,1
8851,7732209,10.0,999.9999999994327,1,1,0,1.0,0.0,10.0,1,1,1,1,1
8852,7732215,3369.0,336899.9999998089,1,1,0,1.0,0.0,3369.0,1,1,1,1,1
8853,7732223,574.0,57399.99999996744,1,1,0,1.0,0.0,574.0,1,1,1,1,1
8854,7732225,46.0,4599.999999997391,1,1,0,1.0,0.0,46.0,1,1,1,1,1
8855,7732227,7.0,699.9999999996029,1,1,0,1.0,0.0,7.0,1,1,1,1,1
8856,7732231,315.0,31499.99999998213,1,1,0,1.0,0.0,315.0,1,1,1,1,1
8857,7732233,134.0,13399.999999992398,1,1,0,1.0,0.0,134.0,1,1,1,1,1
8858,7732235,28.0,2799.9999999984116,1,1,0,1.0,0.0,28.0,1,1,1,1,1
8859,7732237,166.0,16599.99999999058,1,1,0,1.0,0.0,166.0,1,1,1,1,1
8860,7732239,103.0,10299.999999994157,1,1,0,1.0,0.0,103.0,1,1,1,1,1
8861,7732241,762.0,76199.99999995677,1,1,0,1.0,0.0,762.0,1,1,1,1,1
8862,7732243,201.0,20099.9999999886,1,1,0,1.0,0.0,201.0,1,1,1,1,1
8863,7732245,732.0,73199.99999995847,1,1,0,1.0,0.0,732.0,1,1,1,1,1
8864,7732251,2.0,199.99999999988654,1,1,0,1.0,0.0,2.0,1,1,1,1,1
8865,7732253,2122.0,212199.99999987963,1,1,0,1.0,0.0,2122.0,1,1,1,1,1
8866,7732255,231.0,23099.999999986896,1,1,0,1.0,0.0,231.0,1,1,1,1,1
8867,7732259,336.0,33599.99999998094,1,1,0,1.0,0.0,336.0,1,1,1,1,1
8868,7732261,1850.0,184999.99999989505,1,1,0,1.0,0.0,1850.0,1,1,1,1,1
8869,7732263,19.0,1899.9999999989222,1,1,0,1.0,0.0,19.0,1,1,1,1,1
8870,7732267,9.0,899.9999999994894,1,1,0,1.0,0.0,9.0,1,1,1,1,1
8871,7732269,9.0,899.9999999994894,1,1,0,1.0,0.0,9.0,1,1,1,1,1
8872,7732279,93.0,9299.999999994725,1,1,0,1.0,0.0,93.0,1,1,1,1,1
8873,7732281,56.0,5599.999999996823,1,1,0,1.0,0.0,56.0,1,1,1,1,1
8874,7732285,259.0,25899.999999985306,1,1,0,1.0,0.0,259.0,1,1,1,1,1
8875,7732289,330.0,32999.99999998128,1,1,0,1.0,0.0,330.0,1,1,1,1,1
8876,7732295,602.0,60199.99999996585,1,1,0,1.0,0.0,602.0,1,1,1,1,1
8877,7732303,132.0,13199.999999992511,1,1,0,1.0,0.0,132.0,1,1,1,1,1
8878,7732305,180.0,17999.99999998979,1,1,0,1.0,0.0,180.0,1,1,1,1,1
8879,7732307,408.0,40799.999999976855,1,1,0,1.0,0.0,408.0,1,1,1,1,1
8880,7732315,13.0,1299.9999999992624,1,1,0,1.0,0.0,13.0,1,1,1,1,1
8881,7732317,206.0,20599.999999988315,1,1,0,1.0,0.0,206.0,1,1,1,1,1
8882,7732331,381.0,38099.99999997838,1,1,0,1.0,0.0,381.0,1,1,1,1,1
8883,7732333,160.0,15999.999999990923,1,1,0,1.0,0.0,160.0,1,1,1,1,1
8884,7732339,24.0,2399.9999999986385,1,1,0,1.0,0.0,24.0,1,1,1,1,1
8885,7732345,389.0,38899.99999997793,1,1,0,1.0,0.0,389.0,1,1,1,1,1
8886,7732349,142.0,14199.999999991944,1,1,0,1.0,0.0,142.0,1,1,1,1,1
8887,7732353,115.0,11499.999999993475,1,1,0,1.0,0.0,115.0,1,1,1,1,1
8888,7732355,855.0,85499.9999999515,1,1,0,1.0,0.0,855.0,1,1,1,1,1
8889,7732357,191.0,19099.999999989166,1,1,0,1.0,0.0,191.0,1,1,1,1,1
8890,7732359,73.0,7299.999999995859,1,1,0,1.0,0.0,73.0,1,1,1,1,1
8891,7732361,83.0,8299.99999999529,1,1,0,1.0,0.0,83.0,1,1,1,1,1
8892,7732363,49.0,4899.999999997221,1,1,0,1.0,0.0,49.0,1,1,1,1,1
8893,7732375,93.0,9299.999999994725,1,1,0,1.0,0.0,93.0,1,1,1,1,1
8894,7732383,89.0,8899.99999999495,1,1,0,1.0,0.0,89.0,1,1,1,1,1
8895,7732385,303.0,30299.99999998281,1,1,0,1.0,0.0,303.0,1,1,1,1,1
8896,7732397,508.0,50799.99999997118,1,1,0,1.0,0.0,508.0,1,1,1,1,1
8897,7732401,1027.0,102699.99999994173,1,1,0,1.0,0.0,1027.0,1,1,1,1,1
8898,7732403,10.0,999.9999999994327,1,1,0,1.0,0.0,10.0,1,1,1,1,1
8899,7732409,353.0,35299.99999997998,1,1,0,1.0,0.0,353.0,1,1,1,1,1
8900,7732411,1216.0,121599.99999993102,1,1,0,1.0,0.0,1216.0,1,1,1,1,1
8901,7732417,207.0,20699.999999988257,1,1,0,1.0,0.0,207.0,1,1,1,1,1
8902,7732433,502.0,50199.99999997152,1,1,0,1.0,0.0,502.0,1,1,1,1,1
8903,7732445,153.0,15299.99999999132,1,1,0,1.0,0.0,153.0,1,1,1,1,1
8904,7732449,66.0,6599.999999996256,1,1,0,1.0,0.0,66.0,1,1,1,1,1
8905,7732451,342.0,34199.999999980595,1,1,0,1.0,0.0,342.0,1,1,1,1,1
8906,7732461,138.0,13799.999999992171,1,1,0,1.0,0.0,138.0,1,1,1,1,1
8907,7732463,433.0,43299.99999997544,1,1,0,1.0,0.0,433.0,1,1,1,1,1
8908,7732467,14.0,1399.9999999992058,1,1,0,1.0,0.0,14.0,1,1,1,1,1
8909,7732469,132.0,13199.999999992511,1,1,0,1.0,0.0,132.0,1,1,1,1,1
8910,7732471,116.0,11599.999999993419,1,1,0,1.0,0.0,116.0,1,1,1,1,1
8911,7732477,107.0,10699.99999999393,1,1,0,1.0,0.0,107.0,1,1,1,1,1
8912,7732479,124.0,12399.999999992966,1,1,0,1.0,0.0,124.0,1,1,1,1,1
8913,7732481,102.0,10199.999999994214,1,1,0,1.0,0.0,102.0,1,1,1,1,1
8914,7732483,528.0,52799.999999970045,1,1,0,1.0,0.0,528.0,1,1,1,1,1
8915,7732485,238.0,23799.9999999865,1,1,0,1.0,0.0,238.0,1,1,1,1,1
8916,7732487,45.0,4499.999999997447,1,1,0,1.0,0.0,45.0,1,1,1,1,1
8917,7732491,46.0,4599.999999997391,1,1,0,1.0,0.0,46.0,1,1,1,1,1
8918,7732493,395.0,39499.99999997759,1,1,0,1.0,0.0,395.0,1,1,1,1,1
8919,7732497,103.0,10299.999999994157,1,1,0,1.0,0.0,103.0,1,1,1,1,1
8920,7732501,393.0,39299.99999997771,1,1,0,1.0,0.0,393.0,1,1,1,1,1
8921,7732503,619.0,61899.999999964886,1,1,0,1.0,0.0,619.0,1,1,1,1,1
8922,7732505,38.0,3799.9999999978445,1,1,0,1.0,0.0,38.0,1,1,1,1,1
8923,7732511,194.0,19399.999999988995,1,1,0,1.0,0.0,194.0,1,1,1,1,1
8924,7732515,427.0,42699.99999997578,1,1,0,1.0,0.0,427.0,1,1,1,1,1
8925,7732519,517.0,51699.99999997067,1,1,0,1.0,0.0,517.0,1,1,1,1,1
8926,7732531,1085.0,108499.99999993845,1,1,0,1.0,0.0,1085.0,1,1,1,1,1
8927,7732535,277.0,27699.999999984288,1,1,0,1.0,0.0,277.0,1,1,1,1,1
8928,7732539,345.0,34499.99999998043,1,1,0,1.0,0.0,345.0,1,1,1,1,1
8929,7732541,769.0,76899.99999995637,1,1,0,1.0,0.0,769.0,1,1,1,1,1
8930,7732545,209.0,20899.999999988144,1,1,0,1.0,0.0,209.0,1,1,1,1,1
8931,7732553,3.0,299.9999999998298,1,1,0,1.0,0.0,3.0,1,1,1,1,1
8932,7732555,64.0,6399.999999996369,1,1,0,1.0,0.0,64.0,1,1,1,1,1
8933,7732559,368.0,36799.999999979125,1,1,0,1.0,0.0,368.0,1,1,1,1,1
8934,7732561,219.0,21899.999999987576,1,1,0,1.0,0.0,219.0,1,1,1,1,1
8935,7732567,449.0,44899.99999997453,1,1,0,1.0,0.0,449.0,1,1,1,1,1
8936,7732569,50.0,4999.999999997163,1,1,0,1.0,0.0,50.0,1,1,1,1,1
8937,7732571,183.0,18299.999999989617,1,1,0,1.0,0.0,183.0,1,1,1,1,1
8938,7732575,173.0,17299.999999990185,1,1,0,1.0,0.0,173.0,1,1,1,1,1
8939,7732579,1816.0,181599.99999989697,1,1,0,1.0,0.0,1816.0,1,1,1,1,1
8940,7732585,230.0,22999.99999998695,1,1,0,1.0,0.0,230.0,1,1,1,1,1
8941,7732601,11.0,1099.999999999376,1,1,0,1.0,0.0,11.0,1,1,1,1,1
8942,7732603,40.0,3999.999999997731,1,1,0,1.0,0.0,40.0,1,1,1,1,1
8943,7732611,103.0,10299.999999994157,1,1,0,1.0,0.0,103.0,1,1,1,1,1
8944,7732615,64.0,6399.999999996369,1,1,0,1.0,0.0,64.0,1,1,1,1,1
8945,7732625,219.0,21899.999999987576,1,1,0,1.0,0.0,219.0,1,1,1,1,1
8946,7732649,29.0,2899.9999999983547,1,1,0,1.0,0.0,29.0,1,1,1,1,1
8947,7732661,503.0,50299.999999971464,1,1,0,1.0,0.0,503.0,1,1,1,1,1
8948,7732665,142.0,14199.999999991944,1,1,0,1.0,0.0,142.0,1,1,1,1,1
8949,7732671,980.0,97999.99999994441,1,1,0,1.0,0.0,980.0,1,1,1,1,1
8950,7732673,139.0,13899.999999992115,1,1,0,1.0,0.0,139.0,1,1,1,1,1
8951,7732675,523.0,52299.99999997033,1,1,0,1.0,0.0,523.0,1,1,1,1,1
8952,7732679,17.0,1699.9999999990355,1,1,0,1.0,0.0,17.0,1,1,1,1,1
8953,7732683,50.0,4999.999999997163,1,1,0,1.0,0.0,50.0,1,1,1,1,1
8954,7732687,1785.0,178499.99999989875,1,1,0,1.0,0.0,1785.0,1,1,1,1,1
8955,7732689,1193.0,119299.99999993232,1,1,0,1.0,0.0,1193.0,1,1,1,1,1
8956,7732695,1314.0,131399.99999992547,1,1,0,1.0,0.0,1314.0,1,1,1,1,1
8957,7732697,2224.0,222399.99999987383,1,1,0,1.0,0.0,2224.0,1,1,1,1,1
8958,7732701,26.0,2599.999999998525,1,1,0,1.0,0.0,26.0,1,1,1,1,1
8959,7732703,59.0,5899.999999996653,1,1,0,1.0,0.0,59.0,1,1,1,1,1
8960,7732707,642.0,64199.99999996358,1,1,0,1.0,0.0,642.0,1,1,1,1,1
8961,7732713,379.0,37899.9999999785,1,1,0,1.0,0.0,379.0,1,1,1,1,1
8962,7732725,128.0,12799.999999992739,1,1,0,1.0,0.0,128.0,1,1,1,1,1
8963,7732735,3263.0,326299.9999998149,1,1,0,1.0,0.0,3263.0,1,1,1,1,1
8964,7732737,621.0,62099.99999996477,1,1,0,1.0,0.0,621.0,1,1,1,1,1
8965,7732739,36.0,3599.9999999979577,1,1,0,1.0,0.0,36.0,1,1,1,1,1
8966,7732741,1940.0,193999.99999988996,1,1,0,1.0,0.0,1940.0,1,1,1,1,1
8967,7732749,509.0,50899.99999997112,1,1,0,1.0,0.0,509.0,1,1,1,1,1
8968,7732751,172.0,17199.999999990243,1,1,0,1.0,0.0,172.0,1,1,1,1,1
8969,7732753,904.0,90399.99999994872,1,1,0,1.0,0.0,904.0,1,1,1,1,1
8970,7732755,395.0,39499.99999997759,1,1,0,1.0,0.0,395.0,1,1,1,1,1
8971,7732757,51.0,5099.999999997107,1,1,0,1.0,0.0,51.0,1,1,1,1,1
8972,7732759,277.0,27699.999999984288,1,1,0,1.0,0.0,277.0,1,1,1,1,1
8973,7732763,458.0,45799.99999997402,1,1,0,1.0,0.0,458.0,1,1,1,1,1
8974,7732767,172.0,17199.999999990243,1,1,0,1.0,0.0,172.0,1,1,1,1,1
8975,7732773,11.0,1099.999999999376,1,1,0,1.0,0.0,11.0,1,1,1,1,1
8976,7732775,59.0,5899.999999996653,1,1,0,1.0,0.0,59.0,1,1,1,1,1
8977,7732779,9.0,899.9999999994894,1,1,0,1.0,0.0,9.0,1,1,1,1,1
8978,7732783,63.0,6299.999999996426,1,1,0,1.0,0.0,63.0,1,1,1,1,1
8979,7732785,58.0,5799.999999996709,1,1,0,1.0,0.0,58.0,1,1,1,1,1
8980,7732791,396.0,39599.99999997753,1,1,0,1.0,0.0,396.0,1,1,1,1,1
8981,7732815,168.0,16799.99999999047,1,1,0,1.0,0.0,168.0,1,1,1,1,1
8982,7732821,73.0,7299.999999995859,1,1,0,1.0,0.0,73.0,1,1,1,1,1
8983,7732833,594.0,59399.999999966305,1,1,0,1.0,0.0,594.0,1,1,1,1,1
8984,7732837,439.0,43899.999999975094,1,1,0,1.0,0.0,439.0,1,1,1,1,1
8985,7732839,611.0,61099.99999996534,1,1,0,1.0,0.0,611.0,1,1,1,1,1
8986,7732847,8.0,799.9999999995462,1,1,0,1.0,0.0,8.0,1,1,1,1,1
8987,7732853,202.0,20199.99999998854,1,1,0,1.0,0.0,202.0,1,1,1,1,1
8988,7732855,196.0,19599.999999988882,1,1,0,1.0,0.0,196.0,1,1,1,1,1
8989,7732857,44.0,4399.999999997504,1,1,0,1.0,0.0,44.0,1,1,1,1,1
8990,7732861,222.0,22199.999999987405,1,1,0,1.0,0.0,222.0,1,1,1,1,1
8991,7732869,399.0,39899.999999977364,1,1,0,1.0,0.0,399.0,1,1,1,1,1
8992,7732873,534.0,53399.9999999697,1,1,0,1.0,0.0,534.0,1,1,1,1,1
8993,7732883,43.0,4299.999999997561,1,1,0,1.0,0.0,43.0,1,1,1,1,1
8994,7732899,668.0,66799.9999999621,1,1,0,1.0,0.0,668.0,1,1,1,1,1
8995,7732901,294.0,29399.99999998332,1,1,0,1.0,0.0,294.0,1,1,1,1,1
8996,7732925,61.0,6099.999999996539,1,1,0,1.0,0.0,61.0,1,1,1,1,1
8997,7732927,306.0,30599.99999998264,1,1,0,1.0,0.0,306.0,1,1,1,1,1
8998,7732929,40.0,3999.999999997731,1,1,0,1.0,0.0,40.0,1,1,1,1,1
8999,7732937,249.0,24899.999999985874,1,1,0,1.0,0.0,249.0,1,1,1,1,1
9000,7732941,29.0,2899.9999999983547,1,1,0,1.0,0.0,29.0,1,1,1,1,1
9001,7732955,136.0,13599.999999992284,1,1,0,1.0,0.0,136.0,1,1,1,1,1
9002,7732957,148.0,14799.999999991604,1,1,0,1.0,0.0,148.0,1,1,1,1,1
9003,7732965,18.0,1799.9999999989789,1,1,0,1.0,0.0,18.0,1,1,1,1,1
9004,7732981,138.0,13799.999999992171,1,1,0,1.0,0.0,138.0,1,1,1,1,1
9005,7733001,7.0,699.9999999996029,1,1,0,1.0,0.0,7.0,1,1,1,1,1
9006,7733007,104.0,10399.9999999941,1,1,0,1.0,0.0,104.0,1,1,1,1,1
9007,7733017,81.0,8099.999999995405,1,1,0,1.0,0.0,81.0,1,1,1,1,1
9008,7733019,17.0,1699.9999999990355,1,1,0,1.0,0.0,17.0,1,1,1,1,1
9009,7733021,4.0,399.9999999997731,1,1,0,1.0,0.0,4.0,1,1,1,1,1
9010,7733045,201.0,20099.9999999886,1,1,0,1.0,0.0,201.0,1,1,1,1,1
9011,7733067,670.0,66999.99999996199,1,1,0,1.0,0.0,670.0,1,1,1,1,1
9012,7733071,1614.0,161399.99999990844,1,1,0,1.0,0.0,1614.0,1,1,1,1,1
9013,7733085,281.0,28099.99999998406,1,1,0,1.0,0.0,281.0,1,1,1,1,1
9014,7733099,16.0,1599.9999999990923,1,1,0,1.0,0.0,16.0,1,1,1,1,1
9015,7733181,130.0,12999.999999992626,1,1,0,1.0,0.0,130.0,1,1,1,1,1
9016,7733183,66.0,6599.999999996256,1,1,0,1.0,0.0,66.0,1,1,1,1,1
9017,7733189,462.0,46199.99999997379,1,1,0,1.0,0.0,462.0,1,1,1,1,1
9018,7733191,424.0,42399.999999975946,1,1,0,1.0,0.0,424.0,1,1,1,1,1
9019,7733201,109.0,10899.999999993817,1,1,0,1.0,0.0,109.0,1,1,1,1,1
9020,7733203,2540.0,253999.9999998559,1,1,0,1.0,0.0,2540.0,1,1,1,1,1
9021,7733211,4.0,399.9999999997731,1,1,0,1.0,0.0,4.0,1,1,1,1,1
9022,7733227,464.0,46399.999999973676,1,1,0,1.0,0.0,464.0,1,1,1,1,1
9023,7733239,124.0,12399.999999992966,1,1,0,1.0,0.0,124.0,1,1,1,1,1
9024,7733241,101.0,10099.99999999427,1,1,0,1.0,0.0,101.0,1,1,1,1,1
9025,7733243,97.0,9699.999999994498,1,1,0,1.0,0.0,97.0,1,1,1,1,1
9026,7733245,141.0,14099.999999992002,1,1,0,1.0,0.0,141.0,1,1,1,1,1
9027,7733249,221.0,22099.999999987464,1,1,0,1.0,0.0,221.0,1,1,1,1,1
9028,7733251,3.0,299.9999999998298,1,1,0,1.0,0.0,3.0,1,1,1,1,1
9029,7733253,67.0,6699.999999996199,1,1,0,1.0,0.0,67.0,1,1,1,1,1
9030,7733257,164.0,16399.999999990698,1,1,0,1.0,0.0,164.0,1,1,1,1,1
9031,7733261,78.0,7799.999999995575,1,1,0,1.0,0.0,78.0,1,1,1,1,1
9032,7733263,30.0,2999.9999999982983,1,1,0,1.0,0.0,30.0,1,1,1,1,1
9033,7733265,92.0,9199.999999994781,1,1,0,1.0,0.0,92.0,1,1,1,1,1
9034,7733277,1074.0,107399.99999993907,1,1,0,1.0,0.0,1074.0,1,1,1,1,1
9035,7733279,1205.0,120499.99999993164,1,1,0,1.0,0.0,1205.0,1,1,1,1,1
9036,7733285,540.0,53999.99999996937,1,1,0,1.0,0.0,540.0,1,1,1,1,1
9037,7733289,83.0,8299.99999999529,1,1,0,1.0,0.0,83.0,1,1,1,1,1
9038,7733291,6.0,599.9999999996596,1,1,0,1.0,0.0,6.0,1,1,1,1,1
9039,7733293,407.0,40699.99999997691,1,1,0,1.0,0.0,407.0,1,1,1,1,1
9040,7733295,105.0,10499.999999994043,1,1,0,1.0,0.0,105.0,1,1,1,1,1
9041,7733297,74.0,7399.999999995802,1,1,0,1.0,0.0,74.0,1,1,1,1,1
9042,7733309,320.0,31999.999999981846,1,1,0,1.0,0.0,320.0,1,1,1,1,1
9043,7733311,40.0,3999.999999997731,1,1,0,1.0,0.0,40.0,1,1,1,1,1
9044,7733313,88.0,8799.999999995009,1,1,0,1.0,0.0,88.0,1,1,1,1,1
9045,7733315,100.0,9999.999999994327,1,1,0,1.0,0.0,100.0,1,1,1,1,1
9046,7733317,65.0,6499.999999996313,1,1,0,1.0,0.0,65.0,1,1,1,1,1
9047,7733319,1213.0,121299.99999993118,1,1,0,1.0,0.0,1213.0,1,1,1,1,1
9048,7733323,536.0,53599.999999969594,1,1,0,1.0,0.0,536.0,1,1,1,1,1
9049,7733325,945.0,94499.99999994639,1,1,0,1.0,0.0,945.0,1,1,1,1,1
9050,7733327,15.0,1499.9999999991492,1,1,0,1.0,0.0,15.0,1,1,1,1,1
9051,7733329,206.0,20599.999999988315,1,1,0,1.0,0.0,206.0,1,1,1,1,1
9052,7733333,431.0,43099.99999997555,1,1,0,1.0,0.0,431.0,1,1,1,1,1
9053,7733335,476.0,47599.999999973,1,1,0,1.0,0.0,476.0,1,1,1,1,1
9054,7733339,641.0,64099.999999963635,1,1,0,1.0,0.0,641.0,1,1,1,1,1
9055,7733343,93.0,9299.999999994725,1,1,0,1.0,0.0,93.0,1,1,1,1,1
9056,7733367,158.0,15799.999999991036,1,1,0,1.0,0.0,158.0,1,1,1,1,1
9057,7733373,118.0,11799.999999993306,1,1,0,1.0,0.0,118.0,1,1,1,1,1
9058,7733415,11.0,1099.999999999376,1,1,0,1.0,0.0,11.0,1,1,1,1,1
9059,7733419,70.0,6999.999999996029,1,1,0,1.0,0.0,70.0,1,1,1,1,1
9060,7733425,86.0,8599.999999995121,1,1,0,1.0,0.0,86.0,1,1,1,1,1
9061,7733435,9.0,899.9999999994894,1,1,0,1.0,0.0,9.0,1,1,1,1,1
9062,7733445,27.0,2699.9999999984684,1,1,0,1.0,0.0,27.0,1,1,1,1,1
9063,7733451,49.0,4899.999999997221,1,1,0,1.0,0.0,49.0,1,1,1,1,1
9064,7733461,219.0,21899.999999987576,1,1,0,1.0,0.0,219.0,1,1,1,1,1
9065,7733465,61.0,6099.999999996539,1,1,0,1.0,0.0,61.0,1,1,1,1,1
9066,7733491,6.0,599.9999999996596,1,1,0,1.0,0.0,6.0,1,1,1,1,1
9067,7733495,95.0,9499.99999999461,1,1,0,1.0,0.0,95.0,1,1,1,1,1
9068,7733515,83.0,8299.99999999529,1,1,0,1.0,0.0,83.0,1,1,1,1,1
9069,7733533,168.0,16799.99999999047,1,1,0,1.0,0.0,168.0,1,1,1,1,1
9070,7733553,703.0,70299.99999996011,1,1,0,1.0,0.0,703.0,1,1,1,1,1
9071,7733571,386.0,38599.9999999781,1,1,0,1.0,0.0,386.0,1,1,1,1,1
9072,7733591,68.0,6799.999999996142,1,1,0,1.0,0.0,68.0,1,1,1,1,1
9073,7733599,6.0,599.9999999996596,1,1,0,1.0,0.0,6.0,1,1,1,1,1
9074,7733607,1226.0,122599.99999993046,1,1,0,1.0,0.0,1226.0,1,1,1,1,1
9075,7733609,26.0,2599.999999998525,1,1,0,1.0,0.0,26.0,1,1,1,1,1
9076,7733611,4.0,399.9999999997731,1,1,0,1.0,0.0,4.0,1,1,1,1,1
9077,7733613,126.0,12599.999999992851,1,1,0,1.0,0.0,126.0,1,1,1,1,1
9078,7733615,128.0,12799.999999992739,1,1,0,1.0,0.0,128.0,1,1,1,1,1
9079,7733617,386.0,38599.9999999781,1,1,0,1.0,0.0,386.0,1,1,1,1,1
9080,7733629,21.0,2099.9999999988086,1,1,0,1.0,0.0,21.0,1,1,1,1,1
9081,7733631,109.0,10899.999999993817,1,1,0,1.0,0.0,109.0,1,1,1,1,1
9082,7733635,2364.0,236399.9999998659,1,1,0,1.0,0.0,2364.0,1,1,1,1,1
9083,7733645,3.0,299.9999999998298,1,1,0,1.0,0.0,3.0,1,1,1,1,1
9084,7733651,16.0,1599.9999999990923,1,1,0,1.0,0.0,16.0,1,1,1,1,1
9085,7733655,121.0,12099.999999993135,1,1,0,1.0,0.0,121.0,1,1,1,1,1
9086,7733661,26.0,2599.999999998525,1,1,0,1.0,0.0,26.0,1,1,1,1,1
9087,7733663,54.0,5399.999999996937,1,1,0,1.0,0.0,54.0,1,1,1,1,1
9088,7733665,391.0,39099.999999977816,1,1,0,1.0,0.0,391.0,1,1,1,1,1
9089,7733667,12.0,1199.9999999993192,1,1,0,1.0,0.0,12.0,1,1,1,1,1
9090,7733671,98.0,9799.999999994441,1,1,0,1.0,0.0,98.0,1,1,1,1,1
9091,7733679,941.0,94099.99999994662,1,1,0,1.0,0.0,941.0,1,1,1,1,1
9092,7733681,1.0,99.99999999994327,1,1,0,1.0,0.0,1.0,1,1,1,1,1
9093,7733683,6.0,599.9999999996596,1,1,0,1.0,0.0,6.0,1,1,1,1,1
9094,7733685,9.0,899.9999999994894,1,1,0,1.0,0.0,9.0,1,1,1,1,1
9095,7733689,87.0,8699.999999995065,1,1,0,1.0,0.0,87.0,1,1,1,1,1
9096,7733691,243.0,24299.999999986216,1,1,0,1.0,0.0,243.0,1,1,1,1,1
9097,7733695,203.0,20299.999999988482,1,1,0,1.0,0.0,203.0,1,1,1,1,1
9098,7733709,15.0,1499.9999999991492,1,1,0,1.0,0.0,15.0,1,1,1,1,1
9099,7733711,41.0,4099.999999997674,1,1,0,1.0,0.0,41.0,1,1,1,1,1
9100,7733725,15.0,1499.9999999991492,1,1,0,1.0,0.0,15.0,1,1,1,1,1
9101,7733737,134.0,13399.999999992398,1,1,0,1.0,0.0,134.0,1,1,1,1,1
9102,7733739,315.0,31499.99999998213,1,1,0,1.0,0.0,315.0,1,1,1,1,1
9103,7733749,25.0,2499.9999999985816,1,1,0,1.0,0.0,25.0,1,1,1,1,1
9104,7733751,55.0,5499.9999999968795,1,1,0,1.0,0.0,55.0,1,1,1,1,1
9105,7733761,6.0,599.9999999996596,1,1,0,1.0,0.0,6.0,1,1,1,1,1
9106,7733765,77.0,7699.999999995632,1,1,0,1.0,0.0,77.0,1,1,1,1,1
9107,7733783,1.0,99.99999999994327,1,1,0,1.0,0.0,1.0,1,1,1,1,1
9108,7733787,167.0,16699.999999990527,1,1,0,1.0,0.0,167.0,1,1,1,1,1
9109,7733793,404.0,40399.99999997708,1,1,0,1.0,0.0,404.0,1,1,1,1,1
9110,7733809,861.0,86099.99999995115,1,1,0,1.0,0.0,861.0,1,1,1,1,1
9111,7733815,184.0,18399.999999989563,1,1,0,1.0,0.0,184.0,1,1,1,1,1
9112,7733817,89.0,8899.99999999495,1,1,0,1.0,0.0,89.0,1,1,1,1,1
9113,7733819,136.0,13599.999999992284,1,1,0,1.0,0.0,136.0,1,1,1,1,1
9114,7733823,34.0,3399.999999998071,1,1,0,1.0,0.0,34.0,1,1,1,1,1
9115,7733853,271.0,27099.999999984626,1,1,0,1.0,0.0,271.0,1,1,1,1,1
9116,7733863,100.0,9999.999999994327,1,1,0,1.0,0.0,100.0,1,1,1,1,1
9117,7733871,16.0,1599.9999999990923,1,1,0,1.0,0.0,16.0,1,1,1,1,1
9118,7733877,33.0,3299.999999998128,1,1,0,1.0,0.0,33.0,1,1,1,1,1
9119,7733879,66.0,6599.999999996256,1,1,0,1.0,0.0,66.0,1,1,1,1,1
9120,7733889,46.0,4599.999999997391,1,1,0,1.0,0.0,46.0,1,1,1,1,1
9121,7733915,78.0,7799.999999995575,1,1,0,1.0,0.0,78.0,1,1,1,1,1
9122,7733919,1458.0,145799.9999999173,1,1,0,1.0,0.0,1458.0,1,1,1,1,1
9123,7733935,25.0,2499.9999999985816,1,1,0,1.0,0.0,25.0,1,1,1,1,1
9124,7733943,3.0,299.9999999998298,1,1,0,1.0,0.0,3.0,1,1,1,1,1
9125,7733947,841.0,84099.99999995228,1,1,0,1.0,0.0,841.0,1,1,1,1,1
9126,7733957,2.0,199.99999999988654,1,1,0,1.0,0.0,2.0,1,1,1,1,1
9127,7733969,51.0,5099.999999997107,1,1,0,1.0,0.0,51.0,1,1,1,1,1
9128,7733979,53.0,5299.999999996993,1,1,0,1.0,0.0,53.0,1,1,1,1,1
9129,7733989,35.0,3499.9999999980146,1,1,0,1.0,0.0,35.0,1,1,1,1,1
9130,7733991,11.0,1099.999999999376,1,1,0,1.0,0.0,11.0,1,1,1,1,1
9131,7733997,6.0,599.9999999996596,1,1,0,1.0,0.0,6.0,1,1,1,1,1
9132,7734013,1032.0,103199.99999994146,1,1,0,1.0,0.0,1032.0,1,1,1,1,1
9133,7734015,193.0,19299.99999998905,1,1,0,1.0,0.0,193.0,1,1,1,1,1
9134,7734045,15.0,1499.9999999991492,1,1,0,1.0,0.0,15.0,1,1,1,1,1
9135,7734047,98.0,9799.999999994441,1,1,0,1.0,0.0,98.0,1,1,1,1,1
9136,7734063,3.0,299.9999999998298,1,1,0,1.0,0.0,3.0,1,1,1,1,1
9137,7734067,106.0,10599.999999993986,1,1,0,1.0,0.0,106.0,1,1,1,1,1
9138,7734087,34.0,3399.999999998071,1,1,0,1.0,0.0,34.0,1,1,1,1,1
9139,7734093,33.0,3299.999999998128,1,1,0,1.0,0.0,33.0,1,1,1,1,1
9140,7734095,746.0,74599.99999995768,1,1,0,1.0,0.0,746.0,1,1,1,1,1
9141,7734133,616.0,61599.99999996505,1,1,0,1.0,0.0,616.0,1,1,1,1,1
9142,7734135,79.0,7899.999999995518,1,1,0,1.0,0.0,79.0,1,1,1,1,1
9143,7734137,39.0,3899.9999999977877,1,1,0,1.0,0.0,39.0,1,1,1,1,1
9144,7734147,8.0,799.9999999995462,1,1,0,1.0,0.0,8.0,1,1,1,1,1
9145,7734159,43.0,4299.999999997561,1,1,0,1.0,0.0,43.0,1,1,1,1,1
9146,7734175,3.0,299.9999999998298,1,1,0,1.0,0.0,3.0,1,1,1,1,1
9147,7734177,31.0,3099.9999999982415,1,1,0,1.0,0.0,31.0,1,1,1,1,1
9148,7734183,215.0,21499.999999987802,1,1,0,1.0,0.0,215.0,1,1,1,1,1
9149,7734217,291.0,29099.99999998349,1,1,0,1.0,0.0,291.0,1,1,1,1,1
9150,7734263,5123.0,512299.99999970937,1,1,0,1.0,0.0,5123.0,1,1,1,1,1
9151,7734271,123.0,12299.999999993022,1,1,0,1.0,0.0,123.0,1,1,1,1,1
9152,7734273,145.0,14499.999999991775,1,1,0,1.0,0.0,145.0,1,1,1,1,1
9153,7734277,34.0,3399.999999998071,1,1,0,1.0,0.0,34.0,1,1,1,1,1
9154,7734279,508.0,50799.99999997118,1,1,0,1.0,0.0,508.0,1,1,1,1,1
9155,7734283,117.0,11699.999999993363,1,1,0,1.0,0.0,117.0,1,1,1,1,1
9156,7734285,758.0,75799.999999957,1,1,0,1.0,0.0,758.0,1,1,1,1,1
9157,7734287,150.0,14999.99999999149,1,1,0,1.0,0.0,150.0,1,1,1,1,1
9158,7734289,159.0,15899.99999999098,1,1,0,1.0,0.0,159.0,1,1,1,1,1
9159,7734291,481.0,48099.999999972715,1,1,0,1.0,0.0,481.0,1,1,1,1,1
9160,7734293,292.0,29199.999999983436,1,1,0,1.0,0.0,292.0,1,1,1,1,1
9161,7734297,2184.0,218399.9999998761,1,1,0,1.0,0.0,2184.0,1,1,1,1,1
9162,7734299,190.0,18999.99999998922,1,1,0,1.0,0.0,190.0,1,1,1,1,1
9163,7734305,41.0,4099.999999997674,1,1,0,1.0,0.0,41.0,1,1,1,1,1
9164,7734311,23.0,2299.9999999986953,1,1,0,1.0,0.0,23.0,1,1,1,1,1
9165,7734319,73.0,7299.999999995859,1,1,0,1.0,0.0,73.0,1,1,1,1,1
9166,7734323,14.0,1399.9999999992058,1,1,0,1.0,0.0,14.0,1,1,1,1,1
9167,7734333,302.0,30199.99999998287,1,1,0,1.0,0.0,302.0,1,1,1,1,1
9168,7734343,165.0,16499.99999999064,1,1,0,1.0,0.0,165.0,1,1,1,1,1
9169,7734369,287.0,28699.99999998372,1,1,0,1.0,0.0,287.0,1,1,1,1,1
9170,7734397,312.0,31199.9999999823,1,1,0,1.0,0.0,312.0,1,1,1,1,1
9171,7734401,15.0,1499.9999999991492,1,1,0,1.0,0.0,15.0,1,1,1,1,1
9172,7734425,9.0,899.9999999994894,1,1,0,1.0,0.0,9.0,1,1,1,1,1
9173,7734431,25.0,2499.9999999985816,1,1,0,1.0,0.0,25.0,1,1,1,1,1
9174,7734439,566.0,56599.99999996789,1,1,0,1.0,0.0,566.0,1,1,1,1,1
9175,7734457,172.0,17199.999999990243,1,1,0,1.0,0.0,172.0,1,1,1,1,1
9176,7734465,129.0,12899.999999992682,1,1,0,1.0,0.0,129.0,1,1,1,1,1
9177,7734471,11.0,1099.999999999376,1,1,0,1.0,0.0,11.0,1,1,1,1,1
9178,7737521,300.0,29999.99999998298,1,1,0,1.0,0.0,300.0,1,1,1,1,1
9179,7737537,99.0,9899.999999994383,1,1,0,1.0,0.0,99.0,1,1,1,1,1
9180,9325926,157.0,15699.999999991094,1,1,0,1.0,0.0,157.0,1,1,1,1,1
9181,9325930,1190.0,118999.9999999325,1,1,0,1.0,0.0,1190.0,1,1,1,1,1
9182,9325932,669.0,66899.99999996205,1,1,0,1.0,0.0,669.0,1,1,1,1,1
9183,9325934,34.0,3399.999999998071,1,1,0,1.0,0.0,34.0,1,1,1,1,1
9184,9325936,2837.0,283699.99999983906,1,1,0,1.0,0.0,2837.0,1,1,1,1,1
9185,9325938,205.0,20499.99999998837,1,1,0,1.0,0.0,205.0,1,1,1,1,1
9186,9325940,416.0,41599.9999999764,1,1,0,1.0,0.0,416.0,1,1,1,1,1
9187,9325960,3504.0,350399.9999998012,1,1,0,1.0,0.0,3504.0,1,1,1,1,1
9188,9325962,1387.0,138699.9999999213,1,1,0,1.0,0.0,1387.0,1,1,1,1,1
9189,9325980,1426.0,142599.9999999191,1,1,0,1.0,0.0,1426.0,1,1,1,1,1
9190,9325984,1410.0,140999.99999992002,1,1,0,1.0,0.0,1410.0,1,1,1,1,1
9191,9325986,369.0,36899.99999997907,1,1,0,1.0,0.0,369.0,1,1,1,1,1
9192,9325988,100.0,9999.999999994327,1,1,0,1.0,0.0,100.0,1,1,1,1,1
9193,9326020,1366.0,136599.9999999225,1,1,0,1.0,0.0,1366.0,1,1,1,1,1
9194,9326024,348.0,34799.99999998026,1,1,0,1.0,0.0,348.0,1,1,1,1,1
9195,9326026,216.0,21599.999999987747,1,1,0,1.0,0.0,216.0,1,1,1,1,1
9196,9326028,1284.0,128399.99999992715,1,1,0,1.0,0.0,1284.0,1,1,1,1,1
9197,9326114,1353.0,135299.99999992325,1,1,0,1.0,0.0,1353.0,1,1,1,1,1
9198,9326116,308.0,30799.999999982527,1,1,0,1.0,0.0,308.0,1,1,1,1,1
9199,9326120,386.0,38599.9999999781,1,1,0,1.0,0.0,386.0,1,1,1,1,1
9200,9326122,2818.0,281799.99999984016,1,1,0,1.0,0.0,2818.0,1,1,1,1,1
9201,9326126,764.0,76399.99999995666,1,1,0,1.0,0.0,764.0,1,1,1,1,1
9202,9326128,1376.0,137599.99999992194,1,1,0,1.0,0.0,1376.0,1,1,1,1,1
9203,9326130,348.0,34799.99999998026,1,1,0,1.0,0.0,348.0,1,1,1,1,1
9204,9326132,5189.0,518899.99999970564,1,1,0,1.0,0.0,5189.0,1,1,1,1,1
9205,9326134,1636.0,163599.9999999072,1,1,0,1.0,0.0,1636.0,1,1,1,1,1
9206,9326136,3393.0,339299.9999998075,1,1,0,1.0,0.0,3393.0,1,1,1,1,1
9207,9326138,289.0,28899.999999983604,1,1,0,1.0,0.0,289.0,1,1,1,1,1
9208,9326142,1372.0,137199.99999992218,1,1,0,1.0,0.0,1372.0,1,1,1,1,1
9209,9326144,528.0,52799.999999970045,1,1,0,1.0,0.0,528.0,1,1,1,1,1
9210,9326146,817.0,81699.99999995365,1,1,0,1.0,0.0,817.0,1,1,1,1,1
9211,9326148,1703.0,170299.99999990338,1,1,0,1.0,0.0,1703.0,1,1,1,1,1
9212,9326150,283.0,28299.999999983946,1,1,0,1.0,0.0,283.0,1,1,1,1,1
9213,9326152,199.0,19899.99999998871,1,1,0,1.0,0.0,199.0,1,1,1,1,1
9214,9326156,797.0,79699.99999995479,1,1,0,1.0,0.0,797.0,1,1,1,1,1
9215,9326158,1060.0,105999.99999993987,1,1,0,1.0,0.0,1060.0,1,1,1,1,1
9216,9326188,417.0,41699.999999976346,1,1,0,1.0,0.0,417.0,1,1,1,1,1
9217,9326190,3519.0,351899.99999980035,1,1,0,1.0,0.0,3519.0,1,1,1,1,1
9218,9326192,1310.0,130999.99999992568,1,1,0,1.0,0.0,1310.0,1,1,1,1,1
9219,9326194,2121.0,212099.99999987968,1,1,0,1.0,0.0,2121.0,1,1,1,1,1
9220,9326196,4272.0,427199.9999997576,1,1,0,1.0,0.0,4272.0,1,1,1,1,1
9221,9326198,2445.0,244499.9999998613,1,1,0,1.0,0.0,2445.0,1,1,1,1,1
9222,9326204,62.0,6199.999999996483,1,1,0,1.0,0.0,62.0,1,1,1,1,1
9223,9326206,2909.0,290899.999999835,1,1,0,1.0,0.0,2909.0,1,1,1,1,1
9224,9326210,7.0,699.9999999996029,1,1,0,1.0,0.0,7.0,1,1,1,1,1
9225,9326214,685.0,68499.99999996115,1,1,0,1.0,0.0,685.0,1,1,1,1,1
9226,9326220,2314.0,231399.99999986874,1,1,0,1.0,0.0,2314.0,1,1,1,1,1
9227,9326222,350.0,34999.999999980144,1,1,0,1.0,0.0,350.0,1,1,1,1,1
9228,9326224,12685.0,1268499.9999992803,1,1,0,1.0,0.0,12685.0,1,1,1,1,1
9229,9326228,7.0,699.9999999996029,1,1,0,1.0,0.0,7.0,1,1,1,1,1
9230,9326234,375.0,37499.999999978725,1,1,0,1.0,0.0,375.0,1,1,1,1,1
9231,9326236,350.0,34999.999999980144,1,1,0,1.0,0.0,350.0,1,1,1,1,1
9232,9326238,55.0,5499.9999999968795,1,1,0,1.0,0.0,55.0,1,1,1,1,1
9233,9326240,9.0,899.9999999994894,1,1,0,1.0,0.0,9.0,1,1,1,1,1
9234,9326242,1216.0,121599.99999993102,1,1,0,1.0,0.0,1216.0,1,1,1,1,1
9235,9326304,18.0,1799.9999999989789,1,1,0,1.0,0.0,18.0,1,1,1,1,1
9236,9326306,155.0,15499.999999991207,1,1,0,1.0,0.0,155.0,1,1,1,1,1
9237,9326312,45.0,4499.999999997447,1,1,0,1.0,0.0,45.0,1,1,1,1,1
9238,9326314,320.0,31999.999999981846,1,1,0,1.0,0.0,320.0,1,1,1,1,1
9239,9326332,45.0,4499.999999997447,1,1,0,1.0,0.0,45.0,1,1,1,1,1
9240,9326338,329.0,32899.99999998134,1,1,0,1.0,0.0,329.0,1,1,1,1,1
9241,9326340,54.0,5399.999999996937,1,1,0,1.0,0.0,54.0,1,1,1,1,1
9242,9326342,138.0,13799.999999992171,1,1,0,1.0,0.0,138.0,1,1,1,1,1
9243,9326344,479.0,47899.999999972824,1,1,0,1.0,0.0,479.0,1,1,1,1,1
9244,9326346,14.0,1399.9999999992058,1,1,0,1.0,0.0,14.0,1,1,1,1,1
9245,9326348,873.0,87299.99999995048,1,1,0,1.0,0.0,873.0,1,1,1,1,1
9246,9326350,299.0,29899.999999983036,1,1,0,1.0,0.0,299.0,1,1,1,1,1
9247,9326352,510.0,50999.99999997107,1,1,0,1.0,0.0,510.0,1,1,1,1,1
9248,9326354,3430.0,342999.9999998054,1,1,0,1.0,0.0,3430.0,1,1,1,1,1
9249,9326356,589.0,58899.99999996659,1,1,0,1.0,0.0,589.0,1,1,1,1,1
9250,9326358,803.0,80299.99999995445,1,1,0,1.0,0.0,803.0,1,1,1,1,1
9251,9326360,266.0,26599.99999998491,1,1,0,1.0,0.0,266.0,1,1,1,1,1
9252,9326362,55.0,5499.9999999968795,1,1,0,1.0,0.0,55.0,1,1,1,1,1
9253,9326366,1219.0,121899.99999993085,1,1,0,1.0,0.0,1219.0,1,1,1,1,1
9254,9326368,212.0,21199.999999987973,1,1,0,1.0,0.0,212.0,1,1,1,1,1
9255,9326370,64.0,6399.999999996369,1,1,0,1.0,0.0,64.0,1,1,1,1,1
9256,9326372,764.0,76399.99999995666,1,1,0,1.0,0.0,764.0,1,1,1,1,1
9257,9326376,232.0,23199.999999986838,1,1,0,1.0,0.0,232.0,1,1,1,1,1
9258,9326378,295.0,29499.999999983265,1,1,0,1.0,0.0,295.0,1,1,1,1,1
9259,9326430,2499.0,249899.99999985824,1,1,0,1.0,0.0,2499.0,1,1,1,1,1
9260,9326434,372.0,37199.9999999789,1,1,0,1.0,0.0,372.0,1,1,1,1,1
9261,9326438,2688.0,268799.9999998475,1,1,0,1.0,0.0,2688.0,1,1,1,1,1
9262,9326710,854.0,85399.99999995156,1,1,0,1.0,0.0,854.0,1,1,1,1,1
9263,9326712,83.0,8299.99999999529,1,1,0,1.0,0.0,83.0,1,1,1,1,1
9264,9326714,94.0,9399.999999994667,1,1,0,1.0,0.0,94.0,1,1,1,1,1
9265,9326716,1155.0,115499.99999993447,1,1,0,1.0,0.0,1155.0,1,1,1,1,1
9266,9326718,211.0,21099.99999998803,1,1,0,1.0,0.0,211.0,1,1,1,1,1
9267,9326722,473.0,47299.999999973166,1,1,0,1.0,0.0,473.0,1,1,1,1,1
9268,9326724,1235.0,123499.99999992993,1,1,0,1.0,0.0,1235.0,1,1,1,1,1
9269,9326726,2389.0,238899.99999986446,1,1,0,1.0,0.0,2389.0,1,1,1,1,1
9270,9326728,449.0,44899.99999997453,1,1,0,1.0,0.0,449.0,1,1,1,1,1
9271,9326730,5.0,499.99999999971635,1,1,0,1.0,0.0,5.0,1,1,1,1,1
9272,9326732,750.0,74999.99999995745,1,1,0,1.0,0.0,750.0,1,1,1,1,1
9273,9326736,149.0,14899.999999991547,1,1,0,1.0,0.0,149.0,1,1,1,1,1
9274,9326738,142.0,14199.999999991944,1,1,0,1.0,0.0,142.0,1,1,1,1,1
9275,9326740,208.0,20799.9999999882,1,1,0,1.0,0.0,208.0,1,1,1,1,1
9276,9326742,963.0,96299.99999994537,1,1,0,1.0,0.0,963.0,1,1,1,1,1
9277,9326744,688.0,68799.99999996097,1,1,0,1.0,0.0,688.0,1,1,1,1,1
9278,9326746,670.0,66999.99999996199,1,1,0,1.0,0.0,670.0,1,1,1,1,1
9279,9326752,178.0,17799.9999999899,1,1,0,1.0,0.0,178.0,1,1,1,1,1
9280,9326754,105.0,10499.999999994043,1,1,0,1.0,0.0,105.0,1,1,1,1,1
9281,9326762,1062.0,106199.99999993976,1,1,0,1.0,0.0,1062.0,1,1,1,1,1
9282,9326764,593.0,59299.999999966356,1,1,0,1.0,0.0,593.0,1,1,1,1,1
9283,9326766,14.0,1399.9999999992058,1,1,0,1.0,0.0,14.0,1,1,1,1,1
9284,9326768,963.0,96299.99999994537,1,1,0,1.0,0.0,963.0,1,1,1,1,1
9285,9326770,560.0,55999.99999996823,1,1,0,1.0,0.0,560.0,1,1,1,1,1
9286,9326772,234.0,23399.999999986725,1,1,0,1.0,0.0,234.0,1,1,1,1,1
9287,9326774,506.0,50599.999999971296,1,1,0,1.0,0.0,506.0,1,1,1,1,1
9288,9326778,865.0,86499.99999995093,1,1,0,1.0,0.0,865.0,1,1,1,1,1
9289,9326780,1496.0,149599.99999991513,1,1,0,1.0,0.0,1496.0,1,1,1,1,1
9290,9326782,794.0,79399.99999995496,1,1,0,1.0,0.0,794.0,1,1,1,1,1
9291,9326784,1841.0,184099.99999989555,1,1,0,1.0,0.0,1841.0,1,1,1,1,1
9292,9326786,2154.0,215399.9999998778,1,1,0,1.0,0.0,2154.0,1,1,1,1,1
9293,9326792,6.0,599.9999999996596,1,1,0,1.0,0.0,6.0,1,1,1,1,1
9294,9326796,330.0,32999.99999998128,1,1,0,1.0,0.0,330.0,1,1,1,1,1
9295,9326804,104.0,10399.9999999941,1,1,0,1.0,0.0,104.0,1,1,1,1,1
9296,9326806,1267.0,126699.99999992813,1,1,0,1.0,0.0,1267.0,1,1,1,1,1
9297,9326810,47.0,4699.999999997333,1,1,0,1.0,0.0,47.0,1,1,1,1,1
9298,9326812,49.0,4899.999999997221,1,1,0,1.0,0.0,49.0,1,1,1,1,1
9299,9326820,178.0,17799.9999999899,1,1,0,1.0,0.0,178.0,1,1,1,1,1
9300,9326822,348.0,34799.99999998026,1,1,0,1.0,0.0,348.0,1,1,1,1,1
9301,9326826,135.0,13499.999999992342,1,1,0,1.0,0.0,135.0,1,1,1,1,1
9302,9326828,168.0,16799.99999999047,1,1,0,1.0,0.0,168.0,1,1,1,1,1
9303,9326834,1173.0,117299.99999993345,1,1,0,1.0,0.0,1173.0,1,1,1,1,1
9304,9326836,243.0,24299.999999986216,1,1,0,1.0,0.0,243.0,1,1,1,1,1
9305,9326838,2355.0,235499.9999998664,1,1,0,1.0,0.0,2355.0,1,1,1,1,1
9306,9326842,548.0,54799.99999996891,1,1,0,1.0,0.0,548.0,1,1,1,1,1
9307,9326852,37.0,3699.999999997901,1,1,0,1.0,0.0,37.0,1,1,1,1,1
9308,9326854,48.0,4799.999999997277,1,1,0,1.0,0.0,48.0,1,1,1,1,1
9309,9326856,1496.0,149599.99999991513,1,1,0,1.0,0.0,1496.0,1,1,1,1,1
9310,9326862,735.0,73499.99999995831,1,1,0,1.0,0.0,735.0,1,1,1,1,1
9311,9326864,758.0,75799.999999957,1,1,0,1.0,0.0,758.0,1,1,1,1,1
9312,9326866,199.0,19899.99999998871,1,1,0,1.0,0.0,199.0,1,1,1,1,1
9313,9326880,286.0,28599.999999983775,1,1,0,1.0,0.0,286.0,1,1,1,1,1
9314,9326884,784.0,78399.99999995553,1,1,0,1.0,0.0,784.0,1,1,1,1,1
9315,9326888,724.0,72399.99999995893,1,1,0,1.0,0.0,724.0,1,1,1,1,1
9316,9326890,124.0,12399.999999992966,1,1,0,1.0,0.0,124.0,1,1,1,1,1
9317,9326892,75.0,7499.999999995745,1,1,0,1.0,0.0,75.0,1,1,1,1,1
9318,9326894,199.0,19899.99999998871,1,1,0,1.0,0.0,199.0,1,1,1,1,1
9319,9326896,165.0,16499.99999999064,1,1,0,1.0,0.0,165.0,1,1,1,1,1
9320,9326898,165.0,16499.99999999064,1,1,0,1.0,0.0,165.0,1,1,1,1,1
9321,9326900,149.0,14899.999999991547,1,1,0,1.0,0.0,149.0,1,1,1,1,1
9322,9326902,954.0,95399.99999994588,1,1,0,1.0,0.0,954.0,1,1,1,1,1
9323,9326904,99.0,9899.999999994383,1,1,0,1.0,0.0,99.0,1,1,1,1,1
9324,9326906,202.0,20199.99999998854,1,1,0,1.0,0.0,202.0,1,1,1,1,1
9325,9326908,280.0,27999.999999984117,1,1,0,1.0,0.0,280.0,1,1,1,1,1
9326,9326910,815.0,81499.99999995377,1,1,0,1.0,0.0,815.0,1,1,1,1,1
9327,9326912,380.0,37999.99999997844,1,1,0,1.0,0.0,380.0,1,1,1,1,1
9328,9326914,667.0,66699.99999996217,1,1,0,1.0,0.0,667.0,1,1,1,1,1
9329,9326916,192.0,19199.999999989108,1,1,0,1.0,0.0,192.0,1,1,1,1,1
9330,9326920,18.0,1799.9999999989789,1,1,0,1.0,0.0,18.0,1,1,1,1,1
9331,9326932,174.0,17399.99999999013,1,1,0,1.0,0.0,174.0,1,1,1,1,1
9332,9326934,11.0,1099.999999999376,1,1,0,1.0,0.0,11.0,1,1,1,1,1
9333,9326946,108.0,10799.999999993874,1,1,0,1.0,0.0,108.0,1,1,1,1,1
9334,9326956,24.0,2399.9999999986385,1,1,0,1.0,0.0,24.0,1,1,1,1,1
9335,9326962,18.0,1799.9999999989789,1,1,0,1.0,0.0,18.0,1,1,1,1,1
9336,9326964,27.0,2699.9999999984684,1,1,0,1.0,0.0,27.0,1,1,1,1,1
9337,9326974,108.0,10799.999999993874,1,1,0,1.0,0.0,108.0,1,1,1,1,1
9338,9326978,331.0,33099.99999998122,1,1,0,1.0,0.0,331.0,1,1,1,1,1
9339,9326980,725.0,72499.99999995888,1,1,0,1.0,0.0,725.0,1,1,1,1,1
9340,9326982,1514.0,151399.99999991411,1,1,0,1.0,0.0,1514.0,1,1,1,1,1
9341,9326984,70.0,6999.999999996029,1,1,0,1.0,0.0,70.0,1,1,1,1,1
9342,9326986,551.0,55099.99999996874,1,1,0,1.0,0.0,551.0,1,1,1,1,1
9343,9326988,90.0,8999.999999994894,1,1,0,1.0,0.0,90.0,1,1,1,1,1
9344,9326990,1107.0,110699.9999999372,1,1,0,1.0,0.0,1107.0,1,1,1,1,1
9345,9326992,315.0,31499.99999998213,1,1,0,1.0,0.0,315.0,1,1,1,1,1
9346,9326994,386.0,38599.9999999781,1,1,0,1.0,0.0,386.0,1,1,1,1,1
9347,9326996,250.0,24999.99999998582,1,1,0,1.0,0.0,250.0,1,1,1,1,1
9348,9326998,17.0,1699.9999999990355,1,1,0,1.0,0.0,17.0,1,1,1,1,1
9349,9327000,1.0,99.99999999994327,1,1,0,1.0,0.0,1.0,1,1,1,1,1
9350,9327002,167.0,16699.999999990527,1,1,0,1.0,0.0,167.0,1,1,1,1,1
9351,9327004,624.0,62399.9999999646,1,1,0,1.0,0.0,624.0,1,1,1,1,1
9352,9327006,417.0,41699.999999976346,1,1,0,1.0,0.0,417.0,1,1,1,1,1
9353,9327012,253.0,25299.999999985648,1,1,0,1.0,0.0,253.0,1,1,1,1,1
9354,9327014,871.0,87099.99999995058,1,1,0,1.0,0.0,871.0,1,1,1,1,1
9355,9327018,100.0,9999.999999994327,1,1,0,1.0,0.0,100.0,1,1,1,1,1
9356,9327020,938.0,93799.99999994678,1,1,0,1.0,0.0,938.0,1,1,1,1,1
9357,9327022,202.0,20199.99999998854,1,1,0,1.0,0.0,202.0,1,1,1,1,1
9358,9327024,15.0,1499.9999999991492,1,1,0,1.0,0.0,15.0,1,1,1,1,1
9359,9327026,39.0,3899.9999999977877,1,1,0,1.0,0.0,39.0,1,1,1,1,1
9360,9327028,1154.0,115399.99999993453,1,1,0,1.0,0.0,1154.0,1,1,1,1,1
9361,9327030,987.0,98699.999999944,1,1,0,1.0,0.0,987.0,1,1,1,1,1
9362,9327032,902.0,90199.99999994884,1,1,0,1.0,0.0,902.0,1,1,1,1,1
9363,9327034,1339.0,133899.99999992404,1,1,0,1.0,0.0,1339.0,1,1,1,1,1
9364,9327042,1482.0,148199.99999991592,1,1,0,1.0,0.0,1482.0,1,1,1,1,1
9365,9327050,263.0,26299.99999998508,1,1,0,1.0,0.0,263.0,1,1,1,1,1
9366,9327052,96.0,9599.999999994554,1,1,0,1.0,0.0,96.0,1,1,1,1,1
9367,9327054,16.0,1599.9999999990923,1,1,0,1.0,0.0,16.0,1,1,1,1,1
9368,9327058,2900.0,289999.9999998355,1,1,0,1.0,0.0,2900.0,1,1,1,1,1
9369,9327060,580.0,57999.9999999671,1,1,0,1.0,0.0,580.0,1,1,1,1,1
9370,9327062,221.0,22099.999999987464,1,1,0,1.0,0.0,221.0,1,1,1,1,1
9371,9327064,1308.0,130799.9999999258,1,1,0,1.0,0.0,1308.0,1,1,1,1,1
9372,9327066,305.0,30499.999999982698,1,1,0,1.0,0.0,305.0,1,1,1,1,1
9373,9327068,645.0,64499.99999996341,1,1,0,1.0,0.0,645.0,1,1,1,1,1
9374,9327070,594.0,59399.999999966305,1,1,0,1.0,0.0,594.0,1,1,1,1,1
9375,9327072,265.0,26499.999999984968,1,1,0,1.0,0.0,265.0,1,1,1,1,1
9376,9327074,21.0,2099.9999999988086,1,1,0,1.0,0.0,21.0,1,1,1,1,1
9377,9327078,171.0,17099.999999990298,1,1,0,1.0,0.0,171.0,1,1,1,1,1
9378,9327084,3.0,299.9999999998298,1,1,0,1.0,0.0,3.0,1,1,1,1,1
9379,9327086,73.0,7299.999999995859,1,1,0,1.0,0.0,73.0,1,1,1,1,1
9380,9327092,227.0,22699.99999998712,1,1,0,1.0,0.0,227.0,1,1,1,1,1
9381,9327094,67.0,6699.999999996199,1,1,0,1.0,0.0,67.0,1,1,1,1,1
9382,9327098,328.0,32799.999999981395,1,1,0,1.0,0.0,328.0,1,1,1,1,1
9383,9327100,1822.0,182199.99999989665,1,1,0,1.0,0.0,1822.0,1,1,1,1,1
9384,9327102,564.0,56399.99999996801,1,1,0,1.0,0.0,564.0,1,1,1,1,1
9385,9327110,445.0,44499.99999997475,1,1,0,1.0,0.0,445.0,1,1,1,1,1
9386,9327112,202.0,20199.99999998854,1,1,0,1.0,0.0,202.0,1,1,1,1,1
9387,9327114,1695.0,169499.99999990384,1,1,0,1.0,0.0,1695.0,1,1,1,1,1
9388,9327116,5117.0,511699.9999997097,1,1,0,1.0,0.0,5117.0,1,1,1,1,1
9389,9327120,1829.0,182899.99999989624,1,1,0,1.0,0.0,1829.0,1,1,1,1,1
9390,9327122,1071.0,107099.99999993925,1,1,0,1.0,0.0,1071.0,1,1,1,1,1
9391,9327124,6814.0,681399.9999996135,1,1,0,1.0,0.0,6814.0,1,1,1,1,1
9392,9327126,125.0,12499.99999999291,1,1,0,1.0,0.0,125.0,1,1,1,1,1
9393,9327128,775.0,77499.99999995604,1,1,0,1.0,0.0,775.0,1,1,1,1,1
9394,9327132,34.0,3399.999999998071,1,1,0,1.0,0.0,34.0,1,1,1,1,1
9395,9327134,1146.0,114599.99999993498,1,1,0,1.0,0.0,1146.0,1,1,1,1,1
9396,9327136,1142.0,114199.99999993521,1,1,0,1.0,0.0,1142.0,1,1,1,1,1
9397,9327138,697.0,69699.99999996046,1,1,0,1.0,0.0,697.0,1,1,1,1,1
9398,9327140,786.0,78599.99999995541,1,1,0,1.0,0.0,786.0,1,1,1,1,1
9399,9327142,51.0,5099.999999997107,1,1,0,1.0,0.0,51.0,1,1,1,1,1
9400,9327144,1573.0,157299.99999991077,1,1,0,1.0,0.0,1573.0,1,1,1,1,1
9401,9327150,636.0,63599.99999996392,1,1,0,1.0,0.0,636.0,1,1,1,1,1
9402,9327152,724.0,72399.99999995893,1,1,0,1.0,0.0,724.0,1,1,1,1,1
9403,9327156,437.0,43699.99999997521,1,1,0,1.0,0.0,437.0,1,1,1,1,1
9404,9327158,411.0,41099.99999997668,1,1,0,1.0,0.0,411.0,1,1,1,1,1
9405,9327160,992.0,99199.99999994373,1,1,0,1.0,0.0,992.0,1,1,1,1,1
9406,9327162,3793.0,379299.9999997848,1,1,0,1.0,0.0,3793.0,1,1,1,1,1
9407,9327164,400.0,39999.999999977306,1,1,0,1.0,0.0,400.0,1,1,1,1,1
9408,9327166,1132.0,113199.99999993578,1,1,0,1.0,0.0,1132.0,1,1,1,1,1
9409,9327168,1481.0,148099.99999991598,1,1,0,1.0,0.0,1481.0,1,1,1,1,1
9410,9327170,9484.0,948399.9999994619,1,1,0,1.0,0.0,9484.0,1,1,1,1,1
9411,9327174,1231.0,123099.99999993017,1,1,0,1.0,0.0,1231.0,1,1,1,1,1
9412,9327176,6792.0,679199.9999996147,1,1,0,1.0,0.0,6792.0,1,1,1,1,1
9413,9327178,507.0,50699.99999997124,1,1,0,1.0,0.0,507.0,1,1,1,1,1
9414,9327182,303.0,30299.99999998281,1,1,0,1.0,0.0,303.0,1,1,1,1,1
9415,9327184,27.0,2699.9999999984684,1,1,0,1.0,0.0,27.0,1,1,1,1,1
9416,9327186,109.0,10899.999999993817,1,1,0,1.0,0.0,109.0,1,1,1,1,1
9417,9327188,39.0,3899.9999999977877,1,1,0,1.0,0.0,39.0,1,1,1,1,1
9418,9327190,24.0,2399.9999999986385,1,1,0,1.0,0.0,24.0,1,1,1,1,1
9419,9327196,48.0,4799.999999997277,1,1,0,1.0,0.0,48.0,1,1,1,1,1
9420,9327198,639.0,63899.99999996375,1,1,0,1.0,0.0,639.0,1,1,1,1,1
9421,9327204,8.0,799.9999999995462,1,1,0,1.0,0.0,8.0,1,1,1,1,1
9422,9327206,12.0,1199.9999999993192,1,1,0,1.0,0.0,12.0,1,1,1,1,1
9423,9327212,5.0,499.99999999971635,1,1,0,1.0,0.0,5.0,1,1,1,1,1
9424,9327224,204.0,20399.999999988428,1,1,0,1.0,0.0,204.0,1,1,1,1,1
9425,9327226,143.0,14299.999999991887,1,1,0,1.0,0.0,143.0,1,1,1,1,1
9426,9327228,36.0,3599.9999999979577,1,1,0,1.0,0.0,36.0,1,1,1,1,1
9427,9327230,11.0,1099.999999999376,1,1,0,1.0,0.0,11.0,1,1,1,1,1
9428,9327232,80.0,7999.999999995462,1,1,0,1.0,0.0,80.0,1,1,1,1,1
9429,9327236,283.0,28299.999999983946,1,1,0,1.0,0.0,283.0,1,1,1,1,1
9430,9327238,211.0,21099.99999998803,1,1,0,1.0,0.0,211.0,1,1,1,1,1
9431,9327240,700.0,69999.99999996029,1,1,0,1.0,0.0,700.0,1,1,1,1,1
9432,9327242,956.0,95599.99999994577,1,1,0,1.0,0.0,956.0,1,1,1,1,1
9433,9327244,248.0,24799.999999985932,1,1,0,1.0,0.0,248.0,1,1,1,1,1
9434,9327246,346.0,34599.99999998037,1,1,0,1.0,0.0,346.0,1,1,1,1,1
9435,9327248,415.0,41499.999999976455,1,1,0,1.0,0.0,415.0,1,1,1,1,1
9436,9327252,174.0,17399.99999999013,1,1,0,1.0,0.0,174.0,1,1,1,1,1
9437,9327254,111.0,11099.999999993703,1,1,0,1.0,0.0,111.0,1,1,1,1,1
9438,9327256,1115.0,111499.99999993674,1,1,0,1.0,0.0,1115.0,1,1,1,1,1
9439,9327262,111.0,11099.999999993703,1,1,0,1.0,0.0,111.0,1,1,1,1,1
9440,9327266,155.0,15499.999999991207,1,1,0,1.0,0.0,155.0,1,1,1,1,1
9441,9327274,550.0,54999.9999999688,1,1,0,1.0,0.0,550.0,1,1,1,1,1
9442,9327276,1016.0,101599.99999994236,1,1,0,1.0,0.0,1016.0,1,1,1,1,1
9443,9327284,237.0,23699.999999986554,1,1,0,1.0,0.0,237.0,1,1,1,1,1
9444,9327302,328.0,32799.999999981395,1,1,0,1.0,0.0,328.0,1,1,1,1,1
9445,9327304,417.0,41699.999999976346,1,1,0,1.0,0.0,417.0,1,1,1,1,1
9446,9327306,3027.0,302699.9999998283,1,1,0,1.0,0.0,3027.0,1,1,1,1,1
9447,9327308,33.0,3299.999999998128,1,1,0,1.0,0.0,33.0,1,1,1,1,1
9448,9327312,78.0,7799.999999995575,1,1,0,1.0,0.0,78.0,1,1,1,1,1
9449,9327314,879.0,87899.99999995013,1,1,0,1.0,0.0,879.0,1,1,1,1,1
9450,9327316,17.0,1699.9999999990355,1,1,0,1.0,0.0,17.0,1,1,1,1,1
9451,9327318,1118.0,111799.99999993658,1,1,0,1.0,0.0,1118.0,1,1,1,1,1
9452,9327320,87.0,8699.999999995065,1,1,0,1.0,0.0,87.0,1,1,1,1,1
9453,9327322,28.0,2799.9999999984116,1,1,0,1.0,0.0,28.0,1,1,1,1,1
9454,9327326,2948.0,294799.99999983277,1,1,0,1.0,0.0,2948.0,1,1,1,1,1
9455,9327328,35.0,3499.9999999980146,1,1,0,1.0,0.0,35.0,1,1,1,1,1
9456,9327330,115.0,11499.999999993475,1,1,0,1.0,0.0,115.0,1,1,1,1,1
9457,9327332,29.0,2899.9999999983547,1,1,0,1.0,0.0,29.0,1,1,1,1,1
9458,9327334,28.0,2799.9999999984116,1,1,0,1.0,0.0,28.0,1,1,1,1,1
9459,9327338,459.0,45899.99999997396,1,1,0,1.0,0.0,459.0,1,1,1,1,1
9460,9327340,2358.0,235799.99999986624,1,1,0,1.0,0.0,2358.0,1,1,1,1,1
9461,9327344,9.0,899.9999999994894,1,1,0,1.0,0.0,9.0,1,1,1,1,1
9462,9327346,52.0,5199.99999999705,1,1,0,1.0,0.0,52.0,1,1,1,1,1
9463,9327348,13.0,1299.9999999992624,1,1,0,1.0,0.0,13.0,1,1,1,1,1
9464,9327352,885.0,88499.9999999498,1,1,0,1.0,0.0,885.0,1,1,1,1,1
9465,9327354,29.0,2899.9999999983547,1,1,0,1.0,0.0,29.0,1,1,1,1,1
9466,9327356,365.0,36499.99999997929,1,1,0,1.0,0.0,365.0,1,1,1,1,1
9467,9327360,90.0,8999.999999994894,1,1,0,1.0,0.0,90.0,1,1,1,1,1
9468,9327362,2394.0,239399.9999998642,1,1,0,1.0,0.0,2394.0,1,1,1,1,1
9469,9327366,349.0,34899.9999999802,1,1,0,1.0,0.0,349.0,1,1,1,1,1
9470,9327368,145.0,14499.999999991775,1,1,0,1.0,0.0,145.0,1,1,1,1,1
9471,9327370,17.0,1699.9999999990355,1,1,0,1.0,0.0,17.0,1,1,1,1,1
9472,9327372,62.0,6199.999999996483,1,1,0,1.0,0.0,62.0,1,1,1,1,1
9473,9327374,160.0,15999.999999990923,1,1,0,1.0,0.0,160.0,1,1,1,1,1
9474,9327376,303.0,30299.99999998281,1,1,0,1.0,0.0,303.0,1,1,1,1,1
9475,9327378,136.0,13599.999999992284,1,1,0,1.0,0.0,136.0,1,1,1,1,1
9476,9327380,288.0,28799.999999983662,1,1,0,1.0,0.0,288.0,1,1,1,1,1
9477,9327382,86.0,8599.999999995121,1,1,0,1.0,0.0,86.0,1,1,1,1,1
9478,9327386,51.0,5099.999999997107,1,1,0,1.0,0.0,51.0,1,1,1,1,1
9479,9327394,187.0,18699.99999998939,1,1,0,1.0,0.0,187.0,1,1,1,1,1
9480,9327396,1415.0,141499.99999991973,1,1,0,1.0,0.0,1415.0,1,1,1,1,1
9481,9327400,34.0,3399.999999998071,1,1,0,1.0,0.0,34.0,1,1,1,1,1
9482,9327402,314.0,31399.99999998219,1,1,0,1.0,0.0,314.0,1,1,1,1,1
9483,9327404,121.0,12099.999999993135,1,1,0,1.0,0.0,121.0,1,1,1,1,1
9484,9327408,110.0,10999.999999993759,1,1,0,1.0,0.0,110.0,1,1,1,1,1
9485,9327410,178.0,17799.9999999899,1,1,0,1.0,0.0,178.0,1,1,1,1,1
9486,9327412,1201.0,120099.99999993187,1,1,0,1.0,0.0,1201.0,1,1,1,1,1
9487,9327416,37.0,3699.999999997901,1,1,0,1.0,0.0,37.0,1,1,1,1,1
9488,9327418,997.0,99699.99999994344,1,1,0,1.0,0.0,997.0,1,1,1,1,1
9489,9327420,5.0,499.99999999971635,1,1,0,1.0,0.0,5.0,1,1,1,1,1
9490,9327430,289.0,28899.999999983604,1,1,0,1.0,0.0,289.0,1,1,1,1,1
9491,9327434,214.0,21399.99999998786,1,1,0,1.0,0.0,214.0,1,1,1,1,1
9492,9327436,289.0,28899.999999983604,1,1,0,1.0,0.0,289.0,1,1,1,1,1
9493,9327438,2534.0,253399.99999985626,1,1,0,1.0,0.0,2534.0,1,1,1,1,1
9494,9327440,614.0,61399.99999996517,1,1,0,1.0,0.0,614.0,1,1,1,1,1
9495,9327442,102.0,10199.999999994214,1,1,0,1.0,0.0,102.0,1,1,1,1,1
9496,9327446,349.0,34899.9999999802,1,1,0,1.0,0.0,349.0,1,1,1,1,1
9497,9327448,124.0,12399.999999992966,1,1,0,1.0,0.0,124.0,1,1,1,1,1
9498,9327450,43.0,4299.999999997561,1,1,0,1.0,0.0,43.0,1,1,1,1,1
9499,9327464,54.0,5399.999999996937,1,1,0,1.0,0.0,54.0,1,1,1,1,1
9500,9327472,940.0,93999.99999994667,1,1,0,1.0,0.0,940.0,1,1,1,1,1
9501,9327474,269.0,26899.99999998474,1,1,0,1.0,0.0,269.0,1,1,1,1,1
9502,9327478,1361.0,136099.9999999228,1,1,0,1.0,0.0,1361.0,1,1,1,1,1
9503,9327480,41.0,4099.999999997674,1,1,0,1.0,0.0,41.0,1,1,1,1,1
9504,9327482,9.0,899.9999999994894,1,1,0,1.0,0.0,9.0,1,1,1,1,1
9505,9327484,55.0,5499.9999999968795,1,1,0,1.0,0.0,55.0,1,1,1,1,1
9506,9327486,1077.0,107699.9999999389,1,1,0,1.0,0.0,1077.0,1,1,1,1,1
9507,9327512,408.0,40799.999999976855,1,1,0,1.0,0.0,408.0,1,1,1,1,1
9508,9327514,1912.0,191199.99999989153,1,1,0,1.0,0.0,1912.0,1,1,1,1,1
9509,9327516,626.0,62599.999999964486,1,1,0,1.0,0.0,626.0,1,1,1,1,1
9510,9327518,187.0,18699.99999998939,1,1,0,1.0,0.0,187.0,1,1,1,1,1
9511,9327520,47.0,4699.999999997333,1,1,0,1.0,0.0,47.0,1,1,1,1,1
9512,9327524,65.0,6499.999999996313,1,1,0,1.0,0.0,65.0,1,1,1,1,1
9513,9327526,170.0,16999.999999990356,1,1,0,1.0,0.0,170.0,1,1,1,1,1
9514,9327528,120.0,11999.999999993193,1,1,0,1.0,0.0,120.0,1,1,1,1,1
9515,9327530,877.0,87699.99999995025,1,1,0,1.0,0.0,877.0,1,1,1,1,1
9516,9327532,296.0,29599.999999983207,1,1,0,1.0,0.0,296.0,1,1,1,1,1
9517,9327536,110.0,10999.999999993759,1,1,0,1.0,0.0,110.0,1,1,1,1,1
9518,9327538,320.0,31999.999999981846,1,1,0,1.0,0.0,320.0,1,1,1,1,1
9519,9327540,97.0,9699.999999994498,1,1,0,1.0,0.0,97.0,1,1,1,1,1
9520,9327542,165.0,16499.99999999064,1,1,0,1.0,0.0,165.0,1,1,1,1,1
9521,9327544,96.0,9599.999999994554,1,1,0,1.0,0.0,96.0,1,1,1,1,1
9522,9327546,265.0,26499.999999984968,1,1,0,1.0,0.0,265.0,1,1,1,1,1
9523,9327548,768.0,76799.99999995643,1,1,0,1.0,0.0,768.0,1,1,1,1,1
9524,9327550,821.0,82099.99999995342,1,1,0,1.0,0.0,821.0,1,1,1,1,1
9525,9327552,30.0,2999.9999999982983,1,1,0,1.0,0.0,30.0,1,1,1,1,1
9526,9327556,147.0,14699.99999999166,1,1,0,1.0,0.0,147.0,1,1,1,1,1
9527,9327558,148.0,14799.999999991604,1,1,0,1.0,0.0,148.0,1,1,1,1,1
9528,9327560,81.0,8099.999999995405,1,1,0,1.0,0.0,81.0,1,1,1,1,1
9529,9327566,585.0,58499.999999966814,1,1,0,1.0,0.0,585.0,1,1,1,1,1
9530,9327568,6.0,599.9999999996596,1,1,0,1.0,0.0,6.0,1,1,1,1,1
9531,9327570,195.0,19499.999999988937,1,1,0,1.0,0.0,195.0,1,1,1,1,1
9532,9327574,697.0,69699.99999996046,1,1,0,1.0,0.0,697.0,1,1,1,1,1
9533,9327576,746.0,74599.99999995768,1,1,0,1.0,0.0,746.0,1,1,1,1,1
9534,9327578,2065.0,206499.99999988286,1,1,0,1.0,0.0,2065.0,1,1,1,1,1
9535,9327580,737.0,73699.99999995819,1,1,0,1.0,0.0,737.0,1,1,1,1,1
9536,9327582,1964.0,196399.9999998886,1,1,0,1.0,0.0,1964.0,1,1,1,1,1
9537,9327584,1139.0,113899.99999993539,1,1,0,1.0,0.0,1139.0,1,1,1,1,1
9538,9327586,7442.0,744199.9999995778,1,1,0,1.0,0.0,7442.0,1,1,1,1,1
9539,9327588,2138.0,213799.99999987872,1,1,0,1.0,0.0,2138.0,1,1,1,1,1
9540,9327590,2219.0,221899.99999987413,1,1,0,1.0,0.0,2219.0,1,1,1,1,1
9541,9327592,1474.0,147399.99999991638,1,1,0,1.0,0.0,1474.0,1,1,1,1,1
9542,9327594,63.0,6299.999999996426,1,1,0,1.0,0.0,63.0,1,1,1,1,1
9543,9327596,84.0,8399.999999995234,1,1,0,1.0,0.0,84.0,1,1,1,1,1
9544,9327598,849.0,84899.99999995183,1,1,0,1.0,0.0,849.0,1,1,1,1,1
9545,9327600,2217.0,221699.99999987424,1,1,0,1.0,0.0,2217.0,1,1,1,1,1
9546,9327602,3103.0,310299.999999824,1,1,0,1.0,0.0,3103.0,1,1,1,1,1
9547,9327604,2057.0,205699.9999998833,1,1,0,1.0,0.0,2057.0,1,1,1,1,1
9548,9327606,20.0,1999.9999999988654,1,1,0,1.0,0.0,20.0,1,1,1,1,1
9549,9327608,1687.0,168699.9999999043,1,1,0,1.0,0.0,1687.0,1,1,1,1,1
9550,9327610,2728.0,272799.9999998452,1,1,0,1.0,0.0,2728.0,1,1,1,1,1
9551,9327612,2357.0,235699.9999998663,1,1,0,1.0,0.0,2357.0,1,1,1,1,1
9552,9327614,20.0,1999.9999999988654,1,1,0,1.0,0.0,20.0,1,1,1,1,1
9553,9327618,1391.0,139099.9999999211,1,1,0,1.0,0.0,1391.0,1,1,1,1,1
9554,9327620,195.0,19499.999999988937,1,1,0,1.0,0.0,195.0,1,1,1,1,1
9555,9327622,1159.0,115899.99999993425,1,1,0,1.0,0.0,1159.0,1,1,1,1,1
9556,9327624,107.0,10699.99999999393,1,1,0,1.0,0.0,107.0,1,1,1,1,1
9557,9327626,564.0,56399.99999996801,1,1,0,1.0,0.0,564.0,1,1,1,1,1
9558,9327628,274.0,27399.999999984455,1,1,0,1.0,0.0,274.0,1,1,1,1,1
9559,9327630,101.0,10099.99999999427,1,1,0,1.0,0.0,101.0,1,1,1,1,1
9560,9327632,1180.0,117999.99999993306,1,1,0,1.0,0.0,1180.0,1,1,1,1,1
9561,9327634,122.0,12199.999999993079,1,1,0,1.0,0.0,122.0,1,1,1,1,1
9562,9327636,241.0,24099.99999998633,1,1,0,1.0,0.0,241.0,1,1,1,1,1
9563,9327650,122.0,12199.999999993079,1,1,0,1.0,0.0,122.0,1,1,1,1,1
9564,9327652,3090.0,308999.9999998247,1,1,0,1.0,0.0,3090.0,1,1,1,1,1
9565,9327654,23.0,2299.9999999986953,1,1,0,1.0,0.0,23.0,1,1,1,1,1
9566,9327658,15.0,1499.9999999991492,1,1,0,1.0,0.0,15.0,1,1,1,1,1
9567,9327664,684.0,68399.99999996119,1,1,0,1.0,0.0,684.0,1,1,1,1,1
9568,9327666,10.0,999.9999999994327,1,1,0,1.0,0.0,10.0,1,1,1,1,1
9569,9327670,310.0,30999.999999982414,1,1,0,1.0,0.0,310.0,1,1,1,1,1
9570,9327672,1204.0,120399.9999999317,1,1,0,1.0,0.0,1204.0,1,1,1,1,1
9571,9327674,288.0,28799.999999983662,1,1,0,1.0,0.0,288.0,1,1,1,1,1
9572,9327676,132.0,13199.999999992511,1,1,0,1.0,0.0,132.0,1,1,1,1,1
9573,9327678,255.0,25499.999999985535,1,1,0,1.0,0.0,255.0,1,1,1,1,1
9574,9327680,185.0,18499.999999989504,1,1,0,1.0,0.0,185.0,1,1,1,1,1
9575,9327684,361.0,36099.99999997952,1,1,0,1.0,0.0,361.0,1,1,1,1,1
9576,9327692,140.0,13999.999999992058,1,1,0,1.0,0.0,140.0,1,1,1,1,1
9577,9327694,5439.0,543899.9999996915,1,1,0,1.0,0.0,5439.0,1,1,1,1,1
9578,9327700,123.0,12299.999999993022,1,1,0,1.0,0.0,123.0,1,1,1,1,1
9579,9327702,55.0,5499.9999999968795,1,1,0,1.0,0.0,55.0,1,1,1,1,1
9580,9327714,95.0,9499.99999999461,1,1,0,1.0,0.0,95.0,1,1,1,1,1
9581,9327718,1260.0,125999.99999992852,1,1,0,1.0,0.0,1260.0,1,1,1,1,1
9582,9327722,1008.0,100799.99999994281,1,1,0,1.0,0.0,1008.0,1,1,1,1,1
9583,9327724,6.0,599.9999999996596,1,1,0,1.0,0.0,6.0,1,1,1,1,1
9584,9327726,254.0,25399.99999998559,1,1,0,1.0,0.0,254.0,1,1,1,1,1
9585,9327728,76.0,7599.999999995689,1,1,0,1.0,0.0,76.0,1,1,1,1,1
9586,9327730,222.0,22199.999999987405,1,1,0,1.0,0.0,222.0,1,1,1,1,1
9587,9327734,6.0,599.9999999996596,1,1,0,1.0,0.0,6.0,1,1,1,1,1
9588,9327736,16.0,1599.9999999990923,1,1,0,1.0,0.0,16.0,1,1,1,1,1
9589,9327738,216.0,21599.999999987747,1,1,0,1.0,0.0,216.0,1,1,1,1,1
9590,9327740,12.0,1199.9999999993192,1,1,0,1.0,0.0,12.0,1,1,1,1,1
9591,9327744,467.0,46699.99999997351,1,1,0,1.0,0.0,467.0,1,1,1,1,1
9592,9327746,29.0,2899.9999999983547,1,1,0,1.0,0.0,29.0,1,1,1,1,1
9593,9327748,1276.0,127599.99999992762,1,1,0,1.0,0.0,1276.0,1,1,1,1,1
9594,9327752,208.0,20799.9999999882,1,1,0,1.0,0.0,208.0,1,1,1,1,1
9595,9327754,418.0,41799.99999997629,1,1,0,1.0,0.0,418.0,1,1,1,1,1
9596,9327756,38.0,3799.9999999978445,1,1,0,1.0,0.0,38.0,1,1,1,1,1
9597,9327760,887.0,88699.99999994968,1,1,0,1.0,0.0,887.0,1,1,1,1,1
9598,9327762,1.0,99.99999999994327,1,1,0,1.0,0.0,1.0,1,1,1,1,1
9599,9327764,231.0,23099.999999986896,1,1,0,1.0,0.0,231.0,1,1,1,1,1
9600,9327768,28.0,2799.9999999984116,1,1,0,1.0,0.0,28.0,1,1,1,1,1
9601,9327770,145.0,14499.999999991775,1,1,0,1.0,0.0,145.0,1,1,1,1,1
9602,9327776,337.0,33699.99999998088,1,1,0,1.0,0.0,337.0,1,1,1,1,1
9603,9327778,2127.0,212699.99999987934,1,1,0,1.0,0.0,2127.0,1,1,1,1,1
9604,9327784,273.0,27299.999999984513,1,1,0,1.0,0.0,273.0,1,1,1,1,1
9605,9327786,68.0,6799.999999996142,1,1,0,1.0,0.0,68.0,1,1,1,1,1
9606,9327788,1105.0,110499.99999993731,1,1,0,1.0,0.0,1105.0,1,1,1,1,1
9607,9327798,634.0,63399.999999964035,1,1,0,1.0,0.0,634.0,1,1,1,1,1
9608,9327800,255.0,25499.999999985535,1,1,0,1.0,0.0,255.0,1,1,1,1,1
9609,9327802,992.0,99199.99999994373,1,1,0,1.0,0.0,992.0,1,1,1,1,1
9610,9327806,308.0,30799.999999982527,1,1,0,1.0,0.0,308.0,1,1,1,1,1
9611,9327808,934.0,93399.99999994702,1,1,0,1.0,0.0,934.0,1,1,1,1,1
9612,9327810,144.0,14399.999999991831,1,1,0,1.0,0.0,144.0,1,1,1,1,1
9613,9327812,133.0,13299.999999992455,1,1,0,1.0,0.0,133.0,1,1,1,1,1
9614,9327820,326.0,32599.999999981505,1,1,0,1.0,0.0,326.0,1,1,1,1,1
9615,9327824,112.0,11199.999999993646,1,1,0,1.0,0.0,112.0,1,1,1,1,1
9616,9327828,149.0,14899.999999991547,1,1,0,1.0,0.0,149.0,1,1,1,1,1
9617,9327830,20.0,1999.9999999988654,1,1,0,1.0,0.0,20.0,1,1,1,1,1
9618,9327832,283.0,28299.999999983946,1,1,0,1.0,0.0,283.0,1,1,1,1,1
9619,9327842,1932.0,193199.9999998904,1,1,0,1.0,0.0,1932.0,1,1,1,1,1
9620,9327846,156.0,15599.99999999115,1,1,0,1.0,0.0,156.0,1,1,1,1,1
9621,9327850,14.0,1399.9999999992058,1,1,0,1.0,0.0,14.0,1,1,1,1,1
9622,9327852,810.0,80999.99999995405,1,1,0,1.0,0.0,810.0,1,1,1,1,1
9623,9327854,6378.0,637799.9999996382,1,1,0,1.0,0.0,6378.0,1,1,1,1,1
9624,9327858,81.0,8099.999999995405,1,1,0,1.0,0.0,81.0,1,1,1,1,1
9625,9327860,56.0,5599.999999996823,1,1,0,1.0,0.0,56.0,1,1,1,1,1
9626,9327862,619.0,61899.999999964886,1,1,0,1.0,0.0,619.0,1,1,1,1,1
9627,9327864,424.0,42399.999999975946,1,1,0,1.0,0.0,424.0,1,1,1,1,1
9628,9327866,2222.0,222199.99999987395,1,1,0,1.0,0.0,2222.0,1,1,1,1,1
9629,9327868,945.0,94499.99999994639,1,1,0,1.0,0.0,945.0,1,1,1,1,1
9630,9327870,8258.0,825799.9999995315,1,1,0,1.0,0.0,8258.0,1,1,1,1,1
9631,9327872,3613.0,361299.99999979505,1,1,0,1.0,0.0,3613.0,1,1,1,1,1
9632,9327876,920.0,91999.9999999478,1,1,0,1.0,0.0,920.0,1,1,1,1,1
9633,9327880,8733.0,873299.9999995045,1,1,0,1.0,0.0,8733.0,1,1,1,1,1
9634,9327884,206.0,20599.999999988315,1,1,0,1.0,0.0,206.0,1,1,1,1,1
9635,9327886,461.0,46099.99999997385,1,1,0,1.0,0.0,461.0,1,1,1,1,1
9636,9327888,17.0,1699.9999999990355,1,1,0,1.0,0.0,17.0,1,1,1,1,1
9637,9327890,663.0,66299.99999996238,1,1,0,1.0,0.0,663.0,1,1,1,1,1
9638,9327894,768.0,76799.99999995643,1,1,0,1.0,0.0,768.0,1,1,1,1,1
9639,9327896,1116.0,111599.99999993668,1,1,0,1.0,0.0,1116.0,1,1,1,1,1
9640,9327902,1246.0,124599.99999992932,1,1,0,1.0,0.0,1246.0,1,1,1,1,1
9641,9327904,421.0,42099.99999997612,1,1,0,1.0,0.0,421.0,1,1,1,1,1
9642,9327910,435.0,43499.99999997532,1,1,0,1.0,0.0,435.0,1,1,1,1,1
9643,9327922,36.0,3599.9999999979577,1,1,0,1.0,0.0,36.0,1,1,1,1,1
9644,9327930,161.0,16099.999999990867,1,1,0,1.0,0.0,161.0,1,1,1,1,1
9645,9327938,123.0,12299.999999993022,1,1,0,1.0,0.0,123.0,1,1,1,1,1
9646,9327940,92.0,9199.999999994781,1,1,0,1.0,0.0,92.0,1,1,1,1,1
9647,9327942,816.0,81599.99999995371,1,1,0,1.0,0.0,816.0,1,1,1,1,1
9648,9327946,26.0,2599.999999998525,1,1,0,1.0,0.0,26.0,1,1,1,1,1
9649,9327948,15.0,1499.9999999991492,1,1,0,1.0,0.0,15.0,1,1,1,1,1
9650,9327952,152.0,15199.999999991378,1,1,0,1.0,0.0,152.0,1,1,1,1,1
9651,9327954,83.0,8299.99999999529,1,1,0,1.0,0.0,83.0,1,1,1,1,1
9652,9327956,1205.0,120499.99999993164,1,1,0,1.0,0.0,1205.0,1,1,1,1,1
9653,9327960,1384.0,138399.99999992148,1,1,0,1.0,0.0,1384.0,1,1,1,1,1
9654,9327970,882.0,88199.99999994997,1,1,0,1.0,0.0,882.0,1,1,1,1,1
9655,9327974,1040.0,103999.999999941,1,1,0,1.0,0.0,1040.0,1,1,1,1,1
9656,9327978,59.0,5899.999999996653,1,1,0,1.0,0.0,59.0,1,1,1,1,1
9657,9327980,3302.0,330199.9999998127,1,1,0,1.0,0.0,3302.0,1,1,1,1,1
9658,9327984,129.0,12899.999999992682,1,1,0,1.0,0.0,129.0,1,1,1,1,1
9659,9327986,3.0,299.9999999998298,1,1,0,1.0,0.0,3.0,1,1,1,1,1
9660,9327998,14.0,1399.9999999992058,1,1,0,1.0,0.0,14.0,1,1,1,1,1
9661,9328014,4.0,399.9999999997731,1,1,0,1.0,0.0,4.0,1,1,1,1,1
9662,9328016,10.0,999.9999999994327,1,1,0,1.0,0.0,10.0,1,1,1,1,1
9663,9328020,11.0,1099.999999999376,1,1,0,1.0,0.0,11.0,1,1,1,1,1
9664,9328026,10.0,999.9999999994327,1,1,0,1.0,0.0,10.0,1,1,1,1,1
9665,9328044,14.0,1399.9999999992058,1,1,0,1.0,0.0,14.0,1,1,1,1,1
9666,9328056,98.0,9799.999999994441,1,1,0,1.0,0.0,98.0,1,1,1,1,1
9667,9328068,483.0,48299.9999999726,1,1,0,1.0,0.0,483.0,1,1,1,1,1
9668,9328090,504.0,50399.999999971405,1,1,0,1.0,0.0,504.0,1,1,1,1,1
9669,9328092,248.0,24799.999999985932,1,1,0,1.0,0.0,248.0,1,1,1,1,1
9670,9328102,803.0,80299.99999995445,1,1,0,1.0,0.0,803.0,1,1,1,1,1
9671,9328104,32.0,3199.9999999981846,1,1,0,1.0,0.0,32.0,1,1,1,1,1
9672,9328620,168.0,16799.99999999047,1,1,0,1.0,0.0,168.0,1,1,1,1,1
9673,9328622,161.0,16099.999999990867,1,1,0,1.0,0.0,161.0,1,1,1,1,1
9674,9328624,401.0,40099.99999997725,1,1,0,1.0,0.0,401.0,1,1,1,1,1
9675,9328628,10.0,999.9999999994327,1,1,0,1.0,0.0,10.0,1,1,1,1,1
9676,9328632,404.0,40399.99999997708,1,1,0,1.0,0.0,404.0,1,1,1,1,1
9677,9328636,858.0,85799.99999995132,1,1,0,1.0,0.0,858.0,1,1,1,1,1
9678,9328638,148.0,14799.999999991604,1,1,0,1.0,0.0,148.0,1,1,1,1,1
9679,9328640,103.0,10299.999999994157,1,1,0,1.0,0.0,103.0,1,1,1,1,1
9680,9328642,18.0,1799.9999999989789,1,1,0,1.0,0.0,18.0,1,1,1,1,1
9681,9328644,82.0,8199.999999995349,1,1,0,1.0,0.0,82.0,1,1,1,1,1
9682,9328646,28.0,2799.9999999984116,1,1,0,1.0,0.0,28.0,1,1,1,1,1
9683,9328650,795.0,79499.9999999549,1,1,0,1.0,0.0,795.0,1,1,1,1,1
9684,9328656,175.0,17499.999999990072,1,1,0,1.0,0.0,175.0,1,1,1,1,1
9685,9328664,10.0,999.9999999994327,1,1,0,1.0,0.0,10.0,1,1,1,1,1
9686,9328666,39.0,3899.9999999977877,1,1,0,1.0,0.0,39.0,1,1,1,1,1
9687,9328668,113.0,11299.99999999359,1,1,0,1.0,0.0,113.0,1,1,1,1,1
9688,9328688,58.0,5799.999999996709,1,1,0,1.0,0.0,58.0,1,1,1,1,1
9689,9328692,72.0,7199.9999999959155,1,1,0,1.0,0.0,72.0,1,1,1,1,1
9690,9328696,911.0,91099.99999994833,1,1,0,1.0,0.0,911.0,1,1,1,1,1
9691,9328700,9.0,899.9999999994894,1,1,0,1.0,0.0,9.0,1,1,1,1,1
9692,9328704,64.0,6399.999999996369,1,1,0,1.0,0.0,64.0,1,1,1,1,1
9693,9328706,61.0,6099.999999996539,1,1,0,1.0,0.0,61.0,1,1,1,1,1
9694,9328714,121.0,12099.999999993135,1,1,0,1.0,0.0,121.0,1,1,1,1,1
9695,9328720,93.0,9299.999999994725,1,1,0,1.0,0.0,93.0,1,1,1,1,1
9696,9328722,47.0,4699.999999997333,1,1,0,1.0,0.0,47.0,1,1,1,1,1
9697,9328724,690.0,68999.99999996086,1,1,0,1.0,0.0,690.0,1,1,1,1,1
9698,9328726,474.0,47399.99999997311,1,1,0,1.0,0.0,474.0,1,1,1,1,1
9699,9328728,194.0,19399.999999988995,1,1,0,1.0,0.0,194.0,1,1,1,1,1
9700,9328730,9.0,899.9999999994894,1,1,0,1.0,0.0,9.0,1,1,1,1,1
9701,9328732,4.0,399.9999999997731,1,1,0,1.0,0.0,4.0,1,1,1,1,1
9702,9328734,162.0,16199.99999999081,1,1,0,1.0,0.0,162.0,1,1,1,1,1
9703,9328736,32.0,3199.9999999981846,1,1,0,1.0,0.0,32.0,1,1,1,1,1
9704,9328740,219.0,21899.999999987576,1,1,0,1.0,0.0,219.0,1,1,1,1,1
9705,9328746,106.0,10599.999999993986,1,1,0,1.0,0.0,106.0,1,1,1,1,1
9706,9328754,307.0,30699.999999982585,1,1,0,1.0,0.0,307.0,1,1,1,1,1
9707,9328756,289.0,28899.999999983604,1,1,0,1.0,0.0,289.0,1,1,1,1,1
9708,9328758,160.0,15999.999999990923,1,1,0,1.0,0.0,160.0,1,1,1,1,1
9709,9328760,17.0,1699.9999999990355,1,1,0,1.0,0.0,17.0,1,1,1,1,1
9710,9328762,67.0,6699.999999996199,1,1,0,1.0,0.0,67.0,1,1,1,1,1
9711,9328764,366.0,36599.999999979234,1,1,0,1.0,0.0,366.0,1,1,1,1,1
9712,9328766,144.0,14399.999999991831,1,1,0,1.0,0.0,144.0,1,1,1,1,1
9713,9328768,93.0,9299.999999994725,1,1,0,1.0,0.0,93.0,1,1,1,1,1
9714,9328774,45.0,4499.999999997447,1,1,0,1.0,0.0,45.0,1,1,1,1,1
9715,9328776,90.0,8999.999999994894,1,1,0,1.0,0.0,90.0,1,1,1,1,1
9716,9328788,330.0,32999.99999998128,1,1,0,1.0,0.0,330.0,1,1,1,1,1
9717,9328796,82.0,8199.999999995349,1,1,0,1.0,0.0,82.0,1,1,1,1,1
9718,9328800,267.0,26699.99999998485,1,1,0,1.0,0.0,267.0,1,1,1,1,1
9719,9328804,97.0,9699.999999994498,1,1,0,1.0,0.0,97.0,1,1,1,1,1
9720,9328818,340.0,33999.99999998071,1,1,0,1.0,0.0,340.0,1,1,1,1,1
9721,9328820,60.0,5999.999999996597,1,1,0,1.0,0.0,60.0,1,1,1,1,1
9722,9328824,16.0,1599.9999999990923,1,1,0,1.0,0.0,16.0,1,1,1,1,1
9723,9328826,12.0,1199.9999999993192,1,1,0,1.0,0.0,12.0,1,1,1,1,1
9724,9328830,633.0,63299.99999996409,1,1,0,1.0,0.0,633.0,1,1,1,1,1
9725,9328834,207.0,20699.999999988257,1,1,0,1.0,0.0,207.0,1,1,1,1,1
9726,9328836,306.0,30599.99999998264,1,1,0,1.0,0.0,306.0,1,1,1,1,1
9727,9328840,83.0,8299.99999999529,1,1,0,1.0,0.0,83.0,1,1,1,1,1
9728,9328842,122.0,12199.999999993079,1,1,0,1.0,0.0,122.0,1,1,1,1,1
9729,9328844,437.0,43699.99999997521,1,1,0,1.0,0.0,437.0,1,1,1,1,1
9730,9328848,16.0,1599.9999999990923,1,1,0,1.0,0.0,16.0,1,1,1,1,1
9731,9328852,21.0,2099.9999999988086,1,1,0,1.0,0.0,21.0,1,1,1,1,1
9732,9328854,53.0,5299.999999996993,1,1,0,1.0,0.0,53.0,1,1,1,1,1
9733,9328858,84.0,8399.999999995234,1,1,0,1.0,0.0,84.0,1,1,1,1,1
9734,9328860,238.0,23799.9999999865,1,1,0,1.0,0.0,238.0,1,1,1,1,1
9735,9328862,32.0,3199.9999999981846,1,1,0,1.0,0.0,32.0,1,1,1,1,1
9736,9328864,69.0,6899.9999999960855,1,1,0,1.0,0.0,69.0,1,1,1,1,1
9737,9328866,245.0,24499.999999986103,1,1,0,1.0,0.0,245.0,1,1,1,1,1
9738,9328872,37.0,3699.999999997901,1,1,0,1.0,0.0,37.0,1,1,1,1,1
9739,9328874,166.0,16599.99999999058,1,1,0,1.0,0.0,166.0,1,1,1,1,1
9740,9328876,261.0,26099.999999985193,1,1,0,1.0,0.0,261.0,1,1,1,1,1
9741,9328886,670.0,66999.99999996199,1,1,0,1.0,0.0,670.0,1,1,1,1,1
9742,9328888,9.0,899.9999999994894,1,1,0,1.0,0.0,9.0,1,1,1,1,1
9743,9328892,202.0,20199.99999998854,1,1,0,1.0,0.0,202.0,1,1,1,1,1
9744,9328896,217.0,21699.99999998769,1,1,0,1.0,0.0,217.0,1,1,1,1,1
9745,9328898,404.0,40399.99999997708,1,1,0,1.0,0.0,404.0,1,1,1,1,1
9746,9328904,223.0,22299.99999998735,1,1,0,1.0,0.0,223.0,1,1,1,1,1
9747,9328908,120.0,11999.999999993193,1,1,0,1.0,0.0,120.0,1,1,1,1,1
9748,9328910,118.0,11799.999999993306,1,1,0,1.0,0.0,118.0,1,1,1,1,1
9749,9328920,82.0,8199.999999995349,1,1,0,1.0,0.0,82.0,1,1,1,1,1
9750,9328924,23.0,2299.9999999986953,1,1,0,1.0,0.0,23.0,1,1,1,1,1
9751,9328928,370.0,36999.99999997901,1,1,0,1.0,0.0,370.0,1,1,1,1,1
9752,9328932,336.0,33599.99999998094,1,1,0,1.0,0.0,336.0,1,1,1,1,1
9753,9328938,88.0,8799.999999995009,1,1,0,1.0,0.0,88.0,1,1,1,1,1
9754,9328942,1.0,99.99999999994327,1,1,0,1.0,0.0,1.0,1,1,1,1,1
9755,9328946,77.0,7699.999999995632,1,1,0,1.0,0.0,77.0,1,1,1,1,1
9756,9328948,770.0,76999.99999995632,1,1,0,1.0,0.0,770.0,1,1,1,1,1
9757,9328952,407.0,40699.99999997691,1,1,0,1.0,0.0,407.0,1,1,1,1,1
9758,9328954,49.0,4899.999999997221,1,1,0,1.0,0.0,49.0,1,1,1,1,1
9759,9328956,278.0,27799.99999998423,1,1,0,1.0,0.0,278.0,1,1,1,1,1
9760,9328964,521.0,52099.999999970445,1,1,0,1.0,0.0,521.0,1,1,1,1,1
9761,9328970,452.0,45199.99999997436,1,1,0,1.0,0.0,452.0,1,1,1,1,1
9762,9328974,117.0,11699.999999993363,1,1,0,1.0,0.0,117.0,1,1,1,1,1
9763,9328976,328.0,32799.999999981395,1,1,0,1.0,0.0,328.0,1,1,1,1,1
9764,9328978,277.0,27699.999999984288,1,1,0,1.0,0.0,277.0,1,1,1,1,1
9765,9328982,199.0,19899.99999998871,1,1,0,1.0,0.0,199.0,1,1,1,1,1
9766,9328984,203.0,20299.999999988482,1,1,0,1.0,0.0,203.0,1,1,1,1,1
9767,9328986,9.0,899.9999999994894,1,1,0,1.0,0.0,9.0,1,1,1,1,1
9768,9328990,19.0,1899.9999999989222,1,1,0,1.0,0.0,19.0,1,1,1,1,1
9769,9328994,62.0,6199.999999996483,1,1,0,1.0,0.0,62.0,1,1,1,1,1
9770,9328998,180.0,17999.99999998979,1,1,0,1.0,0.0,180.0,1,1,1,1,1
9771,9329000,251.0,25099.99999998576,1,1,0,1.0,0.0,251.0,1,1,1,1,1
9772,9329002,8.0,799.9999999995462,1,1,0,1.0,0.0,8.0,1,1,1,1,1
9773,9329006,60.0,5999.999999996597,1,1,0,1.0,0.0,60.0,1,1,1,1,1
9774,9329008,114.0,11399.999999993533,1,1,0,1.0,0.0,114.0,1,1,1,1,1
9775,9329010,70.0,6999.999999996029,1,1,0,1.0,0.0,70.0,1,1,1,1,1
9776,9329012,60.0,5999.999999996597,1,1,0,1.0,0.0,60.0,1,1,1,1,1
9777,9329014,1.0,99.99999999994327,1,1,0,1.0,0.0,1.0,1,1,1,1,1
9778,9329016,728.0,72799.9999999587,1,1,0,1.0,0.0,728.0,1,1,1,1,1
9779,9329018,3.0,299.9999999998298,1,1,0,1.0,0.0,3.0,1,1,1,1,1
9780,9329020,211.0,21099.99999998803,1,1,0,1.0,0.0,211.0,1,1,1,1,1
9781,9329024,208.0,20799.9999999882,1,1,0,1.0,0.0,208.0,1,1,1,1,1
9782,9329026,123.0,12299.999999993022,1,1,0,1.0,0.0,123.0,1,1,1,1,1
9783,9329030,15.0,1499.9999999991492,1,1,0,1.0,0.0,15.0,1,1,1,1,1
9784,9329034,219.0,21899.999999987576,1,1,0,1.0,0.0,219.0,1,1,1,1,1
9785,9329036,21.0,2099.9999999988086,1,1,0,1.0,0.0,21.0,1,1,1,1,1
9786,9329038,174.0,17399.99999999013,1,1,0,1.0,0.0,174.0,1,1,1,1,1
9787,9329042,176.0,17599.999999990017,1,1,0,1.0,0.0,176.0,1,1,1,1,1
9788,9329044,84.0,8399.999999995234,1,1,0,1.0,0.0,84.0,1,1,1,1,1
9789,9329046,27.0,2699.9999999984684,1,1,0,1.0,0.0,27.0,1,1,1,1,1
9790,9329048,278.0,27799.99999998423,1,1,0,1.0,0.0,278.0,1,1,1,1,1
9791,9329052,3.0,299.9999999998298,1,1,0,1.0,0.0,3.0,1,1,1,1,1
9792,9329054,355.0,35499.99999997986,1,1,0,1.0,0.0,355.0,1,1,1,1,1
9793,9329056,85.0,8499.999999995178,1,1,0,1.0,0.0,85.0,1,1,1,1,1
9794,9329058,344.0,34399.999999980486,1,1,0,1.0,0.0,344.0,1,1,1,1,1
9795,9329060,79.0,7899.999999995518,1,1,0,1.0,0.0,79.0,1,1,1,1,1
9796,9329062,21.0,2099.9999999988086,1,1,0,1.0,0.0,21.0,1,1,1,1,1
9797,9329066,192.0,19199.999999989108,1,1,0,1.0,0.0,192.0,1,1,1,1,1
9798,9329068,678.0,67799.99999996154,1,1,0,1.0,0.0,678.0,1,1,1,1,1
9799,9329072,32.0,3199.9999999981846,1,1,0,1.0,0.0,32.0,1,1,1,1,1
9800,9329076,229.0,22899.99999998701,1,1,0,1.0,0.0,229.0,1,1,1,1,1
9801,9329082,315.0,31499.99999998213,1,1,0,1.0,0.0,315.0,1,1,1,1,1
9802,9329084,105.0,10499.999999994043,1,1,0,1.0,0.0,105.0,1,1,1,1,1
9803,9329086,28.0,2799.9999999984116,1,1,0,1.0,0.0,28.0,1,1,1,1,1
9804,9329088,52.0,5199.99999999705,1,1,0,1.0,0.0,52.0,1,1,1,1,1
9805,9329092,156.0,15599.99999999115,1,1,0,1.0,0.0,156.0,1,1,1,1,1
9806,9329100,60.0,5999.999999996597,1,1,0,1.0,0.0,60.0,1,1,1,1,1
9807,9329102,221.0,22099.999999987464,1,1,0,1.0,0.0,221.0,1,1,1,1,1
9808,9329106,9.0,899.9999999994894,1,1,0,1.0,0.0,9.0,1,1,1,1,1
9809,9329108,45.0,4499.999999997447,1,1,0,1.0,0.0,45.0,1,1,1,1,1
9810,9329114,12.0,1199.9999999993192,1,1,0,1.0,0.0,12.0,1,1,1,1,1
9811,9329122,14.0,1399.9999999992058,1,1,0,1.0,0.0,14.0,1,1,1,1,1
9812,9329126,3.0,299.9999999998298,1,1,0,1.0,0.0,3.0,1,1,1,1,1
9813,9329128,199.0,19899.99999998871,1,1,0,1.0,0.0,199.0,1,1,1,1,1
9814,9329132,729.0,72899.99999995864,1,1,0,1.0,0.0,729.0,1,1,1,1,1
9815,9329136,87.0,8699.999999995065,1,1,0,1.0,0.0,87.0,1,1,1,1,1
9816,9329138,207.0,20699.999999988257,1,1,0,1.0,0.0,207.0,1,1,1,1,1
9817,9329144,334.0,33399.99999998105,1,1,0,1.0,0.0,334.0,1,1,1,1,1
9818,9329146,95.0,9499.99999999461,1,1,0,1.0,0.0,95.0,1,1,1,1,1
9819,9329150,300.0,29999.99999998298,1,1,0,1.0,0.0,300.0,1,1,1,1,1
9820,9329152,79.0,7899.999999995518,1,1,0,1.0,0.0,79.0,1,1,1,1,1
9821,9329162,671.0,67099.99999996193,1,1,0,1.0,0.0,671.0,1,1,1,1,1
9822,9329166,83.0,8299.99999999529,1,1,0,1.0,0.0,83.0,1,1,1,1,1
9823,9329168,185.0,18499.999999989504,1,1,0,1.0,0.0,185.0,1,1,1,1,1
9824,9329170,616.0,61599.99999996505,1,1,0,1.0,0.0,616.0,1,1,1,1,1
9825,9329178,133.0,13299.999999992455,1,1,0,1.0,0.0,133.0,1,1,1,1,1
9826,9329180,12.0,1199.9999999993192,1,1,0,1.0,0.0,12.0,1,1,1,1,1
9827,9329186,43.0,4299.999999997561,1,1,0,1.0,0.0,43.0,1,1,1,1,1
9828,9329188,108.0,10799.999999993874,1,1,0,1.0,0.0,108.0,1,1,1,1,1
9829,9329192,20.0,1999.9999999988654,1,1,0,1.0,0.0,20.0,1,1,1,1,1
9830,9329202,49.0,4899.999999997221,1,1,0,1.0,0.0,49.0,1,1,1,1,1
9831,9329204,53.0,5299.999999996993,1,1,0,1.0,0.0,53.0,1,1,1,1,1
9832,9329206,26.0,2599.999999998525,1,1,0,1.0,0.0,26.0,1,1,1,1,1
9833,9329208,482.0,48199.99999997266,1,1,0,1.0,0.0,482.0,1,1,1,1,1
9834,9329210,157.0,15699.999999991094,1,1,0,1.0,0.0,157.0,1,1,1,1,1
9835,9329222,242.0,24199.99999998627,1,1,0,1.0,0.0,242.0,1,1,1,1,1
9836,9329224,92.0,9199.999999994781,1,1,0,1.0,0.0,92.0,1,1,1,1,1
9837,9329232,143.0,14299.999999991887,1,1,0,1.0,0.0,143.0,1,1,1,1,1
9838,9329234,1286.0,128599.99999992705,1,1,0,1.0,0.0,1286.0,1,1,1,1,1
9839,9329236,644.0,64399.99999996347,1,1,0,1.0,0.0,644.0,1,1,1,1,1
9840,9329238,47.0,4699.999999997333,1,1,0,1.0,0.0,47.0,1,1,1,1,1
9841,9329240,4301.0,430099.999999756,1,1,0,1.0,0.0,4301.0,1,1,1,1,1
9842,9329242,232.0,23199.999999986838,1,1,0,1.0,0.0,232.0,1,1,1,1,1
9843,9329244,275.0,27499.9999999844,1,1,0,1.0,0.0,275.0,1,1,1,1,1
9844,9329250,959.0,95899.99999994559,1,1,0,1.0,0.0,959.0,1,1,1,1,1
9845,9329252,4.0,399.9999999997731,1,1,0,1.0,0.0,4.0,1,1,1,1,1
9846,9329254,228.0,22799.999999987067,1,1,0,1.0,0.0,228.0,1,1,1,1,1
9847,9329258,124.0,12399.999999992966,1,1,0,1.0,0.0,124.0,1,1,1,1,1
9848,9329260,457.0,45699.999999974076,1,1,0,1.0,0.0,457.0,1,1,1,1,1
9849,9329268,1099.0,109899.99999993766,1,1,0,1.0,0.0,1099.0,1,1,1,1,1
9850,9329270,18.0,1799.9999999989789,1,1,0,1.0,0.0,18.0,1,1,1,1,1
9851,9329272,56.0,5599.999999996823,1,1,0,1.0,0.0,56.0,1,1,1,1,1
9852,9329274,171.0,17099.999999990298,1,1,0,1.0,0.0,171.0,1,1,1,1,1
9853,9329278,427.0,42699.99999997578,1,1,0,1.0,0.0,427.0,1,1,1,1,1
9854,9329280,13.0,1299.9999999992624,1,1,0,1.0,0.0,13.0,1,1,1,1,1
9855,9329284,170.0,16999.999999990356,1,1,0,1.0,0.0,170.0,1,1,1,1,1
9856,9329294,145.0,14499.999999991775,1,1,0,1.0,0.0,145.0,1,1,1,1,1
9857,9329298,2633.0,263299.99999985064,1,1,0,1.0,0.0,2633.0,1,1,1,1,1
9858,9329300,400.0,39999.999999977306,1,1,0,1.0,0.0,400.0,1,1,1,1,1
9859,9329306,4.0,399.9999999997731,1,1,0,1.0,0.0,4.0,1,1,1,1,1
9860,9329314,17.0,1699.9999999990355,1,1,0,1.0,0.0,17.0,1,1,1,1,1
9861,9329316,228.0,22799.999999987067,1,1,0,1.0,0.0,228.0,1,1,1,1,1
9862,9329318,19.0,1899.9999999989222,1,1,0,1.0,0.0,19.0,1,1,1,1,1
9863,9329320,49.0,4899.999999997221,1,1,0,1.0,0.0,49.0,1,1,1,1,1
9864,9329322,59.0,5899.999999996653,1,1,0,1.0,0.0,59.0,1,1,1,1,1
9865,9329332,1216.0,121599.99999993102,1,1,0,1.0,0.0,1216.0,1,1,1,1,1
9866,9329336,3.0,299.9999999998298,1,1,0,1.0,0.0,3.0,1,1,1,1,1
9867,9329338,851.0,85099.99999995172,1,1,0,1.0,0.0,851.0,1,1,1,1,1
9868,9329342,407.0,40699.99999997691,1,1,0,1.0,0.0,407.0,1,1,1,1,1
9869,9329344,98.0,9799.999999994441,1,1,0,1.0,0.0,98.0,1,1,1,1,1
9870,9329346,70.0,6999.999999996029,1,1,0,1.0,0.0,70.0,1,1,1,1,1
9871,9329350,161.0,16099.999999990867,1,1,0,1.0,0.0,161.0,1,1,1,1,1
9872,9329352,1050.0,104999.99999994044,1,1,0,1.0,0.0,1050.0,1,1,1,1,1
9873,9329354,98.0,9799.999999994441,1,1,0,1.0,0.0,98.0,1,1,1,1,1
9874,9329356,35.0,3499.9999999980146,1,1,0,1.0,0.0,35.0,1,1,1,1,1
9875,9329358,95.0,9499.99999999461,1,1,0,1.0,0.0,95.0,1,1,1,1,1
9876,9329360,27.0,2699.9999999984684,1,1,0,1.0,0.0,27.0,1,1,1,1,1
9877,9329366,57.0,5699.999999996767,1,1,0,1.0,0.0,57.0,1,1,1,1,1
9878,9329368,563.0,56299.99999996806,1,1,0,1.0,0.0,563.0,1,1,1,1,1
9879,9329370,317.0,31699.999999982017,1,1,0,1.0,0.0,317.0,1,1,1,1,1
9880,9329372,31.0,3099.9999999982415,1,1,0,1.0,0.0,31.0,1,1,1,1,1
9881,9329378,126.0,12599.999999992851,1,1,0,1.0,0.0,126.0,1,1,1,1,1
9882,9329380,1.0,99.99999999994327,1,1,0,1.0,0.0,1.0,1,1,1,1,1
9883,9329386,111.0,11099.999999993703,1,1,0,1.0,0.0,111.0,1,1,1,1,1
9884,9329388,1167.0,116699.9999999338,1,1,0,1.0,0.0,1167.0,1,1,1,1,1
9885,9329390,404.0,40399.99999997708,1,1,0,1.0,0.0,404.0,1,1,1,1,1
9886,9329392,51.0,5099.999999997107,1,1,0,1.0,0.0,51.0,1,1,1,1,1
9887,9329394,62.0,6199.999999996483,1,1,0,1.0,0.0,62.0,1,1,1,1,1
9888,9329396,660.0,65999.99999996256,1,1,0,1.0,0.0,660.0,1,1,1,1,1
9889,9329398,299.0,29899.999999983036,1,1,0,1.0,0.0,299.0,1,1,1,1,1
9890,9329402,261.0,26099.999999985193,1,1,0,1.0,0.0,261.0,1,1,1,1,1
9891,9329404,7.0,699.9999999996029,1,1,0,1.0,0.0,7.0,1,1,1,1,1
9892,9329406,48.0,4799.999999997277,1,1,0,1.0,0.0,48.0,1,1,1,1,1
9893,9329408,130.0,12999.999999992626,1,1,0,1.0,0.0,130.0,1,1,1,1,1
9894,9329410,646.0,64599.99999996335,1,1,0,1.0,0.0,646.0,1,1,1,1,1
9895,9329412,442.0,44199.99999997493,1,1,0,1.0,0.0,442.0,1,1,1,1,1
9896,9329414,274.0,27399.999999984455,1,1,0,1.0,0.0,274.0,1,1,1,1,1
9897,9329416,243.0,24299.999999986216,1,1,0,1.0,0.0,243.0,1,1,1,1,1
9898,9329418,829.0,82899.99999995297,1,1,0,1.0,0.0,829.0,1,1,1,1,1
9899,9329422,337.0,33699.99999998088,1,1,0,1.0,0.0,337.0,1,1,1,1,1
9900,9329426,101.0,10099.99999999427,1,1,0,1.0,0.0,101.0,1,1,1,1,1
9901,9329434,194.0,19399.999999988995,1,1,0,1.0,0.0,194.0,1,1,1,1,1
9902,9329438,1069.0,106899.99999993936,1,1,0,1.0,0.0,1069.0,1,1,1,1,1
9903,9329442,1016.0,101599.99999994236,1,1,0,1.0,0.0,1016.0,1,1,1,1,1
9904,9329446,126.0,12599.999999992851,1,1,0,1.0,0.0,126.0,1,1,1,1,1
9905,9329448,135.0,13499.999999992342,1,1,0,1.0,0.0,135.0,1,1,1,1,1
9906,9329450,1168.0,116799.99999993375,1,1,0,1.0,0.0,1168.0,1,1,1,1,1
9907,9329454,88.0,8799.999999995009,1,1,0,1.0,0.0,88.0,1,1,1,1,1
9908,9329460,391.0,39099.999999977816,1,1,0,1.0,0.0,391.0,1,1,1,1,1
9909,9329462,1090.0,108999.99999993817,1,1,0,1.0,0.0,1090.0,1,1,1,1,1
9910,9329464,88.0,8799.999999995009,1,1,0,1.0,0.0,88.0,1,1,1,1,1
9911,9329468,386.0,38599.9999999781,1,1,0,1.0,0.0,386.0,1,1,1,1,1
9912,9329470,420.0,41999.99999997617,1,1,0,1.0,0.0,420.0,1,1,1,1,1
9913,9329472,654.0,65399.9999999629,1,1,0,1.0,0.0,654.0,1,1,1,1,1
9914,9329474,178.0,17799.9999999899,1,1,0,1.0,0.0,178.0,1,1,1,1,1
9915,9329476,156.0,15599.99999999115,1,1,0,1.0,0.0,156.0,1,1,1,1,1
9916,9329480,125.0,12499.99999999291,1,1,0,1.0,0.0,125.0,1,1,1,1,1
9917,9329482,1.0,99.99999999994327,1,1,0,1.0,0.0,1.0,1,1,1,1,1
9918,9329486,423.0,42299.999999976004,1,1,0,1.0,0.0,423.0,1,1,1,1,1
9919,9329488,114.0,11399.999999993533,1,1,0,1.0,0.0,114.0,1,1,1,1,1
9920,9329492,17.0,1699.9999999990355,1,1,0,1.0,0.0,17.0,1,1,1,1,1
9921,9329494,3.0,299.9999999998298,1,1,0,1.0,0.0,3.0,1,1,1,1,1
9922,9329496,24.0,2399.9999999986385,1,1,0,1.0,0.0,24.0,1,1,1,1,1
9923,9329498,42.0,4199.999999997617,1,1,0,1.0,0.0,42.0,1,1,1,1,1
9924,9329502,204.0,20399.999999988428,1,1,0,1.0,0.0,204.0,1,1,1,1,1
9925,9329504,572.0,57199.99999996755,1,1,0,1.0,0.0,572.0,1,1,1,1,1
9926,9329506,331.0,33099.99999998122,1,1,0,1.0,0.0,331.0,1,1,1,1,1
9927,9329508,882.0,88199.99999994997,1,1,0,1.0,0.0,882.0,1,1,1,1,1
9928,9329510,151.0,15099.999999991434,1,1,0,1.0,0.0,151.0,1,1,1,1,1
9929,9329512,585.0,58499.999999966814,1,1,0,1.0,0.0,585.0,1,1,1,1,1
9930,9329516,369.0,36899.99999997907,1,1,0,1.0,0.0,369.0,1,1,1,1,1
9931,9329518,272.0,27199.999999984568,1,1,0,1.0,0.0,272.0,1,1,1,1,1
9932,9329520,192.0,19199.999999989108,1,1,0,1.0,0.0,192.0,1,1,1,1,1
9933,9329522,36.0,3599.9999999979577,1,1,0,1.0,0.0,36.0,1,1,1,1,1
9934,9329526,23.0,2299.9999999986953,1,1,0,1.0,0.0,23.0,1,1,1,1,1
9935,9329528,179.0,17899.999999989846,1,1,0,1.0,0.0,179.0,1,1,1,1,1
9936,9329532,1615.0,161499.99999990838,1,1,0,1.0,0.0,1615.0,1,1,1,1,1
9937,9329536,1.0,99.99999999994327,1,1,0,1.0,0.0,1.0,1,1,1,1,1
9938,9329538,9.0,899.9999999994894,1,1,0,1.0,0.0,9.0,1,1,1,1,1
9939,9329542,6.0,599.9999999996596,1,1,0,1.0,0.0,6.0,1,1,1,1,1
9940,9329548,478.0,47799.99999997288,1,1,0,1.0,0.0,478.0,1,1,1,1,1
9941,9329552,857.0,85699.99999995138,1,1,0,1.0,0.0,857.0,1,1,1,1,1
9942,9329556,687.0,68699.99999996103,1,1,0,1.0,0.0,687.0,1,1,1,1,1
9943,9329558,8.0,799.9999999995462,1,1,0,1.0,0.0,8.0,1,1,1,1,1
9944,9329560,2382.0,238199.99999986487,1,1,0,1.0,0.0,2382.0,1,1,1,1,1
9945,9329562,816.0,81599.99999995371,1,1,0,1.0,0.0,816.0,1,1,1,1,1
9946,9329566,150.0,14999.99999999149,1,1,0,1.0,0.0,150.0,1,1,1,1,1
9947,9329568,1637.0,163699.99999990713,1,1,0,1.0,0.0,1637.0,1,1,1,1,1
9948,9329570,281.0,28099.99999998406,1,1,0,1.0,0.0,281.0,1,1,1,1,1
9949,9329572,49.0,4899.999999997221,1,1,0,1.0,0.0,49.0,1,1,1,1,1
9950,9329574,128.0,12799.999999992739,1,1,0,1.0,0.0,128.0,1,1,1,1,1
9951,9329576,219.0,21899.999999987576,1,1,0,1.0,0.0,219.0,1,1,1,1,1
9952,9329582,358.0,35799.99999997969,1,1,0,1.0,0.0,358.0,1,1,1,1,1
9953,9329584,106.0,10599.999999993986,1,1,0,1.0,0.0,106.0,1,1,1,1,1
9954,9329586,3723.0,372299.9999997888,1,1,0,1.0,0.0,3723.0,1,1,1,1,1
9955,9329594,409.0,40899.9999999768,1,1,0,1.0,0.0,409.0,1,1,1,1,1
9956,9329598,11.0,1099.999999999376,1,1,0,1.0,0.0,11.0,1,1,1,1,1
9957,9329600,79.0,7899.999999995518,1,1,0,1.0,0.0,79.0,1,1,1,1,1
9958,9329602,220.0,21999.999999987518,1,1,0,1.0,0.0,220.0,1,1,1,1,1
9959,9329616,30.0,2999.9999999982983,1,1,0,1.0,0.0,30.0,1,1,1,1,1
9960,9329622,38.0,3799.9999999978445,1,1,0,1.0,0.0,38.0,1,1,1,1,1
9961,9329626,32.0,3199.9999999981846,1,1,0,1.0,0.0,32.0,1,1,1,1,1
9962,9329630,100.0,9999.999999994327,1,1,0,1.0,0.0,100.0,1,1,1,1,1
9963,9329640,175.0,17499.999999990072,1,1,0,1.0,0.0,175.0,1,1,1,1,1
9964,9329644,56.0,5599.999999996823,1,1,0,1.0,0.0,56.0,1,1,1,1,1
9965,9329646,1097.0,109699.99999993776,1,1,0,1.0,0.0,1097.0,1,1,1,1,1
9966,9329648,60.0,5999.999999996597,1,1,0,1.0,0.0,60.0,1,1,1,1,1
9967,9329650,4.0,399.9999999997731,1,1,0,1.0,0.0,4.0,1,1,1,1,1
9968,9329654,7.0,699.9999999996029,1,1,0,1.0,0.0,7.0,1,1,1,1,1
9969,9329658,139.0,13899.999999992115,1,1,0,1.0,0.0,139.0,1,1,1,1,1
9970,9329662,81.0,8099.999999995405,1,1,0,1.0,0.0,81.0,1,1,1,1,1
9971,9329668,679.0,67899.99999996148,1,1,0,1.0,0.0,679.0,1,1,1,1,1
9972,9329670,43.0,4299.999999997561,1,1,0,1.0,0.0,43.0,1,1,1,1,1
9973,9329672,24.0,2399.9999999986385,1,1,0,1.0,0.0,24.0,1,1,1,1,1
9974,9329678,32.0,3199.9999999981846,1,1,0,1.0,0.0,32.0,1,1,1,1,1
9975,9329684,33.0,3299.999999998128,1,1,0,1.0,0.0,33.0,1,1,1,1,1
9976,9329688,200.0,19999.999999988653,1,1,0,1.0,0.0,200.0,1,1,1,1,1
9977,9329690,606.0,60599.99999996562,1,1,0,1.0,0.0,606.0,1,1,1,1,1
9978,9329692,13.0,1299.9999999992624,1,1,0,1.0,0.0,13.0,1,1,1,1,1
9979,9329694,178.0,17799.9999999899,1,1,0,1.0,0.0,178.0,1,1,1,1,1
9980,9329698,977.0,97699.99999994457,1,1,0,1.0,0.0,977.0,1,1,1,1,1
9981,9329700,711.0,71099.99999995966,1,1,0,1.0,0.0,711.0,1,1,1,1,1
9982,9329702,20.0,1999.9999999988654,1,1,0,1.0,0.0,20.0,1,1,1,1,1
9983,9329706,788.0,78799.9999999553,1,1,0,1.0,0.0,788.0,1,1,1,1,1
9984,9329708,478.0,47799.99999997288,1,1,0,1.0,0.0,478.0,1,1,1,1,1
9985,9329714,397.0,39699.99999997748,1,1,0,1.0,0.0,397.0,1,1,1,1,1
9986,9329716,16.0,1599.9999999990923,1,1,0,1.0,0.0,16.0,1,1,1,1,1
9987,9329718,5377.0,537699.999999695,1,1,0,1.0,0.0,5377.0,1,1,1,1,1
9988,9329720,6.0,599.9999999996596,1,1,0,1.0,0.0,6.0,1,1,1,1,1
9989,9329724,336.0,33599.99999998094,1,1,0,1.0,0.0,336.0,1,1,1,1,1
9990,9329726,2144.0,214399.99999987838,1,1,0,1.0,0.0,2144.0,1,1,1,1,1
9991,9329728,81.0,8099.999999995405,1,1,0,1.0,0.0,81.0,1,1,1,1,1
9992,9329732,496.0,49599.999999971864,1,1,0,1.0,0.0,496.0,1,1,1,1,1
9993,9329734,652.0,65199.99999996301,1,1,0,1.0,0.0,652.0,1,1,1,1,1
9994,9329736,236.0,23599.999999986612,1,1,0,1.0,0.0,236.0,1,1,1,1,1
9995,9329738,102.0,10199.999999994214,1,1,0,1.0,0.0,102.0,1,1,1,1,1
9996,9329740,1.0,99.99999999994327,1,1,0,1.0,0.0,1.0,1,1,1,1,1
9997,9329742,450.0,44999.99999997447,1,1,0,1.0,0.0,450.0,1,1,1,1,1
9998,9329744,166.0,16599.99999999058,1,1,0,1.0,0.0,166.0,1,1,1,1,1
9999,9329748,875.0,87499.99999995036,1,1,0,1.0,0.0,875.0,1,1,1,1,1
10000,9329750,1345.0,134499.9999999237,1,1,0,1.0,0.0,1345.0,1,1,1,1,1
10001,9329752,244.0,24399.999999986157,1,1,0,1.0,0.0,244.0,1,1,1,1,1
10002,9329754,1026.0,102599.99999994179,1,1,0,1.0,0.0,1026.0,1,1,1,1,1
10003,9329756,278.0,27799.99999998423,1,1,0,1.0,0.0,278.0,1,1,1,1,1
10004,9329764,144.0,14399.999999991831,1,1,0,1.0,0.0,144.0,1,1,1,1,1
10005,9329768,515.0,51499.99999997079,1,1,0,1.0,0.0,515.0,1,1,1,1,1
10006,9329772,305.0,30499.999999982698,1,1,0,1.0,0.0,305.0,1,1,1,1,1
10007,9329776,404.0,40399.99999997708,1,1,0,1.0,0.0,404.0,1,1,1,1,1
10008,9329782,51.0,5099.999999997107,1,1,0,1.0,0.0,51.0,1,1,1,1,1
10009,9329784,280.0,27999.999999984117,1,1,0,1.0,0.0,280.0,1,1,1,1,1
10010,9329786,18.0,1799.9999999989789,1,1,0,1.0,0.0,18.0,1,1,1,1,1
10011,9329788,335.0,33499.999999980995,1,1,0,1.0,0.0,335.0,1,1,1,1,1
10012,9329790,9.0,899.9999999994894,1,1,0,1.0,0.0,9.0,1,1,1,1,1
10013,9329800,26.0,2599.999999998525,1,1,0,1.0,0.0,26.0,1,1,1,1,1
10014,9329802,38.0,3799.9999999978445,1,1,0,1.0,0.0,38.0,1,1,1,1,1
10015,9329804,1.0,99.99999999994327,1,1,0,1.0,0.0,1.0,1,1,1,1,1
10016,9329806,2852.0,285199.9999998382,1,1,0,1.0,0.0,2852.0,1,1,1,1,1
10017,9329814,1790.0,178999.99999989846,1,1,0,1.0,0.0,1790.0,1,1,1,1,1
10018,9329816,442.0,44199.99999997493,1,1,0,1.0,0.0,442.0,1,1,1,1,1
10019,9329818,312.0,31199.9999999823,1,1,0,1.0,0.0,312.0,1,1,1,1,1
10020,9329820,78.0,7799.999999995575,1,1,0,1.0,0.0,78.0,1,1,1,1,1
10021,9329822,957.0,95699.9999999457,1,1,0,1.0,0.0,957.0,1,1,1,1,1
10022,9329828,924.0,92399.99999994758,1,1,0,1.0,0.0,924.0,1,1,1,1,1
10023,9329834,339.0,33899.99999998077,1,1,0,1.0,0.0,339.0,1,1,1,1,1
10024,9329840,24.0,2399.9999999986385,1,1,0,1.0,0.0,24.0,1,1,1,1,1
10025,9329842,3.0,299.9999999998298,1,1,0,1.0,0.0,3.0,1,1,1,1,1
10026,9329844,52.0,5199.99999999705,1,1,0,1.0,0.0,52.0,1,1,1,1,1
10027,9329846,98.0,9799.999999994441,1,1,0,1.0,0.0,98.0,1,1,1,1,1
10028,9329850,570.0,56999.999999967666,1,1,0,1.0,0.0,570.0,1,1,1,1,1
10029,9329854,34.0,3399.999999998071,1,1,0,1.0,0.0,34.0,1,1,1,1,1
10030,9329856,16.0,1599.9999999990923,1,1,0,1.0,0.0,16.0,1,1,1,1,1
10031,9329874,920.0,91999.9999999478,1,1,0,1.0,0.0,920.0,1,1,1,1,1
10032,9329880,821.0,82099.99999995342,1,1,0,1.0,0.0,821.0,1,1,1,1,1
10033,9329882,932.0,93199.99999994713,1,1,0,1.0,0.0,932.0,1,1,1,1,1
10034,9329884,551.0,55099.99999996874,1,1,0,1.0,0.0,551.0,1,1,1,1,1
10035,9329890,1112.0,111199.99999993692,1,1,0,1.0,0.0,1112.0,1,1,1,1,1
10036,9329894,618.0,61799.999999964944,1,1,0,1.0,0.0,618.0,1,1,1,1,1
10037,9329896,74.0,7399.999999995802,1,1,0,1.0,0.0,74.0,1,1,1,1,1
10038,9329898,169.0,16899.999999990414,1,1,0,1.0,0.0,169.0,1,1,1,1,1
10039,9329900,235.0,23499.999999986667,1,1,0,1.0,0.0,235.0,1,1,1,1,1
10040,9329904,48.0,4799.999999997277,1,1,0,1.0,0.0,48.0,1,1,1,1,1
10041,9329906,218.0,21799.999999987635,1,1,0,1.0,0.0,218.0,1,1,1,1,1
10042,9329912,1.0,99.99999999994327,1,1,0,1.0,0.0,1.0,1,1,1,1,1
10043,9329914,75.0,7499.999999995745,1,1,0,1.0,0.0,75.0,1,1,1,1,1
10044,9329916,81.0,8099.999999995405,1,1,0,1.0,0.0,81.0,1,1,1,1,1
10045,9329918,15.0,1499.9999999991492,1,1,0,1.0,0.0,15.0,1,1,1,1,1
10046,9329920,497.0,49699.999999971806,1,1,0,1.0,0.0,497.0,1,1,1,1,1
10047,9329922,622.0,62199.99999996471,1,1,0,1.0,0.0,622.0,1,1,1,1,1
10048,9329924,15.0,1499.9999999991492,1,1,0,1.0,0.0,15.0,1,1,1,1,1
10049,9329926,109.0,10899.999999993817,1,1,0,1.0,0.0,109.0,1,1,1,1,1
10050,9329928,131.0,13099.999999992568,1,1,0,1.0,0.0,131.0,1,1,1,1,1
10051,9329930,44.0,4399.999999997504,1,1,0,1.0,0.0,44.0,1,1,1,1,1
10052,9329932,182.0,18199.999999989675,1,1,0,1.0,0.0,182.0,1,1,1,1,1
10053,9329934,603.0,60299.99999996579,1,1,0,1.0,0.0,603.0,1,1,1,1,1
10054,9329936,24.0,2399.9999999986385,1,1,0,1.0,0.0,24.0,1,1,1,1,1
10055,9329938,52.0,5199.99999999705,1,1,0,1.0,0.0,52.0,1,1,1,1,1
10056,9329942,54.0,5399.999999996937,1,1,0,1.0,0.0,54.0,1,1,1,1,1
10057,9329946,34.0,3399.999999998071,1,1,0,1.0,0.0,34.0,1,1,1,1,1
10058,9329948,370.0,36999.99999997901,1,1,0,1.0,0.0,370.0,1,1,1,1,1
10059,9329950,60.0,5999.999999996597,1,1,0,1.0,0.0,60.0,1,1,1,1,1
10060,9329952,39.0,3899.9999999977877,1,1,0,1.0,0.0,39.0,1,1,1,1,1
10061,9329958,208.0,20799.9999999882,1,1,0,1.0,0.0,208.0,1,1,1,1,1
10062,9329960,32.0,3199.9999999981846,1,1,0,1.0,0.0,32.0,1,1,1,1,1
10063,9329962,231.0,23099.999999986896,1,1,0,1.0,0.0,231.0,1,1,1,1,1
10064,9329966,1.0,99.99999999994327,1,1,0,1.0,0.0,1.0,1,1,1,1,1
10065,9329968,745.0,74499.99999995774,1,1,0,1.0,0.0,745.0,1,1,1,1,1
10066,9329978,72.0,7199.9999999959155,1,1,0,1.0,0.0,72.0,1,1,1,1,1
10067,9329980,43.0,4299.999999997561,1,1,0,1.0,0.0,43.0,1,1,1,1,1
10068,9329984,45.0,4499.999999997447,1,1,0,1.0,0.0,45.0,1,1,1,1,1
10069,9329986,821.0,82099.99999995342,1,1,0,1.0,0.0,821.0,1,1,1,1,1
10070,9329988,532.0,53199.99999996982,1,1,0,1.0,0.0,532.0,1,1,1,1,1
10071,9329990,468.0,46799.99999997345,1,1,0,1.0,0.0,468.0,1,1,1,1,1
10072,9329994,14.0,1399.9999999992058,1,1,0,1.0,0.0,14.0,1,1,1,1,1
10073,9329998,78.0,7799.999999995575,1,1,0,1.0,0.0,78.0,1,1,1,1,1
10074,9330000,10.0,999.9999999994327,1,1,0,1.0,0.0,10.0,1,1,1,1,1
10075,9330004,860.0,85999.99999995121,1,1,0,1.0,0.0,860.0,1,1,1,1,1
10076,9330006,144.0,14399.999999991831,1,1,0,1.0,0.0,144.0,1,1,1,1,1
10077,9330008,180.0,17999.99999998979,1,1,0,1.0,0.0,180.0,1,1,1,1,1
10078,9330010,3.0,299.9999999998298,1,1,0,1.0,0.0,3.0,1,1,1,1,1
10079,9330012,39.0,3899.9999999977877,1,1,0,1.0,0.0,39.0,1,1,1,1,1
10080,9330014,2.0,199.99999999988654,1,1,0,1.0,0.0,2.0,1,1,1,1,1
10081,9330016,306.0,30599.99999998264,1,1,0,1.0,0.0,306.0,1,1,1,1,1
10082,9330018,41.0,4099.999999997674,1,1,0,1.0,0.0,41.0,1,1,1,1,1
10083,9330020,229.0,22899.99999998701,1,1,0,1.0,0.0,229.0,1,1,1,1,1
10084,9330024,41.0,4099.999999997674,1,1,0,1.0,0.0,41.0,1,1,1,1,1
10085,9330026,61.0,6099.999999996539,1,1,0,1.0,0.0,61.0,1,1,1,1,1
10086,9330028,4.0,399.9999999997731,1,1,0,1.0,0.0,4.0,1,1,1,1,1
10087,9330036,791.0,79099.99999995512,1,1,0,1.0,0.0,791.0,1,1,1,1,1
10088,9330042,62.0,6199.999999996483,1,1,0,1.0,0.0,62.0,1,1,1,1,1
10089,9330044,21.0,2099.9999999988086,1,1,0,1.0,0.0,21.0,1,1,1,1,1
10090,9330046,59.0,5899.999999996653,1,1,0,1.0,0.0,59.0,1,1,1,1,1
10091,9330048,31.0,3099.9999999982415,1,1,0,1.0,0.0,31.0,1,1,1,1,1
10092,9330052,10.0,999.9999999994327,1,1,0,1.0,0.0,10.0,1,1,1,1,1
10093,9330054,86.0,8599.999999995121,1,1,0,1.0,0.0,86.0,1,1,1,1,1
10094,9330060,680.0,67999.99999996142,1,1,0,1.0,0.0,680.0,1,1,1,1,1
10095,9330062,51.0,5099.999999997107,1,1,0,1.0,0.0,51.0,1,1,1,1,1
10096,9330074,166.0,16599.99999999058,1,1,0,1.0,0.0,166.0,1,1,1,1,1
10097,9330078,144.0,14399.999999991831,1,1,0,1.0,0.0,144.0,1,1,1,1,1
10098,9330082,285.0,28499.999999983833,1,1,0,1.0,0.0,285.0,1,1,1,1,1
10099,9330084,415.0,41499.999999976455,1,1,0,1.0,0.0,415.0,1,1,1,1,1
10100,9330086,668.0,66799.9999999621,1,1,0,1.0,0.0,668.0,1,1,1,1,1
10101,9330088,79.0,7899.999999995518,1,1,0,1.0,0.0,79.0,1,1,1,1,1
10102,9330090,16.0,1599.9999999990923,1,1,0,1.0,0.0,16.0,1,1,1,1,1
10103,9330092,14.0,1399.9999999992058,1,1,0,1.0,0.0,14.0,1,1,1,1,1
10104,9330104,17.0,1699.9999999990355,1,1,0,1.0,0.0,17.0,1,1,1,1,1
10105,9330106,235.0,23499.999999986667,1,1,0,1.0,0.0,235.0,1,1,1,1,1
10106,9330108,207.0,20699.999999988257,1,1,0,1.0,0.0,207.0,1,1,1,1,1
10107,9330114,27.0,2699.9999999984684,1,1,0,1.0,0.0,27.0,1,1,1,1,1
10108,9330120,118.0,11799.999999993306,1,1,0,1.0,0.0,118.0,1,1,1,1,1
10109,9330124,181.0,18099.999999989734,1,1,0,1.0,0.0,181.0,1,1,1,1,1
10110,9330128,1.0,99.99999999994327,1,1,0,1.0,0.0,1.0,1,1,1,1,1
10111,9330130,760.0,75999.99999995688,1,1,0,1.0,0.0,760.0,1,1,1,1,1
10112,9330132,43.0,4299.999999997561,1,1,0,1.0,0.0,43.0,1,1,1,1,1
10113,9330134,176.0,17599.999999990017,1,1,0,1.0,0.0,176.0,1,1,1,1,1
10114,9330136,103.0,10299.999999994157,1,1,0,1.0,0.0,103.0,1,1,1,1,1
10115,9330138,84.0,8399.999999995234,1,1,0,1.0,0.0,84.0,1,1,1,1,1
10116,9330140,139.0,13899.999999992115,1,1,0,1.0,0.0,139.0,1,1,1,1,1
10117,9330144,64.0,6399.999999996369,1,1,0,1.0,0.0,64.0,1,1,1,1,1
10118,9330146,464.0,46399.999999973676,1,1,0,1.0,0.0,464.0,1,1,1,1,1
10119,9330148,116.0,11599.999999993419,1,1,0,1.0,0.0,116.0,1,1,1,1,1
10120,9330152,19.0,1899.9999999989222,1,1,0,1.0,0.0,19.0,1,1,1,1,1
10121,9330154,786.0,78599.99999995541,1,1,0,1.0,0.0,786.0,1,1,1,1,1
10122,9330160,71.0,7099.999999995972,1,1,0,1.0,0.0,71.0,1,1,1,1,1
10123,9330164,194.0,19399.999999988995,1,1,0,1.0,0.0,194.0,1,1,1,1,1
10124,9330166,43.0,4299.999999997561,1,1,0,1.0,0.0,43.0,1,1,1,1,1
10125,9330170,9.0,899.9999999994894,1,1,0,1.0,0.0,9.0,1,1,1,1,1
10126,9330172,131.0,13099.999999992568,1,1,0,1.0,0.0,131.0,1,1,1,1,1
10127,9330174,360.0,35999.99999997958,1,1,0,1.0,0.0,360.0,1,1,1,1,1
10128,9330176,27.0,2699.9999999984684,1,1,0,1.0,0.0,27.0,1,1,1,1,1
10129,9330178,461.0,46099.99999997385,1,1,0,1.0,0.0,461.0,1,1,1,1,1
10130,9330180,190.0,18999.99999998922,1,1,0,1.0,0.0,190.0,1,1,1,1,1
10131,9330184,356.0,35599.9999999798,1,1,0,1.0,0.0,356.0,1,1,1,1,1
10132,9330186,934.0,93399.99999994702,1,1,0,1.0,0.0,934.0,1,1,1,1,1
10133,9330190,392.0,39199.999999977765,1,1,0,1.0,0.0,392.0,1,1,1,1,1
10134,9330192,134.0,13399.999999992398,1,1,0,1.0,0.0,134.0,1,1,1,1,1
10135,9330198,1236.0,123599.99999992989,1,1,0,1.0,0.0,1236.0,1,1,1,1,1
10136,9330200,10.0,999.9999999994327,1,1,0,1.0,0.0,10.0,1,1,1,1,1
10137,9330202,1006.0,100599.99999994293,1,1,0,1.0,0.0,1006.0,1,1,1,1,1
10138,9330204,47.0,4699.999999997333,1,1,0,1.0,0.0,47.0,1,1,1,1,1
10139,9330206,89.0,8899.99999999495,1,1,0,1.0,0.0,89.0,1,1,1,1,1
10140,9330216,760.0,75999.99999995688,1,1,0,1.0,0.0,760.0,1,1,1,1,1
10141,9330224,6.0,599.9999999996596,1,1,0,1.0,0.0,6.0,1,1,1,1,1
10142,9330226,160.0,15999.999999990923,1,1,0,1.0,0.0,160.0,1,1,1,1,1
10143,9330228,231.0,23099.999999986896,1,1,0,1.0,0.0,231.0,1,1,1,1,1
10144,9330230,1016.0,101599.99999994236,1,1,0,1.0,0.0,1016.0,1,1,1,1,1
10145,9330232,738.0,73799.99999995813,1,1,0,1.0,0.0,738.0,1,1,1,1,1
10146,9330234,377.0,37699.999999978616,1,1,0,1.0,0.0,377.0,1,1,1,1,1
10147,9330236,296.0,29599.999999983207,1,1,0,1.0,0.0,296.0,1,1,1,1,1
10148,9330246,186.0,18599.99999998945,1,1,0,1.0,0.0,186.0,1,1,1,1,1
10149,9330248,1.0,99.99999999994327,1,1,0,1.0,0.0,1.0,1,1,1,1,1
10150,9330252,183.0,18299.999999989617,1,1,0,1.0,0.0,183.0,1,1,1,1,1
10151,9330254,166.0,16599.99999999058,1,1,0,1.0,0.0,166.0,1,1,1,1,1
10152,9330256,343.0,34299.999999980544,1,1,0,1.0,0.0,343.0,1,1,1,1,1
10153,9330258,1060.0,105999.99999993987,1,1,0,1.0,0.0,1060.0,1,1,1,1,1
10154,9330260,2057.0,205699.9999998833,1,1,0,1.0,0.0,2057.0,1,1,1,1,1
10155,9330264,164.0,16399.999999990698,1,1,0,1.0,0.0,164.0,1,1,1,1,1
10156,9330266,18.0,1799.9999999989789,1,1,0,1.0,0.0,18.0,1,1,1,1,1
10157,9330270,8.0,799.9999999995462,1,1,0,1.0,0.0,8.0,1,1,1,1,1
10158,9330274,8.0,799.9999999995462,1,1,0,1.0,0.0,8.0,1,1,1,1,1
10159,9330276,21.0,2099.9999999988086,1,1,0,1.0,0.0,21.0,1,1,1,1,1
10160,9330280,250.0,24999.99999998582,1,1,0,1.0,0.0,250.0,1,1,1,1,1
10161,9330282,5.0,499.99999999971635,1,1,0,1.0,0.0,5.0,1,1,1,1,1
10162,9330290,9.0,899.9999999994894,1,1,0,1.0,0.0,9.0,1,1,1,1,1
10163,9330292,369.0,36899.99999997907,1,1,0,1.0,0.0,369.0,1,1,1,1,1
10164,9330298,134.0,13399.999999992398,1,1,0,1.0,0.0,134.0,1,1,1,1,1
10165,9330306,832.0,83199.9999999528,1,1,0,1.0,0.0,832.0,1,1,1,1,1
10166,9330308,54.0,5399.999999996937,1,1,0,1.0,0.0,54.0,1,1,1,1,1
10167,9330310,29.0,2899.9999999983547,1,1,0,1.0,0.0,29.0,1,1,1,1,1
10168,9330312,2788.0,278799.99999984185,1,1,0,1.0,0.0,2788.0,1,1,1,1,1
10169,9330314,241.0,24099.99999998633,1,1,0,1.0,0.0,241.0,1,1,1,1,1
10170,9330316,5.0,499.99999999971635,1,1,0,1.0,0.0,5.0,1,1,1,1,1
10171,9330318,62.0,6199.999999996483,1,1,0,1.0,0.0,62.0,1,1,1,1,1
10172,9330320,31.0,3099.9999999982415,1,1,0,1.0,0.0,31.0,1,1,1,1,1
10173,9330322,499.0,49899.99999997169,1,1,0,1.0,0.0,499.0,1,1,1,1,1
10174,9330324,1381.0,138099.99999992165,1,1,0,1.0,0.0,1381.0,1,1,1,1,1
10175,9330326,25.0,2499.9999999985816,1,1,0,1.0,0.0,25.0,1,1,1,1,1
10176,9330332,113.0,11299.99999999359,1,1,0,1.0,0.0,113.0,1,1,1,1,1
10177,9330334,38.0,3799.9999999978445,1,1,0,1.0,0.0,38.0,1,1,1,1,1
10178,9330336,675.0,67499.99999996171,1,1,0,1.0,0.0,675.0,1,1,1,1,1
10179,9330338,165.0,16499.99999999064,1,1,0,1.0,0.0,165.0,1,1,1,1,1
10180,9330340,216.0,21599.999999987747,1,1,0,1.0,0.0,216.0,1,1,1,1,1
10181,9330342,102.0,10199.999999994214,1,1,0,1.0,0.0,102.0,1,1,1,1,1
10182,9330348,218.0,21799.999999987635,1,1,0,1.0,0.0,218.0,1,1,1,1,1
10183,9330354,124.0,12399.999999992966,1,1,0,1.0,0.0,124.0,1,1,1,1,1
10184,9330356,161.0,16099.999999990867,1,1,0,1.0,0.0,161.0,1,1,1,1,1
10185,9330360,429.0,42899.99999997566,1,1,0,1.0,0.0,429.0,1,1,1,1,1
10186,9330362,119.0,11899.99999999325,1,1,0,1.0,0.0,119.0,1,1,1,1,1
10187,9330370,36.0,3599.9999999979577,1,1,0,1.0,0.0,36.0,1,1,1,1,1
10188,9330374,224.0,22399.999999987293,1,1,0,1.0,0.0,224.0,1,1,1,1,1
10189,9330376,367.0,36699.99999997918,1,1,0,1.0,0.0,367.0,1,1,1,1,1
10190,9330378,43.0,4299.999999997561,1,1,0,1.0,0.0,43.0,1,1,1,1,1
10191,9330380,20.0,1999.9999999988654,1,1,0,1.0,0.0,20.0,1,1,1,1,1
10192,9330384,226.0,22599.99999998718,1,1,0,1.0,0.0,226.0,1,1,1,1,1
10193,9330388,254.0,25399.99999998559,1,1,0,1.0,0.0,254.0,1,1,1,1,1
10194,9330390,501.0,50099.99999997158,1,1,0,1.0,0.0,501.0,1,1,1,1,1
10195,9330392,116.0,11599.999999993419,1,1,0,1.0,0.0,116.0,1,1,1,1,1
10196,9330394,92.0,9199.999999994781,1,1,0,1.0,0.0,92.0,1,1,1,1,1
10197,9330398,33.0,3299.999999998128,1,1,0,1.0,0.0,33.0,1,1,1,1,1
10198,9330400,203.0,20299.999999988482,1,1,0,1.0,0.0,203.0,1,1,1,1,1
10199,9330404,175.0,17499.999999990072,1,1,0,1.0,0.0,175.0,1,1,1,1,1
10200,9330406,202.0,20199.99999998854,1,1,0,1.0,0.0,202.0,1,1,1,1,1
10201,9330408,21.0,2099.9999999988086,1,1,0,1.0,0.0,21.0,1,1,1,1,1
10202,9330412,47.0,4699.999999997333,1,1,0,1.0,0.0,47.0,1,1,1,1,1
10203,9330414,378.0,37799.99999997856,1,1,0,1.0,0.0,378.0,1,1,1,1,1
10204,9330416,526.0,52599.99999997016,1,1,0,1.0,0.0,526.0,1,1,1,1,1
10205,9330420,30.0,2999.9999999982983,1,1,0,1.0,0.0,30.0,1,1,1,1,1
10206,9330424,301.0,30099.999999982923,1,1,0,1.0,0.0,301.0,1,1,1,1,1
10207,9330426,923.0,92299.99999994764,1,1,0,1.0,0.0,923.0,1,1,1,1,1
10208,9330430,224.0,22399.999999987293,1,1,0,1.0,0.0,224.0,1,1,1,1,1
10209,9330434,85.0,8499.999999995178,1,1,0,1.0,0.0,85.0,1,1,1,1,1
10210,9330436,9.0,899.9999999994894,1,1,0,1.0,0.0,9.0,1,1,1,1,1
10211,9330446,42.0,4199.999999997617,1,1,0,1.0,0.0,42.0,1,1,1,1,1
10212,9330448,9.0,899.9999999994894,1,1,0,1.0,0.0,9.0,1,1,1,1,1
10213,9330452,78.0,7799.999999995575,1,1,0,1.0,0.0,78.0,1,1,1,1,1
10214,9330454,44.0,4399.999999997504,1,1,0,1.0,0.0,44.0,1,1,1,1,1
10215,9330456,41.0,4099.999999997674,1,1,0,1.0,0.0,41.0,1,1,1,1,1
10216,9330458,1211.0,121099.9999999313,1,1,0,1.0,0.0,1211.0,1,1,1,1,1
10217,9330460,47.0,4699.999999997333,1,1,0,1.0,0.0,47.0,1,1,1,1,1
10218,9330462,64.0,6399.999999996369,1,1,0,1.0,0.0,64.0,1,1,1,1,1
10219,9330464,9.0,899.9999999994894,1,1,0,1.0,0.0,9.0,1,1,1,1,1
10220,9330466,180.0,17999.99999998979,1,1,0,1.0,0.0,180.0,1,1,1,1,1
10221,9330470,185.0,18499.999999989504,1,1,0,1.0,0.0,185.0,1,1,1,1,1
10222,9330472,336.0,33599.99999998094,1,1,0,1.0,0.0,336.0,1,1,1,1,1
10223,9330478,69.0,6899.9999999960855,1,1,0,1.0,0.0,69.0,1,1,1,1,1
10224,9330482,28.0,2799.9999999984116,1,1,0,1.0,0.0,28.0,1,1,1,1,1
10225,9330488,5.0,499.99999999971635,1,1,0,1.0,0.0,5.0,1,1,1,1,1
10226,9330492,132.0,13199.999999992511,1,1,0,1.0,0.0,132.0,1,1,1,1,1
10227,9330494,50.0,4999.999999997163,1,1,0,1.0,0.0,50.0,1,1,1,1,1
10228,9330502,108.0,10799.999999993874,1,1,0,1.0,0.0,108.0,1,1,1,1,1
10229,9330510,120.0,11999.999999993193,1,1,0,1.0,0.0,120.0,1,1,1,1,1
10230,9330514,1.0,99.99999999994327,1,1,0,1.0,0.0,1.0,1,1,1,1,1
10231,9330520,191.0,19099.999999989166,1,1,0,1.0,0.0,191.0,1,1,1,1,1
10232,9330522,3.0,299.9999999998298,1,1,0,1.0,0.0,3.0,1,1,1,1,1
10233,9330524,236.0,23599.999999986612,1,1,0,1.0,0.0,236.0,1,1,1,1,1
10234,9330528,71.0,7099.999999995972,1,1,0,1.0,0.0,71.0,1,1,1,1,1
10235,9330534,21.0,2099.9999999988086,1,1,0,1.0,0.0,21.0,1,1,1,1,1
10236,9330536,25.0,2499.9999999985816,1,1,0,1.0,0.0,25.0,1,1,1,1,1
10237,9330538,122.0,12199.999999993079,1,1,0,1.0,0.0,122.0,1,1,1,1,1
10238,9330542,131.0,13099.999999992568,1,1,0,1.0,0.0,131.0,1,1,1,1,1
10239,9330544,317.0,31699.999999982017,1,1,0,1.0,0.0,317.0,1,1,1,1,1
10240,9330546,90.0,8999.999999994894,1,1,0,1.0,0.0,90.0,1,1,1,1,1
10241,9330550,190.0,18999.99999998922,1,1,0,1.0,0.0,190.0,1,1,1,1,1
10242,9330552,86.0,8599.999999995121,1,1,0,1.0,0.0,86.0,1,1,1,1,1
10243,9330554,94.0,9399.999999994667,1,1,0,1.0,0.0,94.0,1,1,1,1,1
10244,9330556,58.0,5799.999999996709,1,1,0,1.0,0.0,58.0,1,1,1,1,1
10245,9330560,318.0,31799.99999998196,1,1,0,1.0,0.0,318.0,1,1,1,1,1
10246,9330562,89.0,8899.99999999495,1,1,0,1.0,0.0,89.0,1,1,1,1,1
10247,9330566,164.0,16399.999999990698,1,1,0,1.0,0.0,164.0,1,1,1,1,1
10248,9330568,91.0,9099.999999994838,1,1,0,1.0,0.0,91.0,1,1,1,1,1
10249,9330572,66.0,6599.999999996256,1,1,0,1.0,0.0,66.0,1,1,1,1,1
10250,9330580,171.0,17099.999999990298,1,1,0,1.0,0.0,171.0,1,1,1,1,1
10251,9330582,180.0,17999.99999998979,1,1,0,1.0,0.0,180.0,1,1,1,1,1
10252,9330584,448.0,44799.999999974585,1,1,0,1.0,0.0,448.0,1,1,1,1,1
10253,9330586,226.0,22599.99999998718,1,1,0,1.0,0.0,226.0,1,1,1,1,1
10254,9330588,10.0,999.9999999994327,1,1,0,1.0,0.0,10.0,1,1,1,1,1
10255,9330590,144.0,14399.999999991831,1,1,0,1.0,0.0,144.0,1,1,1,1,1
10256,9330592,170.0,16999.999999990356,1,1,0,1.0,0.0,170.0,1,1,1,1,1
10257,9330594,75.0,7499.999999995745,1,1,0,1.0,0.0,75.0,1,1,1,1,1
10258,9330600,89.0,8899.99999999495,1,1,0,1.0,0.0,89.0,1,1,1,1,1
10259,9330602,9.0,899.9999999994894,1,1,0,1.0,0.0,9.0,1,1,1,1,1
10260,9330604,98.0,9799.999999994441,1,1,0,1.0,0.0,98.0,1,1,1,1,1
10261,9330606,994.0,99399.99999994361,1,1,0,1.0,0.0,994.0,1,1,1,1,1
10262,9330608,181.0,18099.999999989734,1,1,0,1.0,0.0,181.0,1,1,1,1,1
10263,9330610,785.0,78499.99999995547,1,1,0,1.0,0.0,785.0,1,1,1,1,1
10264,9330612,526.0,52599.99999997016,1,1,0,1.0,0.0,526.0,1,1,1,1,1
10265,9330616,72.0,7199.9999999959155,1,1,0,1.0,0.0,72.0,1,1,1,1,1
10266,9330618,186.0,18599.99999998945,1,1,0,1.0,0.0,186.0,1,1,1,1,1
10267,9330620,69.0,6899.9999999960855,1,1,0,1.0,0.0,69.0,1,1,1,1,1
10268,9330624,194.0,19399.999999988995,1,1,0,1.0,0.0,194.0,1,1,1,1,1
10269,9330626,71.0,7099.999999995972,1,1,0,1.0,0.0,71.0,1,1,1,1,1
10270,9330630,96.0,9599.999999994554,1,1,0,1.0,0.0,96.0,1,1,1,1,1
10271,9330634,182.0,18199.999999989675,1,1,0,1.0,0.0,182.0,1,1,1,1,1
10272,9330640,81.0,8099.999999995405,1,1,0,1.0,0.0,81.0,1,1,1,1,1
10273,9330644,32.0,3199.9999999981846,1,1,0,1.0,0.0,32.0,1,1,1,1,1
10274,9330646,142.0,14199.999999991944,1,1,0,1.0,0.0,142.0,1,1,1,1,1
10275,9330648,807.0,80699.99999995422,1,1,0,1.0,0.0,807.0,1,1,1,1,1
10276,9330650,242.0,24199.99999998627,1,1,0,1.0,0.0,242.0,1,1,1,1,1
10277,9330654,5.0,499.99999999971635,1,1,0,1.0,0.0,5.0,1,1,1,1,1
10278,9330656,63.0,6299.999999996426,1,1,0,1.0,0.0,63.0,1,1,1,1,1
10279,9330658,4.0,399.9999999997731,1,1,0,1.0,0.0,4.0,1,1,1,1,1
10280,9330660,65.0,6499.999999996313,1,1,0,1.0,0.0,65.0,1,1,1,1,1
10281,9330662,2385.0,238499.9999998647,1,1,0,1.0,0.0,2385.0,1,1,1,1,1
10282,9330666,1232.0,123199.9999999301,1,1,0,1.0,0.0,1232.0,1,1,1,1,1
10283,9330668,9.0,899.9999999994894,1,1,0,1.0,0.0,9.0,1,1,1,1,1
10284,9330672,786.0,78599.99999995541,1,1,0,1.0,0.0,786.0,1,1,1,1,1
10285,9330674,38.0,3799.9999999978445,1,1,0,1.0,0.0,38.0,1,1,1,1,1
10286,9330676,1.0,99.99999999994327,1,1,0,1.0,0.0,1.0,1,1,1,1,1
10287,9330678,352.0,35199.999999980035,1,1,0,1.0,0.0,352.0,1,1,1,1,1
10288,9330684,36.0,3599.9999999979577,1,1,0,1.0,0.0,36.0,1,1,1,1,1
10289,9330686,528.0,52799.999999970045,1,1,0,1.0,0.0,528.0,1,1,1,1,1
10290,9330696,72.0,7199.9999999959155,1,1,0,1.0,0.0,72.0,1,1,1,1,1
10291,9330698,139.0,13899.999999992115,1,1,0,1.0,0.0,139.0,1,1,1,1,1
10292,9330700,353.0,35299.99999997998,1,1,0,1.0,0.0,353.0,1,1,1,1,1
10293,9330702,37.0,3699.999999997901,1,1,0,1.0,0.0,37.0,1,1,1,1,1
10294,9330704,188.0,18799.999999989333,1,1,0,1.0,0.0,188.0,1,1,1,1,1
10295,9330706,122.0,12199.999999993079,1,1,0,1.0,0.0,122.0,1,1,1,1,1
10296,9330708,365.0,36499.99999997929,1,1,0,1.0,0.0,365.0,1,1,1,1,1
10297,9330710,482.0,48199.99999997266,1,1,0,1.0,0.0,482.0,1,1,1,1,1
10298,9330714,125.0,12499.99999999291,1,1,0,1.0,0.0,125.0,1,1,1,1,1
10299,9330716,72.0,7199.9999999959155,1,1,0,1.0,0.0,72.0,1,1,1,1,1
10300,9330718,352.0,35199.999999980035,1,1,0,1.0,0.0,352.0,1,1,1,1,1
10301,9330720,2147.0,214699.9999998782,1,1,0,1.0,0.0,2147.0,1,1,1,1,1
10302,9330722,5400.0,539999.9999996937,1,1,0,1.0,0.0,5400.0,1,1,1,1,1
10303,9330724,529.0,52899.99999996999,1,1,0,1.0,0.0,529.0,1,1,1,1,1
10304,9330726,115.0,11499.999999993475,1,1,0,1.0,0.0,115.0,1,1,1,1,1
10305,9330732,48.0,4799.999999997277,1,1,0,1.0,0.0,48.0,1,1,1,1,1
10306,9330740,5.0,499.99999999971635,1,1,0,1.0,0.0,5.0,1,1,1,1,1
10307,9330742,481.0,48099.999999972715,1,1,0,1.0,0.0,481.0,1,1,1,1,1
10308,9330744,2932.0,293199.99999983364,1,1,0,1.0,0.0,2932.0,1,1,1,1,1
10309,9330746,558.0,55799.99999996834,1,1,0,1.0,0.0,558.0,1,1,1,1,1
10310,9330748,2739.0,273899.99999984464,1,1,0,1.0,0.0,2739.0,1,1,1,1,1
10311,9330750,293.0,29299.999999983378,1,1,0,1.0,0.0,293.0,1,1,1,1,1
10312,9330756,1036.0,103599.99999994122,1,1,0,1.0,0.0,1036.0,1,1,1,1,1
10313,9330760,515.0,51499.99999997079,1,1,0,1.0,0.0,515.0,1,1,1,1,1
10314,9330762,2118.0,211799.99999987986,1,1,0,1.0,0.0,2118.0,1,1,1,1,1
10315,9330770,818.0,81799.9999999536,1,1,0,1.0,0.0,818.0,1,1,1,1,1
10316,9330772,781.0,78099.99999995569,1,1,0,1.0,0.0,781.0,1,1,1,1,1
10317,9330778,101.0,10099.99999999427,1,1,0,1.0,0.0,101.0,1,1,1,1,1
10318,9330780,214.0,21399.99999998786,1,1,0,1.0,0.0,214.0,1,1,1,1,1
10319,9330782,112.0,11199.999999993646,1,1,0,1.0,0.0,112.0,1,1,1,1,1
10320,9330784,233.0,23299.999999986783,1,1,0,1.0,0.0,233.0,1,1,1,1,1
10321,9330786,56.0,5599.999999996823,1,1,0,1.0,0.0,56.0,1,1,1,1,1
10322,9330788,390.0,38999.999999977874,1,1,0,1.0,0.0,390.0,1,1,1,1,1
10323,9330794,29.0,2899.9999999983547,1,1,0,1.0,0.0,29.0,1,1,1,1,1
10324,9330796,11.0,1099.999999999376,1,1,0,1.0,0.0,11.0,1,1,1,1,1
10325,9330798,78.0,7799.999999995575,1,1,0,1.0,0.0,78.0,1,1,1,1,1
10326,9330800,389.0,38899.99999997793,1,1,0,1.0,0.0,389.0,1,1,1,1,1
10327,9330804,924.0,92399.99999994758,1,1,0,1.0,0.0,924.0,1,1,1,1,1
10328,9330806,319.0,31899.999999981905,1,1,0,1.0,0.0,319.0,1,1,1,1,1
10329,9330808,40.0,3999.999999997731,1,1,0,1.0,0.0,40.0,1,1,1,1,1
10330,9330810,32.0,3199.9999999981846,1,1,0,1.0,0.0,32.0,1,1,1,1,1
10331,9330812,274.0,27399.999999984455,1,1,0,1.0,0.0,274.0,1,1,1,1,1
10332,9330814,18.0,1799.9999999989789,1,1,0,1.0,0.0,18.0,1,1,1,1,1
10333,9330816,30.0,2999.9999999982983,1,1,0,1.0,0.0,30.0,1,1,1,1,1
10334,9330820,42.0,4199.999999997617,1,1,0,1.0,0.0,42.0,1,1,1,1,1
10335,9330822,245.0,24499.999999986103,1,1,0,1.0,0.0,245.0,1,1,1,1,1
10336,9330828,203.0,20299.999999988482,1,1,0,1.0,0.0,203.0,1,1,1,1,1
10337,9330830,695.0,69499.99999996058,1,1,0,1.0,0.0,695.0,1,1,1,1,1
10338,9330832,85.0,8499.999999995178,1,1,0,1.0,0.0,85.0,1,1,1,1,1
10339,9330834,296.0,29599.999999983207,1,1,0,1.0,0.0,296.0,1,1,1,1,1
10340,9330836,104.0,10399.9999999941,1,1,0,1.0,0.0,104.0,1,1,1,1,1
10341,9330840,139.0,13899.999999992115,1,1,0,1.0,0.0,139.0,1,1,1,1,1
10342,9330854,136.0,13599.999999992284,1,1,0,1.0,0.0,136.0,1,1,1,1,1
10343,9330856,31.0,3099.9999999982415,1,1,0,1.0,0.0,31.0,1,1,1,1,1
10344,9330860,3837.0,383699.9999997823,1,1,0,1.0,0.0,3837.0,1,1,1,1,1
10345,9330870,145.0,14499.999999991775,1,1,0,1.0,0.0,145.0,1,1,1,1,1
10346,9330876,78.0,7799.999999995575,1,1,0,1.0,0.0,78.0,1,1,1,1,1
10347,9330878,186.0,18599.99999998945,1,1,0,1.0,0.0,186.0,1,1,1,1,1
10348,9330880,164.0,16399.999999990698,1,1,0,1.0,0.0,164.0,1,1,1,1,1
10349,9330882,4.0,399.9999999997731,1,1,0,1.0,0.0,4.0,1,1,1,1,1
10350,9330884,123.0,12299.999999993022,1,1,0,1.0,0.0,123.0,1,1,1,1,1
10351,9330886,14.0,1399.9999999992058,1,1,0,1.0,0.0,14.0,1,1,1,1,1
10352,9330894,77.0,7699.999999995632,1,1,0,1.0,0.0,77.0,1,1,1,1,1
10353,9330896,98.0,9799.999999994441,1,1,0,1.0,0.0,98.0,1,1,1,1,1
10354,9330898,376.0,37599.99999997867,1,1,0,1.0,0.0,376.0,1,1,1,1,1
10355,9330902,7.0,699.9999999996029,1,1,0,1.0,0.0,7.0,1,1,1,1,1
10356,9330904,149.0,14899.999999991547,1,1,0,1.0,0.0,149.0,1,1,1,1,1
10357,9330906,456.0,45599.999999974134,1,1,0,1.0,0.0,456.0,1,1,1,1,1
10358,9330908,2.0,199.99999999988654,1,1,0,1.0,0.0,2.0,1,1,1,1,1
10359,9330910,311.0,31099.999999982356,1,1,0,1.0,0.0,311.0,1,1,1,1,1
10360,9330912,4291.0,429099.9999997566,1,1,0,1.0,0.0,4291.0,1,1,1,1,1
10361,9330914,1284.0,128399.99999992715,1,1,0,1.0,0.0,1284.0,1,1,1,1,1
10362,9330916,5006.0,500599.999999716,1,1,0,1.0,0.0,5006.0,1,1,1,1,1
10363,9330920,1424.0,142399.9999999192,1,1,0,1.0,0.0,1424.0,1,1,1,1,1
10364,9330922,255.0,25499.999999985535,1,1,0,1.0,0.0,255.0,1,1,1,1,1
10365,9330924,173.0,17299.999999990185,1,1,0,1.0,0.0,173.0,1,1,1,1,1
10366,9330926,28.0,2799.9999999984116,1,1,0,1.0,0.0,28.0,1,1,1,1,1
10367,9330928,49.0,4899.999999997221,1,1,0,1.0,0.0,49.0,1,1,1,1,1
10368,9330930,314.0,31399.99999998219,1,1,0,1.0,0.0,314.0,1,1,1,1,1
10369,9330932,9.0,899.9999999994894,1,1,0,1.0,0.0,9.0,1,1,1,1,1
10370,9330936,21.0,2099.9999999988086,1,1,0,1.0,0.0,21.0,1,1,1,1,1
10371,9330938,380.0,37999.99999997844,1,1,0,1.0,0.0,380.0,1,1,1,1,1
10372,9330940,285.0,28499.999999983833,1,1,0,1.0,0.0,285.0,1,1,1,1,1
10373,9330942,905.0,90499.99999994866,1,1,0,1.0,0.0,905.0,1,1,1,1,1
10374,9330944,15840.0,1583999.9999991015,1,1,0,1.0,0.0,15840.0,1,1,1,1,1
10375,9330946,5502.0,550199.9999996879,1,1,0,1.0,0.0,5502.0,1,1,1,1,1
10376,9330948,208.0,20799.9999999882,1,1,0,1.0,0.0,208.0,1,1,1,1,1
10377,9330950,29.0,2899.9999999983547,1,1,0,1.0,0.0,29.0,1,1,1,1,1
10378,9330952,143.0,14299.999999991887,1,1,0,1.0,0.0,143.0,1,1,1,1,1
10379,9330956,60.0,5999.999999996597,1,1,0,1.0,0.0,60.0,1,1,1,1,1
10380,9330958,6495.0,649499.9999996315,1,1,0,1.0,0.0,6495.0,1,1,1,1,1
10381,9330960,497.0,49699.999999971806,1,1,0,1.0,0.0,497.0,1,1,1,1,1
10382,9330962,2252.0,225199.99999987223,1,1,0,1.0,0.0,2252.0,1,1,1,1,1
10383,9330964,342.0,34199.999999980595,1,1,0,1.0,0.0,342.0,1,1,1,1,1
10384,9330966,43.0,4299.999999997561,1,1,0,1.0,0.0,43.0,1,1,1,1,1
10385,9330968,105.0,10499.999999994043,1,1,0,1.0,0.0,105.0,1,1,1,1,1
10386,9330970,9.0,899.9999999994894,1,1,0,1.0,0.0,9.0,1,1,1,1,1
10387,9330972,127.0,12699.999999992795,1,1,0,1.0,0.0,127.0,1,1,1,1,1
10388,9330974,157.0,15699.999999991094,1,1,0,1.0,0.0,157.0,1,1,1,1,1
10389,9330976,373.0,37299.99999997884,1,1,0,1.0,0.0,373.0,1,1,1,1,1
10390,9330978,762.0,76199.99999995677,1,1,0,1.0,0.0,762.0,1,1,1,1,1
10391,9330980,93.0,9299.999999994725,1,1,0,1.0,0.0,93.0,1,1,1,1,1
10392,9330982,134.0,13399.999999992398,1,1,0,1.0,0.0,134.0,1,1,1,1,1
10393,9330984,28.0,2799.9999999984116,1,1,0,1.0,0.0,28.0,1,1,1,1,1
10394,9330988,2.0,199.99999999988654,1,1,0,1.0,0.0,2.0,1,1,1,1,1
10395,9330992,160.0,15999.999999990923,1,1,0,1.0,0.0,160.0,1,1,1,1,1
10396,9330994,150.0,14999.99999999149,1,1,0,1.0,0.0,150.0,1,1,1,1,1
10397,9330996,1432.0,143199.99999991877,1,1,0,1.0,0.0,1432.0,1,1,1,1,1
10398,9330998,22.0,2199.999999998752,1,1,0,1.0,0.0,22.0,1,1,1,1,1
10399,9331002,569.0,56899.999999967724,1,1,0,1.0,0.0,569.0,1,1,1,1,1
10400,9331004,329.0,32899.99999998134,1,1,0,1.0,0.0,329.0,1,1,1,1,1
10401,9331006,66.0,6599.999999996256,1,1,0,1.0,0.0,66.0,1,1,1,1,1
10402,9331010,1.0,99.99999999994327,1,1,0,1.0,0.0,1.0,1,1,1,1,1
10403,9331012,594.0,59399.999999966305,1,1,0,1.0,0.0,594.0,1,1,1,1,1
10404,9331014,4.0,399.9999999997731,1,1,0,1.0,0.0,4.0,1,1,1,1,1
10405,9331022,86.0,8599.999999995121,1,1,0,1.0,0.0,86.0,1,1,1,1,1
10406,9331026,510.0,50999.99999997107,1,1,0,1.0,0.0,510.0,1,1,1,1,1
10407,9331028,1226.0,122599.99999993046,1,1,0,1.0,0.0,1226.0,1,1,1,1,1
10408,9331030,2.0,199.99999999988654,1,1,0,1.0,0.0,2.0,1,1,1,1,1
10409,9331032,195.0,19499.999999988937,1,1,0,1.0,0.0,195.0,1,1,1,1,1
10410,9331034,177.0,17699.99999998996,1,1,0,1.0,0.0,177.0,1,1,1,1,1
10411,9331036,4.0,399.9999999997731,1,1,0,1.0,0.0,4.0,1,1,1,1,1
10412,9331038,10.0,999.9999999994327,1,1,0,1.0,0.0,10.0,1,1,1,1,1
10413,9331040,53.0,5299.999999996993,1,1,0,1.0,0.0,53.0,1,1,1,1,1
10414,9331044,2458.0,245799.99999986056,1,1,0,1.0,0.0,2458.0,1,1,1,1,1
10415,9331046,18.0,1799.9999999989789,1,1,0,1.0,0.0,18.0,1,1,1,1,1
10416,9331048,369.0,36899.99999997907,1,1,0,1.0,0.0,369.0,1,1,1,1,1
10417,9331050,18.0,1799.9999999989789,1,1,0,1.0,0.0,18.0,1,1,1,1,1
10418,9331052,223.0,22299.99999998735,1,1,0,1.0,0.0,223.0,1,1,1,1,1
10419,9331054,91.0,9099.999999994838,1,1,0,1.0,0.0,91.0,1,1,1,1,1
10420,9331056,49.0,4899.999999997221,1,1,0,1.0,0.0,49.0,1,1,1,1,1
10421,9331058,436.0,43599.99999997527,1,1,0,1.0,0.0,436.0,1,1,1,1,1
10422,9331060,171.0,17099.999999990298,1,1,0,1.0,0.0,171.0,1,1,1,1,1
10423,9331062,198.0,19799.999999988766,1,1,0,1.0,0.0,198.0,1,1,1,1,1
10424,9331068,1.0,99.99999999994327,1,1,0,1.0,0.0,1.0,1,1,1,1,1
10425,9331070,398.0,39799.99999997742,1,1,0,1.0,0.0,398.0,1,1,1,1,1
10426,9331072,4530.0,452999.999999743,1,1,0,1.0,0.0,4530.0,1,1,1,1,1
10427,9331074,672.0,67199.99999996187,1,1,0,1.0,0.0,672.0,1,1,1,1,1
10428,9331078,4.0,399.9999999997731,1,1,0,1.0,0.0,4.0,1,1,1,1,1
10429,9331084,1269.0,126899.99999992801,1,1,0,1.0,0.0,1269.0,1,1,1,1,1
10430,9331086,1686.0,168599.99999990436,1,1,0,1.0,0.0,1686.0,1,1,1,1,1
10431,9331088,99.0,9899.999999994383,1,1,0,1.0,0.0,99.0,1,1,1,1,1
10432,9331090,8.0,799.9999999995462,1,1,0,1.0,0.0,8.0,1,1,1,1,1
10433,9331092,534.0,53399.9999999697,1,1,0,1.0,0.0,534.0,1,1,1,1,1
10434,9331096,1603.0,160299.99999990905,1,1,0,1.0,0.0,1603.0,1,1,1,1,1
10435,9331100,1090.0,108999.99999993817,1,1,0,1.0,0.0,1090.0,1,1,1,1,1
10436,9331102,151.0,15099.999999991434,1,1,0,1.0,0.0,151.0,1,1,1,1,1
10437,9331106,1179.0,117899.99999993312,1,1,0,1.0,0.0,1179.0,1,1,1,1,1
10438,9331112,48.0,4799.999999997277,1,1,0,1.0,0.0,48.0,1,1,1,1,1
10439,9331122,14.0,1399.9999999992058,1,1,0,1.0,0.0,14.0,1,1,1,1,1
10440,9331124,106.0,10599.999999993986,1,1,0,1.0,0.0,106.0,1,1,1,1,1
10441,9331126,161.0,16099.999999990867,1,1,0,1.0,0.0,161.0,1,1,1,1,1
10442,9331128,947.0,94699.99999994627,1,1,0,1.0,0.0,947.0,1,1,1,1,1
10443,9331132,14.0,1399.9999999992058,1,1,0,1.0,0.0,14.0,1,1,1,1,1
10444,9331134,343.0,34299.999999980544,1,1,0,1.0,0.0,343.0,1,1,1,1,1
10445,9331138,430.0,42999.999999975604,1,1,0,1.0,0.0,430.0,1,1,1,1,1
10446,9331142,134.0,13399.999999992398,1,1,0,1.0,0.0,134.0,1,1,1,1,1
10447,9331144,55.0,5499.9999999968795,1,1,0,1.0,0.0,55.0,1,1,1,1,1
10448,9331150,18.0,1799.9999999989789,1,1,0,1.0,0.0,18.0,1,1,1,1,1
10449,9331158,10.0,999.9999999994327,1,1,0,1.0,0.0,10.0,1,1,1,1,1
10450,9331160,191.0,19099.999999989166,1,1,0,1.0,0.0,191.0,1,1,1,1,1
10451,9331172,39.0,3899.9999999977877,1,1,0,1.0,0.0,39.0,1,1,1,1,1
10452,9331178,450.0,44999.99999997447,1,1,0,1.0,0.0,450.0,1,1,1,1,1
10453,9331186,3.0,299.9999999998298,1,1,0,1.0,0.0,3.0,1,1,1,1,1
10454,9331192,37.0,3699.999999997901,1,1,0,1.0,0.0,37.0,1,1,1,1,1
10455,9331194,216.0,21599.999999987747,1,1,0,1.0,0.0,216.0,1,1,1,1,1
10456,9331196,87.0,8699.999999995065,1,1,0,1.0,0.0,87.0,1,1,1,1,1
10457,9331198,34.0,3399.999999998071,1,1,0,1.0,0.0,34.0,1,1,1,1,1
10458,9331200,224.0,22399.999999987293,1,1,0,1.0,0.0,224.0,1,1,1,1,1
10459,9331210,278.0,27799.99999998423,1,1,0,1.0,0.0,278.0,1,1,1,1,1
10460,9331212,1.0,99.99999999994327,1,1,0,1.0,0.0,1.0,1,1,1,1,1
10461,9331214,126.0,12599.999999992851,1,1,0,1.0,0.0,126.0,1,1,1,1,1
10462,9331224,11.0,1099.999999999376,1,1,0,1.0,0.0,11.0,1,1,1,1,1
10463,9331228,210.0,20999.999999988086,1,1,0,1.0,0.0,210.0,1,1,1,1,1
10464,9331230,69.0,6899.9999999960855,1,1,0,1.0,0.0,69.0,1,1,1,1,1
10465,9331234,122.0,12199.999999993079,1,1,0,1.0,0.0,122.0,1,1,1,1,1
10466,9331240,35.0,3499.9999999980146,1,1,0,1.0,0.0,35.0,1,1,1,1,1
10467,9331248,71.0,7099.999999995972,1,1,0,1.0,0.0,71.0,1,1,1,1,1
10468,9331252,110.0,10999.999999993759,1,1,0,1.0,0.0,110.0,1,1,1,1,1
10469,9331258,30.0,2999.9999999982983,1,1,0,1.0,0.0,30.0,1,1,1,1,1
10470,9331266,13.0,1299.9999999992624,1,1,0,1.0,0.0,13.0,1,1,1,1,1
10471,9331272,12.0,1199.9999999993192,1,1,0,1.0,0.0,12.0,1,1,1,1,1
10472,9331274,21.0,2099.9999999988086,1,1,0,1.0,0.0,21.0,1,1,1,1,1
10473,9331278,106.0,10599.999999993986,1,1,0,1.0,0.0,106.0,1,1,1,1,1
10474,9331288,6.0,599.9999999996596,1,1,0,1.0,0.0,6.0,1,1,1,1,1
10475,9331290,10.0,999.9999999994327,1,1,0,1.0,0.0,10.0,1,1,1,1,1
10476,9331294,26.0,2599.999999998525,1,1,0,1.0,0.0,26.0,1,1,1,1,1
10477,9331298,914.0,91399.99999994815,1,1,0,1.0,0.0,914.0,1,1,1,1,1
10478,9331300,21.0,2099.9999999988086,1,1,0,1.0,0.0,21.0,1,1,1,1,1
10479,9331302,573.0,57299.99999996749,1,1,0,1.0,0.0,573.0,1,1,1,1,1
10480,9331306,116.0,11599.999999993419,1,1,0,1.0,0.0,116.0,1,1,1,1,1
10481,9331316,62.0,6199.999999996483,1,1,0,1.0,0.0,62.0,1,1,1,1,1
10482,9331318,27.0,2699.9999999984684,1,1,0,1.0,0.0,27.0,1,1,1,1,1
10483,9331320,293.0,29299.999999983378,1,1,0,1.0,0.0,293.0,1,1,1,1,1
10484,9331322,33.0,3299.999999998128,1,1,0,1.0,0.0,33.0,1,1,1,1,1
10485,9331324,319.0,31899.999999981905,1,1,0,1.0,0.0,319.0,1,1,1,1,1
10486,9331326,84.0,8399.999999995234,1,1,0,1.0,0.0,84.0,1,1,1,1,1
10487,9331342,713.0,71299.99999995955,1,1,0,1.0,0.0,713.0,1,1,1,1,1
10488,9331346,308.0,30799.999999982527,1,1,0,1.0,0.0,308.0,1,1,1,1,1
10489,9331350,252.0,25199.999999985703,1,1,0,1.0,0.0,252.0,1,1,1,1,1
10490,9331354,270.0,26999.999999984684,1,1,0,1.0,0.0,270.0,1,1,1,1,1
10491,9331358,96.0,9599.999999994554,1,1,0,1.0,0.0,96.0,1,1,1,1,1
10492,9331360,21.0,2099.9999999988086,1,1,0,1.0,0.0,21.0,1,1,1,1,1
10493,9331364,142.0,14199.999999991944,1,1,0,1.0,0.0,142.0,1,1,1,1,1
10494,9331372,26.0,2599.999999998525,1,1,0,1.0,0.0,26.0,1,1,1,1,1
10495,9331378,1.0,99.99999999994327,1,1,0,1.0,0.0,1.0,1,1,1,1,1
10496,9331388,8.0,799.9999999995462,1,1,0,1.0,0.0,8.0,1,1,1,1,1
10497,9331398,146.0,14599.999999991718,1,1,0,1.0,0.0,146.0,1,1,1,1,1
10498,9331404,23.0,2299.9999999986953,1,1,0,1.0,0.0,23.0,1,1,1,1,1
10499,9331410,274.0,27399.999999984455,1,1,0,1.0,0.0,274.0,1,1,1,1,1
10500,9331412,460.0,45999.9999999739,1,1,0,1.0,0.0,460.0,1,1,1,1,1
10501,9331416,1266.0,126599.99999992819,1,1,0,1.0,0.0,1266.0,1,1,1,1,1
10502,9331442,3.0,299.9999999998298,1,1,0,1.0,0.0,3.0,1,1,1,1,1
10503,9331446,37.0,3699.999999997901,1,1,0,1.0,0.0,37.0,1,1,1,1,1
10504,9331452,32.0,3199.9999999981846,1,1,0,1.0,0.0,32.0,1,1,1,1,1
10505,9331454,7.0,699.9999999996029,1,1,0,1.0,0.0,7.0,1,1,1,1,1
10506,9331458,223.0,22299.99999998735,1,1,0,1.0,0.0,223.0,1,1,1,1,1
10507,9331466,28.0,2799.9999999984116,1,1,0,1.0,0.0,28.0,1,1,1,1,1
10508,9331468,4.0,399.9999999997731,1,1,0,1.0,0.0,4.0,1,1,1,1,1
10509,9331470,9.0,899.9999999994894,1,1,0,1.0,0.0,9.0,1,1,1,1,1
10510,9331476,110.0,10999.999999993759,1,1,0,1.0,0.0,110.0,1,1,1,1,1
10511,9331488,103.0,10299.999999994157,1,1,0,1.0,0.0,103.0,1,1,1,1,1
10512,9331490,3.0,299.9999999998298,1,1,0,1.0,0.0,3.0,1,1,1,1,1
10513,9331492,215.0,21499.999999987802,1,1,0,1.0,0.0,215.0,1,1,1,1,1
10514,9331494,8.0,799.9999999995462,1,1,0,1.0,0.0,8.0,1,1,1,1,1
10515,9331496,23.0,2299.9999999986953,1,1,0,1.0,0.0,23.0,1,1,1,1,1
10516,9331502,3376.0,337599.9999998085,1,1,0,1.0,0.0,3376.0,1,1,1,1,1
10517,9331510,198.0,19799.999999988766,1,1,0,1.0,0.0,198.0,1,1,1,1,1
10518,9331514,109.0,10899.999999993817,1,1,0,1.0,0.0,109.0,1,1,1,1,1
10519,9331518,2212.0,221199.9999998745,1,1,0,1.0,0.0,2212.0,1,1,1,1,1
10520,9331520,8088.0,808799.9999995412,1,1,0,1.0,0.0,8088.0,1,1,1,1,1
10521,9331526,214.0,21399.99999998786,1,1,0,1.0,0.0,214.0,1,1,1,1,1
10522,9331528,671.0,67099.99999996193,1,1,0,1.0,0.0,671.0,1,1,1,1,1
10523,9331532,126.0,12599.999999992851,1,1,0,1.0,0.0,126.0,1,1,1,1,1
10524,9331536,195.0,19499.999999988937,1,1,0,1.0,0.0,195.0,1,1,1,1,1
10525,9331540,1341.0,134099.99999992392,1,1,0,1.0,0.0,1341.0,1,1,1,1,1
10526,9331544,7538.0,753799.9999995724,1,1,0,1.0,0.0,7538.0,1,1,1,1,1
10527,9331546,1967.0,196699.99999988842,1,1,0,1.0,0.0,1967.0,1,1,1,1,1
10528,9331548,491.0,49099.99999997215,1,1,0,1.0,0.0,491.0,1,1,1,1,1
10529,9331552,719.0,71899.99999995921,1,1,0,1.0,0.0,719.0,1,1,1,1,1
10530,9331554,3543.0,354299.999999799,1,1,0,1.0,0.0,3543.0,1,1,1,1,1
10531,9331558,308.0,30799.999999982527,1,1,0,1.0,0.0,308.0,1,1,1,1,1
10532,9331562,163.0,16299.999999990752,1,1,0,1.0,0.0,163.0,1,1,1,1,1
10533,9331566,10.0,999.9999999994327,1,1,0,1.0,0.0,10.0,1,1,1,1,1
10534,9331570,3.0,299.9999999998298,1,1,0,1.0,0.0,3.0,1,1,1,1,1
10535,9331572,1064.0,106399.99999993964,1,1,0,1.0,0.0,1064.0,1,1,1,1,1
10536,9331576,156.0,15599.99999999115,1,1,0,1.0,0.0,156.0,1,1,1,1,1
10537,9331580,475.0,47499.99999997305,1,1,0,1.0,0.0,475.0,1,1,1,1,1
10538,9331590,1406.0,140599.99999992023,1,1,0,1.0,0.0,1406.0,1,1,1,1,1
10539,9331596,113.0,11299.99999999359,1,1,0,1.0,0.0,113.0,1,1,1,1,1
10540,9331600,586.0,58599.999999966756,1,1,0,1.0,0.0,586.0,1,1,1,1,1
10541,9331610,151.0,15099.999999991434,1,1,0,1.0,0.0,151.0,1,1,1,1,1
10542,9331616,282.0,28199.999999984004,1,1,0,1.0,0.0,282.0,1,1,1,1,1
10543,9331618,135.0,13499.999999992342,1,1,0,1.0,0.0,135.0,1,1,1,1,1
10544,9331620,244.0,24399.999999986157,1,1,0,1.0,0.0,244.0,1,1,1,1,1
10545,9331622,142.0,14199.999999991944,1,1,0,1.0,0.0,142.0,1,1,1,1,1
10546,9331624,116.0,11599.999999993419,1,1,0,1.0,0.0,116.0,1,1,1,1,1
10547,9331634,90.0,8999.999999994894,1,1,0,1.0,0.0,90.0,1,1,1,1,1
10548,9331642,43.0,4299.999999997561,1,1,0,1.0,0.0,43.0,1,1,1,1,1
10549,9331648,314.0,31399.99999998219,1,1,0,1.0,0.0,314.0,1,1,1,1,1
10550,9331654,19.0,1899.9999999989222,1,1,0,1.0,0.0,19.0,1,1,1,1,1
10551,9331656,17.0,1699.9999999990355,1,1,0,1.0,0.0,17.0,1,1,1,1,1
10552,9331660,1.0,99.99999999994327,1,1,0,1.0,0.0,1.0,1,1,1,1,1
10553,9331662,81.0,8099.999999995405,1,1,0,1.0,0.0,81.0,1,1,1,1,1
10554,9331664,12.0,1199.9999999993192,1,1,0,1.0,0.0,12.0,1,1,1,1,1
10555,9331666,20.0,1999.9999999988654,1,1,0,1.0,0.0,20.0,1,1,1,1,1
10556,9331672,18.0,1799.9999999989789,1,1,0,1.0,0.0,18.0,1,1,1,1,1
10557,9331674,106.0,10599.999999993986,1,1,0,1.0,0.0,106.0,1,1,1,1,1
10558,9331676,281.0,28099.99999998406,1,1,0,1.0,0.0,281.0,1,1,1,1,1
10559,9331680,31.0,3099.9999999982415,1,1,0,1.0,0.0,31.0,1,1,1,1,1
10560,9331684,221.0,22099.999999987464,1,1,0,1.0,0.0,221.0,1,1,1,1,1
10561,9331686,52.0,5199.99999999705,1,1,0,1.0,0.0,52.0,1,1,1,1,1
10562,9331690,73.0,7299.999999995859,1,1,0,1.0,0.0,73.0,1,1,1,1,1
10563,9331700,35.0,3499.9999999980146,1,1,0,1.0,0.0,35.0,1,1,1,1,1
10564,9331712,3.0,299.9999999998298,1,1,0,1.0,0.0,3.0,1,1,1,1,1
10565,9331714,5.0,499.99999999971635,1,1,0,1.0,0.0,5.0,1,1,1,1,1
10566,9331718,26.0,2599.999999998525,1,1,0,1.0,0.0,26.0,1,1,1,1,1
10567,9331720,21.0,2099.9999999988086,1,1,0,1.0,0.0,21.0,1,1,1,1,1
10568,9331726,83.0,8299.99999999529,1,1,0,1.0,0.0,83.0,1,1,1,1,1
10569,9332150,124.0,12399.999999992966,1,1,0,1.0,0.0,124.0,1,1,1,1,1
10570,9332160,34.0,3399.999999998071,1,1,0,1.0,0.0,34.0,1,1,1,1,1
10571,9332164,244.0,24399.999999986157,1,1,0,1.0,0.0,244.0,1,1,1,1,1
10572,9332170,107.0,10699.99999999393,1,1,0,1.0,0.0,107.0,1,1,1,1,1
10573,9332172,174.0,17399.99999999013,1,1,0,1.0,0.0,174.0,1,1,1,1,1
10574,9332176,1690.0,168999.99999990413,1,1,0,1.0,0.0,1690.0,1,1,1,1,1
10575,9332180,1208.0,120799.99999993148,1,1,0,1.0,0.0,1208.0,1,1,1,1,1
10576,9332182,272.0,27199.999999984568,1,1,0,1.0,0.0,272.0,1,1,1,1,1
10577,9332192,1515.0,151499.99999991406,1,1,0,1.0,0.0,1515.0,1,1,1,1,1
10578,9332194,210.0,20999.999999988086,1,1,0,1.0,0.0,210.0,1,1,1,1,1
10579,9332196,4.0,399.9999999997731,1,1,0,1.0,0.0,4.0,1,1,1,1,1
10580,9332202,928.0,92799.99999994735,1,1,0,1.0,0.0,928.0,1,1,1,1,1
10581,9332204,1560.0,155999.9999999115,1,1,0,1.0,0.0,1560.0,1,1,1,1,1
10582,9332206,172.0,17199.999999990243,1,1,0,1.0,0.0,172.0,1,1,1,1,1
10583,9332208,75.0,7499.999999995745,1,1,0,1.0,0.0,75.0,1,1,1,1,1
10584,9332210,61.0,6099.999999996539,1,1,0,1.0,0.0,61.0,1,1,1,1,1
10585,9332214,22.0,2199.999999998752,1,1,0,1.0,0.0,22.0,1,1,1,1,1
10586,9332216,45.0,4499.999999997447,1,1,0,1.0,0.0,45.0,1,1,1,1,1
10587,9332220,273.0,27299.999999984513,1,1,0,1.0,0.0,273.0,1,1,1,1,1
10588,9332222,489.0,48899.99999997226,1,1,0,1.0,0.0,489.0,1,1,1,1,1
10589,9332228,112.0,11199.999999993646,1,1,0,1.0,0.0,112.0,1,1,1,1,1
10590,9332230,1756.0,175599.99999990038,1,1,0,1.0,0.0,1756.0,1,1,1,1,1
10591,9332234,36.0,3599.9999999979577,1,1,0,1.0,0.0,36.0,1,1,1,1,1
10592,9332236,55.0,5499.9999999968795,1,1,0,1.0,0.0,55.0,1,1,1,1,1
10593,9332238,393.0,39299.99999997771,1,1,0,1.0,0.0,393.0,1,1,1,1,1
10594,9332240,973.0,97299.9999999448,1,1,0,1.0,0.0,973.0,1,1,1,1,1
10595,9332242,1557.0,155699.99999991167,1,1,0,1.0,0.0,1557.0,1,1,1,1,1
10596,9332246,1371.0,137099.99999992223,1,1,0,1.0,0.0,1371.0,1,1,1,1,1
10597,9332248,189.0,18899.99999998928,1,1,0,1.0,0.0,189.0,1,1,1,1,1
10598,9332252,337.0,33699.99999998088,1,1,0,1.0,0.0,337.0,1,1,1,1,1
10599,9332256,85.0,8499.999999995178,1,1,0,1.0,0.0,85.0,1,1,1,1,1
10600,9332258,398.0,39799.99999997742,1,1,0,1.0,0.0,398.0,1,1,1,1,1
10601,9332264,580.0,57999.9999999671,1,1,0,1.0,0.0,580.0,1,1,1,1,1
10602,9332266,9090.0,908999.9999994843,1,1,0,1.0,0.0,9090.0,1,1,1,1,1
10603,9332268,50.0,4999.999999997163,1,1,0,1.0,0.0,50.0,1,1,1,1,1
10604,9332270,841.0,84099.99999995228,1,1,0,1.0,0.0,841.0,1,1,1,1,1
10605,9332272,58.0,5799.999999996709,1,1,0,1.0,0.0,58.0,1,1,1,1,1
10606,9332274,623.0,62299.99999996466,1,1,0,1.0,0.0,623.0,1,1,1,1,1
10607,9332278,572.0,57199.99999996755,1,1,0,1.0,0.0,572.0,1,1,1,1,1
10608,9332280,593.0,59299.999999966356,1,1,0,1.0,0.0,593.0,1,1,1,1,1
10609,9332290,85.0,8499.999999995178,1,1,0,1.0,0.0,85.0,1,1,1,1,1
10610,9332294,1342.0,134199.99999992386,1,1,0,1.0,0.0,1342.0,1,1,1,1,1
10611,9332296,522.0,52199.99999997039,1,1,0,1.0,0.0,522.0,1,1,1,1,1
10612,9332298,915.0,91499.9999999481,1,1,0,1.0,0.0,915.0,1,1,1,1,1
10613,9332300,976.0,97599.99999994463,1,1,0,1.0,0.0,976.0,1,1,1,1,1
10614,9332304,19472.0,1947199.9999988955,1,1,0,1.0,0.0,19472.0,1,1,1,1,1
10615,9332308,741.0,74099.99999995796,1,1,0,1.0,0.0,741.0,1,1,1,1,1
10616,9332314,182.0,18199.999999989675,1,1,0,1.0,0.0,182.0,1,1,1,1,1
10617,9332324,143.0,14299.999999991887,1,1,0,1.0,0.0,143.0,1,1,1,1,1
10618,9332328,277.0,27699.999999984288,1,1,0,1.0,0.0,277.0,1,1,1,1,1
10619,9332330,3014.0,301399.99999982904,1,1,0,1.0,0.0,3014.0,1,1,1,1,1
10620,9332332,233.0,23299.999999986783,1,1,0,1.0,0.0,233.0,1,1,1,1,1
10621,9332334,486.0,48599.99999997243,1,1,0,1.0,0.0,486.0,1,1,1,1,1
10622,9332336,582.0,58199.99999996698,1,1,0,1.0,0.0,582.0,1,1,1,1,1
10623,9332338,1648.0,164799.99999990652,1,1,0,1.0,0.0,1648.0,1,1,1,1,1
10624,9332342,1621.0,162099.99999990803,1,1,0,1.0,0.0,1621.0,1,1,1,1,1
10625,9332344,542.0,54199.99999996925,1,1,0,1.0,0.0,542.0,1,1,1,1,1
10626,9332346,636.0,63599.99999996392,1,1,0,1.0,0.0,636.0,1,1,1,1,1
10627,9332350,182.0,18199.999999989675,1,1,0,1.0,0.0,182.0,1,1,1,1,1
10628,9332352,47.0,4699.999999997333,1,1,0,1.0,0.0,47.0,1,1,1,1,1
10629,9332354,51.0,5099.999999997107,1,1,0,1.0,0.0,51.0,1,1,1,1,1
10630,9332356,9.0,899.9999999994894,1,1,0,1.0,0.0,9.0,1,1,1,1,1
10631,9332360,835.0,83499.99999995263,1,1,0,1.0,0.0,835.0,1,1,1,1,1
10632,9332362,374.0,37399.99999997878,1,1,0,1.0,0.0,374.0,1,1,1,1,1
10633,9332364,311.0,31099.999999982356,1,1,0,1.0,0.0,311.0,1,1,1,1,1
10634,9332366,2071.0,207099.9999998825,1,1,0,1.0,0.0,2071.0,1,1,1,1,1
10635,9332368,140.0,13999.999999992058,1,1,0,1.0,0.0,140.0,1,1,1,1,1
10636,9332374,336.0,33599.99999998094,1,1,0,1.0,0.0,336.0,1,1,1,1,1
10637,9332376,268.0,26799.999999984797,1,1,0,1.0,0.0,268.0,1,1,1,1,1
10638,9332378,242.0,24199.99999998627,1,1,0,1.0,0.0,242.0,1,1,1,1,1
10639,9332380,46.0,4599.999999997391,1,1,0,1.0,0.0,46.0,1,1,1,1,1
10640,9332382,977.0,97699.99999994457,1,1,0,1.0,0.0,977.0,1,1,1,1,1
10641,9332384,521.0,52099.999999970445,1,1,0,1.0,0.0,521.0,1,1,1,1,1
10642,9332386,5.0,499.99999999971635,1,1,0,1.0,0.0,5.0,1,1,1,1,1
10643,9332388,1656.0,165599.99999990605,1,1,0,1.0,0.0,1656.0,1,1,1,1,1
10644,9332460,232.0,23199.999999986838,1,1,0,1.0,0.0,232.0,1,1,1,1,1
10645,9332462,677.0,67699.9999999616,1,1,0,1.0,0.0,677.0,1,1,1,1,1
10646,9332464,1620.0,161999.9999999081,1,1,0,1.0,0.0,1620.0,1,1,1,1,1
10647,9332466,8513.0,851299.9999995171,1,1,0,1.0,0.0,8513.0,1,1,1,1,1
10648,9332490,250.0,24999.99999998582,1,1,0,1.0,0.0,250.0,1,1,1,1,1
10649,9332494,668.0,66799.9999999621,1,1,0,1.0,0.0,668.0,1,1,1,1,1
10650,9332496,203.0,20299.999999988482,1,1,0,1.0,0.0,203.0,1,1,1,1,1
10651,9332502,2838.0,283799.999999839,1,1,0,1.0,0.0,2838.0,1,1,1,1,1
10652,9332506,4072.0,407199.999999769,1,1,0,1.0,0.0,4072.0,1,1,1,1,1
10653,9332508,1811.0,181099.99999989726,1,1,0,1.0,0.0,1811.0,1,1,1,1,1
10654,9332512,1138.0,113799.99999993545,1,1,0,1.0,0.0,1138.0,1,1,1,1,1
10655,9332514,15.0,1499.9999999991492,1,1,0,1.0,0.0,15.0,1,1,1,1,1
10656,9332518,2800.0,279999.99999984115,1,1,0,1.0,0.0,2800.0,1,1,1,1,1
10657,9332520,606.0,60599.99999996562,1,1,0,1.0,0.0,606.0,1,1,1,1,1
10658,9332522,25.0,2499.9999999985816,1,1,0,1.0,0.0,25.0,1,1,1,1,1
10659,9332524,7.0,699.9999999996029,1,1,0,1.0,0.0,7.0,1,1,1,1,1
10660,9332526,9380.0,937999.9999994679,1,1,0,1.0,0.0,9380.0,1,1,1,1,1
10661,9332528,238.0,23799.9999999865,1,1,0,1.0,0.0,238.0,1,1,1,1,1
10662,9332530,6.0,599.9999999996596,1,1,0,1.0,0.0,6.0,1,1,1,1,1
10663,9332532,751.0,75099.99999995739,1,1,0,1.0,0.0,751.0,1,1,1,1,1
10664,9332536,3532.0,353199.99999979965,1,1,0,1.0,0.0,3532.0,1,1,1,1,1
10665,9332538,13721.0,1372099.9999992216,1,1,0,1.0,0.0,13721.0,1,1,1,1,1
10666,9332542,76.0,7599.999999995689,1,1,0,1.0,0.0,76.0,1,1,1,1,1
10667,9332546,749.0,74899.99999995751,1,1,0,1.0,0.0,749.0,1,1,1,1,1
10668,9332548,39.0,3899.9999999977877,1,1,0,1.0,0.0,39.0,1,1,1,1,1
10669,9332550,200.0,19999.999999988653,1,1,0,1.0,0.0,200.0,1,1,1,1,1
10670,9332552,9380.0,937999.9999994679,1,1,0,1.0,0.0,9380.0,1,1,1,1,1
10671,9332554,215.0,21499.999999987802,1,1,0,1.0,0.0,215.0,1,1,1,1,1
10672,9332558,906.0,90599.9999999486,1,1,0,1.0,0.0,906.0,1,1,1,1,1
10673,9332560,151.0,15099.999999991434,1,1,0,1.0,0.0,151.0,1,1,1,1,1
10674,9332562,41.0,4099.999999997674,1,1,0,1.0,0.0,41.0,1,1,1,1,1
10675,9332564,47.0,4699.999999997333,1,1,0,1.0,0.0,47.0,1,1,1,1,1
10676,9332566,65.0,6499.999999996313,1,1,0,1.0,0.0,65.0,1,1,1,1,1
10677,9332570,457.0,45699.999999974076,1,1,0,1.0,0.0,457.0,1,1,1,1,1
10678,9332572,185.0,18499.999999989504,1,1,0,1.0,0.0,185.0,1,1,1,1,1
10679,9332580,159.0,15899.99999999098,1,1,0,1.0,0.0,159.0,1,1,1,1,1
10680,9332582,1386.0,138599.99999992136,1,1,0,1.0,0.0,1386.0,1,1,1,1,1
10681,9332584,369.0,36899.99999997907,1,1,0,1.0,0.0,369.0,1,1,1,1,1
10682,9332586,9.0,899.9999999994894,1,1,0,1.0,0.0,9.0,1,1,1,1,1
10683,9336412,3071.0,307099.9999998258,1,1,0,1.0,0.0,3071.0,1,1,1,1,1
10684,9336440,65.0,6499.999999996313,1,1,0,1.0,0.0,65.0,1,1,1,1,1
10685,9336444,732.0,73199.99999995847,1,1,0,1.0,0.0,732.0,1,1,1,1,1
10686,9336446,1629.0,162899.9999999076,1,1,0,1.0,0.0,1629.0,1,1,1,1,1
10687,9342549,34.0,3399.999999998071,1,1,0,1.0,0.0,34.0,1,1,1,1,1
10688,9342551,5.0,499.99999999971635,1,1,0,1.0,0.0,5.0,1,1,1,1,1
10689,9342553,60.0,5999.999999996597,1,1,0,1.0,0.0,60.0,1,1,1,1,1
10690,9342555,707.0,70699.9999999599,1,1,0,1.0,0.0,707.0,1,1,1,1,1
10691,9342559,1382.0,138199.9999999216,1,1,0,1.0,0.0,1382.0,1,1,1,1,1
10692,9342561,208.0,20799.9999999882,1,1,0,1.0,0.0,208.0,1,1,1,1,1
10693,9342569,298.0,29799.999999983094,1,1,0,1.0,0.0,298.0,1,1,1,1,1
10694,9342573,168.0,16799.99999999047,1,1,0,1.0,0.0,168.0,1,1,1,1,1
10695,9342579,24.0,2399.9999999986385,1,1,0,1.0,0.0,24.0,1,1,1,1,1
10696,9342581,80.0,7999.999999995462,1,1,0,1.0,0.0,80.0,1,1,1,1,1
10697,9342587,481.0,48099.999999972715,1,1,0,1.0,0.0,481.0,1,1,1,1,1
10698,9342589,582.0,58199.99999996698,1,1,0,1.0,0.0,582.0,1,1,1,1,1
10699,9342597,144.0,14399.999999991831,1,1,0,1.0,0.0,144.0,1,1,1,1,1
10700,9342599,104.0,10399.9999999941,1,1,0,1.0,0.0,104.0,1,1,1,1,1
10701,9342601,104.0,10399.9999999941,1,1,0,1.0,0.0,104.0,1,1,1,1,1
10702,9342605,149.0,14899.999999991547,1,1,0,1.0,0.0,149.0,1,1,1,1,1
10703,9342607,72.0,7199.9999999959155,1,1,0,1.0,0.0,72.0,1,1,1,1,1
10704,9342609,271.0,27099.999999984626,1,1,0,1.0,0.0,271.0,1,1,1,1,1
10705,9342611,1116.0,111599.99999993668,1,1,0,1.0,0.0,1116.0,1,1,1,1,1
10706,9342613,95.0,9499.99999999461,1,1,0,1.0,0.0,95.0,1,1,1,1,1
10707,9342621,761.0,76099.99999995682,1,1,0,1.0,0.0,761.0,1,1,1,1,1
10708,9342623,53.0,5299.999999996993,1,1,0,1.0,0.0,53.0,1,1,1,1,1
10709,9342627,3.0,299.9999999998298,1,1,0,1.0,0.0,3.0,1,1,1,1,1
10710,9342635,3.0,299.9999999998298,1,1,0,1.0,0.0,3.0,1,1,1,1,1
10711,9342637,38.0,3799.9999999978445,1,1,0,1.0,0.0,38.0,1,1,1,1,1
10712,9342755,853.0,85299.99999995161,1,1,0,1.0,0.0,853.0,1,1,1,1,1
10713,9342757,1064.0,106399.99999993964,1,1,0,1.0,0.0,1064.0,1,1,1,1,1
10714,9342759,13.0,1299.9999999992624,1,1,0,1.0,0.0,13.0,1,1,1,1,1
10715,9342761,353.0,35299.99999997998,1,1,0,1.0,0.0,353.0,1,1,1,1,1
10716,9342763,366.0,36599.999999979234,1,1,0,1.0,0.0,366.0,1,1,1,1,1
10717,9342765,397.0,39699.99999997748,1,1,0,1.0,0.0,397.0,1,1,1,1,1
10718,9342767,1219.0,121899.99999993085,1,1,0,1.0,0.0,1219.0,1,1,1,1,1
10719,9342771,300.0,29999.99999998298,1,1,0,1.0,0.0,300.0,1,1,1,1,1
10720,9342783,575.0,57499.99999996738,1,1,0,1.0,0.0,575.0,1,1,1,1,1
10721,9342785,10.0,999.9999999994327,1,1,0,1.0,0.0,10.0,1,1,1,1,1
10722,9342787,83.0,8299.99999999529,1,1,0,1.0,0.0,83.0,1,1,1,1,1
10723,9342789,510.0,50999.99999997107,1,1,0,1.0,0.0,510.0,1,1,1,1,1
10724,9342791,328.0,32799.999999981395,1,1,0,1.0,0.0,328.0,1,1,1,1,1
10725,9342793,17.0,1699.9999999990355,1,1,0,1.0,0.0,17.0,1,1,1,1,1
10726,9342797,2.0,199.99999999988654,1,1,0,1.0,0.0,2.0,1,1,1,1,1
10727,9342799,4960.0,495999.9999997186,1,1,0,1.0,0.0,4960.0,1,1,1,1,1
10728,9342807,360.0,35999.99999997958,1,1,0,1.0,0.0,360.0,1,1,1,1,1
10729,9342809,921.0,92099.99999994776,1,1,0,1.0,0.0,921.0,1,1,1,1,1
10730,9342811,36.0,3599.9999999979577,1,1,0,1.0,0.0,36.0,1,1,1,1,1
10731,9342813,81.0,8099.999999995405,1,1,0,1.0,0.0,81.0,1,1,1,1,1
10732,9342819,58.0,5799.999999996709,1,1,0,1.0,0.0,58.0,1,1,1,1,1
10733,9342821,33.0,3299.999999998128,1,1,0,1.0,0.0,33.0,1,1,1,1,1
10734,9342823,920.0,91999.9999999478,1,1,0,1.0,0.0,920.0,1,1,1,1,1
10735,9342825,68.0,6799.999999996142,1,1,0,1.0,0.0,68.0,1,1,1,1,1
10736,9342831,9.0,899.9999999994894,1,1,0,1.0,0.0,9.0,1,1,1,1,1
10737,9342833,127.0,12699.999999992795,1,1,0,1.0,0.0,127.0,1,1,1,1,1
10738,9342835,94.0,9399.999999994667,1,1,0,1.0,0.0,94.0,1,1,1,1,1
10739,9342847,309.0,30899.999999982472,1,1,0,1.0,0.0,309.0,1,1,1,1,1
10740,9342849,117.0,11699.999999993363,1,1,0,1.0,0.0,117.0,1,1,1,1,1
10741,9342851,59.0,5899.999999996653,1,1,0,1.0,0.0,59.0,1,1,1,1,1
10742,9342853,67.0,6699.999999996199,1,1,0,1.0,0.0,67.0,1,1,1,1,1
10743,9343235,19.0,1899.9999999989222,1,1,0,1.0,0.0,19.0,1,1,1,1,1
10744,9343237,259.0,25899.999999985306,1,1,0,1.0,0.0,259.0,1,1,1,1,1
10745,9343239,29.0,2899.9999999983547,1,1,0,1.0,0.0,29.0,1,1,1,1,1
10746,9343245,161.0,16099.999999990867,1,1,0,1.0,0.0,161.0,1,1,1,1,1
10747,9343251,52.0,5199.99999999705,1,1,0,1.0,0.0,52.0,1,1,1,1,1
10748,9343253,42.0,4199.999999997617,1,1,0,1.0,0.0,42.0,1,1,1,1,1
10749,9343255,464.0,46399.999999973676,1,1,0,1.0,0.0,464.0,1,1,1,1,1
10750,9343261,71.0,7099.999999995972,1,1,0,1.0,0.0,71.0,1,1,1,1,1
10751,9343265,36.0,3599.9999999979577,1,1,0,1.0,0.0,36.0,1,1,1,1,1
10752,9343267,20.0,1999.9999999988654,1,1,0,1.0,0.0,20.0,1,1,1,1,1
10753,9343269,446.0,44599.9999999747,1,1,0,1.0,0.0,446.0,1,1,1,1,1
10754,9343271,4.0,399.9999999997731,1,1,0,1.0,0.0,4.0,1,1,1,1,1
10755,9343273,14.0,1399.9999999992058,1,1,0,1.0,0.0,14.0,1,1,1,1,1
10756,9343275,180.0,17999.99999998979,1,1,0,1.0,0.0,180.0,1,1,1,1,1
10757,9343281,746.0,74599.99999995768,1,1,0,1.0,0.0,746.0,1,1,1,1,1
10758,9343283,297.0,29699.999999983153,1,1,0,1.0,0.0,297.0,1,1,1,1,1
10759,9343285,64.0,6399.999999996369,1,1,0,1.0,0.0,64.0,1,1,1,1,1
10760,9343287,43.0,4299.999999997561,1,1,0,1.0,0.0,43.0,1,1,1,1,1
10761,9343291,48.0,4799.999999997277,1,1,0,1.0,0.0,48.0,1,1,1,1,1
10762,9343293,193.0,19299.99999998905,1,1,0,1.0,0.0,193.0,1,1,1,1,1
10763,9343295,53.0,5299.999999996993,1,1,0,1.0,0.0,53.0,1,1,1,1,1
10764,9343297,164.0,16399.999999990698,1,1,0,1.0,0.0,164.0,1,1,1,1,1
10765,9343299,175.0,17499.999999990072,1,1,0,1.0,0.0,175.0,1,1,1,1,1
10766,9343301,261.0,26099.999999985193,1,1,0,1.0,0.0,261.0,1,1,1,1,1
10767,9343303,195.0,19499.999999988937,1,1,0,1.0,0.0,195.0,1,1,1,1,1
10768,9343307,48.0,4799.999999997277,1,1,0,1.0,0.0,48.0,1,1,1,1,1
10769,9343309,66.0,6599.999999996256,1,1,0,1.0,0.0,66.0,1,1,1,1,1
10770,9343311,208.0,20799.9999999882,1,1,0,1.0,0.0,208.0,1,1,1,1,1
10771,9343313,121.0,12099.999999993135,1,1,0,1.0,0.0,121.0,1,1,1,1,1
10772,9343315,2881.0,288099.99999983655,1,1,0,1.0,0.0,2881.0,1,1,1,1,1
10773,9343317,459.0,45899.99999997396,1,1,0,1.0,0.0,459.0,1,1,1,1,1
10774,9343319,39.0,3899.9999999977877,1,1,0,1.0,0.0,39.0,1,1,1,1,1
10775,9343325,223.0,22299.99999998735,1,1,0,1.0,0.0,223.0,1,1,1,1,1
10776,9343327,256.0,25599.999999985477,1,1,0,1.0,0.0,256.0,1,1,1,1,1
10777,9343331,1572.0,157199.99999991083,1,1,0,1.0,0.0,1572.0,1,1,1,1,1
10778,9343337,23.0,2299.9999999986953,1,1,0,1.0,0.0,23.0,1,1,1,1,1
10779,9343339,37.0,3699.999999997901,1,1,0,1.0,0.0,37.0,1,1,1,1,1
10780,9343343,138.0,13799.999999992171,1,1,0,1.0,0.0,138.0,1,1,1,1,1
10781,9343345,3875.0,387499.99999978015,1,1,0,1.0,0.0,3875.0,1,1,1,1,1
10782,9343351,1628.0,162799.99999990765,1,1,0,1.0,0.0,1628.0,1,1,1,1,1
10783,9343353,8.0,799.9999999995462,1,1,0,1.0,0.0,8.0,1,1,1,1,1
10784,9343355,198.0,19799.999999988766,1,1,0,1.0,0.0,198.0,1,1,1,1,1
10785,9343359,107.0,10699.99999999393,1,1,0,1.0,0.0,107.0,1,1,1,1,1
10786,9343361,4262.0,426199.9999997582,1,1,0,1.0,0.0,4262.0,1,1,1,1,1
10787,9343363,1758.0,175799.99999990026,1,1,0,1.0,0.0,1758.0,1,1,1,1,1
10788,9343365,235.0,23499.999999986667,1,1,0,1.0,0.0,235.0,1,1,1,1,1
10789,9343369,463.0,46299.999999973734,1,1,0,1.0,0.0,463.0,1,1,1,1,1
10790,9343371,186.0,18599.99999998945,1,1,0,1.0,0.0,186.0,1,1,1,1,1
10791,9343375,4856.0,485599.9999997245,1,1,0,1.0,0.0,4856.0,1,1,1,1,1
10792,9343377,424.0,42399.999999975946,1,1,0,1.0,0.0,424.0,1,1,1,1,1
10793,9343379,1083.0,108299.99999993856,1,1,0,1.0,0.0,1083.0,1,1,1,1,1
10794,9343383,32.0,3199.9999999981846,1,1,0,1.0,0.0,32.0,1,1,1,1,1
10795,9343385,319.0,31899.999999981905,1,1,0,1.0,0.0,319.0,1,1,1,1,1
10796,9343397,853.0,85299.99999995161,1,1,0,1.0,0.0,853.0,1,1,1,1,1
10797,9343399,133.0,13299.999999992455,1,1,0,1.0,0.0,133.0,1,1,1,1,1
10798,9343401,821.0,82099.99999995342,1,1,0,1.0,0.0,821.0,1,1,1,1,1
10799,9343409,176.0,17599.999999990017,1,1,0,1.0,0.0,176.0,1,1,1,1,1
10800,9343411,180.0,17999.99999998979,1,1,0,1.0,0.0,180.0,1,1,1,1,1
10801,9343413,775.0,77499.99999995604,1,1,0,1.0,0.0,775.0,1,1,1,1,1
10802,9343417,1622.0,162199.99999990797,1,1,0,1.0,0.0,1622.0,1,1,1,1,1
10803,9343421,4175.0,417499.99999976315,1,1,0,1.0,0.0,4175.0,1,1,1,1,1
10804,9343423,208.0,20799.9999999882,1,1,0,1.0,0.0,208.0,1,1,1,1,1
10805,9343425,144.0,14399.999999991831,1,1,0,1.0,0.0,144.0,1,1,1,1,1
10806,9343429,50.0,4999.999999997163,1,1,0,1.0,0.0,50.0,1,1,1,1,1
10807,9343431,8.0,799.9999999995462,1,1,0,1.0,0.0,8.0,1,1,1,1,1
10808,9343433,86.0,8599.999999995121,1,1,0,1.0,0.0,86.0,1,1,1,1,1
10809,9343441,335.0,33499.999999980995,1,1,0,1.0,0.0,335.0,1,1,1,1,1
10810,9343445,68.0,6799.999999996142,1,1,0,1.0,0.0,68.0,1,1,1,1,1
10811,9343449,9.0,899.9999999994894,1,1,0,1.0,0.0,9.0,1,1,1,1,1
10812,9343453,196.0,19599.999999988882,1,1,0,1.0,0.0,196.0,1,1,1,1,1
10813,9343457,477.0,47699.99999997294,1,1,0,1.0,0.0,477.0,1,1,1,1,1
10814,9343459,28.0,2799.9999999984116,1,1,0,1.0,0.0,28.0,1,1,1,1,1
10815,9343461,1840.0,183999.9999998956,1,1,0,1.0,0.0,1840.0,1,1,1,1,1
10816,9343465,3244.0,324399.99999981595,1,1,0,1.0,0.0,3244.0,1,1,1,1,1
10817,9343467,585.0,58499.999999966814,1,1,0,1.0,0.0,585.0,1,1,1,1,1
10818,9343469,343.0,34299.999999980544,1,1,0,1.0,0.0,343.0,1,1,1,1,1
10819,9343471,98.0,9799.999999994441,1,1,0,1.0,0.0,98.0,1,1,1,1,1
10820,9343473,234.0,23399.999999986725,1,1,0,1.0,0.0,234.0,1,1,1,1,1
10821,9343475,356.0,35599.9999999798,1,1,0,1.0,0.0,356.0,1,1,1,1,1
10822,9343477,3769.0,376899.9999997862,1,1,0,1.0,0.0,3769.0,1,1,1,1,1
10823,9343479,776.0,77599.99999995598,1,1,0,1.0,0.0,776.0,1,1,1,1,1
10824,9343481,1538.0,153799.99999991275,1,1,0,1.0,0.0,1538.0,1,1,1,1,1
10825,9343483,1655.0,165499.9999999061,1,1,0,1.0,0.0,1655.0,1,1,1,1,1
10826,9343485,1121.0,112099.99999993641,1,1,0,1.0,0.0,1121.0,1,1,1,1,1
10827,9343487,72.0,7199.9999999959155,1,1,0,1.0,0.0,72.0,1,1,1,1,1
10828,9343491,11515.0,1151499.9999993467,1,1,0,1.0,0.0,11515.0,1,1,1,1,1
10829,9343493,2384.0,238399.99999986475,1,1,0,1.0,0.0,2384.0,1,1,1,1,1
10830,9343495,521.0,52099.999999970445,1,1,0,1.0,0.0,521.0,1,1,1,1,1
10831,9343499,289.0,28899.999999983604,1,1,0,1.0,0.0,289.0,1,1,1,1,1
10832,9343503,3319.0,331899.9999998117,1,1,0,1.0,0.0,3319.0,1,1,1,1,1
10833,9343505,88.0,8799.999999995009,1,1,0,1.0,0.0,88.0,1,1,1,1,1
10834,9343507,864.0,86399.99999995099,1,1,0,1.0,0.0,864.0,1,1,1,1,1
10835,9343509,605.0,60499.99999996568,1,1,0,1.0,0.0,605.0,1,1,1,1,1
10836,9343513,1659.0,165899.99999990588,1,1,0,1.0,0.0,1659.0,1,1,1,1,1
10837,9343517,567.0,56699.99999996783,1,1,0,1.0,0.0,567.0,1,1,1,1,1
10838,9343519,8750.0,874999.9999995036,1,1,0,1.0,0.0,8750.0,1,1,1,1,1
10839,9343521,2940.0,293999.99999983324,1,1,0,1.0,0.0,2940.0,1,1,1,1,1
10840,9343523,854.0,85399.99999995156,1,1,0,1.0,0.0,854.0,1,1,1,1,1
10841,9343537,24329.0,2432899.99999862,1,1,0,1.0,0.0,24329.0,1,1,1,1,1
10842,9343539,292.0,29199.999999983436,1,1,0,1.0,0.0,292.0,1,1,1,1,1
10843,9343541,7.0,699.9999999996029,1,1,0,1.0,0.0,7.0,1,1,1,1,1
10844,9343543,1614.0,161399.99999990844,1,1,0,1.0,0.0,1614.0,1,1,1,1,1
10845,9343547,773.0,77299.99999995616,1,1,0,1.0,0.0,773.0,1,1,1,1,1
10846,9343553,3440.0,343999.99999980483,1,1,0,1.0,0.0,3440.0,1,1,1,1,1
10847,9343555,1985.0,198499.9999998874,1,1,0,1.0,0.0,1985.0,1,1,1,1,1
10848,9343557,769.0,76899.99999995637,1,1,0,1.0,0.0,769.0,1,1,1,1,1
10849,9343565,359.0,35899.999999979635,1,1,0,1.0,0.0,359.0,1,1,1,1,1
10850,9343567,2475.0,247499.9999998596,1,1,0,1.0,0.0,2475.0,1,1,1,1,1
10851,9343569,937.0,93699.99999994684,1,1,0,1.0,0.0,937.0,1,1,1,1,1
10852,9343571,450.0,44999.99999997447,1,1,0,1.0,0.0,450.0,1,1,1,1,1
10853,9343575,4452.0,445199.99999974744,1,1,0,1.0,0.0,4452.0,1,1,1,1,1
10854,9343577,525.0,52499.99999997022,1,1,0,1.0,0.0,525.0,1,1,1,1,1
10855,9343579,200.0,19999.999999988653,1,1,0,1.0,0.0,200.0,1,1,1,1,1
10856,9343581,11.0,1099.999999999376,1,1,0,1.0,0.0,11.0,1,1,1,1,1
10857,9343585,60.0,5999.999999996597,1,1,0,1.0,0.0,60.0,1,1,1,1,1
10858,9343587,687.0,68699.99999996103,1,1,0,1.0,0.0,687.0,1,1,1,1,1
10859,9343589,49.0,4899.999999997221,1,1,0,1.0,0.0,49.0,1,1,1,1,1
10860,9343591,1929.0,192899.99999989057,1,1,0,1.0,0.0,1929.0,1,1,1,1,1
10861,9343595,387.0,38699.99999997805,1,1,0,1.0,0.0,387.0,1,1,1,1,1
10862,9343597,72.0,7199.9999999959155,1,1,0,1.0,0.0,72.0,1,1,1,1,1
10863,9343599,138.0,13799.999999992171,1,1,0,1.0,0.0,138.0,1,1,1,1,1
10864,9343601,543.0,54299.99999996919,1,1,0,1.0,0.0,543.0,1,1,1,1,1
10865,9343603,219.0,21899.999999987576,1,1,0,1.0,0.0,219.0,1,1,1,1,1
10866,9343605,9.0,899.9999999994894,1,1,0,1.0,0.0,9.0,1,1,1,1,1
10867,9343607,341.0,34099.99999998065,1,1,0,1.0,0.0,341.0,1,1,1,1,1
10868,9343609,174.0,17399.99999999013,1,1,0,1.0,0.0,174.0,1,1,1,1,1
10869,9343611,1095.0,109499.99999993788,1,1,0,1.0,0.0,1095.0,1,1,1,1,1
10870,9343613,417.0,41699.999999976346,1,1,0,1.0,0.0,417.0,1,1,1,1,1
10871,9343615,366.0,36599.999999979234,1,1,0,1.0,0.0,366.0,1,1,1,1,1
10872,9343617,174.0,17399.99999999013,1,1,0,1.0,0.0,174.0,1,1,1,1,1
10873,9343619,651.0,65099.99999996307,1,1,0,1.0,0.0,651.0,1,1,1,1,1
10874,9343621,527.0,52699.9999999701,1,1,0,1.0,0.0,527.0,1,1,1,1,1
10875,9343683,224.0,22399.999999987293,1,1,0,1.0,0.0,224.0,1,1,1,1,1
10876,9343685,1.0,99.99999999994327,1,1,0,1.0,0.0,1.0,1,1,1,1,1
10877,9343687,153.0,15299.99999999132,1,1,0,1.0,0.0,153.0,1,1,1,1,1
10878,9343689,154.0,15399.999999991263,1,1,0,1.0,0.0,154.0,1,1,1,1,1
10879,9343691,174.0,17399.99999999013,1,1,0,1.0,0.0,174.0,1,1,1,1,1
10880,9343693,529.0,52899.99999996999,1,1,0,1.0,0.0,529.0,1,1,1,1,1
10881,9343695,141.0,14099.999999992002,1,1,0,1.0,0.0,141.0,1,1,1,1,1
10882,9343697,31.0,3099.9999999982415,1,1,0,1.0,0.0,31.0,1,1,1,1,1
10883,9343699,53.0,5299.999999996993,1,1,0,1.0,0.0,53.0,1,1,1,1,1
10884,9343701,184.0,18399.999999989563,1,1,0,1.0,0.0,184.0,1,1,1,1,1
10885,9343705,82.0,8199.999999995349,1,1,0,1.0,0.0,82.0,1,1,1,1,1
10886,9343707,115.0,11499.999999993475,1,1,0,1.0,0.0,115.0,1,1,1,1,1
10887,9343709,652.0,65199.99999996301,1,1,0,1.0,0.0,652.0,1,1,1,1,1
10888,9343711,148.0,14799.999999991604,1,1,0,1.0,0.0,148.0,1,1,1,1,1
10889,9343713,581.0,58099.99999996704,1,1,0,1.0,0.0,581.0,1,1,1,1,1
10890,9343715,120.0,11999.999999993193,1,1,0,1.0,0.0,120.0,1,1,1,1,1
10891,9343717,814.0,81399.99999995383,1,1,0,1.0,0.0,814.0,1,1,1,1,1
10892,9343719,76.0,7599.999999995689,1,1,0,1.0,0.0,76.0,1,1,1,1,1
10893,9343725,97.0,9699.999999994498,1,1,0,1.0,0.0,97.0,1,1,1,1,1
10894,9343727,251.0,25099.99999998576,1,1,0,1.0,0.0,251.0,1,1,1,1,1
10895,9343729,1054.0,105399.9999999402,1,1,0,1.0,0.0,1054.0,1,1,1,1,1
10896,9343731,448.0,44799.999999974585,1,1,0,1.0,0.0,448.0,1,1,1,1,1
10897,9343733,539.0,53899.99999996942,1,1,0,1.0,0.0,539.0,1,1,1,1,1
10898,9343735,307.0,30699.999999982585,1,1,0,1.0,0.0,307.0,1,1,1,1,1
10899,9343737,2441.0,244099.99999986152,1,1,0,1.0,0.0,2441.0,1,1,1,1,1
10900,9343739,38.0,3799.9999999978445,1,1,0,1.0,0.0,38.0,1,1,1,1,1
10901,9343745,132.0,13199.999999992511,1,1,0,1.0,0.0,132.0,1,1,1,1,1
10902,9343747,1921.0,192099.99999989104,1,1,0,1.0,0.0,1921.0,1,1,1,1,1
10903,9343749,1471.0,147099.99999991656,1,1,0,1.0,0.0,1471.0,1,1,1,1,1
10904,9343751,99.0,9899.999999994383,1,1,0,1.0,0.0,99.0,1,1,1,1,1
10905,9343753,349.0,34899.9999999802,1,1,0,1.0,0.0,349.0,1,1,1,1,1
10906,9343757,326.0,32599.999999981505,1,1,0,1.0,0.0,326.0,1,1,1,1,1
10907,9343759,25.0,2499.9999999985816,1,1,0,1.0,0.0,25.0,1,1,1,1,1
10908,9343761,188.0,18799.999999989333,1,1,0,1.0,0.0,188.0,1,1,1,1,1
10909,9343763,58.0,5799.999999996709,1,1,0,1.0,0.0,58.0,1,1,1,1,1
10910,9343765,399.0,39899.999999977364,1,1,0,1.0,0.0,399.0,1,1,1,1,1
10911,9343767,3478.0,347799.9999998027,1,1,0,1.0,0.0,3478.0,1,1,1,1,1
10912,9343769,310.0,30999.999999982414,1,1,0,1.0,0.0,310.0,1,1,1,1,1
10913,9343771,286.0,28599.999999983775,1,1,0,1.0,0.0,286.0,1,1,1,1,1
10914,9343773,154.0,15399.999999991263,1,1,0,1.0,0.0,154.0,1,1,1,1,1
10915,9343775,606.0,60599.99999996562,1,1,0,1.0,0.0,606.0,1,1,1,1,1
10916,9343777,1735.0,173499.99999990157,1,1,0,1.0,0.0,1735.0,1,1,1,1,1
10917,9343779,6075.0,607499.9999996554,1,1,0,1.0,0.0,6075.0,1,1,1,1,1
10918,9343781,774.0,77399.9999999561,1,1,0,1.0,0.0,774.0,1,1,1,1,1
10919,9343783,909.0,90899.99999994843,1,1,0,1.0,0.0,909.0,1,1,1,1,1
10920,9343785,19002.0,1900199.999998922,1,1,0,1.0,0.0,19002.0,1,1,1,1,1
10921,9343787,405.0,40499.99999997702,1,1,0,1.0,0.0,405.0,1,1,1,1,1
10922,9343789,3215.0,321499.99999981764,1,1,0,1.0,0.0,3215.0,1,1,1,1,1
10923,9343791,328.0,32799.999999981395,1,1,0,1.0,0.0,328.0,1,1,1,1,1
10924,9343793,333.0,33299.99999998111,1,1,0,1.0,0.0,333.0,1,1,1,1,1
10925,9343797,2165.0,216499.99999987718,1,1,0,1.0,0.0,2165.0,1,1,1,1,1
10926,9343799,13330.0,1332999.9999992438,1,1,0,1.0,0.0,13330.0,1,1,1,1,1
10927,9343801,4905.0,490499.99999972177,1,1,0,1.0,0.0,4905.0,1,1,1,1,1
10928,9343803,5149.0,514899.9999997079,1,1,0,1.0,0.0,5149.0,1,1,1,1,1
10929,9343805,6878.0,687799.9999996098,1,1,0,1.0,0.0,6878.0,1,1,1,1,1
10930,9343807,467.0,46699.99999997351,1,1,0,1.0,0.0,467.0,1,1,1,1,1
10931,9343809,365.0,36499.99999997929,1,1,0,1.0,0.0,365.0,1,1,1,1,1
10932,9343815,817.0,81699.99999995365,1,1,0,1.0,0.0,817.0,1,1,1,1,1
10933,9343821,1.0,99.99999999994327,1,1,0,1.0,0.0,1.0,1,1,1,1,1
10934,9343825,350.0,34999.999999980144,1,1,0,1.0,0.0,350.0,1,1,1,1,1
10935,9343827,554.0,55399.999999968575,1,1,0,1.0,0.0,554.0,1,1,1,1,1
10936,9343829,27.0,2699.9999999984684,1,1,0,1.0,0.0,27.0,1,1,1,1,1
10937,9343831,41.0,4099.999999997674,1,1,0,1.0,0.0,41.0,1,1,1,1,1
10938,9343833,199.0,19899.99999998871,1,1,0,1.0,0.0,199.0,1,1,1,1,1
10939,9343849,3.0,299.9999999998298,1,1,0,1.0,0.0,3.0,1,1,1,1,1
10940,9343851,247.0,24699.999999985987,1,1,0,1.0,0.0,247.0,1,1,1,1,1
10941,9343853,129.0,12899.999999992682,1,1,0,1.0,0.0,129.0,1,1,1,1,1
10942,9343857,342.0,34199.999999980595,1,1,0,1.0,0.0,342.0,1,1,1,1,1
10943,9343859,300.0,29999.99999998298,1,1,0,1.0,0.0,300.0,1,1,1,1,1
10944,9343863,1220.0,121999.99999993079,1,1,0,1.0,0.0,1220.0,1,1,1,1,1
10945,9343865,81.0,8099.999999995405,1,1,0,1.0,0.0,81.0,1,1,1,1,1
10946,9343869,1187.0,118699.99999993267,1,1,0,1.0,0.0,1187.0,1,1,1,1,1
10947,9343871,15.0,1499.9999999991492,1,1,0,1.0,0.0,15.0,1,1,1,1,1
10948,9343873,42.0,4199.999999997617,1,1,0,1.0,0.0,42.0,1,1,1,1,1
10949,9343877,583.0,58299.99999996692,1,1,0,1.0,0.0,583.0,1,1,1,1,1
10950,9343885,2046.0,204599.99999988393,1,1,0,1.0,0.0,2046.0,1,1,1,1,1
10951,9343887,273.0,27299.999999984513,1,1,0,1.0,0.0,273.0,1,1,1,1,1
10952,9343889,458.0,45799.99999997402,1,1,0,1.0,0.0,458.0,1,1,1,1,1
10953,9343891,30.0,2999.9999999982983,1,1,0,1.0,0.0,30.0,1,1,1,1,1
10954,9343893,255.0,25499.999999985535,1,1,0,1.0,0.0,255.0,1,1,1,1,1
10955,9343897,105.0,10499.999999994043,1,1,0,1.0,0.0,105.0,1,1,1,1,1
10956,9343899,3857.0,385699.9999997812,1,1,0,1.0,0.0,3857.0,1,1,1,1,1
10957,9343903,371.0,37099.99999997895,1,1,0,1.0,0.0,371.0,1,1,1,1,1
10958,9343909,2874.0,287399.99999983696,1,1,0,1.0,0.0,2874.0,1,1,1,1,1
10959,9343911,4449.0,444899.9999997476,1,1,0,1.0,0.0,4449.0,1,1,1,1,1
10960,9343913,497.0,49699.999999971806,1,1,0,1.0,0.0,497.0,1,1,1,1,1
10961,9343915,1426.0,142599.9999999191,1,1,0,1.0,0.0,1426.0,1,1,1,1,1
10962,9343917,877.0,87699.99999995025,1,1,0,1.0,0.0,877.0,1,1,1,1,1
10963,9343925,1082.0,108199.99999993862,1,1,0,1.0,0.0,1082.0,1,1,1,1,1
10964,9343935,4.0,399.9999999997731,1,1,0,1.0,0.0,4.0,1,1,1,1,1
10965,9343941,634.0,63399.999999964035,1,1,0,1.0,0.0,634.0,1,1,1,1,1
10966,9343943,133.0,13299.999999992455,1,1,0,1.0,0.0,133.0,1,1,1,1,1
10967,9343945,153.0,15299.99999999132,1,1,0,1.0,0.0,153.0,1,1,1,1,1
10968,9343949,1094.0,109399.99999993794,1,1,0,1.0,0.0,1094.0,1,1,1,1,1
10969,9343957,1038.0,103799.99999994111,1,1,0,1.0,0.0,1038.0,1,1,1,1,1
10970,9343959,356.0,35599.9999999798,1,1,0,1.0,0.0,356.0,1,1,1,1,1
10971,9343963,248.0,24799.999999985932,1,1,0,1.0,0.0,248.0,1,1,1,1,1
10972,9343965,15.0,1499.9999999991492,1,1,0,1.0,0.0,15.0,1,1,1,1,1
10973,9343971,673.0,67299.99999996182,1,1,0,1.0,0.0,673.0,1,1,1,1,1
10974,9343977,2232.0,223199.99999987337,1,1,0,1.0,0.0,2232.0,1,1,1,1,1
10975,9343981,563.0,56299.99999996806,1,1,0,1.0,0.0,563.0,1,1,1,1,1
10976,9343983,1054.0,105399.9999999402,1,1,0,1.0,0.0,1054.0,1,1,1,1,1
10977,9343997,165.0,16499.99999999064,1,1,0,1.0,0.0,165.0,1,1,1,1,1
10978,9344001,438.0,43799.99999997515,1,1,0,1.0,0.0,438.0,1,1,1,1,1
10979,9344011,29.0,2899.9999999983547,1,1,0,1.0,0.0,29.0,1,1,1,1,1
10980,9344013,79.0,7899.999999995518,1,1,0,1.0,0.0,79.0,1,1,1,1,1
10981,9344017,555.0,55499.99999996852,1,1,0,1.0,0.0,555.0,1,1,1,1,1
10982,9344019,11.0,1099.999999999376,1,1,0,1.0,0.0,11.0,1,1,1,1,1
10983,9344021,225.0,22499.999999987234,1,1,0,1.0,0.0,225.0,1,1,1,1,1
10984,9344023,44.0,4399.999999997504,1,1,0,1.0,0.0,44.0,1,1,1,1,1
10985,9344025,26.0,2599.999999998525,1,1,0,1.0,0.0,26.0,1,1,1,1,1
10986,9344027,518.0,51799.99999997061,1,1,0,1.0,0.0,518.0,1,1,1,1,1
10987,9344029,437.0,43699.99999997521,1,1,0,1.0,0.0,437.0,1,1,1,1,1
10988,9344031,478.0,47799.99999997288,1,1,0,1.0,0.0,478.0,1,1,1,1,1
10989,9344033,1274.0,127399.99999992772,1,1,0,1.0,0.0,1274.0,1,1,1,1,1
10990,9344035,71.0,7099.999999995972,1,1,0,1.0,0.0,71.0,1,1,1,1,1
10991,9344041,15.0,1499.9999999991492,1,1,0,1.0,0.0,15.0,1,1,1,1,1
10992,9344043,20.0,1999.9999999988654,1,1,0,1.0,0.0,20.0,1,1,1,1,1
10993,9344045,233.0,23299.999999986783,1,1,0,1.0,0.0,233.0,1,1,1,1,1
10994,9495134,7776.0,777599.9999995589,1,1,0,1.0,0.0,7776.0,1,1,1,1,1
10995,9495136,36.0,3599.9999999979577,1,1,0,1.0,0.0,36.0,1,1,1,1,1
10996,9495138,273.0,27299.999999984513,1,1,0,1.0,0.0,273.0,1,1,1,1,1
10997,9495144,5840.0,583999.9999996687,1,1,0,1.0,0.0,5840.0,1,1,1,1,1
10998,9495306,181.0,18099.999999989734,1,1,0,1.0,0.0,181.0,1,1,1,1,1
10999,9495338,28349.0,2834899.9999983916,1,1,0,1.0,0.0,28349.0,1,1,1,1,1
11000,9495340,53.0,5299.999999996993,1,1,0,1.0,0.0,53.0,1,1,1,1,1
11001,9495390,87.0,8699.999999995065,1,1,0,1.0,0.0,87.0,1,1,1,1,1
11002,9496054,225.0,22499.999999987234,1,1,0,1.0,0.0,225.0,1,1,1,1,1
11003,9496788,5214.0,521399.9999997042,1,1,0,1.0,0.0,5214.0,1,1,1,1,1
11004,9496798,4946.0,494599.99999971944,1,1,0,1.0,0.0,4946.0,1,1,1,1,1
11005,9496912,1766.0,176599.99999989982,1,1,0,1.0,0.0,1766.0,1,1,1,1,1
11006,9496918,8503.0,850299.9999995176,1,1,0,1.0,0.0,8503.0,1,1,1,1,1
11007,9496920,12771.0,1277099.9999992754,1,1,0,1.0,0.0,12771.0,1,1,1,1,1
11008,9496924,204.0,20399.999999988428,1,1,0,1.0,0.0,204.0,1,1,1,1,1
11009,9499614,167827.0,16782699.99999048,1,1,0,1.0,0.0,167827.0,1,1,1,1,1
11010,9507722,5585.0,558499.9999996831,1,1,0,1.0,0.0,5585.0,1,1,1,1,1
11011,9507728,119.0,11899.99999999325,1,1,0,1.0,0.0,119.0,1,1,1,1,1
11012,9507730,41.0,4099.999999997674,1,1,0,1.0,0.0,41.0,1,1,1,1,1
11013,9507732,3491.0,349099.999999802,1,1,0,1.0,0.0,3491.0,1,1,1,1,1
11014,9507734,11682.0,1168199.9999993374,1,1,0,1.0,0.0,11682.0,1,1,1,1,1
11015,9507736,3398.0,339799.9999998072,1,1,0,1.0,0.0,3398.0,1,1,1,1,1
11016,9507738,462.0,46199.99999997379,1,1,0,1.0,0.0,462.0,1,1,1,1,1
11017,9508296,5507.0,550699.9999996875,1,1,0,1.0,0.0,5507.0,1,1,1,1,1
11018,9508298,1294.0,129399.99999992659,1,1,0,1.0,0.0,1294.0,1,1,1,1,1
11019,9508312,205.0,20499.99999998837,1,1,0,1.0,0.0,205.0,1,1,1,1,1
11020,9508412,5366.0,536599.9999996956,1,1,0,1.0,0.0,5366.0,1,1,1,1,1
11021,9508414,270.0,26999.999999984684,1,1,0,1.0,0.0,270.0,1,1,1,1,1
11022,9508418,2300.0,229999.99999986953,1,1,0,1.0,0.0,2300.0,1,1,1,1,1
11023,9508420,768.0,76799.99999995643,1,1,0,1.0,0.0,768.0,1,1,1,1,1
11024,9508438,16192.0,1619199.9999990815,1,1,0,1.0,0.0,16192.0,1,1,1,1,1
11025,9508446,21.0,2099.9999999988086,1,1,0,1.0,0.0,21.0,1,1,1,1,1
11026,9508450,1860.0,185999.99999989447,1,1,0,1.0,0.0,1860.0,1,1,1,1,1
11027,9508452,19177.0,1917699.999998912,1,1,0,1.0,0.0,19177.0,1,1,1,1,1
11028,9508454,10150.0,1014999.9999994242,1,1,0,1.0,0.0,10150.0,1,1,1,1,1
11029,9508456,3650.0,364999.99999979296,1,1,0,1.0,0.0,3650.0,1,1,1,1,1
11030,9508458,318.0,31799.99999998196,1,1,0,1.0,0.0,318.0,1,1,1,1,1
11031,9508460,700.0,69999.99999996029,1,1,0,1.0,0.0,700.0,1,1,1,1,1
11032,9508462,15211.0,1521099.9999991371,1,1,0,1.0,0.0,15211.0,1,1,1,1,1
11033,9508468,106061.0,10606099.999993984,1,1,0,1.0,0.0,106061.0,1,1,1,1,1
11034,9509118,827.0,82699.99999995308,1,1,0,1.0,0.0,827.0,1,1,1,1,1
11035,9509124,230.0,22999.99999998695,1,1,0,1.0,0.0,230.0,1,1,1,1,1
11036,9509130,57012.0,5701199.9999967655,1,1,0,1.0,0.0,57012.0,1,1,1,1,1
11037,9509140,1577.0,157699.99999991053,1,1,0,1.0,0.0,1577.0,1,1,1,1,1
11038,9509158,276.0,27599.999999984342,1,1,0,1.0,0.0,276.0,1,1,1,1,1
11039,9509160,40.0,3999.999999997731,1,1,0,1.0,0.0,40.0,1,1,1,1,1
11040,9509166,67810.0,6780999.999996153,1,1,0,1.0,0.0,67810.0,1,1,1,1,1
11041,9509170,5875.0,587499.9999996667,1,1,0,1.0,0.0,5875.0,1,1,1,1,1
11042,9509178,7397.0,739699.9999995803,1,1,0,1.0,0.0,7397.0,1,1,1,1,1
11043,9509180,12.0,1199.9999999993192,1,1,0,1.0,0.0,12.0,1,1,1,1,1
11044,9509192,17229.0,1722899.9999990226,1,1,0,1.0,0.0,17229.0,1,1,1,1,1
11045,9509194,95.0,9499.99999999461,1,1,0,1.0,0.0,95.0,1,1,1,1,1
11046,9509204,87.0,8699.999999995065,1,1,0,1.0,0.0,87.0,1,1,1,1,1
11047,9509210,311.0,31099.999999982356,1,1,0,1.0,0.0,311.0,1,1,1,1,1
11048,9509216,37513.0,3751299.999997872,1,1,0,1.0,0.0,37513.0,1,1,1,1,1
11049,9509224,75278.0,7527799.99999573,1,1,0,1.0,0.0,75278.0,1,1,1,1,1
11050,9509230,66.0,6599.999999996256,1,1,0,1.0,0.0,66.0,1,1,1,1,1
11051,9509236,30848.0,3084799.99999825,1,1,0,1.0,0.0,30848.0,1,1,1,1,1
11052,9509248,32.0,3199.9999999981846,1,1,0,1.0,0.0,32.0,1,1,1,1,1
11053,9509250,270.0,26999.999999984684,1,1,0,1.0,0.0,270.0,1,1,1,1,1
11054,9509260,4703.0,470299.9999997332,1,1,0,1.0,0.0,4703.0,1,1,1,1,1
11055,9509262,3153.0,315299.9999998211,1,1,0,1.0,0.0,3153.0,1,1,1,1,1
11056,9509264,1337.0,133699.99999992416,1,1,0,1.0,0.0,1337.0,1,1,1,1,1
11057,9509270,1501.0,150099.99999991484,1,1,0,1.0,0.0,1501.0,1,1,1,1,1
11058,9509272,580.0,57999.9999999671,1,1,0,1.0,0.0,580.0,1,1,1,1,1
11059,9509276,3577.0,357699.9999997971,1,1,0,1.0,0.0,3577.0,1,1,1,1,1
11060,9509292,863.0,86299.99999995105,1,1,0,1.0,0.0,863.0,1,1,1,1,1
11061,9509646,1692.0,169199.99999990402,1,1,0,1.0,0.0,1692.0,1,1,1,1,1
11062,9509648,190.0,18999.99999998922,1,1,0,1.0,0.0,190.0,1,1,1,1,1
11063,9509650,45410.0,4540999.999997424,1,1,0,1.0,0.0,45410.0,1,1,1,1,1
11064,9509652,18823.0,1882299.9999989322,1,1,0,1.0,0.0,18823.0,1,1,1,1,1
11065,9509656,12626.0,1262599.9999992838,1,1,0,1.0,0.0,12626.0,1,1,1,1,1
11066,9509658,39.0,3899.9999999977877,1,1,0,1.0,0.0,39.0,1,1,1,1,1
11067,9509664,2662.0,266199.999999849,1,1,0,1.0,0.0,2662.0,1,1,1,1,1
11068,9509666,39642.0,3964199.9999977513,1,1,0,1.0,0.0,39642.0,1,1,1,1,1
11069,9509668,29299.0,2929899.999998338,1,1,0,1.0,0.0,29299.0,1,1,1,1,1
11070,9509670,11809.0,1180899.9999993301,1,1,0,1.0,0.0,11809.0,1,1,1,1,1
11071,9509672,2838.0,283799.999999839,1,1,0,1.0,0.0,2838.0,1,1,1,1,1
11072,9509674,47810.0,4780999.999997288,1,1,0,1.0,0.0,47810.0,1,1,1,1,1
11073,9509692,408.0,40799.999999976855,1,1,0,1.0,0.0,408.0,1,1,1,1,1
11074,9509768,1651.0,165099.99999990634,1,1,0,1.0,0.0,1651.0,1,1,1,1,1
11075,9509774,97107.0,9710699.99999449,1,1,0,1.0,0.0,97107.0,1,1,1,1,1
11076,9509776,963.0,96299.99999994537,1,1,0,1.0,0.0,963.0,1,1,1,1,1
11077,9509778,1316.0,131599.99999992535,1,1,0,1.0,0.0,1316.0,1,1,1,1,1
11078,9509780,5615.0,561499.9999996815,1,1,0,1.0,0.0,5615.0,1,1,1,1,1
11079,9509782,35047.0,3504699.9999980116,1,1,0,1.0,0.0,35047.0,1,1,1,1,1
11080,9509784,291.0,29099.99999998349,1,1,0,1.0,0.0,291.0,1,1,1,1,1
11081,9509786,2994.0,299399.99999983015,1,1,0,1.0,0.0,2994.0,1,1,1,1,1
11082,9509788,79113.0,7911299.999995512,1,1,0,1.0,0.0,79113.0,1,1,1,1,1
11083,9509790,3583.0,358299.99999979674,1,1,0,1.0,0.0,3583.0,1,1,1,1,1
11084,9509792,5583.0,558299.9999996832,1,1,0,1.0,0.0,5583.0,1,1,1,1,1
11085,9509794,2765.0,276499.99999984313,1,1,0,1.0,0.0,2765.0,1,1,1,1,1
11086,9509796,895.0,89499.99999994923,1,1,0,1.0,0.0,895.0,1,1,1,1,1
11087,9509798,55.0,5499.9999999968795,1,1,0,1.0,0.0,55.0,1,1,1,1,1
11088,9509800,44.0,4399.999999997504,1,1,0,1.0,0.0,44.0,1,1,1,1,1
11089,9509802,995.0,99499.99999994355,1,1,0,1.0,0.0,995.0,1,1,1,1,1
11090,9509804,74.0,7399.999999995802,1,1,0,1.0,0.0,74.0,1,1,1,1,1
11091,9509806,2387.0,238699.99999986458,1,1,0,1.0,0.0,2387.0,1,1,1,1,1
11092,9509808,6016.0,601599.9999996587,1,1,0,1.0,0.0,6016.0,1,1,1,1,1
11093,9509810,31642.0,3164199.999998205,1,1,0,1.0,0.0,31642.0,1,1,1,1,1
11094,9509812,90106.0,9010599.999994889,1,1,0,1.0,0.0,90106.0,1,1,1,1,1
11095,9509814,16660.0,1665999.999999055,1,1,0,1.0,0.0,16660.0,1,1,1,1,1
11096,9509816,83239.0,8323899.999995278,1,1,0,1.0,0.0,83239.0,1,1,1,1,1
11097,9509818,39954.0,3995399.9999977336,1,1,0,1.0,0.0,39954.0,1,1,1,1,1
11098,9509820,3215.0,321499.99999981764,1,1,0,1.0,0.0,3215.0,1,1,1,1,1
11099,9509822,2784.0,278399.9999998421,1,1,0,1.0,0.0,2784.0,1,1,1,1,1
11100,9509824,1607.0,160699.99999990885,1,1,0,1.0,0.0,1607.0,1,1,1,1,1
11101,9509828,2411.0,241099.9999998632,1,1,0,1.0,0.0,2411.0,1,1,1,1,1
11102,9509830,3608.0,360799.99999979534,1,1,0,1.0,0.0,3608.0,1,1,1,1,1
11103,9509834,21338.0,2133799.9999987893,1,1,0,1.0,0.0,21338.0,1,1,1,1,1
11104,9509836,7051.0,705099.9999996,1,1,0,1.0,0.0,7051.0,1,1,1,1,1
11105,9509838,39256.0,3925599.999997773,1,1,0,1.0,0.0,39256.0,1,1,1,1,1
11106,9509840,294.0,29399.99999998332,1,1,0,1.0,0.0,294.0,1,1,1,1,1
11107,9509842,5736.0,573599.9999996746,1,1,0,1.0,0.0,5736.0,1,1,1,1,1
11108,9509844,24273.0,2427299.999998623,1,1,0,1.0,0.0,24273.0,1,1,1,1,1
11109,9509846,12333.0,1233299.9999993003,1,1,0,1.0,0.0,12333.0,1,1,1,1,1
11110,9509848,63320.0,6331999.999996408,1,1,0,1.0,0.0,63320.0,1,1,1,1,1
11111,9509850,2.0,199.99999999988654,1,1,0,1.0,0.0,2.0,1,1,1,1,1
11112,9509852,1826.0,182599.99999989642,1,1,0,1.0,0.0,1826.0,1,1,1,1,1
11113,9509854,23390.0,2338999.999998673,1,1,0,1.0,0.0,23390.0,1,1,1,1,1
11114,9509856,644.0,64399.99999996347,1,1,0,1.0,0.0,644.0,1,1,1,1,1
11115,9509860,80.0,7999.999999995462,1,1,0,1.0,0.0,80.0,1,1,1,1,1
11116,9509862,846.0,84599.99999995201,1,1,0,1.0,0.0,846.0,1,1,1,1,1
11117,9509864,2854.0,285399.99999983807,1,1,0,1.0,0.0,2854.0,1,1,1,1,1
11118,9509868,4104.0,410399.99999976717,1,1,0,1.0,0.0,4104.0,1,1,1,1,1
11119,9509870,36912.0,3691199.999997906,1,1,0,1.0,0.0,36912.0,1,1,1,1,1
11120,9509872,3064.0,306399.9999998262,1,1,0,1.0,0.0,3064.0,1,1,1,1,1
11121,9509874,401.0,40099.99999997725,1,1,0,1.0,0.0,401.0,1,1,1,1,1
11122,9509876,106.0,10599.999999993986,1,1,0,1.0,0.0,106.0,1,1,1,1,1
11123,9509880,8177.0,817699.9999995361,1,1,0,1.0,0.0,8177.0,1,1,1,1,1
11124,9509882,1855.0,185499.99999989476,1,1,0,1.0,0.0,1855.0,1,1,1,1,1
11125,9509884,338.0,33799.99999998083,1,1,0,1.0,0.0,338.0,1,1,1,1,1
11126,9509886,393.0,39299.99999997771,1,1,0,1.0,0.0,393.0,1,1,1,1,1
11127,9509888,66973.0,6697299.9999962,1,1,0,1.0,0.0,66973.0,1,1,1,1,1
11128,9509890,785.0,78499.99999995547,1,1,0,1.0,0.0,785.0,1,1,1,1,1
11129,9509894,45.0,4499.999999997447,1,1,0,1.0,0.0,45.0,1,1,1,1,1
11130,9509896,11.0,1099.999999999376,1,1,0,1.0,0.0,11.0,1,1,1,1,1
11131,9509898,42341.0,4234099.999997598,1,1,0,1.0,0.0,42341.0,1,1,1,1,1
11132,9509900,10643.0,1064299.9999993963,1,1,0,1.0,0.0,10643.0,1,1,1,1,1
11133,9509902,3021.0,302099.99999982864,1,1,0,1.0,0.0,3021.0,1,1,1,1,1
11134,9509904,497.0,49699.999999971806,1,1,0,1.0,0.0,497.0,1,1,1,1,1
11135,9509906,1130.0,112999.9999999359,1,1,0,1.0,0.0,1130.0,1,1,1,1,1
11136,9509908,3.0,299.9999999998298,1,1,0,1.0,0.0,3.0,1,1,1,1,1
11137,9509910,75.0,7499.999999995745,1,1,0,1.0,0.0,75.0,1,1,1,1,1
11138,9509912,1942.0,194199.99999988984,1,1,0,1.0,0.0,1942.0,1,1,1,1,1
11139,9509914,1146.0,114599.99999993498,1,1,0,1.0,0.0,1146.0,1,1,1,1,1
11140,9509916,4001.0,400099.99999977305,1,1,0,1.0,0.0,4001.0,1,1,1,1,1
11141,9509918,64.0,6399.999999996369,1,1,0,1.0,0.0,64.0,1,1,1,1,1
11142,9509920,152.0,15199.999999991378,1,1,0,1.0,0.0,152.0,1,1,1,1,1
11143,9509922,3960.0,395999.9999997754,1,1,0,1.0,0.0,3960.0,1,1,1,1,1
11144,9509924,1.0,99.99999999994327,1,1,0,1.0,0.0,1.0,1,1,1,1,1
11145,9509926,1169.0,116899.99999993369,1,1,0,1.0,0.0,1169.0,1,1,1,1,1
11146,9509928,154.0,15399.999999991263,1,1,0,1.0,0.0,154.0,1,1,1,1,1
11147,9509930,1496.0,149599.99999991513,1,1,0,1.0,0.0,1496.0,1,1,1,1,1
11148,9509932,1646.0,164599.99999990663,1,1,0,1.0,0.0,1646.0,1,1,1,1,1
11149,9509934,712.0,71199.9999999596,1,1,0,1.0,0.0,712.0,1,1,1,1,1
11150,9509936,9.0,899.9999999994894,1,1,0,1.0,0.0,9.0,1,1,1,1,1
11151,9509938,139.0,13899.999999992115,1,1,0,1.0,0.0,139.0,1,1,1,1,1
11152,9509940,243.0,24299.999999986216,1,1,0,1.0,0.0,243.0,1,1,1,1,1
11153,9509944,5337.0,533699.9999996972,1,1,0,1.0,0.0,5337.0,1,1,1,1,1
11154,9509948,773.0,77299.99999995616,1,1,0,1.0,0.0,773.0,1,1,1,1,1
11155,9509950,16607.0,1660699.999999058,1,1,0,1.0,0.0,16607.0,1,1,1,1,1
11156,9509954,19204.0,1920399.9999989106,1,1,0,1.0,0.0,19204.0,1,1,1,1,1
11157,9509956,10793.0,1079299.9999993877,1,1,0,1.0,0.0,10793.0,1,1,1,1,1
11158,9509958,218.0,21799.999999987635,1,1,0,1.0,0.0,218.0,1,1,1,1,1
11159,9509960,24771.0,2477099.9999985946,1,1,0,1.0,0.0,24771.0,1,1,1,1,1
11160,9509962,7893.0,789299.9999995523,1,1,0,1.0,0.0,7893.0,1,1,1,1,1
11161,9509964,9481.0,948099.9999994622,1,1,0,1.0,0.0,9481.0,1,1,1,1,1
11162,9509966,2925.0,292499.99999983405,1,1,0,1.0,0.0,2925.0,1,1,1,1,1
11163,9509968,890.0,88999.9999999495,1,1,0,1.0,0.0,890.0,1,1,1,1,1
11164,9509970,778.0,77799.99999995586,1,1,0,1.0,0.0,778.0,1,1,1,1,1
11165,9509972,26.0,2599.999999998525,1,1,0,1.0,0.0,26.0,1,1,1,1,1
11166,9509974,10678.0,1067799.9999993942,1,1,0,1.0,0.0,10678.0,1,1,1,1,1
11167,9509976,586.0,58599.999999966756,1,1,0,1.0,0.0,586.0,1,1,1,1,1
11168,9509978,108.0,10799.999999993874,1,1,0,1.0,0.0,108.0,1,1,1,1,1
11169,9509980,4316.0,431599.9999997552,1,1,0,1.0,0.0,4316.0,1,1,1,1,1
11170,9509982,10486.0,1048599.9999994051,1,1,0,1.0,0.0,10486.0,1,1,1,1,1
11171,9509984,7870.0,786999.9999995535,1,1,0,1.0,0.0,7870.0,1,1,1,1,1
11172,9509986,6294.0,629399.999999643,1,1,0,1.0,0.0,6294.0,1,1,1,1,1
11173,9509988,3499.0,349899.9999998015,1,1,0,1.0,0.0,3499.0,1,1,1,1,1
11174,9509990,20764.0,2076399.999998822,1,1,0,1.0,0.0,20764.0,1,1,1,1,1
11175,9509996,588.0,58799.99999996664,1,1,0,1.0,0.0,588.0,1,1,1,1,1
11176,9509998,9371.0,937099.9999994683,1,1,0,1.0,0.0,9371.0,1,1,1,1,1
11177,9510006,278.0,27799.99999998423,1,1,0,1.0,0.0,278.0,1,1,1,1,1
11178,9510010,3064.0,306399.9999998262,1,1,0,1.0,0.0,3064.0,1,1,1,1,1
11179,9510014,7869.0,786899.9999995535,1,1,0,1.0,0.0,7869.0,1,1,1,1,1
11180,9510016,785.0,78499.99999995547,1,1,0,1.0,0.0,785.0,1,1,1,1,1
11181,9510020,717.0,71699.99999995933,1,1,0,1.0,0.0,717.0,1,1,1,1,1
11182,9510022,374.0,37399.99999997878,1,1,0,1.0,0.0,374.0,1,1,1,1,1
11183,9510024,70.0,6999.999999996029,1,1,0,1.0,0.0,70.0,1,1,1,1,1
11184,9510028,1597.0,159699.9999999094,1,1,0,1.0,0.0,1597.0,1,1,1,1,1
11185,9510030,710.0,70999.99999995972,1,1,0,1.0,0.0,710.0,1,1,1,1,1
11186,9510036,3905.0,390499.99999977846,1,1,0,1.0,0.0,3905.0,1,1,1,1,1
11187,9510038,22.0,2199.999999998752,1,1,0,1.0,0.0,22.0,1,1,1,1,1
11188,9510040,366.0,36599.999999979234,1,1,0,1.0,0.0,366.0,1,1,1,1,1
11189,9510042,103.0,10299.999999994157,1,1,0,1.0,0.0,103.0,1,1,1,1,1
11190,9510048,4186.0,418599.9999997625,1,1,0,1.0,0.0,4186.0,1,1,1,1,1
11191,9510050,225.0,22499.999999987234,1,1,0,1.0,0.0,225.0,1,1,1,1,1
11192,9510052,269.0,26899.99999998474,1,1,0,1.0,0.0,269.0,1,1,1,1,1
11193,9510054,113.0,11299.99999999359,1,1,0,1.0,0.0,113.0,1,1,1,1,1
11194,9510056,181.0,18099.999999989734,1,1,0,1.0,0.0,181.0,1,1,1,1,1
11195,9510096,5918.0,591799.9999996643,1,1,0,1.0,0.0,5918.0,1,1,1,1,1
11196,9510098,129.0,12899.999999992682,1,1,0,1.0,0.0,129.0,1,1,1,1,1
11197,9510100,644.0,64399.99999996347,1,1,0,1.0,0.0,644.0,1,1,1,1,1
11198,9510102,424.0,42399.999999975946,1,1,0,1.0,0.0,424.0,1,1,1,1,1
11199,9510104,1284.0,128399.99999992715,1,1,0,1.0,0.0,1284.0,1,1,1,1,1
11200,9510106,48.0,4799.999999997277,1,1,0,1.0,0.0,48.0,1,1,1,1,1
11201,9511688,7.0,699.9999999996029,1,1,0,1.0,0.0,7.0,1,1,1,1,1
11202,10102038,31.0,3099.9999999982415,1,1,0,1.0,0.0,31.0,1,1,1,1,1
11203,10102040,318.0,31799.99999998196,1,1,0,1.0,0.0,318.0,1,1,1,1,1
11204,10102042,76.0,7599.999999995689,1,1,0,1.0,0.0,76.0,1,1,1,1,1
11205,10102044,517.0,51699.99999997067,1,1,0,1.0,0.0,517.0,1,1,1,1,1
11206,10102046,13.0,1299.9999999992624,1,1,0,1.0,0.0,13.0,1,1,1,1,1
11207,10102048,75.0,7499.999999995745,1,1,0,1.0,0.0,75.0,1,1,1,1,1
11208,10102050,63.0,6299.999999996426,1,1,0,1.0,0.0,63.0,1,1,1,1,1
11209,10102052,114.0,11399.999999993533,1,1,0,1.0,0.0,114.0,1,1,1,1,1
11210,10102054,1.0,99.99999999994327,1,1,0,1.0,0.0,1.0,1,1,1,1,1
11211,10102056,8.0,799.9999999995462,1,1,0,1.0,0.0,8.0,1,1,1,1,1
11212,10102062,566.0,56599.99999996789,1,1,0,1.0,0.0,566.0,1,1,1,1,1
11213,10102064,32.0,3199.9999999981846,1,1,0,1.0,0.0,32.0,1,1,1,1,1
11214,10102068,383.0,38299.999999978274,1,1,0,1.0,0.0,383.0,1,1,1,1,1
11215,10102074,444.0,44399.99999997481,1,1,0,1.0,0.0,444.0,1,1,1,1,1
11216,10102076,59.0,5899.999999996653,1,1,0,1.0,0.0,59.0,1,1,1,1,1
11217,10102078,24.0,2399.9999999986385,1,1,0,1.0,0.0,24.0,1,1,1,1,1
11218,10102082,266.0,26599.99999998491,1,1,0,1.0,0.0,266.0,1,1,1,1,1
11219,10102084,355.0,35499.99999997986,1,1,0,1.0,0.0,355.0,1,1,1,1,1
11220,10102088,77.0,7699.999999995632,1,1,0,1.0,0.0,77.0,1,1,1,1,1
11221,10102090,558.0,55799.99999996834,1,1,0,1.0,0.0,558.0,1,1,1,1,1
11222,10102092,114.0,11399.999999993533,1,1,0,1.0,0.0,114.0,1,1,1,1,1
11223,10102108,768.0,76799.99999995643,1,1,0,1.0,0.0,768.0,1,1,1,1,1
11224,10102110,275.0,27499.9999999844,1,1,0,1.0,0.0,275.0,1,1,1,1,1
11225,10102124,471.0,47099.99999997328,1,1,0,1.0,0.0,471.0,1,1,1,1,1
11226,10102130,72.0,7199.9999999959155,1,1,0,1.0,0.0,72.0,1,1,1,1,1
11227,10102134,684.0,68399.99999996119,1,1,0,1.0,0.0,684.0,1,1,1,1,1
11228,10102136,10.0,999.9999999994327,1,1,0,1.0,0.0,10.0,1,1,1,1,1
11229,10102144,46.0,4599.999999997391,1,1,0,1.0,0.0,46.0,1,1,1,1,1
11230,10102146,9.0,899.9999999994894,1,1,0,1.0,0.0,9.0,1,1,1,1,1
11231,10102156,265.0,26499.999999984968,1,1,0,1.0,0.0,265.0,1,1,1,1,1
11232,10102158,190.0,18999.99999998922,1,1,0,1.0,0.0,190.0,1,1,1,1,1
11233,10102160,242.0,24199.99999998627,1,1,0,1.0,0.0,242.0,1,1,1,1,1
11234,10102162,47.0,4699.999999997333,1,1,0,1.0,0.0,47.0,1,1,1,1,1
11235,10102164,12.0,1199.9999999993192,1,1,0,1.0,0.0,12.0,1,1,1,1,1
11236,10102166,107.0,10699.99999999393,1,1,0,1.0,0.0,107.0,1,1,1,1,1
11237,10102168,586.0,58599.999999966756,1,1,0,1.0,0.0,586.0,1,1,1,1,1
11238,10102170,87.0,8699.999999995065,1,1,0,1.0,0.0,87.0,1,1,1,1,1
11239,10102172,1840.0,183999.9999998956,1,1,0,1.0,0.0,1840.0,1,1,1,1,1
11240,10102174,1.0,99.99999999994327,1,1,0,1.0,0.0,1.0,1,1,1,1,1
11241,10102176,40.0,3999.999999997731,1,1,0,1.0,0.0,40.0,1,1,1,1,1
11242,10102182,270.0,26999.999999984684,1,1,0,1.0,0.0,270.0,1,1,1,1,1
11243,10102186,1521.0,152099.9999999137,1,1,0,1.0,0.0,1521.0,1,1,1,1,1
11244,10102188,344.0,34399.999999980486,1,1,0,1.0,0.0,344.0,1,1,1,1,1
11245,10102190,112.0,11199.999999993646,1,1,0,1.0,0.0,112.0,1,1,1,1,1
11246,10102192,166.0,16599.99999999058,1,1,0,1.0,0.0,166.0,1,1,1,1,1
11247,10102194,31.0,3099.9999999982415,1,1,0,1.0,0.0,31.0,1,1,1,1,1
11248,10102196,5.0,499.99999999971635,1,1,0,1.0,0.0,5.0,1,1,1,1,1
11249,10102198,20.0,1999.9999999988654,1,1,0,1.0,0.0,20.0,1,1,1,1,1
11250,10102200,88.0,8799.999999995009,1,1,0,1.0,0.0,88.0,1,1,1,1,1
11251,10102202,491.0,49099.99999997215,1,1,0,1.0,0.0,491.0,1,1,1,1,1
11252,10102204,189.0,18899.99999998928,1,1,0,1.0,0.0,189.0,1,1,1,1,1
11253,10102210,6.0,599.9999999996596,1,1,0,1.0,0.0,6.0,1,1,1,1,1
11254,10102212,1167.0,116699.9999999338,1,1,0,1.0,0.0,1167.0,1,1,1,1,1
11255,10102214,568.0,56799.999999967775,1,1,0,1.0,0.0,568.0,1,1,1,1,1
11256,10102220,291.0,29099.99999998349,1,1,0,1.0,0.0,291.0,1,1,1,1,1
11257,10102226,211.0,21099.99999998803,1,1,0,1.0,0.0,211.0,1,1,1,1,1
11258,10102228,1251.0,125099.99999992903,1,1,0,1.0,0.0,1251.0,1,1,1,1,1
11259,10102232,269.0,26899.99999998474,1,1,0,1.0,0.0,269.0,1,1,1,1,1
11260,10102234,159.0,15899.99999999098,1,1,0,1.0,0.0,159.0,1,1,1,1,1
11261,10102236,40.0,3999.999999997731,1,1,0,1.0,0.0,40.0,1,1,1,1,1
11262,10102238,101.0,10099.99999999427,1,1,0,1.0,0.0,101.0,1,1,1,1,1
11263,10102240,119.0,11899.99999999325,1,1,0,1.0,0.0,119.0,1,1,1,1,1
11264,10102242,58.0,5799.999999996709,1,1,0,1.0,0.0,58.0,1,1,1,1,1
11265,10102244,146.0,14599.999999991718,1,1,0,1.0,0.0,146.0,1,1,1,1,1
11266,10102254,107.0,10699.99999999393,1,1,0,1.0,0.0,107.0,1,1,1,1,1
11267,10102256,94.0,9399.999999994667,1,1,0,1.0,0.0,94.0,1,1,1,1,1
11268,10102258,326.0,32599.999999981505,1,1,0,1.0,0.0,326.0,1,1,1,1,1
11269,10102262,174.0,17399.99999999013,1,1,0,1.0,0.0,174.0,1,1,1,1,1
11270,10102264,474.0,47399.99999997311,1,1,0,1.0,0.0,474.0,1,1,1,1,1
11271,10102266,1752.0,175199.9999999006,1,1,0,1.0,0.0,1752.0,1,1,1,1,1
11272,10102268,80.0,7999.999999995462,1,1,0,1.0,0.0,80.0,1,1,1,1,1
11273,10102270,538.0,53799.99999996948,1,1,0,1.0,0.0,538.0,1,1,1,1,1
11274,10102272,152.0,15199.999999991378,1,1,0,1.0,0.0,152.0,1,1,1,1,1
11275,10102276,39.0,3899.9999999977877,1,1,0,1.0,0.0,39.0,1,1,1,1,1
11276,10102280,9.0,899.9999999994894,1,1,0,1.0,0.0,9.0,1,1,1,1,1
11277,10102288,149.0,14899.999999991547,1,1,0,1.0,0.0,149.0,1,1,1,1,1
11278,10102290,463.0,46299.999999973734,1,1,0,1.0,0.0,463.0,1,1,1,1,1
11279,10102292,123.0,12299.999999993022,1,1,0,1.0,0.0,123.0,1,1,1,1,1
11280,10102294,5.0,499.99999999971635,1,1,0,1.0,0.0,5.0,1,1,1,1,1
11281,10102296,2563.0,256299.9999998546,1,1,0,1.0,0.0,2563.0,1,1,1,1,1
11282,10102298,417.0,41699.999999976346,1,1,0,1.0,0.0,417.0,1,1,1,1,1
11283,10102300,125.0,12499.99999999291,1,1,0,1.0,0.0,125.0,1,1,1,1,1
11284,10102306,523.0,52299.99999997033,1,1,0,1.0,0.0,523.0,1,1,1,1,1
11285,10102308,211.0,21099.99999998803,1,1,0,1.0,0.0,211.0,1,1,1,1,1
11286,10102310,479.0,47899.999999972824,1,1,0,1.0,0.0,479.0,1,1,1,1,1
11287,10102312,318.0,31799.99999998196,1,1,0,1.0,0.0,318.0,1,1,1,1,1
11288,10102318,535.0,53499.99999996965,1,1,0,1.0,0.0,535.0,1,1,1,1,1
11289,10102322,137.0,13699.999999992227,1,1,0,1.0,0.0,137.0,1,1,1,1,1
11290,10102324,658.0,65799.99999996267,1,1,0,1.0,0.0,658.0,1,1,1,1,1
11291,10102328,60.0,5999.999999996597,1,1,0,1.0,0.0,60.0,1,1,1,1,1
11292,10102330,40.0,3999.999999997731,1,1,0,1.0,0.0,40.0,1,1,1,1,1
11293,10102332,119.0,11899.99999999325,1,1,0,1.0,0.0,119.0,1,1,1,1,1
11294,10102334,9.0,899.9999999994894,1,1,0,1.0,0.0,9.0,1,1,1,1,1
11295,10102336,148.0,14799.999999991604,1,1,0,1.0,0.0,148.0,1,1,1,1,1
11296,10102338,272.0,27199.999999984568,1,1,0,1.0,0.0,272.0,1,1,1,1,1
11297,10102346,8.0,799.9999999995462,1,1,0,1.0,0.0,8.0,1,1,1,1,1
11298,10102348,890.0,88999.9999999495,1,1,0,1.0,0.0,890.0,1,1,1,1,1
11299,10102350,1119.0,111899.99999993652,1,1,0,1.0,0.0,1119.0,1,1,1,1,1
11300,10102352,139.0,13899.999999992115,1,1,0,1.0,0.0,139.0,1,1,1,1,1
11301,10102354,148.0,14799.999999991604,1,1,0,1.0,0.0,148.0,1,1,1,1,1
11302,10102358,105.0,10499.999999994043,1,1,0,1.0,0.0,105.0,1,1,1,1,1
11303,10102360,2852.0,285199.9999998382,1,1,0,1.0,0.0,2852.0,1,1,1,1,1
11304,10102362,446.0,44599.9999999747,1,1,0,1.0,0.0,446.0,1,1,1,1,1
11305,10102364,398.0,39799.99999997742,1,1,0,1.0,0.0,398.0,1,1,1,1,1
11306,10102366,598.0,59799.99999996607,1,1,0,1.0,0.0,598.0,1,1,1,1,1
11307,10102368,67.0,6699.999999996199,1,1,0,1.0,0.0,67.0,1,1,1,1,1
11308,10102370,9.0,899.9999999994894,1,1,0,1.0,0.0,9.0,1,1,1,1,1
11309,10102372,105.0,10499.999999994043,1,1,0,1.0,0.0,105.0,1,1,1,1,1
11310,10102374,252.0,25199.999999985703,1,1,0,1.0,0.0,252.0,1,1,1,1,1
11311,10102376,34.0,3399.999999998071,1,1,0,1.0,0.0,34.0,1,1,1,1,1
11312,10102382,382.0,38199.99999997833,1,1,0,1.0,0.0,382.0,1,1,1,1,1
11313,10102384,478.0,47799.99999997288,1,1,0,1.0,0.0,478.0,1,1,1,1,1
11314,10102388,880.0,87999.99999995007,1,1,0,1.0,0.0,880.0,1,1,1,1,1
11315,10102390,702.0,70199.99999996017,1,1,0,1.0,0.0,702.0,1,1,1,1,1
11316,10102392,83.0,8299.99999999529,1,1,0,1.0,0.0,83.0,1,1,1,1,1
11317,10102394,2.0,199.99999999988654,1,1,0,1.0,0.0,2.0,1,1,1,1,1
11318,10102396,98.0,9799.999999994441,1,1,0,1.0,0.0,98.0,1,1,1,1,1
11319,10102400,52.0,5199.99999999705,1,1,0,1.0,0.0,52.0,1,1,1,1,1
11320,10102402,13.0,1299.9999999992624,1,1,0,1.0,0.0,13.0,1,1,1,1,1
11321,10102404,464.0,46399.999999973676,1,1,0,1.0,0.0,464.0,1,1,1,1,1
11322,10102406,213.0,21299.99999998792,1,1,0,1.0,0.0,213.0,1,1,1,1,1
11323,10102412,534.0,53399.9999999697,1,1,0,1.0,0.0,534.0,1,1,1,1,1
11324,10102414,179.0,17899.999999989846,1,1,0,1.0,0.0,179.0,1,1,1,1,1
11325,10102420,711.0,71099.99999995966,1,1,0,1.0,0.0,711.0,1,1,1,1,1
11326,10102422,1355.0,135499.99999992314,1,1,0,1.0,0.0,1355.0,1,1,1,1,1
11327,10102426,112.0,11199.999999993646,1,1,0,1.0,0.0,112.0,1,1,1,1,1
11328,10102428,496.0,49599.999999971864,1,1,0,1.0,0.0,496.0,1,1,1,1,1
11329,10102432,3030.0,302999.9999998281,1,1,0,1.0,0.0,3030.0,1,1,1,1,1
11330,10102438,333.0,33299.99999998111,1,1,0,1.0,0.0,333.0,1,1,1,1,1
11331,10102440,838.0,83799.99999995246,1,1,0,1.0,0.0,838.0,1,1,1,1,1
11332,10102442,578.0,57799.99999996721,1,1,0,1.0,0.0,578.0,1,1,1,1,1
11333,10102444,124.0,12399.999999992966,1,1,0,1.0,0.0,124.0,1,1,1,1,1
11334,10102446,320.0,31999.999999981846,1,1,0,1.0,0.0,320.0,1,1,1,1,1
11335,10102448,479.0,47899.999999972824,1,1,0,1.0,0.0,479.0,1,1,1,1,1
11336,10102452,2298.0,229799.99999986964,1,1,0,1.0,0.0,2298.0,1,1,1,1,1
11337,10102456,250.0,24999.99999998582,1,1,0,1.0,0.0,250.0,1,1,1,1,1
11338,10102458,113.0,11299.99999999359,1,1,0,1.0,0.0,113.0,1,1,1,1,1
11339,10102460,1385.0,138499.99999992142,1,1,0,1.0,0.0,1385.0,1,1,1,1,1
11340,10102462,532.0,53199.99999996982,1,1,0,1.0,0.0,532.0,1,1,1,1,1
11341,10102464,1189.0,118899.99999993255,1,1,0,1.0,0.0,1189.0,1,1,1,1,1
11342,10102466,17.0,1699.9999999990355,1,1,0,1.0,0.0,17.0,1,1,1,1,1
11343,10102474,312.0,31199.9999999823,1,1,0,1.0,0.0,312.0,1,1,1,1,1
11344,10102478,569.0,56899.999999967724,1,1,0,1.0,0.0,569.0,1,1,1,1,1
11345,10102480,50.0,4999.999999997163,1,1,0,1.0,0.0,50.0,1,1,1,1,1
11346,10102482,726.0,72599.99999995882,1,1,0,1.0,0.0,726.0,1,1,1,1,1
11347,10102484,186.0,18599.99999998945,1,1,0,1.0,0.0,186.0,1,1,1,1,1
11348,10102486,184.0,18399.999999989563,1,1,0,1.0,0.0,184.0,1,1,1,1,1
11349,10102504,7.0,699.9999999996029,1,1,0,1.0,0.0,7.0,1,1,1,1,1
11350,10102506,532.0,53199.99999996982,1,1,0,1.0,0.0,532.0,1,1,1,1,1
11351,10102508,11435.0,1143499.9999993513,1,1,0,1.0,0.0,11435.0,1,1,1,1,1
11352,10102512,68.0,6799.999999996142,1,1,0,1.0,0.0,68.0,1,1,1,1,1
11353,10102514,92.0,9199.999999994781,1,1,0,1.0,0.0,92.0,1,1,1,1,1
11354,10102516,188.0,18799.999999989333,1,1,0,1.0,0.0,188.0,1,1,1,1,1
11355,10102518,293.0,29299.999999983378,1,1,0,1.0,0.0,293.0,1,1,1,1,1
11356,10102522,1308.0,130799.9999999258,1,1,0,1.0,0.0,1308.0,1,1,1,1,1
11357,10102524,185.0,18499.999999989504,1,1,0,1.0,0.0,185.0,1,1,1,1,1
11358,10102526,95.0,9499.99999999461,1,1,0,1.0,0.0,95.0,1,1,1,1,1
11359,10102532,217.0,21699.99999998769,1,1,0,1.0,0.0,217.0,1,1,1,1,1
11360,10102536,37.0,3699.999999997901,1,1,0,1.0,0.0,37.0,1,1,1,1,1
11361,10102538,1.0,99.99999999994327,1,1,0,1.0,0.0,1.0,1,1,1,1,1
11362,10102540,997.0,99699.99999994344,1,1,0,1.0,0.0,997.0,1,1,1,1,1
11363,10102548,5.0,499.99999999971635,1,1,0,1.0,0.0,5.0,1,1,1,1,1
11364,10102550,348.0,34799.99999998026,1,1,0,1.0,0.0,348.0,1,1,1,1,1
11365,10102552,1613.0,161299.9999999085,1,1,0,1.0,0.0,1613.0,1,1,1,1,1
11366,10102556,531.0,53099.99999996988,1,1,0,1.0,0.0,531.0,1,1,1,1,1
11367,10102558,783.0,78299.99999995559,1,1,0,1.0,0.0,783.0,1,1,1,1,1
11368,10102564,177.0,17699.99999998996,1,1,0,1.0,0.0,177.0,1,1,1,1,1
11369,10102570,512.0,51199.999999970954,1,1,0,1.0,0.0,512.0,1,1,1,1,1
11370,10102572,261.0,26099.999999985193,1,1,0,1.0,0.0,261.0,1,1,1,1,1
11371,10102574,825.0,82499.9999999532,1,1,0,1.0,0.0,825.0,1,1,1,1,1
11372,10102576,844.0,84399.99999995212,1,1,0,1.0,0.0,844.0,1,1,1,1,1
11373,10102580,320.0,31999.999999981846,1,1,0,1.0,0.0,320.0,1,1,1,1,1
11374,10102582,156.0,15599.99999999115,1,1,0,1.0,0.0,156.0,1,1,1,1,1
11375,10102586,1022.0,102199.99999994203,1,1,0,1.0,0.0,1022.0,1,1,1,1,1
11376,10102588,434.0,43399.99999997538,1,1,0,1.0,0.0,434.0,1,1,1,1,1
11377,10102590,181.0,18099.999999989734,1,1,0,1.0,0.0,181.0,1,1,1,1,1
11378,10102592,98.0,9799.999999994441,1,1,0,1.0,0.0,98.0,1,1,1,1,1
11379,10102598,235.0,23499.999999986667,1,1,0,1.0,0.0,235.0,1,1,1,1,1
11380,10102600,60.0,5999.999999996597,1,1,0,1.0,0.0,60.0,1,1,1,1,1
11381,10102604,185.0,18499.999999989504,1,1,0,1.0,0.0,185.0,1,1,1,1,1
11382,10102608,139.0,13899.999999992115,1,1,0,1.0,0.0,139.0,1,1,1,1,1
11383,10102610,70.0,6999.999999996029,1,1,0,1.0,0.0,70.0,1,1,1,1,1
11384,10102614,6.0,599.9999999996596,1,1,0,1.0,0.0,6.0,1,1,1,1,1
11385,10102616,2.0,199.99999999988654,1,1,0,1.0,0.0,2.0,1,1,1,1,1
11386,10102618,142.0,14199.999999991944,1,1,0,1.0,0.0,142.0,1,1,1,1,1
11387,10102620,135.0,13499.999999992342,1,1,0,1.0,0.0,135.0,1,1,1,1,1
11388,10102622,212.0,21199.999999987973,1,1,0,1.0,0.0,212.0,1,1,1,1,1
11389,10102624,152.0,15199.999999991378,1,1,0,1.0,0.0,152.0,1,1,1,1,1
11390,10102626,250.0,24999.99999998582,1,1,0,1.0,0.0,250.0,1,1,1,1,1
11391,10102628,352.0,35199.999999980035,1,1,0,1.0,0.0,352.0,1,1,1,1,1
11392,10102630,5.0,499.99999999971635,1,1,0,1.0,0.0,5.0,1,1,1,1,1
11393,10102632,384.0,38399.999999978216,1,1,0,1.0,0.0,384.0,1,1,1,1,1
11394,10102634,73.0,7299.999999995859,1,1,0,1.0,0.0,73.0,1,1,1,1,1
11395,10102636,39.0,3899.9999999977877,1,1,0,1.0,0.0,39.0,1,1,1,1,1
11396,10102638,32.0,3199.9999999981846,1,1,0,1.0,0.0,32.0,1,1,1,1,1
11397,10102642,16.0,1599.9999999990923,1,1,0,1.0,0.0,16.0,1,1,1,1,1
11398,10102644,294.0,29399.99999998332,1,1,0,1.0,0.0,294.0,1,1,1,1,1
11399,10102646,49.0,4899.999999997221,1,1,0,1.0,0.0,49.0,1,1,1,1,1
11400,10102648,2977.0,297699.99999983114,1,1,0,1.0,0.0,2977.0,1,1,1,1,1
11401,10102652,663.0,66299.99999996238,1,1,0,1.0,0.0,663.0,1,1,1,1,1
11402,10102654,63.0,6299.999999996426,1,1,0,1.0,0.0,63.0,1,1,1,1,1
11403,10102656,209.0,20899.999999988144,1,1,0,1.0,0.0,209.0,1,1,1,1,1
11404,10102658,479.0,47899.999999972824,1,1,0,1.0,0.0,479.0,1,1,1,1,1
11405,10102660,140.0,13999.999999992058,1,1,0,1.0,0.0,140.0,1,1,1,1,1
11406,10102662,213.0,21299.99999998792,1,1,0,1.0,0.0,213.0,1,1,1,1,1
11407,10102664,209.0,20899.999999988144,1,1,0,1.0,0.0,209.0,1,1,1,1,1
11408,10102666,146.0,14599.999999991718,1,1,0,1.0,0.0,146.0,1,1,1,1,1
11409,10102670,130.0,12999.999999992626,1,1,0,1.0,0.0,130.0,1,1,1,1,1
11410,10102672,191.0,19099.999999989166,1,1,0,1.0,0.0,191.0,1,1,1,1,1
11411,10102674,26.0,2599.999999998525,1,1,0,1.0,0.0,26.0,1,1,1,1,1
11412,10102676,209.0,20899.999999988144,1,1,0,1.0,0.0,209.0,1,1,1,1,1
11413,10102678,844.0,84399.99999995212,1,1,0,1.0,0.0,844.0,1,1,1,1,1
11414,10102680,169.0,16899.999999990414,1,1,0,1.0,0.0,169.0,1,1,1,1,1
11415,10102682,131.0,13099.999999992568,1,1,0,1.0,0.0,131.0,1,1,1,1,1
11416,10102684,34.0,3399.999999998071,1,1,0,1.0,0.0,34.0,1,1,1,1,1
11417,10102686,214.0,21399.99999998786,1,1,0,1.0,0.0,214.0,1,1,1,1,1
11418,10102688,148.0,14799.999999991604,1,1,0,1.0,0.0,148.0,1,1,1,1,1
11419,10102690,557.0,55699.9999999684,1,1,0,1.0,0.0,557.0,1,1,1,1,1
11420,10102692,614.0,61399.99999996517,1,1,0,1.0,0.0,614.0,1,1,1,1,1
11421,10102694,410.0,40999.99999997674,1,1,0,1.0,0.0,410.0,1,1,1,1,1
11422,10102696,106.0,10599.999999993986,1,1,0,1.0,0.0,106.0,1,1,1,1,1
11423,10102698,37.0,3699.999999997901,1,1,0,1.0,0.0,37.0,1,1,1,1,1
11424,10102702,277.0,27699.999999984288,1,1,0,1.0,0.0,277.0,1,1,1,1,1
11425,10102704,199.0,19899.99999998871,1,1,0,1.0,0.0,199.0,1,1,1,1,1
11426,10102706,128.0,12799.999999992739,1,1,0,1.0,0.0,128.0,1,1,1,1,1
11427,10102708,311.0,31099.999999982356,1,1,0,1.0,0.0,311.0,1,1,1,1,1
11428,10102710,11.0,1099.999999999376,1,1,0,1.0,0.0,11.0,1,1,1,1,1
11429,10102714,28.0,2799.9999999984116,1,1,0,1.0,0.0,28.0,1,1,1,1,1
11430,10102716,120.0,11999.999999993193,1,1,0,1.0,0.0,120.0,1,1,1,1,1
11431,10102718,261.0,26099.999999985193,1,1,0,1.0,0.0,261.0,1,1,1,1,1
11432,10102724,917.0,91699.99999994798,1,1,0,1.0,0.0,917.0,1,1,1,1,1
11433,10102726,426.0,42599.99999997584,1,1,0,1.0,0.0,426.0,1,1,1,1,1
11434,10102728,6.0,599.9999999996596,1,1,0,1.0,0.0,6.0,1,1,1,1,1
11435,10102730,169.0,16899.999999990414,1,1,0,1.0,0.0,169.0,1,1,1,1,1
11436,10102732,189.0,18899.99999998928,1,1,0,1.0,0.0,189.0,1,1,1,1,1
11437,10102734,103.0,10299.999999994157,1,1,0,1.0,0.0,103.0,1,1,1,1,1
11438,10102738,57.0,5699.999999996767,1,1,0,1.0,0.0,57.0,1,1,1,1,1
11439,10102740,34.0,3399.999999998071,1,1,0,1.0,0.0,34.0,1,1,1,1,1
11440,10102744,3.0,299.9999999998298,1,1,0,1.0,0.0,3.0,1,1,1,1,1
11441,10102758,63.0,6299.999999996426,1,1,0,1.0,0.0,63.0,1,1,1,1,1
11442,10102760,449.0,44899.99999997453,1,1,0,1.0,0.0,449.0,1,1,1,1,1
11443,10102762,183.0,18299.999999989617,1,1,0,1.0,0.0,183.0,1,1,1,1,1
11444,10102768,202.0,20199.99999998854,1,1,0,1.0,0.0,202.0,1,1,1,1,1
11445,10102772,1327.0,132699.9999999247,1,1,0,1.0,0.0,1327.0,1,1,1,1,1
11446,10102774,776.0,77599.99999995598,1,1,0,1.0,0.0,776.0,1,1,1,1,1
11447,10102778,314.0,31399.99999998219,1,1,0,1.0,0.0,314.0,1,1,1,1,1
11448,10102780,2474.0,247399.99999985966,1,1,0,1.0,0.0,2474.0,1,1,1,1,1
11449,10102782,154.0,15399.999999991263,1,1,0,1.0,0.0,154.0,1,1,1,1,1
11450,10102784,270.0,26999.999999984684,1,1,0,1.0,0.0,270.0,1,1,1,1,1
11451,10102786,2604.0,260399.99999985227,1,1,0,1.0,0.0,2604.0,1,1,1,1,1
11452,10102790,490.0,48999.999999972206,1,1,0,1.0,0.0,490.0,1,1,1,1,1
11453,10102794,240.0,23999.999999986387,1,1,0,1.0,0.0,240.0,1,1,1,1,1
11454,10102796,1104.0,110399.99999993737,1,1,0,1.0,0.0,1104.0,1,1,1,1,1
11455,10102798,15.0,1499.9999999991492,1,1,0,1.0,0.0,15.0,1,1,1,1,1
11456,10102800,298.0,29799.999999983094,1,1,0,1.0,0.0,298.0,1,1,1,1,1
11457,10102802,20.0,1999.9999999988654,1,1,0,1.0,0.0,20.0,1,1,1,1,1
11458,10102804,574.0,57399.99999996744,1,1,0,1.0,0.0,574.0,1,1,1,1,1
11459,10102806,209.0,20899.999999988144,1,1,0,1.0,0.0,209.0,1,1,1,1,1
11460,10102808,106.0,10599.999999993986,1,1,0,1.0,0.0,106.0,1,1,1,1,1
11461,10102810,177.0,17699.99999998996,1,1,0,1.0,0.0,177.0,1,1,1,1,1
11462,10102812,77.0,7699.999999995632,1,1,0,1.0,0.0,77.0,1,1,1,1,1
11463,10102814,72.0,7199.9999999959155,1,1,0,1.0,0.0,72.0,1,1,1,1,1
11464,10102816,527.0,52699.9999999701,1,1,0,1.0,0.0,527.0,1,1,1,1,1
11465,10102820,227.0,22699.99999998712,1,1,0,1.0,0.0,227.0,1,1,1,1,1
11466,10102822,176.0,17599.999999990017,1,1,0,1.0,0.0,176.0,1,1,1,1,1
11467,10102824,272.0,27199.999999984568,1,1,0,1.0,0.0,272.0,1,1,1,1,1
11468,10102826,173.0,17299.999999990185,1,1,0,1.0,0.0,173.0,1,1,1,1,1
11469,10102828,830.0,82999.99999995291,1,1,0,1.0,0.0,830.0,1,1,1,1,1
11470,10102832,479.0,47899.999999972824,1,1,0,1.0,0.0,479.0,1,1,1,1,1
11471,10102834,266.0,26599.99999998491,1,1,0,1.0,0.0,266.0,1,1,1,1,1
11472,10102836,701.0,70099.99999996023,1,1,0,1.0,0.0,701.0,1,1,1,1,1
11473,10102838,114.0,11399.999999993533,1,1,0,1.0,0.0,114.0,1,1,1,1,1
11474,10102840,247.0,24699.999999985987,1,1,0,1.0,0.0,247.0,1,1,1,1,1
11475,10102842,75.0,7499.999999995745,1,1,0,1.0,0.0,75.0,1,1,1,1,1
11476,10102844,2065.0,206499.99999988286,1,1,0,1.0,0.0,2065.0,1,1,1,1,1
11477,10102846,260.0,25999.99999998525,1,1,0,1.0,0.0,260.0,1,1,1,1,1
11478,10102848,110.0,10999.999999993759,1,1,0,1.0,0.0,110.0,1,1,1,1,1
11479,10102850,914.0,91399.99999994815,1,1,0,1.0,0.0,914.0,1,1,1,1,1
11480,10102852,1542.0,154199.9999999125,1,1,0,1.0,0.0,1542.0,1,1,1,1,1
11481,10102854,212.0,21199.999999987973,1,1,0,1.0,0.0,212.0,1,1,1,1,1
11482,10102856,84.0,8399.999999995234,1,1,0,1.0,0.0,84.0,1,1,1,1,1
11483,10102858,300.0,29999.99999998298,1,1,0,1.0,0.0,300.0,1,1,1,1,1
11484,10102862,810.0,80999.99999995405,1,1,0,1.0,0.0,810.0,1,1,1,1,1
11485,10102864,9.0,899.9999999994894,1,1,0,1.0,0.0,9.0,1,1,1,1,1
11486,10102866,286.0,28599.999999983775,1,1,0,1.0,0.0,286.0,1,1,1,1,1
11487,10102870,34.0,3399.999999998071,1,1,0,1.0,0.0,34.0,1,1,1,1,1
11488,10102876,81.0,8099.999999995405,1,1,0,1.0,0.0,81.0,1,1,1,1,1
11489,10102882,553.0,55299.999999968626,1,1,0,1.0,0.0,553.0,1,1,1,1,1
11490,10102884,1227.0,122699.9999999304,1,1,0,1.0,0.0,1227.0,1,1,1,1,1
11491,10102886,551.0,55099.99999996874,1,1,0,1.0,0.0,551.0,1,1,1,1,1
11492,10102888,159.0,15899.99999999098,1,1,0,1.0,0.0,159.0,1,1,1,1,1
11493,10102890,2012.0,201199.99999988585,1,1,0,1.0,0.0,2012.0,1,1,1,1,1
11494,10102892,63.0,6299.999999996426,1,1,0,1.0,0.0,63.0,1,1,1,1,1
11495,10102894,1704.0,170399.99999990335,1,1,0,1.0,0.0,1704.0,1,1,1,1,1
11496,10102896,938.0,93799.99999994678,1,1,0,1.0,0.0,938.0,1,1,1,1,1
11497,10102898,63.0,6299.999999996426,1,1,0,1.0,0.0,63.0,1,1,1,1,1
11498,10102900,3093.0,309299.99999982456,1,1,0,1.0,0.0,3093.0,1,1,1,1,1
11499,10102904,55.0,5499.9999999968795,1,1,0,1.0,0.0,55.0,1,1,1,1,1
11500,10102906,1165.0,116499.9999999339,1,1,0,1.0,0.0,1165.0,1,1,1,1,1
11501,10102908,27.0,2699.9999999984684,1,1,0,1.0,0.0,27.0,1,1,1,1,1
11502,10102912,1328.0,132799.99999992465,1,1,0,1.0,0.0,1328.0,1,1,1,1,1
11503,10102918,9.0,899.9999999994894,1,1,0,1.0,0.0,9.0,1,1,1,1,1
11504,10102920,1642.0,164199.99999990684,1,1,0,1.0,0.0,1642.0,1,1,1,1,1
11505,10102922,89.0,8899.99999999495,1,1,0,1.0,0.0,89.0,1,1,1,1,1
11506,10102926,9.0,899.9999999994894,1,1,0,1.0,0.0,9.0,1,1,1,1,1
11507,10102928,33.0,3299.999999998128,1,1,0,1.0,0.0,33.0,1,1,1,1,1
11508,10102934,152.0,15199.999999991378,1,1,0,1.0,0.0,152.0,1,1,1,1,1
11509,10102944,627.0,62699.99999996443,1,1,0,1.0,0.0,627.0,1,1,1,1,1
11510,10102948,4.0,399.9999999997731,1,1,0,1.0,0.0,4.0,1,1,1,1,1
11511,10102950,14.0,1399.9999999992058,1,1,0,1.0,0.0,14.0,1,1,1,1,1
11512,10102952,19.0,1899.9999999989222,1,1,0,1.0,0.0,19.0,1,1,1,1,1
11513,10103630,22.0,2199.999999998752,1,1,0,1.0,0.0,22.0,1,1,1,1,1
11514,10103632,32.0,3199.9999999981846,1,1,0,1.0,0.0,32.0,1,1,1,1,1
11515,10103636,209.0,20899.999999988144,1,1,0,1.0,0.0,209.0,1,1,1,1,1
11516,10103644,57.0,5699.999999996767,1,1,0,1.0,0.0,57.0,1,1,1,1,1
11517,10103646,4.0,399.9999999997731,1,1,0,1.0,0.0,4.0,1,1,1,1,1
11518,10103648,5.0,499.99999999971635,1,1,0,1.0,0.0,5.0,1,1,1,1,1
11519,10103650,183.0,18299.999999989617,1,1,0,1.0,0.0,183.0,1,1,1,1,1
11520,10103652,1.0,99.99999999994327,1,1,0,1.0,0.0,1.0,1,1,1,1,1
11521,10103656,150.0,14999.99999999149,1,1,0,1.0,0.0,150.0,1,1,1,1,1
11522,10103660,466.0,46599.99999997357,1,1,0,1.0,0.0,466.0,1,1,1,1,1
11523,10103664,978.0,97799.99999994451,1,1,0,1.0,0.0,978.0,1,1,1,1,1
11524,10103666,1949.0,194899.99999988943,1,1,0,1.0,0.0,1949.0,1,1,1,1,1
11525,10103668,619.0,61899.999999964886,1,1,0,1.0,0.0,619.0,1,1,1,1,1
11526,10103670,637.0,63699.99999996386,1,1,0,1.0,0.0,637.0,1,1,1,1,1
11527,10103676,140.0,13999.999999992058,1,1,0,1.0,0.0,140.0,1,1,1,1,1
11528,10103680,566.0,56599.99999996789,1,1,0,1.0,0.0,566.0,1,1,1,1,1
11529,10103682,313.0,31299.999999982243,1,1,0,1.0,0.0,313.0,1,1,1,1,1
11530,10103684,23.0,2299.9999999986953,1,1,0,1.0,0.0,23.0,1,1,1,1,1
11531,10103690,724.0,72399.99999995893,1,1,0,1.0,0.0,724.0,1,1,1,1,1
11532,10103692,127.0,12699.999999992795,1,1,0,1.0,0.0,127.0,1,1,1,1,1
11533,10103694,869.0,86899.9999999507,1,1,0,1.0,0.0,869.0,1,1,1,1,1
11534,10103700,2.0,199.99999999988654,1,1,0,1.0,0.0,2.0,1,1,1,1,1
11535,10103708,856.0,85599.99999995144,1,1,0,1.0,0.0,856.0,1,1,1,1,1
11536,10103710,231.0,23099.999999986896,1,1,0,1.0,0.0,231.0,1,1,1,1,1
11537,10103712,183.0,18299.999999989617,1,1,0,1.0,0.0,183.0,1,1,1,1,1
11538,10103718,128.0,12799.999999992739,1,1,0,1.0,0.0,128.0,1,1,1,1,1
11539,10103720,74.0,7399.999999995802,1,1,0,1.0,0.0,74.0,1,1,1,1,1
11540,10103722,340.0,33999.99999998071,1,1,0,1.0,0.0,340.0,1,1,1,1,1
11541,10103724,21.0,2099.9999999988086,1,1,0,1.0,0.0,21.0,1,1,1,1,1
11542,10103726,158.0,15799.999999991036,1,1,0,1.0,0.0,158.0,1,1,1,1,1
11543,10103728,298.0,29799.999999983094,1,1,0,1.0,0.0,298.0,1,1,1,1,1
11544,10103730,979.0,97899.99999994446,1,1,0,1.0,0.0,979.0,1,1,1,1,1
11545,10103732,282.0,28199.999999984004,1,1,0,1.0,0.0,282.0,1,1,1,1,1
11546,10103734,1532.0,153199.9999999131,1,1,0,1.0,0.0,1532.0,1,1,1,1,1
11547,10103736,9.0,899.9999999994894,1,1,0,1.0,0.0,9.0,1,1,1,1,1
11548,10103738,588.0,58799.99999996664,1,1,0,1.0,0.0,588.0,1,1,1,1,1
11549,10103740,785.0,78499.99999995547,1,1,0,1.0,0.0,785.0,1,1,1,1,1
11550,10103742,266.0,26599.99999998491,1,1,0,1.0,0.0,266.0,1,1,1,1,1
11551,10103744,205.0,20499.99999998837,1,1,0,1.0,0.0,205.0,1,1,1,1,1
11552,10103746,185.0,18499.999999989504,1,1,0,1.0,0.0,185.0,1,1,1,1,1
11553,10103748,152.0,15199.999999991378,1,1,0,1.0,0.0,152.0,1,1,1,1,1
11554,10103750,122.0,12199.999999993079,1,1,0,1.0,0.0,122.0,1,1,1,1,1
11555,10103752,236.0,23599.999999986612,1,1,0,1.0,0.0,236.0,1,1,1,1,1
11556,10103754,1456.0,145599.9999999174,1,1,0,1.0,0.0,1456.0,1,1,1,1,1
11557,10103756,138.0,13799.999999992171,1,1,0,1.0,0.0,138.0,1,1,1,1,1
11558,10103758,433.0,43299.99999997544,1,1,0,1.0,0.0,433.0,1,1,1,1,1
11559,10103760,359.0,35899.999999979635,1,1,0,1.0,0.0,359.0,1,1,1,1,1
11560,10103762,101.0,10099.99999999427,1,1,0,1.0,0.0,101.0,1,1,1,1,1
11561,10103764,63.0,6299.999999996426,1,1,0,1.0,0.0,63.0,1,1,1,1,1
11562,10103766,67.0,6699.999999996199,1,1,0,1.0,0.0,67.0,1,1,1,1,1
11563,10103768,129.0,12899.999999992682,1,1,0,1.0,0.0,129.0,1,1,1,1,1
11564,10103772,326.0,32599.999999981505,1,1,0,1.0,0.0,326.0,1,1,1,1,1
11565,10103774,30.0,2999.9999999982983,1,1,0,1.0,0.0,30.0,1,1,1,1,1
11566,10103776,608.0,60799.99999996551,1,1,0,1.0,0.0,608.0,1,1,1,1,1
11567,10103778,17.0,1699.9999999990355,1,1,0,1.0,0.0,17.0,1,1,1,1,1
11568,10103780,56.0,5599.999999996823,1,1,0,1.0,0.0,56.0,1,1,1,1,1
11569,10103782,892.0,89199.9999999494,1,1,0,1.0,0.0,892.0,1,1,1,1,1
11570,10103784,282.0,28199.999999984004,1,1,0,1.0,0.0,282.0,1,1,1,1,1
11571,10103788,1479.0,147899.9999999161,1,1,0,1.0,0.0,1479.0,1,1,1,1,1
11572,10103790,23.0,2299.9999999986953,1,1,0,1.0,0.0,23.0,1,1,1,1,1
11573,10103794,86.0,8599.999999995121,1,1,0,1.0,0.0,86.0,1,1,1,1,1
11574,10103798,274.0,27399.999999984455,1,1,0,1.0,0.0,274.0,1,1,1,1,1
11575,10103800,62.0,6199.999999996483,1,1,0,1.0,0.0,62.0,1,1,1,1,1
11576,10103802,37.0,3699.999999997901,1,1,0,1.0,0.0,37.0,1,1,1,1,1
11577,10103804,510.0,50999.99999997107,1,1,0,1.0,0.0,510.0,1,1,1,1,1
11578,10103806,402.0,40199.9999999772,1,1,0,1.0,0.0,402.0,1,1,1,1,1
11579,10103808,292.0,29199.999999983436,1,1,0,1.0,0.0,292.0,1,1,1,1,1
11580,10103812,557.0,55699.9999999684,1,1,0,1.0,0.0,557.0,1,1,1,1,1
11581,10103814,177.0,17699.99999998996,1,1,0,1.0,0.0,177.0,1,1,1,1,1
11582,10103816,352.0,35199.999999980035,1,1,0,1.0,0.0,352.0,1,1,1,1,1
11583,10103818,727.0,72699.99999995876,1,1,0,1.0,0.0,727.0,1,1,1,1,1
11584,10103820,758.0,75799.999999957,1,1,0,1.0,0.0,758.0,1,1,1,1,1
11585,10103884,161.0,16099.999999990867,1,1,0,1.0,0.0,161.0,1,1,1,1,1
11586,10103886,625.0,62499.999999964544,1,1,0,1.0,0.0,625.0,1,1,1,1,1
11587,10103888,120.0,11999.999999993193,1,1,0,1.0,0.0,120.0,1,1,1,1,1
11588,10103890,210.0,20999.999999988086,1,1,0,1.0,0.0,210.0,1,1,1,1,1
11589,10103894,1734.0,173399.99999990163,1,1,0,1.0,0.0,1734.0,1,1,1,1,1
11590,10103904,110.0,10999.999999993759,1,1,0,1.0,0.0,110.0,1,1,1,1,1
11591,10103906,1199.0,119899.99999993198,1,1,0,1.0,0.0,1199.0,1,1,1,1,1
11592,10103908,325.0,32499.999999981563,1,1,0,1.0,0.0,325.0,1,1,1,1,1
11593,10103910,81.0,8099.999999995405,1,1,0,1.0,0.0,81.0,1,1,1,1,1
11594,10103912,5.0,499.99999999971635,1,1,0,1.0,0.0,5.0,1,1,1,1,1
11595,10103914,234.0,23399.999999986725,1,1,0,1.0,0.0,234.0,1,1,1,1,1
11596,10103916,133.0,13299.999999992455,1,1,0,1.0,0.0,133.0,1,1,1,1,1
11597,10103918,1679.0,167899.99999990474,1,1,0,1.0,0.0,1679.0,1,1,1,1,1
11598,10103922,1145.0,114499.99999993504,1,1,0,1.0,0.0,1145.0,1,1,1,1,1
11599,10103926,385.0,38499.99999997816,1,1,0,1.0,0.0,385.0,1,1,1,1,1
11600,10103928,1713.0,171299.99999990282,1,1,0,1.0,0.0,1713.0,1,1,1,1,1
11601,10103930,205.0,20499.99999998837,1,1,0,1.0,0.0,205.0,1,1,1,1,1
11602,10103932,17.0,1699.9999999990355,1,1,0,1.0,0.0,17.0,1,1,1,1,1
11603,10103934,217.0,21699.99999998769,1,1,0,1.0,0.0,217.0,1,1,1,1,1
11604,10103936,575.0,57499.99999996738,1,1,0,1.0,0.0,575.0,1,1,1,1,1
11605,10103938,211.0,21099.99999998803,1,1,0,1.0,0.0,211.0,1,1,1,1,1
11606,10103940,452.0,45199.99999997436,1,1,0,1.0,0.0,452.0,1,1,1,1,1
11607,10103942,294.0,29399.99999998332,1,1,0,1.0,0.0,294.0,1,1,1,1,1
11608,10103950,1311.0,131099.99999992564,1,1,0,1.0,0.0,1311.0,1,1,1,1,1
11609,10103952,13.0,1299.9999999992624,1,1,0,1.0,0.0,13.0,1,1,1,1,1
11610,10103958,8.0,799.9999999995462,1,1,0,1.0,0.0,8.0,1,1,1,1,1
11611,10103962,245.0,24499.999999986103,1,1,0,1.0,0.0,245.0,1,1,1,1,1
11612,10103968,137.0,13699.999999992227,1,1,0,1.0,0.0,137.0,1,1,1,1,1
11613,10103974,7.0,699.9999999996029,1,1,0,1.0,0.0,7.0,1,1,1,1,1
11614,10103980,1070.0,106999.9999999393,1,1,0,1.0,0.0,1070.0,1,1,1,1,1
11615,10103982,3.0,299.9999999998298,1,1,0,1.0,0.0,3.0,1,1,1,1,1
11616,10105032,11189.0,1118899.9999993653,1,1,0,1.0,0.0,11189.0,1,1,1,1,1
11617,10293572,22.0,2199.999999998752,1,1,0,1.0,0.0,22.0,1,1,1,1,1
11618,10293596,14.0,1399.9999999992058,1,1,0,1.0,0.0,14.0,1,1,1,1,1
11619,10294274,2.0,199.99999999988654,1,1,0,1.0,0.0,2.0,1,1,1,1,1
11620,10294282,106.0,10599.999999993986,1,1,0,1.0,0.0,106.0,1,1,1,1,1
11621,10294284,24.0,2399.9999999986385,1,1,0,1.0,0.0,24.0,1,1,1,1,1
11622,10294286,1523.0,152299.9999999136,1,1,0,1.0,0.0,1523.0,1,1,1,1,1
11623,10294288,53.0,5299.999999996993,1,1,0,1.0,0.0,53.0,1,1,1,1,1
11624,10294292,58.0,5799.999999996709,1,1,0,1.0,0.0,58.0,1,1,1,1,1
11625,10294294,55.0,5499.9999999968795,1,1,0,1.0,0.0,55.0,1,1,1,1,1
11626,10294300,239.0,23899.99999998644,1,1,0,1.0,0.0,239.0,1,1,1,1,1
11627,10294308,629.0,62899.99999996432,1,1,0,1.0,0.0,629.0,1,1,1,1,1
11628,10294314,24.0,2399.9999999986385,1,1,0,1.0,0.0,24.0,1,1,1,1,1
11629,10294316,456.0,45599.999999974134,1,1,0,1.0,0.0,456.0,1,1,1,1,1
11630,10294318,361.0,36099.99999997952,1,1,0,1.0,0.0,361.0,1,1,1,1,1
11631,10294320,22.0,2199.999999998752,1,1,0,1.0,0.0,22.0,1,1,1,1,1
11632,10294322,173.0,17299.999999990185,1,1,0,1.0,0.0,173.0,1,1,1,1,1
11633,10294328,31.0,3099.9999999982415,1,1,0,1.0,0.0,31.0,1,1,1,1,1
11634,10294336,95.0,9499.99999999461,1,1,0,1.0,0.0,95.0,1,1,1,1,1
11635,10294344,4811.0,481099.99999972706,1,1,0,1.0,0.0,4811.0,1,1,1,1,1
11636,10294346,496.0,49599.999999971864,1,1,0,1.0,0.0,496.0,1,1,1,1,1
11637,10294358,189.0,18899.99999998928,1,1,0,1.0,0.0,189.0,1,1,1,1,1
11638,10294364,3.0,299.9999999998298,1,1,0,1.0,0.0,3.0,1,1,1,1,1
11639,10294366,2.0,199.99999999988654,1,1,0,1.0,0.0,2.0,1,1,1,1,1
11640,10294372,104.0,10399.9999999941,1,1,0,1.0,0.0,104.0,1,1,1,1,1
11641,10294374,100.0,9999.999999994327,1,1,0,1.0,0.0,100.0,1,1,1,1,1
11642,10294376,163.0,16299.999999990752,1,1,0,1.0,0.0,163.0,1,1,1,1,1
11643,10294378,52.0,5199.99999999705,1,1,0,1.0,0.0,52.0,1,1,1,1,1
11644,10294380,72.0,7199.9999999959155,1,1,0,1.0,0.0,72.0,1,1,1,1,1
11645,10294382,198.0,19799.999999988766,1,1,0,1.0,0.0,198.0,1,1,1,1,1
11646,10294384,49.0,4899.999999997221,1,1,0,1.0,0.0,49.0,1,1,1,1,1
11647,10294388,75.0,7499.999999995745,1,1,0,1.0,0.0,75.0,1,1,1,1,1
11648,10294394,22.0,2199.999999998752,1,1,0,1.0,0.0,22.0,1,1,1,1,1
11649,10294396,9.0,899.9999999994894,1,1,0,1.0,0.0,9.0,1,1,1,1,1
11650,10294398,85.0,8499.999999995178,1,1,0,1.0,0.0,85.0,1,1,1,1,1
11651,10294404,23.0,2299.9999999986953,1,1,0,1.0,0.0,23.0,1,1,1,1,1
11652,10294412,167.0,16699.999999990527,1,1,0,1.0,0.0,167.0,1,1,1,1,1
11653,10294414,38.0,3799.9999999978445,1,1,0,1.0,0.0,38.0,1,1,1,1,1
11654,10294416,19.0,1899.9999999989222,1,1,0,1.0,0.0,19.0,1,1,1,1,1
11655,10294426,79.0,7899.999999995518,1,1,0,1.0,0.0,79.0,1,1,1,1,1
11656,10294428,269.0,26899.99999998474,1,1,0,1.0,0.0,269.0,1,1,1,1,1
11657,10294430,57.0,5699.999999996767,1,1,0,1.0,0.0,57.0,1,1,1,1,1
11658,10294432,236.0,23599.999999986612,1,1,0,1.0,0.0,236.0,1,1,1,1,1
11659,10294436,3.0,299.9999999998298,1,1,0,1.0,0.0,3.0,1,1,1,1,1
11660,10294446,1.0,99.99999999994327,1,1,0,1.0,0.0,1.0,1,1,1,1,1
11661,10294456,2.0,199.99999999988654,1,1,0,1.0,0.0,2.0,1,1,1,1,1
11662,10294462,56.0,5599.999999996823,1,1,0,1.0,0.0,56.0,1,1,1,1,1
11663,10294464,98.0,9799.999999994441,1,1,0,1.0,0.0,98.0,1,1,1,1,1
11664,10294466,4.0,399.9999999997731,1,1,0,1.0,0.0,4.0,1,1,1,1,1
11665,10294468,623.0,62299.99999996466,1,1,0,1.0,0.0,623.0,1,1,1,1,1
11666,10294470,34.0,3399.999999998071,1,1,0,1.0,0.0,34.0,1,1,1,1,1
11667,10294476,1111.0,111099.99999993698,1,1,0,1.0,0.0,1111.0,1,1,1,1,1
11668,10294478,701.0,70099.99999996023,1,1,0,1.0,0.0,701.0,1,1,1,1,1
11669,10294480,706.0,70599.99999995995,1,1,0,1.0,0.0,706.0,1,1,1,1,1
11670,10294482,187.0,18699.99999998939,1,1,0,1.0,0.0,187.0,1,1,1,1,1
11671,10294484,126.0,12599.999999992851,1,1,0,1.0,0.0,126.0,1,1,1,1,1
11672,10294486,500.0,49999.99999997164,1,1,0,1.0,0.0,500.0,1,1,1,1,1
11673,10294488,142.0,14199.999999991944,1,1,0,1.0,0.0,142.0,1,1,1,1,1
11674,10294490,197.0,19699.999999988824,1,1,0,1.0,0.0,197.0,1,1,1,1,1
11675,10294492,122.0,12199.999999993079,1,1,0,1.0,0.0,122.0,1,1,1,1,1
11676,10294496,68.0,6799.999999996142,1,1,0,1.0,0.0,68.0,1,1,1,1,1
11677,10294498,1323.0,132299.99999992494,1,1,0,1.0,0.0,1323.0,1,1,1,1,1
11678,10294504,80.0,7999.999999995462,1,1,0,1.0,0.0,80.0,1,1,1,1,1
11679,10294510,2.0,199.99999999988654,1,1,0,1.0,0.0,2.0,1,1,1,1,1
11680,10294512,281.0,28099.99999998406,1,1,0,1.0,0.0,281.0,1,1,1,1,1
11681,10294518,73.0,7299.999999995859,1,1,0,1.0,0.0,73.0,1,1,1,1,1
11682,10294520,269.0,26899.99999998474,1,1,0,1.0,0.0,269.0,1,1,1,1,1
11683,10294522,29.0,2899.9999999983547,1,1,0,1.0,0.0,29.0,1,1,1,1,1
11684,10294524,34.0,3399.999999998071,1,1,0,1.0,0.0,34.0,1,1,1,1,1
11685,10294528,34.0,3399.999999998071,1,1,0,1.0,0.0,34.0,1,1,1,1,1
11686,10294530,110.0,10999.999999993759,1,1,0,1.0,0.0,110.0,1,1,1,1,1
11687,10294534,59.0,5899.999999996653,1,1,0,1.0,0.0,59.0,1,1,1,1,1
11688,10294544,166.0,16599.99999999058,1,1,0,1.0,0.0,166.0,1,1,1,1,1
11689,10294556,277.0,27699.999999984288,1,1,0,1.0,0.0,277.0,1,1,1,1,1
11690,10294558,106.0,10599.999999993986,1,1,0,1.0,0.0,106.0,1,1,1,1,1
11691,10294560,1416.0,141599.99999991967,1,1,0,1.0,0.0,1416.0,1,1,1,1,1
11692,10294566,22.0,2199.999999998752,1,1,0,1.0,0.0,22.0,1,1,1,1,1
11693,10294580,263.0,26299.99999998508,1,1,0,1.0,0.0,263.0,1,1,1,1,1
11694,10294586,129.0,12899.999999992682,1,1,0,1.0,0.0,129.0,1,1,1,1,1
11695,10294588,255.0,25499.999999985535,1,1,0,1.0,0.0,255.0,1,1,1,1,1
11696,10294590,830.0,82999.99999995291,1,1,0,1.0,0.0,830.0,1,1,1,1,1
11697,10294592,1.0,99.99999999994327,1,1,0,1.0,0.0,1.0,1,1,1,1,1
11698,10294600,1.0,99.99999999994327,1,1,0,1.0,0.0,1.0,1,1,1,1,1
11699,10294602,225.0,22499.999999987234,1,1,0,1.0,0.0,225.0,1,1,1,1,1
11700,10294604,191.0,19099.999999989166,1,1,0,1.0,0.0,191.0,1,1,1,1,1
11701,10294606,140.0,13999.999999992058,1,1,0,1.0,0.0,140.0,1,1,1,1,1
11702,10294608,151.0,15099.999999991434,1,1,0,1.0,0.0,151.0,1,1,1,1,1
11703,10294610,156.0,15599.99999999115,1,1,0,1.0,0.0,156.0,1,1,1,1,1
11704,10294612,265.0,26499.999999984968,1,1,0,1.0,0.0,265.0,1,1,1,1,1
11705,10294614,34.0,3399.999999998071,1,1,0,1.0,0.0,34.0,1,1,1,1,1
11706,10294618,19.0,1899.9999999989222,1,1,0,1.0,0.0,19.0,1,1,1,1,1
11707,10294620,84.0,8399.999999995234,1,1,0,1.0,0.0,84.0,1,1,1,1,1
11708,10294622,1077.0,107699.9999999389,1,1,0,1.0,0.0,1077.0,1,1,1,1,1
11709,10294624,169.0,16899.999999990414,1,1,0,1.0,0.0,169.0,1,1,1,1,1
11710,10294626,452.0,45199.99999997436,1,1,0,1.0,0.0,452.0,1,1,1,1,1
11711,10294630,110.0,10999.999999993759,1,1,0,1.0,0.0,110.0,1,1,1,1,1
11712,10294632,74.0,7399.999999995802,1,1,0,1.0,0.0,74.0,1,1,1,1,1
11713,10294634,278.0,27799.99999998423,1,1,0,1.0,0.0,278.0,1,1,1,1,1
11714,10294638,290.0,28999.99999998355,1,1,0,1.0,0.0,290.0,1,1,1,1,1
11715,10294640,339.0,33899.99999998077,1,1,0,1.0,0.0,339.0,1,1,1,1,1
11716,10294644,116.0,11599.999999993419,1,1,0,1.0,0.0,116.0,1,1,1,1,1
11717,10294646,97.0,9699.999999994498,1,1,0,1.0,0.0,97.0,1,1,1,1,1
11718,10294650,440.0,43999.999999975036,1,1,0,1.0,0.0,440.0,1,1,1,1,1
11719,10294652,27.0,2699.9999999984684,1,1,0,1.0,0.0,27.0,1,1,1,1,1
11720,10294658,540.0,53999.99999996937,1,1,0,1.0,0.0,540.0,1,1,1,1,1
11721,10294664,6.0,599.9999999996596,1,1,0,1.0,0.0,6.0,1,1,1,1,1
11722,10294666,79.0,7899.999999995518,1,1,0,1.0,0.0,79.0,1,1,1,1,1
11723,10294668,10.0,999.9999999994327,1,1,0,1.0,0.0,10.0,1,1,1,1,1
11724,10294672,111.0,11099.999999993703,1,1,0,1.0,0.0,111.0,1,1,1,1,1
11725,10294674,94.0,9399.999999994667,1,1,0,1.0,0.0,94.0,1,1,1,1,1
11726,10294676,3890.0,388999.99999977933,1,1,0,1.0,0.0,3890.0,1,1,1,1,1
11727,10294678,30.0,2999.9999999982983,1,1,0,1.0,0.0,30.0,1,1,1,1,1
11728,10294680,72.0,7199.9999999959155,1,1,0,1.0,0.0,72.0,1,1,1,1,1
11729,10294686,354.0,35399.99999997992,1,1,0,1.0,0.0,354.0,1,1,1,1,1
11730,10294688,74.0,7399.999999995802,1,1,0,1.0,0.0,74.0,1,1,1,1,1
11731,10294692,1301.0,130099.99999992619,1,1,0,1.0,0.0,1301.0,1,1,1,1,1
11732,10294694,74.0,7399.999999995802,1,1,0,1.0,0.0,74.0,1,1,1,1,1
11733,10294696,120.0,11999.999999993193,1,1,0,1.0,0.0,120.0,1,1,1,1,1
11734,10294704,366.0,36599.999999979234,1,1,0,1.0,0.0,366.0,1,1,1,1,1
11735,10294710,549.0,54899.99999996886,1,1,0,1.0,0.0,549.0,1,1,1,1,1
11736,10294712,938.0,93799.99999994678,1,1,0,1.0,0.0,938.0,1,1,1,1,1
11737,10294716,47.0,4699.999999997333,1,1,0,1.0,0.0,47.0,1,1,1,1,1
11738,10294720,333.0,33299.99999998111,1,1,0,1.0,0.0,333.0,1,1,1,1,1
11739,10294722,243.0,24299.999999986216,1,1,0,1.0,0.0,243.0,1,1,1,1,1
11740,10294724,619.0,61899.999999964886,1,1,0,1.0,0.0,619.0,1,1,1,1,1
11741,10294726,186.0,18599.99999998945,1,1,0,1.0,0.0,186.0,1,1,1,1,1
11742,10294728,132.0,13199.999999992511,1,1,0,1.0,0.0,132.0,1,1,1,1,1
11743,10294732,1972.0,197199.99999988812,1,1,0,1.0,0.0,1972.0,1,1,1,1,1
11744,10294734,562.0,56199.99999996812,1,1,0,1.0,0.0,562.0,1,1,1,1,1
11745,10294736,915.0,91499.9999999481,1,1,0,1.0,0.0,915.0,1,1,1,1,1
11746,10294738,47.0,4699.999999997333,1,1,0,1.0,0.0,47.0,1,1,1,1,1
11747,10294742,282.0,28199.999999984004,1,1,0,1.0,0.0,282.0,1,1,1,1,1
11748,10294746,205.0,20499.99999998837,1,1,0,1.0,0.0,205.0,1,1,1,1,1
11749,10294750,516.0,51599.99999997073,1,1,0,1.0,0.0,516.0,1,1,1,1,1
11750,10294752,9.0,899.9999999994894,1,1,0,1.0,0.0,9.0,1,1,1,1,1
11751,10294754,80.0,7999.999999995462,1,1,0,1.0,0.0,80.0,1,1,1,1,1
11752,10294756,1218.0,121799.99999993091,1,1,0,1.0,0.0,1218.0,1,1,1,1,1
11753,10294758,298.0,29799.999999983094,1,1,0,1.0,0.0,298.0,1,1,1,1,1
11754,10294760,19.0,1899.9999999989222,1,1,0,1.0,0.0,19.0,1,1,1,1,1
11755,10294762,3613.0,361299.99999979505,1,1,0,1.0,0.0,3613.0,1,1,1,1,1
11756,10294764,34.0,3399.999999998071,1,1,0,1.0,0.0,34.0,1,1,1,1,1
11757,10294766,637.0,63699.99999996386,1,1,0,1.0,0.0,637.0,1,1,1,1,1
11758,10294768,812.0,81199.99999995393,1,1,0,1.0,0.0,812.0,1,1,1,1,1
11759,10294770,292.0,29199.999999983436,1,1,0,1.0,0.0,292.0,1,1,1,1,1
11760,10294772,1076.0,107599.99999993895,1,1,0,1.0,0.0,1076.0,1,1,1,1,1
11761,10294774,781.0,78099.99999995569,1,1,0,1.0,0.0,781.0,1,1,1,1,1
11762,10294776,545.0,54499.999999969084,1,1,0,1.0,0.0,545.0,1,1,1,1,1
11763,10294780,81.0,8099.999999995405,1,1,0,1.0,0.0,81.0,1,1,1,1,1
11764,10294782,343.0,34299.999999980544,1,1,0,1.0,0.0,343.0,1,1,1,1,1
11765,10294784,1837.0,183699.99999989578,1,1,0,1.0,0.0,1837.0,1,1,1,1,1
11766,10294786,4223.0,422299.9999997604,1,1,0,1.0,0.0,4223.0,1,1,1,1,1
11767,10294788,5633.0,563299.9999996804,1,1,0,1.0,0.0,5633.0,1,1,1,1,1
11768,10294790,158.0,15799.999999991036,1,1,0,1.0,0.0,158.0,1,1,1,1,1
11769,10294792,1048.0,104799.99999994054,1,1,0,1.0,0.0,1048.0,1,1,1,1,1
11770,10294794,3487.0,348699.9999998022,1,1,0,1.0,0.0,3487.0,1,1,1,1,1
11771,10294796,11.0,1099.999999999376,1,1,0,1.0,0.0,11.0,1,1,1,1,1
11772,10294798,1942.0,194199.99999988984,1,1,0,1.0,0.0,1942.0,1,1,1,1,1
11773,10294802,1032.0,103199.99999994146,1,1,0,1.0,0.0,1032.0,1,1,1,1,1
11774,10294804,135.0,13499.999999992342,1,1,0,1.0,0.0,135.0,1,1,1,1,1
11775,10294808,423.0,42299.999999976004,1,1,0,1.0,0.0,423.0,1,1,1,1,1
11776,10294810,4.0,399.9999999997731,1,1,0,1.0,0.0,4.0,1,1,1,1,1
11777,10294816,436.0,43599.99999997527,1,1,0,1.0,0.0,436.0,1,1,1,1,1
11778,10294818,226.0,22599.99999998718,1,1,0,1.0,0.0,226.0,1,1,1,1,1
11779,10294820,960.0,95999.99999994555,1,1,0,1.0,0.0,960.0,1,1,1,1,1
11780,10294822,1016.0,101599.99999994236,1,1,0,1.0,0.0,1016.0,1,1,1,1,1
11781,10294826,183.0,18299.999999989617,1,1,0,1.0,0.0,183.0,1,1,1,1,1
11782,10294828,867.0,86699.99999995081,1,1,0,1.0,0.0,867.0,1,1,1,1,1
11783,10294834,805.0,80499.99999995434,1,1,0,1.0,0.0,805.0,1,1,1,1,1
11784,10294836,218.0,21799.999999987635,1,1,0,1.0,0.0,218.0,1,1,1,1,1
11785,10294838,285.0,28499.999999983833,1,1,0,1.0,0.0,285.0,1,1,1,1,1
11786,10294840,17.0,1699.9999999990355,1,1,0,1.0,0.0,17.0,1,1,1,1,1
11787,10294844,42.0,4199.999999997617,1,1,0,1.0,0.0,42.0,1,1,1,1,1
11788,10294846,614.0,61399.99999996517,1,1,0,1.0,0.0,614.0,1,1,1,1,1
11789,10294848,170.0,16999.999999990356,1,1,0,1.0,0.0,170.0,1,1,1,1,1
11790,10294850,1378.0,137799.99999992183,1,1,0,1.0,0.0,1378.0,1,1,1,1,1
11791,10294852,661.0,66099.9999999625,1,1,0,1.0,0.0,661.0,1,1,1,1,1
11792,10294854,49.0,4899.999999997221,1,1,0,1.0,0.0,49.0,1,1,1,1,1
11793,10294858,1022.0,102199.99999994203,1,1,0,1.0,0.0,1022.0,1,1,1,1,1
11794,10294860,196.0,19599.999999988882,1,1,0,1.0,0.0,196.0,1,1,1,1,1
11795,10294862,125.0,12499.99999999291,1,1,0,1.0,0.0,125.0,1,1,1,1,1
11796,10294864,120.0,11999.999999993193,1,1,0,1.0,0.0,120.0,1,1,1,1,1
11797,10294866,295.0,29499.999999983265,1,1,0,1.0,0.0,295.0,1,1,1,1,1
11798,10294868,117.0,11699.999999993363,1,1,0,1.0,0.0,117.0,1,1,1,1,1
11799,10294870,1391.0,139099.9999999211,1,1,0,1.0,0.0,1391.0,1,1,1,1,1
11800,10294872,1013.0,101299.99999994253,1,1,0,1.0,0.0,1013.0,1,1,1,1,1
11801,10294874,3693.0,369299.9999997905,1,1,0,1.0,0.0,3693.0,1,1,1,1,1
11802,10294876,4896.0,489599.99999972223,1,1,0,1.0,0.0,4896.0,1,1,1,1,1
11803,10294878,1101.0,110099.99999993754,1,1,0,1.0,0.0,1101.0,1,1,1,1,1
11804,10294880,578.0,57799.99999996721,1,1,0,1.0,0.0,578.0,1,1,1,1,1
11805,10294882,58.0,5799.999999996709,1,1,0,1.0,0.0,58.0,1,1,1,1,1
11806,10294884,614.0,61399.99999996517,1,1,0,1.0,0.0,614.0,1,1,1,1,1
11807,10294886,122.0,12199.999999993079,1,1,0,1.0,0.0,122.0,1,1,1,1,1
11808,10294894,547.0,54699.99999996897,1,1,0,1.0,0.0,547.0,1,1,1,1,1
11809,10294898,612.0,61199.99999996528,1,1,0,1.0,0.0,612.0,1,1,1,1,1
11810,10294900,249.0,24899.999999985874,1,1,0,1.0,0.0,249.0,1,1,1,1,1
11811,10294902,889.0,88899.99999994956,1,1,0,1.0,0.0,889.0,1,1,1,1,1
11812,10294914,327.0,32699.99999998145,1,1,0,1.0,0.0,327.0,1,1,1,1,1
11813,10294916,255.0,25499.999999985535,1,1,0,1.0,0.0,255.0,1,1,1,1,1
11814,10294922,10.0,999.9999999994327,1,1,0,1.0,0.0,10.0,1,1,1,1,1
11815,10294924,321.0,32099.99999998179,1,1,0,1.0,0.0,321.0,1,1,1,1,1
11816,10294928,52037.0,5203699.999997048,1,1,0,1.0,0.0,52037.0,1,1,1,1,1
11817,10294940,490.0,48999.999999972206,1,1,0,1.0,0.0,490.0,1,1,1,1,1
11818,10294942,2803.0,280299.999999841,1,1,0,1.0,0.0,2803.0,1,1,1,1,1
11819,10294946,2390.0,238999.9999998644,1,1,0,1.0,0.0,2390.0,1,1,1,1,1
11820,10294948,116.0,11599.999999993419,1,1,0,1.0,0.0,116.0,1,1,1,1,1
11821,10294950,21.0,2099.9999999988086,1,1,0,1.0,0.0,21.0,1,1,1,1,1
11822,10294952,338.0,33799.99999998083,1,1,0,1.0,0.0,338.0,1,1,1,1,1
11823,10294954,702.0,70199.99999996017,1,1,0,1.0,0.0,702.0,1,1,1,1,1
11824,10294958,201.0,20099.9999999886,1,1,0,1.0,0.0,201.0,1,1,1,1,1
11825,10294960,544.0,54399.999999969135,1,1,0,1.0,0.0,544.0,1,1,1,1,1
11826,10294964,727.0,72699.99999995876,1,1,0,1.0,0.0,727.0,1,1,1,1,1
11827,10294970,137.0,13699.999999992227,1,1,0,1.0,0.0,137.0,1,1,1,1,1
11828,10294972,500.0,49999.99999997164,1,1,0,1.0,0.0,500.0,1,1,1,1,1
11829,10294974,150.0,14999.99999999149,1,1,0,1.0,0.0,150.0,1,1,1,1,1
11830,10294978,364.0,36399.99999997935,1,1,0,1.0,0.0,364.0,1,1,1,1,1
11831,10294980,259.0,25899.999999985306,1,1,0,1.0,0.0,259.0,1,1,1,1,1
11832,10294982,2226.0,222599.99999987372,1,1,0,1.0,0.0,2226.0,1,1,1,1,1
11833,10294986,14.0,1399.9999999992058,1,1,0,1.0,0.0,14.0,1,1,1,1,1
11834,10294988,596.0,59599.99999996619,1,1,0,1.0,0.0,596.0,1,1,1,1,1
11835,10294990,2744.0,274399.99999984435,1,1,0,1.0,0.0,2744.0,1,1,1,1,1
11836,10294992,264.0,26399.999999985022,1,1,0,1.0,0.0,264.0,1,1,1,1,1
11837,10294994,156.0,15599.99999999115,1,1,0,1.0,0.0,156.0,1,1,1,1,1
11838,10294996,324.0,32399.99999998162,1,1,0,1.0,0.0,324.0,1,1,1,1,1
11839,10294998,2579.0,257899.9999998537,1,1,0,1.0,0.0,2579.0,1,1,1,1,1
11840,10295000,473.0,47299.999999973166,1,1,0,1.0,0.0,473.0,1,1,1,1,1
11841,10295004,37.0,3699.999999997901,1,1,0,1.0,0.0,37.0,1,1,1,1,1
11842,10295006,9.0,899.9999999994894,1,1,0,1.0,0.0,9.0,1,1,1,1,1
11843,10295074,282.0,28199.999999984004,1,1,0,1.0,0.0,282.0,1,1,1,1,1
11844,10295078,532.0,53199.99999996982,1,1,0,1.0,0.0,532.0,1,1,1,1,1
11845,10295086,31.0,3099.9999999982415,1,1,0,1.0,0.0,31.0,1,1,1,1,1
11846,10295090,67.0,6699.999999996199,1,1,0,1.0,0.0,67.0,1,1,1,1,1
11847,10295092,14.0,1399.9999999992058,1,1,0,1.0,0.0,14.0,1,1,1,1,1
11848,10295094,38.0,3799.9999999978445,1,1,0,1.0,0.0,38.0,1,1,1,1,1
11849,10295096,360.0,35999.99999997958,1,1,0,1.0,0.0,360.0,1,1,1,1,1
11850,10295098,165.0,16499.99999999064,1,1,0,1.0,0.0,165.0,1,1,1,1,1
11851,10295104,211.0,21099.99999998803,1,1,0,1.0,0.0,211.0,1,1,1,1,1
11852,10295108,263.0,26299.99999998508,1,1,0,1.0,0.0,263.0,1,1,1,1,1
11853,10295114,764.0,76399.99999995666,1,1,0,1.0,0.0,764.0,1,1,1,1,1
11854,10295116,109.0,10899.999999993817,1,1,0,1.0,0.0,109.0,1,1,1,1,1
11855,10295120,983.0,98299.99999994424,1,1,0,1.0,0.0,983.0,1,1,1,1,1
11856,10295122,229.0,22899.99999998701,1,1,0,1.0,0.0,229.0,1,1,1,1,1
11857,10295124,914.0,91399.99999994815,1,1,0,1.0,0.0,914.0,1,1,1,1,1
11858,10295126,734.0,73399.99999995837,1,1,0,1.0,0.0,734.0,1,1,1,1,1
11859,10295130,324.0,32399.99999998162,1,1,0,1.0,0.0,324.0,1,1,1,1,1
11860,10295132,696.0,69599.99999996052,1,1,0,1.0,0.0,696.0,1,1,1,1,1
11861,10295140,1641.0,164099.9999999069,1,1,0,1.0,0.0,1641.0,1,1,1,1,1
11862,10295142,431.0,43099.99999997555,1,1,0,1.0,0.0,431.0,1,1,1,1,1
11863,10295146,873.0,87299.99999995048,1,1,0,1.0,0.0,873.0,1,1,1,1,1
11864,10295152,490.0,48999.999999972206,1,1,0,1.0,0.0,490.0,1,1,1,1,1
11865,10295154,535.0,53499.99999996965,1,1,0,1.0,0.0,535.0,1,1,1,1,1
11866,10295156,1427.0,142699.99999991903,1,1,0,1.0,0.0,1427.0,1,1,1,1,1
11867,10295170,316.0,31599.999999982072,1,1,0,1.0,0.0,316.0,1,1,1,1,1
11868,10295174,34.0,3399.999999998071,1,1,0,1.0,0.0,34.0,1,1,1,1,1
11869,10295180,2.0,199.99999999988654,1,1,0,1.0,0.0,2.0,1,1,1,1,1
11870,10295192,58.0,5799.999999996709,1,1,0,1.0,0.0,58.0,1,1,1,1,1
11871,10295194,480.0,47999.99999997277,1,1,0,1.0,0.0,480.0,1,1,1,1,1
11872,10295196,154.0,15399.999999991263,1,1,0,1.0,0.0,154.0,1,1,1,1,1
11873,10295198,50.0,4999.999999997163,1,1,0,1.0,0.0,50.0,1,1,1,1,1
11874,10295200,342.0,34199.999999980595,1,1,0,1.0,0.0,342.0,1,1,1,1,1
11875,10295202,259.0,25899.999999985306,1,1,0,1.0,0.0,259.0,1,1,1,1,1
11876,10295204,518.0,51799.99999997061,1,1,0,1.0,0.0,518.0,1,1,1,1,1
11877,10295206,3764.0,376399.9999997865,1,1,0,1.0,0.0,3764.0,1,1,1,1,1
11878,10295208,84.0,8399.999999995234,1,1,0,1.0,0.0,84.0,1,1,1,1,1
11879,10295210,4.0,399.9999999997731,1,1,0,1.0,0.0,4.0,1,1,1,1,1
11880,10295212,421.0,42099.99999997612,1,1,0,1.0,0.0,421.0,1,1,1,1,1
11881,10295214,295.0,29499.999999983265,1,1,0,1.0,0.0,295.0,1,1,1,1,1
11882,10295216,160.0,15999.999999990923,1,1,0,1.0,0.0,160.0,1,1,1,1,1
11883,10295218,27.0,2699.9999999984684,1,1,0,1.0,0.0,27.0,1,1,1,1,1
11884,10295220,257.0,25699.99999998542,1,1,0,1.0,0.0,257.0,1,1,1,1,1
11885,10295222,6.0,599.9999999996596,1,1,0,1.0,0.0,6.0,1,1,1,1,1
11886,10295224,1950.0,194999.99999988938,1,1,0,1.0,0.0,1950.0,1,1,1,1,1
11887,10295226,180.0,17999.99999998979,1,1,0,1.0,0.0,180.0,1,1,1,1,1
11888,10295230,1381.0,138099.99999992165,1,1,0,1.0,0.0,1381.0,1,1,1,1,1
11889,10295234,394.0,39399.99999997765,1,1,0,1.0,0.0,394.0,1,1,1,1,1
11890,10295240,1072.0,107199.99999993919,1,1,0,1.0,0.0,1072.0,1,1,1,1,1
11891,10295242,324.0,32399.99999998162,1,1,0,1.0,0.0,324.0,1,1,1,1,1
11892,10295244,1245.0,124499.99999992937,1,1,0,1.0,0.0,1245.0,1,1,1,1,1
11893,10295246,120.0,11999.999999993193,1,1,0,1.0,0.0,120.0,1,1,1,1,1
11894,10295252,166.0,16599.99999999058,1,1,0,1.0,0.0,166.0,1,1,1,1,1
11895,10295254,146.0,14599.999999991718,1,1,0,1.0,0.0,146.0,1,1,1,1,1
11896,10295256,116.0,11599.999999993419,1,1,0,1.0,0.0,116.0,1,1,1,1,1
11897,10295258,185.0,18499.999999989504,1,1,0,1.0,0.0,185.0,1,1,1,1,1
11898,10295260,8283.0,828299.9999995301,1,1,0,1.0,0.0,8283.0,1,1,1,1,1
11899,10295264,231.0,23099.999999986896,1,1,0,1.0,0.0,231.0,1,1,1,1,1
11900,10295270,507.0,50699.99999997124,1,1,0,1.0,0.0,507.0,1,1,1,1,1
11901,10295272,9.0,899.9999999994894,1,1,0,1.0,0.0,9.0,1,1,1,1,1
11902,10295278,9060.0,905999.999999486,1,1,0,1.0,0.0,9060.0,1,1,1,1,1
11903,10295282,261.0,26099.999999985193,1,1,0,1.0,0.0,261.0,1,1,1,1,1
11904,10295286,8300.0,829999.9999995291,1,1,0,1.0,0.0,8300.0,1,1,1,1,1
11905,10295288,50.0,4999.999999997163,1,1,0,1.0,0.0,50.0,1,1,1,1,1
11906,10295294,1.0,99.99999999994327,1,1,0,1.0,0.0,1.0,1,1,1,1,1
11907,10295296,59.0,5899.999999996653,1,1,0,1.0,0.0,59.0,1,1,1,1,1
11908,10295300,278.0,27799.99999998423,1,1,0,1.0,0.0,278.0,1,1,1,1,1
11909,10295306,198.0,19799.999999988766,1,1,0,1.0,0.0,198.0,1,1,1,1,1
11910,10295314,112.0,11199.999999993646,1,1,0,1.0,0.0,112.0,1,1,1,1,1
11911,10295318,252.0,25199.999999985703,1,1,0,1.0,0.0,252.0,1,1,1,1,1
11912,10295322,14.0,1399.9999999992058,1,1,0,1.0,0.0,14.0,1,1,1,1,1
11913,10295326,173.0,17299.999999990185,1,1,0,1.0,0.0,173.0,1,1,1,1,1
11914,10295338,507.0,50699.99999997124,1,1,0,1.0,0.0,507.0,1,1,1,1,1
11915,10295340,2496.0,249599.9999998584,1,1,0,1.0,0.0,2496.0,1,1,1,1,1
11916,10295344,280.0,27999.999999984117,1,1,0,1.0,0.0,280.0,1,1,1,1,1
11917,10295346,215.0,21499.999999987802,1,1,0,1.0,0.0,215.0,1,1,1,1,1
11918,10295354,456.0,45599.999999974134,1,1,0,1.0,0.0,456.0,1,1,1,1,1
11919,10295360,43.0,4299.999999997561,1,1,0,1.0,0.0,43.0,1,1,1,1,1
11920,10295670,183.0,18299.999999989617,1,1,0,1.0,0.0,183.0,1,1,1,1,1
11921,10295684,719.0,71899.99999995921,1,1,0,1.0,0.0,719.0,1,1,1,1,1
11922,10296610,3.0,299.9999999998298,1,1,0,1.0,0.0,3.0,1,1,1,1,1
11923,10296612,22.0,2199.999999998752,1,1,0,1.0,0.0,22.0,1,1,1,1,1
11924,10296616,84.0,8399.999999995234,1,1,0,1.0,0.0,84.0,1,1,1,1,1
11925,10296618,127.0,12699.999999992795,1,1,0,1.0,0.0,127.0,1,1,1,1,1
11926,10296622,57.0,5699.999999996767,1,1,0,1.0,0.0,57.0,1,1,1,1,1
11927,10297112,379.0,37899.9999999785,1,1,0,1.0,0.0,379.0,1,1,1,1,1
11928,10297114,249.0,24899.999999985874,1,1,0,1.0,0.0,249.0,1,1,1,1,1
11929,10297948,63.0,6299.999999996426,1,1,0,1.0,0.0,63.0,1,1,1,1,1
11930,10297950,2632.0,263199.9999998507,1,1,0,1.0,0.0,2632.0,1,1,1,1,1
11931,19334237,73.0,7299.999999995859,1,1,0,1.0,0.0,73.0,1,1,1,1,1
11932,19334365,67.0,6699.999999996199,1,1,0,1.0,0.0,67.0,1,1,1,1,1
11933,19334367,115.0,11499.999999993475,1,1,0,1.0,0.0,115.0,1,1,1,1,1
11934,19334613,31.0,3099.9999999982415,1,1,0,1.0,0.0,31.0,1,1,1,1,1
11935,19335005,216.0,21599.999999987747,1,1,0,1.0,0.0,216.0,1,1,1,1,1
11936,19335177,492.0,49199.99999997209,1,1,0,1.0,0.0,492.0,1,1,1,1,1
11937,19335215,264.0,26399.999999985022,1,1,0,1.0,0.0,264.0,1,1,1,1,1
11938,19335335,40.0,3999.999999997731,1,1,0,1.0,0.0,40.0,1,1,1,1,1
11939,22220735,268.0,26799.999999984797,1,1,0,1.0,0.0,268.0,1,1,1,1,1
11940,22220755,51.0,5099.999999997107,1,1,0,1.0,0.0,51.0,1,1,1,1,1
11941,22220759,116.0,11599.999999993419,1,1,0,1.0,0.0,116.0,1,1,1,1,1
11942,22221919,1644.0,164399.99999990672,1,1,0,1.0,0.0,1644.0,1,1,1,1,1
11943,22287535,402.0,40199.9999999772,1,1,0,1.0,0.0,402.0,1,1,1,1,1
11944,22290251,1305.0,130499.99999992597,1,1,0,1.0,0.0,1305.0,1,1,1,1,1
11945,22290253,29.0,2899.9999999983547,1,1,0,1.0,0.0,29.0,1,1,1,1,1
11946,22290257,172.0,17199.999999990243,1,1,0,1.0,0.0,172.0,1,1,1,1,1
11947,22290271,567.0,56699.99999996783,1,1,0,1.0,0.0,567.0,1,1,1,1,1
11948,22290283,23.0,2299.9999999986953,1,1,0,1.0,0.0,23.0,1,1,1,1,1
11949,22290581,10.0,999.9999999994327,1,1,0,1.0,0.0,10.0,1,1,1,1,1
11950,22290585,600.0,59999.99999996596,1,1,0,1.0,0.0,600.0,1,1,1,1,1
11951,22290915,3682.0,368199.9999997911,1,1,0,1.0,0.0,3682.0,1,1,1,1,1
11952,24793862,10428.0,1042799.9999994084,1,1,0,1.0,0.0,10428.0,1,1,1,1,1
11953,25075124,44.0,4399.999999997504,1,1,0,1.0,0.0,44.0,1,1,1,1,1
11954,25075128,475.0,47499.99999997305,1,1,0,1.0,0.0,475.0,1,1,1,1,1
11955,25075132,632.0,63199.999999964144,1,1,0,1.0,0.0,632.0,1,1,1,1,1
11956,25075146,26.0,2599.999999998525,1,1,0,1.0,0.0,26.0,1,1,1,1,1
11957,25075729,451.0,45099.99999997442,1,1,0,1.0,0.0,451.0,1,1,1,1,1
11958,25075733,388.0,38799.99999997799,1,1,0,1.0,0.0,388.0,1,1,1,1,1
11959,25075737,748.0,74799.99999995757,1,1,0,1.0,0.0,748.0,1,1,1,1,1
11960,25076270,5.0,499.99999999971635,1,1,0,1.0,0.0,5.0,1,1,1,1,1
11961,25076274,129.0,12899.999999992682,1,1,0,1.0,0.0,129.0,1,1,1,1,1
11962,25076278,17.0,1699.9999999990355,1,1,0,1.0,0.0,17.0,1,1,1,1,1
11963,25076280,66.0,6599.999999996256,1,1,0,1.0,0.0,66.0,1,1,1,1,1
11964,25076310,11.0,1099.999999999376,1,1,0,1.0,0.0,11.0,1,1,1,1,1
11965,25076326,10.0,999.9999999994327,1,1,0,1.0,0.0,10.0,1,1,1,1,1
11966,25076388,16.0,1599.9999999990923,1,1,0,1.0,0.0,16.0,1,1,1,1,1
11967,25076392,971.0,97099.99999994492,1,1,0,1.0,0.0,971.0,1,1,1,1,1
11968,25076400,158.0,15799.999999991036,1,1,0,1.0,0.0,158.0,1,1,1,1,1
11969,25077270,5.0,499.99999999971635,1,1,0,1.0,0.0,5.0,1,1,1,1,1
11970,25077278,232.0,23199.999999986838,1,1,0,1.0,0.0,232.0,1,1,1,1,1
11971,25077302,58.0,5799.999999996709,1,1,0,1.0,0.0,58.0,1,1,1,1,1
11972,25077304,167.0,16699.999999990527,1,1,0,1.0,0.0,167.0,1,1,1,1,1
11973,25077312,193.0,19299.99999998905,1,1,0,1.0,0.0,193.0,1,1,1,1,1
11974,25077314,164.0,16399.999999990698,1,1,0,1.0,0.0,164.0,1,1,1,1,1
11975,25077324,120.0,11999.999999993193,1,1,0,1.0,0.0,120.0,1,1,1,1,1
11976,25077334,9.0,899.9999999994894,1,1,0,1.0,0.0,9.0,1,1,1,1,1
11977,25077342,88.0,8799.999999995009,1,1,0,1.0,0.0,88.0,1,1,1,1,1
11978,25077396,266.0,26599.99999998491,1,1,0,1.0,0.0,266.0,1,1,1,1,1
11979,25077410,114.0,11399.999999993533,1,1,0,1.0,0.0,114.0,1,1,1,1,1
11980,25077414,215.0,21499.999999987802,1,1,0,1.0,0.0,215.0,1,1,1,1,1
11981,26408330,114.0,11399.999999993533,1,1,0,1.0,0.0,114.0,1,1,1,1,1
11982,26408332,312.0,31199.9999999823,1,1,0,1.0,0.0,312.0,1,1,1,1,1
11983,26408394,780.0,77999.99999995575,1,1,0,1.0,0.0,780.0,1,1,1,1,1
11984,26408404,1951.0,195099.99999988932,1,1,0,1.0,0.0,1951.0,1,1,1,1,1
11985,26431905,15814.0,1581399.999999103,1,1,0,1.0,0.0,15814.0,1,1,1,1,1
11986,166157759,195.0,19499.999999988937,1,1,0,1.0,0.0,195.0,1,1,1,1,1
11987,166157764,41.0,4099.999999997674,1,1,0,1.0,0.0,41.0,1,1,1,1,1
11988,166157768,237.0,23699.999999986554,1,1,0,1.0,0.0,237.0,1,1,1,1,1
11989,166157769,91.0,9099.999999994838,1,1,0,1.0,0.0,91.0,1,1,1,1,1
11990,166157770,120.0,11999.999999993193,1,1,0,1.0,0.0,120.0,1,1,1,1,1
11991,166157771,263.0,26299.99999998508,1,1,0,1.0,0.0,263.0,1,1,1,1,1
11992,166157772,734.0,73399.99999995837,1,1,0,1.0,0.0,734.0,1,1,1,1,1
11993,166157773,127.0,12699.999999992795,1,1,0,1.0,0.0,127.0,1,1,1,1,1
11994,166157775,240.0,23999.999999986387,1,1,0,1.0,0.0,240.0,1,1,1,1,1
11995,166157777,1582.0,158199.99999991024,1,1,0,1.0,0.0,1582.0,1,1,1,1,1
11996,166161612,7.0,699.9999999996029,1,1,0,1.0,0.0,7.0,1,1,1,1,1
11997,166161613,212.0,21199.999999987973,1,1,0,1.0,0.0,212.0,1,1,1,1,1
11998,166161614,2539.0,253899.99999985597,1,1,0,1.0,0.0,2539.0,1,1,1,1,1
11999,166161615,1775.0,177499.9999998993,1,1,0,1.0,0.0,1775.0,1,1,1,1,1
12000,166161616,1392.0,139199.99999992104,1,1,0,1.0,0.0,1392.0,1,1,1,1,1
12001,166161617,9.0,899.9999999994894,1,1,0,1.0,0.0,9.0,1,1,1,1,1
12002,166161618,1.0,99.99999999994327,1,1,0,1.0,0.0,1.0,1,1,1,1,1
12003,166161619,81.0,8099.999999995405,1,1,0,1.0,0.0,81.0,1,1,1,1,1
12004,166161620,938.0,93799.99999994678,1,1,0,1.0,0.0,938.0,1,1,1,1,1
12005,166161623,111.0,11099.999999993703,1,1,0,1.0,0.0,111.0,1,1,1,1,1
12006,166161624,35.0,3499.9999999980146,1,1,0,1.0,0.0,35.0,1,1,1,1,1
12007,166161641,417.0,41699.999999976346,1,1,0,1.0,0.0,417.0,1,1,1,1,1
12008,166161642,556.0,55599.99999996846,1,1,0,1.0,0.0,556.0,1,1,1,1,1
12009,166161644,96.0,9599.999999994554,1,1,0,1.0,0.0,96.0,1,1,1,1,1
12010,166162416,107.0,10699.99999999393,1,1,0,1.0,0.0,107.0,1,1,1,1,1
12011,166162417,685.0,68499.99999996115,1,1,0,1.0,0.0,685.0,1,1,1,1,1
12012,166171715,262.0,26199.999999985135,1,1,0,1.0,0.0,262.0,1,1,1,1,1
12013,166171720,143.0,14299.999999991887,1,1,0,1.0,0.0,143.0,1,1,1,1,1
12014,166171724,166.0,16599.99999999058,1,1,0,1.0,0.0,166.0,1,1,1,1,1
12015,166171726,86.0,8599.999999995121,1,1,0,1.0,0.0,86.0,1,1,1,1,1
12016,166171730,3521.0,352099.99999980023,1,1,0,1.0,0.0,3521.0,1,1,1,1,1
12017,166171732,827.0,82699.99999995308,1,1,0,1.0,0.0,827.0,1,1,1,1,1
12018,166171733,1384.0,138399.99999992148,1,1,0,1.0,0.0,1384.0,1,1,1,1,1
12019,166171737,1873.0,187299.99999989374,1,1,0,1.0,0.0,1873.0,1,1,1,1,1
12020,166171743,807.0,80699.99999995422,1,1,0,1.0,0.0,807.0,1,1,1,1,1
12021,166171746,154.0,15399.999999991263,1,1,0,1.0,0.0,154.0,1,1,1,1,1
12022,166171752,22.0,2199.999999998752,1,1,0,1.0,0.0,22.0,1,1,1,1,1
12023,166171754,449.0,44899.99999997453,1,1,0,1.0,0.0,449.0,1,1,1,1,1
12024,166172778,29.0,2899.9999999983547,1,1,0,1.0,0.0,29.0,1,1,1,1,1
12025,166174400,1024.0,102399.99999994191,1,1,0,1.0,0.0,1024.0,1,1,1,1,1
12026,166174401,180.0,17999.99999998979,1,1,0,1.0,0.0,180.0,1,1,1,1,1
12027,166174407,61.0,6099.999999996539,1,1,0,1.0,0.0,61.0,1,1,1,1,1
12028,166174408,10.0,999.9999999994327,1,1,0,1.0,0.0,10.0,1,1,1,1,1
12029,166174409,103.0,10299.999999994157,1,1,0,1.0,0.0,103.0,1,1,1,1,1
12030,166174410,258.0,25799.999999985364,1,1,0,1.0,0.0,258.0,1,1,1,1,1
12031,166174446,225.0,22499.999999987234,1,1,0,1.0,0.0,225.0,1,1,1,1,1
12032,166174449,88.0,8799.999999995009,1,1,0,1.0,0.0,88.0,1,1,1,1,1
12033,166174456,899.0,89899.999999949,1,1,0,1.0,0.0,899.0,1,1,1,1,1
12034,166174457,256.0,25599.999999985477,1,1,0,1.0,0.0,256.0,1,1,1,1,1
12035,166174493,265.0,26499.999999984968,1,1,0,1.0,0.0,265.0,1,1,1,1,1
12036,166174494,60.0,5999.999999996597,1,1,0,1.0,0.0,60.0,1,1,1,1,1
12037,166174495,9.0,899.9999999994894,1,1,0,1.0,0.0,9.0,1,1,1,1,1
12038,166174531,12.0,1199.9999999993192,1,1,0,1.0,0.0,12.0,1,1,1,1,1
12039,166174533,505.0,50499.999999971355,1,1,0,1.0,0.0,505.0,1,1,1,1,1
12040,166174535,362.0,36199.99999997947,1,1,0,1.0,0.0,362.0,1,1,1,1,1
12041,166174536,91.0,9099.999999994838,1,1,0,1.0,0.0,91.0,1,1,1,1,1
12042,166174537,933.0,93299.99999994707,1,1,0,1.0,0.0,933.0,1,1,1,1,1
12043,166174538,14.0,1399.9999999992058,1,1,0,1.0,0.0,14.0,1,1,1,1,1
12044,166174539,336.0,33599.99999998094,1,1,0,1.0,0.0,336.0,1,1,1,1,1
12045,166174540,1021.0,102099.99999994208,1,1,0,1.0,0.0,1021.0,1,1,1,1,1
12046,166174541,223.0,22299.99999998735,1,1,0,1.0,0.0,223.0,1,1,1,1,1
12047,166174542,61.0,6099.999999996539,1,1,0,1.0,0.0,61.0,1,1,1,1,1
12048,166174543,305.0,30499.999999982698,1,1,0,1.0,0.0,305.0,1,1,1,1,1
12049,166174544,1307.0,130699.99999992586,1,1,0,1.0,0.0,1307.0,1,1,1,1,1
12050,166174546,25.0,2499.9999999985816,1,1,0,1.0,0.0,25.0,1,1,1,1,1
12051,166174550,122.0,12199.999999993079,1,1,0,1.0,0.0,122.0,1,1,1,1,1
12052,166174551,64.0,6399.999999996369,1,1,0,1.0,0.0,64.0,1,1,1,1,1
12053,166174552,173.0,17299.999999990185,1,1,0,1.0,0.0,173.0,1,1,1,1,1
12054,166174554,4181.0,418099.9999997628,1,1,0,1.0,0.0,4181.0,1,1,1,1,1
12055,166174555,55.0,5499.9999999968795,1,1,0,1.0,0.0,55.0,1,1,1,1,1
12056,166174558,93.0,9299.999999994725,1,1,0,1.0,0.0,93.0,1,1,1,1,1
12057,166174586,653.0,65299.99999996296,1,1,0,1.0,0.0,653.0,1,1,1,1,1
12058,166174587,1885.0,188499.99999989307,1,1,0,1.0,0.0,1885.0,1,1,1,1,1
12059,166174588,5409.0,540899.9999996931,1,1,0,1.0,0.0,5409.0,1,1,1,1,1
12060,166174589,152.0,15199.999999991378,1,1,0,1.0,0.0,152.0,1,1,1,1,1
12061,166174590,3265.0,326499.9999998148,1,1,0,1.0,0.0,3265.0,1,1,1,1,1
12062,166174591,1176.0,117599.99999993328,1,1,0,1.0,0.0,1176.0,1,1,1,1,1
12063,166174592,842.0,84199.99999995224,1,1,0,1.0,0.0,842.0,1,1,1,1,1
12064,166174593,29.0,2899.9999999983547,1,1,0,1.0,0.0,29.0,1,1,1,1,1
12065,166174594,484.0,48399.99999997254,1,1,0,1.0,0.0,484.0,1,1,1,1,1
12066,166174595,7655.0,765499.9999995658,1,1,0,1.0,0.0,7655.0,1,1,1,1,1
12067,166174596,24.0,2399.9999999986385,1,1,0,1.0,0.0,24.0,1,1,1,1,1
12068,166174597,975.0,97499.99999994469,1,1,0,1.0,0.0,975.0,1,1,1,1,1
12069,166174598,8.0,799.9999999995462,1,1,0,1.0,0.0,8.0,1,1,1,1,1
12070,166174599,184.0,18399.999999989563,1,1,0,1.0,0.0,184.0,1,1,1,1,1
12071,166174600,274.0,27399.999999984455,1,1,0,1.0,0.0,274.0,1,1,1,1,1
12072,166174605,334.0,33399.99999998105,1,1,0,1.0,0.0,334.0,1,1,1,1,1
12073,166174607,20397.0,2039699.9999988428,1,1,0,1.0,0.0,20397.0,1,1,1,1,1
12074,166174608,1051.0,105099.99999994038,1,1,0,1.0,0.0,1051.0,1,1,1,1,1
12075,166174609,1300.0,129999.99999992625,1,1,0,1.0,0.0,1300.0,1,1,1,1,1
12076,166174610,27.0,2699.9999999984684,1,1,0,1.0,0.0,27.0,1,1,1,1,1
12077,166174611,344.0,34399.999999980486,1,1,0,1.0,0.0,344.0,1,1,1,1,1
12078,166174612,1143.0,114299.99999993516,1,1,0,1.0,0.0,1143.0,1,1,1,1,1
12079,166174638,20.0,1999.9999999988654,1,1,0,1.0,0.0,20.0,1,1,1,1,1
12080,166174639,69.0,6899.9999999960855,1,1,0,1.0,0.0,69.0,1,1,1,1,1
12081,166174640,332.0,33199.99999998116,1,1,0,1.0,0.0,332.0,1,1,1,1,1
12082,166174641,486.0,48599.99999997243,1,1,0,1.0,0.0,486.0,1,1,1,1,1
12083,166174642,583.0,58299.99999996692,1,1,0,1.0,0.0,583.0,1,1,1,1,1
12084,166174646,117.0,11699.999999993363,1,1,0,1.0,0.0,117.0,1,1,1,1,1
12085,166174647,1305.0,130499.99999992597,1,1,0,1.0,0.0,1305.0,1,1,1,1,1
12086,166174654,166.0,16599.99999999058,1,1,0,1.0,0.0,166.0,1,1,1,1,1
12087,166174668,87.0,8699.999999995065,1,1,0,1.0,0.0,87.0,1,1,1,1,1
12088,166174670,1222.0,122199.99999993067,1,1,0,1.0,0.0,1222.0,1,1,1,1,1
12089,166174704,57.0,5699.999999996767,1,1,0,1.0,0.0,57.0,1,1,1,1,1
12090,166174705,23.0,2299.9999999986953,1,1,0,1.0,0.0,23.0,1,1,1,1,1
12091,166174706,192.0,19199.999999989108,1,1,0,1.0,0.0,192.0,1,1,1,1,1
12092,166174707,361.0,36099.99999997952,1,1,0,1.0,0.0,361.0,1,1,1,1,1
12093,166174708,3771.0,377099.9999997861,1,1,0,1.0,0.0,3771.0,1,1,1,1,1
12094,166174709,7719.0,771899.999999562,1,1,0,1.0,0.0,7719.0,1,1,1,1,1
12095,166174710,3455.0,345499.999999804,1,1,0,1.0,0.0,3455.0,1,1,1,1,1
12096,166174711,56.0,5599.999999996823,1,1,0,1.0,0.0,56.0,1,1,1,1,1
12097,166174712,156.0,15599.99999999115,1,1,0,1.0,0.0,156.0,1,1,1,1,1
12098,166174713,72.0,7199.9999999959155,1,1,0,1.0,0.0,72.0,1,1,1,1,1
12099,166174714,14.0,1399.9999999992058,1,1,0,1.0,0.0,14.0,1,1,1,1,1
12100,166174715,334.0,33399.99999998105,1,1,0,1.0,0.0,334.0,1,1,1,1,1
12101,166174717,690.0,68999.99999996086,1,1,0,1.0,0.0,690.0,1,1,1,1,1
12102,166174718,1731.0,173099.9999999018,1,1,0,1.0,0.0,1731.0,1,1,1,1,1
12103,166174719,1817.0,181699.9999998969,1,1,0,1.0,0.0,1817.0,1,1,1,1,1
12104,166174724,9.0,899.9999999994894,1,1,0,1.0,0.0,9.0,1,1,1,1,1
12105,166182048,64.0,6399.999999996369,1,1,0,1.0,0.0,64.0,1,1,1,1,1
12106,166182049,740.0,73999.99999995802,1,1,0,1.0,0.0,740.0,1,1,1,1,1
12107,166182050,7369.0,736899.999999582,1,1,0,1.0,0.0,7369.0,1,1,1,1,1
12108,166182135,10.0,999.9999999994327,1,1,0,1.0,0.0,10.0,1,1,1,1,1
12109,166182136,196.0,19599.999999988882,1,1,0,1.0,0.0,196.0,1,1,1,1,1
12110,166182148,1781.0,178099.99999989895,1,1,0,1.0,0.0,1781.0,1,1,1,1,1
12111,166182149,927.0,92699.99999994741,1,1,0,1.0,0.0,927.0,1,1,1,1,1
12112,166182151,512.0,51199.999999970954,1,1,0,1.0,0.0,512.0,1,1,1,1,1
12113,166182154,67.0,6699.999999996199,1,1,0,1.0,0.0,67.0,1,1,1,1,1
12114,166182155,891.0,89099.99999994945,1,1,0,1.0,0.0,891.0,1,1,1,1,1
12115,166182163,72.0,7199.9999999959155,1,1,0,1.0,0.0,72.0,1,1,1,1,1
12116,166182165,643.0,64299.999999963526,1,1,0,1.0,0.0,643.0,1,1,1,1,1
12117,166182166,610.0,60999.999999965396,1,1,0,1.0,0.0,610.0,1,1,1,1,1
12118,166182168,134.0,13399.999999992398,1,1,0,1.0,0.0,134.0,1,1,1,1,1
12119,166182169,201.0,20099.9999999886,1,1,0,1.0,0.0,201.0,1,1,1,1,1
12120,166182170,337.0,33699.99999998088,1,1,0,1.0,0.0,337.0,1,1,1,1,1
12121,166182171,5491.0,549099.9999996885,1,1,0,1.0,0.0,5491.0,1,1,1,1,1
12122,166182172,1115.0,111499.99999993674,1,1,0,1.0,0.0,1115.0,1,1,1,1,1
12123,166182173,199.0,19899.99999998871,1,1,0,1.0,0.0,199.0,1,1,1,1,1
12124,166182174,3882.0,388199.9999997798,1,1,0,1.0,0.0,3882.0,1,1,1,1,1
12125,166182175,31.0,3099.9999999982415,1,1,0,1.0,0.0,31.0,1,1,1,1,1
12126,166182177,225.0,22499.999999987234,1,1,0,1.0,0.0,225.0,1,1,1,1,1
12127,166182178,76.0,7599.999999995689,1,1,0,1.0,0.0,76.0,1,1,1,1,1
12128,166182179,431.0,43099.99999997555,1,1,0,1.0,0.0,431.0,1,1,1,1,1
12129,166182181,9.0,899.9999999994894,1,1,0,1.0,0.0,9.0,1,1,1,1,1
12130,166196106,7.0,699.9999999996029,1,1,0,1.0,0.0,7.0,1,1,1,1,1
12131,166196108,8.0,799.9999999995462,1,1,0,1.0,0.0,8.0,1,1,1,1,1
12132,166196323,42.0,4199.999999997617,1,1,0,1.0,0.0,42.0,1,1,1,1,1
12133,166196332,590.0,58999.99999996653,1,1,0,1.0,0.0,590.0,1,1,1,1,1
12134,166196333,37.0,3699.999999997901,1,1,0,1.0,0.0,37.0,1,1,1,1,1
12135,166443362,64.0,6399.999999996369,1,1,0,1.0,0.0,64.0,1,1,1,1,1
12136,166443363,7.0,699.9999999996029,1,1,0,1.0,0.0,7.0,1,1,1,1,1
12137,166443365,380.0,37999.99999997844,1,1,0,1.0,0.0,380.0,1,1,1,1,1
12138,166445172,184.0,18399.999999989563,1,1,0,1.0,0.0,184.0,1,1,1,1,1
12139,932030038,573.0,57299.99999996749,1,1,0,1.0,0.0,573.0,1,1,1,1,1
12140,932030065,1024.0,102399.99999994191,1,1,0,1.0,0.0,1024.0,1,1,1,1,1
12141,932030066,404.0,40399.99999997708,1,1,0,1.0,0.0,404.0,1,1,1,1,1
12142,932030140,125.0,12499.99999999291,1,1,0,1.0,0.0,125.0,1,1,1,1,1
12143,932030141,35.0,3499.9999999980146,1,1,0,1.0,0.0,35.0,1,1,1,1,1
12144,932030143,247.0,24699.999999985987,1,1,0,1.0,0.0,247.0,1,1,1,1,1
12145,932030145,1160.0,115999.9999999342,1,1,0,1.0,0.0,1160.0,1,1,1,1,1
12146,932030146,2587.0,258699.99999985323,1,1,0,1.0,0.0,2587.0,1,1,1,1,1
