# Tier 1 Data AMPL File

param baseloads_N1 : 'point' 'urban' 'ag' 'septic' 'storage' 'other' :=
'166174961'	1	3	0	0	0	0	0.000000152866047655705	2.8062340206
'166174961'	2	3	0	0	0	0	0.000000159791342742423	6.1451176841
'166174961'	3	3	0	0	0	0	0.000000154102319048621	5.2951687676
'166174961'	4	3	0	0	0	0	0.000000156199648666968	4.033353685
'166174962'	1	3	0	0	3.31081766897954	0	0.000000114886127570727	519.981639115
'166174962'	2	3	0	0	3.93502010985752	0	0.000000112378149418648	1274.7281829411
'166174962'	3	3	0	0	2.89419361702347	0	0.0000000851955700446507	1108.0204821178
'166174962'	4	3	0	0	3.56775038432288	0	0.000000105272069798036	759.319102635
'166174963'	1	3	0	0	0	0.00186004144463304	0.000000104093952546273	73.9612147509
'166174963'	2	3	0	0	0	0.00206321305789678	0.0000000995843593853819	170.1381714171
'166174963'	3	3	0	0	0	0.0021734243263587	0.0000000706818504471482	168.019845926
'166174963'	4	3	0	0	0	0.00202035439397908	0.0000000921269763080362	108.7343317197
'166174966'	1	3	0	53.4052603739309	151.256359365201	0.919408712616533	0.000000137962881004571	334.53489116
'166174966'	2	3	0	56.0467548118546	158.526728206592	0.889112792955932	0.000000113493084899738	795.662867155
'166174966'	3	3	0	36.0535793028935	102.635735733205	0.808688197744897	0.0000000829641873876837	745.209687544
'166174966'	4	3	0	43.8373595141516	124.451785694722	0.860279008312994	0.000000105703515901008	452.113314168
'24978249'	1	3	0	1.11036010200462	2.46375434058959	0	0.000000138618544615962	101.389378649
'24978249'	2	3	0	0.58735884808182	1.30327801666104	0	0.000000142088113861493	81.847061713
'24978249'	3	3	0	0.216939604960263	0.48136266103274	0	0.00000011250040277906	35.6343245028
'24978249'	4	3	0	1.02959594354532	2.28454847250981	0	0.000000136039334353488	109.716218831
'6139942'	1	3	0	0	19.2911903228056	0.007449748729052	0.000000087872756433875	50.9660442389
'6139942'	2	3	0	0	9.00186709969312	0.00859278007551394	0.00000008582001071825	49.4921958557
'6139942'	3	3	0	0	1.95613603194097	0.0173119047204566	0.0000000453859533378762	17.1854188857
'6139942'	4	3	0	0	16.7411656576154	0.00924289053712925	0.0000000791883917274276	57.9743845544
'6139944'	1	3	0	0	30.5772783007762	0.0235470436191428	0.000000088801293593915	129.129363605
'6139944'	2	3	0	0	13.6822714601194	0.0271599188665611	0.0000000869035358586175	120.7393552327
'6139944'	3	3	0	0	2.90935870779625	0.0547191847645075	0.0000000459853089132273	41.3943887737
'6139944'	4	3	0	0	25.2607363946377	0.0292147768043831	0.0000000802160067988636	141.263930231
'6139946'	1	3	0	0	147.398487078775	1.12054680324245	0.0000000901846890816869	483.83189858
'6139946'	2	3	0	0	51.0534534893571	1.50771031659074	0.0000000885325959616922	350.471027344
'6139946'	3	3	0	0	9.87026567614683	6.39176588433877	0.0000000428771959524545	120.288024256
'6139946'	4	3	0	0	116.444717389148	1.81927951714125	0.0000000810447282496856	498.892561545
'6139948'	1	3	0	0	4.40531330669267	0	0.000000109828894268109	51.1526023882
'6139948'	2	3	0	0	2.54983235912761	0	0.000000110447195731298	57.8724831404
'6139948'	3	3	0	0	0.807890055223855	0	0.0000000638699630398133	26.756488873
'6139948'	4	3	0	0	4.39218220297445	0	0.000000103059576961398	63.0508631724
'6139950'	1	3	0	0.912006950799567	0.000000197338936282054	0	0.0000000989674161333105	92.110767479
'6139950'	2	3	0	0.43348902862414	0.0000000937978208741135	0	0.0000000982866258824156	92.2947025459
'6139950'	3	3	0	0.111526532824725	0.0000000241319733481329	0	0.000000054554626648767	35.4196865156
'6139950'	4	3	0	0.857938139869104	0.00000018563959617424	0	0.0000000912506503270357	111.047945996
'6139952'	1	3	0	13.3192461996869	0	0.25286078279082	0.00000010629907160579	7.0313911825
'6139952'	2	3	0	7.1416102564252	0	0.316857957626649	0.000000106928542895958	7.4995688356
'6139952'	3	3	0	1.2816011553854	0	0.811818283829603	0.0000000585666869337418	3.2647465574
'6139952'	4	3	0	13.1078871769588	0	0.351369806783691	0.0000000992595621580517	8.6429897944
'6139954'	1	3	0	0	0	0	0.000000106078993156243	2.3804230786
'6139954'	2	3	0	0	0	0	0.00000010620308035593	2.1946985343
'6139954'	3	3	0	0	0	0	0.0000000605563971183043	0.8303707045
'6139954'	4	3	0	0	0	0	0.0000000989266666248834	2.8806476147
'6139956'	1	3	0	1.09632607382638	14.4416925866349	0	0.000000118334530617944	143.684696441
'6139956'	2	3	0	0.378386369192639	4.9844108914219	0	0.000000112978523043379	102.333906896
'6139956'	3	3	0	0.0836704966003099	1.10217536509205	0	0.0000000644255199592477	35.6147055504
'6139956'	4	3	0	0.815967003982791	10.748576461915	0	0.000000106711641752848	142.840753148
'6139958'	1	3	0	0	0	0	0.000000124510047088787	10.5889968955
'6139958'	2	3	0	0	0	0	0.000000119644945856151	8.3952494446
'6139958'	3	3	0	0	0	0	0.0000000701785216329597	2.8200901147
'6139958'	4	3	0	0	0	0	0.000000113351228303642	10.6757667141
'6139960'	1	3	0	0	0.221026342356204	0	0.000000116102624331158	37.8664256304
'6139960'	2	3	0	0	0.089360347592742	0	0.000000118351754046013	30.9654335273
'6139960'	3	3	0	0	0.0213432485815225	0	0.0000000696559682417053	10.9804222085
'6139960'	4	3	0	0	0.206311331565299	0	0.000000110616345403603	44.1794970506
'6139964'	1	3	0	0	10.5605824866767	0	0.000000133726040995134	58.367783601
'6139964'	2	3	0	0	4.92668831131093	0	0.000000130453422601244	56.4819524102
'6139964'	3	3	0	0	1.36940396951089	0	0.0000000798889016529746	22.0104043635
'6139964'	4	3	0	0	9.59658416631323	0	0.000000124342464601517	68.4045765625
'6139966'	1	3	0	0.838570702580524	6.56333829393304	0	0.000000122885761261371	388.35907997
'6139966'	2	3	0	0.367374142485681	2.87536968559744	0	0.000000117634764285275	321.61501792
'6139966'	3	3	0	0.0887086213403412	0.694306025248225	0	0.0000000681023142159671	114.20281641
'6139966'	4	3	0	0.711700295110372	5.57034700421613	0	0.00000011128593263087	415.309745859
'6139968'	1	3	0	2.07774751466065	15.1310104542363	0	0.000000123991497601679	200.033111935
'6139968'	2	3	0	0.94875807193579	6.90924580777877	0	0.000000127531490131699	163.118078472
'6139968'	3	3	0	0.259746529832718	1.89158087354722	0	0.0000000790118683162586	63.3880410005
'6139968'	4	3	0	1.83448546757967	13.3594763530398	0	0.000000120232213674667	212.376977413
'6139970'	1	3	0	35.2740533865509	15.3615389713502	0	0.000000107418307210664	209.119668437
'6139970'	2	3	0	15.149438805996	6.59744691251987	0	0.000000104807320223712	159.258821711
'6139970'	3	3	0	4.33541728706207	1.88803597026198	0	0.0000000684314093089022	67.63127725
'6139970'	4	3	0	29.0350033509454	12.6444877377104	0	0.000000098779786384539	222.427628714
'6139972'	1	3	0	0.400388348873595	0.786615876769121	0	0.000000131577690448382	167.793773167
'6139972'	2	3	0	0.17229582227034	0.338497934879923	0	0.000000127555032616412	126.802936047
'6139972'	3	3	0	0.0472496726242657	0.0928282323191278	0	0.0000000769138179270086	55.246732515
'6139972'	4	3	0	0.362215095471376	0.711619470675275	0	0.00000012130466609378	187.787944214
'6139974'	1	3	0	2.24255519160542	1.02328172834259	0	0.000000112805588532431	68.316511769
'6139974'	2	3	0	0.773665551077134	0.353024900039254	0	0.00000011115037444184	42.4204867773
'6139974'	3	3	0	0.201270605052348	0.0918401176574755	0	0.000000075696704418153	17.1961898913
'6139974'	4	3	0	1.79248667468291	0.81791470257394	0	0.000000104724786196691	70.125622011
'6139976'	1	3	0	0.291887885498077	0	0	0.000000147415593270438	87.014652876
'6139976'	2	3	0	0.184144571508348	0	0	0.000000146092177568159	94.420912024
'6139976'	3	3	0	0.068530464913664	0	0	0.0000000958017591995568	48.5028344911
'6139976'	4	3	0	0.302859072138224	0	0	0.000000140133894163871	108.080543676
'6139978'	1	3	0	0.31866065831501	1.20201778957289	0	0.000000144436021263899	157.101400012
'6139978'	2	3	0	0.189914880588263	0.716376681654124	0	0.000000142534475705457	168.372716864
'6139978'	3	3	0	0.0547964081945264	0.206697173757601	0	0.0000000922026899391332	67.461968262
'6139978'	4	3	0	0.317686823838561	1.19834439478503	0	0.00000013664121898861	191.390909844
'6139980'	1	3	0	0.811258341282503	3.26021970684807	0	0.000000119292712226374	406.41994521
'6139980'	2	3	0	0.211458471755205	0.849792281589515	0	0.000000093783231398162	239.879532556
'6139980'	3	3	0	0.0252417017944029	0.101439318884768	0	0.0000000343065722620313	73.754613453
'6139980'	4	3	0	0.410623681752625	1.65018139244989	0	0.0000000780100382709354	384.83095756
'6139982'	1	3	0	0	0	0	0.000000153244499999926	35.6253884449
'6139982'	2	3	0	0	0	0	0.000000156115294730499	39.3166426856
'6139982'	3	3	0	0	0	0	0.000000106539580564691	16.6869730446
'6139982'	4	3	0	0	0	0	0.000000150315170680675	43.4111615461
'6139988'	1	3	0	0	4.37934602035507	0	0.000000132341889229378	22.1528114303
'6139988'	2	3	0	0	1.17386107560909	0	0.000000106609132336888	11.3959201947
'6139988'	3	3	0	0	0.160731878248641	0	0.0000000420750928267859	4.6453503538
'6139988'	4	3	0	0	1.97082642441592	0	0.0000000901653671119045	20.4552827625
'6139990'	1	3	0	0.75458350347593	4.1708246070916	0	0.000000123370481996768	188.423084609
'6139990'	2	3	0	0.240076699531163	1.3269807800037	0	0.000000097686431210955	125.711913997
'6139990'	3	3	0	0.0344032563845685	0.19015781242312	0	0.0000000367531059023405	44.03232754
'6139990'	4	3	0	0.41486148328338	2.29307223799145	0	0.0000000814681410417692	187.780662429
'6139992'	1	3	0	61.6096447426246	3.30551942559521	0	0.000000134592151705986	61.129203199
'6139992'	2	3	0	16.9672310424354	0.910336555926503	0	0.000000108837117115905	31.360284466
'6139992'	3	3	0	2.92624815143734	0.157000907076598	0	0.000000043458649479974	13.6428460629
'6139992'	4	3	0	25.3002374274187	1.3574242577941	0	0.0000000918554188760157	55.141277445
'6139994'	1	3	0	10.6349758407813	0	0	0.000000144112124372591	104.307595767
'6139994'	2	3	0	6.31310245550412	0	0	0.000000148844773120167	104.8545589161
'6139994'	3	3	0	2.1715745091958	0	0	0.000000105157464766175	46.1435539052
'6139994'	4	3	0	10.8702777420097	0	0	0.000000143137848270113	123.499206847
'6139996'	1	3	0	12.7518123228039	3.54782455273151	0	0.000000153465979217408	26.8599792274
'6139996'	2	3	0	7.4346376566057	2.06847382557444	0	0.000000160098662321894	28.0833102305
'6139996'	3	3	0	2.05342022578269	0.571305043546624	0	0.000000114048381500121	9.9500870853
'6139996'	4	3	0	12.5838299055678	3.50108828255463	0	0.000000154294694147497	31.4364230238
'6139998'	1	3	0	8.86831004893133	11.5409743417015	0	0.000000132869820909645	215.420432963
'6139998'	2	3	0	3.16287155974031	4.11607389841431	0	0.000000107303700838174	143.776711704
'6139998'	3	3	0	0.543167063064873	0.706862649534498	0	0.0000000420565955555602	60.472935022
'6139998'	4	3	0	4.7878681007964	6.23079962189722	0	0.0000000901966290541948	216.27193177
'6140000'	1	3	0	7.03786205513901	14.4740222874947	0	0.000000127951918458321	214.047086164
'6140000'	2	3	0	2.29275899610844	4.71527355161639	0	0.000000102263487778083	139.046936851
'6140000'	3	3	0	0.358579169758622	0.737451637154406	0	0.0000000391154130756022	56.204803322
'6140000'	4	3	0	3.73776253203344	7.68705862232668	0	0.0000000854766737497405	208.377620934
'6140002'	1	3	0	8.76273818723328	0.480433924736106	0	0.000000138923919816877	52.996439654
'6140002'	2	3	0	3.37444941311696	0.185010659976225	0	0.000000113295839341073	32.426227544
'6140002'	3	3	0	0.634719655882529	0.0347997222825213	0	0.0000000460192379106133	15.0762170485
'6140002'	4	3	0	4.6535777029988	0.255141321379752	0	0.0000000956530451222642	53.824463415
'6140004'	1	3	0	0	0	0	0.000000139799203473915	15.6849566662
'6140004'	2	3	0	0	0	0	0.000000114130686255558	10.0901380917
'6140004'	3	3	0	0	0	0	0.0000000466072003162334	4.4771856541
'6140004'	4	3	0	0	0	0	0.0000000964145872413084	16.0046186493
'6140008'	1	3	0	8.7107791962092	0	0	0.000000136191357078527	8.5153030281
'6140008'	2	3	0	3.29678381080377	0	0	0.000000110370269701377	5.35463046
'6140008'	3	3	0	0.485165749485133	0	0	0.00000004344453534603	2.1911802012
'6140008'	4	3	0	4.84418875395603	0	0	0.0000000928925454800128	8.7321548845
'6140010'	1	3	0	41.1077271668542	6.40913466237772	0	0.000000126933685257939	407.6488298
'6140010'	2	3	0	15.2214971073734	2.3731943225761	0	0.000000127950243923369	262.909667933
'6140010'	3	3	0	4.24086652089024	0.661196482759793	0	0.0000000944570000073047	100.353866608
'6140010'	4	3	0	32.8035099335139	5.1144183114531	0	0.000000121727362520642	408.59343655
'6140012'	1	3	0	7.01134414297986	16.529657348618	0	0.000000123238522118849	269.72256179
'6140012'	2	3	0	2.29836150051335	5.41852279551086	0	0.0000000973616181255658	178.088658564
'6140012'	3	3	0	0.318913635825879	0.751857706088372	0	0.0000000342567683545242	69.425622122
'6140012'	4	3	0	3.82828919501669	9.02541757089991	0	0.000000080898676886907	272.79382768
'6140014'	1	3	0	3.19498125060648	8.04592477085372	0	0.000000142093477928001	174.426697545
'6140014'	2	3	0	1.09105019356213	2.74759289348499	0	0.000000116288848969115	108.794204658
'6140014'	3	3	0	0.190090875400371	0.478706058986416	0	0.000000048387883257644	44.818911133
'6140014'	4	3	0	1.63909620285943	4.12773775677671	0	0.0000000983866734118198	167.298125954
'6140016'	1	3	0	10.5751447247874	4.0513721163073	0	0.000000137636832110602	140.853007087
'6140016'	2	3	0	3.56431217098133	1.36549951024222	0	0.000000111543750596153	79.278434888
'6140016'	3	3	0	0.721474573795138	0.276399240560606	0	0.0000000458711441239784	36.3823375
'6140016'	4	3	0	4.70132429891088	1.80109253057979	0	0.0000000945704482813915	128.780830627
'6140018'	1	3	0	1.36514693775562	0.214561144330743	0	0.000000135553974542884	46.973275324
'6140018'	2	3	0	0.491281783307138	0.0772151177850048	0	0.000000138337675745193	30.5858876482
'6140018'	3	3	0	0.138752141936716	0.0218077758099188	0	0.000000107605873840563	11.2916490896
'6140018'	4	3	0	1.07827797423357	0.169473739230301	0	0.000000132211352128848	47.020743731
'6140020'	1	3	0	0	0	0	0.000000152384277353505	0.3819508115
'6140020'	2	3	0	0	0	0	0.000000159644806123197	0.3696495181
'6140020'	3	3	0	0	0	0	0.000000142707046157722	0.1397028592
'6140020'	4	3	0	0	0	0	0.000000154315119656527	0.4448365568
'6140022'	1	3	0	0	5.60542278193162	0	0.00000014399065804918	129.274846594
'6140022'	2	3	0	0	2.64284261909726	0	0.000000148102201863589	107.7668329868
'6140022'	3	3	0	0	0.83234108363629	0	0.000000119410827815568	38.5803106447
'6140022'	4	3	0	0	5.30613816361074	0	0.000000142090871384649	145.405957839
'6140024'	1	3	0	5.49984408002434	11.6564867653014	0	0.0000000822387991877094	440.34229921
'6140024'	2	3	0	2.16821320019463	4.59535726909661	0	0.0000000831216928934527	292.963568278
'6140024'	3	3	0	0.563830353481009	1.19499406845578	0	0.0000000564395394854645	108.257237223
'6140024'	4	3	0	4.03834820033989	8.55896124806836	0	0.0000000738367394470511	436.80645606
'6140026'	1	3	0	5.57640933846604	3.58546837070546	0	0.0000000837500831326625	134.078082434
'6140026'	2	3	0	1.85861942852435	1.19503801995885	0	0.0000000848466664108266	77.545242862
'6140026'	3	3	0	0.44756409071999	0.287770641245596	0	0.0000000587022887293559	28.159007147
'6140026'	4	3	0	3.79395072057009	2.43939952808338	0	0.0000000754965859778142	125.47564366
'6140028'	1	3	0	0	9.11858745991818	0	0.000000151713617423998	49.491002793
'6140028'	2	3	0	0	4.25445544592995	0	0.000000128704644034646	36.098791189
'6140028'	3	3	0	0	0.952293731648918	0	0.0000000573412398515068	16.3791887236
'6140028'	4	3	0	0	5.71241664777837	0	0.000000109919770166773	48.861164623
'6140030'	1	3	0	4.50690255750786	2.30214505126358	0	0.000000152428146666301	34.7064653702
'6140030'	2	3	0	2.68387419726805	1.37093438844538	0	0.000000159688086228582	34.2647761072
'6140030'	3	3	0	1.1425312449891	0.583609833619578	0	0.000000150224985076854	14.4623051595
'6140030'	4	3	0	4.40130405379597	2.2482048851479	0	0.000000154369028995694	39.872562676
'6140032'	1	3	0	0.217244721951765	0	0.155698660115016	0.000000097760303370081	83.804551435
'6140032'	2	3	0	0	0	0.225047556606934	0.0000000834762593206584	53.535647871
'6140032'	3	3	0	0	0	0.650608525388017	0.0000000334709446904662	15.9273010481
'6140032'	4	3	0	0	0	0.243135407633059	0.0000000604546885519728	80.2011619982
'6140034'	1	3	0	33.1088566237246	25.4530677295884	0	0.0000001453094166177	408.98207225
'6140034'	2	3	0	13.593153165853	10.4499968733618	0	0.000000150505358809747	257.601198161
'6140034'	3	3	0	5.05086253694558	3.88294732448471	0	0.000000140163777682215	107.860002253
'6140034'	4	3	0	27.2011918752777	20.9114372931853	0	0.000000145203760738616	402.65907431
'6140036'	1	3	0	0	2.28654236262733	0.129310518743044	0.0000000981392292418613	110.617276322
'6140036'	2	3	0	0	0.644728568077063	0.159615587583894	0.0000000844780649186764	70.0987517924
'6140036'	3	3	0	0	0.0870549941931477	0.28591574355388	0.0000000366503800247202	20.2564898848
'6140036'	4	3	0	0	1.10128476339801	0.16254389895464	0.0000000616126840399736	102.690708244
'6140038'	1	3	0	0.34653376972049	41.4614133101083	0	0.000000139633569290843	342.68762321
'6140038'	2	3	0	0.121698728090591	14.5607779213195	0	0.00000013512330692236	174.625729033
'6140038'	3	3	0	0.0200989822327134	2.40476479561021	0	0.0000000626090776042505	68.173197181
'6140038'	4	3	0	0.218257521292545	26.1136607412581	0	0.00000011627717802277	318.90186342
'6140040'	1	3	0	15.8495843400309	58.5548918456257	0	0.0000000752116783747839	703.34889239
'6140040'	2	3	0	4.55232766880817	16.8181731819085	0	0.000000060457170398141	390.61163738
'6140040'	3	3	0	0.731643399421861	2.70299202831342	0	0.0000000278172901761934	140.589892653
'6140040'	4	3	0	5.70841038349842	21.0892188365984	0	0.0000000411542215602728	638.49088878
'6140042'	1	3	0	4.59867225402008	16.5290586330645	0	0.000000128388440042614	158.252935442
'6140042'	2	3	0	1.66878423921977	5.99812968026725	0	0.000000129735946148419	93.638929571
'6140042'	3	3	0	0.462549225565895	1.66254580626388	0	0.000000105287080875985	35.17034716
'6140042'	4	3	0	3.51103185144046	12.6197406840633	0	0.000000123801196129255	154.921979755
'6140044'	1	3	0	5.10263368246359	24.7777106625471	0	0.000000113878737002546	176.909220938
'6140044'	2	3	0	1.67788618904275	8.14759222419165	0	0.000000111995274823667	109.130759011
'6140044'	3	3	0	0.399766168079957	1.94121135522009	0	0.0000000822631165624928	34.2872102456
'6140044'	4	3	0	3.56757782308675	17.3236835266806	0	0.000000104790440566827	162.56233456
'6140046'	1	3	0	39.1770792038112	0	0	0.000000130414343793501	17.4695353711
'6140046'	2	3	0	18.3897574247095	0	0	0.000000132193418816506	13.1626378383
'6140046'	3	3	0	6.46960268967107	0	0	0.000000108308325126635	5.5257637245
'6140046'	4	3	0	31.7191239162578	0	0	0.000000126474397760838	17.4903516274
'6140048'	1	3	0	6.21850655868975	12.6243151515138	0	0.000000124546725903436	47.296206251
'6140048'	2	3	0	1.8771681788093	3.81087684930664	0	0.000000124504452580946	27.0513164859
'6140048'	3	3	0	0.489209129942556	0.993153287318574	0	0.0000000968385207358565	9.1160456024
'6140048'	4	3	0	3.96652132865402	8.05251467301177	0	0.000000118061695784788	41.1046490536
'6140050'	1	3	0	28.8431172555849	214.552244748724	0	0.0000000858215156365122	1249.9519107
'6140050'	2	3	0	8.81715077264083	65.5872066021619	0	0.000000071667128431371	685.01146415
'6140050'	3	3	0	2.15018107461913	15.9943244719312	0	0.0000000382613189736934	332.739823846
'6140050'	4	3	0	9.49684892391639	70.6432053310277	0	0.0000000498286887611603	1216.99761047
'6140052'	1	3	0	0	0	0.00334078344809915	0.0000000880500541726475	138.487736982
'6140052'	2	3	0	0	0	0.00807156881757617	0.0000000803328297159324	94.3644252835
'6140052'	3	3	0	0	0	0.156178376366214	0.0000000322682281459674	28.1709188207
'6140052'	4	3	0	0	0	0.0115962722092754	0.0000000708079699004164	135.233791881
'6140054'	1	3	0	10.1330017777044	10.8934512055436	0	0.000000130847154493577	437.70897089
'6140054'	2	3	0	3.86138728478974	4.15117207068298	0	0.000000132963598427679	249.005816623
'6140054'	3	3	0	0.676049982425807	0.726785374914916	0	0.0000000692032272648862	87.970298551
'6140054'	4	3	0	7.64378867171277	8.21743060401001	0	0.000000127509054681066	428.3831729
'6140056'	1	3	0	77.356508815688	1.21312049253721	0	0.00000012705805065936	7.9661029361
'6140056'	2	3	0	25.4683765579283	0.399400257123512	0	0.000000128122236750925	5.0030466228
'6140056'	3	3	0	6.7619586991689	0.10604241057193	0	0.000000102228454285098	1.670323491
'6140056'	4	3	0	55.5536719648651	0.87120397401843	0	0.000000122121569288846	7.5099530865
'6140058'	1	3	0	8.13649996454798	0.479557046099084	0	0.000000127231867368308	4.721850582
'6140058'	2	3	0	3.82933217582656	0.225696950151811	0	0.000000128322793659558	3.8840771465
'6140058'	3	3	0	1.24976786488376	0.0736600489463222	0	0.000000102701455881979	1.5342384509
'6140058'	4	3	0	6.65210135301739	0.392068099193125	0	0.000000122377036523173	4.8842662752
'6140060'	1	3	0	3.70426140242571	27.3976905156103	0	0.000000121059756981521	173.823915315
'6140060'	2	3	0	1.30396477682133	9.64446606635995	0	0.000000120397282626785	97.503113991
'6140060'	3	3	0	0.371758185627244	2.74962120939292	0	0.0000000955515601590409	37.49291017
'6140060'	4	3	0	2.77531228211735	20.5269387679083	0	0.000000114370921993141	163.540969343
'6140062'	1	3	0	12.7689346123874	2.15025113887604	0	0.000000109865375985779	82.34069362
'6140062'	2	3	0	4.4804752466385	0.754498890796057	0	0.000000107002887314984	56.0505489322
'6140062'	3	3	0	0.967122701995294	0.162860626569892	0	0.00000007345244902764	16.7586487195
'6140062'	4	3	0	9.22446818984229	1.55337338883176	0	0.0000000997182483834634	80.247644526
'6140064'	1	3	0	35.7588025888471	0.66907576612607	0	0.00000013537637170414	17.0504400433
'6140064'	2	3	0	18.2590446634758	0.341641313808138	0	0.000000138110634139843	13.074477863
'6140064'	3	3	0	6.73829984046196	0.126078973594402	0	0.000000116978707370114	5.6757527953
'6140064'	4	3	0	30.5348516092368	0.571331469622599	0	0.000000132751722861856	17.465647259
'6140066'	1	3	0	0	0	0	0.000000109655534989172	104.412409836
'6140066'	2	3	0	0	0	0	0.0000000966294915832196	74.8384658454
'6140066'	3	3	0	0	0	0	0.0000000480617876193908	22.4523522687
'6140066'	4	3	0	0	0	0	0.0000000718130430990629	102.0483882286
'6140068'	1	3	0	0	10.8773014076297	0.0113109349288139	0.000000113751761348788	55.481140578
'6140068'	2	3	0	0	2.98107209298549	0.0116893876066017	0.000000100974989914423	33.8845892738
'6140068'	3	3	0	0	0.485417704740451	0.0102170641568166	0.0000000512480833059117	10.3319833085
'6140068'	4	3	0	0	5.13872675033676	0.0109627228396597	0.0000000753749492895985	49.3437275472
'6140070'	1	3	0	51.1949611547273	60.9918432151666	0	0.000000153137331730809	652.50592087
'6140070'	2	3	0	28.6645937236764	34.1499703643337	0	0.00000016014581901343	504.10112601
'6140070'	3	3	0	12.618165342767	15.0328302804875	0	0.000000154580175904043	239.216731006
'6140070'	4	3	0	43.3399284747737	51.6336386011399	0	0.000000156540945287327	668.47806042
'6140072'	1	3	0	145.100031939362	0	0	0.000000120412427978041	8.0955050118
'6140072'	2	3	0	46.475946819695	0	0	0.000000119550409393306	5.0212891349
'6140072'	3	3	0	11.5963502365092	0	0	0.0000000892572520441232	1.673620662
'6140072'	4	3	0	100.924454880284	0	0	0.000000112770970960756	7.5951618474
'6140074'	1	3	0	1.44849793916891	0.189717682314616	0	0.0000001423730686222	85.157384657
'6140074'	2	3	0	0.653597463726249	0.0856052277060155	0	0.000000147742126550954	57.217235129
'6140074'	3	3	0	0.124797672384701	0.0163454324071278	0	0.0000000816109630016425	19.2123149358
'6140074'	4	3	0	1.22047352332819	0.159852079824018	0	0.000000142597140735468	86.12609578
'6140076'	1	3	0	0	0	0.0000775291041046716	0.00000010480127163645	1.5094814845
'6140076'	2	3	0	0	0	0.000125855471239378	0.000000100448054448929	1.5594525566
'6140076'	3	3	0	0	0	0.000910223877467933	0.0000000574330469037013	0.746370979
'6140076'	4	3	0	0	0	0.000153890171152751	0.0000000920832171225205	1.633462873
'6140080'	1	3	0	3.20538594767933	3.77844351722143	0	0.0000000943096486134953	402.95617409
'6140080'	2	3	0	1.07341681750427	1.26532183069651	0	0.0000000981949815368011	230.4455702
'6140080'	3	3	0	0.247026495088379	0.291189789364628	0	0.000000074062438838075	71.157462984
'6140080'	4	3	0	2.25593737166985	2.6592529187939	0	0.0000000889400669371563	378.27898511
'6140082'	1	3	0	0	0.161407468379178	0	0.0000000938053460892583	91.749400969
'6140082'	2	3	0	0	0.0496435204230557	0	0.0000000974600650461673	50.64058402
'6140082'	3	3	0	0	0.0106135874822981	0	0.0000000746130258691291	14.7018401261
'6140082'	4	3	0	0	0.106579114467953	0	0.0000000885453703927007	82.720228516
'6140084'	1	3	0	201.929040719854	0	0	0.000000150345169401815	27.211534053
'6140084'	2	3	0	121.009604454235	0	0	0.000000156537012349708	24.654469928
'6140084'	3	3	0	67.9227016053447	0	0	0.000000149546232003662	13.5718994845
'6140084'	4	3	0	160.844129682234	0	0	0.000000152771142432736	27.189335213
'6140086'	1	3	0	0	45.7390439948819	0	0.000000144691247728313	90.426170937
'6140086'	2	3	0	0	18.0745617088284	0	0.000000150660311137634	54.493084219
'6140086'	3	3	0	0	3.5585038580837	0	0.0000000839538498615728	19.4803984679
'6140086'	4	3	0	0	33.3606356174715	0	0.00000014324192402346	85.008272314
'6140088'	1	3	0	406.681937157926	0.482524688503388	0	0.000000153292911361533	8.9887129306
'6140088'	2	3	0	201.392168269179	0.238950109149743	0	0.000000160287026593442	6.2524442232
'6140088'	3	3	0	89.8702122589239	0.106630248924239	0	0.000000154895110804909	3.0070332274
'6140088'	4	3	0	316.111825524775	0.375064014943555	0	0.000000156748082795492	8.8167289447
'6140090'	1	3	0	28.9036897449516	95.4377231895033	0	0.00000014378115185571	519.8278827
'6140090'	2	3	0	12.5316543658168	41.378542706495	0	0.000000147722107875622	296.55036498
'6140090'	3	3	0	4.60451003718249	15.20373205692	0	0.000000135990294427117	136.382316033
'6140090'	4	3	0	21.8637047541519	72.1922432969575	0	0.000000143261371504701	494.21618869
'6140092'	1	3	0	5.05650365244532	65.4919410611594	0	0.0000000924066620643424	319.181100987
'6140092'	2	3	0	1.59910011542918	20.7115781405492	0	0.0000000787377732055574	168.534425051
'6140092'	3	3	0	0.477580436330291	6.18563179994716	0	0.0000000454306088485019	73.546132661
'6140092'	4	3	0	1.67923682417239	21.7495104679344	0	0.0000000553038839198267	306.995578429
'6140094'	1	3	0	47.6189301727065	0.937098298721718	0	0.0000000935353655136226	73.271494337
'6140094'	2	3	0	12.5716423378987	0.247398767760242	0	0.000000079980911427143	34.191214516
'6140094'	3	3	0	2.33603870064754	0.0459711691026931	0	0.0000000465305001262563	12.3097903657
'6140094'	4	3	0	18.2041119823391	0.358240773283274	0	0.0000000562685676108494	68.400342068
'6140096'	1	3	0	0	10.2540534899435	0	0.000000138416869008562	247.51887837
'6140096'	2	3	0	0	4.1902603660081	0	0.00000014272282525873	147.019866352
'6140096'	3	3	0	0	0.795843933518648	0	0.0000000785603679525286	50.737219747
'6140096'	4	3	0	0	7.93027582658941	0	0.00000013754721035691	236.95090292
'6140098'	1	3	0	6.26604014695771	0.868973628824755	0	0.000000149737943032042	20.1034733771
'6140098'	2	3	0	2.56163644563322	0.355247407558188	0	0.000000157463727443972	10.9155542386
'6140098'	3	3	0	0.488857342490471	0.0677946723780128	0	0.0000000915788597397974	4.0025151839
'6140098'	4	3	0	5.08938655424881	0.705795462372491	0	0.000000152960905157352	19.4668708686
'6140100'	1	3	0	10.6011174030521	10.5572855224554	0	0.000000152366949180907	16.3713225426
'6140100'	2	3	0	4.51998349414494	4.50129495708071	0	0.000000160906125836132	10.1950890702
'6140100'	3	3	0	0.918626211920381	0.914828016640945	0	0.0000000937473110323107	3.7128739153
'6140100'	4	3	0	8.72715116383923	8.69106747268802	0	0.000000155195728165761	16.130324816
'6140102'	1	3	0	18.1146621024203	2.17889717603273	0	0.000000151638371718125	6.6297668777
'6140102'	2	3	0	7.57996812080931	0.911746023166916	0	0.000000159956105797245	3.6745268162
'6140102'	3	3	0	1.49458337644191	0.179773902474556	0	0.0000000939932068344909	1.3520262382
'6140102'	4	3	0	14.9729314035163	1.80099842700605	0	0.0000001556087464395	6.4641105136
'6140104'	1	3	0	16.9191312755401	4.14940751179621	0	0.0000000914123523389298	276.7582715
'6140104'	2	3	0	6.7801521992	1.66282854638382	0	0.0000000858180175067495	177.7461560416
'6140104'	3	3	0	1.49497028956939	0.366640629950103	0	0.0000000537667803368931	60.888733925
'6140104'	4	3	0	11.5519765915548	2.83311581804553	0	0.0000000789467911068684	270.9929574
'6140106'	1	3	0	0	30.0293374773942	0.00692437201417485	0.000000118998020455112	109.059595555
'6140106'	2	3	0	0	7.47109436603368	0.00710823751432206	0.000000106444747125791	56.8965033844
'6140106'	3	3	0	0	1.1392945278819	0.00629118698850257	0.0000000558563468942697	17.8118425572
'6140106'	4	3	0	0	14.0138907082261	0.00668288395025334	0.0000000799097539210689	96.669772548
'6140108'	1	3	0	0.997784229407863	139.227136206363	0.0892657636939723	0.000000116023060205639	128.650003343
'6140108'	2	3	0	0.166631879406431	33.078430012652	0.0916360710660219	0.000000103152909369175	63.697701956
'6140108'	3	3	0	0	5.39882923664432	0.0811030334985992	0.0000000533561444439078	21.7125918116
'6140108'	4	3	0	0.359798284535681	57.1164770591923	0.086152610407646	0.0000000771808729452643	102.885975025
'6140110'	1	3	0	15.0599127636229	7.93892469367706	0	0.000000152366949180907	41.615664864
'6140110'	2	3	0	6.60734001853858	3.48309951437867	0	0.000000160906125836132	23.1448628512
'6140110'	3	3	0	1.6673569515043	0.878957367406562	0	0.0000000966595100478892	9.8775569676
'6140110'	4	3	0	11.6924042725917	6.16372209220317	0	0.000000156616900887755	40.008982353
'6140112'	1	3	0	2.73962375449234	11.5336136620349	0	0.000000141781400816969	272.14763071
'6140112'	2	3	0	0.987170531522968	4.15591502656516	0	0.00000014687075802389	158.660252205
'6140112'	3	3	0	0.184172371019509	0.775352079214443	0	0.0000000878604656223	48.925883184
'6140112'	4	3	0	2.02621804889916	8.53022833250605	0	0.000000142188592717697	252.29219425
'6140114'	1	3	0	389.927249462066	0.83167353363272	0	0.000000152370741351406	24.251104427
'6140114'	2	3	0	171.253096586413	0.365264721020659	0	0.000000158632486377593	15.5403124905
'6140114'	3	3	0	83.2763545688399	0.177619646151869	0	0.000000151988043711687	7.5868571255
'6140114'	4	3	0	310.143556081505	0.661503363913973	0	0.000000154715546227677	23.874859072
'6140116'	1	3	0	55.8782371874703	40.698992624871	0	0.000000153522305262429	366.41702784
'6140116'	2	3	0	29.7931693669861	21.6998968001464	0	0.000000160403983167584	287.275762477
'6140116'	3	3	0	12.7420706604778	9.28070508193183	0	0.000000154902583352212	129.381094829
'6140116'	4	3	0	48.0029678207643	34.9630291077839	0	0.000000157015095754353	378.21057104
'6140118'	1	3	0	0	0	0.135311030038947	0.000000124958848444438	112.234823449
'6140118'	2	3	0	0	0	0.138184325595441	0.000000112671485772975	55.712967025
'6140118'	3	3	0	0	0	0.123552797715031	0.0000000613040377632935	18.8545659123
'6140118'	4	3	0	0	0	0.130175117041226	0.0000000851086802298134	100.836819125
'6140120'	1	3	0	12.3163775958599	49.2803939217282	0	0.000000148513253636369	189.588418272
'6140120'	2	3	0	4.81865139163551	19.2804285929895	0	0.000000153437942517491	108.346202426
'6140120'	3	3	0	1.61998576165907	6.48190069365688	0	0.000000144646765875832	44.179019308
'6140120'	4	3	0	9.25745479461825	37.0410062081147	0	0.000000149472705370577	180.886113097
'6140122'	1	3	0	138.600815995212	10.2410065278529	0	0.000000153835300421145	66.421096113
'6140122'	2	3	0	60.653635537645	4.48160620845936	0	0.000000160314140061959	43.474636023
'6140122'	3	3	0	24.429189933247	1.80503622409989	0	0.00000015478677952091	19.0755013833
'6140122'	4	3	0	108.368311497834	8.00717208988184	0	0.000000157042156828055	65.22011758
'6140124'	1	3	0	9.89448924746982	71.1990883403779	0	0.0000000978636766575001	457.89557791
'6140124'	2	3	0	2.82789329433133	20.3490467724633	0	0.0000000845480831364886	227.46421604
'6140124'	3	3	0	0.581758293780366	4.18623529878184	0	0.0000000507406206931101	78.424603009
'6140124'	4	3	0	3.73095523529535	26.8473293313332	0	0.00000005988340290288	410.10783429
'6140126'	1	3	0	5.0786885024214	47.3726430151245	0	0.0000000955375292030564	632.30407172
'6140126'	2	3	0	1.99760387492208	18.6331127035716	0	0.0000000894609176943306	398.60605593
'6140126'	3	3	0	0.459261170110414	4.28386490953728	0	0.0000000577694440831858	150.851403494
'6140126'	4	3	0	3.40728876522598	31.7822749412032	0	0.0000000823739956643376	602.02810596
'6140128'	1	3	0	5.72914758336411	27.3836541135218	0	0.000000106846019091495	547.57976664
'6140128'	2	3	0	2.16609284750928	10.3532919076997	0	0.00000011341420885638	343.985166162
'6140128'	3	3	0	0.515615846309918	2.46449332749184	0	0.000000093495982269361	105.303058901
'6140128'	4	3	0	4.14433406326515	19.8087078168785	0	0.000000104730193200812	520.54619502
'6140130'	1	3	0	0	0.170478643635428	0	0.000000103200204128079	27.416670344
'6140130'	2	3	0	0	0.061815932048341	0	0.0000000901096734237196	16.5286309113
'6140130'	3	3	0	0	0.0117265236160166	0	0.0000000557860453585604	5.3852873097
'6140130'	4	3	0	0	0.0783399775732609	0	0.0000000643365677658557	26.659412996
'6140132'	1	3	0	24.5499274402764	42.8137866953692	0	0.000000152411486672131	182.939168493
'6140132'	2	3	0	8.71934628328757	15.2060829022777	0	0.000000160957367176264	98.055389887
'6140132'	3	3	0	1.9826626056434	3.45765966495379	0	0.000000105549308975436	37.547361302
'6140132'	4	3	0	16.1595955910274	28.1814877223202	0	0.000000156690587492213	168.346825839
'6140134'	1	3	0	28.5062523098535	1.89845117670313	0	0.0000000998561831738947	120.855386321
'6140134'	2	3	0	8.91297290239134	0.593583600938735	0	0.0000000865076955565962	68.861464279
'6140134'	3	3	0	1.90836673570469	0.127092857933698	0	0.0000000525162324740127	23.2984821327
'6140134'	4	3	0	11.8348522736011	0.788174081293142	0	0.0000000614711720436	110.732046373
'6140274'	1	3	0	0.676922907579549	243.09838271128	0.49003947483098	0.000000100062057554608	387.260414888
'6140274'	2	3	0	0	67.7732935581436	0.611274153950745	0.0000000999777135958478	231.925072763
'6140274'	3	3	0	0	13.7032046905911	1.48983695220086	0.000000052869112567922	80.389933089
'6140274'	4	3	0	0.117756028062923	164.840184948981	0.673537985445813	0.0000000923320815614928	347.783951741
'6140276'	1	3	0	0	37.288895155192	2.65700353593326	0.000000114015988372874	446.96940844
'6140276'	2	3	0	0	12.3487810237594	3.04726156085276	0.000000107714274088672	294.021186423
'6140276'	3	3	0	0	2.64045169519579	9.3683473385397	0.0000000598378360003862	101.669717383
'6140276'	4	3	0	0	27.2985917821494	3.44594040409081	0.000000101281593758254	438.35237433
'6140278'	1	3	0	0.627633529900898	5.32173536268547	0	0.000000124596908680906	173.43460541
'6140278'	2	3	0	0.235221558920162	1.99445508961425	0	0.000000128614362637738	126.608286211
'6140278'	3	3	0	0.0566093478308017	0.47999342604555	0	0.0000000795322098922908	42.6004255972
'6140278'	4	3	0	0.56421372998441	4.78399578097204	0	0.000000121149892081676	187.972755084
'6140280'	1	3	0	18.2959547740572	123.684304561311	0	0.000000119034861967095	961.1106606
'6140280'	2	3	0	6.37376300707867	43.0879095788456	0	0.000000113516081418973	619.98048256
'6140280'	3	3	0	1.38160087365556	9.33989755371592	0	0.0000000623729015605209	218.433214093
'6140280'	4	3	0	14.2887279319714	96.5946516126643	0	0.00000010727252159257	954.44597351
'6140282'	1	3	0	2.09784401026726	14.1277081578331	0	0.000000110462381718291	448.27390745
'6140282'	2	3	0	0.818896324364951	5.51477050975633	0	0.0000000856872720222834	354.767605516
'6140282'	3	3	0	0.111314451246135	0.749635374786145	0	0.0000000289702500442661	127.997937694
'6140282'	4	3	0	1.25900510817227	8.47863647184257	0	0.0000000705603266994691	477.34123088
'6140284'	1	3	0	0.382210086838895	1.80216504218369	0	0.000000114304611373108	93.525316546
'6140284'	2	3	0	0.144714638832601	0.682346364322999	0	0.0000000892843155578639	66.151812962
'6140284'	3	3	0	0.0211475634502201	0.099713222899123	0	0.000000031268231885385	26.0164312734
'6140284'	4	3	0	0.221482964548	1.04431795467266	0	0.0000000739759826045722	96.073067198
'6140286'	1	3	0	0.314171440364057	1.92576182698424	0	0.000000123338528341696	116.036298066
'6140286'	2	3	0	0.10798315598924	0.66189924679593	0	0.0000000979917363474035	86.931424112
'6140286'	3	3	0	0.0162581623653851	0.0996568892495495	0	0.0000000360866597569957	32.8753704219
'6140286'	4	3	0	0.181638389897125	1.11338025230328	0	0.0000000817179340982854	122.027606959
'6140288'	1	3	0	0.414872902160358	14.9520373945957	0	0.000000141769260213787	410.968026765
'6140288'	2	3	0	0.174978609954236	6.3062366964567	0	0.00000014777718908835	329.811280496
'6140288'	3	3	0	0.0412103965805513	1.48522447997784	0	0.0000000987546372420459	103.221193517
'6140288'	4	3	0	0.376449182310542	13.5672448659044	0	0.000000141384765127907	443.350808748
'6140290'	1	3	0	0	0	0	0.000000153089815785229	22.3961111
'6140290'	2	3	0	0	0	0	0.000000159942333632115	26.5829858478
'6140290'	3	3	0	0	0	0	0.000000118550973148593	11.6245240383
'6140290'	4	3	0	0	0	0	0.000000154301256640144	28.9447280159
'6140292'	1	3	0	0.262576263462667	10.5236610616082	0	0.000000153233414065044	115.203669005
'6140292'	2	3	0	0.164886700007328	6.60841052886792	0	0.00000016000211458537	122.3433811472
'6140292'	3	3	0	0.0570211173805888	2.28532048091022	0	0.000000126953349660599	47.5595976364
'6140292'	4	3	0	0.270112250221769	10.8256920572567	0	0.00000015429907246706	138.111925982
'6140294'	1	3	0	3.81705313747235	3.30572828312058	0	0.000000149228887009786	80.104094005
'6140294'	2	3	0	2.07106410224275	1.79362847001204	0	0.000000154966232952042	76.4441999478
'6140294'	3	3	0	0.603850421895975	0.522959819172916	0	0.000000113666076656868	28.2289214077
'6140294'	4	3	0	3.5843152347183	3.10416748730974	0	0.000000149012336369111	89.29526669
'6140296'	1	3	0	1.58271610260869	30.3009495136848	1.75540049702322	0.00000012805978173867	640.06816511
'6140296'	2	3	0	0	10.3559136860898	1.81627249839646	0.000000129388069958245	471.74476217
'6140296'	3	3	0	0	2.44952372458716	3.35031774789176	0.0000000847765050828647	131.230254551
'6140296'	4	3	0	0.877970723794012	24.6494965341489	1.83755122763738	0.000000122845156080286	628.33847284
'6140298'	1	3	0	0.464311825364453	22.4401698565716	0	0.000000133703224420613	263.722040592
'6140298'	2	3	0	0.17545505073164	8.47973479092	0	0.000000135674578633994	176.070676001
'6140298'	3	3	0	0.045372235970702	2.19283814532287	0	0.0000000920658971368874	62.710485561
'6140298'	4	3	0	0.396412606729148	19.1586036430896	0	0.000000129455081225306	270.285732067
'6140300'	1	3	0	8.18574802885381	10.0877900215957	0	0.000000148626195489488	119.30248118
'6140300'	2	3	0	4.25720605758765	5.2464112791973	0	0.000000122905882281868	97.899594459
'6140300'	3	3	0	0.89171469580056	1.09891369473143	0	0.0000000531034047115431	43.746351648
'6140300'	4	3	0	5.13611552637741	6.3295443219482	0	0.000000104741361363728	124.269328884
'6140302'	1	3	0	2.79102325367289	22.2075041099457	0	0.000000146245959296041	185.822521385
'6140302'	2	3	0	1.23018517541287	9.78828904441782	0	0.000000120565320464355	128.692089874
'6140302'	3	3	0	0.236819787496559	1.88431837573824	0	0.0000000512216259935402	54.707215186
'6140302'	4	3	0	1.64325253146697	13.074967146021	0	0.000000102358935783063	187.328306654
'6140304'	1	3	0	13.9739219853533	11.9094577866582	0	0.000000146940165319628	88.747175783
'6140304'	2	3	0	8.23568765443996	7.01897252378663	0	0.000000152783709191715	78.351740378
'6140304'	3	3	0	3.33598242539687	2.84313465570471	0	0.000000132188495819046	34.6043168217
'6140304'	4	3	0	13.101556998372	11.1659733162937	0	0.000000147211869636377	95.811913902
'6140306'	1	3	0	0	6.38226238244841	0	0.000000153283345674536	85.643950675
'6140306'	2	3	0	0	3.1710314051798	0	0.000000160015208510356	73.2314408091
'6140306'	3	3	0	0	1.01520634531087	0	0.000000138522190502104	25.8797633897
'6140306'	4	3	0	0	6.10962377308248	0	0.000000155051744496097	97.10028594
'6140308'	1	3	0	1.70474211086468	31.4215070519545	0	0.000000151618308860949	497.29633206
'6140308'	2	3	0	0.721970895956364	13.3072406987266	0	0.000000140274169724985	305.313136165
'6140308'	3	3	0	0.132738810850547	2.44661843825239	0	0.0000000660733034758117	114.340771166
'6140308'	4	3	0	1.13552956737415	20.9298814655696	0	0.000000121011856020115	461.82836039
'6140310'	1	3	0	49.3560687452088	219.122049849873	0	0.000000135957909979156	783.97559628
'6140310'	2	3	0	18.3148451782633	81.3109009721702	0	0.000000114557633635857	453.2617132
'6140310'	3	3	0	2.90008947908773	12.8752870226025	0	0.0000000476054078630811	180.574952418
'6140310'	4	3	0	25.2505946406868	112.102973317249	0	0.0000000972140688443404	732.36550273
'6140312'	1	3	0	0.151375679392224	10.2674026427223	0.307055861836254	0.000000113096474384506	396.568041949
'6140312'	2	3	0	0	3.27505395540658	0.354597567942749	0.000000111203930624334	240.582560544
'6140312'	3	3	0	0	0.813991714717191	0.84296593792607	0.0000000822510544212803	74.713852559
'6140312'	4	3	0	0	7.39841985840298	0.373946974044716	0.000000104038511269482	368.893060899
'6140314'	1	3	0	0	6.72606180211779	0	0.000000120774665248729	107.904903612
'6140314'	2	3	0	0	2.09075326567148	0	0.000000120392704664632	64.4301806974
'6140314'	3	3	0	0	0.534932223890139	0	0.0000000936908366196879	20.6520050886
'6140314'	4	3	0	0	4.95701356462961	0	0.000000113359906245907	104.030950877
'6140316'	1	3	0	28.560860231408	81.0902992617947	0	0.0000000853209774687699	762.42145526
'6140316'	2	3	0	9.20003134782074	26.1208272161114	0	0.0000000708995546265848	416.66898141
'6140316'	3	3	0	3.02376529351069	8.58510670128693	0	0.0000000387086206889405	208.087007678
'6140316'	4	3	0	8.65276281424038	24.5670165526242	0	0.0000000494343828012905	713.66939194
'6140318'	1	3	0	0.749740592323863	75.4747022160995	0	0.000000138099869769251	975.4169885
'6140318'	2	3	0	0.326404839757221	32.858442420311	0	0.000000142995655813219	557.2884341784
'6140318'	3	3	0	0.0607561240730322	6.1161826076452	0	0.0000000669509614559503	223.37801658
'6140318'	4	3	0	0.559664124439851	56.3401309318332	0	0.000000123654553359541	957.16026463
'6140320'	1	3	0	0	13.2495661557302	0	0.000000151445396606823	84.360701921
'6140320'	2	3	0	0	5.37607884125682	0	0.000000154950793189933	50.1803562435
'6140320'	3	3	0	0	1.07288113109383	0	0.0000000774961243917368	18.3979198047
'6140320'	4	3	0	0	8.57955703497452	0	0.000000135485961197169	76.657802519
'6140322'	1	3	0	3.69536999817773	47.8236041434322	0	0.000000152011173175768	647.48372505
'6140322'	2	3	0	1.83202875646816	23.7091869204183	0	0.000000160653391310679	478.993217455
'6140322'	3	3	0	0.415891160345033	5.38225244811447	0	0.0000000869997127471541	160.195263278
'6140322'	4	3	0	2.96545994261164	38.3774784302386	0	0.000000147238224468791	621.53753091
'6140324'	1	3	0	0	1.23185237894923	0	0.000000109753399681055	59.2962495272
'6140324'	2	3	0	0	0.459202505526305	0	0.000000106114905950234	41.7018294259
'6140324'	3	3	0	0	0.114829255492961	0	0.0000000778418108790888	14.4527673359
'6140324'	4	3	0	0	0.878104650082358	0	0.0000000987605496077884	58.6406494283
'6140326'	1	3	0	0	0	0.000133178130920713	0.000000101599833994541	6.5256590499
'6140326'	2	3	0	0	0	0.000146827238786252	0.0000000967555588787367	4.9060852999
'6140326'	3	3	0	0	0	0.00015214362730659	0.0000000678164967878105	2.015881669
'6140326'	4	3	0	0	0	0.000143310458005529	0.0000000892909136187334	7.0927799172
'6140328'	1	3	0	0	0	0	0.000000118209150394982	93.48185641
'6140328'	2	3	0	0	0	0	0.000000116265288354314	61.1008231926
'6140328'	3	3	0	0	0	0	0.0000000900024901261794	20.0145371711
'6140328'	4	3	0	0	0	0	0.000000109297754875468	90.401216475
'6140330'	1	3	0	18.2809319771855	8.10119720231527	0	0.0000000867148672150916	390.330642
'6140330'	2	3	0	5.18360197121716	2.29711383630062	0	0.0000000725179367773603	197.941916904
'6140330'	3	3	0	1.01222296713814	0.44856672951674	0	0.0000000400472561635095	73.16539658
'6140330'	4	3	0	6.90137511409649	3.05834521102557	0	0.00000005056193824474	366.32488829
'6140332'	1	3	0	14.3390824764749	6.35015355969433	0	0.000000106894808268434	296.64973218
'6140332'	2	3	0	5.46047285325719	2.41820501302292	0	0.00000010416283837267	186.485894936
'6140332'	3	3	0	1.30090950133762	0.576116018180676	0	0.0000000716262139423056	66.136196586
'6140332'	4	3	0	10.0838385426187	4.46569181274503	0	0.0000000974477547306894	298.15208313
'6140336'	1	3	0	2.34282329411875	4.06327851408438	0	0.000000114963250069267	34.243352849
'6140336'	2	3	0	1.30653371972227	2.26598839291877	0	0.000000116243851022785	33.1513891076
'6140336'	3	3	0	0.435215239124308	0.754816095009763	0	0.0000000684886740065882	16.0145513605
'6140336'	4	3	0	2.31539359434922	4.01570577997573	0	0.00000010871459607912	39.8990461711
'6140338'	1	3	0	9.09796182621274	1.25966432540206	1.25892862372476	0.000000102799631815418	52.632356372
'6140338'	2	3	0	3.85269390864184	0.660754245605065	1.57999097265726	0.000000102592176314577	54.2279915091
'6140338'	3	3	0	0	0.186420262896198	4.03940338644868	0.0000000532991793088655	23.8694931644
'6140338'	4	3	0	8.23371131944554	1.2146906696661	1.7534082194028	0.0000000946091800708316	63.4638878774
'6140340'	1	3	0	0.324929954236589	12.1396510049277	0	0.000000128030205904245	151.017127004
'6140340'	2	3	0	0.122989192437355	4.5949776390685	0	0.000000124134510610593	123.563612203
'6140340'	3	3	0	0.0289623862816119	1.08205863198607	0	0.0000000739647061707005	42.5171766293
'6140340'	4	3	0	0.2583634220893	9.65267047848686	0	0.000000117908304683058	158.992210308
'6140342'	1	3	0	0	0	0.00572795001900096	0.000000107682312343459	2.3452417153
'6140342'	2	3	0	0	0	0.00713058775374318	0.000000108491346097483	2.4828041321
'6140342'	3	3	0	0	0	0.0171597276852375	0.0000000598239575901695	1.0447908166
'6140342'	4	3	0	0	0	0.00784110623632781	0.000000100784703893196	2.8581009578
'6140344'	1	3	0	0	0	0.00300035479208488	0.000000107624345121794	5.8249535534
'6140344'	2	3	0	0	0	0.00373506971345858	0.000000108462027806875	5.8430050411
'6140344'	3	3	0	0	0	0.00898842878750533	0.0000000598583790078694	2.2073213719
'6140344'	4	3	0	0	0	0.0041072462473575	0.000000100793233800781	6.9499072598
'6140346'	1	3	0	12.2600442763969	8.22808065987749	0	0.00000013094634757689	31.460724797
'6140346'	2	3	0	3.3544519309473	2.25127254315452	0	0.000000105204575715667	17.2194082061
'6140346'	3	3	0	0.434710411227203	0.291747097029272	0	0.0000000411999780977822	6.314581514
'6140346'	4	3	0	5.9968294166309	4.02465072984281	0	0.0000000889075015498657	29.4201197
'6140348'	1	3	0	0	0.232535282324557	0.136031717166277	0.000000110907905956735	77.137063403
'6140348'	2	3	0	0	0.099820408431751	0.161085108490227	0.000000112132059888007	65.0090985319
'6140348'	3	3	0	0	0.0229698563804417	0.286771895747428	0.000000063023843009846	23.1059782347
'6140348'	4	3	0	0	0.213926381753955	0.169352846215565	0.000000104294287120215	88.8564046366
'6140350'	1	3	0	11.0187361564598	3.04761875790211	0	0.000000127864334654896	33.004383256
'6140350'	2	3	0	4.274046657768	1.18213782253214	0	0.000000102352590097233	25.3769529488
'6140350'	3	3	0	0.690079596738787	0.190865766610339	0	0.0000000386345572284272	10.2542126701
'6140350'	4	3	0	6.44299604575006	1.78203700749824	0	0.0000000856814352579079	34.740981432
'6140352'	1	3	0	3.5835184059089	0	0	0.000000137351489697639	25.9428229969
'6140352'	2	3	0	0.962377514798154	0	0	0.000000111562065071145	13.3111992916
'6140352'	3	3	0	0.185173511170276	0	0	0.0000000451672791461511	6.1571053474
'6140352'	4	3	0	1.40861436808949	0	0	0.0000000940257770246577	23.1364423753
'6140356'	1	3	0	0.679269659022278	17.7632717998501	0	0.000000110112265670912	63.278024747
'6140356'	2	3	0	0.271728282786867	7.10584269207568	0	0.000000107811046122554	43.0886624495
'6140356'	3	3	0	0.0750882106853529	1.96359763400193	0	0.0000000715233039464683	18.4232837452
'6140356'	4	3	0	0.571198765938288	14.9371590452045	0	0.0000001011650666499	66.842530606
'6140358'	1	3	0	0	0	0	0.000000137954180417485	67.349278009
'6140358'	2	3	0	0	0	0	0.000000134963223346456	59.890118107
'6140358'	3	3	0	0	0	0	0.0000000822992355556174	26.4435999795
'6140358'	4	3	0	0	0	0	0.000000128686182504502	78.064803395
'6140360'	1	3	0	0	0	0	0.000000141826285963521	3.8036213731
'6140360'	2	3	0	0	0	0	0.000000139715579075905	4.2005982659
'6140360'	3	3	0	0	0	0	0.0000000889165861098909	2.2897840796
'6140360'	4	3	0	0	0	0	0.000000133514625248757	4.6573922069
'6140362'	1	3	0	12.332132742278	0	0	0.000000137567290597789	27.5570573898
'6140362'	2	3	0	4.84264476060385	0	0	0.000000111734343689191	17.2347240825
'6140362'	3	3	0	0.805439171621029	0	0	0.0000000442943012499965	7.3661648315
'6140362'	4	3	0	6.95266793454394	0	0	0.000000094135571626221	28.16332971
'6140364'	1	3	0	23.7854397287975	0.352676549472284	0	0.000000133111915494673	43.636823859
'6140364'	2	3	0	8.53047859347451	0.126484933194808	0	0.000000106958580158508	27.649809694
'6140364'	3	3	0	1.16139434152095	0.0172204740998328	0	0.0000000396511116299407	10.3180520953
'6140364'	4	3	0	13.0572163652728	0.193604745853277	0	0.000000089594435106319	44.1249582
'6140366'	1	3	0	39.2153241860872	0.827314982041143	0	0.000000117740029406939	234.8912672
'6140366'	2	3	0	14.179734248198	0.299145980001613	0	0.000000117101252394554	148.528790016
'6140366'	3	3	0	3.78593290440228	0.0798707923075145	0	0.0000000818586571913044	60.827375145
'6140366'	4	3	0	31.172616621913	0.657640177525824	0	0.000000110942231911313	239.873219068
'6140368'	1	3	0	5.71357851697095	47.8114449042098	0	0.0000000811177006004643	331.802862941
'6140368'	2	3	0	1.69740614330065	14.2039599273422	0	0.0000000664286844379841	172.635817761
'6140368'	3	3	0	0.326478378488366	2.73198363508271	0	0.0000000321935459441779	74.873469299
'6140368'	4	3	0	1.78286406117888	14.9190750731729	0	0.0000000457339538656736	306.58729941
'6140370'	1	3	0	0	0	0	0.000000133860072921521	32.0133339259
'6140370'	2	3	0	0	0	0	0.000000136258894547002	19.4341075733
'6140370'	3	3	0	0	0	0	0.00000010487982383381	6.9374909554
'6140370'	4	3	0	0	0	0	0.000000130088525446427	31.1965402097
'6140372'	1	3	0	46.1098933944092	33.7544905323319	0	0.0000000905230438558195	281.453604368
'6140372'	2	3	0	12.21840170326	8.94441288534568	0	0.0000000766367835790818	145.502953031
'6140372'	3	3	0	2.36571729900079	1.7318101667845	0	0.0000000425477560138531	58.5924696686
'6140372'	4	3	0	17.0185215011652	12.4583138365216	0	0.0000000536148211333118	270.323728402
'6140374'	1	3	0	0	0.832833196575081	0	0.000000152384279240211	16.7624369252
'6140374'	2	3	0	0	0.509301970352503	0	0.000000159644800671679	16.0716503833
'6140374'	3	3	0	0	0.225384204517935	0	0.000000144516491748269	7.3921270353
'6140374'	4	3	0	0	0.808397514741231	0	0.000000154315113951067	18.8646189263
'6140376'	1	3	0	0	0	0	0.00000014750342304487	33.946856215
'6140376'	2	3	0	0	0	0	0.000000154388415696667	20.0718660498
'6140376'	3	3	0	0	0	0	0.0000000876660821122627	7.0049185192
'6140376'	4	3	0	0	0	0	0.00000014960821449142	33.2989815
'6140380'	1	3	0	0.33643447067796	0	0	0.00000010162299843694	152.855143007
'6140380'	2	3	0	0.173007920359637	0	0	0.0000000979777200544935	123.004373728
'6140380'	3	3	0	0.05326913260389	0	0	0.0000000656390444316019	52.6425549
'6140380'	4	3	0	0.273542247259695	0	0	0.0000000912157509639334	165.227451378
'6140382'	1	3	0	0.842310793984498	0.496448798123566	0	0.000000106106655459102	150.574173037
'6140382'	2	3	0	0.28537363142623	0.168196106894365	0	0.0000000930691886726637	91.177542338
'6140382'	3	3	0	0.0555850759304623	0.03276123769401	0	0.0000000582441018045832	29.416590552
'6140382'	4	3	0	0.377160308034533	0.222294173322802	0	0.0000000666030927761147	143.006515507
'6140384'	1	3	0	42.2764705799874	2.08433819538124	0	0.000000109918189207715	133.631418089
'6140384'	2	3	0	18.6992345142503	0.9219201174264	0	0.000000107802585451828	74.789655015
'6140384'	3	3	0	5.36267565026993	0.264393633928515	0	0.0000000754697368752818	33.541107577
'6140384'	4	3	0	32.23315261608	1.58917691641175	0	0.000000101166509215058	138.65256525
'6140386'	1	3	0	14.4577236276056	35.184439019018	0	0.000000152366949180907	129.753150358
'6140386'	2	3	0	5.91174725301362	14.3868783268621	0	0.000000160906125836132	70.593678732
'6140386'	3	3	0	1.69951202143979	4.13594689049341	0	0.000000100046678095893	32.2338373991
'6140386'	4	3	0	9.97134114234497	24.2663404973803	0	0.000000156616900887755	122.74855728
'6140388'	1	3	0	0	0	0	0.000000151983017233775	4.3735545497
'6140388'	2	3	0	0	0	0	0.00000016032210375739	2.0972283955
'6140388'	3	3	0	0	0	0	0.000000100588497902902	0.7323946205
'6140388'	4	3	0	0	0	0	0.000000155950093924521	3.9687534991
'6140390'	1	3	0	8.9478194120525	2.45767038414966	0	0.000000153149037752147	10.1106399081
'6140390'	2	3	0	5.56710444099752	1.52909966997998	0	0.000000160153334985554	8.1317602812
'6140390'	3	3	0	2.80405504736006	0.770181284220636	0	0.00000015458465037339	4.3777301728
'6140390'	4	3	0	7.55272472023576	2.0744839618944	0	0.000000156577183793712	10.3994186189
'6140392'	1	3	0	17.7766788942939	18.2682694636114	0	0.000000152366941705839	51.302421924
'6140392'	2	3	0	5.64944096961653	5.80566879602044	0	0.000000160906124537156	25.2348090258
'6140392'	3	3	0	1.16624290447858	1.19849381126059	0	0.00000010309327797385	9.3053661975
'6140392'	4	3	0	11.8104370056977	12.1370390384826	0	0.000000156616904789914	46.774325393
'6140394'	1	3	0	11.1845802743175	2.36405493105731	0	0.000000131842348418487	6.4720906228
'6140394'	2	3	0	4.50953313872681	0.953168003869395	0	0.000000133912048994005	3.9611354223
'6140394'	3	3	0	1.5399758775615	0.325500597951038	0	0.000000110940109523089	1.7400903783
'6140394'	4	3	0	7.67297689807718	1.62181668216344	0	0.000000128323908061059	6.0134750368
'6140396'	1	3	0	0	0	0	0.000000132134041647919	0.5203166587
'6140396'	2	3	0	0	0	0	0.000000134265871586698	0.3309365916
'6140396'	3	3	0	0	0	0	0.00000011141414922657	0.144475224
'6140396'	4	3	0	0	0	0	0.000000128689769289755	0.4581688085
'6140398'	1	3	0	20.7011196792946	10.4208062371071	0	0.000000133310814339589	49.053252555
'6140398'	2	3	0	8.93062985552614	4.49561978999997	0	0.000000135672506415993	32.2914666939
'6140398'	3	3	0	3.14285188188076	1.58209077585223	0	0.000000113521162936688	13.9898401238
'6140398'	4	3	0	15.6762089349673	7.89129952305919	0	0.000000130184161749776	47.000767414
'6140402'	1	3	0	0	0	0	0.000000136474936071397	1.228882246
'6140402'	2	3	0	0	0	0	0.000000139392630706773	0.8464166738
'6140402'	3	3	0	0	0	0	0.000000118692666945909	0.3948712949
'6140402'	4	3	0	0	0	0	0.000000134090785132257	1.2379047677
'6140404'	1	3	0	120.242591700632	30.30764066068	0	0.000000153155940394185	88.786370182
'6140404'	2	3	0	57.5572001043775	14.5075294329079	0	0.000000160159879031292	59.248051003
'6140404'	3	3	0	31.5984140914871	7.96451046347443	0	0.00000015460022952235	33.542454222
'6140404'	4	3	0	85.0738067271593	21.4432035058557	0	0.000000156585501926773	84.642890429
'6140406'	1	3	0	0	0.0000000929771569098559	0	0.000000127923219070657	2.7110693671
'6140406'	2	3	0	0	0.0000000331685039350276	0	0.000000129009985187961	1.7944575363
'6140406'	3	3	0	0	0.00000000881866652864709	0	0.000000103433876500973	0.599965257
'6140406'	4	3	0	0	0.0000000667771905709042	0	0.000000123011737563199	2.5611278584
'6140408'	1	3	0	59.946323110701	2.15437372725927	0	0.000000126057080241846	12.6532859272
'6140408'	2	3	0	18.7246238812046	0.67293264456196	0	0.000000126691031158879	7.5655614246
'6140408'	3	3	0	4.9685044579968	0.178560000251003	0	0.0000000998660045623171	2.5386121298
'6140408'	4	3	0	42.9759359813373	1.54448550934133	0	0.000000120505244487138	11.9896119559
'6140410'	1	3	0	0	0	0	0.000000123195881583763	0.9474645839
'6140410'	2	3	0	0	0	0	0.000000122914379854792	0.5701256939
'6140410'	3	3	0	0	0	0	0.0000000946951674732139	0.1820347784
'6140410'	4	3	0	0	0	0	0.000000116387403334855	0.9340978665
'6140414'	1	3	0	0	0	0	0.000000106602486617551	4.0364787743
'6140414'	2	3	0	0	0	0	0.000000093104906725847	2.6504960268
'6140414'	3	3	0	0	0	0	0.0000000422493392418781	0.7589701684
'6140414'	4	3	0	0	0	0	0.0000000686091147474002	3.6746829883
'6140416'	1	3	0	0	0	0.0000727617998692908	0.00000010381793389676	26.4091140831
'6140416'	2	3	0	0	0	0.0000878917021826371	0.0000000895972069121575	16.36115106
'6140416'	3	3	0	0	0	0.000141113592351463	0.0000000370823990581657	4.2161890777
'6140416'	4	3	0	0	0	0.0000886615355359976	0.0000000653812152250804	23.7166144799
'6140418'	1	3	0	17.1009076622383	0.567836230895288	0	0.000000121922044573859	23.4014390374
'6140418'	2	3	0	5.44594787458349	0.180832887715673	0	0.000000121332682150642	14.2606262063
'6140418'	3	3	0	1.32719427742704	0.0440695319264182	0	0.0000000916344644742787	4.5862688355
'6140418'	4	3	0	12.4081748231793	0.412013874483546	0	0.000000114649448108835	22.579452139
'6140420'	1	3	0	0	0	0	0.000000119186373977637	4.2037149114
'6140420'	2	3	0	0	0	0	0.0000001180911605681	2.7693143869
'6140420'	3	3	0	0	0	0	0.0000000870768728691835	0.9130910176
'6140420'	4	3	0	0	0	0	0.000000111220246444738	3.9858967253
'6140422'	1	3	0	28.6107922437636	0	0	0.00000011776418721472	3.252954697
'6140422'	2	3	0	10.5949036474181	0	0	0.000000116234932620643	2.2767022967
'6140422'	3	3	0	2.43923044785711	0	0	0.0000000833209175932347	0.7258278813
'6140422'	4	3	0	20.0852092034105	0	0	0.000000109158794669609	3.1066859551
'6140426'	1	3	0	34.2889021239913	16.8581975971973	0	0.000000143374836910476	423.77554219
'6140426'	2	3	0	16.5384722053308	8.13116825288303	0	0.000000147562384007417	254.61759292
'6140426'	3	3	0	6.14805955406299	3.02270403472209	0	0.000000130346605827747	108.860058211
'6140426'	4	3	0	27.861454762035	13.6981320669339	0	0.000000142697346463136	408.38826757
'6140428'	1	3	0	0.352029235697602	2.21586700366098	0.0507846032415841	0.0000000964079399835532	183.989136661
'6140428'	2	3	0	0.0679990612513999	0.827686428194108	0.0824628333326544	0.0000000893352918475107	135.3091548952
'6140428'	3	3	0	0	0.124014168207796	0.596015957261297	0.0000000380304810321942	35.0842319016
'6140428'	4	3	0	0.17473768165157	1.51584016615765	0.100821002840178	0.0000000795549328345911	178.117093992
'6140430'	1	3	0	85.4766275469623	0	0	0.00000015354945224507	1.7037150771
'6140430'	2	3	0	37.0866741960352	0	0	0.000000160079857573641	1.1086272195
'6140430'	3	3	0	18.334910814706	0	0	0.000000154528768432274	0.5425446986
'6140430'	4	3	0	67.8945177110494	0	0	0.000000156280231267345	1.6838273872
'6140432'	1	3	0	182.723291105527	0.578618428915919	0	0.000000153707617739276	5.7057529359
'6140432'	2	3	0	85.0277321732652	0.26925200669915	0	0.000000160274231881119	3.9390235265
'6140432'	3	3	0	41.675320150449	0.131970632302964	0	0.000000154871438794853	1.9104740517
'6140432'	4	3	0	143.810077462887	0.455394386721864	0	0.000000156490468942974	5.6128113682
'6140434'	1	3	0	0	3.36828510299784	0.468663912165583	0.000000109718696729676	223.513002361
'6140434'	2	3	0	0	1.38057159202859	0.577262135365484	0.000000105951051228405	175.995262751
'6140434'	3	3	0	0	0.308458554262648	1.7223978907393	0.0000000624776175589613	52.1282872825
'6140434'	4	3	0	0	2.44115870274274	0.620123528069675	0.0000000976299012252641	217.651447466
'6140436'	1	3	0	0	0	0.0108445383922157	0.000000107394063175501	50.473328816
'6140436'	2	3	0	0	0	0.0114840423671756	0.0000000989984403328563	35.7811241954
'6140436'	3	3	0	0	0	0.0197916162793973	0.0000000489213507052668	12.4979331241
'6140436'	4	3	0	0	0	0.0121272205175957	0.0000000921600679495563	52.459431314
'6140438'	1	3	0	0.421432591048806	6.25240491782491	0.0280267919167203	0.0000000781189597794552	76.730813928
'6140438'	2	3	0	0.139325008242779	2.39028439235461	0.0325025944628972	0.000000072465092423016	62.1344250593
'6140438'	3	3	0	0	0.425444488356861	0.0650891725649261	0.0000000294177057178247	18.5187481847
'6140438'	4	3	0	0.275613488023191	4.3215577679726	0.0350453246005851	0.0000000654029056628671	72.391387001
'6140442'	1	3	0	0	0	0	0.0000000893692488182789	27.720720447
'6140442'	2	3	0	0	0	0	0.0000000810962225171391	24.814329017
'6140442'	3	3	0	0	0	0	0.0000000312634251874367	6.8963400782
'6140442'	4	3	0	0	0	0	0.0000000727181964429308	29.0424072858
'6140444'	1	3	0	12.6107124694247	10.5200219565505	0	0.0000000750427623943542	238.439755101
'6140444'	2	3	0	4.54288970620949	3.78973825391659	0	0.0000000738119738474445	145.285209116
'6140444'	3	3	0	1.02373485751863	0.85401306268074	0	0.0000000430655082010071	54.970253089
'6140444'	4	3	0	8.86126176935155	7.39218094132783	0	0.0000000648598398456159	236.597234617
'6140448'	1	3	0	12.4826372429134	30.7973210942518	0	0.00000011840217230257	259.11716188
'6140448'	2	3	0	4.9474255045689	12.2063510207611	0	0.000000116712198311241	164.642540234
'6140448'	3	3	0	0.678327577129423	1.67357841084628	0	0.0000000412351846159683	55.318412734
'6140448'	4	3	0	8.54107071997755	21.0726381242218	0	0.0000000983244573641061	255.47741578
'6140450'	1	3	0	0	0	0.00304933642952074	0.000000110550446143187	20.1093652014
'6140450'	2	3	0	0	0	0.00320502014821367	0.000000102124129715061	12.5871216034
'6140450'	3	3	0	0	0	0.0057051143753799	0.0000000456051143257884	3.2089391215
'6140450'	4	3	0	0	0	0.00324181216248077	0.000000093098004402183	18.3183093942
'6140452'	1	3	0	1.50717722946491	7.20348884859992	0.0869895511598275	0.0000000986804325790278	97.017855095
'6140452'	2	3	0	0.405896496749473	2.34251977720849	0.112514413628945	0.0000000925126361831312	64.0679076269
'6140452'	3	3	0	0	0.412401051210165	0.388583331530634	0.0000000502431544103602	16.5402560947
'6140452'	4	3	0	0.967321235711731	4.92257056202019	0.122067341213265	0.0000000839102391907713	92.445801827
'6140454'	1	3	0	2.04655887347573	1.8830274932591	0.00728976521436267	0.0000000815716779864477	140.527875031
'6140454'	2	3	0	0.619474375710334	0.584335297826814	0.0178696143669263	0.0000000732929966263602	93.7580969124
'6140454'	3	3	0	0	0.0706222326971056	0.337014416282763	0.0000000273880857361293	28.398759301
'6140454'	4	3	0	1.26430567591067	1.18257883436604	0.0255522458688514	0.000000063702119503507	137.249193504
'6140456'	1	3	0	395.79038757788	0.600062864286628	0	0.00000014433436073805	150.175014886
'6140456'	2	3	0	220.780264917841	0.334727780856993	0	0.00000014690927982442	128.902131323
'6140456'	3	3	0	91.8713647017081	0.139287350000931	0	0.000000121916357250446	55.20284722
'6140456'	4	3	0	317.376162255996	0.481178055163533	0	0.000000141556325722287	149.280223691
'6140458'	1	3	0	4.26040685349348	0.803533848090454	0	0.000000125165199229404	67.203882016
'6140458'	2	3	0	1.58176461161163	0.298328645339714	0	0.000000124947244040927	46.2667762964
'6140458'	3	3	0	0.417088533663799	0.0786649646530979	0	0.0000000933835533053197	15.1934288536
'6140458'	4	3	0	3.22512768203793	0.608275065299701	0	0.000000118454416086554	66.132961485
'6140460'	1	3	0	0	0	0.0210478823807037	0.000000098876911239176	63.579917198
'6140460'	2	3	0	0	0	0.023278198175392	0.0000000929647581889788	38.7427448523
'6140460'	3	3	0	0	0	0.0240058347072988	0.0000000597605266951949	12.3940542718
'6140460'	4	3	0	0	0	0.0226969198000743	0.0000000850003445135396	62.414154871
'6140462'	1	3	0	14.3185897019783	3029.84940062907	1.08118835568398	0.0000000922867209498036	2281.86269326
'6140462'	2	3	0	16.2850944739323	3471.61114525642	1.36002053615089	0.0000000911406666833538	5615.16539921
'6140462'	3	3	0	6.69307160117244	1961.39223614285	3.27607244713993	0.0000000459012765457835	5478.957662406
'6140462'	4	3	0	15.5472817374869	3354.9154961174	1.50470574065198	0.0000000834492282287128	3258.05675159
'6140464'	1	3	0	0	3.6251247994598	0	0.000000153696464430894	8.0497227179
'6140464'	2	3	0	0	1.84579327162407	0	0.000000160264465587386	6.1152957143
'6140464'	3	3	0	0	0.931716983916427	0	0.000000154850311415838	3.0153702517
'6140464'	4	3	0	0	2.83118066603165	0	0.000000156477835215827	7.8796957485
'6140466'	1	3	0	0	0	0	0.000000127824978690148	0.0661807807
'6140466'	2	3	0	0	0	0	0.000000129066555380344	0.0438223637
'6140466'	3	3	0	0	0	0	0.000000103586980048045	0.0153819002
'6140466'	4	3	0	0	0	0	0.000000123143952781798	0.0629895112
'6140468'	1	3	0	14.9284948470506	0.325877810466295	0	0.000000128429054935747	13.5882550182
'6140468'	2	3	0	6.9381830653535	0.15145531608698	0	0.000000129742615648295	10.8626093612
'6140468'	3	3	0	2.25310209924368	0.0491835236456754	0	0.000000104416364315451	4.2562238525
'6140468'	4	3	0	12.1256639256794	0.264694120249757	0	0.000000123828674655259	13.9672119702
'6140470'	1	3	0	0	0	0	0.000000140314346959447	2.6494422733
'6140470'	2	3	0	0	0	0	0.000000137845299552993	2.8048176929
'6140470'	3	3	0	0	0	0	0.0000000864285045007015	1.5483451101
'6140470'	4	3	0	0	0	0	0.000000131599009860135	3.1631882157
'6140752'	1	3	0	6.86473201736604	0.0000000878617093103385	0	0.000000108257462535393	43.87277842
'6140752'	2	3	0	2.95100037464046	0.0000000377698546378925	0	0.000000103641978043851	33.153483735
'6140752'	3	3	0	0.830003526670122	0.0000000106232153301819	0	0.0000000735898029003752	12.9125969607
'6140752'	4	3	0	4.58910007707674	0.0000000587358938902963	0	0.0000000967336550217013	41.809175998
'6140754'	1	3	0	17.6772129658379	11.7352173653731	0	0.000000108311422909148	216.54572479
'6140754'	2	3	0	6.7698587553485	4.49424715177741	0	0.000000103660563937256	133.628720223
'6140754'	3	3	0	1.68300025613717	1.11727871750558	0	0.0000000737103867449922	53.960326981
'6140754'	4	3	0	11.8101131671636	7.84027693704963	0	0.0000000967344222183928	206.029089168
'6140758'	1	3	0	0	30.021068430848	0	0.000000112787581659702	101.542248628
'6140758'	2	3	0	0	10.8397478395251	0	0.0000000993179036080416	57.025441378
'6140758'	3	3	0	0	2.22597286424388	0	0.0000000642057980320154	26.1883345311
'6140758'	4	3	0	0	11.235513858609	0	0.0000000725467807193511	99.898504005
'6140760'	1	3	0	30.3251104921871	0.186180424233175	0	0.0000000951174003137583	138.038367974
'6140760'	2	3	0	8.49840685684658	0.0521758030701431	0	0.0000000811479899524353	75.385719666
'6140760'	3	3	0	1.42249265963554	0.00873336591552001	0	0.0000000476581009893587	24.603438797
'6140760'	4	3	0	12.6372306447522	0.0775860309778466	0	0.0000000574445202679654	128.414981726
'6140762'	1	3	0	25.1646230995395	66.4381956770734	0	0.000000116549456686859	447.763205626
'6140762'	2	3	0	9.77070697057815	25.7960605662112	0	0.000000115436358062214	238.241221709
'6140762'	3	3	0	2.47606972968636	6.53717739224933	0	0.0000000842581299148876	106.607863882
'6140762'	4	3	0	14.8020950023444	39.0796428908729	0	0.000000109936173794902	438.97666151
'6140764'	1	3	0	0	13.432847109022	0	0.000000121398404620721	35.3926372692
'6140764'	2	3	0	0	5.20832610406352	0	0.000000121447701028851	20.3518534282
'6140764'	3	3	0	0	1.62169441942427	0	0.0000000918984746403532	9.7613561
'6140764'	4	3	0	0	7.5141976386027	0	0.000000116453960994406	35.1166506088
'6140766'	1	3	0	157.004511655097	2.49486627170405	0	0.000000121959732294042	67.375058316
'6140766'	2	3	0	58.9120017160891	0.93613593984821	0	0.000000122051302926052	37.1045776161
'6140766'	3	3	0	17.5522048389538	0.278911754735338	0	0.0000000920051693575169	17.9492549437
'6140766'	4	3	0	89.4905351157112	1.42204141359409	0	0.000000117006741837822	67.2150068565
'6140768'	1	3	0	0	248.842946681517	0.995972949264537	0.000000104123121711811	499.79783601
'6140768'	2	3	0	0	62.7948882290995	1.06537513433177	0.0000000968270741747792	235.809366968
'6140768'	3	3	0	0	9.76334330476677	1.20119946476793	0.0000000525503583073162	85.099484716
'6140768'	4	3	0	0	110.833021721571	1.02389810858328	0.0000000728289519883511	420.5167441
'6140770'	1	3	0	0.0627868359443092	12.4318551904066	0.458127308096622	0.000000103091282687854	395.32948604
'6140770'	2	3	0	0	3.08465688574512	0.490050900593967	0.0000000956521457392738	197.36734008
'6140770'	3	3	0	0	0.475868242408568	0.552527323974375	0.0000000514553106038521	65.431252333
'6140770'	4	3	0	0	5.93644065367153	0.47097233124729	0.0000000718762808817256	347.424072983
'6140772'	1	3	0	5.09431918141949	5.58218791395036	0	0.000000147210628501338	148.373873852
'6140772'	2	3	0	2.68661439663678	2.94390396050161	0	0.00000015186713493682	110.316415058
'6140772'	3	3	0	1.04219922224005	1.14200773360633	0	0.000000142334482014864	48.519413093
'6140772'	4	3	0	4.30357654587191	4.71571806270219	0	0.000000148232571337972	150.154565364
'6140778'	1	3	0	50.2164622131905	0	0	0.000000151783504968678	8.2416185648
'6140778'	2	3	0	31.0223501619497	0	0	0.000000157739273027123	6.0363678913
'6140778'	3	3	0	13.0528215247196	0	0	0.000000151776006756428	2.8671986758
'6140778'	4	3	0	44.5876568348259	0	0	0.000000154836963558779	8.2882739008
'6140780'	1	3	0	1.75492726617069	449.110868579865	0.529291498365986	0.000000114378908805849	101.435184038
'6140780'	2	3	0	0	108.289118523516	0.564451325044323	0.000000102309856219046	52.4536668384
'6140780'	3	3	0	0	18.5303904162331	0.649238002062011	0.0000000541496626702213	19.0840758537
'6140780'	4	3	0	0.270808945153019	159.150958385772	0.538647318269083	0.0000000767630989219398	78.732540422
'6140782'	1	3	0	14.903347779801	0.172233270696553	0	0.0000000987911015059482	243.576573677
'6140782'	2	3	0	4.20262452669617	0.048568400754524	0	0.0000000914028051458133	135.664604188
'6140782'	3	3	0	0.710304987311117	0.00820876979532871	0	0.0000000567550287333554	40.35195461
'6140782'	4	3	0	8.50111702562202	0.0982447173189777	0	0.0000000826569275099164	216.328475899
'6140784'	1	3	0	48.1421126555972	84.3505519399239	0	0.000000142317870896192	739.9003246
'6140784'	2	3	0	18.0388747422914	31.6061958414207	0	0.000000145810204183406	404.42410072
'6140784'	3	3	0	5.45690238223897	9.5611243966629	0	0.000000131711150131526	152.814023281
'6140784'	4	3	0	34.809489049015	60.9902526510873	0	0.000000141627599759981	684.81166922
'6140786'	1	3	0	0.500758271045689	220.851423284075	0.829559235768542	0.000000105064069640396	549.27783434
'6140786'	2	3	0	0	47.7794579220062	0.879327145076351	0.0000000827301575293975	280.3563279932
'6140786'	3	3	0	0	8.01043689308021	0.767178849901635	0.0000000494747045888181	87.63995332
'6140786'	4	3	0	0	101.881006224785	0.838417502376331	0.0000000735802547153596	459.87326088
'6140788'	1	3	0	7.82917703490099	268.678657395384	0.654131593162109	0.000000108847734803746	546.29836103
'6140788'	2	3	0	1.0187567942396	54.2256922248628	0.693375040772956	0.0000000862245340902678	263.123752815
'6140788'	3	3	0	0	9.33034176131283	0.604942861743515	0.0000000529181892252428	86.237295552
'6140788'	4	3	0	3.19094738581488	122.000440205637	0.661116626372844	0.0000000770782610201619	452.76169116
'6140794'	1	3	0	4.65995740557538	0.244136123586283	0	0.000000147066490492383	118.660425072
'6140794'	2	3	0	1.70488494192457	0.0893192715760845	0	0.000000153371847447441	70.066433521
'6140794'	3	3	0	0.447672647589099	0.0234536618066913	0	0.000000132481779922313	22.5334569455
'6140794'	4	3	0	3.46202357743166	0.181376124789106	0	0.000000150208827572875	115.47572982
'6140796'	1	3	0	0	629.27035145	2.7518598	0.00000014125728	839.63268798
'6140796'	2	3	0	0	175.715703136151	2.55515071104241	0.000000129745927629926	419.45155704
'6140796'	3	3	0	0	31.2297593069558	2.41039043397945	0.0000000775690971487742	147.851620836
'6140796'	4	3	0	0	294.103279284291	2.43656278990087	0.000000100052548030737	725.82495447
'6140798'	1	3	0	15.0452525085264	59.5090249478327	0	0.000000140145983617577	648.14876217
'6140798'	2	3	0	8.34973153103008	33.0259915347343	0	0.000000144038801004633	398.47801036
'6140798'	3	3	0	3.1526842345683	12.4699246263732	0	0.00000013280384963543	171.287614412
'6140798'	4	3	0	12.4575960614281	49.2739749205063	0	0.000000140411833320447	627.41100439
'6140800'	1	3	0	52.8764957351381	0.161058637380121	0	0.000000150681779676963	31.6803966082
'6140800'	2	3	0	33.2352669719802	0.101232631562948	0	0.000000157572703843095	16.083452153
'6140800'	3	3	0	13.9119855276577	0.0423750742884103	0	0.000000151067866865334	7.8063686497
'6140800'	4	3	0	45.2428271594043	0.137806940393132	0	0.000000155107111810191	30.5300919232
'6140804'	1	3	0	6.45330566211856	41.2383462060805	1.66451548337804	0.000000135671601621796	304.740038798
'6140804'	2	3	0	0.812039395758097	12.6835508211476	1.68473379049379	0.000000136158583398157	167.777569785
'6140804'	3	3	0	0	2.10576389843487	1.52810837555621	0.000000085173474055286	50.221554575
'6140804'	4	3	0	2.82444563827783	22.2045197547778	1.54654244854536	0.000000105684860251921	274.44420645
'6140806'	1	3	0	4.19517407339842	24.4248436302493	0.995772940929854	0.000000136859986854088	149.297869163
'6140806'	2	3	0	0.604238632061638	7.58540935801309	1.00786823156405	0.000000137559034506083	80.507087315
'6140806'	3	3	0	0	1.38846620386528	0.914169303262833	0.0000000874146155347198	28.212027431
'6140806'	4	3	0	1.74362833211148	12.557563445944	0.92519720720999	0.00000010701285214459	133.04887172
'6140808'	1	3	0	60.1993261588632	4.10291175847561	0	0.000000153552140874238	106.029179388
'6140808'	2	3	0	34.5534906645043	2.35500847256394	0	0.000000160776076633881	55.023860193
'6140808'	3	3	0	11.9038034688076	0.81130900191705	0	0.000000154823468671339	25.0001842951
'6140808'	4	3	0	50.0058393143619	3.40817014423902	0	0.000000159017737908283	102.669078983
'6140810'	1	3	0	42.526653935	221.76300382	0.31408564	0.00000015582371	43.151471651
'6140810'	2	3	0	15.3640776896183	81.0525052049205	0.29385085364298	0.000000146810376472752	22.1389188792
'6140810'	3	3	0	2.6706357522654	15.2638307141394	0.278069781317608	0.0000000957164818644025	9.9959821832
'6140810'	4	3	0	18.7305644433522	98.4095401988348	0.280440145921363	0.000000115383518798928	38.1774548854
'6140814'	1	3	0	3.4748821948	40.320250997	0.19370633	0.00000015230512	84.332790721
'6140814'	2	3	0	0.881157396796729	11.6612909723398	0.179859764220219	0.000000141866452784856	42.041573523
'6140814'	3	3	0	0.0379824383318388	2.28223908010353	0.16966994211354	0.0000000905734073513604	17.2937376132
'6140814'	4	3	0	1.51767108461177	18.5652588594159	0.1715122395864	0.000000111008776024047	73.433271009
'6140816'	1	3	0	1.57615988842463	55.5427688695778	0	0.000000143218868365992	512.95213887
'6140816'	2	3	0	0.73652878887587	25.9547578818211	0	0.000000147713480885276	309.92672
'6140816'	3	3	0	0.235192870482644	8.28803177957531	0	0.000000135214606612993	116.573624957
'6140816'	4	3	0	1.23024009255607	43.3527979082976	0	0.000000144198583434582	499.50444791
'6140818'	1	3	0	2.91728336332138	116.267771508962	0.272586189431402	0.000000125949367592972	271.727947892
'6140818'	2	3	0	0.506731295991517	28.9173697450758	0.286632471957191	0.000000114853251432393	144.605790274
'6140818'	3	3	0	0	4.89680247701468	0.339669138439279	0.0000000651109199442942	47.676831599
'6140818'	4	3	0	1.05207088919902	48.4147030762385	0.276212823895244	0.0000000876063836240131	221.225338757
'6140820'	1	3	0	0.1027537022	952.51568246	1.0740965	0.00000013528248	563.8532046
'6140820'	2	3	0	0	296.447280272393	1.01474749410375	0.000000127730010414743	291.20126091
'6140820'	3	3	0	0	50.1175561528605	0.964069570364317	0.000000076393236519807	97.54948811
'6140820'	4	3	0	0	476.214298932874	0.969443956446019	0.0000000982494192375774	492.38141119
'6140822'	1	3	0	7.3032564492	94.152900897	0.10081301	0.00000015590146	58.227409913
'6140822'	2	3	0	2.30866841818054	30.569026729663	0.0952426143152793	0.000000150072262623142	28.977453704
'6140822'	3	3	0	0.442568604249583	6.77852129148471	0.0904860546563054	0.0000000993363415150194	14.0069495428
'6140822'	4	3	0	3.29932550742096	43.1125190581399	0.0909904852429575	0.00000011833271168734	51.525252749
'6140826'	1	3	0	0.361224921961398	477.525364801426	2.01347683041943	0.000000120243106672266	413.83890742
'6140826'	2	3	0	0	129.446460369239	2.09435628460978	0.000000111874986623859	211.635989842
'6140826'	3	3	0	0	22.8638103828133	2.34366323518634	0.0000000646645870267345	77.777584619
'6140826'	4	3	0	0	213.005118337239	2.01428614498615	0.0000000854388541098639	355.72321432
'6140830'	1	3	0	0	0	0	0.000000152948614812909	63.7977422349
'6140830'	2	3	0	0	0	0	0.000000160716985527504	38.613770593
'6140830'	3	3	0	0	0	0	0.00000014848164297045	9.7233590397
'6140830'	4	3	0	0	0	0	0.000000158669699880526	65.8781663376
'6140832'	1	3	0	5.63877027628811	597.481912520176	1.33488667219287	0.000000125343155392183	270.31242919
'6140832'	2	3	0	0.202818314116069	130.405692961447	1.31924377311307	0.000000101172989437686	126.716206394
'6140832'	3	3	0	0	28.2563304565621	1.18976798427035	0.0000000689467798966682	51.777327975
'6140832'	4	3	0	1.61186531703891	247.172224590326	1.27306603461711	0.0000000925827456572683	222.426683133
'6140834'	1	3	0	13.3841104108969	1365.70803170944	1.96290509467939	0.000000127887893214071	725.2451904
'6140834'	2	3	0	1.61776260820447	316.591331899681	1.9399026954747	0.00000010419774503944	340.77888308
'6140834'	3	3	0	0	70.670184362925	1.74951304446945	0.000000072180095645705	148.179762916
'6140834'	4	3	0	4.68319127055461	583.336695871115	1.87199996221152	0.0000000958959350002089	606.32265147
'6140836'	1	3	0	117.97776061	51.396118006	0.44927943	0.00000015089058	198.658926912
'6140836'	2	3	0	36.346865404	15.969750394	0.45066606	0.00000015504814	102.677730257
'6140836'	3	3	0	7.46528537577879	3.42097969470142	0.417343021766944	0.000000105054340764585	44.303934642
'6140836'	4	3	0	57.3951817770998	25.0896823930237	0.416515619318649	0.000000122747592306488	174.628207768
'6140838'	1	3	0	3.094959057	1102.1036141	0.43148342	0.00000015567511	448.91925443
'6140838'	2	3	0	0.7120901301	357.81222073	0.43281512	0.00000015633499	218.087447151
'6140838'	3	3	0	0	76.9496355003524	0.400812010767451	0.00000010651140005557	100.363187872
'6140838'	4	3	0	1.22451970727404	507.70945749882	0.40001738153303	0.000000123744824147762	388.10857076
'6140842'	1	3	0	11.3906463594038	327.114279576882	0	0.000000131082962706998	1842.13068356
'6140842'	2	3	0	4.73202227339686	135.893259097138	0	0.000000138576395820011	972.76663923
'6140842'	3	3	0	1.45227868764367	41.7062457799426	0	0.000000125135150233688	379.45936693
'6140842'	4	3	0	7.69956248270195	221.114478950486	0	0.000000132763149166103	1736.98104533
'6140846'	1	3	0	0	383.778078395952	0.0835482106883527	0.000000117081760629521	174.640352568
'6140846'	2	3	0	0	77.0773534140944	0.0811652083177428	0.0000000926164439523269	82.432127272
'6140846'	3	3	0	0	13.8971981315712	0.0689883017960613	0.0000000595740052416673	30.996270601
'6140846'	4	3	0	0	158.970568080674	0.076729123612838	0.0000000834849958722725	141.938097774
'6140848'	1	3	0	223.071757548439	143.541760037786	2.32947793598813	0.000000140150820075477	130.359887574
'6140848'	2	3	0	57.8198635797552	38.2474659745395	2.23949533192368	0.000000115888285531114	68.724389433
'6140848'	3	3	0	13.9321654801377	10.1795378406179	2.05259327834834	0.0000000857544381243469	33.559167193
'6140848'	4	3	0	102.486726105652	66.6503794815997	2.17325491353138	0.000000108294464045486	112.625556148
'6140852'	1	3	0	55.0275008738471	76.6003542036652	0	0.000000153443537391696	608.89184741
'6140852'	2	3	0	24.5811078143433	34.2178280934311	0	0.000000160716675881334	355.59334881
'6140852'	3	3	0	7.75269092115459	10.7920378198805	0	0.000000154632828908416	136.265402651
'6140852'	4	3	0	39.8606001368283	55.4874570126654	0	0.000000159068206129397	588.66988605
'6140854'	1	3	0	8.7896582749	128.43136846	0.30579326	0.00000014831918	115.023749637
'6140854'	2	3	0	2.09872299910013	33.6745397925219	0.286092706787629	0.000000138956047139766	54.956734111
'6140854'	3	3	0	0.224088431488779	6.98700735023859	0.270728274808566	0.0000000883488565274859	23.669838494
'6140854'	4	3	0	3.78615502017277	57.3173815225252	0.273036063679049	0.000000108515985071213	97.393711813
'6140856'	1	3	0	347.798827777612	7.00296995605552	0	0.0000001534236778335	29.603611858
'6140856'	2	3	0	134.137874623916	2.70088174817281	0	0.000000160704552166269	16.7182219971
'6140856'	3	3	0	42.9821244491804	0.865450088149045	0	0.000000154595307723495	6.4741670232
'6140856'	4	3	0	231.020573677946	4.65162619156363	0	0.00000015906143209401	27.666962886
'6140858'	1	3	0	0.0960265646573562	1333.28008964418	1.21411275660855	0.000000142528226239853	287.82768929
'6140858'	2	3	0	0	292.80672975624	1.14146850551222	0.000000117883724406132	139.036045775
'6140858'	3	3	0	0	70.6907316807978	1.06334021616553	0.0000000894625605071412	54.915355498
'6140858'	4	3	0	0	544.563338282235	1.11386790027793	0.000000110252321227536	224.67519509
'6140860'	1	3	0	72.8859698447063	50.8789410976071	1.42622332732434	0.000000147027866065981	124.47755205
'6140860'	2	3	0	18.0059645497474	13.2461083607521	1.34088784255564	0.000000122709003179742	67.81085333
'6140860'	3	3	0	3.95493873236363	3.56302898594165	1.24911018399011	0.0000000948825917554855	30.187309396
'6140860'	4	3	0	33.7540583365435	24.006074879799	1.30846527952888	0.000000115591645711755	104.774725657
'6140864'	1	3	0	222.53944852705	27.0378353019584	0.684659606186274	0.000000142398497442793	35.37439216
'6140864'	2	3	0	61.8769481568672	7.57451959188577	0.658212725168885	0.000000118011265091354	20.7904755834
'6140864'	3	3	0	18.1231343264541	2.26822144376791	0.603280092229156	0.0000000885197347644106	10.0602650785
'6140864'	4	3	0	108.813551374654	13.2573186565034	0.638743915533349	0.00000011056211761175	30.653079319
'6140866'	1	3	0	14.0092225333438	45.2288308915018	0	0.000000114579086106811	387.40479496
'6140866'	2	3	0	4.10093764043193	13.2398935488084	0	0.000000110360289405175	207.733801321
'6140866'	3	3	0	0.881103049857735	2.84464471496556	0	0.0000000822381194397667	66.863344685
'6140866'	4	3	0	8.19225388128151	26.4487243693696	0	0.000000102970293390006	333.03248102
'6140868'	1	3	0	21.7535991095773	81.7739478975086	0	0.000000111908471741724	335.07146423
'6140868'	2	3	0	6.53839936276428	24.5784950852715	0	0.000000106841527465589	180.187472598
'6140868'	3	3	0	1.43630159724764	5.39920090381312	0	0.0000000784151282783076	62.042305407
'6140868'	4	3	0	12.6893154966126	47.7004020811344	0	0.0000000991952859756748	289.71628399
'6140872'	1	3	0	1.76397920449719	27.1913982241042	0	0.000000153019155170121	397.839838649
'6140872'	2	3	0	0.659611789470425	10.1677881444176	0	0.00000016066252460679	239.729461301
'6140872'	3	3	0	0.155835568675398	2.40217514789371	0	0.000000143552775757089	63.179635041
'6140872'	4	3	0	1.2580087514533	19.3919615619024	0	0.000000149659119645662	362.234347661
'6140874'	1	3	0	18.9799353117524	592.670461361937	3.94518575407998	0.000000128333144705131	621.88942404
'6140874'	2	3	0	1.34131822202061	132.313532406005	3.77670932740184	0.00000010379681940128	300.05803931
'6140874'	3	3	0	0	28.7905598338438	3.31607650418062	0.0000000716092817727752	126.638117914
'6140874'	4	3	0	6.97279490808409	273.974951750813	3.62484635697689	0.0000000953873373387488	536.18315083
'6140876'	1	3	0	86.158309462	565.06329837	1.4170657	0.00000015580604	521.82699848
'6140876'	2	3	0	31.975823295	215.48942638	1.4214393	0.00000016122487	285.88439383
'6140876'	3	3	0	6.36743779135257	49.9134567077876	1.36831448527942	0.000000118291114135045	121.046364306
'6140876'	4	3	0	46.0424051918575	305.809873540419	1.35301843716983	0.000000132889523658748	453.29103141
'6140878'	1	3	0	1.8969921592	135.25074513	0.23945911	0.00000014860085	121.579579689
'6140878'	2	3	0	0.267981708639323	30.9490740341484	0.220896843865755	0.00000012367603581318	60.667853902
'6140878'	3	3	0	0	7.11275237196905	0.207773304397948	0.0000000971969589053313	20.8197402961
'6140878'	4	3	0	0.782111294004229	63.2075971752133	0.216330164330596	0.000000116565188403353	96.292926299
'6140880'	1	3	0	13.75490305	67.392922206	0.3068128	0.00000015311469	51.979377623
'6140880'	2	3	0	3.14570380438712	16.4327280701847	0.283029439342899	0.000000128838882238183	26.8142283656
'6140880'	3	3	0	0.54769152969217	3.90076946774765	0.266214590654861	0.000000103214245533551	10.1802733934
'6140880'	4	3	0	6.49648450633835	32.4638141104123	0.277178283063285	0.000000122046868248762	42.708697913
'6140882'	1	3	0	0	0.560720629	0.00055903704	0.0000001556065	4.9915258899
'6140882'	2	3	0	0	0.1991737533	0.00056076241	0.00000016110141	2.7258486194
'6140882'	3	3	0	0	0.0567240188514874	0.000540195206498526	0.000000125817737992865	1.2687411234
'6140882'	4	3	0	0	0.301127317560616	0.00053352397878387	0.000000138258206076851	4.4371688765
'6140884'	1	3	0	549.01630976561	0	0	0.000000154622640952431	0.5402376209
'6140884'	2	3	0	239.491803094676	0	0	0.000000160813411538263	0.3655491138
'6140884'	3	3	0	82.4836962183319	0	0	0.000000155137197694592	0.1406876327
'6140884'	4	3	0	417.956386835101	0	0	0.000000158827920811821	0.5432514429
'6140886'	1	3	0	6.96765795067485	92.0376231306011	0	0.000000144988830145635	561.77002743
'6140886'	2	3	0	2.19863894630632	29.0423990634701	0	0.000000148003289915228	292.95907926
'6140886'	3	3	0	0.543687670021127	7.18171317030029	0	0.00000013549358245015	92.590837924
'6140886'	4	3	0	4.56206941657588	60.2615726303057	0	0.000000144485892478471	500.72325166
'6140888'	1	3	0	2.56101214739144	1.93198836288881	0.1315895642373	0.00000015263564397972	53.254681294
'6140888'	2	3	0	0.826273465417744	0.692666212928609	0.139091681847925	0.000000157219043236766	29.931839597
'6140888'	3	3	0	0.124978410660408	0.201005352394215	0.155161659639556	0.000000122586319784882	13.313026718
'6140888'	4	3	0	1.34905482325673	1.06290682747432	0.132312662202529	0.00000013564793452039	47.18788913
'6140892'	1	3	0	83.1332271666578	33.520356264213	0	0.000000151793153649012	180.011142334
'6140892'	2	3	0	55.1791788415564	22.248934585848	0	0.000000158029031561651	128.433287507
'6140892'	3	3	0	21.8394061446276	8.8059215250807	0	0.00000015078023777771	56.679080999
'6140892'	4	3	0	66.7426975346676	26.9114898543118	0	0.000000156208792802	179.740142443
'6140894'	1	3	0	71.5235485953799	7.58105191126518	0	0.000000154622640952431	35.224080919
'6140894'	2	3	0	31.9977730951258	3.39156520672836	0	0.000000160813411538263	23.7129384107
'6140894'	3	3	0	10.8162220020497	1.14645235161271	0	0.000000155137197694592	8.8252414627
'6140894'	4	3	0	55.7898350208221	5.91337599609268	0	0.000000158827920811821	35.311438246
'6140896'	1	3	0	1.56133301635076	451.045765395666	0.0213858710506642	0.00000011591508347822	197.496175374
'6140896'	2	3	0	0.314465121333827	95.5375216531777	0.0207758931310252	0.0000000914826539163969	93.885256769
'6140896'	3	3	0	0.0426776705863274	17.1948311565084	0.0176589651198952	0.0000000586465161482441	36.655148842
'6140896'	4	3	0	0.618354560513436	181.816822472279	0.0196403860219247	0.0000000824979070047812	168.769791995
'6140900'	1	3	0	32.413169908	925.14283232	1.2464154	0.00000014613622	736.57426225
'6140900'	2	3	0	11.221337086	342.67955894	1.2464154	0.00000014833116	365.97161339
'6140900'	3	3	0	2.4941348264	102.81003759	1.2464154	0.00000013539065	161.61799121
'6140900'	4	3	0	19.765428182	577.51622028	1.2464154	0.00000014402434	639.03789232
'6140902'	1	3	0	32.221951302	539.95628703	2.0961898	0.00000015584293	635.79744519
'6140902'	2	3	0	7.42865782611407	148.974642228269	2.03976196151043	0.000000140678610635436	301.93763767
'6140902'	3	3	0	0.526633940190715	39.6890896614878	1.99589577545446	0.000000120556395748652	124.841688827
'6140902'	4	3	0	16.6961891971468	294.555568222793	2.02495507891927	0.000000135076631069617	510.24715762
'6140904'	1	3	0	49.057458628	90.215988146	0.13199027	0.00000014937089	175.079070598
'6140904'	2	3	0	13.8125288565409	25.5684513006396	0.12843720158322	0.000000142423164433069	88.560785181
'6140904'	3	3	0	3.6035548754875	6.83960023160061	0.12567508683835	0.000000125289683710121	36.754782657
'6140904'	4	3	0	29.1481331255426	53.69303108717	0.127504852731311	0.00000013730145806651	149.774005833
'6140906'	1	3	0	79.68951727	327.54703993	4.2084892	0.00000015575618	481.34449682
'6140906'	2	3	0	28.655574977	128.3049192	4.2084892	0.00000016119467	271.28321329
'6140906'	3	3	0	4.8754138299	35.464555996	4.2084892	0.00000014329047	110.069857669
'6140906'	4	3	0	47.12859256	200.42561053	4.2084892	0.00000015053346	413.14658499
'6140908'	1	3	0	4.5069553085	1239.3518993	0.54031799	0.00000015593851	376.33717752
'6140908'	2	3	0	1.9010254547	599.46895204	0.54031799	0.00000016127659	245.497230891
'6140908'	3	3	0	0.0682383445	149.43027737	0.54031799	0.00000015500952	89.637914542
'6140908'	4	3	0	2.6614282481	786.18494513	0.54031799	0.00000015887701	328.52047724
'6140910'	1	3	0	200.852664426	0.5495963095	0.097681454	0.00000015597717	3.8427056053
'6140910'	2	3	0	106.570078146	0.2917347903	0.097681454	0.0000001612678	2.7602742647
'6140910'	3	3	0	23.127553458	0.0635206839	0.097681454	0.0000001550273	0.935210692
'6140910'	4	3	0	135.621441086	0.3711898507	0.097681454	0.00000015929526	3.4651736526
'6140914'	1	3	0	96.93247512	69.704606121	8.005972	0.00000014676146	571.51166028
'6140914'	2	3	0	31.064601864	25.952346702	8.005972	0.00000014947911	328.81997569
'6140914'	3	3	0	3.205719185	7.4472849509	8.005972	0.00000013785473	127.955064897
'6140914'	4	3	0	60.371836019	45.419465469	8.005972	0.00000014616923	505.21905034
'6140916'	1	3	0	56.202494051	2.1265653442	0.62478919	0.0000001559911	63.810736889
'6140916'	2	3	0	23.008593508	0.8843979466	0.62478919	0.00000016126487	40.038107666
'6140916'	3	3	0	5.6797262731	0.2359247765	0.62478919	0.00000015503324	14.7357223809
'6140916'	4	3	0	37.929005306	1.4427429676	0.62478919	0.00000015944813	57.364998318
'6140918'	1	3	0	46.769347724	1386.2990054	1.9120447	0.00000015594083	745.39759078
'6140918'	2	3	0	16.183693884	515.31197347	1.9120447	0.00000016124047	396.66192911
'6140918'	3	3	0	3.1395532323	143.85424985	1.9120447	0.00000015491045	178.572241489
'6140918'	4	3	0	28.571340327	868.07472505	1.9120447	0.00000015883394	661.57627905
'6140920'	1	3	0	198.11322243	260.18379337	0.49306901	0.00000015600349	426.52326715
'6140920'	2	3	0	64.848727958	85.600896514	0.49306901	0.00000015583926	220.628205883
'6140920'	3	3	0	18.169039346	24.448259465	0.49306901	0.00000014522943	100.295502129
'6140920'	4	3	0	122.36394269	160.94859389	0.49306901	0.00000015276602	368.34552914
'6140924'	1	3	0	28.654395539	9.5760419082	0.006419067	0.00000015602209	17.0903199145
'6140924'	2	3	0	11.53901474	3.8575162465	0.006419067	0.00000016129222	10.3046028553
'6140924'	3	3	0	3.5053707085	1.1733457868	0.006419067	0.00000015486771	4.8091302109
'6140924'	4	3	0	19.421539125	6.4911951875	0.006419067	0.00000015909717	15.9139075775
'6140926'	1	3	0	12.0562301022535	143.079854592705	0	0.000000135815755009223	671.9252886
'6140926'	2	3	0	3.90047519432091	46.2897123640897	0	0.000000136143016377345	353.60448305
'6140926'	3	3	0	0.969337031388167	11.5038117494047	0	0.000000116644012567378	122.473596982
'6140926'	4	3	0	7.48654252736128	88.8481230956352	0	0.000000130997787528683	581.3831429
'6140928'	1	3	0	0	0	0	0.000000152631938343123	38.585218408
'6140928'	2	3	0	0	0	0	0.000000157583742336517	23.5820166815
'6140928'	3	3	0	0	0	0	0.000000149371111149672	7.2631862047
'6140928'	4	3	0	0	0	0	0.000000156302491623661	34.064584141
'6140930'	1	3	0	173.46656695	7.0098031021	1.6031852	0.00000014806353	266.18769
'6140930'	2	3	0	67.06668347	2.7495455526	1.6031852	0.00000015051665	158.472237746
'6140930'	3	3	0	19.55035657	0.8469890481	1.6031852	0.00000013950716	72.034302561
'6140930'	4	3	0	110.58105594	4.4918635679	1.6031852	0.00000014724832	239.83276944
'6140932'	1	3	0	241.475430591	0.0000012528978	0.066423389	0.00000015602209	91.23481609
'6140932'	2	3	0	107.821719931	0.00000055962481	0.066423389	0.00000016129222	58.019622748
'6140932'	3	3	0	38.05102949	0.00000019771841	0.066423389	0.00000015486771	28.698529369
'6140932'	4	3	0	155.055973021	0.00000080463283	0.066423389	0.00000015909717	83.929035923
'6140934'	1	3	0	421.797240914941	6.327806369792	1.29807639189288	0.000000148189588234256	182.312005203
'6140934'	2	3	0	164.159536923266	2.47459979347456	1.29931621127305	0.000000151086833257691	105.485358786
'6140934'	3	3	0	54.6104748898019	0.836146003033006	1.2966496041289	0.000000141929035686419	53.597365185
'6140934'	4	3	0	257.791130784194	3.87493141028958	1.29791821308357	0.000000148100820267476	162.935431618
'6140938'	1	3	0	133.732104300765	1.6487826910261	1.38166890110517	0.000000148657296690078	261.879982964
'6140938'	2	3	0	46.3105008708804	0.581999881631498	1.38298865972255	0.000000151166010051171	141.451821308
'6140938'	3	3	0	16.1060047305853	0.213382167089387	1.38015029234492	0.000000140726094632139	76.734060819
'6140938'	4	3	0	71.8682897865611	0.893861400585497	1.38150062553809	0.00000014789187979868	230.258810075
'6140940'	1	3	0	0	0	0	0.00000015602209	3.3069845985
'6140940'	2	3	0	0	0	0	0.00000016129222	2.1826781578
'6140940'	3	3	0	0	0	0	0.00000015486771	1.1635726183
'6140940'	4	3	0	0	0	0	0.00000015909717	3.0534670674
'6140942'	1	3	0	0	0	0	0.00000015538527	2.1844426505
'6140942'	2	3	0	0	0	0	0.00000016043014	1.2959786231
'6140942'	3	3	0	0	0	0	0.00000015367224	0.7265822253
'6140942'	4	3	0	0	0	0	0.00000015814651	1.990964966
'6140944'	1	3	0	144.05106697	0.0000026005381	0.11004958	0.00000015602209	197.050220924
'6140944'	2	3	0	55.042932511	0.00000099491066	0.11004958	0.00000016129222	117.542847889
'6140944'	3	3	0	19.203880179	0.00000034840608	0.11004958	0.00000015486771	65.486610607
'6140944'	4	3	0	88.430064316	0.0000015971848	0.11004958	0.00000015909717	182.653596025
'6140946'	1	3	0	592.71206394	0	0.50068722	0.00000014715802	261.71508665
'6140946'	2	3	0	243.61329155	0	0.50068722	0.00000014938556	171.23897075
'6140946'	3	3	0	89.532456849	0	0.50068722	0.00000013800197	89.859699626
'6140946'	4	3	0	372.70977265	0	0.50068722	0.00000014603996	240.03985394
'6140948'	1	3	0	11.1308040612518	3.8590474285225	0	0.000000147097185178869	473.30364263
'6140948'	2	3	0	4.08923885632028	1.41773825197648	0	0.000000150323523240444	274.010023786
'6140948'	3	3	0	0.929397970843461	0.322222081153582	0	0.000000138266833059653	76.462647817
'6140948'	4	3	0	7.86268003252999	2.72598951467701	0	0.000000147996808921209	430.20225285
'6140952'	1	3	0	754.29864662	24.681707133	1.0675139	0.00000015600582	949.90294491
'6140952'	2	3	0	329.29531896	10.794657101	1.0675139	0.00000016127854	649.35703051
'6140952'	3	3	0	131.93606793	4.3459127852	1.0675139	0.00000015495401	377.37642032
'6140952'	4	3	0	491.26497659	16.087040932	1.0675139	0.00000015927824	905.20294265
'6141024'	1	3	0	0	0	0	0.000000120495302799808	0.1150140033
'6141024'	2	3	0	0	0	0	0.000000118570354167673	0.0765708586
'6141024'	3	3	0	0	0	0	0.0000000929696055875982	0.024923043
'6141024'	4	3	0	0	0	0	0.000000112117178685858	0.1082505077
'6141030'	1	3	0	0.161410261445737	12.1770935361799	0	0.000000123241024961439	296.242101142
'6141030'	2	3	0	0.0487534501429216	3.67805192108554	0	0.000000121717957436685	157.802701177
'6141030'	3	3	0	0.0111288727968786	0.83958308203128	0	0.0000000974551852207772	50.23827517
'6141030'	4	3	0	0.108822526917269	8.20977599079432	0	0.0000001152803097357	268.542983034
'6141032'	1	3	0	39.6896641070334	84.1171826723238	0	0.000000153940072359643	286.2332082
'6141032'	2	3	0	18.1676712496517	38.5040628496257	0	0.000000160342397532018	183.490546458
'6141032'	3	3	0	7.28776500593218	15.4454887456212	0	0.000000154706690490658	85.098840572
'6141032'	4	3	0	27.7320596167512	58.7745645421628	0	0.000000157505952232586	261.2073094
'6141034'	1	3	0	66.3333031288832	161.769803211406	0	0.000000131824291124102	732.95342693
'6141034'	2	3	0	25.2766210282464	61.6431538417227	0	0.000000134384728147491	406.6840594455
'6141034'	3	3	0	6.56659226923397	16.0142234602473	0	0.000000107427009456418	148.462095631
'6141034'	4	3	0	44.7869858570481	109.223897300176	0	0.000000130134428068202	703.61849816
'6141038'	1	3	0	21.4845762347789	2.27475193837798	0	0.000000153933677734368	92.542058757
'6141038'	2	3	0	14.1365500666391	1.49675489595803	0	0.000000160354657756828	74.139767624
'6141038'	3	3	0	6.38059461351975	0.675566965133303	0	0.000000154717796781546	38.450689922
'6141038'	4	3	0	19.166855786593	2.02935547239745	0	0.000000157511785760105	92.098679837
'6141042'	1	3	0	5.95484106035914	9.35925839969631	0	0.000000134622434672417	106.923774901
'6141042'	2	3	0	2.06881324422433	3.25156583295878	0	0.000000137156396275929	63.59419103
'6141042'	3	3	0	0.509878717887936	0.801379352408803	0	0.000000111798255532117	20.3978990919
'6141042'	4	3	0	4.00044904467158	6.28752907807996	0	0.000000132751313324995	99.514691238
'6141046'	1	3	0	0	0	0	0.000000153946456993317	5.461439149
'6141046'	2	3	0	0	0	0	0.000000160331096542401	4.1787247246
'6141046'	3	3	0	0	0	0	0.000000154697061047076	2.113901838
'6141046'	4	3	0	0	0	0	0.000000157500118705067	5.4040510078
'6141050'	1	3	0	0.814544842619597	565.58538173487	0.603053970174061	0.000000112866243565369	510.53672707
'6141050'	2	3	0	0	143.815383033857	0.643113699267064	0.000000100781282703935	255.178446458
'6141050'	3	3	0	0	22.7334437376624	0.739716309972179	0.0000000522378925545111	93.999422014
'6141050'	4	3	0	0	244.233306386462	0.613713640590442	0.0000000753790269132068	440.52736945
'6141054'	1	3	0	0	0.993256284778873	0	0.000000153946456993317	49.348381771
'6141054'	2	3	0	0	0.731507374044094	0	0.000000160331096542401	39.550816984
'6141054'	3	3	0	0	0.339540453330108	0	0.000000154697061047076	20.1954346148
'6141054'	4	3	0	0	0.949287757020471	0	0.000000157500118705067	50.809200027
'6141056'	1	3	0	9.36290786619759	297.317942916442	0	0.000000152774592611186	1623.51881107
'6141056'	2	3	0	3.6333708842985	115.377228168843	0	0.000000160824368190773	889.3984650711
'6141056'	3	3	0	1.16966145548956	37.1424500628134	0	0.000000123362092996056	351.811844543
'6141056'	4	3	0	5.8650219192829	186.243021624981	0	0.000000158021511899543	1565.03836111
'6141060'	1	3	0	6.33640539531112	20.099000896937	0	0.000000149254070974538	228.588154472
'6141060'	2	3	0	4.07680725408801	12.9315830579155	0	0.000000154700256063294	145.733827865
'6141060'	3	3	0	1.92988588616653	6.12157457384792	0	0.000000147225740419896	76.087128123
'6141060'	4	3	0	5.54979592849097	17.6038852291835	0	0.000000151438734000482	221.771796561
'6141062'	1	3	0	15.2810207288645	4.59905199273954	0	0.000000153950004012024	35.642660252
'6141062'	2	3	0	8.8784297880883	2.67209638238305	0	0.000000160332975044654	25.2532810172
'6141062'	3	3	0	3.3103524901214	0.996300148111076	0	0.000000154698547873079	10.8411634674
'6141062'	4	3	0	13.0268432060893	3.92062351520568	0	0.000000157509288530859	35.736757507
'6141064'	1	3	0	32.0871268060952	13.557965774015	0	0.000000153093839339819	216.23772714
'6141064'	2	3	0	21.0051797935086	8.87544436212671	0	0.000000160662502134986	135.447088102
'6141064'	3	3	0	8.19096670981482	3.46097819783001	0	0.000000154824948100857	61.41192445
'6141064'	4	3	0	28.787563361529	12.1637814790677	0	0.000000158384750979582	218.316909332
'6141066'	1	3	0	75.5060743153694	7.89457904813742	0	0.000000154113886267914	15.2748548151
'6141066'	2	3	0	36.0732992198198	3.77166360182791	0	0.000000160442527697317	10.1242268563
'6141066'	3	3	0	12.9732995210096	1.35643045293532	0	0.000000154747443493343	4.1711032653
'6141066'	4	3	0	58.9461620064232	6.16314832627205	0	0.000000157847033791956	14.9677670273
'6141070'	1	3	0	6.27850930825198	87.1438907283536	0	0.000000154385887648969	255.41378867
'6141070'	2	3	0	2.76954051577944	38.4404202064902	0	0.000000160693827333806	147.517141306
'6141070'	3	3	0	0.959879598837815	13.3228508187283	0	0.000000154866419509752	61.972905823
'6141070'	4	3	0	4.50267835750091	62.4958714740354	0	0.000000158570341259757	240.577914551
'6141074'	1	3	0	2.92742119327396	82.8188013089232	0	0.000000126061680320513	683.44607662
'6141074'	2	3	0	1.49683094673363	42.3463986164862	0	0.000000125203505288643	418.57129815
'6141074'	3	3	0	0.500257224313411	14.1526281778139	0	0.000000100544598818381	173.266493006
'6141074'	4	3	0	2.15568275157842	60.9857788499679	0	0.000000119705402505636	634.73319401
'6141076'	1	3	0	19.4055627631611	144.100685447308	0	0.00000015294319785717	765.57330035
'6141076'	2	3	0	8.41782657985421	62.5086010132552	0	0.000000160723681951963	403.63027638
'6141076'	3	3	0	3.01049444763467	22.3551524247239	0	0.000000154571121252699	164.390086672
'6141076'	4	3	0	12.8723923284987	95.587053081681	0	0.000000158639917082485	729.34586648
'6141084'	1	3	0	18.9556474473539	65.9807057986343	0	0.000000153993254976284	574.17475995
'6141084'	2	3	0	10.2098093721189	35.5382442263742	0	0.000000160941214095256	370.15251971
'6141084'	3	3	0	3.04111434322666	10.5854928632907	0	0.000000155055929032523	138.667722136
'6141084'	4	3	0	14.2912955262669	49.745057149827	0	0.000000159321169324992	564.40179349
'6141086'	1	3	0	6.81145453257442	109.359767384693	0	0.000000154053545969424	1307.37873037
'6141086'	2	3	0	3.48127162953467	55.8927691258819	0	0.000000160946033437493	898.59730717
'6141086'	3	3	0	1.07079828440471	17.1919596230054	0	0.000000155027669929488	314.647081437
'6141086'	4	3	0	5.72706163612185	91.9495425414835	0	0.000000159553246869508	1350.568628
'6141090'	1	3	0	12.5038033941369	78.1282101632169	0	0.000000154391365502627	435.80478899
'6141090'	2	3	0	6.67826529147068	41.7281764395091	0	0.000000160904629088525	291.815972457
'6141090'	3	3	0	2.25617306807588	14.0973716610893	0	0.000000155135708268928	112.058843043
'6141090'	4	3	0	9.5942777014962	59.9484589590349	0	0.000000159127933001363	429.25946622
'6141100'	1	3	0	23.0548352759149	114.827099626452	0	0.000000137617204379273	537.15608786
'6141100'	2	3	0	6.7803840346709	33.7704357350071	0	0.000000138205861816566	265.07102343
'6141100'	3	3	0	1.73559435137586	8.64431530821509	0	0.000000121181843817898	92.100416177
'6141100'	4	3	0	13.4862145490993	67.1695496037702	0	0.000000133881423237132	454.3280895
'6141104'	1	3	0	9.12045023713563	64.2405353843688	0	0.000000154807803291063	614.7527285
'6141104'	2	3	0	3.37985151036079	23.8062228188814	0	0.000000160925806198188	370.929059402
'6141104'	3	3	0	0.890753308374541	6.27408383787313	0	0.000000155079020128387	116.504063695
'6141104'	4	3	0	6.23437838271122	43.9122844462206	0	0.000000159500658755772	555.15177524
'6141106'	1	3	0	89.5913886071215	57.5216237153332	0	0.000000155148452401556	956.08652178
'6141106'	2	3	0	35.6663338111921	22.8993596892117	0	0.000000161079425231644	593.3072746
'6141106'	3	3	0	9.59927696225456	6.16315927168828	0	0.000000155066355012171	203.542035314
'6141106'	4	3	0	61.8167893603929	39.6891057520401	0	0.000000160321083318756	875.65335379
'6141108'	1	3	0	138.463974762567	421.709944449844	0	0.000000155718357263575	3051.6631554
'6141108'	2	3	0	59.7394226511247	181.944138551582	0	0.000000161256531059527	1971.38910283
'6141108'	3	3	0	17.4380761422514	53.1099163812883	0	0.000000155135708268928	793.3678515
'6141108'	4	3	0	96.3633914433014	293.487172553408	0	0.000000160833537490955	2890.9242494
'6141110'	1	3	0	51.4304224187618	16.9695604215253	0	0.000000155577938240746	335.43401885
'6141110'	2	3	0	22.180794809839	7.31859315984567	0	0.000000161160994098796	228.848338317
'6141110'	3	3	0	6.19921847783253	2.04544329168203	0	0.000000155099142369069	82.458868449
'6141110'	4	3	0	36.5489571612483	12.0593941822771	0	0.000000159983839544508	320.36783731
'6141112'	1	3	0	56.3031903368689	5.53075105402885	0	0.000000152245356094573	32.136169032
'6141112'	2	3	0	20.2037828353914	1.98464940516028	0	0.000000156931851309228	19.7561442638
'6141112'	3	3	0	4.5575261817179	0.447692974143363	0	0.00000014913680150159	6.3903203992
'6141112'	4	3	0	39.0707626274629	3.83798254220119	0	0.000000155538354338307	30.5270771017
'6141126'	1	3	0	1.24049628833789	5.43129162346318	0	0.000000109480922907779	145.796923818
'6141126'	2	3	0	0.430526370046299	1.88498288103015	0	0.0000000962897758227942	82.224482925
'6141126'	3	3	0	0.0902013795519994	0.394930643293087	0	0.0000000613587463686291	34.000061347
'6141126'	4	3	0	0.542805052400427	2.37657505467002	0	0.000000069614116090126	143.334610635
'6141128'	1	3	0	10.032606620407	7.1260593512091	0	0.000000112009942069608	69.770190712
'6141128'	2	3	0	4.71975455105866	3.35239408128897	0	0.000000110233194825296	41.1717683523
'6141128'	3	3	0	1.37750080456202	0.97842493589843	0	0.0000000782629860640626	18.6449369952
'6141128'	4	3	0	7.29400038913426	5.18085495114669	0	0.000000103908544024188	70.912527761
'6141130'	1	3	0	11.7719674428725	7.4889344692325	0	0.000000115317031601402	91.83706567
'6141130'	2	3	0	4.56791623005422	2.90595649988134	0	0.000000101522105970075	53.040922353
'6141130'	3	3	0	0.951605267467162	0.605379646452997	0	0.0000000659386199387475	25.0593737369
'6141130'	4	3	0	3.80888217218377	2.42308425725777	0	0.0000000744555145594486	89.247915381
'6141148'	1	3	0	0	0.209654192599167	0	0.000000153356520097989	3.337350927
'6141148'	2	3	0	0	0.116294120810268	0	0.000000160735922114332	1.7441224784
'6141148'	3	3	0	0	0.0399549399140958	0	0.000000154753615607311	0.7872695651
'6141148'	4	3	0	0	0.169914482964115	0	0.000000158982295919083	3.2186779309
'6141150'	1	3	0	0	0	0	0.000000153330322487221	0.1532291697
'6141150'	2	3	0	0	0	0	0.000000160547822297901	0.0913425435
'6141150'	3	3	0	0	0	0	0.000000154367121522723	0.0367877227
'6141150'	4	3	0	0	0	0	0.000000158894881486792	0.1543700909
'6141152'	1	3	0	0	0.773800586051204	0	0.000000152838954878014	2.5616439805
'6141152'	2	3	0	0	0.297084761811511	0	0.000000160095609623126	1.419217674
'6141152'	3	3	0	0	0.0780144521312402	0	0.000000153741004432235	0.5141950661
'6141152'	4	3	0	0	0.512519850923122	0	0.000000158341917899961	2.4109502873
'6141154'	1	3	0	0	4.8656584381744	0	0.000000153456471097566	9.4123412366
'6141154'	2	3	0	0	2.02343937951035	0	0.00000016071730559635	5.6136199923
'6141154'	3	3	0	0	0.663002511969753	0	0.000000154625657346017	2.1743100901
'6141154'	4	3	0	0	3.34732344222153	0	0.000000159081725571427	8.8631312574
'6141170'	1	3	0	2.80733405086924	0	0	0.000000104478948389646	44.1611886862
'6141170'	2	3	0	0.738384249933147	0	0	0.0000000980912207226858	23.106562116
'6141170'	3	3	0	0.133126825644405	0	0	0.0000000636229465424624	6.5559798174
'6141170'	4	3	0	1.58710570825217	0	0	0.0000000895265107805318	37.9877630179
'6141176'	1	3	0	33.1111254074621	30.0681028956588	0	0.000000146647379373062	41.417586262
'6141176'	2	3	0	20.764787872549	18.8564348293453	0	0.000000151205351397177	31.7986914841
'6141176'	3	3	0	7.97981229124574	7.24644101075265	0	0.000000137535454900842	13.5792131337
'6141176'	4	3	0	24.8068313040618	22.5270010303893	0	0.000000148596425147512	40.620410492
'6141178'	1	3	0	85.6471525568113	12.3580662037886	0	0.000000154515866903386	87.008149993
'6141178'	2	3	0	40.3064377781246	5.8158340544575	0	0.000000160707226030889	52.997033777
'6141178'	3	3	0	14.7106068900432	2.12260009142278	0	0.000000154866422108105	22.2905165699
'6141178'	4	3	0	58.5991935926516	8.45530402709097	0	0.00000015868774249572	81.848451026
'6141180'	1	3	0	0	11.396662416624	0.010889611841398	0.000000133045318024019	13.3596866858
'6141180'	2	3	0	0	3.41321017702532	0.0113222282942207	0.000000122526349424445	7.4088170841
'6141180'	3	3	0	0	0.537112081240472	0.0126398110407891	0.0000000724865533139276	2.5799171263
'6141180'	4	3	0	0	5.16487855637762	0.0108870046700775	0.0000000944123668586117	11.5295801691
'6141184'	1	3	0	0	0	0.0001863181	0.00000015560118	1.750273005
'6141184'	2	3	0	0	0	0.00018683772	0.0000001610985	0.993136614
'6141184'	3	3	0	0	0	0.000179498604629185	0.000000127112585158016	0.4627191735
'6141184'	4	3	0	0	0	0.000177723419424922	0.000000139175300544141	1.5886487478
'6141188'	1	3	0	250.01981402	16.823400191	1.490805	0.00000015574469	75.513656644
'6141188'	2	3	0	92.410753419	6.2810210639	1.490805	0.00000016118786	41.863120616
'6141188'	3	3	0	24.3878413584217	1.72562921871218	1.41039610029028	0.0000001299353612341	18.9669009423
'6141188'	4	3	0	144.709031752469	9.7751349832647	1.42969304736422	0.000000141252301001168	67.900903957
'6141196'	1	3	0	133.01102676	31.436724395	7.6066874	0.00000015595619	449.3320046
'6141196'	2	3	0	49.323466286	12.727397553	7.6066874	0.00000016124091	276.4882288
'6141196'	3	3	0	8.952840764	3.7020749918	7.6066874	0.00000015497644	117.959825269
'6141196'	4	3	0	88.391460374	21.461501717	7.6066874	0.00000015942834	420.16327586
'6141208'	1	3	0	99.452837003	0	0.011980558	0.0000001541472	18.4262925016
'6141208'	2	3	0	61.293609512	0	0.011980558	0.00000015853967	18.2863146209
'6141208'	3	3	0	28.898455832	0	0.011980558	0.00000015135141	9.7274354442
'6141208'	4	3	0	70.927916017	0	0.011980558	0.00000015787822	17.8541578766
'6141210'	1	3	14839.23794	686.55198907	108.53134178	0.42772031	0.00000015632341	1404.40324349
'6141210'	2	3	15992.494439	336.49509576	53.228188266	0.42772031	0.00000016136566	1043.92593515
'6141210'	3	3	12580.754636	141.06302245	22.353178633	0.42772031	0.00000015495106	599.5732583
'6141210'	4	3	10002.575917	456.18340987	72.13694663	0.42772031	0.00000016088333	1346.9266872
'6141214'	1	3	0	253.3568893	98.877568982	0.95354855	0.00000015648509	741.22212915
'6141214'	2	3	0	136.83358439	53.572542507	0.95354855	0.00000016151915	655.533154245
'6141214'	3	3	0	51.995476612	20.586928842	0.95354855	0.00000015492373	307.671753394
'6141214'	4	3	0	170.66832153	66.727710593	0.95354855	0.00000016094488	687.32002311
'6141218'	1	3	0	5.19754905948051	0.816902170848674	0	0.000000132058153695734	18.5282654218
'6141218'	2	3	0	2.18751903506832	0.343813791440384	0	0.000000125033883144724	11.6351407108
'6141218'	3	3	0	0.606618070638513	0.0953425572272091	0	0.000000079749578670213	3.9315529035
'6141218'	4	3	0	3.31230696584919	0.520597443121602	0	0.00000011611238740122	15.6830588738
'6141220'	1	3	0	0.183517790794352	0	0.466186539466198	0.0000000962914471065747	198.748990974
'6141220'	2	3	0	0	0	0.506312335506193	0.000000080044989145187	109.509584947
'6141220'	3	3	0	0	0	0.559715299139275	0.0000000253522809205613	26.0676509206
'6141220'	4	3	0	0	0	0.477045271121148	0.0000000559044936471376	162.925529484
'6141228'	1	3	0	241.701630323336	22.5108062566243	0	0.0000001311086042944	388.35415411
'6141228'	2	3	0	106.542554405226	9.92280770681697	0	0.000000118681173691566	273.313307447
'6141228'	3	3	0	19.7908349263019	1.84321326290312	0	0.0000000589731531692116	64.237154367
'6141228'	4	3	0	133.743859657469	12.4561928221767	0	0.000000103904979184584	300.18611318
'6141270'	1	3	0	9.90893942726741	12.7601585180489	0	0.000000126124392689522	301.212986162
'6141270'	2	3	0	3.31611391756648	4.27029951738088	0	0.000000125722733625696	170.768676553
'6141270'	3	3	0	0.834561859954248	1.07470044644565	0	0.000000102446094791411	60.162274059
'6141270'	4	3	0	6.85099205076156	8.82231092661331	0	0.000000119784493009927	279.406828696
'6141274'	1	3	0	0	0	0	0.000000120611628843033	0.513273732
'6141274'	2	3	0	0	0	0	0.000000118984316923345	0.3594629897
'6141274'	3	3	0	0	0	0	0.0000000933963595242156	0.1260930469
'6141274'	4	3	0	0	0	0	0.000000112388151942197	0.4973498899
'6141306'	1	3	0	0	0	0	0.000000153459469638339	4.6679591466
'6141306'	2	3	0	0	0	0	0.000000160720494153333	2.6609641906
'6141306'	3	3	0	0	0	0	0.000000154633568038802	1.072705117
'6141306'	4	3	0	0	0	0	0.000000159086931505867	4.6624604765
'6141308'	1	3	0	49.301125302062	1.71768883508445	0	0.00000015314033239423	274.171512102
'6141308'	2	3	0	28.2158133692129	0.983060473749383	0	0.000000160647934123287	152.943398972
'6141308'	3	3	0	10.6866394912369	0.372330676526374	0	0.000000154629893315745	68.441445716
'6141308'	4	3	0	40.1611361150582	1.39924463558527	0	0.000000158688062423408	271.078110303
'6141310'	1	3	0	131.15483395238	14.2234396919471	0	0.000000153447906634432	19.5700459158
'6141310'	2	3	0	56.505194081937	6.12785816635398	0	0.000000160707420598994	11.7085566999
'6141310'	3	3	0	19.9050420991444	2.15865597423158	0	0.000000154601178353426	4.75470869
'6141310'	4	3	0	90.5039207224154	9.81494177122101	0	0.000000159065888808119	18.6382799017
'6141312'	1	3	0	0	0	0	0.00000015510147	0.2991143615
'6141312'	2	3	0	0	0	0	0.00000016033524	0.1716462289
'6141312'	3	3	0	0	0	0	0.000000125770803844614	0.0759699742
'6141312'	4	3	0	0	0	0	0.000000138572344899604	0.2717973213
'6142038'	1	3	0	3.87473925551966	540.197747262317	1.16847499116923	0.000000140968933495698	453.30840184
'6142038'	2	3	0	0.553839673080669	178.62405475178	1.11377072016244	0.000000130460806731664	248.509043956
'6142038'	3	3	0	0	31.9465857499338	1.04517474309221	0.0000000794953019295444	96.602695751
'6142038'	4	3	0	1.39554513176338	262.998249539954	1.05977151042722	0.000000101176272507531	406.46087753
;

param transfer_coefficients_N1 : 'coeff' :=
'166174961'	1	3	0.0000000545738097813548
'166174961'	2	3	0.0000000260466314982262
'166174961'	3	3	0.0000000292260477936025
'166174961'	4	3	0.0000000388146803256189
'166174962'	1	3	0.000000000290671979391802
'166174962'	2	3	0.000000000123509050351768
'166174962'	3	3	0.000000000136261699906374
'166174962'	4	3	0.000000000201492637210252
'166174963'	1	3	0.00000000205032156671918
'166174963'	2	3	0.000000000921961381311559
'166174963'	3	3	0.000000000893697244281458
'166174963'	4	3	0.00000000140360352988628
'166174966'	1	3	0.000000000271066553749853
'166174966'	2	3	0.000000000143087585793253
'166174966'	3	3	0.000000000148504432262956
'166174966'	4	3	0.000000000219641697075848
'24978249'	1	3	0.00000000142051552176778
'24978249'	2	3	0.00000000185286149341252
'24978249'	3	3	0.00000000389432518642611
'24978249'	4	3	0.00000000132208635125248
'6139942'	1	3	0.00000000176003903303397
'6139942'	2	3	0.00000000230249462457732
'6139942'	3	3	0.00000000613096888680862
'6139942'	4	3	0.00000000162756769671645
'6139944'	1	3	0.000000000820707603893625
'6139944'	2	3	0.00000000105137832306681
'6139944'	3	3	0.00000000286663453329732
'6139944'	4	3	0.000000000778575005320608
'6139946'	1	3	0.000000000192231037370006
'6139946'	2	3	0.000000000320885431411474
'6139946'	3	3	0.000000000754477261926377
'6139946'	4	3	0.000000000191472706363212
'6139948'	1	3	0.00000000259870383047023
'6139948'	2	3	0.00000000249423035245427
'6139948'	3	3	0.00000000515324691378219
'6139948'	4	3	0.00000000211832052304424
'6139950'	1	3	0.00000000151979857723184
'6139950'	2	3	0.00000000156834112801656
'6139950'	3	3	0.00000000386660998875352
'6139950'	4	3	0.00000000124086770312306
'6139952'	1	3	0.00000000574146195767022
'6139952'	2	3	0.00000000849988832947654
'6139952'	3	3	0.0000000174678777774964
'6139952'	4	3	0.00000000518130025106213
'6139954'	1	3	0.0000000639300180036063
'6139954'	2	3	0.0000000717628349570778
'6139954'	3	3	0.000000184534667339465
'6139954'	4	3	0.0000000524710559173022
'6139956'	1	3	0.000000000897644590031116
'6139956'	2	3	0.00000000138173760503648
'6139956'	3	3	0.0000000037506673543821
'6139956'	4	3	0.000000000917446611761865
'6139958'	1	3	0.0000000143365494693919
'6139958'	2	3	0.0000000187989109882424
'6139958'	3	3	0.0000000541603585401568
'6139958'	4	3	0.0000000142466102816115
'6139960'	1	3	0.00000000393873616958914
'6139960'	2	3	0.00000000500969151010908
'6139960'	3	3	0.0000000135705793935828
'6139960'	4	3	0.00000000336019302434148
'6139964'	1	3	0.00000000213553772684064
'6139964'	2	3	0.00000000250319313027436
'6139964'	3	3	0.00000000607744597528044
'6139964'	4	3	0.00000000188108851679049
'6139966'	1	3	0.000000000347347693927521
'6139966'	2	3	0.000000000432580075182539
'6139966'	3	3	0.0000000011005114612631
'6139966'	4	3	0.00000000031855731958749
'6139968'	1	3	0.000000000656582259726453
'6139968'	2	3	0.000000000865473828421768
'6139968'	3	3	0.00000000207264078218815
'6139968'	4	3	0.000000000620323254202986
'6139970'	1	3	0.000000000534288876712676
'6139970'	2	3	0.000000000814258153635154
'6139970'	3	3	0.00000000183961409345458
'6139970'	4	3	0.00000000052854855700108
'6139972'	1	3	0.000000000849340700942664
'6139972'	2	3	0.00000000116568123644552
'6139972'	3	3	0.00000000250161147109444
'6139972'	4	3	0.000000000754140004600017
'6139974'	1	3	0.00000000206027168154415
'6139974'	2	3	0.00000000355229541079189
'6139974'	3	3	0.00000000843361989712234
'6139974'	4	3	0.00000000204306876195858
'6139976'	1	3	0.00000000169213585011186
'6139976'	2	3	0.0000000016240680169518
'6139976'	3	3	0.00000000298638633668568
'6139976'	4	3	0.0000000013644344104297
'6139978'	1	3	0.000000000912524592901767
'6139978'	2	3	0.000000000885384205481696
'6139978'	3	3	0.00000000205877914489789
'6139978'	4	3	0.00000000074728143268413
'6139980'	1	3	0.000000000337059752345979
'6139980'	2	3	0.000000000593791357300442
'6139980'	3	3	0.0000000017439302675066
'6139980'	4	3	0.000000000357201142047048
'6139982'	1	3	0.0000000043108908012463
'6139982'	2	3	0.00000000397862504762979
'6139982'	3	3	0.00000000893753158637217
'6139982'	4	3	0.00000000347183014941187
'6139988'	1	3	0.00000000555097498709485
'6139988'	2	3	0.0000000120921922882253
'6139988'	3	3	0.000000029156099887169
'6139988'	4	3	0.00000000653883970339535
'6139990'	1	3	0.000000000723749298073808
'6139990'	2	3	0.00000000113755760559929
'6139990'	3	3	0.00000000296878635892016
'6139990'	4	3	0.000000000732618770201659
'6139992'	1	3	0.00000000112392911772613
'6139992'	2	3	0.0000000027583510757978
'6139992'	3	3	0.00000000619391149495514
'6139992'	4	3	0.00000000154569994917231
'6139994'	1	3	0.00000000125624436540304
'6139994'	2	3	0.00000000134143611272336
'6139994'	3	3	0.00000000283682042127781
'6139994'	4	3	0.00000000106786702761189
'6139996'	1	3	0.00000000356057698685248
'6139996'	2	3	0.00000000426581580004906
'6139996'	3	3	0.0000000112365986283805
'6139996'	4	3	0.0000000032525754469104
'6139998'	1	3	0.000000000619055821568397
'6139998'	2	3	0.00000000100298193788685
'6139998'	3	3	0.00000000224146186356081
'6139998'	4	3	0.000000000641146737441754
'6140000'	1	3	0.000000000596519652028234
'6140000'	2	3	0.000000000988685591957115
'6140000'	3	3	0.00000000225150999309124
'6140000'	4	3	0.000000000626875800044457
'6140002'	1	3	0.00000000237694215158748
'6140002'	2	3	0.00000000421805800409367
'6140002'	3	3	0.00000000867151609733419
'6140002'	4	3	0.00000000248780696248051
'6140004'	1	3	0.00000000960005448270953
'6140004'	2	3	0.000000015741316526721
'6140004'	3	3	0.0000000338425869683183
'6140004'	4	3	0.00000000966749110957226
'6140008'	1	3	0.00000000831206233456098
'6140008'	2	3	0.0000000157660307221282
'6140008'	3	3	0.0000000392019446725858
'6140008'	4	3	0.00000000923376836237462
'6140010'	1	3	0.00000000031462159771192
'6140010'	2	3	0.000000000532010417654584
'6140010'	3	3	0.00000000130678907168147
'6140010'	4	3	0.000000000320552748071234
'6140012'	1	3	0.000000000479025371539307
'6140012'	2	3	0.000000000780454607243909
'6140012'	3	3	0.00000000184701839556262
'6140012'	4	3	0.000000000485311024737096
'6140014'	1	3	0.000000000794695559097507
'6140014'	2	3	0.00000000136411461529816
'6140014'	3	3	0.00000000312135171355683
'6140014'	4	3	0.000000000857724138480563
'6140016'	1	3	0.000000000917972133280584
'6140016'	2	3	0.00000000173599995885401
'6140016'	3	3	0.00000000351796867142173
'6140016'	4	3	0.00000000104658632617559
'6140018'	1	3	0.00000000310633947688572
'6140018'	2	3	0.00000000506773743667776
'6140018'	3	3	0.000000013218285836622
'6140018'	4	3	0.00000000315703527547129
'6140020'	1	3	0.000000399828994577453
'6140020'	2	3	0.000000432741402179332
'6140020'	3	3	0.00000110780702297449
'6140020'	4	3	0.000000347828306411437
'6140022'	1	3	0.00000000106976515887101
'6140022'	2	3	0.00000000134399504083751
'6140022'	3	3	0.00000000348310872062195
'6140022'	4	3	0.000000000945223133271438
'6140024'	1	3	0.000000000302773162760705
'6140024'	2	3	0.000000000483975802598425
'6140024'	3	3	0.00000000121051665730227
'6140024'	4	3	0.000000000309258459015223
'6140026'	1	3	0.000000000966621530076456
'6140026'	2	3	0.00000000181592395547537
'6140026'	3	3	0.0000000047319971688961
'6140026'	4	3	0.00000000106036840148001
'6140028'	1	3	0.00000000259041337651109
'6140028'	2	3	0.00000000380623150192724
'6140028'	3	3	0.00000000789140790225238
'6140028'	4	3	0.00000000269254356520946
'6140030'	1	3	0.00000000367737083194417
'6140030'	2	3	0.00000000417367817015391
'6140030'	3	3	0.00000000931580020162768
'6140030'	4	3	0.00000000332477801446066
'6140032'	1	3	0.00000000173962199423962
'6140032'	2	3	0.00000000279742713246623
'6140032'	3	3	0.00000000759578843131441
'6140032'	4	3	0.0000000018073268550603
'6140034'	1	3	0.000000000311304657138686
'6140034'	2	3	0.000000000535221351390321
'6140034'	3	3	0.00000000120491391137179
'6140034'	4	3	0.000000000322789330831253
'6140036'	1	3	0.00000000124609547911676
'6140036'	2	3	0.00000000203475928594398
'6140036'	3	3	0.00000000621824553079679
'6140036'	4	3	0.00000000132886362813855
'6140038'	1	3	0.000000000363436948754985
'6140038'	2	3	0.00000000076080997316325
'6140038'	3	3	0.00000000179592540185680
'6140038'	4	3	0.000000000399600711144101
'6140040'	1	3	0.000000000169260437735929
'6140040'	2	3	0.000000000336061235341877
'6140040'	3	3	0.000000000873616212152371
'6140040'	4	3	0.000000000197925145399331
'6140042'	1	3	0.000000000821178016362247
'6140042'	2	3	0.00000000151628140208192
'6140042'	3	3	0.00000000388297798064838
'6140042'	4	3	0.000000000868580165251943
'6140044'	1	3	0.000000000666858638128553
'6140044'	2	3	0.00000000119966196744288
'6140044'	3	3	0.00000000353868633472826
'6140044'	4	3	0.000000000739267648213732
'6140046'	1	3	0.000000002407500628103
'6140046'	2	3	0.0000000044967966910279
'6140046'	3	3	0.0000000103848010700442
'6140046'	4	3	0.00000000274519863664473
'6140048'	1	3	0.00000000216929090724933
'6140048'	2	3	0.00000000461463718865539
'6140048'	3	3	0.0000000132384541369043
'6140048'	4	3	0.00000000271156186919854
'6140050'	1	3	0.0000000000881701605773325
'6140050'	2	3	0.000000000182404739333439
'6140050'	3	3	0.000000000360885798394403
'6140050'	4	3	0.000000000103288576042492
'6140052'	1	3	0.00000000104541514063884
'6140052'	2	3	0.00000000157420086677001
'6140052'	3	3	0.0000000047776784907787
'6140052'	4	3	0.00000000106272426937691
'6140054'	1	3	0.000000000313399669483228
'6140054'	2	3	0.00000000058305349455434
'6140054'	3	3	0.0000000015337930712455
'6140054'	4	3	0.000000000327139415712335
'6140056'	1	3	0.00000000149169820088929
'6140056'	2	3	0.0000000042870627698782
'6140056'	3	3	0.0000000128121421550647
'6140056'	4	3	0.00000000195973118562959
'6140058'	1	3	0.0000000101526280555911
'6140058'	2	3	0.0000000178900698076496
'6140058'	3	3	0.0000000438190019128074
'6140058'	4	3	0.0000000112546814414011
'6140060'	1	3	0.000000000653992060736738
'6140060'	2	3	0.0000000012601531100665
'6140060'	3	3	0.00000000301156564776586
'6140060'	4	3	0.000000000701518995962254
'6140062'	1	3	0.00000000141696044266543
'6140062'	2	3	0.00000000233872029350837
'6140062'	3	3	0.00000000726895106009455
'6140062'	4	3	0.00000000149606817838056
'6140064'	1	3	0.0000000026265498881961
'6140064'	2	3	0.0000000046110949661598
'6140064'	3	3	0.0000000104466653478567
'6140064'	4	3	0.00000000288343618362749
'6140066'	1	3	0.00000000139703508448212
'6140066'	2	3	0.00000000200055557004289
'6140066'	3	3	0.00000000622209456982023
'6140066'	4	3	0.00000000141969767782882
'6140068'	1	3	0.00000000216273158767368
'6140068'	2	3	0.00000000406139588543584
'6140068'	3	3	0.0000000126532567407076
'6140068'	4	3	0.00000000254572997470815
'6140070'	1	3	0.000000000200581523932214
'6140070'	2	3	0.000000000282918041082895
'6140070'	3	3	0.000000000581495823030502
'6140070'	4	3	0.000000000205459677812686
'6140072'	1	3	0.00000000079506194249688
'6140072'	2	3	0.00000000237918184821624
'6140072'	3	3	0.00000000709891530932173
'6140072'	4	3	0.00000000105936498589619
'6140074'	1	3	0.00000000170339353008152
'6140074'	2	3	0.00000000267475532355467
'6140074'	3	3	0.0000000074760949305018
'6140074'	4	3	0.0000000017190115475505
'6140076'	1	3	0.000000102060411701983
'6140076'	2	3	0.000000102470430390411
'6140076'	3	3	0.000000205802313551711
'6140076'	4	3	0.0000000953211119734862
'6140080'	1	3	0.000000000343271569487882
'6140080'	2	3	0.000000000629678233133681
'6140080'	3	3	0.0000000018567157314505
'6140080'	4	3	0.000000000370690515405567
'6140082'	1	3	0.00000000153461020901996
'6140082'	2	3	0.00000000288303585350517
'6140082'	3	3	0.00000000916524355887154
'6140082'	4	3	0.00000000171937234790793
'6140084'	1	3	0.000000000656563684477903
'6140084'	2	3	0.00000000107578470473577
'6140084'	3	3	0.00000000183829992402739
'6140084'	4	3	0.000000000813311104404565
'6140086'	1	3	0.00000000106321814449776
'6140086'	2	3	0.00000000207746502285392
'6140086'	3	3	0.00000000551345479257007
'6140086'	4	3	0.00000000122725052957175
'6140088'	1	3	0.00000000036836443137465
'6140088'	2	3	0.000000000771062819875639
'6140088'	3	3	0.00000000166595318061496
'6140088'	4	3	0.000000000481867618629865
'6140090'	1	3	0.000000000223373631838024
'6140090'	2	3	0.000000000421823868930983
'6140090'	3	3	0.000000000872444205780112
'6140090'	4	3	0.000000000243779617201803
'6140092'	1	3	0.000000000343495601600855
'6140092'	2	3	0.000000000734407937198441
'6140092'	3	3	0.00000000155589807568421
'6140092'	4	3	0.000000000411462805036258
'6140094'	1	3	0.000000000993820273449107
'6140094'	2	3	0.00000000266217810390465
'6140094'	3	3	0.00000000756109956877253
'6140094'	4	3	0.00000000129983073587643
'6140096'	1	3	0.000000000542381231488399
'6140096'	2	3	0.000000000955591886756498
'6140096'	3	3	0.00000000250618326874951
'6140096'	4	3	0.000000000569513330111454
'6140098'	1	3	0.00000000553975798182834
'6140098'	2	3	0.0000000114981219178107
'6140098'	3	3	0.0000000308687667126745
'6140098'	4	3	0.00000000612194405910468
'6140100'	1	3	0.00000000406141296056735
'6140100'	2	3	0.00000000837717519414659
'6140100'	3	3	0.0000000227926222353016
'6140100'	4	3	0.00000000462908161169156
'6140102'	1	3	0.00000000563341450257836
'6140102'	2	3	0.0000000131509205136008
'6140102'	3	3	0.0000000375302734655836
'6140102'	4	3	0.00000000669886969589818
'6140104'	1	3	0.000000000457397563381567
'6140104'	2	3	0.000000000764982792768027
'6140104'	3	3	0.00000000205646532974743
'6140104'	4	3	0.000000000480716446422453
'6140106'	1	3	0.00000000101940508328076
'6140106'	2	3	0.00000000228105660209263
'6140106'	3	3	0.00000000702511640885017
'6140106'	4	3	0.00000000121986841743825
'6140108'	1	3	0.000000000478279814909153
'6140108'	2	3	0.0000000013360500652746
'6140108'	3	3	0.00000000387322042887495
'6140108'	4	3	0.00000000068691029037832
'6140110'	1	3	0.0000000023593894349856
'6140110'	2	3	0.0000000048442957639497
'6140110'	3	3	0.0000000109390608906171
'6140110'	4	3	0.00000000270917550764837
'6140112'	1	3	0.00000000049746663333825
'6140112'	2	3	0.000000000902545812302
'6140112'	3	3	0.00000000268850495390976
'6140112'	4	3	0.000000000545206687571508
'6140114'	1	3	0.000000000367212282049035
'6140114'	2	3	0.000000000847811283379171
'6140114'	3	3	0.00000000167036855509193
'6140114'	4	3	0.000000000462405308931241
'6140116'	1	3	0.000000000331832927203910
'6140116'	2	3	0.000000000473845995796674
'6140116'	3	3	0.00000000102514975215002
'6140116'	4	3	0.000000000340808247094942
'6140118'	1	3	0.00000000134121502424514
'6140118'	2	3	0.00000000278722262827796
'6140118'	3	3	0.00000000772389175394674
'6140118'	4	3	0.00000000149774850732115
'6140120'	1	3	0.000000000591625048174269
'6140120'	2	3	0.00000000115925612898802
'6140120'	3	3	0.00000000277171195524235
'6140120'	4	3	0.000000000658516198950926
'6140122'	1	3	0.000000000714824339152599
'6140122'	2	3	0.00000000147652573369612
'6140122'	3	3	0.00000000341925956463943
'6140122'	4	3	0.000000000865134897030172
'6140124'	1	3	0.000000000251801458604578
'6140124'	2	3	0.000000000567211251054004
'6140124'	3	3	0.00000000156010534843107
'6140124'	4	3	0.000000000306570271476466
'6140126'	1	3	0.000000000194771963962596
'6140126'	2	3	0.000000000328157047634911
'6140126'	3	3	0.00000000078151419756635
'6140126'	4	3	0.000000000207498678205168
'6140128'	1	3	0.00000000024350687085456
'6140128'	2	3	0.000000000419722203486215
'6140128'	3	3	0.00000000128748681809627
'6140128'	4	3	0.000000000266410526594236
'6140130'	1	3	0.0000000053966448655529
'6140130'	2	3	0.0000000094675231219515
'6140130'	3	3	0.0000000278088365928606
'6140130'	4	3	0.00000000574826530862538
'6140132'	1	3	0.000000000609158300782445
'6140132'	2	3	0.0000000013200964452715
'6140132'	3	3	0.00000000337124498629811
'6140132'	4	3	0.000000000737248501385497
'6140134'	1	3	0.000000000894919589029276
'6140134'	2	3	0.00000000181679374060511
'6140134'	3	3	0.00000000510798516891373
'6140134'	4	3	0.00000000107640068737316
'6140274'	1	3	0.000000000193839676870917
'6140274'	2	3	0.000000000441113423583232
'6140274'	3	3	0.00000000114429685190892
'6140274'	4	3	0.00000000023391677325697
'6140276'	1	3	0.000000000283836352842555
'6140276'	2	3	0.000000000458528413721344
'6140276'	3	3	0.00000000103778529079452
'6140276'	4	3	0.000000000287567749072558
'6140278'	1	3	0.00000000080508710815247
'6140278'	2	3	0.0000000011638941324944
'6140278'	3	3	0.00000000321855446478436
'6140278'	4	3	0.000000000741204605252607
'6140280'	1	3	0.000000000119630696576784
'6140280'	2	3	0.000000000201876676819322
'6140280'	3	3	0.000000000506724993673694
'6140280'	4	3	0.000000000120388396677454
'6140282'	1	3	0.000000000297495666956855
'6140282'	2	3	0.000000000395538242218931
'6140282'	3	3	0.000000000989003399588632
'6140282'	4	3	0.000000000280911036217845
'6140284'	1	3	0.00000000149874943922782
'6140284'	2	3	0.00000000222982965072925
'6140284'	3	3	0.00000000529993823114276
'6140284'	4	3	0.00000000148364483794799
'6140286'	1	3	0.00000000124080066996747
'6140286'	2	3	0.00000000175454671520083
'6140286'	3	3	0.00000000438110985585731
'6140286'	4	3	0.00000000120874917977411
'6140288'	1	3	0.000000000333226019713265
'6140288'	2	3	0.00000000044028870451187
'6140288'	3	3	0.00000000131212197923431
'6140288'	4	3	0.00000000030997621517651
'6140290'	1	3	0.00000000685039193920583
'6140290'	2	3	0.00000000602869970858065
'6140290'	3	3	0.0000000132027700633614
'6140290'	4	3	0.00000000534511497527475
'6140292'	1	3	0.00000000121864933604386
'6140292'	2	3	0.0000000012415436610977
'6140292'	3	3	0.00000000291323135523026
'6140292'	4	3	0.00000000103667566430049
'6140294'	1	3	0.00000000171422309602211
'6140294'	2	3	0.00000000193328467261739
'6140294'	3	3	0.00000000495666545766321
'6140294'	4	3	0.00000000155632698672552
'6140296'	1	3	0.000000000200865334022889
'6140296'	2	3	0.000000000285450286751178
'6140296'	3	3	0.000000000874263969602289
'6140296'	4	3	0.000000000200774075832553
'6140298'	1	3	0.0000000004920533932584
'6140298'	2	3	0.0000000007829334383162
'6140298'	3	3	0.00000000200995919430323
'6140298'	4	3	0.000000000477729196383878
'6140300'	1	3	0.00000000108112089683288
'6140300'	2	3	0.00000000142274493338806
'6140300'	3	3	0.00000000300258298425522
'6140300'	4	3	0.0000000010822476249903
'6140302'	1	3	0.000000000694219539004126
'6140302'	2	3	0.00000000107567537600346
'6140302'	3	3	0.0000000023551313581003
'6140302'	4	3	0.000000000714167168812111
'6140304'	1	3	0.00000000128401187785857
'6140304'	2	3	0.00000000163491271627495
'6140304'	3	3	0.00000000347942904178305
'6140304'	4	3	0.00000000122856216428714
'6140306'	1	3	0.00000000166901322269438
'6140306'	2	3	0.00000000209836938998652
'6140306'	3	3	0.00000000558401917155402
'6140306'	4	3	0.0000000015060650915348
'6140308'	1	3	0.000000000286073346132983
'6140308'	2	3	0.000000000469333009732029
'6140308'	3	3	0.00000000115953054427641
'6140308'	4	3	0.000000000298551965435712
'6140310'	1	3	0.000000000129264046998986
'6140310'	2	3	0.000000000243334709387808
'6140310'	3	3	0.000000000557538308094759
'6140310'	4	3	0.000000000146488981050613
'6140312'	1	3	0.000000000338666904213524
'6140312'	2	3	0.000000000576663553671768
'6140312'	3	3	0.00000000164308526077209
'6140312'	4	3	0.000000000357583505851084
'6140314'	1	3	0.00000000127569993858207
'6140314'	2	3	0.00000000228176153694652
'6140314'	3	3	0.00000000673359419389813
'6140314'	4	3	0.00000000133655227068968
'6140316'	1	3	0.000000000150679579889222
'6140316'	2	3	0.000000000301302672098954
'6140316'	3	3	0.000000000547903147309658
'6140316'	4	3	0.000000000177980281638248
'6140318'	1	3	0.000000000131422466125274
'6140318'	2	3	0.000000000242366110918773
'6140318'	3	3	0.000000000538478562395024
'6140318'	4	3	0.000000000135267202436477
'6140320'	1	3	0.00000000155267703524317
'6140320'	2	3	0.00000000279121771924637
'6140320'	3	3	0.00000000717255917631898
'6140320'	4	3	0.00000000175418811184991
'6140322'	1	3	0.000000000217640760826098
'6140322'	2	3	0.000000000318676803735223
'6140322'	3	3	0.000000000855003333169162
'6140322'	4	3	0.000000000226239092918282
'6140324'	1	3	0.00000000244075732443519
'6140324'	2	3	0.00000000361696626866191
'6140324'	3	3	0.0000000098383995989642
'6140324'	4	3	0.00000000247955078188548
'6140326'	1	3	0.0000000234659081778628
'6140326'	2	3	0.0000000323343829004585
'6140326'	3	3	0.000000075616811702265
'6140326'	4	3	0.0000000217790497672496
'6140328'	1	3	0.00000000162032629187672
'6140328'	2	3	0.00000000256706082507173
'6140328'	3	3	0.00000000746588380270743
'6140328'	4	3	0.00000000168877494900081
'6140330'	1	3	0.000000000333340834449256
'6140330'	2	3	0.000000000707580525959276
'6140330'	3	3	0.00000000180232733018219
'6140330'	4	3	0.000000000373212621656838
'6140332'	1	3	0.000000000459320732797208
'6140332'	2	3	0.000000000795750970512892
'6140332'	3	3	0.00000000215270761405657
'6140332'	4	3	0.000000000480790292820365
'6140336'	1	3	0.00000000352522708141855
'6140336'	2	3	0.00000000409213038249957
'6140336'	3	3	0.00000000801291433007118
'6140336'	4	3	0.00000000306348778148209
'6140338'	1	3	0.00000000214598742977003
'6140338'	2	3	0.00000000242347333297978
'6140338'	3	3	0.00000000405262754359404
'6140338'	4	3	0.00000000181618646751517
'6140340'	1	3	0.000000000902801352505909
'6140340'	2	3	0.00000000120300104781704
'6140340'	3	3	0.00000000333340253044709
'6140340'	4	3	0.000000000874564354468394
'6140342'	1	3	0.0000000646333084867273
'6140342'	2	3	0.0000000631844666697233
'6140342'	3	3	0.000000140226650313235
'6140342'	4	3	0.000000052780523852703
'6140344'	1	3	0.0000000260793958920191
'6140344'	2	3	0.0000000269279653514526
'6140344'	3	3	0.0000000684832355947244
'6140344'	4	3	0.0000000217776235482549
'6140346'	1	3	0.00000000273561432084626
'6140346'	2	3	0.00000000618156262375833
'6140346'	3	3	0.0000000169117024309901
'6140346'	4	3	0.00000000331706973171197
'6140348'	1	3	0.00000000191579413605371
'6140348'	2	3	0.00000000234840618263692
'6140348'	3	3	0.00000000606322578339509
'6140348'	4	3	0.00000000164448543545261
'6140350'	1	3	0.0000000030322200944713
'6140350'	2	3	0.0000000046799575570544
'6140350'	3	3	0.0000000109805478129471
'6140350'	4	3	0.00000000311178955470106
'6140352'	1	3	0.00000000504099025892928
'6140352'	2	3	0.000000010821759010473
'6140352'	3	3	0.0000000223830498290445
'6140352'	4	3	0.0000000060809043373884
'6140356'	1	3	0.00000000170776575293022
'6140356'	2	3	0.00000000293391959563772
'6140356'	3	3	0.00000000664878770191098
'6140356'	4	3	0.00000000169034071829185
'6140358'	1	3	0.00000000220950757113269
'6140358'	2	3	0.00000000258524084596236
'6140358'	3	3	0.00000000545481248109164
'6140358'	4	3	0.00000000190720315995289
'6140360'	1	3	0.000000039907945363781
'6140360'	2	3	0.0000000378132503846512
'6140360'	3	3	0.0000000670718348805772
'6140360'	4	3	0.0000000328532015719948
'6140362'	1	3	0.00000000366927093144206
'6140362'	2	3	0.00000000658372099870657
'6140362'	3	3	0.0000000147966141154799
'6140362'	4	3	0.00000000390484856325219
'6140364'	1	3	0.000000002109841212379
'6140364'	2	3	0.00000000388079283828499
'6140364'	3	3	0.00000000976754485848747
'6140364'	4	3	0.00000000228100596436826
'6140366'	1	3	0.000000000520475013060876
'6140366'	2	3	0.000000000925012072814031
'6140366'	3	3	0.00000000218164443547794
'6140366'	4	3	0.000000000530574655088735
'6140368'	1	3	0.000000000343569892695553
'6140368'	2	3	0.000000000735248474177662
'6140368'	3	3	0.0000000015663965224988
'6140368'	4	3	0.000000000415939557288874
'6140370'	1	3	0.00000000475180528305046
'6140370'	2	3	0.00000000819260663733016
'6140370'	3	3	0.0000000221676709316893
'6140370'	4	3	0.00000000493502799366047
'6140372'	1	3	0.000000000358420849149198
'6140372'	2	3	0.000000000822082723289681
'6140372'	3	3	0.00000000197561498049638
'6140372'	4	3	0.000000000427685845214522
'6140374'	1	3	0.00000000867605420668381
'6140374'	2	3	0.00000000964425369552445
'6140374'	3	3	0.0000000200731815167718
'6140374'	4	3	0.00000000786142940045861
'6140376'	1	3	0.00000000446225795887175
'6140376'	2	3	0.00000000794916019944571
'6140376'	3	3	0.0000000214958070319476
'6140376'	4	3	0.00000000465953528569746
'6140380'	1	3	0.00000000095224673567418
'6140380'	2	3	0.00000000124437163759887
'6140380'	3	3	0.00000000274651154243203
'6140380'	4	3	0.000000000903563760719878
'6140382'	1	3	0.000000000976811895139267
'6140382'	2	3	0.00000000170839182446276
'6140382'	3	3	0.00000000502791617727342
'6140382'	4	3	0.00000000106141085537908
'6140384'	1	3	0.000000000770288673285353
'6140384'	2	3	0.00000000152287824033954
'6140384'	3	3	0.00000000335309048771955
'6140384'	4	3	0.000000000810059779594219
'6140386'	1	3	0.000000000849861062324817
'6140386'	2	3	0.00000000177146628467502
'6140386'	3	3	0.00000000370029948694943
'6140386'	4	3	0.00000000099872681375807
'6140388'	1	3	0.0000000347801480422659
'6140388'	2	3	0.0000000765099204586422
'6140388'	3	3	0.000000208803783899865
'6140388'	4	3	0.0000000393488695859946
'6140390'	1	3	0.00000000712400998718239
'6140390'	2	3	0.0000000105264762905995
'6140390'	3	3	0.0000000194851707860214
'6140390'	4	3	0.00000000782763311201848
'6140392'	1	3	0.00000000174495490855172
'6140392'	2	3	0.00000000438717802405462
'6140392'	3	3	0.0000000119027072000405
'6140392'	4	3	0.00000000221588647258597
'6140394'	1	3	0.0000000068984734569797
'6140394'	2	3	0.0000000152495663007296
'6140394'	3	3	0.0000000355961932908073
'6140394'	4	3	0.00000000901189751359081
'6140396'	1	3	0.000000295439367573816
'6140396'	2	3	0.000000484257910612498
'6140396'	3	3	0.00000107252710546337
'6140396'	4	3	0.000000341596314794006
'6140398'	1	3	0.00000000180212442402068
'6140398'	2	3	0.0000000033091393994482
'6140398'	3	3	0.00000000750146780234349
'6140398'	4	3	0.000000002065244998557
'6140402'	1	3	0.000000125088080059742
'6140402'	2	3	0.000000189335730991874
'6140402'	3	3	0.000000392436146128627
'6140402'	4	3	0.000000126430501195408
'6140404'	1	3	0.000000000640142085151916
'6140404'	2	3	0.00000000122016875108668
'6140404'	3	3	0.00000000211702195921862
'6140404'	4	3	0.000000000819577559804298
'6140406'	1	3	0.0000000566809971092181
'6140406'	2	3	0.0000000891390901373036
'6140406'	3	3	0.000000257411266827015
'6140406'	4	3	0.0000000609500399633616
'6140408'	1	3	0.00000000173866156930881
'6140408'	2	3	0.00000000498590367730566
'6140408'	3	3	0.0000000146774558811433
'6140408'	4	3	0.00000000223925713509099
'6140410'	1	3	0.000000162645377521033
'6140410'	2	3	0.000000280391722189282
'6140410'	3	3	0.000000846914972994629
'6140410'	4	3	0.000000166762113060779
'6140414'	1	3	0.0000000380047865348826
'6140414'	2	3	0.0000000599912917632083
'6140414'	3	3	0.000000201749627960341
'6140414'	4	3	0.0000000421358533426819
'6140416'	1	3	0.00000000565705598262463
'6140416'	2	3	0.00000000935232210691638
'6140416'	3	3	0.0000000318722459565743
'6140416'	4	3	0.00000000622137676406334
'6140418'	1	3	0.00000000335495587358237
'6140418'	2	3	0.00000000732384407773407
'6140418'	3	3	0.0000000219364264824266
'6140418'	4	3	0.00000000386698629762677
'6140420'	1	3	0.000000036496681538645
'6140420'	2	3	0.0000000574151499819214
'6140420'	3	3	0.000000166739417735576
'6140420'	4	3	0.0000000388411654030197
'6140422'	1	3	0.00000000378510059423611
'6140422'	2	3	0.00000000947639479540955
'6140422'	3	3	0.0000000292885135207352
'6140422'	4	3	0.00000000489778768682928
'6140426'	1	3	0.000000000306304814939132
'6140426'	2	3	0.000000000537571640739686
'6140426'	3	3	0.00000000114089442026893
'6140426'	4	3	0.000000000323317329136756
'6140428'	1	3	0.000000000756260746753711
'6140428'	2	3	0.00000000104137341889604
'6140428'	3	3	0.00000000276910362387910
'6140428'	4	3	0.000000000744973678054748
'6140430'	1	3	0.00000000176131515431534
'6140430'	2	3	0.00000000419118774349914
'6140430'	3	3	0.00000000818640582619066
'6140430'	4	3	0.00000000224616656802488
'6140432'	1	3	0.000000000813255465295169
'6140432'	2	3	0.00000000179613445506965
'6140432'	3	3	0.00000000354285854197543
'6140432'	4	3	0.00000000104416037343633
'6140434'	1	3	0.000000000624339475003127
'6140434'	2	3	0.000000000808061859765278
'6140434'	3	3	0.00000000200500551032964
'6140434'	4	3	0.000000000620493326295428
'6140436'	1	3	0.00000000293542417026175
'6140436'	2	3	0.00000000422575163901436
'6140436'	3	3	0.0000000107411814997023
'6140436'	4	3	0.00000000275547036307914
'6140438'	1	3	0.00000000156979258094876
'6140438'	2	3	0.00000000205182620600868
'6140438'	3	3	0.00000000516965953865419
'6140438'	4	3	0.000000001585692243376
'6140442'	1	3	0.00000000466951967006234
'6140442'	2	3	0.00000000490167029382392
'6140442'	3	3	0.0000000116460350205948
'6140442'	4	3	0.00000000387120593890076
'6140444'	1	3	0.000000000522349902153556
'6140444'	2	3	0.000000000946044420636792
'6140444'	3	3	0.00000000221021426135082
'6140444'	4	3	0.000000000542920148535864
'6140448'	1	3	0.000000000458742594678988
'6140448'	2	3	0.000000000787472188395445
'6140448'	3	3	0.00000000186972288912437
'6140448'	4	3	0.000000000472375550195216
'6140450'	1	3	0.00000000685926260148486
'6140450'	2	3	0.0000000105524892632047
'6140450'	3	3	0.0000000278069494488363
'6140450'	4	3	0.00000000673945108583271
'6140452'	1	3	0.00000000134217770443316
'6140452'	2	3	0.00000000217771053676953
'6140452'	3	3	0.00000000645428410984657
'6140452'	4	3	0.00000000139178102727033
'6140454'	1	3	0.00000000102643997694313
'6140454'	2	3	0.00000000162607207116524
'6140454'	3	3	0.0000000047892110234138
'6140454'	4	3	0.00000000105885456180272
'6140456'	1	3	0.000000000266601118488241
'6140456'	2	3	0.00000000042630247521808
'6140456'	3	3	0.000000000847950454284626
'6140456'	4	3	0.000000000307508120847516
'6140458'	1	3	0.00000000206913632248867
'6140458'	2	3	0.00000000322303780552182
'6140458'	3	3	0.00000000889516820755011
'6140458'	4	3	0.00000000214199845085464
'6140460'	1	3	0.00000000237704034321841
'6140460'	2	3	0.00000000399995277228712
'6140460'	3	3	0.0000000110780726048342
'6140460'	4	3	0.00000000240024707373445
'6140462'	1	3	0.0000000000207814918420117
'6140462'	2	3	0.0000000000134573814168781
'6140462'	3	3	0.0000000000126052455066355
'6140462'	4	3	0.0000000000160808323381178
'6140464'	1	3	0.0000000131726406851884
'6140464'	2	3	0.0000000201437009626789
'6140464'	3	3	0.0000000392974050909616
'6140464'	4	3	0.0000000146215375781627
'6140466'	1	3	0.00000232012620771309
'6140466'	2	3	0.00000365169452582987
'6140466'	3	3	0.0000100549933895532
'6140466'	4	3	0.0000024808614853825
'6140468'	1	3	0.00000000482230287688572
'6140468'	2	3	0.00000000815395032670587
'6140468'	3	3	0.0000000201019710234279
'6140468'	4	3	0.00000000527313646124712
'6140470'	1	3	0.000000057126967014477
'6140470'	2	3	0.0000000563803848943524
'6140470'	3	3	0.0000000978348975248619
'6140470'	4	3	0.0000000481335482712369
'6140752'	1	3	0.00000000282687217246505
'6140752'	2	3	0.00000000418014665055583
'6140752'	3	3	0.000000010286042608928
'6140752'	4	3	0.00000000313248641160093
'6140754'	1	3	0.000000000586897835722932
'6140754'	2	3	0.00000000104386958759482
'6140754'	3	3	0.00000000252182636048111
'6140754'	4	3	0.000000000648303063530994
'6140758'	1	3	0.00000000106229151227986
'6140758'	2	3	0.00000000213365546287048
'6140758'	3	3	0.00000000484238250971772
'6140758'	4	3	0.00000000125952502272059
'6140760'	1	3	0.000000000793521246167795
'6140760'	2	3	0.00000000167987909269402
'6140760'	3	3	0.00000000501307200841314
'6140760'	4	3	0.000000000932274490025007
'6140762'	1	3	0.000000000261006161716321
'6140762'	2	3	0.000000000538546026893414
'6140762'	3	3	0.00000000118460401886053
'6140762'	4	3	0.000000000294659501309794
'6140764'	1	3	0.00000000288284011539451
'6140764'	2	3	0.00000000581082712039447
'6140764'	3	3	0.0000000121659944112117
'6140764'	4	3	0.00000000344320478646076
'6140766'	1	3	0.00000000056966077467996
'6140766'	2	3	0.00000000137978225253542
'6140766'	3	3	0.00000000320140874587316
'6140766'	4	3	0.000000000828273440448476
'6140768'	1	3	0.000000000173554218711902
'6140768'	2	3	0.000000000453608816989935
'6140768'	3	3	0.00000000124138938826863
'6140768'	4	3	0.000000000228686293276908
'6140770'	1	3	0.000000000355634498028401
'6140770'	2	3	0.000000000742721816135051
'6140770'	3	3	0.00000000204625358478323
'6140770'	4	3	0.000000000405839975390759
'6140772'	1	3	0.00000000092628541222258
'6140772'	2	3	0.00000000131079219460099
'6140772'	3	3	0.00000000281291973992299
'6140772'	4	3	0.000000000932236680186247
'6140778'	1	3	0.00000000259675780556475
'6140778'	2	3	0.00000000425702109331603
'6140778'	3	3	0.00000000953731556155764
'6140778'	4	3	0.00000000292881590507314
'6140780'	1	3	0.000000000215859062935449
'6140780'	2	3	0.000000000709062297538375
'6140780'	3	3	0.00000000204386227470218
'6140780'	4	3	0.000000000381820199914687
'6140782'	1	3	0.000000000554658170921413
'6140782'	2	3	0.00000000106019082851215
'6140782'	3	3	0.00000000333828488137505
'6140782'	4	3	0.000000000635124916059976
'6140784'	1	3	0.000000000163251323563513
'6140784'	2	3	0.000000000321346943303828
'6140784'	3	3	0.000000000786304589497884
'6140784'	4	3	0.000000000181608203961951
'6140786'	1	3	0.000000000162620389642424
'6140786'	2	3	0.000000000380179260095643
'6140786'	3	3	0.00000000109417051266994
'6140786'	4	3	0.000000000204452388988185
'6140788'	1	3	0.000000000155774847578499
'6140788'	2	3	0.000000000401974383381447
'6140788'	3	3	0.00000000115564349982999
'6140788'	4	3	0.000000000203348260565283
'6140794'	1	3	0.00000000119084231851701
'6140794'	2	3	0.00000000213540679245607
'6140794'	3	3	0.00000000623822760944032
'6140794'	4	3	0.00000000126211315096995
'6140796'	1	3	0.0000000000959853292102313
'6140796'	2	3	0.000000000233079279755106
'6140796'	3	3	0.000000000628071370261597
'6140796'	4	3	0.000000000122031691814437
'6140798'	1	3	0.000000000193945164464771
'6140798'	2	3	0.000000000327510259693362
'6140798'	3	3	0.000000000710773202908352
'6140798'	4	3	0.000000000203790523931411
'6140800'	1	3	0.00000000177872805756243
'6140800'	2	3	0.00000000318858469416106
'6140800'	3	3	0.00000000694318450593536
'6140800'	4	3	0.00000000204346892150722
'6140804'	1	3	0.000000000403885522214015
'6140804'	2	3	0.000000000798161528228799
'6140804'	3	3	0.00000000239595553489967
'6140804'	4	3	0.00000000045886607647267
'6140806'	1	3	0.000000000805026420382718
'6140806'	2	3	0.00000000164210247279407
'6140806'	3	3	0.00000000432084220216585
'6140806'	4	3	0.000000000938715560708606
'6140808'	1	3	0.000000000901574246719615
'6140808'	2	3	0.00000000174899470076322
'6140808'	3	3	0.00000000410610680934547
'6140808'	4	3	0.00000000101895330023424
'6140810'	1	3	0.00000000050632353995305
'6140810'	2	3	0.0000000012541258124613
'6140810'	3	3	0.00000000390861737168259
'6140810'	4	3	0.000000000792792636533384
'6140814'	1	3	0.00000000118690137844297
'6140814'	2	3	0.0000000028010161995868
'6140814'	3	3	0.00000000696668150639697
'6140814'	4	3	0.00000000151645346740778
'6140816'	1	3	0.000000000251720897570916
'6140816'	2	3	0.000000000439868884549301
'6140816'	3	3	0.00000000108554707697833
'6140816'	4	3	0.000000000265807103325211
'6140818'	1	3	0.000000000359667025467186
'6140818'	2	3	0.000000000826618315034875
'6140818'	3	3	0.00000000238271767610941
'6140818'	4	3	0.000000000484459362569041
'6140820'	1	3	0.000000000089145570157248
'6140820'	2	3	0.000000000223411017892325
'6140820'	3	3	0.000000000664851767767228
'6140820'	4	3	0.000000000115599754700983
'6140822'	1	3	0.000000000975698998770899
'6140822'	2	3	0.00000000249020531616234
'6140822'	3	3	0.00000000602932980864286
'6140822'	4	3	0.00000000138389821038126
'6140826'	1	3	0.000000000144046072240969
'6140826'	2	3	0.000000000381278841913819
'6140826'	3	3	0.00000000103958211290879
'6140826'	4	3	0.0000000001991960199585
'6140830'	1	3	0.00000000239874585325361
'6140830'	2	3	0.00000000416438997955577
'6140830'	3	3	0.0000000152917810726951
'6140830'	4	3	0.00000000241073224174573
'6140832'	1	3	0.000000000148878090503555
'6140832'	2	3	0.000000000458517313285361
'6140832'	3	3	0.00000000121430714999513
'6140832'	4	3	0.000000000232988893930358
'6140834'	1	3	0.0000000000633684261890057
'6140834'	2	3	0.000000000186481278954522
'6140834'	3	3	0.000000000479150096370018
'6140834'	4	3	0.0000000000967221518950969
'6140836'	1	3	0.000000000409492309389777
'6140836'	2	3	0.000000000997446863915076
'6140836'	3	3	0.00000000242398998081710
'6140836'	4	3	0.00000000054723402495885
'6140838'	1	3	0.000000000100141635187865
'6140838'	2	3	0.000000000270923594531626
'6140838'	3	3	0.000000000710444175133754
'6140838'	4	3	0.00000000015024823918442
'6140842'	1	3	0.0000000000605352285269435
'6140842'	2	3	0.000000000125334012032251
'6140842'	3	3	0.0000000002993131660637
'6140842'	4	3	0.0000000000681208563757835
'6140846'	1	3	0.000000000224765351791512
'6140846'	2	3	0.0000000007279870588434
'6140846'	3	3	0.00000000221001593837795
'6140846'	4	3	0.000000000349528393008764
'6140848'	1	3	0.00000000028628773250425
'6140848'	2	3	0.000000000775436951464676
'6140848'	3	3	0.00000000187117454968687
'6140848'	4	3	0.000000000430948569784078
'6140852'	1	3	0.000000000207293514321791
'6140852'	2	3	0.000000000387987642319189
'6140852'	3	3	0.000000000999888975834736
'6140852'	4	3	0.000000000232706033278385
'6140854'	1	3	0.000000000587285073754037
'6140854'	2	3	0.00000000160496169657893
'6140854'	3	3	0.00000000395419244342493
'6140854'	4	3	0.000000000815216605846407
'6140856'	1	3	0.000000000399136720228388
'6140856'	2	3	0.0000000010466075291755
'6140856'	3	3	0.00000000307268472102689
'6140856'	4	3	0.000000000604075296162195
'6140858'	1	3	0.0000000000883935164141612
'6140858'	2	3	0.000000000292639860913496
'6140858'	3	3	0.000000000834892809629538
'6140858'	4	3	0.000000000154193667700944
'6140860'	1	3	0.000000000599261213716346
'6140860'	2	3	0.00000000143190561372829
'6140860'	3	3	0.0000000033614200289897
'6140860'	4	3	0.000000000837365766015167
'6140864'	1	3	0.000000000503195299248573
'6140864'	2	3	0.00000000137893920866797
'6140864'	3	3	0.00000000329195428798209
'6140864'	4	3	0.000000000765250150400307
'6140866'	1	3	0.000000000313598401516928
'6140866'	2	3	0.00000000063987477060457
'6140866'	3	3	0.00000000184414310751869
'6140866'	4	3	0.000000000376417544972108
'6140868'	1	3	0.000000000303848048785531
'6140868'	2	3	0.000000000644879260186726
'6140868'	3	3	0.00000000175200997669533
'6140868'	4	3	0.00000000036981739270975
'6140872'	1	3	0.000000000358718436645806
'6140872'	2	3	0.000000000641549387780036
'6140872'	3	3	0.00000000218663178421248
'6140872'	4	3	0.000000000391210672428308
'6140874'	1	3	0.000000000111048326799776
'6140874'	2	3	0.000000000301778133933272
'6140874'	3	3	0.000000000736042359560671
'6140874'	4	3	0.000000000150782106419356
'6140876'	1	3	0.000000000132661212406844
'6140876'	2	3	0.000000000301483896821292
'6140876'	3	3	0.000000000762357570619946
'6140876'	4	3	0.000000000177875175171018
'6140878'	1	3	0.000000000573822063816088
'6140878'	2	3	0.00000000152779397351519
'6140878'	3	3	0.00000000448308841033176
'6140878'	4	3	0.000000000830995774944037
'6140880'	1	3	0.00000000114749368101645
'6140880'	2	3	0.00000000308630702461589
'6140880'	3	3	0.00000000879433137203063
'6140880'	4	3	0.00000000167245231657973
'6140882'	1	3	0.0000000280230406182647
'6140882'	2	3	0.0000000550664239191631
'6140882'	3	3	0.0000001148736538348
'6140882'	4	3	0.0000000329502859836918
'6140884'	1	3	0.000000000281358969060089
'6140884'	2	3	0.00000000067045451554958
'6140884'	3	3	0.00000000187762125410208
'6140884'	4	3	0.000000000379517573766704
'6140886'	1	3	0.000000000219450155520448
'6140886'	2	3	0.000000000456574613202722
'6140886'	3	3	0.00000000135114520287031
'6140886'	4	3	0.000000000255531075458155
'6140888'	1	3	0.00000000264921029435152
'6140888'	2	3	0.00000000501023693460633
'6140888'	3	3	0.0000000108956873895572
'6140888'	4	3	0.00000000310101323810946
'6140892'	1	3	0.000000000511712041255617
'6140892'	2	3	0.000000000767713064224289
'6140892'	3	3	0.00000000172709981895188
'6140892'	4	3	0.000000000571452975439173
'6140894'	1	3	0.00000000135250188122324
'6140894'	2	3	0.00000000272108327224696
'6140894'	3	3	0.00000000746407619987974
'6140894'	4	3	0.00000000163728866190873
'6140896'	1	3	0.000000000190772472928908
'6140896'	2	3	0.000000000598345027582633
'6140896'	3	3	0.00000000179803958586716
'6140896'	4	3	0.000000000297457255967435
'6140900'	1	3	0.0000000000861969034503409
'6140900'	2	3	0.000000000205695835825328
'6140900'	3	3	0.000000000504871414925596
'6140900'	4	3	0.000000000116377102378904
'6140902'	1	3	0.000000000128788159956231
'6140902'	2	3	0.000000000319464316429256
'6140902'	3	3	0.000000000793086422196917
'6140902'	4	3	0.000000000172225861932238
'6140904'	1	3	0.000000000474970582967771
'6140904'	2	3	0.00000000116551782456055
'6140904'	3	3	0.00000000292088357090152
'6140904'	4	3	0.000000000620630436175237
'6140906'	1	3	0.000000000174460130224045
'6140906'	2	3	0.000000000372745637974039
'6140906'	3	3	0.000000000926736708367837
'6140906'	4	3	0.000000000226396991453811
'6140908'	1	3	0.0000000000962146063877663
'6140908'	2	3	0.000000000190317627528132
'6140908'	3	3	0.000000000646744087750749
'6140908'	4	3	0.000000000142120038621129
'6140910'	1	3	0.000000000759594616883432
'6140910'	2	3	0.00000000146981534631241
'6140910'	3	3	0.00000000639974879280199
'6140910'	4	3	0.00000000114144749400069
'6140914'	1	3	0.000000000196690387813255
'6140914'	2	3	0.000000000379539941850581
'6140914'	3	3	0.000000000940255987074573
'6140914'	4	3	0.000000000236131462675449
'6140916'	1	3	0.00000000127065227483355
'6140916'	2	3	0.00000000249806599858483
'6140916'	3	3	0.00000000728671056128045
'6140916'	4	3	0.00000000163769119353812
'6140918'	1	3	0.0000000000715200900045268
'6140918'	2	3	0.00000000017336386743067
'6140918'	3	3	0.000000000473040655243304
'6140918'	4	3	0.000000000101807857765835
'6140920'	1	3	0.000000000176212738266212
'6140920'	2	3	0.000000000419406525648169
'6140920'	3	3	0.00000000101271607573358
'6140920'	4	3	0.000000000234249412181828
'6140924'	1	3	0.00000000281999009584530
'6140924'	2	3	0.00000000627411794347883
'6140924'	3	3	0.0000000163117097386295
'6140924'	4	3	0.00000000380314434935722
'6140926'	1	3	0.000000000169019697887746
'6140926'	2	3	0.000000000350503981248419
'6140926'	3	3	0.000000000926334675352708
'6140926'	4	3	0.000000000201879795805304
'6140928'	1	3	0.00000000395630103170289
'6140928'	2	3	0.00000000668328120852872
'6140928'	3	3	0.0000000205734374301243
'6140928'	4	3	0.0000000045894533347415
'6140930'	1	3	0.000000000330301915920324
'6140930'	2	3	0.000000000654728645483877
'6140930'	3	3	0.00000000148356895822435
'6140930'	4	3	0.000000000413028484329104
'6140932'	1	3	0.000000000468849241464582
'6140932'	2	3	0.000000000972180043898793
'6140932'	3	3	0.00000000231782432843607
'6140932'	4	3	0.000000000665535310982703
'6140934'	1	3	0.000000000242834268665074
'6140934'	2	3	0.000000000554866097561368
'6140934'	3	3	0.00000000129596190829205
'6140934'	4	3	0.000000000349328951356241
'6140938'	1	3	0.000000000374915221307618
'6140938'	2	3	0.000000000803137750310276
'6140938'	3	3	0.00000000150907025749542
'6140938'	4	3	0.000000000490261875489102
'6140940'	1	3	0.0000000471795613168914
'6140940'	2	3	0.0000000738964686592396
'6140940'	3	3	0.000000133096711758207
'6140940'	4	3	0.0000000521037752163827
'6140942'	1	3	0.0000000711326795013195
'6140942'	2	3	0.000000123790714816335
'6140942'	3	3	0.000000211500092002467
'6140942'	4	3	0.0000000794320845111712
'6140944'	1	3	0.000000000457259392066437
'6140944'	2	3	0.000000000933967073430921
'6140944'	3	3	0.0000000018262585168972
'6140944'	4	3	0.000000000586655085090336
'6140946'	1	3	0.00000000017212917098551
'6140946'	2	3	0.00000000035965932135286
'6140946'	3	3	0.000000000767134295392594
'6140946'	4	3	0.00000000023814086462982
'6140948'	1	3	0.000000000301291102660162
'6140948'	2	3	0.000000000537869378849041
'6140948'	3	3	0.00000000177984422332942
'6140948'	4	3	0.000000000335826916323329
'6140952'	1	3	0.0000000000901793385413091
'6140952'	2	3	0.000000000162822994151616
'6140952'	3	3	0.0000000003010417883717
'6140952'	4	3	0.000000000112673817022197
'6141024'	1	3	0.00000133976315172379
'6141024'	2	3	0.00000208393219544517
'6141024'	3	3	0.00000616727989586611
'6141024'	4	3	0.00000144277165978127
'6141030'	1	3	0.000000000464719620975955
'6141030'	2	3	0.000000000907410742979969
'6141030'	3	3	0.00000000261987596197269
'6141030'	4	3	0.000000000511669537443551
'6141032'	1	3	0.000000000375647130215645
'6141032'	2	3	0.000000000668048512109481
'6141032'	3	3	0.00000000143711580410057
'6141032'	4	3	0.00000000045335311894909
'6141034'	1	3	0.000000000145447460090794
'6141034'	2	3	0.000000000294249392767695
'6141034'	3	3	0.000000000764713822897916
'6141034'	4	3	0.000000000165319884593355
'6141038'	1	3	0.00000000132446064963908
'6141038'	2	3	0.00000000178739822449695
'6141038'	3	3	0.00000000340600962823297
'6141038'	4	3	0.00000000139153515511448
'6141042'	1	3	0.00000000117826063513391
'6141042'	2	3	0.00000000217210793860188
'6141042'	3	3	0.00000000638483109808556
'6141042'	4	3	0.00000000132967995050219
'6141046'	1	3	0.0000000282115833299155
'6141046'	2	3	0.0000000383990175026172
'6141046'	3	3	0.0000000733370328952606
'6141046'	4	3	0.0000000291771608321078
'6141050'	1	3	0.000000000117322566466402
'6141050'	2	3	0.000000000318076756603481
'6141050'	3	3	0.000000000877956874210278
'6141050'	4	3	0.000000000158784308177756
'6141054'	1	3	0.00000000306055385583162
'6141054'	2	3	0.00000000398330058425004
'6141054'	3	3	0.00000000754916070932818
'6141054'	4	3	0.00000000304629574231029
'6141056'	1	3	0.0000000000791870421810866
'6141056'	2	3	0.0000000001595583642511
'6141056'	3	3	0.000000000340282688921108
'6141056'	4	3	0.0000000000900039105472909
'6141060'	1	3	0.000000000585696889292071
'6141060'	2	3	0.000000000951263301905345
'6141060'	3	3	0.00000000175317769071035
'6141060'	4	3	0.000000000618926463932813
'6141062'	1	3	0.00000000277423382694642
'6141062'	2	3	0.00000000435880632538744
'6141062'	3	3	0.0000000102281908715644
'6141062'	4	3	0.0000000029919352947631
'6141064'	1	3	0.000000000584661198168416
'6141064'	2	3	0.00000000097189070155219
'6141064'	3	3	0.00000000211972246909908
'6141064'	4	3	0.000000000611007679624407
'6141066'	1	3	0.00000000156202817000848
'6141066'	2	3	0.00000000321134743244713
'6141066'	3	3	0.00000000836836889920847
'6141066'	4	3	0.0000000019715971800471
'6141070'	1	3	0.000000000442846475451562
'6141070'	2	3	0.000000000851991866401068
'6141070'	3	3	0.00000000203440687481846
'6141070'	4	3	0.000000000515995015174597
'6141074'	1	3	0.00000000017382211998547
'6141074'	2	3	0.000000000291944929085806
'6141074'	3	3	0.000000000616919530287214
'6141074'	4	3	0.000000000186689773529686
'6141076'	1	3	0.000000000164694203760956
'6141076'	2	3	0.000000000338835520723118
'6141076'	3	3	0.000000000815557552977131
'6141076'	4	3	0.000000000189502304958864
'6141084'	1	3	0.000000000233668181210067
'6141084'	2	3	0.000000000387017411800038
'6141084'	3	3	0.00000000101849076592839
'6141084'	4	3	0.000000000253570714611706
'6141086'	1	3	0.000000000108232718759801
'6141086'	2	3	0.000000000168028656267398
'6141086'	3	3	0.000000000465844354809944
'6141086'	4	3	0.000000000110193269519217
'6141090'	1	3	0.000000000293312431623271
'6141090'	2	3	0.000000000472994894735978
'6141090'	3	3	0.00000000120851197877459
'6141090'	4	3	0.000000000319082160333288
'6141100'	1	3	0.000000000209704881315955
'6141100'	2	3	0.000000000469932679183
'6141100'	3	3	0.00000000126637180197658
'6141100'	4	3	0.000000000261254434152362
'6141104'	1	3	0.000000000225004183001331
'6141104'	2	3	0.000000000404270665107367
'6141104'	3	3	0.0000000012544411161385
'6141104'	4	3	0.000000000263562092015202
'6141106'	1	3	0.000000000140653194658082
'6141106'	2	3	0.000000000247133172318223
'6141106'	3	3	0.000000000707335557329634
'6141106'	4	3	0.000000000164101762509173
'6141108'	1	3	0.0000000000431187809450024
'6141108'	2	3	0.0000000000728743067416823
'6141108'	3	3	0.000000000179636297019024
'6141108'	4	3	0.0000000000490327982126514
'6141110'	1	3	0.000000000385300004934889
'6141110'	2	3	0.000000000623889671159602
'6141110'	3	3	0.00000000171055648145259
'6141110'	4	3	0.000000000433673608742376
'6141112'	1	3	0.00000000162022937319614
'6141112'	2	3	0.00000000374165032534713
'6141112'	3	3	0.0000000130901255379943
'6141112'	4	3	0.00000000211821644237604
'6141126'	1	3	0.00000000096341769358659
'6141126'	2	3	0.00000000182903109682712
'6141126'	3	3	0.00000000425572650167299
'6141126'	4	3	0.00000000102788568326171
'6141128'	1	3	0.0000000016272430046467
'6141128'	2	3	0.00000000302270049013745
'6141128'	3	3	0.00000000659845344576127
'6141128'	4	3	0.00000000174739434832253
'6141130'	1	3	0.00000000128704841346426
'6141130'	2	3	0.00000000245308463185785
'6141130'	3	3	0.00000000532763405649293
'6141130'	4	3	0.00000000152997837502549
'6141148'	1	3	0.0000000432415696795833
'6141148'	2	3	0.0000000864088584626152
'6141148'	3	3	0.000000187144332353696
'6141148'	4	3	0.0000000469269835034357
'6141150'	1	3	0.00000100114610501111
'6141150'	2	3	0.00000175843797867144
'6141150'	3	3	0.00000420107795171284
'6141150'	4	3	0.00000103011409312008
'6141152'	1	3	0.0000000458404733697469
'6141152'	2	3	0.0000000933157963876366
'6141152'	3	3	0.000000259882394883895
'6141152'	4	3	0.0000000541986547422904
'6141154'	1	3	0.0000000107512042721677
'6141154'	2	3	0.000000021051395752423
'6141154'	3	3	0.0000000545463417633977
'6141154'	4	3	0.0000000130357046832294
'6141170'	1	3	0.0000000031416106505121
'6141170'	2	3	0.00000000640972860612723
'6141170'	3	3	0.0000000201572377786052
'6141170'	4	3	0.0000000037168233945537
'6141176'	1	3	0.00000000141905432263827
'6141176'	2	3	0.00000000215227618577269
'6141176'	3	3	0.00000000490342224967
'6141176'	4	3	0.00000000172141453108528
'6141178'	1	3	0.000000000835219219469848
'6141178'	2	3	0.00000000162146971949383
'6141178'	3	3	0.00000000395924584154272
'6141178'	4	3	0.00000000106584494993231
'6141180'	1	3	0.00000000581400338982131
'6141180'	2	3	0.0000000134631065959668
'6141180'	3	3	0.0000000407304479483178
'6141180'	4	3	0.00000000778916011583284
'6141184'	1	3	0.0000000888916206820476
'6141184'	2	3	0.000000162181285052604
'6141184'	3	3	0.00000033392269880169
'6141184'	4	3	0.0000000994777018215546
'6141188'	1	3	0.000000000452946757724002
'6141188'	2	3	0.00000000113476057145596
'6141188'	3	3	0.00000000297086330123208
'6141188'	4	3	0.000000000650210875444128
'6141196'	1	3	0.000000000250980998505556
'6141196'	2	3	0.000000000465817927656735
'6141196'	3	3	0.00000000112121862429278
'6141196'	4	3	0.000000000296543046129657
'6141208'	1	3	0.00000000130753879335426
'6141208'	2	3	0.00000000199190696968369
'6141208'	3	3	0.0000000039171776866127
'6141208'	4	3	0.0000000017780269264013
'6141210'	1	3	0.00000000000917436547580543
'6141210'	2	3	0.00000000000925974803039685
'6141210'	3	3	0.0000000000116118903547072
'6141210'	4	3	0.0000000000135443622397217
'6141214'	1	3	0.000000000142985782781711
'6141214'	2	3	0.000000000190719704201459
'6141214'	3	3	0.000000000406402407219145
'6141214'	4	3	0.000000000173868602052257
'6141218'	1	3	0.00000000574806677109895
'6141218'	2	3	0.00000000967409259836164
'6141218'	3	3	0.0000000198752459172911
'6141218'	4	3	0.00000000656532745590528
'6141220'	1	3	0.000000000702255956690888
'6141220'	2	3	0.00000000123957626423943
'6141220'	3	3	0.00000000302934880516515
'6141220'	4	3	0.000000000769700302720399
'6141228'	1	3	0.000000000205822494811002
'6141228'	2	3	0.000000000315872728718192
'6141228'	3	3	0.000000000728470906006685
'6141228'	4	3	0.000000000242309342056147
'6141270'	1	3	0.000000000450818065299253
'6141270'	2	3	0.000000000845407540613733
'6141270'	3	3	0.00000000225468350081481
'6141270'	4	3	0.000000000496135571153631
'6141274'	1	3	0.000000300503287104172
'6141274'	2	3	0.000000445458484625058
'6141274'	3	3	0.00000122460123457101
'6141274'	4	3	0.00000031478525258985
'6141306'	1	3	0.0000000328910644091493
'6141306'	2	3	0.0000000604266757334843
'6141306'	3	3	0.000000144322493855169
'6141306'	4	3	0.0000000341474561266114
'6141308'	1	3	0.000000000470984552340072
'6141308'	2	3	0.000000000882092564662301
'6141308'	3	3	0.00000000194566557681075
'6141308'	4	3	0.000000000507676327437205
'6141310'	1	3	0.000000000930334532848604
'6141310'	2	3	0.00000000216190333814513
'6141310'	3	3	0.00000000576599486669982
'6141310'	4	3	0.00000000133734007766404
'6141312'	1	3	0.000000518535415005123
'6141312'	2	3	0.000000934102026348261
'6141312'	3	3	0.00000201333873893289
'6141312'	4	3	0.000000578999006060676
'6142038'	1	3	0.000000000144064993981694
'6142038'	2	3	0.000000000331381899193007
'6142038'	3	3	0.000000000910432471572951
'6142038'	4	3	0.000000000186400145354458
;

param transfer_coefficients_P1 : 'coeff' :=
;

param riparianload_N1 : 'riparian' :=
'166174961'	1	3	0
'166174961'	2	3	0
'166174961'	3	3	0
'166174961'	4	3	0
'166174962'	1	3	0
'166174962'	2	3	0
'166174962'	3	3	0
'166174962'	4	3	0
'166174963'	1	3	0.263122312483384
'166174963'	2	3	0.243356221020598
'166174963'	3	3	0.180434292215797
'166174963'	4	3	0.231385645396976
'166174966'	1	3	10.7034775481798
'166174966'	2	3	8.56952625552072
'166174966'	3	3	6.63872489222142
'166174966'	4	3	8.14759920933333
'24978249'	1	3	0
'24978249'	2	3	0
'24978249'	3	3	0
'24978249'	4	3	0
'6139942'	1	3	0
'6139942'	2	3	0
'6139942'	3	3	0
'6139942'	4	3	0
'6139944'	1	3	4.93460039094916
'6139944'	2	3	4.68903598743323
'6139944'	3	3	2.59416618160242
'6139944'	4	3	4.5188123254625
'6139946'	1	3	3.87726898049336
'6139946'	2	3	3.72848568922192
'6139946'	3	3	1.9732538659205
'6139946'	4	3	3.57701222912598
'6139948'	1	3	0
'6139948'	2	3	0
'6139948'	3	3	0
'6139948'	4	3	0
'6139950'	1	3	0
'6139950'	2	3	0
'6139950'	3	3	0
'6139950'	4	3	0
'6139952'	1	3	8.877119883476
'6139952'	2	3	8.62497577614518
'6139952'	3	3	3.35282211610115
'6139952'	4	3	8.32634081123247
'6139954'	1	3	0
'6139954'	2	3	0
'6139954'	3	3	0
'6139954'	4	3	0
'6139956'	1	3	0
'6139956'	2	3	0
'6139956'	3	3	0
'6139956'	4	3	0
'6139958'	1	3	0
'6139958'	2	3	0
'6139958'	3	3	0
'6139958'	4	3	0
'6139960'	1	3	0
'6139960'	2	3	0
'6139960'	3	3	0
'6139960'	4	3	0
'6139964'	1	3	0
'6139964'	2	3	0
'6139964'	3	3	0
'6139964'	4	3	0
'6139966'	1	3	0
'6139966'	2	3	0
'6139966'	3	3	0
'6139966'	4	3	0
'6139968'	1	3	0
'6139968'	2	3	0
'6139968'	3	3	0
'6139968'	4	3	0
'6139970'	1	3	0
'6139970'	2	3	0
'6139970'	3	3	0
'6139970'	4	3	0
'6139972'	1	3	0
'6139972'	2	3	0
'6139972'	3	3	0
'6139972'	4	3	0
'6139974'	1	3	0
'6139974'	2	3	0
'6139974'	3	3	0
'6139974'	4	3	0
'6139976'	1	3	0
'6139976'	2	3	0
'6139976'	3	3	0
'6139976'	4	3	0
'6139978'	1	3	0
'6139978'	2	3	0
'6139978'	3	3	0
'6139978'	4	3	0
'6139980'	1	3	0
'6139980'	2	3	0
'6139980'	3	3	0
'6139980'	4	3	0
'6139982'	1	3	0
'6139982'	2	3	0
'6139982'	3	3	0
'6139982'	4	3	0
'6139988'	1	3	0
'6139988'	2	3	0
'6139988'	3	3	0
'6139988'	4	3	0
'6139990'	1	3	0
'6139990'	2	3	0
'6139990'	3	3	0
'6139990'	4	3	0
'6139992'	1	3	0
'6139992'	2	3	0
'6139992'	3	3	0
'6139992'	4	3	0
'6139994'	1	3	0
'6139994'	2	3	0
'6139994'	3	3	0
'6139994'	4	3	0
'6139996'	1	3	0
'6139996'	2	3	0
'6139996'	3	3	0
'6139996'	4	3	0
'6139998'	1	3	0
'6139998'	2	3	0
'6139998'	3	3	0
'6139998'	4	3	0
'6140000'	1	3	0
'6140000'	2	3	0
'6140000'	3	3	0
'6140000'	4	3	0
'6140002'	1	3	0
'6140002'	2	3	0
'6140002'	3	3	0
'6140002'	4	3	0
'6140004'	1	3	0
'6140004'	2	3	0
'6140004'	3	3	0
'6140004'	4	3	0
'6140008'	1	3	0
'6140008'	2	3	0
'6140008'	3	3	0
'6140008'	4	3	0
'6140010'	1	3	0
'6140010'	2	3	0
'6140010'	3	3	0
'6140010'	4	3	0
'6140012'	1	3	0
'6140012'	2	3	0
'6140012'	3	3	0
'6140012'	4	3	0
'6140014'	1	3	0
'6140014'	2	3	0
'6140014'	3	3	0
'6140014'	4	3	0
'6140016'	1	3	0
'6140016'	2	3	0
'6140016'	3	3	0
'6140016'	4	3	0
'6140018'	1	3	0
'6140018'	2	3	0
'6140018'	3	3	0
'6140018'	4	3	0
'6140020'	1	3	0
'6140020'	2	3	0
'6140020'	3	3	0
'6140020'	4	3	0
'6140022'	1	3	0
'6140022'	2	3	0
'6140022'	3	3	0
'6140022'	4	3	0
'6140024'	1	3	0
'6140024'	2	3	0
'6140024'	3	3	0
'6140024'	4	3	0
'6140026'	1	3	0
'6140026'	2	3	0
'6140026'	3	3	0
'6140026'	4	3	0
'6140028'	1	3	0
'6140028'	2	3	0
'6140028'	3	3	0
'6140028'	4	3	0
'6140030'	1	3	0
'6140030'	2	3	0
'6140030'	3	3	0
'6140030'	4	3	0
'6140032'	1	3	1.27671034719338
'6140032'	2	3	1.06027251726931
'6140032'	3	3	0.451977192032377
'6140032'	4	3	0.793575887234423
'6140034'	1	3	0
'6140034'	2	3	0
'6140034'	3	3	0
'6140034'	4	3	0
'6140036'	1	3	2.3809734971795
'6140036'	2	3	2.00373745058317
'6140036'	3	3	0.940314182992029
'6140036'	4	3	1.51520962660822
'6140038'	1	3	0
'6140038'	2	3	0
'6140038'	3	3	0
'6140038'	4	3	0
'6140040'	1	3	0
'6140040'	2	3	0
'6140040'	3	3	0
'6140040'	4	3	0
'6140042'	1	3	0
'6140042'	2	3	0
'6140042'	3	3	0
'6140042'	4	3	0
'6140044'	1	3	0
'6140044'	2	3	0
'6140044'	3	3	0
'6140044'	4	3	0
'6140046'	1	3	0
'6140046'	2	3	0
'6140046'	3	3	0
'6140046'	4	3	0
'6140048'	1	3	0
'6140048'	2	3	0
'6140048'	3	3	0
'6140048'	4	3	0
'6140050'	1	3	0
'6140050'	2	3	0
'6140050'	3	3	0
'6140050'	4	3	0
'6140052'	1	3	0
'6140052'	2	3	0
'6140052'	3	3	0
'6140052'	4	3	0
'6140054'	1	3	0
'6140054'	2	3	0
'6140054'	3	3	0
'6140054'	4	3	0
'6140056'	1	3	0
'6140056'	2	3	0
'6140056'	3	3	0
'6140056'	4	3	0
'6140058'	1	3	0
'6140058'	2	3	0
'6140058'	3	3	0
'6140058'	4	3	0
'6140060'	1	3	0
'6140060'	2	3	0
'6140060'	3	3	0
'6140060'	4	3	0
'6140062'	1	3	0
'6140062'	2	3	0
'6140062'	3	3	0
'6140062'	4	3	0
'6140064'	1	3	0
'6140064'	2	3	0
'6140064'	3	3	0
'6140064'	4	3	0
'6140066'	1	3	0
'6140066'	2	3	0
'6140066'	3	3	0
'6140066'	4	3	0
'6140068'	1	3	0
'6140068'	2	3	0
'6140068'	3	3	0
'6140068'	4	3	0
'6140070'	1	3	0
'6140070'	2	3	0
'6140070'	3	3	0
'6140070'	4	3	0
'6140072'	1	3	0
'6140072'	2	3	0
'6140072'	3	3	0
'6140072'	4	3	0
'6140074'	1	3	0
'6140074'	2	3	0
'6140074'	3	3	0
'6140074'	4	3	0
'6140076'	1	3	0
'6140076'	2	3	0
'6140076'	3	3	0
'6140076'	4	3	0
'6140080'	1	3	0
'6140080'	2	3	0
'6140080'	3	3	0
'6140080'	4	3	0
'6140082'	1	3	0
'6140082'	2	3	0
'6140082'	3	3	0
'6140082'	4	3	0
'6140084'	1	3	0
'6140084'	2	3	0
'6140084'	3	3	0
'6140084'	4	3	0
'6140086'	1	3	0
'6140086'	2	3	0
'6140086'	3	3	0
'6140086'	4	3	0
'6140088'	1	3	0
'6140088'	2	3	0
'6140088'	3	3	0
'6140088'	4	3	0
'6140090'	1	3	0
'6140090'	2	3	0
'6140090'	3	3	0
'6140090'	4	3	0
'6140092'	1	3	0
'6140092'	2	3	0
'6140092'	3	3	0
'6140092'	4	3	0
'6140094'	1	3	0
'6140094'	2	3	0
'6140094'	3	3	0
'6140094'	4	3	0
'6140096'	1	3	0
'6140096'	2	3	0
'6140096'	3	3	0
'6140096'	4	3	0
'6140098'	1	3	0
'6140098'	2	3	0
'6140098'	3	3	0
'6140098'	4	3	0
'6140100'	1	3	0
'6140100'	2	3	0
'6140100'	3	3	0
'6140100'	4	3	0
'6140102'	1	3	0
'6140102'	2	3	0
'6140102'	3	3	0
'6140102'	4	3	0
'6140104'	1	3	0
'6140104'	2	3	0
'6140104'	3	3	0
'6140104'	4	3	0
'6140106'	1	3	0
'6140106'	2	3	0
'6140106'	3	3	0
'6140106'	4	3	0
'6140108'	1	3	16.7119123549528
'6140108'	2	3	14.4790053318655
'6140108'	3	3	8.03212998539521
'6140108'	4	3	11.1966763357552
'6140110'	1	3	0
'6140110'	2	3	0
'6140110'	3	3	0
'6140110'	4	3	0
'6140112'	1	3	0
'6140112'	2	3	0
'6140112'	3	3	0
'6140112'	4	3	0
'6140114'	1	3	0
'6140114'	2	3	0
'6140114'	3	3	0
'6140114'	4	3	0
'6140116'	1	3	0
'6140116'	2	3	0
'6140116'	3	3	0
'6140116'	4	3	0
'6140118'	1	3	0
'6140118'	2	3	0
'6140118'	3	3	0
'6140118'	4	3	0
'6140120'	1	3	0
'6140120'	2	3	0
'6140120'	3	3	0
'6140120'	4	3	0
'6140122'	1	3	0
'6140122'	2	3	0
'6140122'	3	3	0
'6140122'	4	3	0
'6140124'	1	3	0
'6140124'	2	3	0
'6140124'	3	3	0
'6140124'	4	3	0
'6140126'	1	3	0
'6140126'	2	3	0
'6140126'	3	3	0
'6140126'	4	3	0
'6140128'	1	3	0
'6140128'	2	3	0
'6140128'	3	3	0
'6140128'	4	3	0
'6140130'	1	3	0
'6140130'	2	3	0
'6140130'	3	3	0
'6140130'	4	3	0
'6140132'	1	3	0
'6140132'	2	3	0
'6140132'	3	3	0
'6140132'	4	3	0
'6140134'	1	3	0
'6140134'	2	3	0
'6140134'	3	3	0
'6140134'	4	3	0
'6140274'	1	3	6.06376464645307
'6140274'	2	3	5.89248702581639
'6140274'	3	3	3.3308384602744
'6140274'	4	3	5.68802811039876
'6140276'	1	3	4.27811952840779
'6140276'	2	3	3.94649172572397
'6140276'	3	3	2.37341928737575
'6140276'	4	3	3.87632643111921
'6140278'	1	3	0
'6140278'	2	3	0
'6140278'	3	3	0
'6140278'	4	3	0
'6140280'	1	3	0
'6140280'	2	3	0
'6140280'	3	3	0
'6140280'	4	3	0
'6140282'	1	3	0
'6140282'	2	3	0
'6140282'	3	3	0
'6140282'	4	3	0
'6140284'	1	3	0
'6140284'	2	3	0
'6140284'	3	3	0
'6140284'	4	3	0
'6140286'	1	3	0
'6140286'	2	3	0
'6140286'	3	3	0
'6140286'	4	3	0
'6140288'	1	3	0
'6140288'	2	3	0
'6140288'	3	3	0
'6140288'	4	3	0
'6140290'	1	3	0
'6140290'	2	3	0
'6140290'	3	3	0
'6140290'	4	3	0
'6140292'	1	3	0
'6140292'	2	3	0
'6140292'	3	3	0
'6140292'	4	3	0
'6140294'	1	3	0
'6140294'	2	3	0
'6140294'	3	3	0
'6140294'	4	3	0
'6140296'	1	3	11.4402310769929
'6140296'	2	3	11.3378252054735
'6140296'	3	3	8.42381777479916
'6140296'	4	3	11.2792538755484
'6140298'	1	3	0
'6140298'	2	3	0
'6140298'	3	3	0
'6140298'	4	3	0
'6140300'	1	3	0
'6140300'	2	3	0
'6140300'	3	3	0
'6140300'	4	3	0
'6140302'	1	3	0
'6140302'	2	3	0
'6140302'	3	3	0
'6140302'	4	3	0
'6140304'	1	3	0
'6140304'	2	3	0
'6140304'	3	3	0
'6140304'	4	3	0
'6140306'	1	3	0
'6140306'	2	3	0
'6140306'	3	3	0
'6140306'	4	3	0
'6140308'	1	3	0
'6140308'	2	3	0
'6140308'	3	3	0
'6140308'	4	3	0
'6140310'	1	3	0
'6140310'	2	3	0
'6140310'	3	3	0
'6140310'	4	3	0
'6140312'	1	3	0
'6140312'	2	3	0
'6140312'	3	3	0
'6140312'	4	3	0
'6140314'	1	3	0
'6140314'	2	3	0
'6140314'	3	3	0
'6140314'	4	3	0
'6140316'	1	3	0
'6140316'	2	3	0
'6140316'	3	3	0
'6140316'	4	3	0
'6140318'	1	3	0
'6140318'	2	3	0
'6140318'	3	3	0
'6140318'	4	3	0
'6140320'	1	3	0
'6140320'	2	3	0
'6140320'	3	3	0
'6140320'	4	3	0
'6140322'	1	3	0
'6140322'	2	3	0
'6140322'	3	3	0
'6140322'	4	3	0
'6140324'	1	3	0
'6140324'	2	3	0
'6140324'	3	3	0
'6140324'	4	3	0
'6140326'	1	3	0
'6140326'	2	3	0
'6140326'	3	3	0
'6140326'	4	3	0
'6140328'	1	3	0
'6140328'	2	3	0
'6140328'	3	3	0
'6140328'	4	3	0
'6140330'	1	3	0
'6140330'	2	3	0
'6140330'	3	3	0
'6140330'	4	3	0
'6140332'	1	3	0
'6140332'	2	3	0
'6140332'	3	3	0
'6140332'	4	3	0
'6140336'	1	3	0
'6140336'	2	3	0
'6140336'	3	3	0
'6140336'	4	3	0
'6140338'	1	3	3.93641391526373
'6140338'	2	3	3.81559951053945
'6140338'	3	3	2.13509625935203
'6140338'	4	3	3.67876206338101
'6140340'	1	3	0
'6140340'	2	3	0
'6140340'	3	3	0
'6140340'	4	3	0
'6140342'	1	3	0.27138057425683
'6140342'	2	3	0.264003145200296
'6140342'	3	3	0.150231144707643
'6140342'	4	3	0.255052982556095
'6140344'	1	3	0
'6140344'	2	3	0
'6140344'	3	3	0
'6140344'	4	3	0
'6140346'	1	3	0
'6140346'	2	3	0
'6140346'	3	3	0
'6140346'	4	3	0
'6140348'	1	3	1.60983386190617
'6140348'	2	3	1.57691085688305
'6140348'	3	3	0.942199508059028
'6140348'	4	3	1.53148742247962
'6140350'	1	3	0
'6140350'	2	3	0
'6140350'	3	3	0
'6140350'	4	3	0
'6140352'	1	3	0
'6140352'	2	3	0
'6140352'	3	3	0
'6140352'	4	3	0
'6140356'	1	3	0
'6140356'	2	3	0
'6140356'	3	3	0
'6140356'	4	3	0
'6140358'	1	3	0
'6140358'	2	3	0
'6140358'	3	3	0
'6140358'	4	3	0
'6140360'	1	3	0
'6140360'	2	3	0
'6140360'	3	3	0
'6140360'	4	3	0
'6140362'	1	3	0
'6140362'	2	3	0
'6140362'	3	3	0
'6140362'	4	3	0
'6140364'	1	3	0
'6140364'	2	3	0
'6140364'	3	3	0
'6140364'	4	3	0
'6140366'	1	3	0
'6140366'	2	3	0
'6140366'	3	3	0
'6140366'	4	3	0
'6140368'	1	3	0
'6140368'	2	3	0
'6140368'	3	3	0
'6140368'	4	3	0
'6140370'	1	3	0
'6140370'	2	3	0
'6140370'	3	3	0
'6140370'	4	3	0
'6140372'	1	3	0
'6140372'	2	3	0
'6140372'	3	3	0
'6140372'	4	3	0
'6140374'	1	3	0
'6140374'	2	3	0
'6140374'	3	3	0
'6140374'	4	3	0
'6140376'	1	3	0
'6140376'	2	3	0
'6140376'	3	3	0
'6140376'	4	3	0
'6140380'	1	3	0
'6140380'	2	3	0
'6140380'	3	3	0
'6140380'	4	3	0
'6140382'	1	3	0
'6140382'	2	3	0
'6140382'	3	3	0
'6140382'	4	3	0
'6140384'	1	3	0
'6140384'	2	3	0
'6140384'	3	3	0
'6140384'	4	3	0
'6140386'	1	3	0
'6140386'	2	3	0
'6140386'	3	3	0
'6140386'	4	3	0
'6140388'	1	3	0
'6140388'	2	3	0
'6140388'	3	3	0
'6140388'	4	3	0
'6140390'	1	3	0
'6140390'	2	3	0
'6140390'	3	3	0
'6140390'	4	3	0
'6140392'	1	3	0
'6140392'	2	3	0
'6140392'	3	3	0
'6140392'	4	3	0
'6140394'	1	3	0
'6140394'	2	3	0
'6140394'	3	3	0
'6140394'	4	3	0
'6140396'	1	3	0
'6140396'	2	3	0
'6140396'	3	3	0
'6140396'	4	3	0
'6140398'	1	3	0
'6140398'	2	3	0
'6140398'	3	3	0
'6140398'	4	3	0
'6140402'	1	3	0
'6140402'	2	3	0
'6140402'	3	3	0
'6140402'	4	3	0
'6140404'	1	3	0
'6140404'	2	3	0
'6140404'	3	3	0
'6140404'	4	3	0
'6140406'	1	3	0
'6140406'	2	3	0
'6140406'	3	3	0
'6140406'	4	3	0
'6140408'	1	3	0
'6140408'	2	3	0
'6140408'	3	3	0
'6140408'	4	3	0
'6140410'	1	3	0
'6140410'	2	3	0
'6140410'	3	3	0
'6140410'	4	3	0
'6140414'	1	3	0
'6140414'	2	3	0
'6140414'	3	3	0
'6140414'	4	3	0
'6140416'	1	3	0
'6140416'	2	3	0
'6140416'	3	3	0
'6140416'	4	3	0
'6140418'	1	3	0
'6140418'	2	3	0
'6140418'	3	3	0
'6140418'	4	3	0
'6140420'	1	3	0
'6140420'	2	3	0
'6140420'	3	3	0
'6140420'	4	3	0
'6140422'	1	3	0
'6140422'	2	3	0
'6140422'	3	3	0
'6140422'	4	3	0
'6140426'	1	3	0
'6140426'	2	3	0
'6140426'	3	3	0
'6140426'	4	3	0
'6140428'	1	3	1.15694342644708
'6140428'	2	3	1.06852884312162
'6140428'	3	3	0.63236869006811
'6140428'	4	3	1.00496433456719
'6140430'	1	3	0
'6140430'	2	3	0
'6140430'	3	3	0
'6140430'	4	3	0
'6140432'	1	3	0
'6140432'	2	3	0
'6140432'	3	3	0
'6140432'	4	3	0
'6140434'	1	3	0.294811133594671
'6140434'	2	3	0.281319633427541
'6140434'	3	3	0.214210425084725
'6140434'	4	3	0.271722302778816
'6140436'	1	3	0
'6140436'	2	3	0
'6140436'	3	3	0
'6140436'	4	3	0
'6140438'	1	3	3.63454477188936
'6140438'	2	3	3.41408393153645
'6140438'	3	3	1.81848839115877
'6140438'	4	3	3.2755111590172
'6140442'	1	3	0
'6140442'	2	3	0
'6140442'	3	3	0
'6140442'	4	3	0
'6140444'	1	3	0
'6140444'	2	3	0
'6140444'	3	3	0
'6140444'	4	3	0
'6140448'	1	3	0
'6140448'	2	3	0
'6140448'	3	3	0
'6140448'	4	3	0
'6140450'	1	3	0
'6140450'	2	3	0
'6140450'	3	3	0
'6140450'	4	3	0
'6140452'	1	3	1.60172396258518
'6140452'	2	3	1.48473440970128
'6140452'	3	3	1.01367146249071
'6140452'	4	3	1.4096232743762
'6140454'	1	3	0
'6140454'	2	3	0
'6140454'	3	3	0
'6140454'	4	3	0
'6140456'	1	3	0
'6140456'	2	3	0
'6140456'	3	3	0
'6140456'	4	3	0
'6140458'	1	3	0
'6140458'	2	3	0
'6140458'	3	3	0
'6140458'	4	3	0
'6140460'	1	3	0
'6140460'	2	3	0
'6140460'	3	3	0
'6140460'	4	3	0
'6140462'	1	3	2.10997270189071
'6140462'	2	3	2.01726337193208
'6140462'	3	3	1.05161369591648
'6140462'	4	3	1.92445033453064
'6140464'	1	3	0
'6140464'	2	3	0
'6140464'	3	3	0
'6140464'	4	3	0
'6140466'	1	3	0
'6140466'	2	3	0
'6140466'	3	3	0
'6140466'	4	3	0
'6140468'	1	3	0
'6140468'	2	3	0
'6140468'	3	3	0
'6140468'	4	3	0
'6140470'	1	3	0
'6140470'	2	3	0
'6140470'	3	3	0
'6140470'	4	3	0
'6140752'	1	3	0
'6140752'	2	3	0
'6140752'	3	3	0
'6140752'	4	3	0
'6140754'	1	3	0
'6140754'	2	3	0
'6140754'	3	3	0
'6140754'	4	3	0
'6140758'	1	3	0
'6140758'	2	3	0
'6140758'	3	3	0
'6140758'	4	3	0
'6140760'	1	3	0
'6140760'	2	3	0
'6140760'	3	3	0
'6140760'	4	3	0
'6140762'	1	3	0
'6140762'	2	3	0
'6140762'	3	3	0
'6140762'	4	3	0
'6140764'	1	3	0
'6140764'	2	3	0
'6140764'	3	3	0
'6140764'	4	3	0
'6140766'	1	3	0
'6140766'	2	3	0
'6140766'	3	3	0
'6140766'	4	3	0
'6140768'	1	3	5.0029944416069
'6140768'	2	3	4.53097696349886
'6140768'	3	3	2.63253781975365
'6140768'	4	3	3.50906320923789
'6140770'	1	3	0
'6140770'	2	3	0
'6140770'	3	3	0
'6140770'	4	3	0
'6140772'	1	3	0
'6140772'	2	3	0
'6140772'	3	3	0
'6140772'	4	3	0
'6140778'	1	3	0
'6140778'	2	3	0
'6140778'	3	3	0
'6140778'	4	3	0
'6140780'	1	3	9.66264696196404
'6140780'	2	3	8.43669651223527
'6140780'	3	3	4.78635278324542
'6140780'	4	3	6.51684467058916
'6140782'	1	3	0
'6140782'	2	3	0
'6140782'	3	3	0
'6140782'	4	3	0
'6140784'	1	3	0
'6140784'	2	3	0
'6140784'	3	3	0
'6140784'	4	3	0
'6140786'	1	3	17.2511892828143
'6140786'	2	3	13.4712165520296
'6140786'	3	3	9.29447282147771
'6140786'	4	3	12.5009330747863
'6140788'	1	3	22.4748120304534
'6140788'	2	3	17.5502717444537
'6140788'	3	3	12.108819059389
'6140788'	4	3	16.2861885319982
'6140794'	1	3	0
'6140794'	2	3	0
'6140794'	3	3	0
'6140794'	4	3	0
'6140796'	1	3	15.0104406027577
'6140796'	2	3	13.5409887526348
'6140796'	3	3	9.12327167079626
'6140796'	4	3	10.8231529795229
'6140798'	1	3	0
'6140798'	2	3	0
'6140798'	3	3	0
'6140798'	4	3	0
'6140800'	1	3	0
'6140800'	2	3	0
'6140800'	3	3	0
'6140800'	4	3	0
'6140804'	1	3	15.6895967823417
'6140804'	2	3	15.4550672360665
'6140804'	3	3	10.6030415805063
'6140804'	4	3	12.3866072768949
'6140806'	1	3	5.50179330940642
'6140806'	2	3	5.41955199330024
'6140806'	3	3	3.71811615277731
'6140806'	4	3	4.34355031475153
'6140808'	1	3	0
'6140808'	2	3	0
'6140808'	3	3	0
'6140808'	4	3	0
'6140810'	1	3	10.2894149293097
'6140810'	2	3	9.45867744734925
'6140810'	3	3	6.46027541999665
'6140810'	4	3	7.57879098964189
'6140814'	1	3	17.7946352306886
'6140814'	2	3	16.0526237632042
'6140814'	3	3	10.8154914161859
'6140814'	4	3	12.8306732902409
'6140816'	1	3	0
'6140816'	2	3	0
'6140816'	3	3	0
'6140816'	4	3	0
'6140818'	1	3	3.87159957916342
'6140818'	2	3	3.44426246845276
'6140818'	3	3	2.11258605649023
'6140818'	4	3	2.70187134155171
'6140820'	1	3	22.8687290634757
'6140820'	2	3	21.5386465714349
'6140820'	3	3	14.9616975387207
'6140820'	4	3	17.3113400866615
'6140822'	1	3	1.7754284583907
'6140822'	2	3	1.67216665045105
'6140822'	3	3	1.16156099109609
'6140822'	4	3	1.3439769983469
'6140826'	1	3	29.3143987897667
'6140826'	2	3	26.1495732574004
'6140826'	3	3	16.2611309810066
'6140826'	4	3	20.5569546320947
'6140830'	1	3	0
'6140830'	2	3	0
'6140830'	3	3	0
'6140830'	4	3	0
'6140832'	1	3	31.494662816504
'6140832'	2	3	25.1027041306492
'6140832'	3	3	18.9255821885511
'6140832'	4	3	23.7443898395224
'6140834'	1	3	12.3355572989796
'6140834'	2	3	9.83201017159923
'6140834'	3	3	7.41260844301156
'6140834'	4	3	9.29999737102286
'6140836'	1	3	21.6077713515505
'6140836'	2	3	21.6077713515505
'6140836'	3	3	15.6244064660064
'6140836'	4	3	17.4967582138947
'6140838'	1	3	0
'6140838'	2	3	0
'6140838'	3	3	0
'6140838'	4	3	0
'6140842'	1	3	0
'6140842'	2	3	0
'6140842'	3	3	0
'6140842'	4	3	0
'6140846'	1	3	0
'6140846'	2	3	0
'6140846'	3	3	0
'6140846'	4	3	0
'6140848'	1	3	5.15159002062443
'6140848'	2	3	4.14379235206162
'6140848'	3	3	3.26294904554262
'6140848'	4	3	3.95448282857261
'6140852'	1	3	0
'6140852'	2	3	0
'6140852'	3	3	0
'6140852'	4	3	0
'6140854'	1	3	9.14950915772935
'6140854'	2	3	8.41080435759392
'6140854'	3	3	5.74457824111469
'6140854'	4	3	6.73917983098551
'6140856'	1	3	0
'6140856'	2	3	0
'6140856'	3	3	0
'6140856'	4	3	0
'6140858'	1	3	21.0136486384802
'6140858'	2	3	17.0476497398152
'6140858'	3	3	14.0332168154482
'6140858'	4	3	16.4084011406438
'6140860'	1	3	21.4907889458415
'6140860'	2	3	17.4347372454922
'6140860'	3	3	14.3518579757619
'6140860'	4	3	16.7809737337354
'6140864'	1	3	12.9629683671148
'6140864'	2	3	10.4270427119812
'6140864'	3	3	8.21057287003389
'6140864'	4	3	9.95068233494088
'6140866'	1	3	0
'6140866'	2	3	0
'6140866'	3	3	0
'6140866'	4	3	0
'6140868'	1	3	0
'6140868'	2	3	0
'6140868'	3	3	0
'6140868'	4	3	0
'6140872'	1	3	0
'6140872'	2	3	0
'6140872'	3	3	0
'6140872'	4	3	0
'6140874'	1	3	8.74271775518811
'6140874'	2	3	6.92909033605339
'6140874'	3	3	5.18192163619094
'6140874'	4	3	6.5349558646696
'6140876'	1	3	32.1090271764636
'6140876'	2	3	32.1090271764636
'6140876'	3	3	25.8672208568321
'6140876'	4	3	27.9012615838651
'6140878'	1	3	14.3749179159474
'6140878'	2	3	11.7317829491621
'6140878'	3	3	9.91500425350685
'6140878'	4	3	11.3553264017521
'6140880'	1	3	0
'6140880'	2	3	0
'6140880'	3	3	0
'6140880'	4	3	0
'6140882'	1	3	0.383331144425265
'6140882'	2	3	0.383331144425265
'6140882'	3	3	0.313618064179484
'6140882'	4	3	0.336432438214217
'6140884'	1	3	0
'6140884'	2	3	0
'6140884'	3	3	0
'6140884'	4	3	0
'6140886'	1	3	0
'6140886'	2	3	0
'6140886'	3	3	0
'6140886'	4	3	0
'6140888'	1	3	0
'6140888'	2	3	0
'6140888'	3	3	0
'6140888'	4	3	0
'6140892'	1	3	0
'6140892'	2	3	0
'6140892'	3	3	0
'6140892'	4	3	0
'6140894'	1	3	0
'6140894'	2	3	0
'6140894'	3	3	0
'6140894'	4	3	0
'6140896'	1	3	8.54934518230395
'6140896'	2	3	6.61674587874893
'6140896'	3	3	4.56583355399346
'6140896'	4	3	6.12540842270288
'6140900'	1	3	57.5904606190484
'6140900'	2	3	57.5904606190484
'6140900'	3	3	57.5904606190484
'6140900'	4	3	57.5904606190484
'6140902'	1	3	9.70433055097644
'6140902'	2	3	9.06079162315306
'6140902'	3	3	8.53490187743801
'6140902'	4	3	8.95832396854116
'6140904'	1	3	15.6157003044818
'6140904'	2	3	14.5801511773814
'6140904'	3	3	13.7339169503888
'6140904'	4	3	14.4152655959477
'6140906'	1	3	62.4628012179274
'6140906'	2	3	62.4628012179274
'6140906'	3	3	62.4628012179274
'6140906'	4	3	62.4628012179274
'6140908'	1	3	1.7754284583907
'6140908'	2	3	1.7754284583907
'6140908'	3	3	1.7754284583907
'6140908'	4	3	1.7754284583907
'6140910'	1	3	5.07409383278706
'6140910'	2	3	5.07409383278706
'6140910'	3	3	5.07409383278706
'6140910'	4	3	5.07409383278706
'6140914'	1	3	34.4594523514922
'6140914'	2	3	34.4594523514922
'6140914'	3	3	34.4594523514922
'6140914'	4	3	34.4594523514922
'6140916'	1	3	19.6205019975563
'6140916'	2	3	19.6205019975563
'6140916'	3	3	19.6205019975563
'6140916'	4	3	19.6205019975563
'6140918'	1	3	14.0521127416946
'6140918'	2	3	14.0521127416946
'6140918'	3	3	14.0521127416946
'6140918'	4	3	14.0521127416946
'6140920'	1	3	39.3116176269805
'6140920'	2	3	39.3116176269805
'6140920'	3	3	39.3116176269805
'6140920'	4	3	39.3116176269805
'6140924'	1	3	0
'6140924'	2	3	0
'6140924'	3	3	0
'6140924'	4	3	0
'6140926'	1	3	0
'6140926'	2	3	0
'6140926'	3	3	0
'6140926'	4	3	0
'6140928'	1	3	0
'6140928'	2	3	0
'6140928'	3	3	0
'6140928'	4	3	0
'6140930'	1	3	159.183301553439
'6140930'	2	3	159.183301553439
'6140930'	3	3	94.0348335186072
'6140930'	4	3	159.183301553439
'6140932'	1	3	33.3598972266935
'6140932'	2	3	33.3598972266935
'6140932'	3	3	33.3598972266935
'6140932'	4	3	33.3598972266935
'6140934'	1	3	45.63499989393
'6140934'	2	3	45.5193104020584
'6140934'	3	3	45.3022413986853
'6140934'	4	3	45.4616211256217
'6140938'	1	3	98.513968198999
'6140938'	2	3	98.2642249986114
'6140938'	3	3	93.2535075376141
'6140938'	4	3	98.1396890161962
'6140940'	1	3	0
'6140940'	2	3	0
'6140940'	3	3	0
'6140940'	4	3	0
'6140942'	1	3	0
'6140942'	2	3	0
'6140942'	3	3	0
'6140942'	4	3	0
'6140944'	1	3	24.4524919496537
'6140944'	2	3	24.4524919496537
'6140944'	3	3	24.4524919496537
'6140944'	4	3	24.4524919496537
'6140946'	1	3	161.886794887807
'6140946'	2	3	161.886794887807
'6140946'	3	3	161.886794887807
'6140946'	4	3	161.886794887807
'6140948'	1	3	0
'6140948'	2	3	0
'6140948'	3	3	0
'6140948'	4	3	0
'6140952'	1	3	111.458574072493
'6140952'	2	3	111.458574072493
'6140952'	3	3	111.458574072493
'6140952'	4	3	111.458574072493
'6141024'	1	3	0
'6141024'	2	3	0
'6141024'	3	3	0
'6141024'	4	3	0
'6141030'	1	3	0
'6141030'	2	3	0
'6141030'	3	3	0
'6141030'	4	3	0
'6141032'	1	3	0
'6141032'	2	3	0
'6141032'	3	3	0
'6141032'	4	3	0
'6141034'	1	3	0
'6141034'	2	3	0
'6141034'	3	3	0
'6141034'	4	3	0
'6141038'	1	3	0
'6141038'	2	3	0
'6141038'	3	3	0
'6141038'	4	3	0
'6141042'	1	3	0
'6141042'	2	3	0
'6141042'	3	3	0
'6141042'	4	3	0
'6141046'	1	3	0
'6141046'	2	3	0
'6141046'	3	3	0
'6141046'	4	3	0
'6141050'	1	3	15.3603305501981
'6141050'	2	3	13.4114852472367
'6141050'	3	3	7.60867712231584
'6141050'	4	3	10.3595721419382
'6141054'	1	3	0
'6141054'	2	3	0
'6141054'	3	3	0
'6141054'	4	3	0
'6141056'	1	3	0
'6141056'	2	3	0
'6141056'	3	3	0
'6141056'	4	3	0
'6141060'	1	3	0
'6141060'	2	3	0
'6141060'	3	3	0
'6141060'	4	3	0
'6141062'	1	3	0
'6141062'	2	3	0
'6141062'	3	3	0
'6141062'	4	3	0
'6141064'	1	3	0
'6141064'	2	3	0
'6141064'	3	3	0
'6141064'	4	3	0
'6141066'	1	3	0
'6141066'	2	3	0
'6141066'	3	3	0
'6141066'	4	3	0
'6141070'	1	3	0
'6141070'	2	3	0
'6141070'	3	3	0
'6141070'	4	3	0
'6141074'	1	3	0
'6141074'	2	3	0
'6141074'	3	3	0
'6141074'	4	3	0
'6141076'	1	3	0
'6141076'	2	3	0
'6141076'	3	3	0
'6141076'	4	3	0
'6141084'	1	3	0
'6141084'	2	3	0
'6141084'	3	3	0
'6141084'	4	3	0
'6141086'	1	3	0
'6141086'	2	3	0
'6141086'	3	3	0
'6141086'	4	3	0
'6141090'	1	3	0
'6141090'	2	3	0
'6141090'	3	3	0
'6141090'	4	3	0
'6141100'	1	3	0
'6141100'	2	3	0
'6141100'	3	3	0
'6141100'	4	3	0
'6141104'	1	3	0
'6141104'	2	3	0
'6141104'	3	3	0
'6141104'	4	3	0
'6141106'	1	3	0
'6141106'	2	3	0
'6141106'	3	3	0
'6141106'	4	3	0
'6141108'	1	3	0
'6141108'	2	3	0
'6141108'	3	3	0
'6141108'	4	3	0
'6141110'	1	3	0
'6141110'	2	3	0
'6141110'	3	3	0
'6141110'	4	3	0
'6141112'	1	3	0
'6141112'	2	3	0
'6141112'	3	3	0
'6141112'	4	3	0
'6141126'	1	3	0
'6141126'	2	3	0
'6141126'	3	3	0
'6141126'	4	3	0
'6141128'	1	3	0
'6141128'	2	3	0
'6141128'	3	3	0
'6141128'	4	3	0
'6141130'	1	3	0
'6141130'	2	3	0
'6141130'	3	3	0
'6141130'	4	3	0
'6141148'	1	3	0
'6141148'	2	3	0
'6141148'	3	3	0
'6141148'	4	3	0
'6141150'	1	3	0
'6141150'	2	3	0
'6141150'	3	3	0
'6141150'	4	3	0
'6141152'	1	3	0
'6141152'	2	3	0
'6141152'	3	3	0
'6141152'	4	3	0
'6141154'	1	3	0
'6141154'	2	3	0
'6141154'	3	3	0
'6141154'	4	3	0
'6141170'	1	3	0
'6141170'	2	3	0
'6141170'	3	3	0
'6141170'	4	3	0
'6141176'	1	3	0
'6141176'	2	3	0
'6141176'	3	3	0
'6141176'	4	3	0
'6141178'	1	3	0
'6141178'	2	3	0
'6141178'	3	3	0
'6141178'	4	3	0
'6141180'	1	3	0.329283612633971
'6141180'	2	3	0.293694303672024
'6141180'	3	3	0.182743845839387
'6141180'	4	3	0.230912355786234
'6141184'	1	3	0
'6141184'	2	3	0
'6141184'	3	3	0
'6141184'	4	3	0
'6141188'	1	3	5.28593472839049
'6141188'	2	3	5.28593472839049
'6141188'	3	3	4.51835933575171
'6141188'	4	3	4.77416266343667
'6141196'	1	3	24.0086348350561
'6141196'	2	3	24.0086348350561
'6141196'	3	3	24.0086348350561
'6141196'	4	3	24.0086348350561
'6141208'	1	3	2.64296736419525
'6141208'	2	3	2.64296736419525
'6141208'	3	3	2.64296736419525
'6141208'	4	3	2.64296736419525
'6141210'	1	3	271.025206770358
'6141210'	2	3	271.025206770358
'6141210'	3	3	271.025206770358
'6141210'	4	3	271.025206770358
'6141214'	1	3	169.038947029846
'6141214'	2	3	169.038947029846
'6141214'	3	3	169.038947029846
'6141214'	4	3	169.038947029846
'6141218'	1	3	0
'6141218'	2	3	0
'6141218'	3	3	0
'6141218'	4	3	0
'6141220'	1	3	29.8948639625083
'6141220'	2	3	25.4719442615412
'6141220'	3	3	8.36888801888204
'6141220'	4	3	19.2817301500994
'6141228'	1	3	0
'6141228'	2	3	0
'6141228'	3	3	0
'6141228'	4	3	0
'6141270'	1	3	0
'6141270'	2	3	0
'6141270'	3	3	0
'6141270'	4	3	0
'6141274'	1	3	0
'6141274'	2	3	0
'6141274'	3	3	0
'6141274'	4	3	0
'6141306'	1	3	0
'6141306'	2	3	0
'6141306'	3	3	0
'6141306'	4	3	0
'6141308'	1	3	0
'6141308'	2	3	0
'6141308'	3	3	0
'6141308'	4	3	0
'6141310'	1	3	0
'6141310'	2	3	0
'6141310'	3	3	0
'6141310'	4	3	0
'6141312'	1	3	0
'6141312'	2	3	0
'6141312'	3	3	0
'6141312'	4	3	0
'6142038'	1	3	1.09915395042081
'6142038'	2	3	0.98750307574771
'6142038'	3	3	0.646695137918593
'6142038'	4	3	0.784665743250038
;

param area : 'urban' 'ag' :=
'166174961'	0	0
'166174962'	0.4231277757	0
'166174963'	0	0
'166174966'	0	0
'24978249'	0.8992299213	0
'6139942'	0	0
'6139944'	0	0
'6139946'	4.6976835024	10.4166025488
'6139948'	0.67441132125	0
'6139950'	1.1047669182	0
'6139952'	0	0
'6139954'	0.22263913395	0
'6139956'	0	0
'6139958'	0	0
'6139960'	0	0
'6139964'	0	0
'6139966'	0	0
'6139968'	4.2577427025	0
'6139970'	0	0
'6139972'	0	0
'6139974'	0	0
'6139976'	0.43693847415	0
'6139978'	1.964188224	1.964188224
'6139980'	0	0
'6139982'	0.2196368082	0
'6139988'	0	0
'6139990'	2.23406394975	0
'6139992'	6.2224201944	0
'6139994'	0	0
'6139996'	0	0
'6139998'	8.6795235882	0
'6140000'	8.8627766562	0
'6140002'	1.77517513845	0
'6140004'	0	0
'6140008'	0.2223055422	0
'6140010'	70.5782734209	0
'6140012'	11.315876949	0
'6140014'	2.6623290384	0
'6140016'	0	0
'6140018'	0.44436645045	0
'6140020'	0	0
'6140022'	0	0
'6140024'	18.362224287	0
'6140026'	0	0
'6140028'	0	0
'6140030'	0	0
'6140032'	0.205492518	0
'6140034'	0	0
'6140036'	0	0
'6140038'	0	0
'6140040'	63.18608039595	9.3328741503
'6140042'	3.35466535635	0
'6140044'	0	0
'6140046'	3.559646367	0
'6140048'	0	0
'6140050'	41.37647448555	120.9936832461
'6140052'	0	0
'6140054'	15.288732297	0
'6140056'	2.8922849514	0
'6140058'	0	0
'6140060'	0	0
'6140062'	6.473014317	0
'6140064'	3.5568886752	0
'6140066'	0	0
'6140068'	0	0
'6140070'	0	0
'6140072'	4.67061809175	0
'6140074'	1.1028098466	0
'6140076'	0	0
'6140080'	0	0
'6140082'	0.65421790065	0
'6140084'	0	0
'6140086'	0.225508023	26.9031071439
'6140088'	7.3394188101	0
'6140090'	0	0
'6140092'	0	0
'6140094'	0	0
'6140096'	0	0.652950252
'6140098'	0	0
'6140100'	0	0
'6140102'	0	0
'6140104'	34.8990789969	0
'6140106'	0	4.65620692815
'6140108'	0	0
'6140110'	1.33456715505	0
'6140112'	0	0
'6140114'	14.6765247174	0
'6140116'	62.5110463701	0
'6140118'	0	0
'6140120'	8.6659575237	0
'6140122'	0	0
'6140124'	0	0
'6140126'	12.15521603145	10.06399606905
'6140128'	12.1891756716	9.9594484146
'6140130'	0	0
'6140132'	0	0
'6140134'	0	0
'6140274'	2.2036626216	24.2402888376
'6140276'	0	0
'6140278'	0.6581098044	0
'6140280'	80.10205101	9.196902153
'6140282'	0	0
'6140284'	0	0
'6140286'	0	0
'6140288'	8.1769564971	3.37743855315
'6140290'	0	0
'6140292'	0	0
'6140294'	0	0
'6140296'	11.9150522109	0
'6140298'	1.2841948008	0
'6140300'	0	0
'6140302'	3.1079186586	0
'6140304'	0	0
'6140306'	0.2289773772	0
'6140308'	3.76631757585	0
'6140310'	73.873670643	105.155681013
'6140312'	0.8929583964	0.1488263994
'6140314'	0	0
'6140316'	0	0
'6140318'	4.01321994975	6.84608109075
'6140320'	0	0
'6140322'	10.3151906568	25.6447101051
'6140324'	0	0
'6140326'	0	0
'6140328'	0	0
'6140330'	16.450076376	0.4291324272
'6140332'	12.9216097179	0
'6140336'	0	0
'6140338'	5.32739352915	0
'6140340'	0	0
'6140342'	0	0
'6140344'	0	0
'6140346'	0	0
'6140348'	0	0
'6140350'	0	0
'6140352'	0.2209711752	0
'6140356'	0	0
'6140358'	0	0
'6140360'	0	0
'6140362'	1.33679110005	0
'6140364'	0	0
'6140366'	39.1121648838	0
'6140368'	0	0
'6140370'	0	0
'6140372'	11.1176344917	15.79616982765
'6140374'	0.441230688	0
'6140376'	0	0
'6140380'	0	0
'6140382'	1.5358119381	0
'6140384'	10.00221487695	0
'6140386'	1.778711211	6.2312270166
'6140388'	0	0
'6140390'	0	0
'6140392'	0.8916240294	5.11540709175
'6140394'	1.11252848625	0
'6140396'	0	0
'6140398'	4.8921897321	0
'6140402'	0	0
'6140404'	0	0
'6140406'	0	0
'6140408'	2.6698014936	0
'6140410'	0	0
'6140414'	0	0
'6140416'	0	0
'6140418'	0	0
'6140420'	0	0
'6140422'	0	0
'6140426'	34.89936810975	3.10907511
'6140428'	0	0
'6140430'	0.2223055422	0
'6140432'	0	0
'6140434'	0.6585101145	0
'6140436'	0	0
'6140438'	0.66137900355	0
'6140442'	0	0
'6140444'	0	0
'6140448'	15.76530147105	0
'6140450'	0	0
'6140452'	0	0
'6140454'	0	0
'6140456'	99.863581491	0
'6140458'	1.1219802525	0
'6140460'	0	0
'6140462'	11.797138647	204.10922421
'6140464'	0	0
'6140466'	0	0
'6140468'	0	0
'6140470'	0	0
'6140752'	0	0
'6140754'	20.4279133608	0
'6140758'	1.780045578	11.5641581688
'6140760'	13.8010020498	0
'6140762'	0	0
'6140764'	0	0
'6140766'	6.896008656	0
'6140768'	1.1341229922	21.135928491
'6140770'	1.15669603395	0
'6140772'	0	0
'6140778'	2.2226995908	0
'6140780'	1.33043061735	7.33041183285
'6140782'	16.8946874604	0
'6140784'	0	0
'6140786'	3.1251764718	0
'6140788'	0	0
'6140794'	0	0
'6140796'	0	0
'6140798'	0	0
'6140800'	2.6680668165	0
'6140804'	0	0
'6140806'	0	0
'6140808'	9.5654098395	0
'6140810'	2.45112098175	24.68367675225
'6140814'	0.8862420825	0
'6140816'	0	0
'6140818'	2.6384438691	0
'6140820'	2.4943322331	82.72868573115
'6140822'	0.447012945	2.221721055
'6140826'	0	0
'6140830'	0	0
'6140832'	5.1092022852	0
'6140834'	23.809110381	10.4306578812
'6140836'	0	0
'6140838'	0	0
'6140842'	44.80784370495	133.1577728181
'6140846'	0	34.04337167925
'6140848'	0	0
'6140852'	0	0
'6140854'	2.6726481432	0
'6140856'	12.6793331496	0
'6140858'	0	0
'6140860'	0	0
'6140864'	13.5643743018	0
'6140866'	0	0
'6140868'	0	0
'6140872'	3.33851951565	3.33851951565
'6140874'	29.1609895446	12.7204316532
'6140876'	0	0
'6140878'	1.573218693	0
'6140880'	0	0
'6140882'	0	0
'6140884'	1.1119280211	0
'6140886'	12.2202664227	16.476763716
'6140888'	0.4419423504	0
'6140892'	0	0
'6140894'	8.00066437695	0
'6140896'	1.1028098466	47.38143733785
'6140900'	0	0
'6140902'	0	0
'6140904'	14.91722228475	0
'6140906'	49.37324695875	20.6860244175
'6140908'	4.68796486275	149.67516800925
'6140910'	1.1118835422	0
'6140914'	96.50753728875	0
'6140916'	0	0
'6140918'	38.91794776695	108.10541046375
'6140920'	93.59336871855	0
'6140924'	0	0
'6140926'	0	0
'6140928'	0	0
'6140930'	0	0
'6140932'	0	0
'6140934'	0	0
'6140938'	43.575088752	0
'6140940'	0	0
'6140942'	0	0
'6140944'	0	0
'6140946'	203.279247936	0
'6140948'	15.614317845	0
'6140952'	601.14134047725	0
'6141024'	0	0
'6141030'	0	0
'6141032'	40.71276033975	0
'6141034'	89.7698957562	27.9685102356
'6141038'	8.25090266835	0
'6141042'	2.65652454195	0
'6141046'	0	0
'6141050'	0	0
'6141054'	0	0
'6141056'	21.1173807897	139.05258367455
'6141060'	0	0
'6141062'	0	0
'6141064'	22.4750102544	12.91667256
'6141066'	2.22298870365	0
'6141070'	5.3111809701	55.6170837435
'6141074'	18.0160894872	188.9544623598
'6141076'	27.802870812	40.43000797245
'6141084'	0	0
'6141086'	37.0182317085	5.2883188155
'6141090'	16.0318412793	82.55357230185
'6141100'	26.6878737468	5.8247343495
'6141104'	0	0
'6141106'	144.0734731038	0
'6141108'	0	0
'6141110'	38.219829192	0
'6141112'	3.7826635716	0
'6141126'	0	0
'6141128'	1.335701367	0
'6141130'	3.1122775908	0.4446110844
'6141148'	0	0
'6141150'	0	0
'6141152'	0	0
'6141154'	0	0
'6141170'	0.88657567425	0
'6141176'	5.7783873357	24.68852495235
'6141178'	0	0
'6141180'	0	0
'6141184'	0	0
'6141188'	0	0
'6141196'	0	0
'6141208'	2.44529424585	0
'6141210'	0	0
'6141214'	242.29286981685	13.5672209514
'6141218'	0.4436770275	0
'6141220'	0	0
'6141228'	143.64369573255	0
'6141270'	13.7885924367	0
'6141274'	0	0
'6141306'	0	0
'6141308'	0	0
'6141310'	0	0
'6141312'	0	0
'6142038'	6.1806989862	31.1802426468
;

param urban_bmp_implementationpotential : 'Biofiltration_w_Underdrain'  'Bioretention_Basin'  'Enhanced_Biofiltration_w_ISR'  'Extended_Dry_Detention_Basin'  'Grass_Swale_w_detention'  'Gravel_Wetland'  'Infiltration_Basin'  'Infiltration_Chamber'  'Infiltration_Trench'  'Porous_Pavement_w_subsurface_infiltration'  'Porous_Pavement_w_underdrain'  'Sand_Filter_w_underdrain'  'Wet_Pond':=
'166174961'	1	1	1	1	1	1	0	0	0	0	0.1	1	1
'166174962'	1	1	1	1	1	1	0	0	0	0	0.1	1	1
'166174963'	1	1	1	1	1	1	0	0	0	0	0.1	1	1
'166174966'	1	1	1	1	1	1	0	0	0	0	0.1	1	1
'24978249'	1	1	1	1	1	1	0	0	0	0	0.1	1	1
'6139942'	1	1	1	1	1	1	0	0	0	0	0.1	1	1
'6139944'	1	1	1	1	1	1	0	0	0	0	0.1	1	1
'6139946'	1	1	1	1	1	1	0	0	0	0	0.1	1	1
'6139948'	1	1	1	1	1	1	0	0	0	0	0.1	1	1
'6139950'	1	1	1	1	1	1	0	0	0	0	0.1	1	1
'6139952'	1	1	1	1	1	1	0	0	0	0	0.1	1	1
'6139954'	1	1	1	1	1	1	0	0	0	0	0.1	1	1
'6139956'	1	1	1	1	1	1	0	0	0	0	0.1	1	1
'6139958'	1	1	1	1	1	1	0	0	0	0	0.1	1	1
'6139960'	1	1	1	1	1	1	0	0	0	0	0.1	1	1
'6139964'	1	1	1	1	1	1	0	0	0	0	0.1	1	1
'6139966'	1	1	1	1	1	1	0	0	0	0	0.1	1	1
'6139968'	1	1	1	1	1	1	0	0	0	0	0.1	1	1
'6139970'	1	1	1	1	1	1	0	0	0	0	0.1	1	1
'6139972'	1	1	1	1	1	1	0	0	0	0	0.1	1	1
'6139974'	1	1	1	1	1	1	0	0	0	0	0.1	1	1
'6139976'	1	1	1	1	1	1	0	0	0	0	0.1	1	1
'6139978'	1	1	1	1	1	1	0	0	0	0	0.1	1	1
'6139980'	1	1	1	1	1	1	0	0	0	0	0.1	1	1
'6139982'	1	1	1	1	1	1	0	0	0	0	0.1	1	1
'6139988'	1	1	1	1	1	1	0	0	0	0	0.1	1	1
'6139990'	1	1	1	1	1	1	0	0	0	0	0.1	1	1
'6139992'	1	1	1	1	1	1	0	0	0	0	0.1	1	1
'6139994'	1	1	1	1	1	1	0	0	0	0	0.1	1	1
'6139996'	1	1	1	1	1	1	0	0	0	0	0.1	1	1
'6139998'	1	1	1	1	1	1	0	0	0	0	0.1	1	1
'6140000'	1	1	1	1	1	1	0	0	0	0	0.1	1	1
'6140002'	1	1	1	1	1	1	0	0	0	0	0.1	1	1
'6140004'	1	1	1	1	1	1	0	0	0	0	0.1	1	1
'6140008'	1	1	1	1	1	1	0	0	0	0	0.1	1	1
'6140010'	1	1	1	1	1	1	0	0	0	0	0.1	1	1
'6140012'	1	1	1	1	1	1	0	0	0	0	0.1	1	1
'6140014'	1	1	1	1	1	1	0	0	0	0	0.1	1	1
'6140016'	1	1	1	1	1	1	0	0	0	0	0.1	1	1
'6140018'	1	1	1	1	1	1	0	0	0	0	0.1	1	1
'6140020'	1	1	1	1	1	1	0	0	0	0	0.1	1	1
'6140022'	1	1	1	1	1	1	0	0	0	0	0.1	1	1
'6140024'	1	1	1	1	1	1	0	0	0	0	0.1	1	1
'6140026'	1	1	1	1	1	1	0	0	0	0	0.1	1	1
'6140028'	1	1	1	1	1	1	0	0	0	0	0.1	1	1
'6140030'	1	1	1	1	1	1	0	0	0	0	0.1	1	1
'6140032'	1	1	1	1	1	1	0	0	0	0	0.1	1	1
'6140034'	1	1	1	1	1	1	0	0	0	0	0.1	1	1
'6140036'	1	1	1	1	1	1	0	0	0	0	0.1	1	1
'6140038'	1	1	1	1	1	1	0	0	0	0	0.1	1	1
'6140040'	1	1	1	1	1	1	0	0	0	0	0.1	1	1
'6140042'	1	1	1	1	1	1	0	0	0	0	0.1	1	1
'6140044'	1	1	1	1	1	1	0	0	0	0	0.1	1	1
'6140046'	1	1	1	1	1	1	0	0	0	0	0.1	1	1
'6140048'	1	1	1	1	1	1	0	0	0	0	0.1	1	1
'6140050'	1	1	1	1	1	1	0	0	0	0	0.1	1	1
'6140052'	1	1	1	1	1	1	0	0	0	0	0.1	1	1
'6140054'	1	1	1	1	1	1	0	0	0	0	0.1	1	1
'6140056'	1	1	1	1	1	1	0	0	0	0	0.1	1	1
'6140058'	1	1	1	1	1	1	0	0	0	0	0.1	1	1
'6140060'	1	1	1	1	1	1	0	0	0	0	0.1	1	1
'6140062'	1	1	1	1	1	1	0	0	0	0	0.1	1	1
'6140064'	1	1	1	1	1	1	0	0	0	0	0.1	1	1
'6140066'	1	1	1	1	1	1	0	0	0	0	0.1	1	1
'6140068'	1	1	1	1	1	1	0	0	0	0	0.1	1	1
'6140070'	1	1	1	1	1	1	0	0	0	0	0.1	1	1
'6140072'	1	1	1	1	1	1	0	0	0	0	0.1	1	1
'6140074'	1	1	1	1	1	1	0	0	0	0	0.1	1	1
'6140076'	1	1	1	1	1	1	0	0	0	0	0.1	1	1
'6140080'	1	1	1	1	1	1	0	0	0	0	0.1	1	1
'6140082'	1	1	1	1	1	1	0	0	0	0	0.1	1	1
'6140084'	1	1	1	1	1	1	0	0	0	0	0.1	1	1
'6140086'	1	1	1	1	1	1	0	0	0	0	0.1	1	1
'6140088'	1	1	1	1	1	1	0	0	0	0	0.1	1	1
'6140090'	1	1	1	1	1	1	0	0	0	0	0.1	1	1
'6140092'	1	1	1	1	1	1	0	0	0	0	0.1	1	1
'6140094'	1	1	1	1	1	1	0	0	0	0	0.1	1	1
'6140096'	1	1	1	1	1	1	0	0	0	0	0.1	1	1
'6140098'	1	1	1	1	1	1	0	0	0	0	0.1	1	1
'6140100'	1	1	1	1	1	1	0	0	0	0	0.1	1	1
'6140102'	1	1	1	1	1	1	0	0	0	0	0.1	1	1
'6140104'	1	1	1	1	1	1	0	0	0	0	0.1	1	1
'6140106'	1	1	1	1	1	1	0	0	0	0	0.1	1	1
'6140108'	1	1	1	1	1	1	0	0	0	0	0.1	1	1
'6140110'	1	1	1	1	1	1	0	0	0	0	0.1	1	1
'6140112'	1	1	1	1	1	1	0	0	0	0	0.1	1	1
'6140114'	1	1	1	1	1	1	0	0	0	0	0.1	1	1
'6140116'	1	1	1	1	1	1	0	0	0	0	0.1	1	1
'6140118'	1	1	1	1	1	1	0	0	0	0	0.1	1	1
'6140120'	1	1	1	1	1	1	0	0	0	0	0.1	1	1
'6140122'	1	1	1	1	1	1	0	0	0	0	0.1	1	1
'6140124'	1	1	1	1	1	1	0	0	0	0	0.1	1	1
'6140126'	1	1	1	1	1	1	0	0	0	0	0.1	1	1
'6140128'	1	1	1	1	1	1	0	0	0	0	0.1	1	1
'6140130'	1	1	1	1	1	1	0	0	0	0	0.1	1	1
'6140132'	1	1	1	1	1	1	0	0	0	0	0.1	1	1
'6140134'	1	1	1	1	1	1	0	0	0	0	0.1	1	1
'6140274'	1	1	1	1	1	1	0	0	0	0	0.1	1	1
'6140276'	1	1	1	1	1	1	0	0	0	0	0.1	1	1
'6140278'	1	1	1	1	1	1	0	0	0	0	0.1	1	1
'6140280'	1	1	1	1	1	1	0	0	0	0	0.1	1	1
'6140282'	1	1	1	1	1	1	0	0	0	0	0.1	1	1
'6140284'	1	1	1	1	1	1	0	0	0	0	0.1	1	1
'6140286'	1	1	1	1	1	1	0	0	0	0	0.1	1	1
'6140288'	1	1	1	1	1	1	0	0	0	0	0.1	1	1
'6140290'	1	1	1	1	1	1	0	0	0	0	0.1	1	1
'6140292'	1	1	1	1	1	1	0	0	0	0	0.1	1	1
'6140294'	1	1	1	1	1	1	0	0	0	0	0.1	1	1
'6140296'	1	1	1	1	1	1	0	0	0	0	0.1	1	1
'6140298'	1	1	1	1	1	1	0	0	0	0	0.1	1	1
'6140300'	1	1	1	1	1	1	0	0	0	0	0.1	1	1
'6140302'	1	1	1	1	1	1	0	0	0	0	0.1	1	1
'6140304'	1	1	1	1	1	1	0	0	0	0	0.1	1	1
'6140306'	1	1	1	1	1	1	0	0	0	0	0.1	1	1
'6140308'	1	1	1	1	1	1	0	0	0	0	0.1	1	1
'6140310'	1	1	1	1	1	1	0	0	0	0	0.1	1	1
'6140312'	1	1	1	1	1	1	0	0	0	0	0.1	1	1
'6140314'	1	1	1	1	1	1	0	0	0	0	0.1	1	1
'6140316'	1	1	1	1	1	1	0	0	0	0	0.1	1	1
'6140318'	1	1	1	1	1	1	0	0	0	0	0.1	1	1
'6140320'	1	1	1	1	1	1	0	0	0	0	0.1	1	1
'6140322'	1	1	1	1	1	1	0	0	0	0	0.1	1	1
'6140324'	1	1	1	1	1	1	0	0	0	0	0.1	1	1
'6140326'	1	1	1	1	1	1	0	0	0	0	0.1	1	1
'6140328'	1	1	1	1	1	1	0	0	0	0	0.1	1	1
'6140330'	1	1	1	1	1	1	0	0	0	0	0.1	1	1
'6140332'	1	1	1	1	1	1	0	0	0	0	0.1	1	1
'6140336'	1	1	1	1	1	1	0	0	0	0	0.1	1	1
'6140338'	1	1	1	1	1	1	0	0	0	0	0.1	1	1
'6140340'	1	1	1	1	1	1	0	0	0	0	0.1	1	1
'6140342'	1	1	1	1	1	1	0	0	0	0	0.1	1	1
'6140344'	1	1	1	1	1	1	0	0	0	0	0.1	1	1
'6140346'	1	1	1	1	1	1	0	0	0	0	0.1	1	1
'6140348'	1	1	1	1	1	1	0	0	0	0	0.1	1	1
'6140350'	1	1	1	1	1	1	0	0	0	0	0.1	1	1
'6140352'	1	1	1	1	1	1	0	0	0	0	0.1	1	1
'6140356'	1	1	1	1	1	1	0	0	0	0	0.1	1	1
'6140358'	1	1	1	1	1	1	0	0	0	0	0.1	1	1
'6140360'	1	1	1	1	1	1	0	0	0	0	0.1	1	1
'6140362'	1	1	1	1	1	1	0	0	0	0	0.1	1	1
'6140364'	1	1	1	1	1	1	0	0	0	0	0.1	1	1
'6140366'	1	1	1	1	1	1	0	0	0	0	0.1	1	1
'6140368'	1	1	1	1	1	1	0	0	0	0	0.1	1	1
'6140370'	1	1	1	1	1	1	0	0	0	0	0.1	1	1
'6140372'	1	1	1	1	1	1	0	0	0	0	0.1	1	1
'6140374'	1	1	1	1	1	1	0	0	0	0	0.1	1	1
'6140376'	1	1	1	1	1	1	0	0	0	0	0.1	1	1
'6140380'	1	1	1	1	1	1	0	0	0	0	0.1	1	1
'6140382'	1	1	1	1	1	1	0	0	0	0	0.1	1	1
'6140384'	1	1	1	1	1	1	0	0	0	0	0.1	1	1
'6140386'	1	1	1	1	1	1	0	0	0	0	0.1	1	1
'6140388'	1	1	1	1	1	1	0	0	0	0	0.1	1	1
'6140390'	1	1	1	1	1	1	0	0	0	0	0.1	1	1
'6140392'	1	1	1	1	1	1	0	0	0	0	0.1	1	1
'6140394'	1	1	1	1	1	1	0	0	0	0	0.1	1	1
'6140396'	1	1	1	1	1	1	0	0	0	0	0.1	1	1
'6140398'	1	1	1	1	1	1	0	0	0	0	0.1	1	1
'6140402'	1	1	1	1	1	1	0	0	0	0	0.1	1	1
'6140404'	1	1	1	1	1	1	0	0	0	0	0.1	1	1
'6140406'	1	1	1	1	1	1	0	0	0	0	0.1	1	1
'6140408'	1	1	1	1	1	1	0	0	0	0	0.1	1	1
'6140410'	1	1	1	1	1	1	0	0	0	0	0.1	1	1
'6140414'	1	1	1	1	1	1	0	0	0	0	0.1	1	1
'6140416'	1	1	1	1	1	1	0	0	0	0	0.1	1	1
'6140418'	1	1	1	1	1	1	0	0	0	0	0.1	1	1
'6140420'	1	1	1	1	1	1	0	0	0	0	0.1	1	1
'6140422'	1	1	1	1	1	1	0	0	0	0	0.1	1	1
'6140426'	1	1	1	1	1	1	0	0	0	0	0.1	1	1
'6140428'	1	1	1	1	1	1	0	0	0	0	0.1	1	1
'6140430'	1	1	1	1	1	1	0	0	0	0	0.1	1	1
'6140432'	1	1	1	1	1	1	0	0	0	0	0.1	1	1
'6140434'	1	1	1	1	1	1	0	0	0	0	0.1	1	1
'6140436'	1	1	1	1	1	1	0	0	0	0	0.1	1	1
'6140438'	1	1	1	1	1	1	0	0	0	0	0.1	1	1
'6140442'	1	1	1	1	1	1	0	0	0	0	0.1	1	1
'6140444'	1	1	1	1	1	1	0	0	0	0	0.1	1	1
'6140448'	1	1	1	1	1	1	0	0	0	0	0.1	1	1
'6140450'	1	1	1	1	1	1	0	0	0	0	0.1	1	1
'6140452'	1	1	1	1	1	1	0	0	0	0	0.1	1	1
'6140454'	1	1	1	1	1	1	0	0	0	0	0.1	1	1
'6140456'	1	1	1	1	1	1	0	0	0	0	0.1	1	1
'6140458'	1	1	1	1	1	1	0	0	0	0	0.1	1	1
'6140460'	1	1	1	1	1	1	0	0	0	0	0.1	1	1
'6140462'	1	1	1	1	1	1	0	0	0	0	0.1	1	1
'6140464'	1	1	1	1	1	1	0	0	0	0	0.1	1	1
'6140466'	1	1	1	1	1	1	0	0	0	0	0.1	1	1
'6140468'	1	1	1	1	1	1	0	0	0	0	0.1	1	1
'6140470'	1	1	1	1	1	1	0	0	0	0	0.1	1	1
'6140752'	1	1	1	1	1	1	0	0	0	0	0.1	1	1
'6140754'	1	1	1	1	1	1	0	0	0	0	0.1	1	1
'6140758'	1	1	1	1	1	1	0	0	0	0	0.1	1	1
'6140760'	1	1	1	1	1	1	0	0	0	0	0.1	1	1
'6140762'	1	1	1	1	1	1	0	0	0	0	0.1	1	1
'6140764'	1	1	1	1	1	1	0	0	0	0	0.1	1	1
'6140766'	1	1	1	1	1	1	0	0	0	0	0.1	1	1
'6140768'	1	1	1	1	1	1	0	0	0	0	0.1	1	1
'6140770'	1	1	1	1	1	1	0	0	0	0	0.1	1	1
'6140772'	1	1	1	1	1	1	0	0	0	0	0.1	1	1
'6140778'	1	1	1	1	1	1	0	0	0	0	0.1	1	1
'6140780'	1	1	1	1	1	1	0	0	0	0	0.1	1	1
'6140782'	1	1	1	1	1	1	0	0	0	0	0.1	1	1
'6140784'	1	1	1	1	1	1	0	0	0	0	0.1	1	1
'6140786'	1	1	1	1	1	1	0	0	0	0	0.1	1	1
'6140788'	1	1	1	1	1	1	0	0	0	0	0.1	1	1
'6140794'	1	1	1	1	1	1	0	0	0	0	0.1	1	1
'6140796'	1	1	1	1	1	1	0	0	0	0	0.1	1	1
'6140798'	1	1	1	1	1	1	0	0	0	0	0.1	1	1
'6140800'	1	1	1	1	1	1	0	0	0	0	0.1	1	1
'6140804'	1	1	1	1	1	1	0	0	0	0	0.1	1	1
'6140806'	1	1	1	1	1	1	0	0	0	0	0.1	1	1
'6140808'	1	1	1	1	1	1	0	0	0	0	0.1	1	1
'6140810'	1	1	1	1	1	1	0	0	0	0	0.1	1	1
'6140814'	1	1	1	1	1	1	0	0	0	0	0.1	1	1
'6140816'	1	1	1	1	1	1	0	0	0	0	0.1	1	1
'6140818'	1	1	1	1	1	1	0	0	0	0	0.1	1	1
'6140820'	1	1	1	1	1	1	0	0	0	0	0.1	1	1
'6140822'	1	1	1	1	1	1	0	0	0	0	0.1	1	1
'6140826'	1	1	1	1	1	1	0	0	0	0	0.1	1	1
'6140830'	1	1	1	1	1	1	0	0	0	0	0.1	1	1
'6140832'	1	1	1	1	1	1	0	0	0	0	0.1	1	1
'6140834'	1	1	1	1	1	1	0	0	0	0	0.1	1	1
'6140836'	1	1	1	1	1	1	0	0	0	0	0.1	1	1
'6140838'	1	1	1	1	1	1	0	0	0	0	0.1	1	1
'6140842'	1	1	1	1	1	1	0	0	0	0	0.1	1	1
'6140846'	1	1	1	1	1	1	0	0	0	0	0.1	1	1
'6140848'	1	1	1	1	1	1	0	0	0	0	0.1	1	1
'6140852'	1	1	1	1	1	1	0	0	0	0	0.1	1	1
'6140854'	1	1	1	1	1	1	0	0	0	0	0.1	1	1
'6140856'	1	1	1	1	1	1	0	0	0	0	0.1	1	1
'6140858'	1	1	1	1	1	1	0	0	0	0	0.1	1	1
'6140860'	1	1	1	1	1	1	0	0	0	0	0.1	1	1
'6140864'	1	1	1	1	1	1	0	0	0	0	0.1	1	1
'6140866'	1	1	1	1	1	1	0	0	0	0	0.1	1	1
'6140868'	1	1	1	1	1	1	0	0	0	0	0.1	1	1
'6140872'	1	1	1	1	1	1	0	0	0	0	0.1	1	1
'6140874'	1	1	1	1	1	1	0	0	0	0	0.1	1	1
'6140876'	1	1	1	1	1	1	0	0	0	0	0.1	1	1
'6140878'	1	1	1	1	1	1	0	0	0	0	0.1	1	1
'6140880'	1	1	1	1	1	1	0	0	0	0	0.1	1	1
'6140882'	1	1	1	1	1	1	0	0	0	0	0.1	1	1
'6140884'	1	1	1	1	1	1	0	0	0	0	0.1	1	1
'6140886'	1	1	1	1	1	1	0	0	0	0	0.1	1	1
'6140888'	1	1	1	1	1	1	0	0	0	0	0.1	1	1
'6140892'	1	1	1	1	1	1	0	0	0	0	0.1	1	1
'6140894'	1	1	1	1	1	1	0	0	0	0	0.1	1	1
'6140896'	1	1	1	1	1	1	0	0	0	0	0.1	1	1
'6140900'	1	1	1	1	1	1	0	0	0	0	0.1	1	1
'6140902'	1	1	1	1	1	1	0	0	0	0	0.1	1	1
'6140904'	1	1	1	1	1	1	0	0	0	0	0.1	1	1
'6140906'	1	1	1	1	1	1	0	0	0	0	0.1	1	1
'6140908'	1	1	1	1	1	1	0	0	0	0	0.1	1	1
'6140910'	1	1	1	1	1	1	0	0	0	0	0.1	1	1
'6140914'	1	1	1	1	1	1	0	0	0	0	0.1	1	1
'6140916'	1	1	1	1	1	1	0	0	0	0	0.1	1	1
'6140918'	1	1	1	1	1	1	0	0	0	0	0.1	1	1
'6140920'	1	1	1	1	1	1	0	0	0	0	0.1	1	1
'6140924'	1	1	1	1	1	1	0	0	0	0	0.1	1	1
'6140926'	1	1	1	1	1	1	0	0	0	0	0.1	1	1
'6140928'	1	1	1	1	1	1	0	0	0	0	0.1	1	1
'6140930'	1	1	1	1	1	1	0	0	0	0	0.1	1	1
'6140932'	1	1	1	1	1	1	0	0	0	0	0.1	1	1
'6140934'	1	1	1	1	1	1	0	0	0	0	0.1	1	1
'6140938'	1	1	1	1	1	1	0	0	0	0	0.1	1	1
'6140940'	1	1	1	1	1	1	0	0	0	0	0.1	1	1
'6140942'	1	1	1	1	1	1	0	0	0	0	0.1	1	1
'6140944'	1	1	1	1	1	1	0	0	0	0	0.1	1	1
'6140946'	1	1	1	1	1	1	0	0	0	0	0.1	1	1
'6140948'	1	1	1	1	1	1	0	0	0	0	0.1	1	1
'6140952'	1	1	1	1	1	1	0	0	0	0	0.1	1	1
'6141024'	1	1	1	1	1	1	0	0	0	0	0.1	1	1
'6141030'	1	1	1	1	1	1	0	0	0	0	0.1	1	1
'6141032'	1	1	1	1	1	1	0	0	0	0	0.1	1	1
'6141034'	1	1	1	1	1	1	0	0	0	0	0.1	1	1
'6141038'	1	1	1	1	1	1	0	0	0	0	0.1	1	1
'6141042'	1	1	1	1	1	1	0	0	0	0	0.1	1	1
'6141046'	1	1	1	1	1	1	0	0	0	0	0.1	1	1
'6141050'	1	1	1	1	1	1	0	0	0	0	0.1	1	1
'6141054'	1	1	1	1	1	1	0	0	0	0	0.1	1	1
'6141056'	1	1	1	1	1	1	0	0	0	0	0.1	1	1
'6141060'	1	1	1	1	1	1	0	0	0	0	0.1	1	1
'6141062'	1	1	1	1	1	1	0	0	0	0	0.1	1	1
'6141064'	1	1	1	1	1	1	0	0	0	0	0.1	1	1
'6141066'	1	1	1	1	1	1	0	0	0	0	0.1	1	1
'6141070'	1	1	1	1	1	1	0	0	0	0	0.1	1	1
'6141074'	1	1	1	1	1	1	0	0	0	0	0.1	1	1
'6141076'	1	1	1	1	1	1	0	0	0	0	0.1	1	1
'6141084'	1	1	1	1	1	1	0	0	0	0	0.1	1	1
'6141086'	1	1	1	1	1	1	0	0	0	0	0.1	1	1
'6141090'	1	1	1	1	1	1	0	0	0	0	0.1	1	1
'6141100'	1	1	1	1	1	1	0	0	0	0	0.1	1	1
'6141104'	1	1	1	1	1	1	0	0	0	0	0.1	1	1
'6141106'	1	1	1	1	1	1	0	0	0	0	0.1	1	1
'6141108'	1	1	1	1	1	1	0	0	0	0	0.1	1	1
'6141110'	1	1	1	1	1	1	0	0	0	0	0.1	1	1
'6141112'	1	1	1	1	1	1	0	0	0	0	0.1	1	1
'6141126'	1	1	1	1	1	1	0	0	0	0	0.1	1	1
'6141128'	1	1	1	1	1	1	0	0	0	0	0.1	1	1
'6141130'	1	1	1	1	1	1	0	0	0	0	0.1	1	1
'6141148'	1	1	1	1	1	1	0	0	0	0	0.1	1	1
'6141150'	1	1	1	1	1	1	0	0	0	0	0.1	1	1
'6141152'	1	1	1	1	1	1	0	0	0	0	0.1	1	1
'6141154'	1	1	1	1	1	1	0	0	0	0	0.1	1	1
'6141170'	1	1	1	1	1	1	0	0	0	0	0.1	1	1
'6141176'	1	1	1	1	1	1	0	0	0	0	0.1	1	1
'6141178'	1	1	1	1	1	1	0	0	0	0	0.1	1	1
'6141180'	1	1	1	1	1	1	0	0	0	0	0.1	1	1
'6141184'	1	1	1	1	1	1	0	0	0	0	0.1	1	1
'6141188'	1	1	1	1	1	1	0	0	0	0	0.1	1	1
'6141196'	1	1	1	1	1	1	0	0	0	0	0.1	1	1
'6141208'	1	1	1	1	1	1	0	0	0	0	0.1	1	1
'6141210'	1	1	1	1	1	1	0	0	0	0	0.1	1	1
'6141214'	1	1	1	1	1	1	0	0	0	0	0.1	1	1
'6141218'	1	1	1	1	1	1	0	0	0	0	0.1	1	1
'6141220'	1	1	1	1	1	1	0	0	0	0	0.1	1	1
'6141228'	1	1	1	1	1	1	0	0	0	0	0.1	1	1
'6141270'	1	1	1	1	1	1	0	0	0	0	0.1	1	1
'6141274'	1	1	1	1	1	1	0	0	0	0	0.1	1	1
'6141306'	1	1	1	1	1	1	0	0	0	0	0.1	1	1
'6141308'	1	1	1	1	1	1	0	0	0	0	0.1	1	1
'6141310'	1	1	1	1	1	1	0	0	0	0	0.1	1	1
'6141312'	1	1	1	1	1	1	0	0	0	0	0.1	1	1
'6142038'	1	1	1	1	1	1	0	0	0	0	0.1	1	1
;

param septic_bmp_implementationpotential: 'none' :=
'166174961'	0
'166174962'	0
'166174963'	0
'166174966'	0
'24978249'	0
'6139942'	0
'6139944'	0
'6139946'	0
'6139948'	0
'6139950'	0
'6139952'	0
'6139954'	0
'6139956'	0
'6139958'	0
'6139960'	0
'6139964'	0
'6139966'	0
'6139968'	0
'6139970'	0
'6139972'	0
'6139974'	0
'6139976'	0
'6139978'	0
'6139980'	0
'6139982'	0
'6139988'	0
'6139990'	0
'6139992'	0
'6139994'	0
'6139996'	0
'6139998'	0
'6140000'	0
'6140002'	0
'6140004'	0
'6140008'	0
'6140010'	0
'6140012'	0
'6140014'	0
'6140016'	0
'6140018'	0
'6140020'	0
'6140022'	0
'6140024'	0
'6140026'	0
'6140028'	0
'6140030'	0
'6140032'	0
'6140034'	0
'6140036'	0
'6140038'	0
'6140040'	0
'6140042'	0
'6140044'	0
'6140046'	0
'6140048'	0
'6140050'	0
'6140052'	0
'6140054'	0
'6140056'	0
'6140058'	0
'6140060'	0
'6140062'	0
'6140064'	0
'6140066'	0
'6140068'	0
'6140070'	0
'6140072'	0
'6140074'	0
'6140076'	0
'6140080'	0
'6140082'	0
'6140084'	0
'6140086'	0
'6140088'	0
'6140090'	0
'6140092'	0
'6140094'	0
'6140096'	0
'6140098'	0
'6140100'	0
'6140102'	0
'6140104'	0
'6140106'	0
'6140108'	0
'6140110'	0
'6140112'	0
'6140114'	0
'6140116'	0
'6140118'	0
'6140120'	0
'6140122'	0
'6140124'	0
'6140126'	0
'6140128'	0
'6140130'	0
'6140132'	0
'6140134'	0
'6140274'	0
'6140276'	0
'6140278'	0
'6140280'	0
'6140282'	0
'6140284'	0
'6140286'	0
'6140288'	0
'6140290'	0
'6140292'	0
'6140294'	0
'6140296'	0
'6140298'	0
'6140300'	0
'6140302'	0
'6140304'	0
'6140306'	0
'6140308'	0
'6140310'	0
'6140312'	0
'6140314'	0
'6140316'	0
'6140318'	0
'6140320'	0
'6140322'	0
'6140324'	0
'6140326'	0
'6140328'	0
'6140330'	0
'6140332'	0
'6140336'	0
'6140338'	0
'6140340'	0
'6140342'	0
'6140344'	0
'6140346'	0
'6140348'	0
'6140350'	0
'6140352'	0
'6140356'	0
'6140358'	0
'6140360'	0
'6140362'	0
'6140364'	0
'6140366'	0
'6140368'	0
'6140370'	0
'6140372'	0
'6140374'	0
'6140376'	0
'6140380'	0
'6140382'	0
'6140384'	0
'6140386'	0
'6140388'	0
'6140390'	0
'6140392'	0
'6140394'	0
'6140396'	0
'6140398'	0
'6140402'	0
'6140404'	0
'6140406'	0
'6140408'	0
'6140410'	0
'6140414'	0
'6140416'	0
'6140418'	0
'6140420'	0
'6140422'	0
'6140426'	0
'6140428'	0
'6140430'	0
'6140432'	0
'6140434'	0
'6140436'	0
'6140438'	0
'6140442'	0
'6140444'	0
'6140448'	0
'6140450'	0
'6140452'	0
'6140454'	0
'6140456'	0
'6140458'	0
'6140460'	0
'6140462'	0
'6140464'	0
'6140466'	0
'6140468'	0
'6140470'	0
'6140752'	0
'6140754'	0
'6140758'	0
'6140760'	0
'6140762'	0
'6140764'	0
'6140766'	0
'6140768'	0
'6140770'	0
'6140772'	0
'6140778'	0
'6140780'	0
'6140782'	0
'6140784'	0
'6140786'	0
'6140788'	0
'6140794'	0
'6140796'	0
'6140798'	0
'6140800'	0
'6140804'	0
'6140806'	0
'6140808'	0
'6140810'	0
'6140814'	0
'6140816'	0
'6140818'	0
'6140820'	0
'6140822'	0
'6140826'	0
'6140830'	0
'6140832'	0
'6140834'	0
'6140836'	0
'6140838'	0
'6140842'	0
'6140846'	0
'6140848'	0
'6140852'	0
'6140854'	0
'6140856'	0
'6140858'	0
'6140860'	0
'6140864'	0
'6140866'	0
'6140868'	0
'6140872'	0
'6140874'	0
'6140876'	0
'6140878'	0
'6140880'	0
'6140882'	0
'6140884'	0
'6140886'	0
'6140888'	0
'6140892'	0
'6140894'	0
'6140896'	0
'6140900'	0
'6140902'	0
'6140904'	0
'6140906'	0
'6140908'	0
'6140910'	0
'6140914'	0
'6140916'	0
'6140918'	0
'6140920'	0
'6140924'	0
'6140926'	0
'6140928'	0
'6140930'	0
'6140932'	0
'6140934'	0
'6140938'	0
'6140940'	0
'6140942'	0
'6140944'	0
'6140946'	0
'6140948'	0
'6140952'	0
'6141024'	0
'6141030'	0
'6141032'	0
'6141034'	0
'6141038'	0
'6141042'	0
'6141046'	0
'6141050'	0
'6141054'	0
'6141056'	0
'6141060'	0
'6141062'	0
'6141064'	0
'6141066'	0
'6141070'	0
'6141074'	0
'6141076'	0
'6141084'	0
'6141086'	0
'6141090'	0
'6141100'	0
'6141104'	0
'6141106'	0
'6141108'	0
'6141110'	0
'6141112'	0
'6141126'	0
'6141128'	0
'6141130'	0
'6141148'	0
'6141150'	0
'6141152'	0
'6141154'	0
'6141170'	0
'6141176'	0
'6141178'	0
'6141180'	0
'6141184'	0
'6141188'	0
'6141196'	0
'6141208'	0
'6141210'	0
'6141214'	0
'6141218'	0
'6141220'	0
'6141228'	0
'6141270'	0
'6141274'	0
'6141306'	0
'6141308'	0
'6141310'	0
'6141312'	0
'6142038'	0
;

param unbuffered_banklength : 'Grassed_Buffer'    'Forested_Buffer' :=
'166174961'	0	0
'166174962'	0	0
'166174963'	2239.54781242895	2239.54781242895
'166174966'	5745.39649079298	5745.39649079298
'24978249'	0	0
'6139942'	6040.51708103411	6040.51708103411
'6139944'	7320.30297393925	7320.30297393925
'6139946'	26562.7131254262	26562.7131254262
'6139948'	0	0
'6139950'	0	0
'6139952'	2193.15105296877	2193.15105296877
'6139954'	0	0
'6139956'	0	0
'6139958'	0	0
'6139960'	0	0
'6139964'	0	0
'6139966'	0	0
'6139968'	0	0
'6139970'	0	0
'6139972'	0	0
'6139974'	0	0
'6139976'	0	0
'6139978'	0	0
'6139980'	0	0
'6139982'	0	0
'6139988'	0	0
'6139990'	0	0
'6139992'	0	0
'6139994'	0	0
'6139996'	0	0
'6139998'	0	0
'6140000'	0	0
'6140002'	0	0
'6140004'	0	0
'6140008'	0	0
'6140010'	0	0
'6140012'	0	0
'6140014'	0	0
'6140016'	0	0
'6140018'	0	0
'6140020'	0	0
'6140022'	0	0
'6140024'	0	0
'6140026'	0	0
'6140028'	0	0
'6140030'	0	0
'6140032'	830.594994523301	830.594994523301
'6140034'	0	0
'6140036'	6849.3086986174	6849.3086986174
'6140038'	0	0
'6140040'	0	0
'6140042'	0	0
'6140044'	0	0
'6140046'	0	0
'6140048'	0	0
'6140050'	0	0
'6140052'	10577.8411556823	10577.8411556823
'6140054'	0	0
'6140056'	0	0
'6140058'	0	0
'6140060'	0	0
'6140062'	0	0
'6140064'	0	0
'6140066'	2414.6981627297	2414.6981627297
'6140068'	726.7447868229	726.7447868229
'6140070'	0	0
'6140072'	0	0
'6140074'	0	0
'6140076'	129.321925310517	129.321925310517
'6140080'	0	0
'6140082'	0	0
'6140084'	0	0
'6140086'	0	0
'6140088'	0	0
'6140090'	0	0
'6140092'	0	0
'6140094'	0	0
'6140096'	0	0
'6140098'	0	0
'6140100'	0	0
'6140102'	0	0
'6140104'	0	0
'6140106'	3619.25723851447	3619.25723851447
'6140108'	7969.03093806192	7969.03093806192
'6140110'	0	0
'6140112'	0	0
'6140114'	0	0
'6140116'	0	0
'6140118'	5500.702668072	5500.702668072
'6140120'	0	0
'6140122'	0	0
'6140124'	0	0
'6140126'	0	0
'6140128'	0	0
'6140130'	0	0
'6140132'	0	0
'6140134'	0	0
'6140274'	19715.9360985388	19715.9360985388
'6140276'	12304.4412755493	14241.945150557
'6140278'	0	0
'6140280'	0	0
'6140282'	0	0
'6140284'	0	0
'6140286'	0	0
'6140288'	0	0
'6140290'	0	0
'6140292'	0	0
'6140294'	0	0
'6140296'	30598.6628639924	30695.5380577428
'6140298'	0	0
'6140300'	0	0
'6140302'	0	0
'6140304'	0	0
'6140306'	0	0
'6140308'	0	0
'6140310'	0	0
'6140312'	32449.0565647798	32449.0565647798
'6140314'	0	0
'6140316'	0	0
'6140318'	0	0
'6140320'	0	0
'6140322'	0	0
'6140324'	0	0
'6140326'	597.57786182239	597.57786182239
'6140328'	0	0
'6140330'	0	0
'6140332'	0	0
'6140336'	0	0
'6140338'	2586.12850559034	2586.12850559034
'6140340'	0	0
'6140342'	609.87455308244	609.87455308244
'6140344'	998.925331183993	998.925331183993
'6140346'	0	0
'6140348'	3715.66743133487	3715.66743133487
'6140350'	0	0
'6140352'	0	0
'6140356'	0	0
'6140358'	0	0
'6140360'	0	0
'6140362'	0	0
'6140364'	0	0
'6140366'	0	0
'6140368'	0	0
'6140370'	0	0
'6140372'	0	0
'6140374'	0	0
'6140376'	0	0
'6140380'	0	0
'6140382'	0	0
'6140384'	0	0
'6140386'	0	0
'6140388'	0	0
'6140390'	0	0
'6140392'	0	0
'6140394'	0	0
'6140396'	0	0
'6140398'	0	0
'6140402'	0	0
'6140404'	0	0
'6140406'	0	0
'6140408'	0	0
'6140410'	0	0
'6140414'	641.132948932564	738.008142682952
'6140416'	706.85308037283	706.85308037283
'6140418'	0	0
'6140420'	0	0
'6140422'	0	0
'6140426'	0	0
'6140428'	0	0
'6140430'	0	0
'6140432'	0	0
'6140434'	11917.5605017877	11917.5605017877
'6140436'	714.49976233286	714.49976233286
'6140438'	0	0
'6140442'	0	0
'6140444'	0	0
'6140448'	0	0
'6140450'	1217.47576828487	1217.47576828487
'6140452'	1695.65172463679	1889.40211213756
'6140454'	940.696881393765	940.696881393765
'6140456'	0	0
'6140458'	0	0
'6140460'	1628.84659102651	1628.84659102651
'6140462'	1436.38787277574	1436.38787277574
'6140464'	0	0
'6140466'	0	0
'6140468'	0	0
'6140470'	0	0
'6140752'	0	0
'6140754'	0	0
'6140758'	0	0
'6140760'	0	0
'6140762'	0	0
'6140764'	0	0
'6140766'	0	0
'6140768'	3549.66209932416	3549.66209932416
'6140770'	10142.3936181205	10142.3936181205
'6140772'	0	0
'6140778'	0	0
'6140780'	5035.59840453017	5035.59840453017
'6140782'	0	0
'6140784'	0	0
'6140786'	16716.0600987868	16716.0600987868
'6140788'	13405.4601442536	13405.4601442536
'6140794'	0	0
'6140796'	23408.0434827536	23601.7938702544
'6140798'	0	0
'6140800'	0	0
'6140804'	12697.8320623308	12794.7072560812
'6140806'	14825.2113170893	14825.2113170893
'6140808'	0	0
'6140810'	2714.26209519086	2714.26209519086
'6140814'	3161.85132370264	3161.85132370264
'6140816'	0	0
'6140818'	6967.47060160785	6967.47060160785
'6140820'	27123.1942463885	27607.5702151404
'6140822'	3564.18046169425	3564.18046169425
'6140826'	20038.3367433402	20038.3367433402
'6140830'	0	0
'6140832'	8534.67873602414	8825.3043172753
'6140834'	15742.296484593	15742.296484593
'6140836'	5466.18926571184	5466.18926571184
'6140838'	6605.44154421642	6605.44154421642
'6140842'	0	0
'6140846'	4964.14326161987	4964.14326161987
'6140848'	7666.78033356066	7666.78033356066
'6140852'	0	0
'6140854'	9024.89304978605	9024.89304978605
'6140856'	0	0
'6140858'	8619.46390559444	8619.46390559444
'6140860'	6321.37764275529	6321.37764275529
'6140864'	2083.97916795834	2083.97916795834
'6140866'	0	0
'6140868'	0	0
'6140872'	0	0
'6140874'	14414.9254965176	14414.9254965176
'6140876'	9989.97664661993	9989.97664661993
'6140878'	4872.38307809949	4872.38307809949
'6140880'	3169.39467212268	3169.39467212268
'6140882'	1128.24725649451	1128.24725649451
'6140884'	0	0
'6140886'	0	0
'6140888'	1119.05057143448	1119.05057143448
'6140892'	0	0
'6140894'	0	0
'6140896'	9349.87703308742	9349.87703308742
'6140900'	13366.1933990535	13366.1933990535
'6140902'	16516.781366896	16516.781366896
'6140904'	4800.10126686917	4800.10126686917
'6140906'	12977.1942877219	12977.1942877219
'6140908'	13440.6968813937	13440.6968813937
'6140910'	1049.8687664042	1049.8687664042
'6140914'	16707.5867485068	16707.5867485068
'6140916'	3552.96877260421	3552.96877260421
'6140918'	13764.9575299151	13764.9575299151
'6140920'	7632.26693120054	7632.26693120054
'6140924'	661.64465662265	661.64465662265
'6140926'	0	0
'6140928'	0	0
'6140930'	13013.464360262	13013.464360262
'6140932'	7057.73244879823	7057.73244879823
'6140934'	8195.53805774278	8195.53805774278
'6140938'	7967.99760266189	7967.99760266189
'6140940'	0	0
'6140942'	803.624940583215	803.624940583215
'6140944'	5126.2219191105	5126.2219191105
'6140946'	16253.280839895	16253.280839895
'6140948'	0	0
'6140952'	11017.0603674541	11017.0603674541
'6141024'	0	0
'6141030'	0	0
'6141032'	0	0
'6141034'	0	0
'6141038'	0	0
'6141042'	0	0
'6141046'	0	0
'6141050'	10776.8098869531	10776.8098869531
'6141054'	0	0
'6141056'	0	0
'6141060'	0	0
'6141062'	0	0
'6141064'	0	0
'6141066'	0	0
'6141070'	0	0
'6141074'	0	0
'6141076'	0	0
'6141084'	0	0
'6141086'	0	0
'6141090'	0	0
'6141100'	0	0
'6141104'	0	0
'6141106'	0	0
'6141108'	0	0
'6141110'	0	0
'6141112'	0	0
'6141126'	0	0
'6141128'	0	0
'6141130'	0	0
'6141148'	0	0
'6141150'	0	0
'6141152'	0	0
'6141154'	0	0
'6141170'	0	0
'6141176'	0	0
'6141178'	0	0
'6141180'	541.984417302167	735.734804802942
'6141184'	285.252237171141	285.252237171141
'6141188'	1290.48091429516	1290.48091429516
'6141196'	7075.14415028829	7075.14415028829
'6141208'	2149.9576332486	2343.70802074937
'6141210'	24813.0179593693	27428.6481906297
'6141214'	15721.5781098229	18821.5843098353
'6141218'	0	0
'6141220'	0	0
'6141228'	0	0
'6141270'	0	0
'6141274'	0	0
'6141306'	0	0
'6141308'	0	0
'6141310'	0	0
'6141312'	0	0
'6142038'	3440.64521462376	4021.89637712609
;

param total_banklength :=
'166174961'	0
'166174962'	0
'166174963'	3595.80052493438
'166174966'	6811.02362204724
'24978249'	0
'6139942'	10787.4015748031
'6139944'	10032.8083989501
'6139946'	30728.3464566929
'6139948'	0
'6139950'	0
'6139952'	2290.02624671916
'6139954'	0
'6139956'	0
'6139958'	0
'6139960'	0
'6139964'	0
'6139966'	0
'6139968'	0
'6139970'	0
'6139972'	0
'6139974'	0
'6139976'	0
'6139978'	0
'6139980'	0
'6139982'	0
'6139988'	0
'6139990'	0
'6139992'	0
'6139994'	0
'6139996'	0
'6139998'	0
'6140000'	0
'6140002'	0
'6140004'	0
'6140008'	0
'6140010'	0
'6140012'	0
'6140014'	0
'6140016'	0
'6140018'	0
'6140020'	0
'6140022'	0
'6140024'	0
'6140026'	0
'6140028'	0
'6140030'	0
'6140032'	12552.4934383202
'6140034'	0
'6140036'	20314.9606299213
'6140038'	0
'6140040'	0
'6140042'	0
'6140044'	0
'6140046'	0
'6140048'	0
'6140050'	0
'6140052'	17165.3543307087
'6140054'	0
'6140056'	0
'6140058'	0
'6140060'	0
'6140062'	0
'6140064'	0
'6140066'	14717.8477690289
'6140068'	5958.00524934383
'6140070'	0
'6140072'	0
'6140074'	0
'6140076'	419.94750656168
'6140080'	0
'6140082'	0
'6140084'	0
'6140086'	0
'6140088'	0
'6140090'	0
'6140092'	0
'6140094'	0
'6140096'	0
'6140098'	0
'6140100'	0
'6140102'	0
'6140104'	0
'6140106'	8366.14173228346
'6140108'	15137.7952755906
'6140110'	0
'6140112'	0
'6140114'	0
'6140116'	0
'6140118'	6856.95538057743
'6140120'	0
'6140122'	0
'6140124'	0
'6140126'	0
'6140128'	0
'6140130'	0
'6140132'	0
'6140134'	0
'6140274'	20006.56167979
'6140276'	26738.845144357
'6140278'	0
'6140280'	0
'6140282'	0
'6140284'	0
'6140286'	0
'6140288'	0
'6140290'	0
'6140292'	0
'6140294'	0
'6140296'	42998.687664042
'6140298'	0
'6140300'	0
'6140302'	0
'6140304'	0
'6140306'	0
'6140308'	0
'6140310'	0
'6140312'	32545.9317585302
'6140314'	0
'6140316'	0
'6140318'	0
'6140320'	0
'6140322'	0
'6140324'	0
'6140326'	1856.95538057743
'6140328'	0
'6140330'	0
'6140332'	0
'6140336'	0
'6140338'	3458.00524934383
'6140340'	0
'6140342'	997.37532808399
'6140344'	1095.80052493438
'6140346'	0
'6140348'	7106.29921259843
'6140350'	0
'6140352'	0
'6140356'	0
'6140358'	0
'6140360'	0
'6140362'	0
'6140364'	0
'6140366'	0
'6140368'	0
'6140370'	0
'6140372'	0
'6140374'	0
'6140376'	0
'6140380'	0
'6140382'	0
'6140384'	0
'6140386'	0
'6140388'	0
'6140390'	0
'6140392'	0
'6140394'	0
'6140396'	0
'6140398'	0
'6140402'	0
'6140404'	0
'6140406'	0
'6140408'	0
'6140410'	0
'6140414'	931.758530183727
'6140416'	2644.35695538058
'6140418'	0
'6140420'	0
'6140422'	0
'6140426'	0
'6140428'	7473.7532808399
'6140430'	0
'6140432'	0
'6140434'	12014.4356955381
'6140436'	1489.50131233596
'6140438'	2828.08398950131
'6140442'	0
'6140444'	0
'6140448'	0
'6140450'	2670.60367454068
'6140452'	2276.90288713911
'6140454'	1909.44881889764
'6140456'	0
'6140458'	0
'6140460'	1725.7217847769
'6140462'	3858.26771653543
'6140464'	0
'6140466'	0
'6140468'	0
'6140470'	0
'6140752'	0
'6140754'	0
'6140758'	0
'6140760'	0
'6140762'	0
'6140764'	0
'6140766'	0
'6140768'	12559.0551181102
'6140770'	15761.154855643
'6140772'	0
'6140778'	0
'6140780'	12591.8635170604
'6140782'	0
'6140784'	0
'6140786'	41128.6089238845
'6140788'	31036.7454068241
'6140794'	0
'6140796'	32998.687664042
'6140798'	0
'6140800'	0
'6140804'	22191.6010498688
'6140806'	15793.9632545932
'6140808'	0
'6140810'	3392.38845144357
'6140814'	7618.11023622047
'6140816'	0
'6140818'	15104.9868766404
'6140820'	44173.2283464567
'6140822'	4048.55643044619
'6140826'	28175.8530183727
'6140830'	0
'6140832'	24809.7112860892
'6140834'	16614.1732283465
'6140836'	10406.8241469816
'6140838'	8930.44619422572
'6140842'	0
'6140846'	11745.406824147
'6140848'	8248.03149606299
'6140852'	0
'6140854'	13287.4015748031
'6140856'	0
'6140858'	16660.1049868766
'6140860'	8937.00787401575
'6140864'	3149.6062992126
'6140866'	0
'6140868'	0
'6140872'	0
'6140874'	15577.4278215223
'6140876'	10183.7270341207
'6140878'	13300.5249343832
'6140880'	4816.27296587927
'6140882'	1515.74803149606
'6140884'	0
'6140886'	0
'6140888'	2572.17847769029
'6140892'	0
'6140894'	0
'6140896'	13418.6351706037
'6140900'	20341.2073490814
'6140902'	20682.4146981627
'6140904'	11581.3648293963
'6140906'	14914.6981627297
'6140908'	14409.4488188976
'6140910'	1049.8687664042
'6140914'	16804.4619422572
'6140916'	3746.71916010499
'6140918'	15314.9606299213
'6140920'	11797.9002624672
'6140924'	1824.1469816273
'6140926'	0
'6140928'	0
'6140930'	14757.217847769
'6140932'	8123.35958005249
'6140934'	8195.53805774278
'6140938'	10971.1286089239
'6140940'	0
'6140942'	997.37532808399
'6140944'	5223.09711286089
'6140946'	16253.280839895
'6140948'	0
'6140952'	11017.0603674541
'6141024'	0
'6141030'	0
'6141032'	0
'6141034'	0
'6141038'	0
'6141042'	0
'6141046'	0
'6141050'	20367.4540682415
'6141054'	0
'6141056'	0
'6141060'	0
'6141062'	0
'6141064'	0
'6141066'	0
'6141070'	0
'6141074'	0
'6141076'	0
'6141084'	0
'6141086'	0
'6141090'	0
'6141100'	0
'6141104'	0
'6141106'	0
'6141108'	0
'6141110'	0
'6141112'	0
'6141126'	0
'6141128'	0
'6141130'	0
'6141148'	0
'6141150'	0
'6141152'	0
'6141154'	0
'6141170'	0
'6141176'	0
'6141178'	0
'6141180'	1607.61154855643
'6141184'	479.002624671916
'6141188'	3615.48556430446
'6141196'	8818.89763779527
'6141208'	2828.08398950131
'6141210'	28300.5249343832
'6141214'	24730.9711286089
'6141218'	0
'6141220'	4402.88713910761
'6141228'	0
'6141270'	0
'6141274'	0
'6141306'	0
'6141308'	0
'6141310'	0
'6141312'	0
'6142038'	9737.53280839895
;

param ag_effic_N : 'Conservation'  'Contour_Farming'  'Filterstrip'  'MIN_TILL'  'Ponds'  'Terrace_Waterway'  'Terrace_Only'  'Waterway_Only'  'Fert_20'  'Manure_Injection'  'Cover_crops' :=	
'6139942'	0.016050341769776	0.04874546174762	0.538987546660088	0.0894042225002596	0.254966274211909	0.425117673183595	0.16533104271158	0.349936700435388	0.2	0.12	0.628
'6139944'	-999	-999	-999	-999	-999	-999	-999	0.418449370866168	0.2	0.12	0.628
'6139946'	-999	-999	-999	-999	-999	-999	-999	0.418449370866168	0.2	0.12	0.628
'6139948'	-999	-999	-999	-999	-999	-999	-999	-999	0.2	0.12	-999
'6139950'	-999	-999	-999	-999	-999	-999	-999	-999	0.2	0.12	-999
'6139952'	-999	-999	-999	-999	-999	-999	-999	0.418449370866168	0.2	0.12	0.628
'6139954'	-999	-999	-999	-999	-999	-999	-999	-999	0.2	0.12	-999
'6139956'	-999	-999	-999	-999	-999	-999	-999	-999	0.2	0.12	-999
'6139958'	-999	-999	-999	-999	-999	-999	-999	-999	0.2	0.12	-999
'6139960'	-999	-999	-999	-999	-999	-999	-999	-999	0.2	0.12	-999
'6139964'	-999	-999	-999	-999	-999	-999	-999	-999	0.2	0.12	-999
'6139966'	-999	-999	-999	-999	-999	-999	-999	-999	0.2	0.12	-999
'6139968'	-999	-999	-999	-999	-999	-999	-999	-999	0.2	0.12	-999
'6139970'	-999	-999	-999	-999	-999	-999	-999	-999	0.2	0.12	-999
'6139972'	-999	-999	-999	-999	-999	-999	-999	-999	0.2	0.12	-999
'6139974'	-999	-999	-999	-999	-999	-999	-999	-999	0.2	0.12	-999
'6139976'	-999	-999	-999	-999	-999	-999	-999	-999	0.2	0.12	-999
'6139978'	-999	-999	-999	-999	-999	-999	-999	-999	0.2	0.12	-999
'6139980'	-999	-999	-999	-999	-999	-999	-999	-999	0.2	0.12	-999
'6139982'	-999	-999	-999	-999	-999	-999	-999	-999	0.2	0.12	-999
'6139988'	-999	-999	-999	-999	-999	-999	-999	-999	0.2	0.12	-999
'6139990'	-999	-999	-999	-999	-999	-999	-999	-999	0.2	0.12	-999
'6139992'	-999	-999	-999	-999	-999	-999	-999	-999	0.2	0.12	-999
'6139994'	-999	-999	-999	-999	-999	-999	-999	-999	0.2	0.12	-999
'6139996'	-999	-999	-999	-999	-999	-999	-999	-999	0.2	0.12	-999
'6139998'	-999	-999	-999	-999	-999	-999	-999	-999	0.2	0.12	-999
'6140000'	-999	-999	-999	-999	-999	-999	-999	-999	0.2	0.12	-999
'6140002'	-999	-999	-999	-999	-999	-999	-999	-999	0.2	0.12	-999
'6140004'	-999	-999	-999	-999	-999	-999	-999	-999	0.2	0.12	-999
'6140008'	-999	-999	-999	-999	-999	-999	-999	-999	0.2	0.12	-999
'6140010'	-999	-999	-999	-999	-999	-999	-999	-999	0.2	0.12	-999
'6140012'	-999	-999	-999	-999	-999	-999	-999	-999	0.2	0.12	-999
'6140014'	-999	-999	-999	-999	-999	-999	-999	-999	0.2	0.12	-999
'6140016'	-999	-999	-999	-999	-999	-999	-999	-999	0.2	0.12	-999
'6140018'	-999	-999	-999	-999	-999	-999	-999	-999	0.2	0.12	-999
'6140020'	-999	-999	-999	-999	-999	-999	-999	-999	0.2	0.12	-999
'6140022'	-999	-999	-999	-999	-999	-999	-999	-999	0.2	0.12	-999
'6140024'	-999	-999	-999	-999	-999	-999	-999	-999	0.2	0.12	-999
'6140026'	-999	-999	-999	-999	-999	-999	-999	-999	0.2	0.12	-999
'6140028'	-999	-999	-999	-999	-999	-999	-999	-999	0.2	0.12	-999
'6140030'	-999	-999	-999	-999	-999	-999	-999	-999	0.2	0.12	-999
'6140032'	-999	-999	-999	-999	-999	-999	-999	0.418449370866168	0.2	0.12	0.628
'6140034'	-999	-999	-999	-999	-999	-999	-999	-999	0.2	0.12	-999
'6140036'	-999	-999	-999	-999	-999	-999	-999	0.418449370866168	0.2	0.12	0.628
'6140038'	-999	-999	-999	-999	-999	-999	-999	-999	0.2	0.12	-999
'6140040'	-999	-999	-999	-999	-999	-999	-999	-999	0.2	0.12	-999
'6140042'	-999	-999	-999	-999	-999	-999	-999	-999	0.2	0.12	-999
'6140044'	-999	-999	-999	-999	-999	-999	-999	-999	0.2	0.12	-999
'6140046'	-999	-999	-999	-999	-999	-999	-999	-999	0.2	0.12	-999
'6140048'	-999	-999	-999	-999	-999	-999	-999	-999	0.2	0.12	-999
'6140050'	-999	-999	-999	-999	-999	-999	-999	-999	0.2	0.12	-999
'6140052'	-999	-999	-999	-999	-999	-999	-999	0.418449370866168	0.2	0.12	0.628
'6140054'	-999	-999	-999	-999	-999	-999	-999	-999	0.2	0.12	-999
'6140056'	-999	-999	-999	-999	-999	-999	-999	-999	0.2	0.12	-999
'6140058'	-999	-999	-999	-999	-999	-999	-999	-999	0.2	0.12	-999
'6140060'	-999	-999	-999	-999	-999	-999	-999	-999	0.2	0.12	-999
'6140062'	-999	-999	-999	-999	-999	-999	-999	-999	0.2	0.12	-999
'6140064'	-999	-999	-999	-999	-999	-999	-999	-999	0.2	0.12	-999
'6140066'	-999	-999	-999	-999	-999	-999	-999	0.418449370866168	0.2	0.12	0.628
'6140068'	-999	-999	-999	-999	-999	-999	-999	0.418449370866168	0.2	0.12	0.628
'6140070'	-999	-999	-999	-999	-999	-999	-999	-999	0.2	0.12	-999
'6140072'	-999	-999	-999	-999	-999	-999	-999	-999	0.2	0.12	-999
'6140074'	-999	-999	-999	-999	-999	-999	-999	-999	0.2	0.12	-999
'6140076'	-999	-999	-999	-999	-999	-999	-999	0.418449370866168	0.2	0.12	0.628
'6140080'	-999	-999	-999	-999	-999	-999	-999	-999	0.2	0.12	-999
'6140082'	-999	-999	-999	-999	-999	-999	-999	-999	0.2	0.12	-999
'6140084'	-999	-999	-999	-999	-999	-999	-999	-999	0.2	0.12	-999
'6140086'	-999	-999	-999	-999	-999	-999	-999	-999	0.2	0.12	-999
'6140088'	-999	-999	-999	-999	-999	-999	-999	-999	0.2	0.12	-999
'6140090'	-999	-999	-999	-999	-999	-999	-999	-999	0.2	0.12	-999
'6140092'	-999	-999	-999	-999	-999	-999	-999	-999	0.2	0.12	-999
'6140094'	-999	-999	-999	-999	-999	-999	-999	-999	0.2	0.12	-999
'6140096'	-999	-999	-999	-999	-999	-999	-999	-999	0.2	0.12	-999
'6140098'	-999	-999	-999	-999	-999	-999	-999	-999	0.2	0.12	-999
'6140100'	-999	-999	-999	-999	-999	-999	-999	-999	0.2	0.12	-999
'6140102'	-999	-999	-999	-999	-999	-999	-999	-999	0.2	0.12	-999
'6140104'	-999	-999	-999	-999	-999	-999	-999	-999	0.2	0.12	-999
'6140106'	-999	-999	-999	-999	-999	-999	-999	0.418449370866168	0.2	0.12	0.628
'6140108'	-999	-999	-999	-999	-999	-999	-999	0.418449370866168	0.2	0.12	0.628
'6140110'	-999	-999	-999	-999	-999	-999	-999	-999	0.2	0.12	-999
'6140112'	-999	-999	-999	-999	-999	-999	-999	-999	0.2	0.12	-999
'6140114'	-999	-999	-999	-999	-999	-999	-999	-999	0.2	0.12	-999
'6140116'	-999	-999	-999	-999	-999	-999	-999	-999	0.2	0.12	-999
'6140118'	-999	-999	-999	-999	-999	-999	-999	0.418449370866168	0.2	0.12	0.628
'6140120'	-999	-999	-999	-999	-999	-999	-999	-999	0.2	0.12	-999
'6140122'	-999	-999	-999	-999	-999	-999	-999	-999	0.2	0.12	-999
'6140124'	-999	-999	-999	-999	-999	-999	-999	-999	0.2	0.12	-999
'6140126'	-999	-999	-999	-999	-999	-999	-999	-999	0.2	0.12	-999
'6140128'	-999	-999	-999	-999	-999	-999	-999	-999	0.2	0.12	-999
'6140130'	-999	-999	-999	-999	-999	-999	-999	-999	0.2	0.12	-999
'6140132'	-999	-999	-999	-999	-999	-999	-999	-999	0.2	0.12	-999
'6140134'	-999	-999	-999	-999	-999	-999	-999	-999	0.2	0.12	-999
'6140274'	-999	-999	-999	-999	-999	-999	-999	0.418449370866168	0.2	0.12	0.628
'6140276'	-999	-999	-999	-999	-999	-999	-999	0.418449370866168	0.2	0.12	0.628
'6140278'	-999	-999	-999	-999	-999	-999	-999	-999	0.2	0.12	-999
'6140280'	-999	-999	-999	-999	-999	-999	-999	-999	0.2	0.12	-999
'6140282'	-999	-999	-999	-999	-999	-999	-999	-999	0.2	0.12	-999
'6140284'	-999	-999	-999	-999	-999	-999	-999	-999	0.2	0.12	-999
'6140286'	-999	-999	-999	-999	-999	-999	-999	-999	0.2	0.12	-999
'6140288'	-999	-999	-999	-999	-999	-999	-999	-999	0.2	0.12	-999
'6140290'	-999	-999	-999	-999	-999	-999	-999	-999	0.2	0.12	-999
'6140292'	-999	-999	-999	-999	-999	-999	-999	-999	0.2	0.12	-999
'6140294'	-999	-999	-999	-999	-999	-999	-999	-999	0.2	0.12	-999
'6140296'	-999	-999	-999	-999	-999	-999	-999	0.418449370866168	0.2	0.12	0.628
'6140298'	-999	-999	-999	-999	-999	-999	-999	-999	0.2	0.12	-999
'6140300'	-999	-999	-999	-999	-999	-999	-999	-999	0.2	0.12	-999
'6140302'	-999	-999	-999	-999	-999	-999	-999	-999	0.2	0.12	-999
'6140304'	-999	-999	-999	-999	-999	-999	-999	-999	0.2	0.12	-999
'6140306'	-999	-999	-999	-999	-999	-999	-999	-999	0.2	0.12	-999
'6140308'	-999	-999	-999	-999	-999	-999	-999	-999	0.2	0.12	-999
'6140310'	-999	-999	-999	-999	-999	-999	-999	-999	0.2	0.12	-999
'6140312'	-999	-999	-999	-999	-999	-999	-999	-999	0.2	0.12	-999
'6140314'	-999	-999	-999	-999	-999	-999	-999	-999	0.2	0.12	-999
'6140316'	-999	-999	-999	-999	-999	-999	-999	-999	0.2	0.12	-999
'6140318'	-999	-999	-999	-999	-999	-999	-999	-999	0.2	0.12	-999
'6140320'	-999	-999	-999	-999	-999	-999	-999	-999	0.2	0.12	-999
'6140322'	-999	-999	-999	-999	-999	-999	-999	-999	0.2	0.12	-999
'6140324'	-999	-999	-999	-999	-999	-999	-999	-999	0.2	0.12	-999
'6140326'	-999	-999	-999	-999	-999	-999	-999	0.418449370866168	0.2	0.12	0.628
'6140328'	-999	-999	-999	-999	-999	-999	-999	-999	0.2	0.12	-999
'6140330'	-999	-999	-999	-999	-999	-999	-999	-999	0.2	0.12	-999
'6140332'	-999	-999	-999	-999	-999	-999	-999	-999	0.2	0.12	-999
'6140336'	-999	-999	-999	-999	-999	-999	-999	-999	0.2	0.12	-999
'6140338'	-999	-999	-999	-999	-999	-999	-999	0.418449370866168	0.2	0.12	0.628
'6140340'	-999	-999	-999	-999	-999	-999	-999	-999	0.2	0.12	-999
'6140342'	-999	-999	-999	-999	-999	-999	-999	0.418449370866168	0.2	0.12	0.628
'6140344'	-999	-999	-999	-999	-999	-999	-999	0.418449370866168	0.2	0.12	0.628
'6140346'	-999	-999	-999	-999	-999	-999	-999	-999	0.2	0.12	-999
'6140348'	-999	-999	-999	-999	-999	-999	-999	0.418449370866168	0.2	0.12	0.628
'6140350'	-999	-999	-999	-999	-999	-999	-999	-999	0.2	0.12	-999
'6140352'	-999	-999	-999	-999	-999	-999	-999	-999	0.2	0.12	-999
'6140356'	-999	-999	-999	-999	-999	-999	-999	-999	0.2	0.12	-999
'6140358'	-999	-999	-999	-999	-999	-999	-999	-999	0.2	0.12	-999
'6140360'	-999	-999	-999	-999	-999	-999	-999	-999	0.2	0.12	-999
'6140362'	-999	-999	-999	-999	-999	-999	-999	-999	0.2	0.12	-999
'6140364'	-999	-999	-999	-999	-999	-999	-999	-999	0.2	0.12	-999
'6140366'	-999	-999	-999	-999	-999	-999	-999	-999	0.2	0.12	-999
'6140368'	-999	-999	-999	-999	-999	-999	-999	-999	0.2	0.12	-999
'6140370'	-999	-999	-999	-999	-999	-999	-999	-999	0.2	0.12	-999
'6140372'	-999	-999	-999	-999	-999	-999	-999	-999	0.2	0.12	-999
'6140374'	-999	-999	-999	-999	-999	-999	-999	-999	0.2	0.12	-999
'6140376'	-999	-999	-999	-999	-999	-999	-999	-999	0.2	0.12	-999
'6140380'	-999	-999	-999	-999	-999	-999	-999	-999	0.2	0.12	-999
'6140382'	-999	-999	-999	-999	-999	-999	-999	-999	0.2	0.12	-999
'6140384'	-999	-999	-999	-999	-999	-999	-999	-999	0.2	0.12	-999
'6140386'	-999	-999	-999	-999	-999	-999	-999	-999	0.2	0.12	-999
'6140388'	-999	-999	-999	-999	-999	-999	-999	-999	0.2	0.12	-999
'6140390'	-999	-999	-999	-999	-999	-999	-999	-999	0.2	0.12	-999
'6140392'	-999	-999	-999	-999	-999	-999	-999	-999	0.2	0.12	-999
'6140394'	-999	-999	-999	-999	-999	-999	-999	-999	0.2	0.12	-999
'6140396'	-999	-999	-999	-999	-999	-999	-999	-999	0.2	0.12	-999
'6140398'	-999	-999	-999	-999	-999	-999	-999	-999	0.2	0.12	-999
'6140402'	-999	-999	-999	-999	-999	-999	-999	-999	0.2	0.12	-999
'6140404'	-999	-999	-999	-999	-999	-999	-999	-999	0.2	0.12	-999
'6140406'	-999	-999	-999	-999	-999	-999	-999	-999	0.2	0.12	-999
'6140408'	-999	-999	-999	-999	-999	-999	-999	-999	0.2	0.12	-999
'6140410'	-999	-999	-999	-999	-999	-999	-999	-999	0.2	0.12	-999
'6140414'	-999	-999	-999	-999	-999	-999	-999	0.418449370866168	0.2	0.12	0.628
'6140416'	-999	-999	-999	-999	-999	-999	-999	0.418449370866168	0.2	0.12	0.628
'6140418'	-999	-999	-999	-999	-999	-999	-999	-999	0.2	0.12	-999
'6140420'	-999	-999	-999	-999	-999	-999	-999	-999	0.2	0.12	-999
'6140422'	-999	-999	-999	-999	-999	-999	-999	-999	0.2	0.12	-999
'6140426'	-999	-999	-999	-999	-999	-999	-999	-999	0.2	0.12	-999
'6140428'	-999	-999	-999	-999	-999	-999	-999	0.418449370866168	0.2	0.12	0.628
'6140430'	-999	-999	-999	-999	-999	-999	-999	-999	0.2	0.12	-999
'6140432'	-999	-999	-999	-999	-999	-999	-999	-999	0.2	0.12	-999
'6140434'	-999	-999	-999	-999	-999	-999	-999	-999	0.2	0.12	-999
'6140436'	-999	-999	-999	-999	-999	-999	-999	0.418449370866168	0.2	0.12	0.628
'6140438'	-999	-999	-999	-999	-999	-999	-999	0.418449370866168	0.2	0.12	0.628
'6140442'	-999	-999	-999	-999	-999	-999	-999	-999	0.2	0.12	-999
'6140444'	-999	-999	-999	-999	-999	-999	-999	-999	0.2	0.12	-999
'6140448'	-999	-999	-999	-999	-999	-999	-999	-999	0.2	0.12	-999
'6140450'	-999	-999	-999	-999	-999	-999	-999	0.418449370866168	0.2	0.12	0.628
'6140452'	-999	-999	-999	-999	-999	-999	-999	0.418449370866168	0.2	0.12	0.628
'6140454'	-999	-999	-999	-999	-999	-999	-999	0.418449370866168	0.2	0.12	0.628
'6140456'	-999	-999	-999	-999	-999	-999	-999	-999	0.2	0.12	-999
'6140458'	-999	-999	-999	-999	-999	-999	-999	-999	0.2	0.12	-999
'6140460'	-999	-999	-999	-999	-999	-999	-999	0.418449370866168	0.2	0.12	0.628
'6140462'	-999	-999	-999	-999	-999	-999	-999	0.418449370866168	0.2	0.12	0.628
'6140464'	-999	-999	-999	-999	-999	-999	-999	-999	0.2	0.12	-999
'6140466'	-999	-999	-999	-999	-999	-999	-999	-999	0.2	0.12	-999
'6140468'	-999	-999	-999	-999	-999	-999	-999	-999	0.2	0.12	-999
'6140470'	-999	-999	-999	-999	-999	-999	-999	-999	0.2	0.12	-999
'6140752'	-999	-999	-999	-999	-999	-999	-999	-999	0.2	0.12	-999
'6140754'	-999	-999	-999	-999	-999	-999	-999	-999	0.2	0.12	-999
'6140758'	-999	-999	-999	-999	-999	-999	-999	-999	0.2	0.12	-999
'6140760'	-999	-999	-999	-999	-999	-999	-999	-999	0.2	0.12	-999
'6140762'	-999	-999	-999	-999	-999	-999	-999	-999	0.2	0.12	-999
'6140764'	-999	-999	-999	-999	-999	-999	-999	-999	0.2	0.12	-999
'6140766'	-999	-999	-999	-999	-999	-999	-999	-999	0.2	0.12	-999
'6140768'	-999	-999	-999	-999	-999	-999	-999	0.418449370866168	0.2	0.12	0.628
'6140770'	-999	-999	-999	-999	-999	-999	-999	0.418449370866168	0.2	0.12	0.628
'6140772'	-999	-999	-999	-999	-999	-999	-999	-999	0.2	0.12	-999
'6140778'	-999	-999	-999	-999	-999	-999	-999	-999	0.2	0.12	-999
'6140780'	-999	-999	-999	-999	-999	-999	-999	0.418449370866168	0.2	0.12	0.628
'6140782'	-999	-999	-999	-999	-999	-999	-999	-999	0.2	0.12	-999
'6140784'	-999	-999	-999	-999	-999	-999	-999	-999	0.2	0.12	-999
'6140786'	-999	-999	-999	-999	-999	-999	-999	0.418449370866168	0.2	0.12	0.628
'6140788'	-999	-999	-999	-999	-999	-999	-999	0.418449370866168	0.2	0.12	0.628
'6140794'	-999	-999	-999	-999	-999	-999	-999	-999	0.2	0.12	-999
'6140796'	-999	-999	-999	-999	-999	-999	-999	0.418449370866168	0.2	0.12	0.628
'6140798'	-999	-999	-999	-999	-999	-999	-999	-999	0.2	0.12	-999
'6140800'	-999	-999	-999	-999	-999	-999	-999	-999	0.2	0.12	-999
'6140804'	-999	-999	-999	-999	-999	-999	-999	0.418449370866168	0.2	0.12	0.628
'6140806'	-999	-999	-999	-999	-999	-999	-999	0.418449370866168	0.2	0.12	0.628
'6140808'	-999	-999	-999	-999	-999	-999	-999	-999	0.2	0.12	-999
'6140810'	-999	-999	-999	-999	-999	-999	-999	0.418449370866168	0.2	0.12	0.628
'6140814'	-999	-999	-999	-999	-999	-999	-999	0.418449370866168	0.2	0.12	0.628
'6140816'	-999	-999	-999	-999	-999	-999	-999	-999	0.2	0.12	-999
'6140818'	-999	-999	-999	-999	-999	-999	-999	0.418449370866168	0.2	0.12	0.628
'6140820'	-999	-999	-999	-999	-999	-999	-999	0.418449370866168	0.2	0.12	0.628
'6140822'	-999	-999	-999	-999	-999	-999	-999	0.418449370866168	0.2	0.12	0.628
'6140826'	-999	-999	-999	-999	-999	-999	-999	0.418449370866168	0.2	0.12	0.628
'6140830'	-999	-999	-999	-999	-999	-999	-999	-999	0.2	0.12	-999
'6140832'	-999	-999	-999	-999	-999	-999	-999	0.418449370866168	0.2	0.12	0.628
'6140834'	-999	-999	-999	-999	-999	-999	-999	0.418449370866168	0.2	0.12	0.628
'6140836'	-999	-999	-999	-999	-999	-999	-999	0.418449370866168	0.2	0.12	0.628
'6140838'	-999	-999	-999	-999	-999	-999	-999	0.418449370866168	0.2	0.12	0.628
'6140842'	-999	-999	-999	-999	-999	-999	-999	-999	0.2	0.12	-999
'6140846'	-999	-999	-999	-999	-999	-999	-999	0.418449370866168	0.2	0.12	0.628
'6140848'	-999	-999	-999	-999	-999	-999	-999	0.418449370866168	0.2	0.12	0.628
'6140852'	-999	-999	-999	-999	-999	-999	-999	-999	0.2	0.12	-999
'6140854'	-999	-999	-999	-999	-999	-999	-999	0.418449370866168	0.2	0.12	0.628
'6140856'	-999	-999	-999	-999	-999	-999	-999	-999	0.2	0.12	-999
'6140858'	-999	-999	-999	-999	-999	-999	-999	0.418449370866168	0.2	0.12	0.628
'6140860'	-999	-999	-999	-999	-999	-999	-999	0.418449370866168	0.2	0.12	0.628
'6140864'	-999	-999	-999	-999	-999	-999	-999	0.418449370866168	0.2	0.12	0.628
'6140866'	-999	-999	-999	-999	-999	-999	-999	-999	0.2	0.12	-999
'6140868'	-999	-999	-999	-999	-999	-999	-999	-999	0.2	0.12	-999
'6140872'	-999	-999	-999	-999	-999	-999	-999	-999	0.2	0.12	-999
'6140874'	-999	-999	-999	-999	-999	-999	-999	0.418449370866168	0.2	0.12	0.628
'6140876'	-999	-999	-999	-999	-999	-999	-999	0.418449370866168	0.2	0.12	0.628
'6140878'	-999	-999	-999	-999	-999	-999	-999	0.418449370866168	0.2	0.12	0.628
'6140880'	-999	-999	-999	-999	-999	-999	-999	0.418449370866168	0.2	0.12	0.628
'6140882'	-999	-999	-999	-999	-999	-999	-999	0.418449370866168	0.2	0.12	0.628
'6140884'	-999	-999	-999	-999	-999	-999	-999	-999	0.2	0.12	-999
'6140886'	-999	-999	-999	-999	-999	-999	-999	-999	0.2	0.12	-999
'6140888'	-999	-999	-999	-999	-999	-999	-999	0.418449370866168	0.2	0.12	0.628
'6140892'	-999	-999	-999	-999	-999	-999	-999	-999	0.2	0.12	-999
'6140894'	-999	-999	-999	-999	-999	-999	-999	-999	0.2	0.12	-999
'6140896'	-999	-999	-999	-999	-999	-999	-999	0.418449370866168	0.2	0.12	0.628
'6140900'	-999	-999	-999	-999	-999	-999	-999	0.418449370866168	0.2	0.12	0.628
'6140902'	-999	-999	-999	-999	-999	-999	-999	0.418449370866168	0.2	0.12	0.628
'6140904'	-999	-999	-999	-999	-999	-999	-999	0.418449370866168	0.2	0.12	0.628
'6140906'	-999	-999	-999	-999	-999	-999	-999	0.418449370866168	0.2	0.12	0.628
'6140908'	-999	-999	-999	-999	-999	-999	-999	0.418449370866168	0.2	0.12	0.628
'6140910'	-999	-999	-999	-999	-999	-999	-999	0.418449370866168	0.2	0.12	0.628
'6140914'	-999	-999	-999	-999	-999	-999	-999	0.418449370866168	0.2	0.12	0.628
'6140916'	-999	-999	-999	-999	-999	-999	-999	0.418449370866168	0.2	0.12	0.628
'6140918'	-999	-999	-999	-999	-999	-999	-999	0.418449370866168	0.2	0.12	0.628
'6140920'	-999	-999	-999	-999	-999	-999	-999	0.418449370866168	0.2	0.12	0.628
'6140924'	-999	-999	-999	-999	-999	-999	-999	0.418449370866168	0.2	0.12	0.628
'6140926'	-999	-999	-999	-999	-999	-999	-999	-999	0.2	0.12	-999
'6140928'	-999	-999	-999	-999	-999	-999	-999	-999	0.2	0.12	-999
'6140930'	-999	-999	-999	-999	-999	-999	-999	0.418449370866168	0.2	0.12	0.628
'6140932'	-999	-999	-999	-999	-999	-999	-999	0.418449370866168	0.2	0.12	0.628
'6140934'	-999	-999	-999	-999	-999	-999	-999	0.418449370866168	0.2	0.12	0.628
'6140938'	-999	-999	-999	-999	-999	-999	-999	0.418449370866168	0.2	0.12	0.628
'6140940'	-999	-999	-999	-999	-999	-999	-999	0.418449370866168	0.2	0.12	0.628
'6140942'	-999	-999	-999	-999	-999	-999	-999	0.418449370866168	0.2	0.12	0.628
'6140944'	-999	-999	-999	-999	-999	-999	-999	0.418449370866168	0.2	0.12	0.628
'6140946'	-999	-999	-999	-999	-999	-999	-999	0.418449370866168	0.2	0.12	0.628
'6140948'	-999	-999	-999	-999	-999	-999	-999	-999	0.2	0.12	-999
'6140952'	-999	-999	-999	-999	-999	-999	-999	0.418449370866168	0.2	0.12	0.628
'6141024'	-999	-999	-999	-999	-999	-999	-999	-999	0.2	0.12	-999
'6141030'	-999	-999	-999	-999	-999	-999	-999	-999	0.2	0.12	-999
'6141032'	-999	-999	-999	-999	-999	-999	-999	-999	0.2	0.12	-999
'6141034'	-999	-999	-999	-999	-999	-999	-999	-999	0.2	0.12	-999
'6141038'	-999	-999	-999	-999	-999	-999	-999	-999	0.2	0.12	-999
'6141042'	-999	-999	-999	-999	-999	-999	-999	-999	0.2	0.12	-999
'6141046'	-999	-999	-999	-999	-999	-999	-999	-999	0.2	0.12	-999
'6141050'	-999	-999	-999	-999	-999	-999	-999	0.418449370866168	0.2	0.12	0.628
'6141054'	-999	-999	-999	-999	-999	-999	-999	-999	0.2	0.12	-999
'6141056'	-999	-999	-999	-999	-999	-999	-999	-999	0.2	0.12	-999
'6141060'	-999	-999	-999	-999	-999	-999	-999	-999	0.2	0.12	-999
'6141062'	-999	-999	-999	-999	-999	-999	-999	-999	0.2	0.12	-999
'6141064'	-999	-999	-999	-999	-999	-999	-999	-999	0.2	0.12	-999
'6141066'	-999	-999	-999	-999	-999	-999	-999	-999	0.2	0.12	-999
'6141070'	-999	-999	-999	-999	-999	-999	-999	-999	0.2	0.12	-999
'6141074'	-999	-999	-999	-999	-999	-999	-999	-999	0.2	0.12	-999
'6141076'	-999	-999	-999	-999	-999	-999	-999	-999	0.2	0.12	-999
'6141084'	-999	-999	-999	-999	-999	-999	-999	-999	0.2	0.12	-999
'6141086'	-999	-999	-999	-999	-999	-999	-999	-999	0.2	0.12	-999
'6141090'	-999	-999	-999	-999	-999	-999	-999	-999	0.2	0.12	-999
'6141100'	-999	-999	-999	-999	-999	-999	-999	-999	0.2	0.12	-999
'6141104'	-999	-999	-999	-999	-999	-999	-999	-999	0.2	0.12	-999
'6141106'	-999	-999	-999	-999	-999	-999	-999	-999	0.2	0.12	-999
'6141108'	-999	-999	-999	-999	-999	-999	-999	-999	0.2	0.12	-999
'6141110'	-999	-999	-999	-999	-999	-999	-999	-999	0.2	0.12	-999
'6141112'	-999	-999	-999	-999	-999	-999	-999	-999	0.2	0.12	-999
'6141126'	-999	-999	-999	-999	-999	-999	-999	-999	0.2	0.12	-999
'6141128'	-999	-999	-999	-999	-999	-999	-999	-999	0.2	0.12	-999
'6141130'	-999	-999	-999	-999	-999	-999	-999	-999	0.2	0.12	-999
'6141148'	-999	-999	-999	-999	-999	-999	-999	-999	0.2	0.12	-999
'6141150'	-999	-999	-999	-999	-999	-999	-999	-999	0.2	0.12	-999
'6141152'	-999	-999	-999	-999	-999	-999	-999	-999	0.2	0.12	-999
'6141154'	-999	-999	-999	-999	-999	-999	-999	-999	0.2	0.12	-999
'6141170'	-999	-999	-999	-999	-999	-999	-999	-999	0.2	0.12	-999
'6141176'	-999	-999	-999	-999	-999	-999	-999	-999	0.2	0.12	-999
'6141178'	-999	-999	-999	-999	-999	-999	-999	-999	0.2	0.12	-999
'6141180'	-999	-999	-999	-999	-999	-999	-999	0.418449370866168	0.2	0.12	0.628
'6141184'	-999	-999	-999	-999	-999	-999	-999	0.418449370866168	0.2	0.12	0.628
'6141188'	-999	-999	-999	-999	-999	-999	-999	0.418449370866168	0.2	0.12	0.628
'6141196'	-999	-999	-999	-999	-999	-999	-999	0.418449370866168	0.2	0.12	0.628
'6141208'	-999	-999	-999	-999	-999	-999	-999	0.418449370866168	0.2	0.12	0.628
'6141210'	-999	-999	-999	-999	-999	-999	-999	0.418449370866168	0.2	0.12	0.628
'6141214'	-999	-999	-999	-999	-999	-999	-999	0.5369118683274	0.2	0.12	0.628
'6141218'	-999	-999	-999	-999	-999	-999	-999	-999	0.2	0.12	-999
'6141220'	-999	-999	-999	-999	-999	-999	-999	0.418449370866168	0.2	0.12	0.628
'6141228'	-999	-999	-999	-999	-999	-999	-999	-999	0.2	0.12	-999
'6141270'	-999	-999	-999	-999	-999	-999	-999	-999	0.2	0.12	-999
'6141274'	-999	-999	-999	-999	-999	-999	-999	-999	0.2	0.12	-999
'6141306'	-999	-999	-999	-999	-999	-999	-999	-999	0.2	0.12	-999
'6141308'	-999	-999	-999	-999	-999	-999	-999	-999	0.2	0.12	-999
'6141310'	-999	-999	-999	-999	-999	-999	-999	-999	0.2	0.12	-999
'6141312'	-999	-999	-999	-999	-999	-999	-999	0.418449370866168	0.2	0.12	0.628
'6142038'	-999	-999	-999	-999	-999	-999	-999	0.418449370866168	0.2	0.12	0.628
'24978249'	-999	-999	-999	-999	-999	-999	-999	-999	0.2	0.12	-999
'166174961'	-999	-999	-999	-999	-999	-999	-999	-999	0.2	0.12	-999
'166174962'	-999	-999	-999	-999	-999	-999	-999	-999	0.2	0.12	-999
'166174963'	-999	-999	-999	-999	-999	-999	-999	-999	0.2	0.12	-999
'166174966'	-999	-999	-999	-999	-999	-999	-999	0.418449370866168	0.2	0.12	0.628
;

param septic_effic_N : 'none' :=	
'166174961'	0
'166174962'	0
'166174963'	0
'166174966'	0
'24978249'	0
'6139942'	0
'6139944'	0
'6139946'	0
'6139948'	0
'6139950'	0
'6139952'	0
'6139954'	0
'6139956'	0
'6139958'	0
'6139960'	0
'6139964'	0
'6139966'	0
'6139968'	0
'6139970'	0
'6139972'	0
'6139974'	0
'6139976'	0
'6139978'	0
'6139980'	0
'6139982'	0
'6139988'	0
'6139990'	0
'6139992'	0
'6139994'	0
'6139996'	0
'6139998'	0
'6140000'	0
'6140002'	0
'6140004'	0
'6140008'	0
'6140010'	0
'6140012'	0
'6140014'	0
'6140016'	0
'6140018'	0
'6140020'	0
'6140022'	0
'6140024'	0
'6140026'	0
'6140028'	0
'6140030'	0
'6140032'	0
'6140034'	0
'6140036'	0
'6140038'	0
'6140040'	0
'6140042'	0
'6140044'	0
'6140046'	0
'6140048'	0
'6140050'	0
'6140052'	0
'6140054'	0
'6140056'	0
'6140058'	0
'6140060'	0
'6140062'	0
'6140064'	0
'6140066'	0
'6140068'	0
'6140070'	0
'6140072'	0
'6140074'	0
'6140076'	0
'6140080'	0
'6140082'	0
'6140084'	0
'6140086'	0
'6140088'	0
'6140090'	0
'6140092'	0
'6140094'	0
'6140096'	0
'6140098'	0
'6140100'	0
'6140102'	0
'6140104'	0
'6140106'	0
'6140108'	0
'6140110'	0
'6140112'	0
'6140114'	0
'6140116'	0
'6140118'	0
'6140120'	0
'6140122'	0
'6140124'	0
'6140126'	0
'6140128'	0
'6140130'	0
'6140132'	0
'6140134'	0
'6140274'	0
'6140276'	0
'6140278'	0
'6140280'	0
'6140282'	0
'6140284'	0
'6140286'	0
'6140288'	0
'6140290'	0
'6140292'	0
'6140294'	0
'6140296'	0
'6140298'	0
'6140300'	0
'6140302'	0
'6140304'	0
'6140306'	0
'6140308'	0
'6140310'	0
'6140312'	0
'6140314'	0
'6140316'	0
'6140318'	0
'6140320'	0
'6140322'	0
'6140324'	0
'6140326'	0
'6140328'	0
'6140330'	0
'6140332'	0
'6140336'	0
'6140338'	0
'6140340'	0
'6140342'	0
'6140344'	0
'6140346'	0
'6140348'	0
'6140350'	0
'6140352'	0
'6140356'	0
'6140358'	0
'6140360'	0
'6140362'	0
'6140364'	0
'6140366'	0
'6140368'	0
'6140370'	0
'6140372'	0
'6140374'	0
'6140376'	0
'6140380'	0
'6140382'	0
'6140384'	0
'6140386'	0
'6140388'	0
'6140390'	0
'6140392'	0
'6140394'	0
'6140396'	0
'6140398'	0
'6140402'	0
'6140404'	0
'6140406'	0
'6140408'	0
'6140410'	0
'6140414'	0
'6140416'	0
'6140418'	0
'6140420'	0
'6140422'	0
'6140426'	0
'6140428'	0
'6140430'	0
'6140432'	0
'6140434'	0
'6140436'	0
'6140438'	0
'6140442'	0
'6140444'	0
'6140448'	0
'6140450'	0
'6140452'	0
'6140454'	0
'6140456'	0
'6140458'	0
'6140460'	0
'6140462'	0
'6140464'	0
'6140466'	0
'6140468'	0
'6140470'	0
'6140752'	0
'6140754'	0
'6140758'	0
'6140760'	0
'6140762'	0
'6140764'	0
'6140766'	0
'6140768'	0
'6140770'	0
'6140772'	0
'6140778'	0
'6140780'	0
'6140782'	0
'6140784'	0
'6140786'	0
'6140788'	0
'6140794'	0
'6140796'	0
'6140798'	0
'6140800'	0
'6140804'	0
'6140806'	0
'6140808'	0
'6140810'	0
'6140814'	0
'6140816'	0
'6140818'	0
'6140820'	0
'6140822'	0
'6140826'	0
'6140830'	0
'6140832'	0
'6140834'	0
'6140836'	0
'6140838'	0
'6140842'	0
'6140846'	0
'6140848'	0
'6140852'	0
'6140854'	0
'6140856'	0
'6140858'	0
'6140860'	0
'6140864'	0
'6140866'	0
'6140868'	0
'6140872'	0
'6140874'	0
'6140876'	0
'6140878'	0
'6140880'	0
'6140882'	0
'6140884'	0
'6140886'	0
'6140888'	0
'6140892'	0
'6140894'	0
'6140896'	0
'6140900'	0
'6140902'	0
'6140904'	0
'6140906'	0
'6140908'	0
'6140910'	0
'6140914'	0
'6140916'	0
'6140918'	0
'6140920'	0
'6140924'	0
'6140926'	0
'6140928'	0
'6140930'	0
'6140932'	0
'6140934'	0
'6140938'	0
'6140940'	0
'6140942'	0
'6140944'	0
'6140946'	0
'6140948'	0
'6140952'	0
'6141024'	0
'6141030'	0
'6141032'	0
'6141034'	0
'6141038'	0
'6141042'	0
'6141046'	0
'6141050'	0
'6141054'	0
'6141056'	0
'6141060'	0
'6141062'	0
'6141064'	0
'6141066'	0
'6141070'	0
'6141074'	0
'6141076'	0
'6141084'	0
'6141086'	0
'6141090'	0
'6141100'	0
'6141104'	0
'6141106'	0
'6141108'	0
'6141110'	0
'6141112'	0
'6141126'	0
'6141128'	0
'6141130'	0
'6141148'	0
'6141150'	0
'6141152'	0
'6141154'	0
'6141170'	0
'6141176'	0
'6141178'	0
'6141180'	0
'6141184'	0
'6141188'	0
'6141196'	0
'6141208'	0
'6141210'	0
'6141214'	0
'6141218'	0
'6141220'	0
'6141228'	0
'6141270'	0
'6141274'	0
'6141306'	0
'6141308'	0
'6141310'	0
'6141312'	0
'6142038'	0
;

param point_effic_N : 'point' :=	
'166174961'	0
'166174962'	0
'166174963'	0
'166174966'	0
'24978249'	0
'6139942'	0
'6139944'	0
'6139946'	0
'6139948'	0
'6139950'	0
'6139952'	0
'6139954'	0
'6139956'	0
'6139958'	0
'6139960'	0
'6139964'	0
'6139966'	0
'6139968'	0
'6139970'	0
'6139972'	0
'6139974'	0
'6139976'	0
'6139978'	0
'6139980'	0
'6139982'	0
'6139988'	0
'6139990'	0
'6139992'	0
'6139994'	0
'6139996'	0
'6139998'	0
'6140000'	0
'6140002'	0
'6140004'	0
'6140008'	0
'6140010'	0
'6140012'	0
'6140014'	0
'6140016'	0
'6140018'	0
'6140020'	0
'6140022'	0
'6140024'	0
'6140026'	0
'6140028'	0
'6140030'	0
'6140032'	0
'6140034'	0
'6140036'	0
'6140038'	0
'6140040'	0
'6140042'	0
'6140044'	0
'6140046'	0
'6140048'	0
'6140050'	0
'6140052'	0
'6140054'	0
'6140056'	0
'6140058'	0
'6140060'	0
'6140062'	0
'6140064'	0
'6140066'	0
'6140068'	0
'6140070'	0
'6140072'	0
'6140074'	0
'6140076'	0
'6140080'	0
'6140082'	0
'6140084'	0
'6140086'	0
'6140088'	0
'6140090'	0
'6140092'	0
'6140094'	0
'6140096'	0
'6140098'	0
'6140100'	0
'6140102'	0
'6140104'	0
'6140106'	0
'6140108'	0
'6140110'	0
'6140112'	0
'6140114'	0
'6140116'	0
'6140118'	0
'6140120'	0
'6140122'	0
'6140124'	0
'6140126'	0
'6140128'	0
'6140130'	0
'6140132'	0
'6140134'	0
'6140274'	0
'6140276'	0
'6140278'	0
'6140280'	0
'6140282'	0
'6140284'	0
'6140286'	0
'6140288'	0
'6140290'	0
'6140292'	0
'6140294'	0
'6140296'	0
'6140298'	0
'6140300'	0
'6140302'	0
'6140304'	0
'6140306'	0
'6140308'	0
'6140310'	0
'6140312'	0
'6140314'	0
'6140316'	0
'6140318'	0
'6140320'	0
'6140322'	0
'6140324'	0
'6140326'	0
'6140328'	0
'6140330'	0
'6140332'	0
'6140336'	0
'6140338'	0
'6140340'	0
'6140342'	0
'6140344'	0
'6140346'	0
'6140348'	0
'6140350'	0
'6140352'	0
'6140356'	0
'6140358'	0
'6140360'	0
'6140362'	0
'6140364'	0
'6140366'	0
'6140368'	0
'6140370'	0
'6140372'	0
'6140374'	0
'6140376'	0
'6140380'	0
'6140382'	0
'6140384'	0
'6140386'	0
'6140388'	0
'6140390'	0
'6140392'	0
'6140394'	0
'6140396'	0
'6140398'	0
'6140402'	0
'6140404'	0
'6140406'	0
'6140408'	0
'6140410'	0
'6140414'	0
'6140416'	0
'6140418'	0
'6140420'	0
'6140422'	0
'6140426'	0
'6140428'	0
'6140430'	0
'6140432'	0
'6140434'	0
'6140436'	0
'6140438'	0
'6140442'	0
'6140444'	0
'6140448'	0
'6140450'	0
'6140452'	0
'6140454'	0
'6140456'	0
'6140458'	0
'6140460'	0
'6140462'	0
'6140464'	0
'6140466'	0
'6140468'	0
'6140470'	0
'6140752'	0
'6140754'	0
'6140758'	0
'6140760'	0
'6140762'	0
'6140764'	0
'6140766'	0
'6140768'	0
'6140770'	0
'6140772'	0
'6140778'	0
'6140780'	0
'6140782'	0
'6140784'	0
'6140786'	0
'6140788'	0
'6140794'	0
'6140796'	0
'6140798'	0
'6140800'	0
'6140804'	0
'6140806'	0
'6140808'	0
'6140810'	0
'6140814'	0
'6140816'	0
'6140818'	0
'6140820'	0
'6140822'	0
'6140826'	0
'6140830'	0
'6140832'	0
'6140834'	0
'6140836'	0
'6140838'	0
'6140842'	0
'6140846'	0
'6140848'	0
'6140852'	0
'6140854'	0
'6140856'	0
'6140858'	0
'6140860'	0
'6140864'	0
'6140866'	0
'6140868'	0
'6140872'	0
'6140874'	0
'6140876'	0
'6140878'	0
'6140880'	0
'6140882'	0
'6140884'	0
'6140886'	0
'6140888'	0
'6140892'	0
'6140894'	0
'6140896'	0
'6140900'	0
'6140902'	0
'6140904'	0
'6140906'	0
'6140908'	0
'6140910'	0
'6140914'	0
'6140916'	0
'6140918'	0
'6140920'	0
'6140924'	0
'6140926'	0
'6140928'	0
'6140930'	0
'6140932'	0
'6140934'	0
'6140938'	0
'6140940'	0
'6140942'	0
'6140944'	0
'6140946'	0
'6140948'	0
'6140952'	0
'6141024'	0
'6141030'	0
'6141032'	0
'6141034'	0
'6141038'	0
'6141042'	0
'6141046'	0
'6141050'	0
'6141054'	0
'6141056'	0
'6141060'	0
'6141062'	0
'6141064'	0
'6141066'	0
'6141070'	0
'6141074'	0
'6141076'	0
'6141084'	0
'6141086'	0
'6141090'	0
'6141100'	0
'6141104'	0
'6141106'	0
'6141108'	0
'6141110'	0
'6141112'	0
'6141126'	0
'6141128'	0
'6141130'	0
'6141148'	0
'6141150'	0
'6141152'	0
'6141154'	0
'6141170'	0
'6141176'	0
'6141178'	0
'6141180'	0
'6141184'	0
'6141188'	0
'6141196'	0
'6141208'	0
'6141210'	0
'6141214'	0
'6141218'	0
'6141220'	0
'6141228'	0
'6141270'	0
'6141274'	0
'6141306'	0
'6141308'	0
'6141310'	0
'6141312'	0
'6142038'	0
;

param point_effic_P : 'point' :=	
'NA'	0
;

param urban_effic_N : 'Biofiltration_w_Underdrain' 'Bioretention_Basin' 'Enhanced_Biofiltration_w_ISR' 'Extended_Dry_Detention_Basin' 'Grass_Swale_w_detention' 'Gravel_Wetland' 'Infiltration_Basin' 'Infiltration_Chamber' 'Infiltration_Trench' 'Porous_Pavement_w_subsurface_infiltration' 'Porous_Pavement_w_underdrain' 'Sand_Filter_w_underdrain' 'Wet_Pond' :=
'166174961'	0.327741413702585	0.327741413702585	0.745185777746699	0.135325992656172	0.135325992656172	0.666267724445322	0.990035691177431	0.990104872694054	0.990104872694054	0.990104872694054	0.759269406392694	0.327741413702585	0.327741413702585
'166174962'	0.327741413702585	0.327741413702585	0.745185777746699	0.135325992656172	0.135325992656172	0.666267724445322	0.990035691177431	0.990104872694054	0.990104872694054	0.990104872694054	0.759269406392694	0.327741413702585	0.327741413702585
'166174963'	0.327741413702585	0.327741413702585	0.745185777746699	0.135325992656172	0.135325992656172	0.666267724445322	0.990035691177431	0.990104872694054	0.990104872694054	0.990104872694054	0.759269406392694	0.327741413702585	0.327741413702585
'166174966'	0.327741413702585	0.327741413702585	0.745185777746699	0.135325992656172	0.135325992656172	0.666267724445322	0.990035691177431	0.990104872694054	0.990104872694054	0.990104872694054	0.759269406392694	0.327741413702585	0.327741413702585
'24978249'	0.327741413702585	0.327741413702585	0.745185777746699	0.135325992656172	0.135325992656172	0.666267724445322	0.990035691177431	0.990104872694054	0.990104872694054	0.990104872694054	0.759269406392694	0.327741413702585	0.327741413702585
'6139942'	0.327741413702585	0.327741413702585	0.745185777746699	0.135325992656172	0.135325992656172	0.666267724445322	0.990035691177431	0.990104872694054	0.990104872694054	0.990104872694054	0.759269406392694	0.327741413702585	0.327741413702585
'6139944'	0.327741413702585	0.327741413702585	0.745185777746699	0.135325992656172	0.135325992656172	0.666267724445322	0.990035691177431	0.990104872694054	0.990104872694054	0.990104872694054	0.759269406392694	0.327741413702585	0.327741413702585
'6139946'	0.327741413702585	0.327741413702585	0.745185777746699	0.135325992656172	0.135325992656172	0.666267724445322	0.990035691177431	0.990104872694054	0.990104872694054	0.990104872694054	0.759269406392694	0.327741413702585	0.327741413702585
'6139948'	0.327741413702585	0.327741413702585	0.745185777746699	0.135325992656172	0.135325992656172	0.666267724445322	0.990035691177431	0.990104872694054	0.990104872694054	0.990104872694054	0.759269406392694	0.327741413702585	0.327741413702585
'6139950'	0.327741413702585	0.327741413702585	0.745185777746699	0.135325992656172	0.135325992656172	0.666267724445322	0.990035691177431	0.990104872694054	0.990104872694054	0.990104872694054	0.759269406392694	0.327741413702585	0.327741413702585
'6139952'	0.327741413702585	0.327741413702585	0.745185777746699	0.135325992656172	0.135325992656172	0.666267724445322	0.990035691177431	0.990104872694054	0.990104872694054	0.990104872694054	0.759269406392694	0.327741413702585	0.327741413702585
'6139954'	0.327741413702585	0.327741413702585	0.745185777746699	0.135325992656172	0.135325992656172	0.666267724445322	0.990035691177431	0.990104872694054	0.990104872694054	0.990104872694054	0.759269406392694	0.327741413702585	0.327741413702585
'6139956'	0.327741413702585	0.327741413702585	0.745185777746699	0.135325992656172	0.135325992656172	0.666267724445322	0.990035691177431	0.990104872694054	0.990104872694054	0.990104872694054	0.759269406392694	0.327741413702585	0.327741413702585
'6139958'	0.327741413702585	0.327741413702585	0.745185777746699	0.135325992656172	0.135325992656172	0.666267724445322	0.990035691177431	0.990104872694054	0.990104872694054	0.990104872694054	0.759269406392694	0.327741413702585	0.327741413702585
'6139960'	0.327741413702585	0.327741413702585	0.745185777746699	0.135325992656172	0.135325992656172	0.666267724445322	0.990035691177431	0.990104872694054	0.990104872694054	0.990104872694054	0.759269406392694	0.327741413702585	0.327741413702585
'6139964'	0.327741413702585	0.327741413702585	0.745185777746699	0.135325992656172	0.135325992656172	0.666267724445322	0.990035691177431	0.990104872694054	0.990104872694054	0.990104872694054	0.759269406392694	0.327741413702585	0.327741413702585
'6139966'	0.327741413702585	0.327741413702585	0.745185777746699	0.135325992656172	0.135325992656172	0.666267724445322	0.990035691177431	0.990104872694054	0.990104872694054	0.990104872694054	0.759269406392694	0.327741413702585	0.327741413702585
'6139968'	0.327741413702585	0.327741413702585	0.745185777746699	0.135325992656172	0.135325992656172	0.666267724445322	0.990035691177431	0.990104872694054	0.990104872694054	0.990104872694054	0.759269406392694	0.327741413702585	0.327741413702585
'6139970'	0.327741413702585	0.327741413702585	0.745185777746699	0.135325992656172	0.135325992656172	0.666267724445322	0.990035691177431	0.990104872694054	0.990104872694054	0.990104872694054	0.759269406392694	0.327741413702585	0.327741413702585
'6139972'	0.327741413702585	0.327741413702585	0.745185777746699	0.135325992656172	0.135325992656172	0.666267724445322	0.990035691177431	0.990104872694054	0.990104872694054	0.990104872694054	0.759269406392694	0.327741413702585	0.327741413702585
'6139974'	0.327741413702585	0.327741413702585	0.745185777746699	0.135325992656172	0.135325992656172	0.666267724445322	0.990035691177431	0.990104872694054	0.990104872694054	0.990104872694054	0.759269406392694	0.327741413702585	0.327741413702585
'6139976'	0.327741413702585	0.327741413702585	0.745185777746699	0.135325992656172	0.135325992656172	0.666267724445322	0.990035691177431	0.990104872694054	0.990104872694054	0.990104872694054	0.759269406392694	0.327741413702585	0.327741413702585
'6139978'	0.327741413702585	0.327741413702585	0.745185777746699	0.135325992656172	0.135325992656172	0.666267724445322	0.990035691177431	0.990104872694054	0.990104872694054	0.990104872694054	0.759269406392694	0.327741413702585	0.327741413702585
'6139980'	0.327741413702585	0.327741413702585	0.745185777746699	0.135325992656172	0.135325992656172	0.666267724445322	0.990035691177431	0.990104872694054	0.990104872694054	0.990104872694054	0.759269406392694	0.327741413702585	0.327741413702585
'6139982'	0.327741413702585	0.327741413702585	0.745185777746699	0.135325992656172	0.135325992656172	0.666267724445322	0.990035691177431	0.990104872694054	0.990104872694054	0.990104872694054	0.759269406392694	0.327741413702585	0.327741413702585
'6139988'	0.327741413702585	0.327741413702585	0.745185777746699	0.135325992656172	0.135325992656172	0.666267724445322	0.990035691177431	0.990104872694054	0.990104872694054	0.990104872694054	0.759269406392694	0.327741413702585	0.327741413702585
'6139990'	0.327741413702585	0.327741413702585	0.745185777746699	0.135325992656172	0.135325992656172	0.666267724445322	0.990035691177431	0.990104872694054	0.990104872694054	0.990104872694054	0.759269406392694	0.327741413702585	0.327741413702585
'6139992'	0.327741413702585	0.327741413702585	0.745185777746699	0.135325992656172	0.135325992656172	0.666267724445322	0.990035691177431	0.990104872694054	0.990104872694054	0.990104872694054	0.759269406392694	0.327741413702585	0.327741413702585
'6139994'	0.327741413702585	0.327741413702585	0.745185777746699	0.135325992656172	0.135325992656172	0.666267724445322	0.990035691177431	0.990104872694054	0.990104872694054	0.990104872694054	0.759269406392694	0.327741413702585	0.327741413702585
'6139996'	0.327741413702585	0.327741413702585	0.745185777746699	0.135325992656172	0.135325992656172	0.666267724445322	0.990035691177431	0.990104872694054	0.990104872694054	0.990104872694054	0.759269406392694	0.327741413702585	0.327741413702585
'6139998'	0.327741413702585	0.327741413702585	0.745185777746699	0.135325992656172	0.135325992656172	0.666267724445322	0.990035691177431	0.990104872694054	0.990104872694054	0.990104872694054	0.759269406392694	0.327741413702585	0.327741413702585
'6140000'	0.327741413702585	0.327741413702585	0.745185777746699	0.135325992656172	0.135325992656172	0.666267724445322	0.990035691177431	0.990104872694054	0.990104872694054	0.990104872694054	0.759269406392694	0.327741413702585	0.327741413702585
'6140002'	0.327741413702585	0.327741413702585	0.745185777746699	0.135325992656172	0.135325992656172	0.666267724445322	0.990035691177431	0.990104872694054	0.990104872694054	0.990104872694054	0.759269406392694	0.327741413702585	0.327741413702585
'6140004'	0.327741413702585	0.327741413702585	0.745185777746699	0.135325992656172	0.135325992656172	0.666267724445322	0.990035691177431	0.990104872694054	0.990104872694054	0.990104872694054	0.759269406392694	0.327741413702585	0.327741413702585
'6140008'	0.327741413702585	0.327741413702585	0.745185777746699	0.135325992656172	0.135325992656172	0.666267724445322	0.990035691177431	0.990104872694054	0.990104872694054	0.990104872694054	0.759269406392694	0.327741413702585	0.327741413702585
'6140010'	0.327741413702585	0.327741413702585	0.745185777746699	0.135325992656172	0.135325992656172	0.666267724445322	0.990035691177431	0.990104872694054	0.990104872694054	0.990104872694054	0.759269406392694	0.327741413702585	0.327741413702585
'6140012'	0.327741413702585	0.327741413702585	0.745185777746699	0.135325992656172	0.135325992656172	0.666267724445322	0.990035691177431	0.990104872694054	0.990104872694054	0.990104872694054	0.759269406392694	0.327741413702585	0.327741413702585
'6140014'	0.327741413702585	0.327741413702585	0.745185777746699	0.135325992656172	0.135325992656172	0.666267724445322	0.990035691177431	0.990104872694054	0.990104872694054	0.990104872694054	0.759269406392694	0.327741413702585	0.327741413702585
'6140016'	0.327741413702585	0.327741413702585	0.745185777746699	0.135325992656172	0.135325992656172	0.666267724445322	0.990035691177431	0.990104872694054	0.990104872694054	0.990104872694054	0.759269406392694	0.327741413702585	0.327741413702585
'6140018'	0.327741413702585	0.327741413702585	0.745185777746699	0.135325992656172	0.135325992656172	0.666267724445322	0.990035691177431	0.990104872694054	0.990104872694054	0.990104872694054	0.759269406392694	0.327741413702585	0.327741413702585
'6140020'	0.327741413702585	0.327741413702585	0.745185777746699	0.135325992656172	0.135325992656172	0.666267724445322	0.990035691177431	0.990104872694054	0.990104872694054	0.990104872694054	0.759269406392694	0.327741413702585	0.327741413702585
'6140022'	0.327741413702585	0.327741413702585	0.745185777746699	0.135325992656172	0.135325992656172	0.666267724445322	0.990035691177431	0.990104872694054	0.990104872694054	0.990104872694054	0.759269406392694	0.327741413702585	0.327741413702585
'6140024'	0.327741413702585	0.327741413702585	0.745185777746699	0.135325992656172	0.135325992656172	0.666267724445322	0.990035691177431	0.990104872694054	0.990104872694054	0.990104872694054	0.759269406392694	0.327741413702585	0.327741413702585
'6140026'	0.327741413702585	0.327741413702585	0.745185777746699	0.135325992656172	0.135325992656172	0.666267724445322	0.990035691177431	0.990104872694054	0.990104872694054	0.990104872694054	0.759269406392694	0.327741413702585	0.327741413702585
'6140028'	0.327741413702585	0.327741413702585	0.745185777746699	0.135325992656172	0.135325992656172	0.666267724445322	0.990035691177431	0.990104872694054	0.990104872694054	0.990104872694054	0.759269406392694	0.327741413702585	0.327741413702585
'6140030'	0.327741413702585	0.327741413702585	0.745185777746699	0.135325992656172	0.135325992656172	0.666267724445322	0.990035691177431	0.990104872694054	0.990104872694054	0.990104872694054	0.759269406392694	0.327741413702585	0.327741413702585
'6140032'	0.327741413702585	0.327741413702585	0.745185777746699	0.135325992656172	0.135325992656172	0.666267724445322	0.990035691177431	0.990104872694054	0.990104872694054	0.990104872694054	0.759269406392694	0.327741413702585	0.327741413702585
'6140034'	0.327741413702585	0.327741413702585	0.745185777746699	0.135325992656172	0.135325992656172	0.666267724445322	0.990035691177431	0.990104872694054	0.990104872694054	0.990104872694054	0.759269406392694	0.327741413702585	0.327741413702585
'6140036'	0.327741413702585	0.327741413702585	0.745185777746699	0.135325992656172	0.135325992656172	0.666267724445322	0.990035691177431	0.990104872694054	0.990104872694054	0.990104872694054	0.759269406392694	0.327741413702585	0.327741413702585
'6140038'	0.327741413702585	0.327741413702585	0.745185777746699	0.135325992656172	0.135325992656172	0.666267724445322	0.990035691177431	0.990104872694054	0.990104872694054	0.990104872694054	0.759269406392694	0.327741413702585	0.327741413702585
'6140040'	0.327741413702585	0.327741413702585	0.745185777746699	0.135325992656172	0.135325992656172	0.666267724445322	0.990035691177431	0.990104872694054	0.990104872694054	0.990104872694054	0.759269406392694	0.327741413702585	0.327741413702585
'6140042'	0.327741413702585	0.327741413702585	0.745185777746699	0.135325992656172	0.135325992656172	0.666267724445322	0.990035691177431	0.990104872694054	0.990104872694054	0.990104872694054	0.759269406392694	0.327741413702585	0.327741413702585
'6140044'	0.327741413702585	0.327741413702585	0.745185777746699	0.135325992656172	0.135325992656172	0.666267724445322	0.990035691177431	0.990104872694054	0.990104872694054	0.990104872694054	0.759269406392694	0.327741413702585	0.327741413702585
'6140046'	0.327741413702585	0.327741413702585	0.745185777746699	0.135325992656172	0.135325992656172	0.666267724445322	0.990035691177431	0.990104872694054	0.990104872694054	0.990104872694054	0.759269406392694	0.327741413702585	0.327741413702585
'6140048'	0.327741413702585	0.327741413702585	0.745185777746699	0.135325992656172	0.135325992656172	0.666267724445322	0.990035691177431	0.990104872694054	0.990104872694054	0.990104872694054	0.759269406392694	0.327741413702585	0.327741413702585
'6140050'	0.327741413702585	0.327741413702585	0.745185777746699	0.135325992656172	0.135325992656172	0.666267724445322	0.990035691177431	0.990104872694054	0.990104872694054	0.990104872694054	0.759269406392694	0.327741413702585	0.327741413702585
'6140052'	0.327741413702585	0.327741413702585	0.745185777746699	0.135325992656172	0.135325992656172	0.666267724445322	0.990035691177431	0.990104872694054	0.990104872694054	0.990104872694054	0.759269406392694	0.327741413702585	0.327741413702585
'6140054'	0.327741413702585	0.327741413702585	0.745185777746699	0.135325992656172	0.135325992656172	0.666267724445322	0.990035691177431	0.990104872694054	0.990104872694054	0.990104872694054	0.759269406392694	0.327741413702585	0.327741413702585
'6140056'	0.327741413702585	0.327741413702585	0.745185777746699	0.135325992656172	0.135325992656172	0.666267724445322	0.990035691177431	0.990104872694054	0.990104872694054	0.990104872694054	0.759269406392694	0.327741413702585	0.327741413702585
'6140058'	0.327741413702585	0.327741413702585	0.745185777746699	0.135325992656172	0.135325992656172	0.666267724445322	0.990035691177431	0.990104872694054	0.990104872694054	0.990104872694054	0.759269406392694	0.327741413702585	0.327741413702585
'6140060'	0.327741413702585	0.327741413702585	0.745185777746699	0.135325992656172	0.135325992656172	0.666267724445322	0.990035691177431	0.990104872694054	0.990104872694054	0.990104872694054	0.759269406392694	0.327741413702585	0.327741413702585
'6140062'	0.327741413702585	0.327741413702585	0.745185777746699	0.135325992656172	0.135325992656172	0.666267724445322	0.990035691177431	0.990104872694054	0.990104872694054	0.990104872694054	0.759269406392694	0.327741413702585	0.327741413702585
'6140064'	0.327741413702585	0.327741413702585	0.745185777746699	0.135325992656172	0.135325992656172	0.666267724445322	0.990035691177431	0.990104872694054	0.990104872694054	0.990104872694054	0.759269406392694	0.327741413702585	0.327741413702585
'6140066'	0.327741413702585	0.327741413702585	0.745185777746699	0.135325992656172	0.135325992656172	0.666267724445322	0.990035691177431	0.990104872694054	0.990104872694054	0.990104872694054	0.759269406392694	0.327741413702585	0.327741413702585
'6140068'	0.327741413702585	0.327741413702585	0.745185777746699	0.135325992656172	0.135325992656172	0.666267724445322	0.990035691177431	0.990104872694054	0.990104872694054	0.990104872694054	0.759269406392694	0.327741413702585	0.327741413702585
'6140070'	0.327741413702585	0.327741413702585	0.745185777746699	0.135325992656172	0.135325992656172	0.666267724445322	0.990035691177431	0.990104872694054	0.990104872694054	0.990104872694054	0.759269406392694	0.327741413702585	0.327741413702585
'6140072'	0.327741413702585	0.327741413702585	0.745185777746699	0.135325992656172	0.135325992656172	0.666267724445322	0.990035691177431	0.990104872694054	0.990104872694054	0.990104872694054	0.759269406392694	0.327741413702585	0.327741413702585
'6140074'	0.327741413702585	0.327741413702585	0.745185777746699	0.135325992656172	0.135325992656172	0.666267724445322	0.990035691177431	0.990104872694054	0.990104872694054	0.990104872694054	0.759269406392694	0.327741413702585	0.327741413702585
'6140076'	0.327741413702585	0.327741413702585	0.745185777746699	0.135325992656172	0.135325992656172	0.666267724445322	0.990035691177431	0.990104872694054	0.990104872694054	0.990104872694054	0.759269406392694	0.327741413702585	0.327741413702585
'6140080'	0.327741413702585	0.327741413702585	0.745185777746699	0.135325992656172	0.135325992656172	0.666267724445322	0.990035691177431	0.990104872694054	0.990104872694054	0.990104872694054	0.759269406392694	0.327741413702585	0.327741413702585
'6140082'	0.327741413702585	0.327741413702585	0.745185777746699	0.135325992656172	0.135325992656172	0.666267724445322	0.990035691177431	0.990104872694054	0.990104872694054	0.990104872694054	0.759269406392694	0.327741413702585	0.327741413702585
'6140084'	0.327741413702585	0.327741413702585	0.745185777746699	0.135325992656172	0.135325992656172	0.666267724445322	0.990035691177431	0.990104872694054	0.990104872694054	0.990104872694054	0.759269406392694	0.327741413702585	0.327741413702585
'6140086'	0.327741413702585	0.327741413702585	0.745185777746699	0.135325992656172	0.135325992656172	0.666267724445322	0.990035691177431	0.990104872694054	0.990104872694054	0.990104872694054	0.759269406392694	0.327741413702585	0.327741413702585
'6140088'	0.327741413702585	0.327741413702585	0.745185777746699	0.135325992656172	0.135325992656172	0.666267724445322	0.990035691177431	0.990104872694054	0.990104872694054	0.990104872694054	0.759269406392694	0.327741413702585	0.327741413702585
'6140090'	0.327741413702585	0.327741413702585	0.745185777746699	0.135325992656172	0.135325992656172	0.666267724445322	0.990035691177431	0.990104872694054	0.990104872694054	0.990104872694054	0.759269406392694	0.327741413702585	0.327741413702585
'6140092'	0.327741413702585	0.327741413702585	0.745185777746699	0.135325992656172	0.135325992656172	0.666267724445322	0.990035691177431	0.990104872694054	0.990104872694054	0.990104872694054	0.759269406392694	0.327741413702585	0.327741413702585
'6140094'	0.327741413702585	0.327741413702585	0.745185777746699	0.135325992656172	0.135325992656172	0.666267724445322	0.990035691177431	0.990104872694054	0.990104872694054	0.990104872694054	0.759269406392694	0.327741413702585	0.327741413702585
'6140096'	0.327741413702585	0.327741413702585	0.745185777746699	0.135325992656172	0.135325992656172	0.666267724445322	0.990035691177431	0.990104872694054	0.990104872694054	0.990104872694054	0.759269406392694	0.327741413702585	0.327741413702585
'6140098'	0.327741413702585	0.327741413702585	0.745185777746699	0.135325992656172	0.135325992656172	0.666267724445322	0.990035691177431	0.990104872694054	0.990104872694054	0.990104872694054	0.759269406392694	0.327741413702585	0.327741413702585
'6140100'	0.327741413702585	0.327741413702585	0.745185777746699	0.135325992656172	0.135325992656172	0.666267724445322	0.990035691177431	0.990104872694054	0.990104872694054	0.990104872694054	0.759269406392694	0.327741413702585	0.327741413702585
'6140102'	0.327741413702585	0.327741413702585	0.745185777746699	0.135325992656172	0.135325992656172	0.666267724445322	0.990035691177431	0.990104872694054	0.990104872694054	0.990104872694054	0.759269406392694	0.327741413702585	0.327741413702585
'6140104'	0.327741413702585	0.327741413702585	0.745185777746699	0.135325992656172	0.135325992656172	0.666267724445322	0.990035691177431	0.990104872694054	0.990104872694054	0.990104872694054	0.759269406392694	0.327741413702585	0.327741413702585
'6140106'	0.327741413702585	0.327741413702585	0.745185777746699	0.135325992656172	0.135325992656172	0.666267724445322	0.990035691177431	0.990104872694054	0.990104872694054	0.990104872694054	0.759269406392694	0.327741413702585	0.327741413702585
'6140108'	0.327741413702585	0.327741413702585	0.745185777746699	0.135325992656172	0.135325992656172	0.666267724445322	0.990035691177431	0.990104872694054	0.990104872694054	0.990104872694054	0.759269406392694	0.327741413702585	0.327741413702585
'6140110'	0.327741413702585	0.327741413702585	0.745185777746699	0.135325992656172	0.135325992656172	0.666267724445322	0.990035691177431	0.990104872694054	0.990104872694054	0.990104872694054	0.759269406392694	0.327741413702585	0.327741413702585
'6140112'	0.327741413702585	0.327741413702585	0.745185777746699	0.135325992656172	0.135325992656172	0.666267724445322	0.990035691177431	0.990104872694054	0.990104872694054	0.990104872694054	0.759269406392694	0.327741413702585	0.327741413702585
'6140114'	0.327741413702585	0.327741413702585	0.745185777746699	0.135325992656172	0.135325992656172	0.666267724445322	0.990035691177431	0.990104872694054	0.990104872694054	0.990104872694054	0.759269406392694	0.327741413702585	0.327741413702585
'6140116'	0.327741413702585	0.327741413702585	0.745185777746699	0.135325992656172	0.135325992656172	0.666267724445322	0.990035691177431	0.990104872694054	0.990104872694054	0.990104872694054	0.759269406392694	0.327741413702585	0.327741413702585
'6140118'	0.327741413702585	0.327741413702585	0.745185777746699	0.135325992656172	0.135325992656172	0.666267724445322	0.990035691177431	0.990104872694054	0.990104872694054	0.990104872694054	0.759269406392694	0.327741413702585	0.327741413702585
'6140120'	0.327741413702585	0.327741413702585	0.745185777746699	0.135325992656172	0.135325992656172	0.666267724445322	0.990035691177431	0.990104872694054	0.990104872694054	0.990104872694054	0.759269406392694	0.327741413702585	0.327741413702585
'6140122'	0.327741413702585	0.327741413702585	0.745185777746699	0.135325992656172	0.135325992656172	0.666267724445322	0.990035691177431	0.990104872694054	0.990104872694054	0.990104872694054	0.759269406392694	0.327741413702585	0.327741413702585
'6140124'	0.327741413702585	0.327741413702585	0.745185777746699	0.135325992656172	0.135325992656172	0.666267724445322	0.990035691177431	0.990104872694054	0.990104872694054	0.990104872694054	0.759269406392694	0.327741413702585	0.327741413702585
'6140126'	0.327741413702585	0.327741413702585	0.745185777746699	0.135325992656172	0.135325992656172	0.666267724445322	0.990035691177431	0.990104872694054	0.990104872694054	0.990104872694054	0.759269406392694	0.327741413702585	0.327741413702585
'6140128'	0.327741413702585	0.327741413702585	0.745185777746699	0.135325992656172	0.135325992656172	0.666267724445322	0.990035691177431	0.990104872694054	0.990104872694054	0.990104872694054	0.759269406392694	0.327741413702585	0.327741413702585
'6140130'	0.327741413702585	0.327741413702585	0.745185777746699	0.135325992656172	0.135325992656172	0.666267724445322	0.990035691177431	0.990104872694054	0.990104872694054	0.990104872694054	0.759269406392694	0.327741413702585	0.327741413702585
'6140132'	0.327741413702585	0.327741413702585	0.745185777746699	0.135325992656172	0.135325992656172	0.666267724445322	0.990035691177431	0.990104872694054	0.990104872694054	0.990104872694054	0.759269406392694	0.327741413702585	0.327741413702585
'6140134'	0.327741413702585	0.327741413702585	0.745185777746699	0.135325992656172	0.135325992656172	0.666267724445322	0.990035691177431	0.990104872694054	0.990104872694054	0.990104872694054	0.759269406392694	0.327741413702585	0.327741413702585
'6140274'	0.327741413702585	0.327741413702585	0.745185777746699	0.135325992656172	0.135325992656172	0.666267724445322	0.990035691177431	0.990104872694054	0.990104872694054	0.990104872694054	0.759269406392694	0.327741413702585	0.327741413702585
'6140276'	0.327741413702585	0.327741413702585	0.745185777746699	0.135325992656172	0.135325992656172	0.666267724445322	0.990035691177431	0.990104872694054	0.990104872694054	0.990104872694054	0.759269406392694	0.327741413702585	0.327741413702585
'6140278'	0.327741413702585	0.327741413702585	0.745185777746699	0.135325992656172	0.135325992656172	0.666267724445322	0.990035691177431	0.990104872694054	0.990104872694054	0.990104872694054	0.759269406392694	0.327741413702585	0.327741413702585
'6140280'	0.327741413702585	0.327741413702585	0.745185777746699	0.135325992656172	0.135325992656172	0.666267724445322	0.990035691177431	0.990104872694054	0.990104872694054	0.990104872694054	0.759269406392694	0.327741413702585	0.327741413702585
'6140282'	0.327741413702585	0.327741413702585	0.745185777746699	0.135325992656172	0.135325992656172	0.666267724445322	0.990035691177431	0.990104872694054	0.990104872694054	0.990104872694054	0.759269406392694	0.327741413702585	0.327741413702585
'6140284'	0.327741413702585	0.327741413702585	0.745185777746699	0.135325992656172	0.135325992656172	0.666267724445322	0.990035691177431	0.990104872694054	0.990104872694054	0.990104872694054	0.759269406392694	0.327741413702585	0.327741413702585
'6140286'	0.327741413702585	0.327741413702585	0.745185777746699	0.135325992656172	0.135325992656172	0.666267724445322	0.990035691177431	0.990104872694054	0.990104872694054	0.990104872694054	0.759269406392694	0.327741413702585	0.327741413702585
'6140288'	0.327741413702585	0.327741413702585	0.745185777746699	0.135325992656172	0.135325992656172	0.666267724445322	0.990035691177431	0.990104872694054	0.990104872694054	0.990104872694054	0.759269406392694	0.327741413702585	0.327741413702585
'6140290'	0.327741413702585	0.327741413702585	0.745185777746699	0.135325992656172	0.135325992656172	0.666267724445322	0.990035691177431	0.990104872694054	0.990104872694054	0.990104872694054	0.759269406392694	0.327741413702585	0.327741413702585
'6140292'	0.327741413702585	0.327741413702585	0.745185777746699	0.135325992656172	0.135325992656172	0.666267724445322	0.990035691177431	0.990104872694054	0.990104872694054	0.990104872694054	0.759269406392694	0.327741413702585	0.327741413702585
'6140294'	0.327741413702585	0.327741413702585	0.745185777746699	0.135325992656172	0.135325992656172	0.666267724445322	0.990035691177431	0.990104872694054	0.990104872694054	0.990104872694054	0.759269406392694	0.327741413702585	0.327741413702585
'6140296'	0.327741413702585	0.327741413702585	0.745185777746699	0.135325992656172	0.135325992656172	0.666267724445322	0.990035691177431	0.990104872694054	0.990104872694054	0.990104872694054	0.759269406392694	0.327741413702585	0.327741413702585
'6140298'	0.327741413702585	0.327741413702585	0.745185777746699	0.135325992656172	0.135325992656172	0.666267724445322	0.990035691177431	0.990104872694054	0.990104872694054	0.990104872694054	0.759269406392694	0.327741413702585	0.327741413702585
'6140300'	0.327741413702585	0.327741413702585	0.745185777746699	0.135325992656172	0.135325992656172	0.666267724445322	0.990035691177431	0.990104872694054	0.990104872694054	0.990104872694054	0.759269406392694	0.327741413702585	0.327741413702585
'6140302'	0.327741413702585	0.327741413702585	0.745185777746699	0.135325992656172	0.135325992656172	0.666267724445322	0.990035691177431	0.990104872694054	0.990104872694054	0.990104872694054	0.759269406392694	0.327741413702585	0.327741413702585
'6140304'	0.327741413702585	0.327741413702585	0.745185777746699	0.135325992656172	0.135325992656172	0.666267724445322	0.990035691177431	0.990104872694054	0.990104872694054	0.990104872694054	0.759269406392694	0.327741413702585	0.327741413702585
'6140306'	0.327741413702585	0.327741413702585	0.745185777746699	0.135325992656172	0.135325992656172	0.666267724445322	0.990035691177431	0.990104872694054	0.990104872694054	0.990104872694054	0.759269406392694	0.327741413702585	0.327741413702585
'6140308'	0.327741413702585	0.327741413702585	0.745185777746699	0.135325992656172	0.135325992656172	0.666267724445322	0.990035691177431	0.990104872694054	0.990104872694054	0.990104872694054	0.759269406392694	0.327741413702585	0.327741413702585
'6140310'	0.327741413702585	0.327741413702585	0.745185777746699	0.135325992656172	0.135325992656172	0.666267724445322	0.990035691177431	0.990104872694054	0.990104872694054	0.990104872694054	0.759269406392694	0.327741413702585	0.327741413702585
'6140312'	0.327741413702585	0.327741413702585	0.745185777746699	0.135325992656172	0.135325992656172	0.666267724445322	0.990035691177431	0.990104872694054	0.990104872694054	0.990104872694054	0.759269406392694	0.327741413702585	0.327741413702585
'6140314'	0.327741413702585	0.327741413702585	0.745185777746699	0.135325992656172	0.135325992656172	0.666267724445322	0.990035691177431	0.990104872694054	0.990104872694054	0.990104872694054	0.759269406392694	0.327741413702585	0.327741413702585
'6140316'	0.327741413702585	0.327741413702585	0.745185777746699	0.135325992656172	0.135325992656172	0.666267724445322	0.990035691177431	0.990104872694054	0.990104872694054	0.990104872694054	0.759269406392694	0.327741413702585	0.327741413702585
'6140318'	0.327741413702585	0.327741413702585	0.745185777746699	0.135325992656172	0.135325992656172	0.666267724445322	0.990035691177431	0.990104872694054	0.990104872694054	0.990104872694054	0.759269406392694	0.327741413702585	0.327741413702585
'6140320'	0.327741413702585	0.327741413702585	0.745185777746699	0.135325992656172	0.135325992656172	0.666267724445322	0.990035691177431	0.990104872694054	0.990104872694054	0.990104872694054	0.759269406392694	0.327741413702585	0.327741413702585
'6140322'	0.327741413702585	0.327741413702585	0.745185777746699	0.135325992656172	0.135325992656172	0.666267724445322	0.990035691177431	0.990104872694054	0.990104872694054	0.990104872694054	0.759269406392694	0.327741413702585	0.327741413702585
'6140324'	0.327741413702585	0.327741413702585	0.745185777746699	0.135325992656172	0.135325992656172	0.666267724445322	0.990035691177431	0.990104872694054	0.990104872694054	0.990104872694054	0.759269406392694	0.327741413702585	0.327741413702585
'6140326'	0.327741413702585	0.327741413702585	0.745185777746699	0.135325992656172	0.135325992656172	0.666267724445322	0.990035691177431	0.990104872694054	0.990104872694054	0.990104872694054	0.759269406392694	0.327741413702585	0.327741413702585
'6140328'	0.327741413702585	0.327741413702585	0.745185777746699	0.135325992656172	0.135325992656172	0.666267724445322	0.990035691177431	0.990104872694054	0.990104872694054	0.990104872694054	0.759269406392694	0.327741413702585	0.327741413702585
'6140330'	0.327741413702585	0.327741413702585	0.745185777746699	0.135325992656172	0.135325992656172	0.666267724445322	0.990035691177431	0.990104872694054	0.990104872694054	0.990104872694054	0.759269406392694	0.327741413702585	0.327741413702585
'6140332'	0.327741413702585	0.327741413702585	0.745185777746699	0.135325992656172	0.135325992656172	0.666267724445322	0.990035691177431	0.990104872694054	0.990104872694054	0.990104872694054	0.759269406392694	0.327741413702585	0.327741413702585
'6140336'	0.327741413702585	0.327741413702585	0.745185777746699	0.135325992656172	0.135325992656172	0.666267724445322	0.990035691177431	0.990104872694054	0.990104872694054	0.990104872694054	0.759269406392694	0.327741413702585	0.327741413702585
'6140338'	0.327741413702585	0.327741413702585	0.745185777746699	0.135325992656172	0.135325992656172	0.666267724445322	0.990035691177431	0.990104872694054	0.990104872694054	0.990104872694054	0.759269406392694	0.327741413702585	0.327741413702585
'6140340'	0.327741413702585	0.327741413702585	0.745185777746699	0.135325992656172	0.135325992656172	0.666267724445322	0.990035691177431	0.990104872694054	0.990104872694054	0.990104872694054	0.759269406392694	0.327741413702585	0.327741413702585
'6140342'	0.327741413702585	0.327741413702585	0.745185777746699	0.135325992656172	0.135325992656172	0.666267724445322	0.990035691177431	0.990104872694054	0.990104872694054	0.990104872694054	0.759269406392694	0.327741413702585	0.327741413702585
'6140344'	0.327741413702585	0.327741413702585	0.745185777746699	0.135325992656172	0.135325992656172	0.666267724445322	0.990035691177431	0.990104872694054	0.990104872694054	0.990104872694054	0.759269406392694	0.327741413702585	0.327741413702585
'6140346'	0.327741413702585	0.327741413702585	0.745185777746699	0.135325992656172	0.135325992656172	0.666267724445322	0.990035691177431	0.990104872694054	0.990104872694054	0.990104872694054	0.759269406392694	0.327741413702585	0.327741413702585
'6140348'	0.327741413702585	0.327741413702585	0.745185777746699	0.135325992656172	0.135325992656172	0.666267724445322	0.990035691177431	0.990104872694054	0.990104872694054	0.990104872694054	0.759269406392694	0.327741413702585	0.327741413702585
'6140350'	0.327741413702585	0.327741413702585	0.745185777746699	0.135325992656172	0.135325992656172	0.666267724445322	0.990035691177431	0.990104872694054	0.990104872694054	0.990104872694054	0.759269406392694	0.327741413702585	0.327741413702585
'6140352'	0.327741413702585	0.327741413702585	0.745185777746699	0.135325992656172	0.135325992656172	0.666267724445322	0.990035691177431	0.990104872694054	0.990104872694054	0.990104872694054	0.759269406392694	0.327741413702585	0.327741413702585
'6140356'	0.327741413702585	0.327741413702585	0.745185777746699	0.135325992656172	0.135325992656172	0.666267724445322	0.990035691177431	0.990104872694054	0.990104872694054	0.990104872694054	0.759269406392694	0.327741413702585	0.327741413702585
'6140358'	0.327741413702585	0.327741413702585	0.745185777746699	0.135325992656172	0.135325992656172	0.666267724445322	0.990035691177431	0.990104872694054	0.990104872694054	0.990104872694054	0.759269406392694	0.327741413702585	0.327741413702585
'6140360'	0.327741413702585	0.327741413702585	0.745185777746699	0.135325992656172	0.135325992656172	0.666267724445322	0.990035691177431	0.990104872694054	0.990104872694054	0.990104872694054	0.759269406392694	0.327741413702585	0.327741413702585
'6140362'	0.327741413702585	0.327741413702585	0.745185777746699	0.135325992656172	0.135325992656172	0.666267724445322	0.990035691177431	0.990104872694054	0.990104872694054	0.990104872694054	0.759269406392694	0.327741413702585	0.327741413702585
'6140364'	0.327741413702585	0.327741413702585	0.745185777746699	0.135325992656172	0.135325992656172	0.666267724445322	0.990035691177431	0.990104872694054	0.990104872694054	0.990104872694054	0.759269406392694	0.327741413702585	0.327741413702585
'6140366'	0.327741413702585	0.327741413702585	0.745185777746699	0.135325992656172	0.135325992656172	0.666267724445322	0.990035691177431	0.990104872694054	0.990104872694054	0.990104872694054	0.759269406392694	0.327741413702585	0.327741413702585
'6140368'	0.327741413702585	0.327741413702585	0.745185777746699	0.135325992656172	0.135325992656172	0.666267724445322	0.990035691177431	0.990104872694054	0.990104872694054	0.990104872694054	0.759269406392694	0.327741413702585	0.327741413702585
'6140370'	0.327741413702585	0.327741413702585	0.745185777746699	0.135325992656172	0.135325992656172	0.666267724445322	0.990035691177431	0.990104872694054	0.990104872694054	0.990104872694054	0.759269406392694	0.327741413702585	0.327741413702585
'6140372'	0.327741413702585	0.327741413702585	0.745185777746699	0.135325992656172	0.135325992656172	0.666267724445322	0.990035691177431	0.990104872694054	0.990104872694054	0.990104872694054	0.759269406392694	0.327741413702585	0.327741413702585
'6140374'	0.327741413702585	0.327741413702585	0.745185777746699	0.135325992656172	0.135325992656172	0.666267724445322	0.990035691177431	0.990104872694054	0.990104872694054	0.990104872694054	0.759269406392694	0.327741413702585	0.327741413702585
'6140376'	0.327741413702585	0.327741413702585	0.745185777746699	0.135325992656172	0.135325992656172	0.666267724445322	0.990035691177431	0.990104872694054	0.990104872694054	0.990104872694054	0.759269406392694	0.327741413702585	0.327741413702585
'6140380'	0.327741413702585	0.327741413702585	0.745185777746699	0.135325992656172	0.135325992656172	0.666267724445322	0.990035691177431	0.990104872694054	0.990104872694054	0.990104872694054	0.759269406392694	0.327741413702585	0.327741413702585
'6140382'	0.327741413702585	0.327741413702585	0.745185777746699	0.135325992656172	0.135325992656172	0.666267724445322	0.990035691177431	0.990104872694054	0.990104872694054	0.990104872694054	0.759269406392694	0.327741413702585	0.327741413702585
'6140384'	0.327741413702585	0.327741413702585	0.745185777746699	0.135325992656172	0.135325992656172	0.666267724445322	0.990035691177431	0.990104872694054	0.990104872694054	0.990104872694054	0.759269406392694	0.327741413702585	0.327741413702585
'6140386'	0.327741413702585	0.327741413702585	0.745185777746699	0.135325992656172	0.135325992656172	0.666267724445322	0.990035691177431	0.990104872694054	0.990104872694054	0.990104872694054	0.759269406392694	0.327741413702585	0.327741413702585
'6140388'	0.327741413702585	0.327741413702585	0.745185777746699	0.135325992656172	0.135325992656172	0.666267724445322	0.990035691177431	0.990104872694054	0.990104872694054	0.990104872694054	0.759269406392694	0.327741413702585	0.327741413702585
'6140390'	0.327741413702585	0.327741413702585	0.745185777746699	0.135325992656172	0.135325992656172	0.666267724445322	0.990035691177431	0.990104872694054	0.990104872694054	0.990104872694054	0.759269406392694	0.327741413702585	0.327741413702585
'6140392'	0.327741413702585	0.327741413702585	0.745185777746699	0.135325992656172	0.135325992656172	0.666267724445322	0.990035691177431	0.990104872694054	0.990104872694054	0.990104872694054	0.759269406392694	0.327741413702585	0.327741413702585
'6140394'	0.327741413702585	0.327741413702585	0.745185777746699	0.135325992656172	0.135325992656172	0.666267724445322	0.990035691177431	0.990104872694054	0.990104872694054	0.990104872694054	0.759269406392694	0.327741413702585	0.327741413702585
'6140396'	0.327741413702585	0.327741413702585	0.745185777746699	0.135325992656172	0.135325992656172	0.666267724445322	0.990035691177431	0.990104872694054	0.990104872694054	0.990104872694054	0.759269406392694	0.327741413702585	0.327741413702585
'6140398'	0.327741413702585	0.327741413702585	0.745185777746699	0.135325992656172	0.135325992656172	0.666267724445322	0.990035691177431	0.990104872694054	0.990104872694054	0.990104872694054	0.759269406392694	0.327741413702585	0.327741413702585
'6140402'	0.327741413702585	0.327741413702585	0.745185777746699	0.135325992656172	0.135325992656172	0.666267724445322	0.990035691177431	0.990104872694054	0.990104872694054	0.990104872694054	0.759269406392694	0.327741413702585	0.327741413702585
'6140404'	0.327741413702585	0.327741413702585	0.745185777746699	0.135325992656172	0.135325992656172	0.666267724445322	0.990035691177431	0.990104872694054	0.990104872694054	0.990104872694054	0.759269406392694	0.327741413702585	0.327741413702585
'6140406'	0.327741413702585	0.327741413702585	0.745185777746699	0.135325992656172	0.135325992656172	0.666267724445322	0.990035691177431	0.990104872694054	0.990104872694054	0.990104872694054	0.759269406392694	0.327741413702585	0.327741413702585
'6140408'	0.327741413702585	0.327741413702585	0.745185777746699	0.135325992656172	0.135325992656172	0.666267724445322	0.990035691177431	0.990104872694054	0.990104872694054	0.990104872694054	0.759269406392694	0.327741413702585	0.327741413702585
'6140410'	0.327741413702585	0.327741413702585	0.745185777746699	0.135325992656172	0.135325992656172	0.666267724445322	0.990035691177431	0.990104872694054	0.990104872694054	0.990104872694054	0.759269406392694	0.327741413702585	0.327741413702585
'6140414'	0.327741413702585	0.327741413702585	0.745185777746699	0.135325992656172	0.135325992656172	0.666267724445322	0.990035691177431	0.990104872694054	0.990104872694054	0.990104872694054	0.759269406392694	0.327741413702585	0.327741413702585
'6140416'	0.327741413702585	0.327741413702585	0.745185777746699	0.135325992656172	0.135325992656172	0.666267724445322	0.990035691177431	0.990104872694054	0.990104872694054	0.990104872694054	0.759269406392694	0.327741413702585	0.327741413702585
'6140418'	0.327741413702585	0.327741413702585	0.745185777746699	0.135325992656172	0.135325992656172	0.666267724445322	0.990035691177431	0.990104872694054	0.990104872694054	0.990104872694054	0.759269406392694	0.327741413702585	0.327741413702585
'6140420'	0.327741413702585	0.327741413702585	0.745185777746699	0.135325992656172	0.135325992656172	0.666267724445322	0.990035691177431	0.990104872694054	0.990104872694054	0.990104872694054	0.759269406392694	0.327741413702585	0.327741413702585
'6140422'	0.327741413702585	0.327741413702585	0.745185777746699	0.135325992656172	0.135325992656172	0.666267724445322	0.990035691177431	0.990104872694054	0.990104872694054	0.990104872694054	0.759269406392694	0.327741413702585	0.327741413702585
'6140426'	0.327741413702585	0.327741413702585	0.745185777746699	0.135325992656172	0.135325992656172	0.666267724445322	0.990035691177431	0.990104872694054	0.990104872694054	0.990104872694054	0.759269406392694	0.327741413702585	0.327741413702585
'6140428'	0.327741413702585	0.327741413702585	0.745185777746699	0.135325992656172	0.135325992656172	0.666267724445322	0.990035691177431	0.990104872694054	0.990104872694054	0.990104872694054	0.759269406392694	0.327741413702585	0.327741413702585
'6140430'	0.327741413702585	0.327741413702585	0.745185777746699	0.135325992656172	0.135325992656172	0.666267724445322	0.990035691177431	0.990104872694054	0.990104872694054	0.990104872694054	0.759269406392694	0.327741413702585	0.327741413702585
'6140432'	0.327741413702585	0.327741413702585	0.745185777746699	0.135325992656172	0.135325992656172	0.666267724445322	0.990035691177431	0.990104872694054	0.990104872694054	0.990104872694054	0.759269406392694	0.327741413702585	0.327741413702585
'6140434'	0.327741413702585	0.327741413702585	0.745185777746699	0.135325992656172	0.135325992656172	0.666267724445322	0.990035691177431	0.990104872694054	0.990104872694054	0.990104872694054	0.759269406392694	0.327741413702585	0.327741413702585
'6140436'	0.327741413702585	0.327741413702585	0.745185777746699	0.135325992656172	0.135325992656172	0.666267724445322	0.990035691177431	0.990104872694054	0.990104872694054	0.990104872694054	0.759269406392694	0.327741413702585	0.327741413702585
'6140438'	0.327741413702585	0.327741413702585	0.745185777746699	0.135325992656172	0.135325992656172	0.666267724445322	0.990035691177431	0.990104872694054	0.990104872694054	0.990104872694054	0.759269406392694	0.327741413702585	0.327741413702585
'6140442'	0.327741413702585	0.327741413702585	0.745185777746699	0.135325992656172	0.135325992656172	0.666267724445322	0.990035691177431	0.990104872694054	0.990104872694054	0.990104872694054	0.759269406392694	0.327741413702585	0.327741413702585
'6140444'	0.327741413702585	0.327741413702585	0.745185777746699	0.135325992656172	0.135325992656172	0.666267724445322	0.990035691177431	0.990104872694054	0.990104872694054	0.990104872694054	0.759269406392694	0.327741413702585	0.327741413702585
'6140448'	0.327741413702585	0.327741413702585	0.745185777746699	0.135325992656172	0.135325992656172	0.666267724445322	0.990035691177431	0.990104872694054	0.990104872694054	0.990104872694054	0.759269406392694	0.327741413702585	0.327741413702585
'6140450'	0.327741413702585	0.327741413702585	0.745185777746699	0.135325992656172	0.135325992656172	0.666267724445322	0.990035691177431	0.990104872694054	0.990104872694054	0.990104872694054	0.759269406392694	0.327741413702585	0.327741413702585
'6140452'	0.327741413702585	0.327741413702585	0.745185777746699	0.135325992656172	0.135325992656172	0.666267724445322	0.990035691177431	0.990104872694054	0.990104872694054	0.990104872694054	0.759269406392694	0.327741413702585	0.327741413702585
'6140454'	0.327741413702585	0.327741413702585	0.745185777746699	0.135325992656172	0.135325992656172	0.666267724445322	0.990035691177431	0.990104872694054	0.990104872694054	0.990104872694054	0.759269406392694	0.327741413702585	0.327741413702585
'6140456'	0.327741413702585	0.327741413702585	0.745185777746699	0.135325992656172	0.135325992656172	0.666267724445322	0.990035691177431	0.990104872694054	0.990104872694054	0.990104872694054	0.759269406392694	0.327741413702585	0.327741413702585
'6140458'	0.327741413702585	0.327741413702585	0.745185777746699	0.135325992656172	0.135325992656172	0.666267724445322	0.990035691177431	0.990104872694054	0.990104872694054	0.990104872694054	0.759269406392694	0.327741413702585	0.327741413702585
'6140460'	0.327741413702585	0.327741413702585	0.745185777746699	0.135325992656172	0.135325992656172	0.666267724445322	0.990035691177431	0.990104872694054	0.990104872694054	0.990104872694054	0.759269406392694	0.327741413702585	0.327741413702585
'6140462'	0.327741413702585	0.327741413702585	0.745185777746699	0.135325992656172	0.135325992656172	0.666267724445322	0.990035691177431	0.990104872694054	0.990104872694054	0.990104872694054	0.759269406392694	0.327741413702585	0.327741413702585
'6140464'	0.327741413702585	0.327741413702585	0.745185777746699	0.135325992656172	0.135325992656172	0.666267724445322	0.990035691177431	0.990104872694054	0.990104872694054	0.990104872694054	0.759269406392694	0.327741413702585	0.327741413702585
'6140466'	0.327741413702585	0.327741413702585	0.745185777746699	0.135325992656172	0.135325992656172	0.666267724445322	0.990035691177431	0.990104872694054	0.990104872694054	0.990104872694054	0.759269406392694	0.327741413702585	0.327741413702585
'6140468'	0.327741413702585	0.327741413702585	0.745185777746699	0.135325992656172	0.135325992656172	0.666267724445322	0.990035691177431	0.990104872694054	0.990104872694054	0.990104872694054	0.759269406392694	0.327741413702585	0.327741413702585
'6140470'	0.327741413702585	0.327741413702585	0.745185777746699	0.135325992656172	0.135325992656172	0.666267724445322	0.990035691177431	0.990104872694054	0.990104872694054	0.990104872694054	0.759269406392694	0.327741413702585	0.327741413702585
'6140752'	0.327741413702585	0.327741413702585	0.745185777746699	0.135325992656172	0.135325992656172	0.666267724445322	0.990035691177431	0.990104872694054	0.990104872694054	0.990104872694054	0.759269406392694	0.327741413702585	0.327741413702585
'6140754'	0.327741413702585	0.327741413702585	0.745185777746699	0.135325992656172	0.135325992656172	0.666267724445322	0.990035691177431	0.990104872694054	0.990104872694054	0.990104872694054	0.759269406392694	0.327741413702585	0.327741413702585
'6140758'	0.327741413702585	0.327741413702585	0.745185777746699	0.135325992656172	0.135325992656172	0.666267724445322	0.990035691177431	0.990104872694054	0.990104872694054	0.990104872694054	0.759269406392694	0.327741413702585	0.327741413702585
'6140760'	0.327741413702585	0.327741413702585	0.745185777746699	0.135325992656172	0.135325992656172	0.666267724445322	0.990035691177431	0.990104872694054	0.990104872694054	0.990104872694054	0.759269406392694	0.327741413702585	0.327741413702585
'6140762'	0.327741413702585	0.327741413702585	0.745185777746699	0.135325992656172	0.135325992656172	0.666267724445322	0.990035691177431	0.990104872694054	0.990104872694054	0.990104872694054	0.759269406392694	0.327741413702585	0.327741413702585
'6140764'	0.327741413702585	0.327741413702585	0.745185777746699	0.135325992656172	0.135325992656172	0.666267724445322	0.990035691177431	0.990104872694054	0.990104872694054	0.990104872694054	0.759269406392694	0.327741413702585	0.327741413702585
'6140766'	0.327741413702585	0.327741413702585	0.745185777746699	0.135325992656172	0.135325992656172	0.666267724445322	0.990035691177431	0.990104872694054	0.990104872694054	0.990104872694054	0.759269406392694	0.327741413702585	0.327741413702585
'6140768'	0.327741413702585	0.327741413702585	0.745185777746699	0.135325992656172	0.135325992656172	0.666267724445322	0.990035691177431	0.990104872694054	0.990104872694054	0.990104872694054	0.759269406392694	0.327741413702585	0.327741413702585
'6140770'	0.327741413702585	0.327741413702585	0.745185777746699	0.135325992656172	0.135325992656172	0.666267724445322	0.990035691177431	0.990104872694054	0.990104872694054	0.990104872694054	0.759269406392694	0.327741413702585	0.327741413702585
'6140772'	0.327741413702585	0.327741413702585	0.745185777746699	0.135325992656172	0.135325992656172	0.666267724445322	0.990035691177431	0.990104872694054	0.990104872694054	0.990104872694054	0.759269406392694	0.327741413702585	0.327741413702585
'6140778'	0.327741413702585	0.327741413702585	0.745185777746699	0.135325992656172	0.135325992656172	0.666267724445322	0.990035691177431	0.990104872694054	0.990104872694054	0.990104872694054	0.759269406392694	0.327741413702585	0.327741413702585
'6140780'	0.327741413702585	0.327741413702585	0.745185777746699	0.135325992656172	0.135325992656172	0.666267724445322	0.990035691177431	0.990104872694054	0.990104872694054	0.990104872694054	0.759269406392694	0.327741413702585	0.327741413702585
'6140782'	0.327741413702585	0.327741413702585	0.745185777746699	0.135325992656172	0.135325992656172	0.666267724445322	0.990035691177431	0.990104872694054	0.990104872694054	0.990104872694054	0.759269406392694	0.327741413702585	0.327741413702585
'6140784'	0.327741413702585	0.327741413702585	0.745185777746699	0.135325992656172	0.135325992656172	0.666267724445322	0.990035691177431	0.990104872694054	0.990104872694054	0.990104872694054	0.759269406392694	0.327741413702585	0.327741413702585
'6140786'	0.327741413702585	0.327741413702585	0.745185777746699	0.135325992656172	0.135325992656172	0.666267724445322	0.990035691177431	0.990104872694054	0.990104872694054	0.990104872694054	0.759269406392694	0.327741413702585	0.327741413702585
'6140788'	0.327741413702585	0.327741413702585	0.745185777746699	0.135325992656172	0.135325992656172	0.666267724445322	0.990035691177431	0.990104872694054	0.990104872694054	0.990104872694054	0.759269406392694	0.327741413702585	0.327741413702585
'6140794'	0.327741413702585	0.327741413702585	0.745185777746699	0.135325992656172	0.135325992656172	0.666267724445322	0.990035691177431	0.990104872694054	0.990104872694054	0.990104872694054	0.759269406392694	0.327741413702585	0.327741413702585
'6140796'	0.327741413702585	0.327741413702585	0.745185777746699	0.135325992656172	0.135325992656172	0.666267724445322	0.990035691177431	0.990104872694054	0.990104872694054	0.990104872694054	0.759269406392694	0.327741413702585	0.327741413702585
'6140798'	0.327741413702585	0.327741413702585	0.745185777746699	0.135325992656172	0.135325992656172	0.666267724445322	0.990035691177431	0.990104872694054	0.990104872694054	0.990104872694054	0.759269406392694	0.327741413702585	0.327741413702585
'6140800'	0.327741413702585	0.327741413702585	0.745185777746699	0.135325992656172	0.135325992656172	0.666267724445322	0.990035691177431	0.990104872694054	0.990104872694054	0.990104872694054	0.759269406392694	0.327741413702585	0.327741413702585
'6140804'	0.327741413702585	0.327741413702585	0.745185777746699	0.135325992656172	0.135325992656172	0.666267724445322	0.990035691177431	0.990104872694054	0.990104872694054	0.990104872694054	0.759269406392694	0.327741413702585	0.327741413702585
'6140806'	0.327741413702585	0.327741413702585	0.745185777746699	0.135325992656172	0.135325992656172	0.666267724445322	0.990035691177431	0.990104872694054	0.990104872694054	0.990104872694054	0.759269406392694	0.327741413702585	0.327741413702585
'6140808'	0.327741413702585	0.327741413702585	0.745185777746699	0.135325992656172	0.135325992656172	0.666267724445322	0.990035691177431	0.990104872694054	0.990104872694054	0.990104872694054	0.759269406392694	0.327741413702585	0.327741413702585
'6140810'	0.327741413702585	0.327741413702585	0.745185777746699	0.135325992656172	0.135325992656172	0.666267724445322	0.990035691177431	0.990104872694054	0.990104872694054	0.990104872694054	0.759269406392694	0.327741413702585	0.327741413702585
'6140814'	0.327741413702585	0.327741413702585	0.745185777746699	0.135325992656172	0.135325992656172	0.666267724445322	0.990035691177431	0.990104872694054	0.990104872694054	0.990104872694054	0.759269406392694	0.327741413702585	0.327741413702585
'6140816'	0.327741413702585	0.327741413702585	0.745185777746699	0.135325992656172	0.135325992656172	0.666267724445322	0.990035691177431	0.990104872694054	0.990104872694054	0.990104872694054	0.759269406392694	0.327741413702585	0.327741413702585
'6140818'	0.327741413702585	0.327741413702585	0.745185777746699	0.135325992656172	0.135325992656172	0.666267724445322	0.990035691177431	0.990104872694054	0.990104872694054	0.990104872694054	0.759269406392694	0.327741413702585	0.327741413702585
'6140820'	0.327741413702585	0.327741413702585	0.745185777746699	0.135325992656172	0.135325992656172	0.666267724445322	0.990035691177431	0.990104872694054	0.990104872694054	0.990104872694054	0.759269406392694	0.327741413702585	0.327741413702585
'6140822'	0.327741413702585	0.327741413702585	0.745185777746699	0.135325992656172	0.135325992656172	0.666267724445322	0.990035691177431	0.990104872694054	0.990104872694054	0.990104872694054	0.759269406392694	0.327741413702585	0.327741413702585
'6140826'	0.327741413702585	0.327741413702585	0.745185777746699	0.135325992656172	0.135325992656172	0.666267724445322	0.990035691177431	0.990104872694054	0.990104872694054	0.990104872694054	0.759269406392694	0.327741413702585	0.327741413702585
'6140830'	0.327741413702585	0.327741413702585	0.745185777746699	0.135325992656172	0.135325992656172	0.666267724445322	0.990035691177431	0.990104872694054	0.990104872694054	0.990104872694054	0.759269406392694	0.327741413702585	0.327741413702585
'6140832'	0.327741413702585	0.327741413702585	0.745185777746699	0.135325992656172	0.135325992656172	0.666267724445322	0.990035691177431	0.990104872694054	0.990104872694054	0.990104872694054	0.759269406392694	0.327741413702585	0.327741413702585
'6140834'	0.327741413702585	0.327741413702585	0.745185777746699	0.135325992656172	0.135325992656172	0.666267724445322	0.990035691177431	0.990104872694054	0.990104872694054	0.990104872694054	0.759269406392694	0.327741413702585	0.327741413702585
'6140836'	0.327741413702585	0.327741413702585	0.745185777746699	0.135325992656172	0.135325992656172	0.666267724445322	0.990035691177431	0.990104872694054	0.990104872694054	0.990104872694054	0.759269406392694	0.327741413702585	0.327741413702585
'6140838'	0.327741413702585	0.327741413702585	0.745185777746699	0.135325992656172	0.135325992656172	0.666267724445322	0.990035691177431	0.990104872694054	0.990104872694054	0.990104872694054	0.759269406392694	0.327741413702585	0.327741413702585
'6140842'	0.327741413702585	0.327741413702585	0.745185777746699	0.135325992656172	0.135325992656172	0.666267724445322	0.990035691177431	0.990104872694054	0.990104872694054	0.990104872694054	0.759269406392694	0.327741413702585	0.327741413702585
'6140846'	0.327741413702585	0.327741413702585	0.745185777746699	0.135325992656172	0.135325992656172	0.666267724445322	0.990035691177431	0.990104872694054	0.990104872694054	0.990104872694054	0.759269406392694	0.327741413702585	0.327741413702585
'6140848'	0.327741413702585	0.327741413702585	0.745185777746699	0.135325992656172	0.135325992656172	0.666267724445322	0.990035691177431	0.990104872694054	0.990104872694054	0.990104872694054	0.759269406392694	0.327741413702585	0.327741413702585
'6140852'	0.327741413702585	0.327741413702585	0.745185777746699	0.135325992656172	0.135325992656172	0.666267724445322	0.990035691177431	0.990104872694054	0.990104872694054	0.990104872694054	0.759269406392694	0.327741413702585	0.327741413702585
'6140854'	0.327741413702585	0.327741413702585	0.745185777746699	0.135325992656172	0.135325992656172	0.666267724445322	0.990035691177431	0.990104872694054	0.990104872694054	0.990104872694054	0.759269406392694	0.327741413702585	0.327741413702585
'6140856'	0.327741413702585	0.327741413702585	0.745185777746699	0.135325992656172	0.135325992656172	0.666267724445322	0.990035691177431	0.990104872694054	0.990104872694054	0.990104872694054	0.759269406392694	0.327741413702585	0.327741413702585
'6140858'	0.327741413702585	0.327741413702585	0.745185777746699	0.135325992656172	0.135325992656172	0.666267724445322	0.990035691177431	0.990104872694054	0.990104872694054	0.990104872694054	0.759269406392694	0.327741413702585	0.327741413702585
'6140860'	0.327741413702585	0.327741413702585	0.745185777746699	0.135325992656172	0.135325992656172	0.666267724445322	0.990035691177431	0.990104872694054	0.990104872694054	0.990104872694054	0.759269406392694	0.327741413702585	0.327741413702585
'6140864'	0.327741413702585	0.327741413702585	0.745185777746699	0.135325992656172	0.135325992656172	0.666267724445322	0.990035691177431	0.990104872694054	0.990104872694054	0.990104872694054	0.759269406392694	0.327741413702585	0.327741413702585
'6140866'	0.327741413702585	0.327741413702585	0.745185777746699	0.135325992656172	0.135325992656172	0.666267724445322	0.990035691177431	0.990104872694054	0.990104872694054	0.990104872694054	0.759269406392694	0.327741413702585	0.327741413702585
'6140868'	0.327741413702585	0.327741413702585	0.745185777746699	0.135325992656172	0.135325992656172	0.666267724445322	0.990035691177431	0.990104872694054	0.990104872694054	0.990104872694054	0.759269406392694	0.327741413702585	0.327741413702585
'6140872'	0.327741413702585	0.327741413702585	0.745185777746699	0.135325992656172	0.135325992656172	0.666267724445322	0.990035691177431	0.990104872694054	0.990104872694054	0.990104872694054	0.759269406392694	0.327741413702585	0.327741413702585
'6140874'	0.327741413702585	0.327741413702585	0.745185777746699	0.135325992656172	0.135325992656172	0.666267724445322	0.990035691177431	0.990104872694054	0.990104872694054	0.990104872694054	0.759269406392694	0.327741413702585	0.327741413702585
'6140876'	0.327741413702585	0.327741413702585	0.745185777746699	0.135325992656172	0.135325992656172	0.666267724445322	0.990035691177431	0.990104872694054	0.990104872694054	0.990104872694054	0.759269406392694	0.327741413702585	0.327741413702585
'6140878'	0.327741413702585	0.327741413702585	0.745185777746699	0.135325992656172	0.135325992656172	0.666267724445322	0.990035691177431	0.990104872694054	0.990104872694054	0.990104872694054	0.759269406392694	0.327741413702585	0.327741413702585
'6140880'	0.327741413702585	0.327741413702585	0.745185777746699	0.135325992656172	0.135325992656172	0.666267724445322	0.990035691177431	0.990104872694054	0.990104872694054	0.990104872694054	0.759269406392694	0.327741413702585	0.327741413702585
'6140882'	0.327741413702585	0.327741413702585	0.745185777746699	0.135325992656172	0.135325992656172	0.666267724445322	0.990035691177431	0.990104872694054	0.990104872694054	0.990104872694054	0.759269406392694	0.327741413702585	0.327741413702585
'6140884'	0.327741413702585	0.327741413702585	0.745185777746699	0.135325992656172	0.135325992656172	0.666267724445322	0.990035691177431	0.990104872694054	0.990104872694054	0.990104872694054	0.759269406392694	0.327741413702585	0.327741413702585
'6140886'	0.327741413702585	0.327741413702585	0.745185777746699	0.135325992656172	0.135325992656172	0.666267724445322	0.990035691177431	0.990104872694054	0.990104872694054	0.990104872694054	0.759269406392694	0.327741413702585	0.327741413702585
'6140888'	0.327741413702585	0.327741413702585	0.745185777746699	0.135325992656172	0.135325992656172	0.666267724445322	0.990035691177431	0.990104872694054	0.990104872694054	0.990104872694054	0.759269406392694	0.327741413702585	0.327741413702585
'6140892'	0.327741413702585	0.327741413702585	0.745185777746699	0.135325992656172	0.135325992656172	0.666267724445322	0.990035691177431	0.990104872694054	0.990104872694054	0.990104872694054	0.759269406392694	0.327741413702585	0.327741413702585
'6140894'	0.327741413702585	0.327741413702585	0.745185777746699	0.135325992656172	0.135325992656172	0.666267724445322	0.990035691177431	0.990104872694054	0.990104872694054	0.990104872694054	0.759269406392694	0.327741413702585	0.327741413702585
'6140896'	0.327741413702585	0.327741413702585	0.745185777746699	0.135325992656172	0.135325992656172	0.666267724445322	0.990035691177431	0.990104872694054	0.990104872694054	0.990104872694054	0.759269406392694	0.327741413702585	0.327741413702585
'6140900'	0.327741413702585	0.327741413702585	0.745185777746699	0.135325992656172	0.135325992656172	0.666267724445322	0.990035691177431	0.990104872694054	0.990104872694054	0.990104872694054	0.759269406392694	0.327741413702585	0.327741413702585
'6140902'	0.327741413702585	0.327741413702585	0.745185777746699	0.135325992656172	0.135325992656172	0.666267724445322	0.990035691177431	0.990104872694054	0.990104872694054	0.990104872694054	0.759269406392694	0.327741413702585	0.327741413702585
'6140904'	0.327741413702585	0.327741413702585	0.745185777746699	0.135325992656172	0.135325992656172	0.666267724445322	0.990035691177431	0.990104872694054	0.990104872694054	0.990104872694054	0.759269406392694	0.327741413702585	0.327741413702585
'6140906'	0.327741413702585	0.327741413702585	0.745185777746699	0.135325992656172	0.135325992656172	0.666267724445322	0.990035691177431	0.990104872694054	0.990104872694054	0.990104872694054	0.759269406392694	0.327741413702585	0.327741413702585
'6140908'	0.327741413702585	0.327741413702585	0.745185777746699	0.135325992656172	0.135325992656172	0.666267724445322	0.990035691177431	0.990104872694054	0.990104872694054	0.990104872694054	0.759269406392694	0.327741413702585	0.327741413702585
'6140910'	0.327741413702585	0.327741413702585	0.745185777746699	0.135325992656172	0.135325992656172	0.666267724445322	0.990035691177431	0.990104872694054	0.990104872694054	0.990104872694054	0.759269406392694	0.327741413702585	0.327741413702585
'6140914'	0.327741413702585	0.327741413702585	0.745185777746699	0.135325992656172	0.135325992656172	0.666267724445322	0.990035691177431	0.990104872694054	0.990104872694054	0.990104872694054	0.759269406392694	0.327741413702585	0.327741413702585
'6140916'	0.327741413702585	0.327741413702585	0.745185777746699	0.135325992656172	0.135325992656172	0.666267724445322	0.990035691177431	0.990104872694054	0.990104872694054	0.990104872694054	0.759269406392694	0.327741413702585	0.327741413702585
'6140918'	0.327741413702585	0.327741413702585	0.745185777746699	0.135325992656172	0.135325992656172	0.666267724445322	0.990035691177431	0.990104872694054	0.990104872694054	0.990104872694054	0.759269406392694	0.327741413702585	0.327741413702585
'6140920'	0.327741413702585	0.327741413702585	0.745185777746699	0.135325992656172	0.135325992656172	0.666267724445322	0.990035691177431	0.990104872694054	0.990104872694054	0.990104872694054	0.759269406392694	0.327741413702585	0.327741413702585
'6140924'	0.327741413702585	0.327741413702585	0.745185777746699	0.135325992656172	0.135325992656172	0.666267724445322	0.990035691177431	0.990104872694054	0.990104872694054	0.990104872694054	0.759269406392694	0.327741413702585	0.327741413702585
'6140926'	0.327741413702585	0.327741413702585	0.745185777746699	0.135325992656172	0.135325992656172	0.666267724445322	0.990035691177431	0.990104872694054	0.990104872694054	0.990104872694054	0.759269406392694	0.327741413702585	0.327741413702585
'6140928'	0.327741413702585	0.327741413702585	0.745185777746699	0.135325992656172	0.135325992656172	0.666267724445322	0.990035691177431	0.990104872694054	0.990104872694054	0.990104872694054	0.759269406392694	0.327741413702585	0.327741413702585
'6140930'	0.327741413702585	0.327741413702585	0.745185777746699	0.135325992656172	0.135325992656172	0.666267724445322	0.990035691177431	0.990104872694054	0.990104872694054	0.990104872694054	0.759269406392694	0.327741413702585	0.327741413702585
'6140932'	0.327741413702585	0.327741413702585	0.745185777746699	0.135325992656172	0.135325992656172	0.666267724445322	0.990035691177431	0.990104872694054	0.990104872694054	0.990104872694054	0.759269406392694	0.327741413702585	0.327741413702585
'6140934'	0.327741413702585	0.327741413702585	0.745185777746699	0.135325992656172	0.135325992656172	0.666267724445322	0.990035691177431	0.990104872694054	0.990104872694054	0.990104872694054	0.759269406392694	0.327741413702585	0.327741413702585
'6140938'	0.327741413702585	0.327741413702585	0.745185777746699	0.135325992656172	0.135325992656172	0.666267724445322	0.990035691177431	0.990104872694054	0.990104872694054	0.990104872694054	0.759269406392694	0.327741413702585	0.327741413702585
'6140940'	0.327741413702585	0.327741413702585	0.745185777746699	0.135325992656172	0.135325992656172	0.666267724445322	0.990035691177431	0.990104872694054	0.990104872694054	0.990104872694054	0.759269406392694	0.327741413702585	0.327741413702585
'6140942'	0.327741413702585	0.327741413702585	0.745185777746699	0.135325992656172	0.135325992656172	0.666267724445322	0.990035691177431	0.990104872694054	0.990104872694054	0.990104872694054	0.759269406392694	0.327741413702585	0.327741413702585
'6140944'	0.327741413702585	0.327741413702585	0.745185777746699	0.135325992656172	0.135325992656172	0.666267724445322	0.990035691177431	0.990104872694054	0.990104872694054	0.990104872694054	0.759269406392694	0.327741413702585	0.327741413702585
'6140946'	0.327741413702585	0.327741413702585	0.745185777746699	0.135325992656172	0.135325992656172	0.666267724445322	0.990035691177431	0.990104872694054	0.990104872694054	0.990104872694054	0.759269406392694	0.327741413702585	0.327741413702585
'6140948'	0.327741413702585	0.327741413702585	0.745185777746699	0.135325992656172	0.135325992656172	0.666267724445322	0.990035691177431	0.990104872694054	0.990104872694054	0.990104872694054	0.759269406392694	0.327741413702585	0.327741413702585
'6140952'	0.327741413702585	0.327741413702585	0.745185777746699	0.135325992656172	0.135325992656172	0.666267724445322	0.990035691177431	0.990104872694054	0.990104872694054	0.990104872694054	0.759269406392694	0.327741413702585	0.327741413702585
'6141024'	0.327741413702585	0.327741413702585	0.745185777746699	0.135325992656172	0.135325992656172	0.666267724445322	0.990035691177431	0.990104872694054	0.990104872694054	0.990104872694054	0.759269406392694	0.327741413702585	0.327741413702585
'6141030'	0.327741413702585	0.327741413702585	0.745185777746699	0.135325992656172	0.135325992656172	0.666267724445322	0.990035691177431	0.990104872694054	0.990104872694054	0.990104872694054	0.759269406392694	0.327741413702585	0.327741413702585
'6141032'	0.327741413702585	0.327741413702585	0.745185777746699	0.135325992656172	0.135325992656172	0.666267724445322	0.990035691177431	0.990104872694054	0.990104872694054	0.990104872694054	0.759269406392694	0.327741413702585	0.327741413702585
'6141034'	0.327741413702585	0.327741413702585	0.745185777746699	0.135325992656172	0.135325992656172	0.666267724445322	0.990035691177431	0.990104872694054	0.990104872694054	0.990104872694054	0.759269406392694	0.327741413702585	0.327741413702585
'6141038'	0.327741413702585	0.327741413702585	0.745185777746699	0.135325992656172	0.135325992656172	0.666267724445322	0.990035691177431	0.990104872694054	0.990104872694054	0.990104872694054	0.759269406392694	0.327741413702585	0.327741413702585
'6141042'	0.327741413702585	0.327741413702585	0.745185777746699	0.135325992656172	0.135325992656172	0.666267724445322	0.990035691177431	0.990104872694054	0.990104872694054	0.990104872694054	0.759269406392694	0.327741413702585	0.327741413702585
'6141046'	0.327741413702585	0.327741413702585	0.745185777746699	0.135325992656172	0.135325992656172	0.666267724445322	0.990035691177431	0.990104872694054	0.990104872694054	0.990104872694054	0.759269406392694	0.327741413702585	0.327741413702585
'6141050'	0.327741413702585	0.327741413702585	0.745185777746699	0.135325992656172	0.135325992656172	0.666267724445322	0.990035691177431	0.990104872694054	0.990104872694054	0.990104872694054	0.759269406392694	0.327741413702585	0.327741413702585
'6141054'	0.327741413702585	0.327741413702585	0.745185777746699	0.135325992656172	0.135325992656172	0.666267724445322	0.990035691177431	0.990104872694054	0.990104872694054	0.990104872694054	0.759269406392694	0.327741413702585	0.327741413702585
'6141056'	0.327741413702585	0.327741413702585	0.745185777746699	0.135325992656172	0.135325992656172	0.666267724445322	0.990035691177431	0.990104872694054	0.990104872694054	0.990104872694054	0.759269406392694	0.327741413702585	0.327741413702585
'6141060'	0.327741413702585	0.327741413702585	0.745185777746699	0.135325992656172	0.135325992656172	0.666267724445322	0.990035691177431	0.990104872694054	0.990104872694054	0.990104872694054	0.759269406392694	0.327741413702585	0.327741413702585
'6141062'	0.327741413702585	0.327741413702585	0.745185777746699	0.135325992656172	0.135325992656172	0.666267724445322	0.990035691177431	0.990104872694054	0.990104872694054	0.990104872694054	0.759269406392694	0.327741413702585	0.327741413702585
'6141064'	0.327741413702585	0.327741413702585	0.745185777746699	0.135325992656172	0.135325992656172	0.666267724445322	0.990035691177431	0.990104872694054	0.990104872694054	0.990104872694054	0.759269406392694	0.327741413702585	0.327741413702585
'6141066'	0.327741413702585	0.327741413702585	0.745185777746699	0.135325992656172	0.135325992656172	0.666267724445322	0.990035691177431	0.990104872694054	0.990104872694054	0.990104872694054	0.759269406392694	0.327741413702585	0.327741413702585
'6141070'	0.327741413702585	0.327741413702585	0.745185777746699	0.135325992656172	0.135325992656172	0.666267724445322	0.990035691177431	0.990104872694054	0.990104872694054	0.990104872694054	0.759269406392694	0.327741413702585	0.327741413702585
'6141074'	0.327741413702585	0.327741413702585	0.745185777746699	0.135325992656172	0.135325992656172	0.666267724445322	0.990035691177431	0.990104872694054	0.990104872694054	0.990104872694054	0.759269406392694	0.327741413702585	0.327741413702585
'6141076'	0.327741413702585	0.327741413702585	0.745185777746699	0.135325992656172	0.135325992656172	0.666267724445322	0.990035691177431	0.990104872694054	0.990104872694054	0.990104872694054	0.759269406392694	0.327741413702585	0.327741413702585
'6141084'	0.327741413702585	0.327741413702585	0.745185777746699	0.135325992656172	0.135325992656172	0.666267724445322	0.990035691177431	0.990104872694054	0.990104872694054	0.990104872694054	0.759269406392694	0.327741413702585	0.327741413702585
'6141086'	0.327741413702585	0.327741413702585	0.745185777746699	0.135325992656172	0.135325992656172	0.666267724445322	0.990035691177431	0.990104872694054	0.990104872694054	0.990104872694054	0.759269406392694	0.327741413702585	0.327741413702585
'6141090'	0.327741413702585	0.327741413702585	0.745185777746699	0.135325992656172	0.135325992656172	0.666267724445322	0.990035691177431	0.990104872694054	0.990104872694054	0.990104872694054	0.759269406392694	0.327741413702585	0.327741413702585
'6141100'	0.327741413702585	0.327741413702585	0.745185777746699	0.135325992656172	0.135325992656172	0.666267724445322	0.990035691177431	0.990104872694054	0.990104872694054	0.990104872694054	0.759269406392694	0.327741413702585	0.327741413702585
'6141104'	0.327741413702585	0.327741413702585	0.745185777746699	0.135325992656172	0.135325992656172	0.666267724445322	0.990035691177431	0.990104872694054	0.990104872694054	0.990104872694054	0.759269406392694	0.327741413702585	0.327741413702585
'6141106'	0.327741413702585	0.327741413702585	0.745185777746699	0.135325992656172	0.135325992656172	0.666267724445322	0.990035691177431	0.990104872694054	0.990104872694054	0.990104872694054	0.759269406392694	0.327741413702585	0.327741413702585
'6141108'	0.327741413702585	0.327741413702585	0.745185777746699	0.135325992656172	0.135325992656172	0.666267724445322	0.990035691177431	0.990104872694054	0.990104872694054	0.990104872694054	0.759269406392694	0.327741413702585	0.327741413702585
'6141110'	0.327741413702585	0.327741413702585	0.745185777746699	0.135325992656172	0.135325992656172	0.666267724445322	0.990035691177431	0.990104872694054	0.990104872694054	0.990104872694054	0.759269406392694	0.327741413702585	0.327741413702585
'6141112'	0.327741413702585	0.327741413702585	0.745185777746699	0.135325992656172	0.135325992656172	0.666267724445322	0.990035691177431	0.990104872694054	0.990104872694054	0.990104872694054	0.759269406392694	0.327741413702585	0.327741413702585
'6141126'	0.327741413702585	0.327741413702585	0.745185777746699	0.135325992656172	0.135325992656172	0.666267724445322	0.990035691177431	0.990104872694054	0.990104872694054	0.990104872694054	0.759269406392694	0.327741413702585	0.327741413702585
'6141128'	0.327741413702585	0.327741413702585	0.745185777746699	0.135325992656172	0.135325992656172	0.666267724445322	0.990035691177431	0.990104872694054	0.990104872694054	0.990104872694054	0.759269406392694	0.327741413702585	0.327741413702585
'6141130'	0.327741413702585	0.327741413702585	0.745185777746699	0.135325992656172	0.135325992656172	0.666267724445322	0.990035691177431	0.990104872694054	0.990104872694054	0.990104872694054	0.759269406392694	0.327741413702585	0.327741413702585
'6141148'	0.327741413702585	0.327741413702585	0.745185777746699	0.135325992656172	0.135325992656172	0.666267724445322	0.990035691177431	0.990104872694054	0.990104872694054	0.990104872694054	0.759269406392694	0.327741413702585	0.327741413702585
'6141150'	0.327741413702585	0.327741413702585	0.745185777746699	0.135325992656172	0.135325992656172	0.666267724445322	0.990035691177431	0.990104872694054	0.990104872694054	0.990104872694054	0.759269406392694	0.327741413702585	0.327741413702585
'6141152'	0.327741413702585	0.327741413702585	0.745185777746699	0.135325992656172	0.135325992656172	0.666267724445322	0.990035691177431	0.990104872694054	0.990104872694054	0.990104872694054	0.759269406392694	0.327741413702585	0.327741413702585
'6141154'	0.327741413702585	0.327741413702585	0.745185777746699	0.135325992656172	0.135325992656172	0.666267724445322	0.990035691177431	0.990104872694054	0.990104872694054	0.990104872694054	0.759269406392694	0.327741413702585	0.327741413702585
'6141170'	0.327741413702585	0.327741413702585	0.745185777746699	0.135325992656172	0.135325992656172	0.666267724445322	0.990035691177431	0.990104872694054	0.990104872694054	0.990104872694054	0.759269406392694	0.327741413702585	0.327741413702585
'6141176'	0.327741413702585	0.327741413702585	0.745185777746699	0.135325992656172	0.135325992656172	0.666267724445322	0.990035691177431	0.990104872694054	0.990104872694054	0.990104872694054	0.759269406392694	0.327741413702585	0.327741413702585
'6141178'	0.327741413702585	0.327741413702585	0.745185777746699	0.135325992656172	0.135325992656172	0.666267724445322	0.990035691177431	0.990104872694054	0.990104872694054	0.990104872694054	0.759269406392694	0.327741413702585	0.327741413702585
'6141180'	0.327741413702585	0.327741413702585	0.745185777746699	0.135325992656172	0.135325992656172	0.666267724445322	0.990035691177431	0.990104872694054	0.990104872694054	0.990104872694054	0.759269406392694	0.327741413702585	0.327741413702585
'6141184'	0.327741413702585	0.327741413702585	0.745185777746699	0.135325992656172	0.135325992656172	0.666267724445322	0.990035691177431	0.990104872694054	0.990104872694054	0.990104872694054	0.759269406392694	0.327741413702585	0.327741413702585
'6141188'	0.327741413702585	0.327741413702585	0.745185777746699	0.135325992656172	0.135325992656172	0.666267724445322	0.990035691177431	0.990104872694054	0.990104872694054	0.990104872694054	0.759269406392694	0.327741413702585	0.327741413702585
'6141196'	0.327741413702585	0.327741413702585	0.745185777746699	0.135325992656172	0.135325992656172	0.666267724445322	0.990035691177431	0.990104872694054	0.990104872694054	0.990104872694054	0.759269406392694	0.327741413702585	0.327741413702585
'6141208'	0.327741413702585	0.327741413702585	0.745185777746699	0.135325992656172	0.135325992656172	0.666267724445322	0.990035691177431	0.990104872694054	0.990104872694054	0.990104872694054	0.759269406392694	0.327741413702585	0.327741413702585
'6141210'	0.327741413702585	0.327741413702585	0.745185777746699	0.135325992656172	0.135325992656172	0.666267724445322	0.990035691177431	0.990104872694054	0.990104872694054	0.990104872694054	0.759269406392694	0.327741413702585	0.327741413702585
'6141214'	0.327741413702585	0.327741413702585	0.745185777746699	0.135325992656172	0.135325992656172	0.666267724445322	0.990035691177431	0.990104872694054	0.990104872694054	0.990104872694054	0.759269406392694	0.327741413702585	0.327741413702585
'6141218'	0.327741413702585	0.327741413702585	0.745185777746699	0.135325992656172	0.135325992656172	0.666267724445322	0.990035691177431	0.990104872694054	0.990104872694054	0.990104872694054	0.759269406392694	0.327741413702585	0.327741413702585
'6141220'	0.327741413702585	0.327741413702585	0.745185777746699	0.135325992656172	0.135325992656172	0.666267724445322	0.990035691177431	0.990104872694054	0.990104872694054	0.990104872694054	0.759269406392694	0.327741413702585	0.327741413702585
'6141228'	0.327741413702585	0.327741413702585	0.745185777746699	0.135325992656172	0.135325992656172	0.666267724445322	0.990035691177431	0.990104872694054	0.990104872694054	0.990104872694054	0.759269406392694	0.327741413702585	0.327741413702585
'6141270'	0.327741413702585	0.327741413702585	0.745185777746699	0.135325992656172	0.135325992656172	0.666267724445322	0.990035691177431	0.990104872694054	0.990104872694054	0.990104872694054	0.759269406392694	0.327741413702585	0.327741413702585
'6141274'	0.327741413702585	0.327741413702585	0.745185777746699	0.135325992656172	0.135325992656172	0.666267724445322	0.990035691177431	0.990104872694054	0.990104872694054	0.990104872694054	0.759269406392694	0.327741413702585	0.327741413702585
'6141306'	0.327741413702585	0.327741413702585	0.745185777746699	0.135325992656172	0.135325992656172	0.666267724445322	0.990035691177431	0.990104872694054	0.990104872694054	0.990104872694054	0.759269406392694	0.327741413702585	0.327741413702585
'6141308'	0.327741413702585	0.327741413702585	0.745185777746699	0.135325992656172	0.135325992656172	0.666267724445322	0.990035691177431	0.990104872694054	0.990104872694054	0.990104872694054	0.759269406392694	0.327741413702585	0.327741413702585
'6141310'	0.327741413702585	0.327741413702585	0.745185777746699	0.135325992656172	0.135325992656172	0.666267724445322	0.990035691177431	0.990104872694054	0.990104872694054	0.990104872694054	0.759269406392694	0.327741413702585	0.327741413702585
'6141312'	0.327741413702585	0.327741413702585	0.745185777746699	0.135325992656172	0.135325992656172	0.666267724445322	0.990035691177431	0.990104872694054	0.990104872694054	0.990104872694054	0.759269406392694	0.327741413702585	0.327741413702585
'6142038'	0.327741413702585	0.327741413702585	0.745185777746699	0.135325992656172	0.135325992656172	0.666267724445322	0.990035691177431	0.990104872694054	0.990104872694054	0.990104872694054	0.759269406392694	0.327741413702585	0.327741413702585
;

param urban_effic_P : 'Biofiltration_w_Underdrain' 'Bioretention_Basin' 'Enhanced_Biofiltration_w_ISR' 'Extended_Dry_Detention_Basin' 'Grass_Swale_w_detention' 'Gravel_Wetland' 'Infiltration_Basin' 'Infiltration_Chamber' 'Infiltration_Trench' 'Porous_Pavement_w_subsurface_infiltration' 'Porous_Pavement_w_underdrain' 'Sand_Filter_w_underdrain' 'Wet_Pond' :=;

param riparianremoval_N1 : 'Grassed_Buffer' 'Forested_Buffer':=
'166174961'	1	3	0	0
'166174961'	2	3	0	0
'166174961'	3	3	0	0
'166174961'	4	3	0	0
'166174962'	1	3	0	0
'166174962'	2	3	0	0
'166174962'	3	3	0	0
'166174962'	4	3	0	0
'166174963'	1	3	0	0
'166174963'	2	3	0	0
'166174963'	3	3	0	0
'166174963'	4	3	0	0
'166174966'	1	3	0.000358727730024954	0.000439149077394029
'166174966'	2	3	0.000287208216880407	0.000351595967934348
'166174966'	3	3	0.000222497286524578	0.000272377822849509
'166174966'	4	3	0.000273067305122184	0.000334284877008363
'24978249'	1	3	0	0
'24978249'	2	3	0	0
'24978249'	3	3	0	0
'24978249'	4	3	0	0
'6139942'	1	3	0	0
'6139942'	2	3	0	0
'6139942'	3	3	0	0
'6139942'	4	3	0	0
'6139944'	1	3	0.0000639060294903045	0.0000885323465824185
'6139944'	2	3	0.0000607258234412713	0.0000841266417313726
'6139944'	3	3	0.0000335960052222885	0.000046542293455669
'6139944'	4	3	0.0000585213251030063	0.000081072635521313
'6139946'	1	3	0.0000163945350651819	0.0000227122021509489
'6139946'	2	3	0.0000157654239825785	0.0000218406618464095
'6139946'	3	3	0.00000834365112662961	0.0000115588938821121
'6139946'	4	3	0.000015124937865809	0.0000209533631153927
'6139948'	1	3	0	0
'6139948'	2	3	0	0
'6139948'	3	3	0	0
'6139948'	4	3	0	0
'6139950'	1	3	0	0
'6139950'	2	3	0	0
'6139950'	3	3	0	0
'6139950'	4	3	0	0
'6139952'	1	3	0.000503667571804444	0.000697756884365368
'6139952'	2	3	0.000489361489206584	0.000677937924043594
'6139952'	3	3	0.000190231493555955	0.000263537582489647
'6139952'	4	3	0.000472417621194453	0.000654464702388909
'6139954'	1	3	0	0
'6139954'	2	3	0	0
'6139954'	3	3	0	0
'6139954'	4	3	0	0
'6139956'	1	3	0	0
'6139956'	2	3	0	0
'6139956'	3	3	0	0
'6139956'	4	3	0	0
'6139958'	1	3	0	0
'6139958'	2	3	0	0
'6139958'	3	3	0	0
'6139958'	4	3	0	0
'6139960'	1	3	0	0
'6139960'	2	3	0	0
'6139960'	3	3	0	0
'6139960'	4	3	0	0
'6139964'	1	3	0	0
'6139964'	2	3	0	0
'6139964'	3	3	0	0
'6139964'	4	3	0	0
'6139966'	1	3	0	0
'6139966'	2	3	0	0
'6139966'	3	3	0	0
'6139966'	4	3	0	0
'6139968'	1	3	0	0
'6139968'	2	3	0	0
'6139968'	3	3	0	0
'6139968'	4	3	0	0
'6139970'	1	3	0	0
'6139970'	2	3	0	0
'6139970'	3	3	0	0
'6139970'	4	3	0	0
'6139972'	1	3	0	0
'6139972'	2	3	0	0
'6139972'	3	3	0	0
'6139972'	4	3	0	0
'6139974'	1	3	0	0
'6139974'	2	3	0	0
'6139974'	3	3	0	0
'6139974'	4	3	0	0
'6139976'	1	3	0	0
'6139976'	2	3	0	0
'6139976'	3	3	0	0
'6139976'	4	3	0	0
'6139978'	1	3	0	0
'6139978'	2	3	0	0
'6139978'	3	3	0	0
'6139978'	4	3	0	0
'6139980'	1	3	0	0
'6139980'	2	3	0	0
'6139980'	3	3	0	0
'6139980'	4	3	0	0
'6139982'	1	3	0	0
'6139982'	2	3	0	0
'6139982'	3	3	0	0
'6139982'	4	3	0	0
'6139988'	1	3	0	0
'6139988'	2	3	0	0
'6139988'	3	3	0	0
'6139988'	4	3	0	0
'6139990'	1	3	0	0
'6139990'	2	3	0	0
'6139990'	3	3	0	0
'6139990'	4	3	0	0
'6139992'	1	3	0	0
'6139992'	2	3	0	0
'6139992'	3	3	0	0
'6139992'	4	3	0	0
'6139994'	1	3	0	0
'6139994'	2	3	0	0
'6139994'	3	3	0	0
'6139994'	4	3	0	0
'6139996'	1	3	0	0
'6139996'	2	3	0	0
'6139996'	3	3	0	0
'6139996'	4	3	0	0
'6139998'	1	3	0	0
'6139998'	2	3	0	0
'6139998'	3	3	0	0
'6139998'	4	3	0	0
'6140000'	1	3	0	0
'6140000'	2	3	0	0
'6140000'	3	3	0	0
'6140000'	4	3	0	0
'6140002'	1	3	0	0
'6140002'	2	3	0	0
'6140002'	3	3	0	0
'6140002'	4	3	0	0
'6140004'	1	3	0	0
'6140004'	2	3	0	0
'6140004'	3	3	0	0
'6140004'	4	3	0	0
'6140008'	1	3	0	0
'6140008'	2	3	0	0
'6140008'	3	3	0	0
'6140008'	4	3	0	0
'6140010'	1	3	0	0
'6140010'	2	3	0	0
'6140010'	3	3	0	0
'6140010'	4	3	0	0
'6140012'	1	3	0	0
'6140012'	2	3	0	0
'6140012'	3	3	0	0
'6140012'	4	3	0	0
'6140014'	1	3	0	0
'6140014'	2	3	0	0
'6140014'	3	3	0	0
'6140014'	4	3	0	0
'6140016'	1	3	0	0
'6140016'	2	3	0	0
'6140016'	3	3	0	0
'6140016'	4	3	0	0
'6140018'	1	3	0	0
'6140018'	2	3	0	0
'6140018'	3	3	0	0
'6140018'	4	3	0	0
'6140020'	1	3	0	0
'6140020'	2	3	0	0
'6140020'	3	3	0	0
'6140020'	4	3	0	0
'6140022'	1	3	0	0
'6140022'	2	3	0	0
'6140022'	3	3	0	0
'6140022'	4	3	0	0
'6140024'	1	3	0	0
'6140024'	2	3	0	0
'6140024'	3	3	0	0
'6140024'	4	3	0	0
'6140026'	1	3	0	0
'6140026'	2	3	0	0
'6140026'	3	3	0	0
'6140026'	4	3	0	0
'6140028'	1	3	0	0
'6140028'	2	3	0	0
'6140028'	3	3	0	0
'6140028'	4	3	0	0
'6140030'	1	3	0	0
'6140030'	2	3	0	0
'6140030'	3	3	0	0
'6140030'	4	3	0	0
'6140032'	1	3	0.0000232174654863265	0.0000284224711232631
'6140032'	2	3	0.000019281460849688	0.0000236040736030096
'6140032'	3	3	0.00000821937793461701	0.0000100620385173145
'6140032'	4	3	0.0000144314807294778	0.000017666801078743
'6140034'	1	3	0	0
'6140034'	2	3	0	0
'6140034'	3	3	0	0
'6140034'	4	3	0	0
'6140036'	1	3	0.0000267541408873894	0.0000327520158153083
'6140036'	2	3	0.0000225152754189599	0.0000275628606319922
'6140036'	3	3	0.0000105659715070246	0.0000129347029814469
'6140036'	4	3	0.0000170258643669182	0.0000208428064037533
'6140038'	1	3	0	0
'6140038'	2	3	0	0
'6140038'	3	3	0	0
'6140038'	4	3	0	0
'6140040'	1	3	0	0
'6140040'	2	3	0	0
'6140040'	3	3	0	0
'6140040'	4	3	0	0
'6140042'	1	3	0	0
'6140042'	2	3	0	0
'6140042'	3	3	0	0
'6140042'	4	3	0	0
'6140044'	1	3	0	0
'6140044'	2	3	0	0
'6140044'	3	3	0	0
'6140044'	4	3	0	0
'6140046'	1	3	0	0
'6140046'	2	3	0	0
'6140046'	3	3	0	0
'6140046'	4	3	0	0
'6140048'	1	3	0	0
'6140048'	2	3	0	0
'6140048'	3	3	0	0
'6140048'	4	3	0	0
'6140050'	1	3	0	0
'6140050'	2	3	0	0
'6140050'	3	3	0	0
'6140050'	4	3	0	0
'6140052'	1	3	0	0
'6140052'	2	3	0	0
'6140052'	3	3	0	0
'6140052'	4	3	0	0
'6140054'	1	3	0	0
'6140054'	2	3	0	0
'6140054'	3	3	0	0
'6140054'	4	3	0	0
'6140056'	1	3	0	0
'6140056'	2	3	0	0
'6140056'	3	3	0	0
'6140056'	4	3	0	0
'6140058'	1	3	0	0
'6140058'	2	3	0	0
'6140058'	3	3	0	0
'6140058'	4	3	0	0
'6140060'	1	3	0	0
'6140060'	2	3	0	0
'6140060'	3	3	0	0
'6140060'	4	3	0	0
'6140062'	1	3	0	0
'6140062'	2	3	0	0
'6140062'	3	3	0	0
'6140062'	4	3	0	0
'6140064'	1	3	0	0
'6140064'	2	3	0	0
'6140064'	3	3	0	0
'6140064'	4	3	0	0
'6140066'	1	3	0	0
'6140066'	2	3	0	0
'6140066'	3	3	0	0
'6140066'	4	3	0	0
'6140068'	1	3	0	0
'6140068'	2	3	0	0
'6140068'	3	3	0	0
'6140068'	4	3	0	0
'6140070'	1	3	0	0
'6140070'	2	3	0	0
'6140070'	3	3	0	0
'6140070'	4	3	0	0
'6140072'	1	3	0	0
'6140072'	2	3	0	0
'6140072'	3	3	0	0
'6140072'	4	3	0	0
'6140074'	1	3	0	0
'6140074'	2	3	0	0
'6140074'	3	3	0	0
'6140074'	4	3	0	0
'6140076'	1	3	0	0
'6140076'	2	3	0	0
'6140076'	3	3	0	0
'6140076'	4	3	0	0
'6140080'	1	3	0	0
'6140080'	2	3	0	0
'6140080'	3	3	0	0
'6140080'	4	3	0	0
'6140082'	1	3	0	0
'6140082'	2	3	0	0
'6140082'	3	3	0	0
'6140082'	4	3	0	0
'6140084'	1	3	0	0
'6140084'	2	3	0	0
'6140084'	3	3	0	0
'6140084'	4	3	0	0
'6140086'	1	3	0	0
'6140086'	2	3	0	0
'6140086'	3	3	0	0
'6140086'	4	3	0	0
'6140088'	1	3	0	0
'6140088'	2	3	0	0
'6140088'	3	3	0	0
'6140088'	4	3	0	0
'6140090'	1	3	0	0
'6140090'	2	3	0	0
'6140090'	3	3	0	0
'6140090'	4	3	0	0
'6140092'	1	3	0	0
'6140092'	2	3	0	0
'6140092'	3	3	0	0
'6140092'	4	3	0	0
'6140094'	1	3	0	0
'6140094'	2	3	0	0
'6140094'	3	3	0	0
'6140094'	4	3	0	0
'6140096'	1	3	0	0
'6140096'	2	3	0	0
'6140096'	3	3	0	0
'6140096'	4	3	0	0
'6140098'	1	3	0	0
'6140098'	2	3	0	0
'6140098'	3	3	0	0
'6140098'	4	3	0	0
'6140100'	1	3	0	0
'6140100'	2	3	0	0
'6140100'	3	3	0	0
'6140100'	4	3	0	0
'6140102'	1	3	0	0
'6140102'	2	3	0	0
'6140102'	3	3	0	0
'6140102'	4	3	0	0
'6140104'	1	3	0	0
'6140104'	2	3	0	0
'6140104'	3	3	0	0
'6140104'	4	3	0	0
'6140106'	1	3	0	0
'6140106'	2	3	0	0
'6140106'	3	3	0	0
'6140106'	4	3	0	0
'6140108'	1	3	0.000252008944454354	0.00030850554944407
'6140108'	2	3	0.00021833760092399	0.000267285598466352
'6140108'	3	3	0.000121121302957271	0.000148274872541212
'6140108'	4	3	0.000168841394380247	0.000206693088830487
'6140110'	1	3	0	0
'6140110'	2	3	0	0
'6140110'	3	3	0	0
'6140110'	4	3	0	0
'6140112'	1	3	0	0
'6140112'	2	3	0	0
'6140112'	3	3	0	0
'6140112'	4	3	0	0
'6140114'	1	3	0	0
'6140114'	2	3	0	0
'6140114'	3	3	0	0
'6140114'	4	3	0	0
'6140116'	1	3	0	0
'6140116'	2	3	0	0
'6140116'	3	3	0	0
'6140116'	4	3	0	0
'6140118'	1	3	0	0
'6140118'	2	3	0	0
'6140118'	3	3	0	0
'6140118'	4	3	0	0
'6140120'	1	3	0	0
'6140120'	2	3	0	0
'6140120'	3	3	0	0
'6140120'	4	3	0	0
'6140122'	1	3	0	0
'6140122'	2	3	0	0
'6140122'	3	3	0	0
'6140122'	4	3	0	0
'6140124'	1	3	0	0
'6140124'	2	3	0	0
'6140124'	3	3	0	0
'6140124'	4	3	0	0
'6140126'	1	3	0	0
'6140126'	2	3	0	0
'6140126'	3	3	0	0
'6140126'	4	3	0	0
'6140128'	1	3	0	0
'6140128'	2	3	0	0
'6140128'	3	3	0	0
'6140128'	4	3	0	0
'6140130'	1	3	0	0
'6140130'	2	3	0	0
'6140130'	3	3	0	0
'6140130'	4	3	0	0
'6140132'	1	3	0	0
'6140132'	2	3	0	0
'6140132'	3	3	0	0
'6140132'	4	3	0	0
'6140134'	1	3	0	0
'6140134'	2	3	0	0
'6140134'	3	3	0	0
'6140134'	4	3	0	0
'6140274'	1	3	0.0000393805923481869	0.0000545559828735654
'6140274'	2	3	0.0000382682447308357	0.0000530149898629699
'6140274'	3	3	0.0000216318408166543	0.0000299677142152337
'6140274'	4	3	0.0000369404040791171	0.0000511754631434762
'6140276'	1	3	0.0000207884750872375	0.0000287993558044864
'6140276'	2	3	0.0000191770109220711	0.0000265669106797693
'6140276'	3	3	0.0000115330503038897	0.0000159773344518507
'6140276'	4	3	0.0000188360598408322	0.0000260945734131195
'6140278'	1	3	0	0
'6140278'	2	3	0	0
'6140278'	3	3	0	0
'6140278'	4	3	0	0
'6140280'	1	3	0	0
'6140280'	2	3	0	0
'6140280'	3	3	0	0
'6140280'	4	3	0	0
'6140282'	1	3	0	0
'6140282'	2	3	0	0
'6140282'	3	3	0	0
'6140282'	4	3	0	0
'6140284'	1	3	0	0
'6140284'	2	3	0	0
'6140284'	3	3	0	0
'6140284'	4	3	0	0
'6140286'	1	3	0	0
'6140286'	2	3	0	0
'6140286'	3	3	0	0
'6140286'	4	3	0	0
'6140288'	1	3	0	0
'6140288'	2	3	0	0
'6140288'	3	3	0	0
'6140288'	4	3	0	0
'6140290'	1	3	0	0
'6140290'	2	3	0	0
'6140290'	3	3	0	0
'6140290'	4	3	0	0
'6140292'	1	3	0	0
'6140292'	2	3	0	0
'6140292'	3	3	0	0
'6140292'	4	3	0	0
'6140294'	1	3	0	0
'6140294'	2	3	0	0
'6140294'	3	3	0	0
'6140294'	4	3	0	0
'6140296'	1	3	0.0000607340201527168	0.0000743496715869739
'6140296'	2	3	0.0000601903667751972	0.0000736841393206412
'6140296'	3	3	0.0000447204532018899	0.0000547461044143052
'6140296'	4	3	0.0000598794226772938	0.0000733034862451015
'6140298'	1	3	0	0
'6140298'	2	3	0	0
'6140298'	3	3	0	0
'6140298'	4	3	0	0
'6140300'	1	3	0	0
'6140300'	2	3	0	0
'6140300'	3	3	0	0
'6140300'	4	3	0	0
'6140302'	1	3	0	0
'6140302'	2	3	0	0
'6140302'	3	3	0	0
'6140302'	4	3	0	0
'6140304'	1	3	0	0
'6140304'	2	3	0	0
'6140304'	3	3	0	0
'6140304'	4	3	0	0
'6140306'	1	3	0	0
'6140306'	2	3	0	0
'6140306'	3	3	0	0
'6140306'	4	3	0	0
'6140308'	1	3	0	0
'6140308'	2	3	0	0
'6140308'	3	3	0	0
'6140308'	4	3	0	0
'6140310'	1	3	0	0
'6140310'	2	3	0	0
'6140310'	3	3	0	0
'6140310'	4	3	0	0
'6140312'	1	3	0	0
'6140312'	2	3	0	0
'6140312'	3	3	0	0
'6140312'	4	3	0	0
'6140314'	1	3	0	0
'6140314'	2	3	0	0
'6140314'	3	3	0	0
'6140314'	4	3	0	0
'6140316'	1	3	0	0
'6140316'	2	3	0	0
'6140316'	3	3	0	0
'6140316'	4	3	0	0
'6140318'	1	3	0	0
'6140318'	2	3	0	0
'6140318'	3	3	0	0
'6140318'	4	3	0	0
'6140320'	1	3	0	0
'6140320'	2	3	0	0
'6140320'	3	3	0	0
'6140320'	4	3	0	0
'6140322'	1	3	0	0
'6140322'	2	3	0	0
'6140322'	3	3	0	0
'6140322'	4	3	0	0
'6140324'	1	3	0	0
'6140324'	2	3	0	0
'6140324'	3	3	0	0
'6140324'	4	3	0	0
'6140326'	1	3	0	0
'6140326'	2	3	0	0
'6140326'	3	3	0	0
'6140326'	4	3	0	0
'6140328'	1	3	0	0
'6140328'	2	3	0	0
'6140328'	3	3	0	0
'6140328'	4	3	0	0
'6140330'	1	3	0	0
'6140330'	2	3	0	0
'6140330'	3	3	0	0
'6140330'	4	3	0	0
'6140332'	1	3	0	0
'6140332'	2	3	0	0
'6140332'	3	3	0	0
'6140332'	4	3	0	0
'6140336'	1	3	0	0
'6140336'	2	3	0	0
'6140336'	3	3	0	0
'6140336'	4	3	0	0
'6140338'	1	3	0.000147906573229455	0.000204902668925075
'6140338'	2	3	0.000143367100251211	0.000198613900897758
'6140338'	3	3	0.0000802239749258249	0.000111138445135759
'6140338'	4	3	0.000138225578466575	0.000191491083344721
'6140340'	1	3	0	0
'6140340'	2	3	0	0
'6140340'	3	3	0	0
'6140340'	4	3	0	0
'6140342'	1	3	0.0000621115789492409	0.0000760360582917527
'6140342'	2	3	0.0000604230875436117	0.0000739690325758477
'6140342'	3	3	0.0000343837934262486	0.0000420921213963403
'6140342'	4	3	0.0000583746405049605	0.0000714613546022169
'6140344'	1	3	0	0
'6140344'	2	3	0	0
'6140344'	3	3	0	0
'6140344'	4	3	0	0
'6140346'	1	3	0	0
'6140346'	2	3	0	0
'6140346'	3	3	0	0
'6140346'	4	3	0	0
'6140348'	1	3	0.0000294340439308548	0.0000407765120035179
'6140348'	2	3	0.0000288320829464843	0.0000399425841422122
'6140348'	3	3	0.0000172270830972592	0.0000238655742429134
'6140348'	4	3	0.0000280015653413087	0.0000387920249062427
'6140350'	1	3	0	0
'6140350'	2	3	0	0
'6140350'	3	3	0	0
'6140350'	4	3	0	0
'6140352'	1	3	0	0
'6140352'	2	3	0	0
'6140352'	3	3	0	0
'6140352'	4	3	0	0
'6140356'	1	3	0	0
'6140356'	2	3	0	0
'6140356'	3	3	0	0
'6140356'	4	3	0	0
'6140358'	1	3	0	0
'6140358'	2	3	0	0
'6140358'	3	3	0	0
'6140358'	4	3	0	0
'6140360'	1	3	0	0
'6140360'	2	3	0	0
'6140360'	3	3	0	0
'6140360'	4	3	0	0
'6140362'	1	3	0	0
'6140362'	2	3	0	0
'6140362'	3	3	0	0
'6140362'	4	3	0	0
'6140364'	1	3	0	0
'6140364'	2	3	0	0
'6140364'	3	3	0	0
'6140364'	4	3	0	0
'6140366'	1	3	0	0
'6140366'	2	3	0	0
'6140366'	3	3	0	0
'6140366'	4	3	0	0
'6140368'	1	3	0	0
'6140368'	2	3	0	0
'6140368'	3	3	0	0
'6140368'	4	3	0	0
'6140370'	1	3	0	0
'6140370'	2	3	0	0
'6140370'	3	3	0	0
'6140370'	4	3	0	0
'6140372'	1	3	0	0
'6140372'	2	3	0	0
'6140372'	3	3	0	0
'6140372'	4	3	0	0
'6140374'	1	3	0	0
'6140374'	2	3	0	0
'6140374'	3	3	0	0
'6140374'	4	3	0	0
'6140376'	1	3	0	0
'6140376'	2	3	0	0
'6140376'	3	3	0	0
'6140376'	4	3	0	0
'6140380'	1	3	0	0
'6140380'	2	3	0	0
'6140380'	3	3	0	0
'6140380'	4	3	0	0
'6140382'	1	3	0	0
'6140382'	2	3	0	0
'6140382'	3	3	0	0
'6140382'	4	3	0	0
'6140384'	1	3	0	0
'6140384'	2	3	0	0
'6140384'	3	3	0	0
'6140384'	4	3	0	0
'6140386'	1	3	0	0
'6140386'	2	3	0	0
'6140386'	3	3	0	0
'6140386'	4	3	0	0
'6140388'	1	3	0	0
'6140388'	2	3	0	0
'6140388'	3	3	0	0
'6140388'	4	3	0	0
'6140390'	1	3	0	0
'6140390'	2	3	0	0
'6140390'	3	3	0	0
'6140390'	4	3	0	0
'6140392'	1	3	0	0
'6140392'	2	3	0	0
'6140392'	3	3	0	0
'6140392'	4	3	0	0
'6140394'	1	3	0	0
'6140394'	2	3	0	0
'6140394'	3	3	0	0
'6140394'	4	3	0	0
'6140396'	1	3	0	0
'6140396'	2	3	0	0
'6140396'	3	3	0	0
'6140396'	4	3	0	0
'6140398'	1	3	0	0
'6140398'	2	3	0	0
'6140398'	3	3	0	0
'6140398'	4	3	0	0
'6140402'	1	3	0	0
'6140402'	2	3	0	0
'6140402'	3	3	0	0
'6140402'	4	3	0	0
'6140404'	1	3	0	0
'6140404'	2	3	0	0
'6140404'	3	3	0	0
'6140404'	4	3	0	0
'6140406'	1	3	0	0
'6140406'	2	3	0	0
'6140406'	3	3	0	0
'6140406'	4	3	0	0
'6140408'	1	3	0	0
'6140408'	2	3	0	0
'6140408'	3	3	0	0
'6140408'	4	3	0	0
'6140410'	1	3	0	0
'6140410'	2	3	0	0
'6140410'	3	3	0	0
'6140410'	4	3	0	0
'6140414'	1	3	0	0
'6140414'	2	3	0	0
'6140414'	3	3	0	0
'6140414'	4	3	0	0
'6140416'	1	3	0	0
'6140416'	2	3	0	0
'6140416'	3	3	0	0
'6140416'	4	3	0	0
'6140418'	1	3	0	0
'6140418'	2	3	0	0
'6140418'	3	3	0	0
'6140418'	4	3	0	0
'6140420'	1	3	0	0
'6140420'	2	3	0	0
'6140420'	3	3	0	0
'6140420'	4	3	0	0
'6140422'	1	3	0	0
'6140422'	2	3	0	0
'6140422'	3	3	0	0
'6140422'	4	3	0	0
'6140426'	1	3	0	0
'6140426'	2	3	0	0
'6140426'	3	3	0	0
'6140426'	4	3	0	0
'6140428'	1	3	0.0000353366845226354	0.0000432586363067046
'6140428'	2	3	0.0000326362255660842	0.0000399527751756808
'6140428'	3	3	0.0000193145251462744	0.000023644550416273
'6140428'	4	3	0.0000306947659110326	0.0000375760695436563
'6140430'	1	3	0	0
'6140430'	2	3	0	0
'6140430'	3	3	0	0
'6140430'	4	3	0	0
'6140432'	1	3	0	0
'6140432'	2	3	0	0
'6140432'	3	3	0	0
'6140432'	4	3	0	0
'6140434'	1	3	0	0
'6140434'	2	3	0	0
'6140434'	3	3	0	0
'6140434'	4	3	0	0
'6140436'	1	3	0	0
'6140436'	2	3	0	0
'6140436'	3	3	0	0
'6140436'	4	3	0	0
'6140438'	1	3	0.000166982163996892	0.000231329076989487
'6140438'	2	3	0.000156853515016303	0.000217297332737606
'6140438'	3	3	0.0000835469490175158	0.000115741933982059
'6140438'	4	3	0.00015048705569923	0.000208477545508492
'6140442'	1	3	0	0
'6140442'	2	3	0	0
'6140442'	3	3	0	0
'6140442'	4	3	0	0
'6140444'	1	3	0	0
'6140444'	2	3	0	0
'6140444'	3	3	0	0
'6140444'	4	3	0	0
'6140448'	1	3	0	0
'6140448'	2	3	0	0
'6140448'	3	3	0	0
'6140448'	4	3	0	0
'6140450'	1	3	0	0
'6140450'	2	3	0	0
'6140450'	3	3	0	0
'6140450'	4	3	0	0
'6140452'	1	3	0.000160581532617519	0.000196581490621305
'6140452'	2	3	0.000148852694102788	0.000182223223385345
'6140452'	3	3	0.000101626073418217	0.000124409106532365
'6140452'	4	3	0.000141322394557493	0.000173004744240767
'6140454'	1	3	0	0
'6140454'	2	3	0	0
'6140454'	3	3	0	0
'6140454'	4	3	0	0
'6140456'	1	3	0	0
'6140456'	2	3	0	0
'6140456'	3	3	0	0
'6140456'	4	3	0	0
'6140458'	1	3	0	0
'6140458'	2	3	0	0
'6140458'	3	3	0	0
'6140458'	4	3	0	0
'6140460'	1	3	0	0
'6140460'	2	3	0	0
'6140460'	3	3	0	0
'6140460'	4	3	0	0
'6140462'	1	3	0.0000710553597468796	0.0000984366856433095
'6140462'	2	3	0.0000679332839085526	0.0000941115115966682
'6140462'	3	3	0.0000354141024721	0.0000490609981401037
'6140462'	4	3	0.000064807715622361	0.0000897814992803481
'6140464'	1	3	0	0
'6140464'	2	3	0	0
'6140464'	3	3	0	0
'6140464'	4	3	0	0
'6140466'	1	3	0	0
'6140466'	2	3	0	0
'6140466'	3	3	0	0
'6140466'	4	3	0	0
'6140468'	1	3	0	0
'6140468'	2	3	0	0
'6140468'	3	3	0	0
'6140468'	4	3	0	0
'6140470'	1	3	0	0
'6140470'	2	3	0	0
'6140470'	3	3	0	0
'6140470'	4	3	0	0
'6140752'	1	3	0	0
'6140752'	2	3	0	0
'6140752'	3	3	0	0
'6140752'	4	3	0	0
'6140754'	1	3	0	0
'6140754'	2	3	0	0
'6140754'	3	3	0	0
'6140754'	4	3	0	0
'6140758'	1	3	0	0
'6140758'	2	3	0	0
'6140758'	3	3	0	0
'6140758'	4	3	0	0
'6140760'	1	3	0	0
'6140760'	2	3	0	0
'6140760'	3	3	0	0
'6140760'	4	3	0	0
'6140762'	1	3	0	0
'6140762'	2	3	0	0
'6140762'	3	3	0	0
'6140762'	4	3	0	0
'6140764'	1	3	0	0
'6140764'	2	3	0	0
'6140764'	3	3	0	0
'6140764'	4	3	0	0
'6140766'	1	3	0	0
'6140766'	2	3	0	0
'6140766'	3	3	0	0
'6140766'	4	3	0	0
'6140768'	1	3	0.0000909338308581102	0.000111319824431933
'6140768'	2	3	0.0000823544974174433	0.00010081713381233
'6140768'	3	3	0.000047848693741936	0.0000585756493087918
'6140768'	4	3	0.0000637803147821942	0.0000780788995335068
'6140770'	1	3	0	0
'6140770'	2	3	0	0
'6140770'	3	3	0	0
'6140770'	4	3	0	0
'6140772'	1	3	0	0
'6140772'	2	3	0	0
'6140772'	3	3	0	0
'6140772'	4	3	0	0
'6140778'	1	3	0	0
'6140778'	2	3	0	0
'6140778'	3	3	0	0
'6140778'	4	3	0	0
'6140780'	1	3	0.000175169519240194	0.000214439883854353
'6140780'	2	3	0.000152944848118851	0.00018723277662112
'6140780'	3	3	0.0000867695072846421	0.000106221922312319
'6140780'	4	3	0.000118140769543141	0.000144626148482811
'6140782'	1	3	0	0
'6140782'	2	3	0	0
'6140782'	3	3	0	0
'6140782'	4	3	0	0
'6140784'	1	3	0	0
'6140784'	2	3	0	0
'6140784'	3	3	0	0
'6140784'	4	3	0	0
'6140786'	1	3	0.0000544988558303106	0.0000755000996180857
'6140786'	2	3	0.0000425574073005701	0.0000589569898620417
'6140786'	3	3	0.0000293625051590541	0.0000406774056220128
'6140786'	4	3	0.0000394921496841867	0.0000547105290535319
'6140788'	1	3	0.0000940875715944623	0.000130344406684862
'6140788'	2	3	0.0000734716911990676	0.000101784155284113
'6140788'	3	3	0.0000506918313101314	0.0000702260305363976
'6140788'	4	3	0.0000681797884417892	0.0000944530071479439
'6140794'	1	3	0	0
'6140794'	2	3	0	0
'6140794'	3	3	0	0
'6140794'	4	3	0	0
'6140796'	1	3	0.0000591029470673051	0.0000818783866802245
'6140796'	2	3	0.0000533170452930552	0.0000738628760115883
'6140796'	3	3	0.0000359224793535142	0.0000497652790760157
'6140796'	4	3	0.0000426156869460959	0.0000590377276862742
'6140798'	1	3	0	0
'6140798'	2	3	0	0
'6140798'	3	3	0	0
'6140798'	4	3	0	0
'6140800'	1	3	0	0
'6140800'	2	3	0	0
'6140800'	3	3	0	0
'6140800'	4	3	0	0
'6140804'	1	3	0.000161389612826738	0.000197570730227383
'6140804'	2	3	0.00015897714594216	0.000194617424647877
'6140804'	3	3	0.000109067224556699	0.000133518451541702
'6140804'	4	3	0.000127413711160814	0.000155977943772923
'6140806'	1	3	0.0000795180242974359	0.0000973447661935302
'6140806'	2	3	0.0000783293815032395	0.0000958896476099011
'6140806'	3	3	0.0000537383420187287	0.0000657856679118948
'6140806'	4	3	0.000062777810804894	0.0000768516492825028
'6140808'	1	3	0	0
'6140808'	2	3	0	0
'6140808'	3	3	0	0
'6140808'	4	3	0	0
'6140810'	1	3	0.000692368878258648	0.00084758753967103
'6140810'	2	3	0.00063646902559803	0.000779155783027447
'6140810'	3	3	0.00043470825858561	0.0005321632946529
'6140810'	4	3	0.000509972535086321	0.000624300686941244
'6140814'	1	3	0.000303496860033184	0.000420449985915805
'6140814'	2	3	0.000273785938529632	0.000379289901009662
'6140814'	3	3	0.000184463892739275	0.000255547425089416
'6140814'	4	3	0.000218833879156121	0.000303161954950809
'6140816'	1	3	0	0
'6140816'	2	3	0	0
'6140816'	3	3	0	0
'6140816'	4	3	0	0
'6140818'	1	3	0.0000333029301719198	0.0000461362813447485
'6140818'	2	3	0.0000296270391953684	0.0000410438783816665
'6140818'	3	3	0.0000181721545534076	0.0000251748308868984
'6140818'	4	3	0.0000232410999075093	0.0000321971045358152
'6140820'	1	3	0.0000672659459531422	0.0000931870136169438
'6140820'	2	3	0.0000633536490880868	0.0000877671052803925
'6140820'	3	3	0.0000440082496588854	0.0000609669172433432
'6140820'	4	3	0.0000509194745109659	0.0000705413965028665
'6140822'	1	3	0.0000569790684863676	0.0000789360672132476
'6140822'	2	3	0.0000536650731525582	0.0000743450171072501
'6140822'	3	3	0.0000372781358493876	0.0000516433405311961
'6140822'	4	3	0.0000431324377341139	0.0000597536094305545
'6140826'	1	3	0.000135181195730112	0.000187273541593126
'6140826'	2	3	0.000120586835367797	0.000167055215090128
'6140826'	3	3	0.0000749870105029683	0.000103883405931759
'6140826'	4	3	0.000094796885573731	0.000131327056233727
'6140830'	1	3	0	0
'6140830'	2	3	0	0
'6140830'	3	3	0	0
'6140830'	4	3	0	0
'6140832'	1	3	0.000164940618152815	0.000228500817345236
'6140832'	2	3	0.000131465307653549	0.000182125728567037
'6140832'	3	3	0.0000991151181160042	0.000137309328377766
'6140832'	4	3	0.000124351683350614	0.000172270854820889
'6140834'	1	3	0.0000964700282431274	0.000133644947798423
'6140834'	2	3	0.0000768910780398508	0.000106521209726425
'6140834'	3	3	0.0000579701855798377	0.0000803091132735753
'6140834'	4	3	0.0000727304804556985	0.000100757317488901
'6140836'	1	3	0.000269776505425823	0.00037373542478924
'6140836'	2	3	0.000269776505425823	0.00037373542478924
'6140836'	3	3	0.000195073231161777	0.000270245093427168
'6140836'	4	3	0.000218449844291155	0.000302629931477655
'6140838'	1	3	0	0
'6140838'	2	3	0	0
'6140838'	3	3	0	0
'6140838'	4	3	0	0
'6140842'	1	3	0	0
'6140842'	2	3	0	0
'6140842'	3	3	0	0
'6140842'	4	3	0	0
'6140846'	1	3	0	0
'6140846'	2	3	0	0
'6140846'	3	3	0	0
'6140846'	4	3	0	0
'6140848'	1	3	0.0000811527698830936	0.00011242515309926
'6140848'	2	3	0.000065276977757135	0.0000904315925232732
'6140848'	3	3	0.0000514010920847858	0.0000712086063781425
'6140848'	4	3	0.000062294793201517	0.0000863002171467015
'6140852'	1	3	0	0
'6140852'	2	3	0	0
'6140852'	3	3	0	0
'6140852'	4	3	0	0
'6140854'	1	3	0.000157184663289358	0.000192423094415397
'6140854'	2	3	0.000144494030023919	0.000176887412549722
'6140854'	3	3	0.0000986894030054259	0.000120814078898739
'6140854'	4	3	0.000115776233928901	0.000141731519641638
'6140856'	1	3	0	0
'6140856'	2	3	0	0
'6140856'	3	3	0	0
'6140856'	4	3	0	0
'6140858'	1	3	0.000163883827190504	0.000227036789858523
'6140858'	2	3	0.000132953307254222	0.000184187131808827
'6140858'	3	3	0.000109443977058718	0.000151618433903654
'6140858'	4	3	0.000127967856666334	0.00017728052780234
'6140860'	1	3	0.000312444283804609	0.00043284531744664
'6140860'	2	3	0.000253475291471021	0.00035115250522639
'6140860'	3	3	0.000208654786839275	0.000289060328921513
'6140860'	4	3	0.000243970537005132	0.000337985074496203
'6140864'	1	3	0.000534762021026173	0.000740833642180609
'6140864'	2	3	0.000430147345582573	0.000595905490989724
'6140864'	3	3	0.000338711197730034	0.000469234239522437
'6140864'	4	3	0.000410496025703625	0.000568681495441871
'6140866'	1	3	0	0
'6140866'	2	3	0	0
'6140866'	3	3	0	0
'6140866'	4	3	0	0
'6140868'	1	3	0	0
'6140868'	2	3	0	0
'6140868'	3	3	0	0
'6140868'	4	3	0	0
'6140872'	1	3	0	0
'6140872'	2	3	0	0
'6140872'	3	3	0	0
'6140872'	4	3	0	0
'6140874'	1	3	0.000128115933088672	0.000156837593267328
'6140874'	2	3	0.000101539006372748	0.000124302520368294
'6140874'	3	3	0.0000759359668472675	0.0000929596654813426
'6140874'	4	3	0.0000957633531974204	0.00011723205284933
'6140876'	1	3	0.000409668680332309	0.000567535330866464
'6140876'	2	3	0.000409668680332309	0.000567535330866464
'6140876'	3	3	0.000330031494696	0.000457209795454008
'6140876'	4	3	0.000355983161677571	0.000493161989541616
'6140878'	1	3	0.000140426462892784	0.00019454008301444
'6140878'	2	3	0.000114606065412661	0.000158769743394876
'6140878'	3	3	0.0000968582210366737	0.000134182731466305
'6140878'	4	3	0.000110928516664577	0.000153675043834664
'6140880'	1	3	0	0
'6140880'	2	3	0	0
'6140880'	3	3	0	0
'6140880'	4	3	0	0
'6140882'	1	3	0.0000328593870457344	0.0000455218179821381
'6140882'	2	3	0.0000328593870457344	0.0000455218179821381
'6140882'	3	3	0.000026883537915654	0.0000372431633617819
'6140882'	4	3	0.0000288392004218597	0.0000399524443510494
'6140884'	1	3	0	0
'6140884'	2	3	0	0
'6140884'	3	3	0	0
'6140884'	4	3	0	0
'6140886'	1	3	0	0
'6140886'	2	3	0	0
'6140886'	3	3	0	0
'6140886'	4	3	0	0
'6140888'	1	3	0	0
'6140888'	2	3	0	0
'6140888'	3	3	0	0
'6140888'	4	3	0	0
'6140892'	1	3	0	0
'6140892'	2	3	0	0
'6140892'	3	3	0	0
'6140892'	4	3	0	0
'6140894'	1	3	0	0
'6140894'	2	3	0	0
'6140894'	3	3	0	0
'6140894'	4	3	0	0
'6140896'	1	3	0.000082782182466069	0.000114682463100715
'6140896'	2	3	0.0000640690781558305	0.000088758226379384
'6140896'	3	3	0.0000442103644567698	0.0000612469173854026
'6140896'	4	3	0.0000593115223347124	0.0000821673368467409
'6140900'	1	3	0.000367863069514316	0.000509619843774753
'6140900'	2	3	0.000367863069514316	0.000509619843774753
'6140900'	3	3	0.000367863069514316	0.000509619843774753
'6140900'	4	3	0.000367863069514316	0.000509619843774753
'6140902'	1	3	0.0000609644562189185	0.0000844572321301986
'6140902'	2	3	0.0000569216218797161	0.0000788564834410962
'6140902'	3	3	0.000053617882151333	0.0000742796409587182
'6140902'	4	3	0.0000562779005214392	0.0000779647027617454
'6140904'	1	3	0.000175191926269719	0.000242702487678496
'6140904'	2	3	0.00016357414142586	0.000226607766061149
'6140904'	3	3	0.000154080272985029	0.000213455416307686
'6140904'	4	3	0.000161724296586229	0.000224045079789257
'6140906'	1	3	0.000544150901656055	0.000753840546858856
'6140906'	2	3	0.000544150901656055	0.000753840546858856
'6140906'	3	3	0.000544150901656055	0.000753840546858856
'6140906'	4	3	0.000544150901656055	0.000753840546858856
'6140908'	1	3	0.0000160091462914795	0.0000221783030376019
'6140908'	2	3	0.0000160091462914795	0.0000221783030376019
'6140908'	3	3	0.0000160091462914795	0.0000221783030376019
'6140908'	4	3	0.0000160091462914795	0.0000221783030376019
'6140910'	1	3	0.000627965585362666	0.000869953387631341
'6140910'	2	3	0.000627965585362666	0.000869953387631341
'6140910'	3	3	0.000627965585362666	0.000869953387631341
'6140910'	4	3	0.000627965585362666	0.000869953387631341
'6140914'	1	3	0.000266437975299952	0.000369110385359678
'6140914'	2	3	0.000266437975299952	0.000369110385359678
'6140914'	3	3	0.000266437975299952	0.000369110385359678
'6140914'	4	3	0.000266437975299952	0.000369110385359678
'6140916'	1	3	0.00068041101957384	0.000942608775476294
'6140916'	2	3	0.00068041101957384	0.000942608775476294
'6140916'	3	3	0.00068041101957384	0.000942608775476294
'6140916'	4	3	0.00068041101957384	0.000942608775476294
'6140918'	1	3	0.000119216977199043	0.000165157479318837
'6140918'	2	3	0.000119216977199043	0.000165157479318837
'6140918'	3	3	0.000119216977199043	0.000165157479318837
'6140918'	4	3	0.000119216977199043	0.000165157479318837
'6140920'	1	3	0.00043294084412914	0.000599775469823876
'6140920'	2	3	0.00043294084412914	0.000599775469823876
'6140920'	3	3	0.00043294084412914	0.000599775469823876
'6140920'	4	3	0.00043294084412914	0.000599775469823876
'6140924'	1	3	0	0
'6140924'	2	3	0	0
'6140924'	3	3	0	0
'6140924'	4	3	0	0
'6140926'	1	3	0	0
'6140926'	2	3	0	0
'6140926'	3	3	0	0
'6140926'	4	3	0	0
'6140928'	1	3	0	0
'6140928'	2	3	0	0
'6140928'	3	3	0	0
'6140928'	4	3	0	0
'6140930'	1	3	0.00140153963716471	0.00194162575732056
'6140930'	2	3	0.00140153963716471	0.00194162575732056
'6140930'	3	3	0.000827935751830528	0.00114698246024119
'6140930'	4	3	0.00140153963716471	0.00194162575732056
'6140932'	1	3	0.000533582271359074	0.000739199273604731
'6140932'	2	3	0.000533582271359074	0.000739199273604731
'6140932'	3	3	0.000533582271359074	0.000739199273604731
'6140932'	4	3	0.000533582271359074	0.000739199273604731
'6140934'	1	3	0.000723490691075354	0.00100228928510031
'6140934'	2	3	0.000721656566595921	0.000999748377061061
'6140934'	3	3	0.000718215185997117	0.000994980853521807
'6140934'	4	3	0.000720741969147169	0.000998481337644559
'6140938'	1	3	0.00116669912466018	0.00161628898064291
'6140938'	2	3	0.00116374142050301	0.00161219151923559
'6140938'	3	3	0.0011043995852025	0.00152998218826066
'6140938'	4	3	0.00116226654313964	0.00161014829491166
'6140940'	1	3	0	0
'6140940'	2	3	0	0
'6140940'	3	3	0	0
'6140940'	4	3	0	0
'6140942'	1	3	0	0
'6140942'	2	3	0	0
'6140942'	3	3	0	0
'6140942'	4	3	0	0
'6140944'	1	3	0.000608285394734747	0.000842689395933292
'6140944'	2	3	0.000608285394734747	0.000842689395933292
'6140944'	3	3	0.000608285394734747	0.000842689395933292
'6140944'	4	3	0.000608285394734747	0.000842689395933292
'6140946'	1	3	0.00129414443835494	0.00179284560248782
'6140946'	2	3	0.00129414443835494	0.00179284560248782
'6140946'	3	3	0.00129414443835494	0.00179284560248782
'6140946'	4	3	0.00129414443835494	0.00179284560248782
'6140948'	1	3	0	0
'6140948'	2	3	0	0
'6140948'	3	3	0	0
'6140948'	4	3	0	0
'6140952'	1	3	0.00131449857191281	0.00182104324238036
'6140952'	2	3	0.00131449857191281	0.00182104324238036
'6140952'	3	3	0.00131449857191281	0.00182104324238036
'6140952'	4	3	0.00131449857191281	0.00182104324238036
'6141024'	1	3	0	0
'6141024'	2	3	0	0
'6141024'	3	3	0	0
'6141024'	4	3	0	0
'6141030'	1	3	0	0
'6141030'	2	3	0	0
'6141030'	3	3	0	0
'6141030'	4	3	0	0
'6141032'	1	3	0	0
'6141032'	2	3	0	0
'6141032'	3	3	0	0
'6141032'	4	3	0	0
'6141034'	1	3	0	0
'6141034'	2	3	0	0
'6141034'	3	3	0	0
'6141034'	4	3	0	0
'6141038'	1	3	0	0
'6141038'	2	3	0	0
'6141038'	3	3	0	0
'6141038'	4	3	0	0
'6141042'	1	3	0	0
'6141042'	2	3	0	0
'6141042'	3	3	0	0
'6141042'	4	3	0	0
'6141046'	1	3	0	0
'6141046'	2	3	0	0
'6141046'	3	3	0	0
'6141046'	4	3	0	0
'6141050'	1	3	0.000172153655767108	0.000210747909270565
'6141050'	2	3	0.000150311622984484	0.000184009222121311
'6141050'	3	3	0.0000852756116072863	0.000104393117752414
'6141050'	4	3	0.000116106760241221	0.000142136144968762
'6141054'	1	3	0	0
'6141054'	2	3	0	0
'6141054'	3	3	0	0
'6141054'	4	3	0	0
'6141056'	1	3	0	0
'6141056'	2	3	0	0
'6141056'	3	3	0	0
'6141056'	4	3	0	0
'6141060'	1	3	0	0
'6141060'	2	3	0	0
'6141060'	3	3	0	0
'6141060'	4	3	0	0
'6141062'	1	3	0	0
'6141062'	2	3	0	0
'6141062'	3	3	0	0
'6141062'	4	3	0	0
'6141064'	1	3	0	0
'6141064'	2	3	0	0
'6141064'	3	3	0	0
'6141064'	4	3	0	0
'6141066'	1	3	0	0
'6141066'	2	3	0	0
'6141066'	3	3	0	0
'6141066'	4	3	0	0
'6141070'	1	3	0	0
'6141070'	2	3	0	0
'6141070'	3	3	0	0
'6141070'	4	3	0	0
'6141074'	1	3	0	0
'6141074'	2	3	0	0
'6141074'	3	3	0	0
'6141074'	4	3	0	0
'6141076'	1	3	0	0
'6141076'	2	3	0	0
'6141076'	3	3	0	0
'6141076'	4	3	0	0
'6141084'	1	3	0	0
'6141084'	2	3	0	0
'6141084'	3	3	0	0
'6141084'	4	3	0	0
'6141086'	1	3	0	0
'6141086'	2	3	0	0
'6141086'	3	3	0	0
'6141086'	4	3	0	0
'6141090'	1	3	0	0
'6141090'	2	3	0	0
'6141090'	3	3	0	0
'6141090'	4	3	0	0
'6141100'	1	3	0	0
'6141100'	2	3	0	0
'6141100'	3	3	0	0
'6141100'	4	3	0	0
'6141104'	1	3	0	0
'6141104'	2	3	0	0
'6141104'	3	3	0	0
'6141104'	4	3	0	0
'6141106'	1	3	0	0
'6141106'	2	3	0	0
'6141106'	3	3	0	0
'6141106'	4	3	0	0
'6141108'	1	3	0	0
'6141108'	2	3	0	0
'6141108'	3	3	0	0
'6141108'	4	3	0	0
'6141110'	1	3	0	0
'6141110'	2	3	0	0
'6141110'	3	3	0	0
'6141110'	4	3	0	0
'6141112'	1	3	0	0
'6141112'	2	3	0	0
'6141112'	3	3	0	0
'6141112'	4	3	0	0
'6141126'	1	3	0	0
'6141126'	2	3	0	0
'6141126'	3	3	0	0
'6141126'	4	3	0	0
'6141128'	1	3	0	0
'6141128'	2	3	0	0
'6141128'	3	3	0	0
'6141128'	4	3	0	0
'6141130'	1	3	0	0
'6141130'	2	3	0	0
'6141130'	3	3	0	0
'6141130'	4	3	0	0
'6141148'	1	3	0	0
'6141148'	2	3	0	0
'6141148'	3	3	0	0
'6141148'	4	3	0	0
'6141150'	1	3	0	0
'6141150'	2	3	0	0
'6141150'	3	3	0	0
'6141150'	4	3	0	0
'6141152'	1	3	0	0
'6141152'	2	3	0	0
'6141152'	3	3	0	0
'6141152'	4	3	0	0
'6141154'	1	3	0	0
'6141154'	2	3	0	0
'6141154'	3	3	0	0
'6141154'	4	3	0	0
'6141170'	1	3	0	0
'6141170'	2	3	0	0
'6141170'	3	3	0	0
'6141170'	4	3	0	0
'6141176'	1	3	0	0
'6141176'	2	3	0	0
'6141176'	3	3	0	0
'6141176'	4	3	0	0
'6141178'	1	3	0	0
'6141178'	2	3	0	0
'6141178'	3	3	0	0
'6141178'	4	3	0	0
'6141180'	1	3	0.0000266134615298023	0.0000368690124970412
'6141180'	2	3	0.0000237370514425993	0.0000328841719931876
'6141180'	3	3	0.0000147697793769677	0.0000204613435880248
'6141180'	4	3	0.0000186628695194258	0.0000258546438527672
'6141184'	1	3	0	0
'6141184'	2	3	0	0
'6141184'	3	3	0	0
'6141184'	4	3	0	0
'6141188'	1	3	0.00018996234814996	0.000263164721359724
'6141188'	2	3	0.00018996234814996	0.000263164721359724
'6141188'	3	3	0.000162377742690371	0.000224950332664866
'6141188'	4	3	0.00017157062971764	0.000237685717211243
'6141196'	1	3	0.000353724816141993	0.000490033386008378
'6141196'	2	3	0.000353724816141993	0.000490033386008378
'6141196'	3	3	0.000353724816141993	0.000490033386008378
'6141196'	4	3	0.000353724816141993	0.000490033386008378
'6141208'	1	3	0.000121426048527411	0.00016821782072994
'6141208'	2	3	0.000121426048527411	0.00016821782072994
'6141208'	3	3	0.000121426048527411	0.00016821782072994
'6141208'	4	3	0.000121426048527411	0.00016821782072994
'6141210'	1	3	0.00124430704025797	0.00172380326272304
'6141210'	2	3	0.00124430704025797	0.00172380326272304
'6141210'	3	3	0.00124430704025797	0.00172380326272304
'6141210'	4	3	0.00124430704025797	0.00172380326272304
'6141214'	1	3	0.000888092031640113	0.00123032008355605
'6141214'	2	3	0.000888092031640113	0.00123032008355605
'6141214'	3	3	0.000888092031640113	0.00123032008355605
'6141214'	4	3	0.000888092031640113	0.00123032008355605
'6141218'	1	3	0	0
'6141218'	2	3	0	0
'6141218'	3	3	0	0
'6141218'	4	3	0	0
'6141220'	1	3	0.000882208815977621	0.00122216975889646
'6141220'	2	3	0.00075168677187507	0.00104135078238837
'6141220'	3	3	0.000246969071324309	0.000342139100050629
'6141220'	4	3	0.000569011196941804	0.000788280806970981
'6141228'	1	3	0	0
'6141228'	2	3	0	0
'6141228'	3	3	0	0
'6141228'	4	3	0	0
'6141270'	1	3	0	0
'6141270'	2	3	0	0
'6141270'	3	3	0	0
'6141270'	4	3	0	0
'6141274'	1	3	0	0
'6141274'	2	3	0	0
'6141274'	3	3	0	0
'6141274'	4	3	0	0
'6141306'	1	3	0	0
'6141306'	2	3	0	0
'6141306'	3	3	0	0
'6141306'	4	3	0	0
'6141308'	1	3	0	0
'6141308'	2	3	0	0
'6141308'	3	3	0	0
'6141308'	4	3	0	0
'6141310'	1	3	0	0
'6141310'	2	3	0	0
'6141310'	3	3	0	0
'6141310'	4	3	0	0
'6141312'	1	3	0	0
'6141312'	2	3	0	0
'6141312'	3	3	0	0
'6141312'	4	3	0	0
'6142038'	1	3	0.0000146663470081306	0.0000203180533476709
'6142038'	2	3	0.0000131765552723232	0.0000182541673678647
'6142038'	3	3	0.00000862905082363922	0.0000119542729268078
'6142038'	4	3	0.0000104700347676428	0.0000145046837391072
;

param riparianremoval_P1 : 'Grassed_Buffer' 'Forested_Buffer' :=
;

param runoff_coeff_urban : 'urban' :=
'166174961'	0.0752
'166174962'	0.05162
'166174963'	0.05045
'166174966'	0.07394
'24978249'	0.0572
'6139942'	0.0527
'6139944'	0.05324
'6139946'	0.05774
'6139948'	0.05783
'6139950'	0.05675
'6139952'	0.13874
'6139954'	0.06053
'6139956'	0.05999
'6139958'	0.05
'6139960'	0.05198
'6139964'	0.05198
'6139966'	0.0536
'6139968'	0.05864
'6139970'	0.11255
'6139972'	0.05216
'6139974'	0.05702
'6139976'	0.05288
'6139978'	0.05531
'6139980'	0.05324
'6139982'	0.0572
'6139988'	0.09266
'6139990'	0.05603
'6139992'	0.17762
'6139994'	0.07052
'6139996'	0.07817
'6139998'	0.07385
'6140000'	0.07025
'6140002'	0.07277
'6140004'	0.05738
'6140008'	0.086
'6140010'	0.09608
'6140012'	0.07124
'6140014'	0.07268
'6140016'	0.10058
'6140018'	0.05927
'6140020'	0.05
'6140022'	0.05288
'6140024'	0.06674
'6140026'	0.0707
'6140028'	0.05072
'6140030'	0.06305
'6140032'	0.05288
'6140034'	0.09734
'6140036'	0.0518
'6140038'	0.0554
'6140040'	0.11264
'6140042'	0.06548
'6140044'	0.059
'6140046'	0.10571
'6140048'	0.06143
'6140050'	0.10013
'6140052'	0.05
'6140054'	0.07844
'6140056'	0.13469
'6140058'	0.10274
'6140060'	0.07385
'6140062'	0.07745
'6140064'	0.11057
'6140066'	0.05
'6140068'	0.05
'6140070'	0.12011
'6140072'	0.19958
'6140074'	0.06188
'6140076'	0.05
'6140080'	0.06332
'6140082'	0.05351
'6140084'	0.25565
'6140086'	0.0545
'6140088'	0.35627
'6140090'	0.10508
'6140092'	0.06809
'6140094'	0.11858
'6140096'	0.05261
'6140098'	0.08033
'6140100'	0.08249
'6140102'	0.06125
'6140104'	0.09527
'6140106'	0.05072
'6140108'	0.05864
'6140110'	0.09491
'6140112'	0.06179
'6140114'	0.35276
'6140116'	0.1031
'6140118'	0.05261
'6140120'	0.08132
'6140122'	0.18041
'6140124'	0.0752
'6140126'	0.06692
'6140128'	0.05864
'6140130'	0.05972
'6140132'	0.08114
'6140134'	0.09698
'6140274'	0.05504
'6140276'	0.06161
'6140278'	0.05504
'6140280'	0.07763
'6140282'	0.06053
'6140284'	0.05351
'6140286'	0.05477
'6140288'	0.05783
'6140290'	0.05234
'6140292'	0.05306
'6140294'	0.06548
'6140296'	0.05819
'6140298'	0.05378
'6140300'	0.08519
'6140302'	0.06674
'6140304'	0.0734
'6140306'	0.05252
'6140308'	0.05702
'6140310'	0.11903
'6140312'	0.05306
'6140314'	0.05369
'6140316'	0.12632
'6140318'	0.05657
'6140320'	0.05
'6140322'	0.06107
'6140324'	0.05306
'6140326'	0.05
'6140328'	0.05216
'6140330'	0.09203
'6140332'	0.07376
'6140336'	0.06296
'6140338'	0.09149
'6140340'	0.05171
'6140342'	0.0563
'6140344'	0.05
'6140346'	0.08141
'6140348'	0.0518
'6140350'	0.0824
'6140352'	0.10067
'6140356'	0.05729
'6140358'	0.05
'6140360'	0.05108
'6140362'	0.07664
'6140364'	0.09392
'6140366'	0.11561
'6140368'	0.06287
'6140370'	0.05045
'6140372'	0.11588
'6140374'	0.07205
'6140376'	0.05891
'6140380'	0.05153
'6140382'	0.05756
'6140384'	0.12497
'6140386'	0.08276
'6140388'	0.05342
'6140390'	0.07214
'6140392'	0.07808
'6140394'	0.14981
'6140396'	0.05
'6140398'	0.10751
'6140402'	0.05072
'6140404'	0.18968
'6140406'	0.05171
'6140408'	0.10805
'6140410'	0.05
'6140414'	0.05
'6140416'	0.05
'6140418'	0.08015
'6140420'	0.05342
'6140422'	0.09194
'6140426'	0.11093
'6140428'	0.05108
'6140430'	0.1265
'6140432'	0.20813
'6140434'	0.05621
'6140436'	0.05
'6140438'	0.05576
'6140442'	0.05081
'6140444'	0.07232
'6140448'	0.07457
'6140450'	0.05
'6140452'	0.05441
'6140454'	0.05729
'6140456'	0.2984
'6140458'	0.06809
'6140460'	0.05108
'6140462'	0.06197
'6140464'	0.07358
'6140466'	0.05
'6140468'	0.07502
'6140470'	0.05
'6140752'	0.07637
'6140754'	0.09284
'6140758'	0.08609
'6140760'	0.09599
'6140762'	0.11111
'6140764'	0.05279
'6140766'	0.21659
'6140768'	0.05738
'6140770'	0.05162
'6140772'	0.0689
'6140778'	0.1265
'6140780'	0.06431
'6140782'	0.07187
'6140784'	0.10247
'6140786'	0.05549
'6140788'	0.06233
'6140794'	0.05774
'6140796'	0.05873
'6140798'	0.08996
'6140800'	0.14792
'6140804'	0.06413
'6140806'	0.06413
'6140808'	0.13496
'6140810'	0.11255
'6140814'	0.06305
'6140816'	0.05765
'6140818'	0.05927
'6140820'	0.05513
'6140822'	0.07223
'6140826'	0.06224
'6140830'	0.05
'6140832'	0.07241
'6140834'	0.07673
'6140836'	0.14567
'6140838'	0.05972
'6140842'	0.07754
'6140846'	0.05018
'6140848'	0.21191
'6140852'	0.11597
'6140854'	0.06296
'6140856'	0.28265
'6140858'	0.05693
'6140860'	0.10625
'6140864'	0.21146
'6140866'	0.07142
'6140868'	0.07862
'6140872'	0.05648
'6140874'	0.07826
'6140876'	0.14531
'6140878'	0.06017
'6140880'	0.0761
'6140882'	0.05
'6140884'	0.5675
'6140886'	0.06503
'6140888'	0.06845
'6140892'	0.15935
'6140894'	0.11687
'6140896'	0.0563
'6140900'	0.09113
'6140902'	0.08348
'6140904'	0.09077
'6140906'	0.12821
'6140908'	0.05981
'6140910'	0.19247
'6140914'	0.14063
'6140916'	0.09968
'6140918'	0.09374
'6140920'	0.17744
'6140924'	0.11111
'6140926'	0.0743
'6140928'	0.05
'6140930'	0.21074
'6140932'	0.21947
'6140934'	0.3956
'6140938'	0.20615
'6140940'	0.05
'6140942'	0.05
'6140944'	0.19103
'6140946'	0.42026
'6140948'	0.06836
'6140952'	0.45752
'6141024'	0.05
'6141030'	0.05216
'6141032'	0.09986
'6141034'	0.12551
'6141038'	0.11291
'6141042'	0.06872
'6141046'	0.05459
'6141050'	0.05414
'6141054'	0.0653
'6141056'	0.06854
'6141060'	0.08825
'6141062'	0.08213
'6141064'	0.12047
'6141066'	0.11966
'6141070'	0.06566
'6141074'	0.06503
'6141076'	0.08069
'6141084'	0.07007
'6141086'	0.06782
'6141090'	0.06422
'6141100'	0.07772
'6141104'	0.06548
'6141106'	0.11876
'6141108'	0.15332
'6141110'	0.10382
'6141112'	0.09635
'6141126'	0.07853
'6141128'	0.06863
'6141130'	0.12677
'6141148'	0.07583
'6141150'	0.05
'6141152'	0.05
'6141154'	0.05
'6141170'	0.05873
'6141176'	0.11597
'6141178'	0.14072
'6141180'	0.05072
'6141184'	0.05
'6141188'	0.20615
'6141196'	0.19652
'6141208'	0.09545
'6141210'	0.41828
'6141214'	0.19769
'6141218'	0.05855
'6141220'	0.05621
'6141228'	0.19337
'6141270'	0.07043
'6141274'	0.05
'6141306'	0.0626
'6141308'	0.12497
'6141310'	0.15053
'6141312'	0.05
'6142038'	0.06035
;

param ag_costs_capital : 'Conservation'  'Contour_Farming'  'Filterstrip'  'MIN_TILL'  'Ponds'  'Terrace_Waterway'  'Terrace_Only'  'Waterway_Only'  'Fert_20'  'Manure_Injection'  'Cover_crops' :=	
'166174961'	1.6510393	0.7706525	0	2.0489306	3636.7093375	258.9019131	31.6235595	227.2783536	2.8380117	4.188329	0
'166174962'	1.6510393	0.7706525	0	2.0489306	3636.7093375	258.9019131	31.6235595	227.2783536	2.8380117	4.188329	0
'166174963'	1.6510393	0.7706525	0	2.0489306	3636.7093375	258.9019131	31.6235595	227.2783536	2.8380117	4.188329	0
'166174966'	1.6300977	0.7622759	0	2.0380409	3604.2749175	259.6316875	32.3533339	227.2783536	2.7877518	4.188329	0
'24978249'	1.6510393	0.7706525	0	2.0489306	3636.7093375	258.9019131	31.6235595	227.2783536	2.8380117	4.188329	0
'6139942'	1.6510393	0.7706525	0	2.0489306	3636.7093375	258.9019131	31.6235595	227.2783536	2.8380117	4.188329	0
'6139944'	1.6510393	0.7706525	0	2.0489306	3636.7093375	258.9019131	31.6235595	227.2783536	2.8380117	4.188329	0
'6139946'	1.6300977	0.7622759	0	2.0380409	3604.2749175	259.6316875	32.3533339	227.2783536	2.7877518	4.188329	0
'6139948'	1.6510393	0.7706525	0	2.0489306	3636.7093375	258.9019131	31.6235595	227.2783536	2.8380117	4.188329	0
'6139950'	1.6510393	0.7706525	0	2.0489306	3636.7093375	258.9019131	31.6235595	227.2783536	2.8380117	4.188329	0
'6139952'	1.6300977	0.7622759	0	2.0380409	3604.2749175	259.6316875	32.3533339	227.2783536	2.7877518	4.188329	0
'6139954'	1.6510393	0.7706525	0	2.0489306	3636.7093375	258.9019131	31.6235595	227.2783536	2.8380117	4.188329	0
'6139956'	1.6510393	0.7706525	0	2.0489306	3636.7093375	258.9019131	31.6235595	227.2783536	2.8380117	4.188329	0
'6139958'	1.6510393	0.7706525	0	2.0489306	3636.7093375	258.9019131	31.6235595	227.2783536	2.8380117	4.188329	0
'6139960'	1.6510393	0.7706525	0	2.0489306	3636.7093375	258.9019131	31.6235595	227.2783536	2.8380117	4.188329	0
'6139964'	1.6510393	0.7706525	0	2.0489306	3636.7093375	258.9019131	31.6235595	227.2783536	2.8380117	4.188329	0
'6139966'	1.6510393	0.7706525	0	2.0489306	3636.7093375	258.9019131	31.6235595	227.2783536	2.8380117	4.188329	0
'6139968'	1.6510393	0.7706525	0	2.0489306	3636.7093375	258.9019131	31.6235595	227.2783536	2.8380117	4.188329	0
'6139970'	1.6510393	0.7706525	0	2.0489306	3636.7093375	258.9019131	31.6235595	227.2783536	2.8380117	4.188329	0
'6139972'	1.6510393	0.7706525	0	2.0489306	3636.7093375	258.9019131	31.6235595	227.2783536	2.8380117	4.188329	0
'6139974'	1.6510393	0.7706525	0	2.0489306	3636.7093375	258.9019131	31.6235595	227.2783536	2.8380117	4.188329	0
'6139976'	1.6510393	0.7706525	0	2.0489306	3636.7093375	258.9019131	31.6235595	227.2783536	2.8380117	4.188329	0
'6139978'	1.6510393	0.7706525	0	2.0489306	3636.7093375	258.9019131	31.6235595	227.2783536	2.8380117	4.188329	0
'6139980'	1.6510393	0.7706525	0	2.0489306	3636.7093375	258.9019131	31.6235595	227.2783536	2.8380117	4.188329	0
'6139982'	1.6510393	0.7706525	0	2.0489306	3636.7093375	258.9019131	31.6235595	227.2783536	2.8380117	4.188329	0
'6139988'	1.6510393	0.7706525	0	2.0489306	3636.7093375	258.9019131	31.6235595	227.2783536	2.8380117	4.188329	0
'6139990'	1.6510393	0.7706525	0	2.0489306	3636.7093375	258.9019131	31.6235595	227.2783536	2.8380117	4.188329	0
'6139992'	1.6510393	0.7706525	0	2.0489306	3636.7093375	258.9019131	31.6235595	227.2783536	2.8380117	4.188329	0
'6139994'	1.6510393	0.7706525	0	2.0489306	3636.7093375	258.9019131	31.6235595	227.2783536	2.8380117	4.188329	0
'6139996'	1.6510393	0.7706525	0	2.0489306	3636.7093375	258.9019131	31.6235595	227.2783536	2.8380117	4.188329	0
'6139998'	1.6510393	0.7706525	0	2.0489306	3636.7093375	258.9019131	31.6235595	227.2783536	2.8380117	4.188329	0
'6140000'	1.6510393	0.7706525	0	2.0489306	3636.7093375	258.9019131	31.6235595	227.2783536	2.8380117	4.188329	0
'6140002'	1.6510393	0.7706525	0	2.0489306	3636.7093375	258.9019131	31.6235595	227.2783536	2.8380117	4.188329	0
'6140004'	1.6510393	0.7706525	0	2.0489306	3636.7093375	258.9019131	31.6235595	227.2783536	2.8380117	4.188329	0
'6140008'	1.6510393	0.7706525	0	2.0489306	3636.7093375	258.9019131	31.6235595	227.2783536	2.8380117	4.188329	0
'6140010'	1.6510393	0.7706525	0	2.0489306	3636.7093375	258.9019131	31.6235595	227.2783536	2.8380117	4.188329	0
'6140012'	1.6510393	0.7706525	0	2.0489306	3636.7093375	258.9019131	31.6235595	227.2783536	2.8380117	4.188329	0
'6140014'	1.6510393	0.7706525	0	2.0489306	3636.7093375	258.9019131	31.6235595	227.2783536	2.8380117	4.188329	0
'6140016'	1.6510393	0.7706525	0	2.0489306	3636.7093375	258.9019131	31.6235595	227.2783536	2.8380117	4.188329	0
'6140018'	1.6510393	0.7706525	0	2.0489306	3636.7093375	258.9019131	31.6235595	227.2783536	2.8380117	4.188329	0
'6140020'	1.6510393	0.7706525	0	2.0489306	3636.7093375	258.9019131	31.6235595	227.2783536	2.8380117	4.188329	0
'6140022'	1.6510393	0.7706525	0	2.0489306	3636.7093375	258.9019131	31.6235595	227.2783536	2.8380117	4.188329	0
'6140024'	1.6510393	0.7706525	0	2.0489306	3636.7093375	258.9019131	31.6235595	227.2783536	2.8380117	4.188329	0
'6140026'	1.6510393	0.7706525	0	2.0489306	3636.7093375	258.9019131	31.6235595	227.2783536	2.8380117	4.188329	0
'6140028'	1.6510393	0.7706525	0	2.0489306	3636.7093375	258.9019131	31.6235595	227.2783536	2.8380117	4.188329	0
'6140030'	1.6510393	0.7706525	0	2.0489306	3636.7093375	258.9019131	31.6235595	227.2783536	2.8380117	4.188329	0
'6140032'	1.6300977	0.7622759	0	2.0380409	3604.2749175	259.6316875	32.3533339	227.2783536	2.7877518	4.188329	0
'6140034'	1.6510393	0.7706525	0	2.0489306	3636.7093375	258.9019131	31.6235595	227.2783536	2.8380117	4.188329	0
'6140036'	1.6300977	0.7622759	0	2.0380409	3604.2749175	259.6316875	32.3533339	227.2783536	2.7877518	4.188329	0
'6140038'	1.6510393	0.7706525	0	2.0489306	3636.7093375	258.9019131	31.6235595	227.2783536	2.8380117	4.188329	0
'6140040'	1.6510393	0.7706525	0	2.0489306	3636.7093375	258.9019131	31.6235595	227.2783536	2.8380117	4.188329	0
'6140042'	1.6510393	0.7706525	0	2.0489306	3636.7093375	258.9019131	31.6235595	227.2783536	2.8380117	4.188329	0
'6140044'	1.6510393	0.7706525	0	2.0489306	3636.7093375	258.9019131	31.6235595	227.2783536	2.8380117	4.188329	0
'6140046'	1.6510393	0.7706525	0	2.0489306	3636.7093375	258.9019131	31.6235595	227.2783536	2.8380117	4.188329	0
'6140048'	1.6510393	0.7706525	0	2.0489306	3636.7093375	258.9019131	31.6235595	227.2783536	2.8380117	4.188329	0
'6140050'	1.6510393	0.7706525	0	2.0489306	3636.7093375	258.9019131	31.6235595	227.2783536	2.8380117	4.188329	0
'6140052'	1.6300977	0.7622759	0	2.0380409	3604.2749175	259.6316875	32.3533339	227.2783536	2.7877518	4.188329	0
'6140054'	1.6510393	0.7706525	0	2.0489306	3636.7093375	258.9019131	31.6235595	227.2783536	2.8380117	4.188329	0
'6140056'	1.6510393	0.7706525	0	2.0489306	3636.7093375	258.9019131	31.6235595	227.2783536	2.8380117	4.188329	0
'6140058'	1.6510393	0.7706525	0	2.0489306	3636.7093375	258.9019131	31.6235595	227.2783536	2.8380117	4.188329	0
'6140060'	1.6510393	0.7706525	0	2.0489306	3636.7093375	258.9019131	31.6235595	227.2783536	2.8380117	4.188329	0
'6140062'	1.6510393	0.7706525	0	2.0489306	3636.7093375	258.9019131	31.6235595	227.2783536	2.8380117	4.188329	0
'6140064'	1.6510393	0.7706525	0	2.0489306	3636.7093375	258.9019131	31.6235595	227.2783536	2.8380117	4.188329	0
'6140066'	1.6300977	0.7622759	0	2.0380409	3604.2749175	259.6316875	32.3533339	227.2783536	2.7877518	4.188329	0
'6140068'	1.6300977	0.7622759	0	2.0380409	3604.2749175	259.6316875	32.3533339	227.2783536	2.7877518	4.188329	0
'6140070'	1.6510393	0.7706525	0	2.0489306	3636.7093375	258.9019131	31.6235595	227.2783536	2.8380117	4.188329	0
'6140072'	1.6510393	0.7706525	0	2.0489306	3636.7093375	258.9019131	31.6235595	227.2783536	2.8380117	4.188329	0
'6140074'	1.6510393	0.7706525	0	2.0489306	3636.7093375	258.9019131	31.6235595	227.2783536	2.8380117	4.188329	0
'6140076'	1.6510393	0.7706525	0	2.0489306	3636.7093375	258.9019131	31.6235595	227.2783536	2.8380117	4.188329	0
'6140080'	1.6510393	0.7706525	0	2.0489306	3636.7093375	258.9019131	31.6235595	227.2783536	2.8380117	4.188329	0
'6140082'	1.6510393	0.7706525	0	2.0489306	3636.7093375	258.9019131	31.6235595	227.2783536	2.8380117	4.188329	0
'6140084'	1.6510393	0.7706525	0	2.0489306	3636.7093375	258.9019131	31.6235595	227.2783536	2.8380117	4.188329	0
'6140086'	1.6510393	0.7706525	0	2.0489306	3636.7093375	258.9019131	31.6235595	227.2783536	2.8380117	4.188329	0
'6140088'	1.6510393	0.7706525	0	2.0489306	3636.7093375	258.9019131	31.6235595	227.2783536	2.8380117	4.188329	0
'6140090'	1.6510393	0.7706525	0	2.0489306	3636.7093375	258.9019131	31.6235595	227.2783536	2.8380117	4.188329	0
'6140092'	1.6510393	0.7706525	0	2.0489306	3636.7093375	258.9019131	31.6235595	227.2783536	2.8380117	4.188329	0
'6140094'	1.6510393	0.7706525	0	2.0489306	3636.7093375	258.9019131	31.6235595	227.2783536	2.8380117	4.188329	0
'6140096'	1.6510393	0.7706525	0	2.0489306	3636.7093375	258.9019131	31.6235595	227.2783536	2.8380117	4.188329	0
'6140098'	1.6510393	0.7706525	0	2.0489306	3636.7093375	258.9019131	31.6235595	227.2783536	2.8380117	4.188329	0
'6140100'	1.6510393	0.7706525	0	2.0489306	3636.7093375	258.9019131	31.6235595	227.2783536	2.8380117	4.188329	0
'6140102'	1.6510393	0.7706525	0	2.0489306	3636.7093375	258.9019131	31.6235595	227.2783536	2.8380117	4.188329	0
'6140104'	1.6510393	0.7706525	0	2.0489306	3636.7093375	258.9019131	31.6235595	227.2783536	2.8380117	4.188329	0
'6140106'	1.6300977	0.7622759	0	2.0380409	3604.2749175	259.6316875	32.3533339	227.2783536	2.7877518	4.188329	0
'6140108'	1.6300977	0.7622759	0	2.0380409	3604.2749175	259.6316875	32.3533339	227.2783536	2.7877518	4.188329	0
'6140110'	1.6510393	0.7706525	0	2.0489306	3636.7093375	258.9019131	31.6235595	227.2783536	2.8380117	4.188329	0
'6140112'	1.6510393	0.7706525	0	2.0489306	3636.7093375	258.9019131	31.6235595	227.2783536	2.8380117	4.188329	0
'6140114'	1.6510393	0.7706525	0	2.0489306	3636.7093375	258.9019131	31.6235595	227.2783536	2.8380117	4.188329	0
'6140116'	1.6510393	0.7706525	0	2.0489306	3636.7093375	258.9019131	31.6235595	227.2783536	2.8380117	4.188329	0
'6140118'	1.6300977	0.7622759	0	2.0380409	3604.2749175	259.6316875	32.3533339	227.2783536	2.7877518	4.188329	0
'6140120'	1.6510393	0.7706525	0	2.0489306	3636.7093375	258.9019131	31.6235595	227.2783536	2.8380117	4.188329	0
'6140122'	1.6510393	0.7706525	0	2.0489306	3636.7093375	258.9019131	31.6235595	227.2783536	2.8380117	4.188329	0
'6140124'	1.6510393	0.7706525	0	2.0489306	3636.7093375	258.9019131	31.6235595	227.2783536	2.8380117	4.188329	0
'6140126'	1.6510393	0.7706525	0	2.0489306	3636.7093375	258.9019131	31.6235595	227.2783536	2.8380117	4.188329	0
'6140128'	1.6510393	0.7706525	0	2.0489306	3636.7093375	258.9019131	31.6235595	227.2783536	2.8380117	4.188329	0
'6140130'	1.6510393	0.7706525	0	2.0489306	3636.7093375	258.9019131	31.6235595	227.2783536	2.8380117	4.188329	0
'6140132'	1.6510393	0.7706525	0	2.0489306	3636.7093375	258.9019131	31.6235595	227.2783536	2.8380117	4.188329	0
'6140134'	1.6510393	0.7706525	0	2.0489306	3636.7093375	258.9019131	31.6235595	227.2783536	2.8380117	4.188329	0
'6140274'	1.6300977	0.7622759	0	2.0380409	3604.2749175	259.6316875	32.3533339	227.2783536	2.7877518	4.188329	0
'6140276'	1.6510393	0.7706525	0	2.0489306	3636.7093375	258.9019131	31.6235595	227.2783536	2.8380117	4.188329	0
'6140278'	1.6510393	0.7706525	0	2.0489306	3636.7093375	258.9019131	31.6235595	227.2783536	2.8380117	4.188329	0
'6140280'	1.6510393	0.7706525	0	2.0489306	3636.7093375	258.9019131	31.6235595	227.2783536	2.8380117	4.188329	0
'6140282'	1.6510393	0.7706525	0	2.0489306	3636.7093375	258.9019131	31.6235595	227.2783536	2.8380117	4.188329	0
'6140284'	1.6510393	0.7706525	0	2.0489306	3636.7093375	258.9019131	31.6235595	227.2783536	2.8380117	4.188329	0
'6140286'	1.6510393	0.7706525	0	2.0489306	3636.7093375	258.9019131	31.6235595	227.2783536	2.8380117	4.188329	0
'6140288'	1.6510393	0.7706525	0	2.0489306	3636.7093375	258.9019131	31.6235595	227.2783536	2.8380117	4.188329	0
'6140290'	1.6510393	0.7706525	0	2.0489306	3636.7093375	258.9019131	31.6235595	227.2783536	2.8380117	4.188329	0
'6140292'	1.6510393	0.7706525	0	2.0489306	3636.7093375	258.9019131	31.6235595	227.2783536	2.8380117	4.188329	0
'6140294'	1.6510393	0.7706525	0	2.0489306	3636.7093375	258.9019131	31.6235595	227.2783536	2.8380117	4.188329	0
'6140296'	1.6510393	0.7706525	0	2.0489306	3636.7093375	258.9019131	31.6235595	227.2783536	2.8380117	4.188329	0
'6140298'	1.6510393	0.7706525	0	2.0489306	3636.7093375	258.9019131	31.6235595	227.2783536	2.8380117	4.188329	0
'6140300'	1.6510393	0.7706525	0	2.0489306	3636.7093375	258.9019131	31.6235595	227.2783536	2.8380117	4.188329	0
'6140302'	1.6510393	0.7706525	0	2.0489306	3636.7093375	258.9019131	31.6235595	227.2783536	2.8380117	4.188329	0
'6140304'	1.6510393	0.7706525	0	2.0489306	3636.7093375	258.9019131	31.6235595	227.2783536	2.8380117	4.188329	0
'6140306'	1.6510393	0.7706525	0	2.0489306	3636.7093375	258.9019131	31.6235595	227.2783536	2.8380117	4.188329	0
'6140308'	1.6510393	0.7706525	0	2.0489306	3636.7093375	258.9019131	31.6235595	227.2783536	2.8380117	4.188329	0
'6140310'	1.6510393	0.7706525	0	2.0489306	3636.7093375	258.9019131	31.6235595	227.2783536	2.8380117	4.188329	0
'6140312'	1.6510393	0.7706525	0	2.0489306	3636.7093375	258.9019131	31.6235595	227.2783536	2.8380117	4.188329	0
'6140314'	1.6510393	0.7706525	0	2.0489306	3636.7093375	258.9019131	31.6235595	227.2783536	2.8380117	4.188329	0
'6140316'	1.6510393	0.7706525	0	2.0489306	3636.7093375	258.9019131	31.6235595	227.2783536	2.8380117	4.188329	0
'6140318'	1.6510393	0.7706525	0	2.0489306	3636.7093375	258.9019131	31.6235595	227.2783536	2.8380117	4.188329	0
'6140320'	1.6510393	0.7706525	0	2.0489306	3636.7093375	258.9019131	31.6235595	227.2783536	2.8380117	4.188329	0
'6140322'	1.6510393	0.7706525	0	2.0489306	3636.7093375	258.9019131	31.6235595	227.2783536	2.8380117	4.188329	0
'6140324'	1.6510393	0.7706525	0	2.0489306	3636.7093375	258.9019131	31.6235595	227.2783536	2.8380117	4.188329	0
'6140326'	1.6510393	0.7706525	0	2.0489306	3636.7093375	258.9019131	31.6235595	227.2783536	2.8380117	4.188329	0
'6140328'	1.6510393	0.7706525	0	2.0489306	3636.7093375	258.9019131	31.6235595	227.2783536	2.8380117	4.188329	0
'6140330'	1.6510393	0.7706525	0	2.0489306	3636.7093375	258.9019131	31.6235595	227.2783536	2.8380117	4.188329	0
'6140332'	1.6510393	0.7706525	0	2.0489306	3636.7093375	258.9019131	31.6235595	227.2783536	2.8380117	4.188329	0
'6140336'	1.6510393	0.7706525	0	2.0489306	3636.7093375	258.9019131	31.6235595	227.2783536	2.8380117	4.188329	0
'6140338'	1.6300977	0.7622759	0	2.0380409	3604.2749175	259.6316875	32.3533339	227.2783536	2.7877518	4.188329	0
'6140340'	1.6510393	0.7706525	0	2.0489306	3636.7093375	258.9019131	31.6235595	227.2783536	2.8380117	4.188329	0
'6140342'	1.6300977	0.7622759	0	2.0380409	3604.2749175	259.6316875	32.3533339	227.2783536	2.7877518	4.188329	0
'6140344'	1.6300977	0.7622759	0	2.0380409	3604.2749175	259.6316875	32.3533339	227.2783536	2.7877518	4.188329	0
'6140346'	1.6510393	0.7706525	0	2.0489306	3636.7093375	258.9019131	31.6235595	227.2783536	2.8380117	4.188329	0
'6140348'	1.6300977	0.7622759	0	2.0380409	3604.2749175	259.6316875	32.3533339	227.2783536	2.7877518	4.188329	0
'6140350'	1.6510393	0.7706525	0	2.0489306	3636.7093375	258.9019131	31.6235595	227.2783536	2.8380117	4.188329	0
'6140352'	1.6510393	0.7706525	0	2.0489306	3636.7093375	258.9019131	31.6235595	227.2783536	2.8380117	4.188329	0
'6140356'	1.6510393	0.7706525	0	2.0489306	3636.7093375	258.9019131	31.6235595	227.2783536	2.8380117	4.188329	0
'6140358'	1.6510393	0.7706525	0	2.0489306	3636.7093375	258.9019131	31.6235595	227.2783536	2.8380117	4.188329	0
'6140360'	1.6510393	0.7706525	0	2.0489306	3636.7093375	258.9019131	31.6235595	227.2783536	2.8380117	4.188329	0
'6140362'	1.6510393	0.7706525	0	2.0489306	3636.7093375	258.9019131	31.6235595	227.2783536	2.8380117	4.188329	0
'6140364'	1.6510393	0.7706525	0	2.0489306	3636.7093375	258.9019131	31.6235595	227.2783536	2.8380117	4.188329	0
'6140366'	1.6510393	0.7706525	0	2.0489306	3636.7093375	258.9019131	31.6235595	227.2783536	2.8380117	4.188329	0
'6140368'	1.6510393	0.7706525	0	2.0489306	3636.7093375	258.9019131	31.6235595	227.2783536	2.8380117	4.188329	0
'6140370'	1.6510393	0.7706525	0	2.0489306	3636.7093375	258.9019131	31.6235595	227.2783536	2.8380117	4.188329	0
'6140372'	1.6510393	0.7706525	0	2.0489306	3636.7093375	258.9019131	31.6235595	227.2783536	2.8380117	4.188329	0
'6140374'	1.6510393	0.7706525	0	2.0489306	3636.7093375	258.9019131	31.6235595	227.2783536	2.8380117	4.188329	0
'6140376'	1.6510393	0.7706525	0	2.0489306	3636.7093375	258.9019131	31.6235595	227.2783536	2.8380117	4.188329	0
'6140380'	1.6510393	0.7706525	0	2.0489306	3636.7093375	258.9019131	31.6235595	227.2783536	2.8380117	4.188329	0
'6140382'	1.6510393	0.7706525	0	2.0489306	3636.7093375	258.9019131	31.6235595	227.2783536	2.8380117	4.188329	0
'6140384'	1.6510393	0.7706525	0	2.0489306	3636.7093375	258.9019131	31.6235595	227.2783536	2.8380117	4.188329	0
'6140386'	1.6510393	0.7706525	0	2.0489306	3636.7093375	258.9019131	31.6235595	227.2783536	2.8380117	4.188329	0
'6140388'	1.6510393	0.7706525	0	2.0489306	3636.7093375	258.9019131	31.6235595	227.2783536	2.8380117	4.188329	0
'6140390'	1.6510393	0.7706525	0	2.0489306	3636.7093375	258.9019131	31.6235595	227.2783536	2.8380117	4.188329	0
'6140392'	1.6510393	0.7706525	0	2.0489306	3636.7093375	258.9019131	31.6235595	227.2783536	2.8380117	4.188329	0
'6140394'	1.6510393	0.7706525	0	2.0489306	3636.7093375	258.9019131	31.6235595	227.2783536	2.8380117	4.188329	0
'6140396'	1.6510393	0.7706525	0	2.0489306	3636.7093375	258.9019131	31.6235595	227.2783536	2.8380117	4.188329	0
'6140398'	1.6510393	0.7706525	0	2.0489306	3636.7093375	258.9019131	31.6235595	227.2783536	2.8380117	4.188329	0
'6140402'	1.6510393	0.7706525	0	2.0489306	3636.7093375	258.9019131	31.6235595	227.2783536	2.8380117	4.188329	0
'6140404'	1.6510393	0.7706525	0	2.0489306	3636.7093375	258.9019131	31.6235595	227.2783536	2.8380117	4.188329	0
'6140406'	1.6510393	0.7706525	0	2.0489306	3636.7093375	258.9019131	31.6235595	227.2783536	2.8380117	4.188329	0
'6140408'	1.6510393	0.7706525	0	2.0489306	3636.7093375	258.9019131	31.6235595	227.2783536	2.8380117	4.188329	0
'6140410'	1.6510393	0.7706525	0	2.0489306	3636.7093375	258.9019131	31.6235595	227.2783536	2.8380117	4.188329	0
'6140414'	1.6300977	0.7622759	0	2.0380409	3604.2749175	259.6316875	32.3533339	227.2783536	2.7877518	4.188329	0
'6140416'	1.6300977	0.7622759	0	2.0380409	3604.2749175	259.6316875	32.3533339	227.2783536	2.7877518	4.188329	0
'6140418'	1.6510393	0.7706525	0	2.0489306	3636.7093375	258.9019131	31.6235595	227.2783536	2.8380117	4.188329	0
'6140420'	1.6510393	0.7706525	0	2.0489306	3636.7093375	258.9019131	31.6235595	227.2783536	2.8380117	4.188329	0
'6140422'	1.6510393	0.7706525	0	2.0489306	3636.7093375	258.9019131	31.6235595	227.2783536	2.8380117	4.188329	0
'6140426'	1.6510393	0.7706525	0	2.0489306	3636.7093375	258.9019131	31.6235595	227.2783536	2.8380117	4.188329	0
'6140428'	1.6300977	0.7622759	0	2.0380409	3604.2749175	259.6316875	32.3533339	227.2783536	2.7877518	4.188329	0
'6140430'	1.6510393	0.7706525	0	2.0489306	3636.7093375	258.9019131	31.6235595	227.2783536	2.8380117	4.188329	0
'6140432'	1.6510393	0.7706525	0	2.0489306	3636.7093375	258.9019131	31.6235595	227.2783536	2.8380117	4.188329	0
'6140434'	1.6300977	0.7622759	0	2.0380409	3604.2749175	259.6316875	32.3533339	227.2783536	2.7877518	4.188329	0
'6140436'	1.6510393	0.7706525	0	2.0489306	3636.7093375	258.9019131	31.6235595	227.2783536	2.8380117	4.188329	0
'6140438'	1.6510393	0.7706525	0	2.0489306	3636.7093375	258.9019131	31.6235595	227.2783536	2.8380117	4.188329	0
'6140442'	1.6510393	0.7706525	0	2.0489306	3636.7093375	258.9019131	31.6235595	227.2783536	2.8380117	4.188329	0
'6140444'	1.6510393	0.7706525	0	2.0489306	3636.7093375	258.9019131	31.6235595	227.2783536	2.8380117	4.188329	0
'6140448'	1.6510393	0.7706525	0	2.0489306	3636.7093375	258.9019131	31.6235595	227.2783536	2.8380117	4.188329	0
'6140450'	1.6510393	0.7706525	0	2.0489306	3636.7093375	258.9019131	31.6235595	227.2783536	2.8380117	4.188329	0
'6140452'	1.6510393	0.7706525	0	2.0489306	3636.7093375	258.9019131	31.6235595	227.2783536	2.8380117	4.188329	0
'6140454'	1.6300977	0.7622759	0	2.0380409	3604.2749175	259.6316875	32.3533339	227.2783536	2.7877518	4.188329	0
'6140456'	1.6510393	0.7706525	0	2.0489306	3636.7093375	258.9019131	31.6235595	227.2783536	2.8380117	4.188329	0
'6140458'	1.6510393	0.7706525	0	2.0489306	3636.7093375	258.9019131	31.6235595	227.2783536	2.8380117	4.188329	0
'6140460'	1.6300977	0.7622759	0	2.0380409	3604.2749175	259.6316875	32.3533339	227.2783536	2.7877518	4.188329	0
'6140462'	1.6300977	0.7622759	0	2.0380409	3604.2749175	259.6316875	32.3533339	227.2783536	2.7877518	4.188329	0
'6140464'	1.6510393	0.7706525	0	2.0489306	3636.7093375	258.9019131	31.6235595	227.2783536	2.8380117	4.188329	0
'6140466'	1.6510393	0.7706525	0	2.0489306	3636.7093375	258.9019131	31.6235595	227.2783536	2.8380117	4.188329	0
'6140468'	1.6510393	0.7706525	0	2.0489306	3636.7093375	258.9019131	31.6235595	227.2783536	2.8380117	4.188329	0
'6140470'	1.6510393	0.7706525	0	2.0489306	3636.7093375	258.9019131	31.6235595	227.2783536	2.8380117	4.188329	0
'6140752'	1.6510393	0.7706525	0	2.0489306	3636.7093375	258.9019131	31.6235595	227.2783536	2.8380117	4.188329	0
'6140754'	1.6510393	0.7706525	0	2.0489306	3636.7093375	258.9019131	31.6235595	227.2783536	2.8380117	4.188329	0
'6140758'	1.6510393	0.7706525	0	2.0489306	3636.7093375	258.9019131	31.6235595	227.2783536	2.8380117	4.188329	0
'6140760'	1.6510393	0.7706525	0	2.0489306	3636.7093375	258.9019131	31.6235595	227.2783536	2.8380117	4.188329	0
'6140762'	1.6510393	0.7706525	0	2.0489306	3636.7093375	258.9019131	31.6235595	227.2783536	2.8380117	4.188329	0
'6140764'	1.6510393	0.7706525	0	2.0489306	3636.7093375	258.9019131	31.6235595	227.2783536	2.8380117	4.188329	0
'6140766'	1.6510393	0.7706525	0	2.0489306	3636.7093375	258.9019131	31.6235595	227.2783536	2.8380117	4.188329	0
'6140768'	1.6300977	0.7622759	0	2.0380409	3604.2749175	259.6316875	32.3533339	227.2783536	2.7877518	4.188329	0
'6140770'	1.6300977	0.7622759	0	2.0380409	3604.2749175	259.6316875	32.3533339	227.2783536	2.7877518	4.188329	0
'6140772'	1.6510393	0.7706525	0	2.0489306	3636.7093375	258.9019131	31.6235595	227.2783536	2.8380117	4.188329	0
'6140778'	1.6510393	0.7706525	0	2.0489306	3636.7093375	258.9019131	31.6235595	227.2783536	2.8380117	4.188329	0
'6140780'	1.6300977	0.7622759	0	2.0380409	3604.2749175	259.6316875	32.3533339	227.2783536	2.7877518	4.188329	0
'6140782'	1.6510393	0.7706525	0	2.0489306	3636.7093375	258.9019131	31.6235595	227.2783536	2.8380117	4.188329	0
'6140784'	1.6510393	0.7706525	0	2.0489306	3636.7093375	258.9019131	31.6235595	227.2783536	2.8380117	4.188329	0
'6140786'	1.6300977	0.7622759	0	2.0380409	3604.2749175	259.6316875	32.3533339	227.2783536	2.7877518	4.188329	0
'6140788'	1.6300977	0.7622759	0	2.0380409	3604.2749175	259.6316875	32.3533339	227.2783536	2.7877518	4.188329	0
'6140794'	1.6510393	0.7706525	0	2.0489306	3636.7093375	258.9019131	31.6235595	227.2783536	2.8380117	4.188329	0
'6140796'	1.6300977	0.7622759	0	2.0380409	3604.2749175	259.6316875	32.3533339	227.2783536	2.7877518	4.188329	0
'6140798'	1.6510393	0.7706525	0	2.0489306	3636.7093375	258.9019131	31.6235595	227.2783536	2.8380117	4.188329	0
'6140800'	1.6510393	0.7706525	0	2.0489306	3636.7093375	258.9019131	31.6235595	227.2783536	2.8380117	4.188329	0
'6140804'	1.6510393	0.7706525	0	2.0489306	3636.7093375	258.9019131	31.6235595	227.2783536	2.8380117	4.188329	0
'6140806'	1.6300977	0.7622759	0	2.0380409	3604.2749175	259.6316875	32.3533339	227.2783536	2.7877518	4.188329	0
'6140808'	1.6510393	0.7706525	0	2.0489306	3636.7093375	258.9019131	31.6235595	227.2783536	2.8380117	4.188329	0
'6140810'	1.6300977	0.7622759	0	2.0380409	3604.2749175	259.6316875	32.3533339	227.2783536	2.7877518	4.188329	0
'6140814'	1.6300977	0.7622759	0	2.0380409	3604.2749175	259.6316875	32.3533339	227.2783536	2.7877518	4.188329	0
'6140816'	1.6510393	0.7706525	0	2.0489306	3636.7093375	258.9019131	31.6235595	227.2783536	2.8380117	4.188329	0
'6140818'	1.6300977	0.7622759	0	2.0380409	3604.2749175	259.6316875	32.3533339	227.2783536	2.7877518	4.188329	0
'6140820'	1.6300977	0.7622759	0	2.0380409	3604.2749175	259.6316875	32.3533339	227.2783536	2.7877518	4.188329	0
'6140822'	1.6300977	0.7622759	0	2.0380409	3604.2749175	259.6316875	32.3533339	227.2783536	2.7877518	4.188329	0
'6140826'	1.6300977	0.7622759	0	2.0380409	3604.2749175	259.6316875	32.3533339	227.2783536	2.7877518	4.188329	0
'6140830'	1.6510393	0.7706525	0	2.0489306	3636.7093375	258.9019131	31.6235595	227.2783536	2.8380117	4.188329	0
'6140832'	1.6300977	0.7622759	0	2.0380409	3604.2749175	259.6316875	32.3533339	227.2783536	2.7877518	4.188329	0
'6140834'	1.6300977	0.7622759	0	2.0380409	3604.2749175	259.6316875	32.3533339	227.2783536	2.7877518	4.188329	0
'6140836'	1.6510393	0.7706525	0	2.0489306	3636.7093375	258.9019131	31.6235595	227.2783536	2.8380117	4.188329	0
'6140838'	1.6300977	0.7622759	0	2.0380409	3604.2749175	259.6316875	32.3533339	227.2783536	2.7877518	4.188329	0
'6140842'	1.6510393	0.7706525	0	2.0489306	3636.7093375	258.9019131	31.6235595	227.2783536	2.8380117	4.188329	0
'6140846'	1.6300977	0.7622759	0	2.0380409	3604.2749175	259.6316875	32.3533339	227.2783536	2.7877518	4.188329	0
'6140848'	1.6300977	0.7622759	0	2.0380409	3604.2749175	259.6316875	32.3533339	227.2783536	2.7877518	4.188329	0
'6140852'	1.6510393	0.7706525	0	2.0489306	3636.7093375	258.9019131	31.6235595	227.2783536	2.8380117	4.188329	0
'6140854'	1.6300977	0.7622759	0	2.0380409	3604.2749175	259.6316875	32.3533339	227.2783536	2.7877518	4.188329	0
'6140856'	1.6510393	0.7706525	0	2.0489306	3636.7093375	258.9019131	31.6235595	227.2783536	2.8380117	4.188329	0
'6140858'	1.6300977	0.7622759	0	2.0380409	3604.2749175	259.6316875	32.3533339	227.2783536	2.7877518	4.188329	0
'6140860'	1.6300977	0.7622759	0	2.0380409	3604.2749175	259.6316875	32.3533339	227.2783536	2.7877518	4.188329	0
'6140864'	1.6300977	0.7622759	0	2.0380409	3604.2749175	259.6316875	32.3533339	227.2783536	2.7877518	4.188329	0
'6140866'	1.6510393	0.7706525	0	2.0489306	3636.7093375	258.9019131	31.6235595	227.2783536	2.8380117	4.188329	0
'6140868'	1.6510393	0.7706525	0	2.0489306	3636.7093375	258.9019131	31.6235595	227.2783536	2.8380117	4.188329	0
'6140872'	1.6510393	0.7706525	0	2.0489306	3636.7093375	258.9019131	31.6235595	227.2783536	2.8380117	4.188329	0
'6140874'	1.6300977	0.7622759	0	2.0380409	3604.2749175	259.6316875	32.3533339	227.2783536	2.7877518	4.188329	0
'6140876'	1.6300977	0.7622759	0	2.0380409	3604.2749175	259.6316875	32.3533339	227.2783536	2.7877518	4.188329	0
'6140878'	1.6300977	0.7622759	0	2.0380409	3604.2749175	259.6316875	32.3533339	227.2783536	2.7877518	4.188329	0
'6140880'	1.6300977	0.7622759	0	2.0380409	3604.2749175	259.6316875	32.3533339	227.2783536	2.7877518	4.188329	0
'6140882'	1.6510393	0.7706525	0	2.0489306	3636.7093375	258.9019131	31.6235595	227.2783536	2.8380117	4.188329	0
'6140884'	1.6510393	0.7706525	0	2.0489306	3636.7093375	258.9019131	31.6235595	227.2783536	2.8380117	4.188329	0
'6140886'	1.6510393	0.7706525	0	2.0489306	3636.7093375	258.9019131	31.6235595	227.2783536	2.8380117	4.188329	0
'6140888'	1.6510393	0.7706525	0	2.0489306	3636.7093375	258.9019131	31.6235595	227.2783536	2.8380117	4.188329	0
'6140892'	1.6510393	0.7706525	0	2.0489306	3636.7093375	258.9019131	31.6235595	227.2783536	2.8380117	4.188329	0
'6140894'	1.6510393	0.7706525	0	2.0489306	3636.7093375	258.9019131	31.6235595	227.2783536	2.8380117	4.188329	0
'6140896'	1.6300977	0.7622759	0	2.0380409	3604.2749175	259.6316875	32.3533339	227.2783536	2.7877518	4.188329	0
'6140900'	1.6300977	0.7622759	0	2.0380409	3604.2749175	259.6316875	32.3533339	227.2783536	2.7877518	4.188329	0
'6140902'	1.6300977	0.7622759	0	2.0380409	3604.2749175	259.6316875	32.3533339	227.2783536	2.7877518	4.188329	0
'6140904'	1.6300977	0.7622759	0	2.0380409	3604.2749175	259.6316875	32.3533339	227.2783536	2.7877518	4.188329	0
'6140906'	1.6300977	0.7622759	0	2.0380409	3604.2749175	259.6316875	32.3533339	227.2783536	2.7877518	4.188329	0
'6140908'	1.6300977	0.7622759	0	2.0380409	3604.2749175	259.6316875	32.3533339	227.2783536	2.7877518	4.188329	0
'6140910'	1.6510393	0.7706525	0	2.0489306	3636.7093375	258.9019131	31.6235595	227.2783536	2.8380117	4.188329	0
'6140914'	1.6510393	0.7706525	0	2.0489306	3636.7093375	258.9019131	31.6235595	227.2783536	2.8380117	4.188329	0
'6140916'	1.6510393	0.7706525	0	2.0489306	3636.7093375	258.9019131	31.6235595	227.2783536	2.8380117	4.188329	0
'6140918'	1.6300977	0.7622759	0	2.0380409	3604.2749175	259.6316875	32.3533339	227.2783536	2.7877518	4.188329	0
'6140920'	1.6300977	0.7622759	0	2.0380409	3604.2749175	259.6316875	32.3533339	227.2783536	2.7877518	4.188329	0
'6140924'	1.6300977	0.7622759	0	2.0380409	3604.2749175	259.6316875	32.3533339	227.2783536	2.7877518	4.188329	0
'6140926'	1.6510393	0.7706525	0	2.0489306	3636.7093375	258.9019131	31.6235595	227.2783536	2.8380117	4.188329	0
'6140928'	1.6510393	0.7706525	0	2.0489306	3636.7093375	258.9019131	31.6235595	227.2783536	2.8380117	4.188329	0
'6140930'	1.6510393	0.7706525	0	2.0489306	3636.7093375	258.9019131	31.6235595	227.2783536	2.8380117	4.188329	0
'6140932'	1.6300977	0.7622759	0	2.0380409	3604.2749175	259.6316875	32.3533339	227.2783536	2.7877518	4.188329	0
'6140934'	1.6300977	0.7622759	0	2.0380409	3604.2749175	259.6316875	32.3533339	227.2783536	2.7877518	4.188329	0
'6140938'	1.6300977	0.7622759	0	2.0380409	3604.2749175	259.6316875	32.3533339	227.2783536	2.7877518	4.188329	0
'6140940'	1.6300977	0.7622759	0	2.0380409	3604.2749175	259.6316875	32.3533339	227.2783536	2.7877518	4.188329	0
'6140942'	1.6300977	0.7622759	0	2.0380409	3604.2749175	259.6316875	32.3533339	227.2783536	2.7877518	4.188329	0
'6140944'	1.6300977	0.7622759	0	2.0380409	3604.2749175	259.6316875	32.3533339	227.2783536	2.7877518	4.188329	0
'6140946'	1.6510393	0.7706525	0	2.0489306	3636.7093375	258.9019131	31.6235595	227.2783536	2.8380117	4.188329	0
'6140948'	1.6510393	0.7706525	0	2.0489306	3636.7093375	258.9019131	31.6235595	227.2783536	2.8380117	4.188329	0
'6140952'	1.6300977	0.7622759	0	2.0380409	3604.2749175	259.6316875	32.3533339	227.2783536	2.7877518	4.188329	0
'6141024'	1.6510393	0.7706525	0	2.0489306	3636.7093375	258.9019131	31.6235595	227.2783536	2.8380117	4.188329	0
'6141030'	1.6510393	0.7706525	0	2.0489306	3636.7093375	258.9019131	31.6235595	227.2783536	2.8380117	4.188329	0
'6141032'	1.6510393	0.7706525	0	2.0489306	3636.7093375	258.9019131	31.6235595	227.2783536	2.8380117	4.188329	0
'6141034'	1.6510393	0.7706525	0	2.0489306	3636.7093375	258.9019131	31.6235595	227.2783536	2.8380117	4.188329	0
'6141038'	1.6510393	0.7706525	0	2.0489306	3636.7093375	258.9019131	31.6235595	227.2783536	2.8380117	4.188329	0
'6141042'	1.6510393	0.7706525	0	2.0489306	3636.7093375	258.9019131	31.6235595	227.2783536	2.8380117	4.188329	0
'6141046'	1.6510393	0.7706525	0	2.0489306	3636.7093375	258.9019131	31.6235595	227.2783536	2.8380117	4.188329	0
'6141050'	1.6300977	0.7622759	0	2.0380409	3604.2749175	259.6316875	32.3533339	227.2783536	2.7877518	4.188329	0
'6141054'	1.6510393	0.7706525	0	2.0489306	3636.7093375	258.9019131	31.6235595	227.2783536	2.8380117	4.188329	0
'6141056'	1.6510393	0.7706525	0	2.0489306	3636.7093375	258.9019131	31.6235595	227.2783536	2.8380117	4.188329	0
'6141060'	1.6510393	0.7706525	0	2.0489306	3636.7093375	258.9019131	31.6235595	227.2783536	2.8380117	4.188329	0
'6141062'	1.6510393	0.7706525	0	2.0489306	3636.7093375	258.9019131	31.6235595	227.2783536	2.8380117	4.188329	0
'6141064'	1.6510393	0.7706525	0	2.0489306	3636.7093375	258.9019131	31.6235595	227.2783536	2.8380117	4.188329	0
'6141066'	1.6510393	0.7706525	0	2.0489306	3636.7093375	258.9019131	31.6235595	227.2783536	2.8380117	4.188329	0
'6141070'	1.6510393	0.7706525	0	2.0489306	3636.7093375	258.9019131	31.6235595	227.2783536	2.8380117	4.188329	0
'6141074'	1.6510393	0.7706525	0	2.0489306	3636.7093375	258.9019131	31.6235595	227.2783536	2.8380117	4.188329	0
'6141076'	1.6510393	0.7706525	0	2.0489306	3636.7093375	258.9019131	31.6235595	227.2783536	2.8380117	4.188329	0
'6141084'	1.6510393	0.7706525	0	2.0489306	3636.7093375	258.9019131	31.6235595	227.2783536	2.8380117	4.188329	0
'6141086'	1.6510393	0.7706525	0	2.0489306	3636.7093375	258.9019131	31.6235595	227.2783536	2.8380117	4.188329	0
'6141090'	1.6510393	0.7706525	0	2.0489306	3636.7093375	258.9019131	31.6235595	227.2783536	2.8380117	4.188329	0
'6141100'	1.6510393	0.7706525	0	2.0489306	3636.7093375	258.9019131	31.6235595	227.2783536	2.8380117	4.188329	0
'6141104'	1.6510393	0.7706525	0	2.0489306	3636.7093375	258.9019131	31.6235595	227.2783536	2.8380117	4.188329	0
'6141106'	1.6510393	0.7706525	0	2.0489306	3636.7093375	258.9019131	31.6235595	227.2783536	2.8380117	4.188329	0
'6141108'	1.6510393	0.7706525	0	2.0489306	3636.7093375	258.9019131	31.6235595	227.2783536	2.8380117	4.188329	0
'6141110'	1.6510393	0.7706525	0	2.0489306	3636.7093375	258.9019131	31.6235595	227.2783536	2.8380117	4.188329	0
'6141112'	1.6510393	0.7706525	0	2.0489306	3636.7093375	258.9019131	31.6235595	227.2783536	2.8380117	4.188329	0
'6141126'	1.6510393	0.7706525	0	2.0489306	3636.7093375	258.9019131	31.6235595	227.2783536	2.8380117	4.188329	0
'6141128'	1.6510393	0.7706525	0	2.0489306	3636.7093375	258.9019131	31.6235595	227.2783536	2.8380117	4.188329	0
'6141130'	1.6510393	0.7706525	0	2.0489306	3636.7093375	258.9019131	31.6235595	227.2783536	2.8380117	4.188329	0
'6141148'	1.6510393	0.7706525	0	2.0489306	3636.7093375	258.9019131	31.6235595	227.2783536	2.8380117	4.188329	0
'6141150'	1.6510393	0.7706525	0	2.0489306	3636.7093375	258.9019131	31.6235595	227.2783536	2.8380117	4.188329	0
'6141152'	1.6510393	0.7706525	0	2.0489306	3636.7093375	258.9019131	31.6235595	227.2783536	2.8380117	4.188329	0
'6141154'	1.6510393	0.7706525	0	2.0489306	3636.7093375	258.9019131	31.6235595	227.2783536	2.8380117	4.188329	0
'6141170'	1.6510393	0.7706525	0	2.0489306	3636.7093375	258.9019131	31.6235595	227.2783536	2.8380117	4.188329	0
'6141176'	1.6510393	0.7706525	0	2.0489306	3636.7093375	258.9019131	31.6235595	227.2783536	2.8380117	4.188329	0
'6141178'	1.6510393	0.7706525	0	2.0489306	3636.7093375	258.9019131	31.6235595	227.2783536	2.8380117	4.188329	0
'6141180'	1.6300977	0.7622759	0	2.0380409	3604.2749175	259.6316875	32.3533339	227.2783536	2.7877518	4.188329	0
'6141184'	1.6510393	0.7706525	0	2.0489306	3636.7093375	258.9019131	31.6235595	227.2783536	2.8380117	4.188329	0
'6141188'	1.6300977	0.7622759	0	2.0380409	3604.2749175	259.6316875	32.3533339	227.2783536	2.7877518	4.188329	0
'6141196'	1.6510393	0.7706525	0	2.0489306	3636.7093375	258.9019131	31.6235595	227.2783536	2.8380117	4.188329	0
'6141208'	1.6510393	0.7706525	0	2.0489306	3636.7093375	258.9019131	31.6235595	227.2783536	2.8380117	4.188329	0
'6141210'	1.6300977	0.7622759	0	2.0380409	3604.2749175	259.6316875	32.3533339	227.2783536	2.7877518	4.188329	0
'6141214'	1.6300977	0.7622759	0	2.0380409	3604.2749175	259.6316875	32.3533339	227.2783536	2.7877518	4.188329	0
'6141218'	1.6510393	0.7706525	0	2.0489306	3636.7093375	258.9019131	31.6235595	227.2783536	2.8380117	4.188329	0
'6141220'	1.6300977	0.7622759	0	2.0380409	3604.2749175	259.6316875	32.3533339	227.2783536	2.7877518	4.188329	0
'6141228'	1.6510393	0.7706525	0	2.0489306	3636.7093375	258.9019131	31.6235595	227.2783536	2.8380117	4.188329	0
'6141270'	1.6510393	0.7706525	0	2.0489306	3636.7093375	258.9019131	31.6235595	227.2783536	2.8380117	4.188329	0
'6141274'	1.6510393	0.7706525	0	2.0489306	3636.7093375	258.9019131	31.6235595	227.2783536	2.8380117	4.188329	0
'6141306'	1.6510393	0.7706525	0	2.0489306	3636.7093375	258.9019131	31.6235595	227.2783536	2.8380117	4.188329	0
'6141308'	1.6510393	0.7706525	0	2.0489306	3636.7093375	258.9019131	31.6235595	227.2783536	2.8380117	4.188329	0
'6141310'	1.6510393	0.7706525	0	2.0489306	3636.7093375	258.9019131	31.6235595	227.2783536	2.8380117	4.188329	0
'6141312'	1.6510393	0.7706525	0	2.0489306	3636.7093375	258.9019131	31.6235595	227.2783536	2.8380117	4.188329	0
'6142038'	1.6300977	0.7622759	0	2.0380409	3604.2749175	259.6316875	32.3533339	227.2783536	2.7877518	4.188329	0
;

param ag_costs_operations : 'Conservation'  'Contour_Farming'  'Filterstrip'  'MIN_TILL'  'Ponds'  'Terrace_Waterway'  'Terrace_Only'  'Waterway_Only'  'Fert_20'  'Manure_Injection'  'Cover_crops' :=	
'166174961'	0	0	143.7809	0	0	0	0	0	0	0	1232.5774
'166174962'	0	0	143.7809	0	0	0	0	0	0	0	1232.5774
'166174963'	0	0	143.7809	0	0	0	0	0	0	0	1232.5774
'166174966'	0	0	143.773	0	0	0	0	0	0	0	1147.075
'24978249'	0	0	143.7809	0	0	0	0	0	0	0	1232.5774
'6139942'	0	0	143.7809	0	0	0	0	0	0	0	1232.5774
'6139944'	0	0	143.7809	0	0	0	0	0	0	0	1232.5774
'6139946'	0	0	143.773	0	0	0	0	0	0	0	1147.075
'6139948'	0	0	143.7809	0	0	0	0	0	0	0	1232.5774
'6139950'	0	0	143.7809	0	0	0	0	0	0	0	1232.5774
'6139952'	0	0	143.773	0	0	0	0	0	0	0	1147.075
'6139954'	0	0	143.7809	0	0	0	0	0	0	0	1232.5774
'6139956'	0	0	143.7809	0	0	0	0	0	0	0	1232.5774
'6139958'	0	0	143.7809	0	0	0	0	0	0	0	1232.5774
'6139960'	0	0	143.7809	0	0	0	0	0	0	0	1232.5774
'6139964'	0	0	143.7809	0	0	0	0	0	0	0	1232.5774
'6139966'	0	0	143.7809	0	0	0	0	0	0	0	1232.5774
'6139968'	0	0	143.7809	0	0	0	0	0	0	0	1232.5774
'6139970'	0	0	143.7809	0	0	0	0	0	0	0	1232.5774
'6139972'	0	0	143.7809	0	0	0	0	0	0	0	1232.5774
'6139974'	0	0	143.7809	0	0	0	0	0	0	0	1232.5774
'6139976'	0	0	143.7809	0	0	0	0	0	0	0	1232.5774
'6139978'	0	0	143.7809	0	0	0	0	0	0	0	1232.5774
'6139980'	0	0	143.7809	0	0	0	0	0	0	0	1232.5774
'6139982'	0	0	143.7809	0	0	0	0	0	0	0	1232.5774
'6139988'	0	0	143.7809	0	0	0	0	0	0	0	1232.5774
'6139990'	0	0	143.7809	0	0	0	0	0	0	0	1232.5774
'6139992'	0	0	143.7809	0	0	0	0	0	0	0	1232.5774
'6139994'	0	0	143.7809	0	0	0	0	0	0	0	1232.5774
'6139996'	0	0	143.7809	0	0	0	0	0	0	0	1232.5774
'6139998'	0	0	143.7809	0	0	0	0	0	0	0	1232.5774
'6140000'	0	0	143.7809	0	0	0	0	0	0	0	1232.5774
'6140002'	0	0	143.7809	0	0	0	0	0	0	0	1232.5774
'6140004'	0	0	143.7809	0	0	0	0	0	0	0	1232.5774
'6140008'	0	0	143.7809	0	0	0	0	0	0	0	1232.5774
'6140010'	0	0	143.7809	0	0	0	0	0	0	0	1232.5774
'6140012'	0	0	143.7809	0	0	0	0	0	0	0	1232.5774
'6140014'	0	0	143.7809	0	0	0	0	0	0	0	1232.5774
'6140016'	0	0	143.7809	0	0	0	0	0	0	0	1232.5774
'6140018'	0	0	143.7809	0	0	0	0	0	0	0	1232.5774
'6140020'	0	0	143.7809	0	0	0	0	0	0	0	1232.5774
'6140022'	0	0	143.7809	0	0	0	0	0	0	0	1232.5774
'6140024'	0	0	143.7809	0	0	0	0	0	0	0	1232.5774
'6140026'	0	0	143.7809	0	0	0	0	0	0	0	1232.5774
'6140028'	0	0	143.7809	0	0	0	0	0	0	0	1232.5774
'6140030'	0	0	143.7809	0	0	0	0	0	0	0	1232.5774
'6140032'	0	0	143.773	0	0	0	0	0	0	0	1147.075
'6140034'	0	0	143.7809	0	0	0	0	0	0	0	1232.5774
'6140036'	0	0	143.773	0	0	0	0	0	0	0	1147.075
'6140038'	0	0	143.7809	0	0	0	0	0	0	0	1232.5774
'6140040'	0	0	143.7809	0	0	0	0	0	0	0	1232.5774
'6140042'	0	0	143.7809	0	0	0	0	0	0	0	1232.5774
'6140044'	0	0	143.7809	0	0	0	0	0	0	0	1232.5774
'6140046'	0	0	143.7809	0	0	0	0	0	0	0	1232.5774
'6140048'	0	0	143.7809	0	0	0	0	0	0	0	1232.5774
'6140050'	0	0	143.7809	0	0	0	0	0	0	0	1232.5774
'6140052'	0	0	143.773	0	0	0	0	0	0	0	1147.075
'6140054'	0	0	143.7809	0	0	0	0	0	0	0	1232.5774
'6140056'	0	0	143.7809	0	0	0	0	0	0	0	1232.5774
'6140058'	0	0	143.7809	0	0	0	0	0	0	0	1232.5774
'6140060'	0	0	143.7809	0	0	0	0	0	0	0	1232.5774
'6140062'	0	0	143.7809	0	0	0	0	0	0	0	1232.5774
'6140064'	0	0	143.7809	0	0	0	0	0	0	0	1232.5774
'6140066'	0	0	143.773	0	0	0	0	0	0	0	1147.075
'6140068'	0	0	143.773	0	0	0	0	0	0	0	1147.075
'6140070'	0	0	143.7809	0	0	0	0	0	0	0	1232.5774
'6140072'	0	0	143.7809	0	0	0	0	0	0	0	1232.5774
'6140074'	0	0	143.7809	0	0	0	0	0	0	0	1232.5774
'6140076'	0	0	143.7809	0	0	0	0	0	0	0	1232.5774
'6140080'	0	0	143.7809	0	0	0	0	0	0	0	1232.5774
'6140082'	0	0	143.7809	0	0	0	0	0	0	0	1232.5774
'6140084'	0	0	143.7809	0	0	0	0	0	0	0	1232.5774
'6140086'	0	0	143.7809	0	0	0	0	0	0	0	1232.5774
'6140088'	0	0	143.7809	0	0	0	0	0	0	0	1232.5774
'6140090'	0	0	143.7809	0	0	0	0	0	0	0	1232.5774
'6140092'	0	0	143.7809	0	0	0	0	0	0	0	1232.5774
'6140094'	0	0	143.7809	0	0	0	0	0	0	0	1232.5774
'6140096'	0	0	143.7809	0	0	0	0	0	0	0	1232.5774
'6140098'	0	0	143.7809	0	0	0	0	0	0	0	1232.5774
'6140100'	0	0	143.7809	0	0	0	0	0	0	0	1232.5774
'6140102'	0	0	143.7809	0	0	0	0	0	0	0	1232.5774
'6140104'	0	0	143.7809	0	0	0	0	0	0	0	1232.5774
'6140106'	0	0	143.773	0	0	0	0	0	0	0	1147.075
'6140108'	0	0	143.773	0	0	0	0	0	0	0	1147.075
'6140110'	0	0	143.7809	0	0	0	0	0	0	0	1232.5774
'6140112'	0	0	143.7809	0	0	0	0	0	0	0	1232.5774
'6140114'	0	0	143.7809	0	0	0	0	0	0	0	1232.5774
'6140116'	0	0	143.7809	0	0	0	0	0	0	0	1232.5774
'6140118'	0	0	143.773	0	0	0	0	0	0	0	1147.075
'6140120'	0	0	143.7809	0	0	0	0	0	0	0	1232.5774
'6140122'	0	0	143.7809	0	0	0	0	0	0	0	1232.5774
'6140124'	0	0	143.7809	0	0	0	0	0	0	0	1232.5774
'6140126'	0	0	143.7809	0	0	0	0	0	0	0	1232.5774
'6140128'	0	0	143.7809	0	0	0	0	0	0	0	1232.5774
'6140130'	0	0	143.7809	0	0	0	0	0	0	0	1232.5774
'6140132'	0	0	143.7809	0	0	0	0	0	0	0	1232.5774
'6140134'	0	0	143.7809	0	0	0	0	0	0	0	1232.5774
'6140274'	0	0	143.773	0	0	0	0	0	0	0	1147.075
'6140276'	0	0	143.7809	0	0	0	0	0	0	0	1232.5774
'6140278'	0	0	143.7809	0	0	0	0	0	0	0	1232.5774
'6140280'	0	0	143.7809	0	0	0	0	0	0	0	1232.5774
'6140282'	0	0	143.7809	0	0	0	0	0	0	0	1232.5774
'6140284'	0	0	143.7809	0	0	0	0	0	0	0	1232.5774
'6140286'	0	0	143.7809	0	0	0	0	0	0	0	1232.5774
'6140288'	0	0	143.7809	0	0	0	0	0	0	0	1232.5774
'6140290'	0	0	143.7809	0	0	0	0	0	0	0	1232.5774
'6140292'	0	0	143.7809	0	0	0	0	0	0	0	1232.5774
'6140294'	0	0	143.7809	0	0	0	0	0	0	0	1232.5774
'6140296'	0	0	143.7809	0	0	0	0	0	0	0	1232.5774
'6140298'	0	0	143.7809	0	0	0	0	0	0	0	1232.5774
'6140300'	0	0	143.7809	0	0	0	0	0	0	0	1232.5774
'6140302'	0	0	143.7809	0	0	0	0	0	0	0	1232.5774
'6140304'	0	0	143.7809	0	0	0	0	0	0	0	1232.5774
'6140306'	0	0	143.7809	0	0	0	0	0	0	0	1232.5774
'6140308'	0	0	143.7809	0	0	0	0	0	0	0	1232.5774
'6140310'	0	0	143.7809	0	0	0	0	0	0	0	1232.5774
'6140312'	0	0	143.7809	0	0	0	0	0	0	0	1232.5774
'6140314'	0	0	143.7809	0	0	0	0	0	0	0	1232.5774
'6140316'	0	0	143.7809	0	0	0	0	0	0	0	1232.5774
'6140318'	0	0	143.7809	0	0	0	0	0	0	0	1232.5774
'6140320'	0	0	143.7809	0	0	0	0	0	0	0	1232.5774
'6140322'	0	0	143.7809	0	0	0	0	0	0	0	1232.5774
'6140324'	0	0	143.7809	0	0	0	0	0	0	0	1232.5774
'6140326'	0	0	143.7809	0	0	0	0	0	0	0	1232.5774
'6140328'	0	0	143.7809	0	0	0	0	0	0	0	1232.5774
'6140330'	0	0	143.7809	0	0	0	0	0	0	0	1232.5774
'6140332'	0	0	143.7809	0	0	0	0	0	0	0	1232.5774
'6140336'	0	0	143.7809	0	0	0	0	0	0	0	1232.5774
'6140338'	0	0	143.773	0	0	0	0	0	0	0	1147.075
'6140340'	0	0	143.7809	0	0	0	0	0	0	0	1232.5774
'6140342'	0	0	143.773	0	0	0	0	0	0	0	1147.075
'6140344'	0	0	143.773	0	0	0	0	0	0	0	1147.075
'6140346'	0	0	143.7809	0	0	0	0	0	0	0	1232.5774
'6140348'	0	0	143.773	0	0	0	0	0	0	0	1147.075
'6140350'	0	0	143.7809	0	0	0	0	0	0	0	1232.5774
'6140352'	0	0	143.7809	0	0	0	0	0	0	0	1232.5774
'6140356'	0	0	143.7809	0	0	0	0	0	0	0	1232.5774
'6140358'	0	0	143.7809	0	0	0	0	0	0	0	1232.5774
'6140360'	0	0	143.7809	0	0	0	0	0	0	0	1232.5774
'6140362'	0	0	143.7809	0	0	0	0	0	0	0	1232.5774
'6140364'	0	0	143.7809	0	0	0	0	0	0	0	1232.5774
'6140366'	0	0	143.7809	0	0	0	0	0	0	0	1232.5774
'6140368'	0	0	143.7809	0	0	0	0	0	0	0	1232.5774
'6140370'	0	0	143.7809	0	0	0	0	0	0	0	1232.5774
'6140372'	0	0	143.7809	0	0	0	0	0	0	0	1232.5774
'6140374'	0	0	143.7809	0	0	0	0	0	0	0	1232.5774
'6140376'	0	0	143.7809	0	0	0	0	0	0	0	1232.5774
'6140380'	0	0	143.7809	0	0	0	0	0	0	0	1232.5774
'6140382'	0	0	143.7809	0	0	0	0	0	0	0	1232.5774
'6140384'	0	0	143.7809	0	0	0	0	0	0	0	1232.5774
'6140386'	0	0	143.7809	0	0	0	0	0	0	0	1232.5774
'6140388'	0	0	143.7809	0	0	0	0	0	0	0	1232.5774
'6140390'	0	0	143.7809	0	0	0	0	0	0	0	1232.5774
'6140392'	0	0	143.7809	0	0	0	0	0	0	0	1232.5774
'6140394'	0	0	143.7809	0	0	0	0	0	0	0	1232.5774
'6140396'	0	0	143.7809	0	0	0	0	0	0	0	1232.5774
'6140398'	0	0	143.7809	0	0	0	0	0	0	0	1232.5774
'6140402'	0	0	143.7809	0	0	0	0	0	0	0	1232.5774
'6140404'	0	0	143.7809	0	0	0	0	0	0	0	1232.5774
'6140406'	0	0	143.7809	0	0	0	0	0	0	0	1232.5774
'6140408'	0	0	143.7809	0	0	0	0	0	0	0	1232.5774
'6140410'	0	0	143.7809	0	0	0	0	0	0	0	1232.5774
'6140414'	0	0	143.773	0	0	0	0	0	0	0	1147.075
'6140416'	0	0	143.773	0	0	0	0	0	0	0	1147.075
'6140418'	0	0	143.7809	0	0	0	0	0	0	0	1232.5774
'6140420'	0	0	143.7809	0	0	0	0	0	0	0	1232.5774
'6140422'	0	0	143.7809	0	0	0	0	0	0	0	1232.5774
'6140426'	0	0	143.7809	0	0	0	0	0	0	0	1232.5774
'6140428'	0	0	143.773	0	0	0	0	0	0	0	1147.075
'6140430'	0	0	143.7809	0	0	0	0	0	0	0	1232.5774
'6140432'	0	0	143.7809	0	0	0	0	0	0	0	1232.5774
'6140434'	0	0	143.773	0	0	0	0	0	0	0	1147.075
'6140436'	0	0	143.7809	0	0	0	0	0	0	0	1232.5774
'6140438'	0	0	143.7809	0	0	0	0	0	0	0	1232.5774
'6140442'	0	0	143.7809	0	0	0	0	0	0	0	1232.5774
'6140444'	0	0	143.7809	0	0	0	0	0	0	0	1232.5774
'6140448'	0	0	143.7809	0	0	0	0	0	0	0	1232.5774
'6140450'	0	0	143.7809	0	0	0	0	0	0	0	1232.5774
'6140452'	0	0	143.7809	0	0	0	0	0	0	0	1232.5774
'6140454'	0	0	143.773	0	0	0	0	0	0	0	1147.075
'6140456'	0	0	143.7809	0	0	0	0	0	0	0	1232.5774
'6140458'	0	0	143.7809	0	0	0	0	0	0	0	1232.5774
'6140460'	0	0	143.773	0	0	0	0	0	0	0	1147.075
'6140462'	0	0	143.773	0	0	0	0	0	0	0	1147.075
'6140464'	0	0	143.7809	0	0	0	0	0	0	0	1232.5774
'6140466'	0	0	143.7809	0	0	0	0	0	0	0	1232.5774
'6140468'	0	0	143.7809	0	0	0	0	0	0	0	1232.5774
'6140470'	0	0	143.7809	0	0	0	0	0	0	0	1232.5774
'6140752'	0	0	143.7809	0	0	0	0	0	0	0	1232.5774
'6140754'	0	0	143.7809	0	0	0	0	0	0	0	1232.5774
'6140758'	0	0	143.7809	0	0	0	0	0	0	0	1232.5774
'6140760'	0	0	143.7809	0	0	0	0	0	0	0	1232.5774
'6140762'	0	0	143.7809	0	0	0	0	0	0	0	1232.5774
'6140764'	0	0	143.7809	0	0	0	0	0	0	0	1232.5774
'6140766'	0	0	143.7809	0	0	0	0	0	0	0	1232.5774
'6140768'	0	0	143.773	0	0	0	0	0	0	0	1147.075
'6140770'	0	0	143.773	0	0	0	0	0	0	0	1147.075
'6140772'	0	0	143.7809	0	0	0	0	0	0	0	1232.5774
'6140778'	0	0	143.7809	0	0	0	0	0	0	0	1232.5774
'6140780'	0	0	143.773	0	0	0	0	0	0	0	1147.075
'6140782'	0	0	143.7809	0	0	0	0	0	0	0	1232.5774
'6140784'	0	0	143.7809	0	0	0	0	0	0	0	1232.5774
'6140786'	0	0	143.773	0	0	0	0	0	0	0	1147.075
'6140788'	0	0	143.773	0	0	0	0	0	0	0	1147.075
'6140794'	0	0	143.7809	0	0	0	0	0	0	0	1232.5774
'6140796'	0	0	143.773	0	0	0	0	0	0	0	1147.075
'6140798'	0	0	143.7809	0	0	0	0	0	0	0	1232.5774
'6140800'	0	0	143.7809	0	0	0	0	0	0	0	1232.5774
'6140804'	0	0	143.7809	0	0	0	0	0	0	0	1232.5774
'6140806'	0	0	143.773	0	0	0	0	0	0	0	1147.075
'6140808'	0	0	143.7809	0	0	0	0	0	0	0	1232.5774
'6140810'	0	0	143.773	0	0	0	0	0	0	0	1147.075
'6140814'	0	0	143.773	0	0	0	0	0	0	0	1147.075
'6140816'	0	0	143.7809	0	0	0	0	0	0	0	1232.5774
'6140818'	0	0	143.773	0	0	0	0	0	0	0	1147.075
'6140820'	0	0	143.773	0	0	0	0	0	0	0	1147.075
'6140822'	0	0	143.773	0	0	0	0	0	0	0	1147.075
'6140826'	0	0	143.773	0	0	0	0	0	0	0	1147.075
'6140830'	0	0	143.7809	0	0	0	0	0	0	0	1232.5774
'6140832'	0	0	143.773	0	0	0	0	0	0	0	1147.075
'6140834'	0	0	143.773	0	0	0	0	0	0	0	1147.075
'6140836'	0	0	143.7809	0	0	0	0	0	0	0	1232.5774
'6140838'	0	0	143.773	0	0	0	0	0	0	0	1147.075
'6140842'	0	0	143.7809	0	0	0	0	0	0	0	1232.5774
'6140846'	0	0	143.773	0	0	0	0	0	0	0	1147.075
'6140848'	0	0	143.773	0	0	0	0	0	0	0	1147.075
'6140852'	0	0	143.7809	0	0	0	0	0	0	0	1232.5774
'6140854'	0	0	143.773	0	0	0	0	0	0	0	1147.075
'6140856'	0	0	143.7809	0	0	0	0	0	0	0	1232.5774
'6140858'	0	0	143.773	0	0	0	0	0	0	0	1147.075
'6140860'	0	0	143.773	0	0	0	0	0	0	0	1147.075
'6140864'	0	0	143.773	0	0	0	0	0	0	0	1147.075
'6140866'	0	0	143.7809	0	0	0	0	0	0	0	1232.5774
'6140868'	0	0	143.7809	0	0	0	0	0	0	0	1232.5774
'6140872'	0	0	143.7809	0	0	0	0	0	0	0	1232.5774
'6140874'	0	0	143.773	0	0	0	0	0	0	0	1147.075
'6140876'	0	0	143.773	0	0	0	0	0	0	0	1147.075
'6140878'	0	0	143.773	0	0	0	0	0	0	0	1147.075
'6140880'	0	0	143.773	0	0	0	0	0	0	0	1147.075
'6140882'	0	0	143.7809	0	0	0	0	0	0	0	1232.5774
'6140884'	0	0	143.7809	0	0	0	0	0	0	0	1232.5774
'6140886'	0	0	143.7809	0	0	0	0	0	0	0	1232.5774
'6140888'	0	0	143.7809	0	0	0	0	0	0	0	1232.5774
'6140892'	0	0	143.7809	0	0	0	0	0	0	0	1232.5774
'6140894'	0	0	143.7809	0	0	0	0	0	0	0	1232.5774
'6140896'	0	0	143.773	0	0	0	0	0	0	0	1147.075
'6140900'	0	0	143.773	0	0	0	0	0	0	0	1147.075
'6140902'	0	0	143.773	0	0	0	0	0	0	0	1147.075
'6140904'	0	0	143.773	0	0	0	0	0	0	0	1147.075
'6140906'	0	0	143.773	0	0	0	0	0	0	0	1147.075
'6140908'	0	0	143.773	0	0	0	0	0	0	0	1147.075
'6140910'	0	0	143.7809	0	0	0	0	0	0	0	1232.5774
'6140914'	0	0	143.7809	0	0	0	0	0	0	0	1232.5774
'6140916'	0	0	143.7809	0	0	0	0	0	0	0	1232.5774
'6140918'	0	0	143.773	0	0	0	0	0	0	0	1147.075
'6140920'	0	0	143.773	0	0	0	0	0	0	0	1147.075
'6140924'	0	0	143.773	0	0	0	0	0	0	0	1147.075
'6140926'	0	0	143.7809	0	0	0	0	0	0	0	1232.5774
'6140928'	0	0	143.7809	0	0	0	0	0	0	0	1232.5774
'6140930'	0	0	143.7809	0	0	0	0	0	0	0	1232.5774
'6140932'	0	0	143.773	0	0	0	0	0	0	0	1147.075
'6140934'	0	0	143.773	0	0	0	0	0	0	0	1147.075
'6140938'	0	0	143.773	0	0	0	0	0	0	0	1147.075
'6140940'	0	0	143.773	0	0	0	0	0	0	0	1147.075
'6140942'	0	0	143.773	0	0	0	0	0	0	0	1147.075
'6140944'	0	0	143.773	0	0	0	0	0	0	0	1147.075
'6140946'	0	0	143.7809	0	0	0	0	0	0	0	1232.5774
'6140948'	0	0	143.7809	0	0	0	0	0	0	0	1232.5774
'6140952'	0	0	143.773	0	0	0	0	0	0	0	1147.075
'6141024'	0	0	143.7809	0	0	0	0	0	0	0	1232.5774
'6141030'	0	0	143.7809	0	0	0	0	0	0	0	1232.5774
'6141032'	0	0	143.7809	0	0	0	0	0	0	0	1232.5774
'6141034'	0	0	143.7809	0	0	0	0	0	0	0	1232.5774
'6141038'	0	0	143.7809	0	0	0	0	0	0	0	1232.5774
'6141042'	0	0	143.7809	0	0	0	0	0	0	0	1232.5774
'6141046'	0	0	143.7809	0	0	0	0	0	0	0	1232.5774
'6141050'	0	0	143.773	0	0	0	0	0	0	0	1147.075
'6141054'	0	0	143.7809	0	0	0	0	0	0	0	1232.5774
'6141056'	0	0	143.7809	0	0	0	0	0	0	0	1232.5774
'6141060'	0	0	143.7809	0	0	0	0	0	0	0	1232.5774
'6141062'	0	0	143.7809	0	0	0	0	0	0	0	1232.5774
'6141064'	0	0	143.7809	0	0	0	0	0	0	0	1232.5774
'6141066'	0	0	143.7809	0	0	0	0	0	0	0	1232.5774
'6141070'	0	0	143.7809	0	0	0	0	0	0	0	1232.5774
'6141074'	0	0	143.7809	0	0	0	0	0	0	0	1232.5774
'6141076'	0	0	143.7809	0	0	0	0	0	0	0	1232.5774
'6141084'	0	0	143.7809	0	0	0	0	0	0	0	1232.5774
'6141086'	0	0	143.7809	0	0	0	0	0	0	0	1232.5774
'6141090'	0	0	143.7809	0	0	0	0	0	0	0	1232.5774
'6141100'	0	0	143.7809	0	0	0	0	0	0	0	1232.5774
'6141104'	0	0	143.7809	0	0	0	0	0	0	0	1232.5774
'6141106'	0	0	143.7809	0	0	0	0	0	0	0	1232.5774
'6141108'	0	0	143.7809	0	0	0	0	0	0	0	1232.5774
'6141110'	0	0	143.7809	0	0	0	0	0	0	0	1232.5774
'6141112'	0	0	143.7809	0	0	0	0	0	0	0	1232.5774
'6141126'	0	0	143.7809	0	0	0	0	0	0	0	1232.5774
'6141128'	0	0	143.7809	0	0	0	0	0	0	0	1232.5774
'6141130'	0	0	143.7809	0	0	0	0	0	0	0	1232.5774
'6141148'	0	0	143.7809	0	0	0	0	0	0	0	1232.5774
'6141150'	0	0	143.7809	0	0	0	0	0	0	0	1232.5774
'6141152'	0	0	143.7809	0	0	0	0	0	0	0	1232.5774
'6141154'	0	0	143.7809	0	0	0	0	0	0	0	1232.5774
'6141170'	0	0	143.7809	0	0	0	0	0	0	0	1232.5774
'6141176'	0	0	143.7809	0	0	0	0	0	0	0	1232.5774
'6141178'	0	0	143.7809	0	0	0	0	0	0	0	1232.5774
'6141180'	0	0	143.773	0	0	0	0	0	0	0	1147.075
'6141184'	0	0	143.7809	0	0	0	0	0	0	0	1232.5774
'6141188'	0	0	143.773	0	0	0	0	0	0	0	1147.075
'6141196'	0	0	143.7809	0	0	0	0	0	0	0	1232.5774
'6141208'	0	0	143.7809	0	0	0	0	0	0	0	1232.5774
'6141210'	0	0	143.773	0	0	0	0	0	0	0	1147.075
'6141214'	0	0	143.773	0	0	0	0	0	0	0	1147.075
'6141218'	0	0	143.7809	0	0	0	0	0	0	0	1232.5774
'6141220'	0	0	143.773	0	0	0	0	0	0	0	1147.075
'6141228'	0	0	143.7809	0	0	0	0	0	0	0	1232.5774
'6141270'	0	0	143.7809	0	0	0	0	0	0	0	1232.5774
'6141274'	0	0	143.7809	0	0	0	0	0	0	0	1232.5774
'6141306'	0	0	143.7809	0	0	0	0	0	0	0	1232.5774
'6141308'	0	0	143.7809	0	0	0	0	0	0	0	1232.5774
'6141310'	0	0	143.7809	0	0	0	0	0	0	0	1232.5774
'6141312'	0	0	143.7809	0	0	0	0	0	0	0	1232.5774
'6142038'	0	0	143.773	0	0	0	0	0	0	0	1147.075
;

param septic_costs_capital : 'none' :=	
'166174961'	0
'166174962'	0
'166174963'	0
'166174966'	0
'24978249'	0
'6139942'	0
'6139944'	0
'6139946'	0
'6139948'	0
'6139950'	0
'6139952'	0
'6139954'	0
'6139956'	0
'6139958'	0
'6139960'	0
'6139964'	0
'6139966'	0
'6139968'	0
'6139970'	0
'6139972'	0
'6139974'	0
'6139976'	0
'6139978'	0
'6139980'	0
'6139982'	0
'6139988'	0
'6139990'	0
'6139992'	0
'6139994'	0
'6139996'	0
'6139998'	0
'6140000'	0
'6140002'	0
'6140004'	0
'6140008'	0
'6140010'	0
'6140012'	0
'6140014'	0
'6140016'	0
'6140018'	0
'6140020'	0
'6140022'	0
'6140024'	0
'6140026'	0
'6140028'	0
'6140030'	0
'6140032'	0
'6140034'	0
'6140036'	0
'6140038'	0
'6140040'	0
'6140042'	0
'6140044'	0
'6140046'	0
'6140048'	0
'6140050'	0
'6140052'	0
'6140054'	0
'6140056'	0
'6140058'	0
'6140060'	0
'6140062'	0
'6140064'	0
'6140066'	0
'6140068'	0
'6140070'	0
'6140072'	0
'6140074'	0
'6140076'	0
'6140080'	0
'6140082'	0
'6140084'	0
'6140086'	0
'6140088'	0
'6140090'	0
'6140092'	0
'6140094'	0
'6140096'	0
'6140098'	0
'6140100'	0
'6140102'	0
'6140104'	0
'6140106'	0
'6140108'	0
'6140110'	0
'6140112'	0
'6140114'	0
'6140116'	0
'6140118'	0
'6140120'	0
'6140122'	0
'6140124'	0
'6140126'	0
'6140128'	0
'6140130'	0
'6140132'	0
'6140134'	0
'6140274'	0
'6140276'	0
'6140278'	0
'6140280'	0
'6140282'	0
'6140284'	0
'6140286'	0
'6140288'	0
'6140290'	0
'6140292'	0
'6140294'	0
'6140296'	0
'6140298'	0
'6140300'	0
'6140302'	0
'6140304'	0
'6140306'	0
'6140308'	0
'6140310'	0
'6140312'	0
'6140314'	0
'6140316'	0
'6140318'	0
'6140320'	0
'6140322'	0
'6140324'	0
'6140326'	0
'6140328'	0
'6140330'	0
'6140332'	0
'6140336'	0
'6140338'	0
'6140340'	0
'6140342'	0
'6140344'	0
'6140346'	0
'6140348'	0
'6140350'	0
'6140352'	0
'6140356'	0
'6140358'	0
'6140360'	0
'6140362'	0
'6140364'	0
'6140366'	0
'6140368'	0
'6140370'	0
'6140372'	0
'6140374'	0
'6140376'	0
'6140380'	0
'6140382'	0
'6140384'	0
'6140386'	0
'6140388'	0
'6140390'	0
'6140392'	0
'6140394'	0
'6140396'	0
'6140398'	0
'6140402'	0
'6140404'	0
'6140406'	0
'6140408'	0
'6140410'	0
'6140414'	0
'6140416'	0
'6140418'	0
'6140420'	0
'6140422'	0
'6140426'	0
'6140428'	0
'6140430'	0
'6140432'	0
'6140434'	0
'6140436'	0
'6140438'	0
'6140442'	0
'6140444'	0
'6140448'	0
'6140450'	0
'6140452'	0
'6140454'	0
'6140456'	0
'6140458'	0
'6140460'	0
'6140462'	0
'6140464'	0
'6140466'	0
'6140468'	0
'6140470'	0
'6140752'	0
'6140754'	0
'6140758'	0
'6140760'	0
'6140762'	0
'6140764'	0
'6140766'	0
'6140768'	0
'6140770'	0
'6140772'	0
'6140778'	0
'6140780'	0
'6140782'	0
'6140784'	0
'6140786'	0
'6140788'	0
'6140794'	0
'6140796'	0
'6140798'	0
'6140800'	0
'6140804'	0
'6140806'	0
'6140808'	0
'6140810'	0
'6140814'	0
'6140816'	0
'6140818'	0
'6140820'	0
'6140822'	0
'6140826'	0
'6140830'	0
'6140832'	0
'6140834'	0
'6140836'	0
'6140838'	0
'6140842'	0
'6140846'	0
'6140848'	0
'6140852'	0
'6140854'	0
'6140856'	0
'6140858'	0
'6140860'	0
'6140864'	0
'6140866'	0
'6140868'	0
'6140872'	0
'6140874'	0
'6140876'	0
'6140878'	0
'6140880'	0
'6140882'	0
'6140884'	0
'6140886'	0
'6140888'	0
'6140892'	0
'6140894'	0
'6140896'	0
'6140900'	0
'6140902'	0
'6140904'	0
'6140906'	0
'6140908'	0
'6140910'	0
'6140914'	0
'6140916'	0
'6140918'	0
'6140920'	0
'6140924'	0
'6140926'	0
'6140928'	0
'6140930'	0
'6140932'	0
'6140934'	0
'6140938'	0
'6140940'	0
'6140942'	0
'6140944'	0
'6140946'	0
'6140948'	0
'6140952'	0
'6141024'	0
'6141030'	0
'6141032'	0
'6141034'	0
'6141038'	0
'6141042'	0
'6141046'	0
'6141050'	0
'6141054'	0
'6141056'	0
'6141060'	0
'6141062'	0
'6141064'	0
'6141066'	0
'6141070'	0
'6141074'	0
'6141076'	0
'6141084'	0
'6141086'	0
'6141090'	0
'6141100'	0
'6141104'	0
'6141106'	0
'6141108'	0
'6141110'	0
'6141112'	0
'6141126'	0
'6141128'	0
'6141130'	0
'6141148'	0
'6141150'	0
'6141152'	0
'6141154'	0
'6141170'	0
'6141176'	0
'6141178'	0
'6141180'	0
'6141184'	0
'6141188'	0
'6141196'	0
'6141208'	0
'6141210'	0
'6141214'	0
'6141218'	0
'6141220'	0
'6141228'	0
'6141270'	0
'6141274'	0
'6141306'	0
'6141308'	0
'6141310'	0
'6141312'	0
'6142038'	0
;

param septic_costs_operations : 'none' :=	
'166174961'	0
'166174962'	0
'166174963'	0
'166174966'	0
'24978249'	0
'6139942'	0
'6139944'	0
'6139946'	0
'6139948'	0
'6139950'	0
'6139952'	0
'6139954'	0
'6139956'	0
'6139958'	0
'6139960'	0
'6139964'	0
'6139966'	0
'6139968'	0
'6139970'	0
'6139972'	0
'6139974'	0
'6139976'	0
'6139978'	0
'6139980'	0
'6139982'	0
'6139988'	0
'6139990'	0
'6139992'	0
'6139994'	0
'6139996'	0
'6139998'	0
'6140000'	0
'6140002'	0
'6140004'	0
'6140008'	0
'6140010'	0
'6140012'	0
'6140014'	0
'6140016'	0
'6140018'	0
'6140020'	0
'6140022'	0
'6140024'	0
'6140026'	0
'6140028'	0
'6140030'	0
'6140032'	0
'6140034'	0
'6140036'	0
'6140038'	0
'6140040'	0
'6140042'	0
'6140044'	0
'6140046'	0
'6140048'	0
'6140050'	0
'6140052'	0
'6140054'	0
'6140056'	0
'6140058'	0
'6140060'	0
'6140062'	0
'6140064'	0
'6140066'	0
'6140068'	0
'6140070'	0
'6140072'	0
'6140074'	0
'6140076'	0
'6140080'	0
'6140082'	0
'6140084'	0
'6140086'	0
'6140088'	0
'6140090'	0
'6140092'	0
'6140094'	0
'6140096'	0
'6140098'	0
'6140100'	0
'6140102'	0
'6140104'	0
'6140106'	0
'6140108'	0
'6140110'	0
'6140112'	0
'6140114'	0
'6140116'	0
'6140118'	0
'6140120'	0
'6140122'	0
'6140124'	0
'6140126'	0
'6140128'	0
'6140130'	0
'6140132'	0
'6140134'	0
'6140274'	0
'6140276'	0
'6140278'	0
'6140280'	0
'6140282'	0
'6140284'	0
'6140286'	0
'6140288'	0
'6140290'	0
'6140292'	0
'6140294'	0
'6140296'	0
'6140298'	0
'6140300'	0
'6140302'	0
'6140304'	0
'6140306'	0
'6140308'	0
'6140310'	0
'6140312'	0
'6140314'	0
'6140316'	0
'6140318'	0
'6140320'	0
'6140322'	0
'6140324'	0
'6140326'	0
'6140328'	0
'6140330'	0
'6140332'	0
'6140336'	0
'6140338'	0
'6140340'	0
'6140342'	0
'6140344'	0
'6140346'	0
'6140348'	0
'6140350'	0
'6140352'	0
'6140356'	0
'6140358'	0
'6140360'	0
'6140362'	0
'6140364'	0
'6140366'	0
'6140368'	0
'6140370'	0
'6140372'	0
'6140374'	0
'6140376'	0
'6140380'	0
'6140382'	0
'6140384'	0
'6140386'	0
'6140388'	0
'6140390'	0
'6140392'	0
'6140394'	0
'6140396'	0
'6140398'	0
'6140402'	0
'6140404'	0
'6140406'	0
'6140408'	0
'6140410'	0
'6140414'	0
'6140416'	0
'6140418'	0
'6140420'	0
'6140422'	0
'6140426'	0
'6140428'	0
'6140430'	0
'6140432'	0
'6140434'	0
'6140436'	0
'6140438'	0
'6140442'	0
'6140444'	0
'6140448'	0
'6140450'	0
'6140452'	0
'6140454'	0
'6140456'	0
'6140458'	0
'6140460'	0
'6140462'	0
'6140464'	0
'6140466'	0
'6140468'	0
'6140470'	0
'6140752'	0
'6140754'	0
'6140758'	0
'6140760'	0
'6140762'	0
'6140764'	0
'6140766'	0
'6140768'	0
'6140770'	0
'6140772'	0
'6140778'	0
'6140780'	0
'6140782'	0
'6140784'	0
'6140786'	0
'6140788'	0
'6140794'	0
'6140796'	0
'6140798'	0
'6140800'	0
'6140804'	0
'6140806'	0
'6140808'	0
'6140810'	0
'6140814'	0
'6140816'	0
'6140818'	0
'6140820'	0
'6140822'	0
'6140826'	0
'6140830'	0
'6140832'	0
'6140834'	0
'6140836'	0
'6140838'	0
'6140842'	0
'6140846'	0
'6140848'	0
'6140852'	0
'6140854'	0
'6140856'	0
'6140858'	0
'6140860'	0
'6140864'	0
'6140866'	0
'6140868'	0
'6140872'	0
'6140874'	0
'6140876'	0
'6140878'	0
'6140880'	0
'6140882'	0
'6140884'	0
'6140886'	0
'6140888'	0
'6140892'	0
'6140894'	0
'6140896'	0
'6140900'	0
'6140902'	0
'6140904'	0
'6140906'	0
'6140908'	0
'6140910'	0
'6140914'	0
'6140916'	0
'6140918'	0
'6140920'	0
'6140924'	0
'6140926'	0
'6140928'	0
'6140930'	0
'6140932'	0
'6140934'	0
'6140938'	0
'6140940'	0
'6140942'	0
'6140944'	0
'6140946'	0
'6140948'	0
'6140952'	0
'6141024'	0
'6141030'	0
'6141032'	0
'6141034'	0
'6141038'	0
'6141042'	0
'6141046'	0
'6141050'	0
'6141054'	0
'6141056'	0
'6141060'	0
'6141062'	0
'6141064'	0
'6141066'	0
'6141070'	0
'6141074'	0
'6141076'	0
'6141084'	0
'6141086'	0
'6141090'	0
'6141100'	0
'6141104'	0
'6141106'	0
'6141108'	0
'6141110'	0
'6141112'	0
'6141126'	0
'6141128'	0
'6141130'	0
'6141148'	0
'6141150'	0
'6141152'	0
'6141154'	0
'6141170'	0
'6141176'	0
'6141178'	0
'6141180'	0
'6141184'	0
'6141188'	0
'6141196'	0
'6141208'	0
'6141210'	0
'6141214'	0
'6141218'	0
'6141220'	0
'6141228'	0
'6141270'	0
'6141274'	0
'6141306'	0
'6141308'	0
'6141310'	0
'6141312'	0
'6142038'	0
;

param point_costs : 'capital' 'operations' :=	
'166174961'	0	0
'166174962'	0	0
'166174963'	0	0
'166174966'	0	0
'24978249'	0	0
'6139942'	0	0
'6139944'	0	0
'6139946'	0	0
'6139948'	0	0
'6139950'	0	0
'6139952'	0	0
'6139954'	0	0
'6139956'	0	0
'6139958'	0	0
'6139960'	0	0
'6139964'	0	0
'6139966'	0	0
'6139968'	0	0
'6139970'	0	0
'6139972'	0	0
'6139974'	0	0
'6139976'	0	0
'6139978'	0	0
'6139980'	0	0
'6139982'	0	0
'6139988'	0	0
'6139990'	0	0
'6139992'	0	0
'6139994'	0	0
'6139996'	0	0
'6139998'	0	0
'6140000'	0	0
'6140002'	0	0
'6140004'	0	0
'6140008'	0	0
'6140010'	0	0
'6140012'	0	0
'6140014'	0	0
'6140016'	0	0
'6140018'	0	0
'6140020'	0	0
'6140022'	0	0
'6140024'	0	0
'6140026'	0	0
'6140028'	0	0
'6140030'	0	0
'6140032'	0	0
'6140034'	0	0
'6140036'	0	0
'6140038'	0	0
'6140040'	0	0
'6140042'	0	0
'6140044'	0	0
'6140046'	0	0
'6140048'	0	0
'6140050'	0	0
'6140052'	0	0
'6140054'	0	0
'6140056'	0	0
'6140058'	0	0
'6140060'	0	0
'6140062'	0	0
'6140064'	0	0
'6140066'	0	0
'6140068'	0	0
'6140070'	0	0
'6140072'	0	0
'6140074'	0	0
'6140076'	0	0
'6140080'	0	0
'6140082'	0	0
'6140084'	0	0
'6140086'	0	0
'6140088'	0	0
'6140090'	0	0
'6140092'	0	0
'6140094'	0	0
'6140096'	0	0
'6140098'	0	0
'6140100'	0	0
'6140102'	0	0
'6140104'	0	0
'6140106'	0	0
'6140108'	0	0
'6140110'	0	0
'6140112'	0	0
'6140114'	0	0
'6140116'	0	0
'6140118'	0	0
'6140120'	0	0
'6140122'	0	0
'6140124'	0	0
'6140126'	0	0
'6140128'	0	0
'6140130'	0	0
'6140132'	0	0
'6140134'	0	0
'6140274'	0	0
'6140276'	0	0
'6140278'	0	0
'6140280'	0	0
'6140282'	0	0
'6140284'	0	0
'6140286'	0	0
'6140288'	0	0
'6140290'	0	0
'6140292'	0	0
'6140294'	0	0
'6140296'	0	0
'6140298'	0	0
'6140300'	0	0
'6140302'	0	0
'6140304'	0	0
'6140306'	0	0
'6140308'	0	0
'6140310'	0	0
'6140312'	0	0
'6140314'	0	0
'6140316'	0	0
'6140318'	0	0
'6140320'	0	0
'6140322'	0	0
'6140324'	0	0
'6140326'	0	0
'6140328'	0	0
'6140330'	0	0
'6140332'	0	0
'6140336'	0	0
'6140338'	0	0
'6140340'	0	0
'6140342'	0	0
'6140344'	0	0
'6140346'	0	0
'6140348'	0	0
'6140350'	0	0
'6140352'	0	0
'6140356'	0	0
'6140358'	0	0
'6140360'	0	0
'6140362'	0	0
'6140364'	0	0
'6140366'	0	0
'6140368'	0	0
'6140370'	0	0
'6140372'	0	0
'6140374'	0	0
'6140376'	0	0
'6140380'	0	0
'6140382'	0	0
'6140384'	0	0
'6140386'	0	0
'6140388'	0	0
'6140390'	0	0
'6140392'	0	0
'6140394'	0	0
'6140396'	0	0
'6140398'	0	0
'6140402'	0	0
'6140404'	0	0
'6140406'	0	0
'6140408'	0	0
'6140410'	0	0
'6140414'	0	0
'6140416'	0	0
'6140418'	0	0
'6140420'	0	0
'6140422'	0	0
'6140426'	0	0
'6140428'	0	0
'6140430'	0	0
'6140432'	0	0
'6140434'	0	0
'6140436'	0	0
'6140438'	0	0
'6140442'	0	0
'6140444'	0	0
'6140448'	0	0
'6140450'	0	0
'6140452'	0	0
'6140454'	0	0
'6140456'	0	0
'6140458'	0	0
'6140460'	0	0
'6140462'	0	0
'6140464'	0	0
'6140466'	0	0
'6140468'	0	0
'6140470'	0	0
'6140752'	0	0
'6140754'	0	0
'6140758'	0	0
'6140760'	0	0
'6140762'	0	0
'6140764'	0	0
'6140766'	0	0
'6140768'	0	0
'6140770'	0	0
'6140772'	0	0
'6140778'	0	0
'6140780'	0	0
'6140782'	0	0
'6140784'	0	0
'6140786'	0	0
'6140788'	0	0
'6140794'	0	0
'6140796'	0	0
'6140798'	0	0
'6140800'	0	0
'6140804'	0	0
'6140806'	0	0
'6140808'	0	0
'6140810'	0	0
'6140814'	0	0
'6140816'	0	0
'6140818'	0	0
'6140820'	0	0
'6140822'	0	0
'6140826'	0	0
'6140830'	0	0
'6140832'	0	0
'6140834'	0	0
'6140836'	0	0
'6140838'	0	0
'6140842'	0	0
'6140846'	0	0
'6140848'	0	0
'6140852'	0	0
'6140854'	0	0
'6140856'	0	0
'6140858'	0	0
'6140860'	0	0
'6140864'	0	0
'6140866'	0	0
'6140868'	0	0
'6140872'	0	0
'6140874'	0	0
'6140876'	0	0
'6140878'	0	0
'6140880'	0	0
'6140882'	0	0
'6140884'	0	0
'6140886'	0	0
'6140888'	0	0
'6140892'	0	0
'6140894'	0	0
'6140896'	0	0
'6140900'	0	0
'6140902'	0	0
'6140904'	0	0
'6140906'	0	0
'6140908'	0	0
'6140910'	0	0
'6140914'	0	0
'6140916'	0	0
'6140918'	0	0
'6140920'	0	0
'6140924'	0	0
'6140926'	0	0
'6140928'	0	0
'6140930'	0	0
'6140932'	0	0
'6140934'	0	0
'6140938'	0	0
'6140940'	0	0
'6140942'	0	0
'6140944'	0	0
'6140946'	0	0
'6140948'	0	0
'6140952'	0	0
'6141024'	0	0
'6141030'	0	0
'6141032'	0	0
'6141034'	0	0
'6141038'	0	0
'6141042'	0	0
'6141046'	0	0
'6141050'	0	0
'6141054'	0	0
'6141056'	0	0
'6141060'	0	0
'6141062'	0	0
'6141064'	0	0
'6141066'	0	0
'6141070'	0	0
'6141074'	0	0
'6141076'	0	0
'6141084'	0	0
'6141086'	0	0
'6141090'	0	0
'6141100'	0	0
'6141104'	0	0
'6141106'	0	0
'6141108'	0	0
'6141110'	0	0
'6141112'	0	0
'6141126'	0	0
'6141128'	0	0
'6141130'	0	0
'6141148'	0	0
'6141150'	0	0
'6141152'	0	0
'6141154'	0	0
'6141170'	0	0
'6141176'	0	0
'6141178'	0	0
'6141180'	0	0
'6141184'	0	0
'6141188'	0	0
'6141196'	0	0
'6141208'	0	0
'6141210'	325116.7	126435.3
'6141214'	0	0
'6141218'	0	0
'6141220'	0	0
'6141228'	0	0
'6141270'	0	0
'6141274'	0	0
'6141306'	0	0
'6141308'	0	0
'6141310'	0	0
'6141312'	0	0
'6142038'	0	0
;

param urban_costs : 'capital' 'operations' :=	
'Biofiltration_w_Underdrain'	1.28196284774178	0.763819067
'Bioretention_Basin'	1.26962886963504	0.754616428
'Enhanced_Biofiltration_w_ISR'	1.28196284774178	0.763819067
'Extended_Dry_Detention_Basin'	0.558112508450514	0.331295017
'Grass_Swale_w_detention'	0.656784333136914	0.395713492
'Gravel_Wetland'	0.720766844471399	0.43252405
'Infiltration_Basin'	0.512630964192374	0.303687099
'Infiltration_Chamber'	5.5711037266128	3.322152809
'Infiltration_Trench'	1.02526192855228	0.616576837
'Porous_Pavement_w_subsurface_infiltration'	0.437085348435173	0.257673902
'Porous_Pavement_w_underdrain'	1.48393173871614	0.883453379
'Sand_Filter_w_underdrain'	1.47313950797744	0.883453379
'Wet_Pond'	0.558112508450514	0.331295017
;

param ripbuf_costs_capital : 'Grassed_Buffer'  'Forested_Buffer' :=	
'166174961'	7522.239	35586.836
'166174962'	7522.239	35586.836
'166174963'	7522.239	35586.836
'166174966'	7425.321	20947.257
'24978249'	7522.239	35586.836
'6139942'	7522.239	35586.836
'6139944'	7522.239	35586.836
'6139946'	7425.321	20947.257
'6139948'	7522.239	35586.836
'6139950'	7522.239	35586.836
'6139952'	7425.321	20947.257
'6139954'	7522.239	35586.836
'6139956'	7522.239	35586.836
'6139958'	7522.239	35586.836
'6139960'	7522.239	35586.836
'6139964'	7522.239	35586.836
'6139966'	7522.239	35586.836
'6139968'	7522.239	35586.836
'6139970'	7522.239	35586.836
'6139972'	7522.239	35586.836
'6139974'	7522.239	35586.836
'6139976'	7522.239	35586.836
'6139978'	7522.239	35586.836
'6139980'	7522.239	35586.836
'6139982'	7522.239	35586.836
'6139988'	7522.239	35586.836
'6139990'	7522.239	35586.836
'6139992'	7522.239	35586.836
'6139994'	7522.239	35586.836
'6139996'	7522.239	35586.836
'6139998'	7522.239	35586.836
'6140000'	7522.239	35586.836
'6140002'	7522.239	35586.836
'6140004'	7522.239	35586.836
'6140008'	7522.239	35586.836
'6140010'	7522.239	35586.836
'6140012'	7522.239	35586.836
'6140014'	7522.239	35586.836
'6140016'	7522.239	35586.836
'6140018'	7522.239	35586.836
'6140020'	7522.239	35586.836
'6140022'	7522.239	35586.836
'6140024'	7522.239	35586.836
'6140026'	7522.239	35586.836
'6140028'	7522.239	35586.836
'6140030'	7522.239	35586.836
'6140032'	7425.321	20947.257
'6140034'	7522.239	35586.836
'6140036'	7425.321	20947.257
'6140038'	7522.239	35586.836
'6140040'	7522.239	35586.836
'6140042'	7522.239	35586.836
'6140044'	7522.239	35586.836
'6140046'	7522.239	35586.836
'6140048'	7522.239	35586.836
'6140050'	7522.239	35586.836
'6140052'	7425.321	20947.257
'6140054'	7522.239	35586.836
'6140056'	7522.239	35586.836
'6140058'	7522.239	35586.836
'6140060'	7522.239	35586.836
'6140062'	7522.239	35586.836
'6140064'	7522.239	35586.836
'6140066'	7425.321	20947.257
'6140068'	7425.321	20947.257
'6140070'	7522.239	35586.836
'6140072'	7522.239	35586.836
'6140074'	7522.239	35586.836
'6140076'	7522.239	35586.836
'6140080'	7522.239	35586.836
'6140082'	7522.239	35586.836
'6140084'	7522.239	35586.836
'6140086'	7522.239	35586.836
'6140088'	7522.239	35586.836
'6140090'	7522.239	35586.836
'6140092'	7522.239	35586.836
'6140094'	7522.239	35586.836
'6140096'	7522.239	35586.836
'6140098'	7522.239	35586.836
'6140100'	7522.239	35586.836
'6140102'	7522.239	35586.836
'6140104'	7522.239	35586.836
'6140106'	7425.321	20947.257
'6140108'	7425.321	20947.257
'6140110'	7522.239	35586.836
'6140112'	7522.239	35586.836
'6140114'	7522.239	35586.836
'6140116'	7522.239	35586.836
'6140118'	7425.321	20947.257
'6140120'	7522.239	35586.836
'6140122'	7522.239	35586.836
'6140124'	7522.239	35586.836
'6140126'	7522.239	35586.836
'6140128'	7522.239	35586.836
'6140130'	7522.239	35586.836
'6140132'	7522.239	35586.836
'6140134'	7522.239	35586.836
'6140274'	7425.321	20947.257
'6140276'	7522.239	35586.836
'6140278'	7522.239	35586.836
'6140280'	7522.239	35586.836
'6140282'	7522.239	35586.836
'6140284'	7522.239	35586.836
'6140286'	7522.239	35586.836
'6140288'	7522.239	35586.836
'6140290'	7522.239	35586.836
'6140292'	7522.239	35586.836
'6140294'	7522.239	35586.836
'6140296'	7522.239	35586.836
'6140298'	7522.239	35586.836
'6140300'	7522.239	35586.836
'6140302'	7522.239	35586.836
'6140304'	7522.239	35586.836
'6140306'	7522.239	35586.836
'6140308'	7522.239	35586.836
'6140310'	7522.239	35586.836
'6140312'	7522.239	35586.836
'6140314'	7522.239	35586.836
'6140316'	7522.239	35586.836
'6140318'	7522.239	35586.836
'6140320'	7522.239	35586.836
'6140322'	7522.239	35586.836
'6140324'	7522.239	35586.836
'6140326'	7522.239	35586.836
'6140328'	7522.239	35586.836
'6140330'	7522.239	35586.836
'6140332'	7522.239	35586.836
'6140336'	7522.239	35586.836
'6140338'	7425.321	20947.257
'6140340'	7522.239	35586.836
'6140342'	7425.321	20947.257
'6140344'	7425.321	20947.257
'6140346'	7522.239	35586.836
'6140348'	7425.321	20947.257
'6140350'	7522.239	35586.836
'6140352'	7522.239	35586.836
'6140356'	7522.239	35586.836
'6140358'	7522.239	35586.836
'6140360'	7522.239	35586.836
'6140362'	7522.239	35586.836
'6140364'	7522.239	35586.836
'6140366'	7522.239	35586.836
'6140368'	7522.239	35586.836
'6140370'	7522.239	35586.836
'6140372'	7522.239	35586.836
'6140374'	7522.239	35586.836
'6140376'	7522.239	35586.836
'6140380'	7522.239	35586.836
'6140382'	7522.239	35586.836
'6140384'	7522.239	35586.836
'6140386'	7522.239	35586.836
'6140388'	7522.239	35586.836
'6140390'	7522.239	35586.836
'6140392'	7522.239	35586.836
'6140394'	7522.239	35586.836
'6140396'	7522.239	35586.836
'6140398'	7522.239	35586.836
'6140402'	7522.239	35586.836
'6140404'	7522.239	35586.836
'6140406'	7522.239	35586.836
'6140408'	7522.239	35586.836
'6140410'	7522.239	35586.836
'6140414'	7425.321	20947.257
'6140416'	7425.321	20947.257
'6140418'	7522.239	35586.836
'6140420'	7522.239	35586.836
'6140422'	7522.239	35586.836
'6140426'	7522.239	35586.836
'6140428'	7425.321	20947.257
'6140430'	7522.239	35586.836
'6140432'	7522.239	35586.836
'6140434'	7425.321	20947.257
'6140436'	7522.239	35586.836
'6140438'	7522.239	35586.836
'6140442'	7522.239	35586.836
'6140444'	7522.239	35586.836
'6140448'	7522.239	35586.836
'6140450'	7522.239	35586.836
'6140452'	7522.239	35586.836
'6140454'	7425.321	20947.257
'6140456'	7522.239	35586.836
'6140458'	7522.239	35586.836
'6140460'	7425.321	20947.257
'6140462'	7425.321	20947.257
'6140464'	7522.239	35586.836
'6140466'	7522.239	35586.836
'6140468'	7522.239	35586.836
'6140470'	7522.239	35586.836
'6140752'	7522.239	35586.836
'6140754'	7522.239	35586.836
'6140758'	7522.239	35586.836
'6140760'	7522.239	35586.836
'6140762'	7522.239	35586.836
'6140764'	7522.239	35586.836
'6140766'	7522.239	35586.836
'6140768'	7425.321	20947.257
'6140770'	7425.321	20947.257
'6140772'	7522.239	35586.836
'6140778'	7522.239	35586.836
'6140780'	7425.321	20947.257
'6140782'	7522.239	35586.836
'6140784'	7522.239	35586.836
'6140786'	7425.321	20947.257
'6140788'	7425.321	20947.257
'6140794'	7522.239	35586.836
'6140796'	7425.321	20947.257
'6140798'	7522.239	35586.836
'6140800'	7522.239	35586.836
'6140804'	7522.239	35586.836
'6140806'	7425.321	20947.257
'6140808'	7522.239	35586.836
'6140810'	7425.321	20947.257
'6140814'	7425.321	20947.257
'6140816'	7522.239	35586.836
'6140818'	7425.321	20947.257
'6140820'	7425.321	20947.257
'6140822'	7425.321	20947.257
'6140826'	7425.321	20947.257
'6140830'	7522.239	35586.836
'6140832'	7425.321	20947.257
'6140834'	7425.321	20947.257
'6140836'	7522.239	35586.836
'6140838'	7425.321	20947.257
'6140842'	7522.239	35586.836
'6140846'	7425.321	20947.257
'6140848'	7425.321	20947.257
'6140852'	7522.239	35586.836
'6140854'	7425.321	20947.257
'6140856'	7522.239	35586.836
'6140858'	7425.321	20947.257
'6140860'	7425.321	20947.257
'6140864'	7425.321	20947.257
'6140866'	7522.239	35586.836
'6140868'	7522.239	35586.836
'6140872'	7522.239	35586.836
'6140874'	7425.321	20947.257
'6140876'	7425.321	20947.257
'6140878'	7425.321	20947.257
'6140880'	7425.321	20947.257
'6140882'	7522.239	35586.836
'6140884'	7522.239	35586.836
'6140886'	7522.239	35586.836
'6140888'	7522.239	35586.836
'6140892'	7522.239	35586.836
'6140894'	7522.239	35586.836
'6140896'	7425.321	20947.257
'6140900'	7425.321	20947.257
'6140902'	7425.321	20947.257
'6140904'	7425.321	20947.257
'6140906'	7425.321	20947.257
'6140908'	7425.321	20947.257
'6140910'	7522.239	35586.836
'6140914'	7522.239	35586.836
'6140916'	7522.239	35586.836
'6140918'	7425.321	20947.257
'6140920'	7425.321	20947.257
'6140924'	7425.321	20947.257
'6140926'	7522.239	35586.836
'6140928'	7522.239	35586.836
'6140930'	7522.239	35586.836
'6140932'	7425.321	20947.257
'6140934'	7425.321	20947.257
'6140938'	7425.321	20947.257
'6140940'	7425.321	20947.257
'6140942'	7425.321	20947.257
'6140944'	7425.321	20947.257
'6140946'	7522.239	35586.836
'6140948'	7522.239	35586.836
'6140952'	7425.321	20947.257
'6141024'	7522.239	35586.836
'6141030'	7522.239	35586.836
'6141032'	7522.239	35586.836
'6141034'	7522.239	35586.836
'6141038'	7522.239	35586.836
'6141042'	7522.239	35586.836
'6141046'	7522.239	35586.836
'6141050'	7425.321	20947.257
'6141054'	7522.239	35586.836
'6141056'	7522.239	35586.836
'6141060'	7522.239	35586.836
'6141062'	7522.239	35586.836
'6141064'	7522.239	35586.836
'6141066'	7522.239	35586.836
'6141070'	7522.239	35586.836
'6141074'	7522.239	35586.836
'6141076'	7522.239	35586.836
'6141084'	7522.239	35586.836
'6141086'	7522.239	35586.836
'6141090'	7522.239	35586.836
'6141100'	7522.239	35586.836
'6141104'	7522.239	35586.836
'6141106'	7522.239	35586.836
'6141108'	7522.239	35586.836
'6141110'	7522.239	35586.836
'6141112'	7522.239	35586.836
'6141126'	7522.239	35586.836
'6141128'	7522.239	35586.836
'6141130'	7522.239	35586.836
'6141148'	7522.239	35586.836
'6141150'	7522.239	35586.836
'6141152'	7522.239	35586.836
'6141154'	7522.239	35586.836
'6141170'	7522.239	35586.836
'6141176'	7522.239	35586.836
'6141178'	7522.239	35586.836
'6141180'	7425.321	20947.257
'6141184'	7522.239	35586.836
'6141188'	7425.321	20947.257
'6141196'	7522.239	35586.836
'6141208'	7522.239	35586.836
'6141210'	7425.321	20947.257
'6141214'	7425.321	20947.257
'6141218'	7522.239	35586.836
'6141220'	7425.321	20947.257
'6141228'	7522.239	35586.836
'6141270'	7522.239	35586.836
'6141274'	7522.239	35586.836
'6141306'	7522.239	35586.836
'6141308'	7522.239	35586.836
'6141310'	7522.239	35586.836
'6141312'	7522.239	35586.836
'6142038'	7425.321	20947.257
;

param ripbuf_costs_operations : 'Grassed_Buffer'  'Forested_Buffer' :=	
'166174961'	4.206554	4.206554
'166174962'	4.206554	4.206554
'166174963'	4.206554	4.206554
'166174966'	4.206554	4.206554
'24978249'	4.206554	4.206554
'6139942'	4.206554	4.206554
'6139944'	4.206554	4.206554
'6139946'	4.206554	4.206554
'6139948'	4.206554	4.206554
'6139950'	4.206554	4.206554
'6139952'	4.206554	4.206554
'6139954'	4.206554	4.206554
'6139956'	4.206554	4.206554
'6139958'	4.206554	4.206554
'6139960'	4.206554	4.206554
'6139964'	4.206554	4.206554
'6139966'	4.206554	4.206554
'6139968'	4.206554	4.206554
'6139970'	4.206554	4.206554
'6139972'	4.206554	4.206554
'6139974'	4.206554	4.206554
'6139976'	4.206554	4.206554
'6139978'	4.206554	4.206554
'6139980'	4.206554	4.206554
'6139982'	4.206554	4.206554
'6139988'	4.206554	4.206554
'6139990'	4.206554	4.206554
'6139992'	4.206554	4.206554
'6139994'	4.206554	4.206554
'6139996'	4.206554	4.206554
'6139998'	4.206554	4.206554
'6140000'	4.206554	4.206554
'6140002'	4.206554	4.206554
'6140004'	4.206554	4.206554
'6140008'	4.206554	4.206554
'6140010'	4.206554	4.206554
'6140012'	4.206554	4.206554
'6140014'	4.206554	4.206554
'6140016'	4.206554	4.206554
'6140018'	4.206554	4.206554
'6140020'	4.206554	4.206554
'6140022'	4.206554	4.206554
'6140024'	4.206554	4.206554
'6140026'	4.206554	4.206554
'6140028'	4.206554	4.206554
'6140030'	4.206554	4.206554
'6140032'	4.206554	4.206554
'6140034'	4.206554	4.206554
'6140036'	4.206554	4.206554
'6140038'	4.206554	4.206554
'6140040'	4.206554	4.206554
'6140042'	4.206554	4.206554
'6140044'	4.206554	4.206554
'6140046'	4.206554	4.206554
'6140048'	4.206554	4.206554
'6140050'	4.206554	4.206554
'6140052'	4.206554	4.206554
'6140054'	4.206554	4.206554
'6140056'	4.206554	4.206554
'6140058'	4.206554	4.206554
'6140060'	4.206554	4.206554
'6140062'	4.206554	4.206554
'6140064'	4.206554	4.206554
'6140066'	4.206554	4.206554
'6140068'	4.206554	4.206554
'6140070'	4.206554	4.206554
'6140072'	4.206554	4.206554
'6140074'	4.206554	4.206554
'6140076'	4.206554	4.206554
'6140080'	4.206554	4.206554
'6140082'	4.206554	4.206554
'6140084'	4.206554	4.206554
'6140086'	4.206554	4.206554
'6140088'	4.206554	4.206554
'6140090'	4.206554	4.206554
'6140092'	4.206554	4.206554
'6140094'	4.206554	4.206554
'6140096'	4.206554	4.206554
'6140098'	4.206554	4.206554
'6140100'	4.206554	4.206554
'6140102'	4.206554	4.206554
'6140104'	4.206554	4.206554
'6140106'	4.206554	4.206554
'6140108'	4.206554	4.206554
'6140110'	4.206554	4.206554
'6140112'	4.206554	4.206554
'6140114'	4.206554	4.206554
'6140116'	4.206554	4.206554
'6140118'	4.206554	4.206554
'6140120'	4.206554	4.206554
'6140122'	4.206554	4.206554
'6140124'	4.206554	4.206554
'6140126'	4.206554	4.206554
'6140128'	4.206554	4.206554
'6140130'	4.206554	4.206554
'6140132'	4.206554	4.206554
'6140134'	4.206554	4.206554
'6140274'	4.206554	4.206554
'6140276'	4.206554	4.206554
'6140278'	4.206554	4.206554
'6140280'	4.206554	4.206554
'6140282'	4.206554	4.206554
'6140284'	4.206554	4.206554
'6140286'	4.206554	4.206554
'6140288'	4.206554	4.206554
'6140290'	4.206554	4.206554
'6140292'	4.206554	4.206554
'6140294'	4.206554	4.206554
'6140296'	4.206554	4.206554
'6140298'	4.206554	4.206554
'6140300'	4.206554	4.206554
'6140302'	4.206554	4.206554
'6140304'	4.206554	4.206554
'6140306'	4.206554	4.206554
'6140308'	4.206554	4.206554
'6140310'	4.206554	4.206554
'6140312'	4.206554	4.206554
'6140314'	4.206554	4.206554
'6140316'	4.206554	4.206554
'6140318'	4.206554	4.206554
'6140320'	4.206554	4.206554
'6140322'	4.206554	4.206554
'6140324'	4.206554	4.206554
'6140326'	4.206554	4.206554
'6140328'	4.206554	4.206554
'6140330'	4.206554	4.206554
'6140332'	4.206554	4.206554
'6140336'	4.206554	4.206554
'6140338'	4.206554	4.206554
'6140340'	4.206554	4.206554
'6140342'	4.206554	4.206554
'6140344'	4.206554	4.206554
'6140346'	4.206554	4.206554
'6140348'	4.206554	4.206554
'6140350'	4.206554	4.206554
'6140352'	4.206554	4.206554
'6140356'	4.206554	4.206554
'6140358'	4.206554	4.206554
'6140360'	4.206554	4.206554
'6140362'	4.206554	4.206554
'6140364'	4.206554	4.206554
'6140366'	4.206554	4.206554
'6140368'	4.206554	4.206554
'6140370'	4.206554	4.206554
'6140372'	4.206554	4.206554
'6140374'	4.206554	4.206554
'6140376'	4.206554	4.206554
'6140380'	4.206554	4.206554
'6140382'	4.206554	4.206554
'6140384'	4.206554	4.206554
'6140386'	4.206554	4.206554
'6140388'	4.206554	4.206554
'6140390'	4.206554	4.206554
'6140392'	4.206554	4.206554
'6140394'	4.206554	4.206554
'6140396'	4.206554	4.206554
'6140398'	4.206554	4.206554
'6140402'	4.206554	4.206554
'6140404'	4.206554	4.206554
'6140406'	4.206554	4.206554
'6140408'	4.206554	4.206554
'6140410'	4.206554	4.206554
'6140414'	4.206554	4.206554
'6140416'	4.206554	4.206554
'6140418'	4.206554	4.206554
'6140420'	4.206554	4.206554
'6140422'	4.206554	4.206554
'6140426'	4.206554	4.206554
'6140428'	4.206554	4.206554
'6140430'	4.206554	4.206554
'6140432'	4.206554	4.206554
'6140434'	4.206554	4.206554
'6140436'	4.206554	4.206554
'6140438'	4.206554	4.206554
'6140442'	4.206554	4.206554
'6140444'	4.206554	4.206554
'6140448'	4.206554	4.206554
'6140450'	4.206554	4.206554
'6140452'	4.206554	4.206554
'6140454'	4.206554	4.206554
'6140456'	4.206554	4.206554
'6140458'	4.206554	4.206554
'6140460'	4.206554	4.206554
'6140462'	4.206554	4.206554
'6140464'	4.206554	4.206554
'6140466'	4.206554	4.206554
'6140468'	4.206554	4.206554
'6140470'	4.206554	4.206554
'6140752'	4.206554	4.206554
'6140754'	4.206554	4.206554
'6140758'	4.206554	4.206554
'6140760'	4.206554	4.206554
'6140762'	4.206554	4.206554
'6140764'	4.206554	4.206554
'6140766'	4.206554	4.206554
'6140768'	4.206554	4.206554
'6140770'	4.206554	4.206554
'6140772'	4.206554	4.206554
'6140778'	4.206554	4.206554
'6140780'	4.206554	4.206554
'6140782'	4.206554	4.206554
'6140784'	4.206554	4.206554
'6140786'	4.206554	4.206554
'6140788'	4.206554	4.206554
'6140794'	4.206554	4.206554
'6140796'	4.206554	4.206554
'6140798'	4.206554	4.206554
'6140800'	4.206554	4.206554
'6140804'	4.206554	4.206554
'6140806'	4.206554	4.206554
'6140808'	4.206554	4.206554
'6140810'	4.206554	4.206554
'6140814'	4.206554	4.206554
'6140816'	4.206554	4.206554
'6140818'	4.206554	4.206554
'6140820'	4.206554	4.206554
'6140822'	4.206554	4.206554
'6140826'	4.206554	4.206554
'6140830'	4.206554	4.206554
'6140832'	4.206554	4.206554
'6140834'	4.206554	4.206554
'6140836'	4.206554	4.206554
'6140838'	4.206554	4.206554
'6140842'	4.206554	4.206554
'6140846'	4.206554	4.206554
'6140848'	4.206554	4.206554
'6140852'	4.206554	4.206554
'6140854'	4.206554	4.206554
'6140856'	4.206554	4.206554
'6140858'	4.206554	4.206554
'6140860'	4.206554	4.206554
'6140864'	4.206554	4.206554
'6140866'	4.206554	4.206554
'6140868'	4.206554	4.206554
'6140872'	4.206554	4.206554
'6140874'	4.206554	4.206554
'6140876'	4.206554	4.206554
'6140878'	4.206554	4.206554
'6140880'	4.206554	4.206554
'6140882'	4.206554	4.206554
'6140884'	4.206554	4.206554
'6140886'	4.206554	4.206554
'6140888'	4.206554	4.206554
'6140892'	4.206554	4.206554
'6140894'	4.206554	4.206554
'6140896'	4.206554	4.206554
'6140900'	4.206554	4.206554
'6140902'	4.206554	4.206554
'6140904'	4.206554	4.206554
'6140906'	4.206554	4.206554
'6140908'	4.206554	4.206554
'6140910'	4.206554	4.206554
'6140914'	4.206554	4.206554
'6140916'	4.206554	4.206554
'6140918'	4.206554	4.206554
'6140920'	4.206554	4.206554
'6140924'	4.206554	4.206554
'6140926'	4.206554	4.206554
'6140928'	4.206554	4.206554
'6140930'	4.206554	4.206554
'6140932'	4.206554	4.206554
'6140934'	4.206554	4.206554
'6140938'	4.206554	4.206554
'6140940'	4.206554	4.206554
'6140942'	4.206554	4.206554
'6140944'	4.206554	4.206554
'6140946'	4.206554	4.206554
'6140948'	4.206554	4.206554
'6140952'	4.206554	4.206554
'6141024'	4.206554	4.206554
'6141030'	4.206554	4.206554
'6141032'	4.206554	4.206554
'6141034'	4.206554	4.206554
'6141038'	4.206554	4.206554
'6141042'	4.206554	4.206554
'6141046'	4.206554	4.206554
'6141050'	4.206554	4.206554
'6141054'	4.206554	4.206554
'6141056'	4.206554	4.206554
'6141060'	4.206554	4.206554
'6141062'	4.206554	4.206554
'6141064'	4.206554	4.206554
'6141066'	4.206554	4.206554
'6141070'	4.206554	4.206554
'6141074'	4.206554	4.206554
'6141076'	4.206554	4.206554
'6141084'	4.206554	4.206554
'6141086'	4.206554	4.206554
'6141090'	4.206554	4.206554
'6141100'	4.206554	4.206554
'6141104'	4.206554	4.206554
'6141106'	4.206554	4.206554
'6141108'	4.206554	4.206554
'6141110'	4.206554	4.206554
'6141112'	4.206554	4.206554
'6141126'	4.206554	4.206554
'6141128'	4.206554	4.206554
'6141130'	4.206554	4.206554
'6141148'	4.206554	4.206554
'6141150'	4.206554	4.206554
'6141152'	4.206554	4.206554
'6141154'	4.206554	4.206554
'6141170'	4.206554	4.206554
'6141176'	4.206554	4.206554
'6141178'	4.206554	4.206554
'6141180'	4.206554	4.206554
'6141184'	4.206554	4.206554
'6141188'	4.206554	4.206554
'6141196'	4.206554	4.206554
'6141208'	4.206554	4.206554
'6141210'	4.206554	4.206554
'6141214'	4.206554	4.206554
'6141218'	4.206554	4.206554
'6141220'	4.206554	4.206554
'6141228'	4.206554	4.206554
'6141270'	4.206554	4.206554
'6141274'	4.206554	4.206554
'6141306'	4.206554	4.206554
'6141308'	4.206554	4.206554
'6141310'	4.206554	4.206554
'6141312'	4.206554	4.206554
'6142038'	4.206554	4.206554
;

param loads_lim_N1 : 'limits' :=  
1	3	42287.6328047247
2	3	25684.095508226
3	3	14579.1962391271
4	3	27100.3979121015
;

param loads_lim_P1 : 'limits' :=  
;


param agcost_frac := 1.333333;
param acfttoft3 := 43559.9;
param pcp := 0.0833;
param agBMP_minarea := 0;

param: urban_frac_min urban_frac_max :=	
Biofiltration_w_Underdrain	0	1
Bioretention_Basin	0	1
Enhanced_Biofiltration_w_ISR	0	1
Extended_Dry_Detention_Basin	0	1
Grass_Swale_w_detention	0	1
Gravel_Wetland	0	1
Infiltration_Basin	0	1
Infiltration_Chamber	0	1
Infiltration_Trench	0	1
Porous_Pavement_w_subsurface_infiltration	0	1
Porous_Pavement_w_underdrain	0	1
Sand_Filter_w_underdrain	0	1
Wet_Pond	0	1
;

param: ag_frac_min ag_frac_max :=	
Conservation	0	1
Contour_Farming	0	1
Filterstrip	0	1
MIN_TILL	0	1
Ponds	0	0.1
Terrace_Waterway	0	1
Terrace_Only	0	1
Waterway_Only	0	1
Fert_20	0	1
Manure_Injection	0	1
Cover_crops	0	1
;

param: ripbuf_frac_min ripbuf_frac_max :=	
Grassed_Buffer	0	1
Forested_Buffer	0	1
;

param urban_design_depth : 'Biofiltration_w_Underdrain' 'Bioretention_Basin' 'Enhanced_Biofiltration_w_ISR' 'Extended_Dry_Detention_Basin' 'Grass_Swale_w_detention' 'Gravel_Wetland' 'Infiltration_Basin' 'Infiltration_Chamber' 'Infiltration_Trench' 'Porous_Pavement_w_subsurface_infiltration' 'Porous_Pavement_w_underdrain' 'Sand_Filter_w_underdrain' 'Wet_Pond'  := 
'166174961'	1	1	1	1	1	1	1	1	1	1	8.6	1	1
'166174962'	1	1	1	1	1	1	1	1	1	1	8.6	1	1
'166174963'	1	1	1	1	1	1	1	1	1	1	8.6	1	1
'166174966'	1	1	1	1	1	1	1	1	1	1	8.6	1	1
'24978249'	1	1	1	1	1	1	1	1	1	1	8.6	1	1
'6139942'	1	1	1	1	1	1	1	1	1	1	8.6	1	1
'6139944'	1	1	1	1	1	1	1	1	1	1	8.6	1	1
'6139946'	1	1	1	1	1	1	1	1	1	1	8.6	1	1
'6139948'	1	1	1	1	1	1	1	1	1	1	8.6	1	1
'6139950'	1	1	1	1	1	1	1	1	1	1	8.6	1	1
'6139952'	1	1	1	1	1	1	1	1	1	1	8.6	1	1
'6139954'	1	1	1	1	1	1	1	1	1	1	8.6	1	1
'6139956'	1	1	1	1	1	1	1	1	1	1	8.6	1	1
'6139958'	1	1	1	1	1	1	1	1	1	1	8.6	1	1
'6139960'	1	1	1	1	1	1	1	1	1	1	8.6	1	1
'6139964'	1	1	1	1	1	1	1	1	1	1	8.6	1	1
'6139966'	1	1	1	1	1	1	1	1	1	1	8.6	1	1
'6139968'	1	1	1	1	1	1	1	1	1	1	8.6	1	1
'6139970'	1	1	1	1	1	1	1	1	1	1	8.6	1	1
'6139972'	1	1	1	1	1	1	1	1	1	1	8.6	1	1
'6139974'	1	1	1	1	1	1	1	1	1	1	8.6	1	1
'6139976'	1	1	1	1	1	1	1	1	1	1	8.6	1	1
'6139978'	1	1	1	1	1	1	1	1	1	1	8.6	1	1
'6139980'	1	1	1	1	1	1	1	1	1	1	8.6	1	1
'6139982'	1	1	1	1	1	1	1	1	1	1	8.6	1	1
'6139988'	1	1	1	1	1	1	1	1	1	1	8.6	1	1
'6139990'	1	1	1	1	1	1	1	1	1	1	8.6	1	1
'6139992'	1	1	1	1	1	1	1	1	1	1	8.6	1	1
'6139994'	1	1	1	1	1	1	1	1	1	1	8.6	1	1
'6139996'	1	1	1	1	1	1	1	1	1	1	8.6	1	1
'6139998'	1	1	1	1	1	1	1	1	1	1	8.6	1	1
'6140000'	1	1	1	1	1	1	1	1	1	1	8.6	1	1
'6140002'	1	1	1	1	1	1	1	1	1	1	8.6	1	1
'6140004'	1	1	1	1	1	1	1	1	1	1	8.6	1	1
'6140008'	1	1	1	1	1	1	1	1	1	1	8.6	1	1
'6140010'	1	1	1	1	1	1	1	1	1	1	8.6	1	1
'6140012'	1	1	1	1	1	1	1	1	1	1	8.6	1	1
'6140014'	1	1	1	1	1	1	1	1	1	1	8.6	1	1
'6140016'	1	1	1	1	1	1	1	1	1	1	8.6	1	1
'6140018'	1	1	1	1	1	1	1	1	1	1	8.6	1	1
'6140020'	1	1	1	1	1	1	1	1	1	1	8.6	1	1
'6140022'	1	1	1	1	1	1	1	1	1	1	8.6	1	1
'6140024'	1	1	1	1	1	1	1	1	1	1	8.6	1	1
'6140026'	1	1	1	1	1	1	1	1	1	1	8.6	1	1
'6140028'	1	1	1	1	1	1	1	1	1	1	8.6	1	1
'6140030'	1	1	1	1	1	1	1	1	1	1	8.6	1	1
'6140032'	1	1	1	1	1	1	1	1	1	1	8.6	1	1
'6140034'	1	1	1	1	1	1	1	1	1	1	8.6	1	1
'6140036'	1	1	1	1	1	1	1	1	1	1	8.6	1	1
'6140038'	1	1	1	1	1	1	1	1	1	1	8.6	1	1
'6140040'	1	1	1	1	1	1	1	1	1	1	8.6	1	1
'6140042'	1	1	1	1	1	1	1	1	1	1	8.6	1	1
'6140044'	1	1	1	1	1	1	1	1	1	1	8.6	1	1
'6140046'	1	1	1	1	1	1	1	1	1	1	8.6	1	1
'6140048'	1	1	1	1	1	1	1	1	1	1	8.6	1	1
'6140050'	1	1	1	1	1	1	1	1	1	1	8.6	1	1
'6140052'	1	1	1	1	1	1	1	1	1	1	8.6	1	1
'6140054'	1	1	1	1	1	1	1	1	1	1	8.6	1	1
'6140056'	1	1	1	1	1	1	1	1	1	1	8.6	1	1
'6140058'	1	1	1	1	1	1	1	1	1	1	8.6	1	1
'6140060'	1	1	1	1	1	1	1	1	1	1	8.6	1	1
'6140062'	1	1	1	1	1	1	1	1	1	1	8.6	1	1
'6140064'	1	1	1	1	1	1	1	1	1	1	8.6	1	1
'6140066'	1	1	1	1	1	1	1	1	1	1	8.6	1	1
'6140068'	1	1	1	1	1	1	1	1	1	1	8.6	1	1
'6140070'	1	1	1	1	1	1	1	1	1	1	8.6	1	1
'6140072'	1	1	1	1	1	1	1	1	1	1	8.6	1	1
'6140074'	1	1	1	1	1	1	1	1	1	1	8.6	1	1
'6140076'	1	1	1	1	1	1	1	1	1	1	8.6	1	1
'6140080'	1	1	1	1	1	1	1	1	1	1	8.6	1	1
'6140082'	1	1	1	1	1	1	1	1	1	1	8.6	1	1
'6140084'	1	1	1	1	1	1	1	1	1	1	8.6	1	1
'6140086'	1	1	1	1	1	1	1	1	1	1	8.6	1	1
'6140088'	1	1	1	1	1	1	1	1	1	1	8.6	1	1
'6140090'	1	1	1	1	1	1	1	1	1	1	8.6	1	1
'6140092'	1	1	1	1	1	1	1	1	1	1	8.6	1	1
'6140094'	1	1	1	1	1	1	1	1	1	1	8.6	1	1
'6140096'	1	1	1	1	1	1	1	1	1	1	8.6	1	1
'6140098'	1	1	1	1	1	1	1	1	1	1	8.6	1	1
'6140100'	1	1	1	1	1	1	1	1	1	1	8.6	1	1
'6140102'	1	1	1	1	1	1	1	1	1	1	8.6	1	1
'6140104'	1	1	1	1	1	1	1	1	1	1	8.6	1	1
'6140106'	1	1	1	1	1	1	1	1	1	1	8.6	1	1
'6140108'	1	1	1	1	1	1	1	1	1	1	8.6	1	1
'6140110'	1	1	1	1	1	1	1	1	1	1	8.6	1	1
'6140112'	1	1	1	1	1	1	1	1	1	1	8.6	1	1
'6140114'	1	1	1	1	1	1	1	1	1	1	8.6	1	1
'6140116'	1	1	1	1	1	1	1	1	1	1	8.6	1	1
'6140118'	1	1	1	1	1	1	1	1	1	1	8.6	1	1
'6140120'	1	1	1	1	1	1	1	1	1	1	8.6	1	1
'6140122'	1	1	1	1	1	1	1	1	1	1	8.6	1	1
'6140124'	1	1	1	1	1	1	1	1	1	1	8.6	1	1
'6140126'	1	1	1	1	1	1	1	1	1	1	8.6	1	1
'6140128'	1	1	1	1	1	1	1	1	1	1	8.6	1	1
'6140130'	1	1	1	1	1	1	1	1	1	1	8.6	1	1
'6140132'	1	1	1	1	1	1	1	1	1	1	8.6	1	1
'6140134'	1	1	1	1	1	1	1	1	1	1	8.6	1	1
'6140274'	1	1	1	1	1	1	1	1	1	1	8.6	1	1
'6140276'	1	1	1	1	1	1	1	1	1	1	8.6	1	1
'6140278'	1	1	1	1	1	1	1	1	1	1	8.6	1	1
'6140280'	1	1	1	1	1	1	1	1	1	1	8.6	1	1
'6140282'	1	1	1	1	1	1	1	1	1	1	8.6	1	1
'6140284'	1	1	1	1	1	1	1	1	1	1	8.6	1	1
'6140286'	1	1	1	1	1	1	1	1	1	1	8.6	1	1
'6140288'	1	1	1	1	1	1	1	1	1	1	8.6	1	1
'6140290'	1	1	1	1	1	1	1	1	1	1	8.6	1	1
'6140292'	1	1	1	1	1	1	1	1	1	1	8.6	1	1
'6140294'	1	1	1	1	1	1	1	1	1	1	8.6	1	1
'6140296'	1	1	1	1	1	1	1	1	1	1	8.6	1	1
'6140298'	1	1	1	1	1	1	1	1	1	1	8.6	1	1
'6140300'	1	1	1	1	1	1	1	1	1	1	8.6	1	1
'6140302'	1	1	1	1	1	1	1	1	1	1	8.6	1	1
'6140304'	1	1	1	1	1	1	1	1	1	1	8.6	1	1
'6140306'	1	1	1	1	1	1	1	1	1	1	8.6	1	1
'6140308'	1	1	1	1	1	1	1	1	1	1	8.6	1	1
'6140310'	1	1	1	1	1	1	1	1	1	1	8.6	1	1
'6140312'	1	1	1	1	1	1	1	1	1	1	8.6	1	1
'6140314'	1	1	1	1	1	1	1	1	1	1	8.6	1	1
'6140316'	1	1	1	1	1	1	1	1	1	1	8.6	1	1
'6140318'	1	1	1	1	1	1	1	1	1	1	8.6	1	1
'6140320'	1	1	1	1	1	1	1	1	1	1	8.6	1	1
'6140322'	1	1	1	1	1	1	1	1	1	1	8.6	1	1
'6140324'	1	1	1	1	1	1	1	1	1	1	8.6	1	1
'6140326'	1	1	1	1	1	1	1	1	1	1	8.6	1	1
'6140328'	1	1	1	1	1	1	1	1	1	1	8.6	1	1
'6140330'	1	1	1	1	1	1	1	1	1	1	8.6	1	1
'6140332'	1	1	1	1	1	1	1	1	1	1	8.6	1	1
'6140336'	1	1	1	1	1	1	1	1	1	1	8.6	1	1
'6140338'	1	1	1	1	1	1	1	1	1	1	8.6	1	1
'6140340'	1	1	1	1	1	1	1	1	1	1	8.6	1	1
'6140342'	1	1	1	1	1	1	1	1	1	1	8.6	1	1
'6140344'	1	1	1	1	1	1	1	1	1	1	8.6	1	1
'6140346'	1	1	1	1	1	1	1	1	1	1	8.6	1	1
'6140348'	1	1	1	1	1	1	1	1	1	1	8.6	1	1
'6140350'	1	1	1	1	1	1	1	1	1	1	8.6	1	1
'6140352'	1	1	1	1	1	1	1	1	1	1	8.6	1	1
'6140356'	1	1	1	1	1	1	1	1	1	1	8.6	1	1
'6140358'	1	1	1	1	1	1	1	1	1	1	8.6	1	1
'6140360'	1	1	1	1	1	1	1	1	1	1	8.6	1	1
'6140362'	1	1	1	1	1	1	1	1	1	1	8.6	1	1
'6140364'	1	1	1	1	1	1	1	1	1	1	8.6	1	1
'6140366'	1	1	1	1	1	1	1	1	1	1	8.6	1	1
'6140368'	1	1	1	1	1	1	1	1	1	1	8.6	1	1
'6140370'	1	1	1	1	1	1	1	1	1	1	8.6	1	1
'6140372'	1	1	1	1	1	1	1	1	1	1	8.6	1	1
'6140374'	1	1	1	1	1	1	1	1	1	1	8.6	1	1
'6140376'	1	1	1	1	1	1	1	1	1	1	8.6	1	1
'6140380'	1	1	1	1	1	1	1	1	1	1	8.6	1	1
'6140382'	1	1	1	1	1	1	1	1	1	1	8.6	1	1
'6140384'	1	1	1	1	1	1	1	1	1	1	8.6	1	1
'6140386'	1	1	1	1	1	1	1	1	1	1	8.6	1	1
'6140388'	1	1	1	1	1	1	1	1	1	1	8.6	1	1
'6140390'	1	1	1	1	1	1	1	1	1	1	8.6	1	1
'6140392'	1	1	1	1	1	1	1	1	1	1	8.6	1	1
'6140394'	1	1	1	1	1	1	1	1	1	1	8.6	1	1
'6140396'	1	1	1	1	1	1	1	1	1	1	8.6	1	1
'6140398'	1	1	1	1	1	1	1	1	1	1	8.6	1	1
'6140402'	1	1	1	1	1	1	1	1	1	1	8.6	1	1
'6140404'	1	1	1	1	1	1	1	1	1	1	8.6	1	1
'6140406'	1	1	1	1	1	1	1	1	1	1	8.6	1	1
'6140408'	1	1	1	1	1	1	1	1	1	1	8.6	1	1
'6140410'	1	1	1	1	1	1	1	1	1	1	8.6	1	1
'6140414'	1	1	1	1	1	1	1	1	1	1	8.6	1	1
'6140416'	1	1	1	1	1	1	1	1	1	1	8.6	1	1
'6140418'	1	1	1	1	1	1	1	1	1	1	8.6	1	1
'6140420'	1	1	1	1	1	1	1	1	1	1	8.6	1	1
'6140422'	1	1	1	1	1	1	1	1	1	1	8.6	1	1
'6140426'	1	1	1	1	1	1	1	1	1	1	8.6	1	1
'6140428'	1	1	1	1	1	1	1	1	1	1	8.6	1	1
'6140430'	1	1	1	1	1	1	1	1	1	1	8.6	1	1
'6140432'	1	1	1	1	1	1	1	1	1	1	8.6	1	1
'6140434'	1	1	1	1	1	1	1	1	1	1	8.6	1	1
'6140436'	1	1	1	1	1	1	1	1	1	1	8.6	1	1
'6140438'	1	1	1	1	1	1	1	1	1	1	8.6	1	1
'6140442'	1	1	1	1	1	1	1	1	1	1	8.6	1	1
'6140444'	1	1	1	1	1	1	1	1	1	1	8.6	1	1
'6140448'	1	1	1	1	1	1	1	1	1	1	8.6	1	1
'6140450'	1	1	1	1	1	1	1	1	1	1	8.6	1	1
'6140452'	1	1	1	1	1	1	1	1	1	1	8.6	1	1
'6140454'	1	1	1	1	1	1	1	1	1	1	8.6	1	1
'6140456'	1	1	1	1	1	1	1	1	1	1	8.6	1	1
'6140458'	1	1	1	1	1	1	1	1	1	1	8.6	1	1
'6140460'	1	1	1	1	1	1	1	1	1	1	8.6	1	1
'6140462'	1	1	1	1	1	1	1	1	1	1	8.6	1	1
'6140464'	1	1	1	1	1	1	1	1	1	1	8.6	1	1
'6140466'	1	1	1	1	1	1	1	1	1	1	8.6	1	1
'6140468'	1	1	1	1	1	1	1	1	1	1	8.6	1	1
'6140470'	1	1	1	1	1	1	1	1	1	1	8.6	1	1
'6140752'	1	1	1	1	1	1	1	1	1	1	8.6	1	1
'6140754'	1	1	1	1	1	1	1	1	1	1	8.6	1	1
'6140758'	1	1	1	1	1	1	1	1	1	1	8.6	1	1
'6140760'	1	1	1	1	1	1	1	1	1	1	8.6	1	1
'6140762'	1	1	1	1	1	1	1	1	1	1	8.6	1	1
'6140764'	1	1	1	1	1	1	1	1	1	1	8.6	1	1
'6140766'	1	1	1	1	1	1	1	1	1	1	8.6	1	1
'6140768'	1	1	1	1	1	1	1	1	1	1	8.6	1	1
'6140770'	1	1	1	1	1	1	1	1	1	1	8.6	1	1
'6140772'	1	1	1	1	1	1	1	1	1	1	8.6	1	1
'6140778'	1	1	1	1	1	1	1	1	1	1	8.6	1	1
'6140780'	1	1	1	1	1	1	1	1	1	1	8.6	1	1
'6140782'	1	1	1	1	1	1	1	1	1	1	8.6	1	1
'6140784'	1	1	1	1	1	1	1	1	1	1	8.6	1	1
'6140786'	1	1	1	1	1	1	1	1	1	1	8.6	1	1
'6140788'	1	1	1	1	1	1	1	1	1	1	8.6	1	1
'6140794'	1	1	1	1	1	1	1	1	1	1	8.6	1	1
'6140796'	1	1	1	1	1	1	1	1	1	1	8.6	1	1
'6140798'	1	1	1	1	1	1	1	1	1	1	8.6	1	1
'6140800'	1	1	1	1	1	1	1	1	1	1	8.6	1	1
'6140804'	1	1	1	1	1	1	1	1	1	1	8.6	1	1
'6140806'	1	1	1	1	1	1	1	1	1	1	8.6	1	1
'6140808'	1	1	1	1	1	1	1	1	1	1	8.6	1	1
'6140810'	1	1	1	1	1	1	1	1	1	1	8.6	1	1
'6140814'	1	1	1	1	1	1	1	1	1	1	8.6	1	1
'6140816'	1	1	1	1	1	1	1	1	1	1	8.6	1	1
'6140818'	1	1	1	1	1	1	1	1	1	1	8.6	1	1
'6140820'	1	1	1	1	1	1	1	1	1	1	8.6	1	1
'6140822'	1	1	1	1	1	1	1	1	1	1	8.6	1	1
'6140826'	1	1	1	1	1	1	1	1	1	1	8.6	1	1
'6140830'	1	1	1	1	1	1	1	1	1	1	8.6	1	1
'6140832'	1	1	1	1	1	1	1	1	1	1	8.6	1	1
'6140834'	1	1	1	1	1	1	1	1	1	1	8.6	1	1
'6140836'	1	1	1	1	1	1	1	1	1	1	8.6	1	1
'6140838'	1	1	1	1	1	1	1	1	1	1	8.6	1	1
'6140842'	1	1	1	1	1	1	1	1	1	1	8.6	1	1
'6140846'	1	1	1	1	1	1	1	1	1	1	8.6	1	1
'6140848'	1	1	1	1	1	1	1	1	1	1	8.6	1	1
'6140852'	1	1	1	1	1	1	1	1	1	1	8.6	1	1
'6140854'	1	1	1	1	1	1	1	1	1	1	8.6	1	1
'6140856'	1	1	1	1	1	1	1	1	1	1	8.6	1	1
'6140858'	1	1	1	1	1	1	1	1	1	1	8.6	1	1
'6140860'	1	1	1	1	1	1	1	1	1	1	8.6	1	1
'6140864'	1	1	1	1	1	1	1	1	1	1	8.6	1	1
'6140866'	1	1	1	1	1	1	1	1	1	1	8.6	1	1
'6140868'	1	1	1	1	1	1	1	1	1	1	8.6	1	1
'6140872'	1	1	1	1	1	1	1	1	1	1	8.6	1	1
'6140874'	1	1	1	1	1	1	1	1	1	1	8.6	1	1
'6140876'	1	1	1	1	1	1	1	1	1	1	8.6	1	1
'6140878'	1	1	1	1	1	1	1	1	1	1	8.6	1	1
'6140880'	1	1	1	1	1	1	1	1	1	1	8.6	1	1
'6140882'	1	1	1	1	1	1	1	1	1	1	8.6	1	1
'6140884'	1	1	1	1	1	1	1	1	1	1	8.6	1	1
'6140886'	1	1	1	1	1	1	1	1	1	1	8.6	1	1
'6140888'	1	1	1	1	1	1	1	1	1	1	8.6	1	1
'6140892'	1	1	1	1	1	1	1	1	1	1	8.6	1	1
'6140894'	1	1	1	1	1	1	1	1	1	1	8.6	1	1
'6140896'	1	1	1	1	1	1	1	1	1	1	8.6	1	1
'6140900'	1	1	1	1	1	1	1	1	1	1	8.6	1	1
'6140902'	1	1	1	1	1	1	1	1	1	1	8.6	1	1
'6140904'	1	1	1	1	1	1	1	1	1	1	8.6	1	1
'6140906'	1	1	1	1	1	1	1	1	1	1	8.6	1	1
'6140908'	1	1	1	1	1	1	1	1	1	1	8.6	1	1
'6140910'	1	1	1	1	1	1	1	1	1	1	8.6	1	1
'6140914'	1	1	1	1	1	1	1	1	1	1	8.6	1	1
'6140916'	1	1	1	1	1	1	1	1	1	1	8.6	1	1
'6140918'	1	1	1	1	1	1	1	1	1	1	8.6	1	1
'6140920'	1	1	1	1	1	1	1	1	1	1	8.6	1	1
'6140924'	1	1	1	1	1	1	1	1	1	1	8.6	1	1
'6140926'	1	1	1	1	1	1	1	1	1	1	8.6	1	1
'6140928'	1	1	1	1	1	1	1	1	1	1	8.6	1	1
'6140930'	1	1	1	1	1	1	1	1	1	1	8.6	1	1
'6140932'	1	1	1	1	1	1	1	1	1	1	8.6	1	1
'6140934'	1	1	1	1	1	1	1	1	1	1	8.6	1	1
'6140938'	1	1	1	1	1	1	1	1	1	1	8.6	1	1
'6140940'	1	1	1	1	1	1	1	1	1	1	8.6	1	1
'6140942'	1	1	1	1	1	1	1	1	1	1	8.6	1	1
'6140944'	1	1	1	1	1	1	1	1	1	1	8.6	1	1
'6140946'	1	1	1	1	1	1	1	1	1	1	8.6	1	1
'6140948'	1	1	1	1	1	1	1	1	1	1	8.6	1	1
'6140952'	1	1	1	1	1	1	1	1	1	1	8.6	1	1
'6141024'	1	1	1	1	1	1	1	1	1	1	8.6	1	1
'6141030'	1	1	1	1	1	1	1	1	1	1	8.6	1	1
'6141032'	1	1	1	1	1	1	1	1	1	1	8.6	1	1
'6141034'	1	1	1	1	1	1	1	1	1	1	8.6	1	1
'6141038'	1	1	1	1	1	1	1	1	1	1	8.6	1	1
'6141042'	1	1	1	1	1	1	1	1	1	1	8.6	1	1
'6141046'	1	1	1	1	1	1	1	1	1	1	8.6	1	1
'6141050'	1	1	1	1	1	1	1	1	1	1	8.6	1	1
'6141054'	1	1	1	1	1	1	1	1	1	1	8.6	1	1
'6141056'	1	1	1	1	1	1	1	1	1	1	8.6	1	1
'6141060'	1	1	1	1	1	1	1	1	1	1	8.6	1	1
'6141062'	1	1	1	1	1	1	1	1	1	1	8.6	1	1
'6141064'	1	1	1	1	1	1	1	1	1	1	8.6	1	1
'6141066'	1	1	1	1	1	1	1	1	1	1	8.6	1	1
'6141070'	1	1	1	1	1	1	1	1	1	1	8.6	1	1
'6141074'	1	1	1	1	1	1	1	1	1	1	8.6	1	1
'6141076'	1	1	1	1	1	1	1	1	1	1	8.6	1	1
'6141084'	1	1	1	1	1	1	1	1	1	1	8.6	1	1
'6141086'	1	1	1	1	1	1	1	1	1	1	8.6	1	1
'6141090'	1	1	1	1	1	1	1	1	1	1	8.6	1	1
'6141100'	1	1	1	1	1	1	1	1	1	1	8.6	1	1
'6141104'	1	1	1	1	1	1	1	1	1	1	8.6	1	1
'6141106'	1	1	1	1	1	1	1	1	1	1	8.6	1	1
'6141108'	1	1	1	1	1	1	1	1	1	1	8.6	1	1
'6141110'	1	1	1	1	1	1	1	1	1	1	8.6	1	1
'6141112'	1	1	1	1	1	1	1	1	1	1	8.6	1	1
'6141126'	1	1	1	1	1	1	1	1	1	1	8.6	1	1
'6141128'	1	1	1	1	1	1	1	1	1	1	8.6	1	1
'6141130'	1	1	1	1	1	1	1	1	1	1	8.6	1	1
'6141148'	1	1	1	1	1	1	1	1	1	1	8.6	1	1
'6141150'	1	1	1	1	1	1	1	1	1	1	8.6	1	1
'6141152'	1	1	1	1	1	1	1	1	1	1	8.6	1	1
'6141154'	1	1	1	1	1	1	1	1	1	1	8.6	1	1
'6141170'	1	1	1	1	1	1	1	1	1	1	8.6	1	1
'6141176'	1	1	1	1	1	1	1	1	1	1	8.6	1	1
'6141178'	1	1	1	1	1	1	1	1	1	1	8.6	1	1
'6141180'	1	1	1	1	1	1	1	1	1	1	8.6	1	1
'6141184'	1	1	1	1	1	1	1	1	1	1	8.6	1	1
'6141188'	1	1	1	1	1	1	1	1	1	1	8.6	1	1
'6141196'	1	1	1	1	1	1	1	1	1	1	8.6	1	1
'6141208'	1	1	1	1	1	1	1	1	1	1	8.6	1	1
'6141210'	1	1	1	1	1	1	1	1	1	1	8.6	1	1
'6141214'	1	1	1	1	1	1	1	1	1	1	8.6	1	1
'6141218'	1	1	1	1	1	1	1	1	1	1	8.6	1	1
'6141220'	1	1	1	1	1	1	1	1	1	1	8.6	1	1
'6141228'	1	1	1	1	1	1	1	1	1	1	8.6	1	1
'6141270'	1	1	1	1	1	1	1	1	1	1	8.6	1	1
'6141274'	1	1	1	1	1	1	1	1	1	1	8.6	1	1
'6141306'	1	1	1	1	1	1	1	1	1	1	8.6	1	1
'6141308'	1	1	1	1	1	1	1	1	1	1	8.6	1	1
'6141310'	1	1	1	1	1	1	1	1	1	1	8.6	1	1
'6141312'	1	1	1	1	1	1	1	1	1	1	8.6	1	1
'6142038'	1	1	1	1	1	1	1	1	1	1	8.6	1	1
;

param: urban_cost_adjustment_coef :=	
'166174961'	1
'166174962'	1.06
'166174963'	1
'166174966'	1.14769975786925
'24978249'	1.05852417302799
'6139942'	1
'6139944'	1
'6139946'	1.04502814258912
'6139948'	1.03888024883359
'6139950'	1.0468085106383
'6139952'	1.06515499425947
'6139954'	1.5
'6139956'	1.106135986733
'6139958'	1
'6139960'	1
'6139964'	1.08602150537634
'6139966'	1.1
'6139968'	1.07507507507508
'6139970'	1.33831131533601
'6139972'	1.02739726027397
'6139974'	1.04428571428571
'6139976'	1.024
'6139978'	1.06301369863014
'6139980'	1.09259259259259
'6139982'	1.02672605790646
'6139988'	1
'6139990'	1.10662824207493
'6139992'	1.14203233256351
'6139994'	1.27701674277017
'6139996'	1.43571428571429
'6139998'	1.14901960784314
'6140000'	1.13333333333333
'6140002'	1.27019089574156
'6140004'	1.16666666666667
'6140008'	1.03702551337897
'6140010'	1.66575840145322
'6140012'	1.17521902377972
'6140014'	1.02815013404826
'6140016'	1.08066808813077
'6140018'	1.04647435897436
'6140020'	1
'6140022'	1
'6140024'	1.20282413350449
'6140026'	1.12366548042705
'6140028'	1
'6140030'	1.11834319526627
'6140032'	1.02439024390244
'6140034'	1.2680742162508
'6140036'	1.0381679389313
'6140038'	1.0475
'6140040'	1.23781009409752
'6140042'	1.09541511771995
'6140044'	1.19565217391304
'6140046'	1.30769230769231
'6140048'	1.15584415584416
'6140050'	1.38794326241135
'6140052'	1
'6140054'	1.11079136690647
'6140056'	1.52
'6140058'	1.30779054916986
'6140060'	1.15261756876664
'6140062'	1.18831168831169
'6140064'	1.30769230769231
'6140066'	1
'6140068'	1
'6140070'	1.30417582417582
'6140072'	1.34997075453305
'6140074'	1.04512820512821
'6140076'	1
'6140080'	1.08302354399009
'6140082'	1.0482180293501
'6140084'	1.46444574323008
'6140086'	1.02028397565923
'6140088'	1.91124978332467
'6140090'	1.22316234796404
'6140092'	1.23342939481268
'6140094'	1.32891125343092
'6140096'	1
'6140098'	1.03143781784558
'6140100'	1.0627027027027
'6140102'	1.25
'6140104'	1.57631359466222
'6140106'	1
'6140108'	1.01558441558442
'6140110'	1.16218034993271
'6140112'	1.07320261437908
'6140114'	1.58271047807079
'6140116'	1.64760302775442
'6140118'	1
'6140120'	1.12648716343143
'6140122'	1.52613776137761
'6140124'	1.2397476340694
'6140126'	1.11264367816092
'6140128'	1.22493224932249
'6140130'	1
'6140132'	1.21619496855346
'6140134'	1.16438356164384
'6140274'	1.03720930232558
'6140276'	1.11488673139159
'6140278'	1.02556818181818
'6140280'	1.28364389233954
'6140282'	1.12190812720848
'6140284'	1.1421568627451
'6140286'	1.02994011976048
'6140288'	1.08884688090737
'6140290'	1
'6140292'	1.00875273522976
'6140294'	1.10276073619632
'6140296'	1.09003831417625
'6140298'	1.03814713896458
'6140300'	1.2723704866562
'6140302'	1.06358974358974
'6140304'	1.25684931506849
'6140306'	1.02510460251046
'6140308'	1.04836193447738
'6140310'	1.3328611898017
'6140312'	1.02643171806167
'6140314'	1.016
'6140316'	1.28036990332072
'6140318'	1.03148148148148
'6140320'	1
'6140322'	1.1195652173913
'6140324'	1
'6140326'	1
'6140328'	1
'6140330'	1.21679571173317
'6140332'	1.21399594320487
'6140336'	1.06728110599078
'6140338'	1.13314121037464
'6140340'	1.07801418439716
'6140342'	1
'6140344'	1
'6140346'	1.1026936026936
'6140348'	1
'6140350'	1.12336319779462
'6140352'	1.00617125224994
'6140356'	1.0855614973262
'6140358'	1
'6140360'	1
'6140362'	1.2001582278481
'6140364'	1.16658954187876
'6140366'	1.33366287691547
'6140368'	1.25
'6140370'	1
'6140372'	1.39830058417419
'6140374'	1.06404958677686
'6140376'	1
'6140380'	1.10377358490566
'6140382'	1.082910321489
'6140384'	1.25
'6140386'	1.11264534883721
'6140388'	1
'6140390'	1.4
'6140392'	1.1252408477842
'6140394'	1.18527983644263
'6140396'	1
'6140398'	1.16537585421412
'6140402'	1
'6140404'	1.39196940726577
'6140406'	1
'6140408'	1.38724911452184
'6140410'	1
'6140414'	1
'6140416'	1
'6140418'	1.19487648673376
'6140420'	1
'6140422'	1.22202591283863
'6140426'	1.20799640610961
'6140428'	1.2962962962963
'6140430'	1.16662777129522
'6140432'	1.33325872873769
'6140434'	1.01837672281776
'6140436'	1
'6140438'	1.0741935483871
'6140442'	1
'6140444'	1.44140625
'6140448'	1.2108980827447
'6140450'	1
'6140452'	1.15625
'6140454'	1.13745704467354
'6140456'	1.97795591182365
'6140458'	1.06150061500615
'6140460'	1
'6140462'	1.12562814070352
'6140464'	1
'6140466'	1
'6140468'	1.20037105751391
'6140470'	1
'6140752'	1.25592417061611
'6140754'	1.24327628361858
'6140758'	1.19053876478318
'6140760'	1.65181058495822
'6140762'	1.21963470319635
'6140764'	1
'6140766'	1.3679842760428
'6140768'	1.01774193548387
'6140770'	1.03765690376569
'6140772'	1.0925341745531
'6140778'	1.54994797086368
'6140780'	1.06873315363881
'6140782'	1.31578947368421
'6140784'	1.35747663551402
'6140786'	1.04773869346734
'6140788'	1.22245322245322
'6140794'	1.19188191881919
'6140796'	1.05681818181818
'6140798'	1.1840354767184
'6140800'	1.23525835866261
'6140804'	1.13049853372434
'6140806'	1.07237635705669
'6140808'	1.38276299112801
'6140810'	1.26149131767109
'6140814'	1.05313496280553
'6140816'	1.05555555555556
'6140818'	1.06055900621118
'6140820'	1.046875
'6140822'	1.06479690522244
'6140826'	1.02959183673469
'6140830'	1
'6140832'	1.08801498127341
'6140834'	1.22266401590457
'6140836'	1.5729882733522
'6140838'	1.09942638623327
'6140842'	1.15591836734694
'6140846'	1
'6140848'	1.49217154526889
'6140852'	1.27079303675048
'6140854'	1.1996699669967
'6140856'	2
'6140858'	1.02941176470588
'6140860'	1.38919821826281
'6140864'	1.51176765147722
'6140866'	1.27097505668934
'6140868'	1.31115459882583
'6140872'	1.09887005649718
'6140874'	1.21048182586644
'6140876'	1.53118546055349
'6140878'	1.06607929515418
'6140880'	1.14259763851045
'6140882'	1
'6140884'	2.39997599903996
'6140886'	1.132
'6140888'	1.06406685236769
'6140892'	1.58941176470588
'6140894'	1.80280701754386
'6140896'	1.06796116504854
'6140900'	1.27170077628793
'6140902'	1.24320241691843
'6140904'	1.48204667863555
'6140906'	1.36167400881057
'6140908'	1.21179624664879
'6140910'	1.5
'6140914'	1.38113496932515
'6140916'	1.27482172243555
'6140918'	1.31682447195921
'6140920'	1.64759036144578
'6140924'	1.90909090909091
'6140926'	1.12246621621622
'6140928'	1
'6140930'	1.33139767721266
'6140932'	1.62735849056604
'6140934'	1.56827309236948
'6140938'	1.27574750830565
'6140940'	1
'6140942'	1
'6140944'	1.28230837789661
'6140946'	1.59513198491601
'6140948'	1.16351351351351
'6140952'	1.9149655441425
'6141024'	1
'6141030'	1.01990049751244
'6141032'	1.45786516853933
'6141034'	1.58499475341028
'6141038'	1.1093044263776
'6141042'	1.10394265232975
'6141046'	1
'6141050'	1.08445945945946
'6141054'	1
'6141056'	1.11060743427017
'6141060'	1.0866935483871
'6141062'	1.10284463894967
'6141064'	1.22096774193548
'6141066'	1.27019713954387
'6141070'	1.15320334261838
'6141074'	1.10906862745098
'6141076'	1.26740665993946
'6141084'	1.35084745762712
'6141086'	1.14793741109531
'6141090'	1.37002341920375
'6141100'	1.29765886287625
'6141104'	1.1629746835443
'6141106'	1.48423423423423
'6141108'	1.58498183286233
'6141110'	1.2766631467793
'6141112'	1.36952998379254
'6141126'	1.04991087344029
'6141128'	1.31818181818182
'6141130'	1.24590163934426
'6141148'	1
'6141150'	1
'6141152'	1
'6141154'	1
'6141170'	1.18502202643172
'6141176'	1.27658512231653
'6141178'	1.48094612352168
'6141180'	1
'6141184'	1
'6141188'	1.53937007874016
'6141196'	1.36332019476003
'6141208'	1.57875787578758
'6141210'	1.78600987852089
'6141214'	1.48935596874158
'6141218'	1.13297872340426
'6141220'	1.01043024771838
'6141228'	1.67530825165982
'6141270'	1.16015252621544
'6141274'	1
'6141306'	1
'6141308'	1.26272577996716
'6141310'	2.2495126705653
'6141312'	1
'6142038'	1.15065502183406
;
