OBJECTID,FEATURE,COUNT,AREA,SUM
1,4570505,93,83700.000000000000000,93.000000000000000
2,4570507,29,26100.000000000000000,29.000000000000000
3,4570513,11,9900.000000000000000,11.000000000000000
4,4570517,135,121500.000000000000000,135.000000000000000
5,4570521,36,32400.000000000000000,36.000000000000000
6,4570529,103,92700.000000000000000,103.000000000000000
7,4570531,202,181800.000000000000000,202.000000000000000
8,4570533,349,314100.000000000000000,349.000000000000000
9,4570539,219,197100.000000000000000,219.000000000000000
10,4570541,31,27900.000000000000000,31.000000000000000
11,4570543,11,9900.000000000000000,11.000000000000000
12,4570549,303,272700.000000000000000,303.000000000000000
13,4570555,51,45900.000000000000000,51.000000000000000
14,4570563,138,124200.000000000000000,138.000000000000000
15,4570571,72,64800.000000000000000,72.000000000000000
16,4570589,154,138600.000000000000000,154.000000000000000
17,4570591,250,225000.000000000000000,250.000000000000000
18,4570593,13,11700.000000000000000,13.000000000000000
19,4570595,78,70200.000000000000000,78.000000000000000
20,4570597,179,161100.000000000000000,179.000000000000000
21,4570601,16,14400.000000000000000,16.000000000000000
22,4570655,36,32400.000000000000000,36.000000000000000
23,4570657,145,130500.000000000000000,145.000000000000000
24,4570659,45,40500.000000000000000,45.000000000000000
25,4570675,9,8100.000000000000000,9.000000000000000
26,4570677,2,1800.000000000000000,2.000000000000000
27,4570689,3,2700.000000000000000,3.000000000000000
28,4570691,187,168300.000000000000000,187.000000000000000
29,4571069,17,15300.000000000000000,17.000000000000000
30,4571073,2,1800.000000000000000,2.000000000000000
31,4571079,3,2700.000000000000000,3.000000000000000
32,4571081,4,3600.000000000000000,4.000000000000000
33,4571083,40,36000.000000000000000,40.000000000000000
34,4571085,25,22500.000000000000000,25.000000000000000
35,4571087,18,16200.000000000000000,18.000000000000000
36,4571089,162,145800.000000000000000,162.000000000000000
37,4571091,142,127800.000000000000000,142.000000000000000
38,4571093,141,126900.000000000000000,141.000000000000000
39,4571095,11,9900.000000000000000,11.000000000000000
40,4571097,47,42300.000000000000000,47.000000000000000
41,4571099,116,104400.000000000000000,116.000000000000000
42,4571101,100,90000.000000000000000,100.000000000000000
43,4571103,558,502200.000000000000000,558.000000000000000
44,4571105,99,89100.000000000000000,99.000000000000000
45,4571107,6,5400.000000000000000,6.000000000000000
46,4571109,94,84600.000000000000000,94.000000000000000
47,4571111,37,33300.000000000000000,37.000000000000000
48,4571113,89,80100.000000000000000,89.000000000000000
49,4571115,323,290700.000000000000000,323.000000000000000
50,4571117,101,90900.000000000000000,101.000000000000000
51,4571119,135,121500.000000000000000,135.000000000000000
52,4571121,14,12600.000000000000000,14.000000000000000
53,4571123,150,135000.000000000000000,150.000000000000000
54,4571125,37,33300.000000000000000,37.000000000000000
55,4571129,63,56700.000000000000000,63.000000000000000
56,4571131,173,155700.000000000000000,173.000000000000000
57,4571137,20,18000.000000000000000,20.000000000000000
58,4571139,150,135000.000000000000000,150.000000000000000
59,4571141,6,5400.000000000000000,6.000000000000000
60,4571143,261,234900.000000000000000,261.000000000000000
61,4571145,17,15300.000000000000000,17.000000000000000
62,4571147,61,54900.000000000000000,61.000000000000000
63,4571149,69,62100.000000000000000,69.000000000000000
64,4571151,95,85500.000000000000000,95.000000000000000
65,4571155,100,90000.000000000000000,100.000000000000000
66,4571157,51,45900.000000000000000,51.000000000000000
67,4571159,67,60300.000000000000000,67.000000000000000
68,4571161,1,900.000000000000000,1.000000000000000
69,4571165,28,25200.000000000000000,28.000000000000000
70,4571189,8,7200.000000000000000,8.000000000000000
71,4571191,43,38700.000000000000000,43.000000000000000
72,4571193,9,8100.000000000000000,9.000000000000000
73,4571197,39,35100.000000000000000,39.000000000000000
74,4571199,20,18000.000000000000000,20.000000000000000
75,4571201,14,12600.000000000000000,14.000000000000000
76,4571203,42,37800.000000000000000,42.000000000000000
77,4571687,19,17100.000000000000000,19.000000000000000
78,4571697,34,30600.000000000000000,34.000000000000000
79,4571699,14,12600.000000000000000,14.000000000000000
80,4571703,4,3600.000000000000000,4.000000000000000
81,4571705,180,162000.000000000000000,180.000000000000000
82,4571709,198,178200.000000000000000,198.000000000000000
83,4571713,5,4500.000000000000000,5.000000000000000
84,4571723,126,113400.000000000000000,126.000000000000000
85,4571725,111,99900.000000000000000,111.000000000000000
86,4571727,9,8100.000000000000000,9.000000000000000
87,4571729,412,370800.000000000000000,412.000000000000000
88,4571733,341,306900.000000000000000,341.000000000000000
89,4571735,29,26100.000000000000000,29.000000000000000
90,4571737,45,40500.000000000000000,45.000000000000000
91,4571811,48,43200.000000000000000,48.000000000000000
92,4572273,221,198900.000000000000000,221.000000000000000
93,4572275,82,73800.000000000000000,82.000000000000000
94,4572277,67,60300.000000000000000,67.000000000000000
95,4572279,51,45900.000000000000000,51.000000000000000
96,4572281,117,105300.000000000000000,117.000000000000000
97,4572283,234,210600.000000000000000,234.000000000000000
98,4572285,87,78300.000000000000000,87.000000000000000
99,4572287,67,60300.000000000000000,67.000000000000000
100,4572289,21,18900.000000000000000,21.000000000000000
101,4572291,172,154800.000000000000000,172.000000000000000
102,4572293,14,12600.000000000000000,14.000000000000000
103,4572295,175,157500.000000000000000,175.000000000000000
104,4572297,111,99900.000000000000000,111.000000000000000
105,4572299,45,40500.000000000000000,45.000000000000000
106,4572301,81,72900.000000000000000,81.000000000000000
107,4572307,251,225900.000000000000000,251.000000000000000
108,4572309,25,22500.000000000000000,25.000000000000000
109,4572311,190,171000.000000000000000,190.000000000000000
110,4572313,187,168300.000000000000000,187.000000000000000
111,4572317,129,116100.000000000000000,129.000000000000000
112,4572345,69,62100.000000000000000,69.000000000000000
113,4572347,225,202500.000000000000000,225.000000000000000
114,4572349,96,86400.000000000000000,96.000000000000000
115,4572351,60,54000.000000000000000,60.000000000000000
116,4572353,353,317700.000000000000000,353.000000000000000
117,4572355,384,345600.000000000000000,384.000000000000000
118,4572357,227,204300.000000000000000,227.000000000000000
119,4572359,187,168300.000000000000000,187.000000000000000
120,4572361,66,59400.000000000000000,66.000000000000000
121,4572363,716,644400.000000000000000,716.000000000000000
122,4572365,69,62100.000000000000000,69.000000000000000
123,4572367,113,101700.000000000000000,113.000000000000000
124,4572369,181,162900.000000000000000,181.000000000000000
125,4572371,255,229500.000000000000000,255.000000000000000
126,4572379,66,59400.000000000000000,66.000000000000000
127,4572387,5,4500.000000000000000,5.000000000000000
128,4572391,327,294300.000000000000000,327.000000000000000
129,4572395,19,17100.000000000000000,19.000000000000000
130,4572399,2,1800.000000000000000,2.000000000000000
131,4572403,153,137700.000000000000000,153.000000000000000
132,4572405,420,378000.000000000000000,420.000000000000000
133,4572409,26,23400.000000000000000,26.000000000000000
134,4573737,101,90900.000000000000000,101.000000000000000
135,4573739,230,207000.000000000000000,230.000000000000000
136,4573743,202,181800.000000000000000,202.000000000000000
137,4573745,158,142200.000000000000000,158.000000000000000
138,4573747,519,467100.000000000000000,519.000000000000000
139,4573751,27,24300.000000000000000,27.000000000000000
140,4573753,20,18000.000000000000000,20.000000000000000
141,4573755,50,45000.000000000000000,50.000000000000000
142,4573757,8,7200.000000000000000,8.000000000000000
143,4573759,45,40500.000000000000000,45.000000000000000
144,4573761,67,60300.000000000000000,67.000000000000000
145,4573763,235,211500.000000000000000,235.000000000000000
146,4573765,19,17100.000000000000000,19.000000000000000
147,4573767,61,54900.000000000000000,61.000000000000000
148,4573769,27,24300.000000000000000,27.000000000000000
149,4573775,11,9900.000000000000000,11.000000000000000
150,4573779,136,122400.000000000000000,136.000000000000000
151,4573781,19,17100.000000000000000,19.000000000000000
152,4573785,144,129600.000000000000000,144.000000000000000
153,4573787,47,42300.000000000000000,47.000000000000000
154,4573789,158,142200.000000000000000,158.000000000000000
155,4573795,42,37800.000000000000000,42.000000000000000
156,4573797,844,759600.000000000000000,844.000000000000000
157,4573799,241,216900.000000000000000,241.000000000000000
158,4573801,300,270000.000000000000000,300.000000000000000
159,4573803,150,135000.000000000000000,150.000000000000000
160,4573805,62,55800.000000000000000,62.000000000000000
161,4573807,384,345600.000000000000000,384.000000000000000
162,4573809,106,95400.000000000000000,106.000000000000000
163,4573811,65,58500.000000000000000,65.000000000000000
164,4573813,67,60300.000000000000000,67.000000000000000
165,4573815,159,143100.000000000000000,159.000000000000000
166,4573817,36,32400.000000000000000,36.000000000000000
167,4573821,348,313200.000000000000000,348.000000000000000
168,4573823,200,180000.000000000000000,200.000000000000000
169,4573825,203,182700.000000000000000,203.000000000000000
170,4573829,65,58500.000000000000000,65.000000000000000
171,4573831,308,277200.000000000000000,308.000000000000000
172,4573833,46,41400.000000000000000,46.000000000000000
173,4573835,11,9900.000000000000000,11.000000000000000
174,4573837,8,7200.000000000000000,8.000000000000000
175,4573841,20,18000.000000000000000,20.000000000000000
176,4573843,210,189000.000000000000000,210.000000000000000
177,4573845,131,117900.000000000000000,131.000000000000000
178,4573847,20,18000.000000000000000,20.000000000000000
179,4573849,178,160200.000000000000000,178.000000000000000
180,4573851,114,102600.000000000000000,114.000000000000000
181,4573853,74,66600.000000000000000,74.000000000000000
182,4573855,106,95400.000000000000000,106.000000000000000
183,4573857,391,351900.000000000000000,391.000000000000000
184,4573859,41,36900.000000000000000,41.000000000000000
185,4573861,14,12600.000000000000000,14.000000000000000
186,4573863,91,81900.000000000000000,91.000000000000000
187,4573865,8,7200.000000000000000,8.000000000000000
188,4573867,24,21600.000000000000000,24.000000000000000
189,4573869,26,23400.000000000000000,26.000000000000000
190,4573871,36,32400.000000000000000,36.000000000000000
191,4573873,5,4500.000000000000000,5.000000000000000
192,4573903,267,240300.000000000000000,267.000000000000000
193,4573905,214,192600.000000000000000,214.000000000000000
194,4573907,258,232200.000000000000000,258.000000000000000
195,4573909,214,192600.000000000000000,214.000000000000000
196,4573911,37,33300.000000000000000,37.000000000000000
197,4573913,116,104400.000000000000000,116.000000000000000
198,4573915,15,13500.000000000000000,15.000000000000000
199,4573917,11,9900.000000000000000,11.000000000000000
200,4573919,10,9000.000000000000000,10.000000000000000
201,4573921,245,220500.000000000000000,245.000000000000000
202,4573923,66,59400.000000000000000,66.000000000000000
203,4573925,18,16200.000000000000000,18.000000000000000
204,4573927,183,164700.000000000000000,183.000000000000000
205,4573929,263,236700.000000000000000,263.000000000000000
206,4573931,193,173700.000000000000000,193.000000000000000
207,4573933,19,17100.000000000000000,19.000000000000000
208,4573935,132,118800.000000000000000,132.000000000000000
209,4573937,243,218700.000000000000000,243.000000000000000
210,4573939,302,271800.000000000000000,302.000000000000000
211,4573941,29,26100.000000000000000,29.000000000000000
212,4573943,41,36900.000000000000000,41.000000000000000
213,4573945,339,305100.000000000000000,339.000000000000000
214,4573947,548,493200.000000000000000,548.000000000000000
215,4573949,56,50400.000000000000000,56.000000000000000
216,4573951,363,326700.000000000000000,363.000000000000000
217,4573953,37,33300.000000000000000,37.000000000000000
218,4573959,50,45000.000000000000000,50.000000000000000
219,4573961,1,900.000000000000000,1.000000000000000
220,4573963,64,57600.000000000000000,64.000000000000000
221,4573965,14,12600.000000000000000,14.000000000000000
222,4573967,236,212400.000000000000000,236.000000000000000
223,4573969,8,7200.000000000000000,8.000000000000000
224,4573971,138,124200.000000000000000,138.000000000000000
225,4573973,41,36900.000000000000000,41.000000000000000
226,4573981,27,24300.000000000000000,27.000000000000000
227,4573983,50,45000.000000000000000,50.000000000000000
228,4573985,95,85500.000000000000000,95.000000000000000
229,4573991,25,22500.000000000000000,25.000000000000000
230,4573993,31,27900.000000000000000,31.000000000000000
231,4573997,10,9000.000000000000000,10.000000000000000
232,4573999,64,57600.000000000000000,64.000000000000000
233,4574001,41,36900.000000000000000,41.000000000000000
234,4574005,2,1800.000000000000000,2.000000000000000
235,4574007,2,1800.000000000000000,2.000000000000000
236,4574481,8,7200.000000000000000,8.000000000000000
237,4574483,89,80100.000000000000000,89.000000000000000
238,4574485,44,39600.000000000000000,44.000000000000000
239,4574487,4,3600.000000000000000,4.000000000000000
240,4574491,21,18900.000000000000000,21.000000000000000
241,4574493,8,7200.000000000000000,8.000000000000000
242,4574495,46,41400.000000000000000,46.000000000000000
243,4574499,66,59400.000000000000000,66.000000000000000
244,4574501,18,16200.000000000000000,18.000000000000000
245,4574503,26,23400.000000000000000,26.000000000000000
246,4574505,40,36000.000000000000000,40.000000000000000
247,4574507,7,6300.000000000000000,7.000000000000000
248,4574509,64,57600.000000000000000,64.000000000000000
249,4574511,47,42300.000000000000000,47.000000000000000
250,4574513,5,4500.000000000000000,5.000000000000000
251,4574515,77,69300.000000000000000,77.000000000000000
252,4574517,2,1800.000000000000000,2.000000000000000
253,4574519,45,40500.000000000000000,45.000000000000000
254,4574521,25,22500.000000000000000,25.000000000000000
255,4574525,14,12600.000000000000000,14.000000000000000
256,4574527,47,42300.000000000000000,47.000000000000000
257,4574529,34,30600.000000000000000,34.000000000000000
258,4574531,9,8100.000000000000000,9.000000000000000
259,4574533,3,2700.000000000000000,3.000000000000000
260,4574535,22,19800.000000000000000,22.000000000000000
261,4574537,71,63900.000000000000000,71.000000000000000
262,4574539,35,31500.000000000000000,35.000000000000000
263,4574541,9,8100.000000000000000,9.000000000000000
264,4574543,25,22500.000000000000000,25.000000000000000
265,4574545,132,118800.000000000000000,132.000000000000000
266,4574547,100,90000.000000000000000,100.000000000000000
267,4574549,41,36900.000000000000000,41.000000000000000
268,4574551,23,20700.000000000000000,23.000000000000000
269,4574553,1,900.000000000000000,1.000000000000000
270,4574555,24,21600.000000000000000,24.000000000000000
271,4574557,1,900.000000000000000,1.000000000000000
272,4574559,47,42300.000000000000000,47.000000000000000
273,4574561,3,2700.000000000000000,3.000000000000000
274,4574563,26,23400.000000000000000,26.000000000000000
275,4574571,4,3600.000000000000000,4.000000000000000
276,4574573,68,61200.000000000000000,68.000000000000000
277,4574575,60,54000.000000000000000,60.000000000000000
278,4574577,11,9900.000000000000000,11.000000000000000
279,4574579,50,45000.000000000000000,50.000000000000000
280,4574581,83,74700.000000000000000,83.000000000000000
281,4574583,2,1800.000000000000000,2.000000000000000
282,4574585,111,99900.000000000000000,111.000000000000000
283,4574587,24,21600.000000000000000,24.000000000000000
284,4574589,82,73800.000000000000000,82.000000000000000
285,4574591,12,10800.000000000000000,12.000000000000000
286,4574593,16,14400.000000000000000,16.000000000000000
287,4574595,10,9000.000000000000000,10.000000000000000
288,4574597,15,13500.000000000000000,15.000000000000000
289,4574599,42,37800.000000000000000,42.000000000000000
290,4574601,95,85500.000000000000000,95.000000000000000
291,4574603,28,25200.000000000000000,28.000000000000000
292,4574605,95,85500.000000000000000,95.000000000000000
293,4574609,70,63000.000000000000000,70.000000000000000
294,4574611,105,94500.000000000000000,105.000000000000000
295,4574613,2,1800.000000000000000,2.000000000000000
296,4574615,7,6300.000000000000000,7.000000000000000
297,4574617,37,33300.000000000000000,37.000000000000000
298,4574619,3,2700.000000000000000,3.000000000000000
299,4574623,78,70200.000000000000000,78.000000000000000
300,4574625,26,23400.000000000000000,26.000000000000000
301,4574627,33,29700.000000000000000,33.000000000000000
302,4574633,26,23400.000000000000000,26.000000000000000
303,4574635,102,91800.000000000000000,102.000000000000000
304,4574637,11,9900.000000000000000,11.000000000000000
305,4574641,31,27900.000000000000000,31.000000000000000
306,4574643,17,15300.000000000000000,17.000000000000000
307,4574645,184,165600.000000000000000,184.000000000000000
308,4574647,182,163800.000000000000000,182.000000000000000
309,4574649,50,45000.000000000000000,50.000000000000000
310,4574651,17,15300.000000000000000,17.000000000000000
311,4574653,6,5400.000000000000000,6.000000000000000
312,4574655,32,28800.000000000000000,32.000000000000000
313,4574657,5,4500.000000000000000,5.000000000000000
314,4574659,8,7200.000000000000000,8.000000000000000
315,4574661,32,28800.000000000000000,32.000000000000000
316,4574663,19,17100.000000000000000,19.000000000000000
317,4574665,5,4500.000000000000000,5.000000000000000
318,4574669,8,7200.000000000000000,8.000000000000000
319,4574671,166,149400.000000000000000,166.000000000000000
320,4574673,90,81000.000000000000000,90.000000000000000
321,4574675,10,9000.000000000000000,10.000000000000000
322,4574677,29,26100.000000000000000,29.000000000000000
323,4574679,57,51300.000000000000000,57.000000000000000
324,4574681,57,51300.000000000000000,57.000000000000000
325,4574683,141,126900.000000000000000,141.000000000000000
326,4574685,29,26100.000000000000000,29.000000000000000
327,4574691,23,20700.000000000000000,23.000000000000000
328,4574697,120,108000.000000000000000,120.000000000000000
329,4574701,27,24300.000000000000000,27.000000000000000
330,4574705,69,62100.000000000000000,69.000000000000000
331,4574707,7,6300.000000000000000,7.000000000000000
332,4574709,31,27900.000000000000000,31.000000000000000
333,4574711,20,18000.000000000000000,20.000000000000000
334,4574719,126,113400.000000000000000,126.000000000000000
335,4574721,63,56700.000000000000000,63.000000000000000
336,4574725,123,110700.000000000000000,123.000000000000000
337,4574727,11,9900.000000000000000,11.000000000000000
338,4574729,10,9000.000000000000000,10.000000000000000
339,4574755,136,122400.000000000000000,136.000000000000000
340,4574759,36,32400.000000000000000,36.000000000000000
341,4574763,2,1800.000000000000000,2.000000000000000
342,4574767,71,63900.000000000000000,71.000000000000000
343,4574769,150,135000.000000000000000,150.000000000000000
344,4574771,11,9900.000000000000000,11.000000000000000
345,4574773,219,197100.000000000000000,219.000000000000000
346,4574775,8,7200.000000000000000,8.000000000000000
347,4574777,47,42300.000000000000000,47.000000000000000
348,4574779,73,65700.000000000000000,73.000000000000000
349,4574785,3,2700.000000000000000,3.000000000000000
350,4574787,42,37800.000000000000000,42.000000000000000
351,4574791,15,13500.000000000000000,15.000000000000000
352,4574795,17,15300.000000000000000,17.000000000000000
353,4574797,18,16200.000000000000000,18.000000000000000
354,4574799,14,12600.000000000000000,14.000000000000000
355,4574801,129,116100.000000000000000,129.000000000000000
356,4574805,32,28800.000000000000000,32.000000000000000
357,4574807,125,112500.000000000000000,125.000000000000000
358,4574815,13,11700.000000000000000,13.000000000000000
359,4574817,2,1800.000000000000000,2.000000000000000
360,4574819,1,900.000000000000000,1.000000000000000
361,4574821,3,2700.000000000000000,3.000000000000000
362,4574823,106,95400.000000000000000,106.000000000000000
363,4574825,2,1800.000000000000000,2.000000000000000
364,4574827,29,26100.000000000000000,29.000000000000000
365,4574829,16,14400.000000000000000,16.000000000000000
366,4574833,7,6300.000000000000000,7.000000000000000
367,4574841,25,22500.000000000000000,25.000000000000000
368,4574847,1,900.000000000000000,1.000000000000000
369,4574849,76,68400.000000000000000,76.000000000000000
370,4574851,17,15300.000000000000000,17.000000000000000
371,4574857,11,9900.000000000000000,11.000000000000000
372,4592081,72,64800.000000000000000,72.000000000000000
373,4592085,17,15300.000000000000000,17.000000000000000
374,4592097,62,55800.000000000000000,62.000000000000000
375,4592103,14,12600.000000000000000,14.000000000000000
376,4592119,5,4500.000000000000000,5.000000000000000
377,4592121,60,54000.000000000000000,60.000000000000000
378,4592125,27,24300.000000000000000,27.000000000000000
379,4592127,17,15300.000000000000000,17.000000000000000
380,4592135,18,16200.000000000000000,18.000000000000000
381,4592137,30,27000.000000000000000,30.000000000000000
382,4592143,1,900.000000000000000,1.000000000000000
383,4592145,9,8100.000000000000000,9.000000000000000
384,4592147,2,1800.000000000000000,2.000000000000000
385,4592151,3,2700.000000000000000,3.000000000000000
386,4592157,3,2700.000000000000000,3.000000000000000
387,4592159,40,36000.000000000000000,40.000000000000000
388,4592161,6,5400.000000000000000,6.000000000000000
389,4592163,72,64800.000000000000000,72.000000000000000
390,4592165,16,14400.000000000000000,16.000000000000000
391,4592167,5,4500.000000000000000,5.000000000000000
392,4592169,7,6300.000000000000000,7.000000000000000
393,4592171,5,4500.000000000000000,5.000000000000000
394,4592177,22,19800.000000000000000,22.000000000000000
395,4592179,26,23400.000000000000000,26.000000000000000
396,4592187,33,29700.000000000000000,33.000000000000000
397,4592199,3,2700.000000000000000,3.000000000000000
398,4592201,24,21600.000000000000000,24.000000000000000
399,4592205,37,33300.000000000000000,37.000000000000000
400,4592209,29,26100.000000000000000,29.000000000000000
401,4592211,28,25200.000000000000000,28.000000000000000
402,4592215,84,75600.000000000000000,84.000000000000000
403,4592217,22,19800.000000000000000,22.000000000000000
404,4592255,136,122400.000000000000000,136.000000000000000
405,4592257,3,2700.000000000000000,3.000000000000000
406,4592259,125,112500.000000000000000,125.000000000000000
407,4592261,2,1800.000000000000000,2.000000000000000
408,4592265,14,12600.000000000000000,14.000000000000000
409,4592267,5,4500.000000000000000,5.000000000000000
410,4592271,6,5400.000000000000000,6.000000000000000
411,4592275,66,59400.000000000000000,66.000000000000000
412,4592283,5,4500.000000000000000,5.000000000000000
413,4592285,254,228600.000000000000000,254.000000000000000
414,4592289,7,6300.000000000000000,7.000000000000000
415,4592291,26,23400.000000000000000,26.000000000000000
416,4592293,18,16200.000000000000000,18.000000000000000
417,4592295,20,18000.000000000000000,20.000000000000000
418,4592297,36,32400.000000000000000,36.000000000000000
419,4592299,83,74700.000000000000000,83.000000000000000
420,4592303,17,15300.000000000000000,17.000000000000000
421,4592305,33,29700.000000000000000,33.000000000000000
422,4592307,2,1800.000000000000000,2.000000000000000
423,4592311,34,30600.000000000000000,34.000000000000000
424,4592315,13,11700.000000000000000,13.000000000000000
425,4592317,16,14400.000000000000000,16.000000000000000
426,4592323,11,9900.000000000000000,11.000000000000000
427,4592329,47,42300.000000000000000,47.000000000000000
428,4592331,33,29700.000000000000000,33.000000000000000
429,4592335,159,143100.000000000000000,159.000000000000000
430,4592339,24,21600.000000000000000,24.000000000000000
431,4592365,8,7200.000000000000000,8.000000000000000
432,4592379,15,13500.000000000000000,15.000000000000000
433,4592383,62,55800.000000000000000,62.000000000000000
434,4592385,19,17100.000000000000000,19.000000000000000
435,4592387,30,27000.000000000000000,30.000000000000000
436,4592391,122,109800.000000000000000,122.000000000000000
437,4592397,5,4500.000000000000000,5.000000000000000
438,4592401,182,163800.000000000000000,182.000000000000000
439,4592403,16,14400.000000000000000,16.000000000000000
440,4592763,1,900.000000000000000,1.000000000000000
441,4592765,41,36900.000000000000000,41.000000000000000
442,4592777,44,39600.000000000000000,44.000000000000000
443,4592779,58,52200.000000000000000,58.000000000000000
444,4592795,4,3600.000000000000000,4.000000000000000
445,4592797,89,80100.000000000000000,89.000000000000000
446,4592801,15,13500.000000000000000,15.000000000000000
447,4592807,25,22500.000000000000000,25.000000000000000
448,4592809,83,74700.000000000000000,83.000000000000000
449,4592811,84,75600.000000000000000,84.000000000000000
450,4592819,23,20700.000000000000000,23.000000000000000
451,4592825,8,7200.000000000000000,8.000000000000000
452,4592833,156,140400.000000000000000,156.000000000000000
453,4592835,76,68400.000000000000000,76.000000000000000
454,4592839,50,45000.000000000000000,50.000000000000000
455,4592851,12,10800.000000000000000,12.000000000000000
456,4592853,414,372600.000000000000000,414.000000000000000
457,4592859,91,81900.000000000000000,91.000000000000000
458,4592861,54,48600.000000000000000,54.000000000000000
459,4592865,16,14400.000000000000000,16.000000000000000
460,4592867,26,23400.000000000000000,26.000000000000000
461,4592875,54,48600.000000000000000,54.000000000000000
462,4592879,33,29700.000000000000000,33.000000000000000
463,4592881,12,10800.000000000000000,12.000000000000000
464,4592889,23,20700.000000000000000,23.000000000000000
465,4592929,17,15300.000000000000000,17.000000000000000
466,4592943,8,7200.000000000000000,8.000000000000000
467,4592967,41,36900.000000000000000,41.000000000000000
468,4592981,63,56700.000000000000000,63.000000000000000
469,4593003,11,9900.000000000000000,11.000000000000000
470,4593013,71,63900.000000000000000,71.000000000000000
471,4593015,57,51300.000000000000000,57.000000000000000
472,4593017,15,13500.000000000000000,15.000000000000000
473,4593027,3,2700.000000000000000,3.000000000000000
474,4593033,66,59400.000000000000000,66.000000000000000
475,4593045,11,9900.000000000000000,11.000000000000000
476,4593051,8,7200.000000000000000,8.000000000000000
477,4593089,5,4500.000000000000000,5.000000000000000
478,4593095,6,5400.000000000000000,6.000000000000000
479,4593103,1,900.000000000000000,1.000000000000000
480,4593175,84,75600.000000000000000,84.000000000000000
481,4593179,41,36900.000000000000000,41.000000000000000
482,4593187,14,12600.000000000000000,14.000000000000000
483,4593197,136,122400.000000000000000,136.000000000000000
484,4593203,71,63900.000000000000000,71.000000000000000
485,4593233,53,47700.000000000000000,53.000000000000000
486,4593235,48,43200.000000000000000,48.000000000000000
487,4593251,21,18900.000000000000000,21.000000000000000
488,4593253,45,40500.000000000000000,45.000000000000000
489,4593261,1,900.000000000000000,1.000000000000000
490,4593265,32,28800.000000000000000,32.000000000000000
491,4593269,10,9000.000000000000000,10.000000000000000
492,4593271,40,36000.000000000000000,40.000000000000000
493,4593273,31,27900.000000000000000,31.000000000000000
494,4593277,4,3600.000000000000000,4.000000000000000
495,4593281,49,44100.000000000000000,49.000000000000000
496,4593293,17,15300.000000000000000,17.000000000000000
497,4593363,25,22500.000000000000000,25.000000000000000
498,4593373,36,32400.000000000000000,36.000000000000000
499,4593395,18,16200.000000000000000,18.000000000000000
500,4593901,239,215100.000000000000000,239.000000000000000
501,4593905,19,17100.000000000000000,19.000000000000000
502,4593909,42,37800.000000000000000,42.000000000000000
503,4593911,70,63000.000000000000000,70.000000000000000
504,4593917,186,167400.000000000000000,186.000000000000000
505,4593921,5,4500.000000000000000,5.000000000000000
506,4593923,9,8100.000000000000000,9.000000000000000
507,4593937,38,34200.000000000000000,38.000000000000000
508,4593947,60,54000.000000000000000,60.000000000000000
509,4593953,163,146700.000000000000000,163.000000000000000
510,4593965,14,12600.000000000000000,14.000000000000000
511,4593971,56,50400.000000000000000,56.000000000000000
512,4593981,44,39600.000000000000000,44.000000000000000
513,4593983,53,47700.000000000000000,53.000000000000000
514,4593991,2,1800.000000000000000,2.000000000000000
515,4593993,23,20700.000000000000000,23.000000000000000
516,4593995,44,39600.000000000000000,44.000000000000000
517,4593999,22,19800.000000000000000,22.000000000000000
518,4594005,123,110700.000000000000000,123.000000000000000
519,4594009,5,4500.000000000000000,5.000000000000000
520,4594017,25,22500.000000000000000,25.000000000000000
521,4594021,61,54900.000000000000000,61.000000000000000
522,4594023,7,6300.000000000000000,7.000000000000000
523,4594025,56,50400.000000000000000,56.000000000000000
524,4594029,11,9900.000000000000000,11.000000000000000
525,4594035,158,142200.000000000000000,158.000000000000000
526,4594037,17,15300.000000000000000,17.000000000000000
527,4594039,21,18900.000000000000000,21.000000000000000
528,4594047,93,83700.000000000000000,93.000000000000000
529,4594049,91,81900.000000000000000,91.000000000000000
530,4594053,15,13500.000000000000000,15.000000000000000
531,4594055,38,34200.000000000000000,38.000000000000000
532,4594057,60,54000.000000000000000,60.000000000000000
533,4594061,25,22500.000000000000000,25.000000000000000
534,4594063,13,11700.000000000000000,13.000000000000000
535,4594065,5,4500.000000000000000,5.000000000000000
536,4594067,15,13500.000000000000000,15.000000000000000
537,4594071,14,12600.000000000000000,14.000000000000000
538,4594073,2,1800.000000000000000,2.000000000000000
539,4594075,3,2700.000000000000000,3.000000000000000
540,4594077,4,3600.000000000000000,4.000000000000000
541,4594079,10,9000.000000000000000,10.000000000000000
542,4594081,2,1800.000000000000000,2.000000000000000
543,4594083,41,36900.000000000000000,41.000000000000000
544,4594087,1,900.000000000000000,1.000000000000000
545,4594091,1,900.000000000000000,1.000000000000000
546,4594097,10,9000.000000000000000,10.000000000000000
547,4594105,2,1800.000000000000000,2.000000000000000
548,4594107,39,35100.000000000000000,39.000000000000000
549,4594123,6,5400.000000000000000,6.000000000000000
550,4594127,68,61200.000000000000000,68.000000000000000
551,4594133,47,42300.000000000000000,47.000000000000000
552,4594135,50,45000.000000000000000,50.000000000000000
553,4594143,47,42300.000000000000000,47.000000000000000
554,4594147,15,13500.000000000000000,15.000000000000000
555,4594153,26,23400.000000000000000,26.000000000000000
556,4594163,58,52200.000000000000000,58.000000000000000
557,4594179,8,7200.000000000000000,8.000000000000000
558,4594195,68,61200.000000000000000,68.000000000000000
559,4594209,327,294300.000000000000000,327.000000000000000
560,4594211,3,2700.000000000000000,3.000000000000000
561,4594213,4,3600.000000000000000,4.000000000000000
562,4594215,77,69300.000000000000000,77.000000000000000
563,4594219,7,6300.000000000000000,7.000000000000000
564,4594221,27,24300.000000000000000,27.000000000000000
565,4594229,29,26100.000000000000000,29.000000000000000
566,4594233,34,30600.000000000000000,34.000000000000000
567,4594235,8,7200.000000000000000,8.000000000000000
568,4594249,5,4500.000000000000000,5.000000000000000
569,4594251,43,38700.000000000000000,43.000000000000000
570,4594259,3,2700.000000000000000,3.000000000000000
571,4594287,6,5400.000000000000000,6.000000000000000
572,4594297,3,2700.000000000000000,3.000000000000000
573,4594305,2,1800.000000000000000,2.000000000000000
574,4594307,37,33300.000000000000000,37.000000000000000
575,4594319,1,900.000000000000000,1.000000000000000
576,4594333,8,7200.000000000000000,8.000000000000000
577,4594335,7,6300.000000000000000,7.000000000000000
578,4594343,11,9900.000000000000000,11.000000000000000
579,4594351,48,43200.000000000000000,48.000000000000000
580,4594359,116,104400.000000000000000,116.000000000000000
581,4594361,9,8100.000000000000000,9.000000000000000
582,4594363,3,2700.000000000000000,3.000000000000000
583,4594369,18,16200.000000000000000,18.000000000000000
584,4594371,9,8100.000000000000000,9.000000000000000
585,4594377,12,10800.000000000000000,12.000000000000000
586,4594389,37,33300.000000000000000,37.000000000000000
587,4594393,4,3600.000000000000000,4.000000000000000
588,4594395,9,8100.000000000000000,9.000000000000000
589,4594407,8,7200.000000000000000,8.000000000000000
590,4594411,4,3600.000000000000000,4.000000000000000
591,4594413,2,1800.000000000000000,2.000000000000000
592,4594415,25,22500.000000000000000,25.000000000000000
593,4594423,3,2700.000000000000000,3.000000000000000
594,4594437,15,13500.000000000000000,15.000000000000000
595,4594443,35,31500.000000000000000,35.000000000000000
596,4594445,4,3600.000000000000000,4.000000000000000
597,4594521,165,148500.000000000000000,165.000000000000000
598,4594525,43,38700.000000000000000,43.000000000000000
599,4594527,14,12600.000000000000000,14.000000000000000
600,4594533,5,4500.000000000000000,5.000000000000000
601,4594535,42,37800.000000000000000,42.000000000000000
602,4594537,11,9900.000000000000000,11.000000000000000
603,4594539,4,3600.000000000000000,4.000000000000000
604,4594541,112,100800.000000000000000,112.000000000000000
605,4594549,4,3600.000000000000000,4.000000000000000
606,4594553,4,3600.000000000000000,4.000000000000000
607,4594555,7,6300.000000000000000,7.000000000000000
608,4594557,40,36000.000000000000000,40.000000000000000
609,4594559,4,3600.000000000000000,4.000000000000000
610,4594569,409,368100.000000000000000,409.000000000000000
611,4594571,132,118800.000000000000000,132.000000000000000
612,4594581,34,30600.000000000000000,34.000000000000000
613,4594585,14,12600.000000000000000,14.000000000000000
614,4594593,6,5400.000000000000000,6.000000000000000
615,4594655,80,72000.000000000000000,80.000000000000000
616,4594661,20,18000.000000000000000,20.000000000000000
617,4594689,2,1800.000000000000000,2.000000000000000
618,4594705,4,3600.000000000000000,4.000000000000000
619,4594717,10,9000.000000000000000,10.000000000000000
620,4594723,2,1800.000000000000000,2.000000000000000
621,4594745,4,3600.000000000000000,4.000000000000000
622,4594747,42,37800.000000000000000,42.000000000000000
623,4594753,52,46800.000000000000000,52.000000000000000
624,4594755,19,17100.000000000000000,19.000000000000000
625,4594757,39,35100.000000000000000,39.000000000000000
626,4594759,8,7200.000000000000000,8.000000000000000
627,4594769,31,27900.000000000000000,31.000000000000000
628,4594771,1048,943200.000000000000000,1048.000000000000000
629,4594773,13,11700.000000000000000,13.000000000000000
630,4594777,7,6300.000000000000000,7.000000000000000
631,4594779,96,86400.000000000000000,96.000000000000000
632,4594793,2,1800.000000000000000,2.000000000000000
633,4594805,2,1800.000000000000000,2.000000000000000
634,4594807,11,9900.000000000000000,11.000000000000000
635,4594817,99,89100.000000000000000,99.000000000000000
636,4594819,4,3600.000000000000000,4.000000000000000
637,4594823,6,5400.000000000000000,6.000000000000000
638,4594969,116,104400.000000000000000,116.000000000000000
639,4594973,12,10800.000000000000000,12.000000000000000
640,4594977,64,57600.000000000000000,64.000000000000000
641,4594979,13,11700.000000000000000,13.000000000000000
642,4594985,7,6300.000000000000000,7.000000000000000
643,4594989,139,125100.000000000000000,139.000000000000000
644,4594991,172,154800.000000000000000,172.000000000000000
645,4594993,29,26100.000000000000000,29.000000000000000
646,4594995,184,165600.000000000000000,184.000000000000000
647,4594997,4,3600.000000000000000,4.000000000000000
648,4594999,4,3600.000000000000000,4.000000000000000
649,4595005,5,4500.000000000000000,5.000000000000000
650,4595009,33,29700.000000000000000,33.000000000000000
651,4595039,94,84600.000000000000000,94.000000000000000
652,4595045,1,900.000000000000000,1.000000000000000
653,4595049,1,900.000000000000000,1.000000000000000
654,4595051,15,13500.000000000000000,15.000000000000000
655,4595055,18,16200.000000000000000,18.000000000000000
656,4595059,12,10800.000000000000000,12.000000000000000
657,4595069,48,43200.000000000000000,48.000000000000000
658,4595075,224,201600.000000000000000,224.000000000000000
659,4595083,168,151200.000000000000000,168.000000000000000
660,4595085,3,2700.000000000000000,3.000000000000000
661,4595101,124,111600.000000000000000,124.000000000000000
662,4595105,3,2700.000000000000000,3.000000000000000
663,4595107,1,900.000000000000000,1.000000000000000
664,4596495,17,15300.000000000000000,17.000000000000000
665,6082735,12,10800.000000000000000,12.000000000000000
666,6082737,30,27000.000000000000000,30.000000000000000
667,6082739,20,18000.000000000000000,20.000000000000000
668,6082741,68,61200.000000000000000,68.000000000000000
669,6082743,4,3600.000000000000000,4.000000000000000
670,6082745,296,266400.000000000000000,296.000000000000000
671,6082747,135,121500.000000000000000,135.000000000000000
672,6082751,64,57600.000000000000000,64.000000000000000
673,6082753,54,48600.000000000000000,54.000000000000000
674,6082755,104,93600.000000000000000,104.000000000000000
675,6082757,3,2700.000000000000000,3.000000000000000
676,6082759,121,108900.000000000000000,121.000000000000000
677,6082761,88,79200.000000000000000,88.000000000000000
678,6082763,9,8100.000000000000000,9.000000000000000
679,6082765,125,112500.000000000000000,125.000000000000000
680,6082767,444,399600.000000000000000,444.000000000000000
681,6082769,353,317700.000000000000000,353.000000000000000
682,6082771,203,182700.000000000000000,203.000000000000000
683,6082773,24,21600.000000000000000,24.000000000000000
684,6082775,95,85500.000000000000000,95.000000000000000
685,6082777,6,5400.000000000000000,6.000000000000000
686,6082781,99,89100.000000000000000,99.000000000000000
687,6082785,64,57600.000000000000000,64.000000000000000
688,6082789,132,118800.000000000000000,132.000000000000000
689,6082791,39,35100.000000000000000,39.000000000000000
690,6082795,43,38700.000000000000000,43.000000000000000
691,6082797,50,45000.000000000000000,50.000000000000000
692,6082799,10,9000.000000000000000,10.000000000000000
693,6082801,64,57600.000000000000000,64.000000000000000
694,6082803,3,2700.000000000000000,3.000000000000000
695,6082807,146,131400.000000000000000,146.000000000000000
696,6082809,12,10800.000000000000000,12.000000000000000
697,6082813,281,252900.000000000000000,281.000000000000000
698,6082817,13,11700.000000000000000,13.000000000000000
699,6082823,12,10800.000000000000000,12.000000000000000
700,6082825,52,46800.000000000000000,52.000000000000000
701,6082857,60,54000.000000000000000,60.000000000000000
702,6082859,139,125100.000000000000000,139.000000000000000
703,6082861,284,255600.000000000000000,284.000000000000000
704,6082863,238,214200.000000000000000,238.000000000000000
705,6082865,70,63000.000000000000000,70.000000000000000
706,6082867,84,75600.000000000000000,84.000000000000000
707,6082869,77,69300.000000000000000,77.000000000000000
708,6082871,183,164700.000000000000000,183.000000000000000
709,6082877,9,8100.000000000000000,9.000000000000000
710,6082881,49,44100.000000000000000,49.000000000000000
711,6082885,5,4500.000000000000000,5.000000000000000
712,6082887,32,28800.000000000000000,32.000000000000000
713,6082889,10,9000.000000000000000,10.000000000000000
714,6082891,51,45900.000000000000000,51.000000000000000
715,6082895,1,900.000000000000000,1.000000000000000
716,6083315,10,9000.000000000000000,10.000000000000000
717,6083319,68,61200.000000000000000,68.000000000000000
718,6083329,22,19800.000000000000000,22.000000000000000
719,6083331,186,167400.000000000000000,186.000000000000000
720,6083339,38,34200.000000000000000,38.000000000000000
721,6083341,4,3600.000000000000000,4.000000000000000
722,6083343,23,20700.000000000000000,23.000000000000000
723,6083349,8,7200.000000000000000,8.000000000000000
724,6083353,2,1800.000000000000000,2.000000000000000
725,6083355,4,3600.000000000000000,4.000000000000000
726,6083357,1,900.000000000000000,1.000000000000000
727,6083361,1,900.000000000000000,1.000000000000000
728,6083365,59,53100.000000000000000,59.000000000000000
729,6083367,58,52200.000000000000000,58.000000000000000
730,6083371,1,900.000000000000000,1.000000000000000
731,6083373,61,54900.000000000000000,61.000000000000000
732,6083375,3,2700.000000000000000,3.000000000000000
733,6083379,2,1800.000000000000000,2.000000000000000
734,6083381,28,25200.000000000000000,28.000000000000000
735,6083383,12,10800.000000000000000,12.000000000000000
736,6083385,17,15300.000000000000000,17.000000000000000
737,6083387,2,1800.000000000000000,2.000000000000000
738,6083389,11,9900.000000000000000,11.000000000000000
739,6083391,96,86400.000000000000000,96.000000000000000
740,6083393,12,10800.000000000000000,12.000000000000000
741,6083395,32,28800.000000000000000,32.000000000000000
742,6083403,123,110700.000000000000000,123.000000000000000
743,6083405,62,55800.000000000000000,62.000000000000000
744,6083409,64,57600.000000000000000,64.000000000000000
745,6083411,8,7200.000000000000000,8.000000000000000
746,6083413,10,9000.000000000000000,10.000000000000000
747,6083417,15,13500.000000000000000,15.000000000000000
748,6083419,13,11700.000000000000000,13.000000000000000
749,6083423,76,68400.000000000000000,76.000000000000000
750,6083425,95,85500.000000000000000,95.000000000000000
751,6083427,19,17100.000000000000000,19.000000000000000
752,6083429,87,78300.000000000000000,87.000000000000000
753,6083431,99,89100.000000000000000,99.000000000000000
754,6083433,8,7200.000000000000000,8.000000000000000
755,6083437,195,175500.000000000000000,195.000000000000000
756,6083439,5,4500.000000000000000,5.000000000000000
757,6083443,67,60300.000000000000000,67.000000000000000
758,6083445,101,90900.000000000000000,101.000000000000000
759,6083449,4,3600.000000000000000,4.000000000000000
760,6083451,43,38700.000000000000000,43.000000000000000
761,6083453,63,56700.000000000000000,63.000000000000000
762,6083455,14,12600.000000000000000,14.000000000000000
763,6083457,170,153000.000000000000000,170.000000000000000
764,6083459,2,1800.000000000000000,2.000000000000000
765,6083461,27,24300.000000000000000,27.000000000000000
766,6083465,119,107100.000000000000000,119.000000000000000
767,6083467,1,900.000000000000000,1.000000000000000
768,6083469,11,9900.000000000000000,11.000000000000000
769,6083471,170,153000.000000000000000,170.000000000000000
770,6083473,22,19800.000000000000000,22.000000000000000
771,6083475,10,9000.000000000000000,10.000000000000000
772,6083477,9,8100.000000000000000,9.000000000000000
773,6083481,53,47700.000000000000000,53.000000000000000
774,6083485,1,900.000000000000000,1.000000000000000
775,6083489,1,900.000000000000000,1.000000000000000
776,6083491,4,3600.000000000000000,4.000000000000000
777,6083493,64,57600.000000000000000,64.000000000000000
778,6083495,95,85500.000000000000000,95.000000000000000
779,6083499,90,81000.000000000000000,90.000000000000000
780,6083503,58,52200.000000000000000,58.000000000000000
781,6083505,37,33300.000000000000000,37.000000000000000
782,6083507,17,15300.000000000000000,17.000000000000000
783,6083509,5,4500.000000000000000,5.000000000000000
784,6083511,63,56700.000000000000000,63.000000000000000
785,6083513,83,74700.000000000000000,83.000000000000000
786,6083515,4,3600.000000000000000,4.000000000000000
787,6083517,38,34200.000000000000000,38.000000000000000
788,6083519,59,53100.000000000000000,59.000000000000000
789,6083527,6,5400.000000000000000,6.000000000000000
790,6083529,34,30600.000000000000000,34.000000000000000
791,6083535,42,37800.000000000000000,42.000000000000000
792,6083537,109,98100.000000000000000,109.000000000000000
793,6083539,26,23400.000000000000000,26.000000000000000
794,6083543,7,6300.000000000000000,7.000000000000000
795,6083545,49,44100.000000000000000,49.000000000000000
796,6083547,17,15300.000000000000000,17.000000000000000
797,6083549,29,26100.000000000000000,29.000000000000000
798,6083553,140,126000.000000000000000,140.000000000000000
799,6083555,1,900.000000000000000,1.000000000000000
800,6083559,81,72900.000000000000000,81.000000000000000
801,6083561,25,22500.000000000000000,25.000000000000000
802,6083563,1,900.000000000000000,1.000000000000000
803,6083565,24,21600.000000000000000,24.000000000000000
804,6083567,8,7200.000000000000000,8.000000000000000
805,6083571,10,9000.000000000000000,10.000000000000000
806,6083573,13,11700.000000000000000,13.000000000000000
807,6083575,87,78300.000000000000000,87.000000000000000
808,6083579,19,17100.000000000000000,19.000000000000000
809,6083581,57,51300.000000000000000,57.000000000000000
810,6083585,25,22500.000000000000000,25.000000000000000
811,6083587,17,15300.000000000000000,17.000000000000000
812,6083589,18,16200.000000000000000,18.000000000000000
813,6083591,38,34200.000000000000000,38.000000000000000
814,6083595,52,46800.000000000000000,52.000000000000000
815,6083597,5,4500.000000000000000,5.000000000000000
816,6083601,18,16200.000000000000000,18.000000000000000
817,6083603,2,1800.000000000000000,2.000000000000000
818,6083607,5,4500.000000000000000,5.000000000000000
819,6083609,28,25200.000000000000000,28.000000000000000
820,6083611,65,58500.000000000000000,65.000000000000000
821,6083617,65,58500.000000000000000,65.000000000000000
822,6083621,7,6300.000000000000000,7.000000000000000
823,6083623,43,38700.000000000000000,43.000000000000000
824,6083627,4,3600.000000000000000,4.000000000000000
825,6083629,57,51300.000000000000000,57.000000000000000
826,6083631,3,2700.000000000000000,3.000000000000000
827,6083633,4,3600.000000000000000,4.000000000000000
828,6083635,9,8100.000000000000000,9.000000000000000
829,6083637,52,46800.000000000000000,52.000000000000000
830,6083639,182,163800.000000000000000,182.000000000000000
831,6083647,76,68400.000000000000000,76.000000000000000
832,6083649,10,9000.000000000000000,10.000000000000000
833,6083653,28,25200.000000000000000,28.000000000000000
834,6083657,108,97200.000000000000000,108.000000000000000
835,6083659,9,8100.000000000000000,9.000000000000000
836,6083663,15,13500.000000000000000,15.000000000000000
837,6083667,1,900.000000000000000,1.000000000000000
838,6083681,17,15300.000000000000000,17.000000000000000
839,6083683,84,75600.000000000000000,84.000000000000000
840,6083689,2,1800.000000000000000,2.000000000000000
841,6083691,30,27000.000000000000000,30.000000000000000
842,6083693,148,133200.000000000000000,148.000000000000000
843,6083695,154,138600.000000000000000,154.000000000000000
844,6083697,2,1800.000000000000000,2.000000000000000
845,6083699,81,72900.000000000000000,81.000000000000000
846,6083701,5,4500.000000000000000,5.000000000000000
847,6083703,9,8100.000000000000000,9.000000000000000
848,6083717,4,3600.000000000000000,4.000000000000000
849,6083731,9,8100.000000000000000,9.000000000000000
850,6083733,4,3600.000000000000000,4.000000000000000
851,6083735,43,38700.000000000000000,43.000000000000000
852,6083739,4,3600.000000000000000,4.000000000000000
853,6083741,25,22500.000000000000000,25.000000000000000
854,6083745,20,18000.000000000000000,20.000000000000000
855,6083747,3,2700.000000000000000,3.000000000000000
856,6083751,42,37800.000000000000000,42.000000000000000
857,6083753,141,126900.000000000000000,141.000000000000000
858,6083757,299,269100.000000000000000,299.000000000000000
859,6083759,35,31500.000000000000000,35.000000000000000
860,6083761,9,8100.000000000000000,9.000000000000000
861,6083763,14,12600.000000000000000,14.000000000000000
862,6083767,39,35100.000000000000000,39.000000000000000
863,6083769,121,108900.000000000000000,121.000000000000000
864,6083771,3,2700.000000000000000,3.000000000000000
865,6083775,25,22500.000000000000000,25.000000000000000
866,6083779,16,14400.000000000000000,16.000000000000000
867,6083783,10,9000.000000000000000,10.000000000000000
868,6083785,46,41400.000000000000000,46.000000000000000
869,6083787,46,41400.000000000000000,46.000000000000000
870,6083793,7,6300.000000000000000,7.000000000000000
871,6083795,5,4500.000000000000000,5.000000000000000
872,6083799,14,12600.000000000000000,14.000000000000000
873,6083805,25,22500.000000000000000,25.000000000000000
874,6083809,5,4500.000000000000000,5.000000000000000
875,6083811,5,4500.000000000000000,5.000000000000000
876,6083813,9,8100.000000000000000,9.000000000000000
877,6083815,6,5400.000000000000000,6.000000000000000
878,6083823,317,285300.000000000000000,317.000000000000000
879,6083825,39,35100.000000000000000,39.000000000000000
880,6083829,56,50400.000000000000000,56.000000000000000
881,6083833,6,5400.000000000000000,6.000000000000000
882,6083835,11,9900.000000000000000,11.000000000000000
883,6083837,30,27000.000000000000000,30.000000000000000
884,6083839,25,22500.000000000000000,25.000000000000000
885,6083841,111,99900.000000000000000,111.000000000000000
886,6083845,127,114300.000000000000000,127.000000000000000
887,6083847,23,20700.000000000000000,23.000000000000000
888,6083849,1,900.000000000000000,1.000000000000000
889,6083851,17,15300.000000000000000,17.000000000000000
890,6083853,55,49500.000000000000000,55.000000000000000
891,6083855,178,160200.000000000000000,178.000000000000000
892,6083857,147,132300.000000000000000,147.000000000000000
893,6083859,56,50400.000000000000000,56.000000000000000
894,6083861,15,13500.000000000000000,15.000000000000000
895,6083863,18,16200.000000000000000,18.000000000000000
896,6083865,33,29700.000000000000000,33.000000000000000
897,6083867,24,21600.000000000000000,24.000000000000000
898,6083869,20,18000.000000000000000,20.000000000000000
899,6083871,20,18000.000000000000000,20.000000000000000
900,6083873,102,91800.000000000000000,102.000000000000000
901,6083875,74,66600.000000000000000,74.000000000000000
902,6083877,13,11700.000000000000000,13.000000000000000
903,6083879,29,26100.000000000000000,29.000000000000000
904,6083881,30,27000.000000000000000,30.000000000000000
905,6083883,18,16200.000000000000000,18.000000000000000
906,6083885,147,132300.000000000000000,147.000000000000000
907,6083887,24,21600.000000000000000,24.000000000000000
908,6083889,14,12600.000000000000000,14.000000000000000
909,6083893,116,104400.000000000000000,116.000000000000000
910,6083895,75,67500.000000000000000,75.000000000000000
911,6083897,3,2700.000000000000000,3.000000000000000
912,6083899,34,30600.000000000000000,34.000000000000000
913,6083903,1,900.000000000000000,1.000000000000000
914,6083907,105,94500.000000000000000,105.000000000000000
915,6083909,3,2700.000000000000000,3.000000000000000
916,6083911,19,17100.000000000000000,19.000000000000000
917,6083915,172,154800.000000000000000,172.000000000000000
918,6083917,411,369900.000000000000000,411.000000000000000
919,6083919,126,113400.000000000000000,126.000000000000000
920,6083927,4,3600.000000000000000,4.000000000000000
921,6083935,53,47700.000000000000000,53.000000000000000
922,6083937,12,10800.000000000000000,12.000000000000000
923,6083939,9,8100.000000000000000,9.000000000000000
924,6083941,6,5400.000000000000000,6.000000000000000
925,6083943,65,58500.000000000000000,65.000000000000000
926,6083945,110,99000.000000000000000,110.000000000000000
927,6083947,56,50400.000000000000000,56.000000000000000
928,6083949,4,3600.000000000000000,4.000000000000000
929,6083951,26,23400.000000000000000,26.000000000000000
930,6083953,2,1800.000000000000000,2.000000000000000
931,6083957,35,31500.000000000000000,35.000000000000000
932,6083959,74,66600.000000000000000,74.000000000000000
933,6083963,28,25200.000000000000000,28.000000000000000
934,6083967,22,19800.000000000000000,22.000000000000000
935,6083969,9,8100.000000000000000,9.000000000000000
936,6083971,109,98100.000000000000000,109.000000000000000
937,6083973,112,100800.000000000000000,112.000000000000000
938,6083975,41,36900.000000000000000,41.000000000000000
939,6083977,271,243900.000000000000000,271.000000000000000
940,6083983,108,97200.000000000000000,108.000000000000000
941,6083989,4,3600.000000000000000,4.000000000000000
942,6083993,29,26100.000000000000000,29.000000000000000
943,6084003,142,127800.000000000000000,142.000000000000000
944,6084005,19,17100.000000000000000,19.000000000000000
945,6084009,29,26100.000000000000000,29.000000000000000
946,6084015,6,5400.000000000000000,6.000000000000000
947,6084017,35,31500.000000000000000,35.000000000000000
948,6084019,66,59400.000000000000000,66.000000000000000
949,6084027,76,68400.000000000000000,76.000000000000000
950,6084037,24,21600.000000000000000,24.000000000000000
951,6084039,19,17100.000000000000000,19.000000000000000
952,6084041,7,6300.000000000000000,7.000000000000000
953,6084043,6,5400.000000000000000,6.000000000000000
954,6084045,3,2700.000000000000000,3.000000000000000
955,6084047,38,34200.000000000000000,38.000000000000000
956,6084049,10,9000.000000000000000,10.000000000000000
957,6084051,19,17100.000000000000000,19.000000000000000
958,6084061,28,25200.000000000000000,28.000000000000000
959,6084063,53,47700.000000000000000,53.000000000000000
960,6084067,12,10800.000000000000000,12.000000000000000
961,6084069,1,900.000000000000000,1.000000000000000
962,6084075,31,27900.000000000000000,31.000000000000000
963,6084081,4,3600.000000000000000,4.000000000000000
964,6084087,108,97200.000000000000000,108.000000000000000
965,6084091,13,11700.000000000000000,13.000000000000000
966,6084103,26,23400.000000000000000,26.000000000000000
967,6084105,4,3600.000000000000000,4.000000000000000
968,6084111,16,14400.000000000000000,16.000000000000000
969,6084113,9,8100.000000000000000,9.000000000000000
970,6084115,66,59400.000000000000000,66.000000000000000
971,6084121,96,86400.000000000000000,96.000000000000000
972,6084123,51,45900.000000000000000,51.000000000000000
973,6084125,3,2700.000000000000000,3.000000000000000
974,6084127,16,14400.000000000000000,16.000000000000000
975,6084129,8,7200.000000000000000,8.000000000000000
976,6084131,3,2700.000000000000000,3.000000000000000
977,6084135,7,6300.000000000000000,7.000000000000000
978,6084137,35,31500.000000000000000,35.000000000000000
979,6084143,18,16200.000000000000000,18.000000000000000
980,6084153,15,13500.000000000000000,15.000000000000000
981,6084159,18,16200.000000000000000,18.000000000000000
982,6084161,5,4500.000000000000000,5.000000000000000
983,6084165,125,112500.000000000000000,125.000000000000000
984,6084173,20,18000.000000000000000,20.000000000000000
985,6084187,134,120600.000000000000000,134.000000000000000
986,6084189,23,20700.000000000000000,23.000000000000000
987,6084195,106,95400.000000000000000,106.000000000000000
988,6084199,166,149400.000000000000000,166.000000000000000
989,6084207,96,86400.000000000000000,96.000000000000000
990,6084209,99,89100.000000000000000,99.000000000000000
991,6084235,30,27000.000000000000000,30.000000000000000
992,6084239,11,9900.000000000000000,11.000000000000000
993,6084241,66,59400.000000000000000,66.000000000000000
994,6084243,47,42300.000000000000000,47.000000000000000
995,6084247,137,123300.000000000000000,137.000000000000000
996,6084253,223,200700.000000000000000,223.000000000000000
997,6084255,423,380700.000000000000000,423.000000000000000
998,6084257,13,11700.000000000000000,13.000000000000000
999,6084259,41,36900.000000000000000,41.000000000000000
1000,6084261,94,84600.000000000000000,94.000000000000000
1001,6084263,58,52200.000000000000000,58.000000000000000
1002,6084265,28,25200.000000000000000,28.000000000000000
1003,6084267,10,9000.000000000000000,10.000000000000000
1004,6084269,194,174600.000000000000000,194.000000000000000
1005,6084271,90,81000.000000000000000,90.000000000000000
1006,6084273,138,124200.000000000000000,138.000000000000000
1007,6084279,290,261000.000000000000000,290.000000000000000
1008,6084281,89,80100.000000000000000,89.000000000000000
1009,6084283,8,7200.000000000000000,8.000000000000000
1010,6084285,50,45000.000000000000000,50.000000000000000
1011,6084287,192,172800.000000000000000,192.000000000000000
1012,6084289,8,7200.000000000000000,8.000000000000000
1013,6084291,7,6300.000000000000000,7.000000000000000
1014,6084293,37,33300.000000000000000,37.000000000000000
1015,6084295,177,159300.000000000000000,177.000000000000000
1016,6084297,50,45000.000000000000000,50.000000000000000
1017,6084299,5,4500.000000000000000,5.000000000000000
1018,6084309,56,50400.000000000000000,56.000000000000000
1019,6084311,6,5400.000000000000000,6.000000000000000
1020,6084317,12,10800.000000000000000,12.000000000000000
1021,6084321,43,38700.000000000000000,43.000000000000000
1022,6084325,25,22500.000000000000000,25.000000000000000
1023,6084327,3,2700.000000000000000,3.000000000000000
1024,6084329,146,131400.000000000000000,146.000000000000000
1025,6084333,112,100800.000000000000000,112.000000000000000
1026,6084335,3,2700.000000000000000,3.000000000000000
1027,6084337,2,1800.000000000000000,2.000000000000000
1028,6084339,9,8100.000000000000000,9.000000000000000
1029,6084341,11,9900.000000000000000,11.000000000000000
1030,6084345,145,130500.000000000000000,145.000000000000000
1031,6084349,26,23400.000000000000000,26.000000000000000
1032,6084355,47,42300.000000000000000,47.000000000000000
1033,6084357,31,27900.000000000000000,31.000000000000000
1034,6084359,128,115200.000000000000000,128.000000000000000
1035,6084361,74,66600.000000000000000,74.000000000000000
1036,6084363,87,78300.000000000000000,87.000000000000000
1037,6084367,1,900.000000000000000,1.000000000000000
1038,6084371,3,2700.000000000000000,3.000000000000000
1039,6084383,23,20700.000000000000000,23.000000000000000
1040,6084385,4,3600.000000000000000,4.000000000000000
1041,6084391,192,172800.000000000000000,192.000000000000000
1042,6084393,199,179100.000000000000000,199.000000000000000
1043,6084395,118,106200.000000000000000,118.000000000000000
1044,6084405,3,2700.000000000000000,3.000000000000000
1045,6084407,2,1800.000000000000000,2.000000000000000
1046,6084411,89,80100.000000000000000,89.000000000000000
1047,6084413,10,9000.000000000000000,10.000000000000000
1048,6084415,18,16200.000000000000000,18.000000000000000
1049,6084421,273,245700.000000000000000,273.000000000000000
1050,6084423,47,42300.000000000000000,47.000000000000000
1051,6084427,141,126900.000000000000000,141.000000000000000
1052,6084429,14,12600.000000000000000,14.000000000000000
1053,6084445,33,29700.000000000000000,33.000000000000000
1054,6084449,9,8100.000000000000000,9.000000000000000
1055,6084461,1,900.000000000000000,1.000000000000000
1056,6084463,127,114300.000000000000000,127.000000000000000
1057,6084477,32,28800.000000000000000,32.000000000000000
1058,6084483,13,11700.000000000000000,13.000000000000000
1059,6084487,18,16200.000000000000000,18.000000000000000
1060,6084491,122,109800.000000000000000,122.000000000000000
1061,6084497,44,39600.000000000000000,44.000000000000000
1062,6084505,10,9000.000000000000000,10.000000000000000
1063,6084511,31,27900.000000000000000,31.000000000000000
1064,6084517,2,1800.000000000000000,2.000000000000000
1065,6084519,18,16200.000000000000000,18.000000000000000
1066,6084527,34,30600.000000000000000,34.000000000000000
1067,6084537,9,8100.000000000000000,9.000000000000000
1068,6084539,169,152100.000000000000000,169.000000000000000
1069,6084557,7,6300.000000000000000,7.000000000000000
1070,6084563,43,38700.000000000000000,43.000000000000000
1071,6084565,3,2700.000000000000000,3.000000000000000
1072,6084567,44,39600.000000000000000,44.000000000000000
1073,6084569,48,43200.000000000000000,48.000000000000000
1074,6084571,1,900.000000000000000,1.000000000000000
1075,6084573,19,17100.000000000000000,19.000000000000000
1076,6084575,30,27000.000000000000000,30.000000000000000
1077,6084579,14,12600.000000000000000,14.000000000000000
1078,6084583,2,1800.000000000000000,2.000000000000000
1079,6084585,9,8100.000000000000000,9.000000000000000
1080,6084593,16,14400.000000000000000,16.000000000000000
1081,6084599,74,66600.000000000000000,74.000000000000000
1082,6084603,35,31500.000000000000000,35.000000000000000
1083,6084607,31,27900.000000000000000,31.000000000000000
1084,6084609,5,4500.000000000000000,5.000000000000000
1085,6084613,3,2700.000000000000000,3.000000000000000
1086,6084615,3,2700.000000000000000,3.000000000000000
1087,6084625,47,42300.000000000000000,47.000000000000000
1088,6084631,8,7200.000000000000000,8.000000000000000
1089,6086593,2369,2132100.000000000000000,2369.000000000000000
1090,6088645,145,130500.000000000000000,145.000000000000000
1091,6088647,3,2700.000000000000000,3.000000000000000
1092,6088649,11,9900.000000000000000,11.000000000000000
1093,6088655,60,54000.000000000000000,60.000000000000000
1094,6088657,69,62100.000000000000000,69.000000000000000
1095,6088659,1,900.000000000000000,1.000000000000000
1096,6088663,171,153900.000000000000000,171.000000000000000
1097,6088665,28,25200.000000000000000,28.000000000000000
1098,6088667,68,61200.000000000000000,68.000000000000000
1099,6088669,50,45000.000000000000000,50.000000000000000
1100,6088671,11,9900.000000000000000,11.000000000000000
1101,6088673,15,13500.000000000000000,15.000000000000000
1102,6088675,22,19800.000000000000000,22.000000000000000
1103,6088677,21,18900.000000000000000,21.000000000000000
1104,6088679,29,26100.000000000000000,29.000000000000000
1105,6088681,1,900.000000000000000,1.000000000000000
1106,6088685,6,5400.000000000000000,6.000000000000000
1107,6088687,15,13500.000000000000000,15.000000000000000
1108,6088689,87,78300.000000000000000,87.000000000000000
1109,6088697,15,13500.000000000000000,15.000000000000000
1110,6088701,2,1800.000000000000000,2.000000000000000
1111,6088703,62,55800.000000000000000,62.000000000000000
1112,6088705,2,1800.000000000000000,2.000000000000000
1113,6088707,18,16200.000000000000000,18.000000000000000
1114,6088713,44,39600.000000000000000,44.000000000000000
1115,6088715,76,68400.000000000000000,76.000000000000000
1116,6088717,56,50400.000000000000000,56.000000000000000
1117,6088727,55,49500.000000000000000,55.000000000000000
1118,6088729,14,12600.000000000000000,14.000000000000000
1119,6088735,48,43200.000000000000000,48.000000000000000
1120,6088739,31,27900.000000000000000,31.000000000000000
1121,6088741,46,41400.000000000000000,46.000000000000000
1122,6088743,105,94500.000000000000000,105.000000000000000
1123,6088749,6,5400.000000000000000,6.000000000000000
1124,6088751,101,90900.000000000000000,101.000000000000000
1125,6088753,60,54000.000000000000000,60.000000000000000
1126,6088755,89,80100.000000000000000,89.000000000000000
1127,6088765,40,36000.000000000000000,40.000000000000000
1128,6088769,10,9000.000000000000000,10.000000000000000
1129,6088779,180,162000.000000000000000,180.000000000000000
1130,6088781,329,296100.000000000000000,329.000000000000000
1131,6088783,1,900.000000000000000,1.000000000000000
1132,6088789,34,30600.000000000000000,34.000000000000000
1133,6088791,145,130500.000000000000000,145.000000000000000
1134,6088793,23,20700.000000000000000,23.000000000000000
1135,6088799,9,8100.000000000000000,9.000000000000000
1136,6088803,3,2700.000000000000000,3.000000000000000
1137,6088819,3,2700.000000000000000,3.000000000000000
1138,6088827,165,148500.000000000000000,165.000000000000000
1139,6088829,49,44100.000000000000000,49.000000000000000
1140,6088831,98,88200.000000000000000,98.000000000000000
1141,6088833,17,15300.000000000000000,17.000000000000000
1142,6088841,111,99900.000000000000000,111.000000000000000
1143,6088843,29,26100.000000000000000,29.000000000000000
1144,6088845,233,209700.000000000000000,233.000000000000000
1145,6088847,65,58500.000000000000000,65.000000000000000
1146,6088851,13,11700.000000000000000,13.000000000000000
1147,6088855,15,13500.000000000000000,15.000000000000000
1148,6088867,11,9900.000000000000000,11.000000000000000
1149,6088877,64,57600.000000000000000,64.000000000000000
1150,6088885,183,164700.000000000000000,183.000000000000000
1151,6088887,45,40500.000000000000000,45.000000000000000
1152,6088889,24,21600.000000000000000,24.000000000000000
1153,6088891,12,10800.000000000000000,12.000000000000000
1154,6088895,21,18900.000000000000000,21.000000000000000
1155,6088899,2,1800.000000000000000,2.000000000000000
1156,6088901,6,5400.000000000000000,6.000000000000000
1157,6088903,1,900.000000000000000,1.000000000000000
1158,6088909,39,35100.000000000000000,39.000000000000000
1159,6088911,88,79200.000000000000000,88.000000000000000
1160,6088913,26,23400.000000000000000,26.000000000000000
1161,6088915,7,6300.000000000000000,7.000000000000000
1162,6088917,40,36000.000000000000000,40.000000000000000
1163,6088919,56,50400.000000000000000,56.000000000000000
1164,6088921,20,18000.000000000000000,20.000000000000000
1165,6088927,3,2700.000000000000000,3.000000000000000
1166,6088929,4,3600.000000000000000,4.000000000000000
1167,6088935,2,1800.000000000000000,2.000000000000000
1168,6088939,22,19800.000000000000000,22.000000000000000
1169,6088941,8,7200.000000000000000,8.000000000000000
1170,6088945,53,47700.000000000000000,53.000000000000000
1171,6088947,29,26100.000000000000000,29.000000000000000
1172,6088955,7,6300.000000000000000,7.000000000000000
1173,6088957,14,12600.000000000000000,14.000000000000000
1174,6088965,2,1800.000000000000000,2.000000000000000
1175,6088967,1,900.000000000000000,1.000000000000000
1176,6088993,17,15300.000000000000000,17.000000000000000
1177,6088995,292,262800.000000000000000,292.000000000000000
1178,6088997,38,34200.000000000000000,38.000000000000000
1179,6088999,30,27000.000000000000000,30.000000000000000
1180,6089001,27,24300.000000000000000,27.000000000000000
1181,6089003,22,19800.000000000000000,22.000000000000000
1182,6089005,207,186300.000000000000000,207.000000000000000
1183,6089007,127,114300.000000000000000,127.000000000000000
1184,6089009,400,360000.000000000000000,400.000000000000000
1185,6089011,31,27900.000000000000000,31.000000000000000
1186,6089013,92,82800.000000000000000,92.000000000000000
1187,6089015,37,33300.000000000000000,37.000000000000000
1188,6089017,4,3600.000000000000000,4.000000000000000
1189,6089027,10,9000.000000000000000,10.000000000000000
1190,6089029,92,82800.000000000000000,92.000000000000000
1191,6089031,75,67500.000000000000000,75.000000000000000
1192,6089033,38,34200.000000000000000,38.000000000000000
1193,6089035,23,20700.000000000000000,23.000000000000000
1194,6089043,99,89100.000000000000000,99.000000000000000
1195,6089045,65,58500.000000000000000,65.000000000000000
1196,6089047,3,2700.000000000000000,3.000000000000000
1197,6089053,170,153000.000000000000000,170.000000000000000
1198,6089055,31,27900.000000000000000,31.000000000000000
1199,6089061,75,67500.000000000000000,75.000000000000000
1200,6089063,14,12600.000000000000000,14.000000000000000
1201,6089071,21,18900.000000000000000,21.000000000000000
1202,6089083,18,16200.000000000000000,18.000000000000000
1203,6089089,3,2700.000000000000000,3.000000000000000
1204,6089093,9,8100.000000000000000,9.000000000000000
1205,6089095,5,4500.000000000000000,5.000000000000000
1206,6089101,55,49500.000000000000000,55.000000000000000
1207,6089109,22,19800.000000000000000,22.000000000000000
1208,6089113,30,27000.000000000000000,30.000000000000000
1209,6089115,103,92700.000000000000000,103.000000000000000
1210,6089609,1,900.000000000000000,1.000000000000000
1211,6089611,12,10800.000000000000000,12.000000000000000
1212,6089613,2,1800.000000000000000,2.000000000000000
1213,6089617,13,11700.000000000000000,13.000000000000000
1214,6089621,5,4500.000000000000000,5.000000000000000
1215,6089625,12,10800.000000000000000,12.000000000000000
1216,6089627,3,2700.000000000000000,3.000000000000000
1217,6089631,5,4500.000000000000000,5.000000000000000
1218,6089633,33,29700.000000000000000,33.000000000000000
1219,6089635,13,11700.000000000000000,13.000000000000000
1220,6089639,6,5400.000000000000000,6.000000000000000
1221,6089641,1,900.000000000000000,1.000000000000000
1222,6089643,5,4500.000000000000000,5.000000000000000
1223,6089649,10,9000.000000000000000,10.000000000000000
1224,6089657,4,3600.000000000000000,4.000000000000000
1225,6089659,10,9000.000000000000000,10.000000000000000
1226,6089665,30,27000.000000000000000,30.000000000000000
1227,6089671,9,8100.000000000000000,9.000000000000000
1228,6089673,27,24300.000000000000000,27.000000000000000
1229,6089677,26,23400.000000000000000,26.000000000000000
1230,6089687,2,1800.000000000000000,2.000000000000000
1231,6089693,20,18000.000000000000000,20.000000000000000
1232,6089697,25,22500.000000000000000,25.000000000000000
1233,6089699,6,5400.000000000000000,6.000000000000000
1234,6089701,10,9000.000000000000000,10.000000000000000
1235,6089703,7,6300.000000000000000,7.000000000000000
1236,6089707,6,5400.000000000000000,6.000000000000000
1237,6089709,34,30600.000000000000000,34.000000000000000
1238,6089717,12,10800.000000000000000,12.000000000000000
1239,6089721,8,7200.000000000000000,8.000000000000000
1240,6089727,1,900.000000000000000,1.000000000000000
1241,6089729,15,13500.000000000000000,15.000000000000000
1242,6089739,1,900.000000000000000,1.000000000000000
1243,6089751,2,1800.000000000000000,2.000000000000000
1244,6089753,31,27900.000000000000000,31.000000000000000
1245,6089757,24,21600.000000000000000,24.000000000000000
1246,6089763,14,12600.000000000000000,14.000000000000000
1247,6089765,23,20700.000000000000000,23.000000000000000
1248,6089773,42,37800.000000000000000,42.000000000000000
1249,6089775,6,5400.000000000000000,6.000000000000000
1250,6089777,86,77400.000000000000000,86.000000000000000
1251,6089793,65,58500.000000000000000,65.000000000000000
1252,6089795,19,17100.000000000000000,19.000000000000000
1253,6089799,16,14400.000000000000000,16.000000000000000
1254,6089801,24,21600.000000000000000,24.000000000000000
1255,6089805,6,5400.000000000000000,6.000000000000000
1256,6089807,31,27900.000000000000000,31.000000000000000
1257,6089809,5,4500.000000000000000,5.000000000000000
1258,6089811,127,114300.000000000000000,127.000000000000000
1259,6089813,7,6300.000000000000000,7.000000000000000
1260,6089815,17,15300.000000000000000,17.000000000000000
1261,6089817,64,57600.000000000000000,64.000000000000000
1262,6089823,3,2700.000000000000000,3.000000000000000
1263,6089829,1,900.000000000000000,1.000000000000000
1264,6089833,13,11700.000000000000000,13.000000000000000
1265,6089839,4,3600.000000000000000,4.000000000000000
1266,6089841,64,57600.000000000000000,64.000000000000000
1267,6089849,18,16200.000000000000000,18.000000000000000
1268,6089851,20,18000.000000000000000,20.000000000000000
1269,6089855,11,9900.000000000000000,11.000000000000000
1270,6089865,25,22500.000000000000000,25.000000000000000
1271,6089873,2,1800.000000000000000,2.000000000000000
1272,6089877,50,45000.000000000000000,50.000000000000000
1273,6089883,66,59400.000000000000000,66.000000000000000
1274,6089907,38,34200.000000000000000,38.000000000000000
1275,6089913,1,900.000000000000000,1.000000000000000
1276,6089919,13,11700.000000000000000,13.000000000000000
1277,6089931,7,6300.000000000000000,7.000000000000000
1278,6089937,31,27900.000000000000000,31.000000000000000
1279,6089939,24,21600.000000000000000,24.000000000000000
1280,6089947,3,2700.000000000000000,3.000000000000000
1281,6089949,4,3600.000000000000000,4.000000000000000
1282,6089951,2,1800.000000000000000,2.000000000000000
1283,6089955,47,42300.000000000000000,47.000000000000000
1284,6089957,16,14400.000000000000000,16.000000000000000
1285,6089961,45,40500.000000000000000,45.000000000000000
1286,6089963,30,27000.000000000000000,30.000000000000000
1287,6089967,5,4500.000000000000000,5.000000000000000
1288,6089969,40,36000.000000000000000,40.000000000000000
1289,6089973,30,27000.000000000000000,30.000000000000000
1290,6089975,2,1800.000000000000000,2.000000000000000
1291,6089979,2,1800.000000000000000,2.000000000000000
1292,6089981,15,13500.000000000000000,15.000000000000000
1293,6089983,32,28800.000000000000000,32.000000000000000
1294,6089991,77,69300.000000000000000,77.000000000000000
1295,6089995,4,3600.000000000000000,4.000000000000000
1296,6090001,2,1800.000000000000000,2.000000000000000
1297,6090009,61,54900.000000000000000,61.000000000000000
1298,6090011,1,900.000000000000000,1.000000000000000
1299,6090013,13,11700.000000000000000,13.000000000000000
1300,6090015,9,8100.000000000000000,9.000000000000000
1301,6090017,278,250200.000000000000000,278.000000000000000
1302,6090019,126,113400.000000000000000,126.000000000000000
1303,6090021,73,65700.000000000000000,73.000000000000000
1304,6090023,62,55800.000000000000000,62.000000000000000
1305,6090025,73,65700.000000000000000,73.000000000000000
1306,6090031,22,19800.000000000000000,22.000000000000000
1307,6090033,41,36900.000000000000000,41.000000000000000
1308,6090035,12,10800.000000000000000,12.000000000000000
1309,6090037,9,8100.000000000000000,9.000000000000000
1310,6090039,6,5400.000000000000000,6.000000000000000
1311,6090041,70,63000.000000000000000,70.000000000000000
1312,6090043,33,29700.000000000000000,33.000000000000000
1313,6090045,9,8100.000000000000000,9.000000000000000
1314,6090047,10,9000.000000000000000,10.000000000000000
1315,6090049,38,34200.000000000000000,38.000000000000000
1316,6090051,70,63000.000000000000000,70.000000000000000
1317,6090053,214,192600.000000000000000,214.000000000000000
1318,6090057,6,5400.000000000000000,6.000000000000000
1319,6090059,450,405000.000000000000000,450.000000000000000
1320,6090061,236,212400.000000000000000,236.000000000000000
1321,6090063,50,45000.000000000000000,50.000000000000000
1322,6090065,11,9900.000000000000000,11.000000000000000
1323,6090067,64,57600.000000000000000,64.000000000000000
1324,6090069,23,20700.000000000000000,23.000000000000000
1325,6090071,24,21600.000000000000000,24.000000000000000
1326,6090073,11,9900.000000000000000,11.000000000000000
1327,6090083,2,1800.000000000000000,2.000000000000000
1328,6090087,864,777600.000000000000000,864.000000000000000
1329,6090091,58,52200.000000000000000,58.000000000000000
1330,6090093,1,900.000000000000000,1.000000000000000
1331,6090095,6,5400.000000000000000,6.000000000000000
1332,6090097,15,13500.000000000000000,15.000000000000000
1333,6090099,25,22500.000000000000000,25.000000000000000
1334,6090101,7,6300.000000000000000,7.000000000000000
1335,6090103,1,900.000000000000000,1.000000000000000
1336,6090105,64,57600.000000000000000,64.000000000000000
1337,6090107,2,1800.000000000000000,2.000000000000000
1338,6090109,18,16200.000000000000000,18.000000000000000
1339,6090119,21,18900.000000000000000,21.000000000000000
1340,6090125,2,1800.000000000000000,2.000000000000000
1341,6090133,4,3600.000000000000000,4.000000000000000
1342,6090151,50,45000.000000000000000,50.000000000000000
1343,6090159,188,169200.000000000000000,188.000000000000000
1344,6090169,19,17100.000000000000000,19.000000000000000
1345,6090171,14,12600.000000000000000,14.000000000000000
1346,6090173,12,10800.000000000000000,12.000000000000000
1347,6090185,6,5400.000000000000000,6.000000000000000
1348,6090187,13,11700.000000000000000,13.000000000000000
1349,6090189,15,13500.000000000000000,15.000000000000000
1350,6090195,9,8100.000000000000000,9.000000000000000
1351,6090197,28,25200.000000000000000,28.000000000000000
1352,6090199,95,85500.000000000000000,95.000000000000000
1353,6090201,235,211500.000000000000000,235.000000000000000
1354,6090203,68,61200.000000000000000,68.000000000000000
1355,6090205,151,135900.000000000000000,151.000000000000000
1356,6090207,179,161100.000000000000000,179.000000000000000
1357,6090209,13,11700.000000000000000,13.000000000000000
1358,6090211,47,42300.000000000000000,47.000000000000000
1359,6090213,1,900.000000000000000,1.000000000000000
1360,6090231,1,900.000000000000000,1.000000000000000
1361,6090243,11,9900.000000000000000,11.000000000000000
1362,6090253,15,13500.000000000000000,15.000000000000000
1363,6090271,1,900.000000000000000,1.000000000000000
1364,6090275,6,5400.000000000000000,6.000000000000000
1365,6090287,29,26100.000000000000000,29.000000000000000
1366,6090291,18,16200.000000000000000,18.000000000000000
1367,6090297,20,18000.000000000000000,20.000000000000000
1368,6090299,4,3600.000000000000000,4.000000000000000
1369,6090301,117,105300.000000000000000,117.000000000000000
1370,6090303,9,8100.000000000000000,9.000000000000000
1371,6090305,87,78300.000000000000000,87.000000000000000
1372,6776475,45,40500.000000000000000,45.000000000000000
1373,6776485,7,6300.000000000000000,7.000000000000000
1374,6776487,23,20700.000000000000000,23.000000000000000
1375,6776513,25,22500.000000000000000,25.000000000000000
1376,6776537,25,22500.000000000000000,25.000000000000000
1377,6776543,11,9900.000000000000000,11.000000000000000
1378,6777017,52,46800.000000000000000,52.000000000000000
1379,6777019,10,9000.000000000000000,10.000000000000000
1380,6777021,12,10800.000000000000000,12.000000000000000
1381,6777147,46,41400.000000000000000,46.000000000000000
1382,9325962,10,9000.000000000000000,10.000000000000000
1383,9326020,3,2700.000000000000000,3.000000000000000
1384,9326114,60,54000.000000000000000,60.000000000000000
1385,9326116,13,11700.000000000000000,13.000000000000000
1386,9326120,4,3600.000000000000000,4.000000000000000
1387,9326122,2,1800.000000000000000,2.000000000000000
1388,9326126,143,128700.000000000000000,143.000000000000000
1389,9326132,8,7200.000000000000000,8.000000000000000
1390,9326134,100,90000.000000000000000,100.000000000000000
1391,9326136,196,176400.000000000000000,196.000000000000000
1392,9326138,151,135900.000000000000000,151.000000000000000
1393,9326144,3,2700.000000000000000,3.000000000000000
1394,9326146,2,1800.000000000000000,2.000000000000000
1395,9326148,181,162900.000000000000000,181.000000000000000
1396,9326156,9,8100.000000000000000,9.000000000000000
1397,9326158,6,5400.000000000000000,6.000000000000000
1398,9326188,7,6300.000000000000000,7.000000000000000
1399,9326190,161,144900.000000000000000,161.000000000000000
1400,9326192,42,37800.000000000000000,42.000000000000000
1401,9326194,106,95400.000000000000000,106.000000000000000
1402,9326196,6,5400.000000000000000,6.000000000000000
1403,9326198,302,271800.000000000000000,302.000000000000000
1404,9326206,12,10800.000000000000000,12.000000000000000
1405,9326224,115,103500.000000000000000,115.000000000000000
1406,9326236,46,41400.000000000000000,46.000000000000000
1407,9326238,50,45000.000000000000000,50.000000000000000
1408,9326240,16,14400.000000000000000,16.000000000000000
1409,9326242,99,89100.000000000000000,99.000000000000000
1410,9326338,24,21600.000000000000000,24.000000000000000
1411,9326352,2,1800.000000000000000,2.000000000000000
1412,9326354,27,24300.000000000000000,27.000000000000000
1413,9326372,3,2700.000000000000000,3.000000000000000
1414,9326434,115,103500.000000000000000,115.000000000000000
1415,9326710,5,4500.000000000000000,5.000000000000000
1416,9326722,5,4500.000000000000000,5.000000000000000
1417,9326726,14,12600.000000000000000,14.000000000000000
1418,9326728,2,1800.000000000000000,2.000000000000000
1419,9326732,7,6300.000000000000000,7.000000000000000
1420,9326736,4,3600.000000000000000,4.000000000000000
1421,9326740,3,2700.000000000000000,3.000000000000000
1422,9326742,137,123300.000000000000000,137.000000000000000
1423,9326744,5,4500.000000000000000,5.000000000000000
1424,9326746,14,12600.000000000000000,14.000000000000000
1425,9326754,13,11700.000000000000000,13.000000000000000
1426,9326762,2,1800.000000000000000,2.000000000000000
1427,9326764,2,1800.000000000000000,2.000000000000000
1428,9326766,6,5400.000000000000000,6.000000000000000
1429,9326768,14,12600.000000000000000,14.000000000000000
1430,9326770,128,115200.000000000000000,128.000000000000000
1431,9326772,1,900.000000000000000,1.000000000000000
1432,9326774,7,6300.000000000000000,7.000000000000000
1433,9326776,19,17100.000000000000000,19.000000000000000
1434,9326784,41,36900.000000000000000,41.000000000000000
1435,9326786,24,21600.000000000000000,24.000000000000000
1436,9326804,1,900.000000000000000,1.000000000000000
1437,9326806,25,22500.000000000000000,25.000000000000000
1438,9326820,2,1800.000000000000000,2.000000000000000
1439,9326822,48,43200.000000000000000,48.000000000000000
1440,9326828,64,57600.000000000000000,64.000000000000000
1441,9326834,4,3600.000000000000000,4.000000000000000
1442,9326836,2,1800.000000000000000,2.000000000000000
1443,9326838,217,195300.000000000000000,217.000000000000000
1444,9326856,86,77400.000000000000000,86.000000000000000
1445,9326862,177,159300.000000000000000,177.000000000000000
1446,9326864,62,55800.000000000000000,62.000000000000000
1447,9326884,48,43200.000000000000000,48.000000000000000
1448,9326888,134,120600.000000000000000,134.000000000000000
1449,9326906,98,88200.000000000000000,98.000000000000000
1450,9326908,92,82800.000000000000000,92.000000000000000
1451,9326910,9,8100.000000000000000,9.000000000000000
1452,9326912,20,18000.000000000000000,20.000000000000000
1453,9326914,20,18000.000000000000000,20.000000000000000
1454,9326920,74,66600.000000000000000,74.000000000000000
1455,9326922,67,60300.000000000000000,67.000000000000000
1456,9326924,64,57600.000000000000000,64.000000000000000
1457,9326926,95,85500.000000000000000,95.000000000000000
1458,9326930,37,33300.000000000000000,37.000000000000000
1459,9326942,89,80100.000000000000000,89.000000000000000
1460,9326944,7,6300.000000000000000,7.000000000000000
1461,9326946,2,1800.000000000000000,2.000000000000000
1462,9326950,4,3600.000000000000000,4.000000000000000
1463,9326956,57,51300.000000000000000,57.000000000000000
1464,9326958,43,38700.000000000000000,43.000000000000000
1465,9326960,18,16200.000000000000000,18.000000000000000
1466,9326964,61,54900.000000000000000,61.000000000000000
1467,9326966,13,11700.000000000000000,13.000000000000000
1468,9326974,48,43200.000000000000000,48.000000000000000
1469,9326978,192,172800.000000000000000,192.000000000000000
1470,9326980,92,82800.000000000000000,92.000000000000000
1471,9326986,243,218700.000000000000000,243.000000000000000
1472,9326992,195,175500.000000000000000,195.000000000000000
1473,9326994,41,36900.000000000000000,41.000000000000000
1474,9326998,22,19800.000000000000000,22.000000000000000
1475,9327002,31,27900.000000000000000,31.000000000000000
1476,9327004,307,276300.000000000000000,307.000000000000000
1477,9327006,12,10800.000000000000000,12.000000000000000
1478,9327014,17,15300.000000000000000,17.000000000000000
1479,9327020,4,3600.000000000000000,4.000000000000000
1480,9327022,17,15300.000000000000000,17.000000000000000
1481,9327024,7,6300.000000000000000,7.000000000000000
1482,9327032,30,27000.000000000000000,30.000000000000000
1483,9327034,45,40500.000000000000000,45.000000000000000
1484,9327036,29,26100.000000000000000,29.000000000000000
1485,9327042,79,71100.000000000000000,79.000000000000000
1486,9327048,3,2700.000000000000000,3.000000000000000
1487,9327052,21,18900.000000000000000,21.000000000000000
1488,9327054,13,11700.000000000000000,13.000000000000000
1489,9327058,21,18900.000000000000000,21.000000000000000
1490,9327060,190,171000.000000000000000,190.000000000000000
1491,9327062,85,76500.000000000000000,85.000000000000000
1492,9327064,71,63900.000000000000000,71.000000000000000
1493,9327068,2,1800.000000000000000,2.000000000000000
1494,9327070,370,333000.000000000000000,370.000000000000000
1495,9327084,5,4500.000000000000000,5.000000000000000
1496,9327092,22,19800.000000000000000,22.000000000000000
1497,9327102,13,11700.000000000000000,13.000000000000000
1498,9327110,14,12600.000000000000000,14.000000000000000
1499,9327116,8,7200.000000000000000,8.000000000000000
1500,9327120,59,53100.000000000000000,59.000000000000000
1501,9327124,4,3600.000000000000000,4.000000000000000
1502,9327128,4,3600.000000000000000,4.000000000000000
1503,9327136,50,45000.000000000000000,50.000000000000000
1504,9327138,81,72900.000000000000000,81.000000000000000
1505,9327140,3,2700.000000000000000,3.000000000000000
1506,9327144,22,19800.000000000000000,22.000000000000000
1507,9327148,30,27000.000000000000000,30.000000000000000
1508,9327150,247,222300.000000000000000,247.000000000000000
1509,9327152,183,164700.000000000000000,183.000000000000000
1510,9327156,27,24300.000000000000000,27.000000000000000
1511,9327158,70,63000.000000000000000,70.000000000000000
1512,9327162,149,134100.000000000000000,149.000000000000000
1513,9327166,104,93600.000000000000000,104.000000000000000
1514,9327170,245,220500.000000000000000,245.000000000000000
1515,9327174,53,47700.000000000000000,53.000000000000000
1516,9327176,16,14400.000000000000000,16.000000000000000
1517,9327178,93,83700.000000000000000,93.000000000000000
1518,9327180,96,86400.000000000000000,96.000000000000000
1519,9327182,17,15300.000000000000000,17.000000000000000
1520,9327188,7,6300.000000000000000,7.000000000000000
1521,9327192,21,18900.000000000000000,21.000000000000000
1522,9327196,71,63900.000000000000000,71.000000000000000
1523,9327202,24,21600.000000000000000,24.000000000000000
1524,9327210,19,17100.000000000000000,19.000000000000000
1525,9327212,3,2700.000000000000000,3.000000000000000
1526,9327214,1,900.000000000000000,1.000000000000000
1527,9327218,4,3600.000000000000000,4.000000000000000
1528,9327222,5,4500.000000000000000,5.000000000000000
1529,9327224,3,2700.000000000000000,3.000000000000000
1530,9327226,2,1800.000000000000000,2.000000000000000
1531,9327228,19,17100.000000000000000,19.000000000000000
1532,9327230,5,4500.000000000000000,5.000000000000000
1533,9327240,11,9900.000000000000000,11.000000000000000
1534,9327242,18,16200.000000000000000,18.000000000000000
1535,9327246,26,23400.000000000000000,26.000000000000000
1536,9327250,5,4500.000000000000000,5.000000000000000
1537,9327252,1,900.000000000000000,1.000000000000000
1538,9327254,3,2700.000000000000000,3.000000000000000
1539,9327256,56,50400.000000000000000,56.000000000000000
1540,9327262,4,3600.000000000000000,4.000000000000000
1541,9327266,15,13500.000000000000000,15.000000000000000
1542,9327274,44,39600.000000000000000,44.000000000000000
1543,9327276,3,2700.000000000000000,3.000000000000000
1544,9327284,2,1800.000000000000000,2.000000000000000
1545,9327288,12,10800.000000000000000,12.000000000000000
1546,9327292,28,25200.000000000000000,28.000000000000000
1547,9327302,29,26100.000000000000000,29.000000000000000
1548,9327304,30,27000.000000000000000,30.000000000000000
1549,9327306,23,20700.000000000000000,23.000000000000000
1550,9327310,3,2700.000000000000000,3.000000000000000
1551,9327316,11,9900.000000000000000,11.000000000000000
1552,9327318,14,12600.000000000000000,14.000000000000000
1553,9327320,13,11700.000000000000000,13.000000000000000
1554,9327322,2,1800.000000000000000,2.000000000000000
1555,9327326,96,86400.000000000000000,96.000000000000000
1556,9327340,18,16200.000000000000000,18.000000000000000
1557,9327342,7,6300.000000000000000,7.000000000000000
1558,9327344,41,36900.000000000000000,41.000000000000000
1559,9327346,92,82800.000000000000000,92.000000000000000
1560,9327350,13,11700.000000000000000,13.000000000000000
1561,9327354,13,11700.000000000000000,13.000000000000000
1562,9327360,121,108900.000000000000000,121.000000000000000
1563,9327362,190,171000.000000000000000,190.000000000000000
1564,9327364,22,19800.000000000000000,22.000000000000000
1565,9327366,7,6300.000000000000000,7.000000000000000
1566,9327370,78,70200.000000000000000,78.000000000000000
1567,9327372,9,8100.000000000000000,9.000000000000000
1568,9327374,2,1800.000000000000000,2.000000000000000
1569,9327376,3,2700.000000000000000,3.000000000000000
1570,9327378,2,1800.000000000000000,2.000000000000000
1571,9327382,1,900.000000000000000,1.000000000000000
1572,9327386,3,2700.000000000000000,3.000000000000000
1573,9327394,31,27900.000000000000000,31.000000000000000
1574,9327396,11,9900.000000000000000,11.000000000000000
1575,9327402,8,7200.000000000000000,8.000000000000000
1576,9327408,65,58500.000000000000000,65.000000000000000
1577,9327410,9,8100.000000000000000,9.000000000000000
1578,9327412,11,9900.000000000000000,11.000000000000000
1579,9327418,17,15300.000000000000000,17.000000000000000
1580,9327420,6,5400.000000000000000,6.000000000000000
1581,9327430,10,9000.000000000000000,10.000000000000000
1582,9327438,33,29700.000000000000000,33.000000000000000
1583,9327440,67,60300.000000000000000,67.000000000000000
1584,9327446,105,94500.000000000000000,105.000000000000000
1585,9327450,2,1800.000000000000000,2.000000000000000
1586,9327452,19,17100.000000000000000,19.000000000000000
1587,9327462,17,15300.000000000000000,17.000000000000000
1588,9327466,27,24300.000000000000000,27.000000000000000
1589,9327468,6,5400.000000000000000,6.000000000000000
1590,9327470,7,6300.000000000000000,7.000000000000000
1591,9327472,40,36000.000000000000000,40.000000000000000
1592,9327474,61,54900.000000000000000,61.000000000000000
1593,9327476,18,16200.000000000000000,18.000000000000000
1594,9327478,55,49500.000000000000000,55.000000000000000
1595,9327480,40,36000.000000000000000,40.000000000000000
1596,9327482,202,181800.000000000000000,202.000000000000000
1597,9327484,2,1800.000000000000000,2.000000000000000
1598,9327486,75,67500.000000000000000,75.000000000000000
1599,9327512,161,144900.000000000000000,161.000000000000000
1600,9327520,19,17100.000000000000000,19.000000000000000
1601,9327528,10,9000.000000000000000,10.000000000000000
1602,9327530,6,5400.000000000000000,6.000000000000000
1603,9327532,1,900.000000000000000,1.000000000000000
1604,9327536,25,22500.000000000000000,25.000000000000000
1605,9327546,125,112500.000000000000000,125.000000000000000
1606,9327548,56,50400.000000000000000,56.000000000000000
1607,9327550,91,81900.000000000000000,91.000000000000000
1608,9327552,109,98100.000000000000000,109.000000000000000
1609,9327554,96,86400.000000000000000,96.000000000000000
1610,9327556,61,54900.000000000000000,61.000000000000000
1611,9327570,11,9900.000000000000000,11.000000000000000
1612,9327576,28,25200.000000000000000,28.000000000000000
1613,9327578,9,8100.000000000000000,9.000000000000000
1614,9327582,22,19800.000000000000000,22.000000000000000
1615,9327584,47,42300.000000000000000,47.000000000000000
1616,9327586,651,585900.000000000000000,651.000000000000000
1617,9327590,11,9900.000000000000000,11.000000000000000
1618,9327592,5,4500.000000000000000,5.000000000000000
1619,9327596,29,26100.000000000000000,29.000000000000000
1620,9327600,16,14400.000000000000000,16.000000000000000
1621,9327602,313,281700.000000000000000,313.000000000000000
1622,9327604,63,56700.000000000000000,63.000000000000000
1623,9327606,54,48600.000000000000000,54.000000000000000
1624,9327608,27,24300.000000000000000,27.000000000000000
1625,9327610,78,70200.000000000000000,78.000000000000000
1626,9327612,15,13500.000000000000000,15.000000000000000
1627,9327614,8,7200.000000000000000,8.000000000000000
1628,9327618,1,900.000000000000000,1.000000000000000
1629,9327620,2,1800.000000000000000,2.000000000000000
1630,9327622,39,35100.000000000000000,39.000000000000000
1631,9327626,105,94500.000000000000000,105.000000000000000
1632,9327628,28,25200.000000000000000,28.000000000000000
1633,9327630,17,15300.000000000000000,17.000000000000000
1634,9327632,47,42300.000000000000000,47.000000000000000
1635,9327636,11,9900.000000000000000,11.000000000000000
1636,9327650,1,900.000000000000000,1.000000000000000
1637,9327652,16,14400.000000000000000,16.000000000000000
1638,9327664,42,37800.000000000000000,42.000000000000000
1639,9327666,28,25200.000000000000000,28.000000000000000
1640,9327672,47,42300.000000000000000,47.000000000000000
1641,9327678,9,8100.000000000000000,9.000000000000000
1642,9327680,3,2700.000000000000000,3.000000000000000
1643,9327684,7,6300.000000000000000,7.000000000000000
1644,9327694,39,35100.000000000000000,39.000000000000000
1645,9327702,1,900.000000000000000,1.000000000000000
1646,9327712,6,5400.000000000000000,6.000000000000000
1647,9327714,64,57600.000000000000000,64.000000000000000
1648,9327718,47,42300.000000000000000,47.000000000000000
1649,9327726,12,10800.000000000000000,12.000000000000000
1650,9327738,4,3600.000000000000000,4.000000000000000
1651,9327744,74,66600.000000000000000,74.000000000000000
1652,9327754,67,60300.000000000000000,67.000000000000000
1653,9327756,40,36000.000000000000000,40.000000000000000
1654,9327778,6,5400.000000000000000,6.000000000000000
1655,9327780,10,9000.000000000000000,10.000000000000000
1656,9327788,47,42300.000000000000000,47.000000000000000
1657,9327802,8,7200.000000000000000,8.000000000000000
1658,9327824,20,18000.000000000000000,20.000000000000000
1659,9327842,119,107100.000000000000000,119.000000000000000
1660,9327846,32,28800.000000000000000,32.000000000000000
1661,9327854,1123,1010700.000000000000000,1123.000000000000000
1662,9327862,5,4500.000000000000000,5.000000000000000
1663,9327864,3,2700.000000000000000,3.000000000000000
1664,9327868,21,18900.000000000000000,21.000000000000000
1665,9327870,752,676800.000000000000000,752.000000000000000
1666,9327872,88,79200.000000000000000,88.000000000000000
1667,9327876,169,152100.000000000000000,169.000000000000000
1668,9327880,67,60300.000000000000000,67.000000000000000
1669,9327886,9,8100.000000000000000,9.000000000000000
1670,9327896,29,26100.000000000000000,29.000000000000000
1671,9327930,20,18000.000000000000000,20.000000000000000
1672,9327942,4,3600.000000000000000,4.000000000000000
1673,9327946,7,6300.000000000000000,7.000000000000000
1674,9327956,31,27900.000000000000000,31.000000000000000
1675,9327960,10,9000.000000000000000,10.000000000000000
1676,9327966,21,18900.000000000000000,21.000000000000000
1677,9327970,54,48600.000000000000000,54.000000000000000
1678,9327974,10,9000.000000000000000,10.000000000000000
1679,9328042,6,5400.000000000000000,6.000000000000000
1680,9328044,9,8100.000000000000000,9.000000000000000
1681,9328048,6,5400.000000000000000,6.000000000000000
1682,9328054,3,2700.000000000000000,3.000000000000000
1683,9328062,69,62100.000000000000000,69.000000000000000
1684,9328070,18,16200.000000000000000,18.000000000000000
1685,9328076,5,4500.000000000000000,5.000000000000000
1686,9328090,21,18900.000000000000000,21.000000000000000
1687,9328612,3,2700.000000000000000,3.000000000000000
1688,9328622,9,8100.000000000000000,9.000000000000000
1689,9328626,4,3600.000000000000000,4.000000000000000
1690,9328632,5,4500.000000000000000,5.000000000000000
1691,9328644,12,10800.000000000000000,12.000000000000000
1692,9328650,22,19800.000000000000000,22.000000000000000
1693,9328658,20,18000.000000000000000,20.000000000000000
1694,9328668,20,18000.000000000000000,20.000000000000000
1695,9328684,6,5400.000000000000000,6.000000000000000
1696,9328686,6,5400.000000000000000,6.000000000000000
1697,9328688,2,1800.000000000000000,2.000000000000000
1698,9328694,3,2700.000000000000000,3.000000000000000
1699,9328698,4,3600.000000000000000,4.000000000000000
1700,9328726,2,1800.000000000000000,2.000000000000000
1701,9328728,1,900.000000000000000,1.000000000000000
1702,9328730,5,4500.000000000000000,5.000000000000000
1703,9328736,16,14400.000000000000000,16.000000000000000
1704,9328740,98,88200.000000000000000,98.000000000000000
1705,9328742,91,81900.000000000000000,91.000000000000000
1706,9328746,2,1800.000000000000000,2.000000000000000
1707,9328748,9,8100.000000000000000,9.000000000000000
1708,9328752,2,1800.000000000000000,2.000000000000000
1709,9328754,13,11700.000000000000000,13.000000000000000
1710,9328758,5,4500.000000000000000,5.000000000000000
1711,9328768,31,27900.000000000000000,31.000000000000000
1712,9328776,11,9900.000000000000000,11.000000000000000
1713,9328780,3,2700.000000000000000,3.000000000000000
1714,9328782,9,8100.000000000000000,9.000000000000000
1715,9328786,68,61200.000000000000000,68.000000000000000
1716,9328792,21,18900.000000000000000,21.000000000000000
1717,9328794,1,900.000000000000000,1.000000000000000
1718,9328796,3,2700.000000000000000,3.000000000000000
1719,9328808,5,4500.000000000000000,5.000000000000000
1720,9328814,9,8100.000000000000000,9.000000000000000
1721,9328818,384,345600.000000000000000,384.000000000000000
1722,9328828,16,14400.000000000000000,16.000000000000000
1723,9328836,79,71100.000000000000000,79.000000000000000
1724,9328842,47,42300.000000000000000,47.000000000000000
1725,9328848,10,9000.000000000000000,10.000000000000000
1726,9328852,13,11700.000000000000000,13.000000000000000
1727,9328854,8,7200.000000000000000,8.000000000000000
1728,9328860,16,14400.000000000000000,16.000000000000000
1729,9328862,8,7200.000000000000000,8.000000000000000
1730,9328866,2,1800.000000000000000,2.000000000000000
1731,9328876,13,11700.000000000000000,13.000000000000000
1732,9328904,34,30600.000000000000000,34.000000000000000
1733,9328908,6,5400.000000000000000,6.000000000000000
1734,9328920,3,2700.000000000000000,3.000000000000000
1735,9328926,21,18900.000000000000000,21.000000000000000
1736,9328928,9,8100.000000000000000,9.000000000000000
1737,9328932,23,20700.000000000000000,23.000000000000000
1738,9328934,7,6300.000000000000000,7.000000000000000
1739,9328948,7,6300.000000000000000,7.000000000000000
1740,9328956,4,3600.000000000000000,4.000000000000000
1741,9328958,7,6300.000000000000000,7.000000000000000
1742,9328964,6,5400.000000000000000,6.000000000000000
1743,9328970,10,9000.000000000000000,10.000000000000000
1744,9328990,8,7200.000000000000000,8.000000000000000
1745,9328996,3,2700.000000000000000,3.000000000000000
1746,9328998,1,900.000000000000000,1.000000000000000
1747,9329000,9,8100.000000000000000,9.000000000000000
1748,9329002,5,4500.000000000000000,5.000000000000000
1749,9329016,101,90900.000000000000000,101.000000000000000
1750,9329024,80,72000.000000000000000,80.000000000000000
1751,9329026,16,14400.000000000000000,16.000000000000000
1752,9329038,10,9000.000000000000000,10.000000000000000
1753,9329040,15,13500.000000000000000,15.000000000000000
1754,9329042,1,900.000000000000000,1.000000000000000
1755,9329052,3,2700.000000000000000,3.000000000000000
1756,9329054,1,900.000000000000000,1.000000000000000
1757,9329056,6,5400.000000000000000,6.000000000000000
1758,9329068,6,5400.000000000000000,6.000000000000000
1759,9329070,40,36000.000000000000000,40.000000000000000
1760,9329072,31,27900.000000000000000,31.000000000000000
1761,9329076,9,8100.000000000000000,9.000000000000000
1762,9329080,1,900.000000000000000,1.000000000000000
1763,9329082,17,15300.000000000000000,17.000000000000000
1764,9329084,2,1800.000000000000000,2.000000000000000
1765,9329094,5,4500.000000000000000,5.000000000000000
1766,9329098,21,18900.000000000000000,21.000000000000000
1767,9329100,2,1800.000000000000000,2.000000000000000
1768,9329108,10,9000.000000000000000,10.000000000000000
1769,9329110,2,1800.000000000000000,2.000000000000000
1770,9329112,1,900.000000000000000,1.000000000000000
1771,9329116,2,1800.000000000000000,2.000000000000000
1772,9329128,1,900.000000000000000,1.000000000000000
1773,9329130,5,4500.000000000000000,5.000000000000000
1774,9329132,18,16200.000000000000000,18.000000000000000
1775,9329154,57,51300.000000000000000,57.000000000000000
1776,9329156,1,900.000000000000000,1.000000000000000
1777,9329160,71,63900.000000000000000,71.000000000000000
1778,9329168,8,7200.000000000000000,8.000000000000000
1779,9329172,5,4500.000000000000000,5.000000000000000
1780,9329178,9,8100.000000000000000,9.000000000000000
1781,9329188,15,13500.000000000000000,15.000000000000000
1782,9329192,5,4500.000000000000000,5.000000000000000
1783,9329198,1,900.000000000000000,1.000000000000000
1784,9329204,18,16200.000000000000000,18.000000000000000
1785,9329232,2,1800.000000000000000,2.000000000000000
1786,9329238,6,5400.000000000000000,6.000000000000000
1787,9329240,9,8100.000000000000000,9.000000000000000
1788,9329258,36,32400.000000000000000,36.000000000000000
1789,9329260,26,23400.000000000000000,26.000000000000000
1790,9329268,21,18900.000000000000000,21.000000000000000
1791,9329272,13,11700.000000000000000,13.000000000000000
1792,9329284,3,2700.000000000000000,3.000000000000000
1793,9329286,1,900.000000000000000,1.000000000000000
1794,9329290,9,8100.000000000000000,9.000000000000000
1795,9329298,51,45900.000000000000000,51.000000000000000
1796,9329300,13,11700.000000000000000,13.000000000000000
1797,9329302,9,8100.000000000000000,9.000000000000000
1798,9329310,82,73800.000000000000000,82.000000000000000
1799,9329312,14,12600.000000000000000,14.000000000000000
1800,9329316,29,26100.000000000000000,29.000000000000000
1801,9329326,7,6300.000000000000000,7.000000000000000
1802,9329328,8,7200.000000000000000,8.000000000000000
1803,9329334,1,900.000000000000000,1.000000000000000
1804,9329336,40,36000.000000000000000,40.000000000000000
1805,9329338,15,13500.000000000000000,15.000000000000000
1806,9329346,3,2700.000000000000000,3.000000000000000
1807,9329350,5,4500.000000000000000,5.000000000000000
1808,9329360,8,7200.000000000000000,8.000000000000000
1809,9329368,5,4500.000000000000000,5.000000000000000
1810,9329374,28,25200.000000000000000,28.000000000000000
1811,9329378,100,90000.000000000000000,100.000000000000000
1812,9329390,6,5400.000000000000000,6.000000000000000
1813,9329392,11,9900.000000000000000,11.000000000000000
1814,9329398,2,1800.000000000000000,2.000000000000000
1815,9329404,22,19800.000000000000000,22.000000000000000
1816,9329410,1,900.000000000000000,1.000000000000000
1817,9329412,57,51300.000000000000000,57.000000000000000
1818,9329414,36,32400.000000000000000,36.000000000000000
1819,9329416,15,13500.000000000000000,15.000000000000000
1820,9329424,7,6300.000000000000000,7.000000000000000
1821,9329454,13,11700.000000000000000,13.000000000000000
1822,9329466,82,73800.000000000000000,82.000000000000000
1823,9329478,3,2700.000000000000000,3.000000000000000
1824,9329482,24,21600.000000000000000,24.000000000000000
1825,9329484,3,2700.000000000000000,3.000000000000000
1826,9329486,82,73800.000000000000000,82.000000000000000
1827,9329492,4,3600.000000000000000,4.000000000000000
1828,9329494,8,7200.000000000000000,8.000000000000000
1829,9329496,4,3600.000000000000000,4.000000000000000
1830,9329498,9,8100.000000000000000,9.000000000000000
1831,9329500,1,900.000000000000000,1.000000000000000
1832,9329504,2,1800.000000000000000,2.000000000000000
1833,9329506,3,2700.000000000000000,3.000000000000000
1834,9329508,4,3600.000000000000000,4.000000000000000
1835,9329514,10,9000.000000000000000,10.000000000000000
1836,9329532,8,7200.000000000000000,8.000000000000000
1837,9329556,4,3600.000000000000000,4.000000000000000
1838,9329560,8,7200.000000000000000,8.000000000000000
1839,9329562,15,13500.000000000000000,15.000000000000000
1840,9329564,43,38700.000000000000000,43.000000000000000
1841,9329570,3,2700.000000000000000,3.000000000000000
1842,9329576,2,1800.000000000000000,2.000000000000000
1843,9329584,9,8100.000000000000000,9.000000000000000
1844,9329594,11,9900.000000000000000,11.000000000000000
1845,9329600,4,3600.000000000000000,4.000000000000000
1846,9329630,61,54900.000000000000000,61.000000000000000
1847,9329658,9,8100.000000000000000,9.000000000000000
1848,9329692,10,9000.000000000000000,10.000000000000000
1849,9329694,28,25200.000000000000000,28.000000000000000
1850,9329700,38,34200.000000000000000,38.000000000000000
1851,9329706,28,25200.000000000000000,28.000000000000000
1852,9329720,7,6300.000000000000000,7.000000000000000
1853,9329722,46,41400.000000000000000,46.000000000000000
1854,9329734,1,900.000000000000000,1.000000000000000
1855,9329746,17,15300.000000000000000,17.000000000000000
1856,9329758,12,10800.000000000000000,12.000000000000000
1857,9329760,17,15300.000000000000000,17.000000000000000
1858,9329762,30,27000.000000000000000,30.000000000000000
1859,9329764,81,72900.000000000000000,81.000000000000000
1860,9329766,21,18900.000000000000000,21.000000000000000
1861,9329780,11,9900.000000000000000,11.000000000000000
1862,9329784,2,1800.000000000000000,2.000000000000000
1863,9329792,8,7200.000000000000000,8.000000000000000
1864,9329794,1,900.000000000000000,1.000000000000000
1865,9329818,5,4500.000000000000000,5.000000000000000
1866,9329830,1,900.000000000000000,1.000000000000000
1867,9329840,11,9900.000000000000000,11.000000000000000
1868,9329844,37,33300.000000000000000,37.000000000000000
1869,9329846,57,51300.000000000000000,57.000000000000000
1870,9329858,2,1800.000000000000000,2.000000000000000
1871,9329880,3,2700.000000000000000,3.000000000000000
1872,9329888,10,9000.000000000000000,10.000000000000000
1873,9329892,21,18900.000000000000000,21.000000000000000
1874,9329900,8,7200.000000000000000,8.000000000000000
1875,9329924,3,2700.000000000000000,3.000000000000000
1876,9329928,5,4500.000000000000000,5.000000000000000
1877,9329930,2,1800.000000000000000,2.000000000000000
1878,9329934,3,2700.000000000000000,3.000000000000000
1879,9329970,88,79200.000000000000000,88.000000000000000
1880,9329972,16,14400.000000000000000,16.000000000000000
1881,9329986,11,9900.000000000000000,11.000000000000000
1882,9329992,46,41400.000000000000000,46.000000000000000
1883,9330002,5,4500.000000000000000,5.000000000000000
1884,9330012,10,9000.000000000000000,10.000000000000000
1885,9330042,28,25200.000000000000000,28.000000000000000
1886,9330048,3,2700.000000000000000,3.000000000000000
1887,9330068,170,153000.000000000000000,170.000000000000000
1888,9330090,1,900.000000000000000,1.000000000000000
1889,9330094,7,6300.000000000000000,7.000000000000000
1890,9330100,22,19800.000000000000000,22.000000000000000
1891,9330102,7,6300.000000000000000,7.000000000000000
1892,9330114,4,3600.000000000000000,4.000000000000000
1893,9330118,6,5400.000000000000000,6.000000000000000
1894,9330124,3,2700.000000000000000,3.000000000000000
1895,9330134,62,55800.000000000000000,62.000000000000000
1896,9330136,4,3600.000000000000000,4.000000000000000
1897,9330140,10,9000.000000000000000,10.000000000000000
1898,9330146,3,2700.000000000000000,3.000000000000000
1899,9330154,83,74700.000000000000000,83.000000000000000
1900,9330158,17,15300.000000000000000,17.000000000000000
1901,9330160,30,27000.000000000000000,30.000000000000000
1902,9330172,10,9000.000000000000000,10.000000000000000
1903,9330174,1,900.000000000000000,1.000000000000000
1904,9330186,14,12600.000000000000000,14.000000000000000
1905,9330194,19,17100.000000000000000,19.000000000000000
1906,9330196,2,1800.000000000000000,2.000000000000000
1907,9330212,8,7200.000000000000000,8.000000000000000
1908,9330220,4,3600.000000000000000,4.000000000000000
1909,9330222,4,3600.000000000000000,4.000000000000000
1910,9330224,7,6300.000000000000000,7.000000000000000
1911,9330232,3,2700.000000000000000,3.000000000000000
1912,9330248,1,900.000000000000000,1.000000000000000
1913,9330252,8,7200.000000000000000,8.000000000000000
1914,9330254,8,7200.000000000000000,8.000000000000000
1915,9330256,14,12600.000000000000000,14.000000000000000
1916,9330268,3,2700.000000000000000,3.000000000000000
1917,9330298,1,900.000000000000000,1.000000000000000
1918,9330312,4,3600.000000000000000,4.000000000000000
1919,9330322,13,11700.000000000000000,13.000000000000000
1920,9330324,5,4500.000000000000000,5.000000000000000
1921,9330342,9,8100.000000000000000,9.000000000000000
1922,9330346,1,900.000000000000000,1.000000000000000
1923,9330350,3,2700.000000000000000,3.000000000000000
1924,9330370,13,11700.000000000000000,13.000000000000000
1925,9330374,7,6300.000000000000000,7.000000000000000
1926,9330378,14,12600.000000000000000,14.000000000000000
1927,9330408,7,6300.000000000000000,7.000000000000000
1928,9330412,1,900.000000000000000,1.000000000000000
1929,9330414,2,1800.000000000000000,2.000000000000000
1930,9330424,7,6300.000000000000000,7.000000000000000
1931,9330426,2,1800.000000000000000,2.000000000000000
1932,9330450,1,900.000000000000000,1.000000000000000
1933,9330452,23,20700.000000000000000,23.000000000000000
1934,9330460,2,1800.000000000000000,2.000000000000000
1935,9330464,1,900.000000000000000,1.000000000000000
1936,9330466,10,9000.000000000000000,10.000000000000000
1937,9330470,28,25200.000000000000000,28.000000000000000
1938,9330490,19,17100.000000000000000,19.000000000000000
1939,9330514,6,5400.000000000000000,6.000000000000000
1940,9330518,4,3600.000000000000000,4.000000000000000
1941,9330528,8,7200.000000000000000,8.000000000000000
1942,9330530,4,3600.000000000000000,4.000000000000000
1943,9330532,4,3600.000000000000000,4.000000000000000
1944,9330534,5,4500.000000000000000,5.000000000000000
1945,9330538,17,15300.000000000000000,17.000000000000000
1946,9330546,2,1800.000000000000000,2.000000000000000
1947,9330552,3,2700.000000000000000,3.000000000000000
1948,9330556,24,21600.000000000000000,24.000000000000000
1949,9330560,11,9900.000000000000000,11.000000000000000
1950,9330566,5,4500.000000000000000,5.000000000000000
1951,9330572,10,9000.000000000000000,10.000000000000000
1952,9330580,1,900.000000000000000,1.000000000000000
1953,9330582,9,8100.000000000000000,9.000000000000000
1954,9330584,13,11700.000000000000000,13.000000000000000
1955,9330586,65,58500.000000000000000,65.000000000000000
1956,9330588,21,18900.000000000000000,21.000000000000000
1957,9330592,5,4500.000000000000000,5.000000000000000
1958,9330596,4,3600.000000000000000,4.000000000000000
1959,9330600,6,5400.000000000000000,6.000000000000000
1960,9330610,34,30600.000000000000000,34.000000000000000
1961,9330612,15,13500.000000000000000,15.000000000000000
1962,9330618,16,14400.000000000000000,16.000000000000000
1963,9330624,6,5400.000000000000000,6.000000000000000
1964,9330626,8,7200.000000000000000,8.000000000000000
1965,9330632,3,2700.000000000000000,3.000000000000000
1966,9330636,1,900.000000000000000,1.000000000000000
1967,9330638,1,900.000000000000000,1.000000000000000
1968,9330640,4,3600.000000000000000,4.000000000000000
1969,9330642,21,18900.000000000000000,21.000000000000000
1970,9330652,8,7200.000000000000000,8.000000000000000
1971,9330654,2,1800.000000000000000,2.000000000000000
1972,9330656,8,7200.000000000000000,8.000000000000000
1973,9330658,4,3600.000000000000000,4.000000000000000
1974,9330660,12,10800.000000000000000,12.000000000000000
1975,9330662,3,2700.000000000000000,3.000000000000000
1976,9330666,6,5400.000000000000000,6.000000000000000
1977,9330668,13,11700.000000000000000,13.000000000000000
1978,9330670,20,18000.000000000000000,20.000000000000000
1979,9330672,9,8100.000000000000000,9.000000000000000
1980,9330674,7,6300.000000000000000,7.000000000000000
1981,9330676,6,5400.000000000000000,6.000000000000000
1982,9330684,5,4500.000000000000000,5.000000000000000
1983,9330686,1,900.000000000000000,1.000000000000000
1984,9330688,22,19800.000000000000000,22.000000000000000
1985,9330698,2,1800.000000000000000,2.000000000000000
1986,9330700,1,900.000000000000000,1.000000000000000
1987,9330702,16,14400.000000000000000,16.000000000000000
1988,9330706,20,18000.000000000000000,20.000000000000000
1989,9330708,7,6300.000000000000000,7.000000000000000
1990,9330714,30,27000.000000000000000,30.000000000000000
1991,9330716,9,8100.000000000000000,9.000000000000000
1992,9330718,3,2700.000000000000000,3.000000000000000
1993,9330720,2,1800.000000000000000,2.000000000000000
1994,9330722,12,10800.000000000000000,12.000000000000000
1995,9330724,11,9900.000000000000000,11.000000000000000
1996,9330726,11,9900.000000000000000,11.000000000000000
1997,9330734,9,8100.000000000000000,9.000000000000000
1998,9330736,3,2700.000000000000000,3.000000000000000
1999,9330740,16,14400.000000000000000,16.000000000000000
2000,9330744,12,10800.000000000000000,12.000000000000000
2001,9330748,9,8100.000000000000000,9.000000000000000
2002,9330750,23,20700.000000000000000,23.000000000000000
2003,9330752,21,18900.000000000000000,21.000000000000000
2004,9330754,19,17100.000000000000000,19.000000000000000
2005,9330756,104,93600.000000000000000,104.000000000000000
2006,9330760,130,117000.000000000000000,130.000000000000000
2007,9330762,1,900.000000000000000,1.000000000000000
2008,9330764,20,18000.000000000000000,20.000000000000000
2009,9330770,6,5400.000000000000000,6.000000000000000
2010,9330772,75,67500.000000000000000,75.000000000000000
2011,9330774,19,17100.000000000000000,19.000000000000000
2012,9330778,3,2700.000000000000000,3.000000000000000
2013,9330780,17,15300.000000000000000,17.000000000000000
2014,9330782,38,34200.000000000000000,38.000000000000000
2015,9330784,14,12600.000000000000000,14.000000000000000
2016,9330786,27,24300.000000000000000,27.000000000000000
2017,9330788,18,16200.000000000000000,18.000000000000000
2018,9330790,8,7200.000000000000000,8.000000000000000
2019,9330792,30,27000.000000000000000,30.000000000000000
2020,9330794,5,4500.000000000000000,5.000000000000000
2021,9330796,32,28800.000000000000000,32.000000000000000
2022,9330800,7,6300.000000000000000,7.000000000000000
2023,9330804,12,10800.000000000000000,12.000000000000000
2024,9330806,20,18000.000000000000000,20.000000000000000
2025,9330810,37,33300.000000000000000,37.000000000000000
2026,9330814,20,18000.000000000000000,20.000000000000000
2027,9330816,33,29700.000000000000000,33.000000000000000
2028,9330818,2,1800.000000000000000,2.000000000000000
2029,9330820,58,52200.000000000000000,58.000000000000000
2030,9330822,27,24300.000000000000000,27.000000000000000
2031,9330830,88,79200.000000000000000,88.000000000000000
2032,9330834,42,37800.000000000000000,42.000000000000000
2033,9330840,42,37800.000000000000000,42.000000000000000
2034,9330856,24,21600.000000000000000,24.000000000000000
2035,9330860,148,133200.000000000000000,148.000000000000000
2036,9330862,4,3600.000000000000000,4.000000000000000
2037,9330864,6,5400.000000000000000,6.000000000000000
2038,9330866,9,8100.000000000000000,9.000000000000000
2039,9330868,8,7200.000000000000000,8.000000000000000
2040,9330870,8,7200.000000000000000,8.000000000000000
2041,9330876,1,900.000000000000000,1.000000000000000
2042,9330880,49,44100.000000000000000,49.000000000000000
2043,9330886,8,7200.000000000000000,8.000000000000000
2044,9330888,73,65700.000000000000000,73.000000000000000
2045,9330898,17,15300.000000000000000,17.000000000000000
2046,9330928,3,2700.000000000000000,3.000000000000000
2047,9330930,12,10800.000000000000000,12.000000000000000
2048,9330932,5,4500.000000000000000,5.000000000000000
2049,9330936,9,8100.000000000000000,9.000000000000000
2050,9330944,4,3600.000000000000000,4.000000000000000
2051,9330952,121,108900.000000000000000,121.000000000000000
2052,9330954,89,80100.000000000000000,89.000000000000000
2053,9330970,3,2700.000000000000000,3.000000000000000
2054,9330974,26,23400.000000000000000,26.000000000000000
2055,9330976,32,28800.000000000000000,32.000000000000000
2056,9330984,6,5400.000000000000000,6.000000000000000
2057,9330986,7,6300.000000000000000,7.000000000000000
2058,9330998,13,11700.000000000000000,13.000000000000000
2059,9331002,53,47700.000000000000000,53.000000000000000
2060,9331006,32,28800.000000000000000,32.000000000000000
2061,9331010,31,27900.000000000000000,31.000000000000000
2062,9331014,1,900.000000000000000,1.000000000000000
2063,9331022,1,900.000000000000000,1.000000000000000
2064,9331036,3,2700.000000000000000,3.000000000000000
2065,9331040,3,2700.000000000000000,3.000000000000000
2066,9331042,31,27900.000000000000000,31.000000000000000
2067,9331046,4,3600.000000000000000,4.000000000000000
2068,9331048,3,2700.000000000000000,3.000000000000000
2069,9331050,3,2700.000000000000000,3.000000000000000
2070,9331052,9,8100.000000000000000,9.000000000000000
2071,9331054,2,1800.000000000000000,2.000000000000000
2072,9331056,5,4500.000000000000000,5.000000000000000
2073,9331068,7,6300.000000000000000,7.000000000000000
2074,9331070,9,8100.000000000000000,9.000000000000000
2075,9331072,3,2700.000000000000000,3.000000000000000
2076,9331074,10,9000.000000000000000,10.000000000000000
2077,9331076,28,25200.000000000000000,28.000000000000000
2078,9331078,25,22500.000000000000000,25.000000000000000
2079,9331080,15,13500.000000000000000,15.000000000000000
2080,9331082,5,4500.000000000000000,5.000000000000000
2081,9331084,3,2700.000000000000000,3.000000000000000
2082,9331086,42,37800.000000000000000,42.000000000000000
2083,9331088,83,74700.000000000000000,83.000000000000000
2084,9331090,25,22500.000000000000000,25.000000000000000
2085,9331092,6,5400.000000000000000,6.000000000000000
2086,9331094,15,13500.000000000000000,15.000000000000000
2087,9331096,19,17100.000000000000000,19.000000000000000
2088,9331098,36,32400.000000000000000,36.000000000000000
2089,9331100,2,1800.000000000000000,2.000000000000000
2090,9331106,74,66600.000000000000000,74.000000000000000
2091,9331116,7,6300.000000000000000,7.000000000000000
2092,9331126,12,10800.000000000000000,12.000000000000000
2093,9331142,3,2700.000000000000000,3.000000000000000
2094,9331144,2,1800.000000000000000,2.000000000000000
2095,9331148,14,12600.000000000000000,14.000000000000000
2096,9331152,2,1800.000000000000000,2.000000000000000
2097,9331162,13,11700.000000000000000,13.000000000000000
2098,9331166,11,9900.000000000000000,11.000000000000000
2099,9331200,41,36900.000000000000000,41.000000000000000
2100,9331202,362,325800.000000000000000,362.000000000000000
2101,9331210,162,145800.000000000000000,162.000000000000000
2102,9331212,6,5400.000000000000000,6.000000000000000
2103,9331214,12,10800.000000000000000,12.000000000000000
2104,9331230,2,1800.000000000000000,2.000000000000000
2105,9331234,17,15300.000000000000000,17.000000000000000
2106,9331240,42,37800.000000000000000,42.000000000000000
2107,9331244,1,900.000000000000000,1.000000000000000
2108,9331246,13,11700.000000000000000,13.000000000000000
2109,9331256,1,900.000000000000000,1.000000000000000
2110,9331258,1,900.000000000000000,1.000000000000000
2111,9331270,33,29700.000000000000000,33.000000000000000
2112,9331278,41,36900.000000000000000,41.000000000000000
2113,9331294,15,13500.000000000000000,15.000000000000000
2114,9331300,15,13500.000000000000000,15.000000000000000
2115,9331306,2,1800.000000000000000,2.000000000000000
2116,9331316,19,17100.000000000000000,19.000000000000000
2117,9331328,12,10800.000000000000000,12.000000000000000
2118,9331350,4,3600.000000000000000,4.000000000000000
2119,9331354,39,35100.000000000000000,39.000000000000000
2120,9331358,18,16200.000000000000000,18.000000000000000
2121,9331364,10,9000.000000000000000,10.000000000000000
2122,9331372,3,2700.000000000000000,3.000000000000000
2123,9331378,5,4500.000000000000000,5.000000000000000
2124,9331402,2,1800.000000000000000,2.000000000000000
2125,9331410,22,19800.000000000000000,22.000000000000000
2126,9331412,4,3600.000000000000000,4.000000000000000
2127,9331428,3,2700.000000000000000,3.000000000000000
2128,9331436,18,16200.000000000000000,18.000000000000000
2129,9331446,23,20700.000000000000000,23.000000000000000
2130,9331458,9,8100.000000000000000,9.000000000000000
2131,9331464,5,4500.000000000000000,5.000000000000000
2132,9331468,2,1800.000000000000000,2.000000000000000
2133,9331482,4,3600.000000000000000,4.000000000000000
2134,9331492,3,2700.000000000000000,3.000000000000000
2135,9331510,7,6300.000000000000000,7.000000000000000
2136,9331518,1,900.000000000000000,1.000000000000000
2137,9331520,28,25200.000000000000000,28.000000000000000
2138,9331538,6,5400.000000000000000,6.000000000000000
2139,9331546,21,18900.000000000000000,21.000000000000000
2140,9331548,13,11700.000000000000000,13.000000000000000
2141,9331554,6,5400.000000000000000,6.000000000000000
2142,9331576,15,13500.000000000000000,15.000000000000000
2143,9331580,2,1800.000000000000000,2.000000000000000
2144,9331588,2,1800.000000000000000,2.000000000000000
2145,9331600,25,22500.000000000000000,25.000000000000000
2146,9331610,18,16200.000000000000000,18.000000000000000
2147,9331622,28,25200.000000000000000,28.000000000000000
2148,9331646,4,3600.000000000000000,4.000000000000000
2149,9331650,79,71100.000000000000000,79.000000000000000
2150,9331664,14,12600.000000000000000,14.000000000000000
2151,9331670,25,22500.000000000000000,25.000000000000000
2152,9331674,5,4500.000000000000000,5.000000000000000
2153,9331676,4,3600.000000000000000,4.000000000000000
2154,9331678,56,50400.000000000000000,56.000000000000000
2155,9331684,10,9000.000000000000000,10.000000000000000
2156,9331690,6,5400.000000000000000,6.000000000000000
2157,9331696,29,26100.000000000000000,29.000000000000000
2158,9331714,2,1800.000000000000000,2.000000000000000
2159,9331724,22,19800.000000000000000,22.000000000000000
2160,9332160,9,8100.000000000000000,9.000000000000000
2161,9332168,11,9900.000000000000000,11.000000000000000
2162,9332170,1,900.000000000000000,1.000000000000000
2163,9332172,2,1800.000000000000000,2.000000000000000
2164,9332176,23,20700.000000000000000,23.000000000000000
2165,9332178,6,5400.000000000000000,6.000000000000000
2166,9332186,14,12600.000000000000000,14.000000000000000
2167,9332188,4,3600.000000000000000,4.000000000000000
2168,9332190,32,28800.000000000000000,32.000000000000000
2169,9332192,7,6300.000000000000000,7.000000000000000
2170,9332194,46,41400.000000000000000,46.000000000000000
2171,9332196,38,34200.000000000000000,38.000000000000000
2172,9332200,18,16200.000000000000000,18.000000000000000
2173,9332202,20,18000.000000000000000,20.000000000000000
2174,9332204,274,246600.000000000000000,274.000000000000000
2175,9332206,11,9900.000000000000000,11.000000000000000
2176,9332212,4,3600.000000000000000,4.000000000000000
2177,9332216,19,17100.000000000000000,19.000000000000000
2178,9332218,6,5400.000000000000000,6.000000000000000
2179,9332220,25,22500.000000000000000,25.000000000000000
2180,9332222,47,42300.000000000000000,47.000000000000000
2181,9332224,8,7200.000000000000000,8.000000000000000
2182,9332226,28,25200.000000000000000,28.000000000000000
2183,9332228,10,9000.000000000000000,10.000000000000000
2184,9332234,2,1800.000000000000000,2.000000000000000
2185,9332236,1,900.000000000000000,1.000000000000000
2186,9332238,20,18000.000000000000000,20.000000000000000
2187,9332240,68,61200.000000000000000,68.000000000000000
2188,9332242,51,45900.000000000000000,51.000000000000000
2189,9332244,40,36000.000000000000000,40.000000000000000
2190,9332248,13,11700.000000000000000,13.000000000000000
2191,9332250,8,7200.000000000000000,8.000000000000000
2192,9332252,83,74700.000000000000000,83.000000000000000
2193,9332254,19,17100.000000000000000,19.000000000000000
2194,9332256,38,34200.000000000000000,38.000000000000000
2195,9332258,9,8100.000000000000000,9.000000000000000
2196,9332260,36,32400.000000000000000,36.000000000000000
2197,9332262,13,11700.000000000000000,13.000000000000000
2198,9332266,56,50400.000000000000000,56.000000000000000
2199,9332268,64,57600.000000000000000,64.000000000000000
2200,9332272,14,12600.000000000000000,14.000000000000000
2201,9332274,72,64800.000000000000000,72.000000000000000
2202,9332276,1,900.000000000000000,1.000000000000000
2203,9332278,6,5400.000000000000000,6.000000000000000
2204,9332280,76,68400.000000000000000,76.000000000000000
2205,9332286,3,2700.000000000000000,3.000000000000000
2206,9332290,5,4500.000000000000000,5.000000000000000
2207,9332292,15,13500.000000000000000,15.000000000000000
2208,9332294,19,17100.000000000000000,19.000000000000000
2209,9332296,7,6300.000000000000000,7.000000000000000
2210,9332298,40,36000.000000000000000,40.000000000000000
2211,9332300,32,28800.000000000000000,32.000000000000000
2212,9332302,3,2700.000000000000000,3.000000000000000
2213,9332304,40,36000.000000000000000,40.000000000000000
2214,9332306,14,12600.000000000000000,14.000000000000000
2215,9332308,43,38700.000000000000000,43.000000000000000
2216,9332312,3,2700.000000000000000,3.000000000000000
2217,9332314,4,3600.000000000000000,4.000000000000000
2218,9332316,14,12600.000000000000000,14.000000000000000
2219,9332320,8,7200.000000000000000,8.000000000000000
2220,9332330,24,21600.000000000000000,24.000000000000000
2221,9332332,33,29700.000000000000000,33.000000000000000
2222,9332334,9,8100.000000000000000,9.000000000000000
2223,9332336,27,24300.000000000000000,27.000000000000000
2224,9332342,140,126000.000000000000000,140.000000000000000
2225,9332344,7,6300.000000000000000,7.000000000000000
2226,9332346,19,17100.000000000000000,19.000000000000000
2227,9332350,4,3600.000000000000000,4.000000000000000
2228,9332352,18,16200.000000000000000,18.000000000000000
2229,9332354,2,1800.000000000000000,2.000000000000000
2230,9332360,40,36000.000000000000000,40.000000000000000
2231,9332362,5,4500.000000000000000,5.000000000000000
2232,9332366,124,111600.000000000000000,124.000000000000000
2233,9332368,14,12600.000000000000000,14.000000000000000
2234,9332376,34,30600.000000000000000,34.000000000000000
2235,9332378,2,1800.000000000000000,2.000000000000000
2236,9332458,9,8100.000000000000000,9.000000000000000
2237,9332460,17,15300.000000000000000,17.000000000000000
2238,9332462,14,12600.000000000000000,14.000000000000000
2239,9332464,8,7200.000000000000000,8.000000000000000
2240,9332466,1,900.000000000000000,1.000000000000000
2241,9332494,2,1800.000000000000000,2.000000000000000
2242,9332496,3,2700.000000000000000,3.000000000000000
2243,9332500,8,7200.000000000000000,8.000000000000000
2244,9332502,190,171000.000000000000000,190.000000000000000
2245,9332506,70,63000.000000000000000,70.000000000000000
2246,9332512,1,900.000000000000000,1.000000000000000
2247,9332520,17,15300.000000000000000,17.000000000000000
2248,9332522,9,8100.000000000000000,9.000000000000000
2249,9332526,65,58500.000000000000000,65.000000000000000
2250,9332532,11,9900.000000000000000,11.000000000000000
2251,9332534,46,41400.000000000000000,46.000000000000000
2252,9332536,32,28800.000000000000000,32.000000000000000
2253,9332538,101,90900.000000000000000,101.000000000000000
2254,9332558,85,76500.000000000000000,85.000000000000000
2255,9332560,26,23400.000000000000000,26.000000000000000
2256,9332562,8,7200.000000000000000,8.000000000000000
2257,9332564,9,8100.000000000000000,9.000000000000000
2258,9332566,3,2700.000000000000000,3.000000000000000
2259,9336440,1,900.000000000000000,1.000000000000000
2260,10102038,6,5400.000000000000000,6.000000000000000
2261,10102042,4,3600.000000000000000,4.000000000000000
2262,10102052,3,2700.000000000000000,3.000000000000000
2263,10102056,23,20700.000000000000000,23.000000000000000
2264,10102066,16,14400.000000000000000,16.000000000000000
2265,10102068,2,1800.000000000000000,2.000000000000000
2266,10102078,7,6300.000000000000000,7.000000000000000
2267,10102086,1,900.000000000000000,1.000000000000000
2268,10102094,36,32400.000000000000000,36.000000000000000
2269,10102098,22,19800.000000000000000,22.000000000000000
2270,10102102,8,7200.000000000000000,8.000000000000000
2271,10102110,5,4500.000000000000000,5.000000000000000
2272,10102114,11,9900.000000000000000,11.000000000000000
2273,10102118,9,8100.000000000000000,9.000000000000000
2274,10102120,24,21600.000000000000000,24.000000000000000
2275,10102124,3,2700.000000000000000,3.000000000000000
2276,10102128,1,900.000000000000000,1.000000000000000
2277,10102130,6,5400.000000000000000,6.000000000000000
2278,10102132,50,45000.000000000000000,50.000000000000000
2279,10102142,5,4500.000000000000000,5.000000000000000
2280,10102144,12,10800.000000000000000,12.000000000000000
2281,10102146,6,5400.000000000000000,6.000000000000000
2282,10102148,2,1800.000000000000000,2.000000000000000
2283,10102158,7,6300.000000000000000,7.000000000000000
2284,10102160,4,3600.000000000000000,4.000000000000000
2285,10102170,4,3600.000000000000000,4.000000000000000
2286,10102172,25,22500.000000000000000,25.000000000000000
2287,10102174,27,24300.000000000000000,27.000000000000000
2288,10102176,3,2700.000000000000000,3.000000000000000
2289,10102178,26,23400.000000000000000,26.000000000000000
2290,10102186,2,1800.000000000000000,2.000000000000000
2291,10102192,12,10800.000000000000000,12.000000000000000
2292,10102194,17,15300.000000000000000,17.000000000000000
2293,10102198,8,7200.000000000000000,8.000000000000000
2294,10102202,37,33300.000000000000000,37.000000000000000
2295,10102204,3,2700.000000000000000,3.000000000000000
2296,10102208,4,3600.000000000000000,4.000000000000000
2297,10102212,11,9900.000000000000000,11.000000000000000
2298,10102220,1,900.000000000000000,1.000000000000000
2299,10102222,17,15300.000000000000000,17.000000000000000
2300,10102224,16,14400.000000000000000,16.000000000000000
2301,10102236,10,9000.000000000000000,10.000000000000000
2302,10102238,5,4500.000000000000000,5.000000000000000
2303,10102240,1,900.000000000000000,1.000000000000000
2304,10102242,23,20700.000000000000000,23.000000000000000
2305,10102244,10,9000.000000000000000,10.000000000000000
2306,10102250,6,5400.000000000000000,6.000000000000000
2307,10102260,4,3600.000000000000000,4.000000000000000
2308,10102264,15,13500.000000000000000,15.000000000000000
2309,10102268,2,1800.000000000000000,2.000000000000000
2310,10102270,11,9900.000000000000000,11.000000000000000
2311,10102272,3,2700.000000000000000,3.000000000000000
2312,10102274,1,900.000000000000000,1.000000000000000
2313,10102276,15,13500.000000000000000,15.000000000000000
2314,10102282,22,19800.000000000000000,22.000000000000000
2315,10102292,55,49500.000000000000000,55.000000000000000
2316,10102296,244,219600.000000000000000,244.000000000000000
2317,10102298,19,17100.000000000000000,19.000000000000000
2318,10102300,40,36000.000000000000000,40.000000000000000
2319,10102302,17,15300.000000000000000,17.000000000000000
2320,10102304,9,8100.000000000000000,9.000000000000000
2321,10102306,17,15300.000000000000000,17.000000000000000
2322,10102308,6,5400.000000000000000,6.000000000000000
2323,10102310,9,8100.000000000000000,9.000000000000000
2324,10102312,11,9900.000000000000000,11.000000000000000
2325,10102314,101,90900.000000000000000,101.000000000000000
2326,10102316,148,133200.000000000000000,148.000000000000000
2327,10102318,15,13500.000000000000000,15.000000000000000
2328,10102320,8,7200.000000000000000,8.000000000000000
2329,10102324,47,42300.000000000000000,47.000000000000000
2330,10102326,12,10800.000000000000000,12.000000000000000
2331,10102332,4,3600.000000000000000,4.000000000000000
2332,10102336,4,3600.000000000000000,4.000000000000000
2333,10102342,4,3600.000000000000000,4.000000000000000
2334,10102344,5,4500.000000000000000,5.000000000000000
2335,10102346,24,21600.000000000000000,24.000000000000000
2336,10102350,2,1800.000000000000000,2.000000000000000
2337,10102352,20,18000.000000000000000,20.000000000000000
2338,10102358,35,31500.000000000000000,35.000000000000000
2339,10102360,1,900.000000000000000,1.000000000000000
2340,10102362,51,45900.000000000000000,51.000000000000000
2341,10102364,15,13500.000000000000000,15.000000000000000
2342,10102366,19,17100.000000000000000,19.000000000000000
2343,10102368,73,65700.000000000000000,73.000000000000000
2344,10102370,25,22500.000000000000000,25.000000000000000
2345,10102372,566,509400.000000000000000,566.000000000000000
2346,10102374,545,490500.000000000000000,545.000000000000000
2347,10102382,50,45000.000000000000000,50.000000000000000
2348,10102384,12,10800.000000000000000,12.000000000000000
2349,10102386,7,6300.000000000000000,7.000000000000000
2350,10102388,28,25200.000000000000000,28.000000000000000
2351,10102392,40,36000.000000000000000,40.000000000000000
2352,10102394,90,81000.000000000000000,90.000000000000000
2353,10102396,16,14400.000000000000000,16.000000000000000
2354,10102398,2,1800.000000000000000,2.000000000000000
2355,10102400,12,10800.000000000000000,12.000000000000000
2356,10102402,430,387000.000000000000000,430.000000000000000
2357,10102406,138,124200.000000000000000,138.000000000000000
2358,10102414,12,10800.000000000000000,12.000000000000000
2359,10102416,1,900.000000000000000,1.000000000000000
2360,10102420,5,4500.000000000000000,5.000000000000000
2361,10102422,5,4500.000000000000000,5.000000000000000
2362,10102426,17,15300.000000000000000,17.000000000000000
2363,10102428,53,47700.000000000000000,53.000000000000000
2364,10102444,2,1800.000000000000000,2.000000000000000
2365,10102446,14,12600.000000000000000,14.000000000000000
2366,10102448,11,9900.000000000000000,11.000000000000000
2367,10102454,71,63900.000000000000000,71.000000000000000
2368,10102456,68,61200.000000000000000,68.000000000000000
2369,10102464,28,25200.000000000000000,28.000000000000000
2370,10102466,73,65700.000000000000000,73.000000000000000
2371,10102468,14,12600.000000000000000,14.000000000000000
2372,10102474,52,46800.000000000000000,52.000000000000000
2373,10102476,15,13500.000000000000000,15.000000000000000
2374,10102482,6,5400.000000000000000,6.000000000000000
2375,10102484,5,4500.000000000000000,5.000000000000000
2376,10102486,4,3600.000000000000000,4.000000000000000
2377,10102494,24,21600.000000000000000,24.000000000000000
2378,10102498,36,32400.000000000000000,36.000000000000000
2379,10102500,9,8100.000000000000000,9.000000000000000
2380,10102504,4,3600.000000000000000,4.000000000000000
2381,10102508,20,18000.000000000000000,20.000000000000000
2382,10102510,79,71100.000000000000000,79.000000000000000
2383,10102512,11,9900.000000000000000,11.000000000000000
2384,10102514,86,77400.000000000000000,86.000000000000000
2385,10102516,29,26100.000000000000000,29.000000000000000
2386,10102520,33,29700.000000000000000,33.000000000000000
2387,10102522,10,9000.000000000000000,10.000000000000000
2388,10102530,45,40500.000000000000000,45.000000000000000
2389,10102532,11,9900.000000000000000,11.000000000000000
2390,10102536,27,24300.000000000000000,27.000000000000000
2391,10102538,2,1800.000000000000000,2.000000000000000
2392,10102540,115,103500.000000000000000,115.000000000000000
2393,10102546,7,6300.000000000000000,7.000000000000000
2394,10102548,14,12600.000000000000000,14.000000000000000
2395,10102550,15,13500.000000000000000,15.000000000000000
2396,10102552,70,63000.000000000000000,70.000000000000000
2397,10102564,11,9900.000000000000000,11.000000000000000
2398,10102574,2,1800.000000000000000,2.000000000000000
2399,10102576,7,6300.000000000000000,7.000000000000000
2400,10102586,6,5400.000000000000000,6.000000000000000
2401,10102592,11,9900.000000000000000,11.000000000000000
2402,10102594,54,48600.000000000000000,54.000000000000000
2403,10102602,6,5400.000000000000000,6.000000000000000
2404,10102604,33,29700.000000000000000,33.000000000000000
2405,10102606,12,10800.000000000000000,12.000000000000000
2406,10102608,34,30600.000000000000000,34.000000000000000
2407,10102614,2,1800.000000000000000,2.000000000000000
2408,10102618,9,8100.000000000000000,9.000000000000000
2409,10102626,48,43200.000000000000000,48.000000000000000
2410,10102628,10,9000.000000000000000,10.000000000000000
2411,10102638,14,12600.000000000000000,14.000000000000000
2412,10102640,93,83700.000000000000000,93.000000000000000
2413,10102646,15,13500.000000000000000,15.000000000000000
2414,10102648,68,61200.000000000000000,68.000000000000000
2415,10102650,11,9900.000000000000000,11.000000000000000
2416,10102656,33,29700.000000000000000,33.000000000000000
2417,10102658,29,26100.000000000000000,29.000000000000000
2418,10102664,29,26100.000000000000000,29.000000000000000
2419,10102666,7,6300.000000000000000,7.000000000000000
2420,10102668,2,1800.000000000000000,2.000000000000000
2421,10102676,44,39600.000000000000000,44.000000000000000
2422,10102680,3,2700.000000000000000,3.000000000000000
2423,10102682,1,900.000000000000000,1.000000000000000
2424,10102688,4,3600.000000000000000,4.000000000000000
2425,10102690,50,45000.000000000000000,50.000000000000000
2426,10102692,53,47700.000000000000000,53.000000000000000
2427,10102694,42,37800.000000000000000,42.000000000000000
2428,10102698,51,45900.000000000000000,51.000000000000000
2429,10102702,7,6300.000000000000000,7.000000000000000
2430,10102706,2,1800.000000000000000,2.000000000000000
2431,10102714,37,33300.000000000000000,37.000000000000000
2432,10102716,41,36900.000000000000000,41.000000000000000
2433,10102718,23,20700.000000000000000,23.000000000000000
2434,10102720,121,108900.000000000000000,121.000000000000000
2435,10102722,10,9000.000000000000000,10.000000000000000
2436,10102726,3,2700.000000000000000,3.000000000000000
2437,10102738,1,900.000000000000000,1.000000000000000
2438,10102740,18,16200.000000000000000,18.000000000000000
2439,10102742,44,39600.000000000000000,44.000000000000000
2440,10102744,10,9000.000000000000000,10.000000000000000
2441,10102762,7,6300.000000000000000,7.000000000000000
2442,10102764,127,114300.000000000000000,127.000000000000000
2443,10102766,4,3600.000000000000000,4.000000000000000
2444,10102772,12,10800.000000000000000,12.000000000000000
2445,10102774,109,98100.000000000000000,109.000000000000000
2446,10102776,11,9900.000000000000000,11.000000000000000
2447,10102778,79,71100.000000000000000,79.000000000000000
2448,10102780,1,900.000000000000000,1.000000000000000
2449,10102782,94,84600.000000000000000,94.000000000000000
2450,10102788,22,19800.000000000000000,22.000000000000000
2451,10102792,7,6300.000000000000000,7.000000000000000
2452,10102794,50,45000.000000000000000,50.000000000000000
2453,10102796,26,23400.000000000000000,26.000000000000000
2454,10102798,90,81000.000000000000000,90.000000000000000
2455,10102800,232,208800.000000000000000,232.000000000000000
2456,10102802,6,5400.000000000000000,6.000000000000000
2457,10102804,6,5400.000000000000000,6.000000000000000
2458,10102806,125,112500.000000000000000,125.000000000000000
2459,10102808,41,36900.000000000000000,41.000000000000000
2460,10102810,8,7200.000000000000000,8.000000000000000
2461,10102812,81,72900.000000000000000,81.000000000000000
2462,10102814,107,96300.000000000000000,107.000000000000000
2463,10102816,11,9900.000000000000000,11.000000000000000
2464,10102818,22,19800.000000000000000,22.000000000000000
2465,10102820,17,15300.000000000000000,17.000000000000000
2466,10102822,109,98100.000000000000000,109.000000000000000
2467,10102824,86,77400.000000000000000,86.000000000000000
2468,10102826,7,6300.000000000000000,7.000000000000000
2469,10102828,92,82800.000000000000000,92.000000000000000
2470,10102830,39,35100.000000000000000,39.000000000000000
2471,10102832,132,118800.000000000000000,132.000000000000000
2472,10102834,24,21600.000000000000000,24.000000000000000
2473,10102836,116,104400.000000000000000,116.000000000000000
2474,10102838,12,10800.000000000000000,12.000000000000000
2475,10102840,2,1800.000000000000000,2.000000000000000
2476,10102842,64,57600.000000000000000,64.000000000000000
2477,10102844,1,900.000000000000000,1.000000000000000
2478,10102850,8,7200.000000000000000,8.000000000000000
2479,10102852,11,9900.000000000000000,11.000000000000000
2480,10102854,17,15300.000000000000000,17.000000000000000
2481,10102856,43,38700.000000000000000,43.000000000000000
2482,10102862,6,5400.000000000000000,6.000000000000000
2483,10102864,47,42300.000000000000000,47.000000000000000
2484,10102866,21,18900.000000000000000,21.000000000000000
2485,10102870,66,59400.000000000000000,66.000000000000000
2486,10102872,48,43200.000000000000000,48.000000000000000
2487,10102874,23,20700.000000000000000,23.000000000000000
2488,10102876,48,43200.000000000000000,48.000000000000000
2489,10102882,57,51300.000000000000000,57.000000000000000
2490,10102884,421,378900.000000000000000,421.000000000000000
2491,10102886,111,99900.000000000000000,111.000000000000000
2492,10102888,93,83700.000000000000000,93.000000000000000
2493,10102890,14,12600.000000000000000,14.000000000000000
2494,10102892,18,16200.000000000000000,18.000000000000000
2495,10102894,24,21600.000000000000000,24.000000000000000
2496,10102896,222,199800.000000000000000,222.000000000000000
2497,10102898,60,54000.000000000000000,60.000000000000000
2498,10102900,23,20700.000000000000000,23.000000000000000
2499,10102902,28,25200.000000000000000,28.000000000000000
2500,10102904,174,156600.000000000000000,174.000000000000000
2501,10102906,107,96300.000000000000000,107.000000000000000
2502,10102908,31,27900.000000000000000,31.000000000000000
2503,10102910,21,18900.000000000000000,21.000000000000000
2504,10102912,86,77400.000000000000000,86.000000000000000
2505,10102916,7,6300.000000000000000,7.000000000000000
2506,10102918,8,7200.000000000000000,8.000000000000000
2507,10102920,2,1800.000000000000000,2.000000000000000
2508,10102924,8,7200.000000000000000,8.000000000000000
2509,10102928,2,1800.000000000000000,2.000000000000000
2510,10102930,7,6300.000000000000000,7.000000000000000
2511,10102944,11,9900.000000000000000,11.000000000000000
2512,10102950,45,40500.000000000000000,45.000000000000000
2513,10103632,6,5400.000000000000000,6.000000000000000
2514,10103652,32,28800.000000000000000,32.000000000000000
2515,10103656,6,5400.000000000000000,6.000000000000000
2516,10103662,47,42300.000000000000000,47.000000000000000
2517,10103664,1,900.000000000000000,1.000000000000000
2518,10103666,12,10800.000000000000000,12.000000000000000
2519,10103670,2,1800.000000000000000,2.000000000000000
2520,10103674,12,10800.000000000000000,12.000000000000000
2521,10103676,6,5400.000000000000000,6.000000000000000
2522,10103682,8,7200.000000000000000,8.000000000000000
2523,10103688,1,900.000000000000000,1.000000000000000
2524,10103692,6,5400.000000000000000,6.000000000000000
2525,10103694,4,3600.000000000000000,4.000000000000000
2526,10103698,6,5400.000000000000000,6.000000000000000
2527,10103702,10,9000.000000000000000,10.000000000000000
2528,10103704,13,11700.000000000000000,13.000000000000000
2529,10103708,2,1800.000000000000000,2.000000000000000
2530,10103710,96,86400.000000000000000,96.000000000000000
2531,10103712,36,32400.000000000000000,36.000000000000000
2532,10103716,7,6300.000000000000000,7.000000000000000
2533,10103718,30,27000.000000000000000,30.000000000000000
2534,10103720,8,7200.000000000000000,8.000000000000000
2535,10103722,4,3600.000000000000000,4.000000000000000
2536,10103724,5,4500.000000000000000,5.000000000000000
2537,10103728,28,25200.000000000000000,28.000000000000000
2538,10103730,158,142200.000000000000000,158.000000000000000
2539,10103734,1,900.000000000000000,1.000000000000000
2540,10103736,7,6300.000000000000000,7.000000000000000
2541,10103738,2,1800.000000000000000,2.000000000000000
2542,10103740,1,900.000000000000000,1.000000000000000
2543,10103746,8,7200.000000000000000,8.000000000000000
2544,10103750,30,27000.000000000000000,30.000000000000000
2545,10103758,26,23400.000000000000000,26.000000000000000
2546,10103762,1,900.000000000000000,1.000000000000000
2547,10103764,4,3600.000000000000000,4.000000000000000
2548,10103768,77,69300.000000000000000,77.000000000000000
2549,10103770,33,29700.000000000000000,33.000000000000000
2550,10103776,4,3600.000000000000000,4.000000000000000
2551,10103778,15,13500.000000000000000,15.000000000000000
2552,10103780,82,73800.000000000000000,82.000000000000000
2553,10103784,20,18000.000000000000000,20.000000000000000
2554,10103786,71,63900.000000000000000,71.000000000000000
2555,10103788,12,10800.000000000000000,12.000000000000000
2556,10103792,29,26100.000000000000000,29.000000000000000
2557,10103796,18,16200.000000000000000,18.000000000000000
2558,10103798,2,1800.000000000000000,2.000000000000000
2559,10103800,44,39600.000000000000000,44.000000000000000
2560,10103802,24,21600.000000000000000,24.000000000000000
2561,10103812,4,3600.000000000000000,4.000000000000000
2562,10103814,25,22500.000000000000000,25.000000000000000
2563,10103816,7,6300.000000000000000,7.000000000000000
2564,10103818,4,3600.000000000000000,4.000000000000000
2565,10103882,21,18900.000000000000000,21.000000000000000
2566,10103884,47,42300.000000000000000,47.000000000000000
2567,10103886,15,13500.000000000000000,15.000000000000000
2568,10103888,82,73800.000000000000000,82.000000000000000
2569,10103890,111,99900.000000000000000,111.000000000000000
2570,10103892,87,78300.000000000000000,87.000000000000000
2571,10103894,61,54900.000000000000000,61.000000000000000
2572,10103922,3,2700.000000000000000,3.000000000000000
2573,10103926,1,900.000000000000000,1.000000000000000
2574,10103938,1,900.000000000000000,1.000000000000000
2575,10103940,18,16200.000000000000000,18.000000000000000
2576,10103942,1,900.000000000000000,1.000000000000000
2577,10103950,23,20700.000000000000000,23.000000000000000
2578,10103954,5,4500.000000000000000,5.000000000000000
2579,10103956,9,8100.000000000000000,9.000000000000000
2580,10103982,19,17100.000000000000000,19.000000000000000
2581,10105032,30,27000.000000000000000,30.000000000000000
2582,166157773,41,36900.000000000000000,41.000000000000000
2583,166157774,18,16200.000000000000000,18.000000000000000
2584,166157775,52,46800.000000000000000,52.000000000000000
2585,166157776,121,108900.000000000000000,121.000000000000000
2586,166161612,8,7200.000000000000000,8.000000000000000
2587,166161614,117,105300.000000000000000,117.000000000000000
2588,166161615,23,20700.000000000000000,23.000000000000000
2589,166161616,136,122400.000000000000000,136.000000000000000
2590,166161618,12,10800.000000000000000,12.000000000000000
2591,166161619,13,11700.000000000000000,13.000000000000000
2592,166161620,2,1800.000000000000000,2.000000000000000
2593,166161621,1,900.000000000000000,1.000000000000000
2594,166174528,5,4500.000000000000000,5.000000000000000
2595,166174530,8,7200.000000000000000,8.000000000000000
2596,166174535,18,16200.000000000000000,18.000000000000000
2597,166174540,7,6300.000000000000000,7.000000000000000
2598,166174541,22,19800.000000000000000,22.000000000000000
2599,166174542,5,4500.000000000000000,5.000000000000000
2600,166174543,75,67500.000000000000000,75.000000000000000
2601,166174544,11,9900.000000000000000,11.000000000000000
2602,166174546,24,21600.000000000000000,24.000000000000000
2603,166174550,67,60300.000000000000000,67.000000000000000
2604,166174554,445,400500.000000000000000,445.000000000000000
2605,166174555,57,51300.000000000000000,57.000000000000000
2606,166174556,9,8100.000000000000000,9.000000000000000
2607,166174557,57,51300.000000000000000,57.000000000000000
2608,166174558,22,19800.000000000000000,22.000000000000000
2609,166443365,39,35100.000000000000000,39.000000000000000