FEATUREID,AnAvPpt_in
24254849,81.69
24270284,34.49
24270286,33.96
24270288,34.94
24270290,38.83
24270292,41.20
24270294,42.65
24270296,43.55
24270298,43.51
24270300,43.44
24270302,42.83
24270304,42.83
24270306,43.96
24270308,44.30
24270310,44.33
24270312,45.32
24270314,47.87
24270316,52.07
24270318,49.87
24270320,51.15
24270322,52.88
24270324,53.25
24270326,53.44
24270328,52.62
24270330,52.31
24270332,53.89
24270334,56.60
24270336,55.44
24270338,45.10
24270340,47.56
24270342,48.62
24270344,49.04
24270346,53.35
24270348,68.45
24270350,81.64
24270352,107.75
24270354,146.09
24270356,44.36
24270358,44.00
24270360,44.61
24270362,44.98
24270364,45.13
24270366,45.79
24270368,45.47
24270370,45.65
24270372,48.37
24270374,48.91
24270376,49.20
24270378,51.61
24270380,51.92
24270382,51.55
24270384,50.30
24270386,62.19
24270388,71.42
24270390,52.01
24270392,55.48
24270394,48.00
24270396,51.51
24270398,53.20
24270400,60.25
24270402,56.50
24270404,55.85
24270408,55.28
24270410,54.24
24270412,64.78
24270414,102.25
24270416,107.91
24270418,110.19
24270420,116.23
24270422,119.13
24270424,125.08
24270426,126.76
24270428,124.73
24270430,131.16
24270432,135.14
24270434,124.46
24270436,126.83
24270438,57.53
24270440,63.18
24270442,57.85
24270444,57.66
24270446,56.30
24270448,59.33
24270450,79.36
24270452,66.45
24270454,63.24
24270456,64.70
24270458,75.33
24270460,79.92
24270462,125.61
24270464,106.06
24270466,94.69
24270468,97.98
24270470,102.15
24270472,87.41
24270474,91.84
24270476,89.90
24270478,108.78
24270480,140.82
24270482,87.55
24270484,84.97
24270486,94.21
24270512,81.09
24270514,86.07
24270516,73.39
24270518,81.84
24270532,87.25
24270534,69.14
24270536,94.71
24270538,33.51
24270540,37.82
24270544,86.37
24270546,109.79
24270548,133.58
24270550,147.67
24270552,48.91
24270554,49.51
24270556,57.03
24270558,53.20
24270560,54.98
24270562,109.47
24270564,58.07
24270566,67.49
24270568,85.48
24270570,92.86
24270572,93.87
24270574,93.91
24270576,122.36
24270578,53.25
24270580,53.10
24270584,56.51
24270586,97.84
24270588,96.46
24270590,129.98
24270594,57.57
24270596,57.02
24270598,60.64
24270600,74.36
24270602,80.31
24270604,120.69
24270606,125.42
24270608,129.06
24270610,134.90
24270612,145.42
24270614,151.07
24270616,148.40
24270618,49.00
24270620,71.43
24270622,50.22
24270624,48.43
24270626,52.16
24270628,57.49
24270630,63.94
24270632,109.23
24270634,96.08
24270636,120.07
24270640,90.02
24270642,85.06
24270644,105.74
24270646,106.10
24270648,85.27
24270652,65.81
24270656,68.32
24270658,98.64
24270660,78.40
24270664,71.18
24270666,76.87
24270670,85.43
24270672,68.80
24270674,74.81
24270680,66.57
24270682,62.29
24270684,57.97
24270686,68.87
24270688,67.83
24270690,84.02
24270692,59.12
24270694,61.46
24270696,63.24
24270698,53.80
24270700,53.75
24270702,54.99
24270704,45.70
24270706,48.68
24270708,45.44
24270710,53.97
24270712,61.75
24270714,43.46
24270716,44.13
24270718,71.17
24270720,73.49
24270722,108.93
24270724,95.19
24270728,100.19
24270730,98.16
24270734,46.54
24270736,54.32
24270738,40.06
24270740,108.77
24270742,107.96
24270744,110.73
24270746,102.47
24270748,111.75
24270750,96.56
24270752,93.67
24270754,44.03
24270756,113.84
24270758,50.80
24270760,41.31
24270762,37.63
24270764,123.91
24270766,124.05
24270768,116.10
24270774,123.38
24270776,43.79
24270778,123.83
24270780,126.47
24270782,135.49
24270784,138.41
24270786,81.09
24270788,138.34
24270790,51.29
24270794,134.15
24270796,83.74
24270798,128.11
24270800,146.29
24270804,138.24
24270806,147.89
24270808,143.04
24270810,70.19
24270818,154.27
24270824,48.29
24270826,100.52
24270828,109.58
24270830,58.82
24270832,140.18
24270834,133.24
24270842,68.93
24270844,144.35
24270846,126.35
24270848,62.20
24270850,123.52
24270852,101.01
24270856,72.74
24270862,112.31
24270868,134.19
24270870,105.10
24270878,64.96
24270882,88.06
24270884,52.38
24270900,59.67
24270916,75.21
24270940,57.02
24270946,54.34
24270976,55.84
24270988,56.39
24271002,54.26
24271006,57.00
24271032,54.10
24271050,55.22
24271052,56.24
24271054,53.25
24271056,54.78
24271058,48.03
24271060,58.37
24271062,62.24
24271064,55.63
24271066,95.65
24271070,63.10
24271072,47.75
24271074,72.40
24271076,63.38
24271078,57.90
24271080,49.16
24271084,51.98
24271086,48.81
24271088,132.96
24271090,44.11
24271092,53.07
24271094,43.56
24271096,48.29
24271098,45.30
24271100,45.20
24271102,45.42
24271104,61.02
24271106,45.19
24271108,43.59
24271110,37.92
24271112,34.79
24271136,50.69
24271138,53.45
24271140,57.06
24271350,63.05
24271390,54.31
24271392,51.04
24271394,49.43
24271412,47.53
24271414,45.28
24271510,60.20
24271554,52.07
24271560,61.70
24537862,38.58
24537878,37.66
24537888,39.55
24537890,41.48
24537892,44.26
24537894,45.70
24537896,46.59
24537898,46.15
24537900,46.32
24537902,46.44
24537904,46.83
24537906,46.89
24537908,48.83
24537910,49.09
24537912,50.09
24537914,51.23
24537916,53.43
24537918,54.26
24537920,56.87
24537922,68.48
24537924,76.83
24537926,80.29
24537928,95.94
24537930,96.39
24537932,104.15
24537934,108.15
24537936,77.32
24537938,82.98
24537940,88.42
24537942,89.51
24537944,92.89
24537946,91.94
24537948,94.99
24537950,94.96
24537952,94.94
24537960,103.74
24537970,101.41
24537972,100.57
24537974,103.37
24537976,103.13
24537978,103.48
24537980,104.12
24537982,104.68
24537996,103.97
24537998,104.76
24538000,105.68
24538002,105.23
24538004,105.04
24538006,105.73
24538008,106.16
24538010,106.34
24538012,105.48
24538014,105.50
24538016,104.31
24538018,104.94
24538020,105.08
24538022,104.25
24538024,101.26
24538026,100.81
24538028,101.67
24538030,107.51
24538032,108.74
24538034,109.66
24538036,110.24
24538038,112.12
24538040,39.78
24538044,41.38
24538046,42.00
24538050,42.14
24538052,42.42
24538054,42.59
24538060,43.41
24538070,44.12
24538072,46.48
24538074,47.15
24538076,47.33
24538078,46.23
24538080,45.32
24538082,53.24
24538088,63.22
24538090,62.39
24538092,60.15
24538094,52.84
24538096,57.78
24538098,58.93
24538100,75.18
24538102,42.90
24538104,43.25
24538106,43.51
24538108,43.51
24538110,44.02
24538112,45.00
24538114,46.72
24538116,48.42
24538118,48.83
24538120,41.23
24538122,40.69
24538124,39.84
24538128,40.27
24538130,40.33
24538132,39.23
24538134,37.05
24538136,101.58
24538138,106.15
24538140,105.92
24538142,58.46
24538144,73.16
24538146,59.18
24538148,77.55
24538150,95.09
24538152,69.82
24538154,79.98
24538156,79.52
24538158,101.82
24538160,107.94
24538164,81.22
24538166,85.84
24538168,40.17
24538170,40.15
24538172,40.22
24538176,41.49
24538186,39.13
24538188,46.10
24538194,46.68
24538226,41.00
24538228,40.95
24538232,47.07
24538238,39.95
24538240,40.86
24538250,43.43
24538252,47.26
24538256,40.31
24538262,42.62
24538266,42.14
24538270,42.13
24538278,39.65
24538292,42.02
24538294,46.07
24538298,46.02
24538302,45.36
24538308,48.29
24538310,48.40
24538318,44.05
24538326,39.16
24538330,48.53
24538334,48.66
24538338,41.21
24538342,47.83
24538354,40.74
24538372,43.49
24538374,53.91
24538396,56.69
24538408,48.09
24538446,85.87
24538470,81.84
24538482,70.07
24538488,90.40
24538490,90.60
24538492,51.94
24538496,51.55
24538506,106.88
24538516,81.59
24538526,88.93
24538534,88.84
24538540,103.97
24538544,113.58
24538562,108.97
24538584,112.64
24538600,104.92
24538604,105.74
24538614,103.77
24538640,45.39
24538642,44.62
24538656,38.65
24538668,47.44
24538670,48.00
24538674,48.26
24538696,101.94
24538724,97.40
24538730,38.01
24538732,37.68
24538734,38.13
24538742,38.11
24538746,43.20
947110002,58.83
947110003,57.31
947110004,68.84
947110005,52.68
947110006,57.44
947110007,55.06
947110144,64.73
947110145,63.85
947110192,58.31
947110193,61.29
947110200,41.70
947110201,41.85
947110204,53.99
947110254,73.35
947110255,62.67
23988977,23.33
23989009,36.29
23989019,39.67
23989021,39.23
23989023,38.65
23989025,38.43
23989027,36.86
23989041,41.37
23989043,41.38
23989045,41.08
23989047,40.57
23989049,40.75
23989073,41.68
23989093,52.29
23989099,53.35
23989101,56.41
23989103,57.54
23989105,58.77
23989107,58.85
23989109,58.92
23989111,60.49
23989139,48.10
23989143,47.41
23989145,46.47
23989147,46.70
23989149,47.24
23989151,49.06
23989517,42.15
23989557,37.81
23989721,45.85
23989727,42.33
23989743,23.98
23989777,24.32
23990029,23.98
23990031,24.01
23990059,23.38
23990163,36.88
23990165,37.11
23990167,37.95
23990169,36.80
23990173,37.42
23990175,38.39
23990179,38.55
23990185,40.68
23990187,40.95
23990189,40.92
23990257,42.00
23990259,42.20
23990261,42.05
23990263,42.25
23990269,42.50
23990277,53.93
23990279,61.19
23990281,66.13
23990283,55.82
23990285,57.45
23990287,56.60
23990289,56.72
23990291,56.68
23990293,57.99
23990295,57.07
23990297,64.01
23990299,59.87
23990301,58.60
23990303,60.65
23990305,61.89
23990311,56.59
23990313,56.34
23990321,61.14
23990323,58.12
23990337,56.37
23990343,57.29
23990353,47.54
23990395,39.32
23990401,48.40
23990445,39.34
23990453,42.06
23990459,41.98
23990481,40.88
23990837,54.27
23990841,58.95
23990843,60.44
23990845,56.11
23990893,42.31
24254963,98.78
24254975,110.49
24255025,95.22
24255067,86.31
24255069,84.26
24255081,87.79
24255087,89.25
24255795,95.77
24257533,92.43
24286830,38.79
24286918,44.92
24286938,53.39
24286940,57.72
24286942,65.13
24286944,63.93
24286946,66.29
24286948,66.68
24286950,66.56
24286952,66.57
24286954,68.70
24286956,69.94
24286958,71.13
24286960,74.33
24286962,75.79
24286964,78.64
24286966,75.64
24286968,80.75
24286970,79.58
24286972,83.38
24286974,81.96
24286976,84.89
24286978,83.87
24286980,83.71
24286982,81.06
24286984,80.90
24286986,76.19
24286988,78.12
24286990,82.87
24286992,83.93
24286994,83.97
24286996,83.89
24286998,83.67
24287000,83.31
24287002,82.69
24287004,82.01
24287006,81.24
24287008,80.80
24287010,81.66
24287012,82.19
24287014,82.79
24287016,81.51
24287018,83.32
24287020,85.30
24287022,86.70
24287024,87.48
24287026,80.03
24287028,84.88
24287030,92.14
24287032,94.66
24287034,96.02
24287036,97.76
24287038,100.57
24287040,88.99
24287042,91.61
24287050,52.28
24287052,57.51
24287054,63.93
24287056,72.29
24287058,75.14
24287060,74.15
24287062,75.39
24287064,79.70
24287066,81.94
24287068,92.03
24287070,98.37
24287072,107.61
24287074,113.42
24287076,114.45
24287078,115.09
24287080,120.44
24287082,111.57
24287084,117.05
24287086,120.68
24287088,118.42
24287090,155.80
24287294,45.40
24287296,52.93
24287298,59.58
24287300,62.20
24287302,61.33
24287304,61.31
24287306,62.53
24287324,36.49
24287326,39.56
24287328,40.69
24287378,65.04
24287380,67.78
24287382,68.37
24287384,68.60
24287386,69.11
24287388,69.59
24287390,70.25
24287480,82.22
24287498,92.11
24287500,90.25
24287504,82.00
24287516,80.09
24287518,85.39
24287520,82.74
24287522,82.72
24287524,83.08
24287546,84.93
24287550,55.26
24287552,83.72
24287554,38.47
24287556,38.94
24287572,39.69
24287576,84.40
24287586,39.39
24287596,87.87
24287598,86.98
24287602,78.77
24287626,86.20
24287628,92.71
24287632,90.92
24287636,83.09
24287638,88.79
24287642,85.15
24287644,68.79
24287646,69.07
24287650,69.88
24287658,86.13
24287660,69.43
24287664,76.73
24287668,69.04
24287670,40.26
24287672,68.63
24287674,91.68
24287676,89.95
24287678,92.63
24287684,84.82
24287688,68.41
24287692,94.61
24287694,91.53
24287704,81.09
24287706,80.15
24287712,78.61
24287714,96.25
24287716,80.30
24287718,82.52
24287720,72.81
24287722,67.37
24287724,67.90
24287726,73.11
24287728,75.13
24287732,95.78
24287734,100.83
24287736,100.31
24287738,73.34
24287742,70.81
24287744,101.76
24287746,63.61
24287748,66.59
24287750,80.15
24287754,65.97
24287756,65.84
24287758,86.17
24287760,83.83
24287762,73.71
24287764,100.68
24287766,62.96
24287768,110.34
24287770,58.72
24287774,110.00
24287776,76.40
24287778,108.83
24287780,85.93
24287784,113.67
24287788,85.83
24287792,87.93
24287794,77.31
24287796,135.47
24287798,69.47
24287800,102.60
24287802,58.48
24287804,135.14
24287806,139.46
24287810,78.59
24287812,150.76
24287820,145.30
24287828,53.32
24287896,54.66
24287938,61.41
24288240,157.67
24288242,158.21
24288244,110.30
24288280,84.07
24537864,38.91
24537866,38.29
24537868,38.66
24537870,37.78
24537872,38.28
24537874,39.18
24537876,39.01
24537880,37.40
24537882,38.73
24537884,38.13
24537886,38.09
24537958,98.90
24537962,103.82
24537964,104.80
24537966,104.55
24537968,101.78
24537984,102.90
24537986,100.89
24537988,97.05
24537990,96.82
24537992,97.18
24537994,97.62
24538042,40.97
24538056,43.05
24538058,43.54
24538062,43.45
24538064,43.49
24538066,43.82
24538068,43.60
24538084,59.46
24538086,60.95
24538126,38.88
24538178,38.54
24538180,39.04
24538182,45.11
24538184,43.82
24538190,43.99
24538192,42.57
24538198,47.71
24538200,40.67
24538202,42.89
24538206,39.46
24538210,42.45
24538212,45.86
24538214,47.55
24538216,46.43
24538218,46.56
24538220,44.36
24538222,44.95
24538224,42.90
24538230,41.03
24538234,40.64
24538236,40.26
24538242,40.90
24538244,39.37
24538246,47.83
24538248,40.65
24538254,38.82
24538258,39.47
24538260,38.94
24538264,37.46
24538268,42.12
24538272,42.09
24538274,42.51
24538276,42.14
24538280,44.59
24538282,37.16
24538284,42.36
24538286,43.32
24538288,47.69
24538290,42.13
24538296,42.37
24538300,46.18
24538312,40.51
24538314,40.81
24538316,42.55
24538320,47.45
24538322,41.18
24538324,47.95
24538328,42.79
24538332,43.53
24538336,41.09
24538340,42.49
24538344,48.49
24538346,48.59
24538348,46.09
24538350,42.48
24538356,44.91
24538360,44.78
24538362,41.33
24538364,48.08
24538366,49.63
24538368,51.54
24538370,49.60
24538376,51.97
24538378,52.74
24538380,52.94
24538382,42.18
24538384,41.39
24538386,41.70
24538388,53.47
24538390,44.22
24538392,63.53
24538398,54.02
24538404,78.75
24538406,53.83
24538410,69.24
24538412,75.14
24538414,54.90
24538416,52.97
24538418,59.17
24538420,58.77
24538422,50.99
24538426,70.23
24538428,55.58
24538432,49.16
24538436,46.10
24538438,58.21
24538440,86.68
24538442,52.71
24538444,45.72
24538448,44.30
24538450,51.03
24538454,48.07
24538456,49.62
24538458,49.67
24538460,49.74
24538464,52.17
24538466,49.43
24538468,53.09
24538474,83.57
24538476,49.99
24538480,53.63
24538484,74.80
24538486,67.08
24538494,64.91
24538498,89.74
24538500,89.48
24538502,51.08
24538504,52.00
24538508,97.81
24538512,91.27
24538514,108.17
24538518,51.68
24538522,104.51
24538528,78.37
24538530,105.23
24538532,105.42
24538536,52.92
24538538,97.95
24538542,110.23
24538546,103.04
24538548,110.70
24538550,105.00
24538554,107.27
24538558,106.16
24538566,103.09
24538574,94.38
24538576,104.47
24538580,104.90
24538582,108.09
24538586,111.91
24538588,106.82
24538590,103.75
24538592,105.90
24538594,111.96
24538596,109.36
24538598,105.32
24538602,105.10
24538606,108.18
24538608,105.42
24538610,105.44
24538612,105.77
24538616,103.14
24538618,99.13
24538620,100.13
24538622,99.24
24538624,103.30
24538626,105.32
24538628,105.33
24538630,105.03
24538632,106.53
24538634,50.86
24538636,46.80
24538638,45.60
24538644,44.27
24538646,45.04
24538648,38.74
24538650,37.77
24538652,37.45
24538654,40.34
24538658,39.08
24538660,40.90
24538662,40.55
24538664,40.58
24538666,46.28
24538676,68.03
24538678,49.70
24538682,97.59
24538684,106.85
24538688,40.13
24538698,105.36
24538700,101.60
24538726,106.73
24538736,38.24
24538738,37.99
24538740,38.18
24538744,43.17
24538748,43.11
947110150,64.53
947110186,39.43
947110187,39.96
947110199,39.28
947110202,39.20
947110203,38.83
947110205,53.48
947110207,65.47
947110257,94.75
947110259,95.92
24254851,88.18
24254853,83.51
24254855,92.83
24254857,90.27
24254859,84.19
24254861,84.78
24254863,90.05
24254865,90.30
24254869,80.22
24254871,88.53
24254873,90.82
24254875,86.67
24254877,86.15
24254879,86.02
24254881,85.97
24254883,85.81
24254885,85.19
24254889,81.76
24254891,90.20
24254893,94.96
24254895,102.66
24254897,102.55
24254899,102.45
24254901,103.94
24254903,104.19
24254905,105.13
24254907,107.75
24254909,108.85
24254911,109.39
24254913,105.39
24254915,105.34
24254921,107.90
24254923,110.82
24254925,110.79
24254931,107.64
24254933,108.05
24254935,108.62
24254937,114.01
24254939,117.21
24254941,88.46
24254943,83.11
24254945,80.82
24254947,77.91
24254949,82.20
24254951,82.56
24254953,84.49
24254955,83.02
24254957,83.92
24254959,85.41
24254961,89.32
24254965,109.01
24254967,112.06
24254969,111.01
24254971,110.47
24254973,110.96
24254977,110.45
24254979,110.06
24254981,84.92
24254983,90.61
24254985,93.47
24254987,93.09
24254989,97.58
24254991,104.87
24254993,105.45
24254999,108.50
24255001,93.99
24255003,95.09
24255005,93.42
24255007,93.22
24255009,92.49
24255011,91.75
24255013,91.78
24255015,87.36
24255017,87.30
24255019,89.31
24255021,90.39
24255023,96.42
24255027,100.57
24255029,91.04
24255031,90.52
24255033,86.71
24255035,86.22
24255037,87.67
24255039,91.46
24255041,87.89
24255043,89.43
24255045,92.96
24255047,96.36
24255049,98.30
24255051,96.89
24255053,86.07
24255055,88.52
24255057,89.69
24255059,89.61
24255061,87.37
24255063,87.41
24255065,87.24
24255071,84.42
24255073,83.62
24255075,85.35
24255077,86.86
24255079,87.60
24255083,88.93
24255085,88.91
24255089,86.05
24255091,84.96
24255093,83.66
24255095,82.05
24255097,82.16
24255099,82.53
24255101,83.91
24255103,82.85
24255105,81.42
24255107,82.79
24255109,90.42
24255111,93.63
24255113,91.78
24255115,92.47
24255117,94.59
24255119,96.33
24255121,94.92
24255123,100.55
24255125,84.62
24255127,83.35
24255129,85.51
24255131,85.82
24255133,86.86
24255137,93.03
24255139,99.81
24255141,102.36
24255143,86.77
24255145,85.74
24255147,83.46
24255149,83.99
24255151,82.12
24255153,87.33
24255155,87.16
24255157,87.44
24255159,82.02
24255161,84.45
24255163,78.84
24255165,79.17
24255169,84.50
24255171,91.49
24255173,94.56
24255175,97.91
24255177,99.38
24255179,98.14
24255181,78.13
24255183,81.63
24255185,90.32
24255187,95.67
24255189,79.37
24255209,71.89
24255217,78.99
24255219,77.35
24255221,79.38
24255223,78.65
24255285,69.93
24255287,69.32
24255739,92.61
24255741,98.30
24255743,98.52
24255745,99.17
24255747,99.45
24255749,99.17
24255751,96.89
24255753,101.66
24255761,79.14
24255763,88.17
24255765,89.20
24255767,90.15
24255769,88.49
24255771,92.56
24255773,96.62
24255775,98.38
24255777,100.47
24255779,101.64
24255781,105.28
24255783,108.81
24255785,108.81
24255787,114.56
24255789,117.46
24255791,86.42
24255793,98.60
24255797,104.99
24255799,106.18
24255801,106.10
24255803,82.03
24255805,92.67
24255807,107.56
24255809,85.36
24255811,86.05
24255813,90.62
24255815,86.54
24255817,96.65
24255819,99.83
24255821,99.76
24255823,103.73
24255825,104.87
24255827,109.68
24255829,103.98
24255831,105.92
24255833,108.92
24255835,130.45
24255837,145.16
24255839,137.41
24255841,139.47
24255845,87.15
24255847,99.38
24255849,113.52
24255851,118.03
24255853,123.08
24255855,125.93
24255857,132.61
24255859,85.86
24255861,86.23
24255863,100.93
24255865,111.43
24255867,115.90
24255869,122.27
24255871,123.53
24255873,125.77
24255875,81.28
24255877,77.48
24255903,108.63
24255905,118.34
24255907,123.70
24255909,125.50
24255911,128.72
24255913,105.75
24255927,114.04
24255929,115.22
24255931,125.81
24255933,134.32
24255935,142.44
24255937,151.07
24255939,106.30
24255941,106.62
24255943,104.81
24255945,112.92
24255947,107.73
24255949,103.89
24255951,101.82
24255953,97.18
24255955,92.43
24255957,93.71
24255959,101.29
24255961,107.97
24255963,113.35
24255965,97.20
24255967,101.42
24255969,99.81
24255971,96.69
24255973,113.81
24255987,97.95
24255989,95.55
24255991,97.94
24255993,103.10
24255995,108.76
24255997,111.02
24255999,112.52
24256001,112.98
24256003,120.56
24256005,113.05
24256007,123.08
24256009,110.57
24256011,105.17
24256013,106.27
24256015,118.98
24256017,146.79
24256019,163.57
24256023,128.23
24256025,183.38
24256029,119.52
24256031,157.31
24256035,139.96
24256037,192.43
24256049,109.41
24256051,126.44
24256069,86.18
24256071,91.32
24256101,98.18
24256103,109.79
24256105,106.67
24256107,103.23
24256109,114.99
24256111,122.01
24256135,96.00
24256137,96.86
24256139,82.01
24256141,92.60
24256143,98.38
24256145,105.29
24256147,110.34
24256155,82.16
24256157,82.34
24256159,78.78
24256161,83.78
24256163,93.81
24256175,100.80
24256177,109.38
24256197,87.03
24256199,100.23
24256201,108.91
24256203,104.72
24256205,112.45
24256207,114.48
24256213,77.97
24256215,95.45
24256217,117.25
24256397,105.73
24256399,105.21
24256407,109.78
24256409,102.04
24256417,108.39
24256423,112.93
24256427,112.21
24256431,120.31
24256433,101.34
24256437,107.07
24256443,110.91
24256457,105.47
24256459,110.89
24256461,134.49
24256471,125.84
24256473,110.30
24256475,118.50
24256479,110.81
24256481,112.57
24256487,111.63
24256489,130.67
24256491,110.09
24256493,113.56
24256499,116.60
24256501,117.88
24256505,120.11
24256513,100.84
24256521,108.42
24256525,104.36
24256535,96.85
24256551,113.82
24256553,120.93
24256555,101.49
24256557,111.05
24256561,105.59
24256571,104.04
24256573,111.12
24256577,101.59
24256579,105.05
24256583,114.03
24256599,94.35
24256601,184.71
24256605,111.37
24256607,119.92
24256609,101.03
24256613,105.04
24256619,101.60
24256621,130.35
24256625,100.21
24256627,91.54
24256635,130.92
24256637,107.56
24256639,96.07
24256647,141.92
24256653,124.84
24256661,100.50
24256671,98.78
24256673,203.74
24256683,104.47
24256685,107.31
24256689,118.76
24256691,108.96
24256693,130.50
24256695,101.48
24256697,64.22
24256703,99.19
24256711,103.59
24256713,110.78
24256715,110.20
24256719,98.43
24256721,160.10
24256723,120.41
24256725,130.19
24256727,101.41
24256729,144.79
24256731,153.74
24256743,77.57
24256745,143.26
24256751,117.81
24256757,110.74
24256759,139.58
24256763,91.68
24256775,147.68
24256777,102.95
24256781,141.26
24256783,115.31
24256785,148.62
24256787,114.36
24256789,105.72
24256791,129.73
24256793,99.64
24256797,96.96
24256799,100.47
24256803,90.47
24256805,110.03
24256809,135.27
24256811,121.20
24256819,74.41
24256821,138.41
24256829,97.70
24256831,73.85
24256833,73.43
24256839,125.14
24256843,94.38
24256845,98.33
24256849,141.55
24256855,104.81
24256857,72.24
24256863,119.68
24256865,96.44
24256867,118.45
24256869,90.83
24256879,107.03
24256889,95.59
24256893,75.54
24256895,104.53
24256897,96.45
24256899,102.87
24256903,116.28
24256907,112.52
24256909,85.44
24256911,130.24
24256913,127.83
24256915,111.51
24256923,131.21
24256925,128.32
24256931,120.90
24256935,76.89
24256937,103.53
24256941,112.56
24256945,91.04
24256947,126.86
24256949,108.96
24256951,104.15
24256953,138.58
24256955,90.44
24256969,92.26
24256973,89.62
24256975,100.61
24256979,89.96
24256983,107.80
24256989,125.60
24256991,126.73
24256993,125.22
24256997,122.59
24257005,119.19
24257011,125.45
24257017,89.00
24257065,111.18
24257119,95.00
24257241,100.52
24257281,91.32
24257311,87.44
24257313,86.62
24257345,104.76
24257353,94.24
24257355,84.03
24257363,102.89
24257369,97.07
24257371,82.17
24257413,105.07
24257415,84.43
24257439,87.25
24257441,90.66
24257457,88.65
24257525,109.93
24257527,109.74
24257529,152.55
24257531,134.35
24257535,84.47
24257537,86.88
24257545,95.52
24257547,108.20
24257557,107.52
24257559,107.22
24257571,109.56
24257573,105.52
24257575,107.43
24257577,93.80
24257579,96.02
24257581,91.38
24257607,87.32
24257609,107.26
24257611,100.77
24257615,101.41
24257647,106.28
24257649,117.34
24257653,127.84
24257693,105.26
24254867,90.82
24254919,105.54
24254995,107.08
24254997,107.47
24255191,98.57
24255193,98.58
24255195,97.00
24255197,92.40
24255199,89.27
24255201,88.21
24255203,84.97
24255205,77.69
24255207,76.01
24255211,72.88
24255213,76.58
24255215,76.07
24255225,74.17
24255227,74.98
24255229,86.35
24255235,97.63
24255241,105.14
24255243,101.91
24255245,75.24
24255249,75.14
24255257,88.71
24255261,70.32
24255265,70.05
24255269,75.73
24255271,78.10
24255275,81.82
24255281,78.88
24255283,71.52
24255289,69.12
24255291,68.71
24255293,66.69
24255295,65.86
24255297,69.21
24255299,67.48
24255315,73.44
24255321,68.97
24255323,69.13
24255325,66.23
24255399,56.14
24255471,58.59
24255473,62.73
24255475,58.35
24255737,87.20
24255881,93.10
24255883,99.19
24255885,100.18
24255887,100.61
24255889,102.87
24255891,102.81
24255893,100.07
24255895,103.12
24255897,105.15
24255899,105.42
24255901,102.67
24255915,106.58
24255917,106.09
24255919,106.20
24255921,106.18
24255923,100.73
24255925,109.35
24255975,99.22
24255977,101.26
24255979,104.86
24255981,103.19
24255983,106.15
24255985,99.26
24256021,98.84
24256027,106.41
24256033,105.15
24256039,105.90
24256041,106.49
24256043,106.09
24256047,106.33
24256247,88.35
24256377,113.50
24257021,90.71
24257025,111.42
24257029,107.31
24257031,102.64
24257033,106.03
24257037,86.28
24257045,96.34
24257047,107.22
24257049,120.38
24257051,102.36
24257061,124.53
24257067,101.53
24257069,118.30
24257073,99.70
24257085,102.49
24257101,106.64
24257113,90.17
24257117,100.50
24257121,122.15
24257123,102.33
24257131,108.65
24257133,97.58
24257141,96.01
24257157,119.95
24257165,115.03
24257175,110.04
24257179,94.92
24257181,95.32
24257185,98.59
24257191,93.55
24257193,102.05
24257197,92.55
24257209,97.76
24257211,105.90
24257213,105.05
24257221,93.97
24257239,85.22
24257243,95.29
24257253,82.21
24257255,88.85
24257257,94.55
24257259,97.00
24257263,97.53
24257267,91.27
24257269,86.08
24257271,99.14
24257279,85.76
24257283,93.73
24257285,99.88
24257287,94.12
24257293,90.72
24257297,90.47
24257303,89.46
24257305,88.09
24257307,85.58
24257315,89.47
24257317,98.28
24257319,84.94
24257321,89.04
24257323,82.68
24257325,101.92
24257327,89.39
24257329,93.19
24257331,102.20
24257333,87.01
24257335,83.11
24257337,100.22
24257339,100.18
24257341,95.51
24257343,93.72
24257347,106.40
24257349,109.27
24257351,92.60
24257357,81.56
24257359,103.75
24257361,89.97
24257365,90.26
24257367,88.95
24257373,110.72
24257375,104.75
24257377,108.56
24257379,91.60
24257381,107.29
24257383,106.21
24257385,87.49
24257387,94.67
24257389,107.87
24257391,106.12
24257393,80.29
24257395,79.89
24257397,109.37
24257399,110.43
24257401,106.81
24257403,105.06
24257405,86.00
24257407,102.54
24257409,106.62
24257411,116.73
24257417,88.96
24257419,87.99
24257421,87.56
24257423,85.82
24257425,103.21
24257427,87.07
24257429,90.58
24257431,92.49
24257433,90.27
24257435,112.46
24257437,110.68
24257443,101.05
24257445,89.62
24257447,90.33
24257449,88.03
24257451,88.07
24257453,90.32
24257455,88.30
24257459,99.02
24257461,89.02
24257463,97.15
24257465,90.44
24257467,89.49
24257493,60.44
24257495,64.08
24257497,68.55
24257499,79.66
24257501,100.44
24257503,109.39
24257505,101.21
24257507,107.52
24257509,107.20
24257511,102.98
24257513,103.38
24257515,104.57
24257517,102.38
24257519,101.07
24257521,104.26
24257523,90.48
24257539,86.28
24257541,85.99
24257543,79.87
24257549,106.92
24257551,89.00
24257553,88.61
24257555,88.95
24257561,102.52
24257563,106.42
24257565,99.97
24257567,105.26
24257569,103.91
24257583,79.15
24257585,78.00
24257587,77.72
24257593,98.08
24257595,96.14
24257597,90.41
24257599,87.92
24257601,68.71
24257603,83.50
24257605,88.75
24257621,72.58
24257629,54.72
24257631,59.70
24257643,53.99
24257651,109.59
24257657,68.20
24257659,87.18
24257689,82.07
24257719,82.22
24257723,99.00
24257725,103.43
24257727,111.41
24257729,104.83
24264743,82.49
24264745,80.26
24264747,76.19
24264751,87.03
24264753,74.97
24264755,75.46
24264757,75.85
24264759,77.14
24264761,80.31
24264763,83.92
24264765,87.64
24264767,86.61
24264769,87.06
24264771,87.89
24264773,86.75
24264775,83.29
24264777,84.58
24264781,84.47
24264783,81.19
24264785,86.67
24264787,89.67
24264789,89.60
24264791,79.67
24264793,77.69
24264795,77.64
24264797,77.31
24264799,85.11
24264801,81.02
24264803,79.53
24264805,80.16
24264807,81.20
24264809,94.55
24264811,84.44
24264813,93.66
24264815,94.85
24264817,95.34
24264819,96.68
24264821,100.16
24264823,98.86
24264825,97.15
24264827,98.62
24264829,101.64
24264831,109.94
24264833,110.42
24264835,115.10
24264837,119.28
24264839,122.59
24264841,139.88
24264843,146.32
24264845,155.97
24264847,141.35
24264849,136.72
24264851,147.12
24264853,112.94
24264855,110.30
24264857,112.12
24264859,112.68
24264861,117.58
24264863,119.30
24264867,119.32
24265147,79.29
24265149,81.99
24265151,88.43
24265153,112.55
24265155,118.59
24265157,118.84
24265159,78.28
24265161,75.39
24265163,88.96
24265165,94.93
24265167,100.87
24265169,87.83
24265171,98.66
24265173,95.30
24265175,95.06
24265177,94.41
24265179,96.79
24265181,95.51
24265183,98.76
24265185,100.13
24265187,99.95
24265189,99.89
24265191,100.55
24265193,101.00
24265195,101.49
24265197,105.37
24265199,117.76
24265201,115.91
24265203,103.54
24265205,102.03
24265207,102.52
24265209,102.80
24265211,102.59
24265213,102.48
24265215,101.84
24265217,101.75
24265425,93.17
24265427,107.07
24265429,108.56
24265431,110.66
24265433,110.72
24265435,92.95
24265437,96.82
24265439,107.09
24265441,110.11
24265443,110.53
24265445,110.78
24265447,109.00
24265449,99.56
24265451,108.71
24265453,94.19
24265455,93.44
24265457,112.48
24265471,124.47
24265477,80.17
24265479,106.29
24265481,74.50
24265483,74.90
24265485,74.94
24265487,78.63
24265489,91.25
24265499,84.76
24265501,88.68
24265503,93.39
24265505,86.51
24265507,94.29
24265509,108.38
24265511,104.73
24265513,79.36
24265515,76.74
24265517,86.08
24265519,84.69
24265521,84.13
24265523,85.68
24265525,90.40
24265527,95.10
24265529,84.78
24265531,86.75
24265533,86.28
24265535,107.11
24265537,90.15
24265539,94.66
24265541,94.27
24265543,104.47
24265545,102.02
24265547,109.87
24265549,98.41
24265553,105.86
24265561,109.40
24265563,111.34
24265565,110.49
24265567,109.90
24265581,102.27
24265599,99.02
24265603,109.33
24265627,108.15
24265629,98.59
24265631,94.53
24265643,79.46
24265645,93.89
24265647,100.53
24265651,99.54
24265653,100.37
24265655,100.49
24265657,107.82
24265659,87.44
24265661,90.69
24265665,110.18
24265671,96.43
24265675,92.36
24265691,105.71
24265693,106.58
24265699,103.26
24265701,112.22
24265707,110.71
24265717,123.83
24265723,108.96
24265733,121.78
24265739,113.60
24265747,120.84
24265777,154.03
24265799,145.23
24265975,81.76
24265979,80.92
24265989,75.69
24265991,78.39
24265995,84.82
24265997,84.72
24265999,84.35
24266001,84.73
24266007,84.14
24266019,96.92
24266023,94.53
24266025,90.80
24266027,96.66
24266031,103.33
24266043,79.11
24266045,82.05
24266049,84.25
24266055,109.98
24266057,108.24
24266061,111.08
24266063,115.20
24266103,149.36
24266123,110.37
24266249,74.38
24266263,75.59
24266315,84.02
24266427,84.80
24270488,92.61
24270490,90.09
24270492,95.08
24270494,109.74
24270496,125.01
24270498,130.30
24270500,133.56
24270502,138.42
24270504,142.47
24270506,143.40
24270508,144.66
24270510,148.52
24270520,84.01
24270522,101.87
24270524,103.05
24270526,123.24
24270528,109.68
24270530,111.34
24270592,117.84
24270650,135.86
24270654,141.08
24270662,130.97
24270770,112.55
24270772,109.96
24270792,125.56
24270816,107.24
24270822,136.34
24270836,131.56
24270840,150.63
24270858,145.28
24270886,138.92
24270894,147.03
24270910,149.12
25184464,87.60
25184466,105.34
25184468,105.34
25184470,105.66
25184472,84.84
25184480,69.27
25184482,69.14
24255231,89.56
24255233,94.70
24255237,101.30
24255239,101.89
24255247,81.93
24255251,74.68
24255253,68.37
24255255,67.83
24255259,71.05
24255263,69.28
24255267,74.25
24255273,79.51
24255277,82.02
24255279,77.37
24255305,65.15
24255307,66.82
24255309,68.17
24255311,71.54
24255313,72.78
24255317,72.53
24255319,71.61
24255327,65.83
24255329,68.51
24255331,68.92
24255333,72.24
24255335,82.54
24255337,64.56
24255339,64.38
24255341,63.21
24255343,60.78
24255345,57.28
24255347,56.77
24255349,55.51
24255351,54.56
24255353,53.31
24255355,50.96
24255357,49.05
24255359,49.16
24255361,51.36
24255363,50.86
24255365,51.45
24255367,50.98
24255369,50.44
24255371,48.64
24255373,48.42
24255375,53.18
24255377,53.25
24255379,54.11
24255381,54.62
24255383,52.31
24255385,48.31
24255387,47.77
24255389,49.76
24255391,52.72
24255393,55.10
24255395,55.51
24255397,56.28
24255401,56.30
24255403,57.25
24255405,62.36
24255407,57.07
24255409,56.70
24255411,54.85
24255413,53.54
24255415,55.49
24255417,55.36
24255419,57.67
24255421,58.79
24255423,58.35
24255425,57.99
24255427,57.52
24255429,57.59
24255431,57.84
24255433,57.24
24255435,57.27
24255437,57.32
24255439,57.31
24255441,57.39
24255443,57.10
24255445,55.79
24255447,55.66
24255449,54.96
24255451,54.26
24255453,53.93
24255455,53.54
24255457,57.12
24255459,56.82
24255461,56.48
24255463,56.06
24255465,55.83
24255467,55.79
24255469,55.97
24255481,54.10
24255483,55.44
24255485,54.58
24255487,54.70
24255489,52.28
24255491,51.13
24255493,50.52
24255495,50.12
24255497,50.75
24255499,52.33
24255501,55.05
24255503,56.59
24255505,58.40
24255507,59.34
24255509,59.96
24255513,55.27
24255515,55.08
24255517,54.87
24255519,54.61
24255521,52.66
24255523,51.99
24255525,51.48
24255527,49.44
24255529,49.42
24255531,50.55
24255533,50.39
24255535,49.98
24255537,49.98
24255539,49.63
24255541,49.62
24255543,49.91
24255545,51.86
24255547,52.71
24255549,53.20
24255551,53.44
24255553,49.81
24255555,50.72
24255557,54.52
24255559,49.56
24255561,48.85
24255563,50.29
24255565,52.01
24255567,54.57
24255569,54.51
24255571,54.24
24255573,54.24
24255575,54.49
24255577,54.64
24255579,54.44
24255581,54.49
24255583,54.19
24255585,53.48
24255587,54.63
24255589,54.47
24255591,53.53
24255593,53.10
24255595,52.37
24255597,52.34
24255599,51.50
24255601,49.97
24255603,51.06
24255605,50.75
24255607,50.89
24255609,51.11
24255611,50.61
24255645,73.53
24255647,82.55
24255649,91.01
24255651,93.02
24255653,101.10
24255657,62.86
24255659,70.84
24255661,82.20
24255663,100.93
24255665,70.95
24255667,73.29
24255669,76.45
24255671,77.34
24255673,81.45
24255675,87.70
24255677,94.45
24255679,103.05
24255681,118.70
24255685,71.58
24255687,83.81
24255689,85.41
24255691,86.74
24255693,89.03
24255697,74.36
24255703,64.65
24255705,68.69
24255707,77.69
24255709,79.26
24255711,83.71
24255713,84.19
24255715,89.86
24255717,86.70
24255719,86.96
24255721,81.12
24255723,82.71
24255725,77.25
24255727,82.84
24255729,86.62
24255731,84.72
24255733,89.97
24255735,115.32
24256053,53.14
24256055,57.21
24256057,55.42
24256059,57.52
24256065,54.37
24256067,62.45
24256073,62.02
24256075,62.11
24256077,62.01
24256079,62.86
24256081,62.87
24256083,63.13
24256085,60.05
24256087,50.96
24256089,54.00
24256091,59.89
24256093,60.27
24256095,61.86
24256097,59.80
24256099,62.79
24256113,50.28
24256115,50.40
24256117,50.59
24256119,50.51
24256121,50.62
24256123,51.42
24256125,54.67
24256127,49.37
24256129,50.78
24256131,50.48
24256133,49.66
24256149,102.76
24256151,49.55
24256153,49.84
24256165,57.97
24256167,58.62
24256169,59.28
24256171,60.26
24256173,61.22
24256179,57.99
24256181,57.87
24256183,57.37
24256185,56.94
24256187,56.65
24256189,55.98
24256191,53.49
24256193,56.61
24256209,84.87
24256211,103.03
24256221,64.13
24256223,56.83
24256225,55.80
24256227,55.98
24256229,55.43
24256231,57.85
24256233,69.50
24256235,67.52
24256237,65.23
24256239,57.27
24256241,68.30
24256243,71.06
24256249,119.43
24256253,70.06
24256257,96.00
24256261,51.56
24256265,90.79
24256275,49.10
24256277,52.76
24256283,51.55
24256285,50.33
24256287,54.28
24256289,51.58
24256291,55.32
24256293,50.18
24256295,88.40
24256297,50.24
24256299,50.07
24256301,54.64
24256303,53.17
24256305,94.39
24256307,55.95
24256309,51.16
24256311,77.83
24256313,50.51
24256315,55.25
24256317,52.78
24256319,66.34
24256321,56.53
24256323,53.30
24256325,59.61
24256327,50.81
24256329,54.17
24256331,95.32
24256333,52.57
24256335,66.83
24256337,53.02
24256339,52.67
24256341,51.39
24256343,51.61
24256345,52.88
24256347,81.38
24256349,51.59
24256351,54.69
24256353,52.82
24256355,51.17
24256357,75.92
24256359,53.49
24256361,107.24
24256363,81.09
24256365,50.72
24256367,54.61
24256369,52.59
24256371,54.20
24256373,51.40
24256375,51.18
24256379,52.62
24256381,52.16
24256383,85.22
24256385,90.33
24256387,92.74
24256389,50.59
24256391,50.87
24256393,84.03
24256395,55.01
24256401,54.84
24256403,88.04
24256405,52.43
24256411,55.13
24256413,91.94
24256415,55.03
24256419,90.03
24256421,52.86
24256425,51.73
24256429,91.25
24256435,54.89
24256439,54.90
24256441,53.36
24256445,85.47
24256447,51.77
24256449,53.55
24256451,94.49
24256453,90.77
24256455,50.05
24256463,51.58
24256465,53.93
24256467,55.58
24256477,63.67
24256483,53.14
24256485,55.69
24256495,54.00
24256497,55.60
24256503,64.49
24256507,55.65
24256509,103.23
24256511,54.15
24256515,89.71
24256517,55.36
24256519,55.71
24256523,54.13
24256527,51.98
24256529,89.49
24256531,54.13
24256533,79.55
24256537,53.72
24256539,73.96
24256541,56.55
24256543,56.42
24256545,50.20
24256547,54.76
24256549,55.38
24256559,55.20
24256563,51.22
24256565,57.56
24256567,86.98
24256569,50.92
24256575,81.58
24256581,59.48
24256585,56.06
24256587,57.89
24256589,53.40
24256591,59.26
24256593,56.04
24256595,58.99
24256597,81.50
24256611,77.98
24256615,54.65
24256617,55.22
24256623,54.35
24256629,93.17
24256631,52.95
24256633,59.01
24256641,56.97
24256643,60.48
24256645,60.74
24256649,56.12
24256651,62.05
24256655,59.32
24256657,56.95
24256659,58.61
24256663,58.19
24256665,58.96
24256667,81.06
24256669,57.67
24256675,59.87
24256677,56.99
24256679,58.93
24256681,59.57
24256687,57.17
24256699,56.15
24256701,67.67
24256705,61.16
24256707,60.91
24256709,61.04
24256717,63.95
24256733,57.20
24256735,57.25
24256737,58.98
24256739,55.25
24256741,56.27
24256747,61.34
24256749,57.21
24256753,64.34
24256755,57.43
24256761,65.01
24256765,54.76
24256767,54.67
24256769,60.86
24256771,57.80
24256773,56.86
24256779,57.38
24256795,65.42
24256801,60.72
24256807,58.37
24256813,53.73
24256815,57.40
24256817,58.40
24256823,68.59
24256825,55.07
24256827,57.85
24256835,56.64
24256837,53.37
24256841,54.21
24256847,58.78
24256851,54.94
24256853,57.66
24256859,65.62
24256861,59.77
24256871,53.70
24256873,56.63
24256875,54.07
24256877,57.90
24256883,72.47
24256885,67.32
24256887,54.92
24256891,60.57
24256901,59.08
24256905,52.40
24256917,62.91
24256919,58.76
24256921,59.88
24256929,66.26
24256933,71.20
24256939,69.94
24256943,60.01
24256959,61.64
24256961,105.96
24256963,69.73
24256965,52.53
24256967,58.07
24256971,49.98
24256977,54.51
24256981,68.85
24256985,81.97
24256987,57.43
24256995,67.46
24256999,74.11
24257001,71.76
24257003,57.47
24257007,52.45
24257009,66.60
24257013,59.16
24257015,61.91
24257027,70.41
24257125,81.08
24257127,103.36
24257135,69.47
24257195,57.98
24257249,73.61
24257273,67.60
24257275,60.07
24257613,100.39
24257623,71.16
24257625,98.01
24257627,57.71
24257633,53.99
24257635,53.85
24257637,54.53
24257641,82.69
24257645,104.97
24257695,54.88
947110190,88.00
947110191,69.52
24255301,67.52
24255303,66.51
24255477,60.05
24255479,51.58
24255511,53.93
24255613,59.28
24255615,57.37
24255617,56.46
24255619,54.59
24255621,50.97
24255623,50.46
24255625,52.14
24255627,52.51
24255629,52.69
24255631,53.75
24255633,54.04
24255635,53.48
24255637,52.93
24255639,50.34
24255641,51.45
24255643,63.37
24255655,53.84
24255683,56.00
24255695,57.20
24255699,61.37
24255701,62.49
24255755,54.58
24255757,49.43
24256045,52.53
24256061,49.95
24256063,51.43
24256219,52.04
24256255,50.03
24256259,58.14
24256263,49.94
24256269,56.80
24256271,58.50
24256273,50.33
24256279,58.16
24256281,58.30
24256603,59.16
24256927,53.06
24257023,56.57
24257035,65.51
24257039,102.94
24257041,90.48
24257043,105.61
24257053,72.19
24257055,51.08
24257057,51.78
24257059,67.40
24257063,68.51
24257071,64.51
24257075,56.72
24257077,70.15
24257079,100.60
24257081,70.94
24257083,55.83
24257087,70.74
24257089,92.63
24257091,75.09
24257093,75.94
24257095,59.38
24257097,54.40
24257099,56.00
24257103,74.91
24257105,78.75
24257107,59.36
24257109,104.08
24257111,70.64
24257115,78.62
24257129,105.18
24257137,69.48
24257139,68.88
24257143,67.72
24257145,57.85
24257147,81.88
24257149,50.59
24257153,64.27
24257155,73.61
24257159,75.75
24257161,80.17
24257167,81.87
24257169,57.77
24257171,53.67
24257173,103.78
24257177,68.34
24257183,80.95
24257187,55.86
24257189,93.21
24257199,74.81
24257201,79.66
24257203,76.41
24257205,71.77
24257207,79.46
24257215,107.54
24257217,70.66
24257219,69.96
24257223,70.16
24257225,62.61
24257227,75.30
24257229,74.04
24257231,106.66
24257233,56.09
24257235,60.12
24257237,56.22
24257245,56.81
24257247,63.24
24257251,70.25
24257261,59.20
24257265,79.31
24257277,57.99
24257289,91.70
24257291,62.59
24257295,61.98
24257299,62.64
24257301,63.28
24257309,63.26
24257469,46.35
24257471,64.63
24257473,59.96
24257475,57.37
24257477,51.86
24257479,53.60
24257481,53.38
24257483,53.59
24257485,59.14
24257487,57.11
24257489,67.33
24257491,61.36
24257617,68.82
24257619,69.41
24257639,110.24
24257721,55.32
24257751,61.17
24264865,137.92
24264869,118.27
24264871,116.40
24264873,113.43
24264875,114.04
24264877,112.48
24264879,114.29
24264881,108.97
24264883,109.70
24264885,112.77
24264887,111.80
24264889,112.54
24264891,114.43
24264893,115.50
24264895,116.50
24264897,117.35
24264899,126.67
24264901,136.40
24264903,148.44
24264905,117.03
24264907,117.38
24264909,117.36
24264911,117.37
24264913,117.09
24264915,120.27
24264917,116.55
24264919,116.38
24264921,117.27
24264923,116.17
24264925,116.89
24264927,118.67
24264929,119.42
24264931,119.95
24264933,122.06
24264935,122.70
24264937,123.40
24264939,125.31
24264941,123.99
24264943,124.07
24264945,124.23
24264947,124.74
24264949,124.29
24264951,124.30
24264953,126.44
24264955,126.86
24264993,123.52
24264995,121.65
24264997,120.03
24265059,113.11
24265061,111.34
24265063,110.47
24265065,112.40
24265067,111.67
24265069,114.87
24265071,115.30
24265073,118.13
24265075,117.91
24265077,116.18
24265079,116.93
24265081,116.58
24265083,116.80
24265085,120.65
24265087,116.93
24265089,120.28
24265091,117.63
24265093,119.02
24265095,119.84
24265097,119.46
24265099,119.30
24265101,119.65
24265103,120.03
24265105,119.54
24265107,119.53
24265109,119.09
24265111,116.01
24265113,113.90
24265115,124.52
24265117,111.94
24265119,110.94
24265121,107.99
24265123,103.95
24265125,102.05
24265127,97.43
24265129,97.49
24265131,97.08
24265133,97.37
24265135,98.96
24265137,94.07
24265139,100.14
24265141,97.07
24265143,97.23
24265145,116.78
24265219,100.29
24265221,100.52
24265223,109.52
24265225,99.66
24265227,99.54
24265229,99.50
24265231,98.19
24265233,96.38
24265235,95.93
24265237,99.22
24265239,105.53
24265241,103.03
24265243,96.05
24265245,96.80
24265247,96.98
24265249,96.61
24265251,97.98
24265253,98.83
24265255,98.75
24265257,97.25
24265259,93.74
24265261,93.81
24265263,93.13
24265265,94.21
24265267,94.12
24265269,94.17
24265271,93.95
24265273,92.87
24265275,91.93
24265277,94.00
24265279,93.04
24265281,91.97
24265283,91.68
24265285,91.25
24265287,90.69
24265289,90.34
24265291,89.59
24265293,88.01
24265295,86.43
24265297,83.58
24265299,82.23
24265301,81.97
24265303,81.59
24265305,80.47
24265307,79.75
24265309,79.32
24265311,78.95
24265313,78.14
24265315,77.78
24265317,77.98
24265353,93.49
24265355,93.36
24265357,93.45
24265359,88.88
24265361,87.61
24265363,86.36
24265365,85.52
24265367,84.54
24265369,81.01
24265371,95.99
24265373,98.37
24265375,96.76
24265377,98.30
24265379,98.34
24265381,92.12
24265383,91.74
24265385,89.04
24265387,90.79
24265389,94.59
24265393,103.25
24265395,105.35
24265397,106.19
24265399,103.81
24265401,103.59
24265403,101.93
24265405,110.09
24265407,107.50
24265409,103.35
24265411,103.61
24265413,105.09
24265415,106.44
24265417,107.22
24265419,107.40
24265421,107.62
24265423,107.97
24265459,91.48
24265461,129.58
24265463,109.76
24265465,104.70
24265467,79.62
24265469,79.13
24265475,130.02
24265551,107.82
24265555,109.13
24265557,108.82
24265559,108.14
24265569,104.31
24265571,89.34
24265573,90.53
24265575,104.04
24265577,104.73
24265579,105.33
24265583,106.24
24265585,90.92
24265587,89.75
24265589,90.89
24265591,107.33
24265593,105.69
24265595,91.66
24265597,97.72
24265601,90.52
24265605,103.84
24265607,105.14
24265609,91.82
24265611,97.80
24265613,92.44
24265615,93.52
24265617,91.82
24265619,108.94
24265621,106.32
24265623,96.29
24265625,93.85
24265633,94.18
24265635,105.41
24265637,94.51
24265639,104.92
24265641,94.67
24265649,103.80
24265667,100.97
24265669,105.15
24265673,89.09
24265677,90.28
24265679,90.56
24265681,104.56
24265683,94.49
24265685,96.09
24265687,89.73
24265689,88.44
24265695,95.54
24265697,89.17
24265703,86.85
24265705,89.57
24265709,86.75
24265711,99.49
24265713,99.95
24265715,100.87
24265719,100.46
24265721,82.47
24265725,92.03
24265727,84.92
24265729,102.74
24265731,98.51
24265735,100.39
24265737,105.79
24265741,97.88
24265743,77.11
24265745,92.15
24265749,78.25
24265751,88.83
24265753,94.47
24265755,93.75
24265757,77.17
24265759,107.21
24265761,119.42
24265763,97.34
24265765,123.58
24265767,115.24
24265769,123.06
24265771,119.20
24265773,119.26
24265775,121.80
24265783,122.10
24265787,115.44
24265789,116.82
24265791,119.42
24265793,121.94
24265795,119.42
24265797,93.71
24265801,114.44
24265803,107.94
24265807,83.54
24265811,126.57
24265813,87.76
24265815,99.96
24265817,116.55
24265823,121.70
24265827,127.30
24265829,100.19
24265833,120.19
24265835,112.58
24265837,126.67
24265839,126.79
24265841,126.64
24265843,142.91
24265845,102.07
24265847,142.59
24265849,130.88
24265853,96.85
24265857,126.91
24265863,100.53
24265865,95.95
24265867,123.38
24265869,122.36
24265879,121.28
24265971,117.58
24265985,97.77
24266037,96.58
24266041,96.79
24266067,112.74
24266071,118.93
24266073,116.23
24266075,117.14
24266077,119.88
24266079,123.97
24266087,103.22
24266091,141.04
24266093,124.18
24266095,133.33
24266097,110.83
24266099,109.69
24266101,116.97
24266105,147.03
24266107,90.09
24266109,90.93
24266111,89.77
24266113,95.16
24266115,89.99
24266117,88.97
24266119,107.23
24266121,109.18
24266125,91.21
24266127,79.71
24266133,98.75
24266135,94.25
24266137,95.66
24266139,100.91
24266141,101.71
24266145,99.33
24266149,115.90
25184484,67.71
25184486,67.48
947110045,50.16
947110051,
947110052,49.09
947110054,50.10
947110057,50.09
947110062,50.18
947110075,50.45
947110076,49.75
947110077,49.13
947110079,49.98
947110083,49.69
947110085,50.17
947110090,50.17
947110091,49.45
947110093,49.88
947110099,51.45
947110101,54.36
947110106,54.23
947110107,51.49
947110108,50.72
947110123,57.68
947110125,49.97
947110126,49.80
947110127,49.90
947110128,49.83
947110129,49.92
947110130,49.86
947110131,50.07
947110132,49.86
947110133,49.97
947110151,86.91
24264957,127.56
24264959,129.81
24264961,135.52
24264963,135.29
24264965,134.87
24264967,136.32
24264969,141.74
24264971,142.64
24264973,143.92
24264975,144.40
24264977,142.25
24264979,146.79
24264981,147.82
24264983,151.77
24264985,132.50
24264987,133.43
24264989,137.40
24264991,138.73
24264999,118.89
24265001,118.19
24265003,117.36
24265005,116.89
24265007,117.79
24265009,115.07
24265011,114.35
24265013,112.71
24265015,112.73
24265017,114.86
24265019,118.60
24265021,121.30
24265023,119.66
24265025,131.50
24265027,130.91
24265029,139.91
24265031,113.26
24265033,109.88
24265035,109.89
24265037,108.61
24265039,106.61
24265041,104.46
24265043,103.87
24265045,112.07
24265047,108.31
24265049,104.65
24265051,101.63
24265053,101.08
24265055,111.34
24265057,104.93
24265319,78.15
24265321,77.76
24265323,86.49
24265325,77.08
24265327,76.68
24265329,75.85
24265331,75.38
24265333,74.78
24265335,84.88
24265337,73.06
24265339,74.03
24265341,74.34
24265343,74.38
24265345,74.34
24265347,78.94
24265349,89.13
24265351,102.25
24265491,75.96
24265493,75.62
24265495,78.51
24265497,86.62
24265779,78.00
24265781,76.12
24265785,80.19
24265809,78.07
24265819,76.34
24265821,80.74
24265825,81.43
24265831,76.80
24265851,80.24
24265855,122.47
24265859,77.65
24265861,119.47
24265871,80.62
24265873,103.93
24265875,109.17
24265877,130.34
24265881,118.69
24265883,104.32
24265887,121.18
24265889,84.45
24265891,111.68
24265893,133.89
24265895,130.74
24265897,119.59
24265899,126.19
24265901,129.89
24265903,124.87
24265905,133.47
24265907,106.70
24265909,105.32
24265911,130.31
24265913,126.11
24265915,139.99
24265917,128.44
24265919,148.40
24265921,109.55
24265923,108.05
24265925,148.12
24265927,144.24
24265929,145.18
24265931,144.25
24265933,125.68
24265935,133.86
24265937,117.23
24265939,131.85
24265941,110.78
24265943,107.13
24265945,146.97
24265947,144.51
24265949,143.19
24265951,115.09
24265953,101.49
24265955,146.17
24265957,115.73
24265959,125.02
24265961,143.69
24265963,147.62
24265965,149.46
24265967,113.08
24265969,111.17
24266081,144.61
24266083,144.57
24266085,146.57
24266089,147.61
24266143,78.39
24266147,134.40
24274325,37.20
24274327,37.91
24274329,39.23
24274331,42.05
24274361,42.28
24274363,42.42
24274365,42.64
24274367,43.03
24274369,43.32
24274371,43.54
24274373,46.54
24274375,45.97
24274377,46.94
24274379,47.02
24274381,47.11
24274383,47.33
24274385,47.53
24274387,47.38
24274389,47.56
24274391,47.75
24274393,48.55
24274395,48.56
24274397,48.57
24274399,48.51
24274401,48.83
24274403,48.93
24274405,49.01
24274407,48.79
24274409,50.11
24274415,51.35
24274417,54.22
24274419,54.11
24274421,53.05
24274423,55.91
24274425,61.82
24274427,57.95
24274431,66.24
24274433,65.70
24274435,62.37
24274437,62.20
24274439,60.48
24274441,57.82
24274443,58.75
24274445,62.11
24274447,62.57
24274449,63.10
24274451,66.10
24274453,73.49
24274457,74.27
24274459,77.76
24274461,88.65
24274463,97.54
24274465,106.62
24274467,101.29
24274469,107.81
24274473,131.21
24274475,120.33
24274481,122.15
24274485,121.65
24274489,118.99
24274491,119.32
24274493,120.98
24274495,122.59
24274499,131.14
24274501,125.03
24274503,128.35
24274505,130.40
24274507,134.64
24274509,134.93
24274511,137.33
24274513,144.24
24274515,131.37
24274517,133.10
24274519,135.10
24274521,136.90
24274523,134.32
24274525,133.20
24274527,133.73
24274529,133.65
24274531,130.45
24274533,133.29
24274535,138.83
24274543,138.19
24274545,145.52
24274547,143.75
24274549,151.39
24274551,142.25
24274553,64.19
24274555,68.84
24274559,79.09
24274561,79.72
24274563,79.99
24274565,87.60
24274567,90.59
24274569,92.12
24274571,94.82
24274573,95.73
24274575,100.38
24274577,120.18
24274579,135.12
24274581,143.50
24274583,161.18
24274585,158.21
24274587,149.96
24274589,150.27
24274591,148.90
24274593,135.33
24274595,133.12
24274597,135.80
24274599,55.20
24274601,56.00
24274603,55.80
24274605,62.16
24274607,61.21
24274609,58.69
24274611,66.92
24274613,72.08
24274615,71.61
24274617,82.95
24274619,85.68
24274621,88.13
24274625,99.04
24274629,104.98
24274631,104.05
24274633,49.97
24274635,51.41
24274637,52.47
24274641,56.10
24274643,54.49
24274645,55.15
24274647,55.42
24274649,56.36
24274651,58.78
24274653,64.38
24274655,77.47
24274657,72.32
24274659,73.57
24274661,74.46
24274663,72.06
24274665,71.65
24274667,77.62
24274669,82.80
24274671,80.62
24274673,83.12
24274675,78.65
24274677,86.36
24274679,82.77
24274681,87.96
24274683,83.30
24274685,83.39
24274687,83.68
24274689,86.62
24274691,85.02
24274693,89.78
24274695,88.17
24274697,89.38
24274699,88.01
24274705,91.88
24274707,91.94
24274709,91.97
24274711,92.97
24274713,98.35
24274715,92.36
24274717,95.11
24274719,99.53
24274721,119.23
24274723,126.91
24274725,142.89
24274727,171.54
24274729,93.48
24274733,95.84
24274735,96.90
24274737,97.88
24274739,96.36
24274741,97.77
24274743,99.98
24274745,101.88
24274747,101.06
24274749,100.90
24274753,99.19
24274755,154.84
24274757,103.73
24274759,111.98
24274761,118.39
24274763,123.77
24274765,120.67
24274767,108.89
24274769,106.09
24274771,115.26
24274773,113.92
24274777,71.81
24274779,88.70
24274781,92.28
24274783,98.31
24274785,117.80
24274787,123.98
24274789,132.54
24274791,131.32
24274793,129.08
24274795,132.75
24274797,134.42
24274799,149.34
24274801,149.57
24274805,156.02
24274807,163.29
24274809,147.30
24274811,147.42
24274813,146.91
24274815,145.57
24274817,48.66
24274819,48.88
24274821,49.14
24274823,49.74
24274825,51.16
24274827,52.12
24274829,57.50
24274831,46.79
24274833,47.70
24274835,49.39
24274837,49.76
24274839,50.08
24274843,50.85
24274845,50.59
24274847,56.68
24274849,63.16
24274851,65.85
24274853,67.73
24274855,68.63
24274857,74.55
24274859,84.46
24274861,86.93
24274865,102.12
24274867,108.36
24274869,116.66
24274871,82.93
24274875,122.01
24274877,141.50
24274881,106.58
24274883,129.23
24274885,137.09
24274889,130.79
24274897,96.75
24274899,114.15
24274901,125.37
24274903,172.59
24274905,138.44
24274907,139.45
24274909,146.13
24274911,44.07
24274913,44.16
24274915,44.67
24274917,45.71
24274919,46.86
24274921,47.15
24274923,48.11
24274925,48.19
24274927,49.00
24274929,52.23
24274931,83.09
24274933,83.89
24274935,87.75
24274939,142.23
24274943,86.73
24274953,44.48
24274955,147.26
24274957,146.35
24274959,132.91
24274961,146.48
24274963,135.69
24274965,146.82
24274967,129.29
24274969,114.95
24274971,121.60
24274973,112.78
24274975,114.61
24274977,122.91
24274979,108.56
24274981,115.46
24274983,121.49
24274985,114.61
24274987,103.59
24274989,103.47
24274991,108.27
24275161,48.31
24275221,117.00
24275223,113.58
24275289,148.23
24275337,139.22
24275339,139.62
24275393,130.12
24275395,69.21
24275417,75.76
24275485,72.33
24275487,67.69
24275513,85.98
24275515,138.57
24275517,124.45
24275575,50.69
24275577,45.09
24275579,42.06
24275599,107.93
24275617,133.21
24275619,139.54
24275621,130.78
24275633,127.25
24275635,136.88
24275637,138.04
24275639,146.83
24275641,142.32
24275643,144.15
947110046,51.45
947110047,49.12
947110048,50.51
947110050,50.11
947110053,50.66
947110055,49.60
947110056,48.69
947110058,49.62
947110059,50.07
947110060,49.86
947110061,48.71
947110063,50.11
947110064,49.88
947110065,49.89
947110066,49.31
947110067,50.19
947110068,50.02
947110069,48.74
947110070,49.79
947110071,50.14
947110072,49.05
947110073,55.41
947110074,49.07
947110078,50.02
947110080,49.81
947110081,50.11
947110082,49.75
947110084,48.99
947110086,49.92
947110087,48.72
947110088,50.15
947110089,48.24
947110092,
947110094,49.06
947110095,49.64
947110096,49.40
947110097,49.03
947110102,53.35
947110103,52.16
947110104,52.17
947110105,49.95
947110109,52.35
947110110,54.69
947110111,53.81
947110112,57.30
947110113,52.91
947110114,53.24
947110115,56.68
947110116,55.86
947110118,52.08
947110119,57.44
947110120,55.17
947110121,58.34
947110122,55.43
947110124,53.16
23977622,38.51
23977624,38.96
23977626,40.35
23977628,40.10
23977632,41.53
23977634,42.00
23977644,44.36
23977648,44.94
23977650,44.98
23977652,45.09
23977656,45.21
23977662,46.56
23977806,43.90
23977810,46.04
23977812,45.88
23977814,46.69
23977816,45.23
23977820,47.59
23977822,50.45
23977824,47.33
23977828,48.43
23977848,41.60
23977850,42.82
23977874,39.07
23977876,38.94
23977898,39.64
23977900,39.75
23977904,46.55
23977906,40.02
23977916,47.70
23977926,45.20
23977936,43.60
23977940,41.52
23977942,44.69
23977946,42.62
23977950,42.18
23977954,45.46
23977956,44.93
23977960,43.54
23977962,42.81
23977964,59.05
23977966,44.69
23977968,46.62
23977970,47.49
23977972,41.49
23977984,46.06
23977988,45.23
23977990,45.81
23977996,44.19
23978008,44.97
23978010,44.91
23978018,45.22
23978034,45.13
23978036,45.94
23978360,38.85
23978362,43.73
23978418,42.99
23980371,41.36
23980373,40.95
23980375,41.03
23980377,40.67
23980379,40.72
23980381,41.25
23980383,41.46
23980385,41.30
23980387,41.39
23980389,41.65
23980391,41.63
23980393,41.64
23980395,41.79
23980397,41.94
23980399,42.47
23980401,42.48
23980403,43.03
23980405,42.99
23980407,43.07
23980409,43.20
23980411,43.47
23980413,43.37
23980415,43.38
23980417,43.41
23980453,45.13
23980487,72.46
23980513,113.30
23980531,60.73
23980553,43.04
23980555,43.26
23980557,43.34
23980559,43.43
23980561,43.45
23980563,43.68
23980801,40.47
23980803,40.29
23980805,42.65
23981225,42.36
23981227,42.52
23981229,42.01
23981231,42.09
23981233,41.97
23981235,43.64
23981237,42.72
23981239,42.86
23981241,42.96
23981243,43.37
23981245,43.68
23981247,44.48
23981249,44.95
23981251,44.74
23981253,44.87
23981255,44.78
23981257,44.72
23981343,44.81
23981345,45.64
23981467,40.77
23981469,40.81
23981471,41.43
23981473,42.54
23981635,41.39
23981645,41.39
23981647,41.40
23981655,40.80
23981657,42.23
23981659,42.54
23981661,41.53
23981663,42.27
23981665,41.42
23981667,42.66
23981669,44.49
23981671,44.05
23981673,41.44
23981675,44.48
23981689,41.87
23981711,43.98
23981755,43.66
23982101,90.18
23982327,41.36
23982329,41.29
23982355,41.33
23989163,43.48
23989511,41.10
23989515,41.46
23989719,44.56
23989733,43.64
23990439,45.23
23990455,44.30
23990531,42.14
23990551,41.56
24274411,50.16
24274413,50.37
24274429,64.71
24274455,75.15
24274471,123.10
24274477,121.97
24274479,121.11
24274483,120.96
24274487,122.29
24274497,126.16
24274537,138.17
24274539,137.65
24274541,137.95
24274557,81.77
24274623,93.78
24274627,94.72
24274639,52.94
24274701,91.37
24274703,92.52
24274731,97.44
24274751,91.09
24274803,159.21
24274841,50.09
24274863,94.49
24274873,85.05
24274879,92.11
24274937,137.05
24274941,58.72
24274993,103.16
24274995,92.04
24274997,93.65
24274999,69.60
24275001,76.67
24275003,73.38
24275005,66.41
24275007,157.81
24275009,77.65
24275011,77.07
24275013,154.23
24275015,73.40
24275017,76.21
24275019,81.56
24275021,157.92
24275023,65.59
24275025,121.17
24275027,87.06
24275029,79.96
24275031,55.97
24275033,80.94
24275035,142.90
24275037,85.28
24275039,84.36
24275041,80.04
24275043,89.29
24275045,132.66
24275047,83.21
24275049,83.09
24275051,87.34
24275057,80.91
24275059,81.59
24275061,79.91
24275063,81.20
24275067,114.53
24275069,113.88
24275071,75.02
24275075,116.84
24275077,81.60
24275079,82.74
24275083,76.98
24275085,76.74
24275087,97.87
24275089,114.12
24275091,96.18
24275093,99.55
24275095,103.89
24275097,72.75
24275099,86.02
24275101,104.17
24275103,96.08
24275107,96.62
24275109,52.22
24275111,90.35
24275113,52.80
24275117,70.71
24275119,57.83
24275121,58.27
24275125,50.07
24275127,76.07
24275129,45.07
24275131,49.41
24275133,49.69
24275135,54.75
24275139,47.84
24275143,51.84
24275145,47.96
24275147,47.81
24275149,48.64
24275155,47.19
24275157,57.02
24275163,60.95
24275165,49.22
24275167,54.53
24275169,50.64
24275171,44.70
24275173,49.64
24275175,71.57
24275177,119.45
24275181,38.19
24275185,65.18
24275187,47.40
24275189,38.54
24275191,139.68
24275193,48.36
24275195,48.08
24275197,44.92
24275199,45.26
24275201,41.13
24275203,50.78
24275205,48.94
24275207,64.06
24275209,144.66
24275211,74.70
24275213,46.78
24275215,155.95
24275217,48.45
24275219,41.93
24275225,55.57
24275227,146.90
24275229,44.30
24275231,43.54
24275233,45.28
24275235,43.95
24275237,44.40
24275239,42.64
24275241,45.04
24275243,147.25
24275245,75.45
24275247,146.36
24275249,141.44
24275251,114.29
24275253,58.18
24275255,114.91
24275257,69.45
24275259,70.78
24275261,54.61
24275263,67.52
24275265,65.09
24275267,97.96
24275269,87.91
24275271,55.92
24275273,155.09
24275275,95.37
24275277,117.60
24275279,172.54
24275281,93.85
24275283,175.60
24275285,159.88
24275287,144.94
24275291,115.45
24275293,78.97
24275295,148.44
24275297,135.30
24275299,147.05
24275301,148.53
24275303,120.04
24275305,133.29
24275307,121.14
24275309,131.85
24275311,118.90
24275313,115.01
24275315,136.01
24275317,128.88
24275319,139.44
24275321,137.39
24275323,134.79
24275325,135.94
24275327,136.07
24275329,137.08
24275331,137.78
24275333,138.16
24275335,139.08
24275341,138.60
24275343,136.53
24275345,137.50
24275347,140.68
24275349,138.17
24275351,138.01
24275353,134.33
24275355,141.96
24275357,137.92
24275361,123.05
24275363,128.48
24275365,127.81
24275367,126.34
24275369,125.22
24275371,106.79
24275373,123.38
24275375,119.96
24275377,116.63
24275379,125.73
24275381,131.81
24275383,137.66
24275385,69.04
24275387,100.44
24275389,124.84
24275391,79.18
24275397,140.78
24275399,73.07
24275401,76.96
24275403,69.34
24275405,53.77
24275407,115.08
24275409,79.79
24275411,76.21
24275421,76.75
24275429,53.56
24275431,76.20
24275433,109.62
24275435,91.74
24275437,53.62
24275439,49.47
24275441,61.63
24275443,52.87
24275445,63.82
24275449,73.27
24275451,50.85
24275453,88.07
24275455,99.45
24275457,95.49
24275459,50.71
24275461,128.03
24275463,112.99
24275465,113.41
24275467,70.14
24275469,51.51
24275471,139.63
24275473,76.94
24275475,82.66
24275477,43.18
24275479,51.21
24275481,43.34
24275483,73.82
24275489,56.33
24275493,87.79
24275495,68.12
24275497,92.15
24275499,109.95
24275501,112.24
24275503,106.77
24275505,123.41
24275507,128.90
24275509,145.03
24275511,69.53
24275519,81.56
24275521,81.78
24275523,82.15
24275525,116.38
24275527,45.58
24275529,42.22
24275531,42.16
24275533,41.97
24275535,44.90
24275537,43.84
24275539,42.30
24275541,42.11
24275543,42.00
24275545,42.19
24275547,43.69
24275549,81.24
24275551,42.06
24275553,42.37
24275557,38.34
24275559,43.85
24275561,48.55
24275563,48.54
24275565,71.07
24275567,58.53
24275569,75.85
24275573,73.27
24275589,84.27
24275593,81.29
24275595,82.55
24275597,75.01
24275601,82.96
24275607,115.75
24275613,121.65
24275625,90.87
24275627,95.14
24275735,83.42
24275737,81.35
24275741,80.79
24287112,70.70
24287114,81.97
24287116,78.39
24287118,96.08
24287120,102.30
24287122,112.14
24287124,108.87
24287126,114.14
24287128,112.69
24287130,116.48
24287132,117.25
24287134,128.71
24287136,129.67
24287138,146.35
24287140,149.54
24287142,146.95
24287144,140.70
24287146,141.72
24287148,137.79
24287150,134.68
24287170,91.04
24287342,139.72
24287344,98.95
24287346,90.42
24287348,115.89
24287350,119.98
24287352,123.00
24287354,119.81
24287356,121.40
24287358,125.67
24287360,133.87
24287362,133.16
24287364,131.36
24287366,110.39
24287368,103.50
24287370,103.29
24287372,106.83
24287836,91.24
24287838,96.21
24287840,103.50
24287876,106.29
24287880,121.13
24287888,98.79
24287890,140.50
24287898,151.71
24287912,110.14
24287916,123.45
24287918,134.98
24287924,125.46
24287934,130.82
24287948,106.31
24287950,126.83
24287958,106.16
24287962,126.73
24287966,83.92
24287970,125.33
24288202,75.89
24288206,91.05
24288208,90.00
24288238,134.07
24288278,72.57
947110184,40.95
23977616,38.81
23977618,38.84
23977620,38.97
23977630,41.41
23977636,42.71
23977638,42.78
23977640,43.60
23977642,44.06
23977646,44.82
23977654,45.11
23977658,45.52
23977660,46.25
23977668,45.79
23977808,44.54
23977818,45.93
23977826,48.24
23977896,39.30
23977928,44.63
23977934,44.15
23977938,40.83
23977944,44.08
23977952,42.52
23977958,48.80
23978002,45.16
23978022,45.75
23978042,45.86
23978388,42.75
23978392,44.30
23978404,45.94
23978406,44.97
23978408,45.58
23978412,39.62
23978422,39.66
23980419,43.39
23980421,43.07
23980423,43.18
23980425,43.12
23980427,43.02
23980429,42.86
23980431,42.93
23980433,42.69
23980435,42.65
23980437,43.01
23980439,43.81
23980441,43.59
23980443,44.15
23980445,44.70
23980447,45.33
23980449,44.82
23980451,44.96
23980455,46.19
23980457,45.28
23980459,47.80
23980461,46.22
23980463,46.08
23980465,51.41
23980467,51.26
23980469,62.71
23980471,63.50
23980473,63.62
23980475,65.13
23980477,62.88
23980479,63.97
23980481,67.05
23980483,67.54
23980485,69.25
23980489,76.71
23980491,77.51
23980493,79.08
23980495,86.82
23980497,68.79
23980499,69.55
23980501,70.66
23980503,72.38
23980505,77.44
23980507,81.40
23980509,126.73
23980511,102.32
23980515,119.05
23980517,64.32
23980519,63.29
23980521,62.90
23980523,62.91
23980525,62.89
23980527,62.85
23980529,62.15
23980533,62.18
23980535,63.34
23980537,64.51
23980539,65.64
23980541,65.24
23980543,65.35
23980545,69.85
23980547,80.79
23980549,81.31
23980551,136.04
23980565,43.94
23980567,43.45
23980569,43.41
23980571,43.38
23980573,43.35
23980575,43.37
23980577,43.32
23980579,43.88
23980581,44.38
23980583,43.40
23980585,44.65
23980587,50.54
23980589,57.64
23980591,62.32
23980593,63.48
23980595,65.50
23980597,43.82
23980599,44.00
23980601,44.10
23980605,44.18
23980607,44.36
23980609,44.94
23980611,45.07
23980613,45.33
23980615,45.65
23980617,45.76
23980619,46.15
23980621,46.24
23980623,47.05
23980625,46.39
23980627,46.60
23980631,47.88
23980633,47.52
23980635,48.21
23980637,51.55
23980639,61.62
23980641,62.92
23980643,62.95
23980645,63.07
23980647,63.16
23980649,63.14
23980651,63.17
23980653,63.15
23980655,63.42
23980657,63.98
23980659,64.45
23980661,64.84
23980663,65.18
23980665,65.67
23980667,65.88
23980669,66.17
23980671,66.95
23980673,65.98
23980675,66.82
23980679,69.16
23980681,71.12
23980683,72.18
23980685,72.84
23980687,72.41
23980689,72.08
23980691,72.68
23980693,73.27
23980695,73.50
23980697,73.60
23980699,74.12
23980701,74.08
23980703,73.36
23980705,71.93
23980707,71.79
23980709,72.80
23980711,76.21
23980713,76.52
23980715,77.02
23980717,76.39
23980719,88.51
23980721,93.91
23980723,93.45
23980725,92.19
23980727,91.49
23980729,77.29
23980731,78.09
23980733,82.77
23980737,84.41
23980739,85.91
23980741,85.72
23980743,85.69
23980745,86.70
23980747,84.93
23980749,86.91
23980751,93.02
23980753,123.21
23980757,99.13
23980759,105.63
23980761,113.25
23980763,46.00
23980765,47.06
23980767,47.07
23980769,51.30
23980771,61.53
23980773,67.21
23980775,47.14
23980777,49.58
23980779,53.69
23980781,56.35
23980783,60.50
23980785,61.36
23980787,66.72
23980789,70.70
23980791,71.42
23980793,72.48
23980795,78.02
23980797,82.12
23980799,89.79
23980807,48.16
23980809,48.52
23980811,48.88
23980813,48.68
23980815,50.63
23980817,50.92
23980819,50.78
23980821,52.45
23980823,61.50
23980825,61.82
23980827,65.76
23980829,69.78
23980831,71.14
23980833,73.01
23980835,72.17
23980837,72.00
23980839,70.81
23980841,68.93
23980843,66.61
23980845,67.07
23980847,71.21
23980849,75.73
23980851,80.54
23980853,80.82
23980855,82.20
23980857,87.98
23980859,91.93
23980861,93.55
23980863,71.80
23980865,74.90
23980867,74.41
23980869,74.08
23980871,71.54
23980873,69.86
23980875,70.64
23980877,74.48
23980879,75.27
23980881,80.87
23980883,71.53
23980885,72.71
23980887,73.87
23980889,71.16
23980891,68.18
23980893,68.02
23980895,68.33
23980897,68.88
23980899,67.25
23980901,51.58
23980903,50.53
23980905,54.18
23980907,55.91
23980909,59.27
23980911,61.02
23980913,61.12
23980915,61.60
23980917,63.41
23980919,61.72
23980921,62.38
23980923,65.02
23980925,67.12
23980927,68.39
23980929,70.76
23980931,70.30
23980933,70.39
23980935,71.93
23980937,70.39
23980939,69.17
23980941,68.68
23980943,68.68
23980945,67.77
23980947,67.46
23980949,67.51
23980951,68.02
23980953,68.42
23980955,70.95
23980957,69.72
23980959,69.43
23980961,69.47
23980963,70.81
23980965,69.73
23980967,69.49
23980969,73.92
23980971,79.19
23980973,81.46
23980975,80.41
23980977,76.31
23980979,77.09
23980981,80.14
23980983,86.58
23980985,87.40
23980987,100.30
23980989,50.76
23980991,50.85
23980993,50.90
23980995,50.97
23980997,50.94
23980999,51.13
23981001,51.68
23981003,50.50
23981005,50.42
23981007,49.43
23981009,50.34
23981011,49.08
23981013,53.51
23981015,55.55
23981017,58.11
23981021,60.30
23981023,61.33
23981025,64.32
23981027,65.60
23981029,69.77
23981031,71.97
23981033,73.10
23981035,73.29
23981037,75.01
23981039,76.88
23981041,79.64
23981043,52.44
23981045,58.13
23981047,59.88
23981049,60.10
23981055,59.77
23981057,59.37
23981059,58.92
23981061,57.73
23981065,54.99
23981067,54.39
23981077,55.06
23981079,55.21
23981081,54.83
23981083,56.98
23981085,56.27
23981091,57.37
23981093,57.53
23981099,57.91
23981101,57.91
23981105,58.36
23981107,58.36
23981109,58.98
23981111,60.94
23981113,63.36
23981115,65.06
23981121,64.58
23981123,64.45
23981125,65.35
23981127,63.38
23981129,64.86
23981133,64.86
23981135,70.04
23981137,66.65
23981139,73.31
23981141,71.05
23981143,71.77
23981145,74.43
23981149,75.73
23981157,69.74
23981159,73.17
23981161,77.91
23981163,66.37
23981173,60.52
23981175,60.95
23981179,64.82
23981183,64.85
23981185,63.12
23981187,62.51
23981189,62.31
23981191,64.05
23981197,62.79
23981199,64.48
23981201,63.57
23981203,60.85
23981211,60.69
23981213,60.96
23981215,61.65
23981219,62.19
23981223,65.04
23981259,45.02
23981263,45.01
23981265,45.07
23981267,45.12
23981269,45.21
23981271,45.23
23981273,45.23
23981281,45.24
23981283,45.22
23981285,45.27
23981287,45.48
23981291,45.59
23981293,45.68
23981295,46.22
23981299,47.59
23981303,55.50
23981305,58.70
23981307,85.25
23981309,78.43
23981315,85.78
23981317,77.16
23981325,89.67
23981327,73.84
23981333,99.38
23981335,60.22
23981341,72.05
23981347,49.82
23981349,53.75
23981351,55.37
23981353,57.61
23981355,59.45
23981357,61.12
23981365,63.05
23981373,82.17
23981379,64.82
23981381,69.63
23981383,81.92
23981385,84.09
23981389,74.15
23981393,65.40
23981401,86.95
23981405,113.97
23981407,117.69
23981411,70.31
23981415,95.74
23981417,56.62
23981419,58.95
23981423,64.94
23981425,66.60
23981431,65.30
23981433,73.26
23981437,79.14
23981439,77.61
23981441,79.27
23981449,83.89
23981451,83.88
23981455,104.28
23981459,143.00
23981461,59.22
23981465,75.98
23981475,73.56
23981477,82.79
23981481,64.86
23981483,73.87
23981485,89.94
23981497,71.99
23981501,58.31
23981507,60.88
23981511,52.59
23981513,61.25
23981523,60.71
23981525,69.85
23981527,68.35
23981529,70.40
23981531,58.99
23981533,63.04
23981535,70.45
23981537,61.02
23981539,61.26
23981545,71.99
23981547,59.88
23981551,62.48
23981557,64.63
23981559,63.78
23981563,57.14
23981567,73.18
23981571,62.04
23981573,60.79
23981575,69.36
23981577,71.09
23981581,67.74
23981587,72.07
23981589,72.05
23981593,72.33
23981595,74.87
23981597,73.45
23981695,70.67
23981789,69.29
23981817,71.88
23981837,86.89
23981839,84.32
23981841,45.70
23981881,58.49
23981887,73.78
23981909,61.16
23981991,60.02
23982039,47.46
23982057,85.64
23982069,63.19
23982073,88.83
23982095,79.00
23982109,92.74
23982151,100.28
23982227,76.61
23982263,83.91
23962915,50.19
23962917,50.18
23962919,50.17
23962921,50.16
23962923,50.18
23962925,50.24
23962927,51.16
23962929,51.62
23962931,52.21
23962933,52.71
23962935,52.56
23962937,54.30
23962939,55.19
23962941,61.26
23962943,63.61
23962945,60.48
23962947,59.62
23962949,59.60
23962951,64.36
23962953,63.65
23962957,64.66
23962959,67.02
23962961,74.74
23962963,132.31
23962965,64.25
23962967,63.66
23962969,60.97
23962971,64.95
23962973,59.22
23962975,65.25
23962977,65.82
23962979,65.90
23962981,94.11
23962983,69.47
23962985,64.58
23962987,63.92
23962989,63.13
23962991,62.36
23962993,63.23
23962995,62.04
23962997,62.67
23962999,63.75
23963001,66.49
23963003,66.41
23963005,69.76
23963007,72.73
23963669,119.33
23963677,81.49
23963689,62.72
23963695,58.57
23963697,58.78
23963701,76.63
23963763,86.90
23963765,87.71
23963767,86.48
23963787,73.09
23963791,54.70
23963795,61.85
23963837,88.98
23963861,132.97
23963875,59.84
23964059,78.82
23964161,110.13
23964669,50.93
23964771,67.34
23964781,58.93
23964783,72.54
23964785,84.59
23964923,83.65
23980603,44.16
23980629,47.60
23981019,59.39
23981051,60.50
23981053,60.63
23981063,56.30
23981069,54.82
23981071,55.06
23981073,54.38
23981075,54.22
23981087,56.20
23981089,57.00
23981095,58.27
23981097,57.77
23981103,57.82
23981117,69.60
23981119,67.27
23981131,64.88
23981147,74.74
23981153,79.24
23981155,80.37
23981165,51.06
23981167,55.08
23981169,57.06
23981171,58.21
23981177,62.96
23981181,66.12
23981193,63.44
23981195,63.68
23981205,60.86
23981207,60.72
23981209,60.66
23981217,61.90
23981221,63.57
23981261,44.96
23981275,45.25
23981277,45.31
23981279,45.65
23981289,45.57
23981297,46.85
23981301,49.47
23981311,81.57
23981313,81.96
23981319,87.51
23981321,90.90
23981323,74.11
23981329,80.89
23981331,90.64
23981337,65.91
23981339,67.43
23981359,61.71
23981361,61.70
23981363,64.25
23981367,61.55
23981369,61.33
23981371,76.70
23981387,86.31
23981391,62.95
23981395,68.45
23981397,75.48
23981399,77.76
23981403,90.33
23981409,129.29
23981413,75.50
23981421,60.62
23981427,80.40
23981429,55.19
23981435,79.20
23981443,80.43
23981445,81.85
23981447,82.27
23981453,91.10
23981457,104.08
23981463,63.37
23981479,87.09
23981487,94.32
23981489,58.94
23981491,63.20
23981493,69.49
23981495,68.74
23981499,59.18
23981509,55.98
23981515,65.77
23981517,59.49
23981519,54.40
23981521,70.17
23981541,68.87
23981543,62.84
23981549,69.37
23981553,72.54
23981555,70.57
23981565,73.93
23981569,74.82
23981579,74.80
23981583,71.63
23981585,65.04
23981599,67.20
23981601,72.87
23981603,75.87
23981605,75.88
23981607,69.64
23981609,73.81
23981611,74.86
23981613,80.54
23981615,78.74
23981617,76.66
23981619,106.76
23981621,101.92
23981623,83.63
23981625,111.65
23981627,77.44
23981629,100.95
23981631,136.21
23981637,46.19
23981643,45.39
23981649,45.71
23981653,45.97
23981677,101.80
23981679,96.94
23981683,46.54
23981687,53.56
23981691,86.31
23981693,90.04
23981697,91.26
23981699,87.05
23981701,68.88
23981703,80.41
23981705,75.54
23981707,75.31
23981709,68.57
23981713,78.97
23981715,77.09
23981717,73.45
23981719,73.09
23981721,71.33
23981723,49.22
23981725,67.05
23981727,67.61
23981729,67.01
23981731,71.92
23981733,82.97
23981735,86.91
23981737,55.13
23981739,80.83
23981741,71.75
23981743,93.48
23981745,53.13
23981747,53.15
23981749,71.63
23981751,71.64
23981753,78.03
23981757,60.81
23981759,83.92
23981761,61.26
23981763,86.39
23981765,74.31
23981767,65.31
23981769,70.75
23981771,86.39
23981773,70.05
23981775,70.59
23981777,60.46
23981779,72.53
23981781,44.38
23981783,85.25
23981785,64.05
23981787,61.30
23981791,79.43
23981793,64.45
23981795,57.13
23981797,65.13
23981799,62.94
23981801,82.36
23981803,75.59
23981805,75.97
23981807,43.21
23981809,69.00
23981811,83.98
23981813,81.40
23981815,76.49
23981819,54.16
23981821,70.94
23981823,66.31
23981825,61.92
23981827,81.60
23981829,71.37
23981831,85.90
23981833,84.28
23981835,65.52
23981843,74.20
23981845,89.67
23981847,53.56
23981849,74.08
23981851,68.22
23981853,74.53
23981855,51.00
23981857,63.87
23981859,86.34
23981861,82.92
23981865,84.27
23981867,63.28
23981869,58.21
23981871,86.64
23981873,67.99
23981875,63.03
23981877,60.42
23981879,80.82
23981883,61.28
23981885,86.08
23981889,67.88
23981891,88.73
23981893,85.44
23981895,95.44
23981897,50.42
23981899,59.69
23981901,75.88
23981903,44.82
23981905,45.03
23981907,77.87
23981911,59.68
23981913,83.69
23981915,97.17
23981917,79.26
23981919,44.63
23981921,44.68
23981923,79.78
23981925,80.15
23981927,98.83
23981929,92.36
23981931,64.01
23981933,88.72
23981935,93.32
23981937,92.92
23981939,61.96
23981941,60.72
23981943,62.07
23981945,59.57
23981947,74.13
23981949,76.11
23981951,67.69
23981953,82.56
23981955,66.03
23981957,63.94
23981959,58.80
23981961,58.74
23981963,78.61
23981965,57.41
23981969,92.95
23981973,66.75
23981975,44.10
23981977,58.13
23981979,55.04
23981981,81.62
23981983,80.92
23981985,61.56
23981987,59.49
23981989,72.42
23981993,64.02
23981995,52.07
23981997,63.74
23982001,62.81
23982003,65.98
23982005,74.66
23982007,66.03
23982009,73.99
23982011,73.76
23982013,73.56
23982015,58.12
23982017,85.61
23982019,63.23
23982021,85.48
23982023,67.29
23982025,61.33
23982027,84.03
23982029,62.15
23982031,58.13
23982033,60.09
23982035,65.13
23982037,57.12
23982041,59.60
23982043,62.44
23982045,93.24
23982047,77.93
23982049,62.35
23982051,80.23
23982053,63.95
23982055,76.96
23982059,91.99
23982061,55.39
23982063,81.18
23982065,89.15
23982067,91.12
23982071,47.45
23982075,71.32
23982077,86.19
23982079,81.95
23982081,85.93
23982083,86.45
23982085,64.87
23982087,82.44
23982089,64.08
23982091,92.03
23982093,87.62
23982097,71.11
23982099,90.34
23982103,61.02
23982105,47.93
23982107,86.48
23982111,60.05
23982113,87.94
23982115,63.83
23982121,94.94
23982123,94.32
23982125,89.02
23982127,69.49
23982129,93.17
23982131,70.40
23982133,64.37
23982135,92.11
23982137,78.41
23982139,88.71
23982141,86.07
23982143,96.56
23982145,86.95
23982147,101.42
23982149,97.99
23982153,98.82
23982155,61.65
23982157,64.94
23982159,79.55
23982161,117.73
23982163,71.50
23982165,119.55
23982167,88.30
23982169,62.89
23982171,92.48
23982173,102.98
23982175,96.51
23982177,64.91
23982179,82.41
23982181,127.79
23982183,69.06
23982187,74.50
23982189,65.14
23982191,67.57
23982195,77.92
23982197,79.18
23982199,64.97
23982201,74.27
23982203,66.34
23982205,87.16
23982207,94.39
23982209,76.47
23982211,67.59
23982213,75.22
23982215,83.81
23982217,125.62
23982219,68.91
23982221,70.29
23982223,72.49
23982225,69.67
23982229,101.80
23982231,77.77
23982233,85.07
23982235,76.03
23982237,78.20
23982239,86.89
23982241,82.46
23982243,88.99
23982245,89.16
23982247,78.12
23982249,94.83
23982251,79.52
23982253,78.43
23982255,93.37
23982257,75.00
23982259,114.46
23982261,82.88
23982265,97.82
23982267,142.22
23982269,83.74
23982271,85.26
23982273,107.45
23982275,77.04
23982277,78.38
23982279,77.60
23982281,78.09
23982283,78.23
23982285,81.99
23982287,82.86
23982289,85.57
23982291,80.52
23982293,93.59
23982295,90.81
23982297,91.52
23982299,60.29
23982301,62.42
23982303,91.79
23982305,128.90
23982307,45.43
23982309,44.19
23982311,44.19
23982313,44.20
23982315,44.16
23982317,46.16
23982321,60.55
23982331,61.75
23982333,63.66
23982335,63.94
23982337,64.58
23982339,60.57
23982341,93.68
23982343,86.93
23982345,93.84
23982347,60.44
23982349,67.50
23982351,63.27
23982353,43.91
23982357,59.68
23982597,60.70
23982607,66.02
23982609,71.75
23982611,59.85
23982613,63.70
23982615,80.36
23982617,82.57
23982619,82.19
23982621,83.55
23982671,65.97
23982803,62.63
23989495,42.62
23963657,65.35
23963659,71.72
23963661,74.03
23963667,94.00
23963671,142.03
23963675,73.08
23963679,118.91
23963681,144.57
23963683,147.77
23963685,97.79
23963687,126.71
23963691,59.37
23963693,58.71
23963699,63.56
23963703,80.40
23963705,94.16
23963707,96.45
23963709,119.19
23963711,131.04
23963713,139.21
23963715,135.41
23963739,131.08
23963761,82.44
23963769,52.49
23963771,52.10
23963773,52.15
23963775,55.83
23963777,63.82
23963779,68.22
23963781,71.08
23963783,70.87
23963785,69.39
23963789,51.03
23963793,58.06
23963797,61.69
23963799,61.10
23963801,65.64
23963835,93.47
23963839,112.60
23963859,117.93
23963869,52.30
23963871,55.14
23963873,61.74
23963877,50.17
23963879,50.91
23963881,53.99
23963883,55.65
23963905,88.26
23963907,101.72
23963911,104.40
23963913,89.63
23963915,66.34
23963921,77.74
23963923,97.83
23963925,99.56
23963927,86.93
23963929,91.97
23963931,83.78
23963933,106.29
23963937,145.15
23963939,74.26
23963943,72.68
23963945,76.92
23963947,75.06
23963949,67.32
23963953,73.65
23963957,77.06
23963973,74.99
23963979,65.04
23963989,61.55
23964015,70.62
23964019,57.95
23964021,138.06
23964023,70.82
23964025,57.81
23964037,77.58
23964053,78.95
23964055,80.96
23964063,56.62
23964065,53.50
23964071,62.39
23964087,135.72
23964095,66.92
23964103,55.05
23964105,76.51
23964109,72.16
23964111,65.47
23964113,55.94
23964119,56.10
23964121,70.00
23964123,51.53
23964125,56.51
23964127,124.57
23964129,70.85
23964131,50.77
23964133,63.21
23964137,64.01
23964139,74.69
23964141,60.91
23964151,75.90
23964157,55.25
23964163,64.56
23964165,59.09
23964175,84.49
23964183,65.21
23964185,51.19
23964189,59.46
23964195,65.76
23964199,72.53
23964201,67.04
23964215,67.17
23964219,65.67
23964225,69.09
23964241,82.07
23964249,89.31
23964265,71.72
23964667,50.77
23964671,54.59
23964673,63.19
23964675,61.23
23964677,63.68
23964681,61.81
23964685,69.91
23964687,71.04
23964699,135.78
23964773,53.34
23964775,51.64
23964777,54.31
23964897,74.27
23964899,78.61
23964999,80.31
23965001,72.97
23965049,78.70
23970147,49.97
23970149,50.21
23970151,50.22
23970153,50.27
23970155,50.21
23970159,49.95
23970161,50.54
23970163,55.13
23970165,55.48
23970167,58.51
23970169,50.68
23970171,49.06
23970175,49.62
23970177,47.87
23970179,47.99
23970181,52.08
23970183,50.04
23970185,50.25
23970187,49.97
23970189,50.00
23970191,49.94
23970193,50.02
23970195,50.51
23970197,49.75
23970199,48.77
23970201,47.69
23970203,47.22
23970205,47.86
23970207,53.01
23970209,49.73
23970211,56.22
23970213,59.96
23970215,64.76
23970217,69.85
23970219,79.15
23970221,76.99
23970223,77.92
23970225,79.92
23970227,81.09
23970229,81.26
23970231,87.56
23970233,91.59
23970243,62.80
23970245,63.85
23970247,64.70
23970249,64.75
23970251,65.25
23970253,64.42
23970255,64.31
23970257,64.63
23970261,68.12
23970651,64.69
23970653,67.13
23970655,69.33
23970657,70.70
23970659,71.21
23970661,77.80
23970681,74.69
23970687,47.05
23970689,53.27
23970691,63.76
23970693,65.36
23970695,65.62
23970697,67.05
23970699,67.29
23970701,67.98
23970705,69.34
23970707,71.58
23970709,73.07
23970711,73.90
23970713,64.77
23970715,63.39
23970717,62.57
23970719,65.85
23970721,66.97
23970723,71.54
23970725,47.64
23970727,49.59
23970729,51.62
23970731,52.68
23970733,55.13
23970735,54.23
23970737,55.02
23970739,55.30
23970741,60.05
23970743,60.32
23970745,58.38
23970747,58.69
23970749,58.96
23970751,62.84
23970753,67.03
23970755,66.82
23970757,69.15
23970775,67.21
23970809,64.58
23970811,65.03
23970839,56.72
23970841,54.80
23970843,52.61
23970845,56.79
23970847,63.57
23970849,66.32
23970851,70.86
23970853,71.23
23970855,87.57
23970857,79.00
23970859,82.00
23970861,50.31
23970863,50.64
23970865,52.57
23970867,59.24
23970869,60.18
23970871,61.86
23970873,62.14
23970875,63.90
23970877,65.06
23970879,65.07
23970881,67.25
23970903,48.47
23970905,52.70
23970907,48.76
23970909,48.56
23970911,48.78
23970913,49.00
23970915,51.82
23970917,53.22
23970919,51.02
23970921,71.20
23970923,60.93
23970925,72.29
23970927,68.90
23970929,73.12
23970931,49.90
23970933,68.66
23970935,57.99
23970937,52.46
23970939,51.57
23970941,65.25
23970943,71.42
23970945,71.94
23970947,72.67
23970949,71.21
23970951,50.58
23970953,71.78
23970955,68.67
23970957,68.49
23970959,68.71
23970961,49.95
23970963,58.54
23970965,49.10
23970967,49.00
23970969,71.06
23970971,48.44
23970973,58.59
23970975,55.90
23970977,60.04
23970979,63.80
23970981,48.41
23970983,66.21
23970985,66.87
23970987,65.52
23970989,48.14
23970991,66.76
23970993,65.11
23971017,47.88
23971019,61.68
23971021,64.87
23971023,47.76
23971025,59.70
23971029,63.31
23971031,60.47
23971033,64.46
23971053,49.05
23971057,49.15
23971063,48.83
23971067,63.22
23971077,52.18
23971083,49.72
23971085,49.78
23971089,73.21
23971097,48.77
23971099,48.56
23971109,60.51
23971115,49.83
23971121,68.28
23971123,47.59
23971125,57.93
23971129,47.44
23971131,48.72
23971137,71.32
23971165,62.57
23971169,67.05
23971179,64.85
23971197,52.12
23971201,54.71
23971211,65.58
23971219,59.54
23971231,65.20
23971233,70.01
23971235,61.48
23971293,67.19
23971319,70.80
23971357,86.14
23971375,76.41
23971377,76.01
23971379,81.73
23971405,82.64
23971415,83.90
23971447,83.95
23971455,84.48
23971457,87.18
23971461,86.25
23971469,92.50
23971487,90.53
23971489,94.42
23971497,89.70
23971501,89.95
23971657,65.07
23971659,50.97
23971661,51.92
23971663,69.41
23971665,51.52
23971667,71.75
23971671,49.90
23971677,73.66
23971679,70.71
23971681,72.94
23971685,65.44
23971687,62.13
23971689,69.65
23971691,49.39
23971693,48.97
23971701,51.52
23971703,51.35
23971707,50.41
23971711,67.20
23971713,66.44
23971717,65.78
23971719,48.27
23971721,48.13
23971723,66.54
23971725,62.49
23971727,65.54
23971729,47.63
23971731,59.61
23971733,63.86
23971737,56.75
23971741,49.74
23971743,49.76
23971745,49.74
23971747,74.41
23971749,49.64
23971751,52.30
23971755,47.73
23971757,62.25
23971761,52.22
23971763,47.54
23971769,58.92
23971771,47.68
23971775,70.06
23971807,79.40
23971869,73.82
23971957,75.55
23971959,76.28
23971961,50.34
23971965,50.79
23971967,50.28
23971969,50.43
23971971,50.21
23971973,50.15
23971977,62.52
23971979,73.43
23971985,69.37
23971987,63.74
23972001,50.39
24279010,40.53
24279014,43.80
24279058,44.22
24279060,45.42
24279066,46.05
24279068,45.81
24279074,48.20
24279076,48.43
24279080,48.41
24279082,48.81
24279084,49.48
24279086,50.12
24279088,43.97
24279090,43.99
24279094,45.54
24279096,46.08
24279102,51.19
24279106,51.94
24279108,52.44
24279112,55.84
24279116,59.57
24279118,49.74
24279122,53.24
24279124,56.80
24279126,61.08
24279128,74.09
24279130,83.68
24279132,101.68
24279134,119.97
24279136,111.96
24279138,113.36
24279140,128.47
24279142,47.75
24279146,49.73
24279150,45.08
24279152,46.34
24279154,46.80
24279158,51.09
24279160,54.51
24279164,57.15
24279170,41.45
24279172,41.28
24279178,42.65
24279180,42.94
24279234,56.83
24279236,53.60
24279250,55.19
24279256,52.88
24279264,54.05
24279266,52.80
24279272,78.77
24279274,69.67
24279282,69.05
24279286,101.09
24279288,90.32
24279298,99.50
24279312,89.80
24279314,51.25
24279322,49.78
24279324,49.30
24279326,49.37
24279330,57.60
24279354,104.63
24279356,120.02
24279362,110.61
24279366,47.36
24279368,109.96
24279372,129.89
24279374,93.30
24279376,51.38
24279398,138.56
24279400,135.81
24279406,78.13
24279408,133.59
24279414,134.19
24279424,44.79
24279452,44.38
24279498,52.55
24279562,49.96
24279628,62.07
25185479,49.74
947110141,73.40
947110142,46.72
947110147,67.22
947110167,50.18
947110168,50.17
947110169,50.19
947110170,68.43
947110171,66.03
947110176,77.26
947110177,72.72
947110195,47.64
23963013,88.45
23963015,87.62
23963017,114.93
23963019,160.46
23963021,85.59
23963025,88.51
23963027,131.97
23963029,148.21
23963033,84.53
23963035,91.31
23963037,100.63
23963039,112.07
23963043,114.02
23963045,118.55
23963047,120.69
23963051,120.26
23963053,116.19
23963057,114.92
23963059,114.66
23963065,111.81
23963067,111.28
23963069,111.65
23963071,112.27
23963073,113.28
23963077,118.92
23963081,122.59
23963083,124.74
23963089,118.93
23963093,120.93
23963095,115.87
23963101,117.15
23963103,118.48
23963113,134.50
23963115,157.01
23963117,117.81
23963121,116.67
23963125,114.33
23963127,112.49
23963129,111.54
23963131,110.52
23963135,109.46
23963137,113.84
23963141,116.54
23963143,122.43
23963145,130.07
23963147,132.64
23963149,135.41
23963151,135.52
23963153,138.16
23963155,113.11
23963157,111.93
23963159,113.21
23963161,112.00
23963171,123.18
23963209,106.39
23963211,100.38
23963213,98.35
23963215,94.34
23963219,94.76
23963221,90.88
23963223,88.92
23963225,97.75
23963227,103.14
23963229,106.91
23963233,117.28
23963235,121.54
23963257,95.57
23963259,98.12
23963277,104.41
23963287,88.80
23963289,88.50
23963291,87.70
23963443,133.00
23963453,119.75
23963489,120.67
23963657,63.62
23963659,69.65
23963661,71.81
23963667,91.00
23963671,137.39
23963675,70.90
23963679,114.89
23963681,139.80
23963683,144.88
23963685,94.61
23963687,122.21
23963691,57.81
23963693,57.17
23963699,61.75
23963703,77.99
23963705,91.19
23963707,93.37
23963709,115.18
23963711,126.43
23963713,134.35
23963715,130.60
23963739,126.41
23963757,151.63
23963761,79.95
23963769,50.71
23963771,50.36
23963773,50.49
23963775,54.18
23963777,61.91
23963779,66.15
23963781,68.95
23963783,68.74
23963785,67.26
23963789,49.42
23963793,56.29
23963797,59.72
23963799,59.13
23963801,63.54
23963813,125.33
23963835,90.54
23963839,108.94
23963859,113.95
23963869,50.57
23963871,53.36
23963873,59.80
23963877,48.47
23963879,49.17
23963881,52.23
23963883,53.86
23963905,85.49
23963907,98.48
23963911,101.07
23963913,86.84
23963915,64.26
23963921,75.35
23963923,94.75
23963925,96.37
23963927,84.25
23963929,89.10
23963931,81.22
23963933,102.74
23963937,140.12
23963939,72.02
23963943,70.50
23963945,74.64
23963947,72.83
23963949,65.24
23963953,71.46
23963957,74.78
23963973,72.75
23963979,63.08
23963989,59.63
23964015,68.58
23964019,56.13
23964021,133.19
23964023,68.79
23964025,56.04
23964037,75.28
23964053,76.60
23964055,78.51
23964063,54.82
23964065,51.77
23964071,60.70
23964087,131.01
23964095,65.08
23964103,53.29
23964105,74.22
23964109,70.08
23964111,63.73
23964113,54.18
23964119,54.32
23964121,68.05
23964123,49.76
23964125,54.87
23964127,120.35
23964129,68.87
23964131,49.00
23964133,61.34
23964137,62.18
23964139,72.55
23964141,59.29
23964151,73.68
23964157,53.46
23964163,62.67
23964165,57.24
23964175,81.86
23964183,63.26
23964185,49.43
23964189,57.60
23964195,63.82
23964199,70.50
23964201,65.11
23964215,65.26
23964219,63.95
23964225,67.10
23964241,79.49
23964249,86.34
23964265,69.69
23964667,49.00
23964671,52.83
23964673,61.32
23964675,59.36
23964677,61.84
23964681,60.17
23964685,67.97
23964687,69.04
23964699,130.98
23964767,124.85
23964773,51.57
23964775,49.88
23964777,52.56
23964789,148.77
23964791,148.88
23964803,130.64
23964819,88.87
23964825,113.09
23964829,145.61
23964897,72.11
23964899,76.26
23964999,77.85
23965001,70.87
23965049,76.30
23970147,48.37
23970149,48.56
23970151,48.58
23970153,48.66
23970155,48.56
23970159,48.35
23970161,48.91
23970163,53.46
23970165,53.82
23970167,56.81
23970169,49.12
23970171,47.49
23970175,48.03
23970177,46.35
23970179,46.39
23970181,50.52
23970183,48.64
23970185,48.89
23970187,48.62
23970189,48.66
23970191,48.62
23970193,48.70
23970195,49.19
23970197,48.46
23970199,47.49
23970201,46.46
23970203,46.10
23970205,46.71
23970207,51.59
23970209,48.48
23970211,54.70
23970213,58.28
23970215,62.95
23970217,67.89
23970219,76.76
23970221,74.52
23970223,75.41
23970225,77.33
23970227,78.48
23970229,78.64
23970231,84.65
23970233,88.50
23970243,60.99
23970245,62.12
23970247,62.93
23970249,63.00
23970251,63.43
23970253,62.65
23970255,62.54
23970257,62.82
23970261,65.92
23970651,62.89
23970653,65.19
23970655,67.22
23970657,68.55
23970659,68.96
23970661,74.87
23970681,72.18
23970687,45.95
23970689,51.84
23970691,61.91
23970693,63.46
23970695,63.69
23970697,65.05
23970699,65.30
23970701,65.95
23970703,70.54
23970705,67.27
23970707,69.45
23970709,70.91
23970711,71.71
23970713,62.87
23970715,61.56
23970717,60.76
23970719,63.95
23970721,65.03
23970723,69.44
23970725,46.44
23970727,48.34
23970729,50.25
23970731,51.28
23970733,53.59
23970735,52.74
23970737,53.48
23970739,53.76
23970741,58.30
23970743,58.56
23970745,56.68
23970747,56.99
23970749,57.25
23970751,61.05
23970753,65.11
23970755,64.93
23970757,67.15
23970775,65.30
23970809,62.75
23970811,63.21
23970839,55.07
23970841,53.18
23970843,51.05
23970845,55.19
23970847,61.79
23970849,64.47
23970851,68.85
23970853,69.21
23970855,84.63
23970857,76.53
23970859,79.34
23970861,48.90
23970863,49.27
23970865,51.15
23970867,57.55
23970869,58.49
23970871,60.05
23970873,60.36
23970875,62.02
23970877,63.20
23970879,63.26
23970881,65.20
23970903,47.27
23970905,51.40
23970907,47.52
23970909,47.27
23970911,47.35
23970913,47.56
23970915,50.11
23970917,51.51
23970919,49.36
23970921,69.16
23970923,59.11
23970925,70.22
23970927,66.89
23970929,71.03
23970931,48.32
23970933,66.69
23970935,56.29
23970937,50.82
23970939,49.98
23970941,63.37
23970943,69.39
23970945,69.89
23970947,70.60
23970949,69.20
23970951,48.98
23970953,69.73
23970955,66.73
23970957,66.56
23970959,66.77
23970961,48.36
23970963,56.85
23970965,47.70
23970967,47.64
23970969,69.07
23970971,46.90
23970973,56.92
23970975,54.29
23970977,58.33
23970979,62.02
23970981,46.93
23970983,64.38
23970985,64.99
23970987,63.70
23970989,46.63
23970991,64.87
23970993,63.30
23971017,46.45
23971019,59.94
23971021,63.00
23971023,46.23
23971025,58.03
23971029,61.44
23971031,58.76
23971033,62.58
23971053,47.54
23971057,47.64
23971063,47.38
23971067,61.39
23971077,50.73
23971083,48.43
23971085,48.48
23971089,71.06
23971097,47.33
23971099,47.20
23971109,58.76
23971115,48.57
23971121,66.23
23971123,46.36
23971125,56.27
23971129,46.28
23971131,47.50
23971137,69.05
23971165,60.75
23971169,65.08
23971179,62.95
23971197,50.82
23971201,53.41
23971211,63.70
23971219,58.01
23971231,63.34
23971233,67.93
23971235,59.83
23971293,65.28
23971319,68.68
23971357,83.75
23971375,73.97
23971377,73.60
23971379,79.22
23971405,80.10
23971415,81.42
23971447,81.28
23971455,81.75
23971457,84.33
23971461,83.44
23971469,89.52
23971487,87.87
23971489,91.37
23971497,86.82
23971501,86.87
23971657,63.14
23971659,49.32
23971661,50.26
23971663,67.44
23971665,49.88
23971667,69.70
23971671,48.30
23971673,52.71
23971675,53.05
23971677,71.56
23971679,68.68
23971681,70.85
23971685,63.55
23971687,60.31
23971689,67.68
23971691,47.94
23971693,47.66
23971695,70.11
23971697,69.81
23971699,68.82
23971701,49.97
23971703,49.81
23971705,53.22
23971707,48.87
23971709,53.18
23971711,65.31
23971713,64.60
23971717,63.96
23971719,46.80
23971721,46.61
23971723,64.64
23971725,60.74
23971727,63.65
23971729,46.03
23971731,57.95
23971733,62.00
23971737,55.22
23971741,48.30
23971743,48.46
23971745,48.45
23971747,72.13
23971749,48.35
23971751,50.88
23971755,46.47
23971757,60.44
23971761,50.83
23971763,46.33
23971769,57.21
23971771,46.48
23971775,67.91
23971807,76.62
23971869,71.53
23971893,81.20
23971955,58.30
23971957,73.15
23971959,73.85
23971961,48.76
23971963,52.39
23971965,49.38
23971967,48.82
23971969,49.00
23971971,48.57
23971973,48.48
23971977,60.69
23971979,70.92
23971985,67.34
23971987,61.92
23972001,48.80
23977664,49.46
23977666,64.00
23977670,46.55
23977674,79.60
23977676,90.96
23977678,92.33
23977680,94.43
23977682,95.60
23977684,95.95
23977686,95.05
23977688,91.58
23977690,90.10
23977692,88.30
23977694,87.30
23977696,83.44
23977698,81.99
23977700,83.94
23977702,86.84
23977704,86.61
23977706,88.35
23977708,89.72
23977710,88.90
23977712,89.61
23977714,88.30
23977716,88.02
23977718,87.65
23977720,86.97
23977722,86.40
23977724,84.85
23977726,81.53
23977728,80.59
23977730,76.67
23977732,72.85
23977734,70.38
23977736,68.60
23977738,67.73
23977740,58.12
23977742,60.30
23977744,60.41
23977746,60.05
23977748,61.47
23977750,64.67
23977752,62.55
23977754,59.76
23977756,63.00
23977758,61.56
23977760,64.18
23977762,67.43
23977764,67.57
23977766,66.16
23977768,69.67
23977770,70.08
23977772,68.15
23977774,69.16
23977776,71.08
23977778,73.81
23977780,80.31
23977782,79.49
23977784,88.01
23977786,89.31
23977788,92.90
23977790,102.66
23977792,102.66
23977794,96.74
23977796,97.21
23977798,100.27
23977800,100.15
23977802,101.80
23977804,102.94
23977832,93.11
23977834,94.27
23977836,97.41
23977838,99.41
23977840,106.55
23977842,66.12
23977844,78.40
23977846,77.11
23977852,76.19
23977854,63.00
23977856,71.05
23977858,73.21
23977860,66.78
23977862,71.18
23977864,72.92
23977866,74.83
23977868,75.83
23977870,77.21
23977974,105.50
23977978,89.21
23977982,94.70
23977986,79.18
23977992,97.41
23978000,101.88
23978004,96.89
23978006,94.65
23978012,89.76
23978014,103.91
23978016,92.61
23978020,93.50
23978024,103.25
23978026,105.12
23978028,95.27
23978032,95.62
23978038,89.58
23978040,88.65
23978044,95.89
23978054,89.20
23978058,109.13
23978060,106.89
23978062,98.34
23978064,108.70
23978066,106.94
23978068,99.09
23978070,102.83
23978072,104.71
23978076,88.69
23978078,87.45
23978080,93.36
23978086,104.22
23978088,85.71
23978090,93.35
23978092,84.98
23978096,98.48
23978098,102.12
23978100,95.54
23978102,105.91
23978104,89.03
23978106,47.78
23978108,92.22
23978110,91.01
23978112,97.44
23978114,103.38
23978118,102.86
23978120,86.53
23978122,92.10
23978124,95.37
23978126,52.91
23978128,97.19
23978130,101.72
23978132,104.35
23978134,89.04
23978136,100.87
23978138,99.15
23978140,49.66
23978142,94.17
23978144,108.92
23978146,90.92
23978148,66.16
23978152,87.58
23978154,88.77
23978156,99.82
23978158,77.83
23978160,105.68
23978162,84.33
23978164,101.50
23978166,80.01
23978168,92.65
23978170,77.83
23978172,76.51
23978174,81.52
23978176,104.91
23978178,101.21
23978180,90.46
23978182,100.05
23978184,74.65
23978186,73.59
23978188,48.44
23978190,88.32
23978192,90.03
23978194,81.13
23978196,74.43
23978198,70.90
23978200,89.75
23978202,94.72
23978204,76.92
23978206,96.17
23978208,85.04
23978210,84.14
23978212,100.17
23978214,88.58
23978216,100.11
23978218,73.71
23978220,90.64
23978222,91.57
23978224,89.53
23978226,104.66
23978228,90.11
23978230,85.85
23978232,94.09
23978234,84.31
23978236,89.75
23978238,94.59
23978240,82.33
23978242,101.17
23978244,90.60
23978246,92.19
23978248,78.03
23978250,105.32
23978252,105.14
23978254,77.80
23978256,97.20
23978258,71.89
23978260,102.34
23978262,79.27
23978264,95.30
23978266,94.26
23978268,87.73
23978270,78.79
23978272,89.67
23978274,69.59
23978276,84.82
23978278,71.17
23978280,69.53
23978282,71.44
23978284,73.12
23978286,71.54
23978288,70.07
23978290,76.87
23978292,74.83
23978294,68.34
23978296,73.13
23978298,75.81
23978300,82.09
23978302,63.83
23978304,64.16
23978306,62.97
23978308,73.46
23978310,82.32
23978312,68.79
23978314,70.58
23978316,72.06
23978318,72.16
23978320,67.04
23978322,72.17
23978324,75.22
23978326,88.90
23978328,69.39
23978330,80.57
23978332,63.97
23978334,71.09
23978336,72.60
23978338,63.82
23978340,72.31
23978342,70.51
23978344,68.52
23978346,71.39
23978348,73.18
23978350,75.80
23978352,82.90
23978354,82.75
23978356,86.88
23978358,88.28
23978368,84.13
23978370,84.84
23978372,94.66
23978390,46.57
23989169,46.24
23989175,47.36
23989183,51.54
23989187,52.09
23989189,53.45
23989191,53.39
23989193,54.83
23989207,52.78
23989213,51.37
23989421,50.34
23989463,44.27
23989465,43.07
23990403,55.10
23990413,52.85
23990415,52.06
23990437,52.16
23990451,51.36
23990543,48.06
23990577,51.60
23991277,42.34
24279008,40.72
24279010,39.21
24279012,42.87
24279014,42.49
24279016,45.59
24279058,42.88
24279060,44.06
24279062,47.47
24279064,48.12
24279066,44.68
24279068,44.45
24279070,48.98
24279072,49.61
24279074,46.70
24279076,46.93
24279078,50.26
24279080,46.92
24279082,47.27
24279084,47.90
24279086,48.48
24279088,42.60
24279090,42.62
24279092,46.15
24279094,43.99
24279096,44.47
24279098,48.97
24279100,49.45
24279102,49.33
24279104,52.57
24279106,50.08
24279108,50.58
24279110,56.36
24279112,53.95
24279114,58.43
24279116,57.64
24279118,47.94
24279120,51.89
24279122,51.37
24279124,54.90
24279126,59.06
24279128,71.77
24279130,81.08
24279132,98.48
24279134,116.05
24279136,108.23
24279138,109.46
24279140,123.99
24279142,45.97
24279146,48.05
24279150,43.73
24279152,44.89
24279154,45.25
24279156,52.12
24279158,49.31
24279160,52.64
24279162,58.27
24279164,55.24
24279166,43.06
24279168,43.06
24279170,40.15
24279172,39.97
24279174,43.13
24279176,44.25
24279178,41.38
24279180,41.62
24279234,54.79
24279236,51.75
24279248,56.19
24279250,53.29
24279256,51.11
24279258,55.42
24279264,52.23
24279266,51.02
24279272,76.26
24279274,67.42
24279282,66.82
24279286,97.93
24279288,87.51
24279294,93.07
24279298,96.41
24279304,63.88
24279310,102.48
24279312,87.01
24279314,49.48
24279322,48.03
24279324,47.53
24279326,47.60
24279330,55.60
24279352,112.97
24279354,101.35
24279356,116.15
24279360,116.19
24279362,107.12
24279364,48.38
24279366,45.67
24279368,106.49
24279372,125.59
24279374,90.41
24279376,49.56
24279390,148.55
24279392,50.68
24279398,133.72
24279400,131.06
24279406,75.68
24279408,129.00
24279410,142.82
24279412,125.95
24279414,129.58
24279420,54.33
24279422,48.41
24279424,43.16
24279426,120.99
24279428,59.73
24279430,46.29
24279440,56.41
24279448,110.17
24279450,45.77
24279452,42.78
24279454,55.94
24279456,57.27
24279458,47.98
24279464,58.83
24279466,59.53
24279470,55.21
24279474,47.06
24279476,52.14
24279478,46.08
24279480,46.60
24279482,45.61
24279484,53.09
24279486,53.60
24279492,54.47
24279494,54.62
24279496,56.38
24279498,50.72
24279500,45.68
24279502,47.31
24279504,53.02
24279506,47.36
24279512,52.88
24279514,48.72
24279516,44.22
24279520,55.03
24279522,51.42
24279528,56.37
24279530,59.83
24279532,51.95
24279534,49.16
24279536,51.38
24279538,50.81
24279540,50.79
24279542,51.32
24279544,52.93
24279546,54.21
24279548,51.39
24279550,50.47
24279552,51.36
24279554,53.22
24279556,50.31
24279558,52.05
24279560,52.02
24279562,48.27
24279564,52.21
24279568,50.82
24279570,51.57
24279572,49.27
24279574,49.05
24279628,60.01
24279656,43.17
24279658,49.85
24279668,47.09
24279670,47.96
24279676,52.10
24279910,49.92
24279936,43.12
24285834,86.48
24285840,83.47
24287224,59.61
24287226,61.84
24287228,62.13
24287230,65.60
24287232,62.82
24287234,65.30
24287236,65.39
24287238,65.79
24288042,64.42
24288098,59.77
24288224,65.73
24288236,66.06
24288286,61.32
24288288,61.36
24538552,83.00
24538556,83.29
24538560,71.04
24538564,84.34
25185479,48.45
947110134,52.24
947110135,52.27
947110140,76.49
947110141,71.00
947110142,45.00
947110143,49.59
947110147,65.15
947110148,69.35
947110152,70.09
947110153,70.08
947110154,76.89
947110166,52.26
947110167,48.53
947110168,48.58
947110169,48.52
947110170,66.21
947110171,64.07
947110176,74.61
947110177,70.36
947110180,53.09
947110181,78.97
947110194,50.82
947110195,45.89
947110196,47.75
947110197,47.71
23963011,86.74
23963031,83.73
23963041,110.75
23963049,118.60
23963055,113.02
23963061,110.79
23963063,111.94
23963075,114.21
23963085,139.17
23963087,149.87
23963091,121.05
23963097,114.77
23963099,114.53
23963105,117.90
23963109,114.08
23963111,125.25
23963119,117.89
23963123,114.66
23963133,110.13
23963139,113.65
23963163,114.66
23963165,118.13
23963167,119.77
23963169,119.69
23963217,91.11
23963231,107.33
23963255,92.99
23963261,94.52
23963263,110.29
23963293,89.62
23963295,88.61
23963297,88.22
23963299,90.91
23963301,100.94
23963303,101.56
23963305,99.25
23963315,89.03
23963317,89.28
23963319,89.84
23963321,96.02
23963331,90.00
23963333,90.45
23963343,104.78
23963345,101.65
23963347,105.22
23963349,100.10
23963351,105.02
23963353,109.93
23963355,108.20
23963357,106.07
23963359,108.66
23963361,102.86
23963363,104.52
23963365,102.32
23963367,97.93
23963369,95.68
23963435,119.10
23963437,136.56
23963439,111.55
23963441,128.62
23963445,131.77
23963447,125.27
23963449,113.88
23963451,113.96
23963455,118.90
23963457,118.10
23963459,117.95
23963461,118.54
23963463,117.11
23963465,118.03
23963467,118.40
23963469,117.03
23963471,117.15
23963473,118.13
23963475,117.98
23963477,118.36
23963479,118.47
23963481,118.60
23963483,119.23
23963485,118.91
23963487,118.81
23963491,119.29
23963493,118.90
23963495,119.18
23963497,120.87
23963499,122.41
23963501,120.93
23963505,122.05
23963507,122.70
23963509,124.76
23963511,123.22
23963515,123.41
23963517,123.64
23963521,124.42
23963523,124.76
23963525,129.02
23963527,126.91
23963529,128.87
23963531,131.55
23963665,83.32
23963673,146.66
23963717,141.70
23963719,138.26
23963721,140.13
23963723,139.81
23963725,139.57
23963727,140.15
23963729,145.50
23963731,148.33
23963733,145.36
23963735,145.07
23963737,144.59
23963741,133.24
23963743,140.25
23963745,149.66
23963747,142.12
23963749,144.45
23963751,139.36
23963753,138.06
23963755,144.24
23963759,145.84
23963807,91.85
23963809,111.77
23963811,107.36
23963819,97.62
23963821,98.94
23963831,122.53
23963833,108.26
23963841,89.48
23963843,92.03
23963845,90.75
23963847,89.29
23963849,88.73
23963863,127.41
23963865,113.31
23963867,123.73
23963901,141.51
23963903,145.65
23963909,140.61
23963935,147.00
23963941,151.27
23963951,133.55
23963955,146.67
23963959,135.02
23963961,142.51
23963963,133.20
23963965,140.22
23963967,143.09
23963969,145.71
23963977,143.96
23963981,144.35
23964003,148.85
23964035,78.90
23964061,148.71
23964077,152.61
23964145,145.50
23964159,139.28
23964205,109.12
23964207,127.66
23964213,105.50
23964221,119.21
23964237,121.54
23964243,129.08
23964253,106.25
23964271,127.66
23964273,139.04
23964303,126.33
23964305,110.71
23964309,120.26
23964315,115.36
23964327,113.50
23964345,132.15
23964349,118.06
23964355,122.48
23964357,131.57
23964359,125.31
23964363,118.73
23964365,142.11
23964371,106.54
23964379,127.80
23964381,119.57
23964383,145.88
23964385,120.20
23964387,120.74
23964389,115.70
23964393,123.00
23964395,119.02
23964399,98.63
23964401,99.12
23964405,123.85
23964407,125.55
23964409,96.99
23964413,128.44
23964415,92.61
23964417,114.14
23964421,138.02
23964423,119.93
23964425,88.79
23964429,89.56
23964433,114.86
23964437,94.67
23964441,130.95
23964443,93.71
23964445,89.21
23964447,93.20
23964455,113.26
23964457,91.49
23964459,144.56
23964461,110.36
23964465,98.09
23964469,127.18
23964471,118.77
23964473,90.11
23964475,94.57
23964477,100.48
23964479,90.20
23964483,119.95
23964485,122.46
23964487,119.34
23964489,110.80
23964493,109.28
23964495,99.71
23964497,143.51
23964499,140.49
23964501,135.34
23964503,113.45
23964505,133.31
23964509,116.04
23964511,104.71
23964513,143.65
23964515,96.45
23964517,121.01
23964519,116.42
23964521,101.09
23964523,130.40
23964525,139.62
23964527,110.98
23964529,95.45
23964531,112.45
23964533,101.14
23964535,123.31
23964541,132.47
23964543,128.17
23964545,96.87
23964549,120.29
23964551,129.05
23964559,122.64
23964561,119.69
23964569,124.05
23964589,104.72
23964691,129.41
23964695,117.69
23964697,115.18
23964701,136.69
23964761,98.17
23964769,145.70
23964793,146.01
23964797,133.69
23964799,139.07
23964801,132.24
23964811,121.79
23964817,121.92
23964827,128.88
23964833,115.70
23964839,120.79
23964841,101.35
23964845,106.69
23964847,105.09
23964849,108.59
23965045,112.99
23965047,112.58
23970235,91.81
23970237,95.24
23970239,92.11
23970241,88.86
23970265,70.02
23970267,71.05
23970269,68.17
23970271,75.57
23970273,79.16
23970275,79.70
23970277,79.14
23970279,75.50
23970281,77.89
23970283,74.50
23970285,77.66
23970287,75.42
23970289,75.06
23970291,75.79
23970293,89.81
23970295,94.91
23970297,108.48
23970299,108.71
23970301,109.93
23970303,110.29
23970305,110.08
23970307,109.40
23970309,110.31
23970311,111.73
23970313,103.52
23970315,107.86
23970317,115.80
23970321,120.47
23970323,117.14
23970329,117.76
23970331,111.14
23970333,114.39
23970335,111.44
23970337,126.53
23970339,72.05
23970341,72.56
23970343,72.71
23970345,73.11
23970347,74.42
23970349,74.12
23970351,85.39
23970353,84.08
23970355,88.14
23970359,103.36
23970361,101.81
23970363,102.09
23970365,99.03
23970367,97.71
23970369,124.69
23970371,135.03
23970373,128.27
23970375,131.09
23970377,90.64
23970379,98.08
23970381,106.30
23970383,112.65
23970385,114.65
23970389,125.44
23970391,126.48
23970393,134.56
23970395,134.58
23970397,133.17
23970399,140.64
23970401,144.25
23970403,143.93
23970405,110.65
23970407,105.61
23970409,103.62
23970411,97.11
23970413,98.46
23970415,104.61
23970417,113.77
23970419,122.49
23970421,130.39
23970423,138.79
23970425,141.20
23970427,141.47
23970433,141.72
23970435,140.61
23970437,122.52
23970439,118.24
23970441,118.16
23970443,119.06
23970445,118.86
23970447,127.38
23970449,138.43
23970451,119.72
23970455,120.09
23970457,120.68
23970459,117.03
23970461,116.59
23970463,118.04
23970465,118.90
23970467,121.02
23970469,119.50
23970471,123.53
23970473,131.79
23970475,131.85
23970477,134.00
23970479,136.52
23970481,116.11
23970483,136.14
23970485,139.45
23970487,139.97
23970489,139.38
23970491,129.47
23970493,126.79
23970495,121.85
23970497,121.82
23970499,122.64
23970501,125.24
23970503,129.95
23970505,135.29
23970507,136.62
23970509,136.47
23970511,104.91
23970513,122.86
23970589,154.46
23970593,153.71
23970603,147.94
23970607,148.41
23970629,141.49
23970631,135.56
23970639,146.40
23970643,94.88
23970647,93.60
23970663,83.52
23970667,83.20
23970671,81.43
23970675,81.90
23970679,82.59
23970787,111.76
23970817,67.09
23970821,65.19
23970825,68.10
23970829,70.43
23970833,71.34
23970837,70.56
23970885,79.70
23970895,74.74
23970899,72.26
23970999,122.43
23971009,113.24
23971041,126.64
23971113,149.25
23971753,119.19
23971765,152.00
23971767,149.25
23971777,146.31
23971779,146.31
23971781,152.22
23971783,74.46
23971785,74.01
23971789,79.83
23971797,74.40
23971799,83.16
23971803,81.47
23971811,75.50
23971817,126.63
23971819,127.54
23971823,135.62
23971825,140.18
23971829,145.49
23971837,146.40
23971843,129.12
23971845,117.41
23971847,128.98
23971849,150.61
23971851,125.70
23971853,125.50
23971855,67.40
23971857,121.34
23971861,126.43
23971863,128.36
23971865,68.92
23971867,134.66
23971871,68.27
23971873,131.39
23971875,128.31
23971877,125.27
23971879,125.27
23971881,139.85
23971887,122.37
23971889,127.60
23971891,75.75
23971895,126.61
23971897,139.97
23971899,134.39
23971901,137.34
23971905,143.24
23971911,141.36
23971913,139.11
23971915,140.88
23971917,137.17
23971919,146.53
23971921,150.25
23971923,144.86
23971925,136.66
23971927,142.14
23971929,133.60
23971931,125.20
23971933,130.95
23971935,131.98
23971937,122.72
23971939,127.68
23971941,129.92
23971943,124.49
23971945,126.27
23971947,129.76
23971949,127.24
23971951,121.44
23971953,126.20
23971975,74.73
23971981,91.94
23971983,74.29
23971991,132.82
23971993,137.11
23971995,112.70
23971997,125.51
23972003,94.93
23972005,127.99
947110172,68.43
947110173,68.49
947110174,91.74
947110175,92.06
23963173,123.16
23963175,123.62
23963177,124.20
23963187,128.32
23963189,133.01
23963191,137.21
23963193,140.80
23963195,139.05
23963197,126.74
23963199,130.37
23963201,131.63
23963203,134.50
23963205,136.04
23963207,139.41
23963237,115.83
23963239,121.97
23963241,129.03
23963249,133.05
23963251,133.98
23963253,135.52
23963265,116.84
23963267,118.77
23963269,122.04
23963271,124.68
23963273,120.30
23963275,127.34
23963279,109.72
23963281,108.73
23963283,105.42
23963285,101.86
23963307,98.54
23963323,106.93
23963325,112.13
23963327,106.22
23963329,105.85
23963335,89.23
23963337,88.50
23963375,93.93
23963383,92.24
23963385,92.09
23963387,91.49
23963395,90.01
23963397,89.84
23963403,89.34
23963407,89.81
23963411,89.87
23963413,89.84
23963415,101.74
23963417,100.59
23963539,127.43
23963559,123.38
23963565,125.41
23963569,127.58
23963571,128.46
23963575,127.35
23963577,123.22
23963583,117.70
23963587,108.20
23963593,97.04
23963601,115.99
23963611,101.95
23963617,108.31
23963641,127.04
23963643,127.71
23963649,134.46
23963651,130.80
23963653,139.52
23963655,145.99
23963823,94.84
23963851,88.78
23963853,92.65
23963855,92.25
23963999,138.34
23964375,94.46
23964627,128.84
23964705,136.01
23964707,130.04
23964709,125.95
23964715,124.97
23964717,122.78
23964719,136.69
23964721,139.34
23964723,135.17
23964725,129.53
23964733,124.40
23964735,127.11
23964737,122.27
23964739,100.91
23964741,101.38
23964743,100.34
23964745,99.89
23964747,104.61
23964755,100.50
23964757,101.53
23964759,98.39
23964763,103.40
23964765,101.07
23964795,143.77
23964813,89.93
23964815,134.69
23964821,101.29
23964823,102.31
23964831,99.11
23970319,115.64
23970325,120.17
23970327,118.76
23970429,142.63
23970431,143.02
23970453,123.87
23970515,123.37
23970517,122.41
23970519,123.89
23970521,121.89
23970523,122.82
23970525,122.33
23970527,123.34
23970529,126.66
23970531,127.65
23970533,126.59
23970535,128.52
23970537,139.87
23970539,151.28
23970541,146.21
23970543,73.10
23970545,74.34
23970547,74.79
23970549,89.13
23970551,106.06
23970553,118.45
23970555,115.28
23970557,108.95
23970559,122.35
23970561,133.79
23970563,143.27
23970565,95.93
23970567,105.72
23970569,114.82
23970571,121.11
23970573,144.30
23970575,95.25
23970577,94.65
23970579,108.34
23970581,116.02
23970583,127.68
23970585,123.48
23970587,151.49
23970591,153.31
23970595,127.85
23970597,130.92
23970599,135.33
23970601,143.32
23970605,148.31
23970609,148.99
23970611,151.22
23970613,144.76
23970615,122.25
23970617,121.83
23970619,121.22
23970621,144.30
23970623,147.43
23970625,148.59
23970627,146.73
23970633,136.76
23970635,152.77
23970637,152.37
23970641,104.44
23970645,90.36
23970649,97.84
23970665,81.56
23970669,81.63
23970673,77.10
23970677,82.73
23970683,79.56
23970685,77.43
23970759,75.40
23970761,90.35
23970763,104.65
23970765,111.40
23970767,123.69
23970769,130.95
23970771,131.56
23970773,153.00
23970777,70.96
23970779,75.55
23970781,84.08
23970783,98.75
23970785,110.18
23970789,110.99
23970791,110.80
23970793,110.72
23970795,110.60
23970797,117.72
23970799,126.14
23970801,136.82
23970803,147.79
23970805,153.82
23970807,151.92
23970813,64.65
23970815,65.06
23970819,64.86
23970823,66.47
23970827,69.11
23970831,72.11
23970835,70.40
23970883,73.80
23970887,67.29
23970889,68.62
23970891,77.51
23970893,74.84
23970897,72.41
23970995,128.23
23970997,130.25
23971001,139.98
23971003,112.72
23971005,111.39
23971007,94.94
23971011,119.50
23971013,149.73
23971015,122.78
23971027,110.60
23971035,112.55
23971037,93.97
23971039,94.01
23971043,145.18
23971045,121.39
23971047,139.06
23971049,102.96
23971051,108.41
23971055,86.00
23971059,83.30
23971061,81.92
23971065,91.25
23971069,82.59
23971071,74.17
23971073,73.82
23971075,74.21
23971079,74.86
23971081,131.08
23971087,137.91
23971091,126.87
23971093,130.66
23971095,84.30
23971101,76.71
23971103,117.68
23971105,118.44
23971107,120.50
23971111,118.62
23971117,153.84
23971119,151.39
23971133,139.50
23971135,149.61
23971139,143.97
23971141,114.23
23971143,134.14
23971145,149.64
23971147,148.86
23971149,74.89
23971151,147.88
23971153,74.36
23971155,150.14
23971157,140.90
23971159,145.29
23971161,150.68
23971167,79.85
23971171,74.17
23971175,141.81
23971177,144.65
23971181,77.76
23971185,74.91
23971187,138.22
23971189,77.38
23971191,120.67
23971195,142.84
23971199,149.24
23971205,129.24
23971207,160.31
23971209,157.60
23971213,126.38
23971215,126.92
23971221,138.70
23971223,127.04
23971225,126.58
23971227,128.58
23971229,123.22
23971237,135.45
23971239,124.19
23971241,121.54
23971245,127.20
23971247,147.12
23971249,67.04
23971251,87.96
23971253,85.61
23971255,147.01
23971257,122.23
23971259,140.80
23971261,128.06
23971263,148.29
23971265,113.38
23971267,128.33
23971269,114.16
23971271,149.05
23971273,124.83
23971275,125.83
23971277,118.82
23971279,125.26
23971281,128.74
23971283,75.65
23971285,76.07
23971287,125.54
23971289,129.48
23971291,67.14
23971295,113.03
23971297,113.83
23971299,130.13
23971301,128.93
23971303,120.09
23971305,126.04
23971309,128.91
23971311,68.68
23971313,68.33
23971315,112.46
23971317,136.19
23971321,132.62
23971323,106.48
23971325,73.05
23971327,70.49
23971329,68.81
23971331,120.96
23971333,75.23
23971335,69.29
23971337,127.36
23971339,135.73
23971341,125.30
23971343,130.11
23971345,119.64
23971347,128.80
23971349,114.52
23971351,98.34
23971355,116.68
23971359,126.92
23971361,134.33
23971363,133.49
23971365,128.46
23971367,129.23
23971369,116.86
23971371,76.34
23971373,75.84
23971383,127.93
23971385,108.58
23971387,112.84
23971389,124.13
23971391,120.59
23971393,140.51
23971395,136.75
23971397,136.00
23971399,141.73
23971401,134.67
23971403,125.67
23971407,120.61
23971409,112.21
23971411,129.37
23971413,134.22
23971417,120.53
23971419,107.13
23971423,109.80
23971425,138.27
23971427,128.00
23971429,140.12
23971431,67.11
23971433,80.55
23971435,105.61
23971437,142.02
23971439,76.50
23971441,124.81
23971443,117.90
23971445,78.01
23971449,104.23
23971451,130.63
23971453,106.78
23971459,128.53
23971465,89.33
23971467,109.54
23971471,143.56
23971473,95.75
23971475,85.82
23971477,116.42
23971479,116.68
23971481,117.14
23971483,106.76
23971485,88.55
23971491,137.06
23971493,124.82
23971495,132.61
23971499,90.22
23971503,138.04
23971505,124.59
23971507,117.03
23971509,87.34
23971511,90.68
23971513,116.64
23971515,107.82
23971517,90.48
23971519,118.54
23971521,128.47
23971523,105.08
23971525,91.67
23971527,122.26
23971529,89.72
23971531,70.35
23971533,90.07
23971535,141.71
23971537,144.46
23971539,128.57
23971541,76.64
23971543,133.42
23971545,75.29
23971547,103.62
23971549,145.59
23971551,122.71
23971553,141.63
23971555,149.05
23971557,125.10
23971559,96.53
23971561,125.70
23971563,133.80
23971565,87.13
23971567,86.74
23971569,106.92
23971571,116.44
23971575,122.24
23971577,137.89
23971579,139.39
23971581,133.27
23971583,101.89
23971585,125.98
23971587,133.32
23971589,134.76
23971591,129.51
23971593,108.91
23971595,120.74
23971597,121.00
23971599,119.26
23971601,120.17
23971603,106.32
23971605,107.93
23971607,126.66
23971609,114.24
23971611,123.77
23971613,118.03
23971615,127.87
23971617,105.13
23971619,115.03
23971621,129.48
23971623,126.09
23971625,107.15
23971627,104.59
23971629,105.74
23971631,105.43
23971633,126.96
23971635,124.17
23971637,105.96
23971639,111.88
23971641,107.11
23971643,109.94
23971645,112.04
23971647,107.98
23971649,117.04
23971651,108.15
23971653,116.06
23971655,110.27
23971739,126.45
23971795,140.41
23971813,130.73
23971815,133.02
23971821,65.53
23971827,66.50
23971831,66.58
23971833,66.92
23971835,127.95
23971839,66.78
23971841,128.55
23971883,130.26
23971885,129.60
23971903,137.34
23971907,117.94
23971909,143.54
23971999,130.21
24538472,91.75
24538686,88.81
947110139,74.59
947110146,102.84
947110155,84.29
947110157,84.70
947110158,85.29
947110159,89.79
947110160,86.14
947110161,80.60
947110162,77.09
947110178,92.76
947110179,76.04
23963179,124.63
23963181,124.36
23963183,124.31
23963185,124.58
23963243,130.43
23963245,130.47
23963247,130.55
23963309,96.56
23963311,95.48
23963313,90.94
23963339,88.56
23963341,88.58
23963371,99.82
23963373,94.11
23963377,93.64
23963379,93.43
23963381,92.31
23963389,90.43
23963391,90.27
23963393,90.12
23963399,89.10
23963401,89.28
23963405,89.43
23963409,89.83
23963419,98.78
23963421,95.72
23963423,106.37
23963425,100.77
23963427,101.65
23963429,104.58
23963431,107.96
23963433,109.77
23963533,126.57
23963535,126.90
23963537,127.18
23963541,134.18
23963543,131.54
23963545,132.20
23963547,131.69
23963549,132.35
23963551,132.86
23963553,135.07
23963555,124.23
23963557,120.82
23963561,124.23
23963563,124.41
23963567,126.39
23963573,128.07
23963579,121.64
23963581,119.48
23963585,110.77
23963589,102.55
23963591,99.52
23963595,101.71
23963597,100.89
23963599,113.17
23963603,110.97
23963605,109.44
23963607,104.59
23963609,102.55
23963613,106.67
23963615,106.79
23963619,108.27
23963621,107.88
23963623,108.49
23963625,106.80
23963627,104.76
23963629,114.56
23963631,119.93
23963633,117.70
23963635,116.40
23963637,127.54
23963639,128.14
23963645,127.23
23963647,128.59
23963803,125.94
23963805,125.05
23963815,97.99
23963817,92.82
23963825,94.19
23963827,92.58
23963857,93.59
23963885,120.12
23963887,129.57
23963889,132.36
23963891,134.34
23963893,136.85
23963895,138.88
23963897,140.42
23963899,145.39
23963971,123.82
23963975,145.93
23963983,116.36
23963985,144.94
23963987,104.45
23963991,110.70
23963993,106.78
23963995,114.84
23963997,139.40
23964001,136.72
23964005,137.43
23964007,112.63
23964009,150.15
23964011,139.02
23964013,112.96
23964017,135.46
23964027,110.58
23964029,132.79
23964031,138.72
23964033,135.39
23964039,128.51
23964041,104.24
23964043,105.11
23964045,121.69
23964047,131.04
23964049,109.12
23964051,130.38
23964057,130.76
23964067,129.18
23964069,117.99
23964073,102.60
23964075,123.35
23964079,144.69
23964081,121.17
23964083,133.97
23964085,126.44
23964089,104.00
23964091,98.85
23964093,103.94
23964097,117.26
23964099,104.47
23964101,126.74
23964107,123.29
23964115,121.57
23964117,120.17
23964135,96.19
23964143,128.44
23964147,95.90
23964153,129.55
23964167,96.42
23964169,99.55
23964171,138.47
23964173,94.69
23964177,126.01
23964179,101.25
23964181,138.54
23964187,129.67
23964191,127.72
23964193,129.92
23964197,95.24
23964203,93.65
23964209,130.77
23964211,130.04
23964217,109.94
23964223,131.23
23964227,135.26
23964229,94.29
23964231,120.42
23964233,94.64
23964235,132.09
23964245,135.20
23964247,133.46
23964251,116.45
23964255,133.66
23964257,94.38
23964259,133.07
23964261,132.66
23964263,114.48
23964267,90.45
23964269,89.99
23964275,90.11
23964277,92.19
23964279,134.77
23964281,92.85
23964283,89.83
23964285,89.75
23964287,110.79
23964289,132.81
23964291,130.26
23964293,127.55
23964295,93.65
23964297,90.24
23964299,89.87
23964301,89.80
23964307,92.56
23964311,136.11
23964313,89.52
23964317,90.48
23964319,123.54
23964321,89.25
23964323,92.20
23964325,94.17
23964329,89.51
23964331,91.95
23964333,93.60
23964335,92.32
23964337,88.91
23964339,89.16
23964341,90.32
23964347,89.11
23964351,89.11
23964353,89.08
23964367,89.33
23964369,94.24
23964373,90.33
23964377,95.56
23964391,97.41
23964397,90.01
23964411,88.54
23964419,88.55
23964427,88.57
23964431,88.75
23964435,88.70
23964439,89.20
23964449,90.89
23964451,88.35
23964453,90.19
23964463,89.72
23964467,92.89
23964481,102.64
23964491,106.29
23964507,102.89
23964537,100.60
23964539,101.59
23964547,103.02
23964553,99.26
23964555,102.56
23964557,126.57
23964563,101.84
23964565,100.30
23964567,103.43
23964571,98.18
23964573,121.54
23964575,96.52
23964577,95.46
23964579,120.97
23964581,94.29
23964583,105.01
23964585,122.93
23964587,124.84
23964591,124.70
23964593,97.09
23964595,125.86
23964597,100.58
23964599,127.44
23964601,132.19
23964603,103.60
23964605,100.51
23964607,126.44
23964609,125.93
23964611,119.45
23964613,94.38
23964615,125.06
23964617,120.03
23964619,133.11
23964621,90.08
23964623,130.35
23964625,126.12
23964629,118.19
23964631,130.16
23964633,121.96
23964635,132.74
23964637,135.18
23964639,125.82
23964641,108.19
23964643,130.79
23964645,104.19
23964647,132.58
23964649,117.92
23964651,130.08
23964653,130.61
23964655,128.65
23964657,130.03
23964659,138.25
23964661,133.60
23964663,132.00
23964665,135.96
23964703,124.52
23964711,130.96
23964713,129.74
23964727,130.01
23964729,130.60
23964731,130.63
23964749,104.09
23964751,103.79
23964753,103.56
23964895,122.43
23965055,124.65
23965057,124.92
23965059,125.08
23971353,118.69
24281964,43.61
24281966,43.93
24281968,44.14
24281970,43.69
24281972,43.71
24281974,43.48
24281976,43.12
24281978,42.59
24281980,42.48
24281982,42.20
24281984,42.16
24281986,41.22
24281988,41.51
24281990,41.97
24281992,40.47
24281994,40.40
24281996,40.40
24281998,40.38
24282000,40.48
24282002,40.30
24282004,40.16
24282006,40.12
24282008,40.09
24282010,40.82
24282012,39.90
24282014,39.76
24282016,39.65
24282018,39.39
24282020,39.40
24282022,39.39
24282024,39.14
24282026,38.58
24282028,38.64
24282030,38.88
24282032,40.31
24282034,40.61
24282036,44.75
24282038,45.38
24282040,47.43
24282050,69.58
24282052,74.97
24282054,79.49
24282056,86.75
24282058,91.07
24282060,93.02
24282062,95.06
24282068,72.08
24282070,70.59
24282072,71.70
24282074,71.09
24282076,72.76
24282078,75.13
24282080,78.32
24282082,83.29
24282084,83.35
24282086,82.03
24282088,83.97
24282090,83.25
24282092,82.34
24282096,79.69
24282098,81.03
24282100,81.75
24282102,82.51
24282104,82.73
24282106,82.20
24282108,81.26
24282110,78.99
24282112,71.17
24282114,71.17
24282116,70.57
24282118,70.95
24282120,71.64
24282122,69.89
24282124,69.31
24282126,70.33
24282128,69.06
24282130,72.82
24282132,71.94
24282134,74.20
24282136,74.36
24282138,74.49
24282140,74.97
24282142,77.08
24282144,78.29
24282146,80.63
24282148,87.83
24282150,70.01
24282152,71.43
24282154,74.66
24282156,78.79
24282158,79.04
24282160,69.03
24282162,69.13
24282164,69.68
24282166,69.32
24282168,72.48
24282170,71.11
24282172,70.39
24282174,71.16
24282176,72.89
24282178,73.32
24282180,75.36
24282182,74.87
24282184,75.83
24282186,76.25
24282188,76.28
24282192,76.53
24282194,76.70
24282196,77.28
24282198,77.27
24282200,77.24
24282202,77.07
24282204,81.75
24282206,90.34
24282208,77.45
24282210,77.83
24282212,78.24
24282214,83.71
24282216,93.78
24282218,82.76
24282220,93.23
24282222,94.18
24282224,100.26
24282226,109.84
24282228,115.20
24282230,121.10
24282232,123.35
24282236,125.44
24282248,78.32
24282250,79.39
24282258,114.78
24282262,72.20
24282280,58.58
24282282,65.60
24282286,69.92
24282288,69.31
24282290,37.92
24282298,37.58
24282320,43.85
24282324,52.61
24282338,42.15
24282344,42.28
24282354,51.68
24282358,68.29
24282366,77.66
24282376,63.26
24282378,40.97
24282384,110.28
24282424,42.21
24282426,42.45
24282428,42.46
24282430,41.74
24282432,42.78
24282468,44.91
24282470,43.32
24282476,44.36
24282480,43.74
24282484,44.28
24282486,42.22
24282488,42.35
24282490,43.62
24282508,41.92
24282510,41.78
24282530,62.26
24282532,39.81
24282550,39.57
24282552,39.39
24282554,66.34
24282556,58.04
24282558,38.58
24282606,69.10
24282616,45.18
24282618,48.15
24282630,70.22
24282634,72.07
24282636,121.14
24282638,60.62
24282662,97.74
24282664,96.71
24282666,126.76
24282668,124.01
24282670,95.20
24282680,120.48
24282682,86.12
24282714,87.32
24282716,74.96
24282718,69.79
24282722,107.35
24282724,90.03
24282756,87.22
24282764,77.47
24282768,91.92
24282776,80.61
24282778,81.28
24282798,95.55
24282800,81.63
24282842,38.69
24282844,41.96
24282856,42.28
24282862,41.48
24282864,41.47
24282866,39.85
24282874,39.43
24282880,71.92
24282882,95.16
24282890,79.60
24282908,38.78
24282916,43.74
24283026,39.20
23988188,51.53
23988190,51.59
23988192,51.77
23988194,51.41
23988196,50.30
23988198,49.60
23988200,48.97
23988202,48.28
23988204,49.49
23988206,47.19
23988208,44.61
23988210,42.88
23988212,46.23
23988214,45.39
23988216,43.96
23988218,41.64
23988220,40.97
23988222,41.29
23988224,41.21
23988226,41.01
23988228,41.24
23988230,41.38
23988232,43.56
23988234,45.22
23988236,52.68
23988238,57.04
23988240,63.46
23988242,72.26
23988244,78.62
23988246,80.38
23988248,83.07
23988250,85.27
23988252,44.95
23988254,45.62
23988256,51.08
23988258,69.12
23988260,43.45
23988262,47.00
23988264,51.17
23988266,49.24
23988268,42.91
23988270,56.12
23988272,50.76
23988274,51.31
23988276,50.21
23988278,50.41
23988280,48.82
23988282,48.60
23988284,49.25
23988288,46.80
23988290,45.26
23988292,49.31
23988294,50.45
23988296,44.60
23988298,47.74
23988300,45.91
23988302,44.77
23988304,44.34
23988306,49.43
23988308,49.01
23988310,40.24
23988314,43.11
23988316,45.38
23988318,42.64
23988320,45.93
23988322,46.45
23988324,49.69
23988326,46.65
23988328,42.12
23988330,51.22
23988332,48.46
23988334,47.43
23988336,50.68
23988338,52.94
23988340,50.42
23988342,54.57
23988344,53.91
23988346,65.37
23988348,53.33
23988350,59.52
23988352,61.50
23988354,70.19
23988356,71.85
23988358,77.02
23988360,80.43
23988362,81.26
23988364,83.33
23988366,83.60
23988368,85.31
23988370,50.42
23988372,44.11
23988374,47.69
23988376,50.07
23988378,50.76
23988380,50.27
23989217,52.70
23989227,52.77
23989229,53.18
23989231,53.29
23989233,53.66
23989235,55.43
23989237,55.50
23989239,56.45
23989245,54.32
23989247,55.73
23989249,55.83
23989251,55.80
23989253,56.78
23989255,56.74
23989283,55.36
23989287,57.76
23989289,58.86
23989291,59.26
23989293,61.77
23989295,60.06
23989297,62.65
23989311,65.05
23989313,66.08
23989315,66.92
23989319,71.46
23989321,61.31
23989325,57.70
23989327,64.13
23989329,69.62
23989333,60.03
23989339,65.12
23989341,63.25
23989343,72.46
23989345,74.54
23989347,70.06
23989349,73.82
23989351,60.08
23989373,55.22
23989375,53.80
23989383,51.78
23989385,51.75
23989389,51.48
23989391,51.19
23989393,52.42
23989395,51.88
23989397,51.52
23989399,51.39
23989401,50.64
23989403,50.91
23989405,49.65
23989407,49.58
23989409,49.45
23989411,48.90
23989413,48.37
23989415,49.09
23989427,45.53
23989709,56.03
23989711,55.16
23989715,54.24
23989769,76.80
23989771,79.59
23989773,86.26
23989847,52.68
23990373,56.78
23990375,56.68
23990383,56.66
23990393,56.40
23990397,55.54
23990405,55.34
23990411,54.53
23990425,54.51
23990429,56.48
23990431,54.42
23990433,55.00
23990441,54.40
23990443,53.58
23990529,57.92
23990555,56.31
23990557,53.25
23990559,84.01
23990561,78.65
23990563,58.65
23990567,70.45
23990571,74.23
23990573,86.89
23990579,61.38
23990581,80.57
23990587,67.86
23990603,54.15
23990605,83.39
23990609,89.59
23990615,87.94
23990617,84.85
23990621,61.69
23990623,72.21
23990625,75.33
23990627,80.45
23990635,81.75
23990637,74.81
23990639,82.74
23990641,60.92
23990643,80.73
23990651,68.79
23990655,79.74
23990657,87.99
23990659,89.19
23990661,84.36
23990663,76.96
23990669,67.07
23990673,59.33
23990675,77.75
23990681,85.45
23990683,91.01
23990685,80.54
23990687,90.38
23990689,76.51
23990707,51.70
23990725,57.27
23990729,75.15
23990731,62.13
23990733,72.56
23990739,51.47
23990745,51.50
23990857,51.51
23990859,51.50
23990861,51.55
23990863,51.50
23990965,51.45
23990967,51.49
23990969,51.47
23991059,48.93
23991061,52.50
23991267,48.90
23991269,49.04
24282042,48.08
24282044,48.86
24282046,52.97
24282048,62.24
24282064,66.50
24282066,69.70
24282094,77.97
24282190,76.04
24282234,125.24
24282238,120.26
24282240,128.87
24282242,78.20
24282244,118.19
24282246,76.81
24282252,84.81
24282254,91.69
24282256,98.85
24282260,134.31
24282264,72.70
24282266,85.74
24282268,40.20
24282270,46.42
24282272,50.20
24282274,61.16
24282276,71.29
24282278,47.69
24282284,67.84
24282292,40.73
24282294,62.88
24282296,68.46
24282300,38.95
24282302,38.35
24282304,38.65
24282306,38.83
24282308,38.99
24282310,39.38
24282312,39.47
24282314,39.71
24282316,40.00
24282318,41.37
24282322,41.68
24282326,63.94
24282328,39.70
24282330,39.96
24282332,40.33
24282334,40.63
24282336,41.72
24282340,42.11
24282342,42.24
24282346,43.74
24282348,60.54
24282350,68.83
24282352,71.05
24282356,60.01
24282360,71.75
24282362,73.65
24282364,74.94
24282368,83.71
24282370,83.08
24282372,40.68
24282374,50.54
24282380,41.98
24282382,106.47
24282386,122.36
24282388,126.76
24282390,80.58
24282392,85.03
24282394,102.31
24282396,108.48
24282398,112.78
24282400,122.89
24282402,74.40
24282404,75.65
24282406,77.65
24282408,78.83
24282410,82.07
24282412,41.88
24282414,42.49
24282416,43.16
24282418,45.51
24282434,42.50
24282436,42.86
24282438,42.90
24282440,41.93
24282442,44.37
24282444,45.23
24282446,41.64
24282448,41.29
24282450,41.80
24282452,41.32
24282454,41.76
24282456,41.50
24282458,42.88
24282460,41.24
24282462,41.19
24282464,45.29
24282466,45.57
24282474,44.33
24282478,44.24
24282482,42.50
24282492,42.65
24282494,42.60
24282496,44.41
24282498,41.88
24282500,41.73
24282502,41.25
24282504,42.14
24282506,41.85
24282512,40.91
24282514,41.53
24282516,39.33
24282518,39.98
24282520,44.47
24282524,44.14
24282528,39.94
24282534,39.67
24282536,39.76
24282542,40.16
24282546,38.50
24282548,39.86
24282560,40.40
24282562,40.38
24282564,40.42
24282566,39.37
24282568,39.42
24282570,41.51
24282572,38.73
24282574,39.25
24282576,39.42
24282578,39.32
24282580,70.64
24282582,64.44
24282584,39.69
24282586,53.11
24282588,38.86
24282590,39.42
24282594,42.64
24282596,40.08
24282598,41.10
24282602,43.72
24282608,65.58
24282610,50.09
24282612,41.61
24282620,71.85
24282622,70.88
24282624,53.52
24282626,50.41
24282628,70.39
24282632,75.95
24282640,70.99
24282642,113.81
24282644,75.71
24282646,83.34
24282648,122.58
24282650,122.44
24282652,123.86
24282654,74.51
24282656,70.56
24282658,88.32
24282660,83.81
24282672,125.09
24282674,77.01
24282676,117.20
24282678,113.40
24282684,76.91
24282686,94.02
24282688,85.56
24282690,116.99
24282694,82.50
24282698,72.70
24282700,99.82
24282702,79.48
24282708,115.84
24282710,72.52
24282712,86.56
24282720,95.91
24282726,95.07
24282728,87.94
24282730,71.52
24282732,73.80
24282734,91.10
24282736,96.40
24282738,75.07
24282740,75.19
24282742,75.71
24282744,74.71
24282746,75.74
24282748,91.34
24282750,91.71
24282752,77.07
24282754,74.93
24282758,77.07
24282760,89.23
24282762,80.92
24282766,76.29
24282770,78.11
24282772,80.26
24282774,80.38
24282780,78.21
24282782,80.58
24282784,82.92
24282786,81.45
24282788,94.72
24282790,79.74
24282792,77.91
24282794,79.83
24282796,76.66
24282802,79.05
24282804,81.18
24282806,81.40
24282808,80.06
24282810,81.92
24282812,79.93
24282814,81.60
24282816,87.55
24282818,83.02
24282820,80.25
24282822,82.46
24282824,82.31
24282826,82.25
24282828,81.86
24282830,83.35
24282832,79.02
24282834,82.19
24282836,80.43
24282838,50.55
24282840,49.42
24282846,41.91
24282848,41.22
24282858,41.89
24282860,41.88
24282868,40.22
24282870,40.00
24282872,40.08
24282876,38.70
24282878,41.91
24282884,71.37
24282886,67.68
24282888,56.11
24282892,124.47
24282894,39.90
24282896,39.97
24282898,39.70
24282900,39.61
24282902,40.33
24282904,39.37
24282906,38.64
24282910,38.73
24282912,73.23
24282914,42.49
24283010,39.28
24283016,43.14
