OBJECTID,FEATURE,COUNT,AREA,MIN,MAX,RANGE,MEAN,STD,SUM,VARIETY,MAJORITY,MINORITY,MEDIAN
1,4570503,4,31573.832986035602516,5,8,3,6.250000000000000,1.299038105676658,25.000000000000000,3,5,7,5
2,4570505,25,197336.456162722519366,1,21,20,5.880000000000000,4.301813571041869,147.000000000000000,11,5,1,5
3,4570507,35,276271.038627811532933,1,21,20,9.057142857142857,5.264125797144599,317.000000000000000,16,5,9,9
4,4570509,16,126295.331944142410066,1,9,8,5.750000000000000,2.487468592766550,92.000000000000000,9,6,1,6
5,4570513,40,315738.329860356054269,1,31,30,7.625000000000000,7.482270711488592,305.000000000000000,17,6,7,5
6,4570515,9,71041.124218580109300,2,13,11,6.444444444444445,3.744955454745048,58.000000000000000,8,3,2,6
7,4570517,35,276271.038627811532933,2,26,24,9.542857142857143,6.846658651771501,334.000000000000000,17,2,7,9
8,4570519,48,378885.995832427230198,1,19,18,7.270833333333333,4.706996491630542,349.000000000000000,17,3,10,6
9,4570521,41,323631.788106864900328,1,24,23,7.975609756097561,6.624005879865309,327.000000000000000,17,2,7,6
10,4570523,10,78934.582465089013567,2,23,21,10.400000000000000,7.485986908885160,104.000000000000000,7,2,5,5
11,4570525,31,244697.205641775915865,1,19,18,7.645161290322581,4.742045203909481,237.000000000000000,13,4,1,7
12,4570527,51,402566.370571953942999,1,20,19,8.098039215686274,3.951941205607667,413.000000000000000,14,5,20,8
13,4570529,39,307844.871613847150002,1,25,24,10.128205128205128,5.287525169629066,395.000000000000000,16,8,1,9
14,4570531,40,315738.329860356054269,1,16,15,5.725000000000000,3.598524002976776,229.000000000000000,13,3,9,5
15,4570533,100,789345.824650890077464,1,29,28,8.460000000000001,6.799147005323535,846.000000000000000,24,4,1,6
16,4570535,38,299951.413367338245735,2,16,14,6.263157894736842,3.083779384271632,238.000000000000000,11,5,11,5
17,4570537,27,213123.372655740327900,2,22,20,11.666666666666666,5.734883511361751,315.000000000000000,18,11,2,11
18,4570539,61,481500.953037042927463,1,21,20,9.295081967213115,5.363337174653397,567.000000000000000,20,7,1,8
19,4570541,31,244697.205641775915865,1,18,17,7.258064516129032,4.996564897009867,225.000000000000000,14,2,1,5
20,4570543,37,292057.955120829341467,1,23,22,9.270270270270270,6.395305071220686,343.000000000000000,18,3,1,9
21,4570545,1,7893.458246508900629,3,3,0,3.000000000000000,0.000000000000000,3.000000000000000,1,3,3,3
22,4570547,11,86828.040711597903282,2,21,19,8.909090909090908,5.696163708298379,98.000000000000000,9,3,2,7
23,4570549,57,449927.120051007310394,2,28,26,9.105263157894736,6.452754642368450,519.000000000000000,21,3,12,8
24,4570551,18,142082.248437160218600,5,16,11,10.222222222222221,3.275422882885263,184.000000000000000,9,8,6,10
25,4570553,20,157869.164930178027134,1,19,18,8.600000000000000,5.228766584960549,172.000000000000000,13,2,1,8
26,4570555,27,213123.372655740327900,1,27,26,11.296296296296296,7.526815345519101,305.000000000000000,16,9,5,9
27,4570557,52,410459.828818462847266,1,23,22,7.057692307692307,4.667454674241055,367.000000000000000,16,4,1,5
28,4570559,48,378885.995832427230198,1,15,14,7.479166666666667,4.056833655149735,359.000000000000000,13,6,1,6
29,4570561,13,102614.957204615711817,4,12,8,8.153846153846153,2.567433733581329,106.000000000000000,8,4,5,8
30,4570563,28,221016.830902249203064,3,22,19,9.821428571428571,5.092386273564062,275.000000000000000,13,10,7,9
31,4570565,6,47360.749479053403775,9,17,8,12.166666666666666,2.852873794770616,73.000000000000000,5,9,11,11
32,4570567,17,134188.790190651314333,2,22,20,10.352941176470589,6.173388586797255,176.000000000000000,13,2,3,11
33,4570569,41,323631.788106864900328,1,24,23,10.780487804878049,6.579762747305322,442.000000000000000,18,9,2,9
34,4570571,36,284164.496874320437200,1,30,29,11.722222222222221,8.228038483378079,422.000000000000000,20,4,1,8
35,4570573,16,126295.331944142410066,1,9,8,5.375000000000000,2.175861898191152,86.000000000000000,8,5,1,5
36,4570575,53,418353.287064971751533,1,18,17,8.547169811320755,3.936122206914807,453.000000000000000,17,6,1,9
37,4570579,14,110508.415451124601532,1,35,34,10.214285714285714,10.372894426123800,143.000000000000000,11,1,2,6
38,4570581,7,55254.207725562300766,1,8,7,4.571428571428571,2.194613070819603,32.000000000000000,6,4,1,4
39,4570583,42,331525.246353373804595,1,20,19,5.523809523809524,4.953296618646036,232.000000000000000,14,1,8,4
40,4570585,18,142082.248437160218600,1,25,24,9.055555555555555,6.769804052820160,163.000000000000000,14,5,1,6
41,4570587,21,165762.623176686902298,3,12,9,9.047619047619047,2.439285423783943,190.000000000000000,8,12,3,9
42,4570589,44,347312.162846391613130,1,33,32,10.363636363636363,8.221620358683198,456.000000000000000,21,2,5,9
43,4570591,37,292057.955120829341467,3,28,25,13.351351351351351,7.253018816853663,494.000000000000000,21,9,3,12
44,4570593,8,63147.665972071205033,2,14,12,9.250000000000000,3.491060010942235,74.000000000000000,6,9,2,9
45,4570595,11,86828.040711597903282,3,28,25,19.090909090909090,7.716034608699253,210.000000000000000,9,16,3,22
46,4570597,34,268377.580381302628666,1,26,25,9.029411764705882,6.261391003685847,307.000000000000000,18,4,5,8
47,4570599,9,71041.124218580109300,1,38,37,17.111111111111111,10.482201257840673,154.000000000000000,8,17,1,17
48,4570601,10,78934.582465089013567,4,14,10,7.400000000000000,3.440930106817051,74.000000000000000,5,6,4,6
49,4570603,17,134188.790190651314333,2,13,11,6.882352941176471,3.771134217605790,117.000000000000000,9,5,3,6
50,4570653,19,149975.706683669122867,1,33,32,12.421052631578947,8.946129945246151,236.000000000000000,15,2,1,14
51,4570655,57,449927.120051007310394,1,32,31,9.350877192982455,8.310828337270907,533.000000000000000,22,2,5,6
52,4570657,41,323631.788106864900328,1,21,20,7.390243902439025,4.107566182121914,303.000000000000000,14,3,10,7
53,4570659,49,386779.454078936134465,1,13,12,5.326530612244898,3.322082916202441,261.000000000000000,12,2,13,5
54,4570661,40,315738.329860356054269,1,19,18,7.075000000000000,5.667395786426073,283.000000000000000,15,2,5,4
55,4570663,61,481500.953037042927463,1,15,14,6.032786885245901,3.487529131976590,368.000000000000000,13,2,1,6
56,4570665,28,221016.830902249203064,1,8,7,4.142857142857143,1.994891434824134,116.000000000000000,8,5,8,4
57,4570667,31,244697.205641775915865,1,13,12,4.451612903225806,3.056866513672809,138.000000000000000,10,1,10,4
58,4570669,12,94721.498958106807549,1,7,6,2.583333333333333,1.753963764987432,31.000000000000000,5,1,5,2
59,4570671,65,513074.786023078544531,1,15,14,5.846153846153846,3.429423675424506,380.000000000000000,15,3,14,5
60,4570673,34,268377.580381302628666,1,13,12,3.941176470588236,3.143070589974717,134.000000000000000,10,2,6,2
61,4570675,28,221016.830902249203064,1,22,21,7.857142857142857,6.390362641812869,220.000000000000000,16,1,10,5
62,4570677,23,181549.539669704710832,1,36,35,11.913043478260869,9.145742860827136,274.000000000000000,17,2,1,10
63,4570679,6,47360.749479053403775,3,11,8,6.000000000000000,3.265986323710904,36.000000000000000,5,3,4,4
64,4570681,3,23680.374739526701887,2,5,3,3.000000000000000,1.414213562373095,9.000000000000000,2,2,5,2
65,4570683,3,23680.374739526701887,1,3,2,2.000000000000000,0.816496580927726,6.000000000000000,3,1,1,2
66,4570685,4,31573.832986035602516,1,14,13,6.750000000000000,4.866980583482946,27.000000000000000,4,1,1,4
67,4570687,7,55254.207725562300766,2,8,6,5.142857142857143,2.166535841157585,36.000000000000000,5,2,5,6
68,4570689,4,31573.832986035602516,1,25,24,13.000000000000000,11.510864433221338,52.000000000000000,4,1,1,2
69,4570691,23,181549.539669704710832,4,31,27,14.826086956521738,8.148897892476244,341.000000000000000,14,24,5,15
70,4571067,1,7893.458246508900629,15,15,0,15.000000000000000,0.000000000000000,15.000000000000000,1,15,15,15
71,4571069,21,165762.623176686902298,3,29,26,18.761904761904763,8.070550591383004,394.000000000000000,17,18,3,21
72,4571071,3,23680.374739526701887,12,20,8,17.000000000000000,3.559026084010437,51.000000000000000,3,12,12,19
73,4571073,8,63147.665972071205033,10,23,13,15.875000000000000,4.539754949333719,127.000000000000000,7,11,10,16
74,4571075,4,31573.832986035602516,3,8,5,5.250000000000000,2.277608394786075,21.000000000000000,3,3,7,3
75,4571077,24,189442.997916213615099,2,29,27,14.083333333333334,7.968252980142858,338.000000000000000,16,14,7,15
76,4571079,3,23680.374739526701887,2,6,4,3.333333333333333,1.885618083164126,10.000000000000000,2,2,6,2
77,4571081,9,71041.124218580109300,2,23,21,13.333333333333334,7.986099033807293,120.000000000000000,8,21,2,17
78,4571083,27,213123.372655740327900,1,14,13,5.259259259259260,3.864296137265923,142.000000000000000,10,1,9,5
79,4571085,33,260484.122134793724399,2,21,19,6.787878787878788,3.698956247192031,224.000000000000000,11,5,21,6
80,4571087,29,228910.289148758107331,2,16,14,10.034482758620690,3.253462438066501,291.000000000000000,13,8,2,10
81,4571089,44,347312.162846391613130,1,26,25,8.431818181818182,6.358236345205139,371.000000000000000,18,4,9,6
82,4571091,38,299951.413367338245735,1,31,30,11.368421052631579,7.039067868282962,432.000000000000000,21,8,1,10
83,4571093,40,315738.329860356054269,1,21,20,8.500000000000000,4.631414470763764,340.000000000000000,17,5,1,7
84,4571095,3,23680.374739526701887,4,9,5,6.000000000000000,2.160246899469287,18.000000000000000,3,4,4,5
85,4571097,33,260484.122134793724399,1,20,19,7.818181818181818,4.210049632288921,258.000000000000000,14,8,1,8
86,4571099,16,126295.331944142410066,1,19,18,9.937500000000000,4.904956039558357,159.000000000000000,11,6,1,9
87,4571101,27,213123.372655740327900,1,21,20,7.925925925925926,5.062029500228116,214.000000000000000,14,7,1,7
88,4571103,62,489394.411283551831730,1,22,21,9.629032258064516,6.043481881914095,597.000000000000000,20,3,2,8
89,4571105,13,102614.957204615711817,1,8,7,4.000000000000000,2.572038999584690,52.000000000000000,7,2,3,3
90,4571107,5,39467.291232544506784,2,8,6,5.600000000000000,2.332380757938121,28.000000000000000,4,8,2,6
91,4571109,15,118401.873697633505799,1,26,25,9.400000000000000,6.151422599691879,141.000000000000000,11,7,1,7
92,4571111,18,142082.248437160218600,3,19,16,10.777777777777779,4.441665798068151,194.000000000000000,11,7,3,10
93,4571113,50,394672.912325445038732,3,19,16,10.600000000000000,4.400000000000000,530.000000000000000,16,11,6,11
94,4571115,32,252590.663888284820132,2,29,27,8.500000000000000,7.062223445912768,272.000000000000000,13,4,10,6
95,4571117,27,213123.372655740327900,3,14,11,8.185185185185185,3.150979119281956,221.000000000000000,10,7,8,8
96,4571119,35,276271.038627811532933,5,20,15,10.914285714285715,3.782451424078068,382.000000000000000,12,8,10,11
97,4571121,10,78934.582465089013567,2,20,18,12.400000000000000,6.280127387243032,124.000000000000000,8,10,2,10
98,4571123,46,363099.079339409421664,1,17,16,7.717391304347826,4.367185161884627,355.000000000000000,17,11,3,8
99,4571125,22,173656.081423195806565,6,28,22,17.272727272727273,7.405046302610243,380.000000000000000,14,20,6,15
100,4571127,1,7893.458246508900629,13,13,0,13.000000000000000,0.000000000000000,13.000000000000000,1,13,13,13
101,4571129,46,363099.079339409421664,2,26,24,11.782608695652174,5.793223340504651,542.000000000000000,21,5,2,11
102,4571131,59,465714.036544025118928,1,29,28,7.779661016949152,5.569492557021475,459.000000000000000,17,4,15,7
103,4571133,19,149975.706683669122867,2,18,16,9.210526315789474,4.149558598826742,175.000000000000000,11,11,2,10
104,4571135,6,47360.749479053403775,1,4,3,2.166666666666667,1.067187372905475,13.000000000000000,4,1,3,2
105,4571137,2,15786.916493017801258,1,1,0,1.000000000000000,0.000000000000000,2.000000000000000,1,1,1,1
106,4571139,36,284164.496874320437200,1,26,25,7.527777777777778,7.293399265055093,271.000000000000000,16,2,5,4
107,4571141,7,55254.207725562300766,2,21,19,9.857142857142858,5.514359733033936,69.000000000000000,6,11,2,10
108,4571143,59,465714.036544025118928,2,20,18,9.745762711864407,4.914845102785265,575.000000000000000,17,12,20,10
109,4571145,6,47360.749479053403775,4,9,5,6.333333333333333,1.699673171197595,38.000000000000000,5,6,4,6
110,4571147,14,110508.415451124601532,4,30,26,16.428571428571427,9.469607668100886,230.000000000000000,9,8,5,19
111,4571149,15,118401.873697633505799,1,16,15,6.600000000000000,4.348179695765421,99.000000000000000,9,4,1,5
112,4571151,24,189442.997916213615099,2,20,18,7.708333333333333,4.401507002026567,185.000000000000000,12,9,5,7
113,4571153,3,23680.374739526701887,2,32,30,12.666666666666666,13.695092389449425,38.000000000000000,3,2,2,4
114,4571155,28,221016.830902249203064,1,31,30,11.678571428571429,6.665763119042235,327.000000000000000,14,5,1,13
115,4571157,46,363099.079339409421664,3,25,22,9.760869565217391,5.057000239051743,449.000000000000000,17,7,4,8
116,4571159,37,292057.955120829341467,1,34,33,8.621621621621621,5.864927138790072,319.000000000000000,14,5,14,8
117,4571161,14,110508.415451124601532,5,21,16,8.571428571428571,4.083315979416130,120.000000000000000,7,6,10,7
118,4571165,40,315738.329860356054269,1,16,15,5.775000000000000,3.601995974456385,231.000000000000000,14,2,11,5
119,4571167,19,149975.706683669122867,2,14,12,7.842105263157895,3.422266990949234,149.000000000000000,11,6,2,6
120,4571189,18,142082.248437160218600,1,31,30,16.666666666666668,8.698658900466592,300.000000000000000,14,9,1,17
121,4571191,32,252590.663888284820132,1,28,27,5.906250000000000,5.664358828455344,189.000000000000000,13,4,2,4
122,4571193,3,23680.374739526701887,2,4,2,3.333333333333333,0.942809041582063,10.000000000000000,2,4,2,4
123,4571195,3,23680.374739526701887,5,9,4,6.666666666666667,1.699673171197594,20.000000000000000,3,5,5,6
124,4571197,4,31573.832986035602516,2,9,7,4.750000000000000,2.680951323690902,19.000000000000000,4,2,2,3
125,4571199,14,110508.415451124601532,2,16,14,6.571428571428571,3.958973274443148,92.000000000000000,8,7,2,5
126,4571201,8,63147.665972071205033,5,17,12,10.625000000000000,4.846067993745032,85.000000000000000,4,5,10,10
127,4571203,15,118401.873697633505799,1,11,10,6.800000000000000,2.970970660687625,102.000000000000000,8,7,3,7
128,4571205,8,63147.665972071205033,4,22,18,11.375000000000000,6.998883839584709,91.000000000000000,7,4,6,8
129,4571687,9,71041.124218580109300,9,21,12,14.444444444444445,5.251689910265099,130.000000000000000,6,9,11,11
130,4571689,12,94721.498958106807549,7,27,20,11.833333333333334,6.094168432927407,142.000000000000000,7,7,14,10
131,4571697,3,23680.374739526701887,5,13,8,8.666666666666666,3.299831645537223,26.000000000000000,3,5,5,8
132,4571699,6,47360.749479053403775,7,22,15,10.666666666666666,5.249338582674541,64.000000000000000,5,7,8,8
133,4571703,38,299951.413367338245735,1,21,20,8.000000000000000,5.078333750770081,304.000000000000000,16,4,2,6
134,4571705,46,363099.079339409421664,1,19,18,8.804347826086957,4.489696248161577,405.000000000000000,17,7,1,8
135,4571709,50,394672.912325445038732,2,31,29,9.060000000000000,6.255909206502281,453.000000000000000,18,6,9,7
136,4571713,2,15786.916493017801258,3,3,0,3.000000000000000,0.000000000000000,6.000000000000000,1,3,3,3
137,4571715,2,15786.916493017801258,1,3,2,2.000000000000000,1.000000000000000,4.000000000000000,2,1,1,1
138,4571719,79,623583.201474203146063,1,24,23,7.265822784810126,5.040868070610819,574.000000000000000,20,4,14,6
139,4571723,31,244697.205641775915865,2,33,31,9.032258064516130,6.213844433446988,280.000000000000000,15,5,10,8
140,4571725,66,520968.244269587448798,1,19,18,6.348484848484849,4.117561886132869,419.000000000000000,16,1,10,6
141,4571727,12,94721.498958106807549,1,15,14,4.750000000000000,4.023369234857770,57.000000000000000,7,1,3,4
142,4571729,27,213123.372655740327900,2,25,23,13.333333333333334,7.343427396381469,360.000000000000000,17,2,3,14
143,4571733,23,181549.539669704710832,1,12,11,5.695652173913044,3.195578230437036,131.000000000000000,10,2,1,5
144,4571735,3,23680.374739526701887,7,12,5,10.333333333333334,2.357022603955156,31.000000000000000,2,12,7,12
145,4571737,11,86828.040711597903282,3,20,17,8.727272727272727,4.919181548534067,96.000000000000000,9,5,3,8
146,4571801,19,149975.706683669122867,1,24,23,9.052631578947368,5.306140278369920,172.000000000000000,11,13,1,8
147,4571811,34,268377.580381302628666,1,30,29,15.970588235294118,10.024925682921388,543.000000000000000,19,1,4,18
148,4571813,12,94721.498958106807549,1,22,21,9.500000000000000,6.639528095680697,114.000000000000000,10,1,3,8
149,4571815,3,23680.374739526701887,14,25,11,18.666666666666668,4.642796092394700,56.000000000000000,3,14,14,17
150,4572269,13,102614.957204615711817,2,19,17,10.846153846153847,6.431247681870301,141.000000000000000,8,4,2,11
151,4572273,28,221016.830902249203064,1,13,12,5.714285714285714,2.723667994991088,160.000000000000000,11,6,2,6
152,4572275,27,213123.372655740327900,2,16,14,7.666666666666667,3.485419364746249,207.000000000000000,12,11,2,8
153,4572277,55,434140.203557989560068,1,14,13,6.272727272727272,3.255510268366238,345.000000000000000,14,4,13,5
154,4572279,29,228910.289148758107331,1,10,9,5.448275862068965,2.342798310546625,158.000000000000000,9,4,2,5
155,4572281,58,457820.578297516214661,1,24,23,8.568965517241379,6.008936072463150,497.000000000000000,18,7,13,7
156,4572283,46,363099.079339409421664,1,27,26,10.543478260869565,6.553148999888894,485.000000000000000,20,6,2,9
157,4572285,13,102614.957204615711817,1,15,14,6.461538461538462,3.835369496097818,84.000000000000000,9,6,1,6
158,4572287,7,55254.207725562300766,5,15,10,9.285714285714286,3.282607226593157,65.000000000000000,6,8,5,8
159,4572289,13,102614.957204615711817,3,18,15,10.307692307692308,5.383516371360828,134.000000000000000,10,6,3,9
160,4572291,21,165762.623176686902298,3,19,16,11.142857142857142,4.268218255294585,234.000000000000000,11,8,10,11
161,4572293,4,31573.832986035602516,3,15,12,6.750000000000000,4.918078893226500,27.000000000000000,3,3,6,3
162,4572295,28,221016.830902249203064,2,16,14,8.428571428571429,3.745745886321970,236.000000000000000,13,6,11,8
163,4572297,19,149975.706683669122867,2,14,12,8.684210526315789,3.309517878371051,165.000000000000000,10,7,2,9
164,4572299,24,189442.997916213615099,1,12,11,6.291666666666667,3.075158080850840,151.000000000000000,10,5,2,6
165,4572301,39,307844.871613847150002,1,26,25,10.153846153846153,6.379206853433699,396.000000000000000,19,10,4,10
166,4572303,4,31573.832986035602516,2,5,3,3.500000000000000,1.118033988749895,14.000000000000000,4,2,2,3
167,4572307,58,457820.578297516214661,1,33,32,9.827586206896552,6.178767679373600,570.000000000000000,21,5,1,8
168,4572309,29,228910.289148758107331,1,40,39,13.758620689655173,9.845899452489723,399.000000000000000,18,8,2,11
169,4572311,69,544648.619009114103392,1,13,12,5.898550724637682,3.060477027969881,407.000000000000000,12,5,11,5
170,4572313,56,442033.661804498406127,1,27,26,9.589285714285714,5.833330296403486,537.000000000000000,21,6,1,9
171,4572317,29,228910.289148758107331,2,36,34,11.137931034482758,7.600926159225755,323.000000000000000,15,6,3,10
172,4572345,15,118401.873697633505799,1,12,11,5.466666666666667,3.008137112714261,82.000000000000000,9,6,2,6
173,4572347,28,221016.830902249203064,2,23,21,9.357142857142858,5.459031086938712,262.000000000000000,14,8,2,8
174,4572349,38,299951.413367338245735,2,20,18,6.421052631578948,4.338515262326553,244.000000000000000,12,3,8,5
175,4572351,7,55254.207725562300766,2,17,15,9.142857142857142,4.882287854467161,64.000000000000000,5,6,2,7
176,4572353,46,363099.079339409421664,2,21,19,9.391304347826088,4.660090785034525,432.000000000000000,16,14,7,9
177,4572355,37,292057.955120829341467,2,15,13,7.324324324324325,3.171273544621109,271.000000000000000,12,11,10,7
178,4572357,38,299951.413367338245735,1,18,17,6.763157894736842,5.258748152646596,257.000000000000000,14,2,8,4
179,4572359,44,347312.162846391613130,1,19,18,7.886363636363637,4.681763018209880,347.000000000000000,15,3,1,7
180,4572361,21,165762.623176686902298,1,9,8,3.476190476190476,2.556393434565628,73.000000000000000,7,1,5,3
181,4572363,59,465714.036544025118928,2,21,19,7.576271186440678,4.219419953028762,447.000000000000000,15,4,2,7
182,4572365,30,236803.747395267011598,1,19,18,11.033333333333333,5.980431050982492,331.000000000000000,15,19,2,12
183,4572367,39,307844.871613847150002,1,31,30,13.333333333333334,8.662720995318677,520.000000000000000,23,13,4,13
184,4572369,48,378885.995832427230198,2,27,25,10.520833333333334,5.630976763009730,505.000000000000000,19,6,2,10
185,4572371,52,410459.828818462847266,1,26,25,9.769230769230770,5.976284492170779,508.000000000000000,21,6,1,8
186,4572379,48,378885.995832427230198,1,31,30,10.916666666666666,7.812472222172840,524.000000000000000,24,7,8,8
187,4572383,1,7893.458246508900629,13,13,0,13.000000000000000,0.000000000000000,13.000000000000000,1,13,13,13
188,4572387,34,268377.580381302628666,1,31,30,7.794117647058823,6.272157953840439,265.000000000000000,16,3,8,6
189,4572389,1,7893.458246508900629,1,1,0,1.000000000000000,0.000000000000000,1.000000000000000,1,1,1,1
190,4572391,90,710411.242185801034793,1,31,30,9.400000000000000,6.634589495799855,846.000000000000000,25,3,15,9
191,4572393,1,7893.458246508900629,9,9,0,9.000000000000000,0.000000000000000,9.000000000000000,1,9,9,9
192,4572395,30,236803.747395267011598,1,56,55,18.933333333333334,17.576373029976601,568.000000000000000,18,2,7,14
193,4572397,6,47360.749479053403775,4,33,29,15.500000000000000,11.221259584675273,93.000000000000000,6,4,4,9
194,4572399,16,126295.331944142410066,1,9,8,5.750000000000000,2.839454172900137,92.000000000000000,9,9,1,6
195,4572401,1,7893.458246508900629,8,8,0,8.000000000000000,0.000000000000000,8.000000000000000,1,8,8,8
196,4572403,4,31573.832986035602516,2,6,4,4.250000000000000,1.785357107135713,17.000000000000000,3,6,2,3
197,4572405,68,536755.160762605257332,1,21,20,6.470588235294118,5.353587549856567,440.000000000000000,16,1,15,6
198,4572409,57,449927.120051007310394,1,37,36,13.701754385964913,9.457133040366013,781.000000000000000,27,7,4,12
199,4573737,36,284164.496874320437200,1,39,38,12.638888888888889,8.340506172282144,455.000000000000000,20,3,1,11
200,4573739,30,236803.747395267011598,2,20,18,8.600000000000000,4.004996878900158,258.000000000000000,13,7,2,7
201,4573743,24,189442.997916213615099,1,15,14,5.875000000000000,3.550968177835448,141.000000000000000,11,5,1,5
202,4573745,21,165762.623176686902298,1,27,26,9.666666666666666,6.416743969849754,203.000000000000000,13,2,1,10
203,4573747,21,165762.623176686902298,1,12,11,5.428571428571429,3.094871773194651,114.000000000000000,11,4,2,5
204,4573749,3,23680.374739526701887,2,11,9,5.666666666666667,3.858612300930075,17.000000000000000,3,2,2,4
205,4573751,5,39467.291232544506784,2,7,5,4.400000000000000,2.059126028197400,22.000000000000000,4,2,5,5
206,4573753,20,157869.164930178027134,2,11,9,6.250000000000000,2.487468592766550,125.000000000000000,8,5,2,5
207,4573755,27,213123.372655740327900,5,17,12,11.074074074074074,2.801136355731709,299.000000000000000,10,11,5,11
208,4573757,32,252590.663888284820132,1,21,20,9.625000000000000,5.872339823273172,308.000000000000000,16,3,1,8
209,4573759,21,165762.623176686902298,1,23,22,10.333333333333334,5.083430912412387,217.000000000000000,14,5,1,9
210,4573761,34,268377.580381302628666,3,19,16,9.411764705882353,3.812654217199718,320.000000000000000,12,7,3,9
211,4573763,24,189442.997916213615099,2,20,18,8.708333333333334,4.448587478689786,209.000000000000000,13,7,2,7
212,4573765,21,165762.623176686902298,2,16,14,7.047619047619047,3.618420998383404,148.000000000000000,12,4,2,6
213,4573767,26,205229.914409231423633,3,28,25,13.269230769230770,6.358263504519093,345.000000000000000,17,14,3,14
214,4573769,35,276271.038627811532933,1,21,20,10.199999999999999,5.114684741017769,357.000000000000000,14,8,1,10
215,4573771,5,39467.291232544506784,5,11,6,8.199999999999999,2.135415650406263,41.000000000000000,5,5,5,8
216,4573773,14,110508.415451124601532,4,19,15,12.214285714285714,4.753623751992812,171.000000000000000,10,15,4,12
217,4573775,18,142082.248437160218600,1,12,11,5.833333333333333,3.149073937948530,105.000000000000000,9,6,1,6
218,4573777,5,39467.291232544506784,1,10,9,3.600000000000000,3.261901286060018,18.000000000000000,4,2,1,2
219,4573779,37,292057.955120829341467,1,17,16,7.243243243243243,3.017116982614143,268.000000000000000,11,5,1,7
220,4573781,6,47360.749479053403775,2,22,20,7.666666666666667,6.871842709362768,46.000000000000000,4,4,2,4
221,4573783,4,31573.832986035602516,4,7,3,4.750000000000000,1.299038105676658,19.000000000000000,2,4,7,4
222,4573785,35,276271.038627811532933,2,16,14,6.742857142857143,2.697542343296496,236.000000000000000,11,7,2,7
223,4573787,28,221016.830902249203064,1,13,12,5.928571428571429,2.999149539316716,166.000000000000000,12,6,10,6
224,4573789,32,252590.663888284820132,1,24,23,8.781250000000000,5.515514340249692,281.000000000000000,15,8,1,8
225,4573791,20,157869.164930178027134,1,16,15,5.700000000000000,4.371498598878878,114.000000000000000,10,1,7,5
226,4573793,6,47360.749479053403775,2,18,16,11.666666666666666,6.236095644623236,70.000000000000000,5,15,2,15
227,4573795,16,126295.331944142410066,4,21,17,8.437500000000000,4.122631896010120,135.000000000000000,10,6,5,7
228,4573797,28,221016.830902249203064,2,31,29,11.892857142857142,8.173735313771289,333.000000000000000,17,9,10,9
229,4573799,73,576222.451995149720460,2,22,20,8.643835616438356,4.723505382262808,631.000000000000000,17,8,11,8
230,4573801,74,584115.910241658682935,1,22,21,8.554054054054054,4.782122936611096,633.000000000000000,18,9,13,9
231,4573803,31,244697.205641775915865,1,22,21,9.161290322580646,5.454189122154541,284.000000000000000,18,5,1,8
232,4573805,49,386779.454078936134465,2,32,30,13.693877551020408,7.296082487093715,671.000000000000000,23,12,2,12
233,4573807,49,386779.454078936134465,4,25,21,9.551020408163266,5.059084471864553,468.000000000000000,16,7,16,8
234,4573809,41,323631.788106864900328,1,28,27,14.804878048780488,6.840409031398283,607.000000000000000,20,8,1,15
235,4573811,18,142082.248437160218600,2,20,18,11.111111111111111,4.370213430954919,200.000000000000000,12,8,2,10
236,4573813,8,63147.665972071205033,1,18,17,10.625000000000000,5.383713866839507,85.000000000000000,7,12,1,12
237,4573815,22,173656.081423195806565,2,24,22,13.318181818181818,7.449138837576300,293.000000000000000,13,2,10,14
238,4573817,23,181549.539669704710832,1,32,31,11.913043478260869,9.951679095720310,274.000000000000000,15,5,2,7
239,4573819,8,63147.665972071205033,4,30,26,14.250000000000000,8.569568250501305,114.000000000000000,6,13,4,13
240,4573821,40,315738.329860356054269,1,33,32,15.600000000000000,7.986864215698174,624.000000000000000,22,17,1,16
241,4573823,37,292057.955120829341467,1,30,29,13.054054054054054,6.233934794662612,483.000000000000000,18,10,1,10
242,4573825,29,228910.289148758107331,4,30,26,12.379310344827585,6.784433466061129,359.000000000000000,18,6,5,11
243,4573827,7,55254.207725562300766,2,31,29,17.857142857142858,8.854838409892420,125.000000000000000,6,23,2,21
244,4573829,39,307844.871613847150002,4,24,20,13.564102564102564,5.913022879984839,529.000000000000000,20,10,4,13
245,4573831,31,244697.205641775915865,1,24,23,10.774193548387096,6.287261455331750,334.000000000000000,18,16,1,11
246,4573833,35,276271.038627811532933,1,26,25,10.457142857142857,7.369213399166086,366.000000000000000,16,4,17,7
247,4573835,15,118401.873697633505799,2,22,20,9.466666666666667,6.344201201797504,142.000000000000000,12,3,2,6
248,4573837,10,78934.582465089013567,3,21,18,9.600000000000000,6.036555309114629,96.000000000000000,7,5,3,6
249,4573839,4,31573.832986035602516,13,18,5,16.250000000000000,1.920286436967152,65.000000000000000,3,17,13,17
250,4573841,21,165762.623176686902298,3,39,36,16.380952380952380,10.490250305589612,344.000000000000000,14,6,3,12
251,4573843,60,473607.494790534023196,1,23,22,9.716666666666667,5.507847936253223,583.000000000000000,20,7,12,9
252,4573845,22,173656.081423195806565,1,20,19,10.500000000000000,5.185206228913526,231.000000000000000,14,11,1,11
253,4573847,8,63147.665972071205033,9,26,17,14.375000000000000,6.594268344554989,115.000000000000000,6,9,10,11
254,4573849,32,252590.663888284820132,1,33,32,11.656250000000000,8.176220761299195,373.000000000000000,19,4,3,10
255,4573851,37,292057.955120829341467,3,25,22,10.378378378378379,5.528067700876902,384.000000000000000,18,6,3,10
256,4573853,23,181549.539669704710832,1,33,32,13.478260869565217,8.811403506708453,310.000000000000000,16,17,1,14
257,4573855,23,181549.539669704710832,2,35,33,13.130434782608695,7.645995529494576,302.000000000000000,15,10,2,10
258,4573857,43,339418.704599882708862,1,25,24,11.162790697674419,6.505561958666829,480.000000000000000,20,7,5,10
259,4573859,7,55254.207725562300766,1,9,8,3.571428571428572,2.441143927233580,25.000000000000000,5,2,1,3
260,4573861,11,86828.040711597903282,4,29,25,12.545454545454545,8.370550501757894,138.000000000000000,9,6,4,9
261,4573863,18,142082.248437160218600,2,22,20,9.333333333333334,5.763872155263527,168.000000000000000,12,2,7,8
262,4573865,5,39467.291232544506784,1,7,6,4.200000000000000,2.135415650406262,21.000000000000000,5,1,1,4
263,4573867,7,55254.207725562300766,3,13,10,7.857142857142857,2.948538205792900,55.000000000000000,5,8,3,8
264,4573869,22,173656.081423195806565,2,19,17,6.454545454545454,4.008255942736110,142.000000000000000,10,4,3,5
265,4573871,8,63147.665972071205033,2,13,11,6.000000000000000,4.272001872658765,48.000000000000000,5,2,10,4
266,4573873,18,142082.248437160218600,1,18,17,5.833333333333333,5.377421934967226,105.000000000000000,8,1,3,4
267,4573903,41,323631.788106864900328,2,18,16,8.951219512195122,4.400394768943589,367.000000000000000,14,9,2,8
268,4573905,29,228910.289148758107331,1,15,14,7.896551724137931,4.121807668271431,229.000000000000000,14,9,1,8
269,4573907,47,370992.537585918325931,1,17,16,7.021276595744681,3.834276328858940,330.000000000000000,16,6,1,6
270,4573909,39,307844.871613847150002,3,20,17,9.205128205128204,4.386339442121661,359.000000000000000,15,4,12,9
271,4573911,56,442033.661804498406127,1,22,21,9.642857142857142,5.303060340934453,540.000000000000000,18,9,12,9
272,4573913,42,331525.246353373804595,2,20,18,8.000000000000000,5.033222956847166,336.000000000000000,16,5,9,6
273,4573915,53,418353.287064971751533,2,19,17,7.867924528301887,4.702619646694152,417.000000000000000,15,3,12,7
274,4573917,1,7893.458246508900629,2,2,0,2.000000000000000,0.000000000000000,2.000000000000000,1,2,2,2
275,4573919,22,173656.081423195806565,3,28,25,14.590909090909092,7.462994103691597,321.000000000000000,14,14,3,13
276,4573921,63,497287.869530060735997,2,27,25,9.444444444444445,5.599823630379624,595.000000000000000,20,5,11,8
277,4573923,44,347312.162846391613130,1,16,15,6.363636363636363,3.289728567767678,280.000000000000000,12,8,1,7
278,4573925,36,284164.496874320437200,2,16,14,7.250000000000000,3.103537408256012,261.000000000000000,12,8,12,7
279,4573927,25,197336.456162722519366,2,32,30,12.720000000000001,9.417090845903527,318.000000000000000,18,3,4,10
280,4573929,56,442033.661804498406127,2,25,23,12.071428571428571,6.321327682810740,676.000000000000000,20,10,3,10
281,4573931,45,355205.621092900517397,2,27,25,10.133333333333333,5.331666406168588,456.000000000000000,19,8,2,8
282,4573933,12,94721.498958106807549,2,36,34,20.083333333333332,11.138958159939776,241.000000000000000,10,16,2,16
283,4573935,18,142082.248437160218600,2,31,29,13.000000000000000,6.944222218666553,234.000000000000000,14,11,2,11
284,4573937,28,221016.830902249203064,2,25,23,11.321428571428571,5.657192460099997,317.000000000000000,15,10,2,10
285,4573939,43,339418.704599882708862,1,31,30,13.511627906976743,7.276505975424194,581.000000000000000,23,7,6,12
286,4573941,26,205229.914409231423633,2,32,30,12.000000000000000,9.156754547663372,312.000000000000000,17,3,2,8
287,4573943,11,86828.040711597903282,5,31,26,18.818181818181817,8.494042637671331,207.000000000000000,9,14,5,20
288,4573945,51,402566.370571953942999,1,26,25,8.607843137254902,5.466756687586932,439.000000000000000,19,5,1,8
289,4573947,60,473607.494790534023196,1,21,20,7.316666666666666,4.228836193984766,439.000000000000000,17,5,1,6
290,4573949,14,110508.415451124601532,2,23,21,12.357142857142858,7.517666268360746,173.000000000000000,12,7,2,9
291,4573951,65,513074.786023078544531,1,26,25,9.615384615384615,6.238077385497524,625.000000000000000,24,7,1,8
292,4573953,9,71041.124218580109300,4,29,25,14.888888888888889,10.364945671127858,134.000000000000000,7,5,4,8
293,4573957,1,7893.458246508900629,2,2,0,2.000000000000000,0.000000000000000,2.000000000000000,1,2,2,2
294,4573959,57,449927.120051007310394,4,37,33,16.807017543859651,7.094447041472195,958.000000000000000,22,9,4,15
295,4573961,1,7893.458246508900629,3,3,0,3.000000000000000,0.000000000000000,3.000000000000000,1,3,3,3
296,4573963,5,39467.291232544506784,3,15,12,8.000000000000000,5.366563145999495,40.000000000000000,4,3,5,5
297,4573965,4,31573.832986035602516,10,13,3,11.750000000000000,1.299038105676658,47.000000000000000,3,13,10,11
298,4573967,47,370992.537585918325931,1,45,44,10.446808510638299,8.057792608977303,491.000000000000000,17,10,6,10
299,4573969,2,15786.916493017801258,3,19,16,11.000000000000000,8.000000000000000,22.000000000000000,2,3,3,3
300,4573971,20,157869.164930178027134,1,12,11,5.500000000000000,3.774917217635375,110.000000000000000,10,1,6,5
301,4573973,22,173656.081423195806565,4,27,23,12.727272727272727,6.770133731603952,280.000000000000000,14,6,9,10
302,4573977,1,7893.458246508900629,14,14,0,14.000000000000000,0.000000000000000,14.000000000000000,1,14,14,14
303,4573979,4,31573.832986035602516,18,25,7,21.250000000000000,2.861380785564899,85.000000000000000,4,18,18,19
304,4573981,14,110508.415451124601532,4,21,17,11.500000000000000,5.341883028082353,161.000000000000000,11,6,4,10
305,4573983,17,134188.790190651314333,1,17,16,9.764705882352942,4.151957890593246,166.000000000000000,12,8,1,10
306,4573985,21,165762.623176686902298,2,21,19,10.809523809523810,4.316293026142726,227.000000000000000,11,8,2,11
307,4573987,6,47360.749479053403775,1,7,6,4.666666666666667,2.426703296426839,28.000000000000000,3,7,1,3
308,4573989,19,149975.706683669122867,2,19,17,9.684210526315789,4.942326658344624,184.000000000000000,13,14,2,10
309,4573991,8,63147.665972071205033,2,16,14,7.875000000000000,4.284784125250653,63.000000000000000,7,7,2,7
310,4573993,5,39467.291232544506784,4,12,8,9.000000000000000,3.033150177620620,45.000000000000000,4,11,4,11
311,4573995,5,39467.291232544506784,2,22,20,13.600000000000000,6.590902821313633,68.000000000000000,5,2,2,14
312,4573997,4,31573.832986035602516,12,22,10,15.500000000000000,4.092676385936225,62.000000000000000,3,12,16,12
313,4573999,5,39467.291232544506784,2,23,21,12.400000000000000,7.499333303701069,62.000000000000000,5,2,2,12
314,4574001,6,47360.749479053403775,6,9,3,7.666666666666667,0.942809041582062,46.000000000000000,4,8,6,8
315,4574003,1,7893.458246508900629,4,4,0,4.000000000000000,0.000000000000000,4.000000000000000,1,4,4,4
316,4574005,17,134188.790190651314333,7,21,14,11.470588235294118,3.631846833043088,195.000000000000000,9,10,11,10
317,4574007,3,23680.374739526701887,1,7,6,4.333333333333333,2.494438257849295,13.000000000000000,3,1,1,5
318,4574473,4,31573.832986035602516,4,30,26,13.250000000000000,10.084022015049353,53.000000000000000,4,4,4,7
319,4574475,4,31573.832986035602516,2,4,2,3.500000000000000,0.866025403784439,14.000000000000000,2,4,2,4
320,4574477,6,47360.749479053403775,1,17,16,5.166666666666667,5.489889697333535,31.000000000000000,5,1,3,3
321,4574481,7,55254.207725562300766,8,24,16,12.000000000000000,5.781744669956590,84.000000000000000,4,8,11,8
322,4574483,11,86828.040711597903282,2,30,28,11.727272727272727,8.592712653394251,129.000000000000000,9,4,2,8
323,4574485,9,71041.124218580109300,3,14,11,10.333333333333334,3.887301263230200,93.000000000000000,6,14,3,11
324,4574487,15,118401.873697633505799,2,12,10,7.133333333333334,2.552558629210218,107.000000000000000,7,5,2,7
325,4574491,7,55254.207725562300766,3,8,5,5.428571428571429,1.678191446352961,38.000000000000000,5,4,3,6
326,4574493,5,39467.291232544506784,3,11,8,7.800000000000000,3.059411708155671,39.000000000000000,4,11,3,8
327,4574495,15,118401.873697633505799,2,13,11,7.133333333333334,3.575223380744512,107.000000000000000,10,11,3,7
328,4574499,18,142082.248437160218600,6,32,26,15.888888888888889,7.563721077830002,286.000000000000000,11,6,11,15
329,4574501,27,213123.372655740327900,1,33,32,13.333333333333334,9.981464302878091,360.000000000000000,14,4,2,15
330,4574503,21,165762.623176686902298,4,22,18,9.761904761904763,4.297338732448942,205.000000000000000,10,8,5,9
331,4574505,6,47360.749479053403775,8,18,10,12.500000000000000,3.253203549323856,75.000000000000000,5,12,8,12
332,4574507,10,78934.582465089013567,4,19,15,10.400000000000000,4.317406628984579,104.000000000000000,9,11,4,10
333,4574509,9,71041.124218580109300,2,10,8,6.111111111111111,2.557969874049187,55.000000000000000,6,4,2,7
334,4574511,17,134188.790190651314333,3,11,8,7.647058823529412,2.112739411302114,130.000000000000000,7,8,3,8
335,4574513,21,165762.623176686902298,1,28,27,10.619047619047619,6.700932347895013,223.000000000000000,14,7,3,10
336,4574515,12,94721.498958106807549,2,14,12,6.333333333333333,3.613247231446467,76.000000000000000,7,2,3,7
337,4574517,4,31573.832986035602516,1,6,5,3.750000000000000,1.920286436967152,15.000000000000000,4,1,1,3
338,4574519,13,102614.957204615711817,6,19,13,12.307692307692308,4.045598089939909,160.000000000000000,8,10,13,11
339,4574521,18,142082.248437160218600,6,25,19,13.055555555555555,5.093265948749520,235.000000000000000,9,15,7,12
340,4574525,18,142082.248437160218600,4,27,23,14.222222222222221,6.835817073454234,256.000000000000000,14,10,6,14
341,4574527,14,110508.415451124601532,4,17,13,10.000000000000000,3.443420226626843,140.000000000000000,8,10,6,10
342,4574529,12,94721.498958106807549,5,17,12,10.000000000000000,3.807886552931954,120.000000000000000,9,5,6,9
343,4574531,14,110508.415451124601532,2,27,25,11.000000000000000,7.131419413913534,154.000000000000000,9,2,6,8
344,4574533,1,7893.458246508900629,10,10,0,10.000000000000000,0.000000000000000,10.000000000000000,1,10,10,10
345,4574535,17,134188.790190651314333,1,19,18,11.294117647058824,5.322148017067069,192.000000000000000,13,9,1,13
346,4574537,15,118401.873697633505799,2,23,21,14.533333333333333,6.259570450296269,218.000000000000000,12,14,2,14
347,4574539,16,126295.331944142410066,2,31,29,13.937500000000000,8.835077461460086,223.000000000000000,14,3,2,12
348,4574541,38,299951.413367338245735,3,30,27,10.657894736842104,6.250373950031746,405.000000000000000,18,5,3,8
349,4574543,9,71041.124218580109300,5,29,24,16.777777777777779,9.028076918120835,151.000000000000000,7,23,5,17
350,4574545,29,228910.289148758107331,2,19,17,9.620689655172415,4.342363833479038,279.000000000000000,16,10,2,10
351,4574547,46,363099.079339409421664,1,23,22,10.847826086956522,5.295475473599457,499.000000000000000,19,13,1,11
352,4574549,30,236803.747395267011598,1,29,28,10.466666666666667,6.741579109443787,314.000000000000000,18,4,1,9
353,4574551,28,221016.830902249203064,3,23,20,11.857142857142858,5.336627384100812,332.000000000000000,16,3,4,11
354,4574553,15,118401.873697633505799,3,38,35,23.666666666666668,9.630968567883267,355.000000000000000,12,18,3,23
355,4574555,6,47360.749479053403775,13,24,11,17.500000000000000,4.425306015783918,105.000000000000000,5,14,13,14
356,4574557,12,94721.498958106807549,1,32,31,13.666666666666666,8.586164581594174,164.000000000000000,11,15,1,12
357,4574559,29,228910.289148758107331,1,26,25,10.758620689655173,6.441541753840340,312.000000000000000,15,7,1,8
358,4574561,5,39467.291232544506784,12,30,18,22.800000000000001,6.177378084592196,114.000000000000000,5,12,12,24
359,4574563,31,244697.205641775915865,1,26,25,10.870967741935484,6.429478158144422,337.000000000000000,16,4,2,10
360,4574565,10,78934.582465089013567,4,44,40,18.699999999999999,14.744829602270757,187.000000000000000,9,16,4,9
361,4574567,4,31573.832986035602516,1,2,1,1.750000000000000,0.433012701892219,7.000000000000000,2,2,1,2
362,4574569,12,94721.498958106807549,5,37,32,18.250000000000000,8.387739067631198,219.000000000000000,9,13,5,17
363,4574571,5,39467.291232544506784,1,18,17,8.000000000000000,5.761944116355173,40.000000000000000,5,1,1,6
364,4574573,22,173656.081423195806565,6,26,20,13.500000000000000,5.875604417651624,297.000000000000000,14,8,11,12
365,4574575,14,110508.415451124601532,1,20,19,6.785714285714286,5.479553832574476,95.000000000000000,9,5,2,5
366,4574577,7,55254.207725562300766,6,11,5,9.142857142857142,1.726149424799226,64.000000000000000,4,8,6,10
367,4574579,9,71041.124218580109300,2,21,19,9.444444444444445,5.539978161030182,85.000000000000000,7,5,2,8
368,4574581,29,228910.289148758107331,2,22,20,10.379310344827585,5.378205014644585,301.000000000000000,16,5,2,9
369,4574583,8,63147.665972071205033,8,19,11,13.125000000000000,4.255511132637301,105.000000000000000,6,8,10,11
370,4574585,21,165762.623176686902298,1,30,29,10.904761904761905,6.767603232662154,229.000000000000000,14,7,1,11
371,4574587,7,55254.207725562300766,11,20,9,15.428571428571429,3.331972511340173,108.000000000000000,7,11,11,15
372,4574589,15,118401.873697633505799,4,17,13,7.533333333333333,3.263263533472111,113.000000000000000,7,6,17,7
373,4574591,29,228910.289148758107331,1,16,15,4.137931034482759,3.245412018166191,120.000000000000000,10,2,8,3
374,4574593,2,15786.916493017801258,12,17,5,14.500000000000000,2.500000000000000,29.000000000000000,2,12,12,12
375,4574595,4,31573.832986035602516,4,18,14,9.500000000000000,5.220153254455275,38.000000000000000,4,4,4,7
376,4574597,7,55254.207725562300766,7,23,16,14.571428571428571,5.314592925068079,102.000000000000000,7,7,7,14
377,4574599,18,142082.248437160218600,3,18,15,9.722222222222221,4.120484809064147,175.000000000000000,11,7,3,9
378,4574601,24,189442.997916213615099,2,20,18,8.583333333333334,5.163305358219890,206.000000000000000,10,2,17,7
379,4574603,13,102614.957204615711817,5,18,13,12.692307692307692,3.728984505704871,165.000000000000000,9,8,5,13
380,4574605,7,55254.207725562300766,3,12,9,8.000000000000000,2.777460299317654,56.000000000000000,5,8,3,8
381,4574607,11,86828.040711597903282,3,24,21,13.727272727272727,5.909790168416369,151.000000000000000,9,10,3,14
382,4574609,25,197336.456162722519366,1,23,22,9.199999999999999,6.019966777316965,230.000000000000000,16,4,2,8
383,4574611,16,126295.331944142410066,2,21,19,9.812500000000000,5.626041570233906,157.000000000000000,12,8,2,8
384,4574613,18,142082.248437160218600,4,18,14,11.388888888888889,3.846194206815773,205.000000000000000,12,11,4,11
385,4574615,4,31573.832986035602516,7,20,13,10.750000000000000,5.402545696243577,43.000000000000000,3,7,9,7
386,4574617,34,268377.580381302628666,1,28,27,7.558823529411764,6.458879781175809,257.000000000000000,14,5,8,5
387,4574619,13,102614.957204615711817,2,33,31,21.615384615384617,12.080107370501317,281.000000000000000,11,30,2,27
388,4574623,13,102614.957204615711817,3,20,17,8.000000000000000,4.819830830098628,104.000000000000000,8,5,8,5
389,4574625,5,39467.291232544506784,4,16,12,12.199999999999999,4.261455150532505,61.000000000000000,4,13,4,13
390,4574627,26,205229.914409231423633,1,21,20,8.692307692307692,7.075250638502720,226.000000000000000,14,2,5,5
391,4574629,5,39467.291232544506784,5,8,3,6.400000000000000,1.019803902718556,32.000000000000000,4,6,5,6
392,4574631,8,63147.665972071205033,8,14,6,11.250000000000000,2.106537443294090,90.000000000000000,5,9,8,12
393,4574633,33,260484.122134793724399,1,24,23,9.575757575757576,4.552923157111683,316.000000000000000,14,11,1,9
394,4574635,14,110508.415451124601532,3,24,21,10.357142857142858,7.177416396061258,145.000000000000000,9,4,5,6
395,4574637,14,110508.415451124601532,8,23,15,13.857142857142858,4.340130723132376,194.000000000000000,11,10,8,12
396,4574639,6,47360.749479053403775,6,13,7,9.666666666666666,2.426703296426841,58.000000000000000,5,11,6,10
397,4574641,28,221016.830902249203064,2,24,22,8.285714285714286,5.534677322231576,232.000000000000000,13,4,8,6
398,4574643,30,236803.747395267011598,1,20,19,8.766666666666667,5.308379120681649,263.000000000000000,16,2,1,9
399,4574645,25,197336.456162722519366,2,25,23,15.600000000000000,5.953150426454886,390.000000000000000,14,15,2,15
400,4574647,53,418353.287064971751533,1,40,39,14.433962264150944,9.930911212371701,765.000000000000000,27,7,1,11
401,4574649,9,71041.124218580109300,5,25,20,15.888888888888889,7.248669524577816,143.000000000000000,9,5,5,19
402,4574651,14,110508.415451124601532,3,29,26,14.357142857142858,7.266431064020581,201.000000000000000,11,16,5,15
403,4574653,30,236803.747395267011598,1,30,29,7.266666666666667,7.329999242079695,218.000000000000000,14,2,5,4
404,4574655,11,86828.040711597903282,1,28,27,12.727272727272727,8.592712653394251,140.000000000000000,9,1,4,11
405,4574657,12,94721.498958106807549,2,23,21,14.833333333333334,6.387922632245599,178.000000000000000,9,12,2,12
406,4574659,10,78934.582465089013567,2,20,18,12.000000000000000,5.531726674375733,120.000000000000000,7,11,2,11
407,4574661,10,78934.582465089013567,8,21,13,12.900000000000000,4.369210454990694,129.000000000000000,7,11,8,11
408,4574663,5,39467.291232544506784,4,26,22,15.600000000000000,7.002856560004639,78.000000000000000,5,4,4,16
409,4574665,17,134188.790190651314333,1,25,24,12.705882352941176,8.532048274058525,216.000000000000000,15,1,4,13
410,4574667,13,102614.957204615711817,6,20,14,11.923076923076923,4.598687746964654,155.000000000000000,10,8,6,11
411,4574669,22,173656.081423195806565,3,23,20,10.045454545454545,5.121055224421061,221.000000000000000,14,5,4,9
412,4574671,26,205229.914409231423633,2,30,28,11.923076923076923,6.462454147571761,310.000000000000000,15,7,2,12
413,4574673,24,189442.997916213615099,3,20,17,12.041666666666666,5.373384770225272,289.000000000000000,13,3,5,14
414,4574675,10,78934.582465089013567,1,35,34,8.400000000000000,9.583318840568751,84.000000000000000,7,2,1,5
415,4574677,20,157869.164930178027134,5,27,22,14.000000000000000,4.615192303685730,280.000000000000000,13,10,5,14
416,4574679,10,78934.582465089013567,7,25,18,16.100000000000001,6.155485358604954,161.000000000000000,8,13,7,14
417,4574681,31,244697.205641775915865,1,31,30,16.903225806451612,8.869501345075822,524.000000000000000,22,10,1,17
418,4574683,13,102614.957204615711817,1,13,12,5.769230769230769,3.983694577299708,75.000000000000000,9,2,1,4
419,4574685,10,78934.582465089013567,1,17,16,8.600000000000000,5.748043145279966,86.000000000000000,9,4,1,5
420,4574687,24,189442.997916213615099,1,22,21,11.333333333333334,5.233439489369193,272.000000000000000,16,12,3,12
421,4574689,1,7893.458246508900629,3,3,0,3.000000000000000,0.000000000000000,3.000000000000000,1,3,3,3
422,4574691,6,47360.749479053403775,1,14,13,7.500000000000000,4.112987559751022,45.000000000000000,5,9,1,8
423,4574693,1,7893.458246508900629,3,3,0,3.000000000000000,0.000000000000000,3.000000000000000,1,3,3,3
424,4574697,15,118401.873697633505799,4,31,27,15.400000000000000,7.264525678482617,231.000000000000000,10,9,4,12
425,4574699,5,39467.291232544506784,1,14,13,6.000000000000000,5.403702434442518,30.000000000000000,4,2,1,2
426,4574701,38,299951.413367338245735,3,27,24,11.526315789473685,6.290079248539606,438.000000000000000,17,5,3,10
427,4574705,23,181549.539669704710832,1,15,14,9.043478260869565,3.770344937161531,208.000000000000000,13,6,1,9
428,4574707,1,7893.458246508900629,24,24,0,24.000000000000000,0.000000000000000,24.000000000000000,1,24,24,24
429,4574709,11,86828.040711597903282,1,14,13,7.000000000000000,3.931226965534482,77.000000000000000,7,7,4,7
430,4574711,19,149975.706683669122867,7,32,25,22.526315789473685,6.011991710018374,428.000000000000000,11,26,7,22
431,4574713,33,260484.122134793724399,1,34,33,20.333333333333332,9.160741886942997,671.000000000000000,19,19,1,19
432,4574717,1,7893.458246508900629,14,14,0,14.000000000000000,0.000000000000000,14.000000000000000,1,14,14,14
433,4574719,57,449927.120051007310394,2,20,18,8.421052631578947,4.316217351489623,480.000000000000000,16,9,10,8
434,4574721,31,244697.205641775915865,2,15,13,7.870967741935484,3.908154712524049,244.000000000000000,13,10,3,9
435,4574723,11,86828.040711597903282,1,27,26,11.090909090909092,7.216830649814304,122.000000000000000,10,7,1,10
436,4574725,26,205229.914409231423633,3,24,21,10.538461538461538,5.047701451237821,274.000000000000000,16,11,3,10
437,4574727,21,165762.623176686902298,2,25,23,9.333333333333334,5.540614830360679,196.000000000000000,13,6,2,8
438,4574729,4,31573.832986035602516,20,25,5,22.750000000000000,2.277608394786075,91.000000000000000,3,25,20,21
439,4574755,20,157869.164930178027134,1,14,13,5.700000000000000,4.100000000000000,114.000000000000000,10,2,1,4
440,4574759,16,126295.331944142410066,2,24,22,13.062500000000000,5.141361079519703,209.000000000000000,11,12,2,12
441,4574761,18,142082.248437160218600,1,15,14,4.777777777777778,4.288946459026397,86.000000000000000,8,1,3,3
442,4574763,16,126295.331944142410066,1,22,21,9.312500000000000,5.719689130538477,149.000000000000000,10,4,1,7
443,4574765,15,118401.873697633505799,6,32,26,16.933333333333334,8.070247139269583,254.000000000000000,13,13,6,14
444,4574767,27,213123.372655740327900,2,31,29,13.370370370370370,7.693904023451622,361.000000000000000,17,11,5,11
445,4574769,29,228910.289148758107331,3,34,31,15.448275862068966,8.984992110972883,448.000000000000000,18,5,3,14
446,4574771,11,86828.040711597903282,2,24,22,9.363636363636363,6.918653669251072,103.000000000000000,9,2,3,6
447,4574773,32,252590.663888284820132,2,28,26,15.781250000000000,7.231590311784815,505.000000000000000,19,13,2,15
448,4574775,14,110508.415451124601532,2,26,24,12.571428571428571,6.218799674193977,176.000000000000000,10,14,2,14
449,4574777,30,236803.747395267011598,2,24,22,9.800000000000001,5.647418289212632,294.000000000000000,16,6,7,9
450,4574779,26,205229.914409231423633,2,23,21,9.807692307692308,5.385302154005922,255.000000000000000,14,8,2,8
451,4574781,4,31573.832986035602516,2,9,7,5.000000000000000,2.738612787525831,20.000000000000000,4,2,2,3
452,4574783,12,94721.498958106807549,8,30,22,14.416666666666666,6.921684926535031,173.000000000000000,9,8,11,11
453,4574785,15,118401.873697633505799,3,28,25,15.400000000000000,7.328483244619357,231.000000000000000,9,12,3,12
454,4574787,14,110508.415451124601532,3,42,39,14.928571428571429,10.298850738340287,209.000000000000000,12,4,3,12
455,4574789,23,181549.539669704710832,4,36,32,18.434782608695652,9.059350619574959,424.000000000000000,15,13,7,17
456,4574791,32,252590.663888284820132,4,41,37,20.312500000000000,9.979471115745563,650.000000000000000,21,21,4,19
457,4574793,9,71041.124218580109300,8,34,26,21.333333333333332,7.086763875156433,192.000000000000000,9,8,8,21
458,4574795,22,173656.081423195806565,3,22,19,12.136363636363637,5.198736337239294,267.000000000000000,17,14,3,12
459,4574797,16,126295.331944142410066,5,28,23,17.125000000000000,6.827105902210687,274.000000000000000,11,5,13,17
460,4574799,8,63147.665972071205033,1,21,20,13.125000000000000,6.679025003696273,105.000000000000000,6,12,1,12
461,4574801,29,228910.289148758107331,2,22,20,10.551724137931034,5.875643512205349,306.000000000000000,18,6,3,11
462,4574803,13,102614.957204615711817,2,18,16,9.230769230769230,4.370422372720552,120.000000000000000,10,5,2,8
463,4574805,31,244697.205641775915865,3,45,42,21.129032258064516,10.745567534761518,655.000000000000000,21,5,10,22
464,4574807,33,260484.122134793724399,1,24,23,9.787878787878787,6.785713940498622,323.000000000000000,18,2,7,9
465,4574811,16,126295.331944142410066,1,5,4,2.375000000000000,1.111024302164449,38.000000000000000,5,2,4,2
466,4574813,3,23680.374739526701887,5,6,1,5.333333333333333,0.471404520791033,16.000000000000000,2,5,6,5
467,4574815,16,126295.331944142410066,1,23,22,9.937500000000000,7.326908880967471,159.000000000000000,12,5,1,5
468,4574817,7,55254.207725562300766,3,33,30,14.714285714285714,10.038700623291923,103.000000000000000,7,3,3,11
469,4574819,2,15786.916493017801258,9,15,6,12.000000000000000,3.000000000000000,24.000000000000000,2,9,9,9
470,4574821,10,78934.582465089013567,1,21,20,12.500000000000000,6.484597134749390,125.000000000000000,8,16,1,12
471,4574823,31,244697.205641775915865,3,23,20,12.451612903225806,5.110638554114471,386.000000000000000,14,9,3,12
472,4574825,9,71041.124218580109300,1,12,11,4.000000000000000,3.197221015541813,36.000000000000000,6,1,2,3
473,4574827,24,189442.997916213615099,3,30,27,14.125000000000000,8.053531833922307,339.000000000000000,17,7,4,12
474,4574829,18,142082.248437160218600,1,17,16,8.111111111111111,5.043024763515652,146.000000000000000,11,1,3,8
475,4574831,2,15786.916493017801258,13,14,1,13.500000000000000,0.500000000000000,27.000000000000000,2,13,13,13
476,4574833,1,7893.458246508900629,15,15,0,15.000000000000000,0.000000000000000,15.000000000000000,1,15,15,15
477,4574835,6,47360.749479053403775,4,16,12,9.666666666666666,4.422166387140534,58.000000000000000,6,4,4,8
478,4574837,3,23680.374739526701887,1,29,28,10.666666666666666,12.970050972229146,32.000000000000000,3,1,1,2
479,4574839,27,213123.372655740327900,1,25,24,9.444444444444445,8.139220698583305,255.000000000000000,17,2,5,5
480,4574841,8,63147.665972071205033,4,14,10,7.750000000000000,3.307189138830738,62.000000000000000,7,4,5,7
481,4574843,2,15786.916493017801258,8,10,2,9.000000000000000,1.000000000000000,18.000000000000000,2,8,8,8
482,4574845,7,55254.207725562300766,2,23,21,10.000000000000000,6.233549779791836,70.000000000000000,7,2,2,9
483,4574847,25,197336.456162722519366,1,27,26,11.840000000000000,6.478765314471578,296.000000000000000,16,12,1,12
484,4574849,11,86828.040711597903282,4,16,12,9.454545454545455,3.229512666969383,104.000000000000000,8,8,4,9
485,4574851,6,47360.749479053403775,2,16,14,9.666666666666666,4.109609335312652,58.000000000000000,5,10,2,10
486,4574853,6,47360.749479053403775,4,13,9,8.500000000000000,3.304037933599835,51.000000000000000,4,6,4,6
487,4574857,14,110508.415451124601532,4,37,33,24.214285714285715,10.255162960525727,339.000000000000000,11,19,4,29
488,4574859,3,23680.374739526701887,2,2,0,2.000000000000000,0.000000000000000,6.000000000000000,1,2,2,2
489,4574863,1,7893.458246508900629,3,3,0,3.000000000000000,0.000000000000000,3.000000000000000,1,3,3,3
490,4574867,2,15786.916493017801258,7,8,1,7.500000000000000,0.500000000000000,15.000000000000000,2,7,7,7
491,4575373,1,7893.458246508900629,15,15,0,15.000000000000000,0.000000000000000,15.000000000000000,1,15,15,15
492,4592081,37,292057.955120829341467,1,11,10,6.297297297297297,2.921170302916512,233.000000000000000,11,4,2,6
493,4592083,17,134188.790190651314333,2,18,16,7.000000000000000,5.167773442493505,119.000000000000000,9,3,14,5
494,4592085,8,63147.665972071205033,2,10,8,5.750000000000000,2.487468592766550,46.000000000000000,7,6,2,6
495,4592087,7,55254.207725562300766,4,17,13,11.285714285714286,4.890640791035339,79.000000000000000,5,7,4,12
496,4592089,24,189442.997916213615099,1,33,32,14.000000000000000,9.055385138137417,336.000000000000000,15,5,1,11
497,4592091,28,221016.830902249203064,1,39,38,12.714285714285714,9.215116241640080,356.000000000000000,18,8,1,9
498,4592093,10,78934.582465089013567,1,52,51,27.699999999999999,15.943964375273799,277.000000000000000,8,1,17,31
499,4592095,19,149975.706683669122867,2,30,28,8.947368421052632,5.862222357564500,170.000000000000000,10,7,4,9
500,4592097,50,394672.912325445038732,1,27,26,8.400000000000000,5.706137047074843,420.000000000000000,19,4,12,7
501,4592099,30,236803.747395267011598,2,29,27,12.900000000000000,8.549268974596599,387.000000000000000,19,5,2,10
502,4592101,9,71041.124218580109300,1,8,7,6.111111111111111,2.182986967154279,55.000000000000000,5,8,1,7
503,4592103,16,126295.331944142410066,2,17,15,8.937500000000000,5.261520098792744,143.000000000000000,9,2,4,11
504,4592105,19,149975.706683669122867,4,28,24,13.315789473684211,7.240621022936080,253.000000000000000,13,5,4,13
505,4592107,26,205229.914409231423633,1,18,17,8.769230769230770,4.971516502171238,228.000000000000000,15,13,3,9
506,4592109,28,221016.830902249203064,1,10,9,4.142857142857143,2.668791670324200,116.000000000000000,9,2,8,3
507,4592111,15,118401.873697633505799,5,18,13,10.866666666666667,3.930507459462314,163.000000000000000,10,5,8,11
508,4592113,24,189442.997916213615099,1,6,5,3.083333333333333,1.469599340712366,74.000000000000000,6,3,5,3
509,4592115,13,102614.957204615711817,2,12,10,5.846153846153846,3.676247121645699,76.000000000000000,7,2,7,6
510,4592117,22,173656.081423195806565,4,22,18,13.136363636363637,5.276840088757100,289.000000000000000,17,6,4,12
511,4592119,20,157869.164930178027134,1,20,19,7.950000000000000,5.580994535026889,159.000000000000000,13,2,9,8
512,4592121,20,157869.164930178027134,1,19,18,8.300000000000001,5.254521862167859,166.000000000000000,12,7,1,7
513,4592123,7,55254.207725562300766,1,12,11,6.571428571428571,4.169862719807550,46.000000000000000,5,3,1,6
514,4592125,23,181549.539669704710832,2,13,11,5.739130434782608,2.488537047174642,132.000000000000000,9,5,13,5
515,4592127,36,284164.496874320437200,1,11,10,5.861111111111111,2.572858092750570,211.000000000000000,11,4,1,5
516,4592129,24,189442.997916213615099,2,13,11,7.166666666666667,2.687419249432849,172.000000000000000,9,7,2,7
517,4592131,18,142082.248437160218600,3,14,11,8.333333333333334,3.214550253664318,150.000000000000000,10,8,3,8
518,4592133,21,165762.623176686902298,5,26,21,15.523809523809524,6.751501050870784,326.000000000000000,13,17,7,17
519,4592135,10,78934.582465089013567,2,12,10,6.100000000000000,2.662705391138870,61.000000000000000,7,6,2,6
520,4592137,20,157869.164930178027134,1,10,9,4.250000000000000,2.046338192968113,85.000000000000000,8,4,1,4
521,4592139,10,78934.582465089013567,1,9,8,5.300000000000000,2.934280150224243,53.000000000000000,7,2,1,5
522,4592141,18,142082.248437160218600,2,15,13,6.722222222222222,2.959083107907950,121.000000000000000,10,6,2,6
523,4592143,15,118401.873697633505799,1,9,8,5.600000000000000,2.332380757938120,84.000000000000000,7,4,1,6
524,4592145,19,149975.706683669122867,4,18,14,7.894736842105263,3.401156720295477,150.000000000000000,9,4,5,8
525,4592147,4,31573.832986035602516,1,10,9,6.750000000000000,3.699662146737186,27.000000000000000,3,10,1,6
526,4592149,12,94721.498958106807549,2,22,20,10.083333333333334,6.601241465731190,121.000000000000000,11,22,2,8
527,4592151,14,110508.415451124601532,6,21,15,12.357142857142858,4.699652614170281,173.000000000000000,12,7,6,12
528,4592153,4,31573.832986035602516,1,3,2,1.750000000000000,0.829156197588850,7.000000000000000,3,1,2,1
529,4592155,26,205229.914409231423633,2,18,16,7.846153846153846,3.889752886083241,204.000000000000000,10,6,2,7
530,4592157,24,189442.997916213615099,1,24,23,8.875000000000000,6.247082652460000,213.000000000000000,14,5,4,8
531,4592159,31,244697.205641775915865,1,12,11,5.096774193548387,3.019878642185407,158.000000000000000,12,4,6,4
532,4592161,13,102614.957204615711817,1,17,16,7.384615384615385,4.429593861196298,96.000000000000000,10,3,1,6
533,4592163,31,244697.205641775915865,1,16,15,7.193548387096774,4.343473820377401,223.000000000000000,14,2,4,8
534,4592165,9,71041.124218580109300,3,9,6,5.333333333333333,2.260776661041756,48.000000000000000,5,3,7,6
535,4592167,13,102614.957204615711817,2,9,7,4.384615384615385,2.237390703422921,57.000000000000000,5,2,9,4
536,4592169,8,63147.665972071205033,5,18,13,10.375000000000000,3.705991770093398,83.000000000000000,7,8,5,9
537,4592171,20,157869.164930178027134,4,21,17,10.550000000000001,5.123231402152356,211.000000000000000,13,8,5,8
538,4592175,5,39467.291232544506784,1,9,8,5.000000000000000,3.405877273185280,25.000000000000000,4,9,1,4
539,4592177,30,236803.747395267011598,1,19,18,9.566666666666666,4.341146801889515,287.000000000000000,14,8,1,8
540,4592179,31,244697.205641775915865,1,28,27,14.548387096774194,7.290465314046653,451.000000000000000,18,23,1,15
541,4592181,7,55254.207725562300766,1,7,6,3.714285714285714,2.373321103690878,26.000000000000000,4,1,2,4
542,4592183,9,71041.124218580109300,1,4,3,2.333333333333333,1.247219128924647,21.000000000000000,3,1,1,2
543,4592185,27,213123.372655740327900,2,26,24,10.703703703703704,6.671191879821303,289.000000000000000,15,11,2,11
544,4592187,38,299951.413367338245735,3,21,18,9.631578947368421,5.177995205582028,366.000000000000000,18,7,11,8
545,4592189,10,78934.582465089013567,1,18,17,7.700000000000000,6.753517601961218,77.000000000000000,7,1,3,3
546,4592191,17,134188.790190651314333,2,11,9,5.882352941176471,2.676308980253488,100.000000000000000,8,6,3,6
547,4592195,6,47360.749479053403775,2,6,4,4.000000000000000,1.732050807568877,24.000000000000000,4,2,3,3
548,4592197,16,126295.331944142410066,1,10,9,3.687500000000000,2.228192933746986,59.000000000000000,8,3,1,3
549,4592199,22,173656.081423195806565,1,33,32,10.500000000000000,9.604686356149273,231.000000000000000,14,3,5,6
550,4592201,18,142082.248437160218600,2,22,20,13.888888888888889,6.008224815375899,250.000000000000000,14,13,2,15
551,4592203,2,15786.916493017801258,5,10,5,7.500000000000000,2.500000000000000,15.000000000000000,2,5,5,5
552,4592205,13,102614.957204615711817,2,18,16,9.153846153846153,4.943467388633733,119.000000000000000,11,7,2,7
553,4592207,7,55254.207725562300766,4,12,8,7.000000000000000,3.295017884191656,49.000000000000000,4,4,7,5
554,4592209,10,78934.582465089013567,4,10,6,7.200000000000000,2.227105745132009,72.000000000000000,5,5,4,7
555,4592211,42,331525.246353373804595,1,20,19,7.880952380952381,5.081255848481990,331.000000000000000,17,4,1,6
556,4592215,35,276271.038627811532933,1,13,12,6.628571428571429,3.618095112748967,232.000000000000000,13,2,1,6
557,4592217,37,292057.955120829341467,2,17,15,7.270270270270270,3.731883436149639,269.000000000000000,13,6,12,6
558,4592253,73,576222.451995149720460,1,27,26,10.821917808219178,6.793111873416437,790.000000000000000,24,10,19,10
559,4592255,59,465714.036544025118928,2,16,14,7.084745762711864,3.087910464546911,418.000000000000000,13,9,2,7
560,4592257,40,315738.329860356054269,1,15,14,4.225000000000000,2.650353749973765,169.000000000000000,10,4,10,4
561,4592259,71,560435.535502131911926,1,16,15,6.253521126760563,3.870139604641261,444.000000000000000,14,4,14,6
562,4592261,16,126295.331944142410066,4,11,7,7.000000000000000,2.031009601158990,112.000000000000000,7,7,10,7
563,4592263,58,457820.578297516214661,1,26,25,11.103448275862069,7.343046570530503,644.000000000000000,21,1,7,10
564,4592265,10,78934.582465089013567,3,50,47,11.500000000000000,13.544371524733069,115.000000000000000,8,5,3,6
565,4592267,38,299951.413367338245735,1,32,31,11.657894736842104,7.427815134555396,443.000000000000000,17,15,13,11
566,4592269,4,31573.832986035602516,9,16,7,13.000000000000000,2.549509756796392,52.000000000000000,4,9,9,13
567,4592271,34,268377.580381302628666,3,29,26,12.117647058823529,5.427407060912633,412.000000000000000,19,10,3,10
568,4592273,24,189442.997916213615099,2,19,17,8.125000000000000,4.585416193396917,195.000000000000000,13,10,6,8
569,4592275,102,805132.741143907885998,1,22,21,5.509803921568627,4.458402725586152,562.000000000000000,19,2,12,4
570,4592277,17,134188.790190651314333,1,12,11,6.058823529411764,3.811292635982368,103.000000000000000,11,1,2,6
571,4592279,68,536755.160762605257332,1,18,17,6.014705882352941,3.635982944448219,409.000000000000000,14,3,13,5
572,4592281,7,55254.207725562300766,4,11,7,6.428571428571429,2.441143927233580,45.000000000000000,4,4,11,5
573,4592283,30,236803.747395267011598,1,28,27,12.100000000000000,5.664803615307418,363.000000000000000,18,11,1,11
574,4592285,148,1168231.820483317365870,1,24,23,6.837837837837838,4.455567507236454,1012.000000000000000,19,4,17,6
575,4592287,38,299951.413367338245735,1,15,14,6.894736842105263,4.191403945697799,262.000000000000000,15,3,7,6
576,4592289,31,244697.205641775915865,1,12,11,4.419354838709677,2.948747066329404,137.000000000000000,11,3,7,3
577,4592291,61,481500.953037042927463,1,23,22,8.311475409836065,5.055563348825281,507.000000000000000,19,8,3,7
578,4592293,53,418353.287064971751533,1,16,15,6.792452830188680,4.292857123817523,360.000000000000000,15,2,13,6
579,4592295,18,142082.248437160218600,3,17,14,9.222222222222221,3.808697000222804,166.000000000000000,11,7,3,7
580,4592297,32,252590.663888284820132,1,15,14,5.468750000000000,3.211156090491398,175.000000000000000,12,3,2,5
581,4592299,29,228910.289148758107331,2,12,10,6.448275862068965,2.580914124298515,187.000000000000000,11,5,4,6
582,4592301,29,228910.289148758107331,1,37,36,6.724137931034483,7.157810066388481,195.000000000000000,14,2,6,4
583,4592303,61,481500.953037042927463,1,34,33,7.836065573770492,6.589062790315211,478.000000000000000,20,2,13,6
584,4592305,99,781452.366404381114990,1,30,29,6.686868686868687,6.147425287844135,662.000000000000000,23,3,10,4
585,4592307,45,355205.621092900517397,1,11,10,3.844444444444445,2.555652172086678,173.000000000000000,9,2,8,3
586,4592311,43,339418.704599882708862,1,12,11,4.511627906976744,2.983458996278818,194.000000000000000,12,1,9,4
587,4592313,19,149975.706683669122867,1,6,5,2.526315789473684,1.464255551920374,48.000000000000000,6,1,5,2
588,4592315,13,102614.957204615711817,3,14,11,7.769230769230769,2.939226642237353,101.000000000000000,8,8,3,8
589,4592317,48,378885.995832427230198,1,26,25,8.750000000000000,5.410252612709811,420.000000000000000,18,6,1,7
590,4592321,175,1381355.193139057606459,1,22,21,5.565714285714286,3.722513962912918,974.000000000000000,19,3,12,5
591,4592323,146,1152444.903990299440920,1,18,17,5.698630136986301,2.989410220418248,832.000000000000000,16,5,12,5
592,4592325,35,276271.038627811532933,1,22,21,2.657142857142857,3.438794283240709,93.000000000000000,5,3,4,2
593,4592327,11,86828.040711597903282,1,22,21,6.272727272727272,6.195172740873025,69.000000000000000,6,4,5,4
594,4592329,50,394672.912325445038732,1,20,19,8.859999999999999,5.370325874656026,443.000000000000000,16,9,14,9
595,4592331,35,276271.038627811532933,1,41,40,11.714285714285714,10.115254190920700,410.000000000000000,20,4,6,10
596,4592333,4,31573.832986035602516,25,37,12,31.250000000000000,4.264680527307995,125.000000000000000,4,25,25,31
597,4592335,31,244697.205641775915865,1,12,11,4.806451612903226,2.705065199127306,149.000000000000000,9,4,8,5
598,4592337,1,7893.458246508900629,2,2,0,2.000000000000000,0.000000000000000,2.000000000000000,1,2,2,2
599,4592339,9,71041.124218580109300,1,8,7,4.666666666666667,2.624669291337270,42.000000000000000,5,3,1,3
600,4592341,8,63147.665972071205033,2,5,3,3.125000000000000,1.053268721647045,25.000000000000000,4,2,5,3
601,4592343,15,118401.873697633505799,2,13,11,5.800000000000000,2.902872140943633,87.000000000000000,8,3,2,5
602,4592345,9,71041.124218580109300,2,11,9,6.555555555555555,3.130889511912305,59.000000000000000,8,2,4,7
603,4592351,22,173656.081423195806565,1,23,22,11.136363636363637,6.144439130742931,245.000000000000000,15,1,6,10
604,4592353,11,86828.040711597903282,1,7,6,4.636363636363637,1.871932752906727,51.000000000000000,6,4,1,4
605,4592355,46,363099.079339409421664,1,20,19,9.130434782608695,4.121041951677491,420.000000000000000,15,9,3,9
606,4592357,10,78934.582465089013567,3,10,7,7.700000000000000,2.147091055358390,77.000000000000000,6,9,3,8
607,4592361,1,7893.458246508900629,8,8,0,8.000000000000000,0.000000000000000,8.000000000000000,1,8,8,8
608,4592363,4,31573.832986035602516,1,8,7,3.750000000000000,2.586020108197150,15.000000000000000,3,3,1,3
609,4592365,13,102614.957204615711817,1,11,10,4.076923076923077,3.245388170727537,53.000000000000000,7,1,3,3
610,4592367,6,47360.749479053403775,5,18,13,9.333333333333334,4.459696053419883,56.000000000000000,6,5,5,7
611,4592369,9,71041.124218580109300,1,12,11,7.333333333333333,3.333333333333333,66.000000000000000,8,8,1,8
612,4592371,4,31573.832986035602516,1,5,4,2.750000000000000,1.479019945774904,11.000000000000000,4,1,1,2
613,4592373,13,102614.957204615711817,2,11,9,7.230769230769231,2.991111091572858,94.000000000000000,8,9,2,8
614,4592375,30,236803.747395267011598,1,15,14,7.466666666666667,4.624091502362623,224.000000000000000,13,12,4,7
615,4592377,17,134188.790190651314333,1,28,27,10.705882352941176,7.520675078290379,182.000000000000000,13,1,2,9
616,4592379,16,126295.331944142410066,1,15,14,8.312500000000000,4.194024767451904,133.000000000000000,8,4,1,8
617,4592381,39,307844.871613847150002,3,16,13,9.641025641025641,3.540876173529035,376.000000000000000,13,10,12,10
618,4592383,71,560435.535502131911926,1,26,25,8.380281690140846,6.167534712321684,595.000000000000000,20,1,4,9
619,4592385,54,426246.745311480655801,6,28,22,15.814814814814815,6.359810368923699,854.000000000000000,20,12,9,15
620,4592387,30,236803.747395267011598,1,24,23,12.333333333333334,6.420453428086073,370.000000000000000,18,13,1,13
621,4592389,25,197336.456162722519366,1,33,32,12.000000000000000,8.452218643646175,300.000000000000000,15,11,4,11
622,4592391,35,276271.038627811532933,1,27,26,12.400000000000000,5.748043145279965,434.000000000000000,19,18,1,12
623,4592393,6,47360.749479053403775,3,16,13,9.166666666666666,4.980517599161312,55.000000000000000,4,5,3,5
624,4592395,14,110508.415451124601532,2,22,20,12.642857142857142,5.899238968558849,177.000000000000000,10,5,2,12
625,4592397,14,110508.415451124601532,5,24,19,14.214285714285714,4.988251503405227,199.000000000000000,9,15,5,15
626,4592399,2,15786.916493017801258,8,8,0,8.000000000000000,0.000000000000000,16.000000000000000,1,8,8,8
627,4592401,43,339418.704599882708862,1,26,25,7.674418604651163,5.001027476906135,330.000000000000000,14,5,2,6
628,4592403,9,71041.124218580109300,2,9,7,5.444444444444445,2.266230894930127,49.000000000000000,6,5,2,5
629,4592405,5,39467.291232544506784,8,14,6,11.400000000000000,2.154065922853798,57.000000000000000,5,8,8,12
630,4592407,3,23680.374739526701887,1,2,1,1.333333333333333,0.471404520791032,4.000000000000000,2,1,2,1
631,4592409,2,15786.916493017801258,2,6,4,4.000000000000000,2.000000000000000,8.000000000000000,2,2,2,2
632,4592411,1,7893.458246508900629,3,3,0,3.000000000000000,0.000000000000000,3.000000000000000,1,3,3,3
633,4592413,5,39467.291232544506784,1,3,2,2.400000000000000,0.800000000000000,12.000000000000000,3,3,1,3
634,4592763,1,7893.458246508900629,5,5,0,5.000000000000000,0.000000000000000,5.000000000000000,1,5,5,5
635,4592765,8,63147.665972071205033,4,12,8,8.375000000000000,2.595067436503337,67.000000000000000,7,8,4,8
636,4592767,9,71041.124218580109300,1,6,5,3.111111111111111,1.594744454934147,28.000000000000000,5,2,1,2
637,4592769,16,126295.331944142410066,2,10,8,5.312500000000000,2.467760877799954,85.000000000000000,9,2,4,5
638,4592771,7,55254.207725562300766,2,6,4,3.142857142857143,1.355261854357877,22.000000000000000,4,2,4,3
639,4592773,7,55254.207725562300766,2,23,21,9.571428571428571,7.088363560031588,67.000000000000000,5,4,2,6
640,4592775,6,47360.749479053403775,3,7,4,4.500000000000000,1.258305739211792,27.000000000000000,4,4,3,4
641,4592777,30,236803.747395267011598,1,7,6,3.066666666666667,1.526069752301280,92.000000000000000,6,2,7,3
642,4592779,19,149975.706683669122867,1,8,7,3.526315789473684,1.728047911513895,67.000000000000000,7,4,6,4
643,4592781,20,157869.164930178027134,1,41,40,8.100000000000000,10.168087332433766,162.000000000000000,11,2,4,3
644,4592785,23,181549.539669704710832,2,11,9,6.739130434782608,2.831766867466746,155.000000000000000,10,9,5,8
645,4592787,9,71041.124218580109300,1,17,16,4.777777777777778,5.006169033808360,43.000000000000000,6,1,2,3
646,4592789,23,181549.539669704710832,1,28,27,9.826086956521738,7.715890852300366,226.000000000000000,14,5,1,8
647,4592791,26,205229.914409231423633,2,20,18,8.615384615384615,5.233596520976631,224.000000000000000,12,3,2,6
648,4592793,12,94721.498958106807549,2,22,20,10.083333333333334,5.692953734417856,121.000000000000000,10,6,2,9
649,4592795,37,292057.955120829341467,1,24,23,8.000000000000000,6.718268760263699,296.000000000000000,18,2,4,6
650,4592797,29,228910.289148758107331,2,16,14,8.862068965517242,3.318954321521645,257.000000000000000,12,8,5,9
651,4592799,22,173656.081423195806565,1,9,8,5.090909090909091,2.333726845998807,112.000000000000000,8,3,1,4
652,4592801,57,449927.120051007310394,1,17,16,5.684210526315789,3.341172683811342,324.000000000000000,13,6,10,6
653,4592803,50,394672.912325445038732,1,19,18,7.660000000000000,4.705783675436005,383.000000000000000,18,6,1,6
654,4592805,30,236803.747395267011598,2,12,10,6.800000000000000,2.638181191654584,204.000000000000000,11,4,2,6
655,4592807,53,418353.287064971751533,2,12,10,5.433962264150943,2.367304286204388,288.000000000000000,11,4,9,5
656,4592809,43,339418.704599882708862,2,23,21,11.116279069767442,5.190372582968108,478.000000000000000,16,14,2,11
657,4592811,58,457820.578297516214661,1,23,22,4.982758620689655,5.507021785115438,289.000000000000000,16,2,6,2
658,4592813,30,236803.747395267011598,1,18,17,8.266666666666667,4.689941956523081,248.000000000000000,15,4,3,7
659,4592815,14,110508.415451124601532,1,7,6,2.857142857142857,1.641303613296579,40.000000000000000,6,2,5,2
660,4592817,17,134188.790190651314333,4,20,16,11.176470588235293,4.105022664086565,190.000000000000000,11,12,5,12
661,4592819,29,228910.289148758107331,2,47,45,16.827586206896552,10.910510483070400,488.000000000000000,20,8,4,13
662,4592821,27,213123.372655740327900,2,27,25,12.518518518518519,6.724033018020870,338.000000000000000,16,8,2,10
663,4592823,70,552542.077255623065867,1,38,37,9.442857142857143,7.844262169228655,661.000000000000000,23,3,8,6
664,4592825,37,292057.955120829341467,1,32,31,8.405405405405405,7.926893871956914,311.000000000000000,16,2,4,5
665,4592827,20,157869.164930178027134,3,19,16,8.949999999999999,5.800646515691160,179.000000000000000,11,3,9,6
666,4592829,27,213123.372655740327900,2,17,15,9.481481481481481,4.219622331444775,256.000000000000000,12,8,3,8
667,4592831,12,94721.498958106807549,2,16,14,6.250000000000000,4.866980583482946,75.000000000000000,8,2,5,4
668,4592833,32,252590.663888284820132,1,18,17,6.062500000000000,3.297134172277495,194.000000000000000,11,4,1,6
669,4592835,64,505181.327776569640264,1,15,14,5.953125000000000,3.285525488316138,381.000000000000000,14,5,8,5
670,4592837,5,39467.291232544506784,1,3,2,1.800000000000000,0.748331477354788,9.000000000000000,3,1,3,2
671,4592839,51,402566.370571953942999,1,24,23,8.274509803921569,6.249951941376167,422.000000000000000,18,2,11,6
672,4592841,27,213123.372655740327900,1,25,24,5.481481481481482,5.763039131173311,148.000000000000000,12,1,4,3
673,4592843,27,213123.372655740327900,2,14,12,7.962962962962963,3.615619218330602,215.000000000000000,10,11,2,7
674,4592845,32,252590.663888284820132,1,17,16,4.218750000000000,3.247444909078520,135.000000000000000,9,2,17,3
675,4592847,42,331525.246353373804595,1,30,29,10.619047619047619,6.965740588775424,446.000000000000000,20,4,2,9
676,4592849,45,355205.621092900517397,2,37,35,10.422222222222222,6.907287259405868,469.000000000000000,21,8,2,8
677,4592851,13,102614.957204615711817,2,18,16,7.153846153846154,5.156715619105959,93.000000000000000,10,2,5,5
678,4592853,71,560435.535502131911926,1,31,30,9.225352112676056,6.114395811821663,655.000000000000000,22,10,12,8
679,4592855,42,331525.246353373804595,1,27,26,11.000000000000000,5.960185359853293,462.000000000000000,18,15,1,10
680,4592857,17,134188.790190651314333,2,30,28,13.058823529411764,6.991344129247538,222.000000000000000,12,9,2,12
681,4592859,43,339418.704599882708862,2,33,31,11.093023255813954,7.197589885666581,477.000000000000000,19,6,4,9
682,4592861,19,149975.706683669122867,1,12,11,6.263157894736842,3.431159160632973,119.000000000000000,9,6,1,6
683,4592863,17,134188.790190651314333,1,23,22,9.235294117647058,6.646798537329664,157.000000000000000,9,3,2,8
684,4592865,16,126295.331944142410066,2,24,22,8.625000000000000,5.851014869234225,138.000000000000000,12,2,3,7
685,4592867,32,252590.663888284820132,1,12,11,4.750000000000000,3.326033673912518,152.000000000000000,11,1,8,4
686,4592869,12,94721.498958106807549,3,13,10,7.833333333333333,3.647678104706549,94.000000000000000,8,4,3,7
687,4592871,35,276271.038627811532933,1,24,23,9.857142857142858,6.744914940236119,345.000000000000000,18,4,6,8
688,4592873,24,189442.997916213615099,1,36,35,11.500000000000000,8.200609733428363,276.000000000000000,14,16,1,10
689,4592875,36,284164.496874320437200,1,37,36,6.166666666666667,8.748015648007140,222.000000000000000,10,3,6,3
690,4592877,20,157869.164930178027134,1,7,6,3.450000000000000,1.935846068260594,69.000000000000000,6,2,6,3
691,4592879,5,39467.291232544506784,1,7,6,2.800000000000000,2.227105745132009,14.000000000000000,4,1,2,2
692,4592881,40,315738.329860356054269,1,26,25,11.650000000000000,6.872226713373183,466.000000000000000,20,5,1,9
693,4592883,69,544648.619009114103392,2,38,36,10.217391304347826,7.254922497248597,705.000000000000000,22,4,11,8
694,4592885,14,110508.415451124601532,1,22,21,5.928571428571429,5.848861741695505,83.000000000000000,8,2,1,2
695,4592887,17,134188.790190651314333,3,32,29,12.529411764705882,8.182604554849151,213.000000000000000,10,5,3,13
696,4592889,42,331525.246353373804595,1,28,27,7.690476190476191,7.096236746594551,323.000000000000000,18,3,8,5
697,4592891,6,47360.749479053403775,1,4,3,2.500000000000000,0.957427107756338,15.000000000000000,4,2,1,2
698,4592893,2,15786.916493017801258,1,3,2,2.000000000000000,1.000000000000000,4.000000000000000,2,1,1,1
699,4592895,56,442033.661804498406127,2,25,23,8.142857142857142,5.540205551332948,456.000000000000000,19,5,12,7
700,4592897,11,86828.040711597903282,1,10,9,3.727272727272727,3.544288852657805,41.000000000000000,6,1,2,1
701,4592899,37,292057.955120829341467,1,23,22,7.594594594594595,5.080218443161775,281.000000000000000,15,3,6,7
702,4592901,9,71041.124218580109300,1,2,1,1.333333333333333,0.471404520791032,12.000000000000000,2,1,2,1
703,4592903,1,7893.458246508900629,2,2,0,2.000000000000000,0.000000000000000,2.000000000000000,1,2,2,2
704,4592905,6,47360.749479053403775,1,5,4,2.000000000000000,1.414213562373095,12.000000000000000,3,1,5,1
705,4592907,104,820919.657636925694533,1,39,38,10.528846153846153,8.622373324413768,1095.000000000000000,29,2,1,7
706,4592909,17,134188.790190651314333,1,15,14,6.764705882352941,3.686691674351153,115.000000000000000,10,5,1,6
707,4592911,85,670943.950953256571665,1,21,20,8.682352941176470,4.243227863191175,738.000000000000000,19,5,1,8
708,4592913,23,181549.539669704710832,1,25,24,7.086956521739131,6.553545628318877,163.000000000000000,12,2,5,4
709,4592915,34,268377.580381302628666,2,30,28,13.558823529411764,8.367272295960046,461.000000000000000,20,7,2,12
710,4592917,8,63147.665972071205033,4,13,9,6.500000000000000,2.872281323269014,52.000000000000000,5,4,9,5
711,4592919,13,102614.957204615711817,5,31,26,16.230769230769230,8.153846153846155,211.000000000000000,9,14,5,14
712,4592921,30,236803.747395267011598,1,19,18,9.733333333333333,4.689941956523082,292.000000000000000,16,8,1,9
713,4592923,52,410459.828818462847266,1,50,49,13.942307692307692,8.850061845804030,725.000000000000000,23,13,14,13
714,4592925,36,284164.496874320437200,1,28,27,8.500000000000000,7.270564703729080,306.000000000000000,18,2,4,6
715,4592929,18,142082.248437160218600,8,42,34,21.444444444444443,10.568413221704164,386.000000000000000,13,13,11,18
716,4592931,23,181549.539669704710832,1,16,15,8.173913043478262,4.983906045532904,188.000000000000000,11,9,6,8
717,4592933,33,260484.122134793724399,1,20,19,7.666666666666667,4.952297701597969,253.000000000000000,16,6,8,6
718,4592935,25,197336.456162722519366,2,27,25,10.840000000000000,5.273935911631844,271.000000000000000,16,9,2,10
719,4592937,20,157869.164930178027134,1,31,30,5.800000000000000,6.705221845696084,116.000000000000000,10,3,9,3
720,4592939,8,63147.665972071205033,3,19,16,12.000000000000000,4.898979485566356,96.000000000000000,7,16,3,11
721,4592941,13,102614.957204615711817,1,9,8,5.307692307692307,2.299987136573239,69.000000000000000,7,6,3,6
722,4592943,7,55254.207725562300766,2,4,2,2.857142857142857,0.638876564999940,20.000000000000000,3,3,4,3
723,4592945,9,71041.124218580109300,2,9,7,5.888888888888889,2.233305693582419,53.000000000000000,7,5,2,6
724,4592947,4,31573.832986035602516,1,8,7,5.250000000000000,2.586020108197150,21.000000000000000,3,6,1,6
725,4592949,49,386779.454078936134465,1,22,21,9.346938775510203,4.714506576679864,458.000000000000000,18,4,1,9
726,4592951,32,252590.663888284820132,1,27,26,11.031250000000000,7.152291481581270,353.000000000000000,19,4,2,10
727,4592953,43,339418.704599882708862,1,32,31,13.604651162790697,7.594794835888778,585.000000000000000,26,11,1,11
728,4592955,5,39467.291232544506784,2,8,6,5.000000000000000,1.897366596101028,25.000000000000000,3,5,2,5
729,4592957,19,149975.706683669122867,3,13,10,6.736842105263158,3.126156295772105,128.000000000000000,9,3,12,6
730,4592959,12,94721.498958106807549,4,12,8,8.500000000000000,2.101586702153082,102.000000000000000,5,9,4,9
731,4592961,17,134188.790190651314333,1,18,17,5.470588235294118,5.595351506161936,93.000000000000000,8,1,15,3
732,4592963,7,55254.207725562300766,4,25,21,16.428571428571427,7.518684209680439,115.000000000000000,7,4,4,20
733,4592965,9,71041.124218580109300,1,11,10,7.000000000000000,2.538591035287969,63.000000000000000,6,7,1,7
734,4592967,18,142082.248437160218600,1,19,18,6.555555555555555,4.633479880442898,118.000000000000000,11,6,8,6
735,4592969,27,213123.372655740327900,2,11,9,4.592592592592593,2.329508917557983,124.000000000000000,8,3,8,4
736,4592971,18,142082.248437160218600,1,17,16,9.611111111111111,5.089628767174903,173.000000000000000,13,15,1,9
737,4592973,22,173656.081423195806565,2,17,15,9.136363636363637,4.277801628974806,201.000000000000000,14,8,2,8
738,4592975,49,386779.454078936134465,1,31,30,11.020408163265307,8.262256933146119,540.000000000000000,23,3,5,10
739,4592977,51,402566.370571953942999,2,30,28,7.705882352941177,5.202918176829866,393.000000000000000,16,2,15,7
740,4592979,5,39467.291232544506784,10,16,6,13.600000000000000,2.059126028197402,68.000000000000000,5,10,10,14
741,4592981,69,544648.619009114103392,1,34,33,9.014492753623188,6.746964435249915,622.000000000000000,23,8,2,7
742,4592983,37,292057.955120829341467,1,23,22,11.108108108108109,6.323631285658682,411.000000000000000,19,8,2,9
743,4592985,27,213123.372655740327900,1,16,15,7.518518518518518,4.416889892642915,203.000000000000000,13,4,1,7
744,4592987,45,355205.621092900517397,1,17,16,4.088888888888889,3.378508692848714,184.000000000000000,11,3,6,3
745,4592989,26,205229.914409231423633,2,15,13,7.346153846153846,4.242117646904376,191.000000000000000,13,4,5,6
746,4592991,33,260484.122134793724399,2,23,21,11.515151515151516,6.315547012567656,380.000000000000000,17,7,6,11
747,4592993,19,149975.706683669122867,2,16,14,8.263157894736842,4.326687139908339,157.000000000000000,9,8,2,8
748,4592995,47,370992.537585918325931,1,60,59,14.957446808510639,14.071182936267087,703.000000000000000,23,4,1,9
749,4592997,34,268377.580381302628666,4,20,16,11.676470588235293,3.968408988019478,397.000000000000000,13,11,8,11
750,4592999,27,213123.372655740327900,1,19,18,4.407407407407407,4.604822425974746,119.000000000000000,10,2,5,3
751,4593001,10,78934.582465089013567,1,6,5,3.100000000000000,1.577973383805950,31.000000000000000,6,1,5,3
752,4593003,99,781452.366404381114990,1,43,42,12.474747474747474,10.450792279997978,1235.000000000000000,28,3,7,9
753,4593005,39,307844.871613847150002,1,22,21,11.692307692307692,5.871067024646333,456.000000000000000,19,15,1,11
754,4593007,14,110508.415451124601532,1,51,50,17.785714285714285,12.519576507149408,249.000000000000000,11,13,1,14
755,4593009,7,55254.207725562300766,2,25,23,9.857142857142858,7.059513771774763,69.000000000000000,6,7,2,7
756,4593011,30,236803.747395267011598,2,24,22,10.833333333333334,6.633668333249376,325.000000000000000,14,3,10,8
757,4593013,51,402566.370571953942999,1,18,17,6.882352941176471,4.012954800190714,351.000000000000000,16,8,9,6
758,4593015,25,197336.456162722519366,1,16,15,4.400000000000000,3.676955262170047,110.000000000000000,9,1,10,3
759,4593017,34,268377.580381302628666,1,15,14,5.705882352941177,3.552376269855117,194.000000000000000,13,2,8,5
760,4593019,44,347312.162846391613130,1,24,23,5.681818181818182,5.735744095632101,250.000000000000000,15,2,6,3
761,4593021,35,276271.038627811532933,1,14,13,7.857142857142857,3.296256379963333,275.000000000000000,14,7,1,8
762,4593023,39,307844.871613847150002,1,26,25,9.641025641025641,7.130602806492445,376.000000000000000,17,2,10,8
763,4593025,3,23680.374739526701887,6,31,25,16.666666666666668,10.530379332620875,50.000000000000000,3,6,6,13
764,4593027,43,339418.704599882708862,1,36,35,5.604651162790698,6.928671589460109,241.000000000000000,12,3,9,3
765,4593029,19,149975.706683669122867,1,21,20,10.105263157894736,7.195720488721095,192.000000000000000,12,4,1,8
766,4593031,7,55254.207725562300766,1,11,10,6.142857142857143,3.481730744843983,43.000000000000000,4,1,11,7
767,4593033,44,347312.162846391613130,1,15,14,5.522727272727272,3.018794433993601,243.000000000000000,10,5,1,5
768,4593037,32,252590.663888284820132,1,7,6,3.406250000000000,1.433077435974763,109.000000000000000,6,3,1,3
769,4593039,1,7893.458246508900629,2,2,0,2.000000000000000,0.000000000000000,2.000000000000000,1,2,2,2
770,4593043,1,7893.458246508900629,4,4,0,4.000000000000000,0.000000000000000,4.000000000000000,1,4,4,4
771,4593045,23,181549.539669704710832,1,13,12,5.695652173913044,3.140683705801426,131.000000000000000,11,5,1,5
772,4593047,103,813026.199390416732058,1,29,28,10.330097087378642,6.999845143244884,1064.000000000000000,24,4,1,8
773,4593049,18,142082.248437160218600,4,16,12,8.388888888888889,3.787976429717953,151.000000000000000,8,5,6,8
774,4593051,37,292057.955120829341467,1,16,15,4.648648648648648,3.297961829358184,172.000000000000000,11,2,10,4
775,4593053,41,323631.788106864900328,1,20,19,10.585365853658537,4.736859151616043,434.000000000000000,17,13,1,10
776,4593055,65,513074.786023078544531,1,25,24,6.984615384615385,5.228596833957558,454.000000000000000,19,3,12,6
777,4593057,5,39467.291232544506784,1,13,12,7.400000000000000,4.409081537009721,37.000000000000000,5,1,1,8
778,4593059,42,331525.246353373804595,1,30,29,10.904761904761905,7.514460737897690,458.000000000000000,23,1,2,9
779,4593061,3,23680.374739526701887,5,12,7,8.000000000000000,2.943920288775949,24.000000000000000,3,5,5,7
780,4593063,13,102614.957204615711817,1,15,14,4.692307692307693,3.708298705598138,61.000000000000000,8,2,1,3
781,4593065,36,284164.496874320437200,2,22,20,12.694444444444445,4.551064859791023,457.000000000000000,15,10,2,12
782,4593067,4,31573.832986035602516,1,6,5,3.500000000000000,2.061552812808830,14.000000000000000,4,1,1,2
783,4593069,41,323631.788106864900328,3,23,20,12.317073170731707,6.022069267530782,505.000000000000000,16,23,4,12
784,4593071,19,149975.706683669122867,2,19,17,10.263157894736842,5.408006785879792,195.000000000000000,11,6,2,9
785,4593073,18,142082.248437160218600,1,18,17,7.777777777777778,3.583225665910466,140.000000000000000,9,6,1,7
786,4593075,19,149975.706683669122867,3,40,37,14.736842105263158,10.749991947429827,280.000000000000000,14,6,5,9
787,4593077,22,173656.081423195806565,2,17,15,8.636363636363637,4.017523598906246,190.000000000000000,12,5,2,8
788,4593079,25,197336.456162722519366,3,24,21,10.279999999999999,5.188602894807040,257.000000000000000,14,5,3,10
789,4593081,37,292057.955120829341467,4,47,43,19.891891891891891,13.359446063495589,736.000000000000000,23,8,4,16
790,4593083,31,244697.205641775915865,6,27,21,17.516129032258064,5.229389452686309,543.000000000000000,18,17,6,17
791,4593085,31,244697.205641775915865,6,38,32,17.774193548387096,9.529951688667969,551.000000000000000,21,12,9,15
792,4593087,10,78934.582465089013567,2,6,4,3.900000000000000,1.300000000000000,39.000000000000000,5,3,2,3
793,4593089,49,386779.454078936134465,2,45,43,15.448979591836734,10.717259062647971,757.000000000000000,25,3,4,13
794,4593091,51,402566.370571953942999,1,20,19,7.627450980392157,5.302462558922367,389.000000000000000,17,4,8,6
795,4593093,23,181549.539669704710832,1,17,16,9.521739130434783,4.020270001936288,219.000000000000000,11,8,1,9
796,4593095,42,331525.246353373804595,2,20,18,5.571428571428571,4.203982562732047,234.000000000000000,11,3,7,4
797,4593097,10,78934.582465089013567,5,18,13,10.500000000000000,4.455333881989093,105.000000000000000,8,5,6,9
798,4593099,3,23680.374739526701887,1,4,3,2.000000000000000,1.414213562373095,6.000000000000000,2,1,4,1
799,4593101,26,205229.914409231423633,1,19,18,6.500000000000000,4.932233072039791,169.000000000000000,13,1,11,5
800,4593103,2,15786.916493017801258,1,2,1,1.500000000000000,0.500000000000000,3.000000000000000,2,1,1,1
801,4593107,20,157869.164930178027134,8,46,38,21.500000000000000,7.729812416870153,430.000000000000000,15,17,8,20
802,4593109,26,205229.914409231423633,8,30,22,15.653846153846153,5.588052555313590,407.000000000000000,14,10,9,14
803,4593111,26,205229.914409231423633,6,40,34,16.500000000000000,6.845829724393137,429.000000000000000,12,16,6,16
804,4593113,38,299951.413367338245735,4,44,40,18.789473684210527,10.226791169165844,714.000000000000000,23,23,6,19
805,4593117,2,15786.916493017801258,9,9,0,9.000000000000000,0.000000000000000,18.000000000000000,1,9,9,9
806,4593119,8,63147.665972071205033,2,6,4,4.625000000000000,1.316956719106592,37.000000000000000,4,5,2,5
807,4593121,14,110508.415451124601532,1,15,14,5.928571428571429,3.594922723474748,83.000000000000000,9,3,1,6
808,4593123,12,94721.498958106807549,2,14,12,6.833333333333333,3.624760528488592,82.000000000000000,8,6,3,6
809,4593173,47,370992.537585918325931,1,19,18,6.170212765957447,4.421028805539668,290.000000000000000,14,2,7,6
810,4593175,69,544648.619009114103392,1,10,9,5.115942028985507,2.183842059666151,353.000000000000000,10,4,10,5
811,4593177,140,1105084.154511246131733,1,44,43,10.900000000000000,8.832812203855090,1526.000000000000000,32,2,15,9
812,4593179,33,260484.122134793724399,1,9,8,3.575757575757576,1.826244748281135,118.000000000000000,8,3,9,3
813,4593181,6,47360.749479053403775,2,7,5,4.333333333333333,1.490711984999860,26.000000000000000,4,4,2,4
814,4593183,50,394672.912325445038732,1,27,26,14.380000000000001,7.402405014588163,719.000000000000000,25,6,1,14
815,4593185,58,457820.578297516214661,1,23,22,10.965517241379310,5.744459151161049,636.000000000000000,22,8,1,10
816,4593187,63,497287.869530060735997,1,33,32,8.158730158730158,7.314274691349719,514.000000000000000,22,1,14,6
817,4593189,47,370992.537585918325931,1,16,15,4.234042553191490,3.508122889944875,199.000000000000000,12,3,7,3
818,4593191,102,805132.741143907885998,1,25,24,7.313725490196078,5.604585643771523,746.000000000000000,21,2,15,6
819,4593193,52,410459.828818462847266,1,8,7,2.788461538461538,1.497902873270320,145.000000000000000,7,2,8,2
820,4593195,100,789345.824650890077464,1,17,16,4.480000000000000,2.981543224573476,448.000000000000000,14,2,9,4
821,4593197,108,852493.490622961311601,1,23,22,4.629629629629630,4.193452993771832,500.000000000000000,16,2,9,4
822,4593199,56,442033.661804498406127,1,11,10,4.892857142857143,2.630036470609237,274.000000000000000,10,4,9,4
823,4593201,172,1357674.818399530835450,1,17,16,5.034883720930233,3.152878619790230,866.000000000000000,14,5,12,5
824,4593203,55,434140.203557989560068,2,30,28,11.000000000000000,7.296325351597448,605.000000000000000,22,5,10,9
825,4593205,29,228910.289148758107331,1,8,7,3.379310344827586,1.989867316724622,98.000000000000000,8,2,4,3
826,4593207,44,347312.162846391613130,1,27,26,7.477272727272728,6.188290395297309,329.000000000000000,17,2,6,5
827,4593209,135,1065616.863278701668605,1,14,13,4.237037037037037,2.573964825819145,572.000000000000000,13,4,11,4
828,4593211,41,323631.788106864900328,1,22,21,12.414634146341463,5.569847437399628,509.000000000000000,17,17,1,12
829,4593213,84,663050.492706747609191,1,23,22,5.464285714285714,4.518339424662846,459.000000000000000,16,1,10,4
830,4593215,178,1405035.567878584377468,1,13,12,3.887640449438202,2.388823236447823,692.000000000000000,12,2,11,3
831,4593217,49,386779.454078936134465,1,22,21,7.306122448979592,5.657590464372379,358.000000000000000,18,4,5,6
832,4593219,46,363099.079339409421664,2,15,13,7.217391304347826,3.419337868005523,332.000000000000000,13,7,15,7
833,4593221,54,426246.745311480655801,2,24,22,7.611111111111111,5.651668605349340,411.000000000000000,15,5,9,5
834,4593223,10,78934.582465089013567,2,11,9,5.000000000000000,3.000000000000000,50.000000000000000,5,2,9,3
835,4593225,23,181549.539669704710832,2,28,26,15.608695652173912,8.494187938435280,359.000000000000000,14,8,2,16
836,4593227,20,157869.164930178027134,2,23,21,10.850000000000000,6.551908119013881,217.000000000000000,15,5,2,9
837,4593229,26,205229.914409231423633,8,46,38,23.846153846153847,9.317858402395938,620.000000000000000,18,24,9,24
838,4593231,22,173656.081423195806565,1,16,15,3.409090909090909,3.393296746516189,75.000000000000000,7,1,8,2
839,4593233,25,197336.456162722519366,1,14,13,6.640000000000000,3.416196715647388,166.000000000000000,11,4,13,6
840,4593235,89,702517.783939292188734,1,21,20,6.977528089887641,4.408820393307819,621.000000000000000,17,2,15,7
841,4593237,34,268377.580381302628666,2,32,30,14.323529411764707,8.956498095320955,487.000000000000000,17,9,3,12
842,4593239,72,568328.993748640874401,1,23,22,7.944444444444445,5.185152116296666,572.000000000000000,20,5,1,6
843,4593241,10,78934.582465089013567,1,29,28,11.600000000000000,10.141005867269776,116.000000000000000,9,1,2,5
844,4593243,54,426246.745311480655801,1,16,15,6.444444444444445,4.126098806139365,348.000000000000000,14,3,14,6
845,4593245,16,126295.331944142410066,3,16,13,9.375000000000000,3.568525605905049,150.000000000000000,9,9,3,9
846,4593247,22,173656.081423195806565,5,15,10,9.681818181818182,3.196395180318031,213.000000000000000,11,9,7,9
847,4593249,50,394672.912325445038732,1,15,14,7.840000000000000,3.915916240166534,392.000000000000000,15,4,1,7
848,4593251,65,513074.786023078544531,1,13,12,6.600000000000000,2.727636339397172,429.000000000000000,13,8,1,7
849,4593253,133,1049829.946785683743656,1,21,20,7.962406015037594,4.853347058447218,1059.000000000000000,21,8,16,7
850,4593255,30,236803.747395267011598,1,26,25,5.200000000000000,6.982836100038436,156.000000000000000,10,2,6,2
851,4593257,32,252590.663888284820132,2,24,22,8.843750000000000,5.820810591103270,283.000000000000000,16,5,6,7
852,4593259,43,339418.704599882708862,2,34,32,9.069767441860465,7.095348456091397,390.000000000000000,17,4,10,6
853,4593261,49,386779.454078936134465,1,36,35,8.673469387755102,8.428299644775578,425.000000000000000,19,2,7,5
854,4593263,29,228910.289148758107331,3,52,49,15.137931034482758,11.956023263238736,439.000000000000000,18,3,4,13
855,4593265,48,378885.995832427230198,1,30,29,12.416666666666666,8.793542453919745,596.000000000000000,23,4,10,9
856,4593267,12,94721.498958106807549,2,17,15,9.500000000000000,4.645786621588784,114.000000000000000,11,7,2,8
857,4593269,60,473607.494790534023196,1,27,26,8.800000000000001,5.813203362461469,528.000000000000000,17,2,1,8
858,4593271,53,418353.287064971751533,1,18,17,6.679245283018868,3.810480011884108,354.000000000000000,14,5,17,6
859,4593273,93,734091.616925327805802,1,30,29,7.666666666666667,6.054116760445237,713.000000000000000,21,3,10,6
860,4593275,98,773558.908157872268930,1,24,23,6.897959183673469,4.327156288991008,676.000000000000000,17,4,14,6
861,4593277,22,173656.081423195806565,1,8,7,3.500000000000000,1.725477536009301,77.000000000000000,7,2,1,3
862,4593279,7,55254.207725562300766,1,6,5,3.571428571428572,1.678191446352961,25.000000000000000,5,3,1,3
863,4593281,133,1049829.946785683743656,1,23,22,7.548872180451128,4.854989163804039,1004.000000000000000,22,4,18,7
864,4593283,17,134188.790190651314333,1,10,9,5.588235294117647,2.474786349172074,95.000000000000000,10,7,1,6
865,4593285,16,126295.331944142410066,1,10,9,5.812500000000000,2.480391854123054,93.000000000000000,9,4,1,5
866,4593287,19,149975.706683669122867,1,11,10,4.473684210526316,2.740887698166639,85.000000000000000,9,3,1,3
867,4593289,23,181549.539669704710832,2,17,15,8.000000000000000,3.694884830822671,184.000000000000000,12,10,3,9
868,4593291,16,126295.331944142410066,1,6,5,3.312500000000000,1.757795138803154,53.000000000000000,6,2,3,2
869,4593293,10,78934.582465089013567,1,14,13,9.300000000000001,4.712748667179270,93.000000000000000,5,12,1,12
870,4593295,1,7893.458246508900629,3,3,0,3.000000000000000,0.000000000000000,3.000000000000000,1,3,3,3
871,4593297,7,55254.207725562300766,1,15,14,5.000000000000000,6.023762469230862,35.000000000000000,4,1,2,1
872,4593299,9,71041.124218580109300,1,12,11,7.222222222222222,2.858817851170802,65.000000000000000,5,6,1,8
873,4593301,10,78934.582465089013567,1,10,9,3.500000000000000,2.906888370749726,35.000000000000000,6,2,3,2
874,4593303,28,221016.830902249203064,1,20,19,6.750000000000000,4.961458598897246,189.000000000000000,14,2,1,4
875,4593305,5,39467.291232544506784,3,12,9,7.600000000000000,3.498571136907180,38.000000000000000,5,3,3,9
876,4593311,6,47360.749479053403775,7,21,14,10.166666666666666,4.913134324327893,61.000000000000000,4,7,8,8
877,4593313,22,173656.081423195806565,6,28,22,15.727272727272727,6.275361765608118,346.000000000000000,15,11,6,13
878,4593315,22,173656.081423195806565,1,16,15,5.227272727272728,3.642324659557387,115.000000000000000,10,4,2,4
879,4593317,23,181549.539669704710832,4,21,17,9.391304347826088,3.750236287451794,216.000000000000000,12,6,4,8
880,4593319,2,15786.916493017801258,2,6,4,4.000000000000000,2.000000000000000,8.000000000000000,2,2,2,2
881,4593321,20,157869.164930178027134,2,17,15,5.950000000000000,3.680692869555948,119.000000000000000,9,7,8,5
882,4593325,7,55254.207725562300766,4,15,11,8.714285714285714,3.368521749300456,61.000000000000000,7,4,4,8
883,4593327,3,23680.374739526701887,2,6,4,4.000000000000000,1.632993161855452,12.000000000000000,3,2,2,4
884,4593329,23,181549.539669704710832,2,25,23,11.521739130434783,6.989865739939634,265.000000000000000,12,8,2,8
885,4593333,1,7893.458246508900629,11,11,0,11.000000000000000,0.000000000000000,11.000000000000000,1,11,11,11
886,4593335,6,47360.749479053403775,1,9,8,6.166666666666667,2.852873794770614,37.000000000000000,4,7,1,7
887,4593337,8,63147.665972071205033,1,18,17,9.750000000000000,5.825590098865522,78.000000000000000,6,7,1,7
888,4593339,2,15786.916493017801258,12,13,1,12.500000000000000,0.500000000000000,25.000000000000000,2,12,12,12
889,4593343,2,15786.916493017801258,7,7,0,7.000000000000000,0.000000000000000,14.000000000000000,1,7,7,7
890,4593345,43,339418.704599882708862,1,13,12,3.348837209302326,2.752451093118789,144.000000000000000,10,2,5,3
891,4593347,2,15786.916493017801258,3,3,0,3.000000000000000,0.000000000000000,6.000000000000000,1,3,3,3
892,4593349,116,915641.156595032429323,1,16,15,3.146551724137931,2.617099968920678,365.000000000000000,12,2,10,2
893,4593353,89,702517.783939292188734,1,18,17,5.078651685393258,3.969616965930721,452.000000000000000,16,3,9,4
894,4593355,35,276271.038627811532933,1,14,13,5.314285714285714,3.567883955283208,186.000000000000000,13,1,8,5
895,4593359,16,126295.331944142410066,1,15,14,6.562500000000000,4.756163764001403,105.000000000000000,9,3,1,4
896,4593361,1,7893.458246508900629,4,4,0,4.000000000000000,0.000000000000000,4.000000000000000,1,4,4,4
897,4593363,124,978788.822567103663459,1,27,26,5.193548387096774,5.813884131909717,644.000000000000000,19,2,8,3
898,4593365,1,7893.458246508900629,2,2,0,2.000000000000000,0.000000000000000,2.000000000000000,1,2,2,2
899,4593369,19,149975.706683669122867,1,7,6,2.315789473684211,1.452860393878133,44.000000000000000,5,2,7,2
900,4593371,2,15786.916493017801258,1,2,1,1.500000000000000,0.500000000000000,3.000000000000000,2,1,1,1
901,4593373,16,126295.331944142410066,2,18,16,7.062500000000000,4.394154497739013,113.000000000000000,9,4,2,6
902,4593375,4,31573.832986035602516,1,16,15,5.250000000000000,6.259992012774457,21.000000000000000,3,1,3,1
903,4593377,11,86828.040711597903282,1,9,8,3.818181818181818,2.124240262826895,42.000000000000000,6,4,2,4
904,4593379,6,47360.749479053403775,3,17,14,8.000000000000000,4.618802153517006,48.000000000000000,5,7,3,7
905,4593381,5,39467.291232544506784,3,11,8,6.000000000000000,3.346640106136302,30.000000000000000,4,3,4,4
906,4593383,5,39467.291232544506784,3,14,11,6.600000000000000,4.317406628984581,33.000000000000000,4,3,4,4
907,4593385,10,78934.582465089013567,1,11,10,6.500000000000000,2.500000000000000,65.000000000000000,7,6,1,6
908,4593387,89,702517.783939292188734,1,26,25,12.359550561797754,6.084142569766199,1100.000000000000000,23,13,3,13
909,4593389,10,78934.582465089013567,1,33,32,14.600000000000000,9.156418513807678,146.000000000000000,8,5,1,14
910,4593391,8,63147.665972071205033,2,22,20,9.500000000000000,8.000000000000000,76.000000000000000,6,4,2,4
911,4593393,14,110508.415451124601532,2,17,15,9.428571428571429,4.403152859263554,132.000000000000000,10,11,2,10
912,4593395,21,165762.623176686902298,2,18,16,7.809523809523809,4.403667817789292,164.000000000000000,12,2,4,7
913,4593867,4,31573.832986035602516,1,2,1,1.750000000000000,0.433012701892219,7.000000000000000,2,2,1,2
914,4593869,2,15786.916493017801258,4,8,4,6.000000000000000,2.000000000000000,12.000000000000000,2,4,4,4
915,4593871,3,23680.374739526701887,1,6,5,3.666666666666667,2.054804667656326,11.000000000000000,3,1,1,4
916,4593873,1,7893.458246508900629,2,2,0,2.000000000000000,0.000000000000000,2.000000000000000,1,2,2,2
917,4593875,3,23680.374739526701887,2,8,6,4.000000000000000,2.828427124746190,12.000000000000000,2,2,8,2
918,4593877,4,31573.832986035602516,2,14,12,9.500000000000000,4.974937185533100,38.000000000000000,3,14,2,8
919,4593879,4,31573.832986035602516,2,7,5,4.250000000000000,1.920286436967152,17.000000000000000,4,2,2,3
920,4593881,6,47360.749479053403775,2,8,6,4.666666666666667,1.885618083164126,28.000000000000000,4,4,2,4
921,4593883,12,94721.498958106807549,1,11,10,3.916666666666667,2.812422838447701,47.000000000000000,8,2,4,3
922,4593885,16,126295.331944142410066,4,22,18,14.750000000000000,5.105144464165535,236.000000000000000,11,17,4,15
923,4593889,5,39467.291232544506784,3,6,3,4.000000000000000,1.264911064067352,20.000000000000000,3,3,5,3
924,4593891,6,47360.749479053403775,6,12,6,8.166666666666666,2.733536577809455,49.000000000000000,3,6,7,6
925,4593893,20,157869.164930178027134,2,8,6,4.000000000000000,1.673320053068151,80.000000000000000,7,3,6,3
926,4593895,3,23680.374739526701887,1,13,12,7.000000000000000,4.898979485566356,21.000000000000000,3,1,1,7
927,4593897,4,31573.832986035602516,14,14,0,14.000000000000000,0.000000000000000,56.000000000000000,1,14,14,14
928,4593899,18,142082.248437160218600,2,13,11,5.722222222222222,3.158859772406555,103.000000000000000,9,3,2,4
929,4593901,38,299951.413367338245735,1,12,11,4.157894736842105,3.336609654862203,158.000000000000000,12,1,5,3
930,4593903,12,94721.498958106807549,2,14,12,8.166666666666666,4.199867722784719,98.000000000000000,6,5,11,8
931,4593905,39,307844.871613847150002,5,26,21,14.641025641025641,5.793396680869233,571.000000000000000,16,8,5,15
932,4593907,29,228910.289148758107331,2,10,8,5.068965517241379,2.405898419656884,147.000000000000000,8,3,4,5
933,4593909,26,205229.914409231423633,1,17,16,5.192307692307693,4.160429256414912,135.000000000000000,12,2,4,3
934,4593911,48,378885.995832427230198,1,11,10,4.083333333333333,2.531742921827219,196.000000000000000,10,4,10,4
935,4593913,1,7893.458246508900629,15,15,0,15.000000000000000,0.000000000000000,15.000000000000000,1,15,15,15
936,4593915,34,268377.580381302628666,1,25,24,9.411764705882353,6.221961328083459,320.000000000000000,15,8,1,8
937,4593917,6,47360.749479053403775,1,10,9,5.833333333333333,2.910708199428830,35.000000000000000,6,1,1,5
938,4593921,17,134188.790190651314333,1,11,10,3.235294117647059,2.389423060187047,55.000000000000000,6,2,6,3
939,4593923,19,149975.706683669122867,1,11,10,6.578947368421052,2.943606621917803,125.000000000000000,10,8,1,8
940,4593925,21,165762.623176686902298,1,9,8,3.952380952380953,2.235560875105810,83.000000000000000,9,3,7,3
941,4593929,4,31573.832986035602516,8,19,11,14.500000000000000,4.153311931459037,58.000000000000000,4,8,8,14
942,4593931,30,236803.747395267011598,2,39,37,11.666666666666666,9.052930771609576,350.000000000000000,16,6,5,8
943,4593933,7,55254.207725562300766,2,8,6,4.142857142857143,1.807015805810502,29.000000000000000,5,3,2,4
944,4593937,29,228910.289148758107331,6,24,18,13.793103448275861,5.377983921346734,400.000000000000000,16,7,6,15
945,4593939,11,86828.040711597903282,4,9,5,6.818181818181818,1.748671278333758,75.000000000000000,5,8,4,8
946,4593941,17,134188.790190651314333,4,14,10,9.117647058823529,2.323343253897823,155.000000000000000,9,9,4,9
947,4593943,13,102614.957204615711817,1,7,6,3.692307692307693,2.126196147859270,48.000000000000000,6,1,7,3
948,4593945,2,15786.916493017801258,7,9,2,8.000000000000000,1.000000000000000,16.000000000000000,2,7,7,7
949,4593947,24,189442.997916213615099,1,7,6,2.916666666666667,1.469599340712367,70.000000000000000,7,2,5,3
950,4593949,13,102614.957204615711817,1,7,6,3.461538461538462,1.906078722055979,45.000000000000000,7,2,3,3
951,4593951,4,31573.832986035602516,1,6,5,3.500000000000000,2.061552812808830,14.000000000000000,4,1,1,2
952,4593953,42,331525.246353373804595,1,16,15,7.547619047619047,4.489152963652026,317.000000000000000,15,2,3,7
953,4593955,16,126295.331944142410066,5,63,58,19.312500000000000,15.810276523514698,309.000000000000000,13,10,5,13
954,4593957,8,63147.665972071205033,2,25,23,7.625000000000000,7.087621251167418,61.000000000000000,6,2,4,5
955,4593961,71,560435.535502131911926,1,18,17,6.225352112676056,4.569331886622066,442.000000000000000,15,2,7,5
956,4593963,3,23680.374739526701887,8,9,1,8.666666666666666,0.471404520791038,26.000000000000000,2,9,8,9
957,4593965,24,189442.997916213615099,3,31,28,12.541666666666666,7.088600982485112,301.000000000000000,15,13,11,13
958,4593967,50,394672.912325445038732,1,19,18,6.480000000000000,4.687173988663105,324.000000000000000,14,3,12,5
959,4593969,73,576222.451995149720460,1,15,14,5.986301369863014,3.524836149635745,437.000000000000000,15,4,13,5
960,4593971,15,118401.873697633505799,2,8,6,3.800000000000000,1.557776192739723,57.000000000000000,6,3,6,3
961,4593975,39,307844.871613847150002,1,11,10,4.307692307692307,2.927796459874500,168.000000000000000,9,2,5,3
962,4593977,20,157869.164930178027134,4,16,12,10.850000000000000,3.595483277669361,217.000000000000000,12,10,4,11
963,4593979,7,55254.207725562300766,2,21,19,10.857142857142858,7.899883750113422,76.000000000000000,5,2,14,14
964,4593981,14,110508.415451124601532,1,8,7,4.500000000000000,2.500000000000000,63.000000000000000,5,5,7,5
965,4593983,22,173656.081423195806565,3,35,32,14.727272727272727,8.448678316118814,324.000000000000000,13,11,9,14
966,4593985,26,205229.914409231423633,1,19,18,8.769230769230770,5.773331875680244,228.000000000000000,14,2,1,8
967,4593987,40,315738.329860356054269,1,15,14,7.500000000000000,3.383784863137726,300.000000000000000,15,11,1,7
968,4593989,5,39467.291232544506784,2,11,9,5.200000000000000,3.370459909270543,26.000000000000000,4,3,2,3
969,4593991,11,86828.040711597903282,1,4,3,2.090909090909091,0.995859195463939,23.000000000000000,3,2,4,2
970,4593993,17,134188.790190651314333,2,11,9,5.705882352941177,3.005185829281129,97.000000000000000,7,4,6,4
971,4593995,17,134188.790190651314333,1,11,10,4.705882352941177,2.345576710279633,80.000000000000000,9,5,1,5
972,4593997,7,55254.207725562300766,1,13,12,7.285714285714286,4.430874976934521,51.000000000000000,7,1,1,7
973,4593999,33,260484.122134793724399,1,10,9,3.424242424242424,2.335889980679002,113.000000000000000,9,1,7,3
974,4594003,19,149975.706683669122867,3,34,31,15.631578947368421,9.831263378233155,297.000000000000000,15,3,4,13
975,4594005,50,394672.912325445038732,1,11,10,4.280000000000000,2.727929617860402,214.000000000000000,10,2,6,4
976,4594009,37,292057.955120829341467,2,31,29,11.702702702702704,7.735019924727966,433.000000000000000,19,5,4,10
977,4594011,34,268377.580381302628666,1,13,12,6.294117647058823,3.240637299021016,214.000000000000000,12,8,1,5
978,4594013,73,576222.451995149720460,1,26,25,6.547945205479452,5.202847207586506,478.000000000000000,18,6,14,6
979,4594017,12,94721.498958106807549,1,8,7,3.166666666666667,2.339278141269700,38.000000000000000,6,2,6,2
980,4594021,6,47360.749479053403775,3,19,16,10.333333333333334,4.955356249106167,62.000000000000000,5,12,3,9
981,4594023,38,299951.413367338245735,3,23,20,11.631578947368421,3.976384582636652,442.000000000000000,15,9,3,11
982,4594025,38,299951.413367338245735,1,18,17,6.868421052631579,4.168623732446319,261.000000000000000,15,5,1,5
983,4594027,11,86828.040711597903282,1,5,4,2.000000000000000,1.128152149635532,22.000000000000000,4,2,3,2
984,4594029,51,402566.370571953942999,1,32,31,11.235294117647058,7.820506566246876,573.000000000000000,23,11,2,10
985,4594031,11,86828.040711597903282,1,5,4,2.454545454545455,1.671343300986385,27.000000000000000,4,1,3,1
986,4594035,46,363099.079339409421664,1,34,33,9.630434782608695,8.183649381679816,443.000000000000000,19,3,8,6
987,4594037,29,228910.289148758107331,2,18,16,9.344827586206897,3.993752552804456,271.000000000000000,13,9,2,9
988,4594039,78,615689.743227694300003,1,38,37,8.987179487179487,8.826669363055775,701.000000000000000,24,1,14,6
989,4594041,2,15786.916493017801258,11,14,3,12.500000000000000,1.500000000000000,25.000000000000000,2,11,11,11
990,4594043,15,118401.873697633505799,2,7,5,3.200000000000000,1.275408431313932,48.000000000000000,4,2,7,3
991,4594045,13,102614.957204615711817,1,6,5,3.153846153846154,1.511298669568347,41.000000000000000,6,2,6,3
992,4594047,63,497287.869530060735997,1,22,21,7.507936507936508,5.185061007043448,473.000000000000000,17,4,18,6
993,4594049,41,323631.788106864900328,1,16,15,6.121951219512195,3.479522829293074,251.000000000000000,13,5,1,5
994,4594051,8,63147.665972071205033,2,14,12,7.875000000000000,4.106016926414211,63.000000000000000,8,2,2,6
995,4594053,23,181549.539669704710832,1,8,7,3.347826086956522,1.879146329128201,77.000000000000000,7,3,8,3
996,4594055,35,276271.038627811532933,1,18,17,5.400000000000000,4.107136645958036,189.000000000000000,13,2,8,4
997,4594057,24,189442.997916213615099,2,54,52,8.958333333333334,10.039418835547979,215.000000000000000,10,5,7,6
998,4594059,1,7893.458246508900629,2,2,0,2.000000000000000,0.000000000000000,2.000000000000000,1,2,2,2
999,4594061,34,268377.580381302628666,1,15,14,5.911764705882353,3.681173462672431,201.000000000000000,14,2,10,5
1000,4594063,38,299951.413367338245735,2,25,23,9.315789473684211,5.115020518340772,354.000000000000000,15,7,4,8
1001,4594065,14,110508.415451124601532,3,16,13,7.500000000000000,3.438230441873926,105.000000000000000,9,7,3,7
1002,4594067,16,126295.331944142410066,1,13,12,4.750000000000000,3.400367627183861,76.000000000000000,9,3,5,3
1003,4594069,4,31573.832986035602516,3,6,3,4.750000000000000,1.089724735885168,19.000000000000000,3,5,3,5
1004,4594071,16,126295.331944142410066,1,5,4,2.375000000000000,1.363589014329464,38.000000000000000,5,2,3,2
1005,4594073,18,142082.248437160218600,1,12,11,5.666666666666667,2.886751345948129,102.000000000000000,9,5,1,5
1006,4594075,9,71041.124218580109300,2,15,13,5.333333333333333,4.109609335312651,48.000000000000000,6,2,5,4
1007,4594077,22,173656.081423195806565,1,8,7,3.909090909090909,1.729663417312768,86.000000000000000,7,4,8,4
1008,4594079,31,244697.205641775915865,1,21,20,4.774193548387097,3.940768530083987,148.000000000000000,11,3,7,3
1009,4594081,8,63147.665972071205033,2,9,7,5.125000000000000,2.471714991660649,41.000000000000000,6,2,5,4
1010,4594083,17,134188.790190651314333,1,23,22,9.117647058823529,6.833157507513738,155.000000000000000,10,6,2,6
1011,4594085,30,236803.747395267011598,1,9,8,3.600000000000000,2.332380757938120,108.000000000000000,8,2,5,3
1012,4594087,1,7893.458246508900629,1,1,0,1.000000000000000,0.000000000000000,1.000000000000000,1,1,1,1
1013,4594089,14,110508.415451124601532,1,7,6,3.642857142857143,1.394230092567367,51.000000000000000,6,4,1,4
1014,4594091,20,157869.164930178027134,6,24,18,14.650000000000000,5.884513573779910,293.000000000000000,14,8,6,12
1015,4594093,15,118401.873697633505799,3,9,6,5.733333333333333,1.388844443733311,86.000000000000000,6,6,3,6
1016,4594097,9,71041.124218580109300,3,11,8,7.000000000000000,3.366501646120693,63.000000000000000,4,3,5,8
1017,4594099,40,315738.329860356054269,1,15,14,6.725000000000000,3.570626695693629,269.000000000000000,14,11,1,6
1018,4594103,5,39467.291232544506784,3,12,9,6.200000000000000,3.187475490101845,31.000000000000000,5,3,3,5
1019,4594105,15,118401.873697633505799,1,5,4,2.466666666666667,1.203698005684519,37.000000000000000,5,1,5,2
1020,4594107,30,236803.747395267011598,1,9,8,4.433333333333334,2.155355088043628,133.000000000000000,9,3,1,4
1021,4594109,20,157869.164930178027134,6,42,36,15.800000000000001,8.880315309717329,316.000000000000000,13,9,6,13
1022,4594111,8,63147.665972071205033,13,32,19,18.625000000000000,7.761080788137694,149.000000000000000,5,13,14,13
1023,4594113,6,47360.749479053403775,3,10,7,7.333333333333333,2.924988129130709,44.000000000000000,4,10,3,7
1024,4594115,9,71041.124218580109300,4,14,10,9.888888888888889,3.142696805273543,89.000000000000000,7,9,4,9
1025,4594117,33,260484.122134793724399,1,19,18,7.212121212121212,4.965075456459642,238.000000000000000,16,5,1,5
1026,4594119,3,23680.374739526701887,31,38,7,35.333333333333336,3.091206165165227,106.000000000000000,3,31,31,37
1027,4594121,12,94721.498958106807549,8,35,27,16.416666666666668,9.295682988474930,197.000000000000000,9,11,8,11
1028,4594123,31,244697.205641775915865,2,13,11,4.258064516129032,2.675669852042287,132.000000000000000,7,2,7,4
1029,4594125,13,102614.957204615711817,10,43,33,21.461538461538460,8.758427893840175,279.000000000000000,10,15,10,18
1030,4594127,15,118401.873697633505799,1,10,9,5.800000000000000,2.993325909419153,87.000000000000000,8,3,1,5
1031,4594129,11,86828.040711597903282,1,6,5,2.181818181818182,1.465865045145191,24.000000000000000,4,2,4,2
1032,4594131,10,78934.582465089013567,1,11,10,4.200000000000000,3.124099870362662,42.000000000000000,6,2,1,3
1033,4594133,61,481500.953037042927463,1,19,18,5.147540983606557,3.656729998387525,314.000000000000000,14,5,11,5
1034,4594135,27,213123.372655740327900,1,20,19,8.888888888888889,4.192880503136267,240.000000000000000,14,7,1,9
1035,4594137,8,63147.665972071205033,2,22,20,10.375000000000000,6.303520841561484,83.000000000000000,8,2,2,9
1036,4594139,22,173656.081423195806565,3,15,12,5.636363636363637,2.869042516010818,124.000000000000000,9,3,7,5
1037,4594141,18,142082.248437160218600,21,62,41,41.833333333333336,13.026682019779422,753.000000000000000,16,28,21,41
1038,4594143,29,228910.289148758107331,1,27,26,10.000000000000000,7.404565227405087,290.000000000000000,16,5,1,7
1039,4594145,22,173656.081423195806565,3,22,19,10.636363636363637,5.355926662420158,234.000000000000000,14,6,4,11
1040,4594147,40,315738.329860356054269,2,17,15,8.225000000000000,4.021737808460417,329.000000000000000,14,5,2,7
1041,4594149,4,31573.832986035602516,10,27,17,18.500000000000000,6.020797289396148,74.000000000000000,4,10,10,18
1042,4594151,7,55254.207725562300766,7,15,8,10.428571428571429,3.416645926600398,73.000000000000000,4,7,15,8
1043,4594153,44,347312.162846391613130,1,19,18,6.954545454545454,4.122855064672723,306.000000000000000,14,4,7,6
1044,4594155,20,157869.164930178027134,1,8,7,5.200000000000000,2.204540768504859,104.000000000000000,8,8,1,5
1045,4594157,21,165762.623176686902298,15,56,41,31.047619047619047,10.939122409634630,652.000000000000000,16,23,15,28
1046,4594159,9,71041.124218580109300,2,25,23,7.000000000000000,6.847546194724712,63.000000000000000,6,3,2,5
1047,4594161,3,23680.374739526701887,1,11,10,7.333333333333333,4.496912521077348,22.000000000000000,3,1,1,10
1048,4594163,28,221016.830902249203064,1,18,17,8.071428571428571,4.374671999366446,226.000000000000000,15,5,1,7
1049,4594165,4,31573.832986035602516,1,8,7,3.250000000000000,2.772634126602354,13.000000000000000,3,2,1,2
1050,4594167,8,63147.665972071205033,1,6,5,3.375000000000000,1.798436821242270,27.000000000000000,4,2,1,2
1051,4594169,5,39467.291232544506784,7,32,25,18.399999999999999,9.112628599915615,92.000000000000000,5,7,7,17
1052,4594171,21,165762.623176686902298,1,22,21,6.857142857142857,5.221619109284876,144.000000000000000,13,2,5,5
1053,4594173,9,71041.124218580109300,3,15,12,6.888888888888889,4.458311699497528,62.000000000000000,5,3,4,5
1054,4594177,24,189442.997916213615099,1,19,18,5.708333333333333,3.690970589003506,137.000000000000000,11,5,1,5
1055,4594179,15,118401.873697633505799,2,12,10,4.600000000000000,2.602562839459085,69.000000000000000,7,3,5,4
1056,4594181,12,94721.498958106807549,2,13,11,7.000000000000000,3.291402943021917,84.000000000000000,10,5,2,6
1057,4594183,11,86828.040711597903282,1,15,14,5.818181818181818,4.085855464408042,64.000000000000000,7,2,1,6
1058,4594185,20,157869.164930178027134,1,9,8,3.250000000000000,2.405722344743882,65.000000000000000,7,1,4,3
1059,4594187,7,55254.207725562300766,2,17,15,8.285714285714286,5.417281493102440,58.000000000000000,6,4,2,6
1060,4594189,67,528861.702516096294858,2,31,29,9.880597014925373,6.040960653217536,662.000000000000000,19,5,2,8
1061,4594191,44,347312.162846391613130,3,25,22,9.954545454545455,5.604197069463959,438.000000000000000,17,6,3,8
1062,4594193,4,31573.832986035602516,6,35,29,21.750000000000000,10.544548354481570,87.000000000000000,4,6,6,20
1063,4594195,39,307844.871613847150002,3,24,21,9.871794871794872,5.139986467005467,385.000000000000000,14,8,3,8
1064,4594197,7,55254.207725562300766,2,12,10,6.571428571428571,3.110220151011035,46.000000000000000,6,8,2,7
1065,4594199,8,63147.665972071205033,8,22,14,13.500000000000000,5.099019513592784,108.000000000000000,6,8,10,11
1066,4594201,12,94721.498958106807549,1,5,4,2.750000000000000,1.163686670314078,33.000000000000000,5,2,1,2
1067,4594203,7,55254.207725562300766,5,14,9,9.000000000000000,2.618614682831908,63.000000000000000,5,8,5,8
1068,4594205,6,47360.749479053403775,2,9,7,4.333333333333333,2.624669291337271,26.000000000000000,4,2,5,2
1069,4594207,5,39467.291232544506784,1,25,24,12.400000000000000,9.457272334029511,62.000000000000000,5,1,1,15
1070,4594209,33,260484.122134793724399,1,14,13,6.878787878787879,2.771692139946454,227.000000000000000,11,5,1,6
1071,4594211,20,157869.164930178027134,3,27,24,10.449999999999999,6.037176492367935,209.000000000000000,15,7,4,8
1072,4594213,4,31573.832986035602516,3,17,14,12.000000000000000,5.338539126015656,48.000000000000000,3,14,3,14
1073,4594215,61,481500.953037042927463,1,28,27,8.606557377049180,6.382041115825322,525.000000000000000,22,5,2,6
1074,4594217,6,47360.749479053403775,11,23,12,17.333333333333332,4.068851871911238,104.000000000000000,4,16,11,16
1075,4594219,30,236803.747395267011598,1,11,10,4.933333333333334,2.434930982366623,148.000000000000000,9,3,1,4
1076,4594221,5,39467.291232544506784,2,12,10,7.000000000000000,3.847076812334269,35.000000000000000,4,5,2,5
1077,4594223,1,7893.458246508900629,1,1,0,1.000000000000000,0.000000000000000,1.000000000000000,1,1,1,1
1078,4594225,4,31573.832986035602516,5,13,8,10.500000000000000,3.201562118716424,42.000000000000000,3,12,5,12
1079,4594227,1,7893.458246508900629,3,3,0,3.000000000000000,0.000000000000000,3.000000000000000,1,3,3,3
1080,4594229,24,189442.997916213615099,1,20,19,8.583333333333334,4.471359475098771,206.000000000000000,14,4,1,8
1081,4594231,6,47360.749479053403775,4,11,7,6.833333333333333,2.793842435706703,41.000000000000000,5,4,5,5
1082,4594233,12,94721.498958106807549,2,15,13,10.166666666666666,3.782268572636740,122.000000000000000,7,15,2,9
1083,4594235,37,292057.955120829341467,2,20,18,6.621621621621622,4.401175219903118,245.000000000000000,13,3,10,5
1084,4594237,9,71041.124218580109300,14,54,40,31.111111111111111,11.179787758315792,280.000000000000000,9,14,14,31
1085,4594239,2,15786.916493017801258,5,5,0,5.000000000000000,0.000000000000000,10.000000000000000,1,5,5,5
1086,4594241,9,71041.124218580109300,2,10,8,3.333333333333333,2.449489742783178,30.000000000000000,4,2,4,2
1087,4594243,19,149975.706683669122867,2,18,16,10.842105263157896,4.416037255453268,206.000000000000000,13,5,2,11
1088,4594245,2,15786.916493017801258,2,8,6,5.000000000000000,3.000000000000000,10.000000000000000,2,2,2,2
1089,4594247,43,339418.704599882708862,2,22,20,7.325581395348837,4.084690248895418,315.000000000000000,13,5,14,7
1090,4594249,22,173656.081423195806565,2,24,22,9.000000000000000,4.954336943068623,198.000000000000000,12,8,2,8
1091,4594251,5,39467.291232544506784,2,4,2,2.600000000000000,0.799999999999999,13.000000000000000,3,2,3,2
1092,4594253,31,244697.205641775915865,5,23,18,11.161290322580646,4.579736393270013,346.000000000000000,16,9,6,10
1093,4594255,46,363099.079339409421664,4,47,43,16.500000000000000,10.271848400615022,759.000000000000000,21,9,4,12
1094,4594257,18,142082.248437160218600,2,14,12,6.055555555555555,3.908284963769235,109.000000000000000,10,3,5,4
1095,4594259,22,173656.081423195806565,1,16,15,5.727272727272728,4.080795579538807,126.000000000000000,10,4,1,4
1096,4594261,34,268377.580381302628666,1,20,19,6.794117647058823,4.142884841470805,231.000000000000000,13,6,1,6
1097,4594263,4,31573.832986035602516,6,8,2,7.000000000000000,0.707106781186548,28.000000000000000,3,7,6,7
1098,4594265,3,23680.374739526701887,2,9,7,4.666666666666667,3.091206165165234,14.000000000000000,3,2,2,3
1099,4594267,30,236803.747395267011598,3,32,29,12.866666666666667,7.396996387423448,386.000000000000000,15,10,3,10
1100,4594269,37,292057.955120829341467,1,20,19,7.459459459459460,4.523778584412470,276.000000000000000,16,4,1,6
1101,4594271,6,47360.749479053403775,4,8,4,5.000000000000000,1.527525231651947,30.000000000000000,3,4,6,4
1102,4594273,8,63147.665972071205033,4,7,3,5.500000000000000,0.866025403784439,44.000000000000000,4,5,4,5
1103,4594275,7,55254.207725562300766,2,13,11,5.714285714285714,3.692242280948596,40.000000000000000,6,2,3,5
1104,4594277,13,102614.957204615711817,2,9,7,4.538461538461538,2.205426336435608,59.000000000000000,6,2,8,4
1105,4594279,21,165762.623176686902298,6,23,17,12.095238095238095,4.839369910823810,254.000000000000000,12,11,6,11
1106,4594281,7,55254.207725562300766,3,9,6,6.285714285714286,1.829464067837957,44.000000000000000,6,6,3,6
1107,4594283,24,189442.997916213615099,2,14,12,5.458333333333333,2.798499101701164,131.000000000000000,9,3,7,5
1108,4594285,6,47360.749479053403775,5,23,18,16.333333333333332,6.472162612982535,98.000000000000000,5,23,5,15
1109,4594287,17,134188.790190651314333,2,22,20,9.882352941176471,4.713963649329218,168.000000000000000,10,8,2,9
1110,4594289,20,157869.164930178027134,1,15,14,5.000000000000000,4.347413023856832,100.000000000000000,10,2,6,3
1111,4594291,7,55254.207725562300766,1,13,12,6.857142857142857,4.823412290324038,48.000000000000000,5,3,1,4
1112,4594293,4,31573.832986035602516,5,12,7,7.250000000000000,2.861380785564899,29.000000000000000,3,5,7,5
1113,4594295,25,197336.456162722519366,1,21,20,8.359999999999999,5.121562261654153,209.000000000000000,16,7,1,7
1114,4594297,18,142082.248437160218600,1,21,20,10.555555555555555,5.068664323536464,190.000000000000000,12,8,1,9
1115,4594299,10,78934.582465089013567,3,13,10,7.600000000000000,2.416609194718914,76.000000000000000,5,8,3,8
1116,4594301,25,197336.456162722519366,1,16,15,6.520000000000000,4.631371287210733,163.000000000000000,14,4,5,5
1117,4594303,11,86828.040711597903282,3,16,13,10.090909090909092,4.010317272747776,111.000000000000000,10,11,3,11
1118,4594305,43,339418.704599882708862,1,37,36,16.720930232558139,9.751149202149170,719.000000000000000,24,22,1,15
1119,4594307,26,205229.914409231423633,1,22,21,8.076923076923077,7.415799541535402,210.000000000000000,12,1,4,5
1120,4594309,30,236803.747395267011598,1,23,22,6.366666666666666,5.009879129169574,191.000000000000000,14,4,6,4
1121,4594311,2,15786.916493017801258,6,9,3,7.500000000000000,1.500000000000000,15.000000000000000,2,6,6,6
1122,4594313,8,63147.665972071205033,11,34,23,18.875000000000000,7.131575912797956,151.000000000000000,6,11,13,18
1123,4594315,8,63147.665972071205033,2,9,7,4.625000000000000,2.117634293262177,37.000000000000000,5,3,2,4
1124,4594317,6,47360.749479053403775,2,11,9,6.000000000000000,3.785938897200182,36.000000000000000,5,2,3,3
1125,4594319,21,165762.623176686902298,2,18,16,6.809523809523809,4.552540343892236,143.000000000000000,11,2,3,5
1126,4594321,23,181549.539669704710832,2,14,12,5.695652173913044,2.880742395387381,131.000000000000000,10,3,2,5
1127,4594323,4,31573.832986035602516,9,16,7,13.250000000000000,2.680951323690902,53.000000000000000,4,9,9,13
1128,4594325,44,347312.162846391613130,1,33,32,11.386363636363637,8.819441100337031,501.000000000000000,22,3,6,9
1129,4594327,6,47360.749479053403775,2,5,3,4.000000000000000,1.154700538379251,24.000000000000000,4,5,2,4
1130,4594329,10,78934.582465089013567,11,20,9,13.300000000000001,2.934280150224240,133.000000000000000,5,12,13,12
1131,4594331,11,86828.040711597903282,3,14,11,8.818181818181818,4.018552019145517,97.000000000000000,7,3,7,8
1132,4594333,32,252590.663888284820132,2,17,15,9.562500000000000,3.578909575555102,306.000000000000000,13,10,2,10
1133,4594335,4,31573.832986035602516,1,9,8,4.250000000000000,3.418698582794336,17.000000000000000,3,1,6,1
1134,4594337,2,15786.916493017801258,3,4,1,3.500000000000000,0.500000000000000,7.000000000000000,2,3,3,3
1135,4594339,3,23680.374739526701887,5,10,5,7.333333333333333,2.054804667656327,22.000000000000000,3,5,5,7
1136,4594341,22,173656.081423195806565,2,21,19,6.500000000000000,5.069965034844467,143.000000000000000,12,2,6,4
1137,4594343,54,426246.745311480655801,1,23,22,9.092592592592593,6.389425634994925,491.000000000000000,20,2,13,7
1138,4594345,3,23680.374739526701887,7,26,19,17.000000000000000,7.788880963698615,51.000000000000000,3,7,7,18
1139,4594347,3,23680.374739526701887,2,7,5,3.666666666666667,2.357022603955159,11.000000000000000,2,2,7,2
1140,4594349,1,7893.458246508900629,36,36,0,36.000000000000000,0.000000000000000,36.000000000000000,1,36,36,36
1141,4594351,44,347312.162846391613130,1,27,26,5.250000000000000,5.709342423527503,231.000000000000000,14,2,10,3
1142,4594353,46,363099.079339409421664,4,37,33,14.239130434782609,8.454956824019282,655.000000000000000,19,15,4,12
1143,4594355,29,228910.289148758107331,1,20,19,7.931034482758621,4.630714806539115,230.000000000000000,13,8,3,8
1144,4594357,62,489394.411283551831730,1,42,41,14.048387096774194,8.950450374962827,871.000000000000000,26,12,2,12
1145,4594359,85,670943.950953256571665,1,38,37,12.611764705882353,8.030960850354756,1072.000000000000000,28,5,1,11
1146,4594361,42,331525.246353373804595,2,13,11,4.928571428571429,3.026807662513484,207.000000000000000,12,2,9,4
1147,4594363,10,78934.582465089013567,1,14,13,6.000000000000000,3.924283374069717,60.000000000000000,7,5,1,5
1148,4594365,8,63147.665972071205033,9,22,13,14.625000000000000,4.820204871164711,117.000000000000000,6,10,9,11
1149,4594367,22,173656.081423195806565,1,4,3,2.090909090909091,0.899954085146515,46.000000000000000,4,2,4,2
1150,4594369,29,228910.289148758107331,1,12,11,6.517241379310345,3.460323780497131,189.000000000000000,11,5,1,6
1151,4594371,25,197336.456162722519366,1,44,43,13.720000000000001,10.679026172830554,343.000000000000000,17,5,3,12
1152,4594373,12,94721.498958106807549,5,37,32,20.000000000000000,8.356634091147782,240.000000000000000,8,16,5,20
1153,4594375,4,31573.832986035602516,3,17,14,10.000000000000000,6.082762530298219,40.000000000000000,4,3,3,5
1154,4594377,5,39467.291232544506784,2,13,11,6.000000000000000,3.898717737923585,30.000000000000000,5,2,2,5
1155,4594379,20,157869.164930178027134,7,40,33,22.199999999999999,10.566929544574434,444.000000000000000,13,24,7,23
1156,4594381,5,39467.291232544506784,3,20,17,11.400000000000000,5.986651818838305,57.000000000000000,5,3,3,10
1157,4594383,9,71041.124218580109300,1,11,10,4.111111111111111,2.884612219054927,37.000000000000000,6,5,2,4
1158,4594385,1,7893.458246508900629,3,3,0,3.000000000000000,0.000000000000000,3.000000000000000,1,3,3,3
1159,4594387,6,47360.749479053403775,3,8,5,5.833333333333333,1.950783318453271,35.000000000000000,5,8,3,5
1160,4594389,48,378885.995832427230198,1,29,28,13.541666666666666,7.778062990802332,650.000000000000000,27,7,1,11
1161,4594391,3,23680.374739526701887,3,8,5,6.000000000000000,2.160246899469287,18.000000000000000,3,3,3,7
1162,4594393,29,228910.289148758107331,1,22,21,9.379310344827585,5.326665471157085,272.000000000000000,16,7,1,9
1163,4594395,25,197336.456162722519366,2,19,17,10.359999999999999,5.380557591922980,259.000000000000000,14,9,6,10
1164,4594397,5,39467.291232544506784,2,4,2,3.000000000000000,0.632455532033676,15.000000000000000,3,3,2,3
1165,4594399,48,378885.995832427230198,1,15,14,7.166666666666667,3.484090826727812,344.000000000000000,13,6,14,7
1166,4594401,3,23680.374739526701887,2,9,7,5.666666666666667,2.867441755680875,17.000000000000000,3,2,2,6
1167,4594403,3,23680.374739526701887,24,34,10,30.666666666666668,4.714045207910312,92.000000000000000,2,34,24,34
1168,4594405,12,94721.498958106807549,4,22,18,13.333333333333334,5.022173057773120,160.000000000000000,7,11,4,11
1169,4594407,52,410459.828818462847266,1,21,20,6.711538461538462,5.104057731398008,349.000000000000000,17,4,6,5
1170,4594409,4,31573.832986035602516,2,7,5,5.000000000000000,1.870828693386971,20.000000000000000,4,2,2,5
1171,4594411,4,31573.832986035602516,1,5,4,2.500000000000000,1.658312395177700,10.000000000000000,3,1,3,1
1172,4594413,19,149975.706683669122867,2,20,18,8.894736842105264,5.389021362597981,169.000000000000000,11,2,3,7
1173,4594415,24,189442.997916213615099,1,16,15,8.375000000000000,4.697627947521316,201.000000000000000,14,1,2,8
1174,4594417,5,39467.291232544506784,4,8,4,5.200000000000000,1.469693845669906,26.000000000000000,3,4,8,5
1175,4594419,7,55254.207725562300766,1,7,6,4.571428571428571,1.678191446352962,32.000000000000000,4,5,1,5
1176,4594423,22,173656.081423195806565,4,22,18,12.272727272727273,5.601800182910506,270.000000000000000,14,6,4,10
1177,4594425,3,23680.374739526701887,3,7,4,4.666666666666667,1.699673171197594,14.000000000000000,3,3,3,4
1178,4594427,4,31573.832986035602516,2,5,3,4.250000000000000,1.299038105676658,17.000000000000000,2,5,2,5
1179,4594429,20,157869.164930178027134,1,24,23,7.250000000000000,6.267974154381941,145.000000000000000,12,1,6,6
1180,4594431,4,31573.832986035602516,20,21,1,20.750000000000000,0.433012701892219,83.000000000000000,2,21,20,21
1181,4594433,20,157869.164930178027134,1,26,25,8.850000000000000,8.374216381250248,177.000000000000000,11,1,4,5
1182,4594435,37,292057.955120829341467,1,21,20,7.054054054054054,4.798344004577761,261.000000000000000,16,6,4,6
1183,4594437,45,355205.621092900517397,1,37,36,16.377777777777776,9.085492437920257,737.000000000000000,25,18,1,15
1184,4594439,42,331525.246353373804595,1,39,38,11.904761904761905,10.164854304836284,500.000000000000000,23,5,1,8
1185,4594441,53,418353.287064971751533,1,18,17,8.886792452830189,3.859124826773849,471.000000000000000,18,7,1,8
1186,4594443,15,118401.873697633505799,5,42,37,20.199999999999999,11.588500046741743,303.000000000000000,12,10,5,20
1187,4594445,38,299951.413367338245735,2,29,27,11.921052631578947,7.223432552418219,453.000000000000000,20,8,2,9
1188,4594447,9,71041.124218580109300,1,28,27,17.888888888888889,7.475061418468515,161.000000000000000,7,19,1,19
1189,4594449,8,63147.665972071205033,11,26,15,16.750000000000000,5.117372372614680,134.000000000000000,7,11,13,15
1190,4594451,23,181549.539669704710832,3,24,21,8.739130434782609,6.441829279113785,201.000000000000000,12,4,6,7
1191,4594453,26,205229.914409231423633,3,24,21,11.000000000000000,5.068758002934022,286.000000000000000,15,10,3,10
1192,4594455,33,260484.122134793724399,4,27,23,14.181818181818182,6.819999757640383,468.000000000000000,16,12,14,12
1193,4594459,60,473607.494790534023196,1,26,25,11.500000000000000,6.812977811989898,690.000000000000000,22,12,6,11
1194,4594469,27,213123.372655740327900,8,83,75,27.296296296296298,22.388513613863122,737.000000000000000,16,8,12,15
1195,4594473,53,418353.287064971751533,1,30,29,13.792452830188680,8.171183814296450,731.000000000000000,24,5,4,14
1196,4594479,55,434140.203557989560068,2,33,31,13.000000000000000,8.244006087069343,715.000000000000000,24,4,6,11
1197,4594517,16,126295.331944142410066,2,14,12,7.000000000000000,3.162277660168380,112.000000000000000,9,5,2,7
1198,4594519,9,71041.124218580109300,1,3,2,2.222222222222222,0.628539361054709,20.000000000000000,3,2,1,2
1199,4594521,61,481500.953037042927463,2,28,26,9.557377049180328,6.639485932509976,583.000000000000000,23,3,7,7
1200,4594523,18,142082.248437160218600,2,9,7,3.888888888888889,1.911627837120584,70.000000000000000,7,2,6,4
1201,4594525,17,134188.790190651314333,1,8,7,3.470588235294118,2.225986815108765,59.000000000000000,7,1,6,3
1202,4594527,10,78934.582465089013567,1,11,10,3.800000000000000,3.155946767611900,38.000000000000000,6,1,2,3
1203,4594529,29,228910.289148758107331,1,9,8,4.103448275862069,2.353937678051863,119.000000000000000,9,2,9,4
1204,4594531,39,307844.871613847150002,1,34,33,12.205128205128204,8.593914027781334,476.000000000000000,21,5,3,11
1205,4594533,10,78934.582465089013567,1,6,5,2.900000000000000,1.513274595042156,29.000000000000000,5,3,5,3
1206,4594535,61,481500.953037042927463,1,12,11,3.327868852459016,2.124959490263129,203.000000000000000,9,2,8,3
1207,4594537,59,465714.036544025118928,1,6,5,2.644067796610170,1.337372986073143,156.000000000000000,6,2,6,2
1208,4594539,31,244697.205641775915865,1,25,24,6.483870967741935,5.494108091882263,201.000000000000000,15,3,4,5
1209,4594541,34,268377.580381302628666,2,20,18,8.382352941176471,4.771328005310058,285.000000000000000,17,6,3,7
1210,4594543,15,118401.873697633505799,3,15,12,7.933333333333334,3.820413008505174,119.000000000000000,8,3,5,8
1211,4594545,18,142082.248437160218600,2,22,20,11.166666666666666,6.525590650150631,201.000000000000000,12,2,8,9
1212,4594547,9,71041.124218580109300,3,34,31,10.000000000000000,10.165300454651270,90.000000000000000,6,3,7,5
1213,4594549,25,197336.456162722519366,3,19,16,8.680000000000000,4.797666099261182,217.000000000000000,12,10,5,9
1214,4594551,21,165762.623176686902298,2,22,20,8.857142857142858,5.175820287283794,186.000000000000000,13,5,4,8
1215,4594553,45,355205.621092900517397,1,17,16,7.955555555555556,4.130943155990492,358.000000000000000,16,6,1,7
1216,4594555,15,118401.873697633505799,1,27,26,8.066666666666666,6.627887211539504,121.000000000000000,10,5,1,5
1217,4594557,45,355205.621092900517397,1,32,31,12.355555555555556,7.604547047817453,556.000000000000000,21,21,3,11
1218,4594559,40,315738.329860356054269,2,16,14,7.350000000000000,3.818049240122499,294.000000000000000,12,6,3,6
1219,4594561,31,244697.205641775915865,1,12,11,4.000000000000000,2.688086020128988,124.000000000000000,10,2,3,4
1220,4594563,48,378885.995832427230198,1,19,18,8.062500000000000,5.141361079519703,387.000000000000000,17,2,1,7
1221,4594565,93,734091.616925327805802,1,35,34,11.677419354838710,6.973315174511063,1086.000000000000000,27,5,1,10
1222,4594567,27,213123.372655740327900,4,25,21,9.962962962962964,4.962686559467274,269.000000000000000,13,8,11,8
1223,4594569,27,213123.372655740327900,1,19,18,6.370370370370370,5.034312988902577,172.000000000000000,13,1,4,6
1224,4594571,45,355205.621092900517397,1,32,31,11.688888888888888,8.555238089348075,526.000000000000000,22,1,2,10
1225,4594573,10,78934.582465089013567,1,12,11,5.400000000000000,4.127953488110059,54.000000000000000,6,1,4,4
1226,4594575,22,173656.081423195806565,3,32,29,14.045454545454545,7.928528882960187,309.000000000000000,16,3,5,12
1227,4594577,22,173656.081423195806565,4,38,34,11.954545454545455,6.878671070961262,263.000000000000000,13,11,4,11
1228,4594579,13,102614.957204615711817,1,17,16,10.461538461538462,5.825875762695842,136.000000000000000,8,15,7,14
1229,4594581,21,165762.623176686902298,1,23,22,6.476190476190476,4.943673664093550,136.000000000000000,11,6,1,6
1230,4594583,1,7893.458246508900629,2,2,0,2.000000000000000,0.000000000000000,2.000000000000000,1,2,2,2
1231,4594585,87,686730.867446274380200,1,33,32,8.666666666666666,5.754891306215971,754.000000000000000,22,7,1,8
1232,4594587,34,268377.580381302628666,2,42,40,13.000000000000000,11.913906851683382,442.000000000000000,19,10,7,9
1233,4594589,36,284164.496874320437200,2,23,21,10.805555555555555,6.244194834868821,389.000000000000000,18,7,2,9
1234,4594591,33,260484.122134793724399,2,41,39,13.787878787878787,8.629609267314468,455.000000000000000,19,15,5,14
1235,4594593,13,102614.957204615711817,5,25,20,13.307692307692308,6.255884803491525,173.000000000000000,10,6,5,13
1236,4594599,52,410459.828818462847266,1,23,22,9.769230769230770,6.203644662663368,508.000000000000000,21,4,10,8
1237,4594605,2,15786.916493017801258,4,5,1,4.500000000000000,0.500000000000000,9.000000000000000,2,4,4,4
1238,4594607,5,39467.291232544506784,3,17,14,12.400000000000000,5.003998401278720,62.000000000000000,5,3,3,14
1239,4594609,13,102614.957204615711817,1,7,6,3.384615384615385,1.495555545786429,44.000000000000000,6,3,1,3
1240,4594611,23,181549.539669704710832,1,13,12,2.956521739130435,3.316339795743457,68.000000000000000,5,2,6,2
1241,4594619,50,394672.912325445038732,1,6,5,2.940000000000000,1.447895023819061,147.000000000000000,6,2,5,3
1242,4594623,17,134188.790190651314333,1,16,15,4.470588235294118,3.897475005524105,76.000000000000000,9,1,4,3
1243,4594625,22,173656.081423195806565,2,8,6,3.772727272727273,1.929008652174813,83.000000000000000,6,2,8,3
1244,4594629,38,299951.413367338245735,1,20,19,7.447368421052632,3.746558901326392,283.000000000000000,14,8,1,7
1245,4594631,10,78934.582465089013567,1,10,9,5.600000000000000,2.690724809414743,56.000000000000000,8,4,1,5
1246,4594633,4,31573.832986035602516,2,5,3,3.500000000000000,1.118033988749895,14.000000000000000,4,2,2,3
1247,4594635,107,844600.032376452349126,1,20,19,3.850467289719626,3.436483037858733,412.000000000000000,12,2,8,3
1248,4594639,6,47360.749479053403775,1,2,1,1.666666666666667,0.471404520791031,10.000000000000000,2,2,1,2
1249,4594641,1,7893.458246508900629,14,14,0,14.000000000000000,0.000000000000000,14.000000000000000,1,14,14,14
1250,4594643,15,118401.873697633505799,2,14,12,5.600000000000000,3.684200501239493,84.000000000000000,7,5,4,5
1251,4594645,1,7893.458246508900629,3,3,0,3.000000000000000,0.000000000000000,3.000000000000000,1,3,3,3
1252,4594649,15,118401.873697633505799,3,17,14,9.466666666666667,3.896437118987322,142.000000000000000,10,11,3,9
1253,4594651,5,39467.291232544506784,2,12,10,6.600000000000000,4.270831300812524,33.000000000000000,4,2,6,6
1254,4594653,19,149975.706683669122867,1,18,17,8.421052631578947,4.295846089981445,160.000000000000000,12,7,1,9
1255,4594655,62,489394.411283551831730,1,30,29,10.467741935483870,6.202803065460533,649.000000000000000,22,7,2,9
1256,4594659,1,7893.458246508900629,13,13,0,13.000000000000000,0.000000000000000,13.000000000000000,1,13,13,13
1257,4594661,23,181549.539669704710832,3,32,29,12.217391304347826,8.782178207271372,281.000000000000000,15,4,3,8
1258,4594663,1,7893.458246508900629,15,15,0,15.000000000000000,0.000000000000000,15.000000000000000,1,15,15,15
1259,4594665,1,7893.458246508900629,6,6,0,6.000000000000000,0.000000000000000,6.000000000000000,1,6,6,6
1260,4594673,3,23680.374739526701887,2,5,3,4.000000000000000,1.414213562373095,12.000000000000000,2,5,2,5
1261,4594675,4,31573.832986035602516,12,24,12,19.500000000000000,4.555216789572150,78.000000000000000,4,12,12,20
1262,4594677,1,7893.458246508900629,21,21,0,21.000000000000000,0.000000000000000,21.000000000000000,1,21,21,21
1263,4594679,5,39467.291232544506784,11,30,19,19.000000000000000,6.782329983125268,95.000000000000000,5,11,11,17
1264,4594681,21,165762.623176686902298,5,35,30,20.619047619047620,10.101749921371191,433.000000000000000,17,9,5,21
1265,4594683,8,63147.665972071205033,1,12,11,6.875000000000000,4.255511132637301,55.000000000000000,5,2,1,8
1266,4594685,6,47360.749479053403775,2,29,27,13.333333333333334,9.637888196533973,80.000000000000000,6,2,2,9
1267,4594687,2,15786.916493017801258,8,8,0,8.000000000000000,0.000000000000000,16.000000000000000,1,8,8,8
1268,4594689,5,39467.291232544506784,5,22,17,13.800000000000001,5.810335618533579,69.000000000000000,4,12,5,12
1269,4594693,2,15786.916493017801258,20,26,6,23.000000000000000,3.000000000000000,46.000000000000000,2,20,20,20
1270,4594695,4,31573.832986035602516,5,26,21,13.500000000000000,8.077747210701755,54.000000000000000,4,5,5,8
1271,4594697,16,126295.331944142410066,5,36,31,13.437500000000000,9.440396906380579,215.000000000000000,12,5,7,10
1272,4594699,1,7893.458246508900629,21,21,0,21.000000000000000,0.000000000000000,21.000000000000000,1,21,21,21
1273,4594701,6,47360.749479053403775,9,53,44,24.000000000000000,14.742229591663987,144.000000000000000,6,9,9,20
1274,4594703,1,7893.458246508900629,53,53,0,53.000000000000000,0.000000000000000,53.000000000000000,1,53,53,53
1275,4594705,19,149975.706683669122867,3,34,31,17.052631578947370,8.081647071642124,324.000000000000000,17,13,3,18
1276,4594707,2,15786.916493017801258,29,59,30,44.000000000000000,15.000000000000000,88.000000000000000,2,29,29,29
1277,4594709,4,31573.832986035602516,18,42,24,29.500000000000000,8.500000000000000,118.000000000000000,3,29,18,29
1278,4594711,4,31573.832986035602516,24,48,24,31.750000000000000,9.496709956611289,127.000000000000000,4,24,24,27
1279,4594713,11,86828.040711597903282,10,48,38,25.727272727272727,10.393100063292945,283.000000000000000,9,25,10,25
1280,4594715,4,31573.832986035602516,15,27,12,23.250000000000000,4.815340071064556,93.000000000000000,4,15,15,25
1281,4594717,36,284164.496874320437200,1,15,14,6.638888888888889,3.859711976716640,239.000000000000000,13,5,2,5
1282,4594719,16,126295.331944142410066,13,48,35,24.500000000000000,9.287087810503355,392.000000000000000,12,21,13,21
1283,4594721,5,39467.291232544506784,12,23,11,18.399999999999999,4.176122603564221,92.000000000000000,4,21,12,21
1284,4594723,31,244697.205641775915865,1,16,15,8.193548387096774,3.505013504540822,254.000000000000000,11,6,4,8
1285,4594725,14,110508.415451124601532,4,19,15,14.357142857142858,4.669156284401206,201.000000000000000,8,13,4,15
1286,4594727,5,39467.291232544506784,11,21,10,16.800000000000001,3.487119154832538,84.000000000000000,5,11,11,18
1287,4594729,6,47360.749479053403775,5,23,18,17.166666666666668,6.767980168082317,103.000000000000000,5,22,5,20
1288,4594731,9,71041.124218580109300,5,23,18,15.666666666666666,5.676462121975467,141.000000000000000,8,23,5,15
1289,4594733,9,71041.124218580109300,5,20,15,12.222222222222221,4.613453220450378,110.000000000000000,7,10,5,10
1290,4594735,2,15786.916493017801258,17,19,2,18.000000000000000,1.000000000000000,36.000000000000000,2,17,17,17
1291,4594737,1,7893.458246508900629,27,27,0,27.000000000000000,0.000000000000000,27.000000000000000,1,27,27,27
1292,4594739,2,15786.916493017801258,21,25,4,23.000000000000000,2.000000000000000,46.000000000000000,2,21,21,21
1293,4594741,6,47360.749479053403775,4,37,33,24.166666666666668,14.311029157805372,145.000000000000000,5,37,4,27
1294,4594743,13,102614.957204615711817,13,27,14,20.846153846153847,4.769230769230769,271.000000000000000,8,13,19,20
1295,4594745,27,213123.372655740327900,4,24,20,14.555555555555555,4.916588197741687,393.000000000000000,16,13,4,15
1296,4594747,14,110508.415451124601532,7,21,14,14.071428571428571,4.399095454332236,197.000000000000000,9,10,7,14
1297,4594749,9,71041.124218580109300,7,24,17,17.555555555555557,6.238075043385866,158.000000000000000,7,7,14,20
1298,4594751,1,7893.458246508900629,17,17,0,17.000000000000000,0.000000000000000,17.000000000000000,1,17,17,17
1299,4594753,35,276271.038627811532933,2,31,29,15.742857142857142,7.306915930005168,551.000000000000000,21,9,2,16
1300,4594755,7,55254.207725562300766,12,25,13,17.714285714285715,4.365916225696030,124.000000000000000,7,12,12,16
1301,4594757,4,31573.832986035602516,3,5,2,4.000000000000000,1.000000000000000,16.000000000000000,2,3,3,3
1302,4594759,5,39467.291232544506784,10,21,11,14.600000000000000,3.611094017053559,73.000000000000000,5,10,10,14
1303,4594761,11,86828.040711597903282,5,28,23,14.272727272727273,8.068918020188885,157.000000000000000,10,8,5,11
1304,4594763,8,63147.665972071205033,1,30,29,13.625000000000000,8.572302782799964,109.000000000000000,7,15,1,15
1305,4594767,5,39467.291232544506784,1,5,4,3.000000000000000,1.788854381999832,15.000000000000000,3,1,3,3
1306,4594769,9,71041.124218580109300,2,18,16,8.111111111111111,5.989703098641580,73.000000000000000,8,2,3,5
1307,4594771,84,663050.492706747609191,1,27,26,10.130952380952381,6.293949781724928,851.000000000000000,24,4,12,9
1308,4594773,14,110508.415451124601532,4,32,28,18.785714285714285,7.747613194015409,263.000000000000000,13,12,4,17
1309,4594775,52,410459.828818462847266,2,25,23,13.423076923076923,5.691917866069645,698.000000000000000,21,8,2,12
1310,4594777,6,47360.749479053403775,4,10,6,7.000000000000000,2.000000000000000,42.000000000000000,5,8,4,7
1311,4594779,59,465714.036544025118928,1,28,27,14.372881355932204,6.915711184637008,848.000000000000000,24,14,1,14
1312,4594783,4,31573.832986035602516,3,11,8,5.750000000000000,3.112474899497183,23.000000000000000,4,3,3,4
1313,4594785,5,39467.291232544506784,4,11,7,6.600000000000000,2.416609194718915,33.000000000000000,5,4,4,6
1314,4594787,6,47360.749479053403775,8,23,15,13.833333333333334,6.517071598672382,83.000000000000000,4,10,8,10
1315,4594789,1,7893.458246508900629,8,8,0,8.000000000000000,0.000000000000000,8.000000000000000,1,8,8,8
1316,4594791,1,7893.458246508900629,5,5,0,5.000000000000000,0.000000000000000,5.000000000000000,1,5,5,5
1317,4594793,45,355205.621092900517397,1,29,28,10.600000000000000,7.230798326910000,477.000000000000000,20,8,7,9
1318,4594795,3,23680.374739526701887,7,17,10,11.000000000000000,4.320493798938574,33.000000000000000,3,7,7,9
1319,4594797,5,39467.291232544506784,2,10,8,5.200000000000000,2.785677655436823,26.000000000000000,5,2,2,5
1320,4594799,21,165762.623176686902298,6,36,30,14.761904761904763,7.640149349729219,310.000000000000000,13,9,6,12
1321,4594801,1,7893.458246508900629,11,11,0,11.000000000000000,0.000000000000000,11.000000000000000,1,11,11,11
1322,4594803,3,23680.374739526701887,7,14,7,11.000000000000000,2.943920288775949,33.000000000000000,3,7,7,12
1323,4594805,8,63147.665972071205033,1,9,8,4.250000000000000,2.537222891273055,34.000000000000000,6,2,1,4
1324,4594807,15,118401.873697633505799,3,17,14,10.266666666666667,4.697043987682275,154.000000000000000,8,10,13,11
1325,4594809,8,63147.665972071205033,6,16,10,9.250000000000000,2.904737509655563,74.000000000000000,6,8,6,8
1326,4594811,5,39467.291232544506784,5,10,5,6.400000000000000,1.854723699099140,32.000000000000000,3,5,10,6
1327,4594813,16,126295.331944142410066,1,30,29,13.937500000000000,9.147873728358956,223.000000000000000,14,11,1,11
1328,4594815,11,86828.040711597903282,2,15,13,7.545454545454546,4.519928325329474,83.000000000000000,9,4,2,6
1329,4594817,21,165762.623176686902298,1,15,14,7.476190476190476,4.112918644131273,157.000000000000000,11,8,2,8
1330,4594819,2,15786.916493017801258,3,5,2,4.000000000000000,1.000000000000000,8.000000000000000,2,3,3,3
1331,4594821,32,252590.663888284820132,1,30,29,7.593750000000000,6.304063049930576,243.000000000000000,13,6,3,6
1332,4594823,27,213123.372655740327900,1,22,21,7.148148148148148,4.835851479688730,193.000000000000000,12,2,1,7
1333,4594825,5,39467.291232544506784,6,16,10,11.000000000000000,4.195235392680607,55.000000000000000,4,6,13,13
1334,4594827,1,7893.458246508900629,30,30,0,30.000000000000000,0.000000000000000,30.000000000000000,1,30,30,30
1335,4594829,12,94721.498958106807549,1,27,26,12.083333333333334,6.981622702177162,145.000000000000000,10,7,1,11
1336,4594831,5,39467.291232544506784,1,13,12,7.400000000000000,4.317406628984580,37.000000000000000,5,1,1,9
1337,4594833,37,292057.955120829341467,3,21,18,10.054054054054054,4.770097998573727,372.000000000000000,14,4,14,10
1338,4594835,4,31573.832986035602516,5,31,26,20.750000000000000,9.908960591303208,83.000000000000000,4,5,5,20
1339,4594969,19,149975.706683669122867,3,19,16,8.052631578947368,4.198667510564028,153.000000000000000,9,11,6,8
1340,4594973,4,31573.832986035602516,6,11,5,8.500000000000000,2.061552812808830,34.000000000000000,4,6,6,7
1341,4594975,5,39467.291232544506784,11,29,18,17.399999999999999,6.280127387243033,87.000000000000000,5,11,11,16
1342,4594977,27,213123.372655740327900,4,26,22,11.703703703703704,5.141082281321669,316.000000000000000,13,11,5,11
1343,4594979,18,142082.248437160218600,1,22,21,5.833333333333333,5.155902766086006,105.000000000000000,9,1,6,4
1344,4594981,2,15786.916493017801258,6,16,10,11.000000000000000,5.000000000000000,22.000000000000000,2,6,6,6
1345,4594983,13,102614.957204615711817,3,18,15,8.076923076923077,5.511687420822417,105.000000000000000,8,3,4,6
1346,4594985,26,205229.914409231423633,3,19,16,11.000000000000000,4.197068574062690,286.000000000000000,13,14,3,12
1347,4594987,29,228910.289148758107331,1,25,24,10.413793103448276,6.440803341302368,302.000000000000000,15,3,1,11
1348,4594989,30,236803.747395267011598,1,35,34,10.433333333333334,9.101953392297478,313.000000000000000,15,4,9,6
1349,4594991,40,315738.329860356054269,2,28,26,11.625000000000000,7.126315668001243,465.000000000000000,22,8,3,9
1350,4594993,20,157869.164930178027134,1,14,13,6.150000000000000,4.065402809070707,123.000000000000000,11,3,1,4
1351,4594995,36,284164.496874320437200,1,20,19,8.388888888888889,5.245515427368929,302.000000000000000,15,5,8,6
1352,4594997,61,481500.953037042927463,1,23,22,9.081967213114755,5.103181527620102,554.000000000000000,20,5,1,9
1353,4594999,9,71041.124218580109300,2,8,6,4.555555555555555,1.832491389163405,41.000000000000000,5,4,5,4
1354,4595001,36,284164.496874320437200,3,45,42,14.416666666666666,10.417333312001364,519.000000000000000,18,18,4,12
1355,4595003,7,55254.207725562300766,2,9,7,3.571428571428572,2.381904571504724,25.000000000000000,3,2,9,2
1356,4595005,18,142082.248437160218600,2,34,32,11.777777777777779,7.276717480014639,212.000000000000000,13,13,2,11
1357,4595007,4,31573.832986035602516,1,9,8,6.000000000000000,3.082207001484488,24.000000000000000,4,1,1,6
1358,4595009,15,118401.873697633505799,2,25,23,11.733333333333333,7.611103000806709,176.000000000000000,10,25,3,11
1359,4595039,11,86828.040711597903282,6,17,11,11.181818181818182,3.459326834625537,123.000000000000000,7,12,8,12
1360,4595041,13,102614.957204615711817,6,29,23,17.538461538461540,5.705805203277752,228.000000000000000,9,19,6,19
1361,4595043,13,102614.957204615711817,1,14,13,5.769230769230769,3.117046090669971,75.000000000000000,8,4,1,6
1362,4595045,2,15786.916493017801258,8,17,9,12.500000000000000,4.500000000000000,25.000000000000000,2,8,8,8
1363,4595049,15,118401.873697633505799,1,39,38,16.733333333333334,12.406808166844884,251.000000000000000,12,14,1,14
1364,4595051,2,15786.916493017801258,12,22,10,17.000000000000000,5.000000000000000,34.000000000000000,2,12,12,12
1365,4595053,3,23680.374739526701887,20,29,9,23.666666666666668,3.858612300930068,71.000000000000000,3,20,20,22
1366,4595055,9,71041.124218580109300,4,28,24,13.222222222222221,8.625257197811267,119.000000000000000,7,4,7,8
1367,4595057,24,189442.997916213615099,1,48,47,20.000000000000000,13.231905884389192,480.000000000000000,17,1,3,19
1368,4595059,32,252590.663888284820132,4,25,21,16.156250000000000,5.717896111114647,517.000000000000000,17,19,6,18
1369,4595061,3,23680.374739526701887,11,30,19,20.666666666666668,7.760297817881874,62.000000000000000,3,11,11,21
1370,4595063,46,363099.079339409421664,3,21,18,13.586956521739131,5.143911922620261,625.000000000000000,16,17,5,15
1371,4595065,2,15786.916493017801258,9,14,5,11.500000000000000,2.500000000000000,23.000000000000000,2,9,9,9
1372,4595069,33,260484.122134793724399,1,25,24,10.696969696969697,7.661334832999022,353.000000000000000,19,1,3,9
1373,4595071,2,15786.916493017801258,4,17,13,10.500000000000000,6.500000000000000,21.000000000000000,2,4,4,4
1374,4595075,94,741985.075171836651862,1,53,52,13.085106382978724,9.650994408546149,1230.000000000000000,33,7,21,11
1375,4595077,5,39467.291232544506784,4,24,20,14.800000000000001,7.934733769950949,74.000000000000000,3,11,4,11
1376,4595079,13,102614.957204615711817,1,32,31,10.769230769230770,12.777106005266704,140.000000000000000,7,1,3,2
1377,4595081,1,7893.458246508900629,18,18,0,18.000000000000000,0.000000000000000,18.000000000000000,1,18,18,18
1378,4595083,140,1105084.154511246131733,1,41,40,10.128571428571428,7.486981899215710,1418.000000000000000,28,8,13,8
1379,4595085,1,7893.458246508900629,12,12,0,12.000000000000000,0.000000000000000,12.000000000000000,1,12,12,12
1380,4595087,6,47360.749479053403775,5,9,4,6.666666666666667,1.490711984999859,40.000000000000000,5,5,6,6
1381,4595089,5,39467.291232544506784,9,20,11,15.000000000000000,3.741657386773941,75.000000000000000,5,9,9,16
1382,4595095,8,63147.665972071205033,1,8,7,4.125000000000000,2.521780125229002,33.000000000000000,6,2,1,2
1383,4595101,59,465714.036544025118928,1,37,36,12.474576271186441,11.676945171973168,736.000000000000000,24,2,7,6
1384,4595103,1,7893.458246508900629,12,12,0,12.000000000000000,0.000000000000000,12.000000000000000,1,12,12,12
1385,4595105,1,7893.458246508900629,3,3,0,3.000000000000000,0.000000000000000,3.000000000000000,1,3,3,3
1386,4595107,6,47360.749479053403775,6,15,9,10.000000000000000,3.265986323710904,60.000000000000000,6,6,6,8
1387,4596477,16,126295.331944142410066,4,14,10,8.687500000000000,3.096747285459374,139.000000000000000,9,10,4,8
1388,4596483,1,7893.458246508900629,11,11,0,11.000000000000000,0.000000000000000,11.000000000000000,1,11,11,11
1389,4596487,5,39467.291232544506784,2,43,41,16.399999999999999,14.319217855734999,82.000000000000000,5,2,2,15
1390,4596491,13,102614.957204615711817,2,8,6,4.923076923076923,2.268904800577327,64.000000000000000,6,3,5,5
1391,4596493,20,157869.164930178027134,1,3,2,1.700000000000000,0.842614977317636,34.000000000000000,3,1,2,1
1392,4596495,35,276271.038627811532933,2,17,15,6.971428571428572,3.476333982686887,244.000000000000000,12,4,2,6
1393,6082737,4,31573.832986035602516,4,47,43,29.000000000000000,15.795568998931314,116.000000000000000,4,4,4,29
1394,6082739,13,102614.957204615711817,3,34,31,12.230769230769230,8.962776408387390,159.000000000000000,9,3,6,10
1395,6082741,22,173656.081423195806565,1,20,19,9.181818181818182,5.788989263611989,202.000000000000000,14,3,1,8
1396,6082743,7,55254.207725562300766,6,28,22,15.714285714285714,8.429781995389675,110.000000000000000,6,6,8,17
1397,6082745,40,315738.329860356054269,3,34,31,15.525000000000000,8.068418370411887,621.000000000000000,19,17,3,13
1398,6082747,41,323631.788106864900328,2,83,81,36.219512195121951,26.438619383091805,1485.000000000000000,32,4,5,34
1399,6082749,10,78934.582465089013567,3,18,15,10.900000000000000,4.437341546466756,109.000000000000000,7,7,3,11
1400,6082751,23,181549.539669704710832,2,19,17,10.043478260869565,5.179208105237083,231.000000000000000,13,7,2,8
1401,6082753,22,173656.081423195806565,4,32,28,13.500000000000000,6.351449369310055,297.000000000000000,16,11,4,13
1402,6082755,31,244697.205641775915865,1,28,27,8.225806451612904,5.706304817674607,255.000000000000000,14,11,1,7
1403,6082757,12,94721.498958106807549,2,38,36,13.333333333333334,10.695274138089630,160.000000000000000,10,5,2,8
1404,6082759,24,189442.997916213615099,1,18,17,4.375000000000000,3.903123748998999,105.000000000000000,9,1,8,3
1405,6082761,28,221016.830902249203064,1,39,38,14.464285714285714,10.321552149532076,405.000000000000000,19,27,6,12
1406,6082763,41,323631.788106864900328,2,51,49,12.731707317073171,9.936442878871111,522.000000000000000,21,6,2,9
1407,6082765,37,292057.955120829341467,5,20,15,10.054054054054054,3.945205409963831,372.000000000000000,13,5,18,9
1408,6082767,66,520968.244269587448798,3,38,35,13.560606060606061,8.698883223130441,895.000000000000000,24,10,15,10
1409,6082769,32,252590.663888284820132,1,15,14,8.781250000000000,4.067664985897929,281.000000000000000,13,10,1,10
1410,6082771,46,363099.079339409421664,1,18,17,8.782608695652174,4.226793642828429,404.000000000000000,17,10,1,8
1411,6082773,29,228910.289148758107331,9,37,28,23.827586206896552,8.132815458194726,691.000000000000000,18,24,9,24
1412,6082775,47,370992.537585918325931,1,44,43,20.808510638297872,11.712220019355927,978.000000000000000,29,18,1,19
1413,6082777,6,47360.749479053403775,5,29,24,11.833333333333334,8.294911425419535,71.000000000000000,5,5,7,7
1414,6082779,14,110508.415451124601532,4,48,44,22.571428571428573,14.734382946575213,316.000000000000000,11,4,6,22
1415,6082781,23,181549.539669704710832,2,15,13,6.391304347826087,3.448240010243192,147.000000000000000,10,5,8,5
1416,6082783,1,7893.458246508900629,13,13,0,13.000000000000000,0.000000000000000,13.000000000000000,1,13,13,13
1417,6082785,20,157869.164930178027134,7,37,30,18.949999999999999,9.019284894047864,379.000000000000000,16,7,10,18
1418,6082787,27,213123.372655740327900,7,38,31,20.740740740740740,7.300900972267652,560.000000000000000,14,26,7,21
1419,6082789,23,181549.539669704710832,1,32,31,10.695652173913043,9.303738297791895,246.000000000000000,16,3,1,7
1420,6082791,11,86828.040711597903282,4,29,25,12.000000000000000,6.338913012640115,132.000000000000000,8,8,4,11
1421,6082793,10,78934.582465089013567,5,39,34,22.800000000000001,11.813551540497885,228.000000000000000,7,31,5,20
1422,6082795,31,244697.205641775915865,1,32,31,9.096774193548388,6.437565351799456,282.000000000000000,15,9,1,9
1423,6082797,21,165762.623176686902298,4,30,26,17.285714285714285,7.832428663927315,363.000000000000000,15,8,4,16
1424,6082799,12,94721.498958106807549,2,22,20,11.500000000000000,5.545268253204709,138.000000000000000,9,7,2,10
1425,6082801,42,331525.246353373804595,1,46,45,11.357142857142858,11.141559753530768,477.000000000000000,22,2,3,7
1426,6082803,2,15786.916493017801258,21,30,9,25.500000000000000,4.500000000000000,51.000000000000000,2,21,21,21
1427,6082805,5,39467.291232544506784,13,34,21,22.000000000000000,9.186947262284681,110.000000000000000,4,13,18,18
1428,6082807,36,284164.496874320437200,1,22,21,8.944444444444445,5.451526006768117,322.000000000000000,15,6,13,7
1429,6082809,14,110508.415451124601532,1,41,40,11.714285714285714,11.535216707535058,164.000000000000000,10,2,1,5
1430,6082811,11,86828.040711597903282,1,5,4,2.727272727272727,1.482682402754554,30.000000000000000,5,1,3,2
1431,6082813,36,284164.496874320437200,8,43,35,17.916666666666668,7.376294613301601,645.000000000000000,19,12,9,16
1432,6082815,17,134188.790190651314333,1,25,24,9.352941176470589,6.729576304035336,159.000000000000000,12,5,1,7
1433,6082817,16,126295.331944142410066,5,19,14,13.187500000000000,4.231116135253203,211.000000000000000,10,18,5,13
1434,6082819,5,39467.291232544506784,16,43,27,25.199999999999999,9.410632284814875,126.000000000000000,4,24,16,24
1435,6082821,20,157869.164930178027134,6,32,26,14.449999999999999,6.078445524967711,289.000000000000000,12,10,6,12
1436,6082823,22,173656.081423195806565,1,30,29,13.318181818181818,7.288760735396054,293.000000000000000,15,9,1,10
1437,6082825,24,189442.997916213615099,2,57,55,27.041666666666668,16.280047007166640,649.000000000000000,17,19,2,24
1438,6082827,14,110508.415451124601532,9,28,19,21.357142857142858,5.838384596262696,299.000000000000000,10,15,9,22
1439,6082857,28,221016.830902249203064,4,24,20,11.107142857142858,4.700602436423028,311.000000000000000,14,10,4,10
1440,6082859,24,189442.997916213615099,4,30,26,19.458333333333332,6.782201994108471,467.000000000000000,15,16,4,18
1441,6082861,30,236803.747395267011598,1,35,34,15.100000000000000,8.814193099768124,453.000000000000000,20,6,1,16
1442,6082863,26,205229.914409231423633,3,29,26,14.192307692307692,8.062349489444181,369.000000000000000,17,5,3,12
1443,6082865,55,434140.203557989560068,1,40,39,15.309090909090909,11.255500032949914,842.000000000000000,26,2,3,17
1444,6082867,34,268377.580381302628666,1,31,30,11.470588235294118,8.339259715055990,390.000000000000000,21,10,1,8
1445,6082869,18,142082.248437160218600,3,26,23,10.000000000000000,5.364492313143693,180.000000000000000,10,14,3,8
1446,6082871,33,260484.122134793724399,6,40,34,19.060606060606062,9.905429774958272,629.000000000000000,17,14,6,16
1447,6082877,7,55254.207725562300766,5,41,36,19.857142857142858,15.310393961792952,139.000000000000000,6,5,8,9
1448,6082879,2,15786.916493017801258,13,14,1,13.500000000000000,0.500000000000000,27.000000000000000,2,13,13,13
1449,6082881,10,78934.582465089013567,2,25,23,10.600000000000000,6.814690014960330,106.000000000000000,7,12,2,10
1450,6082885,4,31573.832986035602516,5,23,18,13.750000000000000,6.378675411086537,55.000000000000000,4,5,5,13
1451,6082887,5,39467.291232544506784,5,22,17,10.000000000000000,6.260990336999411,50.000000000000000,3,5,22,9
1452,6082889,12,94721.498958106807549,1,36,35,17.083333333333332,10.649400087433200,205.000000000000000,11,7,1,14
1453,6082891,13,102614.957204615711817,2,18,16,8.769230769230770,5.308249692026497,114.000000000000000,10,2,5,7
1454,6082895,3,23680.374739526701887,6,10,4,8.666666666666666,1.885618083164128,26.000000000000000,2,10,6,10
1455,6083315,5,39467.291232544506784,2,24,22,13.400000000000000,7.657675887630658,67.000000000000000,5,2,2,13
1456,6083319,11,86828.040711597903282,4,16,12,9.818181818181818,3.663534850838159,108.000000000000000,9,7,4,9
1457,6083323,8,63147.665972071205033,3,13,10,6.125000000000000,2.976470224947664,49.000000000000000,6,4,3,5
1458,6083325,7,55254.207725562300766,6,42,36,19.857142857142858,14.034941818074440,139.000000000000000,6,13,6,13
1459,6083327,3,23680.374739526701887,7,18,11,14.333333333333334,5.185449728701347,43.000000000000000,2,18,7,18
1460,6083329,12,94721.498958106807549,3,23,20,11.916666666666666,5.663602112515399,143.000000000000000,11,14,3,12
1461,6083331,22,173656.081423195806565,3,14,11,6.363636363636363,2.884842118658624,140.000000000000000,8,5,10,5
1462,6083335,5,39467.291232544506784,1,28,27,7.800000000000000,10.244998779892558,39.000000000000000,4,2,1,2
1463,6083337,6,47360.749479053403775,1,9,8,4.166666666666667,2.671869923646899,25.000000000000000,6,1,1,3
1464,6083339,13,102614.957204615711817,2,31,29,15.923076923076923,10.535372933135147,207.000000000000000,10,5,2,18
1465,6083341,15,118401.873697633505799,1,31,30,8.800000000000001,7.816222446510420,132.000000000000000,10,5,1,5
1466,6083343,10,78934.582465089013567,6,17,11,10.699999999999999,3.822302970723280,107.000000000000000,7,6,8,11
1467,6083345,6,47360.749479053403775,5,24,19,11.833333333333334,6.066758241067098,71.000000000000000,5,11,5,11
1468,6083347,5,39467.291232544506784,17,28,11,22.600000000000001,4.923413450036465,113.000000000000000,3,17,23,23
1469,6083349,9,71041.124218580109300,9,22,13,12.333333333333334,4.594682917363407,111.000000000000000,6,9,10,10
1470,6083351,11,86828.040711597903282,2,31,29,9.545454545454545,9.442299761890025,105.000000000000000,8,4,3,4
1471,6083353,10,78934.582465089013567,6,22,16,14.800000000000001,4.894895300208166,148.000000000000000,7,13,6,13
1472,6083355,2,15786.916493017801258,6,6,0,6.000000000000000,0.000000000000000,12.000000000000000,1,6,6,6
1473,6083357,12,94721.498958106807549,2,32,30,16.416666666666668,11.514182076417278,197.000000000000000,10,13,2,13
1474,6083359,5,39467.291232544506784,8,13,5,10.400000000000000,1.624807680927188,52.000000000000000,4,10,8,10
1475,6083361,6,47360.749479053403775,7,17,10,13.666666666666666,3.349958540373634,82.000000000000000,4,14,7,14
1476,6083363,2,15786.916493017801258,2,8,6,5.000000000000000,3.000000000000000,10.000000000000000,2,2,2,2
1477,6083365,20,157869.164930178027134,2,41,39,19.750000000000000,10.430124639715482,395.000000000000000,17,12,2,16
1478,6083367,4,31573.832986035602516,22,31,9,26.750000000000000,3.491060010942235,107.000000000000000,4,22,22,25
1479,6083369,1,7893.458246508900629,8,8,0,8.000000000000000,0.000000000000000,8.000000000000000,1,8,8,8
1480,6083371,14,110508.415451124601532,6,29,23,13.714285714285714,6.702116631851373,192.000000000000000,10,12,6,11
1481,6083373,20,157869.164930178027134,3,32,29,14.400000000000000,9.029950165975448,288.000000000000000,15,32,3,11
1482,6083375,17,134188.790190651314333,5,56,51,27.823529411764707,16.758616024978444,473.000000000000000,13,56,5,25
1483,6083377,13,102614.957204615711817,4,42,38,16.923076923076923,13.041127478755804,220.000000000000000,10,5,4,12
1484,6083379,14,110508.415451124601532,9,23,14,15.071428571428571,4.148395313066174,211.000000000000000,9,16,9,16
1485,6083381,11,86828.040711597903282,6,25,19,15.909090909090908,6.556808334638895,175.000000000000000,8,6,11,14
1486,6083383,12,94721.498958106807549,6,27,21,12.250000000000000,5.775306629666226,147.000000000000000,10,7,6,11
1487,6083385,15,118401.873697633505799,1,22,21,5.266666666666667,5.409456740026878,79.000000000000000,8,1,5,3
1488,6083387,17,134188.790190651314333,2,27,25,12.235294117647058,6.503658805216589,208.000000000000000,12,10,2,10
1489,6083389,19,149975.706683669122867,2,20,18,11.210526315789474,4.478944276082797,213.000000000000000,12,14,2,12
1490,6083391,29,228910.289148758107331,1,22,21,10.724137931034482,5.740939198208491,311.000000000000000,16,6,1,11
1491,6083393,6,47360.749479053403775,2,21,19,5.666666666666667,6.896053621859067,34.000000000000000,4,2,3,2
1492,6083395,8,63147.665972071205033,1,46,45,18.500000000000000,16.393596310755001,148.000000000000000,8,1,1,12
1493,6083397,13,102614.957204615711817,3,22,19,13.153846153846153,4.974491142838382,171.000000000000000,9,11,3,12
1494,6083399,7,55254.207725562300766,2,9,7,4.142857142857143,2.849991049037143,29.000000000000000,4,2,4,2
1495,6083401,6,47360.749479053403775,1,12,11,6.500000000000000,4.310839052125854,39.000000000000000,4,1,11,7
1496,6083403,17,134188.790190651314333,2,25,23,9.705882352941176,6.359473765524509,165.000000000000000,13,6,4,7
1497,6083405,27,213123.372655740327900,1,38,37,14.074074074074074,9.595237730542381,380.000000000000000,18,4,1,14
1498,6083407,7,55254.207725562300766,7,26,19,15.142857142857142,5.841442371503107,106.000000000000000,7,7,7,15
1499,6083409,26,205229.914409231423633,7,46,39,18.461538461538460,11.486549891171277,480.000000000000000,18,7,8,13
1500,6083411,5,39467.291232544506784,9,26,17,18.800000000000001,5.635601121442147,94.000000000000000,5,9,9,19
1501,6083413,14,110508.415451124601532,4,44,40,16.857142857142858,13.146738557295400,236.000000000000000,10,6,4,8
1502,6083415,15,118401.873697633505799,10,34,24,19.666666666666668,8.063635794244567,295.000000000000000,13,14,10,16
1503,6083417,34,268377.580381302628666,1,31,30,7.500000000000000,7.818718113679280,255.000000000000000,14,1,3,4
1504,6083419,8,63147.665972071205033,7,30,23,14.250000000000000,7.013380069552769,114.000000000000000,7,17,7,11
1505,6083423,13,102614.957204615711817,10,18,8,13.615384615384615,2.131754840084776,177.000000000000000,7,12,10,13
1506,6083425,12,94721.498958106807549,1,19,18,12.000000000000000,6.055300708194983,144.000000000000000,9,9,1,12
1507,6083427,8,63147.665972071205033,1,43,42,10.750000000000000,15.465687828221544,86.000000000000000,5,1,31,2
1508,6083429,30,236803.747395267011598,3,22,19,10.066666666666666,4.781445620544296,302.000000000000000,16,10,3,10
1509,6083431,20,157869.164930178027134,4,16,12,9.150000000000000,3.395217224272991,183.000000000000000,10,6,4,8
1510,6083433,4,31573.832986035602516,8,10,2,9.000000000000000,0.707106781186548,36.000000000000000,3,9,8,9
1511,6083435,4,31573.832986035602516,5,14,9,9.750000000000000,3.269174207655505,39.000000000000000,4,5,5,9
1512,6083437,26,205229.914409231423633,5,38,33,15.307692307692308,8.360940464073821,398.000000000000000,16,6,5,11
1513,6083439,12,94721.498958106807549,1,14,13,4.833333333333333,3.912231531435168,58.000000000000000,7,4,2,4
1514,6083441,17,134188.790190651314333,3,20,17,9.470588235294118,5.391907302602817,161.000000000000000,11,3,6,8
1515,6083443,33,260484.122134793724399,1,14,13,5.787878787878788,3.400156643072321,191.000000000000000,12,2,11,6
1516,6083445,20,157869.164930178027134,3,11,8,7.150000000000000,2.242208732477866,143.000000000000000,9,8,3,7
1517,6083447,6,47360.749479053403775,1,11,10,3.500000000000000,3.500000000000000,21.000000000000000,4,1,4,2
1518,6083449,15,118401.873697633505799,4,27,23,11.933333333333334,6.597642676660270,179.000000000000000,11,8,4,11
1519,6083451,16,126295.331944142410066,3,30,27,13.562500000000000,9.232881118589148,217.000000000000000,11,5,7,10
1520,6083453,35,276271.038627811532933,5,24,19,10.800000000000001,4.926894124525685,378.000000000000000,16,5,10,10
1521,6083455,27,213123.372655740327900,4,30,26,12.851851851851851,6.096165787721449,347.000000000000000,13,11,19,11
1522,6083457,55,434140.203557989560068,1,36,35,13.236363636363636,7.880848215455067,728.000000000000000,24,8,10,13
1523,6083459,16,126295.331944142410066,1,46,45,21.812500000000000,15.191357534795895,349.000000000000000,13,9,1,18
1524,6083461,14,110508.415451124601532,1,34,33,13.714285714285714,9.082389328715619,192.000000000000000,11,12,1,12
1525,6083463,5,39467.291232544506784,1,7,6,5.200000000000000,2.399999999999999,26.000000000000000,3,7,1,7
1526,6083465,33,260484.122134793724399,2,18,16,10.545454545454545,4.390698909581544,348.000000000000000,15,9,5,10
1527,6083467,7,55254.207725562300766,1,6,5,3.428571428571428,2.128523489393049,24.000000000000000,3,1,6,5
1528,6083469,15,118401.873697633505799,3,38,35,16.466666666666665,7.535397947170557,247.000000000000000,11,15,3,15
1529,6083471,31,244697.205641775915865,2,20,18,8.677419354838710,5.269431607802003,269.000000000000000,14,3,10,8
1530,6083473,7,55254.207725562300766,5,11,6,8.142857142857142,1.726149424799226,57.000000000000000,5,8,5,8
1531,6083475,9,71041.124218580109300,2,26,24,18.000000000000000,6.831300510639732,162.000000000000000,6,19,2,19
1532,6083477,12,94721.498958106807549,4,20,16,10.583333333333334,5.544642058379923,127.000000000000000,10,4,5,8
1533,6083479,17,134188.790190651314333,1,42,41,20.411764705882351,12.714321815919021,347.000000000000000,16,24,1,22
1534,6083481,10,78934.582465089013567,2,26,24,10.600000000000000,5.851495535331118,106.000000000000000,7,11,2,10
1535,6083483,13,102614.957204615711817,2,45,43,12.923076923076923,11.572258196363991,168.000000000000000,11,7,2,8
1536,6083485,6,47360.749479053403775,6,28,22,14.833333333333334,7.861650943380503,89.000000000000000,5,6,13,13
1537,6083487,19,149975.706683669122867,2,20,18,6.368421052631579,4.636361167483209,121.000000000000000,11,2,3,5
1538,6083489,9,71041.124218580109300,2,13,11,6.333333333333333,3.018461712712472,57.000000000000000,7,4,2,6
1539,6083491,11,86828.040711597903282,1,10,9,6.090909090909091,2.609581835346786,67.000000000000000,7,7,1,7
1540,6083493,17,134188.790190651314333,1,18,17,10.411764705882353,4.994806991847947,177.000000000000000,12,6,1,10
1541,6083495,22,173656.081423195806565,5,13,8,9.636363636363637,2.247128562601504,212.000000000000000,9,10,5,10
1542,6083497,18,142082.248437160218600,8,32,24,19.555555555555557,6.849348892187748,352.000000000000000,13,22,8,21
1543,6083499,21,165762.623176686902298,1,15,14,8.380952380952381,3.565391723301883,176.000000000000000,13,4,1,8
1544,6083501,11,86828.040711597903282,7,24,17,17.363636363636363,5.014029902959155,191.000000000000000,10,15,7,18
1545,6083503,22,173656.081423195806565,1,48,47,17.363636363636363,13.998524125276580,382.000000000000000,17,2,3,12
1546,6083505,22,173656.081423195806565,2,13,11,5.863636363636363,3.279349360986865,129.000000000000000,10,5,6,5
1547,6083507,19,149975.706683669122867,1,15,14,5.789473684210527,3.763801932374973,110.000000000000000,9,2,1,5
1548,6083509,11,86828.040711597903282,2,39,37,20.818181818181817,14.082988976506256,229.000000000000000,9,2,5,17
1549,6083511,23,181549.539669704710832,7,24,17,12.086956521739131,4.282553519838783,278.000000000000000,11,14,9,12
1550,6083513,34,268377.580381302628666,2,22,20,10.794117647058824,5.454514653367999,367.000000000000000,16,10,4,10
1551,6083515,17,134188.790190651314333,2,37,35,18.647058823529413,10.588235294117645,317.000000000000000,14,2,5,19
1552,6083517,10,78934.582465089013567,4,19,15,12.699999999999999,4.290687590584988,127.000000000000000,7,11,4,14
1553,6083519,7,55254.207725562300766,11,22,11,16.285714285714285,3.843892584878205,114.000000000000000,6,13,11,16
1554,6083521,11,86828.040711597903282,5,19,14,9.272727272727273,3.595221806051852,102.000000000000000,8,7,5,9
1555,6083523,2,15786.916493017801258,3,3,0,3.000000000000000,0.000000000000000,6.000000000000000,1,3,3,3
1556,6083525,13,102614.957204615711817,1,20,19,5.076923076923077,5.497713349294043,66.000000000000000,7,2,1,3
1557,6083527,3,23680.374739526701887,6,12,6,9.333333333333334,2.494438257849292,28.000000000000000,3,6,6,10
1558,6083529,7,55254.207725562300766,11,16,5,14.428571428571429,1.590789817951438,101.000000000000000,4,14,11,15
1559,6083531,34,268377.580381302628666,3,22,19,12.764705882352942,5.122377799934276,434.000000000000000,14,13,3,13
1560,6083533,13,102614.957204615711817,5,24,19,14.846153846153847,5.998027289113208,193.000000000000000,12,15,5,15
1561,6083535,13,102614.957204615711817,4,19,15,11.307692307692308,5.524555191069377,147.000000000000000,10,4,5,12
1562,6083537,16,126295.331944142410066,4,23,19,11.125000000000000,5.935855035291883,178.000000000000000,10,4,6,11
1563,6083539,20,157869.164930178027134,4,42,38,12.949999999999999,10.758601210194568,259.000000000000000,13,4,5,7
1564,6083541,1,7893.458246508900629,10,10,0,10.000000000000000,0.000000000000000,10.000000000000000,1,10,10,10
1565,6083543,17,134188.790190651314333,1,16,15,7.941176470588236,5.046496609300521,135.000000000000000,10,2,1,8
1566,6083545,16,126295.331944142410066,1,10,9,5.875000000000000,2.341874249399399,94.000000000000000,9,5,1,6
1567,6083547,27,213123.372655740327900,1,17,16,6.814814814814815,5.011372526098621,184.000000000000000,12,3,2,6
1568,6083549,16,126295.331944142410066,1,16,15,7.625000000000000,3.550968177835448,122.000000000000000,9,7,1,7
1569,6083551,14,110508.415451124601532,11,24,13,18.357142857142858,4.185129164368640,257.000000000000000,9,11,14,18
1570,6083553,34,268377.580381302628666,1,38,37,11.264705882352942,10.730135746987964,383.000000000000000,18,5,2,5
1571,6083555,10,78934.582465089013567,1,23,22,10.000000000000000,8.024961059095553,100.000000000000000,6,1,4,10
1572,6083557,3,23680.374739526701887,2,4,2,3.333333333333333,0.942809041582063,10.000000000000000,2,4,2,4
1573,6083559,22,173656.081423195806565,1,36,35,10.909090909090908,8.436442005905587,240.000000000000000,16,4,1,8
1574,6083561,15,118401.873697633505799,5,25,20,14.133333333333333,6.097722707882201,212.000000000000000,14,21,5,14
1575,6083563,11,86828.040711597903282,1,6,5,2.636363636363636,1.871932752906727,29.000000000000000,5,1,2,2
1576,6083565,6,47360.749479053403775,12,28,16,20.500000000000000,4.752192476461084,123.000000000000000,5,22,12,20
1577,6083567,14,110508.415451124601532,4,23,19,11.428571428571429,6.114552731152198,160.000000000000000,12,4,5,10
1578,6083569,9,71041.124218580109300,5,12,7,8.222222222222221,2.393406580948671,74.000000000000000,6,6,5,8
1579,6083571,29,228910.289148758107331,2,32,30,12.310344827586206,9.699283472560948,357.000000000000000,16,4,3,9
1580,6083573,4,31573.832986035602516,5,17,12,9.500000000000000,4.500000000000000,38.000000000000000,3,8,5,8
1581,6083575,15,118401.873697633505799,3,26,23,13.866666666666667,5.277204647243546,208.000000000000000,9,14,3,14
1582,6083577,4,31573.832986035602516,7,31,24,16.500000000000000,9.526279441628825,66.000000000000000,4,7,7,9
1583,6083579,9,71041.124218580109300,1,32,31,15.000000000000000,9.556847457887633,135.000000000000000,9,1,1,15
1584,6083581,18,142082.248437160218600,6,17,11,12.000000000000000,2.645751311064591,216.000000000000000,9,12,6,12
1585,6083583,10,78934.582465089013567,2,33,31,14.199999999999999,8.600000000000000,142.000000000000000,9,9,2,10
1586,6083585,22,173656.081423195806565,3,43,40,21.954545454545453,12.811490839112409,483.000000000000000,16,13,3,14
1587,6083587,10,78934.582465089013567,4,29,25,14.600000000000000,8.212186067059125,146.000000000000000,7,17,4,11
1588,6083589,15,118401.873697633505799,3,20,17,12.666666666666666,5.929212051829110,190.000000000000000,10,3,8,15
1589,6083591,29,228910.289148758107331,1,46,45,14.310344827586206,13.554750912314363,415.000000000000000,16,2,1,7
1590,6083593,11,86828.040711597903282,5,27,22,13.000000000000000,7.827689778774276,143.000000000000000,8,5,6,9
1591,6083595,15,118401.873697633505799,7,24,17,14.600000000000000,5.376492040974920,219.000000000000000,11,19,7,14
1592,6083597,22,173656.081423195806565,9,46,37,21.636363636363637,8.972409499761193,476.000000000000000,13,14,9,20
1593,6083599,8,63147.665972071205033,1,22,21,9.625000000000000,7.105235745561156,77.000000000000000,7,5,1,5
1594,6083601,5,39467.291232544506784,9,31,22,19.800000000000001,7.222188034107115,99.000000000000000,5,9,9,19
1595,6083603,10,78934.582465089013567,1,17,16,7.000000000000000,5.385164807134504,70.000000000000000,6,4,1,4
1596,6083605,12,94721.498958106807549,9,28,19,21.833333333333332,4.705198071164371,262.000000000000000,6,20,9,22
1597,6083607,19,149975.706683669122867,1,13,12,4.947368421052632,3.501483658627346,94.000000000000000,10,2,1,4
1598,6083609,15,118401.873697633505799,7,28,21,18.600000000000001,6.945502141674133,279.000000000000000,11,22,10,22
1599,6083611,17,134188.790190651314333,2,22,20,11.764705882352942,5.683095798477383,200.000000000000000,14,7,2,12
1600,6083613,5,39467.291232544506784,1,11,10,6.200000000000000,4.261455150532503,31.000000000000000,4,11,1,6
1601,6083615,6,47360.749479053403775,2,6,4,3.333333333333333,1.247219128924647,20.000000000000000,3,3,2,3
1602,6083617,27,213123.372655740327900,3,23,20,11.666666666666666,4.929127336181963,315.000000000000000,15,10,3,12
1603,6083619,4,31573.832986035602516,2,16,14,7.000000000000000,5.744562646538029,28.000000000000000,3,2,8,2
1604,6083621,9,71041.124218580109300,1,18,17,5.555555555555555,4.763544691161337,50.000000000000000,7,3,1,5
1605,6083623,26,205229.914409231423633,1,32,31,12.076923076923077,7.873632125025698,314.000000000000000,16,5,1,11
1606,6083625,12,94721.498958106807549,12,37,25,24.166666666666668,6.631155421359250,290.000000000000000,10,20,12,24
1607,6083627,23,181549.539669704710832,5,18,13,9.130434782608695,4.163029288203765,210.000000000000000,11,5,12,8
1608,6083629,35,276271.038627811532933,1,17,16,7.257142857142857,3.572456994785499,254.000000000000000,15,8,1,7
1609,6083631,15,118401.873697633505799,1,34,33,9.000000000000000,8.771164878927618,135.000000000000000,10,1,2,7
1610,6083633,3,23680.374739526701887,18,32,14,22.666666666666668,6.599663291074440,68.000000000000000,2,18,32,18
1611,6083635,15,118401.873697633505799,2,15,13,8.600000000000000,3.611094017053559,129.000000000000000,10,9,2,9
1612,6083637,20,157869.164930178027134,1,15,14,7.150000000000000,3.940494892776794,143.000000000000000,12,5,1,6
1613,6083639,37,292057.955120829341467,4,19,15,9.945945945945946,4.066647107849520,368.000000000000000,12,8,5,8
1614,6083641,8,63147.665972071205033,14,25,11,19.125000000000000,3.295356581616017,153.000000000000000,6,19,14,19
1615,6083643,12,94721.498958106807549,1,25,24,7.833333333333333,7.092640943651071,94.000000000000000,8,4,2,4
1616,6083645,9,71041.124218580109300,1,6,5,2.666666666666667,1.632993161855452,24.000000000000000,5,2,3,2
1617,6083647,31,244697.205641775915865,4,37,33,13.612903225806452,8.346053420648119,422.000000000000000,20,8,7,12
1618,6083649,10,78934.582465089013567,1,7,6,4.000000000000000,2.000000000000000,40.000000000000000,6,4,2,4
1619,6083651,26,205229.914409231423633,4,24,20,13.307692307692308,5.881975275032585,346.000000000000000,15,15,5,14
1620,6083653,10,78934.582465089013567,7,17,10,10.900000000000000,2.808914381037626,109.000000000000000,7,7,9,11
1621,6083655,2,15786.916493017801258,2,4,2,3.000000000000000,1.000000000000000,6.000000000000000,2,2,2,2
1622,6083657,40,315738.329860356054269,2,31,29,11.100000000000000,6.628725367670621,444.000000000000000,18,8,2,8
1623,6083659,18,142082.248437160218600,1,15,14,6.277777777777778,3.330091015699046,113.000000000000000,10,6,1,6
1624,6083661,12,94721.498958106807549,1,35,34,12.666666666666666,7.877534865397649,152.000000000000000,6,12,1,12
1625,6083663,11,86828.040711597903282,5,58,53,27.454545454545453,20.128512731778979,302.000000000000000,10,11,5,22
1626,6083665,1,7893.458246508900629,2,2,0,2.000000000000000,0.000000000000000,2.000000000000000,1,2,2,2
1627,6083667,6,47360.749479053403775,3,19,16,8.333333333333334,6.046119049072351,50.000000000000000,5,3,5,5
1628,6083669,8,63147.665972071205033,3,21,18,8.125000000000000,5.818880906153691,65.000000000000000,5,5,11,5
1629,6083671,13,102614.957204615711817,8,30,22,19.076923076923077,7.965903671384382,248.000000000000000,11,10,8,20
1630,6083673,9,71041.124218580109300,12,25,13,21.888888888888889,4.175176495123539,197.000000000000000,5,24,12,24
1631,6083675,19,149975.706683669122867,5,22,17,14.368421052631579,5.527067618031612,273.000000000000000,11,21,5,15
1632,6083677,8,63147.665972071205033,8,28,20,16.375000000000000,7.175261319283083,131.000000000000000,6,10,8,14
1633,6083679,10,78934.582465089013567,13,53,40,24.100000000000001,11.130588483993106,241.000000000000000,9,25,13,22
1634,6083681,14,110508.415451124601532,2,26,24,12.714285714285714,8.301708700438651,178.000000000000000,11,5,2,10
1635,6083683,18,142082.248437160218600,3,14,11,7.722222222222222,2.863671993079971,139.000000000000000,8,8,6,8
1636,6083685,14,110508.415451124601532,12,34,22,21.928571428571427,6.974077365647791,307.000000000000000,9,29,12,19
1637,6083687,11,86828.040711597903282,9,25,16,14.000000000000000,4.221158824088691,154.000000000000000,8,9,11,14
1638,6083689,3,23680.374739526701887,10,18,8,12.666666666666666,3.771236166328254,38.000000000000000,2,10,18,10
1639,6083691,21,165762.623176686902298,2,32,30,11.523809523809524,8.732092138003125,242.000000000000000,15,2,3,9
1640,6083693,13,102614.957204615711817,2,24,22,9.923076923076923,6.988579017682389,129.000000000000000,8,11,3,8
1641,6083695,40,315738.329860356054269,2,27,25,11.025000000000000,5.326760272435769,441.000000000000000,18,10,4,10
1642,6083697,5,39467.291232544506784,1,23,22,7.600000000000000,8.089499366462674,38.000000000000000,4,1,6,6
1643,6083699,35,276271.038627811532933,4,37,33,16.628571428571430,8.754054454237481,582.000000000000000,20,5,4,15
1644,6083701,20,157869.164930178027134,1,10,9,4.700000000000000,2.431049156228644,94.000000000000000,8,2,1,4
1645,6083703,11,86828.040711597903282,1,45,44,17.272727272727273,13.212190714301485,190.000000000000000,10,6,1,16
1646,6083705,9,71041.124218580109300,8,27,19,15.555555555555555,7.335016641821780,140.000000000000000,7,10,8,11
1647,6083707,12,94721.498958106807549,13,43,30,22.333333333333332,7.781745019952503,268.000000000000000,9,21,16,21
1648,6083709,8,63147.665972071205033,17,32,15,25.750000000000000,5.117372372614680,206.000000000000000,7,25,17,25
1649,6083711,2,15786.916493017801258,7,14,7,10.500000000000000,3.500000000000000,21.000000000000000,2,7,7,7
1650,6083713,10,78934.582465089013567,3,27,24,17.399999999999999,5.817215828899596,174.000000000000000,8,16,3,17
1651,6083715,5,39467.291232544506784,15,24,9,19.600000000000001,3.826225293941794,98.000000000000000,4,24,15,19
1652,6083717,19,149975.706683669122867,4,10,6,6.894736842105263,1.997227995895818,131.000000000000000,7,7,6,7
1653,6083719,25,197336.456162722519366,1,54,53,17.600000000000001,19.318385025669201,440.000000000000000,14,3,6,7
1654,6083721,18,142082.248437160218600,10,22,12,15.333333333333334,3.091206165165234,276.000000000000000,11,14,10,14
1655,6083723,6,47360.749479053403775,23,40,17,30.166666666666668,5.899623340142615,181.000000000000000,4,23,33,31
1656,6083725,10,78934.582465089013567,7,28,21,17.699999999999999,6.870953354520753,177.000000000000000,8,13,7,16
1657,6083727,18,142082.248437160218600,10,20,10,15.555555555555555,3.201080064641762,280.000000000000000,11,20,10,15
1658,6083729,2,15786.916493017801258,5,8,3,6.500000000000000,1.500000000000000,13.000000000000000,2,5,5,5
1659,6083731,4,31573.832986035602516,3,10,7,5.000000000000000,2.915475947422650,20.000000000000000,3,3,4,3
1660,6083733,8,63147.665972071205033,15,40,25,24.000000000000000,7.245688373094719,192.000000000000000,8,15,15,22
1661,6083735,13,102614.957204615711817,4,28,24,14.307692307692308,6.544341247739446,186.000000000000000,9,11,4,12
1662,6083737,12,94721.498958106807549,2,30,28,15.333333333333334,9.267625849638561,184.000000000000000,10,9,2,9
1663,6083739,15,118401.873697633505799,1,38,37,13.266666666666667,10.834922960296282,199.000000000000000,12,4,1,11
1664,6083741,5,39467.291232544506784,5,11,6,8.000000000000000,2.280350850198276,40.000000000000000,5,5,5,8
1665,6083743,4,31573.832986035602516,10,19,9,13.500000000000000,3.354101966249685,54.000000000000000,4,10,10,12
1666,6083745,7,55254.207725562300766,7,23,16,15.000000000000000,5.371884479132333,105.000000000000000,6,17,7,17
1667,6083747,5,39467.291232544506784,1,23,22,12.400000000000000,7.255342858886821,62.000000000000000,5,1,1,14
1668,6083749,7,55254.207725562300766,7,22,15,11.285714285714286,5.062870041905527,79.000000000000000,5,7,10,10
1669,6083751,25,197336.456162722519366,1,34,33,13.720000000000001,9.746876422731541,343.000000000000000,18,3,1,12
1670,6083753,29,228910.289148758107331,3,26,23,10.034482758620690,5.792282372026500,291.000000000000000,13,3,10,9
1671,6083755,6,47360.749479053403775,3,18,15,7.833333333333333,4.775516260631468,47.000000000000000,4,6,3,6
1672,6083757,19,149975.706683669122867,7,32,25,19.789473684210527,5.267366738188125,376.000000000000000,12,22,7,21
1673,6083759,6,47360.749479053403775,8,17,9,11.666666666666666,2.748737083745108,70.000000000000000,5,12,8,11
1674,6083761,11,86828.040711597903282,1,32,31,12.000000000000000,10.000000000000000,132.000000000000000,9,1,3,11
1675,6083763,15,118401.873697633505799,2,18,16,6.800000000000000,5.101633725255731,102.000000000000000,8,2,8,5
1676,6083765,9,71041.124218580109300,7,22,15,13.333333333333334,4.136557881996952,120.000000000000000,7,10,7,13
1677,6083767,17,134188.790190651314333,3,29,26,14.941176470588236,9.282941903331229,254.000000000000000,13,3,4,14
1678,6083769,28,221016.830902249203064,2,40,38,18.785714285714285,10.054697348777347,526.000000000000000,19,12,2,16
1679,6083771,13,102614.957204615711817,12,23,11,16.692307692307693,4.392031514960058,217.000000000000000,8,12,15,16
1680,6083773,2,15786.916493017801258,2,4,2,3.000000000000000,1.000000000000000,6.000000000000000,2,2,2,2
1681,6083775,15,118401.873697633505799,4,25,21,11.600000000000000,5.401234426807759,174.000000000000000,11,10,4,10
1682,6083777,4,31573.832986035602516,10,25,15,16.750000000000000,6.417748826496718,67.000000000000000,4,10,10,11
1683,6083779,20,157869.164930178027134,2,27,25,13.949999999999999,6.414631711953541,279.000000000000000,13,16,2,15
1684,6083781,7,55254.207725562300766,2,26,24,13.714285714285714,8.344618209434421,96.000000000000000,7,2,2,12
1685,6083783,8,63147.665972071205033,1,9,8,2.750000000000000,2.487468592766550,22.000000000000000,4,1,9,2
1686,6083785,13,102614.957204615711817,5,29,24,14.923076923076923,7.446853114019044,194.000000000000000,9,9,5,16
1687,6083787,17,134188.790190651314333,2,18,16,8.352941176470589,4.418426343109157,142.000000000000000,10,9,3,9
1688,6083789,5,39467.291232544506784,5,15,10,8.400000000000000,3.666060555964672,42.000000000000000,4,5,8,8
1689,6083791,25,197336.456162722519366,2,26,24,11.720000000000001,5.716782311755451,293.000000000000000,11,10,5,10
1690,6083793,6,47360.749479053403775,3,15,12,8.500000000000000,4.958158260214505,51.000000000000000,5,15,3,5
1691,6083795,17,134188.790190651314333,2,37,35,18.000000000000000,9.616162864432679,306.000000000000000,16,16,2,17
1692,6083797,2,15786.916493017801258,10,19,9,14.500000000000000,4.500000000000000,29.000000000000000,2,10,10,10
1693,6083799,9,71041.124218580109300,5,30,25,15.888888888888889,8.937367800973423,143.000000000000000,8,10,5,12
1694,6083801,7,55254.207725562300766,1,19,18,10.571428571428571,6.986868148935706,74.000000000000000,5,7,1,7
1695,6083803,16,126295.331944142410066,1,10,9,4.500000000000000,2.715695122800054,72.000000000000000,8,2,1,4
1696,6083805,16,126295.331944142410066,1,23,22,6.250000000000000,5.356071321407137,100.000000000000000,10,5,1,5
1697,6083807,6,47360.749479053403775,3,39,36,20.833333333333332,13.346868130347618,125.000000000000000,5,11,3,11
1698,6083809,6,47360.749479053403775,2,20,18,10.500000000000000,7.342796923970229,63.000000000000000,5,4,2,4
1699,6083811,77,607796.284981185337529,2,33,31,16.428571428571427,8.257902270385358,1265.000000000000000,26,15,2,15
1700,6083813,8,63147.665972071205033,2,26,24,11.875000000000000,8.594147718069546,95.000000000000000,8,2,2,6
1701,6083815,9,71041.124218580109300,5,32,27,20.000000000000000,8.755950357709132,180.000000000000000,8,27,5,21
1702,6083817,17,134188.790190651314333,4,16,12,10.411764705882353,3.630893967531991,177.000000000000000,10,13,5,11
1703,6083819,4,31573.832986035602516,9,10,1,9.750000000000000,0.433012701892219,39.000000000000000,2,10,9,10
1704,6083821,8,63147.665972071205033,4,18,14,12.625000000000000,4.897384506039933,101.000000000000000,7,18,4,13
1705,6083823,20,157869.164930178027134,4,25,21,13.100000000000000,6.456779382943172,262.000000000000000,14,14,5,12
1706,6083825,12,94721.498958106807549,1,31,30,9.083333333333334,10.028778035677570,109.000000000000000,8,1,4,4
1707,6083827,12,94721.498958106807549,6,32,26,14.416666666666666,7.750896005552449,173.000000000000000,10,8,6,10
1708,6083829,29,228910.289148758107331,2,32,30,12.206896551724139,8.490884809686644,354.000000000000000,17,3,6,10
1709,6083831,14,110508.415451124601532,13,39,26,25.357142857142858,7.565024245614467,355.000000000000000,9,23,13,23
1710,6083833,12,94721.498958106807549,12,31,19,20.333333333333332,5.497474167490216,244.000000000000000,7,25,12,18
1711,6083835,27,213123.372655740327900,5,34,29,17.185185185185187,8.576613494834687,464.000000000000000,20,9,5,16
1712,6083837,16,126295.331944142410066,4,19,15,10.375000000000000,4.794202227691277,166.000000000000000,9,7,11,9
1713,6083839,12,94721.498958106807549,2,27,25,16.583333333333332,6.981622702177165,199.000000000000000,9,14,2,16
1714,6083841,11,86828.040711597903282,1,7,6,2.818181818181818,2.081004207683563,31.000000000000000,6,1,2,2
1715,6083843,14,110508.415451124601532,7,43,36,23.428571428571427,11.536985776897124,328.000000000000000,13,16,7,21
1716,6083845,17,134188.790190651314333,2,22,20,12.470588235294118,6.194092508747379,212.000000000000000,11,20,2,11
1717,6083847,16,126295.331944142410066,7,21,14,12.687500000000000,4.042257259255032,203.000000000000000,9,13,10,13
1718,6083849,7,55254.207725562300766,7,15,8,12.142857142857142,2.849991049037144,85.000000000000000,5,15,7,12
1719,6083851,23,181549.539669704710832,1,44,43,13.826086956521738,12.288744139015089,318.000000000000000,16,5,3,10
1720,6083853,12,94721.498958106807549,6,23,17,14.500000000000000,5.204164998665331,174.000000000000000,10,13,6,14
1721,6083855,22,173656.081423195806565,2,22,20,9.318181818181818,4.576484991347951,205.000000000000000,13,6,2,8
1722,6083857,25,197336.456162722519366,4,28,24,15.480000000000000,6.818328240852004,387.000000000000000,16,11,6,15
1723,6083859,34,268377.580381302628666,2,41,39,18.882352941176471,11.699081678094510,642.000000000000000,22,22,2,20
1724,6083861,30,236803.747395267011598,2,40,38,18.466666666666665,10.058937430077902,554.000000000000000,22,14,2,15
1725,6083863,18,142082.248437160218600,5,25,20,12.333333333333334,5.830951894845301,222.000000000000000,12,7,5,10
1726,6083865,26,205229.914409231423633,3,29,26,12.423076923076923,7.206690678289473,323.000000000000000,17,7,3,9
1727,6083867,7,55254.207725562300766,5,28,23,16.857142857142858,6.937034595530848,118.000000000000000,6,20,5,19
1728,6083869,23,181549.539669704710832,4,41,37,18.086956521739129,8.895103897422207,416.000000000000000,17,17,4,17
1729,6083871,36,284164.496874320437200,4,46,42,18.166666666666668,9.334821309960297,654.000000000000000,23,10,5,17
1730,6083873,32,252590.663888284820132,3,33,30,14.781250000000000,7.573532758066079,473.000000000000000,17,18,14,17
1731,6083875,31,244697.205641775915865,7,30,23,15.258064516129032,6.598962489007006,473.000000000000000,17,12,11,13
1732,6083877,18,142082.248437160218600,4,22,18,11.444444444444445,4.573136806057039,206.000000000000000,13,10,4,11
1733,6083879,27,213123.372655740327900,2,19,17,9.296296296296296,4.412228922025313,251.000000000000000,15,9,2,9
1734,6083881,21,165762.623176686902298,3,23,20,10.523809523809524,5.720631397211888,221.000000000000000,14,7,3,8
1735,6083883,17,134188.790190651314333,4,41,37,18.000000000000000,10.180719956050721,306.000000000000000,14,4,9,14
1736,6083885,12,94721.498958106807549,1,50,49,21.333333333333332,16.589822850839070,256.000000000000000,10,3,1,17
1737,6083887,18,142082.248437160218600,3,26,23,10.666666666666666,7.310570733153770,192.000000000000000,12,4,3,8
1738,6083889,21,165762.623176686902298,5,18,13,10.761904761904763,3.689170275856485,226.000000000000000,11,10,5,10
1739,6083891,9,71041.124218580109300,4,31,27,15.000000000000000,9.533566430716728,135.000000000000000,7,4,15,15
1740,6083893,18,142082.248437160218600,1,27,26,10.888888888888889,7.093728755338830,196.000000000000000,13,5,1,8
1741,6083895,26,205229.914409231423633,8,32,24,19.115384615384617,6.675598060657607,497.000000000000000,16,23,11,17
1742,6083897,16,126295.331944142410066,6,28,22,14.375000000000000,4.935521755599908,230.000000000000000,10,14,6,14
1743,6083899,13,102614.957204615711817,2,17,15,7.923076923076923,4.410852672871216,103.000000000000000,8,5,9,7
1744,6083901,11,86828.040711597903282,5,41,36,18.181818181818183,13.421950690215581,200.000000000000000,7,7,5,11
1745,6083903,1,7893.458246508900629,9,9,0,9.000000000000000,0.000000000000000,9.000000000000000,1,9,9,9
1746,6083905,7,55254.207725562300766,15,31,16,23.000000000000000,5.398412465054624,161.000000000000000,7,15,15,22
1747,6083907,64,505181.327776569640264,1,25,24,11.718750000000000,5.372001343773101,750.000000000000000,20,7,1,12
1748,6083911,18,142082.248437160218600,6,35,29,20.166666666666668,9.221050795748702,363.000000000000000,16,22,6,19
1749,6083913,26,205229.914409231423633,1,49,48,20.269230769230770,13.406535984384321,527.000000000000000,22,13,1,18
1750,6083915,46,363099.079339409421664,1,31,30,13.195652173913043,8.189652976715010,607.000000000000000,23,3,1,12
1751,6083917,64,505181.327776569640264,2,26,24,12.234375000000000,5.920679298811497,783.000000000000000,22,10,3,11
1752,6083919,33,260484.122134793724399,4,37,33,12.878787878787879,7.768458275958467,425.000000000000000,18,11,4,11
1753,6083921,31,244697.205641775915865,2,43,41,18.000000000000000,11.480699090774186,558.000000000000000,22,2,3,18
1754,6083923,10,78934.582465089013567,7,25,18,17.600000000000001,6.036555309114624,176.000000000000000,9,25,7,17
1755,6083925,23,181549.539669704710832,7,30,23,15.782608695652174,7.222889472028613,363.000000000000000,17,7,13,14
1756,6083927,36,284164.496874320437200,4,27,23,12.777777777777779,6.164914666036032,460.000000000000000,18,4,6,13
1757,6083929,5,39467.291232544506784,2,23,21,12.600000000000000,8.777243302996677,63.000000000000000,4,23,2,9
1758,6083931,2,15786.916493017801258,12,16,4,14.000000000000000,2.000000000000000,28.000000000000000,2,12,12,12
1759,6083933,5,39467.291232544506784,1,51,50,30.000000000000000,18.825514601200148,150.000000000000000,5,1,1,41
1760,6083935,7,55254.207725562300766,4,12,8,8.285714285714286,2.962348764761102,58.000000000000000,6,12,4,8
1761,6083937,3,23680.374739526701887,3,8,5,5.000000000000000,2.160246899469287,15.000000000000000,3,3,3,4
1762,6083939,17,134188.790190651314333,1,33,32,17.470588235294116,8.044856939895888,297.000000000000000,12,15,1,16
1763,6083941,8,63147.665972071205033,7,19,12,11.500000000000000,4.031128874149275,92.000000000000000,7,8,7,9
1764,6083943,11,86828.040711597903282,1,13,12,5.727272727272728,3.359948838650242,63.000000000000000,8,7,3,6
1765,6083945,22,173656.081423195806565,2,9,7,5.090909090909091,2.020555524626625,112.000000000000000,8,3,2,5
1766,6083947,32,252590.663888284820132,2,30,28,12.062500000000000,6.941440322440293,386.000000000000000,17,3,2,12
1767,6083949,3,23680.374739526701887,4,14,10,9.000000000000000,4.082482904638630,27.000000000000000,3,4,4,9
1768,6083951,7,55254.207725562300766,7,26,19,12.285714285714286,6.691450530645924,86.000000000000000,5,7,12,8
1769,6083953,11,86828.040711597903282,2,23,21,16.363636363636363,7.201928116486676,180.000000000000000,7,22,2,22
1770,6083955,19,149975.706683669122867,5,30,25,16.157894736842106,6.301738756671900,307.000000000000000,14,16,5,16
1771,6083957,15,118401.873697633505799,4,40,36,21.133333333333333,9.871620378078205,317.000000000000000,12,4,9,22
1772,6083959,20,157869.164930178027134,3,17,14,8.900000000000000,3.419064199455751,178.000000000000000,11,9,3,9
1773,6083961,16,126295.331944142410066,5,27,22,15.125000000000000,6.411659301616080,242.000000000000000,11,13,5,13
1774,6083963,18,142082.248437160218600,4,20,16,10.666666666666666,4.841946348777983,192.000000000000000,11,7,4,9
1775,6083967,28,221016.830902249203064,5,33,28,13.571428571428571,6.161102472242236,380.000000000000000,17,19,5,13
1776,6083969,18,142082.248437160218600,3,33,30,19.055555555555557,8.758946044043720,343.000000000000000,12,26,3,19
1777,6083971,19,149975.706683669122867,7,26,19,14.421052631578947,5.860804592452654,274.000000000000000,14,12,8,12
1778,6083973,19,149975.706683669122867,6,25,19,14.368421052631579,5.313443984894301,273.000000000000000,15,9,6,14
1779,6083975,7,55254.207725562300766,8,24,16,16.000000000000000,6.071008388821650,112.000000000000000,7,8,8,18
1780,6083977,40,315738.329860356054269,3,26,23,11.375000000000000,5.365107175071156,455.000000000000000,14,10,3,10
1781,6083979,6,47360.749479053403775,20,47,27,33.666666666666664,9.195409482755821,202.000000000000000,6,20,20,29
1782,6083981,22,173656.081423195806565,1,29,28,11.000000000000000,6.735253251633257,242.000000000000000,13,13,4,12
1783,6083983,25,197336.456162722519366,3,32,29,13.279999999999999,7.876649033694468,332.000000000000000,14,10,4,11
1784,6083985,15,118401.873697633505799,2,43,41,27.399999999999999,10.163988718346095,411.000000000000000,11,26,2,26
1785,6083987,8,63147.665972071205033,5,28,23,15.750000000000000,8.272696053887149,126.000000000000000,7,5,10,12
1786,6083989,5,39467.291232544506784,3,31,28,19.600000000000001,10.518555033843763,98.000000000000000,5,3,3,24
1787,6083991,3,23680.374739526701887,16,24,8,21.333333333333332,3.771236166328257,64.000000000000000,2,24,16,24
1788,6083993,29,228910.289148758107331,4,18,14,10.931034482758621,4.370205033324375,317.000000000000000,13,14,4,11
1789,6083995,3,23680.374739526701887,1,38,37,25.666666666666668,17.441967269268172,77.000000000000000,2,38,1,38
1790,6083997,3,23680.374739526701887,11,15,4,12.666666666666666,1.699673171197597,38.000000000000000,3,11,11,12
1791,6083999,19,149975.706683669122867,5,44,39,18.684210526315791,10.770586806957407,355.000000000000000,15,7,5,14
1792,6084001,11,86828.040711597903282,9,45,36,29.454545454545453,13.158914271070715,324.000000000000000,11,9,9,35
1793,6084003,17,134188.790190651314333,4,33,29,11.588235294117647,6.426588368822429,197.000000000000000,12,13,4,12
1794,6084005,8,63147.665972071205033,3,27,24,12.875000000000000,9.532018411648187,103.000000000000000,6,5,3,7
1795,6084007,18,142082.248437160218600,1,27,26,15.277777777777779,10.332287880208632,275.000000000000000,10,3,2,21
1796,6084009,14,110508.415451124601532,3,26,23,14.428571428571429,6.218799674193977,202.000000000000000,12,9,3,13
1797,6084011,10,78934.582465089013567,8,25,17,19.199999999999999,4.955804677345551,192.000000000000000,6,20,8,20
1798,6084013,4,31573.832986035602516,4,26,22,13.750000000000000,8.073877630977572,55.000000000000000,4,4,4,10
1799,6084015,15,118401.873697633505799,2,26,24,13.866666666666667,7.753422183497784,208.000000000000000,14,7,2,14
1800,6084017,21,165762.623176686902298,1,22,21,12.095238095238095,5.975384123175776,254.000000000000000,17,6,1,13
1801,6084019,17,134188.790190651314333,3,23,20,14.176470588235293,6.473795996328285,241.000000000000000,12,10,3,13
1802,6084021,22,173656.081423195806565,4,24,20,12.363636363636363,5.094965916073473,272.000000000000000,14,16,4,13
1803,6084023,3,23680.374739526701887,1,11,10,7.000000000000000,4.320493798938574,21.000000000000000,3,1,1,9
1804,6084025,4,31573.832986035602516,1,12,11,5.000000000000000,4.183300132670378,20.000000000000000,4,1,1,3
1805,6084027,17,134188.790190651314333,2,16,14,7.411764705882353,3.679175475555739,126.000000000000000,10,7,5,7
1806,6084029,9,71041.124218580109300,9,26,17,16.000000000000000,5.333333333333333,144.000000000000000,8,17,9,16
1807,6084031,5,39467.291232544506784,9,26,17,18.800000000000001,7.678541528180986,94.000000000000000,4,26,9,23
1808,6084033,13,102614.957204615711817,11,42,31,32.538461538461540,8.661278859342298,423.000000000000000,10,37,11,36
1809,6084035,17,134188.790190651314333,6,42,36,20.588235294117649,11.167488650908318,350.000000000000000,14,7,6,16
1810,6084037,29,228910.289148758107331,7,41,34,18.586206896551722,7.350895987514910,539.000000000000000,15,17,12,17
1811,6084039,11,86828.040711597903282,6,14,8,9.363636363636363,2.057037908906322,103.000000000000000,6,8,6,9
1812,6084041,15,118401.873697633505799,9,23,14,15.466666666666667,4.745055906473130,232.000000000000000,9,12,9,14
1813,6084043,25,197336.456162722519366,3,33,30,15.440000000000000,9.112979754174811,386.000000000000000,17,7,3,12
1814,6084045,4,31573.832986035602516,22,25,3,24.000000000000000,1.224744871391589,96.000000000000000,3,25,22,24
1815,6084047,9,71041.124218580109300,5,22,17,12.444444444444445,6.865551869233514,112.000000000000000,6,5,8,12
1816,6084049,11,86828.040711597903282,5,17,12,11.363636363636363,4.140108195176618,125.000000000000000,7,11,7,11
1817,6084051,17,134188.790190651314333,2,11,9,5.588235294117647,2.377809756636204,95.000000000000000,9,5,4,5
1818,6084053,15,118401.873697633505799,3,35,32,16.933333333333334,9.732876701617508,254.000000000000000,12,10,3,16
1819,6084055,3,23680.374739526701887,2,15,13,7.666666666666667,5.436502143433363,23.000000000000000,3,2,2,6
1820,6084057,4,31573.832986035602516,17,20,3,19.000000000000000,1.224744871391589,76.000000000000000,3,20,17,19
1821,6084059,6,47360.749479053403775,12,29,17,20.833333333333332,5.335936864527376,125.000000000000000,6,12,12,21
1822,6084061,16,126295.331944142410066,1,27,26,11.125000000000000,7.540515565927836,178.000000000000000,9,1,7,8
1823,6084063,4,31573.832986035602516,4,8,4,5.750000000000000,1.785357107135713,23.000000000000000,3,4,7,4
1824,6084065,5,39467.291232544506784,11,23,12,18.199999999999999,3.969886648255840,91.000000000000000,5,11,11,19
1825,6084067,16,126295.331944142410066,6,27,21,11.937500000000000,6.138696421065307,191.000000000000000,10,6,7,9
1826,6084069,19,149975.706683669122867,1,37,36,12.157894736842104,10.378434918490395,231.000000000000000,12,2,1,10
1827,6084071,11,86828.040711597903282,3,18,15,9.000000000000000,5.134553180524705,99.000000000000000,8,3,4,7
1828,6084073,2,15786.916493017801258,3,3,0,3.000000000000000,0.000000000000000,6.000000000000000,1,3,3,3
1829,6084075,16,126295.331944142410066,4,29,25,15.437500000000000,7.184782094816794,247.000000000000000,12,10,4,12
1830,6084077,18,142082.248437160218600,1,26,25,13.222222222222221,6.704522151798041,238.000000000000000,14,13,1,13
1831,6084079,9,71041.124218580109300,3,32,29,22.222222222222221,9.015761233378131,200.000000000000000,7,25,3,25
1832,6084081,2,15786.916493017801258,14,27,13,20.500000000000000,6.500000000000000,41.000000000000000,2,14,14,14
1833,6084083,19,149975.706683669122867,6,41,35,19.210526315789473,10.778042725195963,365.000000000000000,15,9,6,17
1834,6084085,3,23680.374739526701887,8,11,3,9.000000000000000,1.414213562373095,27.000000000000000,2,8,11,8
1835,6084087,24,189442.997916213615099,2,29,27,12.833333333333334,7.652160188832664,308.000000000000000,17,10,2,10
1836,6084089,6,47360.749479053403775,8,23,15,13.000000000000000,5.033222956847166,78.000000000000000,5,8,12,12
1837,6084091,6,47360.749479053403775,3,8,5,5.833333333333333,1.771690968789109,35.000000000000000,4,5,3,5
1838,6084093,12,94721.498958106807549,6,26,20,16.416666666666668,7.910523932641180,197.000000000000000,8,8,6,18
1839,6084095,3,23680.374739526701887,8,16,8,12.666666666666666,3.399346342395191,38.000000000000000,3,8,8,14
1840,6084097,8,63147.665972071205033,8,41,33,25.625000000000000,10.061529456300368,205.000000000000000,8,8,8,26
1841,6084099,7,55254.207725562300766,6,26,20,16.285714285714285,6.363159271805741,114.000000000000000,6,21,6,16
1842,6084101,9,71041.124218580109300,4,26,22,13.666666666666666,8.178562764256865,123.000000000000000,7,4,7,13
1843,6084103,10,78934.582465089013567,4,19,15,11.800000000000001,5.114684741017768,118.000000000000000,8,4,6,13
1844,6084105,11,86828.040711597903282,5,37,32,18.545454545454547,9.764161150616401,204.000000000000000,8,9,5,18
1845,6084107,10,78934.582465089013567,5,24,19,14.100000000000000,5.127377497317709,141.000000000000000,9,11,5,14
1846,6084109,12,94721.498958106807549,4,23,19,15.166666666666666,5.639641438562879,182.000000000000000,8,19,4,16
1847,6084111,8,63147.665972071205033,10,31,21,18.125000000000000,6.899954709996291,145.000000000000000,7,10,14,15
1848,6084113,45,355205.621092900517397,2,24,22,10.133333333333333,4.612061481714127,456.000000000000000,19,9,2,9
1849,6084115,13,102614.957204615711817,3,25,22,12.615384615384615,7.248750147316768,164.000000000000000,11,6,3,13
1850,6084117,12,94721.498958106807549,10,22,12,16.250000000000000,3.561951712193752,195.000000000000000,10,17,10,16
1851,6084119,18,142082.248437160218600,1,25,24,14.277777777777779,6.829719008011607,257.000000000000000,15,20,1,14
1852,6084121,37,292057.955120829341467,3,22,19,12.702702702702704,5.412022976244473,470.000000000000000,18,15,3,14
1853,6084123,15,118401.873697633505799,9,41,32,21.533333333333335,10.449029726353647,323.000000000000000,13,9,10,20
1854,6084125,18,142082.248437160218600,9,30,21,17.111111111111111,5.576626707257605,308.000000000000000,11,21,13,17
1855,6084127,11,86828.040711597903282,7,45,38,17.727272727272727,9.798802423032106,195.000000000000000,10,18,7,18
1856,6084129,17,134188.790190651314333,10,27,17,16.294117647058822,5.453166439918491,277.000000000000000,11,11,10,15
1857,6084131,17,134188.790190651314333,8,61,53,32.588235294117645,14.033819753930619,554.000000000000000,15,37,8,34
1858,6084133,35,276271.038627811532933,6,30,24,15.800000000000001,6.022813770513390,553.000000000000000,16,18,15,17
1859,6084135,12,94721.498958106807549,4,15,11,7.750000000000000,3.243583409338094,93.000000000000000,8,5,4,6
1860,6084137,18,142082.248437160218600,8,33,25,23.555555555555557,8.254441378381443,424.000000000000000,13,31,8,25
1861,6084139,10,78934.582465089013567,4,27,23,14.100000000000000,7.529276193632427,141.000000000000000,9,8,4,10
1862,6084141,24,189442.997916213615099,5,30,25,17.875000000000000,6.502002896544008,429.000000000000000,17,13,5,18
1863,6084143,21,165762.623176686902298,4,34,30,15.476190476190476,8.726637096346900,325.000000000000000,15,4,6,13
1864,6084145,19,149975.706683669122867,9,27,18,17.684210526315791,6.087542340317012,336.000000000000000,8,11,17,19
1865,6084147,6,47360.749479053403775,2,28,26,16.000000000000000,10.376254944182254,96.000000000000000,5,28,2,12
1866,6084151,16,126295.331944142410066,11,27,16,19.062500000000000,4.394154497739013,305.000000000000000,9,19,11,19
1867,6084153,31,244697.205641775915865,3,32,29,15.741935483870968,6.554819659611637,488.000000000000000,19,16,3,16
1868,6084155,15,118401.873697633505799,5,32,27,21.066666666666666,8.012212900039263,316.000000000000000,12,23,5,23
1869,6084157,1,7893.458246508900629,12,12,0,12.000000000000000,0.000000000000000,12.000000000000000,1,12,12,12
1870,6084159,13,102614.957204615711817,4,31,27,17.461538461538460,8.880535193638039,227.000000000000000,12,6,4,18
1871,6084161,26,205229.914409231423633,2,22,20,12.846153846153847,5.156715619105959,334.000000000000000,15,10,2,13
1872,6084163,3,23680.374739526701887,7,24,17,13.333333333333334,7.586537784494027,40.000000000000000,3,7,7,9
1873,6084165,40,315738.329860356054269,2,33,31,12.500000000000000,8.179242018671413,500.000000000000000,19,11,2,10
1874,6084167,11,86828.040711597903282,8,22,14,14.000000000000000,5.187397315522584,154.000000000000000,6,10,12,12
1875,6084169,13,102614.957204615711817,4,37,33,18.461538461538460,9.644571088404604,240.000000000000000,12,13,4,16
1876,6084171,23,181549.539669704710832,8,39,31,20.434782608695652,8.381273572188864,470.000000000000000,17,10,8,19
1877,6084173,13,102614.957204615711817,6,25,19,17.384615384615383,5.313820319744784,226.000000000000000,10,17,6,18
1878,6084175,11,86828.040711597903282,5,31,26,19.181818181818183,8.952584002989221,211.000000000000000,8,11,5,24
1879,6084177,5,39467.291232544506784,3,27,24,11.800000000000001,8.840814442120138,59.000000000000000,4,3,12,12
1880,6084179,12,94721.498958106807549,22,41,19,29.750000000000000,6.759252917297887,357.000000000000000,8,22,24,27
1881,6084181,17,134188.790190651314333,4,30,26,11.705882352941176,6.917707082572723,199.000000000000000,10,7,5,8
1882,6084183,3,23680.374739526701887,14,23,9,19.000000000000000,3.741657386773941,57.000000000000000,3,14,14,20
1883,6084185,7,55254.207725562300766,2,17,15,9.000000000000000,4.342481186734475,63.000000000000000,6,10,2,10
1884,6084187,27,213123.372655740327900,1,34,33,12.592592592592593,8.411893076490896,340.000000000000000,14,8,1,9
1885,6084189,43,339418.704599882708862,1,30,29,10.604651162790697,5.636837043507359,456.000000000000000,20,11,1,11
1886,6084191,9,71041.124218580109300,8,37,29,26.222222222222221,8.904153559844078,236.000000000000000,6,19,8,28
1887,6084193,9,71041.124218580109300,16,38,22,27.111111111111111,7.680342070571312,244.000000000000000,8,36,16,27
1888,6084195,18,142082.248437160218600,4,25,21,12.611111111111111,6.120447413646316,227.000000000000000,12,20,8,11
1889,6084197,16,126295.331944142410066,9,31,22,17.500000000000000,6.010407640085654,280.000000000000000,11,16,9,16
1890,6084199,32,252590.663888284820132,3,30,27,16.156250000000000,7.570953436490017,517.000000000000000,20,24,3,17
1891,6084201,19,149975.706683669122867,3,21,18,12.789473684210526,3.592081164368748,243.000000000000000,9,15,3,13
1892,6084203,23,181549.539669704710832,4,20,16,10.086956521739131,4.158940536893257,232.000000000000000,14,8,5,9
1893,6084205,21,165762.623176686902298,3,23,20,10.380952380952381,5.159145282442767,218.000000000000000,12,9,5,9
1894,6084207,16,126295.331944142410066,11,23,12,16.250000000000000,3.699662146737186,260.000000000000000,10,14,11,14
1895,6084209,27,213123.372655740327900,1,21,20,9.000000000000000,4.974006507910976,243.000000000000000,14,13,1,8
1896,6084235,19,149975.706683669122867,4,20,16,13.157894736842104,5.284168588636267,250.000000000000000,12,10,4,14
1897,6084239,9,71041.124218580109300,14,33,19,20.444444444444443,6.396372428721894,184.000000000000000,5,25,18,18
1898,6084241,26,205229.914409231423633,4,41,37,12.807692307692308,9.421820952404666,333.000000000000000,14,8,4,8
1899,6084243,22,173656.081423195806565,3,15,12,8.000000000000000,2.954195783503986,176.000000000000000,10,9,3,8
1900,6084245,15,118401.873697633505799,1,17,16,6.866666666666666,5.364906543661522,103.000000000000000,11,1,3,5
1901,6084247,17,134188.790190651314333,4,22,18,10.058823529411764,5.428363291792625,171.000000000000000,11,5,4,9
1902,6084249,19,149975.706683669122867,4,38,34,20.842105263157894,9.734708158763059,396.000000000000000,16,9,4,23
1903,6084251,17,134188.790190651314333,7,44,37,26.176470588235293,10.124142921561003,445.000000000000000,13,17,7,26
1904,6084253,40,315738.329860356054269,5,51,46,16.500000000000000,8.921883209278185,660.000000000000000,20,15,5,15
1905,6084255,33,260484.122134793724399,1,15,14,6.878787878787879,3.582428292395551,227.000000000000000,12,3,12,7
1906,6084257,30,236803.747395267011598,1,23,22,13.366666666666667,4.750321626538096,401.000000000000000,12,14,1,14
1907,6084259,29,228910.289148758107331,3,35,32,12.965517241379310,8.628272527072083,376.000000000000000,19,8,5,11
1908,6084261,22,173656.081423195806565,1,12,11,6.000000000000000,3.176619129028391,132.000000000000000,10,8,1,6
1909,6084263,28,221016.830902249203064,4,26,22,12.535714285714286,5.628258693269823,351.000000000000000,17,6,4,12
1910,6084265,9,71041.124218580109300,5,10,5,7.888888888888889,1.662958838566197,71.000000000000000,4,8,10,8
1911,6084267,7,55254.207725562300766,13,33,20,25.142857142857142,7.376188939100337,176.000000000000000,6,30,13,30
1912,6084269,58,457820.578297516214661,1,31,30,13.879310344827585,8.944421467397694,805.000000000000000,26,6,1,11
1913,6084271,20,157869.164930178027134,3,32,29,14.199999999999999,7.749838707999026,284.000000000000000,14,11,4,11
1914,6084273,50,394672.912325445038732,1,42,41,15.859999999999999,10.131159854626716,793.000000000000000,29,5,1,14
1915,6084275,9,71041.124218580109300,4,17,13,11.222222222222221,3.965904066127723,101.000000000000000,7,14,4,13
1916,6084277,1,7893.458246508900629,2,2,0,2.000000000000000,0.000000000000000,2.000000000000000,1,2,2,2
1917,6084279,42,331525.246353373804595,1,25,24,9.714285714285714,5.165294968232071,408.000000000000000,17,9,2,9
1918,6084281,38,299951.413367338245735,3,52,49,22.105263157894736,13.252188446251374,840.000000000000000,25,7,3,17
1919,6084283,8,63147.665972071205033,2,7,5,5.000000000000000,1.414213562373095,40.000000000000000,5,5,2,5
1920,6084285,18,142082.248437160218600,1,41,40,9.611111111111111,9.995214904525781,173.000000000000000,13,1,3,7
1921,6084287,77,607796.284981185337529,1,45,44,6.844155844155845,6.805393077313871,527.000000000000000,18,2,14,5
1922,6084289,40,315738.329860356054269,1,35,34,15.000000000000000,8.780660567406077,600.000000000000000,22,6,1,14
1923,6084291,23,181549.539669704710832,3,24,21,12.086956521739131,5.232947822322817,278.000000000000000,16,12,3,12
1924,6084293,28,221016.830902249203064,1,32,31,17.785714285714285,7.902789484267760,498.000000000000000,17,11,1,16
1925,6084295,22,173656.081423195806565,3,38,35,14.136363636363637,11.338973236126222,311.000000000000000,14,7,3,8
1926,6084297,9,71041.124218580109300,4,71,67,46.111111111111114,22.288235284534423,415.000000000000000,7,24,4,50
1927,6084299,31,244697.205641775915865,4,23,19,12.580645161290322,4.777461828131209,390.000000000000000,15,8,4,13
1928,6084301,21,165762.623176686902298,8,28,20,16.714285714285715,6.634275050235470,351.000000000000000,14,14,8,14
1929,6084303,27,213123.372655740327900,7,26,19,17.814814814814813,5.429937841790316,481.000000000000000,15,14,7,17
1930,6084305,6,47360.749479053403775,3,36,33,15.000000000000000,11.239810200058244,90.000000000000000,6,3,3,9
1931,6084307,5,39467.291232544506784,14,29,15,21.600000000000001,5.953150426454884,108.000000000000000,5,14,14,20
1932,6084309,12,94721.498958106807549,9,23,14,14.333333333333334,3.815174380753197,172.000000000000000,8,12,9,12
1933,6084311,9,71041.124218580109300,2,39,37,12.000000000000000,10.944303439588001,108.000000000000000,8,3,2,9
1934,6084313,19,149975.706683669122867,7,37,30,19.736842105263158,10.140290171614565,375.000000000000000,12,22,7,21
1935,6084315,8,63147.665972071205033,1,3,2,2.125000000000000,0.780624749799800,17.000000000000000,3,2,1,2
1936,6084317,15,118401.873697633505799,4,39,35,22.666666666666668,10.466878978738386,340.000000000000000,14,26,4,24
1937,6084319,3,23680.374739526701887,14,30,16,23.333333333333332,6.798692684790382,70.000000000000000,3,14,14,26
1938,6084321,16,126295.331944142410066,4,19,15,11.250000000000000,3.848701079585163,180.000000000000000,10,9,4,10
1939,6084323,18,142082.248437160218600,4,30,26,16.333333333333332,5.990733585203809,294.000000000000000,14,14,4,15
1940,6084325,27,213123.372655740327900,4,28,24,11.666666666666666,6.122212139535960,315.000000000000000,14,11,10,11
1941,6084327,24,189442.997916213615099,7,32,25,16.458333333333332,5.751660388289825,395.000000000000000,13,15,7,16
1942,6084329,41,323631.788106864900328,3,35,32,12.902439024390244,8.800789537887178,529.000000000000000,21,5,12,10
1943,6084331,10,78934.582465089013567,3,45,42,23.399999999999999,13.062924634246347,234.000000000000000,10,3,3,20
1944,6084333,19,149975.706683669122867,7,47,40,27.052631578947370,10.070664454169664,514.000000000000000,14,19,7,24
1945,6084335,23,181549.539669704710832,10,24,14,16.739130434782609,3.991484319140345,385.000000000000000,12,13,10,15
1946,6084337,40,315738.329860356054269,3,36,33,15.025000000000000,9.920905956615051,601.000000000000000,23,5,7,13
1947,6084339,36,284164.496874320437200,1,47,46,20.916666666666668,13.195906351760931,753.000000000000000,23,27,1,18
1948,6084341,12,94721.498958106807549,4,16,12,8.333333333333334,3.681787005729086,100.000000000000000,7,4,5,9
1949,6084343,24,189442.997916213615099,5,29,24,13.416666666666666,6.224391982800856,322.000000000000000,14,11,5,11
1950,6084345,23,181549.539669704710832,3,33,30,14.608695652173912,8.671488164918923,336.000000000000000,17,10,3,12
1951,6084347,18,142082.248437160218600,4,28,24,15.111111111111111,7.482489847703616,272.000000000000000,15,7,4,14
1952,6084349,14,110508.415451124601532,2,17,15,9.142857142857142,4.748791468169903,128.000000000000000,11,10,2,10
1953,6084351,18,142082.248437160218600,7,29,22,18.444444444444443,6.112121128655589,332.000000000000000,14,14,7,17
1954,6084353,17,134188.790190651314333,8,22,14,16.176470588235293,4.133582609590795,275.000000000000000,10,18,9,18
1955,6084355,17,134188.790190651314333,2,26,24,12.941176470588236,7.271787451071711,220.000000000000000,12,3,2,13
1956,6084357,14,110508.415451124601532,5,20,15,13.571428571428571,4.531071864901060,190.000000000000000,11,12,5,14
1957,6084359,14,110508.415451124601532,3,17,14,11.000000000000000,3.664501525251617,154.000000000000000,9,9,3,11
1958,6084361,19,149975.706683669122867,4,34,30,14.842105263157896,10.074789578028478,282.000000000000000,12,4,7,13
1959,6084363,46,363099.079339409421664,3,34,31,10.652173913043478,7.111586966855258,490.000000000000000,19,4,13,8
1960,6084365,11,86828.040711597903282,3,33,30,20.818181818181817,10.658485154332391,229.000000000000000,10,32,3,23
1961,6084367,18,142082.248437160218600,10,37,27,24.944444444444443,8.044820433202297,449.000000000000000,13,25,10,25
1962,6084369,24,189442.997916213615099,1,34,33,14.166666666666666,9.081421817216853,340.000000000000000,16,16,1,16
1963,6084371,29,228910.289148758107331,2,34,32,11.689655172413794,8.030559942154856,339.000000000000000,15,7,10,10
1964,6084373,10,78934.582465089013567,6,25,19,18.800000000000001,5.653317610041027,188.000000000000000,9,25,6,20
1965,6084375,13,102614.957204615711817,5,25,20,14.000000000000000,5.629592142625227,182.000000000000000,8,16,5,13
1966,6084377,23,181549.539669704710832,8,25,17,17.043478260869566,4.447551948711101,392.000000000000000,11,17,8,17
1967,6084379,16,126295.331944142410066,5,35,30,20.312500000000000,10.739638902216406,325.000000000000000,14,5,7,19
1968,6084381,7,55254.207725562300766,17,27,10,23.000000000000000,3.664501525251617,161.000000000000000,6,25,17,25
1969,6084383,12,94721.498958106807549,1,19,18,7.250000000000000,4.798003056828261,87.000000000000000,9,1,5,7
1970,6084385,18,142082.248437160218600,1,32,31,7.722222222222222,7.022231012652726,139.000000000000000,9,1,5,6
1971,6084387,21,165762.623176686902298,2,31,29,15.285714285714286,8.586494695535691,321.000000000000000,13,16,2,16
1972,6084389,12,94721.498958106807549,6,26,20,14.750000000000000,5.889609494694874,177.000000000000000,9,18,6,15
1973,6084391,53,418353.287064971751533,2,23,21,10.056603773584905,4.999679591015402,533.000000000000000,18,6,2,9
1974,6084393,39,307844.871613847150002,1,32,31,10.923076923076923,6.556987329577256,426.000000000000000,19,8,1,10
1975,6084395,23,181549.539669704710832,3,24,21,13.391304347826088,5.947152262873987,308.000000000000000,14,7,3,12
1976,6084399,2,15786.916493017801258,5,13,8,9.000000000000000,4.000000000000000,18.000000000000000,2,5,5,5
1977,6084401,2,15786.916493017801258,8,8,0,8.000000000000000,0.000000000000000,16.000000000000000,1,8,8,8
1978,6084403,5,39467.291232544506784,7,21,14,14.000000000000000,5.549774770204643,70.000000000000000,5,7,7,12
1979,6084405,1,7893.458246508900629,5,5,0,5.000000000000000,0.000000000000000,5.000000000000000,1,5,5,5
1980,6084409,1,7893.458246508900629,4,4,0,4.000000000000000,0.000000000000000,4.000000000000000,1,4,4,4
1981,6084411,1,7893.458246508900629,10,10,0,10.000000000000000,0.000000000000000,10.000000000000000,1,10,10,10
1982,6084413,14,110508.415451124601532,2,13,11,7.214285714285714,3.949295984794025,101.000000000000000,9,2,3,7
1983,6084415,8,63147.665972071205033,2,20,18,8.125000000000000,6.392133837772798,65.000000000000000,7,2,4,5
1984,6084417,1,7893.458246508900629,2,2,0,2.000000000000000,0.000000000000000,2.000000000000000,1,2,2,2
1985,6084419,15,118401.873697633505799,1,25,24,4.133333333333334,5.690537955432879,62.000000000000000,6,2,1,2
1986,6084421,36,284164.496874320437200,1,43,42,7.083333333333333,7.357441433300332,255.000000000000000,13,2,14,5
1987,6084423,31,244697.205641775915865,1,31,30,10.774193548387096,8.075089842381880,334.000000000000000,15,3,1,7
1988,6084425,1,7893.458246508900629,10,10,0,10.000000000000000,0.000000000000000,10.000000000000000,1,10,10,10
1989,6084427,22,173656.081423195806565,1,29,28,12.454545454545455,8.515906361452361,274.000000000000000,16,8,1,9
1990,6084429,14,110508.415451124601532,2,32,30,14.714285714285714,10.415843504890391,206.000000000000000,8,25,9,15
1991,6084431,1,7893.458246508900629,15,15,0,15.000000000000000,0.000000000000000,15.000000000000000,1,15,15,15
1992,6084435,3,23680.374739526701887,19,27,8,22.000000000000000,3.559026084010437,66.000000000000000,3,19,19,20
1993,6084439,7,55254.207725562300766,4,30,26,17.571428571428573,9.302183197771258,123.000000000000000,7,4,4,20
1994,6084441,2,15786.916493017801258,4,19,15,11.500000000000000,7.500000000000000,23.000000000000000,2,4,4,4
1995,6084445,19,149975.706683669122867,1,15,14,6.789473684210527,4.537318328895222,129.000000000000000,10,2,1,5
1996,6084449,8,63147.665972071205033,3,30,27,16.000000000000000,11.067971810589327,128.000000000000000,5,3,13,10
1997,6084453,10,78934.582465089013567,2,27,25,14.600000000000000,7.002856560004639,146.000000000000000,8,13,2,13
1998,6084457,9,71041.124218580109300,2,16,14,8.333333333333334,5.830951894845301,75.000000000000000,7,2,3,8
1999,6084461,5,39467.291232544506784,3,10,7,5.800000000000000,3.059411708155671,29.000000000000000,4,3,4,4
2000,6084463,22,173656.081423195806565,2,43,41,18.227272727272727,10.179890239548570,401.000000000000000,16,5,2,19
2001,6084467,9,71041.124218580109300,7,32,25,14.111111111111111,7.263981834969401,127.000000000000000,9,7,7,12
2002,6084469,3,23680.374739526701887,12,33,21,22.333333333333332,8.576453553512406,67.000000000000000,3,12,12,22
2003,6084473,13,102614.957204615711817,9,30,21,18.615384615384617,6.569609068552668,242.000000000000000,10,9,16,20
2004,6084477,13,102614.957204615711817,1,40,39,12.769230769230770,10.656553391107034,166.000000000000000,10,11,1,11
2005,6084481,11,86828.040711597903282,1,28,27,16.727272727272727,8.853257326501710,184.000000000000000,6,18,12,18
2006,6084483,12,94721.498958106807549,3,32,29,8.000000000000000,7.438637868140466,96.000000000000000,7,4,3,6
2007,6084487,28,221016.830902249203064,2,48,46,20.821428571428573,13.522609562793530,583.000000000000000,23,3,2,17
2008,6084489,5,39467.291232544506784,5,26,21,12.800000000000001,7.756287771866126,64.000000000000000,4,5,13,13
2009,6084491,29,228910.289148758107331,1,44,43,21.000000000000000,14.017230775752022,609.000000000000000,21,36,1,19
2010,6084493,1,7893.458246508900629,26,26,0,26.000000000000000,0.000000000000000,26.000000000000000,1,26,26,26
2011,6084495,1,7893.458246508900629,9,9,0,9.000000000000000,0.000000000000000,9.000000000000000,1,9,9,9
2012,6084497,12,94721.498958106807549,3,34,31,12.916666666666666,10.234405481294727,155.000000000000000,10,4,3,7
2013,6084499,9,71041.124218580109300,2,27,25,16.222222222222221,9.589088449062853,146.000000000000000,6,27,2,13
2014,6084503,4,31573.832986035602516,5,11,6,8.250000000000000,2.772634126602354,33.000000000000000,3,11,5,6
2015,6084505,26,205229.914409231423633,2,27,25,9.923076923076923,7.026997810221095,258.000000000000000,15,3,8,9
2016,6084507,1,7893.458246508900629,17,17,0,17.000000000000000,0.000000000000000,17.000000000000000,1,17,17,17
2017,6084509,5,39467.291232544506784,4,13,9,8.400000000000000,3.440930106817051,42.000000000000000,5,4,4,9
2018,6084511,13,102614.957204615711817,6,49,43,18.769230769230770,11.754893227626503,244.000000000000000,8,21,6,15
2019,6084513,1,7893.458246508900629,15,15,0,15.000000000000000,0.000000000000000,15.000000000000000,1,15,15,15
2020,6084517,12,94721.498958106807549,3,24,21,11.083333333333334,5.751207602659539,133.000000000000000,10,5,3,11
2021,6084519,10,78934.582465089013567,1,20,19,10.400000000000000,6.468384651518491,104.000000000000000,8,9,1,9
2022,6084521,1,7893.458246508900629,13,13,0,13.000000000000000,0.000000000000000,13.000000000000000,1,13,13,13
2023,6084523,2,15786.916493017801258,2,17,15,9.500000000000000,7.500000000000000,19.000000000000000,2,2,2,2
2024,6084527,15,118401.873697633505799,3,36,33,12.266666666666667,8.136065115002188,184.000000000000000,13,10,3,10
2025,6084531,7,55254.207725562300766,2,21,19,6.428571428571429,6.230274996387578,45.000000000000000,4,4,8,4
2026,6084537,1,7893.458246508900629,8,8,0,8.000000000000000,0.000000000000000,8.000000000000000,1,8,8,8
2027,6084539,19,149975.706683669122867,1,21,20,9.315789473684211,5.058111063887985,177.000000000000000,13,8,4,8
2028,6084555,1,7893.458246508900629,13,13,0,13.000000000000000,0.000000000000000,13.000000000000000,1,13,13,13
2029,6084557,3,23680.374739526701887,7,8,1,7.333333333333333,0.471404520791038,22.000000000000000,2,7,8,7
2030,6084559,10,78934.582465089013567,4,16,12,7.800000000000000,3.762977544445356,78.000000000000000,5,4,7,7
2031,6084561,7,55254.207725562300766,2,14,12,5.285714285714286,3.806546455564066,37.000000000000000,5,2,5,4
2032,6084563,8,63147.665972071205033,4,27,23,13.375000000000000,8.873239261960650,107.000000000000000,7,4,7,8
2033,6084565,5,39467.291232544506784,1,9,8,4.800000000000000,2.638181191654585,24.000000000000000,4,4,1,4
2034,6084567,10,78934.582465089013567,2,11,9,7.400000000000000,3.292415526630865,74.000000000000000,6,2,4,8
2035,6084569,7,55254.207725562300766,4,25,21,12.142857142857142,7.219587867710445,85.000000000000000,7,4,4,9
2036,6084571,5,39467.291232544506784,3,10,7,6.800000000000000,2.785677655436824,34.000000000000000,5,3,3,8
2037,6084573,4,31573.832986035602516,7,7,0,7.000000000000000,0.000000000000000,28.000000000000000,1,7,7,7
2038,6084575,12,94721.498958106807549,5,19,14,13.250000000000000,4.901105317510870,159.000000000000000,9,9,5,15
2039,6084577,7,55254.207725562300766,4,24,20,11.285714285714286,7.284313590846835,79.000000000000000,6,4,5,10
2040,6084579,4,31573.832986035602516,2,18,16,9.000000000000000,5.744562646538029,36.000000000000000,3,8,2,8
2041,6084583,1,7893.458246508900629,6,6,0,6.000000000000000,0.000000000000000,6.000000000000000,1,6,6,6
2042,6084585,1,7893.458246508900629,13,13,0,13.000000000000000,0.000000000000000,13.000000000000000,1,13,13,13
2043,6084593,5,39467.291232544506784,3,26,23,13.600000000000000,7.812809993849845,68.000000000000000,5,3,3,15
2044,6084599,14,110508.415451124601532,1,23,22,10.571428571428571,7.007284839103270,148.000000000000000,9,7,1,7
2045,6084603,11,86828.040711597903282,2,24,22,10.545454545454545,7.714963457918955,116.000000000000000,8,8,4,8
2046,6084607,23,181549.539669704710832,1,38,37,9.086956521739131,10.635923718508691,209.000000000000000,14,1,2,4
2047,6084609,18,142082.248437160218600,1,40,39,11.000000000000000,11.323525167642019,198.000000000000000,9,3,10,5
2048,6084613,9,71041.124218580109300,3,56,53,27.111111111111111,16.696270005566078,244.000000000000000,8,25,3,25
2049,6084615,10,78934.582465089013567,1,39,38,22.199999999999999,11.847362575695911,222.000000000000000,9,10,1,21
2050,6084625,34,268377.580381302628666,3,43,40,16.323529411764707,10.587785938177271,555.000000000000000,20,9,8,13
2051,6084631,13,102614.957204615711817,1,33,32,11.384615384615385,9.651930548528075,148.000000000000000,11,5,1,7
2052,6084635,1,7893.458246508900629,21,21,0,21.000000000000000,0.000000000000000,21.000000000000000,1,21,21,21
2053,6084643,1,7893.458246508900629,5,5,0,5.000000000000000,0.000000000000000,5.000000000000000,1,5,5,5
2054,6086593,30,236803.747395267011598,1,24,23,9.433333333333334,6.031491431552307,283.000000000000000,16,7,1,7
2055,6088645,18,142082.248437160218600,7,37,30,19.500000000000000,9.172725270544674,351.000000000000000,12,7,9,17
2056,6088647,15,118401.873697633505799,4,31,27,13.533333333333333,7.597075460699043,203.000000000000000,11,11,4,11
2057,6088649,26,205229.914409231423633,2,20,18,8.807692307692308,4.278921779798403,229.000000000000000,13,7,2,8
2058,6088651,2,15786.916493017801258,4,12,8,8.000000000000000,4.000000000000000,16.000000000000000,2,4,4,4
2059,6088653,20,157869.164930178027134,2,25,23,11.050000000000001,6.621744483140374,221.000000000000000,14,2,3,10
2060,6088655,20,157869.164930178027134,4,27,23,15.199999999999999,7.089428749906440,304.000000000000000,14,7,4,14
2061,6088657,11,86828.040711597903282,4,22,18,15.818181818181818,5.523802738532113,174.000000000000000,7,19,4,17
2062,6088659,4,31573.832986035602516,2,5,3,4.000000000000000,1.224744871391589,16.000000000000000,3,5,2,4
2063,6088661,16,126295.331944142410066,7,28,21,16.187500000000000,6.644723000246135,259.000000000000000,12,7,10,16
2064,6088663,39,307844.871613847150002,1,60,59,24.230769230769230,16.058325643889749,945.000000000000000,28,5,1,24
2065,6088665,24,189442.997916213615099,2,29,27,13.583333333333334,9.371573447873567,326.000000000000000,13,22,5,11
2066,6088667,21,165762.623176686902298,4,44,40,20.047619047619047,13.145617377507520,421.000000000000000,14,10,4,12
2067,6088669,17,134188.790190651314333,2,38,36,14.470588235294118,10.035921640955104,246.000000000000000,12,11,2,11
2068,6088671,15,118401.873697633505799,5,16,11,10.199999999999999,3.290390047800819,153.000000000000000,9,8,5,10
2069,6088673,8,63147.665972071205033,4,23,19,9.375000000000000,6.060888961200328,75.000000000000000,6,5,4,5
2070,6088675,14,110508.415451124601532,1,13,12,6.928571428571429,3.863090652282846,97.000000000000000,10,9,2,8
2071,6088677,12,94721.498958106807549,3,23,20,13.583333333333334,6.447975565159105,163.000000000000000,11,15,3,13
2072,6088679,13,102614.957204615711817,4,44,40,22.769230769230770,14.055679641252315,296.000000000000000,10,12,4,19
2073,6088681,19,149975.706683669122867,5,50,45,20.526315789473685,10.137831290206897,390.000000000000000,13,8,5,21
2074,6088683,1,7893.458246508900629,4,4,0,4.000000000000000,0.000000000000000,4.000000000000000,1,4,4,4
2075,6088685,10,78934.582465089013567,2,50,48,13.100000000000000,13.427211177307074,131.000000000000000,8,13,2,7
2076,6088687,23,181549.539669704710832,3,47,44,13.608695652173912,10.128475272327767,313.000000000000000,15,9,3,10
2077,6088689,12,94721.498958106807549,1,18,17,9.083333333333334,4.957457905911949,109.000000000000000,9,12,1,10
2078,6088691,4,31573.832986035602516,2,7,5,4.250000000000000,1.785357107135713,17.000000000000000,3,4,2,4
2079,6088693,14,110508.415451124601532,7,34,27,19.500000000000000,6.811230222423637,273.000000000000000,12,12,7,19
2080,6088695,15,118401.873697633505799,2,59,57,26.199999999999999,18.733926443754388,393.000000000000000,12,2,5,19
2081,6088697,12,94721.498958106807549,7,20,13,12.750000000000000,4.584848234492973,153.000000000000000,9,7,9,12
2082,6088699,6,47360.749479053403775,22,35,13,26.666666666666668,4.714045207910312,160.000000000000000,6,22,22,24
2083,6088701,22,173656.081423195806565,1,47,46,17.727272727272727,11.996900426139694,390.000000000000000,18,9,1,18
2084,6088703,13,102614.957204615711817,1,23,22,11.230769230769230,6.541628192452093,146.000000000000000,13,1,1,11
2085,6088705,23,181549.539669704710832,5,28,23,16.000000000000000,6.896754119968636,368.000000000000000,17,12,5,14
2086,6088707,12,94721.498958106807549,7,19,12,12.500000000000000,3.796928583298172,150.000000000000000,7,9,7,13
2087,6088709,26,205229.914409231423633,7,33,26,18.500000000000000,7.201762604764518,481.000000000000000,19,14,8,17
2088,6088711,16,126295.331944142410066,5,31,26,14.750000000000000,6.805328794408100,236.000000000000000,12,9,5,12
2089,6088713,9,71041.124218580109300,2,44,42,16.777777777777779,15.309966091680121,151.000000000000000,8,44,2,10
2090,6088715,15,118401.873697633505799,4,34,30,19.333333333333332,8.615231988880058,290.000000000000000,13,22,4,21
2091,6088717,20,157869.164930178027134,1,31,30,10.650000000000000,6.886762664706835,213.000000000000000,14,5,1,8
2092,6088719,1,7893.458246508900629,6,6,0,6.000000000000000,0.000000000000000,6.000000000000000,1,6,6,6
2093,6088721,2,15786.916493017801258,4,4,0,4.000000000000000,0.000000000000000,8.000000000000000,1,4,4,4
2094,6088725,3,23680.374739526701887,16,27,11,22.333333333333332,4.642796092394709,67.000000000000000,3,16,16,24
2095,6088727,21,165762.623176686902298,2,21,19,11.238095238095237,4.917459292733557,236.000000000000000,14,12,2,12
2096,6088729,10,78934.582465089013567,1,27,26,16.399999999999999,8.754427451295717,164.000000000000000,7,1,13,18
2097,6088731,24,189442.997916213615099,4,30,26,17.041666666666668,7.469265730683007,409.000000000000000,16,7,4,15
2098,6088733,4,31573.832986035602516,3,11,8,6.250000000000000,2.947456530637899,25.000000000000000,4,3,3,5
2099,6088735,41,323631.788106864900328,1,24,23,11.292682926829269,6.025328257180821,463.000000000000000,18,6,3,12
2100,6088737,12,94721.498958106807549,2,40,38,13.333333333333334,11.323525167642018,160.000000000000000,8,5,2,6
2101,6088739,6,47360.749479053403775,2,14,12,5.333333333333333,4.384315479321969,32.000000000000000,4,2,8,3
2102,6088741,8,63147.665972071205033,2,11,9,6.125000000000000,2.758509561339239,49.000000000000000,6,7,2,7
2103,6088743,8,63147.665972071205033,3,23,20,10.250000000000000,7.479137650825796,82.000000000000000,6,5,3,5
2104,6088745,16,126295.331944142410066,4,22,18,11.062500000000000,5.104761870058191,177.000000000000000,10,11,4,11
2105,6088747,15,118401.873697633505799,6,33,27,18.666666666666668,7.381658952355417,280.000000000000000,11,6,11,20
2106,6088749,16,126295.331944142410066,3,26,23,13.750000000000000,7.445636305917716,220.000000000000000,14,4,3,11
2107,6088751,18,142082.248437160218600,2,17,15,8.333333333333334,4.977728174356026,150.000000000000000,11,3,2,6
2108,6088753,20,157869.164930178027134,3,22,19,13.850000000000000,5.140768425050871,277.000000000000000,13,12,3,13
2109,6088755,32,252590.663888284820132,3,15,12,8.250000000000000,3.544361719689456,264.000000000000000,12,6,5,8
2110,6088757,10,78934.582465089013567,7,23,16,14.400000000000000,5.257375771237967,144.000000000000000,9,12,7,12
2111,6088759,22,173656.081423195806565,5,39,34,22.000000000000000,9.662486034330728,484.000000000000000,18,22,5,22
2112,6088761,2,15786.916493017801258,20,26,6,23.000000000000000,3.000000000000000,46.000000000000000,2,20,20,20
2113,6088763,14,110508.415451124601532,1,15,14,3.571428571428572,3.437488404433132,50.000000000000000,6,2,15,2
2114,6088765,24,189442.997916213615099,2,25,23,9.625000000000000,7.273310227583219,231.000000000000000,14,2,3,7
2115,6088767,20,157869.164930178027134,2,31,29,13.699999999999999,7.861933604400384,274.000000000000000,12,12,2,12
2116,6088769,2,15786.916493017801258,14,15,1,14.500000000000000,0.500000000000000,29.000000000000000,2,14,14,14
2117,6088771,16,126295.331944142410066,2,31,29,17.062500000000000,5.673058588627478,273.000000000000000,9,17,2,17
2118,6088773,15,118401.873697633505799,6,18,12,12.066666666666666,4.007770230717104,181.000000000000000,8,10,6,11
2119,6088775,7,55254.207725562300766,5,32,27,17.000000000000000,8.701395618766320,119.000000000000000,6,13,5,13
2120,6088777,1,7893.458246508900629,10,10,0,10.000000000000000,0.000000000000000,10.000000000000000,1,10,10,10
2121,6088779,23,181549.539669704710832,3,17,14,9.913043478260869,3.610528607308992,228.000000000000000,12,12,3,11
2122,6088781,27,213123.372655740327900,2,26,24,9.259259259259260,6.818235856293319,250.000000000000000,16,3,5,8
2123,6088783,6,47360.749479053403775,2,5,3,3.333333333333333,1.374368541872553,20.000000000000000,3,2,4,2
2124,6088785,14,110508.415451124601532,2,25,23,9.500000000000000,7.528517213141737,133.000000000000000,8,5,10,5
2125,6088787,15,118401.873697633505799,6,33,27,17.666666666666668,7.254117604658902,265.000000000000000,13,17,6,17
2126,6088789,3,23680.374739526701887,7,15,8,10.333333333333334,3.399346342395188,31.000000000000000,3,7,7,9
2127,6088791,12,94721.498958106807549,1,9,8,5.583333333333333,2.177855724228664,67.000000000000000,6,4,1,5
2128,6088793,24,189442.997916213615099,2,37,35,19.875000000000000,10.489329895978422,477.000000000000000,18,10,2,18
2129,6088795,9,71041.124218580109300,13,29,16,21.888888888888889,5.606433694019048,197.000000000000000,8,28,13,20
2130,6088797,7,55254.207725562300766,9,27,18,18.857142857142858,6.104531605491855,132.000000000000000,6,21,9,21
2131,6088799,12,94721.498958106807549,10,28,18,18.916666666666668,5.964594612284127,227.000000000000000,9,13,10,18
2132,6088801,23,181549.539669704710832,8,32,24,18.347826086956523,7.698722060255102,422.000000000000000,14,14,8,15
2133,6088803,9,71041.124218580109300,18,37,19,24.222222222222221,6.892472186342589,218.000000000000000,7,18,21,21
2134,6088805,13,102614.957204615711817,12,34,22,22.846153846153847,6.383225057146075,297.000000000000000,10,17,12,21
2135,6088807,2,15786.916493017801258,10,13,3,11.500000000000000,1.500000000000000,23.000000000000000,2,10,10,10
2136,6088809,5,39467.291232544506784,13,20,7,16.000000000000000,2.607680962081059,80.000000000000000,5,13,13,15
2137,6088811,8,63147.665972071205033,7,15,8,10.875000000000000,2.666341125962693,87.000000000000000,6,10,7,10
2138,6088813,12,94721.498958106807549,7,34,27,21.000000000000000,8.062257748298549,252.000000000000000,10,16,7,18
2139,6088815,1,7893.458246508900629,10,10,0,10.000000000000000,0.000000000000000,10.000000000000000,1,10,10,10
2140,6088817,12,94721.498958106807549,4,28,24,15.000000000000000,7.035623639735144,180.000000000000000,10,11,4,13
2141,6088819,8,63147.665972071205033,3,9,6,6.500000000000000,1.936491673103709,52.000000000000000,6,7,3,7
2142,6088821,12,94721.498958106807549,1,29,28,16.083333333333332,7.432567225094946,193.000000000000000,10,13,1,15
2143,6088823,6,47360.749479053403775,3,19,16,8.833333333333334,5.013869652163774,53.000000000000000,6,3,3,7
2144,6088825,12,94721.498958106807549,13,30,17,20.416666666666668,5.663602112515394,245.000000000000000,9,13,16,19
2145,6088827,18,142082.248437160218600,1,32,31,14.166666666666666,8.870988921447509,255.000000000000000,15,8,1,10
2146,6088829,13,102614.957204615711817,8,33,25,19.461538461538460,7.742146240053005,253.000000000000000,12,28,8,20
2147,6088831,41,323631.788106864900328,1,17,16,8.512195121951219,3.957838478935448,349.000000000000000,14,8,1,8
2148,6088833,4,31573.832986035602516,1,17,16,9.000000000000000,6.324555320336759,36.000000000000000,4,1,1,5
2149,6088835,8,63147.665972071205033,22,42,20,29.000000000000000,6.855654600401044,232.000000000000000,6,23,22,23
2150,6088837,4,31573.832986035602516,2,7,5,4.000000000000000,2.121320343559642,16.000000000000000,3,2,5,2
2151,6088839,2,15786.916493017801258,6,7,1,6.500000000000000,0.500000000000000,13.000000000000000,2,6,6,6
2152,6088841,25,197336.456162722519366,9,40,31,21.760000000000002,8.363157298532652,544.000000000000000,19,17,9,19
2153,6088843,31,244697.205641775915865,1,53,52,26.129032258064516,14.948820075314329,810.000000000000000,22,36,1,26
2154,6088845,29,228910.289148758107331,2,30,28,10.275862068965518,7.390098462897491,298.000000000000000,14,7,5,7
2155,6088847,17,134188.790190651314333,4,21,17,10.294117647058824,4.872065703729096,175.000000000000000,12,4,5,11
2156,6088849,26,205229.914409231423633,1,41,40,18.846153846153847,13.758053047893043,490.000000000000000,18,3,2,21
2157,6088851,39,307844.871613847150002,2,56,54,26.128205128205128,14.692016822645448,1019.000000000000000,28,39,2,26
2158,6088853,1,7893.458246508900629,9,9,0,9.000000000000000,0.000000000000000,9.000000000000000,1,9,9,9
2159,6088855,17,134188.790190651314333,4,24,20,13.764705882352942,6.092709353517201,234.000000000000000,13,20,4,15
2160,6088859,3,23680.374739526701887,14,17,3,15.333333333333334,1.247219128924642,46.000000000000000,3,14,14,15
2161,6088861,6,47360.749479053403775,6,23,17,10.500000000000000,5.965176722724427,63.000000000000000,5,6,7,7
2162,6088863,8,63147.665972071205033,4,17,13,8.125000000000000,4.512136411945011,65.000000000000000,7,4,5,6
2163,6088865,8,63147.665972071205033,11,32,21,22.000000000000000,7.211102550927978,176.000000000000000,7,32,11,20
2164,6088867,9,71041.124218580109300,2,36,34,15.777777777777779,11.895636714338000,142.000000000000000,7,3,2,17
2165,6088869,12,94721.498958106807549,6,31,25,14.000000000000000,7.234178138070235,168.000000000000000,9,9,6,11
2166,6088871,15,118401.873697633505799,10,42,32,25.466666666666665,10.474519347232864,382.000000000000000,9,19,21,21
2167,6088873,16,126295.331944142410066,6,43,37,21.750000000000000,10.871407452579449,348.000000000000000,14,9,6,18
2168,6088875,11,86828.040711597903282,8,34,26,14.272727272727273,6.796936597279542,157.000000000000000,9,11,8,13
2169,6088877,31,244697.205641775915865,4,24,20,10.096774193548388,4.630577464926903,313.000000000000000,14,5,4,10
2170,6088879,19,149975.706683669122867,3,32,29,14.157894736842104,8.664890790423865,269.000000000000000,12,15,8,15
2171,6088881,22,173656.081423195806565,2,41,39,13.909090909090908,11.735374227712674,306.000000000000000,13,2,7,13
2172,6088885,50,394672.912325445038732,2,36,34,13.859999999999999,8.380954599566806,693.000000000000000,24,11,2,12
2173,6088887,16,126295.331944142410066,4,25,21,11.750000000000000,6.025985396596975,188.000000000000000,11,17,4,9
2174,6088889,31,244697.205641775915865,4,31,27,16.258064516129032,7.197525300229974,504.000000000000000,18,14,4,16
2175,6088891,16,126295.331944142410066,8,28,20,15.750000000000000,5.695392874947259,252.000000000000000,10,14,10,15
2176,6088893,22,173656.081423195806565,2,49,47,22.727272727272727,13.379705860952990,500.000000000000000,17,38,2,22
2177,6088895,10,78934.582465089013567,3,30,27,17.399999999999999,8.662563131083086,174.000000000000000,9,21,3,19
2178,6088897,22,173656.081423195806565,3,36,33,16.000000000000000,8.067893720848652,352.000000000000000,18,3,5,16
2179,6088899,10,78934.582465089013567,5,43,38,21.100000000000001,10.435037134576952,211.000000000000000,8,12,5,17
2180,6088901,5,39467.291232544506784,8,35,27,22.800000000000001,11.754148203932088,114.000000000000000,4,35,8,26
2181,6088903,24,189442.997916213615099,4,31,27,16.916666666666668,7.538327990270049,406.000000000000000,17,9,4,16
2182,6088905,24,189442.997916213615099,1,35,34,15.291666666666666,9.580706161633159,367.000000000000000,17,17,5,17
2183,6088907,16,126295.331944142410066,4,24,20,11.000000000000000,4.924428900898052,176.000000000000000,12,8,4,10
2184,6088909,11,86828.040711597903282,5,21,16,16.000000000000000,5.656854249492381,176.000000000000000,5,19,12,19
2185,6088911,31,244697.205641775915865,1,28,27,12.451612903225806,7.958921590417521,386.000000000000000,18,6,2,13
2186,6088913,7,55254.207725562300766,7,30,23,20.142857142857142,6.854166020511521,141.000000000000000,7,7,7,21
2187,6088915,49,386779.454078936134465,1,18,17,9.897959183673469,4.146524967301713,485.000000000000000,17,10,1,10
2188,6088917,13,102614.957204615711817,5,18,13,11.769230769230770,3.866102114808941,153.000000000000000,9,12,5,12
2189,6088919,12,94721.498958106807549,8,30,22,14.416666666666666,6.089038420710525,173.000000000000000,9,8,9,12
2190,6088921,9,71041.124218580109300,5,22,17,13.111111111111111,5.724109721062781,118.000000000000000,7,9,5,12
2191,6088923,6,47360.749479053403775,4,11,7,8.166666666666666,2.671869923646901,49.000000000000000,5,11,4,7
2192,6088925,6,47360.749479053403775,4,19,15,11.166666666666666,6.094168432927408,67.000000000000000,5,4,8,8
2193,6088927,19,149975.706683669122867,2,43,41,19.631578947368421,10.204284581621325,373.000000000000000,14,16,2,20
2194,6088929,13,102614.957204615711817,8,25,17,15.846153846153847,4.638404132825025,206.000000000000000,10,15,8,15
2195,6088931,14,110508.415451124601532,1,36,35,14.142857142857142,11.243138497114858,198.000000000000000,10,10,1,10
2196,6088933,3,23680.374739526701887,3,5,2,4.333333333333333,0.942809041582064,13.000000000000000,2,5,3,5
2197,6088935,22,173656.081423195806565,3,37,34,17.409090909090910,10.577244403603128,383.000000000000000,16,16,3,16
2198,6088939,21,165762.623176686902298,5,38,33,15.476190476190476,8.764751090476246,325.000000000000000,15,8,5,13
2199,6088941,25,197336.456162722519366,2,18,16,6.280000000000000,4.113587242298381,157.000000000000000,10,4,2,5
2200,6088945,46,363099.079339409421664,1,36,35,9.478260869565217,6.986754955021128,436.000000000000000,17,1,13,8
2201,6088947,21,165762.623176686902298,1,26,25,8.238095238095237,7.702224551293526,173.000000000000000,13,1,7,5
2202,6088949,14,110508.415451124601532,3,31,28,19.428571428571427,7.537660547584526,272.000000000000000,11,18,3,21
2203,6088951,10,78934.582465089013567,2,17,15,8.300000000000001,4.980963762164908,83.000000000000000,7,4,2,5
2204,6088953,16,126295.331944142410066,5,18,13,11.437500000000000,3.445445363084430,183.000000000000000,10,10,5,12
2205,6088955,21,165762.623176686902298,3,28,25,13.476190476190476,7.055015423823360,283.000000000000000,13,8,5,13
2206,6088957,27,213123.372655740327900,1,38,37,16.925925925925927,9.988608051642021,457.000000000000000,16,13,1,17
2207,6088959,18,142082.248437160218600,5,21,16,13.277777777777779,5.684340629753086,239.000000000000000,11,5,7,14
2208,6088961,21,165762.623176686902298,4,32,28,16.476190476190474,8.313036506819804,346.000000000000000,15,22,7,18
2209,6088963,13,102614.957204615711817,2,30,28,10.384615384615385,9.856965218240829,135.000000000000000,9,2,3,5
2210,6088965,13,102614.957204615711817,2,29,27,13.615384615384615,8.535342465649354,177.000000000000000,11,2,5,14
2211,6088967,9,71041.124218580109300,10,20,10,14.111111111111111,3.247030932489436,127.000000000000000,4,16,10,16
2212,6088993,32,252590.663888284820132,5,23,18,12.656250000000000,5.423383255634807,405.000000000000000,14,7,9,13
2213,6088995,11,86828.040711597903282,3,21,18,12.272727272727273,5.327303754175857,135.000000000000000,9,8,3,10
2214,6088997,14,110508.415451124601532,1,18,17,11.642857142857142,5.259102895485705,163.000000000000000,10,16,1,14
2215,6088999,10,78934.582465089013567,4,12,8,7.800000000000000,2.749545416973505,78.000000000000000,6,8,5,8
2216,6089001,43,339418.704599882708862,2,25,23,8.883720930232558,5.875488311524775,382.000000000000000,17,3,8,7
2217,6089003,64,505181.327776569640264,1,24,23,9.531250000000000,5.719945230288486,610.000000000000000,20,8,9,8
2218,6089005,43,339418.704599882708862,1,26,25,11.581395348837209,7.052073942480392,498.000000000000000,19,5,1,9
2219,6089007,37,292057.955120829341467,2,33,31,10.945945945945946,7.461417682646911,405.000000000000000,18,4,2,8
2220,6089009,25,197336.456162722519366,1,19,18,7.600000000000000,5.433231082882450,190.000000000000000,15,3,1,5
2221,6089011,22,173656.081423195806565,5,28,23,15.954545454545455,6.996604843696902,351.000000000000000,14,7,5,14
2222,6089013,32,252590.663888284820132,1,34,33,10.250000000000000,8.104782538723663,328.000000000000000,18,1,5,8
2223,6089015,14,110508.415451124601532,6,23,17,11.500000000000000,4.924428900898052,161.000000000000000,10,7,6,9
2224,6089017,24,189442.997916213615099,9,55,46,20.708333333333332,14.131758461784656,497.000000000000000,14,13,9,13
2225,6089019,8,63147.665972071205033,6,14,8,9.625000000000000,3.425547401511180,77.000000000000000,5,6,7,7
2226,6089021,27,213123.372655740327900,2,41,39,20.925925925925927,12.042904552830560,565.000000000000000,22,10,2,17
2227,6089023,21,165762.623176686902298,6,24,18,15.619047619047619,5.084768950841985,328.000000000000000,15,6,9,16
2228,6089025,19,149975.706683669122867,2,41,39,23.263157894736842,10.537362624505828,442.000000000000000,15,19,2,24
2229,6089027,65,513074.786023078544531,1,51,50,15.199999999999999,11.979726464066122,988.000000000000000,32,2,10,11
2230,6089029,56,442033.661804498406127,3,42,39,12.928571428571429,9.252137094548834,724.000000000000000,22,4,10,9
2231,6089031,30,236803.747395267011598,1,23,22,10.833333333333334,5.279414950751855,325.000000000000000,16,4,1,10
2232,6089033,49,386779.454078936134465,1,21,20,9.673469387755102,5.430028958851035,474.000000000000000,19,7,1,8
2233,6089035,9,71041.124218580109300,6,24,18,16.444444444444443,5.230489909306590,148.000000000000000,7,16,6,16
2234,6089037,27,213123.372655740327900,1,13,12,5.851851851851852,3.262624525265962,158.000000000000000,10,6,10,6
2235,6089039,9,71041.124218580109300,3,37,34,21.444444444444443,12.347839317162705,193.000000000000000,9,3,3,26
2236,6089041,15,118401.873697633505799,7,39,32,21.733333333333334,9.936241185120704,326.000000000000000,13,14,7,21
2237,6089043,7,55254.207725562300766,2,26,24,11.142857142857142,7.434063903575821,78.000000000000000,7,2,2,9
2238,6089045,43,339418.704599882708862,1,35,34,13.279069767441861,9.286964060458551,571.000000000000000,25,7,1,11
2239,6089047,31,244697.205641775915865,2,37,35,14.225806451612904,10.187625882600388,441.000000000000000,20,7,4,10
2240,6089049,18,142082.248437160218600,8,35,27,18.277777777777779,8.391831713408749,329.000000000000000,14,10,8,15
2241,6089053,26,205229.914409231423633,1,11,10,3.846153846153846,2.931162905116561,100.000000000000000,9,1,10,3
2242,6089055,7,55254.207725562300766,8,24,16,16.285714285714285,5.034574339058886,114.000000000000000,7,8,8,16
2243,6089057,1,7893.458246508900629,26,26,0,26.000000000000000,0.000000000000000,26.000000000000000,1,26,26,26
2244,6089059,7,55254.207725562300766,9,17,8,14.285714285714286,3.057276365576097,100.000000000000000,5,17,9,16
2245,6089061,5,39467.291232544506784,6,21,15,17.000000000000000,5.549774770204643,85.000000000000000,4,19,6,19
2246,6089063,9,71041.124218580109300,1,22,21,7.333333333333333,6.218252702059210,66.000000000000000,7,2,1,7
2247,6089071,34,268377.580381302628666,1,84,83,28.088235294117649,19.306152093322975,955.000000000000000,27,12,1,24
2248,6089075,2,15786.916493017801258,23,31,8,27.000000000000000,4.000000000000000,54.000000000000000,2,23,23,23
2249,6089077,16,126295.331944142410066,1,15,14,9.437500000000000,4.242180306163330,151.000000000000000,10,14,1,9
2250,6089079,1,7893.458246508900629,10,10,0,10.000000000000000,0.000000000000000,10.000000000000000,1,10,10,10
2251,6089081,4,31573.832986035602516,2,22,20,10.750000000000000,8.525696452489967,43.000000000000000,4,2,2,3
2252,6089083,43,339418.704599882708862,1,32,31,13.372093023255815,8.648224057006379,575.000000000000000,23,10,3,12
2253,6089085,7,55254.207725562300766,4,16,12,8.000000000000000,4.566962103755937,56.000000000000000,5,4,5,5
2254,6089087,8,63147.665972071205033,3,21,18,10.875000000000000,6.771955035290769,87.000000000000000,7,21,3,8
2255,6089089,5,39467.291232544506784,9,14,5,11.800000000000001,1.939071942966529,59.000000000000000,3,11,9,11
2256,6089091,6,47360.749479053403775,3,15,12,10.000000000000000,4.864839839775475,60.000000000000000,5,14,3,10
2257,6089093,5,39467.291232544506784,3,7,4,6.000000000000000,1.549193338482967,30.000000000000000,3,7,3,7
2258,6089095,2,15786.916493017801258,5,17,12,11.000000000000000,6.000000000000000,22.000000000000000,2,5,5,5
2259,6089097,5,39467.291232544506784,4,15,11,9.400000000000000,4.715930449020639,47.000000000000000,4,4,10,10
2260,6089101,12,94721.498958106807549,5,23,18,12.333333333333334,5.542763049438629,148.000000000000000,10,8,5,10
2261,6089107,1,7893.458246508900629,11,11,0,11.000000000000000,0.000000000000000,11.000000000000000,1,11,11,11
2262,6089109,11,86828.040711597903282,4,21,17,8.000000000000000,4.631905164675271,88.000000000000000,8,6,5,6
2263,6089113,29,228910.289148758107331,1,22,21,6.862068965517241,5.076817751111653,199.000000000000000,14,3,8,6
2264,6089115,3,23680.374739526701887,5,16,11,9.000000000000000,4.966554808583780,27.000000000000000,3,5,5,6
2265,6089593,3,23680.374739526701887,10,25,15,16.333333333333332,6.342099196813485,49.000000000000000,3,10,10,14
2266,6089595,12,94721.498958106807549,2,13,11,4.833333333333333,3.647678104706548,58.000000000000000,7,2,4,3
2267,6089597,11,86828.040711597903282,6,16,10,8.909090909090908,3.175318035740543,98.000000000000000,6,7,11,8
2268,6089599,10,78934.582465089013567,7,18,11,13.699999999999999,3.661966684720113,137.000000000000000,6,7,13,14
2269,6089601,18,142082.248437160218600,5,30,25,19.111111111111111,9.236936053384857,344.000000000000000,12,6,5,19
2270,6089603,19,149975.706683669122867,4,14,10,10.000000000000000,3.060787652326045,190.000000000000000,10,10,4,10
2271,6089605,31,244697.205641775915865,4,31,27,14.096774193548388,8.569845252902111,437.000000000000000,17,4,6,11
2272,6089607,2,15786.916493017801258,7,10,3,8.500000000000000,1.500000000000000,17.000000000000000,2,7,7,7
2273,6089609,13,102614.957204615711817,3,13,10,6.076923076923077,2.921051930161158,79.000000000000000,7,3,6,6
2274,6089611,22,173656.081423195806565,3,25,22,9.863636363636363,6.254419924744526,217.000000000000000,11,4,10,8
2275,6089613,3,23680.374739526701887,13,19,6,15.333333333333334,2.624669291337268,46.000000000000000,3,13,13,14
2276,6089615,13,102614.957204615711817,4,13,9,8.384615384615385,3.076923076923076,109.000000000000000,8,6,4,7
2277,6089617,21,165762.623176686902298,1,10,9,5.571428571428571,2.037071393924519,117.000000000000000,8,6,1,6
2278,6089619,1,7893.458246508900629,9,9,0,9.000000000000000,0.000000000000000,9.000000000000000,1,9,9,9
2279,6089621,20,157869.164930178027134,2,32,30,13.300000000000001,8.521150157109073,266.000000000000000,14,6,4,12
2280,6089623,19,149975.706683669122867,5,34,29,20.736842105263158,9.634598318795804,394.000000000000000,13,8,5,22
2281,6089625,12,94721.498958106807549,5,16,11,8.583333333333334,2.722080495176845,103.000000000000000,6,8,7,8
2282,6089627,20,157869.164930178027134,3,41,38,13.250000000000000,9.580579314425615,265.000000000000000,12,8,3,10
2283,6089629,1,7893.458246508900629,14,14,0,14.000000000000000,0.000000000000000,14.000000000000000,1,14,14,14
2284,6089631,3,23680.374739526701887,3,6,3,4.333333333333333,1.247219128924648,13.000000000000000,3,3,3,4
2285,6089633,17,134188.790190651314333,4,13,9,8.529411764705882,2.569450549157830,145.000000000000000,8,7,9,8
2286,6089635,13,102614.957204615711817,4,19,15,12.692307692307692,4.663848120376653,165.000000000000000,10,6,4,13
2287,6089637,4,31573.832986035602516,15,21,6,18.250000000000000,2.384848003542364,73.000000000000000,4,15,15,17
2288,6089639,8,63147.665972071205033,9,22,13,17.000000000000000,4.500000000000000,136.000000000000000,6,13,9,17
2289,6089641,18,142082.248437160218600,3,20,17,10.500000000000000,4.297932319409209,189.000000000000000,12,3,6,10
2290,6089643,10,78934.582465089013567,4,14,10,8.600000000000000,3.231098884280702,86.000000000000000,9,6,4,8
2291,6089645,3,23680.374739526701887,4,27,23,11.666666666666666,10.842303978193728,35.000000000000000,2,4,27,4
2292,6089647,12,94721.498958106807549,4,15,11,7.833333333333333,3.104656001699527,94.000000000000000,8,5,4,7
2293,6089649,13,102614.957204615711817,3,16,13,8.230769230769230,3.905693007626494,107.000000000000000,9,3,4,7
2294,6089651,3,23680.374739526701887,5,14,9,8.000000000000000,4.242640687119285,24.000000000000000,2,5,14,5
2295,6089653,15,118401.873697633505799,2,24,22,13.733333333333333,6.276587891167904,206.000000000000000,13,12,2,12
2296,6089655,10,78934.582465089013567,9,24,15,13.500000000000000,4.177319714841085,135.000000000000000,8,10,9,12
2297,6089657,11,86828.040711597903282,3,16,13,8.181818181818182,3.903801918833434,90.000000000000000,7,5,3,6
2298,6089659,17,134188.790190651314333,3,15,12,8.647058823529411,3.833922526305960,147.000000000000000,6,12,15,11
2299,6089661,4,31573.832986035602516,6,15,9,8.500000000000000,3.774917217635375,34.000000000000000,3,6,7,6
2300,6089663,12,94721.498958106807549,1,19,18,7.833333333333333,4.258977446393547,94.000000000000000,7,6,1,6
2301,6089665,21,165762.623176686902298,1,24,23,11.238095238095237,6.632565846278152,236.000000000000000,15,5,1,12
2302,6089667,1,7893.458246508900629,2,2,0,2.000000000000000,0.000000000000000,2.000000000000000,1,2,2,2
2303,6089669,12,94721.498958106807549,1,13,12,6.750000000000000,4.085033659592048,81.000000000000000,9,3,1,6
2304,6089671,12,94721.498958106807549,2,22,20,12.666666666666666,6.407460928913696,152.000000000000000,11,17,2,13
2305,6089673,25,197336.456162722519366,2,34,32,17.199999999999999,10.135087567455942,430.000000000000000,17,10,2,19
2306,6089675,10,78934.582465089013567,9,30,21,22.699999999999999,6.356886030125130,227.000000000000000,9,26,9,24
2307,6089677,18,142082.248437160218600,2,25,23,11.944444444444445,7.191601754996527,215.000000000000000,12,14,4,10
2308,6089685,6,47360.749479053403775,6,13,7,10.166666666666666,2.192157739660986,61.000000000000000,4,10,6,10
2309,6089687,11,86828.040711597903282,6,16,10,10.727272727272727,2.665977872475489,118.000000000000000,7,9,6,10
2310,6089689,1,7893.458246508900629,3,3,0,3.000000000000000,0.000000000000000,3.000000000000000,1,3,3,3
2311,6089691,14,110508.415451124601532,3,16,13,11.214285714285714,4.410678137503695,157.000000000000000,9,14,3,12
2312,6089693,18,142082.248437160218600,1,16,15,6.222222222222222,3.690160423425692,112.000000000000000,10,4,1,5
2313,6089695,8,63147.665972071205033,8,16,8,11.000000000000000,2.500000000000000,88.000000000000000,6,10,8,10
2314,6089697,14,110508.415451124601532,1,8,7,4.214285714285714,2.335397532038831,59.000000000000000,7,2,1,4
2315,6089699,7,55254.207725562300766,1,13,12,8.142857142857142,4.050699108216522,57.000000000000000,6,8,1,8
2316,6089701,6,47360.749479053403775,5,16,11,9.833333333333334,3.847798793538397,59.000000000000000,5,7,5,7
2317,6089703,15,118401.873697633505799,2,18,16,10.933333333333334,4.753478258660237,164.000000000000000,11,11,2,11
2318,6089705,14,110508.415451124601532,10,40,30,20.928571428571427,10.484439393108012,293.000000000000000,9,12,10,15
2319,6089707,3,23680.374739526701887,10,16,6,12.333333333333334,2.624669291337268,37.000000000000000,3,10,10,11
2320,6089709,16,126295.331944142410066,3,12,9,7.187500000000000,2.720724857459865,115.000000000000000,8,4,3,7
2321,6089711,5,39467.291232544506784,3,14,11,9.000000000000000,3.521363372331802,45.000000000000000,4,9,3,9
2322,6089713,5,39467.291232544506784,1,4,3,2.000000000000000,1.095445115010332,10.000000000000000,3,1,4,2
2323,6089715,11,86828.040711597903282,5,30,25,15.181818181818182,7.481105676887630,167.000000000000000,9,11,5,13
2324,6089717,34,268377.580381302628666,1,17,16,9.176470588235293,3.981357943298286,312.000000000000000,13,8,1,8
2325,6089719,5,39467.291232544506784,8,13,5,10.000000000000000,2.097617696340303,50.000000000000000,4,8,9,9
2326,6089721,7,55254.207725562300766,5,19,14,12.571428571428571,4.836088822803074,88.000000000000000,7,5,5,13
2327,6089723,6,47360.749479053403775,4,14,10,9.333333333333334,3.197221015541811,56.000000000000000,5,8,4,8
2328,6089725,6,47360.749479053403775,7,14,7,9.833333333333334,2.409472049133491,59.000000000000000,4,7,11,10
2329,6089727,20,157869.164930178027134,1,32,31,7.500000000000000,7.379024325749306,150.000000000000000,12,3,4,4
2330,6089729,26,205229.914409231423633,1,9,8,4.923076923076923,1.959652185054922,128.000000000000000,9,4,1,5
2331,6089731,8,63147.665972071205033,6,16,10,8.875000000000000,3.257203555198846,71.000000000000000,6,6,7,7
2332,6089733,5,39467.291232544506784,5,9,4,6.800000000000000,1.326649916142161,34.000000000000000,4,7,5,7
2333,6089735,9,71041.124218580109300,3,14,11,7.777777777777778,4.540625942600566,70.000000000000000,5,4,3,6
2334,6089737,8,63147.665972071205033,1,4,3,2.500000000000000,1.224744871391589,20.000000000000000,3,2,1,2
2335,6089739,6,47360.749479053403775,4,18,14,13.000000000000000,4.864839839775475,78.000000000000000,4,14,4,14
2336,6089741,5,39467.291232544506784,8,38,30,23.199999999999999,10.777754868245985,116.000000000000000,4,28,8,28
2337,6089743,1,7893.458246508900629,1,1,0,1.000000000000000,0.000000000000000,1.000000000000000,1,1,1,1
2338,6089745,9,71041.124218580109300,5,20,15,11.333333333333334,5.517648452415616,102.000000000000000,7,10,5,10
2339,6089747,6,47360.749479053403775,1,24,23,7.666666666666667,7.717224601860150,46.000000000000000,6,1,1,4
2340,6089749,8,63147.665972071205033,2,13,11,7.875000000000000,3.722818152958858,63.000000000000000,7,6,2,6
2341,6089751,9,71041.124218580109300,2,24,22,15.666666666666666,6.324555320336759,141.000000000000000,8,11,2,17
2342,6089753,14,110508.415451124601532,2,16,14,9.214285714285714,4.228788604461625,129.000000000000000,9,7,2,7
2343,6089755,11,86828.040711597903282,7,19,12,13.363636363636363,3.523240431832018,147.000000000000000,9,15,7,15
2344,6089757,31,244697.205641775915865,2,31,29,10.870967741935484,7.124432905485592,337.000000000000000,18,4,2,8
2345,6089759,11,86828.040711597903282,1,36,35,12.090909090909092,11.919842474970009,133.000000000000000,8,3,1,6
2346,6089761,10,78934.582465089013567,1,8,7,5.000000000000000,2.236067977499790,50.000000000000000,7,4,1,5
2347,6089763,28,221016.830902249203064,5,23,18,11.035714285714286,4.821693114435623,309.000000000000000,15,7,10,10
2348,6089765,12,94721.498958106807549,1,16,15,9.666666666666666,4.938510796676352,116.000000000000000,8,16,1,10
2349,6089767,7,55254.207725562300766,5,10,5,7.714285714285714,2.050385727772476,54.000000000000000,4,10,5,7
2350,6089769,1,7893.458246508900629,2,2,0,2.000000000000000,0.000000000000000,2.000000000000000,1,2,2,2
2351,6089771,1,7893.458246508900629,4,4,0,4.000000000000000,0.000000000000000,4.000000000000000,1,4,4,4
2352,6089773,7,55254.207725562300766,4,13,9,8.857142857142858,2.849991049037141,62.000000000000000,6,10,4,10
2353,6089775,5,39467.291232544506784,4,13,9,7.000000000000000,3.346640106136302,35.000000000000000,4,4,6,6
2354,6089777,24,189442.997916213615099,1,34,33,10.208333333333334,9.768056641704916,245.000000000000000,15,4,3,6
2355,6089779,3,23680.374739526701887,5,9,4,7.666666666666667,1.885618083164126,23.000000000000000,2,9,5,9
2356,6089781,1,7893.458246508900629,13,13,0,13.000000000000000,0.000000000000000,13.000000000000000,1,13,13,13
2357,6089783,3,23680.374739526701887,2,5,3,3.000000000000000,1.414213562373095,9.000000000000000,2,2,5,2
2358,6089785,4,31573.832986035602516,4,7,3,5.750000000000000,1.089724735885168,23.000000000000000,3,6,4,6
2359,6089789,14,110508.415451124601532,1,7,6,2.571428571428572,1.399708424447530,36.000000000000000,4,2,7,2
2360,6089791,2,15786.916493017801258,2,4,2,3.000000000000000,1.000000000000000,6.000000000000000,2,2,2,2
2361,6089793,18,142082.248437160218600,2,23,21,8.166666666666666,5.550275268448904,147.000000000000000,12,3,2,7
2362,6089795,12,94721.498958106807549,2,9,7,5.833333333333333,2.229848026709942,70.000000000000000,7,5,2,5
2363,6089797,12,94721.498958106807549,2,33,31,18.083333333333332,9.482073730056218,217.000000000000000,8,2,11,17
2364,6089799,25,197336.456162722519366,4,14,10,8.199999999999999,2.683281572999749,205.000000000000000,10,8,5,8
2365,6089801,10,78934.582465089013567,5,13,8,8.500000000000000,2.247220505424423,85.000000000000000,8,8,5,8
2366,6089803,5,39467.291232544506784,1,17,16,4.600000000000000,6.216108107168021,23.000000000000000,3,1,17,2
2367,6089805,8,63147.665972071205033,1,5,4,2.625000000000000,1.218349293101120,21.000000000000000,5,2,1,2
2368,6089807,12,94721.498958106807549,5,28,23,16.083333333333332,6.251111012363236,193.000000000000000,11,14,5,14
2369,6089809,8,63147.665972071205033,1,8,7,4.125000000000000,2.204399011068550,33.000000000000000,6,2,1,4
2370,6089811,20,157869.164930178027134,1,10,9,3.900000000000000,2.406241883103193,78.000000000000000,7,2,10,3
2371,6089813,14,110508.415451124601532,3,15,12,7.714285714285714,3.899241161130337,108.000000000000000,10,5,3,5
2372,6089815,21,165762.623176686902298,5,26,21,10.809523809523810,4.856209060564556,227.000000000000000,10,15,7,10
2373,6089817,28,221016.830902249203064,2,17,15,8.892857142857142,4.186195730478635,249.000000000000000,15,5,2,9
2374,6089819,8,63147.665972071205033,4,13,9,10.000000000000000,2.872281323269014,80.000000000000000,5,12,4,10
2375,6089821,3,23680.374739526701887,6,28,22,19.333333333333332,9.568466729604884,58.000000000000000,3,6,6,24
2376,6089823,18,142082.248437160218600,3,13,10,8.333333333333334,2.905932629027116,150.000000000000000,10,6,3,8
2377,6089825,1,7893.458246508900629,16,16,0,16.000000000000000,0.000000000000000,16.000000000000000,1,16,16,16
2378,6089827,9,71041.124218580109300,4,30,26,18.333333333333332,10.066445913694333,165.000000000000000,8,27,4,23
2379,6089829,9,71041.124218580109300,18,32,14,25.333333333333332,4.807401700618652,228.000000000000000,7,22,18,25
2380,6089831,15,118401.873697633505799,3,22,19,11.666666666666666,5.676462121975468,175.000000000000000,10,10,3,10
2381,6089833,12,94721.498958106807549,2,21,19,9.333333333333334,4.784233364802440,112.000000000000000,9,7,2,7
2382,6089835,4,31573.832986035602516,4,16,12,8.500000000000000,4.974937185533100,34.000000000000000,3,4,10,4
2383,6089837,7,55254.207725562300766,4,26,22,12.857142857142858,8.982977098435708,90.000000000000000,6,4,5,8
2384,6089839,16,126295.331944142410066,1,13,12,8.437500000000000,3.200952006825470,135.000000000000000,8,7,1,8
2385,6089841,17,134188.790190651314333,1,35,34,8.705882352941176,8.455869565207722,148.000000000000000,8,5,4,5
2386,6089843,5,39467.291232544506784,1,19,18,12.400000000000000,8.138795979750320,62.000000000000000,3,19,1,19
2387,6089845,17,134188.790190651314333,4,19,15,11.235294117647058,4.492207786361596,191.000000000000000,9,9,5,11
2388,6089847,10,78934.582465089013567,1,26,25,12.100000000000000,7.879720807236764,121.000000000000000,8,1,5,11
2389,6089849,23,181549.539669704710832,2,17,15,8.260869565217391,3.246635600451213,190.000000000000000,10,10,4,8
2390,6089851,12,94721.498958106807549,2,28,26,7.916666666666667,8.750793614803682,95.000000000000000,6,2,9,3
2391,6089853,3,23680.374739526701887,29,38,9,32.000000000000000,4.242640687119285,96.000000000000000,2,29,38,29
2392,6089855,6,47360.749479053403775,2,19,17,8.833333333333334,5.983774357005413,53.000000000000000,5,2,8,8
2393,6089857,5,39467.291232544506784,1,27,26,9.000000000000000,10.019980039900279,45.000000000000000,4,2,1,2
2394,6089859,5,39467.291232544506784,1,11,10,6.600000000000000,3.611094017053558,33.000000000000000,5,1,1,6
2395,6089861,7,55254.207725562300766,5,27,22,16.571428571428573,8.893932809299073,116.000000000000000,5,8,5,17
2396,6089863,24,189442.997916213615099,1,34,33,10.500000000000000,9.000000000000000,252.000000000000000,14,5,1,6
2397,6089865,27,213123.372655740327900,1,18,17,9.000000000000000,3.790827135384885,243.000000000000000,14,8,1,8
2398,6089867,3,23680.374739526701887,2,5,3,3.000000000000000,1.414213562373095,9.000000000000000,2,2,5,2
2399,6089871,3,23680.374739526701887,1,3,2,2.333333333333333,0.942809041582063,7.000000000000000,2,3,1,3
2400,6089873,12,94721.498958106807549,6,24,18,13.416666666666666,4.251633672941368,161.000000000000000,9,11,6,13
2401,6089875,48,378885.995832427230198,1,39,38,13.270833333333334,8.472355987104308,637.000000000000000,24,5,1,10
2402,6089877,67,528861.702516096294858,2,18,16,8.253731343283581,3.982586287798907,553.000000000000000,16,8,18,8
2403,6089879,10,78934.582465089013567,4,21,17,9.300000000000001,5.254521862167859,93.000000000000000,7,6,4,6
2404,6089881,5,39467.291232544506784,4,32,28,19.199999999999999,10.419213022104886,96.000000000000000,5,4,4,21
2405,6089883,27,213123.372655740327900,1,27,26,12.074074074074074,6.863353709569482,326.000000000000000,14,10,2,13
2406,6089885,13,102614.957204615711817,4,31,27,13.692307692307692,8.533955845143794,178.000000000000000,13,4,4,11
2407,6089887,12,94721.498958106807549,2,18,16,10.083333333333334,4.889756867393532,121.000000000000000,10,9,2,9
2408,6089891,12,94721.498958106807549,10,39,29,20.916666666666668,7.899982419108423,251.000000000000000,11,24,10,21
2409,6089893,14,110508.415451124601532,2,26,24,13.071428571428571,5.812109104696673,183.000000000000000,10,13,2,13
2410,6089895,8,63147.665972071205033,2,16,14,8.250000000000000,5.043560250458004,66.000000000000000,7,5,2,5
2411,6089897,8,63147.665972071205033,1,15,14,4.500000000000000,4.272001872658765,36.000000000000000,6,1,2,3
2412,6089899,5,39467.291232544506784,17,33,16,24.199999999999999,5.114684741017772,121.000000000000000,4,24,17,24
2413,6089901,1,7893.458246508900629,3,3,0,3.000000000000000,0.000000000000000,3.000000000000000,1,3,3,3
2414,6089903,1,7893.458246508900629,3,3,0,3.000000000000000,0.000000000000000,3.000000000000000,1,3,3,3
2415,6089905,2,15786.916493017801258,7,7,0,7.000000000000000,0.000000000000000,14.000000000000000,1,7,7,7
2416,6089907,7,55254.207725562300766,7,19,12,11.571428571428571,4.203982562732048,81.000000000000000,6,7,8,12
2417,6089909,2,15786.916493017801258,10,14,4,12.000000000000000,2.000000000000000,24.000000000000000,2,10,10,10
2418,6089911,2,15786.916493017801258,5,16,11,10.500000000000000,5.500000000000000,21.000000000000000,2,5,5,5
2419,6089913,29,228910.289148758107331,1,21,20,5.793103448275862,5.267855091511205,168.000000000000000,12,3,8,4
2420,6089915,14,110508.415451124601532,15,32,17,24.000000000000000,5.099019513592784,336.000000000000000,10,29,15,24
2421,6089917,15,118401.873697633505799,12,20,8,15.933333333333334,2.205044721138831,239.000000000000000,6,16,12,16
2422,6089919,20,157869.164930178027134,3,42,39,16.350000000000001,11.060176309625446,327.000000000000000,16,7,3,12
2423,6089921,15,118401.873697633505799,6,27,21,17.533333333333335,5.908938614976087,263.000000000000000,10,16,6,16
2424,6089925,2,15786.916493017801258,12,13,1,12.500000000000000,0.500000000000000,25.000000000000000,2,12,12,12
2425,6089927,6,47360.749479053403775,5,13,8,7.666666666666667,2.981423969999719,46.000000000000000,3,5,13,5
2426,6089929,10,78934.582465089013567,1,25,24,11.800000000000001,7.068238818828917,118.000000000000000,10,1,1,11
2427,6089931,8,63147.665972071205033,4,35,31,13.625000000000000,9.472822968893697,109.000000000000000,5,14,4,14
2428,6089933,4,31573.832986035602516,6,14,8,9.500000000000000,3.201562118716424,38.000000000000000,4,6,6,7
2429,6089935,9,71041.124218580109300,16,30,14,22.444444444444443,5.230489909306590,202.000000000000000,7,16,18,21
2430,6089937,17,134188.790190651314333,3,14,11,6.470588235294118,3.362730806577989,110.000000000000000,9,3,6,5
2431,6089939,18,142082.248437160218600,1,20,19,10.333333333333334,5.217491947499509,186.000000000000000,12,13,1,11
2432,6089941,5,39467.291232544506784,5,33,28,15.600000000000000,11.128342194594845,78.000000000000000,4,5,11,11
2433,6089943,1,7893.458246508900629,2,2,0,2.000000000000000,0.000000000000000,2.000000000000000,1,2,2,2
2434,6089945,14,110508.415451124601532,4,20,16,9.928571428571429,4.495462565017017,139.000000000000000,7,7,13,10
2435,6089947,5,39467.291232544506784,6,16,10,11.800000000000001,4.399999999999999,59.000000000000000,4,16,6,14
2436,6089949,11,86828.040711597903282,5,17,12,12.636363636363637,3.699452718068328,139.000000000000000,8,17,5,13
2437,6089951,6,47360.749479053403775,2,8,6,4.500000000000000,2.362907813126304,27.000000000000000,5,2,3,3
2438,6089953,10,78934.582465089013567,1,17,16,8.000000000000000,5.495452665613635,80.000000000000000,8,2,1,7
2439,6089955,16,126295.331944142410066,4,31,27,11.187500000000000,7.827984654430539,179.000000000000000,11,6,4,8
2440,6089957,12,94721.498958106807549,9,29,20,20.166666666666668,7.335227028221793,242.000000000000000,10,23,9,23
2441,6089959,8,63147.665972071205033,13,32,19,20.375000000000000,6.122448448129228,163.000000000000000,7,17,13,17
2442,6089961,17,134188.790190651314333,3,24,21,11.411764705882353,5.520643861952972,194.000000000000000,10,8,3,10
2443,6089963,13,102614.957204615711817,1,20,19,8.692307692307692,5.992105259738599,113.000000000000000,10,6,1,6
2444,6089965,16,126295.331944142410066,3,19,16,9.250000000000000,5.006246098625197,148.000000000000000,10,3,4,9
2445,6089967,15,118401.873697633505799,6,18,12,11.000000000000000,4.115013163202924,165.000000000000000,8,13,8,11
2446,6089969,22,173656.081423195806565,2,20,18,7.863636363636363,4.202763750259568,173.000000000000000,12,8,2,7
2447,6089971,14,110508.415451124601532,4,14,10,8.571428571428571,3.133101742780188,120.000000000000000,8,7,4,7
2448,6089973,9,71041.124218580109300,1,12,11,8.000000000000000,4.027681991198190,72.000000000000000,6,9,1,9
2449,6089975,13,102614.957204615711817,4,37,33,13.461538461538462,9.434921911668900,175.000000000000000,8,8,7,8
2450,6089977,11,86828.040711597903282,8,35,27,22.272727272727273,8.169687977694897,245.000000000000000,9,19,8,24
2451,6089979,20,157869.164930178027134,2,21,19,9.650000000000000,4.519679192155125,193.000000000000000,12,5,2,9
2452,6089981,19,149975.706683669122867,3,17,14,8.631578947368421,3.571974631780453,164.000000000000000,8,7,5,8
2453,6089983,22,173656.081423195806565,1,17,16,5.909090909090909,3.976168677932552,130.000000000000000,12,5,4,5
2454,6089985,15,118401.873697633505799,8,21,13,14.933333333333334,4.281225162133953,224.000000000000000,10,9,8,15
2455,6089987,16,126295.331944142410066,3,12,9,6.125000000000000,2.368411915187052,98.000000000000000,7,6,9,6
2456,6089989,22,173656.081423195806565,3,13,10,7.045454545454546,2.549104525965447,155.000000000000000,8,5,3,7
2457,6089991,29,228910.289148758107331,2,23,21,8.448275862068966,5.727045377110811,245.000000000000000,15,2,3,8
2458,6089993,3,23680.374739526701887,13,17,4,14.333333333333334,1.885618083164123,43.000000000000000,2,13,17,13
2459,6089995,18,142082.248437160218600,2,15,13,8.833333333333334,3.847798793538399,159.000000000000000,8,6,2,7
2460,6089997,10,78934.582465089013567,2,20,18,12.100000000000000,6.518435395092906,121.000000000000000,8,7,2,10
2461,6089999,5,39467.291232544506784,2,24,22,14.800000000000001,7.833262411026455,74.000000000000000,4,19,2,19
2462,6090001,40,315738.329860356054269,2,33,31,13.850000000000000,8.180922930818992,554.000000000000000,20,9,2,11
2463,6090003,14,110508.415451124601532,1,8,7,5.142857142857143,1.684260874650227,72.000000000000000,6,4,1,5
2464,6090005,13,102614.957204615711817,2,15,13,6.769230769230769,4.725606939510052,88.000000000000000,8,2,6,6
2465,6090007,1,7893.458246508900629,4,4,0,4.000000000000000,0.000000000000000,4.000000000000000,1,4,4,4
2466,6090009,11,86828.040711597903282,2,25,23,10.818181818181818,8.901666665377197,119.000000000000000,8,2,3,6
2467,6090013,34,268377.580381302628666,2,35,33,12.264705882352942,8.718839721543537,417.000000000000000,22,5,4,10
2468,6090015,15,118401.873697633505799,5,22,17,13.199999999999999,5.114684741017769,198.000000000000000,10,18,5,13
2469,6090017,13,102614.957204615711817,3,19,16,10.538461538461538,5.485861332207826,137.000000000000000,8,13,4,10
2470,6090019,24,189442.997916213615099,4,29,25,12.916666666666666,6.244441973111414,310.000000000000000,15,13,5,13
2471,6090021,22,173656.081423195806565,5,27,22,13.363636363636363,5.077091638342982,294.000000000000000,14,11,5,12
2472,6090023,23,181549.539669704710832,2,22,20,10.130434782608695,6.250595434774591,233.000000000000000,12,19,3,9
2473,6090025,6,47360.749479053403775,1,11,10,5.500000000000000,3.685557397915997,33.000000000000000,5,4,1,4
2474,6090027,5,39467.291232544506784,5,12,7,9.199999999999999,2.785677655436824,46.000000000000000,4,12,5,10
2475,6090029,10,78934.582465089013567,3,22,19,10.300000000000001,5.675385449465084,103.000000000000000,9,15,3,9
2476,6090031,7,55254.207725562300766,2,17,15,8.857142857142858,4.517539514526255,62.000000000000000,6,7,2,7
2477,6090033,22,173656.081423195806565,1,25,24,10.272727272727273,6.489024427179244,226.000000000000000,15,5,1,8
2478,6090035,16,126295.331944142410066,1,26,25,10.312500000000000,6.583300369115783,165.000000000000000,10,8,1,8
2479,6090037,16,126295.331944142410066,1,27,26,15.812500000000000,7.576433445230018,253.000000000000000,10,16,1,16
2480,6090039,16,126295.331944142410066,2,23,21,11.562500000000000,6.092708244286772,185.000000000000000,11,5,2,12
2481,6090041,16,126295.331944142410066,2,42,40,17.687500000000000,10.861162173082585,283.000000000000000,15,26,2,16
2482,6090043,26,205229.914409231423633,4,24,20,14.307692307692308,4.928482609120412,372.000000000000000,16,17,7,15
2483,6090045,1,7893.458246508900629,4,4,0,4.000000000000000,0.000000000000000,4.000000000000000,1,4,4,4
2484,6090047,9,71041.124218580109300,3,10,7,7.222222222222222,2.528845928164676,65.000000000000000,5,8,6,8
2485,6090049,16,126295.331944142410066,4,30,26,13.250000000000000,8.332916656249479,212.000000000000000,13,4,5,10
2486,6090051,3,23680.374739526701887,4,15,11,9.000000000000000,4.546060565661952,27.000000000000000,3,4,4,8
2487,6090053,6,47360.749479053403775,2,20,18,8.166666666666666,6.413960468297953,49.000000000000000,5,3,2,3
2488,6090055,17,134188.790190651314333,3,16,13,7.470588235294118,3.790353810255768,127.000000000000000,11,4,6,7
2489,6090057,9,71041.124218580109300,6,12,6,9.666666666666666,2.108185106778920,87.000000000000000,5,11,9,11
2490,6090059,6,47360.749479053403775,7,27,20,14.333333333333334,6.262764742685310,86.000000000000000,6,7,7,12
2491,6090061,14,110508.415451124601532,3,24,21,13.571428571428571,6.411087334947680,190.000000000000000,11,8,3,11
2492,6090063,1,7893.458246508900629,17,17,0,17.000000000000000,0.000000000000000,17.000000000000000,1,17,17,17
2493,6090065,1,7893.458246508900629,1,1,0,1.000000000000000,0.000000000000000,1.000000000000000,1,1,1,1
2494,6090067,1,7893.458246508900629,1,1,0,1.000000000000000,0.000000000000000,1.000000000000000,1,1,1,1
2495,6090069,21,165762.623176686902298,1,20,19,8.857142857142858,6.438616490592150,186.000000000000000,12,2,3,8
2496,6090071,17,134188.790190651314333,7,24,17,12.823529411764707,4.705882352941177,218.000000000000000,11,11,8,11
2497,6090073,14,110508.415451124601532,3,13,10,8.357142857142858,3.455991543829412,117.000000000000000,8,5,3,8
2498,6090075,7,55254.207725562300766,1,21,20,12.000000000000000,6.633249580710800,84.000000000000000,5,16,1,16
2499,6090077,1,7893.458246508900629,10,10,0,10.000000000000000,0.000000000000000,10.000000000000000,1,10,10,10
2500,6090079,13,102614.957204615711817,2,16,14,9.461538461538462,4.845543307084192,123.000000000000000,10,3,2,10
2501,6090081,10,78934.582465089013567,4,14,10,8.800000000000001,2.993325909419152,88.000000000000000,5,8,9,8
2502,6090083,13,102614.957204615711817,2,10,8,5.384615384615385,2.271511240035907,70.000000000000000,8,3,2,5
2503,6090085,12,94721.498958106807549,1,16,15,9.750000000000000,3.918439315169582,117.000000000000000,9,8,1,10
2504,6090087,17,134188.790190651314333,1,54,53,20.941176470588236,17.870352010211164,356.000000000000000,15,3,1,17
2505,6090089,10,78934.582465089013567,1,17,16,9.900000000000000,5.262128846769148,99.000000000000000,10,1,1,9
2506,6090091,4,31573.832986035602516,8,16,8,11.000000000000000,3.316624790355400,44.000000000000000,3,8,12,8
2507,6090093,17,134188.790190651314333,4,18,14,9.705882352941176,4.598781243692252,165.000000000000000,12,4,6,9
2508,6090095,9,71041.124218580109300,3,22,19,14.666666666666666,6.847546194724712,132.000000000000000,7,18,3,18
2509,6090097,8,63147.665972071205033,5,23,18,14.625000000000000,6.203577596838779,117.000000000000000,7,13,5,13
2510,6090099,21,165762.623176686902298,4,20,16,11.952380952380953,4.466554978804671,251.000000000000000,10,10,4,10
2511,6090101,5,39467.291232544506784,11,56,45,24.600000000000001,16.475436261295176,123.000000000000000,4,15,11,15
2512,6090103,4,31573.832986035602516,2,33,31,19.000000000000000,11.113055385446435,76.000000000000000,4,2,2,19
2513,6090105,3,23680.374739526701887,3,10,7,6.333333333333333,2.867441755680876,19.000000000000000,3,3,3,6
2514,6090109,5,39467.291232544506784,7,28,21,16.800000000000001,7.573638491504594,84.000000000000000,5,7,7,18
2515,6090111,8,63147.665972071205033,6,18,12,12.000000000000000,3.807886552931954,96.000000000000000,6,12,6,12
2516,6090113,17,134188.790190651314333,4,23,19,13.764705882352942,5.263966428516963,234.000000000000000,12,17,4,14
2517,6090115,3,23680.374739526701887,11,19,8,13.666666666666666,3.771236166328257,41.000000000000000,2,11,19,11
2518,6090117,2,15786.916493017801258,8,9,1,8.500000000000000,0.500000000000000,17.000000000000000,2,8,8,8
2519,6090119,15,118401.873697633505799,5,19,14,11.400000000000000,4.192055979269997,171.000000000000000,10,5,8,12
2520,6090121,20,157869.164930178027134,3,30,27,15.050000000000001,7.010527797534220,301.000000000000000,15,20,3,14
2521,6090123,3,23680.374739526701887,9,26,17,16.333333333333332,7.133644853010900,49.000000000000000,3,9,9,14
2522,6090125,15,118401.873697633505799,9,25,16,16.533333333333335,4.208985098043887,248.000000000000000,10,18,9,17
2523,6090127,15,118401.873697633505799,7,24,17,14.800000000000001,5.443038367186717,222.000000000000000,12,15,7,14
2524,6090129,4,31573.832986035602516,4,25,21,17.750000000000000,8.227241335952167,71.000000000000000,4,4,4,19
2525,6090131,5,39467.291232544506784,6,11,5,9.400000000000000,1.854723699099140,47.000000000000000,4,11,6,10
2526,6090133,14,110508.415451124601532,3,25,22,13.071428571428571,5.812109104696673,183.000000000000000,12,12,3,13
2527,6090135,13,102614.957204615711817,4,41,37,14.769230769230770,11.676102129852477,192.000000000000000,11,7,4,9
2528,6090149,6,47360.749479053403775,7,24,17,16.833333333333332,5.177408189003025,101.000000000000000,5,19,7,17
2529,6090151,18,142082.248437160218600,3,15,12,8.500000000000000,3.304037933599835,153.000000000000000,12,10,3,8
2530,6090153,3,23680.374739526701887,9,24,15,18.666666666666668,6.847546194724709,56.000000000000000,3,9,9,23
2531,6090155,9,71041.124218580109300,1,7,6,3.444444444444445,1.892154040658489,31.000000000000000,6,2,1,3
2532,6090157,24,189442.997916213615099,6,25,19,15.875000000000000,4.361885104707214,381.000000000000000,13,18,6,15
2533,6090159,26,205229.914409231423633,4,28,24,16.615384615384617,7.338397032453146,432.000000000000000,20,10,4,17
2534,6090161,7,55254.207725562300766,1,8,7,3.571428571428572,2.321153829895989,25.000000000000000,5,2,1,3
2535,6090163,12,94721.498958106807549,1,25,24,13.750000000000000,8.397668327180666,165.000000000000000,8,10,1,10
2536,6090165,8,63147.665972071205033,12,30,18,23.250000000000000,5.141740950300783,186.000000000000000,6,23,12,23
2537,6090167,11,86828.040711597903282,3,24,21,12.363636363636363,6.079364908109269,136.000000000000000,7,14,6,14
2538,6090169,12,94721.498958106807549,6,18,12,11.666666666666666,3.590109871423004,140.000000000000000,9,10,6,10
2539,6090171,16,126295.331944142410066,2,25,23,12.062500000000000,7.309828571861313,193.000000000000000,12,2,7,9
2540,6090173,11,86828.040711597903282,3,26,23,14.363636363636363,7.535042103673491,158.000000000000000,9,6,3,17
2541,6090175,8,63147.665972071205033,1,20,19,8.750000000000000,6.666145812986692,70.000000000000000,6,1,4,6
2542,6090177,16,126295.331944142410066,1,18,17,7.937500000000000,5.673058588627478,127.000000000000000,10,2,3,9
2543,6090179,12,94721.498958106807549,3,22,19,11.583333333333334,5.298715777326509,139.000000000000000,9,10,3,10
2544,6090181,21,165762.623176686902298,3,36,33,16.714285714285715,9.082389328715617,351.000000000000000,14,6,3,16
2545,6090183,10,78934.582465089013567,4,34,30,19.199999999999999,9.442457307290303,192.000000000000000,8,21,4,21
2546,6090185,32,252590.663888284820132,1,29,28,10.718750000000000,7.525931732184395,343.000000000000000,15,4,2,8
2547,6090187,18,142082.248437160218600,5,18,13,11.000000000000000,4.189935029992179,198.000000000000000,11,10,6,10
2548,6090189,22,173656.081423195806565,1,24,23,10.772727272727273,5.044635478152807,237.000000000000000,15,8,1,10
2549,6090191,11,86828.040711597903282,2,20,18,10.090909090909092,5.664154361252804,111.000000000000000,10,8,2,8
2550,6090193,13,102614.957204615711817,1,16,15,7.769230769230769,4.610253558083599,101.000000000000000,8,3,1,8
2551,6090195,6,47360.749479053403775,5,18,13,8.666666666666666,4.606758320361751,52.000000000000000,4,6,5,6
2552,6090197,9,71041.124218580109300,1,17,16,8.111111111111111,5.546659544154971,73.000000000000000,6,2,1,7
2553,6090199,17,134188.790190651314333,1,24,23,11.117647058823529,5.789263418972751,189.000000000000000,13,14,1,10
2554,6090201,44,347312.162846391613130,2,24,22,9.818181818181818,5.253884827927231,432.000000000000000,18,5,7,9
2555,6090203,14,110508.415451124601532,1,30,29,12.357142857142858,8.190649222978454,173.000000000000000,13,24,1,10
2556,6090205,12,94721.498958106807549,1,21,20,11.166666666666666,7.977398629182880,134.000000000000000,9,1,2,11
2557,6090207,23,181549.539669704710832,4,30,26,13.217391304347826,5.380775131966951,304.000000000000000,13,14,4,14
2558,6090209,9,71041.124218580109300,6,14,8,10.777777777777779,2.528845928164673,97.000000000000000,5,9,6,11
2559,6090211,20,157869.164930178027134,2,24,22,8.850000000000000,5.032643440578718,177.000000000000000,11,10,4,9
2560,6090213,13,102614.957204615711817,5,16,11,9.461538461538462,3.388110083930038,123.000000000000000,8,7,8,9
2561,6090215,16,126295.331944142410066,1,25,24,14.875000000000000,7.777170115151140,238.000000000000000,13,25,1,14
2562,6090219,7,55254.207725562300766,2,17,15,9.000000000000000,4.869731585445518,63.000000000000000,6,5,2,10
2563,6090221,25,197336.456162722519366,8,39,31,22.160000000000000,7.958291273885369,554.000000000000000,16,14,8,22
2564,6090223,2,15786.916493017801258,5,19,14,12.000000000000000,7.000000000000000,24.000000000000000,2,5,5,5
2565,6090225,16,126295.331944142410066,3,36,33,16.750000000000000,10.243900624273939,268.000000000000000,11,3,9,15
2566,6090227,10,78934.582465089013567,8,23,15,16.699999999999999,3.742993454442579,167.000000000000000,7,18,8,17
2567,6090229,1,7893.458246508900629,10,10,0,10.000000000000000,0.000000000000000,10.000000000000000,1,10,10,10
2568,6090231,7,55254.207725562300766,3,18,15,12.428571428571429,5.602477586036452,87.000000000000000,6,18,3,15
2569,6090233,9,71041.124218580109300,5,22,17,12.666666666666666,6.182412330330469,114.000000000000000,9,5,5,12
2570,6090235,1,7893.458246508900629,14,14,0,14.000000000000000,0.000000000000000,14.000000000000000,1,14,14,14
2571,6090237,1,7893.458246508900629,12,12,0,12.000000000000000,0.000000000000000,12.000000000000000,1,12,12,12
2572,6090239,11,86828.040711597903282,1,31,30,15.909090909090908,8.543520090524169,175.000000000000000,8,10,1,12
2573,6090241,12,94721.498958106807549,3,16,13,10.916666666666666,3.796013991310125,131.000000000000000,9,13,3,12
2574,6090243,41,323631.788106864900328,1,21,20,9.682926829268293,5.936406995737092,397.000000000000000,18,5,2,8
2575,6090245,34,268377.580381302628666,2,26,24,9.500000000000000,7.055452626494340,323.000000000000000,19,2,3,7
2576,6090247,3,23680.374739526701887,16,24,8,21.333333333333332,3.771236166328257,64.000000000000000,2,24,16,24
2577,6090249,10,78934.582465089013567,9,38,29,23.300000000000001,11.135977729862788,233.000000000000000,8,9,10,26
2578,6090251,10,78934.582465089013567,11,34,23,21.399999999999999,6.814690014960332,214.000000000000000,7,19,11,19
2579,6090253,8,63147.665972071205033,5,16,11,9.625000000000000,3.998046397929869,77.000000000000000,7,5,6,9
2580,6090255,4,31573.832986035602516,14,29,15,19.250000000000000,5.931905258852336,77.000000000000000,4,14,14,15
2581,6090257,4,31573.832986035602516,2,12,10,5.750000000000000,3.897114317029974,23.000000000000000,4,2,2,3
2582,6090261,6,47360.749479053403775,7,17,10,11.166666666666666,3.023059524536177,67.000000000000000,5,10,7,10
2583,6090263,4,31573.832986035602516,4,10,6,7.500000000000000,2.179449471770337,30.000000000000000,3,8,4,8
2584,6090265,2,15786.916493017801258,4,11,7,7.500000000000000,3.500000000000000,15.000000000000000,2,4,4,4
2585,6090267,14,110508.415451124601532,2,31,29,15.142857142857142,9.905677613348409,212.000000000000000,12,4,2,15
2586,6090269,4,31573.832986035602516,9,23,14,17.000000000000000,5.099019513592784,68.000000000000000,4,9,9,17
2587,6090271,19,149975.706683669122867,1,24,23,12.736842105263158,5.865529143475803,242.000000000000000,13,14,1,13
2588,6090273,6,47360.749479053403775,3,8,5,5.166666666666667,1.771690968789107,31.000000000000000,5,4,3,4
2589,6090275,2,15786.916493017801258,13,14,1,13.500000000000000,0.500000000000000,27.000000000000000,2,13,13,13
2590,6090277,2,15786.916493017801258,4,9,5,6.500000000000000,2.500000000000000,13.000000000000000,2,4,4,4
2591,6090279,3,23680.374739526701887,13,17,4,14.333333333333334,1.885618083164123,43.000000000000000,2,13,17,13
2592,6090281,4,31573.832986035602516,9,17,8,12.000000000000000,3.316624790355400,48.000000000000000,3,9,13,9
2593,6090285,6,47360.749479053403775,3,22,19,11.833333333333334,7.840422324226050,71.000000000000000,5,5,3,5
2594,6090287,18,142082.248437160218600,1,13,12,5.722222222222222,3.955383891406125,103.000000000000000,10,2,8,4
2595,6090289,13,102614.957204615711817,3,25,22,8.461538461538462,6.209364944803251,110.000000000000000,9,3,5,6
2596,6090291,11,86828.040711597903282,4,13,9,9.090909090909092,3.287843876368204,100.000000000000000,7,13,4,10
2597,6090295,28,221016.830902249203064,1,20,19,7.535714285714286,5.728887593697793,211.000000000000000,14,8,6,5
2598,6090297,6,47360.749479053403775,1,18,17,8.333333333333334,6.018490028422596,50.000000000000000,5,1,8,8
2599,6090299,4,31573.832986035602516,4,17,13,11.000000000000000,5.612486080160912,44.000000000000000,4,4,4,7
2600,6090301,4,31573.832986035602516,4,10,6,7.000000000000000,2.236067977499790,28.000000000000000,4,4,4,6
2601,6090303,2,15786.916493017801258,3,7,4,5.000000000000000,2.000000000000000,10.000000000000000,2,3,3,3
2602,6090305,3,23680.374739526701887,4,19,15,11.333333333333334,6.128258770283411,34.000000000000000,3,4,4,11
2603,6090307,2,15786.916493017801258,7,12,5,9.500000000000000,2.500000000000000,19.000000000000000,2,7,7,7
2604,6776475,17,134188.790190651314333,1,20,19,6.882352941176471,4.156955233895236,117.000000000000000,10,9,1,7
2605,6776485,5,39467.291232544506784,2,9,7,6.400000000000000,2.416609194718914,32.000000000000000,5,2,2,7
2606,6776487,11,86828.040711597903282,1,11,10,6.272727272727272,3.193485103681872,69.000000000000000,8,4,1,6
2607,6776489,1,7893.458246508900629,9,9,0,9.000000000000000,0.000000000000000,9.000000000000000,1,9,9,9
2608,6776513,3,23680.374739526701887,4,8,4,5.666666666666667,1.699673171197594,17.000000000000000,3,4,4,5
2609,6776537,13,102614.957204615711817,1,11,10,4.846153846153846,2.412982637132020,63.000000000000000,8,5,1,5
2610,6776543,19,149975.706683669122867,1,16,15,9.421052631578947,4.082256722034804,179.000000000000000,11,7,1,10
2611,6777017,19,149975.706683669122867,1,14,13,5.263157894736842,3.159648635748133,100.000000000000000,10,4,3,5
2612,6777019,10,78934.582465089013567,2,6,4,4.200000000000000,1.661324772583615,42.000000000000000,4,2,3,5
2613,6777021,27,213123.372655740327900,1,16,15,6.037037037037037,4.122939274096518,163.000000000000000,12,5,7,5
2614,6777137,6,47360.749479053403775,1,9,8,4.166666666666667,3.387066905483596,25.000000000000000,4,1,5,1
2615,6777139,1,7893.458246508900629,5,5,0,5.000000000000000,0.000000000000000,5.000000000000000,1,5,5,5
2616,6777143,2,15786.916493017801258,1,1,0,1.000000000000000,0.000000000000000,2.000000000000000,1,1,1,1
2617,6777147,2,15786.916493017801258,1,2,1,1.500000000000000,0.500000000000000,3.000000000000000,2,1,1,1
2618,9325926,1,7893.458246508900629,4,4,0,4.000000000000000,0.000000000000000,4.000000000000000,1,4,4,4
2619,9325928,11,86828.040711597903282,9,22,13,13.909090909090908,4.737750625743776,153.000000000000000,8,9,14,11
2620,9325930,37,292057.955120829341467,2,21,19,7.972972972972973,5.435053824972722,295.000000000000000,14,2,11,6
2621,9325932,18,142082.248437160218600,2,14,12,4.888888888888889,3.034777840832813,88.000000000000000,8,5,6,4
2622,9325934,1,7893.458246508900629,5,5,0,5.000000000000000,0.000000000000000,5.000000000000000,1,5,5,5
2623,9325936,27,213123.372655740327900,1,26,25,10.185185185185185,7.190719518096131,275.000000000000000,17,4,1,8
2624,9325938,12,94721.498958106807549,2,14,12,7.333333333333333,3.399346342395191,88.000000000000000,8,8,2,7
2625,9325940,11,86828.040711597903282,9,18,9,13.090909090909092,2.609581835346784,144.000000000000000,8,11,9,13
2626,9325942,7,55254.207725562300766,12,19,7,15.571428571428571,2.381904571504726,109.000000000000000,4,15,12,15
2627,9325960,66,520968.244269587448798,1,33,32,11.409090909090908,7.192119577846198,753.000000000000000,24,10,1,10
2628,9325962,21,165762.623176686902298,2,20,18,6.666666666666667,5.668067053853909,140.000000000000000,8,3,18,4
2629,9325964,5,39467.291232544506784,11,28,17,20.000000000000000,5.440588203494177,100.000000000000000,4,21,11,21
2630,9325974,19,149975.706683669122867,3,20,17,9.210526315789474,4.419799321098319,175.000000000000000,11,8,6,8
2631,9325980,34,268377.580381302628666,1,18,17,4.735294117647059,3.844850058496214,161.000000000000000,11,1,6,3
2632,9325984,26,205229.914409231423633,3,35,32,17.269230769230770,9.601913640630713,449.000000000000000,17,7,3,16
2633,9325986,4,31573.832986035602516,1,7,6,5.500000000000000,2.598076211353316,22.000000000000000,2,7,1,7
2634,9325988,4,31573.832986035602516,6,17,11,13.750000000000000,4.548351349665063,55.000000000000000,3,17,6,15
2635,9326014,21,165762.623176686902298,9,37,28,19.333333333333332,7.357104330304426,406.000000000000000,15,16,9,16
2636,9326020,4,31573.832986035602516,8,12,4,9.500000000000000,1.500000000000000,38.000000000000000,3,9,8,9
2637,9326024,5,39467.291232544506784,2,27,25,14.800000000000001,10.961751684835777,74.000000000000000,4,27,2,15
2638,9326026,2,15786.916493017801258,6,6,0,6.000000000000000,0.000000000000000,12.000000000000000,1,6,6,6
2639,9326028,12,94721.498958106807549,2,13,11,7.500000000000000,3.175426480542942,90.000000000000000,8,10,2,7
2640,9326030,10,78934.582465089013567,7,25,18,16.199999999999999,6.554387843269575,162.000000000000000,7,7,16,16
2641,9326114,7,55254.207725562300766,3,10,7,5.714285714285714,2.185294077254050,40.000000000000000,5,4,3,6
2642,9326116,41,323631.788106864900328,1,26,25,6.170731707317073,5.001962731960472,253.000000000000000,14,4,5,5
2643,9326118,7,55254.207725562300766,3,13,10,7.000000000000000,2.976095236571380,49.000000000000000,6,6,3,6
2644,9326120,17,134188.790190651314333,1,19,18,8.823529411764707,5.659300456849738,150.000000000000000,11,16,1,7
2645,9326122,16,126295.331944142410066,1,16,15,4.437500000000000,3.499441919792355,71.000000000000000,8,2,5,3
2646,9326126,38,299951.413367338245735,1,28,27,11.236842105263158,7.925422819623323,427.000000000000000,21,5,2,8
2647,9326128,22,173656.081423195806565,1,12,11,5.318181818181818,3.020932481511502,117.000000000000000,10,3,1,4
2648,9326130,5,39467.291232544506784,2,8,6,4.200000000000000,2.400000000000000,21.000000000000000,4,2,3,3
2649,9326132,20,157869.164930178027134,1,19,18,7.650000000000000,4.339066719929528,153.000000000000000,12,10,1,8
2650,9326134,20,157869.164930178027134,1,19,18,10.000000000000000,5.522680508593631,200.000000000000000,12,16,1,10
2651,9326136,46,363099.079339409421664,1,21,20,6.630434782608695,3.772663086930216,305.000000000000000,14,5,1,6
2652,9326138,10,78934.582465089013567,6,12,6,9.699999999999999,1.615549442140352,97.000000000000000,4,10,6,10
2653,9326142,31,244697.205641775915865,2,27,25,10.967741935483870,7.592372534827060,340.000000000000000,14,5,7,7
2654,9326144,9,71041.124218580109300,1,21,20,8.222222222222221,6.579053930261095,74.000000000000000,9,1,1,5
2655,9326146,15,118401.873697633505799,4,31,27,14.866666666666667,9.478865379827317,223.000000000000000,11,12,5,12
2656,9326148,49,386779.454078936134465,1,18,17,5.959183673469388,5.302903262089587,292.000000000000000,12,2,6,3
2657,9326150,8,63147.665972071205033,6,18,12,11.625000000000000,4.299345880479960,93.000000000000000,7,11,6,11
2658,9326152,12,94721.498958106807549,4,12,8,9.000000000000000,2.449489742783178,108.000000000000000,6,11,4,10
2659,9326156,27,213123.372655740327900,2,29,27,10.333333333333334,6.944222218666553,279.000000000000000,14,5,2,8
2660,9326158,27,213123.372655740327900,1,23,22,6.555555555555555,4.886362983843560,177.000000000000000,11,5,14,5
2661,9326188,28,221016.830902249203064,1,26,25,8.500000000000000,5.979130371550699,238.000000000000000,11,9,4,8
2662,9326190,52,410459.828818462847266,1,28,27,7.519230769230769,4.465639693237967,391.000000000000000,16,5,1,6
2663,9326192,22,173656.081423195806565,1,14,13,7.045454545454546,2.976838969096899,155.000000000000000,11,8,1,7
2664,9326194,44,347312.162846391613130,1,21,20,9.022727272727273,5.310746550685678,397.000000000000000,19,10,1,9
2665,9326196,22,173656.081423195806565,1,22,21,8.181818181818182,5.637829721350419,180.000000000000000,13,5,1,5
2666,9326198,49,386779.454078936134465,2,21,19,8.204081632653061,5.213716571039514,402.000000000000000,15,4,9,6
2667,9326202,1,7893.458246508900629,10,10,0,10.000000000000000,0.000000000000000,10.000000000000000,1,10,10,10
2668,9326204,3,23680.374739526701887,3,11,8,7.666666666666667,3.399346342395190,23.000000000000000,3,3,3,9
2669,9326206,98,773558.908157872268930,1,25,24,6.530612244897959,6.179630927544653,640.000000000000000,22,1,11,4
2670,9326210,5,39467.291232544506784,2,15,13,9.199999999999999,4.400000000000000,46.000000000000000,4,11,2,11
2671,9326214,74,584115.910241658682935,1,10,9,3.337837837837838,1.897915122322722,247.000000000000000,10,2,7,3
2672,9326218,8,63147.665972071205033,1,5,4,3.125000000000000,1.363589014329464,25.000000000000000,5,2,1,3
2673,9326220,80,631476.659720712108538,1,22,21,7.162500000000000,5.719361306125012,573.000000000000000,20,2,7,5
2674,9326222,10,78934.582465089013567,2,20,18,9.600000000000000,5.351635264103861,96.000000000000000,9,5,2,8
2675,9326224,210,1657626.231766869081184,1,38,37,6.395238095238096,7.131484597358272,1343.000000000000000,24,3,13,4
2676,9326228,14,110508.415451124601532,2,11,9,6.000000000000000,3.401680257083045,84.000000000000000,6,2,3,5
2677,9326234,3,23680.374739526701887,1,12,11,7.333333333333333,4.642796092394707,22.000000000000000,3,1,1,9
2678,9326236,8,63147.665972071205033,2,18,16,8.000000000000000,4.821825380496477,64.000000000000000,7,10,2,8
2679,9326238,10,78934.582465089013567,2,13,11,8.400000000000000,4.004996878900157,84.000000000000000,8,2,5,9
2680,9326240,11,86828.040711597903282,4,19,15,9.363636363636363,4.140108195176619,103.000000000000000,8,8,4,8
2681,9326242,28,221016.830902249203064,3,22,19,12.107142857142858,5.232721810971841,339.000000000000000,16,11,3,11
2682,9326304,7,55254.207725562300766,9,20,11,12.428571428571429,3.539860483818249,87.000000000000000,5,11,9,11
2683,9326306,3,23680.374739526701887,4,13,9,9.666666666666666,4.027681991198191,29.000000000000000,3,4,4,12
2684,9326308,3,23680.374739526701887,6,11,5,9.000000000000000,2.160246899469287,27.000000000000000,3,6,6,10
2685,9326310,5,39467.291232544506784,5,13,8,8.400000000000000,2.576819745345025,42.000000000000000,3,8,5,8
2686,9326312,9,71041.124218580109300,3,16,13,9.666666666666666,3.915780041490244,87.000000000000000,7,10,3,10
2687,9326314,16,126295.331944142410066,4,18,14,10.687500000000000,4.592367989392836,171.000000000000000,9,16,4,10
2688,9326316,6,47360.749479053403775,3,15,12,7.833333333333333,5.145116346811045,47.000000000000000,4,4,3,4
2689,9326318,7,55254.207725562300766,1,5,4,3.142857142857143,1.456862718169367,22.000000000000000,5,2,1,3
2690,9326322,20,157869.164930178027134,1,22,21,9.449999999999999,5.454126877878805,189.000000000000000,12,9,1,9
2691,9326326,1,7893.458246508900629,19,19,0,19.000000000000000,0.000000000000000,19.000000000000000,1,19,19,19
2692,9326328,13,102614.957204615711817,13,30,17,25.153846153846153,4.239850393698675,327.000000000000000,8,26,13,26
2693,9326332,6,47360.749479053403775,6,17,11,13.000000000000000,4.123105625617661,78.000000000000000,5,17,6,14
2694,9326334,1,7893.458246508900629,4,4,0,4.000000000000000,0.000000000000000,4.000000000000000,1,4,4,4
2695,9326336,2,15786.916493017801258,4,9,5,6.500000000000000,2.500000000000000,13.000000000000000,2,4,4,4
2696,9326338,39,307844.871613847150002,1,14,13,7.923076923076923,3.091631511732801,309.000000000000000,13,6,1,8
2697,9326340,28,221016.830902249203064,2,15,13,7.714285714285714,3.441938229473360,216.000000000000000,12,7,5,8
2698,9326342,13,102614.957204615711817,1,9,8,3.307692307692307,2.553568103491974,43.000000000000000,6,2,3,2
2699,9326344,12,94721.498958106807549,2,13,11,6.166666666666667,3.847798793538398,74.000000000000000,8,2,5,4
2700,9326346,6,47360.749479053403775,2,12,10,6.166666666666667,3.435921354681383,37.000000000000000,6,2,2,5
2701,9326348,4,31573.832986035602516,2,4,2,3.000000000000000,0.707106781186548,12.000000000000000,3,3,2,3
2702,9326350,15,118401.873697633505799,1,36,35,19.199999999999999,12.144683336066583,288.000000000000000,12,36,1,20
2703,9326352,19,149975.706683669122867,2,24,22,8.684210526315789,6.529710492324558,165.000000000000000,11,4,2,7
2704,9326354,32,252590.663888284820132,1,16,15,7.437500000000000,4.872996383130199,238.000000000000000,14,2,5,6
2705,9326356,20,157869.164930178027134,1,32,31,9.699999999999999,8.331266410336426,194.000000000000000,13,1,3,8
2706,9326358,18,142082.248437160218600,1,8,7,2.888888888888889,1.882341594010824,52.000000000000000,6,2,7,2
2707,9326360,20,157869.164930178027134,2,26,24,11.850000000000000,7.545031477734206,237.000000000000000,13,2,3,8
2708,9326362,2,15786.916493017801258,10,10,0,10.000000000000000,0.000000000000000,20.000000000000000,1,10,10,10
2709,9326364,13,102614.957204615711817,8,32,24,14.307692307692308,5.796346533472153,186.000000000000000,8,11,8,12
2710,9326366,29,228910.289148758107331,2,25,23,10.413793103448276,5.242513488903176,302.000000000000000,14,4,2,10
2711,9326368,8,63147.665972071205033,5,23,18,11.750000000000000,6.887488656977955,94.000000000000000,7,5,6,8
2712,9326370,7,55254.207725562300766,5,16,11,12.428571428571429,3.811904018321811,87.000000000000000,6,16,5,14
2713,9326372,17,134188.790190651314333,1,10,9,5.058823529411764,2.338189048747269,86.000000000000000,8,6,1,6
2714,9326374,8,63147.665972071205033,10,17,7,13.500000000000000,2.500000000000000,108.000000000000000,6,12,10,12
2715,9326376,1,7893.458246508900629,4,4,0,4.000000000000000,0.000000000000000,4.000000000000000,1,4,4,4
2716,9326378,19,149975.706683669122867,2,17,15,9.631578947368421,4.415409932876704,183.000000000000000,10,2,9,10
2717,9326430,23,181549.539669704710832,1,20,19,8.695652173913043,5.111238959890643,200.000000000000000,14,3,1,9
2718,9326432,4,31573.832986035602516,4,14,10,10.000000000000000,4.242640687119285,40.000000000000000,3,14,4,8
2719,9326434,44,347312.162846391613130,1,17,16,9.909090909090908,4.072179346259099,436.000000000000000,16,10,2,10
2720,9326436,7,55254.207725562300766,5,16,11,8.714285714285714,4.494895063586364,61.000000000000000,5,5,6,6
2721,9326438,8,63147.665972071205033,1,3,2,1.875000000000000,0.780624749799800,15.000000000000000,3,1,3,2
2722,9326710,23,181549.539669704710832,3,26,23,13.347826086956522,5.537294078237555,307.000000000000000,14,8,3,13
2723,9326712,3,23680.374739526701887,11,20,9,14.333333333333334,4.027681991198190,43.000000000000000,3,11,11,12
2724,9326714,22,173656.081423195806565,2,18,16,9.727272727272727,4.080795579538808,214.000000000000000,12,9,2,9
2725,9326716,25,197336.456162722519366,2,29,27,11.720000000000001,6.826536457091546,293.000000000000000,16,3,8,11
2726,9326718,22,173656.081423195806565,9,27,18,14.545454545454545,3.822508371205210,320.000000000000000,11,14,9,14
2727,9326720,18,142082.248437160218600,2,36,34,16.944444444444443,7.996334036587729,305.000000000000000,14,17,2,17
2728,9326722,44,347312.162846391613130,1,13,12,5.568181818181818,3.601752901982887,245.000000000000000,12,1,8,5
2729,9326724,30,236803.747395267011598,1,15,14,6.566666666666666,4.005690396867381,197.000000000000000,12,3,5,6
2730,9326726,23,181549.539669704710832,1,28,27,12.869565217391305,7.243013712333496,296.000000000000000,16,15,1,14
2731,9326728,10,78934.582465089013567,2,12,10,6.500000000000000,3.263433774416144,65.000000000000000,8,2,3,7
2732,9326730,14,110508.415451124601532,5,14,9,8.214285714285714,2.623481096029566,115.000000000000000,8,7,5,7
2733,9326732,51,402566.370571953942999,2,23,21,9.686274509803921,5.244942273662899,494.000000000000000,18,5,2,9
2734,9326734,9,71041.124218580109300,6,25,19,12.111111111111111,6.590303389483075,109.000000000000000,7,8,6,8
2735,9326736,13,102614.957204615711817,4,13,9,8.923076923076923,3.245388170727536,116.000000000000000,8,11,5,11
2736,9326738,18,142082.248437160218600,2,28,26,11.333333333333334,7.542472332656507,204.000000000000000,13,2,3,10
2737,9326740,11,86828.040711597903282,7,15,8,10.181818181818182,2.587318085592312,112.000000000000000,5,11,14,11
2738,9326742,24,189442.997916213615099,3,59,56,24.333333333333332,14.755413319260910,584.000000000000000,19,13,3,25
2739,9326744,14,110508.415451124601532,4,30,26,13.642857142857142,6.693356438152930,191.000000000000000,12,11,4,12
2740,9326746,42,331525.246353373804595,1,27,26,8.952380952380953,7.257024121013415,376.000000000000000,19,2,9,6
2741,9326748,13,102614.957204615711817,11,35,24,19.461538461538460,6.392488195174381,253.000000000000000,11,15,11,18
2742,9326750,11,86828.040711597903282,1,29,28,17.363636363636363,9.207435012213349,191.000000000000000,10,29,1,19
2743,9326752,6,47360.749479053403775,6,26,20,16.166666666666668,8.050189783822214,97.000000000000000,5,26,6,14
2744,9326754,16,126295.331944142410066,11,35,24,21.000000000000000,6.244997998398398,336.000000000000000,12,14,11,21
2745,9326756,19,149975.706683669122867,1,21,20,7.526315789473684,4.476469721045246,143.000000000000000,12,8,1,8
2746,9326758,5,39467.291232544506784,1,7,6,4.600000000000000,2.332380757938120,23.000000000000000,4,7,1,5
2747,9326760,12,94721.498958106807549,2,7,5,5.000000000000000,1.354006400772660,60.000000000000000,5,6,2,5
2748,9326762,8,63147.665972071205033,1,7,6,3.375000000000000,1.866648065383510,27.000000000000000,5,2,1,2
2749,9326764,9,71041.124218580109300,5,19,14,10.222222222222221,5.006169033808361,92.000000000000000,7,5,6,9
2750,9326766,13,102614.957204615711817,1,11,10,5.307692307692307,2.838868013422452,69.000000000000000,8,7,1,5
2751,9326768,9,71041.124218580109300,2,29,27,11.111111111111111,9.456854591534762,100.000000000000000,8,2,3,7
2752,9326770,52,410459.828818462847266,1,24,23,8.903846153846153,5.620223152511267,463.000000000000000,20,7,4,7
2753,9326772,6,47360.749479053403775,2,20,18,9.333333333333334,7.340905181848413,56.000000000000000,5,4,2,4
2754,9326774,22,173656.081423195806565,1,16,15,8.090909090909092,4.511692797700930,178.000000000000000,12,9,1,9
2755,9326776,18,142082.248437160218600,3,19,16,11.055555555555555,4.196191689062598,199.000000000000000,11,10,3,10
2756,9326778,17,134188.790190651314333,2,30,28,15.176470588235293,7.845832870104075,258.000000000000000,12,2,9,17
2757,9326780,11,86828.040711597903282,2,24,22,10.363636363636363,7.125788342641973,114.000000000000000,10,5,2,7
2758,9326782,6,47360.749479053403775,2,9,7,6.000000000000000,2.309401076758503,36.000000000000000,5,5,2,5
2759,9326784,39,307844.871613847150002,2,28,26,8.692307692307692,4.987953931036849,339.000000000000000,14,9,5,9
2760,9326786,29,228910.289148758107331,2,32,30,11.655172413793103,6.143546443326360,338.000000000000000,16,12,2,11
2761,9326788,2,15786.916493017801258,1,4,3,2.500000000000000,1.500000000000000,5.000000000000000,2,1,1,1
2762,9326794,3,23680.374739526701887,6,12,6,9.666666666666666,2.624669291337272,29.000000000000000,3,6,6,11
2763,9326796,10,78934.582465089013567,1,15,14,5.500000000000000,3.956008088970496,55.000000000000000,8,3,1,4
2764,9326798,18,142082.248437160218600,2,25,23,12.388888888888889,7.357074364846161,223.000000000000000,12,5,4,12
2765,9326800,11,86828.040711597903282,6,24,18,12.000000000000000,6.237715199421252,132.000000000000000,7,6,7,9
2766,9326802,7,55254.207725562300766,3,13,10,8.142857142857142,3.136356914300022,57.000000000000000,6,7,3,7
2767,9326804,13,102614.957204615711817,4,13,9,8.923076923076923,3.384615384615384,116.000000000000000,7,11,7,11
2768,9326806,19,149975.706683669122867,6,55,49,20.842105263157894,11.895435470866598,396.000000000000000,15,11,6,19
2769,9326808,1,7893.458246508900629,4,4,0,4.000000000000000,0.000000000000000,4.000000000000000,1,4,4,4
2770,9326810,6,47360.749479053403775,2,8,6,5.666666666666667,2.054804667656325,34.000000000000000,5,7,2,6
2771,9326812,23,181549.539669704710832,4,24,20,11.913043478260869,5.266077192570353,274.000000000000000,13,6,9,13
2772,9326814,15,118401.873697633505799,6,27,21,14.266666666666667,5.697562831792396,214.000000000000000,10,15,6,13
2773,9326816,38,299951.413367338245735,2,21,19,10.000000000000000,4.729526514634586,380.000000000000000,14,4,2,9
2774,9326818,19,149975.706683669122867,6,24,18,12.578947368421053,6.302178315752871,239.000000000000000,10,7,12,9
2775,9326820,12,94721.498958106807549,6,27,21,17.833333333333332,6.039223643997815,214.000000000000000,8,13,6,16
2776,9326822,8,63147.665972071205033,2,32,30,21.750000000000000,8.699856320652657,174.000000000000000,7,20,2,21
2777,9326824,4,31573.832986035602516,2,17,15,9.750000000000000,5.309190145398825,39.000000000000000,3,10,2,10
2778,9326826,3,23680.374739526701887,12,22,10,18.000000000000000,4.320493798938574,54.000000000000000,3,12,12,20
2779,9326828,36,284164.496874320437200,1,18,17,7.777777777777778,3.823255674241167,280.000000000000000,14,5,3,7
2780,9326830,29,228910.289148758107331,4,26,22,11.586206896551724,6.408600048207367,336.000000000000000,17,9,10,9
2781,9326832,8,63147.665972071205033,6,19,13,10.750000000000000,3.631459761583487,86.000000000000000,5,10,6,10
2782,9326834,8,63147.665972071205033,1,33,32,9.375000000000000,10.331232985466933,75.000000000000000,6,3,1,4
2783,9326836,16,126295.331944142410066,1,24,23,11.250000000000000,5.651327277728657,180.000000000000000,11,12,1,12
2784,9326838,9,71041.124218580109300,1,29,28,14.000000000000000,9.237604307034012,126.000000000000000,8,14,1,14
2785,9326840,9,71041.124218580109300,7,17,10,12.333333333333334,2.828427124746190,111.000000000000000,7,11,7,12
2786,9326842,22,173656.081423195806565,1,35,34,13.590909090909092,11.019235623173154,299.000000000000000,17,2,1,9
2787,9326844,14,110508.415451124601532,9,19,10,13.214285714285714,3.320468371191277,185.000000000000000,8,9,10,13
2788,9326846,3,23680.374739526701887,6,15,9,11.666666666666666,4.027681991198191,35.000000000000000,3,6,6,14
2789,9326848,11,86828.040711597903282,6,20,14,11.090909090909092,4.187742838647642,122.000000000000000,9,9,6,10
2790,9326850,6,47360.749479053403775,4,27,23,12.166666666666666,8.029459646963938,73.000000000000000,5,6,4,6
2791,9326852,1,7893.458246508900629,5,5,0,5.000000000000000,0.000000000000000,5.000000000000000,1,5,5,5
2792,9326854,23,181549.539669704710832,5,18,13,9.260869565217391,3.403545354918422,213.000000000000000,11,7,5,8
2793,9326856,22,173656.081423195806565,2,23,21,10.363636363636363,6.153679273007436,228.000000000000000,16,8,2,8
2794,9326858,19,149975.706683669122867,2,17,15,8.263157894736842,4.654845865085205,157.000000000000000,10,11,7,8
2795,9326860,8,63147.665972071205033,4,22,18,11.250000000000000,5.889609494694874,90.000000000000000,8,4,4,9
2796,9326862,29,228910.289148758107331,1,13,12,5.517241379310345,3.091932658132399,160.000000000000000,10,3,10,5
2797,9326864,14,110508.415451124601532,1,8,7,4.071428571428571,1.944379655545172,57.000000000000000,8,4,2,4
2798,9326866,36,284164.496874320437200,2,25,23,11.638888888888889,5.385952808400849,419.000000000000000,16,8,2,11
2799,9326868,28,221016.830902249203064,1,25,24,10.607142857142858,6.189503128651913,297.000000000000000,16,7,1,10
2800,9326870,5,39467.291232544506784,4,15,11,9.400000000000000,4.223742416388575,47.000000000000000,5,4,4,11
2801,9326874,29,228910.289148758107331,4,24,20,9.517241379310345,5.203584239900034,276.000000000000000,13,7,9,7
2802,9326876,13,102614.957204615711817,1,12,11,6.384615384615385,3.340623192401302,83.000000000000000,8,3,1,6
2803,9326878,5,39467.291232544506784,2,22,20,10.800000000000001,7.222188034107115,54.000000000000000,5,2,2,8
2804,9326880,27,213123.372655740327900,5,19,14,10.666666666666666,3.410224278493957,288.000000000000000,11,9,12,10
2805,9326882,1,7893.458246508900629,8,8,0,8.000000000000000,0.000000000000000,8.000000000000000,1,8,8,8
2806,9326884,16,126295.331944142410066,2,27,25,10.812500000000000,7.273399738086722,173.000000000000000,11,10,2,10
2807,9326886,16,126295.331944142410066,10,26,16,15.375000000000000,4.484347778663024,246.000000000000000,7,10,26,17
2808,9326888,31,244697.205641775915865,3,13,10,7.548387096774194,2.982083161011500,234.000000000000000,11,6,5,7
2809,9326890,10,78934.582465089013567,1,17,16,10.000000000000000,4.626013402488151,100.000000000000000,7,14,1,9
2810,9326892,3,23680.374739526701887,3,7,4,5.000000000000000,1.632993161855452,15.000000000000000,3,3,3,5
2811,9326894,42,331525.246353373804595,1,15,14,7.642857142857143,3.577851367533769,321.000000000000000,15,9,5,8
2812,9326896,7,55254.207725562300766,2,7,5,4.571428571428571,1.399708424447531,32.000000000000000,4,5,2,5
2813,9326898,14,110508.415451124601532,2,14,12,6.428571428571429,3.539860483818248,90.000000000000000,7,5,3,5
2814,9326900,6,47360.749479053403775,4,6,2,4.666666666666667,0.745355992499928,28.000000000000000,3,4,6,4
2815,9326902,15,118401.873697633505799,1,10,9,4.400000000000000,2.332380757938119,66.000000000000000,8,3,2,4
2816,9326904,13,102614.957204615711817,2,21,19,10.307692307692308,5.743017370747721,134.000000000000000,11,2,5,11
2817,9326906,28,221016.830902249203064,1,18,17,8.785714285714286,4.805927462572670,246.000000000000000,16,8,2,8
2818,9326908,23,181549.539669704710832,1,19,18,7.000000000000000,4.625073442425113,161.000000000000000,14,3,1,6
2819,9326910,36,284164.496874320437200,1,17,16,8.416666666666666,4.290655220618667,303.000000000000000,16,6,1,8
2820,9326912,23,181549.539669704710832,2,20,18,8.521739130434783,5.046475870798925,196.000000000000000,12,12,2,7
2821,9326914,11,86828.040711597903282,2,9,7,5.000000000000000,2.132007163556104,55.000000000000000,7,2,3,5
2822,9326916,17,134188.790190651314333,1,22,21,9.117647058823529,6.229742256411166,155.000000000000000,13,11,2,9
2823,9326918,13,102614.957204615711817,3,16,13,8.153846153846153,4.148144234680850,106.000000000000000,10,4,3,7
2824,9326920,25,197336.456162722519366,2,23,21,10.199999999999999,4.481071300481616,255.000000000000000,13,11,10,10
2825,9326922,15,118401.873697633505799,3,27,24,10.266666666666667,5.744175794276804,154.000000000000000,9,8,3,9
2826,9326924,43,339418.704599882708862,1,25,24,8.860465116279070,4.991068279874011,381.000000000000000,17,6,1,8
2827,9326926,43,339418.704599882708862,1,21,20,8.604651162790697,4.965647267505955,370.000000000000000,18,4,1,7
2828,9326928,7,55254.207725562300766,6,29,23,14.142857142857142,8.407965125464091,99.000000000000000,6,8,6,11
2829,9326930,14,110508.415451124601532,5,16,11,11.642857142857142,2.868726518289030,163.000000000000000,9,14,5,12
2830,9326932,11,86828.040711597903282,1,9,8,4.363636363636363,2.307014098263549,48.000000000000000,7,4,1,4
2831,9326934,4,31573.832986035602516,6,16,10,9.750000000000000,3.766629793329841,39.000000000000000,4,6,6,8
2832,9326936,7,55254.207725562300766,3,9,6,6.857142857142857,2.294625486315574,48.000000000000000,4,9,3,8
2833,9326938,3,23680.374739526701887,3,4,1,3.333333333333333,0.471404520791031,10.000000000000000,2,3,4,3
2834,9326940,3,23680.374739526701887,5,14,9,10.333333333333334,3.858612300930074,31.000000000000000,3,5,5,12
2835,9326942,15,118401.873697633505799,2,20,18,11.733333333333333,5.579326920775380,176.000000000000000,11,2,6,12
2836,9326944,7,55254.207725562300766,4,13,9,8.000000000000000,2.672612419124244,56.000000000000000,6,8,4,8
2837,9326946,14,110508.415451124601532,3,18,15,6.714285714285714,3.594213035831179,94.000000000000000,7,8,5,6
2838,9326948,2,15786.916493017801258,9,21,12,15.000000000000000,6.000000000000000,30.000000000000000,2,9,9,9
2839,9326950,18,142082.248437160218600,4,19,15,11.611111111111111,5.396901259970998,209.000000000000000,11,19,4,9
2840,9326952,1,7893.458246508900629,5,5,0,5.000000000000000,0.000000000000000,5.000000000000000,1,5,5,5
2841,9326956,25,197336.456162722519366,3,20,17,11.160000000000000,4.618917622127505,279.000000000000000,14,9,3,11
2842,9326958,15,118401.873697633505799,4,20,16,11.266666666666667,4.265624872812370,169.000000000000000,9,11,4,11
2843,9326960,9,71041.124218580109300,1,20,19,10.555555555555555,5.659036256998598,95.000000000000000,9,1,1,10
2844,9326962,3,23680.374739526701887,8,18,10,11.666666666666666,4.496912521077348,35.000000000000000,3,8,8,9
2845,9326964,17,134188.790190651314333,5,38,33,16.000000000000000,7.600309591217514,272.000000000000000,11,16,5,16
2846,9326966,16,126295.331944142410066,2,12,10,5.312500000000000,2.799972098075265,85.000000000000000,7,3,4,5
2847,9326968,12,94721.498958106807549,4,25,21,10.250000000000000,5.584576975922169,123.000000000000000,7,7,4,8
2848,9326974,17,134188.790190651314333,1,14,13,7.647058823529412,4.200016477146786,130.000000000000000,9,3,1,9
2849,9326976,6,47360.749479053403775,7,15,8,10.000000000000000,2.943920288775949,60.000000000000000,5,7,8,8
2850,9326978,23,181549.539669704710832,3,21,18,10.608695652173912,4.498687059042727,244.000000000000000,14,8,3,10
2851,9326980,14,110508.415451124601532,1,30,29,7.571428571428571,8.466018508588030,106.000000000000000,9,2,1,3
2852,9326982,43,339418.704599882708862,1,26,25,9.511627906976743,6.858612284288853,409.000000000000000,20,4,3,9
2853,9326984,14,110508.415451124601532,3,12,9,7.214285714285714,2.756254483082106,101.000000000000000,8,9,3,7
2854,9326986,29,228910.289148758107331,2,24,22,7.034482758620690,5.492833943645243,204.000000000000000,13,2,7,5
2855,9326988,6,47360.749479053403775,4,8,4,6.000000000000000,1.527525231651947,36.000000000000000,4,5,4,5
2856,9326990,24,189442.997916213615099,1,18,17,7.500000000000000,3.628590176179540,180.000000000000000,10,10,1,7
2857,9326992,24,189442.997916213615099,2,22,20,9.041666666666666,5.263705654975611,217.000000000000000,15,11,7,8
2858,9326994,27,213123.372655740327900,1,15,14,7.444444444444445,3.381138678822874,201.000000000000000,13,7,1,7
2859,9326996,15,118401.873697633505799,1,16,15,8.266666666666667,5.519259209551787,124.000000000000000,9,16,1,6
2860,9326998,27,213123.372655740327900,1,12,11,5.925925925925926,3.017552674380545,160.000000000000000,11,3,1,5
2861,9327000,3,23680.374739526701887,1,4,3,2.000000000000000,1.414213562373095,6.000000000000000,2,1,4,1
2862,9327002,28,221016.830902249203064,2,21,19,8.928571428571429,4.542879604616527,250.000000000000000,14,6,4,7
2863,9327004,14,110508.415451124601532,5,19,14,8.928571428571429,4.131141068834643,125.000000000000000,7,7,12,7
2864,9327006,18,142082.248437160218600,2,12,10,6.777777777777778,2.858817851170802,122.000000000000000,10,4,2,6
2865,9327010,6,47360.749479053403775,4,10,6,6.333333333333333,2.494438257849295,38.000000000000000,4,4,7,4
2866,9327012,9,71041.124218580109300,3,12,9,7.000000000000000,3.265986323710904,63.000000000000000,6,3,6,8
2867,9327014,17,134188.790190651314333,2,19,17,9.647058823529411,5.487324178832395,164.000000000000000,11,4,2,9
2868,9327016,2,15786.916493017801258,4,4,0,4.000000000000000,0.000000000000000,8.000000000000000,1,4,4,4
2869,9327018,13,102614.957204615711817,3,16,13,9.538461538461538,3.855373564966668,124.000000000000000,9,8,3,9
2870,9327020,15,118401.873697633505799,3,13,10,6.866666666666666,3.343982987729188,103.000000000000000,8,3,5,7
2871,9327022,16,126295.331944142410066,2,15,13,6.125000000000000,3.705991770093398,98.000000000000000,8,3,2,4
2872,9327024,38,299951.413367338245735,1,11,10,5.289473684210527,2.187378805506984,201.000000000000000,11,4,1,5
2873,9327026,19,149975.706683669122867,1,9,8,3.578947368421053,2.477600483355751,68.000000000000000,9,1,4,3
2874,9327028,4,31573.832986035602516,8,20,12,13.500000000000000,4.330127018922194,54.000000000000000,4,8,8,12
2875,9327030,13,102614.957204615711817,2,21,19,7.076923076923077,5.283669157253660,92.000000000000000,7,5,4,5
2876,9327032,16,126295.331944142410066,1,14,13,7.625000000000000,4.029190365321550,122.000000000000000,10,11,2,7
2877,9327034,11,86828.040711597903282,3,12,9,5.818181818181818,2.854603357837742,64.000000000000000,6,4,8,4
2878,9327036,11,86828.040711597903282,5,17,12,10.454545454545455,4.228983036222912,115.000000000000000,10,5,6,10
2879,9327040,1,7893.458246508900629,6,6,0,6.000000000000000,0.000000000000000,6.000000000000000,1,6,6,6
2880,9327042,21,165762.623176686902298,2,22,20,9.238095238095237,5.927376050840083,194.000000000000000,14,7,8,7
2881,9327044,1,7893.458246508900629,13,13,0,13.000000000000000,0.000000000000000,13.000000000000000,1,13,13,13
2882,9327046,8,63147.665972071205033,1,6,5,2.625000000000000,1.408678458698081,21.000000000000000,4,2,1,2
2883,9327048,11,86828.040711597903282,1,20,19,9.090909090909092,5.550668189990454,100.000000000000000,9,6,1,7
2884,9327050,7,55254.207725562300766,1,6,5,2.857142857142857,1.641303613296579,20.000000000000000,5,1,2,3
2885,9327052,22,173656.081423195806565,3,20,17,10.318181818181818,4.780513129897663,227.000000000000000,14,7,3,9
2886,9327054,29,228910.289148758107331,1,11,10,5.413793103448276,2.697600995256269,157.000000000000000,11,6,9,5
2887,9327056,2,15786.916493017801258,8,11,3,9.500000000000000,1.500000000000000,19.000000000000000,2,8,8,8
2888,9327058,29,228910.289148758107331,2,24,22,9.413793103448276,6.354565241263141,273.000000000000000,17,4,8,7
2889,9327060,58,457820.578297516214661,1,27,26,9.637931034482758,5.698451924871470,559.000000000000000,22,8,1,9
2890,9327062,3,23680.374739526701887,2,4,2,3.333333333333333,0.942809041582063,10.000000000000000,2,4,2,4
2891,9327064,14,110508.415451124601532,2,19,17,7.857142857142857,5.248906591678240,110.000000000000000,10,2,5,7
2892,9327066,5,39467.291232544506784,2,13,11,9.199999999999999,4.445222154178574,46.000000000000000,4,13,2,12
2893,9327068,41,323631.788106864900328,2,20,18,7.146341463414634,3.605963729710561,293.000000000000000,12,5,3,7
2894,9327070,16,126295.331944142410066,3,23,20,10.937500000000000,5.889277863201905,175.000000000000000,11,5,3,11
2895,9327072,9,71041.124218580109300,3,13,10,8.555555555555555,2.832788618662660,77.000000000000000,6,9,3,9
2896,9327074,14,110508.415451124601532,6,23,17,13.928571428571429,4.802741564004069,195.000000000000000,10,15,6,15
2897,9327076,19,149975.706683669122867,1,12,11,4.526315789473684,2.520827371542747,86.000000000000000,8,3,1,4
2898,9327078,4,31573.832986035602516,4,6,2,5.000000000000000,1.000000000000000,20.000000000000000,2,4,4,4
2899,9327080,1,7893.458246508900629,1,1,0,1.000000000000000,0.000000000000000,1.000000000000000,1,1,1,1
2900,9327082,19,149975.706683669122867,1,8,7,4.578947368421052,1.981912671975025,87.000000000000000,8,4,1,4
2901,9327084,11,86828.040711597903282,7,32,25,20.000000000000000,7.603826787755086,220.000000000000000,10,18,7,19
2902,9327086,12,94721.498958106807549,4,12,8,8.583333333333334,2.691292543659190,103.000000000000000,7,11,4,8
2903,9327088,4,31573.832986035602516,9,13,4,10.500000000000000,1.500000000000000,42.000000000000000,3,10,9,10
2904,9327092,31,244697.205641775915865,1,18,17,6.032258064516129,4.388282572191849,187.000000000000000,13,2,4,5
2905,9327094,1,7893.458246508900629,12,12,0,12.000000000000000,0.000000000000000,12.000000000000000,1,12,12,12
2906,9327096,1,7893.458246508900629,5,5,0,5.000000000000000,0.000000000000000,5.000000000000000,1,5,5,5
2907,9327098,9,71041.124218580109300,1,12,11,6.111111111111111,3.071172213574501,55.000000000000000,7,7,1,7
2908,9327100,27,213123.372655740327900,1,15,14,3.851851851851852,3.123432391453040,104.000000000000000,10,2,5,3
2909,9327102,22,173656.081423195806565,1,25,24,4.272727272727272,5.145004798847644,94.000000000000000,7,4,9,3
2910,9327104,6,47360.749479053403775,1,4,3,1.833333333333333,1.067187372905475,11.000000000000000,3,1,4,1
2911,9327106,1,7893.458246508900629,2,2,0,2.000000000000000,0.000000000000000,2.000000000000000,1,2,2,2
2912,9327108,3,23680.374739526701887,1,2,1,1.666666666666667,0.471404520791031,5.000000000000000,2,2,1,2
2913,9327110,19,149975.706683669122867,1,13,12,5.631578947368421,2.679562539233233,107.000000000000000,9,5,1,5
2914,9327112,3,23680.374739526701887,1,5,4,3.666666666666667,1.885618083164127,11.000000000000000,2,5,1,5
2915,9327114,34,268377.580381302628666,2,15,13,6.911764705882353,3.575798117893514,235.000000000000000,12,5,3,6
2916,9327116,16,126295.331944142410066,1,24,23,7.812500000000000,6.043785547982324,125.000000000000000,11,2,1,7
2917,9327118,3,23680.374739526701887,1,3,2,2.000000000000000,0.816496580927726,6.000000000000000,3,1,1,2
2918,9327120,35,276271.038627811532933,2,32,30,12.971428571428572,7.189220956347333,454.000000000000000,20,5,3,12
2919,9327122,6,47360.749479053403775,2,4,2,2.666666666666667,0.745355992499930,16.000000000000000,3,2,4,2
2920,9327124,41,323631.788106864900328,1,19,18,6.268292682926830,5.468421051124857,257.000000000000000,17,1,6,4
2921,9327128,16,126295.331944142410066,1,20,19,7.312500000000000,5.323517986256832,117.000000000000000,11,8,1,5
2922,9327132,2,15786.916493017801258,2,2,0,2.000000000000000,0.000000000000000,4.000000000000000,1,2,2,2
2923,9327134,24,189442.997916213615099,1,14,13,6.541666666666667,3.475859206329022,157.000000000000000,13,8,1,6
2924,9327136,6,47360.749479053403775,2,12,10,7.333333333333333,3.543381937578217,44.000000000000000,6,2,2,7
2925,9327138,5,39467.291232544506784,5,10,5,7.600000000000000,1.624807680927191,38.000000000000000,4,8,5,8
2926,9327140,20,157869.164930178027134,1,14,13,5.350000000000000,3.863612299390300,107.000000000000000,9,1,3,5
2927,9327142,1,7893.458246508900629,6,6,0,6.000000000000000,0.000000000000000,6.000000000000000,1,6,6,6
2928,9327144,25,197336.456162722519366,1,13,12,6.240000000000000,3.326018640957984,156.000000000000000,11,9,2,6
2929,9327146,1,7893.458246508900629,6,6,0,6.000000000000000,0.000000000000000,6.000000000000000,1,6,6,6
2930,9327148,9,71041.124218580109300,9,18,9,12.555555555555555,3.303570832737445,113.000000000000000,4,13,9,13
2931,9327150,50,394672.912325445038732,2,20,18,8.060000000000000,4.456052064327794,403.000000000000000,17,5,12,7
2932,9327152,21,165762.623176686902298,2,26,24,11.761904761904763,6.538565168836368,247.000000000000000,16,6,2,11
2933,9327154,6,47360.749479053403775,4,14,10,10.833333333333334,3.236081306491264,65.000000000000000,5,11,4,11
2934,9327156,56,442033.661804498406127,2,21,19,8.553571428571429,4.362664826428349,479.000000000000000,17,8,10,8
2935,9327158,5,39467.291232544506784,1,16,15,4.600000000000000,5.748043145279966,23.000000000000000,4,1,2,2
2936,9327160,4,31573.832986035602516,1,7,6,3.000000000000000,2.345207879911715,12.000000000000000,3,2,1,2
2937,9327162,16,126295.331944142410066,1,33,32,14.937500000000000,9.883501087671311,239.000000000000000,12,2,1,13
2938,9327164,5,39467.291232544506784,1,2,1,1.400000000000000,0.489897948556636,7.000000000000000,2,1,2,1
2939,9327166,7,55254.207725562300766,1,14,13,5.428571428571429,3.958973274443148,38.000000000000000,6,3,1,4
2940,9327168,11,86828.040711597903282,1,8,7,4.454545454545454,2.349608724240016,49.000000000000000,7,7,1,4
2941,9327170,21,165762.623176686902298,1,23,22,9.095238095238095,6.413562726603098,191.000000000000000,13,2,1,8
2942,9327174,5,39467.291232544506784,3,24,21,16.800000000000001,7.249827584156742,84.000000000000000,4,18,3,18
2943,9327176,13,102614.957204615711817,1,8,7,4.230769230769231,2.117830753528646,55.000000000000000,7,2,1,4
2944,9327178,16,126295.331944142410066,3,28,25,10.750000000000000,6.609652033201143,172.000000000000000,12,5,3,9
2945,9327180,9,71041.124218580109300,4,19,15,9.444444444444445,5.293835222031820,85.000000000000000,8,4,5,7
2946,9327182,10,78934.582465089013567,4,20,16,11.100000000000000,4.763402145525823,111.000000000000000,8,8,4,9
2947,9327184,7,55254.207725562300766,7,23,16,14.571428571428571,6.343886660335577,102.000000000000000,6,7,10,14
2948,9327186,4,31573.832986035602516,7,17,10,12.250000000000000,3.699662146737186,49.000000000000000,4,7,7,11
2949,9327188,11,86828.040711597903282,3,22,19,12.181818181818182,6.520153118924040,134.000000000000000,8,7,3,11
2950,9327190,6,47360.749479053403775,7,26,19,15.000000000000000,7.593857166596345,90.000000000000000,5,7,9,9
2951,9327192,9,71041.124218580109300,1,27,26,16.777777777777779,9.941805981452239,151.000000000000000,8,27,1,23
2952,9327196,10,78934.582465089013567,5,20,15,9.500000000000000,4.410215414239989,95.000000000000000,7,5,10,9
2953,9327198,18,142082.248437160218600,4,27,23,11.555555555555555,7.088505736771814,208.000000000000000,14,4,5,9
2954,9327200,1,7893.458246508900629,8,8,0,8.000000000000000,0.000000000000000,8.000000000000000,1,8,8,8
2955,9327202,15,118401.873697633505799,1,16,15,7.400000000000000,4.484045792213396,111.000000000000000,8,4,5,7
2956,9327204,23,181549.539669704710832,4,43,39,16.086956521739129,10.504297437253172,370.000000000000000,16,7,4,13
2957,9327206,5,39467.291232544506784,1,7,6,4.200000000000000,2.400000000000000,21.000000000000000,3,3,1,3
2958,9327210,17,134188.790190651314333,7,28,21,14.176470588235293,5.792848472522437,241.000000000000000,11,10,8,13
2959,9327212,3,23680.374739526701887,3,17,14,10.000000000000000,5.715476066494082,30.000000000000000,3,3,3,10
2960,9327214,6,47360.749479053403775,7,17,10,12.500000000000000,3.253203549323856,75.000000000000000,5,11,7,11
2961,9327216,8,63147.665972071205033,4,13,9,9.125000000000000,2.666341125962693,73.000000000000000,7,10,4,9
2962,9327218,17,134188.790190651314333,5,18,13,9.470588235294118,3.431988740191723,161.000000000000000,11,9,7,9
2963,9327220,12,94721.498958106807549,3,20,17,11.250000000000000,4.692636075100363,135.000000000000000,8,12,3,12
2964,9327222,21,165762.623176686902298,4,22,18,10.952380952380953,4.745686667924186,230.000000000000000,13,12,4,12
2965,9327224,12,94721.498958106807549,5,15,10,10.833333333333334,3.210226714043035,130.000000000000000,8,13,5,11
2966,9327226,9,71041.124218580109300,2,15,13,6.222222222222222,3.675074535231384,56.000000000000000,6,6,4,6
2967,9327228,24,189442.997916213615099,1,14,13,6.000000000000000,3.523729085310995,144.000000000000000,9,5,14,5
2968,9327230,3,23680.374739526701887,3,5,2,4.000000000000000,0.816496580927726,12.000000000000000,3,3,3,4
2969,9327232,3,23680.374739526701887,3,10,7,6.333333333333333,2.867441755680876,19.000000000000000,3,3,3,6
2970,9327234,19,149975.706683669122867,2,18,16,7.947368421052632,4.260883083791388,151.000000000000000,12,5,2,8
2971,9327236,22,173656.081423195806565,2,20,18,6.181818181818182,4.270792598744126,136.000000000000000,10,2,3,5
2972,9327238,3,23680.374739526701887,4,6,2,4.666666666666667,0.942809041582062,14.000000000000000,2,4,6,4
2973,9327240,23,181549.539669704710832,1,11,10,5.478260869565218,2.668162781315870,126.000000000000000,11,4,2,5
2974,9327242,26,205229.914409231423633,3,17,14,10.153846153846153,4.753074371007819,264.000000000000000,13,5,3,10
2975,9327244,22,173656.081423195806565,2,24,22,11.363636363636363,6.879121604506405,250.000000000000000,15,18,4,9
2976,9327246,26,205229.914409231423633,1,20,19,8.000000000000000,5.636420031299191,208.000000000000000,15,4,1,6
2977,9327248,7,55254.207725562300766,1,16,15,7.714285714285714,6.016982768186482,54.000000000000000,5,4,1,4
2978,9327250,21,165762.623176686902298,3,16,13,9.238095238095237,4.022611825131978,194.000000000000000,12,5,3,9
2979,9327252,11,86828.040711597903282,4,15,11,10.818181818181818,3.712832337574933,119.000000000000000,8,13,4,13
2980,9327254,16,126295.331944142410066,5,21,16,12.625000000000000,5.085211401701998,202.000000000000000,11,5,6,11
2981,9327256,29,228910.289148758107331,3,25,22,9.172413793103448,4.792731317729764,266.000000000000000,15,5,3,8
2982,9327258,1,7893.458246508900629,1,1,0,1.000000000000000,0.000000000000000,1.000000000000000,1,1,1,1
2983,9327260,6,47360.749479053403775,5,20,15,11.833333333333334,4.669641908707298,71.000000000000000,5,13,5,12
2984,9327262,21,165762.623176686902298,1,18,17,5.809523809523809,4.112918644131273,122.000000000000000,12,3,2,4
2985,9327266,15,118401.873697633505799,2,12,10,7.600000000000000,2.332380757938120,114.000000000000000,7,9,2,8
2986,9327270,1,7893.458246508900629,4,4,0,4.000000000000000,0.000000000000000,4.000000000000000,1,4,4,4
2987,9327272,5,39467.291232544506784,1,7,6,3.600000000000000,2.154065922853802,18.000000000000000,5,1,1,3
2988,9327274,45,355205.621092900517397,2,33,31,12.644444444444444,6.501813612132663,569.000000000000000,18,17,5,13
2989,9327276,22,173656.081423195806565,1,8,7,3.090909090909091,1.951900959416717,68.000000000000000,5,3,8,3
2990,9327278,10,78934.582465089013567,5,26,21,13.300000000000001,6.181423784210236,133.000000000000000,8,9,5,12
2991,9327280,1,7893.458246508900629,10,10,0,10.000000000000000,0.000000000000000,10.000000000000000,1,10,10,10
2992,9327282,3,23680.374739526701887,9,11,2,10.000000000000000,0.816496580927726,30.000000000000000,3,9,9,10
2993,9327284,29,228910.289148758107331,1,19,18,10.137931034482758,4.918116670174739,294.000000000000000,16,8,1,11
2994,9327286,21,165762.623176686902298,1,16,15,8.380952380952381,3.785639412257484,176.000000000000000,11,5,1,9
2995,9327288,25,197336.456162722519366,3,22,19,9.359999999999999,4.389806373862065,234.000000000000000,13,5,3,8
2996,9327290,18,142082.248437160218600,1,17,16,8.166666666666666,3.452052529534663,147.000000000000000,11,9,1,8
2997,9327292,22,173656.081423195806565,1,23,22,7.136363636363637,4.910984483282483,157.000000000000000,10,7,6,7
2998,9327294,16,126295.331944142410066,1,10,9,4.500000000000000,2.345207879911715,72.000000000000000,8,3,1,4
2999,9327300,16,126295.331944142410066,2,7,5,3.812500000000000,1.467086824288188,61.000000000000000,5,4,5,4
3000,9327302,27,213123.372655740327900,2,17,15,10.148148148148149,4.151784120767785,274.000000000000000,13,7,2,11
3001,9327304,48,378885.995832427230198,2,44,42,19.791666666666668,12.456521607397288,950.000000000000000,28,3,2,16
3002,9327306,21,165762.623176686902298,5,37,32,15.904761904761905,8.462267859401701,334.000000000000000,14,5,7,14
3003,9327308,6,47360.749479053403775,5,20,15,11.500000000000000,5.766281297335398,69.000000000000000,6,5,5,8
3004,9327310,15,118401.873697633505799,3,15,12,9.666666666666666,3.379677828169755,145.000000000000000,10,13,3,10
3005,9327312,18,142082.248437160218600,1,11,10,5.277777777777778,2.863671993079972,95.000000000000000,6,4,1,4
3006,9327314,27,213123.372655740327900,1,19,18,8.111111111111111,5.043024763515652,219.000000000000000,15,10,3,8
3007,9327316,18,142082.248437160218600,2,24,22,10.222222222222221,5.730576425878946,184.000000000000000,12,7,2,8
3008,9327318,58,457820.578297516214661,1,31,30,10.224137931034482,6.147730457175109,593.000000000000000,20,10,6,10
3009,9327320,19,149975.706683669122867,1,21,20,8.052631578947368,4.605187969311023,153.000000000000000,10,6,1,7
3010,9327322,6,47360.749479053403775,5,14,9,10.000000000000000,2.645751311064591,60.000000000000000,4,10,5,10
3011,9327324,15,118401.873697633505799,3,27,24,16.533333333333335,6.839753081962987,248.000000000000000,13,21,3,17
3012,9327326,44,347312.162846391613130,1,24,23,10.568181818181818,5.917607499014841,465.000000000000000,19,7,1,9
3013,9327328,4,31573.832986035602516,3,13,10,9.750000000000000,4.085033659592048,39.000000000000000,3,13,3,10
3014,9327330,17,134188.790190651314333,3,21,18,11.470588235294118,5.248166593693049,195.000000000000000,11,10,3,10
3015,9327332,3,23680.374739526701887,1,10,9,5.333333333333333,3.681787005729087,16.000000000000000,3,1,1,5
3016,9327334,6,47360.749479053403775,8,17,9,12.166666666666666,2.967415635794144,73.000000000000000,4,13,8,13
3017,9327336,3,23680.374739526701887,17,35,18,29.000000000000000,8.485281374238570,87.000000000000000,2,35,17,35
3018,9327338,8,63147.665972071205033,4,15,11,9.000000000000000,3.640054944640259,72.000000000000000,7,12,4,8
3019,9327340,24,189442.997916213615099,1,18,17,9.375000000000000,5.146297212559725,225.000000000000000,14,4,1,10
3020,9327342,23,181549.539669704710832,2,12,10,5.565217391304348,2.464109098313870,128.000000000000000,9,4,7,5
3021,9327344,42,331525.246353373804595,3,26,23,9.023809523809524,5.356296229396966,379.000000000000000,17,4,6,7
3022,9327346,20,157869.164930178027134,1,37,36,13.050000000000001,8.434897746860953,261.000000000000000,14,7,1,10
3023,9327348,5,39467.291232544506784,6,36,30,25.600000000000001,11.271202242884295,128.000000000000000,5,6,6,32
3024,9327350,12,94721.498958106807549,6,37,31,23.833333333333332,9.676718911329859,286.000000000000000,10,22,6,22
3025,9327352,13,102614.957204615711817,3,20,17,9.153846153846153,5.544868089520032,119.000000000000000,8,4,3,6
3026,9327354,15,118401.873697633505799,3,18,15,10.666666666666666,5.028805910838964,160.000000000000000,10,5,3,11
3027,9327356,13,102614.957204615711817,1,11,10,5.153846153846154,3.084605793194372,67.000000000000000,8,3,2,6
3028,9327360,22,173656.081423195806565,3,28,25,15.454545454545455,6.257557414310188,340.000000000000000,15,13,3,15
3029,9327362,50,394672.912325445038732,1,34,33,10.100000000000000,7.655716818169283,505.000000000000000,21,5,6,9
3030,9327364,13,102614.957204615711817,2,17,15,11.000000000000000,4.540416788730371,143.000000000000000,7,14,2,13
3031,9327366,30,236803.747395267011598,1,18,17,6.733333333333333,5.246797965320266,202.000000000000000,11,4,10,4
3032,9327368,20,157869.164930178027134,1,18,17,10.050000000000001,5.536018424824830,201.000000000000000,13,5,1,10
3033,9327370,13,102614.957204615711817,4,24,20,12.615384615384615,5.470739811290631,164.000000000000000,12,16,4,12
3034,9327372,12,94721.498958106807549,2,10,8,4.916666666666667,2.289771944005680,59.000000000000000,8,3,2,4
3035,9327374,10,78934.582465089013567,2,21,19,12.500000000000000,5.200961449578338,125.000000000000000,7,11,2,11
3036,9327376,21,165762.623176686902298,1,12,11,4.095238095238095,2.505323131041125,86.000000000000000,9,3,1,3
3037,9327378,6,47360.749479053403775,4,14,10,10.500000000000000,3.403429642777023,63.000000000000000,5,13,4,10
3038,9327380,20,157869.164930178027134,4,24,20,9.800000000000001,5.182663407939975,196.000000000000000,11,9,7,9
3039,9327382,21,165762.623176686902298,5,24,19,12.238095238095237,5.605310083642729,257.000000000000000,13,10,8,11
3040,9327384,11,86828.040711597903282,7,33,26,20.181818181818183,8.188885836282575,222.000000000000000,8,14,7,20
3041,9327386,12,94721.498958106807549,2,14,12,7.666666666666667,3.704351795148811,92.000000000000000,7,8,4,8
3042,9327390,12,94721.498958106807549,1,13,12,4.250000000000000,3.810621121724559,51.000000000000000,7,2,3,2
3043,9327392,10,78934.582465089013567,2,13,11,7.400000000000000,3.200000000000000,74.000000000000000,8,7,2,7
3044,9327394,22,173656.081423195806565,1,33,32,12.000000000000000,8.235179525558737,264.000000000000000,16,10,3,10
3045,9327396,32,252590.663888284820132,2,47,45,12.781250000000000,11.501995411123238,409.000000000000000,15,11,2,10
3046,9327398,11,86828.040711597903282,3,23,20,12.909090909090908,7.341718221661806,142.000000000000000,10,23,3,12
3047,9327400,11,86828.040711597903282,1,10,9,4.545454545454546,2.606412943060264,50.000000000000000,7,4,1,4
3048,9327402,8,63147.665972071205033,2,23,21,9.250000000000000,6.299801584177076,74.000000000000000,6,7,2,7
3049,9327404,2,15786.916493017801258,10,10,0,10.000000000000000,0.000000000000000,20.000000000000000,1,10,10,10
3050,9327408,34,268377.580381302628666,3,34,31,14.147058823529411,8.872072352053335,481.000000000000000,18,7,12,13
3051,9327410,11,86828.040711597903282,1,12,11,5.636363636363637,3.649974527251769,62.000000000000000,9,1,2,5
3052,9327412,43,339418.704599882708862,1,31,30,11.255813953488373,7.355090068712624,484.000000000000000,21,3,6,10
3053,9327414,7,55254.207725562300766,5,21,16,11.428571428571429,5.368084065158838,80.000000000000000,6,9,5,9
3054,9327416,3,23680.374739526701887,4,7,3,5.333333333333333,1.247219128924648,16.000000000000000,3,4,4,5
3055,9327418,23,181549.539669704710832,1,16,15,5.652173913043478,3.471733004813414,130.000000000000000,11,7,1,5
3056,9327420,6,47360.749479053403775,2,4,2,2.500000000000000,0.763762615825973,15.000000000000000,3,2,3,2
3057,9327422,1,7893.458246508900629,11,11,0,11.000000000000000,0.000000000000000,11.000000000000000,1,11,11,11
3058,9327426,2,15786.916493017801258,2,3,1,2.500000000000000,0.500000000000000,5.000000000000000,2,2,2,2
3059,9327428,15,118401.873697633505799,1,7,6,3.933333333333333,2.048305532764962,59.000000000000000,7,2,5,4
3060,9327430,16,126295.331944142410066,1,17,16,8.375000000000000,5.206666399914632,134.000000000000000,9,12,2,7
3061,9327432,7,55254.207725562300766,4,17,13,12.000000000000000,3.817254061682111,84.000000000000000,6,14,4,13
3062,9327434,4,31573.832986035602516,3,6,3,4.750000000000000,1.299038105676658,19.000000000000000,3,6,3,4
3063,9327436,11,86828.040711597903282,1,13,12,6.909090909090909,2.874797872880344,76.000000000000000,7,5,1,7
3064,9327438,27,213123.372655740327900,1,12,11,3.814814814814815,3.006622776681838,103.000000000000000,10,1,6,4
3065,9327440,14,110508.415451124601532,2,14,12,7.500000000000000,3.289593982762701,105.000000000000000,9,7,5,7
3066,9327444,1,7893.458246508900629,6,6,0,6.000000000000000,0.000000000000000,6.000000000000000,1,6,6,6
3067,9327446,13,102614.957204615711817,4,21,17,10.538461538461538,4.289797998030365,137.000000000000000,8,10,4,10
3068,9327448,7,55254.207725562300766,7,32,25,21.285714285714285,9.299989027862742,149.000000000000000,6,13,7,26
3069,9327450,13,102614.957204615711817,2,29,27,9.615384615384615,6.911956881303158,125.000000000000000,10,8,2,8
3070,9327452,2,15786.916493017801258,10,14,4,12.000000000000000,2.000000000000000,24.000000000000000,2,10,10,10
3071,9327454,28,221016.830902249203064,3,23,20,12.642857142857142,5.745894719053681,354.000000000000000,16,19,3,12
3072,9327458,6,47360.749479053403775,5,13,8,9.833333333333334,2.733536577809452,59.000000000000000,4,9,5,9
3073,9327460,11,86828.040711597903282,1,5,4,2.363636363636364,1.067940011315521,26.000000000000000,4,2,5,2
3074,9327462,8,63147.665972071205033,1,26,25,12.875000000000000,8.852083088177608,103.000000000000000,8,1,1,10
3075,9327464,5,39467.291232544506784,3,7,4,4.600000000000000,1.624807680927192,23.000000000000000,4,3,4,4
3076,9327466,11,86828.040711597903282,5,28,23,16.181818181818183,7.383251092453436,178.000000000000000,10,15,5,15
3077,9327468,11,86828.040711597903282,2,17,15,10.181818181818182,4.448047208263662,112.000000000000000,10,11,2,11
3078,9327470,6,47360.749479053403775,3,20,17,11.833333333333334,6.011562932290477,71.000000000000000,5,8,3,8
3079,9327472,17,134188.790190651314333,1,31,30,14.823529411764707,6.904689745703934,252.000000000000000,14,14,1,14
3080,9327474,9,71041.124218580109300,8,13,5,9.444444444444445,1.498970840359114,85.000000000000000,4,9,11,9
3081,9327476,7,55254.207725562300766,5,12,7,8.428571428571429,2.441143927233580,59.000000000000000,4,7,5,8
3082,9327478,27,213123.372655740327900,1,22,21,7.111111111111111,4.976487928124154,192.000000000000000,11,10,1,8
3083,9327480,34,268377.580381302628666,2,29,27,13.294117647058824,7.493249557257228,452.000000000000000,21,9,2,13
3084,9327482,25,197336.456162722519366,4,39,35,18.039999999999999,9.404169288140235,451.000000000000000,18,9,4,17
3085,9327484,8,63147.665972071205033,9,23,14,15.500000000000000,4.636809247747852,124.000000000000000,6,13,9,13
3086,9327486,39,307844.871613847150002,3,39,36,17.615384615384617,9.217083872271166,687.000000000000000,23,8,5,17
3087,9327488,1,7893.458246508900629,4,4,0,4.000000000000000,0.000000000000000,4.000000000000000,1,4,4,4
3088,9327512,27,213123.372655740327900,1,23,22,9.074074074074074,5.170614448234446,245.000000000000000,15,6,1,8
3089,9327514,26,205229.914409231423633,4,22,18,10.576923076923077,4.978206944141457,275.000000000000000,12,6,4,9
3090,9327516,17,134188.790190651314333,7,24,17,14.764705882352942,4.277566814752434,251.000000000000000,12,13,7,13
3091,9327518,19,149975.706683669122867,2,32,30,11.473684210526315,8.487566268573985,218.000000000000000,10,9,7,9
3092,9327520,11,86828.040711597903282,6,18,12,9.272727272727273,3.305392538672334,102.000000000000000,7,7,6,8
3093,9327522,17,134188.790190651314333,1,13,12,5.882352941176471,3.410750356311582,100.000000000000000,9,5,1,5
3094,9327524,17,134188.790190651314333,3,30,27,13.941176470588236,7.817556322228262,237.000000000000000,10,11,3,11
3095,9327526,15,118401.873697633505799,2,20,18,9.933333333333334,5.744175794276805,149.000000000000000,12,4,2,8
3096,9327528,29,228910.289148758107331,2,19,17,9.724137931034482,4.479043553415039,282.000000000000000,16,8,2,9
3097,9327530,25,197336.456162722519366,2,26,24,9.199999999999999,6.922427319950712,230.000000000000000,12,4,11,6
3098,9327532,17,134188.790190651314333,1,36,35,15.000000000000000,9.022846818265416,255.000000000000000,16,12,1,14
3099,9327534,9,71041.124218580109300,1,27,26,10.777777777777779,9.472507327087605,97.000000000000000,7,1,6,8
3100,9327536,41,323631.788106864900328,1,17,16,8.170731707317072,4.265016164006715,335.000000000000000,15,8,12,8
3101,9327538,29,228910.289148758107331,1,21,20,7.655172413793103,4.801406848923988,222.000000000000000,13,5,1,6
3102,9327540,42,331525.246353373804595,1,15,14,6.809523809523809,3.424269788256533,286.000000000000000,14,6,11,7
3103,9327542,15,118401.873697633505799,1,8,7,4.133333333333334,1.892675942210451,62.000000000000000,8,4,1,4
3104,9327544,18,142082.248437160218600,8,33,25,22.222222222222221,6.151382460296183,400.000000000000000,11,23,8,23
3105,9327546,29,228910.289148758107331,2,19,17,9.931034482758621,3.713266379578429,288.000000000000000,13,11,2,10
3106,9327548,39,307844.871613847150002,2,21,19,10.102564102564102,4.716554978082571,394.000000000000000,16,8,2,9
3107,9327550,29,228910.289148758107331,3,18,15,8.724137931034482,3.831777760852165,253.000000000000000,13,5,3,8
3108,9327552,56,442033.661804498406127,3,21,18,10.107142857142858,4.486800368973462,566.000000000000000,18,7,6,10
3109,9327554,23,181549.539669704710832,2,29,27,8.739130434782609,7.349755342301022,201.000000000000000,10,9,15,5
3110,9327556,30,236803.747395267011598,1,31,30,12.033333333333333,8.356567610102982,361.000000000000000,17,6,1,10
3111,9327558,3,23680.374739526701887,1,5,4,3.000000000000000,1.632993161855452,9.000000000000000,3,1,1,3
3112,9327560,6,47360.749479053403775,4,8,4,6.833333333333333,1.462494064565356,41.000000000000000,4,8,4,7
3113,9327562,13,102614.957204615711817,2,15,13,8.153846153846153,4.720595690020388,106.000000000000000,8,2,5,7
3114,9327564,11,86828.040711597903282,2,19,17,8.090909090909092,4.794969816087488,89.000000000000000,7,5,2,7
3115,9327566,12,94721.498958106807549,1,10,9,6.583333333333333,2.531742921827220,79.000000000000000,7,7,1,7
3116,9327568,26,205229.914409231423633,4,25,21,11.730769230769230,5.647039335301098,305.000000000000000,15,15,6,12
3117,9327570,33,260484.122134793724399,1,26,25,9.212121212121213,6.394872831476961,304.000000000000000,17,7,9,7
3118,9327572,11,86828.040711597903282,4,24,20,10.636363636363637,5.032128182944744,117.000000000000000,8,10,4,10
3119,9327574,26,205229.914409231423633,1,12,11,6.615384615384615,2.923076923076923,172.000000000000000,12,7,1,7
3120,9327576,8,63147.665972071205033,1,14,13,9.000000000000000,3.674234614174767,72.000000000000000,6,8,1,9
3121,9327578,29,228910.289148758107331,1,12,11,3.931034482758621,3.128633440610691,114.000000000000000,11,1,5,3
3122,9327580,21,165762.623176686902298,1,17,16,5.000000000000000,3.450327796711771,105.000000000000000,10,3,2,4
3123,9327582,42,331525.246353373804595,1,26,25,5.500000000000000,4.986887568318301,231.000000000000000,12,2,8,5
3124,9327584,24,189442.997916213615099,2,11,9,5.208333333333333,2.723037009582418,125.000000000000000,9,3,6,4
3125,9327586,12,94721.498958106807549,1,8,7,3.500000000000000,2.254624876411447,42.000000000000000,7,2,3,2
3126,9327588,20,157869.164930178027134,1,8,7,3.450000000000000,2.060946384552495,69.000000000000000,7,4,3,4
3127,9327590,18,142082.248437160218600,3,22,19,10.277777777777779,5.790850595317059,185.000000000000000,11,8,3,8
3128,9327592,43,339418.704599882708862,1,16,15,7.534883720930233,4.437414065774157,324.000000000000000,16,4,7,8
3129,9327594,31,244697.205641775915865,1,21,20,9.612903225806452,5.504704260052010,298.000000000000000,17,12,2,10
3130,9327596,40,315738.329860356054269,1,18,17,6.250000000000000,4.211591148247892,250.000000000000000,13,1,9,6
3131,9327598,22,173656.081423195806565,1,16,15,5.000000000000000,4.592483978296396,110.000000000000000,10,1,6,3
3132,9327600,19,149975.706683669122867,1,13,12,4.473684210526316,3.514906917276631,85.000000000000000,8,2,8,3
3133,9327602,40,315738.329860356054269,1,30,29,15.225000000000000,9.220866282513807,609.000000000000000,23,3,1,14
3134,9327604,38,299951.413367338245735,3,30,27,10.947368421052632,6.332652925495936,416.000000000000000,16,13,3,9
3135,9327606,15,118401.873697633505799,3,11,8,7.600000000000000,2.751968992073373,114.000000000000000,7,8,7,8
3136,9327608,19,149975.706683669122867,5,15,10,10.578947368421053,3.031688594508350,201.000000000000000,8,14,7,11
3137,9327610,33,260484.122134793724399,4,22,18,11.727272727272727,5.298786180459248,387.000000000000000,16,8,6,11
3138,9327612,28,221016.830902249203064,1,34,33,11.607142857142858,9.255651886103685,325.000000000000000,17,4,1,9
3139,9327614,24,189442.997916213615099,2,26,24,13.000000000000000,7.472170590486631,312.000000000000000,14,11,4,12
3140,9327616,22,173656.081423195806565,1,31,30,12.272727272727273,7.903864521875693,270.000000000000000,14,8,4,10
3141,9327618,13,102614.957204615711817,1,22,21,10.307692307692308,7.887522916066823,134.000000000000000,8,4,3,5
3142,9327620,20,157869.164930178027134,6,34,28,20.050000000000001,8.423033895218515,401.000000000000000,16,7,6,21
3143,9327622,27,213123.372655740327900,1,23,22,8.370370370370370,5.565423335188692,226.000000000000000,13,6,4,7
3144,9327624,8,63147.665972071205033,2,7,5,5.000000000000000,1.581138830084190,40.000000000000000,5,6,2,5
3145,9327626,19,149975.706683669122867,5,19,14,10.000000000000000,3.670651741928988,190.000000000000000,9,9,6,9
3146,9327628,12,94721.498958106807549,7,23,16,11.583333333333334,4.132358756072477,139.000000000000000,8,7,8,11
3147,9327630,36,284164.496874320437200,1,25,24,7.805555555555555,4.060784300575749,281.000000000000000,14,7,1,7
3148,9327632,34,268377.580381302628666,2,18,16,8.294117647058824,4.488740238344789,282.000000000000000,14,4,10,7
3149,9327634,4,31573.832986035602516,6,13,7,8.250000000000000,2.772634126602354,33.000000000000000,3,7,6,7
3150,9327636,14,110508.415451124601532,1,20,19,9.071428571428571,4.992341072859016,127.000000000000000,9,10,1,9
3151,9327640,16,126295.331944142410066,1,23,22,5.875000000000000,5.914759082160490,94.000000000000000,9,4,1,4
3152,9327642,3,23680.374739526701887,7,13,6,10.333333333333334,2.494438257849292,31.000000000000000,3,7,7,11
3153,9327646,1,7893.458246508900629,3,3,0,3.000000000000000,0.000000000000000,3.000000000000000,1,3,3,3
3154,9327648,1,7893.458246508900629,6,6,0,6.000000000000000,0.000000000000000,6.000000000000000,1,6,6,6
3155,9327650,6,47360.749479053403775,2,8,6,3.666666666666667,2.054804667656326,22.000000000000000,4,2,4,3
3156,9327652,64,505181.327776569640264,1,18,17,7.218750000000000,4.382025608950729,462.000000000000000,17,5,8,6
3157,9327654,12,94721.498958106807549,1,17,16,7.500000000000000,5.530220007679019,90.000000000000000,7,4,3,4
3158,9327656,1,7893.458246508900629,17,17,0,17.000000000000000,0.000000000000000,17.000000000000000,1,17,17,17
3159,9327658,9,71041.124218580109300,1,16,15,9.111111111111111,5.877347180194753,82.000000000000000,7,3,1,11
3160,9327660,2,15786.916493017801258,3,4,1,3.500000000000000,0.500000000000000,7.000000000000000,2,3,3,3
3161,9327664,62,489394.411283551831730,1,84,83,18.854838709677420,20.294482623954359,1169.000000000000000,31,3,7,10
3162,9327666,6,47360.749479053403775,2,44,42,20.333333333333332,12.631530214330946,122.000000000000000,5,18,2,18
3163,9327668,1,7893.458246508900629,3,3,0,3.000000000000000,0.000000000000000,3.000000000000000,1,3,3,3
3164,9327670,72,568328.993748640874401,1,24,23,6.541666666666667,4.521361336293896,471.000000000000000,16,6,17,6
3165,9327672,35,276271.038627811532933,2,45,43,20.114285714285714,11.463660419084370,704.000000000000000,23,11,2,17
3166,9327674,9,71041.124218580109300,4,25,21,15.444444444444445,8.098163181461599,139.000000000000000,7,25,4,15
3167,9327676,8,63147.665972071205033,5,27,22,15.125000000000000,7.473912964438374,121.000000000000000,8,5,5,12
3168,9327678,10,78934.582465089013567,9,53,44,30.000000000000000,17.337819932159867,300.000000000000000,7,11,9,18
3169,9327680,3,23680.374739526701887,12,25,13,20.666666666666668,6.128258770283408,62.000000000000000,2,25,12,25
3170,9327682,2,15786.916493017801258,3,10,7,6.500000000000000,3.500000000000000,13.000000000000000,2,3,3,3
3171,9327684,5,39467.291232544506784,1,4,3,2.200000000000000,1.469693845669907,11.000000000000000,2,1,4,1
3172,9327686,1,7893.458246508900629,7,7,0,7.000000000000000,0.000000000000000,7.000000000000000,1,7,7,7
3173,9327688,1,7893.458246508900629,3,3,0,3.000000000000000,0.000000000000000,3.000000000000000,1,3,3,3
3174,9327690,1,7893.458246508900629,4,4,0,4.000000000000000,0.000000000000000,4.000000000000000,1,4,4,4
3175,9327692,10,78934.582465089013567,1,5,4,2.400000000000000,1.280624847486570,24.000000000000000,5,1,4,2
3176,9327694,66,520968.244269587448798,1,21,20,6.454545454545454,4.513219029197414,426.000000000000000,17,2,13,5
3177,9327696,7,55254.207725562300766,3,8,5,4.857142857142857,1.807015805810503,34.000000000000000,4,3,5,5
3178,9327698,10,78934.582465089013567,1,21,20,8.900000000000000,7.258787777583803,89.000000000000000,8,2,1,5
3179,9327700,23,181549.539669704710832,1,13,12,5.173913043478261,3.484776506002414,119.000000000000000,9,2,1,4
3180,9327702,23,181549.539669704710832,1,19,18,7.913043478260869,5.412650588151243,182.000000000000000,13,7,5,7
3181,9327704,1,7893.458246508900629,8,8,0,8.000000000000000,0.000000000000000,8.000000000000000,1,8,8,8
3182,9327706,13,102614.957204615711817,2,17,15,8.230769230769230,4.559923180085826,107.000000000000000,10,4,2,8
3183,9327708,1,7893.458246508900629,4,4,0,4.000000000000000,0.000000000000000,4.000000000000000,1,4,4,4
3184,9327712,8,63147.665972071205033,2,9,7,6.750000000000000,2.384848003542364,54.000000000000000,5,8,2,8
3185,9327714,21,165762.623176686902298,1,21,20,7.190476190476191,4.895275152722436,151.000000000000000,12,4,2,5
3186,9327716,1,7893.458246508900629,12,12,0,12.000000000000000,0.000000000000000,12.000000000000000,1,12,12,12
3187,9327718,52,410459.828818462847266,1,25,24,6.865384615384615,5.207350005793757,357.000000000000000,15,1,2,6
3188,9327720,1,7893.458246508900629,13,13,0,13.000000000000000,0.000000000000000,13.000000000000000,1,13,13,13
3189,9327722,33,260484.122134793724399,1,22,21,9.272727272727273,4.446808370415302,306.000000000000000,15,9,1,9
3190,9327724,3,23680.374739526701887,9,26,17,17.000000000000000,6.976149845485450,51.000000000000000,3,9,9,16
3191,9327726,94,741985.075171836651862,1,39,38,11.478723404255319,10.012469590788953,1079.000000000000000,30,3,11,8
3192,9327728,2,15786.916493017801258,7,17,10,12.000000000000000,5.000000000000000,24.000000000000000,2,7,7,7
3193,9327730,34,268377.580381302628666,1,31,30,7.970588235294118,9.525462144470678,271.000000000000000,13,1,9,3
3194,9327732,3,23680.374739526701887,2,4,2,3.333333333333333,0.942809041582063,10.000000000000000,2,4,2,4
3195,9327734,8,63147.665972071205033,1,28,27,8.875000000000000,8.894345113610107,71.000000000000000,7,6,1,5
3196,9327736,2,15786.916493017801258,10,14,4,12.000000000000000,2.000000000000000,24.000000000000000,2,10,10,10
3197,9327738,40,315738.329860356054269,1,31,30,11.449999999999999,8.888053780215330,458.000000000000000,18,3,6,8
3198,9327740,2,15786.916493017801258,12,15,3,13.500000000000000,1.500000000000000,27.000000000000000,2,12,12,12
3199,9327742,5,39467.291232544506784,4,13,9,10.800000000000001,3.487119154832538,54.000000000000000,3,13,4,13
3200,9327744,18,142082.248437160218600,1,10,9,5.222222222222222,2.739739556875100,94.000000000000000,9,3,1,4
3201,9327746,1,7893.458246508900629,12,12,0,12.000000000000000,0.000000000000000,12.000000000000000,1,12,12,12
3202,9327748,22,173656.081423195806565,1,27,26,12.363636363636363,8.466755601363673,272.000000000000000,13,24,1,8
3203,9327752,32,252590.663888284820132,2,29,27,10.312500000000000,5.795674572472129,330.000000000000000,16,4,6,10
3204,9327754,14,110508.415451124601532,1,31,30,8.500000000000000,7.880808515447058,119.000000000000000,8,1,3,4
3205,9327756,29,228910.289148758107331,1,35,34,10.448275862068966,11.595439671063767,303.000000000000000,15,1,3,4
3206,9327758,2,15786.916493017801258,7,7,0,7.000000000000000,0.000000000000000,14.000000000000000,1,7,7,7
3207,9327760,30,236803.747395267011598,1,31,30,8.699999999999999,7.598903429662291,261.000000000000000,18,2,3,6
3208,9327762,2,15786.916493017801258,7,10,3,8.500000000000000,1.500000000000000,17.000000000000000,2,7,7,7
3209,9327764,5,39467.291232544506784,3,12,9,7.400000000000000,3.382306905057552,37.000000000000000,4,9,3,9
3210,9327766,2,15786.916493017801258,7,16,9,11.500000000000000,4.500000000000000,23.000000000000000,2,7,7,7
3211,9327770,4,31573.832986035602516,6,23,17,15.250000000000000,7.822243923581008,61.000000000000000,3,23,6,9
3212,9327774,3,23680.374739526701887,13,20,7,15.666666666666666,3.091206165165238,47.000000000000000,3,13,13,14
3213,9327776,8,63147.665972071205033,5,24,19,14.750000000000000,6.378675411086537,118.000000000000000,6,8,5,17
3214,9327778,56,442033.661804498406127,1,31,30,12.821428571428571,6.290886670576798,718.000000000000000,21,13,4,13
3215,9327780,14,110508.415451124601532,2,25,23,11.000000000000000,6.740072064048828,154.000000000000000,12,5,2,9
3216,9327782,17,134188.790190651314333,2,22,20,7.647058823529412,5.422623377172477,130.000000000000000,9,3,5,5
3217,9327784,5,39467.291232544506784,12,19,7,14.600000000000000,2.576819745345027,73.000000000000000,4,13,12,13
3218,9327786,12,94721.498958106807549,1,27,26,15.166666666666666,6.792561290771612,182.000000000000000,8,14,1,14
3219,9327788,30,236803.747395267011598,1,33,32,14.666666666666666,8.584223254837266,440.000000000000000,17,23,3,15
3220,9327790,1,7893.458246508900629,17,17,0,17.000000000000000,0.000000000000000,17.000000000000000,1,17,17,17
3221,9327792,10,78934.582465089013567,5,19,14,11.000000000000000,3.633180424916990,110.000000000000000,8,10,5,10
3222,9327794,1,7893.458246508900629,8,8,0,8.000000000000000,0.000000000000000,8.000000000000000,1,8,8,8
3223,9327798,12,94721.498958106807549,1,23,22,11.166666666666666,7.127801593447700,134.000000000000000,9,17,1,9
3224,9327800,10,78934.582465089013567,1,22,21,9.100000000000000,7.340980860893182,91.000000000000000,9,1,2,7
3225,9327802,42,331525.246353373804595,2,46,44,20.476190476190474,12.333149474636185,860.000000000000000,26,4,2,20
3226,9327806,6,47360.749479053403775,6,25,19,11.333333333333334,6.420453428086073,68.000000000000000,4,6,11,10
3227,9327808,14,110508.415451124601532,3,29,26,11.500000000000000,7.556926813006915,161.000000000000000,10,8,3,8
3228,9327810,3,23680.374739526701887,6,8,2,7.000000000000000,0.816496580927726,21.000000000000000,3,6,6,7
3229,9327812,10,78934.582465089013567,3,25,22,10.699999999999999,8.025584090893323,107.000000000000000,6,3,5,9
3230,9327814,3,23680.374739526701887,7,33,26,17.666666666666668,11.115554667022044,53.000000000000000,3,7,7,13
3231,9327816,3,23680.374739526701887,7,15,8,10.000000000000000,3.559026084010437,30.000000000000000,3,7,7,8
3232,9327818,10,78934.582465089013567,6,12,6,8.199999999999999,2.088061301782111,82.000000000000000,5,6,8,8
3233,9327820,30,236803.747395267011598,1,40,39,20.899999999999999,11.625689943683630,627.000000000000000,24,1,8,19
3234,9327824,4,31573.832986035602516,6,31,25,17.750000000000000,8.870597499605086,71.000000000000000,3,17,6,17
3235,9327828,4,31573.832986035602516,7,13,6,9.500000000000000,2.179449471770337,38.000000000000000,3,9,7,9
3236,9327832,3,23680.374739526701887,2,8,6,4.333333333333333,2.624669291337271,13.000000000000000,3,2,2,3
3237,9327834,6,47360.749479053403775,1,9,8,3.166666666666667,3.184162195757133,19.000000000000000,3,1,6,1
3238,9327842,36,284164.496874320437200,1,23,22,10.500000000000000,6.706133179576903,378.000000000000000,18,5,3,9
3239,9327846,7,55254.207725562300766,4,25,21,13.428571428571429,8.050858744917356,94.000000000000000,7,4,4,11
3240,9327850,1,7893.458246508900629,4,4,0,4.000000000000000,0.000000000000000,4.000000000000000,1,4,4,4
3241,9327852,30,236803.747395267011598,3,21,18,10.166666666666666,5.285725010714131,305.000000000000000,16,6,4,8
3242,9327854,52,410459.828818462847266,1,31,30,14.153846153846153,8.549369332081248,736.000000000000000,24,17,1,13
3243,9327858,4,31573.832986035602516,8,22,14,13.250000000000000,5.539629951540085,53.000000000000000,4,8,8,9
3244,9327860,2,15786.916493017801258,5,9,4,7.000000000000000,2.000000000000000,14.000000000000000,2,5,5,5
3245,9327862,7,55254.207725562300766,3,13,10,8.285714285714286,3.614031611621004,58.000000000000000,6,11,3,10
3246,9327864,5,39467.291232544506784,3,8,5,6.200000000000000,2.227105745132008,31.000000000000000,3,8,3,8
3247,9327866,9,71041.124218580109300,4,26,22,15.777777777777779,7.450246495217872,142.000000000000000,8,11,4,16
3248,9327868,3,23680.374739526701887,5,17,12,11.666666666666666,4.988876515698589,35.000000000000000,3,5,5,13
3249,9327870,34,268377.580381302628666,1,18,17,6.500000000000000,4.834009418570006,221.000000000000000,14,2,5,4
3250,9327872,60,473607.494790534023196,1,26,25,11.916666666666666,6.335854761242208,715.000000000000000,23,10,3,11
3251,9327876,5,39467.291232544506784,4,18,14,9.600000000000000,5.003998401278722,48.000000000000000,5,4,4,10
3252,9327878,1,7893.458246508900629,24,24,0,24.000000000000000,0.000000000000000,24.000000000000000,1,24,24,24
3253,9327880,20,157869.164930178027134,1,15,14,4.150000000000000,3.718534657630610,83.000000000000000,8,2,1,3
3254,9327884,5,39467.291232544506784,3,8,5,5.400000000000000,2.059126028197400,27.000000000000000,4,3,6,6
3255,9327886,27,213123.372655740327900,1,16,15,5.407407407407407,4.174519349216406,146.000000000000000,12,2,6,4
3256,9327888,1,7893.458246508900629,10,10,0,10.000000000000000,0.000000000000000,10.000000000000000,1,10,10,10
3257,9327890,34,268377.580381302628666,1,17,16,7.735294117647059,4.797725095288953,263.000000000000000,13,7,6,7
3258,9327894,17,134188.790190651314333,1,25,24,14.470588235294118,7.941830038464786,246.000000000000000,11,18,1,17
3259,9327896,30,236803.747395267011598,1,38,37,18.000000000000000,12.187425213445756,540.000000000000000,19,4,1,18
3260,9327900,3,23680.374739526701887,1,9,8,4.000000000000000,3.559026084010437,12.000000000000000,3,1,1,2
3261,9327902,14,110508.415451124601532,1,8,7,4.857142857142857,2.445320395517670,68.000000000000000,6,7,1,6
3262,9327904,17,134188.790190651314333,1,39,38,12.000000000000000,10.824808108610300,204.000000000000000,13,1,3,10
3263,9327906,26,205229.914409231423633,2,13,11,7.230769230769231,3.273526589377417,188.000000000000000,12,7,6,7
3264,9327908,1,7893.458246508900629,8,8,0,8.000000000000000,0.000000000000000,8.000000000000000,1,8,8,8
3265,9327910,12,94721.498958106807549,2,15,13,6.083333333333333,3.353066589788452,73.000000000000000,7,6,3,6
3266,9327920,1,7893.458246508900629,4,4,0,4.000000000000000,0.000000000000000,4.000000000000000,1,4,4,4
3267,9327922,26,205229.914409231423633,1,11,10,3.615384615384615,3.259033871433056,94.000000000000000,8,1,3,2
3268,9327924,1,7893.458246508900629,7,7,0,7.000000000000000,0.000000000000000,7.000000000000000,1,7,7,7
3269,9327926,5,39467.291232544506784,3,16,13,10.000000000000000,4.381780460041329,50.000000000000000,4,9,3,9
3270,9327928,3,23680.374739526701887,3,13,10,6.666666666666667,4.496912521077347,20.000000000000000,3,3,3,4
3271,9327930,14,110508.415451124601532,1,17,16,7.142857142857143,5.194188275056526,100.000000000000000,9,2,1,4
3272,9327932,1,7893.458246508900629,3,3,0,3.000000000000000,0.000000000000000,3.000000000000000,1,3,3,3
3273,9327934,8,63147.665972071205033,3,16,13,10.875000000000000,4.512136411945011,87.000000000000000,6,13,3,12
3274,9327938,16,126295.331944142410066,1,22,21,10.187500000000000,5.659270602294963,163.000000000000000,12,7,1,9
3275,9327940,3,23680.374739526701887,6,14,8,9.000000000000000,3.559026084010437,27.000000000000000,3,6,6,7
3276,9327942,24,189442.997916213615099,1,23,22,7.250000000000000,6.219927652312364,174.000000000000000,12,1,5,5
3277,9327946,7,55254.207725562300766,3,20,17,7.142857142857143,5.565931353936616,50.000000000000000,3,3,20,7
3278,9327948,16,126295.331944142410066,2,38,36,14.812500000000000,9.132488365719389,237.000000000000000,12,2,6,15
3279,9327950,2,15786.916493017801258,9,17,8,13.000000000000000,4.000000000000000,26.000000000000000,2,9,9,9
3280,9327952,5,39467.291232544506784,10,17,7,13.000000000000000,2.898275349237888,65.000000000000000,4,11,10,11
3281,9327954,1,7893.458246508900629,5,5,0,5.000000000000000,0.000000000000000,5.000000000000000,1,5,5,5
3282,9327956,65,513074.786023078544531,2,37,35,13.400000000000000,8.062830195981482,871.000000000000000,22,14,16,11
3283,9327958,3,23680.374739526701887,3,5,2,4.000000000000000,0.816496580927726,12.000000000000000,3,3,3,4
3284,9327960,49,386779.454078936134465,1,42,41,15.040816326530612,11.137286489716388,737.000000000000000,26,4,2,13
3285,9327964,3,23680.374739526701887,4,8,4,5.666666666666667,1.699673171197594,17.000000000000000,3,4,4,5
3286,9327966,11,86828.040711597903282,1,51,50,21.545454545454547,17.941134231721836,237.000000000000000,10,7,1,11
3287,9327970,37,292057.955120829341467,2,46,44,25.162162162162161,12.233126301515838,931.000000000000000,24,8,2,26
3288,9327974,36,284164.496874320437200,1,32,31,12.694444444444445,9.176720076259528,457.000000000000000,19,1,2,13
3289,9327978,4,31573.832986035602516,3,17,14,10.250000000000000,4.968651728587948,41.000000000000000,4,3,3,10
3290,9327980,19,149975.706683669122867,1,27,26,11.684210526315789,7.093752860079719,222.000000000000000,13,9,1,13
3291,9327984,20,157869.164930178027134,1,24,23,10.199999999999999,7.208328516376041,204.000000000000000,10,1,15,7
3292,9327986,4,31573.832986035602516,3,10,7,6.500000000000000,2.500000000000000,26.000000000000000,4,3,3,6
3293,9327988,4,31573.832986035602516,1,4,3,2.250000000000000,1.299038105676658,9.000000000000000,3,1,3,1
3294,9327998,2,15786.916493017801258,1,5,4,3.000000000000000,2.000000000000000,6.000000000000000,2,1,1,1
3295,9328026,24,189442.997916213615099,1,27,26,10.916666666666666,6.632726102859635,262.000000000000000,15,5,1,8
3296,9328028,7,55254.207725562300766,1,14,13,4.428571428571429,4.337778985911136,31.000000000000000,5,1,2,3
3297,9328030,8,63147.665972071205033,2,7,5,4.250000000000000,1.479019945774904,34.000000000000000,5,4,2,4
3298,9328032,3,23680.374739526701887,5,11,6,7.000000000000000,2.828427124746190,21.000000000000000,2,5,11,5
3299,9328034,8,63147.665972071205033,5,21,16,12.250000000000000,5.214163403653552,98.000000000000000,7,9,5,10
3300,9328036,12,94721.498958106807549,6,23,17,11.666666666666666,5.312459150169743,140.000000000000000,7,6,16,11
3301,9328038,3,23680.374739526701887,3,12,9,7.000000000000000,3.741657386773941,21.000000000000000,3,3,3,6
3302,9328040,4,31573.832986035602516,4,11,7,6.250000000000000,2.861380785564899,25.000000000000000,3,4,6,4
3303,9328042,12,94721.498958106807549,3,15,12,9.250000000000000,3.722118572354549,111.000000000000000,11,8,3,8
3304,9328044,55,434140.203557989560068,1,23,22,7.545454545454546,5.058990850925910,415.000000000000000,18,5,8,6
3305,9328048,4,31573.832986035602516,2,13,11,6.750000000000000,4.023369234857770,27.000000000000000,4,2,2,5
3306,9328050,15,118401.873697633505799,5,21,16,13.133333333333333,4.529410067056809,197.000000000000000,10,11,5,13
3307,9328054,2,15786.916493017801258,18,20,2,19.000000000000000,1.000000000000000,38.000000000000000,2,18,18,18
3308,9328056,82,647263.576213729800656,2,16,14,8.060975609756097,3.299473575807798,661.000000000000000,15,6,10,7
3309,9328058,25,197336.456162722519366,1,28,27,8.640000000000001,6.285729870110550,216.000000000000000,14,8,9,8
3310,9328060,9,71041.124218580109300,4,23,19,12.222222222222221,5.672110674711210,110.000000000000000,8,11,4,11
3311,9328062,3,23680.374739526701887,6,11,5,9.000000000000000,2.160246899469287,27.000000000000000,3,6,6,10
3312,9328064,7,55254.207725562300766,2,15,13,7.857142857142857,4.290473547908917,55.000000000000000,4,2,15,8
3313,9328066,9,71041.124218580109300,5,17,12,11.000000000000000,4.216370213557839,99.000000000000000,8,8,5,11
3314,9328068,5,39467.291232544506784,1,9,8,3.800000000000000,2.785677655436824,19.000000000000000,5,1,1,3
3315,9328070,5,39467.291232544506784,6,10,4,8.400000000000000,1.624807680927191,42.000000000000000,4,10,6,9
3316,9328072,14,110508.415451124601532,2,31,29,10.928571428571429,8.302015983347363,153.000000000000000,11,2,7,7
3317,9328076,3,23680.374739526701887,5,6,1,5.666666666666667,0.471404520791028,17.000000000000000,2,6,5,6
3318,9328080,5,39467.291232544506784,5,25,20,11.000000000000000,7.402702209328699,55.000000000000000,5,5,5,7
3319,9328084,1,7893.458246508900629,32,32,0,32.000000000000000,0.000000000000000,32.000000000000000,1,32,32,32
3320,9328086,10,78934.582465089013567,1,5,4,3.000000000000000,1.095445115010332,30.000000000000000,5,3,1,3
3321,9328090,26,205229.914409231423633,1,7,6,2.076923076923077,1.615384615384615,54.000000000000000,7,1,3,1
3322,9328092,22,173656.081423195806565,1,22,21,7.909090909090909,4.756900164345865,174.000000000000000,13,12,1,7
3323,9328094,7,55254.207725562300766,2,23,21,12.857142857142858,7.548482750641661,90.000000000000000,7,2,2,13
3324,9328096,9,71041.124218580109300,6,16,10,9.555555555555555,3.235604395235787,86.000000000000000,6,6,9,9
3325,9328098,5,39467.291232544506784,2,14,12,9.800000000000001,4.399999999999999,49.000000000000000,5,2,2,12
3326,9328100,6,47360.749479053403775,3,32,29,14.000000000000000,9.780933834080807,84.000000000000000,6,3,3,12
3327,9328102,21,165762.623176686902298,1,37,36,15.523809523809524,9.554949092182282,326.000000000000000,16,8,1,14
3328,9328104,5,39467.291232544506784,14,26,12,18.800000000000001,3.919183588453084,94.000000000000000,3,18,14,18
3329,9328612,2,15786.916493017801258,2,9,7,5.500000000000000,3.500000000000000,11.000000000000000,2,2,2,2
3330,9328614,2,15786.916493017801258,6,6,0,6.000000000000000,0.000000000000000,12.000000000000000,1,6,6,6
3331,9328616,4,31573.832986035602516,6,21,15,14.250000000000000,5.539629951540085,57.000000000000000,4,6,6,13
3332,9328618,1,7893.458246508900629,2,2,0,2.000000000000000,0.000000000000000,2.000000000000000,1,2,2,2
3333,9328620,3,23680.374739526701887,1,2,1,1.666666666666667,0.471404520791031,5.000000000000000,2,2,1,2
3334,9328622,6,47360.749479053403775,2,22,20,12.333333333333334,7.156970184527962,74.000000000000000,6,2,2,11
3335,9328624,11,86828.040711597903282,1,6,5,3.363636363636364,1.226430687566549,37.000000000000000,5,3,1,3
3336,9328626,7,55254.207725562300766,1,7,6,3.571428571428572,2.258769757263128,25.000000000000000,6,1,2,3
3337,9328628,1,7893.458246508900629,7,7,0,7.000000000000000,0.000000000000000,7.000000000000000,1,7,7,7
3338,9328630,9,71041.124218580109300,3,17,14,9.000000000000000,5.773502691896258,81.000000000000000,6,3,8,8
3339,9328632,10,78934.582465089013567,2,9,7,5.800000000000000,2.271563338320110,58.000000000000000,6,5,2,5
3340,9328634,5,39467.291232544506784,1,16,15,6.200000000000000,5.455272678794342,31.000000000000000,5,1,1,4
3341,9328636,11,86828.040711597903282,1,10,9,3.818181818181818,2.479669399451974,42.000000000000000,7,4,3,4
3342,9328638,10,78934.582465089013567,3,20,17,10.699999999999999,5.158488150611574,107.000000000000000,7,5,3,9
3343,9328640,6,47360.749479053403775,4,11,7,7.333333333333333,2.211083193570268,44.000000000000000,5,7,4,7
3344,9328642,1,7893.458246508900629,8,8,0,8.000000000000000,0.000000000000000,8.000000000000000,1,8,8,8
3345,9328644,4,31573.832986035602516,7,16,9,10.750000000000000,3.344772040064913,43.000000000000000,4,7,7,9
3346,9328646,1,7893.458246508900629,1,1,0,1.000000000000000,0.000000000000000,1.000000000000000,1,1,1,1
3347,9328650,25,197336.456162722519366,1,16,15,6.920000000000000,4.832556259372465,173.000000000000000,13,5,6,5
3348,9328652,2,15786.916493017801258,2,8,6,5.000000000000000,3.000000000000000,10.000000000000000,2,2,2,2
3349,9328654,15,118401.873697633505799,6,25,19,12.933333333333334,5.836284967530477,194.000000000000000,9,6,12,12
3350,9328656,3,23680.374739526701887,2,5,3,3.000000000000000,1.414213562373095,9.000000000000000,2,2,5,2
3351,9328658,4,31573.832986035602516,2,21,19,8.500000000000000,7.433034373659253,34.000000000000000,4,2,2,4
3352,9328660,5,39467.291232544506784,11,18,7,14.199999999999999,2.227105745132012,71.000000000000000,3,14,11,14
3353,9328662,9,71041.124218580109300,2,15,13,9.000000000000000,4.216370213557839,81.000000000000000,8,11,2,10
3354,9328664,5,39467.291232544506784,7,17,10,14.400000000000000,3.720215047547656,72.000000000000000,3,16,7,16
3355,9328666,6,47360.749479053403775,16,22,6,19.666666666666668,2.054804667656313,118.000000000000000,4,19,16,19
3356,9328668,9,71041.124218580109300,2,18,16,12.111111111111111,4.458311699497528,109.000000000000000,9,2,2,13
3357,9328670,2,15786.916493017801258,15,17,2,16.000000000000000,1.000000000000000,32.000000000000000,2,15,15,15
3358,9328672,7,55254.207725562300766,6,18,12,11.571428571428571,3.539860483818249,81.000000000000000,6,12,6,12
3359,9328674,4,31573.832986035602516,3,26,23,12.250000000000000,8.437268515343103,49.000000000000000,3,10,3,10
3360,9328676,4,31573.832986035602516,18,23,5,21.250000000000000,1.920286436967152,85.000000000000000,3,22,18,22
3361,9328680,6,47360.749479053403775,7,13,6,10.333333333333334,2.134374745810947,62.000000000000000,5,11,7,11
3362,9328682,12,94721.498958106807549,7,19,12,13.583333333333334,3.121386800054672,163.000000000000000,9,11,7,13
3363,9328684,9,71041.124218580109300,2,13,11,5.888888888888889,3.281071791162977,53.000000000000000,7,3,2,6
3364,9328686,4,31573.832986035602516,1,8,7,4.000000000000000,2.738612787525831,16.000000000000000,4,1,1,2
3365,9328688,10,78934.582465089013567,4,14,10,9.400000000000000,3.440930106817051,94.000000000000000,6,13,4,9
3366,9328692,12,94721.498958106807549,7,28,21,20.083333333333332,5.514501085521903,241.000000000000000,8,19,7,19
3367,9328694,7,55254.207725562300766,2,14,12,8.428571428571429,4.467570220317683,59.000000000000000,5,2,8,9
3368,9328696,11,86828.040711597903282,1,12,11,5.636363636363637,3.867644979305935,62.000000000000000,6,3,1,4
3369,9328698,7,55254.207725562300766,6,22,16,13.142857142857142,7.414822441349131,92.000000000000000,5,6,7,8
3370,9328700,20,157869.164930178027134,7,30,23,16.550000000000001,6.880951969022890,331.000000000000000,14,27,7,15
3371,9328702,9,71041.124218580109300,14,28,14,19.666666666666668,5.312459150169742,177.000000000000000,6,14,20,20
3372,9328704,12,94721.498958106807549,3,12,9,6.916666666666667,2.215789300051388,83.000000000000000,6,7,3,7
3373,9328706,4,31573.832986035602516,6,15,9,10.250000000000000,3.269174207655505,41.000000000000000,4,6,6,9
3374,9328708,12,94721.498958106807549,4,16,12,9.666666666666666,3.901566636906542,116.000000000000000,7,4,12,11
3375,9328710,10,78934.582465089013567,3,14,11,7.900000000000000,2.662705391138869,79.000000000000000,6,7,3,7
3376,9328712,8,63147.665972071205033,3,13,10,8.000000000000000,3.640054944640259,64.000000000000000,6,3,5,8
3377,9328714,8,63147.665972071205033,7,21,14,11.750000000000000,4.408798022137099,94.000000000000000,6,8,7,11
3378,9328716,3,23680.374739526701887,6,20,14,12.666666666666666,5.734883511361751,38.000000000000000,3,6,6,12
3379,9328718,16,126295.331944142410066,4,32,28,14.000000000000000,7.794228634059948,224.000000000000000,10,4,5,14
3380,9328720,4,31573.832986035602516,1,13,12,6.000000000000000,4.847679857416329,24.000000000000000,4,1,1,2
3381,9328722,14,110508.415451124601532,5,19,14,11.142857142857142,3.833259389999640,156.000000000000000,9,12,5,12
3382,9328724,18,142082.248437160218600,1,29,28,7.611111111111111,8.699545894208049,137.000000000000000,8,3,14,3
3383,9328726,14,110508.415451124601532,2,15,13,7.857142857142857,4.137928102274355,110.000000000000000,9,2,10,8
3384,9328728,11,86828.040711597903282,3,21,18,10.000000000000000,6.000000000000000,110.000000000000000,10,7,3,7
3385,9328730,18,142082.248437160218600,1,33,32,14.277777777777779,8.060917755549202,257.000000000000000,13,11,1,11
3386,9328732,3,23680.374739526701887,3,5,2,3.666666666666667,0.942809041582064,11.000000000000000,2,3,5,3
3387,9328734,8,63147.665972071205033,7,20,13,12.000000000000000,3.741657386773941,96.000000000000000,6,10,7,10
3388,9328736,26,205229.914409231423633,4,19,15,9.000000000000000,3.316624790355400,234.000000000000000,10,7,6,8
3389,9328738,4,31573.832986035602516,15,24,9,19.250000000000000,3.191786333700926,77.000000000000000,3,19,15,19
3390,9328740,8,63147.665972071205033,1,5,4,2.250000000000000,1.089724735885168,18.000000000000000,3,2,1,2
3391,9328742,23,181549.539669704710832,2,33,31,12.608695652173912,9.640219781162230,290.000000000000000,13,5,8,10
3392,9328746,5,39467.291232544506784,6,11,5,9.199999999999999,1.833030277982337,46.000000000000000,3,9,6,9
3393,9328748,9,71041.124218580109300,5,16,11,9.888888888888889,3.754832277492399,89.000000000000000,7,6,5,11
3394,9328750,13,102614.957204615711817,2,11,9,5.461538461538462,2.437381464269978,71.000000000000000,8,4,2,5
3395,9328752,10,78934.582465089013567,8,16,8,10.600000000000000,2.764054992217052,106.000000000000000,6,8,9,9
3396,9328754,10,78934.582465089013567,6,19,13,14.300000000000001,4.099999999999999,143.000000000000000,9,18,6,15
3397,9328756,31,244697.205641775915865,3,13,10,7.225806451612903,3.055504577087643,224.000000000000000,10,4,13,7
3398,9328758,7,55254.207725562300766,1,12,11,4.428571428571429,3.539860483818247,31.000000000000000,5,1,5,3
3399,9328762,6,47360.749479053403775,1,11,10,6.666666666666667,3.299831645537221,40.000000000000000,6,1,1,7
3400,9328764,21,165762.623176686902298,1,22,21,11.809523809523810,6.215334704384659,248.000000000000000,17,7,1,12
3401,9328766,20,157869.164930178027134,3,31,28,15.850000000000000,9.645076464186275,317.000000000000000,13,3,7,15
3402,9328768,13,102614.957204615711817,4,28,24,14.923076923076923,5.902561874846422,194.000000000000000,10,18,4,15
3403,9328770,5,39467.291232544506784,14,19,5,16.600000000000001,2.059126028197391,83.000000000000000,4,19,14,16
3404,9328772,9,71041.124218580109300,2,19,17,9.444444444444445,5.397759022884942,85.000000000000000,8,10,2,10
3405,9328774,5,39467.291232544506784,3,18,15,11.199999999999999,5.564171097297423,56.000000000000000,5,3,3,12
3406,9328776,10,78934.582465089013567,3,29,26,13.699999999999999,9.306449376641986,137.000000000000000,9,11,3,10
3407,9328778,11,86828.040711597903282,3,19,16,13.181818181818182,4.302603478617904,145.000000000000000,7,12,3,13
3408,9328780,18,142082.248437160218600,2,20,18,9.611111111111111,4.692060538693574,173.000000000000000,12,9,2,9
3409,9328782,12,94721.498958106807549,2,18,16,9.666666666666666,4.696334267868457,116.000000000000000,10,9,2,9
3410,9328784,7,55254.207725562300766,2,19,17,11.428571428571429,5.627918743883487,80.000000000000000,6,9,2,9
3411,9328786,20,157869.164930178027134,3,17,14,10.449999999999999,4.188973621306300,209.000000000000000,13,14,4,11
3412,9328788,17,134188.790190651314333,1,17,16,7.823529411764706,5.193154930433704,133.000000000000000,11,2,1,6
3413,9328790,14,110508.415451124601532,3,16,13,9.785714285714286,3.725943244498563,137.000000000000000,7,8,13,9
3414,9328792,14,110508.415451124601532,4,16,12,9.428571428571429,4.271404682207443,132.000000000000000,8,16,6,8
3415,9328794,2,15786.916493017801258,5,7,2,6.000000000000000,1.000000000000000,12.000000000000000,2,5,5,5
3416,9328796,20,157869.164930178027134,1,21,20,6.350000000000000,4.327528162819972,127.000000000000000,9,4,1,5
3417,9328800,16,126295.331944142410066,3,18,15,10.125000000000000,4.948168853222372,162.000000000000000,12,4,3,9
3418,9328802,7,55254.207725562300766,4,21,17,15.857142857142858,5.329930887479323,111.000000000000000,5,16,4,16
3419,9328804,10,78934.582465089013567,4,17,13,10.500000000000000,4.129164564412516,105.000000000000000,8,6,4,10
3420,9328806,6,47360.749479053403775,3,16,13,8.166666666666666,4.219662967057388,49.000000000000000,5,6,3,6
3421,9328808,18,142082.248437160218600,2,18,16,10.444444444444445,4.487293445846371,188.000000000000000,13,13,2,11
3422,9328810,7,55254.207725562300766,7,22,15,14.142857142857142,5.792324266489512,99.000000000000000,6,22,7,12
3423,9328812,17,134188.790190651314333,6,29,23,15.235294117647058,5.826202595018535,259.000000000000000,12,14,6,14
3424,9328814,10,78934.582465089013567,5,25,20,14.400000000000000,5.713142742834281,144.000000000000000,8,12,5,13
3425,9328816,5,39467.291232544506784,4,37,33,23.800000000000001,11.548160026601639,119.000000000000000,5,4,4,25
3426,9328818,12,94721.498958106807549,1,15,14,6.583333333333333,4.733890812241262,79.000000000000000,9,2,1,4
3427,9328820,5,39467.291232544506784,2,14,12,8.600000000000000,3.979949748426479,43.000000000000000,4,10,2,10
3428,9328822,9,71041.124218580109300,1,21,20,9.222222222222221,5.390893098092536,83.000000000000000,6,6,1,9
3429,9328824,12,94721.498958106807549,6,21,15,11.416666666666666,4.680782223327873,137.000000000000000,8,10,6,10
3430,9328826,1,7893.458246508900629,6,6,0,6.000000000000000,0.000000000000000,6.000000000000000,1,6,6,6
3431,9328828,25,197336.456162722519366,3,23,20,11.920000000000000,5.035235843533052,298.000000000000000,14,17,3,12
3432,9328830,14,110508.415451124601532,1,15,14,8.214285714285714,4.798490408876695,115.000000000000000,9,5,1,6
3433,9328834,20,157869.164930178027134,1,11,10,5.700000000000000,2.703701166919154,114.000000000000000,10,6,1,6
3434,9328836,8,63147.665972071205033,2,30,28,17.625000000000000,9.577806377245262,141.000000000000000,7,16,2,16
3435,9328838,16,126295.331944142410066,1,14,13,7.812500000000000,3.972070461358912,125.000000000000000,8,10,1,9
3436,9328840,14,110508.415451124601532,7,25,18,16.428571428571427,5.394630739571203,230.000000000000000,7,21,7,18
3437,9328842,23,181549.539669704710832,4,24,20,12.304347826086957,5.930281777957395,283.000000000000000,13,10,4,10
3438,9328844,9,71041.124218580109300,1,13,12,6.222222222222222,3.456966485800899,56.000000000000000,8,6,1,6
3439,9328846,17,134188.790190651314333,1,17,16,5.058823529411764,4.108392962408053,86.000000000000000,9,3,2,3
3440,9328848,24,189442.997916213615099,3,20,17,8.791666666666666,4.132988896939143,211.000000000000000,12,5,6,9
3441,9328850,4,31573.832986035602516,1,6,5,2.500000000000000,2.061552812808830,10.000000000000000,3,1,2,1
3442,9328852,3,23680.374739526701887,12,22,10,18.666666666666668,4.714045207910312,56.000000000000000,2,22,12,22
3443,9328854,6,47360.749479053403775,11,19,8,13.833333333333334,2.852873794770613,83.000000000000000,4,11,12,12
3444,9328856,12,94721.498958106807549,3,20,17,9.666666666666666,4.801620096962645,116.000000000000000,8,13,3,7
3445,9328858,7,55254.207725562300766,3,16,13,8.857142857142858,4.580348440537541,62.000000000000000,6,7,3,7
3446,9328860,7,55254.207725562300766,4,26,22,17.285714285714285,8.012744949931520,121.000000000000000,6,26,4,20
3447,9328862,13,102614.957204615711817,4,33,29,15.846153846153847,10.581886947087780,206.000000000000000,11,9,4,11
3448,9328864,3,23680.374739526701887,4,17,13,10.666666666666666,5.312459150169743,32.000000000000000,3,4,4,11
3449,9328866,10,78934.582465089013567,4,20,16,12.000000000000000,4.494441010848846,120.000000000000000,8,10,4,10
3450,9328868,21,165762.623176686902298,1,9,8,4.047619047619047,2.439285423783943,85.000000000000000,7,2,3,4
3451,9328870,13,102614.957204615711817,2,17,15,8.153846153846153,5.318272620751879,106.000000000000000,8,2,5,6
3452,9328872,9,71041.124218580109300,8,19,11,13.111111111111111,3.754832277492401,118.000000000000000,7,8,11,12
3453,9328874,11,86828.040711597903282,1,15,14,7.181818181818182,5.339700056577604,79.000000000000000,7,1,2,9
3454,9328876,4,31573.832986035602516,5,12,7,7.750000000000000,2.947456530637899,31.000000000000000,3,5,9,5
3455,9328878,3,23680.374739526701887,2,5,3,3.666666666666667,1.247219128924648,11.000000000000000,3,2,2,4
3456,9328880,20,157869.164930178027134,3,21,18,9.300000000000001,4.869291529575939,186.000000000000000,11,6,4,8
3457,9328882,2,15786.916493017801258,2,6,4,4.000000000000000,2.000000000000000,8.000000000000000,2,2,2,2
3458,9328886,18,142082.248437160218600,4,29,25,14.000000000000000,6.815016100086957,252.000000000000000,11,4,11,14
3459,9328888,6,47360.749479053403775,4,17,13,12.000000000000000,4.932882862316247,72.000000000000000,5,16,4,12
3460,9328890,2,15786.916493017801258,11,11,0,11.000000000000000,0.000000000000000,22.000000000000000,1,11,11,11
3461,9328892,7,55254.207725562300766,3,19,16,11.285714285714286,6.518419740885618,79.000000000000000,5,7,3,7
3462,9328896,7,55254.207725562300766,8,13,5,10.857142857142858,1.641303613296576,76.000000000000000,4,10,8,11
3463,9328898,15,118401.873697633505799,2,15,13,6.266666666666667,3.492213560989013,94.000000000000000,9,3,2,6
3464,9328902,20,157869.164930178027134,1,22,21,14.250000000000000,5.521548695791789,285.000000000000000,12,19,1,14
3465,9328904,3,23680.374739526701887,1,13,12,5.666666666666667,5.249338582674540,17.000000000000000,3,1,1,3
3466,9328906,2,15786.916493017801258,11,16,5,13.500000000000000,2.500000000000000,27.000000000000000,2,11,11,11
3467,9328908,15,118401.873697633505799,6,32,26,19.866666666666667,8.373503182990712,298.000000000000000,12,26,6,19
3468,9328910,12,94721.498958106807549,5,30,25,19.083333333333332,7.532798653591876,229.000000000000000,11,20,5,20
3469,9328912,8,63147.665972071205033,2,10,8,5.000000000000000,3.000000000000000,40.000000000000000,5,3,2,3
3470,9328914,2,15786.916493017801258,5,14,9,9.500000000000000,4.500000000000000,19.000000000000000,2,5,5,5
3471,9328918,14,110508.415451124601532,3,16,13,8.285714285714286,3.216665785485057,116.000000000000000,8,10,3,8
3472,9328920,6,47360.749479053403775,15,37,22,25.833333333333332,8.354971906329522,155.000000000000000,6,15,15,22
3473,9328922,9,71041.124218580109300,3,8,5,5.000000000000000,1.414213562373095,45.000000000000000,5,4,3,5
3474,9328924,19,149975.706683669122867,1,14,13,5.263157894736842,3.682706459902295,100.000000000000000,8,5,2,4
3475,9328926,13,102614.957204615711817,9,31,22,16.769230769230770,8.001479153197440,218.000000000000000,8,11,9,11
3476,9328928,21,165762.623176686902298,1,24,23,10.571428571428571,6.883876458946720,222.000000000000000,15,16,2,8
3477,9328930,2,15786.916493017801258,6,8,2,7.000000000000000,1.000000000000000,14.000000000000000,2,6,6,6
3478,9328932,6,47360.749479053403775,5,23,18,14.500000000000000,5.737304826019502,87.000000000000000,6,5,5,15
3479,9328934,7,55254.207725562300766,5,24,19,15.428571428571429,5.827450872677469,108.000000000000000,7,5,5,15
3480,9328936,2,15786.916493017801258,2,5,3,3.500000000000000,1.500000000000000,7.000000000000000,2,2,2,2
3481,9328938,4,31573.832986035602516,2,11,9,5.500000000000000,3.500000000000000,22.000000000000000,4,2,2,3
3482,9328940,4,31573.832986035602516,13,22,9,17.250000000000000,3.491060010942235,69.000000000000000,4,13,13,15
3483,9328942,8,63147.665972071205033,9,14,5,11.000000000000000,1.870828693386971,88.000000000000000,5,9,10,10
3484,9328944,11,86828.040711597903282,9,22,13,15.545454545454545,4.292988710224583,171.000000000000000,6,15,9,15
3485,9328946,18,142082.248437160218600,1,17,16,7.166666666666667,3.919325338768282,129.000000000000000,11,6,1,6
3486,9328948,12,94721.498958106807549,1,13,12,5.000000000000000,3.341656275960570,60.000000000000000,7,4,2,4
3487,9328950,20,157869.164930178027134,6,20,14,11.850000000000000,4.015905875391007,237.000000000000000,10,10,6,10
3488,9328952,3,23680.374739526701887,1,13,12,6.000000000000000,5.099019513592784,18.000000000000000,3,1,1,4
3489,9328954,1,7893.458246508900629,5,5,0,5.000000000000000,0.000000000000000,5.000000000000000,1,5,5,5
3490,9328956,20,157869.164930178027134,1,25,24,10.699999999999999,6.293647591023826,214.000000000000000,12,9,1,9
3491,9328958,6,47360.749479053403775,6,14,8,8.833333333333334,2.671869923646899,53.000000000000000,5,7,6,7
3492,9328960,4,31573.832986035602516,7,19,12,12.500000000000000,4.330127018922194,50.000000000000000,4,7,7,11
3493,9328962,16,126295.331944142410066,7,26,19,13.500000000000000,5.000000000000000,216.000000000000000,11,14,7,12
3494,9328964,5,39467.291232544506784,4,11,7,5.800000000000000,2.712931993250108,29.000000000000000,3,4,6,4
3495,9328968,10,78934.582465089013567,6,20,14,13.300000000000001,5.139066063011838,133.000000000000000,7,6,8,14
3496,9328970,17,134188.790190651314333,3,31,28,14.352941176470589,8.281383633119088,244.000000000000000,11,10,5,12
3497,9328972,13,102614.957204615711817,3,36,33,23.153846153846153,9.197375493929307,301.000000000000000,9,20,3,24
3498,9328974,17,134188.790190651314333,2,17,15,5.235294117647059,3.918724458810934,89.000000000000000,8,3,4,3
3499,9328976,20,157869.164930178027134,1,24,23,8.750000000000000,7.555627042145476,175.000000000000000,14,1,5,5
3500,9328978,17,134188.790190651314333,2,11,9,5.411764705882353,2.829650228424869,92.000000000000000,8,2,5,5
3501,9328980,1,7893.458246508900629,4,4,0,4.000000000000000,0.000000000000000,4.000000000000000,1,4,4,4
3502,9328982,5,39467.291232544506784,3,20,17,12.400000000000000,6.343500610861481,62.000000000000000,4,10,3,10
3503,9328984,7,55254.207725562300766,4,15,11,10.142857142857142,4.356557337707688,71.000000000000000,6,15,4,12
3504,9328986,13,102614.957204615711817,3,26,23,14.923076923076923,6.426645715140129,194.000000000000000,9,16,3,16
3505,9328988,7,55254.207725562300766,2,36,34,18.714285714285715,13.915195042155336,131.000000000000000,6,27,2,27
3506,9328990,6,47360.749479053403775,7,10,3,8.500000000000000,1.500000000000000,51.000000000000000,2,7,7,7
3507,9328992,9,71041.124218580109300,4,14,10,8.666666666666666,3.231786571610886,78.000000000000000,6,7,4,8
3508,9328994,2,15786.916493017801258,12,16,4,14.000000000000000,2.000000000000000,28.000000000000000,2,12,12,12
3509,9328996,16,126295.331944142410066,12,52,40,32.625000000000000,11.794463743638369,522.000000000000000,12,38,12,31
3510,9328998,8,63147.665972071205033,5,20,15,12.500000000000000,5.937171043518958,100.000000000000000,5,5,11,10
3511,9329000,10,78934.582465089013567,2,18,16,9.100000000000000,5.262128846769148,91.000000000000000,9,7,2,7
3512,9329002,14,110508.415451124601532,1,16,15,7.142857142857143,5.436085025840128,100.000000000000000,8,1,8,4
3513,9329004,11,86828.040711597903282,19,43,24,30.818181818181817,7.696731086733356,339.000000000000000,11,19,19,33
3514,9329006,12,94721.498958106807549,3,10,7,5.750000000000000,2.313907229485804,69.000000000000000,7,4,3,4
3515,9329008,13,102614.957204615711817,4,16,12,9.461538461538462,3.973283560044603,123.000000000000000,9,4,7,8
3516,9329010,18,142082.248437160218600,1,11,10,5.000000000000000,2.924988129130707,90.000000000000000,11,4,5,4
3517,9329012,5,39467.291232544506784,5,10,5,6.200000000000000,1.939071942966531,31.000000000000000,3,5,6,5
3518,9329014,15,118401.873697633505799,2,14,12,7.200000000000000,3.390181902690965,108.000000000000000,10,4,2,6
3519,9329016,17,134188.790190651314333,1,43,42,16.941176470588236,14.750755068351761,288.000000000000000,15,1,3,11
3520,9329018,5,39467.291232544506784,5,18,13,9.400000000000000,4.758150901348127,47.000000000000000,4,5,9,9
3521,9329020,17,134188.790190651314333,2,12,10,7.294117647058823,2.443832715040116,124.000000000000000,9,9,2,8
3522,9329024,36,284164.496874320437200,1,25,24,10.222222222222221,6.712803318663652,368.000000000000000,19,2,6,10
3523,9329026,24,189442.997916213615099,2,28,26,12.166666666666666,7.074995092263709,292.000000000000000,16,14,2,11
3524,9329028,6,47360.749479053403775,4,23,19,13.000000000000000,7.505553499465135,78.000000000000000,5,7,4,7
3525,9329030,16,126295.331944142410066,4,18,14,9.312500000000000,3.600672680208519,149.000000000000000,10,7,4,9
3526,9329032,9,71041.124218580109300,11,46,35,30.666666666666668,9.775252199076787,276.000000000000000,9,11,11,32
3527,9329034,12,94721.498958106807549,1,10,9,5.083333333333333,2.691292543659191,61.000000000000000,9,2,1,5
3528,9329036,5,39467.291232544506784,4,10,6,6.600000000000000,2.059126028197401,33.000000000000000,4,7,4,7
3529,9329038,15,118401.873697633505799,1,17,16,6.866666666666666,3.757067414294766,103.000000000000000,9,7,1,7
3530,9329040,6,47360.749479053403775,1,3,2,1.666666666666667,0.745355992499930,10.000000000000000,3,1,3,1
3531,9329042,20,157869.164930178027134,1,34,33,14.400000000000000,7.735631842325487,288.000000000000000,14,10,1,13
3532,9329044,5,39467.291232544506784,2,7,5,4.600000000000000,1.624807680927192,23.000000000000000,4,5,2,5
3533,9329046,15,118401.873697633505799,3,16,13,9.266666666666667,3.749962962780061,139.000000000000000,11,10,3,10
3534,9329048,4,31573.832986035602516,1,25,24,13.750000000000000,9.364160400164021,55.000000000000000,4,1,1,9
3535,9329050,3,23680.374739526701887,2,14,12,6.000000000000000,5.656854249492381,18.000000000000000,2,2,14,2
3536,9329052,28,221016.830902249203064,5,58,53,28.857142857142858,15.011220293296532,808.000000000000000,21,24,7,27
3537,9329054,9,71041.124218580109300,1,25,24,12.111111111111111,6.279498289308797,109.000000000000000,7,15,1,12
3538,9329056,14,110508.415451124601532,2,37,35,16.142857142857142,10.709522750852178,226.000000000000000,11,5,2,16
3539,9329058,13,102614.957204615711817,2,28,26,11.538461538461538,8.652393040393148,150.000000000000000,10,3,2,8
3540,9329060,15,118401.873697633505799,3,17,14,9.000000000000000,4.857983120596447,135.000000000000000,9,7,5,7
3541,9329062,6,47360.749479053403775,8,18,10,11.833333333333334,4.058598553961972,71.000000000000000,5,9,8,9
3542,9329064,6,47360.749479053403775,4,16,12,8.833333333333334,3.890872509976250,53.000000000000000,6,4,4,7
3543,9329066,24,189442.997916213615099,1,19,18,9.000000000000000,6.062177826491070,216.000000000000000,13,4,1,7
3544,9329068,14,110508.415451124601532,1,9,8,3.285714285714286,2.249716535431946,46.000000000000000,5,2,6,2
3545,9329070,16,126295.331944142410066,2,11,9,7.687500000000000,2.709214600211655,123.000000000000000,7,6,8,8
3546,9329072,18,142082.248437160218600,5,19,14,9.500000000000000,3.304037933599835,171.000000000000000,9,8,5,8
3547,9329074,5,39467.291232544506784,7,11,4,8.400000000000000,1.496662954709576,42.000000000000000,4,7,8,8
3548,9329076,23,181549.539669704710832,1,14,13,7.086956521739131,3.843832366139190,163.000000000000000,13,6,1,6
3549,9329078,8,63147.665972071205033,34,59,25,44.500000000000000,8.381527307120106,356.000000000000000,7,43,34,43
3550,9329080,16,126295.331944142410066,12,62,50,33.750000000000000,13.849638984464541,540.000000000000000,15,46,12,30
3551,9329082,10,78934.582465089013567,1,10,9,3.900000000000000,2.507987240796891,39.000000000000000,6,5,2,3
3552,9329084,5,39467.291232544506784,2,13,11,7.000000000000000,3.949683531626300,35.000000000000000,4,5,2,5
3553,9329086,12,94721.498958106807549,2,28,26,11.083333333333334,8.361203395577828,133.000000000000000,10,4,2,6
3554,9329088,1,7893.458246508900629,5,5,0,5.000000000000000,0.000000000000000,5.000000000000000,1,5,5,5
3555,9329090,12,94721.498958106807549,2,10,8,4.416666666666667,2.099933861392358,53.000000000000000,6,4,5,4
3556,9329094,18,142082.248437160218600,9,48,39,29.944444444444443,13.521473548159619,539.000000000000000,15,16,9,32
3557,9329096,14,110508.415451124601532,2,11,9,7.071428571428571,2.939005801634426,99.000000000000000,8,10,6,7
3558,9329098,6,47360.749479053403775,14,17,3,16.000000000000000,1.154700538379251,96.000000000000000,4,17,14,16
3559,9329100,4,31573.832986035602516,5,8,3,6.750000000000000,1.089724735885168,27.000000000000000,3,7,5,7
3560,9329102,7,55254.207725562300766,1,8,7,5.142857142857143,2.099562636671295,36.000000000000000,6,5,1,5
3561,9329104,14,110508.415451124601532,14,43,29,29.785714285714285,7.143214276786161,417.000000000000000,9,34,14,31
3562,9329106,15,118401.873697633505799,4,22,18,10.466666666666667,4.787019485604331,157.000000000000000,11,5,4,10
3563,9329108,17,134188.790190651314333,2,18,16,8.705882352941176,3.231548634075383,148.000000000000000,9,10,2,9
3564,9329110,15,118401.873697633505799,9,35,26,14.000000000000000,6.762642481555071,210.000000000000000,8,9,13,12
3565,9329112,13,102614.957204615711817,3,22,19,12.230769230769230,5.235292162207249,159.000000000000000,10,13,3,13
3566,9329114,3,23680.374739526701887,5,10,5,7.000000000000000,2.160246899469287,21.000000000000000,3,5,5,6
3567,9329116,14,110508.415451124601532,3,24,21,12.571428571428571,7.088363560031588,176.000000000000000,13,5,3,10
3568,9329118,8,63147.665972071205033,15,48,33,27.375000000000000,11.379120132945253,219.000000000000000,7,23,15,23
3569,9329122,4,31573.832986035602516,4,15,11,9.250000000000000,5.261891294962297,37.000000000000000,3,4,14,4
3570,9329124,2,15786.916493017801258,3,9,6,6.000000000000000,3.000000000000000,12.000000000000000,2,3,3,3
3571,9329126,15,118401.873697633505799,1,10,9,5.200000000000000,2.454927018602929,78.000000000000000,9,7,1,5
3572,9329128,4,31573.832986035602516,11,14,3,12.250000000000000,1.299038105676658,49.000000000000000,3,11,13,11
3573,9329130,3,23680.374739526701887,9,11,2,9.666666666666666,0.942809041582067,29.000000000000000,2,9,11,9
3574,9329132,25,197336.456162722519366,4,49,45,19.000000000000000,13.588230201170422,475.000000000000000,17,4,8,17
3575,9329136,4,31573.832986035602516,8,10,2,9.000000000000000,0.707106781186548,36.000000000000000,3,9,8,9
3576,9329138,7,55254.207725562300766,1,12,11,6.428571428571429,3.886134431067270,45.000000000000000,7,1,1,7
3577,9329140,10,78934.582465089013567,2,17,15,10.400000000000000,4.521061822182925,104.000000000000000,9,15,2,9
3578,9329142,4,31573.832986035602516,7,12,5,9.750000000000000,1.920286436967152,39.000000000000000,4,7,7,9
3579,9329144,9,71041.124218580109300,2,15,13,8.333333333333334,4.242640687119285,75.000000000000000,6,7,2,8
3580,9329146,17,134188.790190651314333,1,20,19,5.882352941176471,4.933467375591001,100.000000000000000,10,4,1,4
3581,9329148,18,142082.248437160218600,6,63,57,22.888888888888889,15.245723950191151,412.000000000000000,13,12,11,20
3582,9329150,15,118401.873697633505799,2,12,10,6.666666666666667,2.599145158615723,100.000000000000000,8,7,4,7
3583,9329152,2,15786.916493017801258,8,9,1,8.500000000000000,0.500000000000000,17.000000000000000,2,8,8,8
3584,9329154,8,63147.665972071205033,27,37,10,31.250000000000000,3.230711995830021,250.000000000000000,5,33,29,31
3585,9329156,17,134188.790190651314333,1,18,17,6.529411764705882,4.741774885603907,111.000000000000000,9,4,3,5
3586,9329160,7,55254.207725562300766,17,54,37,35.714285714285715,11.410700312980486,250.000000000000000,7,17,17,39
3587,9329162,21,165762.623176686902298,6,36,30,18.714285714285715,8.412818208191689,393.000000000000000,15,14,6,15
3588,9329164,8,63147.665972071205033,1,12,11,7.875000000000000,3.550968177835448,63.000000000000000,6,5,1,9
3589,9329166,12,94721.498958106807549,5,21,16,13.833333333333334,4.506168611531923,166.000000000000000,8,16,5,14
3590,9329168,16,126295.331944142410066,1,18,17,6.187500000000000,4.201469237064577,99.000000000000000,9,6,1,6
3591,9329170,18,142082.248437160218600,3,17,14,9.222222222222221,3.705184889007350,166.000000000000000,9,7,5,10
3592,9329172,18,142082.248437160218600,1,11,10,4.777777777777778,3.028669593430891,86.000000000000000,8,4,11,4
3593,9329174,9,71041.124218580109300,1,8,7,5.111111111111111,2.182986967154279,46.000000000000000,5,6,1,6
3594,9329176,11,86828.040711597903282,5,15,10,10.545454545454545,3.701686013000424,116.000000000000000,7,14,10,12
3595,9329178,33,260484.122134793724399,1,21,20,7.242424242424242,4.417803533707968,239.000000000000000,12,8,6,8
3596,9329180,12,94721.498958106807549,2,13,11,7.833333333333333,3.555121501283591,94.000000000000000,7,4,2,7
3597,9329182,13,102614.957204615711817,1,15,14,6.538461538461538,4.049983563411749,85.000000000000000,11,3,1,6
3598,9329184,12,94721.498958106807549,7,25,18,13.000000000000000,4.864839839775475,156.000000000000000,10,9,7,11
3599,9329186,20,157869.164930178027134,2,19,17,8.800000000000001,4.512205669071390,176.000000000000000,11,11,5,9
3600,9329188,15,118401.873697633505799,2,26,24,11.000000000000000,5.887840577551898,165.000000000000000,11,14,2,12
3601,9329190,1,7893.458246508900629,5,5,0,5.000000000000000,0.000000000000000,5.000000000000000,1,5,5,5
3602,9329192,10,78934.582465089013567,5,21,16,9.300000000000001,4.940647730814249,93.000000000000000,6,5,10,7
3603,9329194,6,47360.749479053403775,1,7,6,4.166666666666667,2.339278141269700,25.000000000000000,5,7,1,3
3604,9329198,27,213123.372655740327900,1,33,32,10.925925925925926,6.825474754487241,295.000000000000000,15,10,1,10
3605,9329200,10,78934.582465089013567,4,28,24,11.199999999999999,8.292164976651152,112.000000000000000,8,5,4,6
3606,9329202,6,47360.749479053403775,5,14,9,8.666666666666666,2.924988129130709,52.000000000000000,6,5,5,8
3607,9329204,11,86828.040711597903282,6,27,21,13.000000000000000,6.281285334590800,143.000000000000000,9,7,6,12
3608,9329206,2,15786.916493017801258,11,19,8,15.000000000000000,4.000000000000000,30.000000000000000,2,11,11,11
3609,9329208,13,102614.957204615711817,5,29,24,13.923076923076923,7.395024714802808,181.000000000000000,11,8,5,13
3610,9329210,11,86828.040711597903282,1,18,17,9.454545454545455,4.292988710224579,104.000000000000000,7,9,1,9
3611,9329212,9,71041.124218580109300,3,29,26,20.888888888888889,8.225224677031887,188.000000000000000,7,24,3,24
3612,9329214,17,134188.790190651314333,1,16,15,9.470588235294118,3.582927607727308,161.000000000000000,9,10,1,10
3613,9329216,11,86828.040711597903282,5,18,13,9.727272727272727,3.768069413829584,107.000000000000000,8,5,6,10
3614,9329218,12,94721.498958106807549,13,43,30,31.333333333333332,10.895972752454107,376.000000000000000,9,42,13,33
3615,9329220,4,31573.832986035602516,5,10,5,6.500000000000000,2.061552812808830,26.000000000000000,3,5,6,5
3616,9329222,13,102614.957204615711817,2,12,10,6.076923076923077,3.496405593034927,79.000000000000000,7,3,4,6
3617,9329224,13,102614.957204615711817,2,17,15,7.461538461538462,4.162384387221133,97.000000000000000,9,3,2,7
3618,9329226,16,126295.331944142410066,3,20,17,7.625000000000000,3.854785986277319,122.000000000000000,10,7,3,7
3619,9329228,11,86828.040711597903282,3,21,18,11.090909090909092,4.756900164345864,122.000000000000000,6,13,9,12
3620,9329230,2,15786.916493017801258,8,11,3,9.500000000000000,1.500000000000000,19.000000000000000,2,8,8,8
3621,9329232,14,110508.415451124601532,2,17,15,7.357142857142857,4.607558120820040,103.000000000000000,9,4,5,5
3622,9329234,26,205229.914409231423633,1,24,23,8.730769230769230,6.424458626145340,227.000000000000000,15,2,1,8
3623,9329236,14,110508.415451124601532,3,12,9,7.071428571428571,2.282363615524351,99.000000000000000,6,7,8,7
3624,9329238,7,55254.207725562300766,7,20,13,11.428571428571429,5.260557897006276,80.000000000000000,5,7,11,8
3625,9329240,17,134188.790190651314333,4,34,30,14.705882352941176,8.962436025744950,250.000000000000000,14,5,4,13
3626,9329242,2,15786.916493017801258,7,10,3,8.500000000000000,1.500000000000000,17.000000000000000,2,7,7,7
3627,9329244,13,102614.957204615711817,4,10,6,6.615384615384615,2.095359764904037,86.000000000000000,7,5,6,6
3628,9329246,3,23680.374739526701887,3,14,11,9.333333333333334,4.642796092394705,28.000000000000000,3,3,3,11
3629,9329248,1,7893.458246508900629,3,3,0,3.000000000000000,0.000000000000000,3.000000000000000,1,3,3,3
3630,9329250,23,181549.539669704710832,2,16,14,8.782608695652174,3.348672958951254,202.000000000000000,11,8,2,8
3631,9329252,3,23680.374739526701887,2,7,5,5.000000000000000,2.160246899469287,15.000000000000000,3,2,2,6
3632,9329254,4,31573.832986035602516,2,8,6,5.750000000000000,2.487468592766550,23.000000000000000,3,8,2,5
3633,9329256,15,118401.873697633505799,2,36,34,15.733333333333333,9.684810558578601,236.000000000000000,11,4,2,16
3634,9329258,21,165762.623176686902298,5,39,34,14.523809523809524,9.000629859542094,305.000000000000000,15,5,6,12
3635,9329260,13,102614.957204615711817,1,9,8,5.384615384615385,2.403153746432816,70.000000000000000,7,5,1,5
3636,9329262,4,31573.832986035602516,6,15,9,10.250000000000000,3.491060010942235,41.000000000000000,4,6,6,8
3637,9329264,2,15786.916493017801258,2,4,2,3.000000000000000,1.000000000000000,6.000000000000000,2,2,2,2
3638,9329266,4,31573.832986035602516,5,21,16,13.250000000000000,5.931905258852336,53.000000000000000,4,5,5,11
3639,9329268,9,71041.124218580109300,1,6,5,4.111111111111111,1.662958838566197,37.000000000000000,6,5,1,5
3640,9329270,14,110508.415451124601532,4,12,8,8.642857142857142,2.124924968663361,121.000000000000000,6,7,4,8
3641,9329272,2,15786.916493017801258,5,6,1,5.500000000000000,0.500000000000000,11.000000000000000,2,5,5,5
3642,9329274,24,189442.997916213615099,3,44,41,20.125000000000000,10.576359250706266,483.000000000000000,21,4,3,18
3643,9329278,14,110508.415451124601532,3,19,16,11.714285714285714,3.554244372749923,164.000000000000000,9,14,3,12
3644,9329280,8,63147.665972071205033,4,12,8,9.125000000000000,2.471714991660649,73.000000000000000,6,10,4,10
3645,9329282,10,78934.582465089013567,4,20,16,10.900000000000000,4.548626166217662,109.000000000000000,7,4,9,10
3646,9329284,11,86828.040711597903282,3,10,7,5.818181818181818,2.442732516826255,64.000000000000000,6,3,4,6
3647,9329286,27,213123.372655740327900,6,51,45,23.592592592592592,13.841053426135248,637.000000000000000,22,6,7,20
3648,9329290,17,134188.790190651314333,6,32,26,14.647058823529411,6.614966777477271,249.000000000000000,12,17,6,13
3649,9329292,3,23680.374739526701887,3,9,6,5.000000000000000,2.828427124746190,15.000000000000000,2,3,9,3
3650,9329294,8,63147.665972071205033,6,22,16,12.250000000000000,4.892596447695231,98.000000000000000,7,11,6,11
3651,9329296,1,7893.458246508900629,11,11,0,11.000000000000000,0.000000000000000,11.000000000000000,1,11,11,11
3652,9329298,17,134188.790190651314333,2,17,15,6.882352941176471,4.587481084316527,117.000000000000000,10,3,2,5
3653,9329300,8,63147.665972071205033,4,8,4,6.250000000000000,1.785357107135713,50.000000000000000,3,4,7,7
3654,9329302,18,142082.248437160218600,3,13,10,5.555555555555555,2.712567914607490,100.000000000000000,8,3,8,5
3655,9329304,12,94721.498958106807549,4,13,9,7.750000000000000,2.975595178559521,93.000000000000000,9,4,6,7
3656,9329306,7,55254.207725562300766,1,6,5,3.714285714285714,1.749635530559413,26.000000000000000,5,4,1,4
3657,9329308,5,39467.291232544506784,5,18,13,11.800000000000001,5.192301994298867,59.000000000000000,5,5,5,12
3658,9329310,13,102614.957204615711817,1,20,19,9.615384615384615,5.609586047232164,125.000000000000000,10,4,1,8
3659,9329312,8,63147.665972071205033,1,15,14,6.125000000000000,4.196352582898630,49.000000000000000,7,8,1,5
3660,9329314,17,134188.790190651314333,3,20,17,10.235294117647058,4.808441251220191,174.000000000000000,10,10,3,10
3661,9329316,25,197336.456162722519366,1,23,22,10.800000000000001,6.059702963017247,270.000000000000000,15,5,4,12
3662,9329318,13,102614.957204615711817,1,16,15,7.230769230769231,4.559923180085825,94.000000000000000,7,3,1,6
3663,9329320,13,102614.957204615711817,5,20,15,9.000000000000000,4.385290096535146,117.000000000000000,8,5,6,8
3664,9329322,6,47360.749479053403775,5,17,12,11.166666666666666,4.179978734661485,67.000000000000000,6,5,5,11
3665,9329324,14,110508.415451124601532,1,35,34,12.857142857142858,11.363205928768158,180.000000000000000,12,1,3,7
3666,9329326,11,86828.040711597903282,2,21,19,9.818181818181818,6.057574999620974,108.000000000000000,10,4,2,11
3667,9329328,12,94721.498958106807549,2,15,13,7.666666666666667,4.326918328582390,92.000000000000000,8,2,4,7
3668,9329330,5,39467.291232544506784,11,16,5,13.199999999999999,1.720465053408529,66.000000000000000,5,11,11,13
3669,9329332,19,149975.706683669122867,4,15,11,8.894736842105264,2.953940042189953,169.000000000000000,9,6,4,8
3670,9329334,4,31573.832986035602516,10,20,10,15.500000000000000,4.555216789572150,62.000000000000000,3,20,10,12
3671,9329336,8,63147.665972071205033,2,11,9,7.375000000000000,2.595067436503337,59.000000000000000,6,8,2,8
3672,9329338,7,55254.207725562300766,1,8,7,4.857142857142857,2.474358296526967,34.000000000000000,6,7,1,5
3673,9329340,12,94721.498958106807549,1,26,25,6.166666666666667,7.414325473178408,74.000000000000000,6,1,11,2
3674,9329342,16,126295.331944142410066,2,14,12,7.375000000000000,3.333072906493346,118.000000000000000,9,4,2,8
3675,9329344,12,94721.498958106807549,1,12,11,6.500000000000000,3.068658773253661,78.000000000000000,7,5,1,6
3676,9329346,14,110508.415451124601532,1,16,15,6.714285714285714,4.113194299682277,94.000000000000000,9,7,3,6
3677,9329348,7,55254.207725562300766,1,6,5,3.000000000000000,1.772810520855837,21.000000000000000,5,1,2,3
3678,9329350,4,31573.832986035602516,7,18,11,12.500000000000000,4.272001872658765,50.000000000000000,4,7,7,10
3679,9329352,17,134188.790190651314333,2,20,18,7.352941176470588,4.575396819442366,125.000000000000000,9,4,6,6
3680,9329354,12,94721.498958106807549,1,12,11,4.666666666666667,3.118047822311617,56.000000000000000,8,2,1,4
3681,9329356,25,197336.456162722519366,4,22,18,10.240000000000000,4.701318963865353,256.000000000000000,11,5,7,9
3682,9329358,15,118401.873697633505799,3,22,19,15.666666666666666,5.974017817925295,235.000000000000000,8,10,3,18
3683,9329360,18,142082.248437160218600,5,26,21,14.666666666666666,5.174724898753341,264.000000000000000,14,11,5,14
3684,9329362,15,118401.873697633505799,3,17,14,9.066666666666666,3.453822359196966,136.000000000000000,9,8,3,9
3685,9329364,20,157869.164930178027134,3,27,24,17.050000000000001,5.800646515691160,341.000000000000000,13,10,3,16
3686,9329366,1,7893.458246508900629,2,2,0,2.000000000000000,0.000000000000000,2.000000000000000,1,2,2,2
3687,9329368,7,55254.207725562300766,3,7,4,5.571428571428571,1.678191446352962,39.000000000000000,3,7,3,7
3688,9329370,27,213123.372655740327900,1,23,22,8.370370370370370,5.292539460117408,226.000000000000000,14,2,1,8
3689,9329372,2,15786.916493017801258,8,13,5,10.500000000000000,2.500000000000000,21.000000000000000,2,8,8,8
3690,9329374,13,102614.957204615711817,2,9,7,5.923076923076923,1.817078740156571,77.000000000000000,7,5,2,6
3691,9329376,6,47360.749479053403775,10,26,16,18.166666666666668,5.669117117231648,109.000000000000000,6,10,10,18
3692,9329378,15,118401.873697633505799,1,28,27,10.533333333333333,7.237556370918449,158.000000000000000,9,10,2,10
3693,9329380,26,205229.914409231423633,1,15,14,8.038461538461538,4.146182388941286,209.000000000000000,14,7,2,7
3694,9329382,6,47360.749479053403775,6,21,15,15.500000000000000,6.075908711186061,93.000000000000000,5,19,6,19
3695,9329384,14,110508.415451124601532,3,17,14,10.142857142857142,3.681171064778608,142.000000000000000,8,12,7,11
3696,9329386,6,47360.749479053403775,7,18,11,9.833333333333334,3.890872509976249,59.000000000000000,4,7,11,8
3697,9329388,13,102614.957204615711817,1,14,13,7.923076923076923,3.892034043284159,103.000000000000000,10,4,1,7
3698,9329390,21,165762.623176686902298,3,13,10,7.428571428571429,2.936979799068433,156.000000000000000,9,7,3,7
3699,9329392,18,142082.248437160218600,3,18,15,9.222222222222221,4.552844721899530,166.000000000000000,12,4,3,8
3700,9329394,8,63147.665972071205033,1,6,5,2.625000000000000,1.494782592887675,21.000000000000000,4,3,6,2
3701,9329396,33,260484.122134793724399,2,16,14,7.909090909090909,3.964720452246640,261.000000000000000,15,5,8,7
3702,9329398,4,31573.832986035602516,6,7,1,6.750000000000000,0.433012701892219,27.000000000000000,2,7,6,7
3703,9329400,3,23680.374739526701887,1,4,3,2.666666666666667,1.247219128924647,8.000000000000000,3,1,1,3
3704,9329402,23,181549.539669704710832,1,24,23,9.652173913043478,7.031659434624012,222.000000000000000,13,3,7,7
3705,9329404,10,78934.582465089013567,2,7,5,4.500000000000000,1.857417562100671,45.000000000000000,5,2,4,5
3706,9329406,5,39467.291232544506784,1,14,13,8.400000000000000,4.498888751680797,42.000000000000000,5,1,1,10
3707,9329408,6,47360.749479053403775,5,8,3,7.166666666666667,1.067187372905473,43.000000000000000,3,8,5,7
3708,9329410,15,118401.873697633505799,4,13,9,7.333333333333333,2.772884579078057,110.000000000000000,9,4,5,7
3709,9329412,31,244697.205641775915865,2,13,11,6.451612903225806,3.635299248253112,200.000000000000000,10,3,9,6
3710,9329414,7,55254.207725562300766,2,19,17,10.000000000000000,5.554920598635309,70.000000000000000,6,7,2,8
3711,9329416,16,126295.331944142410066,1,10,9,4.187500000000000,2.480391854123054,67.000000000000000,7,2,1,3
3712,9329418,14,110508.415451124601532,2,29,27,11.857142857142858,6.812353724323636,166.000000000000000,12,8,2,11
3713,9329420,6,47360.749479053403775,16,31,15,20.666666666666668,5.022173057773117,124.000000000000000,6,16,16,18
3714,9329422,24,189442.997916213615099,1,13,12,6.791666666666667,3.041095836847120,163.000000000000000,11,6,1,6
3715,9329424,7,55254.207725562300766,5,19,14,11.714285714285714,4.681705602335411,82.000000000000000,5,9,5,11
3716,9329426,2,15786.916493017801258,1,3,2,2.000000000000000,1.000000000000000,4.000000000000000,2,1,1,1
3717,9329428,8,63147.665972071205033,1,9,8,4.375000000000000,2.446298223847616,35.000000000000000,7,4,1,4
3718,9329434,1,7893.458246508900629,4,4,0,4.000000000000000,0.000000000000000,4.000000000000000,1,4,4,4
3719,9329436,4,31573.832986035602516,6,13,7,8.250000000000000,2.772634126602354,33.000000000000000,3,7,6,7
3720,9329438,2,15786.916493017801258,5,5,0,5.000000000000000,0.000000000000000,10.000000000000000,1,5,5,5
3721,9329440,10,78934.582465089013567,5,22,17,14.300000000000001,5.675385449465084,143.000000000000000,9,22,5,12
3722,9329442,7,55254.207725562300766,2,12,10,7.571428571428571,3.499271061118826,53.000000000000000,5,5,2,8
3723,9329444,13,102614.957204615711817,7,26,19,15.615384615384615,4.780383981012108,203.000000000000000,7,15,7,15
3724,9329446,11,86828.040711597903282,3,9,6,5.909090909090909,1.621141318193363,65.000000000000000,6,5,3,5
3725,9329448,4,31573.832986035602516,9,17,8,14.500000000000000,3.201562118716424,58.000000000000000,3,16,9,16
3726,9329450,14,110508.415451124601532,1,20,19,9.000000000000000,4.765950662174936,126.000000000000000,9,7,1,7
3727,9329452,3,23680.374739526701887,7,14,7,10.000000000000000,2.943920288775949,30.000000000000000,3,7,7,9
3728,9329454,14,110508.415451124601532,1,13,12,5.428571428571429,3.976974544878587,76.000000000000000,10,1,2,4
3729,9329456,3,23680.374739526701887,4,7,3,5.000000000000000,1.414213562373095,15.000000000000000,2,4,7,4
3730,9329458,7,55254.207725562300766,7,19,12,11.857142857142858,3.757984696561686,83.000000000000000,7,7,7,12
3731,9329460,6,47360.749479053403775,2,18,16,9.333333333333334,7.363574011458173,56.000000000000000,3,2,18,2
3732,9329462,12,94721.498958106807549,2,14,12,7.833333333333333,3.435921354681385,94.000000000000000,8,7,6,7
3733,9329464,6,47360.749479053403775,1,5,4,3.000000000000000,1.732050807568877,18.000000000000000,4,1,2,2
3734,9329466,17,134188.790190651314333,2,13,11,5.941176470588236,2.689206929567637,101.000000000000000,9,4,2,5
3735,9329468,10,78934.582465089013567,2,24,22,11.400000000000000,8.014985963805550,114.000000000000000,9,18,2,6
3736,9329470,12,94721.498958106807549,3,20,17,11.250000000000000,5.417948566262573,135.000000000000000,9,10,3,10
3737,9329472,17,134188.790190651314333,1,14,13,3.411764705882353,3.236897998164142,58.000000000000000,7,1,5,2
3738,9329474,9,71041.124218580109300,2,19,17,11.777777777777779,4.916588197741684,106.000000000000000,7,10,2,11
3739,9329476,13,102614.957204615711817,4,12,8,6.846153846153846,2.444653628010878,89.000000000000000,8,5,8,6
3740,9329478,8,63147.665972071205033,2,15,13,9.750000000000000,3.897114317029974,78.000000000000000,6,10,2,10
3741,9329480,7,55254.207725562300766,3,6,3,4.428571428571429,0.903507902905250,31.000000000000000,4,4,3,4
3742,9329482,17,134188.790190651314333,2,16,14,8.176470588235293,4.501441522284469,139.000000000000000,10,5,2,7
3743,9329484,22,173656.081423195806565,5,20,15,11.818181818181818,3.700569534008657,260.000000000000000,11,12,5,12
3744,9329486,11,86828.040711597903282,4,22,18,14.727272727272727,5.753906326707878,162.000000000000000,7,13,4,13
3745,9329488,11,86828.040711597903282,2,8,6,5.090909090909091,1.676280810416889,56.000000000000000,4,5,2,5
3746,9329490,4,31573.832986035602516,3,12,9,7.500000000000000,3.201562118716424,30.000000000000000,4,3,3,7
3747,9329492,7,55254.207725562300766,4,20,16,12.142857142857142,5.841442371503107,85.000000000000000,6,4,11,13
3748,9329494,5,39467.291232544506784,2,6,4,4.400000000000000,1.624807680927191,22.000000000000000,4,6,2,5
3749,9329496,24,189442.997916213615099,1,16,15,6.833333333333333,3.954603505901558,164.000000000000000,13,4,1,5
3750,9329498,10,78934.582465089013567,1,16,15,6.500000000000000,4.295346318982906,65.000000000000000,7,5,1,5
3751,9329500,19,149975.706683669122867,2,14,12,6.631578947368421,2.850863697673862,126.000000000000000,9,7,2,7
3752,9329502,3,23680.374739526701887,1,5,4,2.666666666666667,1.699673171197595,8.000000000000000,3,1,1,2
3753,9329504,18,142082.248437160218600,2,11,9,6.333333333333333,2.808716591058786,114.000000000000000,9,3,2,6
3754,9329506,10,78934.582465089013567,3,23,20,12.800000000000001,5.670978751503129,128.000000000000000,8,8,3,12
3755,9329508,27,213123.372655740327900,2,21,19,8.777777777777779,4.067334492827361,237.000000000000000,13,9,2,9
3756,9329510,3,23680.374739526701887,9,13,4,11.666666666666666,1.885618083164128,35.000000000000000,2,13,9,13
3757,9329512,11,86828.040711597903282,3,14,11,7.454545454545454,3.201239429392547,82.000000000000000,8,8,3,8
3758,9329514,5,39467.291232544506784,8,19,11,13.600000000000000,3.826225293941799,68.000000000000000,5,8,8,14
3759,9329516,8,63147.665972071205033,1,8,7,4.375000000000000,2.689679348918752,35.000000000000000,6,2,1,3
3760,9329518,8,63147.665972071205033,3,10,7,5.125000000000000,2.146945504664708,41.000000000000000,5,3,5,4
3761,9329520,15,118401.873697633505799,2,16,14,6.666666666666667,3.515047020390417,100.000000000000000,9,6,2,6
3762,9329522,2,15786.916493017801258,7,9,2,8.000000000000000,1.000000000000000,16.000000000000000,2,7,7,7
3763,9329526,1,7893.458246508900629,5,5,0,5.000000000000000,0.000000000000000,5.000000000000000,1,5,5,5
3764,9329528,24,189442.997916213615099,1,19,18,7.208333333333333,4.490537891562163,173.000000000000000,12,3,2,7
3765,9329532,6,47360.749479053403775,1,4,3,2.500000000000000,0.957427107756338,15.000000000000000,4,2,1,2
3766,9329534,3,23680.374739526701887,3,6,3,4.666666666666667,1.247219128924646,14.000000000000000,3,3,3,5
3767,9329536,1,7893.458246508900629,2,2,0,2.000000000000000,0.000000000000000,2.000000000000000,1,2,2,2
3768,9329540,1,7893.458246508900629,2,2,0,2.000000000000000,0.000000000000000,2.000000000000000,1,2,2,2
3769,9329542,5,39467.291232544506784,1,11,10,8.400000000000000,3.773592452822641,42.000000000000000,4,11,1,10
3770,9329544,2,15786.916493017801258,8,15,7,11.500000000000000,3.500000000000000,23.000000000000000,2,8,8,8
3771,9329546,3,23680.374739526701887,8,11,3,9.000000000000000,1.414213562373095,27.000000000000000,2,8,11,8
3772,9329548,8,63147.665972071205033,3,12,9,8.000000000000000,2.958039891549808,64.000000000000000,6,7,3,7
3773,9329550,2,15786.916493017801258,1,2,1,1.500000000000000,0.500000000000000,3.000000000000000,2,1,1,1
3774,9329552,6,47360.749479053403775,2,6,4,4.000000000000000,1.154700538379251,24.000000000000000,3,4,2,4
3775,9329554,7,55254.207725562300766,1,11,10,7.142857142857143,4.015276949301485,50.000000000000000,4,1,8,9
3776,9329556,7,55254.207725562300766,2,17,15,9.571428571428571,5.260557897006278,67.000000000000000,5,6,2,9
3777,9329558,1,7893.458246508900629,4,4,0,4.000000000000000,0.000000000000000,4.000000000000000,1,4,4,4
3778,9329560,10,78934.582465089013567,1,18,17,6.900000000000000,4.805205510693585,69.000000000000000,8,2,1,7
3779,9329562,12,94721.498958106807549,1,10,9,4.000000000000000,3.082207001484488,48.000000000000000,7,1,4,3
3780,9329564,10,78934.582465089013567,2,6,4,4.200000000000000,1.536229149573721,42.000000000000000,5,6,4,4
3781,9329566,1,7893.458246508900629,5,5,0,5.000000000000000,0.000000000000000,5.000000000000000,1,5,5,5
3782,9329568,15,118401.873697633505799,1,18,17,7.000000000000000,5.341660166402701,105.000000000000000,10,1,7,6
3783,9329570,2,15786.916493017801258,18,29,11,23.500000000000000,5.500000000000000,47.000000000000000,2,18,18,18
3784,9329572,6,47360.749479053403775,1,15,14,9.333333333333334,4.229525846816506,56.000000000000000,4,9,1,9
3785,9329574,14,110508.415451124601532,1,28,27,9.857142857142858,8.927142742838853,138.000000000000000,8,2,1,5
3786,9329576,13,102614.957204615711817,1,14,13,7.076923076923077,3.791925398112688,92.000000000000000,10,7,1,7
3787,9329578,5,39467.291232544506784,1,12,11,5.200000000000000,3.762977544445355,26.000000000000000,5,1,1,4
3788,9329584,2,15786.916493017801258,23,27,4,25.000000000000000,2.000000000000000,50.000000000000000,2,23,23,23
3789,9329586,12,94721.498958106807549,2,21,19,9.833333333333334,5.639641438562876,118.000000000000000,9,8,2,8
3790,9329590,3,23680.374739526701887,1,5,4,2.666666666666667,1.699673171197595,8.000000000000000,3,1,1,2
3791,9329592,6,47360.749479053403775,2,11,9,7.333333333333333,3.349958540373631,44.000000000000000,4,8,2,8
3792,9329594,19,149975.706683669122867,1,12,11,5.105263157894737,3.226448868209285,97.000000000000000,11,4,2,4
3793,9329596,3,23680.374739526701887,2,6,4,3.666666666666667,1.699673171197595,11.000000000000000,3,2,2,3
3794,9329598,12,94721.498958106807549,3,14,11,8.083333333333334,2.899952106884219,97.000000000000000,8,10,3,8
3795,9329600,3,23680.374739526701887,5,8,3,6.666666666666667,1.247219128924646,20.000000000000000,3,5,5,7
3796,9329602,3,23680.374739526701887,3,4,1,3.666666666666667,0.471404520791033,11.000000000000000,2,4,3,4
3797,9329604,2,15786.916493017801258,1,3,2,2.000000000000000,1.000000000000000,4.000000000000000,2,1,1,1
3798,9329606,2,15786.916493017801258,1,1,0,1.000000000000000,0.000000000000000,2.000000000000000,1,1,1,1
3799,9329610,3,23680.374739526701887,1,6,5,3.333333333333333,2.054804667656325,10.000000000000000,3,1,1,3
3800,9329616,1,7893.458246508900629,3,3,0,3.000000000000000,0.000000000000000,3.000000000000000,1,3,3,3
3801,9329618,4,31573.832986035602516,2,19,17,8.500000000000000,6.422616289332565,34.000000000000000,4,2,2,5
3802,9329620,1,7893.458246508900629,7,7,0,7.000000000000000,0.000000000000000,7.000000000000000,1,7,7,7
3803,9329622,1,7893.458246508900629,7,7,0,7.000000000000000,0.000000000000000,7.000000000000000,1,7,7,7
3804,9329624,1,7893.458246508900629,3,3,0,3.000000000000000,0.000000000000000,3.000000000000000,1,3,3,3
3805,9329626,9,71041.124218580109300,2,27,25,7.888888888888889,6.999118110232721,71.000000000000000,7,6,2,6
3806,9329628,4,31573.832986035602516,1,2,1,1.250000000000000,0.433012701892219,5.000000000000000,2,1,2,1
3807,9329630,3,23680.374739526701887,14,17,3,15.333333333333334,1.247219128924642,46.000000000000000,3,14,14,15
3808,9329632,2,15786.916493017801258,2,10,8,6.000000000000000,4.000000000000000,12.000000000000000,2,2,2,2
3809,9329634,14,110508.415451124601532,2,28,26,10.357142857142858,7.097355069291083,145.000000000000000,11,6,2,9
3810,9329636,1,7893.458246508900629,10,10,0,10.000000000000000,0.000000000000000,10.000000000000000,1,10,10,10
3811,9329638,1,7893.458246508900629,3,3,0,3.000000000000000,0.000000000000000,3.000000000000000,1,3,3,3
3812,9329640,10,78934.582465089013567,5,15,10,9.100000000000000,2.947880594596735,91.000000000000000,6,11,7,8
3813,9329644,2,15786.916493017801258,5,9,4,7.000000000000000,2.000000000000000,14.000000000000000,2,5,5,5
3814,9329646,4,31573.832986035602516,3,12,9,7.000000000000000,3.240370349203930,28.000000000000000,4,3,3,6
3815,9329650,1,7893.458246508900629,12,12,0,12.000000000000000,0.000000000000000,12.000000000000000,1,12,12,12
3816,9329652,11,86828.040711597903282,1,18,17,9.363636363636363,5.347433152673725,103.000000000000000,8,13,1,12
3817,9329654,11,86828.040711597903282,3,37,34,17.454545454545453,11.602222642577322,192.000000000000000,10,37,3,16
3818,9329656,1,7893.458246508900629,9,9,0,9.000000000000000,0.000000000000000,9.000000000000000,1,9,9,9
3819,9329658,4,31573.832986035602516,10,18,8,12.750000000000000,3.112474899497183,51.000000000000000,4,10,10,11
3820,9329662,2,15786.916493017801258,14,18,4,16.000000000000000,2.000000000000000,32.000000000000000,2,14,14,14
3821,9329666,5,39467.291232544506784,8,18,10,14.600000000000000,3.555277766926237,73.000000000000000,5,8,8,16
3822,9329668,14,110508.415451124601532,1,14,13,6.428571428571429,3.849198167230709,90.000000000000000,11,3,1,6
3823,9329670,7,55254.207725562300766,1,15,14,5.571428571428571,5.178448274397674,39.000000000000000,5,1,4,3
3824,9329672,6,47360.749479053403775,11,24,13,17.166666666666668,4.297932319409208,103.000000000000000,6,11,11,16
3825,9329674,11,86828.040711597903282,2,23,21,7.363636363636363,6.456465783478074,81.000000000000000,7,3,2,5
3826,9329676,1,7893.458246508900629,2,2,0,2.000000000000000,0.000000000000000,2.000000000000000,1,2,2,2
3827,9329678,2,15786.916493017801258,2,10,8,6.000000000000000,4.000000000000000,12.000000000000000,2,2,2,2
3828,9329680,2,15786.916493017801258,2,3,1,2.500000000000000,0.500000000000000,5.000000000000000,2,2,2,2
3829,9329682,1,7893.458246508900629,1,1,0,1.000000000000000,0.000000000000000,1.000000000000000,1,1,1,1
3830,9329684,9,71041.124218580109300,1,5,4,2.888888888888889,1.369869778437550,26.000000000000000,5,2,1,2
3831,9329686,1,7893.458246508900629,1,1,0,1.000000000000000,0.000000000000000,1.000000000000000,1,1,1,1
3832,9329688,3,23680.374739526701887,1,5,4,3.333333333333333,1.699673171197595,10.000000000000000,3,1,1,4
3833,9329690,9,71041.124218580109300,2,20,18,7.444444444444445,6.550845765770522,67.000000000000000,6,2,6,4
3834,9329692,12,94721.498958106807549,5,14,9,8.416666666666666,3.094574104604524,101.000000000000000,8,5,9,8
3835,9329694,21,165762.623176686902298,2,8,6,5.047619047619047,1.675486865310398,106.000000000000000,7,4,8,5
3836,9329696,1,7893.458246508900629,5,5,0,5.000000000000000,0.000000000000000,5.000000000000000,1,5,5,5
3837,9329698,23,181549.539669704710832,1,11,10,4.956521739130435,2.820395606995975,114.000000000000000,10,4,6,4
3838,9329700,24,189442.997916213615099,2,15,13,7.750000000000000,3.467107343785787,186.000000000000000,13,7,2,7
3839,9329702,13,102614.957204615711817,11,26,15,17.384615384615383,5.357072414301586,226.000000000000000,9,12,11,16
3840,9329704,1,7893.458246508900629,15,15,0,15.000000000000000,0.000000000000000,15.000000000000000,1,15,15,15
3841,9329706,14,110508.415451124601532,1,11,10,6.357142857142857,2.524371006724614,89.000000000000000,7,6,1,6
3842,9329708,9,71041.124218580109300,4,13,9,7.444444444444445,2.871743996293353,67.000000000000000,6,7,4,7
3843,9329712,17,134188.790190651314333,5,21,16,11.294117647058824,4.811318834512595,192.000000000000000,10,17,11,11
3844,9329714,16,126295.331944142410066,1,9,8,5.312500000000000,2.310810193417019,85.000000000000000,6,5,1,5
3845,9329716,9,71041.124218580109300,13,25,12,17.444444444444443,4.548775442324165,157.000000000000000,6,13,16,16
3846,9329718,19,149975.706683669122867,1,12,11,3.105263157894737,2.489868667897868,59.000000000000000,6,1,5,3
3847,9329720,7,55254.207725562300766,2,11,9,5.428571428571429,3.331972511340171,38.000000000000000,6,2,3,4
3848,9329722,15,118401.873697633505799,2,16,14,9.000000000000000,4.195235392680607,135.000000000000000,10,5,2,8
3849,9329724,6,47360.749479053403775,1,8,7,3.666666666666667,2.924988129130708,22.000000000000000,4,1,4,1
3850,9329726,15,118401.873697633505799,3,14,11,8.733333333333333,2.931817790306137,131.000000000000000,10,9,3,9
3851,9329728,14,110508.415451124601532,1,14,13,8.428571428571429,4.135461378894322,118.000000000000000,10,5,1,9
3852,9329730,9,71041.124218580109300,4,12,8,6.888888888888889,2.182986967154277,62.000000000000000,6,6,4,6
3853,9329732,4,31573.832986035602516,1,7,6,3.500000000000000,2.179449471770337,14.000000000000000,3,3,1,3
3854,9329734,15,118401.873697633505799,9,22,13,13.666666666666666,3.944053188733079,205.000000000000000,11,9,12,13
3855,9329736,5,39467.291232544506784,4,10,6,6.600000000000000,2.800000000000001,33.000000000000000,3,4,5,5
3856,9329738,13,102614.957204615711817,3,29,26,16.000000000000000,9.339741389929875,208.000000000000000,9,3,5,20
3857,9329740,2,15786.916493017801258,1,7,6,4.000000000000000,3.000000000000000,8.000000000000000,2,1,1,1
3858,9329742,12,94721.498958106807549,1,13,12,4.000000000000000,3.439961240091716,48.000000000000000,6,4,3,3
3859,9329744,13,102614.957204615711817,3,14,11,9.230769230769230,3.261756161094492,120.000000000000000,6,8,3,9
3860,9329746,14,110508.415451124601532,3,21,18,11.500000000000000,6.769152721827790,161.000000000000000,11,21,4,9
3861,9329748,4,31573.832986035602516,1,5,4,3.500000000000000,1.500000000000000,14.000000000000000,3,4,1,4
3862,9329750,11,86828.040711597903282,1,22,21,9.636363636363637,6.879121604506405,106.000000000000000,8,10,3,10
3863,9329752,19,149975.706683669122867,2,11,9,5.421052631578948,2.661930235031955,103.000000000000000,10,4,6,5
3864,9329754,21,165762.623176686902298,1,22,21,8.238095238095237,6.523983313639298,173.000000000000000,11,1,4,7
3865,9329756,3,23680.374739526701887,2,12,10,6.333333333333333,4.189935029992179,19.000000000000000,3,2,2,5
3866,9329758,6,47360.749479053403775,4,17,13,9.833333333333334,4.450343307606228,59.000000000000000,5,7,4,7
3867,9329760,17,134188.790190651314333,2,16,14,10.294117647058824,3.642311901273581,175.000000000000000,12,13,2,11
3868,9329762,14,110508.415451124601532,1,14,13,9.642857142857142,3.975049736564722,135.000000000000000,9,10,1,10
3869,9329764,23,181549.539669704710832,2,20,18,7.826086956521739,3.908209574651171,180.000000000000000,11,5,2,8
3870,9329766,2,15786.916493017801258,11,15,4,13.000000000000000,2.000000000000000,26.000000000000000,2,11,11,11
3871,9329768,19,149975.706683669122867,3,17,14,8.631578947368421,4.080899363153711,164.000000000000000,12,5,3,8
3872,9329770,1,7893.458246508900629,13,13,0,13.000000000000000,0.000000000000000,13.000000000000000,1,13,13,13
3873,9329772,5,39467.291232544506784,4,20,16,10.400000000000000,5.817215828899594,52.000000000000000,4,7,4,7
3874,9329776,18,142082.248437160218600,3,23,20,12.055555555555555,6.186654294368216,217.000000000000000,12,17,3,10
3875,9329778,27,213123.372655740327900,6,21,15,12.222222222222221,3.984538017120248,330.000000000000000,15,10,7,12
3876,9329780,10,78934.582465089013567,2,17,15,6.500000000000000,4.341658669218482,65.000000000000000,7,6,2,5
3877,9329782,8,63147.665972071205033,10,19,9,15.250000000000000,3.152380053229623,122.000000000000000,7,18,10,15
3878,9329784,10,78934.582465089013567,7,18,11,10.100000000000000,3.047950130825636,101.000000000000000,7,7,8,9
3879,9329786,14,110508.415451124601532,2,8,6,4.928571428571429,1.437472271249864,69.000000000000000,5,5,2,5
3880,9329788,16,126295.331944142410066,2,13,11,6.875000000000000,2.891258376555094,110.000000000000000,8,5,2,7
3881,9329790,6,47360.749479053403775,2,9,7,4.666666666666667,2.357022603955158,28.000000000000000,3,5,9,5
3882,9329792,12,94721.498958106807549,7,25,18,15.416666666666666,5.345688813323211,185.000000000000000,9,15,7,15
3883,9329794,15,118401.873697633505799,8,27,19,15.000000000000000,6.218252702059210,225.000000000000000,9,8,11,14
3884,9329796,6,47360.749479053403775,1,19,18,11.666666666666666,5.990733585203809,70.000000000000000,6,1,1,11
3885,9329798,14,110508.415451124601532,3,18,15,12.000000000000000,3.464101615137754,168.000000000000000,8,10,3,12
3886,9329800,9,71041.124218580109300,6,16,10,10.000000000000000,3.464101615137754,90.000000000000000,6,6,10,10
3887,9329802,12,94721.498958106807549,3,17,14,9.083333333333334,4.405646629295433,109.000000000000000,8,7,3,7
3888,9329804,6,47360.749479053403775,10,16,6,13.166666666666666,1.863389981249832,79.000000000000000,5,14,10,13
3889,9329806,19,149975.706683669122867,1,19,18,9.000000000000000,5.515528318445926,171.000000000000000,13,4,3,8
3890,9329808,2,15786.916493017801258,19,28,9,23.500000000000000,4.500000000000000,47.000000000000000,2,19,19,19
3891,9329812,14,110508.415451124601532,2,17,15,7.928571428571429,4.949232057520002,111.000000000000000,11,5,3,5
3892,9329814,15,118401.873697633505799,1,11,10,4.866666666666666,2.362672686222580,73.000000000000000,8,4,1,4
3893,9329816,5,39467.291232544506784,3,5,2,4.600000000000000,0.800000000000000,23.000000000000000,2,5,3,5
3894,9329818,19,149975.706683669122867,1,14,13,4.368421052631579,3.896159057541420,83.000000000000000,8,2,3,2
3895,9329820,16,126295.331944142410066,2,12,10,8.750000000000000,2.633913438213185,140.000000000000000,8,10,2,10
3896,9329822,18,142082.248437160218600,1,19,18,8.666666666666666,4.955356249106169,156.000000000000000,12,7,1,7
3897,9329824,2,15786.916493017801258,7,12,5,9.500000000000000,2.500000000000000,19.000000000000000,2,7,7,7
3898,9329826,15,118401.873697633505799,2,24,22,13.400000000000000,5.174295443181934,201.000000000000000,12,14,2,14
3899,9329828,20,157869.164930178027134,2,34,32,13.800000000000001,10.127191120937729,276.000000000000000,16,4,2,9
3900,9329830,7,55254.207725562300766,7,16,9,13.142857142857142,3.043896536094646,92.000000000000000,4,16,7,13
3901,9329832,9,71041.124218580109300,3,11,8,6.555555555555555,2.006163342807533,59.000000000000000,5,7,3,7
3902,9329834,13,102614.957204615711817,3,18,15,9.846153846153847,3.899628263272792,128.000000000000000,9,10,3,10
3903,9329836,15,118401.873697633505799,12,38,26,19.733333333333334,7.388880534665286,296.000000000000000,8,21,23,21
3904,9329838,14,110508.415451124601532,5,18,13,9.285714285714286,3.126581232605611,130.000000000000000,9,7,5,9
3905,9329840,29,228910.289148758107331,1,20,19,9.034482758620690,4.881229061031090,262.000000000000000,17,4,1,9
3906,9329842,5,39467.291232544506784,3,17,14,9.400000000000000,5.238320341483518,47.000000000000000,5,3,3,11
3907,9329844,21,165762.623176686902298,3,12,9,7.047619047619047,2.716373466086031,148.000000000000000,10,7,6,7
3908,9329846,17,134188.790190651314333,4,23,19,13.882352941176471,4.824963918684675,236.000000000000000,10,12,4,14
3909,9329848,1,7893.458246508900629,12,12,0,12.000000000000000,0.000000000000000,12.000000000000000,1,12,12,12
3910,9329850,14,110508.415451124601532,2,15,13,7.571428571428571,3.559981655536318,106.000000000000000,7,7,2,7
3911,9329852,9,71041.124218580109300,5,8,3,6.666666666666667,1.154700538379251,60.000000000000000,4,8,5,7
3912,9329854,15,118401.873697633505799,4,18,14,9.800000000000001,4.261455150532502,147.000000000000000,9,5,4,11
3913,9329856,18,142082.248437160218600,5,18,13,9.388888888888889,4.084372505713954,169.000000000000000,8,5,14,8
3914,9329858,2,15786.916493017801258,17,21,4,19.000000000000000,2.000000000000000,38.000000000000000,2,17,17,17
3915,9329860,4,31573.832986035602516,2,7,5,4.750000000000000,1.785357107135713,19.000000000000000,3,5,2,5
3916,9329862,11,86828.040711597903282,7,37,30,22.363636363636363,9.763314706060990,246.000000000000000,10,20,7,20
3917,9329864,5,39467.291232544506784,5,8,3,6.200000000000000,0.979795897113270,31.000000000000000,3,6,5,6
3918,9329866,11,86828.040711597903282,3,27,24,12.545454545454545,9.364960188855209,138.000000000000000,9,3,4,8
3919,9329868,17,134188.790190651314333,4,25,21,12.529411764705882,7.138278314904658,213.000000000000000,11,4,13,12
3920,9329870,13,102614.957204615711817,6,15,9,10.461538461538462,3.053758960196802,136.000000000000000,7,11,7,11
3921,9329872,10,78934.582465089013567,4,16,12,10.900000000000000,4.504442251822081,109.000000000000000,8,4,7,12
3922,9329874,15,118401.873697633505799,1,17,16,10.133333333333333,4.529410067056808,152.000000000000000,10,9,1,9
3923,9329876,16,126295.331944142410066,3,19,16,9.625000000000000,3.199120973017432,154.000000000000000,8,9,3,9
3924,9329878,6,47360.749479053403775,1,13,12,4.500000000000000,4.031128874149275,27.000000000000000,5,2,1,2
3925,9329880,23,181549.539669704710832,2,18,16,9.304347826086957,4.447126894765590,214.000000000000000,15,4,2,9
3926,9329882,16,126295.331944142410066,5,20,15,8.687500000000000,4.673311860982531,139.000000000000000,8,5,12,6
3927,9329884,3,23680.374739526701887,11,16,5,14.333333333333334,2.357022603955156,43.000000000000000,2,16,11,16
3928,9329886,5,39467.291232544506784,3,16,13,10.400000000000000,4.715930449020637,52.000000000000000,4,9,3,9
3929,9329888,13,102614.957204615711817,1,13,12,5.461538461538462,3.795045041090464,71.000000000000000,9,4,2,4
3930,9329890,9,71041.124218580109300,3,13,10,6.666666666666667,3.091206165165234,60.000000000000000,6,7,4,7
3931,9329892,28,221016.830902249203064,2,27,25,9.821428571428571,5.657192460099997,275.000000000000000,15,4,2,9
3932,9329894,17,134188.790190651314333,1,38,37,18.352941176470587,12.376168638678546,312.000000000000000,13,3,1,21
3933,9329896,6,47360.749479053403775,4,17,13,8.500000000000000,4.232808366400098,51.000000000000000,5,9,4,7
3934,9329898,3,23680.374739526701887,1,2,1,1.666666666666667,0.471404520791031,5.000000000000000,2,2,1,2
3935,9329900,20,157869.164930178027134,1,8,7,4.050000000000000,2.155806113731010,81.000000000000000,7,3,7,3
3936,9329902,15,118401.873697633505799,4,40,36,25.866666666666667,10.275321027696519,388.000000000000000,12,26,4,27
3937,9329904,16,126295.331944142410066,3,29,26,15.000000000000000,8.710625695092173,240.000000000000000,13,8,3,11
3938,9329906,3,23680.374739526701887,2,6,4,3.666666666666667,1.699673171197595,11.000000000000000,3,2,2,3
3939,9329908,15,118401.873697633505799,4,17,13,8.333333333333334,3.476907949441412,125.000000000000000,8,7,5,7
3940,9329910,3,23680.374739526701887,2,5,3,3.000000000000000,1.414213562373095,9.000000000000000,2,2,5,2
3941,9329912,3,23680.374739526701887,2,7,5,4.000000000000000,2.160246899469287,12.000000000000000,3,2,2,3
3942,9329914,7,55254.207725562300766,7,12,5,9.142857142857142,1.641303613296581,64.000000000000000,4,7,12,9
3943,9329916,17,134188.790190651314333,3,18,15,8.764705882352942,3.765624887830405,149.000000000000000,10,5,3,9
3944,9329918,9,71041.124218580109300,6,19,13,12.444444444444445,4.374448818895450,112.000000000000000,7,7,6,14
3945,9329920,8,63147.665972071205033,2,28,26,10.125000000000000,9.157476453696182,81.000000000000000,7,2,3,6
3946,9329922,17,134188.790190651314333,1,11,10,5.705882352941177,2.345576710279633,97.000000000000000,8,5,1,5
3947,9329924,12,94721.498958106807549,2,17,15,10.833333333333334,5.351531452667439,130.000000000000000,10,17,2,11
3948,9329926,24,189442.997916213615099,2,27,25,9.041666666666666,6.140569779932659,217.000000000000000,13,5,6,7
3949,9329928,14,110508.415451124601532,2,12,10,6.214285714285714,2.832933145007421,87.000000000000000,10,4,2,6
3950,9329930,15,118401.873697633505799,2,12,10,8.199999999999999,2.856571371417141,123.000000000000000,9,9,2,9
3951,9329932,2,15786.916493017801258,4,6,2,5.000000000000000,1.000000000000000,10.000000000000000,2,4,4,4
3952,9329934,17,134188.790190651314333,1,27,26,9.647058823529411,7.136823947342636,164.000000000000000,15,3,1,8
3953,9329936,13,102614.957204615711817,2,17,15,9.615384615384615,3.873747172927438,125.000000000000000,10,10,2,10
3954,9329938,10,78934.582465089013567,4,25,21,13.300000000000001,6.542935121182235,133.000000000000000,8,7,4,11
3955,9329940,6,47360.749479053403775,4,13,9,8.666666666666666,3.248931448269656,52.000000000000000,6,4,4,7
3956,9329942,25,197336.456162722519366,2,11,9,6.600000000000000,2.297825058615211,165.000000000000000,10,7,2,7
3957,9329944,12,94721.498958106807549,11,27,16,15.833333333333334,4.179978734661483,190.000000000000000,10,13,11,14
3958,9329946,16,126295.331944142410066,1,30,29,11.625000000000000,9.225474242552520,186.000000000000000,12,7,1,7
3959,9329948,3,23680.374739526701887,3,8,5,6.333333333333333,2.357022603955159,19.000000000000000,2,8,3,8
3960,9329950,8,63147.665972071205033,6,14,8,9.625000000000000,2.496873044429772,77.000000000000000,8,6,6,9
3961,9329952,18,142082.248437160218600,3,17,14,8.722222222222221,3.855811710991253,157.000000000000000,10,13,3,7
3962,9329954,5,39467.291232544506784,3,8,5,5.800000000000000,1.720465053408526,29.000000000000000,5,3,3,6
3963,9329956,17,134188.790190651314333,2,18,16,9.352941176470589,4.739585194937337,159.000000000000000,12,2,5,9
3964,9329958,18,142082.248437160218600,1,16,15,6.777777777777778,3.598696609044810,122.000000000000000,12,5,1,6
3965,9329960,2,15786.916493017801258,5,9,4,7.000000000000000,2.000000000000000,14.000000000000000,2,5,5,5
3966,9329962,6,47360.749479053403775,4,29,25,12.500000000000000,9.142392101268317,75.000000000000000,5,4,6,6
3967,9329964,17,134188.790190651314333,1,14,13,7.235294117647059,4.137765975310347,123.000000000000000,11,2,1,7
3968,9329966,10,78934.582465089013567,10,17,7,12.800000000000001,2.271563338320107,128.000000000000000,5,10,12,13
3969,9329968,21,165762.623176686902298,2,11,9,5.761904761904762,2.723876123061923,121.000000000000000,9,4,6,5
3970,9329970,17,134188.790190651314333,1,22,21,10.352941176470589,6.694520819038491,176.000000000000000,14,3,1,10
3971,9329972,19,149975.706683669122867,2,27,25,11.052631578947368,6.378200407890402,210.000000000000000,11,9,2,9
3972,9329974,4,31573.832986035602516,7,23,16,12.750000000000000,6.098155458825234,51.000000000000000,4,7,7,10
3973,9329976,10,78934.582465089013567,10,30,20,19.100000000000001,6.670082458260914,191.000000000000000,8,10,12,21
3974,9329978,23,181549.539669704710832,2,26,24,10.173913043478262,6.715667430413513,234.000000000000000,15,3,2,9
3975,9329980,4,31573.832986035602516,2,30,28,11.500000000000000,11.434596626029272,46.000000000000000,3,2,12,2
3976,9329982,1,7893.458246508900629,2,2,0,2.000000000000000,0.000000000000000,2.000000000000000,1,2,2,2
3977,9329984,7,55254.207725562300766,7,16,9,11.428571428571429,3.200765214629724,80.000000000000000,6,14,7,12
3978,9329986,15,118401.873697633505799,2,20,18,8.666666666666666,4.642796092394708,130.000000000000000,10,7,2,7
3979,9329988,3,23680.374739526701887,19,24,5,21.666666666666668,2.054804667656313,65.000000000000000,3,19,19,22
3980,9329990,16,126295.331944142410066,3,14,11,10.750000000000000,3.010398644698074,172.000000000000000,9,13,3,11
3981,9329992,14,110508.415451124601532,2,21,19,11.928571428571429,5.364756494464399,167.000000000000000,9,9,2,9
3982,9329994,15,118401.873697633505799,2,16,14,8.400000000000000,3.979949748426479,126.000000000000000,11,7,2,7
3983,9329996,25,197336.456162722519366,3,31,28,11.560000000000000,7.161452366664181,289.000000000000000,14,7,3,8
3984,9329998,8,63147.665972071205033,4,18,14,9.250000000000000,4.380353866983808,74.000000000000000,7,6,4,7
3985,9330000,4,31573.832986035602516,2,24,22,13.250000000000000,10.755812382149477,53.000000000000000,3,24,2,3
3986,9330002,12,94721.498958106807549,10,19,9,13.916666666666666,3.040239391159121,167.000000000000000,7,13,17,13
3987,9330004,12,94721.498958106807549,7,19,12,11.666666666666666,4.189935029992179,140.000000000000000,8,9,7,9
3988,9330006,10,78934.582465089013567,2,12,10,5.000000000000000,3.193743884534262,50.000000000000000,7,2,3,4
3989,9330008,4,31573.832986035602516,4,26,22,15.500000000000000,8.077747210701755,62.000000000000000,4,4,4,13
3990,9330010,2,15786.916493017801258,10,13,3,11.500000000000000,1.500000000000000,23.000000000000000,2,10,10,10
3991,9330012,24,189442.997916213615099,3,21,18,10.083333333333334,5.130924759620713,242.000000000000000,14,10,5,10
3992,9330014,11,86828.040711597903282,2,10,8,5.363636363636363,2.739367122421703,59.000000000000000,7,2,3,6
3993,9330016,12,94721.498958106807549,3,24,21,12.666666666666666,7.586537784494029,152.000000000000000,10,3,8,9
3994,9330018,14,110508.415451124601532,3,22,19,14.500000000000000,5.328494829016647,203.000000000000000,12,15,3,15
3995,9330020,5,39467.291232544506784,3,13,10,8.600000000000000,3.878143885933063,43.000000000000000,4,11,3,11
3996,9330022,11,86828.040711597903282,13,27,14,19.000000000000000,4.917501213199462,209.000000000000000,7,14,13,16
3997,9330024,2,15786.916493017801258,6,10,4,8.000000000000000,2.000000000000000,16.000000000000000,2,6,6,6
3998,9330026,8,63147.665972071205033,2,10,8,6.875000000000000,2.420614591379636,55.000000000000000,6,7,2,7
3999,9330028,6,47360.749479053403775,2,17,15,8.000000000000000,5.033222956847166,48.000000000000000,6,2,2,7
4000,9330030,17,134188.790190651314333,1,19,18,8.941176470588236,5.994807441692834,152.000000000000000,11,17,5,7
4001,9330032,13,102614.957204615711817,2,14,12,7.846153846153846,3.738493193914728,102.000000000000000,9,4,2,8
4002,9330034,2,15786.916493017801258,6,16,10,11.000000000000000,5.000000000000000,22.000000000000000,2,6,6,6
4003,9330036,16,126295.331944142410066,1,26,25,11.937500000000000,6.859926657771203,191.000000000000000,13,6,1,11
4004,9330038,17,134188.790190651314333,7,33,26,15.235294117647058,6.881598752040333,259.000000000000000,11,13,9,13
4005,9330040,15,118401.873697633505799,1,24,23,9.400000000000000,5.135497379352201,141.000000000000000,8,9,1,9
4006,9330042,26,205229.914409231423633,1,11,10,6.192307692307693,2.842253044129587,161.000000000000000,10,7,1,6
4007,9330044,6,47360.749479053403775,3,13,10,7.833333333333333,2.910708199428831,47.000000000000000,4,8,3,8
4008,9330046,18,142082.248437160218600,3,22,19,9.277777777777779,5.485390247998724,167.000000000000000,12,4,3,7
4009,9330048,20,157869.164930178027134,1,17,16,6.650000000000000,4.541750763747389,133.000000000000000,12,2,6,5
4010,9330050,2,15786.916493017801258,7,8,1,7.500000000000000,0.500000000000000,15.000000000000000,2,7,7,7
4011,9330052,14,110508.415451124601532,1,13,12,8.000000000000000,3.605551275463989,112.000000000000000,9,9,1,9
4012,9330054,11,86828.040711597903282,3,14,11,8.272727272727273,2.766386191764170,91.000000000000000,8,6,3,8
4013,9330056,5,39467.291232544506784,5,16,11,12.199999999999999,4.214261501141097,61.000000000000000,4,16,5,14
4014,9330058,20,157869.164930178027134,2,12,10,7.600000000000000,2.905167809266790,152.000000000000000,9,10,2,8
4015,9330060,14,110508.415451124601532,2,14,12,7.357142857142857,3.497083332826757,103.000000000000000,9,7,2,7
4016,9330062,30,236803.747395267011598,2,19,17,5.866666666666666,3.253032773001561,176.000000000000000,10,5,6,5
4017,9330064,22,173656.081423195806565,1,11,10,6.136363636363637,2.958738283695426,135.000000000000000,10,6,3,6
4018,9330066,9,71041.124218580109300,1,13,12,9.000000000000000,3.915780041490244,81.000000000000000,6,12,1,10
4019,9330068,21,165762.623176686902298,2,28,26,13.904761904761905,6.465327023031335,292.000000000000000,16,19,2,15
4020,9330070,4,31573.832986035602516,4,8,4,5.500000000000000,1.500000000000000,22.000000000000000,3,5,4,5
4021,9330072,6,47360.749479053403775,3,10,7,7.166666666666667,2.733536577809454,43.000000000000000,4,8,3,8
4022,9330074,14,110508.415451124601532,4,29,25,18.214285714285715,7.212871148445783,255.000000000000000,11,25,13,19
4023,9330076,5,39467.291232544506784,11,25,14,18.000000000000000,5.549774770204643,90.000000000000000,5,11,11,20
4024,9330078,19,149975.706683669122867,1,16,15,5.157894736842105,3.248694602528624,98.000000000000000,9,3,1,5
4025,9330080,9,71041.124218580109300,6,17,11,10.777777777777779,3.456966485800897,97.000000000000000,8,10,6,10
4026,9330082,5,39467.291232544506784,5,12,7,7.000000000000000,2.607680962081059,35.000000000000000,4,5,6,6
4027,9330084,15,118401.873697633505799,3,12,9,6.933333333333334,2.768071932270225,104.000000000000000,9,9,6,7
4028,9330086,18,142082.248437160218600,2,21,19,8.333333333333334,4.447221354708778,150.000000000000000,10,5,2,7
4029,9330088,4,31573.832986035602516,4,9,5,6.000000000000000,2.121320343559642,24.000000000000000,3,4,7,4
4030,9330090,17,134188.790190651314333,4,17,13,8.705882352941176,3.722186357542678,148.000000000000000,9,6,7,8
4031,9330092,6,47360.749479053403775,2,26,24,13.166666666666666,8.112062349091973,79.000000000000000,6,2,2,12
4032,9330094,15,118401.873697633505799,3,17,14,6.600000000000000,3.996665276619163,99.000000000000000,8,3,6,5
4033,9330096,6,47360.749479053403775,1,9,8,4.333333333333333,2.808716591058786,26.000000000000000,6,1,1,3
4034,9330098,14,110508.415451124601532,5,23,18,13.928571428571429,4.905744238197936,195.000000000000000,10,15,5,15
4035,9330100,27,213123.372655740327900,2,25,23,8.259259259259260,4.485305989748473,223.000000000000000,13,7,2,7
4036,9330102,18,142082.248437160218600,2,13,11,6.555555555555555,3.337034981706935,118.000000000000000,9,5,6,5
4037,9330104,15,118401.873697633505799,5,24,19,15.600000000000000,6.096993794759293,234.000000000000000,10,11,5,16
4038,9330106,7,55254.207725562300766,2,9,7,5.857142857142857,2.415933503612538,41.000000000000000,5,5,2,5
4039,9330108,3,23680.374739526701887,3,9,6,6.000000000000000,2.449489742783178,18.000000000000000,3,3,3,6
4040,9330110,2,15786.916493017801258,6,11,5,8.500000000000000,2.500000000000000,17.000000000000000,2,6,6,6
4041,9330112,7,55254.207725562300766,4,26,22,13.428571428571429,6.114552731152200,94.000000000000000,5,13,4,13
4042,9330114,14,110508.415451124601532,1,21,20,12.500000000000000,5.827888615466644,175.000000000000000,9,8,1,11
4043,9330116,8,63147.665972071205033,6,18,12,11.500000000000000,4.330127018922194,92.000000000000000,4,6,6,10
4044,9330118,12,94721.498958106807549,4,23,19,13.333333333333334,6.433419688539593,160.000000000000000,11,20,4,15
4045,9330120,3,23680.374739526701887,9,18,9,12.666666666666666,3.858612300930076,38.000000000000000,3,9,9,11
4046,9330122,10,78934.582465089013567,1,25,24,12.800000000000001,6.477653896280659,128.000000000000000,9,12,1,12
4047,9330124,11,86828.040711597903282,4,17,13,10.727272727272727,4.412604036186035,118.000000000000000,8,5,4,11
4048,9330126,19,149975.706683669122867,1,14,13,7.789473684210527,3.253806634962891,148.000000000000000,12,8,1,8
4049,9330128,13,102614.957204615711817,1,20,19,10.461538461538462,5.329387100211931,136.000000000000000,10,8,1,10
4050,9330130,13,102614.957204615711817,4,18,14,9.692307692307692,3.516655215588452,126.000000000000000,8,7,4,9
4051,9330132,16,126295.331944142410066,7,28,21,17.437500000000000,6.143784969381660,279.000000000000000,11,13,7,16
4052,9330134,32,252590.663888284820132,1,57,56,11.031250000000000,14.593415413723410,353.000000000000000,16,1,3,3
4053,9330136,3,23680.374739526701887,21,21,0,21.000000000000000,0.000000000000000,63.000000000000000,1,21,21,21
4054,9330138,8,63147.665972071205033,2,31,29,11.375000000000000,9.054522350737226,91.000000000000000,7,6,2,6
4055,9330140,10,78934.582465089013567,2,24,22,13.600000000000000,6.873136110975834,136.000000000000000,5,19,2,10
4056,9330142,13,102614.957204615711817,2,15,13,8.307692307692308,4.356862233386552,108.000000000000000,8,7,2,7
4057,9330144,18,142082.248437160218600,3,10,7,7.277777777777778,2.076470176781195,131.000000000000000,8,9,3,7
4058,9330146,12,94721.498958106807549,3,15,12,8.000000000000000,3.439961240091716,96.000000000000000,9,4,3,8
4059,9330148,4,31573.832986035602516,4,9,5,6.250000000000000,1.920286436967152,25.000000000000000,4,4,4,5
4060,9330150,8,63147.665972071205033,4,11,7,8.625000000000000,2.117634293262177,69.000000000000000,4,9,4,9
4061,9330152,2,15786.916493017801258,4,9,5,6.500000000000000,2.500000000000000,13.000000000000000,2,4,4,4
4062,9330154,24,189442.997916213615099,2,26,24,10.000000000000000,6.582805886043833,240.000000000000000,16,3,2,8
4063,9330158,26,205229.914409231423633,2,17,15,6.961538461538462,3.402270387106563,181.000000000000000,11,5,3,6
4064,9330160,14,110508.415451124601532,2,22,20,11.357142857142858,6.788721138320350,159.000000000000000,11,2,4,8
4065,9330164,4,31573.832986035602516,8,11,3,10.250000000000000,1.299038105676658,41.000000000000000,2,11,8,11
4066,9330166,6,47360.749479053403775,2,14,12,7.666666666666667,5.055250296034367,46.000000000000000,4,2,5,5
4067,9330168,4,31573.832986035602516,3,10,7,5.500000000000000,2.692582403567252,22.000000000000000,4,3,3,4
4068,9330170,8,63147.665972071205033,1,17,16,9.750000000000000,5.425633603552677,78.000000000000000,7,8,1,8
4069,9330172,7,55254.207725562300766,2,10,8,6.285714285714286,2.657296462534040,44.000000000000000,6,8,2,7
4070,9330174,34,268377.580381302628666,1,15,14,6.735294117647059,3.567078418384795,229.000000000000000,12,2,10,7
4071,9330178,12,94721.498958106807549,3,8,5,5.500000000000000,1.707825127659933,66.000000000000000,6,3,3,5
4072,9330180,7,55254.207725562300766,1,14,13,6.285714285714286,4.233009254294015,44.000000000000000,5,5,1,5
4073,9330182,14,110508.415451124601532,1,11,10,6.142857142857143,2.849991049037143,86.000000000000000,9,4,1,5
4074,9330184,5,39467.291232544506784,7,20,13,13.400000000000000,5.535341001239217,67.000000000000000,4,20,7,11
4075,9330186,9,71041.124218580109300,2,21,19,9.888888888888889,6.674069963413869,89.000000000000000,6,2,6,8
4076,9330188,25,197336.456162722519366,3,20,17,11.279999999999999,5.422324224905774,282.000000000000000,13,16,3,12
4077,9330190,18,142082.248437160218600,1,12,11,6.222222222222222,3.046957600178242,112.000000000000000,9,7,1,7
4078,9330192,2,15786.916493017801258,1,6,5,3.500000000000000,2.500000000000000,7.000000000000000,2,1,1,1
4079,9330194,17,134188.790190651314333,2,10,8,7.176470588235294,2.431056272914331,122.000000000000000,7,6,2,6
4080,9330196,6,47360.749479053403775,2,20,18,11.500000000000000,6.474308199851677,69.000000000000000,6,2,2,12
4081,9330198,13,102614.957204615711817,1,10,9,5.846153846153846,3.438384098250310,76.000000000000000,8,1,2,7
4082,9330200,21,165762.623176686902298,1,23,22,9.571428571428571,5.385796386894739,201.000000000000000,14,5,1,9
4083,9330202,5,39467.291232544506784,3,35,32,16.000000000000000,11.865917579353061,80.000000000000000,5,3,3,14
4084,9330204,21,165762.623176686902298,2,18,16,9.047619047619047,4.455880977253176,190.000000000000000,13,4,2,8
4085,9330206,12,94721.498958106807549,1,17,16,9.083333333333334,4.572714972772983,109.000000000000000,10,9,1,9
4086,9330208,6,47360.749479053403775,7,11,4,8.500000000000000,1.258305739211792,51.000000000000000,4,8,7,8
4087,9330210,2,15786.916493017801258,8,10,2,9.000000000000000,1.000000000000000,18.000000000000000,2,8,8,8
4088,9330212,15,118401.873697633505799,2,19,17,10.866666666666667,5.560175856531478,163.000000000000000,12,6,2,9
4089,9330214,7,55254.207725562300766,4,18,14,11.142857142857142,5.111012519999520,78.000000000000000,5,7,4,11
4090,9330216,14,110508.415451124601532,1,24,23,10.642857142857142,7.276254362721277,149.000000000000000,10,3,1,9
4091,9330218,1,7893.458246508900629,14,14,0,14.000000000000000,0.000000000000000,14.000000000000000,1,14,14,14
4092,9330220,12,94721.498958106807549,5,19,14,7.666666666666667,3.704351795148811,92.000000000000000,6,5,10,6
4093,9330222,5,39467.291232544506784,4,16,12,9.800000000000001,4.955804677345546,49.000000000000000,5,4,4,9
4094,9330224,12,94721.498958106807549,3,15,12,9.000000000000000,3.763863263545405,108.000000000000000,7,4,3,9
4095,9330226,12,94721.498958106807549,2,18,16,7.000000000000000,4.527692569068709,84.000000000000000,9,5,2,5
4096,9330228,6,47360.749479053403775,3,11,8,5.500000000000000,2.753785273643051,33.000000000000000,4,4,3,4
4097,9330230,9,71041.124218580109300,2,10,8,6.333333333333333,2.828427124746190,57.000000000000000,5,2,5,6
4098,9330232,22,173656.081423195806565,1,21,20,8.181818181818182,5.796835842519949,180.000000000000000,12,4,7,6
4099,9330234,7,55254.207725562300766,1,14,13,7.571428571428571,4.499433070863892,53.000000000000000,5,7,1,7
4100,9330236,12,94721.498958106807549,3,12,9,7.166666666666667,2.733536577809454,86.000000000000000,6,7,5,7
4101,9330238,14,110508.415451124601532,2,14,12,8.214285714285714,3.467781741125245,115.000000000000000,7,10,2,7
4102,9330240,5,39467.291232544506784,3,13,10,9.600000000000000,4.270831300812525,48.000000000000000,3,13,3,13
4103,9330242,8,63147.665972071205033,1,12,11,4.750000000000000,3.344772040064913,38.000000000000000,5,6,1,3
4104,9330244,25,197336.456162722519366,1,16,15,7.080000000000000,4.533607834826475,177.000000000000000,13,6,5,6
4105,9330246,17,134188.790190651314333,1,13,12,6.941176470588236,3.605071399069308,118.000000000000000,11,2,1,7
4106,9330248,15,118401.873697633505799,5,18,13,10.800000000000001,4.445222154178572,162.000000000000000,9,6,5,11
4107,9330250,21,165762.623176686902298,4,18,14,8.809523809523810,3.553925363246722,185.000000000000000,12,7,6,8
4108,9330252,10,78934.582465089013567,7,26,19,17.199999999999999,5.546169849544818,172.000000000000000,9,14,7,15
4109,9330254,15,118401.873697633505799,4,21,17,11.066666666666666,4.864383025854587,166.000000000000000,11,6,4,10
4110,9330256,37,292057.955120829341467,1,20,19,7.162162162162162,3.475890035842763,265.000000000000000,13,9,1,7
4111,9330258,18,142082.248437160218600,1,15,14,8.277777777777779,4.343648690975972,149.000000000000000,13,8,2,8
4112,9330260,15,118401.873697633505799,1,15,14,6.000000000000000,3.932768321000700,90.000000000000000,9,2,1,5
4113,9330262,9,71041.124218580109300,6,10,4,8.111111111111111,1.369869778437551,73.000000000000000,5,7,6,8
4114,9330264,17,134188.790190651314333,4,14,10,8.352941176470589,3.028126512054999,142.000000000000000,9,7,5,8
4115,9330266,12,94721.498958106807549,1,15,14,6.916666666666667,4.536120466752276,83.000000000000000,9,2,1,6
4116,9330268,8,63147.665972071205033,4,24,20,13.375000000000000,6.945097191544551,107.000000000000000,7,10,4,10
4117,9330270,4,31573.832986035602516,1,15,14,6.750000000000000,5.214163403653552,27.000000000000000,4,1,1,4
4118,9330272,1,7893.458246508900629,13,13,0,13.000000000000000,0.000000000000000,13.000000000000000,1,13,13,13
4119,9330274,14,110508.415451124601532,6,21,15,11.571428571428571,3.994894701174162,162.000000000000000,11,10,6,10
4120,9330276,1,7893.458246508900629,4,4,0,4.000000000000000,0.000000000000000,4.000000000000000,1,4,4,4
4121,9330278,6,47360.749479053403775,4,10,6,7.500000000000000,1.979057014506320,45.000000000000000,5,8,4,8
4122,9330280,7,55254.207725562300766,1,12,11,6.000000000000000,4.407785320154717,42.000000000000000,6,3,1,3
4123,9330282,5,39467.291232544506784,5,11,6,7.200000000000000,2.227105745132009,36.000000000000000,4,5,7,7
4124,9330284,6,47360.749479053403775,2,13,11,6.833333333333333,3.715582801601327,41.000000000000000,6,2,2,5
4125,9330286,15,118401.873697633505799,5,16,11,11.800000000000001,3.166491223210112,177.000000000000000,9,12,5,12
4126,9330288,7,55254.207725562300766,1,5,4,3.000000000000000,1.414213562373095,21.000000000000000,4,2,1,3
4127,9330290,5,39467.291232544506784,2,12,10,4.400000000000000,3.826225293941798,22.000000000000000,3,2,12,3
4128,9330292,6,47360.749479053403775,5,13,8,9.000000000000000,3.316624790355400,54.000000000000000,4,5,8,8
4129,9330294,11,86828.040711597903282,13,26,13,19.727272727272727,4.091919067246144,217.000000000000000,10,24,13,19
4130,9330296,10,78934.582465089013567,5,11,6,7.300000000000000,2.325940669922602,73.000000000000000,6,5,6,6
4131,9330298,8,63147.665972071205033,1,15,14,8.500000000000000,5.787918451395113,68.000000000000000,6,15,1,6
4132,9330300,5,39467.291232544506784,7,28,21,16.800000000000001,7.884161337770808,84.000000000000000,5,7,7,18
4133,9330302,6,47360.749479053403775,4,21,17,17.000000000000000,5.972157622389639,102.000000000000000,5,21,4,19
4134,9330304,11,86828.040711597903282,5,21,16,11.909090909090908,5.367487061500187,131.000000000000000,9,10,5,10
4135,9330306,18,142082.248437160218600,2,13,11,7.000000000000000,3.448026810929533,126.000000000000000,10,4,11,7
4136,9330310,7,55254.207725562300766,5,28,23,14.428571428571429,7.480587120906312,101.000000000000000,6,13,5,13
4137,9330312,18,142082.248437160218600,1,22,21,7.444444444444445,6.405052018369928,134.000000000000000,11,1,3,5
4138,9330314,15,118401.873697633505799,2,8,6,5.066666666666666,1.526069752301280,76.000000000000000,7,5,2,5
4139,9330316,11,86828.040711597903282,5,25,20,16.000000000000000,5.939084716749482,176.000000000000000,9,17,5,17
4140,9330318,16,126295.331944142410066,3,18,15,10.750000000000000,4.145780987944250,172.000000000000000,11,8,3,9
4141,9330320,4,31573.832986035602516,2,9,7,5.750000000000000,2.861380785564899,23.000000000000000,4,2,2,4
4142,9330322,22,173656.081423195806565,1,15,14,5.590909090909091,3.904066538519814,123.000000000000000,9,7,2,4
4143,9330324,18,142082.248437160218600,1,23,22,11.777777777777779,6.803230895485169,212.000000000000000,13,4,1,11
4144,9330326,15,118401.873697633505799,1,10,9,7.133333333333334,2.753583523741783,107.000000000000000,8,10,1,7
4145,9330328,1,7893.458246508900629,3,3,0,3.000000000000000,0.000000000000000,3.000000000000000,1,3,3,3
4146,9330330,8,63147.665972071205033,4,17,13,7.500000000000000,4.609772228646444,60.000000000000000,5,4,8,5
4147,9330332,8,63147.665972071205033,6,15,9,10.375000000000000,2.689679348918752,83.000000000000000,7,10,6,10
4148,9330334,1,7893.458246508900629,5,5,0,5.000000000000000,0.000000000000000,5.000000000000000,1,5,5,5
4149,9330336,19,149975.706683669122867,1,17,16,6.000000000000000,5.281546822864042,114.000000000000000,10,2,1,3
4150,9330338,10,78934.582465089013567,1,13,12,8.000000000000000,3.405877273185280,80.000000000000000,8,6,1,7
4151,9330340,7,55254.207725562300766,3,8,5,4.285714285714286,1.665986255670086,30.000000000000000,4,3,5,4
4152,9330342,25,197336.456162722519366,2,29,27,12.440000000000000,6.229478308815274,311.000000000000000,16,12,2,12
4153,9330344,1,7893.458246508900629,13,13,0,13.000000000000000,0.000000000000000,13.000000000000000,1,13,13,13
4154,9330346,10,78934.582465089013567,8,26,18,19.000000000000000,6.164414002968976,190.000000000000000,9,26,8,18
4155,9330348,26,205229.914409231423633,2,16,14,7.346153846153846,2.934441470801920,191.000000000000000,10,8,3,7
4156,9330350,20,157869.164930178027134,2,13,11,7.050000000000000,3.653423052426314,141.000000000000000,10,2,3,6
4157,9330352,7,55254.207725562300766,2,15,13,9.285714285714286,4.299976269512116,65.000000000000000,6,9,2,9
4158,9330354,16,126295.331944142410066,2,18,16,9.000000000000000,4.582575694955840,144.000000000000000,11,6,2,7
4159,9330356,11,86828.040711597903282,2,9,7,6.000000000000000,2.174229226018436,66.000000000000000,6,4,2,6
4160,9330358,5,39467.291232544506784,2,11,9,7.200000000000000,3.059411708155671,36.000000000000000,5,2,2,8
4161,9330360,5,39467.291232544506784,1,4,3,2.400000000000000,1.019803902718557,12.000000000000000,4,2,1,2
4162,9330362,16,126295.331944142410066,3,13,10,7.562500000000000,3.334830392988525,121.000000000000000,9,5,3,6
4163,9330364,13,102614.957204615711817,2,16,14,8.538461538461538,3.388110083930038,111.000000000000000,9,6,2,8
4164,9330366,13,102614.957204615711817,8,26,18,14.538461538461538,5.285908474649069,189.000000000000000,9,17,8,16
4165,9330368,10,78934.582465089013567,2,12,10,7.100000000000000,3.269556544854364,71.000000000000000,7,6,2,6
4166,9330370,12,94721.498958106807549,2,35,33,14.583333333333334,11.764766135466621,175.000000000000000,9,3,2,11
4167,9330372,1,7893.458246508900629,7,7,0,7.000000000000000,0.000000000000000,7.000000000000000,1,7,7,7
4168,9330374,14,110508.415451124601532,3,9,6,5.642857142857143,1.874914964058097,79.000000000000000,6,5,6,5
4169,9330376,12,94721.498958106807549,2,22,20,9.083333333333334,5.936586186989586,109.000000000000000,9,2,3,9
4170,9330378,31,244697.205641775915865,1,17,16,7.838709677419355,4.429350598243992,243.000000000000000,14,4,6,7
4171,9330380,8,63147.665972071205033,1,19,18,8.000000000000000,5.049752469181039,64.000000000000000,7,6,1,6
4172,9330382,5,39467.291232544506784,5,17,12,8.800000000000001,4.214261501141094,44.000000000000000,4,7,5,7
4173,9330384,34,268377.580381302628666,1,13,12,7.029411764705882,3.033977142471258,239.000000000000000,11,5,1,7
4174,9330386,15,118401.873697633505799,2,12,10,5.866666666666666,2.499777767900357,88.000000000000000,9,6,2,6
4175,9330388,11,86828.040711597903282,1,20,19,10.272727272727273,5.674358739755357,113.000000000000000,9,13,1,13
4176,9330390,13,102614.957204615711817,1,7,6,5.000000000000000,1.664100588675687,65.000000000000000,5,5,1,5
4177,9330392,17,134188.790190651314333,2,10,8,6.117647058823529,2.083050730544208,104.000000000000000,9,6,2,6
4178,9330394,5,39467.291232544506784,3,8,5,5.000000000000000,1.673320053068151,25.000000000000000,4,5,3,5
4179,9330396,7,55254.207725562300766,5,18,13,12.142857142857142,5.383269623261936,85.000000000000000,6,16,5,16
4180,9330398,1,7893.458246508900629,9,9,0,9.000000000000000,0.000000000000000,9.000000000000000,1,9,9,9
4181,9330400,4,31573.832986035602516,6,10,4,8.250000000000000,1.785357107135713,33.000000000000000,3,10,6,7
4182,9330402,11,86828.040711597903282,6,24,18,13.636363636363637,5.498309281831796,150.000000000000000,10,12,6,12
4183,9330404,5,39467.291232544506784,1,11,10,7.800000000000000,3.867815921162744,39.000000000000000,4,11,1,10
4184,9330406,5,39467.291232544506784,2,15,13,8.000000000000000,4.195235392680607,40.000000000000000,4,7,2,7
4185,9330408,14,110508.415451124601532,2,31,29,14.000000000000000,7.782764841072135,196.000000000000000,12,9,2,12
4186,9330410,8,63147.665972071205033,3,17,14,12.000000000000000,4.123105625617661,96.000000000000000,5,14,3,13
4187,9330412,18,142082.248437160218600,4,22,18,11.333333333333334,5.364492313143693,204.000000000000000,11,8,4,9
4188,9330414,17,134188.790190651314333,3,18,15,9.764705882352942,4.180197177515263,166.000000000000000,12,6,3,9
4189,9330416,5,39467.291232544506784,3,6,3,4.000000000000000,1.264911064067352,20.000000000000000,3,3,5,3
4190,9330418,7,55254.207725562300766,5,29,24,16.000000000000000,8.124038404635961,112.000000000000000,5,5,15,16
4191,9330420,17,134188.790190651314333,1,17,16,6.411764705882353,3.430980369745338,109.000000000000000,8,5,1,5
4192,9330424,16,126295.331944142410066,4,21,17,11.625000000000000,4.807221130757353,186.000000000000000,12,13,4,12
4193,9330426,48,378885.995832427230198,1,18,17,6.145833333333333,4.791440212040171,295.000000000000000,14,1,6,5
4194,9330428,2,15786.916493017801258,7,8,1,7.500000000000000,0.500000000000000,15.000000000000000,2,7,7,7
4195,9330430,4,31573.832986035602516,2,5,3,3.500000000000000,1.118033988749895,14.000000000000000,4,2,2,3
4196,9330434,4,31573.832986035602516,1,3,2,2.000000000000000,0.707106781186548,8.000000000000000,3,2,1,2
4197,9330436,3,23680.374739526701887,3,10,7,6.333333333333333,2.867441755680876,19.000000000000000,3,3,3,6
4198,9330438,1,7893.458246508900629,5,5,0,5.000000000000000,0.000000000000000,5.000000000000000,1,5,5,5
4199,9330440,1,7893.458246508900629,1,1,0,1.000000000000000,0.000000000000000,1.000000000000000,1,1,1,1
4200,9330442,15,118401.873697633505799,4,16,12,7.866666666666666,3.242769735204083,118.000000000000000,10,6,7,7
4201,9330444,3,23680.374739526701887,2,5,3,3.333333333333333,1.247219128924647,10.000000000000000,3,2,2,3
4202,9330446,8,63147.665972071205033,3,32,29,18.625000000000000,10.605865122657368,149.000000000000000,7,32,3,15
4203,9330448,9,71041.124218580109300,4,13,9,9.333333333333334,3.055050463303894,84.000000000000000,7,10,4,10
4204,9330450,14,110508.415451124601532,3,18,15,9.285714285714286,4.216101303821057,130.000000000000000,8,10,3,10
4205,9330452,27,213123.372655740327900,1,15,14,6.518518518518518,3.201508560736936,176.000000000000000,11,7,1,7
4206,9330454,16,126295.331944142410066,6,27,21,12.875000000000000,6.622641089474802,206.000000000000000,9,7,15,11
4207,9330456,8,63147.665972071205033,5,21,16,9.625000000000000,5.475799028452378,77.000000000000000,6,5,6,7
4208,9330458,21,165762.623176686902298,2,16,14,6.095238095238095,4.104640369430467,128.000000000000000,10,2,3,4
4209,9330460,8,63147.665972071205033,4,18,14,12.000000000000000,4.716990566028302,96.000000000000000,6,8,4,12
4210,9330462,9,71041.124218580109300,4,13,9,9.000000000000000,2.905932629027116,81.000000000000000,8,13,4,9
4211,9330466,3,23680.374739526701887,7,17,10,11.666666666666666,4.109609335312652,35.000000000000000,3,7,7,11
4212,9330468,17,134188.790190651314333,8,21,13,15.294117647058824,4.025867913474982,260.000000000000000,10,16,9,16
4213,9330470,7,55254.207725562300766,5,28,23,18.571428571428573,6.945854732081835,130.000000000000000,6,23,5,20
4214,9330472,9,71041.124218580109300,4,20,16,13.444444444444445,5.123174170399334,121.000000000000000,6,15,4,15
4215,9330474,12,94721.498958106807549,10,28,18,19.250000000000000,6.043246919771964,231.000000000000000,8,12,10,19
4216,9330476,3,23680.374739526701887,4,14,10,9.333333333333334,4.109609335312649,28.000000000000000,3,4,4,10
4217,9330478,3,23680.374739526701887,5,7,2,5.666666666666667,0.942809041582062,17.000000000000000,2,5,7,5
4218,9330480,9,71041.124218580109300,9,29,20,18.888888888888889,6.349880916546464,170.000000000000000,8,17,9,17
4219,9330482,7,55254.207725562300766,10,24,14,16.857142857142858,4.223355856884139,118.000000000000000,7,10,10,17
4220,9330484,12,94721.498958106807549,3,18,15,8.750000000000000,5.524566347989074,105.000000000000000,7,3,5,6
4221,9330486,10,78934.582465089013567,9,27,18,18.800000000000001,6.029925372672533,188.000000000000000,9,13,9,17
4222,9330488,11,86828.040711597903282,5,25,20,15.000000000000000,5.969620057957091,165.000000000000000,10,15,5,15
4223,9330490,12,94721.498958106807549,5,14,9,9.333333333333334,2.426703296426837,112.000000000000000,7,7,5,9
4224,9330492,3,23680.374739526701887,6,17,11,13.000000000000000,4.966554808583780,39.000000000000000,3,6,6,16
4225,9330494,12,94721.498958106807549,5,16,11,10.666666666666666,3.144660377352202,128.000000000000000,7,10,5,10
4226,9330496,15,118401.873697633505799,3,18,15,10.000000000000000,4.242640687119285,150.000000000000000,10,6,3,11
4227,9330498,12,94721.498958106807549,5,26,21,15.083333333333334,5.978549619728479,181.000000000000000,9,19,5,15
4228,9330500,12,94721.498958106807549,9,19,10,12.833333333333334,3.023059524536174,154.000000000000000,8,9,10,12
4229,9330502,9,71041.124218580109300,2,15,13,7.000000000000000,4.618802153517006,63.000000000000000,6,3,2,6
4230,9330504,12,94721.498958106807549,3,24,21,11.500000000000000,4.821825380496477,138.000000000000000,6,13,3,11
4231,9330506,10,78934.582465089013567,7,17,10,10.699999999999999,3.407345007480166,107.000000000000000,6,7,14,9
4232,9330510,4,31573.832986035602516,1,14,13,7.250000000000000,5.068283733178323,29.000000000000000,4,1,1,4
4233,9330512,9,71041.124218580109300,6,22,16,12.333333333333334,5.696002496878354,111.000000000000000,6,6,9,13
4234,9330514,22,173656.081423195806565,4,24,20,9.000000000000000,4.522670168666454,198.000000000000000,10,7,10,8
4235,9330516,7,55254.207725562300766,7,19,12,11.000000000000000,3.964124835860459,77.000000000000000,5,8,7,9
4236,9330518,10,78934.582465089013567,8,25,17,14.300000000000001,5.550675634551166,143.000000000000000,7,8,15,12
4237,9330520,4,31573.832986035602516,5,17,12,10.750000000000000,5.760859310901457,43.000000000000000,3,5,16,5
4238,9330522,4,31573.832986035602516,12,22,10,16.750000000000000,4.322904116447646,67.000000000000000,4,12,12,13
4239,9330524,13,102614.957204615711817,4,18,14,12.461538461538462,4.749338166287118,162.000000000000000,9,16,6,15
4240,9330526,3,23680.374739526701887,14,20,6,16.333333333333332,2.624669291337275,49.000000000000000,3,14,14,15
4241,9330528,21,165762.623176686902298,3,16,13,9.666666666666666,3.858612300930075,203.000000000000000,12,5,3,10
4242,9330530,11,86828.040711597903282,5,22,17,10.454545454545455,5.263314482229138,115.000000000000000,7,5,8,10
4243,9330532,22,173656.081423195806565,3,18,15,7.045454545454546,3.211871059441730,155.000000000000000,9,7,3,6
4244,9330534,13,102614.957204615711817,9,18,9,12.153846153846153,2.684604364094640,158.000000000000000,7,11,12,11
4245,9330536,17,134188.790190651314333,3,26,23,12.588235294117647,6.843277710789590,214.000000000000000,13,5,3,11
4246,9330538,3,23680.374739526701887,2,12,10,8.000000000000000,4.320493798938574,24.000000000000000,3,2,2,10
4247,9330542,2,15786.916493017801258,6,17,11,11.500000000000000,5.500000000000000,23.000000000000000,2,6,6,6
4248,9330544,16,126295.331944142410066,4,18,14,10.062500000000000,4.436619630980325,161.000000000000000,11,5,4,9
4249,9330546,6,47360.749479053403775,2,16,14,9.666666666666666,5.374838498865700,58.000000000000000,6,2,2,10
4250,9330548,2,15786.916493017801258,5,6,1,5.500000000000000,0.500000000000000,11.000000000000000,2,5,5,5
4251,9330550,16,126295.331944142410066,3,24,21,14.000000000000000,6.964194138592060,224.000000000000000,10,7,3,14
4252,9330552,17,134188.790190651314333,5,16,11,10.588235294117647,2.911616157826962,180.000000000000000,10,9,5,10
4253,9330554,3,23680.374739526701887,3,13,10,7.666666666666667,4.109609335312650,23.000000000000000,3,3,3,7
4254,9330556,14,110508.415451124601532,8,35,27,20.285714285714285,9.276918911459555,284.000000000000000,10,8,12,15
4255,9330558,1,7893.458246508900629,4,4,0,4.000000000000000,0.000000000000000,4.000000000000000,1,4,4,4
4256,9330560,13,102614.957204615711817,12,32,20,19.538461538461540,6.147111699694472,254.000000000000000,11,12,16,18
4257,9330562,12,94721.498958106807549,7,26,19,18.083333333333332,5.648869110027444,217.000000000000000,10,16,7,16
4258,9330564,10,78934.582465089013567,3,15,12,7.200000000000000,3.515679166249389,72.000000000000000,4,9,15,5
4259,9330566,14,110508.415451124601532,2,22,20,13.928571428571429,6.681149235127204,195.000000000000000,11,4,2,15
4260,9330568,13,102614.957204615711817,5,27,22,16.307692307692307,7.086114432570173,212.000000000000000,11,16,5,16
4261,9330570,15,118401.873697633505799,4,23,19,10.333333333333334,5.605552802554108,155.000000000000000,10,6,4,8
4262,9330572,5,39467.291232544506784,1,11,10,6.000000000000000,3.224903099319420,30.000000000000000,5,1,1,6
4263,9330574,10,78934.582465089013567,2,14,12,8.100000000000000,4.229657196511320,81.000000000000000,7,2,3,9
4264,9330576,16,126295.331944142410066,4,19,15,9.562500000000000,3.741135355744296,153.000000000000000,10,10,4,10
4265,9330578,15,118401.873697633505799,6,22,16,11.933333333333334,4.538232646698003,179.000000000000000,9,6,13,12
4266,9330580,13,102614.957204615711817,4,23,19,9.692307692307692,6.329231517145913,126.000000000000000,8,4,9,7
4267,9330582,11,86828.040711597903282,1,23,22,10.636363636363637,6.256236557849183,117.000000000000000,10,6,1,10
4268,9330584,25,197336.456162722519366,1,16,15,7.480000000000000,4.482142344906061,187.000000000000000,13,4,5,8
4269,9330586,64,505181.327776569640264,3,25,22,10.390625000000000,5.404330403424184,665.000000000000000,20,7,8,10
4270,9330588,7,55254.207725562300766,1,18,17,7.428571428571429,4.865538961693257,52.000000000000000,5,7,1,7
4271,9330590,9,71041.124218580109300,2,11,9,6.555555555555555,2.586765939293959,59.000000000000000,5,5,2,7
4272,9330592,12,94721.498958106807549,3,10,7,6.333333333333333,2.248456260538674,76.000000000000000,5,5,3,5
4273,9330594,2,15786.916493017801258,6,24,18,15.000000000000000,9.000000000000000,30.000000000000000,2,6,6,6
4274,9330596,29,228910.289148758107331,2,25,23,13.379310344827585,5.773983225035940,388.000000000000000,17,10,6,13
4275,9330600,5,39467.291232544506784,4,28,24,13.400000000000000,9.748846085563152,67.000000000000000,5,4,4,8
4276,9330602,9,71041.124218580109300,4,41,37,19.555555555555557,10.719775195726520,176.000000000000000,8,22,4,22
4277,9330604,2,15786.916493017801258,5,6,1,5.500000000000000,0.500000000000000,11.000000000000000,2,5,5,5
4278,9330606,3,23680.374739526701887,3,11,8,5.666666666666667,3.771236166328253,17.000000000000000,2,3,11,3
4279,9330608,6,47360.749479053403775,3,13,10,8.666666666666666,3.399346342395191,52.000000000000000,5,9,3,9
4280,9330610,26,205229.914409231423633,3,21,18,10.692307692307692,5.134867467162659,278.000000000000000,16,11,5,11
4281,9330612,21,165762.623176686902298,3,17,14,9.333333333333334,3.550095013260151,196.000000000000000,12,8,3,8
4282,9330614,8,63147.665972071205033,7,17,10,12.750000000000000,2.904737509655563,102.000000000000000,5,11,7,13
4283,9330616,12,94721.498958106807549,3,16,13,8.416666666666666,4.009537241239804,101.000000000000000,10,7,3,7
4284,9330618,3,23680.374739526701887,9,24,15,14.333333333333334,6.847546194724711,43.000000000000000,3,9,9,10
4285,9330620,2,15786.916493017801258,7,17,10,12.000000000000000,5.000000000000000,24.000000000000000,2,7,7,7
4286,9330622,3,23680.374739526701887,12,25,13,18.000000000000000,5.354126134736337,54.000000000000000,3,12,12,17
4287,9330624,20,157869.164930178027134,3,20,17,9.500000000000000,4.213074886588180,190.000000000000000,9,6,3,9
4288,9330626,43,339418.704599882708862,2,19,17,8.720930232558139,4.082438745579850,375.000000000000000,14,8,3,8
4289,9330628,11,86828.040711597903282,13,41,28,23.090909090909090,8.317064008351039,254.000000000000000,9,17,13,19
4290,9330630,4,31573.832986035602516,24,26,2,24.750000000000000,0.829156197588850,99.000000000000000,3,24,25,24
4291,9330632,7,55254.207725562300766,2,13,11,7.142857142857143,3.522522287410843,50.000000000000000,7,2,2,7
4292,9330634,8,63147.665972071205033,1,22,21,12.750000000000000,6.777720855862979,102.000000000000000,8,1,1,11
4293,9330636,15,118401.873697633505799,1,22,21,6.466666666666667,6.184568609764863,97.000000000000000,9,1,4,5
4294,9330638,12,94721.498958106807549,2,10,8,5.833333333333333,2.074983266331456,70.000000000000000,7,5,2,5
4295,9330640,5,39467.291232544506784,11,24,13,18.800000000000001,4.664761515876239,94.000000000000000,5,11,11,19
4296,9330642,8,63147.665972071205033,3,16,13,8.375000000000000,4.090767042988393,67.000000000000000,7,8,3,8
4297,9330644,17,134188.790190651314333,5,24,19,13.470588235294118,5.852276048521368,229.000000000000000,11,6,5,14
4298,9330646,2,15786.916493017801258,21,24,3,22.500000000000000,1.500000000000000,45.000000000000000,2,21,21,21
4299,9330648,13,102614.957204615711817,5,14,9,9.846153846153847,3.676247121645698,128.000000000000000,6,13,10,11
4300,9330650,9,71041.124218580109300,2,19,17,8.666666666666666,5.830951894845301,78.000000000000000,7,3,2,7
4301,9330652,2,15786.916493017801258,7,16,9,11.500000000000000,4.500000000000000,23.000000000000000,2,7,7,7
4302,9330654,1,7893.458246508900629,9,9,0,9.000000000000000,0.000000000000000,9.000000000000000,1,9,9,9
4303,9330656,21,165762.623176686902298,8,22,14,12.857142857142858,3.770634837110314,270.000000000000000,9,15,17,12
4304,9330658,17,134188.790190651314333,5,18,13,12.764705882352942,3.734251823083265,217.000000000000000,9,13,5,13
4305,9330660,10,78934.582465089013567,4,32,28,14.300000000000001,7.642643521714198,143.000000000000000,8,14,4,14
4306,9330662,12,94721.498958106807549,2,18,16,10.416666666666666,4.572714972772983,125.000000000000000,11,8,2,9
4307,9330664,9,71041.124218580109300,2,21,19,12.222222222222221,5.845753972429292,110.000000000000000,8,16,2,13
4308,9330666,34,268377.580381302628666,1,33,32,12.264705882352942,7.785011328449243,417.000000000000000,19,7,3,10
4309,9330668,24,189442.997916213615099,10,21,11,14.875000000000000,2.919938640907830,357.000000000000000,11,14,10,14
4310,9330670,10,78934.582465089013567,3,13,10,8.000000000000000,2.529822128134704,80.000000000000000,6,8,3,8
4311,9330672,4,31573.832986035602516,3,13,10,7.000000000000000,3.741657386773941,28.000000000000000,4,3,3,5
4312,9330674,19,149975.706683669122867,5,31,26,14.263157894736842,7.297022502097817,271.000000000000000,11,7,9,12
4313,9330676,8,63147.665972071205033,9,18,9,12.625000000000000,3.119995993587171,101.000000000000000,6,9,10,11
4314,9330678,11,86828.040711597903282,9,21,12,14.363636363636363,4.140108195176618,158.000000000000000,10,10,9,14
4315,9330682,14,110508.415451124601532,4,19,15,12.285714285714286,4.382246185765132,172.000000000000000,7,9,4,11
4316,9330684,15,118401.873697633505799,5,28,23,14.800000000000001,4.791659420284374,222.000000000000000,10,11,5,15
4317,9330686,6,47360.749479053403775,8,29,21,21.333333333333332,8.900686615212461,128.000000000000000,5,29,8,24
4318,9330688,13,102614.957204615711817,1,21,20,9.769230769230770,5.176185797310990,127.000000000000000,10,11,1,10
4319,9330690,1,7893.458246508900629,19,19,0,19.000000000000000,0.000000000000000,19.000000000000000,1,19,19,19
4320,9330692,10,78934.582465089013567,2,16,14,9.699999999999999,4.517742799230607,97.000000000000000,8,10,2,10
4321,9330694,8,63147.665972071205033,6,24,18,15.875000000000000,5.599944196150529,127.000000000000000,7,12,6,15
4322,9330696,2,15786.916493017801258,10,23,13,16.500000000000000,6.500000000000000,33.000000000000000,2,10,10,10
4323,9330698,15,118401.873697633505799,5,27,22,13.933333333333334,5.915704147061072,209.000000000000000,8,11,5,11
4324,9330700,7,55254.207725562300766,11,37,26,23.285714285714285,9.632004474878615,163.000000000000000,7,11,11,19
4325,9330702,17,134188.790190651314333,3,20,17,8.529411764705882,4.074564531893865,145.000000000000000,10,6,5,8
4326,9330704,14,110508.415451124601532,1,27,26,14.500000000000000,9.013878188659973,203.000000000000000,8,12,1,12
4327,9330706,17,134188.790190651314333,1,33,32,13.117647058823529,10.659888273011100,223.000000000000000,10,7,3,8
4328,9330708,10,78934.582465089013567,7,35,28,21.600000000000001,8.662563131083084,216.000000000000000,8,24,7,24
4329,9330710,18,142082.248437160218600,1,27,26,12.611111111111111,7.638636359462255,227.000000000000000,11,9,1,10
4330,9330712,14,110508.415451124601532,3,23,20,11.928571428571429,5.624744892174294,167.000000000000000,10,15,3,12
4331,9330714,6,47360.749479053403775,3,32,29,18.500000000000000,8.808140174482540,111.000000000000000,6,3,3,19
4332,9330716,32,252590.663888284820132,3,26,23,13.875000000000000,7.096433963618629,444.000000000000000,16,20,5,14
4333,9330718,9,71041.124218580109300,5,24,19,12.555555555555555,6.448274723798625,113.000000000000000,8,7,5,9
4334,9330720,26,205229.914409231423633,2,28,26,11.692307692307692,7.461538461538463,304.000000000000000,17,4,2,9
4335,9330722,6,47360.749479053403775,2,14,12,9.166666666666666,4.297932319409210,55.000000000000000,6,2,2,10
4336,9330724,18,142082.248437160218600,2,36,34,13.277777777777779,10.065372739996354,239.000000000000000,13,5,2,9
4337,9330726,17,134188.790190651314333,2,21,19,9.941176470588236,5.127441607609624,169.000000000000000,11,7,2,8
4338,9330728,3,23680.374739526701887,14,17,3,15.333333333333334,1.247219128924642,46.000000000000000,3,14,14,15
4339,9330732,13,102614.957204615711817,2,21,19,7.307692307692307,4.461538461538462,95.000000000000000,8,7,2,7
4340,9330734,16,126295.331944142410066,3,26,23,13.437500000000000,6.294528874347945,215.000000000000000,12,12,3,14
4341,9330736,14,110508.415451124601532,1,16,15,6.714285714285714,4.060762972443399,94.000000000000000,7,4,11,7
4342,9330738,10,78934.582465089013567,4,17,13,9.900000000000000,3.672873534441391,99.000000000000000,8,9,4,9
4343,9330740,22,173656.081423195806565,4,21,17,10.045454545454545,4.353444537242088,221.000000000000000,12,8,4,8
4344,9330742,7,55254.207725562300766,1,11,10,4.857142857142857,3.642156795423418,34.000000000000000,5,1,2,5
4345,9330744,46,363099.079339409421664,1,30,29,9.695652173913043,6.984048798379594,446.000000000000000,19,7,5,8
4346,9330746,7,55254.207725562300766,2,9,7,5.000000000000000,2.507132682112035,35.000000000000000,5,2,4,5
4347,9330748,29,228910.289148758107331,2,27,25,12.310344827586206,7.306602815856365,357.000000000000000,18,14,4,13
4348,9330750,15,118401.873697633505799,2,17,15,8.066666666666666,3.473071007368295,121.000000000000000,7,5,2,7
4349,9330752,15,118401.873697633505799,1,15,14,6.000000000000000,3.966526608171604,90.000000000000000,10,4,1,4
4350,9330754,8,63147.665972071205033,2,21,19,9.000000000000000,5.522680508593631,72.000000000000000,6,7,2,7
4351,9330756,38,299951.413367338245735,1,14,13,6.578947368421052,3.423076324528231,250.000000000000000,13,7,1,6
4352,9330758,19,149975.706683669122867,3,22,19,7.421052631578948,4.416664488927841,141.000000000000000,9,4,3,6
4353,9330760,22,173656.081423195806565,3,16,13,9.045454545454545,3.560863949397071,199.000000000000000,11,7,6,9
4354,9330762,17,134188.790190651314333,1,11,10,4.823529411764706,2.684055187423491,82.000000000000000,8,3,1,5
4355,9330764,13,102614.957204615711817,5,12,7,7.692307692307693,1.681785469928879,100.000000000000000,6,8,5,8
4356,9330766,8,63147.665972071205033,5,21,16,12.375000000000000,5.566361019553080,99.000000000000000,6,11,5,11
4357,9330768,13,102614.957204615711817,1,15,14,6.615384615384615,4.306318462239510,86.000000000000000,7,2,1,7
4358,9330770,14,110508.415451124601532,1,16,15,10.285714285714286,5.390846361175201,144.000000000000000,8,1,6,13
4359,9330772,35,276271.038627811532933,2,29,27,14.714285714285714,7.057200693805801,515.000000000000000,20,23,7,16
4360,9330774,16,126295.331944142410066,11,29,18,19.125000000000000,5.109733358992424,306.000000000000000,10,15,11,16
4361,9330776,3,23680.374739526701887,6,10,4,8.666666666666666,1.885618083164128,26.000000000000000,2,10,6,10
4362,9330778,5,39467.291232544506784,7,18,11,11.800000000000001,4.534313619501853,59.000000000000000,4,7,11,11
4363,9330780,21,165762.623176686902298,4,24,20,12.619047619047619,5.859271777246486,265.000000000000000,16,4,5,12
4364,9330782,25,197336.456162722519366,1,19,18,9.240000000000000,5.587700779390392,231.000000000000000,13,5,1,7
4365,9330784,13,102614.957204615711817,3,23,20,12.000000000000000,6.348833932911799,156.000000000000000,12,13,3,12
4366,9330786,24,189442.997916213615099,3,23,20,9.791666666666666,5.243878706538596,235.000000000000000,14,4,3,9
4367,9330788,8,63147.665972071205033,3,19,16,8.375000000000000,5.383713866839507,67.000000000000000,7,3,4,6
4368,9330790,26,205229.914409231423633,2,30,28,13.076923076923077,7.745584731977096,340.000000000000000,13,13,3,12
4369,9330792,16,126295.331944142410066,1,28,27,12.562500000000000,8.696038968978922,201.000000000000000,12,7,1,9
4370,9330794,4,31573.832986035602516,4,14,10,7.750000000000000,3.897114317029974,31.000000000000000,4,4,4,5
4371,9330796,21,165762.623176686902298,4,28,24,16.000000000000000,6.553806600166117,336.000000000000000,14,20,4,17
4372,9330798,4,31573.832986035602516,2,9,7,6.000000000000000,2.738612787525831,24.000000000000000,4,2,2,5
4373,9330800,28,221016.830902249203064,2,21,19,8.928571428571429,5.927710780903603,250.000000000000000,15,2,7,7
4374,9330802,2,15786.916493017801258,3,6,3,4.500000000000000,1.500000000000000,9.000000000000000,2,3,3,3
4375,9330804,21,165762.623176686902298,1,17,16,5.952380952380953,4.369550379792176,125.000000000000000,11,2,1,5
4376,9330806,38,299951.413367338245735,1,34,33,13.184210526315789,8.747496673960031,501.000000000000000,17,10,1,10
4377,9330808,15,118401.873697633505799,3,25,22,12.533333333333333,5.737207993053378,188.000000000000000,10,7,3,13
4378,9330810,23,181549.539669704710832,1,16,15,6.782608695652174,3.361631613926559,156.000000000000000,11,7,2,7
4379,9330812,16,126295.331944142410066,2,11,9,5.500000000000000,2.872281323269014,88.000000000000000,9,2,7,5
4380,9330814,10,78934.582465089013567,7,18,11,12.400000000000000,3.199999999999998,124.000000000000000,8,12,7,12
4381,9330816,16,126295.331944142410066,1,20,19,10.062500000000000,5.771359783447918,161.000000000000000,12,2,1,11
4382,9330818,16,126295.331944142410066,3,29,26,12.687500000000000,6.640018354643306,203.000000000000000,10,12,7,12
4383,9330820,37,292057.955120829341467,1,23,22,11.432432432432432,6.482994555573590,423.000000000000000,18,15,6,11
4384,9330822,39,307844.871613847150002,1,22,21,10.205128205128204,4.409660067016547,398.000000000000000,14,9,1,9
4385,9330828,13,102614.957204615711817,5,26,21,16.769230769230770,6.091025506101276,218.000000000000000,10,15,5,18
4386,9330830,55,434140.203557989560068,1,30,29,14.127272727272727,7.722586814496682,777.000000000000000,25,8,3,13
4387,9330832,5,39467.291232544506784,8,26,18,18.800000000000001,6.554387843269575,94.000000000000000,5,8,8,19
4388,9330834,36,284164.496874320437200,2,19,17,9.027777777777779,5.052425771136030,325.000000000000000,15,2,4,9
4389,9330836,1,7893.458246508900629,5,5,0,5.000000000000000,0.000000000000000,5.000000000000000,1,5,5,5
4390,9330838,4,31573.832986035602516,4,21,17,10.250000000000000,6.456585785072479,41.000000000000000,4,4,4,7
4391,9330840,19,149975.706683669122867,4,25,21,13.263157894736842,5.664683809294194,252.000000000000000,13,9,4,12
4392,9330854,13,102614.957204615711817,6,23,17,12.076923076923077,4.843100381137598,157.000000000000000,9,13,9,13
4393,9330856,6,47360.749479053403775,1,40,39,13.000000000000000,14.306175822583290,78.000000000000000,6,1,1,5
4394,9330858,12,94721.498958106807549,3,12,9,7.750000000000000,2.586020108197150,93.000000000000000,6,8,3,8
4395,9330860,20,157869.164930178027134,1,32,31,10.850000000000000,9.956279425568569,217.000000000000000,14,2,4,6
4396,9330862,30,236803.747395267011598,4,37,33,14.966666666666667,8.105485111261933,449.000000000000000,20,10,4,12
4397,9330864,12,94721.498958106807549,8,53,45,17.666666666666668,13.002136576561391,212.000000000000000,11,8,9,12
4398,9330866,7,55254.207725562300766,7,13,6,9.285714285714286,2.249716535431943,65.000000000000000,4,7,9,9
4399,9330868,14,110508.415451124601532,6,42,36,22.071428571428573,9.535379876426269,309.000000000000000,13,16,6,18
4400,9330870,15,118401.873697633505799,3,22,19,13.600000000000000,6.237520875048569,204.000000000000000,12,14,3,14
4401,9330872,23,181549.539669704710832,2,16,14,9.391304347826088,3.750236287451794,216.000000000000000,12,8,2,9
4402,9330874,20,157869.164930178027134,3,27,24,15.500000000000000,7.619055059520177,310.000000000000000,13,24,3,17
4403,9330876,8,63147.665972071205033,5,26,21,14.500000000000000,7.648529270389178,116.000000000000000,6,8,5,10
4404,9330878,18,142082.248437160218600,6,32,26,17.388888888888889,6.490496376231676,313.000000000000000,12,21,6,17
4405,9330880,7,55254.207725562300766,2,7,5,3.285714285714286,1.749635530559413,23.000000000000000,3,2,7,2
4406,9330882,12,94721.498958106807549,5,27,22,12.250000000000000,7.473564522145150,147.000000000000000,9,5,6,8
4407,9330884,12,94721.498958106807549,1,24,23,12.500000000000000,7.112196097783956,150.000000000000000,12,1,1,11
4408,9330886,13,102614.957204615711817,6,33,27,18.307692307692307,7.789387409354974,238.000000000000000,10,11,6,16
4409,9330888,27,213123.372655740327900,6,45,39,22.407407407407408,12.329606822181102,605.000000000000000,19,6,14,21
4410,9330890,13,102614.957204615711817,2,27,25,15.307692307692308,6.614490100524817,199.000000000000000,11,17,2,17
4411,9330892,14,110508.415451124601532,2,22,20,12.500000000000000,5.741453275459595,175.000000000000000,12,12,2,12
4412,9330894,8,63147.665972071205033,2,19,17,6.625000000000000,5.097487126025920,53.000000000000000,6,4,2,4
4413,9330896,26,205229.914409231423633,3,19,16,8.884615384615385,4.627068544295564,231.000000000000000,14,8,10,8
4414,9330898,20,157869.164930178027134,1,17,16,6.750000000000000,4.368924352744048,135.000000000000000,11,9,4,5
4415,9330900,8,63147.665972071205033,3,9,6,5.750000000000000,2.165063509461097,46.000000000000000,6,3,4,5
4416,9330902,17,134188.790190651314333,5,16,11,9.176470588235293,2.833316371480540,156.000000000000000,7,9,6,9
4417,9330904,16,126295.331944142410066,2,13,11,9.250000000000000,3.269174207655505,148.000000000000000,8,10,2,10
4418,9330906,15,118401.873697633505799,2,15,13,6.200000000000000,3.015515434106304,93.000000000000000,7,6,3,6
4419,9330908,10,78934.582465089013567,1,24,23,9.900000000000000,7.381734213584230,99.000000000000000,10,1,1,8
4420,9330910,2,15786.916493017801258,4,11,7,7.500000000000000,3.500000000000000,15.000000000000000,2,4,4,4
4421,9330912,32,252590.663888284820132,1,18,17,6.406250000000000,3.871848516858582,205.000000000000000,13,4,1,5
4422,9330914,10,78934.582465089013567,1,11,10,5.400000000000000,2.800000000000000,54.000000000000000,8,4,1,4
4423,9330916,18,142082.248437160218600,1,22,21,6.777777777777778,7.161281353032008,122.000000000000000,9,1,3,2
4424,9330918,4,31573.832986035602516,2,11,9,7.750000000000000,3.699662146737186,31.000000000000000,3,11,2,7
4425,9330920,14,110508.415451124601532,2,18,16,9.285714285714286,5.076958755404816,130.000000000000000,8,2,8,8
4426,9330922,9,71041.124218580109300,3,24,21,15.444444444444445,7.529366376043296,139.000000000000000,8,24,3,17
4427,9330924,43,339418.704599882708862,1,25,24,11.651162790697674,5.826498094333048,501.000000000000000,20,14,1,11
4428,9330926,24,189442.997916213615099,3,13,10,9.208333333333334,2.886450627019665,221.000000000000000,10,10,3,10
4429,9330928,25,197336.456162722519366,2,21,19,8.199999999999999,4.427188724235732,205.000000000000000,15,3,2,7
4430,9330930,32,252590.663888284820132,2,26,24,10.093750000000000,5.045786453814707,323.000000000000000,14,11,5,10
4431,9330932,14,110508.415451124601532,3,16,13,11.071428571428571,3.954460153047547,155.000000000000000,10,14,3,11
4432,9330934,17,134188.790190651314333,8,19,11,11.941176470588236,2.817395297606600,203.000000000000000,9,11,10,11
4433,9330936,15,118401.873697633505799,5,14,9,10.933333333333334,2.931817790306137,164.000000000000000,6,14,5,11
4434,9330938,16,126295.331944142410066,2,28,26,14.812500000000000,8.603914443437940,237.000000000000000,10,11,2,11
4435,9330940,12,94721.498958106807549,4,17,13,9.750000000000000,3.442988043352266,117.000000000000000,7,10,8,10
4436,9330942,8,63147.665972071205033,4,10,6,6.250000000000000,2.436698586202241,50.000000000000000,4,4,10,5
4437,9330944,17,134188.790190651314333,2,11,9,6.647058823529412,3.234759314086475,113.000000000000000,9,11,7,7
4438,9330946,16,126295.331944142410066,1,7,6,4.312500000000000,2.171369095755026,69.000000000000000,6,7,4,4
4439,9330948,21,165762.623176686902298,3,16,13,9.857142857142858,3.642156795423417,207.000000000000000,10,10,4,10
4440,9330950,16,126295.331944142410066,2,21,19,13.000000000000000,4.782781617427248,208.000000000000000,12,13,2,13
4441,9330952,21,165762.623176686902298,5,38,33,17.380952380952380,9.775948086898397,365.000000000000000,15,9,6,16
4442,9330954,23,181549.539669704710832,3,31,28,13.000000000000000,6.129047021462990,299.000000000000000,11,10,8,11
4443,9330956,17,134188.790190651314333,2,15,13,7.294117647058823,4.560246457250424,124.000000000000000,10,2,3,7
4444,9330958,15,118401.873697633505799,2,17,15,7.333333333333333,3.841296077570116,110.000000000000000,11,5,2,6
4445,9330960,44,347312.162846391613130,1,21,20,8.022727272727273,4.520099739263787,353.000000000000000,16,6,11,7
4446,9330962,16,126295.331944142410066,3,19,16,9.562500000000000,5.700534514411784,153.000000000000000,10,3,6,8
4447,9330964,15,118401.873697633505799,1,9,8,4.533333333333333,2.390722810272148,68.000000000000000,7,7,3,4
4448,9330966,5,39467.291232544506784,3,25,22,13.400000000000000,7.964923100695950,67.000000000000000,5,3,3,16
4449,9330968,9,71041.124218580109300,1,12,11,6.666666666666667,3.858612300930075,60.000000000000000,6,1,3,7
4450,9330970,8,63147.665972071205033,2,7,5,4.875000000000000,1.832859787326897,39.000000000000000,5,7,2,4
4451,9330972,1,7893.458246508900629,3,3,0,3.000000000000000,0.000000000000000,3.000000000000000,1,3,3,3
4452,9330974,17,134188.790190651314333,5,22,17,11.117647058823529,4.350555785200141,189.000000000000000,10,6,5,10
4453,9330976,35,276271.038627811532933,3,32,29,17.114285714285714,7.001107784064006,599.000000000000000,21,13,3,15
4454,9330978,22,173656.081423195806565,1,19,18,8.727272727272727,4.554536381772855,192.000000000000000,14,6,1,8
4455,9330980,2,15786.916493017801258,5,9,4,7.000000000000000,2.000000000000000,14.000000000000000,2,5,5,5
4456,9330982,14,110508.415451124601532,1,10,9,4.000000000000000,2.507132682112035,56.000000000000000,8,4,3,4
4457,9330984,15,118401.873697633505799,1,22,21,8.066666666666666,6.677990383008615,121.000000000000000,10,4,1,4
4458,9330986,5,39467.291232544506784,1,4,3,2.200000000000000,1.469693845669907,11.000000000000000,2,1,4,1
4459,9330988,10,78934.582465089013567,1,23,22,10.100000000000000,6.378871373526826,101.000000000000000,9,1,6,10
4460,9330990,14,110508.415451124601532,2,10,8,5.642857142857143,2.467130862738648,79.000000000000000,7,5,2,5
4461,9330992,8,63147.665972071205033,2,13,11,6.750000000000000,3.307189138830738,54.000000000000000,7,5,2,5
4462,9330994,14,110508.415451124601532,3,29,26,17.000000000000000,8.194074514114277,238.000000000000000,10,24,3,19
4463,9330996,11,86828.040711597903282,3,30,27,12.545454545454545,8.690262433150382,138.000000000000000,10,6,3,11
4464,9330998,8,63147.665972071205033,1,12,11,4.125000000000000,4.342738191510052,33.000000000000000,4,1,11,1
4465,9331000,10,78934.582465089013567,4,38,34,18.600000000000001,11.490865937778578,186.000000000000000,9,16,4,16
4466,9331002,19,149975.706683669122867,4,42,38,16.421052631578949,9.565925214413722,312.000000000000000,15,6,4,14
4467,9331004,23,181549.539669704710832,2,17,15,9.000000000000000,4.075376749721909,207.000000000000000,12,7,2,8
4468,9331006,13,102614.957204615711817,2,39,37,19.384615384615383,11.208090906802459,252.000000000000000,12,2,9,18
4469,9331008,6,47360.749479053403775,1,16,15,9.833333333333334,4.597704741377906,59.000000000000000,5,11,1,11
4470,9331010,23,181549.539669704710832,2,20,18,11.260869565217391,5.795180841266887,259.000000000000000,15,6,2,10
4471,9331012,40,315738.329860356054269,2,14,12,6.250000000000000,3.561951712193752,250.000000000000000,13,3,7,5
4472,9331014,26,205229.914409231423633,5,22,17,14.615384615384615,4.464190193399051,380.000000000000000,14,15,5,15
4473,9331016,12,94721.498958106807549,2,17,15,6.666666666666667,3.636237371545238,80.000000000000000,7,5,2,5
4474,9331018,16,126295.331944142410066,3,15,12,9.625000000000000,3.533323506275643,154.000000000000000,10,5,3,9
4475,9331020,6,47360.749479053403775,5,17,12,9.500000000000000,4.193248541803041,57.000000000000000,5,5,8,8
4476,9331022,7,55254.207725562300766,2,14,12,7.571428571428571,4.065785563073630,53.000000000000000,5,5,2,7
4477,9331024,16,126295.331944142410066,6,20,14,12.437500000000000,3.552617872780578,199.000000000000000,10,8,6,12
4478,9331026,13,102614.957204615711817,2,14,12,8.153846153846153,3.997040325158948,106.000000000000000,8,8,2,8
4479,9331028,17,134188.790190651314333,1,18,17,9.235294117647058,5.012096095091952,157.000000000000000,10,9,4,9
4480,9331030,13,102614.957204615711817,2,18,16,6.153846153846154,4.571587064031885,80.000000000000000,8,2,4,4
4481,9331032,10,78934.582465089013567,1,16,15,5.600000000000000,4.565084884205332,56.000000000000000,7,2,1,3
4482,9331034,11,86828.040711597903282,6,27,21,12.272727272727273,5.816761190198687,135.000000000000000,10,6,8,11
4483,9331036,8,63147.665972071205033,3,12,9,6.125000000000000,2.666341125962693,49.000000000000000,6,5,3,5
4484,9331038,6,47360.749479053403775,3,9,6,5.666666666666667,1.885618083164126,34.000000000000000,4,5,3,5
4485,9331040,21,165762.623176686902298,2,25,23,10.619047619047619,6.890132284832734,223.000000000000000,13,4,2,8
4486,9331042,25,197336.456162722519366,4,26,22,10.039999999999999,5.362685894213832,251.000000000000000,13,6,4,9
4487,9331044,25,197336.456162722519366,1,18,17,6.200000000000000,4.621688003316537,155.000000000000000,10,5,6,5
4488,9331046,18,142082.248437160218600,2,20,18,9.888888888888889,5.486234175834892,178.000000000000000,10,5,2,8
4489,9331048,13,102614.957204615711817,4,13,9,8.615384615384615,2.843033632704051,112.000000000000000,8,8,4,8
4490,9331050,16,126295.331944142410066,3,22,19,11.750000000000000,5.910795208768445,188.000000000000000,10,16,7,12
4491,9331052,40,315738.329860356054269,5,28,23,10.925000000000001,5.578474253772262,437.000000000000000,14,7,12,10
4492,9331054,15,118401.873697633505799,7,18,11,10.733333333333333,3.172100600898752,161.000000000000000,8,7,10,10
4493,9331056,40,315738.329860356054269,2,26,24,10.175000000000001,5.531218220247688,407.000000000000000,14,10,14,10
4494,9331058,11,86828.040711597903282,3,34,31,11.363636363636363,8.926698741036528,125.000000000000000,9,6,3,7
4495,9331060,1,7893.458246508900629,4,4,0,4.000000000000000,0.000000000000000,4.000000000000000,1,4,4,4
4496,9331062,4,31573.832986035602516,8,16,8,12.750000000000000,3.112474899497183,51.000000000000000,4,8,8,12
4497,9331064,19,149975.706683669122867,3,18,15,9.736842105263158,3.625089548994224,185.000000000000000,12,5,3,10
4498,9331066,4,31573.832986035602516,6,16,10,11.500000000000000,3.840572873934304,46.000000000000000,4,6,6,10
4499,9331068,12,94721.498958106807549,3,11,8,5.416666666666667,2.984915781428719,65.000000000000000,5,3,6,4
4500,9331070,8,63147.665972071205033,4,13,9,8.625000000000000,3.276335605520289,69.000000000000000,7,5,4,9
4501,9331072,20,157869.164930178027134,1,14,13,4.950000000000000,3.840247387864485,99.000000000000000,9,3,7,3
4502,9331074,16,126295.331944142410066,1,26,25,13.687500000000000,6.380818423211869,219.000000000000000,12,13,1,13
4503,9331076,9,71041.124218580109300,6,24,18,13.222222222222221,5.370242654930922,119.000000000000000,8,9,6,12
4504,9331078,30,236803.747395267011598,3,28,25,13.866666666666667,5.346234396490880,416.000000000000000,16,12,3,13
4505,9331080,35,276271.038627811532933,3,25,22,11.457142857142857,5.817917433696195,401.000000000000000,18,7,3,9
4506,9331082,4,31573.832986035602516,6,16,10,11.750000000000000,4.380353866983808,47.000000000000000,3,16,6,9
4507,9331084,20,157869.164930178027134,2,34,32,10.550000000000001,9.140432156085399,211.000000000000000,14,3,2,6
4508,9331086,51,402566.370571953942999,1,24,23,11.470588235294118,5.882352941176471,585.000000000000000,22,13,5,12
4509,9331088,26,205229.914409231423633,1,21,20,8.769230769230770,5.733220952065872,228.000000000000000,17,5,3,7
4510,9331090,19,149975.706683669122867,4,21,17,11.578947368421053,4.221695711611678,220.000000000000000,11,14,4,12
4511,9331092,22,173656.081423195806565,5,27,22,14.181818181818182,5.365176974428908,312.000000000000000,13,10,5,13
4512,9331094,12,94721.498958106807549,4,11,7,8.000000000000000,2.000000000000000,96.000000000000000,6,8,4,8
4513,9331096,42,331525.246353373804595,2,20,18,9.404761904761905,5.305251323922112,395.000000000000000,15,13,11,8
4514,9331098,16,126295.331944142410066,4,21,17,11.812500000000000,4.475192034985762,189.000000000000000,10,10,4,10
4515,9331100,31,244697.205641775915865,3,21,18,10.806451612903226,4.130292146495285,335.000000000000000,15,6,3,10
4516,9331102,41,323631.788106864900328,2,23,21,12.926829268292684,5.510036270530167,530.000000000000000,19,8,2,14
4517,9331106,54,426246.745311480655801,1,32,31,10.962962962962964,7.848007444598922,592.000000000000000,23,2,14,10
4518,9331112,6,47360.749479053403775,1,19,18,9.166666666666666,5.727613425813195,55.000000000000000,6,1,1,8
4519,9331114,16,126295.331944142410066,2,12,10,7.125000000000000,2.803457686500725,114.000000000000000,10,6,2,7
4520,9331116,15,118401.873697633505799,4,44,40,16.000000000000000,10.627009613872255,240.000000000000000,14,8,4,14
4521,9331120,6,47360.749479053403775,6,14,8,10.833333333333334,3.287180487219335,65.000000000000000,4,14,6,9
4522,9331122,3,23680.374739526701887,2,4,2,3.333333333333333,0.942809041582063,10.000000000000000,2,4,2,4
4523,9331124,5,39467.291232544506784,5,35,30,21.000000000000000,11.171392035015153,105.000000000000000,4,27,5,27
4524,9331126,12,94721.498958106807549,1,14,13,6.833333333333333,3.484090826727813,82.000000000000000,6,7,10,7
4525,9331128,25,197336.456162722519366,1,24,23,9.960000000000001,6.557316524310839,249.000000000000000,13,8,1,9
4526,9331130,2,15786.916493017801258,19,19,0,19.000000000000000,0.000000000000000,38.000000000000000,1,19,19,19
4527,9331132,4,31573.832986035602516,2,4,2,3.250000000000000,0.829156197588850,13.000000000000000,3,4,2,3
4528,9331134,8,63147.665972071205033,1,13,12,6.000000000000000,3.840572873934304,48.000000000000000,7,4,1,4
4529,9331138,13,102614.957204615711817,1,18,17,5.769230769230769,5.766666096612711,75.000000000000000,7,1,2,3
4530,9331142,12,94721.498958106807549,1,20,19,10.833333333333334,5.927806414592912,130.000000000000000,11,20,1,9
4531,9331144,9,71041.124218580109300,1,14,13,8.111111111111111,4.175176495123542,73.000000000000000,7,7,1,7
4532,9331148,10,78934.582465089013567,1,39,38,11.300000000000001,15.100000000000000,113.000000000000000,5,1,4,2
4533,9331150,18,142082.248437160218600,9,39,30,23.111111111111111,8.646700648152763,416.000000000000000,14,28,11,23
4534,9331152,2,15786.916493017801258,16,25,9,20.500000000000000,4.500000000000000,41.000000000000000,2,16,16,16
4535,9331154,1,7893.458246508900629,5,5,0,5.000000000000000,0.000000000000000,5.000000000000000,1,5,5,5
4536,9331156,1,7893.458246508900629,6,6,0,6.000000000000000,0.000000000000000,6.000000000000000,1,6,6,6
4537,9331160,11,86828.040711597903282,1,16,15,4.727272727272728,4.391953574247695,52.000000000000000,8,1,3,3
4538,9331162,20,157869.164930178027134,1,14,13,7.650000000000000,3.525265947414464,153.000000000000000,11,4,1,7
4539,9331164,3,23680.374739526701887,2,5,3,3.666666666666667,1.247219128924648,11.000000000000000,3,2,2,4
4540,9331166,1,7893.458246508900629,4,4,0,4.000000000000000,0.000000000000000,4.000000000000000,1,4,4,4
4541,9331168,1,7893.458246508900629,22,22,0,22.000000000000000,0.000000000000000,22.000000000000000,1,22,22,22
4542,9331170,1,7893.458246508900629,2,2,0,2.000000000000000,0.000000000000000,2.000000000000000,1,2,2,2
4543,9331172,8,63147.665972071205033,3,13,10,7.125000000000000,3.515590277606308,57.000000000000000,5,3,9,8
4544,9331174,3,23680.374739526701887,9,14,5,10.666666666666666,2.357022603955160,32.000000000000000,2,9,14,9
4545,9331178,12,94721.498958106807549,1,16,15,5.833333333333333,4.946940693218610,70.000000000000000,9,1,3,3
4546,9331182,2,15786.916493017801258,3,4,1,3.500000000000000,0.500000000000000,7.000000000000000,2,3,3,3
4547,9331184,1,7893.458246508900629,4,4,0,4.000000000000000,0.000000000000000,4.000000000000000,1,4,4,4
4548,9331186,21,165762.623176686902298,2,20,18,9.238095238095237,3.778444652357597,194.000000000000000,11,7,2,9
4549,9331190,6,47360.749479053403775,1,3,2,1.666666666666667,0.942809041582063,10.000000000000000,2,1,3,1
4550,9331192,3,23680.374739526701887,1,6,5,3.000000000000000,2.160246899469287,9.000000000000000,3,1,1,2
4551,9331194,4,31573.832986035602516,4,13,9,7.750000000000000,3.269174207655505,31.000000000000000,3,7,4,7
4552,9331196,4,31573.832986035602516,2,11,9,5.500000000000000,3.774917217635375,22.000000000000000,3,2,7,2
4553,9331198,11,86828.040711597903282,4,15,11,10.363636363636363,3.170108322575035,114.000000000000000,6,11,4,11
4554,9331200,34,268377.580381302628666,2,29,27,14.058823529411764,7.344230134124052,478.000000000000000,19,15,7,15
4555,9331202,28,221016.830902249203064,1,56,55,17.071428571428573,17.828405447945322,478.000000000000000,17,6,7,6
4556,9331206,1,7893.458246508900629,4,4,0,4.000000000000000,0.000000000000000,4.000000000000000,1,4,4,4
4557,9331210,13,102614.957204615711817,4,22,18,12.307692307692308,5.013590995938561,160.000000000000000,10,8,4,12
4558,9331212,4,31573.832986035602516,4,20,16,13.000000000000000,5.787918451395113,52.000000000000000,4,4,4,13
4559,9331214,8,63147.665972071205033,9,23,14,14.750000000000000,3.960744879438715,118.000000000000000,6,13,9,13
4560,9331218,6,47360.749479053403775,4,28,24,16.666666666666668,9.410396142328736,100.000000000000000,6,4,4,16
4561,9331220,12,94721.498958106807549,7,17,10,12.000000000000000,3.027650354097492,144.000000000000000,7,10,7,11
4562,9331224,3,23680.374739526701887,3,20,17,10.000000000000000,7.257180352359081,30.000000000000000,3,3,3,7
4563,9331228,34,268377.580381302628666,1,22,21,9.617647058823529,4.511519281613867,327.000000000000000,12,7,1,9
4564,9331230,29,228910.289148758107331,2,20,18,11.551724137931034,3.961767342440021,335.000000000000000,14,13,2,11
4565,9331232,1,7893.458246508900629,17,17,0,17.000000000000000,0.000000000000000,17.000000000000000,1,17,17,17
4566,9331234,40,315738.329860356054269,1,32,31,13.875000000000000,7.308171796010272,555.000000000000000,21,18,1,13
4567,9331236,1,7893.458246508900629,15,15,0,15.000000000000000,0.000000000000000,15.000000000000000,1,15,15,15
4568,9331238,7,55254.207725562300766,1,5,4,3.142857142857143,1.456862718169367,22.000000000000000,4,4,3,4
4569,9331240,7,55254.207725562300766,7,13,6,9.714285714285714,2.312344865176950,68.000000000000000,4,7,10,9
4570,9331242,1,7893.458246508900629,2,2,0,2.000000000000000,0.000000000000000,2.000000000000000,1,2,2,2
4571,9331244,2,15786.916493017801258,18,18,0,18.000000000000000,0.000000000000000,36.000000000000000,1,18,18,18
4572,9331246,11,86828.040711597903282,2,19,17,7.181818181818182,5.440892002707273,79.000000000000000,9,2,3,5
4573,9331248,7,55254.207725562300766,7,17,10,11.428571428571429,3.416645926600398,80.000000000000000,6,12,7,12
4574,9331252,8,63147.665972071205033,8,18,10,12.375000000000000,2.869560070812249,99.000000000000000,6,11,8,11
4575,9331258,7,55254.207725562300766,1,9,8,3.857142857142857,2.747912008810192,27.000000000000000,5,2,1,3
4576,9331260,5,39467.291232544506784,1,19,18,6.600000000000000,6.529931086925803,33.000000000000000,5,1,1,4
4577,9331262,1,7893.458246508900629,3,3,0,3.000000000000000,0.000000000000000,3.000000000000000,1,3,3,3
4578,9331264,10,78934.582465089013567,3,11,8,5.800000000000000,2.271563338320110,58.000000000000000,6,6,4,6
4579,9331268,4,31573.832986035602516,4,17,13,10.750000000000000,5.804093383121950,43.000000000000000,4,4,4,6
4580,9331270,16,126295.331944142410066,12,24,12,17.000000000000000,3.354101966249685,272.000000000000000,7,13,12,17
4581,9331272,6,47360.749479053403775,1,9,8,6.166666666666667,2.608745973749754,37.000000000000000,5,7,1,7
4582,9331274,10,78934.582465089013567,3,16,13,8.699999999999999,3.226453160980336,87.000000000000000,6,7,3,8
4583,9331276,1,7893.458246508900629,6,6,0,6.000000000000000,0.000000000000000,6.000000000000000,1,6,6,6
4584,9331278,12,94721.498958106807549,1,17,16,5.250000000000000,4.934994089830976,63.000000000000000,6,3,2,3
4585,9331280,1,7893.458246508900629,11,11,0,11.000000000000000,0.000000000000000,11.000000000000000,1,11,11,11
4586,9331282,11,86828.040711597903282,2,25,23,15.000000000000000,6.728501116350303,165.000000000000000,11,2,2,15
4587,9331284,6,47360.749479053403775,11,27,16,21.833333333333332,5.273097339852128,131.000000000000000,5,24,11,24
4588,9331286,7,55254.207725562300766,1,9,8,4.285714285714286,3.194382824999700,30.000000000000000,4,2,1,2
4589,9331288,2,15786.916493017801258,6,15,9,10.500000000000000,4.500000000000000,21.000000000000000,2,6,6,6
4590,9331290,25,197336.456162722519366,1,19,18,9.119999999999999,4.650333321386760,228.000000000000000,13,8,2,9
4591,9331292,6,47360.749479053403775,1,13,12,6.166666666666667,4.374801582802228,37.000000000000000,4,1,10,6
4592,9331294,16,126295.331944142410066,1,11,10,6.750000000000000,2.610076627227638,108.000000000000000,10,9,1,7
4593,9331298,17,134188.790190651314333,3,23,20,11.058823529411764,6.439497498072475,188.000000000000000,12,4,3,10
4594,9331300,16,126295.331944142410066,5,12,7,7.687500000000000,2.492958834397391,123.000000000000000,7,5,6,7
4595,9331302,27,213123.372655740327900,1,17,16,10.185185185185185,4.603034723897935,275.000000000000000,12,9,1,9
4596,9331304,2,15786.916493017801258,6,9,3,7.500000000000000,1.500000000000000,15.000000000000000,2,6,6,6
4597,9331306,36,284164.496874320437200,2,24,22,14.277777777777779,4.729406300014546,514.000000000000000,15,13,2,14
4598,9331310,5,39467.291232544506784,5,19,14,12.800000000000001,4.995998398718718,64.000000000000000,5,5,5,13
4599,9331314,4,31573.832986035602516,13,24,11,16.750000000000000,4.264680527307995,67.000000000000000,3,15,13,15
4600,9331316,11,86828.040711597903282,1,34,33,9.000000000000000,8.883078909313532,99.000000000000000,9,5,1,7
4601,9331318,7,55254.207725562300766,3,14,11,8.428571428571429,4.100771455544950,59.000000000000000,6,12,3,9
4602,9331320,9,71041.124218580109300,2,10,8,5.666666666666667,2.357022603955159,51.000000000000000,8,6,2,6
4603,9331322,1,7893.458246508900629,5,5,0,5.000000000000000,0.000000000000000,5.000000000000000,1,5,5,5
4604,9331324,8,63147.665972071205033,3,22,19,11.125000000000000,6.152997237119484,89.000000000000000,8,3,3,10
4605,9331326,1,7893.458246508900629,12,12,0,12.000000000000000,0.000000000000000,12.000000000000000,1,12,12,12
4606,9331328,5,39467.291232544506784,12,45,33,27.199999999999999,12.592060990957757,136.000000000000000,5,12,12,21
4607,9331332,1,7893.458246508900629,5,5,0,5.000000000000000,0.000000000000000,5.000000000000000,1,5,5,5
4608,9331336,1,7893.458246508900629,4,4,0,4.000000000000000,0.000000000000000,4.000000000000000,1,4,4,4
4609,9331338,1,7893.458246508900629,5,5,0,5.000000000000000,0.000000000000000,5.000000000000000,1,5,5,5
4610,9331340,5,39467.291232544506784,13,22,9,16.600000000000001,3.666060555964667,83.000000000000000,4,14,13,14
4611,9331342,8,63147.665972071205033,5,18,13,11.250000000000000,4.465142774872938,90.000000000000000,6,9,5,9
4612,9331344,1,7893.458246508900629,5,5,0,5.000000000000000,0.000000000000000,5.000000000000000,1,5,5,5
4613,9331346,4,31573.832986035602516,4,8,4,6.500000000000000,1.500000000000000,26.000000000000000,3,7,4,7
4614,9331348,3,23680.374739526701887,6,20,14,13.000000000000000,5.715476066494082,39.000000000000000,3,6,6,13
4615,9331350,42,331525.246353373804595,1,45,44,19.095238095238095,12.785426085250577,802.000000000000000,24,16,1,17
4616,9331354,20,157869.164930178027134,3,36,33,16.500000000000000,10.627793750351010,330.000000000000000,16,9,3,11
4617,9331356,1,7893.458246508900629,9,9,0,9.000000000000000,0.000000000000000,9.000000000000000,1,9,9,9
4618,9331358,30,236803.747395267011598,5,53,48,26.899999999999999,13.560604706280618,807.000000000000000,23,7,5,26
4619,9331360,1,7893.458246508900629,14,14,0,14.000000000000000,0.000000000000000,14.000000000000000,1,14,14,14
4620,9331362,1,7893.458246508900629,18,18,0,18.000000000000000,0.000000000000000,18.000000000000000,1,18,18,18
4621,9331364,3,23680.374739526701887,17,32,15,24.333333333333332,6.128258770283414,73.000000000000000,3,17,17,24
4622,9331368,1,7893.458246508900629,2,2,0,2.000000000000000,0.000000000000000,2.000000000000000,1,2,2,2
4623,9331374,3,23680.374739526701887,7,14,7,10.666666666666666,2.867441755680877,32.000000000000000,3,7,7,11
4624,9331376,8,63147.665972071205033,2,8,6,4.250000000000000,1.984313483298443,34.000000000000000,3,5,8,5
4625,9331378,2,15786.916493017801258,3,21,18,12.000000000000000,9.000000000000000,24.000000000000000,2,3,3,3
4626,9331382,1,7893.458246508900629,7,7,0,7.000000000000000,0.000000000000000,7.000000000000000,1,7,7,7
4627,9331386,4,31573.832986035602516,2,9,7,6.750000000000000,2.861380785564899,27.000000000000000,3,9,2,7
4628,9331388,11,86828.040711597903282,3,21,18,11.454545454545455,4.924219114163942,126.000000000000000,9,9,3,10
4629,9331390,1,7893.458246508900629,9,9,0,9.000000000000000,0.000000000000000,9.000000000000000,1,9,9,9
4630,9331392,6,47360.749479053403775,2,12,10,7.333333333333333,3.448026810929534,44.000000000000000,6,2,2,6
4631,9331396,2,15786.916493017801258,11,13,2,12.000000000000000,1.000000000000000,24.000000000000000,2,11,11,11
4632,9331398,11,86828.040711597903282,1,20,19,10.909090909090908,5.299306051559881,120.000000000000000,9,5,1,12
4633,9331400,6,47360.749479053403775,1,2,1,1.333333333333333,0.471404520791032,8.000000000000000,2,1,2,1
4634,9331402,3,23680.374739526701887,1,11,10,5.000000000000000,4.320493798938574,15.000000000000000,3,1,1,3
4635,9331404,22,173656.081423195806565,2,24,22,11.454545454545455,6.513812406426493,252.000000000000000,16,2,5,10
4636,9331406,1,7893.458246508900629,11,11,0,11.000000000000000,0.000000000000000,11.000000000000000,1,11,11,11
4637,9331410,18,142082.248437160218600,4,33,29,18.444444444444443,7.402868980051079,332.000000000000000,13,20,4,18
4638,9331412,8,63147.665972071205033,5,14,9,9.000000000000000,3.000000000000000,72.000000000000000,6,6,5,9
4639,9331416,16,126295.331944142410066,1,28,27,11.062500000000000,9.594716970812636,177.000000000000000,10,3,1,6
4640,9331418,2,15786.916493017801258,3,3,0,3.000000000000000,0.000000000000000,6.000000000000000,1,3,3,3
4641,9331420,1,7893.458246508900629,6,6,0,6.000000000000000,0.000000000000000,6.000000000000000,1,6,6,6
4642,9331422,1,7893.458246508900629,11,11,0,11.000000000000000,0.000000000000000,11.000000000000000,1,11,11,11
4643,9331426,1,7893.458246508900629,13,13,0,13.000000000000000,0.000000000000000,13.000000000000000,1,13,13,13
4644,9331428,1,7893.458246508900629,20,20,0,20.000000000000000,0.000000000000000,20.000000000000000,1,20,20,20
4645,9331436,5,39467.291232544506784,9,30,21,21.600000000000001,8.867919710958143,108.000000000000000,4,30,9,26
4646,9331438,7,55254.207725562300766,1,11,10,5.714285714285714,3.010186786529354,40.000000000000000,6,4,1,5
4647,9331442,1,7893.458246508900629,4,4,0,4.000000000000000,0.000000000000000,4.000000000000000,1,4,4,4
4648,9331444,2,15786.916493017801258,11,11,0,11.000000000000000,0.000000000000000,22.000000000000000,1,11,11,11
4649,9331446,16,126295.331944142410066,2,38,36,17.562500000000000,12.747395567330607,281.000000000000000,12,2,10,14
4650,9331448,1,7893.458246508900629,12,12,0,12.000000000000000,0.000000000000000,12.000000000000000,1,12,12,12
4651,9331450,3,23680.374739526701887,6,13,7,8.666666666666666,3.091206165165236,26.000000000000000,3,6,6,7
4652,9331452,3,23680.374739526701887,9,13,4,10.666666666666666,1.699673171197597,32.000000000000000,3,9,9,10
4653,9331454,1,7893.458246508900629,12,12,0,12.000000000000000,0.000000000000000,12.000000000000000,1,12,12,12
4654,9331456,1,7893.458246508900629,12,12,0,12.000000000000000,0.000000000000000,12.000000000000000,1,12,12,12
4655,9331458,18,142082.248437160218600,1,14,13,7.444444444444445,3.639630967590934,134.000000000000000,11,5,1,6
4656,9331460,1,7893.458246508900629,12,12,0,12.000000000000000,0.000000000000000,12.000000000000000,1,12,12,12
4657,9331462,1,7893.458246508900629,31,31,0,31.000000000000000,0.000000000000000,31.000000000000000,1,31,31,31
4658,9331464,16,126295.331944142410066,1,12,11,6.750000000000000,3.455068740271313,108.000000000000000,10,1,3,6
4659,9331466,2,15786.916493017801258,6,14,8,10.000000000000000,4.000000000000000,20.000000000000000,2,6,6,6
4660,9331468,7,55254.207725562300766,4,14,10,9.142857142857142,3.313546715640916,64.000000000000000,7,4,4,9
4661,9331470,3,23680.374739526701887,14,15,1,14.666666666666666,0.471404520791058,44.000000000000000,2,15,14,15
4662,9331472,2,15786.916493017801258,17,19,2,18.000000000000000,1.000000000000000,36.000000000000000,2,17,17,17
4663,9331474,15,118401.873697633505799,1,41,40,15.800000000000001,15.228044304287183,237.000000000000000,9,4,2,5
4664,9331476,8,63147.665972071205033,4,24,20,13.625000000000000,6.890890726168860,109.000000000000000,8,4,4,11
4665,9331478,18,142082.248437160218600,2,42,40,12.388888888888889,12.477263272265761,223.000000000000000,10,2,15,5
4666,9331480,1,7893.458246508900629,32,32,0,32.000000000000000,0.000000000000000,32.000000000000000,1,32,32,32
4667,9331482,11,86828.040711597903282,1,17,16,6.909090909090909,4.870216449446863,76.000000000000000,7,1,4,7
4668,9331484,2,15786.916493017801258,5,13,8,9.000000000000000,4.000000000000000,18.000000000000000,2,5,5,5
4669,9331488,3,23680.374739526701887,2,19,17,7.666666666666667,8.013876853447538,23.000000000000000,2,2,19,2
4670,9331490,2,15786.916493017801258,12,15,3,13.500000000000000,1.500000000000000,27.000000000000000,2,12,12,12
4671,9331492,1,7893.458246508900629,4,4,0,4.000000000000000,0.000000000000000,4.000000000000000,1,4,4,4
4672,9331496,1,7893.458246508900629,4,4,0,4.000000000000000,0.000000000000000,4.000000000000000,1,4,4,4
4673,9331498,5,39467.291232544506784,1,19,18,8.400000000000000,6.800000000000000,42.000000000000000,5,1,1,7
4674,9331502,18,142082.248437160218600,1,35,34,12.111111111111111,11.154913660151390,218.000000000000000,12,2,1,7
4675,9331504,5,39467.291232544506784,7,15,8,10.600000000000000,3.611094017053559,53.000000000000000,3,8,7,8
4676,9331506,1,7893.458246508900629,5,5,0,5.000000000000000,0.000000000000000,5.000000000000000,1,5,5,5
4677,9331508,7,55254.207725562300766,4,14,10,9.142857142857142,2.996596709057576,64.000000000000000,5,9,4,9
4678,9331510,22,173656.081423195806565,1,26,25,10.545454545454545,8.105706590966822,232.000000000000000,14,7,1,7
4679,9331512,1,7893.458246508900629,4,4,0,4.000000000000000,0.000000000000000,4.000000000000000,1,4,4,4
4680,9331514,4,31573.832986035602516,2,12,10,6.500000000000000,3.840572873934304,26.000000000000000,4,2,2,4
4681,9331516,1,7893.458246508900629,7,7,0,7.000000000000000,0.000000000000000,7.000000000000000,1,7,7,7
4682,9331518,50,394672.912325445038732,1,28,27,9.720000000000001,7.443225107438307,486.000000000000000,22,2,8,7
4683,9331520,60,473607.494790534023196,1,47,46,11.300000000000001,11.499710141274575,678.000000000000000,25,4,6,5
4684,9331522,1,7893.458246508900629,22,22,0,22.000000000000000,0.000000000000000,22.000000000000000,1,22,22,22
4685,9331524,10,78934.582465089013567,1,5,4,3.100000000000000,1.220655561573370,31.000000000000000,5,4,1,3
4686,9331526,13,102614.957204615711817,1,22,21,5.923076923076923,5.635895102773601,77.000000000000000,8,2,4,4
4687,9331528,61,481500.953037042927463,1,38,37,3.803278688524590,6.615480285975916,232.000000000000000,12,1,4,2
4688,9331532,30,236803.747395267011598,1,45,44,9.533333333333333,12.473260288401836,286.000000000000000,13,1,5,3
4689,9331534,13,102614.957204615711817,1,4,3,1.923076923076923,1.071414482860317,25.000000000000000,4,1,3,2
4690,9331536,15,118401.873697633505799,1,34,33,8.866666666666667,11.757928766959294,133.000000000000000,7,2,7,2
4691,9331538,3,23680.374739526701887,3,9,6,5.666666666666667,2.494438257849294,17.000000000000000,3,3,3,5
4692,9331540,60,473607.494790534023196,1,19,18,4.500000000000000,4.890466917040404,270.000000000000000,15,1,5,2
4693,9331542,3,23680.374739526701887,5,23,18,12.666666666666666,7.586537784494029,38.000000000000000,3,5,5,10
4694,9331544,28,221016.830902249203064,1,23,22,9.464285714285714,6.444721776423727,265.000000000000000,17,1,3,8
4695,9331546,14,110508.415451124601532,2,19,17,7.571428571428571,4.952838806674205,106.000000000000000,9,3,2,7
4696,9331548,6,47360.749479053403775,1,22,21,8.666666666666666,8.055363982396383,52.000000000000000,5,1,4,4
4697,9331552,6,47360.749479053403775,6,22,16,14.166666666666666,6.121455890735655,85.000000000000000,4,10,6,10
4698,9331554,58,457820.578297516214661,1,12,11,4.482758620689655,2.755817541319885,260.000000000000000,12,3,10,4
4699,9331558,5,39467.291232544506784,1,17,16,7.200000000000000,5.306599664568640,36.000000000000000,5,1,1,6
4700,9331562,12,94721.498958106807549,2,19,17,8.250000000000000,5.035292113340264,99.000000000000000,9,4,2,6
4701,9331566,2,15786.916493017801258,3,10,7,6.500000000000000,3.500000000000000,13.000000000000000,2,3,3,3
4702,9331570,6,47360.749479053403775,3,11,8,6.333333333333333,2.808716591058786,38.000000000000000,6,3,3,5
4703,9331572,27,213123.372655740327900,1,21,20,7.740740740740740,6.333874787337805,209.000000000000000,14,1,4,5
4704,9331576,21,165762.623176686902298,1,20,19,7.428571428571429,5.287644435234784,156.000000000000000,12,3,1,6
4705,9331580,29,228910.289148758107331,2,19,17,9.241379310344827,5.605755493171916,268.000000000000000,14,4,6,7
4706,9331584,5,39467.291232544506784,1,11,10,5.800000000000000,4.308131845707604,29.000000000000000,3,3,1,3
4707,9331586,1,7893.458246508900629,2,2,0,2.000000000000000,0.000000000000000,2.000000000000000,1,2,2,2
4708,9331588,6,47360.749479053403775,9,17,8,13.833333333333334,3.435921354681382,83.000000000000000,3,16,17,16
4709,9331590,21,165762.623176686902298,1,14,13,5.714285714285714,4.153516664258385,120.000000000000000,12,2,5,4
4710,9331596,8,63147.665972071205033,3,10,7,6.625000000000000,2.735758578529911,53.000000000000000,5,3,4,7
4711,9331600,46,363099.079339409421664,1,26,25,9.369565217391305,6.670371528835797,431.000000000000000,19,1,11,8
4712,9331602,10,78934.582465089013567,5,22,17,13.500000000000000,6.515366451704770,135.000000000000000,7,22,5,10
4713,9331608,4,31573.832986035602516,1,6,5,2.750000000000000,1.920286436967152,11.000000000000000,3,2,1,2
4714,9331610,34,268377.580381302628666,1,23,22,4.000000000000000,4.511423409132708,136.000000000000000,9,2,3,2
4715,9331616,2,15786.916493017801258,1,13,12,7.000000000000000,6.000000000000000,14.000000000000000,2,1,1,1
4716,9331618,3,23680.374739526701887,2,9,7,6.000000000000000,2.943920288775949,18.000000000000000,3,2,2,7
4717,9331620,7,55254.207725562300766,6,11,5,8.142857142857142,1.641303613296581,57.000000000000000,5,7,6,8
4718,9331622,27,213123.372655740327900,1,10,9,5.888888888888889,2.469567863432541,159.000000000000000,9,5,10,6
4719,9331624,20,157869.164930178027134,2,13,11,7.700000000000000,2.951270912674742,154.000000000000000,12,6,2,7
4720,9331628,1,7893.458246508900629,6,6,0,6.000000000000000,0.000000000000000,6.000000000000000,1,6,6,6
4721,9331632,1,7893.458246508900629,13,13,0,13.000000000000000,0.000000000000000,13.000000000000000,1,13,13,13
4722,9331634,2,15786.916493017801258,8,11,3,9.500000000000000,1.500000000000000,19.000000000000000,2,8,8,8
4723,9331642,11,86828.040711597903282,4,15,11,7.454545454545454,3.172714248475482,82.000000000000000,7,6,4,6
4724,9331644,3,23680.374739526701887,7,10,3,8.666666666666666,1.247219128924650,26.000000000000000,3,7,7,9
4725,9331646,4,31573.832986035602516,2,9,7,5.750000000000000,3.269174207655505,23.000000000000000,3,9,2,3
4726,9331648,20,157869.164930178027134,3,23,20,12.000000000000000,6.332456079595025,240.000000000000000,13,4,3,10
4727,9331650,19,149975.706683669122867,1,37,36,13.736842105263158,11.629554479691897,261.000000000000000,15,2,3,11
4728,9331652,5,39467.291232544506784,3,10,7,7.200000000000000,2.785677655436824,36.000000000000000,4,10,3,8
4729,9331654,6,47360.749479053403775,2,17,15,8.333333333333334,5.055250296034367,50.000000000000000,4,6,2,6
4730,9331656,10,78934.582465089013567,5,11,6,8.199999999999999,1.886796226411321,82.000000000000000,6,6,5,8
4731,9331658,5,39467.291232544506784,4,16,12,10.800000000000001,3.919183588453084,54.000000000000000,4,12,4,12
4732,9331660,14,110508.415451124601532,1,29,28,15.857142857142858,9.898464115040005,222.000000000000000,8,21,2,19
4733,9331662,8,63147.665972071205033,6,20,14,11.625000000000000,3.935019059674298,93.000000000000000,7,12,6,11
4734,9331664,3,23680.374739526701887,14,25,11,19.666666666666668,4.496912521077341,59.000000000000000,3,14,14,20
4735,9331666,5,39467.291232544506784,3,10,7,6.400000000000000,2.416609194718914,32.000000000000000,5,3,3,6
4736,9331668,5,39467.291232544506784,5,11,6,7.600000000000000,1.959591794226542,38.000000000000000,4,7,5,7
4737,9331670,18,142082.248437160218600,2,12,10,6.388888888888889,3.039350970353317,115.000000000000000,10,5,2,5
4738,9331672,4,31573.832986035602516,2,4,2,2.750000000000000,0.829156197588850,11.000000000000000,3,2,3,2
4739,9331674,6,47360.749479053403775,8,24,16,15.333333333333334,6.289320754704401,92.000000000000000,5,10,8,10
4740,9331676,16,126295.331944142410066,2,27,25,9.750000000000000,5.425633603552677,156.000000000000000,10,10,2,10
4741,9331678,18,142082.248437160218600,3,21,18,9.666666666666666,4.606758320361751,174.000000000000000,9,10,3,10
4742,9331680,12,94721.498958106807549,3,12,9,7.583333333333333,2.325880956158812,91.000000000000000,7,7,3,7
4743,9331682,6,47360.749479053403775,5,40,35,18.833333333333332,13.271732701078971,113.000000000000000,6,5,5,12
4744,9331684,23,181549.539669704710832,1,23,22,11.260869565217391,4.645871391137166,259.000000000000000,12,10,1,11
4745,9331686,10,78934.582465089013567,2,20,18,12.800000000000001,5.582114294781144,128.000000000000000,8,15,2,14
4746,9331688,5,39467.291232544506784,4,15,11,10.800000000000001,3.709447398198280,54.000000000000000,4,11,4,11
4747,9331690,5,39467.291232544506784,5,21,16,15.600000000000000,5.571355310873648,78.000000000000000,5,5,5,17
4748,9331692,5,39467.291232544506784,1,4,3,2.400000000000000,1.019803902718557,12.000000000000000,4,2,1,2
4749,9331694,5,39467.291232544506784,1,10,9,3.800000000000000,3.310589071449370,19.000000000000000,4,1,3,3
4750,9331696,4,31573.832986035602516,5,13,8,10.500000000000000,3.278719262151000,42.000000000000000,3,13,5,11
4751,9331698,6,47360.749479053403775,3,27,24,11.333333333333334,8.013876853447538,68.000000000000000,5,6,3,6
4752,9331700,4,31573.832986035602516,2,12,10,7.500000000000000,3.840572873934304,30.000000000000000,4,2,2,6
4753,9331702,12,94721.498958106807549,4,13,9,9.333333333333334,2.981423969999717,112.000000000000000,8,8,4,10
4754,9331704,1,7893.458246508900629,3,3,0,3.000000000000000,0.000000000000000,3.000000000000000,1,3,3,3
4755,9331706,1,7893.458246508900629,5,5,0,5.000000000000000,0.000000000000000,5.000000000000000,1,5,5,5
4756,9331712,1,7893.458246508900629,7,7,0,7.000000000000000,0.000000000000000,7.000000000000000,1,7,7,7
4757,9331718,2,15786.916493017801258,1,12,11,6.500000000000000,5.500000000000000,13.000000000000000,2,1,1,1
4758,9331720,1,7893.458246508900629,8,8,0,8.000000000000000,0.000000000000000,8.000000000000000,1,8,8,8
4759,9331724,23,181549.539669704710832,2,20,18,12.130434782608695,4.866070174319198,279.000000000000000,11,9,2,14
4760,9331726,5,39467.291232544506784,3,15,12,11.400000000000000,4.270831300812523,57.000000000000000,3,13,3,13
4761,9332140,5,39467.291232544506784,11,16,5,13.800000000000001,1.599999999999997,69.000000000000000,3,14,11,14
4762,9332142,1,7893.458246508900629,8,8,0,8.000000000000000,0.000000000000000,8.000000000000000,1,8,8,8
4763,9332144,4,31573.832986035602516,9,16,7,13.250000000000000,2.947456530637899,53.000000000000000,3,16,9,12
4764,9332146,4,31573.832986035602516,10,19,9,15.250000000000000,3.561951712193752,61.000000000000000,4,10,10,14
4765,9332148,2,15786.916493017801258,1,2,1,1.500000000000000,0.500000000000000,3.000000000000000,2,1,1,1
4766,9332150,6,47360.749479053403775,2,12,10,8.333333333333334,3.590109871423002,50.000000000000000,5,10,2,10
4767,9332152,3,23680.374739526701887,9,18,9,12.000000000000000,4.242640687119285,36.000000000000000,2,9,18,9
4768,9332154,5,39467.291232544506784,1,32,31,15.400000000000000,10.248902380255165,77.000000000000000,5,1,1,15
4769,9332156,2,15786.916493017801258,8,8,0,8.000000000000000,0.000000000000000,16.000000000000000,1,8,8,8
4770,9332160,12,94721.498958106807549,2,24,22,13.083333333333334,7.099980438157714,157.000000000000000,11,12,2,12
4771,9332162,1,7893.458246508900629,10,10,0,10.000000000000000,0.000000000000000,10.000000000000000,1,10,10,10
4772,9332164,2,15786.916493017801258,3,10,7,6.500000000000000,3.500000000000000,13.000000000000000,2,3,3,3
4773,9332166,4,31573.832986035602516,5,17,12,10.750000000000000,5.760859310901457,43.000000000000000,3,5,16,5
4774,9332168,5,39467.291232544506784,13,17,4,14.800000000000001,1.833030277982334,74.000000000000000,3,13,14,14
4775,9332170,6,47360.749479053403775,3,23,20,14.166666666666666,6.593346814950830,85.000000000000000,6,3,3,14
4776,9332172,12,94721.498958106807549,2,18,16,9.750000000000000,4.105382645584534,117.000000000000000,8,12,2,10
4777,9332176,18,142082.248437160218600,1,27,26,10.888888888888889,6.367355014175291,196.000000000000000,12,11,1,11
4778,9332178,23,181549.539669704710832,4,26,22,10.782608695652174,5.679532449672324,248.000000000000000,11,7,10,8
4779,9332180,15,118401.873697633505799,1,27,26,6.800000000000000,7.359347797189639,102.000000000000000,7,1,3,4
4780,9332182,18,142082.248437160218600,1,25,24,9.722222222222221,7.354556830485405,175.000000000000000,11,2,6,7
4781,9332184,16,126295.331944142410066,2,22,20,9.812500000000000,6.502103025175778,157.000000000000000,10,3,2,8
4782,9332186,7,55254.207725562300766,5,17,12,10.571428571428571,4.237827706911808,74.000000000000000,7,5,5,10
4783,9332188,9,71041.124218580109300,6,22,16,13.333333333333334,5.011098792790969,120.000000000000000,6,16,6,16
4784,9332190,20,157869.164930178027134,4,16,12,11.350000000000000,3.718534657630612,227.000000000000000,11,16,4,11
4785,9332192,28,221016.830902249203064,1,25,24,9.107142857142858,6.581029477186060,255.000000000000000,16,1,3,9
4786,9332194,44,347312.162846391613130,2,34,32,14.818181818181818,8.429581913693550,652.000000000000000,26,7,2,12
4787,9332196,21,165762.623176686902298,3,28,25,14.714285714285714,6.087793072189292,309.000000000000000,12,16,3,15
4788,9332200,28,221016.830902249203064,5,32,27,15.964285714285714,7.952906669249674,447.000000000000000,17,17,6,17
4789,9332202,23,181549.539669704710832,3,33,30,15.608695652173912,10.230980786996630,359.000000000000000,14,7,3,11
4790,9332204,49,386779.454078936134465,1,29,28,10.000000000000000,6.502746672423452,490.000000000000000,21,7,1,8
4791,9332206,21,165762.623176686902298,2,25,23,12.523809523809524,6.807692061324019,263.000000000000000,14,14,4,12
4792,9332208,2,15786.916493017801258,9,10,1,9.500000000000000,0.500000000000000,19.000000000000000,2,9,9,9
4793,9332210,15,118401.873697633505799,5,20,15,10.466666666666667,4.730985333122712,157.000000000000000,7,5,12,9
4794,9332212,9,71041.124218580109300,1,8,7,5.555555555555555,2.499382639822665,50.000000000000000,6,8,1,6
4795,9332214,4,31573.832986035602516,7,27,20,20.750000000000000,8.073877630977572,83.000000000000000,4,7,7,23
4796,9332216,32,252590.663888284820132,2,18,16,10.187500000000000,4.468203637928782,326.000000000000000,13,11,4,11
4797,9332218,7,55254.207725562300766,6,12,6,7.285714285714286,1.979486637221575,51.000000000000000,3,6,12,7
4798,9332220,39,307844.871613847150002,2,30,28,12.974358974358974,6.761456296963902,506.000000000000000,20,14,2,14
4799,9332222,46,363099.079339409421664,1,18,17,8.826086956521738,4.264638971549171,406.000000000000000,15,6,3,8
4800,9332224,21,165762.623176686902298,6,22,16,11.333333333333334,4.121180290175010,238.000000000000000,12,9,7,10
4801,9332226,20,157869.164930178027134,2,22,20,11.000000000000000,5.522680508593631,220.000000000000000,11,6,2,11
4802,9332228,15,118401.873697633505799,6,18,12,11.199999999999999,3.409789827345180,168.000000000000000,8,9,6,9
4803,9332230,26,205229.914409231423633,10,37,27,16.961538461538460,6.991647595143406,441.000000000000000,17,10,13,15
4804,9332232,18,142082.248437160218600,2,17,15,9.333333333333334,3.696845502136472,168.000000000000000,10,7,2,8
4805,9332234,14,110508.415451124601532,4,35,31,15.500000000000000,10.768671492541952,217.000000000000000,8,6,4,13
4806,9332236,7,55254.207725562300766,4,15,11,9.857142857142858,3.719776161797581,69.000000000000000,5,7,4,10
4807,9332238,19,149975.706683669122867,1,15,14,6.157894736842105,4.042708288351899,117.000000000000000,12,3,1,5
4808,9332240,32,252590.663888284820132,1,18,17,8.218750000000000,4.741666208992362,263.000000000000000,15,4,1,8
4809,9332242,19,149975.706683669122867,2,17,15,8.684210526315789,4.899544893784013,165.000000000000000,10,12,6,9
4810,9332244,12,94721.498958106807549,2,15,13,6.916666666666667,2.928547231800929,83.000000000000000,5,7,2,7
4811,9332246,16,126295.331944142410066,1,23,22,10.437500000000000,5.894581728163585,167.000000000000000,12,1,4,10
4812,9332248,31,244697.205641775915865,2,19,17,9.677419354838710,4.489321356674787,300.000000000000000,15,12,2,10
4813,9332250,6,47360.749479053403775,9,18,9,12.666666666666666,3.543381937578217,76.000000000000000,5,9,10,10
4814,9332252,25,197336.456162722519366,1,23,22,10.720000000000001,6.896491861809162,268.000000000000000,15,13,1,11
4815,9332254,16,126295.331944142410066,5,26,21,15.187500000000000,5.725150107202430,243.000000000000000,14,16,5,15
4816,9332256,15,118401.873697633505799,7,25,18,16.733333333333334,5.169998925424346,251.000000000000000,13,18,7,18
4817,9332258,26,205229.914409231423633,1,27,26,9.769230769230770,6.732856819118133,254.000000000000000,16,4,1,8
4818,9332260,22,173656.081423195806565,3,38,35,19.318181818181817,10.301749029065466,425.000000000000000,15,12,3,15
4819,9332262,3,23680.374739526701887,7,15,8,9.666666666666666,3.771236166328254,29.000000000000000,2,7,15,7
4820,9332264,17,134188.790190651314333,2,39,37,21.882352941176471,12.009223675458678,372.000000000000000,15,6,2,26
4821,9332266,65,513074.786023078544531,2,30,28,9.723076923076922,5.356542203576692,632.000000000000000,18,11,10,9
4822,9332268,4,31573.832986035602516,3,13,10,9.750000000000000,4.085033659592048,39.000000000000000,3,13,3,10
4823,9332270,18,142082.248437160218600,6,36,30,20.333333333333332,8.969082698049140,366.000000000000000,13,27,10,22
4824,9332272,12,94721.498958106807549,1,21,20,9.666666666666666,5.849976258261416,116.000000000000000,10,5,1,9
4825,9332274,22,173656.081423195806565,1,32,31,11.727272727272727,8.624393618641035,258.000000000000000,16,5,3,9
4826,9332276,8,63147.665972071205033,12,26,14,18.625000000000000,4.846067993745032,149.000000000000000,7,12,17,18
4827,9332278,19,149975.706683669122867,3,38,35,18.000000000000000,9.738691147333808,342.000000000000000,18,18,3,18
4828,9332280,25,197336.456162722519366,2,39,37,16.840000000000000,10.074442912637899,421.000000000000000,18,9,2,13
4829,9332282,2,15786.916493017801258,4,7,3,5.500000000000000,1.500000000000000,11.000000000000000,2,4,4,4
4830,9332286,11,86828.040711597903282,9,23,14,15.727272727272727,5.028842431250668,173.000000000000000,8,11,9,13
4831,9332288,11,86828.040711597903282,9,27,18,18.636363636363637,4.959338798903947,205.000000000000000,9,19,9,19
4832,9332290,11,86828.040711597903282,4,17,13,11.454545454545455,4.499770425732575,126.000000000000000,7,16,8,12
4833,9332292,23,181549.539669704710832,3,18,15,9.695652173913043,4.111857536534571,223.000000000000000,13,8,3,9
4834,9332294,13,102614.957204615711817,1,14,13,5.615384615384615,4.377186689371321,73.000000000000000,8,1,2,5
4835,9332296,6,47360.749479053403775,2,25,23,9.666666666666666,8.178562764256865,58.000000000000000,6,2,2,5
4836,9332298,7,55254.207725562300766,4,16,12,10.857142857142858,3.719776161797581,76.000000000000000,7,4,4,11
4837,9332300,17,134188.790190651314333,3,21,18,10.823529411764707,4.668231736241527,184.000000000000000,12,7,3,9
4838,9332302,12,94721.498958106807549,7,12,5,9.583333333333334,1.605113357021515,115.000000000000000,6,8,7,9
4839,9332304,38,299951.413367338245735,1,23,22,10.026315789473685,6.579421035580174,381.000000000000000,19,2,11,9
4840,9332306,4,31573.832986035602516,11,19,8,16.750000000000000,3.344772040064913,67.000000000000000,3,19,11,18
4841,9332308,34,268377.580381302628666,1,21,20,11.088235294117647,4.877123350903767,377.000000000000000,16,11,1,11
4842,9332312,12,94721.498958106807549,1,20,19,11.166666666666666,5.209499869362595,134.000000000000000,11,12,1,11
4843,9332314,13,102614.957204615711817,10,30,20,16.307692307692307,6.317066205430096,212.000000000000000,9,16,10,14
4844,9332316,18,142082.248437160218600,2,16,14,9.277777777777779,3.555989556845613,167.000000000000000,9,10,2,9
4845,9332318,9,71041.124218580109300,5,28,23,15.666666666666666,7.859884081701064,141.000000000000000,8,12,5,12
4846,9332320,13,102614.957204615711817,1,15,14,7.923076923076923,4.615384615384615,103.000000000000000,8,3,1,8
4847,9332322,1,7893.458246508900629,4,4,0,4.000000000000000,0.000000000000000,4.000000000000000,1,4,4,4
4848,9332324,17,134188.790190651314333,1,34,33,16.529411764705884,9.462729658780054,281.000000000000000,13,1,10,16
4849,9332328,15,118401.873697633505799,1,43,42,22.733333333333334,11.584280536811752,341.000000000000000,15,1,1,22
4850,9332330,12,94721.498958106807549,3,10,7,7.083333333333333,2.325880956158812,85.000000000000000,7,9,3,8
4851,9332332,11,86828.040711597903282,4,23,19,12.545454545454545,5.710654099832513,138.000000000000000,8,4,11,13
4852,9332334,39,307844.871613847150002,1,29,28,11.128205128205128,6.614589497038549,434.000000000000000,19,5,1,10
4853,9332336,18,142082.248437160218600,4,26,22,11.888888888888889,5.933791076808307,214.000000000000000,12,6,4,10
4854,9332338,28,221016.830902249203064,1,19,18,6.714285714285714,4.597026545629739,188.000000000000000,13,3,5,5
4855,9332340,1,7893.458246508900629,2,2,0,2.000000000000000,0.000000000000000,2.000000000000000,1,2,2,2
4856,9332342,16,126295.331944142410066,3,24,21,12.250000000000000,6.694213919497942,196.000000000000000,11,5,3,9
4857,9332344,20,157869.164930178027134,2,26,24,11.750000000000000,7.006247212309883,235.000000000000000,14,2,4,11
4858,9332346,38,299951.413367338245735,2,27,25,8.894736842105264,4.945968446939015,338.000000000000000,15,11,2,8
4859,9332348,2,15786.916493017801258,15,18,3,16.500000000000000,1.500000000000000,33.000000000000000,2,15,15,15
4860,9332350,6,47360.749479053403775,3,12,9,5.666666666666667,3.543381937578216,34.000000000000000,4,3,4,3
4861,9332352,27,213123.372655740327900,1,20,19,9.814814814814815,5.033495486990954,265.000000000000000,15,12,1,11
4862,9332354,11,86828.040711597903282,2,7,5,4.454545454545454,1.499311136588241,49.000000000000000,5,4,2,4
4863,9332356,3,23680.374739526701887,5,26,21,14.666666666666666,8.653836657164781,44.000000000000000,3,5,5,13
4864,9332360,33,260484.122134793724399,2,18,16,8.818181818181818,4.365529892197443,291.000000000000000,16,5,2,8
4865,9332362,13,102614.957204615711817,2,12,10,5.153846153846154,2.537295769610868,67.000000000000000,6,5,6,5
4866,9332364,22,173656.081423195806565,6,25,19,15.818181818181818,4.677182170693293,348.000000000000000,13,20,6,15
4867,9332366,41,323631.788106864900328,2,20,18,9.048780487804878,3.907161776396819,371.000000000000000,15,7,2,8
4868,9332368,5,39467.291232544506784,5,16,11,8.199999999999999,3.969886648255842,41.000000000000000,4,7,5,7
4869,9332372,13,102614.957204615711817,4,32,28,18.153846153846153,9.638433912416668,236.000000000000000,10,4,11,15
4870,9332376,21,165762.623176686902298,3,30,27,16.238095238095237,6.913787204907252,341.000000000000000,16,9,3,15
4871,9332378,12,94721.498958106807549,5,17,12,9.000000000000000,3.696845502136472,108.000000000000000,8,5,9,7
4872,9332380,5,39467.291232544506784,8,31,23,19.800000000000001,7.600000000000000,99.000000000000000,4,18,8,18
4873,9332384,8,63147.665972071205033,9,28,19,17.750000000000000,6.666145812986692,142.000000000000000,6,17,9,17
4874,9332386,9,71041.124218580109300,5,35,30,22.888888888888889,8.912468724513543,206.000000000000000,7,29,5,26
4875,9332394,8,63147.665972071205033,11,32,21,22.750000000000000,7.774155902733106,182.000000000000000,5,32,11,21
4876,9332458,23,181549.539669704710832,2,22,20,11.478260869565217,4.762804847871011,264.000000000000000,13,9,2,10
4877,9332460,35,276271.038627811532933,3,25,22,10.514285714285714,5.479162754453998,368.000000000000000,18,6,3,9
4878,9332462,26,205229.914409231423633,1,28,27,11.769230769230770,7.899891393156531,306.000000000000000,19,10,1,10
4879,9332464,40,315738.329860356054269,1,24,23,8.500000000000000,5.652433104425032,340.000000000000000,16,4,2,7
4880,9332466,64,505181.327776569640264,1,33,32,8.812500000000000,6.449018820719940,564.000000000000000,20,8,11,8
4881,9332478,1,7893.458246508900629,2,2,0,2.000000000000000,0.000000000000000,2.000000000000000,1,2,2,2
4882,9332482,1,7893.458246508900629,4,4,0,4.000000000000000,0.000000000000000,4.000000000000000,1,4,4,4
4883,9332484,1,7893.458246508900629,4,4,0,4.000000000000000,0.000000000000000,4.000000000000000,1,4,4,4
4884,9332486,10,78934.582465089013567,8,39,31,18.100000000000001,9.374966666607405,181.000000000000000,8,9,8,18
4885,9332488,1,7893.458246508900629,13,13,0,13.000000000000000,0.000000000000000,13.000000000000000,1,13,13,13
4886,9332490,21,165762.623176686902298,2,27,25,15.190476190476190,6.389120571565741,319.000000000000000,13,13,2,17
4887,9332492,3,23680.374739526701887,1,6,5,3.000000000000000,2.160246899469287,9.000000000000000,3,1,1,2
4888,9332494,23,181549.539669704710832,1,24,23,10.826086956521738,7.619495440975554,249.000000000000000,17,5,2,8
4889,9332496,22,173656.081423195806565,2,16,14,9.318181818181818,4.526551603758384,205.000000000000000,11,3,2,9
4890,9332498,1,7893.458246508900629,8,8,0,8.000000000000000,0.000000000000000,8.000000000000000,1,8,8,8
4891,9332500,4,31573.832986035602516,8,17,9,11.500000000000000,3.354101966249685,46.000000000000000,4,8,8,10
4892,9332502,43,339418.704599882708862,1,23,22,12.325581395348838,5.676229219327876,530.000000000000000,21,14,1,13
4893,9332506,21,165762.623176686902298,2,26,24,9.904761904761905,8.094117569508423,208.000000000000000,13,4,2,5
4894,9332508,21,165762.623176686902298,1,30,29,15.190476190476190,9.194299722778796,319.000000000000000,16,7,1,14
4895,9332510,1,7893.458246508900629,21,21,0,21.000000000000000,0.000000000000000,21.000000000000000,1,21,21,21
4896,9332512,28,221016.830902249203064,1,25,24,13.821428571428571,7.051107164474099,387.000000000000000,15,14,8,14
4897,9332518,25,197336.456162722519366,1,25,24,11.279999999999999,7.318579097065222,282.000000000000000,16,5,2,10
4898,9332520,28,221016.830902249203064,1,26,25,13.392857142857142,7.617364025296254,375.000000000000000,16,10,2,11
4899,9332522,2,15786.916493017801258,8,20,12,14.000000000000000,6.000000000000000,28.000000000000000,2,8,8,8
4900,9332524,2,15786.916493017801258,9,22,13,15.500000000000000,6.500000000000000,31.000000000000000,2,9,9,9
4901,9332526,80,631476.659720712108538,1,36,35,16.512499999999999,9.182855969141626,1321.000000000000000,33,9,4,16
4902,9332528,12,94721.498958106807549,4,31,27,16.500000000000000,8.159861109929098,198.000000000000000,9,10,4,15
4903,9332532,25,197336.456162722519366,1,31,30,14.279999999999999,7.175067943929172,357.000000000000000,15,22,1,14
4904,9332534,6,47360.749479053403775,1,13,12,7.500000000000000,4.536885862938733,45.000000000000000,5,13,1,7
4905,9332536,34,268377.580381302628666,1,67,66,19.617647058823529,14.874009518941090,667.000000000000000,22,10,3,14
4906,9332538,73,576222.451995149720460,1,39,38,7.739726027397261,8.486939841317628,565.000000000000000,19,1,10,4
4907,9332540,1,7893.458246508900629,6,6,0,6.000000000000000,0.000000000000000,6.000000000000000,1,6,6,6
4908,9332542,6,47360.749479053403775,2,11,9,5.166666666666667,3.023059524536175,31.000000000000000,4,2,6,5
4909,9332544,5,39467.291232544506784,1,10,9,5.200000000000000,3.059411708155670,26.000000000000000,4,4,1,4
4910,9332546,50,394672.912325445038732,1,28,27,9.580000000000000,6.477931768705194,479.000000000000000,21,8,16,8
4911,9332548,1,7893.458246508900629,9,9,0,9.000000000000000,0.000000000000000,9.000000000000000,1,9,9,9
4912,9332550,4,31573.832986035602516,1,12,11,4.500000000000000,4.387482193696061,18.000000000000000,4,1,1,2
4913,9332552,63,497287.869530060735997,1,27,26,8.746031746031745,7.479003952798550,551.000000000000000,21,1,9,7
4914,9332556,6,47360.749479053403775,8,24,16,17.333333333333332,5.153208277913438,104.000000000000000,6,8,8,18
4915,9332558,68,536755.160762605257332,1,33,32,10.985294117647058,5.979112286704793,747.000000000000000,19,12,17,10
4916,9332560,11,86828.040711597903282,9,22,13,15.181818181818182,3.903801918833433,167.000000000000000,7,11,9,16
4917,9332562,8,63147.665972071205033,4,11,7,8.250000000000000,2.586020108197150,66.000000000000000,3,9,4,9
4918,9332564,15,118401.873697633505799,2,27,25,14.133333333333333,8.476372389701204,212.000000000000000,12,2,4,14
4919,9332566,9,71041.124218580109300,3,15,12,7.555555555555555,3.832930735702299,68.000000000000000,7,3,4,7
4920,9332570,4,31573.832986035602516,1,7,6,3.500000000000000,2.291287847477920,14.000000000000000,4,1,1,2
4921,9332576,1,7893.458246508900629,14,14,0,14.000000000000000,0.000000000000000,14.000000000000000,1,14,14,14
4922,9332578,2,15786.916493017801258,3,28,25,15.500000000000000,12.500000000000000,31.000000000000000,2,3,3,3
4923,9332580,1,7893.458246508900629,6,6,0,6.000000000000000,0.000000000000000,6.000000000000000,1,6,6,6
4924,9332582,12,94721.498958106807549,1,9,8,3.333333333333333,2.560381915956202,40.000000000000000,6,1,2,3
4925,9332584,2,15786.916493017801258,5,10,5,7.500000000000000,2.500000000000000,15.000000000000000,2,5,5,5
4926,9336412,41,323631.788106864900328,3,22,19,11.439024390243903,4.904198203967225,469.000000000000000,15,7,4,11
4927,9336426,1,7893.458246508900629,21,21,0,21.000000000000000,0.000000000000000,21.000000000000000,1,21,21,21
4928,9336430,2,15786.916493017801258,2,2,0,2.000000000000000,0.000000000000000,4.000000000000000,1,2,2,2
4929,9336434,3,23680.374739526701887,1,2,1,1.666666666666667,0.471404520791031,5.000000000000000,2,2,1,2
4930,9336440,6,47360.749479053403775,4,13,9,9.166666666666666,3.531603350069516,55.000000000000000,5,12,4,9
4931,9336444,14,110508.415451124601532,2,20,18,10.571428571428571,3.678398054166782,148.000000000000000,8,11,2,10
4932,9336446,5,39467.291232544506784,1,8,7,3.800000000000000,2.315167380558045,19.000000000000000,4,3,1,3
4933,10102038,10,78934.582465089013567,12,32,20,23.000000000000000,7.197221686178632,230.000000000000000,7,16,12,25
4934,10102040,6,47360.749479053403775,9,27,18,18.666666666666668,6.548960901462830,112.000000000000000,6,9,9,17
4935,10102042,10,78934.582465089013567,5,24,19,15.800000000000001,6.764613810115105,158.000000000000000,9,21,5,18
4936,10102044,28,221016.830902249203064,2,23,21,13.285714285714286,6.357544128587607,372.000000000000000,18,10,2,13
4937,10102046,18,142082.248437160218600,2,24,22,16.722222222222221,5.914253550679782,301.000000000000000,13,24,2,17
4938,10102048,7,55254.207725562300766,5,28,23,14.000000000000000,7.946247991527646,98.000000000000000,7,5,5,11
4939,10102050,14,110508.415451124601532,6,29,23,17.928571428571427,8.171940543402036,251.000000000000000,11,8,6,15
4940,10102052,21,165762.623176686902298,2,25,23,10.190476190476190,5.868552572572914,214.000000000000000,10,10,2,10
4941,10102054,16,126295.331944142410066,9,30,21,20.125000000000000,5.956876278721928,322.000000000000000,13,17,9,21
4942,10102056,16,126295.331944142410066,4,19,15,10.000000000000000,4.272001872658765,160.000000000000000,11,8,5,9
4943,10102058,2,15786.916493017801258,29,32,3,30.500000000000000,1.500000000000000,61.000000000000000,2,29,29,29
4944,10102060,4,31573.832986035602516,11,19,8,15.500000000000000,3.570714214271425,62.000000000000000,3,19,11,13
4945,10102062,20,157869.164930178027134,8,33,25,24.399999999999999,6.703730304837752,488.000000000000000,15,30,8,24
4946,10102064,4,31573.832986035602516,7,26,19,18.000000000000000,7.582875444051551,72.000000000000000,4,7,7,15
4947,10102066,39,307844.871613847150002,2,24,22,10.538461538461538,5.633444789579344,411.000000000000000,17,7,2,9
4948,10102068,17,134188.790190651314333,3,48,45,21.352941176470587,11.984996387496514,363.000000000000000,14,22,3,22
4949,10102070,8,63147.665972071205033,4,14,10,11.000000000000000,3.162277660168380,88.000000000000000,6,13,4,12
4950,10102072,6,47360.749479053403775,9,30,21,16.333333333333332,6.798692684790382,98.000000000000000,5,14,9,14
4951,10102074,8,63147.665972071205033,2,17,15,9.625000000000000,5.764926278800103,77.000000000000000,6,4,2,6
4952,10102076,15,118401.873697633505799,1,20,19,7.400000000000000,5.559376463837168,111.000000000000000,10,2,1,6
4953,10102078,23,181549.539669704710832,3,28,25,16.086956521739129,7.180366004225091,370.000000000000000,15,20,3,16
4954,10102080,5,39467.291232544506784,11,29,18,20.199999999999999,6.046486583132393,101.000000000000000,5,11,11,19
4955,10102082,17,134188.790190651314333,6,28,22,13.823529411764707,6.775694399991496,235.000000000000000,10,7,6,13
4956,10102084,8,63147.665972071205033,7,44,37,27.875000000000000,11.106726565464731,223.000000000000000,8,7,7,27
4957,10102086,13,102614.957204615711817,3,27,24,10.846153846153847,7.014777301647999,141.000000000000000,9,5,3,7
4958,10102088,6,47360.749479053403775,2,25,23,15.333333333333334,8.399735445569434,92.000000000000000,6,2,2,16
4959,10102090,12,94721.498958106807549,2,19,17,7.666666666666667,4.696334267868457,92.000000000000000,10,2,3,6
4960,10102092,16,126295.331944142410066,5,29,24,13.312500000000000,5.276347576685978,213.000000000000000,10,15,5,13
4961,10102094,8,63147.665972071205033,9,19,10,11.125000000000000,3.018174116912409,89.000000000000000,4,10,9,10
4962,10102096,12,94721.498958106807549,6,21,15,11.916666666666666,4.112143263825110,143.000000000000000,7,12,6,12
4963,10102098,11,86828.040711597903282,7,21,14,15.727272727272727,3.979285205134420,173.000000000000000,10,17,7,17
4964,10102100,4,31573.832986035602516,8,12,4,10.250000000000000,1.479019945774904,41.000000000000000,4,8,8,10
4965,10102102,17,134188.790190651314333,5,21,16,12.176470588235293,5.305217122769170,207.000000000000000,10,9,5,9
4966,10102104,19,149975.706683669122867,5,20,15,10.789473684210526,4.124113268244154,205.000000000000000,12,12,5,10
4967,10102106,7,55254.207725562300766,8,17,9,11.714285714285714,3.194382824999700,82.000000000000000,5,8,9,13
4968,10102108,13,102614.957204615711817,1,32,31,9.153846153846153,7.813658198172597,119.000000000000000,10,5,1,7
4969,10102110,29,228910.289148758107331,1,24,23,8.344827586206897,4.984637517129007,242.000000000000000,12,8,7,8
4970,10102112,15,118401.873697633505799,7,26,19,15.199999999999999,7.101173611922657,228.000000000000000,10,7,11,15
4971,10102114,7,55254.207725562300766,1,18,17,12.000000000000000,5.830951894845301,84.000000000000000,5,14,1,14
4972,10102116,37,292057.955120829341467,1,39,38,8.864864864864865,6.936632729962509,328.000000000000000,17,4,1,7
4973,10102118,23,181549.539669704710832,2,17,15,8.782608695652174,4.393241070980567,202.000000000000000,12,2,5,9
4974,10102120,10,78934.582465089013567,5,26,21,14.100000000000000,6.331666447310693,141.000000000000000,7,9,5,12
4975,10102122,19,149975.706683669122867,7,38,31,18.052631578947370,8.804745635529239,343.000000000000000,16,10,7,15
4976,10102124,26,205229.914409231423633,1,44,43,10.192307692307692,11.320570897432116,265.000000000000000,13,2,9,5
4977,10102126,10,78934.582465089013567,12,23,11,17.000000000000000,3.376388603226827,170.000000000000000,7,14,12,18
4978,10102128,8,63147.665972071205033,7,18,11,13.375000000000000,3.351771919447981,107.000000000000000,6,12,7,12
4979,10102130,8,63147.665972071205033,6,17,11,11.875000000000000,4.196352582898630,95.000000000000000,7,7,6,13
4980,10102132,23,181549.539669704710832,3,18,15,7.260869565217392,3.504250726888675,167.000000000000000,10,10,5,7
4981,10102134,21,165762.623176686902298,1,16,15,6.000000000000000,4.840306956027833,126.000000000000000,11,2,5,4
4982,10102136,9,71041.124218580109300,8,30,22,18.111111111111111,6.314787661503479,163.000000000000000,9,8,8,19
4983,10102138,9,71041.124218580109300,5,31,26,15.000000000000000,7.527726527090810,135.000000000000000,7,11,5,11
4984,10102140,16,126295.331944142410066,5,24,19,12.750000000000000,5.285593627966493,204.000000000000000,13,9,5,11
4985,10102142,17,134188.790190651314333,7,28,21,15.823529411764707,6.723403323402138,269.000000000000000,13,7,9,16
4986,10102144,13,102614.957204615711817,1,6,5,3.615384615384615,1.642627423389432,47.000000000000000,6,2,1,4
4987,10102146,18,142082.248437160218600,3,24,21,11.500000000000000,6.677075208003377,207.000000000000000,14,4,3,9
4988,10102148,10,78934.582465089013567,7,15,8,10.600000000000000,2.416609194718916,106.000000000000000,6,9,7,9
4989,10102150,14,110508.415451124601532,6,19,13,11.571428571428571,3.976974544878588,162.000000000000000,11,7,6,11
4990,10102152,7,55254.207725562300766,8,23,15,13.857142857142858,4.290473547908917,97.000000000000000,6,13,8,13
4991,10102154,11,86828.040711597903282,7,28,21,19.636363636363637,6.759138289251307,216.000000000000000,9,23,7,21
4992,10102156,14,110508.415451124601532,4,23,19,13.928571428571429,6.029265362905048,195.000000000000000,11,7,4,13
4993,10102158,23,181549.539669704710832,2,19,17,10.130434782608695,4.475093856932544,233.000000000000000,13,11,4,10
4994,10102160,23,181549.539669704710832,1,32,31,12.869565217391305,8.654249259511001,296.000000000000000,18,5,1,12
4995,10102162,9,71041.124218580109300,5,24,19,11.000000000000000,5.291502622129181,99.000000000000000,8,9,5,9
4996,10102164,10,78934.582465089013567,5,37,32,17.500000000000000,9.573400649716902,175.000000000000000,10,5,5,13
4997,10102166,9,71041.124218580109300,1,11,10,5.666666666666667,3.231786571610886,51.000000000000000,7,1,4,5
4998,10102168,9,71041.124218580109300,4,18,14,12.222222222222221,4.491418429201721,110.000000000000000,7,8,4,14
4999,10102170,48,378885.995832427230198,2,21,19,7.437500000000000,4.541045446810679,357.000000000000000,16,4,9,6
5000,10102172,30,236803.747395267011598,1,14,13,6.133333333333334,3.041198594121878,184.000000000000000,11,3,1,6
5001,10102174,19,149975.706683669122867,1,13,12,5.368421052631579,3.296098591968669,102.000000000000000,9,7,2,6
5002,10102176,18,142082.248437160218600,3,20,17,9.666666666666666,6.119186583561939,174.000000000000000,11,5,7,6
5003,10102178,14,110508.415451124601532,1,12,11,5.714285714285714,3.325841921949376,80.000000000000000,7,4,6,5
5004,10102180,1,7893.458246508900629,7,7,0,7.000000000000000,0.000000000000000,7.000000000000000,1,7,7,7
5005,10102182,8,63147.665972071205033,7,9,2,8.000000000000000,0.866025403784439,64.000000000000000,3,7,8,8
5006,10102184,7,55254.207725562300766,6,14,8,11.285714285714286,2.864276807966200,79.000000000000000,5,14,6,12
5007,10102186,28,221016.830902249203064,3,34,31,13.750000000000000,9.341248769379208,385.000000000000000,17,4,3,12
5008,10102188,16,126295.331944142410066,2,30,28,14.250000000000000,8.452070752188483,228.000000000000000,13,2,3,13
5009,10102190,2,15786.916493017801258,2,2,0,2.000000000000000,0.000000000000000,4.000000000000000,1,2,2,2
5010,10102192,29,228910.289148758107331,2,25,23,9.206896551724139,4.816489710072002,267.000000000000000,13,7,4,8
5011,10102194,27,213123.372655740327900,1,17,16,8.407407407407407,4.465997124439366,227.000000000000000,13,4,1,8
5012,10102196,4,31573.832986035602516,8,12,4,9.500000000000000,1.658312395177700,38.000000000000000,3,8,10,8
5013,10102198,37,292057.955120829341467,1,20,19,9.135135135135135,5.209980869198482,338.000000000000000,16,8,5,8
5014,10102200,11,86828.040711597903282,1,5,4,3.090909090909091,1.239834699725987,34.000000000000000,4,3,4,3
5015,10102202,29,228910.289148758107331,2,22,20,11.896551724137931,5.454165302214110,345.000000000000000,15,11,5,11
5016,10102204,5,39467.291232544506784,2,5,3,3.600000000000000,1.200000000000000,18.000000000000000,3,3,2,3
5017,10102206,12,94721.498958106807549,1,20,19,10.500000000000000,6.825198409814424,126.000000000000000,10,5,1,7
5018,10102208,15,118401.873697633505799,7,28,21,19.733333333333334,5.615059117132152,296.000000000000000,10,17,7,18
5019,10102210,1,7893.458246508900629,4,4,0,4.000000000000000,0.000000000000000,4.000000000000000,1,4,4,4
5020,10102212,24,189442.997916213615099,2,37,35,15.041666666666666,10.362107116262065,361.000000000000000,16,5,3,14
5021,10102214,11,86828.040711597903282,2,18,16,9.000000000000000,5.325752187591567,99.000000000000000,10,4,2,8
5022,10102216,4,31573.832986035602516,2,5,3,3.000000000000000,1.224744871391589,12.000000000000000,3,2,3,2
5023,10102218,2,15786.916493017801258,1,3,2,2.000000000000000,1.000000000000000,4.000000000000000,2,1,1,1
5024,10102220,12,94721.498958106807549,1,16,15,4.166666666666667,4.119735698102758,50.000000000000000,6,3,5,3
5025,10102222,7,55254.207725562300766,1,15,14,7.428571428571429,5.066899385990914,52.000000000000000,7,1,1,5
5026,10102224,26,205229.914409231423633,1,17,16,8.807692307692308,4.429092898701205,229.000000000000000,12,11,2,10
5027,10102226,11,86828.040711597903282,4,21,17,13.454545454545455,5.365947113954075,148.000000000000000,7,4,12,16
5028,10102228,35,276271.038627811532933,1,28,27,15.914285714285715,7.469447975668918,557.000000000000000,18,23,5,18
5029,10102230,1,7893.458246508900629,1,1,0,1.000000000000000,0.000000000000000,1.000000000000000,1,1,1,1
5030,10102232,5,39467.291232544506784,12,19,7,16.600000000000001,2.576819745345018,83.000000000000000,4,19,12,17
5031,10102234,21,165762.623176686902298,3,17,14,7.761904761904762,4.936788641026451,163.000000000000000,8,4,9,6
5032,10102236,28,221016.830902249203064,5,24,19,12.357142857142858,5.183864290236757,346.000000000000000,11,12,9,12
5033,10102238,40,315738.329860356054269,2,26,24,10.500000000000000,6.360031446463139,420.000000000000000,20,5,3,8
5034,10102240,3,23680.374739526701887,2,4,2,2.666666666666667,0.942809041582064,8.000000000000000,2,2,4,2
5035,10102242,12,94721.498958106807549,10,20,10,15.333333333333334,2.867441755680873,184.000000000000000,9,18,10,15
5036,10102244,13,102614.957204615711817,8,22,14,14.153846153846153,4.293934072908573,184.000000000000000,9,12,8,12
5037,10102246,9,71041.124218580109300,11,22,11,16.777777777777779,3.189488909868296,151.000000000000000,8,15,11,17
5038,10102248,1,7893.458246508900629,2,2,0,2.000000000000000,0.000000000000000,2.000000000000000,1,2,2,2
5039,10102250,10,78934.582465089013567,6,19,13,14.199999999999999,4.331281565541545,142.000000000000000,7,18,6,15
5040,10102252,1,7893.458246508900629,14,14,0,14.000000000000000,0.000000000000000,14.000000000000000,1,14,14,14
5041,10102254,11,86828.040711597903282,3,15,12,9.636363636363637,4.140108195176618,106.000000000000000,8,6,3,10
5042,10102256,19,149975.706683669122867,7,30,23,17.052631578947370,7.556619156394759,324.000000000000000,11,7,8,18
5043,10102258,28,221016.830902249203064,3,25,22,9.428571428571429,5.888418241578556,264.000000000000000,15,8,4,8
5044,10102260,15,118401.873697633505799,1,17,16,10.400000000000000,4.772141378179541,156.000000000000000,12,12,1,12
5045,10102262,11,86828.040711597903282,3,15,12,9.818181818181818,4.173905557545088,108.000000000000000,7,6,3,10
5046,10102264,16,126295.331944142410066,3,16,13,6.875000000000000,4.181432170919432,110.000000000000000,7,4,6,4
5047,10102266,10,78934.582465089013567,2,22,20,9.300000000000001,7.014983962918233,93.000000000000000,7,2,8,8
5048,10102268,17,134188.790190651314333,3,22,19,12.117647058823529,4.688940090206974,206.000000000000000,12,12,3,12
5049,10102270,22,173656.081423195806565,4,38,34,18.227272727272727,10.979037125283215,401.000000000000000,18,5,4,16
5050,10102272,1,7893.458246508900629,3,3,0,3.000000000000000,0.000000000000000,3.000000000000000,1,3,3,3
5051,10102274,14,110508.415451124601532,4,22,18,11.000000000000000,5.529143565818179,154.000000000000000,11,7,4,8
5052,10102276,4,31573.832986035602516,9,17,8,11.250000000000000,3.344772040064913,45.000000000000000,3,9,10,9
5053,10102278,2,15786.916493017801258,3,3,0,3.000000000000000,0.000000000000000,6.000000000000000,1,3,3,3
5054,10102280,14,110508.415451124601532,6,22,16,15.642857142857142,4.433752729382427,219.000000000000000,9,19,6,17
5055,10102282,10,78934.582465089013567,2,18,16,11.199999999999999,5.344155686354957,112.000000000000000,10,2,2,11
5056,10102284,4,31573.832986035602516,2,3,1,2.500000000000000,0.500000000000000,10.000000000000000,2,2,2,2
5057,10102286,10,78934.582465089013567,3,21,18,10.600000000000000,5.986651818838307,106.000000000000000,8,3,6,9
5058,10102288,17,134188.790190651314333,14,35,21,23.764705882352942,6.467378883239880,404.000000000000000,12,25,16,25
5059,10102290,7,55254.207725562300766,1,13,12,6.285714285714286,4.589250972631146,44.000000000000000,7,1,1,4
5060,10102292,14,110508.415451124601532,2,17,15,7.142857142857143,4.257046978786097,100.000000000000000,10,2,3,6
5061,10102294,2,15786.916493017801258,4,4,0,4.000000000000000,0.000000000000000,8.000000000000000,1,4,4,4
5062,10102296,34,268377.580381302628666,1,27,26,6.529411764705882,6.112837475912509,222.000000000000000,12,4,11,4
5063,10102298,8,63147.665972071205033,2,9,7,4.250000000000000,2.106537443294090,34.000000000000000,5,2,3,4
5064,10102300,21,165762.623176686902298,4,29,25,11.666666666666666,6.311994125573142,245.000000000000000,11,11,4,11
5065,10102302,17,134188.790190651314333,3,34,31,17.764705882352942,10.585947465249589,302.000000000000000,13,34,3,14
5066,10102304,23,181549.539669704710832,3,25,22,11.826086956521738,6.040818933202924,272.000000000000000,15,8,3,10
5067,10102306,19,149975.706683669122867,2,38,36,13.368421052631579,10.408551779114335,254.000000000000000,12,4,2,10
5068,10102308,49,386779.454078936134465,1,23,22,12.408163265306122,5.193867527354908,608.000000000000000,18,7,1,13
5069,10102312,13,102614.957204615711817,3,28,25,14.692307692307692,8.370135697683351,191.000000000000000,11,5,3,13
5070,10102314,18,142082.248437160218600,3,13,10,8.444444444444445,2.910177967490843,152.000000000000000,10,5,3,8
5071,10102316,25,197336.456162722519366,1,19,18,10.400000000000000,5.276362383309167,260.000000000000000,15,5,1,11
5072,10102318,19,149975.706683669122867,3,24,21,11.631578947368421,5.877795203500511,221.000000000000000,14,6,3,12
5073,10102320,14,110508.415451124601532,7,30,23,17.500000000000000,7.267835205302097,245.000000000000000,13,14,7,15
5074,10102322,9,71041.124218580109300,9,31,22,18.222222222222221,7.145748973694902,164.000000000000000,8,14,9,17
5075,10102324,42,331525.246353373804595,2,32,30,10.047619047619047,7.016824614054359,422.000000000000000,17,3,10,8
5076,10102326,17,134188.790190651314333,6,27,21,11.588235294117647,5.236285431592443,197.000000000000000,12,9,7,10
5077,10102328,16,126295.331944142410066,7,27,20,16.375000000000000,6.323319934970869,262.000000000000000,11,10,7,16
5078,10102330,24,189442.997916213615099,2,30,28,15.041666666666666,8.152091585735667,361.000000000000000,17,7,2,13
5079,10102332,9,71041.124218580109300,5,19,14,8.888888888888889,4.507880616689065,80.000000000000000,6,5,12,7
5080,10102334,1,7893.458246508900629,5,5,0,5.000000000000000,0.000000000000000,5.000000000000000,1,5,5,5
5081,10102336,5,39467.291232544506784,5,28,23,20.800000000000001,8.133879763065098,104.000000000000000,5,5,5,24
5082,10102338,5,39467.291232544506784,17,33,16,25.600000000000001,5.986651818838303,128.000000000000000,5,17,17,26
5083,10102340,16,126295.331944142410066,6,20,14,12.750000000000000,3.848701079585163,204.000000000000000,10,12,6,12
5084,10102342,2,15786.916493017801258,6,10,4,8.000000000000000,2.000000000000000,16.000000000000000,2,6,6,6
5085,10102344,26,205229.914409231423633,3,26,23,11.846153846153847,5.809093055734046,308.000000000000000,16,10,4,11
5086,10102346,16,126295.331944142410066,3,24,21,9.875000000000000,5.775757526073961,158.000000000000000,9,5,4,8
5087,10102348,7,55254.207725562300766,11,20,9,16.428571428571427,3.539860483818249,115.000000000000000,5,11,17,18
5088,10102350,36,284164.496874320437200,5,34,29,20.305555555555557,8.085719388198635,731.000000000000000,22,20,5,20
5089,10102352,45,355205.621092900517397,1,26,25,8.955555555555556,6.182252576009835,403.000000000000000,18,7,11,7
5090,10102354,3,23680.374739526701887,18,35,17,27.000000000000000,6.976149845485450,81.000000000000000,3,18,18,28
5091,10102356,17,134188.790190651314333,10,25,15,16.529411764705884,3.237966810475971,281.000000000000000,10,16,10,16
5092,10102358,21,165762.623176686902298,1,53,52,16.714285714285715,12.067835475395928,351.000000000000000,15,14,1,14
5093,10102360,11,86828.040711597903282,3,18,15,12.181818181818182,4.365529892197444,134.000000000000000,9,13,3,13
5094,10102362,12,94721.498958106807549,6,23,17,14.166666666666666,4.740487551109299,170.000000000000000,9,13,6,13
5095,10102364,15,118401.873697633505799,3,14,11,7.933333333333334,3.749962962780062,119.000000000000000,8,4,3,6
5096,10102366,21,165762.623176686902298,1,28,27,12.857142857142858,8.072798029630796,270.000000000000000,13,15,2,11
5097,10102368,24,189442.997916213615099,2,24,22,13.541666666666666,6.428965486158893,325.000000000000000,15,14,2,14
5098,10102370,8,63147.665972071205033,1,25,24,8.500000000000000,8.077747210701755,68.000000000000000,7,2,1,4
5099,10102372,55,434140.203557989560068,1,28,27,10.090909090909092,6.209297214727802,555.000000000000000,20,8,3,8
5100,10102374,30,236803.747395267011598,1,26,25,10.433333333333334,6.711598584208948,313.000000000000000,16,3,1,9
5101,10102376,4,31573.832986035602516,4,23,19,16.250000000000000,7.292976072907411,65.000000000000000,4,4,4,18
5102,10102378,13,102614.957204615711817,11,43,32,24.923076923076923,10.908440898691101,324.000000000000000,12,11,13,22
5103,10102380,33,260484.122134793724399,4,27,23,13.818181818181818,5.005781781067711,456.000000000000000,16,9,4,13
5104,10102382,27,213123.372655740327900,4,29,25,14.962962962962964,6.973396438430639,404.000000000000000,18,16,4,16
5105,10102384,30,236803.747395267011598,2,16,14,9.600000000000000,4.255192905928787,288.000000000000000,14,2,3,10
5106,10102386,16,126295.331944142410066,17,28,11,24.000000000000000,3.020761493398643,384.000000000000000,9,24,17,24
5107,10102388,5,39467.291232544506784,2,12,10,5.000000000000000,3.633180424916990,25.000000000000000,4,3,2,3
5108,10102390,15,118401.873697633505799,7,34,27,20.399999999999999,6.790189000805993,306.000000000000000,11,17,7,20
5109,10102392,22,173656.081423195806565,5,27,22,14.318181818181818,5.447154082941456,315.000000000000000,11,10,5,14
5110,10102394,27,213123.372655740327900,2,20,18,8.962962962962964,4.694216153408846,242.000000000000000,15,9,2,9
5111,10102396,14,110508.415451124601532,7,26,19,16.357142857142858,6.194549941649663,229.000000000000000,12,7,10,14
5112,10102398,2,15786.916493017801258,3,8,5,5.500000000000000,2.500000000000000,11.000000000000000,2,3,3,3
5113,10102400,12,94721.498958106807549,12,18,6,14.500000000000000,2.327373340628157,174.000000000000000,6,12,14,13
5114,10102402,40,315738.329860356054269,1,24,23,9.900000000000000,5.548873759602033,396.000000000000000,17,6,1,8
5115,10102404,27,213123.372655740327900,2,40,38,21.925925925925927,10.742528586834545,592.000000000000000,19,34,6,23
5116,10102406,33,260484.122134793724399,2,33,31,14.606060606060606,8.828121025722957,482.000000000000000,22,5,2,13
5117,10102408,15,118401.873697633505799,3,15,12,11.733333333333333,3.604934889225540,176.000000000000000,7,15,3,13
5118,10102410,14,110508.415451124601532,3,17,14,9.785714285714286,4.442949011452566,137.000000000000000,9,7,3,10
5119,10102412,24,189442.997916213615099,1,29,28,14.500000000000000,8.495096624916439,348.000000000000000,17,6,1,15
5120,10102414,11,86828.040711597903282,1,10,9,4.818181818181818,2.516064091472372,53.000000000000000,7,2,1,5
5121,10102416,29,228910.289148758107331,2,22,20,12.793103448275861,4.566590143753062,371.000000000000000,14,10,2,13
5122,10102418,9,71041.124218580109300,6,37,31,23.333333333333332,8.273115763993903,210.000000000000000,9,6,6,23
5123,10102420,18,142082.248437160218600,1,13,12,5.388888888888889,3.988022189965136,97.000000000000000,10,1,4,4
5124,10102422,16,126295.331944142410066,1,26,25,11.437500000000000,8.381294276542258,183.000000000000000,13,2,1,8
5125,10102424,1,7893.458246508900629,23,23,0,23.000000000000000,0.000000000000000,23.000000000000000,1,23,23,23
5126,10102426,23,181549.539669704710832,2,33,31,11.217391304347826,7.021436256760469,258.000000000000000,16,7,3,11
5127,10102428,19,149975.706683669122867,1,25,24,10.842105263157896,6.937792443488033,206.000000000000000,12,5,6,8
5128,10102430,31,244697.205641775915865,1,22,21,8.645161290322580,4.987393055506502,268.000000000000000,15,4,1,7
5129,10102432,13,102614.957204615711817,2,17,15,8.000000000000000,4.350066312491905,104.000000000000000,9,3,2,8
5130,10102434,48,378885.995832427230198,5,44,39,18.770833333333332,9.887364797502361,901.000000000000000,23,9,5,16
5131,10102436,16,126295.331944142410066,2,25,23,14.125000000000000,7.704503553117489,226.000000000000000,13,4,2,13
5132,10102438,14,110508.415451124601532,2,42,40,18.857142857142858,10.868415200920133,264.000000000000000,12,21,2,19
5133,10102440,23,181549.539669704710832,1,35,34,14.521739130434783,10.773839351258662,334.000000000000000,14,13,4,13
5134,10102442,32,252590.663888284820132,2,32,30,16.750000000000000,9.852030247619016,536.000000000000000,19,23,2,18
5135,10102444,33,260484.122134793724399,3,34,31,12.151515151515152,6.998360033526522,401.000000000000000,15,5,3,11
5136,10102446,14,110508.415451124601532,3,42,39,21.785714285714285,10.698321439957443,305.000000000000000,11,14,3,21
5137,10102448,12,94721.498958106807549,2,16,14,6.416666666666667,3.904235591707492,77.000000000000000,9,4,2,5
5138,10102452,8,63147.665972071205033,7,50,43,30.375000000000000,16.695339918671916,243.000000000000000,5,7,15,37
5139,10102454,32,252590.663888284820132,2,25,23,11.531250000000000,6.224871359112572,369.000000000000000,19,7,2,11
5140,10102456,12,94721.498958106807549,7,19,12,11.666666666666666,4.048319267163707,140.000000000000000,8,9,8,9
5141,10102458,20,157869.164930178027134,3,26,23,15.050000000000001,5.652211956393709,301.000000000000000,13,13,3,15
5142,10102460,6,47360.749479053403775,1,13,12,6.333333333333333,4.229525846816506,38.000000000000000,6,1,1,5
5143,10102462,7,55254.207725562300766,1,14,13,3.428571428571428,4.337778985911137,24.000000000000000,3,2,14,2
5144,10102464,39,307844.871613847150002,2,33,31,16.461538461538460,8.255056426669359,642.000000000000000,22,9,2,17
5145,10102466,38,299951.413367338245735,2,23,21,10.421052631578947,5.422329946606117,396.000000000000000,16,8,2,8
5146,10102468,16,126295.331944142410066,1,24,23,12.062500000000000,6.368562926594978,193.000000000000000,13,5,1,11
5147,10102470,19,149975.706683669122867,4,21,17,13.894736842105264,4.266080869296724,264.000000000000000,13,17,4,14
5148,10102472,10,78934.582465089013567,15,30,15,21.899999999999999,4.570557952810582,219.000000000000000,9,26,15,20
5149,10102474,27,213123.372655740327900,2,28,26,13.296296296296296,8.339174907293330,359.000000000000000,18,2,7,10
5150,10102476,13,102614.957204615711817,4,16,12,11.615384615384615,3.498097538739100,151.000000000000000,8,14,4,13
5151,10102478,15,118401.873697633505799,24,37,13,28.866666666666667,4.271871824960214,433.000000000000000,9,25,24,28
5152,10102480,11,86828.040711597903282,21,47,26,34.545454545454547,8.337905082034979,380.000000000000000,10,21,27,35
5153,10102482,9,71041.124218580109300,1,8,7,4.444444444444445,2.499382639822665,40.000000000000000,5,1,6,5
5154,10102484,19,149975.706683669122867,5,16,11,9.736842105263158,2.749968521602765,185.000000000000000,8,8,7,9
5155,10102486,7,55254.207725562300766,5,27,22,12.285714285714286,8.497298490264599,86.000000000000000,5,5,7,7
5156,10102488,12,94721.498958106807549,7,26,19,14.250000000000000,5.002082899486306,171.000000000000000,9,12,7,13
5157,10102490,5,39467.291232544506784,20,25,5,22.000000000000000,2.097617696340303,110.000000000000000,4,20,21,21
5158,10102494,8,63147.665972071205033,7,23,16,18.250000000000000,5.673402858955108,146.000000000000000,6,23,7,20
5159,10102496,9,71041.124218580109300,9,24,15,16.888888888888889,4.382907316292447,152.000000000000000,5,16,9,16
5160,10102498,28,221016.830902249203064,4,28,24,11.285714285714286,5.083988471221211,316.000000000000000,16,10,4,10
5161,10102500,9,71041.124218580109300,8,25,17,16.222222222222221,5.788451678947159,146.000000000000000,7,12,8,16
5162,10102502,1,7893.458246508900629,24,24,0,24.000000000000000,0.000000000000000,24.000000000000000,1,24,24,24
5163,10102504,9,71041.124218580109300,9,22,13,15.000000000000000,3.915780041490244,135.000000000000000,5,15,16,15
5164,10102506,10,78934.582465089013567,2,28,26,14.800000000000001,8.964373932405987,148.000000000000000,8,2,6,13
5165,10102508,36,284164.496874320437200,2,36,34,11.444444444444445,8.264530787395159,412.000000000000000,19,5,6,9
5166,10102510,5,39467.291232544506784,2,13,11,7.200000000000000,4.955804677345547,36.000000000000000,3,2,6,6
5167,10102512,6,47360.749479053403775,12,24,12,17.500000000000000,4.462809279665295,105.000000000000000,5,14,12,14
5168,10102514,29,228910.289148758107331,1,21,20,10.827586206896552,5.058751144217325,314.000000000000000,16,13,1,11
5169,10102516,15,118401.873697633505799,7,30,23,13.733333333333333,6.637938100210202,206.000000000000000,9,8,10,12
5170,10102518,10,78934.582465089013567,21,41,20,28.600000000000001,8.175573374387875,286.000000000000000,7,22,21,22
5171,10102520,15,118401.873697633505799,7,24,17,15.466666666666667,5.631656555184766,232.000000000000000,11,9,7,15
5172,10102522,24,189442.997916213615099,2,27,25,11.875000000000000,6.180024946012219,285.000000000000000,18,10,2,10
5173,10102524,9,71041.124218580109300,11,29,18,16.555555555555557,5.335647646019097,149.000000000000000,7,13,11,15
5174,10102526,16,126295.331944142410066,5,21,16,12.000000000000000,3.872983346207417,192.000000000000000,12,10,5,11
5175,10102528,8,63147.665972071205033,14,43,29,26.250000000000000,11.669940016983807,210.000000000000000,6,18,14,18
5176,10102530,30,236803.747395267011598,2,29,27,11.433333333333334,6.422270280481472,343.000000000000000,16,9,2,9
5177,10102532,23,181549.539669704710832,2,18,16,9.739130434782609,3.858557866492832,224.000000000000000,13,8,2,9
5178,10102534,5,39467.291232544506784,2,25,23,12.800000000000001,8.158431221748454,64.000000000000000,4,9,2,9
5179,10102536,34,268377.580381302628666,3,51,48,28.382352941176471,12.080647396662622,965.000000000000000,19,14,7,30
5180,10102538,27,213123.372655740327900,5,33,28,19.555555555555557,7.319852929778045,528.000000000000000,21,10,5,20
5181,10102540,23,181549.539669704710832,5,21,16,12.347826086956522,4.103113299966619,284.000000000000000,13,9,5,12
5182,10102542,19,149975.706683669122867,3,24,21,13.105263157894736,8.038687617699699,249.000000000000000,13,3,5,14
5183,10102544,13,102614.957204615711817,5,38,33,26.769230769230770,9.923971337150851,348.000000000000000,10,31,5,31
5184,10102546,8,63147.665972071205033,9,38,29,19.125000000000000,10.240086669555097,153.000000000000000,7,9,11,14
5185,10102548,20,157869.164930178027134,5,27,22,12.199999999999999,5.546169849544820,244.000000000000000,12,10,6,10
5186,10102550,36,284164.496874320437200,1,32,31,17.083333333333332,8.301188000655221,615.000000000000000,24,17,1,17
5187,10102552,36,284164.496874320437200,2,49,47,17.472222222222221,10.922672930680351,629.000000000000000,20,4,6,17
5188,10102554,9,71041.124218580109300,10,41,31,24.777777777777779,11.370310049303139,223.000000000000000,9,10,10,22
5189,10102556,12,94721.498958106807549,2,24,22,15.166666666666666,6.938219432166218,182.000000000000000,11,21,2,15
5190,10102558,16,126295.331944142410066,2,30,28,12.937500000000000,8.466616428656728,207.000000000000000,14,3,2,12
5191,10102560,52,410459.828818462847266,1,15,14,6.884615384615385,3.801082063317103,358.000000000000000,13,3,15,6
5192,10102562,2,15786.916493017801258,22,23,1,22.500000000000000,0.500000000000000,45.000000000000000,2,22,22,22
5193,10102564,25,197336.456162722519366,2,38,36,20.920000000000002,12.614023941629409,523.000000000000000,18,2,9,23
5194,10102566,10,78934.582465089013567,1,7,6,2.000000000000000,1.788854381999832,20.000000000000000,4,1,3,1
5195,10102568,4,31573.832986035602516,2,9,7,3.750000000000000,3.031088913245535,15.000000000000000,2,2,9,2
5196,10102570,24,189442.997916213615099,6,28,22,14.291666666666666,5.191974308702061,343.000000000000000,16,11,6,14
5197,10102572,6,47360.749479053403775,2,6,4,3.666666666666667,1.490711984999860,22.000000000000000,5,2,3,3
5198,10102574,25,197336.456162722519366,1,29,28,11.240000000000000,6.766269282255917,281.000000000000000,16,4,1,11
5199,10102576,17,134188.790190651314333,4,22,18,10.823529411764707,5.833325094737961,184.000000000000000,12,4,6,10
5200,10102580,9,71041.124218580109300,4,26,22,13.333333333333334,7.673909622147558,120.000000000000000,9,4,4,10
5201,10102582,6,47360.749479053403775,2,31,29,16.666666666666668,11.308796969124915,100.000000000000000,5,26,2,9
5202,10102584,7,55254.207725562300766,1,9,8,3.857142857142857,2.531435020952765,27.000000000000000,5,3,1,3
5203,10102586,14,110508.415451124601532,1,31,30,12.142857142857142,10.280752771612612,170.000000000000000,13,1,2,7
5204,10102588,5,39467.291232544506784,6,19,13,12.000000000000000,4.516635916254486,60.000000000000000,4,10,6,10
5205,10102590,5,39467.291232544506784,9,17,8,15.000000000000000,3.033150177620620,75.000000000000000,3,16,9,16
5206,10102592,51,402566.370571953942999,5,41,36,15.901960784313726,6.900568041297743,811.000000000000000,22,13,7,16
5207,10102594,19,149975.706683669122867,9,29,20,19.789473684210527,6.370812947946949,376.000000000000000,14,23,9,22
5208,10102596,16,126295.331944142410066,8,32,24,18.687500000000000,8.206085775203668,299.000000000000000,13,10,8,18
5209,10102598,5,39467.291232544506784,3,20,17,11.400000000000000,7.002856560004638,57.000000000000000,5,3,3,10
5210,10102600,15,118401.873697633505799,8,35,27,19.466666666666665,7.209869778451081,292.000000000000000,12,12,8,19
5211,10102602,13,102614.957204615711817,11,28,17,18.076923076923077,5.239811189515817,235.000000000000000,10,18,11,18
5212,10102604,14,110508.415451124601532,1,50,49,9.357142857142858,13.599407249987788,131.000000000000000,8,2,1,4
5213,10102606,11,86828.040711597903282,8,36,28,19.636363636363637,10.209378284630150,216.000000000000000,7,8,16,19
5214,10102608,20,157869.164930178027134,3,28,25,14.949999999999999,6.644358509291924,299.000000000000000,14,8,3,13
5215,10102610,12,94721.498958106807549,11,27,16,18.500000000000000,5.708181263181237,222.000000000000000,8,11,20,16
5216,10102612,11,86828.040711597903282,5,28,23,15.818181818181818,7.246543775774412,174.000000000000000,10,21,5,14
5217,10102614,4,31573.832986035602516,9,14,5,11.250000000000000,1.785357107135713,45.000000000000000,3,11,9,11
5218,10102616,36,284164.496874320437200,3,30,27,15.250000000000000,6.917670609870541,549.000000000000000,18,7,3,14
5219,10102618,8,63147.665972071205033,5,20,15,11.750000000000000,5.092887196865840,94.000000000000000,5,5,18,10
5220,10102620,3,23680.374739526701887,6,9,3,7.333333333333333,1.247219128924650,22.000000000000000,3,6,6,7
5221,10102622,8,63147.665972071205033,6,29,23,12.750000000000000,7.725768570181222,102.000000000000000,6,8,6,8
5222,10102624,4,31573.832986035602516,4,20,16,12.750000000000000,6.219927652312364,51.000000000000000,4,4,4,10
5223,10102626,21,165762.623176686902298,2,28,26,12.476190476190476,6.253525083000693,262.000000000000000,16,10,2,12
5224,10102628,7,55254.207725562300766,1,7,6,3.285714285714286,1.829464067837957,23.000000000000000,5,2,1,3
5225,10102630,5,39467.291232544506784,1,37,36,16.800000000000001,14.161920773680384,84.000000000000000,5,1,1,16
5226,10102632,5,39467.291232544506784,1,5,4,3.000000000000000,1.264911064067352,15.000000000000000,3,3,1,3
5227,10102634,1,7893.458246508900629,1,1,0,1.000000000000000,0.000000000000000,1.000000000000000,1,1,1,1
5228,10102636,4,31573.832986035602516,15,31,16,23.500000000000000,5.678908345800274,94.000000000000000,3,24,15,24
5229,10102638,14,110508.415451124601532,5,23,18,13.928571428571429,5.119490567768379,195.000000000000000,11,17,5,14
5230,10102640,25,197336.456162722519366,1,15,14,7.200000000000000,3.498571136907180,180.000000000000000,11,7,3,7
5231,10102642,18,142082.248437160218600,3,36,33,15.444444444444445,9.990118574661787,278.000000000000000,13,13,3,13
5232,10102644,34,268377.580381302628666,1,24,23,10.588235294117647,4.621673029509499,360.000000000000000,17,11,1,11
5233,10102646,15,118401.873697633505799,15,29,14,21.266666666666666,4.106363625182532,319.000000000000000,8,16,15,22
5234,10102648,41,323631.788106864900328,2,41,39,17.292682926829269,10.005471435947541,709.000000000000000,24,8,4,17
5235,10102650,14,110508.415451124601532,12,35,23,22.071428571428573,6.605887911707310,309.000000000000000,11,22,12,22
5236,10102652,18,142082.248437160218600,2,26,24,8.666666666666666,6.855654600401044,156.000000000000000,11,3,2,7
5237,10102654,2,15786.916493017801258,2,4,2,3.000000000000000,1.000000000000000,6.000000000000000,2,2,2,2
5238,10102656,18,142082.248437160218600,3,22,19,12.611111111111111,4.335113594422090,227.000000000000000,13,14,3,13
5239,10102658,24,189442.997916213615099,1,27,26,12.250000000000000,7.573253373991039,294.000000000000000,13,9,1,9
5240,10102660,2,15786.916493017801258,2,3,1,2.500000000000000,0.500000000000000,5.000000000000000,2,2,2,2
5241,10102662,12,94721.498958106807549,1,22,21,7.833333333333333,6.568020165079344,94.000000000000000,10,1,4,6
5242,10102664,34,268377.580381302628666,5,31,26,16.411764705882351,6.704334186614894,558.000000000000000,19,9,14,16
5243,10102666,13,102614.957204615711817,7,39,32,20.307692307692307,9.285096539696253,264.000000000000000,9,11,7,22
5244,10102668,8,63147.665972071205033,6,17,11,12.000000000000000,3.708099243547831,96.000000000000000,6,9,6,11
5245,10102670,20,157869.164930178027134,11,35,24,21.500000000000000,8.145550932871268,430.000000000000000,15,35,11,19
5246,10102672,3,23680.374739526701887,1,5,4,3.666666666666667,1.885618083164127,11.000000000000000,2,5,1,5
5247,10102674,4,31573.832986035602516,3,39,36,13.250000000000000,14.905955185763842,53.000000000000000,4,3,3,5
5248,10102676,24,189442.997916213615099,3,24,21,9.541666666666666,4.864661401943157,229.000000000000000,12,8,10,8
5249,10102678,11,86828.040711597903282,9,29,20,18.727272727272727,5.706310845990989,206.000000000000000,10,22,9,19
5250,10102680,5,39467.291232544506784,4,18,14,10.600000000000000,5.122499389946280,53.000000000000000,4,8,4,8
5251,10102682,13,102614.957204615711817,8,44,36,22.230769230769230,11.287527808323160,289.000000000000000,11,9,8,19
5252,10102684,14,110508.415451124601532,2,29,27,14.071428571428571,7.601355947783130,197.000000000000000,10,16,2,16
5253,10102686,10,78934.582465089013567,2,15,13,7.200000000000000,4.019950248448357,72.000000000000000,8,2,3,6
5254,10102688,3,23680.374739526701887,8,21,13,14.333333333333334,5.312459150169741,43.000000000000000,3,8,8,14
5255,10102690,15,118401.873697633505799,2,17,15,10.199999999999999,5.381449618829484,153.000000000000000,10,3,2,12
5256,10102692,17,134188.790190651314333,4,37,33,17.705882352941178,8.896560511081550,301.000000000000000,10,10,9,18
5257,10102694,26,205229.914409231423633,2,32,30,12.692307692307692,7.649883009508813,330.000000000000000,17,13,5,12
5258,10102696,4,31573.832986035602516,1,5,4,2.250000000000000,1.639359631075500,9.000000000000000,3,1,2,1
5259,10102698,9,71041.124218580109300,3,12,9,6.777777777777778,2.698879511442471,61.000000000000000,8,6,3,6
5260,10102700,13,102614.957204615711817,3,32,29,21.692307692307693,8.022896229250719,282.000000000000000,10,23,3,23
5261,10102702,8,63147.665972071205033,1,9,8,3.500000000000000,2.291287847477920,28.000000000000000,5,2,1,3
5262,10102704,11,86828.040711597903282,1,19,18,10.909090909090908,4.440608997025388,120.000000000000000,8,9,1,10
5263,10102706,27,213123.372655740327900,3,24,21,14.555555555555555,6.154392188500547,393.000000000000000,17,15,3,15
5264,10102708,18,142082.248437160218600,1,13,12,6.222222222222222,3.675074535231384,112.000000000000000,10,5,2,5
5265,10102710,4,31573.832986035602516,3,13,10,8.000000000000000,3.605551275463989,32.000000000000000,4,3,3,7
5266,10102712,17,134188.790190651314333,13,36,23,21.764705882352942,5.896453687596079,370.000000000000000,12,18,13,20
5267,10102714,13,102614.957204615711817,8,22,14,13.769230769230770,5.010049073210395,179.000000000000000,6,9,8,12
5268,10102716,16,126295.331944142410066,2,14,12,5.500000000000000,3.082207001484488,88.000000000000000,9,3,2,4
5269,10102718,29,228910.289148758107331,3,28,25,12.758620689655173,4.931637291343011,370.000000000000000,15,11,3,12
5270,10102720,25,197336.456162722519366,1,16,15,7.720000000000000,4.331466264442100,193.000000000000000,13,3,1,8
5271,10102722,13,102614.957204615711817,4,32,28,14.230769230769230,9.365680772445799,185.000000000000000,11,6,4,11
5272,10102724,14,110508.415451124601532,1,20,19,11.357142857142858,6.893134709437279,159.000000000000000,12,3,1,11
5273,10102726,12,94721.498958106807549,3,18,15,8.333333333333334,4.552166761249221,100.000000000000000,9,4,3,6
5274,10102728,9,71041.124218580109300,8,28,20,18.333333333333332,6.000000000000000,165.000000000000000,8,19,8,19
5275,10102730,23,181549.539669704710832,6,37,31,17.260869565217391,8.925865644559407,397.000000000000000,16,7,6,15
5276,10102732,1,7893.458246508900629,2,2,0,2.000000000000000,0.000000000000000,2.000000000000000,1,2,2,2
5277,10102734,2,15786.916493017801258,8,14,6,11.000000000000000,3.000000000000000,22.000000000000000,2,8,8,8
5278,10102736,2,15786.916493017801258,6,7,1,6.500000000000000,0.500000000000000,13.000000000000000,2,6,6,6
5279,10102738,3,23680.374739526701887,9,9,0,9.000000000000000,0.000000000000000,27.000000000000000,1,9,9,9
5280,10102740,9,71041.124218580109300,7,20,13,15.000000000000000,3.829708431025352,135.000000000000000,9,7,7,15
5281,10102742,12,94721.498958106807549,4,20,16,11.833333333333334,3.954603505901556,142.000000000000000,9,11,4,12
5282,10102744,27,213123.372655740327900,1,21,20,9.296296296296296,4.790537082816303,251.000000000000000,13,4,1,10
5283,10102758,14,110508.415451124601532,1,53,52,23.428571428571427,20.300296569664358,328.000000000000000,11,9,1,9
5284,10102760,10,78934.582465089013567,6,43,37,26.300000000000001,14.050266901379487,263.000000000000000,9,43,6,21
5285,10102762,45,355205.621092900517397,2,27,25,12.000000000000000,6.798692684790380,540.000000000000000,23,6,2,10
5286,10102764,47,370992.537585918325931,1,22,21,8.191489361702128,5.549154805769745,385.000000000000000,19,4,6,7
5287,10102766,12,94721.498958106807549,4,31,27,14.166666666666666,9.813539400010354,170.000000000000000,9,9,5,9
5288,10102768,19,149975.706683669122867,5,37,32,17.736842105263158,10.166208760104064,337.000000000000000,14,16,5,16
5289,10102770,3,23680.374739526701887,1,9,8,4.333333333333333,3.399346342395190,13.000000000000000,3,1,1,3
5290,10102772,53,418353.287064971751533,1,28,27,10.867924528301886,6.979857099280722,576.000000000000000,24,2,12,9
5291,10102774,44,347312.162846391613130,1,13,12,6.181818181818182,3.199948346690553,272.000000000000000,13,2,12,6
5292,10102776,19,149975.706683669122867,3,15,12,7.368421052631579,3.936476200276875,140.000000000000000,10,3,7,6
5293,10102778,42,331525.246353373804595,1,23,22,10.095238095238095,5.272613537396728,424.000000000000000,19,7,1,9
5294,10102780,26,205229.914409231423633,3,31,28,13.307692307692308,8.356339052890560,346.000000000000000,16,4,6,12
5295,10102782,36,284164.496874320437200,1,20,19,7.472222222222222,4.381058415440974,269.000000000000000,15,7,2,7
5296,10102784,31,244697.205641775915865,1,33,32,9.741935483870968,6.495495918068467,302.000000000000000,17,14,2,9
5297,10102786,26,205229.914409231423633,1,14,13,5.346153846153846,3.699712126974910,139.000000000000000,11,2,8,4
5298,10102788,23,181549.539669704710832,3,25,22,10.782608695652174,6.185231511178940,248.000000000000000,13,5,6,10
5299,10102790,24,189442.997916213615099,3,21,18,12.666666666666666,5.128894184476374,304.000000000000000,14,7,3,13
5300,10102792,14,110508.415451124601532,2,20,18,11.428571428571429,5.122977450583173,160.000000000000000,10,11,2,11
5301,10102794,22,173656.081423195806565,2,21,19,8.954545454545455,5.226482153655490,197.000000000000000,14,3,2,8
5302,10102796,20,157869.164930178027134,1,9,8,3.800000000000000,2.481934729198171,76.000000000000000,8,2,4,3
5303,10102798,57,449927.120051007310394,1,27,26,7.333333333333333,5.355218256345807,418.000000000000000,16,7,13,7
5304,10102800,38,299951.413367338245735,1,28,27,12.578947368421053,6.892526765109891,478.000000000000000,20,7,1,11
5305,10102802,9,71041.124218580109300,1,10,9,5.222222222222222,2.439388711122239,47.000000000000000,6,4,1,5
5306,10102804,48,378885.995832427230198,1,29,28,15.041666666666666,8.531701504128915,722.000000000000000,24,21,2,16
5307,10102806,25,197336.456162722519366,1,21,20,9.160000000000000,5.869787048948199,229.000000000000000,13,8,1,8
5308,10102808,40,315738.329860356054269,3,23,20,12.875000000000000,5.496305577385595,515.000000000000000,18,15,3,13
5309,10102810,35,276271.038627811532933,1,19,18,7.428571428571429,4.244564351098030,260.000000000000000,14,5,2,7
5310,10102812,31,244697.205641775915865,1,29,28,14.419354838709678,7.991019933886218,447.000000000000000,21,11,2,13
5311,10102814,38,299951.413367338245735,1,31,30,12.552631578947368,7.758517792590936,477.000000000000000,20,7,2,10
5312,10102816,9,71041.124218580109300,13,24,11,17.000000000000000,3.681787005729087,153.000000000000000,7,14,13,16
5313,10102818,19,149975.706683669122867,1,16,15,7.842105263157895,4.579854719538336,149.000000000000000,11,5,1,5
5314,10102820,9,71041.124218580109300,5,16,11,11.888888888888889,3.142696805273545,107.000000000000000,6,11,5,12
5315,10102822,19,149975.706683669122867,1,24,23,7.842105263157895,5.498929636466938,149.000000000000000,10,6,4,6
5316,10102824,23,181549.539669704710832,1,28,27,9.173913043478262,7.050452800217212,211.000000000000000,14,6,1,6
5317,10102826,7,55254.207725562300766,9,32,23,20.857142857142858,7.119963311072634,146.000000000000000,7,9,9,21
5318,10102828,51,402566.370571953942999,1,37,36,12.392156862745098,9.573407677709612,632.000000000000000,28,5,1,9
5319,10102830,35,276271.038627811532933,1,17,16,8.457142857142857,4.765008512316529,296.000000000000000,15,5,7,8
5320,10102832,28,221016.830902249203064,1,23,22,10.892857142857142,5.978170322779643,305.000000000000000,13,8,7,9
5321,10102834,35,276271.038627811532933,1,54,53,15.857142857142858,13.420970493209193,555.000000000000000,20,9,4,11
5322,10102836,86,678837.409199765417725,1,33,32,9.441860465116280,6.380574901492284,812.000000000000000,22,7,14,8
5323,10102838,9,71041.124218580109300,2,26,24,14.111111111111111,8.464887535440404,127.000000000000000,9,2,2,12
5324,10102840,17,134188.790190651314333,5,34,29,19.941176470588236,8.177951622109537,339.000000000000000,12,20,5,20
5325,10102842,34,268377.580381302628666,1,14,13,6.941176470588236,3.701678287659358,236.000000000000000,13,5,6,5
5326,10102844,25,197336.456162722519366,3,37,34,13.440000000000000,7.854069009118776,336.000000000000000,15,8,3,13
5327,10102846,15,118401.873697633505799,2,21,19,10.266666666666667,5.495048275998633,154.000000000000000,10,8,4,11
5328,10102848,1,7893.458246508900629,8,8,0,8.000000000000000,0.000000000000000,8.000000000000000,1,8,8,8
5329,10102850,23,181549.539669704710832,1,26,25,12.391304347826088,6.260567625569498,285.000000000000000,15,11,1,12
5330,10102852,37,292057.955120829341467,1,27,26,7.675675675675675,6.742579721458186,284.000000000000000,15,3,6,5
5331,10102854,18,142082.248437160218600,2,18,16,10.555555555555555,4.704870079942252,190.000000000000000,12,5,2,10
5332,10102856,33,260484.122134793724399,2,38,36,20.303030303030305,9.433932463525188,670.000000000000000,15,18,2,18
5333,10102858,8,63147.665972071205033,4,24,20,13.750000000000000,8.212033852828421,110.000000000000000,6,4,7,11
5334,10102860,13,102614.957204615711817,18,44,26,27.769230769230770,6.658180002579195,361.000000000000000,10,21,18,26
5335,10102862,23,181549.539669704710832,3,28,25,13.043478260869565,6.510715320812134,300.000000000000000,16,8,6,11
5336,10102864,48,378885.995832427230198,2,38,36,16.104166666666668,9.760122060655229,773.000000000000000,24,7,2,12
5337,10102866,11,86828.040711597903282,3,27,24,13.636363636363637,8.605206957235804,150.000000000000000,7,3,15,11
5338,10102868,7,55254.207725562300766,6,28,22,15.000000000000000,7.708992893275452,105.000000000000000,6,15,6,15
5339,10102870,38,299951.413367338245735,2,37,35,16.184210526315791,9.130213761139423,615.000000000000000,24,10,2,13
5340,10102872,3,23680.374739526701887,29,43,14,35.333333333333336,5.792715732327585,106.000000000000000,3,29,29,34
5341,10102874,5,39467.291232544506784,11,49,38,36.200000000000003,13.847743498491003,181.000000000000000,5,11,11,43
5342,10102876,81,639370.117967220954597,1,48,47,14.123456790123457,9.974514086434414,1144.000000000000000,34,4,2,11
5343,10102878,14,110508.415451124601532,3,31,28,12.214285714285714,8.134394098329562,171.000000000000000,13,8,3,9
5344,10102880,36,284164.496874320437200,3,48,45,19.638888888888889,11.963260373553359,707.000000000000000,23,19,5,19
5345,10102882,43,339418.704599882708862,1,28,27,13.790697674418604,6.808196631540215,593.000000000000000,20,19,3,13
5346,10102884,32,252590.663888284820132,2,23,21,8.562500000000000,5.225762504171042,274.000000000000000,14,3,7,9
5347,10102886,29,228910.289148758107331,4,38,34,19.103448275862068,8.848708565762996,554.000000000000000,18,12,4,17
5348,10102888,41,323631.788106864900328,2,24,22,11.658536585365853,5.144780713511988,478.000000000000000,19,9,2,10
5349,10102890,30,236803.747395267011598,2,40,38,9.866666666666667,10.812749675986934,296.000000000000000,15,2,10,4
5350,10102892,19,149975.706683669122867,8,30,22,17.157894736842106,5.498929636466936,326.000000000000000,14,11,8,17
5351,10102894,22,173656.081423195806565,5,34,29,16.909090909090910,8.278719108814153,372.000000000000000,16,21,6,15
5352,10102896,92,726198.158678818843327,1,38,37,11.206521739130435,8.809009769496944,1031.000000000000000,30,7,11,8
5353,10102898,30,236803.747395267011598,4,36,32,19.566666666666666,9.621792394813395,587.000000000000000,21,10,4,20
5354,10102900,40,315738.329860356054269,1,35,34,10.324999999999999,7.827475646720340,413.000000000000000,19,5,1,7
5355,10102902,25,197336.456162722519366,2,31,29,15.400000000000000,7.944809626416482,385.000000000000000,20,21,2,16
5356,10102904,20,157869.164930178027134,2,19,17,7.000000000000000,4.024922359499621,140.000000000000000,11,4,3,5
5357,10102906,26,205229.914409231423633,3,18,15,9.961538461538462,4.433099013546317,259.000000000000000,13,6,3,9
5358,10102908,31,244697.205641775915865,4,24,20,14.806451612903226,5.607709870311960,459.000000000000000,15,10,4,15
5359,10102910,11,86828.040711597903282,1,10,9,4.181818181818182,2.690663379445226,46.000000000000000,6,2,1,4
5360,10102912,50,394672.912325445038732,2,47,45,22.199999999999999,11.189280584559492,1110.000000000000000,30,6,2,21
5361,10102916,19,149975.706683669122867,2,12,10,6.052631578947368,2.742908257009555,115.000000000000000,10,5,2,5
5362,10102918,5,39467.291232544506784,2,9,7,6.600000000000000,2.497999199359360,33.000000000000000,4,8,2,8
5363,10102920,22,173656.081423195806565,1,19,18,4.500000000000000,4.335372480589706,99.000000000000000,7,3,15,3
5364,10102922,1,7893.458246508900629,4,4,0,4.000000000000000,0.000000000000000,4.000000000000000,1,4,4,4
5365,10102924,4,31573.832986035602516,1,20,19,11.500000000000000,8.200609733428363,46.000000000000000,4,1,1,6
5366,10102926,1,7893.458246508900629,10,10,0,10.000000000000000,0.000000000000000,10.000000000000000,1,10,10,10
5367,10102928,13,102614.957204615711817,1,23,22,8.076923076923077,6.988579017682389,105.000000000000000,8,4,2,4
5368,10102930,14,110508.415451124601532,4,43,39,25.928571428571427,11.341858538266155,363.000000000000000,14,4,4,24
5369,10102932,6,47360.749479053403775,1,12,11,6.666666666666667,3.726779962499649,40.000000000000000,6,1,1,5
5370,10102934,14,110508.415451124601532,3,37,34,16.642857142857142,10.103798033110003,233.000000000000000,8,18,16,17
5371,10102936,3,23680.374739526701887,13,32,19,24.666666666666668,8.339997335464533,74.000000000000000,3,13,13,29
5372,10102938,4,31573.832986035602516,1,23,22,15.000000000000000,8.803408430829505,60.000000000000000,4,1,1,14
5373,10102940,4,31573.832986035602516,2,22,20,10.750000000000000,8.166241485530538,43.000000000000000,4,2,2,4
5374,10102942,8,63147.665972071205033,5,13,8,8.250000000000000,2.436698586202241,66.000000000000000,6,6,5,8
5375,10102944,4,31573.832986035602516,4,13,9,8.750000000000000,3.491060010942235,35.000000000000000,4,4,4,7
5376,10102946,4,31573.832986035602516,3,14,11,8.250000000000000,4.437059837324712,33.000000000000000,4,3,3,5
5377,10102948,5,39467.291232544506784,12,18,6,15.800000000000001,2.399999999999998,79.000000000000000,4,18,12,17
5378,10102950,30,236803.747395267011598,3,37,34,19.699999999999999,10.526632889960590,591.000000000000000,21,8,3,16
5379,10102952,1,7893.458246508900629,4,4,0,4.000000000000000,0.000000000000000,4.000000000000000,1,4,4,4
5380,10103630,2,15786.916493017801258,3,5,2,4.000000000000000,1.000000000000000,8.000000000000000,2,3,3,3
5381,10103632,9,71041.124218580109300,13,41,28,25.666666666666668,7.055336829505575,231.000000000000000,7,27,13,27
5382,10103634,2,15786.916493017801258,24,24,0,24.000000000000000,0.000000000000000,48.000000000000000,1,24,24,24
5383,10103636,2,15786.916493017801258,28,32,4,30.000000000000000,2.000000000000000,60.000000000000000,2,28,28,28
5384,10103638,3,23680.374739526701887,14,35,21,24.333333333333332,8.576453553512406,73.000000000000000,3,14,14,24
5385,10103642,4,31573.832986035602516,10,15,5,11.750000000000000,1.920286436967152,47.000000000000000,3,11,10,11
5386,10103644,4,31573.832986035602516,9,11,2,10.500000000000000,0.866025403784439,42.000000000000000,2,11,9,11
5387,10103646,5,39467.291232544506784,18,38,20,25.000000000000000,6.899275324264136,125.000000000000000,5,18,18,23
5388,10103648,4,31573.832986035602516,24,33,9,27.500000000000000,3.500000000000000,110.000000000000000,4,24,24,25
5389,10103650,5,39467.291232544506784,1,7,6,3.400000000000000,2.059126028197400,17.000000000000000,5,1,1,3
5390,10103652,7,55254.207725562300766,8,28,20,19.285714285714285,6.226998490772392,135.000000000000000,6,21,8,21
5391,10103654,4,31573.832986035602516,1,12,11,5.750000000000000,4.023369234857770,23.000000000000000,4,1,1,4
5392,10103656,3,23680.374739526701887,4,14,10,9.666666666666666,4.189935029992179,29.000000000000000,3,4,4,11
5393,10103658,1,7893.458246508900629,28,28,0,28.000000000000000,0.000000000000000,28.000000000000000,1,28,28,28
5394,10103660,7,55254.207725562300766,1,23,22,9.571428571428571,9.162924406185473,67.000000000000000,5,1,14,3
5395,10103662,11,86828.040711597903282,8,25,17,17.000000000000000,5.688904671695279,187.000000000000000,8,12,8,17
5396,10103664,10,78934.582465089013567,1,28,27,15.100000000000000,8.203048213926333,151.000000000000000,7,11,1,11
5397,10103666,24,189442.997916213615099,1,32,31,10.875000000000000,7.731496728749658,261.000000000000000,17,3,1,11
5398,10103668,22,173656.081423195806565,3,28,25,16.545454545454547,7.655819371428107,364.000000000000000,16,11,3,14
5399,10103670,22,173656.081423195806565,1,33,32,12.818181818181818,8.026299745418543,282.000000000000000,14,17,5,14
5400,10103672,13,102614.957204615711817,5,14,9,8.923076923076923,2.758526319544786,116.000000000000000,7,6,5,10
5401,10103674,12,94721.498958106807549,8,24,16,15.500000000000000,4.609772228646444,186.000000000000000,10,17,8,16
5402,10103676,11,86828.040711597903282,9,34,25,21.272727272727273,7.123468372421720,234.000000000000000,9,19,9,24
5403,10103678,8,63147.665972071205033,2,30,28,16.375000000000000,9.848064530657789,131.000000000000000,6,9,2,13
5404,10103680,8,63147.665972071205033,1,24,23,12.875000000000000,7.183966522750506,103.000000000000000,7,17,1,12
5405,10103682,20,157869.164930178027134,2,25,23,12.050000000000001,6.681878478392135,241.000000000000000,12,3,2,10
5406,10103684,6,47360.749479053403775,21,36,15,28.166666666666668,4.669641908707295,169.000000000000000,5,26,21,26
5407,10103686,7,55254.207725562300766,6,15,9,10.142857142857142,3.313546715640916,71.000000000000000,5,9,6,9
5408,10103688,20,157869.164930178027134,2,63,61,28.199999999999999,16.014368548275641,564.000000000000000,16,35,2,33
5409,10103690,13,102614.957204615711817,2,24,22,8.461538461538462,7.479360159957993,110.000000000000000,10,2,3,6
5410,10103692,31,244697.205641775915865,5,23,18,12.000000000000000,5.494865638675506,372.000000000000000,15,10,6,10
5411,10103694,6,47360.749479053403775,1,19,18,10.000000000000000,6.733003292241386,60.000000000000000,5,19,1,7
5412,10103696,15,118401.873697633505799,8,35,27,18.333333333333332,9.016035098028896,275.000000000000000,10,12,9,16
5413,10103698,21,165762.623176686902298,3,15,12,9.047619047619047,3.618420998383404,190.000000000000000,9,8,5,9
5414,10103700,3,23680.374739526701887,24,26,2,25.333333333333332,0.942809041582077,76.000000000000000,2,26,24,26
5415,10103702,13,102614.957204615711817,9,32,23,20.384615384615383,6.639490962166184,265.000000000000000,8,24,9,19
5416,10103704,23,181549.539669704710832,2,39,37,14.304347826086957,10.633968471094617,329.000000000000000,15,6,5,10
5417,10103706,15,118401.873697633505799,3,32,29,17.466666666666665,7.561892767172927,262.000000000000000,12,16,3,16
5418,10103708,17,134188.790190651314333,8,41,33,23.470588235294116,8.562006685205789,399.000000000000000,13,15,8,25
5419,10103710,47,370992.537585918325931,1,23,22,11.063829787234043,5.075616534478365,520.000000000000000,20,13,1,12
5420,10103712,30,236803.747395267011598,3,21,18,10.433333333333334,5.302096021595820,313.000000000000000,14,6,5,8
5421,10103714,4,31573.832986035602516,13,28,15,20.250000000000000,5.356071321407137,81.000000000000000,4,13,13,19
5422,10103716,13,102614.957204615711817,6,22,16,15.461538461538462,3.953876084891197,201.000000000000000,7,14,6,14
5423,10103718,11,86828.040711597903282,1,28,27,14.000000000000000,7.298816840606927,154.000000000000000,9,9,1,12
5424,10103720,34,268377.580381302628666,1,26,25,10.558823529411764,5.902099210154400,359.000000000000000,17,7,3,9
5425,10103722,8,63147.665972071205033,1,26,25,15.375000000000000,7.614747205259016,123.000000000000000,7,19,1,18
5426,10103724,23,181549.539669704710832,5,29,24,16.000000000000000,6.606979182125783,368.000000000000000,14,15,5,15
5427,10103726,14,110508.415451124601532,4,32,28,14.571428571428571,7.687785169756407,204.000000000000000,10,4,8,15
5428,10103728,8,63147.665972071205033,6,25,19,13.875000000000000,6.697714162309407,111.000000000000000,7,8,6,9
5429,10103730,64,505181.327776569640264,1,53,52,19.578125000000000,12.709254363823828,1253.000000000000000,31,11,1,16
5430,10103732,5,39467.291232544506784,3,31,28,14.199999999999999,9.453041838477180,71.000000000000000,5,3,3,14
5431,10103734,21,165762.623176686902298,5,32,27,18.476190476190474,6.601724504999383,388.000000000000000,15,16,5,17
5432,10103736,20,157869.164930178027134,3,30,27,19.399999999999999,6.777905281132218,388.000000000000000,14,24,3,21
5433,10103738,7,55254.207725562300766,5,22,17,11.285714285714286,4.919764387920731,79.000000000000000,6,9,5,10
5434,10103740,14,110508.415451124601532,2,31,29,13.500000000000000,10.048098611890993,189.000000000000000,9,22,4,9
5435,10103742,6,47360.749479053403775,16,31,15,22.000000000000000,4.725815626252608,132.000000000000000,5,22,16,22
5436,10103744,3,23680.374739526701887,2,10,8,4.666666666666667,3.771236166328253,14.000000000000000,2,2,10,2
5437,10103746,22,173656.081423195806565,4,27,23,12.363636363636363,5.431770635014420,272.000000000000000,12,9,4,10
5438,10103748,18,142082.248437160218600,8,38,30,19.055555555555557,7.641060297441435,343.000000000000000,11,17,8,17
5439,10103750,24,189442.997916213615099,6,27,21,12.666666666666666,6.269414291268010,304.000000000000000,12,6,7,10
5440,10103752,4,31573.832986035602516,6,12,6,10.250000000000000,2.487468592766550,41.000000000000000,3,12,6,11
5441,10103754,21,165762.623176686902298,4,48,44,21.142857142857142,13.600720269042178,444.000000000000000,17,6,4,17
5442,10103756,2,15786.916493017801258,6,13,7,9.500000000000000,3.500000000000000,19.000000000000000,2,6,6,6
5443,10103758,19,149975.706683669122867,2,35,33,18.736842105263158,10.166208760104064,356.000000000000000,16,12,2,16
5444,10103760,19,149975.706683669122867,8,29,21,17.105263157894736,5.910692691101668,325.000000000000000,14,12,8,16
5445,10103762,27,213123.372655740327900,6,23,17,13.592592592592593,4.786239993822253,367.000000000000000,14,11,10,13
5446,10103764,22,173656.081423195806565,3,34,31,15.818181818181818,8.353749096480103,348.000000000000000,16,12,3,12
5447,10103766,2,15786.916493017801258,6,8,2,7.000000000000000,1.000000000000000,14.000000000000000,2,6,6,6
5448,10103768,22,173656.081423195806565,3,22,19,13.181818181818182,5.314100998427449,290.000000000000000,15,12,3,12
5449,10103770,18,142082.248437160218600,1,20,19,12.500000000000000,5.479760740924532,225.000000000000000,12,6,1,11
5450,10103772,4,31573.832986035602516,6,22,16,13.000000000000000,5.916079783099616,52.000000000000000,4,6,6,10
5451,10103776,27,213123.372655740327900,3,30,27,16.111111111111111,9.294894390384169,435.000000000000000,16,28,5,16
5452,10103778,18,142082.248437160218600,4,33,29,14.222222222222221,6.654618743195132,256.000000000000000,13,6,4,13
5453,10103780,19,149975.706683669122867,6,22,16,14.578947368421053,5.040006155736468,277.000000000000000,11,6,8,17
5454,10103782,31,244697.205641775915865,2,32,30,11.774193548387096,7.494986183978121,365.000000000000000,16,8,2,9
5455,10103784,21,165762.623176686902298,4,30,26,18.761904761904763,6.739399167120675,394.000000000000000,15,19,4,19
5456,10103786,3,23680.374739526701887,31,36,5,33.333333333333336,2.054804667656313,100.000000000000000,3,31,31,33
5457,10103788,19,149975.706683669122867,5,50,45,21.894736842105264,12.764649939917767,416.000000000000000,12,18,5,18
5458,10103790,23,181549.539669704710832,3,38,35,12.217391304347826,7.138118871298933,281.000000000000000,11,11,6,11
5459,10103792,15,118401.873697633505799,8,22,14,14.066666666666666,5.144144459696114,211.000000000000000,9,8,11,12
5460,10103794,7,55254.207725562300766,9,46,37,32.142857142857146,12.205719636167899,225.000000000000000,7,9,9,34
5461,10103796,15,118401.873697633505799,6,20,14,12.466666666666667,4.544104850120524,187.000000000000000,10,8,6,11
5462,10103798,3,23680.374739526701887,33,44,11,38.666666666666664,4.496912521077358,116.000000000000000,3,33,33,39
5463,10103800,24,189442.997916213615099,4,21,17,10.791666666666666,4.716806535028641,259.000000000000000,12,7,4,11
5464,10103802,17,134188.790190651314333,1,48,47,17.588235294117649,13.266759981820162,299.000000000000000,14,30,4,15
5465,10103804,21,165762.623176686902298,5,35,30,15.476190476190476,9.544976477902857,325.000000000000000,14,7,5,13
5466,10103806,2,15786.916493017801258,13,34,21,23.500000000000000,10.500000000000000,47.000000000000000,2,13,13,13
5467,10103808,15,118401.873697633505799,7,41,34,21.000000000000000,11.425118526008093,315.000000000000000,13,7,8,22
5468,10103810,3,23680.374739526701887,6,17,11,11.000000000000000,4.546060565661952,33.000000000000000,3,6,6,10
5469,10103812,5,39467.291232544506784,3,36,33,18.600000000000001,11.909659944767524,93.000000000000000,5,3,3,18
5470,10103814,7,55254.207725562300766,7,36,29,20.857142857142858,11.319118736880172,146.000000000000000,6,11,7,17
5471,10103816,22,173656.081423195806565,1,26,25,12.772727272727273,6.059791611942219,281.000000000000000,12,12,1,12
5472,10103818,2,15786.916493017801258,6,18,12,12.000000000000000,6.000000000000000,24.000000000000000,2,6,6,6
5473,10103820,38,299951.413367338245735,2,38,36,14.736842105263158,8.119775115262595,560.000000000000000,22,16,2,14
5474,10103882,21,165762.623176686902298,2,35,33,22.857142857142858,7.579959255360488,480.000000000000000,14,22,2,22
5475,10103884,27,213123.372655740327900,4,15,11,9.222222222222221,3.392075004994168,249.000000000000000,11,7,6,9
5476,10103886,15,118401.873697633505799,1,47,46,21.399999999999999,13.440238093129155,321.000000000000000,12,9,1,20
5477,10103888,32,252590.663888284820132,4,24,20,14.031250000000000,5.211072196534990,449.000000000000000,16,8,4,13
5478,10103890,34,268377.580381302628666,5,39,34,15.794117647058824,9.183679295245661,537.000000000000000,20,13,5,13
5479,10103892,33,260484.122134793724399,1,29,28,10.787878787878787,6.776776635028280,356.000000000000000,20,7,1,9
5480,10103894,51,402566.370571953942999,1,34,33,15.235294117647058,8.936789429412091,777.000000000000000,27,8,1,14
5481,10103904,6,47360.749479053403775,3,16,13,7.333333333333333,4.678556282539400,44.000000000000000,5,4,3,4
5482,10103906,14,110508.415451124601532,4,36,32,20.357142857142858,12.539122450823051,285.000000000000000,11,7,4,14
5483,10103908,24,189442.997916213615099,2,29,27,8.541666666666666,7.926638456636093,205.000000000000000,12,2,5,5
5484,10103910,3,23680.374739526701887,7,10,3,8.000000000000000,1.414213562373095,24.000000000000000,2,7,10,7
5485,10103914,7,55254.207725562300766,4,15,11,8.571428571428571,4.467570220317683,60.000000000000000,4,5,4,5
5486,10103916,10,78934.582465089013567,6,45,39,24.899999999999999,14.895972610071491,249.000000000000000,9,10,6,16
5487,10103918,29,228910.289148758107331,1,58,57,21.758620689655171,13.374332525823339,631.000000000000000,21,8,1,21
5488,10103922,16,126295.331944142410066,2,16,14,9.562500000000000,3.904624661859319,153.000000000000000,8,11,2,10
5489,10103926,10,78934.582465089013567,3,26,23,15.199999999999999,7.096477999684068,152.000000000000000,8,11,3,17
5490,10103928,35,276271.038627811532933,2,49,47,19.971428571428572,12.559539832984589,699.000000000000000,22,9,2,17
5491,10103930,3,23680.374739526701887,2,18,16,12.000000000000000,7.118052168020874,36.000000000000000,3,2,2,16
5492,10103934,1,7893.458246508900629,7,7,0,7.000000000000000,0.000000000000000,7.000000000000000,1,7,7,7
5493,10103936,14,110508.415451124601532,6,41,35,17.571428571428573,11.133695867656407,246.000000000000000,12,6,10,13
5494,10103938,3,23680.374739526701887,9,43,34,28.666666666666668,14.383632673594276,86.000000000000000,3,9,9,34
5495,10103940,7,55254.207725562300766,2,22,20,11.571428571428571,7.228063223242010,81.000000000000000,7,2,2,15
5496,10103942,5,39467.291232544506784,5,15,10,9.800000000000001,3.544009029333869,49.000000000000000,5,5,5,10
5497,10103950,7,55254.207725562300766,2,34,32,16.714285714285715,12.138654734998857,117.000000000000000,7,2,2,12
5498,10103952,1,7893.458246508900629,8,8,0,8.000000000000000,0.000000000000000,8.000000000000000,1,8,8,8
5499,10103954,4,31573.832986035602516,3,19,16,10.250000000000000,6.533567172685990,41.000000000000000,4,3,3,5
5500,10103956,21,165762.623176686902298,3,25,22,13.000000000000000,5.944184833375670,273.000000000000000,14,16,3,13
5501,10103960,1,7893.458246508900629,24,24,0,24.000000000000000,0.000000000000000,24.000000000000000,1,24,24,24
5502,10103962,1,7893.458246508900629,17,17,0,17.000000000000000,0.000000000000000,17.000000000000000,1,17,17,17
5503,10103964,1,7893.458246508900629,17,17,0,17.000000000000000,0.000000000000000,17.000000000000000,1,17,17,17
5504,10103968,9,71041.124218580109300,8,33,25,14.888888888888889,7.324910988377560,134.000000000000000,7,11,8,11
5505,10103972,1,7893.458246508900629,39,39,0,39.000000000000000,0.000000000000000,39.000000000000000,1,39,39,39
5506,10103980,15,118401.873697633505799,4,33,29,14.333333333333334,8.186710097604665,215.000000000000000,12,11,4,11
5507,10103982,6,47360.749479053403775,3,15,12,8.500000000000000,3.640054944640259,51.000000000000000,5,7,3,7
5508,10103984,1,7893.458246508900629,37,37,0,37.000000000000000,0.000000000000000,37.000000000000000,1,37,37,37
5509,10105032,46,363099.079339409421664,1,52,51,14.130434782608695,10.674245102423695,650.000000000000000,23,1,6,14
5510,166157658,18,142082.248437160218600,1,12,11,5.722222222222222,3.428727583157660,103.000000000000000,10,2,1,6
5511,166157661,8,63147.665972071205033,3,14,11,8.000000000000000,3.872983346207417,64.000000000000000,6,7,3,7
5512,166157663,15,118401.873697633505799,1,17,16,6.333333333333333,4.221637386396684,95.000000000000000,9,1,8,5
5513,166157666,31,244697.205641775915865,1,23,22,7.225806451612903,6.509098730632350,224.000000000000000,15,3,6,5
5514,166157667,12,94721.498958106807549,6,24,18,10.833333333333334,5.145116346811043,130.000000000000000,9,6,8,9
5515,166157669,11,86828.040711597903282,1,12,11,3.454545454545455,2.995864918778924,38.000000000000000,5,3,6,3
5516,166157672,10,78934.582465089013567,1,11,10,4.800000000000000,3.544009029333870,48.000000000000000,8,1,3,3
5517,166157675,11,86828.040711597903282,4,24,20,10.545454545454545,6.169774363984419,116.000000000000000,8,4,6,9
5518,166157676,8,63147.665972071205033,5,11,6,7.125000000000000,1.763341997458236,57.000000000000000,4,7,8,7
5519,166157678,20,157869.164930178027134,1,12,11,6.000000000000000,2.915475947422650,120.000000000000000,9,6,5,6
5520,166157680,5,39467.291232544506784,3,14,11,9.600000000000000,5.003998401278722,48.000000000000000,4,14,3,13
5521,166157683,9,71041.124218580109300,4,13,9,9.000000000000000,3.771236166328253,81.000000000000000,4,12,8,12
5522,166157685,17,134188.790190651314333,2,17,15,8.352941176470589,5.086790002147872,142.000000000000000,10,3,4,9
5523,166157687,21,165762.623176686902298,1,17,16,7.095238095238095,4.829519959431657,149.000000000000000,11,2,1,6
5524,166157690,22,173656.081423195806565,1,24,23,6.500000000000000,6.213987155091035,143.000000000000000,10,4,1,4
5525,166157693,6,47360.749479053403775,2,21,19,14.166666666666666,6.890008869531465,85.000000000000000,6,2,2,16
5526,166157695,14,110508.415451124601532,2,22,20,9.000000000000000,6.469709642413858,126.000000000000000,12,3,2,6
5527,166157698,15,118401.873697633505799,5,24,19,10.600000000000000,6.019966777316966,159.000000000000000,11,5,7,8
5528,166157700,16,126295.331944142410066,3,21,18,9.062500000000000,5.782178979415978,145.000000000000000,11,3,4,7
5529,166157702,19,149975.706683669122867,5,32,27,16.473684210526315,7.336774144516474,313.000000000000000,14,7,5,17
5530,166157704,11,86828.040711597903282,4,21,17,11.818181818181818,5.457574916292230,130.000000000000000,9,9,4,9
5531,166157706,16,126295.331944142410066,4,22,18,12.000000000000000,5.159941860137573,192.000000000000000,11,7,4,11
5532,166157708,11,86828.040711597903282,6,38,32,22.454545454545453,10.899237974727962,247.000000000000000,9,11,6,22
5533,166157710,27,213123.372655740327900,1,21,20,9.518518518518519,6.465695060859847,257.000000000000000,18,3,5,9
5534,166157712,9,71041.124218580109300,7,15,8,11.555555555555555,2.629368792488717,104.000000000000000,6,14,7,11
5535,166157714,23,181549.539669704710832,2,26,24,13.086956521739131,7.879047853964726,301.000000000000000,13,3,2,15
5536,166157716,3,23680.374739526701887,2,5,3,3.000000000000000,1.414213562373095,9.000000000000000,2,2,5,2
5537,166157718,4,31573.832986035602516,2,3,1,2.500000000000000,0.500000000000000,10.000000000000000,2,2,2,2
5538,166157720,10,78934.582465089013567,2,26,24,10.400000000000000,8.593020423576334,104.000000000000000,8,2,6,6
5539,166157723,28,221016.830902249203064,1,31,30,7.392857142857143,7.446664093568944,207.000000000000000,12,2,6,5
5540,166157724,13,102614.957204615711817,1,6,5,2.538461538461538,1.737167660097879,33.000000000000000,5,1,2,2
5541,166157726,28,221016.830902249203064,2,28,26,12.500000000000000,7.743661002025187,350.000000000000000,17,5,6,11
5542,166157728,28,221016.830902249203064,5,32,27,17.214285714285715,7.626818953334262,482.000000000000000,18,8,5,15
5543,166157730,7,55254.207725562300766,1,6,5,3.142857142857143,1.958758457257441,22.000000000000000,4,1,2,3
5544,166157732,14,110508.415451124601532,2,31,29,10.357142857142858,9.816947029478758,145.000000000000000,11,2,4,5
5545,166157734,22,173656.081423195806565,4,23,19,9.681818181818182,5.413672620289246,213.000000000000000,11,8,4,8
5546,166157736,16,126295.331944142410066,2,15,13,6.125000000000000,3.603383826349893,98.000000000000000,10,6,4,6
5547,166157738,20,157869.164930178027134,2,19,17,8.550000000000001,4.631144566951025,171.000000000000000,14,5,2,7
5548,166157739,53,418353.287064971751533,1,29,28,9.905660377358490,7.230084294358150,525.000000000000000,20,5,15,8
5549,166157740,12,94721.498958106807549,1,24,23,12.083333333333334,7.443770699196893,145.000000000000000,10,13,1,11
5550,166157741,5,39467.291232544506784,1,18,17,8.600000000000000,5.885575587824865,43.000000000000000,5,1,1,7
5551,166157742,24,189442.997916213615099,1,19,18,9.541666666666666,4.591470050236877,229.000000000000000,14,5,1,10
5552,166157743,18,142082.248437160218600,1,17,16,4.388888888888889,4.001928547433778,79.000000000000000,8,2,3,2
5553,166157744,13,102614.957204615711817,6,23,17,12.461538461538462,4.533896008705039,162.000000000000000,9,6,10,12
5554,166157745,33,260484.122134793724399,2,24,22,10.606060606060606,6.203319707242752,350.000000000000000,16,2,18,10
5555,166157746,39,307844.871613847150002,1,12,11,5.230769230769231,2.485460680215925,204.000000000000000,10,5,12,5
5556,166157747,35,276271.038627811532933,1,18,17,5.485714285714286,2.882176048667084,192.000000000000000,10,4,1,5
5557,166157748,10,78934.582465089013567,1,9,8,6.200000000000000,2.135415650406261,62.000000000000000,6,5,1,6
5558,166157749,8,63147.665972071205033,1,15,14,7.125000000000000,4.567206476611277,57.000000000000000,6,1,5,7
5559,166157751,7,55254.207725562300766,2,13,11,6.857142857142857,4.672979209656036,48.000000000000000,5,2,6,6
5560,166157752,16,126295.331944142410066,1,9,8,2.562500000000000,2.178553132241672,41.000000000000000,6,1,4,1
5561,166157753,26,205229.914409231423633,1,13,12,4.961538461538462,3.044298191585368,129.000000000000000,9,3,1,4
5562,166157754,28,221016.830902249203064,1,16,15,4.392857142857143,4.328801266882468,123.000000000000000,10,1,6,2
5563,166157755,31,244697.205641775915865,4,18,14,9.677419354838710,4.394917128465222,300.000000000000000,13,6,15,8
5564,166157756,33,260484.122134793724399,2,13,11,6.121212121212121,3.012676005245229,202.000000000000000,10,6,11,6
5565,166157757,8,63147.665972071205033,1,13,12,5.500000000000000,3.391164991562634,44.000000000000000,6,5,1,5
5566,166157758,10,78934.582465089013567,1,15,14,8.199999999999999,4.915282290977803,82.000000000000000,7,5,1,5
5567,166157759,21,165762.623176686902298,3,18,15,8.714285714285714,5.183700251685059,183.000000000000000,10,4,5,6
5568,166157760,13,102614.957204615711817,1,6,5,3.461538461538462,1.646225735310207,45.000000000000000,6,3,1,3
5569,166157761,2,15786.916493017801258,1,2,1,1.500000000000000,0.500000000000000,3.000000000000000,2,1,1,1
5570,166157762,3,23680.374739526701887,1,2,1,1.666666666666667,0.471404520791031,5.000000000000000,2,2,1,2
5571,166157763,14,110508.415451124601532,3,22,19,9.857142857142858,5.514359733033936,138.000000000000000,9,7,3,8
5572,166157764,15,118401.873697633505799,1,11,10,3.200000000000000,3.506185011281254,48.000000000000000,5,1,3,2
5573,166157765,5,39467.291232544506784,1,4,3,2.400000000000000,1.200000000000000,12.000000000000000,3,1,4,3
5574,166157766,21,165762.623176686902298,2,13,11,6.619047619047619,2.951612803297473,139.000000000000000,11,8,10,7
5575,166157767,13,102614.957204615711817,1,25,24,6.384615384615385,7.661476675685374,83.000000000000000,7,2,1,3
5576,166157768,17,134188.790190651314333,1,8,7,2.470588235294118,2.032606181549529,42.000000000000000,7,1,3,2
5577,166157769,7,55254.207725562300766,4,27,23,12.571428571428571,8.909980645435816,88.000000000000000,5,5,4,11
5578,166157770,6,47360.749479053403775,1,3,2,2.000000000000000,0.577350269189626,12.000000000000000,3,2,1,2
5579,166157771,21,165762.623176686902298,1,6,5,3.238095238095238,1.411003084764672,68.000000000000000,6,2,1,3
5580,166157772,39,307844.871613847150002,1,14,13,3.743589743589744,2.843958497280469,146.000000000000000,10,2,6,3
5581,166157773,71,560435.535502131911926,1,30,29,9.267605633802816,6.645887739382551,658.000000000000000,22,3,18,7
5582,166157774,31,244697.205641775915865,1,25,24,10.290322580645162,6.840078986466677,319.000000000000000,16,11,1,8
5583,166157775,25,197336.456162722519366,1,10,9,5.120000000000000,2.970791140420343,128.000000000000000,10,2,4,5
5584,166157776,72,568328.993748640874401,1,25,24,6.138888888888889,4.998070615401828,442.000000000000000,17,5,11,5
5585,166157777,28,221016.830902249203064,1,20,19,6.392857142857143,4.988123650333901,179.000000000000000,12,2,11,4
5586,166161612,6,47360.749479053403775,1,2,1,1.500000000000000,0.500000000000000,9.000000000000000,2,1,1,1
5587,166161613,3,23680.374739526701887,2,14,12,6.666666666666667,5.249338582674540,20.000000000000000,3,2,2,4
5588,166161614,49,386779.454078936134465,3,39,36,19.857142857142858,9.113793090135189,973.000000000000000,25,26,4,21
5589,166161615,7,55254.207725562300766,5,19,14,12.714285714285714,4.742340763627954,89.000000000000000,7,5,5,14
5590,166161616,76,599902.826734676491469,1,29,28,9.250000000000000,6.247367866802619,703.000000000000000,20,5,29,8
5591,166161617,8,63147.665972071205033,7,22,15,13.125000000000000,4.399928976699511,105.000000000000000,5,10,7,12
5592,166161618,7,55254.207725562300766,15,25,10,20.571428571428573,3.811904018321802,144.000000000000000,6,25,15,20
5593,166161619,17,134188.790190651314333,2,15,13,7.529411764705882,3.599307891947849,128.000000000000000,9,5,2,8
5594,166161620,15,118401.873697633505799,1,13,12,5.600000000000000,3.382306905057553,84.000000000000000,9,1,2,6
5595,166161621,16,126295.331944142410066,1,21,20,9.812500000000000,5.603779416608045,157.000000000000000,13,16,1,8
5596,166161622,1,7893.458246508900629,3,3,0,3.000000000000000,0.000000000000000,3.000000000000000,1,3,3,3
5597,166161623,6,47360.749479053403775,3,11,8,7.500000000000000,3.041381265149110,45.000000000000000,5,11,3,6
5598,166161624,24,189442.997916213615099,2,26,24,14.750000000000000,7.048936089935842,354.000000000000000,17,24,2,14
5599,166161625,15,118401.873697633505799,6,18,12,12.466666666666667,4.047495796442809,187.000000000000000,9,17,9,13
5600,166174493,5,39467.291232544506784,7,26,19,14.000000000000000,7.014271166700073,70.000000000000000,4,7,14,14
5601,166174494,19,149975.706683669122867,2,26,24,10.263157894736842,7.084765755984773,195.000000000000000,13,4,2,7
5602,166174495,4,31573.832986035602516,14,34,20,20.500000000000000,8.170067319184096,82.000000000000000,3,14,20,14
5603,166174528,10,78934.582465089013567,7,21,14,11.500000000000000,3.853569773599538,115.000000000000000,7,9,7,11
5604,166174529,9,71041.124218580109300,1,10,9,3.888888888888889,2.884612219054926,35.000000000000000,6,2,1,3
5605,166174530,9,71041.124218580109300,1,17,16,5.444444444444445,5.187830013301668,49.000000000000000,7,1,2,3
5606,166174531,7,55254.207725562300766,5,12,7,7.714285714285714,2.762725657973388,54.000000000000000,4,6,5,6
5607,166174532,5,39467.291232544506784,8,17,9,12.000000000000000,3.521363372331802,60.000000000000000,4,8,13,13
5608,166174533,9,71041.124218580109300,1,37,36,11.333333333333334,9.809292646374775,102.000000000000000,7,7,1,9
5609,166174534,7,55254.207725562300766,6,29,23,15.714285714285714,7.185586479976739,110.000000000000000,6,19,6,17
5610,166174535,3,23680.374739526701887,5,17,12,10.333333333333334,4.988876515698587,31.000000000000000,3,5,5,9
5611,166174536,3,23680.374739526701887,1,5,4,3.666666666666667,1.885618083164127,11.000000000000000,2,5,1,5
5612,166174537,13,102614.957204615711817,2,27,25,12.846153846153847,7.367769246429956,167.000000000000000,12,7,2,12
5613,166174538,22,173656.081423195806565,4,22,18,9.954545454545455,4.685347301838251,219.000000000000000,14,6,5,9
5614,166174539,15,118401.873697633505799,1,22,21,8.866666666666667,6.810449487531805,133.000000000000000,12,3,1,6
5615,166174540,20,157869.164930178027134,2,15,13,7.650000000000000,4.486368241685026,153.000000000000000,10,3,6,7
5616,166174541,24,189442.997916213615099,2,22,20,10.625000000000000,4.617110387821947,255.000000000000000,12,7,2,9
5617,166174542,20,157869.164930178027134,1,24,23,12.100000000000000,6.204030947698440,242.000000000000000,14,5,1,12
5618,166174543,16,126295.331944142410066,2,27,25,10.312500000000000,6.798150024087436,165.000000000000000,11,5,2,7
5619,166174544,38,299951.413367338245735,1,24,23,10.473684210526315,5.383878674755547,398.000000000000000,17,8,6,10
5620,166174545,9,71041.124218580109300,1,28,27,12.111111111111111,11.249142628509215,109.000000000000000,6,2,1,5
5621,166174546,24,189442.997916213615099,2,30,28,13.875000000000000,8.491723912139395,333.000000000000000,17,6,5,10
5622,166174550,15,118401.873697633505799,1,19,18,9.666666666666666,5.120763831912407,145.000000000000000,10,4,1,9
5623,166174551,21,165762.623176686902298,4,19,15,10.904761904761905,4.849199854514654,229.000000000000000,12,4,6,10
5624,166174552,10,78934.582465089013567,6,14,8,10.300000000000001,2.865309756378879,103.000000000000000,5,10,6,10
5625,166174553,4,31573.832986035602516,5,18,13,9.000000000000000,5.244044240850758,36.000000000000000,4,5,5,6
5626,166174554,32,252590.663888284820132,1,31,30,11.125000000000000,9.130135541162574,356.000000000000000,16,3,1,9
5627,166174555,18,142082.248437160218600,5,24,19,15.055555555555555,4.352167049263086,271.000000000000000,11,13,5,14
5628,166174556,4,31573.832986035602516,1,5,4,3.250000000000000,1.785357107135713,13.000000000000000,3,5,1,2
5629,166174557,7,55254.207725562300766,3,12,9,7.000000000000000,3.505098327538656,49.000000000000000,4,3,5,7
5630,166174558,7,55254.207725562300766,1,13,12,7.428571428571429,4.655477353371521,52.000000000000000,5,3,1,9
5631,166443362,3,23680.374739526701887,17,51,34,28.666666666666668,15.797327481430379,86.000000000000000,3,17,17,18
5632,166443365,9,71041.124218580109300,3,22,19,10.000000000000000,6.394442031083626,90.000000000000000,8,3,4,10
5633,166443366,1,7893.458246508900629,6,6,0,6.000000000000000,0.000000000000000,6.000000000000000,1,6,6,6