OBJECTID,FEATURE,COUNT,AREA,MIN,MAX,RANGE,MEAN,STD,SUM,VARIETY,MAJORITY,MINORITY,MEDIAN
1,4570503,5,39462.001391307538142,5,8,3,6.000000000000000,1.264911064067352,30.000000000000000,3,5,7,5
2,4570505,26,205202.407234799204161,1,20,19,6.423076923076923,4.756963130491140,167.000000000000000,12,5,1,5
3,4570507,33,260449.209182629769202,1,21,20,9.151515151515152,5.045977768848156,302.000000000000000,15,5,1,9
4,4570509,17,134170.804730445641326,1,9,8,5.235294117647059,2.532829428424822,89.000000000000000,8,6,2,6
5,4570513,41,323588.411408721818589,1,31,30,8.073170731707316,7.912294366464281,331.000000000000000,19,1,7,5
6,4570515,8,63139.202226092063938,2,12,10,5.000000000000000,3.122498999199199,40.000000000000000,6,2,3,4
7,4570517,32,252556.808904368255753,1,26,25,8.156250000000000,6.031735731735932,261.000000000000000,16,2,1,6
8,4570519,44,347265.612243506358936,1,17,16,7.136363636363637,4.480213616512808,314.000000000000000,16,3,10,6
9,4570521,41,323588.411408721818589,1,20,19,7.487804878048781,6.141112758543596,307.000000000000000,16,3,7,5
10,4570523,7,55246.801947830557765,2,23,21,9.000000000000000,7.578164119928482,63.000000000000000,5,2,12,4
11,4570525,30,236772.008347845228855,1,19,18,7.866666666666666,4.951318567367238,236.000000000000000,14,4,1,7
12,4570527,48,378835.213356552412733,1,20,19,8.312500000000000,3.974692074027035,399.000000000000000,14,5,9,8
13,4570529,31,244664.408626106742304,1,25,24,10.354838709677420,6.141074756712690,321.000000000000000,16,4,1,9
14,4570531,40,315696.011130460305139,1,16,15,5.950000000000000,3.521008378291650,238.000000000000000,13,3,2,5
15,4570533,98,773455.227269627735950,1,29,28,8.734693877551020,7.214711473162522,856.000000000000000,25,4,1,5
16,4570535,38,299911.210573937278241,2,16,14,6.473684210526316,3.193223434130002,246.000000000000000,12,5,11,5
17,4570537,27,213094.807513060717611,2,22,20,11.037037037037036,5.607412300012544,298.000000000000000,18,11,2,11
18,4570539,60,473544.016695690457709,1,21,20,9.333333333333334,5.418076739541029,560.000000000000000,20,7,1,8
19,4570541,29,228879.608069583744509,1,18,17,6.965517241379310,4.972217701427843,202.000000000000000,13,2,1,5
20,4570543,35,276234.009739152796101,1,31,30,8.828571428571429,6.830543648247351,309.000000000000000,18,3,1,6
21,4570545,1,7892.400278261507992,3,3,0,3.000000000000000,0.000000000000000,3.000000000000000,1,3,3,3
22,4570547,10,78924.002782615076285,2,21,19,8.500000000000000,5.818075283115543,85.000000000000000,8,3,2,7
23,4570549,48,378835.213356552412733,2,28,26,9.041666666666666,6.231500398958683,434.000000000000000,19,3,12,7
24,4570551,18,142063.205008707154775,5,16,11,10.055555555555555,3.357780719169240,181.000000000000000,10,8,6,9
25,4570553,19,149955.605286968639120,1,19,18,8.631578947368421,5.362742094309879,164.000000000000000,12,2,1,10
26,4570555,27,213094.807513060717611,1,27,26,11.296296296296296,7.526815345519101,305.000000000000000,16,9,5,9
27,4570557,52,410404.814469598408323,1,23,22,6.576923076923077,4.663055097276536,342.000000000000000,16,4,1,5
28,4570559,43,339373.211965244845487,1,15,14,7.023255813953488,3.920657112063381,302.000000000000000,13,6,1,6
29,4570561,13,102601.203617399602081,3,11,8,7.000000000000000,2.511511956509924,91.000000000000000,8,4,3,7
30,4570563,25,197310.006956537690712,3,22,19,9.000000000000000,4.335896677735760,225.000000000000000,12,12,9,8
31,4570565,6,47354.401669569051592,9,17,8,12.166666666666666,2.852873794770616,73.000000000000000,5,9,11,11
32,4570567,15,118386.004173922614427,2,22,20,10.666666666666666,6.225396015962002,160.000000000000000,10,14,4,11
33,4570569,42,331480.811686983332038,1,24,23,10.976190476190476,6.591799000193872,461.000000000000000,19,9,2,9
34,4570571,34,268341.609460891282652,1,30,29,11.676470588235293,8.137497043408857,397.000000000000000,20,4,1,8
35,4570573,16,126278.404452184127877,1,9,8,5.187500000000000,2.242173889331512,83.000000000000000,9,5,1,5
36,4570575,53,418297.214747859921772,1,18,17,8.094339622641510,3.977598360172271,429.000000000000000,16,6,1,8
37,4570579,13,102601.203617399602081,1,35,34,10.769230769230770,10.562297580427980,140.000000000000000,11,1,2,7
38,4570581,8,63139.202226092063938,1,8,7,4.625000000000000,2.057759704144291,37.000000000000000,6,4,1,4
39,4570583,37,292018.810295675822999,1,20,19,5.432432432432432,4.670439186134487,201.000000000000000,14,1,4,5
40,4570585,18,142063.205008707154775,1,25,24,9.055555555555555,6.769804052820160,163.000000000000000,14,5,1,6
41,4570587,17,134170.804730445641326,6,12,6,9.235294117647058,2.129054243629868,157.000000000000000,7,12,6,9
42,4570589,41,323588.411408721818589,1,33,32,10.219512195121951,8.394284336269767,419.000000000000000,19,4,6,8
43,4570591,32,252556.808904368255753,3,28,25,13.000000000000000,7.163274390947201,416.000000000000000,18,9,3,12
44,4570593,8,63139.202226092063938,2,14,12,8.875000000000000,3.854785986277319,71.000000000000000,6,9,2,9
45,4570595,11,86816.403060876589734,3,28,25,17.454545454545453,8.574418998219343,192.000000000000000,9,16,3,16
46,4570597,32,252556.808904368255753,1,26,25,9.312500000000000,6.287077520597308,298.000000000000000,18,4,5,8
47,4570599,8,63139.202226092063938,6,38,32,19.125000000000000,9.333240326917549,153.000000000000000,7,17,6,17
48,4570601,9,71031.602504353577388,4,14,10,6.666666666666667,2.788866755113585,60.000000000000000,5,6,4,6
49,4570603,16,126278.404452184127877,2,13,11,6.562500000000000,3.656650619077519,105.000000000000000,8,5,3,5
50,4570653,19,149955.605286968639120,1,46,45,13.842105263157896,11.654062575567176,263.000000000000000,15,2,1,14
51,4570655,57,449866.815860905975569,1,32,31,9.070175438596491,8.328475038111680,517.000000000000000,21,2,10,6
52,4570657,35,276234.009739152796101,1,15,14,6.885714285714286,3.852801789951445,241.000000000000000,12,4,13,6
53,4570659,50,394620.013913075381424,1,13,12,4.860000000000000,3.085514543799786,243.000000000000000,12,2,13,4
54,4570661,40,315696.011130460305139,1,19,18,7.125000000000000,5.666513478321568,285.000000000000000,15,2,5,4
55,4570663,59,465651.616417428944260,1,15,14,6.050847457627119,3.406990464849922,357.000000000000000,13,2,1,6
56,4570665,24,189417.606678276206367,1,8,7,4.208333333333333,2.120911098770736,101.000000000000000,8,5,4,5
57,4570667,30,236772.008347845228855,1,13,12,4.733333333333333,2.976948474902148,142.000000000000000,10,5,10,4
58,4570669,10,78924.002782615076285,1,5,4,2.300000000000000,1.187434208703792,23.000000000000000,4,1,5,2
59,4570671,65,513006.018086998024955,1,15,14,5.923076923076923,3.535784940848211,385.000000000000000,15,5,12,5
60,4570673,34,268341.609460891282652,1,13,12,3.941176470588236,3.143070589974717,134.000000000000000,10,2,6,2
61,4570675,28,220987.207791322231060,1,22,21,8.678571428571429,6.979836118770837,243.000000000000000,15,1,10,6
62,4570677,22,173632.806121753179468,1,32,31,10.954545454545455,7.660271017797980,241.000000000000000,16,2,1,10
63,4570679,5,39462.001391307538142,3,8,5,4.600000000000000,1.854723699099141,23.000000000000000,4,3,4,4
64,4570681,3,23677.200834784525796,2,5,3,3.000000000000000,1.414213562373095,9.000000000000000,2,2,5,2
65,4570683,3,23677.200834784525796,1,3,2,2.000000000000000,0.816496580927726,6.000000000000000,3,1,1,2
66,4570685,4,31569.601113046031969,1,14,13,6.750000000000000,4.866980583482946,27.000000000000000,4,1,1,4
67,4570687,8,63139.202226092063938,2,8,6,5.750000000000000,1.639359631075500,46.000000000000000,5,6,2,6
68,4570689,4,31569.601113046031969,1,25,24,13.000000000000000,11.510864433221338,52.000000000000000,4,1,1,2
69,4570691,23,181525.206400014692917,4,31,27,14.695652173913043,8.169054985570721,338.000000000000000,15,24,5,14
70,4571069,21,165740.405843491666019,3,29,26,17.904761904761905,8.337549953614968,376.000000000000000,17,18,3,20
71,4571071,2,15784.800556523015985,12,20,8,16.000000000000000,4.000000000000000,32.000000000000000,2,12,12,12
72,4571073,8,63139.202226092063938,10,23,13,15.875000000000000,4.539754949333719,127.000000000000000,7,11,10,16
73,4571075,4,31569.601113046031969,3,8,5,5.250000000000000,2.277608394786075,21.000000000000000,3,3,7,3
74,4571077,22,173632.806121753179468,2,29,27,14.409090909090908,7.802441872487980,317.000000000000000,14,14,2,15
75,4571079,3,23677.200834784525796,2,6,4,3.333333333333333,1.885618083164126,10.000000000000000,2,2,6,2
76,4571081,9,71031.602504353577388,2,23,21,12.666666666666666,7.731609003162134,114.000000000000000,8,21,2,13
77,4571083,27,213094.807513060717611,1,14,13,4.666666666666667,3.751542892474252,126.000000000000000,10,1,4,3
78,4571085,33,260449.209182629769202,2,21,19,7.212121212121212,3.763924255811936,238.000000000000000,11,5,2,6
79,4571087,28,220987.207791322231060,2,16,14,10.142857142857142,3.259209870442811,284.000000000000000,12,8,2,10
80,4571089,41,323588.411408721818589,1,26,25,8.195121951219512,6.356174306483122,336.000000000000000,17,4,9,6
81,4571091,38,299911.210573937278241,1,31,30,11.131578947368421,7.030651136392848,423.000000000000000,20,8,1,8
82,4571093,37,292018.810295675822999,1,18,17,7.783783783783784,4.067904269084971,288.000000000000000,15,5,1,6
83,4571095,4,31569.601113046031969,4,13,9,7.750000000000000,3.561951712193752,31.000000000000000,4,4,4,5
84,4571097,28,220987.207791322231060,1,20,19,7.785714285714286,4.370004436554979,218.000000000000000,13,8,1,7
85,4571099,17,134170.804730445641326,1,19,18,9.411764705882353,4.653383633309671,160.000000000000000,13,5,1,9
86,4571101,24,189417.606678276206367,1,21,20,7.833333333333333,4.938510796676352,188.000000000000000,13,7,1,7
87,4571103,55,434082.015304382948671,1,26,25,10.109090909090909,6.414961850018289,556.000000000000000,21,3,1,9
88,4571105,11,86816.403060876589734,1,8,7,3.818181818181818,2.622219109428356,42.000000000000000,6,2,4,2
89,4571107,4,31569.601113046031969,2,8,6,5.000000000000000,2.236067977499790,20.000000000000000,4,2,2,4
90,4571109,13,102601.203617399602081,3,26,23,10.076923076923077,6.195054335907964,131.000000000000000,11,3,5,9
91,4571111,19,149955.605286968639120,3,19,16,10.894736842105264,4.529374731357929,207.000000000000000,12,7,3,10
92,4571113,49,386727.613634813867975,3,18,15,10.510204081632653,4.310037875583338,515.000000000000000,16,16,6,11
93,4571115,26,205202.407234799204161,1,25,24,7.769230769230769,7.116112228909678,202.000000000000000,13,4,1,4
94,4571117,24,189417.606678276206367,3,14,11,8.666666666666666,2.995366792601906,208.000000000000000,10,9,3,9
95,4571119,34,268341.609460891282652,5,20,15,11.088235294117647,3.883355485529185,377.000000000000000,13,8,10,11
96,4571121,10,78924.002782615076285,2,20,18,10.900000000000000,6.624952830020753,109.000000000000000,7,2,4,10
97,4571123,46,363050.412800029385835,1,17,16,7.630434782608695,4.350705568226706,351.000000000000000,17,9,3,7
98,4571125,22,173632.806121753179468,5,28,23,16.545454545454547,7.463409364281378,364.000000000000000,15,20,5,15
99,4571127,1,7892.400278261507992,13,13,0,13.000000000000000,0.000000000000000,13.000000000000000,1,13,13,13
100,4571129,46,363050.412800029385835,2,26,24,11.782608695652174,5.793223340504651,542.000000000000000,21,5,2,11
101,4571131,51,402512.414191336894874,1,29,28,7.823529411764706,5.802994096535776,399.000000000000000,16,4,15,6
102,4571133,19,149955.605286968639120,1,12,11,7.631578947368421,3.527493911603377,145.000000000000000,10,11,1,8
103,4571135,6,47354.401669569051592,1,4,3,2.166666666666667,1.067187372905475,13.000000000000000,4,1,3,2
104,4571137,2,15784.800556523015985,1,1,0,1.000000000000000,0.000000000000000,2.000000000000000,1,1,1,1
105,4571139,31,244664.408626106742304,1,26,25,6.516129032258065,6.685907025792703,202.000000000000000,13,2,4,3
106,4571141,7,55246.801947830557765,2,21,19,9.857142857142858,5.514359733033936,69.000000000000000,6,11,2,10
107,4571143,51,402512.414191336894874,2,20,18,9.921568627450981,5.102260695620578,506.000000000000000,17,12,9,11
108,4571145,6,47354.401669569051592,4,9,5,6.333333333333333,1.699673171197595,38.000000000000000,5,6,4,6
109,4571147,13,102601.203617399602081,4,30,26,17.384615384615383,9.152876483870745,226.000000000000000,9,8,4,21
110,4571149,15,118386.004173922614427,1,16,15,6.600000000000000,4.348179695765421,99.000000000000000,9,4,1,5
111,4571151,22,173632.806121753179468,2,15,13,7.227272727272728,3.044097390955130,159.000000000000000,11,6,2,7
112,4571153,3,23677.200834784525796,2,32,30,12.666666666666666,13.695092389449425,38.000000000000000,3,2,2,4
113,4571155,24,189417.606678276206367,1,31,30,11.375000000000000,7.116954521891135,273.000000000000000,12,5,1,9
114,4571157,37,292018.810295675822999,3,25,22,9.324324324324325,5.322334653616211,345.000000000000000,16,7,4,8
115,4571159,32,252556.808904368255753,1,20,19,7.937500000000000,4.046120827409879,254.000000000000000,13,5,13,8
116,4571161,10,78924.002782615076285,5,12,7,7.600000000000000,2.576819745345025,76.000000000000000,5,6,10,6
117,4571165,38,299911.210573937278241,1,16,15,6.026315789473684,3.587161626112762,229.000000000000000,14,5,11,5
118,4571167,19,149955.605286968639120,2,14,12,7.684210526315789,3.179748940419624,146.000000000000000,11,6,2,8
119,4571189,16,126278.404452184127877,5,31,26,15.500000000000000,6.717514421272202,248.000000000000000,12,14,5,14
120,4571191,31,244664.408626106742304,1,28,27,5.258064516129032,5.028741533941917,163.000000000000000,11,4,6,4
121,4571193,2,15784.800556523015985,2,4,2,3.000000000000000,1.000000000000000,6.000000000000000,2,2,2,2
122,4571195,2,15784.800556523015985,5,9,4,7.000000000000000,2.000000000000000,14.000000000000000,2,5,5,5
123,4571197,4,31569.601113046031969,2,9,7,4.750000000000000,2.680951323690902,19.000000000000000,4,2,2,3
124,4571199,13,102601.203617399602081,2,16,14,6.384615384615385,4.048522266751005,83.000000000000000,7,7,2,5
125,4571201,7,55246.801947830557765,5,17,12,11.428571428571429,4.655477353371520,80.000000000000000,4,5,10,13
126,4571203,15,118386.004173922614427,1,11,10,6.800000000000000,2.970970660687625,102.000000000000000,8,7,3,7
127,4571205,7,55246.801947830557765,4,22,18,10.571428571428571,7.128557114214085,74.000000000000000,6,4,6,8
128,4571687,9,71031.602504353577388,9,21,12,14.444444444444445,5.251689910265099,130.000000000000000,6,9,11,11
129,4571689,12,94708.803339138103183,7,27,20,12.000000000000000,6.069047152011041,144.000000000000000,8,7,10,10
130,4571697,3,23677.200834784525796,5,13,8,8.666666666666666,3.299831645537223,26.000000000000000,3,5,5,8
131,4571699,5,39462.001391307538142,7,22,15,11.000000000000000,5.692099788303083,55.000000000000000,4,7,8,8
132,4571703,38,299911.210573937278241,1,21,20,8.263157894736842,4.993069989739547,314.000000000000000,16,4,2,6
133,4571705,45,355158.012521767872386,1,19,18,8.822222222222223,4.605739843518394,397.000000000000000,18,2,1,9
134,4571709,45,355158.012521767872386,2,25,23,9.111111111111111,5.498372374206035,410.000000000000000,16,6,9,8
135,4571713,2,15784.800556523015985,3,3,0,3.000000000000000,0.000000000000000,6.000000000000000,1,3,3,3
136,4571715,2,15784.800556523015985,1,3,2,2.000000000000000,1.000000000000000,4.000000000000000,2,1,1,1
137,4571719,79,623499.621982659096830,1,24,23,7.278481012658228,5.031386825605837,575.000000000000000,20,4,14,6
138,4571723,28,220987.207791322231060,2,33,31,8.892857142857142,6.559286142094851,249.000000000000000,14,5,6,7
139,4571725,60,473544.016695690457709,1,19,18,6.666666666666667,4.260933648339945,400.000000000000000,16,7,10,7
140,4571727,8,63139.202226092063938,1,15,14,5.625000000000000,4.470388685561916,45.000000000000000,7,1,3,4
141,4571729,23,181525.206400014692917,2,25,23,13.434782608695652,7.856462789413354,309.000000000000000,14,2,3,15
142,4571733,21,165740.405843491666019,1,11,10,5.000000000000000,2.845213189769458,105.000000000000000,9,2,1,5
143,4571735,3,23677.200834784525796,7,12,5,9.666666666666666,2.054804667656327,29.000000000000000,3,7,7,10
144,4571737,10,78924.002782615076285,3,20,17,9.100000000000000,5.008991914547277,91.000000000000000,9,8,3,8
145,4571801,19,149955.605286968639120,1,14,13,7.789473684210527,3.833082411796447,148.000000000000000,11,7,1,7
146,4571811,33,260449.209182629769202,1,30,29,16.454545454545453,9.862973026151929,543.000000000000000,18,1,4,19
147,4571813,12,94708.803339138103183,1,22,21,9.500000000000000,6.639528095680697,114.000000000000000,10,1,3,8
148,4571815,3,23677.200834784525796,14,25,11,18.666666666666668,4.642796092394700,56.000000000000000,3,14,14,17
149,4572267,1,7892.400278261507992,6,6,0,6.000000000000000,0.000000000000000,6.000000000000000,1,6,6,6
150,4572269,13,102601.203617399602081,2,19,17,10.846153846153847,6.431247681870301,141.000000000000000,8,4,2,11
151,4572273,25,197310.006956537690712,1,13,12,5.560000000000000,2.815386296762845,139.000000000000000,11,6,2,6
152,4572275,25,197310.006956537690712,2,13,11,7.240000000000000,3.203498088028148,181.000000000000000,12,3,2,7
153,4572277,54,426189.615026121435221,1,13,12,6.240740740740740,3.156035870243892,337.000000000000000,13,4,13,5
154,4572279,23,181525.206400014692917,1,10,9,5.347826086956522,2.442534244380546,123.000000000000000,9,4,2,5
155,4572281,54,426189.615026121435221,1,24,23,8.518518518518519,6.130496749677404,460.000000000000000,17,7,18,7
156,4572283,46,363050.412800029385835,1,27,26,10.369565217391305,6.411127200803080,477.000000000000000,20,6,1,9
157,4572285,13,102601.203617399602081,2,14,12,6.923076923076923,3.338851448340108,90.000000000000000,9,6,2,6
158,4572287,6,47354.401669569051592,5,15,10,9.166666666666666,3.131382371342657,55.000000000000000,4,8,5,8
159,4572289,11,86816.403060876589734,3,18,15,9.181818181818182,5.059970927300271,101.000000000000000,9,6,3,7
160,4572291,19,149955.605286968639120,3,19,16,10.947368421052632,4.211184159136318,208.000000000000000,10,11,10,11
161,4572293,4,31569.601113046031969,3,15,12,6.750000000000000,4.918078893226500,27.000000000000000,3,3,6,3
162,4572295,25,197310.006956537690712,2,16,14,8.279999999999999,3.810721716420658,207.000000000000000,13,6,10,8
163,4572297,19,149955.605286968639120,2,14,12,8.157894736842104,3.013358991220977,155.000000000000000,10,7,2,8
164,4572299,20,157848.005565230152570,1,12,11,6.600000000000000,2.922327839240492,132.000000000000000,10,5,1,6
165,4572301,38,299911.210573937278241,1,26,25,9.421052631578947,6.835016570831830,358.000000000000000,19,1,4,9
166,4572303,5,39462.001391307538142,2,5,3,3.800000000000000,1.166190378969060,19.000000000000000,4,5,2,4
167,4572307,57,449866.815860905975569,1,20,19,9.228070175438596,5.445157332992347,526.000000000000000,20,5,1,8
168,4572309,28,220987.207791322231060,1,40,39,13.392857142857142,10.107773831894672,375.000000000000000,16,8,2,8
169,4572311,63,497221.217530474998057,1,13,12,6.000000000000000,3.086066999241838,378.000000000000000,12,5,12,5
170,4572313,46,363050.412800029385835,1,24,23,9.608695652173912,5.443297677237998,442.000000000000000,19,6,1,9
171,4572317,26,205202.407234799204161,2,36,34,11.730769230769230,7.733830239765727,305.000000000000000,15,13,2,10
172,4572345,9,71031.602504353577388,1,9,8,5.777777777777778,2.484519974999766,52.000000000000000,6,6,1,6
173,4572347,23,181525.206400014692917,3,23,20,10.391304347826088,5.395159911679150,239.000000000000000,12,8,7,8
174,4572349,31,244664.408626106742304,2,20,18,6.451612903225806,4.271727834128219,200.000000000000000,12,6,7,6
175,4572351,5,39462.001391307538142,2,17,15,10.400000000000000,5.276362383309166,52.000000000000000,4,13,2,13
176,4572353,46,363050.412800029385835,2,19,17,9.130434782608695,4.346956434765214,420.000000000000000,16,14,11,9
177,4572355,37,292018.810295675822999,2,15,13,7.567567567567568,3.397459627590930,280.000000000000000,12,11,10,7
178,4572357,38,299911.210573937278241,1,18,17,6.447368421052632,5.112921548293380,245.000000000000000,13,2,8,4
179,4572359,41,323588.411408721818589,1,19,18,7.926829268292683,4.815575562198243,325.000000000000000,15,3,1,7
180,4572361,21,165740.405843491666019,1,9,8,3.333333333333333,2.274775411904035,70.000000000000000,8,1,4,3
181,4572363,50,394620.013913075381424,2,21,19,7.380000000000000,4.194710955477148,369.000000000000000,15,4,2,6
182,4572365,29,228879.608069583744509,1,19,18,10.448275862068966,6.156500387992223,303.000000000000000,14,1,2,12
183,4572367,38,299911.210573937278241,1,31,30,12.552631578947368,8.440807420910485,477.000000000000000,22,1,4,12
184,4572369,42,331480.811686983332038,3,27,24,10.333333333333334,5.689031496228454,434.000000000000000,18,6,3,8
185,4572371,44,347265.612243506358936,1,26,25,9.431818181818182,6.569204072698635,415.000000000000000,21,6,1,7
186,4572379,46,363050.412800029385835,1,31,30,10.260869565217391,7.103075826737181,472.000000000000000,23,7,8,8
187,4572387,34,268341.609460891282652,1,31,30,8.088235294117647,6.274915734418149,275.000000000000000,16,3,8,6
188,4572389,1,7892.400278261507992,1,1,0,1.000000000000000,0.000000000000000,1.000000000000000,1,1,1,1
189,4572391,89,702423.624765274231322,1,31,30,9.359550561797754,6.732859537433874,833.000000000000000,25,3,8,9
190,4572393,1,7892.400278261507992,9,9,0,9.000000000000000,0.000000000000000,9.000000000000000,1,9,9,9
191,4572395,30,236772.008347845228855,1,56,55,18.933333333333334,17.576373029976601,568.000000000000000,18,2,7,14
192,4572397,7,55246.801947830557765,4,33,29,16.142857142857142,10.507528884819024,113.000000000000000,7,4,4,11
193,4572399,15,118386.004173922614427,1,9,8,5.333333333333333,2.867441755680876,80.000000000000000,9,9,1,5
194,4572401,1,7892.400278261507992,8,8,0,8.000000000000000,0.000000000000000,8.000000000000000,1,8,8,8
195,4572403,4,31569.601113046031969,2,6,4,3.500000000000000,1.500000000000000,14.000000000000000,3,3,2,3
196,4572405,68,536683.218921782565303,1,21,20,6.367647058823529,5.357524702160137,433.000000000000000,17,1,13,5
197,4572409,56,441974.415582644462120,1,37,36,13.464285714285714,9.371240742891226,754.000000000000000,27,7,4,12
198,4573737,34,268341.609460891282652,1,39,38,11.235294117647058,8.557964379761083,382.000000000000000,21,3,1,10
199,4573739,28,220987.207791322231060,2,20,18,8.571428571428571,4.003824702069006,240.000000000000000,13,7,2,7
200,4573743,22,173632.806121753179468,1,15,14,5.454545454545454,3.129438996010638,120.000000000000000,10,5,1,5
201,4573745,20,157848.005565230152570,2,27,25,10.550000000000001,6.507495678062337,211.000000000000000,13,2,4,10
202,4573747,19,149955.605286968639120,1,11,10,5.421052631578948,2.642084294318132,103.000000000000000,10,4,1,5
203,4573749,3,23677.200834784525796,2,11,9,5.666666666666667,3.858612300930075,17.000000000000000,3,2,2,4
204,4573751,4,31569.601113046031969,2,6,4,3.750000000000000,1.785357107135713,15.000000000000000,3,2,5,2
205,4573753,20,157848.005565230152570,2,12,10,6.300000000000000,2.590366769397724,126.000000000000000,9,5,2,5
206,4573755,25,197310.006956537690712,5,16,11,10.680000000000000,2.587972179139491,267.000000000000000,8,11,5,11
207,4573757,29,228879.608069583744509,1,21,20,10.000000000000000,6.130759079963241,290.000000000000000,16,5,1,9
208,4573759,21,165740.405843491666019,1,23,22,10.333333333333334,5.083430912412387,217.000000000000000,14,5,1,9
209,4573761,33,260449.209182629769202,3,19,16,8.848484848484848,3.367592541044375,292.000000000000000,12,7,3,9
210,4573763,23,181525.206400014692917,2,20,18,8.260869565217391,4.265303815106338,190.000000000000000,14,7,3,7
211,4573765,19,149955.605286968639120,2,16,14,7.157894736842105,3.731278289424442,136.000000000000000,11,5,2,6
212,4573767,24,189417.606678276206367,3,28,25,13.250000000000000,6.578056957288629,318.000000000000000,16,14,3,14
213,4573769,35,276234.009739152796101,1,21,20,10.199999999999999,5.114684741017769,357.000000000000000,14,8,1,10
214,4573771,5,39462.001391307538142,5,11,6,8.000000000000000,2.000000000000000,40.000000000000000,5,5,5,8
215,4573773,12,94708.803339138103183,4,19,15,12.083333333333334,4.499228328897694,145.000000000000000,9,15,4,12
216,4573775,16,126278.404452184127877,1,12,11,5.500000000000000,3.446012188022555,88.000000000000000,8,2,1,6
217,4573777,4,31569.601113046031969,1,10,9,3.750000000000000,3.631459761583487,15.000000000000000,3,2,1,2
218,4573779,36,284126.410017414309550,1,20,19,7.527777777777778,3.639948955007711,271.000000000000000,12,5,1,7
219,4573781,4,31569.601113046031969,2,22,20,8.000000000000000,8.124038404635961,32.000000000000000,3,4,2,4
220,4573783,3,23677.200834784525796,4,4,0,4.000000000000000,0.000000000000000,12.000000000000000,1,4,4,4
221,4573785,34,268341.609460891282652,2,16,14,6.794117647058823,2.877697320517241,231.000000000000000,12,7,2,7
222,4573787,28,220987.207791322231060,1,13,12,5.714285714285714,2.950268061151911,160.000000000000000,12,6,7,6
223,4573789,31,244664.408626106742304,1,24,23,9.354838709677420,5.970618312913794,290.000000000000000,15,5,1,8
224,4573791,19,149955.605286968639120,1,16,15,6.157894736842105,4.771220277485424,117.000000000000000,10,1,6,5
225,4573793,5,39462.001391307538142,4,18,14,13.600000000000000,4.923413450036469,68.000000000000000,4,15,4,15
226,4573795,14,110493.603895661115530,4,21,17,8.071428571428571,4.113814457137694,113.000000000000000,8,6,7,6
227,4573797,27,213094.807513060717611,2,31,29,12.037037037037036,8.279745395448042,325.000000000000000,17,9,10,9
228,4573799,71,560360.419756567105651,2,22,20,8.661971830985916,4.735076369453677,615.000000000000000,17,8,11,8
229,4573801,74,584037.620591351645999,1,22,21,8.567567567567568,4.874315145466746,634.000000000000000,18,9,13,8
230,4573803,27,213094.807513060717611,1,22,21,9.000000000000000,4.914076530554662,243.000000000000000,16,7,1,8
231,4573805,49,386727.613634813867975,2,32,30,13.122448979591837,7.173171823015181,643.000000000000000,22,11,2,12
232,4573807,47,370942.813078290899284,4,25,21,9.382978723404255,4.582822652867162,441.000000000000000,15,7,12,8
233,4573809,41,323588.411408721818589,1,28,27,14.804878048780488,6.840409031398283,607.000000000000000,20,8,1,15
234,4573811,18,142063.205008707154775,2,20,18,11.500000000000000,4.387482193696061,207.000000000000000,13,8,2,11
235,4573813,8,63139.202226092063938,1,18,17,10.000000000000000,5.361902647381804,80.000000000000000,7,12,1,9
236,4573815,21,165740.405843491666019,2,24,22,12.285714285714286,7.484223770183309,258.000000000000000,13,2,10,10
237,4573817,21,165740.405843491666019,1,32,31,14.142857142857142,10.227347625644798,297.000000000000000,16,5,2,14
238,4573819,8,63139.202226092063938,4,30,26,14.250000000000000,8.569568250501305,114.000000000000000,6,13,4,13
239,4573821,40,315696.011130460305139,1,34,33,14.600000000000000,7.895568377260753,584.000000000000000,22,6,1,15
240,4573823,37,292018.810295675822999,1,30,29,12.648648648648649,6.385017158927255,468.000000000000000,19,10,1,10
241,4573825,27,213094.807513060717611,4,30,26,12.074074074074074,6.770994379218013,326.000000000000000,17,6,5,10
242,4573827,6,47354.401669569051592,2,31,29,19.000000000000000,9.073771725877465,114.000000000000000,5,23,2,21
243,4573829,36,284126.410017414309550,4,24,20,12.750000000000000,5.955273106900957,459.000000000000000,19,16,5,11
244,4573831,31,244664.408626106742304,1,24,23,10.903225806451612,6.432552489459889,338.000000000000000,18,4,1,11
245,4573833,34,268341.609460891282652,1,26,25,9.382352941176471,7.149721121185542,319.000000000000000,16,4,15,7
246,4573835,15,118386.004173922614427,2,23,21,10.800000000000001,6.920500945259189,162.000000000000000,13,5,2,8
247,4573837,7,55246.801947830557765,5,21,16,10.285714285714286,6.040678431961706,72.000000000000000,5,5,12,6
248,4573839,2,15784.800556523015985,13,17,4,15.000000000000000,2.000000000000000,30.000000000000000,2,13,13,13
249,4573841,18,142063.205008707154775,5,39,34,16.166666666666668,10.494707660954109,291.000000000000000,13,6,7,11
250,4573843,60,473544.016695690457709,1,23,22,9.650000000000000,5.540231643773269,579.000000000000000,20,7,12,8
251,4573845,20,157848.005565230152570,1,20,19,10.449999999999999,5.490673911279017,209.000000000000000,15,14,1,11
252,4573847,8,63139.202226092063938,3,26,23,13.375000000000000,7.565340375687005,107.000000000000000,7,9,3,10
253,4573849,30,236772.008347845228855,1,25,24,10.300000000000001,6.885491994040803,309.000000000000000,16,5,2,7
254,4573851,37,292018.810295675822999,3,25,22,10.972972972972974,5.819289853983467,406.000000000000000,18,10,3,10
255,4573853,20,157848.005565230152570,1,33,32,15.300000000000001,9.301075206662937,306.000000000000000,14,17,1,16
256,4573855,23,181525.206400014692917,2,35,33,12.521739130434783,7.051793266948001,288.000000000000000,15,10,2,10
257,4573857,39,307803.610852198791690,1,28,27,11.076923076923077,6.798886090456723,432.000000000000000,20,7,1,10
258,4573859,7,55246.801947830557765,1,9,8,3.571428571428572,2.441143927233580,25.000000000000000,5,2,1,3
259,4573861,10,78924.002782615076285,4,29,25,11.100000000000000,8.971621926942754,111.000000000000000,7,4,5,6
260,4573863,16,126278.404452184127877,2,22,20,9.062500000000000,5.973574620777747,145.000000000000000,12,2,7,8
261,4573865,4,31569.601113046031969,1,7,6,4.250000000000000,2.384848003542364,17.000000000000000,4,1,1,3
262,4573867,7,55246.801947830557765,3,13,10,8.000000000000000,2.976095236571380,56.000000000000000,5,9,3,9
263,4573869,23,181525.206400014692917,2,19,17,6.565217391304348,3.954371130748547,151.000000000000000,11,4,3,5
264,4573871,8,63139.202226092063938,2,13,11,6.000000000000000,4.272001872658765,48.000000000000000,5,2,10,4
265,4573873,18,142063.205008707154775,1,18,17,5.833333333333333,5.377421934967226,105.000000000000000,8,1,3,4
266,4573903,37,292018.810295675822999,2,16,14,8.918918918918919,4.358144772525429,330.000000000000000,14,3,2,8
267,4573905,25,197310.006956537690712,2,15,13,7.840000000000000,3.759574444002939,196.000000000000000,13,9,3,8
268,4573907,44,347265.612243506358936,1,17,16,7.000000000000000,3.717281509138341,308.000000000000000,15,6,1,6
269,4573909,35,276234.009739152796101,3,20,17,9.628571428571428,4.388854157559412,337.000000000000000,15,11,12,10
270,4573911,56,441974.415582644462120,1,22,21,9.785714285714286,5.495824017620383,548.000000000000000,19,9,12,9
271,4573913,41,323588.411408721818589,2,20,18,7.853658536585366,5.010043452466042,322.000000000000000,15,5,9,6
272,4573915,52,410404.814469598408323,2,19,17,7.346153846153846,4.480232717962382,382.000000000000000,16,3,11,6
273,4573917,1,7892.400278261507992,2,2,0,2.000000000000000,0.000000000000000,2.000000000000000,1,2,2,2
274,4573919,19,149955.605286968639120,3,28,25,14.000000000000000,6.712125712391520,266.000000000000000,12,14,3,13
275,4573921,56,441974.415582644462120,2,27,25,9.285714285714286,5.737453036578056,520.000000000000000,20,5,11,8
276,4573923,43,339373.211965244845487,2,16,14,6.511627906976744,3.194268799564677,280.000000000000000,11,8,6,7
277,4573925,36,284126.410017414309550,2,17,15,7.472222222222222,3.475997947121813,269.000000000000000,13,6,12,7
278,4573927,24,189417.606678276206367,2,32,30,12.458333333333334,9.530561222835841,299.000000000000000,18,3,4,9
279,4573929,53,418297.214747859921772,2,25,23,12.169811320754716,6.203273174510993,645.000000000000000,20,10,3,11
280,4573931,44,347265.612243506358936,1,27,26,9.909090909090908,5.509570936182459,436.000000000000000,20,8,1,8
281,4573933,9,71031.602504353577388,8,36,28,21.555555555555557,10.781786196185067,194.000000000000000,8,35,8,16
282,4573935,18,142063.205008707154775,2,31,29,11.888888888888889,6.854754140083192,214.000000000000000,14,11,2,11
283,4573937,26,205202.407234799204161,2,25,23,11.576923076923077,5.582755570801359,301.000000000000000,15,10,2,10
284,4573939,40,315696.011130460305139,1,31,30,13.475000000000000,7.151879123698890,539.000000000000000,24,7,1,12
285,4573941,23,181525.206400014692917,3,32,29,13.086956521739131,9.197887486564561,301.000000000000000,17,3,4,10
286,4573943,10,78924.002782615076285,5,31,26,19.500000000000000,8.616843969807043,195.000000000000000,8,14,5,20
287,4573945,44,347265.612243506358936,2,26,24,8.704545454545455,5.332488526410302,383.000000000000000,16,5,14,8
288,4573947,52,410404.814469598408323,1,21,20,7.230769230769231,4.299442649994498,376.000000000000000,17,5,1,6
289,4573949,11,86816.403060876589734,2,23,21,12.181818181818182,7.613602442258220,134.000000000000000,11,2,2,12
290,4573951,49,386727.613634813867975,1,26,25,9.612244897959183,6.113939664875610,471.000000000000000,20,7,1,8
291,4573953,7,55246.801947830557765,4,29,25,12.142857142857142,10.119691856242765,85.000000000000000,6,5,4,7
292,4573957,1,7892.400278261507992,2,2,0,2.000000000000000,0.000000000000000,2.000000000000000,1,2,2,2
293,4573959,57,449866.815860905975569,1,37,36,15.473684210526315,7.384443732171730,882.000000000000000,24,9,4,14
294,4573961,1,7892.400278261507992,3,3,0,3.000000000000000,0.000000000000000,3.000000000000000,1,3,3,3
295,4573963,5,39462.001391307538142,3,15,12,8.000000000000000,5.366563145999495,40.000000000000000,4,3,5,5
296,4573965,4,31569.601113046031969,10,13,3,11.750000000000000,1.299038105676658,47.000000000000000,3,13,10,11
297,4573967,46,363050.412800029385835,1,45,44,10.217391304347826,7.991607128672857,470.000000000000000,17,10,6,10
298,4573969,3,23677.200834784525796,3,19,16,12.666666666666666,6.944222218666553,38.000000000000000,3,3,3,16
299,4573971,19,149955.605286968639120,1,12,11,5.105263157894737,3.625853610452597,97.000000000000000,9,1,6,5
300,4573973,21,165740.405843491666019,4,27,23,12.190476190476190,6.426278250604701,256.000000000000000,13,6,9,10
301,4573979,5,39462.001391307538142,11,25,14,19.199999999999999,4.833218389437833,96.000000000000000,5,11,11,19
302,4573981,14,110493.603895661115530,5,21,16,12.071428571428571,4.920282885512722,169.000000000000000,10,6,5,11
303,4573983,17,134170.804730445641326,1,17,16,9.764705882352942,4.151957890593246,166.000000000000000,12,8,1,10
304,4573985,21,165740.405843491666019,2,21,19,10.809523809523810,4.316293026142726,227.000000000000000,11,8,2,11
305,4573987,6,47354.401669569051592,1,7,6,4.666666666666667,2.426703296426839,28.000000000000000,3,7,1,3
306,4573989,18,142063.205008707154775,3,16,13,9.388888888888889,4.510960588621757,169.000000000000000,11,14,5,9
307,4573991,7,55246.801947830557765,6,16,10,9.142857142857142,3.522522287410844,64.000000000000000,5,7,6,7
308,4573993,4,31569.601113046031969,4,12,8,9.500000000000000,3.201562118716424,38.000000000000000,3,11,4,11
309,4573995,5,39462.001391307538142,2,22,20,13.600000000000000,6.590902821313633,68.000000000000000,5,2,2,14
310,4573997,4,31569.601113046031969,12,22,10,15.500000000000000,4.092676385936225,62.000000000000000,3,12,16,12
311,4573999,4,31569.601113046031969,2,23,21,11.000000000000000,7.778174593052023,44.000000000000000,4,2,2,7
312,4574001,6,47354.401669569051592,6,8,2,7.500000000000000,0.763762615825973,45.000000000000000,3,8,6,8
313,4574003,1,7892.400278261507992,4,4,0,4.000000000000000,0.000000000000000,4.000000000000000,1,4,4,4
314,4574005,13,102601.203617399602081,6,15,9,10.769230769230770,2.693406369232551,140.000000000000000,8,10,6,10
315,4574007,3,23677.200834784525796,1,7,6,4.333333333333333,2.494438257849295,13.000000000000000,3,1,1,5
316,4574473,4,31569.601113046031969,4,30,26,13.250000000000000,10.084022015049353,53.000000000000000,4,4,4,7
317,4574475,4,31569.601113046031969,2,4,2,3.500000000000000,0.866025403784439,14.000000000000000,2,4,2,4
318,4574477,5,39462.001391307538142,1,17,16,5.600000000000000,5.919459434779498,28.000000000000000,4,1,4,4
319,4574481,7,55246.801947830557765,8,24,16,12.000000000000000,5.781744669956590,84.000000000000000,4,8,11,8
320,4574483,11,86816.403060876589734,2,30,28,12.909090909090908,8.073013917924845,142.000000000000000,9,4,2,13
321,4574485,9,71031.602504353577388,3,14,11,10.333333333333334,3.887301263230200,93.000000000000000,6,14,3,11
322,4574487,15,118386.004173922614427,2,12,10,7.400000000000000,2.727636339397170,111.000000000000000,8,5,2,7
323,4574491,7,55246.801947830557765,3,8,5,5.571428571428571,1.840585532389304,39.000000000000000,4,4,3,6
324,4574493,5,39462.001391307538142,3,11,8,7.800000000000000,3.059411708155671,39.000000000000000,4,11,3,8
325,4574495,15,118386.004173922614427,2,13,11,6.733333333333333,3.567756842735907,101.000000000000000,10,2,3,7
326,4574499,18,142063.205008707154775,6,28,22,15.111111111111111,7.317322589345316,272.000000000000000,12,6,8,13
327,4574501,25,197310.006956537690712,1,27,26,12.520000000000000,8.823242034535832,313.000000000000000,15,4,2,10
328,4574503,21,165740.405843491666019,2,12,10,8.095238095238095,2.741302469452239,170.000000000000000,9,8,2,8
329,4574505,6,47354.401669569051592,8,18,10,12.500000000000000,3.253203549323856,75.000000000000000,5,12,8,12
330,4574507,10,78924.002782615076285,4,19,15,10.400000000000000,4.317406628984579,104.000000000000000,9,11,4,10
331,4574509,7,55246.801947830557765,2,10,8,6.714285714285714,2.602981022612657,47.000000000000000,6,7,2,7
332,4574511,17,134170.804730445641326,3,11,8,7.647058823529412,2.112739411302114,130.000000000000000,7,8,3,8
333,4574513,21,165740.405843491666019,1,28,27,11.333333333333334,6.861440452220297,238.000000000000000,13,7,8,11
334,4574515,11,86816.403060876589734,2,14,12,6.636363636363637,3.624982188613979,73.000000000000000,6,2,5,7
335,4574517,4,31569.601113046031969,1,6,5,3.750000000000000,1.920286436967152,15.000000000000000,4,1,1,3
336,4574519,13,102601.203617399602081,6,19,13,12.307692307692308,4.045598089939909,160.000000000000000,8,10,13,11
337,4574521,16,126278.404452184127877,6,25,19,13.312500000000000,5.144399260360728,213.000000000000000,9,15,6,12
338,4574525,17,134170.804730445641326,4,27,23,13.764705882352942,7.166338073527026,234.000000000000000,13,4,7,14
339,4574527,12,94708.803339138103183,4,17,13,10.416666666666666,3.252136050181310,125.000000000000000,8,10,4,10
340,4574529,13,102601.203617399602081,5,17,12,9.769230769230770,3.744818906042486,127.000000000000000,10,5,6,9
341,4574531,14,110493.603895661115530,2,27,25,11.357142857142858,7.217114014194146,159.000000000000000,11,2,6,9
342,4574533,1,7892.400278261507992,10,10,0,10.000000000000000,0.000000000000000,10.000000000000000,1,10,10,10
343,4574535,17,134170.804730445641326,1,19,18,11.294117647058824,5.322148017067069,192.000000000000000,13,9,1,13
344,4574537,12,94708.803339138103183,5,23,18,15.666666666666666,5.821416398857663,188.000000000000000,9,14,5,14
345,4574539,16,126278.404452184127877,2,31,29,13.937500000000000,8.835077461460086,223.000000000000000,14,3,2,12
346,4574541,38,299911.210573937278241,3,24,21,9.947368421052632,5.404420064418288,378.000000000000000,17,5,3,8
347,4574543,9,71031.602504353577388,5,29,24,16.777777777777779,9.028076918120835,151.000000000000000,7,23,5,17
348,4574545,27,213094.807513060717611,2,19,17,9.296296296296296,4.188297760956201,251.000000000000000,15,10,2,9
349,4574547,46,363050.412800029385835,1,23,22,10.869565217391305,5.334908400061902,500.000000000000000,19,13,1,11
350,4574549,29,228879.608069583744509,1,29,28,10.793103448275861,6.979671518527204,313.000000000000000,20,4,1,9
351,4574551,27,213094.807513060717611,3,23,20,11.925925925925926,5.422353772943764,322.000000000000000,16,3,4,12
352,4574553,15,118386.004173922614427,3,38,35,21.533333333333335,11.271596554565322,323.000000000000000,12,38,3,21
353,4574555,5,39462.001391307538142,13,24,11,18.199999999999999,4.534313619501853,91.000000000000000,5,13,13,17
354,4574557,11,86816.403060876589734,1,32,31,12.727272727272727,8.356716504931926,140.000000000000000,10,15,1,12
355,4574559,29,228879.608069583744509,1,26,25,9.793103448275861,6.019389992835668,284.000000000000000,15,7,1,7
356,4574561,5,39462.001391307538142,12,30,18,22.800000000000001,6.177378084592196,114.000000000000000,5,12,12,24
357,4574563,32,252556.808904368255753,1,26,25,10.562500000000000,6.441746172428715,338.000000000000000,16,4,2,9
358,4574565,10,78924.002782615076285,4,36,32,13.000000000000000,9.402127418834526,130.000000000000000,8,6,4,8
359,4574567,4,31569.601113046031969,1,2,1,1.750000000000000,0.433012701892219,7.000000000000000,2,2,1,2
360,4574569,11,86816.403060876589734,5,37,32,18.363636363636363,8.751859306588175,202.000000000000000,9,13,5,17
361,4574571,5,39462.001391307538142,1,18,17,8.000000000000000,5.761944116355173,40.000000000000000,5,1,1,6
362,4574573,22,173632.806121753179468,6,26,20,13.500000000000000,5.475150475308667,297.000000000000000,14,8,6,12
363,4574575,14,110493.603895661115530,1,20,19,6.785714285714286,5.479553832574476,95.000000000000000,9,5,2,5
364,4574577,6,47354.401669569051592,8,11,3,9.666666666666666,1.247219128924650,58.000000000000000,3,8,8,10
365,4574579,7,55246.801947830557765,2,14,12,8.000000000000000,4.242640687119285,56.000000000000000,5,5,2,6
366,4574581,29,228879.608069583744509,2,22,20,10.379310344827585,5.378205014644585,301.000000000000000,16,5,2,9
367,4574583,5,39462.001391307538142,8,19,11,13.000000000000000,4.381780460041329,65.000000000000000,4,8,14,14
368,4574585,20,157848.005565230152570,1,30,29,11.199999999999999,6.801470429252781,224.000000000000000,13,7,1,11
369,4574587,5,39462.001391307538142,8,20,12,13.600000000000000,3.929376540877701,68.000000000000000,5,8,8,13
370,4574589,11,86816.403060876589734,4,17,13,7.818181818181818,3.432946834272583,86.000000000000000,7,8,4,7
371,4574591,28,220987.207791322231060,1,16,15,4.321428571428571,3.229922283768400,121.000000000000000,10,2,8,4
372,4574593,2,15784.800556523015985,12,17,5,14.500000000000000,2.500000000000000,29.000000000000000,2,12,12,12
373,4574595,3,23677.200834784525796,4,18,14,10.333333333333334,5.792715732327588,31.000000000000000,3,4,4,9
374,4574597,7,55246.801947830557765,7,23,16,14.571428571428571,5.314592925068079,102.000000000000000,7,7,7,14
375,4574599,17,134170.804730445641326,3,18,15,10.470588235294118,4.590497180029804,178.000000000000000,10,7,3,10
376,4574601,23,181525.206400014692917,2,20,18,8.521739130434783,5.265718211200933,196.000000000000000,10,2,10,7
377,4574603,11,86816.403060876589734,5,18,13,12.636363636363637,3.960549256507630,139.000000000000000,7,8,5,13
378,4574605,7,55246.801947830557765,3,12,9,8.000000000000000,2.777460299317654,56.000000000000000,5,8,3,8
379,4574607,8,63139.202226092063938,3,18,15,11.125000000000000,4.136348026943574,89.000000000000000,6,10,3,10
380,4574609,27,213094.807513060717611,1,23,22,8.925925925925926,5.887374601485515,241.000000000000000,16,4,2,7
381,4574611,15,118386.004173922614427,2,21,19,9.733333333333333,5.626919425602452,146.000000000000000,11,8,2,8
382,4574613,18,142063.205008707154775,4,18,14,11.388888888888889,3.846194206815773,205.000000000000000,12,11,4,11
383,4574615,5,39462.001391307538142,7,20,13,10.600000000000000,4.841487374764083,53.000000000000000,4,7,9,9
384,4574617,33,260449.209182629769202,1,28,27,8.060606060606061,6.782059193594363,266.000000000000000,14,1,2,5
385,4574619,12,94708.803339138103183,2,33,31,20.916666666666668,12.318403125225100,251.000000000000000,11,33,2,26
386,4574623,13,102601.203617399602081,3,20,17,8.230769230769230,4.741856925360752,107.000000000000000,8,5,9,8
387,4574625,5,39462.001391307538142,4,16,12,12.199999999999999,4.261455150532505,61.000000000000000,4,13,4,13
388,4574627,26,205202.407234799204161,1,21,20,8.846153846153847,6.508528769665394,230.000000000000000,15,2,5,6
389,4574629,5,39462.001391307538142,5,8,3,6.400000000000000,1.019803902718556,32.000000000000000,4,6,5,6
390,4574631,7,55246.801947830557765,8,14,6,11.571428571428571,2.060315014550853,81.000000000000000,5,12,8,12
391,4574633,31,244664.408626106742304,1,24,23,9.064516129032258,4.196277027902370,281.000000000000000,12,11,1,9
392,4574635,16,126278.404452184127877,3,24,21,10.812500000000000,7.143342617430582,173.000000000000000,10,4,5,8
393,4574637,12,94708.803339138103183,8,23,15,14.416666666666666,4.443315828922763,173.000000000000000,11,18,8,13
394,4574639,5,39462.001391307538142,7,13,6,10.400000000000000,1.959591794226539,52.000000000000000,4,11,7,11
395,4574641,28,220987.207791322231060,2,24,22,8.678571428571429,5.278349115751543,243.000000000000000,13,4,2,7
396,4574643,30,236772.008347845228855,1,20,19,9.000000000000000,5.507570547286102,270.000000000000000,16,2,1,9
397,4574645,25,197310.006956537690712,2,25,23,14.800000000000001,6.486909896090742,370.000000000000000,15,14,2,15
398,4574647,52,410404.814469598408323,1,40,39,14.096153846153847,10.098095051475751,733.000000000000000,26,7,1,10
399,4574649,10,78924.002782615076285,5,25,20,15.400000000000000,7.031358332498779,154.000000000000000,10,5,5,12
400,4574651,14,110493.603895661115530,3,25,22,13.071428571428571,6.052912943537255,183.000000000000000,10,16,5,13
401,4574653,31,244664.408626106742304,1,30,29,9.129032258064516,8.812534824397432,283.000000000000000,16,2,5,5
402,4574655,12,94708.803339138103183,1,28,27,12.250000000000000,8.377798040058019,147.000000000000000,10,1,4,10
403,4574657,12,94708.803339138103183,2,23,21,14.583333333333334,6.356864181514515,175.000000000000000,9,12,2,12
404,4574659,10,78924.002782615076285,2,18,16,10.500000000000000,4.695742752749559,105.000000000000000,6,7,2,11
405,4574661,9,71031.602504353577388,8,21,13,12.777777777777779,4.589305872902973,115.000000000000000,6,11,8,11
406,4574663,5,39462.001391307538142,4,26,22,14.800000000000001,7.249827584156742,74.000000000000000,5,4,4,16
407,4574665,14,110493.603895661115530,1,24,23,10.071428571428571,7.814494643328656,141.000000000000000,11,1,4,8
408,4574667,11,86816.403060876589734,8,20,12,12.636363636363637,4.312196809320517,139.000000000000000,6,8,11,12
409,4574669,22,173632.806121753179468,3,23,20,10.045454545454545,5.121055224421061,221.000000000000000,14,5,4,9
410,4574671,24,189417.606678276206367,2,30,28,11.500000000000000,6.231639698613306,276.000000000000000,14,7,2,12
411,4574673,23,181525.206400014692917,3,19,16,12.086956521739131,5.412650588151241,278.000000000000000,12,3,5,14
412,4574675,10,78924.002782615076285,1,14,13,5.600000000000000,3.666060555964672,56.000000000000000,7,2,1,5
413,4574677,20,157848.005565230152570,5,27,22,13.850000000000000,4.563715591489023,277.000000000000000,13,14,5,14
414,4574679,8,63139.202226092063938,7,25,18,17.500000000000000,6.000000000000000,140.000000000000000,7,25,7,16
415,4574681,30,236772.008347845228855,1,31,30,16.666666666666668,8.669230390037834,500.000000000000000,21,10,1,17
416,4574683,12,94708.803339138103183,1,13,12,5.416666666666667,4.310033513661916,65.000000000000000,8,2,3,3
417,4574685,11,86816.403060876589734,1,17,16,8.636363636363637,5.481750338793212,95.000000000000000,10,4,1,8
418,4574687,24,189417.606678276206367,1,22,21,10.916666666666666,5.243382072246458,262.000000000000000,16,12,3,11
419,4574689,1,7892.400278261507992,3,3,0,3.000000000000000,0.000000000000000,3.000000000000000,1,3,3,3
420,4574691,4,31569.601113046031969,4,14,10,9.000000000000000,3.535533905932738,36.000000000000000,3,9,4,9
421,4574693,1,7892.400278261507992,3,3,0,3.000000000000000,0.000000000000000,3.000000000000000,1,3,3,3
422,4574697,15,118386.004173922614427,4,31,27,15.400000000000000,7.264525678482617,231.000000000000000,10,9,4,12
423,4574699,4,31569.601113046031969,1,14,13,4.750000000000000,5.356071321407137,19.000000000000000,3,2,1,2
424,4574701,38,299911.210573937278241,3,27,24,11.763157894736842,6.036878814186559,447.000000000000000,16,6,3,11
425,4574705,23,181525.206400014692917,1,20,19,9.608695652173912,4.188380723058191,221.000000000000000,13,6,1,9
426,4574707,1,7892.400278261507992,24,24,0,24.000000000000000,0.000000000000000,24.000000000000000,1,24,24,24
427,4574709,10,78924.002782615076285,1,14,13,7.100000000000000,3.986226285598950,71.000000000000000,7,7,4,7
428,4574711,18,142063.205008707154775,7,32,25,22.555555555555557,6.175419214040108,406.000000000000000,11,26,7,22
429,4574713,33,260449.209182629769202,1,34,33,20.333333333333332,9.160741886942997,671.000000000000000,19,19,1,19
430,4574717,1,7892.400278261507992,14,14,0,14.000000000000000,0.000000000000000,14.000000000000000,1,14,14,14
431,4574719,56,441974.415582644462120,2,20,18,8.678571428571429,4.528115118966416,486.000000000000000,16,9,7,9
432,4574721,23,181525.206400014692917,2,15,13,7.565217391304348,4.019799767417816,174.000000000000000,12,4,3,8
433,4574723,10,78924.002782615076285,1,27,26,11.100000000000000,7.569015788066505,111.000000000000000,9,7,1,8
434,4574725,25,197310.006956537690712,3,24,21,10.720000000000001,5.016133969502809,268.000000000000000,15,11,3,10
435,4574727,21,165740.405843491666019,2,25,23,9.333333333333334,5.540614830360679,196.000000000000000,13,6,2,8
436,4574729,4,31569.601113046031969,20,25,5,22.750000000000000,2.277608394786075,91.000000000000000,3,25,20,21
437,4574755,19,149955.605286968639120,1,14,13,5.315789473684211,3.839581002071468,101.000000000000000,9,2,1,4
438,4574759,16,126278.404452184127877,2,24,22,12.562500000000000,5.407965768197872,201.000000000000000,11,12,2,12
439,4574761,17,134170.804730445641326,1,15,14,4.823529411764706,4.382254242868041,82.000000000000000,7,1,4,3
440,4574763,15,118386.004173922614427,1,22,21,9.666666666666666,5.734883511361752,145.000000000000000,10,11,1,8
441,4574765,14,110493.603895661115530,6,30,24,16.642857142857142,7.315415649329092,233.000000000000000,11,13,6,14
442,4574767,26,205202.407234799204161,1,31,30,12.576923076923077,7.918688104842567,327.000000000000000,17,9,1,11
443,4574769,25,197310.006956537690712,3,34,31,14.199999999999999,9.024411338142782,355.000000000000000,17,5,3,11
444,4574771,12,94708.803339138103183,2,24,22,11.916666666666666,7.804468093484798,143.000000000000000,8,2,4,10
445,4574773,29,228879.608069583744509,2,29,27,15.896551724137931,7.725215442085416,461.000000000000000,19,9,2,15
446,4574775,14,110493.603895661115530,2,26,24,12.571428571428571,6.218799674193977,176.000000000000000,10,14,2,14
447,4574777,30,236772.008347845228855,2,24,22,10.033333333333333,5.504442650158951,301.000000000000000,16,6,3,9
448,4574779,22,173632.806121753179468,2,23,21,10.136363636363637,5.578330269448137,223.000000000000000,14,8,2,9
449,4574781,4,31569.601113046031969,2,9,7,5.000000000000000,2.738612787525831,20.000000000000000,4,2,2,3
450,4574783,13,102601.203617399602081,8,33,25,15.846153846153847,8.291294357950241,206.000000000000000,10,8,11,14
451,4574785,14,110493.603895661115530,3,28,25,15.714285714285714,7.487404389359235,220.000000000000000,9,12,3,12
452,4574787,11,86816.403060876589734,3,42,39,14.636363636363637,10.764189174993223,161.000000000000000,9,4,3,12
453,4574789,24,189417.606678276206367,4,36,32,18.125000000000000,9.229989617184481,435.000000000000000,16,13,7,17
454,4574791,32,252556.808904368255753,4,41,37,18.937500000000000,10.732361983738715,606.000000000000000,19,21,4,16
455,4574793,9,71031.602504353577388,8,34,26,21.333333333333332,7.086763875156433,192.000000000000000,9,8,8,21
456,4574795,22,173632.806121753179468,3,22,19,12.681818181818182,4.939510130628190,279.000000000000000,17,14,3,13
457,4574797,16,126278.404452184127877,5,28,23,17.250000000000000,6.731456008918130,276.000000000000000,11,5,11,17
458,4574799,7,55246.801947830557765,1,21,20,12.142857142857142,6.577636818983622,85.000000000000000,6,12,1,12
459,4574801,28,220987.207791322231060,2,22,20,10.250000000000000,5.754656499615892,287.000000000000000,17,6,3,10
460,4574803,10,78924.002782615076285,2,18,16,8.800000000000001,4.707440918375926,88.000000000000000,9,5,2,7
461,4574805,28,220987.207791322231060,3,40,37,21.857142857142858,10.470073972021011,612.000000000000000,21,23,10,23
462,4574807,32,252556.808904368255753,1,24,23,9.000000000000000,6.403124237432849,288.000000000000000,18,2,5,7
463,4574811,17,134170.804730445641326,1,5,4,2.352941176470588,1.081457430050014,40.000000000000000,5,2,4,2
464,4574813,3,23677.200834784525796,5,6,1,5.333333333333333,0.471404520791033,16.000000000000000,2,5,6,5
465,4574815,10,78924.002782615076285,1,21,20,7.600000000000000,5.936328831862332,76.000000000000000,8,3,1,5
466,4574817,7,55246.801947830557765,3,33,30,14.714285714285714,10.038700623291923,103.000000000000000,7,3,3,11
467,4574819,2,15784.800556523015985,9,15,6,12.000000000000000,3.000000000000000,24.000000000000000,2,9,9,9
468,4574821,10,78924.002782615076285,1,21,20,12.500000000000000,6.484597134749390,125.000000000000000,8,16,1,12
469,4574823,30,236772.008347845228855,2,23,21,11.666666666666666,5.262023269512299,350.000000000000000,14,9,2,11
470,4574825,7,55246.801947830557765,1,6,5,3.285714285714286,1.484614977916181,23.000000000000000,5,3,1,3
471,4574827,25,197310.006956537690712,3,30,27,13.960000000000001,8.150975401754074,349.000000000000000,19,7,4,12
472,4574829,18,142063.205008707154775,1,17,16,8.111111111111111,5.043024763515652,146.000000000000000,11,1,3,8
473,4574831,1,7892.400278261507992,13,13,0,13.000000000000000,0.000000000000000,13.000000000000000,1,13,13,13
474,4574835,6,47354.401669569051592,4,16,12,9.666666666666666,4.422166387140534,58.000000000000000,6,4,4,8
475,4574837,3,23677.200834784525796,1,29,28,10.666666666666666,12.970050972229146,32.000000000000000,3,1,1,2
476,4574839,26,205202.407234799204161,1,25,24,8.846153846153847,7.719567084774337,230.000000000000000,15,2,5,4
477,4574841,7,55246.801947830557765,4,14,10,7.571428571428571,3.499271061118826,53.000000000000000,6,4,5,7
478,4574843,2,15784.800556523015985,8,10,2,9.000000000000000,1.000000000000000,18.000000000000000,2,8,8,8
479,4574845,7,55246.801947830557765,2,23,21,10.000000000000000,6.233549779791836,70.000000000000000,7,2,2,9
480,4574847,25,197310.006956537690712,1,27,26,11.840000000000000,6.478765314471578,296.000000000000000,16,12,1,12
481,4574849,11,86816.403060876589734,4,16,12,9.454545454545455,3.229512666969383,104.000000000000000,8,8,4,9
482,4574851,6,47354.401669569051592,2,16,14,9.666666666666666,4.109609335312652,58.000000000000000,5,10,2,10
483,4574853,6,47354.401669569051592,6,13,7,10.000000000000000,2.943920288775949,60.000000000000000,3,6,6,11
484,4574857,15,118386.004173922614427,4,37,33,22.000000000000000,10.708252269472673,330.000000000000000,11,8,4,19
485,4574859,1,7892.400278261507992,2,2,0,2.000000000000000,0.000000000000000,2.000000000000000,1,2,2,2
486,4574863,1,7892.400278261507992,3,3,0,3.000000000000000,0.000000000000000,3.000000000000000,1,3,3,3
487,4574867,2,15784.800556523015985,7,8,1,7.500000000000000,0.500000000000000,15.000000000000000,2,7,7,7
488,4575373,2,15784.800556523015985,4,15,11,9.500000000000000,5.500000000000000,19.000000000000000,2,4,4,4
489,4592081,36,284126.410017414309550,1,11,10,6.305555555555555,2.998327723215471,227.000000000000000,11,4,2,6
490,4592083,18,142063.205008707154775,2,18,16,6.944444444444445,5.285958571980238,125.000000000000000,8,4,14,4
491,4592085,7,55246.801947830557765,2,10,8,6.142857142857143,2.415933503612537,43.000000000000000,6,6,2,6
492,4592087,6,47354.401669569051592,4,31,27,12.833333333333334,9.007712744581106,77.000000000000000,5,7,4,7
493,4592089,24,189417.606678276206367,4,33,29,14.750000000000000,8.584142356694699,354.000000000000000,15,5,8,13
494,4592091,27,213094.807513060717611,1,37,36,12.888888888888889,9.738557704960192,348.000000000000000,18,8,1,9
495,4592093,9,71031.602504353577388,1,52,51,29.888888888888889,13.253464489998617,269.000000000000000,9,1,1,33
496,4592095,19,149955.605286968639120,2,30,28,9.315789473684211,5.982893434653129,177.000000000000000,9,9,4,9
497,4592097,50,394620.013913075381424,1,27,26,7.940000000000000,5.159108450110348,397.000000000000000,18,4,9,7
498,4592099,27,213094.807513060717611,2,29,27,12.666666666666666,9.051294157518356,342.000000000000000,18,3,2,10
499,4592101,8,63139.202226092063938,1,8,7,5.125000000000000,2.666341125962693,41.000000000000000,5,1,4,6
500,4592103,15,118386.004173922614427,2,17,15,9.400000000000000,5.109468335029258,141.000000000000000,9,11,4,11
501,4592105,19,149955.605286968639120,5,28,23,13.684210526315789,7.004153892166586,260.000000000000000,13,5,6,13
502,4592107,27,213094.807513060717611,1,18,17,8.777777777777779,5.370242654930920,237.000000000000000,15,13,4,10
503,4592109,26,205202.407234799204161,1,10,9,3.961538461538462,2.503547778511515,103.000000000000000,8,5,7,3
504,4592111,13,102601.203617399602081,5,18,13,11.769230769230770,4.041207857404213,153.000000000000000,8,5,9,11
505,4592113,22,173632.806121753179468,1,6,5,2.954545454545455,1.429471381228762,65.000000000000000,6,3,6,3
506,4592115,13,102601.203617399602081,2,12,10,5.846153846153846,3.676247121645699,76.000000000000000,7,2,7,6
507,4592117,21,165740.405843491666019,4,21,17,13.047619047619047,5.223355886019844,274.000000000000000,15,6,4,13
508,4592119,20,157848.005565230152570,1,20,19,7.450000000000000,5.536018424824831,149.000000000000000,13,2,5,6
509,4592121,20,157848.005565230152570,1,19,18,8.300000000000001,5.254521862167859,166.000000000000000,12,7,1,7
510,4592123,7,55246.801947830557765,1,12,11,6.571428571428571,4.169862719807550,46.000000000000000,5,3,1,6
511,4592125,21,165740.405843491666019,2,13,11,5.952380952380953,2.497163924214647,125.000000000000000,9,5,3,6
512,4592127,35,276234.009739152796101,1,11,10,6.028571428571428,2.623908908324310,211.000000000000000,11,4,3,6
513,4592129,21,165740.405843491666019,2,13,11,6.857142857142857,2.730527845110753,144.000000000000000,10,8,2,7
514,4592131,17,134170.804730445641326,3,17,14,9.000000000000000,3.180824902257829,153.000000000000000,10,8,3,8
515,4592133,20,157848.005565230152570,5,26,21,16.199999999999999,6.910861017268398,324.000000000000000,13,5,7,17
516,4592135,10,78924.002782615076285,2,12,10,6.100000000000000,2.662705391138870,61.000000000000000,7,6,2,6
517,4592137,17,134170.804730445641326,1,10,9,4.411764705882353,2.143631430386893,75.000000000000000,8,4,1,4
518,4592139,10,78924.002782615076285,1,9,8,5.300000000000000,2.934280150224243,53.000000000000000,7,2,1,5
519,4592141,15,118386.004173922614427,2,9,7,6.000000000000000,1.788854381999832,90.000000000000000,7,6,2,6
520,4592143,16,126278.404452184127877,1,9,8,5.500000000000000,2.291287847477920,88.000000000000000,7,4,1,5
521,4592145,18,142063.205008707154775,4,18,14,7.777777777777778,3.456966485800899,140.000000000000000,9,4,5,8
522,4592147,3,23677.200834784525796,1,10,9,7.000000000000000,4.242640687119285,21.000000000000000,2,10,1,10
523,4592149,12,94708.803339138103183,2,22,20,11.500000000000000,6.958208581716034,138.000000000000000,11,22,2,10
524,4592151,14,110493.603895661115530,6,21,15,12.142857142857142,4.793703353017863,170.000000000000000,12,6,7,11
525,4592153,4,31569.601113046031969,1,3,2,1.750000000000000,0.829156197588850,7.000000000000000,3,1,2,1
526,4592155,23,181525.206400014692917,4,18,14,8.217391304347826,3.911593934414776,189.000000000000000,9,6,10,7
527,4592157,25,197310.006956537690712,1,24,23,9.080000000000000,6.279617822765969,227.000000000000000,14,2,3,8
528,4592159,29,228879.608069583744509,1,12,11,5.206896551724138,3.089239504058626,151.000000000000000,12,4,6,4
529,4592161,12,94708.803339138103183,1,17,16,7.083333333333333,4.480668352923356,85.000000000000000,9,3,1,5
530,4592163,25,197310.006956537690712,1,16,15,7.280000000000000,4.440900809520519,182.000000000000000,14,2,1,7
531,4592165,9,71031.602504353577388,3,9,6,4.777777777777778,2.148786622868191,43.000000000000000,4,3,7,3
532,4592167,12,94708.803339138103183,2,9,7,4.500000000000000,2.291287847477920,54.000000000000000,5,2,9,4
533,4592169,8,63139.202226092063938,5,19,14,11.625000000000000,4.608077147791691,93.000000000000000,7,8,5,10
534,4592171,20,157848.005565230152570,4,21,17,10.350000000000000,4.850515436528370,207.000000000000000,13,8,5,9
535,4592173,1,7892.400278261507992,4,4,0,4.000000000000000,0.000000000000000,4.000000000000000,1,4,4,4
536,4592175,3,23677.200834784525796,1,4,3,2.333333333333333,1.247219128924647,7.000000000000000,3,1,1,2
537,4592177,30,236772.008347845228855,1,19,18,9.800000000000001,4.214261501141094,294.000000000000000,13,8,1,9
538,4592179,30,236772.008347845228855,2,29,27,16.166666666666668,6.643710475998248,485.000000000000000,17,23,2,16
539,4592181,5,39462.001391307538142,1,7,6,3.600000000000000,2.059126028197400,18.000000000000000,4,4,1,4
540,4592183,8,63139.202226092063938,1,4,3,2.125000000000000,1.165922381636102,17.000000000000000,3,1,4,2
541,4592185,25,197310.006956537690712,2,26,24,10.640000000000001,6.927510375308001,266.000000000000000,15,11,2,11
542,4592187,34,268341.609460891282652,3,28,25,10.205882352941176,5.799489895239296,347.000000000000000,18,7,10,8
543,4592189,8,63139.202226092063938,1,18,17,8.625000000000000,7.244610065421051,69.000000000000000,5,1,17,2
544,4592191,15,118386.004173922614427,2,11,9,5.533333333333333,2.552558629210220,83.000000000000000,6,6,3,6
545,4592195,7,55246.801947830557765,2,6,4,4.000000000000000,1.603567451474546,28.000000000000000,5,2,3,4
546,4592197,15,118386.004173922614427,1,10,9,3.800000000000000,2.256841450641434,57.000000000000000,8,3,1,3
547,4592199,22,173632.806121753179468,1,33,32,11.954545454545455,8.941615029671260,263.000000000000000,14,3,5,11
548,4592201,16,126278.404452184127877,2,22,20,14.187500000000000,5.637139678063690,227.000000000000000,13,17,2,15
549,4592203,2,15784.800556523015985,5,10,5,7.500000000000000,2.500000000000000,15.000000000000000,2,5,5,5
550,4592205,13,102601.203617399602081,2,18,16,9.153846153846153,4.943467388633733,119.000000000000000,11,7,2,7
551,4592207,7,55246.801947830557765,4,12,8,7.428571428571429,3.200765214629726,52.000000000000000,5,4,5,7
552,4592209,9,71031.602504353577388,4,10,6,7.444444444444445,2.216659704806667,67.000000000000000,5,10,4,8
553,4592211,42,331480.811686983332038,1,20,19,8.214285714285714,5.115502648512537,345.000000000000000,16,4,1,6
554,4592215,35,276234.009739152796101,1,12,11,6.857142857142857,3.398679215248663,240.000000000000000,12,2,1,7
555,4592217,33,260449.209182629769202,2,17,15,7.666666666666667,3.874287161543528,253.000000000000000,14,6,4,6
556,4592253,73,576145.220313090132549,1,27,26,10.356164383561644,6.781057142730625,756.000000000000000,23,10,21,10
557,4592255,56,441974.415582644462120,2,16,14,7.000000000000000,3.076407923908290,392.000000000000000,13,4,2,6
558,4592257,40,315696.011130460305139,1,15,14,4.225000000000000,2.650353749973765,169.000000000000000,10,4,10,4
559,4592259,69,544575.619200044078752,1,16,15,6.318840579710145,3.928685857737683,436.000000000000000,14,4,14,6
560,4592261,11,86816.403060876589734,4,11,7,6.545454545454546,2.147456692912311,72.000000000000000,6,7,10,6
561,4592263,58,457759.216139167489018,1,26,25,11.034482758620690,7.324887941337465,640.000000000000000,21,1,7,10
562,4592265,9,71031.602504353577388,3,40,37,10.777777777777779,11.272166091531020,97.000000000000000,7,3,5,6
563,4592267,37,292018.810295675822999,1,32,31,11.324324324324325,7.601756745946523,419.000000000000000,18,15,7,10
564,4592269,4,31569.601113046031969,9,16,7,13.500000000000000,2.692582403567252,54.000000000000000,4,9,9,14
565,4592271,35,276234.009739152796101,3,29,26,11.600000000000000,5.415322177462233,406.000000000000000,18,7,3,10
566,4592273,16,126278.404452184127877,2,16,14,8.437500000000000,3.774399786721062,135.000000000000000,11,10,2,8
567,4592275,99,781347.627547889249399,1,22,21,5.383838383838384,4.258579150129844,533.000000000000000,17,2,12,4
568,4592277,18,142063.205008707154775,1,17,16,7.166666666666667,4.810289896553937,129.000000000000000,11,1,5,6
569,4592279,69,544575.619200044078752,1,18,17,6.478260869565218,3.786354966448215,447.000000000000000,14,5,7,6
570,4592281,7,55246.801947830557765,4,11,7,6.857142857142857,2.415933503612538,48.000000000000000,4,8,5,8
571,4592283,30,236772.008347845228855,1,28,27,12.033333333333333,5.787822465218582,361.000000000000000,17,11,1,11
572,4592285,148,1168075.241182703291997,1,24,23,6.912162162162162,4.443229063895308,1023.000000000000000,19,4,17,6
573,4592287,36,284126.410017414309550,1,15,14,7.222222222222222,4.230255515733661,260.000000000000000,14,6,7,6
574,4592289,33,260449.209182629769202,1,12,11,4.545454545454546,2.934547707557995,150.000000000000000,11,3,9,3
575,4592291,60,473544.016695690457709,1,23,22,8.316666666666666,5.087539243637887,499.000000000000000,19,7,13,7
576,4592293,54,426189.615026121435221,1,18,17,6.870370370370370,4.501219161171766,371.000000000000000,16,2,13,6
577,4592295,18,142063.205008707154775,3,17,14,9.444444444444445,4.085505846855607,170.000000000000000,11,7,3,7
578,4592297,33,260449.209182629769202,1,17,16,5.909090909090909,3.792845228997550,195.000000000000000,13,3,5,6
579,4592299,27,213094.807513060717611,2,11,9,6.629629629629630,2.246777909348608,179.000000000000000,10,5,2,6
580,4592301,27,213094.807513060717611,1,17,16,5.185185185185185,4.295018967207177,140.000000000000000,12,2,6,4
581,4592303,59,465651.616417428944260,1,34,33,7.881355932203390,6.648779028380137,465.000000000000000,19,2,16,6
582,4592305,92,726100.825600058771670,1,30,29,6.576086956521739,6.079605421357137,605.000000000000000,22,3,10,5
583,4592307,47,370942.813078290899284,1,11,10,3.617021276595745,2.283643891914679,170.000000000000000,9,2,8,3
584,4592311,43,339373.211965244845487,1,12,11,4.511627906976744,2.983458996278818,194.000000000000000,12,1,9,4
585,4592313,16,126278.404452184127877,1,6,5,2.562500000000000,1.618979230873577,41.000000000000000,6,1,4,2
586,4592315,11,86816.403060876589734,3,14,11,8.000000000000000,3.133397807202561,88.000000000000000,8,8,3,8
587,4592317,47,370942.813078290899284,1,26,25,8.553191489361701,5.338772313406488,402.000000000000000,17,6,1,7
588,4592321,165,1302246.045913148904219,1,18,17,5.412121212121212,3.509274083249729,893.000000000000000,17,3,14,5
589,4592323,142,1120720.839513134211302,1,18,17,5.605633802816901,2.880135331520284,796.000000000000000,16,5,12,5
590,4592325,35,276234.009739152796101,1,4,3,2.028571428571428,0.940690150465962,71.000000000000000,4,1,4,2
591,4592327,8,63139.202226092063938,1,22,21,6.375000000000000,6.762719497361990,51.000000000000000,6,1,2,4
592,4592329,50,394620.013913075381424,1,20,19,8.680000000000000,5.445879176037603,434.000000000000000,16,9,14,9
593,4592331,35,276234.009739152796101,1,41,40,11.714285714285714,10.072796259718348,410.000000000000000,21,4,6,10
594,4592333,4,31569.601113046031969,25,37,12,31.250000000000000,4.264680527307995,125.000000000000000,4,25,25,31
595,4592335,32,252556.808904368255753,1,11,10,4.531250000000000,2.449290394685775,145.000000000000000,8,1,8,5
596,4592337,1,7892.400278261507992,2,2,0,2.000000000000000,0.000000000000000,2.000000000000000,1,2,2,2
597,4592339,9,71031.602504353577388,1,8,7,4.444444444444445,2.499382639822665,40.000000000000000,6,3,1,3
598,4592341,7,55246.801947830557765,2,5,3,3.000000000000000,1.069044967649698,21.000000000000000,4,2,4,3
599,4592343,16,126278.404452184127877,2,13,11,6.062500000000000,2.904065038872236,97.000000000000000,9,3,2,5
600,4592345,10,78924.002782615076285,2,11,9,6.300000000000000,3.067572330035594,63.000000000000000,8,2,6,6
601,4592351,21,165740.405843491666019,1,23,22,10.571428571428571,6.448118430404099,222.000000000000000,14,1,6,10
602,4592353,11,86816.403060876589734,1,7,6,4.363636363636363,2.143604749554836,48.000000000000000,6,7,5,4
603,4592355,46,363050.412800029385835,1,20,19,9.217391304347826,3.988641718671205,424.000000000000000,15,9,1,9
604,4592357,10,78924.002782615076285,3,10,7,7.700000000000000,2.147091055358390,77.000000000000000,6,9,3,8
605,4592363,4,31569.601113046031969,1,8,7,3.750000000000000,2.586020108197150,15.000000000000000,3,3,1,3
606,4592365,13,102601.203617399602081,1,11,10,4.076923076923077,3.245388170727537,53.000000000000000,7,1,3,3
607,4592367,6,47354.401669569051592,5,18,13,9.166666666666666,4.561310727801337,55.000000000000000,5,6,5,6
608,4592369,9,71031.602504353577388,1,12,11,6.666666666666667,3.651483716701108,60.000000000000000,7,1,4,8
609,4592371,4,31569.601113046031969,1,5,4,2.750000000000000,1.479019945774904,11.000000000000000,4,1,1,2
610,4592373,13,102601.203617399602081,2,11,9,7.461538461538462,2.762813076318149,97.000000000000000,8,9,2,8
611,4592375,28,220987.207791322231060,1,15,14,7.678571428571429,4.621792875903799,215.000000000000000,13,12,4,7
612,4592377,17,134170.804730445641326,1,28,27,9.823529411764707,7.724942749589090,167.000000000000000,12,1,2,8
613,4592379,16,126278.404452184127877,1,15,14,7.625000000000000,3.789376597806029,122.000000000000000,9,4,1,7
614,4592381,41,323588.411408721818589,3,16,13,9.585365853658537,3.526731436081950,393.000000000000000,14,10,6,10
615,4592383,70,552468.019478305592202,1,23,22,7.657142857142857,5.671698446259826,536.000000000000000,18,1,3,8
616,4592385,54,426189.615026121435221,5,28,23,15.722222222222221,6.479073626817989,849.000000000000000,21,12,5,15
617,4592387,25,197310.006956537690712,1,25,24,12.000000000000000,7.205553413860729,300.000000000000000,16,4,1,13
618,4592389,24,189417.606678276206367,1,31,30,11.333333333333334,7.738791177495933,272.000000000000000,16,11,4,10
619,4592391,37,292018.810295675822999,1,27,26,11.675675675675675,5.991228065484703,432.000000000000000,19,10,2,11
620,4592393,5,39462.001391307538142,3,13,10,7.800000000000000,4.308131845707604,39.000000000000000,3,5,3,5
621,4592395,15,118386.004173922614427,2,22,20,13.000000000000000,5.910442735813733,195.000000000000000,12,5,2,13
622,4592397,14,110493.603895661115530,5,21,16,13.428571428571429,4.186957397072243,188.000000000000000,9,15,5,13
623,4592399,2,15784.800556523015985,8,8,0,8.000000000000000,0.000000000000000,16.000000000000000,1,8,8,8
624,4592401,46,363050.412800029385835,1,16,15,6.847826086956522,4.237346335827914,315.000000000000000,15,5,2,5
625,4592403,9,71031.602504353577388,2,9,7,5.888888888888889,2.514157444218835,53.000000000000000,6,5,2,5
626,4592405,4,31569.601113046031969,8,14,6,11.000000000000000,2.236067977499790,44.000000000000000,4,8,8,10
627,4592407,3,23677.200834784525796,1,2,1,1.333333333333333,0.471404520791032,4.000000000000000,2,1,2,1
628,4592409,3,23677.200834784525796,3,4,1,3.666666666666667,0.471404520791033,11.000000000000000,2,4,3,4
629,4592411,1,7892.400278261507992,3,3,0,3.000000000000000,0.000000000000000,3.000000000000000,1,3,3,3
630,4592413,5,39462.001391307538142,2,3,1,2.800000000000000,0.400000000000001,14.000000000000000,2,3,2,3
631,4592763,1,7892.400278261507992,5,5,0,5.000000000000000,0.000000000000000,5.000000000000000,1,5,5,5
632,4592765,9,71031.602504353577388,4,15,11,8.777777777777779,3.456966485800899,79.000000000000000,8,5,4,9
633,4592767,9,71031.602504353577388,1,6,5,3.111111111111111,1.594744454934147,28.000000000000000,5,2,1,2
634,4592769,14,110493.603895661115530,2,10,8,5.785714285714286,2.273404351834222,81.000000000000000,9,5,2,5
635,4592771,7,55246.801947830557765,2,6,4,3.285714285714286,1.277753129999880,23.000000000000000,4,3,4,3
636,4592773,7,55246.801947830557765,2,23,21,9.571428571428571,7.088363560031588,67.000000000000000,5,4,2,6
637,4592775,7,55246.801947830557765,2,7,5,4.142857142857143,1.456862718169367,29.000000000000000,5,4,2,4
638,4592777,25,197310.006956537690712,1,7,6,2.840000000000000,1.665653025092561,71.000000000000000,7,2,6,2
639,4592779,19,149955.605286968639120,1,8,7,3.473684210526316,1.728047911513895,66.000000000000000,7,3,6,3
640,4592781,18,142063.205008707154775,1,41,40,8.388888888888889,10.688201641108183,151.000000000000000,9,2,8,3
641,4592785,22,173632.806121753179468,2,11,9,6.545454545454546,2.903403531394783,144.000000000000000,9,8,5,7
642,4592787,8,63139.202226092063938,1,9,8,3.625000000000000,2.546443598432920,29.000000000000000,6,1,2,3
643,4592789,19,149955.605286968639120,1,28,27,10.578947368421053,8.197019930076541,201.000000000000000,14,3,1,9
644,4592791,20,157848.005565230152570,3,20,17,8.750000000000000,4.846390409366542,175.000000000000000,13,3,4,7
645,4592793,11,86816.403060876589734,2,22,20,9.545454545454545,5.646618237552558,105.000000000000000,9,6,2,9
646,4592795,34,268341.609460891282652,1,24,23,8.235294117647058,7.050485271281236,280.000000000000000,17,2,9,5
647,4592797,24,189417.606678276206367,2,16,14,8.875000000000000,3.320548398482797,213.000000000000000,11,8,4,8
648,4592799,20,157848.005565230152570,2,9,7,5.150000000000000,2.080264406271472,103.000000000000000,8,4,2,4
649,4592801,55,434082.015304382948671,1,17,16,5.345454545454546,3.265345209750873,294.000000000000000,13,1,10,5
650,4592803,44,347265.612243506358936,1,19,18,7.500000000000000,4.783969443502293,330.000000000000000,17,6,1,6
651,4592805,29,228879.608069583744509,2,12,10,6.758620689655173,2.673692686204156,196.000000000000000,11,4,2,6
652,4592807,53,418297.214747859921772,2,16,14,5.981132075471698,2.877961582326721,317.000000000000000,12,4,11,5
653,4592809,37,292018.810295675822999,1,23,22,10.729729729729730,5.258962227544306,397.000000000000000,15,14,1,10
654,4592811,56,441974.415582644462120,1,25,24,5.678571428571429,6.327680524198936,318.000000000000000,17,2,6,2
655,4592813,28,220987.207791322231060,1,17,16,7.464285714285714,3.610323915594030,209.000000000000000,13,4,1,6
656,4592815,13,102601.203617399602081,1,7,6,2.538461538461538,1.549957052277684,33.000000000000000,5,2,4,2
657,4592817,12,94708.803339138103183,4,15,11,10.500000000000000,3.354101966249685,126.000000000000000,9,12,4,11
658,4592819,28,220987.207791322231060,2,47,45,17.392857142857142,11.251473826361867,487.000000000000000,18,2,4,14
659,4592821,27,213094.807513060717611,2,27,25,12.481481481481481,6.751517636635871,337.000000000000000,16,8,2,10
660,4592823,67,528790.818643521051854,1,45,44,9.402985074626866,8.994292886167612,630.000000000000000,23,3,8,6
661,4592825,33,260449.209182629769202,1,32,31,8.727272727272727,8.232502941584388,288.000000000000000,16,2,1,5
662,4592827,20,157848.005565230152570,3,19,16,8.900000000000000,5.855766388782940,178.000000000000000,9,3,4,6
663,4592829,27,213094.807513060717611,2,17,15,9.444444444444445,4.254264382017032,255.000000000000000,12,8,3,8
664,4592831,8,63139.202226092063938,2,15,13,5.500000000000000,4.500000000000000,44.000000000000000,5,2,11,3
665,4592833,31,244664.408626106742304,1,18,17,6.387096774193548,3.318349952911778,198.000000000000000,11,4,1,6
666,4592835,64,505113.617808736511506,1,17,16,5.953125000000000,3.492982641579399,381.000000000000000,14,4,15,5
667,4592837,5,39462.001391307538142,1,3,2,1.800000000000000,0.748331477354788,9.000000000000000,3,1,3,2
668,4592839,51,402512.414191336894874,1,24,23,7.372549019607843,5.999871842793812,376.000000000000000,17,2,11,5
669,4592841,27,213094.807513060717611,1,17,16,4.740740740740740,4.342661690992549,128.000000000000000,12,1,4,3
670,4592843,27,213094.807513060717611,2,14,12,7.333333333333333,3.366501646120693,198.000000000000000,10,4,2,6
671,4592845,33,260449.209182629769202,1,17,16,4.000000000000000,3.152680437246049,132.000000000000000,9,2,8,3
672,4592847,41,323588.411408721818589,1,30,29,10.292682926829269,6.630468851608272,422.000000000000000,21,6,2,9
673,4592849,43,339373.211965244845487,2,37,35,10.395348837209303,6.799930009502051,447.000000000000000,21,8,5,9
674,4592851,13,102601.203617399602081,2,18,16,7.307692307692307,5.209231677949851,95.000000000000000,10,2,5,5
675,4592853,55,434082.015304382948671,1,31,30,9.090909090909092,6.348293191581575,500.000000000000000,20,8,3,8
676,4592855,42,331480.811686983332038,1,27,26,11.214285714285714,6.104392307361715,471.000000000000000,20,8,1,10
677,4592857,16,126278.404452184127877,2,30,28,13.125000000000000,7.201345360417038,210.000000000000000,11,9,2,10
678,4592859,45,355158.012521767872386,2,33,31,10.266666666666667,7.279804637183305,462.000000000000000,19,8,3,8
679,4592861,16,126278.404452184127877,1,12,11,6.562500000000000,3.570167187961931,105.000000000000000,9,6,1,6
680,4592863,17,134170.804730445641326,1,23,22,9.882352941176471,6.542911323051451,168.000000000000000,9,14,2,9
681,4592865,15,118386.004173922614427,2,18,16,7.466666666666667,4.425180473406957,112.000000000000000,11,2,3,7
682,4592867,30,236772.008347845228855,1,12,11,4.766666666666667,3.451408730101699,143.000000000000000,11,1,4,3
683,4592869,11,86816.403060876589734,4,13,9,8.090909090909092,3.502065506228767,89.000000000000000,7,4,5,7
684,4592871,35,276234.009739152796101,1,24,23,9.657142857142857,6.480488769674519,338.000000000000000,17,4,6,8
685,4592873,23,181525.206400014692917,1,36,35,11.826086956521738,8.223255326593696,272.000000000000000,14,16,1,11
686,4592875,37,292018.810295675822999,1,37,36,6.135135135135135,8.621663983628878,227.000000000000000,10,3,6,3
687,4592877,19,149955.605286968639120,1,7,6,3.578947368421053,1.900575798449241,68.000000000000000,6,2,6,3
688,4592879,3,23677.200834784525796,1,4,3,2.000000000000000,1.414213562373095,6.000000000000000,2,1,4,1
689,4592881,38,299911.210573937278241,1,26,25,11.421052631578947,6.792532970484917,434.000000000000000,19,5,1,9
690,4592883,68,536683.218921782565303,2,38,36,10.250000000000000,6.941721688457410,697.000000000000000,21,7,11,8
691,4592885,14,110493.603895661115530,1,22,21,7.357142857142857,7.036711314417338,103.000000000000000,8,2,1,4
692,4592887,16,126278.404452184127877,3,32,29,12.312500000000000,8.563868503777950,197.000000000000000,9,5,3,9
693,4592889,37,292018.810295675822999,1,28,27,7.000000000000000,7.105384330666884,259.000000000000000,16,3,4,4
694,4592891,5,39462.001391307538142,1,4,3,2.600000000000000,1.019803902718557,13.000000000000000,4,3,1,3
695,4592893,1,7892.400278261507992,1,1,0,1.000000000000000,0.000000000000000,1.000000000000000,1,1,1,1
696,4592895,56,441974.415582644462120,2,25,23,8.232142857142858,5.496723281804778,461.000000000000000,19,5,12,7
697,4592897,9,71031.602504353577388,1,10,9,4.222222222222222,3.735052514215913,38.000000000000000,5,1,6,1
698,4592899,37,292018.810295675822999,1,23,22,7.675675675675675,5.013786690306521,284.000000000000000,15,3,6,7
699,4592901,9,71031.602504353577388,1,2,1,1.333333333333333,0.471404520791032,12.000000000000000,2,1,2,1
700,4592903,1,7892.400278261507992,4,4,0,4.000000000000000,0.000000000000000,4.000000000000000,1,4,4,4
701,4592905,5,39462.001391307538142,1,5,4,2.000000000000000,1.549193338482967,10.000000000000000,3,1,2,1
702,4592907,104,820809.628939196816646,1,39,38,8.865384615384615,7.294699988964186,922.000000000000000,27,2,9,6
703,4592909,17,134170.804730445641326,1,15,14,6.941176470588236,3.605071399069308,118.000000000000000,10,5,1,6
704,4592911,84,662961.623373966664076,1,21,20,8.559523809523810,4.195664401884716,719.000000000000000,19,5,1,8
705,4592913,21,165740.405843491666019,1,25,24,7.619047619047619,6.615106740500006,160.000000000000000,12,2,5,5
706,4592915,29,228879.608069583744509,2,30,28,13.379310344827585,8.070439004866605,388.000000000000000,19,5,2,12
707,4592917,7,55246.801947830557765,4,13,9,6.857142857142857,2.899683304312064,48.000000000000000,5,5,4,6
708,4592919,12,94708.803339138103183,5,31,26,15.166666666666666,8.050189783822217,182.000000000000000,8,11,5,11
709,4592921,29,228879.608069583744509,1,19,18,9.758620689655173,4.650955944851686,283.000000000000000,16,8,1,9
710,4592923,49,386727.613634813867975,1,32,31,13.653061224489797,7.322180506078670,669.000000000000000,23,13,1,13
711,4592925,34,268341.609460891282652,1,28,27,8.088235294117647,7.175807587503442,275.000000000000000,16,1,3,6
712,4592929,15,118386.004173922614427,8,42,34,22.133333333333333,10.098624768859482,332.000000000000000,12,13,8,18
713,4592931,22,173632.806121753179468,1,16,15,8.136363636363637,5.092735062147169,179.000000000000000,11,1,6,7
714,4592933,26,205202.407234799204161,1,20,19,8.038461538461538,5.087547158963203,209.000000000000000,15,6,2,6
715,4592935,24,189417.606678276206367,2,27,25,9.750000000000000,5.285593627966493,234.000000000000000,14,6,2,9
716,4592937,20,157848.005565230152570,1,15,14,4.200000000000000,3.515679166249389,84.000000000000000,9,1,4,3
717,4592939,6,47354.401669569051592,3,16,13,10.166666666666666,4.219662967057388,61.000000000000000,6,3,3,9
718,4592941,10,78924.002782615076285,1,10,9,5.900000000000000,2.879236009777593,59.000000000000000,7,1,6,6
719,4592943,7,55246.801947830557765,2,4,2,2.857142857142857,0.638876564999940,20.000000000000000,3,3,4,3
720,4592945,7,55246.801947830557765,2,9,7,6.428571428571429,2.194613070819603,45.000000000000000,6,8,2,7
721,4592947,3,23677.200834784525796,1,8,7,5.000000000000000,2.943920288775949,15.000000000000000,3,1,1,6
722,4592949,48,378835.213356552412733,1,22,21,9.354166666666666,4.754338296639070,449.000000000000000,18,4,1,9
723,4592951,31,244664.408626106742304,1,25,24,11.322580645161290,6.873920310641138,351.000000000000000,17,4,6,10
724,4592953,41,323588.411408721818589,3,32,29,13.609756097560975,7.605768185831669,558.000000000000000,24,11,4,11
725,4592955,4,31569.601113046031969,2,8,6,5.000000000000000,2.121320343559642,20.000000000000000,3,5,2,5
726,4592957,19,149955.605286968639120,3,13,10,6.736842105263158,3.126156295772105,128.000000000000000,9,3,12,6
727,4592959,11,86816.403060876589734,4,12,8,8.181818181818182,1.898237547074645,90.000000000000000,5,9,4,9
728,4592961,15,118386.004173922614427,1,17,16,4.933333333333334,4.836895239257881,74.000000000000000,7,1,15,3
729,4592963,7,55246.801947830557765,4,25,21,16.428571428571427,7.518684209680439,115.000000000000000,7,4,4,20
730,4592965,7,55246.801947830557765,1,11,10,6.714285714285714,2.762725657973388,47.000000000000000,5,7,1,7
731,4592967,14,110493.603895661115530,1,12,11,6.142857142857143,3.795808644453263,86.000000000000000,10,4,2,4
732,4592969,24,189417.606678276206367,2,11,9,4.166666666666667,2.153807997220014,100.000000000000000,7,3,8,3
733,4592971,16,126278.404452184127877,2,17,15,9.812500000000000,4.759447840873981,157.000000000000000,12,3,2,9
734,4592973,21,165740.405843491666019,2,17,15,9.380952380952381,4.358638827237679,197.000000000000000,12,8,2,10
735,4592975,49,386727.613634813867975,1,31,30,11.040816326530612,8.241158982474936,541.000000000000000,23,3,5,10
736,4592977,48,378835.213356552412733,2,30,28,7.500000000000000,5.354126134736337,360.000000000000000,16,2,10,6
737,4592979,4,31569.601113046031969,8,16,8,12.000000000000000,3.162277660168380,48.000000000000000,4,8,8,10
738,4592981,69,544575.619200044078752,1,34,33,9.347826086956522,6.866904639797548,645.000000000000000,23,4,2,7
739,4592983,37,292018.810295675822999,1,23,22,11.135135135135135,6.380553912081751,412.000000000000000,18,8,2,9
740,4592985,27,213094.807513060717611,1,21,20,7.814814814814815,5.221302782207160,211.000000000000000,14,3,1,7
741,4592987,42,331480.811686983332038,1,17,16,3.785714285714286,3.082482875908982,159.000000000000000,10,3,6,3
742,4592989,26,205202.407234799204161,2,15,13,7.769230769230769,4.431597144872023,202.000000000000000,13,4,5,7
743,4592991,28,220987.207791322231060,2,23,21,10.464285714285714,6.264880245447308,293.000000000000000,15,7,6,8
744,4592993,18,142063.205008707154775,2,16,14,8.222222222222221,4.441665798068153,148.000000000000000,8,8,2,8
745,4592995,42,331480.811686983332038,3,60,57,13.238095238095237,12.644986817311331,556.000000000000000,20,4,8,9
746,4592997,33,260449.209182629769202,4,20,16,11.545454545454545,3.931927656559659,381.000000000000000,13,11,8,11
747,4592999,24,189417.606678276206367,1,19,18,3.958333333333333,4.532100016058290,95.000000000000000,8,2,6,2
748,4593001,10,78924.002782615076285,1,6,5,3.400000000000000,1.624807680927192,34.000000000000000,6,1,2,3
749,4593003,99,781347.627547889249399,1,43,42,12.222222222222221,10.574942324322080,1210.000000000000000,29,2,7,8
750,4593005,36,284126.410017414309550,3,22,19,12.361111111111111,5.483068776686697,445.000000000000000,18,11,5,11
751,4593007,12,94708.803339138103183,1,36,35,15.333333333333334,9.436925111261376,184.000000000000000,10,13,1,13
752,4593009,7,55246.801947830557765,2,25,23,9.857142857142858,7.059513771774763,69.000000000000000,6,7,2,7
753,4593011,29,228879.608069583744509,2,24,22,11.103448275862069,6.582866096194579,322.000000000000000,14,15,10,10
754,4593013,49,386727.613634813867975,1,18,17,6.816326530612245,3.750773903205790,334.000000000000000,16,8,9,7
755,4593015,23,181525.206400014692917,1,16,15,4.478260869565218,3.797820487290862,103.000000000000000,9,1,10,3
756,4593017,34,268341.609460891282652,1,15,14,5.529411764705882,3.466098791213232,188.000000000000000,13,2,8,5
757,4593019,40,315696.011130460305139,1,24,23,5.775000000000000,5.888495138827916,231.000000000000000,15,2,6,3
758,4593021,35,276234.009739152796101,1,14,13,7.857142857142857,3.296256379963333,275.000000000000000,14,7,1,8
759,4593023,38,299911.210573937278241,1,26,25,8.578947368421053,6.888707689313639,326.000000000000000,17,2,10,6
760,4593025,2,15784.800556523015985,6,13,7,9.500000000000000,3.500000000000000,19.000000000000000,2,6,6,6
761,4593027,38,299911.210573937278241,1,36,35,5.763157894736842,7.303330929054207,219.000000000000000,11,3,11,3
762,4593029,18,142063.205008707154775,1,21,20,10.055555555555555,7.003746792667656,181.000000000000000,13,4,1,8
763,4593031,6,47354.401669569051592,1,12,11,6.000000000000000,4.396968652757639,36.000000000000000,5,1,4,4
764,4593033,43,339373.211965244845487,1,15,14,5.395348837209302,3.126328814289499,232.000000000000000,10,5,1,5
765,4593037,30,236772.008347845228855,1,7,6,3.333333333333333,1.299572579307861,100.000000000000000,6,3,7,3
766,4593039,1,7892.400278261507992,2,2,0,2.000000000000000,0.000000000000000,2.000000000000000,1,2,2,2
767,4593043,1,7892.400278261507992,4,4,0,4.000000000000000,0.000000000000000,4.000000000000000,1,4,4,4
768,4593045,23,181525.206400014692917,1,13,12,5.695652173913044,3.140683705801426,131.000000000000000,11,5,1,5
769,4593047,94,741885.626156581798568,1,29,28,10.489361702127660,7.226936434677816,986.000000000000000,24,4,1,8
770,4593049,17,134170.804730445641326,4,14,10,8.058823529411764,3.539202107409724,137.000000000000000,7,11,6,8
771,4593051,35,276234.009739152796101,1,16,15,4.485714285714286,3.263402506337112,157.000000000000000,10,2,12,4
772,4593053,38,299911.210573937278241,1,19,18,9.789473684210526,4.872899789095878,372.000000000000000,16,4,1,10
773,4593055,65,513006.018086998024955,1,25,24,7.046153846153846,5.136388342707412,458.000000000000000,18,3,15,6
774,4593057,5,39462.001391307538142,1,13,12,7.400000000000000,4.409081537009721,37.000000000000000,5,1,1,8
775,4593059,41,323588.411408721818589,1,30,29,10.731707317073171,7.483394267843653,440.000000000000000,22,8,2,9
776,4593061,3,23677.200834784525796,5,12,7,8.000000000000000,2.943920288775949,24.000000000000000,3,5,5,7
777,4593063,11,86816.403060876589734,1,15,14,5.000000000000000,3.931226965534482,55.000000000000000,7,2,1,3
778,4593065,36,284126.410017414309550,2,22,20,12.638888888888889,4.497856142268582,455.000000000000000,15,10,2,12
779,4593067,4,31569.601113046031969,1,6,5,3.500000000000000,2.061552812808830,14.000000000000000,4,1,1,2
780,4593069,33,260449.209182629769202,3,23,20,12.515151515151516,5.732000613891210,413.000000000000000,15,13,5,13
781,4593071,18,142063.205008707154775,2,19,17,9.777777777777779,5.276315586926117,176.000000000000000,12,6,2,9
782,4593073,18,142063.205008707154775,1,18,17,7.833333333333333,3.547299442298794,141.000000000000000,9,6,1,7
783,4593075,16,126278.404452184127877,3,40,37,13.875000000000000,10.757991215835789,222.000000000000000,13,3,5,8
784,4593077,21,165740.405843491666019,2,17,15,8.000000000000000,4.186144947778269,168.000000000000000,12,5,7,7
785,4593079,20,157848.005565230152570,5,24,19,10.150000000000000,4.840196277011914,203.000000000000000,10,5,13,8
786,4593081,37,292018.810295675822999,4,47,43,21.216216216216218,13.998330277138239,785.000000000000000,23,8,4,19
787,4593083,30,236772.008347845228855,6,31,25,18.433333333333334,5.625438254532313,553.000000000000000,19,17,6,17
788,4593085,24,189417.606678276206367,7,38,31,20.041666666666668,9.550214511843290,481.000000000000000,19,12,9,17
789,4593087,9,71031.602504353577388,2,6,4,4.000000000000000,1.333333333333333,36.000000000000000,5,3,2,4
790,4593089,48,378835.213356552412733,2,45,43,15.937500000000000,11.154980670086346,765.000000000000000,24,3,4,13
791,4593091,51,402512.414191336894874,1,20,19,7.254901960784314,5.246261553192516,370.000000000000000,17,4,13,6
792,4593093,22,173632.806121753179468,1,17,16,8.863636363636363,3.571292795530068,195.000000000000000,10,8,1,8
793,4593095,43,339373.211965244845487,1,20,19,5.209302325581396,4.140318713352165,224.000000000000000,12,3,7,4
794,4593097,10,78924.002782615076285,5,18,13,10.400000000000000,4.340506882842139,104.000000000000000,9,5,7,9
795,4593099,3,23677.200834784525796,1,4,3,3.000000000000000,1.414213562373095,9.000000000000000,2,4,1,4
796,4593101,25,197310.006956537690712,1,19,18,5.800000000000000,4.630334761116091,145.000000000000000,12,1,7,5
797,4593103,2,15784.800556523015985,1,2,1,1.500000000000000,0.500000000000000,3.000000000000000,2,1,1,1
798,4593107,18,142063.205008707154775,8,46,38,22.000000000000000,7.993052538854532,396.000000000000000,15,18,8,21
799,4593109,26,205202.407234799204161,8,26,18,15.269230769230770,5.163166085229935,397.000000000000000,14,10,9,14
800,4593111,25,197310.006956537690712,6,40,34,15.680000000000000,6.291073040428001,392.000000000000000,10,16,6,16
801,4593113,37,292018.810295675822999,4,44,40,18.594594594594593,10.504720842115779,688.000000000000000,21,9,5,19
802,4593117,2,15784.800556523015985,9,9,0,9.000000000000000,0.000000000000000,18.000000000000000,1,9,9,9
803,4593119,7,55246.801947830557765,2,6,4,4.857142857142857,1.245399698154478,34.000000000000000,3,5,2,5
804,4593121,14,110493.603895661115530,1,15,14,5.928571428571429,3.594922723474748,83.000000000000000,9,3,1,6
805,4593123,12,94708.803339138103183,1,14,13,6.416666666666667,3.967751952372470,77.000000000000000,9,2,1,6
806,4593173,47,370942.813078290899284,1,19,18,6.063829787234043,4.411803584096264,285.000000000000000,15,2,5,4
807,4593175,66,520898.418365259538405,1,35,34,5.363636363636363,4.234191145383895,354.000000000000000,11,4,10,5
808,4593177,134,1057581.637287042103708,1,45,44,11.067164179104477,9.038225424484139,1483.000000000000000,32,2,15,9
809,4593179,32,252556.808904368255753,1,9,8,3.531250000000000,1.936239509332459,113.000000000000000,8,3,9,3
810,4593181,6,47354.401669569051592,2,7,5,4.333333333333333,1.490711984999860,26.000000000000000,4,4,2,4
811,4593183,47,370942.813078290899284,1,31,30,13.170212765957446,7.526744228292530,619.000000000000000,25,10,1,11
812,4593185,58,457759.216139167489018,1,23,22,10.206896551724139,5.501594191184121,592.000000000000000,21,10,1,10
813,4593187,57,449866.815860905975569,1,33,32,7.754385964912281,6.486911793986482,442.000000000000000,19,1,15,6
814,4593189,47,370942.813078290899284,1,16,15,4.340425531914893,3.422557185974110,204.000000000000000,12,3,8,3
815,4593191,98,773455.227269627735950,1,25,24,7.204081632653061,5.672992198402182,706.000000000000000,21,2,15,5
816,4593193,52,410404.814469598408323,1,8,7,2.884615384615385,1.489112360200457,150.000000000000000,7,2,8,2
817,4593195,98,773455.227269627735950,1,17,16,4.469387755102041,3.004092724025665,438.000000000000000,14,2,9,4
818,4593197,102,805024.828382673789747,1,23,22,4.529411764705882,4.098555179077137,462.000000000000000,15,2,9,3
819,4593199,55,434082.015304382948671,1,11,10,4.945454545454545,2.652053624976703,272.000000000000000,10,4,9,4
820,4593201,166,1310138.446191410301253,1,17,16,5.036144578313253,3.100508248785006,836.000000000000000,14,5,12,5
821,4593203,45,355158.012521767872386,2,30,28,9.844444444444445,6.934472840832741,443.000000000000000,21,3,9,8
822,4593205,28,220987.207791322231060,1,11,10,3.750000000000000,2.414613249126481,105.000000000000000,9,2,4,3
823,4593207,42,331480.811686983332038,1,27,26,7.785714285714286,6.258463657075814,327.000000000000000,16,2,6,5
824,4593209,133,1049689.237008780473843,1,14,13,4.300751879699249,2.566367089132159,572.000000000000000,13,4,10,4
825,4593211,38,299911.210573937278241,1,22,21,12.157894736842104,5.659302150532779,462.000000000000000,17,8,1,10
826,4593213,84,662961.623373966664076,1,23,22,5.309523809523809,4.442693816219075,446.000000000000000,15,1,15,4
827,4593215,177,1396954.849252286832780,1,13,12,3.903954802259887,2.437196722130559,691.000000000000000,12,2,12,3
828,4593217,51,402512.414191336894874,1,22,21,7.058823529411764,5.535666049891102,360.000000000000000,19,1,5,6
829,4593219,45,355158.012521767872386,2,15,13,7.288888888888889,3.422943646903429,328.000000000000000,13,7,15,7
830,4593221,52,410404.814469598408323,1,24,23,7.500000000000000,5.762945293991472,390.000000000000000,16,5,1,5
831,4593223,8,63139.202226092063938,2,6,4,3.625000000000000,1.653594569415369,29.000000000000000,4,2,5,3
832,4593225,20,157848.005565230152570,2,28,26,14.100000000000000,8.067837380611982,282.000000000000000,13,8,2,10
833,4593227,19,149955.605286968639120,3,23,20,11.210526315789474,6.477320330998006,213.000000000000000,13,5,3,11
834,4593229,24,189417.606678276206367,8,46,38,24.250000000000000,9.188987974744553,582.000000000000000,16,30,16,24
835,4593231,22,173632.806121753179468,1,8,7,2.727272727272727,2.026681528146178,60.000000000000000,6,1,8,2
836,4593233,21,165740.405843491666019,1,14,13,6.238095238095238,3.407341679999680,131.000000000000000,11,4,8,6
837,4593235,86,678746.423930489690974,1,21,20,7.325581395348837,4.542926677981314,630.000000000000000,17,4,15,7
838,4593237,34,268341.609460891282652,2,32,30,14.323529411764707,8.956498095320955,487.000000000000000,17,9,3,12
839,4593239,71,560360.419756567105651,1,23,22,8.098591549295774,5.096684726306426,575.000000000000000,19,5,1,7
840,4593241,11,86816.403060876589734,1,29,28,12.272727272727273,10.523488093445659,135.000000000000000,10,1,2,9
841,4593243,54,426189.615026121435221,1,16,15,6.166666666666667,3.980275441799549,333.000000000000000,14,3,14,5
842,4593245,13,102601.203617399602081,3,16,13,8.769230769230770,3.682679754949484,114.000000000000000,9,11,5,9
843,4593247,21,165740.405843491666019,5,15,10,10.142857142857142,3.255555168597566,213.000000000000000,11,9,6,10
844,4593249,43,339373.211965244845487,1,15,14,7.930232558139535,3.817921928601141,341.000000000000000,15,5,1,7
845,4593251,62,489328.817252213484608,1,13,12,6.564516129032258,2.762776582224528,407.000000000000000,13,7,1,7
846,4593253,132,1041796.836730519076809,1,21,20,7.689393939393939,4.700310395549289,1015.000000000000000,21,4,16,7
847,4593255,29,228879.608069583744509,1,26,25,4.448275862068965,6.066221950397654,129.000000000000000,9,2,6,2
848,4593257,30,236772.008347845228855,2,22,20,8.900000000000000,5.832952368512307,267.000000000000000,14,5,11,7
849,4593259,37,292018.810295675822999,2,34,32,9.594594594594595,7.186546964160109,355.000000000000000,15,4,19,7
850,4593261,44,347265.612243506358936,1,36,35,8.636363636363637,8.568151675857276,380.000000000000000,18,2,8,5
851,4593263,26,205202.407234799204161,3,52,49,16.346153846153847,12.041410304867844,425.000000000000000,17,3,6,14
852,4593265,42,331480.811686983332038,1,30,29,11.095238095238095,8.470704484700207,466.000000000000000,21,2,10,9
853,4593267,11,86816.403060876589734,2,17,15,9.818181818181818,4.686890456236450,108.000000000000000,9,7,2,10
854,4593269,58,457759.216139167489018,1,27,26,8.931034482758621,5.827586206896552,518.000000000000000,18,2,1,8
855,4593271,49,386727.613634813867975,1,18,17,5.918367346938775,3.379631272568890,290.000000000000000,13,5,11,5
856,4593273,91,718208.425321797258221,1,30,29,7.769230769230769,6.092829370494004,707.000000000000000,21,3,10,6
857,4593275,98,773455.227269627735950,1,24,23,7.010204081632653,4.224551414319423,687.000000000000000,16,7,24,7
858,4593277,19,149955.605286968639120,1,5,4,3.157894736842105,1.225310181770822,60.000000000000000,5,2,1,3
859,4593279,7,55246.801947830557765,1,6,5,3.714285714285714,1.665986255670086,26.000000000000000,6,5,1,4
860,4593281,132,1041796.836730519076809,1,23,22,7.575757575757576,4.946871083522195,1000.000000000000000,22,2,18,7
861,4593283,16,126278.404452184127877,1,10,9,5.312500000000000,2.754967105066774,85.000000000000000,9,7,1,6
862,4593285,17,134170.804730445641326,2,10,8,6.117647058823529,2.111100993520748,104.000000000000000,8,5,2,6
863,4593287,18,142063.205008707154775,1,11,10,4.277777777777778,2.577801724026707,77.000000000000000,9,3,1,3
864,4593289,24,189417.606678276206367,2,17,15,7.791666666666667,3.774687257096790,187.000000000000000,12,10,3,8
865,4593291,16,126278.404452184127877,1,6,5,3.312500000000000,1.757795138803154,53.000000000000000,6,2,3,2
866,4593293,10,78924.002782615076285,1,14,13,9.300000000000001,4.712748667179270,93.000000000000000,5,12,1,12
867,4593295,1,7892.400278261507992,3,3,0,3.000000000000000,0.000000000000000,3.000000000000000,1,3,3,3
868,4593297,7,55246.801947830557765,1,15,14,3.428571428571428,4.776643856371568,24.000000000000000,4,1,2,1
869,4593299,9,71031.602504353577388,1,12,11,7.444444444444445,2.832788618662658,67.000000000000000,5,8,1,8
870,4593301,8,63139.202226092063938,1,10,9,3.125000000000000,2.758509561339239,25.000000000000000,5,2,3,2
871,4593303,28,220987.207791322231060,1,18,17,6.892857142857143,4.608526923883950,193.000000000000000,14,2,1,6
872,4593305,6,47354.401669569051592,5,12,7,7.666666666666667,2.808716591058785,46.000000000000000,4,5,9,5
873,4593311,6,47354.401669569051592,7,21,14,10.166666666666666,4.913134324327893,61.000000000000000,4,7,8,8
874,4593313,21,165740.405843491666019,6,28,22,15.666666666666666,6.416743969849755,329.000000000000000,15,11,6,13
875,4593315,22,173632.806121753179468,1,16,15,5.545454545454546,3.822508371205207,122.000000000000000,11,4,2,4
876,4593317,22,173632.806121753179468,4,23,19,9.636363636363637,4.051323628210397,212.000000000000000,12,8,4,8
877,4593319,2,15784.800556523015985,3,7,4,5.000000000000000,2.000000000000000,10.000000000000000,2,3,3,3
878,4593321,21,165740.405843491666019,2,17,15,5.809523809523809,3.567299200062485,122.000000000000000,9,7,6,5
879,4593325,7,55246.801947830557765,4,15,11,8.714285714285714,3.368521749300456,61.000000000000000,7,4,4,8
880,4593327,4,31569.601113046031969,2,9,7,5.250000000000000,2.586020108197150,21.000000000000000,4,2,2,4
881,4593329,20,157848.005565230152570,2,25,23,11.500000000000000,7.039176088151226,230.000000000000000,11,8,2,8
882,4593335,5,39462.001391307538142,4,11,7,7.600000000000000,2.332380757938119,38.000000000000000,4,7,4,7
883,4593337,8,63139.202226092063938,1,17,16,9.625000000000000,5.655473012931809,77.000000000000000,6,7,1,7
884,4593339,2,15784.800556523015985,12,13,1,12.500000000000000,0.500000000000000,25.000000000000000,2,12,12,12
885,4593343,1,7892.400278261507992,7,7,0,7.000000000000000,0.000000000000000,7.000000000000000,1,7,7,7
886,4593345,40,315696.011130460305139,1,13,12,3.475000000000000,2.810582679801468,139.000000000000000,10,3,5,3
887,4593347,2,15784.800556523015985,3,3,0,3.000000000000000,0.000000000000000,6.000000000000000,1,3,3,3
888,4593349,117,923410.832556596491486,1,16,15,3.136752136752137,2.601465671389594,367.000000000000000,12,2,10,2
889,4593353,88,694531.224487012717873,1,18,17,5.113636363636363,3.998385521289750,450.000000000000000,16,1,9,4
890,4593355,34,268341.609460891282652,1,14,13,5.088235294117647,3.542744425199726,173.000000000000000,13,1,8,4
891,4593359,17,134170.804730445641326,1,15,14,6.764705882352941,4.684510292250482,115.000000000000000,10,3,1,4
892,4593361,1,7892.400278261507992,4,4,0,4.000000000000000,0.000000000000000,4.000000000000000,1,4,4,4
893,4593363,120,947088.033391380915418,1,23,22,4.666666666666667,5.193478816960961,560.000000000000000,17,2,8,3
894,4593365,1,7892.400278261507992,2,2,0,2.000000000000000,0.000000000000000,2.000000000000000,1,2,2,2
895,4593369,18,142063.205008707154775,1,7,6,2.444444444444445,1.461438493107323,44.000000000000000,5,2,7,2
896,4593371,1,7892.400278261507992,1,1,0,1.000000000000000,0.000000000000000,1.000000000000000,1,1,1,1
897,4593373,14,110493.603895661115530,2,18,16,7.214285714285714,4.616408180587579,101.000000000000000,9,4,2,6
898,4593375,4,31569.601113046031969,1,16,15,5.250000000000000,6.259992012774457,21.000000000000000,3,1,3,1
899,4593377,11,86816.403060876589734,1,9,8,3.727272727272727,2.135880022631042,41.000000000000000,6,4,2,4
900,4593379,6,47354.401669569051592,3,17,14,8.000000000000000,4.618802153517006,48.000000000000000,5,7,3,7
901,4593381,4,31569.601113046031969,3,11,8,6.500000000000000,3.570714214271425,26.000000000000000,3,3,9,3
902,4593383,4,31569.601113046031969,3,14,11,7.250000000000000,4.602988159880492,29.000000000000000,3,3,9,3
903,4593385,10,78924.002782615076285,1,11,10,6.500000000000000,2.500000000000000,65.000000000000000,7,6,1,6
904,4593387,89,702423.624765274231322,1,26,25,12.370786516853933,5.833614375733283,1101.000000000000000,23,13,3,13
905,4593389,10,78924.002782615076285,1,33,32,15.500000000000000,8.593602271457529,155.000000000000000,8,14,1,14
906,4593391,7,55246.801947830557765,1,22,21,7.714285714285714,7.647862179613814,54.000000000000000,5,4,1,4
907,4593393,13,102601.203617399602081,2,17,15,9.230769230769230,4.593538039025729,120.000000000000000,10,10,2,10
908,4593395,21,165740.405843491666019,2,18,16,7.809523809523809,4.403667817789292,164.000000000000000,12,2,4,7
909,4593867,2,15784.800556523015985,1,2,1,1.500000000000000,0.500000000000000,3.000000000000000,2,1,1,1
910,4593869,1,7892.400278261507992,8,8,0,8.000000000000000,0.000000000000000,8.000000000000000,1,8,8,8
911,4593871,3,23677.200834784525796,1,6,5,3.666666666666667,2.054804667656326,11.000000000000000,3,1,1,4
912,4593873,1,7892.400278261507992,2,2,0,2.000000000000000,0.000000000000000,2.000000000000000,1,2,2,2
913,4593875,3,23677.200834784525796,2,8,6,4.000000000000000,2.828427124746190,12.000000000000000,2,2,8,2
914,4593877,4,31569.601113046031969,2,14,12,9.500000000000000,4.974937185533100,38.000000000000000,3,14,2,8
915,4593879,4,31569.601113046031969,2,7,5,4.250000000000000,1.920286436967152,17.000000000000000,4,2,2,3
916,4593881,5,39462.001391307538142,2,8,6,4.400000000000000,1.959591794226542,22.000000000000000,3,4,2,4
917,4593883,13,102601.203617399602081,1,11,10,3.846153846153846,2.713106475161292,50.000000000000000,8,2,4,3
918,4593885,13,102601.203617399602081,4,22,18,14.076923076923077,5.312706661486773,183.000000000000000,10,11,4,15
919,4593887,1,7892.400278261507992,10,10,0,10.000000000000000,0.000000000000000,10.000000000000000,1,10,10,10
920,4593889,4,31569.601113046031969,3,3,0,3.000000000000000,0.000000000000000,12.000000000000000,1,3,3,3
921,4593891,6,47354.401669569051592,6,12,6,8.166666666666666,2.733536577809455,49.000000000000000,3,6,7,6
922,4593893,20,157848.005565230152570,2,8,6,4.100000000000000,1.670329308849007,82.000000000000000,7,5,6,4
923,4593895,3,23677.200834784525796,1,13,12,7.000000000000000,4.898979485566356,21.000000000000000,3,1,1,7
924,4593897,3,23677.200834784525796,14,14,0,14.000000000000000,0.000000000000000,42.000000000000000,1,14,14,14
925,4593899,18,142063.205008707154775,2,13,11,5.722222222222222,3.158859772406555,103.000000000000000,9,3,2,4
926,4593901,32,252556.808904368255753,1,11,10,4.062500000000000,3.316035848720577,130.000000000000000,10,1,7,2
927,4593903,12,94708.803339138103183,2,14,12,8.416666666666666,4.091827899063640,101.000000000000000,6,8,11,8
928,4593905,33,260449.209182629769202,7,28,21,15.939393939393939,6.014827103686024,526.000000000000000,17,8,7,15
929,4593907,28,220987.207791322231060,2,10,8,5.142857142857143,2.371170381813975,144.000000000000000,9,2,9,5
930,4593909,21,165740.405843491666019,1,17,16,4.904761904761905,4.185061436708540,103.000000000000000,10,2,4,3
931,4593911,44,347265.612243506358936,1,11,10,4.204545454545454,2.581221922185353,185.000000000000000,10,4,10,4
932,4593913,1,7892.400278261507992,15,15,0,15.000000000000000,0.000000000000000,15.000000000000000,1,15,15,15
933,4593915,33,260449.209182629769202,3,25,22,9.515151515151516,6.238304024192415,314.000000000000000,14,9,5,8
934,4593917,6,47354.401669569051592,1,10,9,6.166666666666667,3.131382371342655,37.000000000000000,6,1,1,5
935,4593921,14,110493.603895661115530,1,6,5,2.928571428571428,1.437472271249865,41.000000000000000,5,3,6,3
936,4593923,18,142063.205008707154775,1,11,10,6.111111111111111,3.107140323135459,110.000000000000000,10,2,1,7
937,4593925,20,157848.005565230152570,1,9,8,4.000000000000000,2.345207879911715,80.000000000000000,8,3,9,3
938,4593929,4,31569.601113046031969,8,19,11,14.500000000000000,4.153311931459037,58.000000000000000,4,8,8,14
939,4593931,26,205202.407234799204161,2,39,37,12.846153846153847,9.214087490577874,334.000000000000000,16,19,4,10
940,4593933,6,47354.401669569051592,3,8,5,4.500000000000000,1.707825127659933,27.000000000000000,4,3,5,4
941,4593937,24,189417.606678276206367,7,24,17,14.625000000000000,5.202663580641490,351.000000000000000,14,7,9,16
942,4593939,10,78924.002782615076285,5,9,4,7.400000000000000,1.624807680927191,74.000000000000000,3,8,5,8
943,4593941,17,134170.804730445641326,6,14,8,9.352941176470589,1.968611827138999,159.000000000000000,8,9,6,9
944,4593943,13,102601.203617399602081,1,7,6,3.692307692307693,2.126196147859270,48.000000000000000,6,1,7,3
945,4593945,2,15784.800556523015985,7,9,2,8.000000000000000,1.000000000000000,16.000000000000000,2,7,7,7
946,4593947,24,189417.606678276206367,1,7,6,2.875000000000000,1.508655582519306,69.000000000000000,7,2,5,3
947,4593949,13,102601.203617399602081,1,7,6,3.538461538461538,1.865285485074175,46.000000000000000,7,2,4,3
948,4593951,4,31569.601113046031969,1,6,5,3.500000000000000,2.061552812808830,14.000000000000000,4,1,1,2
949,4593953,41,323588.411408721818589,1,16,15,6.731707317073170,4.526477067880055,276.000000000000000,16,2,4,6
950,4593955,10,78924.002782615076285,6,46,40,19.399999999999999,12.854571171377131,194.000000000000000,9,15,6,15
951,4593957,7,55246.801947830557765,2,25,23,7.857142857142857,7.548482750641661,55.000000000000000,6,2,4,5
952,4593961,69,544575.619200044078752,1,18,17,6.072463768115942,4.450431799860435,419.000000000000000,15,2,6,5
953,4593963,2,15784.800556523015985,9,9,0,9.000000000000000,0.000000000000000,18.000000000000000,1,9,9,9
954,4593965,19,149955.605286968639120,3,24,21,11.210526315789474,5.482785954991755,213.000000000000000,13,13,3,12
955,4593967,50,394620.013913075381424,1,19,18,6.180000000000000,4.663432212437531,309.000000000000000,15,3,8,5
956,4593969,65,513006.018086998024955,1,15,14,5.600000000000000,3.299417197953882,364.000000000000000,14,4,8,4
957,4593971,13,102601.203617399602081,2,8,6,3.846153846153846,1.561367933091110,50.000000000000000,6,3,2,3
958,4593975,39,307803.610852198791690,1,11,10,4.179487179487180,3.020203719328531,163.000000000000000,9,2,5,3
959,4593977,18,142063.205008707154775,4,16,12,11.055555555555555,3.597409905013794,199.000000000000000,11,10,4,11
960,4593979,7,55246.801947830557765,2,21,19,11.285714285714286,8.030553898602969,79.000000000000000,6,2,3,14
961,4593981,14,110493.603895661115530,1,8,7,4.142857142857143,2.325545799442815,58.000000000000000,5,3,7,3
962,4593983,18,142063.205008707154775,3,35,32,15.944444444444445,8.720806679189860,287.000000000000000,13,23,4,15
963,4593985,24,189417.606678276206367,1,19,18,8.833333333333334,5.763872155263527,212.000000000000000,13,12,1,7
964,4593987,38,299911.210573937278241,2,14,12,7.421052631578948,3.022995890689342,282.000000000000000,12,5,2,7
965,4593989,5,39462.001391307538142,2,11,9,5.200000000000000,3.370459909270543,26.000000000000000,4,3,2,3
966,4593991,11,86816.403060876589734,1,8,7,2.454545454545455,1.924182771683338,27.000000000000000,4,2,4,2
967,4593993,16,126278.404452184127877,2,11,9,5.875000000000000,2.891258376555094,94.000000000000000,7,4,6,4
968,4593995,16,126278.404452184127877,1,11,10,4.875000000000000,2.341874249399399,78.000000000000000,9,4,1,4
969,4593997,7,55246.801947830557765,1,13,12,7.285714285714286,4.430874976934521,51.000000000000000,7,1,1,7
970,4593999,30,236772.008347845228855,1,10,9,3.466666666666667,2.539466260632121,104.000000000000000,9,1,6,3
971,4594003,18,142063.205008707154775,3,34,31,16.333333333333332,9.626352718795768,294.000000000000000,15,6,3,13
972,4594005,48,378835.213356552412733,1,11,10,4.416666666666667,2.683540364684103,212.000000000000000,9,2,3,4
973,4594009,36,284126.410017414309550,2,31,29,12.583333333333334,8.460283026523928,453.000000000000000,20,3,4,10
974,4594011,32,252556.808904368255753,1,12,11,6.125000000000000,3.109963826156182,196.000000000000000,11,8,1,5
975,4594013,70,552468.019478305592202,1,20,19,6.571428571428571,4.731570046194056,460.000000000000000,17,6,13,6
976,4594017,11,86816.403060876589734,1,6,5,2.454545454545455,1.558766199952931,27.000000000000000,5,2,3,2
977,4594021,6,47354.401669569051592,2,12,10,7.500000000000000,3.947573094109004,45.000000000000000,5,12,2,7
978,4594023,37,292018.810295675822999,3,16,13,10.972972972972974,3.300175969808573,406.000000000000000,12,9,3,11
979,4594025,37,292018.810295675822999,1,17,16,6.675675675675675,3.820669631799415,247.000000000000000,14,5,1,5
980,4594027,9,71031.602504353577388,1,3,2,1.666666666666667,0.666666666666667,15.000000000000000,3,1,3,2
981,4594029,49,386727.613634813867975,1,32,31,11.897959183673469,7.926305719922804,583.000000000000000,24,11,2,11
982,4594031,12,94708.803339138103183,1,5,4,2.833333333333333,1.674979270186815,34.000000000000000,4,1,3,3
983,4594035,46,363050.412800029385835,1,34,33,9.043478260869565,7.697985399183942,416.000000000000000,19,3,12,6
984,4594037,29,228879.608069583744509,2,18,16,8.758620689655173,4.082385817089308,254.000000000000000,13,9,2,8
985,4594039,77,607714.821426136069931,1,38,37,9.168831168831169,8.829411589876422,706.000000000000000,24,2,4,6
986,4594041,1,7892.400278261507992,14,14,0,14.000000000000000,0.000000000000000,14.000000000000000,1,14,14,14
987,4594043,13,102601.203617399602081,2,7,5,3.230769230769231,1.367414525740859,42.000000000000000,4,2,7,3
988,4594045,14,110493.603895661115530,1,6,5,3.142857142857143,1.456862718169367,44.000000000000000,6,3,6,3
989,4594047,59,465651.616417428944260,1,22,21,7.355932203389830,5.051473058742394,434.000000000000000,17,4,18,6
990,4594049,37,292018.810295675822999,1,16,15,6.351351351351352,3.771989339758919,235.000000000000000,13,5,1,5
991,4594051,6,47354.401669569051592,2,14,12,8.000000000000000,4.281744192888376,48.000000000000000,6,2,2,6
992,4594053,22,173632.806121753179468,1,8,7,3.454545454545455,1.851958980678487,76.000000000000000,7,3,8,3
993,4594055,32,252556.808904368255753,1,19,18,6.562500000000000,5.231739075106861,210.000000000000000,14,2,1,5
994,4594057,24,189417.606678276206367,2,17,15,7.583333333333333,4.290655220618667,182.000000000000000,10,5,7,6
995,4594059,1,7892.400278261507992,2,2,0,2.000000000000000,0.000000000000000,2.000000000000000,1,2,2,2
996,4594061,32,252556.808904368255753,1,13,12,5.906250000000000,3.421982018874442,189.000000000000000,13,8,5,6
997,4594063,38,299911.210573937278241,2,25,23,9.000000000000000,4.735087394291572,342.000000000000000,14,8,4,8
998,4594065,12,94708.803339138103183,3,16,13,7.833333333333333,3.555121501283591,94.000000000000000,8,5,3,7
999,4594067,17,134170.804730445641326,1,13,12,5.235294117647059,3.540179652548489,89.000000000000000,9,3,2,4
1000,4594069,4,31569.601113046031969,3,6,3,4.750000000000000,1.089724735885168,19.000000000000000,3,5,3,5
1001,4594071,16,126278.404452184127877,1,9,8,3.562500000000000,2.474084426611186,57.000000000000000,8,1,3,2
1002,4594073,15,118386.004173922614427,1,12,11,5.133333333333334,3.323986896618109,77.000000000000000,9,5,4,5
1003,4594075,7,55246.801947830557765,2,15,13,6.142857142857143,4.323641700120444,43.000000000000000,6,4,2,4
1004,4594077,19,149955.605286968639120,1,8,7,4.105263157894737,1.650988120142960,78.000000000000000,7,4,1,4
1005,4594079,24,189417.606678276206367,1,21,20,4.750000000000000,4.185789451624786,114.000000000000000,9,2,10,3
1006,4594081,7,55246.801947830557765,2,9,7,5.142857142857143,2.641891715558132,36.000000000000000,5,2,7,4
1007,4594083,19,149955.605286968639120,1,23,22,8.105263157894736,6.648266389321317,154.000000000000000,11,6,2,6
1008,4594085,29,228879.608069583744509,1,9,8,3.586206896551724,2.189587291915523,104.000000000000000,8,2,9,3
1009,4594087,1,7892.400278261507992,1,1,0,1.000000000000000,0.000000000000000,1.000000000000000,1,1,1,1
1010,4594089,14,110493.603895661115530,1,7,6,3.642857142857143,1.394230092567367,51.000000000000000,6,4,1,4
1011,4594091,20,157848.005565230152570,6,24,18,14.850000000000000,5.720795399243012,297.000000000000000,14,12,6,12
1012,4594093,11,86816.403060876589734,3,9,6,5.545454545454546,1.671343300986384,61.000000000000000,6,6,4,6
1013,4594097,9,71031.602504353577388,3,11,8,7.000000000000000,3.366501646120693,63.000000000000000,4,3,5,8
1014,4594099,35,276234.009739152796101,1,15,14,6.828571428571428,3.820887812206659,239.000000000000000,14,5,1,6
1015,4594103,5,39462.001391307538142,1,12,11,5.400000000000000,3.826225293941798,27.000000000000000,5,1,1,4
1016,4594105,15,118386.004173922614427,1,5,4,2.466666666666667,1.203698005684519,37.000000000000000,5,1,5,2
1017,4594107,30,236772.008347845228855,1,9,8,4.133333333333334,1.978776277287443,124.000000000000000,9,3,1,3
1018,4594109,19,149955.605286968639120,6,40,34,16.421052631578949,8.940244842247619,312.000000000000000,12,9,6,13
1019,4594111,6,47354.401669569051592,13,31,18,19.000000000000000,8.485281374238570,114.000000000000000,2,13,31,13
1020,4594113,5,39462.001391307538142,3,10,7,7.400000000000000,2.576819745345025,37.000000000000000,3,7,3,7
1021,4594115,9,71031.602504353577388,4,14,10,9.888888888888889,3.142696805273543,89.000000000000000,7,9,4,9
1022,4594117,32,252556.808904368255753,1,19,18,7.031250000000000,4.792470494171039,225.000000000000000,16,5,1,5
1023,4594119,2,15784.800556523015985,31,38,7,34.500000000000000,3.500000000000000,69.000000000000000,2,31,31,31
1024,4594121,12,94708.803339138103183,8,35,27,15.250000000000000,7.768794415265901,183.000000000000000,9,11,8,11
1025,4594123,30,236772.008347845228855,2,13,11,3.966666666666667,2.183015244004392,119.000000000000000,7,2,7,4
1026,4594125,13,102601.203617399602081,10,43,33,21.461538461538460,8.758427893840175,279.000000000000000,10,15,10,18
1027,4594127,15,118386.004173922614427,1,10,9,5.333333333333333,2.936362072739366,80.000000000000000,6,3,1,4
1028,4594129,11,86816.403060876589734,1,6,5,2.181818181818182,1.465865045145191,24.000000000000000,4,2,4,2
1029,4594131,9,71031.602504353577388,1,8,7,3.444444444444445,2.266230894930126,31.000000000000000,5,2,1,3
1030,4594133,59,465651.616417428944260,1,15,14,4.847457627118644,3.261556035641311,286.000000000000000,13,1,9,5
1031,4594135,25,197310.006956537690712,1,20,19,8.240000000000000,4.188364836066696,206.000000000000000,14,5,1,8
1032,4594137,8,63139.202226092063938,2,16,14,8.625000000000000,5.048205126577168,69.000000000000000,6,4,2,5
1033,4594139,18,142063.205008707154775,3,15,12,5.611111111111111,2.927624916945645,101.000000000000000,8,4,7,4
1034,4594141,16,126278.404452184127877,21,58,37,39.437500000000000,11.794960523460857,631.000000000000000,14,28,21,38
1035,4594143,25,197310.006956537690712,1,27,26,10.400000000000000,7.745966692414834,260.000000000000000,15,5,1,9
1036,4594145,21,165740.405843491666019,3,22,19,11.142857142857142,4.693315553460448,234.000000000000000,13,11,3,11
1037,4594147,40,315696.011130460305139,2,17,15,8.125000000000000,3.899919870971710,325.000000000000000,14,5,2,7
1038,4594149,3,23677.200834784525796,10,27,17,18.333333333333332,6.944222218666555,55.000000000000000,3,10,10,18
1039,4594151,7,55246.801947830557765,7,15,8,10.857142857142858,3.136356914300019,76.000000000000000,5,8,7,10
1040,4594153,44,347265.612243506358936,1,19,18,7.386363636363637,4.297017512662967,325.000000000000000,16,4,1,6
1041,4594155,20,157848.005565230152570,1,8,7,5.200000000000000,2.204540768504859,104.000000000000000,8,8,1,5
1042,4594157,20,157848.005565230152570,10,51,41,28.500000000000000,10.423531071570709,570.000000000000000,14,23,10,26
1043,4594159,8,63139.202226092063938,2,25,23,7.750000000000000,7.048936089935842,62.000000000000000,7,3,2,5
1044,4594161,3,23677.200834784525796,1,11,10,7.333333333333333,4.496912521077348,22.000000000000000,3,1,1,10
1045,4594163,26,205202.407234799204161,3,19,16,9.269230769230770,4.735769714935408,241.000000000000000,15,5,8,8
1046,4594165,4,31569.601113046031969,1,8,7,3.250000000000000,2.772634126602354,13.000000000000000,3,2,1,2
1047,4594167,8,63139.202226092063938,1,6,5,3.375000000000000,1.798436821242270,27.000000000000000,4,2,1,2
1048,4594169,3,23677.200834784525796,11,25,14,17.666666666666668,5.734883511361750,53.000000000000000,3,11,11,17
1049,4594171,20,157848.005565230152570,1,22,21,6.600000000000000,5.219195340279955,132.000000000000000,13,2,5,4
1050,4594173,8,63139.202226092063938,3,21,18,8.125000000000000,5.967359131140006,65.000000000000000,6,5,3,5
1051,4594177,24,189417.606678276206367,1,19,18,5.875000000000000,3.745135734077827,141.000000000000000,11,5,1,5
1052,4594179,15,118386.004173922614427,2,12,10,4.600000000000000,2.602562839459085,69.000000000000000,7,3,5,4
1053,4594181,11,86816.403060876589734,2,13,11,7.636363636363637,3.523240431832018,84.000000000000000,9,5,2,7
1054,4594183,10,78924.002782615076285,2,18,16,7.300000000000000,5.311308689955800,73.000000000000000,7,2,3,6
1055,4594185,20,157848.005565230152570,1,9,8,3.250000000000000,2.405722344743882,65.000000000000000,7,1,4,3
1056,4594187,7,55246.801947830557765,2,17,15,6.857142857142857,4.911460982191739,48.000000000000000,6,4,2,4
1057,4594189,63,497221.217530474998057,2,31,29,9.793650793650794,5.882874608202413,617.000000000000000,18,6,2,8
1058,4594191,42,331480.811686983332038,3,25,22,9.238095238095237,4.970434127870638,388.000000000000000,14,6,4,8
1059,4594193,4,31569.601113046031969,6,26,20,19.000000000000000,7.810249675906654,76.000000000000000,4,6,6,20
1060,4594195,39,307803.610852198791690,3,24,21,9.692307692307692,5.144844799203329,378.000000000000000,15,8,3,8
1061,4594197,7,55246.801947830557765,2,17,15,7.285714285714286,4.526565576501389,51.000000000000000,6,8,2,7
1062,4594199,8,63139.202226092063938,8,22,14,13.500000000000000,5.099019513592784,108.000000000000000,6,8,10,11
1063,4594201,8,63139.202226092063938,2,8,6,4.000000000000000,1.802775637731995,32.000000000000000,5,4,3,4
1064,4594203,6,47354.401669569051592,5,11,6,8.166666666666666,1.771690968789110,49.000000000000000,4,8,5,8
1065,4594205,6,47354.401669569051592,2,9,7,4.333333333333333,2.624669291337271,26.000000000000000,4,2,5,2
1066,4594207,5,39462.001391307538142,1,25,24,12.400000000000000,9.457272334029511,62.000000000000000,5,1,1,15
1067,4594209,28,220987.207791322231060,1,14,13,6.678571428571429,2.686654470693610,187.000000000000000,10,5,1,6
1068,4594211,20,157848.005565230152570,3,27,24,10.650000000000000,5.943694137487223,213.000000000000000,15,3,4,9
1069,4594213,4,31569.601113046031969,3,17,14,12.000000000000000,5.338539126015656,48.000000000000000,3,14,3,14
1070,4594215,55,434082.015304382948671,1,28,27,9.472727272727273,7.121936778087432,521.000000000000000,23,5,12,7
1071,4594217,5,39462.001391307538142,11,23,12,16.399999999999999,3.826225293941799,82.000000000000000,3,16,11,16
1072,4594219,28,220987.207791322231060,1,11,10,5.000000000000000,2.507132682112035,140.000000000000000,9,3,1,5
1073,4594221,5,39462.001391307538142,2,12,10,8.400000000000000,4.127953488110059,42.000000000000000,4,12,2,11
1074,4594223,2,15784.800556523015985,1,5,4,3.000000000000000,2.000000000000000,6.000000000000000,2,1,1,1
1075,4594225,4,31569.601113046031969,5,13,8,10.500000000000000,3.201562118716424,42.000000000000000,3,12,5,12
1076,4594227,1,7892.400278261507992,3,3,0,3.000000000000000,0.000000000000000,3.000000000000000,1,3,3,3
1077,4594229,22,173632.806121753179468,1,20,19,8.590909090909092,4.599002766500688,189.000000000000000,15,5,1,7
1078,4594231,6,47354.401669569051592,4,11,7,6.833333333333333,2.793842435706703,41.000000000000000,5,4,5,5
1079,4594233,11,86816.403060876589734,2,15,13,9.818181818181818,4.195629366987026,108.000000000000000,7,15,2,10
1080,4594235,36,284126.410017414309550,2,20,18,6.277777777777778,4.213807404178099,226.000000000000000,13,3,10,5
1081,4594237,8,63139.202226092063938,14,54,40,30.375000000000000,11.650509645504783,243.000000000000000,8,14,14,30
1082,4594239,3,23677.200834784525796,3,5,2,4.333333333333333,0.942809041582064,13.000000000000000,2,5,3,5
1083,4594241,5,39462.001391307538142,2,3,1,2.200000000000000,0.399999999999999,11.000000000000000,2,2,3,2
1084,4594243,19,149955.605286968639120,2,18,16,10.842105263157896,4.416037255453268,206.000000000000000,13,5,2,11
1085,4594245,1,7892.400278261507992,8,8,0,8.000000000000000,0.000000000000000,8.000000000000000,1,8,8,8
1086,4594247,43,339373.211965244845487,2,22,20,7.162790697674419,4.164803982423001,308.000000000000000,13,2,14,6
1087,4594249,22,173632.806121753179468,2,24,22,9.000000000000000,4.954336943068623,198.000000000000000,12,8,2,8
1088,4594251,3,23677.200834784525796,2,3,1,2.333333333333333,0.471404520791031,7.000000000000000,2,2,3,2
1089,4594253,28,220987.207791322231060,5,23,18,11.714285714285714,5.249878521432274,328.000000000000000,15,9,7,10
1090,4594255,43,339373.211965244845487,4,47,43,15.418604651162791,9.443177820804138,663.000000000000000,21,9,4,11
1091,4594257,18,142063.205008707154775,2,14,12,6.222222222222222,3.965904066127721,112.000000000000000,11,3,5,4
1092,4594259,19,149955.605286968639120,1,16,15,5.631578947368421,4.182803470801164,107.000000000000000,10,4,1,4
1093,4594261,34,268341.609460891282652,1,20,19,7.735294117647059,4.272406840132673,263.000000000000000,13,6,1,8
1094,4594263,3,23677.200834784525796,6,8,2,7.000000000000000,0.816496580927726,21.000000000000000,3,6,6,7
1095,4594265,3,23677.200834784525796,2,9,7,4.666666666666667,3.091206165165234,14.000000000000000,3,2,2,3
1096,4594267,26,205202.407234799204161,3,30,27,12.615384615384615,6.844857267022971,328.000000000000000,14,9,3,10
1097,4594269,37,292018.810295675822999,1,22,21,7.783783783783784,4.821882189056721,288.000000000000000,16,4,1,6
1098,4594271,6,47354.401669569051592,4,8,4,5.000000000000000,1.527525231651947,30.000000000000000,3,4,6,4
1099,4594273,8,63139.202226092063938,4,7,3,5.500000000000000,0.866025403784439,44.000000000000000,4,5,4,5
1100,4594275,8,63139.202226092063938,2,9,7,5.500000000000000,2.598076211353316,44.000000000000000,6,2,3,6
1101,4594277,11,86816.403060876589734,2,9,7,4.909090909090909,2.314167647519609,54.000000000000000,7,2,6,5
1102,4594279,17,134170.804730445641326,6,23,17,12.058823529411764,4.733741067936638,205.000000000000000,11,11,6,11
1103,4594281,6,47354.401669569051592,3,9,6,6.000000000000000,1.825741858350554,36.000000000000000,5,6,3,6
1104,4594283,24,189417.606678276206367,2,14,12,5.500000000000000,2.813657169355689,132.000000000000000,9,3,14,5
1105,4594285,6,47354.401669569051592,5,23,18,16.333333333333332,6.472162612982535,98.000000000000000,5,23,5,15
1106,4594287,17,134170.804730445641326,2,15,13,9.000000000000000,4.130232866245167,153.000000000000000,10,8,2,9
1107,4594289,20,157848.005565230152570,1,15,14,5.300000000000000,4.733920151417850,106.000000000000000,10,2,6,3
1108,4594291,5,39462.001391307538142,3,12,9,5.000000000000000,3.521363372331802,25.000000000000000,3,3,4,3
1109,4594293,4,31569.601113046031969,5,12,7,7.250000000000000,2.861380785564899,29.000000000000000,3,5,7,5
1110,4594295,25,197310.006956537690712,1,21,20,8.080000000000000,5.106231487114543,202.000000000000000,16,7,1,7
1111,4594297,17,134170.804730445641326,1,21,20,10.352941176470589,5.144284966841281,176.000000000000000,12,8,1,9
1112,4594299,4,31569.601113046031969,5,8,3,6.500000000000000,1.500000000000000,26.000000000000000,2,5,5,5
1113,4594301,19,149955.605286968639120,1,16,15,5.473684210526316,3.884766755209670,104.000000000000000,11,4,5,4
1114,4594303,11,86816.403060876589734,3,16,13,9.454545454545455,4.356054018440340,104.000000000000000,11,3,3,10
1115,4594305,40,315696.011130460305139,1,37,36,16.175000000000001,9.156657414144092,647.000000000000000,23,8,1,15
1116,4594307,25,197310.006956537690712,1,22,21,8.359999999999999,7.418247771542820,209.000000000000000,12,2,4,5
1117,4594309,30,236772.008347845228855,1,23,22,5.900000000000000,4.635730794599704,177.000000000000000,13,3,6,4
1118,4594311,2,15784.800556523015985,6,9,3,7.500000000000000,1.500000000000000,15.000000000000000,2,6,6,6
1119,4594313,7,55246.801947830557765,11,22,11,16.285714285714285,4.462999814803805,114.000000000000000,6,21,11,14
1120,4594315,11,86816.403060876589734,1,9,8,4.727272727272728,2.048986849015389,52.000000000000000,5,6,1,4
1121,4594317,5,39462.001391307538142,2,8,6,3.400000000000000,2.332380757938120,17.000000000000000,3,2,3,2
1122,4594319,20,157848.005565230152570,1,16,15,5.800000000000000,3.957271787481876,116.000000000000000,11,2,1,5
1123,4594321,23,181525.206400014692917,3,14,11,6.000000000000000,2.781929264877633,138.000000000000000,9,3,7,6
1124,4594323,5,39462.001391307538142,9,16,7,13.600000000000000,2.497999199359361,68.000000000000000,4,15,9,15
1125,4594325,43,339373.211965244845487,1,33,32,11.441860465116280,8.697239138467609,492.000000000000000,22,3,4,9
1126,4594327,6,47354.401669569051592,2,5,3,4.000000000000000,1.154700538379251,24.000000000000000,4,5,2,4
1127,4594329,10,78924.002782615076285,11,20,9,13.300000000000001,2.934280150224240,133.000000000000000,5,12,13,12
1128,4594331,7,55246.801947830557765,3,14,11,9.142857142857142,3.907084094622099,64.000000000000000,6,13,3,8
1129,4594333,27,213094.807513060717611,2,17,15,9.666666666666666,3.610683735393760,261.000000000000000,12,10,2,10
1130,4594335,3,23677.200834784525796,1,9,8,3.666666666666667,3.771236166328253,11.000000000000000,2,1,9,1
1131,4594337,2,15784.800556523015985,3,4,1,3.500000000000000,0.500000000000000,7.000000000000000,2,3,3,3
1132,4594339,2,15784.800556523015985,7,10,3,8.500000000000000,1.500000000000000,17.000000000000000,2,7,7,7
1133,4594341,20,157848.005565230152570,1,21,20,6.150000000000000,4.992744736114595,123.000000000000000,11,3,1,4
1134,4594343,55,434082.015304382948671,1,21,20,8.363636363636363,6.174327011876419,460.000000000000000,19,2,9,6
1135,4594345,3,23677.200834784525796,3,32,29,17.666666666666668,11.841546445554407,53.000000000000000,3,3,3,18
1136,4594347,2,15784.800556523015985,2,7,5,4.500000000000000,2.500000000000000,9.000000000000000,2,2,2,2
1137,4594349,2,15784.800556523015985,2,36,34,19.000000000000000,17.000000000000000,38.000000000000000,2,2,2,2
1138,4594351,43,339373.211965244845487,1,27,26,5.116279069767442,5.819811002787511,220.000000000000000,14,2,6,2
1139,4594353,45,355158.012521767872386,4,37,33,14.044444444444444,8.137582375225472,632.000000000000000,20,15,4,12
1140,4594355,29,228879.608069583744509,1,20,19,7.620689655172414,4.581926963275335,221.000000000000000,12,8,3,8
1141,4594357,61,481436.416973951971158,1,31,30,12.540983606557377,6.781299673515861,765.000000000000000,22,11,2,12
1142,4594359,81,639284.422539182123728,1,38,37,12.444444444444445,8.190629997325384,1008.000000000000000,25,5,1,11
1143,4594361,42,331480.811686983332038,2,13,11,5.000000000000000,3.023715784073818,210.000000000000000,12,2,9,4
1144,4594363,10,78924.002782615076285,1,14,13,6.000000000000000,3.924283374069717,60.000000000000000,7,5,1,5
1145,4594365,8,63139.202226092063938,7,19,12,12.750000000000000,4.493050188902857,102.000000000000000,6,10,7,10
1146,4594367,22,173632.806121753179468,1,4,3,2.090909090909091,0.899954085146515,46.000000000000000,4,2,4,2
1147,4594369,25,197310.006956537690712,1,12,11,6.600000000000000,3.784177585684900,165.000000000000000,11,12,1,5
1148,4594371,25,197310.006956537690712,1,44,43,13.440000000000000,10.666133319999332,336.000000000000000,16,5,7,9
1149,4594373,12,94708.803339138103183,5,28,23,18.000000000000000,6.770032003863300,216.000000000000000,8,16,5,16
1150,4594375,3,23677.200834784525796,5,17,12,12.333333333333334,5.249338582674540,37.000000000000000,3,5,5,15
1151,4594377,5,39462.001391307538142,2,13,11,6.000000000000000,3.898717737923585,30.000000000000000,5,2,2,5
1152,4594379,16,126278.404452184127877,7,40,33,20.750000000000000,10.934463864314520,332.000000000000000,11,10,7,17
1153,4594381,5,39462.001391307538142,3,20,17,11.400000000000000,5.986651818838305,57.000000000000000,5,3,3,10
1154,4594383,9,71031.602504353577388,1,11,10,4.111111111111111,2.884612219054927,37.000000000000000,6,5,2,4
1155,4594385,1,7892.400278261507992,3,3,0,3.000000000000000,0.000000000000000,3.000000000000000,1,3,3,3
1156,4594387,6,47354.401669569051592,3,8,5,5.833333333333333,1.950783318453271,35.000000000000000,5,8,3,5
1157,4594389,45,355158.012521767872386,1,29,28,12.777777777777779,7.927137325216430,575.000000000000000,24,7,2,10
1158,4594391,3,23677.200834784525796,3,9,6,6.333333333333333,2.494438257849295,19.000000000000000,3,3,3,7
1159,4594393,27,213094.807513060717611,2,22,20,9.444444444444445,5.335647646019097,255.000000000000000,15,9,10,9
1160,4594395,25,197310.006956537690712,2,19,17,10.359999999999999,5.380557591922980,259.000000000000000,14,9,6,10
1161,4594397,5,39462.001391307538142,2,4,2,3.200000000000000,0.748331477354788,16.000000000000000,3,3,2,3
1162,4594399,45,355158.012521767872386,1,17,16,6.977777777777778,3.774115872265178,314.000000000000000,14,7,9,7
1163,4594401,3,23677.200834784525796,2,9,7,5.666666666666667,2.867441755680875,17.000000000000000,3,2,2,6
1164,4594403,2,15784.800556523015985,24,34,10,29.000000000000000,5.000000000000000,58.000000000000000,2,24,24,24
1165,4594405,11,86816.403060876589734,4,22,18,13.545454545454545,5.193766129849346,149.000000000000000,7,11,4,12
1166,4594407,50,394620.013913075381424,1,21,20,6.840000000000000,5.096508608841940,342.000000000000000,17,4,6,5
1167,4594409,4,31569.601113046031969,2,7,5,5.000000000000000,1.870828693386971,20.000000000000000,4,2,2,5
1168,4594411,5,39462.001391307538142,1,5,4,2.800000000000000,1.600000000000000,14.000000000000000,4,1,3,3
1169,4594413,19,149955.605286968639120,2,20,18,9.315789473684211,5.535080768477855,177.000000000000000,12,2,3,9
1170,4594415,24,189417.606678276206367,1,16,15,8.500000000000000,4.472135954999580,204.000000000000000,14,5,2,8
1171,4594417,3,23677.200834784525796,4,5,1,4.666666666666667,0.471404520791028,14.000000000000000,2,5,4,5
1172,4594419,6,47354.401669569051592,1,7,6,4.666666666666667,1.795054935711500,28.000000000000000,3,5,1,5
1173,4594423,19,149955.605286968639120,4,20,16,11.578947368421053,5.040006155736468,220.000000000000000,11,6,4,10
1174,4594425,3,23677.200834784525796,3,7,4,4.666666666666667,1.699673171197594,14.000000000000000,3,3,3,4
1175,4594427,4,31569.601113046031969,2,5,3,4.250000000000000,1.299038105676658,17.000000000000000,2,5,2,5
1176,4594429,20,157848.005565230152570,1,24,23,7.100000000000000,6.331666447310692,142.000000000000000,11,1,10,3
1177,4594431,2,15784.800556523015985,21,21,0,21.000000000000000,0.000000000000000,42.000000000000000,1,21,21,21
1178,4594433,20,157848.005565230152570,1,26,25,8.650000000000000,8.510434771502570,173.000000000000000,11,1,4,4
1179,4594435,36,284126.410017414309550,1,21,20,6.750000000000000,4.728019317501428,243.000000000000000,14,6,8,6
1180,4594437,37,292018.810295675822999,1,35,34,15.108108108108109,7.995890105729768,559.000000000000000,21,18,1,15
1181,4594439,41,323588.411408721818589,2,39,37,11.439024390243903,10.142998980404084,469.000000000000000,19,5,6,8
1182,4594441,53,418297.214747859921772,1,18,17,8.924528301886792,3.805899376037124,473.000000000000000,18,7,1,8
1183,4594443,14,110493.603895661115530,5,42,37,22.214285714285715,11.187866970380847,311.000000000000000,11,10,5,22
1184,4594445,35,276234.009739152796101,2,29,27,11.228571428571428,6.853927817727019,393.000000000000000,18,8,2,9
1185,4594447,8,63139.202226092063938,1,28,27,18.125000000000000,7.896795236043543,145.000000000000000,6,19,1,19
1186,4594449,7,55246.801947830557765,11,26,15,17.571428571428573,4.952838806674199,123.000000000000000,7,11,11,17
1187,4594451,18,142063.205008707154775,3,24,21,8.333333333333334,5.868938953886336,150.000000000000000,11,4,3,6
1188,4594453,24,189417.606678276206367,4,24,20,11.583333333333334,4.829740043614033,278.000000000000000,13,10,8,10
1189,4594455,33,260449.209182629769202,1,27,26,14.000000000000000,7.718533382434617,462.000000000000000,19,12,1,12
1190,4594459,60,473544.016695690457709,1,26,25,11.650000000000000,6.966168243733422,699.000000000000000,22,12,6,11
1191,4594469,27,213094.807513060717611,8,83,75,24.740740740740740,20.408045967021046,668.000000000000000,15,8,12,15
1192,4594473,51,402512.414191336894874,1,30,29,13.705882352941176,8.448910169068123,699.000000000000000,24,1,4,14
1193,4594479,54,426189.615026121435221,2,33,31,13.277777777777779,8.165910773785866,717.000000000000000,24,4,6,11
1194,4594517,16,126278.404452184127877,2,14,12,6.875000000000000,2.955397604384222,110.000000000000000,7,5,2,7
1195,4594519,5,39462.001391307538142,1,3,2,2.200000000000000,0.748331477354788,11.000000000000000,3,2,1,2
1196,4594521,57,449866.815860905975569,2,28,26,9.473684210526315,6.877640515334583,540.000000000000000,23,3,6,7
1197,4594523,18,142063.205008707154775,2,9,7,3.888888888888889,1.911627837120584,70.000000000000000,7,2,6,4
1198,4594525,17,134170.804730445641326,1,8,7,3.647058823529412,2.140400635136500,62.000000000000000,7,1,6,3
1199,4594527,8,63139.202226092063938,1,11,10,3.625000000000000,3.038811445285805,29.000000000000000,5,3,2,3
1200,4594529,26,205202.407234799204161,1,8,7,3.923076923076923,2.110834266771115,102.000000000000000,8,2,1,3
1201,4594531,38,299911.210573937278241,1,34,33,12.368421052631579,8.658494620075281,470.000000000000000,21,1,2,11
1202,4594533,10,78924.002782615076285,1,6,5,2.600000000000000,1.624807680927192,26.000000000000000,5,1,5,2
1203,4594535,62,489328.817252213484608,1,12,11,3.451612903225806,2.373763986385191,214.000000000000000,9,2,8,3
1204,4594537,57,449866.815860905975569,1,6,5,2.666666666666667,1.355085720514212,152.000000000000000,6,2,6,2
1205,4594539,29,228879.608069583744509,1,25,24,6.931034482758621,5.619737596541618,201.000000000000000,16,3,4,5
1206,4594541,30,236772.008347845228855,2,18,16,7.566666666666666,3.972264957035078,227.000000000000000,13,5,3,7
1207,4594543,15,118386.004173922614427,3,15,12,7.933333333333334,4.154783053568768,119.000000000000000,8,3,7,8
1208,4594545,17,134170.804730445641326,2,23,21,12.176470588235293,7.006176217474938,207.000000000000000,12,2,4,11
1209,4594547,8,63139.202226092063938,3,34,31,11.250000000000000,10.401322031357360,90.000000000000000,6,3,7,5
1210,4594549,23,181525.206400014692917,3,19,16,9.000000000000000,5.004345937369794,207.000000000000000,13,3,5,9
1211,4594551,19,149955.605286968639120,2,22,20,9.263157894736842,5.398265854719194,176.000000000000000,12,5,4,9
1212,4594553,43,339373.211965244845487,1,17,16,7.627906976744186,3.760401115504330,328.000000000000000,15,6,1,7
1213,4594555,14,110493.603895661115530,1,27,26,8.500000000000000,6.652067347825035,119.000000000000000,10,5,1,5
1214,4594557,43,339373.211965244845487,1,33,32,11.558139534883720,7.285865020490641,497.000000000000000,20,21,3,11
1215,4594559,40,315696.011130460305139,2,16,14,7.675000000000000,3.730867861503540,307.000000000000000,12,6,3,7
1216,4594561,29,228879.608069583744509,1,12,11,3.862068965517242,2.825061951484695,112.000000000000000,10,2,3,3
1217,4594563,48,378835.213356552412733,1,19,18,8.166666666666666,5.055250296034368,392.000000000000000,17,3,1,7
1218,4594565,90,710316.025043535744771,1,35,34,11.911111111111111,7.569888366187655,1072.000000000000000,28,5,1,10
1219,4594567,25,197310.006956537690712,4,18,14,9.039999999999999,3.757445941061562,226.000000000000000,12,8,11,8
1220,4594569,25,197310.006956537690712,1,19,18,5.760000000000000,4.709819529451209,144.000000000000000,12,1,4,5
1221,4594571,45,355158.012521767872386,1,32,31,13.022222222222222,9.260402892336545,586.000000000000000,24,1,2,11
1222,4594573,9,71031.602504353577388,1,12,11,4.888888888888889,3.784308081316977,44.000000000000000,6,2,1,4
1223,4594575,18,142063.205008707154775,3,32,29,13.222222222222221,7.677930533936252,238.000000000000000,14,3,5,12
1224,4594577,21,165740.405843491666019,4,38,34,11.761904761904763,6.982322999340560,247.000000000000000,13,11,4,11
1225,4594579,9,71031.602504353577388,1,17,16,11.777777777777779,5.864730320176287,106.000000000000000,6,1,13,14
1226,4594581,20,157848.005565230152570,1,23,22,6.900000000000000,5.318834458788881,138.000000000000000,11,2,1,6
1227,4594583,1,7892.400278261507992,2,2,0,2.000000000000000,0.000000000000000,2.000000000000000,1,2,2,2
1228,4594585,83,655069.223095705150627,1,33,32,9.072289156626505,6.035603467557595,753.000000000000000,22,2,1,8
1229,4594587,31,244664.408626106742304,2,42,40,13.580645161290322,12.574357403060244,421.000000000000000,17,10,6,10
1230,4594589,32,252556.808904368255753,1,23,22,10.656250000000000,6.565103650171869,341.000000000000000,19,4,1,9
1231,4594591,30,236772.008347845228855,2,41,39,14.800000000000001,8.388086790204305,444.000000000000000,18,15,2,14
1232,4594593,11,86816.403060876589734,5,22,17,11.727272727272727,5.327303754175859,129.000000000000000,9,6,5,12
1233,4594599,45,355158.012521767872386,1,21,20,9.355555555555556,5.808635546630572,421.000000000000000,18,4,8,8
1234,4594605,1,7892.400278261507992,4,4,0,4.000000000000000,0.000000000000000,4.000000000000000,1,4,4,4
1235,4594607,5,39462.001391307538142,3,16,13,12.199999999999999,4.833218389437830,61.000000000000000,4,16,3,14
1236,4594609,13,102601.203617399602081,1,7,6,3.384615384615385,1.495555545786429,44.000000000000000,6,3,1,3
1237,4594611,24,189417.606678276206367,1,13,12,2.791666666666667,3.265720526247700,67.000000000000000,5,2,4,2
1238,4594619,50,394620.013913075381424,1,6,5,2.920000000000000,1.453822547630900,146.000000000000000,6,2,5,3
1239,4594623,18,142063.205008707154775,1,16,15,4.444444444444445,3.789198423328874,80.000000000000000,9,1,5,3
1240,4594625,21,165740.405843491666019,2,8,6,3.809523809523809,1.966845374101275,80.000000000000000,6,2,8,3
1241,4594629,40,315696.011130460305139,1,20,19,7.175000000000000,3.839840491478780,287.000000000000000,14,8,1,7
1242,4594631,10,78924.002782615076285,1,10,9,4.900000000000000,2.913760456866693,49.000000000000000,8,3,1,4
1243,4594633,4,31569.601113046031969,2,5,3,3.500000000000000,1.118033988749895,14.000000000000000,4,2,2,3
1244,4594635,107,844486.829773981356993,1,20,19,3.850467289719626,3.381654017458003,412.000000000000000,12,3,8,3
1245,4594639,6,47354.401669569051592,1,3,2,1.833333333333333,0.687184270936277,11.000000000000000,3,2,3,2
1246,4594641,1,7892.400278261507992,14,14,0,14.000000000000000,0.000000000000000,14.000000000000000,1,14,14,14
1247,4594643,15,118386.004173922614427,2,14,12,5.466666666666667,3.739280976634709,82.000000000000000,7,3,4,4
1248,4594645,1,7892.400278261507992,3,3,0,3.000000000000000,0.000000000000000,3.000000000000000,1,3,3,3
1249,4594649,15,118386.004173922614427,2,17,15,8.866666666666667,4.287449384216941,133.000000000000000,11,7,2,8
1250,4594651,5,39462.001391307538142,2,12,10,6.600000000000000,4.270831300812524,33.000000000000000,4,2,6,6
1251,4594653,19,149955.605286968639120,1,18,17,8.315789473684211,4.255678949838642,158.000000000000000,12,7,1,9
1252,4594655,61,481436.416973951971158,1,30,29,10.540983606557377,6.226789743353149,643.000000000000000,22,7,2,9
1253,4594661,23,181525.206400014692917,3,32,29,12.217391304347826,8.782178207271372,281.000000000000000,15,4,3,8
1254,4594663,2,15784.800556523015985,3,15,12,9.000000000000000,6.000000000000000,18.000000000000000,2,3,3,3
1255,4594665,1,7892.400278261507992,6,6,0,6.000000000000000,0.000000000000000,6.000000000000000,1,6,6,6
1256,4594673,2,15784.800556523015985,2,5,3,3.500000000000000,1.500000000000000,7.000000000000000,2,2,2,2
1257,4594675,4,31569.601113046031969,12,24,12,19.500000000000000,4.555216789572150,78.000000000000000,4,12,12,20
1258,4594677,1,7892.400278261507992,21,21,0,21.000000000000000,0.000000000000000,21.000000000000000,1,21,21,21
1259,4594679,4,31569.601113046031969,11,23,12,16.250000000000000,4.437059837324712,65.000000000000000,4,11,11,14
1260,4594681,19,149955.605286968639120,5,40,35,20.368421052631579,10.815245216169284,387.000000000000000,16,9,5,18
1261,4594683,8,63139.202226092063938,1,12,11,6.875000000000000,4.255511132637301,55.000000000000000,5,2,1,8
1262,4594685,7,55246.801947830557765,2,30,28,15.714285714285714,10.659861774958646,110.000000000000000,7,2,2,12
1263,4594687,2,15784.800556523015985,8,8,0,8.000000000000000,0.000000000000000,16.000000000000000,1,8,8,8
1264,4594689,5,39462.001391307538142,5,22,17,13.800000000000001,5.810335618533579,69.000000000000000,4,12,5,12
1265,4594693,2,15784.800556523015985,20,26,6,23.000000000000000,3.000000000000000,46.000000000000000,2,20,20,20
1266,4594695,4,31569.601113046031969,5,26,21,13.500000000000000,8.077747210701755,54.000000000000000,4,5,5,8
1267,4594697,15,118386.004173922614427,5,36,31,14.066666666666666,9.532167760914735,211.000000000000000,12,14,6,11
1268,4594699,1,7892.400278261507992,21,21,0,21.000000000000000,0.000000000000000,21.000000000000000,1,21,21,21
1269,4594701,6,47354.401669569051592,3,23,20,14.000000000000000,7.118052168020874,84.000000000000000,6,3,3,10
1270,4594703,2,15784.800556523015985,44,53,9,48.500000000000000,4.500000000000000,97.000000000000000,2,44,44,44
1271,4594705,19,149955.605286968639120,3,34,31,17.052631578947370,8.081647071642124,324.000000000000000,17,13,3,18
1272,4594707,2,15784.800556523015985,29,59,30,44.000000000000000,15.000000000000000,88.000000000000000,2,29,29,29
1273,4594709,4,31569.601113046031969,18,42,24,29.500000000000000,8.500000000000000,118.000000000000000,3,29,18,29
1274,4594711,4,31569.601113046031969,24,48,24,31.750000000000000,9.496709956611289,127.000000000000000,4,24,24,27
1275,4594713,11,86816.403060876589734,10,48,38,25.727272727272727,10.393100063292945,283.000000000000000,9,25,10,25
1276,4594715,4,31569.601113046031969,15,27,12,23.250000000000000,4.815340071064556,93.000000000000000,4,15,15,25
1277,4594717,36,284126.410017414309550,1,15,14,6.833333333333333,3.947573094109004,246.000000000000000,14,5,2,5
1278,4594719,16,126278.404452184127877,10,40,30,20.750000000000000,6.495190528383290,332.000000000000000,11,21,10,20
1279,4594721,5,39462.001391307538142,12,23,11,18.399999999999999,4.176122603564221,92.000000000000000,4,21,12,21
1280,4594723,31,244664.408626106742304,1,16,15,8.000000000000000,3.222901918177708,248.000000000000000,11,6,4,8
1281,4594725,14,110493.603895661115530,4,19,15,14.000000000000000,4.644505202002531,196.000000000000000,8,13,4,13
1282,4594727,5,39462.001391307538142,11,21,10,16.800000000000001,3.487119154832538,84.000000000000000,5,11,11,18
1283,4594729,6,47354.401669569051592,5,23,18,14.833333333333334,7.104380495315704,89.000000000000000,6,5,5,11
1284,4594731,9,71031.602504353577388,5,23,18,15.666666666666666,5.676462121975467,141.000000000000000,8,23,5,15
1285,4594733,8,63139.202226092063938,5,20,15,12.500000000000000,4.821825380496477,100.000000000000000,7,10,5,10
1286,4594735,2,15784.800556523015985,17,19,2,18.000000000000000,1.000000000000000,36.000000000000000,2,17,17,17
1287,4594737,1,7892.400278261507992,27,27,0,27.000000000000000,0.000000000000000,27.000000000000000,1,27,27,27
1288,4594739,2,15784.800556523015985,10,21,11,15.500000000000000,5.500000000000000,31.000000000000000,2,10,10,10
1289,4594741,6,47354.401669569051592,4,37,33,24.166666666666668,14.311029157805372,145.000000000000000,5,37,4,27
1290,4594743,12,94708.803339138103183,13,27,14,20.916666666666668,4.957457905911944,251.000000000000000,8,13,19,20
1291,4594745,29,228879.608069583744509,4,24,20,14.103448275862069,4.801902120145990,409.000000000000000,16,13,4,15
1292,4594747,14,110493.603895661115530,7,21,14,14.071428571428571,4.399095454332236,197.000000000000000,9,10,7,14
1293,4594749,9,71031.602504353577388,7,24,17,18.333333333333332,6.182412330330469,165.000000000000000,6,7,22,21
1294,4594751,1,7892.400278261507992,17,17,0,17.000000000000000,0.000000000000000,17.000000000000000,1,17,17,17
1295,4594753,35,276234.009739152796101,2,31,29,15.657142857142857,7.297525440244823,548.000000000000000,20,9,2,15
1296,4594755,7,55246.801947830557765,12,25,13,17.714285714285715,4.365916225696030,124.000000000000000,7,12,12,16
1297,4594757,2,15784.800556523015985,3,5,2,4.000000000000000,1.000000000000000,8.000000000000000,2,3,3,3
1298,4594759,4,31569.601113046031969,10,21,11,15.000000000000000,3.937003937005906,60.000000000000000,4,10,10,14
1299,4594761,12,94708.803339138103183,5,28,23,13.916666666666666,7.973480349815187,167.000000000000000,10,5,6,11
1300,4594763,8,63139.202226092063938,1,30,29,12.000000000000000,8.817596044274199,96.000000000000000,7,15,1,10
1301,4594767,5,39462.001391307538142,1,5,4,3.000000000000000,1.788854381999832,15.000000000000000,3,1,3,3
1302,4594769,8,63139.202226092063938,2,18,16,8.875000000000000,5.925316447245666,71.000000000000000,8,2,2,5
1303,4594771,76,599822.421147874556482,1,27,26,10.026315789473685,6.330738886389599,762.000000000000000,24,4,12,9
1304,4594773,13,102601.203617399602081,4,32,28,19.076923076923077,8.156748394960964,248.000000000000000,12,12,4,18
1305,4594775,52,410404.814469598408323,2,25,23,13.500000000000000,5.872032802255896,702.000000000000000,21,8,2,12
1306,4594777,7,55246.801947830557765,4,10,6,7.428571428571429,2.128523489393049,52.000000000000000,5,8,4,8
1307,4594779,59,465651.616417428944260,1,28,27,14.694915254237289,6.965421221249173,867.000000000000000,23,14,1,14
1308,4594783,4,31569.601113046031969,1,11,10,5.000000000000000,3.741657386773941,20.000000000000000,4,1,1,3
1309,4594785,5,39462.001391307538142,4,11,7,6.600000000000000,2.416609194718915,33.000000000000000,5,4,4,6
1310,4594787,6,47354.401669569051592,8,23,15,11.666666666666666,5.120763831912406,70.000000000000000,4,10,8,10
1311,4594789,1,7892.400278261507992,8,8,0,8.000000000000000,0.000000000000000,8.000000000000000,1,8,8,8
1312,4594791,1,7892.400278261507992,5,5,0,5.000000000000000,0.000000000000000,5.000000000000000,1,5,5,5
1313,4594793,45,355158.012521767872386,1,29,28,10.600000000000000,7.230798326910000,477.000000000000000,20,8,7,9
1314,4594795,3,23677.200834784525796,7,17,10,11.000000000000000,4.320493798938574,33.000000000000000,3,7,7,9
1315,4594797,4,31569.601113046031969,2,10,8,5.750000000000000,2.861380785564899,23.000000000000000,4,2,2,5
1316,4594799,17,134170.804730445641326,6,36,30,14.058823529411764,7.487012977269327,239.000000000000000,11,6,11,12
1317,4594801,1,7892.400278261507992,11,11,0,11.000000000000000,0.000000000000000,11.000000000000000,1,11,11,11
1318,4594803,3,23677.200834784525796,7,14,7,11.000000000000000,2.943920288775949,33.000000000000000,3,7,7,12
1319,4594805,7,55246.801947830557765,1,9,8,3.857142857142857,2.474358296526967,27.000000000000000,5,2,1,4
1320,4594807,15,118386.004173922614427,3,17,14,10.266666666666667,4.697043987682275,154.000000000000000,8,10,13,11
1321,4594809,7,55246.801947830557765,1,16,15,8.142857142857142,4.257046978786097,57.000000000000000,6,8,1,8
1322,4594811,4,31569.601113046031969,5,10,5,6.500000000000000,2.061552812808830,26.000000000000000,3,5,6,5
1323,4594813,16,126278.404452184127877,1,30,29,12.500000000000000,9.260129588726068,200.000000000000000,14,1,3,10
1324,4594815,4,31569.601113046031969,2,6,4,3.750000000000000,1.479019945774904,15.000000000000000,4,2,2,3
1325,4594817,19,149955.605286968639120,1,15,14,7.578947368421052,3.884053626841073,144.000000000000000,10,8,1,8
1326,4594819,3,23677.200834784525796,3,5,2,4.333333333333333,0.942809041582064,13.000000000000000,2,5,3,5
1327,4594821,32,252556.808904368255753,1,30,29,7.875000000000000,6.203577596838779,252.000000000000000,13,6,3,6
1328,4594823,25,197310.006956537690712,2,16,14,6.720000000000000,3.883503572806390,168.000000000000000,10,2,4,7
1329,4594825,5,39462.001391307538142,6,16,10,11.000000000000000,4.195235392680607,55.000000000000000,4,6,13,13
1330,4594827,2,15784.800556523015985,3,30,27,16.500000000000000,13.500000000000000,33.000000000000000,2,3,3,3
1331,4594829,12,94708.803339138103183,1,27,26,11.166666666666666,6.730940168769558,134.000000000000000,9,7,1,8
1332,4594831,5,39462.001391307538142,1,13,12,7.400000000000000,4.317406628984580,37.000000000000000,5,1,1,9
1333,4594833,38,299911.210573937278241,2,21,19,10.052631578947368,4.795542713489007,382.000000000000000,15,10,2,10
1334,4594835,4,31569.601113046031969,5,47,42,24.750000000000000,15.105876340020794,99.000000000000000,4,5,5,20
1335,4594969,19,149955.605286968639120,3,19,16,7.684210526315789,4.230871896939241,146.000000000000000,9,4,6,6
1336,4594973,3,23677.200834784525796,7,14,7,10.666666666666666,2.867441755680877,32.000000000000000,3,7,7,11
1337,4594975,4,31569.601113046031969,11,29,18,18.500000000000000,6.576473218982953,74.000000000000000,4,11,11,16
1338,4594977,23,181525.206400014692917,4,24,20,11.565217391304348,4.950415766083577,266.000000000000000,11,11,5,11
1339,4594979,18,142063.205008707154775,1,22,21,5.833333333333333,5.155902766086006,105.000000000000000,9,1,6,4
1340,4594981,2,15784.800556523015985,6,16,10,11.000000000000000,5.000000000000000,22.000000000000000,2,6,6,6
1341,4594983,11,86816.403060876589734,3,16,13,8.090909090909092,4.999173485406371,89.000000000000000,8,3,4,6
1342,4594985,23,181525.206400014692917,3,19,16,10.913043478260869,4.343040844928625,251.000000000000000,13,14,3,12
1343,4594987,28,220987.207791322231060,1,25,24,10.821428571428571,6.949067622086185,303.000000000000000,17,3,1,9
1344,4594989,31,244664.408626106742304,1,35,34,10.516129032258064,8.986983302898503,326.000000000000000,17,4,3,7
1345,4594991,35,276234.009739152796101,2,28,26,11.971428571428572,6.673982380582565,419.000000000000000,20,8,2,11
1346,4594993,20,157848.005565230152570,1,14,13,6.500000000000000,4.283689998120779,130.000000000000000,10,3,1,4
1347,4594995,29,228879.608069583744509,1,20,19,8.206896551724139,4.823643710357437,238.000000000000000,15,5,1,7
1348,4594997,60,473544.016695690457709,1,23,22,8.600000000000000,4.882622246293482,516.000000000000000,19,5,1,8
1349,4594999,9,71031.602504353577388,2,8,6,4.555555555555555,1.832491389163405,41.000000000000000,5,4,5,4
1350,4595001,36,284126.410017414309550,3,38,35,12.555555555555555,7.657401809304236,452.000000000000000,17,18,6,9
1351,4595003,5,39462.001391307538142,2,9,7,4.200000000000000,2.561249694973140,21.000000000000000,3,2,9,4
1352,4595005,19,149955.605286968639120,2,34,32,11.210526315789474,7.445089850423997,213.000000000000000,12,6,4,11
1353,4595007,3,23677.200834784525796,6,9,3,7.666666666666667,1.247219128924646,23.000000000000000,3,6,6,8
1354,4595009,15,118386.004173922614427,1,25,24,10.000000000000000,7.164728420068226,150.000000000000000,10,2,1,9
1355,4595039,10,78924.002782615076285,6,17,11,11.699999999999999,3.195309061734093,117.000000000000000,7,12,6,12
1356,4595041,10,78924.002782615076285,9,29,20,17.800000000000001,5.381449618829484,178.000000000000000,9,19,9,18
1357,4595043,13,102601.203617399602081,1,14,13,5.769230769230769,3.117046090669971,75.000000000000000,8,4,1,6
1358,4595045,2,15784.800556523015985,8,17,9,12.500000000000000,4.500000000000000,25.000000000000000,2,8,8,8
1359,4595049,14,110493.603895661115530,1,39,38,16.928571428571427,12.819985991268734,237.000000000000000,12,14,1,12
1360,4595051,3,23677.200834784525796,6,22,16,13.333333333333334,6.599663291074442,40.000000000000000,3,6,6,12
1361,4595053,3,23677.200834784525796,20,29,9,23.666666666666668,3.858612300930068,71.000000000000000,3,20,20,22
1362,4595055,9,71031.602504353577388,4,28,24,13.222222222222221,8.625257197811267,119.000000000000000,7,4,7,8
1363,4595057,24,189417.606678276206367,1,48,47,20.000000000000000,12.688577540449520,480.000000000000000,18,5,1,19
1364,4595059,32,252556.808904368255753,4,25,21,16.156250000000000,5.717896111114647,517.000000000000000,17,19,6,18
1365,4595061,3,23677.200834784525796,11,30,19,20.666666666666668,7.760297817881874,62.000000000000000,3,11,11,21
1366,4595063,46,363050.412800029385835,3,21,18,13.782608695652174,5.073002041833428,634.000000000000000,16,17,8,15
1367,4595065,2,15784.800556523015985,12,14,2,13.000000000000000,1.000000000000000,26.000000000000000,2,12,12,12
1368,4595069,33,260449.209182629769202,1,25,24,10.696969696969697,7.661334832999022,353.000000000000000,19,1,3,9
1369,4595071,2,15784.800556523015985,4,17,13,10.500000000000000,6.500000000000000,21.000000000000000,2,4,4,4
1370,4595075,94,741885.626156581798568,1,53,52,12.893617021276595,9.734199510419254,1212.000000000000000,33,4,20,11
1371,4595077,5,39462.001391307538142,4,24,20,14.800000000000001,7.934733769950949,74.000000000000000,3,11,4,11
1372,4595079,13,102601.203617399602081,1,32,31,10.769230769230770,12.777106005266704,140.000000000000000,7,1,3,2
1373,4595081,2,15784.800556523015985,12,18,6,15.000000000000000,3.000000000000000,30.000000000000000,2,12,12,12
1374,4595083,140,1104936.038956611184403,1,41,40,10.150000000000000,7.508970825428932,1421.000000000000000,28,8,13,8
1375,4595085,1,7892.400278261507992,12,12,0,12.000000000000000,0.000000000000000,12.000000000000000,1,12,12,12
1376,4595087,6,47354.401669569051592,5,9,4,6.666666666666667,1.490711984999859,40.000000000000000,5,5,6,6
1377,4595089,5,39462.001391307538142,8,20,12,14.000000000000000,4.690415759823430,70.000000000000000,5,8,8,16
1378,4595095,9,71031.602504353577388,1,17,16,5.555555555555555,4.693047129320639,50.000000000000000,7,2,1,5
1379,4595101,59,465651.616417428944260,1,37,36,12.288135593220339,11.659070590422804,725.000000000000000,24,2,7,6
1380,4595105,1,7892.400278261507992,3,3,0,3.000000000000000,0.000000000000000,3.000000000000000,1,3,3,3
1381,4595107,6,47354.401669569051592,6,15,9,10.000000000000000,3.265986323710904,60.000000000000000,6,6,6,8
1382,4596477,16,126278.404452184127877,4,14,10,8.437500000000000,2.849753278794499,135.000000000000000,9,10,4,8
1383,4596483,1,7892.400278261507992,11,11,0,11.000000000000000,0.000000000000000,11.000000000000000,1,11,11,11
1384,4596487,4,31569.601113046031969,2,16,14,9.750000000000000,5.931905258852336,39.000000000000000,4,2,2,6
1385,4596491,13,102601.203617399602081,2,8,6,4.923076923076923,2.268904800577327,64.000000000000000,6,3,5,5
1386,4596493,19,149955.605286968639120,1,3,2,1.631578947368421,0.808541657670380,31.000000000000000,3,1,2,1
1387,4596495,35,276234.009739152796101,2,17,15,6.914285714285715,3.540552245636495,242.000000000000000,12,4,16,6
1388,6082737,4,31569.601113046031969,4,47,43,29.000000000000000,15.795568998931314,116.000000000000000,4,4,4,29
1389,6082739,11,86816.403060876589734,3,34,31,13.000000000000000,9.505978979759863,143.000000000000000,8,3,10,14
1390,6082741,22,173632.806121753179468,1,20,19,9.181818181818182,5.788989263611989,202.000000000000000,14,3,1,8
1391,6082743,7,55246.801947830557765,6,28,22,16.714285714285715,7.591617288906527,117.000000000000000,7,6,6,17
1392,6082745,40,315696.011130460305139,4,34,30,16.399999999999999,8.086408349817614,656.000000000000000,18,17,4,15
1393,6082747,41,323588.411408721818589,2,83,81,35.975609756097562,26.300781593577700,1475.000000000000000,32,4,5,34
1394,6082749,10,78924.002782615076285,3,18,15,10.900000000000000,4.437341546466756,109.000000000000000,7,7,3,11
1395,6082751,21,165740.405843491666019,2,32,30,11.428571428571429,7.274033587071916,240.000000000000000,16,5,2,9
1396,6082753,17,134170.804730445641326,5,32,27,13.588235294117647,6.472192314540830,231.000000000000000,14,15,5,13
1397,6082755,26,205202.407234799204161,1,28,27,8.076923076923077,6.018708505236478,210.000000000000000,13,4,1,7
1398,6082757,11,86816.403060876589734,2,38,36,14.363636363636363,10.839932298285122,158.000000000000000,10,5,2,13
1399,6082759,24,189417.606678276206367,1,18,17,4.291666666666667,3.931487914546123,103.000000000000000,9,1,8,3
1400,6082761,26,205202.407234799204161,1,36,35,13.307692307692308,9.437116699375563,346.000000000000000,17,27,6,11
1401,6082763,40,315696.011130460305139,2,51,49,12.375000000000000,9.964154505024498,495.000000000000000,21,6,2,8
1402,6082765,36,284126.410017414309550,5,20,15,9.888888888888889,3.928371006591930,356.000000000000000,13,5,18,9
1403,6082767,64,505113.617808736511506,3,37,34,13.406250000000000,8.017010723299551,858.000000000000000,22,10,12,10
1404,6082769,32,252556.808904368255753,1,19,18,9.187500000000000,4.179096044601033,294.000000000000000,14,6,1,10
1405,6082771,46,363050.412800029385835,1,23,22,9.000000000000000,4.804888814711442,414.000000000000000,18,7,13,8
1406,6082773,23,181525.206400014692917,9,36,27,23.521739130434781,8.561133433785363,541.000000000000000,15,24,9,24
1407,6082775,46,363050.412800029385835,1,44,43,21.217391304347824,11.502198359781078,976.000000000000000,28,18,1,19
1408,6082777,4,31569.601113046031969,5,29,24,13.250000000000000,9.443913383762052,53.000000000000000,4,5,5,7
1409,6082779,14,110493.603895661115530,4,48,44,19.785714285714285,14.092442612106327,277.000000000000000,12,4,5,16
1410,6082781,18,142063.205008707154775,2,13,11,6.333333333333333,3.179797338056485,114.000000000000000,9,4,3,5
1411,6082783,2,15784.800556523015985,13,24,11,18.500000000000000,5.500000000000000,37.000000000000000,2,13,13,13
1412,6082785,17,134170.804730445641326,7,37,30,20.176470588235293,9.056913473192713,343.000000000000000,14,8,7,22
1413,6082787,21,165740.405843491666019,7,38,31,21.142857142857142,7.947959991545687,444.000000000000000,12,28,7,23
1414,6082789,23,181525.206400014692917,1,32,31,10.043478260869565,9.294590576709544,231.000000000000000,16,3,1,6
1415,6082791,11,86816.403060876589734,4,29,25,13.454545454545455,7.253383365570435,148.000000000000000,9,8,4,11
1416,6082793,10,78924.002782615076285,5,39,34,22.899999999999999,11.886547017532049,229.000000000000000,8,10,5,20
1417,6082795,26,205202.407234799204161,1,20,19,7.615384615384615,4.341897166667718,198.000000000000000,12,9,1,7
1418,6082797,19,149955.605286968639120,4,30,26,16.421052631578949,7.741316285964240,312.000000000000000,14,8,4,15
1419,6082799,12,94708.803339138103183,2,22,20,11.500000000000000,5.545268253204709,138.000000000000000,9,7,2,10
1420,6082801,43,339373.211965244845487,1,45,44,10.441860465116280,9.640762117856044,449.000000000000000,21,7,3,7
1421,6082803,2,15784.800556523015985,21,30,9,25.500000000000000,4.500000000000000,51.000000000000000,2,21,21,21
1422,6082805,4,31569.601113046031969,13,34,21,19.500000000000000,8.616843969807043,78.000000000000000,3,13,18,13
1423,6082807,36,284126.410017414309550,1,22,21,8.972222222222221,5.418518202070826,323.000000000000000,16,6,3,7
1424,6082809,13,102601.203617399602081,1,31,30,11.076923076923077,9.683145852948176,144.000000000000000,9,2,1,5
1425,6082811,11,86816.403060876589734,1,5,4,2.636363636363636,1.431637795274875,29.000000000000000,5,1,4,2
1426,6082813,36,284126.410017414309550,8,43,35,18.111111111111111,7.229483529185571,652.000000000000000,18,16,11,16
1427,6082815,16,126278.404452184127877,1,25,24,9.500000000000000,6.910137480542627,152.000000000000000,11,5,1,6
1428,6082817,11,86816.403060876589734,5,18,13,12.181818181818182,4.018552019145519,134.000000000000000,9,11,5,13
1429,6082819,4,31569.601113046031969,16,43,27,26.750000000000000,9.934158243152764,107.000000000000000,3,24,16,24
1430,6082821,19,149955.605286968639120,6,32,26,14.368421052631579,6.225672876893157,273.000000000000000,12,10,6,12
1431,6082823,22,173632.806121753179468,1,30,29,13.318181818181818,7.288760735396054,293.000000000000000,15,9,1,10
1432,6082825,23,181525.206400014692917,2,57,55,27.956521739130434,16.014879659566507,643.000000000000000,16,19,2,27
1433,6082827,10,78924.002782615076285,14,28,14,23.699999999999999,4.313930922024602,237.000000000000000,7,22,14,24
1434,6082857,22,173632.806121753179468,4,21,17,11.181818181818182,4.249453051825545,246.000000000000000,12,11,4,11
1435,6082859,19,149955.605286968639120,12,30,18,20.526315789473685,5.030103285040150,390.000000000000000,11,18,12,20
1436,6082861,27,213094.807513060717611,1,35,34,14.592592592592593,8.887191195903108,394.000000000000000,18,6,1,15
1437,6082863,20,157848.005565230152570,5,28,23,13.949999999999999,7.546356736863161,279.000000000000000,14,8,9,11
1438,6082865,55,434082.015304382948671,1,40,39,15.018181818181818,10.918692744082025,826.000000000000000,26,2,3,17
1439,6082867,32,252556.808904368255753,1,31,30,11.093750000000000,8.330513845946118,355.000000000000000,20,10,1,8
1440,6082869,16,126278.404452184127877,3,26,23,10.312500000000000,5.451132336496703,165.000000000000000,9,8,3,8
1441,6082871,30,236772.008347845228855,6,40,34,19.666666666666668,10.238272423715937,590.000000000000000,17,14,11,18
1442,6082877,7,55246.801947830557765,5,41,36,19.857142857142858,15.310393961792952,139.000000000000000,6,5,8,9
1443,6082879,2,15784.800556523015985,13,14,1,13.500000000000000,0.500000000000000,27.000000000000000,2,13,13,13
1444,6082881,10,78924.002782615076285,2,25,23,10.600000000000000,6.814690014960330,106.000000000000000,7,12,2,10
1445,6082885,5,39462.001391307538142,1,23,22,11.199999999999999,7.652450587883598,56.000000000000000,5,1,1,13
1446,6082887,4,31569.601113046031969,5,9,4,7.000000000000000,2.000000000000000,28.000000000000000,2,5,5,5
1447,6082889,12,94708.803339138103183,1,36,35,17.083333333333332,10.649400087433200,205.000000000000000,11,7,1,14
1448,6082891,13,102601.203617399602081,2,18,16,8.769230769230770,5.308249692026497,114.000000000000000,10,2,5,7
1449,6082895,3,23677.200834784525796,6,10,4,8.666666666666666,1.885618083164128,26.000000000000000,2,10,6,10
1450,6083315,5,39462.001391307538142,2,24,22,11.199999999999999,7.304792947099870,56.000000000000000,5,2,2,9
1451,6083319,11,86816.403060876589734,4,16,12,9.818181818181818,3.663534850838159,108.000000000000000,9,7,4,9
1452,6083323,8,63139.202226092063938,1,13,12,5.875000000000000,3.295356581616017,47.000000000000000,6,4,1,5
1453,6083325,7,55246.801947830557765,3,42,39,14.428571428571429,12.010199746847830,101.000000000000000,6,13,3,13
1454,6083327,3,23677.200834784525796,7,18,11,14.333333333333334,5.185449728701347,43.000000000000000,2,18,7,18
1455,6083329,10,78924.002782615076285,3,23,20,11.699999999999999,6.165225056719342,117.000000000000000,10,3,3,10
1456,6083331,19,149955.605286968639120,3,14,11,6.421052631578948,3.083330213868801,122.000000000000000,8,5,7,5
1457,6083335,5,39462.001391307538142,1,28,27,7.800000000000000,10.244998779892558,39.000000000000000,4,2,1,2
1458,6083337,6,47354.401669569051592,1,9,8,4.166666666666667,2.671869923646899,25.000000000000000,6,1,1,3
1459,6083339,12,94708.803339138103183,2,31,29,16.083333333333332,10.459910239682856,193.000000000000000,9,12,2,12
1460,6083341,15,118386.004173922614427,1,31,30,9.400000000000000,8.507251808506277,141.000000000000000,10,5,1,5
1461,6083343,10,78924.002782615076285,6,17,11,10.699999999999999,3.822302970723280,107.000000000000000,7,6,8,11
1462,6083345,4,31569.601113046031969,5,13,8,10.000000000000000,3.000000000000000,40.000000000000000,3,11,5,11
1463,6083347,5,39462.001391307538142,17,28,11,22.600000000000001,4.923413450036465,113.000000000000000,3,17,23,23
1464,6083349,9,71031.602504353577388,9,22,13,12.333333333333334,4.594682917363407,111.000000000000000,6,9,10,10
1465,6083351,11,86816.403060876589734,2,31,29,9.818181818181818,9.665479170910555,108.000000000000000,8,4,3,4
1466,6083353,6,47354.401669569051592,6,18,12,11.666666666666666,3.726779962499650,70.000000000000000,5,13,6,11
1467,6083355,3,23677.200834784525796,6,16,10,9.333333333333334,4.714045207910315,28.000000000000000,2,6,16,6
1468,6083357,11,86816.403060876589734,2,32,30,15.363636363636363,11.459594846659579,169.000000000000000,10,13,2,13
1469,6083359,5,39462.001391307538142,8,13,5,10.400000000000000,1.624807680927188,52.000000000000000,4,10,8,10
1470,6083361,6,47354.401669569051592,7,17,10,13.666666666666666,3.349958540373634,82.000000000000000,4,14,7,14
1471,6083363,2,15784.800556523015985,2,8,6,5.000000000000000,3.000000000000000,10.000000000000000,2,2,2,2
1472,6083365,16,126278.404452184127877,7,41,34,18.500000000000000,9.585144756340407,296.000000000000000,14,12,7,15
1473,6083367,4,31569.601113046031969,22,31,9,26.750000000000000,3.491060010942235,107.000000000000000,4,22,22,25
1474,6083369,2,15784.800556523015985,2,8,6,5.000000000000000,3.000000000000000,10.000000000000000,2,2,2,2
1475,6083371,12,94708.803339138103183,6,29,23,13.000000000000000,6.544717972023954,156.000000000000000,9,9,6,10
1476,6083373,20,157848.005565230152570,3,32,29,13.199999999999999,9.368030742904295,264.000000000000000,13,7,5,9
1477,6083375,17,134170.804730445641326,5,56,51,23.294117647058822,13.485350246852207,396.000000000000000,14,8,5,24
1478,6083377,14,110493.603895661115530,3,42,39,15.928571428571429,13.068305637874330,223.000000000000000,11,5,3,12
1479,6083379,14,110493.603895661115530,9,23,14,15.071428571428571,4.148395313066174,211.000000000000000,9,16,9,16
1480,6083381,10,78924.002782615076285,6,25,19,16.899999999999999,6.040695324215583,169.000000000000000,8,14,6,14
1481,6083383,11,86816.403060876589734,6,27,21,12.181818181818182,6.027485256091192,134.000000000000000,9,7,6,11
1482,6083385,14,110493.603895661115530,1,22,21,5.285714285714286,5.337583340648401,74.000000000000000,9,2,5,3
1483,6083387,17,134170.804730445641326,2,27,25,12.235294117647058,6.503658805216589,208.000000000000000,12,10,2,10
1484,6083389,17,134170.804730445641326,2,17,15,10.941176470588236,4.094050033248310,186.000000000000000,11,14,2,12
1485,6083391,24,189417.606678276206367,1,22,21,10.291666666666666,5.556371467863618,247.000000000000000,14,6,1,9
1486,6083393,6,47354.401669569051592,2,21,19,5.500000000000000,6.970174555442162,33.000000000000000,3,2,4,2
1487,6083395,7,55246.801947830557765,4,44,40,19.428571428571427,13.906392598443380,136.000000000000000,7,4,4,17
1488,6083397,13,102601.203617399602081,3,22,19,13.153846153846153,4.974491142838382,171.000000000000000,9,11,3,12
1489,6083399,7,55246.801947830557765,2,17,15,6.285714285714286,5.146823867043378,44.000000000000000,5,2,4,4
1490,6083401,7,55246.801947830557765,1,12,11,7.142857142857143,4.290473547908916,50.000000000000000,4,1,12,7
1491,6083403,14,110493.603895661115530,2,25,23,9.214285714285714,6.624398316920903,129.000000000000000,10,2,5,6
1492,6083405,27,213094.807513060717611,1,29,28,12.370370370370370,7.836988027572026,334.000000000000000,17,20,1,11
1493,6083407,8,63139.202226092063938,7,26,19,14.375000000000000,5.829611908180509,115.000000000000000,8,7,7,12
1494,6083409,25,197310.006956537690712,7,46,39,18.480000000000000,11.713650156974980,462.000000000000000,17,7,8,13
1495,6083411,5,39462.001391307538142,9,26,17,17.800000000000001,5.418486873657626,89.000000000000000,5,9,9,18
1496,6083413,14,110493.603895661115530,4,44,40,16.857142857142858,13.146738557295400,236.000000000000000,10,6,4,8
1497,6083415,15,118386.004173922614427,10,34,24,19.733333333333334,8.086751854456494,296.000000000000000,13,14,10,16
1498,6083417,32,252556.808904368255753,1,32,31,6.312500000000000,6.597525577820824,202.000000000000000,13,1,3,4
1499,6083419,7,55246.801947830557765,7,30,23,13.857142857142858,7.414822441349131,97.000000000000000,7,7,7,11
1500,6083423,12,94708.803339138103183,12,18,6,13.916666666666666,1.934697794373990,167.000000000000000,6,12,17,13
1501,6083425,12,94708.803339138103183,1,19,18,12.000000000000000,6.055300708194983,144.000000000000000,9,9,1,12
1502,6083427,8,63139.202226092063938,1,43,42,10.750000000000000,15.465687828221544,86.000000000000000,5,1,31,2
1503,6083429,28,220987.207791322231060,3,18,15,9.535714285714286,4.346444711790666,267.000000000000000,14,10,3,10
1504,6083431,19,149955.605286968639120,4,16,12,9.052631578947368,3.456095823027791,172.000000000000000,10,6,4,8
1505,6083433,4,31569.601113046031969,8,10,2,9.000000000000000,0.707106781186548,36.000000000000000,3,9,8,9
1506,6083435,4,31569.601113046031969,5,14,9,9.750000000000000,3.269174207655505,39.000000000000000,4,5,5,9
1507,6083437,25,197310.006956537690712,2,38,36,14.080000000000000,8.908063762681540,352.000000000000000,17,6,2,11
1508,6083439,12,94708.803339138103183,1,14,13,4.666666666666667,3.986086914367132,56.000000000000000,7,4,6,3
1509,6083441,16,126278.404452184127877,3,20,17,9.312500000000000,5.697792884091172,149.000000000000000,11,3,4,7
1510,6083443,31,244664.408626106742304,1,14,13,5.903225806451613,3.246385967847516,183.000000000000000,12,8,11,6
1511,6083445,20,157848.005565230152570,4,10,6,7.250000000000000,1.894069692487581,145.000000000000000,7,8,5,7
1512,6083447,6,47354.401669569051592,1,11,10,3.500000000000000,3.500000000000000,21.000000000000000,4,1,4,2
1513,6083449,15,118386.004173922614427,4,27,23,12.066666666666666,6.536733808936149,181.000000000000000,12,8,4,11
1514,6083451,14,110493.603895661115530,3,30,27,13.500000000000000,8.950259373735650,189.000000000000000,11,5,3,10
1515,6083453,34,268341.609460891282652,5,24,19,10.882352941176471,4.855346997246214,370.000000000000000,15,5,7,10
1516,6083455,27,213094.807513060717611,4,30,26,12.851851851851851,6.096165787721449,347.000000000000000,13,11,19,11
1517,6083457,54,426189.615026121435221,1,36,35,14.092592592592593,8.777641036597050,761.000000000000000,26,8,10,14
1518,6083459,13,102601.203617399602081,1,46,45,20.846153846153847,15.316387171142265,271.000000000000000,12,9,1,18
1519,6083461,13,102601.203617399602081,1,42,41,13.230769230769230,11.774508620508877,172.000000000000000,12,12,1,9
1520,6083463,5,39462.001391307538142,1,7,6,5.200000000000000,2.399999999999999,26.000000000000000,3,7,1,7
1521,6083465,30,236772.008347845228855,2,18,16,10.733333333333333,4.242116871982143,322.000000000000000,15,10,5,10
1522,6083467,7,55246.801947830557765,1,6,5,3.428571428571428,2.128523489393049,24.000000000000000,3,1,6,5
1523,6083469,14,110493.603895661115530,3,38,35,18.571428571428573,9.021516230769679,260.000000000000000,11,15,3,15
1524,6083471,24,189417.606678276206367,2,20,18,9.291666666666666,5.442725777484008,223.000000000000000,13,9,2,9
1525,6083473,5,39462.001391307538142,5,11,6,7.800000000000000,2.039607805437115,39.000000000000000,4,7,5,7
1526,6083475,6,47354.401669569051592,14,24,10,18.333333333333332,3.248931448269659,110.000000000000000,4,19,14,19
1527,6083477,12,94708.803339138103183,4,20,16,10.583333333333334,5.544642058379923,127.000000000000000,10,4,5,8
1528,6083479,14,110493.603895661115530,1,42,41,18.857142857142858,13.394333251987801,264.000000000000000,14,1,1,19
1529,6083481,8,63139.202226092063938,7,26,19,12.750000000000000,6.299801584177076,102.000000000000000,5,11,9,11
1530,6083483,13,102601.203617399602081,2,45,43,12.923076923076923,11.572258196363991,168.000000000000000,11,7,2,8
1531,6083485,4,31569.601113046031969,6,28,22,15.500000000000000,7.952986860293433,62.000000000000000,4,6,6,13
1532,6083487,16,126278.404452184127877,2,14,12,5.812500000000000,3.521696146745202,93.000000000000000,10,2,3,5
1533,6083489,9,71031.602504353577388,2,22,20,7.888888888888889,5.801234436536273,71.000000000000000,8,4,2,6
1534,6083491,11,86816.403060876589734,1,10,9,6.272727272727272,2.733326614249620,69.000000000000000,7,3,1,7
1535,6083493,15,118386.004173922614427,1,18,17,11.533333333333333,4.869861964733246,173.000000000000000,10,6,1,11
1536,6083495,20,157848.005565230152570,5,13,8,9.600000000000000,2.154065922853804,192.000000000000000,9,10,5,10
1537,6083497,17,134170.804730445641326,8,32,24,18.823529411764707,6.758308995927091,320.000000000000000,14,16,8,17
1538,6083499,21,165740.405843491666019,1,15,14,8.380952380952381,3.565391723301883,176.000000000000000,13,4,1,8
1539,6083501,8,63139.202226092063938,7,24,17,16.875000000000000,5.010925563206861,135.000000000000000,7,15,7,15
1540,6083503,22,173632.806121753179468,1,36,35,14.818181818181818,11.578335426116718,326.000000000000000,16,2,3,12
1541,6083505,20,157848.005565230152570,2,13,11,6.050000000000000,3.368605052540295,121.000000000000000,10,5,6,5
1542,6083507,17,134170.804730445641326,1,12,11,5.000000000000000,2.786522184076944,85.000000000000000,8,2,1,5
1543,6083509,10,78924.002782615076285,2,39,37,21.699999999999999,14.512408483776911,217.000000000000000,8,2,5,18
1544,6083511,23,181525.206400014692917,7,24,17,12.086956521739131,4.282553519838783,278.000000000000000,11,14,9,12
1545,6083513,34,268341.609460891282652,2,24,22,11.764705882352942,6.164694656478328,400.000000000000000,17,10,4,10
1546,6083515,16,126278.404452184127877,2,37,35,18.937500000000000,9.202368920555186,303.000000000000000,13,10,2,19
1547,6083517,9,71031.602504353577388,4,19,15,12.333333333333334,4.371625682868000,111.000000000000000,7,11,4,14
1548,6083519,6,47354.401669569051592,11,20,9,16.166666666666668,3.236081306491264,97.000000000000000,6,11,11,16
1549,6083521,11,86816.403060876589734,5,19,14,9.272727272727273,3.595221806051852,102.000000000000000,8,7,5,9
1550,6083523,2,15784.800556523015985,3,3,0,3.000000000000000,0.000000000000000,6.000000000000000,1,3,3,3
1551,6083525,12,94708.803339138103183,1,20,19,5.333333333333333,5.647024782032472,64.000000000000000,7,2,1,3
1552,6083527,4,31569.601113046031969,6,12,6,8.500000000000000,2.598076211353316,34.000000000000000,3,6,10,6
1553,6083529,7,55246.801947830557765,11,16,5,14.428571428571429,1.590789817951438,101.000000000000000,4,14,11,15
1554,6083531,33,260449.209182629769202,3,20,17,12.484848484848484,4.942832043819291,412.000000000000000,13,12,3,13
1555,6083533,10,78924.002782615076285,5,24,19,12.600000000000000,5.765414122159831,126.000000000000000,8,5,7,13
1556,6083535,12,94708.803339138103183,4,19,15,9.916666666666666,5.468978169843269,119.000000000000000,9,4,6,7
1557,6083537,16,126278.404452184127877,4,25,21,10.937500000000000,6.378369207720732,175.000000000000000,10,4,6,10
1558,6083539,20,157848.005565230152570,4,42,38,12.900000000000000,10.788419717456305,258.000000000000000,13,6,5,7
1559,6083541,1,7892.400278261507992,10,10,0,10.000000000000000,0.000000000000000,10.000000000000000,1,10,10,10
1560,6083543,17,134170.804730445641326,1,16,15,7.941176470588236,5.046496609300521,135.000000000000000,10,2,1,8
1561,6083545,15,118386.004173922614427,1,10,9,5.800000000000000,2.400000000000000,87.000000000000000,9,5,1,6
1562,6083547,26,205202.407234799204161,1,17,16,7.038461538461538,5.003696858176034,183.000000000000000,12,6,2,6
1563,6083549,16,126278.404452184127877,1,12,11,7.250000000000000,3.112474899497183,116.000000000000000,9,7,1,7
1564,6083551,14,110493.603895661115530,11,24,13,18.714285714285715,3.730732816343021,262.000000000000000,10,18,11,18
1565,6083553,31,244664.408626106742304,1,38,37,11.258064516129032,10.276712609602050,349.000000000000000,18,5,2,6
1566,6083555,10,78924.002782615076285,1,23,22,7.800000000000000,7.124605252222751,78.000000000000000,6,1,4,4
1567,6083557,3,23677.200834784525796,2,4,2,3.333333333333333,0.942809041582063,10.000000000000000,2,4,2,4
1568,6083559,21,165740.405843491666019,1,36,35,11.333333333333334,8.464679181799724,238.000000000000000,16,10,1,10
1569,6083561,15,118386.004173922614427,3,25,22,13.933333333333334,6.402777175222917,209.000000000000000,14,21,3,14
1570,6083563,9,71031.602504353577388,1,6,5,2.444444444444445,1.640535895581489,22.000000000000000,5,1,2,2
1571,6083565,6,47354.401669569051592,12,28,16,19.166666666666668,5.241395064505458,115.000000000000000,6,12,12,19
1572,6083567,13,102601.203617399602081,4,23,19,10.769230769230770,5.846153846153845,140.000000000000000,11,4,5,10
1573,6083569,7,55246.801947830557765,5,12,7,8.000000000000000,2.138089935299395,56.000000000000000,6,9,5,8
1574,6083571,29,228879.608069583744509,2,32,30,11.448275862068966,9.186144765244995,332.000000000000000,16,4,3,8
1575,6083573,4,31569.601113046031969,5,17,12,9.500000000000000,4.500000000000000,38.000000000000000,3,8,5,8
1576,6083575,15,118386.004173922614427,3,26,23,13.866666666666667,5.277204647243546,208.000000000000000,9,14,3,14
1577,6083577,4,31569.601113046031969,7,31,24,16.500000000000000,9.526279441628825,66.000000000000000,4,7,7,9
1578,6083579,7,55246.801947830557765,1,32,31,14.571428571428571,9.795875850247869,102.000000000000000,7,1,1,15
1579,6083581,18,142063.205008707154775,6,17,11,11.777777777777779,2.719386277893423,212.000000000000000,9,12,6,12
1580,6083583,10,78924.002782615076285,2,33,31,14.199999999999999,8.600000000000000,142.000000000000000,9,9,2,10
1581,6083585,16,126278.404452184127877,3,42,39,23.000000000000000,13.290033860002012,368.000000000000000,14,13,3,19
1582,6083587,9,71031.602504353577388,4,29,25,13.111111111111111,7.263981834969401,118.000000000000000,6,17,4,11
1583,6083589,14,110493.603895661115530,3,20,17,13.357142857142858,5.524066085995802,187.000000000000000,10,15,8,15
1584,6083591,27,213094.807513060717611,1,46,45,14.481481481481481,13.937347562017383,391.000000000000000,16,2,1,7
1585,6083593,10,78924.002782615076285,5,27,22,13.400000000000000,8.101851640211637,134.000000000000000,8,5,6,9
1586,6083595,13,102601.203617399602081,7,24,17,14.538461538461538,5.078088444338155,189.000000000000000,10,19,7,14
1587,6083597,20,157848.005565230152570,9,46,37,21.300000000000001,8.672369918309524,426.000000000000000,13,14,9,20
1588,6083599,8,63139.202226092063938,1,22,21,9.625000000000000,7.105235745561156,77.000000000000000,7,5,1,5
1589,6083601,5,39462.001391307538142,4,31,27,18.800000000000001,8.818163074019441,94.000000000000000,5,4,4,19
1590,6083603,10,78924.002782615076285,1,19,18,7.500000000000000,6.184658438426490,75.000000000000000,7,4,1,4
1591,6083605,12,94708.803339138103183,9,28,19,21.833333333333332,4.705198071164371,262.000000000000000,6,20,9,22
1592,6083607,19,149955.605286968639120,1,13,12,4.947368421052632,3.501483658627346,94.000000000000000,10,2,1,4
1593,6083609,15,118386.004173922614427,7,28,21,18.600000000000001,6.945502141674133,279.000000000000000,11,22,10,22
1594,6083611,17,134170.804730445641326,2,22,20,11.764705882352942,5.683095798477383,200.000000000000000,14,7,2,12
1595,6083613,4,31569.601113046031969,1,11,10,5.000000000000000,3.937003937005906,20.000000000000000,4,1,1,2
1596,6083615,6,47354.401669569051592,2,6,4,3.833333333333333,1.572330188676100,23.000000000000000,3,3,2,3
1597,6083617,21,165740.405843491666019,4,23,19,11.428571428571429,4.583317872577509,240.000000000000000,11,10,4,11
1598,6083619,5,39462.001391307538142,2,16,14,8.800000000000001,6.273754856543248,44.000000000000000,3,2,8,8
1599,6083621,7,55246.801947830557765,1,7,6,4.285714285714286,1.905952009160905,30.000000000000000,5,3,1,5
1600,6083623,25,197310.006956537690712,1,32,31,11.520000000000000,7.859363841940390,288.000000000000000,15,5,1,8
1601,6083625,12,94708.803339138103183,12,37,25,24.166666666666668,6.631155421359250,290.000000000000000,10,20,12,24
1602,6083627,23,181525.206400014692917,5,18,13,9.130434782608695,4.163029288203765,210.000000000000000,11,5,12,8
1603,6083629,31,244664.408626106742304,1,17,16,6.935483870967742,3.416614848637961,215.000000000000000,12,8,1,7
1604,6083631,15,118386.004173922614427,1,34,33,9.800000000000001,8.549463920815931,147.000000000000000,10,3,2,8
1605,6083633,2,15784.800556523015985,18,32,14,25.000000000000000,7.000000000000000,50.000000000000000,2,18,18,18
1606,6083635,15,118386.004173922614427,2,15,13,8.600000000000000,3.611094017053559,129.000000000000000,10,9,2,9
1607,6083637,20,157848.005565230152570,1,15,14,7.150000000000000,3.940494892776794,143.000000000000000,12,5,1,6
1608,6083639,34,268341.609460891282652,4,19,15,10.176470588235293,3.861351395829720,346.000000000000000,11,8,5,10
1609,6083641,7,55246.801947830557765,14,25,11,18.714285714285715,3.325841921949369,131.000000000000000,5,19,14,19
1610,6083643,12,94708.803339138103183,1,25,24,7.833333333333333,7.092640943651071,94.000000000000000,8,4,2,4
1611,6083645,9,71031.602504353577388,1,6,5,2.666666666666667,1.632993161855452,24.000000000000000,5,2,3,2
1612,6083647,27,213094.807513060717611,4,37,33,13.777777777777779,8.731947868617111,372.000000000000000,18,6,4,11
1613,6083649,9,71031.602504353577388,1,7,6,4.000000000000000,2.108185106778920,36.000000000000000,6,1,2,4
1614,6083651,24,189417.606678276206367,4,24,20,13.750000000000000,5.796910096479560,330.000000000000000,15,15,4,15
1615,6083653,10,78924.002782615076285,7,17,10,11.000000000000000,2.792848008753788,110.000000000000000,6,11,9,11
1616,6083655,2,15784.800556523015985,2,4,2,3.000000000000000,1.000000000000000,6.000000000000000,2,2,2,2
1617,6083657,38,299911.210573937278241,2,31,29,11.026315789473685,6.714034170872637,419.000000000000000,17,5,2,8
1618,6083659,17,134170.804730445641326,1,15,14,6.000000000000000,3.360672201667223,102.000000000000000,9,6,1,6
1619,6083661,12,94708.803339138103183,1,35,34,12.666666666666666,7.877534865397649,152.000000000000000,6,12,1,12
1620,6083663,11,86816.403060876589734,5,58,53,27.454545454545453,20.128512731778979,302.000000000000000,10,11,5,22
1621,6083667,6,47354.401669569051592,3,19,16,9.833333333333334,6.148622248565571,59.000000000000000,4,3,6,6
1622,6083669,8,63139.202226092063938,3,21,18,8.125000000000000,5.818880906153691,65.000000000000000,5,5,11,5
1623,6083671,12,94708.803339138103183,7,30,23,18.583333333333332,8.548472898061320,223.000000000000000,11,30,7,15
1624,6083673,9,71031.602504353577388,12,25,13,21.888888888888889,4.175176495123539,197.000000000000000,5,24,12,24
1625,6083675,19,149955.605286968639120,5,22,17,14.105263157894736,5.609153579473142,268.000000000000000,12,21,5,15
1626,6083677,5,39462.001391307538142,10,28,18,18.399999999999999,7.200000000000001,92.000000000000000,4,14,10,14
1627,6083679,10,78924.002782615076285,13,29,16,21.399999999999999,5.782732917920389,214.000000000000000,9,25,13,22
1628,6083681,14,110493.603895661115530,2,26,24,12.714285714285714,8.301708700438651,178.000000000000000,11,5,2,10
1629,6083683,17,134170.804730445641326,3,14,11,7.705882352941177,2.945878594246803,131.000000000000000,8,8,6,8
1630,6083685,14,110493.603895661115530,12,34,22,21.928571428571427,6.974077365647791,307.000000000000000,9,29,12,19
1631,6083687,10,78924.002782615076285,9,25,16,14.000000000000000,4.427188724235731,140.000000000000000,8,9,11,13
1632,6083689,3,23677.200834784525796,10,18,8,12.666666666666666,3.771236166328254,38.000000000000000,2,10,18,10
1633,6083691,19,149955.605286968639120,2,32,30,12.421052631578947,9.022286963395782,236.000000000000000,14,2,3,10
1634,6083693,10,78924.002782615076285,2,24,22,11.699999999999999,6.957729514719584,117.000000000000000,7,11,2,11
1635,6083695,35,276234.009739152796101,2,27,25,10.885714285714286,5.069637510690082,381.000000000000000,16,10,7,10
1636,6083697,5,39462.001391307538142,1,23,22,7.600000000000000,8.089499366462674,38.000000000000000,4,1,6,6
1637,6083699,32,252556.808904368255753,4,37,33,16.187500000000000,8.790753309586158,518.000000000000000,19,5,4,13
1638,6083701,20,157848.005565230152570,1,10,9,4.600000000000000,2.374868417407583,92.000000000000000,8,5,1,4
1639,6083703,10,78924.002782615076285,1,45,44,17.399999999999999,13.850631754544628,174.000000000000000,9,6,1,9
1640,6083705,9,71031.602504353577388,8,27,19,15.555555555555555,7.335016641821780,140.000000000000000,7,10,8,11
1641,6083707,11,86816.403060876589734,13,30,17,20.454545454545453,4.868519214180324,225.000000000000000,8,21,16,21
1642,6083709,7,55246.801947830557765,17,32,15,25.000000000000000,5.042675027063654,175.000000000000000,6,25,17,25
1643,6083711,2,15784.800556523015985,7,14,7,10.500000000000000,3.500000000000000,21.000000000000000,2,7,7,7
1644,6083713,10,78924.002782615076285,3,27,24,17.399999999999999,5.817215828899596,174.000000000000000,8,16,3,17
1645,6083715,4,31569.601113046031969,15,24,9,18.500000000000000,3.500000000000000,74.000000000000000,4,15,15,16
1646,6083717,20,157848.005565230152570,4,10,6,6.750000000000000,1.946150045602856,135.000000000000000,7,7,6,7
1647,6083719,24,189417.606678276206367,1,54,53,17.791666666666668,18.982402303771305,427.000000000000000,15,2,6,7
1648,6083721,18,142063.205008707154775,10,22,12,15.333333333333334,3.091206165165234,276.000000000000000,11,14,10,14
1649,6083723,5,39462.001391307538142,23,40,17,30.000000000000000,6.449806198638840,150.000000000000000,4,23,31,31
1650,6083725,10,78924.002782615076285,7,28,21,17.600000000000001,6.785278181474947,176.000000000000000,7,13,7,16
1651,6083727,17,134170.804730445641326,10,20,10,15.411764705882353,3.236897998164141,262.000000000000000,10,20,10,15
1652,6083729,1,7892.400278261507992,5,5,0,5.000000000000000,0.000000000000000,5.000000000000000,1,5,5,5
1653,6083731,5,39462.001391307538142,3,10,7,4.400000000000000,2.800000000000000,22.000000000000000,2,3,10,3
1654,6083733,8,63139.202226092063938,15,40,25,24.000000000000000,7.245688373094719,192.000000000000000,8,15,15,22
1655,6083735,13,102601.203617399602081,4,28,24,14.307692307692308,6.544341247739446,186.000000000000000,9,11,4,12
1656,6083737,10,78924.002782615076285,2,30,28,15.500000000000000,8.743569065318807,155.000000000000000,8,9,2,9
1657,6083739,14,110493.603895661115530,1,38,37,13.857142857142858,10.979572870023828,194.000000000000000,12,4,1,11
1658,6083741,4,31569.601113046031969,5,11,6,8.000000000000000,2.549509756796392,32.000000000000000,4,5,5,6
1659,6083743,4,31569.601113046031969,10,19,9,13.500000000000000,3.354101966249685,54.000000000000000,4,10,10,12
1660,6083745,7,55246.801947830557765,7,23,16,15.285714285714286,5.521756597167910,107.000000000000000,7,7,7,17
1661,6083747,5,39462.001391307538142,1,23,22,12.400000000000000,7.255342858886821,62.000000000000000,5,1,1,14
1662,6083749,7,55246.801947830557765,6,22,16,10.714285714285714,5.390846361175202,75.000000000000000,5,7,6,7
1663,6083751,20,157848.005565230152570,3,34,31,16.000000000000000,10.276186062932103,320.000000000000000,14,14,4,14
1664,6083753,24,189417.606678276206367,3,26,23,10.375000000000000,6.316727132516226,249.000000000000000,14,3,6,9
1665,6083755,5,39462.001391307538142,3,18,15,8.000000000000000,5.176871642217914,40.000000000000000,4,6,3,6
1666,6083757,17,134170.804730445641326,7,32,25,19.941176470588236,5.525029552599102,339.000000000000000,10,22,7,22
1667,6083759,5,39462.001391307538142,8,17,9,11.600000000000000,3.006659275674583,58.000000000000000,5,8,8,11
1668,6083761,11,86816.403060876589734,1,32,31,12.000000000000000,10.000000000000000,132.000000000000000,9,1,3,11
1669,6083763,13,102601.203617399602081,2,22,20,8.769230769230770,7.297563831157798,114.000000000000000,8,2,4,5
1670,6083765,8,63139.202226092063938,7,22,15,13.375000000000000,4.385701198212208,107.000000000000000,6,10,7,12
1671,6083767,17,134170.804730445641326,3,29,26,14.941176470588236,9.282941903331229,254.000000000000000,13,3,4,14
1672,6083769,25,197310.006956537690712,4,40,36,19.359999999999999,10.158267568832789,484.000000000000000,19,12,7,17
1673,6083771,12,94708.803339138103183,12,23,11,17.333333333333332,4.307615994440032,208.000000000000000,8,12,16,17
1674,6083773,2,15784.800556523015985,2,4,2,3.000000000000000,1.000000000000000,6.000000000000000,2,2,2,2
1675,6083775,14,110493.603895661115530,4,25,21,11.785714285714286,5.671716437458660,165.000000000000000,11,8,4,10
1676,6083777,3,23677.200834784525796,10,25,15,18.666666666666668,6.342099196813479,56.000000000000000,3,10,10,21
1677,6083779,16,126278.404452184127877,2,22,20,12.625000000000000,6.152997237119484,202.000000000000000,12,7,2,13
1678,6083781,5,39462.001391307538142,2,26,24,12.400000000000000,8.114185110040317,62.000000000000000,5,2,2,12
1679,6083783,8,63139.202226092063938,1,9,8,3.125000000000000,2.570870475150392,25.000000000000000,5,1,2,2
1680,6083785,14,110493.603895661115530,2,29,27,13.642857142857142,8.014336643586585,191.000000000000000,9,9,2,9
1681,6083787,17,134170.804730445641326,2,18,16,8.352941176470589,4.418426343109157,142.000000000000000,10,9,3,9
1682,6083789,4,31569.601113046031969,5,9,4,6.750000000000000,1.785357107135713,27.000000000000000,3,5,8,5
1683,6083791,20,157848.005565230152570,2,26,24,12.150000000000000,6.821106948289257,243.000000000000000,10,10,5,10
1684,6083793,5,39462.001391307538142,4,15,11,9.600000000000000,4.715930449020640,48.000000000000000,4,15,4,9
1685,6083795,17,134170.804730445641326,2,37,35,17.000000000000000,8.858362615929318,289.000000000000000,15,16,2,16
1686,6083797,2,15784.800556523015985,10,19,9,14.500000000000000,4.500000000000000,29.000000000000000,2,10,10,10
1687,6083799,9,71031.602504353577388,5,30,25,15.888888888888889,8.937367800973423,143.000000000000000,8,10,5,12
1688,6083801,5,39462.001391307538142,1,19,18,9.800000000000001,7.359347797189639,49.000000000000000,5,1,1,7
1689,6083803,14,110493.603895661115530,1,10,9,4.142857142857143,2.721794126179664,58.000000000000000,8,2,1,3
1690,6083805,16,126278.404452184127877,1,23,22,6.250000000000000,5.356071321407137,100.000000000000000,10,5,1,5
1691,6083807,6,47354.401669569051592,3,35,32,15.000000000000000,11.676186592091330,90.000000000000000,5,11,3,11
1692,6083809,5,39462.001391307538142,4,23,19,16.000000000000000,6.542170893518450,80.000000000000000,5,4,4,18
1693,6083811,69,544575.619200044078752,2,33,31,17.072463768115941,8.337654834109243,1178.000000000000000,26,15,2,16
1694,6083813,8,63139.202226092063938,2,26,24,11.875000000000000,8.594147718069546,95.000000000000000,8,2,2,6
1695,6083815,8,63139.202226092063938,5,32,27,19.125000000000000,8.908387901298417,153.000000000000000,8,5,5,19
1696,6083817,16,126278.404452184127877,4,16,12,10.437500000000000,3.587630659641541,167.000000000000000,9,10,5,10
1697,6083819,4,31569.601113046031969,9,10,1,9.750000000000000,0.433012701892219,39.000000000000000,2,10,9,10
1698,6083821,8,63139.202226092063938,4,18,14,12.375000000000000,5.218656436287025,99.000000000000000,7,18,4,13
1699,6083823,20,157848.005565230152570,4,25,21,13.100000000000000,6.456779382943172,262.000000000000000,14,14,5,12
1700,6083825,11,86816.403060876589734,1,31,30,9.818181818181818,10.160692369198449,108.000000000000000,8,1,4,5
1701,6083827,11,86816.403060876589734,7,32,25,15.181818181818182,7.649339624713683,167.000000000000000,9,8,7,14
1702,6083829,29,228879.608069583744509,2,32,30,11.620689655172415,8.168120507670293,337.000000000000000,17,3,6,9
1703,6083831,13,102601.203617399602081,13,39,26,25.538461538461540,7.821227373829259,332.000000000000000,9,23,13,23
1704,6083833,10,78924.002782615076285,15,31,16,20.699999999999999,5.197114584074517,207.000000000000000,6,15,18,18
1705,6083835,23,181525.206400014692917,5,34,29,18.000000000000000,8.607378028281268,414.000000000000000,18,8,5,17
1706,6083837,16,126278.404452184127877,4,19,15,11.187500000000000,5.077139327416572,179.000000000000000,9,7,6,9
1707,6083839,11,86816.403060876589734,2,25,23,15.636363636363637,6.512543523117206,172.000000000000000,8,14,2,16
1708,6083841,10,78924.002782615076285,1,7,6,2.700000000000000,2.147091055358389,27.000000000000000,6,1,2,1
1709,6083843,14,110493.603895661115530,7,43,36,21.571428571428573,10.668473486427764,302.000000000000000,11,16,11,19
1710,6083845,16,126278.404452184127877,2,22,20,13.000000000000000,6.000000000000000,208.000000000000000,10,20,2,11
1711,6083847,15,118386.004173922614427,3,21,18,11.600000000000000,4.572380853195267,174.000000000000000,8,13,3,13
1712,6083849,7,55246.801947830557765,10,17,7,13.571428571428571,2.381904571504726,95.000000000000000,5,15,10,15
1713,6083851,22,173632.806121753179468,1,44,43,12.818181818181818,11.597947951866953,282.000000000000000,15,5,3,8
1714,6083853,12,94708.803339138103183,6,23,17,14.500000000000000,5.204164998665331,174.000000000000000,10,13,6,14
1715,6083855,20,157848.005565230152570,2,17,15,8.850000000000000,3.771935842508459,177.000000000000000,12,8,2,8
1716,6083857,25,197310.006956537690712,4,28,24,15.000000000000000,6.548282217497960,375.000000000000000,16,11,6,14
1717,6083859,34,268341.609460891282652,2,41,39,18.882352941176471,11.699081678094510,642.000000000000000,22,22,2,20
1718,6083861,29,228879.608069583744509,2,41,39,19.482758620689655,10.765912648198134,565.000000000000000,22,14,2,16
1719,6083863,18,142063.205008707154775,5,25,20,12.333333333333334,5.830951894845301,222.000000000000000,12,7,5,10
1720,6083865,24,189417.606678276206367,3,25,22,11.500000000000000,6.531972647421808,276.000000000000000,15,7,3,9
1721,6083867,7,55246.801947830557765,5,28,23,16.857142857142858,6.937034595530848,118.000000000000000,6,20,5,19
1722,6083869,22,173632.806121753179468,4,41,37,18.409090909090910,9.393707230757730,405.000000000000000,16,10,4,17
1723,6083871,36,284126.410017414309550,4,46,42,18.666666666666668,9.907909298467899,672.000000000000000,25,10,5,18
1724,6083873,31,244664.408626106742304,4,33,29,15.903225806451612,6.878460249258140,493.000000000000000,17,18,11,18
1725,6083875,31,244664.408626106742304,7,30,23,15.322580645161290,6.596123479224278,475.000000000000000,17,12,11,13
1726,6083877,17,134170.804730445641326,4,22,18,10.882352941176471,4.885541127728498,185.000000000000000,12,13,5,11
1727,6083879,25,197310.006956537690712,2,19,17,9.119999999999999,4.264457761544838,228.000000000000000,13,9,2,9
1728,6083881,20,157848.005565230152570,3,23,20,10.000000000000000,5.347896782848375,200.000000000000000,13,7,3,7
1729,6083883,16,126278.404452184127877,4,41,37,18.375000000000000,10.397565820902505,294.000000000000000,14,4,8,14
1730,6083885,12,94708.803339138103183,1,50,49,21.666666666666668,16.254913786982144,260.000000000000000,11,26,1,17
1731,6083887,18,142063.205008707154775,3,26,23,10.611111111111111,7.281169693034591,191.000000000000000,12,4,3,8
1732,6083889,21,165740.405843491666019,6,18,12,10.952380952380953,3.511561726587926,230.000000000000000,10,10,13,10
1733,6083891,9,71031.602504353577388,2,31,29,12.000000000000000,8.881941729649485,108.000000000000000,7,4,2,8
1734,6083893,17,134170.804730445641326,1,27,26,10.647058823529411,7.545479179970171,181.000000000000000,13,5,1,8
1735,6083895,23,181525.206400014692917,8,32,24,18.956521739130434,6.981206204920061,436.000000000000000,15,23,11,17
1736,6083897,13,102601.203617399602081,6,28,22,14.692307692307692,5.013590995938563,191.000000000000000,8,14,6,14
1737,6083899,12,94708.803339138103183,2,17,15,7.750000000000000,4.548351349665063,93.000000000000000,7,5,9,7
1738,6083901,11,86816.403060876589734,5,41,36,18.181818181818183,13.421950690215581,200.000000000000000,7,7,5,11
1739,6083903,1,7892.400278261507992,9,9,0,9.000000000000000,0.000000000000000,9.000000000000000,1,9,9,9
1740,6083905,7,55246.801947830557765,15,31,16,23.000000000000000,5.398412465054624,161.000000000000000,7,15,15,22
1741,6083907,64,505113.617808736511506,1,25,24,11.359375000000000,5.301436089341736,727.000000000000000,23,7,1,11
1742,6083911,17,134170.804730445641326,6,35,29,20.588235294117649,9.223109234126888,350.000000000000000,14,11,6,20
1743,6083913,24,189417.606678276206367,1,49,48,20.916666666666668,12.883829227196220,502.000000000000000,21,13,1,19
1744,6083915,46,363050.412800029385835,1,31,30,13.391304347826088,8.231641657994670,616.000000000000000,21,3,1,12
1745,6083917,61,481436.416973951971158,2,26,24,12.655737704918034,5.900500800923010,772.000000000000000,22,10,3,12
1746,6083919,34,268341.609460891282652,2,37,35,12.558823529411764,7.900823398901082,427.000000000000000,18,5,2,11
1747,6083921,29,228879.608069583744509,2,36,34,17.896551724137932,10.749001004379531,519.000000000000000,19,2,3,20
1748,6083923,9,71031.602504353577388,7,25,18,16.777777777777779,5.807615264609770,151.000000000000000,9,7,7,17
1749,6083925,19,149955.605286968639120,7,27,20,15.421052631578947,7.021139429748334,293.000000000000000,14,7,9,14
1750,6083927,36,284126.410017414309550,4,27,23,13.583333333333334,6.554790444993476,489.000000000000000,18,4,7,14
1751,6083929,5,39462.001391307538142,2,23,21,12.600000000000000,8.777243302996677,63.000000000000000,4,23,2,9
1752,6083931,2,15784.800556523015985,12,16,4,14.000000000000000,2.000000000000000,28.000000000000000,2,12,12,12
1753,6083933,5,39462.001391307538142,1,51,50,30.000000000000000,18.825514601200148,150.000000000000000,5,1,1,41
1754,6083935,6,47354.401669569051592,4,12,8,9.500000000000000,2.813657169355689,57.000000000000000,5,12,4,10
1755,6083937,3,23677.200834784525796,3,8,5,5.000000000000000,2.160246899469287,15.000000000000000,3,3,3,4
1756,6083939,15,118386.004173922614427,1,33,32,18.733333333333334,7.593564526770167,281.000000000000000,10,15,1,17
1757,6083941,4,31569.601113046031969,8,16,8,12.250000000000000,2.861380785564899,49.000000000000000,4,8,8,12
1758,6083943,11,86816.403060876589734,1,13,12,5.727272727272728,3.359948838650242,63.000000000000000,8,7,3,6
1759,6083945,21,165740.405843491666019,2,9,7,5.047619047619047,2.058112646188030,106.000000000000000,8,3,2,5
1760,6083947,31,244664.408626106742304,2,30,28,11.580645161290322,7.060906427914685,359.000000000000000,15,3,11,12
1761,6083949,2,15784.800556523015985,4,9,5,6.500000000000000,2.500000000000000,13.000000000000000,2,4,4,4
1762,6083951,7,55246.801947830557765,7,26,19,12.285714285714286,6.691450530645924,86.000000000000000,5,7,12,8
1763,6083953,9,71031.602504353577388,2,23,21,17.000000000000000,7.788880963698615,153.000000000000000,5,22,2,22
1764,6083955,18,142063.205008707154775,5,30,25,16.500000000000000,6.300352723811933,297.000000000000000,13,16,5,16
1765,6083957,15,118386.004173922614427,4,40,36,21.133333333333333,9.871620378078205,317.000000000000000,12,4,9,22
1766,6083959,20,157848.005565230152570,3,17,14,8.900000000000000,3.419064199455751,178.000000000000000,11,9,3,9
1767,6083961,16,126278.404452184127877,5,27,22,15.125000000000000,6.411659301616080,242.000000000000000,11,13,5,13
1768,6083963,18,142063.205008707154775,4,20,16,10.666666666666666,4.841946348777983,192.000000000000000,11,7,4,9
1769,6083967,28,220987.207791322231060,5,33,28,13.357142857142858,6.246223348748345,374.000000000000000,17,8,5,13
1770,6083969,18,142063.205008707154775,3,33,30,19.055555555555557,8.758946044043720,343.000000000000000,12,26,3,19
1771,6083971,19,149955.605286968639120,7,26,19,14.315789473684211,5.758770259616812,272.000000000000000,14,12,8,12
1772,6083973,18,142063.205008707154775,6,25,19,13.944444444444445,5.136711250317249,251.000000000000000,14,9,6,13
1773,6083975,6,47354.401669569051592,8,24,16,15.000000000000000,6.218252702059210,90.000000000000000,6,8,8,11
1774,6083977,39,307803.610852198791690,3,26,23,11.051282051282051,5.453527289269399,431.000000000000000,14,12,3,10
1775,6083979,5,39462.001391307538142,20,47,27,34.799999999999997,9.682974749528166,174.000000000000000,5,20,20,35
1776,6083981,22,173632.806121753179468,1,29,28,10.954545454545455,7.048386486715644,241.000000000000000,14,13,4,12
1777,6083983,21,165740.405843491666019,3,32,29,13.238095238095237,8.245661265490805,278.000000000000000,13,3,6,11
1778,6083985,12,94708.803339138103183,2,43,41,25.833333333333332,10.414999866645330,310.000000000000000,10,23,2,26
1779,6083987,8,63139.202226092063938,5,28,23,15.750000000000000,8.272696053887149,126.000000000000000,7,5,10,12
1780,6083989,4,31569.601113046031969,12,31,19,23.750000000000000,7.224091638399945,95.000000000000000,4,12,12,24
1781,6083991,2,15784.800556523015985,16,24,8,20.000000000000000,4.000000000000000,40.000000000000000,2,16,16,16
1782,6083993,28,220987.207791322231060,4,18,14,11.571428571428571,4.092053024972145,324.000000000000000,12,14,4,11
1783,6083995,2,15784.800556523015985,1,38,37,19.500000000000000,18.500000000000000,39.000000000000000,2,1,1,1
1784,6083997,3,23677.200834784525796,11,15,4,12.666666666666666,1.699673171197597,38.000000000000000,3,11,11,12
1785,6083999,19,149955.605286968639120,7,44,37,18.000000000000000,9.651833749958715,342.000000000000000,14,11,8,14
1786,6084001,10,78924.002782615076285,9,45,36,28.500000000000000,13.433167906342867,285.000000000000000,10,9,9,31
1787,6084003,14,110493.603895661115530,4,33,29,11.857142857142858,6.895724792084096,166.000000000000000,11,6,4,11
1788,6084005,8,63139.202226092063938,3,32,29,16.250000000000000,10.836858400846621,130.000000000000000,7,24,3,8
1789,6084007,18,142063.205008707154775,1,27,26,16.388888888888889,9.933886387785602,295.000000000000000,11,3,1,21
1790,6084009,12,94708.803339138103183,3,26,23,13.666666666666666,6.394442031083628,164.000000000000000,10,9,3,11
1791,6084011,9,71031.602504353577388,8,25,17,19.111111111111111,5.216308708580226,172.000000000000000,6,19,8,20
1792,6084013,4,31569.601113046031969,4,26,22,13.750000000000000,8.073877630977572,55.000000000000000,4,4,4,10
1793,6084015,11,86816.403060876589734,2,26,24,13.818181818181818,8.177776779654188,152.000000000000000,11,2,2,14
1794,6084017,21,165740.405843491666019,1,22,21,11.904761904761905,6.163678261007417,250.000000000000000,17,6,1,13
1795,6084019,16,126278.404452184127877,3,23,20,14.000000000000000,6.726812023536855,224.000000000000000,10,10,3,10
1796,6084021,22,173632.806121753179468,4,32,28,14.045454545454545,7.449693542978634,309.000000000000000,15,6,4,13
1797,6084023,2,15784.800556523015985,1,11,10,6.000000000000000,5.000000000000000,12.000000000000000,2,1,1,1
1798,6084025,4,31569.601113046031969,1,12,11,5.000000000000000,4.183300132670378,20.000000000000000,4,1,1,3
1799,6084027,16,126278.404452184127877,2,16,14,7.437500000000000,3.790922546030187,119.000000000000000,10,7,5,7
1800,6084029,9,71031.602504353577388,2,26,24,15.111111111111111,6.740333728045825,136.000000000000000,8,17,2,16
1801,6084031,5,39462.001391307538142,9,26,17,18.800000000000001,7.678541528180986,94.000000000000000,4,26,9,23
1802,6084033,13,102601.203617399602081,11,42,31,32.538461538461540,8.661278859342298,423.000000000000000,10,37,11,36
1803,6084035,17,134170.804730445641326,6,42,36,19.823529411764707,10.656317066679534,337.000000000000000,14,7,6,16
1804,6084037,29,228879.608069583744509,7,41,34,18.586206896551722,7.350895987514910,539.000000000000000,15,17,12,17
1805,6084039,7,55246.801947830557765,8,14,6,10.142857142857142,1.958758457257442,71.000000000000000,5,9,8,9
1806,6084041,14,110493.603895661115530,9,22,13,14.928571428571429,4.447540021730886,209.000000000000000,8,12,9,12
1807,6084043,24,189417.606678276206367,3,38,35,18.458333333333332,10.571105140376238,443.000000000000000,19,5,3,18
1808,6084045,4,31569.601113046031969,22,25,3,24.000000000000000,1.224744871391589,96.000000000000000,3,25,22,24
1809,6084047,9,71031.602504353577388,5,22,17,12.444444444444445,6.865551869233514,112.000000000000000,6,5,8,12
1810,6084049,9,71031.602504353577388,5,17,12,11.111111111111111,3.928371006591931,100.000000000000000,7,5,10,11
1811,6084051,17,134170.804730445641326,2,11,9,5.529411764705882,2.452313363020686,94.000000000000000,9,5,3,5
1812,6084053,12,94708.803339138103183,3,34,31,15.416666666666666,8.957848824107023,185.000000000000000,11,10,3,11
1813,6084055,3,23677.200834784525796,2,15,13,7.666666666666667,5.436502143433363,23.000000000000000,3,2,2,6
1814,6084057,4,31569.601113046031969,17,20,3,19.000000000000000,1.224744871391589,76.000000000000000,3,20,17,19
1815,6084059,6,47354.401669569051592,12,29,17,20.833333333333332,5.335936864527376,125.000000000000000,6,12,12,21
1816,6084061,16,126278.404452184127877,1,27,26,11.125000000000000,7.540515565927836,178.000000000000000,9,1,7,8
1817,6084063,3,23677.200834784525796,4,7,3,5.000000000000000,1.414213562373095,15.000000000000000,2,4,7,4
1818,6084065,5,39462.001391307538142,11,23,12,18.199999999999999,3.969886648255840,91.000000000000000,5,11,11,19
1819,6084067,12,94708.803339138103183,6,27,21,11.416666666666666,5.978549619728481,137.000000000000000,8,10,7,9
1820,6084069,19,149955.605286968639120,1,37,36,12.157894736842104,10.378434918490395,231.000000000000000,12,2,1,10
1821,6084071,11,86816.403060876589734,3,18,15,9.000000000000000,5.134553180524705,99.000000000000000,8,3,4,7
1822,6084073,2,15784.800556523015985,3,3,0,3.000000000000000,0.000000000000000,6.000000000000000,1,3,3,3
1823,6084075,16,126278.404452184127877,4,29,25,15.062500000000000,7.503905233276870,241.000000000000000,13,10,4,12
1824,6084077,16,126278.404452184127877,1,26,25,13.562500000000000,6.855369701919803,217.000000000000000,12,13,1,13
1825,6084079,9,71031.602504353577388,3,32,29,22.222222222222221,9.015761233378131,200.000000000000000,7,25,3,25
1826,6084081,1,7892.400278261507992,27,27,0,27.000000000000000,0.000000000000000,27.000000000000000,1,27,27,27
1827,6084083,19,149955.605286968639120,6,41,35,19.052631578947370,10.898931305458715,362.000000000000000,14,10,6,17
1828,6084085,3,23677.200834784525796,8,11,3,9.000000000000000,1.414213562373095,27.000000000000000,2,8,11,8
1829,6084087,23,181525.206400014692917,4,29,25,14.391304347826088,7.411736465168707,331.000000000000000,17,10,5,13
1830,6084089,5,39462.001391307538142,8,22,14,13.800000000000001,4.578209256903838,69.000000000000000,5,8,8,13
1831,6084091,5,39462.001391307538142,3,8,5,5.400000000000000,1.624807680927191,27.000000000000000,4,5,3,5
1832,6084093,12,94708.803339138103183,6,26,20,16.416666666666668,7.910523932641180,197.000000000000000,8,8,6,18
1833,6084095,3,23677.200834784525796,8,16,8,12.666666666666666,3.399346342395191,38.000000000000000,3,8,8,14
1834,6084097,7,55246.801947830557765,8,41,33,25.000000000000000,10.609968358644080,175.000000000000000,7,8,8,26
1835,6084099,7,55246.801947830557765,6,26,20,16.285714285714285,6.363159271805741,114.000000000000000,6,21,6,16
1836,6084101,9,71031.602504353577388,4,26,22,13.666666666666666,8.178562764256865,123.000000000000000,7,4,7,13
1837,6084103,10,78924.002782615076285,4,19,15,12.699999999999999,4.796873982084584,127.000000000000000,7,15,11,14
1838,6084105,11,86816.403060876589734,5,28,23,17.181818181818183,7.975168072531384,189.000000000000000,8,9,5,18
1839,6084107,7,55246.801947830557765,9,17,8,13.285714285714286,2.762725657973386,93.000000000000000,6,11,9,14
1840,6084109,8,63139.202226092063938,8,23,15,16.875000000000000,4.567206476611277,135.000000000000000,6,19,8,19
1841,6084111,8,63139.202226092063938,10,33,23,19.125000000000000,8.267972847076846,153.000000000000000,7,10,14,15
1842,6084113,41,323588.411408721818589,2,24,22,10.731707317073171,4.595991839364756,440.000000000000000,18,9,2,10
1843,6084115,13,102601.203617399602081,3,25,22,12.615384615384615,7.248750147316768,164.000000000000000,11,6,3,13
1844,6084117,11,86816.403060876589734,10,22,12,15.727272727272727,3.249920533039909,173.000000000000000,10,17,10,16
1845,6084119,18,142063.205008707154775,1,25,24,14.277777777777779,6.829719008011607,257.000000000000000,15,20,1,14
1846,6084121,36,284126.410017414309550,3,29,26,13.388888888888889,6.102266326618961,482.000000000000000,19,15,3,14
1847,6084123,12,94708.803339138103183,9,35,26,18.500000000000000,9.023118455759443,222.000000000000000,10,9,10,13
1848,6084125,19,149955.605286968639120,9,30,21,17.368421052631579,6.114783865146138,330.000000000000000,10,14,13,17
1849,6084127,11,86816.403060876589734,7,45,38,17.727272727272727,9.798802423032106,195.000000000000000,10,18,7,18
1850,6084129,17,134170.804730445641326,10,27,17,16.882352941176471,5.497404231744037,287.000000000000000,10,11,10,17
1851,6084131,17,134170.804730445641326,8,61,53,32.588235294117645,14.033819753930619,554.000000000000000,15,37,8,34
1852,6084133,32,252556.808904368255753,6,30,24,16.093750000000000,6.089742271845337,515.000000000000000,16,13,12,17
1853,6084135,12,94708.803339138103183,4,15,11,7.583333333333333,3.226410113767658,91.000000000000000,9,5,4,6
1854,6084137,17,134170.804730445641326,8,33,25,22.941176470588236,8.714224937593459,390.000000000000000,12,31,8,25
1855,6084139,10,78924.002782615076285,4,27,23,13.600000000000000,7.989993742175272,136.000000000000000,10,4,4,10
1856,6084141,21,165740.405843491666019,5,30,25,17.285714285714285,6.726938432918212,363.000000000000000,15,13,5,18
1857,6084143,20,157848.005565230152570,4,43,39,17.250000000000000,10.624852940158748,345.000000000000000,16,4,6,14
1858,6084145,17,134170.804730445641326,9,28,19,18.117647058823529,6.379031393753394,308.000000000000000,8,21,17,21
1859,6084147,6,47354.401669569051592,2,28,26,16.000000000000000,10.376254944182254,96.000000000000000,5,28,2,12
1860,6084149,1,7892.400278261507992,5,5,0,5.000000000000000,0.000000000000000,5.000000000000000,1,5,5,5
1861,6084151,13,102601.203617399602081,11,27,16,19.769230769230770,4.474781406845842,257.000000000000000,8,21,11,21
1862,6084153,30,236772.008347845228855,3,32,29,15.866666666666667,6.979652968132122,476.000000000000000,20,10,3,15
1863,6084155,15,118386.004173922614427,5,32,27,19.733333333333334,8.078503711840591,296.000000000000000,12,23,5,23
1864,6084157,1,7892.400278261507992,12,12,0,12.000000000000000,0.000000000000000,12.000000000000000,1,12,12,12
1865,6084159,12,94708.803339138103183,4,31,27,18.416666666666668,8.577668033264569,221.000000000000000,12,4,4,18
1866,6084161,22,173632.806121753179468,2,22,20,13.000000000000000,5.443929062392679,286.000000000000000,14,10,2,13
1867,6084163,3,23677.200834784525796,7,24,17,13.333333333333334,7.586537784494027,40.000000000000000,3,7,7,9
1868,6084165,40,315696.011130460305139,2,33,31,12.574999999999999,8.132919217599547,503.000000000000000,19,11,2,10
1869,6084167,8,63139.202226092063938,8,22,14,15.000000000000000,5.567764362830022,120.000000000000000,4,10,8,10
1870,6084169,13,102601.203617399602081,4,37,33,18.923076923076923,9.219223548663775,246.000000000000000,11,13,4,16
1871,6084171,21,165740.405843491666019,6,39,33,20.095238095238095,9.117773129886080,422.000000000000000,16,10,6,17
1872,6084173,11,86816.403060876589734,6,25,19,17.000000000000000,5.592202363356254,187.000000000000000,9,19,6,18
1873,6084175,10,78924.002782615076285,5,31,26,18.500000000000000,9.069178573608527,185.000000000000000,8,11,5,16
1874,6084177,4,31569.601113046031969,3,27,24,14.000000000000000,8.573214099741124,56.000000000000000,4,3,3,12
1875,6084179,12,94708.803339138103183,22,41,19,29.750000000000000,6.759252917297887,357.000000000000000,8,22,24,27
1876,6084181,16,126278.404452184127877,4,30,26,12.187500000000000,6.848528582841719,195.000000000000000,10,7,4,8
1877,6084183,3,23677.200834784525796,14,23,9,19.000000000000000,3.741657386773941,57.000000000000000,3,14,14,20
1878,6084185,7,55246.801947830557765,2,17,15,9.000000000000000,4.342481186734475,63.000000000000000,6,10,2,10
1879,6084187,25,197310.006956537690712,1,34,33,11.760000000000000,7.700805152709683,294.000000000000000,12,8,1,10
1880,6084189,41,323588.411408721818589,1,30,29,10.365853658536585,5.603814456813240,425.000000000000000,19,11,1,10
1881,6084191,8,63139.202226092063938,8,37,29,25.125000000000000,8.852083088177608,201.000000000000000,6,19,8,27
1882,6084193,8,63139.202226092063938,16,38,22,27.000000000000000,8.139410298049853,216.000000000000000,7,36,16,24
1883,6084195,17,134170.804730445641326,4,25,21,12.764705882352942,6.264084476223123,217.000000000000000,12,20,8,13
1884,6084197,16,126278.404452184127877,9,31,22,17.500000000000000,6.010407640085654,280.000000000000000,11,16,9,16
1885,6084199,32,252556.808904368255753,3,30,27,15.625000000000000,7.700446415630720,500.000000000000000,18,24,3,15
1886,6084201,19,149955.605286968639120,3,21,18,12.789473684210526,3.592081164368748,243.000000000000000,9,15,3,13
1887,6084203,23,181525.206400014692917,4,16,12,8.913043478260869,3.373980277232385,205.000000000000000,13,4,5,9
1888,6084205,21,165740.405843491666019,3,23,20,10.380952380952381,5.159145282442767,218.000000000000000,12,9,5,9
1889,6084207,15,118386.004173922614427,11,23,12,16.866666666666667,3.630733014450696,253.000000000000000,10,14,11,16
1890,6084209,27,213094.807513060717611,1,21,20,9.000000000000000,4.974006507910976,243.000000000000000,14,13,1,8
1891,6084235,19,149955.605286968639120,4,20,16,12.684210526315789,5.232013113404491,241.000000000000000,12,10,4,10
1892,6084239,7,55246.801947830557765,14,25,11,18.000000000000000,4.598136268408880,126.000000000000000,4,14,18,15
1893,6084241,24,189417.606678276206367,4,41,37,12.125000000000000,8.293132198793570,291.000000000000000,12,8,4,8
1894,6084243,20,157848.005565230152570,3,15,12,7.550000000000000,2.871846096154876,151.000000000000000,10,7,3,7
1895,6084245,15,118386.004173922614427,1,17,16,7.066666666666666,5.195724738239657,106.000000000000000,11,4,1,5
1896,6084247,13,102601.203617399602081,4,21,17,9.692307692307692,5.013590995938563,126.000000000000000,10,5,4,9
1897,6084249,18,142063.205008707154775,4,45,41,21.000000000000000,10.913803695829934,378.000000000000000,15,9,4,21
1898,6084251,16,126278.404452184127877,7,44,37,26.125000000000000,9.841716059712351,418.000000000000000,12,17,7,25
1899,6084253,37,292018.810295675822999,3,51,48,16.459459459459460,9.172799374044139,609.000000000000000,18,15,3,15
1900,6084255,32,252556.808904368255753,1,15,14,6.906250000000000,3.634550995308774,221.000000000000000,12,3,6,7
1901,6084257,27,213094.807513060717611,1,23,22,13.333333333333334,4.776485613378817,360.000000000000000,12,14,1,14
1902,6084259,25,197310.006956537690712,3,35,32,14.560000000000000,9.015897071284698,364.000000000000000,19,6,4,13
1903,6084261,20,157848.005565230152570,1,12,11,6.100000000000000,3.176476034853719,122.000000000000000,10,6,1,6
1904,6084263,24,189417.606678276206367,4,26,22,12.291666666666666,5.954544249749281,295.000000000000000,17,6,4,11
1905,6084265,9,71031.602504353577388,3,10,7,7.222222222222222,2.199887763691481,65.000000000000000,5,8,3,8
1906,6084267,7,55246.801947830557765,13,33,20,25.142857142857142,7.376188939100337,176.000000000000000,6,30,13,30
1907,6084269,49,386727.613634813867975,1,32,31,14.551020408163266,9.271552331310899,713.000000000000000,25,6,1,11
1908,6084271,18,142063.205008707154775,3,32,29,14.555555555555555,7.639242416061819,262.000000000000000,14,11,3,11
1909,6084273,48,378835.213356552412733,1,42,41,14.958333333333334,9.821231960514028,718.000000000000000,27,5,1,12
1910,6084275,8,63139.202226092063938,7,17,10,12.125000000000000,3.218598297395933,97.000000000000000,6,14,7,13
1911,6084277,1,7892.400278261507992,2,2,0,2.000000000000000,0.000000000000000,2.000000000000000,1,2,2,2
1912,6084279,41,323588.411408721818589,1,25,24,9.902439024390244,5.225663118377397,406.000000000000000,17,9,2,9
1913,6084281,35,276234.009739152796101,3,52,49,22.628571428571430,13.638361263699668,792.000000000000000,23,7,3,18
1914,6084283,8,63139.202226092063938,2,7,5,5.000000000000000,1.414213562373095,40.000000000000000,5,5,2,5
1915,6084285,18,142063.205008707154775,1,41,40,9.166666666666666,10.144785195688801,165.000000000000000,13,1,2,6
1916,6084287,73,576145.220313090132549,1,45,44,7.342465753424658,7.186782346460933,536.000000000000000,19,2,14,5
1917,6084289,35,276234.009739152796101,1,37,36,15.771428571428572,8.976431725948359,552.000000000000000,22,6,1,14
1918,6084291,22,173632.806121753179468,3,24,21,11.863636363636363,5.242270973411970,261.000000000000000,15,12,3,12
1919,6084293,26,205202.407234799204161,1,32,31,16.923076923076923,7.488057553007972,440.000000000000000,17,11,1,16
1920,6084295,20,157848.005565230152570,3,38,35,16.350000000000001,12.207682007654032,327.000000000000000,15,8,3,9
1921,6084297,9,71031.602504353577388,4,68,64,44.888888888888886,21.163093895030489,404.000000000000000,7,24,4,50
1922,6084299,31,244664.408626106742304,4,23,19,12.612903225806452,4.763283086782508,391.000000000000000,15,8,4,13
1923,6084301,21,165740.405843491666019,8,33,25,17.000000000000000,7.178008743642594,357.000000000000000,14,14,8,14
1924,6084303,26,205202.407234799204161,7,26,19,17.923076923076923,5.504704819327646,466.000000000000000,15,14,7,17
1925,6084305,6,47354.401669569051592,3,36,33,15.000000000000000,11.239810200058244,90.000000000000000,6,3,3,9
1926,6084307,5,39462.001391307538142,14,29,15,21.600000000000001,5.953150426454884,108.000000000000000,5,14,14,20
1927,6084309,11,86816.403060876589734,11,23,12,14.818181818181818,3.613564893518506,163.000000000000000,7,12,11,14
1928,6084311,9,71031.602504353577388,2,39,37,12.000000000000000,10.944303439588001,108.000000000000000,8,3,2,9
1929,6084313,15,118386.004173922614427,7,37,30,19.733333333333334,11.084323264061826,296.000000000000000,10,35,7,20
1930,6084315,7,55246.801947830557765,1,3,2,2.142857142857143,0.832993127835043,15.000000000000000,3,3,1,2
1931,6084317,14,110493.603895661115530,4,39,35,22.428571428571427,10.893735327597927,314.000000000000000,13,26,4,24
1932,6084319,3,23677.200834784525796,14,30,16,23.333333333333332,6.798692684790382,70.000000000000000,3,14,14,26
1933,6084321,16,126278.404452184127877,4,19,15,10.750000000000000,3.976493430146717,172.000000000000000,9,9,4,10
1934,6084323,17,134170.804730445641326,4,30,26,17.235294117647058,6.235849031911286,293.000000000000000,14,14,4,16
1935,6084325,27,213094.807513060717611,4,28,24,11.481481481481481,6.214501382640626,310.000000000000000,15,11,6,11
1936,6084327,23,181525.206400014692917,7,32,25,16.217391304347824,5.755575910738409,373.000000000000000,13,15,7,16
1937,6084329,36,284126.410017414309550,3,30,27,12.694444444444445,8.177949500008626,457.000000000000000,19,5,12,10
1938,6084331,10,78924.002782615076285,3,45,42,23.399999999999999,13.062924634246347,234.000000000000000,10,3,3,20
1939,6084333,16,126278.404452184127877,7,43,36,26.500000000000000,9.280355596635292,424.000000000000000,11,19,7,24
1940,6084335,21,165740.405843491666019,10,24,14,17.000000000000000,4.070801956792859,357.000000000000000,12,21,10,17
1941,6084337,41,323588.411408721818589,3,33,30,13.048780487804878,8.550998285786386,535.000000000000000,22,5,7,12
1942,6084339,35,276234.009739152796101,1,47,46,20.342857142857142,13.537129590538035,712.000000000000000,22,7,1,16
1943,6084341,11,86816.403060876589734,4,16,12,8.181818181818182,3.809513970864902,90.000000000000000,7,4,5,9
1944,6084343,20,157848.005565230152570,5,29,24,14.350000000000000,6.505958807124435,287.000000000000000,13,11,5,11
1945,6084345,21,165740.405843491666019,3,33,30,14.047619047619047,8.374997884725762,295.000000000000000,15,10,3,12
1946,6084347,18,142063.205008707154775,4,28,24,14.777777777777779,7.785710240602155,266.000000000000000,14,7,4,14
1947,6084349,12,94708.803339138103183,2,20,18,10.083333333333334,5.837498512966738,121.000000000000000,10,3,2,10
1948,6084351,18,142063.205008707154775,7,29,22,18.444444444444443,6.112121128655589,332.000000000000000,14,14,7,17
1949,6084353,16,126278.404452184127877,8,30,22,18.000000000000000,4.401704215414752,288.000000000000000,10,18,8,18
1950,6084355,17,134170.804730445641326,2,26,24,12.941176470588236,7.271787451071711,220.000000000000000,12,3,2,13
1951,6084357,12,94708.803339138103183,5,20,15,13.166666666666666,4.524623986832745,158.000000000000000,11,14,5,14
1952,6084359,14,110493.603895661115530,3,17,14,11.000000000000000,3.664501525251617,154.000000000000000,9,9,3,11
1953,6084361,18,142063.205008707154775,4,34,30,15.666666666666666,10.252370999486466,282.000000000000000,12,4,8,13
1954,6084363,38,299911.210573937278241,2,34,32,9.631578947368421,6.388398418150708,366.000000000000000,16,4,2,8
1955,6084365,10,78924.002782615076285,3,33,30,20.699999999999999,11.171839597846008,207.000000000000000,9,32,3,23
1956,6084367,18,142063.205008707154775,10,37,27,22.666666666666668,7.423685817106696,408.000000000000000,14,25,10,23
1957,6084369,23,181525.206400014692917,1,34,33,14.434782608695652,9.779419770093599,332.000000000000000,17,5,1,16
1958,6084371,24,189417.606678276206367,2,34,32,11.333333333333334,8.581310441237333,272.000000000000000,14,7,10,8
1959,6084373,6,47354.401669569051592,13,25,12,19.833333333333332,4.139914116124744,119.000000000000000,6,13,13,20
1960,6084375,13,102601.203617399602081,5,25,20,14.000000000000000,5.629592142625227,182.000000000000000,8,16,5,13
1961,6084377,18,142063.205008707154775,8,25,17,16.611111111111111,4.411335006912296,299.000000000000000,9,17,8,17
1962,6084379,15,118386.004173922614427,5,35,30,18.800000000000001,10.882401695704246,282.000000000000000,13,5,7,16
1963,6084381,6,47354.401669569051592,17,27,10,22.500000000000000,3.730504880933232,135.000000000000000,5,25,17,23
1964,6084383,9,71031.602504353577388,1,19,18,7.555555555555555,5.418304595660715,68.000000000000000,8,1,4,7
1965,6084385,18,142063.205008707154775,1,16,15,6.500000000000000,4.031128874149275,117.000000000000000,9,1,5,6
1966,6084387,21,165740.405843491666019,2,31,29,15.523809523809524,8.888832199365716,326.000000000000000,12,16,2,16
1967,6084389,11,86816.403060876589734,6,26,20,14.636363636363637,6.138888369503321,161.000000000000000,8,18,6,15
1968,6084391,53,418297.214747859921772,2,23,21,9.981132075471699,4.850561399283226,529.000000000000000,18,6,2,9
1969,6084393,37,292018.810295675822999,1,32,31,11.459459459459460,6.800614418166397,424.000000000000000,18,8,1,11
1970,6084395,22,173632.806121753179468,3,24,21,13.045454545454545,5.850231329748445,287.000000000000000,14,7,3,12
1971,6084399,3,23677.200834784525796,5,13,8,10.000000000000000,3.559026084010437,30.000000000000000,3,5,5,12
1972,6084401,2,15784.800556523015985,8,8,0,8.000000000000000,0.000000000000000,16.000000000000000,1,8,8,8
1973,6084403,5,39462.001391307538142,7,21,14,14.000000000000000,5.549774770204643,70.000000000000000,5,7,7,12
1974,6084405,1,7892.400278261507992,5,5,0,5.000000000000000,0.000000000000000,5.000000000000000,1,5,5,5
1975,6084409,1,7892.400278261507992,4,4,0,4.000000000000000,0.000000000000000,4.000000000000000,1,4,4,4
1976,6084411,1,7892.400278261507992,10,10,0,10.000000000000000,0.000000000000000,10.000000000000000,1,10,10,10
1977,6084413,12,94708.803339138103183,2,13,11,7.583333333333333,3.967751952372472,91.000000000000000,9,2,3,7
1978,6084415,9,71031.602504353577388,2,20,18,8.000000000000000,6.036923425424944,72.000000000000000,8,2,4,6
1979,6084417,2,15784.800556523015985,2,2,0,2.000000000000000,0.000000000000000,4.000000000000000,1,2,2,2
1980,6084419,15,118386.004173922614427,1,25,24,4.133333333333334,5.690537955432879,62.000000000000000,6,2,1,2
1981,6084421,35,276234.009739152796101,1,43,42,6.485714285714286,7.048288256515817,227.000000000000000,12,2,14,5
1982,6084423,30,236772.008347845228855,1,31,30,11.133333333333333,8.309566107137538,334.000000000000000,16,3,1,7
1983,6084427,21,165740.405843491666019,2,29,27,13.285714285714286,8.012744949931518,279.000000000000000,14,13,2,12
1984,6084429,12,94708.803339138103183,2,32,30,16.916666666666668,10.028778035677570,203.000000000000000,9,25,2,18
1985,6084435,3,23677.200834784525796,19,27,8,22.000000000000000,3.559026084010437,66.000000000000000,3,19,19,20
1986,6084439,7,55246.801947830557765,4,30,26,17.714285714285715,9.113793090135188,124.000000000000000,7,4,4,20
1987,6084441,2,15784.800556523015985,4,19,15,11.500000000000000,7.500000000000000,23.000000000000000,2,4,4,4
1988,6084445,19,149955.605286968639120,1,15,14,6.736842105263158,4.050238527909682,128.000000000000000,12,4,1,5
1989,6084449,8,63139.202226092063938,3,30,27,16.000000000000000,11.067971810589327,128.000000000000000,5,3,13,10
1990,6084453,10,78924.002782615076285,2,27,25,14.600000000000000,7.002856560004639,146.000000000000000,8,13,2,13
1991,6084457,9,71031.602504353577388,2,16,14,8.333333333333334,5.830951894845301,75.000000000000000,7,2,3,8
1992,6084461,6,47354.401669569051592,3,10,7,5.333333333333333,2.981423969999720,32.000000000000000,4,3,4,3
1993,6084463,22,173632.806121753179468,2,43,41,18.227272727272727,10.179890239548570,401.000000000000000,16,5,2,19
1994,6084467,9,71031.602504353577388,7,32,25,14.111111111111111,7.263981834969401,127.000000000000000,9,7,7,12
1995,6084469,3,23677.200834784525796,12,33,21,22.333333333333332,8.576453553512406,67.000000000000000,3,12,12,22
1996,6084473,13,102601.203617399602081,9,30,21,20.000000000000000,6.287961636211018,260.000000000000000,10,12,9,20
1997,6084477,11,86816.403060876589734,1,40,39,13.090909090909092,11.220553749538432,144.000000000000000,10,6,1,9
1998,6084481,11,86816.403060876589734,1,28,27,16.727272727272727,8.853257326501710,184.000000000000000,6,18,12,18
1999,6084483,12,94708.803339138103183,3,22,19,7.166666666666667,4.792934614849468,86.000000000000000,7,4,3,6
2000,6084487,28,220987.207791322231060,2,48,46,20.785714285714285,13.531331744344687,582.000000000000000,23,3,2,17
2001,6084489,5,39462.001391307538142,5,26,21,12.800000000000001,7.756287771866126,64.000000000000000,4,5,13,13
2002,6084491,28,220987.207791322231060,1,44,43,20.464285714285715,13.970586813672764,573.000000000000000,21,19,1,19
2003,6084493,1,7892.400278261507992,26,26,0,26.000000000000000,0.000000000000000,26.000000000000000,1,26,26,26
2004,6084495,1,7892.400278261507992,9,9,0,9.000000000000000,0.000000000000000,9.000000000000000,1,9,9,9
2005,6084497,12,94708.803339138103183,3,34,31,12.916666666666666,10.234405481294727,155.000000000000000,10,4,3,7
2006,6084499,9,71031.602504353577388,2,32,30,18.777777777777779,10.357796610152368,169.000000000000000,7,27,2,25
2007,6084503,4,31569.601113046031969,5,11,6,8.250000000000000,2.772634126602354,33.000000000000000,3,11,5,6
2008,6084505,24,189417.606678276206367,2,27,25,10.250000000000000,7.125365487701900,246.000000000000000,15,3,8,9
2009,6084507,1,7892.400278261507992,17,17,0,17.000000000000000,0.000000000000000,17.000000000000000,1,17,17,17
2010,6084509,5,39462.001391307538142,4,13,9,8.400000000000000,3.440930106817051,42.000000000000000,5,4,4,9
2011,6084511,13,102601.203617399602081,6,49,43,18.769230769230770,11.754893227626503,244.000000000000000,8,21,6,15
2012,6084513,1,7892.400278261507992,15,15,0,15.000000000000000,0.000000000000000,15.000000000000000,1,15,15,15
2013,6084517,12,94708.803339138103183,3,24,21,11.083333333333334,5.751207602659539,133.000000000000000,10,5,3,11
2014,6084519,10,78924.002782615076285,1,20,19,10.400000000000000,6.468384651518491,104.000000000000000,8,9,1,9
2015,6084521,1,7892.400278261507992,13,13,0,13.000000000000000,0.000000000000000,13.000000000000000,1,13,13,13
2016,6084523,2,15784.800556523015985,2,17,15,9.500000000000000,7.500000000000000,19.000000000000000,2,2,2,2
2017,6084527,15,118386.004173922614427,3,36,33,12.266666666666667,8.136065115002188,184.000000000000000,13,10,3,10
2018,6084531,7,55246.801947830557765,2,21,19,5.571428571428571,6.366365701473484,39.000000000000000,3,2,21,4
2019,6084537,2,15784.800556523015985,8,12,4,10.000000000000000,2.000000000000000,20.000000000000000,2,8,8,8
2020,6084539,18,142063.205008707154775,1,20,19,8.944444444444445,4.612449604930625,161.000000000000000,11,7,4,8
2021,6084555,1,7892.400278261507992,13,13,0,13.000000000000000,0.000000000000000,13.000000000000000,1,13,13,13
2022,6084557,2,15784.800556523015985,7,8,1,7.500000000000000,0.500000000000000,15.000000000000000,2,7,7,7
2023,6084559,10,78924.002782615076285,4,16,12,7.800000000000000,3.762977544445356,78.000000000000000,5,4,7,7
2024,6084561,7,55246.801947830557765,2,14,12,5.285714285714286,3.806546455564066,37.000000000000000,5,2,5,4
2025,6084563,8,63139.202226092063938,4,27,23,13.375000000000000,8.873239261960650,107.000000000000000,7,4,7,8
2026,6084565,4,31569.601113046031969,1,9,8,5.000000000000000,2.915475947422650,20.000000000000000,4,1,1,4
2027,6084567,10,78924.002782615076285,2,11,9,7.400000000000000,3.292415526630865,74.000000000000000,6,2,4,8
2028,6084569,7,55246.801947830557765,4,25,21,12.142857142857142,7.219587867710445,85.000000000000000,7,4,4,9
2029,6084571,5,39462.001391307538142,3,10,7,6.800000000000000,2.785677655436824,34.000000000000000,5,3,3,8
2030,6084573,4,31569.601113046031969,7,7,0,7.000000000000000,0.000000000000000,28.000000000000000,1,7,7,7
2031,6084575,12,94708.803339138103183,5,19,14,12.000000000000000,4.881939505292269,144.000000000000000,9,9,5,10
2032,6084577,7,55246.801947830557765,4,24,20,11.285714285714286,7.284313590846835,79.000000000000000,6,4,5,10
2033,6084579,4,31569.601113046031969,2,18,16,9.000000000000000,5.744562646538029,36.000000000000000,3,8,2,8
2034,6084583,1,7892.400278261507992,5,5,0,5.000000000000000,0.000000000000000,5.000000000000000,1,5,5,5
2035,6084585,1,7892.400278261507992,13,13,0,13.000000000000000,0.000000000000000,13.000000000000000,1,13,13,13
2036,6084593,5,39462.001391307538142,2,26,24,12.400000000000000,8.957678270623475,62.000000000000000,5,2,2,15
2037,6084599,13,102601.203617399602081,3,23,20,11.230769230769230,6.851769520505647,146.000000000000000,9,7,3,9
2038,6084603,11,86816.403060876589734,2,24,22,10.545454545454545,7.714963457918955,116.000000000000000,8,8,4,8
2039,6084607,23,181525.206400014692917,1,38,37,9.304347826086957,10.518864141889976,214.000000000000000,14,1,2,5
2040,6084609,18,142063.205008707154775,1,40,39,11.000000000000000,11.323525167642019,198.000000000000000,9,3,10,5
2041,6084613,9,71031.602504353577388,3,56,53,27.111111111111111,16.696270005566078,244.000000000000000,8,25,3,25
2042,6084615,9,71031.602504353577388,1,39,38,21.000000000000000,11.897712198383164,189.000000000000000,8,10,1,21
2043,6084625,34,268341.609460891282652,3,43,40,16.323529411764707,10.587785938177271,555.000000000000000,20,9,8,13
2044,6084631,13,102601.203617399602081,1,39,38,12.307692307692308,11.498391963726029,160.000000000000000,11,5,1,7
2045,6084635,1,7892.400278261507992,21,21,0,21.000000000000000,0.000000000000000,21.000000000000000,1,21,21,21
2046,6084643,1,7892.400278261507992,5,5,0,5.000000000000000,0.000000000000000,5.000000000000000,1,5,5,5
2047,6086593,29,228879.608069583744509,2,24,22,9.448275862068966,5.648229548039668,274.000000000000000,15,7,2,7
2048,6088645,18,142063.205008707154775,7,37,30,19.166666666666668,9.148466781075637,345.000000000000000,12,7,9,17
2049,6088647,15,118386.004173922614427,4,31,27,14.133333333333333,7.329089681232968,212.000000000000000,12,11,4,11
2050,6088649,26,205202.407234799204161,2,17,15,8.423076923076923,3.660318154762348,219.000000000000000,12,7,2,8
2051,6088651,2,15784.800556523015985,4,12,8,8.000000000000000,4.000000000000000,16.000000000000000,2,4,4,4
2052,6088653,20,157848.005565230152570,2,25,23,11.150000000000000,6.605111656891197,223.000000000000000,15,2,3,10
2053,6088655,21,165740.405843491666019,4,24,20,13.952380952380953,6.729297638834096,293.000000000000000,13,7,4,14
2054,6088657,10,78924.002782615076285,4,22,18,15.199999999999999,5.418486873657626,152.000000000000000,7,19,4,17
2055,6088659,4,31569.601113046031969,2,5,3,4.000000000000000,1.224744871391589,16.000000000000000,3,5,2,4
2056,6088661,17,134170.804730445641326,7,28,21,15.764705882352942,6.821500712623163,268.000000000000000,14,7,8,16
2057,6088663,36,284126.410017414309550,1,60,59,22.305555555555557,16.165497284931750,803.000000000000000,27,5,1,21
2058,6088665,24,189417.606678276206367,2,29,27,13.583333333333334,9.371573447873567,326.000000000000000,13,22,5,11
2059,6088667,21,165740.405843491666019,4,44,40,20.047619047619047,13.145617377507520,421.000000000000000,14,10,4,12
2060,6088669,17,134170.804730445641326,2,38,36,14.705882352941176,9.832507345130312,250.000000000000000,11,8,2,11
2061,6088671,14,110493.603895661115530,5,14,9,9.785714285714286,3.004248692116153,137.000000000000000,8,8,5,8
2062,6088673,7,55246.801947830557765,4,23,19,8.714285714285714,6.204014500173847,61.000000000000000,5,5,4,5
2063,6088675,13,102601.203617399602081,1,25,24,7.769230769230769,6.178795577853292,101.000000000000000,10,1,2,8
2064,6088677,12,94708.803339138103183,3,23,20,13.583333333333334,6.447975565159105,163.000000000000000,11,15,3,13
2065,6088679,13,102601.203617399602081,4,40,36,20.307692307692307,12.874450640316303,264.000000000000000,9,12,4,12
2066,6088681,19,149955.605286968639120,5,50,45,20.842105263157894,10.178735098205767,396.000000000000000,13,8,5,21
2067,6088683,1,7892.400278261507992,4,4,0,4.000000000000000,0.000000000000000,4.000000000000000,1,4,4,4
2068,6088685,10,78924.002782615076285,2,50,48,13.100000000000000,13.427211177307074,131.000000000000000,8,13,2,7
2069,6088687,23,181525.206400014692917,3,47,44,13.608695652173912,10.128475272327767,313.000000000000000,15,9,3,10
2070,6088689,11,86816.403060876589734,1,18,17,9.636363636363637,4.810456929208346,106.000000000000000,8,12,1,11
2071,6088691,4,31569.601113046031969,2,7,5,4.250000000000000,1.785357107135713,17.000000000000000,3,4,2,4
2072,6088693,11,86816.403060876589734,7,34,27,19.909090909090910,7.191592887842221,219.000000000000000,10,22,7,20
2073,6088695,10,78924.002782615076285,2,59,57,26.300000000000001,19.488714683118534,263.000000000000000,9,2,14,18
2074,6088697,12,94708.803339138103183,7,20,13,12.750000000000000,4.584848234492973,153.000000000000000,9,7,9,12
2075,6088699,6,47354.401669569051592,22,35,13,26.666666666666668,4.714045207910312,160.000000000000000,6,22,22,24
2076,6088701,21,165740.405843491666019,1,47,46,17.047619047619047,11.858194636847191,358.000000000000000,17,9,1,18
2077,6088703,11,86816.403060876589734,1,23,22,11.000000000000000,6.741998624632421,121.000000000000000,11,1,1,11
2078,6088705,23,181525.206400014692917,5,28,23,16.260869565217391,6.699885731045995,374.000000000000000,17,12,5,14
2079,6088707,11,86816.403060876589734,7,19,12,12.181818181818182,3.809513970864904,134.000000000000000,7,9,7,13
2080,6088709,25,197310.006956537690712,7,33,26,19.359999999999999,7.504025586310324,484.000000000000000,18,14,8,19
2081,6088711,16,126278.404452184127877,5,27,22,14.500000000000000,6.254998001598402,232.000000000000000,12,9,5,12
2082,6088713,9,71031.602504353577388,2,44,42,16.777777777777779,15.309966091680121,151.000000000000000,8,44,2,10
2083,6088715,15,118386.004173922614427,4,34,30,19.333333333333332,8.615231988880058,290.000000000000000,13,22,4,21
2084,6088717,20,157848.005565230152570,1,31,30,10.650000000000000,6.886762664706835,213.000000000000000,14,5,1,8
2085,6088719,1,7892.400278261507992,6,6,0,6.000000000000000,0.000000000000000,6.000000000000000,1,6,6,6
2086,6088721,2,15784.800556523015985,4,4,0,4.000000000000000,0.000000000000000,8.000000000000000,1,4,4,4
2087,6088725,3,23677.200834784525796,18,27,9,23.000000000000000,3.741657386773941,69.000000000000000,3,18,18,24
2088,6088727,21,165740.405843491666019,2,21,19,11.571428571428571,4.933572342068349,243.000000000000000,13,16,2,12
2089,6088729,10,78924.002782615076285,1,27,26,16.399999999999999,8.754427451295717,164.000000000000000,7,1,13,18
2090,6088731,19,149955.605286968639120,7,30,23,17.736842105263158,6.904171929181720,337.000000000000000,13,7,9,18
2091,6088733,4,31569.601113046031969,3,11,8,6.250000000000000,2.947456530637899,25.000000000000000,4,3,3,5
2092,6088735,41,323588.411408721818589,1,24,23,12.146341463414634,6.509134203450155,498.000000000000000,19,12,3,12
2093,6088737,12,94708.803339138103183,2,40,38,13.333333333333334,11.323525167642018,160.000000000000000,8,5,2,6
2094,6088739,6,47354.401669569051592,2,14,12,5.333333333333333,4.384315479321969,32.000000000000000,4,2,8,3
2095,6088741,8,63139.202226092063938,2,11,9,6.125000000000000,2.758509561339239,49.000000000000000,6,7,2,7
2096,6088743,8,63139.202226092063938,3,23,20,10.250000000000000,7.479137650825796,82.000000000000000,6,5,3,5
2097,6088745,16,126278.404452184127877,4,22,18,10.875000000000000,5.158427570490837,174.000000000000000,11,12,4,10
2098,6088747,13,102601.203617399602081,6,33,27,17.692307692307693,7.299995947149720,230.000000000000000,9,6,11,20
2099,6088749,15,118386.004173922614427,3,26,23,12.333333333333334,7.743097284391792,185.000000000000000,12,3,7,11
2100,6088751,18,142063.205008707154775,2,17,15,8.333333333333334,4.977728174356026,150.000000000000000,11,3,2,6
2101,6088753,17,134170.804730445641326,3,22,19,14.000000000000000,5.562479345632506,238.000000000000000,12,12,3,15
2102,6088755,32,252556.808904368255753,3,15,12,8.031250000000000,3.459446984345909,257.000000000000000,12,6,5,7
2103,6088757,10,78924.002782615076285,7,23,16,13.900000000000000,5.028916384272062,139.000000000000000,9,12,7,12
2104,6088759,16,126278.404452184127877,5,35,30,20.062500000000000,9.181971125526371,321.000000000000000,14,12,5,19
2105,6088761,3,23677.200834784525796,20,26,6,23.000000000000000,2.449489742783178,69.000000000000000,3,20,20,23
2106,6088763,14,110493.603895661115530,1,15,14,3.500000000000000,3.479531988233886,49.000000000000000,6,1,15,2
2107,6088765,21,165740.405843491666019,2,25,23,10.190476190476190,7.600871175752520,214.000000000000000,12,2,3,10
2108,6088767,19,149955.605286968639120,2,34,32,14.105263157894736,8.884609619372293,268.000000000000000,12,12,2,12
2109,6088769,2,15784.800556523015985,14,15,1,14.500000000000000,0.500000000000000,29.000000000000000,2,14,14,14
2110,6088771,16,126278.404452184127877,2,31,29,17.062500000000000,5.673058588627478,273.000000000000000,9,17,2,17
2111,6088773,15,118386.004173922614427,6,18,12,12.066666666666666,4.007770230717104,181.000000000000000,8,10,6,11
2112,6088775,7,55246.801947830557765,5,32,27,17.000000000000000,8.701395618766320,119.000000000000000,6,13,5,13
2113,6088777,1,7892.400278261507992,10,10,0,10.000000000000000,0.000000000000000,10.000000000000000,1,10,10,10
2114,6088779,20,157848.005565230152570,3,17,14,10.250000000000000,3.561951712193752,205.000000000000000,12,9,3,11
2115,6088781,27,213094.807513060717611,2,26,24,9.259259259259260,6.818235856293319,250.000000000000000,16,3,5,8
2116,6088783,6,47354.401669569051592,2,5,3,3.333333333333333,1.374368541872553,20.000000000000000,3,2,4,2
2117,6088785,14,110493.603895661115530,2,25,23,9.714285714285714,7.352633847118726,136.000000000000000,8,5,2,5
2118,6088787,12,94708.803339138103183,6,33,27,16.916666666666668,7.017339635186225,203.000000000000000,11,21,6,17
2119,6088789,2,15784.800556523015985,7,15,8,11.000000000000000,4.000000000000000,22.000000000000000,2,7,7,7
2120,6088791,11,86816.403060876589734,4,9,5,6.363636363636363,1.720080720765864,70.000000000000000,5,7,5,7
2121,6088793,23,181525.206400014692917,2,35,33,17.565217391304348,9.823778105041301,404.000000000000000,16,10,2,15
2122,6088795,9,71031.602504353577388,13,29,16,21.888888888888889,5.606433694019048,197.000000000000000,8,28,13,20
2123,6088797,5,39462.001391307538142,9,27,18,18.000000000000000,6.572670690061994,90.000000000000000,4,21,9,21
2124,6088799,12,94708.803339138103183,10,28,18,18.916666666666668,5.964594612284127,227.000000000000000,9,13,10,18
2125,6088801,23,181525.206400014692917,8,32,24,18.347826086956523,7.698722060255102,422.000000000000000,14,14,8,15
2126,6088803,7,55246.801947830557765,18,36,18,22.857142857142858,5.865847190756514,160.000000000000000,5,18,23,20
2127,6088805,13,102601.203617399602081,12,34,22,22.846153846153847,6.383225057146075,297.000000000000000,10,17,12,21
2128,6088807,1,7892.400278261507992,13,13,0,13.000000000000000,0.000000000000000,13.000000000000000,1,13,13,13
2129,6088809,4,31569.601113046031969,13,20,7,16.500000000000000,2.692582403567252,66.000000000000000,4,13,13,15
2130,6088811,8,63139.202226092063938,7,15,8,10.875000000000000,2.666341125962693,87.000000000000000,6,10,7,10
2131,6088813,12,94708.803339138103183,7,34,27,21.000000000000000,8.062257748298549,252.000000000000000,10,16,7,18
2132,6088815,1,7892.400278261507992,10,10,0,10.000000000000000,0.000000000000000,10.000000000000000,1,10,10,10
2133,6088817,11,86816.403060876589734,4,25,21,13.363636363636363,6.609534810652194,147.000000000000000,8,4,7,13
2134,6088819,8,63139.202226092063938,3,9,6,6.500000000000000,1.936491673103709,52.000000000000000,6,7,3,7
2135,6088821,12,94708.803339138103183,1,29,28,15.583333333333334,7.815138443360353,187.000000000000000,11,16,1,15
2136,6088823,6,47354.401669569051592,3,19,16,10.166666666666666,5.398044913567216,61.000000000000000,6,3,3,8
2137,6088825,12,94708.803339138103183,13,30,17,20.416666666666668,5.663602112515394,245.000000000000000,9,13,16,19
2138,6088827,18,142063.205008707154775,1,32,31,14.166666666666666,8.870988921447509,255.000000000000000,15,8,1,10
2139,6088829,12,94708.803339138103183,8,33,25,20.333333333333332,7.419943096517357,244.000000000000000,11,28,8,20
2140,6088831,39,307803.610852198791690,1,17,16,8.512820512820513,4.056471846269764,332.000000000000000,14,8,1,8
2141,6088833,4,31569.601113046031969,1,17,16,9.000000000000000,6.324555320336759,36.000000000000000,4,1,1,5
2142,6088835,6,47354.401669569051592,23,42,19,29.333333333333332,7.086763875156440,176.000000000000000,4,23,32,23
2143,6088837,4,31569.601113046031969,2,7,5,4.000000000000000,2.121320343559642,16.000000000000000,3,2,5,2
2144,6088839,2,15784.800556523015985,6,7,1,6.500000000000000,0.500000000000000,13.000000000000000,2,6,6,6
2145,6088841,22,173632.806121753179468,10,40,30,21.727272727272727,8.448678316118810,478.000000000000000,17,13,10,18
2146,6088843,29,228879.608069583744509,1,53,52,27.620689655172413,15.011291825922129,801.000000000000000,23,36,1,27
2147,6088845,26,205202.407234799204161,2,30,28,10.884615384615385,8.068585440206800,283.000000000000000,15,4,5,7
2148,6088847,17,134170.804730445641326,4,21,17,10.470588235294118,4.380674767508440,178.000000000000000,11,13,5,11
2149,6088849,26,205202.407234799204161,1,41,40,19.076923076923077,13.504765759718016,496.000000000000000,18,3,1,21
2150,6088851,31,244664.408626106742304,6,59,53,28.580645161290324,15.188650672827597,886.000000000000000,25,7,6,28
2151,6088853,1,7892.400278261507992,9,9,0,9.000000000000000,0.000000000000000,9.000000000000000,1,9,9,9
2152,6088855,16,126278.404452184127877,4,21,17,13.000000000000000,5.678908345800274,208.000000000000000,13,20,4,13
2153,6088859,3,23677.200834784525796,14,17,3,15.333333333333334,1.247219128924642,46.000000000000000,3,14,14,15
2154,6088861,6,47354.401669569051592,6,23,17,10.500000000000000,5.965176722724427,63.000000000000000,5,6,7,7
2155,6088863,8,63139.202226092063938,4,17,13,7.875000000000000,4.675401052316261,63.000000000000000,6,4,5,5
2156,6088865,5,39462.001391307538142,11,32,21,24.399999999999999,8.014985963805554,122.000000000000000,4,32,11,27
2157,6088867,8,63139.202226092063938,2,36,34,18.000000000000000,11.000000000000000,144.000000000000000,7,27,2,17
2158,6088869,8,63139.202226092063938,6,31,25,15.625000000000000,8.365666440876064,125.000000000000000,7,10,6,10
2159,6088871,13,102601.203617399602081,9,36,27,22.384615384615383,9.981047128189907,291.000000000000000,8,34,9,19
2160,6088873,16,126278.404452184127877,6,43,37,21.750000000000000,10.871407452579449,348.000000000000000,14,9,6,18
2161,6088875,10,78924.002782615076285,8,34,26,14.600000000000000,7.045565981523415,146.000000000000000,9,14,8,13
2162,6088877,31,244664.408626106742304,4,24,20,10.096774193548388,4.630577464926903,313.000000000000000,14,5,4,10
2163,6088879,19,149955.605286968639120,3,60,57,17.315789473684209,13.396985645164039,329.000000000000000,11,15,9,15
2164,6088881,22,173632.806121753179468,2,41,39,14.909090909090908,11.785619476560450,328.000000000000000,14,2,7,13
2165,6088885,47,370942.813078290899284,2,36,34,14.510638297872340,8.790401778210313,682.000000000000000,24,6,2,12
2166,6088887,16,126278.404452184127877,4,25,21,11.750000000000000,6.025985396596975,188.000000000000000,11,17,4,9
2167,6088889,31,244664.408626106742304,4,31,27,16.193548387096776,7.332734185469663,502.000000000000000,20,14,4,16
2168,6088891,13,102601.203617399602081,11,28,17,17.384615384615383,5.046529066725149,226.000000000000000,8,14,11,15
2169,6088893,22,173632.806121753179468,2,49,47,24.136363636363637,13.281208373780171,531.000000000000000,16,38,2,22
2170,6088895,9,71031.602504353577388,3,30,27,16.666666666666668,8.881941729649485,150.000000000000000,8,21,3,19
2171,6088897,17,134170.804730445641326,3,36,33,17.411764705882351,8.138932026554345,296.000000000000000,14,3,6,17
2172,6088899,9,71031.602504353577388,5,43,38,21.111111111111111,10.999438818457408,190.000000000000000,7,12,5,17
2173,6088901,6,47354.401669569051592,8,35,27,22.166666666666668,10.823072063369478,133.000000000000000,5,35,8,19
2174,6088903,19,149955.605286968639120,5,31,26,18.263157894736842,7.397311782441524,347.000000000000000,14,12,5,19
2175,6088905,24,189417.606678276206367,1,35,34,15.291666666666666,9.580706161633159,367.000000000000000,17,17,5,17
2176,6088907,14,110493.603895661115530,4,24,20,11.500000000000000,4.924428900898052,161.000000000000000,11,8,4,11
2177,6088909,9,71031.602504353577388,5,21,16,17.000000000000000,4.921607686744466,153.000000000000000,5,19,5,19
2178,6088911,30,236772.008347845228855,1,28,27,11.933333333333334,7.558365490560039,358.000000000000000,18,6,2,11
2179,6088913,5,39462.001391307538142,7,25,18,18.000000000000000,6.449806198638840,90.000000000000000,5,7,7,20
2180,6088915,49,386727.613634813867975,1,18,17,10.020408163265307,4.058198031389569,491.000000000000000,17,10,1,10
2181,6088917,12,94708.803339138103183,7,18,11,12.333333333333334,3.472111109333275,148.000000000000000,8,12,9,12
2182,6088919,9,71031.602504353577388,7,30,23,14.555555555555555,7.057086448089074,131.000000000000000,9,7,7,12
2183,6088921,9,71031.602504353577388,5,22,17,13.111111111111111,5.724109721062781,118.000000000000000,7,9,5,12
2184,6088923,6,47354.401669569051592,4,11,7,8.166666666666666,2.671869923646901,49.000000000000000,5,11,4,7
2185,6088925,6,47354.401669569051592,4,19,15,11.166666666666666,6.094168432927408,67.000000000000000,5,4,8,8
2186,6088927,19,149955.605286968639120,2,34,32,18.210526315789473,8.605866709881978,346.000000000000000,13,16,2,16
2187,6088929,13,102601.203617399602081,8,25,17,15.846153846153847,4.638404132825025,206.000000000000000,10,15,8,15
2188,6088931,14,110493.603895661115530,1,36,35,14.142857142857142,11.243138497114858,198.000000000000000,10,10,1,10
2189,6088933,2,15784.800556523015985,3,5,2,4.000000000000000,1.000000000000000,8.000000000000000,2,3,3,3
2190,6088935,20,157848.005565230152570,3,37,34,18.750000000000000,9.954270440368797,375.000000000000000,15,16,3,17
2191,6088939,21,165740.405843491666019,5,38,33,15.476190476190476,8.764751090476246,325.000000000000000,15,8,5,13
2192,6088941,22,173632.806121753179468,3,18,15,6.772727272727272,4.155301303831028,149.000000000000000,9,4,8,5
2193,6088945,46,363050.412800029385835,1,36,35,9.847826086956522,7.564124108908556,453.000000000000000,17,1,13,8
2194,6088947,17,134170.804730445641326,1,26,25,8.294117647058824,7.916956529629395,141.000000000000000,11,1,10,5
2195,6088949,12,94708.803339138103183,3,31,28,20.666666666666668,7.272474743090473,248.000000000000000,9,18,3,21
2196,6088951,8,63139.202226092063938,2,14,12,6.000000000000000,3.937003937005906,48.000000000000000,6,4,2,4
2197,6088953,15,118386.004173922614427,5,18,13,11.400000000000000,3.555277766926235,171.000000000000000,10,10,5,12
2198,6088955,20,157848.005565230152570,3,28,25,14.449999999999999,7.358498488142808,289.000000000000000,13,11,5,13
2199,6088957,27,213094.807513060717611,1,38,37,16.925925925925927,9.988608051642021,457.000000000000000,16,13,1,17
2200,6088959,18,142063.205008707154775,5,21,16,13.277777777777779,5.684340629753086,239.000000000000000,11,5,7,14
2201,6088961,21,165740.405843491666019,4,32,28,16.476190476190474,8.313036506819804,346.000000000000000,15,22,7,18
2202,6088963,13,102601.203617399602081,1,30,29,10.307692307692308,9.925759923510723,134.000000000000000,10,2,1,5
2203,6088965,9,71031.602504353577388,2,29,27,14.555555555555555,9.322745317068014,131.000000000000000,7,2,6,13
2204,6088967,7,55246.801947830557765,10,16,6,13.000000000000000,2.618614682831908,91.000000000000000,3,11,10,11
2205,6088969,1,7892.400278261507992,21,21,0,21.000000000000000,0.000000000000000,21.000000000000000,1,21,21,21
2206,6088993,30,236772.008347845228855,5,20,15,12.199999999999999,5.217917847826532,366.000000000000000,13,7,9,12
2207,6088995,11,86816.403060876589734,3,21,18,12.272727272727273,5.327303754175857,135.000000000000000,9,8,3,10
2208,6088997,14,110493.603895661115530,1,18,17,11.642857142857142,5.176970195796309,163.000000000000000,10,16,1,12
2209,6088999,9,71031.602504353577388,4,12,8,8.111111111111111,2.726187588085622,73.000000000000000,5,8,7,8
2210,6089001,42,331480.811686983332038,2,25,23,8.714285714285714,5.897076411585799,366.000000000000000,17,3,8,7
2211,6089003,60,473544.016695690457709,1,24,23,9.683333333333334,5.843776366547767,581.000000000000000,20,8,3,8
2212,6089005,41,323588.411408721818589,1,28,27,11.536585365853659,7.033361479842146,473.000000000000000,19,7,1,9
2213,6089007,36,284126.410017414309550,2,33,31,11.944444444444445,8.062066334398825,430.000000000000000,19,4,2,10
2214,6089009,24,189417.606678276206367,1,19,18,7.333333333333333,5.382585087318382,176.000000000000000,14,3,1,5
2215,6089011,19,149955.605286968639120,3,28,25,15.157894736842104,7.855692926619570,288.000000000000000,16,7,3,14
2216,6089013,31,244664.408626106742304,1,34,33,9.903225806451612,8.471412414931182,307.000000000000000,18,1,5,8
2217,6089015,11,86816.403060876589734,6,23,17,12.000000000000000,5.081159495448044,132.000000000000000,8,8,6,10
2218,6089017,22,173632.806121753179468,10,55,45,22.272727272727273,14.178029797035263,490.000000000000000,14,13,11,13
2219,6089019,8,63139.202226092063938,6,14,8,9.625000000000000,3.425547401511180,77.000000000000000,5,6,7,7
2220,6089021,27,213094.807513060717611,3,41,38,21.629629629629630,11.340351252474168,584.000000000000000,22,10,3,18
2221,6089023,21,165740.405843491666019,6,24,18,15.380952380952381,5.084768950841985,323.000000000000000,15,13,9,15
2222,6089025,15,118386.004173922614427,2,41,39,22.199999999999999,10.967831751687905,333.000000000000000,13,27,2,24
2223,6089027,63,497221.217530474998057,1,51,50,15.015873015873016,12.121726609022126,946.000000000000000,32,2,10,11
2224,6089029,54,426189.615026121435221,3,42,39,13.018518518518519,9.212493008672640,703.000000000000000,21,4,12,10
2225,6089031,28,220987.207791322231060,1,23,22,11.107142857142858,5.690463737782748,311.000000000000000,14,4,1,11
2226,6089033,45,355158.012521767872386,1,21,20,10.400000000000000,5.615059117132152,468.000000000000000,17,4,1,9
2227,6089035,9,71031.602504353577388,6,24,18,16.444444444444443,5.230489909306590,148.000000000000000,7,16,6,16
2228,6089037,26,205202.407234799204161,1,13,12,6.000000000000000,3.464101615137754,156.000000000000000,11,6,7,6
2229,6089039,8,63139.202226092063938,3,37,34,19.625000000000000,11.905224693385673,157.000000000000000,8,3,3,16
2230,6089041,15,118386.004173922614427,7,42,35,25.199999999999999,10.559040360436800,378.000000000000000,13,15,7,26
2231,6089043,6,47354.401669569051592,6,26,20,15.333333333333334,7.318166133366716,92.000000000000000,6,6,6,11
2232,6089045,37,292018.810295675822999,1,34,33,13.081081081081081,8.984606590609321,484.000000000000000,24,4,1,11
2233,6089047,29,228879.608069583744509,2,37,35,14.620689655172415,10.410252880771777,424.000000000000000,20,7,4,11
2234,6089049,17,134170.804730445641326,8,35,27,18.647058823529413,8.491803497702863,317.000000000000000,14,10,8,17
2235,6089053,11,86816.403060876589734,1,10,9,4.363636363636363,2.705977466570404,48.000000000000000,6,3,7,4
2236,6089055,6,47354.401669569051592,10,24,14,17.166666666666668,4.705198071164366,103.000000000000000,6,10,10,16
2237,6089057,1,7892.400278261507992,26,26,0,26.000000000000000,0.000000000000000,26.000000000000000,1,26,26,26
2238,6089059,7,55246.801947830557765,9,17,8,14.285714285714286,3.057276365576097,100.000000000000000,5,17,9,16
2239,6089061,6,47354.401669569051592,6,22,16,17.833333333333332,5.398044913567218,107.000000000000000,5,19,6,19
2240,6089063,9,71031.602504353577388,1,22,21,7.333333333333333,6.218252702059210,66.000000000000000,7,2,1,7
2241,6089071,34,268341.609460891282652,1,84,83,28.088235294117649,19.306152093322975,955.000000000000000,27,12,1,24
2242,6089075,2,15784.800556523015985,23,31,8,27.000000000000000,4.000000000000000,54.000000000000000,2,23,23,23
2243,6089077,16,126278.404452184127877,1,15,14,9.437500000000000,4.242180306163330,151.000000000000000,10,14,1,9
2244,6089079,1,7892.400278261507992,10,10,0,10.000000000000000,0.000000000000000,10.000000000000000,1,10,10,10
2245,6089081,4,31569.601113046031969,2,22,20,10.750000000000000,8.525696452489967,43.000000000000000,4,2,2,3
2246,6089083,45,355158.012521767872386,1,32,31,13.222222222222221,8.524184910890996,595.000000000000000,23,10,3,12
2247,6089085,6,47354.401669569051592,4,12,8,6.666666666666667,3.448026810929533,40.000000000000000,4,4,5,4
2248,6089087,7,55246.801947830557765,3,21,18,10.857142857142858,6.663945022680342,76.000000000000000,5,8,3,8
2249,6089089,5,39462.001391307538142,9,14,5,11.800000000000001,1.939071942966529,59.000000000000000,3,11,9,11
2250,6089091,6,47354.401669569051592,3,15,12,10.000000000000000,4.864839839775475,60.000000000000000,5,14,3,10
2251,6089093,5,39462.001391307538142,3,7,4,6.000000000000000,1.549193338482967,30.000000000000000,3,7,3,7
2252,6089095,2,15784.800556523015985,5,17,12,11.000000000000000,6.000000000000000,22.000000000000000,2,5,5,5
2253,6089097,5,39462.001391307538142,4,15,11,9.400000000000000,4.715930449020639,47.000000000000000,4,4,10,10
2254,6089101,12,94708.803339138103183,5,23,18,12.333333333333334,5.542763049438629,148.000000000000000,10,8,5,10
2255,6089107,1,7892.400278261507992,11,11,0,11.000000000000000,0.000000000000000,11.000000000000000,1,11,11,11
2256,6089109,11,86816.403060876589734,4,21,17,8.000000000000000,4.631905164675271,88.000000000000000,8,6,5,6
2257,6089113,28,220987.207791322231060,1,22,21,7.035714285714286,5.088377111874970,197.000000000000000,13,7,9,6
2258,6089115,3,23677.200834784525796,5,16,11,9.000000000000000,4.966554808583780,27.000000000000000,3,5,5,6
2259,6089593,3,23677.200834784525796,10,25,15,16.333333333333332,6.342099196813485,49.000000000000000,3,10,10,14
2260,6089595,12,94708.803339138103183,2,13,11,4.833333333333333,3.647678104706548,58.000000000000000,7,2,4,3
2261,6089597,10,78924.002782615076285,6,11,5,7.600000000000000,1.356465996625053,76.000000000000000,4,8,11,7
2262,6089599,8,63139.202226092063938,7,18,11,13.500000000000000,4.062019202317980,108.000000000000000,6,7,13,14
2263,6089601,18,142063.205008707154775,5,30,25,19.111111111111111,9.236936053384857,344.000000000000000,12,6,5,19
2264,6089603,18,142063.205008707154775,4,14,10,9.944444444444445,3.135322457671657,179.000000000000000,10,10,4,10
2265,6089605,29,228879.608069583744509,4,29,25,13.827586206896552,8.246499635758701,401.000000000000000,16,4,6,11
2266,6089607,2,15784.800556523015985,7,10,3,8.500000000000000,1.500000000000000,17.000000000000000,2,7,7,7
2267,6089609,11,86816.403060876589734,3,13,10,6.545454545454546,2.934547707557995,72.000000000000000,7,7,6,7
2268,6089611,22,173632.806121753179468,3,25,22,9.863636363636363,6.297874493866630,217.000000000000000,11,4,7,8
2269,6089613,2,15784.800556523015985,13,19,6,16.000000000000000,3.000000000000000,32.000000000000000,2,13,13,13
2270,6089615,12,94708.803339138103183,4,13,9,8.500000000000000,3.175426480542942,102.000000000000000,7,6,4,6
2271,6089617,21,165740.405843491666019,1,10,9,5.571428571428571,2.037071393924519,117.000000000000000,8,6,1,6
2272,6089619,2,15784.800556523015985,4,9,5,6.500000000000000,2.500000000000000,13.000000000000000,2,4,4,4
2273,6089621,20,157848.005565230152570,2,32,30,13.300000000000001,8.521150157109073,266.000000000000000,14,6,4,12
2274,6089623,16,126278.404452184127877,5,34,29,21.437500000000000,9.823242527292095,343.000000000000000,10,8,5,22
2275,6089625,11,86816.403060876589734,5,16,11,8.636363636363637,2.837179369877679,95.000000000000000,6,8,7,8
2276,6089627,19,149955.605286968639120,3,37,34,11.789473684210526,7.345452924793685,224.000000000000000,11,8,3,10
2277,6089629,1,7892.400278261507992,14,14,0,14.000000000000000,0.000000000000000,14.000000000000000,1,14,14,14
2278,6089631,3,23677.200834784525796,3,6,3,4.333333333333333,1.247219128924648,13.000000000000000,3,3,3,4
2279,6089633,17,134170.804730445641326,4,13,9,8.529411764705882,2.569450549157830,145.000000000000000,8,7,9,8
2280,6089635,13,102601.203617399602081,4,18,14,12.000000000000000,4.260733053577301,156.000000000000000,8,6,4,13
2281,6089637,3,23677.200834784525796,15,21,6,17.666666666666668,2.494438257849292,53.000000000000000,3,15,15,17
2282,6089639,8,63139.202226092063938,9,23,14,17.250000000000000,4.763139720814412,138.000000000000000,7,13,9,17
2283,6089641,17,134170.804730445641326,3,20,17,10.470588235294118,4.420775112483749,178.000000000000000,12,3,6,10
2284,6089643,10,78924.002782615076285,4,14,10,8.600000000000000,3.231098884280702,86.000000000000000,9,6,4,8
2285,6089645,3,23677.200834784525796,4,27,23,17.333333333333332,9.741092797468307,52.000000000000000,3,4,4,21
2286,6089647,12,94708.803339138103183,4,11,7,6.916666666666667,2.396467307424734,83.000000000000000,7,5,6,6
2287,6089649,13,102601.203617399602081,3,16,13,8.230769230769230,3.905693007626494,107.000000000000000,9,3,4,7
2288,6089651,2,15784.800556523015985,5,14,9,9.500000000000000,4.500000000000000,19.000000000000000,2,5,5,5
2289,6089653,14,110493.603895661115530,2,24,22,13.071428571428571,5.969736602400547,183.000000000000000,13,12,2,12
2290,6089655,9,71031.602504353577388,9,24,15,13.888888888888889,4.228066131208989,125.000000000000000,8,15,9,13
2291,6089657,10,78924.002782615076285,3,17,14,8.500000000000000,4.780167361086848,85.000000000000000,7,5,3,6
2292,6089659,16,126278.404452184127877,3,14,11,8.812500000000000,3.711784442825310,141.000000000000000,7,12,6,11
2293,6089661,4,31569.601113046031969,6,15,9,8.500000000000000,3.774917217635375,34.000000000000000,3,6,7,6
2294,6089663,12,94708.803339138103183,1,19,18,7.833333333333333,4.258977446393547,94.000000000000000,7,6,1,6
2295,6089665,21,165740.405843491666019,1,24,23,11.238095238095237,6.632565846278152,236.000000000000000,15,5,1,12
2296,6089667,1,7892.400278261507992,2,2,0,2.000000000000000,0.000000000000000,2.000000000000000,1,2,2,2
2297,6089669,11,86816.403060876589734,2,13,11,7.181818181818182,3.973049706074938,79.000000000000000,8,2,3,6
2298,6089671,10,78924.002782615076285,4,22,18,13.300000000000001,5.967411499134276,133.000000000000000,10,4,4,13
2299,6089673,20,157848.005565230152570,2,34,32,17.100000000000001,10.889903580840372,342.000000000000000,15,3,2,19
2300,6089675,10,78924.002782615076285,9,30,21,22.699999999999999,6.356886030125130,227.000000000000000,9,26,9,24
2301,6089677,18,142063.205008707154775,2,25,23,12.611111111111111,7.439675089148636,227.000000000000000,13,14,4,13
2302,6089685,6,47354.401669569051592,6,13,7,10.500000000000000,2.291287847477920,63.000000000000000,4,10,6,10
2303,6089687,10,78924.002782615076285,6,16,10,10.900000000000000,3.144837038703276,109.000000000000000,7,9,6,10
2304,6089689,1,7892.400278261507992,3,3,0,3.000000000000000,0.000000000000000,3.000000000000000,1,3,3,3
2305,6089691,13,102601.203617399602081,3,16,13,11.000000000000000,4.506405697192864,143.000000000000000,9,16,3,12
2306,6089693,16,126278.404452184127877,1,16,15,5.437500000000000,3.259001956120922,87.000000000000000,7,4,1,4
2307,6089695,8,63139.202226092063938,8,16,8,11.000000000000000,2.500000000000000,88.000000000000000,6,10,8,10
2308,6089697,15,118386.004173922614427,1,10,9,4.533333333333333,2.704728370013439,68.000000000000000,8,2,1,4
2309,6089699,5,39462.001391307538142,1,13,12,7.600000000000000,4.586937976471886,38.000000000000000,5,1,1,8
2310,6089701,5,39462.001391307538142,7,16,9,10.800000000000001,3.487119154832538,54.000000000000000,4,7,11,11
2311,6089703,14,110493.603895661115530,2,18,16,11.642857142857142,5.339972483304477,163.000000000000000,10,4,2,11
2312,6089705,13,102601.203617399602081,10,40,30,21.461538461538460,10.659884431581544,279.000000000000000,10,12,10,18
2313,6089707,2,15784.800556523015985,10,11,1,10.500000000000000,0.500000000000000,21.000000000000000,2,10,10,10
2314,6089709,16,126278.404452184127877,3,12,9,7.375000000000000,2.934173648576376,118.000000000000000,8,4,3,7
2315,6089711,4,31569.601113046031969,3,10,7,7.750000000000000,2.772634126602354,31.000000000000000,3,9,3,9
2316,6089713,5,39462.001391307538142,1,16,15,6.800000000000000,6.368673331236264,34.000000000000000,4,2,1,2
2317,6089715,9,71031.602504353577388,5,30,25,15.000000000000000,8.137703743822469,135.000000000000000,7,11,5,11
2318,6089717,33,260449.209182629769202,1,17,16,9.454545454545455,4.090572376715269,312.000000000000000,13,8,1,8
2319,6089719,5,39462.001391307538142,8,13,5,10.000000000000000,2.097617696340303,50.000000000000000,4,8,9,9
2320,6089721,7,55246.801947830557765,5,19,14,12.571428571428571,4.836088822803074,88.000000000000000,7,5,5,13
2321,6089723,6,47354.401669569051592,4,14,10,8.666666666666666,3.399346342395191,52.000000000000000,5,8,4,8
2322,6089725,6,47354.401669569051592,7,18,11,11.166666666666666,3.890872509976251,67.000000000000000,5,7,10,10
2323,6089727,20,157848.005565230152570,1,32,31,8.750000000000000,8.389725859645237,175.000000000000000,13,3,4,5
2324,6089729,25,197310.006956537690712,1,9,8,5.040000000000000,1.969365380014588,126.000000000000000,9,4,1,5
2325,6089731,6,47354.401669569051592,6,16,10,10.833333333333334,3.131382371342654,65.000000000000000,6,6,6,10
2326,6089733,5,39462.001391307538142,5,9,4,7.200000000000000,1.326649916142161,36.000000000000000,4,7,5,7
2327,6089735,7,55246.801947830557765,3,14,11,7.428571428571429,4.337778985911137,52.000000000000000,5,4,3,6
2328,6089737,8,63139.202226092063938,1,4,3,2.125000000000000,1.165922381636102,17.000000000000000,3,1,4,2
2329,6089739,6,47354.401669569051592,4,18,14,13.000000000000000,4.864839839775475,78.000000000000000,4,14,4,14
2330,6089741,5,39462.001391307538142,8,38,30,23.199999999999999,10.777754868245985,116.000000000000000,4,28,8,28
2331,6089743,1,7892.400278261507992,1,1,0,1.000000000000000,0.000000000000000,1.000000000000000,1,1,1,1
2332,6089745,7,55246.801947830557765,5,20,15,10.571428571428571,5.122977450583175,74.000000000000000,6,10,5,10
2333,6089747,6,47354.401669569051592,1,24,23,7.666666666666667,7.717224601860150,46.000000000000000,6,1,1,4
2334,6089749,7,55246.801947830557765,2,13,11,7.285714285714286,3.614031611621005,51.000000000000000,6,6,2,6
2335,6089751,8,63139.202226092063938,2,31,29,16.375000000000000,8.061288668693114,131.000000000000000,7,11,2,16
2336,6089753,14,110493.603895661115530,2,16,14,8.785714285714286,4.020990841439304,123.000000000000000,10,7,2,7
2337,6089755,11,86816.403060876589734,7,19,12,13.363636363636363,3.523240431832018,147.000000000000000,9,15,7,15
2338,6089757,25,197310.006956537690712,2,31,29,10.160000000000000,7.368473383272820,254.000000000000000,16,4,2,7
2339,6089759,11,86816.403060876589734,1,36,35,12.090909090909092,11.919842474970009,133.000000000000000,8,3,1,6
2340,6089761,10,78924.002782615076285,1,8,7,5.000000000000000,2.236067977499790,50.000000000000000,7,4,1,5
2341,6089763,28,220987.207791322231060,5,23,18,10.750000000000000,4.874313138425616,301.000000000000000,14,7,10,9
2342,6089765,11,86816.403060876589734,1,16,15,10.727272727272727,4.900666171615839,118.000000000000000,8,16,1,12
2343,6089767,7,55246.801947830557765,5,10,5,7.714285714285714,2.050385727772476,54.000000000000000,4,10,5,7
2344,6089769,1,7892.400278261507992,2,2,0,2.000000000000000,0.000000000000000,2.000000000000000,1,2,2,2
2345,6089771,1,7892.400278261507992,4,4,0,4.000000000000000,0.000000000000000,4.000000000000000,1,4,4,4
2346,6089773,6,47354.401669569051592,6,13,7,9.000000000000000,2.581988897471611,54.000000000000000,5,6,8,8
2347,6089775,5,39462.001391307538142,4,13,9,7.000000000000000,3.346640106136302,35.000000000000000,4,4,6,6
2348,6089777,24,189417.606678276206367,1,34,33,9.875000000000000,9.862861738190730,237.000000000000000,15,4,3,5
2349,6089779,3,23677.200834784525796,5,9,4,7.666666666666667,1.885618083164126,23.000000000000000,2,9,5,9
2350,6089781,1,7892.400278261507992,13,13,0,13.000000000000000,0.000000000000000,13.000000000000000,1,13,13,13
2351,6089783,3,23677.200834784525796,2,5,3,3.000000000000000,1.414213562373095,9.000000000000000,2,2,5,2
2352,6089785,4,31569.601113046031969,4,7,3,5.750000000000000,1.089724735885168,23.000000000000000,3,6,4,6
2353,6089789,13,102601.203617399602081,1,7,6,2.615384615384615,1.443204849176440,34.000000000000000,4,2,7,2
2354,6089791,2,15784.800556523015985,2,4,2,3.000000000000000,1.000000000000000,6.000000000000000,2,2,2,2
2355,6089793,18,142063.205008707154775,2,23,21,7.722222222222222,5.299953412327273,139.000000000000000,11,7,2,7
2356,6089795,11,86816.403060876589734,2,9,7,5.272727272727272,2.092884442403879,58.000000000000000,8,3,2,5
2357,6089797,12,94708.803339138103183,2,33,31,18.000000000000000,9.504384952922168,216.000000000000000,9,2,11,17
2358,6089799,25,197310.006956537690712,4,13,9,8.320000000000000,2.810266891240048,208.000000000000000,10,8,9,8
2359,6089801,10,78924.002782615076285,5,13,8,8.500000000000000,2.247220505424423,85.000000000000000,8,8,5,8
2360,6089803,6,47354.401669569051592,1,17,16,4.166666666666667,5.756638679723515,25.000000000000000,3,2,17,2
2361,6089805,8,63139.202226092063938,1,5,4,3.000000000000000,1.414213562373095,24.000000000000000,5,2,1,2
2362,6089807,12,94708.803339138103183,5,28,23,16.083333333333332,6.251111012363236,193.000000000000000,11,14,5,14
2363,6089809,7,55246.801947830557765,1,6,5,3.428571428571428,1.678191446352962,24.000000000000000,5,2,1,4
2364,6089811,19,149955.605286968639120,1,10,9,4.105263157894737,2.531792309643304,78.000000000000000,8,2,8,3
2365,6089813,14,110493.603895661115530,3,14,11,7.571428571428571,3.416645926600399,106.000000000000000,9,5,3,7
2366,6089815,21,165740.405843491666019,5,26,21,10.761904761904763,4.868800203284287,226.000000000000000,10,15,7,10
2367,6089817,28,220987.207791322231060,2,17,15,8.857142857142858,4.180860179046254,248.000000000000000,15,5,2,9
2368,6089819,8,63139.202226092063938,4,13,9,10.000000000000000,2.872281323269014,80.000000000000000,5,12,4,10
2369,6089821,3,23677.200834784525796,6,28,22,19.333333333333332,9.568466729604884,58.000000000000000,3,6,6,24
2370,6089823,19,149955.605286968639120,3,16,13,8.526315789473685,3.282624448318458,162.000000000000000,11,6,3,8
2371,6089825,1,7892.400278261507992,16,16,0,16.000000000000000,0.000000000000000,16.000000000000000,1,16,16,16
2372,6089827,7,55246.801947830557765,4,30,26,15.857142857142858,10.133798771981828,111.000000000000000,7,4,4,12
2373,6089829,8,63139.202226092063938,18,32,14,24.875000000000000,4.910129835350589,199.000000000000000,7,22,18,22
2374,6089831,15,118386.004173922614427,3,22,19,10.866666666666667,5.987394165151388,163.000000000000000,9,10,4,10
2375,6089833,12,94708.803339138103183,1,21,20,8.583333333333334,5.423073134507981,103.000000000000000,9,7,1,7
2376,6089835,3,23677.200834784525796,4,10,6,6.000000000000000,2.828427124746190,18.000000000000000,2,4,10,4
2377,6089837,7,55246.801947830557765,3,26,23,10.142857142857142,8.675557971822274,71.000000000000000,6,4,3,5
2378,6089839,12,94708.803339138103183,7,13,6,9.750000000000000,2.240721609958126,117.000000000000000,5,8,7,9
2379,6089841,17,134170.804730445641326,1,35,34,9.294117647058824,8.455869565207722,158.000000000000000,8,5,13,5
2380,6089843,5,39462.001391307538142,4,19,15,16.000000000000000,6.000000000000000,80.000000000000000,2,19,4,19
2381,6089845,16,126278.404452184127877,4,19,15,11.375000000000000,4.594493987372276,182.000000000000000,9,11,5,11
2382,6089847,10,78924.002782615076285,1,26,25,12.100000000000000,7.879720807236764,121.000000000000000,8,1,5,11
2383,6089849,22,173632.806121753179468,2,17,15,8.772727272727273,3.301952840666182,193.000000000000000,11,10,2,8
2384,6089851,10,78924.002782615076285,2,28,26,7.000000000000000,8.049844718999243,70.000000000000000,5,3,9,3
2385,6089853,3,23677.200834784525796,29,38,9,32.000000000000000,4.242640687119285,96.000000000000000,2,29,38,29
2386,6089855,6,47354.401669569051592,2,19,17,8.833333333333334,5.983774357005413,53.000000000000000,5,2,8,8
2387,6089857,4,31569.601113046031969,1,27,26,8.000000000000000,10.977249200050075,32.000000000000000,3,2,1,2
2388,6089859,6,47354.401669569051592,1,20,19,7.333333333333333,6.599663291074444,44.000000000000000,5,1,5,5
2389,6089861,4,31569.601113046031969,17,27,10,23.750000000000000,4.085033659592048,95.000000000000000,3,27,17,24
2390,6089863,24,189417.606678276206367,1,34,33,10.416666666666666,8.967146827292515,250.000000000000000,14,5,1,6
2391,6089865,27,213094.807513060717611,1,18,17,9.148148148148149,3.787931163124621,247.000000000000000,14,8,1,8
2392,6089867,3,23677.200834784525796,2,5,3,3.000000000000000,1.414213562373095,9.000000000000000,2,2,5,2
2393,6089871,2,15784.800556523015985,3,3,0,3.000000000000000,0.000000000000000,6.000000000000000,1,3,3,3
2394,6089873,12,94708.803339138103183,6,24,18,13.250000000000000,4.455801461764950,159.000000000000000,9,11,6,13
2395,6089875,44,347265.612243506358936,1,39,38,13.659090909090908,8.816160733711962,601.000000000000000,24,5,1,10
2396,6089877,66,520898.418365259538405,2,18,16,8.363636363636363,4.092255670633153,552.000000000000000,16,8,18,8
2397,6089879,10,78924.002782615076285,4,21,17,9.300000000000001,5.254521862167859,93.000000000000000,7,6,4,6
2398,6089881,5,39462.001391307538142,4,32,28,19.199999999999999,10.419213022104886,96.000000000000000,5,4,4,21
2399,6089883,26,205202.407234799204161,1,27,26,12.230769230769230,7.281735276639303,318.000000000000000,15,1,2,11
2400,6089885,12,94708.803339138103183,4,31,27,13.250000000000000,8.535465228484425,159.000000000000000,12,4,4,10
2401,6089887,12,94708.803339138103183,2,18,16,10.083333333333334,4.889756867393532,121.000000000000000,10,9,2,9
2402,6089891,11,86816.403060876589734,10,39,29,21.818181818181817,7.637445810766629,240.000000000000000,10,24,10,22
2403,6089893,14,110493.603895661115530,2,26,24,13.071428571428571,5.812109104696673,183.000000000000000,10,13,2,13
2404,6089895,8,63139.202226092063938,2,16,14,8.375000000000000,4.973366566019441,67.000000000000000,8,2,2,6
2405,6089897,6,47354.401669569051592,1,15,14,4.333333333333333,4.887626099538394,26.000000000000000,5,1,2,2
2406,6089899,5,39462.001391307538142,17,33,16,24.199999999999999,5.114684741017772,121.000000000000000,4,24,17,24
2407,6089901,1,7892.400278261507992,3,3,0,3.000000000000000,0.000000000000000,3.000000000000000,1,3,3,3
2408,6089905,1,7892.400278261507992,7,7,0,7.000000000000000,0.000000000000000,7.000000000000000,1,7,7,7
2409,6089907,7,55246.801947830557765,7,27,20,13.285714285714286,6.860118402024553,93.000000000000000,6,7,8,12
2410,6089909,3,23677.200834784525796,10,15,5,13.000000000000000,2.160246899469287,39.000000000000000,3,10,10,14
2411,6089911,2,15784.800556523015985,5,16,11,10.500000000000000,5.500000000000000,21.000000000000000,2,5,5,5
2412,6089913,24,189417.606678276206367,1,21,20,5.291666666666667,5.310988347023764,127.000000000000000,10,1,10,3
2413,6089915,14,110493.603895661115530,15,32,17,24.000000000000000,5.099019513592784,336.000000000000000,10,29,15,24
2414,6089917,15,118386.004173922614427,12,20,8,15.800000000000001,2.256841450641429,237.000000000000000,6,14,12,16
2415,6089919,20,157848.005565230152570,3,42,39,15.900000000000000,11.445086281894078,318.000000000000000,16,7,3,11
2416,6089921,11,86816.403060876589734,6,24,18,17.181818181818183,6.191169397811425,189.000000000000000,8,13,6,18
2417,6089925,2,15784.800556523015985,12,13,1,12.500000000000000,0.500000000000000,25.000000000000000,2,12,12,12
2418,6089927,6,47354.401669569051592,5,13,8,7.666666666666667,2.981423969999719,46.000000000000000,3,5,13,5
2419,6089929,9,71031.602504353577388,1,25,24,11.777777777777779,7.450246495217870,106.000000000000000,9,1,1,11
2420,6089931,8,63139.202226092063938,4,35,31,13.625000000000000,9.472822968893697,109.000000000000000,5,14,4,14
2421,6089933,4,31569.601113046031969,6,17,11,10.250000000000000,4.322904116447646,41.000000000000000,4,6,6,7
2422,6089935,6,47354.401669569051592,16,30,14,21.500000000000000,5.315072906367325,129.000000000000000,5,16,19,19
2423,6089937,17,134170.804730445641326,3,14,11,6.352941176470588,3.198182875074867,108.000000000000000,8,3,6,5
2424,6089939,16,126278.404452184127877,1,20,19,11.250000000000000,4.968651728587948,180.000000000000000,12,13,1,13
2425,6089941,5,39462.001391307538142,5,33,28,15.600000000000000,11.128342194594845,78.000000000000000,4,5,11,11
2426,6089945,14,110493.603895661115530,4,20,16,9.857142857142858,4.453844933748540,138.000000000000000,7,7,12,10
2427,6089947,5,39462.001391307538142,6,16,10,11.800000000000001,4.399999999999999,59.000000000000000,4,16,6,14
2428,6089949,11,86816.403060876589734,5,17,12,12.636363636363637,3.699452718068328,139.000000000000000,8,17,5,13
2429,6089951,6,47354.401669569051592,2,8,6,4.500000000000000,2.362907813126304,27.000000000000000,5,2,3,3
2430,6089953,10,78924.002782615076285,1,17,16,9.600000000000000,6.135144660071187,96.000000000000000,7,2,1,7
2431,6089955,16,126278.404452184127877,4,31,27,11.187500000000000,7.827984654430539,179.000000000000000,11,6,4,8
2432,6089957,12,94708.803339138103183,8,28,20,18.166666666666668,7.414325473178407,218.000000000000000,11,28,8,16
2433,6089959,8,63139.202226092063938,13,32,19,21.375000000000000,5.633327169621874,171.000000000000000,6,17,13,21
2434,6089961,17,134170.804730445641326,3,24,21,11.294117647058824,5.506837523985153,192.000000000000000,9,11,3,10
2435,6089963,12,94708.803339138103183,1,18,17,8.750000000000000,5.903741751352837,105.000000000000000,10,6,1,6
2436,6089965,15,118386.004173922614427,3,19,16,9.266666666666667,5.169998925424345,139.000000000000000,10,3,4,9
2437,6089967,13,102601.203617399602081,6,18,12,10.461538461538462,3.608012122941100,136.000000000000000,9,13,8,10
2438,6089969,22,173632.806121753179468,2,15,13,7.500000000000000,3.407878572313920,165.000000000000000,12,8,2,7
2439,6089971,14,110493.603895661115530,4,14,10,8.714285714285714,3.103651568914348,122.000000000000000,8,9,4,8
2440,6089973,7,55246.801947830557765,2,11,9,7.428571428571429,3.200765214629726,52.000000000000000,4,5,2,9
2441,6089975,13,102601.203617399602081,4,37,33,15.307692307692308,10.512883051721424,199.000000000000000,9,8,7,13
2442,6089977,11,86816.403060876589734,8,35,27,22.272727272727273,8.169687977694897,245.000000000000000,9,19,8,24
2443,6089979,19,149955.605286968639120,2,21,19,9.368421052631579,4.415409932876704,178.000000000000000,11,5,2,9
2444,6089981,15,118386.004173922614427,3,17,14,8.600000000000000,3.946306289852999,129.000000000000000,7,7,5,8
2445,6089983,21,165740.405843491666019,1,17,16,5.857142857142857,4.120630029101703,123.000000000000000,12,5,4,5
2446,6089985,14,110493.603895661115530,9,21,12,15.428571428571429,3.994894701174162,216.000000000000000,9,9,13,15
2447,6089987,16,126278.404452184127877,3,12,9,6.125000000000000,2.368411915187052,98.000000000000000,7,6,9,6
2448,6089989,21,165740.405843491666019,3,13,10,6.904761904761905,2.524258720133060,145.000000000000000,8,5,3,7
2449,6089991,29,228879.608069583744509,2,23,21,8.655172413793103,5.634107107724167,251.000000000000000,14,2,4,8
2450,6089993,3,23677.200834784525796,13,17,4,14.333333333333334,1.885618083164123,43.000000000000000,2,13,17,13
2451,6089995,15,118386.004173922614427,2,15,13,8.800000000000001,4.019950248448355,132.000000000000000,8,7,2,7
2452,6089997,10,78924.002782615076285,2,20,18,11.600000000000000,7.059745037889117,116.000000000000000,8,2,4,10
2453,6089999,5,39462.001391307538142,2,19,17,12.800000000000001,6.368673331236262,64.000000000000000,4,19,2,14
2454,6090001,40,315696.011130460305139,2,33,31,13.750000000000000,8.251515012408328,550.000000000000000,20,9,2,11
2455,6090003,13,102601.203617399602081,1,8,7,5.230769230769231,1.716608738801646,68.000000000000000,6,4,1,5
2456,6090005,7,55246.801947830557765,2,14,12,6.571428571428571,4.923910839889739,46.000000000000000,5,2,9,3
2457,6090007,1,7892.400278261507992,4,4,0,4.000000000000000,0.000000000000000,4.000000000000000,1,4,4,4
2458,6090009,11,86816.403060876589734,2,25,23,10.818181818181818,8.901666665377197,119.000000000000000,8,2,3,6
2459,6090013,31,244664.408626106742304,2,35,33,11.967741935483870,8.869970618446962,371.000000000000000,20,5,4,9
2460,6090015,15,118386.004173922614427,5,22,17,13.199999999999999,5.114684741017769,198.000000000000000,10,18,5,13
2461,6090017,13,102601.203617399602081,3,19,16,9.461538461538462,5.078088444338156,123.000000000000000,9,3,4,10
2462,6090019,24,189417.606678276206367,4,34,30,14.458333333333334,8.046630592296932,347.000000000000000,14,13,8,13
2463,6090021,23,181525.206400014692917,5,27,22,13.391304347826088,4.896663730539507,308.000000000000000,14,11,5,13
2464,6090023,21,165740.405843491666019,2,22,20,9.857142857142858,6.158893795895139,207.000000000000000,12,7,3,7
2465,6090025,6,47354.401669569051592,1,11,10,5.500000000000000,3.685557397915997,33.000000000000000,5,4,1,4
2466,6090027,5,39462.001391307538142,5,12,7,9.199999999999999,2.785677655436824,46.000000000000000,4,12,5,10
2467,6090029,9,71031.602504353577388,3,22,19,10.888888888888889,5.685155024651570,98.000000000000000,8,15,3,10
2468,6090031,7,55246.801947830557765,2,17,15,8.857142857142858,4.517539514526255,62.000000000000000,6,7,2,7
2469,6090033,21,165740.405843491666019,1,25,24,10.523809523809524,6.536484038285908,221.000000000000000,15,5,1,9
2470,6090035,16,126278.404452184127877,1,26,25,10.312500000000000,6.583300369115783,165.000000000000000,10,8,1,8
2471,6090037,16,126278.404452184127877,1,27,26,15.562500000000000,7.631912850000320,249.000000000000000,11,6,1,16
2472,6090039,14,110493.603895661115530,3,23,20,10.928571428571429,6.099933087622305,153.000000000000000,10,5,7,12
2473,6090041,16,126278.404452184127877,2,42,40,17.687500000000000,10.861162173082585,283.000000000000000,15,26,2,16
2474,6090043,25,197310.006956537690712,4,21,17,13.039999999999999,5.007833863058957,326.000000000000000,14,17,7,14
2475,6090045,1,7892.400278261507992,4,4,0,4.000000000000000,0.000000000000000,4.000000000000000,1,4,4,4
2476,6090047,9,71031.602504353577388,3,10,7,7.222222222222222,2.528845928164676,65.000000000000000,5,8,6,8
2477,6090049,15,118386.004173922614427,4,30,26,13.333333333333334,8.599741598185119,200.000000000000000,12,4,5,10
2478,6090051,3,23677.200834784525796,4,15,11,9.000000000000000,4.546060565661952,27.000000000000000,3,4,4,8
2479,6090053,6,47354.401669569051592,2,20,18,8.166666666666666,6.413960468297953,49.000000000000000,5,3,2,3
2480,6090055,17,134170.804730445641326,3,16,13,8.117647058823529,3.660317455553893,138.000000000000000,11,4,3,7
2481,6090057,8,63139.202226092063938,6,12,6,10.125000000000000,1.763341997458236,81.000000000000000,5,11,6,11
2482,6090059,5,39462.001391307538142,7,27,20,15.000000000000000,6.663332499583072,75.000000000000000,5,7,7,13
2483,6090061,14,110493.603895661115530,3,24,21,13.714285714285714,6.329393690535922,192.000000000000000,10,8,3,11
2484,6090063,2,15784.800556523015985,11,17,6,14.000000000000000,3.000000000000000,28.000000000000000,2,11,11,11
2485,6090065,1,7892.400278261507992,1,1,0,1.000000000000000,0.000000000000000,1.000000000000000,1,1,1,1
2486,6090069,21,165740.405843491666019,1,20,19,8.523809523809524,6.344244092606775,179.000000000000000,12,2,3,7
2487,6090071,17,134170.804730445641326,7,24,17,12.705882352941176,4.649664198910472,216.000000000000000,11,11,8,11
2488,6090073,12,94708.803339138103183,5,13,8,9.166666666666666,3.050500869620522,110.000000000000000,6,5,9,8
2489,6090075,6,47354.401669569051592,1,21,20,11.333333333333334,6.944222218666551,68.000000000000000,5,16,1,9
2490,6090077,1,7892.400278261507992,10,10,0,10.000000000000000,0.000000000000000,10.000000000000000,1,10,10,10
2491,6090079,14,110493.603895661115530,2,16,14,8.928571428571429,5.006628259678587,125.000000000000000,9,3,2,10
2492,6090081,10,78924.002782615076285,4,14,10,9.199999999999999,3.310589071449370,92.000000000000000,5,4,4,9
2493,6090083,12,94708.803339138103183,2,10,8,5.250000000000000,2.313907229485804,63.000000000000000,8,3,2,5
2494,6090085,11,86816.403060876589734,1,16,15,9.909090909090908,4.055401458762812,109.000000000000000,9,10,1,10
2495,6090087,17,134170.804730445641326,1,54,53,20.941176470588236,17.870352010211164,356.000000000000000,15,3,1,17
2496,6090089,10,78924.002782615076285,1,17,16,10.699999999999999,5.177837386399848,107.000000000000000,8,10,1,10
2497,6090091,4,31569.601113046031969,8,16,8,11.000000000000000,3.316624790355400,44.000000000000000,3,8,12,8
2498,6090093,17,134170.804730445641326,4,19,15,10.352941176470589,4.969805020090452,176.000000000000000,12,5,4,9
2499,6090095,8,63139.202226092063938,3,22,19,13.750000000000000,6.722164829874376,110.000000000000000,7,18,3,16
2500,6090097,7,55246.801947830557765,5,23,18,15.428571428571429,6.230274996387579,108.000000000000000,6,13,5,13
2501,6090099,21,165740.405843491666019,4,18,14,11.809523809523810,4.249583146156780,248.000000000000000,10,10,4,10
2502,6090101,5,39462.001391307538142,11,56,45,24.600000000000001,16.475436261295176,123.000000000000000,4,15,11,15
2503,6090103,3,23677.200834784525796,2,33,31,19.000000000000000,12.832251036613439,57.000000000000000,3,2,2,22
2504,6090105,3,23677.200834784525796,3,10,7,6.333333333333333,2.867441755680876,19.000000000000000,3,3,3,6
2505,6090109,5,39462.001391307538142,7,28,21,16.800000000000001,7.573638491504594,84.000000000000000,5,7,7,18
2506,6090111,6,47354.401669569051592,6,18,12,12.333333333333334,3.681787005729085,74.000000000000000,5,12,6,12
2507,6090113,17,134170.804730445641326,4,23,19,13.764705882352942,5.263966428516963,234.000000000000000,12,17,4,14
2508,6090115,2,15784.800556523015985,11,19,8,15.000000000000000,4.000000000000000,30.000000000000000,2,11,11,11
2509,6090117,1,7892.400278261507992,8,8,0,8.000000000000000,0.000000000000000,8.000000000000000,1,8,8,8
2510,6090119,15,118386.004173922614427,5,19,14,11.400000000000000,4.192055979269997,171.000000000000000,10,5,8,12
2511,6090121,20,157848.005565230152570,3,30,27,14.250000000000000,6.854742883580681,285.000000000000000,14,20,3,14
2512,6090123,3,23677.200834784525796,9,26,17,16.333333333333332,7.133644853010900,49.000000000000000,3,9,9,14
2513,6090125,15,118386.004173922614427,9,25,16,16.133333333333333,3.844765561412326,242.000000000000000,9,18,9,17
2514,6090127,15,118386.004173922614427,7,24,17,15.066666666666666,5.709251750935104,226.000000000000000,12,12,7,13
2515,6090129,5,39462.001391307538142,4,25,21,15.199999999999999,8.953211714239757,76.000000000000000,5,4,4,19
2516,6090131,5,39462.001391307538142,6,11,5,9.400000000000000,1.854723699099140,47.000000000000000,4,11,6,10
2517,6090133,14,110493.603895661115530,3,25,22,12.928571428571429,5.812109104696673,181.000000000000000,11,12,3,12
2518,6090135,13,102601.203617399602081,4,41,37,14.461538461538462,11.900972065116132,188.000000000000000,10,4,6,9
2519,6090149,5,39462.001391307538142,5,24,19,16.399999999999999,6.374950980203692,82.000000000000000,4,19,5,19
2520,6090151,15,118386.004173922614427,4,15,11,9.000000000000000,3.141125063837266,135.000000000000000,11,6,4,9
2521,6090153,3,23677.200834784525796,9,24,15,18.666666666666668,6.847546194724709,56.000000000000000,3,9,9,23
2522,6090155,7,55246.801947830557765,1,7,6,3.285714285714286,1.829464067837957,23.000000000000000,5,2,1,3
2523,6090157,24,189417.606678276206367,6,25,19,15.875000000000000,4.361885104707214,381.000000000000000,13,18,6,15
2524,6090159,25,197310.006956537690712,4,28,24,16.800000000000001,7.076722405181653,420.000000000000000,19,22,4,18
2525,6090161,7,55246.801947830557765,1,8,7,3.571428571428572,2.321153829895989,25.000000000000000,5,2,1,3
2526,6090163,12,94708.803339138103183,1,25,24,13.750000000000000,8.397668327180666,165.000000000000000,8,10,1,10
2527,6090165,5,39462.001391307538142,20,30,10,25.199999999999999,3.544009029333875,126.000000000000000,5,20,20,25
2528,6090167,8,63139.202226092063938,3,19,16,12.000000000000000,4.769696007084728,96.000000000000000,5,14,3,14
2529,6090169,12,94708.803339138103183,6,18,12,11.666666666666666,3.590109871423004,140.000000000000000,9,10,6,10
2530,6090171,16,126278.404452184127877,2,25,23,11.750000000000000,7.411983540186797,188.000000000000000,11,2,8,9
2531,6090173,11,86816.403060876589734,3,26,23,14.363636363636363,7.535042103673491,158.000000000000000,9,6,3,17
2532,6090175,8,63139.202226092063938,1,20,19,8.750000000000000,6.666145812986692,70.000000000000000,6,1,4,6
2533,6090177,16,126278.404452184127877,1,18,17,7.312500000000000,5.288179625353133,117.000000000000000,10,9,3,8
2534,6090179,8,63139.202226092063938,3,22,19,12.750000000000000,5.825590098865522,102.000000000000000,6,10,3,11
2535,6090181,21,165740.405843491666019,3,41,38,16.952380952380953,9.633652279163270,356.000000000000000,14,6,3,16
2536,6090183,10,78924.002782615076285,4,34,30,19.199999999999999,9.442457307290303,192.000000000000000,8,21,4,21
2537,6090185,31,244664.408626106742304,1,29,28,10.709677419354838,7.646182047005010,332.000000000000000,15,4,2,8
2538,6090187,18,142063.205008707154775,5,18,13,10.777777777777779,3.951870943061941,194.000000000000000,10,10,6,10
2539,6090189,22,173632.806121753179468,1,18,17,10.000000000000000,4.134115273055299,220.000000000000000,13,8,1,9
2540,6090191,11,86816.403060876589734,2,20,18,10.090909090909092,5.664154361252804,111.000000000000000,10,8,2,8
2541,6090193,10,78924.002782615076285,1,16,15,7.400000000000000,5.063595560468864,74.000000000000000,7,3,1,4
2542,6090195,6,47354.401669569051592,5,18,13,8.666666666666666,4.606758320361751,52.000000000000000,4,6,5,6
2543,6090197,7,55246.801947830557765,1,17,16,8.142857142857142,6.266203485560374,57.000000000000000,5,2,1,7
2544,6090199,15,118386.004173922614427,1,24,23,10.866666666666667,6.119549729260225,163.000000000000000,12,14,1,10
2545,6090201,43,339373.211965244845487,2,20,18,9.488372093023257,4.843466436072489,408.000000000000000,17,5,7,9
2546,6090203,14,110493.603895661115530,1,30,29,12.357142857142858,8.190649222978454,173.000000000000000,13,24,1,10
2547,6090205,12,94708.803339138103183,1,21,20,11.250000000000000,7.875330680887840,135.000000000000000,9,1,7,11
2548,6090207,21,165740.405843491666019,4,30,26,13.523809523809524,5.341829966621013,284.000000000000000,12,14,4,14
2549,6090209,6,47354.401669569051592,6,14,8,10.333333333333334,2.687419249432847,62.000000000000000,5,9,6,9
2550,6090211,17,134170.804730445641326,2,17,15,8.352941176470589,3.645160796430509,142.000000000000000,10,10,4,9
2551,6090213,12,94708.803339138103183,5,15,10,9.000000000000000,2.857738033247041,108.000000000000000,7,7,10,9
2552,6090215,15,118386.004173922614427,1,25,24,15.600000000000000,7.657675887630658,234.000000000000000,11,25,1,16
2553,6090219,8,63139.202226092063938,2,17,15,8.125000000000000,5.109733358992424,65.000000000000000,6,2,10,5
2554,6090221,25,197310.006956537690712,8,39,31,22.160000000000000,7.958291273885369,554.000000000000000,16,14,8,22
2555,6090223,2,15784.800556523015985,5,19,14,12.000000000000000,7.000000000000000,24.000000000000000,2,5,5,5
2556,6090225,16,126278.404452184127877,3,31,28,15.562500000000000,8.971961533020524,249.000000000000000,10,3,9,15
2557,6090227,11,86816.403060876589734,8,23,15,15.909090909090908,4.357950841529777,175.000000000000000,7,18,13,17
2558,6090229,1,7892.400278261507992,10,10,0,10.000000000000000,0.000000000000000,10.000000000000000,1,10,10,10
2559,6090231,7,55246.801947830557765,3,18,15,12.428571428571429,5.602477586036452,87.000000000000000,6,18,3,15
2560,6090233,9,71031.602504353577388,5,22,17,12.666666666666666,6.182412330330469,114.000000000000000,9,5,5,12
2561,6090235,1,7892.400278261507992,14,14,0,14.000000000000000,0.000000000000000,14.000000000000000,1,14,14,14
2562,6090237,1,7892.400278261507992,12,12,0,12.000000000000000,0.000000000000000,12.000000000000000,1,12,12,12
2563,6090239,11,86816.403060876589734,1,31,30,15.636363636363637,8.260230321164034,172.000000000000000,7,10,1,12
2564,6090241,13,102601.203617399602081,3,16,13,10.461538461538462,3.973283560044603,136.000000000000000,10,13,3,12
2565,6090243,41,323588.411408721818589,1,21,20,9.634146341463415,5.958212604632266,395.000000000000000,18,5,2,8
2566,6090245,34,268341.609460891282652,2,26,24,9.147058823529411,6.713166838127874,311.000000000000000,18,2,3,7
2567,6090247,3,23677.200834784525796,16,24,8,21.333333333333332,3.771236166328257,64.000000000000000,2,24,16,24
2568,6090249,10,78924.002782615076285,9,34,25,21.199999999999999,10.097524449091472,212.000000000000000,8,9,10,17
2569,6090251,10,78924.002782615076285,11,34,23,21.399999999999999,6.814690014960332,214.000000000000000,7,19,11,19
2570,6090253,8,63139.202226092063938,5,16,11,9.625000000000000,3.998046397929869,77.000000000000000,7,5,6,9
2571,6090255,2,15784.800556523015985,14,19,5,16.500000000000000,2.500000000000000,33.000000000000000,2,14,14,14
2572,6090257,4,31569.601113046031969,2,12,10,5.750000000000000,3.897114317029974,23.000000000000000,4,2,2,3
2573,6090261,5,39462.001391307538142,10,17,7,12.000000000000000,2.607680962081059,60.000000000000000,4,10,11,11
2574,6090263,4,31569.601113046031969,4,10,6,7.500000000000000,2.179449471770337,30.000000000000000,3,8,4,8
2575,6090265,2,15784.800556523015985,4,11,7,7.500000000000000,3.500000000000000,15.000000000000000,2,4,4,4
2576,6090267,14,110493.603895661115530,2,31,29,15.285714285714286,9.742605778072864,214.000000000000000,11,4,2,15
2577,6090269,4,31569.601113046031969,9,23,14,17.000000000000000,5.099019513592784,68.000000000000000,4,9,9,17
2578,6090271,19,149955.605286968639120,1,24,23,12.736842105263158,5.865529143475803,242.000000000000000,13,14,1,13
2579,6090273,6,47354.401669569051592,3,8,5,5.166666666666667,1.771690968789107,31.000000000000000,5,4,3,4
2580,6090275,2,15784.800556523015985,13,14,1,13.500000000000000,0.500000000000000,27.000000000000000,2,13,13,13
2581,6090277,2,15784.800556523015985,4,9,5,6.500000000000000,2.500000000000000,13.000000000000000,2,4,4,4
2582,6090279,3,23677.200834784525796,13,17,4,14.333333333333334,1.885618083164123,43.000000000000000,2,13,17,13
2583,6090281,4,31569.601113046031969,9,17,8,12.000000000000000,3.316624790355400,48.000000000000000,3,9,13,9
2584,6090285,6,47354.401669569051592,3,22,19,11.833333333333334,7.840422324226050,71.000000000000000,5,5,3,5
2585,6090287,17,134170.804730445641326,1,13,12,5.470588235294118,3.927544466499671,93.000000000000000,9,2,8,4
2586,6090289,13,102601.203617399602081,3,25,22,8.461538461538462,6.209364944803251,110.000000000000000,9,3,5,6
2587,6090291,11,86816.403060876589734,4,13,9,9.090909090909092,3.287843876368204,100.000000000000000,7,13,4,10
2588,6090295,28,220987.207791322231060,1,20,19,7.535714285714286,5.728887593697793,211.000000000000000,14,8,6,5
2589,6090297,6,47354.401669569051592,1,18,17,8.333333333333334,6.018490028422596,50.000000000000000,5,1,8,8
2590,6090299,4,31569.601113046031969,4,17,13,11.000000000000000,5.612486080160912,44.000000000000000,4,4,4,7
2591,6090301,4,31569.601113046031969,4,10,6,7.000000000000000,2.236067977499790,28.000000000000000,4,4,4,6
2592,6090303,2,15784.800556523015985,3,7,4,5.000000000000000,2.000000000000000,10.000000000000000,2,3,3,3
2593,6090305,3,23677.200834784525796,4,19,15,11.333333333333334,6.128258770283411,34.000000000000000,3,4,4,11
2594,6090307,2,15784.800556523015985,7,12,5,9.500000000000000,2.500000000000000,19.000000000000000,2,7,7,7
2595,6776475,17,134170.804730445641326,1,20,19,6.882352941176471,4.156955233895236,117.000000000000000,10,9,1,7
2596,6776485,5,39462.001391307538142,2,9,7,6.600000000000000,2.576819745345026,33.000000000000000,4,9,2,7
2597,6776487,12,94708.803339138103183,1,11,10,6.500000000000000,3.149073937948530,78.000000000000000,8,4,1,6
2598,6776513,2,15784.800556523015985,4,8,4,6.000000000000000,2.000000000000000,12.000000000000000,2,4,4,4
2599,6776537,13,102601.203617399602081,1,11,10,4.846153846153846,2.412982637132020,63.000000000000000,8,5,1,5
2600,6776543,17,134170.804730445641326,1,16,15,9.294117647058824,4.294520529045642,158.000000000000000,11,7,1,10
2601,6777017,18,142063.205008707154775,1,14,13,5.222222222222222,3.241322699069960,94.000000000000000,10,4,3,4
2602,6777019,9,71031.602504353577388,2,6,4,4.000000000000000,1.632993161855452,36.000000000000000,4,2,3,5
2603,6777021,28,220987.207791322231060,1,16,15,6.321428571428571,4.000478287731637,177.000000000000000,12,5,7,5
2604,6777137,5,39462.001391307538142,1,9,8,3.400000000000000,3.200000000000000,17.000000000000000,3,1,5,1
2605,6777139,1,7892.400278261507992,5,5,0,5.000000000000000,0.000000000000000,5.000000000000000,1,5,5,5
2606,6777143,2,15784.800556523015985,1,1,0,1.000000000000000,0.000000000000000,2.000000000000000,1,1,1,1
2607,6777147,2,15784.800556523015985,1,2,1,1.500000000000000,0.500000000000000,3.000000000000000,2,1,1,1
2608,9325926,1,7892.400278261507992,10,10,0,10.000000000000000,0.000000000000000,10.000000000000000,1,10,10,10
2609,9325928,7,55246.801947830557765,9,22,13,14.142857142857142,4.733726150223112,99.000000000000000,6,11,9,11
2610,9325930,35,276234.009739152796101,2,21,19,7.828571428571428,5.427368287725852,274.000000000000000,15,2,10,6
2611,9325932,18,142063.205008707154775,2,10,8,4.388888888888889,2.189340055026448,79.000000000000000,8,2,6,4
2612,9325934,1,7892.400278261507992,5,5,0,5.000000000000000,0.000000000000000,5.000000000000000,1,5,5,5
2613,9325936,26,205202.407234799204161,1,26,25,10.538461538461538,7.349676964281487,274.000000000000000,17,4,1,8
2614,9325938,11,86816.403060876589734,2,14,12,7.272727272727272,3.544288852657806,80.000000000000000,8,8,2,7
2615,9325940,9,71031.602504353577388,9,18,9,12.555555555555555,2.499382639822664,113.000000000000000,6,11,9,12
2616,9325942,7,55246.801947830557765,12,19,7,15.571428571428571,2.381904571504726,109.000000000000000,4,15,12,15
2617,9325960,63,497221.217530474998057,1,31,30,11.396825396825397,6.920270851061641,718.000000000000000,23,13,1,10
2618,9325962,18,142063.205008707154775,2,20,18,6.500000000000000,5.479760740924532,117.000000000000000,8,4,17,4
2619,9325964,4,31569.601113046031969,11,21,10,17.500000000000000,3.840572873934304,70.000000000000000,3,19,11,19
2620,9325974,19,149955.605286968639120,3,20,17,9.473684210526315,4.184789764607205,180.000000000000000,11,8,3,8
2621,9325980,31,244664.408626106742304,1,18,17,4.806451612903226,3.971018840896560,149.000000000000000,10,1,9,3
2622,9325984,25,197310.006956537690712,3,35,32,17.960000000000001,9.929672703568833,449.000000000000000,16,34,3,17
2623,9325986,4,31569.601113046031969,1,7,6,5.500000000000000,2.598076211353316,22.000000000000000,2,7,1,7
2624,9325988,4,31569.601113046031969,6,17,11,13.750000000000000,4.548351349665063,55.000000000000000,3,17,6,15
2625,9326014,21,165740.405843491666019,9,37,28,19.523809523809526,7.436198770487175,410.000000000000000,16,16,9,19
2626,9326020,4,31569.601113046031969,8,12,4,9.500000000000000,1.500000000000000,38.000000000000000,3,9,8,9
2627,9326024,6,47354.401669569051592,2,27,25,14.333333333333334,10.060925515191046,86.000000000000000,5,27,2,12
2628,9326026,2,15784.800556523015985,6,6,0,6.000000000000000,0.000000000000000,12.000000000000000,1,6,6,6
2629,9326028,11,86816.403060876589734,2,13,11,7.818181818181818,3.128118278924592,86.000000000000000,8,10,2,9
2630,9326030,10,78924.002782615076285,7,25,18,16.199999999999999,6.554387843269575,162.000000000000000,7,7,16,16
2631,9326114,5,39462.001391307538142,3,6,3,4.800000000000000,1.166190378969061,24.000000000000000,4,6,3,5
2632,9326116,36,284126.410017414309550,1,26,25,6.250000000000000,5.187458165828638,225.000000000000000,14,1,3,5
2633,9326118,6,47354.401669569051592,3,13,10,7.166666666666667,3.184162195757133,43.000000000000000,6,3,3,6
2634,9326120,17,134170.804730445641326,2,19,17,9.294117647058824,5.311083924845041,158.000000000000000,10,9,2,9
2635,9326122,15,118386.004173922614427,1,16,15,4.600000000000000,3.555277766926236,69.000000000000000,8,3,5,4
2636,9326126,37,292018.810295675822999,1,28,27,10.621621621621621,7.455639444910508,393.000000000000000,20,8,2,8
2637,9326128,22,173632.806121753179468,1,12,11,5.318181818181818,3.020932481511502,117.000000000000000,10,3,1,4
2638,9326130,5,39462.001391307538142,2,8,6,4.200000000000000,2.400000000000000,21.000000000000000,4,2,3,3
2639,9326132,19,149955.605286968639120,1,19,18,7.473684210526316,4.523254778919031,142.000000000000000,12,10,1,8
2640,9326134,18,142063.205008707154775,1,16,15,9.388888888888889,4.979278047723706,169.000000000000000,11,14,1,9
2641,9326136,45,355158.012521767872386,1,21,20,6.333333333333333,3.858612300930075,285.000000000000000,14,2,1,6
2642,9326138,7,55246.801947830557765,2,12,10,8.428571428571429,3.110220151011035,59.000000000000000,5,10,2,10
2643,9326142,31,244664.408626106742304,1,27,26,10.935483870967742,7.745698010450362,339.000000000000000,15,5,1,7
2644,9326144,6,47354.401669569051592,1,21,20,9.666666666666666,7.386173268720113,58.000000000000000,6,1,1,4
2645,9326146,15,118386.004173922614427,4,31,27,16.066666666666666,10.155239479642461,241.000000000000000,12,4,5,13
2646,9326148,49,386727.613634813867975,1,18,17,5.428571428571429,4.694764778615710,266.000000000000000,11,1,9,3
2647,9326150,8,63139.202226092063938,6,18,12,11.625000000000000,4.299345880479960,93.000000000000000,7,11,6,11
2648,9326152,12,94708.803339138103183,4,12,8,9.000000000000000,2.449489742783178,108.000000000000000,6,11,4,10
2649,9326156,27,213094.807513060717611,2,29,27,10.222222222222221,7.004407783321995,276.000000000000000,14,5,2,7
2650,9326158,25,197310.006956537690712,1,23,22,6.640000000000000,5.066596490742084,166.000000000000000,11,5,6,5
2651,9326188,27,213094.807513060717611,1,26,25,8.333333333333334,6.067521307322687,225.000000000000000,12,9,4,8
2652,9326190,49,386727.613634813867975,1,28,27,6.816326530612245,4.336242469064734,334.000000000000000,14,5,11,6
2653,9326192,18,142063.205008707154775,1,10,9,6.333333333333333,2.403700850309326,114.000000000000000,9,4,1,7
2654,9326194,40,315696.011130460305139,1,21,20,8.925000000000001,5.354379048965434,357.000000000000000,18,10,1,9
2655,9326196,22,173632.806121753179468,1,22,21,7.636363636363637,5.725107815939559,168.000000000000000,13,5,3,5
2656,9326198,43,339373.211965244845487,2,20,18,8.046511627906977,4.978808526433613,346.000000000000000,14,4,9,7
2657,9326202,1,7892.400278261507992,7,7,0,7.000000000000000,0.000000000000000,7.000000000000000,1,7,7,7
2658,9326204,3,23677.200834784525796,3,10,7,7.333333333333333,3.091206165165236,22.000000000000000,3,3,3,9
2659,9326206,96,757670.426713104825467,1,25,24,6.666666666666667,6.187464926948857,640.000000000000000,22,1,11,4
2660,9326210,5,39462.001391307538142,2,15,13,9.199999999999999,4.400000000000000,46.000000000000000,4,11,2,11
2661,9326214,74,584037.620591351645999,1,10,9,3.310810810810811,1.895411783510991,245.000000000000000,10,2,7,3
2662,9326218,8,63139.202226092063938,1,5,4,3.125000000000000,1.363589014329464,25.000000000000000,5,2,1,3
2663,9326220,80,631392.022260920610279,1,22,21,6.925000000000000,5.715712991394862,554.000000000000000,19,2,7,5
2664,9326222,10,78924.002782615076285,2,20,18,9.600000000000000,5.351635264103861,96.000000000000000,9,5,2,8
2665,9326224,210,1657404.058434916660190,1,38,37,6.238095238095238,7.009549689393218,1310.000000000000000,24,2,13,4
2666,9326228,15,118386.004173922614427,2,11,9,6.333333333333333,3.359894178227774,95.000000000000000,8,2,3,7
2667,9326234,3,23677.200834784525796,1,12,11,7.333333333333333,4.642796092394707,22.000000000000000,3,1,1,9
2668,9326236,8,63139.202226092063938,2,18,16,7.500000000000000,5.000000000000000,60.000000000000000,6,4,2,4
2669,9326238,10,78924.002782615076285,2,13,11,8.199999999999999,4.044749683231338,82.000000000000000,7,2,4,9
2670,9326240,11,86816.403060876589734,4,19,15,9.363636363636363,4.140108195176619,103.000000000000000,8,8,4,8
2671,9326242,28,220987.207791322231060,3,22,19,12.071428571428571,5.384691073699928,338.000000000000000,15,11,3,11
2672,9326304,7,55246.801947830557765,9,20,11,12.428571428571429,3.539860483818249,87.000000000000000,5,11,9,11
2673,9326306,3,23677.200834784525796,4,18,14,11.666666666666666,5.792715732327590,35.000000000000000,3,4,4,13
2674,9326308,3,23677.200834784525796,6,11,5,9.000000000000000,2.160246899469287,27.000000000000000,3,6,6,10
2675,9326310,4,31569.601113046031969,3,13,10,8.000000000000000,3.535533905932738,32.000000000000000,3,8,3,8
2676,9326312,7,55246.801947830557765,3,16,13,9.285714285714286,4.333071682315170,65.000000000000000,6,10,3,10
2677,9326314,16,126278.404452184127877,4,18,14,11.062500000000000,4.762729653255578,177.000000000000000,9,16,4,10
2678,9326316,5,39462.001391307538142,3,15,12,6.400000000000000,4.409081537009721,32.000000000000000,4,4,3,4
2679,9326318,6,47354.401669569051592,1,4,3,2.500000000000000,0.957427107756338,15.000000000000000,4,2,1,2
2680,9326322,19,149955.605286968639120,2,22,20,10.368421052631579,5.612115900027926,197.000000000000000,12,9,4,10
2681,9326326,1,7892.400278261507992,19,19,0,19.000000000000000,0.000000000000000,19.000000000000000,1,19,19,19
2682,9326328,11,86816.403060876589734,13,30,17,24.909090909090910,4.440608997025388,274.000000000000000,7,26,13,26
2683,9326332,5,39462.001391307538142,6,17,11,12.199999999999999,4.069397989875163,61.000000000000000,5,6,6,14
2684,9326334,1,7892.400278261507992,4,4,0,4.000000000000000,0.000000000000000,4.000000000000000,1,4,4,4
2685,9326336,2,15784.800556523015985,4,9,5,6.500000000000000,2.500000000000000,13.000000000000000,2,4,4,4
2686,9326338,39,307803.610852198791690,1,13,12,7.641025641025641,2.850885417902516,298.000000000000000,12,7,1,7
2687,9326340,27,213094.807513060717611,2,15,13,7.629629629629630,3.444245314833384,206.000000000000000,12,7,5,8
2688,9326342,13,102601.203617399602081,1,9,8,2.846153846153846,2.178431116693276,37.000000000000000,5,2,3,2
2689,9326344,10,78924.002782615076285,2,13,11,6.800000000000000,4.331281565541543,68.000000000000000,7,2,4,4
2690,9326346,6,47354.401669569051592,2,12,10,6.166666666666667,3.435921354681383,37.000000000000000,6,2,2,5
2691,9326348,3,23677.200834784525796,2,4,2,3.000000000000000,0.816496580927726,9.000000000000000,3,2,2,3
2692,9326350,13,102601.203617399602081,1,36,35,18.076923076923077,12.117765333855518,235.000000000000000,11,22,1,20
2693,9326352,19,149955.605286968639120,2,24,22,8.631578947368421,6.547080717997743,164.000000000000000,11,4,2,6
2694,9326354,32,252556.808904368255753,1,16,15,7.125000000000000,5.054391654788932,228.000000000000000,14,2,5,6
2695,9326356,20,157848.005565230152570,1,32,31,9.800000000000001,8.213403679352428,196.000000000000000,15,4,3,8
2696,9326358,17,134170.804730445641326,1,8,7,3.000000000000000,1.878672873255449,51.000000000000000,6,2,7,2
2697,9326360,20,157848.005565230152570,2,26,24,11.350000000000000,6.894019147057833,227.000000000000000,13,2,3,8
2698,9326362,2,15784.800556523015985,10,10,0,10.000000000000000,0.000000000000000,20.000000000000000,1,10,10,10
2699,9326364,12,94708.803339138103183,8,32,24,14.583333333333334,5.950606878480732,175.000000000000000,8,12,8,12
2700,9326366,29,228879.608069583744509,2,25,23,9.965517241379310,5.448712335201016,289.000000000000000,15,4,2,9
2701,9326368,7,55246.801947830557765,5,23,18,12.142857142857142,7.278708115918284,85.000000000000000,6,5,6,8
2702,9326370,8,63139.202226092063938,5,16,11,12.250000000000000,3.596873642484540,98.000000000000000,7,16,5,12
2703,9326372,15,118386.004173922614427,1,10,9,5.066666666666666,2.462158041682585,76.000000000000000,8,6,1,6
2704,9326374,6,47354.401669569051592,10,17,7,14.166666666666666,2.544056253745630,85.000000000000000,5,17,10,14
2705,9326376,1,7892.400278261507992,4,4,0,4.000000000000000,0.000000000000000,4.000000000000000,1,4,4,4
2706,9326378,16,126278.404452184127877,2,17,15,9.937500000000000,4.220022956098699,159.000000000000000,10,13,10,9
2707,9326430,22,173632.806121753179468,1,18,17,8.181818181818182,4.608651583867846,180.000000000000000,13,3,1,7
2708,9326432,4,31569.601113046031969,4,14,10,10.000000000000000,4.242640687119285,40.000000000000000,3,14,4,8
2709,9326434,45,355158.012521767872386,1,17,16,9.622222222222222,4.051276281145589,433.000000000000000,16,10,2,10
2710,9326436,7,55246.801947830557765,5,16,11,8.714285714285714,4.494895063586364,61.000000000000000,5,5,6,6
2711,9326438,7,55246.801947830557765,1,3,2,1.857142857142857,0.832993127835043,13.000000000000000,3,1,2,2
2712,9326710,22,173632.806121753179468,3,26,23,13.363636363636363,5.661235446160096,294.000000000000000,14,8,3,12
2713,9326712,3,23677.200834784525796,11,12,1,11.333333333333334,0.471404520791018,34.000000000000000,2,11,12,11
2714,9326714,21,165740.405843491666019,2,18,16,9.714285714285714,3.989782869648270,204.000000000000000,12,9,2,10
2715,9326716,23,181525.206400014692917,2,29,27,11.260869565217391,7.170091208590621,259.000000000000000,16,3,2,11
2716,9326718,19,149955.605286968639120,9,27,18,14.736842105263158,3.971505153665996,280.000000000000000,11,14,9,14
2717,9326720,17,134170.804730445641326,2,34,32,16.647058823529413,8.014260646024816,283.000000000000000,14,17,2,17
2718,9326722,41,323588.411408721818589,1,13,12,5.585365853658536,3.595224541012347,229.000000000000000,12,1,8,5
2719,9326724,28,220987.207791322231060,1,15,14,6.535714285714286,4.135924001591274,183.000000000000000,12,3,5,6
2720,9326726,23,181525.206400014692917,1,28,27,13.391304347826088,7.800441071335158,308.000000000000000,17,15,1,14
2721,9326728,10,78924.002782615076285,2,12,10,6.900000000000000,3.047950130825634,69.000000000000000,7,7,5,7
2722,9326730,13,102601.203617399602081,5,14,9,8.692307692307692,2.811641058845703,113.000000000000000,8,7,5,7
2723,9326732,46,363050.412800029385835,3,23,20,10.847826086956522,5.405180249998297,499.000000000000000,18,4,3,10
2724,9326734,9,71031.602504353577388,6,22,16,11.555555555555555,5.619630496178574,104.000000000000000,7,8,6,8
2725,9326736,13,102601.203617399602081,2,13,11,8.153846153846153,3.591574624593463,106.000000000000000,8,11,2,8
2726,9326738,17,134170.804730445641326,2,27,25,10.941176470588236,6.637421436205427,186.000000000000000,12,2,4,11
2727,9326740,11,86816.403060876589734,7,15,8,10.181818181818182,2.367130284780282,112.000000000000000,5,11,9,11
2728,9326742,24,189417.606678276206367,2,50,48,19.750000000000000,13.497684986693088,474.000000000000000,19,13,2,14
2729,9326744,12,94708.803339138103183,4,30,26,13.250000000000000,6.965689724164674,159.000000000000000,11,11,4,11
2730,9326746,37,292018.810295675822999,1,27,26,8.918918918918919,7.386541371024621,330.000000000000000,17,3,9,6
2731,9326748,13,102601.203617399602081,11,35,24,19.461538461538460,6.392488195174381,253.000000000000000,11,15,11,18
2732,9326750,10,78924.002782615076285,1,29,28,18.399999999999999,9.024411338142782,184.000000000000000,9,29,1,19
2733,9326752,4,31569.601113046031969,6,26,20,14.250000000000000,8.257572282456872,57.000000000000000,4,6,6,7
2734,9326754,11,86816.403060876589734,11,35,24,20.636363636363637,6.540402090401796,227.000000000000000,9,17,11,21
2735,9326756,19,149955.605286968639120,1,21,20,7.315789473684211,4.588918363313119,139.000000000000000,12,8,1,8
2736,9326758,4,31569.601113046031969,1,7,6,5.000000000000000,2.449489742783178,20.000000000000000,3,7,1,5
2737,9326760,10,78924.002782615076285,2,6,4,4.900000000000000,1.299999999999999,49.000000000000000,4,6,2,5
2738,9326762,8,63139.202226092063938,1,7,6,3.375000000000000,1.866648065383510,27.000000000000000,5,2,1,2
2739,9326764,8,63139.202226092063938,5,19,14,10.375000000000000,5.290025992374707,83.000000000000000,7,5,6,8
2740,9326766,13,102601.203617399602081,1,11,10,5.307692307692307,2.838868013422452,69.000000000000000,8,7,1,5
2741,9326768,9,71031.602504353577388,2,29,27,11.111111111111111,9.456854591534762,100.000000000000000,8,2,3,7
2742,9326770,47,370942.813078290899284,1,24,23,9.829787234042554,6.230737632423015,462.000000000000000,20,7,4,8
2743,9326772,7,55246.801947830557765,2,20,18,9.857142857142858,6.916410535377259,69.000000000000000,6,4,2,7
2744,9326774,22,173632.806121753179468,1,16,15,8.181818181818182,4.519014007867843,180.000000000000000,12,9,1,9
2745,9326776,18,142063.205008707154775,3,19,16,11.666666666666666,4.189935029992179,210.000000000000000,11,10,3,10
2746,9326778,15,118386.004173922614427,2,30,28,13.866666666666667,7.847434117099819,208.000000000000000,10,11,9,11
2747,9326780,11,86816.403060876589734,2,24,22,10.363636363636363,7.125788342641973,114.000000000000000,10,5,2,7
2748,9326782,6,47354.401669569051592,2,9,7,6.000000000000000,2.309401076758503,36.000000000000000,5,5,2,5
2749,9326784,37,292018.810295675822999,2,15,13,7.810810810810811,3.903136907791503,289.000000000000000,11,4,15,8
2750,9326786,23,181525.206400014692917,2,27,25,11.652173913043478,5.129697810000914,268.000000000000000,15,12,2,12
2751,9326788,2,15784.800556523015985,1,4,3,2.500000000000000,1.500000000000000,5.000000000000000,2,1,1,1
2752,9326792,2,15784.800556523015985,9,13,4,11.000000000000000,2.000000000000000,22.000000000000000,2,9,9,9
2753,9326794,3,23677.200834784525796,6,12,6,9.666666666666666,2.624669291337272,29.000000000000000,3,6,6,11
2754,9326796,9,71031.602504353577388,1,15,14,5.555555555555555,4.166296279833928,50.000000000000000,8,3,1,4
2755,9326798,14,110493.603895661115530,2,25,23,11.428571428571429,6.831798400696195,160.000000000000000,11,2,6,11
2756,9326800,10,78924.002782615076285,5,24,19,10.699999999999999,5.292447448959698,107.000000000000000,8,9,5,9
2757,9326802,6,47354.401669569051592,3,13,10,7.666666666666667,3.144660377352201,46.000000000000000,5,7,3,7
2758,9326804,13,102601.203617399602081,4,13,9,8.307692307692308,3.313947573621232,108.000000000000000,7,5,7,8
2759,9326806,15,118386.004173922614427,7,31,24,17.066666666666666,8.698403429493382,256.000000000000000,11,9,7,13
2760,9326808,1,7892.400278261507992,4,4,0,4.000000000000000,0.000000000000000,4.000000000000000,1,4,4,4
2761,9326810,6,47354.401669569051592,2,8,6,5.666666666666667,2.054804667656325,34.000000000000000,5,7,2,6
2762,9326812,18,142063.205008707154775,4,18,14,10.555555555555555,4.633479880442899,190.000000000000000,10,6,9,9
2763,9326814,11,86816.403060876589734,6,23,17,13.181818181818182,5.095776893542372,145.000000000000000,8,15,6,13
2764,9326816,35,276234.009739152796101,2,21,19,9.714285714285714,4.675598837560374,340.000000000000000,15,6,2,9
2765,9326818,19,149955.605286968639120,6,29,23,12.947368421052632,6.999802134124757,246.000000000000000,10,7,12,9
2766,9326820,12,94708.803339138103183,6,27,21,16.583333333333332,5.808877305947818,199.000000000000000,11,13,6,15
2767,9326822,6,47354.401669569051592,2,32,30,20.500000000000000,9.196919774214264,123.000000000000000,6,2,2,21
2768,9326824,4,31569.601113046031969,2,17,15,9.750000000000000,5.309190145398825,39.000000000000000,3,10,2,10
2769,9326826,3,23677.200834784525796,12,22,10,18.000000000000000,4.320493798938574,54.000000000000000,3,12,12,20
2770,9326828,33,260449.209182629769202,1,18,17,8.030303030303031,3.857184154942867,265.000000000000000,14,6,3,7
2771,9326830,29,228879.608069583744509,4,26,22,11.344827586206897,6.254796019546565,329.000000000000000,17,9,10,9
2772,9326832,8,63139.202226092063938,6,19,13,10.750000000000000,3.631459761583487,86.000000000000000,5,10,6,10
2773,9326834,8,63139.202226092063938,1,33,32,9.375000000000000,10.331232985466933,75.000000000000000,6,3,1,4
2774,9326836,16,126278.404452184127877,4,24,20,11.250000000000000,5.129571132170798,180.000000000000000,11,12,4,10
2775,9326838,6,47354.401669569051592,1,29,28,14.333333333333334,9.321420969406374,86.000000000000000,5,14,1,14
2776,9326840,8,63139.202226092063938,7,17,10,11.125000000000000,2.891258376555094,89.000000000000000,7,11,7,11
2777,9326842,22,173632.806121753179468,1,35,34,14.227272727272727,11.309416101726185,313.000000000000000,16,2,1,9
2778,9326844,11,86816.403060876589734,9,19,10,13.454545454545455,3.257540521303440,148.000000000000000,8,9,10,14
2779,9326846,3,23677.200834784525796,6,15,9,11.666666666666666,4.027681991198191,35.000000000000000,3,6,6,14
2780,9326848,10,78924.002782615076285,7,20,13,12.100000000000000,3.884584919911008,121.000000000000000,8,9,7,10
2781,9326850,6,47354.401669569051592,4,27,23,12.166666666666666,8.029459646963938,73.000000000000000,5,6,4,6
2782,9326852,1,7892.400278261507992,5,5,0,5.000000000000000,0.000000000000000,5.000000000000000,1,5,5,5
2783,9326854,23,181525.206400014692917,5,16,11,8.826086956521738,3.171231744140953,203.000000000000000,9,7,12,7
2784,9326856,19,149955.605286968639120,2,23,21,10.789473684210526,6.485440758210258,205.000000000000000,16,3,2,9
2785,9326858,18,142063.205008707154775,2,17,15,8.500000000000000,4.833333333333333,153.000000000000000,11,11,6,8
2786,9326860,7,55246.801947830557765,4,17,13,8.714285714285714,4.919764387920733,61.000000000000000,6,4,5,7
2787,9326862,29,228879.608069583744509,1,13,12,5.517241379310345,3.091932658132399,160.000000000000000,10,3,10,5
2788,9326864,14,110493.603895661115530,1,8,7,4.000000000000000,1.963961012123931,56.000000000000000,8,4,2,4
2789,9326866,33,260449.209182629769202,2,25,23,11.969696969696969,5.507487181981252,395.000000000000000,16,8,2,11
2790,9326868,28,220987.207791322231060,1,25,24,10.750000000000000,6.173821460697696,301.000000000000000,16,5,1,10
2791,9326870,6,47354.401669569051592,4,15,11,8.833333333333334,4.058598553961973,53.000000000000000,6,4,4,6
2792,9326872,1,7892.400278261507992,12,12,0,12.000000000000000,0.000000000000000,12.000000000000000,1,12,12,12
2793,9326874,28,220987.207791322231060,4,24,20,9.785714285714286,5.198606563693930,274.000000000000000,14,7,9,8
2794,9326876,13,102601.203617399602081,1,12,11,6.384615384615385,3.340623192401302,83.000000000000000,8,3,1,6
2795,9326878,4,31569.601113046031969,2,22,20,12.000000000000000,7.615773105863909,48.000000000000000,4,2,2,8
2796,9326880,26,205202.407234799204161,4,19,15,9.961538461538462,3.333752439135784,259.000000000000000,12,9,4,9
2797,9326882,1,7892.400278261507992,8,8,0,8.000000000000000,0.000000000000000,8.000000000000000,1,8,8,8
2798,9326884,16,126278.404452184127877,2,22,20,8.687500000000000,4.699983377630181,139.000000000000000,10,10,2,8
2799,9326886,16,126278.404452184127877,10,26,16,15.375000000000000,4.484347778663024,246.000000000000000,7,10,26,17
2800,9326888,31,244664.408626106742304,3,13,10,7.516129032258065,2.916814078827694,233.000000000000000,10,6,9,7
2801,9326890,9,71031.602504353577388,1,14,13,8.555555555555555,3.975231959999627,77.000000000000000,6,7,1,7
2802,9326892,3,23677.200834784525796,3,7,4,5.000000000000000,1.632993161855452,15.000000000000000,3,3,3,5
2803,9326894,42,331480.811686983332038,1,14,13,7.738095238095238,3.485066944834393,325.000000000000000,14,9,3,8
2804,9326896,6,47354.401669569051592,2,7,5,4.500000000000000,1.500000000000000,27.000000000000000,4,4,2,4
2805,9326898,14,110493.603895661115530,2,14,12,6.428571428571429,3.539860483818248,90.000000000000000,7,5,3,5
2806,9326900,7,55246.801947830557765,4,6,2,4.857142857142857,0.832993127835043,34.000000000000000,3,4,5,5
2807,9326902,14,110493.603895661115530,1,10,9,4.285714285714286,2.373321103690879,60.000000000000000,8,3,2,4
2808,9326904,10,78924.002782615076285,1,21,20,10.199999999999999,5.946427498927403,102.000000000000000,9,11,1,11
2809,9326906,28,220987.207791322231060,1,18,17,9.642857142857142,4.958501254802458,270.000000000000000,16,5,3,9
2810,9326908,20,157848.005565230152570,2,19,17,7.000000000000000,4.636809247747852,140.000000000000000,12,3,2,5
2811,9326910,34,268341.609460891282652,1,20,19,8.735294117647058,4.506915102043108,297.000000000000000,17,3,1,9
2812,9326912,23,181525.206400014692917,2,20,18,8.521739130434783,5.046475870798925,196.000000000000000,12,12,2,7
2813,9326914,9,71031.602504353577388,2,9,7,5.111111111111111,2.330686329267004,46.000000000000000,6,2,3,6
2814,9326916,17,134170.804730445641326,1,22,21,8.705882352941176,6.451308174520093,148.000000000000000,12,2,3,9
2815,9326918,12,94708.803339138103183,3,16,13,8.416666666666666,4.212250652033371,101.000000000000000,10,4,3,7
2816,9326920,25,197310.006956537690712,2,23,21,10.520000000000000,5.060592850645071,263.000000000000000,12,11,10,10
2817,9326922,15,118386.004173922614427,3,27,24,9.933333333333334,5.847696602556904,149.000000000000000,9,8,3,8
2818,9326924,43,339373.211965244845487,1,18,17,8.511627906976743,4.326081491471134,366.000000000000000,16,6,1,8
2819,9326926,41,323588.411408721818589,1,21,20,8.439024390243903,4.963519505094535,346.000000000000000,17,4,1,7
2820,9326928,4,31569.601113046031969,8,29,21,14.000000000000000,8.746427842267950,56.000000000000000,3,8,11,8
2821,9326930,12,94708.803339138103183,8,16,8,12.083333333333334,2.215789300051386,145.000000000000000,7,10,8,12
2822,9326932,10,78924.002782615076285,1,9,8,4.500000000000000,2.376972864800943,45.000000000000000,6,4,1,4
2823,9326934,3,23677.200834784525796,6,16,10,10.000000000000000,4.320493798938574,30.000000000000000,3,6,6,8
2824,9326936,7,55246.801947830557765,3,9,6,6.857142857142857,2.294625486315574,48.000000000000000,4,9,3,8
2825,9326938,3,23677.200834784525796,3,4,1,3.333333333333333,0.471404520791031,10.000000000000000,2,3,4,3
2826,9326940,3,23677.200834784525796,5,14,9,10.333333333333334,3.858612300930074,31.000000000000000,3,5,5,12
2827,9326942,12,94708.803339138103183,2,20,18,11.916666666666666,5.187458165828639,143.000000000000000,10,12,2,12
2828,9326944,6,47354.401669569051592,4,10,6,7.166666666666667,1.863389981249824,43.000000000000000,5,8,4,7
2829,9326946,14,110493.603895661115530,3,18,15,6.928571428571429,3.514547028612156,97.000000000000000,7,8,4,6
2830,9326948,1,7892.400278261507992,21,21,0,21.000000000000000,0.000000000000000,21.000000000000000,1,21,21,21
2831,9326950,14,110493.603895661115530,4,19,15,10.785714285714286,5.002550369969464,151.000000000000000,9,9,4,9
2832,9326952,1,7892.400278261507992,14,14,0,14.000000000000000,0.000000000000000,14.000000000000000,1,14,14,14
2833,9326956,23,181525.206400014692917,3,20,17,10.304347826086957,4.694444289089479,237.000000000000000,13,6,3,9
2834,9326958,14,110493.603895661115530,4,20,16,10.214285714285714,4.916133373591361,143.000000000000000,8,4,7,11
2835,9326960,9,71031.602504353577388,1,20,19,10.555555555555555,5.659036256998598,95.000000000000000,9,1,1,10
2836,9326962,3,23677.200834784525796,8,18,10,11.666666666666666,4.496912521077348,35.000000000000000,3,8,8,9
2837,9326964,15,118386.004173922614427,5,38,33,16.800000000000001,7.652450587883595,252.000000000000000,11,16,5,16
2838,9326966,16,126278.404452184127877,2,12,10,5.312500000000000,2.799972098075265,85.000000000000000,7,3,4,5
2839,9326968,12,94708.803339138103183,4,25,21,10.250000000000000,5.584576975922169,123.000000000000000,7,7,4,8
2840,9326974,17,134170.804730445641326,1,14,13,7.705882352941177,4.141109625128951,131.000000000000000,10,3,1,9
2841,9326976,6,47354.401669569051592,7,15,8,10.000000000000000,2.943920288775949,60.000000000000000,5,7,8,8
2842,9326978,21,165740.405843491666019,3,21,18,10.952380952380953,4.530070854866772,230.000000000000000,13,8,3,10
2843,9326980,14,110493.603895661115530,1,23,22,5.785714285714286,5.746782595860195,81.000000000000000,8,2,1,3
2844,9326982,44,347265.612243506358936,1,26,25,9.681818181818182,6.960187847754762,426.000000000000000,21,2,6,9
2845,9326984,14,110493.603895661115530,3,12,9,7.214285714285714,2.756254483082106,101.000000000000000,8,9,3,7
2846,9326986,29,228879.608069583744509,2,24,22,7.034482758620690,5.492833943645243,204.000000000000000,13,2,7,5
2847,9326988,6,47354.401669569051592,4,8,4,6.000000000000000,1.527525231651947,36.000000000000000,4,5,4,5
2848,9326990,22,173632.806121753179468,1,18,17,7.454545454545454,3.551277269931747,164.000000000000000,9,10,1,7
2849,9326992,24,189417.606678276206367,2,22,20,9.708333333333334,5.526294468769787,233.000000000000000,15,11,3,9
2850,9326994,27,213094.807513060717611,2,15,13,7.962962962962963,3.271441878070161,215.000000000000000,12,7,2,8
2851,9326996,15,118386.004173922614427,1,16,15,8.466666666666667,5.451197625802569,127.000000000000000,8,16,1,6
2852,9326998,27,213094.807513060717611,1,12,11,6.037037037037037,2.962499963825366,163.000000000000000,11,3,1,6
2853,9327000,3,23677.200834784525796,1,4,3,2.000000000000000,1.414213562373095,6.000000000000000,2,1,4,1
2854,9327002,28,220987.207791322231060,2,21,19,9.321428571428571,4.448543673644954,261.000000000000000,13,6,2,7
2855,9327004,14,110493.603895661115530,5,19,14,8.714285714285714,4.199125273342592,122.000000000000000,7,7,12,7
2856,9327006,18,142063.205008707154775,3,12,9,7.277777777777778,2.641665206215276,131.000000000000000,9,4,3,8
2857,9327010,6,47354.401669569051592,4,10,6,6.333333333333333,2.494438257849295,38.000000000000000,4,4,7,4
2858,9327012,9,71031.602504353577388,3,12,9,6.333333333333333,3.399346342395190,57.000000000000000,5,3,6,6
2859,9327014,16,126278.404452184127877,4,19,15,10.375000000000000,5.097487126025920,166.000000000000000,10,4,11,9
2860,9327016,2,15784.800556523015985,4,4,0,4.000000000000000,0.000000000000000,8.000000000000000,1,4,4,4
2861,9327018,10,78924.002782615076285,3,16,13,9.900000000000000,3.935733730830885,99.000000000000000,7,8,3,8
2862,9327020,15,118386.004173922614427,3,13,10,6.866666666666666,3.343982987729188,103.000000000000000,8,3,5,7
2863,9327022,16,126278.404452184127877,2,15,13,6.125000000000000,3.705991770093398,98.000000000000000,8,3,2,4
2864,9327024,38,299911.210573937278241,1,11,10,5.131578947368421,2.318927300006337,195.000000000000000,11,4,8,5
2865,9327026,17,134170.804730445641326,1,9,8,3.764705882352941,2.532829428424822,64.000000000000000,9,1,3,3
2866,9327028,3,23677.200834784525796,12,20,8,15.333333333333334,3.399346342395188,46.000000000000000,3,12,12,14
2867,9327030,11,86816.403060876589734,2,21,19,7.090909090909091,5.333505506862774,78.000000000000000,7,5,4,5
2868,9327032,16,126278.404452184127877,1,12,11,6.875000000000000,3.887077951366553,110.000000000000000,9,11,3,7
2869,9327034,10,78924.002782615076285,3,12,9,5.900000000000000,3.014962686336267,59.000000000000000,6,3,8,4
2870,9327036,9,71031.602504353577388,5,17,12,10.777777777777779,4.210510071443647,97.000000000000000,9,5,5,10
2871,9327040,1,7892.400278261507992,6,6,0,6.000000000000000,0.000000000000000,6.000000000000000,1,6,6,6
2872,9327042,18,142063.205008707154775,2,22,20,8.944444444444445,6.240301116508029,161.000000000000000,11,7,12,7
2873,9327044,1,7892.400278261507992,13,13,0,13.000000000000000,0.000000000000000,13.000000000000000,1,13,13,13
2874,9327046,8,63139.202226092063938,1,6,5,2.625000000000000,1.408678458698081,21.000000000000000,4,2,1,2
2875,9327048,8,63139.202226092063938,4,20,16,9.250000000000000,4.918078893226500,74.000000000000000,7,6,4,7
2876,9327050,7,55246.801947830557765,1,6,5,2.857142857142857,1.641303613296579,20.000000000000000,5,1,2,3
2877,9327052,22,173632.806121753179468,3,20,17,10.545454545454545,4.687772030674087,232.000000000000000,14,7,3,9
2878,9327054,29,228879.608069583744509,1,11,10,5.448275862068965,2.685673445327001,158.000000000000000,11,5,9,5
2879,9327056,2,15784.800556523015985,8,11,3,9.500000000000000,1.500000000000000,19.000000000000000,2,8,8,8
2880,9327058,26,205202.407234799204161,2,24,22,9.384615384615385,6.019691552773493,244.000000000000000,16,2,3,7
2881,9327060,55,434082.015304382948671,1,27,26,9.527272727272727,5.659600196141534,524.000000000000000,22,8,1,9
2882,9327062,3,23677.200834784525796,2,4,2,3.333333333333333,0.942809041582063,10.000000000000000,2,4,2,4
2883,9327064,14,110493.603895661115530,2,16,14,7.000000000000000,4.242640687119285,98.000000000000000,9,2,5,7
2884,9327066,4,31569.601113046031969,2,13,11,10.000000000000000,4.636809247747852,40.000000000000000,3,13,2,12
2885,9327068,41,323588.411408721818589,2,20,18,7.073170731707317,3.685106768830444,290.000000000000000,12,5,12,7
2886,9327070,15,118386.004173922614427,3,23,20,10.733333333333333,5.555377774933243,161.000000000000000,11,11,3,11
2887,9327072,9,71031.602504353577388,3,12,9,8.111111111111111,2.377881617670300,73.000000000000000,5,9,3,9
2888,9327074,13,102601.203617399602081,6,23,17,13.923076923076923,4.746845729397386,181.000000000000000,10,15,6,15
2889,9327076,18,142063.205008707154775,1,8,7,4.111111111111111,1.882341594010825,74.000000000000000,7,3,1,4
2890,9327078,4,31569.601113046031969,4,6,2,5.000000000000000,1.000000000000000,20.000000000000000,2,4,4,4
2891,9327080,1,7892.400278261507992,1,1,0,1.000000000000000,0.000000000000000,1.000000000000000,1,1,1,1
2892,9327082,18,142063.205008707154775,1,8,7,4.222222222222222,2.042752923427804,76.000000000000000,8,3,1,4
2893,9327084,9,71031.602504353577388,11,32,21,21.666666666666668,6.976149845485450,195.000000000000000,9,11,11,22
2894,9327086,12,94708.803339138103183,4,19,15,9.750000000000000,4.105382645584534,117.000000000000000,9,11,4,10
2895,9327088,4,31569.601113046031969,6,13,7,9.750000000000000,2.487468592766550,39.000000000000000,3,10,6,10
2896,9327092,31,244664.408626106742304,1,18,17,6.064516129032258,4.369509338889561,188.000000000000000,13,2,6,5
2897,9327094,1,7892.400278261507992,12,12,0,12.000000000000000,0.000000000000000,12.000000000000000,1,12,12,12
2898,9327096,1,7892.400278261507992,5,5,0,5.000000000000000,0.000000000000000,5.000000000000000,1,5,5,5
2899,9327098,9,71031.602504353577388,1,12,11,6.111111111111111,3.071172213574501,55.000000000000000,7,7,1,7
2900,9327100,27,213094.807513060717611,1,15,14,3.851851851851852,3.051456285043849,104.000000000000000,9,2,5,3
2901,9327102,22,173632.806121753179468,1,25,24,4.181818181818182,5.166644450321026,92.000000000000000,7,1,9,3
2902,9327104,5,39462.001391307538142,1,4,3,1.800000000000000,1.166190378969060,9.000000000000000,3,1,2,1
2903,9327106,1,7892.400278261507992,2,2,0,2.000000000000000,0.000000000000000,2.000000000000000,1,2,2,2
2904,9327108,3,23677.200834784525796,1,2,1,1.666666666666667,0.471404520791031,5.000000000000000,2,2,1,2
2905,9327110,19,149955.605286968639120,1,13,12,5.631578947368421,2.679562539233233,107.000000000000000,9,5,1,5
2906,9327112,3,23677.200834784525796,1,5,4,3.666666666666667,1.885618083164127,11.000000000000000,2,5,1,5
2907,9327114,32,252556.808904368255753,2,15,13,6.500000000000000,3.297726489568230,208.000000000000000,12,5,3,6
2908,9327116,15,118386.004173922614427,2,24,22,8.266666666666667,5.971785513748983,124.000000000000000,10,2,3,7
2909,9327118,3,23677.200834784525796,1,3,2,2.000000000000000,0.816496580927726,6.000000000000000,3,1,1,2
2910,9327120,35,276234.009739152796101,2,32,30,12.971428571428572,7.189220956347333,454.000000000000000,20,5,3,12
2911,9327122,5,39462.001391307538142,2,4,2,2.600000000000000,0.799999999999999,13.000000000000000,3,2,3,2
2912,9327124,40,315696.011130460305139,1,19,18,6.300000000000000,5.423098745182500,252.000000000000000,17,1,6,4
2913,9327128,12,94708.803339138103183,1,20,19,7.083333333333333,5.423073134507982,85.000000000000000,9,2,1,5
2914,9327132,2,15784.800556523015985,2,2,0,2.000000000000000,0.000000000000000,4.000000000000000,1,2,2,2
2915,9327134,24,189417.606678276206367,1,14,13,6.375000000000000,3.497767144908305,153.000000000000000,13,4,1,5
2916,9327136,4,31569.601113046031969,2,12,10,8.000000000000000,3.937003937005906,32.000000000000000,4,2,2,7
2917,9327138,3,23677.200834784525796,5,8,3,6.666666666666667,1.247219128924646,20.000000000000000,3,5,5,7
2918,9327140,20,157848.005565230152570,1,14,13,5.350000000000000,3.863612299390300,107.000000000000000,9,1,3,5
2919,9327142,1,7892.400278261507992,6,6,0,6.000000000000000,0.000000000000000,6.000000000000000,1,6,6,6
2920,9327144,24,189417.606678276206367,1,15,14,6.500000000000000,3.785938897200182,156.000000000000000,12,4,2,5
2921,9327148,9,71031.602504353577388,9,18,9,12.555555555555555,3.303570832737445,113.000000000000000,4,13,9,13
2922,9327150,50,394620.013913075381424,2,20,18,8.720000000000001,4.733032854312338,436.000000000000000,18,8,12,8
2923,9327152,21,165740.405843491666019,2,26,24,11.761904761904763,6.538565168836368,247.000000000000000,16,6,2,11
2924,9327154,5,39462.001391307538142,4,14,10,10.800000000000001,3.544009029333869,54.000000000000000,5,4,4,12
2925,9327156,56,441974.415582644462120,2,21,19,8.767857142857142,4.531599652237968,491.000000000000000,18,8,16,8
2926,9327158,4,31569.601113046031969,1,16,15,6.500000000000000,5.937171043518958,26.000000000000000,4,1,1,2
2927,9327160,4,31569.601113046031969,1,7,6,3.000000000000000,2.345207879911715,12.000000000000000,3,2,1,2
2928,9327162,15,118386.004173922614427,1,29,28,14.866666666666667,9.632352891283739,223.000000000000000,11,2,1,13
2929,9327164,4,31569.601113046031969,1,2,1,1.500000000000000,0.500000000000000,6.000000000000000,2,1,1,1
2930,9327166,4,31569.601113046031969,3,14,11,6.000000000000000,4.636809247747852,24.000000000000000,3,3,4,3
2931,9327168,10,78924.002782615076285,1,8,7,4.000000000000000,2.408318915758459,40.000000000000000,6,2,1,3
2932,9327170,18,142063.205008707154775,1,20,19,8.444444444444445,6.048160622336368,152.000000000000000,12,2,1,7
2933,9327174,5,39462.001391307538142,3,24,21,16.600000000000001,7.144228439796698,83.000000000000000,4,18,3,18
2934,9327176,12,94708.803339138103183,1,8,7,4.250000000000000,2.203217344400381,51.000000000000000,7,2,1,4
2935,9327178,14,110493.603895661115530,3,28,25,10.642857142857142,7.056983803875652,149.000000000000000,11,5,3,9
2936,9327180,8,63139.202226092063938,4,16,12,8.250000000000000,4.322904116447646,66.000000000000000,7,4,5,6
2937,9327182,9,71031.602504353577388,4,20,16,11.333333333333334,4.966554808583780,102.000000000000000,7,8,4,10
2938,9327184,7,55246.801947830557765,7,23,16,14.571428571428571,6.343886660335577,102.000000000000000,6,7,10,14
2939,9327186,4,31569.601113046031969,7,17,10,12.250000000000000,3.699662146737186,49.000000000000000,4,7,7,11
2940,9327188,11,86816.403060876589734,1,22,21,10.818181818181818,7.370927927499813,119.000000000000000,8,7,1,7
2941,9327190,5,39462.001391307538142,7,26,19,14.199999999999999,8.133879763065103,71.000000000000000,4,7,9,9
2942,9327192,8,63139.202226092063938,1,27,26,18.375000000000000,9.393315442377094,147.000000000000000,7,27,1,23
2943,9327196,10,78924.002782615076285,5,20,15,9.500000000000000,4.410215414239989,95.000000000000000,7,5,10,9
2944,9327198,16,126278.404452184127877,4,27,23,12.312500000000000,7.147715981346769,197.000000000000000,14,4,5,10
2945,9327202,12,94708.803339138103183,1,16,15,7.583333333333333,4.627064103967248,91.000000000000000,8,9,5,7
2946,9327204,23,181525.206400014692917,4,43,39,16.608695652173914,10.264921823268173,382.000000000000000,17,7,4,15
2947,9327206,6,47354.401669569051592,1,7,6,4.333333333333333,2.211083193570267,26.000000000000000,4,3,1,3
2948,9327210,17,134170.804730445641326,7,28,21,14.588235294117647,6.278430147824157,248.000000000000000,11,10,8,13
2949,9327212,3,23677.200834784525796,3,17,14,10.000000000000000,5.715476066494082,30.000000000000000,3,3,3,10
2950,9327214,3,23677.200834784525796,7,16,9,11.333333333333334,3.681787005729085,34.000000000000000,3,7,7,11
2951,9327216,8,63139.202226092063938,4,13,9,9.125000000000000,2.666341125962693,73.000000000000000,7,10,4,9
2952,9327218,11,86816.403060876589734,5,16,11,9.909090909090908,3.476009871691848,109.000000000000000,9,9,5,9
2953,9327220,9,71031.602504353577388,3,21,18,12.777777777777779,4.637474834379822,115.000000000000000,6,12,3,12
2954,9327222,19,149955.605286968639120,4,19,15,9.789473684210526,4.560458741565153,186.000000000000000,11,12,7,9
2955,9327224,10,78924.002782615076285,5,15,10,10.699999999999999,3.436568055487919,107.000000000000000,7,7,5,11
2956,9327226,9,71031.602504353577388,2,15,13,6.222222222222222,3.675074535231384,56.000000000000000,6,6,4,6
2957,9327228,24,189417.606678276206367,1,14,13,5.958333333333333,3.552923287785551,143.000000000000000,9,5,14,5
2958,9327230,2,15784.800556523015985,3,5,2,4.000000000000000,1.000000000000000,8.000000000000000,2,3,3,3
2959,9327232,3,23677.200834784525796,3,10,7,6.333333333333333,2.867441755680876,19.000000000000000,3,3,3,6
2960,9327234,17,134170.804730445641326,2,16,14,7.529411764705882,3.696065428801178,128.000000000000000,11,3,2,8
2961,9327236,22,173632.806121753179468,2,20,18,5.727272727272728,3.816016702148247,126.000000000000000,9,2,3,5
2962,9327238,3,23677.200834784525796,4,6,2,4.666666666666667,0.942809041582062,14.000000000000000,2,4,6,4
2963,9327240,22,173632.806121753179468,1,11,10,5.227272727272728,2.574910734230645,115.000000000000000,10,5,2,5
2964,9327242,26,205202.407234799204161,2,17,15,10.153846153846153,5.005322610768444,264.000000000000000,13,5,2,10
2965,9327244,22,173632.806121753179468,2,24,22,11.363636363636363,6.879121604506405,250.000000000000000,15,18,4,9
2966,9327246,25,197310.006956537690712,1,20,19,7.960000000000000,5.744423382725198,199.000000000000000,15,4,1,6
2967,9327248,5,39462.001391307538142,2,16,14,9.600000000000000,5.678027826631356,48.000000000000000,5,2,2,11
2968,9327250,21,165740.405843491666019,3,16,13,9.523809523809524,3.995462278743434,200.000000000000000,12,5,3,11
2969,9327252,9,71031.602504353577388,4,15,11,10.111111111111111,3.725123247608936,91.000000000000000,8,13,4,10
2970,9327254,13,102601.203617399602081,5,21,16,12.923076923076923,4.983998062438479,168.000000000000000,10,9,5,15
2971,9327256,28,220987.207791322231060,3,25,22,9.142857142857142,4.874967294500444,256.000000000000000,15,5,3,8
2972,9327258,1,7892.400278261507992,1,1,0,1.000000000000000,0.000000000000000,1.000000000000000,1,1,1,1
2973,9327260,6,47354.401669569051592,5,20,15,12.666666666666666,4.346134936801767,76.000000000000000,4,13,5,13
2974,9327262,18,142063.205008707154775,1,18,17,4.888888888888889,4.012326685615064,88.000000000000000,10,1,5,4
2975,9327266,15,118386.004173922614427,2,12,10,7.666666666666667,2.299758441421377,115.000000000000000,7,9,2,8
2976,9327270,1,7892.400278261507992,4,4,0,4.000000000000000,0.000000000000000,4.000000000000000,1,4,4,4
2977,9327272,3,23677.200834784525796,1,5,4,2.666666666666667,1.699673171197595,8.000000000000000,3,1,1,2
2978,9327274,42,331480.811686983332038,2,33,31,12.928571428571429,7.129392070332294,543.000000000000000,18,17,5,11
2979,9327276,22,173632.806121753179468,1,8,7,3.136363636363636,1.960877691829363,69.000000000000000,6,2,4,3
2980,9327278,9,71031.602504353577388,5,26,21,13.000000000000000,6.446359868604572,117.000000000000000,8,9,5,12
2981,9327280,1,7892.400278261507992,10,10,0,10.000000000000000,0.000000000000000,10.000000000000000,1,10,10,10
2982,9327282,2,15784.800556523015985,10,11,1,10.500000000000000,0.500000000000000,21.000000000000000,2,10,10,10
2983,9327284,28,220987.207791322231060,1,19,18,9.500000000000000,4.724555912615340,266.000000000000000,15,8,1,10
2984,9327286,20,157848.005565230152570,1,16,15,9.150000000000000,3.745330426010501,183.000000000000000,10,7,1,9
2985,9327288,25,197310.006956537690712,4,22,18,9.279999999999999,4.266333320311483,232.000000000000000,12,5,4,8
2986,9327290,17,134170.804730445641326,2,23,21,9.294117647058824,4.560246457250424,158.000000000000000,10,9,2,9
2987,9327292,22,173632.806121753179468,1,23,22,7.454545454545454,4.924219114163942,164.000000000000000,11,7,6,7
2988,9327294,14,110493.603895661115530,1,10,9,4.785714285714286,2.365785023097028,67.000000000000000,7,3,1,4
2989,9327300,15,118386.004173922614427,2,7,5,3.933333333333333,1.436043948569201,59.000000000000000,5,4,5,4
2990,9327302,24,189417.606678276206367,2,17,15,10.500000000000000,4.387482193696061,252.000000000000000,13,15,2,11
2991,9327304,47,370942.813078290899284,2,44,42,19.574468085106382,12.636900846922039,920.000000000000000,28,3,2,16
2992,9327306,20,157848.005565230152570,5,37,32,15.449999999999999,8.163792011069365,309.000000000000000,14,14,7,14
2993,9327308,6,47354.401669569051592,2,20,18,8.833333333333334,5.842849380986034,53.000000000000000,6,2,2,6
2994,9327310,14,110493.603895661115530,3,15,12,8.857142857142858,3.661715890850369,124.000000000000000,10,6,3,8
2995,9327312,18,142063.205008707154775,1,11,10,5.277777777777778,2.863671993079972,95.000000000000000,6,4,1,4
2996,9327314,26,205202.407234799204161,1,19,18,7.615384615384615,5.159583488533539,198.000000000000000,14,2,5,6
2997,9327316,17,134170.804730445641326,2,24,22,10.411764705882353,5.841623701852802,177.000000000000000,12,7,2,10
2998,9327318,56,441974.415582644462120,1,31,30,10.232142857142858,6.327352954290069,573.000000000000000,19,10,6,10
2999,9327320,18,142063.205008707154775,1,21,20,7.555555555555555,4.206109606832823,136.000000000000000,9,6,1,7
3000,9327322,6,47354.401669569051592,5,14,9,9.666666666666666,2.748737083745108,58.000000000000000,5,10,5,10
3001,9327324,15,118386.004173922614427,3,27,24,15.600000000000000,6.468384651518491,234.000000000000000,11,21,3,16
3002,9327326,38,299911.210573937278241,1,23,22,9.921052631578947,5.944398420040273,377.000000000000000,18,4,1,9
3003,9327328,3,23677.200834784525796,10,13,3,12.000000000000000,1.414213562373095,36.000000000000000,2,13,10,13
3004,9327330,17,134170.804730445641326,3,21,18,12.882352941176471,5.234302615958740,219.000000000000000,11,10,3,14
3005,9327332,3,23677.200834784525796,1,10,9,6.000000000000000,3.741657386773941,18.000000000000000,3,1,1,7
3006,9327334,6,47354.401669569051592,6,17,11,12.166666666666666,3.975620147292188,73.000000000000000,5,13,6,13
3007,9327336,3,23677.200834784525796,17,35,18,29.000000000000000,8.485281374238570,87.000000000000000,2,35,17,35
3008,9327338,6,47354.401669569051592,5,12,7,8.833333333333334,2.733536577809454,53.000000000000000,5,12,5,8
3009,9327340,24,189417.606678276206367,1,18,17,8.666666666666666,5.474689235218948,208.000000000000000,14,4,2,8
3010,9327342,23,181525.206400014692917,2,12,10,5.565217391304348,2.464109098313870,128.000000000000000,9,4,7,5
3011,9327344,41,323588.411408721818589,3,26,23,8.975609756097562,5.412216555426403,368.000000000000000,17,4,6,7
3012,9327346,19,149955.605286968639120,1,37,36,13.631578947368421,8.548379509811628,259.000000000000000,14,10,1,11
3013,9327348,5,39462.001391307538142,20,36,16,30.800000000000001,5.600000000000003,154.000000000000000,4,32,20,32
3014,9327350,10,78924.002782615076285,2,37,35,24.899999999999999,10.501904589168578,249.000000000000000,9,22,2,25
3015,9327352,12,94708.803339138103183,4,20,16,9.666666666666666,5.467073155618909,116.000000000000000,7,4,12,6
3016,9327354,15,118386.004173922614427,3,18,15,11.133333333333333,5.352465683111746,167.000000000000000,10,5,3,12
3017,9327356,12,94708.803339138103183,1,11,10,5.000000000000000,3.162277660168380,60.000000000000000,8,3,2,3
3018,9327360,20,157848.005565230152570,6,28,22,16.199999999999999,5.870264048575669,324.000000000000000,14,15,6,15
3019,9327362,49,386727.613634813867975,1,28,27,9.714285714285714,6.848208465261076,476.000000000000000,20,3,6,9
3020,9327364,12,94708.803339138103183,2,17,15,9.833333333333334,4.393808775488021,118.000000000000000,8,5,2,9
3021,9327366,30,236772.008347845228855,1,18,17,5.100000000000000,4.511836285445946,153.000000000000000,9,4,10,4
3022,9327368,20,157848.005565230152570,1,18,17,10.050000000000001,5.536018424824830,201.000000000000000,13,5,1,10
3023,9327370,11,86816.403060876589734,4,24,20,12.272727272727273,5.971004317699281,135.000000000000000,10,4,8,11
3024,9327372,12,94708.803339138103183,2,10,8,5.083333333333333,2.253084305765963,61.000000000000000,8,3,2,5
3025,9327374,8,63139.202226092063938,2,21,19,11.875000000000000,5.060570619999290,95.000000000000000,6,11,2,11
3026,9327376,19,149955.605286968639120,1,12,11,4.157894736842105,2.700159018606455,79.000000000000000,9,3,6,3
3027,9327378,5,39462.001391307538142,4,20,16,12.199999999999999,5.230678732248809,61.000000000000000,5,4,4,13
3028,9327380,20,157848.005565230152570,4,24,20,9.800000000000001,5.182663407939975,196.000000000000000,11,9,7,9
3029,9327382,19,149955.605286968639120,2,24,22,12.157894736842104,6.028556237168991,231.000000000000000,13,10,2,11
3030,9327384,8,63139.202226092063938,11,31,20,19.750000000000000,7.137051211810099,158.000000000000000,5,14,11,14
3031,9327386,9,71031.602504353577388,2,14,12,7.777777777777778,3.552081636254618,70.000000000000000,7,8,2,8
3032,9327390,12,94708.803339138103183,1,13,12,4.250000000000000,3.810621121724559,51.000000000000000,7,2,3,2
3033,9327392,9,71031.602504353577388,2,13,11,7.222222222222222,3.325917677132392,65.000000000000000,7,7,2,7
3034,9327394,22,173632.806121753179468,1,34,33,13.681818181818182,9.127313473288261,301.000000000000000,17,10,5,10
3035,9327396,26,205202.407234799204161,2,47,45,13.807692307692308,12.325767976601609,359.000000000000000,14,12,2,10
3036,9327398,11,86816.403060876589734,3,23,20,12.909090909090908,7.341718221661806,142.000000000000000,10,23,3,12
3037,9327400,11,86816.403060876589734,1,18,17,5.636363636363637,4.676298599858794,62.000000000000000,8,4,1,4
3038,9327402,8,63139.202226092063938,2,23,21,9.875000000000000,6.293597937587053,79.000000000000000,7,7,2,7
3039,9327404,2,15784.800556523015985,10,10,0,10.000000000000000,0.000000000000000,20.000000000000000,1,10,10,10
3040,9327408,30,236772.008347845228855,3,33,30,12.333333333333334,7.858470306335422,370.000000000000000,17,7,12,11
3041,9327410,10,78924.002782615076285,1,12,11,5.300000000000000,3.661966684720111,53.000000000000000,8,1,2,5
3042,9327412,38,299911.210573937278241,1,31,30,10.526315789473685,7.642460481812547,400.000000000000000,19,3,6,8
3043,9327414,7,55246.801947830557765,5,21,16,10.142857142857142,5.667666978536393,71.000000000000000,5,5,6,9
3044,9327416,3,23677.200834784525796,4,7,3,5.333333333333333,1.247219128924648,16.000000000000000,3,4,4,5
3045,9327418,18,142063.205008707154775,1,16,15,5.944444444444445,3.748662312852742,107.000000000000000,11,4,1,5
3046,9327420,6,47354.401669569051592,2,4,2,2.333333333333333,0.745355992499929,14.000000000000000,2,2,4,2
3047,9327424,1,7892.400278261507992,11,11,0,11.000000000000000,0.000000000000000,11.000000000000000,1,11,11,11
3048,9327426,2,15784.800556523015985,2,3,1,2.500000000000000,0.500000000000000,5.000000000000000,2,2,2,2
3049,9327428,15,118386.004173922614427,1,7,6,3.600000000000000,1.925270543759153,54.000000000000000,7,2,5,3
3050,9327430,15,118386.004173922614427,1,15,14,8.266666666666667,4.508756911709576,124.000000000000000,9,12,2,8
3051,9327432,7,55246.801947830557765,4,17,13,13.285714285714286,4.060762972443396,93.000000000000000,4,14,4,14
3052,9327434,4,31569.601113046031969,3,10,7,6.250000000000000,2.487468592766550,25.000000000000000,3,6,3,6
3053,9327436,11,86816.403060876589734,1,13,12,6.909090909090909,2.874797872880344,76.000000000000000,7,5,1,7
3054,9327438,26,205202.407234799204161,1,12,11,3.884615384615385,3.016963872159751,101.000000000000000,10,1,6,3
3055,9327440,14,110493.603895661115530,2,14,12,7.500000000000000,3.289593982762701,105.000000000000000,9,7,5,7
3056,9327444,1,7892.400278261507992,6,6,0,6.000000000000000,0.000000000000000,6.000000000000000,1,6,6,6
3057,9327446,11,86816.403060876589734,4,21,17,10.545454545454545,4.658591991025076,116.000000000000000,8,7,4,10
3058,9327448,5,39462.001391307538142,13,32,19,25.800000000000001,6.794115100585207,129.000000000000000,5,13,13,27
3059,9327450,13,102601.203617399602081,2,29,27,9.615384615384615,6.911956881303158,125.000000000000000,10,8,2,8
3060,9327452,2,15784.800556523015985,10,14,4,12.000000000000000,2.000000000000000,24.000000000000000,2,10,10,10
3061,9327454,27,213094.807513060717611,3,23,20,12.000000000000000,5.483983413001362,324.000000000000000,16,7,3,12
3062,9327458,6,47354.401669569051592,5,13,8,9.833333333333334,2.733536577809452,59.000000000000000,4,9,5,9
3063,9327460,11,86816.403060876589734,1,5,4,2.363636363636364,1.067940011315521,26.000000000000000,4,2,5,2
3064,9327462,8,63139.202226092063938,1,26,25,11.250000000000000,7.996092795859738,90.000000000000000,7,10,1,10
3065,9327464,5,39462.001391307538142,3,7,4,4.600000000000000,1.624807680927192,23.000000000000000,4,3,4,4
3066,9327466,10,78924.002782615076285,5,28,23,17.199999999999999,6.968500556073738,172.000000000000000,9,15,5,15
3067,9327468,10,78924.002782615076285,4,17,13,10.800000000000001,3.944616584663203,108.000000000000000,9,11,4,11
3068,9327470,6,47354.401669569051592,3,18,15,8.833333333333334,5.398044913567215,53.000000000000000,5,5,3,5
3069,9327472,16,126278.404452184127877,1,31,30,14.812500000000000,7.299133082085844,237.000000000000000,12,5,1,14
3070,9327474,9,71031.602504353577388,8,13,5,9.444444444444445,1.498970840359114,85.000000000000000,4,9,11,9
3071,9327476,7,55246.801947830557765,5,12,7,8.428571428571429,2.441143927233580,59.000000000000000,4,7,5,8
3072,9327478,27,213094.807513060717611,1,22,21,7.111111111111111,4.976487928124154,192.000000000000000,11,10,1,8
3073,9327480,34,268341.609460891282652,2,29,27,12.676470588235293,7.575970480388845,431.000000000000000,21,4,2,12
3074,9327482,21,165740.405843491666019,4,39,35,17.809523809523810,9.131937924089996,374.000000000000000,15,28,4,17
3075,9327484,8,63139.202226092063938,9,23,14,14.875000000000000,4.456385867493972,119.000000000000000,7,13,9,13
3076,9327486,38,299911.210573937278241,3,39,36,17.657894736842106,9.333799124374963,671.000000000000000,22,8,5,17
3077,9327488,1,7892.400278261507992,4,4,0,4.000000000000000,0.000000000000000,4.000000000000000,1,4,4,4
3078,9327512,25,197310.006956537690712,1,17,16,8.240000000000000,4.301441618806420,206.000000000000000,13,6,1,8
3079,9327514,21,165740.405843491666019,5,22,17,10.285714285714286,4.681705602335411,216.000000000000000,10,6,5,9
3080,9327516,17,134170.804730445641326,7,24,17,14.764705882352942,4.277566814752434,251.000000000000000,12,13,7,13
3081,9327518,19,149955.605286968639120,2,32,30,12.157894736842104,8.215922653089624,231.000000000000000,10,9,2,10
3082,9327520,11,86816.403060876589734,6,18,12,9.272727272727273,3.305392538672334,102.000000000000000,7,7,6,8
3083,9327522,17,134170.804730445641326,1,13,12,5.882352941176471,3.410750356311582,100.000000000000000,9,5,1,5
3084,9327524,16,126278.404452184127877,3,30,27,16.500000000000000,8.810505093353047,264.000000000000000,11,10,3,11
3085,9327526,14,110493.603895661115530,2,20,18,10.214285714285714,5.845371446447076,143.000000000000000,12,4,2,8
3086,9327528,27,213094.807513060717611,2,19,17,9.592592592592593,4.474282555849010,259.000000000000000,15,4,2,9
3087,9327530,20,157848.005565230152570,2,26,24,10.100000000000000,7.182617907142215,202.000000000000000,12,4,7,6
3088,9327532,16,126278.404452184127877,1,29,28,14.375000000000000,8.169111028747253,230.000000000000000,14,12,1,14
3089,9327534,9,71031.602504353577388,1,27,26,9.555555555555555,8.328146533974893,86.000000000000000,7,1,6,8
3090,9327536,40,315696.011130460305139,1,17,16,8.050000000000001,4.387197283004263,322.000000000000000,15,8,12,8
3091,9327538,29,228879.608069583744509,2,21,19,7.862068965517241,4.953049481648407,228.000000000000000,12,5,4,6
3092,9327540,42,331480.811686983332038,1,16,15,7.023809523809524,3.738398531827023,295.000000000000000,15,6,4,7
3093,9327542,15,118386.004173922614427,1,8,7,4.333333333333333,1.920648038785058,65.000000000000000,8,4,1,4
3094,9327544,18,142063.205008707154775,8,36,28,22.666666666666668,6.904105059069326,408.000000000000000,13,23,8,23
3095,9327546,28,220987.207791322231060,2,19,17,9.750000000000000,3.933600676951626,273.000000000000000,13,11,2,10
3096,9327548,36,284126.410017414309550,2,21,19,10.277777777777779,4.670302816206002,370.000000000000000,17,8,2,9
3097,9327550,28,220987.207791322231060,2,18,16,8.285714285714286,4.025429372458676,232.000000000000000,14,5,2,7
3098,9327552,56,441974.415582644462120,3,21,18,9.571428571428571,4.203982562732048,536.000000000000000,17,7,6,9
3099,9327554,23,181525.206400014692917,2,29,27,8.739130434782609,7.349755342301022,201.000000000000000,10,9,15,5
3100,9327556,30,236772.008347845228855,1,31,30,11.966666666666667,8.340596834493054,359.000000000000000,17,6,1,10
3101,9327558,3,23677.200834784525796,1,5,4,3.000000000000000,1.632993161855452,9.000000000000000,3,1,1,3
3102,9327560,5,39462.001391307538142,3,8,5,6.200000000000000,2.227105745132008,31.000000000000000,3,8,3,8
3103,9327562,13,102601.203617399602081,2,15,13,8.153846153846153,4.720595690020388,106.000000000000000,8,2,5,7
3104,9327564,10,78924.002782615076285,2,13,11,7.800000000000000,3.841874542459709,78.000000000000000,6,13,2,7
3105,9327566,12,94708.803339138103183,1,10,9,6.583333333333333,2.531742921827220,79.000000000000000,7,7,1,7
3106,9327568,24,189417.606678276206367,4,25,21,12.458333333333334,5.492260969360027,299.000000000000000,16,15,6,13
3107,9327570,34,268341.609460891282652,1,26,25,8.852941176470589,6.408323415413721,301.000000000000000,17,5,8,7
3108,9327572,10,78924.002782615076285,4,24,20,10.900000000000000,5.204805471869240,109.000000000000000,7,10,4,10
3109,9327574,24,189417.606678276206367,2,12,10,6.666666666666667,2.733536577809454,160.000000000000000,11,6,5,7
3110,9327576,8,63139.202226092063938,1,13,12,8.375000000000000,3.159806164941135,67.000000000000000,5,9,1,9
3111,9327578,29,228879.608069583744509,1,12,11,3.931034482758621,3.128633440610691,114.000000000000000,11,1,5,3
3112,9327580,20,157848.005565230152570,1,17,16,4.650000000000000,3.595483277669359,93.000000000000000,10,3,5,4
3113,9327582,39,307803.610852198791690,1,26,25,5.076923076923077,4.900992130770842,198.000000000000000,11,2,8,4
3114,9327584,24,189417.606678276206367,2,11,9,5.208333333333333,2.723037009582418,125.000000000000000,9,3,6,4
3115,9327586,12,94708.803339138103183,1,7,6,3.166666666666667,1.818118685772619,38.000000000000000,6,2,3,2
3116,9327588,20,157848.005565230152570,1,8,7,3.450000000000000,2.060946384552495,69.000000000000000,7,4,3,4
3117,9327590,17,134170.804730445641326,3,22,19,10.117647058823529,5.603385037228168,172.000000000000000,11,5,3,8
3118,9327592,41,323588.411408721818589,1,16,15,7.487804878048781,4.351181231374865,307.000000000000000,16,4,5,8
3119,9327594,31,244664.408626106742304,1,21,20,9.612903225806452,5.504704260052010,298.000000000000000,17,12,2,10
3120,9327596,40,315696.011130460305139,1,18,17,6.075000000000000,4.191583829532698,243.000000000000000,13,7,9,5
3121,9327598,22,173632.806121753179468,1,15,14,4.590909090909091,4.119345611193944,101.000000000000000,10,1,5,2
3122,9327600,19,149955.605286968639120,1,13,12,4.473684210526316,3.514906917276631,85.000000000000000,8,2,8,3
3123,9327602,40,315696.011130460305139,1,30,29,15.100000000000000,9.161877536837087,604.000000000000000,24,3,1,13
3124,9327604,36,284126.410017414309550,3,30,27,10.500000000000000,6.538348415311011,378.000000000000000,16,13,5,8
3125,9327606,15,118386.004173922614427,3,11,8,7.600000000000000,2.751968992073373,114.000000000000000,7,8,7,8
3126,9327608,19,149955.605286968639120,5,15,10,10.578947368421053,3.031688594508350,201.000000000000000,8,14,7,11
3127,9327610,25,197310.006956537690712,4,22,18,11.680000000000000,5.057430177471559,292.000000000000000,14,11,6,11
3128,9327612,28,220987.207791322231060,2,34,32,11.928571428571429,9.023495408529618,334.000000000000000,16,4,2,9
3129,9327614,24,189417.606678276206367,2,26,24,14.083333333333334,7.926309916278122,338.000000000000000,16,11,4,12
3130,9327616,21,165740.405843491666019,1,31,30,11.380952380952381,7.040536982200464,239.000000000000000,13,8,4,10
3131,9327618,13,102601.203617399602081,1,22,21,10.307692307692308,7.887522916066823,134.000000000000000,8,4,3,5
3132,9327620,17,134170.804730445641326,7,34,27,21.647058823529413,8.014260646024816,368.000000000000000,13,7,9,24
3133,9327622,23,181525.206400014692917,1,23,22,7.739130434782608,5.326042590764643,178.000000000000000,12,6,4,7
3134,9327624,8,63139.202226092063938,2,7,5,5.000000000000000,1.581138830084190,40.000000000000000,5,6,2,5
3135,9327626,14,110493.603895661115530,5,16,11,9.500000000000000,3.375330671631617,133.000000000000000,8,9,6,9
3136,9327628,12,94708.803339138103183,7,23,16,11.583333333333334,4.132358756072477,139.000000000000000,8,7,8,11
3137,9327630,33,260449.209182629769202,2,25,23,8.303030303030303,4.468643943754238,274.000000000000000,14,6,3,7
3138,9327632,33,260449.209182629769202,2,22,20,9.272727272727273,4.762687853753015,306.000000000000000,15,4,2,9
3139,9327634,4,31569.601113046031969,6,13,7,8.250000000000000,2.772634126602354,33.000000000000000,3,7,6,7
3140,9327636,14,110493.603895661115530,1,20,19,9.071428571428571,4.992341072859016,127.000000000000000,9,10,1,9
3141,9327640,16,126278.404452184127877,1,23,22,5.875000000000000,5.914759082160490,94.000000000000000,9,4,1,4
3142,9327642,2,15784.800556523015985,11,13,2,12.000000000000000,1.000000000000000,24.000000000000000,2,11,11,11
3143,9327646,1,7892.400278261507992,3,3,0,3.000000000000000,0.000000000000000,3.000000000000000,1,3,3,3
3144,9327648,1,7892.400278261507992,6,6,0,6.000000000000000,0.000000000000000,6.000000000000000,1,6,6,6
3145,9327650,3,23677.200834784525796,2,4,2,3.000000000000000,0.816496580927726,9.000000000000000,3,2,2,3
3146,9327652,64,505113.617808736511506,1,18,17,7.562500000000000,4.537603304609164,484.000000000000000,17,5,8,6
3147,9327654,12,94708.803339138103183,1,17,16,7.500000000000000,5.530220007679019,90.000000000000000,7,4,3,4
3148,9327656,1,7892.400278261507992,17,17,0,17.000000000000000,0.000000000000000,17.000000000000000,1,17,17,17
3149,9327658,9,71031.602504353577388,1,16,15,9.666666666666666,5.497474167490214,87.000000000000000,8,15,1,11
3150,9327660,2,15784.800556523015985,3,4,1,3.500000000000000,0.500000000000000,7.000000000000000,2,3,3,3
3151,9327664,62,489328.817252213484608,1,84,83,17.903225806451612,18.980218630763769,1110.000000000000000,31,3,7,10
3152,9327666,6,47354.401669569051592,2,44,42,20.333333333333332,12.631530214330946,122.000000000000000,5,18,2,18
3153,9327668,2,15784.800556523015985,3,6,3,4.500000000000000,1.500000000000000,9.000000000000000,2,3,3,3
3154,9327670,72,568252.820034828619100,1,24,23,6.277777777777778,4.093430448841921,452.000000000000000,15,4,12,6
3155,9327672,34,268341.609460891282652,1,45,44,20.500000000000000,11.747966031715999,697.000000000000000,23,15,1,17
3156,9327674,10,78924.002782615076285,4,25,21,15.199999999999999,7.717512552629894,152.000000000000000,8,25,4,13
3157,9327676,8,63139.202226092063938,5,27,22,15.125000000000000,7.473912964438374,121.000000000000000,8,5,5,12
3158,9327678,10,78924.002782615076285,9,53,44,30.000000000000000,17.337819932159867,300.000000000000000,7,11,9,18
3159,9327680,3,23677.200834784525796,12,25,13,17.333333333333332,5.557777333511025,52.000000000000000,3,12,12,15
3160,9327682,2,15784.800556523015985,3,10,7,6.500000000000000,3.500000000000000,13.000000000000000,2,3,3,3
3161,9327684,5,39462.001391307538142,1,4,3,2.200000000000000,1.469693845669907,11.000000000000000,2,1,4,1
3162,9327686,1,7892.400278261507992,7,7,0,7.000000000000000,0.000000000000000,7.000000000000000,1,7,7,7
3163,9327688,1,7892.400278261507992,3,3,0,3.000000000000000,0.000000000000000,3.000000000000000,1,3,3,3
3164,9327690,1,7892.400278261507992,4,4,0,4.000000000000000,0.000000000000000,4.000000000000000,1,4,4,4
3165,9327692,9,71031.602504353577388,1,5,4,2.555555555555555,1.257078722109418,23.000000000000000,5,2,4,2
3166,9327694,66,520898.418365259538405,1,21,20,6.272727272727272,4.329411236287512,414.000000000000000,16,2,13,5
3167,9327696,8,63139.202226092063938,3,8,5,4.625000000000000,1.798436821242270,37.000000000000000,4,3,5,3
3168,9327698,11,86816.403060876589734,1,21,20,8.181818181818182,7.284082045094593,90.000000000000000,8,1,4,5
3169,9327700,23,181525.206400014692917,1,13,12,5.217391304347826,3.450979970953814,120.000000000000000,10,2,1,4
3170,9327702,24,189417.606678276206367,1,19,18,7.416666666666667,5.267167697686827,178.000000000000000,12,4,12,6
3171,9327704,1,7892.400278261507992,8,8,0,8.000000000000000,0.000000000000000,8.000000000000000,1,8,8,8
3172,9327706,13,102601.203617399602081,2,17,15,8.230769230769230,4.559923180085826,107.000000000000000,10,4,2,8
3173,9327708,1,7892.400278261507992,4,4,0,4.000000000000000,0.000000000000000,4.000000000000000,1,4,4,4
3174,9327712,8,63139.202226092063938,4,10,6,7.750000000000000,1.785357107135713,62.000000000000000,5,8,4,8
3175,9327714,21,165740.405843491666019,1,21,20,6.904761904761905,4.628120691359166,145.000000000000000,11,4,1,5
3176,9327716,1,7892.400278261507992,12,12,0,12.000000000000000,0.000000000000000,12.000000000000000,1,12,12,12
3177,9327718,52,410404.814469598408323,1,25,24,6.692307692307693,5.231334811052093,348.000000000000000,15,1,11,6
3178,9327720,1,7892.400278261507992,13,13,0,13.000000000000000,0.000000000000000,13.000000000000000,1,13,13,13
3179,9327722,33,260449.209182629769202,1,22,21,9.393939393939394,4.518912405619324,310.000000000000000,15,9,1,9
3180,9327724,3,23677.200834784525796,9,26,17,17.000000000000000,6.976149845485450,51.000000000000000,3,9,9,16
3181,9327726,94,741885.626156581798568,1,39,38,11.723404255319149,10.336265689843973,1102.000000000000000,32,3,11,7
3182,9327728,2,15784.800556523015985,7,17,10,12.000000000000000,5.000000000000000,24.000000000000000,2,7,7,7
3183,9327730,34,268341.609460891282652,1,31,30,7.970588235294118,9.525462144470678,271.000000000000000,13,1,9,3
3184,9327732,3,23677.200834784525796,2,4,2,3.333333333333333,0.942809041582063,10.000000000000000,2,4,2,4
3185,9327734,8,63139.202226092063938,1,28,27,8.875000000000000,8.894345113610107,71.000000000000000,7,6,1,5
3186,9327736,2,15784.800556523015985,10,14,4,12.000000000000000,2.000000000000000,24.000000000000000,2,10,10,10
3187,9327738,40,315696.011130460305139,1,31,30,10.550000000000001,8.697557128297577,422.000000000000000,18,3,6,7
3188,9327740,1,7892.400278261507992,12,12,0,12.000000000000000,0.000000000000000,12.000000000000000,1,12,12,12
3189,9327742,5,39462.001391307538142,4,13,9,10.800000000000001,3.487119154832538,54.000000000000000,3,13,4,13
3190,9327744,18,142063.205008707154775,1,10,9,5.055555555555555,2.895825006649367,91.000000000000000,9,3,8,4
3191,9327746,1,7892.400278261507992,12,12,0,12.000000000000000,0.000000000000000,12.000000000000000,1,12,12,12
3192,9327748,22,173632.806121753179468,1,27,26,12.363636363636363,8.466755601363673,272.000000000000000,13,24,1,8
3193,9327752,31,244664.408626106742304,2,29,27,10.483870967741936,5.656118398529983,325.000000000000000,15,4,6,10
3194,9327754,13,102601.203617399602081,1,31,30,8.846153846153847,8.075091367391206,115.000000000000000,8,1,3,8
3195,9327756,30,236772.008347845228855,1,35,34,10.233333333333333,11.453335273573760,307.000000000000000,15,2,4,3
3196,9327758,3,23677.200834784525796,7,7,0,7.000000000000000,0.000000000000000,21.000000000000000,1,7,7,7
3197,9327760,28,220987.207791322231060,1,31,30,9.071428571428571,7.680813626119545,254.000000000000000,18,5,3,6
3198,9327762,2,15784.800556523015985,7,10,3,8.500000000000000,1.500000000000000,17.000000000000000,2,7,7,7
3199,9327764,5,39462.001391307538142,3,12,9,7.400000000000000,3.382306905057552,37.000000000000000,4,9,3,9
3200,9327766,3,23677.200834784525796,7,16,9,13.000000000000000,4.242640687119285,39.000000000000000,2,16,7,16
3201,9327768,1,7892.400278261507992,25,25,0,25.000000000000000,0.000000000000000,25.000000000000000,1,25,25,25
3202,9327770,4,31569.601113046031969,6,23,17,15.250000000000000,7.822243923581008,61.000000000000000,3,23,6,9
3203,9327774,3,23677.200834784525796,13,21,8,16.000000000000000,3.559026084010437,48.000000000000000,3,13,13,14
3204,9327776,8,63139.202226092063938,5,24,19,14.750000000000000,6.378675411086537,118.000000000000000,6,8,5,17
3205,9327778,55,434082.015304382948671,1,31,30,12.581818181818182,6.395142784932126,692.000000000000000,20,13,8,13
3206,9327780,14,110493.603895661115530,2,25,23,11.000000000000000,6.740072064048828,154.000000000000000,12,5,2,9
3207,9327782,16,126278.404452184127877,2,22,20,7.375000000000000,5.475799028452378,118.000000000000000,9,3,5,4
3208,9327784,5,39462.001391307538142,12,19,7,14.600000000000000,2.576819745345027,73.000000000000000,4,13,12,13
3209,9327786,12,94708.803339138103183,1,26,25,13.000000000000000,6.819090848492928,156.000000000000000,7,14,10,14
3210,9327788,29,228879.608069583744509,1,33,32,14.379310344827585,8.587937784267229,417.000000000000000,17,6,3,15
3211,9327790,1,7892.400278261507992,17,17,0,17.000000000000000,0.000000000000000,17.000000000000000,1,17,17,17
3212,9327792,10,78924.002782615076285,5,19,14,10.699999999999999,3.976179070414210,107.000000000000000,7,5,9,10
3213,9327794,1,7892.400278261507992,8,8,0,8.000000000000000,0.000000000000000,8.000000000000000,1,8,8,8
3214,9327798,11,86816.403060876589734,1,23,22,10.090909090909092,7.867707826697747,111.000000000000000,7,17,5,6
3215,9327800,10,78924.002782615076285,1,22,21,9.100000000000000,7.340980860893182,91.000000000000000,9,1,2,7
3216,9327802,43,339373.211965244845487,2,46,44,20.720930232558139,12.102902941021368,891.000000000000000,25,20,2,20
3217,9327806,6,47354.401669569051592,6,25,19,11.333333333333334,6.420453428086073,68.000000000000000,4,6,11,10
3218,9327808,14,110493.603895661115530,3,29,26,11.500000000000000,7.556926813006915,161.000000000000000,10,8,3,8
3219,9327810,2,15784.800556523015985,2,6,4,4.000000000000000,2.000000000000000,8.000000000000000,2,2,2,2
3220,9327812,9,71031.602504353577388,3,25,22,11.555555555555555,8.015417243053971,104.000000000000000,6,3,5,9
3221,9327814,3,23677.200834784525796,7,33,26,17.666666666666668,11.115554667022044,53.000000000000000,3,7,7,13
3222,9327816,3,23677.200834784525796,7,15,8,10.000000000000000,3.559026084010437,30.000000000000000,3,7,7,8
3223,9327818,10,78924.002782615076285,4,12,8,7.800000000000000,2.441311123146741,78.000000000000000,5,6,4,6
3224,9327820,30,236772.008347845228855,1,40,39,20.000000000000000,11.927559124425528,600.000000000000000,24,1,3,18
3225,9327824,5,39462.001391307538142,4,31,27,15.000000000000000,9.654014708917737,75.000000000000000,4,17,4,17
3226,9327828,3,23677.200834784525796,7,9,2,8.333333333333334,0.942809041582062,25.000000000000000,2,9,7,9
3227,9327832,3,23677.200834784525796,2,8,6,4.333333333333333,2.624669291337271,13.000000000000000,3,2,2,3
3228,9327834,6,47354.401669569051592,1,9,8,3.333333333333333,3.091206165165234,20.000000000000000,4,1,2,1
3229,9327842,35,276234.009739152796101,1,23,22,10.742857142857142,6.608837620480440,376.000000000000000,18,9,3,9
3230,9327846,7,55246.801947830557765,4,25,21,13.428571428571429,8.050858744917356,94.000000000000000,7,4,4,11
3231,9327850,1,7892.400278261507992,4,4,0,4.000000000000000,0.000000000000000,4.000000000000000,1,4,4,4
3232,9327852,30,236772.008347845228855,3,21,18,9.933333333333334,5.265822717191388,298.000000000000000,15,6,4,8
3233,9327854,52,410404.814469598408323,1,29,28,13.192307692307692,7.839835314053434,686.000000000000000,24,17,1,13
3234,9327858,4,31569.601113046031969,8,22,14,13.250000000000000,5.539629951540085,53.000000000000000,4,8,8,9
3235,9327860,2,15784.800556523015985,5,9,4,7.000000000000000,2.000000000000000,14.000000000000000,2,5,5,5
3236,9327862,7,55246.801947830557765,3,13,10,8.285714285714286,3.614031611621004,58.000000000000000,6,11,3,10
3237,9327864,5,39462.001391307538142,3,8,5,6.200000000000000,2.227105745132008,31.000000000000000,3,8,3,8
3238,9327866,9,71031.602504353577388,4,26,22,15.777777777777779,7.450246495217872,142.000000000000000,8,11,4,16
3239,9327868,3,23677.200834784525796,5,17,12,11.666666666666666,4.988876515698589,35.000000000000000,3,5,5,13
3240,9327870,34,268341.609460891282652,1,18,17,6.529411764705882,4.833919942129826,222.000000000000000,14,2,5,4
3241,9327872,61,481436.416973951971158,1,26,25,11.573770491803279,6.418362531570669,706.000000000000000,23,10,3,11
3242,9327876,5,39462.001391307538142,4,11,7,7.200000000000000,2.785677655436824,36.000000000000000,5,4,4,6
3243,9327880,21,165740.405843491666019,1,15,14,4.285714285714286,3.679322623253687,90.000000000000000,8,2,1,3
3244,9327884,5,39462.001391307538142,3,8,5,5.400000000000000,2.059126028197400,27.000000000000000,4,3,6,6
3245,9327886,27,213094.807513060717611,1,16,15,5.407407407407407,4.174519349216406,146.000000000000000,12,2,6,4
3246,9327888,1,7892.400278261507992,10,10,0,10.000000000000000,0.000000000000000,10.000000000000000,1,10,10,10
3247,9327890,34,268341.609460891282652,1,17,16,7.735294117647059,4.797725095288953,263.000000000000000,13,7,6,7
3248,9327894,17,134170.804730445641326,1,25,24,14.470588235294118,7.941830038464786,246.000000000000000,11,18,1,17
3249,9327896,30,236772.008347845228855,1,38,37,18.000000000000000,12.187425213445756,540.000000000000000,19,4,1,18
3250,9327900,3,23677.200834784525796,1,9,8,4.000000000000000,3.559026084010437,12.000000000000000,3,1,1,2
3251,9327902,14,110493.603895661115530,1,8,7,4.857142857142857,2.445320395517670,68.000000000000000,6,7,1,6
3252,9327904,17,134170.804730445641326,1,39,38,12.000000000000000,10.824808108610300,204.000000000000000,13,1,3,10
3253,9327906,23,181525.206400014692917,2,13,11,7.608695652173913,3.358818767970081,175.000000000000000,12,7,3,7
3254,9327908,1,7892.400278261507992,8,8,0,8.000000000000000,0.000000000000000,8.000000000000000,1,8,8,8
3255,9327910,12,94708.803339138103183,2,15,13,6.083333333333333,3.353066589788452,73.000000000000000,7,6,3,6
3256,9327920,1,7892.400278261507992,4,4,0,4.000000000000000,0.000000000000000,4.000000000000000,1,4,4,4
3257,9327922,27,213094.807513060717611,1,10,9,3.370370370370370,2.970822908171182,91.000000000000000,7,1,3,2
3258,9327924,1,7892.400278261507992,7,7,0,7.000000000000000,0.000000000000000,7.000000000000000,1,7,7,7
3259,9327926,4,31569.601113046031969,3,16,13,10.250000000000000,4.866980583482946,41.000000000000000,4,3,3,9
3260,9327928,4,31569.601113046031969,3,9,6,4.750000000000000,2.487468592766550,19.000000000000000,3,3,4,3
3261,9327930,14,110493.603895661115530,1,17,16,7.142857142857143,5.194188275056526,100.000000000000000,9,2,1,4
3262,9327932,1,7892.400278261507992,3,3,0,3.000000000000000,0.000000000000000,3.000000000000000,1,3,3,3
3263,9327934,7,55246.801947830557765,3,16,13,10.142857142857142,4.997958767010258,71.000000000000000,6,16,3,12
3264,9327938,16,126278.404452184127877,1,22,21,10.062500000000000,5.573023752865225,161.000000000000000,11,7,1,9
3265,9327940,3,23677.200834784525796,6,14,8,9.000000000000000,3.559026084010437,27.000000000000000,3,6,6,7
3266,9327942,24,189417.606678276206367,1,23,22,7.250000000000000,6.219927652312364,174.000000000000000,12,1,5,5
3267,9327946,7,55246.801947830557765,3,20,17,7.142857142857143,5.565931353936616,50.000000000000000,3,3,20,7
3268,9327948,16,126278.404452184127877,2,31,29,13.562500000000000,6.990786347042799,217.000000000000000,12,2,6,15
3269,9327950,2,15784.800556523015985,9,17,8,13.000000000000000,4.000000000000000,26.000000000000000,2,9,9,9
3270,9327952,5,39462.001391307538142,10,17,7,13.000000000000000,2.898275349237888,65.000000000000000,4,11,10,11
3271,9327954,1,7892.400278261507992,5,5,0,5.000000000000000,0.000000000000000,5.000000000000000,1,5,5,5
3272,9327956,66,520898.418365259538405,2,37,35,13.348484848484848,8.021736425492518,881.000000000000000,22,14,16,11
3273,9327958,2,15784.800556523015985,3,5,2,4.000000000000000,1.000000000000000,8.000000000000000,2,3,3,3
3274,9327960,49,386727.613634813867975,1,42,41,15.040816326530612,11.137286489716388,737.000000000000000,26,4,2,13
3275,9327964,3,23677.200834784525796,4,8,4,5.666666666666667,1.699673171197594,17.000000000000000,3,4,4,5
3276,9327966,12,94708.803339138103183,1,51,50,20.833333333333332,17.338941400468741,250.000000000000000,11,7,1,11
3277,9327970,37,292018.810295675822999,2,46,44,24.837837837837839,12.650207804112032,919.000000000000000,24,8,2,25
3278,9327974,36,284126.410017414309550,1,27,26,12.055555555555555,8.618276588624008,434.000000000000000,19,1,7,11
3279,9327978,4,31569.601113046031969,3,17,14,11.000000000000000,5.099019513592784,44.000000000000000,4,3,3,11
3280,9327980,19,149955.605286968639120,1,27,26,10.526315789473685,7.147825735311561,200.000000000000000,12,9,1,9
3281,9327984,20,157848.005565230152570,1,24,23,10.600000000000000,7.130217387990355,212.000000000000000,10,1,15,12
3282,9327986,4,31569.601113046031969,3,10,7,6.500000000000000,2.500000000000000,26.000000000000000,4,3,3,6
3283,9327988,4,31569.601113046031969,1,7,6,3.000000000000000,2.449489742783178,12.000000000000000,3,1,3,1
3284,9327998,2,15784.800556523015985,1,5,4,3.000000000000000,2.000000000000000,6.000000000000000,2,1,1,1
3285,9328026,24,189417.606678276206367,1,27,26,11.000000000000000,6.608075867199670,264.000000000000000,15,5,1,10
3286,9328028,6,47354.401669569051592,1,14,13,4.000000000000000,4.546060565661952,24.000000000000000,4,1,2,2
3287,9328030,8,63139.202226092063938,2,7,5,4.250000000000000,1.479019945774904,34.000000000000000,5,4,2,4
3288,9328032,3,23677.200834784525796,5,11,6,7.000000000000000,2.828427124746190,21.000000000000000,2,5,11,5
3289,9328034,7,55246.801947830557765,5,21,16,12.714285714285714,5.417281493102442,89.000000000000000,7,5,5,11
3290,9328036,12,94708.803339138103183,6,23,17,11.416666666666666,5.407684860969208,137.000000000000000,8,6,8,8
3291,9328038,3,23677.200834784525796,3,12,9,7.000000000000000,3.741657386773941,21.000000000000000,3,3,3,6
3292,9328040,4,31569.601113046031969,4,11,7,6.250000000000000,2.861380785564899,25.000000000000000,3,4,6,4
3293,9328042,12,94708.803339138103183,3,15,12,9.500000000000000,3.730504880933232,114.000000000000000,11,11,3,10
3294,9328044,53,418297.214747859921772,1,23,22,7.660377358490566,5.146691174558643,406.000000000000000,18,5,8,6
3295,9328048,4,31569.601113046031969,2,13,11,6.750000000000000,4.023369234857770,27.000000000000000,4,2,2,5
3296,9328050,16,126278.404452184127877,5,21,16,13.187500000000000,4.390597197420870,211.000000000000000,11,11,5,13
3297,9328054,2,15784.800556523015985,18,20,2,19.000000000000000,1.000000000000000,38.000000000000000,2,18,18,18
3298,9328056,80,631392.022260920610279,2,16,14,8.287500000000000,3.486379748392306,663.000000000000000,15,6,10,8
3299,9328058,21,165740.405843491666019,1,28,27,8.619047619047619,6.564523632491694,181.000000000000000,13,8,3,8
3300,9328060,9,71031.602504353577388,4,23,19,12.222222222222221,5.672110674711210,110.000000000000000,8,11,4,11
3301,9328062,3,23677.200834784525796,6,11,5,9.000000000000000,2.160246899469287,27.000000000000000,3,6,6,10
3302,9328064,7,55246.801947830557765,2,15,13,7.857142857142857,4.290473547908917,55.000000000000000,4,2,15,8
3303,9328066,8,63139.202226092063938,5,17,12,11.000000000000000,4.472135954999580,88.000000000000000,7,8,5,8
3304,9328068,5,39462.001391307538142,1,9,8,3.800000000000000,2.785677655436824,19.000000000000000,5,1,1,3
3305,9328070,5,39462.001391307538142,6,10,4,8.400000000000000,1.624807680927191,42.000000000000000,4,10,6,9
3306,9328072,13,102601.203617399602081,2,31,29,11.461538461538462,8.381439059616145,149.000000000000000,11,2,4,10
3307,9328076,3,23677.200834784525796,5,6,1,5.666666666666667,0.471404520791028,17.000000000000000,2,6,5,6
3308,9328080,4,31569.601113046031969,5,25,20,12.000000000000000,7.968688725254614,48.000000000000000,4,5,5,6
3309,9328084,1,7892.400278261507992,32,32,0,32.000000000000000,0.000000000000000,32.000000000000000,1,32,32,32
3310,9328086,9,71031.602504353577388,1,5,4,3.111111111111111,1.099943881845740,28.000000000000000,5,3,1,3
3311,9328090,26,205202.407234799204161,1,7,6,2.076923076923077,1.615384615384615,54.000000000000000,7,1,3,1
3312,9328092,23,181525.206400014692917,1,22,21,7.652173913043478,4.787744278269473,176.000000000000000,12,12,1,7
3313,9328094,7,55246.801947830557765,2,23,21,12.857142857142858,7.548482750641661,90.000000000000000,7,2,2,13
3314,9328096,9,71031.602504353577388,6,16,10,9.555555555555555,3.235604395235787,86.000000000000000,6,6,9,9
3315,9328098,5,39462.001391307538142,2,14,12,8.800000000000001,4.354308211415447,44.000000000000000,5,2,2,8
3316,9328100,6,47354.401669569051592,3,32,29,14.000000000000000,9.780933834080807,84.000000000000000,6,3,3,12
3317,9328102,21,165740.405843491666019,1,37,36,15.523809523809524,9.554949092182282,326.000000000000000,16,8,1,14
3318,9328104,5,39462.001391307538142,14,26,12,18.800000000000001,3.919183588453084,94.000000000000000,3,18,14,18
3319,9328612,3,23677.200834784525796,2,9,7,6.333333333333333,3.091206165165235,19.000000000000000,3,2,2,8
3320,9328614,1,7892.400278261507992,6,6,0,6.000000000000000,0.000000000000000,6.000000000000000,1,6,6,6
3321,9328616,4,31569.601113046031969,6,26,20,15.500000000000000,7.228416147400480,62.000000000000000,4,6,6,13
3322,9328618,1,7892.400278261507992,2,2,0,2.000000000000000,0.000000000000000,2.000000000000000,1,2,2,2
3323,9328620,3,23677.200834784525796,1,2,1,1.666666666666667,0.471404520791031,5.000000000000000,2,2,1,2
3324,9328622,5,39462.001391307538142,2,22,20,13.800000000000001,6.968500556073738,69.000000000000000,5,2,2,15
3325,9328624,9,71031.602504353577388,1,6,5,3.111111111111111,1.448711645600588,28.000000000000000,4,3,6,3
3326,9328626,7,55246.801947830557765,1,7,6,2.857142857142857,2.166535841157586,20.000000000000000,5,1,2,2
3327,9328628,1,7892.400278261507992,7,7,0,7.000000000000000,0.000000000000000,7.000000000000000,1,7,7,7
3328,9328630,9,71031.602504353577388,3,17,14,9.222222222222221,5.613035973473374,83.000000000000000,7,3,4,8
3329,9328632,10,78924.002782615076285,2,9,7,5.800000000000000,2.271563338320110,58.000000000000000,6,5,2,5
3330,9328634,5,39462.001391307538142,1,16,15,6.200000000000000,5.455272678794342,31.000000000000000,5,1,1,4
3331,9328636,11,86816.403060876589734,1,11,10,4.545454545454546,3.201239429392547,50.000000000000000,7,4,5,4
3332,9328638,10,78924.002782615076285,3,20,17,9.900000000000000,5.356304696336831,99.000000000000000,7,5,3,9
3333,9328640,6,47354.401669569051592,4,11,7,7.333333333333333,2.211083193570268,44.000000000000000,5,7,4,7
3334,9328642,2,15784.800556523015985,4,8,4,6.000000000000000,2.000000000000000,12.000000000000000,2,4,4,4
3335,9328644,3,23677.200834784525796,7,16,9,11.333333333333334,3.681787005729085,34.000000000000000,3,7,7,11
3336,9328646,1,7892.400278261507992,1,1,0,1.000000000000000,0.000000000000000,1.000000000000000,1,1,1,1
3337,9328650,24,189417.606678276206367,1,16,15,6.875000000000000,5.002603488851247,165.000000000000000,13,2,6,5
3338,9328652,2,15784.800556523015985,2,8,6,5.000000000000000,3.000000000000000,10.000000000000000,2,2,2,2
3339,9328654,14,110493.603895661115530,6,24,18,12.071428571428571,5.035081013879175,169.000000000000000,8,6,12,10
3340,9328656,2,15784.800556523015985,2,5,3,3.500000000000000,1.500000000000000,7.000000000000000,2,2,2,2
3341,9328658,4,31569.601113046031969,2,21,19,8.500000000000000,7.433034373659253,34.000000000000000,4,2,2,4
3342,9328660,5,39462.001391307538142,11,18,7,14.199999999999999,2.227105745132012,71.000000000000000,3,14,11,14
3343,9328662,9,71031.602504353577388,2,15,13,9.000000000000000,4.216370213557839,81.000000000000000,8,11,2,10
3344,9328664,3,23677.200834784525796,16,17,1,16.333333333333332,0.471404520791058,49.000000000000000,2,16,17,16
3345,9328666,6,47354.401669569051592,16,22,6,19.666666666666668,2.054804667656313,118.000000000000000,4,19,16,19
3346,9328668,9,71031.602504353577388,2,18,16,12.111111111111111,4.458311699497528,109.000000000000000,9,2,2,13
3347,9328670,2,15784.800556523015985,15,17,2,16.000000000000000,1.000000000000000,32.000000000000000,2,15,15,15
3348,9328672,7,55246.801947830557765,6,18,12,11.571428571428571,3.539860483818249,81.000000000000000,6,12,6,12
3349,9328674,4,31569.601113046031969,3,26,23,12.250000000000000,8.437268515343103,49.000000000000000,3,10,3,10
3350,9328676,2,15784.800556523015985,18,23,5,20.500000000000000,2.500000000000000,41.000000000000000,2,18,18,18
3351,9328680,4,31569.601113046031969,7,13,6,10.750000000000000,2.277608394786075,43.000000000000000,4,7,7,11
3352,9328682,11,86816.403060876589734,7,17,10,13.090909090909092,2.778310325442929,144.000000000000000,8,11,7,13
3353,9328684,9,71031.602504353577388,2,13,11,5.888888888888889,3.281071791162977,53.000000000000000,7,3,2,6
3354,9328686,4,31569.601113046031969,1,8,7,4.000000000000000,2.738612787525831,16.000000000000000,4,1,1,2
3355,9328688,10,78924.002782615076285,4,14,10,9.400000000000000,3.440930106817051,94.000000000000000,6,13,4,9
3356,9328692,12,94708.803339138103183,16,28,12,21.083333333333332,3.904235591707496,253.000000000000000,7,19,16,19
3357,9328694,5,39462.001391307538142,2,14,12,7.000000000000000,4.560701700396552,35.000000000000000,4,2,8,8
3358,9328696,11,86816.403060876589734,1,12,11,6.181818181818182,3.880444721893280,68.000000000000000,6,9,1,4
3359,9328698,7,55246.801947830557765,6,22,16,13.142857142857142,7.414822441349131,92.000000000000000,5,6,7,8
3360,9328700,19,149955.605286968639120,9,27,18,16.789473684210527,6.262494436332613,319.000000000000000,13,27,11,15
3361,9328702,9,71031.602504353577388,14,28,14,19.222222222222221,4.732342097565969,173.000000000000000,7,14,20,20
3362,9328704,12,94708.803339138103183,3,9,6,6.500000000000000,1.707825127659933,78.000000000000000,6,7,3,7
3363,9328706,4,31569.601113046031969,5,15,10,10.000000000000000,3.605551275463989,40.000000000000000,4,5,5,9
3364,9328708,12,94708.803339138103183,4,16,12,10.250000000000000,3.514849451493857,123.000000000000000,7,11,12,11
3365,9328710,10,78924.002782615076285,3,14,11,7.700000000000000,2.685144316419511,77.000000000000000,6,6,3,7
3366,9328712,8,63139.202226092063938,3,23,20,10.375000000000000,5.611093921865860,83.000000000000000,7,11,3,10
3367,9328714,7,55246.801947830557765,2,11,9,7.000000000000000,3.464101615137754,49.000000000000000,4,2,7,8
3368,9328716,3,23677.200834784525796,6,20,14,12.666666666666666,5.734883511361751,38.000000000000000,3,6,6,12
3369,9328718,15,118386.004173922614427,4,32,28,15.800000000000001,9.152048950918038,237.000000000000000,11,4,5,15
3370,9328720,4,31569.601113046031969,1,13,12,6.000000000000000,4.847679857416329,24.000000000000000,4,1,1,2
3371,9328722,13,102601.203617399602081,5,19,14,11.076923076923077,3.970303969404289,144.000000000000000,9,6,5,12
3372,9328724,18,142063.205008707154775,1,29,28,7.888888888888889,8.562767523080431,142.000000000000000,9,3,6,3
3373,9328726,13,102601.203617399602081,2,15,13,7.384615384615385,3.913260720608279,96.000000000000000,8,2,10,8
3374,9328728,11,86816.403060876589734,2,21,19,8.636363636363637,5.958534402972341,95.000000000000000,10,7,2,7
3375,9328730,17,134170.804730445641326,1,33,32,14.294117647058824,8.294326238511784,243.000000000000000,13,11,1,11
3376,9328732,3,23677.200834784525796,3,5,2,3.666666666666667,0.942809041582064,11.000000000000000,2,3,5,3
3377,9328734,7,55246.801947830557765,7,20,13,11.714285714285714,4.060762972443399,82.000000000000000,6,9,7,10
3378,9328736,26,205202.407234799204161,4,19,15,9.153846153846153,3.266288268548024,238.000000000000000,9,7,12,8
3379,9328738,4,31569.601113046031969,15,24,9,19.250000000000000,3.191786333700926,77.000000000000000,3,19,15,19
3380,9328740,9,71031.602504353577388,1,5,4,2.333333333333333,1.247219128924647,21.000000000000000,4,2,4,2
3381,9328742,18,142063.205008707154775,2,33,31,12.722222222222221,9.711422573189870,229.000000000000000,12,7,4,8
3382,9328746,6,47354.401669569051592,4,11,7,8.333333333333334,2.560381915956202,50.000000000000000,4,9,4,9
3383,9328748,9,71031.602504353577388,5,16,11,9.888888888888889,3.754832277492399,89.000000000000000,7,6,5,11
3384,9328750,11,86816.403060876589734,2,11,9,5.636363636363637,2.603240193322973,62.000000000000000,8,4,2,5
3385,9328752,10,78924.002782615076285,8,17,9,11.900000000000000,3.562302626111373,119.000000000000000,6,8,11,11
3386,9328754,10,78924.002782615076285,6,19,13,14.300000000000001,4.099999999999999,143.000000000000000,9,18,6,15
3387,9328756,28,220987.207791322231060,3,13,10,7.285714285714286,3.057276365576100,204.000000000000000,11,4,8,7
3388,9328758,7,55246.801947830557765,1,12,11,4.428571428571429,3.539860483818247,31.000000000000000,5,1,5,3
3389,9328762,6,47354.401669569051592,1,11,10,6.666666666666667,3.299831645537221,40.000000000000000,6,1,1,7
3390,9328764,20,157848.005565230152570,1,22,21,12.100000000000000,6.204030947698440,242.000000000000000,16,4,1,12
3391,9328766,20,157848.005565230152570,3,31,28,15.850000000000000,9.645076464186275,317.000000000000000,13,3,7,15
3392,9328768,13,102601.203617399602081,4,28,24,14.923076923076923,5.902561874846422,194.000000000000000,10,18,4,15
3393,9328770,5,39462.001391307538142,10,19,9,15.400000000000000,3.382306905057554,77.000000000000000,4,19,10,15
3394,9328772,9,71031.602504353577388,2,19,17,8.666666666666666,5.033222956847166,78.000000000000000,8,10,2,9
3395,9328774,5,39462.001391307538142,3,18,15,11.199999999999999,5.564171097297423,56.000000000000000,5,3,3,12
3396,9328776,9,71031.602504353577388,3,29,26,12.222222222222221,8.625257197811267,110.000000000000000,8,11,3,10
3397,9328778,11,86816.403060876589734,1,19,18,11.545454545454545,5.123273746765590,127.000000000000000,8,12,1,12
3398,9328780,18,142063.205008707154775,2,20,18,9.611111111111111,4.692060538693574,173.000000000000000,12,9,2,9
3399,9328782,12,94708.803339138103183,2,18,16,9.666666666666666,4.696334267868457,116.000000000000000,10,9,2,9
3400,9328784,6,47354.401669569051592,2,19,17,10.500000000000000,5.560275772537426,63.000000000000000,5,9,2,9
3401,9328786,15,118386.004173922614427,3,17,14,10.733333333333333,4.449219656923622,161.000000000000000,10,14,5,12
3402,9328788,18,142063.205008707154775,1,17,16,7.111111111111111,5.363341504954298,128.000000000000000,10,3,7,5
3403,9328790,13,102601.203617399602081,3,16,13,9.000000000000000,4.019184762342502,117.000000000000000,8,8,4,9
3404,9328792,14,110493.603895661115530,2,16,14,8.428571428571429,4.254649317667266,118.000000000000000,9,4,2,8
3405,9328794,2,15784.800556523015985,5,7,2,6.000000000000000,1.000000000000000,12.000000000000000,2,5,5,5
3406,9328796,20,157848.005565230152570,1,15,14,5.500000000000000,2.747726332806817,110.000000000000000,8,4,1,5
3407,9328800,14,110493.603895661115530,3,18,15,10.000000000000000,4.928053803045811,140.000000000000000,11,4,3,9
3408,9328802,7,55246.801947830557765,4,21,17,15.857142857142858,5.329930887479323,111.000000000000000,5,16,4,16
3409,9328804,9,71031.602504353577388,4,15,11,9.777777777777779,3.705184889007346,88.000000000000000,7,6,4,10
3410,9328806,6,47354.401669569051592,3,7,4,5.666666666666667,1.374368541872552,34.000000000000000,4,6,3,6
3411,9328808,18,142063.205008707154775,2,18,16,10.777777777777779,4.130584510098021,194.000000000000000,12,9,2,11
3412,9328810,7,55246.801947830557765,7,22,15,14.142857142857142,5.792324266489512,99.000000000000000,6,22,7,12
3413,9328812,17,134170.804730445641326,6,29,23,15.235294117647058,5.826202595018535,259.000000000000000,12,14,6,14
3414,9328814,7,55246.801947830557765,5,18,13,11.571428571428571,4.030495994190254,81.000000000000000,6,12,5,12
3415,9328816,5,39462.001391307538142,4,37,33,23.800000000000001,11.548160026601639,119.000000000000000,5,4,4,25
3416,9328818,12,94708.803339138103183,2,15,13,7.250000000000000,4.225419111362406,87.000000000000000,9,2,5,6
3417,9328820,5,39462.001391307538142,7,14,7,11.000000000000000,2.683281572999748,55.000000000000000,3,10,7,10
3418,9328822,9,71031.602504353577388,1,21,20,9.222222222222221,5.390893098092536,83.000000000000000,6,6,1,9
3419,9328824,11,86816.403060876589734,6,21,15,11.181818181818182,4.820754030386492,123.000000000000000,8,10,6,10
3420,9328826,1,7892.400278261507992,6,6,0,6.000000000000000,0.000000000000000,6.000000000000000,1,6,6,6
3421,9328828,25,197310.006956537690712,3,23,20,11.920000000000000,5.035235843533052,298.000000000000000,14,17,3,12
3422,9328830,14,110493.603895661115530,1,15,14,8.214285714285714,4.798490408876695,115.000000000000000,9,5,1,6
3423,9328834,18,142063.205008707154775,1,11,10,5.277777777777778,2.844205719148935,95.000000000000000,9,3,1,5
3424,9328836,7,55246.801947830557765,2,30,28,17.857142857142858,10.218031281284379,125.000000000000000,7,2,2,19
3425,9328838,12,94708.803339138103183,1,14,13,7.916666666666667,3.684615161572357,95.000000000000000,7,6,1,9
3426,9328840,14,110493.603895661115530,7,25,18,16.428571428571427,5.394630739571203,230.000000000000000,7,21,7,18
3427,9328842,23,181525.206400014692917,4,24,20,12.304347826086957,5.930281777957395,283.000000000000000,13,10,4,10
3428,9328844,6,47354.401669569051592,1,10,9,5.333333333333333,3.036811193048100,32.000000000000000,6,1,1,4
3429,9328846,16,126278.404452184127877,1,17,16,5.062500000000000,4.293436123898899,81.000000000000000,9,3,2,3
3430,9328848,24,189417.606678276206367,3,20,17,8.791666666666666,4.132988896939143,211.000000000000000,12,5,6,9
3431,9328850,4,31569.601113046031969,1,6,5,2.500000000000000,2.061552812808830,10.000000000000000,3,1,2,1
3432,9328852,3,23677.200834784525796,12,22,10,18.666666666666668,4.714045207910312,56.000000000000000,2,22,12,22
3433,9328854,4,31569.601113046031969,11,19,8,14.000000000000000,3.316624790355400,56.000000000000000,3,11,15,11
3434,9328856,12,94708.803339138103183,3,20,17,9.750000000000000,4.710360920354193,117.000000000000000,8,13,3,7
3435,9328858,7,55246.801947830557765,3,16,13,8.714285714285714,4.526565576501389,61.000000000000000,6,7,3,7
3436,9328860,6,47354.401669569051592,4,26,22,17.666666666666668,8.595864638818417,106.000000000000000,5,26,4,20
3437,9328862,12,94708.803339138103183,4,33,29,17.416666666666668,11.011042437278840,209.000000000000000,11,33,4,11
3438,9328864,2,15784.800556523015985,11,17,6,14.000000000000000,3.000000000000000,28.000000000000000,2,11,11,11
3439,9328866,9,71031.602504353577388,4,16,12,9.666666666666666,3.771236166328253,87.000000000000000,6,10,8,10
3440,9328868,21,165740.405843491666019,1,11,10,4.142857142857143,2.659855246432179,87.000000000000000,8,2,3,4
3441,9328870,13,102601.203617399602081,2,17,15,8.153846153846153,5.318272620751879,106.000000000000000,8,2,5,6
3442,9328872,7,55246.801947830557765,8,19,11,13.142857142857142,3.313546715640916,92.000000000000000,6,12,8,12
3443,9328874,10,78924.002782615076285,1,15,14,7.800000000000000,5.211525688318154,78.000000000000000,7,11,2,9
3444,9328876,4,31569.601113046031969,5,9,4,7.000000000000000,2.000000000000000,28.000000000000000,2,5,5,5
3445,9328878,3,23677.200834784525796,2,5,3,3.666666666666667,1.247219128924648,11.000000000000000,3,2,2,4
3446,9328880,18,142063.205008707154775,3,21,18,9.611111111111111,4.900554264444526,173.000000000000000,11,6,4,8
3447,9328882,3,23677.200834784525796,2,11,9,6.333333333333333,3.681787005729087,19.000000000000000,3,2,2,6
3448,9328886,17,134170.804730445641326,2,29,27,12.941176470588236,7.376198512666934,220.000000000000000,10,4,2,11
3449,9328888,5,39462.001391307538142,7,17,10,13.600000000000000,3.720215047547656,68.000000000000000,4,16,7,16
3450,9328890,2,15784.800556523015985,5,11,6,8.000000000000000,3.000000000000000,16.000000000000000,2,5,5,5
3451,9328892,7,55246.801947830557765,3,19,16,11.285714285714286,6.518419740885618,79.000000000000000,5,7,3,7
3452,9328896,6,47354.401669569051592,7,13,6,10.666666666666666,1.885618083164128,64.000000000000000,5,11,7,11
3453,9328898,15,118386.004173922614427,2,15,13,6.266666666666667,3.492213560989013,94.000000000000000,9,3,2,6
3454,9328902,20,157848.005565230152570,1,22,21,14.250000000000000,5.521548695791789,285.000000000000000,12,19,1,14
3455,9328904,3,23677.200834784525796,1,13,12,5.666666666666667,5.249338582674540,17.000000000000000,3,1,1,3
3456,9328906,2,15784.800556523015985,11,16,5,13.500000000000000,2.500000000000000,27.000000000000000,2,11,11,11
3457,9328908,13,102601.203617399602081,6,31,25,18.384615384615383,7.966646447615322,239.000000000000000,11,26,6,18
3458,9328910,11,86816.403060876589734,5,28,23,18.545454545454547,7.402255631208101,204.000000000000000,9,20,5,20
3459,9328912,8,63139.202226092063938,2,10,8,5.000000000000000,3.000000000000000,40.000000000000000,5,3,2,3
3460,9328914,2,15784.800556523015985,5,14,9,9.500000000000000,4.500000000000000,19.000000000000000,2,5,5,5
3461,9328918,13,102601.203617399602081,3,16,13,8.384615384615385,3.317516715822741,109.000000000000000,7,10,3,8
3462,9328920,6,47354.401669569051592,15,37,22,25.833333333333332,8.354971906329522,155.000000000000000,6,15,15,22
3463,9328922,9,71031.602504353577388,4,10,6,5.666666666666667,1.825741858350554,51.000000000000000,5,4,7,5
3464,9328924,18,142063.205008707154775,1,14,13,5.222222222222222,3.837759119815676,94.000000000000000,8,5,7,4
3465,9328926,13,102601.203617399602081,9,31,22,16.769230769230770,8.001479153197440,218.000000000000000,8,11,9,11
3466,9328928,21,165740.405843491666019,1,24,23,10.904761904761905,6.545843915215079,229.000000000000000,14,16,1,8
3467,9328930,1,7892.400278261507992,8,8,0,8.000000000000000,0.000000000000000,8.000000000000000,1,8,8,8
3468,9328932,6,47354.401669569051592,5,23,18,14.500000000000000,5.737304826019502,87.000000000000000,6,5,5,15
3469,9328934,8,63139.202226092063938,5,24,19,15.500000000000000,5.454356057317857,124.000000000000000,8,5,5,15
3470,9328936,2,15784.800556523015985,2,5,3,3.500000000000000,1.500000000000000,7.000000000000000,2,2,2,2
3471,9328938,4,31569.601113046031969,2,11,9,5.500000000000000,3.500000000000000,22.000000000000000,4,2,2,3
3472,9328940,4,31569.601113046031969,13,22,9,17.250000000000000,3.491060010942235,69.000000000000000,4,13,13,15
3473,9328942,8,63139.202226092063938,9,14,5,11.000000000000000,1.870828693386971,88.000000000000000,5,9,10,10
3474,9328944,11,86816.403060876589734,9,22,13,15.181818181818182,4.238742991590823,167.000000000000000,7,15,9,15
3475,9328946,17,134170.804730445641326,1,17,16,6.823529411764706,3.633751814466000,116.000000000000000,9,6,1,6
3476,9328948,10,78924.002782615076285,1,13,12,5.200000000000000,3.572114219898350,52.000000000000000,7,1,3,4
3477,9328950,18,142063.205008707154775,6,20,14,11.833333333333334,4.179978734661484,213.000000000000000,9,17,6,10
3478,9328952,3,23677.200834784525796,1,13,12,6.000000000000000,5.099019513592784,18.000000000000000,3,1,1,4
3479,9328954,1,7892.400278261507992,5,5,0,5.000000000000000,0.000000000000000,5.000000000000000,1,5,5,5
3480,9328956,19,149955.605286968639120,1,25,24,10.052631578947368,6.320173916748663,191.000000000000000,11,9,1,9
3481,9328958,5,39462.001391307538142,7,14,7,9.400000000000000,2.576819745345025,47.000000000000000,4,7,9,9
3482,9328960,2,15784.800556523015985,7,13,6,10.000000000000000,3.000000000000000,20.000000000000000,2,7,7,7
3483,9328962,14,110493.603895661115530,8,26,18,14.285714285714286,4.846627272482105,200.000000000000000,10,14,8,14
3484,9328964,6,47354.401669569051592,3,11,8,5.333333333333333,2.687419249432850,32.000000000000000,4,4,3,4
3485,9328968,8,63139.202226092063938,6,20,14,14.625000000000000,4.820204871164711,117.000000000000000,6,16,6,16
3486,9328970,17,134170.804730445641326,3,31,28,14.882352941176471,8.273859281184583,253.000000000000000,12,3,5,17
3487,9328972,13,102601.203617399602081,3,36,33,23.307692307692307,9.159985013294893,303.000000000000000,10,20,3,24
3488,9328974,15,118386.004173922614427,2,17,15,5.400000000000000,4.079215610874227,81.000000000000000,8,3,4,3
3489,9328976,20,157848.005565230152570,1,24,23,8.750000000000000,7.555627042145476,175.000000000000000,14,1,5,5
3490,9328978,14,110493.603895661115530,2,11,9,5.000000000000000,2.751622897751175,70.000000000000000,7,2,4,4
3491,9328980,1,7892.400278261507992,4,4,0,4.000000000000000,0.000000000000000,4.000000000000000,1,4,4,4
3492,9328982,5,39462.001391307538142,3,20,17,12.400000000000000,6.343500610861481,62.000000000000000,4,10,3,10
3493,9328984,7,55246.801947830557765,4,15,11,10.142857142857142,4.356557337707688,71.000000000000000,6,15,4,12
3494,9328986,13,102601.203617399602081,5,26,21,15.615384615384615,6.343239424027171,203.000000000000000,8,16,11,16
3495,9328988,8,63139.202226092063938,2,36,34,16.750000000000000,14.015616290409779,134.000000000000000,6,3,2,4
3496,9328990,6,47354.401669569051592,7,10,3,8.500000000000000,1.500000000000000,51.000000000000000,2,7,7,7
3497,9328992,9,71031.602504353577388,4,14,10,9.111111111111111,3.212629398844658,82.000000000000000,6,7,4,8
3498,9328994,2,15784.800556523015985,12,16,4,14.000000000000000,2.000000000000000,28.000000000000000,2,12,12,12
3499,9328996,16,126278.404452184127877,12,52,40,32.875000000000000,12.009761654587487,526.000000000000000,12,38,12,31
3500,9328998,9,71031.602504353577388,5,26,21,14.000000000000000,7.023769168568493,126.000000000000000,6,5,11,11
3501,9329000,9,71031.602504353577388,2,18,16,8.666666666666666,5.497474167490214,78.000000000000000,9,2,2,7
3502,9329002,14,110493.603895661115530,1,16,15,7.142857142857143,5.436085025840128,100.000000000000000,8,1,8,4
3503,9329004,11,86816.403060876589734,19,43,24,30.818181818181817,7.696731086733356,339.000000000000000,11,19,19,33
3504,9329006,12,94708.803339138103183,3,10,7,5.750000000000000,2.313907229485804,69.000000000000000,7,4,3,4
3505,9329008,13,102601.203617399602081,4,16,12,9.461538461538462,3.973283560044603,123.000000000000000,9,4,7,8
3506,9329010,18,142063.205008707154775,1,11,10,4.888888888888889,2.922876986214645,88.000000000000000,11,4,5,4
3507,9329012,5,39462.001391307538142,5,10,5,7.000000000000000,2.097617696340303,35.000000000000000,4,5,6,6
3508,9329014,15,118386.004173922614427,2,11,9,5.933333333333334,2.542090128658348,89.000000000000000,8,5,2,5
3509,9329016,17,134170.804730445641326,1,43,42,16.941176470588236,14.750755068351761,288.000000000000000,15,1,3,11
3510,9329018,4,31569.601113046031969,5,18,13,10.500000000000000,4.716990566028302,42.000000000000000,4,5,5,9
3511,9329020,16,126278.404452184127877,2,12,10,7.375000000000000,2.546443598432920,118.000000000000000,9,9,2,8
3512,9329024,36,284126.410017414309550,1,25,24,10.833333333333334,6.685390373377193,390.000000000000000,19,2,1,11
3513,9329026,24,189417.606678276206367,2,28,26,11.416666666666666,6.824689655133697,274.000000000000000,16,14,5,9
3514,9329028,6,47354.401669569051592,4,23,19,13.000000000000000,7.505553499465135,78.000000000000000,5,7,4,7
3515,9329030,15,118386.004173922614427,3,18,15,9.066666666666666,4.007770230717104,136.000000000000000,11,7,3,9
3516,9329032,8,63139.202226092063938,20,46,26,33.125000000000000,7.287617923574205,265.000000000000000,8,20,20,32
3517,9329034,11,86816.403060876589734,1,10,9,5.090909090909091,2.810840878861874,56.000000000000000,9,2,1,5
3518,9329036,5,39462.001391307538142,4,10,6,6.600000000000000,2.059126028197401,33.000000000000000,4,7,4,7
3519,9329038,13,102601.203617399602081,1,17,16,7.384615384615385,4.086346149321054,96.000000000000000,9,7,1,7
3520,9329040,5,39462.001391307538142,1,3,2,1.600000000000000,0.800000000000000,8.000000000000000,3,1,2,1
3521,9329042,20,157848.005565230152570,1,34,33,14.400000000000000,7.735631842325487,288.000000000000000,14,10,1,13
3522,9329044,5,39462.001391307538142,2,7,5,4.600000000000000,1.624807680927192,23.000000000000000,4,5,2,5
3523,9329046,15,118386.004173922614427,3,16,13,9.400000000000000,3.912373533632322,141.000000000000000,10,10,3,10
3524,9329048,4,31569.601113046031969,1,25,24,13.750000000000000,9.364160400164021,55.000000000000000,4,1,1,9
3525,9329050,3,23677.200834784525796,2,14,12,6.000000000000000,5.656854249492381,18.000000000000000,2,2,14,2
3526,9329052,27,213094.807513060717611,5,58,53,29.333333333333332,14.562763270549793,792.000000000000000,21,24,7,28
3527,9329054,8,63139.202226092063938,1,25,24,12.750000000000000,6.378675411086537,102.000000000000000,6,15,1,12
3528,9329056,13,102601.203617399602081,2,37,35,15.615384615384615,11.228661551435524,203.000000000000000,10,10,2,10
3529,9329058,10,78924.002782615076285,3,25,22,11.699999999999999,7.335529974037324,117.000000000000000,8,7,3,8
3530,9329060,15,118386.004173922614427,3,17,14,9.000000000000000,4.857983120596447,135.000000000000000,9,7,5,7
3531,9329062,5,39462.001391307538142,9,18,9,12.600000000000000,4.029888335921978,63.000000000000000,4,9,10,10
3532,9329064,6,47354.401669569051592,4,16,12,8.833333333333334,3.890872509976250,53.000000000000000,6,4,4,7
3533,9329066,23,181525.206400014692917,2,19,17,9.478260869565217,5.933468559732862,218.000000000000000,12,4,2,7
3534,9329068,14,110493.603895661115530,1,9,8,3.285714285714286,2.249716535431946,46.000000000000000,5,2,6,2
3535,9329070,15,118386.004173922614427,2,11,9,7.800000000000000,2.761642023627730,117.000000000000000,7,9,8,9
3536,9329072,18,142063.205008707154775,5,19,14,9.333333333333334,3.197221015541813,168.000000000000000,9,8,5,8
3537,9329074,5,39462.001391307538142,7,20,13,10.800000000000001,4.833218389437828,54.000000000000000,4,7,9,9
3538,9329076,23,181525.206400014692917,1,14,13,6.652173913043478,3.370056065230626,153.000000000000000,12,6,1,6
3539,9329078,8,63139.202226092063938,34,59,25,44.500000000000000,8.381527307120106,356.000000000000000,7,43,34,43
3540,9329080,15,118386.004173922614427,12,51,39,31.866666666666667,12.159312846081759,478.000000000000000,14,46,12,30
3541,9329082,9,71031.602504353577388,1,10,9,4.555555555555555,2.586765939293959,41.000000000000000,6,5,1,5
3542,9329084,5,39462.001391307538142,2,16,14,9.199999999999999,5.114684741017769,46.000000000000000,5,2,2,10
3543,9329086,12,94708.803339138103183,2,28,26,11.083333333333334,8.361203395577828,133.000000000000000,10,4,2,6
3544,9329088,1,7892.400278261507992,5,5,0,5.000000000000000,0.000000000000000,5.000000000000000,1,5,5,5
3545,9329090,11,86816.403060876589734,2,10,8,4.454545454545454,2.189380832507691,49.000000000000000,6,4,5,4
3546,9329094,15,118386.004173922614427,10,48,38,29.199999999999999,13.565642877013483,438.000000000000000,12,16,10,32
3547,9329096,14,110493.603895661115530,2,16,14,7.857142857142857,3.851848217917933,110.000000000000000,10,2,6,8
3548,9329098,5,39462.001391307538142,14,17,3,15.800000000000001,1.166190378969056,79.000000000000000,4,17,14,16
3549,9329100,4,31569.601113046031969,5,8,3,6.750000000000000,1.089724735885168,27.000000000000000,3,7,5,7
3550,9329102,7,55246.801947830557765,1,8,7,5.142857142857143,2.099562636671295,36.000000000000000,6,5,1,5
3551,9329104,13,102601.203617399602081,14,37,23,28.769230769230770,6.362798684587754,374.000000000000000,8,34,14,31
3552,9329106,15,118386.004173922614427,4,22,18,10.733333333333333,4.753478258660237,161.000000000000000,11,5,4,10
3553,9329108,17,134170.804730445641326,2,18,16,8.705882352941176,3.231548634075383,148.000000000000000,9,10,2,9
3554,9329110,15,118386.004173922614427,9,35,26,14.000000000000000,6.762642481555071,210.000000000000000,8,9,13,12
3555,9329112,13,102601.203617399602081,3,22,19,12.230769230769230,5.235292162207249,159.000000000000000,10,13,3,13
3556,9329114,3,23677.200834784525796,5,10,5,7.000000000000000,2.160246899469287,21.000000000000000,3,5,5,6
3557,9329116,14,110493.603895661115530,4,24,20,13.571428571428571,6.640936742382549,190.000000000000000,13,5,4,13
3558,9329118,7,55246.801947830557765,15,46,31,27.714285714285715,11.572310372044935,194.000000000000000,7,15,15,23
3559,9329122,4,31569.601113046031969,4,15,11,9.250000000000000,5.261891294962297,37.000000000000000,3,4,14,4
3560,9329124,1,7892.400278261507992,3,3,0,3.000000000000000,0.000000000000000,3.000000000000000,1,3,3,3
3561,9329126,14,110493.603895661115530,1,10,9,5.428571428571429,2.381904571504723,76.000000000000000,9,7,1,5
3562,9329128,4,31569.601113046031969,8,14,6,11.000000000000000,2.121320343559642,44.000000000000000,3,11,8,11
3563,9329130,3,23677.200834784525796,9,11,2,9.666666666666666,0.942809041582067,29.000000000000000,2,9,11,9
3564,9329132,23,181525.206400014692917,4,49,45,21.652173913043477,14.321187392027952,498.000000000000000,18,4,6,22
3565,9329136,4,31569.601113046031969,8,10,2,9.000000000000000,0.707106781186548,36.000000000000000,3,9,8,9
3566,9329138,7,55246.801947830557765,1,12,11,6.571428571428571,3.811904018321810,46.000000000000000,7,1,1,7
3567,9329140,8,63139.202226092063938,6,17,11,11.625000000000000,3.870965641800506,93.000000000000000,7,15,6,12
3568,9329142,3,23677.200834784525796,9,12,3,10.666666666666666,1.247219128924650,32.000000000000000,3,9,9,11
3569,9329144,9,71031.602504353577388,3,16,13,10.777777777777779,4.340449996583245,97.000000000000000,6,15,3,9
3570,9329146,16,126278.404452184127877,1,16,15,5.000000000000000,3.553167600887974,80.000000000000000,9,4,1,4
3571,9329148,17,134170.804730445641326,6,63,57,22.470588235294116,15.923041562313266,382.000000000000000,12,12,13,14
3572,9329150,15,118386.004173922614427,2,12,10,6.666666666666667,2.599145158615723,100.000000000000000,8,7,4,7
3573,9329152,2,15784.800556523015985,8,9,1,8.500000000000000,0.500000000000000,17.000000000000000,2,8,8,8
3574,9329154,8,63139.202226092063938,27,37,10,31.250000000000000,3.230711995830021,250.000000000000000,5,33,29,31
3575,9329156,17,134170.804730445641326,1,18,17,5.764705882352941,3.781213807056047,98.000000000000000,9,4,3,5
3576,9329160,7,55246.801947830557765,17,54,37,37.714285714285715,10.360836779696420,264.000000000000000,7,17,17,39
3577,9329162,17,134170.804730445641326,4,36,32,17.882352941176471,9.572524118176961,304.000000000000000,13,14,4,14
3578,9329164,8,63139.202226092063938,1,12,11,7.875000000000000,3.550968177835448,63.000000000000000,6,5,1,9
3579,9329166,11,86816.403060876589734,5,21,16,14.909090909090908,3.987584036265694,164.000000000000000,7,16,5,16
3580,9329168,16,126278.404452184127877,1,18,17,6.687500000000000,4.354864377911211,107.000000000000000,11,6,1,6
3581,9329170,18,142063.205008707154775,3,17,14,8.944444444444445,3.922474024023078,161.000000000000000,9,12,5,10
3582,9329172,18,142063.205008707154775,1,11,10,4.611111111111111,3.147113119615233,83.000000000000000,8,1,11,4
3583,9329174,9,71031.602504353577388,2,8,6,5.222222222222222,1.987615979999813,47.000000000000000,5,6,2,6
3584,9329176,9,71031.602504353577388,5,15,10,10.555555555555555,3.744955454745049,95.000000000000000,7,5,7,12
3585,9329178,33,260449.209182629769202,1,21,20,7.212121212121212,4.443296454125812,238.000000000000000,13,8,3,8
3586,9329180,11,86816.403060876589734,4,13,9,7.909090909090909,3.028787499810487,87.000000000000000,5,7,4,7
3587,9329182,13,102601.203617399602081,1,12,11,6.230769230769231,3.511603757081024,81.000000000000000,10,3,1,6
3588,9329184,12,94708.803339138103183,5,25,20,12.666666666666666,5.405758246742286,152.000000000000000,10,9,5,11
3589,9329186,20,157848.005565230152570,2,19,17,8.900000000000000,4.448595283907045,178.000000000000000,11,11,7,9
3590,9329188,15,118386.004173922614427,3,26,23,11.533333333333333,5.389702115042063,173.000000000000000,10,14,3,12
3591,9329190,1,7892.400278261507992,5,5,0,5.000000000000000,0.000000000000000,5.000000000000000,1,5,5,5
3592,9329192,10,78924.002782615076285,4,21,17,9.199999999999999,5.035871324805669,92.000000000000000,7,7,4,7
3593,9329194,6,47354.401669569051592,1,7,6,4.166666666666667,2.339278141269700,25.000000000000000,5,7,1,3
3594,9329198,26,205202.407234799204161,1,33,32,11.000000000000000,6.900390178488794,286.000000000000000,15,10,1,10
3595,9329200,10,78924.002782615076285,4,28,24,11.199999999999999,8.292164976651152,112.000000000000000,8,5,4,6
3596,9329202,5,39462.001391307538142,5,14,9,9.199999999999999,2.925747767665559,46.000000000000000,5,5,5,9
3597,9329204,11,86816.403060876589734,5,27,22,13.090909090909092,7.585327289092055,144.000000000000000,10,7,5,10
3598,9329206,2,15784.800556523015985,11,19,8,15.000000000000000,4.000000000000000,30.000000000000000,2,11,11,11
3599,9329208,13,102601.203617399602081,5,34,29,14.461538461538462,8.499912982499241,188.000000000000000,11,8,5,13
3600,9329210,12,94708.803339138103183,4,18,14,10.416666666666666,4.192420409368423,125.000000000000000,8,9,4,9
3601,9329212,9,71031.602504353577388,3,29,26,20.888888888888889,8.225224677031887,188.000000000000000,7,24,3,24
3602,9329214,17,134170.804730445641326,1,14,13,8.705882352941176,3.609867292368533,148.000000000000000,8,10,1,10
3603,9329216,11,86816.403060876589734,4,18,14,9.000000000000000,4.022663070879561,99.000000000000000,9,5,4,9
3604,9329218,11,86816.403060876589734,13,43,30,30.454545454545453,10.965761892558930,335.000000000000000,8,42,13,33
3605,9329220,4,31569.601113046031969,5,10,5,6.500000000000000,2.061552812808830,26.000000000000000,3,5,6,5
3606,9329222,13,102601.203617399602081,2,12,10,6.076923076923077,3.496405593034927,79.000000000000000,7,3,4,6
3607,9329224,13,102601.203617399602081,2,17,15,7.230769230769231,4.263509680169544,94.000000000000000,10,3,2,7
3608,9329226,15,118386.004173922614427,3,20,17,8.066666666666666,4.249967320135794,121.000000000000000,10,7,3,7
3609,9329228,11,86816.403060876589734,3,21,18,11.000000000000000,4.805300104146368,121.000000000000000,8,13,3,13
3610,9329230,2,15784.800556523015985,8,11,3,9.500000000000000,1.500000000000000,19.000000000000000,2,8,8,8
3611,9329232,14,110493.603895661115530,2,17,15,7.357142857142857,4.607558120820040,103.000000000000000,9,4,5,5
3612,9329234,25,197310.006956537690712,2,23,21,8.279999999999999,5.929721747266056,207.000000000000000,14,2,7,8
3613,9329236,14,110493.603895661115530,3,12,9,7.071428571428571,2.282363615524351,99.000000000000000,6,7,8,7
3614,9329238,7,55246.801947830557765,7,20,13,11.428571428571429,5.260557897006276,80.000000000000000,5,7,11,8
3615,9329240,15,118386.004173922614427,4,34,30,14.733333333333333,9.240971569892181,221.000000000000000,13,5,4,13
3616,9329242,3,23677.200834784525796,7,13,6,10.000000000000000,2.449489742783178,30.000000000000000,3,7,7,10
3617,9329244,13,102601.203617399602081,4,10,6,6.615384615384615,2.095359764904037,86.000000000000000,7,5,6,6
3618,9329246,3,23677.200834784525796,3,11,8,8.333333333333334,3.771236166328253,25.000000000000000,2,11,3,11
3619,9329250,21,165740.405843491666019,2,16,14,8.285714285714286,3.354355479115489,174.000000000000000,12,8,2,8
3620,9329252,3,23677.200834784525796,2,7,5,5.000000000000000,2.160246899469287,15.000000000000000,3,2,2,6
3621,9329254,5,39462.001391307538142,2,8,6,5.400000000000000,2.332380757938119,27.000000000000000,4,8,2,5
3622,9329256,15,118386.004173922614427,2,36,34,15.266666666666667,9.875671566475308,229.000000000000000,12,4,2,16
3623,9329258,21,165740.405843491666019,5,39,34,14.523809523809524,9.000629859542094,305.000000000000000,15,5,6,12
3624,9329260,13,102601.203617399602081,1,9,8,5.461538461538462,2.499704124503372,71.000000000000000,7,5,1,5
3625,9329262,4,31569.601113046031969,6,15,9,10.250000000000000,3.491060010942235,41.000000000000000,4,6,6,8
3626,9329264,2,15784.800556523015985,2,4,2,3.000000000000000,1.000000000000000,6.000000000000000,2,2,2,2
3627,9329266,4,31569.601113046031969,5,21,16,13.250000000000000,5.931905258852336,53.000000000000000,4,5,5,11
3628,9329268,8,63139.202226092063938,1,6,5,4.000000000000000,1.732050807568877,32.000000000000000,6,5,1,4
3629,9329270,13,102601.203617399602081,4,12,8,8.769230769230770,2.153846153846153,114.000000000000000,6,10,4,9
3630,9329272,2,15784.800556523015985,5,6,1,5.500000000000000,0.500000000000000,11.000000000000000,2,5,5,5
3631,9329274,24,189417.606678276206367,3,44,41,20.208333333333332,10.743134112332191,485.000000000000000,21,4,3,18
3632,9329278,11,86816.403060876589734,3,19,16,12.000000000000000,3.741657386773941,132.000000000000000,7,14,3,12
3633,9329280,8,63139.202226092063938,4,12,8,9.125000000000000,2.471714991660649,73.000000000000000,6,10,4,10
3634,9329282,10,78924.002782615076285,4,20,16,10.900000000000000,4.548626166217662,109.000000000000000,7,4,9,10
3635,9329284,9,71031.602504353577388,3,10,7,5.777777777777778,2.657391276244755,52.000000000000000,5,3,4,6
3636,9329286,27,213094.807513060717611,6,51,45,23.592592592592592,13.841053426135248,637.000000000000000,22,6,7,20
3637,9329290,17,134170.804730445641326,6,32,26,14.647058823529411,6.597157823599566,249.000000000000000,13,10,6,13
3638,9329292,3,23677.200834784525796,3,9,6,5.000000000000000,2.828427124746190,15.000000000000000,2,3,9,3
3639,9329294,8,63139.202226092063938,2,22,20,11.625000000000000,5.764926278800103,93.000000000000000,7,11,2,11
3640,9329298,15,118386.004173922614427,2,15,13,5.933333333333334,3.732142667274241,89.000000000000000,9,3,2,4
3641,9329300,7,55246.801947830557765,4,8,4,6.571428571428571,1.678191446352962,46.000000000000000,3,8,4,7
3642,9329302,18,142063.205008707154775,3,13,10,5.555555555555555,2.712567914607490,100.000000000000000,8,3,8,5
3643,9329304,12,94708.803339138103183,4,13,9,7.750000000000000,2.975595178559521,93.000000000000000,9,4,6,7
3644,9329306,7,55246.801947830557765,1,6,5,3.714285714285714,1.749635530559413,26.000000000000000,5,4,1,4
3645,9329308,5,39462.001391307538142,5,18,13,11.800000000000001,5.192301994298867,59.000000000000000,5,5,5,12
3646,9329310,11,86816.403060876589734,1,18,17,8.090909090909092,4.621187282595939,89.000000000000000,8,4,1,8
3647,9329312,8,63139.202226092063938,1,15,14,6.125000000000000,4.196352582898630,49.000000000000000,7,8,1,5
3648,9329314,17,134170.804730445641326,3,20,17,11.000000000000000,4.946775539206739,187.000000000000000,11,10,3,10
3649,9329316,24,189417.606678276206367,1,23,22,10.750000000000000,6.179603547154137,258.000000000000000,15,5,4,11
3650,9329318,11,86816.403060876589734,1,16,15,7.272727272727272,4.937627496000099,80.000000000000000,7,3,1,6
3651,9329320,12,94708.803339138103183,5,20,15,8.500000000000000,4.368447474027052,102.000000000000000,6,5,9,7
3652,9329322,5,39462.001391307538142,5,17,12,10.000000000000000,4.560701700396552,50.000000000000000,4,5,11,11
3653,9329324,13,102601.203617399602081,1,35,34,11.615384615384615,11.526147275040223,151.000000000000000,10,1,3,7
3654,9329326,11,86816.403060876589734,2,16,14,8.818181818181818,4.932603624091104,97.000000000000000,10,4,2,10
3655,9329328,12,94708.803339138103183,2,15,13,7.666666666666667,4.326918328582390,92.000000000000000,8,2,4,7
3656,9329330,5,39462.001391307538142,11,16,5,13.199999999999999,1.720465053408529,66.000000000000000,5,11,11,13
3657,9329332,19,149955.605286968639120,4,15,11,9.105263157894736,2.845027737208333,173.000000000000000,9,8,4,9
3658,9329334,3,23677.200834784525796,10,20,10,14.000000000000000,4.320493798938574,42.000000000000000,3,10,10,12
3659,9329336,8,63139.202226092063938,2,11,9,7.375000000000000,2.595067436503337,59.000000000000000,6,8,2,8
3660,9329338,8,63139.202226092063938,1,8,7,4.500000000000000,2.500000000000000,36.000000000000000,6,2,1,4
3661,9329340,10,78924.002782615076285,1,26,25,6.200000000000000,7.807688518377254,62.000000000000000,5,2,16,2
3662,9329342,16,126278.404452184127877,2,14,12,7.437500000000000,3.353519606324078,119.000000000000000,9,4,2,8
3663,9329344,12,94708.803339138103183,1,12,11,6.500000000000000,3.068658773253661,78.000000000000000,7,5,1,6
3664,9329346,14,110493.603895661115530,1,16,15,6.500000000000000,4.170474450570000,91.000000000000000,9,1,3,5
3665,9329348,6,47354.401669569051592,1,6,5,3.000000000000000,1.914854215512676,18.000000000000000,5,1,2,2
3666,9329350,3,23677.200834784525796,7,18,11,11.666666666666666,4.642796092394707,35.000000000000000,3,7,7,10
3667,9329352,17,134170.804730445641326,2,20,18,7.352941176470588,4.575396819442366,125.000000000000000,9,4,6,6
3668,9329354,12,94708.803339138103183,1,12,11,4.083333333333333,2.899952106884220,49.000000000000000,7,2,1,3
3669,9329356,25,197310.006956537690712,4,19,15,9.160000000000000,4.230177301248732,229.000000000000000,10,5,10,9
3670,9329358,15,118386.004173922614427,3,22,19,15.666666666666666,5.974017817925295,235.000000000000000,8,10,3,18
3671,9329360,17,134170.804730445641326,5,26,21,15.000000000000000,5.133511583357983,255.000000000000000,13,11,5,15
3672,9329362,15,118386.004173922614427,3,17,14,9.400000000000000,3.755884272267539,141.000000000000000,9,8,3,9
3673,9329364,19,149955.605286968639120,3,27,24,17.421052631578949,5.547078790002272,331.000000000000000,13,19,3,19
3674,9329366,1,7892.400278261507992,2,2,0,2.000000000000000,0.000000000000000,2.000000000000000,1,2,2,2
3675,9329368,6,47354.401669569051592,3,7,4,4.666666666666667,1.699673171197594,28.000000000000000,3,3,3,4
3676,9329370,27,213094.807513060717611,1,23,22,8.666666666666666,5.429685210164719,234.000000000000000,15,2,1,8
3677,9329372,1,7892.400278261507992,8,8,0,8.000000000000000,0.000000000000000,8.000000000000000,1,8,8,8
3678,9329374,13,102601.203617399602081,2,9,7,6.000000000000000,1.839732422015600,78.000000000000000,7,5,2,6
3679,9329376,6,47354.401669569051592,10,26,16,18.166666666666668,5.669117117231648,109.000000000000000,6,10,10,18
3680,9329378,13,102601.203617399602081,1,28,27,11.307692307692308,7.268314960626286,147.000000000000000,9,10,1,10
3681,9329380,26,205202.407234799204161,1,16,15,8.384615384615385,4.333029878617741,218.000000000000000,14,7,2,7
3682,9329382,6,47354.401669569051592,6,21,15,15.500000000000000,6.075908711186061,93.000000000000000,5,19,6,19
3683,9329384,14,110493.603895661115530,3,17,14,10.571428571428571,3.958973274443149,148.000000000000000,9,12,7,11
3684,9329386,5,39462.001391307538142,7,18,11,10.199999999999999,4.166533331199934,51.000000000000000,4,7,8,8
3685,9329388,13,102601.203617399602081,1,15,14,7.769230769230769,4.153846153846153,101.000000000000000,11,4,1,7
3686,9329390,21,165740.405843491666019,1,13,12,7.142857142857143,3.240895148033057,150.000000000000000,10,4,1,7
3687,9329392,17,134170.804730445641326,3,18,15,8.941176470588236,4.344984779439856,152.000000000000000,12,4,3,8
3688,9329394,8,63139.202226092063938,1,6,5,2.625000000000000,1.494782592887675,21.000000000000000,4,3,6,2
3689,9329396,33,260449.209182629769202,1,16,15,8.363636363636363,4.205466729534682,276.000000000000000,16,11,1,9
3690,9329398,3,23677.200834784525796,6,7,1,6.666666666666667,0.471404520791028,20.000000000000000,2,7,6,7
3691,9329400,3,23677.200834784525796,1,4,3,2.666666666666667,1.247219128924647,8.000000000000000,3,1,1,3
3692,9329402,23,181525.206400014692917,1,27,26,10.260869565217391,7.853093499043922,236.000000000000000,14,3,7,7
3693,9329404,9,71031.602504353577388,2,7,5,4.444444444444445,1.949992086087138,40.000000000000000,5,2,4,5
3694,9329406,6,47354.401669569051592,1,14,13,7.500000000000000,4.573474244670748,45.000000000000000,6,1,1,6
3695,9329408,7,55246.801947830557765,5,10,5,7.571428571428571,1.399708424447531,53.000000000000000,4,8,5,8
3696,9329410,15,118386.004173922614427,4,13,9,7.200000000000000,2.688246020487460,108.000000000000000,9,4,5,7
3697,9329412,31,244664.408626106742304,2,13,11,6.451612903225806,3.635299248253112,200.000000000000000,10,3,9,6
3698,9329414,7,55246.801947830557765,2,19,17,10.000000000000000,5.554920598635309,70.000000000000000,6,7,2,8
3699,9329416,16,126278.404452184127877,1,10,9,4.187500000000000,2.480391854123054,67.000000000000000,7,2,1,3
3700,9329418,11,86816.403060876589734,5,29,24,13.272727272727273,6.496025485436307,146.000000000000000,9,8,5,11
3701,9329420,6,47354.401669569051592,16,31,15,20.666666666666668,5.022173057773117,124.000000000000000,6,16,16,18
3702,9329422,24,189417.606678276206367,1,13,12,7.000000000000000,3.214550253664318,168.000000000000000,10,6,1,6
3703,9329424,5,39462.001391307538142,9,18,9,11.600000000000000,3.322649545167232,58.000000000000000,3,9,18,11
3704,9329426,2,15784.800556523015985,1,3,2,2.000000000000000,1.000000000000000,4.000000000000000,2,1,1,1
3705,9329428,8,63139.202226092063938,1,9,8,4.375000000000000,2.446298223847616,35.000000000000000,7,4,1,4
3706,9329434,1,7892.400278261507992,4,4,0,4.000000000000000,0.000000000000000,4.000000000000000,1,4,4,4
3707,9329436,3,23677.200834784525796,6,13,7,8.666666666666666,3.091206165165236,26.000000000000000,3,6,6,7
3708,9329438,2,15784.800556523015985,5,5,0,5.000000000000000,0.000000000000000,10.000000000000000,1,5,5,5
3709,9329440,10,78924.002782615076285,5,22,17,14.199999999999999,5.723635208501675,142.000000000000000,8,11,5,11
3710,9329442,7,55246.801947830557765,2,12,10,7.571428571428571,3.499271061118826,53.000000000000000,5,5,2,8
3711,9329444,13,102601.203617399602081,7,26,19,15.692307692307692,4.777907739467550,204.000000000000000,7,15,7,15
3712,9329446,11,86816.403060876589734,3,9,6,5.636363636363637,1.553455226421368,62.000000000000000,5,5,3,5
3713,9329448,4,31569.601113046031969,9,17,8,14.500000000000000,3.201562118716424,58.000000000000000,3,16,9,16
3714,9329450,14,110493.603895661115530,1,20,19,9.000000000000000,4.765950662174936,126.000000000000000,9,7,1,7
3715,9329452,3,23677.200834784525796,7,14,7,10.000000000000000,2.943920288775949,30.000000000000000,3,7,7,9
3716,9329454,14,110493.603895661115530,1,13,12,6.071428571428571,3.899895341348199,85.000000000000000,9,1,2,6
3717,9329456,3,23677.200834784525796,4,7,3,5.000000000000000,1.414213562373095,15.000000000000000,2,4,7,4
3718,9329458,5,39462.001391307538142,7,14,7,10.400000000000000,2.727636339397169,52.000000000000000,5,7,7,10
3719,9329460,6,47354.401669569051592,2,18,16,9.333333333333334,7.363574011458173,56.000000000000000,3,2,18,2
3720,9329462,12,94708.803339138103183,2,14,12,7.916666666666667,3.546320471825535,95.000000000000000,8,7,6,7
3721,9329464,5,39462.001391307538142,1,5,4,2.800000000000000,1.833030277982336,14.000000000000000,3,1,2,2
3722,9329466,17,134170.804730445641326,2,13,11,6.235294117647059,2.733870597322882,106.000000000000000,9,4,2,6
3723,9329468,9,71031.602504353577388,2,24,22,12.111111111111111,8.211704985289725,109.000000000000000,9,2,2,12
3724,9329470,11,86816.403060876589734,3,20,17,11.545454545454545,5.630495478982554,127.000000000000000,9,12,3,12
3725,9329472,17,134170.804730445641326,1,13,12,3.470588235294118,2.992493492229860,59.000000000000000,8,1,3,2
3726,9329474,9,71031.602504353577388,2,19,17,11.777777777777779,4.916588197741684,106.000000000000000,7,10,2,11
3727,9329476,8,63139.202226092063938,4,11,7,6.250000000000000,2.384848003542364,50.000000000000000,5,5,7,5
3728,9329478,7,55246.801947830557765,2,15,13,9.571428571428571,4.135461378894323,67.000000000000000,5,10,2,10
3729,9329480,7,55246.801947830557765,3,6,3,4.428571428571429,0.903507902905250,31.000000000000000,4,4,3,4
3730,9329482,17,134170.804730445641326,2,16,14,8.588235294117647,4.512190331944732,146.000000000000000,11,4,2,7
3731,9329484,22,173632.806121753179468,5,20,15,11.500000000000000,3.881775601214194,253.000000000000000,11,12,5,12
3732,9329486,11,86816.403060876589734,4,22,18,14.727272727272727,5.753906326707878,162.000000000000000,7,13,4,13
3733,9329488,10,78924.002782615076285,2,8,6,4.800000000000000,1.469693845669908,48.000000000000000,4,5,2,5
3734,9329490,4,31569.601113046031969,3,12,9,7.500000000000000,3.201562118716424,30.000000000000000,4,3,3,7
3735,9329492,6,47354.401669569051592,4,20,16,13.500000000000000,5.188127472091127,81.000000000000000,6,4,4,13
3736,9329494,5,39462.001391307538142,2,6,4,4.400000000000000,1.624807680927191,22.000000000000000,4,6,2,5
3737,9329496,24,189417.606678276206367,1,16,15,6.875000000000000,4.106016926414211,165.000000000000000,12,4,8,5
3738,9329498,9,71031.602504353577388,1,16,15,6.555555555555555,4.524282904778296,59.000000000000000,6,5,1,5
3739,9329500,19,149955.605286968639120,2,14,12,6.631578947368421,2.850863697673862,126.000000000000000,9,7,2,7
3740,9329502,3,23677.200834784525796,1,5,4,2.666666666666667,1.699673171197595,8.000000000000000,3,1,1,2
3741,9329504,18,142063.205008707154775,2,11,9,6.333333333333333,2.808716591058786,114.000000000000000,9,3,2,6
3742,9329506,10,78924.002782615076285,3,18,15,11.600000000000000,4.543126676640219,116.000000000000000,8,8,3,11
3743,9329508,26,205202.407234799204161,2,21,19,8.423076923076923,4.216935425009283,219.000000000000000,13,8,2,8
3744,9329510,3,23677.200834784525796,9,13,4,11.666666666666666,1.885618083164128,35.000000000000000,2,13,9,13
3745,9329512,12,94708.803339138103183,3,14,11,7.416666666666667,3.067527053217660,89.000000000000000,9,8,3,7
3746,9329514,4,31569.601113046031969,8,19,11,13.000000000000000,4.062019202317980,52.000000000000000,4,8,8,11
3747,9329516,8,63139.202226092063938,1,8,7,4.375000000000000,2.689679348918752,35.000000000000000,6,2,1,3
3748,9329518,7,55246.801947830557765,3,10,7,6.000000000000000,2.203892660077359,42.000000000000000,6,6,3,6
3749,9329520,15,118386.004173922614427,2,16,14,6.866666666666666,3.383620677453206,103.000000000000000,9,6,2,6
3750,9329522,2,15784.800556523015985,7,9,2,8.000000000000000,1.000000000000000,16.000000000000000,2,7,7,7
3751,9329526,1,7892.400278261507992,5,5,0,5.000000000000000,0.000000000000000,5.000000000000000,1,5,5,5
3752,9329528,24,189417.606678276206367,1,19,18,7.208333333333333,4.490537891562163,173.000000000000000,12,3,2,7
3753,9329532,6,47354.401669569051592,1,4,3,2.500000000000000,0.957427107756338,15.000000000000000,4,2,1,2
3754,9329534,3,23677.200834784525796,5,6,1,5.333333333333333,0.471404520791033,16.000000000000000,2,5,6,5
3755,9329536,1,7892.400278261507992,2,2,0,2.000000000000000,0.000000000000000,2.000000000000000,1,2,2,2
3756,9329540,1,7892.400278261507992,2,2,0,2.000000000000000,0.000000000000000,2.000000000000000,1,2,2,2
3757,9329542,4,31569.601113046031969,1,15,14,8.750000000000000,5.018714974971183,35.000000000000000,4,1,1,9
3758,9329544,2,15784.800556523015985,8,15,7,11.500000000000000,3.500000000000000,23.000000000000000,2,8,8,8
3759,9329546,3,23677.200834784525796,8,11,3,9.000000000000000,1.414213562373095,27.000000000000000,2,8,11,8
3760,9329548,8,63139.202226092063938,3,12,9,8.000000000000000,2.958039891549808,64.000000000000000,6,7,3,7
3761,9329550,2,15784.800556523015985,1,2,1,1.500000000000000,0.500000000000000,3.000000000000000,2,1,1,1
3762,9329552,6,47354.401669569051592,2,6,4,4.000000000000000,1.154700538379251,24.000000000000000,3,4,2,4
3763,9329554,7,55246.801947830557765,1,15,14,7.714285714285714,4.742340763627952,54.000000000000000,5,1,8,9
3764,9329556,7,55246.801947830557765,2,17,15,9.571428571428571,5.260557897006278,67.000000000000000,5,6,2,9
3765,9329558,1,7892.400278261507992,4,4,0,4.000000000000000,0.000000000000000,4.000000000000000,1,4,4,4
3766,9329560,9,71031.602504353577388,1,10,9,5.666666666666667,3.231786571610886,51.000000000000000,7,2,1,7
3767,9329562,11,86816.403060876589734,1,10,9,4.090909090909091,3.203820033946563,45.000000000000000,7,1,3,3
3768,9329564,8,63139.202226092063938,2,6,4,3.625000000000000,1.316956719106592,29.000000000000000,5,2,5,3
3769,9329566,1,7892.400278261507992,5,5,0,5.000000000000000,0.000000000000000,5.000000000000000,1,5,5,5
3770,9329568,15,118386.004173922614427,1,18,17,8.000000000000000,5.489383693397040,120.000000000000000,10,8,2,8
3771,9329570,1,7892.400278261507992,18,18,0,18.000000000000000,0.000000000000000,18.000000000000000,1,18,18,18
3772,9329572,6,47354.401669569051592,1,15,14,9.333333333333334,4.229525846816506,56.000000000000000,4,9,1,9
3773,9329574,15,118386.004173922614427,1,28,27,9.400000000000000,8.792420978699022,141.000000000000000,8,2,1,5
3774,9329576,13,102601.203617399602081,1,14,13,7.076923076923077,3.791925398112688,92.000000000000000,10,7,1,7
3775,9329578,5,39462.001391307538142,1,12,11,5.200000000000000,3.762977544445355,26.000000000000000,5,1,1,4
3776,9329584,2,15784.800556523015985,23,27,4,25.000000000000000,2.000000000000000,50.000000000000000,2,23,23,23
3777,9329586,9,71031.602504353577388,2,19,17,8.888888888888889,5.173531878587919,80.000000000000000,7,8,2,8
3778,9329590,2,15784.800556523015985,1,5,4,3.000000000000000,2.000000000000000,6.000000000000000,2,1,1,1
3779,9329592,6,47354.401669569051592,2,11,9,7.333333333333333,3.349958540373631,44.000000000000000,4,8,2,8
3780,9329594,18,142063.205008707154775,1,12,11,4.888888888888889,3.381138678822875,88.000000000000000,10,4,3,4
3781,9329596,3,23677.200834784525796,2,6,4,3.666666666666667,1.699673171197595,11.000000000000000,3,2,2,3
3782,9329598,12,94708.803339138103183,3,14,11,8.083333333333334,2.899952106884219,97.000000000000000,8,10,3,8
3783,9329600,3,23677.200834784525796,5,8,3,6.666666666666667,1.247219128924646,20.000000000000000,3,5,5,7
3784,9329602,3,23677.200834784525796,3,4,1,3.666666666666667,0.471404520791033,11.000000000000000,2,4,3,4
3785,9329604,2,15784.800556523015985,1,3,2,2.000000000000000,1.000000000000000,4.000000000000000,2,1,1,1
3786,9329606,2,15784.800556523015985,1,1,0,1.000000000000000,0.000000000000000,2.000000000000000,1,1,1,1
3787,9329610,3,23677.200834784525796,1,6,5,3.333333333333333,2.054804667656325,10.000000000000000,3,1,1,3
3788,9329616,1,7892.400278261507992,3,3,0,3.000000000000000,0.000000000000000,3.000000000000000,1,3,3,3
3789,9329618,3,23677.200834784525796,2,19,17,8.666666666666666,7.408703590297623,26.000000000000000,3,2,2,5
3790,9329620,1,7892.400278261507992,7,7,0,7.000000000000000,0.000000000000000,7.000000000000000,1,7,7,7
3791,9329622,1,7892.400278261507992,7,7,0,7.000000000000000,0.000000000000000,7.000000000000000,1,7,7,7
3792,9329624,1,7892.400278261507992,3,3,0,3.000000000000000,0.000000000000000,3.000000000000000,1,3,3,3
3793,9329626,9,71031.602504353577388,3,27,24,8.222222222222221,6.778688463408732,74.000000000000000,6,5,3,6
3794,9329628,3,23677.200834784525796,1,2,1,1.333333333333333,0.471404520791032,4.000000000000000,2,1,2,1
3795,9329630,3,23677.200834784525796,14,17,3,15.333333333333334,1.247219128924642,46.000000000000000,3,14,14,15
3796,9329632,1,7892.400278261507992,2,2,0,2.000000000000000,0.000000000000000,2.000000000000000,1,2,2,2
3797,9329634,14,110493.603895661115530,2,28,26,10.785714285714286,7.123187202254854,151.000000000000000,12,6,2,9
3798,9329638,1,7892.400278261507992,3,3,0,3.000000000000000,0.000000000000000,3.000000000000000,1,3,3,3
3799,9329640,8,63139.202226092063938,5,15,10,8.375000000000000,3.425547401511180,67.000000000000000,5,5,7,7
3800,9329644,1,7892.400278261507992,9,9,0,9.000000000000000,0.000000000000000,9.000000000000000,1,9,9,9
3801,9329646,4,31569.601113046031969,3,12,9,7.000000000000000,3.240370349203930,28.000000000000000,4,3,3,6
3802,9329650,1,7892.400278261507992,12,12,0,12.000000000000000,0.000000000000000,12.000000000000000,1,12,12,12
3803,9329652,10,78924.002782615076285,1,22,21,10.600000000000000,6.499230723708769,106.000000000000000,8,5,1,12
3804,9329654,10,78924.002782615076285,3,37,34,17.699999999999999,12.141251994749140,177.000000000000000,9,37,3,16
3805,9329656,1,7892.400278261507992,9,9,0,9.000000000000000,0.000000000000000,9.000000000000000,1,9,9,9
3806,9329658,5,39462.001391307538142,8,18,10,11.800000000000001,3.370459909270542,59.000000000000000,5,8,8,11
3807,9329662,1,7892.400278261507992,14,14,0,14.000000000000000,0.000000000000000,14.000000000000000,1,14,14,14
3808,9329666,5,39462.001391307538142,8,18,10,14.600000000000000,3.555277766926237,73.000000000000000,5,8,8,16
3809,9329668,14,110493.603895661115530,1,14,13,6.214285714285714,3.839244185821911,87.000000000000000,11,3,1,5
3810,9329670,6,47354.401669569051592,1,12,11,4.000000000000000,3.741657386773941,24.000000000000000,4,1,4,3
3811,9329672,5,39462.001391307538142,13,30,17,20.000000000000000,6.164414002968976,100.000000000000000,5,13,13,17
3812,9329674,9,71031.602504353577388,3,23,20,8.444444444444445,6.668518261388292,76.000000000000000,6,3,6,5
3813,9329676,1,7892.400278261507992,2,2,0,2.000000000000000,0.000000000000000,2.000000000000000,1,2,2,2
3814,9329678,2,15784.800556523015985,2,10,8,6.000000000000000,4.000000000000000,12.000000000000000,2,2,2,2
3815,9329680,2,15784.800556523015985,2,3,1,2.500000000000000,0.500000000000000,5.000000000000000,2,2,2,2
3816,9329682,1,7892.400278261507992,1,1,0,1.000000000000000,0.000000000000000,1.000000000000000,1,1,1,1
3817,9329684,9,71031.602504353577388,1,5,4,2.888888888888889,1.369869778437550,26.000000000000000,5,2,1,2
3818,9329686,1,7892.400278261507992,1,1,0,1.000000000000000,0.000000000000000,1.000000000000000,1,1,1,1
3819,9329688,2,15784.800556523015985,1,4,3,2.500000000000000,1.500000000000000,5.000000000000000,2,1,1,1
3820,9329690,9,71031.602504353577388,2,20,18,7.222222222222222,6.629526173411688,65.000000000000000,5,2,9,4
3821,9329692,7,55246.801947830557765,5,14,9,8.000000000000000,3.464101615137754,56.000000000000000,5,5,6,6
3822,9329694,21,165740.405843491666019,2,8,6,5.047619047619047,1.675486865310398,106.000000000000000,7,4,8,5
3823,9329696,1,7892.400278261507992,5,5,0,5.000000000000000,0.000000000000000,5.000000000000000,1,5,5,5
3824,9329698,18,142063.205008707154775,1,11,10,4.944444444444445,2.990210364621753,89.000000000000000,9,4,3,4
3825,9329700,22,173632.806121753179468,3,15,12,8.272727272727273,3.277773886785444,182.000000000000000,12,5,3,8
3826,9329702,11,86816.403060876589734,11,24,13,17.000000000000000,4.842989309769892,187.000000000000000,8,12,11,16
3827,9329704,1,7892.400278261507992,15,15,0,15.000000000000000,0.000000000000000,15.000000000000000,1,15,15,15
3828,9329706,13,102601.203617399602081,1,11,10,6.615384615384615,2.434952583283756,86.000000000000000,6,6,1,6
3829,9329708,7,55246.801947830557765,4,13,9,6.571428571428571,2.770102775666474,46.000000000000000,5,5,4,6
3830,9329712,16,126278.404452184127877,5,21,16,11.750000000000000,4.776243293635700,188.000000000000000,9,17,6,12
3831,9329714,16,126278.404452184127877,1,9,8,5.312500000000000,2.310810193417019,85.000000000000000,6,5,1,5
3832,9329716,9,71031.602504353577388,13,25,12,17.444444444444443,4.548775442324165,157.000000000000000,6,13,16,16
3833,9329718,19,149955.605286968639120,1,12,11,3.000000000000000,2.533979603623310,57.000000000000000,6,1,3,2
3834,9329720,7,55246.801947830557765,2,11,9,5.428571428571429,3.331972511340171,38.000000000000000,6,2,3,4
3835,9329722,15,118386.004173922614427,2,16,14,9.000000000000000,4.195235392680607,135.000000000000000,10,5,2,8
3836,9329724,6,47354.401669569051592,1,8,7,4.333333333333333,2.687419249432850,26.000000000000000,5,1,4,4
3837,9329726,17,134170.804730445641326,3,14,11,8.705882352941176,2.885352580807231,148.000000000000000,10,9,3,9
3838,9329728,14,110493.603895661115530,1,14,13,8.428571428571429,4.135461378894322,118.000000000000000,10,5,1,9
3839,9329730,8,63139.202226092063938,4,12,8,7.000000000000000,2.291287847477920,56.000000000000000,6,6,4,6
3840,9329732,3,23677.200834784525796,3,7,4,4.333333333333333,1.885618083164127,13.000000000000000,2,3,7,3
3841,9329734,14,110493.603895661115530,9,22,13,13.500000000000000,4.031128874149275,189.000000000000000,10,9,12,12
3842,9329736,5,39462.001391307538142,4,10,6,6.600000000000000,2.800000000000001,33.000000000000000,3,4,5,5
3843,9329738,12,94708.803339138103183,3,29,26,16.750000000000000,9.337424698491549,201.000000000000000,8,3,5,20
3844,9329740,2,15784.800556523015985,1,7,6,4.000000000000000,3.000000000000000,8.000000000000000,2,1,1,1
3845,9329742,12,94708.803339138103183,1,13,12,4.000000000000000,3.439961240091716,48.000000000000000,6,4,3,3
3846,9329744,13,102601.203617399602081,3,14,11,9.076923076923077,3.124630155629216,118.000000000000000,7,8,3,9
3847,9329746,14,110493.603895661115530,3,21,18,11.500000000000000,6.769152721827790,161.000000000000000,11,21,4,9
3848,9329748,4,31569.601113046031969,1,5,4,3.500000000000000,1.500000000000000,14.000000000000000,3,4,1,4
3849,9329750,10,78924.002782615076285,1,22,21,9.699999999999999,7.211795892841117,97.000000000000000,7,10,3,10
3850,9329752,15,118386.004173922614427,2,11,9,5.533333333333333,2.526306042866189,83.000000000000000,9,4,3,5
3851,9329754,18,142063.205008707154775,1,22,21,9.166666666666666,6.568020165079344,165.000000000000000,10,1,2,8
3852,9329756,3,23677.200834784525796,2,12,10,6.333333333333333,4.189935029992179,19.000000000000000,3,2,2,5
3853,9329758,6,47354.401669569051592,4,17,13,9.833333333333334,4.450343307606228,59.000000000000000,5,7,4,7
3854,9329760,16,126278.404452184127877,2,15,13,9.937500000000000,3.454503401358870,159.000000000000000,11,13,2,10
3855,9329762,13,102601.203617399602081,1,14,13,9.384615384615385,4.010341660842177,122.000000000000000,9,10,1,10
3856,9329764,22,173632.806121753179468,2,15,13,7.545454545454546,3.380791633052191,166.000000000000000,11,5,2,7
3857,9329766,1,7892.400278261507992,11,11,0,11.000000000000000,0.000000000000000,11.000000000000000,1,11,11,11
3858,9329768,20,157848.005565230152570,3,16,13,7.850000000000000,3.439113257803528,157.000000000000000,11,5,3,8
3859,9329770,1,7892.400278261507992,13,13,0,13.000000000000000,0.000000000000000,13.000000000000000,1,13,13,13
3860,9329772,4,31569.601113046031969,7,20,13,12.000000000000000,5.431390245600108,48.000000000000000,3,7,14,7
3861,9329776,16,126278.404452184127877,3,23,20,13.000000000000000,6.041522986797286,208.000000000000000,11,17,3,12
3862,9329778,27,213094.807513060717611,6,21,15,12.000000000000000,3.820025208371352,324.000000000000000,14,10,7,12
3863,9329780,10,78924.002782615076285,2,17,15,6.500000000000000,4.341658669218482,65.000000000000000,7,6,2,5
3864,9329782,8,63139.202226092063938,5,19,14,14.000000000000000,4.636809247747852,112.000000000000000,7,18,5,14
3865,9329784,10,78924.002782615076285,7,18,11,10.400000000000000,2.973213749463699,104.000000000000000,6,7,12,10
3866,9329786,14,110493.603895661115530,2,8,6,5.000000000000000,1.463850109422800,70.000000000000000,5,5,2,5
3867,9329788,16,126278.404452184127877,2,13,11,6.875000000000000,2.891258376555094,110.000000000000000,8,5,2,7
3868,9329790,6,47354.401669569051592,2,9,7,4.666666666666667,2.357022603955158,28.000000000000000,3,5,9,5
3869,9329792,11,86816.403060876589734,7,24,17,14.636363636363637,4.457327517138641,161.000000000000000,8,15,7,15
3870,9329794,14,110493.603895661115530,8,26,18,13.357142857142858,5.259102895485705,187.000000000000000,9,8,10,11
3871,9329796,5,39462.001391307538142,1,19,18,11.800000000000001,6.554387843269575,59.000000000000000,5,1,1,12
3872,9329798,14,110493.603895661115530,3,18,15,12.000000000000000,3.464101615137754,168.000000000000000,8,10,3,12
3873,9329800,8,63139.202226092063938,6,13,7,9.250000000000000,2.904737509655563,74.000000000000000,5,6,10,7
3874,9329802,11,86816.403060876589734,5,17,12,10.090909090909092,4.144098661833264,111.000000000000000,8,6,5,8
3875,9329804,5,39462.001391307538142,10,14,4,11.800000000000001,1.599999999999997,59.000000000000000,4,10,12,12
3876,9329806,18,142063.205008707154775,1,19,18,8.722222222222221,5.535798201560013,157.000000000000000,13,4,3,6
3877,9329808,2,15784.800556523015985,19,28,9,23.500000000000000,4.500000000000000,47.000000000000000,2,19,19,19
3878,9329812,14,110493.603895661115530,2,19,17,8.642857142857142,5.887118417809016,121.000000000000000,11,5,3,5
3879,9329814,11,86816.403060876589734,1,11,10,4.454545454545454,2.775334094995227,49.000000000000000,7,2,1,4
3880,9329816,5,39462.001391307538142,3,5,2,4.600000000000000,0.800000000000000,23.000000000000000,2,5,3,5
3881,9329818,18,142063.205008707154775,1,14,13,4.444444444444445,4.003085229922627,80.000000000000000,8,2,3,2
3882,9329820,16,126278.404452184127877,2,12,10,9.187500000000000,2.480391854123054,147.000000000000000,7,10,2,10
3883,9329822,18,142063.205008707154775,1,19,18,8.500000000000000,5.057996968497839,153.000000000000000,12,3,1,7
3884,9329824,2,15784.800556523015985,7,12,5,9.500000000000000,2.500000000000000,19.000000000000000,2,7,7,7
3885,9329826,15,118386.004173922614427,2,24,22,13.266666666666667,5.157087894883658,199.000000000000000,12,13,2,13
3886,9329828,20,157848.005565230152570,2,34,32,13.800000000000001,10.127191120937729,276.000000000000000,16,4,2,9
3887,9329830,6,47354.401669569051592,7,16,9,12.666666666666666,3.036811193048101,76.000000000000000,4,12,7,12
3888,9329832,9,71031.602504353577388,3,11,8,6.555555555555555,2.006163342807533,59.000000000000000,5,7,3,7
3889,9329834,11,86816.403060876589734,3,13,10,8.818181818181818,3.157046428033698,97.000000000000000,8,10,3,10
3890,9329836,15,118386.004173922614427,12,38,26,19.733333333333334,7.388880534665286,296.000000000000000,8,21,23,21
3891,9329838,14,110493.603895661115530,5,18,13,9.285714285714286,3.126581232605611,130.000000000000000,9,7,5,9
3892,9329840,27,213094.807513060717611,2,20,18,9.407407407407407,4.723928522519267,254.000000000000000,14,4,2,9
3893,9329842,5,39462.001391307538142,3,17,14,9.400000000000000,5.238320341483518,47.000000000000000,5,3,3,11
3894,9329844,21,165740.405843491666019,3,12,9,7.047619047619047,2.716373466086031,148.000000000000000,10,7,6,7
3895,9329846,16,126278.404452184127877,4,23,19,13.875000000000000,4.973366566019441,222.000000000000000,10,12,4,14
3896,9329848,1,7892.400278261507992,12,12,0,12.000000000000000,0.000000000000000,12.000000000000000,1,12,12,12
3897,9329850,10,78924.002782615076285,4,15,11,8.000000000000000,3.193743884534262,80.000000000000000,6,7,4,7
3898,9329852,8,63139.202226092063938,5,8,3,6.625000000000000,1.111024302164449,53.000000000000000,4,7,6,7
3899,9329854,15,118386.004173922614427,1,18,17,9.600000000000000,4.586937976471887,144.000000000000000,9,5,1,11
3900,9329856,18,142063.205008707154775,5,18,13,9.333333333333334,4.109609335312651,168.000000000000000,9,5,7,8
3901,9329858,3,23677.200834784525796,17,21,4,18.333333333333332,1.885618083164133,55.000000000000000,2,17,21,17
3902,9329860,4,31569.601113046031969,2,7,5,4.750000000000000,1.785357107135713,19.000000000000000,3,5,2,5
3903,9329862,8,63139.202226092063938,7,34,27,23.125000000000000,8.637671850678283,185.000000000000000,7,20,7,20
3904,9329864,5,39462.001391307538142,5,8,3,6.200000000000000,0.979795897113270,31.000000000000000,3,6,5,6
3905,9329866,10,78924.002782615076285,3,28,25,13.800000000000001,9.703607576566563,138.000000000000000,9,3,4,8
3906,9329868,17,134170.804730445641326,3,25,22,12.411764705882353,7.284623802547162,211.000000000000000,12,12,4,12
3907,9329870,13,102601.203617399602081,6,15,9,10.461538461538462,3.053758960196802,136.000000000000000,7,11,7,11
3908,9329872,10,78924.002782615076285,3,16,13,8.699999999999999,4.450842616853578,87.000000000000000,9,4,3,7
3909,9329874,15,118386.004173922614427,1,17,16,10.466666666666667,4.759084879353266,157.000000000000000,9,9,1,9
3910,9329876,16,126278.404452184127877,3,19,16,9.375000000000000,3.722818152958858,150.000000000000000,8,9,8,9
3911,9329878,6,47354.401669569051592,2,13,11,5.166666666666667,3.715582801601325,31.000000000000000,4,2,4,4
3912,9329880,23,181525.206400014692917,1,18,17,8.739130434782609,4.627116590222090,201.000000000000000,15,4,1,9
3913,9329882,14,110493.603895661115530,5,20,15,8.357142857142858,4.834506074005062,117.000000000000000,7,5,9,6
3914,9329884,2,15784.800556523015985,11,16,5,13.500000000000000,2.500000000000000,27.000000000000000,2,11,11,11
3915,9329886,5,39462.001391307538142,3,16,13,10.400000000000000,4.715930449020637,52.000000000000000,4,9,3,9
3916,9329888,13,102601.203617399602081,1,13,12,5.461538461538462,3.795045041090464,71.000000000000000,9,4,2,4
3917,9329890,9,71031.602504353577388,3,13,10,6.555555555555555,3.130889511912305,59.000000000000000,6,7,4,7
3918,9329892,25,197310.006956537690712,2,27,25,9.880000000000001,5.501417999025342,247.000000000000000,14,9,2,9
3919,9329894,15,118386.004173922614427,1,38,37,17.733333333333334,12.808677614110765,266.000000000000000,12,3,1,21
3920,9329896,5,39462.001391307538142,4,17,13,8.800000000000001,4.578209256903838,44.000000000000000,4,9,4,9
3921,9329898,3,23677.200834784525796,1,2,1,1.666666666666667,0.471404520791031,5.000000000000000,2,2,1,2
3922,9329900,20,157848.005565230152570,1,8,7,4.100000000000000,2.118962010041709,82.000000000000000,7,3,2,3
3923,9329902,15,118386.004173922614427,4,40,36,25.600000000000001,10.320206716275919,384.000000000000000,13,26,4,27
3924,9329904,12,94708.803339138103183,3,29,26,11.333333333333334,6.798692684790379,136.000000000000000,9,8,3,8
3925,9329906,3,23677.200834784525796,2,6,4,3.666666666666667,1.699673171197595,11.000000000000000,3,2,2,3
3926,9329908,15,118386.004173922614427,4,17,13,8.333333333333334,3.476907949441412,125.000000000000000,8,7,5,7
3927,9329910,4,31569.601113046031969,2,5,3,3.000000000000000,1.224744871391589,12.000000000000000,3,2,3,2
3928,9329912,3,23677.200834784525796,2,7,5,4.000000000000000,2.160246899469287,12.000000000000000,3,2,2,3
3929,9329914,4,31569.601113046031969,7,10,3,8.250000000000000,1.299038105676658,33.000000000000000,3,7,9,7
3930,9329916,17,134170.804730445641326,3,18,15,8.529411764705882,3.711946485713765,145.000000000000000,10,5,3,8
3931,9329918,8,63139.202226092063938,7,19,12,12.625000000000000,4.029190365321550,101.000000000000000,7,7,10,13
3932,9329920,5,39462.001391307538142,2,28,26,10.000000000000000,9.528903399657276,50.000000000000000,5,2,2,6
3933,9329922,17,134170.804730445641326,1,11,10,5.882352941176471,2.609538001508098,100.000000000000000,8,5,1,5
3934,9329924,11,86816.403060876589734,2,17,15,10.272727272727273,5.241285565599844,113.000000000000000,10,17,2,11
3935,9329926,24,189417.606678276206367,2,27,25,9.041666666666666,6.140569779932659,217.000000000000000,13,5,6,7
3936,9329928,14,110493.603895661115530,1,12,11,5.500000000000000,3.289593982762701,77.000000000000000,10,6,2,5
3937,9329930,15,118386.004173922614427,2,12,10,8.133333333333333,2.801586851926759,122.000000000000000,9,10,2,9
3938,9329932,2,15784.800556523015985,4,6,2,5.000000000000000,1.000000000000000,10.000000000000000,2,4,4,4
3939,9329934,17,134170.804730445641326,1,27,26,10.588235294117647,8.109970795112512,180.000000000000000,15,3,1,8
3940,9329936,13,102601.203617399602081,3,17,14,9.769230769230770,3.805943654416301,127.000000000000000,9,10,3,10
3941,9329938,10,78924.002782615076285,4,25,21,13.300000000000001,6.542935121182235,133.000000000000000,8,7,4,11
3942,9329940,6,47354.401669569051592,7,14,7,10.000000000000000,2.081665999466133,60.000000000000000,4,10,7,10
3943,9329942,24,189417.606678276206367,3,11,8,6.916666666666667,2.196904387744011,166.000000000000000,9,7,11,7
3944,9329944,12,94708.803339138103183,11,27,16,15.666666666666666,4.048319267163709,188.000000000000000,9,13,11,14
3945,9329946,14,110493.603895661115530,1,30,29,12.285714285714286,9.683775617189900,172.000000000000000,12,4,1,8
3946,9329948,3,23677.200834784525796,3,8,5,6.333333333333333,2.357022603955159,19.000000000000000,2,8,3,8
3947,9329950,7,55246.801947830557765,6,14,8,9.285714285714286,2.490799396308954,65.000000000000000,7,6,6,9
3948,9329952,18,142063.205008707154775,3,15,12,8.444444444444445,3.499559055116360,152.000000000000000,10,5,3,7
3949,9329954,3,23677.200834784525796,3,7,4,5.333333333333333,1.699673171197595,16.000000000000000,3,3,3,6
3950,9329956,16,126278.404452184127877,2,18,16,9.375000000000000,4.754931650402558,150.000000000000000,11,12,5,9
3951,9329958,18,142063.205008707154775,1,16,15,6.777777777777778,3.598696609044810,122.000000000000000,12,5,1,6
3952,9329960,2,15784.800556523015985,5,9,4,7.000000000000000,2.000000000000000,14.000000000000000,2,5,5,5
3953,9329962,6,47354.401669569051592,4,29,25,12.500000000000000,9.142392101268317,75.000000000000000,5,4,6,6
3954,9329964,15,118386.004173922614427,1,14,13,7.533333333333333,4.364503280888776,113.000000000000000,10,3,1,7
3955,9329966,9,71031.602504353577388,10,17,7,13.111111111111111,2.182986967154279,118.000000000000000,5,13,12,13
3956,9329968,19,149955.605286968639120,2,11,9,5.473684210526316,2.872160768345737,104.000000000000000,9,4,5,4
3957,9329970,17,134170.804730445641326,1,22,21,10.294117647058824,6.313055621509826,175.000000000000000,13,10,1,10
3958,9329972,16,126278.404452184127877,5,27,22,11.687500000000000,6.516505486071503,187.000000000000000,10,6,5,9
3959,9329974,4,31569.601113046031969,7,23,16,12.750000000000000,6.098155458825234,51.000000000000000,4,7,7,10
3960,9329976,10,78924.002782615076285,10,30,20,19.100000000000001,6.670082458260914,191.000000000000000,8,10,12,21
3961,9329978,17,134170.804730445641326,3,26,23,10.764705882352942,6.366543172893618,183.000000000000000,11,3,6,10
3962,9329980,4,31569.601113046031969,2,30,28,11.500000000000000,11.434596626029272,46.000000000000000,3,2,12,2
3963,9329982,1,7892.400278261507992,2,2,0,2.000000000000000,0.000000000000000,2.000000000000000,1,2,2,2
3964,9329984,7,55246.801947830557765,7,14,7,11.000000000000000,2.725540575476987,77.000000000000000,6,14,7,12
3965,9329986,15,118386.004173922614427,2,20,18,8.666666666666666,4.642796092394708,130.000000000000000,10,7,2,7
3966,9329988,4,31569.601113046031969,19,24,5,21.000000000000000,2.121320343559642,84.000000000000000,3,19,22,19
3967,9329990,16,126278.404452184127877,3,17,14,11.000000000000000,3.335416016031584,176.000000000000000,10,13,3,11
3968,9329992,14,110493.603895661115530,2,21,19,11.928571428571429,5.364756494464399,167.000000000000000,9,9,2,9
3969,9329994,12,94708.803339138103183,3,16,13,8.916666666666666,3.946693412071540,107.000000000000000,9,6,3,7
3970,9329996,24,189417.606678276206367,3,26,23,10.583333333333334,5.670954260283026,254.000000000000000,13,7,3,8
3971,9329998,7,55246.801947830557765,4,21,17,10.571428571428571,6.137871731125954,74.000000000000000,6,6,4,7
3972,9330000,4,31569.601113046031969,2,24,22,13.250000000000000,10.755812382149477,53.000000000000000,3,24,2,3
3973,9330002,11,86816.403060876589734,9,19,10,13.909090909090908,3.287843876368206,153.000000000000000,8,11,9,13
3974,9330004,10,78924.002782615076285,8,19,11,12.500000000000000,4.104875150354759,125.000000000000000,7,9,8,10
3975,9330006,10,78924.002782615076285,2,12,10,5.000000000000000,3.193743884534262,50.000000000000000,7,2,3,4
3976,9330008,3,23677.200834784525796,4,26,22,16.333333333333332,9.177266598624138,49.000000000000000,3,4,4,19
3977,9330010,2,15784.800556523015985,10,13,3,11.500000000000000,1.500000000000000,23.000000000000000,2,10,10,10
3978,9330012,23,181525.206400014692917,3,21,18,9.782608695652174,4.986560387587303,225.000000000000000,14,3,4,10
3979,9330014,11,86816.403060876589734,2,10,8,6.000000000000000,2.412090756622109,66.000000000000000,7,6,7,6
3980,9330016,12,94708.803339138103183,3,24,21,12.666666666666666,7.586537784494029,152.000000000000000,10,3,8,9
3981,9330018,13,102601.203617399602081,3,22,19,15.153846153846153,4.959003526549599,197.000000000000000,11,15,3,15
3982,9330020,5,39462.001391307538142,3,13,10,8.600000000000000,3.878143885933063,43.000000000000000,4,11,3,11
3983,9330022,10,78924.002782615076285,13,27,14,19.500000000000000,4.883646178829912,195.000000000000000,7,16,13,16
3984,9330024,2,15784.800556523015985,6,10,4,8.000000000000000,2.000000000000000,16.000000000000000,2,6,6,6
3985,9330026,7,55246.801947830557765,6,10,4,8.142857142857142,1.355261854357878,57.000000000000000,4,9,6,9
3986,9330028,6,47354.401669569051592,2,11,9,7.000000000000000,3.511884584284247,42.000000000000000,5,11,2,7
3987,9330030,17,134170.804730445641326,1,19,18,9.294117647058824,6.046532364357111,158.000000000000000,11,17,5,9
3988,9330032,12,94708.803339138103183,2,14,12,7.666666666666667,3.836954811073779,92.000000000000000,9,4,2,6
3989,9330034,2,15784.800556523015985,6,16,10,11.000000000000000,5.000000000000000,22.000000000000000,2,6,6,6
3990,9330036,14,110493.603895661115530,4,29,25,13.714285714285714,7.905048761289671,192.000000000000000,13,6,4,11
3991,9330038,17,134170.804730445641326,7,33,26,15.176470588235293,6.879084191079397,258.000000000000000,12,13,9,13
3992,9330040,15,118386.004173922614427,1,24,23,9.466666666666667,5.071050734863097,142.000000000000000,9,9,1,9
3993,9330042,26,205202.407234799204161,1,11,10,5.730769230769231,2.753427127553145,149.000000000000000,11,7,1,6
3994,9330044,6,47354.401669569051592,2,13,11,7.000000000000000,3.651483716701108,42.000000000000000,4,8,2,8
3995,9330046,15,118386.004173922614427,3,22,19,9.666666666666666,5.652924513520021,145.000000000000000,11,7,3,7
3996,9330048,18,142063.205008707154775,1,17,16,6.666666666666667,4.714045207910317,120.000000000000000,12,2,6,5
3997,9330050,1,7892.400278261507992,8,8,0,8.000000000000000,0.000000000000000,8.000000000000000,1,8,8,8
3998,9330052,13,102601.203617399602081,1,13,12,8.000000000000000,3.823007273781285,104.000000000000000,9,9,1,9
3999,9330054,10,78924.002782615076285,3,14,11,8.300000000000001,2.899999999999999,83.000000000000000,8,6,3,8
4000,9330056,5,39462.001391307538142,5,16,11,12.199999999999999,4.214261501141097,61.000000000000000,4,16,5,14
4001,9330058,20,157848.005565230152570,2,12,10,7.600000000000000,2.905167809266790,152.000000000000000,9,10,2,8
4002,9330060,14,110493.603895661115530,2,14,12,7.357142857142857,3.497083332826757,103.000000000000000,9,7,2,7
4003,9330062,30,236772.008347845228855,2,19,17,5.966666666666667,3.240198896501400,179.000000000000000,10,5,6,5
4004,9330064,22,173632.806121753179468,1,20,19,7.000000000000000,3.965762565670407,154.000000000000000,11,6,2,6
4005,9330066,8,63139.202226092063938,1,13,12,8.625000000000000,3.998046397929869,69.000000000000000,6,10,1,10
4006,9330068,21,165740.405843491666019,2,28,26,13.952380952380953,6.462169696642809,293.000000000000000,16,19,2,15
4007,9330070,4,31569.601113046031969,4,8,4,5.500000000000000,1.500000000000000,22.000000000000000,3,5,4,5
4008,9330072,6,47354.401669569051592,3,10,7,6.500000000000000,2.432419919887737,39.000000000000000,5,8,3,6
4009,9330074,11,86816.403060876589734,4,29,25,17.454545454545453,7.958570410268834,192.000000000000000,8,25,13,17
4010,9330076,5,39462.001391307538142,11,25,14,18.000000000000000,5.549774770204643,90.000000000000000,5,11,11,20
4011,9330078,19,149955.605286968639120,1,17,16,5.894736842105263,4.140871213214935,112.000000000000000,10,6,1,5
4012,9330080,8,63139.202226092063938,6,15,9,10.000000000000000,2.828427124746190,80.000000000000000,7,10,6,10
4013,9330082,5,39462.001391307538142,5,12,7,7.000000000000000,2.607680962081059,35.000000000000000,4,5,6,6
4014,9330084,14,110493.603895661115530,3,12,9,6.714285714285714,2.736749151524003,94.000000000000000,9,9,6,6
4015,9330086,17,134170.804730445641326,2,21,19,8.529411764705882,4.499903882095359,145.000000000000000,10,5,2,7
4016,9330088,4,31569.601113046031969,4,9,5,6.000000000000000,2.121320343559642,24.000000000000000,3,4,7,4
4017,9330090,17,134170.804730445641326,5,17,12,9.294117647058824,3.321316285527789,158.000000000000000,9,6,7,9
4018,9330092,6,47354.401669569051592,2,26,24,13.166666666666666,8.112062349091973,79.000000000000000,6,2,2,12
4019,9330094,16,126278.404452184127877,3,17,14,6.812500000000000,3.956304304524615,109.000000000000000,9,3,6,5
4020,9330096,6,47354.401669569051592,1,9,8,4.333333333333333,2.808716591058786,26.000000000000000,6,1,1,3
4021,9330098,12,94708.803339138103183,5,21,16,13.833333333333334,4.879093722768148,166.000000000000000,8,18,5,15
4022,9330100,27,213094.807513060717611,3,25,22,8.629629629629630,4.364402705289339,233.000000000000000,12,7,3,8
4023,9330102,18,142063.205008707154775,2,13,11,6.611111111111111,3.352261075899020,119.000000000000000,9,5,6,5
4024,9330104,12,94708.803339138103183,5,24,19,16.083333333333332,6.197557762717686,193.000000000000000,8,10,5,16
4025,9330106,7,55246.801947830557765,2,9,7,5.857142857142857,2.415933503612538,41.000000000000000,5,5,2,5
4026,9330108,3,23677.200834784525796,3,9,6,6.000000000000000,2.449489742783178,18.000000000000000,3,3,3,6
4027,9330110,2,15784.800556523015985,11,11,0,11.000000000000000,0.000000000000000,22.000000000000000,1,11,11,11
4028,9330112,6,47354.401669569051592,4,26,22,13.500000000000000,6.601767440112787,81.000000000000000,5,13,4,13
4029,9330114,14,110493.603895661115530,1,22,21,13.500000000000000,6.161516510915614,189.000000000000000,10,10,1,11
4030,9330116,8,63139.202226092063938,6,18,12,11.375000000000000,4.151430476353903,91.000000000000000,6,10,6,10
4031,9330118,11,86816.403060876589734,4,23,19,14.090909090909092,6.185827576801455,155.000000000000000,10,20,4,16
4032,9330120,4,31569.601113046031969,9,18,9,12.750000000000000,3.344772040064913,51.000000000000000,4,9,9,11
4033,9330122,10,78924.002782615076285,1,25,24,12.800000000000001,6.477653896280659,128.000000000000000,9,12,1,12
4034,9330124,9,71031.602504353577388,4,16,12,10.666666666666666,3.972125095937662,96.000000000000000,7,11,4,11
4035,9330126,19,149955.605286968639120,1,14,13,7.526315789473684,3.346143436895228,143.000000000000000,12,8,1,8
4036,9330128,13,102601.203617399602081,1,20,19,10.538461538461538,5.271335907388251,137.000000000000000,10,8,1,10
4037,9330130,13,102601.203617399602081,4,18,14,9.692307692307692,3.516655215588452,126.000000000000000,8,7,4,9
4038,9330132,15,118386.004173922614427,7,28,21,17.266666666666666,6.308371862497927,259.000000000000000,11,13,7,16
4039,9330134,31,244664.408626106742304,1,57,56,11.064516129032258,14.858332046952034,343.000000000000000,16,1,3,2
4040,9330136,3,23677.200834784525796,21,21,0,21.000000000000000,0.000000000000000,63.000000000000000,1,21,21,21
4041,9330138,8,63139.202226092063938,2,31,29,11.375000000000000,9.054522350737226,91.000000000000000,7,6,2,6
4042,9330140,11,86816.403060876589734,2,24,22,14.727272727272727,7.033567685048983,162.000000000000000,6,19,2,19
4043,9330142,13,102601.203617399602081,2,15,13,8.153846153846153,4.469488937333524,106.000000000000000,7,4,2,7
4044,9330144,18,142063.205008707154775,3,19,16,9.388888888888889,4.322279348379983,169.000000000000000,11,9,3,9
4045,9330146,11,86816.403060876589734,3,13,10,7.363636363636363,2.837179369877680,81.000000000000000,8,4,3,8
4046,9330148,3,23677.200834784525796,5,9,4,7.000000000000000,1.632993161855452,21.000000000000000,3,5,5,7
4047,9330150,8,63139.202226092063938,4,11,7,8.625000000000000,2.117634293262177,69.000000000000000,4,9,4,9
4048,9330152,2,15784.800556523015985,4,9,5,6.500000000000000,2.500000000000000,13.000000000000000,2,4,4,4
4049,9330154,24,189417.606678276206367,2,26,24,9.333333333333334,6.662498697102228,224.000000000000000,15,4,2,7
4050,9330158,26,205202.407234799204161,2,17,15,7.000000000000000,3.430631249381194,182.000000000000000,11,5,3,6
4051,9330160,11,86816.403060876589734,2,22,20,12.000000000000000,6.193838580689391,132.000000000000000,10,7,2,13
4052,9330164,4,31569.601113046031969,8,11,3,10.250000000000000,1.299038105676658,41.000000000000000,2,11,8,11
4053,9330166,6,47354.401669569051592,2,14,12,7.666666666666667,5.055250296034367,46.000000000000000,4,2,5,5
4054,9330168,2,15784.800556523015985,5,10,5,7.500000000000000,2.500000000000000,15.000000000000000,2,5,5,5
4055,9330170,8,63139.202226092063938,1,16,15,8.000000000000000,5.196152422706632,64.000000000000000,6,3,1,8
4056,9330172,7,55246.801947830557765,2,10,8,6.285714285714286,2.657296462534040,44.000000000000000,6,8,2,7
4057,9330174,34,268341.609460891282652,1,15,14,6.647058823529412,3.571804231355356,226.000000000000000,12,2,10,7
4058,9330178,11,86816.403060876589734,3,8,5,5.636363636363637,1.720080720765863,62.000000000000000,6,3,4,6
4059,9330180,8,63139.202226092063938,1,14,13,6.625000000000000,4.060095442227929,53.000000000000000,6,5,1,5
4060,9330182,11,86816.403060876589734,1,11,10,5.818181818181818,2.854603357837742,64.000000000000000,9,4,1,5
4061,9330184,5,39462.001391307538142,7,20,13,13.400000000000000,5.535341001239217,67.000000000000000,4,20,7,11
4062,9330186,9,71031.602504353577388,2,21,19,9.888888888888889,6.674069963413869,89.000000000000000,6,2,6,8
4063,9330188,22,173632.806121753179468,4,20,16,10.636363636363637,5.023087194015019,234.000000000000000,12,4,5,11
4064,9330190,18,142063.205008707154775,1,12,11,6.333333333333333,3.144660377352201,114.000000000000000,9,7,1,7
4065,9330192,2,15784.800556523015985,1,6,5,3.500000000000000,2.500000000000000,7.000000000000000,2,1,1,1
4066,9330194,16,126278.404452184127877,2,10,8,7.000000000000000,2.397915761656360,112.000000000000000,7,6,2,6
4067,9330196,5,39462.001391307538142,2,20,18,10.600000000000000,6.740919818541088,53.000000000000000,5,2,2,12
4068,9330198,13,102601.203617399602081,1,10,9,5.846153846153846,3.438384098250310,76.000000000000000,8,1,2,7
4069,9330200,21,165740.405843491666019,1,23,22,9.571428571428571,5.385796386894739,201.000000000000000,14,5,1,9
4070,9330202,5,39462.001391307538142,3,35,32,16.000000000000000,11.865917579353061,80.000000000000000,5,3,3,14
4071,9330204,19,149955.605286968639120,2,18,16,9.473684210526315,4.441057496785051,180.000000000000000,12,7,2,10
4072,9330206,9,71031.602504353577388,1,17,16,9.111111111111111,4.931631338038255,82.000000000000000,9,1,1,9
4073,9330208,4,31569.601113046031969,8,11,3,9.000000000000000,1.224744871391589,36.000000000000000,3,8,9,8
4074,9330210,2,15784.800556523015985,8,10,2,9.000000000000000,1.000000000000000,18.000000000000000,2,8,8,8
4075,9330212,12,94708.803339138103183,2,19,17,10.750000000000000,5.371607456494440,129.000000000000000,12,2,2,9
4076,9330214,6,47354.401669569051592,4,18,14,10.833333333333334,5.459446451386399,65.000000000000000,4,7,4,7
4077,9330216,14,110493.603895661115530,1,24,23,10.642857142857142,7.276254362721277,149.000000000000000,10,3,1,9
4078,9330220,12,94708.803339138103183,5,19,14,7.666666666666667,3.704351795148811,92.000000000000000,6,5,10,6
4079,9330222,6,47354.401669569051592,4,16,12,9.166666666666666,4.740487551109298,55.000000000000000,6,4,4,6
4080,9330224,11,86816.403060876589734,3,15,12,8.909090909090908,3.918593102227693,98.000000000000000,7,4,3,9
4081,9330226,11,86816.403060876589734,2,18,16,7.181818181818182,4.686890456236451,79.000000000000000,9,4,2,5
4082,9330228,6,47354.401669569051592,3,11,8,5.500000000000000,2.753785273643051,33.000000000000000,4,4,3,4
4083,9330230,9,71031.602504353577388,2,10,8,6.333333333333333,2.828427124746190,57.000000000000000,5,2,5,6
4084,9330232,23,181525.206400014692917,1,21,20,8.565217391304348,6.020444061020038,197.000000000000000,13,4,8,7
4085,9330234,7,55246.801947830557765,1,14,13,7.428571428571429,3.579989738897619,52.000000000000000,6,7,1,7
4086,9330236,12,94708.803339138103183,3,12,9,7.000000000000000,2.886751345948129,84.000000000000000,7,8,4,7
4087,9330238,14,110493.603895661115530,2,14,12,8.214285714285714,3.467781741125245,115.000000000000000,7,10,2,7
4088,9330240,5,39462.001391307538142,3,13,10,9.600000000000000,4.270831300812525,48.000000000000000,3,13,3,13
4089,9330242,7,55246.801947830557765,1,12,11,5.000000000000000,3.505098327538656,35.000000000000000,4,6,1,6
4090,9330244,25,197310.006956537690712,1,20,19,8.119999999999999,5.163874514354508,203.000000000000000,13,2,1,7
4091,9330246,16,126278.404452184127877,1,13,12,6.750000000000000,3.614208073700240,108.000000000000000,10,2,1,7
4092,9330248,15,118386.004173922614427,3,18,15,10.266666666666667,4.850658603621665,154.000000000000000,10,6,3,9
4093,9330250,21,165740.405843491666019,4,18,14,8.523809523809524,3.607123212267738,179.000000000000000,11,7,6,8
4094,9330252,8,63139.202226092063938,13,24,11,17.125000000000000,3.919103851647721,137.000000000000000,6,14,13,15
4095,9330254,14,110493.603895661115530,4,21,17,11.214285714285714,4.916133373591361,157.000000000000000,10,8,4,10
4096,9330256,36,284126.410017414309550,1,20,19,7.305555555555555,3.430414976876740,263.000000000000000,13,9,1,7
4097,9330258,18,142063.205008707154775,1,15,14,8.277777777777779,4.343648690975972,149.000000000000000,13,8,2,8
4098,9330260,13,102601.203617399602081,1,15,14,5.538461538461538,3.953876084891199,72.000000000000000,8,2,1,4
4099,9330262,6,47354.401669569051592,6,10,4,8.166666666666666,1.343709624716427,49.000000000000000,5,9,6,8
4100,9330264,17,134170.804730445641326,4,14,10,8.000000000000000,2.678893538055459,136.000000000000000,9,7,5,8
4101,9330266,12,94708.803339138103183,2,17,15,8.000000000000000,4.509249752822894,96.000000000000000,8,2,7,8
4102,9330268,8,63139.202226092063938,4,24,20,13.375000000000000,6.945097191544551,107.000000000000000,7,10,4,10
4103,9330270,4,31569.601113046031969,1,15,14,6.750000000000000,5.214163403653552,27.000000000000000,4,1,1,4
4104,9330272,1,7892.400278261507992,13,13,0,13.000000000000000,0.000000000000000,13.000000000000000,1,13,13,13
4105,9330274,14,110493.603895661115530,6,21,15,11.571428571428571,3.994894701174162,162.000000000000000,11,10,6,10
4106,9330276,1,7892.400278261507992,4,4,0,4.000000000000000,0.000000000000000,4.000000000000000,1,4,4,4
4107,9330278,5,39462.001391307538142,4,9,5,7.000000000000000,1.788854381999832,35.000000000000000,4,8,4,8
4108,9330280,6,47354.401669569051592,1,12,11,6.666666666666667,4.422166387140533,40.000000000000000,5,3,1,3
4109,9330282,4,31569.601113046031969,5,11,6,7.750000000000000,2.165063509461097,31.000000000000000,4,5,5,7
4110,9330284,6,47354.401669569051592,2,13,11,6.000000000000000,4.123105625617661,36.000000000000000,5,2,4,4
4111,9330286,15,118386.004173922614427,5,16,11,11.800000000000001,3.166491223210112,177.000000000000000,9,12,5,12
4112,9330288,4,31569.601113046031969,1,5,4,2.750000000000000,1.479019945774904,11.000000000000000,4,1,1,2
4113,9330290,5,39462.001391307538142,2,12,10,4.400000000000000,3.826225293941798,22.000000000000000,3,2,12,3
4114,9330292,4,31569.601113046031969,8,13,5,11.000000000000000,2.121320343559642,44.000000000000000,3,13,8,10
4115,9330294,10,78924.002782615076285,15,26,11,20.399999999999999,3.666060555964680,204.000000000000000,9,24,15,19
4116,9330296,9,71031.602504353577388,5,11,6,7.555555555555555,2.314740739555519,68.000000000000000,6,5,6,7
4117,9330298,7,55246.801947830557765,1,15,14,8.142857142857142,6.104531605491856,57.000000000000000,5,15,1,6
4118,9330300,5,39462.001391307538142,7,28,21,16.800000000000001,7.884161337770808,84.000000000000000,5,7,7,18
4119,9330302,6,47354.401669569051592,4,21,17,17.000000000000000,5.972157622389639,102.000000000000000,5,21,4,19
4120,9330304,11,86816.403060876589734,5,21,16,11.909090909090908,5.367487061500187,131.000000000000000,9,10,5,10
4121,9330306,18,142063.205008707154775,2,13,11,7.111111111111111,3.478327964999673,128.000000000000000,10,4,7,8
4122,9330310,7,55246.801947830557765,6,28,22,14.000000000000000,7.559289460184544,98.000000000000000,6,6,9,13
4123,9330312,17,134170.804730445641326,1,22,21,7.176470588235294,6.391495214162673,122.000000000000000,10,2,3,5
4124,9330314,15,118386.004173922614427,2,7,5,4.800000000000000,1.326649916142161,72.000000000000000,6,5,2,5
4125,9330316,7,55246.801947830557765,5,25,20,17.000000000000000,6.256425268702340,119.000000000000000,6,17,5,17
4126,9330318,14,110493.603895661115530,3,18,15,10.785714285714286,4.228788604461623,151.000000000000000,9,8,3,9
4127,9330320,4,31569.601113046031969,2,9,7,5.750000000000000,2.861380785564899,23.000000000000000,4,2,2,4
4128,9330322,19,149955.605286968639120,1,15,14,5.526315789473684,3.499901067062379,105.000000000000000,10,3,2,4
4129,9330324,17,134170.804730445641326,1,23,22,12.058823529411764,6.898171865538376,205.000000000000000,12,4,1,11
4130,9330326,15,118386.004173922614427,1,10,9,6.400000000000000,2.870540018881464,96.000000000000000,7,4,1,7
4131,9330328,1,7892.400278261507992,3,3,0,3.000000000000000,0.000000000000000,3.000000000000000,1,3,3,3
4132,9330330,8,63139.202226092063938,4,17,13,7.500000000000000,4.609772228646444,60.000000000000000,5,4,8,5
4133,9330332,8,63139.202226092063938,6,15,9,10.375000000000000,2.689679348918752,83.000000000000000,7,10,6,10
4134,9330334,1,7892.400278261507992,5,5,0,5.000000000000000,0.000000000000000,5.000000000000000,1,5,5,5
4135,9330336,19,149955.605286968639120,1,17,16,6.157894736842105,5.878266463890406,117.000000000000000,9,2,1,3
4136,9330338,6,47354.401669569051592,6,13,7,9.666666666666666,2.211083193570268,58.000000000000000,5,10,6,10
4137,9330340,7,55246.801947830557765,3,8,5,4.285714285714286,1.665986255670086,30.000000000000000,4,3,5,4
4138,9330342,24,189417.606678276206367,2,29,27,12.375000000000000,6.349622692202533,297.000000000000000,16,12,2,11
4139,9330344,1,7892.400278261507992,13,13,0,13.000000000000000,0.000000000000000,13.000000000000000,1,13,13,13
4140,9330346,7,55246.801947830557765,8,26,18,17.857142857142858,6.812353724323635,125.000000000000000,6,26,8,15
4141,9330348,26,205202.407234799204161,2,16,14,7.346153846153846,2.934441470801920,191.000000000000000,10,8,3,7
4142,9330350,19,149955.605286968639120,2,13,11,7.157894736842105,3.717146017475700,136.000000000000000,10,2,3,7
4143,9330352,6,47354.401669569051592,2,15,13,8.500000000000000,4.153311931459037,51.000000000000000,5,9,2,9
4144,9330354,16,126278.404452184127877,2,18,16,9.000000000000000,4.582575694955840,144.000000000000000,11,6,2,7
4145,9330356,10,78924.002782615076285,2,9,7,6.000000000000000,2.280350850198276,60.000000000000000,6,4,2,5
4146,9330358,5,39462.001391307538142,2,11,9,7.200000000000000,3.059411708155671,36.000000000000000,5,2,2,8
4147,9330360,5,39462.001391307538142,1,4,3,2.400000000000000,1.019803902718557,12.000000000000000,4,2,1,2
4148,9330362,15,118386.004173922614427,3,17,14,8.000000000000000,4.000000000000000,120.000000000000000,9,5,3,6
4149,9330364,11,86816.403060876589734,2,16,14,8.636363636363637,3.574473318424999,95.000000000000000,8,6,2,8
4150,9330366,13,102601.203617399602081,8,26,18,14.538461538461538,5.285908474649069,189.000000000000000,9,17,8,16
4151,9330368,9,71031.602504353577388,3,12,9,7.666666666666667,2.943920288775949,69.000000000000000,6,6,3,6
4152,9330370,11,86816.403060876589734,2,35,33,14.727272727272727,12.277776739006642,162.000000000000000,8,3,2,11
4153,9330372,1,7892.400278261507992,7,7,0,7.000000000000000,0.000000000000000,7.000000000000000,1,7,7,7
4154,9330374,14,110493.603895661115530,3,9,6,5.642857142857143,1.874914964058097,79.000000000000000,6,5,6,5
4155,9330376,12,94708.803339138103183,2,22,20,10.250000000000000,5.804093383121950,123.000000000000000,10,10,2,10
4156,9330378,31,244664.408626106742304,1,17,16,7.838709677419355,4.385436118332003,243.000000000000000,14,4,6,8
4157,9330380,8,63139.202226092063938,1,19,18,8.000000000000000,5.049752469181039,64.000000000000000,7,6,1,6
4158,9330382,5,39462.001391307538142,5,29,24,13.199999999999999,8.908422980528035,66.000000000000000,5,5,5,8
4159,9330384,35,276234.009739152796101,1,13,12,7.028571428571428,3.102862404625899,246.000000000000000,12,10,1,7
4160,9330386,14,110493.603895661115530,2,11,9,6.071428571428571,2.250850179512676,85.000000000000000,9,6,2,6
4161,9330388,11,86816.403060876589734,1,20,19,10.272727272727273,5.674358739755357,113.000000000000000,9,13,1,13
4162,9330390,13,102601.203617399602081,1,7,6,5.076923076923077,1.591396989659786,66.000000000000000,6,5,1,5
4163,9330392,16,126278.404452184127877,2,10,8,6.125000000000000,2.315032397181517,98.000000000000000,7,6,2,6
4164,9330394,5,39462.001391307538142,3,8,5,4.800000000000000,1.833030277982337,24.000000000000000,3,3,8,5
4165,9330396,6,47354.401669569051592,5,17,12,11.166666666666666,5.209499869362595,67.000000000000000,5,16,5,7
4166,9330398,1,7892.400278261507992,9,9,0,9.000000000000000,0.000000000000000,9.000000000000000,1,9,9,9
4167,9330400,2,15784.800556523015985,6,10,4,8.000000000000000,2.000000000000000,16.000000000000000,2,6,6,6
4168,9330402,11,86816.403060876589734,6,24,18,13.636363636363637,5.498309281831796,150.000000000000000,10,12,6,12
4169,9330404,5,39462.001391307538142,1,13,12,8.199999999999999,4.261455150532504,41.000000000000000,5,1,1,10
4170,9330406,4,31569.601113046031969,2,15,13,8.250000000000000,4.656984002549289,33.000000000000000,4,2,2,7
4171,9330408,13,102601.203617399602081,2,31,29,13.769230769230770,8.030268183603317,179.000000000000000,11,9,2,12
4172,9330410,9,71031.602504353577388,3,17,14,11.666666666666666,4.136557881996952,105.000000000000000,5,14,3,14
4173,9330412,17,134170.804730445641326,4,21,17,10.705882352941176,4.835709156368145,182.000000000000000,10,8,4,9
4174,9330414,17,134170.804730445641326,3,18,15,9.764705882352942,4.180197177515263,166.000000000000000,12,6,3,9
4175,9330416,5,39462.001391307538142,3,6,3,4.000000000000000,1.264911064067352,20.000000000000000,3,3,5,3
4176,9330418,7,55246.801947830557765,5,29,24,16.000000000000000,8.124038404635961,112.000000000000000,5,5,15,16
4177,9330420,16,126278.404452184127877,1,12,11,5.687500000000000,2.283603238305639,91.000000000000000,7,5,1,5
4178,9330424,16,126278.404452184127877,4,21,17,11.625000000000000,4.807221130757353,186.000000000000000,12,13,4,12
4179,9330426,46,363050.412800029385835,1,18,17,6.152173913043478,4.822805386478000,283.000000000000000,14,1,6,5
4180,9330428,2,15784.800556523015985,7,8,1,7.500000000000000,0.500000000000000,15.000000000000000,2,7,7,7
4181,9330430,5,39462.001391307538142,2,5,3,3.400000000000000,1.019803902718557,17.000000000000000,4,3,2,3
4182,9330434,4,31569.601113046031969,2,18,16,10.000000000000000,8.000000000000000,40.000000000000000,2,2,2,2
4183,9330436,3,23677.200834784525796,3,10,7,6.333333333333333,2.867441755680876,19.000000000000000,3,3,3,6
4184,9330438,1,7892.400278261507992,5,5,0,5.000000000000000,0.000000000000000,5.000000000000000,1,5,5,5
4185,9330442,15,118386.004173922614427,4,16,12,8.133333333333333,3.116978594016256,122.000000000000000,9,6,5,8
4186,9330444,3,23677.200834784525796,2,5,3,3.333333333333333,1.247219128924647,10.000000000000000,3,2,2,3
4187,9330446,9,71031.602504353577388,1,32,31,16.666666666666668,11.430952132988164,150.000000000000000,8,32,1,15
4188,9330448,8,63139.202226092063938,4,13,9,8.875000000000000,2.934173648576376,71.000000000000000,7,10,4,9
4189,9330450,14,110493.603895661115530,3,18,15,9.357142857142858,4.133610370351509,131.000000000000000,9,10,3,10
4190,9330452,27,213094.807513060717611,1,15,14,6.518518518518518,3.201508560736936,176.000000000000000,11,7,1,7
4191,9330454,15,118386.004173922614427,6,27,21,13.866666666666667,6.312597634008434,208.000000000000000,9,9,6,11
4192,9330456,8,63139.202226092063938,5,21,16,9.625000000000000,5.475799028452378,77.000000000000000,6,5,6,7
4193,9330458,19,149955.605286968639120,2,16,14,6.157894736842105,4.158227834758669,117.000000000000000,10,2,3,4
4194,9330460,8,63139.202226092063938,4,18,14,12.000000000000000,4.716990566028302,96.000000000000000,6,8,4,12
4195,9330462,8,63139.202226092063938,4,13,9,8.625000000000000,2.825663638864329,69.000000000000000,8,4,4,8
4196,9330466,3,23677.200834784525796,7,17,10,11.666666666666666,4.109609335312652,35.000000000000000,3,7,7,11
4197,9330468,17,134170.804730445641326,8,21,13,15.000000000000000,3.850133687518488,255.000000000000000,9,16,9,16
4198,9330470,7,55246.801947830557765,5,28,23,20.000000000000000,6.886840453253686,140.000000000000000,6,23,5,23
4199,9330472,9,71031.602504353577388,4,20,16,13.444444444444445,5.123174170399334,121.000000000000000,6,15,4,15
4200,9330474,12,94708.803339138103183,10,28,18,19.250000000000000,6.043246919771964,231.000000000000000,8,12,10,19
4201,9330476,3,23677.200834784525796,4,14,10,9.333333333333334,4.109609335312649,28.000000000000000,3,4,4,10
4202,9330478,3,23677.200834784525796,5,7,2,5.666666666666667,0.942809041582062,17.000000000000000,2,5,7,5
4203,9330480,7,55246.801947830557765,9,28,19,18.571428571428573,5.778213833187619,130.000000000000000,7,9,9,20
4204,9330482,6,47354.401669569051592,10,24,14,17.500000000000000,4.232808366400098,105.000000000000000,6,10,10,17
4205,9330484,10,78924.002782615076285,3,18,15,8.500000000000000,5.371219600798314,85.000000000000000,6,6,4,6
4206,9330486,9,71031.602504353577388,9,26,17,17.888888888888889,5.665577237325315,161.000000000000000,8,13,9,17
4207,9330488,10,78924.002782615076285,5,25,20,15.600000000000000,5.936328831862332,156.000000000000000,9,15,5,15
4208,9330490,12,94708.803339138103183,5,14,9,9.583333333333334,2.722080495176844,115.000000000000000,7,7,5,9
4209,9330492,3,23677.200834784525796,6,17,11,13.000000000000000,4.966554808583780,39.000000000000000,3,6,6,16
4210,9330494,12,94708.803339138103183,5,16,11,10.666666666666666,3.144660377352202,128.000000000000000,7,10,5,10
4211,9330496,14,110493.603895661115530,3,16,13,9.285714285714286,3.768830273792261,130.000000000000000,10,6,3,8
4212,9330498,11,86816.403060876589734,6,26,20,17.090909090909090,4.718523371767629,188.000000000000000,7,19,6,19
4213,9330500,12,94708.803339138103183,9,19,10,12.833333333333334,3.023059524536174,154.000000000000000,8,9,10,12
4214,9330502,9,71031.602504353577388,2,15,13,7.000000000000000,4.618802153517006,63.000000000000000,6,3,2,6
4215,9330504,11,86816.403060876589734,3,24,21,11.727272727272727,4.825894341813455,129.000000000000000,6,11,3,11
4216,9330506,8,63139.202226092063938,7,17,10,12.000000000000000,4.031128874149275,96.000000000000000,6,7,8,11
4217,9330510,4,31569.601113046031969,1,14,13,7.250000000000000,5.068283733178323,29.000000000000000,4,1,1,4
4218,9330512,7,55246.801947830557765,6,22,16,11.285714285714286,5.848425568702490,79.000000000000000,5,6,9,9
4219,9330514,21,165740.405843491666019,4,23,19,9.952380952380953,5.131380492580645,209.000000000000000,12,7,10,8
4220,9330516,7,55246.801947830557765,7,19,12,11.000000000000000,3.964124835860459,77.000000000000000,5,8,7,9
4221,9330518,8,63139.202226092063938,8,25,17,13.875000000000000,5.395310463726809,111.000000000000000,7,8,11,12
4222,9330520,4,31569.601113046031969,5,17,12,10.750000000000000,5.760859310901457,43.000000000000000,3,5,16,5
4223,9330522,4,31569.601113046031969,12,22,10,17.000000000000000,4.123105625617661,68.000000000000000,4,12,12,14
4224,9330524,11,86816.403060876589734,4,18,14,12.181818181818182,5.041972590495291,134.000000000000000,8,4,6,15
4225,9330526,3,23677.200834784525796,15,20,5,17.000000000000000,2.160246899469287,51.000000000000000,3,15,15,16
4226,9330528,21,165740.405843491666019,3,16,13,9.523809523809524,3.711231955885469,200.000000000000000,11,12,3,10
4227,9330530,10,78924.002782615076285,5,15,10,10.100000000000000,3.832753579347361,101.000000000000000,6,5,8,10
4228,9330532,22,173632.806121753179468,3,18,15,7.045454545454546,3.169130547918793,155.000000000000000,9,7,3,7
4229,9330534,12,94708.803339138103183,9,18,9,11.833333333333334,2.544056253745622,142.000000000000000,6,11,12,11
4230,9330536,17,134170.804730445641326,3,26,23,12.588235294117647,6.843277710789590,214.000000000000000,13,5,3,11
4231,9330538,4,31569.601113046031969,2,26,24,12.500000000000000,8.645808232895291,50.000000000000000,4,2,2,10
4232,9330542,2,15784.800556523015985,6,17,11,11.500000000000000,5.500000000000000,23.000000000000000,2,6,6,6
4233,9330544,14,110493.603895661115530,4,25,21,11.142857142857142,5.501391289705631,156.000000000000000,11,9,4,9
4234,9330546,4,31569.601113046031969,2,16,14,7.750000000000000,5.673402858955108,31.000000000000000,4,2,2,3
4235,9330548,2,15784.800556523015985,5,6,1,5.500000000000000,0.500000000000000,11.000000000000000,2,5,5,5
4236,9330550,16,126278.404452184127877,3,24,21,14.000000000000000,6.964194138592060,224.000000000000000,10,7,3,14
4237,9330552,14,110493.603895661115530,6,15,9,10.142857142857142,2.531435020952765,142.000000000000000,7,9,6,10
4238,9330554,3,23677.200834784525796,7,13,6,11.000000000000000,2.828427124746190,33.000000000000000,2,13,7,13
4239,9330556,12,94708.803339138103183,8,35,27,18.166666666666668,9.035424112286533,218.000000000000000,10,8,10,14
4240,9330558,1,7892.400278261507992,4,4,0,4.000000000000000,0.000000000000000,4.000000000000000,1,4,4,4
4241,9330560,13,102601.203617399602081,12,32,20,20.384615384615383,6.822344076505150,265.000000000000000,10,12,16,19
4242,9330562,12,94708.803339138103183,7,26,19,18.083333333333332,5.648869110027444,217.000000000000000,10,16,7,16
4243,9330564,10,78924.002782615076285,3,15,12,7.200000000000000,3.515679166249389,72.000000000000000,4,9,15,5
4244,9330566,13,102601.203617399602081,2,22,20,14.307692307692308,6.131690887193732,186.000000000000000,10,15,2,15
4245,9330568,13,102601.203617399602081,5,27,22,16.307692307692307,7.086114432570173,212.000000000000000,11,16,5,16
4246,9330570,15,118386.004173922614427,2,23,21,11.199999999999999,6.284372151085050,168.000000000000000,11,5,2,10
4247,9330572,5,39462.001391307538142,1,12,11,7.400000000000000,3.929376540877700,37.000000000000000,5,1,1,7
4248,9330574,10,78924.002782615076285,2,14,12,8.100000000000000,4.229657196511320,81.000000000000000,7,2,3,9
4249,9330576,16,126278.404452184127877,4,19,15,9.562500000000000,3.741135355744296,153.000000000000000,10,10,4,10
4250,9330578,15,118386.004173922614427,6,22,16,11.666666666666666,4.437216344611665,175.000000000000000,10,6,10,12
4251,9330580,12,94708.803339138103183,4,23,19,10.000000000000000,6.493586579592718,120.000000000000000,8,4,9,7
4252,9330582,11,86816.403060876589734,1,23,22,12.000000000000000,7.109532653097146,132.000000000000000,9,6,1,12
4253,9330584,25,197310.006956537690712,1,16,15,8.000000000000000,4.289522117905443,200.000000000000000,13,4,1,8
4254,9330586,64,505113.617808736511506,3,25,22,10.109375000000000,5.434603215449588,647.000000000000000,20,7,8,10
4255,9330588,7,55246.801947830557765,1,18,17,7.428571428571429,4.865538961693257,52.000000000000000,5,7,1,7
4256,9330590,9,71031.602504353577388,2,11,9,6.555555555555555,2.586765939293959,59.000000000000000,5,5,2,7
4257,9330592,12,94708.803339138103183,3,10,7,6.166666666666667,2.192157739660983,74.000000000000000,6,5,3,5
4258,9330594,1,7892.400278261507992,6,6,0,6.000000000000000,0.000000000000000,6.000000000000000,1,6,6,6
4259,9330596,29,228879.608069583744509,2,25,23,13.931034482758621,6.073861661378992,404.000000000000000,16,10,7,13
4260,9330600,5,39462.001391307538142,4,28,24,13.400000000000000,9.748846085563152,67.000000000000000,5,4,4,8
4261,9330602,8,63139.202226092063938,4,41,37,20.750000000000000,10.674151020104597,166.000000000000000,7,22,4,22
4262,9330604,2,15784.800556523015985,5,6,1,5.500000000000000,0.500000000000000,11.000000000000000,2,5,5,5
4263,9330606,3,23677.200834784525796,3,11,8,5.666666666666667,3.771236166328253,17.000000000000000,2,3,11,3
4264,9330608,6,47354.401669569051592,3,13,10,8.666666666666666,3.399346342395191,52.000000000000000,5,9,3,9
4265,9330610,25,197310.006956537690712,3,21,18,10.680000000000000,4.921138079753503,267.000000000000000,15,11,5,11
4266,9330612,21,165740.405843491666019,3,17,14,9.523809523809524,3.580623085163326,200.000000000000000,12,8,3,8
4267,9330614,8,63139.202226092063938,7,17,10,12.750000000000000,2.904737509655563,102.000000000000000,5,11,7,13
4268,9330616,12,94708.803339138103183,3,16,13,8.583333333333334,3.988699314591440,103.000000000000000,11,7,3,7
4269,9330618,3,23677.200834784525796,9,24,15,14.333333333333334,6.847546194724711,43.000000000000000,3,9,9,10
4270,9330620,2,15784.800556523015985,7,17,10,12.000000000000000,5.000000000000000,24.000000000000000,2,7,7,7
4271,9330622,3,23677.200834784525796,12,25,13,18.000000000000000,5.354126134736337,54.000000000000000,3,12,12,17
4272,9330624,20,157848.005565230152570,3,20,17,10.050000000000001,4.790354892907204,201.000000000000000,9,6,3,9
4273,9330626,43,339373.211965244845487,2,19,17,8.720930232558139,4.082438745579850,375.000000000000000,14,8,3,8
4274,9330628,10,78924.002782615076285,13,41,28,22.300000000000001,8.319254774317226,223.000000000000000,8,17,13,19
4275,9330630,4,31569.601113046031969,24,26,2,24.750000000000000,0.829156197588850,99.000000000000000,3,24,25,24
4276,9330632,8,63139.202226092063938,2,14,12,8.000000000000000,4.000000000000000,64.000000000000000,8,2,2,7
4277,9330634,6,47354.401669569051592,1,21,20,12.333333333333334,6.262764742685310,74.000000000000000,6,1,1,11
4278,9330636,13,102601.203617399602081,1,23,22,8.153846153846153,7.624314888223918,106.000000000000000,9,5,4,5
4279,9330638,13,102601.203617399602081,2,10,8,6.000000000000000,2.075498086651083,78.000000000000000,7,5,2,6
4280,9330640,4,31569.601113046031969,17,24,7,20.750000000000000,2.861380785564899,83.000000000000000,4,17,17,19
4281,9330642,8,63139.202226092063938,3,16,13,8.375000000000000,4.090767042988393,67.000000000000000,7,8,3,8
4282,9330644,16,126278.404452184127877,5,24,19,13.312500000000000,5.564606342770349,213.000000000000000,12,7,5,12
4283,9330646,3,23677.200834784525796,18,24,6,21.000000000000000,2.449489742783178,63.000000000000000,3,18,18,21
4284,9330648,13,102601.203617399602081,5,14,9,9.846153846153847,3.676247121645698,128.000000000000000,6,13,10,11
4285,9330650,9,71031.602504353577388,2,19,17,8.666666666666666,5.830951894845301,78.000000000000000,7,3,2,7
4286,9330652,2,15784.800556523015985,16,16,0,16.000000000000000,0.000000000000000,32.000000000000000,1,16,16,16
4287,9330654,1,7892.400278261507992,9,9,0,9.000000000000000,0.000000000000000,9.000000000000000,1,9,9,9
4288,9330656,21,165740.405843491666019,8,22,14,12.857142857142858,3.770634837110314,270.000000000000000,9,15,17,12
4289,9330658,17,134170.804730445641326,5,18,13,12.764705882352942,3.734251823083265,217.000000000000000,9,13,5,13
4290,9330660,10,78924.002782615076285,4,32,28,14.300000000000001,7.642643521714198,143.000000000000000,8,14,4,14
4291,9330662,9,71031.602504353577388,2,18,16,9.777777777777779,4.802262841105400,88.000000000000000,9,2,2,9
4292,9330664,9,71031.602504353577388,4,21,17,13.666666666666666,4.618802153517006,123.000000000000000,8,16,4,15
4293,9330666,33,260449.209182629769202,1,33,32,11.242424242424242,7.738257195653229,371.000000000000000,18,7,3,10
4294,9330668,24,189417.606678276206367,10,21,11,15.416666666666666,2.812422838447705,370.000000000000000,12,14,10,15
4295,9330670,9,71031.602504353577388,3,8,5,6.777777777777778,1.685083432011455,61.000000000000000,5,8,3,8
4296,9330672,4,31569.601113046031969,5,13,8,8.000000000000000,3.000000000000000,32.000000000000000,3,7,5,7
4297,9330674,19,149955.605286968639120,3,31,28,14.736842105263158,7.289806186602436,280.000000000000000,12,18,3,16
4298,9330676,8,63139.202226092063938,9,18,9,12.625000000000000,3.119995993587171,101.000000000000000,6,9,10,11
4299,9330678,11,86816.403060876589734,9,21,12,14.363636363636363,4.140108195176618,158.000000000000000,10,10,9,14
4300,9330682,13,102601.203617399602081,7,19,12,12.153846153846153,3.697112258676284,158.000000000000000,7,9,7,11
4301,9330684,15,118386.004173922614427,5,28,23,15.066666666666666,4.795368135561185,226.000000000000000,10,17,5,15
4302,9330686,5,39462.001391307538142,10,29,19,24.000000000000000,7.238784428341543,120.000000000000000,4,29,10,28
4303,9330688,12,94708.803339138103183,1,15,14,8.583333333333334,4.329325069286846,103.000000000000000,9,11,1,9
4304,9330690,1,7892.400278261507992,19,19,0,19.000000000000000,0.000000000000000,19.000000000000000,1,19,19,19
4305,9330692,9,71031.602504353577388,4,16,12,10.555555555555555,3.918931575232978,95.000000000000000,7,10,4,10
4306,9330694,9,71031.602504353577388,2,24,22,14.333333333333334,6.847546194724712,129.000000000000000,8,12,2,15
4307,9330696,2,15784.800556523015985,10,23,13,16.500000000000000,6.500000000000000,33.000000000000000,2,10,10,10
4308,9330698,15,118386.004173922614427,5,22,17,13.266666666666667,4.878068834647125,199.000000000000000,8,11,5,11
4309,9330700,6,47354.401669569051592,11,37,26,24.500000000000000,9.895285072531598,147.000000000000000,6,11,11,19
4310,9330702,17,134170.804730445641326,3,20,17,7.823529411764706,3.929306092274055,133.000000000000000,9,3,5,8
4311,9330704,14,110493.603895661115530,1,27,26,14.142857142857142,8.601138984851639,198.000000000000000,9,12,1,12
4312,9330706,17,134170.804730445641326,1,31,30,11.529411764705882,8.486096913802589,196.000000000000000,13,7,3,8
4313,9330708,9,71031.602504353577388,7,33,26,20.111111111111111,7.823674107681755,181.000000000000000,7,24,7,24
4314,9330710,17,134170.804730445641326,4,27,23,12.411764705882353,7.104752539710234,211.000000000000000,11,9,4,10
4315,9330712,13,102601.203617399602081,5,19,14,12.307692307692308,4.713068825243196,160.000000000000000,8,15,7,12
4316,9330714,6,47354.401669569051592,3,32,29,18.500000000000000,8.808140174482540,111.000000000000000,6,3,3,19
4317,9330716,31,244664.408626106742304,3,26,23,13.516129032258064,7.170148546362137,419.000000000000000,16,3,6,14
4318,9330718,7,55246.801947830557765,5,27,22,15.714285714285714,8.066053836281775,110.000000000000000,7,5,5,18
4319,9330720,25,197310.006956537690712,2,28,26,11.199999999999999,7.375635565834310,280.000000000000000,16,4,2,9
4320,9330722,6,47354.401669569051592,2,14,12,8.333333333333334,4.533823502911814,50.000000000000000,5,5,2,5
4321,9330724,17,134170.804730445641326,2,36,34,13.882352941176471,10.034542417195283,236.000000000000000,12,5,2,11
4322,9330726,15,118386.004173922614427,2,21,19,10.266666666666667,5.626919425602450,154.000000000000000,9,7,2,8
4323,9330728,1,7892.400278261507992,15,15,0,15.000000000000000,0.000000000000000,15.000000000000000,1,15,15,15
4324,9330732,12,94708.803339138103183,1,21,20,6.916666666666667,4.680782223327872,83.000000000000000,7,6,1,6
4325,9330734,15,118386.004173922614427,3,26,23,13.866666666666667,6.152145064031640,208.000000000000000,11,8,3,14
4326,9330736,15,118386.004173922614427,1,16,15,6.466666666666667,4.030991055421593,97.000000000000000,8,4,3,7
4327,9330738,9,71031.602504353577388,5,17,12,11.555555555555555,3.685138655950444,104.000000000000000,6,9,5,11
4328,9330740,22,173632.806121753179468,4,17,13,9.590909090909092,3.537578664838049,211.000000000000000,11,8,4,8
4329,9330742,7,55246.801947830557765,1,11,10,5.000000000000000,3.505098327538656,35.000000000000000,5,2,1,5
4330,9330744,46,363050.412800029385835,1,30,29,9.630434782608695,7.016622176481062,443.000000000000000,18,7,5,8
4331,9330746,7,55246.801947830557765,2,9,7,5.000000000000000,2.507132682112035,35.000000000000000,5,2,4,5
4332,9330748,29,228879.608069583744509,2,27,25,12.310344827586206,7.268749587841716,357.000000000000000,18,14,4,13
4333,9330750,15,118386.004173922614427,2,17,15,8.066666666666666,3.473071007368295,121.000000000000000,7,5,2,7
4334,9330752,12,94708.803339138103183,1,15,14,6.833333333333333,3.996526269427267,82.000000000000000,9,4,1,5
4335,9330754,7,55246.801947830557765,2,21,19,9.571428571428571,5.678459118386226,67.000000000000000,5,7,2,7
4336,9330756,35,276234.009739152796101,1,14,13,6.457142857142857,3.083067648049420,226.000000000000000,13,7,1,6
4337,9330758,18,142063.205008707154775,3,22,19,7.611111111111111,4.461425891758634,137.000000000000000,9,4,3,6
4338,9330760,19,149955.605286968639120,3,16,13,9.105263157894736,3.058977070888504,173.000000000000000,11,7,3,9
4339,9330762,16,126278.404452184127877,1,16,15,5.812500000000000,3.711784442825310,93.000000000000000,9,3,1,5
4340,9330764,13,102601.203617399602081,5,13,8,8.076923076923077,2.200053791703860,105.000000000000000,7,7,5,8
4341,9330766,9,71031.602504353577388,5,21,16,12.000000000000000,5.354126134736337,108.000000000000000,6,9,5,11
4342,9330768,12,94708.803339138103183,1,15,14,6.583333333333333,4.480668352923356,79.000000000000000,7,2,1,4
4343,9330770,14,110493.603895661115530,1,16,15,10.214285714285714,5.239664267169516,143.000000000000000,9,13,3,13
4344,9330772,35,276234.009739152796101,2,29,27,14.714285714285714,7.057200693805801,515.000000000000000,20,23,7,16
4345,9330774,17,134170.804730445641326,11,29,18,18.764705882352942,5.162414070097619,319.000000000000000,10,15,11,16
4346,9330776,2,15784.800556523015985,10,10,0,10.000000000000000,0.000000000000000,20.000000000000000,1,10,10,10
4347,9330778,5,39462.001391307538142,2,18,16,10.800000000000001,5.844655678480982,54.000000000000000,5,2,2,11
4348,9330780,19,149955.605286968639120,4,24,20,12.842105263157896,6.115236862432762,244.000000000000000,15,4,5,13
4349,9330782,24,189417.606678276206367,1,22,21,10.500000000000000,6.177917664283546,252.000000000000000,14,13,1,11
4350,9330784,12,94708.803339138103183,3,23,20,11.083333333333334,6.356864181514515,133.000000000000000,10,4,3,11
4351,9330786,23,181525.206400014692917,3,21,18,9.043478260869565,5.077471648023644,208.000000000000000,13,4,3,8
4352,9330788,7,55246.801947830557765,3,19,16,8.714285714285714,5.674864018868916,61.000000000000000,6,3,4,7
4353,9330790,26,205202.407234799204161,2,30,28,13.076923076923077,7.745584731977096,340.000000000000000,13,13,3,12
4354,9330792,14,110493.603895661115530,1,28,27,12.500000000000000,9.178779875342910,175.000000000000000,12,7,1,8
4355,9330794,3,23677.200834784525796,5,14,9,9.000000000000000,3.741657386773941,27.000000000000000,3,5,5,8
4356,9330796,21,165740.405843491666019,4,28,24,16.000000000000000,6.553806600166117,336.000000000000000,14,20,4,17
4357,9330798,3,23677.200834784525796,5,9,4,7.333333333333333,1.699673171197597,22.000000000000000,3,5,5,8
4358,9330800,27,213094.807513060717611,1,21,20,8.629629629629630,6.031694977970142,233.000000000000000,16,3,1,7
4359,9330802,4,31569.601113046031969,2,6,4,3.750000000000000,1.479019945774904,15.000000000000000,4,2,2,3
4360,9330804,19,149955.605286968639120,1,15,14,5.578947368421052,3.703707807528249,106.000000000000000,10,2,1,5
4361,9330806,36,284126.410017414309550,1,34,33,14.388888888888889,8.923370619327461,518.000000000000000,18,10,1,12
4362,9330808,14,110493.603895661115530,3,25,22,12.285714285714286,5.897076411585797,172.000000000000000,11,7,3,12
4363,9330810,23,181525.206400014692917,1,16,15,7.043478260869565,3.544478386467621,162.000000000000000,12,7,2,7
4364,9330812,13,102601.203617399602081,2,11,9,6.461538461538462,3.053758960196800,84.000000000000000,8,5,2,5
4365,9330814,9,71031.602504353577388,7,18,11,12.666666666666666,3.265986323710904,114.000000000000000,7,12,7,13
4366,9330816,16,126278.404452184127877,1,20,19,10.187500000000000,5.040073784182132,163.000000000000000,11,11,1,11
4367,9330818,16,126278.404452184127877,3,29,26,12.875000000000000,6.518003912241845,206.000000000000000,9,12,16,12
4368,9330820,37,292018.810295675822999,1,23,22,10.756756756756756,6.100090408746970,398.000000000000000,18,11,9,11
4369,9330822,35,276234.009739152796101,1,21,20,10.171428571428571,4.475237993899412,356.000000000000000,14,6,1,9
4370,9330828,13,102601.203617399602081,5,23,18,14.846153846153847,6.395264520254316,193.000000000000000,10,5,7,15
4371,9330830,52,410404.814469598408323,1,30,29,14.057692307692308,7.776724299369391,731.000000000000000,23,8,3,12
4372,9330832,4,31569.601113046031969,8,26,18,18.750000000000000,7.327175444876422,75.000000000000000,4,8,8,16
4373,9330834,35,276234.009739152796101,2,19,17,9.314285714285715,5.175609990668752,326.000000000000000,15,2,4,9
4374,9330836,1,7892.400278261507992,5,5,0,5.000000000000000,0.000000000000000,5.000000000000000,1,5,5,5
4375,9330838,4,31569.601113046031969,4,21,17,10.250000000000000,6.456585785072479,41.000000000000000,4,4,4,7
4376,9330840,16,126278.404452184127877,7,25,18,13.937500000000000,5.539277367130120,223.000000000000000,11,10,7,12
4377,9330854,12,94708.803339138103183,6,23,17,12.000000000000000,5.033222956847166,144.000000000000000,9,6,9,12
4378,9330856,5,39462.001391307538142,2,40,38,15.400000000000000,14.527215837867903,77.000000000000000,5,2,2,6
4379,9330858,12,94708.803339138103183,3,12,9,7.750000000000000,2.586020108197150,93.000000000000000,6,8,3,8
4380,9330860,19,149955.605286968639120,1,32,31,11.105263157894736,10.171656889519836,211.000000000000000,14,1,4,7
4381,9330862,23,181525.206400014692917,4,37,33,14.652173913043478,8.790353881446332,337.000000000000000,16,10,4,12
4382,9330864,9,71031.602504353577388,8,53,45,20.333333333333332,13.976170195491086,183.000000000000000,8,14,8,14
4383,9330866,6,47354.401669569051592,7,13,6,9.666666666666666,2.211083193570268,58.000000000000000,4,7,9,9
4384,9330868,14,110493.603895661115530,6,42,36,23.285714285714285,10.713333291001529,326.000000000000000,13,16,6,18
4385,9330870,14,110493.603895661115530,3,22,19,14.214285714285714,6.002125473870207,199.000000000000000,11,14,3,14
4386,9330872,23,181525.206400014692917,2,16,14,9.608695652173912,3.830531015915959,221.000000000000000,12,7,2,9
4387,9330874,20,157848.005565230152570,3,27,24,15.500000000000000,7.619055059520177,310.000000000000000,13,24,3,17
4388,9330876,6,47354.401669569051592,8,26,18,17.166666666666668,6.986097305044895,103.000000000000000,5,26,8,16
4389,9330878,16,126278.404452184127877,6,26,20,15.562500000000000,5.600990425808636,249.000000000000000,10,10,6,15
4390,9330880,5,39462.001391307538142,2,7,5,3.400000000000000,1.959591794226543,17.000000000000000,3,2,4,2
4391,9330882,12,94708.803339138103183,5,27,22,12.166666666666666,7.547994582816169,146.000000000000000,8,5,7,8
4392,9330884,10,78924.002782615076285,1,21,20,11.600000000000000,6.785278181474951,116.000000000000000,10,1,1,11
4393,9330886,13,102601.203617399602081,6,48,42,20.461538461538460,11.526660632006296,266.000000000000000,10,11,6,16
4394,9330888,26,205202.407234799204161,6,45,39,21.807692307692307,12.171907222937046,567.000000000000000,18,6,14,20
4395,9330890,9,71031.602504353577388,2,25,23,12.888888888888889,6.190394789859608,116.000000000000000,9,2,2,14
4396,9330892,13,102601.203617399602081,2,22,20,12.076923076923077,5.744047600798298,157.000000000000000,11,12,2,12
4397,9330894,9,71031.602504353577388,2,19,17,6.666666666666667,4.807401700618652,60.000000000000000,7,4,2,6
4398,9330896,25,197310.006956537690712,3,19,16,8.279999999999999,4.181100333644244,207.000000000000000,13,9,5,8
4399,9330898,19,149955.605286968639120,1,21,20,6.947368421052632,5.335814289068147,132.000000000000000,12,3,4,5
4400,9330900,8,63139.202226092063938,3,9,6,5.750000000000000,2.165063509461097,46.000000000000000,6,3,4,5
4401,9330902,17,134170.804730445641326,5,16,11,9.176470588235293,2.833316371480540,156.000000000000000,7,9,6,9
4402,9330904,15,118386.004173922614427,2,13,11,9.066666666666666,3.295788558482207,136.000000000000000,7,10,2,10
4403,9330906,15,118386.004173922614427,2,15,13,6.000000000000000,3.183289703016886,90.000000000000000,7,6,3,6
4404,9330908,9,71031.602504353577388,2,24,22,10.777777777777779,6.972609550994324,97.000000000000000,9,2,2,9
4405,9330910,2,15784.800556523015985,4,11,7,7.500000000000000,3.500000000000000,15.000000000000000,2,4,4,4
4406,9330912,17,134170.804730445641326,1,18,17,5.882352941176471,4.522913596880255,100.000000000000000,11,2,1,5
4407,9330914,10,78924.002782615076285,1,11,10,5.800000000000000,2.959729717389749,58.000000000000000,7,4,1,5
4408,9330916,15,118386.004173922614427,1,22,21,5.866666666666666,6.781019261307420,88.000000000000000,7,1,3,2
4409,9330918,4,31569.601113046031969,2,11,9,7.750000000000000,3.699662146737186,31.000000000000000,3,11,2,7
4410,9330920,13,102601.203617399602081,2,18,16,10.538461538461538,5.429483395391168,137.000000000000000,8,2,4,11
4411,9330922,9,71031.602504353577388,3,24,21,15.444444444444445,7.529366376043296,139.000000000000000,8,24,3,17
4412,9330924,43,339373.211965244845487,1,25,24,11.534883720930232,5.911552887746055,496.000000000000000,21,14,1,11
4413,9330926,23,181525.206400014692917,3,13,10,9.391304347826088,2.730490168366534,216.000000000000000,10,10,3,10
4414,9330928,24,189417.606678276206367,2,21,19,8.500000000000000,4.600724580614087,204.000000000000000,15,3,2,8
4415,9330930,31,244664.408626106742304,2,18,16,9.129032258064516,4.030063919159075,283.000000000000000,13,11,6,9
4416,9330932,14,110493.603895661115530,3,16,13,11.071428571428571,3.954460153047547,155.000000000000000,10,14,3,11
4417,9330934,17,134170.804730445641326,8,19,11,12.176470588235293,3.203587953927083,207.000000000000000,9,11,10,11
4418,9330936,15,118386.004173922614427,5,14,9,10.933333333333334,2.931817790306137,164.000000000000000,6,14,5,11
4419,9330938,16,126278.404452184127877,2,28,26,14.812500000000000,8.603914443437940,237.000000000000000,10,11,2,11
4420,9330940,12,94708.803339138103183,4,17,13,9.750000000000000,3.442988043352266,117.000000000000000,7,10,8,10
4421,9330942,8,63139.202226092063938,4,10,6,6.250000000000000,2.436698586202241,50.000000000000000,4,4,10,5
4422,9330944,15,118386.004173922614427,2,11,9,7.266666666666667,3.065217048686040,109.000000000000000,9,11,2,8
4423,9330946,16,126278.404452184127877,1,12,11,4.750000000000000,2.861380785564899,76.000000000000000,7,7,4,4
4424,9330948,21,165740.405843491666019,3,16,13,9.857142857142858,3.642156795423417,207.000000000000000,10,10,4,10
4425,9330950,15,118386.004173922614427,2,21,19,11.866666666666667,5.463413666279433,178.000000000000000,11,13,6,13
4426,9330952,20,157848.005565230152570,5,31,26,16.750000000000000,9.142619974602466,335.000000000000000,15,29,6,13
4427,9330954,20,157848.005565230152570,3,31,28,13.500000000000000,6.160357132504576,270.000000000000000,11,10,3,11
4428,9330956,13,102601.203617399602081,2,15,13,8.461538461538462,4.601260439611748,110.000000000000000,9,7,3,7
4429,9330958,10,78924.002782615076285,2,17,15,7.400000000000000,4.586937976471886,74.000000000000000,8,5,2,5
4430,9330960,44,347265.612243506358936,1,21,20,7.840909090909091,4.552437817548376,345.000000000000000,17,6,3,7
4431,9330962,16,126278.404452184127877,3,19,16,8.062500000000000,5.273385416409463,129.000000000000000,9,3,8,5
4432,9330964,15,118386.004173922614427,1,9,8,4.533333333333333,2.390722810272148,68.000000000000000,7,7,3,4
4433,9330966,4,31569.601113046031969,3,25,22,12.750000000000000,8.785641695402790,51.000000000000000,4,3,3,6
4434,9330968,8,63139.202226092063938,1,12,11,6.250000000000000,3.897114317029974,50.000000000000000,6,1,3,7
4435,9330970,5,39462.001391307538142,2,7,5,4.600000000000000,2.059126028197400,23.000000000000000,4,7,2,4
4436,9330972,1,7892.400278261507992,3,3,0,3.000000000000000,0.000000000000000,3.000000000000000,1,3,3,3
4437,9330974,17,134170.804730445641326,5,22,17,11.058823529411764,4.620549855683644,188.000000000000000,9,6,5,10
4438,9330976,35,276234.009739152796101,3,32,29,17.514285714285716,7.128900650857457,613.000000000000000,22,13,3,16
4439,9330978,22,173632.806121753179468,1,19,18,9.181818181818182,4.638145825026944,202.000000000000000,14,10,1,8
4440,9330980,3,23677.200834784525796,5,9,4,7.333333333333333,1.699673171197597,22.000000000000000,3,5,5,8
4441,9330982,12,94708.803339138103183,1,10,9,3.833333333333333,2.640496586292477,46.000000000000000,7,2,3,3
4442,9330984,13,102601.203617399602081,1,22,21,9.000000000000000,6.702467972551373,117.000000000000000,9,4,1,6
4443,9330986,4,31569.601113046031969,1,1,0,1.000000000000000,0.000000000000000,4.000000000000000,1,1,1,1
4444,9330988,9,71031.602504353577388,1,23,22,11.444444444444445,6.816827400079096,103.000000000000000,9,1,1,13
4445,9330990,11,86816.403060876589734,3,10,7,6.272727272727272,2.377581241931277,69.000000000000000,6,5,3,5
4446,9330992,7,55246.801947830557765,2,13,11,7.142857142857143,3.356382892705922,50.000000000000000,6,5,2,7
4447,9330994,12,94708.803339138103183,3,29,26,17.166666666666668,8.629728977333079,206.000000000000000,9,8,3,19
4448,9330996,10,78924.002782615076285,4,30,26,13.699999999999999,8.391066678319271,137.000000000000000,10,4,4,11
4449,9330998,7,55246.801947830557765,1,12,11,4.285714285714286,4.620274751084637,30.000000000000000,4,1,3,1
4450,9331000,9,71031.602504353577388,6,38,32,20.222222222222221,10.972468351669786,182.000000000000000,8,16,6,16
4451,9331002,19,149955.605286968639120,4,33,29,14.421052631578947,7.822476317258622,274.000000000000000,14,4,7,14
4452,9331004,23,181525.206400014692917,3,17,14,9.217391304347826,4.085568682029046,212.000000000000000,12,7,5,8
4453,9331006,12,94708.803339138103183,2,40,38,21.416666666666668,12.439576180704691,257.000000000000000,11,2,12,18
4454,9331008,6,47354.401669569051592,1,16,15,9.833333333333334,4.597704741377906,59.000000000000000,5,11,1,11
4455,9331010,18,142063.205008707154775,2,20,18,11.777777777777779,6.042033833032232,212.000000000000000,13,20,2,10
4456,9331012,39,307803.610852198791690,2,14,12,6.538461538461538,3.470359131982015,255.000000000000000,12,3,10,5
4457,9331014,22,173632.806121753179468,5,29,24,15.272727272727273,5.462115958472654,336.000000000000000,13,13,5,15
4458,9331016,12,94708.803339138103183,2,17,15,6.666666666666667,3.636237371545238,80.000000000000000,7,5,2,5
4459,9331018,15,118386.004173922614427,2,15,13,9.733333333333333,4.090096440047459,146.000000000000000,8,9,2,11
4460,9331020,5,39462.001391307538142,5,17,12,9.800000000000001,4.534313619501853,49.000000000000000,4,5,10,10
4461,9331022,7,55246.801947830557765,2,14,12,7.571428571428571,4.065785563073630,53.000000000000000,5,5,2,7
4462,9331024,16,126278.404452184127877,6,20,14,12.187500000000000,3.711784442825310,195.000000000000000,10,8,6,12
4463,9331026,13,102601.203617399602081,2,14,12,8.153846153846153,3.997040325158948,106.000000000000000,8,8,2,8
4464,9331028,16,126278.404452184127877,1,18,17,9.312500000000000,5.204790461680470,149.000000000000000,11,9,4,9
4465,9331030,13,102601.203617399602081,2,18,16,6.153846153846154,4.571587064031885,80.000000000000000,8,2,4,4
4466,9331032,10,78924.002782615076285,1,16,15,5.600000000000000,4.565084884205332,56.000000000000000,7,2,1,3
4467,9331034,10,78924.002782615076285,6,27,21,12.000000000000000,5.932958789676531,120.000000000000000,8,6,8,10
4468,9331036,7,55246.801947830557765,3,12,9,6.428571428571429,2.718042512920064,45.000000000000000,5,5,3,5
4469,9331038,6,47354.401669569051592,3,9,6,5.666666666666667,1.885618083164126,34.000000000000000,4,5,3,5
4470,9331040,18,142063.205008707154775,2,20,18,9.722222222222221,6.153639894454118,175.000000000000000,11,4,2,7
4471,9331042,25,197310.006956537690712,4,26,22,10.440000000000000,6.203740806964779,261.000000000000000,12,6,4,8
4472,9331044,23,181525.206400014692917,1,18,17,6.608695652173913,4.660090785034527,152.000000000000000,11,5,6,5
4473,9331046,16,126278.404452184127877,2,20,18,9.250000000000000,4.828301978956992,148.000000000000000,10,6,2,8
4474,9331048,9,71031.602504353577388,4,12,8,8.444444444444445,2.793290019994784,76.000000000000000,6,11,4,8
4475,9331050,16,126278.404452184127877,3,21,18,11.687500000000000,5.806448462700758,187.000000000000000,10,16,7,12
4476,9331052,39,307803.610852198791690,5,28,23,10.769230769230770,5.690574926844176,420.000000000000000,14,6,9,10
4477,9331054,12,94708.803339138103183,7,18,11,10.666666666666666,3.223179934302287,128.000000000000000,8,7,10,9
4478,9331056,35,276234.009739152796101,2,26,24,9.342857142857143,5.093092561178787,327.000000000000000,13,10,4,9
4479,9331058,11,86816.403060876589734,3,34,31,11.363636363636363,8.926698741036528,125.000000000000000,9,6,3,7
4480,9331060,1,7892.400278261507992,4,4,0,4.000000000000000,0.000000000000000,4.000000000000000,1,4,4,4
4481,9331062,4,31569.601113046031969,8,16,8,12.750000000000000,3.112474899497183,51.000000000000000,4,8,8,12
4482,9331064,19,149955.605286968639120,3,18,15,9.736842105263158,3.625089548994224,185.000000000000000,12,5,3,10
4483,9331066,4,31569.601113046031969,6,16,10,11.500000000000000,3.840572873934304,46.000000000000000,4,6,6,10
4484,9331068,11,86816.403060876589734,3,11,8,5.454545454545454,3.143930266507379,60.000000000000000,5,3,6,4
4485,9331070,8,63139.202226092063938,4,13,9,8.875000000000000,3.370367190678191,71.000000000000000,6,5,4,10
4486,9331072,18,142063.205008707154775,1,13,12,4.888888888888889,3.784308081316977,88.000000000000000,9,3,4,3
4487,9331074,14,110493.603895661115530,1,25,24,12.357142857142858,5.639239346593055,173.000000000000000,11,13,1,13
4488,9331076,9,71031.602504353577388,6,24,18,13.222222222222221,5.370242654930922,119.000000000000000,8,9,6,12
4489,9331078,30,236772.008347845228855,3,28,25,13.866666666666667,5.835142576569049,416.000000000000000,17,9,3,13
4490,9331080,33,260449.209182629769202,3,25,22,11.030303030303031,5.760286443239834,364.000000000000000,18,6,3,9
4491,9331082,4,31569.601113046031969,3,16,13,8.500000000000000,4.821825380496477,34.000000000000000,4,3,3,6
4492,9331084,20,157848.005565230152570,2,34,32,11.250000000000000,9.924086859756921,225.000000000000000,15,3,2,6
4493,9331086,39,307803.610852198791690,1,24,23,11.743589743589743,6.045629693902219,458.000000000000000,20,13,1,12
4494,9331088,22,173632.806121753179468,1,21,20,8.772727272727273,5.961481040676646,193.000000000000000,15,1,3,8
4495,9331090,18,142063.205008707154775,4,21,17,11.777777777777779,4.249909221978949,212.000000000000000,11,14,4,12
4496,9331092,19,149955.605286968639120,5,27,22,14.789473684210526,5.444252859362424,281.000000000000000,12,10,5,14
4497,9331094,12,94708.803339138103183,5,17,12,9.083333333333334,2.871072196158702,109.000000000000000,6,8,5,8
4498,9331096,37,292018.810295675822999,2,20,18,9.459459459459460,5.360489058944078,350.000000000000000,15,13,8,10
4499,9331098,12,94708.803339138103183,2,18,16,10.250000000000000,3.766629793329841,123.000000000000000,7,10,2,10
4500,9331100,27,213094.807513060717611,3,21,18,10.777777777777779,4.039924213932854,291.000000000000000,14,6,3,10
4501,9331102,33,260449.209182629769202,2,22,20,12.848484848484848,5.176410433596160,424.000000000000000,16,8,2,14
4502,9331106,51,402512.414191336894874,1,31,30,11.294117647058824,7.782066154513079,576.000000000000000,25,2,5,11
4503,9331112,5,39462.001391307538142,1,19,18,9.400000000000000,6.248199740725323,47.000000000000000,5,1,1,9
4504,9331114,17,134170.804730445641326,1,12,11,6.882352941176471,3.122637515291058,117.000000000000000,10,9,1,8
4505,9331116,15,118386.004173922614427,4,44,40,15.733333333333333,10.723598069470691,236.000000000000000,14,8,4,13
4506,9331120,6,47354.401669569051592,6,14,8,10.833333333333334,3.287180487219335,65.000000000000000,4,14,6,9
4507,9331122,3,23677.200834784525796,2,4,2,3.333333333333333,0.942809041582063,10.000000000000000,2,4,2,4
4508,9331124,5,39462.001391307538142,5,35,30,21.000000000000000,11.171392035015153,105.000000000000000,4,27,5,27
4509,9331126,13,102601.203617399602081,1,14,13,6.692307692307693,3.382866681122464,87.000000000000000,6,7,10,7
4510,9331128,25,197310.006956537690712,1,24,23,9.960000000000001,6.557316524310839,249.000000000000000,13,8,1,9
4511,9331130,2,15784.800556523015985,19,19,0,19.000000000000000,0.000000000000000,38.000000000000000,1,19,19,19
4512,9331132,4,31569.601113046031969,2,4,2,3.250000000000000,0.829156197588850,13.000000000000000,3,4,2,3
4513,9331134,8,63139.202226092063938,1,13,12,6.000000000000000,3.840572873934304,48.000000000000000,7,4,1,4
4514,9331138,14,110493.603895661115530,1,18,17,5.500000000000000,5.641048534752079,77.000000000000000,7,1,5,3
4515,9331140,1,7892.400278261507992,6,6,0,6.000000000000000,0.000000000000000,6.000000000000000,1,6,6,6
4516,9331142,10,78924.002782615076285,1,20,19,11.699999999999999,6.132699242584787,117.000000000000000,9,20,1,10
4517,9331144,7,55246.801947830557765,1,14,13,8.285714285714286,4.712120714991611,58.000000000000000,6,13,1,7
4518,9331148,10,78924.002782615076285,1,39,38,11.300000000000001,15.100000000000000,113.000000000000000,5,1,4,2
4519,9331150,17,134170.804730445641326,9,39,30,23.705882352941178,8.504425878069075,403.000000000000000,14,28,9,24
4520,9331152,2,15784.800556523015985,16,25,9,20.500000000000000,4.500000000000000,41.000000000000000,2,16,16,16
4521,9331154,1,7892.400278261507992,5,5,0,5.000000000000000,0.000000000000000,5.000000000000000,1,5,5,5
4522,9331156,1,7892.400278261507992,6,6,0,6.000000000000000,0.000000000000000,6.000000000000000,1,6,6,6
4523,9331160,11,86816.403060876589734,1,16,15,4.727272727272728,4.391953574247695,52.000000000000000,8,1,3,3
4524,9331162,21,165740.405843491666019,1,14,13,7.761904761904762,3.530880935603167,163.000000000000000,12,4,1,7
4525,9331164,3,23677.200834784525796,2,5,3,3.666666666666667,1.247219128924648,11.000000000000000,3,2,2,4
4526,9331166,1,7892.400278261507992,1,1,0,1.000000000000000,0.000000000000000,1.000000000000000,1,1,1,1
4527,9331168,1,7892.400278261507992,22,22,0,22.000000000000000,0.000000000000000,22.000000000000000,1,22,22,22
4528,9331170,1,7892.400278261507992,2,2,0,2.000000000000000,0.000000000000000,2.000000000000000,1,2,2,2
4529,9331172,8,63139.202226092063938,3,13,10,7.500000000000000,3.201562118716424,60.000000000000000,6,3,6,8
4530,9331174,3,23677.200834784525796,9,14,5,10.666666666666666,2.357022603955160,32.000000000000000,2,9,14,9
4531,9331178,12,94708.803339138103183,1,16,15,5.833333333333333,4.946940693218610,70.000000000000000,9,1,3,3
4532,9331182,2,15784.800556523015985,3,4,1,3.500000000000000,0.500000000000000,7.000000000000000,2,3,3,3
4533,9331184,1,7892.400278261507992,4,4,0,4.000000000000000,0.000000000000000,4.000000000000000,1,4,4,4
4534,9331186,20,157848.005565230152570,2,20,18,9.500000000000000,3.681032463861192,190.000000000000000,10,7,2,9
4535,9331190,6,47354.401669569051592,1,3,2,1.333333333333333,0.745355992499930,8.000000000000000,2,1,3,1
4536,9331192,3,23677.200834784525796,1,6,5,3.000000000000000,2.160246899469287,9.000000000000000,3,1,1,2
4537,9331194,4,31569.601113046031969,4,13,9,7.750000000000000,3.269174207655505,31.000000000000000,3,7,4,7
4538,9331196,3,23677.200834784525796,2,11,9,5.000000000000000,4.242640687119285,15.000000000000000,2,2,11,2
4539,9331198,8,63139.202226092063938,4,15,11,9.750000000000000,3.269174207655505,78.000000000000000,5,11,4,11
4540,9331200,33,260449.209182629769202,2,29,27,14.212121212121213,7.151001522387364,469.000000000000000,19,15,3,15
4541,9331202,28,220987.207791322231060,1,56,55,16.892857142857142,17.962936615061992,473.000000000000000,17,6,7,6
4542,9331206,1,7892.400278261507992,4,4,0,4.000000000000000,0.000000000000000,4.000000000000000,1,4,4,4
4543,9331210,13,102601.203617399602081,4,22,18,12.923076923076923,4.937478934117294,168.000000000000000,10,8,4,13
4544,9331212,4,31569.601113046031969,4,20,16,13.000000000000000,5.787918451395113,52.000000000000000,4,4,4,13
4545,9331214,8,63139.202226092063938,9,23,14,14.750000000000000,3.960744879438715,118.000000000000000,6,13,9,13
4546,9331216,1,7892.400278261507992,3,3,0,3.000000000000000,0.000000000000000,3.000000000000000,1,3,3,3
4547,9331218,5,39462.001391307538142,4,28,24,14.800000000000001,9.239047569960876,74.000000000000000,5,4,4,16
4548,9331220,12,94708.803339138103183,7,17,10,11.583333333333334,2.628635049264582,139.000000000000000,7,10,7,11
4549,9331224,3,23677.200834784525796,3,20,17,10.000000000000000,7.257180352359081,30.000000000000000,3,3,3,7
4550,9331228,35,276234.009739152796101,1,22,21,9.114285714285714,4.767577573397978,319.000000000000000,13,7,1,9
4551,9331230,29,228879.608069583744509,2,20,18,11.551724137931034,3.961767342440021,335.000000000000000,14,13,2,11
4552,9331232,1,7892.400278261507992,17,17,0,17.000000000000000,0.000000000000000,17.000000000000000,1,17,17,17
4553,9331234,40,315696.011130460305139,1,32,31,13.625000000000000,7.468893827067030,545.000000000000000,20,18,1,12
4554,9331236,1,7892.400278261507992,15,15,0,15.000000000000000,0.000000000000000,15.000000000000000,1,15,15,15
4555,9331238,7,55246.801947830557765,1,5,4,3.142857142857143,1.456862718169367,22.000000000000000,4,4,3,4
4556,9331240,6,47354.401669569051592,7,13,6,9.166666666666666,2.034425935955619,55.000000000000000,4,7,10,9
4557,9331242,1,7892.400278261507992,2,2,0,2.000000000000000,0.000000000000000,2.000000000000000,1,2,2,2
4558,9331244,2,15784.800556523015985,18,18,0,18.000000000000000,0.000000000000000,36.000000000000000,1,18,18,18
4559,9331246,11,86816.403060876589734,2,14,12,5.818181818181818,3.995865631970165,64.000000000000000,8,2,3,4
4560,9331248,7,55246.801947830557765,7,17,10,11.428571428571429,3.416645926600398,80.000000000000000,6,12,7,12
4561,9331252,9,71031.602504353577388,8,18,10,11.888888888888889,3.034777840832815,107.000000000000000,6,8,10,11
4562,9331258,7,55246.801947830557765,1,9,8,3.714285714285714,2.813959371941744,26.000000000000000,5,2,1,2
4563,9331260,5,39462.001391307538142,1,19,18,6.600000000000000,6.529931086925803,33.000000000000000,5,1,1,4
4564,9331262,1,7892.400278261507992,3,3,0,3.000000000000000,0.000000000000000,3.000000000000000,1,3,3,3
4565,9331264,10,78924.002782615076285,3,11,8,5.800000000000000,2.271563338320110,58.000000000000000,6,6,4,6
4566,9331268,4,31569.601113046031969,4,17,13,10.750000000000000,5.804093383121950,43.000000000000000,4,4,4,6
4567,9331270,16,126278.404452184127877,1,24,23,15.687500000000000,5.675812166553787,251.000000000000000,8,13,1,17
4568,9331272,6,47354.401669569051592,1,9,8,6.166666666666667,2.608745973749754,37.000000000000000,5,7,1,7
4569,9331274,11,86816.403060876589734,3,16,13,7.909090909090909,3.604405018472546,87.000000000000000,7,7,5,7
4570,9331276,1,7892.400278261507992,6,6,0,6.000000000000000,0.000000000000000,6.000000000000000,1,6,6,6
4571,9331278,12,94708.803339138103183,1,17,16,5.250000000000000,4.934994089830976,63.000000000000000,6,3,2,3
4572,9331280,1,7892.400278261507992,11,11,0,11.000000000000000,0.000000000000000,11.000000000000000,1,11,11,11
4573,9331282,11,86816.403060876589734,2,25,23,15.000000000000000,6.728501116350303,165.000000000000000,11,2,2,15
4574,9331284,6,47354.401669569051592,11,27,16,21.833333333333332,5.273097339852128,131.000000000000000,5,24,11,24
4575,9331286,7,55246.801947830557765,1,9,8,4.285714285714286,3.194382824999700,30.000000000000000,4,2,1,2
4576,9331288,2,15784.800556523015985,6,15,9,10.500000000000000,4.500000000000000,21.000000000000000,2,6,6,6
4577,9331290,26,205202.407234799204161,1,19,18,9.038461538461538,4.702542432072654,235.000000000000000,13,8,6,9
4578,9331292,6,47354.401669569051592,1,13,12,6.166666666666667,4.374801582802228,37.000000000000000,4,1,10,6
4579,9331294,15,118386.004173922614427,1,11,10,6.200000000000000,2.454927018602929,93.000000000000000,9,6,1,6
4580,9331298,17,134170.804730445641326,2,19,17,9.823529411764707,6.031635171109923,167.000000000000000,12,4,2,9
4581,9331300,16,126278.404452184127877,5,12,7,7.875000000000000,2.446298223847616,126.000000000000000,8,5,9,7
4582,9331302,27,213094.807513060717611,1,17,16,10.407407407407407,4.490807559640350,281.000000000000000,12,9,1,9
4583,9331304,3,23677.200834784525796,6,11,5,8.666666666666666,2.054804667656327,26.000000000000000,3,6,6,9
4584,9331306,35,276234.009739152796101,7,24,17,14.771428571428572,4.256663443763127,517.000000000000000,14,13,7,14
4585,9331310,5,39462.001391307538142,5,19,14,12.800000000000001,4.995998398718718,64.000000000000000,5,5,5,13
4586,9331314,4,31569.601113046031969,13,24,11,16.750000000000000,4.264680527307995,67.000000000000000,3,15,13,15
4587,9331316,11,86816.403060876589734,1,34,33,8.909090909090908,8.908163217006436,98.000000000000000,10,5,1,6
4588,9331318,7,55246.801947830557765,3,14,11,8.428571428571429,4.100771455544950,59.000000000000000,6,12,3,9
4589,9331320,9,71031.602504353577388,2,10,8,5.666666666666667,2.357022603955159,51.000000000000000,8,6,2,6
4590,9331322,1,7892.400278261507992,5,5,0,5.000000000000000,0.000000000000000,5.000000000000000,1,5,5,5
4591,9331324,7,55246.801947830557765,3,22,19,12.142857142857142,5.914354726995557,85.000000000000000,7,3,3,11
4592,9331326,2,15784.800556523015985,7,12,5,9.500000000000000,2.500000000000000,19.000000000000000,2,7,7,7
4593,9331328,5,39462.001391307538142,12,45,33,27.199999999999999,12.592060990957757,136.000000000000000,5,12,12,21
4594,9331330,1,7892.400278261507992,5,5,0,5.000000000000000,0.000000000000000,5.000000000000000,1,5,5,5
4595,9331332,1,7892.400278261507992,5,5,0,5.000000000000000,0.000000000000000,5.000000000000000,1,5,5,5
4596,9331336,1,7892.400278261507992,4,4,0,4.000000000000000,0.000000000000000,4.000000000000000,1,4,4,4
4597,9331338,1,7892.400278261507992,5,5,0,5.000000000000000,0.000000000000000,5.000000000000000,1,5,5,5
4598,9331340,5,39462.001391307538142,13,22,9,16.600000000000001,3.666060555964667,83.000000000000000,4,14,13,14
4599,9331342,6,47354.401669569051592,5,16,11,10.333333333333334,4.229525846816506,62.000000000000000,4,9,5,9
4600,9331344,1,7892.400278261507992,5,5,0,5.000000000000000,0.000000000000000,5.000000000000000,1,5,5,5
4601,9331346,3,23677.200834784525796,4,7,3,6.000000000000000,1.414213562373095,18.000000000000000,2,7,4,7
4602,9331348,3,23677.200834784525796,6,20,14,13.000000000000000,5.715476066494082,39.000000000000000,3,6,6,13
4603,9331350,42,331480.811686983332038,1,45,44,19.261904761904763,12.684935804799411,809.000000000000000,25,16,1,17
4604,9331354,20,157848.005565230152570,3,36,33,16.500000000000000,10.627793750351010,330.000000000000000,16,9,3,11
4605,9331356,1,7892.400278261507992,9,9,0,9.000000000000000,0.000000000000000,9.000000000000000,1,9,9,9
4606,9331358,31,244664.408626106742304,1,53,52,24.612903225806452,13.689358757231222,763.000000000000000,22,7,1,25
4607,9331362,1,7892.400278261507992,18,18,0,18.000000000000000,0.000000000000000,18.000000000000000,1,18,18,18
4608,9331364,3,23677.200834784525796,17,32,15,24.333333333333332,6.128258770283414,73.000000000000000,3,17,17,24
4609,9331368,1,7892.400278261507992,2,2,0,2.000000000000000,0.000000000000000,2.000000000000000,1,2,2,2
4610,9331372,1,7892.400278261507992,16,16,0,16.000000000000000,0.000000000000000,16.000000000000000,1,16,16,16
4611,9331374,3,23677.200834784525796,5,14,9,10.000000000000000,3.741657386773941,30.000000000000000,3,5,5,11
4612,9331376,8,63139.202226092063938,2,8,6,4.125000000000000,1.899835519196333,33.000000000000000,4,5,8,3
4613,9331378,2,15784.800556523015985,7,21,14,14.000000000000000,7.000000000000000,28.000000000000000,2,7,7,7
4614,9331382,1,7892.400278261507992,7,7,0,7.000000000000000,0.000000000000000,7.000000000000000,1,7,7,7
4615,9331386,3,23677.200834784525796,2,9,7,6.666666666666667,3.299831645537221,20.000000000000000,2,9,2,9
4616,9331388,11,86816.403060876589734,3,21,18,11.454545454545455,4.924219114163942,126.000000000000000,9,9,3,10
4617,9331392,6,47354.401669569051592,2,12,10,7.333333333333333,3.448026810929534,44.000000000000000,6,2,2,6
4618,9331396,2,15784.800556523015985,11,13,2,12.000000000000000,1.000000000000000,24.000000000000000,2,11,11,11
4619,9331398,11,86816.403060876589734,1,20,19,10.909090909090908,5.299306051559881,120.000000000000000,9,5,1,12
4620,9331400,6,47354.401669569051592,1,2,1,1.333333333333333,0.471404520791032,8.000000000000000,2,1,2,1
4621,9331402,3,23677.200834784525796,1,11,10,5.000000000000000,4.320493798938574,15.000000000000000,3,1,1,3
4622,9331404,23,181525.206400014692917,2,24,22,10.869565217391305,7.278941321887808,250.000000000000000,15,2,5,10
4623,9331406,1,7892.400278261507992,11,11,0,11.000000000000000,0.000000000000000,11.000000000000000,1,11,11,11
4624,9331410,18,142063.205008707154775,4,33,29,18.444444444444443,7.402868980051079,332.000000000000000,13,20,4,18
4625,9331412,8,63139.202226092063938,5,14,9,9.000000000000000,3.000000000000000,72.000000000000000,6,6,5,9
4626,9331416,16,126278.404452184127877,1,28,27,11.062500000000000,9.594716970812636,177.000000000000000,10,3,1,6
4627,9331418,2,15784.800556523015985,3,3,0,3.000000000000000,0.000000000000000,6.000000000000000,1,3,3,3
4628,9331420,2,15784.800556523015985,4,6,2,5.000000000000000,1.000000000000000,10.000000000000000,2,4,4,4
4629,9331426,1,7892.400278261507992,13,13,0,13.000000000000000,0.000000000000000,13.000000000000000,1,13,13,13
4630,9331428,1,7892.400278261507992,20,20,0,20.000000000000000,0.000000000000000,20.000000000000000,1,20,20,20
4631,9331436,5,39462.001391307538142,6,17,11,12.400000000000000,4.363484845854284,62.000000000000000,4,17,6,13
4632,9331438,6,47354.401669569051592,1,11,10,5.500000000000000,3.201562118716424,33.000000000000000,5,4,1,4
4633,9331442,1,7892.400278261507992,4,4,0,4.000000000000000,0.000000000000000,4.000000000000000,1,4,4,4
4634,9331444,2,15784.800556523015985,11,11,0,11.000000000000000,0.000000000000000,22.000000000000000,1,11,11,11
4635,9331446,16,126278.404452184127877,2,38,36,17.562500000000000,12.747395567330607,281.000000000000000,12,2,10,14
4636,9331448,1,7892.400278261507992,12,12,0,12.000000000000000,0.000000000000000,12.000000000000000,1,12,12,12
4637,9331450,3,23677.200834784525796,6,13,7,8.666666666666666,3.091206165165236,26.000000000000000,3,6,6,7
4638,9331452,2,15784.800556523015985,9,13,4,11.000000000000000,2.000000000000000,22.000000000000000,2,9,9,9
4639,9331454,1,7892.400278261507992,12,12,0,12.000000000000000,0.000000000000000,12.000000000000000,1,12,12,12
4640,9331456,1,7892.400278261507992,12,12,0,12.000000000000000,0.000000000000000,12.000000000000000,1,12,12,12
4641,9331458,18,142063.205008707154775,1,14,13,7.333333333333333,3.681787005729087,132.000000000000000,10,5,1,6
4642,9331460,1,7892.400278261507992,12,12,0,12.000000000000000,0.000000000000000,12.000000000000000,1,12,12,12
4643,9331462,1,7892.400278261507992,31,31,0,31.000000000000000,0.000000000000000,31.000000000000000,1,31,31,31
4644,9331464,16,126278.404452184127877,1,12,11,6.750000000000000,3.455068740271313,108.000000000000000,10,1,3,6
4645,9331466,2,15784.800556523015985,6,14,8,10.000000000000000,4.000000000000000,20.000000000000000,2,6,6,6
4646,9331468,8,63139.202226092063938,4,15,11,9.875000000000000,3.655047879303361,79.000000000000000,8,4,4,9
4647,9331470,2,15784.800556523015985,14,15,1,14.500000000000000,0.500000000000000,29.000000000000000,2,14,14,14
4648,9331472,2,15784.800556523015985,17,19,2,18.000000000000000,1.000000000000000,36.000000000000000,2,17,17,17
4649,9331474,15,118386.004173922614427,1,41,40,15.800000000000001,15.228044304287183,237.000000000000000,9,4,2,5
4650,9331476,7,55246.801947830557765,4,24,20,13.000000000000000,7.151423434733616,91.000000000000000,7,4,4,11
4651,9331478,18,142063.205008707154775,1,42,41,12.333333333333334,12.525529485370624,222.000000000000000,11,2,1,5
4652,9331480,1,7892.400278261507992,5,5,0,5.000000000000000,0.000000000000000,5.000000000000000,1,5,5,5
4653,9331482,11,86816.403060876589734,1,17,16,6.909090909090909,4.870216449446863,76.000000000000000,7,1,4,7
4654,9331484,2,15784.800556523015985,5,13,8,9.000000000000000,4.000000000000000,18.000000000000000,2,5,5,5
4655,9331488,3,23677.200834784525796,2,19,17,7.666666666666667,8.013876853447538,23.000000000000000,2,2,19,2
4656,9331490,2,15784.800556523015985,12,15,3,13.500000000000000,1.500000000000000,27.000000000000000,2,12,12,12
4657,9331492,1,7892.400278261507992,4,4,0,4.000000000000000,0.000000000000000,4.000000000000000,1,4,4,4
4658,9331496,1,7892.400278261507992,4,4,0,4.000000000000000,0.000000000000000,4.000000000000000,1,4,4,4
4659,9331498,6,47354.401669569051592,1,19,18,10.833333333333334,6.865776641348660,65.000000000000000,6,1,1,13
4660,9331502,17,134170.804730445641326,1,35,34,12.705882352941176,11.197503429112343,216.000000000000000,12,7,1,7
4661,9331504,5,39462.001391307538142,7,15,8,10.600000000000000,3.611094017053559,53.000000000000000,3,8,7,8
4662,9331506,1,7892.400278261507992,5,5,0,5.000000000000000,0.000000000000000,5.000000000000000,1,5,5,5
4663,9331508,7,55246.801947830557765,4,14,10,9.142857142857142,2.996596709057576,64.000000000000000,5,9,4,9
4664,9331510,22,173632.806121753179468,1,26,25,9.181818181818182,8.380911013815121,202.000000000000000,13,1,9,5
4665,9331514,5,39462.001391307538142,1,12,11,5.400000000000000,4.079215610874227,27.000000000000000,5,1,1,4
4666,9331516,1,7892.400278261507992,7,7,0,7.000000000000000,0.000000000000000,7.000000000000000,1,7,7,7
4667,9331518,50,394620.013913075381424,1,28,27,9.680000000000000,7.484490630630785,484.000000000000000,22,2,8,7
4668,9331520,60,473544.016695690457709,1,47,46,10.050000000000001,9.974007887170199,603.000000000000000,24,1,6,5
4669,9331522,1,7892.400278261507992,22,22,0,22.000000000000000,0.000000000000000,22.000000000000000,1,22,22,22
4670,9331524,10,78924.002782615076285,1,5,4,3.100000000000000,1.220655561573370,31.000000000000000,5,4,1,3
4671,9331526,14,110493.603895661115530,1,22,21,5.142857142857143,5.514359733033937,72.000000000000000,8,2,4,2
4672,9331528,63,497221.217530474998057,1,38,37,3.730158730158730,6.522747374238716,235.000000000000000,12,1,4,2
4673,9331532,30,236772.008347845228855,1,45,44,9.533333333333333,12.473260288401836,286.000000000000000,13,1,5,3
4674,9331534,13,102601.203617399602081,1,4,3,1.769230769230769,1.049090899768143,23.000000000000000,3,1,4,1
4675,9331536,15,118386.004173922614427,1,33,32,7.733333333333333,9.963042819451406,116.000000000000000,7,2,7,2
4676,9331538,3,23677.200834784525796,3,9,6,5.666666666666667,2.494438257849294,17.000000000000000,3,3,3,5
4677,9331540,60,473544.016695690457709,1,19,18,4.466666666666667,4.907364080870933,268.000000000000000,15,1,5,2
4678,9331542,3,23677.200834784525796,5,23,18,12.666666666666666,7.586537784494029,38.000000000000000,3,5,5,10
4679,9331544,28,220987.207791322231060,1,23,22,9.464285714285714,6.444721776423727,265.000000000000000,17,1,3,8
4680,9331546,14,110493.603895661115530,2,19,17,7.571428571428571,4.952838806674205,106.000000000000000,9,3,2,7
4681,9331548,6,47354.401669569051592,1,22,21,8.666666666666666,8.055363982396383,52.000000000000000,5,1,4,4
4682,9331552,6,47354.401669569051592,6,22,16,14.166666666666666,6.121455890735655,85.000000000000000,4,10,6,10
4683,9331554,58,457759.216139167489018,1,12,11,4.482758620689655,2.755817541319885,260.000000000000000,12,3,10,4
4684,9331558,6,47354.401669569051592,1,17,16,8.000000000000000,5.163977794943222,48.000000000000000,6,1,1,6
4685,9331562,12,94708.803339138103183,2,19,17,8.500000000000000,5.236092690801669,102.000000000000000,8,14,2,6
4686,9331566,2,15784.800556523015985,3,10,7,6.500000000000000,3.500000000000000,13.000000000000000,2,3,3,3
4687,9331570,6,47354.401669569051592,3,11,8,6.333333333333333,2.808716591058786,38.000000000000000,6,3,3,5
4688,9331572,28,220987.207791322231060,1,21,20,7.464285714285714,6.366666221462391,209.000000000000000,13,1,6,5
4689,9331576,20,157848.005565230152570,2,20,18,8.100000000000000,5.448853090330111,162.000000000000000,12,3,6,6
4690,9331580,28,220987.207791322231060,2,19,17,8.535714285714286,5.577263428146350,239.000000000000000,12,4,6,7
4691,9331584,7,55246.801947830557765,1,11,10,4.857142857142857,3.943478211954932,34.000000000000000,4,3,1,3
4692,9331586,1,7892.400278261507992,2,2,0,2.000000000000000,0.000000000000000,2.000000000000000,1,2,2,2
4693,9331588,6,47354.401669569051592,9,17,8,13.833333333333334,3.435921354681382,83.000000000000000,3,16,17,16
4694,9331590,20,157848.005565230152570,1,14,13,5.900000000000000,4.170131892398608,118.000000000000000,12,2,5,4
4695,9331596,8,63139.202226092063938,2,10,8,6.375000000000000,3.038811445285805,51.000000000000000,5,3,2,7
4696,9331600,45,355158.012521767872386,1,26,25,9.488888888888889,6.695345720796474,427.000000000000000,19,1,11,8
4697,9331602,10,78924.002782615076285,5,22,17,12.900000000000000,5.957348403442591,129.000000000000000,8,8,5,10
4698,9331608,4,31569.601113046031969,1,6,5,2.750000000000000,1.920286436967152,11.000000000000000,3,2,1,2
4699,9331610,34,268341.609460891282652,1,23,22,4.235294117647059,4.518321028158005,144.000000000000000,10,2,7,2
4700,9331616,2,15784.800556523015985,1,13,12,7.000000000000000,6.000000000000000,14.000000000000000,2,1,1,1
4701,9331618,3,23677.200834784525796,2,9,7,6.000000000000000,2.943920288775949,18.000000000000000,3,2,2,7
4702,9331620,7,55246.801947830557765,6,11,5,8.142857142857142,1.641303613296581,57.000000000000000,5,7,6,8
4703,9331622,26,205202.407234799204161,1,13,12,6.230769230769231,3.003942183041021,162.000000000000000,11,5,10,6
4704,9331624,18,142063.205008707154775,2,13,11,7.777777777777778,2.779999111821512,140.000000000000000,11,6,2,7
4705,9331628,1,7892.400278261507992,6,6,0,6.000000000000000,0.000000000000000,6.000000000000000,1,6,6,6
4706,9331632,1,7892.400278261507992,13,13,0,13.000000000000000,0.000000000000000,13.000000000000000,1,13,13,13
4707,9331634,2,15784.800556523015985,8,11,3,9.500000000000000,1.500000000000000,19.000000000000000,2,8,8,8
4708,9331642,10,78924.002782615076285,4,15,11,7.600000000000000,3.292415526630865,76.000000000000000,7,5,4,6
4709,9331644,3,23677.200834784525796,7,10,3,8.666666666666666,1.247219128924650,26.000000000000000,3,7,7,9
4710,9331646,4,31569.601113046031969,2,9,7,5.750000000000000,3.269174207655505,23.000000000000000,3,9,2,3
4711,9331648,18,142063.205008707154775,3,23,20,12.888888888888889,6.054281211477901,232.000000000000000,13,9,3,12
4712,9331650,20,157848.005565230152570,1,37,36,13.250000000000000,11.532020638205605,265.000000000000000,15,2,3,8
4713,9331652,5,39462.001391307538142,3,10,7,7.200000000000000,2.785677655436824,36.000000000000000,4,10,3,8
4714,9331654,6,47354.401669569051592,2,17,15,8.000000000000000,5.259911279353167,48.000000000000000,5,6,2,6
4715,9331656,9,71031.602504353577388,5,11,6,8.222222222222221,1.987615979999816,74.000000000000000,6,6,5,9
4716,9331658,5,39462.001391307538142,4,16,12,10.800000000000001,3.919183588453084,54.000000000000000,4,12,4,12
4717,9331660,13,102601.203617399602081,1,29,28,17.000000000000000,9.339741389929875,221.000000000000000,8,21,1,21
4718,9331662,9,71031.602504353577388,6,20,14,11.777777777777779,3.735052514215912,106.000000000000000,8,12,6,12
4719,9331664,3,23677.200834784525796,14,25,11,19.666666666666668,4.496912521077341,59.000000000000000,3,14,14,20
4720,9331666,5,39462.001391307538142,1,10,9,5.400000000000000,3.261901286060018,27.000000000000000,5,1,1,5
4721,9331668,4,31569.601113046031969,5,8,3,6.750000000000000,1.089724735885168,27.000000000000000,3,7,5,7
4722,9331670,17,134170.804730445641326,2,12,10,6.529411764705882,3.050894701150574,111.000000000000000,10,4,2,6
4723,9331672,4,31569.601113046031969,2,4,2,2.500000000000000,0.866025403784439,10.000000000000000,2,2,4,2
4724,9331674,6,47354.401669569051592,8,24,16,15.333333333333334,6.289320754704401,92.000000000000000,5,10,8,10
4725,9331676,16,126278.404452184127877,2,27,25,9.750000000000000,5.425633603552677,156.000000000000000,10,10,2,10
4726,9331678,18,142063.205008707154775,3,21,18,9.666666666666666,4.606758320361751,174.000000000000000,9,10,3,10
4727,9331680,12,94708.803339138103183,3,12,9,7.583333333333333,2.325880956158812,91.000000000000000,7,7,3,7
4728,9331682,6,47354.401669569051592,5,40,35,18.833333333333332,13.271732701078971,113.000000000000000,6,5,5,12
4729,9331684,22,173632.806121753179468,1,23,22,10.863636363636363,5.047910949955207,239.000000000000000,12,10,1,10
4730,9331686,10,78924.002782615076285,2,17,15,11.000000000000000,5.865151319446072,110.000000000000000,7,2,3,13
4731,9331688,5,39462.001391307538142,4,15,11,10.800000000000001,3.709447398198280,54.000000000000000,4,11,4,11
4732,9331690,5,39462.001391307538142,5,21,16,15.600000000000000,5.571355310873648,78.000000000000000,5,5,5,17
4733,9331692,4,31569.601113046031969,1,4,3,2.500000000000000,1.118033988749895,10.000000000000000,4,1,1,2
4734,9331694,6,47354.401669569051592,1,10,9,3.333333333333333,3.197221015541813,20.000000000000000,4,1,3,1
4735,9331696,4,31569.601113046031969,5,13,8,10.500000000000000,3.278719262151000,42.000000000000000,3,13,5,11
4736,9331698,5,39462.001391307538142,3,27,24,11.400000000000000,8.777243302996675,57.000000000000000,4,6,3,6
4737,9331700,4,31569.601113046031969,2,12,10,7.500000000000000,3.840572873934304,30.000000000000000,4,2,2,6
4738,9331702,12,94708.803339138103183,4,13,9,8.916666666666666,3.067527053217661,107.000000000000000,7,6,4,8
4739,9331704,1,7892.400278261507992,3,3,0,3.000000000000000,0.000000000000000,3.000000000000000,1,3,3,3
4740,9331706,2,15784.800556523015985,5,7,2,6.000000000000000,1.000000000000000,12.000000000000000,2,5,5,5
4741,9331712,1,7892.400278261507992,7,7,0,7.000000000000000,0.000000000000000,7.000000000000000,1,7,7,7
4742,9331718,2,15784.800556523015985,1,12,11,6.500000000000000,5.500000000000000,13.000000000000000,2,1,1,1
4743,9331720,1,7892.400278261507992,8,8,0,8.000000000000000,0.000000000000000,8.000000000000000,1,8,8,8
4744,9331724,22,173632.806121753179468,2,20,18,11.909090909090908,5.160242162297592,262.000000000000000,12,9,2,13
4745,9331726,6,47354.401669569051592,3,15,12,11.500000000000000,3.905124837953327,69.000000000000000,4,13,3,13
4746,9332140,4,31569.601113046031969,11,14,3,13.250000000000000,1.299038105676658,53.000000000000000,2,14,11,14
4747,9332142,1,7892.400278261507992,8,8,0,8.000000000000000,0.000000000000000,8.000000000000000,1,8,8,8
4748,9332144,4,31569.601113046031969,9,16,7,13.250000000000000,2.947456530637899,53.000000000000000,3,16,9,12
4749,9332146,2,15784.800556523015985,14,18,4,16.000000000000000,2.000000000000000,32.000000000000000,2,14,14,14
4750,9332148,2,15784.800556523015985,1,2,1,1.500000000000000,0.500000000000000,3.000000000000000,2,1,1,1
4751,9332150,5,39462.001391307538142,2,12,10,7.800000000000000,3.709447398198282,39.000000000000000,4,10,2,10
4752,9332152,2,15784.800556523015985,9,14,5,11.500000000000000,2.500000000000000,23.000000000000000,2,9,9,9
4753,9332154,3,23677.200834784525796,10,32,22,20.333333333333332,9.030811456096046,61.000000000000000,3,10,10,19
4754,9332156,2,15784.800556523015985,8,8,0,8.000000000000000,0.000000000000000,16.000000000000000,1,8,8,8
4755,9332160,12,94708.803339138103183,2,24,22,13.250000000000000,7.327175444876422,159.000000000000000,10,12,2,12
4756,9332162,1,7892.400278261507992,10,10,0,10.000000000000000,0.000000000000000,10.000000000000000,1,10,10,10
4757,9332164,2,15784.800556523015985,3,10,7,6.500000000000000,3.500000000000000,13.000000000000000,2,3,3,3
4758,9332166,4,31569.601113046031969,5,17,12,10.750000000000000,5.760859310901457,43.000000000000000,3,5,16,5
4759,9332168,5,39462.001391307538142,13,17,4,14.800000000000001,1.833030277982334,74.000000000000000,3,13,14,14
4760,9332170,6,47354.401669569051592,3,23,20,14.166666666666666,6.593346814950830,85.000000000000000,6,3,3,14
4761,9332172,12,94708.803339138103183,2,24,22,11.000000000000000,5.715476066494082,132.000000000000000,10,7,2,10
4762,9332176,16,126278.404452184127877,3,23,20,10.125000000000000,4.985917668794783,162.000000000000000,11,12,4,11
4763,9332178,23,181525.206400014692917,4,26,22,10.652173913043478,5.638444864631860,245.000000000000000,12,7,10,8
4764,9332180,15,118386.004173922614427,1,27,26,6.800000000000000,7.359347797189639,102.000000000000000,7,1,3,4
4765,9332182,17,134170.804730445641326,1,25,24,9.411764705882353,7.244136156265910,160.000000000000000,11,4,6,7
4766,9332184,15,118386.004173922614427,2,22,20,9.466666666666667,5.795017016560195,142.000000000000000,10,8,2,8
4767,9332186,7,55246.801947830557765,5,17,12,9.428571428571429,4.499433070863891,66.000000000000000,6,5,6,8
4768,9332188,9,71031.602504353577388,6,22,16,11.888888888888889,5.020943790086669,107.000000000000000,8,10,6,10
4769,9332190,19,149955.605286968639120,4,16,12,11.631578947368421,3.828020325466984,221.000000000000000,11,16,4,12
4770,9332192,27,213094.807513060717611,1,25,24,9.185185185185185,6.689057050509115,248.000000000000000,16,1,3,9
4771,9332194,41,323588.411408721818589,2,34,32,15.121951219512194,8.548841376214044,620.000000000000000,24,7,2,13
4772,9332196,20,157848.005565230152570,3,28,25,14.449999999999999,6.499807689462819,289.000000000000000,11,16,3,15
4773,9332200,28,220987.207791322231060,2,32,30,15.428571428571429,8.973885014022519,432.000000000000000,17,17,2,15
4774,9332202,20,157848.005565230152570,3,33,30,16.500000000000000,10.716809226630843,330.000000000000000,13,7,3,13
4775,9332204,47,370942.813078290899284,2,29,27,10.170212765957446,6.471933345711032,478.000000000000000,19,7,2,8
4776,9332206,19,149955.605286968639120,2,23,21,12.263157894736842,6.356448075219681,233.000000000000000,12,10,4,12
4777,9332208,2,15784.800556523015985,9,10,1,9.500000000000000,0.500000000000000,19.000000000000000,2,9,9,9
4778,9332210,13,102601.203617399602081,5,20,15,11.230769230769230,5.086238539943551,146.000000000000000,7,5,12,10
4779,9332212,9,71031.602504353577388,1,8,7,5.222222222222222,2.484519974999766,47.000000000000000,5,8,1,6
4780,9332214,4,31569.601113046031969,12,27,15,22.000000000000000,5.958187643906492,88.000000000000000,4,12,12,23
4781,9332216,32,252556.808904368255753,2,18,16,10.000000000000000,4.458138625031752,320.000000000000000,14,11,4,10
4782,9332218,7,55246.801947830557765,6,12,6,7.857142857142857,2.099562636671297,55.000000000000000,4,7,10,7
4783,9332220,37,292018.810295675822999,2,30,28,12.972972972972974,6.343698667422130,480.000000000000000,19,14,2,14
4784,9332222,44,347265.612243506358936,1,19,18,8.863636363636363,4.449672659517721,390.000000000000000,16,12,3,8
4785,9332224,21,165740.405843491666019,6,22,16,10.952380952380953,4.225502962186479,230.000000000000000,11,9,7,9
4786,9332226,17,134170.804730445641326,3,22,19,10.882352941176471,5.177807314038914,185.000000000000000,9,6,3,11
4787,9332228,15,118386.004173922614427,6,18,12,11.199999999999999,3.409789827345180,168.000000000000000,8,9,6,9
4788,9332230,18,142063.205008707154775,7,37,30,17.111111111111111,7.651353466971921,308.000000000000000,14,10,7,15
4789,9332232,18,142063.205008707154775,2,17,15,9.277777777777779,4.240093756242707,167.000000000000000,11,7,5,8
4790,9332234,14,110493.603895661115530,4,35,31,15.642857142857142,10.853617848817198,219.000000000000000,8,6,4,13
4791,9332236,6,47354.401669569051592,7,15,8,11.666666666666666,3.399346342395191,70.000000000000000,3,7,7,13
4792,9332238,19,149955.605286968639120,1,15,14,6.157894736842105,4.042708288351899,117.000000000000000,12,3,1,5
4793,9332240,30,236772.008347845228855,2,18,16,8.633333333333333,4.722169934351038,259.000000000000000,14,3,2,8
4794,9332242,19,149955.605286968639120,2,27,25,9.736842105263158,6.519945957663969,185.000000000000000,11,2,6,9
4795,9332244,12,94708.803339138103183,2,15,13,6.916666666666667,2.928547231800929,83.000000000000000,5,7,2,7
4796,9332246,14,110493.603895661115530,1,23,22,11.000000000000000,5.732115042211108,154.000000000000000,11,6,1,10
4797,9332248,31,244664.408626106742304,2,19,17,9.451612903225806,4.514054823208319,293.000000000000000,16,6,2,8
4798,9332250,6,47354.401669569051592,9,18,9,12.666666666666666,3.543381937578217,76.000000000000000,5,9,10,10
4799,9332252,23,181525.206400014692917,1,23,22,11.086956521739131,6.977685199064233,255.000000000000000,15,13,1,11
4800,9332254,16,126278.404452184127877,5,26,21,15.187500000000000,5.725150107202430,243.000000000000000,14,16,5,15
4801,9332256,15,118386.004173922614427,7,24,17,16.466666666666665,4.828618389928486,247.000000000000000,12,21,7,18
4802,9332258,27,213094.807513060717611,1,27,26,9.740740740740740,6.692132432068286,263.000000000000000,16,4,1,8
4803,9332260,22,173632.806121753179468,3,38,35,20.181818181818183,10.360047225394132,444.000000000000000,13,31,3,15
4804,9332262,3,23677.200834784525796,7,15,8,9.666666666666666,3.771236166328254,29.000000000000000,2,7,15,7
4805,9332264,14,110493.603895661115530,2,39,37,21.071428571428573,12.724915299826362,295.000000000000000,12,6,2,23
4806,9332266,59,465651.616417428944260,2,30,28,9.813559322033898,5.391375964339138,579.000000000000000,18,4,10,9
4807,9332268,4,31569.601113046031969,3,13,10,9.750000000000000,4.085033659592048,39.000000000000000,3,13,3,10
4808,9332270,15,118386.004173922614427,6,29,23,18.133333333333333,7.948724565754071,272.000000000000000,10,27,10,21
4809,9332272,12,94708.803339138103183,1,21,20,10.166666666666666,6.348665651580304,122.000000000000000,11,5,1,9
4810,9332274,19,149955.605286968639120,1,32,31,12.842105263157896,8.713348246978894,244.000000000000000,15,5,1,13
4811,9332276,8,63139.202226092063938,12,26,14,18.375000000000000,4.820204871164711,147.000000000000000,6,12,17,18
4812,9332278,19,149955.605286968639120,3,38,35,17.526315789473685,9.702785389841910,333.000000000000000,18,18,3,16
4813,9332280,21,165740.405843491666019,2,39,37,16.285714285714285,10.100178485659395,342.000000000000000,16,9,2,13
4814,9332282,1,7892.400278261507992,7,7,0,7.000000000000000,0.000000000000000,7.000000000000000,1,7,7,7
4815,9332286,11,86816.403060876589734,9,23,14,15.727272727272727,5.028842431250668,173.000000000000000,8,11,9,13
4816,9332288,11,86816.403060876589734,9,27,18,18.636363636363637,4.959338798903947,205.000000000000000,9,19,9,19
4817,9332290,10,78924.002782615076285,4,17,13,11.300000000000001,4.691481642295959,113.000000000000000,6,16,8,10
4818,9332292,23,181525.206400014692917,2,18,16,9.521739130434783,4.431797802025045,219.000000000000000,14,8,2,8
4819,9332294,11,86816.403060876589734,1,14,13,5.636363636363637,4.354156369028380,62.000000000000000,7,1,2,5
4820,9332296,6,47354.401669569051592,2,25,23,9.666666666666666,8.178562764256865,58.000000000000000,6,2,2,5
4821,9332298,5,39462.001391307538142,4,16,12,9.800000000000001,3.919183588453084,49.000000000000000,5,4,4,10
4822,9332300,16,126278.404452184127877,6,21,15,12.125000000000000,4.754931650402558,194.000000000000000,11,7,6,11
4823,9332302,11,86816.403060876589734,7,12,5,9.090909090909092,1.781447085660492,100.000000000000000,6,8,9,8
4824,9332304,36,284126.410017414309550,1,23,22,10.000000000000000,6.368324391514267,360.000000000000000,18,2,9,10
4825,9332306,4,31569.601113046031969,14,19,5,17.500000000000000,2.061552812808830,70.000000000000000,3,19,14,18
4826,9332308,28,220987.207791322231060,1,21,20,11.428571428571429,5.102020408122448,320.000000000000000,15,11,1,11
4827,9332312,8,63139.202226092063938,1,13,12,8.875000000000000,3.789376597806029,71.000000000000000,7,12,1,9
4828,9332314,13,102601.203617399602081,10,30,20,16.076923076923077,6.378588443577811,209.000000000000000,9,11,10,13
4829,9332316,17,134170.804730445641326,5,16,11,9.705882352941176,3.176470588235296,165.000000000000000,8,10,6,9
4830,9332318,8,63139.202226092063938,5,28,23,16.250000000000000,8.150920193450553,130.000000000000000,7,12,5,12
4831,9332320,13,102601.203617399602081,1,15,14,7.615384615384615,4.923076923076923,99.000000000000000,7,3,9,8
4832,9332322,1,7892.400278261507992,4,4,0,4.000000000000000,0.000000000000000,4.000000000000000,1,4,4,4
4833,9332324,17,134170.804730445641326,1,34,33,16.529411764705884,9.462729658780054,281.000000000000000,13,1,10,16
4834,9332328,12,94708.803339138103183,12,43,31,28.000000000000000,10.583005244258363,336.000000000000000,11,43,12,26
4835,9332330,8,63139.202226092063938,3,9,6,7.125000000000000,2.204399011068550,57.000000000000000,5,9,3,8
4836,9332332,9,71031.602504353577388,4,23,19,12.000000000000000,5.811865258054231,108.000000000000000,7,4,9,13
4837,9332334,37,292018.810295675822999,1,29,28,11.243243243243244,6.671461630871010,416.000000000000000,19,5,1,10
4838,9332336,16,126278.404452184127877,4,26,22,12.125000000000000,6.091746465505603,194.000000000000000,12,19,4,10
4839,9332338,27,213094.807513060717611,1,19,18,6.481481481481482,4.516392942672286,175.000000000000000,13,3,5,5
4840,9332340,1,7892.400278261507992,2,2,0,2.000000000000000,0.000000000000000,2.000000000000000,1,2,2,2
4841,9332342,16,126278.404452184127877,3,24,21,12.375000000000000,6.575285164918705,198.000000000000000,11,7,3,9
4842,9332344,20,157848.005565230152570,2,26,24,11.800000000000001,7.004284403134983,236.000000000000000,13,2,4,12
4843,9332346,37,292018.810295675822999,2,27,25,8.864864864864865,5.041246961584449,328.000000000000000,15,6,14,8
4844,9332348,2,15784.800556523015985,15,18,3,16.500000000000000,1.500000000000000,33.000000000000000,2,15,15,15
4845,9332350,4,31569.601113046031969,3,12,9,6.750000000000000,3.897114317029974,27.000000000000000,3,3,9,3
4846,9332352,27,213094.807513060717611,1,20,19,9.814814814814815,5.033495486990954,265.000000000000000,15,12,1,11
4847,9332354,12,94708.803339138103183,2,7,5,4.583333333333333,1.497683396300953,55.000000000000000,6,4,2,4
4848,9332356,2,15784.800556523015985,5,13,8,9.000000000000000,4.000000000000000,18.000000000000000,2,5,5,5
4849,9332360,32,252556.808904368255753,2,18,16,8.468750000000000,4.249885108741176,271.000000000000000,15,5,3,7
4850,9332362,13,102601.203617399602081,2,22,20,6.384615384615385,5.167032499614359,83.000000000000000,6,5,12,5
4851,9332364,17,134170.804730445641326,6,25,19,15.588235294117647,5.369399391644247,265.000000000000000,13,20,9,16
4852,9332366,41,323588.411408721818589,3,20,17,9.390243902439025,3.887930346538629,385.000000000000000,15,7,4,8
4853,9332368,5,39462.001391307538142,5,16,11,8.199999999999999,3.969886648255842,41.000000000000000,4,7,5,7
4854,9332372,11,86816.403060876589734,4,32,28,20.000000000000000,9.204741860979738,220.000000000000000,10,32,4,20
4855,9332376,18,142063.205008707154775,7,30,23,16.944444444444443,6.595218994108305,305.000000000000000,13,15,7,15
4856,9332378,12,94708.803339138103183,5,15,10,8.166666666666666,3.050500869620522,98.000000000000000,6,5,15,7
4857,9332380,5,39462.001391307538142,8,31,23,19.800000000000001,7.600000000000000,99.000000000000000,4,18,8,18
4858,9332384,8,63139.202226092063938,9,28,19,16.875000000000000,7.025622748198198,135.000000000000000,6,17,9,15
4859,9332386,8,63139.202226092063938,5,35,30,22.125000000000000,9.171116344262568,177.000000000000000,7,29,5,23
4860,9332394,8,63139.202226092063938,11,32,21,22.750000000000000,7.774155902733106,182.000000000000000,5,32,11,21
4861,9332458,23,181525.206400014692917,2,22,20,12.086956521739131,4.898207688872229,278.000000000000000,14,9,2,12
4862,9332460,35,276234.009739152796101,3,25,22,10.485714285714286,5.484374836473049,367.000000000000000,18,6,3,9
4863,9332462,25,197310.006956537690712,1,28,27,11.920000000000000,8.019576048644966,298.000000000000000,19,10,1,10
4864,9332464,39,307803.610852198791690,1,24,23,8.461538461538462,5.647082994881942,330.000000000000000,15,4,18,7
4865,9332466,65,513006.018086998024955,1,33,32,8.753846153846155,6.461794866707567,569.000000000000000,20,8,15,8
4866,9332478,1,7892.400278261507992,2,2,0,2.000000000000000,0.000000000000000,2.000000000000000,1,2,2,2
4867,9332482,1,7892.400278261507992,10,10,0,10.000000000000000,0.000000000000000,10.000000000000000,1,10,10,10
4868,9332484,1,7892.400278261507992,4,4,0,4.000000000000000,0.000000000000000,4.000000000000000,1,4,4,4
4869,9332486,10,78924.002782615076285,1,29,28,14.300000000000001,7.681796664843453,143.000000000000000,8,9,1,11
4870,9332488,1,7892.400278261507992,13,13,0,13.000000000000000,0.000000000000000,13.000000000000000,1,13,13,13
4871,9332490,21,165740.405843491666019,2,27,25,15.523809523809524,6.758550475889590,326.000000000000000,12,13,2,17
4872,9332492,3,23677.200834784525796,1,8,7,3.666666666666667,3.091206165165235,11.000000000000000,3,1,1,2
4873,9332494,23,181525.206400014692917,1,24,23,11.173913043478262,7.166663003178969,257.000000000000000,17,5,1,8
4874,9332496,20,157848.005565230152570,1,16,15,8.949999999999999,4.706113045816048,179.000000000000000,11,8,1,8
4875,9332498,1,7892.400278261507992,8,8,0,8.000000000000000,0.000000000000000,8.000000000000000,1,8,8,8
4876,9332500,4,31569.601113046031969,8,17,9,11.500000000000000,3.354101966249685,46.000000000000000,4,8,8,10
4877,9332502,43,339373.211965244845487,1,23,22,12.023255813953488,5.752606576407891,517.000000000000000,21,5,1,12
4878,9332506,22,173632.806121753179468,1,26,25,9.727272727272727,8.035047197812492,214.000000000000000,14,4,1,5
4879,9332508,20,157848.005565230152570,1,30,29,15.100000000000000,9.071383576941281,302.000000000000000,15,7,1,14
4880,9332510,1,7892.400278261507992,21,21,0,21.000000000000000,0.000000000000000,21.000000000000000,1,21,21,21
4881,9332512,29,228879.608069583744509,1,25,24,13.103448275862069,7.145506558072881,380.000000000000000,16,14,4,14
4882,9332518,25,197310.006956537690712,1,25,24,11.840000000000000,7.198222002689276,296.000000000000000,15,5,2,13
4883,9332520,28,220987.207791322231060,1,26,25,12.571428571428571,7.267484195415374,352.000000000000000,16,10,2,11
4884,9332522,2,15784.800556523015985,8,20,12,14.000000000000000,6.000000000000000,28.000000000000000,2,8,8,8
4885,9332524,2,15784.800556523015985,9,22,13,15.500000000000000,6.500000000000000,31.000000000000000,2,9,9,9
4886,9332526,80,631392.022260920610279,1,36,35,16.375000000000000,9.256585493582394,1310.000000000000000,33,6,4,15
4887,9332528,12,94708.803339138103183,4,31,27,16.500000000000000,8.159861109929098,198.000000000000000,9,10,4,15
4888,9332532,25,197310.006956537690712,1,31,30,13.039999999999999,7.560317453652327,326.000000000000000,15,22,1,13
4889,9332534,6,47354.401669569051592,1,13,12,7.500000000000000,4.536885862938733,45.000000000000000,5,13,1,7
4890,9332536,34,268341.609460891282652,1,67,66,19.617647058823529,14.874009518941090,667.000000000000000,22,10,3,14
4891,9332538,73,576145.220313090132549,1,39,38,7.684931506849315,8.517309872316618,561.000000000000000,19,1,10,4
4892,9332540,1,7892.400278261507992,6,6,0,6.000000000000000,0.000000000000000,6.000000000000000,1,6,6,6
4893,9332542,5,39462.001391307538142,2,11,9,5.200000000000000,3.310589071449369,26.000000000000000,4,2,5,5
4894,9332544,5,39462.001391307538142,1,10,9,5.200000000000000,3.059411708155670,26.000000000000000,4,4,1,4
4895,9332546,48,378835.213356552412733,1,28,27,9.625000000000000,6.543524152422250,462.000000000000000,21,8,3,8
4896,9332548,1,7892.400278261507992,9,9,0,9.000000000000000,0.000000000000000,9.000000000000000,1,9,9,9
4897,9332550,4,31569.601113046031969,1,12,11,4.500000000000000,4.387482193696061,18.000000000000000,4,1,1,2
4898,9332552,62,489328.817252213484608,1,27,26,8.693548387096774,7.400062575318295,539.000000000000000,22,1,9,6
4899,9332556,6,47354.401669569051592,8,24,16,17.333333333333332,5.153208277913438,104.000000000000000,6,8,8,18
4900,9332558,68,536683.218921782565303,1,33,32,10.544117647058824,6.136759596000185,717.000000000000000,19,12,17,10
4901,9332560,11,86816.403060876589734,9,22,13,15.181818181818182,3.903801918833433,167.000000000000000,7,11,9,16
4902,9332562,8,63139.202226092063938,4,11,7,8.250000000000000,2.586020108197150,66.000000000000000,3,9,4,9
4903,9332564,15,118386.004173922614427,2,27,25,15.066666666666666,7.531858262665921,226.000000000000000,13,14,2,14
4904,9332566,8,63139.202226092063938,3,15,12,7.625000000000000,4.060095442227929,61.000000000000000,7,3,4,7
4905,9332570,5,39462.001391307538142,1,8,7,4.600000000000000,2.939387691339814,23.000000000000000,4,8,1,4
4906,9332576,1,7892.400278261507992,14,14,0,14.000000000000000,0.000000000000000,14.000000000000000,1,14,14,14
4907,9332578,2,15784.800556523015985,3,28,25,15.500000000000000,12.500000000000000,31.000000000000000,2,3,3,3
4908,9332580,1,7892.400278261507992,6,6,0,6.000000000000000,0.000000000000000,6.000000000000000,1,6,6,6
4909,9332582,10,78924.002782615076285,1,9,8,3.400000000000000,2.800000000000000,34.000000000000000,6,1,2,2
4910,9332584,2,15784.800556523015985,5,10,5,7.500000000000000,2.500000000000000,15.000000000000000,2,5,5,5
4911,9336412,41,323588.411408721818589,3,22,19,11.609756097560975,4.938045672375138,476.000000000000000,15,7,4,11
4912,9336426,1,7892.400278261507992,21,21,0,21.000000000000000,0.000000000000000,21.000000000000000,1,21,21,21
4913,9336430,2,15784.800556523015985,2,2,0,2.000000000000000,0.000000000000000,4.000000000000000,1,2,2,2
4914,9336434,3,23677.200834784525796,1,2,1,1.666666666666667,0.471404520791031,5.000000000000000,2,2,1,2
4915,9336440,6,47354.401669569051592,4,13,9,9.166666666666666,3.531603350069516,55.000000000000000,5,12,4,9
4916,9336444,14,110493.603895661115530,2,20,18,10.571428571428571,3.678398054166782,148.000000000000000,8,11,2,10
4917,9336446,5,39462.001391307538142,1,8,7,3.400000000000000,2.576819745345025,17.000000000000000,4,1,3,3
4918,10102038,9,71031.602504353577388,12,32,20,22.777777777777779,7.553921391903793,205.000000000000000,7,16,12,25
4919,10102040,6,47354.401669569051592,9,27,18,18.666666666666668,6.548960901462830,112.000000000000000,6,9,9,17
4920,10102042,9,71031.602504353577388,5,24,19,16.666666666666668,6.582805886043833,150.000000000000000,8,21,5,19
4921,10102044,26,205202.407234799204161,2,23,21,13.076923076923077,6.360473355165885,340.000000000000000,18,10,2,12
4922,10102046,18,142063.205008707154775,2,24,22,16.722222222222221,5.914253550679782,301.000000000000000,13,24,2,17
4923,10102048,7,55246.801947830557765,5,28,23,14.000000000000000,7.946247991527646,98.000000000000000,7,5,5,11
4924,10102050,13,102601.203617399602081,6,29,23,18.384615384615383,8.306980026445434,239.000000000000000,10,8,6,17
4925,10102052,17,134170.804730445641326,2,25,23,10.647058823529411,5.989610381815462,181.000000000000000,10,10,2,10
4926,10102054,14,110493.603895661115530,9,30,21,19.642857142857142,6.148253443715809,275.000000000000000,12,17,9,20
4927,10102056,16,126278.404452184127877,4,19,15,10.000000000000000,4.272001872658765,160.000000000000000,11,8,5,9
4928,10102058,1,7892.400278261507992,29,29,0,29.000000000000000,0.000000000000000,29.000000000000000,1,29,29,29
4929,10102060,4,31569.601113046031969,11,19,8,15.500000000000000,3.570714214271425,62.000000000000000,3,19,11,13
4930,10102062,18,142063.205008707154775,14,33,19,25.500000000000000,5.756638679723515,459.000000000000000,13,30,14,25
4931,10102064,4,31569.601113046031969,7,26,19,18.000000000000000,7.582875444051551,72.000000000000000,4,7,7,15
4932,10102066,39,307803.610852198791690,2,24,22,10.435897435897436,5.750339440571164,407.000000000000000,17,7,6,9
4933,10102068,17,134170.804730445641326,3,48,45,21.352941176470587,11.984996387496514,363.000000000000000,14,22,3,22
4934,10102070,8,63139.202226092063938,4,14,10,11.000000000000000,3.162277660168380,88.000000000000000,6,13,4,12
4935,10102072,6,47354.401669569051592,9,30,21,16.333333333333332,6.798692684790382,98.000000000000000,5,14,9,14
4936,10102074,6,47354.401669569051592,2,17,15,9.666666666666666,5.849976258261416,58.000000000000000,6,2,2,6
4937,10102076,15,118386.004173922614427,1,20,19,7.333333333333333,5.557777333511023,110.000000000000000,9,2,1,6
4938,10102078,20,157848.005565230152570,3,28,25,16.500000000000000,7.207634840916957,330.000000000000000,15,20,3,16
4939,10102080,5,39462.001391307538142,11,29,18,20.199999999999999,6.046486583132393,101.000000000000000,5,11,11,19
4940,10102082,17,134170.804730445641326,6,28,22,13.823529411764707,6.775694399991496,235.000000000000000,10,7,6,13
4941,10102084,7,55246.801947830557765,7,44,37,28.285714285714285,11.816626128520126,198.000000000000000,7,7,7,28
4942,10102086,13,102601.203617399602081,3,29,26,13.923076923076923,8.453142687886862,181.000000000000000,10,7,3,12
4943,10102088,6,47354.401669569051592,2,25,23,15.333333333333334,8.399735445569434,92.000000000000000,6,2,2,16
4944,10102090,12,94708.803339138103183,2,19,17,7.666666666666667,4.696334267868457,92.000000000000000,10,2,3,6
4945,10102092,15,118386.004173922614427,5,29,24,13.600000000000000,5.630867310340980,204.000000000000000,9,15,5,13
4946,10102094,6,47354.401669569051592,9,11,2,10.000000000000000,0.577350269189626,60.000000000000000,3,10,9,10
4947,10102096,12,94708.803339138103183,6,21,15,12.000000000000000,4.123105625617661,144.000000000000000,8,12,6,12
4948,10102098,11,86816.403060876589734,7,21,14,15.454545454545455,3.774643544004851,170.000000000000000,9,17,7,17
4949,10102100,4,31569.601113046031969,8,12,4,10.250000000000000,1.479019945774904,41.000000000000000,4,8,8,10
4950,10102102,16,126278.404452184127877,5,21,16,12.375000000000000,5.406882188470542,198.000000000000000,10,7,5,9
4951,10102104,19,149955.605286968639120,5,20,15,10.684210526315789,4.193386165693070,203.000000000000000,12,12,5,10
4952,10102106,5,39462.001391307538142,8,17,9,12.199999999999999,3.310589071449372,61.000000000000000,5,8,8,13
4953,10102108,13,102601.203617399602081,1,37,36,10.923076923076923,10.759336113788223,142.000000000000000,10,5,1,7
4954,10102110,28,220987.207791322231060,1,24,23,8.107142857142858,4.923263186968909,227.000000000000000,12,8,7,8
4955,10102112,15,118386.004173922614427,7,26,19,15.199999999999999,7.101173611922657,228.000000000000000,10,7,11,15
4956,10102114,5,39462.001391307538142,6,18,12,13.000000000000000,3.898717737923585,65.000000000000000,4,14,6,14
4957,10102116,35,276234.009739152796101,1,39,38,9.199999999999999,7.005304112905144,322.000000000000000,17,4,1,8
4958,10102118,22,173632.806121753179468,2,17,15,9.318181818181818,4.299961560466279,205.000000000000000,11,2,5,9
4959,10102120,10,78924.002782615076285,5,26,21,14.100000000000000,6.331666447310693,141.000000000000000,7,9,5,12
4960,10102122,19,149955.605286968639120,7,38,31,18.894736842105264,9.227503151147232,359.000000000000000,16,10,7,18
4961,10102124,26,205202.407234799204161,1,44,43,10.230769230769230,11.294340626062011,266.000000000000000,13,2,9,5
4962,10102126,9,71031.602504353577388,12,23,11,17.333333333333332,3.399346342395190,156.000000000000000,7,18,12,18
4963,10102128,8,63139.202226092063938,7,18,11,13.375000000000000,3.351771919447981,107.000000000000000,6,12,7,12
4964,10102130,7,55246.801947830557765,6,17,11,11.000000000000000,4.105745103771404,77.000000000000000,6,7,6,11
4965,10102132,21,165740.405843491666019,3,11,8,7.190476190476191,2.499886618744130,151.000000000000000,9,10,5,7
4966,10102134,20,157848.005565230152570,1,17,16,6.900000000000000,5.521775076911410,138.000000000000000,11,3,5,4
4967,10102136,9,71031.602504353577388,8,30,22,18.111111111111111,6.314787661503479,163.000000000000000,9,8,8,19
4968,10102138,9,71031.602504353577388,5,31,26,15.000000000000000,7.527726527090810,135.000000000000000,7,11,5,11
4969,10102140,16,126278.404452184127877,5,24,19,12.125000000000000,5.218656436287025,194.000000000000000,13,8,5,11
4970,10102142,16,126278.404452184127877,7,28,21,16.312500000000000,6.630599049105594,261.000000000000000,13,7,8,16
4971,10102144,13,102601.203617399602081,1,6,5,3.769230769230769,1.576453963993785,49.000000000000000,6,2,1,4
4972,10102146,18,142063.205008707154775,3,24,21,11.500000000000000,6.677075208003377,207.000000000000000,14,4,3,9
4973,10102148,10,78924.002782615076285,7,15,8,10.600000000000000,2.416609194718916,106.000000000000000,6,9,7,9
4974,10102150,14,110493.603895661115530,6,19,13,11.571428571428571,3.976974544878588,162.000000000000000,11,7,6,11
4975,10102152,7,55246.801947830557765,8,23,15,13.857142857142858,4.290473547908917,97.000000000000000,6,13,8,13
4976,10102154,11,86816.403060876589734,7,28,21,19.636363636363637,6.759138289251307,216.000000000000000,9,23,7,21
4977,10102156,14,110493.603895661115530,4,23,19,13.928571428571429,6.029265362905048,195.000000000000000,11,7,4,13
4978,10102158,21,165740.405843491666019,2,19,17,9.619047619047619,4.214218455207160,202.000000000000000,12,11,4,10
4979,10102160,22,173632.806121753179468,1,32,31,13.181818181818182,8.573937059147033,290.000000000000000,17,5,1,12
4980,10102162,9,71031.602504353577388,5,24,19,11.000000000000000,5.291502622129181,99.000000000000000,8,9,5,9
4981,10102164,9,71031.602504353577388,5,37,32,16.888888888888889,9.904482088029578,152.000000000000000,9,5,5,13
4982,10102166,9,71031.602504353577388,1,11,10,5.666666666666667,3.231786571610886,51.000000000000000,7,1,4,5
4983,10102168,9,71031.602504353577388,4,18,14,12.222222222222221,4.491418429201721,110.000000000000000,7,8,4,14
4984,10102170,48,378835.213356552412733,2,21,19,7.354166666666667,4.493001888740112,353.000000000000000,15,4,9,6
4985,10102172,30,236772.008347845228855,1,14,13,6.133333333333334,3.041198594121878,184.000000000000000,11,3,1,6
4986,10102174,19,149955.605286968639120,1,13,12,5.947368421052632,3.394634841388863,113.000000000000000,9,6,8,6
4987,10102176,16,126278.404452184127877,3,20,17,9.500000000000000,6.113509630318742,152.000000000000000,10,20,7,6
4988,10102178,14,110493.603895661115530,1,12,11,5.857142857142857,3.377597262153397,82.000000000000000,7,4,7,5
4989,10102180,1,7892.400278261507992,7,7,0,7.000000000000000,0.000000000000000,7.000000000000000,1,7,7,7
4990,10102182,8,63139.202226092063938,7,9,2,8.000000000000000,0.866025403784439,64.000000000000000,3,7,8,8
4991,10102184,6,47354.401669569051592,6,14,8,11.666666666666666,2.924988129130709,70.000000000000000,4,14,6,12
4992,10102186,23,181525.206400014692917,3,34,31,14.652173913043478,9.888986828360800,337.000000000000000,16,4,3,13
4993,10102188,15,118386.004173922614427,2,30,28,13.800000000000001,8.541662601625047,207.000000000000000,12,2,3,13
4994,10102190,2,15784.800556523015985,2,2,0,2.000000000000000,0.000000000000000,4.000000000000000,1,2,2,2
4995,10102192,28,220987.207791322231060,2,20,18,8.785714285714286,3.706723070094033,246.000000000000000,12,7,2,8
4996,10102194,27,213094.807513060717611,1,17,16,8.592592592592593,4.457696293089806,232.000000000000000,12,4,1,8
4997,10102196,4,31569.601113046031969,8,12,4,9.500000000000000,1.658312395177700,38.000000000000000,3,8,10,8
4998,10102198,37,292018.810295675822999,1,20,19,9.351351351351351,5.297710960131061,346.000000000000000,17,8,5,8
4999,10102200,10,78924.002782615076285,1,5,4,3.000000000000000,1.264911064067352,30.000000000000000,3,3,1,3
5000,10102202,29,228879.608069583744509,2,22,20,12.413793103448276,5.156296728970688,360.000000000000000,15,11,2,11
5001,10102204,5,39462.001391307538142,2,5,3,3.600000000000000,1.200000000000000,18.000000000000000,3,3,2,3
5002,10102206,12,94708.803339138103183,1,20,19,10.500000000000000,6.825198409814424,126.000000000000000,10,5,1,7
5003,10102208,13,102601.203617399602081,7,28,21,19.692307692307693,5.914579318997255,256.000000000000000,10,17,7,18
5004,10102210,1,7892.400278261507992,4,4,0,4.000000000000000,0.000000000000000,4.000000000000000,1,4,4,4
5005,10102212,23,181525.206400014692917,2,35,33,14.739130434782609,8.881918081646200,339.000000000000000,15,5,2,17
5006,10102214,11,86816.403060876589734,2,18,16,9.000000000000000,5.325752187591567,99.000000000000000,10,4,2,8
5007,10102216,2,15784.800556523015985,3,5,2,4.000000000000000,1.000000000000000,8.000000000000000,2,3,3,3
5008,10102218,2,15784.800556523015985,1,3,2,2.000000000000000,1.000000000000000,4.000000000000000,2,1,1,1
5009,10102220,12,94708.803339138103183,1,16,15,4.166666666666667,4.119735698102758,50.000000000000000,6,3,5,3
5010,10102222,6,47354.401669569051592,1,13,12,6.166666666666667,4.336537277085895,37.000000000000000,6,1,1,4
5011,10102224,24,189417.606678276206367,1,17,16,9.333333333333334,4.297932319409208,224.000000000000000,11,11,3,11
5012,10102226,11,86816.403060876589734,4,21,17,13.454545454545455,5.365947113954075,148.000000000000000,7,4,12,16
5013,10102228,31,244664.408626106742304,1,28,27,15.580645161290322,7.360637216228511,483.000000000000000,19,23,1,17
5014,10102230,1,7892.400278261507992,17,17,0,17.000000000000000,0.000000000000000,17.000000000000000,1,17,17,17
5015,10102232,3,23677.200834784525796,16,19,3,17.333333333333332,1.247219128924657,52.000000000000000,3,16,16,17
5016,10102234,19,149955.605286968639120,3,17,14,7.263157894736842,4.799584469548630,138.000000000000000,7,4,17,6
5017,10102236,17,134170.804730445641326,5,24,19,12.764705882352942,5.396397619378689,217.000000000000000,7,12,5,12
5018,10102238,35,276234.009739152796101,2,26,24,10.142857142857142,6.038651018435242,355.000000000000000,18,5,3,8
5019,10102240,2,15784.800556523015985,2,2,0,2.000000000000000,0.000000000000000,4.000000000000000,1,2,2,2
5020,10102242,11,86816.403060876589734,10,24,14,15.818181818181818,3.663534850838159,174.000000000000000,8,18,10,16
5021,10102244,10,78924.002782615076285,8,22,14,15.000000000000000,4.516635916254486,150.000000000000000,7,12,8,12
5022,10102246,9,71031.602504353577388,11,22,11,16.777777777777779,3.189488909868296,151.000000000000000,8,15,11,17
5023,10102248,1,7892.400278261507992,2,2,0,2.000000000000000,0.000000000000000,2.000000000000000,1,2,2,2
5024,10102250,10,78924.002782615076285,6,19,13,14.199999999999999,4.331281565541545,142.000000000000000,7,18,6,15
5025,10102252,1,7892.400278261507992,14,14,0,14.000000000000000,0.000000000000000,14.000000000000000,1,14,14,14
5026,10102254,11,86816.403060876589734,3,17,14,9.909090909090908,4.501606692050890,109.000000000000000,9,6,3,10
5027,10102256,18,142063.205008707154775,7,30,23,17.000000000000000,7.760297817881877,306.000000000000000,11,7,8,18
5028,10102258,25,197310.006956537690712,3,25,22,9.520000000000000,6.165192616617911,238.000000000000000,14,3,4,8
5029,10102260,11,86816.403060876589734,1,17,16,9.909090909090908,5.484764774181222,109.000000000000000,11,1,1,12
5030,10102262,10,78924.002782615076285,3,15,12,9.800000000000001,4.377213725647857,98.000000000000000,7,6,3,10
5031,10102264,16,126278.404452184127877,3,16,13,6.937500000000000,4.249540416327394,111.000000000000000,7,4,6,4
5032,10102266,10,78924.002782615076285,2,22,20,9.300000000000001,7.014983962918233,93.000000000000000,7,2,8,8
5033,10102268,16,126278.404452184127877,3,22,19,12.250000000000000,4.802343178074636,196.000000000000000,12,12,3,12
5034,10102270,21,165740.405843491666019,4,38,34,19.000000000000000,10.708252269472673,399.000000000000000,18,5,4,17
5035,10102272,2,15784.800556523015985,3,17,14,10.000000000000000,7.000000000000000,20.000000000000000,2,3,3,3
5036,10102274,12,94708.803339138103183,3,22,19,10.000000000000000,5.986094998689324,120.000000000000000,10,7,3,8
5037,10102276,3,23677.200834784525796,9,10,1,9.333333333333334,0.471404520791018,28.000000000000000,2,9,10,9
5038,10102278,2,15784.800556523015985,3,3,0,3.000000000000000,0.000000000000000,6.000000000000000,1,3,3,3
5039,10102280,13,102601.203617399602081,6,21,15,15.076923076923077,4.159540256798702,196.000000000000000,8,11,6,17
5040,10102282,8,63139.202226092063938,2,17,15,10.000000000000000,5.244044240850758,80.000000000000000,8,2,2,8
5041,10102284,2,15784.800556523015985,2,3,1,2.500000000000000,0.500000000000000,5.000000000000000,2,2,2,2
5042,10102286,8,63139.202226092063938,3,21,18,11.250000000000000,6.514407110397691,90.000000000000000,7,3,6,9
5043,10102288,17,134170.804730445641326,14,35,21,24.588235294117649,6.571407079420678,418.000000000000000,12,25,16,25
5044,10102290,7,55246.801947830557765,1,13,12,6.285714285714286,4.589250972631146,44.000000000000000,7,1,1,4
5045,10102292,14,110493.603895661115530,1,17,16,6.785714285714286,4.538385040464306,95.000000000000000,11,2,1,5
5046,10102294,2,15784.800556523015985,4,4,0,4.000000000000000,0.000000000000000,8.000000000000000,1,4,4,4
5047,10102296,31,244664.408626106742304,1,27,26,6.451612903225806,6.015242518787876,200.000000000000000,12,3,8,5
5048,10102298,9,71031.602504353577388,2,9,7,4.666666666666667,2.309401076758503,42.000000000000000,6,2,3,4
5049,10102300,18,142063.205008707154775,4,29,25,12.111111111111111,6.690697429922044,218.000000000000000,10,9,4,11
5050,10102302,17,134170.804730445641326,3,34,31,17.176470588235293,10.939595078631983,292.000000000000000,12,34,3,14
5051,10102304,23,181525.206400014692917,3,25,22,11.826086956521738,6.040818933202924,272.000000000000000,15,8,3,10
5052,10102306,19,149955.605286968639120,2,37,35,15.052631578947368,11.052380949539316,286.000000000000000,14,6,2,13
5053,10102308,49,386727.613634813867975,1,23,22,12.469387755102041,5.443970792767273,611.000000000000000,17,17,1,13
5054,10102312,13,102601.203617399602081,3,28,25,14.692307692307692,8.370135697683351,191.000000000000000,11,5,3,13
5055,10102314,18,142063.205008707154775,3,13,10,8.444444444444445,2.910177967490843,152.000000000000000,10,5,3,8
5056,10102316,24,189417.606678276206367,1,19,18,10.708333333333334,5.119237953272168,257.000000000000000,13,5,1,11
5057,10102318,19,149955.605286968639120,3,24,21,11.526315789473685,5.888154219346102,219.000000000000000,14,6,3,11
5058,10102320,14,110493.603895661115530,7,30,23,17.500000000000000,7.267835205302097,245.000000000000000,13,14,7,15
5059,10102322,9,71031.602504353577388,9,31,22,16.666666666666668,6.324555320336759,150.000000000000000,7,14,9,14
5060,10102324,38,299911.210573937278241,2,32,30,10.631578947368421,7.109745175060328,404.000000000000000,17,6,5,8
5061,10102326,16,126278.404452184127877,6,19,13,10.625000000000000,3.655047879303361,170.000000000000000,11,9,7,9
5062,10102328,16,126278.404452184127877,7,27,20,16.375000000000000,6.323319934970869,262.000000000000000,11,10,7,16
5063,10102330,23,181525.206400014692917,2,30,28,14.782608695652174,8.230148827114011,340.000000000000000,17,7,2,13
5064,10102332,7,55246.801947830557765,5,19,14,9.714285714285714,4.772369453854305,68.000000000000000,6,6,5,7
5065,10102334,1,7892.400278261507992,5,5,0,5.000000000000000,0.000000000000000,5.000000000000000,1,5,5,5
5066,10102336,4,31569.601113046031969,5,24,19,16.750000000000000,7.395099728874520,67.000000000000000,4,5,5,16
5067,10102338,5,39462.001391307538142,17,33,16,25.600000000000001,5.986651818838303,128.000000000000000,5,17,17,26
5068,10102340,16,126278.404452184127877,6,20,14,13.000000000000000,3.791437722025775,208.000000000000000,9,12,6,12
5069,10102342,2,15784.800556523015985,6,10,4,8.000000000000000,2.000000000000000,16.000000000000000,2,6,6,6
5070,10102344,25,197310.006956537690712,3,26,23,11.640000000000001,5.925402939885185,291.000000000000000,15,8,4,11
5071,10102346,13,102601.203617399602081,4,24,20,10.615384615384615,5.650574668371371,138.000000000000000,8,5,4,9
5072,10102348,5,39462.001391307538142,11,20,9,15.800000000000001,3.969886648255840,79.000000000000000,4,11,18,18
5073,10102350,33,260449.209182629769202,5,34,29,20.515151515151516,8.305241908509428,677.000000000000000,21,20,5,20
5074,10102352,44,347265.612243506358936,1,26,25,9.113636363636363,6.238501820042829,401.000000000000000,18,7,11,7
5075,10102354,3,23677.200834784525796,18,35,17,27.000000000000000,6.976149845485450,81.000000000000000,3,18,18,28
5076,10102356,15,118386.004173922614427,12,25,13,17.000000000000000,2.921186973360886,255.000000000000000,9,16,12,17
5077,10102358,20,157848.005565230152570,1,53,52,16.550000000000001,12.439754820735013,331.000000000000000,15,7,1,12
5078,10102360,10,78924.002782615076285,3,18,15,12.000000000000000,4.538722287164087,120.000000000000000,8,13,3,13
5079,10102362,11,86816.403060876589734,6,23,17,14.090909090909092,4.944318051231691,155.000000000000000,8,13,6,13
5080,10102364,15,118386.004173922614427,3,14,11,7.933333333333334,3.749962962780062,119.000000000000000,8,4,3,6
5081,10102366,21,165740.405843491666019,1,28,27,13.047619047619047,7.978997373916759,274.000000000000000,12,15,2,11
5082,10102368,23,181525.206400014692917,2,24,22,13.521739130434783,6.566512973230101,311.000000000000000,15,14,2,14
5083,10102370,7,55246.801947830557765,2,25,23,12.285714285714286,9.207361739612582,86.000000000000000,6,2,4,13
5084,10102372,55,434082.015304382948671,1,28,27,9.800000000000001,5.973882550508732,539.000000000000000,19,8,1,8
5085,10102374,28,220987.207791322231060,1,26,25,9.678571428571429,6.279522112325401,271.000000000000000,14,3,1,9
5086,10102376,4,31569.601113046031969,4,23,19,16.250000000000000,7.292976072907411,65.000000000000000,4,4,4,18
5087,10102378,13,102601.203617399602081,10,43,33,23.076923076923077,11.241828064191877,300.000000000000000,12,11,10,20
5088,10102380,25,197310.006956537690712,4,27,23,14.039999999999999,4.845451475352942,351.000000000000000,14,9,4,14
5089,10102382,26,205202.407234799204161,4,29,25,14.730769230769230,7.084966165207155,383.000000000000000,18,16,4,15
5090,10102384,30,236772.008347845228855,2,21,19,10.199999999999999,4.784697830932831,306.000000000000000,15,14,3,11
5091,10102386,16,126278.404452184127877,17,28,11,24.000000000000000,3.020761493398643,384.000000000000000,9,24,17,24
5092,10102388,5,39462.001391307538142,2,12,10,5.000000000000000,3.633180424916990,25.000000000000000,4,3,2,3
5093,10102390,14,110493.603895661115530,7,34,27,20.642857142857142,6.965292967452914,289.000000000000000,11,17,7,20
5094,10102392,20,157848.005565230152570,5,29,24,14.550000000000001,5.517925334761244,291.000000000000000,11,10,5,14
5095,10102394,25,197310.006956537690712,2,20,18,8.880000000000001,4.735567547823597,222.000000000000000,15,9,2,9
5096,10102396,13,102601.203617399602081,7,26,19,16.538461538461540,6.392488195174378,215.000000000000000,12,7,10,17
5097,10102398,2,15784.800556523015985,3,8,5,5.500000000000000,2.500000000000000,11.000000000000000,2,3,3,3
5098,10102400,10,78924.002782615076285,12,18,6,14.900000000000000,2.343074902771998,149.000000000000000,6,18,14,14
5099,10102402,38,299911.210573937278241,1,23,22,9.710526315789474,5.241072081654377,369.000000000000000,16,6,1,8
5100,10102404,24,189417.606678276206367,2,40,38,22.541666666666668,10.835817022982416,541.000000000000000,18,34,6,23
5101,10102406,32,252556.808904368255753,2,33,31,14.687500000000000,8.829770311282168,470.000000000000000,23,5,2,13
5102,10102408,15,118386.004173922614427,3,15,12,11.733333333333333,3.604934889225540,176.000000000000000,7,15,3,13
5103,10102410,14,110493.603895661115530,3,17,14,9.785714285714286,4.442949011452566,137.000000000000000,9,7,3,10
5104,10102412,23,181525.206400014692917,1,29,28,14.913043478260869,7.923070570112273,343.000000000000000,16,6,1,17
5105,10102414,11,86816.403060876589734,1,10,9,4.818181818181818,2.516064091472372,53.000000000000000,7,2,1,5
5106,10102416,29,228879.608069583744509,2,22,20,12.793103448275861,4.566590143753062,371.000000000000000,14,10,2,13
5107,10102418,7,55246.801947830557765,18,37,19,24.857142857142858,6.033917737697967,174.000000000000000,7,18,18,23
5108,10102420,18,142063.205008707154775,1,13,12,5.388888888888889,3.988022189965136,97.000000000000000,10,1,4,4
5109,10102422,13,102601.203617399602081,1,26,25,11.076923076923077,8.370842604968736,144.000000000000000,12,2,1,9
5110,10102424,1,7892.400278261507992,23,23,0,23.000000000000000,0.000000000000000,23.000000000000000,1,23,23,23
5111,10102426,22,173632.806121753179468,2,33,31,11.090909090909092,7.031804959733704,244.000000000000000,13,2,3,11
5112,10102428,19,149955.605286968639120,1,25,24,12.315789473684211,7.145500104621953,234.000000000000000,12,5,1,10
5113,10102430,31,244664.408626106742304,1,22,21,9.000000000000000,5.242506172408568,279.000000000000000,15,4,1,8
5114,10102432,13,102601.203617399602081,2,17,15,8.000000000000000,4.350066312491905,104.000000000000000,9,3,2,8
5115,10102434,43,339373.211965244845487,5,44,39,19.162790697674417,10.154458827159212,824.000000000000000,22,9,5,17
5116,10102436,12,94708.803339138103183,2,25,23,15.666666666666666,7.520342781785653,188.000000000000000,11,23,2,15
5117,10102438,14,110493.603895661115530,2,42,40,19.642857142857142,11.380479169281450,275.000000000000000,13,21,2,19
5118,10102440,23,181525.206400014692917,1,35,34,14.521739130434783,10.773839351258662,334.000000000000000,14,13,4,13
5119,10102442,32,252556.808904368255753,3,32,29,17.625000000000000,9.745992766260398,564.000000000000000,18,23,6,22
5120,10102444,34,268341.609460891282652,1,34,33,11.617647058823529,7.223388099786583,395.000000000000000,16,7,1,10
5121,10102446,11,86816.403060876589734,3,42,39,22.272727272727273,11.584401024974834,245.000000000000000,8,14,3,24
5122,10102448,8,63139.202226092063938,2,16,14,7.125000000000000,4.484347778663024,57.000000000000000,6,4,2,5
5123,10102452,7,55246.801947830557765,7,50,43,33.428571428571431,15.098317246417540,234.000000000000000,6,45,7,37
5124,10102454,32,252556.808904368255753,2,25,23,11.562500000000000,6.204522040415362,370.000000000000000,19,7,2,11
5125,10102456,13,102601.203617399602081,7,19,12,11.538461538461538,3.914772507692146,150.000000000000000,9,9,8,10
5126,10102458,19,149955.605286968639120,3,26,23,15.947368421052632,6.185498186212194,303.000000000000000,14,15,3,16
5127,10102460,6,47354.401669569051592,2,10,8,6.833333333333333,2.671869923646901,41.000000000000000,6,2,2,7
5128,10102462,7,55246.801947830557765,1,14,13,3.428571428571428,4.337778985911137,24.000000000000000,3,2,14,2
5129,10102464,36,284126.410017414309550,3,33,30,16.722222222222221,8.381895539763436,602.000000000000000,20,9,4,15
5130,10102466,38,299911.210573937278241,2,23,21,10.657894736842104,5.464123735737139,405.000000000000000,17,8,2,8
5131,10102468,16,126278.404452184127877,1,24,23,11.500000000000000,6.736096792653740,184.000000000000000,14,5,1,10
5132,10102470,19,149955.605286968639120,4,21,17,13.894736842105264,4.266080869296724,264.000000000000000,13,17,4,14
5133,10102472,9,71031.602504353577388,15,30,15,21.777777777777779,4.802262841105403,196.000000000000000,8,26,15,20
5134,10102474,25,197310.006956537690712,2,28,26,13.160000000000000,8.176453999136788,329.000000000000000,17,2,5,10
5135,10102476,13,102601.203617399602081,4,21,17,12.307692307692308,4.267671232824675,160.000000000000000,9,14,4,13
5136,10102478,15,118386.004173922614427,24,37,13,28.866666666666667,4.271871824960214,433.000000000000000,9,25,24,28
5137,10102480,11,86816.403060876589734,15,47,32,32.818181818181820,10.061792555081199,361.000000000000000,10,21,15,35
5138,10102482,8,63139.202226092063938,1,8,7,4.875000000000000,2.315032397181517,39.000000000000000,5,3,1,5
5139,10102484,19,149955.605286968639120,5,16,11,9.736842105263158,2.749968521602765,185.000000000000000,8,8,7,9
5140,10102486,7,55246.801947830557765,5,27,22,13.000000000000000,8.053393251117374,91.000000000000000,6,5,7,10
5141,10102488,12,94708.803339138103183,7,26,19,14.333333333333334,5.005552472560401,172.000000000000000,10,12,7,13
5142,10102490,5,39462.001391307538142,20,25,5,23.000000000000000,2.097617696340303,115.000000000000000,4,25,20,24
5143,10102494,8,63139.202226092063938,7,23,16,18.250000000000000,5.673402858955108,146.000000000000000,6,23,7,20
5144,10102496,6,47354.401669569051592,9,24,15,16.166666666666668,4.374801582802228,97.000000000000000,5,16,9,16
5145,10102498,22,173632.806121753179468,2,28,26,11.772727272727273,6.119505462652844,259.000000000000000,16,7,2,10
5146,10102500,7,55246.801947830557765,8,25,17,17.000000000000000,6.210590034081187,119.000000000000000,6,12,8,16
5147,10102502,1,7892.400278261507992,24,24,0,24.000000000000000,0.000000000000000,24.000000000000000,1,24,24,24
5148,10102504,8,63139.202226092063938,9,22,13,14.500000000000000,3.872983346207417,116.000000000000000,4,15,16,15
5149,10102506,7,55246.801947830557765,2,25,23,11.142857142857142,8.025469660107509,78.000000000000000,6,2,6,11
5150,10102508,34,268341.609460891282652,2,36,34,11.911764705882353,8.658106188316593,405.000000000000000,19,5,3,9
5151,10102510,3,23677.200834784525796,2,13,11,9.333333333333334,5.185449728701347,28.000000000000000,2,13,2,13
5152,10102512,6,47354.401669569051592,12,24,12,17.500000000000000,4.462809279665295,105.000000000000000,5,14,12,14
5153,10102514,23,181525.206400014692917,1,19,18,10.086956521739131,4.826674464827101,232.000000000000000,13,9,1,9
5154,10102516,13,102601.203617399602081,7,30,23,14.846153846153847,7.036674846787244,193.000000000000000,9,7,10,14
5155,10102518,10,78924.002782615076285,21,41,20,28.600000000000001,8.175573374387875,286.000000000000000,7,22,21,22
5156,10102520,15,118386.004173922614427,7,24,17,15.466666666666667,5.631656555184766,232.000000000000000,11,9,7,15
5157,10102522,24,189417.606678276206367,2,27,25,12.375000000000000,6.250416652778704,297.000000000000000,18,10,2,11
5158,10102524,9,71031.602504353577388,11,29,18,16.555555555555557,5.335647646019097,149.000000000000000,7,13,11,15
5159,10102526,14,110493.603895661115530,5,21,16,12.214285714285714,4.245646029061025,171.000000000000000,11,5,9,12
5160,10102528,8,63139.202226092063938,14,43,29,28.375000000000000,11.521040534604502,227.000000000000000,7,40,14,22
5161,10102530,29,228879.608069583744509,2,29,27,10.965517241379310,6.008515558373797,318.000000000000000,15,9,2,9
5162,10102532,23,181525.206400014692917,2,18,16,10.130434782608695,3.768338900873122,233.000000000000000,12,8,2,9
5163,10102534,4,31569.601113046031969,2,25,23,13.750000000000000,8.870597499605086,55.000000000000000,4,2,2,9
5164,10102536,35,276234.009739152796101,3,51,48,27.942857142857143,12.179474201981572,978.000000000000000,20,14,7,30
5165,10102538,26,205202.407234799204161,5,36,31,20.000000000000000,8.028794334240880,520.000000000000000,21,10,5,20
5166,10102540,22,173632.806121753179468,5,21,16,12.181818181818182,4.249453051825545,268.000000000000000,13,9,5,12
5167,10102542,18,142063.205008707154775,3,24,21,13.500000000000000,8.077747210701755,243.000000000000000,13,3,5,14
5168,10102544,8,63139.202226092063938,8,35,27,28.375000000000000,7.967708265241644,227.000000000000000,7,31,8,31
5169,10102546,8,63139.202226092063938,9,38,29,22.375000000000000,10.307006112349017,179.000000000000000,7,32,9,17
5170,10102548,20,157848.005565230152570,5,27,22,12.199999999999999,5.546169849544820,244.000000000000000,12,10,6,10
5171,10102550,36,284126.410017414309550,1,32,31,17.638888888888889,8.686364722872591,635.000000000000000,24,22,1,18
5172,10102552,32,252556.808904368255753,2,49,47,17.750000000000000,11.971319893812879,568.000000000000000,19,4,6,17
5173,10102554,9,71031.602504353577388,10,41,31,24.777777777777779,11.370310049303139,223.000000000000000,9,10,10,22
5174,10102556,12,94708.803339138103183,2,37,35,16.416666666666668,9.077980073905330,197.000000000000000,11,21,2,15
5175,10102558,15,118386.004173922614427,2,30,28,13.333333333333334,8.599741598185119,200.000000000000000,13,3,2,14
5176,10102560,51,402512.414191336894874,1,15,14,7.078431372549019,3.818649475130930,361.000000000000000,13,3,15,7
5177,10102562,2,15784.800556523015985,22,23,1,22.500000000000000,0.500000000000000,45.000000000000000,2,22,22,22
5178,10102564,25,197310.006956537690712,2,38,36,19.280000000000001,12.571459740221099,482.000000000000000,18,2,9,18
5179,10102566,9,71031.602504353577388,1,7,6,2.000000000000000,1.885618083164127,18.000000000000000,4,1,2,1
5180,10102568,3,23677.200834784525796,2,2,0,2.000000000000000,0.000000000000000,6.000000000000000,1,2,2,2
5181,10102570,24,189417.606678276206367,7,28,21,15.500000000000000,5.515130702591432,372.000000000000000,16,11,7,15
5182,10102572,5,39462.001391307538142,2,6,4,3.800000000000000,1.600000000000000,19.000000000000000,4,2,4,4
5183,10102574,25,197310.006956537690712,1,29,28,11.279999999999999,6.761774914916940,282.000000000000000,16,4,1,11
5184,10102576,17,134170.804730445641326,4,22,18,10.823529411764707,5.833325094737961,184.000000000000000,12,4,6,10
5185,10102580,9,71031.602504353577388,4,26,22,13.555555555555555,7.484964352488573,122.000000000000000,8,8,4,10
5186,10102582,6,47354.401669569051592,2,31,29,16.666666666666668,11.308796969124915,100.000000000000000,5,26,2,9
5187,10102584,7,55246.801947830557765,1,9,8,4.142857142857143,2.531435020952764,29.000000000000000,6,3,1,3
5188,10102586,14,110493.603895661115530,1,31,30,12.500000000000000,10.076493154154093,175.000000000000000,13,1,2,8
5189,10102588,3,23677.200834784525796,10,19,9,14.666666666666666,3.681787005729090,44.000000000000000,3,10,10,15
5190,10102590,4,31569.601113046031969,9,17,8,14.750000000000000,3.344772040064913,59.000000000000000,3,17,9,16
5191,10102592,50,394620.013913075381424,5,41,36,16.000000000000000,6.933974329343886,800.000000000000000,22,13,7,16
5192,10102594,19,149955.605286968639120,4,29,25,16.842105263157894,7.541207204034567,320.000000000000000,16,10,4,17
5193,10102596,15,118386.004173922614427,9,31,22,18.933333333333334,7.415898836658680,284.000000000000000,12,10,9,18
5194,10102598,6,47354.401669569051592,3,20,17,10.666666666666666,6.599663291074444,64.000000000000000,6,3,3,7
5195,10102600,13,102601.203617399602081,8,35,27,19.923076923076923,7.436516331450433,259.000000000000000,11,16,8,19
5196,10102602,13,102601.203617399602081,11,28,17,18.076923076923077,5.239811189515817,235.000000000000000,10,18,11,18
5197,10102604,13,102601.203617399602081,1,50,49,8.538461538461538,14.041780429601372,111.000000000000000,7,2,3,3
5198,10102606,9,71031.602504353577388,8,36,28,18.222222222222221,9.704269138176912,164.000000000000000,6,8,23,19
5199,10102608,22,173632.806121753179468,1,28,27,15.818181818181818,7.432339431261707,348.000000000000000,16,21,1,16
5200,10102610,11,86816.403060876589734,11,27,16,18.727272727272727,5.674358739755361,206.000000000000000,8,11,13,18
5201,10102612,9,71031.602504353577388,5,28,23,14.666666666666666,7.542472332656507,132.000000000000000,9,5,5,13
5202,10102614,3,23677.200834784525796,9,14,5,11.333333333333334,2.054804667656323,34.000000000000000,3,9,9,11
5203,10102616,36,284126.410017414309550,3,30,27,15.250000000000000,6.917670609870541,549.000000000000000,18,7,3,14
5204,10102618,6,47354.401669569051592,5,18,13,10.666666666666666,4.642796092394707,64.000000000000000,4,5,10,10
5205,10102620,2,15784.800556523015985,6,9,3,7.500000000000000,1.500000000000000,15.000000000000000,2,6,6,6
5206,10102622,7,55246.801947830557765,6,29,23,13.428571428571429,8.033094811148313,94.000000000000000,6,8,6,9
5207,10102624,3,23677.200834784525796,4,17,13,10.333333333333334,5.312459150169741,31.000000000000000,3,4,4,10
5208,10102626,20,157848.005565230152570,2,28,26,12.600000000000000,6.382789358893180,252.000000000000000,16,4,2,12
5209,10102628,8,63139.202226092063938,1,13,12,4.500000000000000,3.640054944640259,36.000000000000000,6,2,1,3
5210,10102630,5,39462.001391307538142,1,37,36,16.800000000000001,14.161920773680384,84.000000000000000,5,1,1,16
5211,10102632,5,39462.001391307538142,1,5,4,3.000000000000000,1.264911064067352,15.000000000000000,3,3,1,3
5212,10102634,1,7892.400278261507992,1,1,0,1.000000000000000,0.000000000000000,1.000000000000000,1,1,1,1
5213,10102636,4,31569.601113046031969,15,31,16,23.500000000000000,5.678908345800274,94.000000000000000,3,24,15,24
5214,10102638,14,110493.603895661115530,5,23,18,13.928571428571429,5.119490567768379,195.000000000000000,11,17,5,14
5215,10102640,17,134170.804730445641326,1,15,14,7.823529411764706,3.535289223839229,133.000000000000000,11,7,1,7
5216,10102642,18,142063.205008707154775,3,36,33,15.333333333333334,9.689627902499089,276.000000000000000,13,13,3,13
5217,10102644,34,268341.609460891282652,1,24,23,10.735294117647058,4.616522905501957,365.000000000000000,17,11,1,11
5218,10102646,15,118386.004173922614427,15,29,14,21.000000000000000,4.049691346263317,315.000000000000000,9,16,15,22
5219,10102648,39,307803.610852198791690,2,39,37,16.153846153846153,9.603787878611076,630.000000000000000,24,8,4,15
5220,10102650,14,110493.603895661115530,12,35,23,22.071428571428573,6.605887911707310,309.000000000000000,11,22,12,22
5221,10102652,17,134170.804730445641326,2,26,24,8.000000000000000,6.462561866810479,136.000000000000000,10,3,2,7
5222,10102654,1,7892.400278261507992,4,4,0,4.000000000000000,0.000000000000000,4.000000000000000,1,4,4,4
5223,10102656,18,142063.205008707154775,3,22,19,12.611111111111111,4.335113594422090,227.000000000000000,13,14,3,13
5224,10102658,23,181525.206400014692917,1,27,26,12.826086956521738,7.487102962765188,295.000000000000000,14,9,1,11
5225,10102660,2,15784.800556523015985,2,3,1,2.500000000000000,0.500000000000000,5.000000000000000,2,2,2,2
5226,10102662,12,94708.803339138103183,1,22,21,8.333333333333334,6.859705209085559,100.000000000000000,9,1,4,6
5227,10102664,34,268341.609460891282652,5,31,26,16.411764705882351,6.704334186614894,558.000000000000000,19,9,14,16
5228,10102666,13,102601.203617399602081,7,39,32,20.307692307692307,9.285096539696253,264.000000000000000,9,11,7,22
5229,10102668,7,55246.801947830557765,6,19,13,12.857142857142858,4.611432111876850,90.000000000000000,5,9,6,13
5230,10102670,20,157848.005565230152570,11,38,27,21.949999999999999,8.120806610183500,439.000000000000000,15,14,11,20
5231,10102672,3,23677.200834784525796,1,5,4,3.666666666666667,1.885618083164127,11.000000000000000,2,5,1,5
5232,10102674,4,31569.601113046031969,3,39,36,13.250000000000000,14.905955185763842,53.000000000000000,4,3,3,5
5233,10102676,24,189417.606678276206367,3,24,21,9.708333333333334,4.877492240440321,233.000000000000000,13,8,10,9
5234,10102678,10,78924.002782615076285,9,29,20,18.600000000000001,5.969924622639716,186.000000000000000,9,22,9,18
5235,10102680,5,39462.001391307538142,4,18,14,10.600000000000000,5.122499389946280,53.000000000000000,4,8,4,8
5236,10102682,10,78924.002782615076285,8,40,32,21.100000000000001,10.520931517693667,211.000000000000000,9,9,8,19
5237,10102684,14,110493.603895661115530,2,29,27,15.357142857142858,7.127483455481554,215.000000000000000,10,16,2,16
5238,10102686,9,71031.602504353577388,2,15,13,6.777777777777778,4.021546904634191,61.000000000000000,7,2,3,6
5239,10102688,3,23677.200834784525796,8,21,13,14.333333333333334,5.312459150169741,43.000000000000000,3,8,8,14
5240,10102690,14,110493.603895661115530,2,17,15,10.714285714285714,5.202040416009464,150.000000000000000,10,7,2,12
5241,10102692,16,126278.404452184127877,4,37,33,17.750000000000000,8.799857953399021,284.000000000000000,11,18,9,18
5242,10102694,25,197310.006956537690712,2,32,30,12.480000000000000,7.925250784675523,312.000000000000000,16,2,8,12
5243,10102696,3,23677.200834784525796,1,2,1,1.333333333333333,0.471404520791032,4.000000000000000,2,1,2,1
5244,10102698,9,71031.602504353577388,3,12,9,6.777777777777778,2.698879511442471,61.000000000000000,8,6,3,6
5245,10102700,13,102601.203617399602081,3,32,29,21.692307692307693,8.022896229250719,282.000000000000000,10,23,3,23
5246,10102702,8,63139.202226092063938,1,9,8,3.500000000000000,2.291287847477920,28.000000000000000,5,2,1,3
5247,10102704,11,86816.403060876589734,1,19,18,10.909090909090908,4.440608997025388,120.000000000000000,8,9,1,10
5248,10102706,22,173632.806121753179468,3,24,21,13.636363636363637,6.168434710431772,300.000000000000000,14,15,3,14
5249,10102708,19,149955.605286968639120,1,13,12,6.263157894736842,3.581268597095578,119.000000000000000,10,5,2,5
5250,10102710,4,31569.601113046031969,3,13,10,8.000000000000000,3.605551275463989,32.000000000000000,4,3,3,7
5251,10102712,17,134170.804730445641326,13,36,23,21.705882352941178,5.928641406539580,369.000000000000000,11,18,13,20
5252,10102714,12,94708.803339138103183,8,22,14,14.166666666666666,5.013869652163777,170.000000000000000,6,9,8,12
5253,10102716,15,118386.004173922614427,2,16,14,6.333333333333333,4.044200236827494,95.000000000000000,10,3,2,5
5254,10102718,29,228879.608069583744509,3,28,25,13.551724137931034,5.696860641202259,393.000000000000000,17,11,3,12
5255,10102720,19,149955.605286968639120,1,16,15,7.526315789473684,3.938586722919938,143.000000000000000,11,3,1,8
5256,10102722,13,102601.203617399602081,4,32,28,14.230769230769230,9.365680772445799,185.000000000000000,11,6,4,11
5257,10102724,14,110493.603895661115530,1,20,19,11.357142857142858,6.893134709437279,159.000000000000000,12,3,1,11
5258,10102726,11,86816.403060876589734,3,18,15,8.090909090909092,4.440608997025386,89.000000000000000,9,4,3,7
5259,10102728,7,55246.801947830557765,17,28,11,21.000000000000000,3.741657386773941,147.000000000000000,6,19,17,19
5260,10102730,23,181525.206400014692917,6,37,31,17.260869565217391,8.925865644559407,397.000000000000000,16,7,6,15
5261,10102732,2,15784.800556523015985,2,5,3,3.500000000000000,1.500000000000000,7.000000000000000,2,2,2,2
5262,10102734,1,7892.400278261507992,14,14,0,14.000000000000000,0.000000000000000,14.000000000000000,1,14,14,14
5263,10102736,2,15784.800556523015985,6,7,1,6.500000000000000,0.500000000000000,13.000000000000000,2,6,6,6
5264,10102738,2,15784.800556523015985,9,9,0,9.000000000000000,0.000000000000000,18.000000000000000,1,9,9,9
5265,10102740,8,63139.202226092063938,12,20,8,16.000000000000000,2.738612787525831,128.000000000000000,8,12,12,15
5266,10102742,12,94708.803339138103183,4,15,11,10.750000000000000,3.294566233461799,129.000000000000000,9,11,4,11
5267,10102744,26,205202.407234799204161,1,21,20,9.230769230769230,4.869905166567513,240.000000000000000,13,4,1,9
5268,10102758,12,94708.803339138103183,1,53,52,23.083333333333332,20.846495841960799,277.000000000000000,10,9,1,9
5269,10102760,6,47354.401669569051592,9,43,34,26.500000000000000,14.349796746528037,159.000000000000000,5,43,9,18
5270,10102762,43,339373.211965244845487,2,27,25,11.860465116279070,6.838949311893136,510.000000000000000,22,6,2,10
5271,10102764,47,370942.813078290899284,1,22,21,8.085106382978724,5.618471766297545,380.000000000000000,19,4,6,7
5272,10102766,11,86816.403060876589734,4,31,27,14.636363636363637,10.119941854600542,161.000000000000000,9,4,5,9
5273,10102768,18,142063.205008707154775,5,37,32,17.166666666666668,10.372238588334406,309.000000000000000,12,16,6,15
5274,10102770,3,23677.200834784525796,1,9,8,4.333333333333333,3.399346342395190,13.000000000000000,3,1,1,3
5275,10102772,49,386727.613634813867975,1,28,27,10.897959183673469,7.066000508208834,534.000000000000000,23,2,1,9
5276,10102774,42,331480.811686983332038,1,13,12,5.880952380952381,3.056627311521957,247.000000000000000,12,2,9,6
5277,10102776,19,149955.605286968639120,3,15,12,7.421052631578948,3.924495133117315,141.000000000000000,10,3,6,7
5278,10102778,38,299911.210573937278241,1,23,22,10.157894736842104,5.328801167585118,386.000000000000000,19,7,1,9
5279,10102780,23,181525.206400014692917,3,31,28,13.913043478260869,8.581643926216616,320.000000000000000,15,4,3,14
5280,10102782,28,220987.207791322231060,1,20,19,7.928571428571429,4.705077587249844,222.000000000000000,14,7,6,7
5281,10102784,31,244664.408626106742304,1,33,32,9.741935483870968,6.495495918068467,302.000000000000000,17,14,2,9
5282,10102786,22,173632.806121753179468,1,14,13,4.954545454545454,3.573606183818356,109.000000000000000,10,2,8,3
5283,10102788,23,181525.206400014692917,3,25,22,10.782608695652174,6.185231511178940,248.000000000000000,13,5,6,10
5284,10102790,24,189417.606678276206367,3,21,18,13.166666666666666,5.137011669140816,316.000000000000000,14,13,3,13
5285,10102792,13,102601.203617399602081,2,20,18,11.461538461538462,5.314933744653754,149.000000000000000,10,15,2,11
5286,10102794,22,173632.806121753179468,2,21,19,8.454545454545455,5.078719172168516,186.000000000000000,12,6,2,8
5287,10102796,19,149955.605286968639120,1,9,8,4.315789473684211,2.472003908593132,82.000000000000000,8,2,4,3
5288,10102798,55,434082.015304382948671,1,27,26,7.454545454545454,5.439980554170398,410.000000000000000,16,7,13,7
5289,10102800,36,284126.410017414309550,1,28,27,12.666666666666666,7.007932013876213,456.000000000000000,20,11,1,11
5290,10102802,9,71031.602504353577388,1,10,9,5.222222222222222,2.439388711122239,47.000000000000000,6,4,1,5
5291,10102804,44,347265.612243506358936,1,29,28,14.386363636363637,8.166494488543108,633.000000000000000,22,21,7,15
5292,10102806,20,157848.005565230152570,2,21,19,10.300000000000001,5.866003750424985,206.000000000000000,12,7,2,8
5293,10102808,39,307803.610852198791690,3,23,20,12.666666666666666,5.408129366783236,494.000000000000000,17,15,3,13
5294,10102810,30,236772.008347845228855,2,19,17,7.833333333333333,4.344217101184312,235.000000000000000,12,3,2,7
5295,10102812,27,213094.807513060717611,1,29,28,15.000000000000000,7.630348761506398,405.000000000000000,18,10,1,13
5296,10102814,35,276234.009739152796101,1,31,30,13.428571428571429,7.601825774249289,470.000000000000000,19,7,1,12
5297,10102816,6,47354.401669569051592,13,22,9,16.333333333333332,3.197221015541817,98.000000000000000,5,14,13,14
5298,10102818,18,142063.205008707154775,1,15,14,7.500000000000000,4.153311931459037,135.000000000000000,9,5,1,5
5299,10102820,9,71031.602504353577388,5,16,11,11.888888888888889,3.142696805273545,107.000000000000000,6,11,5,12
5300,10102822,17,134170.804730445641326,1,24,23,8.352941176470589,5.530037511526728,142.000000000000000,10,6,1,6
5301,10102824,23,181525.206400014692917,1,28,27,8.956521739130435,7.195882040200765,206.000000000000000,13,6,1,6
5302,10102826,5,39462.001391307538142,9,32,23,19.600000000000001,7.863841300534998,98.000000000000000,5,9,9,20
5303,10102828,51,402512.414191336894874,1,37,36,12.568627450980392,9.481157582094148,641.000000000000000,28,5,1,10
5304,10102830,31,244664.408626106742304,1,16,15,7.967741935483871,4.645385299258178,247.000000000000000,14,2,7,8
5305,10102832,25,197310.006956537690712,1,23,22,11.080000000000000,5.823538443249087,277.000000000000000,12,8,1,9
5306,10102834,35,276234.009739152796101,1,54,53,16.142857142857142,13.339828350026220,565.000000000000000,21,16,4,12
5307,10102836,78,615607.221704397583380,1,28,27,9.153846153846153,5.905401532358545,714.000000000000000,21,7,1,8
5308,10102838,7,55246.801947830557765,4,26,22,16.142857142857142,8.149120398258093,113.000000000000000,7,4,4,18
5309,10102840,16,126278.404452184127877,7,31,24,23.062500000000000,6.580926511517964,369.000000000000000,9,20,7,23
5310,10102842,31,244664.408626106742304,1,14,13,6.903225806451613,3.871774109560508,214.000000000000000,14,5,2,6
5311,10102844,21,165740.405843491666019,3,37,34,13.952380952380953,9.296574845332838,293.000000000000000,14,8,3,11
5312,10102846,15,118386.004173922614427,2,21,19,10.266666666666667,5.495048275998633,154.000000000000000,10,8,4,11
5313,10102848,1,7892.400278261507992,8,8,0,8.000000000000000,0.000000000000000,8.000000000000000,1,8,8,8
5314,10102850,23,181525.206400014692917,1,26,25,12.391304347826088,6.260567625569498,285.000000000000000,15,11,1,12
5315,10102852,36,284126.410017414309550,1,27,26,8.194444444444445,7.074286161257404,295.000000000000000,17,3,6,5
5316,10102854,15,118386.004173922614427,2,18,16,10.199999999999999,4.969238707622460,153.000000000000000,10,5,2,10
5317,10102856,32,252556.808904368255753,2,38,36,20.375000000000000,9.489303188327371,652.000000000000000,15,18,2,18
5318,10102858,8,63139.202226092063938,4,24,20,13.750000000000000,8.212033852828421,110.000000000000000,6,4,7,11
5319,10102860,10,78924.002782615076285,18,44,26,28.699999999999999,7.197916365171245,287.000000000000000,9,34,18,26
5320,10102862,19,149955.605286968639120,3,31,28,14.000000000000000,6.617361534948089,266.000000000000000,15,10,3,13
5321,10102864,48,378835.213356552412733,3,38,35,17.104166666666668,10.159641527742119,821.000000000000000,23,7,3,13
5322,10102866,12,94708.803339138103183,3,27,24,14.250000000000000,8.486508901387738,171.000000000000000,8,3,15,11
5323,10102868,8,63139.202226092063938,6,28,22,15.000000000000000,7.211102550927978,120.000000000000000,6,15,6,15
5324,10102870,38,299911.210573937278241,3,38,35,18.842105263157894,10.160621395702846,716.000000000000000,24,10,3,19
5325,10102872,3,23677.200834784525796,29,43,14,35.333333333333336,5.792715732327585,106.000000000000000,3,29,29,34
5326,10102874,4,31569.601113046031969,32,49,17,42.500000000000000,6.422616289332565,170.000000000000000,4,32,32,43
5327,10102876,80,631392.022260920610279,1,48,47,13.862500000000001,9.732347802560284,1109.000000000000000,33,4,1,11
5328,10102878,11,86816.403060876589734,4,31,27,12.272727272727273,7.747033556505342,135.000000000000000,11,4,4,10
5329,10102880,36,284126.410017414309550,3,48,45,19.638888888888889,11.963260373553359,707.000000000000000,23,19,5,19
5330,10102882,43,339373.211965244845487,1,28,27,14.069767441860465,6.578313026262744,605.000000000000000,19,19,3,13
5331,10102884,25,197310.006956537690712,2,23,21,8.520000000000000,5.411986696214247,213.000000000000000,14,3,4,9
5332,10102886,27,213094.807513060717611,4,38,34,18.703703703703702,8.809989342133440,505.000000000000000,17,12,4,17
5333,10102888,34,268341.609460891282652,2,24,22,11.529411764705882,5.077257794597669,392.000000000000000,15,9,2,10
5334,10102890,27,213094.807513060717611,2,40,38,10.629629629629630,11.136021459071452,287.000000000000000,15,2,10,5
5335,10102892,16,126278.404452184127877,8,30,22,16.937500000000000,5.561797708475201,271.000000000000000,11,11,8,16
5336,10102894,21,165740.405843491666019,5,34,29,16.523809523809526,8.370122873417076,347.000000000000000,17,23,6,15
5337,10102896,87,686638.824208751204424,1,38,37,12.045977011494253,9.180073430173616,1048.000000000000000,30,7,11,9
5338,10102898,27,213094.807513060717611,4,36,32,19.592592592592592,9.836663312847273,529.000000000000000,19,9,4,20
5339,10102900,40,315696.011130460305139,1,35,34,9.975000000000000,7.414470648670747,399.000000000000000,18,5,1,7
5340,10102902,24,189417.606678276206367,2,31,29,15.583333333333334,7.686116632532249,374.000000000000000,19,21,2,16
5341,10102904,19,149955.605286968639120,2,19,17,7.052631578947368,4.148223262155375,134.000000000000000,11,4,7,7
5342,10102906,24,189417.606678276206367,3,19,16,10.708333333333334,4.791304334126795,257.000000000000000,14,11,3,10
5343,10102908,31,244664.408626106742304,4,24,20,14.903225806451612,5.630303026908757,462.000000000000000,15,10,4,15
5344,10102910,9,71031.602504353577388,1,8,7,3.777777777777778,2.096440251568135,34.000000000000000,5,2,1,4
5345,10102912,47,370942.813078290899284,2,47,45,21.744680851063830,10.867613578801187,1022.000000000000000,28,6,2,21
5346,10102916,19,149955.605286968639120,2,11,9,5.684210526315789,2.363152033751964,108.000000000000000,9,5,2,5
5347,10102918,4,31569.601113046031969,2,8,6,6.000000000000000,2.449489742783178,24.000000000000000,3,8,2,6
5348,10102920,21,165740.405843491666019,1,19,18,4.571428571428571,4.424729516311365,96.000000000000000,7,3,15,3
5349,10102922,1,7892.400278261507992,4,4,0,4.000000000000000,0.000000000000000,4.000000000000000,1,4,4,4
5350,10102924,4,31569.601113046031969,1,20,19,11.500000000000000,8.200609733428363,46.000000000000000,4,1,1,6
5351,10102926,1,7892.400278261507992,10,10,0,10.000000000000000,0.000000000000000,10.000000000000000,1,10,10,10
5352,10102928,13,102601.203617399602081,1,23,22,8.076923076923077,6.988579017682389,105.000000000000000,8,4,2,4
5353,10102930,15,118386.004173922614427,1,64,63,27.266666666666666,16.885759944073850,409.000000000000000,14,42,1,24
5354,10102932,6,47354.401669569051592,4,12,8,7.666666666666667,2.748737083745107,46.000000000000000,6,4,4,7
5355,10102934,14,110493.603895661115530,3,37,34,16.642857142857142,10.103798033110003,233.000000000000000,8,18,16,17
5356,10102936,2,15784.800556523015985,13,29,16,21.000000000000000,8.000000000000000,42.000000000000000,2,13,13,13
5357,10102938,5,39462.001391307538142,1,23,22,16.600000000000001,8.499411744350310,83.000000000000000,4,23,1,22
5358,10102940,5,39462.001391307538142,2,22,20,12.199999999999999,7.807688518377255,61.000000000000000,5,2,2,16
5359,10102942,8,63139.202226092063938,5,13,8,8.250000000000000,2.436698586202241,66.000000000000000,6,6,5,8
5360,10102944,3,23677.200834784525796,4,11,7,6.333333333333333,3.299831645537222,19.000000000000000,2,4,11,4
5361,10102946,4,31569.601113046031969,3,14,11,8.250000000000000,4.437059837324712,33.000000000000000,4,3,3,5
5362,10102948,5,39462.001391307538142,12,18,6,15.800000000000001,2.399999999999998,79.000000000000000,4,18,12,17
5363,10102950,29,228879.608069583744509,3,37,34,19.689655172413794,10.544171288297436,571.000000000000000,21,8,3,19
5364,10102952,1,7892.400278261507992,4,4,0,4.000000000000000,0.000000000000000,4.000000000000000,1,4,4,4
5365,10103630,2,15784.800556523015985,3,5,2,4.000000000000000,1.000000000000000,8.000000000000000,2,3,3,3
5366,10103632,9,71031.602504353577388,13,39,26,25.444444444444443,6.584681062235139,229.000000000000000,7,27,13,27
5367,10103634,3,23677.200834784525796,22,30,8,25.333333333333332,3.399346342395194,76.000000000000000,3,22,22,24
5368,10103636,2,15784.800556523015985,28,32,4,30.000000000000000,2.000000000000000,60.000000000000000,2,28,28,28
5369,10103638,3,23677.200834784525796,14,27,13,21.666666666666668,5.557777333511018,65.000000000000000,3,14,14,24
5370,10103642,4,31569.601113046031969,10,15,5,11.750000000000000,1.920286436967152,47.000000000000000,3,11,10,11
5371,10103644,3,23677.200834784525796,9,11,2,10.333333333333334,0.942809041582057,31.000000000000000,2,11,9,11
5372,10103646,5,39462.001391307538142,18,38,20,25.000000000000000,6.899275324264136,125.000000000000000,5,18,18,23
5373,10103648,4,31569.601113046031969,24,33,9,27.500000000000000,3.500000000000000,110.000000000000000,4,24,24,25
5374,10103650,5,39462.001391307538142,1,7,6,3.400000000000000,2.059126028197400,17.000000000000000,5,1,1,3
5375,10103652,7,55246.801947830557765,8,45,37,22.714285714285715,11.002782579411258,159.000000000000000,7,8,8,21
5376,10103654,3,23677.200834784525796,1,6,5,3.666666666666667,2.054804667656326,11.000000000000000,3,1,1,4
5377,10103656,3,23677.200834784525796,4,14,10,9.666666666666666,4.189935029992179,29.000000000000000,3,4,4,11
5378,10103658,1,7892.400278261507992,28,28,0,28.000000000000000,0.000000000000000,28.000000000000000,1,28,28,28
5379,10103660,5,39462.001391307538142,1,23,22,12.600000000000000,9.221713506718803,63.000000000000000,5,1,1,14
5380,10103662,11,86816.403060876589734,4,25,21,16.272727272727273,6.702657669515185,179.000000000000000,9,17,4,17
5381,10103664,10,78924.002782615076285,1,34,33,17.600000000000001,9.951884243699782,176.000000000000000,9,11,1,16
5382,10103666,25,197310.006956537690712,1,32,31,11.680000000000000,8.540351280831485,292.000000000000000,18,3,1,12
5383,10103668,23,181525.206400014692917,3,28,25,15.913043478260869,7.395139669894010,366.000000000000000,16,11,3,14
5384,10103670,22,173632.806121753179468,1,33,32,12.818181818181818,8.026299745418543,282.000000000000000,14,17,5,14
5385,10103672,7,55246.801947830557765,6,14,8,8.714285714285714,2.813959371941745,61.000000000000000,5,6,10,7
5386,10103674,12,94708.803339138103183,8,24,16,15.500000000000000,4.609772228646444,186.000000000000000,10,17,8,16
5387,10103676,11,86816.403060876589734,9,34,25,21.272727272727273,7.123468372421720,234.000000000000000,9,19,9,24
5388,10103678,6,47354.401669569051592,2,30,28,14.833333333333334,9.923317097736129,89.000000000000000,5,9,2,9
5389,10103680,8,63139.202226092063938,1,24,23,12.875000000000000,7.183966522750506,103.000000000000000,7,17,1,12
5390,10103682,17,134170.804730445641326,2,25,23,12.117647058823529,7.177434843609245,206.000000000000000,12,3,2,12
5391,10103684,5,39462.001391307538142,21,36,15,28.000000000000000,5.099019513592784,140.000000000000000,4,26,21,26
5392,10103686,7,55246.801947830557765,6,15,9,10.142857142857142,3.313546715640916,71.000000000000000,5,9,6,9
5393,10103688,17,134170.804730445641326,2,63,61,26.294117647058822,16.028521292049639,447.000000000000000,13,35,2,33
5394,10103690,13,102601.203617399602081,2,24,22,8.461538461538462,7.479360159957993,110.000000000000000,10,2,3,6
5395,10103692,29,228879.608069583744509,5,23,18,12.758620689655173,5.334695624667614,370.000000000000000,14,10,14,10
5396,10103694,4,31569.601113046031969,6,19,13,13.000000000000000,6.041522986797286,52.000000000000000,3,19,6,8
5397,10103696,15,118386.004173922614427,8,32,24,17.933333333333334,8.378278794332136,269.000000000000000,10,12,9,16
5398,10103698,21,165740.405843491666019,3,15,12,9.047619047619047,3.618420998383404,190.000000000000000,9,8,5,9
5399,10103700,3,23677.200834784525796,24,26,2,25.333333333333332,0.942809041582077,76.000000000000000,2,26,24,26
5400,10103702,13,102601.203617399602081,9,32,23,20.384615384615383,6.639490962166184,265.000000000000000,8,24,9,19
5401,10103704,23,181525.206400014692917,2,39,37,14.304347826086957,10.633968471094617,329.000000000000000,15,6,5,10
5402,10103706,15,118386.004173922614427,3,32,29,17.466666666666665,7.561892767172927,262.000000000000000,12,16,3,16
5403,10103708,15,118386.004173922614427,12,41,29,24.199999999999999,8.076302784484163,363.000000000000000,12,15,12,25
5404,10103710,45,355158.012521767872386,1,23,22,11.000000000000000,5.125101625008686,495.000000000000000,20,13,1,12
5405,10103712,29,228879.608069583744509,3,21,18,10.137931034482758,5.144291365233522,294.000000000000000,14,6,5,8
5406,10103714,3,23677.200834784525796,13,28,15,20.666666666666668,6.128258770283408,62.000000000000000,3,13,13,21
5407,10103716,13,102601.203617399602081,6,22,16,16.000000000000000,4.187894642712677,208.000000000000000,8,14,6,15
5408,10103718,10,78924.002782615076285,1,28,27,13.699999999999999,7.043436661176134,137.000000000000000,9,12,1,12
5409,10103720,33,260449.209182629769202,1,26,25,10.696969696969697,5.936455673950467,353.000000000000000,17,7,3,10
5410,10103722,8,63139.202226092063938,1,32,31,18.625000000000000,8.425222548989433,149.000000000000000,7,19,1,19
5411,10103724,23,181525.206400014692917,5,29,24,16.000000000000000,6.606979182125783,368.000000000000000,14,15,5,15
5412,10103726,14,110493.603895661115530,4,32,28,13.714285714285714,7.703696435835866,192.000000000000000,9,4,15,12
5413,10103728,8,63139.202226092063938,6,25,19,13.875000000000000,6.697714162309407,111.000000000000000,7,8,6,9
5414,10103730,54,426189.615026121435221,2,53,51,19.907407407407408,12.602569577079521,1075.000000000000000,28,16,2,16
5415,10103732,4,31569.601113046031969,8,31,23,17.000000000000000,8.514693182963201,68.000000000000000,4,8,8,14
5416,10103734,21,165740.405843491666019,5,32,27,18.285714285714285,6.804360346710863,384.000000000000000,14,16,5,16
5417,10103736,19,149955.605286968639120,10,30,20,19.789473684210527,5.961092688323269,376.000000000000000,14,10,12,21
5418,10103738,6,47354.401669569051592,5,22,17,11.333333333333334,5.312459150169741,68.000000000000000,5,9,5,9
5419,10103740,12,94708.803339138103183,2,31,29,13.500000000000000,10.283481900601567,162.000000000000000,9,2,4,9
5420,10103742,6,47354.401669569051592,16,31,15,22.000000000000000,4.725815626252608,132.000000000000000,5,22,16,22
5421,10103744,3,23677.200834784525796,2,10,8,4.666666666666667,3.771236166328253,14.000000000000000,2,2,10,2
5422,10103746,22,173632.806121753179468,2,27,25,12.636363636363637,5.811786257608948,278.000000000000000,12,10,2,10
5423,10103748,17,134170.804730445641326,8,33,25,17.588235294117649,6.490344172233737,299.000000000000000,10,11,8,17
5424,10103750,23,181525.206400014692917,6,27,21,12.608695652173912,6.034243805041089,290.000000000000000,13,6,7,10
5425,10103752,3,23677.200834784525796,6,12,6,10.000000000000000,2.828427124746190,30.000000000000000,2,12,6,12
5426,10103754,20,157848.005565230152570,4,48,44,20.800000000000001,13.847743498491006,416.000000000000000,16,6,4,16
5427,10103756,2,15784.800556523015985,6,13,7,9.500000000000000,3.500000000000000,19.000000000000000,2,6,6,6
5428,10103758,14,110493.603895661115530,2,35,33,15.642857142857142,10.566842634642864,219.000000000000000,13,12,2,12
5429,10103760,19,149955.605286968639120,8,29,21,17.263157894736842,5.838547992376168,328.000000000000000,13,12,8,16
5430,10103762,27,213094.807513060717611,6,23,17,13.777777777777779,5.086899174337597,372.000000000000000,13,11,10,13
5431,10103764,22,173632.806121753179468,3,40,37,15.545454545454545,9.360105247695344,342.000000000000000,16,12,3,12
5432,10103766,2,15784.800556523015985,6,8,2,7.000000000000000,1.000000000000000,14.000000000000000,2,6,6,6
5433,10103768,18,142063.205008707154775,3,22,19,13.500000000000000,5.766281297335398,243.000000000000000,14,17,3,13
5434,10103770,16,126278.404452184127877,1,20,19,13.187500000000000,5.479721137977735,211.000000000000000,12,6,1,15
5435,10103772,4,31569.601113046031969,6,22,16,13.000000000000000,5.916079783099616,52.000000000000000,4,6,6,10
5436,10103776,26,205202.407234799204161,3,30,27,16.230769230769230,9.369786518821227,422.000000000000000,16,28,5,16
5437,10103778,17,134170.804730445641326,4,33,29,14.294117647058824,6.840749063579591,243.000000000000000,13,6,4,14
5438,10103780,17,134170.804730445641326,6,22,16,14.235294117647058,5.219076003016198,242.000000000000000,11,6,8,14
5439,10103782,32,252556.808904368255753,2,32,30,12.343750000000000,8.029669105106386,395.000000000000000,17,8,2,9
5440,10103784,20,157848.005565230152570,4,30,26,18.750000000000000,6.905613658466566,375.000000000000000,15,17,4,19
5441,10103786,3,23677.200834784525796,31,36,5,33.333333333333336,2.054804667656313,100.000000000000000,3,31,31,33
5442,10103788,17,134170.804730445641326,5,50,45,23.058823529411764,12.614047203463729,392.000000000000000,13,18,5,18
5443,10103790,23,181525.206400014692917,3,38,35,12.608695652173912,6.863508612407346,290.000000000000000,11,11,6,11
5444,10103792,13,102601.203617399602081,8,22,14,13.692307692307692,4.793980446425504,178.000000000000000,8,12,11,12
5445,10103794,6,47354.401669569051592,9,46,37,32.666666666666664,11.484288784634815,196.000000000000000,6,9,9,34
5446,10103796,14,110493.603895661115530,6,20,14,13.357142857142858,4.368836766678008,187.000000000000000,10,9,6,14
5447,10103798,2,15784.800556523015985,33,44,11,38.500000000000000,5.500000000000000,77.000000000000000,2,33,33,33
5448,10103800,23,181525.206400014692917,4,21,17,11.000000000000000,4.708918457934716,253.000000000000000,12,7,4,11
5449,10103802,16,126278.404452184127877,1,48,47,17.250000000000000,13.603767860412791,276.000000000000000,13,30,4,13
5450,10103804,20,157848.005565230152570,5,35,30,15.000000000000000,9.214119599831555,300.000000000000000,13,7,5,11
5451,10103806,2,15784.800556523015985,13,34,21,23.500000000000000,10.500000000000000,47.000000000000000,2,13,13,13
5452,10103808,15,118386.004173922614427,7,41,34,22.333333333333332,10.866871163719985,335.000000000000000,13,7,8,23
5453,10103810,3,23677.200834784525796,6,24,18,15.666666666666666,7.408703590297625,47.000000000000000,3,6,6,17
5454,10103812,5,39462.001391307538142,3,36,33,18.600000000000001,11.909659944767524,93.000000000000000,5,3,3,18
5455,10103814,6,47354.401669569051592,7,36,29,21.500000000000000,12.107160415776002,129.000000000000000,5,11,7,11
5456,10103816,21,165740.405843491666019,1,26,25,13.047619047619047,6.106017254480874,274.000000000000000,13,12,1,12
5457,10103818,2,15784.800556523015985,6,18,12,12.000000000000000,6.000000000000000,24.000000000000000,2,6,6,6
5458,10103820,38,299911.210573937278241,2,38,36,16.631578947368421,8.414964904800881,632.000000000000000,24,16,2,16
5459,10103882,20,157848.005565230152570,2,35,33,22.550000000000001,7.638553527992060,451.000000000000000,13,22,2,22
5460,10103884,23,181525.206400014692917,4,14,10,9.521739130434783,3.062672393975012,219.000000000000000,10,9,4,9
5461,10103886,13,102601.203617399602081,1,47,46,22.230769230769230,12.668275616696683,289.000000000000000,12,20,1,23
5462,10103888,30,236772.008347845228855,4,24,20,14.033333333333333,5.431287958568291,421.000000000000000,17,8,4,13
5463,10103890,30,236772.008347845228855,5,39,34,15.033333333333333,8.615812336757472,451.000000000000000,17,13,5,13
5464,10103892,32,252556.808904368255753,1,29,28,10.937500000000000,6.891740981058414,350.000000000000000,21,7,1,9
5465,10103894,50,394620.013913075381424,1,40,39,16.920000000000002,9.738254463711655,846.000000000000000,29,14,1,15
5466,10103904,6,47354.401669569051592,3,16,13,7.333333333333333,4.678556282539400,44.000000000000000,5,4,3,4
5467,10103906,15,118386.004173922614427,3,42,39,23.066666666666666,13.388884278468547,346.000000000000000,13,30,3,30
5468,10103908,21,165740.405843491666019,2,22,20,7.190476190476191,6.169194186933961,151.000000000000000,10,4,5,5
5469,10103910,4,31569.601113046031969,6,10,4,7.500000000000000,1.500000000000000,30.000000000000000,3,7,6,7
5470,10103912,1,7892.400278261507992,14,14,0,14.000000000000000,0.000000000000000,14.000000000000000,1,14,14,14
5471,10103914,7,55246.801947830557765,4,15,11,8.428571428571429,4.593695768803865,59.000000000000000,4,4,15,5
5472,10103916,10,78924.002782615076285,7,45,38,25.199999999999999,13.926952286842949,252.000000000000000,8,10,7,25
5473,10103918,29,228879.608069583744509,1,58,57,21.689655172413794,13.347099512565842,629.000000000000000,22,8,1,21
5474,10103922,16,126278.404452184127877,2,16,14,9.562500000000000,3.904624661859319,153.000000000000000,8,11,2,10
5475,10103926,10,78924.002782615076285,3,26,23,15.199999999999999,7.096477999684068,152.000000000000000,8,11,3,17
5476,10103928,35,276234.009739152796101,2,49,47,19.971428571428572,12.559539832984589,699.000000000000000,22,9,2,17
5477,10103930,3,23677.200834784525796,2,18,16,12.000000000000000,7.118052168020874,36.000000000000000,3,2,2,16
5478,10103934,2,15784.800556523015985,7,31,24,19.000000000000000,12.000000000000000,38.000000000000000,2,7,7,7
5479,10103936,13,102601.203617399602081,6,41,35,16.538461538461540,10.888352171827997,215.000000000000000,11,6,10,13
5480,10103938,3,23677.200834784525796,34,43,9,40.000000000000000,4.242640687119285,120.000000000000000,2,43,34,43
5481,10103940,8,63139.202226092063938,2,22,20,12.625000000000000,7.313301238155037,101.000000000000000,8,2,2,15
5482,10103942,5,39462.001391307538142,5,15,10,9.800000000000001,3.544009029333869,49.000000000000000,5,5,5,10
5483,10103950,6,47354.401669569051592,8,34,26,20.000000000000000,10.311805532172013,120.000000000000000,6,8,8,12
5484,10103952,1,7892.400278261507992,8,8,0,8.000000000000000,0.000000000000000,8.000000000000000,1,8,8,8
5485,10103954,4,31569.601113046031969,3,19,16,10.250000000000000,6.533567172685990,41.000000000000000,4,3,3,5
5486,10103956,19,149955.605286968639120,3,20,17,12.526315789473685,5.547578144442676,238.000000000000000,12,16,3,13
5487,10103960,1,7892.400278261507992,24,24,0,24.000000000000000,0.000000000000000,24.000000000000000,1,24,24,24
5488,10103962,1,7892.400278261507992,17,17,0,17.000000000000000,0.000000000000000,17.000000000000000,1,17,17,17
5489,10103964,1,7892.400278261507992,17,17,0,17.000000000000000,0.000000000000000,17.000000000000000,1,17,17,17
5490,10103968,9,71031.602504353577388,8,33,25,13.333333333333334,7.164728420068226,120.000000000000000,5,11,8,11
5491,10103972,1,7892.400278261507992,39,39,0,39.000000000000000,0.000000000000000,39.000000000000000,1,39,39,39
5492,10103980,15,118386.004173922614427,4,33,29,14.333333333333334,8.186710097604665,215.000000000000000,12,11,4,11
5493,10103982,6,47354.401669569051592,3,15,12,8.500000000000000,3.640054944640259,51.000000000000000,5,7,3,7
5494,10103984,1,7892.400278261507992,37,37,0,37.000000000000000,0.000000000000000,37.000000000000000,1,37,37,37
5495,10105032,43,339373.211965244845487,1,27,26,13.209302325581396,8.088344009472889,568.000000000000000,19,1,6,14
5496,166157658,18,142063.205008707154775,1,12,11,5.666666666666667,3.496029493900505,102.000000000000000,10,2,4,6
5497,166157661,5,39462.001391307538142,3,9,6,5.800000000000000,2.135415650406263,29.000000000000000,5,3,3,6
5498,166157663,14,110493.603895661115530,1,14,13,6.142857142857143,3.888759311090342,86.000000000000000,9,1,6,5
5499,166157666,29,228879.608069583744509,1,23,22,6.827586206896552,6.164799773112535,198.000000000000000,15,1,6,4
5500,166157667,12,94708.803339138103183,6,24,18,10.916666666666666,5.122797629767895,131.000000000000000,8,10,8,10
5501,166157669,10,78924.002782615076285,1,12,11,3.600000000000000,3.104834939252005,36.000000000000000,5,3,6,3
5502,166157672,10,78924.002782615076285,1,11,10,5.600000000000000,3.498571136907181,56.000000000000000,9,2,1,4
5503,166157675,9,71031.602504353577388,4,14,10,8.222222222222221,3.852207960746605,74.000000000000000,6,4,6,8
5504,166157676,6,47354.401669569051592,2,11,9,6.500000000000000,2.692582403567252,39.000000000000000,4,7,2,7
5505,166157678,20,157848.005565230152570,1,12,11,6.000000000000000,2.915475947422650,120.000000000000000,9,6,5,6
5506,166157680,5,39462.001391307538142,3,14,11,9.600000000000000,5.003998401278722,48.000000000000000,4,14,3,13
5507,166157683,9,71031.602504353577388,4,13,9,9.777777777777779,3.359159212851325,88.000000000000000,5,12,8,12
5508,166157685,16,126278.404452184127877,2,14,12,7.562500000000000,4.107443700161939,121.000000000000000,10,2,4,7
5509,166157687,18,142063.205008707154775,1,17,16,7.055555555555555,5.190506528720618,127.000000000000000,10,2,1,6
5510,166157690,22,173632.806121753179468,1,24,23,6.181818181818182,6.278653327211639,136.000000000000000,9,4,11,4
5511,166157693,5,39462.001391307538142,2,21,19,13.400000000000000,7.310266752998825,67.000000000000000,5,2,2,16
5512,166157695,13,102601.203617399602081,2,22,20,9.461538461538462,6.488040887372168,123.000000000000000,12,3,2,8
5513,166157698,12,94708.803339138103183,5,24,19,9.000000000000000,5.275730597114805,108.000000000000000,8,5,8,7
5514,166157700,15,118386.004173922614427,3,21,18,10.133333333333333,5.771962885843563,152.000000000000000,10,3,4,11
5515,166157702,19,149955.605286968639120,5,32,27,16.473684210526315,7.336774144516474,313.000000000000000,14,7,5,17
5516,166157704,11,86816.403060876589734,4,21,17,11.818181818181818,5.457574916292230,130.000000000000000,9,9,4,9
5517,166157706,16,126278.404452184127877,4,22,18,11.937500000000000,5.030764728150184,191.000000000000000,12,11,4,11
5518,166157708,9,71031.602504353577388,3,37,34,20.666666666666668,11.065461781798554,186.000000000000000,9,3,3,18
5519,166157710,26,205202.407234799204161,1,21,20,8.692307692307692,6.093939175488726,226.000000000000000,17,3,2,6
5520,166157712,9,71031.602504353577388,7,15,8,11.555555555555555,2.629368792488717,104.000000000000000,6,14,7,11
5521,166157714,20,157848.005565230152570,3,26,23,12.750000000000000,7.244825739795264,255.000000000000000,13,3,4,15
5522,166157716,4,31569.601113046031969,2,5,3,2.750000000000000,1.299038105676658,11.000000000000000,2,2,5,2
5523,166157718,4,31569.601113046031969,2,3,1,2.500000000000000,0.500000000000000,10.000000000000000,2,2,2,2
5524,166157720,10,78924.002782615076285,2,26,24,9.800000000000001,7.730459236035075,98.000000000000000,8,2,4,6
5525,166157723,28,220987.207791322231060,1,31,30,6.892857142857143,6.919637096771796,193.000000000000000,11,2,6,5
5526,166157724,11,86816.403060876589734,1,6,5,2.272727272727273,1.710444338384253,25.000000000000000,5,1,2,1
5527,166157726,23,181525.206400014692917,2,28,26,12.826086956521738,8.180848121829335,295.000000000000000,16,11,5,11
5528,166157728,26,205202.407234799204161,5,32,27,17.461538461538460,7.692307692307693,454.000000000000000,16,8,5,15
5529,166157730,4,31569.601113046031969,1,6,5,3.750000000000000,2.277608394786075,15.000000000000000,3,6,1,2
5530,166157732,12,94708.803339138103183,2,31,29,10.916666666666666,10.299339245256897,131.000000000000000,10,3,2,5
5531,166157734,20,157848.005565230152570,3,23,20,9.050000000000001,5.044551516240070,181.000000000000000,11,8,3,8
5532,166157736,16,126278.404452184127877,2,15,13,5.687500000000000,3.254204011736203,91.000000000000000,8,3,4,6
5533,166157738,16,126278.404452184127877,2,19,17,7.562500000000000,4.227421643271463,121.000000000000000,11,5,2,6
5534,166157739,50,394620.013913075381424,1,29,28,8.840000000000000,6.503414487790241,442.000000000000000,19,6,14,6
5535,166157740,11,86816.403060876589734,1,24,23,11.272727272727273,6.579457135535354,124.000000000000000,10,13,1,11
5536,166157741,5,39462.001391307538142,1,18,17,8.199999999999999,6.046486583132390,41.000000000000000,4,5,1,5
5537,166157742,21,165740.405843491666019,1,15,14,8.904761904761905,4.093022656560819,187.000000000000000,11,5,1,10
5538,166157743,18,142063.205008707154775,1,17,16,3.888888888888889,3.956554181058857,70.000000000000000,7,2,3,2
5539,166157744,11,86816.403060876589734,6,23,17,12.545454545454545,4.849810424854232,138.000000000000000,7,6,11,12
5540,166157745,33,260449.209182629769202,2,24,22,10.606060606060606,6.203319707242752,350.000000000000000,16,2,18,10
5541,166157746,39,307803.610852198791690,1,12,11,5.358974358974359,2.475388386901984,209.000000000000000,10,5,12,5
5542,166157747,35,276234.009739152796101,1,18,17,5.228571428571429,2.928536585158575,183.000000000000000,11,4,1,4
5543,166157748,10,78924.002782615076285,1,9,8,5.400000000000000,2.497999199359359,54.000000000000000,8,6,1,6
5544,166157749,6,47354.401669569051592,1,15,14,8.000000000000000,4.546060565661952,48.000000000000000,6,1,1,7
5545,166157750,1,7892.400278261507992,18,18,0,18.000000000000000,0.000000000000000,18.000000000000000,1,18,18,18
5546,166157751,5,39462.001391307538142,2,13,11,5.000000000000000,4.289522117905443,25.000000000000000,3,2,6,2
5547,166157752,16,126278.404452184127877,1,9,8,2.687500000000000,2.171369095755026,43.000000000000000,6,1,3,2
5548,166157753,25,197310.006956537690712,1,13,12,4.920000000000000,2.798856909525744,123.000000000000000,10,3,1,4
5549,166157754,22,173632.806121753179468,1,15,14,4.909090909090909,4.198582995911087,108.000000000000000,9,1,13,3
5550,166157755,29,228879.608069583744509,3,17,14,8.241379310344827,4.198975017900350,239.000000000000000,13,4,3,7
5551,166157756,33,260449.209182629769202,2,13,11,6.090909090909091,3.241432870250686,201.000000000000000,11,6,4,6
5552,166157757,8,63139.202226092063938,1,13,12,4.875000000000000,3.333072906493346,39.000000000000000,5,5,1,4
5553,166157758,8,63139.202226092063938,1,15,14,7.125000000000000,4.781147874726320,57.000000000000000,6,5,1,5
5554,166157759,21,165740.405843491666019,3,18,15,8.809523809523810,5.132706031112054,185.000000000000000,10,4,7,7
5555,166157760,12,94708.803339138103183,1,6,5,3.583333333333333,1.656217242862649,43.000000000000000,6,3,2,3
5556,166157761,2,15784.800556523015985,1,2,1,1.500000000000000,0.500000000000000,3.000000000000000,2,1,1,1
5557,166157762,3,23677.200834784525796,1,2,1,1.666666666666667,0.471404520791031,5.000000000000000,2,2,1,2
5558,166157763,12,94708.803339138103183,3,22,19,9.416666666666666,5.392252672945594,113.000000000000000,9,4,3,8
5559,166157764,12,94708.803339138103183,1,11,10,3.666666666666667,3.771236166328253,44.000000000000000,5,1,3,2
5560,166157765,4,31569.601113046031969,1,4,3,2.250000000000000,1.299038105676658,9.000000000000000,3,1,3,1
5561,166157766,18,142063.205008707154775,2,13,11,6.666666666666667,2.867441755680876,120.000000000000000,10,8,2,6
5562,166157767,13,102601.203617399602081,1,25,24,5.153846153846154,5.998027289113208,67.000000000000000,7,2,1,3
5563,166157768,17,134170.804730445641326,1,8,7,2.588235294117647,2.276706174160427,44.000000000000000,6,1,3,2
5564,166157769,6,47354.401669569051592,5,27,22,14.000000000000000,8.850612031567836,84.000000000000000,4,5,25,11
5565,166157770,6,47354.401669569051592,1,3,2,2.000000000000000,0.577350269189626,12.000000000000000,3,2,1,2
5566,166157771,19,149955.605286968639120,1,6,5,3.315789473684211,1.452860393878133,63.000000000000000,6,2,1,3
5567,166157772,39,307803.610852198791690,1,14,13,3.923076923076923,2.849962801238258,153.000000000000000,11,2,6,3
5568,166157773,71,560360.419756567105651,1,30,29,8.436619718309860,6.140909677913138,599.000000000000000,20,3,18,7
5569,166157774,32,252556.808904368255753,1,25,24,10.125000000000000,6.794988962463441,324.000000000000000,16,11,1,8
5570,166157775,27,213094.807513060717611,1,10,9,4.666666666666667,2.993820796734996,126.000000000000000,10,2,8,4
5571,166157776,66,520898.418365259538405,1,25,24,6.303030303030303,5.172683779618682,416.000000000000000,17,5,11,5
5572,166157777,26,205202.407234799204161,1,20,19,6.500000000000000,4.534059142500493,169.000000000000000,11,3,1,5
5573,166161612,6,47354.401669569051592,1,2,1,1.500000000000000,0.500000000000000,9.000000000000000,2,1,1,1
5574,166161613,2,15784.800556523015985,4,14,10,9.000000000000000,5.000000000000000,18.000000000000000,2,4,4,4
5575,166161614,41,323588.411408721818589,3,39,36,21.073170731707318,8.586405147737588,864.000000000000000,24,18,3,22
5576,166161615,6,47354.401669569051592,5,19,14,12.833333333333334,5.112620550059321,77.000000000000000,6,5,5,14
5577,166161616,66,520898.418365259538405,1,29,28,9.696969696969697,6.060227260889412,640.000000000000000,20,5,13,9
5578,166161617,9,71031.602504353577388,7,22,15,13.777777777777779,4.540625942600565,124.000000000000000,6,10,7,12
5579,166161618,7,55246.801947830557765,15,25,10,20.571428571428573,3.811904018321802,144.000000000000000,6,25,15,20
5580,166161619,17,134170.804730445641326,2,15,13,7.647058823529412,3.480046931235068,130.000000000000000,8,5,2,8
5581,166161620,15,118386.004173922614427,1,13,12,5.133333333333334,3.499841266241783,77.000000000000000,9,1,2,5
5582,166161621,16,126278.404452184127877,1,21,20,9.437500000000000,5.396396367021237,151.000000000000000,11,8,1,8
5583,166161622,1,7892.400278261507992,3,3,0,3.000000000000000,0.000000000000000,3.000000000000000,1,3,3,3
5584,166161623,6,47354.401669569051592,3,11,8,7.333333333333333,2.867441755680877,44.000000000000000,6,3,3,6
5585,166161624,24,189417.606678276206367,2,26,24,15.166666666666666,6.767980168082319,364.000000000000000,19,24,2,14
5586,166161625,15,118386.004173922614427,6,18,12,12.466666666666667,4.047495796442809,187.000000000000000,9,17,9,13
5587,166174493,4,31569.601113046031969,7,16,9,11.000000000000000,4.062019202317980,44.000000000000000,3,7,14,7
5588,166174494,20,157848.005565230152570,2,26,24,10.100000000000000,6.840321629865076,202.000000000000000,15,4,2,7
5589,166174495,2,15784.800556523015985,14,20,6,17.000000000000000,3.000000000000000,34.000000000000000,2,14,14,14
5590,166174528,9,71031.602504353577388,7,21,14,12.333333333333334,4.294699575575041,111.000000000000000,8,11,7,11
5591,166174529,6,47354.401669569051592,2,10,8,4.666666666666667,3.144660377352201,28.000000000000000,4,2,8,3
5592,166174530,9,71031.602504353577388,1,17,16,5.444444444444445,5.187830013301668,49.000000000000000,7,1,2,3
5593,166174531,7,55246.801947830557765,3,12,9,6.142857142857143,2.587252896610690,43.000000000000000,4,6,3,6
5594,166174532,5,39462.001391307538142,8,17,9,12.000000000000000,3.521363372331802,60.000000000000000,4,8,13,13
5595,166174533,8,63139.202226092063938,1,37,36,11.875000000000000,10.276642204533541,95.000000000000000,7,9,1,9
5596,166174534,7,55246.801947830557765,6,29,23,15.714285714285714,7.185586479976739,110.000000000000000,6,19,6,17
5597,166174535,3,23677.200834784525796,5,17,12,10.333333333333334,4.988876515698587,31.000000000000000,3,5,5,9
5598,166174536,3,23677.200834784525796,2,5,3,4.000000000000000,1.414213562373095,12.000000000000000,2,5,2,5
5599,166174537,12,94708.803339138103183,2,27,25,12.333333333333334,7.442371187255368,148.000000000000000,11,7,2,11
5600,166174538,22,173632.806121753179468,4,22,18,10.136363636363637,4.575581975358231,223.000000000000000,13,6,5,9
5601,166174539,13,102601.203617399602081,1,22,21,9.000000000000000,7.411010519698169,117.000000000000000,11,1,2,6
5602,166174540,20,157848.005565230152570,2,14,12,7.500000000000000,4.031128874149275,150.000000000000000,10,3,2,7
5603,166174541,24,189417.606678276206367,2,22,20,10.625000000000000,4.617110387821947,255.000000000000000,12,7,2,9
5604,166174542,19,149955.605286968639120,1,24,23,12.473684210526315,6.141904565340518,237.000000000000000,14,6,1,13
5605,166174543,17,134170.804730445641326,2,27,25,9.882352941176471,6.858934516305133,168.000000000000000,12,2,4,8
5606,166174544,36,284126.410017414309550,1,24,23,10.527777777777779,5.299298229803173,379.000000000000000,17,9,4,10
5607,166174545,9,71031.602504353577388,1,28,27,12.111111111111111,11.249142628509215,109.000000000000000,6,2,1,5
5608,166174546,24,189417.606678276206367,2,28,26,13.083333333333334,8.061827060633064,314.000000000000000,15,6,5,9
5609,166174550,14,110493.603895661115530,4,19,15,10.214285714285714,4.768626208707006,143.000000000000000,8,11,6,9
5610,166174551,20,157848.005565230152570,4,21,17,10.949999999999999,4.821566135603661,219.000000000000000,13,4,6,10
5611,166174552,6,47354.401669569051592,7,14,7,10.833333333333334,2.477678124553082,65.000000000000000,3,10,7,10
5612,166174553,3,23677.200834784525796,5,18,13,10.000000000000000,5.715476066494082,30.000000000000000,3,5,5,7
5613,166174554,30,236772.008347845228855,1,31,30,11.266666666666667,9.201207650206696,338.000000000000000,17,3,4,9
5614,166174555,18,142063.205008707154775,5,24,19,14.833333333333334,4.549114687985393,267.000000000000000,12,16,5,14
5615,166174556,4,31569.601113046031969,1,5,4,3.250000000000000,1.785357107135713,13.000000000000000,3,5,1,2
5616,166174557,6,47354.401669569051592,3,12,9,6.166666666666667,3.077697552103231,37.000000000000000,4,3,5,5
5617,166174558,7,55246.801947830557765,1,13,12,7.428571428571429,4.655477353371521,52.000000000000000,5,3,1,9
5618,166443362,3,23677.200834784525796,17,51,34,28.666666666666668,15.797327481430379,86.000000000000000,3,17,17,18
5619,166443365,8,63139.202226092063938,3,22,19,10.875000000000000,6.253748875674495,87.000000000000000,8,3,3,10