OBJECTID,FEATURE,COUNT,AREA,SUM
1,4570503,45,40500.000000000000000,45.000000000000000
2,4570505,16,14400.000000000000000,16.000000000000000
3,4570507,5,4500.000000000000000,5.000000000000000
4,4570509,56,50400.000000000000000,56.000000000000000
5,4570513,108,97200.000000000000000,108.000000000000000
6,4570517,210,189000.000000000000000,210.000000000000000
7,4570521,746,671400.000000000000000,746.000000000000000
8,4570523,96,86400.000000000000000,96.000000000000000
9,4570529,59,53100.000000000000000,59.000000000000000
10,4570531,305,274500.000000000000000,305.000000000000000
11,4570533,214,192600.000000000000000,214.000000000000000
12,4570539,293,263700.000000000000000,293.000000000000000
13,4570541,220,198000.000000000000000,220.000000000000000
14,4570543,139,125100.000000000000000,139.000000000000000
15,4570545,1,900.000000000000000,1.000000000000000
16,4570547,3,2700.000000000000000,3.000000000000000
17,4570549,142,127800.000000000000000,142.000000000000000
18,4570555,101,90900.000000000000000,101.000000000000000
19,4570563,141,126900.000000000000000,141.000000000000000
20,4570569,39,35100.000000000000000,39.000000000000000
21,4570571,666,599400.000000000000000,666.000000000000000
22,4570579,10,9000.000000000000000,10.000000000000000
23,4570583,3,2700.000000000000000,3.000000000000000
24,4570589,91,81900.000000000000000,91.000000000000000
25,4570591,27,24300.000000000000000,27.000000000000000
26,4570595,71,63900.000000000000000,71.000000000000000
27,4570597,140,126000.000000000000000,140.000000000000000
28,4570599,3,2700.000000000000000,3.000000000000000
29,4570655,193,173700.000000000000000,193.000000000000000
30,4570657,232,208800.000000000000000,232.000000000000000
31,4570659,70,63000.000000000000000,70.000000000000000
32,4570677,17,15300.000000000000000,17.000000000000000
33,4570679,15,13500.000000000000000,15.000000000000000
34,4570691,22,19800.000000000000000,22.000000000000000
35,4571071,5,4500.000000000000000,5.000000000000000
36,4571073,5,4500.000000000000000,5.000000000000000
37,4571075,4,3600.000000000000000,4.000000000000000
38,4571077,40,36000.000000000000000,40.000000000000000
39,4571079,18,16200.000000000000000,18.000000000000000
40,4571081,36,32400.000000000000000,36.000000000000000
41,4571083,480,432000.000000000000000,480.000000000000000
42,4571089,452,406800.000000000000000,452.000000000000000
43,4571091,5,4500.000000000000000,5.000000000000000
44,4571101,34,30600.000000000000000,34.000000000000000
45,4571103,361,324900.000000000000000,361.000000000000000
46,4571105,15,13500.000000000000000,15.000000000000000
47,4571107,18,16200.000000000000000,18.000000000000000
48,4571109,3,2700.000000000000000,3.000000000000000
49,4571111,12,10800.000000000000000,12.000000000000000
50,4571113,4,3600.000000000000000,4.000000000000000
51,4571115,113,101700.000000000000000,113.000000000000000
52,4571117,61,54900.000000000000000,61.000000000000000
53,4571121,67,60300.000000000000000,67.000000000000000
54,4571123,103,92700.000000000000000,103.000000000000000
55,4571125,102,91800.000000000000000,102.000000000000000
56,4571131,33,29700.000000000000000,33.000000000000000
57,4571133,44,39600.000000000000000,44.000000000000000
58,4571135,35,31500.000000000000000,35.000000000000000
59,4571137,32,28800.000000000000000,32.000000000000000
60,4571139,384,345600.000000000000000,384.000000000000000
61,4571143,46,41400.000000000000000,46.000000000000000
62,4571145,13,11700.000000000000000,13.000000000000000
63,4571147,35,31500.000000000000000,35.000000000000000
64,4571149,104,93600.000000000000000,104.000000000000000
65,4571151,6,5400.000000000000000,6.000000000000000
66,4571153,64,57600.000000000000000,64.000000000000000
67,4571155,373,335700.000000000000000,373.000000000000000
68,4571165,1,900.000000000000000,1.000000000000000
69,4571189,137,123300.000000000000000,137.000000000000000
70,4571191,311,279900.000000000000000,311.000000000000000
71,4571193,6,5400.000000000000000,6.000000000000000
72,4571195,24,21600.000000000000000,24.000000000000000
73,4571197,141,126900.000000000000000,141.000000000000000
74,4571201,17,15300.000000000000000,17.000000000000000
75,4571203,18,16200.000000000000000,18.000000000000000
76,4571705,31,27900.000000000000000,31.000000000000000
77,4571709,138,124200.000000000000000,138.000000000000000
78,4571713,18,16200.000000000000000,18.000000000000000
79,4571715,13,11700.000000000000000,13.000000000000000
80,4571723,146,131400.000000000000000,146.000000000000000
81,4571725,66,59400.000000000000000,66.000000000000000
82,4571727,50,45000.000000000000000,50.000000000000000
83,4571729,102,91800.000000000000000,102.000000000000000
84,4571733,189,170100.000000000000000,189.000000000000000
85,4571737,28,25200.000000000000000,28.000000000000000
86,4571811,8,7200.000000000000000,8.000000000000000
87,4571813,21,18900.000000000000000,21.000000000000000
88,4572273,12,10800.000000000000000,12.000000000000000
89,4572275,2,1800.000000000000000,2.000000000000000
90,4572277,2,1800.000000000000000,2.000000000000000
91,4572281,940,846000.000000000000000,940.000000000000000
92,4572283,53,47700.000000000000000,53.000000000000000
93,4572285,17,15300.000000000000000,17.000000000000000
94,4572287,92,82800.000000000000000,92.000000000000000
95,4572289,36,32400.000000000000000,36.000000000000000
96,4572291,10,9000.000000000000000,10.000000000000000
97,4572293,18,16200.000000000000000,18.000000000000000
98,4572295,2,1800.000000000000000,2.000000000000000
99,4572297,19,17100.000000000000000,19.000000000000000
100,4572299,1,900.000000000000000,1.000000000000000
101,4572301,582,523800.000000000000000,582.000000000000000
102,4572303,60,54000.000000000000000,60.000000000000000
103,4572307,330,297000.000000000000000,330.000000000000000
104,4572309,29,26100.000000000000000,29.000000000000000
105,4572311,95,85500.000000000000000,95.000000000000000
106,4572313,501,450900.000000000000000,501.000000000000000
107,4572317,56,50400.000000000000000,56.000000000000000
108,4572347,11,9900.000000000000000,11.000000000000000
109,4572349,6,5400.000000000000000,6.000000000000000
110,4572353,28,25200.000000000000000,28.000000000000000
111,4572355,25,22500.000000000000000,25.000000000000000
112,4572357,102,91800.000000000000000,102.000000000000000
113,4572359,79,71100.000000000000000,79.000000000000000
114,4572361,34,30600.000000000000000,34.000000000000000
115,4572363,289,260100.000000000000000,289.000000000000000
116,4572365,87,78300.000000000000000,87.000000000000000
117,4572367,190,171000.000000000000000,190.000000000000000
118,4572369,105,94500.000000000000000,105.000000000000000
119,4572371,87,78300.000000000000000,87.000000000000000
120,4572379,239,215100.000000000000000,239.000000000000000
121,4572387,24,21600.000000000000000,24.000000000000000
122,4572391,195,175500.000000000000000,195.000000000000000
123,4572393,2,1800.000000000000000,2.000000000000000
124,4572395,113,101700.000000000000000,113.000000000000000
125,4572399,4,3600.000000000000000,4.000000000000000
126,4572405,220,198000.000000000000000,220.000000000000000
127,4572409,198,178200.000000000000000,198.000000000000000
128,4573737,387,348300.000000000000000,387.000000000000000
129,4573739,84,75600.000000000000000,84.000000000000000
130,4573743,105,94500.000000000000000,105.000000000000000
131,4573745,89,80100.000000000000000,89.000000000000000
132,4573747,270,243000.000000000000000,270.000000000000000
133,4573749,1,900.000000000000000,1.000000000000000
134,4573755,31,27900.000000000000000,31.000000000000000
135,4573757,185,166500.000000000000000,185.000000000000000
136,4573759,20,18000.000000000000000,20.000000000000000
137,4573761,55,49500.000000000000000,55.000000000000000
138,4573763,5,4500.000000000000000,5.000000000000000
139,4573765,2,1800.000000000000000,2.000000000000000
140,4573767,54,48600.000000000000000,54.000000000000000
141,4573769,176,158400.000000000000000,176.000000000000000
142,4573771,48,43200.000000000000000,48.000000000000000
143,4573773,3,2700.000000000000000,3.000000000000000
144,4573775,98,88200.000000000000000,98.000000000000000
145,4573777,1,900.000000000000000,1.000000000000000
146,4573779,93,83700.000000000000000,93.000000000000000
147,4573781,57,51300.000000000000000,57.000000000000000
148,4573783,4,3600.000000000000000,4.000000000000000
149,4573785,57,51300.000000000000000,57.000000000000000
150,4573787,76,68400.000000000000000,76.000000000000000
151,4573789,82,73800.000000000000000,82.000000000000000
152,4573791,74,66600.000000000000000,74.000000000000000
153,4573793,4,3600.000000000000000,4.000000000000000
154,4573795,7,6300.000000000000000,7.000000000000000
155,4573797,101,90900.000000000000000,101.000000000000000
156,4573799,61,54900.000000000000000,61.000000000000000
157,4573803,5,4500.000000000000000,5.000000000000000
158,4573815,18,16200.000000000000000,18.000000000000000
159,4573817,12,10800.000000000000000,12.000000000000000
160,4573819,4,3600.000000000000000,4.000000000000000
161,4573821,4,3600.000000000000000,4.000000000000000
162,4573825,21,18900.000000000000000,21.000000000000000
163,4573827,1,900.000000000000000,1.000000000000000
164,4573833,12,10800.000000000000000,12.000000000000000
165,4573835,15,13500.000000000000000,15.000000000000000
166,4573843,2,1800.000000000000000,2.000000000000000
167,4573845,9,8100.000000000000000,9.000000000000000
168,4573849,2,1800.000000000000000,2.000000000000000
169,4573851,11,9900.000000000000000,11.000000000000000
170,4573853,11,9900.000000000000000,11.000000000000000
171,4573857,7,6300.000000000000000,7.000000000000000
172,4573861,74,66600.000000000000000,74.000000000000000
173,4573863,53,47700.000000000000000,53.000000000000000
174,4573865,3,2700.000000000000000,3.000000000000000
175,4573867,18,16200.000000000000000,18.000000000000000
176,4573869,4,3600.000000000000000,4.000000000000000
177,4573871,4,3600.000000000000000,4.000000000000000
178,4573873,8,7200.000000000000000,8.000000000000000
179,4573903,125,112500.000000000000000,125.000000000000000
180,4573905,86,77400.000000000000000,86.000000000000000
181,4573907,171,153900.000000000000000,171.000000000000000
182,4573911,129,116100.000000000000000,129.000000000000000
183,4573913,94,84600.000000000000000,94.000000000000000
184,4573915,64,57600.000000000000000,64.000000000000000
185,4573917,4,3600.000000000000000,4.000000000000000
186,4573919,35,31500.000000000000000,35.000000000000000
187,4573921,306,275400.000000000000000,306.000000000000000
188,4573923,175,157500.000000000000000,175.000000000000000
189,4573925,8,7200.000000000000000,8.000000000000000
190,4573927,134,120600.000000000000000,134.000000000000000
191,4573929,8,7200.000000000000000,8.000000000000000
192,4573931,12,10800.000000000000000,12.000000000000000
193,4573933,12,10800.000000000000000,12.000000000000000
194,4573939,9,8100.000000000000000,9.000000000000000
195,4573941,3,2700.000000000000000,3.000000000000000
196,4573947,5,4500.000000000000000,5.000000000000000
197,4573949,20,18000.000000000000000,20.000000000000000
198,4573951,14,12600.000000000000000,14.000000000000000
199,4573953,7,6300.000000000000000,7.000000000000000
200,4573959,198,178200.000000000000000,198.000000000000000
201,4573971,2,1800.000000000000000,2.000000000000000
202,4573973,36,32400.000000000000000,36.000000000000000
203,4573983,26,23400.000000000000000,26.000000000000000
204,4573991,10,9000.000000000000000,10.000000000000000
205,4574005,2,1800.000000000000000,2.000000000000000
206,4574007,2,1800.000000000000000,2.000000000000000
207,4574473,1,900.000000000000000,1.000000000000000
208,4574477,17,15300.000000000000000,17.000000000000000
209,4574493,64,57600.000000000000000,64.000000000000000
210,4574495,3,2700.000000000000000,3.000000000000000
211,4574499,16,14400.000000000000000,16.000000000000000
212,4574501,19,17100.000000000000000,19.000000000000000
213,4574509,1,900.000000000000000,1.000000000000000
214,4574513,8,7200.000000000000000,8.000000000000000
215,4574519,1,900.000000000000000,1.000000000000000
216,4574527,2,1800.000000000000000,2.000000000000000
217,4574539,23,20700.000000000000000,23.000000000000000
218,4574541,1,900.000000000000000,1.000000000000000
219,4574549,16,14400.000000000000000,16.000000000000000
220,4574557,1,900.000000000000000,1.000000000000000
221,4574559,19,17100.000000000000000,19.000000000000000
222,4574561,9,8100.000000000000000,9.000000000000000
223,4574563,32,28800.000000000000000,32.000000000000000
224,4574581,7,6300.000000000000000,7.000000000000000
225,4574591,79,71100.000000000000000,79.000000000000000
226,4574597,6,5400.000000000000000,6.000000000000000
227,4574599,20,18000.000000000000000,20.000000000000000
228,4574617,24,21600.000000000000000,24.000000000000000
229,4574627,3,2700.000000000000000,3.000000000000000
230,4574633,10,9000.000000000000000,10.000000000000000
231,4574641,24,21600.000000000000000,24.000000000000000
232,4574643,1,900.000000000000000,1.000000000000000
233,4574647,7,6300.000000000000000,7.000000000000000
234,4574653,89,80100.000000000000000,89.000000000000000
235,4574655,6,5400.000000000000000,6.000000000000000
236,4574657,7,6300.000000000000000,7.000000000000000
237,4574659,6,5400.000000000000000,6.000000000000000
238,4574669,7,6300.000000000000000,7.000000000000000
239,4574671,1,900.000000000000000,1.000000000000000
240,4574675,8,7200.000000000000000,8.000000000000000
241,4574681,5,4500.000000000000000,5.000000000000000
242,4574683,17,15300.000000000000000,17.000000000000000
243,4574685,13,11700.000000000000000,13.000000000000000
244,4574689,4,3600.000000000000000,4.000000000000000
245,4574691,4,3600.000000000000000,4.000000000000000
246,4574695,2,1800.000000000000000,2.000000000000000
247,4574697,5,4500.000000000000000,5.000000000000000
248,4574703,1,900.000000000000000,1.000000000000000
249,4574705,7,6300.000000000000000,7.000000000000000
250,4574711,1,900.000000000000000,1.000000000000000
251,4574713,41,36900.000000000000000,41.000000000000000
252,4574719,1,900.000000000000000,1.000000000000000
253,4574721,9,8100.000000000000000,9.000000000000000
254,4574723,2,1800.000000000000000,2.000000000000000
255,4574725,27,24300.000000000000000,27.000000000000000
256,4574727,16,14400.000000000000000,16.000000000000000
257,4574729,9,8100.000000000000000,9.000000000000000
258,4574755,740,666000.000000000000000,740.000000000000000
259,4574761,14,12600.000000000000000,14.000000000000000
260,4574763,16,14400.000000000000000,16.000000000000000
261,4574765,14,12600.000000000000000,14.000000000000000
262,4574771,33,29700.000000000000000,33.000000000000000
263,4574773,3,2700.000000000000000,3.000000000000000
264,4574775,22,19800.000000000000000,22.000000000000000
265,4574777,1,900.000000000000000,1.000000000000000
266,4574779,7,6300.000000000000000,7.000000000000000
267,4574783,2,1800.000000000000000,2.000000000000000
268,4574785,35,31500.000000000000000,35.000000000000000
269,4574789,42,37800.000000000000000,42.000000000000000
270,4574791,1,900.000000000000000,1.000000000000000
271,4574797,10,9000.000000000000000,10.000000000000000
272,4574801,54,48600.000000000000000,54.000000000000000
273,4574805,45,40500.000000000000000,45.000000000000000
274,4574807,157,141300.000000000000000,157.000000000000000
275,4574811,35,31500.000000000000000,35.000000000000000
276,4574815,16,14400.000000000000000,16.000000000000000
277,4574819,2,1800.000000000000000,2.000000000000000
278,4574821,2,1800.000000000000000,2.000000000000000
279,4574823,7,6300.000000000000000,7.000000000000000
280,4574837,7,6300.000000000000000,7.000000000000000
281,4574839,73,65700.000000000000000,73.000000000000000
282,4574841,5,4500.000000000000000,5.000000000000000
283,4574857,5,4500.000000000000000,5.000000000000000
284,4574859,2,1800.000000000000000,2.000000000000000
285,4592089,7,6300.000000000000000,7.000000000000000
286,4592095,15,13500.000000000000000,15.000000000000000
287,4592097,40,36000.000000000000000,40.000000000000000
288,4592101,49,44100.000000000000000,49.000000000000000
289,4592107,79,71100.000000000000000,79.000000000000000
290,4592111,10,9000.000000000000000,10.000000000000000
291,4592113,146,131400.000000000000000,146.000000000000000
292,4592115,43,38700.000000000000000,43.000000000000000
293,4592119,51,45900.000000000000000,51.000000000000000
294,4592121,63,56700.000000000000000,63.000000000000000
295,4592125,50,45000.000000000000000,50.000000000000000
296,4592127,8,7200.000000000000000,8.000000000000000
297,4592129,14,12600.000000000000000,14.000000000000000
298,4592131,14,12600.000000000000000,14.000000000000000
299,4592135,21,18900.000000000000000,21.000000000000000
300,4592137,108,97200.000000000000000,108.000000000000000
301,4592139,38,34200.000000000000000,38.000000000000000
302,4592141,114,102600.000000000000000,114.000000000000000
303,4592145,30,27000.000000000000000,30.000000000000000
304,4592149,15,13500.000000000000000,15.000000000000000
305,4592151,3,2700.000000000000000,3.000000000000000
306,4592155,25,22500.000000000000000,25.000000000000000
307,4592157,62,55800.000000000000000,62.000000000000000
308,4592159,522,469800.000000000000000,522.000000000000000
309,4592161,8,7200.000000000000000,8.000000000000000
310,4592163,524,471600.000000000000000,524.000000000000000
311,4592165,58,52200.000000000000000,58.000000000000000
312,4592167,31,27900.000000000000000,31.000000000000000
313,4592169,7,6300.000000000000000,7.000000000000000
314,4592171,1,900.000000000000000,1.000000000000000
315,4592175,20,18000.000000000000000,20.000000000000000
316,4592177,134,120600.000000000000000,134.000000000000000
317,4592179,112,100800.000000000000000,112.000000000000000
318,4592187,167,150300.000000000000000,167.000000000000000
319,4592199,77,69300.000000000000000,77.000000000000000
320,4592201,64,57600.000000000000000,64.000000000000000
321,4592205,53,47700.000000000000000,53.000000000000000
322,4592207,56,50400.000000000000000,56.000000000000000
323,4592209,21,18900.000000000000000,21.000000000000000
324,4592211,65,58500.000000000000000,65.000000000000000
325,4592215,15,13500.000000000000000,15.000000000000000
326,4592217,203,182700.000000000000000,203.000000000000000
327,4592257,39,35100.000000000000000,39.000000000000000
328,4592259,13,11700.000000000000000,13.000000000000000
329,4592267,11,9900.000000000000000,11.000000000000000
330,4592271,63,56700.000000000000000,63.000000000000000
331,4592273,60,54000.000000000000000,60.000000000000000
332,4592275,110,99000.000000000000000,110.000000000000000
333,4592277,56,50400.000000000000000,56.000000000000000
334,4592279,15,13500.000000000000000,15.000000000000000
335,4592285,123,110700.000000000000000,123.000000000000000
336,4592289,13,11700.000000000000000,13.000000000000000
337,4592291,65,58500.000000000000000,65.000000000000000
338,4592293,46,41400.000000000000000,46.000000000000000
339,4592295,45,40500.000000000000000,45.000000000000000
340,4592297,145,130500.000000000000000,145.000000000000000
341,4592299,107,96300.000000000000000,107.000000000000000
342,4592301,60,54000.000000000000000,60.000000000000000
343,4592303,59,53100.000000000000000,59.000000000000000
344,4592305,315,283500.000000000000000,315.000000000000000
345,4592307,154,138600.000000000000000,154.000000000000000
346,4592311,132,118800.000000000000000,132.000000000000000
347,4592313,47,42300.000000000000000,47.000000000000000
348,4592315,2,1800.000000000000000,2.000000000000000
349,4592317,224,201600.000000000000000,224.000000000000000
350,4592323,82,73800.000000000000000,82.000000000000000
351,4592325,39,35100.000000000000000,39.000000000000000
352,4592327,5,4500.000000000000000,5.000000000000000
353,4592329,14,12600.000000000000000,14.000000000000000
354,4592331,26,23400.000000000000000,26.000000000000000
355,4592335,12,10800.000000000000000,12.000000000000000
356,4592341,24,21600.000000000000000,24.000000000000000
357,4592351,1,900.000000000000000,1.000000000000000
358,4592355,47,42300.000000000000000,47.000000000000000
359,4592357,15,13500.000000000000000,15.000000000000000
360,4592363,3,2700.000000000000000,3.000000000000000
361,4592365,37,33300.000000000000000,37.000000000000000
362,4592369,6,5400.000000000000000,6.000000000000000
363,4592375,37,33300.000000000000000,37.000000000000000
364,4592379,100,90000.000000000000000,100.000000000000000
365,4592383,442,397800.000000000000000,442.000000000000000
366,4592385,33,29700.000000000000000,33.000000000000000
367,4592387,83,74700.000000000000000,83.000000000000000
368,4592389,14,12600.000000000000000,14.000000000000000
369,4592391,326,293400.000000000000000,326.000000000000000
370,4592393,29,26100.000000000000000,29.000000000000000
371,4592395,31,27900.000000000000000,31.000000000000000
372,4592401,198,178200.000000000000000,198.000000000000000
373,4592403,3,2700.000000000000000,3.000000000000000
374,4592405,3,2700.000000000000000,3.000000000000000
375,4592413,14,12600.000000000000000,14.000000000000000
376,4592765,2,1800.000000000000000,2.000000000000000
377,4592771,10,9000.000000000000000,10.000000000000000
378,4592773,1,900.000000000000000,1.000000000000000
379,4592777,158,142200.000000000000000,158.000000000000000
380,4592779,124,111600.000000000000000,124.000000000000000
381,4592787,68,61200.000000000000000,68.000000000000000
382,4592795,168,151200.000000000000000,168.000000000000000
383,4592797,334,300600.000000000000000,334.000000000000000
384,4592807,76,68400.000000000000000,76.000000000000000
385,4592809,535,481500.000000000000000,535.000000000000000
386,4592811,406,365400.000000000000000,406.000000000000000
387,4592815,23,20700.000000000000000,23.000000000000000
388,4592819,164,147600.000000000000000,164.000000000000000
389,4592825,480,432000.000000000000000,480.000000000000000
390,4592833,295,265500.000000000000000,295.000000000000000
391,4592835,161,144900.000000000000000,161.000000000000000
392,4592837,23,20700.000000000000000,23.000000000000000
393,4592839,268,241200.000000000000000,268.000000000000000
394,4592845,581,522900.000000000000000,581.000000000000000
395,4592851,67,60300.000000000000000,67.000000000000000
396,4592853,1218,1096200.000000000000000,1218.000000000000000
397,4592859,43,38700.000000000000000,43.000000000000000
398,4592861,364,327600.000000000000000,364.000000000000000
399,4592863,9,8100.000000000000000,9.000000000000000
400,4592865,199,179100.000000000000000,199.000000000000000
401,4592867,17,15300.000000000000000,17.000000000000000
402,4592875,103,92700.000000000000000,103.000000000000000
403,4592879,76,68400.000000000000000,76.000000000000000
404,4592881,54,48600.000000000000000,54.000000000000000
405,4592887,17,15300.000000000000000,17.000000000000000
406,4592889,112,100800.000000000000000,112.000000000000000
407,4592899,133,119700.000000000000000,133.000000000000000
408,4592915,81,72900.000000000000000,81.000000000000000
409,4592923,80,72000.000000000000000,80.000000000000000
410,4592925,148,133200.000000000000000,148.000000000000000
411,4592929,6,5400.000000000000000,6.000000000000000
412,4592931,108,97200.000000000000000,108.000000000000000
413,4592937,73,65700.000000000000000,73.000000000000000
414,4592943,15,13500.000000000000000,15.000000000000000
415,4592949,25,22500.000000000000000,25.000000000000000
416,4592951,94,84600.000000000000000,94.000000000000000
417,4592953,45,40500.000000000000000,45.000000000000000
418,4592957,117,105300.000000000000000,117.000000000000000
419,4592961,78,70200.000000000000000,78.000000000000000
420,4592965,25,22500.000000000000000,25.000000000000000
421,4592967,11,9900.000000000000000,11.000000000000000
422,4592975,44,39600.000000000000000,44.000000000000000
423,4592981,531,477900.000000000000000,531.000000000000000
424,4592985,97,87300.000000000000000,97.000000000000000
425,4592987,86,77400.000000000000000,86.000000000000000
426,4592993,116,104400.000000000000000,116.000000000000000
427,4592995,11,9900.000000000000000,11.000000000000000
428,4592997,10,9000.000000000000000,10.000000000000000
429,4592999,138,124200.000000000000000,138.000000000000000
430,4593003,447,402300.000000000000000,447.000000000000000
431,4593005,20,18000.000000000000000,20.000000000000000
432,4593007,58,52200.000000000000000,58.000000000000000
433,4593009,35,31500.000000000000000,35.000000000000000
434,4593013,165,148500.000000000000000,165.000000000000000
435,4593015,308,277200.000000000000000,308.000000000000000
436,4593017,120,108000.000000000000000,120.000000000000000
437,4593019,166,149400.000000000000000,166.000000000000000
438,4593023,160,144000.000000000000000,160.000000000000000
439,4593027,270,243000.000000000000000,270.000000000000000
440,4593029,305,274500.000000000000000,305.000000000000000
441,4593031,101,90900.000000000000000,101.000000000000000
442,4593033,7,6300.000000000000000,7.000000000000000
443,4593035,10,9000.000000000000000,10.000000000000000
444,4593037,252,226800.000000000000000,252.000000000000000
445,4593045,17,15300.000000000000000,17.000000000000000
446,4593051,55,49500.000000000000000,55.000000000000000
447,4593059,41,36900.000000000000000,41.000000000000000
448,4593061,22,19800.000000000000000,22.000000000000000
449,4593083,3,2700.000000000000000,3.000000000000000
450,4593087,19,17100.000000000000000,19.000000000000000
451,4593089,18,16200.000000000000000,18.000000000000000
452,4593103,151,135900.000000000000000,151.000000000000000
453,4593175,290,261000.000000000000000,290.000000000000000
454,4593179,168,151200.000000000000000,168.000000000000000
455,4593181,187,168300.000000000000000,187.000000000000000
456,4593187,312,280800.000000000000000,312.000000000000000
457,4593197,72,64800.000000000000000,72.000000000000000
458,4593203,30,27000.000000000000000,30.000000000000000
459,4593223,62,55800.000000000000000,62.000000000000000
460,4593231,68,61200.000000000000000,68.000000000000000
461,4593233,45,40500.000000000000000,45.000000000000000
462,4593235,174,156600.000000000000000,174.000000000000000
463,4593237,35,31500.000000000000000,35.000000000000000
464,4593241,72,64800.000000000000000,72.000000000000000
465,4593251,31,27900.000000000000000,31.000000000000000
466,4593253,59,53100.000000000000000,59.000000000000000
467,4593261,299,269100.000000000000000,299.000000000000000
468,4593263,34,30600.000000000000000,34.000000000000000
469,4593265,65,58500.000000000000000,65.000000000000000
470,4593269,115,103500.000000000000000,115.000000000000000
471,4593271,109,98100.000000000000000,109.000000000000000
472,4593273,43,38700.000000000000000,43.000000000000000
473,4593277,16,14400.000000000000000,16.000000000000000
474,4593281,61,54900.000000000000000,61.000000000000000
475,4593289,3,2700.000000000000000,3.000000000000000
476,4593293,29,26100.000000000000000,29.000000000000000
477,4593295,4,3600.000000000000000,4.000000000000000
478,4593299,1,900.000000000000000,1.000000000000000
479,4593301,41,36900.000000000000000,41.000000000000000
480,4593311,16,14400.000000000000000,16.000000000000000
481,4593317,35,31500.000000000000000,35.000000000000000
482,4593321,15,13500.000000000000000,15.000000000000000
483,4593337,75,67500.000000000000000,75.000000000000000
484,4593339,4,3600.000000000000000,4.000000000000000
485,4593343,8,7200.000000000000000,8.000000000000000
486,4593345,19,17100.000000000000000,19.000000000000000
487,4593349,138,124200.000000000000000,138.000000000000000
488,4593353,23,20700.000000000000000,23.000000000000000
489,4593355,83,74700.000000000000000,83.000000000000000
490,4593363,478,430200.000000000000000,478.000000000000000
491,4593365,77,69300.000000000000000,77.000000000000000
492,4593393,47,42300.000000000000000,47.000000000000000
493,4593395,71,63900.000000000000000,71.000000000000000
494,4593883,8,7200.000000000000000,8.000000000000000
495,4593901,167,150300.000000000000000,167.000000000000000
496,4593905,13,11700.000000000000000,13.000000000000000
497,4593909,10,9000.000000000000000,10.000000000000000
498,4593911,48,43200.000000000000000,48.000000000000000
499,4593913,8,7200.000000000000000,8.000000000000000
500,4593917,29,26100.000000000000000,29.000000000000000
501,4593921,11,9900.000000000000000,11.000000000000000
502,4593923,31,27900.000000000000000,31.000000000000000
503,4593947,31,27900.000000000000000,31.000000000000000
504,4593953,25,22500.000000000000000,25.000000000000000
505,4593971,2,1800.000000000000000,2.000000000000000
506,4593981,18,16200.000000000000000,18.000000000000000
507,4593983,106,95400.000000000000000,106.000000000000000
508,4593989,7,6300.000000000000000,7.000000000000000
509,4593993,5,4500.000000000000000,5.000000000000000
510,4593995,63,56700.000000000000000,63.000000000000000
511,4593997,34,30600.000000000000000,34.000000000000000
512,4593999,175,157500.000000000000000,175.000000000000000
513,4594005,148,133200.000000000000000,148.000000000000000
514,4594009,3,2700.000000000000000,3.000000000000000
515,4594013,29,26100.000000000000000,29.000000000000000
516,4594017,29,26100.000000000000000,29.000000000000000
517,4594021,76,68400.000000000000000,76.000000000000000
518,4594025,43,38700.000000000000000,43.000000000000000
519,4594027,16,14400.000000000000000,16.000000000000000
520,4594029,83,74700.000000000000000,83.000000000000000
521,4594031,15,13500.000000000000000,15.000000000000000
522,4594035,694,624600.000000000000000,694.000000000000000
523,4594037,2,1800.000000000000000,2.000000000000000
524,4594039,70,63000.000000000000000,70.000000000000000
525,4594041,18,16200.000000000000000,18.000000000000000
526,4594043,13,11700.000000000000000,13.000000000000000
527,4594047,210,189000.000000000000000,210.000000000000000
528,4594049,112,100800.000000000000000,112.000000000000000
529,4594051,27,24300.000000000000000,27.000000000000000
530,4594053,80,72000.000000000000000,80.000000000000000
531,4594055,544,489600.000000000000000,544.000000000000000
532,4594057,15,13500.000000000000000,15.000000000000000
533,4594061,40,36000.000000000000000,40.000000000000000
534,4594065,6,5400.000000000000000,6.000000000000000
535,4594067,120,108000.000000000000000,120.000000000000000
536,4594073,14,12600.000000000000000,14.000000000000000
537,4594075,7,6300.000000000000000,7.000000000000000
538,4594077,44,39600.000000000000000,44.000000000000000
539,4594079,114,102600.000000000000000,114.000000000000000
540,4594081,51,45900.000000000000000,51.000000000000000
541,4594083,35,31500.000000000000000,35.000000000000000
542,4594085,121,108900.000000000000000,121.000000000000000
543,4594087,9,8100.000000000000000,9.000000000000000
544,4594089,5,4500.000000000000000,5.000000000000000
545,4594091,3,2700.000000000000000,3.000000000000000
546,4594099,36,32400.000000000000000,36.000000000000000
547,4594103,22,19800.000000000000000,22.000000000000000
548,4594105,67,60300.000000000000000,67.000000000000000
549,4594107,64,57600.000000000000000,64.000000000000000
550,4594113,2,1800.000000000000000,2.000000000000000
551,4594117,13,11700.000000000000000,13.000000000000000
552,4594123,192,172800.000000000000000,192.000000000000000
553,4594129,7,6300.000000000000000,7.000000000000000
554,4594131,30,27000.000000000000000,30.000000000000000
555,4594133,178,160200.000000000000000,178.000000000000000
556,4594135,90,81000.000000000000000,90.000000000000000
557,4594137,45,40500.000000000000000,45.000000000000000
558,4594143,20,18000.000000000000000,20.000000000000000
559,4594145,1,900.000000000000000,1.000000000000000
560,4594153,196,176400.000000000000000,196.000000000000000
561,4594159,7,6300.000000000000000,7.000000000000000
562,4594161,15,13500.000000000000000,15.000000000000000
563,4594163,197,177300.000000000000000,197.000000000000000
564,4594165,89,80100.000000000000000,89.000000000000000
565,4594167,63,56700.000000000000000,63.000000000000000
566,4594171,573,515700.000000000000000,573.000000000000000
567,4594177,123,110700.000000000000000,123.000000000000000
568,4594179,8,7200.000000000000000,8.000000000000000
569,4594183,44,39600.000000000000000,44.000000000000000
570,4594185,175,157500.000000000000000,175.000000000000000
571,4594187,10,9000.000000000000000,10.000000000000000
572,4594189,15,13500.000000000000000,15.000000000000000
573,4594195,10,9000.000000000000000,10.000000000000000
574,4594199,58,52200.000000000000000,58.000000000000000
575,4594201,141,126900.000000000000000,141.000000000000000
576,4594203,7,6300.000000000000000,7.000000000000000
577,4594207,14,12600.000000000000000,14.000000000000000
578,4594209,15,13500.000000000000000,15.000000000000000
579,4594211,48,43200.000000000000000,48.000000000000000
580,4594213,3,2700.000000000000000,3.000000000000000
581,4594215,288,259200.000000000000000,288.000000000000000
582,4594219,23,20700.000000000000000,23.000000000000000
583,4594221,18,16200.000000000000000,18.000000000000000
584,4594223,7,6300.000000000000000,7.000000000000000
585,4594225,13,11700.000000000000000,13.000000000000000
586,4594229,96,86400.000000000000000,96.000000000000000
587,4594231,125,112500.000000000000000,125.000000000000000
588,4594233,1,900.000000000000000,1.000000000000000
589,4594235,85,76500.000000000000000,85.000000000000000
590,4594239,11,9900.000000000000000,11.000000000000000
591,4594247,8,7200.000000000000000,8.000000000000000
592,4594249,26,23400.000000000000000,26.000000000000000
593,4594251,35,31500.000000000000000,35.000000000000000
594,4594259,287,258300.000000000000000,287.000000000000000
595,4594261,214,192600.000000000000000,214.000000000000000
596,4594265,1,900.000000000000000,1.000000000000000
597,4594267,11,9900.000000000000000,11.000000000000000
598,4594283,291,261900.000000000000000,291.000000000000000
599,4594285,24,21600.000000000000000,24.000000000000000
600,4594287,68,61200.000000000000000,68.000000000000000
601,4594289,146,131400.000000000000000,146.000000000000000
602,4594291,35,31500.000000000000000,35.000000000000000
603,4594297,15,13500.000000000000000,15.000000000000000
604,4594299,6,5400.000000000000000,6.000000000000000
605,4594301,5,4500.000000000000000,5.000000000000000
606,4594305,20,18000.000000000000000,20.000000000000000
607,4594307,105,94500.000000000000000,105.000000000000000
608,4594309,170,153000.000000000000000,170.000000000000000
609,4594311,37,33300.000000000000000,37.000000000000000
610,4594315,90,81000.000000000000000,90.000000000000000
611,4594319,55,49500.000000000000000,55.000000000000000
612,4594323,2,1800.000000000000000,2.000000000000000
613,4594325,61,54900.000000000000000,61.000000000000000
614,4594327,23,20700.000000000000000,23.000000000000000
615,4594331,17,15300.000000000000000,17.000000000000000
616,4594333,24,21600.000000000000000,24.000000000000000
617,4594335,182,163800.000000000000000,182.000000000000000
618,4594337,4,3600.000000000000000,4.000000000000000
619,4594341,42,37800.000000000000000,42.000000000000000
620,4594343,255,229500.000000000000000,255.000000000000000
621,4594347,23,20700.000000000000000,23.000000000000000
622,4594351,225,202500.000000000000000,225.000000000000000
623,4594355,10,9000.000000000000000,10.000000000000000
624,4594359,87,78300.000000000000000,87.000000000000000
625,4594361,47,42300.000000000000000,47.000000000000000
626,4594363,21,18900.000000000000000,21.000000000000000
627,4594367,34,30600.000000000000000,34.000000000000000
628,4594369,30,27000.000000000000000,30.000000000000000
629,4594371,223,200700.000000000000000,223.000000000000000
630,4594377,28,25200.000000000000000,28.000000000000000
631,4594381,34,30600.000000000000000,34.000000000000000
632,4594383,20,18000.000000000000000,20.000000000000000
633,4594389,159,143100.000000000000000,159.000000000000000
634,4594393,25,22500.000000000000000,25.000000000000000
635,4594395,23,20700.000000000000000,23.000000000000000
636,4594397,4,3600.000000000000000,4.000000000000000
637,4594399,59,53100.000000000000000,59.000000000000000
638,4594401,2,1800.000000000000000,2.000000000000000
639,4594407,26,23400.000000000000000,26.000000000000000
640,4594413,183,164700.000000000000000,183.000000000000000
641,4594415,7,6300.000000000000000,7.000000000000000
642,4594419,17,15300.000000000000000,17.000000000000000
643,4594423,8,7200.000000000000000,8.000000000000000
644,4594427,9,8100.000000000000000,9.000000000000000
645,4594433,73,65700.000000000000000,73.000000000000000
646,4594437,29,26100.000000000000000,29.000000000000000
647,4594439,3,2700.000000000000000,3.000000000000000
648,4594443,50,45000.000000000000000,50.000000000000000
649,4594445,132,118800.000000000000000,132.000000000000000
650,4594447,31,27900.000000000000000,31.000000000000000
651,4594451,17,15300.000000000000000,17.000000000000000
652,4594453,11,9900.000000000000000,11.000000000000000
653,4594455,1,900.000000000000000,1.000000000000000
654,4594473,11,9900.000000000000000,11.000000000000000
655,4594521,173,155700.000000000000000,173.000000000000000
656,4594525,39,35100.000000000000000,39.000000000000000
657,4594527,17,15300.000000000000000,17.000000000000000
658,4594531,8,7200.000000000000000,8.000000000000000
659,4594533,51,45900.000000000000000,51.000000000000000
660,4594535,35,31500.000000000000000,35.000000000000000
661,4594537,43,38700.000000000000000,43.000000000000000
662,4594539,93,83700.000000000000000,93.000000000000000
663,4594541,205,184500.000000000000000,205.000000000000000
664,4594547,21,18900.000000000000000,21.000000000000000
665,4594549,36,32400.000000000000000,36.000000000000000
666,4594551,42,37800.000000000000000,42.000000000000000
667,4594553,124,111600.000000000000000,124.000000000000000
668,4594555,15,13500.000000000000000,15.000000000000000
669,4594557,110,99000.000000000000000,110.000000000000000
670,4594559,23,20700.000000000000000,23.000000000000000
671,4594565,169,152100.000000000000000,169.000000000000000
672,4594567,20,18000.000000000000000,20.000000000000000
673,4594569,778,700200.000000000000000,778.000000000000000
674,4594571,86,77400.000000000000000,86.000000000000000
675,4594573,52,46800.000000000000000,52.000000000000000
676,4594579,56,50400.000000000000000,56.000000000000000
677,4594581,32,28800.000000000000000,32.000000000000000
678,4594587,29,26100.000000000000000,29.000000000000000
679,4594589,1,900.000000000000000,1.000000000000000
680,4594591,18,16200.000000000000000,18.000000000000000
681,4594593,27,24300.000000000000000,27.000000000000000
682,4594599,117,105300.000000000000000,117.000000000000000
683,4594609,17,15300.000000000000000,17.000000000000000
684,4594623,33,29700.000000000000000,33.000000000000000
685,4594631,2,1800.000000000000000,2.000000000000000
686,4594633,5,4500.000000000000000,5.000000000000000
687,4594635,125,112500.000000000000000,125.000000000000000
688,4594639,3,2700.000000000000000,3.000000000000000
689,4594643,18,16200.000000000000000,18.000000000000000
690,4594645,4,3600.000000000000000,4.000000000000000
691,4594649,18,16200.000000000000000,18.000000000000000
692,4594655,136,122400.000000000000000,136.000000000000000
693,4594661,1,900.000000000000000,1.000000000000000
694,4594665,3,2700.000000000000000,3.000000000000000
695,4594673,49,44100.000000000000000,49.000000000000000
696,4594679,25,22500.000000000000000,25.000000000000000
697,4594681,15,13500.000000000000000,15.000000000000000
698,4594683,3,2700.000000000000000,3.000000000000000
699,4594705,15,13500.000000000000000,15.000000000000000
700,4594711,11,9900.000000000000000,11.000000000000000
701,4594713,30,27000.000000000000000,30.000000000000000
702,4594715,28,25200.000000000000000,28.000000000000000
703,4594717,45,40500.000000000000000,45.000000000000000
704,4594723,49,44100.000000000000000,49.000000000000000
705,4594725,12,10800.000000000000000,12.000000000000000
706,4594733,1,900.000000000000000,1.000000000000000
707,4594743,26,23400.000000000000000,26.000000000000000
708,4594745,17,15300.000000000000000,17.000000000000000
709,4594747,46,41400.000000000000000,46.000000000000000
710,4594749,7,6300.000000000000000,7.000000000000000
711,4594755,4,3600.000000000000000,4.000000000000000
712,4594757,39,35100.000000000000000,39.000000000000000
713,4594759,2,1800.000000000000000,2.000000000000000
714,4594763,1,900.000000000000000,1.000000000000000
715,4594767,1,900.000000000000000,1.000000000000000
716,4594769,10,9000.000000000000000,10.000000000000000
717,4594771,283,254700.000000000000000,283.000000000000000
718,4594773,36,32400.000000000000000,36.000000000000000
719,4594775,116,104400.000000000000000,116.000000000000000
720,4594777,12,10800.000000000000000,12.000000000000000
721,4594779,9,8100.000000000000000,9.000000000000000
722,4594783,8,7200.000000000000000,8.000000000000000
723,4594785,17,15300.000000000000000,17.000000000000000
724,4594793,47,42300.000000000000000,47.000000000000000
725,4594795,13,11700.000000000000000,13.000000000000000
726,4594797,3,2700.000000000000000,3.000000000000000
727,4594799,100,90000.000000000000000,100.000000000000000
728,4594807,7,6300.000000000000000,7.000000000000000
729,4594809,49,44100.000000000000000,49.000000000000000
730,4594811,3,2700.000000000000000,3.000000000000000
731,4594813,187,168300.000000000000000,187.000000000000000
732,4594819,32,28800.000000000000000,32.000000000000000
733,4594823,111,99900.000000000000000,111.000000000000000
734,4594969,11,9900.000000000000000,11.000000000000000
735,4594973,38,34200.000000000000000,38.000000000000000
736,4594975,28,25200.000000000000000,28.000000000000000
737,4594977,36,32400.000000000000000,36.000000000000000
738,4594979,6,5400.000000000000000,6.000000000000000
739,4594983,34,30600.000000000000000,34.000000000000000
740,4594985,12,10800.000000000000000,12.000000000000000
741,4594987,94,84600.000000000000000,94.000000000000000
742,4594989,90,81000.000000000000000,90.000000000000000
743,4594991,85,76500.000000000000000,85.000000000000000
744,4594993,44,39600.000000000000000,44.000000000000000
745,4594995,60,54000.000000000000000,60.000000000000000
746,4594997,34,30600.000000000000000,34.000000000000000
747,4595001,71,63900.000000000000000,71.000000000000000
748,4595003,209,188100.000000000000000,209.000000000000000
749,4595009,43,38700.000000000000000,43.000000000000000
750,4595039,38,34200.000000000000000,38.000000000000000
751,4595043,105,94500.000000000000000,105.000000000000000
752,4595051,5,4500.000000000000000,5.000000000000000
753,4595053,25,22500.000000000000000,25.000000000000000
754,4595059,7,6300.000000000000000,7.000000000000000
755,4595063,37,33300.000000000000000,37.000000000000000
756,4595065,2,1800.000000000000000,2.000000000000000
757,4595069,79,71100.000000000000000,79.000000000000000
758,4595075,222,199800.000000000000000,222.000000000000000
759,4595077,6,5400.000000000000000,6.000000000000000
760,4595079,39,35100.000000000000000,39.000000000000000
761,4595083,350,315000.000000000000000,350.000000000000000
762,4595087,7,6300.000000000000000,7.000000000000000
763,4595101,90,81000.000000000000000,90.000000000000000
764,4596487,1,900.000000000000000,1.000000000000000
765,4596495,17,15300.000000000000000,17.000000000000000
766,6082741,73,65700.000000000000000,73.000000000000000
767,6082743,31,27900.000000000000000,31.000000000000000
768,6082747,125,112500.000000000000000,125.000000000000000
769,6082757,1,900.000000000000000,1.000000000000000
770,6082759,40,36000.000000000000000,40.000000000000000
771,6082761,33,29700.000000000000000,33.000000000000000
772,6082767,7,6300.000000000000000,7.000000000000000
773,6082769,19,17100.000000000000000,19.000000000000000
774,6082771,25,22500.000000000000000,25.000000000000000
775,6082779,38,34200.000000000000000,38.000000000000000
776,6082785,48,43200.000000000000000,48.000000000000000
777,6082789,77,69300.000000000000000,77.000000000000000
778,6082795,16,14400.000000000000000,16.000000000000000
779,6082801,40,36000.000000000000000,40.000000000000000
780,6082807,8,7200.000000000000000,8.000000000000000
781,6082809,38,34200.000000000000000,38.000000000000000
782,6082811,56,50400.000000000000000,56.000000000000000
783,6082813,4,3600.000000000000000,4.000000000000000
784,6082819,15,13500.000000000000000,15.000000000000000
785,6082823,20,18000.000000000000000,20.000000000000000
786,6082825,34,30600.000000000000000,34.000000000000000
787,6082857,5,4500.000000000000000,5.000000000000000
788,6082859,21,18900.000000000000000,21.000000000000000
789,6082861,5,4500.000000000000000,5.000000000000000
790,6082863,7,6300.000000000000000,7.000000000000000
791,6082865,212,190800.000000000000000,212.000000000000000
792,6082867,5,4500.000000000000000,5.000000000000000
793,6083323,5,4500.000000000000000,5.000000000000000
794,6083325,13,11700.000000000000000,13.000000000000000
795,6083337,29,26100.000000000000000,29.000000000000000
796,6083339,6,5400.000000000000000,6.000000000000000
797,6083341,1,900.000000000000000,1.000000000000000
798,6083345,1,900.000000000000000,1.000000000000000
799,6083351,12,10800.000000000000000,12.000000000000000
800,6083353,26,23400.000000000000000,26.000000000000000
801,6083357,20,18000.000000000000000,20.000000000000000
802,6083365,42,37800.000000000000000,42.000000000000000
803,6083367,4,3600.000000000000000,4.000000000000000
804,6083373,46,41400.000000000000000,46.000000000000000
805,6083375,74,66600.000000000000000,74.000000000000000
806,6083377,30,27000.000000000000000,30.000000000000000
807,6083383,25,22500.000000000000000,25.000000000000000
808,6083385,26,23400.000000000000000,26.000000000000000
809,6083393,2,1800.000000000000000,2.000000000000000
810,6083399,35,31500.000000000000000,35.000000000000000
811,6083405,25,22500.000000000000000,25.000000000000000
812,6083407,1,900.000000000000000,1.000000000000000
813,6083417,45,40500.000000000000000,45.000000000000000
814,6083425,54,48600.000000000000000,54.000000000000000
815,6083427,2,1800.000000000000000,2.000000000000000
816,6083439,14,12600.000000000000000,14.000000000000000
817,6083441,8,7200.000000000000000,8.000000000000000
818,6083457,21,18900.000000000000000,21.000000000000000
819,6083461,68,61200.000000000000000,68.000000000000000
820,6083465,41,36900.000000000000000,41.000000000000000
821,6083467,47,42300.000000000000000,47.000000000000000
822,6083479,38,34200.000000000000000,38.000000000000000
823,6083483,21,18900.000000000000000,21.000000000000000
824,6083489,15,13500.000000000000000,15.000000000000000
825,6083503,45,40500.000000000000000,45.000000000000000
826,6083505,48,43200.000000000000000,48.000000000000000
827,6083509,7,6300.000000000000000,7.000000000000000
828,6083525,8,7200.000000000000000,8.000000000000000
829,6083531,17,15300.000000000000000,17.000000000000000
830,6083537,9,8100.000000000000000,9.000000000000000
831,6083539,7,6300.000000000000000,7.000000000000000
832,6083541,1,900.000000000000000,1.000000000000000
833,6083547,266,239400.000000000000000,266.000000000000000
834,6083549,83,74700.000000000000000,83.000000000000000
835,6083553,64,57600.000000000000000,64.000000000000000
836,6083555,1,900.000000000000000,1.000000000000000
837,6083557,60,54000.000000000000000,60.000000000000000
838,6083559,1,900.000000000000000,1.000000000000000
839,6083561,81,72900.000000000000000,81.000000000000000
840,6083563,135,121500.000000000000000,135.000000000000000
841,6083565,34,30600.000000000000000,34.000000000000000
842,6083571,80,72000.000000000000000,80.000000000000000
843,6083573,6,5400.000000000000000,6.000000000000000
844,6083575,19,17100.000000000000000,19.000000000000000
845,6083577,7,6300.000000000000000,7.000000000000000
846,6083579,143,128700.000000000000000,143.000000000000000
847,6083581,50,45000.000000000000000,50.000000000000000
848,6083583,11,9900.000000000000000,11.000000000000000
849,6083585,130,117000.000000000000000,130.000000000000000
850,6083587,17,15300.000000000000000,17.000000000000000
851,6083589,38,34200.000000000000000,38.000000000000000
852,6083591,63,56700.000000000000000,63.000000000000000
853,6083597,3,2700.000000000000000,3.000000000000000
854,6083599,2,1800.000000000000000,2.000000000000000
855,6083601,21,18900.000000000000000,21.000000000000000
856,6083603,4,3600.000000000000000,4.000000000000000
857,6083607,270,243000.000000000000000,270.000000000000000
858,6083609,20,18000.000000000000000,20.000000000000000
859,6083611,25,22500.000000000000000,25.000000000000000
860,6083613,4,3600.000000000000000,4.000000000000000
861,6083615,18,16200.000000000000000,18.000000000000000
862,6083617,22,19800.000000000000000,22.000000000000000
863,6083619,6,5400.000000000000000,6.000000000000000
864,6083621,19,17100.000000000000000,19.000000000000000
865,6083623,26,23400.000000000000000,26.000000000000000
866,6083631,21,18900.000000000000000,21.000000000000000
867,6083633,3,2700.000000000000000,3.000000000000000
868,6083645,63,56700.000000000000000,63.000000000000000
869,6083647,7,6300.000000000000000,7.000000000000000
870,6083649,33,29700.000000000000000,33.000000000000000
871,6083651,1,900.000000000000000,1.000000000000000
872,6083653,5,4500.000000000000000,5.000000000000000
873,6083655,7,6300.000000000000000,7.000000000000000
874,6083657,86,77400.000000000000000,86.000000000000000
875,6083659,23,20700.000000000000000,23.000000000000000
876,6083661,35,31500.000000000000000,35.000000000000000
877,6083663,38,34200.000000000000000,38.000000000000000
878,6083669,61,54900.000000000000000,61.000000000000000
879,6083679,10,9000.000000000000000,10.000000000000000
880,6083693,13,11700.000000000000000,13.000000000000000
881,6083697,28,25200.000000000000000,28.000000000000000
882,6083699,10,9000.000000000000000,10.000000000000000
883,6083701,36,32400.000000000000000,36.000000000000000
884,6083703,13,11700.000000000000000,13.000000000000000
885,6083705,42,37800.000000000000000,42.000000000000000
886,6083717,3,2700.000000000000000,3.000000000000000
887,6083719,158,142200.000000000000000,158.000000000000000
888,6083723,3,2700.000000000000000,3.000000000000000
889,6083731,14,12600.000000000000000,14.000000000000000
890,6083733,18,16200.000000000000000,18.000000000000000
891,6083735,17,15300.000000000000000,17.000000000000000
892,6083737,1,900.000000000000000,1.000000000000000
893,6083739,23,20700.000000000000000,23.000000000000000
894,6083747,16,14400.000000000000000,16.000000000000000
895,6083749,24,21600.000000000000000,24.000000000000000
896,6083751,36,32400.000000000000000,36.000000000000000
897,6083753,2,1800.000000000000000,2.000000000000000
898,6083757,23,20700.000000000000000,23.000000000000000
899,6083759,3,2700.000000000000000,3.000000000000000
900,6083761,6,5400.000000000000000,6.000000000000000
901,6083763,59,53100.000000000000000,59.000000000000000
902,6083773,20,18000.000000000000000,20.000000000000000
903,6083779,41,36900.000000000000000,41.000000000000000
904,6083781,21,18900.000000000000000,21.000000000000000
905,6083783,29,26100.000000000000000,29.000000000000000
906,6083787,7,6300.000000000000000,7.000000000000000
907,6083793,27,24300.000000000000000,27.000000000000000
908,6083795,25,22500.000000000000000,25.000000000000000
909,6083801,11,9900.000000000000000,11.000000000000000
910,6083803,39,35100.000000000000000,39.000000000000000
911,6083805,2,1800.000000000000000,2.000000000000000
912,6083809,14,12600.000000000000000,14.000000000000000
913,6083811,187,168300.000000000000000,187.000000000000000
914,6083813,3,2700.000000000000000,3.000000000000000
915,6083821,1,900.000000000000000,1.000000000000000
916,6083823,2,1800.000000000000000,2.000000000000000
917,6083825,5,4500.000000000000000,5.000000000000000
918,6083829,54,48600.000000000000000,54.000000000000000
919,6083835,1,900.000000000000000,1.000000000000000
920,6083839,20,18000.000000000000000,20.000000000000000
921,6083843,3,2700.000000000000000,3.000000000000000
922,6083847,21,18900.000000000000000,21.000000000000000
923,6083849,57,51300.000000000000000,57.000000000000000
924,6083851,26,23400.000000000000000,26.000000000000000
925,6083853,5,4500.000000000000000,5.000000000000000
926,6083855,2,1800.000000000000000,2.000000000000000
927,6083857,5,4500.000000000000000,5.000000000000000
928,6083859,153,137700.000000000000000,153.000000000000000
929,6083861,86,77400.000000000000000,86.000000000000000
930,6083863,13,11700.000000000000000,13.000000000000000
931,6083865,73,65700.000000000000000,73.000000000000000
932,6083869,20,18000.000000000000000,20.000000000000000
933,6083871,35,31500.000000000000000,35.000000000000000
934,6083873,28,25200.000000000000000,28.000000000000000
935,6083877,34,30600.000000000000000,34.000000000000000
936,6083881,1,900.000000000000000,1.000000000000000
937,6083883,13,11700.000000000000000,13.000000000000000
938,6083885,53,47700.000000000000000,53.000000000000000
939,6083887,9,8100.000000000000000,9.000000000000000
940,6083891,23,20700.000000000000000,23.000000000000000
941,6083893,26,23400.000000000000000,26.000000000000000
942,6083895,176,158400.000000000000000,176.000000000000000
943,6083897,6,5400.000000000000000,6.000000000000000
944,6083901,12,10800.000000000000000,12.000000000000000
945,6083903,1,900.000000000000000,1.000000000000000
946,6083905,10,9000.000000000000000,10.000000000000000
947,6083907,29,26100.000000000000000,29.000000000000000
948,6083911,10,9000.000000000000000,10.000000000000000
949,6083913,47,42300.000000000000000,47.000000000000000
950,6083915,69,62100.000000000000000,69.000000000000000
951,6083917,178,160200.000000000000000,178.000000000000000
952,6083919,38,34200.000000000000000,38.000000000000000
953,6083921,74,66600.000000000000000,74.000000000000000
954,6083927,81,72900.000000000000000,81.000000000000000
955,6083933,43,38700.000000000000000,43.000000000000000
956,6083939,6,5400.000000000000000,6.000000000000000
957,6083943,2,1800.000000000000000,2.000000000000000
958,6083945,4,3600.000000000000000,4.000000000000000
959,6083947,149,134100.000000000000000,149.000000000000000
960,6083949,5,4500.000000000000000,5.000000000000000
961,6083951,2,1800.000000000000000,2.000000000000000
962,6083953,1,900.000000000000000,1.000000000000000
963,6083959,12,10800.000000000000000,12.000000000000000
964,6083961,17,15300.000000000000000,17.000000000000000
965,6083967,8,7200.000000000000000,8.000000000000000
966,6083969,39,35100.000000000000000,39.000000000000000
967,6083971,1,900.000000000000000,1.000000000000000
968,6083977,2,1800.000000000000000,2.000000000000000
969,6083979,8,7200.000000000000000,8.000000000000000
970,6083981,59,53100.000000000000000,59.000000000000000
971,6083983,45,40500.000000000000000,45.000000000000000
972,6083985,106,95400.000000000000000,106.000000000000000
973,6083987,23,20700.000000000000000,23.000000000000000
974,6083989,1,900.000000000000000,1.000000000000000
975,6083993,34,30600.000000000000000,34.000000000000000
976,6083995,11,9900.000000000000000,11.000000000000000
977,6084001,8,7200.000000000000000,8.000000000000000
978,6084003,18,16200.000000000000000,18.000000000000000
979,6084005,1,900.000000000000000,1.000000000000000
980,6084007,2,1800.000000000000000,2.000000000000000
981,6084009,21,18900.000000000000000,21.000000000000000
982,6084013,9,8100.000000000000000,9.000000000000000
983,6084017,8,7200.000000000000000,8.000000000000000
984,6084019,65,58500.000000000000000,65.000000000000000
985,6084021,9,8100.000000000000000,9.000000000000000
986,6084027,17,15300.000000000000000,17.000000000000000
987,6084029,5,4500.000000000000000,5.000000000000000
988,6084035,74,66600.000000000000000,74.000000000000000
989,6084037,37,33300.000000000000000,37.000000000000000
990,6084039,5,4500.000000000000000,5.000000000000000
991,6084043,24,21600.000000000000000,24.000000000000000
992,6084047,19,17100.000000000000000,19.000000000000000
993,6084051,2,1800.000000000000000,2.000000000000000
994,6084053,1,900.000000000000000,1.000000000000000
995,6084055,14,12600.000000000000000,14.000000000000000
996,6084057,5,4500.000000000000000,5.000000000000000
997,6084061,1,900.000000000000000,1.000000000000000
998,6084063,5,4500.000000000000000,5.000000000000000
999,6084065,1,900.000000000000000,1.000000000000000
1000,6084067,24,21600.000000000000000,24.000000000000000
1001,6084069,11,9900.000000000000000,11.000000000000000
1002,6084083,9,8100.000000000000000,9.000000000000000
1003,6084087,102,91800.000000000000000,102.000000000000000
1004,6084089,2,1800.000000000000000,2.000000000000000
1005,6084091,13,11700.000000000000000,13.000000000000000
1006,6084093,45,40500.000000000000000,45.000000000000000
1007,6084099,23,20700.000000000000000,23.000000000000000
1008,6084103,4,3600.000000000000000,4.000000000000000
1009,6084105,5,4500.000000000000000,5.000000000000000
1010,6084111,13,11700.000000000000000,13.000000000000000
1011,6084113,129,116100.000000000000000,129.000000000000000
1012,6084119,81,72900.000000000000000,81.000000000000000
1013,6084121,74,66600.000000000000000,74.000000000000000
1014,6084123,50,45000.000000000000000,50.000000000000000
1015,6084129,1,900.000000000000000,1.000000000000000
1016,6084133,1,900.000000000000000,1.000000000000000
1017,6084137,117,105300.000000000000000,117.000000000000000
1018,6084139,63,56700.000000000000000,63.000000000000000
1019,6084147,25,22500.000000000000000,25.000000000000000
1020,6084149,9,8100.000000000000000,9.000000000000000
1021,6084153,42,37800.000000000000000,42.000000000000000
1022,6084161,66,59400.000000000000000,66.000000000000000
1023,6084163,5,4500.000000000000000,5.000000000000000
1024,6084165,144,129600.000000000000000,144.000000000000000
1025,6084169,53,47700.000000000000000,53.000000000000000
1026,6084177,20,18000.000000000000000,20.000000000000000
1027,6084181,38,34200.000000000000000,38.000000000000000
1028,6084183,7,6300.000000000000000,7.000000000000000
1029,6084189,55,49500.000000000000000,55.000000000000000
1030,6084195,16,14400.000000000000000,16.000000000000000
1031,6084199,4,3600.000000000000000,4.000000000000000
1032,6084203,49,44100.000000000000000,49.000000000000000
1033,6084207,12,10800.000000000000000,12.000000000000000
1034,6084209,94,84600.000000000000000,94.000000000000000
1035,6084239,64,57600.000000000000000,64.000000000000000
1036,6084253,6,5400.000000000000000,6.000000000000000
1037,6084257,3,2700.000000000000000,3.000000000000000
1038,6084263,9,8100.000000000000000,9.000000000000000
1039,6084267,19,17100.000000000000000,19.000000000000000
1040,6084269,38,34200.000000000000000,38.000000000000000
1041,6084273,32,28800.000000000000000,32.000000000000000
1042,6084281,16,14400.000000000000000,16.000000000000000
1043,6084283,57,51300.000000000000000,57.000000000000000
1044,6084285,83,74700.000000000000000,83.000000000000000
1045,6084287,137,123300.000000000000000,137.000000000000000
1046,6084289,107,96300.000000000000000,107.000000000000000
1047,6084291,13,11700.000000000000000,13.000000000000000
1048,6084293,79,71100.000000000000000,79.000000000000000
1049,6084295,84,75600.000000000000000,84.000000000000000
1050,6084297,21,18900.000000000000000,21.000000000000000
1051,6084299,97,87300.000000000000000,97.000000000000000
1052,6084301,21,18900.000000000000000,21.000000000000000
1053,6084311,24,21600.000000000000000,24.000000000000000
1054,6084313,74,66600.000000000000000,74.000000000000000
1055,6084315,34,30600.000000000000000,34.000000000000000
1056,6084317,83,74700.000000000000000,83.000000000000000
1057,6084319,1,900.000000000000000,1.000000000000000
1058,6084325,53,47700.000000000000000,53.000000000000000
1059,6084329,93,83700.000000000000000,93.000000000000000
1060,6084331,41,36900.000000000000000,41.000000000000000
1061,6084335,14,12600.000000000000000,14.000000000000000
1062,6084337,73,65700.000000000000000,73.000000000000000
1063,6084339,67,60300.000000000000000,67.000000000000000
1064,6084345,5,4500.000000000000000,5.000000000000000
1065,6084347,1,900.000000000000000,1.000000000000000
1066,6084355,25,22500.000000000000000,25.000000000000000
1067,6084357,6,5400.000000000000000,6.000000000000000
1068,6084359,16,14400.000000000000000,16.000000000000000
1069,6084361,40,36000.000000000000000,40.000000000000000
1070,6084363,27,24300.000000000000000,27.000000000000000
1071,6084367,35,31500.000000000000000,35.000000000000000
1072,6084369,22,19800.000000000000000,22.000000000000000
1073,6084371,2,1800.000000000000000,2.000000000000000
1074,6084377,9,8100.000000000000000,9.000000000000000
1075,6084381,7,6300.000000000000000,7.000000000000000
1076,6084383,19,17100.000000000000000,19.000000000000000
1077,6084385,10,9000.000000000000000,10.000000000000000
1078,6084387,34,30600.000000000000000,34.000000000000000
1079,6084389,12,10800.000000000000000,12.000000000000000
1080,6084391,122,109800.000000000000000,122.000000000000000
1081,6084393,16,14400.000000000000000,16.000000000000000
1082,6084395,12,10800.000000000000000,12.000000000000000
1083,6084405,3,2700.000000000000000,3.000000000000000
1084,6084409,4,3600.000000000000000,4.000000000000000
1085,6084411,31,27900.000000000000000,31.000000000000000
1086,6084413,88,79200.000000000000000,88.000000000000000
1087,6084415,31,27900.000000000000000,31.000000000000000
1088,6084419,33,29700.000000000000000,33.000000000000000
1089,6084421,199,179100.000000000000000,199.000000000000000
1090,6084423,231,207900.000000000000000,231.000000000000000
1091,6084427,41,36900.000000000000000,41.000000000000000
1092,6084429,30,27000.000000000000000,30.000000000000000
1093,6084441,3,2700.000000000000000,3.000000000000000
1094,6084443,6,5400.000000000000000,6.000000000000000
1095,6084445,24,21600.000000000000000,24.000000000000000
1096,6084449,1,900.000000000000000,1.000000000000000
1097,6084453,23,20700.000000000000000,23.000000000000000
1098,6084457,16,14400.000000000000000,16.000000000000000
1099,6084461,6,5400.000000000000000,6.000000000000000
1100,6084463,18,16200.000000000000000,18.000000000000000
1101,6084467,16,14400.000000000000000,16.000000000000000
1102,6084477,10,9000.000000000000000,10.000000000000000
1103,6084483,6,5400.000000000000000,6.000000000000000
1104,6084487,24,21600.000000000000000,24.000000000000000
1105,6084491,43,38700.000000000000000,43.000000000000000
1106,6084497,22,19800.000000000000000,22.000000000000000
1107,6084499,24,21600.000000000000000,24.000000000000000
1108,6084505,48,43200.000000000000000,48.000000000000000
1109,6084517,4,3600.000000000000000,4.000000000000000
1110,6084519,1,900.000000000000000,1.000000000000000
1111,6084523,4,3600.000000000000000,4.000000000000000
1112,6084527,38,34200.000000000000000,38.000000000000000
1113,6084533,1,900.000000000000000,1.000000000000000
1114,6084537,10,9000.000000000000000,10.000000000000000
1115,6084539,173,155700.000000000000000,173.000000000000000
1116,6084577,35,31500.000000000000000,35.000000000000000
1117,6084593,9,8100.000000000000000,9.000000000000000
1118,6084595,2,1800.000000000000000,2.000000000000000
1119,6084599,10,9000.000000000000000,10.000000000000000
1120,6084603,1,900.000000000000000,1.000000000000000
1121,6084607,26,23400.000000000000000,26.000000000000000
1122,6084609,8,7200.000000000000000,8.000000000000000
1123,6084615,49,44100.000000000000000,49.000000000000000
1124,6084621,9,8100.000000000000000,9.000000000000000
1125,6084625,21,18900.000000000000000,21.000000000000000
1126,6084631,2,1800.000000000000000,2.000000000000000
1127,6086593,98,88200.000000000000000,98.000000000000000
1128,6088645,36,32400.000000000000000,36.000000000000000
1129,6088647,22,19800.000000000000000,22.000000000000000
1130,6088653,4,3600.000000000000000,4.000000000000000
1131,6088655,15,13500.000000000000000,15.000000000000000
1132,6088657,98,88200.000000000000000,98.000000000000000
1133,6088659,22,19800.000000000000000,22.000000000000000
1134,6088661,10,9000.000000000000000,10.000000000000000
1135,6088663,178,160200.000000000000000,178.000000000000000
1136,6088665,22,19800.000000000000000,22.000000000000000
1137,6088667,2,1800.000000000000000,2.000000000000000
1138,6088669,129,116100.000000000000000,129.000000000000000
1139,6088671,9,8100.000000000000000,9.000000000000000
1140,6088673,15,13500.000000000000000,15.000000000000000
1141,6088675,7,6300.000000000000000,7.000000000000000
1142,6088677,19,17100.000000000000000,19.000000000000000
1143,6088679,4,3600.000000000000000,4.000000000000000
1144,6088681,7,6300.000000000000000,7.000000000000000
1145,6088683,1,900.000000000000000,1.000000000000000
1146,6088685,42,37800.000000000000000,42.000000000000000
1147,6088689,14,12600.000000000000000,14.000000000000000
1148,6088695,23,20700.000000000000000,23.000000000000000
1149,6088697,15,13500.000000000000000,15.000000000000000
1150,6088699,20,18000.000000000000000,20.000000000000000
1151,6088701,104,93600.000000000000000,104.000000000000000
1152,6088703,6,5400.000000000000000,6.000000000000000
1153,6088709,125,112500.000000000000000,125.000000000000000
1154,6088711,3,2700.000000000000000,3.000000000000000
1155,6088713,1,900.000000000000000,1.000000000000000
1156,6088715,73,65700.000000000000000,73.000000000000000
1157,6088717,171,153900.000000000000000,171.000000000000000
1158,6088719,5,4500.000000000000000,5.000000000000000
1159,6088725,13,11700.000000000000000,13.000000000000000
1160,6088731,40,36000.000000000000000,40.000000000000000
1161,6088733,17,15300.000000000000000,17.000000000000000
1162,6088735,33,29700.000000000000000,33.000000000000000
1163,6088737,57,51300.000000000000000,57.000000000000000
1164,6088739,63,56700.000000000000000,63.000000000000000
1165,6088741,207,186300.000000000000000,207.000000000000000
1166,6088743,75,67500.000000000000000,75.000000000000000
1167,6088745,22,19800.000000000000000,22.000000000000000
1168,6088747,2,1800.000000000000000,2.000000000000000
1169,6088751,92,82800.000000000000000,92.000000000000000
1170,6088753,31,27900.000000000000000,31.000000000000000
1171,6088755,7,6300.000000000000000,7.000000000000000
1172,6088757,30,27000.000000000000000,30.000000000000000
1173,6088759,79,71100.000000000000000,79.000000000000000
1174,6088761,3,2700.000000000000000,3.000000000000000
1175,6088763,10,9000.000000000000000,10.000000000000000
1176,6088765,136,122400.000000000000000,136.000000000000000
1177,6088771,17,15300.000000000000000,17.000000000000000
1178,6088773,45,40500.000000000000000,45.000000000000000
1179,6088775,22,19800.000000000000000,22.000000000000000
1180,6088779,14,12600.000000000000000,14.000000000000000
1181,6088781,123,110700.000000000000000,123.000000000000000
1182,6088783,11,9900.000000000000000,11.000000000000000
1183,6088785,25,22500.000000000000000,25.000000000000000
1184,6088791,73,65700.000000000000000,73.000000000000000
1185,6088793,52,46800.000000000000000,52.000000000000000
1186,6088795,13,11700.000000000000000,13.000000000000000
1187,6088797,20,18000.000000000000000,20.000000000000000
1188,6088803,17,15300.000000000000000,17.000000000000000
1189,6088807,2,1800.000000000000000,2.000000000000000
1190,6088813,19,17100.000000000000000,19.000000000000000
1191,6088815,7,6300.000000000000000,7.000000000000000
1192,6088817,56,50400.000000000000000,56.000000000000000
1193,6088819,10,9000.000000000000000,10.000000000000000
1194,6088821,8,7200.000000000000000,8.000000000000000
1195,6088823,36,32400.000000000000000,36.000000000000000
1196,6088827,3,2700.000000000000000,3.000000000000000
1197,6088831,16,14400.000000000000000,16.000000000000000
1198,6088837,3,2700.000000000000000,3.000000000000000
1199,6088839,8,7200.000000000000000,8.000000000000000
1200,6088841,137,123300.000000000000000,137.000000000000000
1201,6088843,329,296100.000000000000000,329.000000000000000
1202,6088845,12,10800.000000000000000,12.000000000000000
1203,6088849,77,69300.000000000000000,77.000000000000000
1204,6088851,179,161100.000000000000000,179.000000000000000
1205,6088853,1,900.000000000000000,1.000000000000000
1206,6088855,60,54000.000000000000000,60.000000000000000
1207,6088861,41,36900.000000000000000,41.000000000000000
1208,6088863,77,69300.000000000000000,77.000000000000000
1209,6088867,12,10800.000000000000000,12.000000000000000
1210,6088871,2,1800.000000000000000,2.000000000000000
1211,6088873,12,10800.000000000000000,12.000000000000000
1212,6088877,50,45000.000000000000000,50.000000000000000
1213,6088879,51,45900.000000000000000,51.000000000000000
1214,6088881,88,79200.000000000000000,88.000000000000000
1215,6088885,99,89100.000000000000000,99.000000000000000
1216,6088887,4,3600.000000000000000,4.000000000000000
1217,6088889,46,41400.000000000000000,46.000000000000000
1218,6088891,1,900.000000000000000,1.000000000000000
1219,6088893,143,128700.000000000000000,143.000000000000000
1220,6088895,124,111600.000000000000000,124.000000000000000
1221,6088897,40,36000.000000000000000,40.000000000000000
1222,6088899,69,62100.000000000000000,69.000000000000000
1223,6088901,9,8100.000000000000000,9.000000000000000
1224,6088903,50,45000.000000000000000,50.000000000000000
1225,6088905,59,53100.000000000000000,59.000000000000000
1226,6088907,34,30600.000000000000000,34.000000000000000
1227,6088909,11,9900.000000000000000,11.000000000000000
1228,6088911,120,108000.000000000000000,120.000000000000000
1229,6088915,190,171000.000000000000000,190.000000000000000
1230,6088921,50,45000.000000000000000,50.000000000000000
1231,6088923,2,1800.000000000000000,2.000000000000000
1232,6088925,3,2700.000000000000000,3.000000000000000
1233,6088929,31,27900.000000000000000,31.000000000000000
1234,6088933,41,36900.000000000000000,41.000000000000000
1235,6088935,195,175500.000000000000000,195.000000000000000
1236,6088939,62,55800.000000000000000,62.000000000000000
1237,6088941,1,900.000000000000000,1.000000000000000
1238,6088945,206,185400.000000000000000,206.000000000000000
1239,6088947,5,4500.000000000000000,5.000000000000000
1240,6088951,23,20700.000000000000000,23.000000000000000
1241,6088955,47,42300.000000000000000,47.000000000000000
1242,6088957,149,134100.000000000000000,149.000000000000000
1243,6088963,58,52200.000000000000000,58.000000000000000
1244,6088965,418,376200.000000000000000,418.000000000000000
1245,6088967,47,42300.000000000000000,47.000000000000000
1246,6088993,35,31500.000000000000000,35.000000000000000
1247,6088995,6,5400.000000000000000,6.000000000000000
1248,6088999,6,5400.000000000000000,6.000000000000000
1249,6089001,16,14400.000000000000000,16.000000000000000
1250,6089003,133,119700.000000000000000,133.000000000000000
1251,6089005,28,25200.000000000000000,28.000000000000000
1252,6089007,298,268200.000000000000000,298.000000000000000
1253,6089009,175,157500.000000000000000,175.000000000000000
1254,6089011,18,16200.000000000000000,18.000000000000000
1255,6089013,20,18000.000000000000000,20.000000000000000
1256,6089021,42,37800.000000000000000,42.000000000000000
1257,6089023,16,14400.000000000000000,16.000000000000000
1258,6089025,27,24300.000000000000000,27.000000000000000
1259,6089027,66,59400.000000000000000,66.000000000000000
1260,6089029,495,445500.000000000000000,495.000000000000000
1261,6089031,40,36000.000000000000000,40.000000000000000
1262,6089037,9,8100.000000000000000,9.000000000000000
1263,6089039,14,12600.000000000000000,14.000000000000000
1264,6089041,54,48600.000000000000000,54.000000000000000
1265,6089043,90,81000.000000000000000,90.000000000000000
1266,6089045,112,100800.000000000000000,112.000000000000000
1267,6089047,153,137700.000000000000000,153.000000000000000
1268,6089049,19,17100.000000000000000,19.000000000000000
1269,6089053,280,252000.000000000000000,280.000000000000000
1270,6089055,27,24300.000000000000000,27.000000000000000
1271,6089061,1,900.000000000000000,1.000000000000000
1272,6089077,5,4500.000000000000000,5.000000000000000
1273,6089083,24,21600.000000000000000,24.000000000000000
1274,6089089,5,4500.000000000000000,5.000000000000000
1275,6089091,82,73800.000000000000000,82.000000000000000
1276,6089093,25,22500.000000000000000,25.000000000000000
1277,6089095,1,900.000000000000000,1.000000000000000
1278,6089101,9,8100.000000000000000,9.000000000000000
1279,6089109,8,7200.000000000000000,8.000000000000000
1280,6089113,192,172800.000000000000000,192.000000000000000
1281,6089115,4,3600.000000000000000,4.000000000000000
1282,6089117,1,900.000000000000000,1.000000000000000
1283,6089595,215,193500.000000000000000,215.000000000000000
1284,6089597,25,22500.000000000000000,25.000000000000000
1285,6089599,15,13500.000000000000000,15.000000000000000
1286,6089603,23,20700.000000000000000,23.000000000000000
1287,6089609,99,89100.000000000000000,99.000000000000000
1288,6089611,22,19800.000000000000000,22.000000000000000
1289,6089613,17,15300.000000000000000,17.000000000000000
1290,6089615,55,49500.000000000000000,55.000000000000000
1291,6089617,76,68400.000000000000000,76.000000000000000
1292,6089619,9,8100.000000000000000,9.000000000000000
1293,6089621,23,20700.000000000000000,23.000000000000000
1294,6089623,26,23400.000000000000000,26.000000000000000
1295,6089625,41,36900.000000000000000,41.000000000000000
1296,6089627,20,18000.000000000000000,20.000000000000000
1297,6089629,7,6300.000000000000000,7.000000000000000
1298,6089633,8,7200.000000000000000,8.000000000000000
1299,6089635,3,2700.000000000000000,3.000000000000000
1300,6089637,8,7200.000000000000000,8.000000000000000
1301,6089639,45,40500.000000000000000,45.000000000000000
1302,6089641,123,110700.000000000000000,123.000000000000000
1303,6089645,7,6300.000000000000000,7.000000000000000
1304,6089647,29,26100.000000000000000,29.000000000000000
1305,6089649,8,7200.000000000000000,8.000000000000000
1306,6089657,136,122400.000000000000000,136.000000000000000
1307,6089659,16,14400.000000000000000,16.000000000000000
1308,6089661,2,1800.000000000000000,2.000000000000000
1309,6089663,9,8100.000000000000000,9.000000000000000
1310,6089665,26,23400.000000000000000,26.000000000000000
1311,6089669,1,900.000000000000000,1.000000000000000
1312,6089671,25,22500.000000000000000,25.000000000000000
1313,6089673,83,74700.000000000000000,83.000000000000000
1314,6089675,10,9000.000000000000000,10.000000000000000
1315,6089677,83,74700.000000000000000,83.000000000000000
1316,6089687,15,13500.000000000000000,15.000000000000000
1317,6089693,39,35100.000000000000000,39.000000000000000
1318,6089695,11,9900.000000000000000,11.000000000000000
1319,6089697,61,54900.000000000000000,61.000000000000000
1320,6089699,14,12600.000000000000000,14.000000000000000
1321,6089701,21,18900.000000000000000,21.000000000000000
1322,6089703,3,2700.000000000000000,3.000000000000000
1323,6089713,18,16200.000000000000000,18.000000000000000
1324,6089717,87,78300.000000000000000,87.000000000000000
1325,6089721,3,2700.000000000000000,3.000000000000000
1326,6089725,2,1800.000000000000000,2.000000000000000
1327,6089727,59,53100.000000000000000,59.000000000000000
1328,6089729,98,88200.000000000000000,98.000000000000000
1329,6089731,12,10800.000000000000000,12.000000000000000
1330,6089733,12,10800.000000000000000,12.000000000000000
1331,6089735,3,2700.000000000000000,3.000000000000000
1332,6089737,24,21600.000000000000000,24.000000000000000
1333,6089739,6,5400.000000000000000,6.000000000000000
1334,6089743,2,1800.000000000000000,2.000000000000000
1335,6089751,10,9000.000000000000000,10.000000000000000
1336,6089753,19,17100.000000000000000,19.000000000000000
1337,6089757,104,93600.000000000000000,104.000000000000000
1338,6089759,37,33300.000000000000000,37.000000000000000
1339,6089761,2,1800.000000000000000,2.000000000000000
1340,6089763,15,13500.000000000000000,15.000000000000000
1341,6089765,88,79200.000000000000000,88.000000000000000
1342,6089769,3,2700.000000000000000,3.000000000000000
1343,6089771,6,5400.000000000000000,6.000000000000000
1344,6089773,32,28800.000000000000000,32.000000000000000
1345,6089777,7,6300.000000000000000,7.000000000000000
1346,6089783,11,9900.000000000000000,11.000000000000000
1347,6089785,49,44100.000000000000000,49.000000000000000
1348,6089789,27,24300.000000000000000,27.000000000000000
1349,6089791,15,13500.000000000000000,15.000000000000000
1350,6089793,14,12600.000000000000000,14.000000000000000
1351,6089797,23,20700.000000000000000,23.000000000000000
1352,6089799,32,28800.000000000000000,32.000000000000000
1353,6089801,96,86400.000000000000000,96.000000000000000
1354,6089803,30,27000.000000000000000,30.000000000000000
1355,6089805,176,158400.000000000000000,176.000000000000000
1356,6089807,83,74700.000000000000000,83.000000000000000
1357,6089809,53,47700.000000000000000,53.000000000000000
1358,6089811,5,4500.000000000000000,5.000000000000000
1359,6089813,15,13500.000000000000000,15.000000000000000
1360,6089815,2,1800.000000000000000,2.000000000000000
1361,6089817,116,104400.000000000000000,116.000000000000000
1362,6089821,2,1800.000000000000000,2.000000000000000
1363,6089823,7,6300.000000000000000,7.000000000000000
1364,6089825,3,2700.000000000000000,3.000000000000000
1365,6089827,12,10800.000000000000000,12.000000000000000
1366,6089829,24,21600.000000000000000,24.000000000000000
1367,6089833,12,10800.000000000000000,12.000000000000000
1368,6089835,19,17100.000000000000000,19.000000000000000
1369,6089837,2,1800.000000000000000,2.000000000000000
1370,6089839,56,50400.000000000000000,56.000000000000000
1371,6089841,372,334800.000000000000000,372.000000000000000
1372,6089845,55,49500.000000000000000,55.000000000000000
1373,6089847,16,14400.000000000000000,16.000000000000000
1374,6089849,11,9900.000000000000000,11.000000000000000
1375,6089851,78,70200.000000000000000,78.000000000000000
1376,6089855,47,42300.000000000000000,47.000000000000000
1377,6089857,16,14400.000000000000000,16.000000000000000
1378,6089859,18,16200.000000000000000,18.000000000000000
1379,6089861,8,7200.000000000000000,8.000000000000000
1380,6089863,1,900.000000000000000,1.000000000000000
1381,6089865,59,53100.000000000000000,59.000000000000000
1382,6089867,13,11700.000000000000000,13.000000000000000
1383,6089875,94,84600.000000000000000,94.000000000000000
1384,6089877,18,16200.000000000000000,18.000000000000000
1385,6089879,6,5400.000000000000000,6.000000000000000
1386,6089883,13,11700.000000000000000,13.000000000000000
1387,6089887,32,28800.000000000000000,32.000000000000000
1388,6089897,9,8100.000000000000000,9.000000000000000
1389,6089899,16,14400.000000000000000,16.000000000000000
1390,6089905,16,14400.000000000000000,16.000000000000000
1391,6089907,31,27900.000000000000000,31.000000000000000
1392,6089909,6,5400.000000000000000,6.000000000000000
1393,6089913,72,64800.000000000000000,72.000000000000000
1394,6089919,32,28800.000000000000000,32.000000000000000
1395,6089925,6,5400.000000000000000,6.000000000000000
1396,6089927,3,2700.000000000000000,3.000000000000000
1397,6089929,7,6300.000000000000000,7.000000000000000
1398,6089931,17,15300.000000000000000,17.000000000000000
1399,6089933,6,5400.000000000000000,6.000000000000000
1400,6089935,11,9900.000000000000000,11.000000000000000
1401,6089939,22,19800.000000000000000,22.000000000000000
1402,6089945,22,19800.000000000000000,22.000000000000000
1403,6089947,2,1800.000000000000000,2.000000000000000
1404,6089949,26,23400.000000000000000,26.000000000000000
1405,6089953,58,52200.000000000000000,58.000000000000000
1406,6089955,70,63000.000000000000000,70.000000000000000
1407,6089957,3,2700.000000000000000,3.000000000000000
1408,6089965,44,39600.000000000000000,44.000000000000000
1409,6089967,9,8100.000000000000000,9.000000000000000
1410,6089969,4,3600.000000000000000,4.000000000000000
1411,6089971,113,101700.000000000000000,113.000000000000000
1412,6089975,18,16200.000000000000000,18.000000000000000
1413,6089977,1,900.000000000000000,1.000000000000000
1414,6089979,66,59400.000000000000000,66.000000000000000
1415,6089981,33,29700.000000000000000,33.000000000000000
1416,6089983,36,32400.000000000000000,36.000000000000000
1417,6089987,16,14400.000000000000000,16.000000000000000
1418,6089989,24,21600.000000000000000,24.000000000000000
1419,6089993,5,4500.000000000000000,5.000000000000000
1420,6089995,34,30600.000000000000000,34.000000000000000
1421,6089997,55,49500.000000000000000,55.000000000000000
1422,6089999,4,3600.000000000000000,4.000000000000000
1423,6090001,36,32400.000000000000000,36.000000000000000
1424,6090003,12,10800.000000000000000,12.000000000000000
1425,6090005,105,94500.000000000000000,105.000000000000000
1426,6090009,7,6300.000000000000000,7.000000000000000
1427,6090013,262,235800.000000000000000,262.000000000000000
1428,6090015,39,35100.000000000000000,39.000000000000000
1429,6090017,18,16200.000000000000000,18.000000000000000
1430,6090021,21,18900.000000000000000,21.000000000000000
1431,6090023,75,67500.000000000000000,75.000000000000000
1432,6090025,2,1800.000000000000000,2.000000000000000
1433,6090027,27,24300.000000000000000,27.000000000000000
1434,6090029,21,18900.000000000000000,21.000000000000000
1435,6090033,29,26100.000000000000000,29.000000000000000
1436,6090039,52,46800.000000000000000,52.000000000000000
1437,6090055,68,61200.000000000000000,68.000000000000000
1438,6090057,2,1800.000000000000000,2.000000000000000
1439,6090059,104,93600.000000000000000,104.000000000000000
1440,6090069,2,1800.000000000000000,2.000000000000000
1441,6090073,32,28800.000000000000000,32.000000000000000
1442,6090075,22,19800.000000000000000,22.000000000000000
1443,6090077,20,18000.000000000000000,20.000000000000000
1444,6090079,27,24300.000000000000000,27.000000000000000
1445,6090081,3,2700.000000000000000,3.000000000000000
1446,6090083,74,66600.000000000000000,74.000000000000000
1447,6090085,36,32400.000000000000000,36.000000000000000
1448,6090087,160,144000.000000000000000,160.000000000000000
1449,6090093,16,14400.000000000000000,16.000000000000000
1450,6090095,8,7200.000000000000000,8.000000000000000
1451,6090097,9,8100.000000000000000,9.000000000000000
1452,6090105,3,2700.000000000000000,3.000000000000000
1453,6090109,26,23400.000000000000000,26.000000000000000
1454,6090115,3,2700.000000000000000,3.000000000000000
1455,6090117,5,4500.000000000000000,5.000000000000000
1456,6090119,10,9000.000000000000000,10.000000000000000
1457,6090121,52,46800.000000000000000,52.000000000000000
1458,6090123,11,9900.000000000000000,11.000000000000000
1459,6090125,16,14400.000000000000000,16.000000000000000
1460,6090127,16,14400.000000000000000,16.000000000000000
1461,6090129,1,900.000000000000000,1.000000000000000
1462,6090131,4,3600.000000000000000,4.000000000000000
1463,6090133,14,12600.000000000000000,14.000000000000000
1464,6090151,22,19800.000000000000000,22.000000000000000
1465,6090155,21,18900.000000000000000,21.000000000000000
1466,6090157,6,5400.000000000000000,6.000000000000000
1467,6090159,402,361800.000000000000000,402.000000000000000
1468,6090161,48,43200.000000000000000,48.000000000000000
1469,6090163,107,96300.000000000000000,107.000000000000000
1470,6090167,62,55800.000000000000000,62.000000000000000
1471,6090169,7,6300.000000000000000,7.000000000000000
1472,6090171,2,1800.000000000000000,2.000000000000000
1473,6090173,56,50400.000000000000000,56.000000000000000
1474,6090177,19,17100.000000000000000,19.000000000000000
1475,6090179,16,14400.000000000000000,16.000000000000000
1476,6090183,17,15300.000000000000000,17.000000000000000
1477,6090185,91,81900.000000000000000,91.000000000000000
1478,6090187,1,900.000000000000000,1.000000000000000
1479,6090189,1,900.000000000000000,1.000000000000000
1480,6090191,46,41400.000000000000000,46.000000000000000
1481,6090193,11,9900.000000000000000,11.000000000000000
1482,6090195,3,2700.000000000000000,3.000000000000000
1483,6090199,20,18000.000000000000000,20.000000000000000
1484,6090201,50,45000.000000000000000,50.000000000000000
1485,6090207,27,24300.000000000000000,27.000000000000000
1486,6090209,12,10800.000000000000000,12.000000000000000
1487,6090211,9,8100.000000000000000,9.000000000000000
1488,6090213,26,23400.000000000000000,26.000000000000000
1489,6090215,30,27000.000000000000000,30.000000000000000
1490,6090221,52,46800.000000000000000,52.000000000000000
1491,6090225,14,12600.000000000000000,14.000000000000000
1492,6090231,24,21600.000000000000000,24.000000000000000
1493,6090233,3,2700.000000000000000,3.000000000000000
1494,6090239,28,25200.000000000000000,28.000000000000000
1495,6090243,191,171900.000000000000000,191.000000000000000
1496,6090245,88,79200.000000000000000,88.000000000000000
1497,6090255,19,17100.000000000000000,19.000000000000000
1498,6090257,13,11700.000000000000000,13.000000000000000
1499,6090267,24,21600.000000000000000,24.000000000000000
1500,6090271,38,34200.000000000000000,38.000000000000000
1501,6090281,6,5400.000000000000000,6.000000000000000
1502,6090285,15,13500.000000000000000,15.000000000000000
1503,6090287,35,31500.000000000000000,35.000000000000000
1504,6090291,7,6300.000000000000000,7.000000000000000
1505,6090295,44,39600.000000000000000,44.000000000000000
1506,6090297,40,36000.000000000000000,40.000000000000000
1507,6090299,57,51300.000000000000000,57.000000000000000
1508,6776475,1,900.000000000000000,1.000000000000000
1509,6776513,4,3600.000000000000000,4.000000000000000
1510,6777019,1,900.000000000000000,1.000000000000000
1511,6777021,25,22500.000000000000000,25.000000000000000
1512,6777147,49,44100.000000000000000,49.000000000000000
1513,9325930,47,42300.000000000000000,47.000000000000000
1514,9325932,4,3600.000000000000000,4.000000000000000
1515,9325936,21,18900.000000000000000,21.000000000000000
1516,9325960,74,66600.000000000000000,74.000000000000000
1517,9325962,58,52200.000000000000000,58.000000000000000
1518,9325980,183,164700.000000000000000,183.000000000000000
1519,9325988,9,8100.000000000000000,9.000000000000000
1520,9326020,26,23400.000000000000000,26.000000000000000
1521,9326028,110,99000.000000000000000,110.000000000000000
1522,9326114,17,15300.000000000000000,17.000000000000000
1523,9326116,104,93600.000000000000000,104.000000000000000
1524,9326122,20,18000.000000000000000,20.000000000000000
1525,9326126,188,169200.000000000000000,188.000000000000000
1526,9326128,263,236700.000000000000000,263.000000000000000
1527,9326130,4,3600.000000000000000,4.000000000000000
1528,9326132,44,39600.000000000000000,44.000000000000000
1529,9326136,196,176400.000000000000000,196.000000000000000
1530,9326138,22,19800.000000000000000,22.000000000000000
1531,9326142,3,2700.000000000000000,3.000000000000000
1532,9326146,2,1800.000000000000000,2.000000000000000
1533,9326148,155,139500.000000000000000,155.000000000000000
1534,9326150,21,18900.000000000000000,21.000000000000000
1535,9326156,6,5400.000000000000000,6.000000000000000
1536,9326158,13,11700.000000000000000,13.000000000000000
1537,9326190,75,67500.000000000000000,75.000000000000000
1538,9326192,6,5400.000000000000000,6.000000000000000
1539,9326194,13,11700.000000000000000,13.000000000000000
1540,9326196,67,60300.000000000000000,67.000000000000000
1541,9326198,19,17100.000000000000000,19.000000000000000
1542,9326204,17,15300.000000000000000,17.000000000000000
1543,9326206,387,348300.000000000000000,387.000000000000000
1544,9326214,152,136800.000000000000000,152.000000000000000
1545,9326220,366,329400.000000000000000,366.000000000000000
1546,9326222,36,32400.000000000000000,36.000000000000000
1547,9326224,1107,996300.000000000000000,1107.000000000000000
1548,9326228,11,9900.000000000000000,11.000000000000000
1549,9326242,1,900.000000000000000,1.000000000000000
1550,9326304,82,73800.000000000000000,82.000000000000000
1551,9326306,3,2700.000000000000000,3.000000000000000
1552,9326312,27,24300.000000000000000,27.000000000000000
1553,9326314,13,11700.000000000000000,13.000000000000000
1554,9326338,4,3600.000000000000000,4.000000000000000
1555,9326342,6,5400.000000000000000,6.000000000000000
1556,9326344,4,3600.000000000000000,4.000000000000000
1557,9326350,12,10800.000000000000000,12.000000000000000
1558,9326352,8,7200.000000000000000,8.000000000000000
1559,9326354,58,52200.000000000000000,58.000000000000000
1560,9326356,2,1800.000000000000000,2.000000000000000
1561,9326360,16,14400.000000000000000,16.000000000000000
1562,9326368,22,19800.000000000000000,22.000000000000000
1563,9326372,96,86400.000000000000000,96.000000000000000
1564,9326430,6,5400.000000000000000,6.000000000000000
1565,9326438,1,900.000000000000000,1.000000000000000
1566,9326710,6,5400.000000000000000,6.000000000000000
1567,9326712,2,1800.000000000000000,2.000000000000000
1568,9326716,64,57600.000000000000000,64.000000000000000
1569,9326718,3,2700.000000000000000,3.000000000000000
1570,9326720,2,1800.000000000000000,2.000000000000000
1571,9326722,152,136800.000000000000000,152.000000000000000
1572,9326724,39,35100.000000000000000,39.000000000000000
1573,9326726,14,12600.000000000000000,14.000000000000000
1574,9326732,21,18900.000000000000000,21.000000000000000
1575,9326736,23,20700.000000000000000,23.000000000000000
1576,9326738,39,35100.000000000000000,39.000000000000000
1577,9326742,39,35100.000000000000000,39.000000000000000
1578,9326744,28,25200.000000000000000,28.000000000000000
1579,9326746,10,9000.000000000000000,10.000000000000000
1580,9326752,6,5400.000000000000000,6.000000000000000
1581,9326762,341,306900.000000000000000,341.000000000000000
1582,9326764,123,110700.000000000000000,123.000000000000000
1583,9326768,178,160200.000000000000000,178.000000000000000
1584,9326770,24,21600.000000000000000,24.000000000000000
1585,9326772,74,66600.000000000000000,74.000000000000000
1586,9326776,14,12600.000000000000000,14.000000000000000
1587,9326778,6,5400.000000000000000,6.000000000000000
1588,9326780,8,7200.000000000000000,8.000000000000000
1589,9326784,37,33300.000000000000000,37.000000000000000
1590,9326786,52,46800.000000000000000,52.000000000000000
1591,9326792,2,1800.000000000000000,2.000000000000000
1592,9326796,24,21600.000000000000000,24.000000000000000
1593,9326800,5,4500.000000000000000,5.000000000000000
1594,9326802,30,27000.000000000000000,30.000000000000000
1595,9326804,36,32400.000000000000000,36.000000000000000
1596,9326806,111,99900.000000000000000,111.000000000000000
1597,9326812,18,16200.000000000000000,18.000000000000000
1598,9326834,23,20700.000000000000000,23.000000000000000
1599,9326836,60,54000.000000000000000,60.000000000000000
1600,9326838,76,68400.000000000000000,76.000000000000000
1601,9326842,70,63000.000000000000000,70.000000000000000
1602,9326848,3,2700.000000000000000,3.000000000000000
1603,9326854,17,15300.000000000000000,17.000000000000000
1604,9326856,103,92700.000000000000000,103.000000000000000
1605,9326858,26,23400.000000000000000,26.000000000000000
1606,9326860,55,49500.000000000000000,55.000000000000000
1607,9326866,18,16200.000000000000000,18.000000000000000
1608,9326880,6,5400.000000000000000,6.000000000000000
1609,9326884,18,16200.000000000000000,18.000000000000000
1610,9326888,204,183600.000000000000000,204.000000000000000
1611,9326892,34,30600.000000000000000,34.000000000000000
1612,9326894,1,900.000000000000000,1.000000000000000
1613,9326896,9,8100.000000000000000,9.000000000000000
1614,9326898,8,7200.000000000000000,8.000000000000000
1615,9326902,35,31500.000000000000000,35.000000000000000
1616,9326904,10,9000.000000000000000,10.000000000000000
1617,9326906,19,17100.000000000000000,19.000000000000000
1618,9326908,14,12600.000000000000000,14.000000000000000
1619,9326910,42,37800.000000000000000,42.000000000000000
1620,9326912,48,43200.000000000000000,48.000000000000000
1621,9326914,24,21600.000000000000000,24.000000000000000
1622,9326920,15,13500.000000000000000,15.000000000000000
1623,9326922,25,22500.000000000000000,25.000000000000000
1624,9326924,6,5400.000000000000000,6.000000000000000
1625,9326926,27,24300.000000000000000,27.000000000000000
1626,9326932,9,8100.000000000000000,9.000000000000000
1627,9326940,1,900.000000000000000,1.000000000000000
1628,9326942,13,11700.000000000000000,13.000000000000000
1629,9326956,3,2700.000000000000000,3.000000000000000
1630,9326960,30,27000.000000000000000,30.000000000000000
1631,9326964,1,900.000000000000000,1.000000000000000
1632,9326974,12,10800.000000000000000,12.000000000000000
1633,9326978,12,10800.000000000000000,12.000000000000000
1634,9326980,79,71100.000000000000000,79.000000000000000
1635,9326982,36,32400.000000000000000,36.000000000000000
1636,9326988,4,3600.000000000000000,4.000000000000000
1637,9326990,44,39600.000000000000000,44.000000000000000
1638,9326992,43,38700.000000000000000,43.000000000000000
1639,9326996,59,53100.000000000000000,59.000000000000000
1640,9326998,1,900.000000000000000,1.000000000000000
1641,9327002,12,10800.000000000000000,12.000000000000000
1642,9327004,172,154800.000000000000000,172.000000000000000
1643,9327012,8,7200.000000000000000,8.000000000000000
1644,9327014,30,27000.000000000000000,30.000000000000000
1645,9327016,1,900.000000000000000,1.000000000000000
1646,9327020,8,7200.000000000000000,8.000000000000000
1647,9327024,34,30600.000000000000000,34.000000000000000
1648,9327026,13,11700.000000000000000,13.000000000000000
1649,9327028,37,33300.000000000000000,37.000000000000000
1650,9327030,12,10800.000000000000000,12.000000000000000
1651,9327034,104,93600.000000000000000,104.000000000000000
1652,9327042,106,95400.000000000000000,106.000000000000000
1653,9327050,29,26100.000000000000000,29.000000000000000
1654,9327052,37,33300.000000000000000,37.000000000000000
1655,9327058,95,85500.000000000000000,95.000000000000000
1656,9327060,95,85500.000000000000000,95.000000000000000
1657,9327062,5,4500.000000000000000,5.000000000000000
1658,9327064,101,90900.000000000000000,101.000000000000000
1659,9327066,7,6300.000000000000000,7.000000000000000
1660,9327068,7,6300.000000000000000,7.000000000000000
1661,9327070,157,141300.000000000000000,157.000000000000000
1662,9327082,64,57600.000000000000000,64.000000000000000
1663,9327092,49,44100.000000000000000,49.000000000000000
1664,9327098,32,28800.000000000000000,32.000000000000000
1665,9327100,43,38700.000000000000000,43.000000000000000
1666,9327102,149,134100.000000000000000,149.000000000000000
1667,9327104,13,11700.000000000000000,13.000000000000000
1668,9327110,10,9000.000000000000000,10.000000000000000
1669,9327112,28,25200.000000000000000,28.000000000000000
1670,9327114,39,35100.000000000000000,39.000000000000000
1671,9327116,35,31500.000000000000000,35.000000000000000
1672,9327118,1,900.000000000000000,1.000000000000000
1673,9327124,303,272700.000000000000000,303.000000000000000
1674,9327126,12,10800.000000000000000,12.000000000000000
1675,9327128,73,65700.000000000000000,73.000000000000000
1676,9327132,44,39600.000000000000000,44.000000000000000
1677,9327134,93,83700.000000000000000,93.000000000000000
1678,9327136,42,37800.000000000000000,42.000000000000000
1679,9327138,57,51300.000000000000000,57.000000000000000
1680,9327140,91,81900.000000000000000,91.000000000000000
1681,9327142,4,3600.000000000000000,4.000000000000000
1682,9327144,20,18000.000000000000000,20.000000000000000
1683,9327150,16,14400.000000000000000,16.000000000000000
1684,9327152,17,15300.000000000000000,17.000000000000000
1685,9327156,36,32400.000000000000000,36.000000000000000
1686,9327158,20,18000.000000000000000,20.000000000000000
1687,9327160,32,28800.000000000000000,32.000000000000000
1688,9327162,255,229500.000000000000000,255.000000000000000
1689,9327164,9,8100.000000000000000,9.000000000000000
1690,9327166,5,4500.000000000000000,5.000000000000000
1691,9327168,88,79200.000000000000000,88.000000000000000
1692,9327170,15,13500.000000000000000,15.000000000000000
1693,9327174,27,24300.000000000000000,27.000000000000000
1694,9327176,3,2700.000000000000000,3.000000000000000
1695,9327178,16,14400.000000000000000,16.000000000000000
1696,9327180,114,102600.000000000000000,114.000000000000000
1697,9327182,39,35100.000000000000000,39.000000000000000
1698,9327192,29,26100.000000000000000,29.000000000000000
1699,9327196,19,17100.000000000000000,19.000000000000000
1700,9327198,121,108900.000000000000000,121.000000000000000
1701,9327204,14,12600.000000000000000,14.000000000000000
1702,9327206,11,9900.000000000000000,11.000000000000000
1703,9327212,14,12600.000000000000000,14.000000000000000
1704,9327214,3,2700.000000000000000,3.000000000000000
1705,9327222,3,2700.000000000000000,3.000000000000000
1706,9327224,30,27000.000000000000000,30.000000000000000
1707,9327230,67,60300.000000000000000,67.000000000000000
1708,9327234,1,900.000000000000000,1.000000000000000
1709,9327236,44,39600.000000000000000,44.000000000000000
1710,9327242,77,69300.000000000000000,77.000000000000000
1711,9327244,24,21600.000000000000000,24.000000000000000
1712,9327246,47,42300.000000000000000,47.000000000000000
1713,9327248,12,10800.000000000000000,12.000000000000000
1714,9327250,18,16200.000000000000000,18.000000000000000
1715,9327254,44,39600.000000000000000,44.000000000000000
1716,9327256,67,60300.000000000000000,67.000000000000000
1717,9327266,10,9000.000000000000000,10.000000000000000
1718,9327274,105,94500.000000000000000,105.000000000000000
1719,9327292,75,67500.000000000000000,75.000000000000000
1720,9327302,17,15300.000000000000000,17.000000000000000
1721,9327304,119,107100.000000000000000,119.000000000000000
1722,9327306,2,1800.000000000000000,2.000000000000000
1723,9327310,27,24300.000000000000000,27.000000000000000
1724,9327312,63,56700.000000000000000,63.000000000000000
1725,9327314,340,306000.000000000000000,340.000000000000000
1726,9327316,31,27900.000000000000000,31.000000000000000
1727,9327318,146,131400.000000000000000,146.000000000000000
1728,9327320,50,45000.000000000000000,50.000000000000000
1729,9327322,22,19800.000000000000000,22.000000000000000
1730,9327324,10,9000.000000000000000,10.000000000000000
1731,9327326,74,66600.000000000000000,74.000000000000000
1732,9327328,3,2700.000000000000000,3.000000000000000
1733,9327330,39,35100.000000000000000,39.000000000000000
1734,9327334,17,15300.000000000000000,17.000000000000000
1735,9327336,14,12600.000000000000000,14.000000000000000
1736,9327338,1,900.000000000000000,1.000000000000000
1737,9327340,39,35100.000000000000000,39.000000000000000
1738,9327342,9,8100.000000000000000,9.000000000000000
1739,9327344,42,37800.000000000000000,42.000000000000000
1740,9327346,75,67500.000000000000000,75.000000000000000
1741,9327348,27,24300.000000000000000,27.000000000000000
1742,9327350,81,72900.000000000000000,81.000000000000000
1743,9327352,297,267300.000000000000000,297.000000000000000
1744,9327354,29,26100.000000000000000,29.000000000000000
1745,9327356,70,63000.000000000000000,70.000000000000000
1746,9327360,23,20700.000000000000000,23.000000000000000
1747,9327362,180,162000.000000000000000,180.000000000000000
1748,9327364,2,1800.000000000000000,2.000000000000000
1749,9327366,174,156600.000000000000000,174.000000000000000
1750,9327368,181,162900.000000000000000,181.000000000000000
1751,9327370,8,7200.000000000000000,8.000000000000000
1752,9327372,15,13500.000000000000000,15.000000000000000
1753,9327376,38,34200.000000000000000,38.000000000000000
1754,9327378,26,23400.000000000000000,26.000000000000000
1755,9327380,6,5400.000000000000000,6.000000000000000
1756,9327382,26,23400.000000000000000,26.000000000000000
1757,9327386,24,21600.000000000000000,24.000000000000000
1758,9327390,60,54000.000000000000000,60.000000000000000
1759,9327394,64,57600.000000000000000,64.000000000000000
1760,9327396,104,93600.000000000000000,104.000000000000000
1761,9327400,56,50400.000000000000000,56.000000000000000
1762,9327402,4,3600.000000000000000,4.000000000000000
1763,9327404,13,11700.000000000000000,13.000000000000000
1764,9327408,2,1800.000000000000000,2.000000000000000
1765,9327412,665,598500.000000000000000,665.000000000000000
1766,9327416,18,16200.000000000000000,18.000000000000000
1767,9327418,100,90000.000000000000000,100.000000000000000
1768,9327420,20,18000.000000000000000,20.000000000000000
1769,9327428,4,3600.000000000000000,4.000000000000000
1770,9327430,40,36000.000000000000000,40.000000000000000
1771,9327434,32,28800.000000000000000,32.000000000000000
1772,9327436,105,94500.000000000000000,105.000000000000000
1773,9327438,599,539100.000000000000000,599.000000000000000
1774,9327440,633,569700.000000000000000,633.000000000000000
1775,9327448,25,22500.000000000000000,25.000000000000000
1776,9327450,37,33300.000000000000000,37.000000000000000
1777,9327460,13,11700.000000000000000,13.000000000000000
1778,9327462,56,50400.000000000000000,56.000000000000000
1779,9327464,47,42300.000000000000000,47.000000000000000
1780,9327468,2,1800.000000000000000,2.000000000000000
1781,9327472,21,18900.000000000000000,21.000000000000000
1782,9327478,3,2700.000000000000000,3.000000000000000
1783,9327480,9,8100.000000000000000,9.000000000000000
1784,9327482,47,42300.000000000000000,47.000000000000000
1785,9327484,12,10800.000000000000000,12.000000000000000
1786,9327486,84,75600.000000000000000,84.000000000000000
1787,9327488,7,6300.000000000000000,7.000000000000000
1788,9327512,61,54900.000000000000000,61.000000000000000
1789,9327514,6,5400.000000000000000,6.000000000000000
1790,9327516,47,42300.000000000000000,47.000000000000000
1791,9327518,53,47700.000000000000000,53.000000000000000
1792,9327520,4,3600.000000000000000,4.000000000000000
1793,9327522,61,54900.000000000000000,61.000000000000000
1794,9327526,13,11700.000000000000000,13.000000000000000
1795,9327528,16,14400.000000000000000,16.000000000000000
1796,9327530,159,143100.000000000000000,159.000000000000000
1797,9327540,55,49500.000000000000000,55.000000000000000
1798,9327542,37,33300.000000000000000,37.000000000000000
1799,9327544,11,9900.000000000000000,11.000000000000000
1800,9327546,53,47700.000000000000000,53.000000000000000
1801,9327548,20,18000.000000000000000,20.000000000000000
1802,9327550,42,37800.000000000000000,42.000000000000000
1803,9327552,87,78300.000000000000000,87.000000000000000
1804,9327554,12,10800.000000000000000,12.000000000000000
1805,9327556,98,88200.000000000000000,98.000000000000000
1806,9327558,1,900.000000000000000,1.000000000000000
1807,9327560,5,4500.000000000000000,5.000000000000000
1808,9327568,19,17100.000000000000000,19.000000000000000
1809,9327570,12,10800.000000000000000,12.000000000000000
1810,9327574,6,5400.000000000000000,6.000000000000000
1811,9327576,36,32400.000000000000000,36.000000000000000
1812,9327578,26,23400.000000000000000,26.000000000000000
1813,9327580,2,1800.000000000000000,2.000000000000000
1814,9327582,26,23400.000000000000000,26.000000000000000
1815,9327584,29,26100.000000000000000,29.000000000000000
1816,9327586,151,135900.000000000000000,151.000000000000000
1817,9327588,42,37800.000000000000000,42.000000000000000
1818,9327590,28,25200.000000000000000,28.000000000000000
1819,9327594,16,14400.000000000000000,16.000000000000000
1820,9327596,1,900.000000000000000,1.000000000000000
1821,9327598,15,13500.000000000000000,15.000000000000000
1822,9327600,21,18900.000000000000000,21.000000000000000
1823,9327602,82,73800.000000000000000,82.000000000000000
1824,9327604,29,26100.000000000000000,29.000000000000000
1825,9327606,2,1800.000000000000000,2.000000000000000
1826,9327610,82,73800.000000000000000,82.000000000000000
1827,9327612,87,78300.000000000000000,87.000000000000000
1828,9327618,11,9900.000000000000000,11.000000000000000
1829,9327620,29,26100.000000000000000,29.000000000000000
1830,9327622,39,35100.000000000000000,39.000000000000000
1831,9327624,48,43200.000000000000000,48.000000000000000
1832,9327626,2,1800.000000000000000,2.000000000000000
1833,9327628,45,40500.000000000000000,45.000000000000000
1834,9327630,55,49500.000000000000000,55.000000000000000
1835,9327632,48,43200.000000000000000,48.000000000000000
1836,9327634,242,217800.000000000000000,242.000000000000000
1837,9327636,92,82800.000000000000000,92.000000000000000
1838,9327650,14,12600.000000000000000,14.000000000000000
1839,9327652,658,592200.000000000000000,658.000000000000000
1840,9327654,69,62100.000000000000000,69.000000000000000
1841,9327656,8,7200.000000000000000,8.000000000000000
1842,9327664,178,160200.000000000000000,178.000000000000000
1843,9327666,2,1800.000000000000000,2.000000000000000
1844,9327670,314,282600.000000000000000,314.000000000000000
1845,9327672,105,94500.000000000000000,105.000000000000000
1846,9327674,1,900.000000000000000,1.000000000000000
1847,9327676,11,9900.000000000000000,11.000000000000000
1848,9327678,45,40500.000000000000000,45.000000000000000
1849,9327680,2,1800.000000000000000,2.000000000000000
1850,9327682,38,34200.000000000000000,38.000000000000000
1851,9327684,92,82800.000000000000000,92.000000000000000
1852,9327692,4,3600.000000000000000,4.000000000000000
1853,9327694,308,277200.000000000000000,308.000000000000000
1854,9327700,53,47700.000000000000000,53.000000000000000
1855,9327702,139,125100.000000000000000,139.000000000000000
1856,9327704,28,25200.000000000000000,28.000000000000000
1857,9327706,21,18900.000000000000000,21.000000000000000
1858,9327714,137,123300.000000000000000,137.000000000000000
1859,9327718,252,226800.000000000000000,252.000000000000000
1860,9327722,114,102600.000000000000000,114.000000000000000
1861,9327726,495,445500.000000000000000,495.000000000000000
1862,9327730,166,149400.000000000000000,166.000000000000000
1863,9327734,15,13500.000000000000000,15.000000000000000
1864,9327736,1,900.000000000000000,1.000000000000000
1865,9327738,143,128700.000000000000000,143.000000000000000
1866,9327740,2,1800.000000000000000,2.000000000000000
1867,9327744,118,106200.000000000000000,118.000000000000000
1868,9327748,10,9000.000000000000000,10.000000000000000
1869,9327752,11,9900.000000000000000,11.000000000000000
1870,9327754,4,3600.000000000000000,4.000000000000000
1871,9327756,80,72000.000000000000000,80.000000000000000
1872,9327758,9,8100.000000000000000,9.000000000000000
1873,9327760,55,49500.000000000000000,55.000000000000000
1874,9327762,4,3600.000000000000000,4.000000000000000
1875,9327764,4,3600.000000000000000,4.000000000000000
1876,9327766,5,4500.000000000000000,5.000000000000000
1877,9327780,23,20700.000000000000000,23.000000000000000
1878,9327798,2,1800.000000000000000,2.000000000000000
1879,9327802,13,11700.000000000000000,13.000000000000000
1880,9327810,4,3600.000000000000000,4.000000000000000
1881,9327818,2,1800.000000000000000,2.000000000000000
1882,9327832,10,9000.000000000000000,10.000000000000000
1883,9327842,19,17100.000000000000000,19.000000000000000
1884,9327852,1,900.000000000000000,1.000000000000000
1885,9327854,138,124200.000000000000000,138.000000000000000
1886,9327858,2,1800.000000000000000,2.000000000000000
1887,9327862,25,22500.000000000000000,25.000000000000000
1888,9327864,24,21600.000000000000000,24.000000000000000
1889,9327866,119,107100.000000000000000,119.000000000000000
1890,9327868,22,19800.000000000000000,22.000000000000000
1891,9327870,325,292500.000000000000000,325.000000000000000
1892,9327872,42,37800.000000000000000,42.000000000000000
1893,9327876,32,28800.000000000000000,32.000000000000000
1894,9327878,5,4500.000000000000000,5.000000000000000
1895,9327880,323,290700.000000000000000,323.000000000000000
1896,9327886,63,56700.000000000000000,63.000000000000000
1897,9327890,13,11700.000000000000000,13.000000000000000
1898,9327896,12,10800.000000000000000,12.000000000000000
1899,9327900,14,12600.000000000000000,14.000000000000000
1900,9327904,41,36900.000000000000000,41.000000000000000
1901,9327908,4,3600.000000000000000,4.000000000000000
1902,9327910,59,53100.000000000000000,59.000000000000000
1903,9327914,3,2700.000000000000000,3.000000000000000
1904,9327920,3,2700.000000000000000,3.000000000000000
1905,9327922,16,14400.000000000000000,16.000000000000000
1906,9327930,58,52200.000000000000000,58.000000000000000
1907,9327934,22,19800.000000000000000,22.000000000000000
1908,9327938,2,1800.000000000000000,2.000000000000000
1909,9327942,149,134100.000000000000000,149.000000000000000
1910,9327948,28,25200.000000000000000,28.000000000000000
1911,9327952,5,4500.000000000000000,5.000000000000000
1912,9327954,1,900.000000000000000,1.000000000000000
1913,9327956,738,664200.000000000000000,738.000000000000000
1914,9327960,33,29700.000000000000000,33.000000000000000
1915,9327970,4,3600.000000000000000,4.000000000000000
1916,9327974,147,132300.000000000000000,147.000000000000000
1917,9327980,19,17100.000000000000000,19.000000000000000
1918,9327984,29,26100.000000000000000,29.000000000000000
1919,9327988,17,15300.000000000000000,17.000000000000000
1920,9328014,1,900.000000000000000,1.000000000000000
1921,9328026,5,4500.000000000000000,5.000000000000000
1922,9328056,4,3600.000000000000000,4.000000000000000
1923,9328068,116,104400.000000000000000,116.000000000000000
1924,9328076,20,18000.000000000000000,20.000000000000000
1925,9328090,38,34200.000000000000000,38.000000000000000
1926,9328094,14,12600.000000000000000,14.000000000000000
1927,9328102,38,34200.000000000000000,38.000000000000000
1928,9328612,10,9000.000000000000000,10.000000000000000
1929,9328616,2,1800.000000000000000,2.000000000000000
1930,9328620,13,11700.000000000000000,13.000000000000000
1931,9328622,6,5400.000000000000000,6.000000000000000
1932,9328624,29,26100.000000000000000,29.000000000000000
1933,9328626,21,18900.000000000000000,21.000000000000000
1934,9328628,1,900.000000000000000,1.000000000000000
1935,9328630,65,58500.000000000000000,65.000000000000000
1936,9328632,4,3600.000000000000000,4.000000000000000
1937,9328634,34,30600.000000000000000,34.000000000000000
1938,9328636,97,87300.000000000000000,97.000000000000000
1939,9328638,28,25200.000000000000000,28.000000000000000
1940,9328640,12,10800.000000000000000,12.000000000000000
1941,9328642,4,3600.000000000000000,4.000000000000000
1942,9328650,35,31500.000000000000000,35.000000000000000
1943,9328660,10,9000.000000000000000,10.000000000000000
1944,9328666,10,9000.000000000000000,10.000000000000000
1945,9328668,11,9900.000000000000000,11.000000000000000
1946,9328672,11,9900.000000000000000,11.000000000000000
1947,9328674,14,12600.000000000000000,14.000000000000000
1948,9328692,19,17100.000000000000000,19.000000000000000
1949,9328694,6,5400.000000000000000,6.000000000000000
1950,9328696,39,35100.000000000000000,39.000000000000000
1951,9328704,20,18000.000000000000000,20.000000000000000
1952,9328712,3,2700.000000000000000,3.000000000000000
1953,9328718,17,15300.000000000000000,17.000000000000000
1954,9328720,5,4500.000000000000000,5.000000000000000
1955,9328722,11,9900.000000000000000,11.000000000000000
1956,9328724,99,89100.000000000000000,99.000000000000000
1957,9328726,5,4500.000000000000000,5.000000000000000
1958,9328728,77,69300.000000000000000,77.000000000000000
1959,9328730,49,44100.000000000000000,49.000000000000000
1960,9328732,7,6300.000000000000000,7.000000000000000
1961,9328734,10,9000.000000000000000,10.000000000000000
1962,9328736,85,76500.000000000000000,85.000000000000000
1963,9328738,14,12600.000000000000000,14.000000000000000
1964,9328740,23,20700.000000000000000,23.000000000000000
1965,9328742,19,17100.000000000000000,19.000000000000000
1966,9328746,19,17100.000000000000000,19.000000000000000
1967,9328748,9,8100.000000000000000,9.000000000000000
1968,9328750,19,17100.000000000000000,19.000000000000000
1969,9328752,25,22500.000000000000000,25.000000000000000
1970,9328756,65,58500.000000000000000,65.000000000000000
1971,9328758,43,38700.000000000000000,43.000000000000000
1972,9328762,24,21600.000000000000000,24.000000000000000
1973,9328764,106,95400.000000000000000,106.000000000000000
1974,9328766,38,34200.000000000000000,38.000000000000000
1975,9328768,39,35100.000000000000000,39.000000000000000
1976,9328774,14,12600.000000000000000,14.000000000000000
1977,9328776,6,5400.000000000000000,6.000000000000000
1978,9328778,10,9000.000000000000000,10.000000000000000
1979,9328780,28,25200.000000000000000,28.000000000000000
1980,9328782,9,8100.000000000000000,9.000000000000000
1981,9328784,36,32400.000000000000000,36.000000000000000
1982,9328786,21,18900.000000000000000,21.000000000000000
1983,9328788,11,9900.000000000000000,11.000000000000000
1984,9328792,3,2700.000000000000000,3.000000000000000
1985,9328794,10,9000.000000000000000,10.000000000000000
1986,9328796,41,36900.000000000000000,41.000000000000000
1987,9328800,49,44100.000000000000000,49.000000000000000
1988,9328802,3,2700.000000000000000,3.000000000000000
1989,9328804,13,11700.000000000000000,13.000000000000000
1990,9328808,11,9900.000000000000000,11.000000000000000
1991,9328810,7,6300.000000000000000,7.000000000000000
1992,9328814,5,4500.000000000000000,5.000000000000000
1993,9328818,118,106200.000000000000000,118.000000000000000
1994,9328822,7,6300.000000000000000,7.000000000000000
1995,9328824,24,21600.000000000000000,24.000000000000000
1996,9328830,36,32400.000000000000000,36.000000000000000
1997,9328834,19,17100.000000000000000,19.000000000000000
1998,9328840,19,17100.000000000000000,19.000000000000000
1999,9328844,32,28800.000000000000000,32.000000000000000
2000,9328846,10,9000.000000000000000,10.000000000000000
2001,9328848,8,7200.000000000000000,8.000000000000000
2002,9328850,13,11700.000000000000000,13.000000000000000
2003,9328854,1,900.000000000000000,1.000000000000000
2004,9328856,16,14400.000000000000000,16.000000000000000
2005,9328862,10,9000.000000000000000,10.000000000000000
2006,9328864,9,8100.000000000000000,9.000000000000000
2007,9328866,74,66600.000000000000000,74.000000000000000
2008,9328874,28,25200.000000000000000,28.000000000000000
2009,9328876,1,900.000000000000000,1.000000000000000
2010,9328886,10,9000.000000000000000,10.000000000000000
2011,9328888,55,49500.000000000000000,55.000000000000000
2012,9328892,24,21600.000000000000000,24.000000000000000
2013,9328896,1,900.000000000000000,1.000000000000000
2014,9328898,31,27900.000000000000000,31.000000000000000
2015,9328902,32,28800.000000000000000,32.000000000000000
2016,9328908,21,18900.000000000000000,21.000000000000000
2017,9328920,21,18900.000000000000000,21.000000000000000
2018,9328922,3,2700.000000000000000,3.000000000000000
2019,9328924,59,53100.000000000000000,59.000000000000000
2020,9328928,118,106200.000000000000000,118.000000000000000
2021,9328932,23,20700.000000000000000,23.000000000000000
2022,9328934,25,22500.000000000000000,25.000000000000000
2023,9328938,42,37800.000000000000000,42.000000000000000
2024,9328940,2,1800.000000000000000,2.000000000000000
2025,9328942,22,19800.000000000000000,22.000000000000000
2026,9328948,121,108900.000000000000000,121.000000000000000
2027,9328950,18,16200.000000000000000,18.000000000000000
2028,9328952,6,5400.000000000000000,6.000000000000000
2029,9328956,3,2700.000000000000000,3.000000000000000
2030,9328958,29,26100.000000000000000,29.000000000000000
2031,9328964,10,9000.000000000000000,10.000000000000000
2032,9328970,77,69300.000000000000000,77.000000000000000
2033,9328974,48,43200.000000000000000,48.000000000000000
2034,9328976,58,52200.000000000000000,58.000000000000000
2035,9328978,25,22500.000000000000000,25.000000000000000
2036,9328980,4,3600.000000000000000,4.000000000000000
2037,9328982,19,17100.000000000000000,19.000000000000000
2038,9328984,61,54900.000000000000000,61.000000000000000
2039,9328986,10,9000.000000000000000,10.000000000000000
2040,9328990,8,7200.000000000000000,8.000000000000000
2041,9328994,4,3600.000000000000000,4.000000000000000
2042,9328998,53,47700.000000000000000,53.000000000000000
2043,9329000,18,16200.000000000000000,18.000000000000000
2044,9329002,28,25200.000000000000000,28.000000000000000
2045,9329004,13,11700.000000000000000,13.000000000000000
2046,9329006,62,55800.000000000000000,62.000000000000000
2047,9329008,9,8100.000000000000000,9.000000000000000
2048,9329010,64,57600.000000000000000,64.000000000000000
2049,9329012,15,13500.000000000000000,15.000000000000000
2050,9329014,49,44100.000000000000000,49.000000000000000
2051,9329016,58,52200.000000000000000,58.000000000000000
2052,9329018,36,32400.000000000000000,36.000000000000000
2053,9329020,31,27900.000000000000000,31.000000000000000
2054,9329024,14,12600.000000000000000,14.000000000000000
2055,9329026,63,56700.000000000000000,63.000000000000000
2056,9329032,21,18900.000000000000000,21.000000000000000
2057,9329034,33,29700.000000000000000,33.000000000000000
2058,9329036,24,21600.000000000000000,24.000000000000000
2059,9329038,49,44100.000000000000000,49.000000000000000
2060,9329040,14,12600.000000000000000,14.000000000000000
2061,9329042,16,14400.000000000000000,16.000000000000000
2062,9329044,9,8100.000000000000000,9.000000000000000
2063,9329046,23,20700.000000000000000,23.000000000000000
2064,9329050,1,900.000000000000000,1.000000000000000
2065,9329052,18,16200.000000000000000,18.000000000000000
2066,9329054,13,11700.000000000000000,13.000000000000000
2067,9329056,9,8100.000000000000000,9.000000000000000
2068,9329060,11,9900.000000000000000,11.000000000000000
2069,9329066,96,86400.000000000000000,96.000000000000000
2070,9329068,58,52200.000000000000000,58.000000000000000
2071,9329070,65,58500.000000000000000,65.000000000000000
2072,9329074,12,10800.000000000000000,12.000000000000000
2073,9329076,39,35100.000000000000000,39.000000000000000
2074,9329082,24,21600.000000000000000,24.000000000000000
2075,9329084,16,14400.000000000000000,16.000000000000000
2076,9329086,6,5400.000000000000000,6.000000000000000
2077,9329096,13,11700.000000000000000,13.000000000000000
2078,9329102,9,8100.000000000000000,9.000000000000000
2079,9329108,1,900.000000000000000,1.000000000000000
2080,9329110,2,1800.000000000000000,2.000000000000000
2081,9329112,66,59400.000000000000000,66.000000000000000
2082,9329116,59,53100.000000000000000,59.000000000000000
2083,9329122,15,13500.000000000000000,15.000000000000000
2084,9329126,5,4500.000000000000000,5.000000000000000
2085,9329128,63,56700.000000000000000,63.000000000000000
2086,9329130,69,62100.000000000000000,69.000000000000000
2087,9329132,69,62100.000000000000000,69.000000000000000
2088,9329138,76,68400.000000000000000,76.000000000000000
2089,9329144,20,18000.000000000000000,20.000000000000000
2090,9329146,29,26100.000000000000000,29.000000000000000
2091,9329150,20,18000.000000000000000,20.000000000000000
2092,9329152,4,3600.000000000000000,4.000000000000000
2093,9329154,20,18000.000000000000000,20.000000000000000
2094,9329156,15,13500.000000000000000,15.000000000000000
2095,9329160,2,1800.000000000000000,2.000000000000000
2096,9329162,98,88200.000000000000000,98.000000000000000
2097,9329166,4,3600.000000000000000,4.000000000000000
2098,9329168,30,27000.000000000000000,30.000000000000000
2099,9329170,7,6300.000000000000000,7.000000000000000
2100,9329172,17,15300.000000000000000,17.000000000000000
2101,9329176,16,14400.000000000000000,16.000000000000000
2102,9329178,69,62100.000000000000000,69.000000000000000
2103,9329180,37,33300.000000000000000,37.000000000000000
2104,9329182,26,23400.000000000000000,26.000000000000000
2105,9329184,5,4500.000000000000000,5.000000000000000
2106,9329186,21,18900.000000000000000,21.000000000000000
2107,9329188,4,3600.000000000000000,4.000000000000000
2108,9329192,70,63000.000000000000000,70.000000000000000
2109,9329194,8,7200.000000000000000,8.000000000000000
2110,9329198,40,36000.000000000000000,40.000000000000000
2111,9329202,27,24300.000000000000000,27.000000000000000
2112,9329204,12,10800.000000000000000,12.000000000000000
2113,9329206,3,2700.000000000000000,3.000000000000000
2114,9329208,31,27900.000000000000000,31.000000000000000
2115,9329214,1,900.000000000000000,1.000000000000000
2116,9329216,25,22500.000000000000000,25.000000000000000
2117,9329224,1,900.000000000000000,1.000000000000000
2118,9329228,35,31500.000000000000000,35.000000000000000
2119,9329230,6,5400.000000000000000,6.000000000000000
2120,9329232,64,57600.000000000000000,64.000000000000000
2121,9329234,6,5400.000000000000000,6.000000000000000
2122,9329238,19,17100.000000000000000,19.000000000000000
2123,9329242,5,4500.000000000000000,5.000000000000000
2124,9329244,7,6300.000000000000000,7.000000000000000
2125,9329248,3,2700.000000000000000,3.000000000000000
2126,9329250,17,15300.000000000000000,17.000000000000000
2127,9329252,2,1800.000000000000000,2.000000000000000
2128,9329254,8,7200.000000000000000,8.000000000000000
2129,9329258,4,3600.000000000000000,4.000000000000000
2130,9329260,10,9000.000000000000000,10.000000000000000
2131,9329264,8,7200.000000000000000,8.000000000000000
2132,9329272,4,3600.000000000000000,4.000000000000000
2133,9329274,1,900.000000000000000,1.000000000000000
2134,9329282,22,19800.000000000000000,22.000000000000000
2135,9329284,30,27000.000000000000000,30.000000000000000
2136,9329286,52,46800.000000000000000,52.000000000000000
2137,9329288,3,2700.000000000000000,3.000000000000000
2138,9329290,27,24300.000000000000000,27.000000000000000
2139,9329292,12,10800.000000000000000,12.000000000000000
2140,9329294,12,10800.000000000000000,12.000000000000000
2141,9329300,22,19800.000000000000000,22.000000000000000
2142,9329302,10,9000.000000000000000,10.000000000000000
2143,9329306,19,17100.000000000000000,19.000000000000000
2144,9329310,24,21600.000000000000000,24.000000000000000
2145,9329314,11,9900.000000000000000,11.000000000000000
2146,9329316,55,49500.000000000000000,55.000000000000000
2147,9329318,19,17100.000000000000000,19.000000000000000
2148,9329320,17,15300.000000000000000,17.000000000000000
2149,9329322,4,3600.000000000000000,4.000000000000000
2150,9329326,5,4500.000000000000000,5.000000000000000
2151,9329328,25,22500.000000000000000,25.000000000000000
2152,9329330,18,16200.000000000000000,18.000000000000000
2153,9329332,183,164700.000000000000000,183.000000000000000
2154,9329340,1,900.000000000000000,1.000000000000000
2155,9329342,11,9900.000000000000000,11.000000000000000
2156,9329344,39,35100.000000000000000,39.000000000000000
2157,9329346,48,43200.000000000000000,48.000000000000000
2158,9329348,7,6300.000000000000000,7.000000000000000
2159,9329350,28,25200.000000000000000,28.000000000000000
2160,9329352,61,54900.000000000000000,61.000000000000000
2161,9329356,14,12600.000000000000000,14.000000000000000
2162,9329358,12,10800.000000000000000,12.000000000000000
2163,9329360,69,62100.000000000000000,69.000000000000000
2164,9329364,12,10800.000000000000000,12.000000000000000
2165,9329366,3,2700.000000000000000,3.000000000000000
2166,9329368,37,33300.000000000000000,37.000000000000000
2167,9329370,93,83700.000000000000000,93.000000000000000
2168,9329372,21,18900.000000000000000,21.000000000000000
2169,9329374,9,8100.000000000000000,9.000000000000000
2170,9329378,11,9900.000000000000000,11.000000000000000
2171,9329380,12,10800.000000000000000,12.000000000000000
2172,9329384,5,4500.000000000000000,5.000000000000000
2173,9329388,53,47700.000000000000000,53.000000000000000
2174,9329390,46,41400.000000000000000,46.000000000000000
2175,9329392,6,5400.000000000000000,6.000000000000000
2176,9329394,11,9900.000000000000000,11.000000000000000
2177,9329396,126,113400.000000000000000,126.000000000000000
2178,9329398,10,9000.000000000000000,10.000000000000000
2179,9329400,7,6300.000000000000000,7.000000000000000
2180,9329402,15,13500.000000000000000,15.000000000000000
2181,9329406,87,78300.000000000000000,87.000000000000000
2182,9329408,20,18000.000000000000000,20.000000000000000
2183,9329410,5,4500.000000000000000,5.000000000000000
2184,9329412,201,180900.000000000000000,201.000000000000000
2185,9329414,305,274500.000000000000000,305.000000000000000
2186,9329418,45,40500.000000000000000,45.000000000000000
2187,9329422,14,12600.000000000000000,14.000000000000000
2188,9329424,7,6300.000000000000000,7.000000000000000
2189,9329434,46,41400.000000000000000,46.000000000000000
2190,9329438,16,14400.000000000000000,16.000000000000000
2191,9329442,9,8100.000000000000000,9.000000000000000
2192,9329444,12,10800.000000000000000,12.000000000000000
2193,9329446,21,18900.000000000000000,21.000000000000000
2194,9329448,14,12600.000000000000000,14.000000000000000
2195,9329450,50,45000.000000000000000,50.000000000000000
2196,9329454,62,55800.000000000000000,62.000000000000000
2197,9329458,114,102600.000000000000000,114.000000000000000
2198,9329460,84,75600.000000000000000,84.000000000000000
2199,9329462,57,51300.000000000000000,57.000000000000000
2200,9329464,102,91800.000000000000000,102.000000000000000
2201,9329468,36,32400.000000000000000,36.000000000000000
2202,9329470,13,11700.000000000000000,13.000000000000000
2203,9329472,12,10800.000000000000000,12.000000000000000
2204,9329480,1,900.000000000000000,1.000000000000000
2205,9329482,19,17100.000000000000000,19.000000000000000
2206,9329484,6,5400.000000000000000,6.000000000000000
2207,9329492,22,19800.000000000000000,22.000000000000000
2208,9329494,35,31500.000000000000000,35.000000000000000
2209,9329496,49,44100.000000000000000,49.000000000000000
2210,9329498,4,3600.000000000000000,4.000000000000000
2211,9329504,15,13500.000000000000000,15.000000000000000
2212,9329506,4,3600.000000000000000,4.000000000000000
2213,9329508,29,26100.000000000000000,29.000000000000000
2214,9329510,35,31500.000000000000000,35.000000000000000
2215,9329512,79,71100.000000000000000,79.000000000000000
2216,9329516,67,60300.000000000000000,67.000000000000000
2217,9329518,39,35100.000000000000000,39.000000000000000
2218,9329520,11,9900.000000000000000,11.000000000000000
2219,9329528,19,17100.000000000000000,19.000000000000000
2220,9329530,92,82800.000000000000000,92.000000000000000
2221,9329532,15,13500.000000000000000,15.000000000000000
2222,9329536,11,9900.000000000000000,11.000000000000000
2223,9329540,13,11700.000000000000000,13.000000000000000
2224,9329548,136,122400.000000000000000,136.000000000000000
2225,9329550,12,10800.000000000000000,12.000000000000000
2226,9329552,30,27000.000000000000000,30.000000000000000
2227,9329554,4,3600.000000000000000,4.000000000000000
2228,9329556,15,13500.000000000000000,15.000000000000000
2229,9329558,3,2700.000000000000000,3.000000000000000
2230,9329560,106,95400.000000000000000,106.000000000000000
2231,9329562,13,11700.000000000000000,13.000000000000000
2232,9329566,1,900.000000000000000,1.000000000000000
2233,9329568,215,193500.000000000000000,215.000000000000000
2234,9329570,16,14400.000000000000000,16.000000000000000
2235,9329572,3,2700.000000000000000,3.000000000000000
2236,9329576,17,15300.000000000000000,17.000000000000000
2237,9329578,65,58500.000000000000000,65.000000000000000
2238,9329586,61,54900.000000000000000,61.000000000000000
2239,9329588,14,12600.000000000000000,14.000000000000000
2240,9329590,3,2700.000000000000000,3.000000000000000
2241,9329592,27,24300.000000000000000,27.000000000000000
2242,9329596,7,6300.000000000000000,7.000000000000000
2243,9329600,2,1800.000000000000000,2.000000000000000
2244,9329602,3,2700.000000000000000,3.000000000000000
2245,9329604,13,11700.000000000000000,13.000000000000000
2246,9329606,5,4500.000000000000000,5.000000000000000
2247,9329618,49,44100.000000000000000,49.000000000000000
2248,9329624,2,1800.000000000000000,2.000000000000000
2249,9329626,19,17100.000000000000000,19.000000000000000
2250,9329628,8,7200.000000000000000,8.000000000000000
2251,9329630,6,5400.000000000000000,6.000000000000000
2252,9329636,6,5400.000000000000000,6.000000000000000
2253,9329640,18,16200.000000000000000,18.000000000000000
2254,9329644,2,1800.000000000000000,2.000000000000000
2255,9329648,12,10800.000000000000000,12.000000000000000
2256,9329650,6,5400.000000000000000,6.000000000000000
2257,9329654,86,77400.000000000000000,86.000000000000000
2258,9329658,164,147600.000000000000000,164.000000000000000
2259,9329662,4,3600.000000000000000,4.000000000000000
2260,9329664,11,9900.000000000000000,11.000000000000000
2261,9329668,21,18900.000000000000000,21.000000000000000
2262,9329672,15,13500.000000000000000,15.000000000000000
2263,9329674,6,5400.000000000000000,6.000000000000000
2264,9329676,22,19800.000000000000000,22.000000000000000
2265,9329678,8,7200.000000000000000,8.000000000000000
2266,9329680,1,900.000000000000000,1.000000000000000
2267,9329682,23,20700.000000000000000,23.000000000000000
2268,9329684,59,53100.000000000000000,59.000000000000000
2269,9329688,50,45000.000000000000000,50.000000000000000
2270,9329690,41,36900.000000000000000,41.000000000000000
2271,9329692,45,40500.000000000000000,45.000000000000000
2272,9329694,14,12600.000000000000000,14.000000000000000
2273,9329698,112,100800.000000000000000,112.000000000000000
2274,9329700,122,109800.000000000000000,122.000000000000000
2275,9329702,11,9900.000000000000000,11.000000000000000
2276,9329706,96,86400.000000000000000,96.000000000000000
2277,9329708,15,13500.000000000000000,15.000000000000000
2278,9329714,23,20700.000000000000000,23.000000000000000
2279,9329716,34,30600.000000000000000,34.000000000000000
2280,9329718,483,434700.000000000000000,483.000000000000000
2281,9329720,5,4500.000000000000000,5.000000000000000
2282,9329722,17,15300.000000000000000,17.000000000000000
2283,9329724,14,12600.000000000000000,14.000000000000000
2284,9329726,68,61200.000000000000000,68.000000000000000
2285,9329728,28,25200.000000000000000,28.000000000000000
2286,9329730,7,6300.000000000000000,7.000000000000000
2287,9329732,9,8100.000000000000000,9.000000000000000
2288,9329734,22,19800.000000000000000,22.000000000000000
2289,9329738,4,3600.000000000000000,4.000000000000000
2290,9329742,36,32400.000000000000000,36.000000000000000
2291,9329744,52,46800.000000000000000,52.000000000000000
2292,9329748,73,65700.000000000000000,73.000000000000000
2293,9329750,108,97200.000000000000000,108.000000000000000
2294,9329752,36,32400.000000000000000,36.000000000000000
2295,9329754,47,42300.000000000000000,47.000000000000000
2296,9329758,1,900.000000000000000,1.000000000000000
2297,9329766,1,900.000000000000000,1.000000000000000
2298,9329768,33,29700.000000000000000,33.000000000000000
2299,9329772,8,7200.000000000000000,8.000000000000000
2300,9329776,57,51300.000000000000000,57.000000000000000
2301,9329778,38,34200.000000000000000,38.000000000000000
2302,9329780,3,2700.000000000000000,3.000000000000000
2303,9329784,32,28800.000000000000000,32.000000000000000
2304,9329788,144,129600.000000000000000,144.000000000000000
2305,9329794,8,7200.000000000000000,8.000000000000000
2306,9329798,32,28800.000000000000000,32.000000000000000
2307,9329800,16,14400.000000000000000,16.000000000000000
2308,9329802,32,28800.000000000000000,32.000000000000000
2309,9329804,7,6300.000000000000000,7.000000000000000
2310,9329806,17,15300.000000000000000,17.000000000000000
2311,9329812,28,25200.000000000000000,28.000000000000000
2312,9329814,26,23400.000000000000000,26.000000000000000
2313,9329816,3,2700.000000000000000,3.000000000000000
2314,9329818,33,29700.000000000000000,33.000000000000000
2315,9329820,60,54000.000000000000000,60.000000000000000
2316,9329822,15,13500.000000000000000,15.000000000000000
2317,9329828,1,900.000000000000000,1.000000000000000
2318,9329832,8,7200.000000000000000,8.000000000000000
2319,9329834,36,32400.000000000000000,36.000000000000000
2320,9329838,25,22500.000000000000000,25.000000000000000
2321,9329840,84,75600.000000000000000,84.000000000000000
2322,9329842,1,900.000000000000000,1.000000000000000
2323,9329844,48,43200.000000000000000,48.000000000000000
2324,9329846,2,1800.000000000000000,2.000000000000000
2325,9329854,22,19800.000000000000000,22.000000000000000
2326,9329856,9,8100.000000000000000,9.000000000000000
2327,9329860,19,17100.000000000000000,19.000000000000000
2328,9329874,14,12600.000000000000000,14.000000000000000
2329,9329876,54,48600.000000000000000,54.000000000000000
2330,9329878,18,16200.000000000000000,18.000000000000000
2331,9329880,34,30600.000000000000000,34.000000000000000
2332,9329882,19,17100.000000000000000,19.000000000000000
2333,9329892,3,2700.000000000000000,3.000000000000000
2334,9329896,8,7200.000000000000000,8.000000000000000
2335,9329898,6,5400.000000000000000,6.000000000000000
2336,9329900,46,41400.000000000000000,46.000000000000000
2337,9329904,33,29700.000000000000000,33.000000000000000
2338,9329906,26,23400.000000000000000,26.000000000000000
2339,9329908,2,1800.000000000000000,2.000000000000000
2340,9329910,8,7200.000000000000000,8.000000000000000
2341,9329912,3,2700.000000000000000,3.000000000000000
2342,9329914,11,9900.000000000000000,11.000000000000000
2343,9329916,43,38700.000000000000000,43.000000000000000
2344,9329918,12,10800.000000000000000,12.000000000000000
2345,9329920,11,9900.000000000000000,11.000000000000000
2346,9329922,19,17100.000000000000000,19.000000000000000
2347,9329924,39,35100.000000000000000,39.000000000000000
2348,9329926,20,18000.000000000000000,20.000000000000000
2349,9329928,46,41400.000000000000000,46.000000000000000
2350,9329930,40,36000.000000000000000,40.000000000000000
2351,9329932,3,2700.000000000000000,3.000000000000000
2352,9329934,73,65700.000000000000000,73.000000000000000
2353,9329936,2,1800.000000000000000,2.000000000000000
2354,9329938,5,4500.000000000000000,5.000000000000000
2355,9329942,7,6300.000000000000000,7.000000000000000
2356,9329946,13,11700.000000000000000,13.000000000000000
2357,9329948,10,9000.000000000000000,10.000000000000000
2358,9329950,28,25200.000000000000000,28.000000000000000
2359,9329952,3,2700.000000000000000,3.000000000000000
2360,9329956,29,26100.000000000000000,29.000000000000000
2361,9329958,7,6300.000000000000000,7.000000000000000
2362,9329960,1,900.000000000000000,1.000000000000000
2363,9329964,9,8100.000000000000000,9.000000000000000
2364,9329966,4,3600.000000000000000,4.000000000000000
2365,9329968,169,152100.000000000000000,169.000000000000000
2366,9329970,24,21600.000000000000000,24.000000000000000
2367,9329972,2,1800.000000000000000,2.000000000000000
2368,9329978,89,80100.000000000000000,89.000000000000000
2369,9329980,18,16200.000000000000000,18.000000000000000
2370,9329982,1,900.000000000000000,1.000000000000000
2371,9329984,25,22500.000000000000000,25.000000000000000
2372,9329986,47,42300.000000000000000,47.000000000000000
2373,9329988,4,3600.000000000000000,4.000000000000000
2374,9329990,43,38700.000000000000000,43.000000000000000
2375,9329994,34,30600.000000000000000,34.000000000000000
2376,9329996,9,8100.000000000000000,9.000000000000000
2377,9330000,4,3600.000000000000000,4.000000000000000
2378,9330004,164,147600.000000000000000,164.000000000000000
2379,9330006,1,900.000000000000000,1.000000000000000
2380,9330008,2,1800.000000000000000,2.000000000000000
2381,9330012,95,85500.000000000000000,95.000000000000000
2382,9330014,2,1800.000000000000000,2.000000000000000
2383,9330016,12,10800.000000000000000,12.000000000000000
2384,9330026,3,2700.000000000000000,3.000000000000000
2385,9330030,21,18900.000000000000000,21.000000000000000
2386,9330036,53,47700.000000000000000,53.000000000000000
2387,9330040,8,7200.000000000000000,8.000000000000000
2388,9330042,57,51300.000000000000000,57.000000000000000
2389,9330046,21,18900.000000000000000,21.000000000000000
2390,9330048,14,12600.000000000000000,14.000000000000000
2391,9330052,42,37800.000000000000000,42.000000000000000
2392,9330054,43,38700.000000000000000,43.000000000000000
2393,9330056,3,2700.000000000000000,3.000000000000000
2394,9330060,29,26100.000000000000000,29.000000000000000
2395,9330062,60,54000.000000000000000,60.000000000000000
2396,9330066,23,20700.000000000000000,23.000000000000000
2397,9330070,6,5400.000000000000000,6.000000000000000
2398,9330074,48,43200.000000000000000,48.000000000000000
2399,9330076,18,16200.000000000000000,18.000000000000000
2400,9330078,21,18900.000000000000000,21.000000000000000
2401,9330080,10,9000.000000000000000,10.000000000000000
2402,9330082,2,1800.000000000000000,2.000000000000000
2403,9330084,26,23400.000000000000000,26.000000000000000
2404,9330086,41,36900.000000000000000,41.000000000000000
2405,9330088,6,5400.000000000000000,6.000000000000000
2406,9330090,36,32400.000000000000000,36.000000000000000
2407,9330092,50,45000.000000000000000,50.000000000000000
2408,9330094,26,23400.000000000000000,26.000000000000000
2409,9330100,60,54000.000000000000000,60.000000000000000
2410,9330102,18,16200.000000000000000,18.000000000000000
2411,9330104,4,3600.000000000000000,4.000000000000000
2412,9330106,22,19800.000000000000000,22.000000000000000
2413,9330108,13,11700.000000000000000,13.000000000000000
2414,9330112,9,8100.000000000000000,9.000000000000000
2415,9330114,38,34200.000000000000000,38.000000000000000
2416,9330116,25,22500.000000000000000,25.000000000000000
2417,9330118,76,68400.000000000000000,76.000000000000000
2418,9330120,6,5400.000000000000000,6.000000000000000
2419,9330124,43,38700.000000000000000,43.000000000000000
2420,9330126,1,900.000000000000000,1.000000000000000
2421,9330128,1,900.000000000000000,1.000000000000000
2422,9330130,17,15300.000000000000000,17.000000000000000
2423,9330134,32,28800.000000000000000,32.000000000000000
2424,9330136,3,2700.000000000000000,3.000000000000000
2425,9330138,27,24300.000000000000000,27.000000000000000
2426,9330140,11,9900.000000000000000,11.000000000000000
2427,9330142,3,2700.000000000000000,3.000000000000000
2428,9330144,30,27000.000000000000000,30.000000000000000
2429,9330146,24,21600.000000000000000,24.000000000000000
2430,9330148,17,15300.000000000000000,17.000000000000000
2431,9330152,10,9000.000000000000000,10.000000000000000
2432,9330154,14,12600.000000000000000,14.000000000000000
2433,9330158,3,2700.000000000000000,3.000000000000000
2434,9330164,29,26100.000000000000000,29.000000000000000
2435,9330166,2,1800.000000000000000,2.000000000000000
2436,9330170,42,37800.000000000000000,42.000000000000000
2437,9330172,53,47700.000000000000000,53.000000000000000
2438,9330174,78,70200.000000000000000,78.000000000000000
2439,9330178,3,2700.000000000000000,3.000000000000000
2440,9330180,40,36000.000000000000000,40.000000000000000
2441,9330184,11,9900.000000000000000,11.000000000000000
2442,9330186,122,109800.000000000000000,122.000000000000000
2443,9330188,6,5400.000000000000000,6.000000000000000
2444,9330190,16,14400.000000000000000,16.000000000000000
2445,9330194,93,83700.000000000000000,93.000000000000000
2446,9330204,49,44100.000000000000000,49.000000000000000
2447,9330206,13,11700.000000000000000,13.000000000000000
2448,9330216,51,45900.000000000000000,51.000000000000000
2449,9330220,15,13500.000000000000000,15.000000000000000
2450,9330224,36,32400.000000000000000,36.000000000000000
2451,9330226,49,44100.000000000000000,49.000000000000000
2452,9330230,5,4500.000000000000000,5.000000000000000
2453,9330234,11,9900.000000000000000,11.000000000000000
2454,9330246,13,11700.000000000000000,13.000000000000000
2455,9330248,8,7200.000000000000000,8.000000000000000
2456,9330252,33,29700.000000000000000,33.000000000000000
2457,9330254,36,32400.000000000000000,36.000000000000000
2458,9330256,100,90000.000000000000000,100.000000000000000
2459,9330258,68,61200.000000000000000,68.000000000000000
2460,9330260,98,88200.000000000000000,98.000000000000000
2461,9330262,10,9000.000000000000000,10.000000000000000
2462,9330264,28,25200.000000000000000,28.000000000000000
2463,9330266,56,50400.000000000000000,56.000000000000000
2464,9330274,27,24300.000000000000000,27.000000000000000
2465,9330282,10,9000.000000000000000,10.000000000000000
2466,9330286,12,10800.000000000000000,12.000000000000000
2467,9330288,3,2700.000000000000000,3.000000000000000
2468,9330292,14,12600.000000000000000,14.000000000000000
2469,9330294,1,900.000000000000000,1.000000000000000
2470,9330296,9,8100.000000000000000,9.000000000000000
2471,9330298,35,31500.000000000000000,35.000000000000000
2472,9330300,4,3600.000000000000000,4.000000000000000
2473,9330302,11,9900.000000000000000,11.000000000000000
2474,9330306,4,3600.000000000000000,4.000000000000000
2475,9330310,4,3600.000000000000000,4.000000000000000
2476,9330312,107,96300.000000000000000,107.000000000000000
2477,9330314,19,17100.000000000000000,19.000000000000000
2478,9330316,41,36900.000000000000000,41.000000000000000
2479,9330318,8,7200.000000000000000,8.000000000000000
2480,9330320,6,5400.000000000000000,6.000000000000000
2481,9330322,143,128700.000000000000000,143.000000000000000
2482,9330324,113,101700.000000000000000,113.000000000000000
2483,9330326,52,46800.000000000000000,52.000000000000000
2484,9330332,85,76500.000000000000000,85.000000000000000
2485,9330334,3,2700.000000000000000,3.000000000000000
2486,9330336,9,8100.000000000000000,9.000000000000000
2487,9330338,47,42300.000000000000000,47.000000000000000
2488,9330340,26,23400.000000000000000,26.000000000000000
2489,9330342,68,61200.000000000000000,68.000000000000000
2490,9330344,2,1800.000000000000000,2.000000000000000
2491,9330346,7,6300.000000000000000,7.000000000000000
2492,9330348,111,99900.000000000000000,111.000000000000000
2493,9330350,26,23400.000000000000000,26.000000000000000
2494,9330354,72,64800.000000000000000,72.000000000000000
2495,9330356,41,36900.000000000000000,41.000000000000000
2496,9330358,8,7200.000000000000000,8.000000000000000
2497,9330362,94,84600.000000000000000,94.000000000000000
2498,9330364,29,26100.000000000000000,29.000000000000000
2499,9330368,4,3600.000000000000000,4.000000000000000
2500,9330370,92,82800.000000000000000,92.000000000000000
2501,9330374,61,54900.000000000000000,61.000000000000000
2502,9330376,52,46800.000000000000000,52.000000000000000
2503,9330378,84,75600.000000000000000,84.000000000000000
2504,9330380,23,20700.000000000000000,23.000000000000000
2505,9330384,106,95400.000000000000000,106.000000000000000
2506,9330386,18,16200.000000000000000,18.000000000000000
2507,9330388,6,5400.000000000000000,6.000000000000000
2508,9330392,20,18000.000000000000000,20.000000000000000
2509,9330396,26,23400.000000000000000,26.000000000000000
2510,9330404,2,1800.000000000000000,2.000000000000000
2511,9330408,43,38700.000000000000000,43.000000000000000
2512,9330410,14,12600.000000000000000,14.000000000000000
2513,9330412,57,51300.000000000000000,57.000000000000000
2514,9330414,53,47700.000000000000000,53.000000000000000
2515,9330416,10,9000.000000000000000,10.000000000000000
2516,9330418,10,9000.000000000000000,10.000000000000000
2517,9330420,115,103500.000000000000000,115.000000000000000
2518,9330424,143,128700.000000000000000,143.000000000000000
2519,9330426,251,225900.000000000000000,251.000000000000000
2520,9330436,1,900.000000000000000,1.000000000000000
2521,9330446,7,6300.000000000000000,7.000000000000000
2522,9330448,59,53100.000000000000000,59.000000000000000
2523,9330450,53,47700.000000000000000,53.000000000000000
2524,9330452,104,93600.000000000000000,104.000000000000000
2525,9330454,4,3600.000000000000000,4.000000000000000
2526,9330458,45,40500.000000000000000,45.000000000000000
2527,9330460,35,31500.000000000000000,35.000000000000000
2528,9330462,135,121500.000000000000000,135.000000000000000
2529,9330466,10,9000.000000000000000,10.000000000000000
2530,9330470,7,6300.000000000000000,7.000000000000000
2531,9330474,18,16200.000000000000000,18.000000000000000
2532,9330480,9,8100.000000000000000,9.000000000000000
2533,9330482,10,9000.000000000000000,10.000000000000000
2534,9330484,15,13500.000000000000000,15.000000000000000
2535,9330490,24,21600.000000000000000,24.000000000000000
2536,9330494,50,45000.000000000000000,50.000000000000000
2537,9330496,44,39600.000000000000000,44.000000000000000
2538,9330498,8,7200.000000000000000,8.000000000000000
2539,9330502,14,12600.000000000000000,14.000000000000000
2540,9330508,1,900.000000000000000,1.000000000000000
2541,9330514,40,36000.000000000000000,40.000000000000000
2542,9330518,3,2700.000000000000000,3.000000000000000
2543,9330520,4,3600.000000000000000,4.000000000000000
2544,9330522,7,6300.000000000000000,7.000000000000000
2545,9330524,2,1800.000000000000000,2.000000000000000
2546,9330526,7,6300.000000000000000,7.000000000000000
2547,9330528,8,7200.000000000000000,8.000000000000000
2548,9330530,13,11700.000000000000000,13.000000000000000
2549,9330532,51,45900.000000000000000,51.000000000000000
2550,9330534,24,21600.000000000000000,24.000000000000000
2551,9330536,32,28800.000000000000000,32.000000000000000
2552,9330538,39,35100.000000000000000,39.000000000000000
2553,9330542,18,16200.000000000000000,18.000000000000000
2554,9330546,8,7200.000000000000000,8.000000000000000
2555,9330550,14,12600.000000000000000,14.000000000000000
2556,9330552,21,18900.000000000000000,21.000000000000000
2557,9330554,7,6300.000000000000000,7.000000000000000
2558,9330556,49,44100.000000000000000,49.000000000000000
2559,9330560,148,133200.000000000000000,148.000000000000000
2560,9330562,9,8100.000000000000000,9.000000000000000
2561,9330566,46,41400.000000000000000,46.000000000000000
2562,9330568,38,34200.000000000000000,38.000000000000000
2563,9330570,5,4500.000000000000000,5.000000000000000
2564,9330574,4,3600.000000000000000,4.000000000000000
2565,9330576,12,10800.000000000000000,12.000000000000000
2566,9330582,30,27000.000000000000000,30.000000000000000
2567,9330584,68,61200.000000000000000,68.000000000000000
2568,9330586,193,173700.000000000000000,193.000000000000000
2569,9330588,93,83700.000000000000000,93.000000000000000
2570,9330590,3,2700.000000000000000,3.000000000000000
2571,9330592,5,4500.000000000000000,5.000000000000000
2572,9330594,7,6300.000000000000000,7.000000000000000
2573,9330596,29,26100.000000000000000,29.000000000000000
2574,9330600,28,25200.000000000000000,28.000000000000000
2575,9330602,76,68400.000000000000000,76.000000000000000
2576,9330606,9,8100.000000000000000,9.000000000000000
2577,9330610,123,110700.000000000000000,123.000000000000000
2578,9330612,16,14400.000000000000000,16.000000000000000
2579,9330614,21,18900.000000000000000,21.000000000000000
2580,9330616,55,49500.000000000000000,55.000000000000000
2581,9330618,15,13500.000000000000000,15.000000000000000
2582,9330620,7,6300.000000000000000,7.000000000000000
2583,9330622,17,15300.000000000000000,17.000000000000000
2584,9330624,33,29700.000000000000000,33.000000000000000
2585,9330626,53,47700.000000000000000,53.000000000000000
2586,9330628,2,1800.000000000000000,2.000000000000000
2587,9330630,5,4500.000000000000000,5.000000000000000
2588,9330644,24,21600.000000000000000,24.000000000000000
2589,9330648,52,46800.000000000000000,52.000000000000000
2590,9330650,59,53100.000000000000000,59.000000000000000
2591,9330660,72,64800.000000000000000,72.000000000000000
2592,9330662,68,61200.000000000000000,68.000000000000000
2593,9330666,77,69300.000000000000000,77.000000000000000
2594,9330668,2,1800.000000000000000,2.000000000000000
2595,9330670,79,71100.000000000000000,79.000000000000000
2596,9330672,1,900.000000000000000,1.000000000000000
2597,9330674,6,5400.000000000000000,6.000000000000000
2598,9330678,65,58500.000000000000000,65.000000000000000
2599,9330686,6,5400.000000000000000,6.000000000000000
2600,9330692,9,8100.000000000000000,9.000000000000000
2601,9330698,22,19800.000000000000000,22.000000000000000
2602,9330704,11,9900.000000000000000,11.000000000000000
2603,9330706,12,10800.000000000000000,12.000000000000000
2604,9330708,15,13500.000000000000000,15.000000000000000
2605,9330710,11,9900.000000000000000,11.000000000000000
2606,9330712,16,14400.000000000000000,16.000000000000000
2607,9330714,12,10800.000000000000000,12.000000000000000
2608,9330716,22,19800.000000000000000,22.000000000000000
2609,9330718,7,6300.000000000000000,7.000000000000000
2610,9330720,205,184500.000000000000000,205.000000000000000
2611,9330722,82,73800.000000000000000,82.000000000000000
2612,9330724,4,3600.000000000000000,4.000000000000000
2613,9330732,22,19800.000000000000000,22.000000000000000
2614,9330734,4,3600.000000000000000,4.000000000000000
2615,9330740,51,45900.000000000000000,51.000000000000000
2616,9330742,41,36900.000000000000000,41.000000000000000
2617,9330744,577,519300.000000000000000,577.000000000000000
2618,9330746,137,123300.000000000000000,137.000000000000000
2619,9330748,242,217800.000000000000000,242.000000000000000
2620,9330750,64,57600.000000000000000,64.000000000000000
2621,9330752,56,50400.000000000000000,56.000000000000000
2622,9330754,33,29700.000000000000000,33.000000000000000
2623,9330756,165,148500.000000000000000,165.000000000000000
2624,9330758,7,6300.000000000000000,7.000000000000000
2625,9330760,274,246600.000000000000000,274.000000000000000
2626,9330762,280,252000.000000000000000,280.000000000000000
2627,9330766,8,7200.000000000000000,8.000000000000000
2628,9330768,44,39600.000000000000000,44.000000000000000
2629,9330770,172,154800.000000000000000,172.000000000000000
2630,9330772,170,153000.000000000000000,170.000000000000000
2631,9330778,17,15300.000000000000000,17.000000000000000
2632,9330780,62,55800.000000000000000,62.000000000000000
2633,9330782,194,174600.000000000000000,194.000000000000000
2634,9330784,32,28800.000000000000000,32.000000000000000
2635,9330786,128,115200.000000000000000,128.000000000000000
2636,9330788,31,27900.000000000000000,31.000000000000000
2637,9330790,98,88200.000000000000000,98.000000000000000
2638,9330792,118,106200.000000000000000,118.000000000000000
2639,9330794,31,27900.000000000000000,31.000000000000000
2640,9330796,2,1800.000000000000000,2.000000000000000
2641,9330798,25,22500.000000000000000,25.000000000000000
2642,9330800,32,28800.000000000000000,32.000000000000000
2643,9330804,200,180000.000000000000000,200.000000000000000
2644,9330806,114,102600.000000000000000,114.000000000000000
2645,9330808,42,37800.000000000000000,42.000000000000000
2646,9330810,43,38700.000000000000000,43.000000000000000
2647,9330812,81,72900.000000000000000,81.000000000000000
2648,9330816,2,1800.000000000000000,2.000000000000000
2649,9330820,71,63900.000000000000000,71.000000000000000
2650,9330822,118,106200.000000000000000,118.000000000000000
2651,9330828,42,37800.000000000000000,42.000000000000000
2652,9330830,118,106200.000000000000000,118.000000000000000
2653,9330832,5,4500.000000000000000,5.000000000000000
2654,9330834,39,35100.000000000000000,39.000000000000000
2655,9330836,3,2700.000000000000000,3.000000000000000
2656,9330840,30,27000.000000000000000,30.000000000000000
2657,9330854,9,8100.000000000000000,9.000000000000000
2658,9330856,1,900.000000000000000,1.000000000000000
2659,9330860,223,200700.000000000000000,223.000000000000000
2660,9330868,50,45000.000000000000000,50.000000000000000
2661,9330870,46,41400.000000000000000,46.000000000000000
2662,9330872,3,2700.000000000000000,3.000000000000000
2663,9330874,24,21600.000000000000000,24.000000000000000
2664,9330876,33,29700.000000000000000,33.000000000000000
2665,9330878,11,9900.000000000000000,11.000000000000000
2666,9330880,4,3600.000000000000000,4.000000000000000
2667,9330882,25,22500.000000000000000,25.000000000000000
2668,9330884,13,11700.000000000000000,13.000000000000000
2669,9330886,1,900.000000000000000,1.000000000000000
2670,9330888,45,40500.000000000000000,45.000000000000000
2671,9330892,35,31500.000000000000000,35.000000000000000
2672,9330894,11,9900.000000000000000,11.000000000000000
2673,9330896,11,9900.000000000000000,11.000000000000000
2674,9330898,80,72000.000000000000000,80.000000000000000
2675,9330902,112,100800.000000000000000,112.000000000000000
2676,9330904,4,3600.000000000000000,4.000000000000000
2677,9330908,11,9900.000000000000000,11.000000000000000
2678,9330910,17,15300.000000000000000,17.000000000000000
2679,9330912,81,72900.000000000000000,81.000000000000000
2680,9330914,25,22500.000000000000000,25.000000000000000
2681,9330916,558,502200.000000000000000,558.000000000000000
2682,9330920,56,50400.000000000000000,56.000000000000000
2683,9330922,7,6300.000000000000000,7.000000000000000
2684,9330924,51,45900.000000000000000,51.000000000000000
2685,9330926,8,7200.000000000000000,8.000000000000000
2686,9330930,2,1800.000000000000000,2.000000000000000
2687,9330932,7,6300.000000000000000,7.000000000000000
2688,9330934,20,18000.000000000000000,20.000000000000000
2689,9330936,12,10800.000000000000000,12.000000000000000
2690,9330940,9,8100.000000000000000,9.000000000000000
2691,9330942,42,37800.000000000000000,42.000000000000000
2692,9330944,125,112500.000000000000000,125.000000000000000
2693,9330946,132,118800.000000000000000,132.000000000000000
2694,9330948,46,41400.000000000000000,46.000000000000000
2695,9330950,18,16200.000000000000000,18.000000000000000
2696,9330952,53,47700.000000000000000,53.000000000000000
2697,9330954,4,3600.000000000000000,4.000000000000000
2698,9330956,68,61200.000000000000000,68.000000000000000
2699,9330960,132,118800.000000000000000,132.000000000000000
2700,9330964,37,33300.000000000000000,37.000000000000000
2701,9330966,5,4500.000000000000000,5.000000000000000
2702,9330968,6,5400.000000000000000,6.000000000000000
2703,9330970,5,4500.000000000000000,5.000000000000000
2704,9330974,36,32400.000000000000000,36.000000000000000
2705,9330978,14,12600.000000000000000,14.000000000000000
2706,9330980,12,10800.000000000000000,12.000000000000000
2707,9330982,72,64800.000000000000000,72.000000000000000
2708,9330986,7,6300.000000000000000,7.000000000000000
2709,9330992,36,32400.000000000000000,36.000000000000000
2710,9330994,50,45000.000000000000000,50.000000000000000
2711,9330996,76,68400.000000000000000,76.000000000000000
2712,9330998,17,15300.000000000000000,17.000000000000000
2713,9331002,24,21600.000000000000000,24.000000000000000
2714,9331004,31,27900.000000000000000,31.000000000000000
2715,9331006,18,16200.000000000000000,18.000000000000000
2716,9331010,4,3600.000000000000000,4.000000000000000
2717,9331012,160,144000.000000000000000,160.000000000000000
2718,9331024,1,900.000000000000000,1.000000000000000
2719,9331026,12,10800.000000000000000,12.000000000000000
2720,9331028,8,7200.000000000000000,8.000000000000000
2721,9331030,10,9000.000000000000000,10.000000000000000
2722,9331032,23,20700.000000000000000,23.000000000000000
2723,9331034,74,66600.000000000000000,74.000000000000000
2724,9331036,5,4500.000000000000000,5.000000000000000
2725,9331040,45,40500.000000000000000,45.000000000000000
2726,9331042,43,38700.000000000000000,43.000000000000000
2727,9331044,175,157500.000000000000000,175.000000000000000
2728,9331046,10,9000.000000000000000,10.000000000000000
2729,9331048,41,36900.000000000000000,41.000000000000000
2730,9331050,29,26100.000000000000000,29.000000000000000
2731,9331052,83,74700.000000000000000,83.000000000000000
2732,9331054,7,6300.000000000000000,7.000000000000000
2733,9331056,2,1800.000000000000000,2.000000000000000
2734,9331058,11,9900.000000000000000,11.000000000000000
2735,9331060,47,42300.000000000000000,47.000000000000000
2736,9331062,1,900.000000000000000,1.000000000000000
2737,9331064,32,28800.000000000000000,32.000000000000000
2738,9331066,1,900.000000000000000,1.000000000000000
2739,9331068,49,44100.000000000000000,49.000000000000000
2740,9331070,6,5400.000000000000000,6.000000000000000
2741,9331072,128,115200.000000000000000,128.000000000000000
2742,9331074,14,12600.000000000000000,14.000000000000000
2743,9331078,7,6300.000000000000000,7.000000000000000
2744,9331080,7,6300.000000000000000,7.000000000000000
2745,9331084,38,34200.000000000000000,38.000000000000000
2746,9331086,95,85500.000000000000000,95.000000000000000
2747,9331088,175,157500.000000000000000,175.000000000000000
2748,9331090,64,57600.000000000000000,64.000000000000000
2749,9331092,91,81900.000000000000000,91.000000000000000
2750,9331094,13,11700.000000000000000,13.000000000000000
2751,9331096,304,273600.000000000000000,304.000000000000000
2752,9331100,75,67500.000000000000000,75.000000000000000
2753,9331102,118,106200.000000000000000,118.000000000000000
2754,9331106,180,162000.000000000000000,180.000000000000000
2755,9331112,22,19800.000000000000000,22.000000000000000
2756,9331116,8,7200.000000000000000,8.000000000000000
2757,9331122,6,5400.000000000000000,6.000000000000000
2758,9331124,19,17100.000000000000000,19.000000000000000
2759,9331126,12,10800.000000000000000,12.000000000000000
2760,9331134,7,6300.000000000000000,7.000000000000000
2761,9331138,18,16200.000000000000000,18.000000000000000
2762,9331142,10,9000.000000000000000,10.000000000000000
2763,9331144,53,47700.000000000000000,53.000000000000000
2764,9331152,2,1800.000000000000000,2.000000000000000
2765,9331158,15,13500.000000000000000,15.000000000000000
2766,9331160,23,20700.000000000000000,23.000000000000000
2767,9331162,23,20700.000000000000000,23.000000000000000
2768,9331168,2,1800.000000000000000,2.000000000000000
2769,9331172,9,8100.000000000000000,9.000000000000000
2770,9331178,15,13500.000000000000000,15.000000000000000
2771,9331186,12,10800.000000000000000,12.000000000000000
2772,9331192,6,5400.000000000000000,6.000000000000000
2773,9331196,1,900.000000000000000,1.000000000000000
2774,9331200,182,163800.000000000000000,182.000000000000000
2775,9331202,60,54000.000000000000000,60.000000000000000
2776,9331206,1,900.000000000000000,1.000000000000000
2777,9331210,15,13500.000000000000000,15.000000000000000
2778,9331228,205,184500.000000000000000,205.000000000000000
2779,9331230,161,144900.000000000000000,161.000000000000000
2780,9331232,1,900.000000000000000,1.000000000000000
2781,9331234,161,144900.000000000000000,161.000000000000000
2782,9331236,1,900.000000000000000,1.000000000000000
2783,9331240,32,28800.000000000000000,32.000000000000000
2784,9331244,9,8100.000000000000000,9.000000000000000
2785,9331246,97,87300.000000000000000,97.000000000000000
2786,9331256,4,3600.000000000000000,4.000000000000000
2787,9331258,32,28800.000000000000000,32.000000000000000
2788,9331260,6,5400.000000000000000,6.000000000000000
2789,9331266,3,2700.000000000000000,3.000000000000000
2790,9331268,15,13500.000000000000000,15.000000000000000
2791,9331270,42,37800.000000000000000,42.000000000000000
2792,9331272,17,15300.000000000000000,17.000000000000000
2793,9331274,28,25200.000000000000000,28.000000000000000
2794,9331278,1,900.000000000000000,1.000000000000000
2795,9331280,3,2700.000000000000000,3.000000000000000
2796,9331282,10,9000.000000000000000,10.000000000000000
2797,9331284,5,4500.000000000000000,5.000000000000000
2798,9331292,2,1800.000000000000000,2.000000000000000
2799,9331294,48,43200.000000000000000,48.000000000000000
2800,9331298,6,5400.000000000000000,6.000000000000000
2801,9331300,131,117900.000000000000000,131.000000000000000
2802,9331302,41,36900.000000000000000,41.000000000000000
2803,9331306,98,88200.000000000000000,98.000000000000000
2804,9331318,7,6300.000000000000000,7.000000000000000
2805,9331324,37,33300.000000000000000,37.000000000000000
2806,9331326,9,8100.000000000000000,9.000000000000000
2807,9331342,4,3600.000000000000000,4.000000000000000
2808,9331344,3,2700.000000000000000,3.000000000000000
2809,9331346,20,18000.000000000000000,20.000000000000000
2810,9331350,87,78300.000000000000000,87.000000000000000
2811,9331356,2,1800.000000000000000,2.000000000000000
2812,9331358,44,39600.000000000000000,44.000000000000000
2813,9331368,1,900.000000000000000,1.000000000000000
2814,9331378,4,3600.000000000000000,4.000000000000000
2815,9331388,13,11700.000000000000000,13.000000000000000
2816,9331396,2,1800.000000000000000,2.000000000000000
2817,9331404,69,62100.000000000000000,69.000000000000000
2818,9331410,1,900.000000000000000,1.000000000000000
2819,9331412,18,16200.000000000000000,18.000000000000000
2820,9331416,9,8100.000000000000000,9.000000000000000
2821,9331438,6,5400.000000000000000,6.000000000000000
2822,9331446,2,1800.000000000000000,2.000000000000000
2823,9331452,28,25200.000000000000000,28.000000000000000
2824,9331454,2,1800.000000000000000,2.000000000000000
2825,9331456,8,7200.000000000000000,8.000000000000000
2826,9331458,184,165600.000000000000000,184.000000000000000
2827,9331464,17,15300.000000000000000,17.000000000000000
2828,9331468,14,12600.000000000000000,14.000000000000000
2829,9331474,13,11700.000000000000000,13.000000000000000
2830,9331476,4,3600.000000000000000,4.000000000000000
2831,9331478,17,15300.000000000000000,17.000000000000000
2832,9331480,1,900.000000000000000,1.000000000000000
2833,9331482,9,8100.000000000000000,9.000000000000000
2834,9331488,5,4500.000000000000000,5.000000000000000
2835,9331490,3,2700.000000000000000,3.000000000000000
2836,9331496,2,1800.000000000000000,2.000000000000000
2837,9331502,16,14400.000000000000000,16.000000000000000
2838,9331510,109,98100.000000000000000,109.000000000000000
2839,9331512,2,1800.000000000000000,2.000000000000000
2840,9331514,60,54000.000000000000000,60.000000000000000
2841,9331518,394,354600.000000000000000,394.000000000000000
2842,9331520,199,179100.000000000000000,199.000000000000000
2843,9331526,3,2700.000000000000000,3.000000000000000
2844,9331528,113,101700.000000000000000,113.000000000000000
2845,9331532,328,295200.000000000000000,328.000000000000000
2846,9331534,15,13500.000000000000000,15.000000000000000
2847,9331538,3,2700.000000000000000,3.000000000000000
2848,9331540,143,128700.000000000000000,143.000000000000000
2849,9331544,498,448200.000000000000000,498.000000000000000
2850,9331546,15,13500.000000000000000,15.000000000000000
2851,9331548,16,14400.000000000000000,16.000000000000000
2852,9331552,7,6300.000000000000000,7.000000000000000
2853,9331554,548,493200.000000000000000,548.000000000000000
2854,9331558,29,26100.000000000000000,29.000000000000000
2855,9331562,6,5400.000000000000000,6.000000000000000
2856,9331566,5,4500.000000000000000,5.000000000000000
2857,9331570,7,6300.000000000000000,7.000000000000000
2858,9331572,141,126900.000000000000000,141.000000000000000
2859,9331576,79,71100.000000000000000,79.000000000000000
2860,9331580,214,192600.000000000000000,214.000000000000000
2861,9331588,14,12600.000000000000000,14.000000000000000
2862,9331590,30,27000.000000000000000,30.000000000000000
2863,9331596,106,95400.000000000000000,106.000000000000000
2864,9331600,221,198900.000000000000000,221.000000000000000
2865,9331602,15,13500.000000000000000,15.000000000000000
2866,9331610,115,103500.000000000000000,115.000000000000000
2867,9331616,293,263700.000000000000000,293.000000000000000
2868,9331618,1,900.000000000000000,1.000000000000000
2869,9331622,3,2700.000000000000000,3.000000000000000
2870,9331644,14,12600.000000000000000,14.000000000000000
2871,9331648,109,98100.000000000000000,109.000000000000000
2872,9331654,6,5400.000000000000000,6.000000000000000
2873,9331656,23,20700.000000000000000,23.000000000000000
2874,9331658,3,2700.000000000000000,3.000000000000000
2875,9331664,117,105300.000000000000000,117.000000000000000
2876,9331666,105,94500.000000000000000,105.000000000000000
2877,9331670,27,24300.000000000000000,27.000000000000000
2878,9331674,13,11700.000000000000000,13.000000000000000
2879,9331676,61,54900.000000000000000,61.000000000000000
2880,9331678,10,9000.000000000000000,10.000000000000000
2881,9331680,11,9900.000000000000000,11.000000000000000
2882,9331684,77,69300.000000000000000,77.000000000000000
2883,9331686,50,45000.000000000000000,50.000000000000000
2884,9331690,28,25200.000000000000000,28.000000000000000
2885,9331698,5,4500.000000000000000,5.000000000000000
2886,9331712,3,2700.000000000000000,3.000000000000000
2887,9331722,3,2700.000000000000000,3.000000000000000
2888,9332144,12,10800.000000000000000,12.000000000000000
2889,9332150,75,67500.000000000000000,75.000000000000000
2890,9332152,13,11700.000000000000000,13.000000000000000
2891,9332154,83,74700.000000000000000,83.000000000000000
2892,9332160,47,42300.000000000000000,47.000000000000000
2893,9332164,14,12600.000000000000000,14.000000000000000
2894,9332168,2,1800.000000000000000,2.000000000000000
2895,9332170,4,3600.000000000000000,4.000000000000000
2896,9332172,76,68400.000000000000000,76.000000000000000
2897,9332176,222,199800.000000000000000,222.000000000000000
2898,9332180,27,24300.000000000000000,27.000000000000000
2899,9332182,33,29700.000000000000000,33.000000000000000
2900,9332192,422,379800.000000000000000,422.000000000000000
2901,9332194,74,66600.000000000000000,74.000000000000000
2902,9332196,10,9000.000000000000000,10.000000000000000
2903,9332202,51,45900.000000000000000,51.000000000000000
2904,9332204,282,253800.000000000000000,282.000000000000000
2905,9332206,48,43200.000000000000000,48.000000000000000
2906,9332208,3,2700.000000000000000,3.000000000000000
2907,9332210,9,8100.000000000000000,9.000000000000000
2908,9332212,4,3600.000000000000000,4.000000000000000
2909,9332216,66,59400.000000000000000,66.000000000000000
2910,9332220,40,36000.000000000000000,40.000000000000000
2911,9332222,80,72000.000000000000000,80.000000000000000
2912,9332226,4,3600.000000000000000,4.000000000000000
2913,9332228,17,15300.000000000000000,17.000000000000000
2914,9332230,39,35100.000000000000000,39.000000000000000
2915,9332234,26,23400.000000000000000,26.000000000000000
2916,9332236,6,5400.000000000000000,6.000000000000000
2917,9332238,155,139500.000000000000000,155.000000000000000
2918,9332240,264,237600.000000000000000,264.000000000000000
2919,9332242,337,303300.000000000000000,337.000000000000000
2920,9332246,170,153000.000000000000000,170.000000000000000
2921,9332248,104,93600.000000000000000,104.000000000000000
2922,9332250,12,10800.000000000000000,12.000000000000000
2923,9332252,118,106200.000000000000000,118.000000000000000
2924,9332254,19,17100.000000000000000,19.000000000000000
2925,9332258,200,180000.000000000000000,200.000000000000000
2926,9332260,63,56700.000000000000000,63.000000000000000
2927,9332262,63,56700.000000000000000,63.000000000000000
2928,9332264,49,44100.000000000000000,49.000000000000000
2929,9332266,617,555300.000000000000000,617.000000000000000
2930,9332268,30,27000.000000000000000,30.000000000000000
2931,9332270,99,89100.000000000000000,99.000000000000000
2932,9332272,44,39600.000000000000000,44.000000000000000
2933,9332274,113,101700.000000000000000,113.000000000000000
2934,9332278,155,139500.000000000000000,155.000000000000000
2935,9332280,69,62100.000000000000000,69.000000000000000
2936,9332282,5,4500.000000000000000,5.000000000000000
2937,9332286,14,12600.000000000000000,14.000000000000000
2938,9332290,8,7200.000000000000000,8.000000000000000
2939,9332292,105,94500.000000000000000,105.000000000000000
2940,9332294,135,121500.000000000000000,135.000000000000000
2941,9332296,27,24300.000000000000000,27.000000000000000
2942,9332298,35,31500.000000000000000,35.000000000000000
2943,9332300,35,31500.000000000000000,35.000000000000000
2944,9332302,43,38700.000000000000000,43.000000000000000
2945,9332304,818,736200.000000000000000,818.000000000000000
2946,9332306,11,9900.000000000000000,11.000000000000000
2947,9332308,98,88200.000000000000000,98.000000000000000
2948,9332312,5,4500.000000000000000,5.000000000000000
2949,9332314,10,9000.000000000000000,10.000000000000000
2950,9332316,61,54900.000000000000000,61.000000000000000
2951,9332318,7,6300.000000000000000,7.000000000000000
2952,9332320,33,29700.000000000000000,33.000000000000000
2953,9332322,1,900.000000000000000,1.000000000000000
2954,9332324,61,54900.000000000000000,61.000000000000000
2955,9332326,3,2700.000000000000000,3.000000000000000
2956,9332328,73,65700.000000000000000,73.000000000000000
2957,9332330,196,176400.000000000000000,196.000000000000000
2958,9332332,61,54900.000000000000000,61.000000000000000
2959,9332334,155,139500.000000000000000,155.000000000000000
2960,9332336,102,91800.000000000000000,102.000000000000000
2961,9332338,130,117000.000000000000000,130.000000000000000
2962,9332342,236,212400.000000000000000,236.000000000000000
2963,9332344,106,95400.000000000000000,106.000000000000000
2964,9332346,116,104400.000000000000000,116.000000000000000
2965,9332350,2,1800.000000000000000,2.000000000000000
2966,9332352,13,11700.000000000000000,13.000000000000000
2967,9332354,26,23400.000000000000000,26.000000000000000
2968,9332356,8,7200.000000000000000,8.000000000000000
2969,9332360,64,57600.000000000000000,64.000000000000000
2970,9332362,17,15300.000000000000000,17.000000000000000
2971,9332364,14,12600.000000000000000,14.000000000000000
2972,9332366,140,126000.000000000000000,140.000000000000000
2973,9332368,10,9000.000000000000000,10.000000000000000
2974,9332370,1,900.000000000000000,1.000000000000000
2975,9332376,11,9900.000000000000000,11.000000000000000
2976,9332378,17,15300.000000000000000,17.000000000000000
2977,9332386,9,8100.000000000000000,9.000000000000000
2978,9332458,29,26100.000000000000000,29.000000000000000
2979,9332460,70,63000.000000000000000,70.000000000000000
2980,9332462,257,231300.000000000000000,257.000000000000000
2981,9332464,94,84600.000000000000000,94.000000000000000
2982,9332466,171,153900.000000000000000,171.000000000000000
2983,9332486,8,7200.000000000000000,8.000000000000000
2984,9332490,47,42300.000000000000000,47.000000000000000
2985,9332494,47,42300.000000000000000,47.000000000000000
2986,9332496,108,97200.000000000000000,108.000000000000000
2987,9332502,462,415800.000000000000000,462.000000000000000
2988,9332506,370,333000.000000000000000,370.000000000000000
2989,9332508,18,16200.000000000000000,18.000000000000000
2990,9332512,94,84600.000000000000000,94.000000000000000
2991,9332518,154,138600.000000000000000,154.000000000000000
2992,9332520,312,280800.000000000000000,312.000000000000000
2993,9332522,4,3600.000000000000000,4.000000000000000
2994,9332524,3,2700.000000000000000,3.000000000000000
2995,9332526,838,754200.000000000000000,838.000000000000000
2996,9332528,2,1800.000000000000000,2.000000000000000
2997,9332534,91,81900.000000000000000,91.000000000000000
2998,9332536,62,55800.000000000000000,62.000000000000000
2999,9332538,965,868500.000000000000000,965.000000000000000
3000,9332542,6,5400.000000000000000,6.000000000000000
3001,9332546,307,276300.000000000000000,307.000000000000000
3002,9332552,290,261000.000000000000000,290.000000000000000
3003,9332558,331,297900.000000000000000,331.000000000000000
3004,9332560,15,13500.000000000000000,15.000000000000000
3005,9332562,23,20700.000000000000000,23.000000000000000
3006,9332564,213,191700.000000000000000,213.000000000000000
3007,9332566,72,64800.000000000000000,72.000000000000000
3008,9332570,28,25200.000000000000000,28.000000000000000
3009,9332582,55,49500.000000000000000,55.000000000000000
3010,9332584,3,2700.000000000000000,3.000000000000000
3011,9336412,78,70200.000000000000000,78.000000000000000
3012,9336430,15,13500.000000000000000,15.000000000000000
3013,10102038,60,54000.000000000000000,60.000000000000000
3014,10102040,24,21600.000000000000000,24.000000000000000
3015,10102042,17,15300.000000000000000,17.000000000000000
3016,10102044,89,80100.000000000000000,89.000000000000000
3017,10102048,36,32400.000000000000000,36.000000000000000
3018,10102050,55,49500.000000000000000,55.000000000000000
3019,10102052,8,7200.000000000000000,8.000000000000000
3020,10102054,32,28800.000000000000000,32.000000000000000
3021,10102056,6,5400.000000000000000,6.000000000000000
3022,10102062,70,63000.000000000000000,70.000000000000000
3023,10102064,8,7200.000000000000000,8.000000000000000
3024,10102066,25,22500.000000000000000,25.000000000000000
3025,10102068,23,20700.000000000000000,23.000000000000000
3026,10102074,50,45000.000000000000000,50.000000000000000
3027,10102076,31,27900.000000000000000,31.000000000000000
3028,10102078,38,34200.000000000000000,38.000000000000000
3029,10102080,3,2700.000000000000000,3.000000000000000
3030,10102082,35,31500.000000000000000,35.000000000000000
3031,10102084,38,34200.000000000000000,38.000000000000000
3032,10102086,35,31500.000000000000000,35.000000000000000
3033,10102088,27,24300.000000000000000,27.000000000000000
3034,10102090,69,62100.000000000000000,69.000000000000000
3035,10102092,10,9000.000000000000000,10.000000000000000
3036,10102094,39,35100.000000000000000,39.000000000000000
3037,10102098,6,5400.000000000000000,6.000000000000000
3038,10102102,102,91800.000000000000000,102.000000000000000
3039,10102104,33,29700.000000000000000,33.000000000000000
3040,10102106,12,10800.000000000000000,12.000000000000000
3041,10102108,40,36000.000000000000000,40.000000000000000
3042,10102110,91,81900.000000000000000,91.000000000000000
3043,10102114,28,25200.000000000000000,28.000000000000000
3044,10102116,30,27000.000000000000000,30.000000000000000
3045,10102120,8,7200.000000000000000,8.000000000000000
3046,10102122,1,900.000000000000000,1.000000000000000
3047,10102124,47,42300.000000000000000,47.000000000000000
3048,10102126,4,3600.000000000000000,4.000000000000000
3049,10102128,21,18900.000000000000000,21.000000000000000
3050,10102132,39,35100.000000000000000,39.000000000000000
3051,10102134,44,39600.000000000000000,44.000000000000000
3052,10102136,4,3600.000000000000000,4.000000000000000
3053,10102138,4,3600.000000000000000,4.000000000000000
3054,10102140,6,5400.000000000000000,6.000000000000000
3055,10102142,53,47700.000000000000000,53.000000000000000
3056,10102144,60,54000.000000000000000,60.000000000000000
3057,10102146,24,21600.000000000000000,24.000000000000000
3058,10102148,4,3600.000000000000000,4.000000000000000
3059,10102150,25,22500.000000000000000,25.000000000000000
3060,10102152,31,27900.000000000000000,31.000000000000000
3061,10102154,12,10800.000000000000000,12.000000000000000
3062,10102156,94,84600.000000000000000,94.000000000000000
3063,10102158,56,50400.000000000000000,56.000000000000000
3064,10102160,99,89100.000000000000000,99.000000000000000
3065,10102162,37,33300.000000000000000,37.000000000000000
3066,10102164,7,6300.000000000000000,7.000000000000000
3067,10102166,18,16200.000000000000000,18.000000000000000
3068,10102168,3,2700.000000000000000,3.000000000000000
3069,10102170,22,19800.000000000000000,22.000000000000000
3070,10102172,114,102600.000000000000000,114.000000000000000
3071,10102174,16,14400.000000000000000,16.000000000000000
3072,10102176,4,3600.000000000000000,4.000000000000000
3073,10102178,6,5400.000000000000000,6.000000000000000
3074,10102182,32,28800.000000000000000,32.000000000000000
3075,10102186,36,32400.000000000000000,36.000000000000000
3076,10102188,71,63900.000000000000000,71.000000000000000
3077,10102190,3,2700.000000000000000,3.000000000000000
3078,10102192,54,48600.000000000000000,54.000000000000000
3079,10102198,34,30600.000000000000000,34.000000000000000
3080,10102200,55,49500.000000000000000,55.000000000000000
3081,10102202,44,39600.000000000000000,44.000000000000000
3082,10102204,30,27000.000000000000000,30.000000000000000
3083,10102208,36,32400.000000000000000,36.000000000000000
3084,10102212,115,103500.000000000000000,115.000000000000000
3085,10102214,110,99000.000000000000000,110.000000000000000
3086,10102216,52,46800.000000000000000,52.000000000000000
3087,10102218,20,18000.000000000000000,20.000000000000000
3088,10102220,3,2700.000000000000000,3.000000000000000
3089,10102222,18,16200.000000000000000,18.000000000000000
3090,10102224,9,8100.000000000000000,9.000000000000000
3091,10102226,6,5400.000000000000000,6.000000000000000
3092,10102228,143,128700.000000000000000,143.000000000000000
3093,10102232,15,13500.000000000000000,15.000000000000000
3094,10102234,98,88200.000000000000000,98.000000000000000
3095,10102236,33,29700.000000000000000,33.000000000000000
3096,10102238,87,78300.000000000000000,87.000000000000000
3097,10102242,64,57600.000000000000000,64.000000000000000
3098,10102244,28,25200.000000000000000,28.000000000000000
3099,10102250,61,54900.000000000000000,61.000000000000000
3100,10102254,52,46800.000000000000000,52.000000000000000
3101,10102256,93,83700.000000000000000,93.000000000000000
3102,10102258,83,74700.000000000000000,83.000000000000000
3103,10102260,52,46800.000000000000000,52.000000000000000
3104,10102262,4,3600.000000000000000,4.000000000000000
3105,10102264,15,13500.000000000000000,15.000000000000000
3106,10102266,10,9000.000000000000000,10.000000000000000
3107,10102268,26,23400.000000000000000,26.000000000000000
3108,10102270,38,34200.000000000000000,38.000000000000000
3109,10102272,6,5400.000000000000000,6.000000000000000
3110,10102276,1,900.000000000000000,1.000000000000000
3111,10102280,11,9900.000000000000000,11.000000000000000
3112,10102288,6,5400.000000000000000,6.000000000000000
3113,10102290,3,2700.000000000000000,3.000000000000000
3114,10102292,107,96300.000000000000000,107.000000000000000
3115,10102296,192,172800.000000000000000,192.000000000000000
3116,10102298,2,1800.000000000000000,2.000000000000000
3117,10102300,16,14400.000000000000000,16.000000000000000
3118,10102302,24,21600.000000000000000,24.000000000000000
3119,10102304,75,67500.000000000000000,75.000000000000000
3120,10102306,54,48600.000000000000000,54.000000000000000
3121,10102308,10,9000.000000000000000,10.000000000000000
3122,10102310,12,10800.000000000000000,12.000000000000000
3123,10102312,24,21600.000000000000000,24.000000000000000
3124,10102314,52,46800.000000000000000,52.000000000000000
3125,10102316,172,154800.000000000000000,172.000000000000000
3126,10102318,66,59400.000000000000000,66.000000000000000
3127,10102320,5,4500.000000000000000,5.000000000000000
3128,10102322,6,5400.000000000000000,6.000000000000000
3129,10102324,140,126000.000000000000000,140.000000000000000
3130,10102326,2,1800.000000000000000,2.000000000000000
3131,10102330,30,27000.000000000000000,30.000000000000000
3132,10102332,3,2700.000000000000000,3.000000000000000
3133,10102336,10,9000.000000000000000,10.000000000000000
3134,10102338,1,900.000000000000000,1.000000000000000
3135,10102344,50,45000.000000000000000,50.000000000000000
3136,10102346,45,40500.000000000000000,45.000000000000000
3137,10102348,18,16200.000000000000000,18.000000000000000
3138,10102350,64,57600.000000000000000,64.000000000000000
3139,10102352,35,31500.000000000000000,35.000000000000000
3140,10102354,21,18900.000000000000000,21.000000000000000
3141,10102358,46,41400.000000000000000,46.000000000000000
3142,10102360,66,59400.000000000000000,66.000000000000000
3143,10102362,62,55800.000000000000000,62.000000000000000
3144,10102364,53,47700.000000000000000,53.000000000000000
3145,10102366,70,63000.000000000000000,70.000000000000000
3146,10102368,40,36000.000000000000000,40.000000000000000
3147,10102370,29,26100.000000000000000,29.000000000000000
3148,10102372,477,429300.000000000000000,477.000000000000000
3149,10102374,190,171000.000000000000000,190.000000000000000
3150,10102376,8,7200.000000000000000,8.000000000000000
3151,10102382,129,116100.000000000000000,129.000000000000000
3152,10102384,4,3600.000000000000000,4.000000000000000
3153,10102386,28,25200.000000000000000,28.000000000000000
3154,10102388,27,24300.000000000000000,27.000000000000000
3155,10102390,23,20700.000000000000000,23.000000000000000
3156,10102392,33,29700.000000000000000,33.000000000000000
3157,10102394,102,91800.000000000000000,102.000000000000000
3158,10102396,43,38700.000000000000000,43.000000000000000
3159,10102398,1,900.000000000000000,1.000000000000000
3160,10102402,220,198000.000000000000000,220.000000000000000
3161,10102404,65,58500.000000000000000,65.000000000000000
3162,10102406,133,119700.000000000000000,133.000000000000000
3163,10102408,52,46800.000000000000000,52.000000000000000
3164,10102410,21,18900.000000000000000,21.000000000000000
3165,10102412,39,35100.000000000000000,39.000000000000000
3166,10102414,3,2700.000000000000000,3.000000000000000
3167,10102416,29,26100.000000000000000,29.000000000000000
3168,10102420,51,45900.000000000000000,51.000000000000000
3169,10102422,65,58500.000000000000000,65.000000000000000
3170,10102426,32,28800.000000000000000,32.000000000000000
3171,10102428,155,139500.000000000000000,155.000000000000000
3172,10102432,32,28800.000000000000000,32.000000000000000
3173,10102440,301,270900.000000000000000,301.000000000000000
3174,10102442,82,73800.000000000000000,82.000000000000000
3175,10102444,9,8100.000000000000000,9.000000000000000
3176,10102446,65,58500.000000000000000,65.000000000000000
3177,10102448,82,73800.000000000000000,82.000000000000000
3178,10102452,21,18900.000000000000000,21.000000000000000
3179,10102454,73,65700.000000000000000,73.000000000000000
3180,10102458,16,14400.000000000000000,16.000000000000000
3181,10102460,19,17100.000000000000000,19.000000000000000
3182,10102462,24,21600.000000000000000,24.000000000000000
3183,10102464,78,70200.000000000000000,78.000000000000000
3184,10102466,90,81000.000000000000000,90.000000000000000
3185,10102468,1,900.000000000000000,1.000000000000000
3186,10102470,21,18900.000000000000000,21.000000000000000
3187,10102474,29,26100.000000000000000,29.000000000000000
3188,10102480,6,5400.000000000000000,6.000000000000000
3189,10102482,46,41400.000000000000000,46.000000000000000
3190,10102484,48,43200.000000000000000,48.000000000000000
3191,10102486,2,1800.000000000000000,2.000000000000000
3192,10102490,8,7200.000000000000000,8.000000000000000
3193,10102494,1,900.000000000000000,1.000000000000000
3194,10102498,217,195300.000000000000000,217.000000000000000
3195,10102500,63,56700.000000000000000,63.000000000000000
3196,10102504,15,13500.000000000000000,15.000000000000000
3197,10102506,16,14400.000000000000000,16.000000000000000
3198,10102508,112,100800.000000000000000,112.000000000000000
3199,10102510,1038,934200.000000000000000,1038.000000000000000
3200,10102512,15,13500.000000000000000,15.000000000000000
3201,10102514,67,60300.000000000000000,67.000000000000000
3202,10102516,14,12600.000000000000000,14.000000000000000
3203,10102518,26,23400.000000000000000,26.000000000000000
3204,10102520,2,1800.000000000000000,2.000000000000000
3205,10102522,65,58500.000000000000000,65.000000000000000
3206,10102524,6,5400.000000000000000,6.000000000000000
3207,10102528,20,18000.000000000000000,20.000000000000000
3208,10102530,32,28800.000000000000000,32.000000000000000
3209,10102532,104,93600.000000000000000,104.000000000000000
3210,10102534,45,40500.000000000000000,45.000000000000000
3211,10102536,56,50400.000000000000000,56.000000000000000
3212,10102538,149,134100.000000000000000,149.000000000000000
3213,10102540,40,36000.000000000000000,40.000000000000000
3214,10102542,10,9000.000000000000000,10.000000000000000
3215,10102544,38,34200.000000000000000,38.000000000000000
3216,10102546,52,46800.000000000000000,52.000000000000000
3217,10102548,39,35100.000000000000000,39.000000000000000
3218,10102550,96,86400.000000000000000,96.000000000000000
3219,10102552,420,378000.000000000000000,420.000000000000000
3220,10102554,67,60300.000000000000000,67.000000000000000
3221,10102556,83,74700.000000000000000,83.000000000000000
3222,10102558,7,6300.000000000000000,7.000000000000000
3223,10102564,53,47700.000000000000000,53.000000000000000
3224,10102570,53,47700.000000000000000,53.000000000000000
3225,10102572,3,2700.000000000000000,3.000000000000000
3226,10102574,11,9900.000000000000000,11.000000000000000
3227,10102576,59,53100.000000000000000,59.000000000000000
3228,10102580,7,6300.000000000000000,7.000000000000000
3229,10102582,18,16200.000000000000000,18.000000000000000
3230,10102586,14,12600.000000000000000,14.000000000000000
3231,10102588,14,12600.000000000000000,14.000000000000000
3232,10102590,6,5400.000000000000000,6.000000000000000
3233,10102592,181,162900.000000000000000,181.000000000000000
3234,10102600,29,26100.000000000000000,29.000000000000000
3235,10102602,46,41400.000000000000000,46.000000000000000
3236,10102604,10,9000.000000000000000,10.000000000000000
3237,10102606,21,18900.000000000000000,21.000000000000000
3238,10102608,24,21600.000000000000000,24.000000000000000
3239,10102610,11,9900.000000000000000,11.000000000000000
3240,10102612,15,13500.000000000000000,15.000000000000000
3241,10102614,35,31500.000000000000000,35.000000000000000
3242,10102618,45,40500.000000000000000,45.000000000000000
3243,10102620,4,3600.000000000000000,4.000000000000000
3244,10102622,27,24300.000000000000000,27.000000000000000
3245,10102624,1,900.000000000000000,1.000000000000000
3246,10102626,3,2700.000000000000000,3.000000000000000
3247,10102628,44,39600.000000000000000,44.000000000000000
3248,10102630,16,14400.000000000000000,16.000000000000000
3249,10102632,3,2700.000000000000000,3.000000000000000
3250,10102634,2,1800.000000000000000,2.000000000000000
3251,10102636,37,33300.000000000000000,37.000000000000000
3252,10102638,12,10800.000000000000000,12.000000000000000
3253,10102640,31,27900.000000000000000,31.000000000000000
3254,10102642,76,68400.000000000000000,76.000000000000000
3255,10102644,24,21600.000000000000000,24.000000000000000
3256,10102646,24,21600.000000000000000,24.000000000000000
3257,10102648,390,351000.000000000000000,390.000000000000000
3258,10102650,15,13500.000000000000000,15.000000000000000
3259,10102652,279,251100.000000000000000,279.000000000000000
3260,10102654,13,11700.000000000000000,13.000000000000000
3261,10102656,106,95400.000000000000000,106.000000000000000
3262,10102658,29,26100.000000000000000,29.000000000000000
3263,10102660,2,1800.000000000000000,2.000000000000000
3264,10102662,30,27000.000000000000000,30.000000000000000
3265,10102666,138,124200.000000000000000,138.000000000000000
3266,10102668,11,9900.000000000000000,11.000000000000000
3267,10102670,8,7200.000000000000000,8.000000000000000
3268,10102672,17,15300.000000000000000,17.000000000000000
3269,10102674,15,13500.000000000000000,15.000000000000000
3270,10102676,165,148500.000000000000000,165.000000000000000
3271,10102678,16,14400.000000000000000,16.000000000000000
3272,10102680,26,23400.000000000000000,26.000000000000000
3273,10102682,9,8100.000000000000000,9.000000000000000
3274,10102686,10,9000.000000000000000,10.000000000000000
3275,10102688,21,18900.000000000000000,21.000000000000000
3276,10102690,69,62100.000000000000000,69.000000000000000
3277,10102692,164,147600.000000000000000,164.000000000000000
3278,10102694,123,110700.000000000000000,123.000000000000000
3279,10102696,32,28800.000000000000000,32.000000000000000
3280,10102698,31,27900.000000000000000,31.000000000000000
3281,10102702,14,12600.000000000000000,14.000000000000000
3282,10102704,54,48600.000000000000000,54.000000000000000
3283,10102706,58,52200.000000000000000,58.000000000000000
3284,10102708,35,31500.000000000000000,35.000000000000000
3285,10102710,16,14400.000000000000000,16.000000000000000
3286,10102714,121,108900.000000000000000,121.000000000000000
3287,10102716,35,31500.000000000000000,35.000000000000000
3288,10102718,88,79200.000000000000000,88.000000000000000
3289,10102720,42,37800.000000000000000,42.000000000000000
3290,10102722,145,130500.000000000000000,145.000000000000000
3291,10102724,34,30600.000000000000000,34.000000000000000
3292,10102726,23,20700.000000000000000,23.000000000000000
3293,10102728,87,78300.000000000000000,87.000000000000000
3294,10102730,13,11700.000000000000000,13.000000000000000
3295,10102734,12,10800.000000000000000,12.000000000000000
3296,10102738,12,10800.000000000000000,12.000000000000000
3297,10102740,47,42300.000000000000000,47.000000000000000
3298,10102742,94,84600.000000000000000,94.000000000000000
3299,10102744,195,175500.000000000000000,195.000000000000000
3300,10102758,60,54000.000000000000000,60.000000000000000
3301,10102760,38,34200.000000000000000,38.000000000000000
3302,10102762,218,196200.000000000000000,218.000000000000000
3303,10102764,42,37800.000000000000000,42.000000000000000
3304,10102766,9,8100.000000000000000,9.000000000000000
3305,10102768,65,58500.000000000000000,65.000000000000000
3306,10102772,213,191700.000000000000000,213.000000000000000
3307,10102774,8,7200.000000000000000,8.000000000000000
3308,10102776,52,46800.000000000000000,52.000000000000000
3309,10102778,21,18900.000000000000000,21.000000000000000
3310,10102780,154,138600.000000000000000,154.000000000000000
3311,10102782,14,12600.000000000000000,14.000000000000000
3312,10102784,32,28800.000000000000000,32.000000000000000
3313,10102786,225,202500.000000000000000,225.000000000000000
3314,10102788,25,22500.000000000000000,25.000000000000000
3315,10102790,120,108000.000000000000000,120.000000000000000
3316,10102792,8,7200.000000000000000,8.000000000000000
3317,10102794,103,92700.000000000000000,103.000000000000000
3318,10102796,41,36900.000000000000000,41.000000000000000
3319,10102798,30,27000.000000000000000,30.000000000000000
3320,10102800,41,36900.000000000000000,41.000000000000000
3321,10102802,3,2700.000000000000000,3.000000000000000
3322,10102804,207,186300.000000000000000,207.000000000000000
3323,10102806,73,65700.000000000000000,73.000000000000000
3324,10102808,95,85500.000000000000000,95.000000000000000
3325,10102810,8,7200.000000000000000,8.000000000000000
3326,10102812,90,81000.000000000000000,90.000000000000000
3327,10102814,68,61200.000000000000000,68.000000000000000
3328,10102816,35,31500.000000000000000,35.000000000000000
3329,10102822,76,68400.000000000000000,76.000000000000000
3330,10102824,13,11700.000000000000000,13.000000000000000
3331,10102826,93,83700.000000000000000,93.000000000000000
3332,10102828,275,247500.000000000000000,275.000000000000000
3333,10102830,46,41400.000000000000000,46.000000000000000
3334,10102832,92,82800.000000000000000,92.000000000000000
3335,10102834,89,80100.000000000000000,89.000000000000000
3336,10102836,490,441000.000000000000000,490.000000000000000
3337,10102838,9,8100.000000000000000,9.000000000000000
3338,10102840,32,28800.000000000000000,32.000000000000000
3339,10102842,53,47700.000000000000000,53.000000000000000
3340,10102844,69,62100.000000000000000,69.000000000000000
3341,10102846,276,248400.000000000000000,276.000000000000000
3342,10102848,13,11700.000000000000000,13.000000000000000
3343,10102850,90,81000.000000000000000,90.000000000000000
3344,10102852,96,86400.000000000000000,96.000000000000000
3345,10102854,71,63900.000000000000000,71.000000000000000
3346,10102856,127,114300.000000000000000,127.000000000000000
3347,10102858,12,10800.000000000000000,12.000000000000000
3348,10102862,50,45000.000000000000000,50.000000000000000
3349,10102864,45,40500.000000000000000,45.000000000000000
3350,10102866,63,56700.000000000000000,63.000000000000000
3351,10102868,23,20700.000000000000000,23.000000000000000
3352,10102870,115,103500.000000000000000,115.000000000000000
3353,10102874,154,138600.000000000000000,154.000000000000000
3354,10102876,117,105300.000000000000000,117.000000000000000
3355,10102882,64,57600.000000000000000,64.000000000000000
3356,10102884,132,118800.000000000000000,132.000000000000000
3357,10102886,42,37800.000000000000000,42.000000000000000
3358,10102888,114,102600.000000000000000,114.000000000000000
3359,10102890,51,45900.000000000000000,51.000000000000000
3360,10102892,9,8100.000000000000000,9.000000000000000
3361,10102894,117,105300.000000000000000,117.000000000000000
3362,10102896,544,489600.000000000000000,544.000000000000000
3363,10102898,137,123300.000000000000000,137.000000000000000
3364,10102900,127,114300.000000000000000,127.000000000000000
3365,10102902,31,27900.000000000000000,31.000000000000000
3366,10102904,36,32400.000000000000000,36.000000000000000
3367,10102906,28,25200.000000000000000,28.000000000000000
3368,10102908,96,86400.000000000000000,96.000000000000000
3369,10102910,55,49500.000000000000000,55.000000000000000
3370,10102912,186,167400.000000000000000,186.000000000000000
3371,10102920,30,27000.000000000000000,30.000000000000000
3372,10102924,58,52200.000000000000000,58.000000000000000
3373,10102928,52,46800.000000000000000,52.000000000000000
3374,10102930,38,34200.000000000000000,38.000000000000000
3375,10102932,4,3600.000000000000000,4.000000000000000
3376,10102934,3,2700.000000000000000,3.000000000000000
3377,10102936,10,9000.000000000000000,10.000000000000000
3378,10102938,57,51300.000000000000000,57.000000000000000
3379,10102944,16,14400.000000000000000,16.000000000000000
3380,10102948,36,32400.000000000000000,36.000000000000000
3381,10102950,160,144000.000000000000000,160.000000000000000
3382,10102952,1,900.000000000000000,1.000000000000000
3383,10103630,1,900.000000000000000,1.000000000000000
3384,10103632,4,3600.000000000000000,4.000000000000000
3385,10103642,2,1800.000000000000000,2.000000000000000
3386,10103644,21,18900.000000000000000,21.000000000000000
3387,10103646,7,6300.000000000000000,7.000000000000000
3388,10103650,15,13500.000000000000000,15.000000000000000
3389,10103652,25,22500.000000000000000,25.000000000000000
3390,10103654,8,7200.000000000000000,8.000000000000000
3391,10103656,51,45900.000000000000000,51.000000000000000
3392,10103658,4,3600.000000000000000,4.000000000000000
3393,10103660,69,62100.000000000000000,69.000000000000000
3394,10103662,25,22500.000000000000000,25.000000000000000
3395,10103664,44,39600.000000000000000,44.000000000000000
3396,10103666,91,81900.000000000000000,91.000000000000000
3397,10103668,62,55800.000000000000000,62.000000000000000
3398,10103670,128,115200.000000000000000,128.000000000000000
3399,10103672,6,5400.000000000000000,6.000000000000000
3400,10103674,35,31500.000000000000000,35.000000000000000
3401,10103676,67,60300.000000000000000,67.000000000000000
3402,10103680,4,3600.000000000000000,4.000000000000000
3403,10103682,25,22500.000000000000000,25.000000000000000
3404,10103684,12,10800.000000000000000,12.000000000000000
3405,10103686,34,30600.000000000000000,34.000000000000000
3406,10103688,1,900.000000000000000,1.000000000000000
3407,10103690,8,7200.000000000000000,8.000000000000000
3408,10103692,15,13500.000000000000000,15.000000000000000
3409,10103694,16,14400.000000000000000,16.000000000000000
3410,10103698,10,9000.000000000000000,10.000000000000000
3411,10103702,5,4500.000000000000000,5.000000000000000
3412,10103704,5,4500.000000000000000,5.000000000000000
3413,10103706,8,7200.000000000000000,8.000000000000000
3414,10103708,68,61200.000000000000000,68.000000000000000
3415,10103710,139,125100.000000000000000,139.000000000000000
3416,10103712,116,104400.000000000000000,116.000000000000000
3417,10103716,17,15300.000000000000000,17.000000000000000
3418,10103718,21,18900.000000000000000,21.000000000000000
3419,10103720,49,44100.000000000000000,49.000000000000000
3420,10103722,74,66600.000000000000000,74.000000000000000
3421,10103724,20,18000.000000000000000,20.000000000000000
3422,10103726,3,2700.000000000000000,3.000000000000000
3423,10103728,17,15300.000000000000000,17.000000000000000
3424,10103730,452,406800.000000000000000,452.000000000000000
3425,10103732,17,15300.000000000000000,17.000000000000000
3426,10103734,126,113400.000000000000000,126.000000000000000
3427,10103736,5,4500.000000000000000,5.000000000000000
3428,10103738,64,57600.000000000000000,64.000000000000000
3429,10103740,79,71100.000000000000000,79.000000000000000
3430,10103742,32,28800.000000000000000,32.000000000000000
3431,10103746,51,45900.000000000000000,51.000000000000000
3432,10103748,44,39600.000000000000000,44.000000000000000
3433,10103750,34,30600.000000000000000,34.000000000000000
3434,10103754,20,18000.000000000000000,20.000000000000000
3435,10103756,3,2700.000000000000000,3.000000000000000
3436,10103758,143,128700.000000000000000,143.000000000000000
3437,10103760,2,1800.000000000000000,2.000000000000000
3438,10103762,98,88200.000000000000000,98.000000000000000
3439,10103764,41,36900.000000000000000,41.000000000000000
3440,10103766,3,2700.000000000000000,3.000000000000000
3441,10103768,175,157500.000000000000000,175.000000000000000
3442,10103770,78,70200.000000000000000,78.000000000000000
3443,10103776,64,57600.000000000000000,64.000000000000000
3444,10103778,77,69300.000000000000000,77.000000000000000
3445,10103780,71,63900.000000000000000,71.000000000000000
3446,10103782,46,41400.000000000000000,46.000000000000000
3447,10103784,1,900.000000000000000,1.000000000000000
3448,10103786,24,21600.000000000000000,24.000000000000000
3449,10103788,38,34200.000000000000000,38.000000000000000
3450,10103790,9,8100.000000000000000,9.000000000000000
3451,10103792,33,29700.000000000000000,33.000000000000000
3452,10103794,8,7200.000000000000000,8.000000000000000
3453,10103798,14,12600.000000000000000,14.000000000000000
3454,10103800,1,900.000000000000000,1.000000000000000
3455,10103802,38,34200.000000000000000,38.000000000000000
3456,10103804,52,46800.000000000000000,52.000000000000000
3457,10103806,42,37800.000000000000000,42.000000000000000
3458,10103808,34,30600.000000000000000,34.000000000000000
3459,10103810,3,2700.000000000000000,3.000000000000000
3460,10103812,5,4500.000000000000000,5.000000000000000
3461,10103814,43,38700.000000000000000,43.000000000000000
3462,10103816,50,45000.000000000000000,50.000000000000000
3463,10103818,35,31500.000000000000000,35.000000000000000
3464,10103820,77,69300.000000000000000,77.000000000000000
3465,10103884,49,44100.000000000000000,49.000000000000000
3466,10103886,98,88200.000000000000000,98.000000000000000
3467,10103888,26,23400.000000000000000,26.000000000000000
3468,10103890,94,84600.000000000000000,94.000000000000000
3469,10103892,41,36900.000000000000000,41.000000000000000
3470,10103894,147,132300.000000000000000,147.000000000000000
3471,10103904,1,900.000000000000000,1.000000000000000
3472,10103906,14,12600.000000000000000,14.000000000000000
3473,10103908,1,900.000000000000000,1.000000000000000
3474,10103914,19,17100.000000000000000,19.000000000000000
3475,10103916,53,47700.000000000000000,53.000000000000000
3476,10103918,16,14400.000000000000000,16.000000000000000
3477,10103920,2,1800.000000000000000,2.000000000000000
3478,10103922,11,9900.000000000000000,11.000000000000000
3479,10103926,3,2700.000000000000000,3.000000000000000
3480,10103928,27,24300.000000000000000,27.000000000000000
3481,10103938,15,13500.000000000000000,15.000000000000000
3482,10103940,25,22500.000000000000000,25.000000000000000
3483,10103942,17,15300.000000000000000,17.000000000000000
3484,10103950,54,48600.000000000000000,54.000000000000000
3485,10103954,33,29700.000000000000000,33.000000000000000
3486,10103956,58,52200.000000000000000,58.000000000000000
3487,10103968,1,900.000000000000000,1.000000000000000
3488,10103980,26,23400.000000000000000,26.000000000000000
3489,10103982,16,14400.000000000000000,16.000000000000000
3490,10105032,379,341100.000000000000000,379.000000000000000
3491,166157770,15,13500.000000000000000,15.000000000000000
3492,166157771,34,30600.000000000000000,34.000000000000000
3493,166157772,64,57600.000000000000000,64.000000000000000
3494,166157773,119,107100.000000000000000,119.000000000000000
3495,166157776,40,36000.000000000000000,40.000000000000000
3496,166161613,105,94500.000000000000000,105.000000000000000
3497,166161614,341,306900.000000000000000,341.000000000000000
3498,166161615,117,105300.000000000000000,117.000000000000000
3499,166161616,342,307800.000000000000000,342.000000000000000
3500,166161617,2,1800.000000000000000,2.000000000000000
3501,166161618,6,5400.000000000000000,6.000000000000000
3502,166161619,65,58500.000000000000000,65.000000000000000
3503,166161620,102,91800.000000000000000,102.000000000000000
3504,166161623,1,900.000000000000000,1.000000000000000
3505,166174493,1,900.000000000000000,1.000000000000000
3506,166174494,3,2700.000000000000000,3.000000000000000
3507,166174528,20,18000.000000000000000,20.000000000000000
3508,166174529,17,15300.000000000000000,17.000000000000000
3509,166174530,30,27000.000000000000000,30.000000000000000
3510,166174531,71,63900.000000000000000,71.000000000000000
3511,166174533,142,127800.000000000000000,142.000000000000000
3512,166174534,91,81900.000000000000000,91.000000000000000
3513,166174535,19,17100.000000000000000,19.000000000000000
3514,166174536,15,13500.000000000000000,15.000000000000000
3515,166174537,55,49500.000000000000000,55.000000000000000
3516,166174538,1,900.000000000000000,1.000000000000000
3517,166174539,32,28800.000000000000000,32.000000000000000
3518,166174540,88,79200.000000000000000,88.000000000000000
3519,166174541,31,27900.000000000000000,31.000000000000000
3520,166174542,129,116100.000000000000000,129.000000000000000
3521,166174550,115,103500.000000000000000,115.000000000000000
3522,166174551,21,18900.000000000000000,21.000000000000000
3523,166174554,48,43200.000000000000000,48.000000000000000
3524,166443365,28,25200.000000000000000,28.000000000000000