OBJECTID,FEATUREID,COUNT,AREA,SUM
1,23838910,629,566100.000000000000000,0.000000000000000
2,23952584,822,739800.000000000000000,28.000000000000000
3,23952586,418,376200.000000000000000,19.000000000000000
4,23952588,8293,7463700.000000000000000,1573.000000000000000
5,23952590,1643,1478700.000000000000000,9.000000000000000
6,23952592,3644,3279600.000000000000000,658.000000000000000
7,23952594,4596,4136400.000000000000000,301.000000000000000
8,23952596,6243,5618700.000000000000000,205.000000000000000
9,23952598,36111,32499900.000000000000000,194.000000000000000
10,23952600,293,263700.000000000000000,14.000000000000000
11,23952602,10928,9835200.000000000000000,1019.000000000000000
12,23952604,6726,6053400.000000000000000,1968.000000000000000
13,23952606,959,863100.000000000000000,138.000000000000000
14,23952608,197,177300.000000000000000,51.000000000000000
15,23952610,4735,4261500.000000000000000,696.000000000000000
16,23952612,15960,14364000.000000000000000,1441.000000000000000
17,23952614,4502,4051800.000000000000000,26.000000000000000
18,23952616,3293,2963700.000000000000000,0.000000000000000
19,23952618,10134,9120600.000000000000000,131.000000000000000
20,23952620,1043,938700.000000000000000,0.000000000000000
21,23952622,2809,2528100.000000000000000,0.000000000000000
22,23952624,1110,999000.000000000000000,0.000000000000000
23,23952626,2675,2407500.000000000000000,0.000000000000000
24,23952628,571,513900.000000000000000,0.000000000000000
25,23952630,11521,10368900.000000000000000,0.000000000000000
26,23952632,5580,5022000.000000000000000,0.000000000000000
27,23952634,7789,7010100.000000000000000,0.000000000000000
28,23952636,4963,4466700.000000000000000,0.000000000000000
29,23952638,980,882000.000000000000000,0.000000000000000
30,23952640,2048,1843200.000000000000000,0.000000000000000
31,23952642,437,393300.000000000000000,0.000000000000000
32,23952644,6088,5479200.000000000000000,0.000000000000000
33,23952646,9289,8360100.000000000000000,0.000000000000000
34,23952648,1909,1718100.000000000000000,0.000000000000000
35,23952650,3476,3128400.000000000000000,0.000000000000000
36,23952652,18424,16581600.000000000000000,0.000000000000000
37,23952654,187,168300.000000000000000,0.000000000000000
38,23952656,6066,5459400.000000000000000,0.000000000000000
39,23952658,1184,1065600.000000000000000,0.000000000000000
40,23952660,5584,5025600.000000000000000,0.000000000000000
41,23952662,630,567000.000000000000000,0.000000000000000
42,23952664,59,53100.000000000000000,0.000000000000000
43,23952666,6301,5670900.000000000000000,0.000000000000000
44,23952668,406,365400.000000000000000,0.000000000000000
45,23952670,16737,15063300.000000000000000,0.000000000000000
46,23952672,3704,3333600.000000000000000,0.000000000000000
47,23952674,6076,5468400.000000000000000,0.000000000000000
48,23952676,9350,8415000.000000000000000,0.000000000000000
49,23952678,6398,5758200.000000000000000,0.000000000000000
50,23952680,6307,5676300.000000000000000,0.000000000000000
51,23952682,1064,957600.000000000000000,0.000000000000000
52,23952684,2633,2369700.000000000000000,0.000000000000000
53,23952686,1419,1277100.000000000000000,0.000000000000000
54,23952688,153,137700.000000000000000,0.000000000000000
55,23952690,3671,3303900.000000000000000,0.000000000000000
56,23952692,32,28800.000000000000000,0.000000000000000
57,23952694,192,172800.000000000000000,0.000000000000000
58,23952696,8403,7562700.000000000000000,0.000000000000000
59,23952698,941,846900.000000000000000,0.000000000000000
60,23952700,924,831600.000000000000000,0.000000000000000
61,23952702,9898,8908200.000000000000000,0.000000000000000
62,23952704,2190,1971000.000000000000000,0.000000000000000
63,23952706,2750,2475000.000000000000000,0.000000000000000
64,23952708,207,186300.000000000000000,0.000000000000000
65,23952710,5260,4734000.000000000000000,0.000000000000000
66,23952712,24931,22437900.000000000000000,0.000000000000000
67,23952714,605,544500.000000000000000,0.000000000000000
68,23952716,5959,5363100.000000000000000,0.000000000000000
69,23952718,3223,2900700.000000000000000,0.000000000000000
70,23952720,13145,11830500.000000000000000,0.000000000000000
71,23952722,8188,7369200.000000000000000,0.000000000000000
72,23952724,10053,9047700.000000000000000,0.000000000000000
73,23952726,1844,1659600.000000000000000,0.000000000000000
74,23952728,4269,3842100.000000000000000,0.000000000000000
75,23952730,4788,4309200.000000000000000,10.000000000000000
76,23952732,15640,14076000.000000000000000,0.000000000000000
77,23952734,3318,2986200.000000000000000,95.000000000000000
78,23952738,1412,1270800.000000000000000,256.000000000000000
79,23952740,835,751500.000000000000000,43.000000000000000
80,23952742,595,535500.000000000000000,0.000000000000000
81,23952746,425,382500.000000000000000,0.000000000000000
82,23952748,7800,7020000.000000000000000,1534.000000000000000
83,23952750,155,139500.000000000000000,84.000000000000000
84,23952752,3816,3434400.000000000000000,127.000000000000000
85,23952754,967,870300.000000000000000,50.000000000000000
86,23952756,10423,9380700.000000000000000,2376.000000000000000
87,23952758,4721,4248900.000000000000000,1597.000000000000000
88,23952762,9588,8629200.000000000000000,1018.000000000000000
89,23952766,7617,6855300.000000000000000,544.000000000000000
90,23952776,7460,6714000.000000000000000,1561.000000000000000
91,23952780,1033,929700.000000000000000,0.000000000000000
92,23952786,3250,2925000.000000000000000,0.000000000000000
93,23952790,3082,2773800.000000000000000,0.000000000000000
94,23952792,4803,4322700.000000000000000,0.000000000000000
95,23952794,1618,1456200.000000000000000,0.000000000000000
96,23952796,3198,2878200.000000000000000,0.000000000000000
97,23952798,1894,1704600.000000000000000,0.000000000000000
98,23952800,74,66600.000000000000000,0.000000000000000
99,23952802,1939,1745100.000000000000000,208.000000000000000
100,23952804,6209,5588100.000000000000000,0.000000000000000
101,23952806,721,648900.000000000000000,0.000000000000000
102,23952808,2941,2646900.000000000000000,0.000000000000000
103,23952810,2126,1913400.000000000000000,0.000000000000000
104,23952812,5662,5095800.000000000000000,42.000000000000000
105,23952814,2492,2242800.000000000000000,0.000000000000000
106,23952816,6336,5702400.000000000000000,0.000000000000000
107,23952820,2280,2052000.000000000000000,0.000000000000000
108,23952822,6379,5741100.000000000000000,0.000000000000000
109,23952824,1687,1518300.000000000000000,0.000000000000000
110,23952826,4524,4071600.000000000000000,0.000000000000000
111,23952828,6475,5827500.000000000000000,0.000000000000000
112,23952830,2590,2331000.000000000000000,0.000000000000000
113,23952832,7083,6374700.000000000000000,0.000000000000000
114,23952834,2248,2023200.000000000000000,0.000000000000000
115,23952836,2764,2487600.000000000000000,0.000000000000000
116,23952838,1432,1288800.000000000000000,0.000000000000000
117,23952840,3114,2802600.000000000000000,0.000000000000000
118,23952842,2656,2390400.000000000000000,0.000000000000000
119,23952844,17789,16010100.000000000000000,0.000000000000000
120,23952846,6886,6197400.000000000000000,0.000000000000000
121,23952848,5807,5226300.000000000000000,0.000000000000000
122,23952850,1209,1088100.000000000000000,0.000000000000000
123,23952852,257,231300.000000000000000,0.000000000000000
124,23952854,3699,3329100.000000000000000,0.000000000000000
125,23952856,1293,1163700.000000000000000,0.000000000000000
126,23952858,591,531900.000000000000000,0.000000000000000
127,23952860,1218,1096200.000000000000000,0.000000000000000
128,23952862,732,658800.000000000000000,0.000000000000000
129,23952864,1668,1501200.000000000000000,0.000000000000000
130,23952866,787,708300.000000000000000,0.000000000000000
131,23952868,3154,2838600.000000000000000,0.000000000000000
132,23952870,1006,905400.000000000000000,0.000000000000000
133,23952872,1865,1678500.000000000000000,0.000000000000000
134,23952874,2317,2085300.000000000000000,0.000000000000000
135,23952876,9856,8870400.000000000000000,0.000000000000000
136,23952878,4021,3618900.000000000000000,0.000000000000000
137,23952880,818,736200.000000000000000,0.000000000000000
138,23952882,1798,1618200.000000000000000,0.000000000000000
139,23952884,4794,4314600.000000000000000,0.000000000000000
140,23952886,1244,1119600.000000000000000,0.000000000000000
141,23952888,2075,1867500.000000000000000,0.000000000000000
142,23952890,8507,7656300.000000000000000,213.000000000000000
143,23952892,3538,3184200.000000000000000,0.000000000000000
144,23952894,2635,2371500.000000000000000,0.000000000000000
145,23952898,5149,4634100.000000000000000,0.000000000000000
146,23952900,1151,1035900.000000000000000,0.000000000000000
147,23952902,1033,929700.000000000000000,0.000000000000000
148,23952904,4329,3896100.000000000000000,0.000000000000000
149,23952906,1098,988200.000000000000000,0.000000000000000
150,23952908,2397,2157300.000000000000000,0.000000000000000
151,23952910,95,85500.000000000000000,0.000000000000000
152,23952912,1829,1646100.000000000000000,0.000000000000000
153,23952914,1594,1434600.000000000000000,0.000000000000000
154,23952916,5695,5125500.000000000000000,0.000000000000000
155,23952918,1676,1508400.000000000000000,0.000000000000000
156,23952920,2744,2469600.000000000000000,0.000000000000000
157,23952922,6749,6074100.000000000000000,0.000000000000000
158,23952924,538,484200.000000000000000,0.000000000000000
159,23952926,9,8100.000000000000000,0.000000000000000
160,23952928,55,49500.000000000000000,0.000000000000000
161,23953831,362,325800.000000000000000,0.000000000000000
162,23953833,25395,22855500.000000000000000,0.000000000000000
163,23953835,16,14400.000000000000000,0.000000000000000
164,23953837,6921,6228900.000000000000000,0.000000000000000
165,23953839,7115,6403500.000000000000000,0.000000000000000
166,23953841,11402,10261800.000000000000000,0.000000000000000
167,23953843,6034,5430600.000000000000000,0.000000000000000
168,23953845,3855,3469500.000000000000000,0.000000000000000
169,23953847,682,613800.000000000000000,0.000000000000000
170,23953849,1262,1135800.000000000000000,0.000000000000000
171,23953851,21,18900.000000000000000,0.000000000000000
172,23953853,238,214200.000000000000000,0.000000000000000
173,23953855,13894,12504600.000000000000000,1.000000000000000
174,23953857,3349,3014100.000000000000000,0.000000000000000
175,23953859,3491,3141900.000000000000000,0.000000000000000
176,23953861,108,97200.000000000000000,0.000000000000000
177,23953863,10078,9070200.000000000000000,0.000000000000000
178,23953865,2018,1816200.000000000000000,0.000000000000000
179,23953867,4769,4292100.000000000000000,0.000000000000000
180,23953869,21807,19626300.000000000000000,28.000000000000000
181,23953871,3531,3177900.000000000000000,0.000000000000000
182,23953873,4550,4095000.000000000000000,0.000000000000000
183,23953879,3000,2700000.000000000000000,0.000000000000000
184,23953883,5988,5389200.000000000000000,0.000000000000000
185,23953885,1154,1038600.000000000000000,0.000000000000000
186,23953887,26061,23454900.000000000000000,0.000000000000000
187,23953889,2847,2562300.000000000000000,0.000000000000000
188,23953891,434,390600.000000000000000,0.000000000000000
189,23953893,7350,6615000.000000000000000,0.000000000000000
190,23953895,44907,40416300.000000000000000,0.000000000000000
191,23953897,11974,10776600.000000000000000,0.000000000000000
192,23953899,3352,3016800.000000000000000,0.000000000000000
193,23953901,12265,11038500.000000000000000,0.000000000000000
194,23953903,2863,2576700.000000000000000,0.000000000000000
195,23953905,8208,7387200.000000000000000,0.000000000000000
196,23953909,64,57600.000000000000000,0.000000000000000
197,23953911,3238,2914200.000000000000000,0.000000000000000
198,23953913,912,820800.000000000000000,0.000000000000000
199,23953917,180,162000.000000000000000,0.000000000000000
200,23953919,5900,5310000.000000000000000,0.000000000000000
201,23953921,241,216900.000000000000000,0.000000000000000
202,23953923,1645,1480500.000000000000000,0.000000000000000
203,23953925,1118,1006200.000000000000000,0.000000000000000
204,23953927,5130,4617000.000000000000000,0.000000000000000
205,23953929,1202,1081800.000000000000000,0.000000000000000
206,23953931,5645,5080500.000000000000000,0.000000000000000
207,23953933,664,597600.000000000000000,0.000000000000000
208,23953935,858,772200.000000000000000,0.000000000000000
209,23953937,516,464400.000000000000000,0.000000000000000
210,23953939,259,233100.000000000000000,0.000000000000000
211,23953941,5729,5156100.000000000000000,0.000000000000000
212,23953943,1979,1781100.000000000000000,0.000000000000000
213,23953945,1585,1426500.000000000000000,0.000000000000000
214,23953947,370,333000.000000000000000,0.000000000000000
215,23953949,2198,1978200.000000000000000,0.000000000000000
216,23953951,1252,1126800.000000000000000,0.000000000000000
217,23953953,909,818100.000000000000000,0.000000000000000
218,23953955,1266,1139400.000000000000000,0.000000000000000
219,23953959,1890,1701000.000000000000000,0.000000000000000
220,23953961,1644,1479600.000000000000000,0.000000000000000
221,23953963,863,776700.000000000000000,0.000000000000000
222,23953965,3638,3274200.000000000000000,0.000000000000000
223,23953967,569,512100.000000000000000,0.000000000000000
224,23953973,215,193500.000000000000000,0.000000000000000
225,23953975,5840,5256000.000000000000000,0.000000000000000
226,23953977,955,859500.000000000000000,0.000000000000000
227,23953983,1636,1472400.000000000000000,0.000000000000000
228,23953987,1834,1650600.000000000000000,0.000000000000000
229,23953989,541,486900.000000000000000,0.000000000000000
230,23953991,4521,4068900.000000000000000,0.000000000000000
231,23953993,587,528300.000000000000000,0.000000000000000
232,23953995,2164,1947600.000000000000000,0.000000000000000
233,23953997,1935,1741500.000000000000000,0.000000000000000
234,23953999,3355,3019500.000000000000000,0.000000000000000
235,23954001,798,718200.000000000000000,0.000000000000000
236,23954003,1747,1572300.000000000000000,0.000000000000000
237,23954005,256,230400.000000000000000,0.000000000000000
238,23954007,2309,2078100.000000000000000,0.000000000000000
239,23954009,2573,2315700.000000000000000,0.000000000000000
240,23954011,1062,955800.000000000000000,0.000000000000000
241,23954013,1583,1424700.000000000000000,0.000000000000000
242,23954015,2465,2218500.000000000000000,0.000000000000000
243,23954017,547,492300.000000000000000,0.000000000000000
244,23954019,635,571500.000000000000000,0.000000000000000
245,23954021,4164,3747600.000000000000000,0.000000000000000
246,23954023,1006,905400.000000000000000,0.000000000000000
247,23954025,5,4500.000000000000000,0.000000000000000
248,23954027,561,504900.000000000000000,0.000000000000000
249,23954029,602,541800.000000000000000,0.000000000000000
250,23954031,3132,2818800.000000000000000,0.000000000000000
251,23954033,4457,4011300.000000000000000,0.000000000000000
252,23954035,1789,1610100.000000000000000,0.000000000000000
253,23954037,1032,928800.000000000000000,0.000000000000000
254,23954039,98,88200.000000000000000,0.000000000000000
255,23954041,1059,953100.000000000000000,0.000000000000000
256,23954043,689,620100.000000000000000,0.000000000000000
257,23954045,2480,2232000.000000000000000,0.000000000000000
258,23954047,746,671400.000000000000000,0.000000000000000
259,23954049,1541,1386900.000000000000000,0.000000000000000
260,23954051,1037,933300.000000000000000,0.000000000000000
261,23954053,2826,2543400.000000000000000,0.000000000000000
262,23954055,6097,5487300.000000000000000,73.000000000000000
263,23954057,431,387900.000000000000000,0.000000000000000
264,23954059,1150,1035000.000000000000000,0.000000000000000
265,23954063,170,153000.000000000000000,0.000000000000000
266,23954065,1315,1183500.000000000000000,0.000000000000000
267,23954067,843,758700.000000000000000,0.000000000000000
268,23954071,104,93600.000000000000000,0.000000000000000
269,23954073,3300,2970000.000000000000000,0.000000000000000
270,23954075,2054,1848600.000000000000000,0.000000000000000
271,23954077,1857,1671300.000000000000000,0.000000000000000
272,23954079,571,513900.000000000000000,0.000000000000000
273,23954081,1185,1066500.000000000000000,0.000000000000000
274,23954083,6854,6168600.000000000000000,0.000000000000000
275,23954085,96,86400.000000000000000,0.000000000000000
276,23954087,494,444600.000000000000000,0.000000000000000
277,23954093,106,95400.000000000000000,0.000000000000000
278,23954095,89,80100.000000000000000,0.000000000000000
279,23954097,902,811800.000000000000000,0.000000000000000
280,23954099,270,243000.000000000000000,0.000000000000000
281,23954101,370,333000.000000000000000,0.000000000000000
282,23954103,573,515700.000000000000000,0.000000000000000
283,23954105,741,666900.000000000000000,0.000000000000000
284,23954107,2483,2234700.000000000000000,0.000000000000000
285,23954109,2115,1903500.000000000000000,0.000000000000000
286,23954111,5912,5320800.000000000000000,0.000000000000000
287,23954113,2399,2159100.000000000000000,0.000000000000000
288,23954115,290,261000.000000000000000,0.000000000000000
289,23954117,42,37800.000000000000000,0.000000000000000
290,23954119,1007,906300.000000000000000,0.000000000000000
291,23954121,690,621000.000000000000000,0.000000000000000
292,23954123,323,290700.000000000000000,0.000000000000000
293,23954125,7113,6401700.000000000000000,0.000000000000000
294,23954127,2619,2357100.000000000000000,0.000000000000000
295,23954129,2888,2599200.000000000000000,0.000000000000000
296,23954131,1811,1629900.000000000000000,0.000000000000000
297,23954133,3220,2898000.000000000000000,0.000000000000000
298,23954135,2001,1800900.000000000000000,0.000000000000000
299,23954137,2014,1812600.000000000000000,0.000000000000000
300,23954139,1691,1521900.000000000000000,0.000000000000000
301,23954141,10,9000.000000000000000,0.000000000000000
302,23954143,3,2700.000000000000000,0.000000000000000
303,23954145,1275,1147500.000000000000000,0.000000000000000
304,23954147,44,39600.000000000000000,0.000000000000000
305,23954149,64,57600.000000000000000,0.000000000000000
306,23954151,148,133200.000000000000000,0.000000000000000
307,23954153,327,294300.000000000000000,0.000000000000000
308,23954155,893,803700.000000000000000,0.000000000000000
309,23954157,1807,1626300.000000000000000,0.000000000000000
310,23954159,2494,2244600.000000000000000,0.000000000000000
311,23954433,2,1800.000000000000000,0.000000000000000
312,23955760,645,580500.000000000000000,0.000000000000000
313,23955762,1185,1066500.000000000000000,0.000000000000000
314,23955764,27,24300.000000000000000,0.000000000000000
315,23955766,23,20700.000000000000000,0.000000000000000
316,23955768,441,396900.000000000000000,0.000000000000000
317,23955770,1058,952200.000000000000000,76.000000000000000
318,23955772,6626,5963400.000000000000000,1325.000000000000000
319,23955774,1,900.000000000000000,0.000000000000000
320,23955776,336,302400.000000000000000,59.000000000000000
321,23955778,2330,2097000.000000000000000,49.000000000000000
322,23955780,1449,1304100.000000000000000,0.000000000000000
323,23955782,4415,3973500.000000000000000,122.000000000000000
324,23955784,3584,3225600.000000000000000,20.000000000000000
325,23955786,412,370800.000000000000000,0.000000000000000
326,23955788,382,343800.000000000000000,1.000000000000000
327,23955790,2833,2549700.000000000000000,266.000000000000000
328,23955792,6509,5858100.000000000000000,0.000000000000000
329,23955794,588,529200.000000000000000,0.000000000000000
330,23955796,676,608400.000000000000000,0.000000000000000
331,23955798,8423,7580700.000000000000000,0.000000000000000
332,23955800,1432,1288800.000000000000000,234.000000000000000
333,23955802,74,66600.000000000000000,11.000000000000000
334,23955804,10596,9536400.000000000000000,1201.000000000000000
335,23955806,4,3600.000000000000000,0.000000000000000
336,23955808,7385,6646500.000000000000000,519.000000000000000
337,23955810,492,442800.000000000000000,1.000000000000000
338,23955812,21,18900.000000000000000,0.000000000000000
339,23955814,7929,7136100.000000000000000,598.000000000000000
340,23955818,33,29700.000000000000000,11.000000000000000
341,23955820,18,16200.000000000000000,0.000000000000000
342,23955822,62,55800.000000000000000,27.000000000000000
343,23955824,540,486000.000000000000000,115.000000000000000
344,23955826,2724,2451600.000000000000000,577.000000000000000
345,23955828,802,721800.000000000000000,195.000000000000000
346,23955830,407,366300.000000000000000,81.000000000000000
347,23955832,4746,4271400.000000000000000,356.000000000000000
348,23955834,1583,1424700.000000000000000,39.000000000000000
349,23955836,1313,1181700.000000000000000,302.000000000000000
350,23955838,244,219600.000000000000000,29.000000000000000
351,23955840,512,460800.000000000000000,20.000000000000000
352,23955842,124,111600.000000000000000,1.000000000000000
353,23955844,54,48600.000000000000000,0.000000000000000
354,23955846,95,85500.000000000000000,0.000000000000000
355,23955848,312,280800.000000000000000,1.000000000000000
356,23955850,209,188100.000000000000000,4.000000000000000
357,23955852,32,28800.000000000000000,0.000000000000000
358,23955854,252,226800.000000000000000,0.000000000000000
359,23955856,34,30600.000000000000000,0.000000000000000
360,23955858,36,32400.000000000000000,0.000000000000000
361,23955860,1028,925200.000000000000000,20.000000000000000
362,23955862,889,800100.000000000000000,50.000000000000000
363,23955864,217,195300.000000000000000,4.000000000000000
364,23955866,271,243900.000000000000000,7.000000000000000
365,23955868,96,86400.000000000000000,0.000000000000000
366,23955870,9,8100.000000000000000,0.000000000000000
367,23955872,1056,950400.000000000000000,2.000000000000000
368,23955874,177,159300.000000000000000,0.000000000000000
369,23955878,941,846900.000000000000000,46.000000000000000
370,23955880,1083,974700.000000000000000,13.000000000000000
371,23955882,54,48600.000000000000000,0.000000000000000
372,23955884,44,39600.000000000000000,0.000000000000000
373,23955886,169,152100.000000000000000,0.000000000000000
374,23955888,499,449100.000000000000000,0.000000000000000
375,23955890,610,549000.000000000000000,0.000000000000000
376,23955892,1100,990000.000000000000000,4.000000000000000
377,23955894,62,55800.000000000000000,0.000000000000000
378,23955896,2521,2268900.000000000000000,31.000000000000000
379,23955898,141,126900.000000000000000,0.000000000000000
380,23955900,299,269100.000000000000000,6.000000000000000
381,23955902,1,900.000000000000000,0.000000000000000
382,23955904,23464,21117600.000000000000000,42.000000000000000
383,23955906,10801,9720900.000000000000000,0.000000000000000
384,23955908,841,756900.000000000000000,6.000000000000000
385,23955910,208,187200.000000000000000,0.000000000000000
386,23955912,4779,4301100.000000000000000,0.000000000000000
387,23955914,734,660600.000000000000000,0.000000000000000
388,23955916,623,560700.000000000000000,0.000000000000000
389,23955918,7026,6323400.000000000000000,0.000000000000000
390,23955920,894,804600.000000000000000,16.000000000000000
391,23955922,1256,1130400.000000000000000,0.000000000000000
392,23955924,81,72900.000000000000000,0.000000000000000
393,23955928,62,55800.000000000000000,0.000000000000000
394,23955930,756,680400.000000000000000,0.000000000000000
395,23955932,385,346500.000000000000000,0.000000000000000
396,23955934,40,36000.000000000000000,0.000000000000000
397,23955936,190,171000.000000000000000,0.000000000000000
398,23955938,320,288000.000000000000000,0.000000000000000
399,23955940,175,157500.000000000000000,0.000000000000000
400,23955942,2378,2140200.000000000000000,0.000000000000000
401,23955944,174,156600.000000000000000,0.000000000000000
402,23955946,144,129600.000000000000000,0.000000000000000
403,23955948,719,647100.000000000000000,0.000000000000000
404,23955950,86,77400.000000000000000,0.000000000000000
405,23955952,5002,4501800.000000000000000,0.000000000000000
406,23955954,7,6300.000000000000000,0.000000000000000
407,23955956,24,21600.000000000000000,0.000000000000000
408,23955958,579,521100.000000000000000,0.000000000000000
409,23955960,55,49500.000000000000000,0.000000000000000
410,23955962,601,540900.000000000000000,0.000000000000000
411,23955964,273,245700.000000000000000,0.000000000000000
412,23955966,24,21600.000000000000000,0.000000000000000
413,23955968,777,699300.000000000000000,0.000000000000000
414,23955970,43,38700.000000000000000,0.000000000000000
415,23955972,83,74700.000000000000000,0.000000000000000
416,23955974,515,463500.000000000000000,0.000000000000000
417,23955976,127,114300.000000000000000,0.000000000000000
418,23955978,112,100800.000000000000000,0.000000000000000
419,23955980,1233,1109700.000000000000000,0.000000000000000
420,23955982,141,126900.000000000000000,0.000000000000000
421,23955984,2421,2178900.000000000000000,0.000000000000000
422,23955986,2924,2631600.000000000000000,0.000000000000000
423,23955988,3714,3342600.000000000000000,0.000000000000000
424,23955990,342,307800.000000000000000,0.000000000000000
425,23955992,282,253800.000000000000000,0.000000000000000
426,23955994,28,25200.000000000000000,0.000000000000000
427,23955996,584,525600.000000000000000,0.000000000000000
428,23955998,259,233100.000000000000000,0.000000000000000
429,23956000,265,238500.000000000000000,0.000000000000000
430,23956002,37,33300.000000000000000,0.000000000000000
431,23956004,522,469800.000000000000000,0.000000000000000
432,23956006,749,674100.000000000000000,0.000000000000000
433,23956008,7293,6563700.000000000000000,0.000000000000000
434,23956010,2694,2424600.000000000000000,0.000000000000000
435,23956012,2905,2614500.000000000000000,0.000000000000000
436,23956014,87,78300.000000000000000,0.000000000000000
437,23956016,2333,2099700.000000000000000,0.000000000000000
438,23956018,671,603900.000000000000000,0.000000000000000
439,23956020,751,675900.000000000000000,0.000000000000000
440,23956022,5555,4999500.000000000000000,0.000000000000000
441,23956024,3275,2947500.000000000000000,0.000000000000000
442,23956026,48,43200.000000000000000,0.000000000000000
443,23956028,1004,903600.000000000000000,0.000000000000000
444,23956030,640,576000.000000000000000,0.000000000000000
445,23956032,1818,1636200.000000000000000,0.000000000000000
446,23956034,2525,2272500.000000000000000,0.000000000000000
447,23956036,3530,3177000.000000000000000,0.000000000000000
448,23956038,5187,4668300.000000000000000,0.000000000000000
449,23956040,8923,8030700.000000000000000,0.000000000000000
450,23956042,6221,5598900.000000000000000,0.000000000000000
451,23956044,174,156600.000000000000000,0.000000000000000
452,23956046,535,481500.000000000000000,0.000000000000000
453,23956048,7971,7173900.000000000000000,0.000000000000000
454,23956050,3901,3510900.000000000000000,0.000000000000000
455,23956052,7593,6833700.000000000000000,0.000000000000000
456,23956054,5103,4592700.000000000000000,0.000000000000000
457,23956056,36,32400.000000000000000,0.000000000000000
458,23956058,981,882900.000000000000000,0.000000000000000
459,23956060,4510,4059000.000000000000000,0.000000000000000
460,23956062,9136,8222400.000000000000000,0.000000000000000
461,23956064,2202,1981800.000000000000000,0.000000000000000
462,23956066,976,878400.000000000000000,0.000000000000000
463,23956068,4276,3848400.000000000000000,0.000000000000000
464,23956070,8069,7262100.000000000000000,0.000000000000000
465,23956072,1612,1450800.000000000000000,0.000000000000000
466,23956074,4770,4293000.000000000000000,0.000000000000000
467,23956076,519,467100.000000000000000,0.000000000000000
468,23956078,4059,3653100.000000000000000,0.000000000000000
469,23956080,7646,6881400.000000000000000,0.000000000000000
470,23956082,7890,7101000.000000000000000,0.000000000000000
471,23956084,19,17100.000000000000000,0.000000000000000
472,23956086,25,22500.000000000000000,0.000000000000000
473,23956088,13,11700.000000000000000,0.000000000000000
474,23956090,121,108900.000000000000000,0.000000000000000
475,23956092,1915,1723500.000000000000000,0.000000000000000
476,23956094,40,36000.000000000000000,0.000000000000000
477,23956096,5098,4588200.000000000000000,0.000000000000000
478,23956098,42,37800.000000000000000,0.000000000000000
479,23956100,38,34200.000000000000000,0.000000000000000
480,23956102,56,50400.000000000000000,0.000000000000000
481,23956104,61,54900.000000000000000,0.000000000000000
482,23956106,156,140400.000000000000000,0.000000000000000
483,23956108,1611,1449900.000000000000000,0.000000000000000
484,23956110,167,150300.000000000000000,0.000000000000000
485,23956112,36,32400.000000000000000,0.000000000000000
486,23956114,7,6300.000000000000000,0.000000000000000
487,23956116,5637,5073300.000000000000000,0.000000000000000
488,23956118,85,76500.000000000000000,0.000000000000000
489,23956120,61,54900.000000000000000,0.000000000000000
490,23956122,1097,987300.000000000000000,0.000000000000000
491,23956124,172,154800.000000000000000,0.000000000000000
492,23956126,216,194400.000000000000000,0.000000000000000
493,23956128,38,34200.000000000000000,0.000000000000000
494,23956130,47,42300.000000000000000,0.000000000000000
495,23956132,492,442800.000000000000000,0.000000000000000
496,23956134,173,155700.000000000000000,0.000000000000000
497,23956136,1211,1089900.000000000000000,0.000000000000000
498,23956138,87,78300.000000000000000,0.000000000000000
499,23956140,147,132300.000000000000000,0.000000000000000
500,23956142,640,576000.000000000000000,0.000000000000000
501,23956144,390,351000.000000000000000,0.000000000000000
502,23956146,2638,2374200.000000000000000,0.000000000000000
503,23956148,250,225000.000000000000000,0.000000000000000
504,23956150,135,121500.000000000000000,0.000000000000000
505,23956152,1058,952200.000000000000000,0.000000000000000
506,23956154,4,3600.000000000000000,0.000000000000000
507,23956156,162,145800.000000000000000,0.000000000000000
508,23956158,39,35100.000000000000000,0.000000000000000
509,23956160,51,45900.000000000000000,0.000000000000000
510,23956162,320,288000.000000000000000,0.000000000000000
511,23956164,1220,1098000.000000000000000,0.000000000000000
512,23956166,12,10800.000000000000000,0.000000000000000
513,23956168,89,80100.000000000000000,0.000000000000000
514,23956170,4461,4014900.000000000000000,0.000000000000000
515,23956172,474,426600.000000000000000,0.000000000000000
516,23956174,763,686700.000000000000000,0.000000000000000
517,23956176,1110,999000.000000000000000,0.000000000000000
518,23956178,3,2700.000000000000000,0.000000000000000
519,23956180,1639,1475100.000000000000000,0.000000000000000
520,23956182,2128,1915200.000000000000000,0.000000000000000
521,23956184,75,67500.000000000000000,0.000000000000000
522,23956186,113,101700.000000000000000,0.000000000000000
523,23956188,44,39600.000000000000000,0.000000000000000
524,23956190,3064,2757600.000000000000000,0.000000000000000
525,23956192,2376,2138400.000000000000000,0.000000000000000
526,23956194,721,648900.000000000000000,0.000000000000000
527,23956196,3306,2975400.000000000000000,0.000000000000000
528,23956198,4223,3800700.000000000000000,0.000000000000000
529,23956200,1416,1274400.000000000000000,0.000000000000000
530,23956202,2677,2409300.000000000000000,0.000000000000000
531,23956204,33,29700.000000000000000,0.000000000000000
532,23956206,13501,12150900.000000000000000,0.000000000000000
533,23956208,19829,17846100.000000000000000,0.000000000000000
534,23956210,5296,4766400.000000000000000,0.000000000000000
535,23956212,7659,6893100.000000000000000,0.000000000000000
536,23956214,33,29700.000000000000000,0.000000000000000
537,23956216,1582,1423800.000000000000000,0.000000000000000
538,23956218,2116,1904400.000000000000000,0.000000000000000
539,23956220,1240,1116000.000000000000000,0.000000000000000
540,23956222,176,158400.000000000000000,0.000000000000000
541,23956224,2467,2220300.000000000000000,0.000000000000000
542,23956226,3156,2840400.000000000000000,0.000000000000000
543,23956228,4431,3987900.000000000000000,0.000000000000000
544,23956230,25,22500.000000000000000,0.000000000000000
545,23956232,172,154800.000000000000000,0.000000000000000
546,23956234,58,52200.000000000000000,0.000000000000000
547,23956236,230,207000.000000000000000,0.000000000000000
548,23956238,29,26100.000000000000000,0.000000000000000
549,23956240,1971,1773900.000000000000000,0.000000000000000
550,23956242,458,412200.000000000000000,0.000000000000000
551,23956244,2067,1860300.000000000000000,0.000000000000000
552,23956246,210,189000.000000000000000,0.000000000000000
553,23956248,1141,1026900.000000000000000,0.000000000000000
554,23956250,182,163800.000000000000000,0.000000000000000
555,23956252,1567,1410300.000000000000000,0.000000000000000
556,23956254,221,198900.000000000000000,0.000000000000000
557,23956256,172,154800.000000000000000,0.000000000000000
558,23956258,141,126900.000000000000000,0.000000000000000
559,23956260,128,115200.000000000000000,0.000000000000000
560,23956262,11445,10300500.000000000000000,0.000000000000000
561,23956264,3026,2723400.000000000000000,0.000000000000000
562,23956266,10304,9273600.000000000000000,0.000000000000000
563,23956268,3699,3329100.000000000000000,0.000000000000000
564,23956270,112,100800.000000000000000,0.000000000000000
565,23956272,24,21600.000000000000000,0.000000000000000
566,23956274,90,81000.000000000000000,0.000000000000000
567,23956276,82,73800.000000000000000,0.000000000000000
568,23956278,29,26100.000000000000000,0.000000000000000
569,23956280,56,50400.000000000000000,0.000000000000000
570,23956282,61,54900.000000000000000,0.000000000000000
571,23956284,227,204300.000000000000000,0.000000000000000
572,23956286,37,33300.000000000000000,0.000000000000000
573,23956288,11,9900.000000000000000,0.000000000000000
574,23956290,128,115200.000000000000000,0.000000000000000
575,23956292,160,144000.000000000000000,0.000000000000000
576,23956294,257,231300.000000000000000,0.000000000000000
577,23956296,950,855000.000000000000000,0.000000000000000
578,23956298,62,55800.000000000000000,0.000000000000000
579,23956300,107,96300.000000000000000,0.000000000000000
580,23956302,202,181800.000000000000000,0.000000000000000
581,23956304,19,17100.000000000000000,0.000000000000000
582,23956306,597,537300.000000000000000,0.000000000000000
583,23956308,20,18000.000000000000000,0.000000000000000
584,23956310,49,44100.000000000000000,0.000000000000000
585,23956312,187,168300.000000000000000,0.000000000000000
586,23956314,995,895500.000000000000000,0.000000000000000
587,23956316,161,144900.000000000000000,0.000000000000000
588,23956318,53,47700.000000000000000,0.000000000000000
589,23956320,1258,1132200.000000000000000,0.000000000000000
590,23956322,1448,1303200.000000000000000,0.000000000000000
591,23956324,120,108000.000000000000000,0.000000000000000
592,23956326,687,618300.000000000000000,0.000000000000000
593,23956328,11,9900.000000000000000,0.000000000000000
594,23956330,96,86400.000000000000000,0.000000000000000
595,23956332,1110,999000.000000000000000,0.000000000000000
596,23956334,327,294300.000000000000000,0.000000000000000
597,23956336,520,468000.000000000000000,0.000000000000000
598,23956338,1679,1511100.000000000000000,0.000000000000000
599,23956340,136,122400.000000000000000,0.000000000000000
600,23956342,65,58500.000000000000000,0.000000000000000
601,23956344,43,38700.000000000000000,0.000000000000000
602,23956346,87,78300.000000000000000,0.000000000000000
603,23956348,1509,1358100.000000000000000,0.000000000000000
604,23956350,2507,2256300.000000000000000,0.000000000000000
605,23956352,118,106200.000000000000000,0.000000000000000
606,23956354,65,58500.000000000000000,0.000000000000000
607,23956356,18,16200.000000000000000,0.000000000000000
608,23956358,251,225900.000000000000000,0.000000000000000
609,23956360,1913,1721700.000000000000000,0.000000000000000
610,23956362,726,653400.000000000000000,0.000000000000000
611,23956364,182,163800.000000000000000,0.000000000000000
612,23956366,93,83700.000000000000000,0.000000000000000
613,23956368,53,47700.000000000000000,0.000000000000000
614,23956370,136,122400.000000000000000,0.000000000000000
615,23956372,157,141300.000000000000000,0.000000000000000
616,23956374,979,881100.000000000000000,0.000000000000000
617,23956376,940,846000.000000000000000,0.000000000000000
618,23956378,1910,1719000.000000000000000,0.000000000000000
619,23956380,600,540000.000000000000000,0.000000000000000
620,23956382,408,367200.000000000000000,0.000000000000000
621,23956384,92,82800.000000000000000,0.000000000000000
622,23956386,3886,3497400.000000000000000,0.000000000000000
623,23956388,164,147600.000000000000000,0.000000000000000
624,23956390,220,198000.000000000000000,0.000000000000000
625,23956392,820,738000.000000000000000,0.000000000000000
626,23956394,305,274500.000000000000000,0.000000000000000
627,23956396,1302,1171800.000000000000000,0.000000000000000
628,23956398,1710,1539000.000000000000000,0.000000000000000
629,23956400,1321,1188900.000000000000000,0.000000000000000
630,23956402,6427,5784300.000000000000000,0.000000000000000
631,23956404,3229,2906100.000000000000000,0.000000000000000
632,23956406,3920,3528000.000000000000000,0.000000000000000
633,23956408,543,488700.000000000000000,0.000000000000000
634,23956410,15907,14316300.000000000000000,0.000000000000000
635,23956412,14249,12824100.000000000000000,0.000000000000000
636,23956414,10964,9867600.000000000000000,0.000000000000000
637,23956416,4847,4362300.000000000000000,0.000000000000000
638,23956418,16594,14934600.000000000000000,0.000000000000000
639,23956420,4,3600.000000000000000,0.000000000000000
640,23956422,2,1800.000000000000000,0.000000000000000
641,23956424,18428,16585200.000000000000000,0.000000000000000
642,23956426,1190,1071000.000000000000000,0.000000000000000
643,23956428,3432,3088800.000000000000000,0.000000000000000
644,23956430,4463,4016700.000000000000000,0.000000000000000
645,23956432,7834,7050600.000000000000000,0.000000000000000
646,23956434,4466,4019400.000000000000000,0.000000000000000
647,23956436,1784,1605600.000000000000000,0.000000000000000
648,23956438,3809,3428100.000000000000000,0.000000000000000
649,23956440,11877,10689300.000000000000000,0.000000000000000
650,23956442,5401,4860900.000000000000000,0.000000000000000
651,23956444,7025,6322500.000000000000000,0.000000000000000
652,23956446,26462,23815800.000000000000000,0.000000000000000
653,23956448,323,290700.000000000000000,0.000000000000000
654,23956450,11632,10468800.000000000000000,0.000000000000000
655,23956452,8820,7938000.000000000000000,0.000000000000000
656,23956454,1046,941400.000000000000000,0.000000000000000
657,23956456,101,90900.000000000000000,0.000000000000000
658,23956458,6337,5703300.000000000000000,0.000000000000000
659,23956460,160,144000.000000000000000,0.000000000000000
660,23956462,197,177300.000000000000000,0.000000000000000
661,23956464,117,105300.000000000000000,0.000000000000000
662,23956466,1659,1493100.000000000000000,0.000000000000000
663,23956468,4881,4392900.000000000000000,0.000000000000000
664,23956470,1171,1053900.000000000000000,0.000000000000000
665,23956472,2710,2439000.000000000000000,0.000000000000000
666,23956474,8212,7390800.000000000000000,0.000000000000000
667,23956476,14007,12606300.000000000000000,0.000000000000000
668,23956478,5660,5094000.000000000000000,0.000000000000000
669,23956480,1239,1115100.000000000000000,0.000000000000000
670,23956482,26741,24066900.000000000000000,0.000000000000000
671,23956486,3229,2906100.000000000000000,0.000000000000000
672,23956488,6546,5891400.000000000000000,0.000000000000000
673,23956490,5756,5180400.000000000000000,0.000000000000000
674,23956492,2896,2606400.000000000000000,0.000000000000000
675,23956494,8558,7702200.000000000000000,0.000000000000000
676,23956496,57,51300.000000000000000,0.000000000000000
677,23956498,8730,7857000.000000000000000,0.000000000000000
678,23956500,2596,2336400.000000000000000,0.000000000000000
679,23956502,5547,4992300.000000000000000,0.000000000000000
680,23956504,2491,2241900.000000000000000,0.000000000000000
681,23956506,1473,1325700.000000000000000,0.000000000000000
682,23956508,220,198000.000000000000000,0.000000000000000
683,23956510,15988,14389200.000000000000000,0.000000000000000
684,23956512,666,599400.000000000000000,0.000000000000000
685,23956514,7007,6306300.000000000000000,0.000000000000000
686,23956516,3844,3459600.000000000000000,0.000000000000000
687,23956518,748,673200.000000000000000,0.000000000000000
688,23956520,7326,6593400.000000000000000,0.000000000000000
689,23956522,295,265500.000000000000000,0.000000000000000
690,23956524,4,3600.000000000000000,0.000000000000000
691,23956526,6213,5591700.000000000000000,191.000000000000000
692,23956528,3546,3191400.000000000000000,0.000000000000000
693,23956530,5049,4544100.000000000000000,0.000000000000000
694,23956532,2,1800.000000000000000,0.000000000000000
695,23956534,17632,15868800.000000000000000,1200.000000000000000
696,23956536,702,631800.000000000000000,0.000000000000000
697,23956538,1397,1257300.000000000000000,0.000000000000000
698,23956540,2445,2200500.000000000000000,0.000000000000000
699,23956542,5585,5026500.000000000000000,348.000000000000000
700,23956544,55990,50391000.000000000000000,3748.000000000000000
701,23956548,606,545400.000000000000000,31.000000000000000
702,23956550,1480,1332000.000000000000000,5.000000000000000
703,23956552,2256,2030400.000000000000000,100.000000000000000
704,23956554,433,389700.000000000000000,0.000000000000000
705,23956556,9181,8262900.000000000000000,164.000000000000000
706,23956558,68281,61452900.000000000000000,125.000000000000000
707,23956560,14254,12828600.000000000000000,0.000000000000000
708,23956562,12164,10947600.000000000000000,0.000000000000000
709,23956564,711,639900.000000000000000,0.000000000000000
710,23956566,4917,4425300.000000000000000,0.000000000000000
711,23956568,7,6300.000000000000000,0.000000000000000
712,23956570,159,143100.000000000000000,0.000000000000000
713,23956572,7411,6669900.000000000000000,0.000000000000000
714,23956574,313,281700.000000000000000,0.000000000000000
715,23956576,6322,5689800.000000000000000,0.000000000000000
716,23956578,46,41400.000000000000000,0.000000000000000
717,23956580,5122,4609800.000000000000000,0.000000000000000
718,23956582,2031,1827900.000000000000000,0.000000000000000
719,23956584,614,552600.000000000000000,0.000000000000000
720,23956586,5271,4743900.000000000000000,0.000000000000000
721,23956588,8459,7613100.000000000000000,0.000000000000000
722,23956590,39375,35437500.000000000000000,1707.000000000000000
723,23956592,3829,3446100.000000000000000,0.000000000000000
724,23956594,8645,7780500.000000000000000,0.000000000000000
725,23956596,67,60300.000000000000000,0.000000000000000
726,23956598,9965,8968500.000000000000000,0.000000000000000
727,23956600,1715,1543500.000000000000000,0.000000000000000
728,23956602,4296,3866400.000000000000000,0.000000000000000
729,23956604,12902,11611800.000000000000000,0.000000000000000
730,23956606,15268,13741200.000000000000000,0.000000000000000
731,23956608,643,578700.000000000000000,0.000000000000000
732,23956610,18752,16876800.000000000000000,0.000000000000000
733,23956616,1561,1404900.000000000000000,0.000000000000000
734,23956620,652,586800.000000000000000,146.000000000000000
735,23956622,3,2700.000000000000000,0.000000000000000
736,23956624,1191,1071900.000000000000000,353.000000000000000
737,23956626,3354,3018600.000000000000000,964.000000000000000
738,23956628,9164,8247600.000000000000000,368.000000000000000
739,23956630,9704,8733600.000000000000000,186.000000000000000
740,23956632,5618,5056200.000000000000000,637.000000000000000
741,23956634,5452,4906800.000000000000000,0.000000000000000
742,23956636,7125,6412500.000000000000000,1377.000000000000000
743,23956638,3005,2704500.000000000000000,1.000000000000000
744,23956640,2592,2332800.000000000000000,69.000000000000000
745,23956642,2005,1804500.000000000000000,64.000000000000000
746,23956644,3308,2977200.000000000000000,317.000000000000000
747,23956646,3024,2721600.000000000000000,381.000000000000000
748,23956648,1048,943200.000000000000000,0.000000000000000
749,23956650,1848,1663200.000000000000000,0.000000000000000
750,23956652,2059,1853100.000000000000000,0.000000000000000
751,23956654,2984,2685600.000000000000000,0.000000000000000
752,23956656,2603,2342700.000000000000000,0.000000000000000
753,23956658,174,156600.000000000000000,0.000000000000000
754,23956662,26287,23658300.000000000000000,3889.000000000000000
755,23956664,6709,6038100.000000000000000,0.000000000000000
756,23956666,3408,3067200.000000000000000,0.000000000000000
757,23956668,32,28800.000000000000000,0.000000000000000
758,23956670,102,91800.000000000000000,0.000000000000000
759,23956672,2033,1829700.000000000000000,0.000000000000000
760,23956676,2250,2025000.000000000000000,0.000000000000000
761,23956678,25,22500.000000000000000,0.000000000000000
762,23956680,39,35100.000000000000000,6.000000000000000
763,23956682,2018,1816200.000000000000000,0.000000000000000
764,23956684,408,367200.000000000000000,0.000000000000000
765,23956686,7477,6729300.000000000000000,0.000000000000000
766,23956690,9529,8576100.000000000000000,625.000000000000000
767,23956692,2353,2117700.000000000000000,0.000000000000000
768,23956694,2876,2588400.000000000000000,0.000000000000000
769,23956696,17,15300.000000000000000,0.000000000000000
770,23956698,2100,1890000.000000000000000,0.000000000000000
771,23956700,438,394200.000000000000000,0.000000000000000
772,23956702,8114,7302600.000000000000000,0.000000000000000
773,23956704,486,437400.000000000000000,0.000000000000000
774,23956706,1519,1367100.000000000000000,0.000000000000000
775,23956708,584,525600.000000000000000,0.000000000000000
776,23956710,10793,9713700.000000000000000,0.000000000000000
777,23956712,36,32400.000000000000000,0.000000000000000
778,23956714,3099,2789100.000000000000000,0.000000000000000
779,23956716,2907,2616300.000000000000000,0.000000000000000
780,23956718,2918,2626200.000000000000000,0.000000000000000
781,23956720,2060,1854000.000000000000000,0.000000000000000
782,23956722,7820,7038000.000000000000000,0.000000000000000
783,23956724,74,66600.000000000000000,0.000000000000000
784,23956726,1111,999900.000000000000000,0.000000000000000
785,23956730,80,72000.000000000000000,0.000000000000000
786,23956732,237,213300.000000000000000,0.000000000000000
787,23956734,158,142200.000000000000000,0.000000000000000
788,23956736,510,459000.000000000000000,0.000000000000000
789,23956738,1239,1115100.000000000000000,0.000000000000000
790,23956740,5046,4541400.000000000000000,214.000000000000000
791,23956742,4594,4134600.000000000000000,0.000000000000000
792,23956744,4005,3604500.000000000000000,0.000000000000000
793,23956746,4786,4307400.000000000000000,0.000000000000000
794,23956748,5199,4679100.000000000000000,52.000000000000000
795,23956750,83,74700.000000000000000,0.000000000000000
796,23956752,584,525600.000000000000000,0.000000000000000
797,23956754,1786,1607400.000000000000000,57.000000000000000
798,23956756,4594,4134600.000000000000000,0.000000000000000
799,23956758,2522,2269800.000000000000000,0.000000000000000
800,23956760,9624,8661600.000000000000000,684.000000000000000
801,23956762,4722,4249800.000000000000000,0.000000000000000
802,23956764,159,143100.000000000000000,0.000000000000000
803,23956766,2220,1998000.000000000000000,0.000000000000000
804,23956768,5324,4791600.000000000000000,302.000000000000000
805,23956770,1162,1045800.000000000000000,135.000000000000000
806,23956774,2204,1983600.000000000000000,0.000000000000000
807,23956776,3440,3096000.000000000000000,0.000000000000000
808,23956780,86,77400.000000000000000,0.000000000000000
809,23956782,1828,1645200.000000000000000,0.000000000000000
810,23956788,43,38700.000000000000000,0.000000000000000
811,23956790,770,693000.000000000000000,0.000000000000000
812,23956792,5589,5030100.000000000000000,0.000000000000000
813,23956794,3044,2739600.000000000000000,11.000000000000000
814,23956798,2817,2535300.000000000000000,0.000000000000000
815,23956800,1231,1107900.000000000000000,48.000000000000000
816,23956802,3320,2988000.000000000000000,0.000000000000000
817,23956804,2193,1973700.000000000000000,0.000000000000000
818,23956806,2499,2249100.000000000000000,0.000000000000000
819,23956808,2380,2142000.000000000000000,0.000000000000000
820,23956810,1796,1616400.000000000000000,0.000000000000000
821,23956812,2024,1821600.000000000000000,3.000000000000000
822,23956814,2972,2674800.000000000000000,62.000000000000000
823,23956816,1932,1738800.000000000000000,0.000000000000000
824,23956818,1799,1619100.000000000000000,37.000000000000000
825,23956820,1912,1720800.000000000000000,0.000000000000000
826,23956822,1103,992700.000000000000000,0.000000000000000
827,23956824,1323,1190700.000000000000000,0.000000000000000
828,23956826,1822,1639800.000000000000000,12.000000000000000
829,23956828,2036,1832400.000000000000000,0.000000000000000
830,23956830,2546,2291400.000000000000000,0.000000000000000
831,23956832,307,276300.000000000000000,0.000000000000000
832,23956834,2577,2319300.000000000000000,6.000000000000000
833,23956838,4634,4170600.000000000000000,0.000000000000000
834,23956840,340,306000.000000000000000,18.000000000000000
835,23956842,2153,1937700.000000000000000,90.000000000000000
836,23956844,70,63000.000000000000000,0.000000000000000
837,23956846,46,41400.000000000000000,0.000000000000000
838,23956848,382,343800.000000000000000,0.000000000000000
839,23956850,133,119700.000000000000000,0.000000000000000
840,23956852,1809,1628100.000000000000000,0.000000000000000
841,23956856,1614,1452600.000000000000000,0.000000000000000
842,23956858,1636,1472400.000000000000000,0.000000000000000
843,23956860,325,292500.000000000000000,24.000000000000000
844,23956862,6846,6161400.000000000000000,0.000000000000000
845,23956864,5226,4703400.000000000000000,0.000000000000000
846,23956868,1851,1665900.000000000000000,13.000000000000000
847,23956870,1115,1003500.000000000000000,0.000000000000000
848,23956872,833,749700.000000000000000,66.000000000000000
849,23956876,4014,3612600.000000000000000,0.000000000000000
850,23956878,3934,3540600.000000000000000,0.000000000000000
851,23956882,2618,2356200.000000000000000,142.000000000000000
852,23956884,5563,5006700.000000000000000,0.000000000000000
853,23956886,846,761400.000000000000000,0.000000000000000
854,23956888,334,300600.000000000000000,0.000000000000000
855,23956890,1651,1485900.000000000000000,0.000000000000000
856,23956892,291,261900.000000000000000,24.000000000000000
857,23956894,2000,1800000.000000000000000,0.000000000000000
858,23956896,899,809100.000000000000000,0.000000000000000
859,23956898,1976,1778400.000000000000000,0.000000000000000
860,23956900,2623,2360700.000000000000000,0.000000000000000
861,23956902,2213,1991700.000000000000000,29.000000000000000
862,23956906,3147,2832300.000000000000000,0.000000000000000
863,23956908,1195,1075500.000000000000000,0.000000000000000
864,23956910,110,99000.000000000000000,0.000000000000000
865,23956912,116,104400.000000000000000,12.000000000000000
866,23956914,17,15300.000000000000000,0.000000000000000
867,23956916,468,421200.000000000000000,0.000000000000000
868,23956918,1533,1379700.000000000000000,0.000000000000000
869,23956920,2370,2133000.000000000000000,24.000000000000000
870,23956922,1014,912600.000000000000000,25.000000000000000
871,23956924,5869,5282100.000000000000000,0.000000000000000
872,23956926,4952,4456800.000000000000000,1184.000000000000000
873,23956928,2490,2241000.000000000000000,737.000000000000000
874,23956930,1507,1356300.000000000000000,0.000000000000000
875,23956932,1681,1512900.000000000000000,1.000000000000000
876,23956934,5298,4768200.000000000000000,0.000000000000000
877,23956938,1586,1427400.000000000000000,0.000000000000000
878,23956940,4150,3735000.000000000000000,0.000000000000000
879,23956942,860,774000.000000000000000,0.000000000000000
880,23956944,902,811800.000000000000000,0.000000000000000
881,23956946,5984,5385600.000000000000000,0.000000000000000
882,23956948,88,79200.000000000000000,0.000000000000000
883,23956950,5897,5307300.000000000000000,412.000000000000000
884,23956952,198,178200.000000000000000,2.000000000000000
885,23956954,1498,1348200.000000000000000,0.000000000000000
886,23956956,3301,2970900.000000000000000,0.000000000000000
887,23956958,2079,1871100.000000000000000,0.000000000000000
888,23956960,1656,1490400.000000000000000,0.000000000000000
889,23956962,3016,2714400.000000000000000,0.000000000000000
890,23956964,2120,1908000.000000000000000,0.000000000000000
891,23956966,74,66600.000000000000000,0.000000000000000
892,23956968,3825,3442500.000000000000000,0.000000000000000
893,23956970,99,89100.000000000000000,0.000000000000000
894,23956972,4394,3954600.000000000000000,0.000000000000000
895,23956974,3714,3342600.000000000000000,0.000000000000000
896,23956976,819,737100.000000000000000,0.000000000000000
897,23956978,608,547200.000000000000000,0.000000000000000
898,23956980,110,99000.000000000000000,16.000000000000000
899,23956982,4872,4384800.000000000000000,0.000000000000000
900,23956984,2025,1822500.000000000000000,30.000000000000000
901,23956986,2315,2083500.000000000000000,321.000000000000000
902,23956988,1703,1532700.000000000000000,128.000000000000000
903,23956990,4245,3820500.000000000000000,0.000000000000000
904,23956992,3499,3149100.000000000000000,0.000000000000000
905,23956994,212,190800.000000000000000,0.000000000000000
906,23956996,6,5400.000000000000000,0.000000000000000
907,23957000,187,168300.000000000000000,45.000000000000000
908,23957002,937,843300.000000000000000,0.000000000000000
909,23957004,1112,1000800.000000000000000,187.000000000000000
910,23957006,1296,1166400.000000000000000,0.000000000000000
911,23957008,1489,1340100.000000000000000,0.000000000000000
912,23957010,5597,5037300.000000000000000,0.000000000000000
913,23957012,7419,6677100.000000000000000,0.000000000000000
914,23957014,9332,8398800.000000000000000,0.000000000000000
915,23957018,2503,2252700.000000000000000,5.000000000000000
916,23957020,1834,1650600.000000000000000,0.000000000000000
917,23957022,8,7200.000000000000000,0.000000000000000
918,23957024,1006,905400.000000000000000,251.000000000000000
919,23957026,304,273600.000000000000000,15.000000000000000
920,23957028,2664,2397600.000000000000000,0.000000000000000
921,23957030,353,317700.000000000000000,1.000000000000000
922,23957032,35,31500.000000000000000,0.000000000000000
923,23957034,3622,3259800.000000000000000,0.000000000000000
924,23957036,579,521100.000000000000000,0.000000000000000
925,23957038,292,262800.000000000000000,0.000000000000000
926,23957040,765,688500.000000000000000,0.000000000000000
927,23957044,154,138600.000000000000000,0.000000000000000
928,23957046,1154,1038600.000000000000000,0.000000000000000
929,23957048,108,97200.000000000000000,0.000000000000000
930,23957050,19,17100.000000000000000,0.000000000000000
931,23957052,1822,1639800.000000000000000,0.000000000000000
932,23957054,1316,1184400.000000000000000,2.000000000000000
933,23957056,5779,5201100.000000000000000,0.000000000000000
934,23957058,1418,1276200.000000000000000,0.000000000000000
935,23957060,1188,1069200.000000000000000,0.000000000000000
936,23957062,99,89100.000000000000000,0.000000000000000
937,23957064,289,260100.000000000000000,0.000000000000000
938,23957066,12,10800.000000000000000,0.000000000000000
939,23957068,2401,2160900.000000000000000,0.000000000000000
940,23957070,121,108900.000000000000000,0.000000000000000
941,23957072,1324,1191600.000000000000000,0.000000000000000
942,23957074,2653,2387700.000000000000000,0.000000000000000
943,23957076,1343,1208700.000000000000000,0.000000000000000
944,23957078,77,69300.000000000000000,0.000000000000000
945,23957080,42,37800.000000000000000,0.000000000000000
946,23957082,1474,1326600.000000000000000,0.000000000000000
947,23957084,1241,1116900.000000000000000,0.000000000000000
948,23957086,3333,2999700.000000000000000,0.000000000000000
949,23957088,754,678600.000000000000000,0.000000000000000
950,23957090,4849,4364100.000000000000000,0.000000000000000
951,23957092,1259,1133100.000000000000000,0.000000000000000
952,23957094,302,271800.000000000000000,0.000000000000000
953,23957096,824,741600.000000000000000,0.000000000000000
954,23957098,507,456300.000000000000000,0.000000000000000
955,23957100,5641,5076900.000000000000000,0.000000000000000
956,23957102,1160,1044000.000000000000000,0.000000000000000
957,23957104,72,64800.000000000000000,0.000000000000000
958,23957106,115,103500.000000000000000,0.000000000000000
959,23957108,2863,2576700.000000000000000,0.000000000000000
960,23957110,335,301500.000000000000000,0.000000000000000
961,23957112,5657,5091300.000000000000000,0.000000000000000
962,23957114,3127,2814300.000000000000000,0.000000000000000
963,23957116,1630,1467000.000000000000000,0.000000000000000
964,23957118,9018,8116200.000000000000000,0.000000000000000
965,23957120,2088,1879200.000000000000000,0.000000000000000
966,23957122,5780,5202000.000000000000000,0.000000000000000
967,23957124,5131,4617900.000000000000000,0.000000000000000
968,23957126,136,122400.000000000000000,0.000000000000000
969,23957128,1383,1244700.000000000000000,0.000000000000000
970,23957130,2611,2349900.000000000000000,0.000000000000000
971,23957132,6598,5938200.000000000000000,0.000000000000000
972,23957134,1372,1234800.000000000000000,0.000000000000000
973,23957136,7068,6361200.000000000000000,0.000000000000000
974,23957138,532,478800.000000000000000,0.000000000000000
975,23957142,5206,4685400.000000000000000,0.000000000000000
976,23957144,6145,5530500.000000000000000,0.000000000000000
977,23957146,2210,1989000.000000000000000,0.000000000000000
978,23957148,1054,948600.000000000000000,0.000000000000000
979,23957150,1372,1234800.000000000000000,0.000000000000000
980,23957152,1867,1680300.000000000000000,0.000000000000000
981,23957154,220,198000.000000000000000,0.000000000000000
982,23957156,1600,1440000.000000000000000,0.000000000000000
983,23957158,1145,1030500.000000000000000,0.000000000000000
984,23957160,1292,1162800.000000000000000,0.000000000000000
985,23957162,373,335700.000000000000000,0.000000000000000
986,23957164,2821,2538900.000000000000000,0.000000000000000
987,23957166,5108,4597200.000000000000000,0.000000000000000
988,23957168,2602,2341800.000000000000000,0.000000000000000
989,23957170,2678,2410200.000000000000000,0.000000000000000
990,23957172,2063,1856700.000000000000000,0.000000000000000
991,23957176,1690,1521000.000000000000000,0.000000000000000
992,23957178,31,27900.000000000000000,0.000000000000000
993,23957180,1113,1001700.000000000000000,0.000000000000000
994,23957182,1534,1380600.000000000000000,0.000000000000000
995,23957184,2893,2603700.000000000000000,0.000000000000000
996,23957186,11878,10690200.000000000000000,0.000000000000000
997,23957188,1360,1224000.000000000000000,0.000000000000000
998,23957190,12729,11456100.000000000000000,0.000000000000000
999,23957192,650,585000.000000000000000,0.000000000000000
1000,23957194,4638,4174200.000000000000000,0.000000000000000
1001,23957196,4076,3668400.000000000000000,0.000000000000000
1002,23957198,3365,3028500.000000000000000,0.000000000000000
1003,23957202,6767,6090300.000000000000000,0.000000000000000
1004,23957204,1133,1019700.000000000000000,0.000000000000000
1005,23957206,3132,2818800.000000000000000,0.000000000000000
1006,23957208,2981,2682900.000000000000000,0.000000000000000
1007,23957210,3216,2894400.000000000000000,0.000000000000000
1008,23957214,3071,2763900.000000000000000,0.000000000000000
1009,23957216,4021,3618900.000000000000000,0.000000000000000
1010,23957218,1678,1510200.000000000000000,0.000000000000000
1011,23957222,1667,1500300.000000000000000,0.000000000000000
1012,23957224,1291,1161900.000000000000000,0.000000000000000
1013,23957226,2523,2270700.000000000000000,0.000000000000000
1014,23957228,4219,3797100.000000000000000,0.000000000000000
1015,23957230,3316,2984400.000000000000000,0.000000000000000
1016,23957232,3647,3282300.000000000000000,0.000000000000000
1017,23957234,5558,5002200.000000000000000,0.000000000000000
1018,23957236,2482,2233800.000000000000000,0.000000000000000
1019,23957238,1453,1307700.000000000000000,0.000000000000000
1020,23957240,2018,1816200.000000000000000,0.000000000000000
1021,23957242,6916,6224400.000000000000000,0.000000000000000
1022,23957244,4692,4222800.000000000000000,0.000000000000000
1023,23957248,1390,1251000.000000000000000,0.000000000000000
1024,23957250,5741,5166900.000000000000000,0.000000000000000
1025,23957252,2888,2599200.000000000000000,0.000000000000000
1026,23957254,4657,4191300.000000000000000,0.000000000000000
1027,23957256,98,88200.000000000000000,0.000000000000000
1028,23957258,11812,10630800.000000000000000,0.000000000000000
1029,23957260,4206,3785400.000000000000000,0.000000000000000
1030,23957262,3825,3442500.000000000000000,0.000000000000000
1031,23957264,2861,2574900.000000000000000,0.000000000000000
1032,23957266,5968,5371200.000000000000000,0.000000000000000
1033,23957268,1945,1750500.000000000000000,0.000000000000000
1034,23957270,4472,4024800.000000000000000,0.000000000000000
1035,23957272,2337,2103300.000000000000000,0.000000000000000
1036,23957274,27579,24821100.000000000000000,0.000000000000000
1037,23957276,5618,5056200.000000000000000,0.000000000000000
1038,23957278,9986,8987400.000000000000000,0.000000000000000
1039,23957280,2568,2311200.000000000000000,0.000000000000000
1040,23957282,4141,3726900.000000000000000,0.000000000000000
1041,23957284,10831,9747900.000000000000000,0.000000000000000
1042,23957286,2251,2025900.000000000000000,0.000000000000000
1043,23957288,1231,1107900.000000000000000,0.000000000000000
1044,23957290,7875,7087500.000000000000000,0.000000000000000
1045,23957292,2155,1939500.000000000000000,0.000000000000000
1046,23957294,598,538200.000000000000000,0.000000000000000
1047,23957296,5220,4698000.000000000000000,0.000000000000000
1048,23957298,1867,1680300.000000000000000,0.000000000000000
1049,23957300,8930,8037000.000000000000000,0.000000000000000
1050,23957302,4224,3801600.000000000000000,0.000000000000000
1051,23957304,4542,4087800.000000000000000,0.000000000000000
1052,23957306,3206,2885400.000000000000000,0.000000000000000
1053,23957308,2289,2060100.000000000000000,0.000000000000000
1054,23957310,1268,1141200.000000000000000,0.000000000000000
1055,23957312,2462,2215800.000000000000000,0.000000000000000
1056,23957314,6794,6114600.000000000000000,0.000000000000000
1057,23957316,15996,14396400.000000000000000,0.000000000000000
1058,23957318,10244,9219600.000000000000000,0.000000000000000
1059,23957320,3799,3419100.000000000000000,0.000000000000000
1060,23957322,2826,2543400.000000000000000,0.000000000000000
1061,23957324,3240,2916000.000000000000000,0.000000000000000
1062,23957326,2298,2068200.000000000000000,0.000000000000000
1063,23957328,6799,6119100.000000000000000,0.000000000000000
1064,23957330,1339,1205100.000000000000000,0.000000000000000
1065,23957332,3040,2736000.000000000000000,0.000000000000000
1066,23957334,1930,1737000.000000000000000,0.000000000000000
1067,23957336,28,25200.000000000000000,0.000000000000000
1068,23957338,2941,2646900.000000000000000,0.000000000000000
1069,23957340,4721,4248900.000000000000000,0.000000000000000
1070,23957342,5991,5391900.000000000000000,0.000000000000000
1071,23957344,3585,3226500.000000000000000,0.000000000000000
1072,23957346,5570,5013000.000000000000000,0.000000000000000
1073,23957348,1877,1689300.000000000000000,0.000000000000000
1074,23957350,2367,2130300.000000000000000,0.000000000000000
1075,23957352,7106,6395400.000000000000000,0.000000000000000
1076,23957354,1634,1470600.000000000000000,0.000000000000000
1077,23957356,6416,5774400.000000000000000,0.000000000000000
1078,23957358,896,806400.000000000000000,0.000000000000000
1079,23957360,3127,2814300.000000000000000,0.000000000000000
1080,23957362,1508,1357200.000000000000000,0.000000000000000
1081,23957364,2251,2025900.000000000000000,0.000000000000000
1082,23957366,3619,3257100.000000000000000,0.000000000000000
1083,23957368,806,725400.000000000000000,0.000000000000000
1084,23957370,3247,2922300.000000000000000,0.000000000000000
1085,23957372,21,18900.000000000000000,0.000000000000000
1086,23957374,2612,2350800.000000000000000,0.000000000000000
1087,23957376,2198,1978200.000000000000000,0.000000000000000
1088,23957378,2150,1935000.000000000000000,0.000000000000000
1089,23957380,1432,1288800.000000000000000,0.000000000000000
1090,23957382,6076,5468400.000000000000000,0.000000000000000
1091,23957384,4367,3930300.000000000000000,0.000000000000000
1092,23957386,4500,4050000.000000000000000,0.000000000000000
1093,23957390,1031,927900.000000000000000,0.000000000000000
1094,23957392,155,139500.000000000000000,0.000000000000000
1095,23957396,5,4500.000000000000000,0.000000000000000
1096,23957398,3900,3510000.000000000000000,185.000000000000000
1097,23957400,361,324900.000000000000000,0.000000000000000
1098,23957402,68,61200.000000000000000,0.000000000000000
1099,23957404,617,555300.000000000000000,0.000000000000000
1100,23957406,550,495000.000000000000000,0.000000000000000
1101,23957408,1330,1197000.000000000000000,0.000000000000000
1102,23957410,2914,2622600.000000000000000,0.000000000000000
1103,23957412,634,570600.000000000000000,0.000000000000000
1104,23957414,20,18000.000000000000000,0.000000000000000
1105,23957416,76,68400.000000000000000,0.000000000000000
1106,23957418,2,1800.000000000000000,0.000000000000000
1107,23957424,313,281700.000000000000000,34.000000000000000
1108,23957426,649,584100.000000000000000,0.000000000000000
1109,23957428,1083,974700.000000000000000,0.000000000000000
1110,23957430,405,364500.000000000000000,0.000000000000000
1111,23957432,8,7200.000000000000000,0.000000000000000
1112,23957434,480,432000.000000000000000,8.000000000000000
1113,23957436,97,87300.000000000000000,0.000000000000000
1114,23957438,1122,1009800.000000000000000,0.000000000000000
1115,23957440,237,213300.000000000000000,0.000000000000000
1116,23957442,9,8100.000000000000000,0.000000000000000
1117,23957444,3,2700.000000000000000,0.000000000000000
1118,23957448,3,2700.000000000000000,0.000000000000000
1119,23957450,4,3600.000000000000000,0.000000000000000
1120,23957452,31,27900.000000000000000,0.000000000000000
1121,23957454,27,24300.000000000000000,0.000000000000000
1122,23957456,3,2700.000000000000000,0.000000000000000
1123,23957458,192,172800.000000000000000,0.000000000000000
1124,23957460,4114,3702600.000000000000000,0.000000000000000
1125,23957464,18825,16942500.000000000000000,0.000000000000000
1126,23957466,299,269100.000000000000000,0.000000000000000
1127,23957468,55,49500.000000000000000,0.000000000000000
1128,23957470,40631,36567900.000000000000000,2.000000000000000
1129,23957472,11458,10312200.000000000000000,0.000000000000000
1130,23957474,2,1800.000000000000000,0.000000000000000
1131,23957476,811,729900.000000000000000,0.000000000000000
1132,23957478,492,442800.000000000000000,0.000000000000000
1133,23957480,2486,2237400.000000000000000,0.000000000000000
1134,23957482,5112,4600800.000000000000000,0.000000000000000
1135,23957484,577,519300.000000000000000,0.000000000000000
1136,23957486,345,310500.000000000000000,0.000000000000000
1137,23957488,219,197100.000000000000000,0.000000000000000
1138,23957490,309,278100.000000000000000,0.000000000000000
1139,23957494,67,60300.000000000000000,0.000000000000000
1140,23957500,164,147600.000000000000000,0.000000000000000
1141,23957502,329,296100.000000000000000,0.000000000000000
1142,23957524,121,108900.000000000000000,0.000000000000000
1143,23957598,5396,4856400.000000000000000,0.000000000000000
1144,23957600,51,45900.000000000000000,0.000000000000000
1145,23957602,16,14400.000000000000000,0.000000000000000
1146,23957646,5,4500.000000000000000,0.000000000000000
1147,23957668,2,1800.000000000000000,0.000000000000000
1148,23957836,102,91800.000000000000000,0.000000000000000
1149,23957838,176,158400.000000000000000,0.000000000000000
1150,23957978,2,1800.000000000000000,0.000000000000000
1151,23957980,1,900.000000000000000,0.000000000000000
1152,23957984,1,900.000000000000000,0.000000000000000
1153,23957986,3,2700.000000000000000,0.000000000000000
1154,23958034,4096,3686400.000000000000000,332.000000000000000
1155,23958036,689,620100.000000000000000,97.000000000000000
1156,23958040,246,221400.000000000000000,109.000000000000000
1157,23958044,13128,11815200.000000000000000,171.000000000000000
1158,23962915,141,126900.000000000000000,4.000000000000000
1159,23962917,653,587700.000000000000000,7.000000000000000
1160,23962919,28,25200.000000000000000,0.000000000000000
1161,23962921,1352,1216800.000000000000000,10.000000000000000
1162,23962923,141,126900.000000000000000,0.000000000000000
1163,23962925,1623,1460700.000000000000000,0.000000000000000
1164,23962927,331,297900.000000000000000,0.000000000000000
1165,23962929,383,344700.000000000000000,0.000000000000000
1166,23962931,771,693900.000000000000000,0.000000000000000
1167,23962933,144,129600.000000000000000,0.000000000000000
1168,23962935,794,714600.000000000000000,24.000000000000000
1169,23962937,405,364500.000000000000000,0.000000000000000
1170,23962939,140,126000.000000000000000,0.000000000000000
1171,23962941,2578,2320200.000000000000000,52.000000000000000
1172,23962943,68,61200.000000000000000,0.000000000000000
1173,23962945,929,836100.000000000000000,67.000000000000000
1174,23962947,473,425700.000000000000000,0.000000000000000
1175,23962949,2181,1962900.000000000000000,0.000000000000000
1176,23962951,4142,3727800.000000000000000,29.000000000000000
1177,23962953,2605,2344500.000000000000000,81.000000000000000
1178,23962957,691,621900.000000000000000,0.000000000000000
1179,23962959,6344,5709600.000000000000000,0.000000000000000
1180,23962961,6469,5822100.000000000000000,0.000000000000000
1181,23962963,30033,27029700.000000000000000,0.000000000000000
1182,23962965,1205,1084500.000000000000000,0.000000000000000
1183,23962967,144,129600.000000000000000,0.000000000000000
1184,23962969,3304,2973600.000000000000000,0.000000000000000
1185,23962971,273,245700.000000000000000,0.000000000000000
1186,23962973,1789,1610100.000000000000000,0.000000000000000
1187,23962975,1,900.000000000000000,0.000000000000000
1188,23962977,517,465300.000000000000000,0.000000000000000
1189,23962979,2918,2626200.000000000000000,0.000000000000000
1190,23962981,15345,13810500.000000000000000,0.000000000000000
1191,23962983,5653,5087700.000000000000000,6.000000000000000
1192,23962985,51,45900.000000000000000,0.000000000000000
1193,23962987,366,329400.000000000000000,0.000000000000000
1194,23962989,154,138600.000000000000000,0.000000000000000
1195,23962991,135,121500.000000000000000,0.000000000000000
1196,23962993,10,9000.000000000000000,0.000000000000000
1197,23962995,216,194400.000000000000000,0.000000000000000
1198,23962997,130,117000.000000000000000,0.000000000000000
1199,23962999,1869,1682100.000000000000000,0.000000000000000
1200,23963001,788,709200.000000000000000,0.000000000000000
1201,23963003,208,187200.000000000000000,0.000000000000000
1202,23963005,625,562500.000000000000000,0.000000000000000
1203,23963007,474,426600.000000000000000,0.000000000000000
1204,23963011,18937,17043300.000000000000000,0.000000000000000
1205,23963013,1127,1014300.000000000000000,0.000000000000000
1206,23963015,1,900.000000000000000,0.000000000000000
1207,23963017,9766,8789400.000000000000000,0.000000000000000
1208,23963019,605,544500.000000000000000,0.000000000000000
1209,23963021,5770,5193000.000000000000000,0.000000000000000
1210,23963025,2678,2410200.000000000000000,0.000000000000000
1211,23963027,14234,12810600.000000000000000,0.000000000000000
1212,23963029,6645,5980500.000000000000000,0.000000000000000
1213,23963031,1905,1714500.000000000000000,0.000000000000000
1214,23963033,586,527400.000000000000000,0.000000000000000
1215,23963035,271,243900.000000000000000,0.000000000000000
1216,23963037,4545,4090500.000000000000000,0.000000000000000
1217,23963039,352,316800.000000000000000,0.000000000000000
1218,23963041,207,186300.000000000000000,0.000000000000000
1219,23963043,2206,1985400.000000000000000,0.000000000000000
1220,23963045,429,386100.000000000000000,0.000000000000000
1221,23963047,451,405900.000000000000000,0.000000000000000
1222,23963049,2722,2449800.000000000000000,0.000000000000000
1223,23963051,893,803700.000000000000000,0.000000000000000
1224,23963053,1267,1140300.000000000000000,0.000000000000000
1225,23963055,33,29700.000000000000000,0.000000000000000
1226,23963057,1480,1332000.000000000000000,0.000000000000000
1227,23963059,521,468900.000000000000000,0.000000000000000
1228,23963061,1535,1381500.000000000000000,0.000000000000000
1229,23963063,3991,3591900.000000000000000,0.000000000000000
1230,23963065,5651,5085900.000000000000000,0.000000000000000
1231,23963067,562,505800.000000000000000,0.000000000000000
1232,23963069,26,23400.000000000000000,0.000000000000000
1233,23963071,87,78300.000000000000000,0.000000000000000
1234,23963073,225,202500.000000000000000,0.000000000000000
1235,23963075,119,107100.000000000000000,0.000000000000000
1236,23963077,9260,8334000.000000000000000,0.000000000000000
1237,23963081,2357,2121300.000000000000000,0.000000000000000
1238,23963083,671,603900.000000000000000,0.000000000000000
1239,23963085,3489,3140100.000000000000000,0.000000000000000
1240,23963087,6298,5668200.000000000000000,0.000000000000000
1241,23963089,1461,1314900.000000000000000,0.000000000000000
1242,23963091,4318,3886200.000000000000000,0.000000000000000
1243,23963093,1530,1377000.000000000000000,0.000000000000000
1244,23963095,942,847800.000000000000000,0.000000000000000
1245,23963097,165,148500.000000000000000,0.000000000000000
1246,23963099,5189,4670100.000000000000000,0.000000000000000
1247,23963101,522,469800.000000000000000,0.000000000000000
1248,23963103,4115,3703500.000000000000000,0.000000000000000
1249,23963105,922,829800.000000000000000,0.000000000000000
1250,23963109,4609,4148100.000000000000000,0.000000000000000
1251,23963111,4724,4251600.000000000000000,0.000000000000000
1252,23963113,3759,3383100.000000000000000,0.000000000000000
1253,23963115,11264,10137600.000000000000000,0.000000000000000
1254,23963117,25,22500.000000000000000,0.000000000000000
1255,23963119,214,192600.000000000000000,0.000000000000000
1256,23963121,807,726300.000000000000000,0.000000000000000
1257,23963123,782,703800.000000000000000,0.000000000000000
1258,23963125,2403,2162700.000000000000000,63.000000000000000
1259,23963127,134,120600.000000000000000,0.000000000000000
1260,23963129,3153,2837700.000000000000000,0.000000000000000
1261,23963131,16,14400.000000000000000,0.000000000000000
1262,23963133,78,70200.000000000000000,0.000000000000000
1263,23963135,278,250200.000000000000000,0.000000000000000
1264,23963137,5131,4617900.000000000000000,0.000000000000000
1265,23963139,47,42300.000000000000000,0.000000000000000
1266,23963141,772,694800.000000000000000,0.000000000000000
1267,23963143,3862,3475800.000000000000000,0.000000000000000
1268,23963145,3766,3389400.000000000000000,0.000000000000000
1269,23963147,218,196200.000000000000000,0.000000000000000
1270,23963149,3021,2718900.000000000000000,0.000000000000000
1271,23963151,1291,1161900.000000000000000,0.000000000000000
1272,23963153,6836,6152400.000000000000000,0.000000000000000
1273,23963155,140,126000.000000000000000,0.000000000000000
1274,23963157,2392,2152800.000000000000000,0.000000000000000
1275,23963159,233,209700.000000000000000,0.000000000000000
1276,23963161,200,180000.000000000000000,0.000000000000000
1277,23963163,1936,1742400.000000000000000,0.000000000000000
1278,23963165,6732,6058800.000000000000000,0.000000000000000
1279,23963167,2,1800.000000000000000,0.000000000000000
1280,23963169,1264,1137600.000000000000000,0.000000000000000
1281,23963171,801,720900.000000000000000,0.000000000000000
1282,23963173,1563,1406700.000000000000000,0.000000000000000
1283,23963175,1389,1250100.000000000000000,0.000000000000000
1284,23963177,733,659700.000000000000000,0.000000000000000
1285,23963179,300,270000.000000000000000,0.000000000000000
1286,23963181,326,293400.000000000000000,0.000000000000000
1287,23963183,606,545400.000000000000000,0.000000000000000
1288,23963185,2068,1861200.000000000000000,0.000000000000000
1289,23963187,2680,2412000.000000000000000,0.000000000000000
1290,23963189,769,692100.000000000000000,0.000000000000000
1291,23963191,2685,2416500.000000000000000,0.000000000000000
1292,23963193,1678,1510200.000000000000000,0.000000000000000
1293,23963195,1006,905400.000000000000000,0.000000000000000
1294,23963197,7095,6385500.000000000000000,0.000000000000000
1295,23963199,106,95400.000000000000000,0.000000000000000
1296,23963201,293,263700.000000000000000,0.000000000000000
1297,23963203,758,682200.000000000000000,0.000000000000000
1298,23963205,857,771300.000000000000000,0.000000000000000
1299,23963207,2194,1974600.000000000000000,0.000000000000000
1300,23963209,5473,4925700.000000000000000,0.000000000000000
1301,23963211,5949,5354100.000000000000000,62.000000000000000
1302,23963213,1154,1038600.000000000000000,42.000000000000000
1303,23963215,7045,6340500.000000000000000,64.000000000000000
1304,23963217,4634,4170600.000000000000000,0.000000000000000
1305,23963219,2683,2414700.000000000000000,0.000000000000000
1306,23963221,806,725400.000000000000000,0.000000000000000
1307,23963223,6108,5497200.000000000000000,0.000000000000000
1308,23963225,32,28800.000000000000000,0.000000000000000
1309,23963227,2553,2297700.000000000000000,0.000000000000000
1310,23963229,46,41400.000000000000000,0.000000000000000
1311,23963231,145,130500.000000000000000,0.000000000000000
1312,23963233,8259,7433100.000000000000000,0.000000000000000
1313,23963235,734,660600.000000000000000,0.000000000000000
1314,23963237,727,654300.000000000000000,0.000000000000000
1315,23963239,3888,3499200.000000000000000,0.000000000000000
1316,23963241,541,486900.000000000000000,0.000000000000000
1317,23963243,744,669600.000000000000000,0.000000000000000
1318,23963245,16,14400.000000000000000,0.000000000000000
1319,23963247,70,63000.000000000000000,0.000000000000000
1320,23963249,1161,1044900.000000000000000,0.000000000000000
1321,23963251,74,66600.000000000000000,0.000000000000000
1322,23963253,2351,2115900.000000000000000,0.000000000000000
1323,23963255,423,380700.000000000000000,0.000000000000000
1324,23963257,4472,4024800.000000000000000,0.000000000000000
1325,23963259,946,851400.000000000000000,0.000000000000000
1326,23963261,8760,7884000.000000000000000,0.000000000000000
1327,23963263,3469,3122100.000000000000000,0.000000000000000
1328,23963265,335,301500.000000000000000,0.000000000000000
1329,23963267,131,117900.000000000000000,0.000000000000000
1330,23963269,988,889200.000000000000000,0.000000000000000
1331,23963271,1368,1231200.000000000000000,0.000000000000000
1332,23963273,288,259200.000000000000000,0.000000000000000
1333,23963275,1112,1000800.000000000000000,0.000000000000000
1334,23963277,712,640800.000000000000000,0.000000000000000
1335,23963279,10070,9063000.000000000000000,0.000000000000000
1336,23963281,3333,2999700.000000000000000,0.000000000000000
1337,23963283,25,22500.000000000000000,0.000000000000000
1338,23963285,734,660600.000000000000000,0.000000000000000
1339,23963287,10021,9018900.000000000000000,31.000000000000000
1340,23963289,1005,904500.000000000000000,0.000000000000000
1341,23963291,866,779400.000000000000000,0.000000000000000
1342,23963293,4126,3713400.000000000000000,0.000000000000000
1343,23963295,2690,2421000.000000000000000,0.000000000000000
1344,23963297,2399,2159100.000000000000000,0.000000000000000
1345,23963299,6251,5625900.000000000000000,0.000000000000000
1346,23963301,7516,6764400.000000000000000,0.000000000000000
1347,23963303,620,558000.000000000000000,0.000000000000000
1348,23963305,6657,5991300.000000000000000,0.000000000000000
1349,23963307,1159,1043100.000000000000000,0.000000000000000
1350,23963309,4803,4322700.000000000000000,0.000000000000000
1351,23963311,64,57600.000000000000000,0.000000000000000
1352,23963313,2105,1894500.000000000000000,0.000000000000000
1353,23963315,1177,1059300.000000000000000,0.000000000000000
1354,23963317,5425,4882500.000000000000000,0.000000000000000
1355,23963319,284,255600.000000000000000,0.000000000000000
1356,23963321,5803,5222700.000000000000000,0.000000000000000
1357,23963323,1821,1638900.000000000000000,0.000000000000000
1358,23963325,2429,2186100.000000000000000,0.000000000000000
1359,23963327,696,626400.000000000000000,0.000000000000000
1360,23963329,2486,2237400.000000000000000,0.000000000000000
1361,23963331,2218,1996200.000000000000000,0.000000000000000
1362,23963333,41,36900.000000000000000,0.000000000000000
1363,23963335,8316,7484400.000000000000000,0.000000000000000
1364,23963337,1341,1206900.000000000000000,0.000000000000000
1365,23963339,1578,1420200.000000000000000,0.000000000000000
1366,23963341,3813,3431700.000000000000000,0.000000000000000
1367,23963343,2000,1800000.000000000000000,0.000000000000000
1368,23963345,1721,1548900.000000000000000,7.000000000000000
1369,23963347,3511,3159900.000000000000000,7.000000000000000
1370,23963349,1785,1606500.000000000000000,0.000000000000000
1371,23963351,13,11700.000000000000000,0.000000000000000
1372,23963353,1030,927000.000000000000000,0.000000000000000
1373,23963355,396,356400.000000000000000,0.000000000000000
1374,23963357,60,54000.000000000000000,0.000000000000000
1375,23963359,937,843300.000000000000000,0.000000000000000
1376,23963361,1973,1775700.000000000000000,0.000000000000000
1377,23963363,13,11700.000000000000000,0.000000000000000
1378,23963365,214,192600.000000000000000,0.000000000000000
1379,23963367,4429,3986100.000000000000000,0.000000000000000
1380,23963369,112,100800.000000000000000,0.000000000000000
1381,23963371,3549,3194100.000000000000000,0.000000000000000
1382,23963373,6035,5431500.000000000000000,0.000000000000000
1383,23963375,4,3600.000000000000000,0.000000000000000
1384,23963377,1020,918000.000000000000000,0.000000000000000
1385,23963379,1653,1487700.000000000000000,0.000000000000000
1386,23963381,332,298800.000000000000000,0.000000000000000
1387,23963383,246,221400.000000000000000,0.000000000000000
1388,23963385,46,41400.000000000000000,0.000000000000000
1389,23963387,867,780300.000000000000000,0.000000000000000
1390,23963389,2863,2576700.000000000000000,0.000000000000000
1391,23963391,300,270000.000000000000000,0.000000000000000
1392,23963393,2641,2376900.000000000000000,0.000000000000000
1393,23963395,248,223200.000000000000000,0.000000000000000
1394,23963397,4108,3697200.000000000000000,0.000000000000000
1395,23963399,4697,4227300.000000000000000,0.000000000000000
1396,23963401,224,201600.000000000000000,0.000000000000000
1397,23963403,1622,1459800.000000000000000,0.000000000000000
1398,23963405,3743,3368700.000000000000000,0.000000000000000
1399,23963407,1148,1033200.000000000000000,0.000000000000000
1400,23963409,2696,2426400.000000000000000,0.000000000000000
1401,23963411,1168,1051200.000000000000000,0.000000000000000
1402,23963413,1358,1222200.000000000000000,0.000000000000000
1403,23963415,823,740700.000000000000000,0.000000000000000
1404,23963417,3071,2763900.000000000000000,0.000000000000000
1405,23963419,1105,994500.000000000000000,0.000000000000000
1406,23963421,596,536400.000000000000000,0.000000000000000
1407,23963423,947,852300.000000000000000,0.000000000000000
1408,23963425,806,725400.000000000000000,0.000000000000000
1409,23963427,3111,2799900.000000000000000,0.000000000000000
1410,23963429,1342,1207800.000000000000000,0.000000000000000
1411,23963431,1974,1776600.000000000000000,0.000000000000000
1412,23963433,3159,2843100.000000000000000,0.000000000000000
1413,23963435,7610,6849000.000000000000000,0.000000000000000
1414,23963437,9300,8370000.000000000000000,0.000000000000000
1415,23963439,2,1800.000000000000000,0.000000000000000
1416,23963441,14155,12739500.000000000000000,0.000000000000000
1417,23963443,714,642600.000000000000000,0.000000000000000
1418,23963445,9209,8288100.000000000000000,0.000000000000000
1419,23963447,828,745200.000000000000000,0.000000000000000
1420,23963449,2,1800.000000000000000,0.000000000000000
1421,23963451,4567,4110300.000000000000000,0.000000000000000
1422,23963453,1472,1324800.000000000000000,0.000000000000000
1423,23963455,364,327600.000000000000000,0.000000000000000
1424,23963457,34,30600.000000000000000,0.000000000000000
1425,23963459,51,45900.000000000000000,0.000000000000000
1426,23963461,1319,1187100.000000000000000,0.000000000000000
1427,23963463,45,40500.000000000000000,0.000000000000000
1428,23963465,8,7200.000000000000000,0.000000000000000
1429,23963467,110,99000.000000000000000,0.000000000000000
1430,23963469,102,91800.000000000000000,0.000000000000000
1431,23963471,647,582300.000000000000000,0.000000000000000
1432,23963473,22,19800.000000000000000,0.000000000000000
1433,23963475,9,8100.000000000000000,0.000000000000000
1434,23963477,70,63000.000000000000000,0.000000000000000
1435,23963479,339,305100.000000000000000,0.000000000000000
1436,23963481,145,130500.000000000000000,0.000000000000000
1437,23963483,655,589500.000000000000000,0.000000000000000
1438,23963485,47,42300.000000000000000,0.000000000000000
1439,23963487,167,150300.000000000000000,0.000000000000000
1440,23963489,14,12600.000000000000000,0.000000000000000
1441,23963491,2,1800.000000000000000,0.000000000000000
1442,23963493,255,229500.000000000000000,0.000000000000000
1443,23963495,272,244800.000000000000000,0.000000000000000
1444,23963497,1965,1768500.000000000000000,0.000000000000000
1445,23963499,60,54000.000000000000000,0.000000000000000
1446,23963501,366,329400.000000000000000,0.000000000000000
1447,23963505,10,9000.000000000000000,0.000000000000000
1448,23963507,338,304200.000000000000000,0.000000000000000
1449,23963509,1685,1516500.000000000000000,0.000000000000000
1450,23963511,139,125100.000000000000000,0.000000000000000
1451,23963515,79,71100.000000000000000,0.000000000000000
1452,23963517,25,22500.000000000000000,0.000000000000000
1453,23963521,317,285300.000000000000000,0.000000000000000
1454,23963523,345,310500.000000000000000,0.000000000000000
1455,23963525,1091,981900.000000000000000,0.000000000000000
1456,23963527,1177,1059300.000000000000000,0.000000000000000
1457,23963529,39,35100.000000000000000,0.000000000000000
1458,23963531,988,889200.000000000000000,0.000000000000000
1459,23963533,388,349200.000000000000000,0.000000000000000
1460,23963535,2246,2021400.000000000000000,0.000000000000000
1461,23963537,66,59400.000000000000000,0.000000000000000
1462,23963539,7471,6723900.000000000000000,0.000000000000000
1463,23963541,1221,1098900.000000000000000,0.000000000000000
1464,23963543,781,702900.000000000000000,0.000000000000000
1465,23963545,1362,1225800.000000000000000,0.000000000000000
1466,23963547,3171,2853900.000000000000000,0.000000000000000
1467,23963549,13,11700.000000000000000,0.000000000000000
1468,23963551,160,144000.000000000000000,0.000000000000000
1469,23963553,5184,4665600.000000000000000,0.000000000000000
1470,23963555,3811,3429900.000000000000000,0.000000000000000
1471,23963557,2909,2618100.000000000000000,0.000000000000000
1472,23963559,878,790200.000000000000000,0.000000000000000
1473,23963561,49,44100.000000000000000,0.000000000000000
1474,23963563,54,48600.000000000000000,0.000000000000000
1475,23963565,168,151200.000000000000000,0.000000000000000
1476,23963567,157,141300.000000000000000,0.000000000000000
1477,23963569,2039,1835100.000000000000000,0.000000000000000
1478,23963571,3549,3194100.000000000000000,0.000000000000000
1479,23963573,980,882000.000000000000000,0.000000000000000
1480,23963575,4450,4005000.000000000000000,0.000000000000000
1481,23963577,1515,1363500.000000000000000,0.000000000000000
1482,23963579,2211,1989900.000000000000000,0.000000000000000
1483,23963581,78,70200.000000000000000,0.000000000000000
1484,23963583,952,856800.000000000000000,0.000000000000000
1485,23963585,6367,5730300.000000000000000,0.000000000000000
1486,23963587,3693,3323700.000000000000000,0.000000000000000
1487,23963589,1711,1539900.000000000000000,0.000000000000000
1488,23963591,2869,2582100.000000000000000,0.000000000000000
1489,23963593,6184,5565600.000000000000000,0.000000000000000
1490,23963595,8023,7220700.000000000000000,0.000000000000000
1491,23963597,1632,1468800.000000000000000,0.000000000000000
1492,23963599,19,17100.000000000000000,0.000000000000000
1493,23963601,4017,3615300.000000000000000,0.000000000000000
1494,23963603,1347,1212300.000000000000000,0.000000000000000
1495,23963605,3544,3189600.000000000000000,0.000000000000000
1496,23963607,5624,5061600.000000000000000,0.000000000000000
1497,23963609,619,557100.000000000000000,0.000000000000000
1498,23963611,345,310500.000000000000000,0.000000000000000
1499,23963613,1463,1316700.000000000000000,0.000000000000000
1500,23963615,402,361800.000000000000000,0.000000000000000
1501,23963617,88,79200.000000000000000,0.000000000000000
1502,23963619,186,167400.000000000000000,0.000000000000000
1503,23963621,1137,1023300.000000000000000,0.000000000000000
1504,23963623,3758,3382200.000000000000000,0.000000000000000
1505,23963625,148,133200.000000000000000,0.000000000000000
1506,23963627,5746,5171400.000000000000000,0.000000000000000
1507,23963629,7576,6818400.000000000000000,0.000000000000000
1508,23963631,1295,1165500.000000000000000,0.000000000000000
1509,23963633,1805,1624500.000000000000000,0.000000000000000
1510,23963635,1310,1179000.000000000000000,0.000000000000000
1511,23963637,2324,2091600.000000000000000,0.000000000000000
1512,23963639,777,699300.000000000000000,0.000000000000000
1513,23963641,2070,1863000.000000000000000,0.000000000000000
1514,23963643,167,150300.000000000000000,0.000000000000000
1515,23963645,2166,1949400.000000000000000,0.000000000000000
1516,23963647,3099,2789100.000000000000000,0.000000000000000
1517,23963649,2054,1848600.000000000000000,0.000000000000000
1518,23963651,5485,4936500.000000000000000,0.000000000000000
1519,23963653,6227,5604300.000000000000000,0.000000000000000
1520,23963655,4053,3647700.000000000000000,0.000000000000000
1521,23963657,3,2700.000000000000000,0.000000000000000
1522,23963659,8800,7920000.000000000000000,0.000000000000000
1523,23963661,82,73800.000000000000000,0.000000000000000
1524,23963665,1295,1165500.000000000000000,0.000000000000000
1525,23963667,10061,9054900.000000000000000,0.000000000000000
1526,23963669,4763,4286700.000000000000000,0.000000000000000
1527,23963671,3866,3479400.000000000000000,0.000000000000000
1528,23963673,298,268200.000000000000000,0.000000000000000
1529,23963675,336,302400.000000000000000,0.000000000000000
1530,23963677,11927,10734300.000000000000000,0.000000000000000
1531,23963679,4328,3895200.000000000000000,0.000000000000000
1532,23963681,17741,15966900.000000000000000,0.000000000000000
1533,23963683,3221,2898900.000000000000000,0.000000000000000
1534,23963685,38368,34531200.000000000000000,0.000000000000000
1535,23963687,4256,3830400.000000000000000,0.000000000000000
1536,23963689,7,6300.000000000000000,0.000000000000000
1537,23963691,1507,1356300.000000000000000,0.000000000000000
1538,23963693,164,147600.000000000000000,0.000000000000000
1539,23963695,141,126900.000000000000000,0.000000000000000
1540,23963697,1820,1638000.000000000000000,0.000000000000000
1541,23963699,8087,7278300.000000000000000,0.000000000000000
1542,23963701,7011,6309900.000000000000000,0.000000000000000
1543,23963703,2033,1829700.000000000000000,0.000000000000000
1544,23963705,9153,8237700.000000000000000,0.000000000000000
1545,23963707,4658,4192200.000000000000000,0.000000000000000
1546,23963709,18548,16693200.000000000000000,0.000000000000000
1547,23963711,3436,3092400.000000000000000,0.000000000000000
1548,23963713,4250,3825000.000000000000000,0.000000000000000
1549,23963715,1987,1788300.000000000000000,0.000000000000000
1550,23963717,3289,2960100.000000000000000,0.000000000000000
1551,23963719,2761,2484900.000000000000000,0.000000000000000
1552,23963721,319,287100.000000000000000,0.000000000000000
1553,23963723,79,71100.000000000000000,0.000000000000000
1554,23963725,2489,2240100.000000000000000,0.000000000000000
1555,23963727,2956,2660400.000000000000000,0.000000000000000
1556,23963729,19542,17587800.000000000000000,0.000000000000000
1557,23963731,3362,3025800.000000000000000,0.000000000000000
1558,23963733,2703,2432700.000000000000000,0.000000000000000
1559,23963735,6,5400.000000000000000,0.000000000000000
1560,23963737,2506,2255400.000000000000000,0.000000000000000
1561,23963739,2327,2094300.000000000000000,0.000000000000000
1562,23963741,5374,4836600.000000000000000,0.000000000000000
1563,23963743,4740,4266000.000000000000000,0.000000000000000
1564,23963745,17752,15976800.000000000000000,0.000000000000000
1565,23963747,2356,2120400.000000000000000,0.000000000000000
1566,23963749,25696,23126400.000000000000000,0.000000000000000
1567,23963751,9972,8974800.000000000000000,0.000000000000000
1568,23963753,498,448200.000000000000000,0.000000000000000
1569,23963755,16118,14506200.000000000000000,0.000000000000000
1570,23963757,2378,2140200.000000000000000,0.000000000000000
1571,23963759,3520,3168000.000000000000000,0.000000000000000
1572,23963761,4844,4359600.000000000000000,0.000000000000000
1573,23963763,1517,1365300.000000000000000,0.000000000000000
1574,23963765,4423,3980700.000000000000000,0.000000000000000
1575,23963767,4204,3783600.000000000000000,0.000000000000000
1576,23963769,10,9000.000000000000000,0.000000000000000
1577,23963771,4700,4230000.000000000000000,0.000000000000000
1578,23963773,3346,3011400.000000000000000,0.000000000000000
1579,23963775,14020,12618000.000000000000000,0.000000000000000
1580,23963777,7903,7112700.000000000000000,0.000000000000000
1581,23963779,4523,4070700.000000000000000,0.000000000000000
1582,23963781,1396,1256400.000000000000000,0.000000000000000
1583,23963783,3379,3041100.000000000000000,0.000000000000000
1584,23963785,968,871200.000000000000000,0.000000000000000
1585,23963787,10301,9270900.000000000000000,0.000000000000000
1586,23963789,1616,1454400.000000000000000,0.000000000000000
1587,23963791,5408,4867200.000000000000000,0.000000000000000
1588,23963793,538,484200.000000000000000,0.000000000000000
1589,23963795,19363,17426700.000000000000000,0.000000000000000
1590,23963797,8280,7452000.000000000000000,0.000000000000000
1591,23963799,9381,8442900.000000000000000,0.000000000000000
1592,23963801,19469,17522100.000000000000000,0.000000000000000
1593,23963803,2086,1877400.000000000000000,0.000000000000000
1594,23963805,9257,8331300.000000000000000,0.000000000000000
1595,23963807,9828,8845200.000000000000000,0.000000000000000
1596,23963809,1,900.000000000000000,0.000000000000000
1597,23963811,2350,2115000.000000000000000,0.000000000000000
1598,23963813,4069,3662100.000000000000000,0.000000000000000
1599,23963815,6899,6209100.000000000000000,0.000000000000000
1600,23963817,5737,5163300.000000000000000,0.000000000000000
1601,23963819,7073,6365700.000000000000000,0.000000000000000
1602,23963821,2452,2206800.000000000000000,0.000000000000000
1603,23963823,7063,6356700.000000000000000,0.000000000000000
1604,23963825,361,324900.000000000000000,0.000000000000000
1605,23963827,5587,5028300.000000000000000,0.000000000000000
1606,23963831,7636,6872400.000000000000000,0.000000000000000
1607,23963833,10713,9641700.000000000000000,0.000000000000000
1608,23963835,7264,6537600.000000000000000,0.000000000000000
1609,23963837,1493,1343700.000000000000000,0.000000000000000
1610,23963839,7851,7065900.000000000000000,0.000000000000000
1611,23963841,2538,2284200.000000000000000,0.000000000000000
1612,23963843,2001,1800900.000000000000000,0.000000000000000
1613,23963845,2229,2006100.000000000000000,0.000000000000000
1614,23963847,1190,1071000.000000000000000,0.000000000000000
1615,23963849,2598,2338200.000000000000000,0.000000000000000
1616,23963851,11524,10371600.000000000000000,0.000000000000000
1617,23963853,12278,11050200.000000000000000,0.000000000000000
1618,23963855,16349,14714100.000000000000000,0.000000000000000
1619,23963857,374,336600.000000000000000,0.000000000000000
1620,23963859,8155,7339500.000000000000000,0.000000000000000
1621,23963861,2742,2467800.000000000000000,0.000000000000000
1622,23963863,1679,1511100.000000000000000,0.000000000000000
1623,23963865,168,151200.000000000000000,0.000000000000000
1624,23963867,3257,2931300.000000000000000,0.000000000000000
1625,23963869,1143,1028700.000000000000000,0.000000000000000
1626,23963871,3124,2811600.000000000000000,0.000000000000000
1627,23963873,4041,3636900.000000000000000,0.000000000000000
1628,23963875,1781,1602900.000000000000000,0.000000000000000
1629,23963877,46,41400.000000000000000,0.000000000000000
1630,23963879,736,662400.000000000000000,20.000000000000000
1631,23963881,6994,6294600.000000000000000,220.000000000000000
1632,23963883,119,107100.000000000000000,0.000000000000000
1633,23963885,7827,7044300.000000000000000,0.000000000000000
1634,23963887,6759,6083100.000000000000000,0.000000000000000
1635,23963889,14,12600.000000000000000,0.000000000000000
1636,23963891,1823,1640700.000000000000000,0.000000000000000
1637,23963893,49,44100.000000000000000,0.000000000000000
1638,23963895,2709,2438100.000000000000000,0.000000000000000
1639,23963897,6324,5691600.000000000000000,0.000000000000000
1640,23963899,1445,1300500.000000000000000,0.000000000000000
1641,23963901,5238,4714200.000000000000000,0.000000000000000
1642,23963903,1788,1609200.000000000000000,0.000000000000000
1643,23963905,7051,6345900.000000000000000,0.000000000000000
1644,23963907,1791,1611900.000000000000000,0.000000000000000
1645,23963909,5768,5191200.000000000000000,0.000000000000000
1646,23963911,2591,2331900.000000000000000,0.000000000000000
1647,23963913,3502,3151800.000000000000000,0.000000000000000
1648,23963915,2307,2076300.000000000000000,0.000000000000000
1649,23963921,4651,4185900.000000000000000,0.000000000000000
1650,23963923,2122,1909800.000000000000000,0.000000000000000
1651,23963925,1962,1765800.000000000000000,0.000000000000000
1652,23963927,60,54000.000000000000000,0.000000000000000
1653,23963929,1507,1356300.000000000000000,0.000000000000000
1654,23963931,1919,1727100.000000000000000,0.000000000000000
1655,23963933,2058,1852200.000000000000000,0.000000000000000
1656,23963935,3498,3148200.000000000000000,0.000000000000000
1657,23963937,2893,2603700.000000000000000,0.000000000000000
1658,23963939,2521,2268900.000000000000000,0.000000000000000
1659,23963941,3239,2915100.000000000000000,0.000000000000000
1660,23963943,167,150300.000000000000000,0.000000000000000
1661,23963945,3610,3249000.000000000000000,0.000000000000000
1662,23963947,548,493200.000000000000000,0.000000000000000
1663,23963949,4055,3649500.000000000000000,0.000000000000000
1664,23963951,828,745200.000000000000000,0.000000000000000
1665,23963953,2479,2231100.000000000000000,0.000000000000000
1666,23963955,2305,2074500.000000000000000,0.000000000000000
1667,23963957,1878,1690200.000000000000000,0.000000000000000
1668,23963959,823,740700.000000000000000,0.000000000000000
1669,23963961,1090,981000.000000000000000,0.000000000000000
1670,23963963,1102,991800.000000000000000,0.000000000000000
1671,23963965,2242,2017800.000000000000000,0.000000000000000
1672,23963967,619,557100.000000000000000,0.000000000000000
1673,23963969,940,846000.000000000000000,0.000000000000000
1674,23963971,3022,2719800.000000000000000,0.000000000000000
1675,23963973,1940,1746000.000000000000000,0.000000000000000
1676,23963975,1924,1731600.000000000000000,0.000000000000000
1677,23963977,2892,2602800.000000000000000,0.000000000000000
1678,23963979,3261,2934900.000000000000000,0.000000000000000
1679,23963981,5673,5105700.000000000000000,0.000000000000000
1680,23963983,725,652500.000000000000000,0.000000000000000
1681,23963985,5096,4586400.000000000000000,0.000000000000000
1682,23963987,4653,4187700.000000000000000,0.000000000000000
1683,23963989,1568,1411200.000000000000000,0.000000000000000
1684,23963991,1730,1557000.000000000000000,0.000000000000000
1685,23963993,1484,1335600.000000000000000,0.000000000000000
1686,23963995,2370,2133000.000000000000000,0.000000000000000
1687,23963997,5594,5034600.000000000000000,0.000000000000000
1688,23963999,377,339300.000000000000000,0.000000000000000
1689,23964001,113,101700.000000000000000,0.000000000000000
1690,23964003,3523,3170700.000000000000000,0.000000000000000
1691,23964005,949,854100.000000000000000,0.000000000000000
1692,23964007,1388,1249200.000000000000000,0.000000000000000
1693,23964009,4223,3800700.000000000000000,0.000000000000000
1694,23964011,2440,2196000.000000000000000,0.000000000000000
1695,23964013,705,634500.000000000000000,0.000000000000000
1696,23964015,3264,2937600.000000000000000,0.000000000000000
1697,23964017,2616,2354400.000000000000000,0.000000000000000
1698,23964019,2030,1827000.000000000000000,0.000000000000000
1699,23964021,14665,13198500.000000000000000,0.000000000000000
1700,23964023,96,86400.000000000000000,0.000000000000000
1701,23964025,85,76500.000000000000000,0.000000000000000
1702,23964027,1310,1179000.000000000000000,0.000000000000000
1703,23964029,2480,2232000.000000000000000,0.000000000000000
1704,23964031,3522,3169800.000000000000000,0.000000000000000
1705,23964033,1324,1191600.000000000000000,0.000000000000000
1706,23964035,2999,2699100.000000000000000,0.000000000000000
1707,23964037,339,305100.000000000000000,0.000000000000000
1708,23964039,10696,9626400.000000000000000,0.000000000000000
1709,23964041,2323,2090700.000000000000000,0.000000000000000
1710,23964043,7887,7098300.000000000000000,0.000000000000000
1711,23964045,1749,1574100.000000000000000,0.000000000000000
1712,23964047,451,405900.000000000000000,0.000000000000000
1713,23964049,2592,2332800.000000000000000,0.000000000000000
1714,23964051,2384,2145600.000000000000000,0.000000000000000
1715,23964053,265,238500.000000000000000,0.000000000000000
1716,23964055,273,245700.000000000000000,0.000000000000000
1717,23964057,1880,1692000.000000000000000,0.000000000000000
1718,23964059,8,7200.000000000000000,0.000000000000000
1719,23964061,7180,6462000.000000000000000,0.000000000000000
1720,23964063,3835,3451500.000000000000000,0.000000000000000
1721,23964065,1916,1724400.000000000000000,0.000000000000000
1722,23964067,1039,935100.000000000000000,0.000000000000000
1723,23964069,2034,1830600.000000000000000,0.000000000000000
1724,23964071,606,545400.000000000000000,0.000000000000000
1725,23964073,2466,2219400.000000000000000,0.000000000000000
1726,23964075,3404,3063600.000000000000000,0.000000000000000
1727,23964077,3711,3339900.000000000000000,0.000000000000000
1728,23964079,3171,2853900.000000000000000,0.000000000000000
1729,23964081,1712,1540800.000000000000000,0.000000000000000
1730,23964083,5055,4549500.000000000000000,0.000000000000000
1731,23964085,891,801900.000000000000000,0.000000000000000
1732,23964087,2649,2384100.000000000000000,0.000000000000000
1733,23964089,5562,5005800.000000000000000,0.000000000000000
1734,23964091,3592,3232800.000000000000000,0.000000000000000
1735,23964093,911,819900.000000000000000,0.000000000000000
1736,23964095,7617,6855300.000000000000000,0.000000000000000
1737,23964097,1324,1191600.000000000000000,0.000000000000000
1738,23964099,1991,1791900.000000000000000,0.000000000000000
1739,23964101,1138,1024200.000000000000000,0.000000000000000
1740,23964103,19,17100.000000000000000,0.000000000000000
1741,23964105,6849,6164100.000000000000000,0.000000000000000
1742,23964107,1391,1251900.000000000000000,0.000000000000000
1743,23964109,317,285300.000000000000000,0.000000000000000
1744,23964111,9519,8567100.000000000000000,0.000000000000000
1745,23964113,2446,2201400.000000000000000,19.000000000000000
1746,23964115,1591,1431900.000000000000000,0.000000000000000
1747,23964117,1065,958500.000000000000000,0.000000000000000
1748,23964119,285,256500.000000000000000,30.000000000000000
1749,23964121,29,26100.000000000000000,0.000000000000000
1750,23964123,1190,1071000.000000000000000,0.000000000000000
1751,23964125,5239,4715100.000000000000000,2.000000000000000
1752,23964127,1243,1118700.000000000000000,0.000000000000000
1753,23964129,158,142200.000000000000000,0.000000000000000
1754,23964131,31,27900.000000000000000,0.000000000000000
1755,23964133,10,9000.000000000000000,1.000000000000000
1756,23964135,361,324900.000000000000000,0.000000000000000
1757,23964137,881,792900.000000000000000,0.000000000000000
1758,23964139,5067,4560300.000000000000000,0.000000000000000
1759,23964141,797,717300.000000000000000,0.000000000000000
1760,23964143,3437,3093300.000000000000000,0.000000000000000
1761,23964145,3232,2908800.000000000000000,0.000000000000000
1762,23964147,470,423000.000000000000000,0.000000000000000
1763,23964151,1564,1407600.000000000000000,0.000000000000000
1764,23964153,2256,2030400.000000000000000,0.000000000000000
1765,23964157,258,232200.000000000000000,0.000000000000000
1766,23964159,1905,1714500.000000000000000,0.000000000000000
1767,23964161,606,545400.000000000000000,0.000000000000000
1768,23964163,2250,2025000.000000000000000,51.000000000000000
1769,23964165,2428,2185200.000000000000000,20.000000000000000
1770,23964167,5036,4532400.000000000000000,0.000000000000000
1771,23964169,3423,3080700.000000000000000,0.000000000000000
1772,23964171,9218,8296200.000000000000000,0.000000000000000
1773,23964173,1411,1269900.000000000000000,0.000000000000000
1774,23964175,6383,5744700.000000000000000,0.000000000000000
1775,23964177,1904,1713600.000000000000000,0.000000000000000
1776,23964179,1896,1706400.000000000000000,0.000000000000000
1777,23964181,4170,3753000.000000000000000,0.000000000000000
1778,23964183,2629,2366100.000000000000000,0.000000000000000
1779,23964185,1085,976500.000000000000000,0.000000000000000
1780,23964187,4819,4337100.000000000000000,0.000000000000000
1781,23964189,2013,1811700.000000000000000,0.000000000000000
1782,23964191,3833,3449700.000000000000000,0.000000000000000
1783,23964193,1257,1131300.000000000000000,0.000000000000000
1784,23964195,2022,1819800.000000000000000,7.000000000000000
1785,23964197,5490,4941000.000000000000000,0.000000000000000
1786,23964199,670,603000.000000000000000,0.000000000000000
1787,23964201,596,536400.000000000000000,0.000000000000000
1788,23964203,8016,7214400.000000000000000,0.000000000000000
1789,23964205,6170,5553000.000000000000000,0.000000000000000
1790,23964207,3274,2946600.000000000000000,0.000000000000000
1791,23964209,2737,2463300.000000000000000,0.000000000000000
1792,23964211,1030,927000.000000000000000,0.000000000000000
1793,23964213,8008,7207200.000000000000000,0.000000000000000
1794,23964215,434,390600.000000000000000,0.000000000000000
1795,23964217,2285,2056500.000000000000000,0.000000000000000
1796,23964219,4525,4072500.000000000000000,0.000000000000000
1797,23964221,1373,1235700.000000000000000,0.000000000000000
1798,23964223,1706,1535400.000000000000000,0.000000000000000
1799,23964225,4807,4326300.000000000000000,0.000000000000000
1800,23964227,1996,1796400.000000000000000,0.000000000000000
1801,23964229,1843,1658700.000000000000000,0.000000000000000
1802,23964231,7709,6938100.000000000000000,0.000000000000000
1803,23964233,1876,1688400.000000000000000,0.000000000000000
1804,23964235,1356,1220400.000000000000000,0.000000000000000
1805,23964237,1778,1600200.000000000000000,0.000000000000000
1806,23964241,629,566100.000000000000000,0.000000000000000
1807,23964243,4856,4370400.000000000000000,0.000000000000000
1808,23964245,4774,4296600.000000000000000,0.000000000000000
1809,23964247,1559,1403100.000000000000000,0.000000000000000
1810,23964249,4057,3651300.000000000000000,0.000000000000000
1811,23964251,1787,1608300.000000000000000,0.000000000000000
1812,23964253,3442,3097800.000000000000000,0.000000000000000
1813,23964255,1134,1020600.000000000000000,0.000000000000000
1814,23964257,2204,1983600.000000000000000,0.000000000000000
1815,23964259,877,789300.000000000000000,0.000000000000000
1816,23964261,2011,1809900.000000000000000,0.000000000000000
1817,23964263,2540,2286000.000000000000000,0.000000000000000
1818,23964265,9184,8265600.000000000000000,0.000000000000000
1819,23964267,3087,2778300.000000000000000,0.000000000000000
1820,23964269,592,532800.000000000000000,0.000000000000000
1821,23964271,2497,2247300.000000000000000,0.000000000000000
1822,23964273,331,297900.000000000000000,0.000000000000000
1823,23964275,765,688500.000000000000000,0.000000000000000
1824,23964277,1597,1437300.000000000000000,0.000000000000000
1825,23964279,3411,3069900.000000000000000,0.000000000000000
1826,23964281,3178,2860200.000000000000000,0.000000000000000
1827,23964283,4870,4383000.000000000000000,0.000000000000000
1828,23964285,1019,917100.000000000000000,0.000000000000000
1829,23964287,4304,3873600.000000000000000,0.000000000000000
1830,23964289,4183,3764700.000000000000000,0.000000000000000
1831,23964291,4523,4070700.000000000000000,0.000000000000000
1832,23964293,902,811800.000000000000000,0.000000000000000
1833,23964295,920,828000.000000000000000,0.000000000000000
1834,23964297,2340,2106000.000000000000000,0.000000000000000
1835,23964299,518,466200.000000000000000,0.000000000000000
1836,23964301,763,686700.000000000000000,0.000000000000000
1837,23964303,10360,9324000.000000000000000,0.000000000000000
1838,23964305,2005,1804500.000000000000000,0.000000000000000
1839,23964307,1133,1019700.000000000000000,0.000000000000000
1840,23964309,3401,3060900.000000000000000,0.000000000000000
1841,23964311,10046,9041400.000000000000000,0.000000000000000
1842,23964313,647,582300.000000000000000,0.000000000000000
1843,23964315,3123,2810700.000000000000000,0.000000000000000
1844,23964317,2311,2079900.000000000000000,0.000000000000000
1845,23964319,1871,1683900.000000000000000,0.000000000000000
1846,23964321,13,11700.000000000000000,0.000000000000000
1847,23964323,1278,1150200.000000000000000,0.000000000000000
1848,23964325,2047,1842300.000000000000000,0.000000000000000
1849,23964327,1548,1393200.000000000000000,0.000000000000000
1850,23964329,2578,2320200.000000000000000,0.000000000000000
1851,23964331,4348,3913200.000000000000000,0.000000000000000
1852,23964333,2287,2058300.000000000000000,0.000000000000000
1853,23964335,2065,1858500.000000000000000,0.000000000000000
1854,23964337,1522,1369800.000000000000000,0.000000000000000
1855,23964339,316,284400.000000000000000,0.000000000000000
1856,23964341,1363,1226700.000000000000000,0.000000000000000
1857,23964345,3766,3389400.000000000000000,0.000000000000000
1858,23964347,1277,1149300.000000000000000,0.000000000000000
1859,23964349,1699,1529100.000000000000000,0.000000000000000
1860,23964351,1459,1313100.000000000000000,0.000000000000000
1861,23964353,1407,1266300.000000000000000,0.000000000000000
1862,23964355,2745,2470500.000000000000000,0.000000000000000
1863,23964357,2678,2410200.000000000000000,0.000000000000000
1864,23964359,808,727200.000000000000000,0.000000000000000
1865,23964363,4107,3696300.000000000000000,0.000000000000000
1866,23964365,2541,2286900.000000000000000,0.000000000000000
1867,23964367,2957,2661300.000000000000000,0.000000000000000
1868,23964369,1164,1047600.000000000000000,0.000000000000000
1869,23964371,146,131400.000000000000000,0.000000000000000
1870,23964373,3624,3261600.000000000000000,0.000000000000000
1871,23964375,1909,1718100.000000000000000,0.000000000000000
1872,23964377,714,642600.000000000000000,0.000000000000000
1873,23964379,3112,2800800.000000000000000,0.000000000000000
1874,23964381,3673,3305700.000000000000000,0.000000000000000
1875,23964383,3087,2778300.000000000000000,0.000000000000000
1876,23964385,1777,1599300.000000000000000,0.000000000000000
1877,23964387,2121,1908900.000000000000000,0.000000000000000
1878,23964389,52,46800.000000000000000,0.000000000000000
1879,23964391,5440,4896000.000000000000000,0.000000000000000
1880,23964393,2445,2200500.000000000000000,0.000000000000000
1881,23964395,1003,902700.000000000000000,0.000000000000000
1882,23964397,1834,1650600.000000000000000,0.000000000000000
1883,23964399,1219,1097100.000000000000000,0.000000000000000
1884,23964401,1857,1671300.000000000000000,0.000000000000000
1885,23964405,1310,1179000.000000000000000,0.000000000000000
1886,23964407,3600,3240000.000000000000000,0.000000000000000
1887,23964409,1992,1792800.000000000000000,0.000000000000000
1888,23964411,633,569700.000000000000000,0.000000000000000
1889,23964413,6159,5543100.000000000000000,0.000000000000000
1890,23964415,6868,6181200.000000000000000,0.000000000000000
1891,23964417,1339,1205100.000000000000000,0.000000000000000
1892,23964419,6294,5664600.000000000000000,0.000000000000000
1893,23964421,6367,5730300.000000000000000,0.000000000000000
1894,23964423,1900,1710000.000000000000000,23.000000000000000
1895,23964425,1640,1476000.000000000000000,0.000000000000000
1896,23964427,279,251100.000000000000000,0.000000000000000
1897,23964429,1392,1252800.000000000000000,0.000000000000000
1898,23964431,633,569700.000000000000000,0.000000000000000
1899,23964433,4630,4167000.000000000000000,0.000000000000000
1900,23964435,223,200700.000000000000000,0.000000000000000
1901,23964437,3974,3576600.000000000000000,0.000000000000000
1902,23964439,730,657000.000000000000000,0.000000000000000
1903,23964441,2571,2313900.000000000000000,0.000000000000000
1904,23964443,2830,2547000.000000000000000,0.000000000000000
1905,23964445,1477,1329300.000000000000000,0.000000000000000
1906,23964447,3709,3338100.000000000000000,0.000000000000000
1907,23964449,2672,2404800.000000000000000,0.000000000000000
1908,23964451,8568,7711200.000000000000000,0.000000000000000
1909,23964453,1315,1183500.000000000000000,0.000000000000000
1910,23964455,2266,2039400.000000000000000,0.000000000000000
1911,23964457,1482,1333800.000000000000000,0.000000000000000
1912,23964459,6393,5753700.000000000000000,0.000000000000000
1913,23964461,2891,2601900.000000000000000,0.000000000000000
1914,23964463,2009,1808100.000000000000000,0.000000000000000
1915,23964465,3207,2886300.000000000000000,0.000000000000000
1916,23964467,3169,2852100.000000000000000,0.000000000000000
1917,23964469,10013,9011700.000000000000000,0.000000000000000
1918,23964471,1896,1706400.000000000000000,0.000000000000000
1919,23964473,3286,2957400.000000000000000,0.000000000000000
1920,23964475,4470,4023000.000000000000000,0.000000000000000
1921,23964477,1655,1489500.000000000000000,0.000000000000000
1922,23964479,8844,7959600.000000000000000,0.000000000000000
1923,23964481,113,101700.000000000000000,0.000000000000000
1924,23964483,611,549900.000000000000000,0.000000000000000
1925,23964485,1501,1350900.000000000000000,0.000000000000000
1926,23964487,16,14400.000000000000000,0.000000000000000
1927,23964489,1708,1537200.000000000000000,0.000000000000000
1928,23964491,483,434700.000000000000000,0.000000000000000
1929,23964493,2351,2115900.000000000000000,0.000000000000000
1930,23964495,6519,5867100.000000000000000,0.000000000000000
1931,23964497,1319,1187100.000000000000000,0.000000000000000
1932,23964499,1551,1395900.000000000000000,0.000000000000000
1933,23964501,290,261000.000000000000000,0.000000000000000
1934,23964503,3463,3116700.000000000000000,0.000000000000000
1935,23964505,653,587700.000000000000000,0.000000000000000
1936,23964507,1706,1535400.000000000000000,0.000000000000000
1937,23964509,1527,1374300.000000000000000,0.000000000000000
1938,23964511,2047,1842300.000000000000000,0.000000000000000
1939,23964513,3369,3032100.000000000000000,0.000000000000000
1940,23964515,8811,7929900.000000000000000,0.000000000000000
1941,23964517,1460,1314000.000000000000000,0.000000000000000
1942,23964519,3420,3078000.000000000000000,0.000000000000000
1943,23964521,1680,1512000.000000000000000,0.000000000000000
1944,23964523,755,679500.000000000000000,0.000000000000000
1945,23964525,2504,2253600.000000000000000,0.000000000000000
1946,23964527,2474,2226600.000000000000000,0.000000000000000
1947,23964529,1766,1589400.000000000000000,0.000000000000000
1948,23964531,1389,1250100.000000000000000,0.000000000000000
1949,23964533,5709,5138100.000000000000000,0.000000000000000
1950,23964535,3149,2834100.000000000000000,0.000000000000000
1951,23964537,694,624600.000000000000000,0.000000000000000
1952,23964539,92,82800.000000000000000,0.000000000000000
1953,23964541,672,604800.000000000000000,0.000000000000000
1954,23964543,1120,1008000.000000000000000,0.000000000000000
1955,23964545,2787,2508300.000000000000000,0.000000000000000
1956,23964547,1342,1207800.000000000000000,0.000000000000000
1957,23964549,17,15300.000000000000000,0.000000000000000
1958,23964551,1937,1743300.000000000000000,0.000000000000000
1959,23964553,440,396000.000000000000000,0.000000000000000
1960,23964555,960,864000.000000000000000,0.000000000000000
1961,23964557,2144,1929600.000000000000000,0.000000000000000
1962,23964559,787,708300.000000000000000,0.000000000000000
1963,23964561,1654,1488600.000000000000000,0.000000000000000
1964,23964563,246,221400.000000000000000,0.000000000000000
1965,23964565,338,304200.000000000000000,0.000000000000000
1966,23964567,315,283500.000000000000000,0.000000000000000
1967,23964569,1034,930600.000000000000000,0.000000000000000
1968,23964571,887,798300.000000000000000,0.000000000000000
1969,23964573,2400,2160000.000000000000000,0.000000000000000
1970,23964575,1267,1140300.000000000000000,0.000000000000000
1971,23964577,658,592200.000000000000000,0.000000000000000
1972,23964579,1393,1253700.000000000000000,0.000000000000000
1973,23964581,399,359100.000000000000000,0.000000000000000
1974,23964583,2567,2310300.000000000000000,0.000000000000000
1975,23964585,849,764100.000000000000000,0.000000000000000
1976,23964587,1042,937800.000000000000000,0.000000000000000
1977,23964589,6388,5749200.000000000000000,0.000000000000000
1978,23964591,271,243900.000000000000000,0.000000000000000
1979,23964593,1277,1149300.000000000000000,0.000000000000000
1980,23964595,7100,6390000.000000000000000,0.000000000000000
1981,23964597,2335,2101500.000000000000000,0.000000000000000
1982,23964599,1140,1026000.000000000000000,0.000000000000000
1983,23964601,511,459900.000000000000000,0.000000000000000
1984,23964603,2003,1802700.000000000000000,0.000000000000000
1985,23964605,128,115200.000000000000000,0.000000000000000
1986,23964607,2661,2394900.000000000000000,0.000000000000000
1987,23964609,545,490500.000000000000000,0.000000000000000
1988,23964611,1304,1173600.000000000000000,0.000000000000000
1989,23964613,5084,4575600.000000000000000,0.000000000000000
1990,23964615,238,214200.000000000000000,0.000000000000000
1991,23964617,821,738900.000000000000000,0.000000000000000
1992,23964619,661,594900.000000000000000,0.000000000000000
1993,23964621,3409,3068100.000000000000000,0.000000000000000
1994,23964623,1102,991800.000000000000000,0.000000000000000
1995,23964625,376,338400.000000000000000,0.000000000000000
1996,23964627,161,144900.000000000000000,0.000000000000000
1997,23964629,4784,4305600.000000000000000,0.000000000000000
1998,23964631,46,41400.000000000000000,0.000000000000000
1999,23964633,463,416700.000000000000000,0.000000000000000
2000,23964635,63,56700.000000000000000,0.000000000000000
2001,23964637,1658,1492200.000000000000000,0.000000000000000
2002,23964639,573,515700.000000000000000,0.000000000000000
2003,23964641,1388,1249200.000000000000000,0.000000000000000
2004,23964643,136,122400.000000000000000,0.000000000000000
2005,23964645,1838,1654200.000000000000000,0.000000000000000
2006,23964647,461,414900.000000000000000,0.000000000000000
2007,23964649,1529,1376100.000000000000000,0.000000000000000
2008,23964651,264,237600.000000000000000,0.000000000000000
2009,23964653,8,7200.000000000000000,0.000000000000000
2010,23964655,424,381600.000000000000000,0.000000000000000
2011,23964657,564,507600.000000000000000,0.000000000000000
2012,23964659,468,421200.000000000000000,0.000000000000000
2013,23964661,1066,959400.000000000000000,0.000000000000000
2014,23964663,1761,1584900.000000000000000,0.000000000000000
2015,23964665,1596,1436400.000000000000000,0.000000000000000
2016,23964667,31,27900.000000000000000,0.000000000000000
2017,23964669,125,112500.000000000000000,0.000000000000000
2018,23964671,12,10800.000000000000000,0.000000000000000
2019,23964673,10,9000.000000000000000,0.000000000000000
2020,23964675,207,186300.000000000000000,8.000000000000000
2021,23964677,1334,1200600.000000000000000,33.000000000000000
2022,23964681,75,67500.000000000000000,0.000000000000000
2023,23964685,13,11700.000000000000000,0.000000000000000
2024,23964687,59,53100.000000000000000,0.000000000000000
2025,23964691,3,2700.000000000000000,0.000000000000000
2026,23964695,2,1800.000000000000000,0.000000000000000
2027,23964697,2,1800.000000000000000,0.000000000000000
2028,23964699,225,202500.000000000000000,0.000000000000000
2029,23964701,114,102600.000000000000000,0.000000000000000
2030,23964703,72,64800.000000000000000,0.000000000000000
2031,23964705,1664,1497600.000000000000000,0.000000000000000
2032,23964707,1873,1685700.000000000000000,0.000000000000000
2033,23964709,1772,1594800.000000000000000,0.000000000000000
2034,23964711,47,42300.000000000000000,0.000000000000000
2035,23964713,54,48600.000000000000000,0.000000000000000
2036,23964715,487,438300.000000000000000,0.000000000000000
2037,23964717,445,400500.000000000000000,0.000000000000000
2038,23964719,4282,3853800.000000000000000,0.000000000000000
2039,23964721,1790,1611000.000000000000000,0.000000000000000
2040,23964723,1010,909000.000000000000000,0.000000000000000
2041,23964725,214,192600.000000000000000,0.000000000000000
2042,23964727,644,579600.000000000000000,0.000000000000000
2043,23964729,155,139500.000000000000000,0.000000000000000
2044,23964731,2902,2611800.000000000000000,0.000000000000000
2045,23964733,145,130500.000000000000000,0.000000000000000
2046,23964735,1012,910800.000000000000000,0.000000000000000
2047,23964737,1310,1179000.000000000000000,0.000000000000000
2048,23964739,1147,1032300.000000000000000,0.000000000000000
2049,23964741,2580,2322000.000000000000000,0.000000000000000
2050,23964743,271,243900.000000000000000,0.000000000000000
2051,23964745,2189,1970100.000000000000000,0.000000000000000
2052,23964747,708,637200.000000000000000,0.000000000000000
2053,23964749,489,440100.000000000000000,0.000000000000000
2054,23964751,94,84600.000000000000000,0.000000000000000
2055,23964753,316,284400.000000000000000,0.000000000000000
2056,23964755,1605,1444500.000000000000000,0.000000000000000
2057,23964757,80,72000.000000000000000,0.000000000000000
2058,23964759,67,60300.000000000000000,0.000000000000000
2059,23964761,125,112500.000000000000000,0.000000000000000
2060,23964763,122,109800.000000000000000,0.000000000000000
2061,23964765,109,98100.000000000000000,0.000000000000000
2062,23964767,1013,911700.000000000000000,0.000000000000000
2063,23964769,64,57600.000000000000000,0.000000000000000
2064,23964771,1600,1440000.000000000000000,0.000000000000000
2065,23964773,1889,1700100.000000000000000,57.000000000000000
2066,23964775,18,16200.000000000000000,0.000000000000000
2067,23964777,972,874800.000000000000000,0.000000000000000
2068,23964781,209,188100.000000000000000,0.000000000000000
2069,23964783,5230,4707000.000000000000000,0.000000000000000
2070,23964785,3577,3219300.000000000000000,0.000000000000000
2071,23964789,380,342000.000000000000000,0.000000000000000
2072,23964791,2560,2304000.000000000000000,0.000000000000000
2073,23964793,1040,936000.000000000000000,0.000000000000000
2074,23964795,1059,953100.000000000000000,0.000000000000000
2075,23964797,169,152100.000000000000000,0.000000000000000
2076,23964799,151,135900.000000000000000,0.000000000000000
2077,23964801,152,136800.000000000000000,0.000000000000000
2078,23964803,2169,1952100.000000000000000,0.000000000000000
2079,23964811,11,9900.000000000000000,0.000000000000000
2080,23964813,357,321300.000000000000000,0.000000000000000
2081,23964815,742,667800.000000000000000,0.000000000000000
2082,23964817,1119,1007100.000000000000000,0.000000000000000
2083,23964819,235,211500.000000000000000,0.000000000000000
2084,23964821,1180,1062000.000000000000000,0.000000000000000
2085,23964823,201,180900.000000000000000,0.000000000000000
2086,23964825,324,291600.000000000000000,0.000000000000000
2087,23964827,865,778500.000000000000000,0.000000000000000
2088,23964829,404,363600.000000000000000,0.000000000000000
2089,23964831,1580,1422000.000000000000000,0.000000000000000
2090,23964833,16,14400.000000000000000,0.000000000000000
2091,23964839,6220,5598000.000000000000000,2.000000000000000
2092,23964841,1418,1276200.000000000000000,0.000000000000000
2093,23964845,20,18000.000000000000000,0.000000000000000
2094,23964847,68,61200.000000000000000,0.000000000000000
2095,23964849,1158,1042200.000000000000000,0.000000000000000
2096,23964895,1866,1679400.000000000000000,0.000000000000000
2097,23964897,50,45000.000000000000000,0.000000000000000
2098,23964899,1503,1352700.000000000000000,0.000000000000000
2099,23964923,151,135900.000000000000000,0.000000000000000
2100,23964999,2171,1953900.000000000000000,0.000000000000000
2101,23965001,163,146700.000000000000000,0.000000000000000
2102,23965045,89,80100.000000000000000,0.000000000000000
2103,23965047,75,67500.000000000000000,0.000000000000000
2104,23965049,2502,2251800.000000000000000,0.000000000000000
2105,23965055,8,7200.000000000000000,0.000000000000000
2106,23965057,172,154800.000000000000000,0.000000000000000
2107,23965059,551,495900.000000000000000,0.000000000000000
2108,23970147,514,462600.000000000000000,0.000000000000000
2109,23970149,37,33300.000000000000000,0.000000000000000
2110,23970151,31,27900.000000000000000,0.000000000000000
2111,23970153,1418,1276200.000000000000000,0.000000000000000
2112,23970155,269,242100.000000000000000,0.000000000000000
2113,23970159,1236,1112400.000000000000000,38.000000000000000
2114,23970161,445,400500.000000000000000,67.000000000000000
2115,23970163,1878,1690200.000000000000000,29.000000000000000
2116,23970165,966,869400.000000000000000,8.000000000000000
2117,23970167,2322,2089800.000000000000000,70.000000000000000
2118,23970169,1937,1743300.000000000000000,272.000000000000000
2119,23970171,1165,1048500.000000000000000,0.000000000000000
2120,23970175,7706,6935400.000000000000000,12.000000000000000
2121,23970177,2624,2361600.000000000000000,0.000000000000000
2122,23970179,12194,10974600.000000000000000,0.000000000000000
2123,23970181,17566,15809400.000000000000000,54.000000000000000
2124,23970183,404,363600.000000000000000,28.000000000000000
2125,23970185,165,148500.000000000000000,0.000000000000000
2126,23970187,225,202500.000000000000000,0.000000000000000
2127,23970189,32,28800.000000000000000,0.000000000000000
2128,23970191,220,198000.000000000000000,0.000000000000000
2129,23970193,365,328500.000000000000000,0.000000000000000
2130,23970195,337,303300.000000000000000,161.000000000000000
2131,23970197,177,159300.000000000000000,29.000000000000000
2132,23970199,7597,6837300.000000000000000,61.000000000000000
2133,23970201,2276,2048400.000000000000000,0.000000000000000
2134,23970203,3180,2862000.000000000000000,43.000000000000000
2135,23970205,8554,7698600.000000000000000,236.000000000000000
2136,23970207,6754,6078600.000000000000000,249.000000000000000
2137,23970209,513,461700.000000000000000,0.000000000000000
2138,23970211,3201,2880900.000000000000000,2.000000000000000
2139,23970213,1,900.000000000000000,0.000000000000000
2140,23970215,9609,8648100.000000000000000,0.000000000000000
2141,23970217,2452,2206800.000000000000000,0.000000000000000
2142,23970219,2176,1958400.000000000000000,0.000000000000000
2143,23970221,1331,1197900.000000000000000,0.000000000000000
2144,23970223,199,179100.000000000000000,0.000000000000000
2145,23970225,2838,2554200.000000000000000,0.000000000000000
2146,23970227,11,9900.000000000000000,0.000000000000000
2147,23970229,5296,4766400.000000000000000,0.000000000000000
2148,23970231,132,118800.000000000000000,0.000000000000000
2149,23970233,2446,2201400.000000000000000,0.000000000000000
2150,23970235,446,401400.000000000000000,0.000000000000000
2151,23970237,4496,4046400.000000000000000,0.000000000000000
2152,23970239,233,209700.000000000000000,0.000000000000000
2153,23970241,3002,2701800.000000000000000,0.000000000000000
2154,23970243,1181,1062900.000000000000000,0.000000000000000
2155,23970245,5846,5261400.000000000000000,0.000000000000000
2156,23970247,205,184500.000000000000000,0.000000000000000
2157,23970249,1403,1262700.000000000000000,0.000000000000000
2158,23970251,4233,3809700.000000000000000,0.000000000000000
2159,23970253,2553,2297700.000000000000000,0.000000000000000
2160,23970255,233,209700.000000000000000,0.000000000000000
2161,23970257,630,567000.000000000000000,0.000000000000000
2162,23970261,487,438300.000000000000000,0.000000000000000
2163,23970265,1604,1443600.000000000000000,0.000000000000000
2164,23970267,449,404100.000000000000000,0.000000000000000
2165,23970269,3181,2862900.000000000000000,0.000000000000000
2166,23970271,7451,6705900.000000000000000,0.000000000000000
2167,23970273,22,19800.000000000000000,0.000000000000000
2168,23970275,98,88200.000000000000000,0.000000000000000
2169,23970277,3331,2997900.000000000000000,0.000000000000000
2170,23970279,4400,3960000.000000000000000,0.000000000000000
2171,23970281,479,431100.000000000000000,0.000000000000000
2172,23970283,1205,1084500.000000000000000,0.000000000000000
2173,23970285,2873,2585700.000000000000000,0.000000000000000
2174,23970287,298,268200.000000000000000,0.000000000000000
2175,23970289,1960,1764000.000000000000000,0.000000000000000
2176,23970291,115,103500.000000000000000,0.000000000000000
2177,23970293,2570,2313000.000000000000000,0.000000000000000
2178,23970295,5323,4790700.000000000000000,0.000000000000000
2179,23970297,63,56700.000000000000000,0.000000000000000
2180,23970299,58,52200.000000000000000,0.000000000000000
2181,23970301,157,141300.000000000000000,0.000000000000000
2182,23970303,2088,1879200.000000000000000,0.000000000000000
2183,23970305,492,442800.000000000000000,0.000000000000000
2184,23970307,5527,4974300.000000000000000,0.000000000000000
2185,23970309,3830,3447000.000000000000000,0.000000000000000
2186,23970311,1537,1383300.000000000000000,0.000000000000000
2187,23970313,2477,2229300.000000000000000,0.000000000000000
2188,23970315,1410,1269000.000000000000000,0.000000000000000
2189,23970317,7632,6868800.000000000000000,0.000000000000000
2190,23970319,3369,3032100.000000000000000,0.000000000000000
2191,23970321,3252,2926800.000000000000000,0.000000000000000
2192,23970323,5562,5005800.000000000000000,0.000000000000000
2193,23970325,4179,3761100.000000000000000,0.000000000000000
2194,23970327,1140,1026000.000000000000000,0.000000000000000
2195,23970329,2816,2534400.000000000000000,0.000000000000000
2196,23970331,1653,1487700.000000000000000,0.000000000000000
2197,23970333,2187,1968300.000000000000000,0.000000000000000
2198,23970335,3386,3047400.000000000000000,0.000000000000000
2199,23970337,10997,9897300.000000000000000,0.000000000000000
2200,23970339,425,382500.000000000000000,0.000000000000000
2201,23970341,73,65700.000000000000000,0.000000000000000
2202,23970343,3,2700.000000000000000,0.000000000000000
2203,23970345,190,171000.000000000000000,0.000000000000000
2204,23970347,138,124200.000000000000000,0.000000000000000
2205,23970349,416,374400.000000000000000,0.000000000000000
2206,23970351,2679,2411100.000000000000000,0.000000000000000
2207,23970353,387,348300.000000000000000,0.000000000000000
2208,23970355,6236,5612400.000000000000000,0.000000000000000
2209,23970359,857,771300.000000000000000,0.000000000000000
2210,23970361,2128,1915200.000000000000000,0.000000000000000
2211,23970363,4494,4044600.000000000000000,0.000000000000000
2212,23970365,265,238500.000000000000000,0.000000000000000
2213,23970367,85,76500.000000000000000,0.000000000000000
2214,23970369,8690,7821000.000000000000000,0.000000000000000
2215,23970371,1616,1454400.000000000000000,0.000000000000000
2216,23970373,335,301500.000000000000000,0.000000000000000
2217,23970375,1502,1351800.000000000000000,0.000000000000000
2218,23970377,8896,8006400.000000000000000,0.000000000000000
2219,23970379,338,304200.000000000000000,0.000000000000000
2220,23970381,4431,3987900.000000000000000,0.000000000000000
2221,23970383,2434,2190600.000000000000000,0.000000000000000
2222,23970385,11840,10656000.000000000000000,0.000000000000000
2223,23970389,107,96300.000000000000000,0.000000000000000
2224,23970391,1638,1474200.000000000000000,0.000000000000000
2225,23970393,5024,4521600.000000000000000,0.000000000000000
2226,23970395,3274,2946600.000000000000000,0.000000000000000
2227,23970397,2904,2613600.000000000000000,0.000000000000000
2228,23970399,1610,1449000.000000000000000,0.000000000000000
2229,23970401,42,37800.000000000000000,0.000000000000000
2230,23970403,6120,5508000.000000000000000,0.000000000000000
2231,23970405,1571,1413900.000000000000000,0.000000000000000
2232,23970407,2314,2082600.000000000000000,0.000000000000000
2233,23970409,2037,1833300.000000000000000,0.000000000000000
2234,23970411,5708,5137200.000000000000000,0.000000000000000
2235,23970413,1677,1509300.000000000000000,0.000000000000000
2236,23970415,6004,5403600.000000000000000,0.000000000000000
2237,23970417,10313,9281700.000000000000000,0.000000000000000
2238,23970419,4,3600.000000000000000,0.000000000000000
2239,23970421,3342,3007800.000000000000000,0.000000000000000
2240,23970423,337,303300.000000000000000,0.000000000000000
2241,23970425,105,94500.000000000000000,0.000000000000000
2242,23970427,42,37800.000000000000000,0.000000000000000
2243,23970429,819,737100.000000000000000,0.000000000000000
2244,23970431,18,16200.000000000000000,0.000000000000000
2245,23970433,1030,927000.000000000000000,0.000000000000000
2246,23970435,1192,1072800.000000000000000,0.000000000000000
2247,23970437,3575,3217500.000000000000000,0.000000000000000
2248,23970439,4139,3725100.000000000000000,0.000000000000000
2249,23970441,1542,1387800.000000000000000,0.000000000000000
2250,23970443,25,22500.000000000000000,0.000000000000000
2251,23970445,714,642600.000000000000000,0.000000000000000
2252,23970447,3561,3204900.000000000000000,0.000000000000000
2253,23970449,3499,3149100.000000000000000,0.000000000000000
2254,23970451,1047,942300.000000000000000,0.000000000000000
2255,23970453,1061,954900.000000000000000,0.000000000000000
2256,23970455,18,16200.000000000000000,0.000000000000000
2257,23970457,638,574200.000000000000000,0.000000000000000
2258,23970459,488,439200.000000000000000,0.000000000000000
2259,23970461,1636,1472400.000000000000000,0.000000000000000
2260,23970463,70,63000.000000000000000,0.000000000000000
2261,23970465,142,127800.000000000000000,0.000000000000000
2262,23970467,2365,2128500.000000000000000,0.000000000000000
2263,23970469,963,866700.000000000000000,0.000000000000000
2264,23970471,4237,3813300.000000000000000,0.000000000000000
2265,23970473,7735,6961500.000000000000000,0.000000000000000
2266,23970475,385,346500.000000000000000,0.000000000000000
2267,23970477,1711,1539900.000000000000000,0.000000000000000
2268,23970479,831,747900.000000000000000,0.000000000000000
2269,23970481,11674,10506600.000000000000000,0.000000000000000
2270,23970483,10340,9306000.000000000000000,0.000000000000000
2271,23970485,62,55800.000000000000000,0.000000000000000
2272,23970487,1680,1512000.000000000000000,0.000000000000000
2273,23970489,4611,4149900.000000000000000,0.000000000000000
2274,23970491,239,215100.000000000000000,0.000000000000000
2275,23970493,1932,1738800.000000000000000,0.000000000000000
2276,23970495,5362,4825800.000000000000000,0.000000000000000
2277,23970497,76,68400.000000000000000,0.000000000000000
2278,23970499,15,13500.000000000000000,0.000000000000000
2279,23970501,2225,2002500.000000000000000,0.000000000000000
2280,23970503,1639,1475100.000000000000000,0.000000000000000
2281,23970505,2122,1909800.000000000000000,0.000000000000000
2282,23970507,872,784800.000000000000000,0.000000000000000
2283,23970509,439,395100.000000000000000,0.000000000000000
2284,23970511,1787,1608300.000000000000000,0.000000000000000
2285,23970513,4826,4343400.000000000000000,0.000000000000000
2286,23970515,3502,3151800.000000000000000,0.000000000000000
2287,23970517,2738,2464200.000000000000000,0.000000000000000
2288,23970519,835,751500.000000000000000,0.000000000000000
2289,23970521,3192,2872800.000000000000000,0.000000000000000
2290,23970523,1136,1022400.000000000000000,0.000000000000000
2291,23970525,3,2700.000000000000000,0.000000000000000
2292,23970527,3012,2710800.000000000000000,0.000000000000000
2293,23970529,4551,4095900.000000000000000,0.000000000000000
2294,23970531,828,745200.000000000000000,0.000000000000000
2295,23970533,808,727200.000000000000000,0.000000000000000
2296,23970535,37,33300.000000000000000,0.000000000000000
2297,23970537,14019,12617100.000000000000000,0.000000000000000
2298,23970539,935,841500.000000000000000,0.000000000000000
2299,23970541,546,491400.000000000000000,0.000000000000000
2300,23970543,2703,2432700.000000000000000,0.000000000000000
2301,23970545,37,33300.000000000000000,0.000000000000000
2302,23970547,63,56700.000000000000000,0.000000000000000
2303,23970549,8354,7518600.000000000000000,0.000000000000000
2304,23970551,4526,4073400.000000000000000,0.000000000000000
2305,23970553,2644,2379600.000000000000000,0.000000000000000
2306,23970555,4854,4368600.000000000000000,0.000000000000000
2307,23970557,1220,1098000.000000000000000,0.000000000000000
2308,23970559,770,693000.000000000000000,0.000000000000000
2309,23970561,3027,2724300.000000000000000,0.000000000000000
2310,23970563,382,343800.000000000000000,0.000000000000000
2311,23970565,8837,7953300.000000000000000,0.000000000000000
2312,23970567,2337,2103300.000000000000000,0.000000000000000
2313,23970569,1597,1437300.000000000000000,0.000000000000000
2314,23970571,2633,2369700.000000000000000,0.000000000000000
2315,23970573,2761,2484900.000000000000000,0.000000000000000
2316,23970575,3382,3043800.000000000000000,0.000000000000000
2317,23970577,2493,2243700.000000000000000,0.000000000000000
2318,23970579,858,772200.000000000000000,0.000000000000000
2319,23970581,6462,5815800.000000000000000,0.000000000000000
2320,23970583,4190,3771000.000000000000000,0.000000000000000
2321,23970585,202,181800.000000000000000,0.000000000000000
2322,23970587,8514,7662600.000000000000000,0.000000000000000
2323,23970589,2650,2385000.000000000000000,0.000000000000000
2324,23970591,266,239400.000000000000000,0.000000000000000
2325,23970593,1358,1222200.000000000000000,0.000000000000000
2326,23970595,2504,2253600.000000000000000,0.000000000000000
2327,23970597,206,185400.000000000000000,0.000000000000000
2328,23970599,1848,1663200.000000000000000,0.000000000000000
2329,23970601,5278,4750200.000000000000000,0.000000000000000
2330,23970603,919,827100.000000000000000,0.000000000000000
2331,23970605,122,109800.000000000000000,0.000000000000000
2332,23970607,1652,1486800.000000000000000,0.000000000000000
2333,23970609,2706,2435400.000000000000000,0.000000000000000
2334,23970611,9617,8655300.000000000000000,0.000000000000000
2335,23970613,1943,1748700.000000000000000,0.000000000000000
2336,23970615,33,29700.000000000000000,0.000000000000000
2337,23970617,8,7200.000000000000000,0.000000000000000
2338,23970619,10401,9360900.000000000000000,0.000000000000000
2339,23970621,7330,6597000.000000000000000,0.000000000000000
2340,23970623,12,10800.000000000000000,0.000000000000000
2341,23970625,3252,2926800.000000000000000,0.000000000000000
2342,23970627,2828,2545200.000000000000000,0.000000000000000
2343,23970629,3353,3017700.000000000000000,0.000000000000000
2344,23970631,4840,4356000.000000000000000,0.000000000000000
2345,23970633,6322,5689800.000000000000000,0.000000000000000
2346,23970635,14650,13185000.000000000000000,0.000000000000000
2347,23970637,3341,3006900.000000000000000,0.000000000000000
2348,23970639,1413,1271700.000000000000000,0.000000000000000
2349,23970641,4902,4411800.000000000000000,0.000000000000000
2350,23970643,1200,1080000.000000000000000,0.000000000000000
2351,23970645,26,23400.000000000000000,0.000000000000000
2352,23970647,1165,1048500.000000000000000,0.000000000000000
2353,23970649,7415,6673500.000000000000000,0.000000000000000
2354,23970651,1,900.000000000000000,0.000000000000000
2355,23970653,3394,3054600.000000000000000,0.000000000000000
2356,23970655,4490,4041000.000000000000000,0.000000000000000
2357,23970657,19014,17112600.000000000000000,0.000000000000000
2358,23970659,798,718200.000000000000000,0.000000000000000
2359,23970661,13419,12077100.000000000000000,0.000000000000000
2360,23970663,286,257400.000000000000000,0.000000000000000
2361,23970665,90,81000.000000000000000,0.000000000000000
2362,23970667,392,352800.000000000000000,0.000000000000000
2363,23970669,106,95400.000000000000000,0.000000000000000
2364,23970671,423,380700.000000000000000,0.000000000000000
2365,23970673,815,733500.000000000000000,0.000000000000000
2366,23970675,459,413100.000000000000000,0.000000000000000
2367,23970677,211,189900.000000000000000,0.000000000000000
2368,23970679,2777,2499300.000000000000000,0.000000000000000
2369,23970681,6710,6039000.000000000000000,0.000000000000000
2370,23970683,2238,2014200.000000000000000,0.000000000000000
2371,23970685,1474,1326600.000000000000000,0.000000000000000
2372,23970687,28,25200.000000000000000,0.000000000000000
2373,23970689,3426,3083400.000000000000000,0.000000000000000
2374,23970691,5205,4684500.000000000000000,0.000000000000000
2375,23970693,1369,1232100.000000000000000,0.000000000000000
2376,23970695,1626,1463400.000000000000000,0.000000000000000
2377,23970697,5370,4833000.000000000000000,0.000000000000000
2378,23970699,1160,1044000.000000000000000,0.000000000000000
2379,23970701,58,52200.000000000000000,0.000000000000000
2380,23970703,16,14400.000000000000000,0.000000000000000
2381,23970705,3000,2700000.000000000000000,0.000000000000000
2382,23970707,884,795600.000000000000000,0.000000000000000
2383,23970709,897,807300.000000000000000,0.000000000000000
2384,23970711,1435,1291500.000000000000000,0.000000000000000
2385,23970713,35,31500.000000000000000,0.000000000000000
2386,23970715,1932,1738800.000000000000000,0.000000000000000
2387,23970717,303,272700.000000000000000,0.000000000000000
2388,23970719,1746,1571400.000000000000000,0.000000000000000
2389,23970721,5947,5352300.000000000000000,0.000000000000000
2390,23970723,1566,1409400.000000000000000,0.000000000000000
2391,23970725,129,116100.000000000000000,0.000000000000000
2392,23970727,155,139500.000000000000000,0.000000000000000
2393,23970729,911,819900.000000000000000,1.000000000000000
2394,23970731,181,162900.000000000000000,0.000000000000000
2395,23970733,1456,1310400.000000000000000,0.000000000000000
2396,23970735,159,143100.000000000000000,0.000000000000000
2397,23970737,563,506700.000000000000000,0.000000000000000
2398,23970739,191,171900.000000000000000,0.000000000000000
2399,23970741,2396,2156400.000000000000000,0.000000000000000
2400,23970743,5965,5368500.000000000000000,0.000000000000000
2401,23970745,1391,1251900.000000000000000,0.000000000000000
2402,23970747,199,179100.000000000000000,0.000000000000000
2403,23970749,99,89100.000000000000000,0.000000000000000
2404,23970751,9241,8316900.000000000000000,0.000000000000000
2405,23970753,2178,1960200.000000000000000,0.000000000000000
2406,23970755,685,616500.000000000000000,0.000000000000000
2407,23970757,3079,2771100.000000000000000,0.000000000000000
2408,23970759,8168,7351200.000000000000000,0.000000000000000
2409,23970761,4531,4077900.000000000000000,0.000000000000000
2410,23970763,3425,3082500.000000000000000,0.000000000000000
2411,23970765,1319,1187100.000000000000000,0.000000000000000
2412,23970767,18149,16334100.000000000000000,0.000000000000000
2413,23970769,3476,3128400.000000000000000,0.000000000000000
2414,23970771,548,493200.000000000000000,0.000000000000000
2415,23970773,17940,16146000.000000000000000,0.000000000000000
2416,23970775,1241,1116900.000000000000000,0.000000000000000
2417,23970777,3158,2842200.000000000000000,0.000000000000000
2418,23970779,4768,4291200.000000000000000,0.000000000000000
2419,23970781,2925,2632500.000000000000000,0.000000000000000
2420,23970783,8534,7680600.000000000000000,0.000000000000000
2421,23970785,380,342000.000000000000000,0.000000000000000
2422,23970787,3494,3144600.000000000000000,0.000000000000000
2423,23970789,708,637200.000000000000000,0.000000000000000
2424,23970791,3,2700.000000000000000,0.000000000000000
2425,23970793,265,238500.000000000000000,0.000000000000000
2426,23970795,1849,1664100.000000000000000,0.000000000000000
2427,23970797,2065,1858500.000000000000000,0.000000000000000
2428,23970799,233,209700.000000000000000,0.000000000000000
2429,23970801,7004,6303600.000000000000000,0.000000000000000
2430,23970803,9009,8108100.000000000000000,0.000000000000000
2431,23970805,3,2700.000000000000000,0.000000000000000
2432,23970807,10206,9185400.000000000000000,0.000000000000000
2433,23970809,1750,1575000.000000000000000,0.000000000000000
2434,23970811,1094,984600.000000000000000,0.000000000000000
2435,23970813,43,38700.000000000000000,0.000000000000000
2436,23970815,20,18000.000000000000000,0.000000000000000
2437,23970817,2405,2164500.000000000000000,0.000000000000000
2438,23970819,645,580500.000000000000000,0.000000000000000
2439,23970821,236,212400.000000000000000,0.000000000000000
2440,23970823,3064,2757600.000000000000000,0.000000000000000
2441,23970825,1366,1229400.000000000000000,0.000000000000000
2442,23970827,270,243000.000000000000000,0.000000000000000
2443,23970829,1838,1654200.000000000000000,0.000000000000000
2444,23970831,1922,1729800.000000000000000,0.000000000000000
2445,23970833,240,216000.000000000000000,0.000000000000000
2446,23970835,42,37800.000000000000000,0.000000000000000
2447,23970837,1619,1457100.000000000000000,0.000000000000000
2448,23970839,271,243900.000000000000000,0.000000000000000
2449,23970841,311,279900.000000000000000,0.000000000000000
2450,23970843,2060,1854000.000000000000000,0.000000000000000
2451,23970845,11524,10371600.000000000000000,0.000000000000000
2452,23970847,933,839700.000000000000000,0.000000000000000
2453,23970849,4794,4314600.000000000000000,0.000000000000000
2454,23970851,4797,4317300.000000000000000,0.000000000000000
2455,23970853,3048,2743200.000000000000000,0.000000000000000
2456,23970855,5269,4742100.000000000000000,0.000000000000000
2457,23970857,22,19800.000000000000000,0.000000000000000
2458,23970859,1030,927000.000000000000000,0.000000000000000
2459,23970861,18,16200.000000000000000,0.000000000000000
2460,23970863,791,711900.000000000000000,0.000000000000000
2461,23970865,143,128700.000000000000000,1.000000000000000
2462,23970867,15853,14267700.000000000000000,2.000000000000000
2463,23970869,26,23400.000000000000000,0.000000000000000
2464,23970871,1742,1567800.000000000000000,0.000000000000000
2465,23970873,942,847800.000000000000000,0.000000000000000
2466,23970875,255,229500.000000000000000,0.000000000000000
2467,23970877,3,2700.000000000000000,0.000000000000000
2468,23970879,667,600300.000000000000000,0.000000000000000
2469,23970881,673,605700.000000000000000,0.000000000000000
2470,23970883,4936,4442400.000000000000000,0.000000000000000
2471,23970885,5791,5211900.000000000000000,0.000000000000000
2472,23970887,93,83700.000000000000000,0.000000000000000
2473,23970889,53,47700.000000000000000,0.000000000000000
2474,23970891,9096,8186400.000000000000000,0.000000000000000
2475,23970893,661,594900.000000000000000,0.000000000000000
2476,23970895,2733,2459700.000000000000000,0.000000000000000
2477,23970897,52,46800.000000000000000,0.000000000000000
2478,23970899,321,288900.000000000000000,0.000000000000000
2479,23970903,2578,2320200.000000000000000,0.000000000000000
2480,23970905,2795,2515500.000000000000000,0.000000000000000
2481,23970907,16288,14659200.000000000000000,0.000000000000000
2482,23970909,8435,7591500.000000000000000,0.000000000000000
2483,23970911,638,574200.000000000000000,0.000000000000000
2484,23970913,3200,2880000.000000000000000,0.000000000000000
2485,23970915,1289,1160100.000000000000000,100.000000000000000
2486,23970917,4120,3708000.000000000000000,436.000000000000000
2487,23970919,87,78300.000000000000000,16.000000000000000
2488,23970921,237,213300.000000000000000,0.000000000000000
2489,23970923,10108,9097200.000000000000000,42.000000000000000
2490,23970925,96,86400.000000000000000,0.000000000000000
2491,23970927,899,809100.000000000000000,0.000000000000000
2492,23970929,892,802800.000000000000000,0.000000000000000
2493,23970931,2560,2304000.000000000000000,0.000000000000000
2494,23970933,276,248400.000000000000000,0.000000000000000
2495,23970935,2063,1856700.000000000000000,0.000000000000000
2496,23970937,2064,1857600.000000000000000,49.000000000000000
2497,23970939,1391,1251900.000000000000000,355.000000000000000
2498,23970941,494,444600.000000000000000,0.000000000000000
2499,23970943,324,291600.000000000000000,0.000000000000000
2500,23970945,854,768600.000000000000000,0.000000000000000
2501,23970947,845,760500.000000000000000,0.000000000000000
2502,23970949,4976,4478400.000000000000000,0.000000000000000
2503,23970951,2675,2407500.000000000000000,193.000000000000000
2504,23970953,737,663300.000000000000000,0.000000000000000
2505,23970955,191,171900.000000000000000,0.000000000000000
2506,23970957,14,12600.000000000000000,0.000000000000000
2507,23970959,144,129600.000000000000000,0.000000000000000
2508,23970961,1152,1036800.000000000000000,112.000000000000000
2509,23970963,1524,1371600.000000000000000,0.000000000000000
2510,23970965,352,316800.000000000000000,0.000000000000000
2511,23970967,399,359100.000000000000000,0.000000000000000
2512,23970969,4118,3706200.000000000000000,0.000000000000000
2513,23970971,3553,3197700.000000000000000,352.000000000000000
2514,23970973,3519,3167100.000000000000000,0.000000000000000
2515,23970975,1221,1098900.000000000000000,0.000000000000000
2516,23970977,5862,5275800.000000000000000,0.000000000000000
2517,23970979,2252,2026800.000000000000000,0.000000000000000
2518,23970981,5922,5329800.000000000000000,452.000000000000000
2519,23970983,129,116100.000000000000000,0.000000000000000
2520,23970985,1028,925200.000000000000000,0.000000000000000
2521,23970987,14,12600.000000000000000,0.000000000000000
2522,23970989,21,18900.000000000000000,0.000000000000000
2523,23970991,197,177300.000000000000000,0.000000000000000
2524,23970993,765,688500.000000000000000,0.000000000000000
2525,23970995,5317,4785300.000000000000000,0.000000000000000
2526,23970997,4844,4359600.000000000000000,0.000000000000000
2527,23970999,8107,7296300.000000000000000,0.000000000000000
2528,23971001,2399,2159100.000000000000000,0.000000000000000
2529,23971003,317,285300.000000000000000,0.000000000000000
2530,23971005,50,45000.000000000000000,0.000000000000000
2531,23971007,8830,7947000.000000000000000,0.000000000000000
2532,23971009,309,278100.000000000000000,0.000000000000000
2533,23971011,4114,3702600.000000000000000,0.000000000000000
2534,23971013,2272,2044800.000000000000000,0.000000000000000
2535,23971015,6600,5940000.000000000000000,0.000000000000000
2536,23971017,1406,1265400.000000000000000,0.000000000000000
2537,23971019,8,7200.000000000000000,0.000000000000000
2538,23971021,260,234000.000000000000000,0.000000000000000
2539,23971023,1271,1143900.000000000000000,0.000000000000000
2540,23971025,2015,1813500.000000000000000,0.000000000000000
2541,23971027,2278,2050200.000000000000000,0.000000000000000
2542,23971029,181,162900.000000000000000,0.000000000000000
2543,23971031,3,2700.000000000000000,0.000000000000000
2544,23971033,1128,1015200.000000000000000,0.000000000000000
2545,23971035,7628,6865200.000000000000000,0.000000000000000
2546,23971037,2064,1857600.000000000000000,0.000000000000000
2547,23971039,3725,3352500.000000000000000,0.000000000000000
2548,23971041,4150,3735000.000000000000000,0.000000000000000
2549,23971043,4100,3690000.000000000000000,0.000000000000000
2550,23971045,4543,4088700.000000000000000,0.000000000000000
2551,23971047,3953,3557700.000000000000000,0.000000000000000
2552,23971049,1253,1127700.000000000000000,0.000000000000000
2553,23971051,2677,2409300.000000000000000,0.000000000000000
2554,23971053,1219,1097100.000000000000000,17.000000000000000
2555,23971055,3402,3061800.000000000000000,0.000000000000000
2556,23971057,120,108000.000000000000000,0.000000000000000
2557,23971059,58,52200.000000000000000,0.000000000000000
2558,23971061,51,45900.000000000000000,0.000000000000000
2559,23971063,2970,2673000.000000000000000,190.000000000000000
2560,23971065,4989,4490100.000000000000000,0.000000000000000
2561,23971067,3339,3005100.000000000000000,0.000000000000000
2562,23971069,157,141300.000000000000000,0.000000000000000
2563,23971071,894,804600.000000000000000,0.000000000000000
2564,23971073,352,316800.000000000000000,0.000000000000000
2565,23971075,70,63000.000000000000000,0.000000000000000
2566,23971077,2656,2390400.000000000000000,111.000000000000000
2567,23971079,429,386100.000000000000000,0.000000000000000
2568,23971081,1124,1011600.000000000000000,0.000000000000000
2569,23971083,76,68400.000000000000000,0.000000000000000
2570,23971085,8,7200.000000000000000,0.000000000000000
2571,23971087,6611,5949900.000000000000000,0.000000000000000
2572,23971089,669,602100.000000000000000,0.000000000000000
2573,23971091,1421,1278900.000000000000000,0.000000000000000
2574,23971093,2376,2138400.000000000000000,0.000000000000000
2575,23971095,4148,3733200.000000000000000,0.000000000000000
2576,23971097,8734,7860600.000000000000000,0.000000000000000
2577,23971099,3038,2734200.000000000000000,0.000000000000000
2578,23971101,5810,5229000.000000000000000,0.000000000000000
2579,23971103,1890,1701000.000000000000000,0.000000000000000
2580,23971105,4520,4068000.000000000000000,0.000000000000000
2581,23971107,100,90000.000000000000000,0.000000000000000
2582,23971109,669,602100.000000000000000,0.000000000000000
2583,23971111,2177,1959300.000000000000000,0.000000000000000
2584,23971113,5285,4756500.000000000000000,0.000000000000000
2585,23971115,885,796500.000000000000000,8.000000000000000
2586,23971117,1316,1184400.000000000000000,0.000000000000000
2587,23971119,139,125100.000000000000000,0.000000000000000
2588,23971121,482,433800.000000000000000,0.000000000000000
2589,23971123,734,660600.000000000000000,0.000000000000000
2590,23971125,4729,4256100.000000000000000,0.000000000000000
2591,23971129,117,105300.000000000000000,0.000000000000000
2592,23971131,2330,2097000.000000000000000,0.000000000000000
2593,23971133,986,887400.000000000000000,0.000000000000000
2594,23971135,407,366300.000000000000000,0.000000000000000
2595,23971137,636,572400.000000000000000,0.000000000000000
2596,23971139,5243,4718700.000000000000000,0.000000000000000
2597,23971141,2489,2240100.000000000000000,0.000000000000000
2598,23971143,5718,5146200.000000000000000,0.000000000000000
2599,23971145,563,506700.000000000000000,0.000000000000000
2600,23971147,1820,1638000.000000000000000,0.000000000000000
2601,23971149,633,569700.000000000000000,0.000000000000000
2602,23971151,849,764100.000000000000000,0.000000000000000
2603,23971153,69,62100.000000000000000,0.000000000000000
2604,23971155,2837,2553300.000000000000000,0.000000000000000
2605,23971157,1752,1576800.000000000000000,0.000000000000000
2606,23971159,3937,3543300.000000000000000,0.000000000000000
2607,23971161,743,668700.000000000000000,0.000000000000000
2608,23971165,848,763200.000000000000000,0.000000000000000
2609,23971167,35,31500.000000000000000,0.000000000000000
2610,23971169,5268,4741200.000000000000000,0.000000000000000
2611,23971171,438,394200.000000000000000,0.000000000000000
2612,23971175,2776,2498400.000000000000000,0.000000000000000
2613,23971177,2439,2195100.000000000000000,0.000000000000000
2614,23971179,1330,1197000.000000000000000,0.000000000000000
2615,23971181,266,239400.000000000000000,0.000000000000000
2616,23971183,51,45900.000000000000000,0.000000000000000
2617,23971185,553,497700.000000000000000,0.000000000000000
2618,23971187,2160,1944000.000000000000000,0.000000000000000
2619,23971189,60,54000.000000000000000,0.000000000000000
2620,23971191,2208,1987200.000000000000000,0.000000000000000
2621,23971193,169,152100.000000000000000,0.000000000000000
2622,23971195,5176,4658400.000000000000000,0.000000000000000
2623,23971197,996,896400.000000000000000,0.000000000000000
2624,23971199,1970,1773000.000000000000000,0.000000000000000
2625,23971201,11916,10724400.000000000000000,0.000000000000000
2626,23971205,563,506700.000000000000000,0.000000000000000
2627,23971207,4691,4221900.000000000000000,0.000000000000000
2628,23971209,3622,3259800.000000000000000,0.000000000000000
2629,23971211,3524,3171600.000000000000000,0.000000000000000
2630,23971213,1856,1670400.000000000000000,0.000000000000000
2631,23971215,1694,1524600.000000000000000,0.000000000000000
2632,23971219,3644,3279600.000000000000000,0.000000000000000
2633,23971221,2255,2029500.000000000000000,0.000000000000000
2634,23971223,1553,1397700.000000000000000,0.000000000000000
2635,23971225,1898,1708200.000000000000000,0.000000000000000
2636,23971227,3639,3275100.000000000000000,0.000000000000000
2637,23971229,907,816300.000000000000000,0.000000000000000
2638,23971231,2120,1908000.000000000000000,0.000000000000000
2639,23971233,4464,4017600.000000000000000,0.000000000000000
2640,23971235,5289,4760100.000000000000000,0.000000000000000
2641,23971237,856,770400.000000000000000,0.000000000000000
2642,23971239,90,81000.000000000000000,0.000000000000000
2643,23971241,1479,1331100.000000000000000,0.000000000000000
2644,23971245,492,442800.000000000000000,0.000000000000000
2645,23971247,449,404100.000000000000000,0.000000000000000
2646,23971249,3153,2837700.000000000000000,0.000000000000000
2647,23971251,870,783000.000000000000000,0.000000000000000
2648,23971253,6472,5824800.000000000000000,0.000000000000000
2649,23971255,10882,9793800.000000000000000,0.000000000000000
2650,23971257,2395,2155500.000000000000000,0.000000000000000
2651,23971259,207,186300.000000000000000,0.000000000000000
2652,23971261,327,294300.000000000000000,0.000000000000000
2653,23971263,826,743400.000000000000000,0.000000000000000
2654,23971265,2101,1890900.000000000000000,0.000000000000000
2655,23971267,1190,1071000.000000000000000,0.000000000000000
2656,23971269,548,493200.000000000000000,0.000000000000000
2657,23971271,1591,1431900.000000000000000,0.000000000000000
2658,23971273,1785,1606500.000000000000000,0.000000000000000
2659,23971275,1330,1197000.000000000000000,0.000000000000000
2660,23971277,4438,3994200.000000000000000,0.000000000000000
2661,23971279,239,215100.000000000000000,0.000000000000000
2662,23971281,284,255600.000000000000000,0.000000000000000
2663,23971283,1858,1672200.000000000000000,0.000000000000000
2664,23971285,967,870300.000000000000000,0.000000000000000
2665,23971287,274,246600.000000000000000,0.000000000000000
2666,23971289,160,144000.000000000000000,0.000000000000000
2667,23971291,1289,1160100.000000000000000,0.000000000000000
2668,23971293,1904,1713600.000000000000000,0.000000000000000
2669,23971295,1126,1013400.000000000000000,0.000000000000000
2670,23971297,1958,1762200.000000000000000,0.000000000000000
2671,23971299,687,618300.000000000000000,0.000000000000000
2672,23971301,514,462600.000000000000000,0.000000000000000
2673,23971303,708,637200.000000000000000,0.000000000000000
2674,23971305,1529,1376100.000000000000000,0.000000000000000
2675,23971309,237,213300.000000000000000,0.000000000000000
2676,23971311,5029,4526100.000000000000000,0.000000000000000
2677,23971313,33,29700.000000000000000,0.000000000000000
2678,23971315,845,760500.000000000000000,0.000000000000000
2679,23971317,4282,3853800.000000000000000,0.000000000000000
2680,23971319,2371,2133900.000000000000000,0.000000000000000
2681,23971321,1737,1563300.000000000000000,0.000000000000000
2682,23971323,878,790200.000000000000000,0.000000000000000
2683,23971325,2468,2221200.000000000000000,0.000000000000000
2684,23971327,3580,3222000.000000000000000,0.000000000000000
2685,23971329,351,315900.000000000000000,0.000000000000000
2686,23971331,3476,3128400.000000000000000,0.000000000000000
2687,23971333,944,849600.000000000000000,0.000000000000000
2688,23971335,513,461700.000000000000000,0.000000000000000
2689,23971337,2123,1910700.000000000000000,0.000000000000000
2690,23971339,227,204300.000000000000000,0.000000000000000
2691,23971341,191,171900.000000000000000,0.000000000000000
2692,23971343,274,246600.000000000000000,0.000000000000000
2693,23971345,4845,4360500.000000000000000,0.000000000000000
2694,23971347,186,167400.000000000000000,0.000000000000000
2695,23971349,3042,2737800.000000000000000,0.000000000000000
2696,23971351,2578,2320200.000000000000000,0.000000000000000
2697,23971353,2041,1836900.000000000000000,0.000000000000000
2698,23971355,998,898200.000000000000000,0.000000000000000
2699,23971357,3357,3021300.000000000000000,0.000000000000000
2700,23971359,152,136800.000000000000000,0.000000000000000
2701,23971361,2662,2395800.000000000000000,0.000000000000000
2702,23971363,2977,2679300.000000000000000,0.000000000000000
2703,23971365,730,657000.000000000000000,0.000000000000000
2704,23971367,2156,1940400.000000000000000,0.000000000000000
2705,23971369,826,743400.000000000000000,0.000000000000000
2706,23971371,2669,2402100.000000000000000,0.000000000000000
2707,23971373,1482,1333800.000000000000000,0.000000000000000
2708,23971375,1387,1248300.000000000000000,0.000000000000000
2709,23971377,2807,2526300.000000000000000,0.000000000000000
2710,23971379,2649,2384100.000000000000000,0.000000000000000
2711,23971383,3453,3107700.000000000000000,0.000000000000000
2712,23971385,536,482400.000000000000000,0.000000000000000
2713,23971387,1286,1157400.000000000000000,0.000000000000000
2714,23971389,2172,1954800.000000000000000,0.000000000000000
2715,23971391,3594,3234600.000000000000000,0.000000000000000
2716,23971393,1624,1461600.000000000000000,0.000000000000000
2717,23971395,577,519300.000000000000000,0.000000000000000
2718,23971397,1195,1075500.000000000000000,0.000000000000000
2719,23971399,3136,2822400.000000000000000,0.000000000000000
2720,23971401,25,22500.000000000000000,0.000000000000000
2721,23971403,792,712800.000000000000000,0.000000000000000
2722,23971405,2506,2255400.000000000000000,0.000000000000000
2723,23971407,6773,6095700.000000000000000,0.000000000000000
2724,23971409,6361,5724900.000000000000000,0.000000000000000
2725,23971411,2946,2651400.000000000000000,0.000000000000000
2726,23971413,3208,2887200.000000000000000,0.000000000000000
2727,23971415,2490,2241000.000000000000000,0.000000000000000
2728,23971417,1290,1161000.000000000000000,0.000000000000000
2729,23971419,373,335700.000000000000000,0.000000000000000
2730,23971423,924,831600.000000000000000,0.000000000000000
2731,23971425,276,248400.000000000000000,0.000000000000000
2732,23971427,677,609300.000000000000000,0.000000000000000
2733,23971429,397,357300.000000000000000,0.000000000000000
2734,23971431,1817,1635300.000000000000000,0.000000000000000
2735,23971433,1776,1598400.000000000000000,0.000000000000000
2736,23971435,2645,2380500.000000000000000,0.000000000000000
2737,23971437,182,163800.000000000000000,0.000000000000000
2738,23971439,60,54000.000000000000000,0.000000000000000
2739,23971441,6695,6025500.000000000000000,0.000000000000000
2740,23971443,2044,1839600.000000000000000,0.000000000000000
2741,23971445,28,25200.000000000000000,0.000000000000000
2742,23971447,1967,1770300.000000000000000,0.000000000000000
2743,23971449,2213,1991700.000000000000000,0.000000000000000
2744,23971451,1443,1298700.000000000000000,0.000000000000000
2745,23971453,922,829800.000000000000000,0.000000000000000
2746,23971455,2629,2366100.000000000000000,0.000000000000000
2747,23971457,954,858600.000000000000000,0.000000000000000
2748,23971459,1919,1727100.000000000000000,0.000000000000000
2749,23971461,348,313200.000000000000000,0.000000000000000
2750,23971465,705,634500.000000000000000,0.000000000000000
2751,23971467,10451,9405900.000000000000000,0.000000000000000
2752,23971469,461,414900.000000000000000,0.000000000000000
2753,23971471,172,154800.000000000000000,0.000000000000000
2754,23971473,978,880200.000000000000000,0.000000000000000
2755,23971475,2057,1851300.000000000000000,0.000000000000000
2756,23971477,170,153000.000000000000000,0.000000000000000
2757,23971479,140,126000.000000000000000,0.000000000000000
2758,23971481,2509,2258100.000000000000000,0.000000000000000
2759,23971483,2487,2238300.000000000000000,0.000000000000000
2760,23971485,750,675000.000000000000000,0.000000000000000
2761,23971487,6294,5664600.000000000000000,0.000000000000000
2762,23971489,1516,1364400.000000000000000,0.000000000000000
2763,23971491,1511,1359900.000000000000000,0.000000000000000
2764,23971493,3304,2973600.000000000000000,0.000000000000000
2765,23971495,1818,1636200.000000000000000,0.000000000000000
2766,23971497,2891,2601900.000000000000000,0.000000000000000
2767,23971499,2060,1854000.000000000000000,0.000000000000000
2768,23971501,1806,1625400.000000000000000,0.000000000000000
2769,23971503,349,314100.000000000000000,0.000000000000000
2770,23971505,3754,3378600.000000000000000,0.000000000000000
2771,23971507,721,648900.000000000000000,0.000000000000000
2772,23971509,2435,2191500.000000000000000,0.000000000000000
2773,23971511,578,520200.000000000000000,0.000000000000000
2774,23971513,1148,1033200.000000000000000,0.000000000000000
2775,23971515,1730,1557000.000000000000000,0.000000000000000
2776,23971517,630,567000.000000000000000,0.000000000000000
2777,23971519,28,25200.000000000000000,0.000000000000000
2778,23971521,3424,3081600.000000000000000,0.000000000000000
2779,23971523,4276,3848400.000000000000000,0.000000000000000
2780,23971525,1851,1665900.000000000000000,0.000000000000000
2781,23971527,1892,1702800.000000000000000,0.000000000000000
2782,23971529,1563,1406700.000000000000000,0.000000000000000
2783,23971531,3761,3384900.000000000000000,0.000000000000000
2784,23971533,2563,2306700.000000000000000,0.000000000000000
2785,23971535,972,874800.000000000000000,0.000000000000000
2786,23971537,2331,2097900.000000000000000,0.000000000000000
2787,23971539,2410,2169000.000000000000000,0.000000000000000
2788,23971541,667,600300.000000000000000,0.000000000000000
2789,23971543,3109,2798100.000000000000000,0.000000000000000
2790,23971545,392,352800.000000000000000,0.000000000000000
2791,23971547,5604,5043600.000000000000000,0.000000000000000
2792,23971549,3365,3028500.000000000000000,0.000000000000000
2793,23971551,2641,2376900.000000000000000,0.000000000000000
2794,23971553,1587,1428300.000000000000000,0.000000000000000
2795,23971555,427,384300.000000000000000,0.000000000000000
2796,23971557,3364,3027600.000000000000000,0.000000000000000
2797,23971559,3430,3087000.000000000000000,0.000000000000000
2798,23971561,4524,4071600.000000000000000,0.000000000000000
2799,23971563,3518,3166200.000000000000000,0.000000000000000
2800,23971565,1942,1747800.000000000000000,0.000000000000000
2801,23971567,3924,3531600.000000000000000,0.000000000000000
2802,23971569,4461,4014900.000000000000000,0.000000000000000
2803,23971571,1826,1643400.000000000000000,0.000000000000000
2804,23971575,3898,3508200.000000000000000,0.000000000000000
2805,23971577,517,465300.000000000000000,0.000000000000000
2806,23971579,1043,938700.000000000000000,0.000000000000000
2807,23971581,4030,3627000.000000000000000,0.000000000000000
2808,23971583,1969,1772100.000000000000000,0.000000000000000
2809,23971585,565,508500.000000000000000,0.000000000000000
2810,23971587,313,281700.000000000000000,0.000000000000000
2811,23971589,320,288000.000000000000000,0.000000000000000
2812,23971591,381,342900.000000000000000,0.000000000000000
2813,23971593,3143,2828700.000000000000000,0.000000000000000
2814,23971595,338,304200.000000000000000,0.000000000000000
2815,23971597,5448,4903200.000000000000000,0.000000000000000
2816,23971599,1218,1096200.000000000000000,0.000000000000000
2817,23971601,402,361800.000000000000000,0.000000000000000
2818,23971603,1475,1327500.000000000000000,0.000000000000000
2819,23971605,2687,2418300.000000000000000,0.000000000000000
2820,23971607,910,819000.000000000000000,0.000000000000000
2821,23971609,6125,5512500.000000000000000,0.000000000000000
2822,23971611,4265,3838500.000000000000000,0.000000000000000
2823,23971613,2012,1810800.000000000000000,0.000000000000000
2824,23971615,1687,1518300.000000000000000,0.000000000000000
2825,23971617,1470,1323000.000000000000000,0.000000000000000
2826,23971619,980,882000.000000000000000,0.000000000000000
2827,23971621,926,833400.000000000000000,0.000000000000000
2828,23971623,129,116100.000000000000000,0.000000000000000
2829,23971625,5089,4580100.000000000000000,0.000000000000000
2830,23971627,2385,2146500.000000000000000,0.000000000000000
2831,23971629,1411,1269900.000000000000000,0.000000000000000
2832,23971631,2124,1911600.000000000000000,0.000000000000000
2833,23971633,2509,2258100.000000000000000,0.000000000000000
2834,23971635,1608,1447200.000000000000000,0.000000000000000
2835,23971637,2875,2587500.000000000000000,0.000000000000000
2836,23971639,2075,1867500.000000000000000,0.000000000000000
2837,23971641,3093,2783700.000000000000000,0.000000000000000
2838,23971643,5599,5039100.000000000000000,0.000000000000000
2839,23971645,2783,2504700.000000000000000,0.000000000000000
2840,23971647,6103,5492700.000000000000000,0.000000000000000
2841,23971649,3510,3159000.000000000000000,0.000000000000000
2842,23971651,3296,2966400.000000000000000,0.000000000000000
2843,23971653,9541,8586900.000000000000000,0.000000000000000
2844,23971655,6768,6091200.000000000000000,0.000000000000000
2845,23971657,486,437400.000000000000000,0.000000000000000
2846,23971659,18,16200.000000000000000,1.000000000000000
2847,23971661,475,427500.000000000000000,155.000000000000000
2848,23971663,1316,1184400.000000000000000,0.000000000000000
2849,23971665,602,541800.000000000000000,188.000000000000000
2850,23971667,132,118800.000000000000000,0.000000000000000
2851,23971671,109,98100.000000000000000,0.000000000000000
2852,23971673,1475,1327500.000000000000000,38.000000000000000
2853,23971675,207,186300.000000000000000,0.000000000000000
2854,23971677,126,113400.000000000000000,0.000000000000000
2855,23971679,210,189000.000000000000000,0.000000000000000
2856,23971681,906,815400.000000000000000,0.000000000000000
2857,23971685,597,537300.000000000000000,0.000000000000000
2858,23971687,1494,1344600.000000000000000,0.000000000000000
2859,23971689,84,75600.000000000000000,0.000000000000000
2860,23971691,1536,1382400.000000000000000,0.000000000000000
2861,23971693,1310,1179000.000000000000000,0.000000000000000
2862,23971695,160,144000.000000000000000,0.000000000000000
2863,23971697,138,124200.000000000000000,0.000000000000000
2864,23971699,328,295200.000000000000000,0.000000000000000
2865,23971701,290,261000.000000000000000,21.000000000000000
2866,23971703,327,294300.000000000000000,107.000000000000000
2867,23971705,275,247500.000000000000000,0.000000000000000
2868,23971707,2221,1998900.000000000000000,109.000000000000000
2869,23971709,2906,2615400.000000000000000,0.000000000000000
2870,23971711,501,450900.000000000000000,0.000000000000000
2871,23971713,374,336600.000000000000000,0.000000000000000
2872,23971717,150,135000.000000000000000,0.000000000000000
2873,23971719,2460,2214000.000000000000000,150.000000000000000
2874,23971721,7,6300.000000000000000,0.000000000000000
2875,23971723,2003,1802700.000000000000000,0.000000000000000
2876,23971725,1468,1321200.000000000000000,0.000000000000000
2877,23971727,230,207000.000000000000000,0.000000000000000
2878,23971729,1042,937800.000000000000000,0.000000000000000
2879,23971731,499,449100.000000000000000,0.000000000000000
2880,23971733,1340,1206000.000000000000000,0.000000000000000
2881,23971737,3982,3583800.000000000000000,0.000000000000000
2882,23971739,1238,1114200.000000000000000,0.000000000000000
2883,23971741,1690,1521000.000000000000000,1.000000000000000
2884,23971743,1,900.000000000000000,0.000000000000000
2885,23971745,5,4500.000000000000000,0.000000000000000
2886,23971747,806,725400.000000000000000,0.000000000000000
2887,23971749,548,493200.000000000000000,142.000000000000000
2888,23971751,4983,4484700.000000000000000,392.000000000000000
2889,23971753,466,419400.000000000000000,0.000000000000000
2890,23971755,2311,2079900.000000000000000,0.000000000000000
2891,23971757,2784,2505600.000000000000000,0.000000000000000
2892,23971761,291,261900.000000000000000,0.000000000000000
2893,23971763,131,117900.000000000000000,0.000000000000000
2894,23971765,184,165600.000000000000000,0.000000000000000
2895,23971767,1060,954000.000000000000000,0.000000000000000
2896,23971769,3086,2777400.000000000000000,0.000000000000000
2897,23971771,2957,2661300.000000000000000,0.000000000000000
2898,23971775,3055,2749500.000000000000000,0.000000000000000
2899,23971777,392,352800.000000000000000,0.000000000000000
2900,23971779,878,790200.000000000000000,0.000000000000000
2901,23971781,952,856800.000000000000000,0.000000000000000
2902,23971783,167,150300.000000000000000,0.000000000000000
2903,23971785,753,677700.000000000000000,0.000000000000000
2904,23971789,2148,1933200.000000000000000,0.000000000000000
2905,23971795,566,509400.000000000000000,0.000000000000000
2906,23971797,459,413100.000000000000000,0.000000000000000
2907,23971799,4487,4038300.000000000000000,0.000000000000000
2908,23971801,1590,1431000.000000000000000,0.000000000000000
2909,23971803,1393,1253700.000000000000000,0.000000000000000
2910,23971805,2715,2443500.000000000000000,0.000000000000000
2911,23971807,421,378900.000000000000000,0.000000000000000
2912,23971811,1229,1106100.000000000000000,0.000000000000000
2913,23971813,238,214200.000000000000000,0.000000000000000
2914,23971815,142,127800.000000000000000,0.000000000000000
2915,23971817,679,611100.000000000000000,0.000000000000000
2916,23971819,646,581400.000000000000000,0.000000000000000
2917,23971821,82,73800.000000000000000,0.000000000000000
2918,23971823,364,327600.000000000000000,0.000000000000000
2919,23971825,412,370800.000000000000000,0.000000000000000
2920,23971827,114,102600.000000000000000,0.000000000000000
2921,23971829,623,560700.000000000000000,0.000000000000000
2922,23971831,138,124200.000000000000000,0.000000000000000
2923,23971833,167,150300.000000000000000,0.000000000000000
2924,23971835,411,369900.000000000000000,0.000000000000000
2925,23971837,692,622800.000000000000000,0.000000000000000
2926,23971839,340,306000.000000000000000,0.000000000000000
2927,23971841,4,3600.000000000000000,0.000000000000000
2928,23971843,168,151200.000000000000000,0.000000000000000
2929,23971845,619,557100.000000000000000,0.000000000000000
2930,23971847,387,348300.000000000000000,0.000000000000000
2931,23971849,1041,936900.000000000000000,0.000000000000000
2932,23971851,142,127800.000000000000000,0.000000000000000
2933,23971853,2309,2078100.000000000000000,0.000000000000000
2934,23971855,1050,945000.000000000000000,0.000000000000000
2935,23971857,448,403200.000000000000000,0.000000000000000
2936,23971861,1518,1366200.000000000000000,0.000000000000000
2937,23971863,981,882900.000000000000000,0.000000000000000
2938,23971865,231,207900.000000000000000,0.000000000000000
2939,23971867,348,313200.000000000000000,0.000000000000000
2940,23971869,850,765000.000000000000000,0.000000000000000
2941,23971871,1519,1367100.000000000000000,0.000000000000000
2942,23971873,527,474300.000000000000000,0.000000000000000
2943,23971875,317,285300.000000000000000,0.000000000000000
2944,23971877,413,371700.000000000000000,0.000000000000000
2945,23971879,754,678600.000000000000000,0.000000000000000
2946,23971881,770,693000.000000000000000,0.000000000000000
2947,23971883,100,90000.000000000000000,0.000000000000000
2948,23971885,15,13500.000000000000000,0.000000000000000
2949,23971887,748,673200.000000000000000,0.000000000000000
2950,23971889,428,385200.000000000000000,0.000000000000000
2951,23971891,1146,1031400.000000000000000,0.000000000000000
2952,23971893,1675,1507500.000000000000000,0.000000000000000
2953,23971895,1163,1046700.000000000000000,0.000000000000000
2954,23971897,1426,1283400.000000000000000,0.000000000000000
2955,23971899,326,293400.000000000000000,0.000000000000000
2956,23971901,107,96300.000000000000000,0.000000000000000
2957,23971903,1003,902700.000000000000000,0.000000000000000
2958,23971905,257,231300.000000000000000,0.000000000000000
2959,23971907,1792,1612800.000000000000000,0.000000000000000
2960,23971909,16,14400.000000000000000,0.000000000000000
2961,23971911,1426,1283400.000000000000000,0.000000000000000
2962,23971913,2348,2113200.000000000000000,0.000000000000000
2963,23971915,1301,1170900.000000000000000,0.000000000000000
2964,23971917,223,200700.000000000000000,0.000000000000000
2965,23971919,2633,2369700.000000000000000,0.000000000000000
2966,23971921,462,415800.000000000000000,0.000000000000000
2967,23971923,1071,963900.000000000000000,0.000000000000000
2968,23971925,3503,3152700.000000000000000,0.000000000000000
2969,23971927,1355,1219500.000000000000000,0.000000000000000
2970,23971929,1183,1064700.000000000000000,0.000000000000000
2971,23971931,1505,1354500.000000000000000,0.000000000000000
2972,23971933,928,835200.000000000000000,0.000000000000000
2973,23971935,2209,1988100.000000000000000,0.000000000000000
2974,23971937,142,127800.000000000000000,0.000000000000000
2975,23971939,600,540000.000000000000000,0.000000000000000
2976,23971941,1076,968400.000000000000000,0.000000000000000
2977,23971943,743,668700.000000000000000,0.000000000000000
2978,23971945,660,594000.000000000000000,0.000000000000000
2979,23971947,1477,1329300.000000000000000,0.000000000000000
2980,23971949,329,296100.000000000000000,0.000000000000000
2981,23971951,724,651600.000000000000000,0.000000000000000
2982,23971953,448,403200.000000000000000,0.000000000000000
2983,23971955,4429,3986100.000000000000000,214.000000000000000
2984,23971957,634,570600.000000000000000,0.000000000000000
2985,23971959,46,41400.000000000000000,0.000000000000000
2986,23971961,2559,2303100.000000000000000,0.000000000000000
2987,23971963,1665,1498500.000000000000000,0.000000000000000
2988,23971965,788,709200.000000000000000,0.000000000000000
2989,23971967,4581,4122900.000000000000000,0.000000000000000
2990,23971969,513,461700.000000000000000,0.000000000000000
2991,23971971,6,5400.000000000000000,0.000000000000000
2992,23971973,825,742500.000000000000000,25.000000000000000
2993,23971975,644,579600.000000000000000,0.000000000000000
2994,23971977,55,49500.000000000000000,0.000000000000000
2995,23971979,1917,1725300.000000000000000,0.000000000000000
2996,23971981,616,554400.000000000000000,0.000000000000000
2997,23971983,690,621000.000000000000000,0.000000000000000
2998,23971985,536,482400.000000000000000,0.000000000000000
2999,23971987,2,1800.000000000000000,0.000000000000000
3000,23971991,3235,2911500.000000000000000,0.000000000000000
3001,23971993,563,506700.000000000000000,0.000000000000000
3002,23971995,271,243900.000000000000000,0.000000000000000
3003,23971997,176,158400.000000000000000,0.000000000000000
3004,23971999,18,16200.000000000000000,0.000000000000000
3005,23972001,7,6300.000000000000000,0.000000000000000
3006,23972003,58,52200.000000000000000,0.000000000000000
3007,23972005,899,809100.000000000000000,0.000000000000000
3008,23977614,15022,13519800.000000000000000,0.000000000000000
3009,23977616,38350,34515000.000000000000000,0.000000000000000
3010,23977618,3051,2745900.000000000000000,0.000000000000000
3011,23977620,9435,8491500.000000000000000,0.000000000000000
3012,23977622,2163,1946700.000000000000000,0.000000000000000
3013,23977624,36430,32787000.000000000000000,41.000000000000000
3014,23977626,2320,2088000.000000000000000,0.000000000000000
3015,23977628,5174,4656600.000000000000000,5.000000000000000
3016,23977630,12478,11230200.000000000000000,3.000000000000000
3017,23977632,11100,9990000.000000000000000,0.000000000000000
3018,23977634,9135,8221500.000000000000000,10.000000000000000
3019,23977636,1526,1373400.000000000000000,0.000000000000000
3020,23977638,77,69300.000000000000000,0.000000000000000
3021,23977640,2779,2501100.000000000000000,2.000000000000000
3022,23977642,3111,2799900.000000000000000,86.000000000000000
3023,23977644,90,81000.000000000000000,0.000000000000000
3024,23977646,2381,2142900.000000000000000,0.000000000000000
3025,23977648,20,18000.000000000000000,0.000000000000000
3026,23977650,75,67500.000000000000000,0.000000000000000
3027,23977652,1117,1005300.000000000000000,0.000000000000000
3028,23977654,57,51300.000000000000000,0.000000000000000
3029,23977656,1214,1092600.000000000000000,0.000000000000000
3030,23977658,556,500400.000000000000000,0.000000000000000
3031,23977660,6748,6073200.000000000000000,0.000000000000000
3032,23977662,16530,14877000.000000000000000,44.000000000000000
3033,23977664,21341,19206900.000000000000000,0.000000000000000
3034,23977666,10339,9305100.000000000000000,0.000000000000000
3035,23977668,357,321300.000000000000000,0.000000000000000
3036,23977670,2757,2481300.000000000000000,0.000000000000000
3037,23977674,1914,1722600.000000000000000,0.000000000000000
3038,23977676,5204,4683600.000000000000000,0.000000000000000
3039,23977678,412,370800.000000000000000,0.000000000000000
3040,23977680,1547,1392300.000000000000000,0.000000000000000
3041,23977682,578,520200.000000000000000,0.000000000000000
3042,23977684,740,666000.000000000000000,0.000000000000000
3043,23977686,3286,2957400.000000000000000,0.000000000000000
3044,23977688,563,506700.000000000000000,0.000000000000000
3045,23977690,2946,2651400.000000000000000,0.000000000000000
3046,23977692,2937,2643300.000000000000000,0.000000000000000
3047,23977694,173,155700.000000000000000,0.000000000000000
3048,23977696,7680,6912000.000000000000000,0.000000000000000
3049,23977698,2800,2520000.000000000000000,0.000000000000000
3050,23977700,4133,3719700.000000000000000,0.000000000000000
3051,23977702,2737,2463300.000000000000000,0.000000000000000
3052,23977704,581,522900.000000000000000,0.000000000000000
3053,23977706,1631,1467900.000000000000000,0.000000000000000
3054,23977708,3218,2896200.000000000000000,0.000000000000000
3055,23977710,2291,2061900.000000000000000,0.000000000000000
3056,23977712,610,549000.000000000000000,0.000000000000000
3057,23977714,521,468900.000000000000000,0.000000000000000
3058,23977716,256,230400.000000000000000,0.000000000000000
3059,23977718,161,144900.000000000000000,0.000000000000000
3060,23977720,441,396900.000000000000000,0.000000000000000
3061,23977722,177,159300.000000000000000,0.000000000000000
3062,23977724,3780,3402000.000000000000000,0.000000000000000
3063,23977726,3,2700.000000000000000,0.000000000000000
3064,23977728,1189,1070100.000000000000000,0.000000000000000
3065,23977730,1760,1584000.000000000000000,0.000000000000000
3066,23977732,88,79200.000000000000000,0.000000000000000
3067,23977734,992,892800.000000000000000,0.000000000000000
3068,23977736,172,154800.000000000000000,0.000000000000000
3069,23977738,3733,3359700.000000000000000,0.000000000000000
3070,23977740,4647,4182300.000000000000000,0.000000000000000
3071,23977742,170,153000.000000000000000,0.000000000000000
3072,23977744,585,526500.000000000000000,0.000000000000000
3073,23977746,5858,5272200.000000000000000,0.000000000000000
3074,23977748,722,649800.000000000000000,0.000000000000000
3075,23977750,1373,1235700.000000000000000,0.000000000000000
3076,23977752,125,112500.000000000000000,0.000000000000000
3077,23977754,2161,1944900.000000000000000,0.000000000000000
3078,23977756,406,365400.000000000000000,0.000000000000000
3079,23977758,1379,1241100.000000000000000,0.000000000000000
3080,23977760,4768,4291200.000000000000000,0.000000000000000
3081,23977762,7941,7146900.000000000000000,0.000000000000000
3082,23977764,493,443700.000000000000000,0.000000000000000
3083,23977766,1079,971100.000000000000000,0.000000000000000
3084,23977768,13123,11810700.000000000000000,0.000000000000000
3085,23977770,1800,1620000.000000000000000,0.000000000000000
3086,23977772,4218,3796200.000000000000000,0.000000000000000
3087,23977774,9220,8298000.000000000000000,0.000000000000000
3088,23977776,2283,2054700.000000000000000,0.000000000000000
3089,23977778,4303,3872700.000000000000000,0.000000000000000
3090,23977780,2474,2226600.000000000000000,0.000000000000000
3091,23977782,2450,2205000.000000000000000,0.000000000000000
3092,23977784,1050,945000.000000000000000,0.000000000000000
3093,23977786,3973,3575700.000000000000000,0.000000000000000
3094,23977788,21081,18972900.000000000000000,0.000000000000000
3095,23977790,2239,2015100.000000000000000,0.000000000000000
3096,23977792,5369,4832100.000000000000000,0.000000000000000
3097,23977794,1258,1132200.000000000000000,0.000000000000000
3098,23977796,1419,1277100.000000000000000,0.000000000000000
3099,23977798,2731,2457900.000000000000000,0.000000000000000
3100,23977800,238,214200.000000000000000,0.000000000000000
3101,23977802,377,339300.000000000000000,0.000000000000000
3102,23977804,11648,10483200.000000000000000,0.000000000000000
3103,23977806,4561,4104900.000000000000000,0.000000000000000
3104,23977808,7788,7009200.000000000000000,0.000000000000000
3105,23977810,4031,3627900.000000000000000,0.000000000000000
3106,23977812,2359,2123100.000000000000000,0.000000000000000
3107,23977814,11532,10378800.000000000000000,0.000000000000000
3108,23977816,16400,14760000.000000000000000,0.000000000000000
3109,23977818,4260,3834000.000000000000000,0.000000000000000
3110,23977820,16316,14684400.000000000000000,0.000000000000000
3111,23977822,21650,19485000.000000000000000,0.000000000000000
3112,23977824,3860,3474000.000000000000000,0.000000000000000
3113,23977826,4539,4085100.000000000000000,0.000000000000000
3114,23977828,13055,11749500.000000000000000,0.000000000000000
3115,23977830,2188,1969200.000000000000000,0.000000000000000
3116,23977832,1100,990000.000000000000000,0.000000000000000
3117,23977834,1790,1611000.000000000000000,0.000000000000000
3118,23977836,149,134100.000000000000000,0.000000000000000
3119,23977838,173,155700.000000000000000,0.000000000000000
3120,23977840,2354,2118600.000000000000000,0.000000000000000
3121,23977842,2338,2104200.000000000000000,0.000000000000000
3122,23977844,3668,3301200.000000000000000,0.000000000000000
3123,23977846,3730,3357000.000000000000000,0.000000000000000
3124,23977848,17592,15832800.000000000000000,176.000000000000000
3125,23977850,6578,5920200.000000000000000,0.000000000000000
3126,23977852,20998,18898200.000000000000000,0.000000000000000
3127,23977854,5828,5245200.000000000000000,0.000000000000000
3128,23977856,4154,3738600.000000000000000,0.000000000000000
3129,23977858,8610,7749000.000000000000000,0.000000000000000
3130,23977860,760,684000.000000000000000,0.000000000000000
3131,23977862,2230,2007000.000000000000000,0.000000000000000
3132,23977864,871,783900.000000000000000,0.000000000000000
3133,23977866,796,716400.000000000000000,0.000000000000000
3134,23977868,458,412200.000000000000000,0.000000000000000
3135,23977870,5684,5115600.000000000000000,0.000000000000000
3136,23977874,3308,2977200.000000000000000,0.000000000000000
3137,23977876,5075,4567500.000000000000000,0.000000000000000
3138,23977880,1774,1596600.000000000000000,0.000000000000000
3139,23977882,669,602100.000000000000000,0.000000000000000
3140,23977884,2678,2410200.000000000000000,0.000000000000000
3141,23977886,3141,2826900.000000000000000,0.000000000000000
3142,23977888,3427,3084300.000000000000000,0.000000000000000
3143,23977890,1978,1780200.000000000000000,0.000000000000000
3144,23977892,244,219600.000000000000000,0.000000000000000
3145,23977894,715,643500.000000000000000,0.000000000000000
3146,23977896,1894,1704600.000000000000000,9.000000000000000
3147,23977898,124,111600.000000000000000,0.000000000000000
3148,23977900,107,96300.000000000000000,0.000000000000000
3149,23977904,1333,1199700.000000000000000,0.000000000000000
3150,23977906,3445,3100500.000000000000000,8.000000000000000
3151,23977908,4456,4010400.000000000000000,0.000000000000000
3152,23977910,2668,2401200.000000000000000,0.000000000000000
3153,23977912,823,740700.000000000000000,0.000000000000000
3154,23977914,6201,5580900.000000000000000,0.000000000000000
3155,23977916,856,770400.000000000000000,0.000000000000000
3156,23977918,629,566100.000000000000000,0.000000000000000
3157,23977920,214,192600.000000000000000,0.000000000000000
3158,23977922,44,39600.000000000000000,0.000000000000000
3159,23977924,1260,1134000.000000000000000,0.000000000000000
3160,23977926,568,511200.000000000000000,0.000000000000000
3161,23977928,904,813600.000000000000000,0.000000000000000
3162,23977930,1281,1152900.000000000000000,0.000000000000000
3163,23977932,7834,7050600.000000000000000,28.000000000000000
3164,23977934,499,449100.000000000000000,0.000000000000000
3165,23977936,703,632700.000000000000000,0.000000000000000
3166,23977938,5029,4526100.000000000000000,120.000000000000000
3167,23977940,20,18000.000000000000000,0.000000000000000
3168,23977942,559,503100.000000000000000,0.000000000000000
3169,23977944,921,828900.000000000000000,0.000000000000000
3170,23977946,7440,6696000.000000000000000,0.000000000000000
3171,23977948,1640,1476000.000000000000000,0.000000000000000
3172,23977950,1010,909000.000000000000000,0.000000000000000
3173,23977952,4524,4071600.000000000000000,0.000000000000000
3174,23977954,4185,3766500.000000000000000,0.000000000000000
3175,23977956,929,836100.000000000000000,0.000000000000000
3176,23977958,52168,46951200.000000000000000,2.000000000000000
3177,23977960,5023,4520700.000000000000000,0.000000000000000
3178,23977962,2345,2110500.000000000000000,0.000000000000000
3179,23977964,48461,43614900.000000000000000,0.000000000000000
3180,23977966,5170,4653000.000000000000000,0.000000000000000
3181,23977968,3310,2979000.000000000000000,0.000000000000000
3182,23977970,6932,6238800.000000000000000,0.000000000000000
3183,23977972,4074,3666600.000000000000000,0.000000000000000
3184,23977974,3337,3003300.000000000000000,0.000000000000000
3185,23977978,2851,2565900.000000000000000,0.000000000000000
3186,23977982,2094,1884600.000000000000000,0.000000000000000
3187,23977984,160,144000.000000000000000,0.000000000000000
3188,23977986,1716,1544400.000000000000000,0.000000000000000
3189,23977988,1203,1082700.000000000000000,0.000000000000000
3190,23977990,3750,3375000.000000000000000,0.000000000000000
3191,23977992,1978,1780200.000000000000000,0.000000000000000
3192,23977996,4186,3767400.000000000000000,2.000000000000000
3193,23978000,1131,1017900.000000000000000,0.000000000000000
3194,23978002,116,104400.000000000000000,0.000000000000000
3195,23978004,840,756000.000000000000000,0.000000000000000
3196,23978006,1841,1656900.000000000000000,0.000000000000000
3197,23978008,4667,4200300.000000000000000,0.000000000000000
3198,23978010,70,63000.000000000000000,0.000000000000000
3199,23978012,1236,1112400.000000000000000,0.000000000000000
3200,23978014,2545,2290500.000000000000000,0.000000000000000
3201,23978016,1292,1162800.000000000000000,0.000000000000000
3202,23978018,255,229500.000000000000000,0.000000000000000
3203,23978020,874,786600.000000000000000,0.000000000000000
3204,23978022,1658,1492200.000000000000000,0.000000000000000
3205,23978024,1149,1034100.000000000000000,0.000000000000000
3206,23978026,3146,2831400.000000000000000,0.000000000000000
3207,23978028,1374,1236600.000000000000000,0.000000000000000
3208,23978030,11630,10467000.000000000000000,0.000000000000000
3209,23978032,1350,1215000.000000000000000,0.000000000000000
3210,23978034,3274,2946600.000000000000000,0.000000000000000
3211,23978036,2014,1812600.000000000000000,0.000000000000000
3212,23978038,1502,1351800.000000000000000,0.000000000000000
3213,23978040,370,333000.000000000000000,0.000000000000000
3214,23978042,1646,1481400.000000000000000,0.000000000000000
3215,23978044,2118,1906200.000000000000000,0.000000000000000
3216,23978046,2165,1948500.000000000000000,0.000000000000000
3217,23978048,3045,2740500.000000000000000,0.000000000000000
3218,23978050,64,57600.000000000000000,0.000000000000000
3219,23978052,4111,3699900.000000000000000,0.000000000000000
3220,23978054,1131,1017900.000000000000000,0.000000000000000
3221,23978056,3734,3360600.000000000000000,0.000000000000000
3222,23978058,2684,2415600.000000000000000,0.000000000000000
3223,23978060,1624,1461600.000000000000000,0.000000000000000
3224,23978062,2714,2442600.000000000000000,0.000000000000000
3225,23978064,2100,1890000.000000000000000,0.000000000000000
3226,23978066,1435,1291500.000000000000000,0.000000000000000
3227,23978068,1144,1029600.000000000000000,0.000000000000000
3228,23978070,2625,2362500.000000000000000,0.000000000000000
3229,23978072,1670,1503000.000000000000000,0.000000000000000
3230,23978074,2695,2425500.000000000000000,0.000000000000000
3231,23978076,1435,1291500.000000000000000,0.000000000000000
3232,23978078,108,97200.000000000000000,0.000000000000000
3233,23978080,4004,3603600.000000000000000,0.000000000000000
3234,23978082,8852,7966800.000000000000000,45.000000000000000
3235,23978084,3604,3243600.000000000000000,0.000000000000000
3236,23978086,2731,2457900.000000000000000,0.000000000000000
3237,23978088,419,377100.000000000000000,0.000000000000000
3238,23978090,1575,1417500.000000000000000,0.000000000000000
3239,23978092,1797,1617300.000000000000000,0.000000000000000
3240,23978094,2516,2264400.000000000000000,0.000000000000000
3241,23978096,2354,2118600.000000000000000,0.000000000000000
3242,23978098,3067,2760300.000000000000000,0.000000000000000
3243,23978100,558,502200.000000000000000,0.000000000000000
3244,23978102,1640,1476000.000000000000000,0.000000000000000
3245,23978104,1651,1485900.000000000000000,0.000000000000000
3246,23978106,5420,4878000.000000000000000,0.000000000000000
3247,23978108,2679,2411100.000000000000000,0.000000000000000
3248,23978110,2875,2587500.000000000000000,0.000000000000000
3249,23978112,1606,1445400.000000000000000,0.000000000000000
3250,23978114,3633,3269700.000000000000000,0.000000000000000
3251,23978116,3042,2737800.000000000000000,0.000000000000000
3252,23978118,2729,2456100.000000000000000,0.000000000000000
3253,23978120,1000,900000.000000000000000,0.000000000000000
3254,23978122,2580,2322000.000000000000000,0.000000000000000
3255,23978124,101,90900.000000000000000,0.000000000000000
3256,23978126,6060,5454000.000000000000000,0.000000000000000
3257,23978128,2755,2479500.000000000000000,0.000000000000000
3258,23978130,7327,6594300.000000000000000,0.000000000000000
3259,23978132,2409,2168100.000000000000000,0.000000000000000
3260,23978134,3403,3062700.000000000000000,0.000000000000000
3261,23978136,74,66600.000000000000000,0.000000000000000
3262,23978138,3839,3455100.000000000000000,0.000000000000000
3263,23978140,479,431100.000000000000000,0.000000000000000
3264,23978142,495,445500.000000000000000,0.000000000000000
3265,23978144,2010,1809000.000000000000000,0.000000000000000
3266,23978146,2003,1802700.000000000000000,0.000000000000000
3267,23978148,7164,6447600.000000000000000,0.000000000000000
3268,23978150,5417,4875300.000000000000000,0.000000000000000
3269,23978152,1123,1010700.000000000000000,0.000000000000000
3270,23978154,1074,966600.000000000000000,0.000000000000000
3271,23978156,2957,2661300.000000000000000,0.000000000000000
3272,23978158,845,760500.000000000000000,0.000000000000000
3273,23978160,3848,3463200.000000000000000,0.000000000000000
3274,23978162,3944,3549600.000000000000000,0.000000000000000
3275,23978164,993,893700.000000000000000,0.000000000000000
3276,23978166,1160,1044000.000000000000000,0.000000000000000
3277,23978168,4107,3696300.000000000000000,0.000000000000000
3278,23978170,1610,1449000.000000000000000,0.000000000000000
3279,23978172,377,339300.000000000000000,0.000000000000000
3280,23978174,877,789300.000000000000000,0.000000000000000
3281,23978176,1778,1600200.000000000000000,0.000000000000000
3282,23978178,1983,1784700.000000000000000,0.000000000000000
3283,23978180,10545,9490500.000000000000000,0.000000000000000
3284,23978182,2713,2441700.000000000000000,0.000000000000000
3285,23978184,69,62100.000000000000000,0.000000000000000
3286,23978186,546,491400.000000000000000,0.000000000000000
3287,23978188,13390,12051000.000000000000000,0.000000000000000
3288,23978190,4866,4379400.000000000000000,0.000000000000000
3289,23978192,6041,5436900.000000000000000,0.000000000000000
3290,23978194,1036,932400.000000000000000,0.000000000000000
3291,23978196,558,502200.000000000000000,0.000000000000000
3292,23978198,684,615600.000000000000000,0.000000000000000
3293,23978200,1390,1251000.000000000000000,0.000000000000000
3294,23978202,1048,943200.000000000000000,0.000000000000000
3295,23978204,277,249300.000000000000000,0.000000000000000
3296,23978206,874,786600.000000000000000,0.000000000000000
3297,23978208,3664,3297600.000000000000000,0.000000000000000
3298,23978210,2541,2286900.000000000000000,0.000000000000000
3299,23978212,1568,1411200.000000000000000,0.000000000000000
3300,23978214,2303,2072700.000000000000000,0.000000000000000
3301,23978216,848,763200.000000000000000,0.000000000000000
3302,23978218,846,761400.000000000000000,0.000000000000000
3303,23978220,1606,1445400.000000000000000,0.000000000000000
3304,23978222,6341,5706900.000000000000000,0.000000000000000
3305,23978224,1441,1296900.000000000000000,0.000000000000000
3306,23978226,3841,3456900.000000000000000,0.000000000000000
3307,23978228,3037,2733300.000000000000000,0.000000000000000
3308,23978230,5200,4680000.000000000000000,0.000000000000000
3309,23978232,2481,2232900.000000000000000,0.000000000000000
3310,23978234,3482,3133800.000000000000000,0.000000000000000
3311,23978236,3948,3553200.000000000000000,0.000000000000000
3312,23978238,3628,3265200.000000000000000,0.000000000000000
3313,23978240,5118,4606200.000000000000000,0.000000000000000
3314,23978242,1260,1134000.000000000000000,0.000000000000000
3315,23978244,3044,2739600.000000000000000,0.000000000000000
3316,23978246,1972,1774800.000000000000000,0.000000000000000
3317,23978248,1928,1735200.000000000000000,0.000000000000000
3318,23978250,4253,3827700.000000000000000,0.000000000000000
3319,23978252,3830,3447000.000000000000000,0.000000000000000
3320,23978254,1260,1134000.000000000000000,0.000000000000000
3321,23978256,7137,6423300.000000000000000,0.000000000000000
3322,23978258,4920,4428000.000000000000000,0.000000000000000
3323,23978260,3034,2730600.000000000000000,0.000000000000000
3324,23978262,9528,8575200.000000000000000,0.000000000000000
3325,23978264,4612,4150800.000000000000000,0.000000000000000
3326,23978266,2882,2593800.000000000000000,0.000000000000000
3327,23978268,2868,2581200.000000000000000,0.000000000000000
3328,23978270,3873,3485700.000000000000000,0.000000000000000
3329,23978272,7875,7087500.000000000000000,0.000000000000000
3330,23978274,1271,1143900.000000000000000,0.000000000000000
3331,23978276,4485,4036500.000000000000000,0.000000000000000
3332,23978278,5441,4896900.000000000000000,0.000000000000000
3333,23978280,3917,3525300.000000000000000,0.000000000000000
3334,23978282,1281,1152900.000000000000000,0.000000000000000
3335,23978284,3344,3009600.000000000000000,0.000000000000000
3336,23978286,262,235800.000000000000000,0.000000000000000
3337,23978288,2234,2010600.000000000000000,0.000000000000000
3338,23978290,889,800100.000000000000000,0.000000000000000
3339,23978292,4754,4278600.000000000000000,0.000000000000000
3340,23978294,3093,2783700.000000000000000,0.000000000000000
3341,23978296,1078,970200.000000000000000,0.000000000000000
3342,23978298,864,777600.000000000000000,0.000000000000000
3343,23978300,8823,7940700.000000000000000,0.000000000000000
3344,23978302,2410,2169000.000000000000000,0.000000000000000
3345,23978304,3057,2751300.000000000000000,0.000000000000000
3346,23978306,2476,2228400.000000000000000,0.000000000000000
3347,23978308,738,664200.000000000000000,0.000000000000000
3348,23978310,7673,6905700.000000000000000,0.000000000000000
3349,23978312,1538,1384200.000000000000000,0.000000000000000
3350,23978314,2638,2374200.000000000000000,0.000000000000000
3351,23978316,1174,1056600.000000000000000,0.000000000000000
3352,23978318,1481,1332900.000000000000000,0.000000000000000
3353,23978320,142,127800.000000000000000,0.000000000000000
3354,23978322,4026,3623400.000000000000000,0.000000000000000
3355,23978324,4023,3620700.000000000000000,0.000000000000000
3356,23978326,6619,5957100.000000000000000,0.000000000000000
3357,23978328,1581,1422900.000000000000000,0.000000000000000
3358,23978330,2445,2200500.000000000000000,0.000000000000000
3359,23978332,2041,1836900.000000000000000,0.000000000000000
3360,23978334,3229,2906100.000000000000000,0.000000000000000
3361,23978336,2722,2449800.000000000000000,0.000000000000000
3362,23978338,1153,1037700.000000000000000,0.000000000000000
3363,23978340,10565,9508500.000000000000000,0.000000000000000
3364,23978342,6985,6286500.000000000000000,0.000000000000000
3365,23978344,2718,2446200.000000000000000,0.000000000000000
3366,23978346,1643,1478700.000000000000000,0.000000000000000
3367,23978348,6573,5915700.000000000000000,0.000000000000000
3368,23978350,4712,4240800.000000000000000,0.000000000000000
3369,23978352,284,255600.000000000000000,0.000000000000000
3370,23978354,124,111600.000000000000000,0.000000000000000
3371,23978356,817,735300.000000000000000,0.000000000000000
3372,23978358,200,180000.000000000000000,0.000000000000000
3373,23978360,3,2700.000000000000000,0.000000000000000
3374,23978362,1890,1701000.000000000000000,0.000000000000000
3375,23978364,817,735300.000000000000000,0.000000000000000
3376,23978366,1460,1314000.000000000000000,0.000000000000000
3377,23978368,207,186300.000000000000000,0.000000000000000
3378,23978370,1207,1086300.000000000000000,0.000000000000000
3379,23978372,2640,2376000.000000000000000,0.000000000000000
3380,23978388,1440,1296000.000000000000000,1.000000000000000
3381,23978390,143,128700.000000000000000,0.000000000000000
3382,23978392,87,78300.000000000000000,0.000000000000000
3383,23978404,18,16200.000000000000000,0.000000000000000
3384,23978406,15,13500.000000000000000,0.000000000000000
3385,23978408,3470,3123000.000000000000000,0.000000000000000
3386,23978412,68,61200.000000000000000,0.000000000000000
3387,23978418,1044,939600.000000000000000,0.000000000000000
3388,23978420,6958,6262200.000000000000000,0.000000000000000
3389,23978422,14117,12705300.000000000000000,0.000000000000000
3390,23980371,19055,17149500.000000000000000,208.000000000000000
3391,23980373,7430,6687000.000000000000000,1144.000000000000000
3392,23980375,9073,8165700.000000000000000,227.000000000000000
3393,23980377,3126,2813400.000000000000000,132.000000000000000
3394,23980379,719,647100.000000000000000,152.000000000000000
3395,23980381,3425,3082500.000000000000000,237.000000000000000
3396,23980383,149,134100.000000000000000,0.000000000000000
3397,23980385,14510,13059000.000000000000000,1630.000000000000000
3398,23980387,487,438300.000000000000000,42.000000000000000
3399,23980389,84,75600.000000000000000,0.000000000000000
3400,23980391,27,24300.000000000000000,0.000000000000000
3401,23980393,173,155700.000000000000000,7.000000000000000
3402,23980395,135,121500.000000000000000,2.000000000000000
3403,23980397,312,280800.000000000000000,24.000000000000000
3404,23980399,3003,2702700.000000000000000,4.000000000000000
3405,23980401,180,162000.000000000000000,0.000000000000000
3406,23980403,4223,3800700.000000000000000,40.000000000000000
3407,23980405,10,9000.000000000000000,0.000000000000000
3408,23980407,1784,1605600.000000000000000,0.000000000000000
3409,23980409,944,849600.000000000000000,0.000000000000000
3410,23980411,694,624600.000000000000000,0.000000000000000
3411,23980413,285,256500.000000000000000,0.000000000000000
3412,23980415,382,343800.000000000000000,0.000000000000000
3413,23980417,362,325800.000000000000000,0.000000000000000
3414,23980419,689,620100.000000000000000,96.000000000000000
3415,23980421,2030,1827000.000000000000000,5.000000000000000
3416,23980423,56,50400.000000000000000,0.000000000000000
3417,23980425,18,16200.000000000000000,0.000000000000000
3418,23980427,311,279900.000000000000000,79.000000000000000
3419,23980429,290,261000.000000000000000,0.000000000000000
3420,23980431,49,44100.000000000000000,0.000000000000000
3421,23980433,1026,923400.000000000000000,114.000000000000000
3422,23980435,722,649800.000000000000000,20.000000000000000
3423,23980437,955,859500.000000000000000,38.000000000000000
3424,23980439,453,407700.000000000000000,38.000000000000000
3425,23980441,213,191700.000000000000000,0.000000000000000
3426,23980443,542,487800.000000000000000,0.000000000000000
3427,23980445,546,491400.000000000000000,0.000000000000000
3428,23980447,8931,8037900.000000000000000,0.000000000000000
3429,23980449,666,599400.000000000000000,0.000000000000000
3430,23980451,3029,2726100.000000000000000,0.000000000000000
3431,23980453,87,78300.000000000000000,0.000000000000000
3432,23980455,690,621000.000000000000000,0.000000000000000
3433,23980457,167,150300.000000000000000,0.000000000000000
3434,23980459,3288,2959200.000000000000000,0.000000000000000
3435,23980461,3299,2969100.000000000000000,0.000000000000000
3436,23980463,386,347400.000000000000000,0.000000000000000
3437,23980465,3129,2816100.000000000000000,0.000000000000000
3438,23980467,1307,1176300.000000000000000,0.000000000000000
3439,23980469,32793,29513700.000000000000000,0.000000000000000
3440,23980471,157,141300.000000000000000,0.000000000000000
3441,23980473,2408,2167200.000000000000000,0.000000000000000
3442,23980475,13954,12558600.000000000000000,0.000000000000000
3443,23980477,710,639000.000000000000000,0.000000000000000
3444,23980479,1138,1024200.000000000000000,0.000000000000000
3445,23980481,6219,5597100.000000000000000,0.000000000000000
3446,23980483,1868,1681200.000000000000000,0.000000000000000
3447,23980485,78,70200.000000000000000,0.000000000000000
3448,23980487,4658,4192200.000000000000000,0.000000000000000
3449,23980489,3059,2753100.000000000000000,0.000000000000000
3450,23980491,634,570600.000000000000000,0.000000000000000
3451,23980493,3171,2853900.000000000000000,0.000000000000000
3452,23980495,6212,5590800.000000000000000,0.000000000000000
3453,23980497,2199,1979100.000000000000000,0.000000000000000
3454,23980499,606,545400.000000000000000,0.000000000000000
3455,23980501,1227,1104300.000000000000000,0.000000000000000
3456,23980503,547,492300.000000000000000,0.000000000000000
3457,23980505,7177,6459300.000000000000000,0.000000000000000
3458,23980507,3099,2789100.000000000000000,0.000000000000000
3459,23980509,21795,19615500.000000000000000,0.000000000000000
3460,23980511,7093,6383700.000000000000000,0.000000000000000
3461,23980513,104,93600.000000000000000,0.000000000000000
3462,23980515,196,176400.000000000000000,0.000000000000000
3463,23980517,1456,1310400.000000000000000,0.000000000000000
3464,23980519,1676,1508400.000000000000000,0.000000000000000
3465,23980521,1050,945000.000000000000000,0.000000000000000
3466,23980523,156,140400.000000000000000,0.000000000000000
3467,23980525,1430,1287000.000000000000000,0.000000000000000
3468,23980527,1252,1126800.000000000000000,0.000000000000000
3469,23980529,1835,1651500.000000000000000,0.000000000000000
3470,23980531,5916,5324400.000000000000000,0.000000000000000
3471,23980533,1299,1169100.000000000000000,0.000000000000000
3472,23980535,248,223200.000000000000000,0.000000000000000
3473,23980537,593,533700.000000000000000,0.000000000000000
3474,23980539,571,513900.000000000000000,0.000000000000000
3475,23980541,3774,3396600.000000000000000,0.000000000000000
3476,23980543,888,799200.000000000000000,0.000000000000000
3477,23980545,4576,4118400.000000000000000,0.000000000000000
3478,23980547,2315,2083500.000000000000000,0.000000000000000
3479,23980549,229,206100.000000000000000,0.000000000000000
3480,23980551,16672,15004800.000000000000000,0.000000000000000
3481,23980553,219,197100.000000000000000,0.000000000000000
3482,23980555,430,387000.000000000000000,0.000000000000000
3483,23980557,380,342000.000000000000000,0.000000000000000
3484,23980559,31,27900.000000000000000,0.000000000000000
3485,23980561,535,481500.000000000000000,0.000000000000000
3486,23980563,4011,3609900.000000000000000,0.000000000000000
3487,23980565,937,843300.000000000000000,0.000000000000000
3488,23980567,334,300600.000000000000000,0.000000000000000
3489,23980569,257,231300.000000000000000,0.000000000000000
3490,23980571,188,169200.000000000000000,0.000000000000000
3491,23980573,71,63900.000000000000000,0.000000000000000
3492,23980575,173,155700.000000000000000,0.000000000000000
3493,23980577,249,224100.000000000000000,0.000000000000000
3494,23980579,571,513900.000000000000000,0.000000000000000
3495,23980581,6747,6072300.000000000000000,0.000000000000000
3496,23980583,837,753300.000000000000000,11.000000000000000
3497,23980585,1934,1740600.000000000000000,0.000000000000000
3498,23980587,19612,17650800.000000000000000,0.000000000000000
3499,23980589,3810,3429000.000000000000000,0.000000000000000
3500,23980591,9893,8903700.000000000000000,0.000000000000000
3501,23980593,18115,16303500.000000000000000,0.000000000000000
3502,23980595,8792,7912800.000000000000000,0.000000000000000
3503,23980597,26,23400.000000000000000,0.000000000000000
3504,23980599,556,500400.000000000000000,0.000000000000000
3505,23980601,41,36900.000000000000000,0.000000000000000
3506,23980603,157,141300.000000000000000,0.000000000000000
3507,23980605,257,231300.000000000000000,0.000000000000000
3508,23980607,945,850500.000000000000000,0.000000000000000
3509,23980609,126,113400.000000000000000,0.000000000000000
3510,23980611,110,99000.000000000000000,0.000000000000000
3511,23980613,249,224100.000000000000000,0.000000000000000
3512,23980615,41,36900.000000000000000,0.000000000000000
3513,23980617,82,73800.000000000000000,0.000000000000000
3514,23980619,538,484200.000000000000000,0.000000000000000
3515,23980621,27,24300.000000000000000,0.000000000000000
3516,23980623,1659,1493100.000000000000000,0.000000000000000
3517,23980625,297,267300.000000000000000,0.000000000000000
3518,23980627,1004,903600.000000000000000,0.000000000000000
3519,23980629,1973,1775700.000000000000000,0.000000000000000
3520,23980631,134,120600.000000000000000,0.000000000000000
3521,23980633,5554,4998600.000000000000000,0.000000000000000
3522,23980635,45,40500.000000000000000,0.000000000000000
3523,23980637,13427,12084300.000000000000000,0.000000000000000
3524,23980639,11338,10204200.000000000000000,0.000000000000000
3525,23980641,628,565200.000000000000000,0.000000000000000
3526,23980643,161,144900.000000000000000,0.000000000000000
3527,23980645,1667,1500300.000000000000000,0.000000000000000
3528,23980647,2464,2217600.000000000000000,0.000000000000000
3529,23980649,1702,1531800.000000000000000,0.000000000000000
3530,23980651,416,374400.000000000000000,0.000000000000000
3531,23980653,1768,1591200.000000000000000,0.000000000000000
3532,23980655,5500,4950000.000000000000000,0.000000000000000
3533,23980657,2012,1810800.000000000000000,0.000000000000000
3534,23980659,89,80100.000000000000000,0.000000000000000
3535,23980661,125,112500.000000000000000,0.000000000000000
3536,23980663,3178,2860200.000000000000000,0.000000000000000
3537,23980665,69,62100.000000000000000,0.000000000000000
3538,23980667,1294,1164600.000000000000000,0.000000000000000
3539,23980669,283,254700.000000000000000,0.000000000000000
3540,23980671,1274,1146600.000000000000000,0.000000000000000
3541,23980673,15,13500.000000000000000,0.000000000000000
3542,23980675,1020,918000.000000000000000,0.000000000000000
3543,23980679,2049,1844100.000000000000000,0.000000000000000
3544,23980681,592,532800.000000000000000,0.000000000000000
3545,23980683,577,519300.000000000000000,0.000000000000000
3546,23980685,666,599400.000000000000000,0.000000000000000
3547,23980687,340,306000.000000000000000,0.000000000000000
3548,23980689,802,721800.000000000000000,0.000000000000000
3549,23980691,1109,998100.000000000000000,0.000000000000000
3550,23980693,1955,1759500.000000000000000,0.000000000000000
3551,23980695,566,509400.000000000000000,0.000000000000000
3552,23980697,57,51300.000000000000000,0.000000000000000
3553,23980699,1092,982800.000000000000000,0.000000000000000
3554,23980701,139,125100.000000000000000,0.000000000000000
3555,23980703,875,787500.000000000000000,0.000000000000000
3556,23980705,937,843300.000000000000000,0.000000000000000
3557,23980707,70,63000.000000000000000,0.000000000000000
3558,23980709,571,513900.000000000000000,0.000000000000000
3559,23980711,1891,1701900.000000000000000,0.000000000000000
3560,23980713,960,864000.000000000000000,0.000000000000000
3561,23980715,122,109800.000000000000000,0.000000000000000
3562,23980717,1907,1716300.000000000000000,0.000000000000000
3563,23980719,7689,6920100.000000000000000,0.000000000000000
3564,23980721,6860,6174000.000000000000000,0.000000000000000
3565,23980723,628,565200.000000000000000,0.000000000000000
3566,23980725,2134,1920600.000000000000000,0.000000000000000
3567,23980727,775,697500.000000000000000,0.000000000000000
3568,23980729,613,551700.000000000000000,0.000000000000000
3569,23980731,75,67500.000000000000000,0.000000000000000
3570,23980733,3450,3105000.000000000000000,0.000000000000000
3571,23980737,201,180900.000000000000000,0.000000000000000
3572,23980739,5948,5353200.000000000000000,0.000000000000000
3573,23980741,389,350100.000000000000000,0.000000000000000
3574,23980743,224,201600.000000000000000,0.000000000000000
3575,23980745,2180,1962000.000000000000000,0.000000000000000
3576,23980747,5,4500.000000000000000,0.000000000000000
3577,23980749,854,768600.000000000000000,0.000000000000000
3578,23980751,815,733500.000000000000000,0.000000000000000
3579,23980753,17543,15788700.000000000000000,0.000000000000000
3580,23980757,66,59400.000000000000000,0.000000000000000
3581,23980759,3287,2958300.000000000000000,0.000000000000000
3582,23980761,6529,5876100.000000000000000,0.000000000000000
3583,23980763,31807,28626300.000000000000000,28.000000000000000
3584,23980765,106,95400.000000000000000,0.000000000000000
3585,23980767,263,236700.000000000000000,0.000000000000000
3586,23980769,22666,20399400.000000000000000,0.000000000000000
3587,23980771,2466,2219400.000000000000000,0.000000000000000
3588,23980773,12657,11391300.000000000000000,0.000000000000000
3589,23980775,3365,3028500.000000000000000,0.000000000000000
3590,23980777,10669,9602100.000000000000000,0.000000000000000
3591,23980779,385,346500.000000000000000,0.000000000000000
3592,23980781,5372,4834800.000000000000000,0.000000000000000
3593,23980783,1025,922500.000000000000000,0.000000000000000
3594,23980785,457,411300.000000000000000,0.000000000000000
3595,23980787,7191,6471900.000000000000000,0.000000000000000
3596,23980789,881,792900.000000000000000,0.000000000000000
3597,23980791,89,80100.000000000000000,0.000000000000000
3598,23980793,1107,996300.000000000000000,0.000000000000000
3599,23980795,1760,1584000.000000000000000,0.000000000000000
3600,23980797,3159,2843100.000000000000000,0.000000000000000
3601,23980799,1885,1696500.000000000000000,0.000000000000000
3602,23980801,21,18900.000000000000000,0.000000000000000
3603,23980803,1932,1738800.000000000000000,0.000000000000000
3604,23980805,17484,15735600.000000000000000,566.000000000000000
3605,23980807,2435,2191500.000000000000000,0.000000000000000
3606,23980809,1723,1550700.000000000000000,0.000000000000000
3607,23980811,468,421200.000000000000000,0.000000000000000
3608,23980813,523,470700.000000000000000,0.000000000000000
3609,23980815,1562,1405800.000000000000000,0.000000000000000
3610,23980817,248,223200.000000000000000,0.000000000000000
3611,23980819,422,379800.000000000000000,0.000000000000000
3612,23980821,2966,2669400.000000000000000,0.000000000000000
3613,23980823,4323,3890700.000000000000000,0.000000000000000
3614,23980825,2325,2092500.000000000000000,0.000000000000000
3615,23980827,4478,4030200.000000000000000,0.000000000000000
3616,23980829,624,561600.000000000000000,0.000000000000000
3617,23980831,2655,2389500.000000000000000,0.000000000000000
3618,23980833,4090,3681000.000000000000000,2.000000000000000
3619,23980835,2696,2426400.000000000000000,0.000000000000000
3620,23980837,900,810000.000000000000000,0.000000000000000
3621,23980839,568,511200.000000000000000,0.000000000000000
3622,23980841,6510,5859000.000000000000000,0.000000000000000
3623,23980843,31,27900.000000000000000,0.000000000000000
3624,23980845,1636,1472400.000000000000000,0.000000000000000
3625,23980847,1534,1380600.000000000000000,0.000000000000000
3626,23980849,493,443700.000000000000000,0.000000000000000
3627,23980851,3187,2868300.000000000000000,0.000000000000000
3628,23980853,4277,3849300.000000000000000,0.000000000000000
3629,23980855,1709,1538100.000000000000000,0.000000000000000
3630,23980857,2533,2279700.000000000000000,0.000000000000000
3631,23980859,3224,2901600.000000000000000,0.000000000000000
3632,23980861,5296,4766400.000000000000000,0.000000000000000
3633,23980863,13155,11839500.000000000000000,0.000000000000000
3634,23980865,589,530100.000000000000000,0.000000000000000
3635,23980867,794,714600.000000000000000,0.000000000000000
3636,23980869,39,35100.000000000000000,0.000000000000000
3637,23980871,7272,6544800.000000000000000,0.000000000000000
3638,23980873,1034,930600.000000000000000,0.000000000000000
3639,23980875,54,48600.000000000000000,0.000000000000000
3640,23980877,6441,5796900.000000000000000,0.000000000000000
3641,23980879,575,517500.000000000000000,0.000000000000000
3642,23980881,1927,1734300.000000000000000,0.000000000000000
3643,23980883,1832,1648800.000000000000000,0.000000000000000
3644,23980885,1121,1008900.000000000000000,0.000000000000000
3645,23980887,1926,1733400.000000000000000,0.000000000000000
3646,23980889,29,26100.000000000000000,0.000000000000000
3647,23980891,4066,3659400.000000000000000,0.000000000000000
3648,23980893,189,170100.000000000000000,0.000000000000000
3649,23980895,45,40500.000000000000000,0.000000000000000
3650,23980897,103,92700.000000000000000,0.000000000000000
3651,23980899,3423,3080700.000000000000000,0.000000000000000
3652,23980901,4415,3973500.000000000000000,0.000000000000000
3653,23980903,444,399600.000000000000000,0.000000000000000
3654,23980905,1913,1721700.000000000000000,0.000000000000000
3655,23980907,6023,5420700.000000000000000,0.000000000000000
3656,23980909,1437,1293300.000000000000000,0.000000000000000
3657,23980911,2361,2124900.000000000000000,0.000000000000000
3658,23980913,107,96300.000000000000000,0.000000000000000
3659,23980915,309,278100.000000000000000,0.000000000000000
3660,23980917,94,84600.000000000000000,0.000000000000000
3661,23980919,348,313200.000000000000000,0.000000000000000
3662,23980921,57,51300.000000000000000,0.000000000000000
3663,23980923,2365,2128500.000000000000000,0.000000000000000
3664,23980925,185,166500.000000000000000,0.000000000000000
3665,23980927,262,235800.000000000000000,0.000000000000000
3666,23980929,595,535500.000000000000000,0.000000000000000
3667,23980931,36,32400.000000000000000,0.000000000000000
3668,23980933,2013,1811700.000000000000000,0.000000000000000
3669,23980935,9,8100.000000000000000,0.000000000000000
3670,23980937,3869,3482100.000000000000000,0.000000000000000
3671,23980939,85,76500.000000000000000,0.000000000000000
3672,23980941,218,196200.000000000000000,0.000000000000000
3673,23980943,360,324000.000000000000000,0.000000000000000
3674,23980945,1080,972000.000000000000000,0.000000000000000
3675,23980947,283,254700.000000000000000,0.000000000000000
3676,23980949,166,149400.000000000000000,0.000000000000000
3677,23980951,115,103500.000000000000000,0.000000000000000
3678,23980953,50,45000.000000000000000,0.000000000000000
3679,23980955,1883,1694700.000000000000000,0.000000000000000
3680,23980957,519,467100.000000000000000,0.000000000000000
3681,23980959,79,71100.000000000000000,0.000000000000000
3682,23980961,59,53100.000000000000000,0.000000000000000
3683,23980963,3292,2962800.000000000000000,0.000000000000000
3684,23980965,688,619200.000000000000000,0.000000000000000
3685,23980967,1309,1178100.000000000000000,0.000000000000000
3686,23980969,5644,5079600.000000000000000,0.000000000000000
3687,23980971,425,382500.000000000000000,0.000000000000000
3688,23980973,631,567900.000000000000000,0.000000000000000
3689,23980975,1134,1020600.000000000000000,0.000000000000000
3690,23980977,427,384300.000000000000000,0.000000000000000
3691,23980979,1425,1282500.000000000000000,0.000000000000000
3692,23980981,2650,2385000.000000000000000,0.000000000000000
3693,23980983,106,95400.000000000000000,0.000000000000000
3694,23980985,39,35100.000000000000000,0.000000000000000
3695,23980987,11649,10484100.000000000000000,0.000000000000000
3696,23980989,2549,2294100.000000000000000,0.000000000000000
3697,23980991,78,70200.000000000000000,0.000000000000000
3698,23980993,316,284400.000000000000000,0.000000000000000
3699,23980995,771,693900.000000000000000,0.000000000000000
3700,23980997,1290,1161000.000000000000000,0.000000000000000
3701,23980999,609,548100.000000000000000,0.000000000000000
3702,23981001,1421,1278900.000000000000000,0.000000000000000
3703,23981003,168,151200.000000000000000,0.000000000000000
3704,23981005,175,157500.000000000000000,0.000000000000000
3705,23981007,4137,3723300.000000000000000,0.000000000000000
3706,23981009,511,459900.000000000000000,0.000000000000000
3707,23981011,15,13500.000000000000000,0.000000000000000
3708,23981013,2430,2187000.000000000000000,0.000000000000000
3709,23981015,74,66600.000000000000000,0.000000000000000
3710,23981017,2761,2484900.000000000000000,0.000000000000000
3711,23981019,485,436500.000000000000000,0.000000000000000
3712,23981021,1306,1175400.000000000000000,0.000000000000000
3713,23981023,4806,4325400.000000000000000,0.000000000000000
3714,23981025,2824,2541600.000000000000000,0.000000000000000
3715,23981027,4933,4439700.000000000000000,0.000000000000000
3716,23981029,1666,1499400.000000000000000,0.000000000000000
3717,23981031,3693,3323700.000000000000000,0.000000000000000
3718,23981033,1264,1137600.000000000000000,0.000000000000000
3719,23981035,857,771300.000000000000000,0.000000000000000
3720,23981037,2926,2633400.000000000000000,0.000000000000000
3721,23981039,1514,1362600.000000000000000,0.000000000000000
3722,23981041,2221,1998900.000000000000000,0.000000000000000
3723,23981043,1637,1473300.000000000000000,0.000000000000000
3724,23981045,3031,2727900.000000000000000,0.000000000000000
3725,23981047,78,70200.000000000000000,0.000000000000000
3726,23981049,55,49500.000000000000000,0.000000000000000
3727,23981051,3284,2955600.000000000000000,0.000000000000000
3728,23981053,1340,1206000.000000000000000,0.000000000000000
3729,23981055,78,70200.000000000000000,0.000000000000000
3730,23981057,787,708300.000000000000000,0.000000000000000
3731,23981059,100,90000.000000000000000,0.000000000000000
3732,23981061,2911,2619900.000000000000000,0.000000000000000
3733,23981063,1807,1626300.000000000000000,0.000000000000000
3734,23981065,250,225000.000000000000000,0.000000000000000
3735,23981067,1499,1349100.000000000000000,0.000000000000000
3736,23981069,15,13500.000000000000000,0.000000000000000
3737,23981071,123,110700.000000000000000,0.000000000000000
3738,23981073,139,125100.000000000000000,0.000000000000000
3739,23981075,201,180900.000000000000000,0.000000000000000
3740,23981077,299,269100.000000000000000,0.000000000000000
3741,23981079,494,444600.000000000000000,0.000000000000000
3742,23981081,2041,1836900.000000000000000,0.000000000000000
3743,23981083,1714,1542600.000000000000000,0.000000000000000
3744,23981085,3,2700.000000000000000,0.000000000000000
3745,23981087,5,4500.000000000000000,0.000000000000000
3746,23981089,995,895500.000000000000000,0.000000000000000
3747,23981091,13,11700.000000000000000,0.000000000000000
3748,23981093,69,62100.000000000000000,0.000000000000000
3749,23981095,2120,1908000.000000000000000,0.000000000000000
3750,23981097,26,23400.000000000000000,0.000000000000000
3751,23981099,213,191700.000000000000000,0.000000000000000
3752,23981101,74,66600.000000000000000,0.000000000000000
3753,23981103,561,504900.000000000000000,0.000000000000000
3754,23981105,124,111600.000000000000000,0.000000000000000
3755,23981107,223,200700.000000000000000,0.000000000000000
3756,23981109,398,358200.000000000000000,0.000000000000000
3757,23981111,1187,1068300.000000000000000,0.000000000000000
3758,23981113,1622,1459800.000000000000000,0.000000000000000
3759,23981115,1912,1720800.000000000000000,0.000000000000000
3760,23981117,1890,1701000.000000000000000,0.000000000000000
3761,23981119,892,802800.000000000000000,0.000000000000000
3762,23981121,31,27900.000000000000000,0.000000000000000
3763,23981123,11,9900.000000000000000,0.000000000000000
3764,23981125,790,711000.000000000000000,0.000000000000000
3765,23981127,954,858600.000000000000000,0.000000000000000
3766,23981129,886,797400.000000000000000,0.000000000000000
3767,23981131,2821,2538900.000000000000000,0.000000000000000
3768,23981133,138,124200.000000000000000,0.000000000000000
3769,23981135,445,400500.000000000000000,0.000000000000000
3770,23981137,70,63000.000000000000000,0.000000000000000
3771,23981139,1781,1602900.000000000000000,0.000000000000000
3772,23981141,98,88200.000000000000000,0.000000000000000
3773,23981143,4,3600.000000000000000,0.000000000000000
3774,23981145,748,673200.000000000000000,0.000000000000000
3775,23981147,30,27000.000000000000000,0.000000000000000
3776,23981149,1110,999000.000000000000000,0.000000000000000
3777,23981153,919,827100.000000000000000,0.000000000000000
3778,23981155,240,216000.000000000000000,0.000000000000000
3779,23981157,362,325800.000000000000000,0.000000000000000
3780,23981159,552,496800.000000000000000,0.000000000000000
3781,23981161,4631,4167900.000000000000000,0.000000000000000
3782,23981163,4292,3862800.000000000000000,0.000000000000000
3783,23981165,4340,3906000.000000000000000,0.000000000000000
3784,23981167,5296,4766400.000000000000000,0.000000000000000
3785,23981169,126,113400.000000000000000,0.000000000000000
3786,23981171,2094,1884600.000000000000000,0.000000000000000
3787,23981173,740,666000.000000000000000,0.000000000000000
3788,23981175,69,62100.000000000000000,0.000000000000000
3789,23981177,3891,3501900.000000000000000,0.000000000000000
3790,23981179,231,207900.000000000000000,0.000000000000000
3791,23981181,1320,1188000.000000000000000,0.000000000000000
3792,23981183,1425,1282500.000000000000000,0.000000000000000
3793,23981185,2459,2213100.000000000000000,0.000000000000000
3794,23981187,449,404100.000000000000000,0.000000000000000
3795,23981189,1827,1644300.000000000000000,0.000000000000000
3796,23981191,740,666000.000000000000000,0.000000000000000
3797,23981193,211,189900.000000000000000,0.000000000000000
3798,23981195,16,14400.000000000000000,0.000000000000000
3799,23981197,954,858600.000000000000000,0.000000000000000
3800,23981199,1141,1026900.000000000000000,0.000000000000000
3801,23981201,5002,4501800.000000000000000,0.000000000000000
3802,23981203,3168,2851200.000000000000000,0.000000000000000
3803,23981205,1841,1656900.000000000000000,0.000000000000000
3804,23981207,844,759600.000000000000000,0.000000000000000
3805,23981209,41,36900.000000000000000,0.000000000000000
3806,23981211,19,17100.000000000000000,0.000000000000000
3807,23981213,2893,2603700.000000000000000,0.000000000000000
3808,23981215,1281,1152900.000000000000000,0.000000000000000
3809,23981217,451,405900.000000000000000,0.000000000000000
3810,23981219,665,598500.000000000000000,0.000000000000000
3811,23981221,2566,2309400.000000000000000,0.000000000000000
3812,23981223,2111,1899900.000000000000000,0.000000000000000
3813,23981225,6677,6009300.000000000000000,133.000000000000000
3814,23981227,4264,3837600.000000000000000,11.000000000000000
3815,23981229,176,158400.000000000000000,0.000000000000000
3816,23981231,234,210600.000000000000000,0.000000000000000
3817,23981233,203,182700.000000000000000,0.000000000000000
3818,23981235,12405,11164500.000000000000000,0.000000000000000
3819,23981237,274,246600.000000000000000,0.000000000000000
3820,23981239,551,495900.000000000000000,0.000000000000000
3821,23981241,130,117000.000000000000000,0.000000000000000
3822,23981243,1199,1079100.000000000000000,0.000000000000000
3823,23981245,106,95400.000000000000000,0.000000000000000
3824,23981247,2132,1918800.000000000000000,0.000000000000000
3825,23981249,1807,1626300.000000000000000,0.000000000000000
3826,23981251,308,277200.000000000000000,0.000000000000000
3827,23981253,617,555300.000000000000000,0.000000000000000
3828,23981255,22,19800.000000000000000,0.000000000000000
3829,23981257,1690,1521000.000000000000000,0.000000000000000
3830,23981259,35222,31699800.000000000000000,0.000000000000000
3831,23981261,309,278100.000000000000000,0.000000000000000
3832,23981263,6725,6052500.000000000000000,20.000000000000000
3833,23981265,736,662400.000000000000000,0.000000000000000
3834,23981267,1025,922500.000000000000000,0.000000000000000
3835,23981269,918,826200.000000000000000,0.000000000000000
3836,23981271,35,31500.000000000000000,0.000000000000000
3837,23981273,15,13500.000000000000000,0.000000000000000
3838,23981275,309,278100.000000000000000,0.000000000000000
3839,23981277,964,867600.000000000000000,0.000000000000000
3840,23981279,19201,17280900.000000000000000,0.000000000000000
3841,23981281,68,61200.000000000000000,0.000000000000000
3842,23981283,831,747900.000000000000000,0.000000000000000
3843,23981285,753,677700.000000000000000,0.000000000000000
3844,23981287,2628,2365200.000000000000000,0.000000000000000
3845,23981289,449,404100.000000000000000,0.000000000000000
3846,23981291,120,108000.000000000000000,0.000000000000000
3847,23981293,1253,1127700.000000000000000,0.000000000000000
3848,23981295,9269,8342100.000000000000000,15.000000000000000
3849,23981297,10617,9555300.000000000000000,0.000000000000000
3850,23981299,1719,1547100.000000000000000,0.000000000000000
3851,23981301,9680,8712000.000000000000000,0.000000000000000
3852,23981303,5709,5138100.000000000000000,0.000000000000000
3853,23981305,4499,4049100.000000000000000,0.000000000000000
3854,23981307,20116,18104400.000000000000000,0.000000000000000
3855,23981309,2213,1991700.000000000000000,0.000000000000000
3856,23981311,1267,1140300.000000000000000,0.000000000000000
3857,23981313,3165,2848500.000000000000000,0.000000000000000
3858,23981315,1669,1502100.000000000000000,0.000000000000000
3859,23981317,9103,8192700.000000000000000,0.000000000000000
3860,23981319,2249,2024100.000000000000000,0.000000000000000
3861,23981321,3462,3115800.000000000000000,0.000000000000000
3862,23981323,1332,1198800.000000000000000,0.000000000000000
3863,23981325,12064,10857600.000000000000000,0.000000000000000
3864,23981327,7305,6574500.000000000000000,0.000000000000000
3865,23981329,3893,3503700.000000000000000,0.000000000000000
3866,23981331,6065,5458500.000000000000000,0.000000000000000
3867,23981333,1306,1175400.000000000000000,0.000000000000000
3868,23981335,33,29700.000000000000000,0.000000000000000
3869,23981337,4094,3684600.000000000000000,0.000000000000000
3870,23981339,651,585900.000000000000000,0.000000000000000
3871,23981341,5016,4514400.000000000000000,0.000000000000000
3872,23981343,23327,20994300.000000000000000,0.000000000000000
3873,23981345,14556,13100400.000000000000000,0.000000000000000
3874,23981347,3644,3279600.000000000000000,0.000000000000000
3875,23981349,826,743400.000000000000000,0.000000000000000
3876,23981351,6927,6234300.000000000000000,0.000000000000000
3877,23981353,221,198900.000000000000000,0.000000000000000
3878,23981355,1024,921600.000000000000000,0.000000000000000
3879,23981357,1372,1234800.000000000000000,0.000000000000000
3880,23981359,709,638100.000000000000000,0.000000000000000
3881,23981361,55,49500.000000000000000,0.000000000000000
3882,23981363,6693,6023700.000000000000000,0.000000000000000
3883,23981365,5235,4711500.000000000000000,0.000000000000000
3884,23981367,4973,4475700.000000000000000,0.000000000000000
3885,23981369,12047,10842300.000000000000000,0.000000000000000
3886,23981371,2050,1845000.000000000000000,0.000000000000000
3887,23981373,7712,6940800.000000000000000,0.000000000000000
3888,23981379,358,322200.000000000000000,0.000000000000000
3889,23981381,14076,12668400.000000000000000,0.000000000000000
3890,23981383,2721,2448900.000000000000000,0.000000000000000
3891,23981385,40,36000.000000000000000,0.000000000000000
3892,23981387,4335,3901500.000000000000000,0.000000000000000
3893,23981389,10348,9313200.000000000000000,0.000000000000000
3894,23981391,5,4500.000000000000000,0.000000000000000
3895,23981393,2464,2217600.000000000000000,0.000000000000000
3896,23981395,12749,11474100.000000000000000,0.000000000000000
3897,23981397,4467,4020300.000000000000000,0.000000000000000
3898,23981399,885,796500.000000000000000,0.000000000000000
3899,23981401,275,247500.000000000000000,0.000000000000000
3900,23981403,2163,1946700.000000000000000,0.000000000000000
3901,23981405,4800,4320000.000000000000000,0.000000000000000
3902,23981407,49,44100.000000000000000,0.000000000000000
3903,23981409,2372,2134800.000000000000000,0.000000000000000
3904,23981411,414,372600.000000000000000,0.000000000000000
3905,23981413,552,496800.000000000000000,0.000000000000000
3906,23981415,6128,5515200.000000000000000,0.000000000000000
3907,23981417,3608,3247200.000000000000000,0.000000000000000
3908,23981419,3407,3066300.000000000000000,1.000000000000000
3909,23981421,1840,1656000.000000000000000,1.000000000000000
3910,23981423,288,259200.000000000000000,0.000000000000000
3911,23981425,905,814500.000000000000000,0.000000000000000
3912,23981427,4732,4258800.000000000000000,0.000000000000000
3913,23981429,98,88200.000000000000000,0.000000000000000
3914,23981431,19812,17830800.000000000000000,0.000000000000000
3915,23981433,2238,2014200.000000000000000,0.000000000000000
3916,23981435,4393,3953700.000000000000000,0.000000000000000
3917,23981437,592,532800.000000000000000,0.000000000000000
3918,23981439,190,171000.000000000000000,0.000000000000000
3919,23981441,1587,1428300.000000000000000,0.000000000000000
3920,23981443,18,16200.000000000000000,0.000000000000000
3921,23981445,1022,919800.000000000000000,0.000000000000000
3922,23981447,9,8100.000000000000000,0.000000000000000
3923,23981449,287,258300.000000000000000,0.000000000000000
3924,23981451,47,42300.000000000000000,0.000000000000000
3925,23981453,3551,3195900.000000000000000,0.000000000000000
3926,23981455,16,14400.000000000000000,0.000000000000000
3927,23981457,30,27000.000000000000000,0.000000000000000
3928,23981459,15942,14347800.000000000000000,0.000000000000000
3929,23981461,454,408600.000000000000000,0.000000000000000
3930,23981463,5313,4781700.000000000000000,0.000000000000000
3931,23981465,5341,4806900.000000000000000,0.000000000000000
3932,23981467,2,1800.000000000000000,0.000000000000000
3933,23981469,85,76500.000000000000000,0.000000000000000
3934,23981471,2846,2561400.000000000000000,0.000000000000000
3935,23981473,8538,7684200.000000000000000,0.000000000000000
3936,23981475,3340,3006000.000000000000000,0.000000000000000
3937,23981477,4153,3737700.000000000000000,0.000000000000000
3938,23981479,3336,3002400.000000000000000,0.000000000000000
3939,23981481,20933,18839700.000000000000000,0.000000000000000
3940,23981483,3043,2738700.000000000000000,0.000000000000000
3941,23981485,2193,1973700.000000000000000,0.000000000000000
3942,23981487,5621,5058900.000000000000000,0.000000000000000
3943,23981489,244,219600.000000000000000,0.000000000000000
3944,23981491,4301,3870900.000000000000000,0.000000000000000
3945,23981493,8673,7805700.000000000000000,0.000000000000000
3946,23981495,200,180000.000000000000000,0.000000000000000
3947,23981497,3909,3518100.000000000000000,0.000000000000000
3948,23981499,252,226800.000000000000000,0.000000000000000
3949,23981501,36,32400.000000000000000,0.000000000000000
3950,23981507,166,149400.000000000000000,0.000000000000000
3951,23981509,4384,3945600.000000000000000,0.000000000000000
3952,23981511,1972,1774800.000000000000000,0.000000000000000
3953,23981513,1538,1384200.000000000000000,0.000000000000000
3954,23981515,1068,961200.000000000000000,0.000000000000000
3955,23981517,3980,3582000.000000000000000,0.000000000000000
3956,23981519,2938,2644200.000000000000000,0.000000000000000
3957,23981521,1168,1051200.000000000000000,0.000000000000000
3958,23981523,3977,3579300.000000000000000,0.000000000000000
3959,23981525,347,312300.000000000000000,0.000000000000000
3960,23981527,3621,3258900.000000000000000,0.000000000000000
3961,23981529,143,128700.000000000000000,0.000000000000000
3962,23981531,1534,1380600.000000000000000,0.000000000000000
3963,23981533,1922,1729800.000000000000000,0.000000000000000
3964,23981535,2391,2151900.000000000000000,0.000000000000000
3965,23981537,2012,1810800.000000000000000,0.000000000000000
3966,23981539,3603,3242700.000000000000000,0.000000000000000
3967,23981541,1279,1151100.000000000000000,0.000000000000000
3968,23981543,2583,2324700.000000000000000,0.000000000000000
3969,23981545,6232,5608800.000000000000000,0.000000000000000
3970,23981547,1373,1235700.000000000000000,0.000000000000000
3971,23981549,1171,1053900.000000000000000,0.000000000000000
3972,23981551,3403,3062700.000000000000000,0.000000000000000
3973,23981553,2371,2133900.000000000000000,0.000000000000000
3974,23981555,1901,1710900.000000000000000,0.000000000000000
3975,23981557,1202,1081800.000000000000000,0.000000000000000
3976,23981559,4805,4324500.000000000000000,0.000000000000000
3977,23981563,5120,4608000.000000000000000,0.000000000000000
3978,23981565,3886,3497400.000000000000000,0.000000000000000
3979,23981567,3690,3321000.000000000000000,0.000000000000000
3980,23981569,3922,3529800.000000000000000,0.000000000000000
3981,23981571,3961,3564900.000000000000000,0.000000000000000
3982,23981573,783,704700.000000000000000,0.000000000000000
3983,23981575,2467,2220300.000000000000000,0.000000000000000
3984,23981577,243,218700.000000000000000,0.000000000000000
3985,23981579,1843,1658700.000000000000000,0.000000000000000
3986,23981581,1608,1447200.000000000000000,0.000000000000000
3987,23981583,730,657000.000000000000000,0.000000000000000
3988,23981585,1121,1008900.000000000000000,0.000000000000000
3989,23981587,1831,1647900.000000000000000,0.000000000000000
3990,23981589,602,541800.000000000000000,0.000000000000000
3991,23981593,396,356400.000000000000000,0.000000000000000
3992,23981595,4584,4125600.000000000000000,0.000000000000000
3993,23981597,1492,1342800.000000000000000,0.000000000000000
3994,23981599,4020,3618000.000000000000000,0.000000000000000
3995,23981601,1427,1284300.000000000000000,0.000000000000000
3996,23981603,1317,1185300.000000000000000,0.000000000000000
3997,23981605,2932,2638800.000000000000000,0.000000000000000
3998,23981607,459,413100.000000000000000,0.000000000000000
3999,23981609,1080,972000.000000000000000,0.000000000000000
4000,23981611,3374,3036600.000000000000000,0.000000000000000
4001,23981613,3029,2726100.000000000000000,0.000000000000000
4002,23981615,1955,1759500.000000000000000,0.000000000000000
4003,23981617,3716,3344400.000000000000000,0.000000000000000
4004,23981619,17164,15447600.000000000000000,0.000000000000000
4005,23981621,1295,1165500.000000000000000,0.000000000000000
4006,23981623,2625,2362500.000000000000000,0.000000000000000
4007,23981625,1373,1235700.000000000000000,0.000000000000000
4008,23981627,5023,4520700.000000000000000,0.000000000000000
4009,23981629,13727,12354300.000000000000000,0.000000000000000
4010,23981631,1370,1233000.000000000000000,0.000000000000000
4011,23981635,4517,4065300.000000000000000,2.000000000000000
4012,23981637,10351,9315900.000000000000000,0.000000000000000
4013,23981639,5746,5171400.000000000000000,475.000000000000000
4014,23981641,7705,6934500.000000000000000,36.000000000000000
4015,23981643,2132,1918800.000000000000000,0.000000000000000
4016,23981645,30246,27221400.000000000000000,3.000000000000000
4017,23981647,1471,1323900.000000000000000,0.000000000000000
4018,23981649,6344,5709600.000000000000000,0.000000000000000
4019,23981651,3413,3071700.000000000000000,76.000000000000000
4020,23981653,3177,2859300.000000000000000,0.000000000000000
4021,23981655,3258,2932200.000000000000000,612.000000000000000
4022,23981657,2211,1989900.000000000000000,0.000000000000000
4023,23981659,4454,4008600.000000000000000,0.000000000000000
4024,23981661,7364,6627600.000000000000000,53.000000000000000
4025,23981663,10626,9563400.000000000000000,123.000000000000000
4026,23981665,48,43200.000000000000000,0.000000000000000
4027,23981667,63634,57270600.000000000000000,291.000000000000000
4028,23981669,2249,2024100.000000000000000,0.000000000000000
4029,23981671,1371,1233900.000000000000000,0.000000000000000
4030,23981673,1179,1061100.000000000000000,54.000000000000000
4031,23981675,45,40500.000000000000000,0.000000000000000
4032,23981677,4787,4308300.000000000000000,0.000000000000000
4033,23981679,4705,4234500.000000000000000,0.000000000000000
4034,23981683,2863,2576700.000000000000000,0.000000000000000
4035,23981687,5279,4751100.000000000000000,0.000000000000000
4036,23981689,2576,2318400.000000000000000,194.000000000000000
4037,23981691,3949,3554100.000000000000000,0.000000000000000
4038,23981693,3095,2785500.000000000000000,0.000000000000000
4039,23981695,217,195300.000000000000000,0.000000000000000
4040,23981697,5397,4857300.000000000000000,0.000000000000000
4041,23981699,7310,6579000.000000000000000,0.000000000000000
4042,23981701,497,447300.000000000000000,0.000000000000000
4043,23981703,7177,6459300.000000000000000,0.000000000000000
4044,23981705,8928,8035200.000000000000000,0.000000000000000
4045,23981707,4282,3853800.000000000000000,0.000000000000000
4046,23981709,3840,3456000.000000000000000,0.000000000000000
4047,23981711,4839,4355100.000000000000000,0.000000000000000
4048,23981713,3012,2710800.000000000000000,0.000000000000000
4049,23981715,10363,9326700.000000000000000,0.000000000000000
4050,23981717,3077,2769300.000000000000000,0.000000000000000
4051,23981719,1442,1297800.000000000000000,0.000000000000000
4052,23981721,3153,2837700.000000000000000,0.000000000000000
4053,23981723,9369,8432100.000000000000000,1.000000000000000
4054,23981725,1280,1152000.000000000000000,0.000000000000000
4055,23981727,1379,1241100.000000000000000,0.000000000000000
4056,23981729,64,57600.000000000000000,0.000000000000000
4057,23981731,2484,2235600.000000000000000,0.000000000000000
4058,23981733,2645,2380500.000000000000000,0.000000000000000
4059,23981735,4219,3797100.000000000000000,0.000000000000000
4060,23981737,9079,8171100.000000000000000,0.000000000000000
4061,23981739,5445,4900500.000000000000000,0.000000000000000
4062,23981741,1316,1184400.000000000000000,0.000000000000000
4063,23981743,8312,7480800.000000000000000,0.000000000000000
4064,23981745,147,132300.000000000000000,0.000000000000000
4065,23981747,1455,1309500.000000000000000,0.000000000000000
4066,23981749,4207,3786300.000000000000000,0.000000000000000
4067,23981751,5897,5307300.000000000000000,0.000000000000000
4068,23981753,3355,3019500.000000000000000,0.000000000000000
4069,23981755,2749,2474100.000000000000000,24.000000000000000
4070,23981757,6645,5980500.000000000000000,0.000000000000000
4071,23981759,2009,1808100.000000000000000,0.000000000000000
4072,23981761,8742,7867800.000000000000000,0.000000000000000
4073,23981763,1421,1278900.000000000000000,0.000000000000000
4074,23981765,2135,1921500.000000000000000,0.000000000000000
4075,23981767,6874,6186600.000000000000000,0.000000000000000
4076,23981769,3934,3540600.000000000000000,0.000000000000000
4077,23981771,2302,2071800.000000000000000,0.000000000000000
4078,23981773,7253,6527700.000000000000000,0.000000000000000
4079,23981775,2123,1910700.000000000000000,0.000000000000000
4080,23981777,3084,2775600.000000000000000,0.000000000000000
4081,23981779,3742,3367800.000000000000000,0.000000000000000
4082,23981781,14403,12962700.000000000000000,0.000000000000000
4083,23981783,2099,1889100.000000000000000,0.000000000000000
4084,23981785,2838,2554200.000000000000000,0.000000000000000
4085,23981787,1691,1521900.000000000000000,0.000000000000000
4086,23981789,6315,5683500.000000000000000,0.000000000000000
4087,23981791,5011,4509900.000000000000000,0.000000000000000
4088,23981793,2642,2377800.000000000000000,0.000000000000000
4089,23981795,95,85500.000000000000000,0.000000000000000
4090,23981797,4345,3910500.000000000000000,0.000000000000000
4091,23981799,1910,1719000.000000000000000,0.000000000000000
4092,23981801,4934,4440600.000000000000000,0.000000000000000
4093,23981803,1464,1317600.000000000000000,0.000000000000000
4094,23981805,3063,2756700.000000000000000,0.000000000000000
4095,23981807,4931,4437900.000000000000000,90.000000000000000
4096,23981809,7752,6976800.000000000000000,0.000000000000000
4097,23981811,1537,1383300.000000000000000,0.000000000000000
4098,23981813,3237,2913300.000000000000000,0.000000000000000
4099,23981815,2796,2516400.000000000000000,0.000000000000000
4100,23981817,4029,3626100.000000000000000,0.000000000000000
4101,23981819,1595,1435500.000000000000000,0.000000000000000
4102,23981821,6603,5942700.000000000000000,0.000000000000000
4103,23981823,653,587700.000000000000000,0.000000000000000
4104,23981825,1761,1584900.000000000000000,0.000000000000000
4105,23981827,3146,2831400.000000000000000,0.000000000000000
4106,23981829,1697,1527300.000000000000000,0.000000000000000
4107,23981831,3081,2772900.000000000000000,0.000000000000000
4108,23981833,1820,1638000.000000000000000,0.000000000000000
4109,23981835,2712,2440800.000000000000000,0.000000000000000
4110,23981837,1311,1179900.000000000000000,0.000000000000000
4111,23981839,434,390600.000000000000000,0.000000000000000
4112,23981841,4545,4090500.000000000000000,0.000000000000000
4113,23981843,2576,2318400.000000000000000,0.000000000000000
4114,23981845,1982,1783800.000000000000000,0.000000000000000
4115,23981847,4431,3987900.000000000000000,0.000000000000000
4116,23981849,1360,1224000.000000000000000,0.000000000000000
4117,23981851,1179,1061100.000000000000000,0.000000000000000
4118,23981853,4225,3802500.000000000000000,0.000000000000000
4119,23981855,6516,5864400.000000000000000,0.000000000000000
4120,23981857,2747,2472300.000000000000000,0.000000000000000
4121,23981859,2168,1951200.000000000000000,0.000000000000000
4122,23981861,7532,6778800.000000000000000,0.000000000000000
4123,23981865,1262,1135800.000000000000000,0.000000000000000
4124,23981867,1096,986400.000000000000000,0.000000000000000
4125,23981869,37,33300.000000000000000,0.000000000000000
4126,23981871,3182,2863800.000000000000000,0.000000000000000
4127,23981873,3764,3387600.000000000000000,0.000000000000000
4128,23981875,2171,1953900.000000000000000,0.000000000000000
4129,23981877,3508,3157200.000000000000000,0.000000000000000
4130,23981879,1610,1449000.000000000000000,0.000000000000000
4131,23981881,774,696600.000000000000000,0.000000000000000
4132,23981883,2817,2535300.000000000000000,0.000000000000000
4133,23981885,4819,4337100.000000000000000,0.000000000000000
4134,23981887,3233,2909700.000000000000000,0.000000000000000
4135,23981889,5596,5036400.000000000000000,0.000000000000000
4136,23981891,4280,3852000.000000000000000,0.000000000000000
4137,23981893,2778,2500200.000000000000000,0.000000000000000
4138,23981895,3262,2935800.000000000000000,0.000000000000000
4139,23981897,7798,7018200.000000000000000,0.000000000000000
4140,23981899,670,603000.000000000000000,0.000000000000000
4141,23981901,986,887400.000000000000000,0.000000000000000
4142,23981903,1409,1268100.000000000000000,0.000000000000000
4143,23981905,1482,1333800.000000000000000,0.000000000000000
4144,23981907,3122,2809800.000000000000000,0.000000000000000
4145,23981909,795,715500.000000000000000,0.000000000000000
4146,23981911,1893,1703700.000000000000000,0.000000000000000
4147,23981913,1937,1743300.000000000000000,0.000000000000000
4148,23981915,3852,3466800.000000000000000,0.000000000000000
4149,23981917,1697,1527300.000000000000000,0.000000000000000
4150,23981919,738,664200.000000000000000,0.000000000000000
4151,23981921,4292,3862800.000000000000000,0.000000000000000
4152,23981923,4559,4103100.000000000000000,0.000000000000000
4153,23981925,8,7200.000000000000000,0.000000000000000
4154,23981927,2734,2460600.000000000000000,0.000000000000000
4155,23981929,15,13500.000000000000000,0.000000000000000
4156,23981931,3391,3051900.000000000000000,0.000000000000000
4157,23981933,5155,4639500.000000000000000,0.000000000000000
4158,23981935,1593,1433700.000000000000000,0.000000000000000
4159,23981937,3739,3365100.000000000000000,0.000000000000000
4160,23981939,2260,2034000.000000000000000,0.000000000000000
4161,23981941,6660,5994000.000000000000000,0.000000000000000
4162,23981943,1954,1758600.000000000000000,0.000000000000000
4163,23981945,194,174600.000000000000000,0.000000000000000
4164,23981947,5417,4875300.000000000000000,0.000000000000000
4165,23981949,2817,2535300.000000000000000,0.000000000000000
4166,23981951,9211,8289900.000000000000000,0.000000000000000
4167,23981953,2572,2314800.000000000000000,0.000000000000000
4168,23981955,2416,2174400.000000000000000,0.000000000000000
4169,23981957,138,124200.000000000000000,0.000000000000000
4170,23981959,3339,3005100.000000000000000,0.000000000000000
4171,23981961,5052,4546800.000000000000000,0.000000000000000
4172,23981963,2907,2616300.000000000000000,0.000000000000000
4173,23981965,326,293400.000000000000000,0.000000000000000
4174,23981969,4468,4021200.000000000000000,0.000000000000000
4175,23981973,2266,2039400.000000000000000,0.000000000000000
4176,23981975,4039,3635100.000000000000000,0.000000000000000
4177,23981977,3361,3024900.000000000000000,0.000000000000000
4178,23981979,3181,2862900.000000000000000,0.000000000000000
4179,23981981,1155,1039500.000000000000000,0.000000000000000
4180,23981983,1961,1764900.000000000000000,0.000000000000000
4181,23981985,1268,1141200.000000000000000,0.000000000000000
4182,23981987,2412,2170800.000000000000000,0.000000000000000
4183,23981989,5546,4991400.000000000000000,0.000000000000000
4184,23981991,1587,1428300.000000000000000,0.000000000000000
4185,23981993,5409,4868100.000000000000000,0.000000000000000
4186,23981995,5084,4575600.000000000000000,0.000000000000000
4187,23981997,3834,3450600.000000000000000,0.000000000000000
4188,23982001,10549,9494100.000000000000000,0.000000000000000
4189,23982003,1310,1179000.000000000000000,0.000000000000000
4190,23982005,1386,1247400.000000000000000,0.000000000000000
4191,23982007,768,691200.000000000000000,0.000000000000000
4192,23982009,921,828900.000000000000000,0.000000000000000
4193,23982011,1310,1179000.000000000000000,0.000000000000000
4194,23982013,677,609300.000000000000000,0.000000000000000
4195,23982015,2161,1944900.000000000000000,0.000000000000000
4196,23982017,2426,2183400.000000000000000,0.000000000000000
4197,23982019,2472,2224800.000000000000000,0.000000000000000
4198,23982021,2730,2457000.000000000000000,0.000000000000000
4199,23982023,121,108900.000000000000000,0.000000000000000
4200,23982025,2088,1879200.000000000000000,0.000000000000000
4201,23982027,6618,5956200.000000000000000,0.000000000000000
4202,23982029,4638,4174200.000000000000000,0.000000000000000
4203,23982031,2898,2608200.000000000000000,0.000000000000000
4204,23982033,3359,3023100.000000000000000,0.000000000000000
4205,23982035,1784,1605600.000000000000000,0.000000000000000
4206,23982037,4531,4077900.000000000000000,0.000000000000000
4207,23982039,21270,19143000.000000000000000,0.000000000000000
4208,23982041,1393,1253700.000000000000000,0.000000000000000
4209,23982043,1732,1558800.000000000000000,0.000000000000000
4210,23982045,2218,1996200.000000000000000,0.000000000000000
4211,23982047,2041,1836900.000000000000000,0.000000000000000
4212,23982049,5229,4706100.000000000000000,0.000000000000000
4213,23982051,2544,2289600.000000000000000,0.000000000000000
4214,23982053,1636,1472400.000000000000000,0.000000000000000
4215,23982055,4894,4404600.000000000000000,0.000000000000000
4216,23982057,871,783900.000000000000000,0.000000000000000
4217,23982059,1215,1093500.000000000000000,0.000000000000000
4218,23982061,83,74700.000000000000000,0.000000000000000
4219,23982063,7070,6363000.000000000000000,0.000000000000000
4220,23982065,815,733500.000000000000000,0.000000000000000
4221,23982067,912,820800.000000000000000,0.000000000000000
4222,23982069,4208,3787200.000000000000000,0.000000000000000
4223,23982071,2772,2494800.000000000000000,0.000000000000000
4224,23982073,433,389700.000000000000000,0.000000000000000
4225,23982075,3906,3515400.000000000000000,0.000000000000000
4226,23982077,1310,1179000.000000000000000,0.000000000000000
4227,23982079,199,179100.000000000000000,0.000000000000000
4228,23982081,1468,1321200.000000000000000,0.000000000000000
4229,23982083,820,738000.000000000000000,0.000000000000000
4230,23982085,1898,1708200.000000000000000,0.000000000000000
4231,23982087,281,252900.000000000000000,0.000000000000000
4232,23982089,1198,1078200.000000000000000,0.000000000000000
4233,23982091,3440,3096000.000000000000000,0.000000000000000
4234,23982093,2108,1897200.000000000000000,0.000000000000000
4235,23982095,2381,2142900.000000000000000,0.000000000000000
4236,23982097,2406,2165400.000000000000000,0.000000000000000
4237,23982099,1945,1750500.000000000000000,0.000000000000000
4238,23982101,291,261900.000000000000000,0.000000000000000
4239,23982103,26459,23813100.000000000000000,0.000000000000000
4240,23982105,1337,1203300.000000000000000,0.000000000000000
4241,23982107,905,814500.000000000000000,0.000000000000000
4242,23982109,3965,3568500.000000000000000,0.000000000000000
4243,23982111,10190,9171000.000000000000000,0.000000000000000
4244,23982113,314,282600.000000000000000,0.000000000000000
4245,23982115,2223,2000700.000000000000000,0.000000000000000
4246,23982121,2211,1989900.000000000000000,0.000000000000000
4247,23982123,939,845100.000000000000000,0.000000000000000
4248,23982125,2021,1818900.000000000000000,0.000000000000000
4249,23982127,2825,2542500.000000000000000,0.000000000000000
4250,23982129,2812,2530800.000000000000000,0.000000000000000
4251,23982131,14272,12844800.000000000000000,0.000000000000000
4252,23982133,8422,7579800.000000000000000,0.000000000000000
4253,23982135,2711,2439900.000000000000000,0.000000000000000
4254,23982137,2006,1805400.000000000000000,0.000000000000000
4255,23982139,2032,1828800.000000000000000,0.000000000000000
4256,23982141,1285,1156500.000000000000000,0.000000000000000
4257,23982143,2349,2114100.000000000000000,0.000000000000000
4258,23982145,6410,5769000.000000000000000,0.000000000000000
4259,23982147,1448,1303200.000000000000000,0.000000000000000
4260,23982149,1568,1411200.000000000000000,0.000000000000000
4261,23982151,157,141300.000000000000000,0.000000000000000
4262,23982153,1428,1285200.000000000000000,0.000000000000000
4263,23982155,1122,1009800.000000000000000,0.000000000000000
4264,23982157,3642,3277800.000000000000000,0.000000000000000
4265,23982159,1726,1553400.000000000000000,0.000000000000000
4266,23982161,4558,4102200.000000000000000,0.000000000000000
4267,23982163,4738,4264200.000000000000000,0.000000000000000
4268,23982165,2197,1977300.000000000000000,0.000000000000000
4269,23982167,1447,1302300.000000000000000,0.000000000000000
4270,23982169,12323,11090700.000000000000000,0.000000000000000
4271,23982171,2409,2168100.000000000000000,0.000000000000000
4272,23982173,2076,1868400.000000000000000,0.000000000000000
4273,23982175,3400,3060000.000000000000000,0.000000000000000
4274,23982177,3331,2997900.000000000000000,0.000000000000000
4275,23982179,388,349200.000000000000000,0.000000000000000
4276,23982181,4771,4293900.000000000000000,0.000000000000000
4277,23982183,1800,1620000.000000000000000,0.000000000000000
4278,23982187,1937,1743300.000000000000000,0.000000000000000
4279,23982189,14393,12953700.000000000000000,0.000000000000000
4280,23982191,2581,2322900.000000000000000,0.000000000000000
4281,23982195,4970,4473000.000000000000000,0.000000000000000
4282,23982197,3929,3536100.000000000000000,0.000000000000000
4283,23982199,756,680400.000000000000000,0.000000000000000
4284,23982201,2024,1821600.000000000000000,0.000000000000000
4285,23982203,36,32400.000000000000000,0.000000000000000
4286,23982205,489,440100.000000000000000,0.000000000000000
4287,23982207,59,53100.000000000000000,0.000000000000000
4288,23982209,5182,4663800.000000000000000,0.000000000000000
4289,23982211,290,261000.000000000000000,0.000000000000000
4290,23982213,5498,4948200.000000000000000,0.000000000000000
4291,23982215,7008,6307200.000000000000000,0.000000000000000
4292,23982217,24177,21759300.000000000000000,0.000000000000000
4293,23982219,1150,1035000.000000000000000,0.000000000000000
4294,23982221,1426,1283400.000000000000000,0.000000000000000
4295,23982223,3735,3361500.000000000000000,0.000000000000000
4296,23982225,2079,1871100.000000000000000,0.000000000000000
4297,23982227,901,810900.000000000000000,0.000000000000000
4298,23982229,3612,3250800.000000000000000,0.000000000000000
4299,23982231,851,765900.000000000000000,0.000000000000000
4300,23982233,4034,3630600.000000000000000,0.000000000000000
4301,23982235,6324,5691600.000000000000000,0.000000000000000
4302,23982237,15,13500.000000000000000,0.000000000000000
4303,23982239,779,701100.000000000000000,0.000000000000000
4304,23982241,1148,1033200.000000000000000,0.000000000000000
4305,23982243,3009,2708100.000000000000000,0.000000000000000
4306,23982245,2416,2174400.000000000000000,0.000000000000000
4307,23982247,1914,1722600.000000000000000,0.000000000000000
4308,23982249,3591,3231900.000000000000000,0.000000000000000
4309,23982251,1633,1469700.000000000000000,0.000000000000000
4310,23982253,1784,1605600.000000000000000,0.000000000000000
4311,23982255,6132,5518800.000000000000000,0.000000000000000
4312,23982257,2838,2554200.000000000000000,0.000000000000000
4313,23982259,4421,3978900.000000000000000,0.000000000000000
4314,23982261,6882,6193800.000000000000000,0.000000000000000
4315,23982263,189,170100.000000000000000,0.000000000000000
4316,23982265,1974,1776600.000000000000000,0.000000000000000
4317,23982267,5854,5268600.000000000000000,0.000000000000000
4318,23982269,763,686700.000000000000000,0.000000000000000
4319,23982271,4120,3708000.000000000000000,0.000000000000000
4320,23982273,3054,2748600.000000000000000,0.000000000000000
4321,23982275,3958,3562200.000000000000000,0.000000000000000
4322,23982277,2450,2205000.000000000000000,0.000000000000000
4323,23982279,1212,1090800.000000000000000,0.000000000000000
4324,23982281,726,653400.000000000000000,0.000000000000000
4325,23982283,1013,911700.000000000000000,0.000000000000000
4326,23982285,389,350100.000000000000000,0.000000000000000
4327,23982287,1566,1409400.000000000000000,0.000000000000000
4328,23982289,1064,957600.000000000000000,0.000000000000000
4329,23982291,2465,2218500.000000000000000,0.000000000000000
4330,23982293,1716,1544400.000000000000000,0.000000000000000
4331,23982295,6051,5445900.000000000000000,0.000000000000000
4332,23982297,422,379800.000000000000000,0.000000000000000
4333,23982299,674,606600.000000000000000,0.000000000000000
4334,23982301,5731,5157900.000000000000000,0.000000000000000
4335,23982303,1820,1638000.000000000000000,0.000000000000000
4336,23982305,3927,3534300.000000000000000,0.000000000000000
4337,23982307,1381,1242900.000000000000000,0.000000000000000
4338,23982309,23,20700.000000000000000,0.000000000000000
4339,23982311,46,41400.000000000000000,0.000000000000000
4340,23982313,318,286200.000000000000000,0.000000000000000
4341,23982315,69,62100.000000000000000,0.000000000000000
4342,23982317,695,625500.000000000000000,0.000000000000000
4343,23982321,369,332100.000000000000000,0.000000000000000
4344,23982327,197,177300.000000000000000,0.000000000000000
4345,23982329,49,44100.000000000000000,0.000000000000000
4346,23982331,190,171000.000000000000000,0.000000000000000
4347,23982333,3038,2734200.000000000000000,0.000000000000000
4348,23982335,2598,2338200.000000000000000,0.000000000000000
4349,23982337,29,26100.000000000000000,0.000000000000000
4350,23982339,64,57600.000000000000000,0.000000000000000
4351,23982341,1692,1522800.000000000000000,0.000000000000000
4352,23982343,1801,1620900.000000000000000,0.000000000000000
4353,23982345,399,359100.000000000000000,0.000000000000000
4354,23982347,16630,14967000.000000000000000,0.000000000000000
4355,23982349,405,364500.000000000000000,0.000000000000000
4356,23982351,3185,2866500.000000000000000,0.000000000000000
4357,23982353,117,105300.000000000000000,0.000000000000000
4358,23982355,174,156600.000000000000000,0.000000000000000
4359,23982357,240,216000.000000000000000,0.000000000000000
4360,23982597,59,53100.000000000000000,0.000000000000000
4361,23982607,68,61200.000000000000000,0.000000000000000
4362,23982609,2,1800.000000000000000,0.000000000000000
4363,23982611,62,55800.000000000000000,0.000000000000000
4364,23982613,1400,1260000.000000000000000,0.000000000000000
4365,23982615,1880,1692000.000000000000000,0.000000000000000
4366,23982617,745,670500.000000000000000,0.000000000000000
4367,23982619,145,130500.000000000000000,0.000000000000000
4368,23982621,622,559800.000000000000000,0.000000000000000
4369,23982671,27,24300.000000000000000,0.000000000000000
4370,23982803,2264,2037600.000000000000000,0.000000000000000
4371,23988188,15,13500.000000000000000,0.000000000000000
4372,23988190,1467,1320300.000000000000000,0.000000000000000
4373,23988192,12444,11199600.000000000000000,0.000000000000000
4374,23988194,17722,15949800.000000000000000,0.000000000000000
4375,23988196,12494,11244600.000000000000000,0.000000000000000
4376,23988198,7809,7028100.000000000000000,0.000000000000000
4377,23988200,2785,2506500.000000000000000,0.000000000000000
4378,23988202,12285,11056500.000000000000000,0.000000000000000
4379,23988204,16962,15265800.000000000000000,0.000000000000000
4380,23988206,15460,13914000.000000000000000,0.000000000000000
4381,23988208,6190,5571000.000000000000000,0.000000000000000
4382,23988210,5764,5187600.000000000000000,0.000000000000000
4383,23988212,2887,2598300.000000000000000,0.000000000000000
4384,23988214,34,30600.000000000000000,0.000000000000000
4385,23988216,5191,4671900.000000000000000,0.000000000000000
4386,23988218,4,3600.000000000000000,0.000000000000000
4387,23988220,4450,4005000.000000000000000,0.000000000000000
4388,23988222,193,173700.000000000000000,0.000000000000000
4389,23988224,70,63000.000000000000000,0.000000000000000
4390,23988226,1269,1142100.000000000000000,0.000000000000000
4391,23988228,743,668700.000000000000000,0.000000000000000
4392,23988230,3123,2810700.000000000000000,0.000000000000000
4393,23988232,1513,1361700.000000000000000,0.000000000000000
4394,23988234,862,775800.000000000000000,0.000000000000000
4395,23988236,7688,6919200.000000000000000,0.000000000000000
4396,23988238,723,650700.000000000000000,0.000000000000000
4397,23988240,2361,2124900.000000000000000,0.000000000000000
4398,23988242,1698,1528200.000000000000000,0.000000000000000
4399,23988244,469,422100.000000000000000,0.000000000000000
4400,23988246,327,294300.000000000000000,0.000000000000000
4401,23988248,859,773100.000000000000000,0.000000000000000
4402,23988250,7622,6859800.000000000000000,0.000000000000000
4403,23988252,2180,1962000.000000000000000,0.000000000000000
4404,23988254,161,144900.000000000000000,0.000000000000000
4405,23988256,3879,3491100.000000000000000,0.000000000000000
4406,23988258,4800,4320000.000000000000000,0.000000000000000
4407,23988260,1438,1294200.000000000000000,0.000000000000000
4408,23988262,804,723600.000000000000000,0.000000000000000
4409,23988264,9490,8541000.000000000000000,0.000000000000000
4410,23988266,26021,23418900.000000000000000,0.000000000000000
4411,23988268,3226,2903400.000000000000000,0.000000000000000
4412,23988270,8534,7680600.000000000000000,0.000000000000000
4413,23988272,3099,2789100.000000000000000,1.000000000000000
4414,23988274,2552,2296800.000000000000000,0.000000000000000
4415,23988276,424,381600.000000000000000,0.000000000000000
4416,23988278,2599,2339100.000000000000000,0.000000000000000
4417,23988280,1058,952200.000000000000000,0.000000000000000
4418,23988282,32,28800.000000000000000,0.000000000000000
4419,23988284,3705,3334500.000000000000000,0.000000000000000
4420,23988288,25375,22837500.000000000000000,0.000000000000000
4421,23988290,1269,1142100.000000000000000,0.000000000000000
4422,23988292,990,891000.000000000000000,0.000000000000000
4423,23988294,1276,1148400.000000000000000,0.000000000000000
4424,23988296,364,327600.000000000000000,0.000000000000000
4425,23988298,18213,16391700.000000000000000,0.000000000000000
4426,23988300,779,701100.000000000000000,0.000000000000000
4427,23988302,1462,1315800.000000000000000,0.000000000000000
4428,23988304,1415,1273500.000000000000000,0.000000000000000
4429,23988306,3966,3569400.000000000000000,0.000000000000000
4430,23988308,3532,3178800.000000000000000,0.000000000000000
4431,23988310,2505,2254500.000000000000000,0.000000000000000
4432,23988314,2099,1889100.000000000000000,0.000000000000000
4433,23988316,1797,1617300.000000000000000,0.000000000000000
4434,23988318,740,666000.000000000000000,0.000000000000000
4435,23988320,4531,4077900.000000000000000,0.000000000000000
4436,23988322,1411,1269900.000000000000000,0.000000000000000
4437,23988324,8387,7548300.000000000000000,0.000000000000000
4438,23988326,362,325800.000000000000000,0.000000000000000
4439,23988328,3314,2982600.000000000000000,0.000000000000000
4440,23988330,974,876600.000000000000000,0.000000000000000
4441,23988332,3226,2903400.000000000000000,0.000000000000000
4442,23988334,2548,2293200.000000000000000,0.000000000000000
4443,23988336,2143,1928700.000000000000000,0.000000000000000
4444,23988338,1634,1470600.000000000000000,0.000000000000000
4445,23988340,998,898200.000000000000000,0.000000000000000
4446,23988342,5469,4922100.000000000000000,0.000000000000000
4447,23988344,5335,4801500.000000000000000,0.000000000000000
4448,23988346,1189,1070100.000000000000000,0.000000000000000
4449,23988348,6099,5489100.000000000000000,0.000000000000000
4450,23988350,5401,4860900.000000000000000,0.000000000000000
4451,23988352,12220,10998000.000000000000000,0.000000000000000
4452,23988354,5229,4706100.000000000000000,0.000000000000000
4453,23988356,1257,1131300.000000000000000,0.000000000000000
4454,23988358,4252,3826800.000000000000000,0.000000000000000
4455,23988360,3890,3501000.000000000000000,0.000000000000000
4456,23988362,4884,4395600.000000000000000,0.000000000000000
4457,23988364,3160,2844000.000000000000000,0.000000000000000
4458,23988366,2565,2308500.000000000000000,0.000000000000000
4459,23988368,3023,2720700.000000000000000,0.000000000000000
4460,23988370,3300,2970000.000000000000000,0.000000000000000
4461,23988372,6842,6157800.000000000000000,0.000000000000000
4462,23988374,19202,17281800.000000000000000,0.000000000000000
4463,23988376,31797,28617300.000000000000000,302.000000000000000
4464,23988378,5669,5102100.000000000000000,1.000000000000000
4465,23988380,1806,1625400.000000000000000,0.000000000000000
4466,23988945,18312,16480800.000000000000000,0.000000000000000
4467,23988947,2851,2565900.000000000000000,0.000000000000000
4468,23988949,19642,17677800.000000000000000,0.000000000000000
4469,23988951,13666,12299400.000000000000000,0.000000000000000
4470,23988953,2351,2115900.000000000000000,0.000000000000000
4471,23988955,4793,4313700.000000000000000,0.000000000000000
4472,23988957,1642,1477800.000000000000000,0.000000000000000
4473,23988959,1868,1681200.000000000000000,0.000000000000000
4474,23988961,15929,14336100.000000000000000,0.000000000000000
4475,23988963,414,372600.000000000000000,0.000000000000000
4476,23988965,9,8100.000000000000000,0.000000000000000
4477,23988967,6470,5823000.000000000000000,0.000000000000000
4478,23988969,4110,3699000.000000000000000,0.000000000000000
4479,23988971,1038,934200.000000000000000,0.000000000000000
4480,23988973,2222,1999800.000000000000000,0.000000000000000
4481,23988975,20084,18075600.000000000000000,0.000000000000000
4482,23988977,4539,4085100.000000000000000,0.000000000000000
4483,23988979,13065,11758500.000000000000000,0.000000000000000
4484,23988981,3608,3247200.000000000000000,0.000000000000000
4485,23988983,4899,4409100.000000000000000,0.000000000000000
4486,23988991,4983,4484700.000000000000000,0.000000000000000
4487,23988993,25,22500.000000000000000,0.000000000000000
4488,23988995,6648,5983200.000000000000000,0.000000000000000
4489,23988997,436,392400.000000000000000,0.000000000000000
4490,23988999,296,266400.000000000000000,0.000000000000000
4491,23989001,6318,5686200.000000000000000,0.000000000000000
4492,23989003,7450,6705000.000000000000000,0.000000000000000
4493,23989005,12071,10863900.000000000000000,0.000000000000000
4494,23989007,594,534600.000000000000000,0.000000000000000
4495,23989009,11374,10236600.000000000000000,0.000000000000000
4496,23989011,322,289800.000000000000000,0.000000000000000
4497,23989013,141,126900.000000000000000,0.000000000000000
4498,23989015,385,346500.000000000000000,0.000000000000000
4499,23989017,16817,15135300.000000000000000,0.000000000000000
4500,23989019,2465,2218500.000000000000000,0.000000000000000
4501,23989021,10101,9090900.000000000000000,0.000000000000000
4502,23989023,73,65700.000000000000000,0.000000000000000
4503,23989025,1582,1423800.000000000000000,0.000000000000000
4504,23989027,3941,3546900.000000000000000,0.000000000000000
4505,23989029,5427,4884300.000000000000000,0.000000000000000
4506,23989031,3280,2952000.000000000000000,0.000000000000000
4507,23989033,4264,3837600.000000000000000,0.000000000000000
4508,23989035,38,34200.000000000000000,0.000000000000000
4509,23989037,280,252000.000000000000000,0.000000000000000
4510,23989039,43,38700.000000000000000,0.000000000000000
4511,23989041,46,41400.000000000000000,0.000000000000000
4512,23989043,354,318600.000000000000000,0.000000000000000
4513,23989045,6550,5895000.000000000000000,0.000000000000000
4514,23989047,10602,9541800.000000000000000,0.000000000000000
4515,23989049,3589,3230100.000000000000000,0.000000000000000
4516,23989051,1072,964800.000000000000000,0.000000000000000
4517,23989053,2109,1898100.000000000000000,0.000000000000000
4518,23989055,85,76500.000000000000000,0.000000000000000
4519,23989057,5313,4781700.000000000000000,0.000000000000000
4520,23989059,4774,4296600.000000000000000,0.000000000000000
4521,23989061,942,847800.000000000000000,0.000000000000000
4522,23989063,3988,3589200.000000000000000,0.000000000000000
4523,23989065,5265,4738500.000000000000000,0.000000000000000
4524,23989067,8277,7449300.000000000000000,0.000000000000000
4525,23989069,11389,10250100.000000000000000,0.000000000000000
4526,23989071,1582,1423800.000000000000000,0.000000000000000
4527,23989073,3909,3518100.000000000000000,0.000000000000000
4528,23989075,4224,3801600.000000000000000,0.000000000000000
4529,23989077,37,33300.000000000000000,0.000000000000000
4530,23989079,15653,14087700.000000000000000,0.000000000000000
4531,23989081,17939,16145100.000000000000000,0.000000000000000
4532,23989083,19642,17677800.000000000000000,0.000000000000000
4533,23989085,1077,969300.000000000000000,0.000000000000000
4534,23989087,50,45000.000000000000000,0.000000000000000
4535,23989089,1458,1312200.000000000000000,0.000000000000000
4536,23989091,1138,1024200.000000000000000,0.000000000000000
4537,23989093,6201,5580900.000000000000000,0.000000000000000
4538,23989095,4445,4000500.000000000000000,0.000000000000000
4539,23989097,8860,7974000.000000000000000,0.000000000000000
4540,23989099,7979,7181100.000000000000000,0.000000000000000
4541,23989101,1474,1326600.000000000000000,0.000000000000000
4542,23989103,1456,1310400.000000000000000,0.000000000000000
4543,23989105,627,564300.000000000000000,0.000000000000000
4544,23989107,19,17100.000000000000000,0.000000000000000
4545,23989109,20,18000.000000000000000,0.000000000000000
4546,23989111,13948,12553200.000000000000000,0.000000000000000
4547,23989113,578,520200.000000000000000,0.000000000000000
4548,23989115,323,290700.000000000000000,0.000000000000000
4549,23989117,1377,1239300.000000000000000,0.000000000000000
4550,23989119,2785,2506500.000000000000000,0.000000000000000
4551,23989121,1688,1519200.000000000000000,0.000000000000000
4552,23989123,1165,1048500.000000000000000,0.000000000000000
4553,23989125,3088,2779200.000000000000000,0.000000000000000
4554,23989127,1926,1733400.000000000000000,0.000000000000000
4555,23989129,106,95400.000000000000000,0.000000000000000
4556,23989131,7545,6790500.000000000000000,0.000000000000000
4557,23989133,452,406800.000000000000000,0.000000000000000
4558,23989135,208,187200.000000000000000,0.000000000000000
4559,23989137,36111,32499900.000000000000000,0.000000000000000
4560,23989139,1027,924300.000000000000000,0.000000000000000
4561,23989141,6439,5795100.000000000000000,0.000000000000000
4562,23989143,16688,15019200.000000000000000,0.000000000000000
4563,23989145,14,12600.000000000000000,0.000000000000000
4564,23989147,1573,1415700.000000000000000,0.000000000000000
4565,23989149,43,38700.000000000000000,0.000000000000000
4566,23989151,17567,15810300.000000000000000,0.000000000000000
4567,23989153,503,452700.000000000000000,0.000000000000000
4568,23989155,7074,6366600.000000000000000,0.000000000000000
4569,23989157,1640,1476000.000000000000000,0.000000000000000
4570,23989159,665,598500.000000000000000,0.000000000000000
4571,23989161,2017,1815300.000000000000000,0.000000000000000
4572,23989163,9640,8676000.000000000000000,0.000000000000000
4573,23989165,669,602100.000000000000000,0.000000000000000
4574,23989167,2178,1960200.000000000000000,0.000000000000000
4575,23989169,2356,2120400.000000000000000,0.000000000000000
4576,23989171,100,90000.000000000000000,0.000000000000000
4577,23989173,3979,3581100.000000000000000,0.000000000000000
4578,23989175,8891,8001900.000000000000000,0.000000000000000
4579,23989177,5443,4898700.000000000000000,0.000000000000000
4580,23989179,1875,1687500.000000000000000,0.000000000000000
4581,23989181,6135,5521500.000000000000000,0.000000000000000
4582,23989183,942,847800.000000000000000,0.000000000000000
4583,23989185,158,142200.000000000000000,0.000000000000000
4584,23989187,50,45000.000000000000000,0.000000000000000
4585,23989189,1605,1444500.000000000000000,0.000000000000000
4586,23989191,878,790200.000000000000000,0.000000000000000
4587,23989193,22567,20310300.000000000000000,0.000000000000000
4588,23989195,3936,3542400.000000000000000,0.000000000000000
4589,23989197,7744,6969600.000000000000000,0.000000000000000
4590,23989199,2075,1867500.000000000000000,0.000000000000000
4591,23989201,515,463500.000000000000000,0.000000000000000
4592,23989203,16103,14492700.000000000000000,0.000000000000000
4593,23989205,18907,17016300.000000000000000,0.000000000000000
4594,23989207,30686,27617400.000000000000000,1.000000000000000
4595,23989209,5553,4997700.000000000000000,0.000000000000000
4596,23989211,1179,1061100.000000000000000,0.000000000000000
4597,23989213,15793,14213700.000000000000000,0.000000000000000
4598,23989215,3689,3320100.000000000000000,0.000000000000000
4599,23989217,30151,27135900.000000000000000,0.000000000000000
4600,23989219,1257,1131300.000000000000000,0.000000000000000
4601,23989221,805,724500.000000000000000,0.000000000000000
4602,23989223,2292,2062800.000000000000000,0.000000000000000
4603,23989225,3103,2792700.000000000000000,0.000000000000000
4604,23989227,1841,1656900.000000000000000,0.000000000000000
4605,23989229,1916,1724400.000000000000000,0.000000000000000
4606,23989231,716,644400.000000000000000,0.000000000000000
4607,23989233,1908,1717200.000000000000000,0.000000000000000
4608,23989235,5005,4504500.000000000000000,0.000000000000000
4609,23989237,794,714600.000000000000000,0.000000000000000
4610,23989239,7497,6747300.000000000000000,0.000000000000000
4611,23989241,1425,1282500.000000000000000,0.000000000000000
4612,23989243,615,553500.000000000000000,0.000000000000000
4613,23989245,5125,4612500.000000000000000,0.000000000000000
4614,23989247,33,29700.000000000000000,0.000000000000000
4615,23989249,1201,1080900.000000000000000,0.000000000000000
4616,23989251,3513,3161700.000000000000000,0.000000000000000
4617,23989253,14834,13350600.000000000000000,0.000000000000000
4618,23989255,5011,4509900.000000000000000,0.000000000000000
4619,23989257,65,58500.000000000000000,0.000000000000000
4620,23989259,4058,3652200.000000000000000,0.000000000000000
4621,23989261,734,660600.000000000000000,0.000000000000000
4622,23989263,152,136800.000000000000000,0.000000000000000
4623,23989265,162,145800.000000000000000,0.000000000000000
4624,23989267,25068,22561200.000000000000000,0.000000000000000
4625,23989269,22268,20041200.000000000000000,0.000000000000000
4626,23989271,101,90900.000000000000000,0.000000000000000
4627,23989273,7308,6577200.000000000000000,0.000000000000000
4628,23989275,4678,4210200.000000000000000,0.000000000000000
4629,23989277,3180,2862000.000000000000000,0.000000000000000
4630,23989279,482,433800.000000000000000,0.000000000000000
4631,23989281,6795,6115500.000000000000000,0.000000000000000
4632,23989283,3369,3032100.000000000000000,0.000000000000000
4633,23989285,7225,6502500.000000000000000,0.000000000000000
4634,23989287,15892,14302800.000000000000000,0.000000000000000
4635,23989289,5735,5161500.000000000000000,0.000000000000000
4636,23989291,22685,20416500.000000000000000,0.000000000000000
4637,23989293,3155,2839500.000000000000000,0.000000000000000
4638,23989295,5504,4953600.000000000000000,0.000000000000000
4639,23989297,3168,2851200.000000000000000,0.000000000000000
4640,23989299,19960,17964000.000000000000000,0.000000000000000
4641,23989301,18163,16346700.000000000000000,0.000000000000000
4642,23989303,11581,10422900.000000000000000,0.000000000000000
4643,23989305,529,476100.000000000000000,0.000000000000000
4644,23989307,7253,6527700.000000000000000,0.000000000000000
4645,23989309,150,135000.000000000000000,0.000000000000000
4646,23989311,3082,2773800.000000000000000,0.000000000000000
4647,23989313,6999,6299100.000000000000000,0.000000000000000
4648,23989315,777,699300.000000000000000,0.000000000000000
4649,23989317,1275,1147500.000000000000000,0.000000000000000
4650,23989319,57222,51499800.000000000000000,0.000000000000000
4651,23989321,6118,5506200.000000000000000,0.000000000000000
4652,23989323,2028,1825200.000000000000000,0.000000000000000
4653,23989325,12493,11243700.000000000000000,0.000000000000000
4654,23989327,19994,17994600.000000000000000,0.000000000000000
4655,23989329,3695,3325500.000000000000000,0.000000000000000
4656,23989331,5246,4721400.000000000000000,0.000000000000000
4657,23989333,1359,1223100.000000000000000,0.000000000000000
4658,23989335,151,135900.000000000000000,0.000000000000000
4659,23989337,2412,2170800.000000000000000,0.000000000000000
4660,23989339,492,442800.000000000000000,0.000000000000000
4661,23989341,1988,1789200.000000000000000,0.000000000000000
4662,23989343,9268,8341200.000000000000000,0.000000000000000
4663,23989345,737,663300.000000000000000,0.000000000000000
4664,23989347,5578,5020200.000000000000000,0.000000000000000
4665,23989349,852,766800.000000000000000,0.000000000000000
4666,23989351,11558,10402200.000000000000000,0.000000000000000
4667,23989353,3944,3549600.000000000000000,0.000000000000000
4668,23989355,9140,8226000.000000000000000,0.000000000000000
4669,23989357,10957,9861300.000000000000000,0.000000000000000
4670,23989359,460,414000.000000000000000,0.000000000000000
4671,23989361,4890,4401000.000000000000000,0.000000000000000
4672,23989363,370,333000.000000000000000,0.000000000000000
4673,23989365,3878,3490200.000000000000000,0.000000000000000
4674,23989367,2057,1851300.000000000000000,0.000000000000000
4675,23989369,1949,1754100.000000000000000,0.000000000000000
4676,23989371,546,491400.000000000000000,0.000000000000000
4677,23989373,15878,14290200.000000000000000,0.000000000000000
4678,23989375,27221,24498900.000000000000000,0.000000000000000
4679,23989377,2865,2578500.000000000000000,1.000000000000000
4680,23989379,13943,12548700.000000000000000,0.000000000000000
4681,23989381,3110,2799000.000000000000000,0.000000000000000
4682,23989383,4367,3930300.000000000000000,0.000000000000000
4683,23989385,5426,4883400.000000000000000,0.000000000000000
4684,23989387,23,20700.000000000000000,0.000000000000000
4685,23989389,22,19800.000000000000000,0.000000000000000
4686,23989391,37095,33385500.000000000000000,3.000000000000000
4687,23989393,6832,6148800.000000000000000,0.000000000000000
4688,23989395,8162,7345800.000000000000000,0.000000000000000
4689,23989397,22,19800.000000000000000,0.000000000000000
4690,23989399,1022,919800.000000000000000,0.000000000000000
4691,23989401,25437,22893300.000000000000000,0.000000000000000
4692,23989403,3888,3499200.000000000000000,0.000000000000000
4693,23989405,45168,40651200.000000000000000,0.000000000000000
4694,23989407,538,484200.000000000000000,0.000000000000000
4695,23989409,1593,1433700.000000000000000,0.000000000000000
4696,23989411,1368,1231200.000000000000000,0.000000000000000
4697,23989413,1668,1501200.000000000000000,0.000000000000000
4698,23989415,18660,16794000.000000000000000,0.000000000000000
4699,23989417,9440,8496000.000000000000000,0.000000000000000
4700,23989419,4254,3828600.000000000000000,0.000000000000000
4701,23989421,24881,22392900.000000000000000,0.000000000000000
4702,23989423,14,12600.000000000000000,0.000000000000000
4703,23989425,10,9000.000000000000000,0.000000000000000
4704,23989427,2152,1936800.000000000000000,0.000000000000000
4705,23989429,195,175500.000000000000000,0.000000000000000
4706,23989431,152,136800.000000000000000,0.000000000000000
4707,23989433,6,5400.000000000000000,0.000000000000000
4708,23989435,1,900.000000000000000,0.000000000000000
4709,23989437,107,96300.000000000000000,0.000000000000000
4710,23989439,7,6300.000000000000000,0.000000000000000
4711,23989441,2216,1994400.000000000000000,0.000000000000000
4712,23989443,2078,1870200.000000000000000,0.000000000000000
4713,23989445,4236,3812400.000000000000000,110.000000000000000
4714,23989447,77522,69769800.000000000000000,223.000000000000000
4715,23989451,118,106200.000000000000000,0.000000000000000
4716,23989453,9,8100.000000000000000,0.000000000000000
4717,23989455,1,900.000000000000000,0.000000000000000
4718,23989457,1792,1612800.000000000000000,0.000000000000000
4719,23989459,14491,13041900.000000000000000,0.000000000000000
4720,23989463,2426,2183400.000000000000000,0.000000000000000
4721,23989465,3927,3534300.000000000000000,0.000000000000000
4722,23989467,7805,7024500.000000000000000,0.000000000000000
4723,23989469,7982,7183800.000000000000000,0.000000000000000
4724,23989471,4,3600.000000000000000,0.000000000000000
4725,23989473,7335,6601500.000000000000000,0.000000000000000
4726,23989475,6838,6154200.000000000000000,0.000000000000000
4727,23989477,47,42300.000000000000000,0.000000000000000
4728,23989479,3335,3001500.000000000000000,0.000000000000000
4729,23989481,18678,16810200.000000000000000,0.000000000000000
4730,23989483,28192,25372800.000000000000000,0.000000000000000
4731,23989485,901,810900.000000000000000,0.000000000000000
4732,23989487,11802,10621800.000000000000000,0.000000000000000
4733,23989489,3298,2968200.000000000000000,0.000000000000000
4734,23989491,3303,2972700.000000000000000,0.000000000000000
4735,23989493,78295,70465500.000000000000000,0.000000000000000
4736,23989495,13863,12476700.000000000000000,0.000000000000000
4737,23989497,8552,7696800.000000000000000,0.000000000000000
4738,23989499,969,872100.000000000000000,0.000000000000000
4739,23989501,30498,27448200.000000000000000,0.000000000000000
4740,23989503,6,5400.000000000000000,0.000000000000000
4741,23989505,13,11700.000000000000000,0.000000000000000
4742,23989509,11488,10339200.000000000000000,0.000000000000000
4743,23989511,8973,8075700.000000000000000,0.000000000000000
4744,23989513,46,41400.000000000000000,0.000000000000000
4745,23989515,3712,3340800.000000000000000,0.000000000000000
4746,23989517,6469,5822100.000000000000000,0.000000000000000
4747,23989521,5079,4571100.000000000000000,0.000000000000000
4748,23989523,16844,15159600.000000000000000,0.000000000000000
4749,23989525,5976,5378400.000000000000000,0.000000000000000
4750,23989527,375,337500.000000000000000,0.000000000000000
4751,23989529,12,10800.000000000000000,0.000000000000000
4752,23989531,46,41400.000000000000000,0.000000000000000
4753,23989533,361,324900.000000000000000,0.000000000000000
4754,23989535,12,10800.000000000000000,0.000000000000000
4755,23989537,10,9000.000000000000000,0.000000000000000
4756,23989539,5331,4797900.000000000000000,0.000000000000000
4757,23989541,6560,5904000.000000000000000,0.000000000000000
4758,23989543,6282,5653800.000000000000000,0.000000000000000
4759,23989545,4,3600.000000000000000,0.000000000000000
4760,23989547,33,29700.000000000000000,0.000000000000000
4761,23989549,170,153000.000000000000000,0.000000000000000
4762,23989551,4607,4146300.000000000000000,0.000000000000000
4763,23989553,3214,2892600.000000000000000,0.000000000000000
4764,23989555,18488,16639200.000000000000000,0.000000000000000
4765,23989557,12091,10881900.000000000000000,0.000000000000000
4766,23989559,4898,4408200.000000000000000,0.000000000000000
4767,23989561,5710,5139000.000000000000000,0.000000000000000
4768,23989563,5785,5206500.000000000000000,0.000000000000000
4769,23989565,1674,1506600.000000000000000,0.000000000000000
4770,23989567,1098,988200.000000000000000,0.000000000000000
4771,23989569,2821,2538900.000000000000000,0.000000000000000
4772,23989571,469,422100.000000000000000,0.000000000000000
4773,23989573,3726,3353400.000000000000000,0.000000000000000
4774,23989575,1799,1619100.000000000000000,0.000000000000000
4775,23989577,4498,4048200.000000000000000,0.000000000000000
4776,23989579,772,694800.000000000000000,0.000000000000000
4777,23989581,759,683100.000000000000000,0.000000000000000
4778,23989583,540,486000.000000000000000,0.000000000000000
4779,23989585,13979,12581100.000000000000000,0.000000000000000
4780,23989587,2032,1828800.000000000000000,0.000000000000000
4781,23989589,662,595800.000000000000000,0.000000000000000
4782,23989591,1550,1395000.000000000000000,0.000000000000000
4783,23989593,806,725400.000000000000000,80.000000000000000
4784,23989595,10,9000.000000000000000,0.000000000000000
4785,23989597,66,59400.000000000000000,2.000000000000000
4786,23989599,122,109800.000000000000000,0.000000000000000
4787,23989601,29,26100.000000000000000,0.000000000000000
4788,23989603,3013,2711700.000000000000000,65.000000000000000
4789,23989605,1,900.000000000000000,0.000000000000000
4790,23989607,2,1800.000000000000000,0.000000000000000
4791,23989611,3122,2809800.000000000000000,0.000000000000000
4792,23989613,4341,3906900.000000000000000,199.000000000000000
4793,23989615,196,176400.000000000000000,24.000000000000000
4794,23989617,5358,4822200.000000000000000,0.000000000000000
4795,23989619,2855,2569500.000000000000000,0.000000000000000
4796,23989621,44930,40437000.000000000000000,17.000000000000000
4797,23989623,104,93600.000000000000000,0.000000000000000
4798,23989625,1906,1715400.000000000000000,0.000000000000000
4799,23989627,509,458100.000000000000000,0.000000000000000
4800,23989629,2165,1948500.000000000000000,0.000000000000000
4801,23989631,4070,3663000.000000000000000,0.000000000000000
4802,23989633,7275,6547500.000000000000000,0.000000000000000
4803,23989635,1448,1303200.000000000000000,55.000000000000000
4804,23989637,5,4500.000000000000000,0.000000000000000
4805,23989639,1,900.000000000000000,0.000000000000000
4806,23989641,469,422100.000000000000000,0.000000000000000
4807,23989643,1203,1082700.000000000000000,189.000000000000000
4808,23989645,8,7200.000000000000000,0.000000000000000
4809,23989647,30,27000.000000000000000,0.000000000000000
4810,23989649,454,408600.000000000000000,7.000000000000000
4811,23989651,4793,4313700.000000000000000,611.000000000000000
4812,23989653,64,57600.000000000000000,0.000000000000000
4813,23989655,69,62100.000000000000000,0.000000000000000
4814,23989657,91,81900.000000000000000,0.000000000000000
4815,23989659,33,29700.000000000000000,0.000000000000000
4816,23989661,15,13500.000000000000000,0.000000000000000
4817,23989663,77,69300.000000000000000,0.000000000000000
4818,23989665,235,211500.000000000000000,54.000000000000000
4819,23989667,17,15300.000000000000000,0.000000000000000
4820,23989669,775,697500.000000000000000,73.000000000000000
4821,23989671,26,23400.000000000000000,0.000000000000000
4822,23989673,25,22500.000000000000000,0.000000000000000
4823,23989675,73,65700.000000000000000,0.000000000000000
4824,23989677,316,284400.000000000000000,0.000000000000000
4825,23989679,21,18900.000000000000000,0.000000000000000
4826,23989681,6486,5837400.000000000000000,10.000000000000000
4827,23989683,1722,1549800.000000000000000,1.000000000000000
4828,23989685,3469,3122100.000000000000000,3.000000000000000
4829,23989687,140,126000.000000000000000,0.000000000000000
4830,23989689,154,138600.000000000000000,2.000000000000000
4831,23989691,216,194400.000000000000000,19.000000000000000
4832,23989693,1148,1033200.000000000000000,184.000000000000000
4833,23989695,8,7200.000000000000000,0.000000000000000
4834,23989697,22327,20094300.000000000000000,0.000000000000000
4835,23989699,2224,2001600.000000000000000,0.000000000000000
4836,23989701,696,626400.000000000000000,0.000000000000000
4837,23989709,7599,6839100.000000000000000,0.000000000000000
4838,23989711,18914,17022600.000000000000000,0.000000000000000
4839,23989713,676,608400.000000000000000,0.000000000000000
4840,23989715,18223,16400700.000000000000000,0.000000000000000
4841,23989719,7814,7032600.000000000000000,0.000000000000000
4842,23989721,10426,9383400.000000000000000,0.000000000000000
4843,23989723,9300,8370000.000000000000000,0.000000000000000
4844,23989725,2561,2304900.000000000000000,0.000000000000000
4845,23989727,19903,17912700.000000000000000,0.000000000000000
4846,23989729,2137,1923300.000000000000000,0.000000000000000
4847,23989731,504,453600.000000000000000,0.000000000000000
4848,23989733,3187,2868300.000000000000000,0.000000000000000
4849,23989735,6990,6291000.000000000000000,0.000000000000000
4850,23989739,4788,4309200.000000000000000,0.000000000000000
4851,23989741,25980,23382000.000000000000000,1.000000000000000
4852,23989743,2114,1902600.000000000000000,0.000000000000000
4853,23989745,535,481500.000000000000000,0.000000000000000
4854,23989747,53629,48266100.000000000000000,84.000000000000000
4855,23989749,6583,5924700.000000000000000,0.000000000000000
4856,23989751,33795,30415500.000000000000000,0.000000000000000
4857,23989753,2673,2405700.000000000000000,0.000000000000000
4858,23989755,12763,11486700.000000000000000,0.000000000000000
4859,23989757,1732,1558800.000000000000000,0.000000000000000
4860,23989759,13590,12231000.000000000000000,0.000000000000000
4861,23989761,9198,8278200.000000000000000,0.000000000000000
4862,23989763,17130,15417000.000000000000000,0.000000000000000
4863,23989765,5377,4839300.000000000000000,0.000000000000000
4864,23989767,35542,31987800.000000000000000,12.000000000000000
4865,23989769,599,539100.000000000000000,0.000000000000000
4866,23989771,5745,5170500.000000000000000,0.000000000000000
4867,23989773,8152,7336800.000000000000000,0.000000000000000
4868,23989775,21948,19753200.000000000000000,10.000000000000000
4869,23989777,4376,3938400.000000000000000,0.000000000000000
4870,23989779,4687,4218300.000000000000000,0.000000000000000
4871,23989781,26,23400.000000000000000,0.000000000000000
4872,23989783,3752,3376800.000000000000000,0.000000000000000
4873,23989785,55931,50337900.000000000000000,739.000000000000000
4874,23989787,41497,37347300.000000000000000,17.000000000000000
4875,23989789,97,87300.000000000000000,7.000000000000000
4876,23989791,187,168300.000000000000000,24.000000000000000
4877,23989793,901,810900.000000000000000,131.000000000000000
4878,23989795,1421,1278900.000000000000000,126.000000000000000
4879,23989799,1776,1598400.000000000000000,0.000000000000000
4880,23989803,206,185400.000000000000000,0.000000000000000
4881,23989805,520,468000.000000000000000,62.000000000000000
4882,23989807,76,68400.000000000000000,6.000000000000000
4883,23989809,218,196200.000000000000000,50.000000000000000
4884,23989811,1351,1215900.000000000000000,0.000000000000000
4885,23989813,3512,3160800.000000000000000,27.000000000000000
4886,23989815,104,93600.000000000000000,1.000000000000000
4887,23989817,5513,4961700.000000000000000,0.000000000000000
4888,23989819,1223,1100700.000000000000000,5.000000000000000
4889,23989821,1632,1468800.000000000000000,0.000000000000000
4890,23989823,468,421200.000000000000000,0.000000000000000
4891,23989825,5971,5373900.000000000000000,0.000000000000000
4892,23989827,258,232200.000000000000000,0.000000000000000
4893,23989829,6494,5844600.000000000000000,0.000000000000000
4894,23989831,736,662400.000000000000000,0.000000000000000
4895,23989833,2642,2377800.000000000000000,0.000000000000000
4896,23989835,2137,1923300.000000000000000,0.000000000000000
4897,23989837,4665,4198500.000000000000000,0.000000000000000
4898,23989839,2576,2318400.000000000000000,0.000000000000000
4899,23989847,1208,1087200.000000000000000,0.000000000000000
4900,23989851,125,112500.000000000000000,12.000000000000000
4901,23989853,124,111600.000000000000000,5.000000000000000
4902,23989855,3154,2838600.000000000000000,193.000000000000000
4903,23989857,896,806400.000000000000000,0.000000000000000
4904,23989859,3475,3127500.000000000000000,269.000000000000000
4905,23989861,561,504900.000000000000000,109.000000000000000
4906,23989863,372,334800.000000000000000,62.000000000000000
4907,23989865,136,122400.000000000000000,86.000000000000000
4908,23989867,1959,1763100.000000000000000,163.000000000000000
4909,23989869,165,148500.000000000000000,23.000000000000000
4910,23989871,13,11700.000000000000000,0.000000000000000
4911,23989873,17018,15316200.000000000000000,496.000000000000000
4912,23989875,372,334800.000000000000000,20.000000000000000
4913,23989877,189,170100.000000000000000,80.000000000000000
4914,23989879,3260,2934000.000000000000000,540.000000000000000
4915,23989881,75,67500.000000000000000,3.000000000000000
4916,23989883,7,6300.000000000000000,0.000000000000000
4917,23989885,36,32400.000000000000000,6.000000000000000
4918,23989887,395,355500.000000000000000,88.000000000000000
4919,23989889,419,377100.000000000000000,48.000000000000000
4920,23989891,2329,2096100.000000000000000,298.000000000000000
4921,23989893,1889,1700100.000000000000000,0.000000000000000
4922,23989895,2259,2033100.000000000000000,101.000000000000000
4923,23989897,3229,2906100.000000000000000,366.000000000000000
4924,23989899,3737,3363300.000000000000000,127.000000000000000
4925,23989901,12,10800.000000000000000,4.000000000000000
4926,23989903,1033,929700.000000000000000,99.000000000000000
4927,23989905,396,356400.000000000000000,0.000000000000000
4928,23989907,4460,4014000.000000000000000,636.000000000000000
4929,23989909,1112,1000800.000000000000000,142.000000000000000
4930,23989911,666,599400.000000000000000,107.000000000000000
4931,23989913,609,548100.000000000000000,82.000000000000000
4932,23989915,6603,5942700.000000000000000,550.000000000000000
4933,23989917,2189,1970100.000000000000000,347.000000000000000
4934,23989919,1407,1266300.000000000000000,299.000000000000000
4935,23989921,253,227700.000000000000000,59.000000000000000
4936,23989923,3972,3574800.000000000000000,416.000000000000000
4937,23989925,177,159300.000000000000000,29.000000000000000
4938,23989927,5628,5065200.000000000000000,481.000000000000000
4939,23989929,607,546300.000000000000000,114.000000000000000
4940,23989931,793,713700.000000000000000,130.000000000000000
4941,23989933,313,281700.000000000000000,33.000000000000000
4942,23989935,22184,19965600.000000000000000,1917.000000000000000
4943,23989937,1690,1521000.000000000000000,0.000000000000000
4944,23989939,1231,1107900.000000000000000,0.000000000000000
4945,23989941,20700,18630000.000000000000000,70.000000000000000
4946,23989943,1406,1265400.000000000000000,0.000000000000000
4947,23989949,4136,3722400.000000000000000,0.000000000000000
4948,23989951,1201,1080900.000000000000000,0.000000000000000
4949,23989953,11,9900.000000000000000,0.000000000000000
4950,23989955,111,99900.000000000000000,0.000000000000000
4951,23989957,861,774900.000000000000000,0.000000000000000
4952,23989959,532,478800.000000000000000,5.000000000000000
4953,23989961,15038,13534200.000000000000000,0.000000000000000
4954,23989963,7212,6490800.000000000000000,30.000000000000000
4955,23989965,219,197100.000000000000000,0.000000000000000
4956,23989967,503,452700.000000000000000,0.000000000000000
4957,23989969,7018,6316200.000000000000000,6.000000000000000
4958,23989971,6591,5931900.000000000000000,1364.000000000000000
4959,23989975,53,47700.000000000000000,0.000000000000000
4960,23989977,1099,989100.000000000000000,0.000000000000000
4961,23989979,1828,1645200.000000000000000,0.000000000000000
4962,23989983,1881,1692900.000000000000000,0.000000000000000
4963,23989985,1065,958500.000000000000000,0.000000000000000
4964,23989987,2017,1815300.000000000000000,0.000000000000000
4965,23989989,5797,5217300.000000000000000,0.000000000000000
4966,23989991,2257,2031300.000000000000000,0.000000000000000
4967,23989993,1275,1147500.000000000000000,0.000000000000000
4968,23989995,3078,2770200.000000000000000,0.000000000000000
4969,23989999,3175,2857500.000000000000000,0.000000000000000
4970,23990001,6760,6084000.000000000000000,0.000000000000000
4971,23990003,7,6300.000000000000000,0.000000000000000
4972,23990005,984,885600.000000000000000,0.000000000000000
4973,23990009,2382,2143800.000000000000000,0.000000000000000
4974,23990011,851,765900.000000000000000,0.000000000000000
4975,23990013,446,401400.000000000000000,0.000000000000000
4976,23990015,4282,3853800.000000000000000,0.000000000000000
4977,23990017,1069,962100.000000000000000,0.000000000000000
4978,23990019,1164,1047600.000000000000000,0.000000000000000
4979,23990021,614,552600.000000000000000,0.000000000000000
4980,23990023,1328,1195200.000000000000000,0.000000000000000
4981,23990025,853,767700.000000000000000,0.000000000000000
4982,23990029,459,413100.000000000000000,0.000000000000000
4983,23990031,102,91800.000000000000000,0.000000000000000
4984,23990033,2517,2265300.000000000000000,0.000000000000000
4985,23990035,7669,6902100.000000000000000,0.000000000000000
4986,23990039,1642,1477800.000000000000000,0.000000000000000
4987,23990041,4468,4021200.000000000000000,0.000000000000000
4988,23990043,4120,3708000.000000000000000,0.000000000000000
4989,23990045,2024,1821600.000000000000000,0.000000000000000
4990,23990047,4770,4293000.000000000000000,0.000000000000000
4991,23990049,141,126900.000000000000000,0.000000000000000
4992,23990053,1370,1233000.000000000000000,0.000000000000000
4993,23990055,1634,1470600.000000000000000,0.000000000000000
4994,23990059,41,36900.000000000000000,0.000000000000000
4995,23990063,10931,9837900.000000000000000,0.000000000000000
4996,23990065,9208,8287200.000000000000000,0.000000000000000
4997,23990067,1215,1093500.000000000000000,0.000000000000000
4998,23990081,2574,2316600.000000000000000,0.000000000000000
4999,23990085,2965,2668500.000000000000000,0.000000000000000
5000,23990087,3276,2948400.000000000000000,0.000000000000000
5001,23990089,1492,1342800.000000000000000,0.000000000000000
5002,23990091,878,790200.000000000000000,0.000000000000000
5003,23990093,239,215100.000000000000000,0.000000000000000
5004,23990095,4621,4158900.000000000000000,0.000000000000000
5005,23990097,2694,2424600.000000000000000,0.000000000000000
5006,23990099,341,306900.000000000000000,0.000000000000000
5007,23990101,1788,1609200.000000000000000,0.000000000000000
5008,23990103,1291,1161900.000000000000000,0.000000000000000
5009,23990105,5908,5317200.000000000000000,0.000000000000000
5010,23990107,21473,19325700.000000000000000,0.000000000000000
5011,23990109,4545,4090500.000000000000000,0.000000000000000
5012,23990111,3314,2982600.000000000000000,0.000000000000000
5013,23990113,1657,1491300.000000000000000,0.000000000000000
5014,23990115,306,275400.000000000000000,0.000000000000000
5015,23990117,1011,909900.000000000000000,0.000000000000000
5016,23990119,2612,2350800.000000000000000,0.000000000000000
5017,23990121,227,204300.000000000000000,0.000000000000000
5018,23990123,188,169200.000000000000000,0.000000000000000
5019,23990127,2071,1863900.000000000000000,0.000000000000000
5020,23990129,3697,3327300.000000000000000,0.000000000000000
5021,23990131,5891,5301900.000000000000000,0.000000000000000
5022,23990133,5522,4969800.000000000000000,0.000000000000000
5023,23990135,3840,3456000.000000000000000,0.000000000000000
5024,23990137,6435,5791500.000000000000000,0.000000000000000
5025,23990139,185,166500.000000000000000,0.000000000000000
5026,23990141,1436,1292400.000000000000000,0.000000000000000
5027,23990143,5523,4970700.000000000000000,0.000000000000000
5028,23990147,2006,1805400.000000000000000,0.000000000000000
5029,23990149,2815,2533500.000000000000000,0.000000000000000
5030,23990151,2111,1899900.000000000000000,0.000000000000000
5031,23990153,5339,4805100.000000000000000,0.000000000000000
5032,23990155,1399,1259100.000000000000000,0.000000000000000
5033,23990157,3189,2870100.000000000000000,0.000000000000000
5034,23990159,2751,2475900.000000000000000,0.000000000000000
5035,23990161,6919,6227100.000000000000000,0.000000000000000
5036,23990163,6340,5706000.000000000000000,0.000000000000000
5037,23990165,1640,1476000.000000000000000,0.000000000000000
5038,23990167,1433,1289700.000000000000000,0.000000000000000
5039,23990169,2920,2628000.000000000000000,0.000000000000000
5040,23990171,5801,5220900.000000000000000,0.000000000000000
5041,23990173,2338,2104200.000000000000000,0.000000000000000
5042,23990175,1757,1581300.000000000000000,0.000000000000000
5043,23990177,845,760500.000000000000000,0.000000000000000
5044,23990179,2396,2156400.000000000000000,0.000000000000000
5045,23990181,2706,2435400.000000000000000,0.000000000000000
5046,23990183,2155,1939500.000000000000000,0.000000000000000
5047,23990185,1632,1468800.000000000000000,0.000000000000000
5048,23990187,3472,3124800.000000000000000,0.000000000000000
5049,23990189,972,874800.000000000000000,0.000000000000000
5050,23990193,8244,7419600.000000000000000,0.000000000000000
5051,23990195,5477,4929300.000000000000000,0.000000000000000
5052,23990197,1313,1181700.000000000000000,0.000000000000000
5053,23990199,418,376200.000000000000000,0.000000000000000
5054,23990201,1356,1220400.000000000000000,0.000000000000000
5055,23990203,4323,3890700.000000000000000,0.000000000000000
5056,23990205,65,58500.000000000000000,0.000000000000000
5057,23990207,8187,7368300.000000000000000,0.000000000000000
5058,23990209,5390,4851000.000000000000000,0.000000000000000
5059,23990211,8571,7713900.000000000000000,0.000000000000000
5060,23990215,1666,1499400.000000000000000,0.000000000000000
5061,23990217,6910,6219000.000000000000000,0.000000000000000
5062,23990219,2358,2122200.000000000000000,0.000000000000000
5063,23990221,7052,6346800.000000000000000,0.000000000000000
5064,23990223,5724,5151600.000000000000000,0.000000000000000
5065,23990225,1370,1233000.000000000000000,0.000000000000000
5066,23990227,1571,1413900.000000000000000,0.000000000000000
5067,23990229,1784,1605600.000000000000000,31.000000000000000
5068,23990231,2034,1830600.000000000000000,4.000000000000000
5069,23990233,3804,3423600.000000000000000,0.000000000000000
5070,23990235,2463,2216700.000000000000000,0.000000000000000
5071,23990237,3453,3107700.000000000000000,0.000000000000000
5072,23990239,2517,2265300.000000000000000,0.000000000000000
5073,23990241,4849,4364100.000000000000000,0.000000000000000
5074,23990243,1993,1793700.000000000000000,0.000000000000000
5075,23990245,3224,2901600.000000000000000,0.000000000000000
5076,23990247,45,40500.000000000000000,0.000000000000000
5077,23990249,77,69300.000000000000000,0.000000000000000
5078,23990251,614,552600.000000000000000,0.000000000000000
5079,23990253,4,3600.000000000000000,0.000000000000000
5080,23990255,645,580500.000000000000000,0.000000000000000
5081,23990257,2373,2135700.000000000000000,0.000000000000000
5082,23990259,195,175500.000000000000000,0.000000000000000
5083,23990261,1165,1048500.000000000000000,0.000000000000000
5084,23990263,437,393300.000000000000000,0.000000000000000
5085,23990265,1664,1497600.000000000000000,0.000000000000000
5086,23990267,11280,10152000.000000000000000,0.000000000000000
5087,23990269,561,504900.000000000000000,0.000000000000000
5088,23990271,6370,5733000.000000000000000,0.000000000000000
5089,23990273,1360,1224000.000000000000000,0.000000000000000
5090,23990275,3995,3595500.000000000000000,0.000000000000000
5091,23990277,110,99000.000000000000000,0.000000000000000
5092,23990279,4428,3985200.000000000000000,0.000000000000000
5093,23990281,2445,2200500.000000000000000,0.000000000000000
5094,23990283,11101,9990900.000000000000000,0.000000000000000
5095,23990285,1296,1166400.000000000000000,0.000000000000000
5096,23990287,2390,2151000.000000000000000,0.000000000000000
5097,23990289,17,15300.000000000000000,0.000000000000000
5098,23990291,24,21600.000000000000000,0.000000000000000
5099,23990293,762,685800.000000000000000,0.000000000000000
5100,23990295,696,626400.000000000000000,0.000000000000000
5101,23990297,9073,8165700.000000000000000,0.000000000000000
5102,23990299,150,135000.000000000000000,0.000000000000000
5103,23990301,1079,971100.000000000000000,0.000000000000000
5104,23990303,1237,1113300.000000000000000,0.000000000000000
5105,23990305,3536,3182400.000000000000000,0.000000000000000
5106,23990307,1938,1744200.000000000000000,0.000000000000000
5107,23990309,1525,1372500.000000000000000,0.000000000000000
5108,23990311,1125,1012500.000000000000000,0.000000000000000
5109,23990313,1904,1713600.000000000000000,0.000000000000000
5110,23990315,29,26100.000000000000000,0.000000000000000
5111,23990317,5901,5310900.000000000000000,0.000000000000000
5112,23990319,469,422100.000000000000000,0.000000000000000
5113,23990321,4586,4127400.000000000000000,0.000000000000000
5114,23990323,1351,1215900.000000000000000,0.000000000000000
5115,23990325,17,15300.000000000000000,0.000000000000000
5116,23990327,820,738000.000000000000000,0.000000000000000
5117,23990329,268,241200.000000000000000,0.000000000000000
5118,23990331,636,572400.000000000000000,0.000000000000000
5119,23990333,5,4500.000000000000000,0.000000000000000
5120,23990335,2318,2086200.000000000000000,0.000000000000000
5121,23990337,1678,1510200.000000000000000,0.000000000000000
5122,23990339,583,524700.000000000000000,0.000000000000000
5123,23990341,1297,1167300.000000000000000,0.000000000000000
5124,23990343,5020,4518000.000000000000000,0.000000000000000
5125,23990345,2160,1944000.000000000000000,0.000000000000000
5126,23990347,3677,3309300.000000000000000,0.000000000000000
5127,23990349,696,626400.000000000000000,0.000000000000000
5128,23990351,2736,2462400.000000000000000,0.000000000000000
5129,23990353,1880,1692000.000000000000000,0.000000000000000
5130,23990355,2416,2174400.000000000000000,0.000000000000000
5131,23990361,23489,21140100.000000000000000,0.000000000000000
5132,23990363,1736,1562400.000000000000000,0.000000000000000
5133,23990365,552,496800.000000000000000,0.000000000000000
5134,23990367,3779,3401100.000000000000000,0.000000000000000
5135,23990369,4394,3954600.000000000000000,0.000000000000000
5136,23990371,877,789300.000000000000000,0.000000000000000
5137,23990373,1662,1495800.000000000000000,0.000000000000000
5138,23990375,1067,960300.000000000000000,0.000000000000000
5139,23990377,5200,4680000.000000000000000,0.000000000000000
5140,23990383,1423,1280700.000000000000000,0.000000000000000
5141,23990385,9142,8227800.000000000000000,0.000000000000000
5142,23990391,3069,2762100.000000000000000,0.000000000000000
5143,23990393,8564,7707600.000000000000000,0.000000000000000
5144,23990395,26777,24099300.000000000000000,0.000000000000000
5145,23990397,3700,3330000.000000000000000,0.000000000000000
5146,23990399,2313,2081700.000000000000000,0.000000000000000
5147,23990401,3581,3222900.000000000000000,0.000000000000000
5148,23990403,6551,5895900.000000000000000,0.000000000000000
5149,23990405,533,479700.000000000000000,0.000000000000000
5150,23990407,4616,4154400.000000000000000,0.000000000000000
5151,23990409,4784,4305600.000000000000000,0.000000000000000
5152,23990411,2162,1945800.000000000000000,0.000000000000000
5153,23990413,4328,3895200.000000000000000,0.000000000000000
5154,23990415,1912,1720800.000000000000000,0.000000000000000
5155,23990417,2889,2600100.000000000000000,0.000000000000000
5156,23990419,2282,2053800.000000000000000,0.000000000000000
5157,23990421,1667,1500300.000000000000000,0.000000000000000
5158,23990423,4462,4015800.000000000000000,0.000000000000000
5159,23990425,616,554400.000000000000000,0.000000000000000
5160,23990429,26750,24075000.000000000000000,0.000000000000000
5161,23990431,352,316800.000000000000000,0.000000000000000
5162,23990433,2362,2125800.000000000000000,0.000000000000000
5163,23990435,8009,7208100.000000000000000,0.000000000000000
5164,23990437,4703,4232700.000000000000000,0.000000000000000
5165,23990439,2546,2291400.000000000000000,0.000000000000000
5166,23990441,3634,3270600.000000000000000,0.000000000000000
5167,23990443,241,216900.000000000000000,0.000000000000000
5168,23990445,15564,14007600.000000000000000,0.000000000000000
5169,23990447,8526,7673400.000000000000000,0.000000000000000
5170,23990449,1747,1572300.000000000000000,0.000000000000000
5171,23990451,4251,3825900.000000000000000,0.000000000000000
5172,23990453,818,736200.000000000000000,0.000000000000000
5173,23990455,5623,5060700.000000000000000,0.000000000000000
5174,23990457,16532,14878800.000000000000000,0.000000000000000
5175,23990459,1355,1219500.000000000000000,0.000000000000000
5176,23990461,1679,1511100.000000000000000,0.000000000000000
5177,23990463,2270,2043000.000000000000000,0.000000000000000
5178,23990465,6989,6290100.000000000000000,0.000000000000000
5179,23990467,1818,1636200.000000000000000,0.000000000000000
5180,23990469,502,451800.000000000000000,0.000000000000000
5181,23990471,520,468000.000000000000000,0.000000000000000
5182,23990473,538,484200.000000000000000,0.000000000000000
5183,23990475,4098,3688200.000000000000000,0.000000000000000
5184,23990477,3114,2802600.000000000000000,0.000000000000000
5185,23990479,5396,4856400.000000000000000,0.000000000000000
5186,23990481,8371,7533900.000000000000000,0.000000000000000
5187,23990483,2765,2488500.000000000000000,0.000000000000000
5188,23990485,1267,1140300.000000000000000,0.000000000000000
5189,23990487,2248,2023200.000000000000000,0.000000000000000
5190,23990489,88,79200.000000000000000,0.000000000000000
5191,23990491,3123,2810700.000000000000000,0.000000000000000
5192,23990493,2925,2632500.000000000000000,0.000000000000000
5193,23990495,1652,1486800.000000000000000,0.000000000000000
5194,23990497,5152,4636800.000000000000000,0.000000000000000
5195,23990499,109,98100.000000000000000,0.000000000000000
5196,23990501,8156,7340400.000000000000000,0.000000000000000
5197,23990503,4440,3996000.000000000000000,0.000000000000000
5198,23990505,3341,3006900.000000000000000,0.000000000000000
5199,23990507,8860,7974000.000000000000000,0.000000000000000
5200,23990509,3541,3186900.000000000000000,0.000000000000000
5201,23990511,5202,4681800.000000000000000,0.000000000000000
5202,23990513,5343,4808700.000000000000000,0.000000000000000
5203,23990515,357,321300.000000000000000,0.000000000000000
5204,23990517,4469,4022100.000000000000000,0.000000000000000
5205,23990519,658,592200.000000000000000,0.000000000000000
5206,23990521,791,711900.000000000000000,0.000000000000000
5207,23990523,23,20700.000000000000000,0.000000000000000
5208,23990525,472,424800.000000000000000,0.000000000000000
5209,23990527,2811,2529900.000000000000000,0.000000000000000
5210,23990529,3803,3422700.000000000000000,0.000000000000000
5211,23990531,2569,2312100.000000000000000,0.000000000000000
5212,23990533,5934,5340600.000000000000000,0.000000000000000
5213,23990535,2150,1935000.000000000000000,0.000000000000000
5214,23990537,3687,3318300.000000000000000,0.000000000000000
5215,23990539,756,680400.000000000000000,0.000000000000000
5216,23990541,9791,8811900.000000000000000,0.000000000000000
5217,23990543,12562,11305800.000000000000000,0.000000000000000
5218,23990545,2309,2078100.000000000000000,0.000000000000000
5219,23990547,3944,3549600.000000000000000,0.000000000000000
5220,23990549,544,489600.000000000000000,0.000000000000000
5221,23990551,8360,7524000.000000000000000,0.000000000000000
5222,23990553,4689,4220100.000000000000000,0.000000000000000
5223,23990555,2365,2128500.000000000000000,0.000000000000000
5224,23990557,2881,2592900.000000000000000,0.000000000000000
5225,23990559,44239,39815100.000000000000000,0.000000000000000
5226,23990561,8311,7479900.000000000000000,0.000000000000000
5227,23990563,3602,3241800.000000000000000,0.000000000000000
5228,23990567,28323,25490700.000000000000000,0.000000000000000
5229,23990569,4636,4172400.000000000000000,0.000000000000000
5230,23990571,13779,12401100.000000000000000,0.000000000000000
5231,23990573,14301,12870900.000000000000000,0.000000000000000
5232,23990575,5937,5343300.000000000000000,0.000000000000000
5233,23990577,3793,3413700.000000000000000,0.000000000000000
5234,23990579,2685,2416500.000000000000000,0.000000000000000
5235,23990581,4879,4391100.000000000000000,0.000000000000000
5236,23990583,5776,5198400.000000000000000,0.000000000000000
5237,23990585,15918,14326200.000000000000000,0.000000000000000
5238,23990587,14508,13057200.000000000000000,0.000000000000000
5239,23990589,3095,2785500.000000000000000,0.000000000000000
5240,23990591,2330,2097000.000000000000000,0.000000000000000
5241,23990593,4950,4455000.000000000000000,0.000000000000000
5242,23990595,4857,4371300.000000000000000,0.000000000000000
5243,23990597,227,204300.000000000000000,0.000000000000000
5244,23990599,3367,3030300.000000000000000,0.000000000000000
5245,23990601,3055,2749500.000000000000000,0.000000000000000
5246,23990603,2177,1959300.000000000000000,0.000000000000000
5247,23990605,10432,9388800.000000000000000,0.000000000000000
5248,23990609,7289,6560100.000000000000000,0.000000000000000
5249,23990611,2273,2045700.000000000000000,0.000000000000000
5250,23990615,10665,9598500.000000000000000,0.000000000000000
5251,23990617,1219,1097100.000000000000000,0.000000000000000
5252,23990621,3613,3251700.000000000000000,0.000000000000000
5253,23990623,8532,7678800.000000000000000,0.000000000000000
5254,23990625,1547,1392300.000000000000000,0.000000000000000
5255,23990627,5456,4910400.000000000000000,0.000000000000000
5256,23990629,875,787500.000000000000000,0.000000000000000
5257,23990631,22912,20620800.000000000000000,0.000000000000000
5258,23990633,4478,4030200.000000000000000,0.000000000000000
5259,23990635,3748,3373200.000000000000000,0.000000000000000
5260,23990637,2664,2397600.000000000000000,0.000000000000000
5261,23990639,356,320400.000000000000000,0.000000000000000
5262,23990641,2254,2028600.000000000000000,0.000000000000000
5263,23990643,1152,1036800.000000000000000,0.000000000000000
5264,23990647,1678,1510200.000000000000000,0.000000000000000
5265,23990649,4896,4406400.000000000000000,0.000000000000000
5266,23990651,2373,2135700.000000000000000,0.000000000000000
5267,23990655,4317,3885300.000000000000000,0.000000000000000
5268,23990657,3077,2769300.000000000000000,0.000000000000000
5269,23990659,4598,4138200.000000000000000,0.000000000000000
5270,23990661,7794,7014600.000000000000000,0.000000000000000
5271,23990663,928,835200.000000000000000,0.000000000000000
5272,23990665,1088,979200.000000000000000,0.000000000000000
5273,23990667,41035,36931500.000000000000000,0.000000000000000
5274,23990669,3467,3120300.000000000000000,0.000000000000000
5275,23990673,3347,3012300.000000000000000,0.000000000000000
5276,23990675,3970,3573000.000000000000000,0.000000000000000
5277,23990679,1770,1593000.000000000000000,0.000000000000000
5278,23990681,5126,4613400.000000000000000,0.000000000000000
5279,23990683,606,545400.000000000000000,0.000000000000000
5280,23990685,2242,2017800.000000000000000,0.000000000000000
5281,23990687,3298,2968200.000000000000000,0.000000000000000
5282,23990689,2817,2535300.000000000000000,0.000000000000000
5283,23990691,11128,10015200.000000000000000,0.000000000000000
5284,23990693,18148,16333200.000000000000000,0.000000000000000
5285,23990695,1417,1275300.000000000000000,0.000000000000000
5286,23990697,2858,2572200.000000000000000,0.000000000000000
5287,23990699,3261,2934900.000000000000000,0.000000000000000
5288,23990701,2938,2644200.000000000000000,0.000000000000000
5289,23990703,3229,2906100.000000000000000,0.000000000000000
5290,23990705,7776,6998400.000000000000000,0.000000000000000
5291,23990707,1864,1677600.000000000000000,0.000000000000000
5292,23990713,38773,34895700.000000000000000,0.000000000000000
5293,23990717,874,786600.000000000000000,0.000000000000000
5294,23990719,9839,8855100.000000000000000,0.000000000000000
5295,23990721,2072,1864800.000000000000000,0.000000000000000
5296,23990725,578,520200.000000000000000,0.000000000000000
5297,23990729,3777,3399300.000000000000000,0.000000000000000
5298,23990731,1669,1502100.000000000000000,0.000000000000000
5299,23990733,13452,12106800.000000000000000,0.000000000000000
5300,23990735,3766,3389400.000000000000000,0.000000000000000
5301,23990737,2172,1954800.000000000000000,0.000000000000000
5302,23990739,3,2700.000000000000000,0.000000000000000
5303,23990741,272,244800.000000000000000,0.000000000000000
5304,23990743,3774,3396600.000000000000000,0.000000000000000
5305,23990745,6,5400.000000000000000,0.000000000000000
5306,23990747,2493,2243700.000000000000000,0.000000000000000
5307,23990749,2281,2052900.000000000000000,0.000000000000000
5308,23990751,63,56700.000000000000000,0.000000000000000
5309,23990753,2005,1804500.000000000000000,0.000000000000000
5310,23990755,96,86400.000000000000000,0.000000000000000
5311,23990759,842,757800.000000000000000,0.000000000000000
5312,23990761,1736,1562400.000000000000000,0.000000000000000
5313,23990763,3026,2723400.000000000000000,0.000000000000000
5314,23990765,7041,6336900.000000000000000,260.000000000000000
5315,23990767,2747,2472300.000000000000000,0.000000000000000
5316,23990771,13246,11921400.000000000000000,0.000000000000000
5317,23990783,3672,3304800.000000000000000,0.000000000000000
5318,23990785,2001,1800900.000000000000000,0.000000000000000
5319,23990787,12,10800.000000000000000,1.000000000000000
5320,23990789,26,23400.000000000000000,0.000000000000000
5321,23990791,12,10800.000000000000000,0.000000000000000
5322,23990793,32,28800.000000000000000,0.000000000000000
5323,23990795,6,5400.000000000000000,0.000000000000000
5324,23990797,36,32400.000000000000000,3.000000000000000
5325,23990799,1008,907200.000000000000000,98.000000000000000
5326,23990801,168,151200.000000000000000,0.000000000000000
5327,23990803,12943,11648700.000000000000000,0.000000000000000
5328,23990805,5037,4533300.000000000000000,0.000000000000000
5329,23990807,1825,1642500.000000000000000,0.000000000000000
5330,23990809,1741,1566900.000000000000000,0.000000000000000
5331,23990811,311,279900.000000000000000,0.000000000000000
5332,23990813,110,99000.000000000000000,22.000000000000000
5333,23990815,7,6300.000000000000000,0.000000000000000
5334,23990819,443,398700.000000000000000,2.000000000000000
5335,23990823,9,8100.000000000000000,0.000000000000000
5336,23990825,13905,12514500.000000000000000,0.000000000000000
5337,23990827,529,476100.000000000000000,0.000000000000000
5338,23990829,2831,2547900.000000000000000,0.000000000000000
5339,23990831,562,505800.000000000000000,0.000000000000000
5340,23990833,1,900.000000000000000,0.000000000000000
5341,23990835,537,483300.000000000000000,0.000000000000000
5342,23990837,126,113400.000000000000000,0.000000000000000
5343,23990839,178,160200.000000000000000,0.000000000000000
5344,23990841,7995,7195500.000000000000000,0.000000000000000
5345,23990843,269,242100.000000000000000,0.000000000000000
5346,23990845,122,109800.000000000000000,0.000000000000000
5347,23990849,1381,1242900.000000000000000,0.000000000000000
5348,23990851,64,57600.000000000000000,0.000000000000000
5349,23990853,30,27000.000000000000000,0.000000000000000
5350,23990855,2089,1880100.000000000000000,0.000000000000000
5351,23990857,327,294300.000000000000000,0.000000000000000
5352,23990859,1336,1202400.000000000000000,0.000000000000000
5353,23990861,2154,1938600.000000000000000,0.000000000000000
5354,23990863,51,45900.000000000000000,0.000000000000000
5355,23990865,128,115200.000000000000000,0.000000000000000
5356,23990867,103,92700.000000000000000,0.000000000000000
5357,23990869,811,729900.000000000000000,0.000000000000000
5358,23990871,10,9000.000000000000000,0.000000000000000
5359,23990873,57,51300.000000000000000,3.000000000000000
5360,23990875,49,44100.000000000000000,5.000000000000000
5361,23990877,90,81000.000000000000000,1.000000000000000
5362,23990879,11,9900.000000000000000,0.000000000000000
5363,23990881,6,5400.000000000000000,0.000000000000000
5364,23990883,17,15300.000000000000000,1.000000000000000
5365,23990891,8196,7376400.000000000000000,0.000000000000000
5366,23990893,9,8100.000000000000000,0.000000000000000
5367,23990895,1483,1334700.000000000000000,629.000000000000000
5368,23990897,16145,14530500.000000000000000,0.000000000000000
5369,23990899,1110,999000.000000000000000,0.000000000000000
5370,23990901,4670,4203000.000000000000000,0.000000000000000
5371,23990903,28,25200.000000000000000,1.000000000000000
5372,23990905,877,789300.000000000000000,0.000000000000000
5373,23990953,5630,5067000.000000000000000,0.000000000000000
5374,23990955,2894,2604600.000000000000000,0.000000000000000
5375,23990957,20,18000.000000000000000,0.000000000000000
5376,23990965,1,900.000000000000000,0.000000000000000
5377,23990967,468,421200.000000000000000,0.000000000000000
5378,23990969,1,900.000000000000000,0.000000000000000
5379,23991059,12,10800.000000000000000,0.000000000000000
5380,23991061,29342,26407800.000000000000000,0.000000000000000
5381,23991063,1,900.000000000000000,0.000000000000000
5382,23991065,147,132300.000000000000000,0.000000000000000
5383,23991083,21,18900.000000000000000,0.000000000000000
5384,23991085,133,119700.000000000000000,21.000000000000000
5385,23991087,131,117900.000000000000000,15.000000000000000
5386,23991093,590,531000.000000000000000,236.000000000000000
5387,23991173,324,291600.000000000000000,26.000000000000000
5388,23991189,12,10800.000000000000000,0.000000000000000
5389,23991199,329,296100.000000000000000,14.000000000000000
5390,23991267,464,417600.000000000000000,0.000000000000000
5391,23991269,421,378900.000000000000000,0.000000000000000
5392,23991277,81022,72919800.000000000000000,0.000000000000000
5393,23991283,3178,2860200.000000000000000,0.000000000000000
5394,23991285,16,14400.000000000000000,0.000000000000000
5395,23997018,978,880200.000000000000000,0.000000000000000
5396,23997020,107,96300.000000000000000,0.000000000000000
5397,23997022,1243,1118700.000000000000000,0.000000000000000
5398,23997024,72,64800.000000000000000,0.000000000000000
5399,23997026,1905,1714500.000000000000000,0.000000000000000
5400,23997028,306,275400.000000000000000,0.000000000000000
5401,23997030,82,73800.000000000000000,0.000000000000000
5402,23997032,12,10800.000000000000000,0.000000000000000
5403,23997034,364,327600.000000000000000,0.000000000000000
5404,23997036,2971,2673900.000000000000000,0.000000000000000
5405,23997038,288,259200.000000000000000,0.000000000000000
5406,23997040,127,114300.000000000000000,0.000000000000000
5407,23997042,550,495000.000000000000000,0.000000000000000
5408,23997044,78,70200.000000000000000,0.000000000000000
5409,23997046,2359,2123100.000000000000000,0.000000000000000
5410,23997048,148,133200.000000000000000,0.000000000000000
5411,23997050,14,12600.000000000000000,0.000000000000000
5412,23997052,905,814500.000000000000000,0.000000000000000
5413,23997054,25,22500.000000000000000,0.000000000000000
5414,23997056,1097,987300.000000000000000,0.000000000000000
5415,23997058,62,55800.000000000000000,0.000000000000000
5416,23997060,8079,7271100.000000000000000,0.000000000000000
5417,23997062,149,134100.000000000000000,0.000000000000000
5418,23997064,359,323100.000000000000000,0.000000000000000
5419,23997066,60,54000.000000000000000,0.000000000000000
5420,23997068,25,22500.000000000000000,0.000000000000000
5421,23997070,6,5400.000000000000000,0.000000000000000
5422,23997072,18,16200.000000000000000,0.000000000000000
5423,23997074,216,194400.000000000000000,0.000000000000000
5424,23997076,47,42300.000000000000000,0.000000000000000
5425,23997078,205,184500.000000000000000,0.000000000000000
5426,23997080,3133,2819700.000000000000000,0.000000000000000
5427,23997082,266,239400.000000000000000,0.000000000000000
5428,23997084,64,57600.000000000000000,0.000000000000000
5429,23997086,55,49500.000000000000000,0.000000000000000
5430,23997088,406,365400.000000000000000,0.000000000000000
5431,23997090,230,207000.000000000000000,0.000000000000000
5432,23997092,3964,3567600.000000000000000,0.000000000000000
5433,23997094,3438,3094200.000000000000000,0.000000000000000
5434,23997096,109,98100.000000000000000,0.000000000000000
5435,23997100,351,315900.000000000000000,0.000000000000000
5436,23997102,345,310500.000000000000000,0.000000000000000
5437,23997104,11,9900.000000000000000,0.000000000000000
5438,23997106,5075,4567500.000000000000000,0.000000000000000
5439,23997108,179,161100.000000000000000,0.000000000000000
5440,23997110,192,172800.000000000000000,0.000000000000000
5441,23997112,1072,964800.000000000000000,0.000000000000000
5442,23997114,4089,3680100.000000000000000,0.000000000000000
5443,23997116,261,234900.000000000000000,0.000000000000000
5444,23997118,2228,2005200.000000000000000,0.000000000000000
5445,23997120,25,22500.000000000000000,0.000000000000000
5446,23997122,34,30600.000000000000000,0.000000000000000
5447,23997124,273,245700.000000000000000,0.000000000000000
5448,23997126,5042,4537800.000000000000000,0.000000000000000
5449,23997128,49,44100.000000000000000,0.000000000000000
5450,23997130,933,839700.000000000000000,0.000000000000000
5451,23997132,1832,1648800.000000000000000,0.000000000000000
5452,23997134,2403,2162700.000000000000000,0.000000000000000
5453,23997136,4662,4195800.000000000000000,0.000000000000000
5454,23997138,661,594900.000000000000000,0.000000000000000
5455,23997140,536,482400.000000000000000,0.000000000000000
5456,23997142,533,479700.000000000000000,0.000000000000000
5457,23997144,194,174600.000000000000000,0.000000000000000
5458,23997146,1115,1003500.000000000000000,0.000000000000000
5459,23997148,119,107100.000000000000000,0.000000000000000
5460,23997150,11697,10527300.000000000000000,0.000000000000000
5461,23997152,9761,8784900.000000000000000,0.000000000000000
5462,23997154,2454,2208600.000000000000000,0.000000000000000
5463,23997156,7948,7153200.000000000000000,0.000000000000000
5464,23997158,24,21600.000000000000000,0.000000000000000
5465,23997160,1300,1170000.000000000000000,0.000000000000000
5466,23997162,1223,1100700.000000000000000,0.000000000000000
5467,23997164,915,823500.000000000000000,0.000000000000000
5468,23997166,2077,1869300.000000000000000,0.000000000000000
5469,23997168,5887,5298300.000000000000000,0.000000000000000
5470,23997170,11214,10092600.000000000000000,0.000000000000000
5471,23997172,1319,1187100.000000000000000,0.000000000000000
5472,23997174,13458,12112200.000000000000000,0.000000000000000
5473,23997176,2899,2609100.000000000000000,0.000000000000000
5474,23997178,4512,4060800.000000000000000,0.000000000000000
5475,23997180,11465,10318500.000000000000000,0.000000000000000
5476,23997182,2437,2193300.000000000000000,0.000000000000000
5477,23997184,4773,4295700.000000000000000,0.000000000000000
5478,23997186,8716,7844400.000000000000000,0.000000000000000
5479,23997188,2794,2514600.000000000000000,0.000000000000000
5480,23997190,2887,2598300.000000000000000,0.000000000000000
5481,23997192,7961,7164900.000000000000000,0.000000000000000
5482,23997194,2003,1802700.000000000000000,0.000000000000000
5483,23997196,5142,4627800.000000000000000,0.000000000000000
5484,23997198,5855,5269500.000000000000000,0.000000000000000
5485,23997200,1625,1462500.000000000000000,0.000000000000000
5486,23997202,12943,11648700.000000000000000,0.000000000000000
5487,23997204,8557,7701300.000000000000000,0.000000000000000
5488,23997206,1685,1516500.000000000000000,0.000000000000000
5489,23997208,677,609300.000000000000000,0.000000000000000
5490,23997210,9544,8589600.000000000000000,0.000000000000000
5491,23997212,5514,4962600.000000000000000,0.000000000000000
5492,23997214,2184,1965600.000000000000000,0.000000000000000
5493,23997216,6256,5630400.000000000000000,0.000000000000000
5494,23997218,747,672300.000000000000000,0.000000000000000
5495,23997220,7605,6844500.000000000000000,0.000000000000000
5496,23997222,888,799200.000000000000000,0.000000000000000
5497,23997224,14043,12638700.000000000000000,0.000000000000000
5498,23997226,3590,3231000.000000000000000,0.000000000000000
5499,23997228,14900,13410000.000000000000000,0.000000000000000
5500,23997230,7039,6335100.000000000000000,0.000000000000000
5501,23997232,5718,5146200.000000000000000,0.000000000000000
5502,23997234,5832,5248800.000000000000000,0.000000000000000
5503,23997236,5328,4795200.000000000000000,0.000000000000000
5504,23997238,1245,1120500.000000000000000,0.000000000000000
5505,23997240,25463,22916700.000000000000000,0.000000000000000
5506,23997242,11791,10611900.000000000000000,0.000000000000000
5507,23997244,21236,19112400.000000000000000,0.000000000000000
5508,23997246,21426,19283400.000000000000000,0.000000000000000
5509,23997248,1813,1631700.000000000000000,0.000000000000000
5510,23997250,4245,3820500.000000000000000,0.000000000000000
5511,23997252,6665,5998500.000000000000000,0.000000000000000
5512,23997254,12883,11594700.000000000000000,0.000000000000000
5513,23997256,3646,3281400.000000000000000,0.000000000000000
5514,23997258,2,1800.000000000000000,0.000000000000000
5515,23997260,9,8100.000000000000000,0.000000000000000
5516,23997262,2750,2475000.000000000000000,0.000000000000000
5517,23997264,43498,39148200.000000000000000,0.000000000000000
5518,23997266,15664,14097600.000000000000000,0.000000000000000
5519,23997268,186,167400.000000000000000,0.000000000000000
5520,23997270,2904,2613600.000000000000000,0.000000000000000
5521,23997272,9158,8242200.000000000000000,0.000000000000000
5522,23997274,486,437400.000000000000000,0.000000000000000
5523,23997276,8904,8013600.000000000000000,0.000000000000000
5524,23997278,567,510300.000000000000000,0.000000000000000
5525,23997280,3230,2907000.000000000000000,0.000000000000000
5526,23997282,13155,11839500.000000000000000,1.000000000000000
5527,23997284,2945,2650500.000000000000000,0.000000000000000
5528,23997286,1639,1475100.000000000000000,0.000000000000000
5529,23997288,154,138600.000000000000000,0.000000000000000
5530,23997290,296,266400.000000000000000,0.000000000000000
5531,23997292,1934,1740600.000000000000000,0.000000000000000
5532,23997294,12205,10984500.000000000000000,0.000000000000000
5533,23997296,8722,7849800.000000000000000,0.000000000000000
5534,23997298,8819,7937100.000000000000000,0.000000000000000
5535,23997300,8876,7988400.000000000000000,0.000000000000000
5536,23997302,7927,7134300.000000000000000,0.000000000000000
5537,23997304,391,351900.000000000000000,0.000000000000000
5538,23997306,6224,5601600.000000000000000,0.000000000000000
5539,23997308,10802,9721800.000000000000000,1.000000000000000
5540,23997310,7064,6357600.000000000000000,0.000000000000000
5541,23997312,2838,2554200.000000000000000,0.000000000000000
5542,23997314,14201,12780900.000000000000000,0.000000000000000
5543,23997316,15155,13639500.000000000000000,1.000000000000000
5544,23997318,6542,5887800.000000000000000,0.000000000000000
5545,23997320,603,542700.000000000000000,0.000000000000000
5546,23997322,636,572400.000000000000000,0.000000000000000
5547,23997324,10990,9891000.000000000000000,0.000000000000000
5548,23997326,4613,4151700.000000000000000,0.000000000000000
5549,23997328,7168,6451200.000000000000000,0.000000000000000
5550,23997330,16314,14682600.000000000000000,13.000000000000000
5551,23997332,1222,1099800.000000000000000,0.000000000000000
5552,23997334,861,774900.000000000000000,0.000000000000000
5553,23997336,452,406800.000000000000000,0.000000000000000
5554,23997338,147,132300.000000000000000,0.000000000000000
5555,23997340,28949,26054100.000000000000000,255.000000000000000
5556,23997342,62,55800.000000000000000,0.000000000000000
5557,23997344,56,50400.000000000000000,0.000000000000000
5558,23997346,2645,2380500.000000000000000,0.000000000000000
5559,23997348,17,15300.000000000000000,0.000000000000000
5560,23997350,35,31500.000000000000000,0.000000000000000
5561,23997352,1158,1042200.000000000000000,0.000000000000000
5562,23997354,2317,2085300.000000000000000,0.000000000000000
5563,23997356,8899,8009100.000000000000000,78.000000000000000
5564,23997358,2119,1907100.000000000000000,0.000000000000000
5565,23997360,4063,3656700.000000000000000,0.000000000000000
5566,23997362,392,352800.000000000000000,0.000000000000000
5567,23997364,1782,1603800.000000000000000,0.000000000000000
5568,23997366,246,221400.000000000000000,0.000000000000000
5569,23997368,1061,954900.000000000000000,0.000000000000000
5570,23997370,319,287100.000000000000000,0.000000000000000
5571,23997372,12658,11392200.000000000000000,0.000000000000000
5572,23997374,446,401400.000000000000000,0.000000000000000
5573,23997376,1,900.000000000000000,0.000000000000000
5574,23997378,11,9900.000000000000000,0.000000000000000
5575,23997380,37,33300.000000000000000,0.000000000000000
5576,23997382,2375,2137500.000000000000000,0.000000000000000
5577,23997384,19873,17885700.000000000000000,0.000000000000000
5578,23997386,663,596700.000000000000000,0.000000000000000
5579,23997388,3821,3438900.000000000000000,0.000000000000000
5580,23997390,15223,13700700.000000000000000,0.000000000000000
5581,23997392,1067,960300.000000000000000,0.000000000000000
5582,23997394,1035,931500.000000000000000,0.000000000000000
5583,23997396,304,273600.000000000000000,0.000000000000000
5584,23997398,180,162000.000000000000000,0.000000000000000
5585,23997400,1563,1406700.000000000000000,0.000000000000000
5586,23997402,7289,6560100.000000000000000,0.000000000000000
5587,23997404,1352,1216800.000000000000000,0.000000000000000
5588,23997406,1200,1080000.000000000000000,0.000000000000000
5589,23997408,1004,903600.000000000000000,0.000000000000000
5590,23997410,8580,7722000.000000000000000,0.000000000000000
5591,23997412,439,395100.000000000000000,0.000000000000000
5592,23997414,3177,2859300.000000000000000,0.000000000000000
5593,23997416,1846,1661400.000000000000000,0.000000000000000
5594,23997418,112,100800.000000000000000,0.000000000000000
5595,23997420,1404,1263600.000000000000000,0.000000000000000
5596,23997422,7433,6689700.000000000000000,0.000000000000000
5597,23997424,11547,10392300.000000000000000,0.000000000000000
5598,23997426,4358,3922200.000000000000000,0.000000000000000
5599,23997428,748,673200.000000000000000,0.000000000000000
5600,23997430,1825,1642500.000000000000000,0.000000000000000
5601,23997432,1455,1309500.000000000000000,0.000000000000000
5602,23997434,2462,2215800.000000000000000,0.000000000000000
5603,23997436,17048,15343200.000000000000000,0.000000000000000
5604,23997438,11222,10099800.000000000000000,0.000000000000000
5605,23997440,11390,10251000.000000000000000,0.000000000000000
5606,23997442,2530,2277000.000000000000000,0.000000000000000
5607,23997444,3805,3424500.000000000000000,0.000000000000000
5608,23997446,3208,2887200.000000000000000,0.000000000000000
5609,23997448,7970,7173000.000000000000000,0.000000000000000
5610,23997450,1293,1163700.000000000000000,0.000000000000000
5611,23997452,9762,8785800.000000000000000,0.000000000000000
5612,23997454,2809,2528100.000000000000000,0.000000000000000
5613,23997456,5267,4740300.000000000000000,0.000000000000000
5614,23997458,1354,1218600.000000000000000,0.000000000000000
5615,23997460,207,186300.000000000000000,0.000000000000000
5616,23997462,2462,2215800.000000000000000,0.000000000000000
5617,23997464,3423,3080700.000000000000000,0.000000000000000
5618,23997466,1415,1273500.000000000000000,0.000000000000000
5619,23997468,7,6300.000000000000000,0.000000000000000
5620,23997470,6888,6199200.000000000000000,0.000000000000000
5621,23997472,5798,5218200.000000000000000,0.000000000000000
5622,23997474,31151,28035900.000000000000000,0.000000000000000
5623,23997476,2373,2135700.000000000000000,0.000000000000000
5624,23997478,15,13500.000000000000000,0.000000000000000
5625,23997480,10946,9851400.000000000000000,0.000000000000000
5626,23997482,2268,2041200.000000000000000,0.000000000000000
5627,23997484,8536,7682400.000000000000000,0.000000000000000
5628,23997486,1916,1724400.000000000000000,0.000000000000000
5629,23997488,7408,6667200.000000000000000,0.000000000000000
5630,23997490,1969,1772100.000000000000000,0.000000000000000
5631,23997492,10251,9225900.000000000000000,0.000000000000000
5632,23997494,1860,1674000.000000000000000,0.000000000000000
5633,23997496,80,72000.000000000000000,0.000000000000000
5634,23997498,1512,1360800.000000000000000,0.000000000000000
5635,23997500,72,64800.000000000000000,0.000000000000000
5636,23997502,3424,3081600.000000000000000,0.000000000000000
5637,23997504,3064,2757600.000000000000000,1.000000000000000
5638,23997506,6323,5690700.000000000000000,0.000000000000000
5639,23997508,4237,3813300.000000000000000,153.000000000000000
5640,23997510,15625,14062500.000000000000000,0.000000000000000
5641,23997512,2148,1933200.000000000000000,0.000000000000000
5642,23997514,9507,8556300.000000000000000,0.000000000000000
5643,23997516,2459,2213100.000000000000000,208.000000000000000
5644,23997518,999,899100.000000000000000,0.000000000000000
5645,23997520,10427,9384300.000000000000000,0.000000000000000
5646,23997522,2151,1935900.000000000000000,0.000000000000000
5647,23997524,7806,7025400.000000000000000,0.000000000000000
5648,23997526,3295,2965500.000000000000000,0.000000000000000
5649,23997528,3861,3474900.000000000000000,0.000000000000000
5650,23997530,177,159300.000000000000000,0.000000000000000
5651,23997532,13,11700.000000000000000,0.000000000000000
5652,23997534,7194,6474600.000000000000000,0.000000000000000
5653,23997536,56,50400.000000000000000,0.000000000000000
5654,23997538,865,778500.000000000000000,0.000000000000000
5655,23997540,6043,5438700.000000000000000,0.000000000000000
5656,23997542,4367,3930300.000000000000000,0.000000000000000
5657,23997544,87,78300.000000000000000,0.000000000000000
5658,23997546,16439,14795100.000000000000000,0.000000000000000
5659,23997548,2041,1836900.000000000000000,0.000000000000000
5660,23997550,7657,6891300.000000000000000,0.000000000000000
5661,23997552,331,297900.000000000000000,0.000000000000000
5662,23997554,1646,1481400.000000000000000,0.000000000000000
5663,23997556,4171,3753900.000000000000000,0.000000000000000
5664,23997558,76,68400.000000000000000,0.000000000000000
5665,23997560,722,649800.000000000000000,0.000000000000000
5666,23997562,4719,4247100.000000000000000,0.000000000000000
5667,23997564,7388,6649200.000000000000000,0.000000000000000
5668,23997566,771,693900.000000000000000,0.000000000000000
5669,23997568,830,747000.000000000000000,0.000000000000000
5670,23997570,15408,13867200.000000000000000,0.000000000000000
5671,23997572,7455,6709500.000000000000000,0.000000000000000
5672,23997574,26177,23559300.000000000000000,2.000000000000000
5673,23997576,29,26100.000000000000000,0.000000000000000
5674,23997578,5299,4769100.000000000000000,0.000000000000000
5675,23997580,31,27900.000000000000000,0.000000000000000
5676,23997582,42,37800.000000000000000,0.000000000000000
5677,23997584,3291,2961900.000000000000000,0.000000000000000
5678,23997586,15048,13543200.000000000000000,0.000000000000000
5679,23997588,16387,14748300.000000000000000,0.000000000000000
5680,23997590,5700,5130000.000000000000000,0.000000000000000
5681,23997592,11586,10427400.000000000000000,0.000000000000000
5682,23997594,850,765000.000000000000000,0.000000000000000
5683,23997596,8246,7421400.000000000000000,0.000000000000000
5684,23997598,8865,7978500.000000000000000,0.000000000000000
5685,23997602,6100,5490000.000000000000000,0.000000000000000
5686,23997604,8550,7695000.000000000000000,0.000000000000000
5687,23997606,2468,2221200.000000000000000,0.000000000000000
5688,23997608,3,2700.000000000000000,0.000000000000000
5689,23997610,1571,1413900.000000000000000,0.000000000000000
5690,23997612,1792,1612800.000000000000000,0.000000000000000
5691,23997614,13689,12320100.000000000000000,0.000000000000000
5692,23997616,3140,2826000.000000000000000,0.000000000000000
5693,23997618,17253,15527700.000000000000000,0.000000000000000
5694,23997620,3934,3540600.000000000000000,0.000000000000000
5695,23997622,2413,2171700.000000000000000,0.000000000000000
5696,23997624,14241,12816900.000000000000000,0.000000000000000
5697,23997626,4445,4000500.000000000000000,0.000000000000000
5698,23997628,8117,7305300.000000000000000,0.000000000000000
5699,23997630,9201,8280900.000000000000000,0.000000000000000
5700,23997632,1,900.000000000000000,0.000000000000000
5701,23997634,1978,1780200.000000000000000,0.000000000000000
5702,23997636,79,71100.000000000000000,0.000000000000000
5703,23997638,2737,2463300.000000000000000,0.000000000000000
5704,23997640,3222,2899800.000000000000000,0.000000000000000
5705,23997642,2256,2030400.000000000000000,32.000000000000000
5706,23997644,402,361800.000000000000000,0.000000000000000
5707,23997650,1317,1185300.000000000000000,0.000000000000000
5708,23997652,3237,2913300.000000000000000,0.000000000000000
5709,23997654,2270,2043000.000000000000000,0.000000000000000
5710,23997656,521,468900.000000000000000,0.000000000000000
5711,23997658,7430,6687000.000000000000000,0.000000000000000
5712,23997660,1694,1524600.000000000000000,0.000000000000000
5713,23997662,5849,5264100.000000000000000,0.000000000000000
5714,23997664,3911,3519900.000000000000000,0.000000000000000
5715,23997666,3257,2931300.000000000000000,0.000000000000000
5716,23997668,11728,10555200.000000000000000,0.000000000000000
5717,23997670,8498,7648200.000000000000000,139.000000000000000
5718,23997674,1396,1256400.000000000000000,0.000000000000000
5719,23997676,1223,1100700.000000000000000,0.000000000000000
5720,23997678,18765,16888500.000000000000000,9.000000000000000
5721,23997680,2669,2402100.000000000000000,0.000000000000000
5722,23997682,1855,1669500.000000000000000,0.000000000000000
5723,23997686,5301,4770900.000000000000000,0.000000000000000
5724,23997690,337,303300.000000000000000,0.000000000000000
5725,23997692,3280,2952000.000000000000000,0.000000000000000
5726,23997694,5544,4989600.000000000000000,0.000000000000000
5727,23997696,15197,13677300.000000000000000,8.000000000000000
5728,23997700,3795,3415500.000000000000000,0.000000000000000
5729,23997702,6222,5599800.000000000000000,0.000000000000000
5730,23997704,947,852300.000000000000000,0.000000000000000
5731,23997706,1835,1651500.000000000000000,0.000000000000000
5732,23997708,168,151200.000000000000000,0.000000000000000
5733,23997710,1201,1080900.000000000000000,0.000000000000000
5734,23997712,6944,6249600.000000000000000,0.000000000000000
5735,23997714,13891,12501900.000000000000000,54.000000000000000
5736,23997716,3488,3139200.000000000000000,0.000000000000000
5737,23997718,13624,12261600.000000000000000,0.000000000000000
5738,23997720,1,900.000000000000000,0.000000000000000
5739,23997722,7228,6505200.000000000000000,0.000000000000000
5740,23997724,4402,3961800.000000000000000,0.000000000000000
5741,23997726,6182,5563800.000000000000000,0.000000000000000
5742,23997728,1576,1418400.000000000000000,0.000000000000000
5743,23997730,4207,3786300.000000000000000,0.000000000000000
5744,23997732,4152,3736800.000000000000000,0.000000000000000
5745,23997734,2897,2607300.000000000000000,0.000000000000000
5746,23997736,1827,1644300.000000000000000,0.000000000000000
5747,23997738,1944,1749600.000000000000000,0.000000000000000
5748,23997740,8710,7839000.000000000000000,0.000000000000000
5749,23997742,9556,8600400.000000000000000,0.000000000000000
5750,23997744,6218,5596200.000000000000000,0.000000000000000
5751,23997746,1754,1578600.000000000000000,0.000000000000000
5752,23997748,7509,6758100.000000000000000,0.000000000000000
5753,23997750,2348,2113200.000000000000000,0.000000000000000
5754,23997752,1395,1255500.000000000000000,0.000000000000000
5755,23997754,2839,2555100.000000000000000,0.000000000000000
5756,23997756,4141,3726900.000000000000000,0.000000000000000
5757,23997758,2983,2684700.000000000000000,0.000000000000000
5758,23997760,3046,2741400.000000000000000,0.000000000000000
5759,23997762,5077,4569300.000000000000000,0.000000000000000
5760,23997764,4115,3703500.000000000000000,0.000000000000000
5761,23997766,4064,3657600.000000000000000,0.000000000000000
5762,23997768,6373,5735700.000000000000000,0.000000000000000
5763,23997770,2375,2137500.000000000000000,0.000000000000000
5764,23997772,2382,2143800.000000000000000,0.000000000000000
5765,23997774,7423,6680700.000000000000000,0.000000000000000
5766,23997776,1438,1294200.000000000000000,0.000000000000000
5767,23997778,7589,6830100.000000000000000,0.000000000000000
5768,23997780,4216,3794400.000000000000000,0.000000000000000
5769,23997782,3076,2768400.000000000000000,0.000000000000000
5770,23997784,7989,7190100.000000000000000,0.000000000000000
5771,23997786,7551,6795900.000000000000000,0.000000000000000
5772,23997788,14330,12897000.000000000000000,0.000000000000000
5773,23997790,123,110700.000000000000000,0.000000000000000
5774,23997792,42,37800.000000000000000,0.000000000000000
5775,23997794,5396,4856400.000000000000000,0.000000000000000
5776,23997796,4843,4358700.000000000000000,0.000000000000000
5777,23997798,17447,15702300.000000000000000,0.000000000000000
5778,23997800,16575,14917500.000000000000000,2.000000000000000
5779,23997802,701,630900.000000000000000,0.000000000000000
5780,23997804,1396,1256400.000000000000000,0.000000000000000
5781,23997806,2555,2299500.000000000000000,0.000000000000000
5782,23997808,212,190800.000000000000000,0.000000000000000
5783,23997810,13646,12281400.000000000000000,0.000000000000000
5784,23997814,9777,8799300.000000000000000,0.000000000000000
5785,23997818,6483,5834700.000000000000000,0.000000000000000
5786,23997820,2872,2584800.000000000000000,0.000000000000000
5787,23997822,955,859500.000000000000000,0.000000000000000
5788,23997824,1210,1089000.000000000000000,0.000000000000000
5789,23997826,10532,9478800.000000000000000,0.000000000000000
5790,23997828,6614,5952600.000000000000000,0.000000000000000
5791,23997830,4721,4248900.000000000000000,0.000000000000000
5792,23997832,7861,7074900.000000000000000,0.000000000000000
5793,23997834,2885,2596500.000000000000000,0.000000000000000
5794,23997836,13002,11701800.000000000000000,0.000000000000000
5795,23997840,4743,4268700.000000000000000,0.000000000000000
5796,23997842,8688,7819200.000000000000000,0.000000000000000
5797,23997844,16081,14472900.000000000000000,0.000000000000000
5798,23997846,3654,3288600.000000000000000,0.000000000000000
5799,23997848,5539,4985100.000000000000000,0.000000000000000
5800,23997850,6261,5634900.000000000000000,0.000000000000000
5801,23997852,9356,8420400.000000000000000,0.000000000000000
5802,23997854,2489,2240100.000000000000000,0.000000000000000
5803,23997856,2924,2631600.000000000000000,0.000000000000000
5804,23997858,2224,2001600.000000000000000,0.000000000000000
5805,23997860,4160,3744000.000000000000000,0.000000000000000
5806,23997862,9560,8604000.000000000000000,0.000000000000000
5807,23997864,10374,9336600.000000000000000,0.000000000000000
5808,23997866,12452,11206800.000000000000000,0.000000000000000
5809,23997868,1292,1162800.000000000000000,0.000000000000000
5810,23997870,431,387900.000000000000000,0.000000000000000
5811,23997872,53,47700.000000000000000,0.000000000000000
5812,23997874,2490,2241000.000000000000000,0.000000000000000
5813,23997876,4281,3852900.000000000000000,0.000000000000000
5814,23997878,2173,1955700.000000000000000,0.000000000000000
5815,23997880,5128,4615200.000000000000000,0.000000000000000
5816,23997882,1898,1708200.000000000000000,0.000000000000000
5817,23997884,4254,3828600.000000000000000,0.000000000000000
5818,23997886,4740,4266000.000000000000000,0.000000000000000
5819,23997888,6256,5630400.000000000000000,0.000000000000000
5820,23997890,564,507600.000000000000000,0.000000000000000
5821,23997892,443,398700.000000000000000,0.000000000000000
5822,23997894,1770,1593000.000000000000000,0.000000000000000
5823,23997896,2551,2295900.000000000000000,0.000000000000000
5824,23997898,1404,1263600.000000000000000,0.000000000000000
5825,23997900,648,583200.000000000000000,0.000000000000000
5826,23997902,11768,10591200.000000000000000,0.000000000000000
5827,23997904,10398,9358200.000000000000000,0.000000000000000
5828,23997906,4102,3691800.000000000000000,0.000000000000000
5829,23997908,7101,6390900.000000000000000,0.000000000000000
5830,23997910,1602,1441800.000000000000000,0.000000000000000
5831,23997914,3121,2808900.000000000000000,0.000000000000000
5832,23997918,4519,4067100.000000000000000,0.000000000000000
5833,23997920,3067,2760300.000000000000000,0.000000000000000
5834,23997922,1421,1278900.000000000000000,0.000000000000000
5835,23997924,3239,2915100.000000000000000,0.000000000000000
5836,23997926,4879,4391100.000000000000000,0.000000000000000
5837,23997928,1686,1517400.000000000000000,0.000000000000000
5838,23997930,5079,4571100.000000000000000,0.000000000000000
5839,23997932,278,250200.000000000000000,0.000000000000000
5840,23997934,1623,1460700.000000000000000,0.000000000000000
5841,23997936,2509,2258100.000000000000000,0.000000000000000
5842,23997938,4049,3644100.000000000000000,0.000000000000000
5843,23997940,1658,1492200.000000000000000,0.000000000000000
5844,23997942,6412,5770800.000000000000000,0.000000000000000
5845,23997944,1475,1327500.000000000000000,0.000000000000000
5846,23997946,1171,1053900.000000000000000,0.000000000000000
5847,23997948,870,783000.000000000000000,0.000000000000000
5848,23997950,7409,6668100.000000000000000,0.000000000000000
5849,23997952,7456,6710400.000000000000000,0.000000000000000
5850,23997954,5839,5255100.000000000000000,0.000000000000000
5851,23997956,5527,4974300.000000000000000,0.000000000000000
5852,23997958,1842,1657800.000000000000000,0.000000000000000
5853,23997960,4097,3687300.000000000000000,0.000000000000000
5854,23997962,1505,1354500.000000000000000,0.000000000000000
5855,23997964,897,807300.000000000000000,0.000000000000000
5856,23997966,337,303300.000000000000000,0.000000000000000
5857,23997968,4185,3766500.000000000000000,0.000000000000000
5858,23997970,705,634500.000000000000000,0.000000000000000
5859,23997972,759,683100.000000000000000,0.000000000000000
5860,23997974,2529,2276100.000000000000000,0.000000000000000
5861,23997976,5235,4711500.000000000000000,0.000000000000000
5862,23997978,478,430200.000000000000000,0.000000000000000
5863,23997980,2655,2389500.000000000000000,0.000000000000000
5864,23997982,929,836100.000000000000000,0.000000000000000
5865,23997984,6564,5907600.000000000000000,0.000000000000000
5866,23997986,2564,2307600.000000000000000,0.000000000000000
5867,23997988,2608,2347200.000000000000000,0.000000000000000
5868,23997990,2910,2619000.000000000000000,0.000000000000000
5869,23997992,1473,1325700.000000000000000,0.000000000000000
5870,23997994,2927,2634300.000000000000000,0.000000000000000
5871,23997996,6513,5861700.000000000000000,0.000000000000000
5872,23997998,127,114300.000000000000000,0.000000000000000
5873,23998000,4831,4347900.000000000000000,0.000000000000000
5874,23998002,2943,2648700.000000000000000,0.000000000000000
5875,23998004,2363,2126700.000000000000000,0.000000000000000
5876,23998006,992,892800.000000000000000,0.000000000000000
5877,23998008,9698,8728200.000000000000000,0.000000000000000
5878,23998010,4068,3661200.000000000000000,0.000000000000000
5879,23998012,1907,1716300.000000000000000,0.000000000000000
5880,23998014,2143,1928700.000000000000000,0.000000000000000
5881,23998016,5983,5384700.000000000000000,0.000000000000000
5882,23998018,3367,3030300.000000000000000,0.000000000000000
5883,23998020,12374,11136600.000000000000000,0.000000000000000
5884,23998022,12019,10817100.000000000000000,0.000000000000000
5885,23998024,4174,3756600.000000000000000,0.000000000000000
5886,23998026,2825,2542500.000000000000000,0.000000000000000
5887,23998028,1513,1361700.000000000000000,0.000000000000000
5888,23998030,5370,4833000.000000000000000,0.000000000000000
5889,23998032,59,53100.000000000000000,0.000000000000000
5890,23998034,6815,6133500.000000000000000,0.000000000000000
5891,23998036,3965,3568500.000000000000000,0.000000000000000
5892,23998038,2546,2291400.000000000000000,0.000000000000000
5893,23998040,808,727200.000000000000000,0.000000000000000
5894,23998042,9565,8608500.000000000000000,0.000000000000000
5895,23998044,1355,1219500.000000000000000,0.000000000000000
5896,23998046,2771,2493900.000000000000000,0.000000000000000
5897,23998048,2159,1943100.000000000000000,0.000000000000000
5898,23998050,2678,2410200.000000000000000,0.000000000000000
5899,23998052,13376,12038400.000000000000000,0.000000000000000
5900,23998054,1604,1443600.000000000000000,0.000000000000000
5901,23998056,3561,3204900.000000000000000,0.000000000000000
5902,23998058,3530,3177000.000000000000000,0.000000000000000
5903,23998060,2816,2534400.000000000000000,0.000000000000000
5904,23998062,6050,5445000.000000000000000,0.000000000000000
5905,23998064,5219,4697100.000000000000000,0.000000000000000
5906,23998066,1851,1665900.000000000000000,0.000000000000000
5907,23998068,4142,3727800.000000000000000,0.000000000000000
5908,23998070,2345,2110500.000000000000000,0.000000000000000
5909,23998072,2004,1803600.000000000000000,0.000000000000000
5910,23998074,5779,5201100.000000000000000,0.000000000000000
5911,23998076,8840,7956000.000000000000000,0.000000000000000
5912,23998078,7537,6783300.000000000000000,0.000000000000000
5913,23998080,9707,8736300.000000000000000,0.000000000000000
5914,23998082,2009,1808100.000000000000000,0.000000000000000
5915,23998084,2707,2436300.000000000000000,0.000000000000000
5916,23998086,5838,5254200.000000000000000,0.000000000000000
5917,23998088,2264,2037600.000000000000000,0.000000000000000
5918,23998090,2731,2457900.000000000000000,0.000000000000000
5919,23998092,3321,2988900.000000000000000,0.000000000000000
5920,23998094,9899,8909100.000000000000000,0.000000000000000
5921,23998096,3133,2819700.000000000000000,0.000000000000000
5922,23998098,322,289800.000000000000000,0.000000000000000
5923,23998100,5949,5354100.000000000000000,0.000000000000000
5924,23998102,7088,6379200.000000000000000,0.000000000000000
5925,23998104,6874,6186600.000000000000000,0.000000000000000
5926,23998106,239,215100.000000000000000,0.000000000000000
5927,23998108,137,123300.000000000000000,0.000000000000000
5928,23998110,22,19800.000000000000000,0.000000000000000
5929,23998112,71,63900.000000000000000,0.000000000000000
5930,23998114,4,3600.000000000000000,0.000000000000000
5931,23998116,59,53100.000000000000000,0.000000000000000
5932,23998118,1,900.000000000000000,0.000000000000000
5933,23998122,2,1800.000000000000000,0.000000000000000
5934,23998124,3,2700.000000000000000,0.000000000000000
5935,23998128,35,31500.000000000000000,0.000000000000000
5936,23998222,77,69300.000000000000000,0.000000000000000
5937,23998234,94,84600.000000000000000,0.000000000000000
5938,23998236,86,77400.000000000000000,0.000000000000000
5939,23998242,39,35100.000000000000000,0.000000000000000
5940,23998246,29,26100.000000000000000,0.000000000000000
5941,23998284,1472,1324800.000000000000000,0.000000000000000
5942,23998286,36,32400.000000000000000,0.000000000000000
5943,23998304,278,250200.000000000000000,0.000000000000000
5944,23998324,549,494100.000000000000000,0.000000000000000
5945,24001027,1184,1065600.000000000000000,0.000000000000000
5946,24001029,797,717300.000000000000000,0.000000000000000
5947,24001031,24,21600.000000000000000,0.000000000000000
5948,24001033,1429,1286100.000000000000000,0.000000000000000
5949,24001035,414,372600.000000000000000,0.000000000000000
5950,24001037,2722,2449800.000000000000000,0.000000000000000
5951,24001039,1895,1705500.000000000000000,0.000000000000000
5952,24001041,494,444600.000000000000000,0.000000000000000
5953,24001043,594,534600.000000000000000,0.000000000000000
5954,24001045,1557,1401300.000000000000000,0.000000000000000
5955,24001047,680,612000.000000000000000,0.000000000000000
5956,24001049,2576,2318400.000000000000000,0.000000000000000
5957,24001051,1408,1267200.000000000000000,1.000000000000000
5958,24001053,5235,4711500.000000000000000,0.000000000000000
5959,24001055,5485,4936500.000000000000000,0.000000000000000
5960,24001057,2669,2402100.000000000000000,0.000000000000000
5961,24001059,543,488700.000000000000000,0.000000000000000
5962,24001061,504,453600.000000000000000,0.000000000000000
5963,24001063,1428,1285200.000000000000000,0.000000000000000
5964,24001065,3942,3547800.000000000000000,0.000000000000000
5965,24001067,1224,1101600.000000000000000,0.000000000000000
5966,24001069,879,791100.000000000000000,0.000000000000000
5967,24001071,3090,2781000.000000000000000,0.000000000000000
5968,24001073,187,168300.000000000000000,0.000000000000000
5969,24001075,5668,5101200.000000000000000,0.000000000000000
5970,24001077,258,232200.000000000000000,0.000000000000000
5971,24001079,5371,4833900.000000000000000,0.000000000000000
5972,24001081,211,189900.000000000000000,0.000000000000000
5973,24001083,834,750600.000000000000000,0.000000000000000
5974,24001085,2525,2272500.000000000000000,0.000000000000000
5975,24001087,2134,1920600.000000000000000,0.000000000000000
5976,24001089,9054,8148600.000000000000000,0.000000000000000
5977,24001091,1636,1472400.000000000000000,0.000000000000000
5978,24001093,7662,6895800.000000000000000,0.000000000000000
5979,24001095,3246,2921400.000000000000000,0.000000000000000
5980,24001097,7167,6450300.000000000000000,0.000000000000000
5981,24001099,494,444600.000000000000000,0.000000000000000
5982,24001101,12,10800.000000000000000,0.000000000000000
5983,24001103,4461,4014900.000000000000000,0.000000000000000
5984,24001105,8761,7884900.000000000000000,0.000000000000000
5985,24001107,884,795600.000000000000000,0.000000000000000
5986,24001109,2016,1814400.000000000000000,0.000000000000000
5987,24001111,1757,1581300.000000000000000,0.000000000000000
5988,24001113,862,775800.000000000000000,0.000000000000000
5989,24001115,21,18900.000000000000000,0.000000000000000
5990,24001117,4970,4473000.000000000000000,0.000000000000000
5991,24001119,26,23400.000000000000000,0.000000000000000
5992,24001121,559,503100.000000000000000,0.000000000000000
5993,24001123,3377,3039300.000000000000000,0.000000000000000
5994,24001125,1144,1029600.000000000000000,0.000000000000000
5995,24001127,6161,5544900.000000000000000,0.000000000000000
5996,24001129,2843,2558700.000000000000000,0.000000000000000
5997,24001131,895,805500.000000000000000,0.000000000000000
5998,24001133,2574,2316600.000000000000000,0.000000000000000
5999,24001135,102,91800.000000000000000,0.000000000000000
6000,24001137,2716,2444400.000000000000000,0.000000000000000
6001,24001139,7551,6795900.000000000000000,0.000000000000000
6002,24001141,3222,2899800.000000000000000,0.000000000000000
6003,24001143,1212,1090800.000000000000000,0.000000000000000
6004,24001145,660,594000.000000000000000,0.000000000000000
6005,24001147,2905,2614500.000000000000000,0.000000000000000
6006,24001149,1734,1560600.000000000000000,0.000000000000000
6007,24001151,665,598500.000000000000000,0.000000000000000
6008,24001153,77,69300.000000000000000,0.000000000000000
6009,24001155,4707,4236300.000000000000000,0.000000000000000
6010,24001157,17,15300.000000000000000,0.000000000000000
6011,24001159,3914,3522600.000000000000000,0.000000000000000
6012,24001161,6590,5931000.000000000000000,0.000000000000000
6013,24001163,5515,4963500.000000000000000,0.000000000000000
6014,24001165,13083,11774700.000000000000000,0.000000000000000
6015,24001167,4232,3808800.000000000000000,0.000000000000000
6016,24001169,11332,10198800.000000000000000,0.000000000000000
6017,24001171,5709,5138100.000000000000000,0.000000000000000
6018,24001173,9993,8993700.000000000000000,0.000000000000000
6019,24001175,1148,1033200.000000000000000,0.000000000000000
6020,24001177,10,9000.000000000000000,0.000000000000000
6021,24001179,913,821700.000000000000000,0.000000000000000
6022,24001181,8,7200.000000000000000,0.000000000000000
6023,24001183,20075,18067500.000000000000000,0.000000000000000
6024,24001185,1565,1408500.000000000000000,0.000000000000000
6025,24001187,121,108900.000000000000000,0.000000000000000
6026,24001189,11654,10488600.000000000000000,0.000000000000000
6027,24001191,4247,3822300.000000000000000,0.000000000000000
6028,24001193,10051,9045900.000000000000000,0.000000000000000
6029,24001195,4332,3898800.000000000000000,0.000000000000000
6030,24001197,7441,6696900.000000000000000,0.000000000000000
6031,24001199,6245,5620500.000000000000000,0.000000000000000
6032,24001201,4864,4377600.000000000000000,0.000000000000000
6033,24001203,3,2700.000000000000000,0.000000000000000
6034,24001205,651,585900.000000000000000,0.000000000000000
6035,24001207,3014,2712600.000000000000000,0.000000000000000
6036,24001209,232,208800.000000000000000,0.000000000000000
6037,24001211,1378,1240200.000000000000000,0.000000000000000
6038,24001213,6024,5421600.000000000000000,0.000000000000000
6039,24001215,6136,5522400.000000000000000,0.000000000000000
6040,24001217,6631,5967900.000000000000000,0.000000000000000
6041,24001219,3011,2709900.000000000000000,0.000000000000000
6042,24001221,4427,3984300.000000000000000,0.000000000000000
6043,24001223,6257,5631300.000000000000000,0.000000000000000
6044,24001225,90,81000.000000000000000,0.000000000000000
6045,24001227,2832,2548800.000000000000000,0.000000000000000
6046,24001229,6248,5623200.000000000000000,0.000000000000000
6047,24001231,167,150300.000000000000000,0.000000000000000
6048,24001233,5200,4680000.000000000000000,0.000000000000000
6049,24001235,7777,6999300.000000000000000,0.000000000000000
6050,24001237,1352,1216800.000000000000000,0.000000000000000
6051,24001239,42,37800.000000000000000,0.000000000000000
6052,24001241,595,535500.000000000000000,0.000000000000000
6053,24001243,11422,10279800.000000000000000,0.000000000000000
6054,24001245,847,762300.000000000000000,0.000000000000000
6055,24001247,4001,3600900.000000000000000,0.000000000000000
6056,24001249,30919,27827100.000000000000000,0.000000000000000
6057,24001251,214,192600.000000000000000,0.000000000000000
6058,24001253,954,858600.000000000000000,0.000000000000000
6059,24001255,5289,4760100.000000000000000,0.000000000000000
6060,24001257,1439,1295100.000000000000000,0.000000000000000
6061,24001259,4442,3997800.000000000000000,0.000000000000000
6062,24001261,26749,24074100.000000000000000,0.000000000000000
6063,24001263,221,198900.000000000000000,0.000000000000000
6064,24001265,610,549000.000000000000000,0.000000000000000
6065,24001267,5250,4725000.000000000000000,0.000000000000000
6066,24001269,8458,7612200.000000000000000,0.000000000000000
6067,24001271,1660,1494000.000000000000000,0.000000000000000
6068,24001273,65,58500.000000000000000,0.000000000000000
6069,24001275,8492,7642800.000000000000000,0.000000000000000
6070,24001277,2225,2002500.000000000000000,0.000000000000000
6071,24001279,9600,8640000.000000000000000,0.000000000000000
6072,24001281,2502,2251800.000000000000000,0.000000000000000
6073,24001283,3159,2843100.000000000000000,0.000000000000000
6074,24001285,5094,4584600.000000000000000,0.000000000000000
6075,24001287,9660,8694000.000000000000000,0.000000000000000
6076,24001289,404,363600.000000000000000,0.000000000000000
6077,24001291,2015,1813500.000000000000000,0.000000000000000
6078,24001293,15118,13606200.000000000000000,0.000000000000000
6079,24001295,2712,2440800.000000000000000,0.000000000000000
6080,24001297,1926,1733400.000000000000000,0.000000000000000
6081,24001299,1112,1000800.000000000000000,0.000000000000000
6082,24001301,2450,2205000.000000000000000,0.000000000000000
6083,24001303,2106,1895400.000000000000000,0.000000000000000
6084,24001305,2293,2063700.000000000000000,0.000000000000000
6085,24001307,4183,3764700.000000000000000,0.000000000000000
6086,24001309,8545,7690500.000000000000000,0.000000000000000
6087,24001311,5594,5034600.000000000000000,0.000000000000000
6088,24001313,35,31500.000000000000000,0.000000000000000
6089,24001315,1904,1713600.000000000000000,0.000000000000000
6090,24001317,1991,1791900.000000000000000,0.000000000000000
6091,24001319,3108,2797200.000000000000000,0.000000000000000
6092,24001321,5827,5244300.000000000000000,0.000000000000000
6093,24001323,2852,2566800.000000000000000,0.000000000000000
6094,24001325,6366,5729400.000000000000000,0.000000000000000
6095,24001327,2934,2640600.000000000000000,0.000000000000000
6096,24001329,5436,4892400.000000000000000,0.000000000000000
6097,24001331,119,107100.000000000000000,0.000000000000000
6098,24001333,3285,2956500.000000000000000,0.000000000000000
6099,24001335,2421,2178900.000000000000000,0.000000000000000
6100,24001337,5841,5256900.000000000000000,0.000000000000000
6101,24001339,3469,3122100.000000000000000,0.000000000000000
6102,24001341,3526,3173400.000000000000000,0.000000000000000
6103,24001343,118,106200.000000000000000,0.000000000000000
6104,24001345,206,185400.000000000000000,0.000000000000000
6105,24001347,981,882900.000000000000000,0.000000000000000
6106,24001349,523,470700.000000000000000,0.000000000000000
6107,24001351,1771,1593900.000000000000000,0.000000000000000
6108,24001353,4934,4440600.000000000000000,0.000000000000000
6109,24001355,3014,2712600.000000000000000,0.000000000000000
6110,24001357,4156,3740400.000000000000000,0.000000000000000
6111,24001359,1008,907200.000000000000000,0.000000000000000
6112,24001361,2675,2407500.000000000000000,0.000000000000000
6113,24001363,3212,2890800.000000000000000,0.000000000000000
6114,24001365,5446,4901400.000000000000000,0.000000000000000
6115,24001367,4377,3939300.000000000000000,0.000000000000000
6116,24001369,5197,4677300.000000000000000,0.000000000000000
6117,24001371,65,58500.000000000000000,0.000000000000000
6118,24001373,5205,4684500.000000000000000,0.000000000000000
6119,24001375,1541,1386900.000000000000000,0.000000000000000
6120,24001377,3484,3135600.000000000000000,0.000000000000000
6121,24001379,3416,3074400.000000000000000,0.000000000000000
6122,24001381,1927,1734300.000000000000000,0.000000000000000
6123,24001383,1730,1557000.000000000000000,0.000000000000000
6124,24001385,2167,1950300.000000000000000,0.000000000000000
6125,24001387,1773,1595700.000000000000000,0.000000000000000
6126,24001389,1521,1368900.000000000000000,0.000000000000000
6127,24001391,2014,1812600.000000000000000,0.000000000000000
6128,24001393,2231,2007900.000000000000000,0.000000000000000
6129,24001395,1436,1292400.000000000000000,0.000000000000000
6130,24001397,8217,7395300.000000000000000,0.000000000000000
6131,24001399,1925,1732500.000000000000000,0.000000000000000
6132,24001401,2521,2268900.000000000000000,0.000000000000000
6133,24001403,3319,2987100.000000000000000,0.000000000000000
6134,24001405,2498,2248200.000000000000000,0.000000000000000
6135,24001407,2549,2294100.000000000000000,0.000000000000000
6136,24001409,15969,14372100.000000000000000,0.000000000000000
6137,24001411,2572,2314800.000000000000000,0.000000000000000
6138,24001413,112,100800.000000000000000,0.000000000000000
6139,24001415,354,318600.000000000000000,0.000000000000000
6140,24001417,2169,1952100.000000000000000,0.000000000000000
6141,24001419,7105,6394500.000000000000000,0.000000000000000
6142,24001421,8323,7490700.000000000000000,0.000000000000000
6143,24001423,1737,1563300.000000000000000,0.000000000000000
6144,24001425,2961,2664900.000000000000000,0.000000000000000
6145,24001427,1376,1238400.000000000000000,0.000000000000000
6146,24001429,1999,1799100.000000000000000,0.000000000000000
6147,24001431,3805,3424500.000000000000000,0.000000000000000
6148,24001433,9654,8688600.000000000000000,0.000000000000000
6149,24001435,5024,4521600.000000000000000,0.000000000000000
6150,24001437,6053,5447700.000000000000000,0.000000000000000
6151,24001439,4392,3952800.000000000000000,0.000000000000000
6152,24001441,2157,1941300.000000000000000,0.000000000000000
6153,24001443,7060,6354000.000000000000000,0.000000000000000
6154,24001445,4076,3668400.000000000000000,0.000000000000000
6155,24001447,6467,5820300.000000000000000,0.000000000000000
6156,24001449,5776,5198400.000000000000000,0.000000000000000
6157,24001451,3487,3138300.000000000000000,0.000000000000000
6158,24001453,294,264600.000000000000000,0.000000000000000
6159,24001455,2334,2100600.000000000000000,0.000000000000000
6160,24001457,5703,5132700.000000000000000,0.000000000000000
6161,24001459,2591,2331900.000000000000000,0.000000000000000
6162,24001461,1739,1565100.000000000000000,0.000000000000000
6163,24001463,2133,1919700.000000000000000,0.000000000000000
6164,24001465,5595,5035500.000000000000000,0.000000000000000
6165,24001467,4322,3889800.000000000000000,0.000000000000000
6166,24001471,6103,5492700.000000000000000,0.000000000000000
6167,24001473,4285,3856500.000000000000000,0.000000000000000
6168,24001475,3404,3063600.000000000000000,0.000000000000000
6169,24001477,9426,8483400.000000000000000,0.000000000000000
6170,24001479,5100,4590000.000000000000000,0.000000000000000
6171,24001483,5916,5324400.000000000000000,0.000000000000000
6172,24001485,256,230400.000000000000000,0.000000000000000
6173,24001487,2777,2499300.000000000000000,0.000000000000000
6174,24001489,8028,7225200.000000000000000,0.000000000000000
6175,24001491,7778,7000200.000000000000000,0.000000000000000
6176,24001493,2005,1804500.000000000000000,0.000000000000000
6177,24001497,2836,2552400.000000000000000,0.000000000000000
6178,24001499,1973,1775700.000000000000000,0.000000000000000
6179,24001501,4851,4365900.000000000000000,0.000000000000000
6180,24001503,5273,4745700.000000000000000,0.000000000000000
6181,24001505,5827,5244300.000000000000000,0.000000000000000
6182,24001507,4043,3638700.000000000000000,0.000000000000000
6183,24001509,9044,8139600.000000000000000,0.000000000000000
6184,24001511,473,425700.000000000000000,0.000000000000000
6185,24001513,8304,7473600.000000000000000,0.000000000000000
6186,24001515,19270,17343000.000000000000000,0.000000000000000
6187,24001517,159,143100.000000000000000,0.000000000000000
6188,24001519,4347,3912300.000000000000000,0.000000000000000
6189,24001521,7349,6614100.000000000000000,0.000000000000000
6190,24001523,381,342900.000000000000000,0.000000000000000
6191,24001525,2234,2010600.000000000000000,0.000000000000000
6192,24001527,2333,2099700.000000000000000,0.000000000000000
6193,24001529,1858,1672200.000000000000000,0.000000000000000
6194,24001531,4626,4163400.000000000000000,0.000000000000000
6195,24001533,4507,4056300.000000000000000,0.000000000000000
6196,24001535,1085,976500.000000000000000,0.000000000000000
6197,24001537,5468,4921200.000000000000000,0.000000000000000
6198,24001539,1052,946800.000000000000000,0.000000000000000
6199,24001541,2799,2519100.000000000000000,0.000000000000000
6200,24001543,5170,4653000.000000000000000,0.000000000000000
6201,24001545,2891,2601900.000000000000000,0.000000000000000
6202,24001547,402,361800.000000000000000,0.000000000000000
6203,24001549,13270,11943000.000000000000000,0.000000000000000
6204,24001551,5904,5313600.000000000000000,0.000000000000000
6205,24001553,6648,5983200.000000000000000,0.000000000000000
6206,24001555,1341,1206900.000000000000000,0.000000000000000
6207,24001557,2099,1889100.000000000000000,0.000000000000000
6208,24001559,2412,2170800.000000000000000,0.000000000000000
6209,24001561,4501,4050900.000000000000000,0.000000000000000
6210,24001563,5391,4851900.000000000000000,0.000000000000000
6211,24001565,4138,3724200.000000000000000,0.000000000000000
6212,24001567,484,435600.000000000000000,0.000000000000000
6213,24001569,1730,1557000.000000000000000,0.000000000000000
6214,24001571,2218,1996200.000000000000000,0.000000000000000
6215,24001573,477,429300.000000000000000,0.000000000000000
6216,24001575,2980,2682000.000000000000000,0.000000000000000
6217,24001577,1479,1331100.000000000000000,0.000000000000000
6218,24001579,1206,1085400.000000000000000,0.000000000000000
6219,24001581,1905,1714500.000000000000000,0.000000000000000
6220,24001583,4276,3848400.000000000000000,0.000000000000000
6221,24001585,13798,12418200.000000000000000,0.000000000000000
6222,24001587,232,208800.000000000000000,0.000000000000000
6223,24001589,3621,3258900.000000000000000,0.000000000000000
6224,24001591,2814,2532600.000000000000000,0.000000000000000
6225,24001593,2490,2241000.000000000000000,0.000000000000000
6226,24001595,2912,2620800.000000000000000,0.000000000000000
6227,24001597,2692,2422800.000000000000000,0.000000000000000
6228,24001599,7558,6802200.000000000000000,0.000000000000000
6229,24001601,3419,3077100.000000000000000,0.000000000000000
6230,24001603,4066,3659400.000000000000000,0.000000000000000
6231,24001605,3786,3407400.000000000000000,0.000000000000000
6232,24001607,395,355500.000000000000000,0.000000000000000
6233,24001609,2265,2038500.000000000000000,0.000000000000000
6234,24001611,1639,1475100.000000000000000,0.000000000000000
6235,24001613,1541,1386900.000000000000000,0.000000000000000
6236,24001615,2116,1904400.000000000000000,0.000000000000000
6237,24001617,675,607500.000000000000000,0.000000000000000
6238,24001619,607,546300.000000000000000,0.000000000000000
6239,24001621,11190,10071000.000000000000000,0.000000000000000
6240,24001623,10099,9089100.000000000000000,0.000000000000000
6241,24254849,45,40500.000000000000000,0.000000000000000
6242,24254851,2844,2559600.000000000000000,0.000000000000000
6243,24254853,20973,18875700.000000000000000,0.000000000000000
6244,24254855,5023,4520700.000000000000000,0.000000000000000
6245,24254857,8470,7623000.000000000000000,0.000000000000000
6246,24254859,1371,1233900.000000000000000,0.000000000000000
6247,24254861,1821,1638900.000000000000000,0.000000000000000
6248,24254863,1959,1763100.000000000000000,0.000000000000000
6249,24254865,2650,2385000.000000000000000,0.000000000000000
6250,24254867,3161,2844900.000000000000000,0.000000000000000
6251,24254869,19155,17239500.000000000000000,0.000000000000000
6252,24254871,2223,2000700.000000000000000,0.000000000000000
6253,24254873,1557,1401300.000000000000000,0.000000000000000
6254,24254875,417,375300.000000000000000,0.000000000000000
6255,24254877,80,72000.000000000000000,0.000000000000000
6256,24254879,68,61200.000000000000000,0.000000000000000
6257,24254881,21,18900.000000000000000,0.000000000000000
6258,24254883,1319,1187100.000000000000000,0.000000000000000
6259,24254885,174,156600.000000000000000,0.000000000000000
6260,24254889,2768,2491200.000000000000000,0.000000000000000
6261,24254891,16998,15298200.000000000000000,0.000000000000000
6262,24254893,523,470700.000000000000000,0.000000000000000
6263,24254895,10399,9359100.000000000000000,0.000000000000000
6264,24254897,190,171000.000000000000000,0.000000000000000
6265,24254899,5503,4952700.000000000000000,0.000000000000000
6266,24254901,9,8100.000000000000000,0.000000000000000
6267,24254903,198,178200.000000000000000,0.000000000000000
6268,24254905,7049,6344100.000000000000000,0.000000000000000
6269,24254907,248,223200.000000000000000,0.000000000000000
6270,24254909,2707,2436300.000000000000000,0.000000000000000
6271,24254911,3293,2963700.000000000000000,0.000000000000000
6272,24254913,1769,1592100.000000000000000,0.000000000000000
6273,24254915,161,144900.000000000000000,0.000000000000000
6274,24254919,2674,2406600.000000000000000,0.000000000000000
6275,24254921,15317,13785300.000000000000000,0.000000000000000
6276,24254923,217,195300.000000000000000,0.000000000000000
6277,24254925,4143,3728700.000000000000000,0.000000000000000
6278,24254931,4040,3636000.000000000000000,0.000000000000000
6279,24254933,2304,2073600.000000000000000,0.000000000000000
6280,24254935,5715,5143500.000000000000000,0.000000000000000
6281,24254937,4865,4378500.000000000000000,0.000000000000000
6282,24254939,1687,1518300.000000000000000,0.000000000000000
6283,24254941,1719,1547100.000000000000000,0.000000000000000
6284,24254943,657,591300.000000000000000,0.000000000000000
6285,24254945,4970,4473000.000000000000000,0.000000000000000
6286,24254947,153,137700.000000000000000,0.000000000000000
6287,24254949,5314,4782600.000000000000000,0.000000000000000
6288,24254951,1020,918000.000000000000000,0.000000000000000
6289,24254953,14718,13246200.000000000000000,0.000000000000000
6290,24254955,4,3600.000000000000000,0.000000000000000
6291,24254957,1311,1179900.000000000000000,0.000000000000000
6292,24254959,1687,1518300.000000000000000,0.000000000000000
6293,24254961,4564,4107600.000000000000000,0.000000000000000
6294,24254963,3637,3273300.000000000000000,0.000000000000000
6295,24254965,5148,4633200.000000000000000,0.000000000000000
6296,24254967,1749,1574100.000000000000000,0.000000000000000
6297,24254969,1813,1631700.000000000000000,0.000000000000000
6298,24254971,1497,1347300.000000000000000,0.000000000000000
6299,24254973,1880,1692000.000000000000000,0.000000000000000
6300,24254975,480,432000.000000000000000,0.000000000000000
6301,24254977,150,135000.000000000000000,0.000000000000000
6302,24254979,679,611100.000000000000000,0.000000000000000
6303,24254981,2940,2646000.000000000000000,0.000000000000000
6304,24254983,7443,6698700.000000000000000,0.000000000000000
6305,24254985,299,269100.000000000000000,0.000000000000000
6306,24254987,2603,2342700.000000000000000,0.000000000000000
6307,24254989,1418,1276200.000000000000000,0.000000000000000
6308,24254991,8768,7891200.000000000000000,0.000000000000000
6309,24254993,324,291600.000000000000000,0.000000000000000
6310,24254995,4,3600.000000000000000,0.000000000000000
6311,24254997,159,143100.000000000000000,0.000000000000000
6312,24254999,285,256500.000000000000000,0.000000000000000
6313,24255001,1766,1589400.000000000000000,0.000000000000000
6314,24255003,2669,2402100.000000000000000,0.000000000000000
6315,24255005,7344,6609600.000000000000000,0.000000000000000
6316,24255007,5414,4872600.000000000000000,0.000000000000000
6317,24255009,629,566100.000000000000000,0.000000000000000
6318,24255011,2460,2214000.000000000000000,0.000000000000000
6319,24255013,8908,8017200.000000000000000,0.000000000000000
6320,24255015,8722,7849800.000000000000000,0.000000000000000
6321,24255017,15,13500.000000000000000,0.000000000000000
6322,24255019,506,455400.000000000000000,0.000000000000000
6323,24255021,2149,1934100.000000000000000,0.000000000000000
6324,24255023,5494,4944600.000000000000000,0.000000000000000
6325,24255025,1990,1791000.000000000000000,0.000000000000000
6326,24255027,2689,2420100.000000000000000,0.000000000000000
6327,24255029,2031,1827900.000000000000000,0.000000000000000
6328,24255031,4372,3934800.000000000000000,0.000000000000000
6329,24255033,233,209700.000000000000000,0.000000000000000
6330,24255035,281,252900.000000000000000,0.000000000000000
6331,24255037,2791,2511900.000000000000000,0.000000000000000
6332,24255039,1070,963000.000000000000000,0.000000000000000
6333,24255041,506,455400.000000000000000,0.000000000000000
6334,24255043,2050,1845000.000000000000000,0.000000000000000
6335,24255045,16821,15138900.000000000000000,0.000000000000000
6336,24255047,2929,2636100.000000000000000,0.000000000000000
6337,24255049,5472,4924800.000000000000000,0.000000000000000
6338,24255051,2551,2295900.000000000000000,0.000000000000000
6339,24255053,1091,981900.000000000000000,0.000000000000000
6340,24255055,6960,6264000.000000000000000,0.000000000000000
6341,24255057,2159,1943100.000000000000000,0.000000000000000
6342,24255059,885,796500.000000000000000,0.000000000000000
6343,24255061,2723,2450700.000000000000000,0.000000000000000
6344,24255063,60,54000.000000000000000,0.000000000000000
6345,24255065,1719,1547100.000000000000000,0.000000000000000
6346,24255067,2356,2120400.000000000000000,0.000000000000000
6347,24255069,5358,4822200.000000000000000,0.000000000000000
6348,24255071,7138,6424200.000000000000000,0.000000000000000
6349,24255073,4777,4299300.000000000000000,0.000000000000000
6350,24255075,1894,1704600.000000000000000,0.000000000000000
6351,24255077,2876,2588400.000000000000000,0.000000000000000
6352,24255079,697,627300.000000000000000,0.000000000000000
6353,24255081,10,9000.000000000000000,0.000000000000000
6354,24255083,2359,2123100.000000000000000,0.000000000000000
6355,24255085,283,254700.000000000000000,0.000000000000000
6356,24255087,162,145800.000000000000000,0.000000000000000
6357,24255089,6418,5776200.000000000000000,0.000000000000000
6358,24255091,428,385200.000000000000000,0.000000000000000
6359,24255093,931,837900.000000000000000,0.000000000000000
6360,24255095,1558,1402200.000000000000000,0.000000000000000
6361,24255097,1675,1507500.000000000000000,0.000000000000000
6362,24255099,2813,2531700.000000000000000,0.000000000000000
6363,24255101,461,414900.000000000000000,0.000000000000000
6364,24255103,19,17100.000000000000000,0.000000000000000
6365,24255105,844,759600.000000000000000,0.000000000000000
6366,24255107,7431,6687900.000000000000000,0.000000000000000
6367,24255109,2093,1883700.000000000000000,0.000000000000000
6368,24255111,6328,5695200.000000000000000,0.000000000000000
6369,24255113,4960,4464000.000000000000000,0.000000000000000
6370,24255115,6470,5823000.000000000000000,0.000000000000000
6371,24255117,4658,4192200.000000000000000,0.000000000000000
6372,24255119,2930,2637000.000000000000000,0.000000000000000
6373,24255121,1716,1544400.000000000000000,0.000000000000000
6374,24255123,9596,8636400.000000000000000,0.000000000000000
6375,24255125,7965,7168500.000000000000000,0.000000000000000
6376,24255127,7500,6750000.000000000000000,0.000000000000000
6377,24255129,10215,9193500.000000000000000,0.000000000000000
6378,24255131,2208,1987200.000000000000000,0.000000000000000
6379,24255133,3576,3218400.000000000000000,0.000000000000000
6380,24255137,8554,7698600.000000000000000,0.000000000000000
6381,24255139,2681,2412900.000000000000000,0.000000000000000
6382,24255141,5493,4943700.000000000000000,0.000000000000000
6383,24255143,7651,6885900.000000000000000,0.000000000000000
6384,24255145,3846,3461400.000000000000000,0.000000000000000
6385,24255147,363,326700.000000000000000,0.000000000000000
6386,24255149,920,828000.000000000000000,0.000000000000000
6387,24255151,8589,7730100.000000000000000,0.000000000000000
6388,24255153,3127,2814300.000000000000000,0.000000000000000
6389,24255155,387,348300.000000000000000,0.000000000000000
6390,24255157,498,448200.000000000000000,0.000000000000000
6391,24255159,13713,12341700.000000000000000,0.000000000000000
6392,24255161,7805,7024500.000000000000000,0.000000000000000
6393,24255163,2849,2564100.000000000000000,0.000000000000000
6394,24255165,1120,1008000.000000000000000,0.000000000000000
6395,24255169,7754,6978600.000000000000000,0.000000000000000
6396,24255171,644,579600.000000000000000,0.000000000000000
6397,24255173,13217,11895300.000000000000000,0.000000000000000
6398,24255175,2423,2180700.000000000000000,0.000000000000000
6399,24255177,1358,1222200.000000000000000,0.000000000000000
6400,24255179,7245,6520500.000000000000000,0.000000000000000
6401,24255181,2636,2372400.000000000000000,0.000000000000000
6402,24255183,73,65700.000000000000000,0.000000000000000
6403,24255185,2359,2123100.000000000000000,0.000000000000000
6404,24255187,6518,5866200.000000000000000,0.000000000000000
6405,24255189,1009,908100.000000000000000,0.000000000000000
6406,24255191,64,57600.000000000000000,0.000000000000000
6407,24255193,774,696600.000000000000000,0.000000000000000
6408,24255195,1510,1359000.000000000000000,0.000000000000000
6409,24255197,3452,3106800.000000000000000,0.000000000000000
6410,24255199,3689,3320100.000000000000000,0.000000000000000
6411,24255201,385,346500.000000000000000,0.000000000000000
6412,24255203,1117,1005300.000000000000000,0.000000000000000
6413,24255205,1740,1566000.000000000000000,0.000000000000000
6414,24255207,2284,2055600.000000000000000,0.000000000000000
6415,24255209,2620,2358000.000000000000000,0.000000000000000
6416,24255211,651,585900.000000000000000,0.000000000000000
6417,24255213,1916,1724400.000000000000000,0.000000000000000
6418,24255215,4204,3783600.000000000000000,0.000000000000000
6419,24255217,603,542700.000000000000000,0.000000000000000
6420,24255219,6596,5936400.000000000000000,0.000000000000000
6421,24255221,1899,1709100.000000000000000,0.000000000000000
6422,24255223,2579,2321100.000000000000000,0.000000000000000
6423,24255225,2167,1950300.000000000000000,0.000000000000000
6424,24255227,3768,3391200.000000000000000,0.000000000000000
6425,24255229,3780,3402000.000000000000000,0.000000000000000
6426,24255231,854,768600.000000000000000,0.000000000000000
6427,24255233,2183,1964700.000000000000000,0.000000000000000
6428,24255235,7,6300.000000000000000,0.000000000000000
6429,24255237,4195,3775500.000000000000000,0.000000000000000
6430,24255239,285,256500.000000000000000,0.000000000000000
6431,24255241,8815,7933500.000000000000000,0.000000000000000
6432,24255243,4733,4259700.000000000000000,0.000000000000000
6433,24255245,1156,1040400.000000000000000,0.000000000000000
6434,24255247,2926,2633400.000000000000000,0.000000000000000
6435,24255249,10751,9675900.000000000000000,0.000000000000000
6436,24255251,6280,5652000.000000000000000,0.000000000000000
6437,24255253,447,402300.000000000000000,0.000000000000000
6438,24255255,5618,5056200.000000000000000,0.000000000000000
6439,24255257,18989,17090100.000000000000000,0.000000000000000
6440,24255259,1069,962100.000000000000000,0.000000000000000
6441,24255261,92,82800.000000000000000,0.000000000000000
6442,24255263,3619,3257100.000000000000000,0.000000000000000
6443,24255265,2362,2125800.000000000000000,0.000000000000000
6444,24255267,4214,3792600.000000000000000,0.000000000000000
6445,24255269,810,729000.000000000000000,0.000000000000000
6446,24255271,22,19800.000000000000000,0.000000000000000
6447,24255273,2088,1879200.000000000000000,0.000000000000000
6448,24255275,3987,3588300.000000000000000,0.000000000000000
6449,24255277,3190,2871000.000000000000000,0.000000000000000
6450,24255279,160,144000.000000000000000,0.000000000000000
6451,24255281,2613,2351700.000000000000000,0.000000000000000
6452,24255283,11106,9995400.000000000000000,0.000000000000000
6453,24255285,7663,6896700.000000000000000,0.000000000000000
6454,24255287,2805,2524500.000000000000000,0.000000000000000
6455,24255289,340,306000.000000000000000,0.000000000000000
6456,24255291,4,3600.000000000000000,0.000000000000000
6457,24255293,3381,3042900.000000000000000,0.000000000000000
6458,24255295,7038,6334200.000000000000000,0.000000000000000
6459,24255297,3636,3272400.000000000000000,0.000000000000000
6460,24255299,4788,4309200.000000000000000,0.000000000000000
6461,24255301,151,135900.000000000000000,0.000000000000000
6462,24255303,244,219600.000000000000000,0.000000000000000
6463,24255305,2470,2223000.000000000000000,0.000000000000000
6464,24255307,2880,2592000.000000000000000,0.000000000000000
6465,24255309,3065,2758500.000000000000000,0.000000000000000
6466,24255311,1200,1080000.000000000000000,0.000000000000000
6467,24255313,6823,6140700.000000000000000,0.000000000000000
6468,24255315,6663,5996700.000000000000000,0.000000000000000
6469,24255317,1033,929700.000000000000000,0.000000000000000
6470,24255319,1539,1385100.000000000000000,0.000000000000000
6471,24255321,1053,947700.000000000000000,0.000000000000000
6472,24255323,4562,4105800.000000000000000,0.000000000000000
6473,24255325,1012,910800.000000000000000,0.000000000000000
6474,24255327,6150,5535000.000000000000000,0.000000000000000
6475,24255329,909,818100.000000000000000,0.000000000000000
6476,24255331,4187,3768300.000000000000000,0.000000000000000
6477,24255333,6462,5815800.000000000000000,0.000000000000000
6478,24255335,3509,3158100.000000000000000,0.000000000000000
6479,24255337,620,558000.000000000000000,0.000000000000000
6480,24255339,1198,1078200.000000000000000,0.000000000000000
6481,24255341,1109,998100.000000000000000,0.000000000000000
6482,24255343,3795,3415500.000000000000000,0.000000000000000
6483,24255345,1237,1113300.000000000000000,0.000000000000000
6484,24255347,116,104400.000000000000000,0.000000000000000
6485,24255349,4597,4137300.000000000000000,0.000000000000000
6486,24255351,89,80100.000000000000000,0.000000000000000
6487,24255353,2813,2531700.000000000000000,0.000000000000000
6488,24255355,2388,2149200.000000000000000,0.000000000000000
6489,24255357,421,378900.000000000000000,0.000000000000000
6490,24255359,1698,1528200.000000000000000,0.000000000000000
6491,24255361,1927,1734300.000000000000000,0.000000000000000
6492,24255363,499,449100.000000000000000,0.000000000000000
6493,24255365,2901,2610900.000000000000000,0.000000000000000
6494,24255367,17,15300.000000000000000,0.000000000000000
6495,24255369,1007,906300.000000000000000,0.000000000000000
6496,24255371,2149,1934100.000000000000000,0.000000000000000
6497,24255373,373,335700.000000000000000,0.000000000000000
6498,24255375,4574,4116600.000000000000000,0.000000000000000
6499,24255377,414,372600.000000000000000,0.000000000000000
6500,24255379,667,600300.000000000000000,0.000000000000000
6501,24255381,196,176400.000000000000000,0.000000000000000
6502,24255383,4562,4105800.000000000000000,0.000000000000000
6503,24255385,2169,1952100.000000000000000,0.000000000000000
6504,24255387,1926,1733400.000000000000000,0.000000000000000
6505,24255389,152,136800.000000000000000,0.000000000000000
6506,24255391,3454,3108600.000000000000000,0.000000000000000
6507,24255393,603,542700.000000000000000,0.000000000000000
6508,24255395,475,427500.000000000000000,0.000000000000000
6509,24255397,1626,1463400.000000000000000,0.000000000000000
6510,24255399,3477,3129300.000000000000000,0.000000000000000
6511,24255401,1565,1408500.000000000000000,0.000000000000000
6512,24255403,279,251100.000000000000000,0.000000000000000
6513,24255405,4022,3619800.000000000000000,0.000000000000000
6514,24255407,288,259200.000000000000000,0.000000000000000
6515,24255409,4288,3859200.000000000000000,0.000000000000000
6516,24255411,2088,1879200.000000000000000,0.000000000000000
6517,24255413,2222,1999800.000000000000000,0.000000000000000
6518,24255415,433,389700.000000000000000,0.000000000000000
6519,24255417,2,1800.000000000000000,0.000000000000000
6520,24255419,5696,5126400.000000000000000,0.000000000000000
6521,24255421,5525,4972500.000000000000000,0.000000000000000
6522,24255423,1529,1376100.000000000000000,0.000000000000000
6523,24255425,1781,1602900.000000000000000,0.000000000000000
6524,24255427,1226,1103400.000000000000000,0.000000000000000
6525,24255429,592,532800.000000000000000,0.000000000000000
6526,24255431,1115,1003500.000000000000000,0.000000000000000
6527,24255433,1493,1343700.000000000000000,0.000000000000000
6528,24255435,691,621900.000000000000000,0.000000000000000
6529,24255437,100,90000.000000000000000,0.000000000000000
6530,24255439,3865,3478500.000000000000000,0.000000000000000
6531,24255441,1757,1581300.000000000000000,0.000000000000000
6532,24255443,954,858600.000000000000000,0.000000000000000
6533,24255445,2580,2322000.000000000000000,0.000000000000000
6534,24255447,2256,2030400.000000000000000,0.000000000000000
6535,24255449,569,512100.000000000000000,0.000000000000000
6536,24255451,5685,5116500.000000000000000,0.000000000000000
6537,24255453,4628,4165200.000000000000000,0.000000000000000
6538,24255455,1792,1612800.000000000000000,0.000000000000000
6539,24255457,3963,3566700.000000000000000,0.000000000000000
6540,24255459,3262,2935800.000000000000000,0.000000000000000
6541,24255461,2692,2422800.000000000000000,0.000000000000000
6542,24255463,9278,8350200.000000000000000,0.000000000000000
6543,24255465,697,627300.000000000000000,0.000000000000000
6544,24255467,1614,1452600.000000000000000,0.000000000000000
6545,24255469,5149,4634100.000000000000000,0.000000000000000
6546,24255471,4800,4320000.000000000000000,0.000000000000000
6547,24255473,2975,2677500.000000000000000,0.000000000000000
6548,24255475,2267,2040300.000000000000000,0.000000000000000
6549,24255477,36,32400.000000000000000,0.000000000000000
6550,24255479,1466,1319400.000000000000000,0.000000000000000
6551,24255481,5439,4895100.000000000000000,0.000000000000000
6552,24255483,5883,5294700.000000000000000,0.000000000000000
6553,24255485,689,620100.000000000000000,0.000000000000000
6554,24255487,2509,2258100.000000000000000,0.000000000000000
6555,24255489,1639,1475100.000000000000000,0.000000000000000
6556,24255491,2706,2435400.000000000000000,0.000000000000000
6557,24255493,2937,2643300.000000000000000,0.000000000000000
6558,24255495,1376,1238400.000000000000000,0.000000000000000
6559,24255497,1034,930600.000000000000000,0.000000000000000
6560,24255499,655,589500.000000000000000,0.000000000000000
6561,24255501,2099,1889100.000000000000000,0.000000000000000
6562,24255503,264,237600.000000000000000,0.000000000000000
6563,24255505,1326,1193400.000000000000000,0.000000000000000
6564,24255507,260,234000.000000000000000,0.000000000000000
6565,24255509,4359,3923100.000000000000000,0.000000000000000
6566,24255511,1309,1178100.000000000000000,0.000000000000000
6567,24255513,4058,3652200.000000000000000,0.000000000000000
6568,24255515,2775,2497500.000000000000000,0.000000000000000
6569,24255517,1014,912600.000000000000000,0.000000000000000
6570,24255519,2484,2235600.000000000000000,0.000000000000000
6571,24255521,2857,2571300.000000000000000,0.000000000000000
6572,24255523,152,136800.000000000000000,0.000000000000000
6573,24255525,3384,3045600.000000000000000,0.000000000000000
6574,24255527,2349,2114100.000000000000000,0.000000000000000
6575,24255529,4179,3761100.000000000000000,0.000000000000000
6576,24255531,16592,14932800.000000000000000,0.000000000000000
6577,24255533,1150,1035000.000000000000000,0.000000000000000
6578,24255535,311,279900.000000000000000,0.000000000000000
6579,24255537,4769,4292100.000000000000000,0.000000000000000
6580,24255539,2529,2276100.000000000000000,0.000000000000000
6581,24255541,4482,4033800.000000000000000,0.000000000000000
6582,24255543,2057,1851300.000000000000000,0.000000000000000
6583,24255545,3945,3550500.000000000000000,0.000000000000000
6584,24255547,650,585000.000000000000000,0.000000000000000
6585,24255549,1511,1359900.000000000000000,0.000000000000000
6586,24255551,4336,3902400.000000000000000,0.000000000000000
6587,24255553,2109,1898100.000000000000000,0.000000000000000
6588,24255555,4499,4049100.000000000000000,0.000000000000000
6589,24255557,11029,9926100.000000000000000,0.000000000000000
6590,24255559,3988,3589200.000000000000000,0.000000000000000
6591,24255561,3184,2865600.000000000000000,0.000000000000000
6592,24255563,1889,1700100.000000000000000,0.000000000000000
6593,24255565,2062,1855800.000000000000000,0.000000000000000
6594,24255567,11166,10049400.000000000000000,0.000000000000000
6595,24255569,2960,2664000.000000000000000,0.000000000000000
6596,24255571,1541,1386900.000000000000000,0.000000000000000
6597,24255573,836,752400.000000000000000,0.000000000000000
6598,24255575,67,60300.000000000000000,0.000000000000000
6599,24255577,749,674100.000000000000000,0.000000000000000
6600,24255579,161,144900.000000000000000,0.000000000000000
6601,24255581,739,665100.000000000000000,0.000000000000000
6602,24255583,705,634500.000000000000000,0.000000000000000
6603,24255585,846,761400.000000000000000,0.000000000000000
6604,24255587,956,860400.000000000000000,0.000000000000000
6605,24255589,2056,1850400.000000000000000,0.000000000000000
6606,24255591,1898,1708200.000000000000000,0.000000000000000
6607,24255593,493,443700.000000000000000,0.000000000000000
6608,24255595,2213,1991700.000000000000000,0.000000000000000
6609,24255597,293,263700.000000000000000,0.000000000000000
6610,24255599,2479,2231100.000000000000000,0.000000000000000
6611,24255601,2670,2403000.000000000000000,0.000000000000000
6612,24255603,828,745200.000000000000000,0.000000000000000
6613,24255605,3151,2835900.000000000000000,0.000000000000000
6614,24255607,1513,1361700.000000000000000,0.000000000000000
6615,24255609,678,610200.000000000000000,0.000000000000000
6616,24255611,1345,1210500.000000000000000,0.000000000000000
6617,24255613,396,356400.000000000000000,0.000000000000000
6618,24255615,603,542700.000000000000000,0.000000000000000
6619,24255617,13755,12379500.000000000000000,0.000000000000000
6620,24255619,2673,2405700.000000000000000,0.000000000000000
6621,24255621,314,282600.000000000000000,0.000000000000000
6622,24255623,4005,3604500.000000000000000,0.000000000000000
6623,24255625,629,566100.000000000000000,0.000000000000000
6624,24255627,6,5400.000000000000000,0.000000000000000
6625,24255629,3975,3577500.000000000000000,0.000000000000000
6626,24255631,2638,2374200.000000000000000,0.000000000000000
6627,24255633,1472,1324800.000000000000000,0.000000000000000
6628,24255635,1970,1773000.000000000000000,0.000000000000000
6629,24255637,9490,8541000.000000000000000,0.000000000000000
6630,24255639,4767,4290300.000000000000000,0.000000000000000
6631,24255641,3116,2804400.000000000000000,0.000000000000000
6632,24255643,2390,2151000.000000000000000,0.000000000000000
6633,24255645,5240,4716000.000000000000000,0.000000000000000
6634,24255647,8263,7436700.000000000000000,0.000000000000000
6635,24255649,3187,2868300.000000000000000,0.000000000000000
6636,24255651,3228,2905200.000000000000000,0.000000000000000
6637,24255653,7577,6819300.000000000000000,0.000000000000000
6638,24255655,376,338400.000000000000000,0.000000000000000
6639,24255657,8490,7641000.000000000000000,0.000000000000000
6640,24255659,3199,2879100.000000000000000,0.000000000000000
6641,24255661,14202,12781800.000000000000000,0.000000000000000
6642,24255663,13804,12423600.000000000000000,0.000000000000000
6643,24255665,5053,4547700.000000000000000,0.000000000000000
6644,24255667,4821,4338900.000000000000000,0.000000000000000
6645,24255669,2318,2086200.000000000000000,0.000000000000000
6646,24255671,6383,5744700.000000000000000,0.000000000000000
6647,24255673,1948,1753200.000000000000000,0.000000000000000
6648,24255675,10003,9002700.000000000000000,0.000000000000000
6649,24255677,5692,5122800.000000000000000,0.000000000000000
6650,24255679,8538,7684200.000000000000000,0.000000000000000
6651,24255681,19557,17601300.000000000000000,0.000000000000000
6652,24255683,1731,1557900.000000000000000,0.000000000000000
6653,24255685,15023,13520700.000000000000000,0.000000000000000
6654,24255687,25,22500.000000000000000,0.000000000000000
6655,24255689,1198,1078200.000000000000000,0.000000000000000
6656,24255691,2114,1902600.000000000000000,0.000000000000000
6657,24255693,2998,2698200.000000000000000,0.000000000000000
6658,24255695,806,725400.000000000000000,0.000000000000000
6659,24255697,20610,18549000.000000000000000,0.000000000000000
6660,24255699,1293,1163700.000000000000000,0.000000000000000
6661,24255701,199,179100.000000000000000,0.000000000000000
6662,24255703,1485,1336500.000000000000000,0.000000000000000
6663,24255705,9086,8177400.000000000000000,0.000000000000000
6664,24255707,2784,2505600.000000000000000,0.000000000000000
6665,24255709,3144,2829600.000000000000000,0.000000000000000
6666,24255711,930,837000.000000000000000,0.000000000000000
6667,24255713,120,108000.000000000000000,0.000000000000000
6668,24255715,9295,8365500.000000000000000,0.000000000000000
6669,24255717,5029,4526100.000000000000000,0.000000000000000
6670,24255719,7483,6734700.000000000000000,0.000000000000000
6671,24255721,3375,3037500.000000000000000,0.000000000000000
6672,24255723,4873,4385700.000000000000000,0.000000000000000
6673,24255725,440,396000.000000000000000,0.000000000000000
6674,24255727,2217,1995300.000000000000000,0.000000000000000
6675,24255729,5274,4746600.000000000000000,0.000000000000000
6676,24255731,3086,2777400.000000000000000,0.000000000000000
6677,24255733,10144,9129600.000000000000000,0.000000000000000
6678,24255735,21171,19053900.000000000000000,0.000000000000000
6679,24255737,3,2700.000000000000000,0.000000000000000
6680,24255739,4940,4446000.000000000000000,0.000000000000000
6681,24255741,3434,3090600.000000000000000,0.000000000000000
6682,24255743,5329,4796100.000000000000000,0.000000000000000
6683,24255745,2644,2379600.000000000000000,0.000000000000000
6684,24255747,438,394200.000000000000000,0.000000000000000
6685,24255749,136,122400.000000000000000,0.000000000000000
6686,24255751,5343,4808700.000000000000000,0.000000000000000
6687,24255753,5348,4813200.000000000000000,0.000000000000000
6688,24255755,2504,2253600.000000000000000,0.000000000000000
6689,24255757,276,248400.000000000000000,0.000000000000000
6690,24255759,1127777,1014999300.000000000000000,0.000000000000000
6691,24255761,4,3600.000000000000000,0.000000000000000
6692,24255763,7127,6414300.000000000000000,0.000000000000000
6693,24255765,15,13500.000000000000000,0.000000000000000
6694,24255767,4682,4213800.000000000000000,0.000000000000000
6695,24255769,238,214200.000000000000000,0.000000000000000
6696,24255771,1742,1567800.000000000000000,0.000000000000000
6697,24255773,711,639900.000000000000000,0.000000000000000
6698,24255775,263,236700.000000000000000,0.000000000000000
6699,24255777,2351,2115900.000000000000000,0.000000000000000
6700,24255779,5500,4950000.000000000000000,0.000000000000000
6701,24255781,5824,5241600.000000000000000,0.000000000000000
6702,24255783,2993,2693700.000000000000000,0.000000000000000
6703,24255785,2051,1845900.000000000000000,0.000000000000000
6704,24255787,2923,2630700.000000000000000,0.000000000000000
6705,24255789,2133,1919700.000000000000000,0.000000000000000
6706,24255791,180,162000.000000000000000,0.000000000000000
6707,24255793,10553,9497700.000000000000000,0.000000000000000
6708,24255795,839,755100.000000000000000,0.000000000000000
6709,24255797,286,257400.000000000000000,0.000000000000000
6710,24255799,418,376200.000000000000000,0.000000000000000
6711,24255801,181,162900.000000000000000,0.000000000000000
6712,24255803,1,900.000000000000000,0.000000000000000
6713,24255805,7339,6605100.000000000000000,0.000000000000000
6714,24255807,4169,3752100.000000000000000,0.000000000000000
6715,24255809,2,1800.000000000000000,0.000000000000000
6716,24255811,11885,10696500.000000000000000,0.000000000000000
6717,24255813,1216,1094400.000000000000000,0.000000000000000
6718,24255815,3179,2861100.000000000000000,0.000000000000000
6719,24255817,5480,4932000.000000000000000,0.000000000000000
6720,24255819,2620,2358000.000000000000000,0.000000000000000
6721,24255821,27,24300.000000000000000,0.000000000000000
6722,24255823,9752,8776800.000000000000000,0.000000000000000
6723,24255825,1443,1298700.000000000000000,0.000000000000000
6724,24255827,23204,20883600.000000000000000,0.000000000000000
6725,24255829,1106,995400.000000000000000,0.000000000000000
6726,24255831,1856,1670400.000000000000000,0.000000000000000
6727,24255833,1438,1294200.000000000000000,0.000000000000000
6728,24255835,4522,4069800.000000000000000,0.000000000000000
6729,24255837,5218,4696200.000000000000000,0.000000000000000
6730,24255839,109,98100.000000000000000,0.000000000000000
6731,24255841,2355,2119500.000000000000000,0.000000000000000
6732,24255845,10705,9634500.000000000000000,0.000000000000000
6733,24255847,8061,7254900.000000000000000,0.000000000000000
6734,24255849,3423,3080700.000000000000000,0.000000000000000
6735,24255851,1215,1093500.000000000000000,0.000000000000000
6736,24255853,3068,2761200.000000000000000,0.000000000000000
6737,24255855,4335,3901500.000000000000000,0.000000000000000
6738,24255857,15645,14080500.000000000000000,0.000000000000000
6739,24255859,4,3600.000000000000000,0.000000000000000
6740,24255861,66,59400.000000000000000,0.000000000000000
6741,24255863,8372,7534800.000000000000000,0.000000000000000
6742,24255865,3977,3579300.000000000000000,0.000000000000000
6743,24255867,11298,10168200.000000000000000,0.000000000000000
6744,24255869,3897,3507300.000000000000000,0.000000000000000
6745,24255871,51,45900.000000000000000,0.000000000000000
6746,24255873,18702,16831800.000000000000000,0.000000000000000
6747,24255875,421,378900.000000000000000,0.000000000000000
6748,24255877,1457,1311300.000000000000000,0.000000000000000
6749,24255881,3425,3082500.000000000000000,0.000000000000000
6750,24255883,3439,3095100.000000000000000,0.000000000000000
6751,24255885,181,162900.000000000000000,0.000000000000000
6752,24255887,6380,5742000.000000000000000,0.000000000000000
6753,24255889,1374,1236600.000000000000000,0.000000000000000
6754,24255891,1986,1787400.000000000000000,0.000000000000000
6755,24255893,4005,3604500.000000000000000,0.000000000000000
6756,24255895,2486,2237400.000000000000000,0.000000000000000
6757,24255897,118,106200.000000000000000,0.000000000000000
6758,24255899,119,107100.000000000000000,0.000000000000000
6759,24255901,609,548100.000000000000000,0.000000000000000
6760,24255903,3348,3013200.000000000000000,0.000000000000000
6761,24255905,11120,10008000.000000000000000,0.000000000000000
6762,24255907,3067,2760300.000000000000000,0.000000000000000
6763,24255909,5171,4653900.000000000000000,0.000000000000000
6764,24255911,10200,9180000.000000000000000,0.000000000000000
6765,24255913,270,243000.000000000000000,0.000000000000000
6766,24255915,1089,980100.000000000000000,0.000000000000000
6767,24255917,9129,8216100.000000000000000,0.000000000000000
6768,24255919,12704,11433600.000000000000000,0.000000000000000
6769,24255921,1615,1453500.000000000000000,0.000000000000000
6770,24255923,5197,4677300.000000000000000,0.000000000000000
6771,24255925,1591,1431900.000000000000000,0.000000000000000
6772,24255927,4298,3868200.000000000000000,0.000000000000000
6773,24255929,765,688500.000000000000000,0.000000000000000
6774,24255931,4780,4302000.000000000000000,0.000000000000000
6775,24255933,1188,1069200.000000000000000,0.000000000000000
6776,24255935,1960,1764000.000000000000000,0.000000000000000
6777,24255937,7429,6686100.000000000000000,0.000000000000000
6778,24255939,60,54000.000000000000000,0.000000000000000
6779,24255941,1403,1262700.000000000000000,0.000000000000000
6780,24255943,1961,1764900.000000000000000,0.000000000000000
6781,24255945,5006,4505400.000000000000000,0.000000000000000
6782,24255947,4317,3885300.000000000000000,0.000000000000000
6783,24255949,3432,3088800.000000000000000,0.000000000000000
6784,24255951,2702,2431800.000000000000000,0.000000000000000
6785,24255953,6432,5788800.000000000000000,0.000000000000000
6786,24255955,2703,2432700.000000000000000,0.000000000000000
6787,24255957,1578,1420200.000000000000000,0.000000000000000
6788,24255959,3869,3482100.000000000000000,0.000000000000000
6789,24255961,6269,5642100.000000000000000,0.000000000000000
6790,24255963,10023,9020700.000000000000000,0.000000000000000
6791,24255965,2738,2464200.000000000000000,0.000000000000000
6792,24255967,2659,2393100.000000000000000,0.000000000000000
6793,24255969,5880,5292000.000000000000000,0.000000000000000
6794,24255971,1746,1571400.000000000000000,0.000000000000000
6795,24255973,10144,9129600.000000000000000,0.000000000000000
6796,24255975,2807,2526300.000000000000000,0.000000000000000
6797,24255977,118,106200.000000000000000,0.000000000000000
6798,24255979,4112,3700800.000000000000000,0.000000000000000
6799,24255981,1937,1743300.000000000000000,0.000000000000000
6800,24255983,1221,1098900.000000000000000,0.000000000000000
6801,24255985,993,893700.000000000000000,0.000000000000000
6802,24255987,44,39600.000000000000000,0.000000000000000
6803,24255989,3493,3143700.000000000000000,0.000000000000000
6804,24255991,1752,1576800.000000000000000,0.000000000000000
6805,24255993,515,463500.000000000000000,0.000000000000000
6806,24255995,6603,5942700.000000000000000,0.000000000000000
6807,24255997,16,14400.000000000000000,0.000000000000000
6808,24255999,335,301500.000000000000000,0.000000000000000
6809,24256001,273,245700.000000000000000,0.000000000000000
6810,24256003,8658,7792200.000000000000000,0.000000000000000
6811,24256005,10799,9719100.000000000000000,0.000000000000000
6812,24256007,3163,2846700.000000000000000,0.000000000000000
6813,24256009,1200,1080000.000000000000000,0.000000000000000
6814,24256011,4398,3958200.000000000000000,0.000000000000000
6815,24256013,2765,2488500.000000000000000,0.000000000000000
6816,24256015,7681,6912900.000000000000000,0.000000000000000
6817,24256017,5048,4543200.000000000000000,0.000000000000000
6818,24256019,6524,5871600.000000000000000,0.000000000000000
6819,24256021,606,545400.000000000000000,0.000000000000000
6820,24256023,9860,8874000.000000000000000,0.000000000000000
6821,24256025,13493,12143700.000000000000000,0.000000000000000
6822,24256027,1401,1260900.000000000000000,0.000000000000000
6823,24256029,5774,5196600.000000000000000,0.000000000000000
6824,24256031,19208,17287200.000000000000000,0.000000000000000
6825,24256033,29,26100.000000000000000,0.000000000000000
6826,24256035,17786,16007400.000000000000000,0.000000000000000
6827,24256037,4328,3895200.000000000000000,0.000000000000000
6828,24256039,116,104400.000000000000000,0.000000000000000
6829,24256041,2820,2538000.000000000000000,0.000000000000000
6830,24256043,6791,6111900.000000000000000,0.000000000000000
6831,24256045,16153,14537700.000000000000000,0.000000000000000
6832,24256047,406,365400.000000000000000,0.000000000000000
6833,24256049,629,566100.000000000000000,0.000000000000000
6834,24256051,12363,11126700.000000000000000,0.000000000000000
6835,24256053,12050,10845000.000000000000000,0.000000000000000
6836,24256055,4064,3657600.000000000000000,0.000000000000000
6837,24256057,1825,1642500.000000000000000,0.000000000000000
6838,24256059,3384,3045600.000000000000000,0.000000000000000
6839,24256061,42,37800.000000000000000,0.000000000000000
6840,24256063,8009,7208100.000000000000000,0.000000000000000
6841,24256065,4472,4024800.000000000000000,0.000000000000000
6842,24256067,5304,4773600.000000000000000,0.000000000000000
6843,24256069,3,2700.000000000000000,0.000000000000000
6844,24256071,10997,9897300.000000000000000,0.000000000000000
6845,24256073,4675,4207500.000000000000000,0.000000000000000
6846,24256075,916,824400.000000000000000,0.000000000000000
6847,24256077,203,182700.000000000000000,0.000000000000000
6848,24256079,1516,1364400.000000000000000,0.000000000000000
6849,24256081,216,194400.000000000000000,0.000000000000000
6850,24256083,3166,2849400.000000000000000,0.000000000000000
6851,24256085,1430,1287000.000000000000000,0.000000000000000
6852,24256087,1718,1546200.000000000000000,0.000000000000000
6853,24256089,6556,5900400.000000000000000,0.000000000000000
6854,24256091,1173,1055700.000000000000000,0.000000000000000
6855,24256093,2861,2574900.000000000000000,0.000000000000000
6856,24256095,1804,1623600.000000000000000,0.000000000000000
6857,24256097,16,14400.000000000000000,0.000000000000000
6858,24256099,3719,3347100.000000000000000,0.000000000000000
6859,24256101,4577,4119300.000000000000000,0.000000000000000
6860,24256103,4327,3894300.000000000000000,0.000000000000000
6861,24256105,1593,1433700.000000000000000,0.000000000000000
6862,24256107,1558,1402200.000000000000000,0.000000000000000
6863,24256109,8043,7238700.000000000000000,0.000000000000000
6864,24256111,5855,5269500.000000000000000,0.000000000000000
6865,24256113,2087,1878300.000000000000000,0.000000000000000
6866,24256115,1684,1515600.000000000000000,0.000000000000000
6867,24256117,241,216900.000000000000000,0.000000000000000
6868,24256119,1140,1026000.000000000000000,0.000000000000000
6869,24256121,894,804600.000000000000000,0.000000000000000
6870,24256123,1152,1036800.000000000000000,0.000000000000000
6871,24256125,5630,5067000.000000000000000,0.000000000000000
6872,24256127,2062,1855800.000000000000000,0.000000000000000
6873,24256129,3384,3045600.000000000000000,0.000000000000000
6874,24256131,1113,1001700.000000000000000,0.000000000000000
6875,24256133,2827,2544300.000000000000000,0.000000000000000
6876,24256135,3521,3168900.000000000000000,0.000000000000000
6877,24256137,5565,5008500.000000000000000,0.000000000000000
6878,24256139,2,1800.000000000000000,0.000000000000000
6879,24256141,8006,7205400.000000000000000,0.000000000000000
6880,24256143,792,712800.000000000000000,0.000000000000000
6881,24256145,387,348300.000000000000000,0.000000000000000
6882,24256147,6361,5724900.000000000000000,0.000000000000000
6883,24256149,39153,35237700.000000000000000,0.000000000000000
6884,24256151,10793,9713700.000000000000000,0.000000000000000
6885,24256153,2477,2229300.000000000000000,0.000000000000000
6886,24256155,3146,2831400.000000000000000,0.000000000000000
6887,24256157,32,28800.000000000000000,0.000000000000000
6888,24256159,7145,6430500.000000000000000,0.000000000000000
6889,24256161,2332,2098800.000000000000000,0.000000000000000
6890,24256163,4441,3996900.000000000000000,0.000000000000000
6891,24256165,1712,1540800.000000000000000,0.000000000000000
6892,24256167,7718,6946200.000000000000000,0.000000000000000
6893,24256169,6360,5724000.000000000000000,0.000000000000000
6894,24256171,2115,1903500.000000000000000,0.000000000000000
6895,24256173,9546,8591400.000000000000000,0.000000000000000
6896,24256175,8847,7962300.000000000000000,0.000000000000000
6897,24256177,4926,4433400.000000000000000,0.000000000000000
6898,24256179,651,585900.000000000000000,0.000000000000000
6899,24256181,1360,1224000.000000000000000,0.000000000000000
6900,24256183,3675,3307500.000000000000000,0.000000000000000
6901,24256185,3529,3176100.000000000000000,0.000000000000000
6902,24256187,1042,937800.000000000000000,0.000000000000000
6903,24256189,2264,2037600.000000000000000,0.000000000000000
6904,24256191,5456,4910400.000000000000000,0.000000000000000
6905,24256193,8923,8030700.000000000000000,0.000000000000000
6906,24256197,4513,4061700.000000000000000,0.000000000000000
6907,24256199,2986,2687400.000000000000000,0.000000000000000
6908,24256201,1871,1683900.000000000000000,0.000000000000000
6909,24256203,5438,4894200.000000000000000,0.000000000000000
6910,24256205,5714,5142600.000000000000000,0.000000000000000
6911,24256207,6317,5685300.000000000000000,0.000000000000000
6912,24256209,4757,4281300.000000000000000,0.000000000000000
6913,24256211,14615,13153500.000000000000000,0.000000000000000
6914,24256213,2,1800.000000000000000,0.000000000000000
6915,24256215,6410,5769000.000000000000000,0.000000000000000
6916,24256217,13227,11904300.000000000000000,0.000000000000000
6917,24256219,988,889200.000000000000000,0.000000000000000
6918,24256221,10883,9794700.000000000000000,0.000000000000000
6919,24256223,574,516600.000000000000000,0.000000000000000
6920,24256225,3897,3507300.000000000000000,0.000000000000000
6921,24256227,244,219600.000000000000000,0.000000000000000
6922,24256229,1045,940500.000000000000000,0.000000000000000
6923,24256231,13526,12173400.000000000000000,0.000000000000000
6924,24256233,2377,2139300.000000000000000,0.000000000000000
6925,24256235,4011,3609900.000000000000000,0.000000000000000
6926,24256237,9201,8280900.000000000000000,0.000000000000000
6927,24256239,1836,1652400.000000000000000,0.000000000000000
6928,24256241,15025,13522500.000000000000000,0.000000000000000
6929,24256243,5384,4845600.000000000000000,0.000000000000000
6930,24256247,6141,5526900.000000000000000,0.000000000000000
6931,24256249,9367,8430300.000000000000000,0.000000000000000
6932,24256253,1707,1536300.000000000000000,0.000000000000000
6933,24256255,375,337500.000000000000000,0.000000000000000
6934,24256257,5845,5260500.000000000000000,0.000000000000000
6935,24256259,90,81000.000000000000000,0.000000000000000
6936,24256261,2590,2331000.000000000000000,0.000000000000000
6937,24256263,499,449100.000000000000000,0.000000000000000
6938,24256265,2265,2038500.000000000000000,0.000000000000000
6939,24256269,690,621000.000000000000000,0.000000000000000
6940,24256271,2177,1959300.000000000000000,0.000000000000000
6941,24256273,1908,1717200.000000000000000,0.000000000000000
6942,24256275,1410,1269000.000000000000000,0.000000000000000
6943,24256277,1613,1451700.000000000000000,0.000000000000000
6944,24256279,353,317700.000000000000000,0.000000000000000
6945,24256281,1414,1272600.000000000000000,0.000000000000000
6946,24256283,2355,2119500.000000000000000,0.000000000000000
6947,24256285,944,849600.000000000000000,0.000000000000000
6948,24256287,3785,3406500.000000000000000,0.000000000000000
6949,24256289,1082,973800.000000000000000,0.000000000000000
6950,24256291,5980,5382000.000000000000000,0.000000000000000
6951,24256293,1122,1009800.000000000000000,0.000000000000000
6952,24256295,3771,3393900.000000000000000,0.000000000000000
6953,24256297,445,400500.000000000000000,0.000000000000000
6954,24256299,832,748800.000000000000000,0.000000000000000
6955,24256301,1592,1432800.000000000000000,0.000000000000000
6956,24256303,1258,1132200.000000000000000,0.000000000000000
6957,24256305,1018,916200.000000000000000,0.000000000000000
6958,24256307,1856,1670400.000000000000000,0.000000000000000
6959,24256309,660,594000.000000000000000,0.000000000000000
6960,24256311,3306,2975400.000000000000000,0.000000000000000
6961,24256313,3903,3512700.000000000000000,0.000000000000000
6962,24256315,1726,1553400.000000000000000,0.000000000000000
6963,24256317,1664,1497600.000000000000000,0.000000000000000
6964,24256319,3392,3052800.000000000000000,0.000000000000000
6965,24256321,8194,7374600.000000000000000,0.000000000000000
6966,24256323,2748,2473200.000000000000000,0.000000000000000
6967,24256325,1687,1518300.000000000000000,0.000000000000000
6968,24256327,1228,1105200.000000000000000,0.000000000000000
6969,24256329,939,845100.000000000000000,0.000000000000000
6970,24256331,1669,1502100.000000000000000,0.000000000000000
6971,24256333,957,861300.000000000000000,0.000000000000000
6972,24256335,2314,2082600.000000000000000,0.000000000000000
6973,24256337,10017,9015300.000000000000000,0.000000000000000
6974,24256339,2837,2553300.000000000000000,0.000000000000000
6975,24256341,2846,2561400.000000000000000,0.000000000000000
6976,24256343,3146,2831400.000000000000000,0.000000000000000
6977,24256345,2335,2101500.000000000000000,0.000000000000000
6978,24256347,1083,974700.000000000000000,0.000000000000000
6979,24256349,4028,3625200.000000000000000,0.000000000000000
6980,24256351,1062,955800.000000000000000,0.000000000000000
6981,24256353,691,621900.000000000000000,0.000000000000000
6982,24256355,1324,1191600.000000000000000,0.000000000000000
6983,24256357,2333,2099700.000000000000000,0.000000000000000
6984,24256359,960,864000.000000000000000,0.000000000000000
6985,24256361,6567,5910300.000000000000000,0.000000000000000
6986,24256363,1825,1642500.000000000000000,0.000000000000000
6987,24256365,1761,1584900.000000000000000,0.000000000000000
6988,24256367,1191,1071900.000000000000000,0.000000000000000
6989,24256369,3556,3200400.000000000000000,0.000000000000000
6990,24256371,6605,5944500.000000000000000,0.000000000000000
6991,24256373,6101,5490900.000000000000000,0.000000000000000
6992,24256375,858,772200.000000000000000,0.000000000000000
6993,24256377,1914,1722600.000000000000000,0.000000000000000
6994,24256379,783,704700.000000000000000,0.000000000000000
6995,24256381,3156,2840400.000000000000000,0.000000000000000
6996,24256383,1614,1452600.000000000000000,0.000000000000000
6997,24256385,10256,9230400.000000000000000,0.000000000000000
6998,24256387,2629,2366100.000000000000000,0.000000000000000
6999,24256389,2151,1935900.000000000000000,0.000000000000000
7000,24256391,3646,3281400.000000000000000,0.000000000000000
7001,24256393,1397,1257300.000000000000000,0.000000000000000
7002,24256395,1104,993600.000000000000000,0.000000000000000
7003,24256397,3919,3527100.000000000000000,0.000000000000000
7004,24256399,4342,3907800.000000000000000,0.000000000000000
7005,24256401,7082,6373800.000000000000000,0.000000000000000
7006,24256403,1734,1560600.000000000000000,0.000000000000000
7007,24256405,2991,2691900.000000000000000,0.000000000000000
7008,24256407,61,54900.000000000000000,0.000000000000000
7009,24256409,2937,2643300.000000000000000,0.000000000000000
7010,24256411,889,800100.000000000000000,0.000000000000000
7011,24256413,9930,8937000.000000000000000,0.000000000000000
7012,24256415,882,793800.000000000000000,0.000000000000000
7013,24256417,4458,4012200.000000000000000,0.000000000000000
7014,24256419,1899,1709100.000000000000000,0.000000000000000
7015,24256421,2081,1872900.000000000000000,0.000000000000000
7016,24256423,2873,2585700.000000000000000,0.000000000000000
7017,24256425,1858,1672200.000000000000000,0.000000000000000
7018,24256427,60,54000.000000000000000,0.000000000000000
7019,24256429,3733,3359700.000000000000000,0.000000000000000
7020,24256431,2756,2480400.000000000000000,0.000000000000000
7021,24256433,10308,9277200.000000000000000,0.000000000000000
7022,24256435,1329,1196100.000000000000000,0.000000000000000
7023,24256437,1988,1789200.000000000000000,0.000000000000000
7024,24256439,3206,2885400.000000000000000,0.000000000000000
7025,24256441,200,180000.000000000000000,0.000000000000000
7026,24256443,1299,1169100.000000000000000,0.000000000000000
7027,24256445,1922,1729800.000000000000000,0.000000000000000
7028,24256447,1239,1115100.000000000000000,0.000000000000000
7029,24256449,962,865800.000000000000000,0.000000000000000
7030,24256451,7145,6430500.000000000000000,0.000000000000000
7031,24256453,2969,2672100.000000000000000,0.000000000000000
7032,24256455,3228,2905200.000000000000000,0.000000000000000
7033,24256457,2447,2202300.000000000000000,0.000000000000000
7034,24256459,1100,990000.000000000000000,0.000000000000000
7035,24256461,4410,3969000.000000000000000,0.000000000000000
7036,24256463,2147,1932300.000000000000000,0.000000000000000
7037,24256465,2779,2501100.000000000000000,0.000000000000000
7038,24256467,473,425700.000000000000000,0.000000000000000
7039,24256471,5864,5277600.000000000000000,0.000000000000000
7040,24256473,9050,8145000.000000000000000,0.000000000000000
7041,24256475,2526,2273400.000000000000000,0.000000000000000
7042,24256477,2230,2007000.000000000000000,0.000000000000000
7043,24256479,4538,4084200.000000000000000,0.000000000000000
7044,24256481,6501,5850900.000000000000000,0.000000000000000
7045,24256483,1098,988200.000000000000000,0.000000000000000
7046,24256485,778,700200.000000000000000,0.000000000000000
7047,24256487,2921,2628900.000000000000000,0.000000000000000
7048,24256489,2753,2477700.000000000000000,0.000000000000000
7049,24256491,1973,1775700.000000000000000,0.000000000000000
7050,24256493,3152,2836800.000000000000000,0.000000000000000
7051,24256495,10410,9369000.000000000000000,0.000000000000000
7052,24256497,954,858600.000000000000000,0.000000000000000
7053,24256499,6708,6037200.000000000000000,0.000000000000000
7054,24256501,8908,8017200.000000000000000,0.000000000000000
7055,24256503,3467,3120300.000000000000000,0.000000000000000
7056,24256505,7889,7100100.000000000000000,0.000000000000000
7057,24256507,1186,1067400.000000000000000,0.000000000000000
7058,24256509,4344,3909600.000000000000000,0.000000000000000
7059,24256511,2009,1808100.000000000000000,0.000000000000000
7060,24256513,2692,2422800.000000000000000,0.000000000000000
7061,24256515,3316,2984400.000000000000000,0.000000000000000
7062,24256517,10772,9694800.000000000000000,0.000000000000000
7063,24256519,907,816300.000000000000000,0.000000000000000
7064,24256521,4587,4128300.000000000000000,0.000000000000000
7065,24256523,1042,937800.000000000000000,0.000000000000000
7066,24256525,3769,3392100.000000000000000,0.000000000000000
7067,24256527,3454,3108600.000000000000000,0.000000000000000
7068,24256529,3111,2799900.000000000000000,0.000000000000000
7069,24256531,2143,1928700.000000000000000,0.000000000000000
7070,24256533,4015,3613500.000000000000000,0.000000000000000
7071,24256535,2661,2394900.000000000000000,0.000000000000000
7072,24256537,669,602100.000000000000000,0.000000000000000
7073,24256539,2030,1827000.000000000000000,0.000000000000000
7074,24256541,539,485100.000000000000000,0.000000000000000
7075,24256543,1037,933300.000000000000000,0.000000000000000
7076,24256545,1174,1056600.000000000000000,0.000000000000000
7077,24256547,1183,1064700.000000000000000,0.000000000000000
7078,24256549,3415,3073500.000000000000000,0.000000000000000
7079,24256551,2271,2043900.000000000000000,0.000000000000000
7080,24256553,12661,11394900.000000000000000,0.000000000000000
7081,24256555,2607,2346300.000000000000000,0.000000000000000
7082,24256557,8141,7326900.000000000000000,0.000000000000000
7083,24256559,2272,2044800.000000000000000,0.000000000000000
7084,24256561,3521,3168900.000000000000000,0.000000000000000
7085,24256563,2244,2019600.000000000000000,0.000000000000000
7086,24256565,826,743400.000000000000000,0.000000000000000
7087,24256567,4999,4499100.000000000000000,0.000000000000000
7088,24256569,1544,1389600.000000000000000,0.000000000000000
7089,24256571,1643,1478700.000000000000000,0.000000000000000
7090,24256573,4949,4454100.000000000000000,0.000000000000000
7091,24256575,2522,2269800.000000000000000,0.000000000000000
7092,24256577,642,577800.000000000000000,0.000000000000000
7093,24256579,5528,4975200.000000000000000,0.000000000000000
7094,24256581,6349,5714100.000000000000000,0.000000000000000
7095,24256583,2207,1986300.000000000000000,0.000000000000000
7096,24256585,758,682200.000000000000000,0.000000000000000
7097,24256587,1545,1390500.000000000000000,0.000000000000000
7098,24256589,5914,5322600.000000000000000,0.000000000000000
7099,24256591,4083,3674700.000000000000000,0.000000000000000
7100,24256593,1800,1620000.000000000000000,0.000000000000000
7101,24256595,2689,2420100.000000000000000,0.000000000000000
7102,24256597,1851,1665900.000000000000000,0.000000000000000
7103,24256599,3414,3072600.000000000000000,0.000000000000000
7104,24256601,7909,7118100.000000000000000,0.000000000000000
7105,24256603,1436,1292400.000000000000000,0.000000000000000
7106,24256605,3650,3285000.000000000000000,0.000000000000000
7107,24256607,11766,10589400.000000000000000,0.000000000000000
7108,24256609,1562,1405800.000000000000000,0.000000000000000
7109,24256611,2359,2123100.000000000000000,0.000000000000000
7110,24256613,5565,5008500.000000000000000,0.000000000000000
7111,24256615,1023,920700.000000000000000,0.000000000000000
7112,24256617,900,810000.000000000000000,0.000000000000000
7113,24256619,3207,2886300.000000000000000,0.000000000000000
7114,24256621,3342,3007800.000000000000000,0.000000000000000
7115,24256623,1645,1480500.000000000000000,0.000000000000000
7116,24256625,2214,1992600.000000000000000,0.000000000000000
7117,24256627,8320,7488000.000000000000000,0.000000000000000
7118,24256629,4999,4499100.000000000000000,0.000000000000000
7119,24256631,3791,3411900.000000000000000,0.000000000000000
7120,24256633,1478,1330200.000000000000000,0.000000000000000
7121,24256635,13591,12231900.000000000000000,0.000000000000000
7122,24256637,8091,7281900.000000000000000,0.000000000000000
7123,24256639,2563,2306700.000000000000000,0.000000000000000
7124,24256641,2021,1818900.000000000000000,0.000000000000000
7125,24256643,3217,2895300.000000000000000,0.000000000000000
7126,24256645,1427,1284300.000000000000000,0.000000000000000
7127,24256647,31328,28195200.000000000000000,0.000000000000000
7128,24256649,811,729900.000000000000000,0.000000000000000
7129,24256651,1106,995400.000000000000000,0.000000000000000
7130,24256653,4321,3888900.000000000000000,0.000000000000000
7131,24256655,1110,999000.000000000000000,0.000000000000000
7132,24256657,908,817200.000000000000000,0.000000000000000
7133,24256659,4045,3640500.000000000000000,0.000000000000000
7134,24256661,2937,2643300.000000000000000,0.000000000000000
7135,24256663,2305,2074500.000000000000000,0.000000000000000
7136,24256665,1955,1759500.000000000000000,0.000000000000000
7137,24256667,9692,8722800.000000000000000,0.000000000000000
7138,24256669,999,899100.000000000000000,0.000000000000000
7139,24256671,1772,1594800.000000000000000,0.000000000000000
7140,24256673,7046,6341400.000000000000000,0.000000000000000
7141,24256675,1433,1289700.000000000000000,0.000000000000000
7142,24256677,1661,1494900.000000000000000,0.000000000000000
7143,24256679,477,429300.000000000000000,0.000000000000000
7144,24256681,3204,2883600.000000000000000,0.000000000000000
7145,24256683,5537,4983300.000000000000000,0.000000000000000
7146,24256685,2697,2427300.000000000000000,0.000000000000000
7147,24256687,981,882900.000000000000000,0.000000000000000
7148,24256689,2764,2487600.000000000000000,0.000000000000000
7149,24256691,2932,2638800.000000000000000,0.000000000000000
7150,24256693,6652,5986800.000000000000000,0.000000000000000
7151,24256695,1030,927000.000000000000000,0.000000000000000
7152,24256697,2757,2481300.000000000000000,0.000000000000000
7153,24256699,6994,6294600.000000000000000,0.000000000000000
7154,24256701,5103,4592700.000000000000000,0.000000000000000
7155,24256703,3238,2914200.000000000000000,0.000000000000000
7156,24256705,2130,1917000.000000000000000,0.000000000000000
7157,24256707,2207,1986300.000000000000000,0.000000000000000
7158,24256709,2577,2319300.000000000000000,0.000000000000000
7159,24256711,1099,989100.000000000000000,0.000000000000000
7160,24256713,12963,11666700.000000000000000,0.000000000000000
7161,24256715,10430,9387000.000000000000000,0.000000000000000
7162,24256717,3572,3214800.000000000000000,0.000000000000000
7163,24256719,2239,2015100.000000000000000,0.000000000000000
7164,24256721,7096,6386400.000000000000000,0.000000000000000
7165,24256723,6100,5490000.000000000000000,0.000000000000000
7166,24256725,2767,2490300.000000000000000,0.000000000000000
7167,24256727,2652,2386800.000000000000000,0.000000000000000
7168,24256729,3124,2811600.000000000000000,0.000000000000000
7169,24256731,2835,2551500.000000000000000,0.000000000000000
7170,24256733,2020,1818000.000000000000000,0.000000000000000
7171,24256735,787,708300.000000000000000,0.000000000000000
7172,24256737,3873,3485700.000000000000000,0.000000000000000
7173,24256739,3782,3403800.000000000000000,0.000000000000000
7174,24256741,2192,1972800.000000000000000,0.000000000000000
7175,24256743,2064,1857600.000000000000000,0.000000000000000
7176,24256745,7433,6689700.000000000000000,0.000000000000000
7177,24256747,1208,1087200.000000000000000,0.000000000000000
7178,24256749,998,898200.000000000000000,0.000000000000000
7179,24256751,1581,1422900.000000000000000,0.000000000000000
7180,24256753,1222,1099800.000000000000000,0.000000000000000
7181,24256755,1026,923400.000000000000000,0.000000000000000
7182,24256757,2872,2584800.000000000000000,0.000000000000000
7183,24256759,5845,5260500.000000000000000,0.000000000000000
7184,24256761,2103,1892700.000000000000000,0.000000000000000
7185,24256763,5019,4517100.000000000000000,0.000000000000000
7186,24256765,843,758700.000000000000000,0.000000000000000
7187,24256767,1553,1397700.000000000000000,0.000000000000000
7188,24256769,1398,1258200.000000000000000,0.000000000000000
7189,24256771,981,882900.000000000000000,0.000000000000000
7190,24256773,1278,1150200.000000000000000,0.000000000000000
7191,24256775,10852,9766800.000000000000000,0.000000000000000
7192,24256777,9411,8469900.000000000000000,0.000000000000000
7193,24256779,1384,1245600.000000000000000,0.000000000000000
7194,24256781,1348,1213200.000000000000000,0.000000000000000
7195,24256783,9832,8848800.000000000000000,0.000000000000000
7196,24256785,6294,5664600.000000000000000,0.000000000000000
7197,24256787,2317,2085300.000000000000000,0.000000000000000
7198,24256789,868,781200.000000000000000,0.000000000000000
7199,24256791,3288,2959200.000000000000000,0.000000000000000
7200,24256793,4722,4249800.000000000000000,0.000000000000000
7201,24256795,1341,1206900.000000000000000,0.000000000000000
7202,24256797,2428,2185200.000000000000000,0.000000000000000
7203,24256799,10082,9073800.000000000000000,0.000000000000000
7204,24256801,6524,5871600.000000000000000,0.000000000000000
7205,24256803,1984,1785600.000000000000000,0.000000000000000
7206,24256805,11562,10405800.000000000000000,0.000000000000000
7207,24256807,4274,3846600.000000000000000,0.000000000000000
7208,24256809,1384,1245600.000000000000000,0.000000000000000
7209,24256811,4447,4002300.000000000000000,0.000000000000000
7210,24256813,3113,2801700.000000000000000,0.000000000000000
7211,24256815,1598,1438200.000000000000000,0.000000000000000
7212,24256817,1545,1390500.000000000000000,0.000000000000000
7213,24256819,6613,5951700.000000000000000,0.000000000000000
7214,24256821,3971,3573900.000000000000000,0.000000000000000
7215,24256823,754,678600.000000000000000,0.000000000000000
7216,24256825,2558,2302200.000000000000000,0.000000000000000
7217,24256827,1330,1197000.000000000000000,0.000000000000000
7218,24256829,2264,2037600.000000000000000,0.000000000000000
7219,24256831,2465,2218500.000000000000000,0.000000000000000
7220,24256833,3367,3030300.000000000000000,0.000000000000000
7221,24256835,1270,1143000.000000000000000,0.000000000000000
7222,24256837,809,728100.000000000000000,0.000000000000000
7223,24256839,3928,3535200.000000000000000,0.000000000000000
7224,24256841,2080,1872000.000000000000000,0.000000000000000
7225,24256843,1729,1556100.000000000000000,0.000000000000000
7226,24256845,2116,1904400.000000000000000,0.000000000000000
7227,24256847,1277,1149300.000000000000000,0.000000000000000
7228,24256849,2219,1997100.000000000000000,0.000000000000000
7229,24256851,887,798300.000000000000000,0.000000000000000
7230,24256853,1506,1355400.000000000000000,0.000000000000000
7231,24256855,2157,1941300.000000000000000,0.000000000000000
7232,24256857,1498,1348200.000000000000000,0.000000000000000
7233,24256859,1242,1117800.000000000000000,0.000000000000000
7234,24256861,1489,1340100.000000000000000,0.000000000000000
7235,24256863,11427,10284300.000000000000000,0.000000000000000
7236,24256865,2582,2323800.000000000000000,0.000000000000000
7237,24256867,3805,3424500.000000000000000,0.000000000000000
7238,24256869,10423,9380700.000000000000000,0.000000000000000
7239,24256871,1575,1417500.000000000000000,0.000000000000000
7240,24256873,2329,2096100.000000000000000,0.000000000000000
7241,24256875,1725,1552500.000000000000000,0.000000000000000
7242,24256877,1047,942300.000000000000000,0.000000000000000
7243,24256879,2644,2379600.000000000000000,0.000000000000000
7244,24256883,1800,1620000.000000000000000,0.000000000000000
7245,24256885,1250,1125000.000000000000000,0.000000000000000
7246,24256887,2309,2078100.000000000000000,0.000000000000000
7247,24256889,10812,9730800.000000000000000,0.000000000000000
7248,24256891,2824,2541600.000000000000000,0.000000000000000
7249,24256893,2965,2668500.000000000000000,0.000000000000000
7250,24256895,1445,1300500.000000000000000,0.000000000000000
7251,24256897,2424,2181600.000000000000000,0.000000000000000
7252,24256899,3477,3129300.000000000000000,0.000000000000000
7253,24256901,1250,1125000.000000000000000,0.000000000000000
7254,24256903,2873,2585700.000000000000000,0.000000000000000
7255,24256905,2621,2358900.000000000000000,0.000000000000000
7256,24256907,2589,2330100.000000000000000,0.000000000000000
7257,24256909,2315,2083500.000000000000000,0.000000000000000
7258,24256911,4393,3953700.000000000000000,0.000000000000000
7259,24256913,4168,3751200.000000000000000,0.000000000000000
7260,24256915,4320,3888000.000000000000000,0.000000000000000
7261,24256917,4157,3741300.000000000000000,0.000000000000000
7262,24256919,5662,5095800.000000000000000,0.000000000000000
7263,24256921,755,679500.000000000000000,0.000000000000000
7264,24256923,12807,11526300.000000000000000,0.000000000000000
7265,24256925,19008,17107200.000000000000000,0.000000000000000
7266,24256927,1355,1219500.000000000000000,0.000000000000000
7267,24256929,976,878400.000000000000000,0.000000000000000
7268,24256931,2439,2195100.000000000000000,0.000000000000000
7269,24256933,694,624600.000000000000000,0.000000000000000
7270,24256935,2971,2673900.000000000000000,0.000000000000000
7271,24256937,1960,1764000.000000000000000,0.000000000000000
7272,24256939,1357,1221300.000000000000000,0.000000000000000
7273,24256941,8218,7396200.000000000000000,0.000000000000000
7274,24256943,2142,1927800.000000000000000,0.000000000000000
7275,24256945,2385,2146500.000000000000000,0.000000000000000
7276,24256947,4570,4113000.000000000000000,0.000000000000000
7277,24256949,3729,3356100.000000000000000,0.000000000000000
7278,24256951,856,770400.000000000000000,0.000000000000000
7279,24256953,14381,12942900.000000000000000,0.000000000000000
7280,24256955,10692,9622800.000000000000000,0.000000000000000
7281,24256959,794,714600.000000000000000,0.000000000000000
7282,24256961,4924,4431600.000000000000000,0.000000000000000
7283,24256963,1479,1331100.000000000000000,0.000000000000000
7284,24256965,1508,1357200.000000000000000,0.000000000000000
7285,24256967,7563,6806700.000000000000000,0.000000000000000
7286,24256969,2983,2684700.000000000000000,0.000000000000000
7287,24256971,1149,1034100.000000000000000,0.000000000000000
7288,24256973,3848,3463200.000000000000000,0.000000000000000
7289,24256975,3348,3013200.000000000000000,0.000000000000000
7290,24256977,3896,3506400.000000000000000,0.000000000000000
7291,24256979,3716,3344400.000000000000000,0.000000000000000
7292,24256981,1284,1155600.000000000000000,0.000000000000000
7293,24256983,3733,3359700.000000000000000,0.000000000000000
7294,24256985,2112,1900800.000000000000000,0.000000000000000
7295,24256987,2800,2520000.000000000000000,0.000000000000000
7296,24256989,2479,2231100.000000000000000,0.000000000000000
7297,24256991,2246,2021400.000000000000000,0.000000000000000
7298,24256993,1163,1046700.000000000000000,0.000000000000000
7299,24256995,926,833400.000000000000000,0.000000000000000
7300,24256997,3904,3513600.000000000000000,0.000000000000000
7301,24256999,2391,2151900.000000000000000,0.000000000000000
7302,24257001,1494,1344600.000000000000000,0.000000000000000
7303,24257003,1502,1351800.000000000000000,0.000000000000000
7304,24257005,1975,1777500.000000000000000,0.000000000000000
7305,24257007,1575,1417500.000000000000000,0.000000000000000
7306,24257009,472,424800.000000000000000,0.000000000000000
7307,24257011,1377,1239300.000000000000000,0.000000000000000
7308,24257013,468,421200.000000000000000,0.000000000000000
7309,24257015,1302,1171800.000000000000000,0.000000000000000
7310,24257017,4305,3874500.000000000000000,0.000000000000000
7311,24257021,4540,4086000.000000000000000,0.000000000000000
7312,24257023,2277,2049300.000000000000000,0.000000000000000
7313,24257025,3271,2943900.000000000000000,0.000000000000000
7314,24257027,1159,1043100.000000000000000,0.000000000000000
7315,24257029,4220,3798000.000000000000000,0.000000000000000
7316,24257031,58,52200.000000000000000,0.000000000000000
7317,24257033,1003,902700.000000000000000,0.000000000000000
7318,24257035,7650,6885000.000000000000000,0.000000000000000
7319,24257037,2601,2340900.000000000000000,0.000000000000000
7320,24257039,4022,3619800.000000000000000,0.000000000000000
7321,24257041,2542,2287800.000000000000000,0.000000000000000
7322,24257043,2586,2327400.000000000000000,0.000000000000000
7323,24257045,12336,11102400.000000000000000,0.000000000000000
7324,24257047,1124,1011600.000000000000000,0.000000000000000
7325,24257049,11856,10670400.000000000000000,0.000000000000000
7326,24257051,1898,1708200.000000000000000,0.000000000000000
7327,24257053,7085,6376500.000000000000000,0.000000000000000
7328,24257055,2226,2003400.000000000000000,0.000000000000000
7329,24257057,952,856800.000000000000000,0.000000000000000
7330,24257059,631,567900.000000000000000,0.000000000000000
7331,24257061,3150,2835000.000000000000000,0.000000000000000
7332,24257063,2873,2585700.000000000000000,0.000000000000000
7333,24257065,6273,5645700.000000000000000,0.000000000000000
7334,24257067,1366,1229400.000000000000000,0.000000000000000
7335,24257069,8675,7807500.000000000000000,0.000000000000000
7336,24257071,3501,3150900.000000000000000,0.000000000000000
7337,24257073,1735,1561500.000000000000000,0.000000000000000
7338,24257075,1878,1690200.000000000000000,0.000000000000000
7339,24257077,2871,2583900.000000000000000,0.000000000000000
7340,24257079,2853,2567700.000000000000000,0.000000000000000
7341,24257081,800,720000.000000000000000,0.000000000000000
7342,24257083,2240,2016000.000000000000000,0.000000000000000
7343,24257085,2769,2492100.000000000000000,0.000000000000000
7344,24257087,1012,910800.000000000000000,0.000000000000000
7345,24257089,3655,3289500.000000000000000,0.000000000000000
7346,24257091,879,791100.000000000000000,0.000000000000000
7347,24257093,146,131400.000000000000000,0.000000000000000
7348,24257095,2586,2327400.000000000000000,0.000000000000000
7349,24257097,8,7200.000000000000000,0.000000000000000
7350,24257099,1284,1155600.000000000000000,0.000000000000000
7351,24257101,2900,2610000.000000000000000,0.000000000000000
7352,24257103,2404,2163600.000000000000000,0.000000000000000
7353,24257105,532,478800.000000000000000,0.000000000000000
7354,24257107,1217,1095300.000000000000000,0.000000000000000
7355,24257109,6977,6279300.000000000000000,0.000000000000000
7356,24257111,4338,3904200.000000000000000,0.000000000000000
7357,24257113,731,657900.000000000000000,0.000000000000000
7358,24257115,1047,942300.000000000000000,0.000000000000000
7359,24257117,6610,5949000.000000000000000,0.000000000000000
7360,24257119,2224,2001600.000000000000000,0.000000000000000
7361,24257121,4453,4007700.000000000000000,0.000000000000000
7362,24257123,4686,4217400.000000000000000,0.000000000000000
7363,24257125,1167,1050300.000000000000000,0.000000000000000
7364,24257127,3356,3020400.000000000000000,0.000000000000000
7365,24257129,292,262800.000000000000000,0.000000000000000
7366,24257131,2302,2071800.000000000000000,0.000000000000000
7367,24257133,5120,4608000.000000000000000,0.000000000000000
7368,24257135,746,671400.000000000000000,0.000000000000000
7369,24257137,1037,933300.000000000000000,0.000000000000000
7370,24257139,130,117000.000000000000000,0.000000000000000
7371,24257141,2768,2491200.000000000000000,0.000000000000000
7372,24257143,2700,2430000.000000000000000,0.000000000000000
7373,24257145,3374,3036600.000000000000000,0.000000000000000
7374,24257147,3065,2758500.000000000000000,0.000000000000000
7375,24257149,1212,1090800.000000000000000,0.000000000000000
7376,24257153,1134,1020600.000000000000000,0.000000000000000
7377,24257155,1148,1033200.000000000000000,0.000000000000000
7378,24257157,7631,6867900.000000000000000,0.000000000000000
7379,24257159,974,876600.000000000000000,0.000000000000000
7380,24257161,702,631800.000000000000000,0.000000000000000
7381,24257165,9704,8733600.000000000000000,0.000000000000000
7382,24257167,1041,936900.000000000000000,0.000000000000000
7383,24257169,4375,3937500.000000000000000,0.000000000000000
7384,24257171,1566,1409400.000000000000000,0.000000000000000
7385,24257173,7335,6601500.000000000000000,0.000000000000000
7386,24257175,5297,4767300.000000000000000,0.000000000000000
7387,24257177,3831,3447900.000000000000000,0.000000000000000
7388,24257179,1345,1210500.000000000000000,0.000000000000000
7389,24257181,5544,4989600.000000000000000,0.000000000000000
7390,24257183,1524,1371600.000000000000000,0.000000000000000
7391,24257185,4905,4414500.000000000000000,0.000000000000000
7392,24257187,2820,2538000.000000000000000,0.000000000000000
7393,24257189,4033,3629700.000000000000000,0.000000000000000
7394,24257191,4553,4097700.000000000000000,0.000000000000000
7395,24257193,6273,5645700.000000000000000,0.000000000000000
7396,24257195,1439,1295100.000000000000000,0.000000000000000
7397,24257197,2536,2282400.000000000000000,0.000000000000000
7398,24257199,962,865800.000000000000000,0.000000000000000
7399,24257201,4085,3676500.000000000000000,0.000000000000000
7400,24257203,842,757800.000000000000000,0.000000000000000
7401,24257205,836,752400.000000000000000,0.000000000000000
7402,24257207,1586,1427400.000000000000000,0.000000000000000
7403,24257209,2120,1908000.000000000000000,0.000000000000000
7404,24257211,8122,7309800.000000000000000,0.000000000000000
7405,24257213,2878,2590200.000000000000000,0.000000000000000
7406,24257215,2428,2185200.000000000000000,0.000000000000000
7407,24257217,463,416700.000000000000000,0.000000000000000
7408,24257219,501,450900.000000000000000,0.000000000000000
7409,24257221,3284,2955600.000000000000000,0.000000000000000
7410,24257223,344,309600.000000000000000,0.000000000000000
7411,24257225,2567,2310300.000000000000000,0.000000000000000
7412,24257227,1623,1460700.000000000000000,0.000000000000000
7413,24257229,1544,1389600.000000000000000,0.000000000000000
7414,24257231,2475,2227500.000000000000000,0.000000000000000
7415,24257233,2683,2414700.000000000000000,0.000000000000000
7416,24257235,2451,2205900.000000000000000,0.000000000000000
7417,24257237,1648,1483200.000000000000000,0.000000000000000
7418,24257239,3314,2982600.000000000000000,0.000000000000000
7419,24257241,8012,7210800.000000000000000,0.000000000000000
7420,24257243,3471,3123900.000000000000000,0.000000000000000
7421,24257245,452,406800.000000000000000,0.000000000000000
7422,24257247,1678,1510200.000000000000000,0.000000000000000
7423,24257249,2368,2131200.000000000000000,0.000000000000000
7424,24257251,4722,4249800.000000000000000,0.000000000000000
7425,24257253,1875,1687500.000000000000000,0.000000000000000
7426,24257255,7286,6557400.000000000000000,0.000000000000000
7427,24257257,5171,4653900.000000000000000,0.000000000000000
7428,24257259,28,25200.000000000000000,0.000000000000000
7429,24257261,1700,1530000.000000000000000,0.000000000000000
7430,24257263,3628,3265200.000000000000000,0.000000000000000
7431,24257265,7556,6800400.000000000000000,0.000000000000000
7432,24257267,2944,2649600.000000000000000,0.000000000000000
7433,24257269,191,171900.000000000000000,0.000000000000000
7434,24257271,3912,3520800.000000000000000,0.000000000000000
7435,24257273,8790,7911000.000000000000000,0.000000000000000
7436,24257275,1803,1622700.000000000000000,0.000000000000000
7437,24257277,3314,2982600.000000000000000,0.000000000000000
7438,24257279,1793,1613700.000000000000000,0.000000000000000
7439,24257281,533,479700.000000000000000,0.000000000000000
7440,24257283,719,647100.000000000000000,0.000000000000000
7441,24257285,3491,3141900.000000000000000,0.000000000000000
7442,24257287,2289,2060100.000000000000000,0.000000000000000
7443,24257289,19762,17785800.000000000000000,0.000000000000000
7444,24257291,519,467100.000000000000000,0.000000000000000
7445,24257293,6212,5590800.000000000000000,0.000000000000000
7446,24257295,682,613800.000000000000000,0.000000000000000
7447,24257297,970,873000.000000000000000,0.000000000000000
7448,24257299,40,36000.000000000000000,0.000000000000000
7449,24257301,448,403200.000000000000000,0.000000000000000
7450,24257303,1609,1448100.000000000000000,0.000000000000000
7451,24257305,258,232200.000000000000000,0.000000000000000
7452,24257307,1518,1366200.000000000000000,0.000000000000000
7453,24257309,330,297000.000000000000000,0.000000000000000
7454,24257311,3578,3220200.000000000000000,0.000000000000000
7455,24257313,4009,3608100.000000000000000,0.000000000000000
7456,24257315,1847,1662300.000000000000000,0.000000000000000
7457,24257317,798,718200.000000000000000,0.000000000000000
7458,24257319,1853,1667700.000000000000000,0.000000000000000
7459,24257321,4242,3817800.000000000000000,0.000000000000000
7460,24257323,805,724500.000000000000000,0.000000000000000
7461,24257325,2526,2273400.000000000000000,0.000000000000000
7462,24257327,4518,4066200.000000000000000,0.000000000000000
7463,24257329,3034,2730600.000000000000000,0.000000000000000
7464,24257331,2178,1960200.000000000000000,0.000000000000000
7465,24257333,1936,1742400.000000000000000,0.000000000000000
7466,24257335,17,15300.000000000000000,0.000000000000000
7467,24257337,5655,5089500.000000000000000,0.000000000000000
7468,24257339,5387,4848300.000000000000000,0.000000000000000
7469,24257341,1514,1362600.000000000000000,0.000000000000000
7470,24257343,1643,1478700.000000000000000,0.000000000000000
7471,24257345,676,608400.000000000000000,0.000000000000000
7472,24257347,56,50400.000000000000000,0.000000000000000
7473,24257349,687,618300.000000000000000,0.000000000000000
7474,24257351,1292,1162800.000000000000000,0.000000000000000
7475,24257353,4018,3616200.000000000000000,0.000000000000000
7476,24257355,1043,938700.000000000000000,0.000000000000000
7477,24257357,864,777600.000000000000000,0.000000000000000
7478,24257359,5435,4891500.000000000000000,0.000000000000000
7479,24257361,2585,2326500.000000000000000,0.000000000000000
7480,24257363,2538,2284200.000000000000000,0.000000000000000
7481,24257365,3431,3087900.000000000000000,0.000000000000000
7482,24257367,1448,1303200.000000000000000,0.000000000000000
7483,24257369,8,7200.000000000000000,0.000000000000000
7484,24257371,5894,5304600.000000000000000,0.000000000000000
7485,24257373,3203,2882700.000000000000000,0.000000000000000
7486,24257375,4587,4128300.000000000000000,0.000000000000000
7487,24257377,396,356400.000000000000000,0.000000000000000
7488,24257379,3121,2808900.000000000000000,0.000000000000000
7489,24257381,596,536400.000000000000000,0.000000000000000
7490,24257383,2546,2291400.000000000000000,0.000000000000000
7491,24257385,2058,1852200.000000000000000,0.000000000000000
7492,24257387,1842,1657800.000000000000000,0.000000000000000
7493,24257389,4750,4275000.000000000000000,0.000000000000000
7494,24257391,212,190800.000000000000000,0.000000000000000
7495,24257393,723,650700.000000000000000,0.000000000000000
7496,24257395,3098,2788200.000000000000000,0.000000000000000
7497,24257397,619,557100.000000000000000,0.000000000000000
7498,24257399,2594,2334600.000000000000000,0.000000000000000
7499,24257401,145,130500.000000000000000,0.000000000000000
7500,24257403,7719,6947100.000000000000000,0.000000000000000
7501,24257405,2538,2284200.000000000000000,0.000000000000000
7502,24257407,617,555300.000000000000000,0.000000000000000
7503,24257409,683,614700.000000000000000,0.000000000000000
7504,24257411,3805,3424500.000000000000000,0.000000000000000
7505,24257413,8759,7883100.000000000000000,0.000000000000000
7506,24257415,3097,2787300.000000000000000,0.000000000000000
7507,24257417,2233,2009700.000000000000000,0.000000000000000
7508,24257419,2046,1841400.000000000000000,0.000000000000000
7509,24257421,942,847800.000000000000000,0.000000000000000
7510,24257423,4695,4225500.000000000000000,0.000000000000000
7511,24257425,925,832500.000000000000000,0.000000000000000
7512,24257427,2500,2250000.000000000000000,0.000000000000000
7513,24257429,2350,2115000.000000000000000,0.000000000000000
7514,24257431,697,627300.000000000000000,0.000000000000000
7515,24257433,846,761400.000000000000000,0.000000000000000
7516,24257435,3068,2761200.000000000000000,0.000000000000000
7517,24257437,1105,994500.000000000000000,0.000000000000000
7518,24257439,4421,3978900.000000000000000,0.000000000000000
7519,24257441,2486,2237400.000000000000000,0.000000000000000
7520,24257443,8562,7705800.000000000000000,0.000000000000000
7521,24257445,3780,3402000.000000000000000,0.000000000000000
7522,24257447,708,637200.000000000000000,0.000000000000000
7523,24257449,594,534600.000000000000000,0.000000000000000
7524,24257451,683,614700.000000000000000,0.000000000000000
7525,24257453,1191,1071900.000000000000000,0.000000000000000
7526,24257455,2156,1940400.000000000000000,0.000000000000000
7527,24257457,1076,968400.000000000000000,0.000000000000000
7528,24257459,5119,4607100.000000000000000,0.000000000000000
7529,24257461,3657,3291300.000000000000000,0.000000000000000
7530,24257463,3229,2906100.000000000000000,0.000000000000000
7531,24257465,1332,1198800.000000000000000,0.000000000000000
7532,24257467,403,362700.000000000000000,0.000000000000000
7533,24257469,3003,2702700.000000000000000,0.000000000000000
7534,24257471,3376,3038400.000000000000000,0.000000000000000
7535,24257473,3906,3515400.000000000000000,0.000000000000000
7536,24257475,1608,1447200.000000000000000,0.000000000000000
7537,24257477,4042,3637800.000000000000000,0.000000000000000
7538,24257479,4984,4485600.000000000000000,0.000000000000000
7539,24257481,2257,2031300.000000000000000,0.000000000000000
7540,24257483,2869,2582100.000000000000000,0.000000000000000
7541,24257485,968,871200.000000000000000,0.000000000000000
7542,24257487,1210,1089000.000000000000000,0.000000000000000
7543,24257489,1110,999000.000000000000000,0.000000000000000
7544,24257491,369,332100.000000000000000,0.000000000000000
7545,24257493,3139,2825100.000000000000000,0.000000000000000
7546,24257495,2362,2125800.000000000000000,0.000000000000000
7547,24257497,24,21600.000000000000000,0.000000000000000
7548,24257499,2135,1921500.000000000000000,0.000000000000000
7549,24257501,1978,1780200.000000000000000,0.000000000000000
7550,24257503,2238,2014200.000000000000000,0.000000000000000
7551,24257505,1439,1295100.000000000000000,0.000000000000000
7552,24257507,4851,4365900.000000000000000,0.000000000000000
7553,24257509,280,252000.000000000000000,0.000000000000000
7554,24257511,1057,951300.000000000000000,0.000000000000000
7555,24257513,788,709200.000000000000000,0.000000000000000
7556,24257515,2439,2195100.000000000000000,0.000000000000000
7557,24257517,551,495900.000000000000000,0.000000000000000
7558,24257519,319,287100.000000000000000,0.000000000000000
7559,24257521,2037,1833300.000000000000000,0.000000000000000
7560,24257523,1278,1150200.000000000000000,0.000000000000000
7561,24257525,348,313200.000000000000000,0.000000000000000
7562,24257527,1727,1554300.000000000000000,0.000000000000000
7563,24257529,6772,6094800.000000000000000,0.000000000000000
7564,24257531,6407,5766300.000000000000000,0.000000000000000
7565,24257533,456,410400.000000000000000,0.000000000000000
7566,24257535,15392,13852800.000000000000000,0.000000000000000
7567,24257537,1,900.000000000000000,0.000000000000000
7568,24257539,8,7200.000000000000000,0.000000000000000
7569,24257541,3,2700.000000000000000,0.000000000000000
7570,24257543,66,59400.000000000000000,0.000000000000000
7571,24257545,127,114300.000000000000000,0.000000000000000
7572,24257547,2127,1914300.000000000000000,0.000000000000000
7573,24257549,20,18000.000000000000000,0.000000000000000
7574,24257551,2,1800.000000000000000,0.000000000000000
7575,24257553,102,91800.000000000000000,0.000000000000000
7576,24257555,250,225000.000000000000000,0.000000000000000
7577,24257557,1983,1784700.000000000000000,0.000000000000000
7578,24257559,316,284400.000000000000000,0.000000000000000
7579,24257561,107,96300.000000000000000,0.000000000000000
7580,24257563,4,3600.000000000000000,0.000000000000000
7581,24257565,877,789300.000000000000000,0.000000000000000
7582,24257567,109,98100.000000000000000,0.000000000000000
7583,24257569,271,243900.000000000000000,0.000000000000000
7584,24257571,3440,3096000.000000000000000,0.000000000000000
7585,24257573,1928,1735200.000000000000000,0.000000000000000
7586,24257575,1893,1703700.000000000000000,0.000000000000000
7587,24257577,1308,1177200.000000000000000,0.000000000000000
7588,24257579,1792,1612800.000000000000000,0.000000000000000
7589,24257581,7045,6340500.000000000000000,0.000000000000000
7590,24257583,17,15300.000000000000000,0.000000000000000
7591,24257585,22,19800.000000000000000,0.000000000000000
7592,24257587,138,124200.000000000000000,0.000000000000000
7593,24257593,24,21600.000000000000000,0.000000000000000
7594,24257595,12,10800.000000000000000,0.000000000000000
7595,24257597,3,2700.000000000000000,0.000000000000000
7596,24257599,26,23400.000000000000000,0.000000000000000
7597,24257601,49,44100.000000000000000,0.000000000000000
7598,24257603,3,2700.000000000000000,0.000000000000000
7599,24257605,1211,1089900.000000000000000,0.000000000000000
7600,24257607,41,36900.000000000000000,0.000000000000000
7601,24257609,1030,927000.000000000000000,0.000000000000000
7602,24257611,577,519300.000000000000000,0.000000000000000
7603,24257613,833,749700.000000000000000,0.000000000000000
7604,24257615,1038,934200.000000000000000,0.000000000000000
7605,24257617,196,176400.000000000000000,0.000000000000000
7606,24257619,470,423000.000000000000000,0.000000000000000
7607,24257621,423,380700.000000000000000,0.000000000000000
7608,24257623,315,283500.000000000000000,0.000000000000000
7609,24257625,1790,1611000.000000000000000,0.000000000000000
7610,24257627,652,586800.000000000000000,0.000000000000000
7611,24257629,486,437400.000000000000000,0.000000000000000
7612,24257631,1349,1214100.000000000000000,0.000000000000000
7613,24257633,19,17100.000000000000000,0.000000000000000
7614,24257635,16,14400.000000000000000,0.000000000000000
7615,24257637,419,377100.000000000000000,0.000000000000000
7616,24257639,11127,10014300.000000000000000,0.000000000000000
7617,24257641,1190,1071000.000000000000000,0.000000000000000
7618,24257643,1785,1606500.000000000000000,0.000000000000000
7619,24257645,4517,4065300.000000000000000,0.000000000000000
7620,24257647,3204,2883600.000000000000000,0.000000000000000
7621,24257649,1577,1419300.000000000000000,0.000000000000000
7622,24257651,2929,2636100.000000000000000,0.000000000000000
7623,24257653,8780,7902000.000000000000000,0.000000000000000
7624,24257657,7,6300.000000000000000,0.000000000000000
7625,24257659,199,179100.000000000000000,0.000000000000000
7626,24257689,5071,4563900.000000000000000,0.000000000000000
7627,24257693,525,472500.000000000000000,0.000000000000000
7628,24257695,7,6300.000000000000000,0.000000000000000
7629,24257719,7,6300.000000000000000,0.000000000000000
7630,24257721,645,580500.000000000000000,0.000000000000000
7631,24257723,75,67500.000000000000000,0.000000000000000
7632,24257725,1230,1107000.000000000000000,0.000000000000000
7633,24257727,4080,3672000.000000000000000,0.000000000000000
7634,24257729,24,21600.000000000000000,0.000000000000000
7635,24257751,7080,6372000.000000000000000,0.000000000000000
7636,24264743,493,443700.000000000000000,0.000000000000000
7637,24264745,1002,901800.000000000000000,0.000000000000000
7638,24264747,1535,1381500.000000000000000,0.000000000000000
7639,24264751,3947,3552300.000000000000000,0.000000000000000
7640,24264753,14,12600.000000000000000,0.000000000000000
7641,24264755,10,9000.000000000000000,0.000000000000000
7642,24264757,102,91800.000000000000000,0.000000000000000
7643,24264759,144,129600.000000000000000,0.000000000000000
7644,24264761,394,354600.000000000000000,0.000000000000000
7645,24264763,5439,4895100.000000000000000,0.000000000000000
7646,24264765,70,63000.000000000000000,0.000000000000000
7647,24264767,259,233100.000000000000000,0.000000000000000
7648,24264769,301,270900.000000000000000,0.000000000000000
7649,24264771,1174,1056600.000000000000000,0.000000000000000
7650,24264773,1131,1017900.000000000000000,0.000000000000000
7651,24264775,16786,15107400.000000000000000,0.000000000000000
7652,24264777,7,6300.000000000000000,0.000000000000000
7653,24264781,17,15300.000000000000000,0.000000000000000
7654,24264783,6135,5521500.000000000000000,0.000000000000000
7655,24264785,698,628200.000000000000000,0.000000000000000
7656,24264787,5505,4954500.000000000000000,0.000000000000000
7657,24264789,2998,2698200.000000000000000,0.000000000000000
7658,24264791,381,342900.000000000000000,0.000000000000000
7659,24264793,826,743400.000000000000000,0.000000000000000
7660,24264795,19,17100.000000000000000,0.000000000000000
7661,24264797,191,171900.000000000000000,0.000000000000000
7662,24264799,6978,6280200.000000000000000,0.000000000000000
7663,24264801,389,350100.000000000000000,0.000000000000000
7664,24264803,129,116100.000000000000000,0.000000000000000
7665,24264805,295,265500.000000000000000,0.000000000000000
7666,24264807,122,109800.000000000000000,0.000000000000000
7667,24264809,2391,2151900.000000000000000,0.000000000000000
7668,24264811,502,451800.000000000000000,0.000000000000000
7669,24264813,1995,1795500.000000000000000,0.000000000000000
7670,24264815,153,137700.000000000000000,0.000000000000000
7671,24264817,10045,9040500.000000000000000,0.000000000000000
7672,24264819,166,149400.000000000000000,0.000000000000000
7673,24264821,2019,1817100.000000000000000,0.000000000000000
7674,24264823,2425,2182500.000000000000000,0.000000000000000
7675,24264825,946,851400.000000000000000,0.000000000000000
7676,24264827,5559,5003100.000000000000000,0.000000000000000
7677,24264829,1329,1196100.000000000000000,0.000000000000000
7678,24264831,8709,7838100.000000000000000,0.000000000000000
7679,24264833,3605,3244500.000000000000000,0.000000000000000
7680,24264835,2,1800.000000000000000,0.000000000000000
7681,24264837,1029,926100.000000000000000,0.000000000000000
7682,24264839,5507,4956300.000000000000000,0.000000000000000
7683,24264841,14647,13182300.000000000000000,0.000000000000000
7684,24264843,3772,3394800.000000000000000,0.000000000000000
7685,24264845,17524,15771600.000000000000000,0.000000000000000
7686,24264847,12879,11591100.000000000000000,0.000000000000000
7687,24264849,7359,6623100.000000000000000,0.000000000000000
7688,24264851,5576,5018400.000000000000000,0.000000000000000
7689,24264853,1388,1249200.000000000000000,0.000000000000000
7690,24264855,6944,6249600.000000000000000,0.000000000000000
7691,24264857,1246,1121400.000000000000000,0.000000000000000
7692,24264859,2476,2228400.000000000000000,0.000000000000000
7693,24264861,4220,3798000.000000000000000,0.000000000000000
7694,24264863,3,2700.000000000000000,0.000000000000000
7695,24264865,10356,9320400.000000000000000,0.000000000000000
7696,24264867,4899,4409100.000000000000000,0.000000000000000
7697,24264869,2105,1894500.000000000000000,0.000000000000000
7698,24264871,3537,3183300.000000000000000,0.000000000000000
7699,24264873,8,7200.000000000000000,0.000000000000000
7700,24264875,382,343800.000000000000000,0.000000000000000
7701,24264877,1768,1591200.000000000000000,0.000000000000000
7702,24264879,419,377100.000000000000000,0.000000000000000
7703,24264881,1516,1364400.000000000000000,0.000000000000000
7704,24264883,121,108900.000000000000000,0.000000000000000
7705,24264885,1297,1167300.000000000000000,0.000000000000000
7706,24264887,635,571500.000000000000000,0.000000000000000
7707,24264889,490,441000.000000000000000,0.000000000000000
7708,24264891,425,382500.000000000000000,0.000000000000000
7709,24264893,137,123300.000000000000000,0.000000000000000
7710,24264895,317,285300.000000000000000,0.000000000000000
7711,24264897,80,72000.000000000000000,0.000000000000000
7712,24264899,7387,6648300.000000000000000,0.000000000000000
7713,24264901,4413,3971700.000000000000000,0.000000000000000
7714,24264903,7057,6351300.000000000000000,0.000000000000000
7715,24264905,1553,1397700.000000000000000,0.000000000000000
7716,24264907,259,233100.000000000000000,0.000000000000000
7717,24264909,3867,3480300.000000000000000,0.000000000000000
7718,24264911,85,76500.000000000000000,0.000000000000000
7719,24264913,309,278100.000000000000000,0.000000000000000
7720,24264915,1524,1371600.000000000000000,0.000000000000000
7721,24264917,49,44100.000000000000000,0.000000000000000
7722,24264919,568,511200.000000000000000,0.000000000000000
7723,24264921,2167,1950300.000000000000000,0.000000000000000
7724,24264923,14,12600.000000000000000,0.000000000000000
7725,24264925,275,247500.000000000000000,0.000000000000000
7726,24264927,444,399600.000000000000000,0.000000000000000
7727,24264929,50,45000.000000000000000,0.000000000000000
7728,24264931,26,23400.000000000000000,0.000000000000000
7729,24264933,1146,1031400.000000000000000,0.000000000000000
7730,24264935,593,533700.000000000000000,0.000000000000000
7731,24264937,5,4500.000000000000000,0.000000000000000
7732,24264939,2346,2111400.000000000000000,0.000000000000000
7733,24264941,6,5400.000000000000000,0.000000000000000
7734,24264943,83,74700.000000000000000,0.000000000000000
7735,24264945,302,271800.000000000000000,0.000000000000000
7736,24264947,887,798300.000000000000000,0.000000000000000
7737,24264949,81,72900.000000000000000,0.000000000000000
7738,24264951,586,527400.000000000000000,0.000000000000000
7739,24264953,2357,2121300.000000000000000,0.000000000000000
7740,24264955,736,662400.000000000000000,0.000000000000000
7741,24264957,7,6300.000000000000000,0.000000000000000
7742,24264959,5243,4718700.000000000000000,0.000000000000000
7743,24264961,2708,2437200.000000000000000,0.000000000000000
7744,24264963,279,251100.000000000000000,0.000000000000000
7745,24264965,1966,1769400.000000000000000,0.000000000000000
7746,24264967,8252,7426800.000000000000000,0.000000000000000
7747,24264969,858,772200.000000000000000,0.000000000000000
7748,24264971,441,396900.000000000000000,0.000000000000000
7749,24264973,340,306000.000000000000000,0.000000000000000
7750,24264975,4202,3781800.000000000000000,0.000000000000000
7751,24264977,8345,7510500.000000000000000,0.000000000000000
7752,24264979,1602,1441800.000000000000000,0.000000000000000
7753,24264981,3306,2975400.000000000000000,0.000000000000000
7754,24264983,1989,1790100.000000000000000,0.000000000000000
7755,24264985,370,333000.000000000000000,0.000000000000000
7756,24264987,3360,3024000.000000000000000,0.000000000000000
7757,24264989,8889,8000100.000000000000000,0.000000000000000
7758,24264991,1520,1368000.000000000000000,0.000000000000000
7759,24264993,5726,5153400.000000000000000,0.000000000000000
7760,24264995,1631,1467900.000000000000000,0.000000000000000
7761,24264997,367,330300.000000000000000,0.000000000000000
7762,24264999,628,565200.000000000000000,0.000000000000000
7763,24265001,60,54000.000000000000000,0.000000000000000
7764,24265003,2612,2350800.000000000000000,0.000000000000000
7765,24265005,203,182700.000000000000000,0.000000000000000
7766,24265007,525,472500.000000000000000,0.000000000000000
7767,24265009,1175,1057500.000000000000000,0.000000000000000
7768,24265011,1114,1002600.000000000000000,0.000000000000000
7769,24265013,4188,3769200.000000000000000,0.000000000000000
7770,24265015,2166,1949400.000000000000000,0.000000000000000
7771,24265017,4180,3762000.000000000000000,0.000000000000000
7772,24265019,2856,2570400.000000000000000,0.000000000000000
7773,24265021,932,838800.000000000000000,0.000000000000000
7774,24265023,6275,5647500.000000000000000,0.000000000000000
7775,24265025,3787,3408300.000000000000000,0.000000000000000
7776,24265027,422,379800.000000000000000,0.000000000000000
7777,24265029,2322,2089800.000000000000000,0.000000000000000
7778,24265031,7868,7081200.000000000000000,0.000000000000000
7779,24265033,2635,2371500.000000000000000,0.000000000000000
7780,24265035,1874,1686600.000000000000000,0.000000000000000
7781,24265037,2862,2575800.000000000000000,0.000000000000000
7782,24265039,7993,7193700.000000000000000,0.000000000000000
7783,24265041,204,183600.000000000000000,0.000000000000000
7784,24265043,548,493200.000000000000000,0.000000000000000
7785,24265045,11500,10350000.000000000000000,0.000000000000000
7786,24265047,6165,5548500.000000000000000,0.000000000000000
7787,24265049,2479,2231100.000000000000000,0.000000000000000
7788,24265051,27298,24568200.000000000000000,0.000000000000000
7789,24265053,2866,2579400.000000000000000,0.000000000000000
7790,24265055,12561,11304900.000000000000000,0.000000000000000
7791,24265057,14525,13072500.000000000000000,0.000000000000000
7792,24265059,13,11700.000000000000000,0.000000000000000
7793,24265061,218,196200.000000000000000,0.000000000000000
7794,24265063,711,639900.000000000000000,0.000000000000000
7795,24265065,246,221400.000000000000000,0.000000000000000
7796,24265067,375,337500.000000000000000,0.000000000000000
7797,24265069,412,370800.000000000000000,0.000000000000000
7798,24265071,469,422100.000000000000000,0.000000000000000
7799,24265073,130,117000.000000000000000,0.000000000000000
7800,24265075,707,636300.000000000000000,0.000000000000000
7801,24265077,127,114300.000000000000000,0.000000000000000
7802,24265079,250,225000.000000000000000,0.000000000000000
7803,24265081,98,88200.000000000000000,0.000000000000000
7804,24265083,293,263700.000000000000000,0.000000000000000
7805,24265085,792,712800.000000000000000,0.000000000000000
7806,24265087,216,194400.000000000000000,0.000000000000000
7807,24265089,2721,2448900.000000000000000,0.000000000000000
7808,24265091,1980,1782000.000000000000000,0.000000000000000
7809,24265093,49,44100.000000000000000,0.000000000000000
7810,24265095,2747,2472300.000000000000000,0.000000000000000
7811,24265097,28,25200.000000000000000,0.000000000000000
7812,24265099,6,5400.000000000000000,0.000000000000000
7813,24265101,121,108900.000000000000000,0.000000000000000
7814,24265103,139,125100.000000000000000,0.000000000000000
7815,24265105,2323,2090700.000000000000000,0.000000000000000
7816,24265107,1349,1214100.000000000000000,0.000000000000000
7817,24265109,4152,3736800.000000000000000,0.000000000000000
7818,24265111,6684,6015600.000000000000000,0.000000000000000
7819,24265113,536,482400.000000000000000,0.000000000000000
7820,24265115,18955,17059500.000000000000000,0.000000000000000
7821,24265117,9506,8555400.000000000000000,0.000000000000000
7822,24265119,572,514800.000000000000000,0.000000000000000
7823,24265121,3139,2825100.000000000000000,0.000000000000000
7824,24265123,502,451800.000000000000000,0.000000000000000
7825,24265125,1821,1638900.000000000000000,0.000000000000000
7826,24265127,3717,3345300.000000000000000,0.000000000000000
7827,24265129,3228,2905200.000000000000000,0.000000000000000
7828,24265131,3509,3158100.000000000000000,0.000000000000000
7829,24265133,922,829800.000000000000000,0.000000000000000
7830,24265135,2895,2605500.000000000000000,0.000000000000000
7831,24265137,7080,6372000.000000000000000,0.000000000000000
7832,24265139,27819,25037100.000000000000000,0.000000000000000
7833,24265141,3616,3254400.000000000000000,0.000000000000000
7834,24265143,8208,7387200.000000000000000,0.000000000000000
7835,24265145,10506,9455400.000000000000000,0.000000000000000
7836,24265147,42,37800.000000000000000,0.000000000000000
7837,24265149,1468,1321200.000000000000000,0.000000000000000
7838,24265151,15,13500.000000000000000,0.000000000000000
7839,24265153,21004,18903600.000000000000000,0.000000000000000
7840,24265155,3477,3129300.000000000000000,0.000000000000000
7841,24265157,6287,5658300.000000000000000,0.000000000000000
7842,24265159,2107,1896300.000000000000000,0.000000000000000
7843,24265161,113,101700.000000000000000,0.000000000000000
7844,24265163,24970,22473000.000000000000000,0.000000000000000
7845,24265165,3868,3481200.000000000000000,0.000000000000000
7846,24265167,7303,6572700.000000000000000,0.000000000000000
7847,24265169,6466,5819400.000000000000000,0.000000000000000
7848,24265171,14840,13356000.000000000000000,0.000000000000000
7849,24265173,72,64800.000000000000000,0.000000000000000
7850,24265175,114,102600.000000000000000,0.000000000000000
7851,24265177,45,40500.000000000000000,0.000000000000000
7852,24265179,4239,3815100.000000000000000,0.000000000000000
7853,24265181,6057,5451300.000000000000000,0.000000000000000
7854,24265183,817,735300.000000000000000,0.000000000000000
7855,24265185,518,466200.000000000000000,0.000000000000000
7856,24265187,6,5400.000000000000000,0.000000000000000
7857,24265189,51,45900.000000000000000,0.000000000000000
7858,24265191,304,273600.000000000000000,0.000000000000000
7859,24265193,622,559800.000000000000000,0.000000000000000
7860,24265195,5,4500.000000000000000,0.000000000000000
7861,24265197,1415,1273500.000000000000000,0.000000000000000
7862,24265199,12492,11242800.000000000000000,0.000000000000000
7863,24265201,19616,17654400.000000000000000,0.000000000000000
7864,24265203,1548,1393200.000000000000000,0.000000000000000
7865,24265205,326,293400.000000000000000,0.000000000000000
7866,24265207,185,166500.000000000000000,0.000000000000000
7867,24265209,3669,3302100.000000000000000,0.000000000000000
7868,24265211,165,148500.000000000000000,0.000000000000000
7869,24265213,9084,8175600.000000000000000,0.000000000000000
7870,24265215,771,693900.000000000000000,0.000000000000000
7871,24265217,28,25200.000000000000000,0.000000000000000
7872,24265219,633,569700.000000000000000,0.000000000000000
7873,24265221,13,11700.000000000000000,0.000000000000000
7874,24265223,13571,12213900.000000000000000,0.000000000000000
7875,24265225,433,389700.000000000000000,0.000000000000000
7876,24265227,2748,2473200.000000000000000,0.000000000000000
7877,24265229,870,783000.000000000000000,0.000000000000000
7878,24265231,3271,2943900.000000000000000,0.000000000000000
7879,24265233,2247,2022300.000000000000000,0.000000000000000
7880,24265235,2,1800.000000000000000,0.000000000000000
7881,24265237,2725,2452500.000000000000000,0.000000000000000
7882,24265239,6639,5975100.000000000000000,0.000000000000000
7883,24265241,28758,25882200.000000000000000,0.000000000000000
7884,24265243,928,835200.000000000000000,0.000000000000000
7885,24265245,277,249300.000000000000000,0.000000000000000
7886,24265247,520,468000.000000000000000,0.000000000000000
7887,24265249,33,29700.000000000000000,0.000000000000000
7888,24265251,1747,1572300.000000000000000,0.000000000000000
7889,24265253,2712,2440800.000000000000000,0.000000000000000
7890,24265255,242,217800.000000000000000,0.000000000000000
7891,24265257,6451,5805900.000000000000000,0.000000000000000
7892,24265259,2188,1969200.000000000000000,0.000000000000000
7893,24265261,306,275400.000000000000000,0.000000000000000
7894,24265263,5532,4978800.000000000000000,0.000000000000000
7895,24265265,7886,7097400.000000000000000,0.000000000000000
7896,24265267,646,581400.000000000000000,0.000000000000000
7897,24265269,33,29700.000000000000000,0.000000000000000
7898,24265271,3950,3555000.000000000000000,0.000000000000000
7899,24265273,1280,1152000.000000000000000,0.000000000000000
7900,24265275,5844,5259600.000000000000000,0.000000000000000
7901,24265277,6500,5850000.000000000000000,0.000000000000000
7902,24265279,11515,10363500.000000000000000,0.000000000000000
7903,24265281,2328,2095200.000000000000000,0.000000000000000
7904,24265283,1369,1232100.000000000000000,0.000000000000000
7905,24265285,2630,2367000.000000000000000,0.000000000000000
7906,24265287,2626,2363400.000000000000000,0.000000000000000
7907,24265289,2655,2389500.000000000000000,0.000000000000000
7908,24265291,1195,1075500.000000000000000,0.000000000000000
7909,24265293,3277,2949300.000000000000000,0.000000000000000
7910,24265295,3507,3156300.000000000000000,0.000000000000000
7911,24265297,1701,1530900.000000000000000,0.000000000000000
7912,24265299,2210,1989000.000000000000000,0.000000000000000
7913,24265301,580,522000.000000000000000,0.000000000000000
7914,24265303,17,15300.000000000000000,0.000000000000000
7915,24265305,2471,2223900.000000000000000,0.000000000000000
7916,24265307,260,234000.000000000000000,0.000000000000000
7917,24265309,2640,2376000.000000000000000,0.000000000000000
7918,24265311,47,42300.000000000000000,0.000000000000000
7919,24265313,1144,1029600.000000000000000,0.000000000000000
7920,24265315,1454,1308600.000000000000000,0.000000000000000
7921,24265317,370,333000.000000000000000,0.000000000000000
7922,24265319,11,9900.000000000000000,0.000000000000000
7923,24265321,2107,1896300.000000000000000,0.000000000000000
7924,24265323,12726,11453400.000000000000000,0.000000000000000
7925,24265325,644,579600.000000000000000,0.000000000000000
7926,24265327,2088,1879200.000000000000000,0.000000000000000
7927,24265329,345,310500.000000000000000,0.000000000000000
7928,24265331,711,639900.000000000000000,0.000000000000000
7929,24265333,608,547200.000000000000000,0.000000000000000
7930,24265335,14207,12786300.000000000000000,0.000000000000000
7931,24265337,3380,3042000.000000000000000,0.000000000000000
7932,24265339,6919,6227100.000000000000000,0.000000000000000
7933,24265341,364,327600.000000000000000,0.000000000000000
7934,24265343,973,875700.000000000000000,0.000000000000000
7935,24265345,2826,2543400.000000000000000,0.000000000000000
7936,24265347,6811,6129900.000000000000000,0.000000000000000
7937,24265349,12657,11391300.000000000000000,0.000000000000000
7938,24265351,11568,10411200.000000000000000,0.000000000000000
7939,24265353,2,1800.000000000000000,0.000000000000000
7940,24265355,12610,11349000.000000000000000,0.000000000000000
7941,24265357,14119,12707100.000000000000000,0.000000000000000
7942,24265359,99,89100.000000000000000,0.000000000000000
7943,24265361,3838,3454200.000000000000000,0.000000000000000
7944,24265363,207,186300.000000000000000,0.000000000000000
7945,24265365,4923,4430700.000000000000000,0.000000000000000
7946,24265367,1049,944100.000000000000000,0.000000000000000
7947,24265369,10003,9002700.000000000000000,0.000000000000000
7948,24265371,2,1800.000000000000000,0.000000000000000
7949,24265373,10698,9628200.000000000000000,0.000000000000000
7950,24265375,7104,6393600.000000000000000,0.000000000000000
7951,24265377,4382,3943800.000000000000000,0.000000000000000
7952,24265379,4935,4441500.000000000000000,0.000000000000000
7953,24265381,2830,2547000.000000000000000,0.000000000000000
7954,24265383,300,270000.000000000000000,0.000000000000000
7955,24265385,11594,10434600.000000000000000,0.000000000000000
7956,24265387,114,102600.000000000000000,0.000000000000000
7957,24265389,5379,4841100.000000000000000,0.000000000000000
7958,24265393,1355,1219500.000000000000000,0.000000000000000
7959,24265395,17204,15483600.000000000000000,0.000000000000000
7960,24265397,4787,4308300.000000000000000,0.000000000000000
7961,24265399,103,92700.000000000000000,0.000000000000000
7962,24265401,4505,4054500.000000000000000,0.000000000000000
7963,24265403,5416,4874400.000000000000000,0.000000000000000
7964,24265405,4484,4035600.000000000000000,0.000000000000000
7965,24265407,580,522000.000000000000000,0.000000000000000
7966,24265409,4982,4483800.000000000000000,0.000000000000000
7967,24265411,5841,5256900.000000000000000,0.000000000000000
7968,24265413,1149,1034100.000000000000000,0.000000000000000
7969,24265415,2499,2249100.000000000000000,0.000000000000000
7970,24265417,39,35100.000000000000000,0.000000000000000
7971,24265419,527,474300.000000000000000,0.000000000000000
7972,24265421,1922,1729800.000000000000000,0.000000000000000
7973,24265423,3306,2975400.000000000000000,0.000000000000000
7974,24265425,4,3600.000000000000000,0.000000000000000
7975,24265427,18940,17046000.000000000000000,0.000000000000000
7976,24265429,2430,2187000.000000000000000,0.000000000000000
7977,24265431,3302,2971800.000000000000000,0.000000000000000
7978,24265433,877,789300.000000000000000,0.000000000000000
7979,24265435,1,900.000000000000000,0.000000000000000
7980,24265437,3893,3503700.000000000000000,0.000000000000000
7981,24265439,4477,4029300.000000000000000,0.000000000000000
7982,24265441,8253,7427700.000000000000000,0.000000000000000
7983,24265443,871,783900.000000000000000,0.000000000000000
7984,24265445,2849,2564100.000000000000000,0.000000000000000
7985,24265447,5160,4644000.000000000000000,0.000000000000000
7986,24265449,170,153000.000000000000000,0.000000000000000
7987,24265451,17184,15465600.000000000000000,0.000000000000000
7988,24265453,1,900.000000000000000,0.000000000000000
7989,24265455,695,625500.000000000000000,0.000000000000000
7990,24265457,8207,7386300.000000000000000,0.000000000000000
7991,24265459,11668,10501200.000000000000000,0.000000000000000
7992,24265461,10702,9631800.000000000000000,0.000000000000000
7993,24265463,1849,1664100.000000000000000,0.000000000000000
7994,24265465,12449,11204100.000000000000000,0.000000000000000
7995,24265467,24131,21717900.000000000000000,0.000000000000000
7996,24265469,5873,5285700.000000000000000,0.000000000000000
7997,24265471,6416,5774400.000000000000000,0.000000000000000
7998,24265475,12001,10800900.000000000000000,0.000000000000000
7999,24265477,1,900.000000000000000,0.000000000000000
8000,24265479,7423,6680700.000000000000000,0.000000000000000
8001,24265481,173,155700.000000000000000,0.000000000000000
8002,24265483,512,460800.000000000000000,0.000000000000000
8003,24265485,93,83700.000000000000000,0.000000000000000
8004,24265487,4987,4488300.000000000000000,0.000000000000000
8005,24265489,6754,6078600.000000000000000,0.000000000000000
8006,24265491,508,457200.000000000000000,0.000000000000000
8007,24265493,6233,5609700.000000000000000,0.000000000000000
8008,24265495,6365,5728500.000000000000000,0.000000000000000
8009,24265497,10800,9720000.000000000000000,0.000000000000000
8010,24265499,1,900.000000000000000,0.000000000000000
8011,24265501,2700,2430000.000000000000000,0.000000000000000
8012,24265503,7060,6354000.000000000000000,0.000000000000000
8013,24265505,8,7200.000000000000000,0.000000000000000
8014,24265507,8206,7385400.000000000000000,0.000000000000000
8015,24265509,8875,7987500.000000000000000,0.000000000000000
8016,24265511,3943,3548700.000000000000000,0.000000000000000
8017,24265513,5364,4827600.000000000000000,0.000000000000000
8018,24265515,183,164700.000000000000000,0.000000000000000
8019,24265517,2914,2622600.000000000000000,0.000000000000000
8020,24265519,74,66600.000000000000000,0.000000000000000
8021,24265521,164,147600.000000000000000,0.000000000000000
8022,24265523,5341,4806900.000000000000000,0.000000000000000
8023,24265525,7380,6642000.000000000000000,0.000000000000000
8024,24265527,4277,3849300.000000000000000,0.000000000000000
8025,24265529,849,764100.000000000000000,0.000000000000000
8026,24265531,2078,1870200.000000000000000,0.000000000000000
8027,24265533,539,485100.000000000000000,0.000000000000000
8028,24265535,1169,1052100.000000000000000,0.000000000000000
8029,24265537,962,865800.000000000000000,0.000000000000000
8030,24265539,2295,2065500.000000000000000,0.000000000000000
8031,24265541,1257,1131300.000000000000000,0.000000000000000
8032,24265543,1637,1473300.000000000000000,0.000000000000000
8033,24265545,1045,940500.000000000000000,0.000000000000000
8034,24265547,1362,1225800.000000000000000,0.000000000000000
8035,24265549,287,258300.000000000000000,0.000000000000000
8036,24265551,668,601200.000000000000000,0.000000000000000
8037,24265553,3424,3081600.000000000000000,0.000000000000000
8038,24265555,2505,2254500.000000000000000,0.000000000000000
8039,24265557,2908,2617200.000000000000000,0.000000000000000
8040,24265559,2683,2414700.000000000000000,0.000000000000000
8041,24265561,4509,4058100.000000000000000,0.000000000000000
8042,24265563,4034,3630600.000000000000000,0.000000000000000
8043,24265565,2358,2122200.000000000000000,0.000000000000000
8044,24265567,1322,1189800.000000000000000,0.000000000000000
8045,24265569,2089,1880100.000000000000000,0.000000000000000
8046,24265571,842,757800.000000000000000,0.000000000000000
8047,24265573,720,648000.000000000000000,0.000000000000000
8048,24265575,4515,4063500.000000000000000,0.000000000000000
8049,24265577,1013,911700.000000000000000,0.000000000000000
8050,24265579,941,846900.000000000000000,0.000000000000000
8051,24265581,3793,3413700.000000000000000,0.000000000000000
8052,24265583,656,590400.000000000000000,0.000000000000000
8053,24265585,2309,2078100.000000000000000,0.000000000000000
8054,24265587,2429,2186100.000000000000000,0.000000000000000
8055,24265589,219,197100.000000000000000,0.000000000000000
8056,24265591,351,315900.000000000000000,0.000000000000000
8057,24265593,15,13500.000000000000000,0.000000000000000
8058,24265595,1102,991800.000000000000000,0.000000000000000
8059,24265597,7663,6896700.000000000000000,0.000000000000000
8060,24265599,7782,7003800.000000000000000,0.000000000000000
8061,24265601,373,335700.000000000000000,0.000000000000000
8062,24265603,688,619200.000000000000000,0.000000000000000
8063,24265605,1900,1710000.000000000000000,0.000000000000000
8064,24265607,425,382500.000000000000000,0.000000000000000
8065,24265609,1440,1296000.000000000000000,0.000000000000000
8066,24265611,4638,4174200.000000000000000,0.000000000000000
8067,24265613,718,646200.000000000000000,0.000000000000000
8068,24265615,248,223200.000000000000000,0.000000000000000
8069,24265617,564,507600.000000000000000,0.000000000000000
8070,24265619,2614,2352600.000000000000000,0.000000000000000
8071,24265621,825,742500.000000000000000,0.000000000000000
8072,24265623,2221,1998900.000000000000000,0.000000000000000
8073,24265625,562,505800.000000000000000,0.000000000000000
8074,24265627,1282,1153800.000000000000000,0.000000000000000
8075,24265629,3618,3256200.000000000000000,0.000000000000000
8076,24265631,11,9900.000000000000000,0.000000000000000
8077,24265633,730,657000.000000000000000,0.000000000000000
8078,24265635,217,195300.000000000000000,0.000000000000000
8079,24265637,1192,1072800.000000000000000,0.000000000000000
8080,24265639,241,216900.000000000000000,0.000000000000000
8081,24265641,672,604800.000000000000000,0.000000000000000
8082,24265643,1320,1188000.000000000000000,0.000000000000000
8083,24265645,1687,1518300.000000000000000,0.000000000000000
8084,24265647,2804,2523600.000000000000000,0.000000000000000
8085,24265649,2729,2456100.000000000000000,0.000000000000000
8086,24265651,4405,3964500.000000000000000,0.000000000000000
8087,24265653,13445,12100500.000000000000000,0.000000000000000
8088,24265655,3813,3431700.000000000000000,0.000000000000000
8089,24265657,2548,2293200.000000000000000,0.000000000000000
8090,24265659,160,144000.000000000000000,0.000000000000000
8091,24265661,97,87300.000000000000000,0.000000000000000
8092,24265665,3430,3087000.000000000000000,0.000000000000000
8093,24265667,1795,1615500.000000000000000,0.000000000000000
8094,24265669,5583,5024700.000000000000000,0.000000000000000
8095,24265671,4289,3860100.000000000000000,0.000000000000000
8096,24265673,75,67500.000000000000000,0.000000000000000
8097,24265675,4460,4014000.000000000000000,0.000000000000000
8098,24265677,1999,1799100.000000000000000,0.000000000000000
8099,24265679,1831,1647900.000000000000000,0.000000000000000
8100,24265681,4945,4450500.000000000000000,0.000000000000000
8101,24265683,4392,3952800.000000000000000,0.000000000000000
8102,24265685,2237,2013300.000000000000000,0.000000000000000
8103,24265687,2699,2429100.000000000000000,0.000000000000000
8104,24265689,1064,957600.000000000000000,0.000000000000000
8105,24265691,3223,2900700.000000000000000,0.000000000000000
8106,24265693,1666,1499400.000000000000000,0.000000000000000
8107,24265695,3571,3213900.000000000000000,0.000000000000000
8108,24265697,3208,2887200.000000000000000,0.000000000000000
8109,24265699,4400,3960000.000000000000000,0.000000000000000
8110,24265701,4840,4356000.000000000000000,0.000000000000000
8111,24265703,2112,1900800.000000000000000,0.000000000000000
8112,24265705,3129,2816100.000000000000000,0.000000000000000
8113,24265707,2541,2286900.000000000000000,0.000000000000000
8114,24265709,7028,6325200.000000000000000,0.000000000000000
8115,24265711,2077,1869300.000000000000000,0.000000000000000
8116,24265713,2266,2039400.000000000000000,0.000000000000000
8117,24265715,5073,4565700.000000000000000,0.000000000000000
8118,24265717,11055,9949500.000000000000000,0.000000000000000
8119,24265719,2275,2047500.000000000000000,0.000000000000000
8120,24265721,5930,5337000.000000000000000,0.000000000000000
8121,24265723,2323,2090700.000000000000000,0.000000000000000
8122,24265725,5357,4821300.000000000000000,0.000000000000000
8123,24265727,10861,9774900.000000000000000,0.000000000000000
8124,24265729,3247,2922300.000000000000000,0.000000000000000
8125,24265731,3729,3356100.000000000000000,0.000000000000000
8126,24265733,2058,1852200.000000000000000,0.000000000000000
8127,24265735,3812,3430800.000000000000000,0.000000000000000
8128,24265737,2355,2119500.000000000000000,0.000000000000000
8129,24265739,2026,1823400.000000000000000,0.000000000000000
8130,24265741,4221,3798900.000000000000000,0.000000000000000
8131,24265743,2614,2352600.000000000000000,0.000000000000000
8132,24265745,38,34200.000000000000000,0.000000000000000
8133,24265747,2696,2426400.000000000000000,0.000000000000000
8134,24265749,3974,3576600.000000000000000,0.000000000000000
8135,24265751,2750,2475000.000000000000000,0.000000000000000
8136,24265753,1647,1482300.000000000000000,0.000000000000000
8137,24265755,2340,2106000.000000000000000,0.000000000000000
8138,24265757,4012,3610800.000000000000000,0.000000000000000
8139,24265759,9561,8604900.000000000000000,0.000000000000000
8140,24265761,37,33300.000000000000000,0.000000000000000
8141,24265763,156,140400.000000000000000,0.000000000000000
8142,24265765,3480,3132000.000000000000000,0.000000000000000
8143,24265767,69,62100.000000000000000,0.000000000000000
8144,24265769,6265,5638500.000000000000000,0.000000000000000
8145,24265771,20,18000.000000000000000,0.000000000000000
8146,24265773,6,5400.000000000000000,0.000000000000000
8147,24265775,928,835200.000000000000000,0.000000000000000
8148,24265777,5875,5287500.000000000000000,0.000000000000000
8149,24265779,116,104400.000000000000000,0.000000000000000
8150,24265781,2113,1901700.000000000000000,0.000000000000000
8151,24265783,3458,3112200.000000000000000,0.000000000000000
8152,24265785,2556,2300400.000000000000000,0.000000000000000
8153,24265787,19,17100.000000000000000,0.000000000000000
8154,24265789,3006,2705400.000000000000000,0.000000000000000
8155,24265791,5792,5212800.000000000000000,0.000000000000000
8156,24265793,2041,1836900.000000000000000,0.000000000000000
8157,24265795,4734,4260600.000000000000000,0.000000000000000
8158,24265797,507,456300.000000000000000,0.000000000000000
8159,24265799,2962,2665800.000000000000000,0.000000000000000
8160,24265801,6259,5633100.000000000000000,0.000000000000000
8161,24265803,11156,10040400.000000000000000,0.000000000000000
8162,24265807,7653,6887700.000000000000000,0.000000000000000
8163,24265809,4201,3780900.000000000000000,0.000000000000000
8164,24265811,2681,2412900.000000000000000,0.000000000000000
8165,24265813,9289,8360100.000000000000000,0.000000000000000
8166,24265815,16359,14723100.000000000000000,0.000000000000000
8167,24265817,5,4500.000000000000000,0.000000000000000
8168,24265819,11321,10188900.000000000000000,0.000000000000000
8169,24265821,10603,9542700.000000000000000,0.000000000000000
8170,24265823,4964,4467600.000000000000000,0.000000000000000
8171,24265825,5308,4777200.000000000000000,0.000000000000000
8172,24265827,4218,3796200.000000000000000,0.000000000000000
8173,24265829,2694,2424600.000000000000000,0.000000000000000
8174,24265831,3086,2777400.000000000000000,0.000000000000000
8175,24265833,20,18000.000000000000000,0.000000000000000
8176,24265835,10172,9154800.000000000000000,0.000000000000000
8177,24265837,2393,2153700.000000000000000,0.000000000000000
8178,24265839,1747,1572300.000000000000000,0.000000000000000
8179,24265841,2021,1818900.000000000000000,0.000000000000000
8180,24265843,5258,4732200.000000000000000,0.000000000000000
8181,24265845,9205,8284500.000000000000000,0.000000000000000
8182,24265847,6093,5483700.000000000000000,0.000000000000000
8183,24265849,6123,5510700.000000000000000,0.000000000000000
8184,24265851,12242,11017800.000000000000000,0.000000000000000
8185,24265853,1853,1667700.000000000000000,0.000000000000000
8186,24265855,1311,1179900.000000000000000,0.000000000000000
8187,24265857,2652,2386800.000000000000000,0.000000000000000
8188,24265859,7877,7089300.000000000000000,0.000000000000000
8189,24265861,3918,3526200.000000000000000,0.000000000000000
8190,24265863,4601,4140900.000000000000000,0.000000000000000
8191,24265865,1634,1470600.000000000000000,0.000000000000000
8192,24265867,1190,1071000.000000000000000,0.000000000000000
8193,24265869,1278,1150200.000000000000000,0.000000000000000
8194,24265871,5714,5142600.000000000000000,0.000000000000000
8195,24265873,4707,4236300.000000000000000,0.000000000000000
8196,24265875,3566,3209400.000000000000000,0.000000000000000
8197,24265877,2897,2607300.000000000000000,0.000000000000000
8198,24265879,2325,2092500.000000000000000,0.000000000000000
8199,24265881,1378,1240200.000000000000000,0.000000000000000
8200,24265883,5797,5217300.000000000000000,0.000000000000000
8201,24265887,5721,5148900.000000000000000,0.000000000000000
8202,24265889,6176,5558400.000000000000000,0.000000000000000
8203,24265891,2068,1861200.000000000000000,0.000000000000000
8204,24265893,203,182700.000000000000000,0.000000000000000
8205,24265895,2049,1844100.000000000000000,0.000000000000000
8206,24265897,2048,1843200.000000000000000,0.000000000000000
8207,24265899,1161,1044900.000000000000000,0.000000000000000
8208,24265901,1985,1786500.000000000000000,0.000000000000000
8209,24265903,2305,2074500.000000000000000,0.000000000000000
8210,24265905,2467,2220300.000000000000000,0.000000000000000
8211,24265907,2788,2509200.000000000000000,0.000000000000000
8212,24265909,15420,13878000.000000000000000,0.000000000000000
8213,24265911,4293,3863700.000000000000000,0.000000000000000
8214,24265913,893,803700.000000000000000,0.000000000000000
8215,24265915,6433,5789700.000000000000000,0.000000000000000
8216,24265917,1332,1198800.000000000000000,0.000000000000000
8217,24265919,5826,5243400.000000000000000,0.000000000000000
8218,24265921,3540,3186000.000000000000000,0.000000000000000
8219,24265923,5242,4717800.000000000000000,0.000000000000000
8220,24265925,850,765000.000000000000000,0.000000000000000
8221,24265927,4348,3913200.000000000000000,0.000000000000000
8222,24265929,833,749700.000000000000000,0.000000000000000
8223,24265931,76,68400.000000000000000,0.000000000000000
8224,24265933,219,197100.000000000000000,0.000000000000000
8225,24265935,548,493200.000000000000000,0.000000000000000
8226,24265937,1592,1432800.000000000000000,0.000000000000000
8227,24265939,4549,4094100.000000000000000,0.000000000000000
8228,24265941,1448,1303200.000000000000000,0.000000000000000
8229,24265943,3364,3027600.000000000000000,0.000000000000000
8230,24265945,430,387000.000000000000000,0.000000000000000
8231,24265947,1198,1078200.000000000000000,0.000000000000000
8232,24265949,2006,1805400.000000000000000,0.000000000000000
8233,24265951,1363,1226700.000000000000000,0.000000000000000
8234,24265953,521,468900.000000000000000,0.000000000000000
8235,24265955,567,510300.000000000000000,0.000000000000000
8236,24265957,954,858600.000000000000000,0.000000000000000
8237,24265959,1735,1561500.000000000000000,0.000000000000000
8238,24265961,1518,1366200.000000000000000,0.000000000000000
8239,24265963,8626,7763400.000000000000000,0.000000000000000
8240,24265965,862,775800.000000000000000,0.000000000000000
8241,24265967,6625,5962500.000000000000000,0.000000000000000
8242,24265969,7686,6917400.000000000000000,0.000000000000000
8243,24265971,111,99900.000000000000000,0.000000000000000
8244,24265975,6292,5662800.000000000000000,0.000000000000000
8245,24265979,2166,1949400.000000000000000,0.000000000000000
8246,24265985,2438,2194200.000000000000000,0.000000000000000
8247,24265989,369,332100.000000000000000,0.000000000000000
8248,24265991,18,16200.000000000000000,0.000000000000000
8249,24265995,327,294300.000000000000000,0.000000000000000
8250,24265997,260,234000.000000000000000,0.000000000000000
8251,24265999,410,369000.000000000000000,0.000000000000000
8252,24266001,1002,901800.000000000000000,0.000000000000000
8253,24266007,513,461700.000000000000000,0.000000000000000
8254,24266019,1,900.000000000000000,0.000000000000000
8255,24266023,1,900.000000000000000,0.000000000000000
8256,24266025,5,4500.000000000000000,0.000000000000000
8257,24266027,3,2700.000000000000000,0.000000000000000
8258,24266031,4,3600.000000000000000,0.000000000000000
8259,24266037,1,900.000000000000000,0.000000000000000
8260,24266041,1,900.000000000000000,0.000000000000000
8261,24266043,3,2700.000000000000000,0.000000000000000
8262,24266045,21,18900.000000000000000,0.000000000000000
8263,24266049,1,900.000000000000000,0.000000000000000
8264,24266055,408,367200.000000000000000,0.000000000000000
8265,24266057,3157,2841300.000000000000000,0.000000000000000
8266,24266061,17,15300.000000000000000,0.000000000000000
8267,24266063,1,900.000000000000000,0.000000000000000
8268,24266067,1,900.000000000000000,0.000000000000000
8269,24266071,139,125100.000000000000000,0.000000000000000
8270,24266073,4,3600.000000000000000,0.000000000000000
8271,24266075,2,1800.000000000000000,0.000000000000000
8272,24266077,1,900.000000000000000,0.000000000000000
8273,24266079,1,900.000000000000000,0.000000000000000
8274,24266081,25,22500.000000000000000,0.000000000000000
8275,24266083,6,5400.000000000000000,0.000000000000000
8276,24266085,221,198900.000000000000000,0.000000000000000
8277,24266087,511,459900.000000000000000,0.000000000000000
8278,24266089,535,481500.000000000000000,0.000000000000000
8279,24266091,8723,7850700.000000000000000,0.000000000000000
8280,24266093,4,3600.000000000000000,0.000000000000000
8281,24266095,699,629100.000000000000000,0.000000000000000
8282,24266097,1053,947700.000000000000000,0.000000000000000
8283,24266099,541,486900.000000000000000,0.000000000000000
8284,24266101,693,623700.000000000000000,0.000000000000000
8285,24266103,3976,3578400.000000000000000,0.000000000000000
8286,24266105,883,794700.000000000000000,0.000000000000000
8287,24266107,2827,2544300.000000000000000,0.000000000000000
8288,24266109,130,117000.000000000000000,0.000000000000000
8289,24266111,215,193500.000000000000000,0.000000000000000
8290,24266113,793,713700.000000000000000,0.000000000000000
8291,24266115,292,262800.000000000000000,0.000000000000000
8292,24266117,690,621000.000000000000000,0.000000000000000
8293,24266119,512,460800.000000000000000,0.000000000000000
8294,24266121,539,485100.000000000000000,0.000000000000000
8295,24266123,1886,1697400.000000000000000,0.000000000000000
8296,24266125,1343,1208700.000000000000000,0.000000000000000
8297,24266127,1768,1591200.000000000000000,0.000000000000000
8298,24266133,3,2700.000000000000000,0.000000000000000
8299,24266135,2,1800.000000000000000,0.000000000000000
8300,24266137,438,394200.000000000000000,0.000000000000000
8301,24266139,980,882000.000000000000000,0.000000000000000
8302,24266141,1086,977400.000000000000000,0.000000000000000
8303,24266143,726,653400.000000000000000,0.000000000000000
8304,24266145,1303,1172700.000000000000000,0.000000000000000
8305,24266147,35,31500.000000000000000,0.000000000000000
8306,24266149,1780,1602000.000000000000000,0.000000000000000
8307,24266249,22,19800.000000000000000,0.000000000000000
8308,24266263,5,4500.000000000000000,0.000000000000000
8309,24266315,562,505800.000000000000000,0.000000000000000
8310,24266427,17,15300.000000000000000,0.000000000000000
8311,24270130,1130,1017000.000000000000000,357.000000000000000
8312,24270132,30,27000.000000000000000,0.000000000000000
8313,24270134,124,111600.000000000000000,0.000000000000000
8314,24270136,192,172800.000000000000000,0.000000000000000
8315,24270138,295,265500.000000000000000,0.000000000000000
8316,24270140,23,20700.000000000000000,0.000000000000000
8317,24270142,174,156600.000000000000000,0.000000000000000
8318,24270144,558,502200.000000000000000,1.000000000000000
8319,24270148,14,12600.000000000000000,0.000000000000000
8320,24270150,784,705600.000000000000000,61.000000000000000
8321,24270152,70,63000.000000000000000,3.000000000000000
8322,24270154,36,32400.000000000000000,1.000000000000000
8323,24270156,210,189000.000000000000000,7.000000000000000
8324,24270158,3441,3096900.000000000000000,193.000000000000000
8325,24270160,733,659700.000000000000000,50.000000000000000
8326,24270162,5983,5384700.000000000000000,408.000000000000000
8327,24270164,2606,2345400.000000000000000,206.000000000000000
8328,24270166,4505,4054500.000000000000000,127.000000000000000
8329,24270168,11910,10719000.000000000000000,0.000000000000000
8330,24270170,112,100800.000000000000000,0.000000000000000
8331,24270172,530,477000.000000000000000,0.000000000000000
8332,24270174,19,17100.000000000000000,0.000000000000000
8333,24270176,22879,20591100.000000000000000,990.000000000000000
8334,24270178,145,130500.000000000000000,0.000000000000000
8335,24270180,1389,1250100.000000000000000,0.000000000000000
8336,24270182,5569,5012100.000000000000000,428.000000000000000
8337,24270184,1537,1383300.000000000000000,30.000000000000000
8338,24270186,456,410400.000000000000000,7.000000000000000
8339,24270188,3775,3397500.000000000000000,283.000000000000000
8340,24270190,2,1800.000000000000000,0.000000000000000
8341,24270192,5,4500.000000000000000,0.000000000000000
8342,24270194,11,9900.000000000000000,0.000000000000000
8343,24270196,296,266400.000000000000000,0.000000000000000
8344,24270198,11,9900.000000000000000,0.000000000000000
8345,24270200,31,27900.000000000000000,0.000000000000000
8346,24270202,60,54000.000000000000000,0.000000000000000
8347,24270204,55,49500.000000000000000,0.000000000000000
8348,24270206,80,72000.000000000000000,0.000000000000000
8349,24270208,44,39600.000000000000000,0.000000000000000
8350,24270210,220,198000.000000000000000,0.000000000000000
8351,24270212,4,3600.000000000000000,0.000000000000000
8352,24270214,74,66600.000000000000000,0.000000000000000
8353,24270218,85,76500.000000000000000,0.000000000000000
8354,24270220,19,17100.000000000000000,0.000000000000000
8355,24270222,31,27900.000000000000000,0.000000000000000
8356,24270224,62,55800.000000000000000,0.000000000000000
8357,24270226,26,23400.000000000000000,0.000000000000000
8358,24270228,12,10800.000000000000000,0.000000000000000
8359,24270230,22,19800.000000000000000,0.000000000000000
8360,24270232,141,126900.000000000000000,0.000000000000000
8361,24270234,139,125100.000000000000000,0.000000000000000
8362,24270236,356,320400.000000000000000,0.000000000000000
8363,24270238,5,4500.000000000000000,0.000000000000000
8364,24270240,37,33300.000000000000000,0.000000000000000
8365,24270242,50,45000.000000000000000,0.000000000000000
8366,24270244,17,15300.000000000000000,0.000000000000000
8367,24270246,218,196200.000000000000000,0.000000000000000
8368,24270248,144,129600.000000000000000,0.000000000000000
8369,24270250,131,117900.000000000000000,0.000000000000000
8370,24270252,16,14400.000000000000000,0.000000000000000
8371,24270254,24,21600.000000000000000,0.000000000000000
8372,24270256,9,8100.000000000000000,0.000000000000000
8373,24270258,29,26100.000000000000000,0.000000000000000
8374,24270260,956,860400.000000000000000,39.000000000000000
8375,24270262,718,646200.000000000000000,119.000000000000000
8376,24270264,24,21600.000000000000000,0.000000000000000
8377,24270266,666,599400.000000000000000,42.000000000000000
8378,24270268,22,19800.000000000000000,0.000000000000000
8379,24270270,909,818100.000000000000000,25.000000000000000
8380,24270272,415,373500.000000000000000,0.000000000000000
8381,24270274,18,16200.000000000000000,0.000000000000000
8382,24270276,6,5400.000000000000000,0.000000000000000
8383,24270278,95,85500.000000000000000,4.000000000000000
8384,24270280,135,121500.000000000000000,0.000000000000000
8385,24270282,183,164700.000000000000000,0.000000000000000
8386,24270284,3001,2700900.000000000000000,0.000000000000000
8387,24270286,5123,4610700.000000000000000,163.000000000000000
8388,24270288,2027,1824300.000000000000000,0.000000000000000
8389,24270290,3085,2776500.000000000000000,13.000000000000000
8390,24270292,15,13500.000000000000000,0.000000000000000
8391,24270294,2836,2552400.000000000000000,62.000000000000000
8392,24270296,314,282600.000000000000000,4.000000000000000
8393,24270298,31,27900.000000000000000,0.000000000000000
8394,24270300,13,11700.000000000000000,0.000000000000000
8395,24270302,487,438300.000000000000000,0.000000000000000
8396,24270304,2141,1926900.000000000000000,0.000000000000000
8397,24270306,378,340200.000000000000000,5.000000000000000
8398,24270308,143,128700.000000000000000,15.000000000000000
8399,24270310,634,570600.000000000000000,0.000000000000000
8400,24270312,10014,9012600.000000000000000,0.000000000000000
8401,24270314,1497,1347300.000000000000000,0.000000000000000
8402,24270316,12291,11061900.000000000000000,0.000000000000000
8403,24270318,30,27000.000000000000000,0.000000000000000
8404,24270320,750,675000.000000000000000,0.000000000000000
8405,24270322,363,326700.000000000000000,0.000000000000000
8406,24270324,1236,1112400.000000000000000,0.000000000000000
8407,24270326,49,44100.000000000000000,0.000000000000000
8408,24270328,1170,1053000.000000000000000,0.000000000000000
8409,24270330,738,664200.000000000000000,0.000000000000000
8410,24270332,3041,2736900.000000000000000,0.000000000000000
8411,24270334,1971,1773900.000000000000000,0.000000000000000
8412,24270336,2336,2102400.000000000000000,0.000000000000000
8413,24270338,3237,2913300.000000000000000,47.000000000000000
8414,24270340,5548,4993200.000000000000000,59.000000000000000
8415,24270342,192,172800.000000000000000,0.000000000000000
8416,24270344,640,576000.000000000000000,0.000000000000000
8417,24270346,392,352800.000000000000000,0.000000000000000
8418,24270348,608,547200.000000000000000,0.000000000000000
8419,24270350,611,549900.000000000000000,0.000000000000000
8420,24270352,2078,1870200.000000000000000,0.000000000000000
8421,24270354,6136,5522400.000000000000000,0.000000000000000
8422,24270356,4284,3855600.000000000000000,80.000000000000000
8423,24270358,218,196200.000000000000000,0.000000000000000
8424,24270360,483,434700.000000000000000,0.000000000000000
8425,24270362,252,226800.000000000000000,2.000000000000000
8426,24270364,25,22500.000000000000000,0.000000000000000
8427,24270366,543,488700.000000000000000,0.000000000000000
8428,24270368,288,259200.000000000000000,0.000000000000000
8429,24270370,314,282600.000000000000000,0.000000000000000
8430,24270372,1132,1018800.000000000000000,1.000000000000000
8431,24270374,69,62100.000000000000000,0.000000000000000
8432,24270376,771,693900.000000000000000,0.000000000000000
8433,24270378,411,369900.000000000000000,0.000000000000000
8434,24270380,113,101700.000000000000000,0.000000000000000
8435,24270382,660,594000.000000000000000,0.000000000000000
8436,24270384,595,535500.000000000000000,21.000000000000000
8437,24270386,18563,16706700.000000000000000,7.000000000000000
8438,24270388,8206,7385400.000000000000000,0.000000000000000
8439,24270390,2773,2495700.000000000000000,0.000000000000000
8440,24270392,130,117000.000000000000000,0.000000000000000
8441,24270394,1206,1085400.000000000000000,0.000000000000000
8442,24270396,3554,3198600.000000000000000,0.000000000000000
8443,24270398,61,54900.000000000000000,0.000000000000000
8444,24270400,1982,1783800.000000000000000,0.000000000000000
8445,24270402,335,301500.000000000000000,0.000000000000000
8446,24270404,416,374400.000000000000000,0.000000000000000
8447,24270408,773,695700.000000000000000,0.000000000000000
8448,24270410,167,150300.000000000000000,0.000000000000000
8449,24270412,7166,6449400.000000000000000,0.000000000000000
8450,24270414,4284,3855600.000000000000000,0.000000000000000
8451,24270416,130,117000.000000000000000,0.000000000000000
8452,24270418,2350,2115000.000000000000000,0.000000000000000
8453,24270420,1645,1480500.000000000000000,0.000000000000000
8454,24270422,4181,3762900.000000000000000,0.000000000000000
8455,24270424,1316,1184400.000000000000000,0.000000000000000
8456,24270426,1517,1365300.000000000000000,0.000000000000000
8457,24270428,394,354600.000000000000000,0.000000000000000
8458,24270430,7714,6942600.000000000000000,0.000000000000000
8459,24270432,978,880200.000000000000000,0.000000000000000
8460,24270434,2190,1971000.000000000000000,0.000000000000000
8461,24270436,6247,5622300.000000000000000,0.000000000000000
8462,24270438,42,37800.000000000000000,0.000000000000000
8463,24270440,3451,3105900.000000000000000,0.000000000000000
8464,24270442,34,30600.000000000000000,0.000000000000000
8465,24270444,26,23400.000000000000000,0.000000000000000
8466,24270446,441,396900.000000000000000,0.000000000000000
8467,24270448,1431,1287900.000000000000000,0.000000000000000
8468,24270450,4038,3634200.000000000000000,0.000000000000000
8469,24270452,475,427500.000000000000000,0.000000000000000
8470,24270454,549,494100.000000000000000,0.000000000000000
8471,24270456,186,167400.000000000000000,0.000000000000000
8472,24270458,266,239400.000000000000000,0.000000000000000
8473,24270460,113,101700.000000000000000,0.000000000000000
8474,24270462,20274,18246600.000000000000000,0.000000000000000
8475,24270464,10683,9614700.000000000000000,0.000000000000000
8476,24270466,2856,2570400.000000000000000,0.000000000000000
8477,24270468,4364,3927600.000000000000000,0.000000000000000
8478,24270470,2103,1892700.000000000000000,0.000000000000000
8479,24270472,923,830700.000000000000000,0.000000000000000
8480,24270474,13325,11992500.000000000000000,0.000000000000000
8481,24270476,21,18900.000000000000000,0.000000000000000
8482,24270478,11375,10237500.000000000000000,0.000000000000000
8483,24270480,18232,16408800.000000000000000,0.000000000000000
8484,24270482,804,723600.000000000000000,0.000000000000000
8485,24270484,4,3600.000000000000000,0.000000000000000
8486,24270486,13857,12471300.000000000000000,0.000000000000000
8487,24270488,143,128700.000000000000000,0.000000000000000
8488,24270490,2139,1925100.000000000000000,0.000000000000000
8489,24270492,23701,21330900.000000000000000,0.000000000000000
8490,24270494,7848,7063200.000000000000000,0.000000000000000
8491,24270496,7154,6438600.000000000000000,0.000000000000000
8492,24270498,960,864000.000000000000000,0.000000000000000
8493,24270500,1007,906300.000000000000000,0.000000000000000
8494,24270502,6266,5639400.000000000000000,0.000000000000000
8495,24270504,2525,2272500.000000000000000,0.000000000000000
8496,24270506,2578,2320200.000000000000000,0.000000000000000
8497,24270508,11139,10025100.000000000000000,0.000000000000000
8498,24270510,6122,5509800.000000000000000,0.000000000000000
8499,24270512,39767,35790300.000000000000000,0.000000000000000
8500,24270514,57,51300.000000000000000,0.000000000000000
8501,24270516,4598,4138200.000000000000000,0.000000000000000
8502,24270518,1261,1134900.000000000000000,0.000000000000000
8503,24270520,32,28800.000000000000000,0.000000000000000
8504,24270522,3505,3154500.000000000000000,0.000000000000000
8505,24270524,307,276300.000000000000000,0.000000000000000
8506,24270526,2224,2001600.000000000000000,0.000000000000000
8507,24270528,3756,3380400.000000000000000,0.000000000000000
8508,24270530,11606,10445400.000000000000000,0.000000000000000
8509,24270532,7,6300.000000000000000,0.000000000000000
8510,24270534,17667,15900300.000000000000000,0.000000000000000
8511,24270536,17450,15705000.000000000000000,0.000000000000000
8512,24270538,10,9000.000000000000000,0.000000000000000
8513,24270540,11436,10292400.000000000000000,85.000000000000000
8514,24270544,3351,3015900.000000000000000,0.000000000000000
8515,24270546,5159,4643100.000000000000000,0.000000000000000
8516,24270548,1165,1048500.000000000000000,0.000000000000000
8517,24270550,5332,4798800.000000000000000,0.000000000000000
8518,24270552,21,18900.000000000000000,0.000000000000000
8519,24270554,1263,1136700.000000000000000,1.000000000000000
8520,24270556,16925,15232500.000000000000000,1.000000000000000
8521,24270558,148,133200.000000000000000,0.000000000000000
8522,24270560,6346,5711400.000000000000000,0.000000000000000
8523,24270562,997,897300.000000000000000,0.000000000000000
8524,24270564,1,900.000000000000000,0.000000000000000
8525,24270566,10730,9657000.000000000000000,0.000000000000000
8526,24270568,3372,3034800.000000000000000,0.000000000000000
8527,24270570,830,747000.000000000000000,0.000000000000000
8528,24270572,1970,1773000.000000000000000,0.000000000000000
8529,24270574,1,900.000000000000000,0.000000000000000
8530,24270576,12185,10966500.000000000000000,0.000000000000000
8531,24270578,18,16200.000000000000000,0.000000000000000
8532,24270580,167,150300.000000000000000,0.000000000000000
8533,24270584,732,658800.000000000000000,0.000000000000000
8534,24270586,7960,7164000.000000000000000,0.000000000000000
8535,24270588,5,4500.000000000000000,0.000000000000000
8536,24270590,16542,14887800.000000000000000,0.000000000000000
8537,24270592,11826,10643400.000000000000000,0.000000000000000
8538,24270594,11,9900.000000000000000,0.000000000000000
8539,24270596,188,169200.000000000000000,0.000000000000000
8540,24270598,2182,1963800.000000000000000,1.000000000000000
8541,24270600,9766,8789400.000000000000000,0.000000000000000
8542,24270602,1329,1196100.000000000000000,0.000000000000000
8543,24270604,1233,1109700.000000000000000,0.000000000000000
8544,24270606,226,203400.000000000000000,0.000000000000000
8545,24270608,871,783900.000000000000000,0.000000000000000
8546,24270610,3408,3067200.000000000000000,0.000000000000000
8547,24270612,1223,1100700.000000000000000,0.000000000000000
8548,24270614,1276,1148400.000000000000000,0.000000000000000
8549,24270616,2750,2475000.000000000000000,0.000000000000000
8550,24270618,2818,2536200.000000000000000,9.000000000000000
8551,24270620,7809,7028100.000000000000000,21.000000000000000
8552,24270622,35,31500.000000000000000,0.000000000000000
8553,24270624,3021,2718900.000000000000000,0.000000000000000
8554,24270626,2428,2185200.000000000000000,0.000000000000000
8555,24270628,240,216000.000000000000000,0.000000000000000
8556,24270630,806,725400.000000000000000,0.000000000000000
8557,24270632,3048,2743200.000000000000000,0.000000000000000
8558,24270634,2823,2540700.000000000000000,0.000000000000000
8559,24270636,4523,4070700.000000000000000,0.000000000000000
8560,24270640,2002,1801800.000000000000000,0.000000000000000
8561,24270642,4237,3813300.000000000000000,0.000000000000000
8562,24270644,1631,1467900.000000000000000,0.000000000000000
8563,24270646,3140,2826000.000000000000000,0.000000000000000
8564,24270648,2094,1884600.000000000000000,0.000000000000000
8565,24270650,4053,3647700.000000000000000,0.000000000000000
8566,24270652,3550,3195000.000000000000000,0.000000000000000
8567,24270654,12484,11235600.000000000000000,0.000000000000000
8568,24270656,4144,3729600.000000000000000,0.000000000000000
8569,24270658,6070,5463000.000000000000000,0.000000000000000
8570,24270660,3581,3222900.000000000000000,0.000000000000000
8571,24270662,8226,7403400.000000000000000,0.000000000000000
8572,24270664,2508,2257200.000000000000000,0.000000000000000
8573,24270666,1413,1271700.000000000000000,0.000000000000000
8574,24270670,10001,9000900.000000000000000,0.000000000000000
8575,24270672,53,47700.000000000000000,0.000000000000000
8576,24270674,1752,1576800.000000000000000,0.000000000000000
8577,24270680,937,843300.000000000000000,0.000000000000000
8578,24270682,4215,3793500.000000000000000,0.000000000000000
8579,24270684,1256,1130400.000000000000000,0.000000000000000
8580,24270686,2880,2592000.000000000000000,0.000000000000000
8581,24270688,2388,2149200.000000000000000,0.000000000000000
8582,24270690,8903,8012700.000000000000000,0.000000000000000
8583,24270692,1070,963000.000000000000000,0.000000000000000
8584,24270694,2402,2161800.000000000000000,2.000000000000000
8585,24270696,13110,11799000.000000000000000,0.000000000000000
8586,24270698,296,266400.000000000000000,0.000000000000000
8587,24270700,2448,2203200.000000000000000,0.000000000000000
8588,24270702,2196,1976400.000000000000000,0.000000000000000
8589,24270704,486,437400.000000000000000,0.000000000000000
8590,24270706,2471,2223900.000000000000000,5.000000000000000
8591,24270708,230,207000.000000000000000,0.000000000000000
8592,24270710,552,496800.000000000000000,0.000000000000000
8593,24270712,2507,2256300.000000000000000,0.000000000000000
8594,24270714,112,100800.000000000000000,0.000000000000000
8595,24270716,51,45900.000000000000000,0.000000000000000
8596,24270718,434,390600.000000000000000,0.000000000000000
8597,24270720,5731,5157900.000000000000000,0.000000000000000
8598,24270722,3562,3205800.000000000000000,0.000000000000000
8599,24270724,1957,1761300.000000000000000,0.000000000000000
8600,24270728,1026,923400.000000000000000,0.000000000000000
8601,24270730,1336,1202400.000000000000000,0.000000000000000
8602,24270734,4803,4322700.000000000000000,57.000000000000000
8603,24270736,10431,9387900.000000000000000,0.000000000000000
8604,24270738,3758,3382200.000000000000000,91.000000000000000
8605,24270740,239,215100.000000000000000,0.000000000000000
8606,24270742,2813,2531700.000000000000000,0.000000000000000
8607,24270744,1157,1041300.000000000000000,0.000000000000000
8608,24270746,10970,9873000.000000000000000,0.000000000000000
8609,24270748,2020,1818000.000000000000000,0.000000000000000
8610,24270750,1975,1777500.000000000000000,0.000000000000000
8611,24270752,7022,6319800.000000000000000,0.000000000000000
8612,24270754,1182,1063800.000000000000000,0.000000000000000
8613,24270756,1196,1076400.000000000000000,0.000000000000000
8614,24270758,437,393300.000000000000000,0.000000000000000
8615,24270760,6452,5806800.000000000000000,0.000000000000000
8616,24270762,5015,4513500.000000000000000,0.000000000000000
8617,24270764,845,760500.000000000000000,0.000000000000000
8618,24270766,1259,1133100.000000000000000,0.000000000000000
8619,24270768,1911,1719900.000000000000000,0.000000000000000
8620,24270770,5163,4646700.000000000000000,0.000000000000000
8621,24270772,5597,5037300.000000000000000,0.000000000000000
8622,24270774,5021,4518900.000000000000000,0.000000000000000
8623,24270776,1545,1390500.000000000000000,0.000000000000000
8624,24270778,1576,1418400.000000000000000,0.000000000000000
8625,24270780,1805,1624500.000000000000000,0.000000000000000
8626,24270782,1657,1491300.000000000000000,0.000000000000000
8627,24270784,923,830700.000000000000000,0.000000000000000
8628,24270786,5940,5346000.000000000000000,0.000000000000000
8629,24270788,5722,5149800.000000000000000,0.000000000000000
8630,24270790,275,247500.000000000000000,0.000000000000000
8631,24270792,3045,2740500.000000000000000,0.000000000000000
8632,24270794,3375,3037500.000000000000000,0.000000000000000
8633,24270796,2935,2641500.000000000000000,0.000000000000000
8634,24270798,1417,1275300.000000000000000,0.000000000000000
8635,24270800,3201,2880900.000000000000000,0.000000000000000
8636,24270804,1355,1219500.000000000000000,0.000000000000000
8637,24270806,2840,2556000.000000000000000,0.000000000000000
8638,24270808,869,782100.000000000000000,0.000000000000000
8639,24270810,1712,1540800.000000000000000,0.000000000000000
8640,24270816,5192,4672800.000000000000000,0.000000000000000
8641,24270818,1030,927000.000000000000000,0.000000000000000
8642,24270820,3257,2931300.000000000000000,173.000000000000000
8643,24270822,16420,14778000.000000000000000,0.000000000000000
8644,24270824,5118,4606200.000000000000000,0.000000000000000
8645,24270826,2588,2329200.000000000000000,0.000000000000000
8646,24270828,1966,1769400.000000000000000,0.000000000000000
8647,24270830,1499,1349100.000000000000000,0.000000000000000
8648,24270832,2677,2409300.000000000000000,0.000000000000000
8649,24270834,6930,6237000.000000000000000,0.000000000000000
8650,24270836,1576,1418400.000000000000000,0.000000000000000
8651,24270838,350,315000.000000000000000,14.000000000000000
8652,24270840,691,621900.000000000000000,0.000000000000000
8653,24270842,4904,4413600.000000000000000,0.000000000000000
8654,24270844,4725,4252500.000000000000000,0.000000000000000
8655,24270846,4390,3951000.000000000000000,0.000000000000000
8656,24270848,2123,1910700.000000000000000,0.000000000000000
8657,24270850,1539,1385100.000000000000000,0.000000000000000
8658,24270852,879,791100.000000000000000,0.000000000000000
8659,24270854,13838,12454200.000000000000000,1580.000000000000000
8660,24270856,337,303300.000000000000000,0.000000000000000
8661,24270858,1817,1635300.000000000000000,0.000000000000000
8662,24270862,686,617400.000000000000000,0.000000000000000
8663,24270864,1470,1323000.000000000000000,0.000000000000000
8664,24270866,679,611100.000000000000000,52.000000000000000
8665,24270868,7772,6994800.000000000000000,0.000000000000000
8666,24270870,1676,1508400.000000000000000,0.000000000000000
8667,24270872,4274,3846600.000000000000000,499.000000000000000
8668,24270874,4286,3857400.000000000000000,0.000000000000000
8669,24270876,500,450000.000000000000000,68.000000000000000
8670,24270878,3104,2793600.000000000000000,0.000000000000000
8671,24270880,60,54000.000000000000000,16.000000000000000
8672,24270882,3291,2961900.000000000000000,0.000000000000000
8673,24270884,2232,2008800.000000000000000,0.000000000000000
8674,24270886,9518,8566200.000000000000000,0.000000000000000
8675,24270888,839,755100.000000000000000,125.000000000000000
8676,24270890,687,618300.000000000000000,125.000000000000000
8677,24270892,428,385200.000000000000000,69.000000000000000
8678,24270894,2507,2256300.000000000000000,0.000000000000000
8679,24270898,246,221400.000000000000000,21.000000000000000
8680,24270900,4127,3714300.000000000000000,0.000000000000000
8681,24270906,3711,3339900.000000000000000,0.000000000000000
8682,24270908,4556,4100400.000000000000000,666.000000000000000
8683,24270910,6543,5888700.000000000000000,0.000000000000000
8684,24270914,531,477900.000000000000000,74.000000000000000
8685,24270916,1249,1124100.000000000000000,0.000000000000000
8686,24270918,277,249300.000000000000000,0.000000000000000
8687,24270920,127,114300.000000000000000,26.000000000000000
8688,24270924,3130,2817000.000000000000000,477.000000000000000
8689,24270926,277,249300.000000000000000,23.000000000000000
8690,24270930,2189,1970100.000000000000000,339.000000000000000
8691,24270932,291,261900.000000000000000,35.000000000000000
8692,24270936,711,639900.000000000000000,0.000000000000000
8693,24270938,6528,5875200.000000000000000,782.000000000000000
8694,24270940,10226,9203400.000000000000000,0.000000000000000
8695,24270942,60,54000.000000000000000,3.000000000000000
8696,24270946,3871,3483900.000000000000000,0.000000000000000
8697,24270948,6430,5787000.000000000000000,0.000000000000000
8698,24270950,119,107100.000000000000000,22.000000000000000
8699,24270952,100,90000.000000000000000,0.000000000000000
8700,24270954,3187,2868300.000000000000000,741.000000000000000
8701,24270956,451,405900.000000000000000,6.000000000000000
8702,24270958,59,53100.000000000000000,0.000000000000000
8703,24270960,13,11700.000000000000000,0.000000000000000
8704,24270962,226,203400.000000000000000,8.000000000000000
8705,24270964,6,5400.000000000000000,0.000000000000000
8706,24270966,1471,1323900.000000000000000,0.000000000000000
8707,24270968,14,12600.000000000000000,0.000000000000000
8708,24270970,23,20700.000000000000000,0.000000000000000
8709,24270972,837,753300.000000000000000,50.000000000000000
8710,24270974,5316,4784400.000000000000000,0.000000000000000
8711,24270976,2476,2228400.000000000000000,0.000000000000000
8712,24270980,17,15300.000000000000000,0.000000000000000
8713,24270984,121,108900.000000000000000,0.000000000000000
8714,24270986,271,243900.000000000000000,0.000000000000000
8715,24270988,1631,1467900.000000000000000,0.000000000000000
8716,24270990,120,108000.000000000000000,0.000000000000000
8717,24270992,803,722700.000000000000000,52.000000000000000
8718,24270994,100,90000.000000000000000,0.000000000000000
8719,24270996,18,16200.000000000000000,0.000000000000000
8720,24270998,306,275400.000000000000000,0.000000000000000
8721,24271000,294,264600.000000000000000,0.000000000000000
8722,24271002,3881,3492900.000000000000000,0.000000000000000
8723,24271004,104,93600.000000000000000,0.000000000000000
8724,24271006,3246,2921400.000000000000000,0.000000000000000
8725,24271008,74,66600.000000000000000,0.000000000000000
8726,24271010,142,127800.000000000000000,0.000000000000000
8727,24271012,31,27900.000000000000000,0.000000000000000
8728,24271014,760,684000.000000000000000,0.000000000000000
8729,24271016,4331,3897900.000000000000000,0.000000000000000
8730,24271018,2142,1927800.000000000000000,0.000000000000000
8731,24271020,939,845100.000000000000000,0.000000000000000
8732,24271022,804,723600.000000000000000,0.000000000000000
8733,24271024,3650,3285000.000000000000000,0.000000000000000
8734,24271026,42,37800.000000000000000,0.000000000000000
8735,24271028,1478,1330200.000000000000000,0.000000000000000
8736,24271030,750,675000.000000000000000,0.000000000000000
8737,24271032,3617,3255300.000000000000000,0.000000000000000
8738,24271034,1449,1304100.000000000000000,0.000000000000000
8739,24271038,1482,1333800.000000000000000,0.000000000000000
8740,24271040,2225,2002500.000000000000000,0.000000000000000
8741,24271042,2215,1993500.000000000000000,0.000000000000000
8742,24271044,3334,3000600.000000000000000,0.000000000000000
8743,24271046,2181,1962900.000000000000000,0.000000000000000
8744,24271048,1410,1269000.000000000000000,0.000000000000000
8745,24271050,1091,981900.000000000000000,0.000000000000000
8746,24271052,274,246600.000000000000000,0.000000000000000
8747,24271054,411,369900.000000000000000,0.000000000000000
8748,24271056,105,94500.000000000000000,0.000000000000000
8749,24271058,341,306900.000000000000000,0.000000000000000
8750,24271060,3069,2762100.000000000000000,0.000000000000000
8751,24271062,76,68400.000000000000000,0.000000000000000
8752,24271064,32,28800.000000000000000,0.000000000000000
8753,24271066,5,4500.000000000000000,0.000000000000000
8754,24271070,5,4500.000000000000000,0.000000000000000
8755,24271072,907,816300.000000000000000,0.000000000000000
8756,24271074,5,4500.000000000000000,0.000000000000000
8757,24271076,2,1800.000000000000000,0.000000000000000
8758,24271078,10,9000.000000000000000,0.000000000000000
8759,24271080,15,13500.000000000000000,0.000000000000000
8760,24271084,2,1800.000000000000000,0.000000000000000
8761,24271086,9,8100.000000000000000,0.000000000000000
8762,24271088,77,69300.000000000000000,0.000000000000000
8763,24271090,216,194400.000000000000000,0.000000000000000
8764,24271092,1628,1465200.000000000000000,0.000000000000000
8765,24271094,887,798300.000000000000000,2.000000000000000
8766,24271096,6497,5847300.000000000000000,39.000000000000000
8767,24271098,3,2700.000000000000000,0.000000000000000
8768,24271100,11,9900.000000000000000,0.000000000000000
8769,24271102,73,65700.000000000000000,0.000000000000000
8770,24271104,286,257400.000000000000000,0.000000000000000
8771,24271106,7,6300.000000000000000,0.000000000000000
8772,24271108,14,12600.000000000000000,0.000000000000000
8773,24271110,34,30600.000000000000000,0.000000000000000
8774,24271112,10,9000.000000000000000,0.000000000000000
8775,24271114,19,17100.000000000000000,0.000000000000000
8776,24271116,445,400500.000000000000000,0.000000000000000
8777,24271118,268,241200.000000000000000,32.000000000000000
8778,24271124,1,900.000000000000000,0.000000000000000
8779,24271126,395,355500.000000000000000,88.000000000000000
8780,24271128,3795,3415500.000000000000000,99.000000000000000
8781,24271130,2086,1877400.000000000000000,12.000000000000000
8782,24271132,17,15300.000000000000000,0.000000000000000
8783,24271134,127,114300.000000000000000,1.000000000000000
8784,24271136,662,595800.000000000000000,0.000000000000000
8785,24271138,2488,2239200.000000000000000,0.000000000000000
8786,24271140,1600,1440000.000000000000000,0.000000000000000
8787,24271314,370,333000.000000000000000,0.000000000000000
8788,24271316,307,276300.000000000000000,12.000000000000000
8789,24271318,132,118800.000000000000000,3.000000000000000
8790,24271330,257,231300.000000000000000,0.000000000000000
8791,24271332,597,537300.000000000000000,0.000000000000000
8792,24271340,315,283500.000000000000000,0.000000000000000
8793,24271342,44,39600.000000000000000,0.000000000000000
8794,24271346,291,261900.000000000000000,0.000000000000000
8795,24271350,8,7200.000000000000000,0.000000000000000
8796,24271368,78,70200.000000000000000,0.000000000000000
8797,24271370,4,3600.000000000000000,0.000000000000000
8798,24271374,5,4500.000000000000000,0.000000000000000
8799,24271390,271,243900.000000000000000,0.000000000000000
8800,24271392,774,696600.000000000000000,0.000000000000000
8801,24271394,82,73800.000000000000000,0.000000000000000
8802,24271412,9074,8166600.000000000000000,50.000000000000000
8803,24271414,349,314100.000000000000000,0.000000000000000
8804,24271442,544,489600.000000000000000,0.000000000000000
8805,24271444,4,3600.000000000000000,0.000000000000000
8806,24271446,248,223200.000000000000000,0.000000000000000
8807,24271478,15,13500.000000000000000,0.000000000000000
8808,24271482,10,9000.000000000000000,0.000000000000000
8809,24271510,1296,1166400.000000000000000,0.000000000000000
8810,24271544,686,617400.000000000000000,11.000000000000000
8811,24271554,2642,2377800.000000000000000,0.000000000000000
8812,24271556,433,389700.000000000000000,23.000000000000000
8813,24271560,365,328500.000000000000000,0.000000000000000
8814,24274315,3801,3420900.000000000000000,539.000000000000000
8815,24274317,710,639000.000000000000000,245.000000000000000
8816,24274319,6186,5567400.000000000000000,671.000000000000000
8817,24274321,189,170100.000000000000000,0.000000000000000
8818,24274323,147,132300.000000000000000,0.000000000000000
8819,24274325,308,277200.000000000000000,0.000000000000000
8820,24274327,793,713700.000000000000000,18.000000000000000
8821,24274329,3304,2973600.000000000000000,316.000000000000000
8822,24274331,21,18900.000000000000000,4.000000000000000
8823,24274333,808,727200.000000000000000,215.000000000000000
8824,24274335,1746,1571400.000000000000000,735.000000000000000
8825,24274337,965,868500.000000000000000,271.000000000000000
8826,24274339,1671,1503900.000000000000000,453.000000000000000
8827,24274341,15,13500.000000000000000,0.000000000000000
8828,24274343,242,217800.000000000000000,0.000000000000000
8829,24274345,74,66600.000000000000000,0.000000000000000
8830,24274347,273,245700.000000000000000,9.000000000000000
8831,24274349,195,175500.000000000000000,11.000000000000000
8832,24274351,303,272700.000000000000000,36.000000000000000
8833,24274353,43,38700.000000000000000,0.000000000000000
8834,24274355,369,332100.000000000000000,75.000000000000000
8835,24274357,1163,1046700.000000000000000,252.000000000000000
8836,24274359,180,162000.000000000000000,55.000000000000000
8837,24274361,49,44100.000000000000000,6.000000000000000
8838,24274363,49,44100.000000000000000,4.000000000000000
8839,24274365,86,77400.000000000000000,12.000000000000000
8840,24274367,835,751500.000000000000000,38.000000000000000
8841,24274369,110,99000.000000000000000,0.000000000000000
8842,24274371,2495,2245500.000000000000000,103.000000000000000
8843,24274373,1859,1673100.000000000000000,3.000000000000000
8844,24274375,2,1800.000000000000000,0.000000000000000
8845,24274377,1404,1263600.000000000000000,67.000000000000000
8846,24274379,42,37800.000000000000000,5.000000000000000
8847,24274381,979,881100.000000000000000,93.000000000000000
8848,24274383,120,108000.000000000000000,0.000000000000000
8849,24274385,1714,1542600.000000000000000,8.000000000000000
8850,24274387,66,59400.000000000000000,0.000000000000000
8851,24274389,278,250200.000000000000000,3.000000000000000
8852,24274391,43,38700.000000000000000,0.000000000000000
8853,24274393,49,44100.000000000000000,0.000000000000000
8854,24274395,39,35100.000000000000000,0.000000000000000
8855,24274397,9,8100.000000000000000,0.000000000000000
8856,24274399,1904,1713600.000000000000000,29.000000000000000
8857,24274401,6,5400.000000000000000,0.000000000000000
8858,24274403,251,225900.000000000000000,0.000000000000000
8859,24274405,228,205200.000000000000000,2.000000000000000
8860,24274407,2327,2094300.000000000000000,52.000000000000000
8861,24274409,3776,3398400.000000000000000,0.000000000000000
8862,24274411,767,690300.000000000000000,0.000000000000000
8863,24274413,51,45900.000000000000000,0.000000000000000
8864,24274415,7259,6533100.000000000000000,6.000000000000000
8865,24274417,260,234000.000000000000000,0.000000000000000
8866,24274419,58,52200.000000000000000,0.000000000000000
8867,24274421,1688,1519200.000000000000000,0.000000000000000
8868,24274423,6715,6043500.000000000000000,0.000000000000000
8869,24274425,609,548100.000000000000000,0.000000000000000
8870,24274427,2826,2543400.000000000000000,0.000000000000000
8871,24274429,218,196200.000000000000000,0.000000000000000
8872,24274431,24,21600.000000000000000,0.000000000000000
8873,24274433,2016,1814400.000000000000000,0.000000000000000
8874,24274435,410,369000.000000000000000,0.000000000000000
8875,24274437,319,287100.000000000000000,0.000000000000000
8876,24274439,53,47700.000000000000000,0.000000000000000
8877,24274441,3838,3454200.000000000000000,0.000000000000000
8878,24274443,3886,3497400.000000000000000,0.000000000000000
8879,24274445,3271,2943900.000000000000000,0.000000000000000
8880,24274447,194,174600.000000000000000,0.000000000000000
8881,24274449,2908,2617200.000000000000000,0.000000000000000
8882,24274451,784,705600.000000000000000,0.000000000000000
8883,24274453,902,811800.000000000000000,0.000000000000000
8884,24274455,2761,2484900.000000000000000,0.000000000000000
8885,24274457,402,361800.000000000000000,0.000000000000000
8886,24274459,5344,4809600.000000000000000,0.000000000000000
8887,24274461,5972,5374800.000000000000000,0.000000000000000
8888,24274463,1253,1127700.000000000000000,0.000000000000000
8889,24274465,3369,3032100.000000000000000,0.000000000000000
8890,24274467,6054,5448600.000000000000000,0.000000000000000
8891,24274469,1187,1068300.000000000000000,0.000000000000000
8892,24274471,7251,6525900.000000000000000,0.000000000000000
8893,24274473,4779,4301100.000000000000000,0.000000000000000
8894,24274475,1310,1179000.000000000000000,0.000000000000000
8895,24274477,139,125100.000000000000000,0.000000000000000
8896,24274479,148,133200.000000000000000,0.000000000000000
8897,24274481,1506,1355400.000000000000000,0.000000000000000
8898,24274483,504,453600.000000000000000,0.000000000000000
8899,24274485,697,627300.000000000000000,0.000000000000000
8900,24274487,4083,3674700.000000000000000,0.000000000000000
8901,24274489,54,48600.000000000000000,0.000000000000000
8902,24274491,19,17100.000000000000000,0.000000000000000
8903,24274493,191,171900.000000000000000,0.000000000000000
8904,24274495,3262,2935800.000000000000000,0.000000000000000
8905,24274497,371,333900.000000000000000,0.000000000000000
8906,24274499,2426,2183400.000000000000000,0.000000000000000
8907,24274501,4134,3720600.000000000000000,0.000000000000000
8908,24274503,302,271800.000000000000000,0.000000000000000
8909,24274505,723,650700.000000000000000,0.000000000000000
8910,24274507,6690,6021000.000000000000000,0.000000000000000
8911,24274509,2681,2412900.000000000000000,0.000000000000000
8912,24274511,704,633600.000000000000000,0.000000000000000
8913,24274513,6893,6203700.000000000000000,0.000000000000000
8914,24274515,1463,1316700.000000000000000,0.000000000000000
8915,24274517,2289,2060100.000000000000000,0.000000000000000
8916,24274519,8446,7601400.000000000000000,0.000000000000000
8917,24274521,5560,5004000.000000000000000,0.000000000000000
8918,24274523,3004,2703600.000000000000000,0.000000000000000
8919,24274525,1771,1593900.000000000000000,0.000000000000000
8920,24274527,1530,1377000.000000000000000,0.000000000000000
8921,24274529,3411,3069900.000000000000000,0.000000000000000
8922,24274531,1743,1568700.000000000000000,0.000000000000000
8923,24274533,3384,3045600.000000000000000,0.000000000000000
8924,24274535,7965,7168500.000000000000000,0.000000000000000
8925,24274537,11294,10164600.000000000000000,0.000000000000000
8926,24274539,157,141300.000000000000000,0.000000000000000
8927,24274541,255,229500.000000000000000,0.000000000000000
8928,24274543,95,85500.000000000000000,0.000000000000000
8929,24274545,13836,12452400.000000000000000,0.000000000000000
8930,24274547,8572,7714800.000000000000000,0.000000000000000
8931,24274549,1567,1410300.000000000000000,0.000000000000000
8932,24274551,12610,11349000.000000000000000,0.000000000000000
8933,24274553,1,900.000000000000000,0.000000000000000
8934,24274555,849,764100.000000000000000,0.000000000000000
8935,24274557,9002,8101800.000000000000000,0.000000000000000
8936,24274559,282,253800.000000000000000,0.000000000000000
8937,24274561,29,26100.000000000000000,0.000000000000000
8938,24274563,6103,5492700.000000000000000,0.000000000000000
8939,24274565,945,850500.000000000000000,0.000000000000000
8940,24274567,312,280800.000000000000000,0.000000000000000
8941,24274569,49,44100.000000000000000,0.000000000000000
8942,24274571,2452,2206800.000000000000000,0.000000000000000
8943,24274573,133,119700.000000000000000,0.000000000000000
8944,24274575,1788,1609200.000000000000000,0.000000000000000
8945,24274577,14620,13158000.000000000000000,0.000000000000000
8946,24274579,9058,8152200.000000000000000,0.000000000000000
8947,24274581,6006,5405400.000000000000000,0.000000000000000
8948,24274583,8116,7304400.000000000000000,0.000000000000000
8949,24274585,89,80100.000000000000000,0.000000000000000
8950,24274587,6884,6195600.000000000000000,0.000000000000000
8951,24274589,1231,1107900.000000000000000,0.000000000000000
8952,24274591,11876,10688400.000000000000000,0.000000000000000
8953,24274593,3311,2979900.000000000000000,0.000000000000000
8954,24274595,709,638100.000000000000000,0.000000000000000
8955,24274597,24784,22305600.000000000000000,0.000000000000000
8956,24274599,2869,2582100.000000000000000,0.000000000000000
8957,24274601,989,890100.000000000000000,0.000000000000000
8958,24274603,319,287100.000000000000000,0.000000000000000
8959,24274605,1556,1400400.000000000000000,0.000000000000000
8960,24274607,827,744300.000000000000000,0.000000000000000
8961,24274609,6854,6168600.000000000000000,0.000000000000000
8962,24274611,5402,4861800.000000000000000,0.000000000000000
8963,24274613,3881,3492900.000000000000000,0.000000000000000
8964,24274615,251,225900.000000000000000,0.000000000000000
8965,24274617,11914,10722600.000000000000000,0.000000000000000
8966,24274619,391,351900.000000000000000,0.000000000000000
8967,24274621,264,237600.000000000000000,0.000000000000000
8968,24274623,4045,3640500.000000000000000,0.000000000000000
8969,24274625,3399,3059100.000000000000000,0.000000000000000
8970,24274627,2452,2206800.000000000000000,0.000000000000000
8971,24274629,2916,2624400.000000000000000,0.000000000000000
8972,24274631,2140,1926000.000000000000000,0.000000000000000
8973,24274633,5034,4530600.000000000000000,0.000000000000000
8974,24274635,4745,4270500.000000000000000,0.000000000000000
8975,24274637,949,854100.000000000000000,0.000000000000000
8976,24274639,238,214200.000000000000000,0.000000000000000
8977,24274641,5413,4871700.000000000000000,0.000000000000000
8978,24274643,56,50400.000000000000000,0.000000000000000
8979,24274645,296,266400.000000000000000,0.000000000000000
8980,24274647,9,8100.000000000000000,0.000000000000000
8981,24274649,224,201600.000000000000000,0.000000000000000
8982,24274651,122,109800.000000000000000,0.000000000000000
8983,24274653,9953,8957700.000000000000000,0.000000000000000
8984,24274655,3537,3183300.000000000000000,0.000000000000000
8985,24274657,768,691200.000000000000000,0.000000000000000
8986,24274659,880,792000.000000000000000,0.000000000000000
8987,24274661,11,9900.000000000000000,0.000000000000000
8988,24274663,10104,9093600.000000000000000,0.000000000000000
8989,24274665,6056,5450400.000000000000000,0.000000000000000
8990,24274667,1259,1133100.000000000000000,0.000000000000000
8991,24274669,2212,1990800.000000000000000,0.000000000000000
8992,24274671,243,218700.000000000000000,0.000000000000000
8993,24274673,1779,1601100.000000000000000,0.000000000000000
8994,24274675,3384,3045600.000000000000000,0.000000000000000
8995,24274677,2113,1901700.000000000000000,0.000000000000000
8996,24274679,2615,2353500.000000000000000,0.000000000000000
8997,24274681,6440,5796000.000000000000000,0.000000000000000
8998,24274683,38,34200.000000000000000,0.000000000000000
8999,24274685,34,30600.000000000000000,0.000000000000000
9000,24274687,21,18900.000000000000000,0.000000000000000
9001,24274689,934,840600.000000000000000,0.000000000000000
9002,24274691,1060,954000.000000000000000,0.000000000000000
9003,24274693,586,527400.000000000000000,0.000000000000000
9004,24274695,73,65700.000000000000000,0.000000000000000
9005,24274697,386,347400.000000000000000,0.000000000000000
9006,24274699,125,112500.000000000000000,0.000000000000000
9007,24274701,1137,1023300.000000000000000,0.000000000000000
9008,24274703,1928,1735200.000000000000000,0.000000000000000
9009,24274705,657,591300.000000000000000,0.000000000000000
9010,24274707,285,256500.000000000000000,0.000000000000000
9011,24274709,222,199800.000000000000000,0.000000000000000
9012,24274711,158,142200.000000000000000,0.000000000000000
9013,24274713,320,288000.000000000000000,0.000000000000000
9014,24274715,401,360900.000000000000000,0.000000000000000
9015,24274717,4,3600.000000000000000,0.000000000000000
9016,24274719,10615,9553500.000000000000000,0.000000000000000
9017,24274721,6257,5631300.000000000000000,0.000000000000000
9018,24274723,638,574200.000000000000000,0.000000000000000
9019,24274725,14381,12942900.000000000000000,0.000000000000000
9020,24274727,21461,19314900.000000000000000,0.000000000000000
9021,24274729,341,306900.000000000000000,0.000000000000000
9022,24274731,1219,1097100.000000000000000,0.000000000000000
9023,24274733,4,3600.000000000000000,0.000000000000000
9024,24274735,185,166500.000000000000000,0.000000000000000
9025,24274737,961,864900.000000000000000,0.000000000000000
9026,24274739,8,7200.000000000000000,0.000000000000000
9027,24274741,23595,21235500.000000000000000,0.000000000000000
9028,24274743,4268,3841200.000000000000000,0.000000000000000
9029,24274745,4093,3683700.000000000000000,0.000000000000000
9030,24274747,2001,1800900.000000000000000,0.000000000000000
9031,24274749,8,7200.000000000000000,0.000000000000000
9032,24274751,5941,5346900.000000000000000,0.000000000000000
9033,24274753,6422,5779800.000000000000000,0.000000000000000
9034,24274755,31498,28348200.000000000000000,0.000000000000000
9035,24274757,17184,15465600.000000000000000,0.000000000000000
9036,24274759,5499,4949100.000000000000000,0.000000000000000
9037,24274761,4687,4218300.000000000000000,0.000000000000000
9038,24274763,1421,1278900.000000000000000,0.000000000000000
9039,24274765,3103,2792700.000000000000000,0.000000000000000
9040,24274767,19285,17356500.000000000000000,0.000000000000000
9041,24274769,13743,12368700.000000000000000,0.000000000000000
9042,24274771,2688,2419200.000000000000000,0.000000000000000
9043,24274773,4051,3645900.000000000000000,0.000000000000000
9044,24274777,3797,3417300.000000000000000,0.000000000000000
9045,24274779,6688,6019200.000000000000000,0.000000000000000
9046,24274781,98,88200.000000000000000,0.000000000000000
9047,24274783,11294,10164600.000000000000000,0.000000000000000
9048,24274785,2495,2245500.000000000000000,0.000000000000000
9049,24274787,7705,6934500.000000000000000,0.000000000000000
9050,24274789,1748,1573200.000000000000000,0.000000000000000
9051,24274791,6060,5454000.000000000000000,0.000000000000000
9052,24274793,5564,5007600.000000000000000,0.000000000000000
9053,24274795,4669,4202100.000000000000000,0.000000000000000
9054,24274797,13185,11866500.000000000000000,0.000000000000000
9055,24274799,903,812700.000000000000000,0.000000000000000
9056,24274801,671,603900.000000000000000,0.000000000000000
9057,24274803,16237,14613300.000000000000000,0.000000000000000
9058,24274805,18889,17000100.000000000000000,0.000000000000000
9059,24274807,5011,4509900.000000000000000,0.000000000000000
9060,24274809,13456,12110400.000000000000000,0.000000000000000
9061,24274811,3435,3091500.000000000000000,0.000000000000000
9062,24274813,2194,1974600.000000000000000,0.000000000000000
9063,24274815,4625,4162500.000000000000000,0.000000000000000
9064,24274817,315,283500.000000000000000,0.000000000000000
9065,24274819,75,67500.000000000000000,0.000000000000000
9066,24274821,591,531900.000000000000000,0.000000000000000
9067,24274823,3175,2857500.000000000000000,10.000000000000000
9068,24274825,54,48600.000000000000000,0.000000000000000
9069,24274827,1390,1251000.000000000000000,0.000000000000000
9070,24274829,12418,11176200.000000000000000,0.000000000000000
9071,24274831,2897,2607300.000000000000000,31.000000000000000
9072,24274833,215,193500.000000000000000,0.000000000000000
9073,24274835,1191,1071900.000000000000000,0.000000000000000
9074,24274837,302,271800.000000000000000,0.000000000000000
9075,24274839,1665,1498500.000000000000000,0.000000000000000
9076,24274841,333,299700.000000000000000,0.000000000000000
9077,24274843,1560,1404000.000000000000000,0.000000000000000
9078,24274845,2714,2442600.000000000000000,0.000000000000000
9079,24274847,13881,12492900.000000000000000,0.000000000000000
9080,24274849,5440,4896000.000000000000000,0.000000000000000
9081,24274851,502,451800.000000000000000,0.000000000000000
9082,24274853,388,349200.000000000000000,0.000000000000000
9083,24274855,692,622800.000000000000000,0.000000000000000
9084,24274857,487,438300.000000000000000,0.000000000000000
9085,24274859,5098,4588200.000000000000000,0.000000000000000
9086,24274861,1116,1004400.000000000000000,0.000000000000000
9087,24274863,2210,1989000.000000000000000,0.000000000000000
9088,24274865,1707,1536300.000000000000000,0.000000000000000
9089,24274867,622,559800.000000000000000,0.000000000000000
9090,24274869,9566,8609400.000000000000000,0.000000000000000
9091,24274871,6738,6064200.000000000000000,0.000000000000000
9092,24274873,3991,3591900.000000000000000,0.000000000000000
9093,24274875,6931,6237900.000000000000000,0.000000000000000
9094,24274877,15264,13737600.000000000000000,0.000000000000000
9095,24274879,372,334800.000000000000000,0.000000000000000
9096,24274881,1399,1259100.000000000000000,0.000000000000000
9097,24274883,3384,3045600.000000000000000,0.000000000000000
9098,24274885,1930,1737000.000000000000000,0.000000000000000
9099,24274889,6316,5684400.000000000000000,0.000000000000000
9100,24274891,8499,7649100.000000000000000,322.000000000000000
9101,24274893,236,212400.000000000000000,0.000000000000000
9102,24274895,9246,8321400.000000000000000,0.000000000000000
9103,24274897,4,3600.000000000000000,0.000000000000000
9104,24274899,4381,3942900.000000000000000,0.000000000000000
9105,24274901,15608,14047200.000000000000000,0.000000000000000
9106,24274903,13415,12073500.000000000000000,0.000000000000000
9107,24274905,10416,9374400.000000000000000,0.000000000000000
9108,24274907,22357,20121300.000000000000000,0.000000000000000
9109,24274909,11520,10368000.000000000000000,0.000000000000000
9110,24274911,1216,1094400.000000000000000,5.000000000000000
9111,24274913,1051,945900.000000000000000,4.000000000000000
9112,24274915,854,768600.000000000000000,66.000000000000000
9113,24274917,2584,2325600.000000000000000,89.000000000000000
9114,24274919,4205,3784500.000000000000000,142.000000000000000
9115,24274921,291,261900.000000000000000,37.000000000000000
9116,24274923,890,801000.000000000000000,86.000000000000000
9117,24274925,997,897300.000000000000000,71.000000000000000
9118,24274927,788,709200.000000000000000,23.000000000000000
9119,24274929,7078,6370200.000000000000000,2.000000000000000
9120,24274931,8032,7228800.000000000000000,0.000000000000000
9121,24274933,1,900.000000000000000,0.000000000000000
9122,24274935,4501,4050900.000000000000000,0.000000000000000
9123,24274937,13066,11759400.000000000000000,0.000000000000000
9124,24274939,11003,9902700.000000000000000,0.000000000000000
9125,24274941,1763,1586700.000000000000000,0.000000000000000
9126,24274943,8482,7633800.000000000000000,0.000000000000000
9127,24274947,348,313200.000000000000000,27.000000000000000
9128,24274949,1398,1258200.000000000000000,29.000000000000000
9129,24274951,2,1800.000000000000000,0.000000000000000
9130,24274953,364,327600.000000000000000,20.000000000000000
9131,24274955,1674,1506600.000000000000000,0.000000000000000
9132,24274957,2298,2068200.000000000000000,0.000000000000000
9133,24274959,5435,4891500.000000000000000,0.000000000000000
9134,24274961,6480,5832000.000000000000000,0.000000000000000
9135,24274963,2170,1953000.000000000000000,0.000000000000000
9136,24274965,5290,4761000.000000000000000,0.000000000000000
9137,24274967,1522,1369800.000000000000000,0.000000000000000
9138,24274969,1216,1094400.000000000000000,0.000000000000000
9139,24274971,819,737100.000000000000000,0.000000000000000
9140,24274973,1375,1237500.000000000000000,0.000000000000000
9141,24274975,252,226800.000000000000000,0.000000000000000
9142,24274977,1210,1089000.000000000000000,0.000000000000000
9143,24274979,86,77400.000000000000000,0.000000000000000
9144,24274981,301,270900.000000000000000,0.000000000000000
9145,24274983,5630,5067000.000000000000000,0.000000000000000
9146,24274985,653,587700.000000000000000,0.000000000000000
9147,24274987,745,670500.000000000000000,0.000000000000000
9148,24274989,35,31500.000000000000000,0.000000000000000
9149,24274991,671,603900.000000000000000,0.000000000000000
9150,24274993,1228,1105200.000000000000000,0.000000000000000
9151,24274995,3466,3119400.000000000000000,0.000000000000000
9152,24274997,1370,1233000.000000000000000,0.000000000000000
9153,24274999,1203,1082700.000000000000000,0.000000000000000
9154,24275001,665,598500.000000000000000,0.000000000000000
9155,24275003,439,395100.000000000000000,0.000000000000000
9156,24275005,105,94500.000000000000000,0.000000000000000
9157,24275007,2013,1811700.000000000000000,0.000000000000000
9158,24275009,3492,3142800.000000000000000,0.000000000000000
9159,24275011,950,855000.000000000000000,0.000000000000000
9160,24275013,6556,5900400.000000000000000,0.000000000000000
9161,24275015,720,648000.000000000000000,0.000000000000000
9162,24275017,1221,1098900.000000000000000,0.000000000000000
9163,24275019,3581,3222900.000000000000000,0.000000000000000
9164,24275021,3743,3368700.000000000000000,0.000000000000000
9165,24275023,674,606600.000000000000000,0.000000000000000
9166,24275025,5227,4704300.000000000000000,0.000000000000000
9167,24275027,3128,2815200.000000000000000,0.000000000000000
9168,24275029,3662,3295800.000000000000000,0.000000000000000
9169,24275031,2602,2341800.000000000000000,0.000000000000000
9170,24275033,852,766800.000000000000000,0.000000000000000
9171,24275035,509,458100.000000000000000,0.000000000000000
9172,24275037,4142,3727800.000000000000000,0.000000000000000
9173,24275039,12,10800.000000000000000,0.000000000000000
9174,24275041,1263,1136700.000000000000000,0.000000000000000
9175,24275043,1097,987300.000000000000000,0.000000000000000
9176,24275045,1335,1201500.000000000000000,0.000000000000000
9177,24275047,1293,1163700.000000000000000,0.000000000000000
9178,24275049,1294,1164600.000000000000000,0.000000000000000
9179,24275051,823,740700.000000000000000,0.000000000000000
9180,24275053,52,46800.000000000000000,0.000000000000000
9181,24275055,1962,1765800.000000000000000,0.000000000000000
9182,24275057,836,752400.000000000000000,0.000000000000000
9183,24275059,1215,1093500.000000000000000,0.000000000000000
9184,24275061,1362,1225800.000000000000000,0.000000000000000
9185,24275063,400,360000.000000000000000,0.000000000000000
9186,24275065,3225,2902500.000000000000000,0.000000000000000
9187,24275067,5737,5163300.000000000000000,0.000000000000000
9188,24275069,5567,5010300.000000000000000,0.000000000000000
9189,24275071,4090,3681000.000000000000000,0.000000000000000
9190,24275073,4160,3744000.000000000000000,0.000000000000000
9191,24275075,4647,4182300.000000000000000,0.000000000000000
9192,24275077,767,690300.000000000000000,0.000000000000000
9193,24275079,3362,3025800.000000000000000,0.000000000000000
9194,24275081,1325,1192500.000000000000000,0.000000000000000
9195,24275083,239,215100.000000000000000,0.000000000000000
9196,24275085,2848,2563200.000000000000000,0.000000000000000
9197,24275087,2586,2327400.000000000000000,0.000000000000000
9198,24275089,4451,4005900.000000000000000,0.000000000000000
9199,24275091,1729,1556100.000000000000000,0.000000000000000
9200,24275093,3485,3136500.000000000000000,0.000000000000000
9201,24275095,1640,1476000.000000000000000,0.000000000000000
9202,24275097,1816,1634400.000000000000000,0.000000000000000
9203,24275099,44,39600.000000000000000,0.000000000000000
9204,24275101,4468,4021200.000000000000000,0.000000000000000
9205,24275103,82,73800.000000000000000,0.000000000000000
9206,24275107,2583,2324700.000000000000000,0.000000000000000
9207,24275109,2691,2421900.000000000000000,0.000000000000000
9208,24275111,137,123300.000000000000000,0.000000000000000
9209,24275113,6636,5972400.000000000000000,0.000000000000000
9210,24275115,2766,2489400.000000000000000,67.000000000000000
9211,24275117,5344,4809600.000000000000000,0.000000000000000
9212,24275119,488,439200.000000000000000,0.000000000000000
9213,24275121,70,63000.000000000000000,4.000000000000000
9214,24275125,812,730800.000000000000000,0.000000000000000
9215,24275127,6116,5504400.000000000000000,0.000000000000000
9216,24275129,2170,1953000.000000000000000,0.000000000000000
9217,24275131,1209,1088100.000000000000000,0.000000000000000
9218,24275133,1024,921600.000000000000000,0.000000000000000
9219,24275135,892,802800.000000000000000,0.000000000000000
9220,24275137,106,95400.000000000000000,46.000000000000000
9221,24275139,100,90000.000000000000000,0.000000000000000
9222,24275141,2011,1809900.000000000000000,141.000000000000000
9223,24275143,1668,1501200.000000000000000,0.000000000000000
9224,24275145,291,261900.000000000000000,0.000000000000000
9225,24275147,9,8100.000000000000000,0.000000000000000
9226,24275149,668,601200.000000000000000,0.000000000000000
9227,24275151,2213,1991700.000000000000000,29.000000000000000
9228,24275153,3490,3141000.000000000000000,724.000000000000000
9229,24275155,279,251100.000000000000000,0.000000000000000
9230,24275157,2129,1916100.000000000000000,0.000000000000000
9231,24275159,5757,5181300.000000000000000,365.000000000000000
9232,24275161,2463,2216700.000000000000000,0.000000000000000
9233,24275163,3765,3388500.000000000000000,0.000000000000000
9234,24275165,5511,4959900.000000000000000,0.000000000000000
9235,24275167,3808,3427200.000000000000000,0.000000000000000
9236,24275169,5049,4544100.000000000000000,14.000000000000000
9237,24275171,2153,1937700.000000000000000,0.000000000000000
9238,24275173,4242,3817800.000000000000000,0.000000000000000
9239,24275175,3257,2931300.000000000000000,0.000000000000000
9240,24275177,3517,3165300.000000000000000,0.000000000000000
9241,24275181,2498,2248200.000000000000000,0.000000000000000
9242,24275183,1093,983700.000000000000000,0.000000000000000
9243,24275185,1503,1352700.000000000000000,0.000000000000000
9244,24275187,3405,3064500.000000000000000,0.000000000000000
9245,24275189,2055,1849500.000000000000000,0.000000000000000
9246,24275191,2201,1980900.000000000000000,0.000000000000000
9247,24275193,803,722700.000000000000000,0.000000000000000
9248,24275195,918,826200.000000000000000,0.000000000000000
9249,24275197,974,876600.000000000000000,43.000000000000000
9250,24275199,1088,979200.000000000000000,275.000000000000000
9251,24275201,3617,3255300.000000000000000,0.000000000000000
9252,24275203,1791,1611900.000000000000000,11.000000000000000
9253,24275205,5103,4592700.000000000000000,328.000000000000000
9254,24275207,1595,1435500.000000000000000,0.000000000000000
9255,24275209,2113,1901700.000000000000000,0.000000000000000
9256,24275211,3079,2771100.000000000000000,0.000000000000000
9257,24275213,2173,1955700.000000000000000,256.000000000000000
9258,24275215,6140,5526000.000000000000000,0.000000000000000
9259,24275217,1414,1272600.000000000000000,272.000000000000000
9260,24275219,5014,4512600.000000000000000,0.000000000000000
9261,24275221,9588,8629200.000000000000000,0.000000000000000
9262,24275223,8682,7813800.000000000000000,0.000000000000000
9263,24275225,7413,6671700.000000000000000,0.000000000000000
9264,24275227,4282,3853800.000000000000000,0.000000000000000
9265,24275229,3084,2775600.000000000000000,0.000000000000000
9266,24275231,745,670500.000000000000000,0.000000000000000
9267,24275233,2591,2331900.000000000000000,0.000000000000000
9268,24275235,220,198000.000000000000000,0.000000000000000
9269,24275237,614,552600.000000000000000,0.000000000000000
9270,24275239,2612,2350800.000000000000000,0.000000000000000
9271,24275241,1579,1421100.000000000000000,0.000000000000000
9272,24275243,2293,2063700.000000000000000,0.000000000000000
9273,24275245,4376,3938400.000000000000000,0.000000000000000
9274,24275247,4064,3657600.000000000000000,0.000000000000000
9275,24275249,3925,3532500.000000000000000,0.000000000000000
9276,24275251,2523,2270700.000000000000000,0.000000000000000
9277,24275253,2558,2302200.000000000000000,0.000000000000000
9278,24275255,1765,1588500.000000000000000,0.000000000000000
9279,24275257,859,773100.000000000000000,0.000000000000000
9280,24275259,3,2700.000000000000000,0.000000000000000
9281,24275261,7108,6397200.000000000000000,0.000000000000000
9282,24275263,92,82800.000000000000000,0.000000000000000
9283,24275265,1819,1637100.000000000000000,0.000000000000000
9284,24275267,2553,2297700.000000000000000,0.000000000000000
9285,24275269,1485,1336500.000000000000000,0.000000000000000
9286,24275271,4386,3947400.000000000000000,0.000000000000000
9287,24275273,6986,6287400.000000000000000,0.000000000000000
9288,24275275,32,28800.000000000000000,0.000000000000000
9289,24275277,4049,3644100.000000000000000,0.000000000000000
9290,24275279,3325,2992500.000000000000000,0.000000000000000
9291,24275281,5421,4878900.000000000000000,0.000000000000000
9292,24275283,6246,5621400.000000000000000,0.000000000000000
9293,24275285,2917,2625300.000000000000000,0.000000000000000
9294,24275287,2709,2438100.000000000000000,0.000000000000000
9295,24275289,2204,1983600.000000000000000,0.000000000000000
9296,24275291,73,65700.000000000000000,0.000000000000000
9297,24275293,2469,2222100.000000000000000,0.000000000000000
9298,24275295,902,811800.000000000000000,0.000000000000000
9299,24275297,6248,5623200.000000000000000,0.000000000000000
9300,24275299,119,107100.000000000000000,0.000000000000000
9301,24275301,1038,934200.000000000000000,0.000000000000000
9302,24275303,2217,1995300.000000000000000,0.000000000000000
9303,24275305,9290,8361000.000000000000000,0.000000000000000
9304,24275307,1868,1681200.000000000000000,0.000000000000000
9305,24275309,1952,1756800.000000000000000,0.000000000000000
9306,24275311,4181,3762900.000000000000000,0.000000000000000
9307,24275313,4895,4405500.000000000000000,0.000000000000000
9308,24275315,8803,7922700.000000000000000,0.000000000000000
9309,24275317,471,423900.000000000000000,0.000000000000000
9310,24275319,4531,4077900.000000000000000,0.000000000000000
9311,24275321,9290,8361000.000000000000000,0.000000000000000
9312,24275323,807,726300.000000000000000,0.000000000000000
9313,24275325,5205,4684500.000000000000000,0.000000000000000
9314,24275327,3286,2957400.000000000000000,0.000000000000000
9315,24275329,1594,1434600.000000000000000,0.000000000000000
9316,24275331,1558,1402200.000000000000000,0.000000000000000
9317,24275333,3722,3349800.000000000000000,0.000000000000000
9318,24275335,4093,3683700.000000000000000,0.000000000000000
9319,24275337,2769,2492100.000000000000000,0.000000000000000
9320,24275339,4941,4446900.000000000000000,0.000000000000000
9321,24275341,4322,3889800.000000000000000,0.000000000000000
9322,24275343,663,596700.000000000000000,0.000000000000000
9323,24275345,55,49500.000000000000000,0.000000000000000
9324,24275347,4799,4319100.000000000000000,0.000000000000000
9325,24275349,914,822600.000000000000000,0.000000000000000
9326,24275351,915,823500.000000000000000,0.000000000000000
9327,24275353,6739,6065100.000000000000000,0.000000000000000
9328,24275355,2810,2529000.000000000000000,0.000000000000000
9329,24275357,1848,1663200.000000000000000,0.000000000000000
9330,24275359,2235,2011500.000000000000000,1151.000000000000000
9331,24275361,1679,1511100.000000000000000,0.000000000000000
9332,24275363,2795,2515500.000000000000000,0.000000000000000
9333,24275365,4560,4104000.000000000000000,0.000000000000000
9334,24275367,3717,3345300.000000000000000,0.000000000000000
9335,24275369,1829,1646100.000000000000000,0.000000000000000
9336,24275371,1522,1369800.000000000000000,0.000000000000000
9337,24275373,1906,1715400.000000000000000,0.000000000000000
9338,24275375,2166,1949400.000000000000000,0.000000000000000
9339,24275377,1712,1540800.000000000000000,0.000000000000000
9340,24275379,2255,2029500.000000000000000,0.000000000000000
9341,24275381,1484,1335600.000000000000000,0.000000000000000
9342,24275383,5648,5083200.000000000000000,0.000000000000000
9343,24275385,1938,1744200.000000000000000,0.000000000000000
9344,24275387,6849,6164100.000000000000000,0.000000000000000
9345,24275389,14403,12962700.000000000000000,0.000000000000000
9346,24275391,3286,2957400.000000000000000,0.000000000000000
9347,24275393,15685,14116500.000000000000000,0.000000000000000
9348,24275395,830,747000.000000000000000,0.000000000000000
9349,24275397,10444,9399600.000000000000000,0.000000000000000
9350,24275399,2551,2295900.000000000000000,0.000000000000000
9351,24275401,1139,1025100.000000000000000,0.000000000000000
9352,24275403,1766,1589400.000000000000000,0.000000000000000
9353,24275405,15227,13704300.000000000000000,0.000000000000000
9354,24275407,2213,1991700.000000000000000,0.000000000000000
9355,24275409,6170,5553000.000000000000000,0.000000000000000
9356,24275411,2955,2659500.000000000000000,0.000000000000000
9357,24275413,1426,1283400.000000000000000,0.000000000000000
9358,24275415,2695,2425500.000000000000000,0.000000000000000
9359,24275417,6221,5598900.000000000000000,0.000000000000000
9360,24275419,6759,6083100.000000000000000,321.000000000000000
9361,24275421,7291,6561900.000000000000000,0.000000000000000
9362,24275423,1244,1119600.000000000000000,533.000000000000000
9363,24275425,409,368100.000000000000000,226.000000000000000
9364,24275427,2038,1834200.000000000000000,0.000000000000000
9365,24275429,6742,6067800.000000000000000,0.000000000000000
9366,24275431,2057,1851300.000000000000000,0.000000000000000
9367,24275433,2734,2460600.000000000000000,0.000000000000000
9368,24275435,1425,1282500.000000000000000,0.000000000000000
9369,24275437,2627,2364300.000000000000000,0.000000000000000
9370,24275439,6443,5798700.000000000000000,0.000000000000000
9371,24275441,2164,1947600.000000000000000,0.000000000000000
9372,24275443,900,810000.000000000000000,0.000000000000000
9373,24275445,2970,2673000.000000000000000,0.000000000000000
9374,24275449,5866,5279400.000000000000000,0.000000000000000
9375,24275451,6025,5422500.000000000000000,0.000000000000000
9376,24275453,5137,4623300.000000000000000,0.000000000000000
9377,24275455,8127,7314300.000000000000000,0.000000000000000
9378,24275457,5576,5018400.000000000000000,0.000000000000000
9379,24275459,211,189900.000000000000000,0.000000000000000
9380,24275461,3132,2818800.000000000000000,0.000000000000000
9381,24275463,7472,6724800.000000000000000,0.000000000000000
9382,24275465,5878,5290200.000000000000000,0.000000000000000
9383,24275467,2093,1883700.000000000000000,0.000000000000000
9384,24275469,1464,1317600.000000000000000,0.000000000000000
9385,24275471,16397,14757300.000000000000000,0.000000000000000
9386,24275473,3279,2951100.000000000000000,0.000000000000000
9387,24275475,6490,5841000.000000000000000,0.000000000000000
9388,24275477,3245,2920500.000000000000000,0.000000000000000
9389,24275479,3778,3400200.000000000000000,0.000000000000000
9390,24275481,3925,3532500.000000000000000,0.000000000000000
9391,24275483,2152,1936800.000000000000000,0.000000000000000
9392,24275485,764,687600.000000000000000,0.000000000000000
9393,24275487,3106,2795400.000000000000000,0.000000000000000
9394,24275489,3613,3251700.000000000000000,0.000000000000000
9395,24275493,4554,4098600.000000000000000,0.000000000000000
9396,24275495,4775,4297500.000000000000000,0.000000000000000
9397,24275497,2363,2126700.000000000000000,0.000000000000000
9398,24275499,8951,8055900.000000000000000,0.000000000000000
9399,24275501,11992,10792800.000000000000000,0.000000000000000
9400,24275503,6525,5872500.000000000000000,0.000000000000000
9401,24275505,1362,1225800.000000000000000,0.000000000000000
9402,24275507,3097,2787300.000000000000000,0.000000000000000
9403,24275509,4230,3807000.000000000000000,0.000000000000000
9404,24275511,266,239400.000000000000000,0.000000000000000
9405,24275513,337,303300.000000000000000,0.000000000000000
9406,24275515,1120,1008000.000000000000000,0.000000000000000
9407,24275517,420,378000.000000000000000,0.000000000000000
9408,24275519,2756,2480400.000000000000000,0.000000000000000
9409,24275521,234,210600.000000000000000,0.000000000000000
9410,24275523,297,267300.000000000000000,0.000000000000000
9411,24275525,10409,9368100.000000000000000,0.000000000000000
9412,24275527,158,142200.000000000000000,1.000000000000000
9413,24275529,127,114300.000000000000000,0.000000000000000
9414,24275531,120,108000.000000000000000,0.000000000000000
9415,24275533,230,207000.000000000000000,23.000000000000000
9416,24275535,365,328500.000000000000000,12.000000000000000
9417,24275537,571,513900.000000000000000,88.000000000000000
9418,24275539,29,26100.000000000000000,7.000000000000000
9419,24275541,74,66600.000000000000000,0.000000000000000
9420,24275543,17,15300.000000000000000,0.000000000000000
9421,24275545,40,36000.000000000000000,0.000000000000000
9422,24275547,51,45900.000000000000000,3.000000000000000
9423,24275549,46,41400.000000000000000,0.000000000000000
9424,24275551,1386,1247400.000000000000000,204.000000000000000
9425,24275553,373,335700.000000000000000,33.000000000000000
9426,24275555,21,18900.000000000000000,0.000000000000000
9427,24275557,1,900.000000000000000,0.000000000000000
9428,24275559,2,1800.000000000000000,0.000000000000000
9429,24275561,11,9900.000000000000000,0.000000000000000
9430,24275563,5,4500.000000000000000,0.000000000000000
9431,24275565,4,3600.000000000000000,0.000000000000000
9432,24275567,1,900.000000000000000,0.000000000000000
9433,24275569,1,900.000000000000000,0.000000000000000
9434,24275573,2,1800.000000000000000,0.000000000000000
9435,24275575,1340,1206000.000000000000000,0.000000000000000
9436,24275577,976,878400.000000000000000,0.000000000000000
9437,24275579,1857,1671300.000000000000000,0.000000000000000
9438,24275589,6,5400.000000000000000,0.000000000000000
9439,24275593,39,35100.000000000000000,0.000000000000000
9440,24275595,303,272700.000000000000000,0.000000000000000
9441,24275597,5984,5385600.000000000000000,0.000000000000000
9442,24275599,3124,2811600.000000000000000,0.000000000000000
9443,24275601,7,6300.000000000000000,0.000000000000000
9444,24275607,1,900.000000000000000,0.000000000000000
9445,24275613,1,900.000000000000000,0.000000000000000
9446,24275617,1919,1727100.000000000000000,0.000000000000000
9447,24275619,771,693900.000000000000000,0.000000000000000
9448,24275621,2126,1913400.000000000000000,0.000000000000000
9449,24275625,3,2700.000000000000000,0.000000000000000
9450,24275627,1,900.000000000000000,0.000000000000000
9451,24275633,1711,1539900.000000000000000,0.000000000000000
9452,24275635,362,325800.000000000000000,0.000000000000000
9453,24275637,443,398700.000000000000000,0.000000000000000
9454,24275639,2360,2124000.000000000000000,0.000000000000000
9455,24275641,1097,987300.000000000000000,0.000000000000000
9456,24275643,1428,1285200.000000000000000,0.000000000000000
9457,24275695,2022,1819800.000000000000000,176.000000000000000
9458,24275697,31,27900.000000000000000,0.000000000000000
9459,24275735,295,265500.000000000000000,0.000000000000000
9460,24275737,95,85500.000000000000000,0.000000000000000
9461,24275741,5824,5241600.000000000000000,0.000000000000000
9462,24279008,857,771300.000000000000000,39.000000000000000
9463,24279010,2299,2069100.000000000000000,41.000000000000000
9464,24279012,732,658800.000000000000000,0.000000000000000
9465,24279014,24153,21737700.000000000000000,1769.000000000000000
9466,24279016,79,71100.000000000000000,0.000000000000000
9467,24279018,4592,4132800.000000000000000,26.000000000000000
9468,24279020,2025,1822500.000000000000000,1.000000000000000
9469,24279022,4376,3938400.000000000000000,0.000000000000000
9470,24279024,72,64800.000000000000000,0.000000000000000
9471,24279026,5108,4597200.000000000000000,0.000000000000000
9472,24279028,8952,8056800.000000000000000,0.000000000000000
9473,24279030,259,233100.000000000000000,0.000000000000000
9474,24279032,569,512100.000000000000000,10.000000000000000
9475,24279034,1523,1370700.000000000000000,0.000000000000000
9476,24279036,137,123300.000000000000000,0.000000000000000
9477,24279038,41,36900.000000000000000,0.000000000000000
9478,24279040,176,158400.000000000000000,0.000000000000000
9479,24279042,121,108900.000000000000000,0.000000000000000
9480,24279044,146,131400.000000000000000,0.000000000000000
9481,24279046,66,59400.000000000000000,0.000000000000000
9482,24279048,6,5400.000000000000000,0.000000000000000
9483,24279050,313,281700.000000000000000,0.000000000000000
9484,24279052,133,119700.000000000000000,0.000000000000000
9485,24279054,86,77400.000000000000000,0.000000000000000
9486,24279056,1569,1412100.000000000000000,0.000000000000000
9487,24279058,2294,2064600.000000000000000,116.000000000000000
9488,24279060,257,231300.000000000000000,4.000000000000000
9489,24279062,268,241200.000000000000000,11.000000000000000
9490,24279064,3579,3221100.000000000000000,356.000000000000000
9491,24279066,99,89100.000000000000000,0.000000000000000
9492,24279068,1868,1681200.000000000000000,2.000000000000000
9493,24279070,2802,2521800.000000000000000,41.000000000000000
9494,24279072,1455,1309500.000000000000000,19.000000000000000
9495,24279074,729,656100.000000000000000,0.000000000000000
9496,24279076,447,402300.000000000000000,0.000000000000000
9497,24279078,57,51300.000000000000000,0.000000000000000
9498,24279080,48,43200.000000000000000,0.000000000000000
9499,24279082,1459,1313100.000000000000000,0.000000000000000
9500,24279084,1814,1632600.000000000000000,53.000000000000000
9501,24279086,1651,1485900.000000000000000,0.000000000000000
9502,24279088,6,5400.000000000000000,0.000000000000000
9503,24279090,33,29700.000000000000000,0.000000000000000
9504,24279092,3056,2750400.000000000000000,44.000000000000000
9505,24279094,897,807300.000000000000000,0.000000000000000
9506,24279096,124,111600.000000000000000,0.000000000000000
9507,24279098,3605,3244500.000000000000000,0.000000000000000
9508,24279100,11276,10148400.000000000000000,0.000000000000000
9509,24279102,3346,3011400.000000000000000,0.000000000000000
9510,24279104,251,225900.000000000000000,0.000000000000000
9511,24279106,947,852300.000000000000000,0.000000000000000
9512,24279108,870,783000.000000000000000,0.000000000000000
9513,24279110,1200,1080000.000000000000000,0.000000000000000
9514,24279112,1029,926100.000000000000000,0.000000000000000
9515,24279114,2265,2038500.000000000000000,0.000000000000000
9516,24279116,4242,3817800.000000000000000,0.000000000000000
9517,24279118,86,77400.000000000000000,0.000000000000000
9518,24279120,3799,3419100.000000000000000,0.000000000000000
9519,24279122,6222,5599800.000000000000000,0.000000000000000
9520,24279124,19158,17242200.000000000000000,0.000000000000000
9521,24279126,2894,2604600.000000000000000,0.000000000000000
9522,24279128,22363,20126700.000000000000000,0.000000000000000
9523,24279130,6494,5844600.000000000000000,0.000000000000000
9524,24279132,5185,4666500.000000000000000,0.000000000000000
9525,24279134,4444,3999600.000000000000000,0.000000000000000
9526,24279136,10847,9762300.000000000000000,0.000000000000000
9527,24279138,31,27900.000000000000000,0.000000000000000
9528,24279140,28264,25437600.000000000000000,0.000000000000000
9529,24279142,1730,1557000.000000000000000,0.000000000000000
9530,24279146,13349,12014100.000000000000000,0.000000000000000
9531,24279150,39,35100.000000000000000,4.000000000000000
9532,24279152,2649,2384100.000000000000000,513.000000000000000
9533,24279154,12170,10953000.000000000000000,687.000000000000000
9534,24279156,1743,1568700.000000000000000,39.000000000000000
9535,24279158,4018,3616200.000000000000000,0.000000000000000
9536,24279160,1698,1528200.000000000000000,0.000000000000000
9537,24279162,2370,2133000.000000000000000,0.000000000000000
9538,24279164,2408,2167200.000000000000000,0.000000000000000
9539,24279166,14,12600.000000000000000,0.000000000000000
9540,24279168,28,25200.000000000000000,0.000000000000000
9541,24279170,92,82800.000000000000000,3.000000000000000
9542,24279172,2453,2207700.000000000000000,819.000000000000000
9543,24279174,12409,11168100.000000000000000,1480.000000000000000
9544,24279176,741,666900.000000000000000,87.000000000000000
9545,24279178,762,685800.000000000000000,4.000000000000000
9546,24279180,2747,2472300.000000000000000,0.000000000000000
9547,24279182,1832,1648800.000000000000000,0.000000000000000
9548,24279184,582,523800.000000000000000,0.000000000000000
9549,24279186,722,649800.000000000000000,0.000000000000000
9550,24279188,288,259200.000000000000000,9.000000000000000
9551,24279190,1659,1493100.000000000000000,0.000000000000000
9552,24279192,3528,3175200.000000000000000,0.000000000000000
9553,24279194,7659,6893100.000000000000000,76.000000000000000
9554,24279196,354,318600.000000000000000,0.000000000000000
9555,24279198,3655,3289500.000000000000000,0.000000000000000
9556,24279200,2962,2665800.000000000000000,17.000000000000000
9557,24279202,4149,3734100.000000000000000,0.000000000000000
9558,24279206,8834,7950600.000000000000000,0.000000000000000
9559,24279208,1247,1122300.000000000000000,0.000000000000000
9560,24279210,424,381600.000000000000000,0.000000000000000
9561,24279214,1684,1515600.000000000000000,2.000000000000000
9562,24279216,1068,961200.000000000000000,8.000000000000000
9563,24279218,556,500400.000000000000000,0.000000000000000
9564,24279220,11193,10073700.000000000000000,0.000000000000000
9565,24279222,388,349200.000000000000000,0.000000000000000
9566,24279224,781,702900.000000000000000,0.000000000000000
9567,24279226,693,623700.000000000000000,107.000000000000000
9568,24279228,4,3600.000000000000000,0.000000000000000
9569,24279230,770,693000.000000000000000,0.000000000000000
9570,24279232,853,767700.000000000000000,106.000000000000000
9571,24279234,3915,3523500.000000000000000,0.000000000000000
9572,24279236,1456,1310400.000000000000000,0.000000000000000
9573,24279238,566,509400.000000000000000,23.000000000000000
9574,24279240,1285,1156500.000000000000000,0.000000000000000
9575,24279242,2951,2655900.000000000000000,11.000000000000000
9576,24279244,9828,8845200.000000000000000,0.000000000000000
9577,24279246,724,651600.000000000000000,57.000000000000000
9578,24279248,2840,2556000.000000000000000,0.000000000000000
9579,24279250,6376,5738400.000000000000000,0.000000000000000
9580,24279252,2212,1990800.000000000000000,18.000000000000000
9581,24279254,689,620100.000000000000000,62.000000000000000
9582,24279256,1036,932400.000000000000000,0.000000000000000
9583,24279258,5262,4735800.000000000000000,0.000000000000000
9584,24279260,9996,8996400.000000000000000,4.000000000000000
9585,24279262,3062,2755800.000000000000000,0.000000000000000
9586,24279264,5387,4848300.000000000000000,0.000000000000000
9587,24279266,1554,1398600.000000000000000,0.000000000000000
9588,24279268,4486,4037400.000000000000000,106.000000000000000
9589,24279270,2997,2697300.000000000000000,0.000000000000000
9590,24279272,2670,2403000.000000000000000,0.000000000000000
9591,24279274,2018,1816200.000000000000000,0.000000000000000
9592,24279276,1637,1473300.000000000000000,0.000000000000000
9593,24279278,6983,6284700.000000000000000,0.000000000000000
9594,24279280,2042,1837800.000000000000000,0.000000000000000
9595,24279282,4291,3861900.000000000000000,0.000000000000000
9596,24279286,1673,1505700.000000000000000,0.000000000000000
9597,24279288,385,346500.000000000000000,0.000000000000000
9598,24279290,5297,4767300.000000000000000,0.000000000000000
9599,24279292,1508,1357200.000000000000000,0.000000000000000
9600,24279294,461,414900.000000000000000,0.000000000000000
9601,24279296,40,36000.000000000000000,0.000000000000000
9602,24279298,498,448200.000000000000000,0.000000000000000
9603,24279300,14,12600.000000000000000,0.000000000000000
9604,24279302,5940,5346000.000000000000000,0.000000000000000
9605,24279304,1942,1747800.000000000000000,0.000000000000000
9606,24279306,12,10800.000000000000000,0.000000000000000
9607,24279308,268,241200.000000000000000,9.000000000000000
9608,24279310,851,765900.000000000000000,0.000000000000000
9609,24279312,10797,9717300.000000000000000,0.000000000000000
9610,24279314,14034,12630600.000000000000000,0.000000000000000
9611,24279316,897,807300.000000000000000,0.000000000000000
9612,24279318,61,54900.000000000000000,0.000000000000000
9613,24279320,148,133200.000000000000000,12.000000000000000
9614,24279322,6574,5916600.000000000000000,0.000000000000000
9615,24279324,76,68400.000000000000000,0.000000000000000
9616,24279326,955,859500.000000000000000,0.000000000000000
9617,24279328,36,32400.000000000000000,0.000000000000000
9618,24279330,3676,3308400.000000000000000,0.000000000000000
9619,24279336,617,555300.000000000000000,8.000000000000000
9620,24279338,944,849600.000000000000000,0.000000000000000
9621,24279344,148,133200.000000000000000,0.000000000000000
9622,24279346,33,29700.000000000000000,0.000000000000000
9623,24279348,835,751500.000000000000000,7.000000000000000
9624,24279350,5542,4987800.000000000000000,0.000000000000000
9625,24279352,6449,5804100.000000000000000,0.000000000000000
9626,24279354,1728,1555200.000000000000000,0.000000000000000
9627,24279356,3998,3598200.000000000000000,0.000000000000000
9628,24279360,236,212400.000000000000000,0.000000000000000
9629,24279362,54,48600.000000000000000,0.000000000000000
9630,24279364,4280,3852000.000000000000000,0.000000000000000
9631,24279366,2557,2301300.000000000000000,0.000000000000000
9632,24279368,7,6300.000000000000000,0.000000000000000
9633,24279370,456,410400.000000000000000,0.000000000000000
9634,24279372,4052,3646800.000000000000000,0.000000000000000
9635,24279374,4789,4310100.000000000000000,0.000000000000000
9636,24279376,1949,1754100.000000000000000,0.000000000000000
9637,24279380,3683,3314700.000000000000000,13.000000000000000
9638,24279382,34,30600.000000000000000,0.000000000000000
9639,24279384,3217,2895300.000000000000000,13.000000000000000
9640,24279386,24,21600.000000000000000,0.000000000000000
9641,24279390,8684,7815600.000000000000000,0.000000000000000
9642,24279392,3196,2876400.000000000000000,0.000000000000000
9643,24279398,602,541800.000000000000000,0.000000000000000
9644,24279400,614,552600.000000000000000,0.000000000000000
9645,24279402,552,496800.000000000000000,0.000000000000000
9646,24279404,3135,2821500.000000000000000,0.000000000000000
9647,24279406,3965,3568500.000000000000000,0.000000000000000
9648,24279408,1335,1201500.000000000000000,0.000000000000000
9649,24279410,8549,7694100.000000000000000,0.000000000000000
9650,24279412,314,282600.000000000000000,0.000000000000000
9651,24279414,3501,3150900.000000000000000,0.000000000000000
9652,24279416,907,816300.000000000000000,0.000000000000000
9653,24279418,1305,1174500.000000000000000,0.000000000000000
9654,24279420,1016,914400.000000000000000,0.000000000000000
9655,24279422,377,339300.000000000000000,0.000000000000000
9656,24279424,183,164700.000000000000000,0.000000000000000
9657,24279426,612,550800.000000000000000,0.000000000000000
9658,24279428,15152,13636800.000000000000000,0.000000000000000
9659,24279430,1177,1059300.000000000000000,0.000000000000000
9660,24279432,231,207900.000000000000000,0.000000000000000
9661,24279434,222,199800.000000000000000,0.000000000000000
9662,24279436,144,129600.000000000000000,0.000000000000000
9663,24279438,265,238500.000000000000000,0.000000000000000
9664,24279440,556,500400.000000000000000,0.000000000000000
9665,24279442,362,325800.000000000000000,0.000000000000000
9666,24279444,1201,1080900.000000000000000,0.000000000000000
9667,24279446,214,192600.000000000000000,0.000000000000000
9668,24279448,7487,6738300.000000000000000,0.000000000000000
9669,24279450,2501,2250900.000000000000000,0.000000000000000
9670,24279452,1088,979200.000000000000000,0.000000000000000
9671,24279454,929,836100.000000000000000,0.000000000000000
9672,24279456,2501,2250900.000000000000000,0.000000000000000
9673,24279458,1586,1427400.000000000000000,0.000000000000000
9674,24279460,1496,1346400.000000000000000,9.000000000000000
9675,24279462,3111,2799900.000000000000000,0.000000000000000
9676,24279464,462,415800.000000000000000,0.000000000000000
9677,24279466,379,341100.000000000000000,0.000000000000000
9678,24279468,1144,1029600.000000000000000,11.000000000000000
9679,24279470,396,356400.000000000000000,0.000000000000000
9680,24279472,94,84600.000000000000000,16.000000000000000
9681,24279474,1125,1012500.000000000000000,0.000000000000000
9682,24279476,910,819000.000000000000000,0.000000000000000
9683,24279478,26,23400.000000000000000,0.000000000000000
9684,24279480,997,897300.000000000000000,0.000000000000000
9685,24279482,2047,1842300.000000000000000,0.000000000000000
9686,24279484,197,177300.000000000000000,0.000000000000000
9687,24279486,221,198900.000000000000000,0.000000000000000
9688,24279490,22904,20613600.000000000000000,1045.000000000000000
9689,24279492,252,226800.000000000000000,0.000000000000000
9690,24279494,81,72900.000000000000000,0.000000000000000
9691,24279496,2405,2164500.000000000000000,0.000000000000000
9692,24279498,756,680400.000000000000000,0.000000000000000
9693,24279500,579,521100.000000000000000,0.000000000000000
9694,24279502,1411,1269900.000000000000000,0.000000000000000
9695,24279504,2101,1890900.000000000000000,0.000000000000000
9696,24279506,201,180900.000000000000000,0.000000000000000
9697,24279510,5013,4511700.000000000000000,81.000000000000000
9698,24279512,1157,1041300.000000000000000,0.000000000000000
9699,24279514,4749,4274100.000000000000000,0.000000000000000
9700,24279516,6916,6224400.000000000000000,0.000000000000000
9701,24279520,1270,1143000.000000000000000,0.000000000000000
9702,24279522,2752,2476800.000000000000000,0.000000000000000
9703,24279528,2359,2123100.000000000000000,0.000000000000000
9704,24279530,3879,3491100.000000000000000,0.000000000000000
9705,24279532,5079,4571100.000000000000000,0.000000000000000
9706,24279534,1679,1511100.000000000000000,74.000000000000000
9707,24279536,1508,1357200.000000000000000,71.000000000000000
9708,24279538,944,849600.000000000000000,0.000000000000000
9709,24279540,849,764100.000000000000000,0.000000000000000
9710,24279542,479,431100.000000000000000,0.000000000000000
9711,24279544,1606,1445400.000000000000000,0.000000000000000
9712,24279546,9973,8975700.000000000000000,0.000000000000000
9713,24279548,136,122400.000000000000000,28.000000000000000
9714,24279550,1202,1081800.000000000000000,0.000000000000000
9715,24279552,1734,1560600.000000000000000,0.000000000000000
9716,24279554,7218,6496200.000000000000000,7.000000000000000
9717,24279556,3949,3554100.000000000000000,3.000000000000000
9718,24279558,5274,4746600.000000000000000,0.000000000000000
9719,24279560,818,736200.000000000000000,0.000000000000000
9720,24279562,155,139500.000000000000000,0.000000000000000
9721,24279564,4150,3735000.000000000000000,59.000000000000000
9722,24279568,3816,3434400.000000000000000,126.000000000000000
9723,24279570,2939,2645100.000000000000000,0.000000000000000
9724,24279572,8580,7722000.000000000000000,0.000000000000000
9725,24279574,13973,12575700.000000000000000,77.000000000000000
9726,24279576,201,180900.000000000000000,35.000000000000000
9727,24279578,3122,2809800.000000000000000,0.000000000000000
9728,24279580,7345,6610500.000000000000000,6.000000000000000
9729,24279582,552,496800.000000000000000,0.000000000000000
9730,24279584,465,418500.000000000000000,0.000000000000000
9731,24279586,26,23400.000000000000000,0.000000000000000
9732,24279588,300,270000.000000000000000,0.000000000000000
9733,24279590,47,42300.000000000000000,0.000000000000000
9734,24279592,1633,1469700.000000000000000,0.000000000000000
9735,24279594,384,345600.000000000000000,0.000000000000000
9736,24279596,234,210600.000000000000000,0.000000000000000
9737,24279598,898,808200.000000000000000,0.000000000000000
9738,24279600,44,39600.000000000000000,0.000000000000000
9739,24279602,90,81000.000000000000000,2.000000000000000
9740,24279604,828,745200.000000000000000,1.000000000000000
9741,24279606,108,97200.000000000000000,0.000000000000000
9742,24279608,1405,1264500.000000000000000,0.000000000000000
9743,24279610,5544,4989600.000000000000000,0.000000000000000
9744,24279612,787,708300.000000000000000,0.000000000000000
9745,24279614,651,585900.000000000000000,0.000000000000000
9746,24279616,2599,2339100.000000000000000,0.000000000000000
9747,24279618,173,155700.000000000000000,4.000000000000000
9748,24279620,1492,1342800.000000000000000,0.000000000000000
9749,24279622,511,459900.000000000000000,0.000000000000000
9750,24279624,223,200700.000000000000000,0.000000000000000
9751,24279626,5437,4893300.000000000000000,0.000000000000000
9752,24279628,3857,3471300.000000000000000,0.000000000000000
9753,24279630,5,4500.000000000000000,0.000000000000000
9754,24279632,290,261000.000000000000000,0.000000000000000
9755,24279634,406,365400.000000000000000,0.000000000000000
9756,24279636,22,19800.000000000000000,0.000000000000000
9757,24279638,1,900.000000000000000,0.000000000000000
9758,24279640,985,886500.000000000000000,11.000000000000000
9759,24279642,6,5400.000000000000000,0.000000000000000
9760,24279644,1,900.000000000000000,0.000000000000000
9761,24279648,101,90900.000000000000000,2.000000000000000
9762,24279652,7,6300.000000000000000,0.000000000000000
9763,24279654,43,38700.000000000000000,0.000000000000000
9764,24279656,28,25200.000000000000000,0.000000000000000
9765,24279658,10,9000.000000000000000,0.000000000000000
9766,24279664,890,801000.000000000000000,0.000000000000000
9767,24279666,56,50400.000000000000000,0.000000000000000
9768,24279668,740,666000.000000000000000,0.000000000000000
9769,24279670,291,261900.000000000000000,0.000000000000000
9770,24279676,938,844200.000000000000000,138.000000000000000
9771,24279678,589,530100.000000000000000,0.000000000000000
9772,24279680,4488,4039200.000000000000000,48.000000000000000
9773,24279682,198,178200.000000000000000,0.000000000000000
9774,24279684,4050,3645000.000000000000000,37.000000000000000
9775,24279704,710,639000.000000000000000,0.000000000000000
9776,24279888,32,28800.000000000000000,0.000000000000000
9777,24279890,12167,10950300.000000000000000,0.000000000000000
9778,24279910,190,171000.000000000000000,12.000000000000000
9779,24279936,262,235800.000000000000000,55.000000000000000
9780,24281956,239,215100.000000000000000,0.000000000000000
9781,24281958,116,104400.000000000000000,0.000000000000000
9782,24281960,282,253800.000000000000000,0.000000000000000
9783,24281962,3257,2931300.000000000000000,0.000000000000000
9784,24281964,11343,10208700.000000000000000,18.000000000000000
9785,24281966,172,154800.000000000000000,0.000000000000000
9786,24281968,365,328500.000000000000000,0.000000000000000
9787,24281970,594,534600.000000000000000,0.000000000000000
9788,24281972,258,232200.000000000000000,0.000000000000000
9789,24281974,568,511200.000000000000000,0.000000000000000
9790,24281976,2640,2376000.000000000000000,13.000000000000000
9791,24281978,16257,14631300.000000000000000,0.000000000000000
9792,24281980,18338,16504200.000000000000000,0.000000000000000
9793,24281982,3,2700.000000000000000,0.000000000000000
9794,24281984,770,693000.000000000000000,0.000000000000000
9795,24281986,37504,33753600.000000000000000,0.000000000000000
9796,24281988,4919,4427100.000000000000000,7.000000000000000
9797,24281990,29379,26441100.000000000000000,0.000000000000000
9798,24281992,1163,1046700.000000000000000,0.000000000000000
9799,24281994,495,445500.000000000000000,0.000000000000000
9800,24281996,476,428400.000000000000000,0.000000000000000
9801,24281998,579,521100.000000000000000,0.000000000000000
9802,24282000,3139,2825100.000000000000000,0.000000000000000
9803,24282002,330,297000.000000000000000,0.000000000000000
9804,24282004,201,180900.000000000000000,0.000000000000000
9805,24282006,2000,1800000.000000000000000,0.000000000000000
9806,24282008,47,42300.000000000000000,0.000000000000000
9807,24282010,17366,15629400.000000000000000,0.000000000000000
9808,24282012,1107,996300.000000000000000,0.000000000000000
9809,24282014,524,471600.000000000000000,0.000000000000000
9810,24282016,440,396000.000000000000000,0.000000000000000
9811,24282018,245,220500.000000000000000,0.000000000000000
9812,24282020,828,745200.000000000000000,0.000000000000000
9813,24282022,23,20700.000000000000000,0.000000000000000
9814,24282024,6480,5832000.000000000000000,0.000000000000000
9815,24282026,17163,15446700.000000000000000,0.000000000000000
9816,24282028,3784,3405600.000000000000000,0.000000000000000
9817,24282030,1256,1130400.000000000000000,0.000000000000000
9818,24282032,2895,2605500.000000000000000,0.000000000000000
9819,24282034,2113,1901700.000000000000000,0.000000000000000
9820,24282036,3145,2830500.000000000000000,0.000000000000000
9821,24282038,1464,1317600.000000000000000,0.000000000000000
9822,24282040,3371,3033900.000000000000000,0.000000000000000
9823,24282042,1973,1775700.000000000000000,0.000000000000000
9824,24282044,109,98100.000000000000000,0.000000000000000
9825,24282046,2416,2174400.000000000000000,0.000000000000000
9826,24282048,3717,3345300.000000000000000,0.000000000000000
9827,24282050,1796,1616400.000000000000000,0.000000000000000
9828,24282052,2023,1820700.000000000000000,0.000000000000000
9829,24282054,3733,3359700.000000000000000,0.000000000000000
9830,24282056,2226,2003400.000000000000000,0.000000000000000
9831,24282058,2284,2055600.000000000000000,0.000000000000000
9832,24282060,4417,3975300.000000000000000,0.000000000000000
9833,24282062,8854,7968600.000000000000000,0.000000000000000
9834,24282064,35842,32257800.000000000000000,1.000000000000000
9835,24282066,2819,2537100.000000000000000,0.000000000000000
9836,24282068,1873,1685700.000000000000000,0.000000000000000
9837,24282070,898,808200.000000000000000,0.000000000000000
9838,24282072,9677,8709300.000000000000000,0.000000000000000
9839,24282074,58,52200.000000000000000,0.000000000000000
9840,24282076,9834,8850600.000000000000000,0.000000000000000
9841,24282078,2408,2167200.000000000000000,0.000000000000000
9842,24282080,7504,6753600.000000000000000,0.000000000000000
9843,24282082,7466,6719400.000000000000000,0.000000000000000
9844,24282084,251,225900.000000000000000,0.000000000000000
9845,24282086,6611,5949900.000000000000000,0.000000000000000
9846,24282088,9586,8627400.000000000000000,0.000000000000000
9847,24282090,188,169200.000000000000000,0.000000000000000
9848,24282092,10507,9456300.000000000000000,0.000000000000000
9849,24282094,3838,3454200.000000000000000,0.000000000000000
9850,24282096,5554,4998600.000000000000000,0.000000000000000
9851,24282098,3985,3586500.000000000000000,0.000000000000000
9852,24282100,6993,6293700.000000000000000,0.000000000000000
9853,24282102,3682,3313800.000000000000000,0.000000000000000
9854,24282104,56,50400.000000000000000,0.000000000000000
9855,24282106,3587,3228300.000000000000000,0.000000000000000
9856,24282108,1853,1667700.000000000000000,0.000000000000000
9857,24282110,3668,3301200.000000000000000,0.000000000000000
9858,24282112,97,87300.000000000000000,0.000000000000000
9859,24282114,59,53100.000000000000000,0.000000000000000
9860,24282116,9037,8133300.000000000000000,0.000000000000000
9861,24282118,45,40500.000000000000000,0.000000000000000
9862,24282120,2329,2096100.000000000000000,0.000000000000000
9863,24282122,18512,16660800.000000000000000,0.000000000000000
9864,24282124,721,648900.000000000000000,0.000000000000000
9865,24282126,326,293400.000000000000000,0.000000000000000
9866,24282128,9418,8476200.000000000000000,0.000000000000000
9867,24282130,3905,3514500.000000000000000,0.000000000000000
9868,24282132,4171,3753900.000000000000000,0.000000000000000
9869,24282134,3444,3099600.000000000000000,0.000000000000000
9870,24282136,133,119700.000000000000000,0.000000000000000
9871,24282138,231,207900.000000000000000,0.000000000000000
9872,24282140,292,262800.000000000000000,0.000000000000000
9873,24282142,1811,1629900.000000000000000,0.000000000000000
9874,24282144,1062,955800.000000000000000,0.000000000000000
9875,24282146,1090,981000.000000000000000,0.000000000000000
9876,24282148,14133,12719700.000000000000000,0.000000000000000
9877,24282150,4087,3678300.000000000000000,0.000000000000000
9878,24282152,1508,1357200.000000000000000,0.000000000000000
9879,24282154,1563,1406700.000000000000000,0.000000000000000
9880,24282156,3795,3415500.000000000000000,0.000000000000000
9881,24282158,8394,7554600.000000000000000,0.000000000000000
9882,24282160,22143,19928700.000000000000000,0.000000000000000
9883,24282162,75,67500.000000000000000,0.000000000000000
9884,24282164,270,243000.000000000000000,0.000000000000000
9885,24282166,28,25200.000000000000000,0.000000000000000
9886,24282168,2107,1896300.000000000000000,0.000000000000000
9887,24282170,16,14400.000000000000000,0.000000000000000
9888,24282172,169,152100.000000000000000,0.000000000000000
9889,24282174,24,21600.000000000000000,0.000000000000000
9890,24282176,549,494100.000000000000000,0.000000000000000
9891,24282178,58,52200.000000000000000,0.000000000000000
9892,24282180,2257,2031300.000000000000000,0.000000000000000
9893,24282182,614,552600.000000000000000,0.000000000000000
9894,24282184,26,23400.000000000000000,0.000000000000000
9895,24282186,155,139500.000000000000000,0.000000000000000
9896,24282188,90,81000.000000000000000,0.000000000000000
9897,24282190,521,468900.000000000000000,0.000000000000000
9898,24282192,3,2700.000000000000000,0.000000000000000
9899,24282194,84,75600.000000000000000,0.000000000000000
9900,24282196,2265,2038500.000000000000000,0.000000000000000
9901,24282198,39,35100.000000000000000,0.000000000000000
9902,24282200,4188,3769200.000000000000000,0.000000000000000
9903,24282202,484,435600.000000000000000,0.000000000000000
9904,24282204,5086,4577400.000000000000000,0.000000000000000
9905,24282206,12442,11197800.000000000000000,0.000000000000000
9906,24282208,1224,1101600.000000000000000,0.000000000000000
9907,24282210,1561,1404900.000000000000000,0.000000000000000
9908,24282212,1782,1603800.000000000000000,0.000000000000000
9909,24282214,6259,5633100.000000000000000,0.000000000000000
9910,24282216,2133,1919700.000000000000000,0.000000000000000
9911,24282218,8572,7714800.000000000000000,0.000000000000000
9912,24282220,172,154800.000000000000000,0.000000000000000
9913,24282222,60,54000.000000000000000,0.000000000000000
9914,24282224,4034,3630600.000000000000000,0.000000000000000
9915,24282226,655,589500.000000000000000,0.000000000000000
9916,24282228,1504,1353600.000000000000000,0.000000000000000
9917,24282230,742,667800.000000000000000,0.000000000000000
9918,24282232,71,63900.000000000000000,0.000000000000000
9919,24282234,860,774000.000000000000000,0.000000000000000
9920,24282236,608,547200.000000000000000,0.000000000000000
9921,24282238,11328,10195200.000000000000000,0.000000000000000
9922,24282240,1806,1625400.000000000000000,0.000000000000000
9923,24282242,5587,5028300.000000000000000,0.000000000000000
9924,24282244,13861,12474900.000000000000000,0.000000000000000
9925,24282246,4223,3800700.000000000000000,0.000000000000000
9926,24282248,1670,1503000.000000000000000,0.000000000000000
9927,24282250,670,603000.000000000000000,0.000000000000000
9928,24282252,3355,3019500.000000000000000,0.000000000000000
9929,24282254,546,491400.000000000000000,0.000000000000000
9930,24282256,5875,5287500.000000000000000,0.000000000000000
9931,24282258,344,309600.000000000000000,0.000000000000000
9932,24282260,12679,11411100.000000000000000,0.000000000000000
9933,24282262,91,81900.000000000000000,0.000000000000000
9934,24282264,26,23400.000000000000000,0.000000000000000
9935,24282266,10669,9602100.000000000000000,0.000000000000000
9936,24282268,12012,10810800.000000000000000,0.000000000000000
9937,24282270,3772,3394800.000000000000000,0.000000000000000
9938,24282272,1500,1350000.000000000000000,0.000000000000000
9939,24282274,9003,8102700.000000000000000,0.000000000000000
9940,24282276,13284,11955600.000000000000000,0.000000000000000
9941,24282278,14768,13291200.000000000000000,0.000000000000000
9942,24282280,299,269100.000000000000000,0.000000000000000
9943,24282282,6636,5972400.000000000000000,0.000000000000000
9944,24282284,4461,4014900.000000000000000,0.000000000000000
9945,24282286,8506,7655400.000000000000000,0.000000000000000
9946,24282288,13711,12339900.000000000000000,0.000000000000000
9947,24282290,22179,19961100.000000000000000,62.000000000000000
9948,24282292,7729,6956100.000000000000000,0.000000000000000
9949,24282294,13805,12424500.000000000000000,0.000000000000000
9950,24282296,6414,5772600.000000000000000,0.000000000000000
9951,24282298,100,90000.000000000000000,0.000000000000000
9952,24282300,1593,1433700.000000000000000,0.000000000000000
9953,24282302,97,87300.000000000000000,0.000000000000000
9954,24282304,63,56700.000000000000000,0.000000000000000
9955,24282306,6,5400.000000000000000,0.000000000000000
9956,24282308,153,137700.000000000000000,0.000000000000000
9957,24282310,252,226800.000000000000000,0.000000000000000
9958,24282312,2066,1859400.000000000000000,0.000000000000000
9959,24282314,352,316800.000000000000000,0.000000000000000
9960,24282316,32,28800.000000000000000,0.000000000000000
9961,24282318,4015,3613500.000000000000000,0.000000000000000
9962,24282320,7521,6768900.000000000000000,0.000000000000000
9963,24282322,5487,4938300.000000000000000,0.000000000000000
9964,24282324,13598,12238200.000000000000000,0.000000000000000
9965,24282326,8641,7776900.000000000000000,0.000000000000000
9966,24282328,34914,31422600.000000000000000,0.000000000000000
9967,24282330,200,180000.000000000000000,0.000000000000000
9968,24282332,4384,3945600.000000000000000,0.000000000000000
9969,24282334,5220,4698000.000000000000000,0.000000000000000
9970,24282336,1639,1475100.000000000000000,0.000000000000000
9971,24282338,6806,6125400.000000000000000,0.000000000000000
9972,24282340,312,280800.000000000000000,0.000000000000000
9973,24282342,2039,1835100.000000000000000,0.000000000000000
9974,24282344,545,490500.000000000000000,0.000000000000000
9975,24282346,2586,2327400.000000000000000,0.000000000000000
9976,24282348,1047,942300.000000000000000,0.000000000000000
9977,24282350,21994,19794600.000000000000000,0.000000000000000
9978,24282352,3162,2845800.000000000000000,0.000000000000000
9979,24282354,8255,7429500.000000000000000,0.000000000000000
9980,24282356,3161,2844900.000000000000000,0.000000000000000
9981,24282358,11085,9976500.000000000000000,0.000000000000000
9982,24282360,9037,8133300.000000000000000,0.000000000000000
9983,24282362,505,454500.000000000000000,0.000000000000000
9984,24282364,2758,2482200.000000000000000,0.000000000000000
9985,24282366,4704,4233600.000000000000000,0.000000000000000
9986,24282368,3671,3303900.000000000000000,0.000000000000000
9987,24282370,10350,9315000.000000000000000,0.000000000000000
9988,24282372,27354,24618600.000000000000000,33.000000000000000
9989,24282374,3979,3581100.000000000000000,4.000000000000000
9990,24282376,10503,9452700.000000000000000,0.000000000000000
9991,24282378,3707,3336300.000000000000000,0.000000000000000
9992,24282380,26618,23956200.000000000000000,48.000000000000000
9993,24282382,1373,1235700.000000000000000,0.000000000000000
9994,24282384,458,412200.000000000000000,0.000000000000000
9995,24282386,4996,4496400.000000000000000,0.000000000000000
9996,24282388,1740,1566000.000000000000000,0.000000000000000
9997,24282390,11,9900.000000000000000,0.000000000000000
9998,24282392,738,664200.000000000000000,0.000000000000000
9999,24282394,2361,2124900.000000000000000,0.000000000000000
10000,24282396,63,56700.000000000000000,0.000000000000000
10001,24282398,925,832500.000000000000000,0.000000000000000
10002,24282400,2578,2320200.000000000000000,0.000000000000000
10003,24282402,1156,1040400.000000000000000,0.000000000000000
10004,24282404,11813,10631700.000000000000000,0.000000000000000
10005,24282406,4717,4245300.000000000000000,0.000000000000000
10006,24282408,265,238500.000000000000000,0.000000000000000
10007,24282410,2507,2256300.000000000000000,0.000000000000000
10008,24282412,5248,4723200.000000000000000,0.000000000000000
10009,24282414,11496,10346400.000000000000000,0.000000000000000
10010,24282416,16682,15013800.000000000000000,0.000000000000000
10011,24282418,21940,19746000.000000000000000,0.000000000000000
10012,24282420,58850,52965000.000000000000000,0.000000000000000
10013,24282424,438,394200.000000000000000,0.000000000000000
10014,24282426,5331,4797900.000000000000000,0.000000000000000
10015,24282428,2935,2641500.000000000000000,0.000000000000000
10016,24282430,312,280800.000000000000000,0.000000000000000
10017,24282432,284,255600.000000000000000,0.000000000000000
10018,24282434,11195,10075500.000000000000000,0.000000000000000
10019,24282436,22107,19896300.000000000000000,0.000000000000000
10020,24282438,7135,6421500.000000000000000,0.000000000000000
10021,24282440,308,277200.000000000000000,0.000000000000000
10022,24282442,2996,2696400.000000000000000,0.000000000000000
10023,24282444,19041,17136900.000000000000000,0.000000000000000
10024,24282446,1336,1202400.000000000000000,0.000000000000000
10025,24282448,28156,25340400.000000000000000,0.000000000000000
10026,24282450,898,808200.000000000000000,0.000000000000000
10027,24282452,285,256500.000000000000000,0.000000000000000
10028,24282454,5072,4564800.000000000000000,0.000000000000000
10029,24282456,783,704700.000000000000000,0.000000000000000
10030,24282458,764,687600.000000000000000,0.000000000000000
10031,24282460,3,2700.000000000000000,0.000000000000000
10032,24282462,6690,6021000.000000000000000,0.000000000000000
10033,24282464,1579,1421100.000000000000000,0.000000000000000
10034,24282466,4060,3654000.000000000000000,0.000000000000000
10035,24282468,921,828900.000000000000000,0.000000000000000
10036,24282470,29447,26502300.000000000000000,0.000000000000000
10037,24282474,6821,6138900.000000000000000,9.000000000000000
10038,24282476,4082,3673800.000000000000000,0.000000000000000
10039,24282478,2718,2446200.000000000000000,0.000000000000000
10040,24282480,2253,2027700.000000000000000,0.000000000000000
10041,24282482,14516,13064400.000000000000000,34.000000000000000
10042,24282484,16142,14527800.000000000000000,0.000000000000000
10043,24282486,8584,7725600.000000000000000,0.000000000000000
10044,24282488,4077,3669300.000000000000000,0.000000000000000
10045,24282490,3771,3393900.000000000000000,35.000000000000000
10046,24282492,19061,17154900.000000000000000,0.000000000000000
10047,24282494,9844,8859600.000000000000000,0.000000000000000
10048,24282496,47292,42562800.000000000000000,0.000000000000000
10049,24282498,6168,5551200.000000000000000,0.000000000000000
10050,24282500,14976,13478400.000000000000000,0.000000000000000
10051,24282502,9597,8637300.000000000000000,0.000000000000000
10052,24282504,3,2700.000000000000000,0.000000000000000
10053,24282506,13507,12156300.000000000000000,0.000000000000000
10054,24282508,2147,1932300.000000000000000,0.000000000000000
10055,24282510,373,335700.000000000000000,0.000000000000000
10056,24282512,4492,4042800.000000000000000,0.000000000000000
10057,24282514,4055,3649500.000000000000000,0.000000000000000
10058,24282516,11502,10351800.000000000000000,0.000000000000000
10059,24282518,1494,1344600.000000000000000,0.000000000000000
10060,24282520,984,885600.000000000000000,0.000000000000000
10061,24282524,6526,5873400.000000000000000,0.000000000000000
10062,24282528,39,35100.000000000000000,0.000000000000000
10063,24282530,5956,5360400.000000000000000,0.000000000000000
10064,24282532,63,56700.000000000000000,0.000000000000000
10065,24282534,3172,2854800.000000000000000,0.000000000000000
10066,24282536,84,75600.000000000000000,0.000000000000000
10067,24282542,2382,2143800.000000000000000,55.000000000000000
10068,24282546,43,38700.000000000000000,0.000000000000000
10069,24282548,602,541800.000000000000000,0.000000000000000
10070,24282550,2256,2030400.000000000000000,69.000000000000000
10071,24282552,270,243000.000000000000000,0.000000000000000
10072,24282554,1639,1475100.000000000000000,0.000000000000000
10073,24282556,6198,5578200.000000000000000,0.000000000000000
10074,24282558,9099,8189100.000000000000000,0.000000000000000
10075,24282560,1221,1098900.000000000000000,0.000000000000000
10076,24282562,169,152100.000000000000000,0.000000000000000
10077,24282564,79,71100.000000000000000,0.000000000000000
10078,24282566,28,25200.000000000000000,0.000000000000000
10079,24282568,420,378000.000000000000000,0.000000000000000
10080,24282570,12424,11181600.000000000000000,0.000000000000000
10081,24282572,4568,4111200.000000000000000,13.000000000000000
10082,24282574,62,55800.000000000000000,0.000000000000000
10083,24282576,576,518400.000000000000000,0.000000000000000
10084,24282578,20,18000.000000000000000,0.000000000000000
10085,24282580,5760,5184000.000000000000000,0.000000000000000
10086,24282582,9949,8954100.000000000000000,0.000000000000000
10087,24282584,6981,6282900.000000000000000,0.000000000000000
10088,24282586,1394,1254600.000000000000000,0.000000000000000
10089,24282588,9329,8396100.000000000000000,0.000000000000000
10090,24282590,399,359100.000000000000000,0.000000000000000
10091,24282594,214,192600.000000000000000,0.000000000000000
10092,24282596,965,868500.000000000000000,0.000000000000000
10093,24282598,325,292500.000000000000000,0.000000000000000
10094,24282602,573,515700.000000000000000,0.000000000000000
10095,24282606,10196,9176400.000000000000000,0.000000000000000
10096,24282608,4420,3978000.000000000000000,0.000000000000000
10097,24282610,7998,7198200.000000000000000,0.000000000000000
10098,24282612,3108,2797200.000000000000000,0.000000000000000
10099,24282616,2309,2078100.000000000000000,0.000000000000000
10100,24282618,1595,1435500.000000000000000,0.000000000000000
10101,24282620,7543,6788700.000000000000000,0.000000000000000
10102,24282622,3092,2782800.000000000000000,0.000000000000000
10103,24282624,3323,2990700.000000000000000,0.000000000000000
10104,24282626,2312,2080800.000000000000000,0.000000000000000
10105,24282628,2598,2338200.000000000000000,0.000000000000000
10106,24282630,17933,16139700.000000000000000,0.000000000000000
10107,24282632,4712,4240800.000000000000000,0.000000000000000
10108,24282634,2490,2241000.000000000000000,0.000000000000000
10109,24282636,1515,1363500.000000000000000,0.000000000000000
10110,24282638,959,863100.000000000000000,0.000000000000000
10111,24282640,2729,2456100.000000000000000,0.000000000000000
10112,24282642,1714,1542600.000000000000000,0.000000000000000
10113,24282644,7020,6318000.000000000000000,0.000000000000000
10114,24282646,1960,1764000.000000000000000,0.000000000000000
10115,24282648,2555,2299500.000000000000000,0.000000000000000
10116,24282650,3049,2744100.000000000000000,0.000000000000000
10117,24282652,1413,1271700.000000000000000,0.000000000000000
10118,24282654,7010,6309000.000000000000000,0.000000000000000
10119,24282656,114,102600.000000000000000,0.000000000000000
10120,24282658,892,802800.000000000000000,0.000000000000000
10121,24282660,3246,2921400.000000000000000,0.000000000000000
10122,24282662,1316,1184400.000000000000000,0.000000000000000
10123,24282664,1925,1732500.000000000000000,0.000000000000000
10124,24282666,1757,1581300.000000000000000,0.000000000000000
10125,24282668,1056,950400.000000000000000,0.000000000000000
10126,24282670,941,846900.000000000000000,0.000000000000000
10127,24282672,911,819900.000000000000000,0.000000000000000
10128,24282674,5119,4607100.000000000000000,0.000000000000000
10129,24282676,3335,3001500.000000000000000,0.000000000000000
10130,24282678,2780,2502000.000000000000000,0.000000000000000
10131,24282680,835,751500.000000000000000,0.000000000000000
10132,24282682,2884,2595600.000000000000000,0.000000000000000
10133,24282684,1113,1001700.000000000000000,0.000000000000000
10134,24282686,7241,6516900.000000000000000,0.000000000000000
10135,24282688,421,378900.000000000000000,0.000000000000000
10136,24282690,2028,1825200.000000000000000,0.000000000000000
10137,24282694,694,624600.000000000000000,0.000000000000000
10138,24282698,1029,926100.000000000000000,0.000000000000000
10139,24282700,2361,2124900.000000000000000,0.000000000000000
10140,24282702,6506,5855400.000000000000000,0.000000000000000
10141,24282708,3155,2839500.000000000000000,0.000000000000000
10142,24282710,16,14400.000000000000000,0.000000000000000
10143,24282712,4168,3751200.000000000000000,0.000000000000000
10144,24282714,1738,1564200.000000000000000,0.000000000000000
10145,24282716,5173,4655700.000000000000000,0.000000000000000
10146,24282718,1061,954900.000000000000000,0.000000000000000
10147,24282720,1518,1366200.000000000000000,0.000000000000000
10148,24282722,2205,1984500.000000000000000,0.000000000000000
10149,24282724,249,224100.000000000000000,0.000000000000000
10150,24282726,1776,1598400.000000000000000,0.000000000000000
10151,24282728,5166,4649400.000000000000000,0.000000000000000
10152,24282730,192,172800.000000000000000,0.000000000000000
10153,24282732,676,608400.000000000000000,0.000000000000000
10154,24282734,778,700200.000000000000000,0.000000000000000
10155,24282736,3124,2811600.000000000000000,0.000000000000000
10156,24282738,11336,10202400.000000000000000,0.000000000000000
10157,24282740,28245,25420500.000000000000000,0.000000000000000
10158,24282742,9307,8376300.000000000000000,0.000000000000000
10159,24282744,1300,1170000.000000000000000,0.000000000000000
10160,24282746,1641,1476900.000000000000000,0.000000000000000
10161,24282748,6728,6055200.000000000000000,0.000000000000000
10162,24282750,5643,5078700.000000000000000,0.000000000000000
10163,24282752,3971,3573900.000000000000000,0.000000000000000
10164,24282754,1322,1189800.000000000000000,0.000000000000000
10165,24282756,6307,5676300.000000000000000,0.000000000000000
10166,24282758,1512,1360800.000000000000000,0.000000000000000
10167,24282760,5242,4717800.000000000000000,0.000000000000000
10168,24282762,4754,4278600.000000000000000,0.000000000000000
10169,24282764,2184,1965600.000000000000000,0.000000000000000
10170,24282766,2738,2464200.000000000000000,0.000000000000000
10171,24282768,5823,5240700.000000000000000,0.000000000000000
10172,24282770,2096,1886400.000000000000000,0.000000000000000
10173,24282772,4728,4255200.000000000000000,0.000000000000000
10174,24282774,771,693900.000000000000000,0.000000000000000
10175,24282776,8009,7208100.000000000000000,0.000000000000000
10176,24282778,2375,2137500.000000000000000,0.000000000000000
10177,24282780,1783,1604700.000000000000000,0.000000000000000
10178,24282782,1069,962100.000000000000000,0.000000000000000
10179,24282784,5833,5249700.000000000000000,0.000000000000000
10180,24282786,1161,1044900.000000000000000,0.000000000000000
10181,24282788,1556,1400400.000000000000000,0.000000000000000
10182,24282790,2654,2388600.000000000000000,0.000000000000000
10183,24282792,5696,5126400.000000000000000,0.000000000000000
10184,24282794,1349,1214100.000000000000000,0.000000000000000
10185,24282796,2877,2589300.000000000000000,0.000000000000000
10186,24282798,911,819900.000000000000000,0.000000000000000
10187,24282800,6839,6155100.000000000000000,0.000000000000000
10188,24282802,11456,10310400.000000000000000,0.000000000000000
10189,24282804,424,381600.000000000000000,0.000000000000000
10190,24282806,1376,1238400.000000000000000,0.000000000000000
10191,24282808,5784,5205600.000000000000000,0.000000000000000
10192,24282810,2523,2270700.000000000000000,0.000000000000000
10193,24282812,1497,1347300.000000000000000,0.000000000000000
10194,24282814,4111,3699900.000000000000000,0.000000000000000
10195,24282816,1807,1626300.000000000000000,0.000000000000000
10196,24282818,5780,5202000.000000000000000,0.000000000000000
10197,24282820,6324,5691600.000000000000000,0.000000000000000
10198,24282822,6224,5601600.000000000000000,0.000000000000000
10199,24282824,1616,1454400.000000000000000,0.000000000000000
10200,24282826,2160,1944000.000000000000000,0.000000000000000
10201,24282828,7170,6453000.000000000000000,0.000000000000000
10202,24282830,2519,2267100.000000000000000,0.000000000000000
10203,24282832,9809,8828100.000000000000000,0.000000000000000
10204,24282834,4045,3640500.000000000000000,0.000000000000000
10205,24282836,11452,10306800.000000000000000,0.000000000000000
10206,24282838,8412,7570800.000000000000000,0.000000000000000
10207,24282840,464,417600.000000000000000,0.000000000000000
10208,24282842,2474,2226600.000000000000000,0.000000000000000
10209,24282844,4595,4135500.000000000000000,0.000000000000000
10210,24282846,257,231300.000000000000000,0.000000000000000
10211,24282848,1161,1044900.000000000000000,0.000000000000000
10212,24282852,751,675900.000000000000000,0.000000000000000
10213,24282854,108,97200.000000000000000,0.000000000000000
10214,24282856,10181,9162900.000000000000000,0.000000000000000
10215,24282858,15,13500.000000000000000,0.000000000000000
10216,24282860,28,25200.000000000000000,0.000000000000000
10217,24282862,19739,17765100.000000000000000,0.000000000000000
10218,24282864,369,332100.000000000000000,0.000000000000000
10219,24282866,310,279000.000000000000000,0.000000000000000
10220,24282868,6286,5657400.000000000000000,0.000000000000000
10221,24282870,46,41400.000000000000000,0.000000000000000
10222,24282872,857,771300.000000000000000,0.000000000000000
10223,24282874,4696,4226400.000000000000000,0.000000000000000
10224,24282876,6159,5543100.000000000000000,0.000000000000000
10225,24282878,236,212400.000000000000000,0.000000000000000
10226,24282880,5677,5109300.000000000000000,0.000000000000000
10227,24282882,854,768600.000000000000000,0.000000000000000
10228,24282884,430,387000.000000000000000,0.000000000000000
10229,24282886,343,308700.000000000000000,0.000000000000000
10230,24282888,19,17100.000000000000000,0.000000000000000
10231,24282890,902,811800.000000000000000,0.000000000000000
10232,24282892,2451,2205900.000000000000000,0.000000000000000
10233,24282894,524,471600.000000000000000,0.000000000000000
10234,24282896,62,55800.000000000000000,0.000000000000000
10235,24282898,24,21600.000000000000000,0.000000000000000
10236,24282900,72,64800.000000000000000,0.000000000000000
10237,24282902,1532,1378800.000000000000000,0.000000000000000
10238,24282904,195,175500.000000000000000,0.000000000000000
10239,24282906,95,85500.000000000000000,0.000000000000000
10240,24282908,19,17100.000000000000000,0.000000000000000
10241,24282910,18,16200.000000000000000,0.000000000000000
10242,24282912,35,31500.000000000000000,0.000000000000000
10243,24282914,1328,1195200.000000000000000,0.000000000000000
10244,24282916,6318,5686200.000000000000000,0.000000000000000
10245,24282946,148,133200.000000000000000,0.000000000000000
10246,24282956,1,900.000000000000000,0.000000000000000
10247,24282978,125,112500.000000000000000,0.000000000000000
10248,24283010,560,504000.000000000000000,0.000000000000000
10249,24283016,2857,2571300.000000000000000,0.000000000000000
10250,24283026,105,94500.000000000000000,0.000000000000000
10251,24285484,316,284400.000000000000000,0.000000000000000
10252,24285486,3423,3080700.000000000000000,0.000000000000000
10253,24285488,14,12600.000000000000000,0.000000000000000
10254,24285490,175,157500.000000000000000,0.000000000000000
10255,24285492,5261,4734900.000000000000000,0.000000000000000
10256,24285494,14362,12925800.000000000000000,0.000000000000000
10257,24285496,2942,2647800.000000000000000,0.000000000000000
10258,24285498,221,198900.000000000000000,0.000000000000000
10259,24285500,35,31500.000000000000000,0.000000000000000
10260,24285502,2273,2045700.000000000000000,0.000000000000000
10261,24285504,3572,3214800.000000000000000,0.000000000000000
10262,24285506,5705,5134500.000000000000000,0.000000000000000
10263,24285508,12219,10997100.000000000000000,0.000000000000000
10264,24285510,43,38700.000000000000000,0.000000000000000
10265,24285512,136,122400.000000000000000,0.000000000000000
10266,24285514,1735,1561500.000000000000000,0.000000000000000
10267,24285516,329,296100.000000000000000,0.000000000000000
10268,24285518,3374,3036600.000000000000000,0.000000000000000
10269,24285520,14829,13346100.000000000000000,0.000000000000000
10270,24285522,4749,4274100.000000000000000,0.000000000000000
10271,24285524,9475,8527500.000000000000000,0.000000000000000
10272,24285526,8225,7402500.000000000000000,0.000000000000000
10273,24285528,3164,2847600.000000000000000,0.000000000000000
10274,24285530,38,34200.000000000000000,0.000000000000000
10275,24285532,2280,2052000.000000000000000,0.000000000000000
10276,24285534,460,414000.000000000000000,0.000000000000000
10277,24285536,757,681300.000000000000000,0.000000000000000
10278,24285538,5538,4984200.000000000000000,0.000000000000000
10279,24285540,6584,5925600.000000000000000,0.000000000000000
10280,24285542,194,174600.000000000000000,0.000000000000000
10281,24285544,2464,2217600.000000000000000,0.000000000000000
10282,24285546,847,762300.000000000000000,0.000000000000000
10283,24285548,628,565200.000000000000000,0.000000000000000
10284,24285550,5911,5319900.000000000000000,0.000000000000000
10285,24285552,1120,1008000.000000000000000,0.000000000000000
10286,24285554,6301,5670900.000000000000000,0.000000000000000
10287,24285556,1896,1706400.000000000000000,0.000000000000000
10288,24285558,14908,13417200.000000000000000,0.000000000000000
10289,24285560,12206,10985400.000000000000000,0.000000000000000
10290,24285562,13291,11961900.000000000000000,0.000000000000000
10291,24285564,7512,6760800.000000000000000,0.000000000000000
10292,24285566,6342,5707800.000000000000000,0.000000000000000
10293,24285568,58,52200.000000000000000,0.000000000000000
10294,24285570,478,430200.000000000000000,0.000000000000000
10295,24285572,14299,12869100.000000000000000,0.000000000000000
10296,24285574,2421,2178900.000000000000000,0.000000000000000
10297,24285576,1285,1156500.000000000000000,0.000000000000000
10298,24285578,5737,5163300.000000000000000,0.000000000000000
10299,24285580,2253,2027700.000000000000000,0.000000000000000
10300,24285582,1487,1338300.000000000000000,0.000000000000000
10301,24285584,6660,5994000.000000000000000,0.000000000000000
10302,24285586,2091,1881900.000000000000000,0.000000000000000
10303,24285588,3420,3078000.000000000000000,0.000000000000000
10304,24285590,6465,5818500.000000000000000,0.000000000000000
10305,24285592,2548,2293200.000000000000000,0.000000000000000
10306,24285594,8722,7849800.000000000000000,0.000000000000000
10307,24285596,4693,4223700.000000000000000,0.000000000000000
10308,24285598,795,715500.000000000000000,0.000000000000000
10309,24285600,2636,2372400.000000000000000,0.000000000000000
10310,24285602,4574,4116600.000000000000000,0.000000000000000
10311,24285604,3953,3557700.000000000000000,0.000000000000000
10312,24285606,92,82800.000000000000000,0.000000000000000
10313,24285608,5775,5197500.000000000000000,0.000000000000000
10314,24285610,6348,5713200.000000000000000,0.000000000000000
10315,24285612,7601,6840900.000000000000000,0.000000000000000
10316,24285614,407,366300.000000000000000,0.000000000000000
10317,24285616,3075,2767500.000000000000000,0.000000000000000
10318,24285618,5239,4715100.000000000000000,0.000000000000000
10319,24285620,9907,8916300.000000000000000,0.000000000000000
10320,24285622,4497,4047300.000000000000000,0.000000000000000
10321,24285624,309,278100.000000000000000,0.000000000000000
10322,24285626,7777,6999300.000000000000000,0.000000000000000
10323,24285628,12038,10834200.000000000000000,0.000000000000000
10324,24285630,1147,1032300.000000000000000,0.000000000000000
10325,24285632,4103,3692700.000000000000000,0.000000000000000
10326,24285634,1084,975600.000000000000000,0.000000000000000
10327,24285636,6112,5500800.000000000000000,0.000000000000000
10328,24285638,3439,3095100.000000000000000,0.000000000000000
10329,24285640,3287,2958300.000000000000000,0.000000000000000
10330,24285642,13163,11846700.000000000000000,0.000000000000000
10331,24285644,5426,4883400.000000000000000,0.000000000000000
10332,24285646,3378,3040200.000000000000000,0.000000000000000
10333,24285648,3936,3542400.000000000000000,0.000000000000000
10334,24285650,4275,3847500.000000000000000,0.000000000000000
10335,24285652,5931,5337900.000000000000000,0.000000000000000
10336,24285654,2040,1836000.000000000000000,0.000000000000000
10337,24285656,4970,4473000.000000000000000,0.000000000000000
10338,24285658,1265,1138500.000000000000000,0.000000000000000
10339,24285660,4755,4279500.000000000000000,0.000000000000000
10340,24285662,7719,6947100.000000000000000,0.000000000000000
10341,24285664,5785,5206500.000000000000000,0.000000000000000
10342,24285666,1171,1053900.000000000000000,0.000000000000000
10343,24285668,2587,2328300.000000000000000,0.000000000000000
10344,24285670,6062,5455800.000000000000000,0.000000000000000
10345,24285672,4750,4275000.000000000000000,0.000000000000000
10346,24285674,2584,2325600.000000000000000,0.000000000000000
10347,24285676,981,882900.000000000000000,0.000000000000000
10348,24285678,4167,3750300.000000000000000,0.000000000000000
10349,24285680,7453,6707700.000000000000000,0.000000000000000
10350,24285682,3576,3218400.000000000000000,0.000000000000000
10351,24285684,2878,2590200.000000000000000,0.000000000000000
10352,24285686,5444,4899600.000000000000000,0.000000000000000
10353,24285688,2190,1971000.000000000000000,0.000000000000000
10354,24285690,4359,3923100.000000000000000,0.000000000000000
10355,24285692,2951,2655900.000000000000000,0.000000000000000
10356,24285694,1494,1344600.000000000000000,0.000000000000000
10357,24285696,6365,5728500.000000000000000,0.000000000000000
10358,24285698,2069,1862100.000000000000000,0.000000000000000
10359,24285700,2645,2380500.000000000000000,0.000000000000000
10360,24285702,1589,1430100.000000000000000,0.000000000000000
10361,24285704,2108,1897200.000000000000000,0.000000000000000
10362,24285706,2058,1852200.000000000000000,0.000000000000000
10363,24285708,2353,2117700.000000000000000,0.000000000000000
10364,24285710,2640,2376000.000000000000000,0.000000000000000
10365,24285712,3221,2898900.000000000000000,0.000000000000000
10366,24285714,7372,6634800.000000000000000,0.000000000000000
10367,24285716,3206,2885400.000000000000000,0.000000000000000
10368,24285718,2002,1801800.000000000000000,0.000000000000000
10369,24285720,2090,1881000.000000000000000,0.000000000000000
10370,24285722,2171,1953900.000000000000000,0.000000000000000
10371,24285724,5052,4546800.000000000000000,0.000000000000000
10372,24285726,3749,3374100.000000000000000,0.000000000000000
10373,24285728,6,5400.000000000000000,0.000000000000000
10374,24285730,3337,3003300.000000000000000,0.000000000000000
10375,24285732,1743,1568700.000000000000000,0.000000000000000
10376,24285734,2276,2048400.000000000000000,0.000000000000000
10377,24285736,2617,2355300.000000000000000,0.000000000000000
10378,24285738,1884,1695600.000000000000000,0.000000000000000
10379,24285740,3891,3501900.000000000000000,0.000000000000000
10380,24285742,467,420300.000000000000000,0.000000000000000
10381,24285744,902,811800.000000000000000,0.000000000000000
10382,24285746,1097,987300.000000000000000,0.000000000000000
10383,24285748,3060,2754000.000000000000000,0.000000000000000
10384,24285750,3538,3184200.000000000000000,0.000000000000000
10385,24285752,2623,2360700.000000000000000,0.000000000000000
10386,24285754,2126,1913400.000000000000000,0.000000000000000
10387,24285756,3563,3206700.000000000000000,0.000000000000000
10388,24285758,1750,1575000.000000000000000,0.000000000000000
10389,24285760,4610,4149000.000000000000000,0.000000000000000
10390,24285762,2267,2040300.000000000000000,0.000000000000000
10391,24285764,4411,3969900.000000000000000,0.000000000000000
10392,24285766,2139,1925100.000000000000000,0.000000000000000
10393,24285768,4014,3612600.000000000000000,0.000000000000000
10394,24285770,1842,1657800.000000000000000,0.000000000000000
10395,24285772,1501,1350900.000000000000000,0.000000000000000
10396,24285774,1507,1356300.000000000000000,0.000000000000000
10397,24285776,5095,4585500.000000000000000,0.000000000000000
10398,24285778,8161,7344900.000000000000000,0.000000000000000
10399,24285780,599,539100.000000000000000,0.000000000000000
10400,24285782,3628,3265200.000000000000000,0.000000000000000
10401,24285784,4367,3930300.000000000000000,0.000000000000000
10402,24285786,652,586800.000000000000000,0.000000000000000
10403,24285788,4500,4050000.000000000000000,0.000000000000000
10404,24285790,2459,2213100.000000000000000,0.000000000000000
10405,24285792,1025,922500.000000000000000,0.000000000000000
10406,24285794,2038,1834200.000000000000000,0.000000000000000
10407,24285796,3050,2745000.000000000000000,0.000000000000000
10408,24285798,1276,1148400.000000000000000,0.000000000000000
10409,24285800,3204,2883600.000000000000000,0.000000000000000
10410,24285802,5008,4507200.000000000000000,0.000000000000000
10411,24285804,2668,2401200.000000000000000,0.000000000000000
10412,24285806,1580,1422000.000000000000000,0.000000000000000
10413,24285808,2290,2061000.000000000000000,0.000000000000000
10414,24285810,5821,5238900.000000000000000,0.000000000000000
10415,24285812,2126,1913400.000000000000000,0.000000000000000
10416,24285814,1217,1095300.000000000000000,0.000000000000000
10417,24285816,381,342900.000000000000000,0.000000000000000
10418,24285818,2838,2554200.000000000000000,0.000000000000000
10419,24285820,1096,986400.000000000000000,0.000000000000000
10420,24285822,2433,2189700.000000000000000,0.000000000000000
10421,24285824,5216,4694400.000000000000000,0.000000000000000
10422,24285826,2469,2222100.000000000000000,0.000000000000000
10423,24285828,141,126900.000000000000000,0.000000000000000
10424,24285830,4435,3991500.000000000000000,0.000000000000000
10425,24285832,4348,3913200.000000000000000,0.000000000000000
10426,24285834,5079,4571100.000000000000000,0.000000000000000
10427,24285836,89,80100.000000000000000,0.000000000000000
10428,24285838,4786,4307400.000000000000000,0.000000000000000
10429,24285840,1257,1131300.000000000000000,0.000000000000000
10430,24285842,1187,1068300.000000000000000,0.000000000000000
10431,24285846,22628,20365200.000000000000000,0.000000000000000
10432,24285848,2868,2581200.000000000000000,0.000000000000000
10433,24285850,627,564300.000000000000000,0.000000000000000
10434,24285852,3665,3298500.000000000000000,0.000000000000000
10435,24285854,714,642600.000000000000000,0.000000000000000
10436,24285856,77,69300.000000000000000,0.000000000000000
10437,24285858,73,65700.000000000000000,0.000000000000000
10438,24285860,2409,2168100.000000000000000,0.000000000000000
10439,24285862,400,360000.000000000000000,0.000000000000000
10440,24285866,2010,1809000.000000000000000,0.000000000000000
10441,24285868,431,387900.000000000000000,0.000000000000000
10442,24285876,371,333900.000000000000000,0.000000000000000
10443,24286784,17912,16120800.000000000000000,0.000000000000000
10444,24286786,3359,3023100.000000000000000,0.000000000000000
10445,24286788,3618,3256200.000000000000000,0.000000000000000
10446,24286790,6,5400.000000000000000,0.000000000000000
10447,24286792,3602,3241800.000000000000000,0.000000000000000
10448,24286794,206,185400.000000000000000,0.000000000000000
10449,24286796,13823,12440700.000000000000000,0.000000000000000
10450,24286798,4540,4086000.000000000000000,0.000000000000000
10451,24286800,1618,1456200.000000000000000,0.000000000000000
10452,24286804,2495,2245500.000000000000000,0.000000000000000
10453,24286806,1944,1749600.000000000000000,0.000000000000000
10454,24286808,13013,11711700.000000000000000,0.000000000000000
10455,24286810,13036,11732400.000000000000000,0.000000000000000
10456,24286812,51,45900.000000000000000,0.000000000000000
10457,24286814,4377,3939300.000000000000000,0.000000000000000
10458,24286816,6120,5508000.000000000000000,0.000000000000000
10459,24286818,4162,3745800.000000000000000,0.000000000000000
10460,24286820,7208,6487200.000000000000000,0.000000000000000
10461,24286822,7014,6312600.000000000000000,0.000000000000000
10462,24286824,2316,2084400.000000000000000,0.000000000000000
10463,24286826,524,471600.000000000000000,0.000000000000000
10464,24286828,1449,1304100.000000000000000,0.000000000000000
10465,24286830,9919,8927100.000000000000000,0.000000000000000
10466,24286832,6326,5693400.000000000000000,0.000000000000000
10467,24286834,5,4500.000000000000000,0.000000000000000
10468,24286836,2922,2629800.000000000000000,0.000000000000000
10469,24286838,2180,1962000.000000000000000,0.000000000000000
10470,24286840,12603,11342700.000000000000000,0.000000000000000
10471,24286842,10031,9027900.000000000000000,0.000000000000000
10472,24286844,101,90900.000000000000000,0.000000000000000
10473,24286846,5879,5291100.000000000000000,0.000000000000000
10474,24286848,1006,905400.000000000000000,0.000000000000000
10475,24286850,1232,1108800.000000000000000,0.000000000000000
10476,24286852,302,271800.000000000000000,0.000000000000000
10477,24286854,3266,2939400.000000000000000,0.000000000000000
10478,24286856,1265,1138500.000000000000000,0.000000000000000
10479,24286858,1436,1292400.000000000000000,0.000000000000000
10480,24286860,16645,14980500.000000000000000,0.000000000000000
10481,24286862,80,72000.000000000000000,0.000000000000000
10482,24286864,4554,4098600.000000000000000,0.000000000000000
10483,24286866,3623,3260700.000000000000000,0.000000000000000
10484,24286868,939,845100.000000000000000,0.000000000000000
10485,24286870,767,690300.000000000000000,0.000000000000000
10486,24286872,1122,1009800.000000000000000,0.000000000000000
10487,24286874,3868,3481200.000000000000000,0.000000000000000
10488,24286876,3661,3294900.000000000000000,0.000000000000000
10489,24286878,1240,1116000.000000000000000,0.000000000000000
10490,24286880,3208,2887200.000000000000000,0.000000000000000
10491,24286882,2617,2355300.000000000000000,0.000000000000000
10492,24286884,1,900.000000000000000,0.000000000000000
10493,24286886,1494,1344600.000000000000000,0.000000000000000
10494,24286888,2587,2328300.000000000000000,0.000000000000000
10495,24286890,4050,3645000.000000000000000,0.000000000000000
10496,24286892,12572,11314800.000000000000000,0.000000000000000
10497,24286894,6454,5808600.000000000000000,0.000000000000000
10498,24286896,7788,7009200.000000000000000,0.000000000000000
10499,24286898,4132,3718800.000000000000000,0.000000000000000
10500,24286900,7201,6480900.000000000000000,0.000000000000000
10501,24286902,11787,10608300.000000000000000,0.000000000000000
10502,24286904,982,883800.000000000000000,0.000000000000000
10503,24286906,1999,1799100.000000000000000,0.000000000000000
10504,24286908,75,67500.000000000000000,0.000000000000000
10505,24286910,2465,2218500.000000000000000,0.000000000000000
10506,24286912,4259,3833100.000000000000000,0.000000000000000
10507,24286914,8956,8060400.000000000000000,0.000000000000000
10508,24286916,5942,5347800.000000000000000,0.000000000000000
10509,24286918,1198,1078200.000000000000000,0.000000000000000
10510,24286920,2327,2094300.000000000000000,0.000000000000000
10511,24286922,7431,6687900.000000000000000,0.000000000000000
10512,24286924,157,141300.000000000000000,0.000000000000000
10513,24286926,3271,2943900.000000000000000,0.000000000000000
10514,24286928,4822,4339800.000000000000000,0.000000000000000
10515,24286930,80,72000.000000000000000,0.000000000000000
10516,24286932,41,36900.000000000000000,0.000000000000000
10517,24286934,37,33300.000000000000000,0.000000000000000
10518,24286936,92,82800.000000000000000,0.000000000000000
10519,24286938,2664,2397600.000000000000000,0.000000000000000
10520,24286940,4507,4056300.000000000000000,0.000000000000000
10521,24286942,3268,2941200.000000000000000,0.000000000000000
10522,24286944,19,17100.000000000000000,0.000000000000000
10523,24286946,3770,3393000.000000000000000,0.000000000000000
10524,24286948,3136,2822400.000000000000000,0.000000000000000
10525,24286950,1833,1649700.000000000000000,0.000000000000000
10526,24286952,33,29700.000000000000000,0.000000000000000
10527,24286954,4052,3646800.000000000000000,0.000000000000000
10528,24286956,6511,5859900.000000000000000,0.000000000000000
10529,24286958,8655,7789500.000000000000000,0.000000000000000
10530,24286960,92,82800.000000000000000,0.000000000000000
10531,24286962,8008,7207200.000000000000000,0.000000000000000
10532,24286964,102,91800.000000000000000,0.000000000000000
10533,24286966,3056,2750400.000000000000000,0.000000000000000
10534,24286968,6093,5483700.000000000000000,0.000000000000000
10535,24286970,1523,1370700.000000000000000,0.000000000000000
10536,24286972,288,259200.000000000000000,0.000000000000000
10537,24286974,530,477000.000000000000000,0.000000000000000
10538,24286976,3823,3440700.000000000000000,0.000000000000000
10539,24286978,42,37800.000000000000000,0.000000000000000
10540,24286980,752,676800.000000000000000,0.000000000000000
10541,24286982,6205,5584500.000000000000000,0.000000000000000
10542,24286984,1740,1566000.000000000000000,0.000000000000000
10543,24286986,1575,1417500.000000000000000,0.000000000000000
10544,24286988,125,112500.000000000000000,0.000000000000000
10545,24286990,6608,5947200.000000000000000,0.000000000000000
10546,24286992,152,136800.000000000000000,0.000000000000000
10547,24286994,270,243000.000000000000000,0.000000000000000
10548,24286996,339,305100.000000000000000,0.000000000000000
10549,24286998,1219,1097100.000000000000000,0.000000000000000
10550,24287000,1206,1085400.000000000000000,0.000000000000000
10551,24287002,2797,2517300.000000000000000,0.000000000000000
10552,24287004,484,435600.000000000000000,0.000000000000000
10553,24287006,454,408600.000000000000000,0.000000000000000
10554,24287008,11180,10062000.000000000000000,0.000000000000000
10555,24287010,110,99000.000000000000000,0.000000000000000
10556,24287012,4173,3755700.000000000000000,0.000000000000000
10557,24287014,2272,2044800.000000000000000,0.000000000000000
10558,24287016,1392,1252800.000000000000000,0.000000000000000
10559,24287018,12628,11365200.000000000000000,0.000000000000000
10560,24287020,1819,1637100.000000000000000,0.000000000000000
10561,24287022,104,93600.000000000000000,0.000000000000000
10562,24287024,10116,9104400.000000000000000,0.000000000000000
10563,24287026,2379,2141100.000000000000000,0.000000000000000
10564,24287028,1884,1695600.000000000000000,0.000000000000000
10565,24287030,9749,8774100.000000000000000,0.000000000000000
10566,24287032,12,10800.000000000000000,0.000000000000000
10567,24287034,9065,8158500.000000000000000,0.000000000000000
10568,24287036,1550,1395000.000000000000000,0.000000000000000
10569,24287038,2528,2275200.000000000000000,0.000000000000000
10570,24287040,4976,4478400.000000000000000,0.000000000000000
10571,24287042,4706,4235400.000000000000000,0.000000000000000
10572,24287044,11169,10052100.000000000000000,0.000000000000000
10573,24287046,90,81000.000000000000000,0.000000000000000
10574,24287048,72,64800.000000000000000,0.000000000000000
10575,24287050,148,133200.000000000000000,0.000000000000000
10576,24287052,4108,3697200.000000000000000,0.000000000000000
10577,24287054,11410,10269000.000000000000000,0.000000000000000
10578,24287056,23944,21549600.000000000000000,0.000000000000000
10579,24287058,4605,4144500.000000000000000,0.000000000000000
10580,24287060,4983,4484700.000000000000000,0.000000000000000
10581,24287062,17491,15741900.000000000000000,0.000000000000000
10582,24287064,385,346500.000000000000000,0.000000000000000
10583,24287066,5012,4510800.000000000000000,0.000000000000000
10584,24287068,11779,10601100.000000000000000,0.000000000000000
10585,24287070,1970,1773000.000000000000000,0.000000000000000
10586,24287072,4452,4006800.000000000000000,0.000000000000000
10587,24287074,13344,12009600.000000000000000,0.000000000000000
10588,24287076,2380,2142000.000000000000000,0.000000000000000
10589,24287078,2381,2142900.000000000000000,0.000000000000000
10590,24287080,79,71100.000000000000000,0.000000000000000
10591,24287082,5859,5273100.000000000000000,0.000000000000000
10592,24287084,950,855000.000000000000000,0.000000000000000
10593,24287086,3749,3374100.000000000000000,0.000000000000000
10594,24287088,6118,5506200.000000000000000,0.000000000000000
10595,24287090,11075,9967500.000000000000000,0.000000000000000
10596,24287092,35,31500.000000000000000,0.000000000000000
10597,24287094,143,128700.000000000000000,0.000000000000000
10598,24287096,2791,2511900.000000000000000,0.000000000000000
10599,24287098,798,718200.000000000000000,0.000000000000000
10600,24287100,558,502200.000000000000000,0.000000000000000
10601,24287102,13439,12095100.000000000000000,0.000000000000000
10602,24287104,551,495900.000000000000000,0.000000000000000
10603,24287106,1746,1571400.000000000000000,0.000000000000000
10604,24287108,121,108900.000000000000000,0.000000000000000
10605,24287110,180,162000.000000000000000,0.000000000000000
10606,24287112,331,297900.000000000000000,0.000000000000000
10607,24287114,731,657900.000000000000000,0.000000000000000
10608,24287116,252,226800.000000000000000,0.000000000000000
10609,24287118,8490,7641000.000000000000000,0.000000000000000
10610,24287120,3905,3514500.000000000000000,0.000000000000000
10611,24287122,1769,1592100.000000000000000,0.000000000000000
10612,24287124,2333,2099700.000000000000000,0.000000000000000
10613,24287126,2074,1866600.000000000000000,0.000000000000000
10614,24287128,2597,2337300.000000000000000,0.000000000000000
10615,24287130,3822,3439800.000000000000000,0.000000000000000
10616,24287132,15848,14263200.000000000000000,0.000000000000000
10617,24287134,2561,2304900.000000000000000,0.000000000000000
10618,24287136,2301,2070900.000000000000000,0.000000000000000
10619,24287138,4887,4398300.000000000000000,0.000000000000000
10620,24287140,906,815400.000000000000000,0.000000000000000
10621,24287142,1264,1137600.000000000000000,0.000000000000000
10622,24287144,171,153900.000000000000000,0.000000000000000
10623,24287146,977,879300.000000000000000,0.000000000000000
10624,24287148,3021,2718900.000000000000000,0.000000000000000
10625,24287150,13229,11906100.000000000000000,0.000000000000000
10626,24287152,1556,1400400.000000000000000,0.000000000000000
10627,24287154,4800,4320000.000000000000000,0.000000000000000
10628,24287156,3508,3157200.000000000000000,0.000000000000000
10629,24287158,204,183600.000000000000000,0.000000000000000
10630,24287160,1170,1053000.000000000000000,0.000000000000000
10631,24287162,1172,1054800.000000000000000,0.000000000000000
10632,24287164,678,610200.000000000000000,0.000000000000000
10633,24287166,815,733500.000000000000000,0.000000000000000
10634,24287168,2766,2489400.000000000000000,0.000000000000000
10635,24287170,5280,4752000.000000000000000,0.000000000000000
10636,24287172,2635,2371500.000000000000000,0.000000000000000
10637,24287174,282,253800.000000000000000,0.000000000000000
10638,24287176,3029,2726100.000000000000000,0.000000000000000
10639,24287178,509,458100.000000000000000,0.000000000000000
10640,24287180,27,24300.000000000000000,0.000000000000000
10641,24287182,17,15300.000000000000000,0.000000000000000
10642,24287184,217,195300.000000000000000,0.000000000000000
10643,24287186,17212,15490800.000000000000000,0.000000000000000
10644,24287188,969,872100.000000000000000,0.000000000000000
10645,24287190,9134,8220600.000000000000000,0.000000000000000
10646,24287192,182,163800.000000000000000,0.000000000000000
10647,24287194,2284,2055600.000000000000000,0.000000000000000
10648,24287196,190,171000.000000000000000,0.000000000000000
10649,24287198,420,378000.000000000000000,0.000000000000000
10650,24287200,1580,1422000.000000000000000,0.000000000000000
10651,24287202,3319,2987100.000000000000000,0.000000000000000
10652,24287204,6928,6235200.000000000000000,0.000000000000000
10653,24287206,1807,1626300.000000000000000,0.000000000000000
10654,24287208,2029,1826100.000000000000000,0.000000000000000
10655,24287210,2167,1950300.000000000000000,0.000000000000000
10656,24287212,514,462600.000000000000000,0.000000000000000
10657,24287214,1277,1149300.000000000000000,0.000000000000000
10658,24287216,1013,911700.000000000000000,0.000000000000000
10659,24287218,73,65700.000000000000000,0.000000000000000
10660,24287220,1002,901800.000000000000000,0.000000000000000
10661,24287222,1387,1248300.000000000000000,0.000000000000000
10662,24287224,2965,2668500.000000000000000,0.000000000000000
10663,24287226,5223,4700700.000000000000000,0.000000000000000
10664,24287228,1838,1654200.000000000000000,0.000000000000000
10665,24287230,848,763200.000000000000000,0.000000000000000
10666,24287232,7871,7083900.000000000000000,0.000000000000000
10667,24287234,34,30600.000000000000000,0.000000000000000
10668,24287236,6,5400.000000000000000,0.000000000000000
10669,24287238,1567,1410300.000000000000000,0.000000000000000
10670,24287240,95,85500.000000000000000,0.000000000000000
10671,24287242,864,777600.000000000000000,0.000000000000000
10672,24287244,731,657900.000000000000000,0.000000000000000
10673,24287246,8181,7362900.000000000000000,0.000000000000000
10674,24287248,5945,5350500.000000000000000,0.000000000000000
10675,24287250,13497,12147300.000000000000000,0.000000000000000
10676,24287252,10687,9618300.000000000000000,0.000000000000000
10677,24287254,43,38700.000000000000000,0.000000000000000
10678,24287256,1523,1370700.000000000000000,0.000000000000000
10679,24287258,31,27900.000000000000000,0.000000000000000
10680,24287260,3707,3336300.000000000000000,0.000000000000000
10681,24287262,5166,4649400.000000000000000,0.000000000000000
10682,24287264,9375,8437500.000000000000000,0.000000000000000
10683,24287266,3182,2863800.000000000000000,0.000000000000000
10684,24287268,1217,1095300.000000000000000,0.000000000000000
10685,24287270,5946,5351400.000000000000000,0.000000000000000
10686,24287272,533,479700.000000000000000,0.000000000000000
10687,24287274,5845,5260500.000000000000000,0.000000000000000
10688,24287276,5264,4737600.000000000000000,0.000000000000000
10689,24287278,2838,2554200.000000000000000,0.000000000000000
10690,24287280,14457,13011300.000000000000000,0.000000000000000
10691,24287282,1862,1675800.000000000000000,0.000000000000000
10692,24287284,3796,3416400.000000000000000,0.000000000000000
10693,24287286,3726,3353400.000000000000000,0.000000000000000
10694,24287288,6841,6156900.000000000000000,0.000000000000000
10695,24287290,348,313200.000000000000000,0.000000000000000
10696,24287292,3783,3404700.000000000000000,0.000000000000000
10697,24287294,315,283500.000000000000000,0.000000000000000
10698,24287296,7482,6733800.000000000000000,0.000000000000000
10699,24287298,8550,7695000.000000000000000,0.000000000000000
10700,24287300,2576,2318400.000000000000000,0.000000000000000
10701,24287302,4929,4436100.000000000000000,0.000000000000000
10702,24287304,145,130500.000000000000000,0.000000000000000
10703,24287306,7796,7016400.000000000000000,0.000000000000000
10704,24287308,3220,2898000.000000000000000,0.000000000000000
10705,24287310,1960,1764000.000000000000000,0.000000000000000
10706,24287312,15452,13906800.000000000000000,0.000000000000000
10707,24287314,1301,1170900.000000000000000,0.000000000000000
10708,24287316,8087,7278300.000000000000000,0.000000000000000
10709,24287318,3794,3414600.000000000000000,0.000000000000000
10710,24287320,2801,2520900.000000000000000,0.000000000000000
10711,24287322,1029,926100.000000000000000,0.000000000000000
10712,24287324,12138,10924200.000000000000000,0.000000000000000
10713,24287326,11794,10614600.000000000000000,0.000000000000000
10714,24287328,2408,2167200.000000000000000,0.000000000000000
10715,24287330,1861,1674900.000000000000000,0.000000000000000
10716,24287332,3144,2829600.000000000000000,0.000000000000000
10717,24287334,294,264600.000000000000000,0.000000000000000
10718,24287336,1124,1011600.000000000000000,0.000000000000000
10719,24287338,457,411300.000000000000000,0.000000000000000
10720,24287340,4040,3636000.000000000000000,0.000000000000000
10721,24287342,12947,11652300.000000000000000,0.000000000000000
10722,24287344,9538,8584200.000000000000000,0.000000000000000
10723,24287346,7733,6959700.000000000000000,0.000000000000000
10724,24287348,5016,4514400.000000000000000,0.000000000000000
10725,24287350,289,260100.000000000000000,0.000000000000000
10726,24287352,2394,2154600.000000000000000,0.000000000000000
10727,24287354,9259,8333100.000000000000000,0.000000000000000
10728,24287356,283,254700.000000000000000,0.000000000000000
10729,24287358,8701,7830900.000000000000000,0.000000000000000
10730,24287360,5809,5228100.000000000000000,0.000000000000000
10731,24287362,311,279900.000000000000000,0.000000000000000
10732,24287364,1649,1484100.000000000000000,0.000000000000000
10733,24287366,3546,3191400.000000000000000,0.000000000000000
10734,24287368,1622,1459800.000000000000000,0.000000000000000
10735,24287370,80,72000.000000000000000,0.000000000000000
10736,24287372,12344,11109600.000000000000000,0.000000000000000
10737,24287374,10477,9429300.000000000000000,0.000000000000000
10738,24287376,5306,4775400.000000000000000,0.000000000000000
10739,24287378,1665,1498500.000000000000000,0.000000000000000
10740,24287380,2294,2064600.000000000000000,0.000000000000000
10741,24287382,1247,1122300.000000000000000,0.000000000000000
10742,24287384,382,343800.000000000000000,0.000000000000000
10743,24287386,1280,1152000.000000000000000,0.000000000000000
10744,24287388,1899,1709100.000000000000000,0.000000000000000
10745,24287390,2522,2269800.000000000000000,0.000000000000000
10746,24287392,2521,2268900.000000000000000,0.000000000000000
10747,24287394,159,143100.000000000000000,0.000000000000000
10748,24287396,2481,2232900.000000000000000,0.000000000000000
10749,24287398,821,738900.000000000000000,0.000000000000000
10750,24287400,479,431100.000000000000000,0.000000000000000
10751,24287404,1548,1393200.000000000000000,0.000000000000000
10752,24287406,447,402300.000000000000000,0.000000000000000
10753,24287408,236,212400.000000000000000,0.000000000000000
10754,24287410,384,345600.000000000000000,0.000000000000000
10755,24287412,74,66600.000000000000000,0.000000000000000
10756,24287414,5092,4582800.000000000000000,0.000000000000000
10757,24287416,982,883800.000000000000000,0.000000000000000
10758,24287418,3611,3249900.000000000000000,0.000000000000000
10759,24287420,2274,2046600.000000000000000,0.000000000000000
10760,24287422,4660,4194000.000000000000000,0.000000000000000
10761,24287424,1445,1300500.000000000000000,0.000000000000000
10762,24287426,1417,1275300.000000000000000,0.000000000000000
10763,24287430,2318,2086200.000000000000000,0.000000000000000
10764,24287432,226,203400.000000000000000,0.000000000000000
10765,24287434,2190,1971000.000000000000000,0.000000000000000
10766,24287436,888,799200.000000000000000,0.000000000000000
10767,24287438,1910,1719000.000000000000000,0.000000000000000
10768,24287440,1072,964800.000000000000000,0.000000000000000
10769,24287442,23,20700.000000000000000,0.000000000000000
10770,24287444,3385,3046500.000000000000000,0.000000000000000
10771,24287446,5990,5391000.000000000000000,0.000000000000000
10772,24287448,523,470700.000000000000000,0.000000000000000
10773,24287450,2282,2053800.000000000000000,0.000000000000000
10774,24287452,6760,6084000.000000000000000,0.000000000000000
10775,24287454,914,822600.000000000000000,0.000000000000000
10776,24287456,1189,1070100.000000000000000,0.000000000000000
10777,24287458,2827,2544300.000000000000000,0.000000000000000
10778,24287460,2938,2644200.000000000000000,0.000000000000000
10779,24287462,12375,11137500.000000000000000,0.000000000000000
10780,24287464,1506,1355400.000000000000000,0.000000000000000
10781,24287466,2360,2124000.000000000000000,0.000000000000000
10782,24287468,1065,958500.000000000000000,0.000000000000000
10783,24287470,1011,909900.000000000000000,0.000000000000000
10784,24287472,918,826200.000000000000000,0.000000000000000
10785,24287474,1990,1791000.000000000000000,0.000000000000000
10786,24287476,1803,1622700.000000000000000,0.000000000000000
10787,24287478,1659,1493100.000000000000000,0.000000000000000
10788,24287480,1378,1240200.000000000000000,0.000000000000000
10789,24287482,2004,1803600.000000000000000,0.000000000000000
10790,24287484,287,258300.000000000000000,0.000000000000000
10791,24287486,4543,4088700.000000000000000,0.000000000000000
10792,24287488,4120,3708000.000000000000000,0.000000000000000
10793,24287490,858,772200.000000000000000,0.000000000000000
10794,24287492,4117,3705300.000000000000000,0.000000000000000
10795,24287494,588,529200.000000000000000,0.000000000000000
10796,24287496,949,854100.000000000000000,0.000000000000000
10797,24287498,928,835200.000000000000000,0.000000000000000
10798,24287500,1705,1534500.000000000000000,0.000000000000000
10799,24287502,882,793800.000000000000000,0.000000000000000
10800,24287504,2063,1856700.000000000000000,0.000000000000000
10801,24287506,9760,8784000.000000000000000,0.000000000000000
10802,24287508,2250,2025000.000000000000000,0.000000000000000
10803,24287512,2541,2286900.000000000000000,0.000000000000000
10804,24287514,2187,1968300.000000000000000,0.000000000000000
10805,24287516,4054,3648600.000000000000000,0.000000000000000
10806,24287518,7710,6939000.000000000000000,0.000000000000000
10807,24287520,1703,1532700.000000000000000,0.000000000000000
10808,24287522,1789,1610100.000000000000000,0.000000000000000
10809,24287524,1390,1251000.000000000000000,0.000000000000000
10810,24287526,4717,4245300.000000000000000,0.000000000000000
10811,24287528,1434,1290600.000000000000000,0.000000000000000
10812,24287530,5613,5051700.000000000000000,0.000000000000000
10813,24287532,7743,6968700.000000000000000,0.000000000000000
10814,24287534,1955,1759500.000000000000000,0.000000000000000
10815,24287536,1422,1279800.000000000000000,0.000000000000000
10816,24287538,1655,1489500.000000000000000,0.000000000000000
10817,24287540,2127,1914300.000000000000000,0.000000000000000
10818,24287542,5215,4693500.000000000000000,0.000000000000000
10819,24287544,185,166500.000000000000000,0.000000000000000
10820,24287546,2603,2342700.000000000000000,0.000000000000000
10821,24287548,263,236700.000000000000000,0.000000000000000
10822,24287550,2317,2085300.000000000000000,0.000000000000000
10823,24287552,1900,1710000.000000000000000,0.000000000000000
10824,24287554,1638,1474200.000000000000000,0.000000000000000
10825,24287556,1113,1001700.000000000000000,0.000000000000000
10826,24287558,3277,2949300.000000000000000,0.000000000000000
10827,24287562,3500,3150000.000000000000000,0.000000000000000
10828,24287564,1119,1007100.000000000000000,0.000000000000000
10829,24287566,2745,2470500.000000000000000,0.000000000000000
10830,24287568,2055,1849500.000000000000000,0.000000000000000
10831,24287570,1455,1309500.000000000000000,0.000000000000000
10832,24287572,2070,1863000.000000000000000,0.000000000000000
10833,24287574,2830,2547000.000000000000000,0.000000000000000
10834,24287576,1283,1154700.000000000000000,0.000000000000000
10835,24287578,364,327600.000000000000000,0.000000000000000
10836,24287580,1748,1573200.000000000000000,0.000000000000000
10837,24287582,7322,6589800.000000000000000,0.000000000000000
10838,24287584,4884,4395600.000000000000000,0.000000000000000
10839,24287586,2184,1965600.000000000000000,0.000000000000000
10840,24287588,1794,1614600.000000000000000,0.000000000000000
10841,24287590,902,811800.000000000000000,0.000000000000000
10842,24287592,1300,1170000.000000000000000,0.000000000000000
10843,24287594,945,850500.000000000000000,0.000000000000000
10844,24287596,4026,3623400.000000000000000,0.000000000000000
10845,24287598,4988,4489200.000000000000000,0.000000000000000
10846,24287600,2467,2220300.000000000000000,0.000000000000000
10847,24287602,1310,1179000.000000000000000,0.000000000000000
10848,24287604,1432,1288800.000000000000000,0.000000000000000
10849,24287606,2563,2306700.000000000000000,0.000000000000000
10850,24287608,2190,1971000.000000000000000,0.000000000000000
10851,24287610,1655,1489500.000000000000000,0.000000000000000
10852,24287612,9257,8331300.000000000000000,0.000000000000000
10853,24287614,2657,2391300.000000000000000,0.000000000000000
10854,24287616,2074,1866600.000000000000000,0.000000000000000
10855,24287618,1077,969300.000000000000000,0.000000000000000
10856,24287620,6793,6113700.000000000000000,0.000000000000000
10857,24287622,1210,1089000.000000000000000,0.000000000000000
10858,24287624,3220,2898000.000000000000000,0.000000000000000
10859,24287626,6782,6103800.000000000000000,0.000000000000000
10860,24287628,3053,2747700.000000000000000,0.000000000000000
10861,24287630,218,196200.000000000000000,0.000000000000000
10862,24287632,722,649800.000000000000000,0.000000000000000
10863,24287634,1201,1080900.000000000000000,0.000000000000000
10864,24287636,3616,3254400.000000000000000,0.000000000000000
10865,24287638,9088,8179200.000000000000000,0.000000000000000
10866,24287640,2264,2037600.000000000000000,0.000000000000000
10867,24287642,4368,3931200.000000000000000,0.000000000000000
10868,24287644,1316,1184400.000000000000000,0.000000000000000
10869,24287646,1046,941400.000000000000000,0.000000000000000
10870,24287648,1073,965700.000000000000000,0.000000000000000
10871,24287650,1824,1641600.000000000000000,0.000000000000000
10872,24287652,2655,2389500.000000000000000,0.000000000000000
10873,24287654,2190,1971000.000000000000000,0.000000000000000
10874,24287656,1407,1266300.000000000000000,0.000000000000000
10875,24287658,2868,2581200.000000000000000,0.000000000000000
10876,24287660,1598,1438200.000000000000000,0.000000000000000
10877,24287662,12,10800.000000000000000,0.000000000000000
10878,24287664,1314,1182600.000000000000000,0.000000000000000
10879,24287666,358,322200.000000000000000,0.000000000000000
10880,24287668,468,421200.000000000000000,0.000000000000000
10881,24287670,3278,2950200.000000000000000,0.000000000000000
10882,24287672,2128,1915200.000000000000000,0.000000000000000
10883,24287674,1717,1545300.000000000000000,0.000000000000000
10884,24287676,2149,1934100.000000000000000,0.000000000000000
10885,24287678,1854,1668600.000000000000000,0.000000000000000
10886,24287680,1584,1425600.000000000000000,0.000000000000000
10887,24287682,6053,5447700.000000000000000,0.000000000000000
10888,24287684,3147,2832300.000000000000000,0.000000000000000
10889,24287686,1549,1394100.000000000000000,0.000000000000000
10890,24287688,4038,3634200.000000000000000,0.000000000000000
10891,24287690,1047,942300.000000000000000,0.000000000000000
10892,24287692,2329,2096100.000000000000000,0.000000000000000
10893,24287694,1295,1165500.000000000000000,0.000000000000000
10894,24287696,2388,2149200.000000000000000,0.000000000000000
10895,24287698,1945,1750500.000000000000000,0.000000000000000
10896,24287700,1113,1001700.000000000000000,0.000000000000000
10897,24287702,599,539100.000000000000000,0.000000000000000
10898,24287704,659,593100.000000000000000,0.000000000000000
10899,24287706,132,118800.000000000000000,0.000000000000000
10900,24287708,1385,1246500.000000000000000,0.000000000000000
10901,24287710,5211,4689900.000000000000000,0.000000000000000
10902,24287712,1522,1369800.000000000000000,0.000000000000000
10903,24287714,2835,2551500.000000000000000,0.000000000000000
10904,24287716,916,824400.000000000000000,0.000000000000000
10905,24287718,6556,5900400.000000000000000,0.000000000000000
10906,24287720,1959,1763100.000000000000000,0.000000000000000
10907,24287722,1949,1754100.000000000000000,0.000000000000000
10908,24287724,1273,1145700.000000000000000,0.000000000000000
10909,24287726,3412,3070800.000000000000000,0.000000000000000
10910,24287728,2112,1900800.000000000000000,0.000000000000000
10911,24287730,3223,2900700.000000000000000,0.000000000000000
10912,24287732,2899,2609100.000000000000000,0.000000000000000
10913,24287734,1780,1602000.000000000000000,0.000000000000000
10914,24287736,4498,4048200.000000000000000,0.000000000000000
10915,24287738,4069,3662100.000000000000000,0.000000000000000
10916,24287740,2680,2412000.000000000000000,0.000000000000000
10917,24287742,2605,2344500.000000000000000,0.000000000000000
10918,24287744,3872,3484800.000000000000000,0.000000000000000
10919,24287746,1989,1790100.000000000000000,0.000000000000000
10920,24287748,2831,2547900.000000000000000,0.000000000000000
10921,24287750,1329,1196100.000000000000000,0.000000000000000
10922,24287754,2880,2592000.000000000000000,0.000000000000000
10923,24287756,1652,1486800.000000000000000,0.000000000000000
10924,24287758,2221,1998900.000000000000000,0.000000000000000
10925,24287760,1746,1571400.000000000000000,0.000000000000000
10926,24287762,2867,2580300.000000000000000,0.000000000000000
10927,24287764,4775,4297500.000000000000000,0.000000000000000
10928,24287766,2933,2639700.000000000000000,0.000000000000000
10929,24287768,2138,1924200.000000000000000,0.000000000000000
10930,24287770,2318,2086200.000000000000000,0.000000000000000
10931,24287772,2552,2296800.000000000000000,0.000000000000000
10932,24287774,1241,1116900.000000000000000,0.000000000000000
10933,24287776,1056,950400.000000000000000,0.000000000000000
10934,24287778,2658,2392200.000000000000000,0.000000000000000
10935,24287780,3050,2745000.000000000000000,0.000000000000000
10936,24287784,900,810000.000000000000000,0.000000000000000
10937,24287788,5991,5391900.000000000000000,0.000000000000000
10938,24287792,8615,7753500.000000000000000,0.000000000000000
10939,24287794,3987,3588300.000000000000000,0.000000000000000
10940,24287796,5415,4873500.000000000000000,0.000000000000000
10941,24287798,1571,1413900.000000000000000,0.000000000000000
10942,24287800,8085,7276500.000000000000000,0.000000000000000
10943,24287802,2406,2165400.000000000000000,0.000000000000000
10944,24287804,4953,4457700.000000000000000,0.000000000000000
10945,24287806,2870,2583000.000000000000000,0.000000000000000
10946,24287808,6316,5684400.000000000000000,0.000000000000000
10947,24287810,8239,7415100.000000000000000,0.000000000000000
10948,24287812,149,134100.000000000000000,0.000000000000000
10949,24287814,2110,1899000.000000000000000,0.000000000000000
10950,24287816,1347,1212300.000000000000000,0.000000000000000
10951,24287818,57,51300.000000000000000,0.000000000000000
10952,24287820,877,789300.000000000000000,0.000000000000000
10953,24287822,1079,971100.000000000000000,0.000000000000000
10954,24287824,275,247500.000000000000000,0.000000000000000
10955,24287826,46,41400.000000000000000,0.000000000000000
10956,24287828,1845,1660500.000000000000000,0.000000000000000
10957,24287830,3,2700.000000000000000,0.000000000000000
10958,24287832,880,792000.000000000000000,0.000000000000000
10959,24287834,112,100800.000000000000000,0.000000000000000
10960,24287836,3271,2943900.000000000000000,0.000000000000000
10961,24287838,10190,9171000.000000000000000,0.000000000000000
10962,24287840,166,149400.000000000000000,0.000000000000000
10963,24287842,783,704700.000000000000000,0.000000000000000
10964,24287844,1202,1081800.000000000000000,0.000000000000000
10965,24287846,12947,11652300.000000000000000,0.000000000000000
10966,24287848,1046,941400.000000000000000,0.000000000000000
10967,24287850,9764,8787600.000000000000000,0.000000000000000
10968,24287852,124,111600.000000000000000,0.000000000000000
10969,24287858,1185,1066500.000000000000000,0.000000000000000
10970,24287860,5253,4727700.000000000000000,0.000000000000000
10971,24287862,2167,1950300.000000000000000,0.000000000000000
10972,24287864,1127,1014300.000000000000000,0.000000000000000
10973,24287866,1200,1080000.000000000000000,0.000000000000000
10974,24287868,1393,1253700.000000000000000,0.000000000000000
10975,24287870,4997,4497300.000000000000000,0.000000000000000
10976,24287872,3944,3549600.000000000000000,0.000000000000000
10977,24287874,2828,2545200.000000000000000,0.000000000000000
10978,24287876,1239,1115100.000000000000000,0.000000000000000
10979,24287878,860,774000.000000000000000,0.000000000000000
10980,24287880,4369,3932100.000000000000000,0.000000000000000
10981,24287882,1059,953100.000000000000000,0.000000000000000
10982,24287884,7666,6899400.000000000000000,0.000000000000000
10983,24287886,1536,1382400.000000000000000,0.000000000000000
10984,24287888,6991,6291900.000000000000000,0.000000000000000
10985,24287890,5022,4519800.000000000000000,0.000000000000000
10986,24287892,1399,1259100.000000000000000,0.000000000000000
10987,24287894,2567,2310300.000000000000000,0.000000000000000
10988,24287896,4623,4160700.000000000000000,0.000000000000000
10989,24287898,6764,6087600.000000000000000,0.000000000000000
10990,24287900,4171,3753900.000000000000000,0.000000000000000
10991,24287902,3677,3309300.000000000000000,0.000000000000000
10992,24287904,2275,2047500.000000000000000,0.000000000000000
10993,24287906,4902,4411800.000000000000000,0.000000000000000
10994,24287908,2339,2105100.000000000000000,0.000000000000000
10995,24287910,4970,4473000.000000000000000,0.000000000000000
10996,24287912,2610,2349000.000000000000000,0.000000000000000
10997,24287914,2890,2601000.000000000000000,0.000000000000000
10998,24287916,1622,1459800.000000000000000,0.000000000000000
10999,24287918,4026,3623400.000000000000000,0.000000000000000
11000,24287920,3828,3445200.000000000000000,0.000000000000000
11001,24287922,4542,4087800.000000000000000,0.000000000000000
11002,24287924,1377,1239300.000000000000000,0.000000000000000
11003,24287926,1095,985500.000000000000000,0.000000000000000
11004,24287928,1722,1549800.000000000000000,0.000000000000000
11005,24287930,12962,11665800.000000000000000,0.000000000000000
11006,24287932,5643,5078700.000000000000000,0.000000000000000
11007,24287934,6734,6060600.000000000000000,0.000000000000000
11008,24287936,2073,1865700.000000000000000,0.000000000000000
11009,24287938,2716,2444400.000000000000000,0.000000000000000
11010,24287940,4519,4067100.000000000000000,0.000000000000000
11011,24287942,1454,1308600.000000000000000,0.000000000000000
11012,24287944,2314,2082600.000000000000000,0.000000000000000
11013,24287946,363,326700.000000000000000,0.000000000000000
11014,24287948,5192,4672800.000000000000000,0.000000000000000
11015,24287950,3879,3491100.000000000000000,0.000000000000000
11016,24287952,37,33300.000000000000000,0.000000000000000
11017,24287954,64,57600.000000000000000,0.000000000000000
11018,24287956,407,366300.000000000000000,0.000000000000000
11019,24287958,5291,4761900.000000000000000,0.000000000000000
11020,24287960,4155,3739500.000000000000000,0.000000000000000
11021,24287962,6932,6238800.000000000000000,0.000000000000000
11022,24287966,2038,1834200.000000000000000,0.000000000000000
11023,24287968,6549,5894100.000000000000000,0.000000000000000
11024,24287970,8282,7453800.000000000000000,0.000000000000000
11025,24287972,2343,2108700.000000000000000,0.000000000000000
11026,24287974,2441,2196900.000000000000000,0.000000000000000
11027,24287976,2930,2637000.000000000000000,0.000000000000000
11028,24287978,720,648000.000000000000000,0.000000000000000
11029,24287980,13854,12468600.000000000000000,0.000000000000000
11030,24287982,7496,6746400.000000000000000,0.000000000000000
11031,24287984,3324,2991600.000000000000000,0.000000000000000
11032,24287986,1145,1030500.000000000000000,0.000000000000000
11033,24287988,1751,1575900.000000000000000,0.000000000000000
11034,24287990,1049,944100.000000000000000,0.000000000000000
11035,24287992,882,793800.000000000000000,0.000000000000000
11036,24287994,468,421200.000000000000000,0.000000000000000
11037,24287996,780,702000.000000000000000,0.000000000000000
11038,24287998,804,723600.000000000000000,0.000000000000000
11039,24288000,3857,3471300.000000000000000,0.000000000000000
11040,24288002,96,86400.000000000000000,0.000000000000000
11041,24288004,953,857700.000000000000000,0.000000000000000
11042,24288006,5923,5330700.000000000000000,0.000000000000000
11043,24288008,657,591300.000000000000000,0.000000000000000
11044,24288010,6044,5439600.000000000000000,0.000000000000000
11045,24288012,2887,2598300.000000000000000,0.000000000000000
11046,24288014,2074,1866600.000000000000000,0.000000000000000
11047,24288016,22377,20139300.000000000000000,0.000000000000000
11048,24288018,214,192600.000000000000000,0.000000000000000
11049,24288020,2072,1864800.000000000000000,0.000000000000000
11050,24288022,2389,2150100.000000000000000,0.000000000000000
11051,24288024,550,495000.000000000000000,0.000000000000000
11052,24288026,2734,2460600.000000000000000,0.000000000000000
11053,24288028,7582,6823800.000000000000000,0.000000000000000
11054,24288030,6383,5744700.000000000000000,0.000000000000000
11055,24288032,4388,3949200.000000000000000,0.000000000000000
11056,24288034,4007,3606300.000000000000000,0.000000000000000
11057,24288036,1115,1003500.000000000000000,0.000000000000000
11058,24288038,14870,13383000.000000000000000,0.000000000000000
11059,24288040,5918,5326200.000000000000000,0.000000000000000
11060,24288042,4746,4271400.000000000000000,0.000000000000000
11061,24288044,3713,3341700.000000000000000,0.000000000000000
11062,24288046,3479,3131100.000000000000000,0.000000000000000
11063,24288048,954,858600.000000000000000,0.000000000000000
11064,24288050,1324,1191600.000000000000000,0.000000000000000
11065,24288052,7298,6568200.000000000000000,0.000000000000000
11066,24288054,868,781200.000000000000000,0.000000000000000
11067,24288056,4871,4383900.000000000000000,0.000000000000000
11068,24288058,924,831600.000000000000000,0.000000000000000
11069,24288060,2111,1899900.000000000000000,0.000000000000000
11070,24288062,1448,1303200.000000000000000,0.000000000000000
11071,24288064,2045,1840500.000000000000000,0.000000000000000
11072,24288066,857,771300.000000000000000,0.000000000000000
11073,24288068,245,220500.000000000000000,0.000000000000000
11074,24288070,1126,1013400.000000000000000,0.000000000000000
11075,24288072,1339,1205100.000000000000000,0.000000000000000
11076,24288074,75,67500.000000000000000,0.000000000000000
11077,24288076,2686,2417400.000000000000000,0.000000000000000
11078,24288078,7211,6489900.000000000000000,0.000000000000000
11079,24288080,2109,1898100.000000000000000,0.000000000000000
11080,24288082,2407,2166300.000000000000000,0.000000000000000
11081,24288084,624,561600.000000000000000,0.000000000000000
11082,24288086,515,463500.000000000000000,0.000000000000000
11083,24288088,4106,3695400.000000000000000,0.000000000000000
11084,24288090,1266,1139400.000000000000000,0.000000000000000
11085,24288092,1299,1169100.000000000000000,0.000000000000000
11086,24288094,6836,6152400.000000000000000,0.000000000000000
11087,24288096,282,253800.000000000000000,0.000000000000000
11088,24288098,4861,4374900.000000000000000,0.000000000000000
11089,24288100,1313,1181700.000000000000000,0.000000000000000
11090,24288102,452,406800.000000000000000,0.000000000000000
11091,24288104,967,870300.000000000000000,0.000000000000000
11092,24288106,5062,4555800.000000000000000,0.000000000000000
11093,24288108,5309,4778100.000000000000000,0.000000000000000
11094,24288110,2124,1911600.000000000000000,0.000000000000000
11095,24288114,581,522900.000000000000000,0.000000000000000
11096,24288116,1059,953100.000000000000000,0.000000000000000
11097,24288118,6000,5400000.000000000000000,0.000000000000000
11098,24288120,1266,1139400.000000000000000,0.000000000000000
11099,24288122,41,36900.000000000000000,0.000000000000000
11100,24288124,7848,7063200.000000000000000,0.000000000000000
11101,24288126,2133,1919700.000000000000000,0.000000000000000
11102,24288128,365,328500.000000000000000,0.000000000000000
11103,24288130,1696,1526400.000000000000000,0.000000000000000
11104,24288132,565,508500.000000000000000,0.000000000000000
11105,24288134,2589,2330100.000000000000000,0.000000000000000
11106,24288136,2113,1901700.000000000000000,0.000000000000000
11107,24288138,9886,8897400.000000000000000,0.000000000000000
11108,24288140,1000,900000.000000000000000,0.000000000000000
11109,24288142,2933,2639700.000000000000000,0.000000000000000
11110,24288144,2580,2322000.000000000000000,0.000000000000000
11111,24288146,3116,2804400.000000000000000,0.000000000000000
11112,24288148,4840,4356000.000000000000000,0.000000000000000
11113,24288150,3608,3247200.000000000000000,0.000000000000000
11114,24288152,2185,1966500.000000000000000,0.000000000000000
11115,24288154,2044,1839600.000000000000000,0.000000000000000
11116,24288156,1841,1656900.000000000000000,0.000000000000000
11117,24288158,1527,1374300.000000000000000,0.000000000000000
11118,24288160,6050,5445000.000000000000000,0.000000000000000
11119,24288162,718,646200.000000000000000,0.000000000000000
11120,24288164,3698,3328200.000000000000000,0.000000000000000
11121,24288166,735,661500.000000000000000,0.000000000000000
11122,24288168,3834,3450600.000000000000000,0.000000000000000
11123,24288170,1985,1786500.000000000000000,0.000000000000000
11124,24288172,7057,6351300.000000000000000,0.000000000000000
11125,24288174,1781,1602900.000000000000000,0.000000000000000
11126,24288176,4189,3770100.000000000000000,0.000000000000000
11127,24288178,2196,1976400.000000000000000,0.000000000000000
11128,24288180,493,443700.000000000000000,0.000000000000000
11129,24288182,3345,3010500.000000000000000,0.000000000000000
11130,24288184,3282,2953800.000000000000000,0.000000000000000
11131,24288186,8126,7313400.000000000000000,0.000000000000000
11132,24288188,53,47700.000000000000000,0.000000000000000
11133,24288190,407,366300.000000000000000,0.000000000000000
11134,24288192,174,156600.000000000000000,0.000000000000000
11135,24288194,1098,988200.000000000000000,0.000000000000000
11136,24288196,2636,2372400.000000000000000,0.000000000000000
11137,24288198,3154,2838600.000000000000000,0.000000000000000
11138,24288200,3876,3488400.000000000000000,0.000000000000000
11139,24288202,3701,3330900.000000000000000,0.000000000000000
11140,24288204,3323,2990700.000000000000000,0.000000000000000
11141,24288206,3119,2807100.000000000000000,0.000000000000000
11142,24288208,1579,1421100.000000000000000,0.000000000000000
11143,24288210,2484,2235600.000000000000000,0.000000000000000
11144,24288212,1949,1754100.000000000000000,0.000000000000000
11145,24288214,1474,1326600.000000000000000,0.000000000000000
11146,24288216,2447,2202300.000000000000000,0.000000000000000
11147,24288218,1057,951300.000000000000000,0.000000000000000
11148,24288220,1544,1389600.000000000000000,0.000000000000000
11149,24288222,764,687600.000000000000000,0.000000000000000
11150,24288224,4274,3846600.000000000000000,0.000000000000000
11151,24288226,34,30600.000000000000000,0.000000000000000
11152,24288228,12,10800.000000000000000,0.000000000000000
11153,24288230,1155,1039500.000000000000000,0.000000000000000
11154,24288232,2227,2004300.000000000000000,0.000000000000000
11155,24288234,3627,3264300.000000000000000,0.000000000000000
11156,24288236,3735,3361500.000000000000000,0.000000000000000
11157,24288238,1976,1778400.000000000000000,0.000000000000000
11158,24288240,2734,2460600.000000000000000,0.000000000000000
11159,24288242,1684,1515600.000000000000000,0.000000000000000
11160,24288244,337,303300.000000000000000,0.000000000000000
11161,24288270,29,26100.000000000000000,0.000000000000000
11162,24288272,113,101700.000000000000000,0.000000000000000
11163,24288274,1048,943200.000000000000000,0.000000000000000
11164,24288276,6,5400.000000000000000,0.000000000000000
11165,24288278,543,488700.000000000000000,0.000000000000000
11166,24288280,771,693900.000000000000000,0.000000000000000
11167,24288282,1342,1207800.000000000000000,0.000000000000000
11168,24288284,5829,5246100.000000000000000,0.000000000000000
11169,24288286,1403,1262700.000000000000000,0.000000000000000
11170,24288288,1097,987300.000000000000000,0.000000000000000
11171,24288290,288,259200.000000000000000,0.000000000000000
11172,24534246,11,9900.000000000000000,0.000000000000000
11173,24534248,439,395100.000000000000000,0.000000000000000
11174,24534250,33,29700.000000000000000,0.000000000000000
11175,24534252,55,49500.000000000000000,0.000000000000000
11176,24534254,57,51300.000000000000000,0.000000000000000
11177,24534256,86,77400.000000000000000,0.000000000000000
11178,24534258,64,57600.000000000000000,0.000000000000000
11179,24534260,433,389700.000000000000000,59.000000000000000
11180,24534262,1426,1283400.000000000000000,167.000000000000000
11181,24534264,176,158400.000000000000000,2.000000000000000
11182,24534266,8070,7263000.000000000000000,227.000000000000000
11183,24534268,11613,10451700.000000000000000,318.000000000000000
11184,24534270,4172,3754800.000000000000000,150.000000000000000
11185,24534272,29768,26791200.000000000000000,1973.000000000000000
11186,24534274,13139,11825100.000000000000000,2507.000000000000000
11187,24534276,12753,11477700.000000000000000,1327.000000000000000
11188,24534278,11,9900.000000000000000,0.000000000000000
11189,24534280,4557,4101300.000000000000000,652.000000000000000
11190,24534282,331,297900.000000000000000,50.000000000000000
11191,24534284,11713,10541700.000000000000000,1024.000000000000000
11192,24534286,671,603900.000000000000000,26.000000000000000
11193,24534288,717,645300.000000000000000,0.000000000000000
11194,24534290,27294,24564600.000000000000000,675.000000000000000
11195,24534292,8497,7647300.000000000000000,0.000000000000000
11196,24534294,7589,6830100.000000000000000,6.000000000000000
11197,24534296,6419,5777100.000000000000000,29.000000000000000
11198,24534298,11330,10197000.000000000000000,2.000000000000000
11199,24534300,1733,1559700.000000000000000,0.000000000000000
11200,24534302,17539,15785100.000000000000000,0.000000000000000
11201,24534304,1966,1769400.000000000000000,0.000000000000000
11202,24534306,1557,1401300.000000000000000,0.000000000000000
11203,24534308,3014,2712600.000000000000000,0.000000000000000
11204,24534310,967,870300.000000000000000,0.000000000000000
11205,24534312,2533,2279700.000000000000000,0.000000000000000
11206,24534314,2963,2666700.000000000000000,0.000000000000000
11207,24534316,7946,7151400.000000000000000,0.000000000000000
11208,24534318,1303,1172700.000000000000000,0.000000000000000
11209,24534320,12800,11520000.000000000000000,0.000000000000000
11210,24534322,16629,14966100.000000000000000,0.000000000000000
11211,24534324,4471,4023900.000000000000000,0.000000000000000
11212,24534326,2367,2130300.000000000000000,0.000000000000000
11213,24534328,2635,2371500.000000000000000,0.000000000000000
11214,24534330,9392,8452800.000000000000000,0.000000000000000
11215,24534332,735,661500.000000000000000,0.000000000000000
11216,24534334,5011,4509900.000000000000000,0.000000000000000
11217,24534336,2060,1854000.000000000000000,0.000000000000000
11218,24534338,1413,1271700.000000000000000,0.000000000000000
11219,24534340,8335,7501500.000000000000000,0.000000000000000
11220,24534344,214,192600.000000000000000,32.000000000000000
11221,24534348,31,27900.000000000000000,0.000000000000000
11222,24534350,362,325800.000000000000000,1.000000000000000
11223,24534352,1295,1165500.000000000000000,1.000000000000000
11224,24534354,5371,4833900.000000000000000,57.000000000000000
11225,24534356,1664,1497600.000000000000000,0.000000000000000
11226,24534358,491,441900.000000000000000,0.000000000000000
11227,24534360,1349,1214100.000000000000000,0.000000000000000
11228,24534362,2005,1804500.000000000000000,0.000000000000000
11229,24534366,3622,3259800.000000000000000,0.000000000000000
11230,24534370,2084,1875600.000000000000000,0.000000000000000
11231,24534372,9121,8208900.000000000000000,0.000000000000000
11232,24534374,4676,4208400.000000000000000,0.000000000000000
11233,24534376,2062,1855800.000000000000000,0.000000000000000
11234,24534378,1903,1712700.000000000000000,0.000000000000000
11235,24534380,579,521100.000000000000000,0.000000000000000
11236,24534382,61,54900.000000000000000,0.000000000000000
11237,24534384,69,62100.000000000000000,0.000000000000000
11238,24534386,12,10800.000000000000000,0.000000000000000
11239,24534388,50,45000.000000000000000,0.000000000000000
11240,24534390,5128,4615200.000000000000000,0.000000000000000
11241,24534392,1698,1528200.000000000000000,0.000000000000000
11242,24534394,2603,2342700.000000000000000,0.000000000000000
11243,24534396,722,649800.000000000000000,0.000000000000000
11244,24534398,1994,1794600.000000000000000,0.000000000000000
11245,24534400,2365,2128500.000000000000000,0.000000000000000
11246,24534402,2268,2041200.000000000000000,0.000000000000000
11247,24534404,1423,1280700.000000000000000,0.000000000000000
11248,24534406,4370,3933000.000000000000000,0.000000000000000
11249,24534408,7,6300.000000000000000,0.000000000000000
11250,24534410,100,90000.000000000000000,0.000000000000000
11251,24534412,3995,3595500.000000000000000,0.000000000000000
11252,24534414,5848,5263200.000000000000000,0.000000000000000
11253,24534416,52,46800.000000000000000,0.000000000000000
11254,24534418,12464,11217600.000000000000000,0.000000000000000
11255,24534420,108,97200.000000000000000,0.000000000000000
11256,24534422,12517,11265300.000000000000000,0.000000000000000
11257,24534424,2613,2351700.000000000000000,0.000000000000000
11258,24534426,4422,3979800.000000000000000,0.000000000000000
11259,24534428,20007,18006300.000000000000000,0.000000000000000
11260,24534430,76,68400.000000000000000,0.000000000000000
11261,24534432,496,446400.000000000000000,0.000000000000000
11262,24534434,113,101700.000000000000000,0.000000000000000
11263,24534436,92,82800.000000000000000,0.000000000000000
11264,24534438,333,299700.000000000000000,0.000000000000000
11265,24534440,3040,2736000.000000000000000,0.000000000000000
11266,24534442,353,317700.000000000000000,0.000000000000000
11267,24534444,1785,1606500.000000000000000,0.000000000000000
11268,24534446,1289,1160100.000000000000000,0.000000000000000
11269,24534448,1116,1004400.000000000000000,0.000000000000000
11270,24534450,100,90000.000000000000000,0.000000000000000
11271,24534452,4782,4303800.000000000000000,0.000000000000000
11272,24534454,3208,2887200.000000000000000,0.000000000000000
11273,24534456,499,449100.000000000000000,0.000000000000000
11274,24534458,3751,3375900.000000000000000,0.000000000000000
11275,24534460,2488,2239200.000000000000000,0.000000000000000
11276,24534462,1765,1588500.000000000000000,0.000000000000000
11277,24534464,1166,1049400.000000000000000,0.000000000000000
11278,24534466,1907,1716300.000000000000000,0.000000000000000
11279,24534468,115,103500.000000000000000,0.000000000000000
11280,24534470,5231,4707900.000000000000000,0.000000000000000
11281,24534472,68,61200.000000000000000,0.000000000000000
11282,24534474,3256,2930400.000000000000000,1.000000000000000
11283,24534476,129,116100.000000000000000,0.000000000000000
11284,24534478,531,477900.000000000000000,0.000000000000000
11285,24534480,450,405000.000000000000000,0.000000000000000
11286,24534482,4,3600.000000000000000,0.000000000000000
11287,24534484,7,6300.000000000000000,0.000000000000000
11288,24534486,624,561600.000000000000000,0.000000000000000
11289,24534488,16,14400.000000000000000,0.000000000000000
11290,24534490,294,264600.000000000000000,0.000000000000000
11291,24534492,10440,9396000.000000000000000,0.000000000000000
11292,24534494,6842,6157800.000000000000000,0.000000000000000
11293,24534496,2406,2165400.000000000000000,7.000000000000000
11294,24534498,151,135900.000000000000000,0.000000000000000
11295,24534502,25,22500.000000000000000,0.000000000000000
11296,24534504,85,76500.000000000000000,0.000000000000000
11297,24534506,139,125100.000000000000000,0.000000000000000
11298,24534508,32,28800.000000000000000,0.000000000000000
11299,24534510,599,539100.000000000000000,0.000000000000000
11300,24534512,11927,10734300.000000000000000,0.000000000000000
11301,24534514,6950,6255000.000000000000000,0.000000000000000
11302,24534516,117,105300.000000000000000,0.000000000000000
11303,24534518,1991,1791900.000000000000000,0.000000000000000
11304,24534520,12003,10802700.000000000000000,0.000000000000000
11305,24534522,3479,3131100.000000000000000,0.000000000000000
11306,24534524,6207,5586300.000000000000000,0.000000000000000
11307,24534526,23969,21572100.000000000000000,19.000000000000000
11308,24534528,3,2700.000000000000000,0.000000000000000
11309,24534530,2245,2020500.000000000000000,0.000000000000000
11310,24534532,101,90900.000000000000000,0.000000000000000
11311,24534534,3118,2806200.000000000000000,3.000000000000000
11312,24534536,2337,2103300.000000000000000,0.000000000000000
11313,24534538,2116,1904400.000000000000000,1.000000000000000
11314,24534540,42,37800.000000000000000,0.000000000000000
11315,24534542,364,327600.000000000000000,0.000000000000000
11316,24534544,879,791100.000000000000000,0.000000000000000
11317,24534546,9760,8784000.000000000000000,96.000000000000000
11318,24534548,8640,7776000.000000000000000,10.000000000000000
11319,24534550,135,121500.000000000000000,0.000000000000000
11320,24534552,6913,6221700.000000000000000,202.000000000000000
11321,24534554,1499,1349100.000000000000000,0.000000000000000
11322,24534556,64,57600.000000000000000,0.000000000000000
11323,24534558,679,611100.000000000000000,0.000000000000000
11324,24534560,7,6300.000000000000000,0.000000000000000
11325,24534562,114,102600.000000000000000,5.000000000000000
11326,24534564,145,130500.000000000000000,0.000000000000000
11327,24534566,6,5400.000000000000000,0.000000000000000
11328,24534568,2162,1945800.000000000000000,0.000000000000000
11329,24534570,217,195300.000000000000000,0.000000000000000
11330,24534572,255,229500.000000000000000,0.000000000000000
11331,24534574,4286,3857400.000000000000000,17.000000000000000
11332,24534576,2823,2540700.000000000000000,5.000000000000000
11333,24534578,5,4500.000000000000000,0.000000000000000
11334,24534580,6376,5738400.000000000000000,709.000000000000000
11335,24534582,3113,2801700.000000000000000,680.000000000000000
11336,24534584,8958,8062200.000000000000000,2120.000000000000000
11337,24534586,36,32400.000000000000000,0.000000000000000
11338,24534588,6547,5892300.000000000000000,1.000000000000000
11339,24534590,243,218700.000000000000000,0.000000000000000
11340,24534592,4069,3662100.000000000000000,0.000000000000000
11341,24534594,9067,8160300.000000000000000,0.000000000000000
11342,24534596,4079,3671100.000000000000000,0.000000000000000
11343,24534598,622,559800.000000000000000,0.000000000000000
11344,24534600,905,814500.000000000000000,0.000000000000000
11345,24534602,33930,30537000.000000000000000,9.000000000000000
11346,24534604,41,36900.000000000000000,5.000000000000000
11347,24534608,3304,2973600.000000000000000,0.000000000000000
11348,24534610,276,248400.000000000000000,0.000000000000000
11349,24534612,3605,3244500.000000000000000,0.000000000000000
11350,24534614,10487,9438300.000000000000000,0.000000000000000
11351,24534620,2951,2655900.000000000000000,5.000000000000000
11352,24534622,1404,1263600.000000000000000,341.000000000000000
11353,24534624,94,84600.000000000000000,0.000000000000000
11354,24534626,6573,5915700.000000000000000,0.000000000000000
11355,24534628,7770,6993000.000000000000000,723.000000000000000
11356,24534630,15344,13809600.000000000000000,1.000000000000000
11357,24534632,7751,6975900.000000000000000,0.000000000000000
11358,24534634,8395,7555500.000000000000000,0.000000000000000
11359,24534638,2409,2168100.000000000000000,0.000000000000000
11360,24534640,213,191700.000000000000000,0.000000000000000
11361,24534642,4985,4486500.000000000000000,0.000000000000000
11362,24534644,3850,3465000.000000000000000,0.000000000000000
11363,24534646,5061,4554900.000000000000000,5.000000000000000
11364,24534648,1587,1428300.000000000000000,1.000000000000000
11365,24534650,6014,5412600.000000000000000,191.000000000000000
11366,24534652,1660,1494000.000000000000000,0.000000000000000
11367,24534658,1125,1012500.000000000000000,0.000000000000000
11368,24534660,2600,2340000.000000000000000,9.000000000000000
11369,24534662,4263,3836700.000000000000000,586.000000000000000
11370,24534664,3112,2800800.000000000000000,0.000000000000000
11371,24534666,2174,1956600.000000000000000,0.000000000000000
11372,24534668,287,258300.000000000000000,0.000000000000000
11373,24534670,4206,3785400.000000000000000,49.000000000000000
11374,24534672,5233,4709700.000000000000000,28.000000000000000
11375,24534674,2342,2107800.000000000000000,0.000000000000000
11376,24534676,1019,917100.000000000000000,0.000000000000000
11377,24534678,2851,2565900.000000000000000,0.000000000000000
11378,24534680,4752,4276800.000000000000000,24.000000000000000
11379,24534682,4612,4150800.000000000000000,0.000000000000000
11380,24534684,1201,1080900.000000000000000,0.000000000000000
11381,24534686,5229,4706100.000000000000000,0.000000000000000
11382,24534688,3932,3538800.000000000000000,0.000000000000000
11383,24534690,2481,2232900.000000000000000,0.000000000000000
11384,24534694,196,176400.000000000000000,0.000000000000000
11385,24534696,5319,4787100.000000000000000,0.000000000000000
11386,24534698,5826,5243400.000000000000000,0.000000000000000
11387,24534700,1840,1656000.000000000000000,0.000000000000000
11388,24534702,2100,1890000.000000000000000,0.000000000000000
11389,24534704,1703,1532700.000000000000000,0.000000000000000
11390,24534706,4554,4098600.000000000000000,0.000000000000000
11391,24534708,1747,1572300.000000000000000,0.000000000000000
11392,24534710,3194,2874600.000000000000000,0.000000000000000
11393,24534712,375,337500.000000000000000,0.000000000000000
11394,24534714,3426,3083400.000000000000000,0.000000000000000
11395,24534716,10394,9354600.000000000000000,0.000000000000000
11396,24534718,3810,3429000.000000000000000,0.000000000000000
11397,24534720,2236,2012400.000000000000000,0.000000000000000
11398,24534722,3075,2767500.000000000000000,0.000000000000000
11399,24534724,102,91800.000000000000000,0.000000000000000
11400,24534726,143,128700.000000000000000,0.000000000000000
11401,24534728,8948,8053200.000000000000000,1.000000000000000
11402,24534730,776,698400.000000000000000,0.000000000000000
11403,24534734,1895,1705500.000000000000000,0.000000000000000
11404,24534736,5857,5271300.000000000000000,0.000000000000000
11405,24534738,2102,1891800.000000000000000,0.000000000000000
11406,24534742,95,85500.000000000000000,0.000000000000000
11407,24534744,6599,5939100.000000000000000,0.000000000000000
11408,24534746,3769,3392100.000000000000000,0.000000000000000
11409,24534748,2630,2367000.000000000000000,0.000000000000000
11410,24534750,3058,2752200.000000000000000,0.000000000000000
11411,24534752,2208,1987200.000000000000000,0.000000000000000
11412,24534754,1606,1445400.000000000000000,0.000000000000000
11413,24534756,4596,4136400.000000000000000,0.000000000000000
11414,24534758,2271,2043900.000000000000000,0.000000000000000
11415,24534760,1903,1712700.000000000000000,0.000000000000000
11416,24534762,2838,2554200.000000000000000,0.000000000000000
11417,24534764,1830,1647000.000000000000000,0.000000000000000
11418,24534766,3174,2856600.000000000000000,0.000000000000000
11419,24534768,3489,3140100.000000000000000,0.000000000000000
11420,24534770,3139,2825100.000000000000000,0.000000000000000
11421,24534772,1194,1074600.000000000000000,0.000000000000000
11422,24534774,582,523800.000000000000000,0.000000000000000
11423,24534776,4765,4288500.000000000000000,0.000000000000000
11424,24534778,1597,1437300.000000000000000,0.000000000000000
11425,24534780,2836,2552400.000000000000000,0.000000000000000
11426,24534782,1883,1694700.000000000000000,0.000000000000000
11427,24534784,1301,1170900.000000000000000,0.000000000000000
11428,24534786,2629,2366100.000000000000000,0.000000000000000
11429,24534788,2399,2159100.000000000000000,0.000000000000000
11430,24534790,2110,1899000.000000000000000,0.000000000000000
11431,24534792,619,557100.000000000000000,0.000000000000000
11432,24534794,1704,1533600.000000000000000,0.000000000000000
11433,24534796,3414,3072600.000000000000000,0.000000000000000
11434,24534798,989,890100.000000000000000,0.000000000000000
11435,24534800,1170,1053000.000000000000000,0.000000000000000
11436,24534804,2038,1834200.000000000000000,0.000000000000000
11437,24534806,1325,1192500.000000000000000,0.000000000000000
11438,24534808,1175,1057500.000000000000000,0.000000000000000
11439,24534810,1428,1285200.000000000000000,0.000000000000000
11440,24534812,1738,1564200.000000000000000,0.000000000000000
11441,24534814,1335,1201500.000000000000000,0.000000000000000
11442,24534816,892,802800.000000000000000,0.000000000000000
11443,24534818,2275,2047500.000000000000000,0.000000000000000
11444,24534822,1192,1072800.000000000000000,0.000000000000000
11445,24534826,680,612000.000000000000000,0.000000000000000
11446,24534828,673,605700.000000000000000,0.000000000000000
11447,24534830,795,715500.000000000000000,0.000000000000000
11448,24534832,1187,1068300.000000000000000,0.000000000000000
11449,24534834,798,718200.000000000000000,0.000000000000000
11450,24534836,281,252900.000000000000000,0.000000000000000
11451,24534838,19,17100.000000000000000,0.000000000000000
11452,24534840,1229,1106100.000000000000000,0.000000000000000
11453,24534842,1928,1735200.000000000000000,0.000000000000000
11454,24534844,222,199800.000000000000000,0.000000000000000
11455,24534846,4664,4197600.000000000000000,0.000000000000000
11456,24534850,1857,1671300.000000000000000,0.000000000000000
11457,24534852,3494,3144600.000000000000000,0.000000000000000
11458,24534854,689,620100.000000000000000,0.000000000000000
11459,24534856,80,72000.000000000000000,0.000000000000000
11460,24534858,2378,2140200.000000000000000,0.000000000000000
11461,24534860,256,230400.000000000000000,0.000000000000000
11462,24534862,11510,10359000.000000000000000,0.000000000000000
11463,24534864,985,886500.000000000000000,0.000000000000000
11464,24534866,2032,1828800.000000000000000,0.000000000000000
11465,24534868,2643,2378700.000000000000000,0.000000000000000
11466,24534870,581,522900.000000000000000,0.000000000000000
11467,24534872,1940,1746000.000000000000000,0.000000000000000
11468,24534874,10654,9588600.000000000000000,0.000000000000000
11469,24534876,2981,2682900.000000000000000,0.000000000000000
11470,24534878,2605,2344500.000000000000000,0.000000000000000
11471,24534880,740,666000.000000000000000,0.000000000000000
11472,24534882,4568,4111200.000000000000000,0.000000000000000
11473,24534886,180,162000.000000000000000,0.000000000000000
11474,24534888,6830,6147000.000000000000000,0.000000000000000
11475,24534890,1925,1732500.000000000000000,0.000000000000000
11476,24534892,4771,4293900.000000000000000,0.000000000000000
11477,24534894,1064,957600.000000000000000,0.000000000000000
11478,24534898,1228,1105200.000000000000000,0.000000000000000
11479,24534900,3792,3412800.000000000000000,0.000000000000000
11480,24534902,3013,2711700.000000000000000,0.000000000000000
11481,24534904,763,686700.000000000000000,0.000000000000000
11482,24534906,2089,1880100.000000000000000,0.000000000000000
11483,24534908,1396,1256400.000000000000000,0.000000000000000
11484,24534910,1526,1373400.000000000000000,0.000000000000000
11485,24534912,494,444600.000000000000000,0.000000000000000
11486,24534914,1131,1017900.000000000000000,0.000000000000000
11487,24534916,168,151200.000000000000000,0.000000000000000
11488,24534920,30,27000.000000000000000,0.000000000000000
11489,24534922,4025,3622500.000000000000000,0.000000000000000
11490,24534924,1523,1370700.000000000000000,0.000000000000000
11491,24534926,3860,3474000.000000000000000,0.000000000000000
11492,24534928,695,625500.000000000000000,0.000000000000000
11493,24534930,472,424800.000000000000000,0.000000000000000
11494,24534934,685,616500.000000000000000,0.000000000000000
11495,24534936,885,796500.000000000000000,0.000000000000000
11496,24534938,91,81900.000000000000000,0.000000000000000
11497,24534940,144,129600.000000000000000,0.000000000000000
11498,24534942,300,270000.000000000000000,0.000000000000000
11499,24534944,81,72900.000000000000000,0.000000000000000
11500,24534946,5410,4869000.000000000000000,0.000000000000000
11501,24534948,5410,4869000.000000000000000,0.000000000000000
11502,24534950,1119,1007100.000000000000000,0.000000000000000
11503,24534954,7662,6895800.000000000000000,0.000000000000000
11504,24534956,596,536400.000000000000000,0.000000000000000
11505,24534958,1034,930600.000000000000000,0.000000000000000
11506,24534960,746,671400.000000000000000,0.000000000000000
11507,24534962,1738,1564200.000000000000000,0.000000000000000
11508,24534964,2385,2146500.000000000000000,0.000000000000000
11509,24534966,3375,3037500.000000000000000,2.000000000000000
11510,24534968,2878,2590200.000000000000000,0.000000000000000
11511,24534972,5486,4937400.000000000000000,0.000000000000000
11512,24534974,3333,2999700.000000000000000,0.000000000000000
11513,24534976,2373,2135700.000000000000000,0.000000000000000
11514,24534980,316,284400.000000000000000,58.000000000000000
11515,24534982,2356,2120400.000000000000000,171.000000000000000
11516,24534986,12958,11662200.000000000000000,181.000000000000000
11517,24534988,10915,9823500.000000000000000,1.000000000000000
11518,24534990,4434,3990600.000000000000000,162.000000000000000
11519,24534996,3718,3346200.000000000000000,0.000000000000000
11520,24535004,2302,2071800.000000000000000,0.000000000000000
11521,24535006,404,363600.000000000000000,0.000000000000000
11522,24535008,662,595800.000000000000000,0.000000000000000
11523,24535010,675,607500.000000000000000,0.000000000000000
11524,24535012,340,306000.000000000000000,0.000000000000000
11525,24535014,350,315000.000000000000000,0.000000000000000
11526,24535016,1489,1340100.000000000000000,0.000000000000000
11527,24535018,765,688500.000000000000000,0.000000000000000
11528,24535020,408,367200.000000000000000,0.000000000000000
11529,24535022,811,729900.000000000000000,0.000000000000000
11530,24535024,9552,8596800.000000000000000,0.000000000000000
11531,24535026,1575,1417500.000000000000000,0.000000000000000
11532,24535028,353,317700.000000000000000,0.000000000000000
11533,24535030,4,3600.000000000000000,0.000000000000000
11534,24535032,1,900.000000000000000,0.000000000000000
11535,24535036,2038,1834200.000000000000000,0.000000000000000
11536,24535038,175,157500.000000000000000,0.000000000000000
11537,24535040,2756,2480400.000000000000000,0.000000000000000
11538,24535044,18,16200.000000000000000,0.000000000000000
11539,24535046,1774,1596600.000000000000000,0.000000000000000
11540,24535048,5,4500.000000000000000,0.000000000000000
11541,24535050,37,33300.000000000000000,0.000000000000000
11542,24535052,931,837900.000000000000000,0.000000000000000
11543,24535054,46,41400.000000000000000,0.000000000000000
11544,24535056,98,88200.000000000000000,0.000000000000000
11545,24535058,3666,3299400.000000000000000,0.000000000000000
11546,24535060,230,207000.000000000000000,0.000000000000000
11547,24535072,785,706500.000000000000000,131.000000000000000
11548,24535076,109,98100.000000000000000,30.000000000000000
11549,24535096,11889,10700100.000000000000000,469.000000000000000
11550,24535098,932,838800.000000000000000,113.000000000000000
11551,24535100,130,117000.000000000000000,23.000000000000000
11552,24535102,332,298800.000000000000000,24.000000000000000
11553,24535104,21,18900.000000000000000,0.000000000000000
11554,24535108,60,54000.000000000000000,0.000000000000000
11555,24535110,29,26100.000000000000000,0.000000000000000
11556,24535114,612,550800.000000000000000,0.000000000000000
11557,24535116,32,28800.000000000000000,0.000000000000000
11558,24535190,627,564300.000000000000000,0.000000000000000
11559,24535464,108,97200.000000000000000,1.000000000000000
11560,24535488,49,44100.000000000000000,0.000000000000000
11561,24535490,15,13500.000000000000000,0.000000000000000
11562,24537862,23247,20922300.000000000000000,0.000000000000000
11563,24537864,15569,14012100.000000000000000,0.000000000000000
11564,24537866,6025,5422500.000000000000000,0.000000000000000
11565,24537868,6178,5560200.000000000000000,0.000000000000000
11566,24537870,10329,9296100.000000000000000,0.000000000000000
11567,24537872,70235,63211500.000000000000000,0.000000000000000
11568,24537874,25430,22887000.000000000000000,0.000000000000000
11569,24537876,39172,35254800.000000000000000,0.000000000000000
11570,24537878,2952,2656800.000000000000000,0.000000000000000
11571,24537880,3507,3156300.000000000000000,0.000000000000000
11572,24537882,13046,11741400.000000000000000,0.000000000000000
11573,24537884,5767,5190300.000000000000000,0.000000000000000
11574,24537886,14803,13322700.000000000000000,0.000000000000000
11575,24537888,10344,9309600.000000000000000,0.000000000000000
11576,24537890,20829,18746100.000000000000000,0.000000000000000
11577,24537892,2104,1893600.000000000000000,0.000000000000000
11578,24537894,7453,6707700.000000000000000,0.000000000000000
11579,24537896,224,201600.000000000000000,0.000000000000000
11580,24537898,90,81000.000000000000000,0.000000000000000
11581,24537900,263,236700.000000000000000,0.000000000000000
11582,24537902,13,11700.000000000000000,0.000000000000000
11583,24537904,177,159300.000000000000000,0.000000000000000
11584,24537906,1822,1639800.000000000000000,0.000000000000000
11585,24537908,20422,18379800.000000000000000,0.000000000000000
11586,24537910,672,604800.000000000000000,0.000000000000000
11587,24537912,3121,2808900.000000000000000,0.000000000000000
11588,24537914,3611,3249900.000000000000000,0.000000000000000
11589,24537916,3413,3071700.000000000000000,0.000000000000000
11590,24537918,587,528300.000000000000000,0.000000000000000
11591,24537920,16496,14846400.000000000000000,0.000000000000000
11592,24537922,21420,19278000.000000000000000,0.000000000000000
11593,24537924,984,885600.000000000000000,0.000000000000000
11594,24537926,5479,4931100.000000000000000,0.000000000000000
11595,24537928,2056,1850400.000000000000000,0.000000000000000
11596,24537930,1723,1550700.000000000000000,0.000000000000000
11597,24537932,3164,2847600.000000000000000,0.000000000000000
11598,24537934,3447,3102300.000000000000000,0.000000000000000
11599,24537936,39,35100.000000000000000,0.000000000000000
11600,24537938,7644,6879600.000000000000000,0.000000000000000
11601,24537940,1975,1777500.000000000000000,0.000000000000000
11602,24537942,8,7200.000000000000000,0.000000000000000
11603,24537944,9669,8702100.000000000000000,0.000000000000000
11604,24537946,625,562500.000000000000000,0.000000000000000
11605,24537948,431,387900.000000000000000,0.000000000000000
11606,24537950,5,4500.000000000000000,0.000000000000000
11607,24537952,205,184500.000000000000000,0.000000000000000
11608,24537958,888,799200.000000000000000,0.000000000000000
11609,24537960,4652,4186800.000000000000000,0.000000000000000
11610,24537962,1147,1032300.000000000000000,0.000000000000000
11611,24537964,609,548100.000000000000000,0.000000000000000
11612,24537966,2092,1882800.000000000000000,0.000000000000000
11613,24537968,837,753300.000000000000000,0.000000000000000
11614,24537970,2244,2019600.000000000000000,0.000000000000000
11615,24537972,9882,8893800.000000000000000,0.000000000000000
11616,24537974,2246,2021400.000000000000000,0.000000000000000
11617,24537976,6531,5877900.000000000000000,0.000000000000000
11618,24537978,9485,8536500.000000000000000,0.000000000000000
11619,24537980,5307,4776300.000000000000000,0.000000000000000
11620,24537982,2237,2013300.000000000000000,0.000000000000000
11621,24537984,311,279900.000000000000000,0.000000000000000
11622,24537986,1961,1764900.000000000000000,0.000000000000000
11623,24537988,1364,1227600.000000000000000,0.000000000000000
11624,24537990,2779,2501100.000000000000000,0.000000000000000
11625,24537992,128,115200.000000000000000,0.000000000000000
11626,24537994,18,16200.000000000000000,0.000000000000000
11627,24537996,5434,4890600.000000000000000,0.000000000000000
11628,24537998,201,180900.000000000000000,0.000000000000000
11629,24538000,1748,1573200.000000000000000,0.000000000000000
11630,24538002,16,14400.000000000000000,0.000000000000000
11631,24538004,409,368100.000000000000000,0.000000000000000
11632,24538006,4024,3621600.000000000000000,0.000000000000000
11633,24538008,2483,2234700.000000000000000,0.000000000000000
11634,24538010,10188,9169200.000000000000000,0.000000000000000
11635,24538012,10899,9809100.000000000000000,0.000000000000000
11636,24538014,475,427500.000000000000000,0.000000000000000
11637,24538016,4161,3744900.000000000000000,0.000000000000000
11638,24538018,282,253800.000000000000000,0.000000000000000
11639,24538020,1188,1069200.000000000000000,0.000000000000000
11640,24538022,2726,2453400.000000000000000,0.000000000000000
11641,24538024,6701,6030900.000000000000000,0.000000000000000
11642,24538026,34,30600.000000000000000,0.000000000000000
11643,24538028,3375,3037500.000000000000000,0.000000000000000
11644,24538030,7776,6998400.000000000000000,0.000000000000000
11645,24538032,111,99900.000000000000000,0.000000000000000
11646,24538034,983,884700.000000000000000,0.000000000000000
11647,24538036,643,578700.000000000000000,0.000000000000000
11648,24538038,4461,4014900.000000000000000,0.000000000000000
11649,24538040,1908,1717200.000000000000000,0.000000000000000
11650,24538042,13923,12530700.000000000000000,0.000000000000000
11651,24538044,2938,2644200.000000000000000,0.000000000000000
11652,24538046,9798,8818200.000000000000000,44.000000000000000
11653,24538050,913,821700.000000000000000,0.000000000000000
11654,24538052,4763,4286700.000000000000000,0.000000000000000
11655,24538054,5117,4605300.000000000000000,8.000000000000000
11656,24538056,4706,4235400.000000000000000,0.000000000000000
11657,24538058,2068,1861200.000000000000000,0.000000000000000
11658,24538060,12081,10872900.000000000000000,0.000000000000000
11659,24538062,533,479700.000000000000000,0.000000000000000
11660,24538064,1073,965700.000000000000000,0.000000000000000
11661,24538066,16799,15119100.000000000000000,0.000000000000000
11662,24538068,249,224100.000000000000000,0.000000000000000
11663,24538070,6318,5686200.000000000000000,0.000000000000000
11664,24538072,156,140400.000000000000000,0.000000000000000
11665,24538074,130,117000.000000000000000,0.000000000000000
11666,24538076,2161,1944900.000000000000000,2.000000000000000
11667,24538078,2485,2236500.000000000000000,1.000000000000000
11668,24538080,1769,1592100.000000000000000,0.000000000000000
11669,24538082,4018,3616200.000000000000000,0.000000000000000
11670,24538084,1750,1575000.000000000000000,0.000000000000000
11671,24538086,2375,2137500.000000000000000,0.000000000000000
11672,24538088,2317,2085300.000000000000000,0.000000000000000
11673,24538090,695,625500.000000000000000,0.000000000000000
11674,24538092,1373,1235700.000000000000000,0.000000000000000
11675,24538094,4241,3816900.000000000000000,0.000000000000000
11676,24538096,12677,11409300.000000000000000,0.000000000000000
11677,24538098,14267,12840300.000000000000000,0.000000000000000
11678,24538100,7770,6993000.000000000000000,0.000000000000000
11679,24538102,4028,3625200.000000000000000,0.000000000000000
11680,24538104,643,578700.000000000000000,0.000000000000000
11681,24538106,641,576900.000000000000000,0.000000000000000
11682,24538108,546,491400.000000000000000,0.000000000000000
11683,24538110,5858,5272200.000000000000000,0.000000000000000
11684,24538112,2145,1930500.000000000000000,0.000000000000000
11685,24538114,780,702000.000000000000000,0.000000000000000
11686,24538116,11759,10583100.000000000000000,0.000000000000000
11687,24538118,12331,11097900.000000000000000,0.000000000000000
11688,24538120,26716,24044400.000000000000000,0.000000000000000
11689,24538122,7200,6480000.000000000000000,0.000000000000000
11690,24538124,1604,1443600.000000000000000,0.000000000000000
11691,24538126,16698,15028200.000000000000000,0.000000000000000
11692,24538128,1540,1386000.000000000000000,0.000000000000000
11693,24538130,9462,8515800.000000000000000,0.000000000000000
11694,24538132,23893,21503700.000000000000000,0.000000000000000
11695,24538134,14136,12722400.000000000000000,0.000000000000000
11696,24538136,2238,2014200.000000000000000,0.000000000000000
11697,24538138,4258,3832200.000000000000000,0.000000000000000
11698,24538140,3008,2707200.000000000000000,0.000000000000000
11699,24538142,6968,6271200.000000000000000,0.000000000000000
11700,24538144,14218,12796200.000000000000000,0.000000000000000
11701,24538146,695,625500.000000000000000,0.000000000000000
11702,24538148,9620,8658000.000000000000000,0.000000000000000
11703,24538150,1874,1686600.000000000000000,0.000000000000000
11704,24538152,9348,8413200.000000000000000,0.000000000000000
11705,24538154,1685,1516500.000000000000000,0.000000000000000
11706,24538156,1707,1536300.000000000000000,0.000000000000000
11707,24538158,4828,4345200.000000000000000,0.000000000000000
11708,24538160,9579,8621100.000000000000000,0.000000000000000
11709,24538164,2012,1810800.000000000000000,0.000000000000000
11710,24538166,857,771300.000000000000000,0.000000000000000
11711,24538168,15991,14391900.000000000000000,0.000000000000000
11712,24538170,108,97200.000000000000000,0.000000000000000
11713,24538172,224,201600.000000000000000,0.000000000000000
11714,24538176,14247,12822300.000000000000000,0.000000000000000
11715,24538178,18704,16833600.000000000000000,0.000000000000000
11716,24538180,9624,8661600.000000000000000,0.000000000000000
11717,24538182,3557,3201300.000000000000000,0.000000000000000
11718,24538184,27316,24584400.000000000000000,0.000000000000000
11719,24538186,4817,4335300.000000000000000,0.000000000000000
11720,24538188,8497,7647300.000000000000000,0.000000000000000
11721,24538190,6253,5627700.000000000000000,0.000000000000000
11722,24538192,2068,1861200.000000000000000,0.000000000000000
11723,24538194,995,895500.000000000000000,0.000000000000000
11724,24538198,1976,1778400.000000000000000,0.000000000000000
11725,24538200,3299,2969100.000000000000000,0.000000000000000
11726,24538202,1946,1751400.000000000000000,0.000000000000000
11727,24538206,11179,10061100.000000000000000,0.000000000000000
11728,24538210,3545,3190500.000000000000000,0.000000000000000
11729,24538212,4627,4164300.000000000000000,0.000000000000000
11730,24538214,1650,1485000.000000000000000,0.000000000000000
11731,24538216,153,137700.000000000000000,0.000000000000000
11732,24538218,899,809100.000000000000000,0.000000000000000
11733,24538220,8900,8010000.000000000000000,0.000000000000000
11734,24538222,1111,999900.000000000000000,0.000000000000000
11735,24538224,2681,2412900.000000000000000,1.000000000000000
11736,24538226,1494,1344600.000000000000000,0.000000000000000
11737,24538228,1777,1599300.000000000000000,0.000000000000000
11738,24538230,365,328500.000000000000000,0.000000000000000
11739,24538232,302,271800.000000000000000,0.000000000000000
11740,24538234,961,864900.000000000000000,0.000000000000000
11741,24538236,13,11700.000000000000000,0.000000000000000
11742,24538238,2951,2655900.000000000000000,0.000000000000000
11743,24538240,573,515700.000000000000000,0.000000000000000
11744,24538242,559,503100.000000000000000,0.000000000000000
11745,24538244,525,472500.000000000000000,0.000000000000000
11746,24538246,2125,1912500.000000000000000,0.000000000000000
11747,24538248,1579,1421100.000000000000000,0.000000000000000
11748,24538250,1404,1263600.000000000000000,0.000000000000000
11749,24538252,813,731700.000000000000000,0.000000000000000
11750,24538254,20586,18527400.000000000000000,0.000000000000000
11751,24538256,6270,5643000.000000000000000,0.000000000000000
11752,24538258,689,620100.000000000000000,0.000000000000000
11753,24538260,4221,3798900.000000000000000,0.000000000000000
11754,24538262,556,500400.000000000000000,0.000000000000000
11755,24538264,10232,9208800.000000000000000,0.000000000000000
11756,24538266,5,4500.000000000000000,0.000000000000000
11757,24538268,30,27000.000000000000000,0.000000000000000
11758,24538270,5,4500.000000000000000,0.000000000000000
11759,24538272,573,515700.000000000000000,0.000000000000000
11760,24538274,995,895500.000000000000000,0.000000000000000
11761,24538276,49,44100.000000000000000,0.000000000000000
11762,24538278,1890,1701000.000000000000000,5.000000000000000
11763,24538280,6546,5891400.000000000000000,0.000000000000000
11764,24538282,3645,3280500.000000000000000,0.000000000000000
11765,24538284,2256,2030400.000000000000000,0.000000000000000
11766,24538286,1595,1435500.000000000000000,0.000000000000000
11767,24538288,9516,8564400.000000000000000,0.000000000000000
11768,24538290,221,198900.000000000000000,0.000000000000000
11769,24538292,975,877500.000000000000000,0.000000000000000
11770,24538294,5443,4898700.000000000000000,0.000000000000000
11771,24538296,1522,1369800.000000000000000,0.000000000000000
11772,24538298,150,135000.000000000000000,0.000000000000000
11773,24538300,485,436500.000000000000000,0.000000000000000
11774,24538302,1764,1587600.000000000000000,0.000000000000000
11775,24538308,2642,2377800.000000000000000,0.000000000000000
11776,24538310,350,315000.000000000000000,0.000000000000000
11777,24538312,911,819900.000000000000000,0.000000000000000
11778,24538314,700,630000.000000000000000,0.000000000000000
11779,24538316,5842,5257800.000000000000000,0.000000000000000
11780,24538318,12062,10855800.000000000000000,12.000000000000000
11781,24538320,8714,7842600.000000000000000,0.000000000000000
11782,24538322,5480,4932000.000000000000000,0.000000000000000
11783,24538324,12934,11640600.000000000000000,0.000000000000000
11784,24538326,2876,2588400.000000000000000,0.000000000000000
11785,24538328,11870,10683000.000000000000000,0.000000000000000
11786,24538330,3602,3241800.000000000000000,0.000000000000000
11787,24538332,3523,3170700.000000000000000,0.000000000000000
11788,24538334,903,812700.000000000000000,0.000000000000000
11789,24538336,3557,3201300.000000000000000,0.000000000000000
11790,24538338,1237,1113300.000000000000000,0.000000000000000
11791,24538340,9402,8461800.000000000000000,0.000000000000000
11792,24538342,5696,5126400.000000000000000,0.000000000000000
11793,24538344,1726,1553400.000000000000000,0.000000000000000
11794,24538346,1895,1705500.000000000000000,0.000000000000000
11795,24538348,4043,3638700.000000000000000,0.000000000000000
11796,24538350,10421,9378900.000000000000000,6.000000000000000
11797,24538354,5628,5065200.000000000000000,0.000000000000000
11798,24538356,3458,3112200.000000000000000,0.000000000000000
11799,24538360,5123,4610700.000000000000000,0.000000000000000
11800,24538362,1304,1173600.000000000000000,0.000000000000000
11801,24538364,1383,1244700.000000000000000,0.000000000000000
11802,24538366,17581,15822900.000000000000000,0.000000000000000
11803,24538368,5549,4994100.000000000000000,0.000000000000000
11804,24538370,863,776700.000000000000000,2.000000000000000
11805,24538372,2035,1831500.000000000000000,0.000000000000000
11806,24538374,14845,13360500.000000000000000,0.000000000000000
11807,24538376,5426,4883400.000000000000000,0.000000000000000
11808,24538378,3146,2831400.000000000000000,0.000000000000000
11809,24538380,16977,15279300.000000000000000,0.000000000000000
11810,24538382,810,729000.000000000000000,0.000000000000000
11811,24538384,2425,2182500.000000000000000,0.000000000000000
11812,24538386,364,327600.000000000000000,0.000000000000000
11813,24538388,372,334800.000000000000000,0.000000000000000
11814,24538390,4904,4413600.000000000000000,0.000000000000000
11815,24538392,3147,2832300.000000000000000,0.000000000000000
11816,24538394,1539,1385100.000000000000000,0.000000000000000
11817,24538396,1435,1291500.000000000000000,0.000000000000000
11818,24538398,6370,5733000.000000000000000,0.000000000000000
11819,24538404,3888,3499200.000000000000000,0.000000000000000
11820,24538406,3915,3523500.000000000000000,0.000000000000000
11821,24538408,22652,20386800.000000000000000,0.000000000000000
11822,24538410,987,888300.000000000000000,0.000000000000000
11823,24538412,3260,2934000.000000000000000,0.000000000000000
11824,24538414,1513,1361700.000000000000000,0.000000000000000
11825,24538416,291,261900.000000000000000,0.000000000000000
11826,24538418,767,690300.000000000000000,0.000000000000000
11827,24538420,702,631800.000000000000000,0.000000000000000
11828,24538422,2276,2048400.000000000000000,0.000000000000000
11829,24538426,2679,2411100.000000000000000,0.000000000000000
11830,24538428,874,786600.000000000000000,0.000000000000000
11831,24538432,2652,2386800.000000000000000,0.000000000000000
11832,24538436,209,188100.000000000000000,0.000000000000000
11833,24538438,1397,1257300.000000000000000,0.000000000000000
11834,24538440,2711,2439900.000000000000000,0.000000000000000
11835,24538442,172,154800.000000000000000,0.000000000000000
11836,24538444,6071,5463900.000000000000000,0.000000000000000
11837,24538446,4501,4050900.000000000000000,0.000000000000000
11838,24538448,5441,4896900.000000000000000,0.000000000000000
11839,24538450,4192,3772800.000000000000000,0.000000000000000
11840,24538454,6355,5719500.000000000000000,0.000000000000000
11841,24538456,87,78300.000000000000000,0.000000000000000
11842,24538458,141,126900.000000000000000,0.000000000000000
11843,24538460,31,27900.000000000000000,0.000000000000000
11844,24538464,3442,3097800.000000000000000,0.000000000000000
11845,24538466,3925,3532500.000000000000000,0.000000000000000
11846,24538468,3430,3087000.000000000000000,0.000000000000000
11847,24538470,2091,1881900.000000000000000,0.000000000000000
11848,24538472,1916,1724400.000000000000000,0.000000000000000
11849,24538474,5340,4806000.000000000000000,0.000000000000000
11850,24538476,6450,5805000.000000000000000,0.000000000000000
11851,24538480,2272,2044800.000000000000000,0.000000000000000
11852,24538482,362,325800.000000000000000,0.000000000000000
11853,24538484,4808,4327200.000000000000000,0.000000000000000
11854,24538486,416,374400.000000000000000,0.000000000000000
11855,24538488,541,486900.000000000000000,0.000000000000000
11856,24538490,1890,1701000.000000000000000,0.000000000000000
11857,24538492,396,356400.000000000000000,0.000000000000000
11858,24538494,813,731700.000000000000000,0.000000000000000
11859,24538496,499,449100.000000000000000,0.000000000000000
11860,24538498,3143,2828700.000000000000000,0.000000000000000
11861,24538500,290,261000.000000000000000,0.000000000000000
11862,24538502,643,578700.000000000000000,0.000000000000000
11863,24538504,2282,2053800.000000000000000,0.000000000000000
11864,24538506,1611,1449900.000000000000000,0.000000000000000
11865,24538508,1164,1047600.000000000000000,0.000000000000000
11866,24538512,3060,2754000.000000000000000,0.000000000000000
11867,24538514,2061,1854900.000000000000000,0.000000000000000
11868,24538516,7227,6504300.000000000000000,0.000000000000000
11869,24538518,814,732600.000000000000000,0.000000000000000
11870,24538522,2387,2148300.000000000000000,0.000000000000000
11871,24538526,2030,1827000.000000000000000,0.000000000000000
11872,24538528,1357,1221300.000000000000000,0.000000000000000
11873,24538530,2068,1861200.000000000000000,0.000000000000000
11874,24538532,2515,2263500.000000000000000,0.000000000000000
11875,24538534,2786,2507400.000000000000000,0.000000000000000
11876,24538536,6576,5918400.000000000000000,0.000000000000000
11877,24538538,2659,2393100.000000000000000,0.000000000000000
11878,24538540,4368,3931200.000000000000000,0.000000000000000
11879,24538542,1292,1162800.000000000000000,0.000000000000000
11880,24538544,6383,5744700.000000000000000,0.000000000000000
11881,24538546,2447,2202300.000000000000000,0.000000000000000
11882,24538548,892,802800.000000000000000,0.000000000000000
11883,24538550,1267,1140300.000000000000000,0.000000000000000
11884,24538552,2489,2240100.000000000000000,0.000000000000000
11885,24538554,415,373500.000000000000000,0.000000000000000
11886,24538556,2959,2663100.000000000000000,0.000000000000000
11887,24538558,2798,2518200.000000000000000,0.000000000000000
11888,24538560,2667,2400300.000000000000000,0.000000000000000
11889,24538562,3219,2897100.000000000000000,0.000000000000000
11890,24538564,1085,976500.000000000000000,0.000000000000000
11891,24538566,1207,1086300.000000000000000,0.000000000000000
11892,24538568,9747,8772300.000000000000000,0.000000000000000
11893,24538572,1723,1550700.000000000000000,0.000000000000000
11894,24538574,5910,5319000.000000000000000,0.000000000000000
11895,24538576,532,478800.000000000000000,0.000000000000000
11896,24538578,1449,1304100.000000000000000,0.000000000000000
11897,24538580,2544,2289600.000000000000000,0.000000000000000
11898,24538582,5596,5036400.000000000000000,0.000000000000000
11899,24538584,1439,1295100.000000000000000,0.000000000000000
11900,24538586,2929,2636100.000000000000000,0.000000000000000
11901,24538588,2735,2461500.000000000000000,0.000000000000000
11902,24538590,2348,2113200.000000000000000,0.000000000000000
11903,24538592,5620,5058000.000000000000000,0.000000000000000
11904,24538594,2546,2291400.000000000000000,0.000000000000000
11905,24538596,1240,1116000.000000000000000,0.000000000000000
11906,24538598,4905,4414500.000000000000000,0.000000000000000
11907,24538600,1145,1030500.000000000000000,0.000000000000000
11908,24538602,2005,1804500.000000000000000,0.000000000000000
11909,24538604,5302,4771800.000000000000000,0.000000000000000
11910,24538606,3804,3423600.000000000000000,0.000000000000000
11911,24538608,4309,3878100.000000000000000,0.000000000000000
11912,24538610,1034,930600.000000000000000,0.000000000000000
11913,24538612,3927,3534300.000000000000000,0.000000000000000
11914,24538614,3319,2987100.000000000000000,0.000000000000000
11915,24538616,1969,1772100.000000000000000,0.000000000000000
11916,24538618,1959,1763100.000000000000000,0.000000000000000
11917,24538620,823,740700.000000000000000,0.000000000000000
11918,24538622,258,232200.000000000000000,0.000000000000000
11919,24538624,625,562500.000000000000000,0.000000000000000
11920,24538626,685,616500.000000000000000,0.000000000000000
11921,24538628,56,50400.000000000000000,0.000000000000000
11922,24538630,69,62100.000000000000000,0.000000000000000
11923,24538632,1108,997200.000000000000000,0.000000000000000
11924,24538634,2857,2571300.000000000000000,0.000000000000000
11925,24538636,1885,1696500.000000000000000,0.000000000000000
11926,24538638,1304,1173600.000000000000000,0.000000000000000
11927,24538640,2729,2456100.000000000000000,0.000000000000000
11928,24538642,1060,954000.000000000000000,0.000000000000000
11929,24538644,1451,1305900.000000000000000,0.000000000000000
11930,24538646,2337,2103300.000000000000000,0.000000000000000
11931,24538648,1217,1095300.000000000000000,0.000000000000000
11932,24538650,1509,1358100.000000000000000,0.000000000000000
11933,24538652,3007,2706300.000000000000000,0.000000000000000
11934,24538654,13536,12182400.000000000000000,0.000000000000000
11935,24538656,5290,4761000.000000000000000,0.000000000000000
11936,24538658,11491,10341900.000000000000000,0.000000000000000
11937,24538660,772,694800.000000000000000,0.000000000000000
11938,24538662,211,189900.000000000000000,0.000000000000000
11939,24538664,591,531900.000000000000000,0.000000000000000
11940,24538666,316,284400.000000000000000,0.000000000000000
11941,24538668,2072,1864800.000000000000000,0.000000000000000
11942,24538670,2221,1998900.000000000000000,0.000000000000000
11943,24538674,1998,1798200.000000000000000,0.000000000000000
11944,24538676,231,207900.000000000000000,0.000000000000000
11945,24538678,2,1800.000000000000000,0.000000000000000
11946,24538680,731,657900.000000000000000,0.000000000000000
11947,24538682,20,18000.000000000000000,0.000000000000000
11948,24538684,328,295200.000000000000000,0.000000000000000
11949,24538686,2745,2470500.000000000000000,0.000000000000000
11950,24538688,25,22500.000000000000000,0.000000000000000
11951,24538696,3651,3285900.000000000000000,0.000000000000000
11952,24538698,56,50400.000000000000000,0.000000000000000
11953,24538700,796,716400.000000000000000,0.000000000000000
11954,24538724,11,9900.000000000000000,0.000000000000000
11955,24538726,900,810000.000000000000000,0.000000000000000
11956,24538730,54,48600.000000000000000,0.000000000000000
11957,24538732,24192,21772800.000000000000000,0.000000000000000
11958,24538734,44,39600.000000000000000,0.000000000000000
11959,24538736,8,7200.000000000000000,0.000000000000000
11960,24538738,390,351000.000000000000000,0.000000000000000
11961,24538740,144,129600.000000000000000,0.000000000000000
11962,24538742,58,52200.000000000000000,0.000000000000000
11963,24538744,114,102600.000000000000000,0.000000000000000
11964,24538746,778,700200.000000000000000,0.000000000000000
11965,24538748,246,221400.000000000000000,0.000000000000000
11966,25184464,4495,4045500.000000000000000,0.000000000000000
11967,25184466,30,27000.000000000000000,0.000000000000000
11968,25184468,47,42300.000000000000000,0.000000000000000
11969,25184470,127,114300.000000000000000,0.000000000000000
11970,25184472,739,665100.000000000000000,0.000000000000000
11971,25184480,3,2700.000000000000000,0.000000000000000
11972,25184482,4,3600.000000000000000,0.000000000000000
11973,25184484,1,900.000000000000000,0.000000000000000
11974,25184486,3,2700.000000000000000,0.000000000000000
11975,25185479,103,92700.000000000000000,2.000000000000000
11976,947110002,51,45900.000000000000000,0.000000000000000
11977,947110003,1,900.000000000000000,0.000000000000000
11978,947110004,13229,11906100.000000000000000,0.000000000000000
11979,947110005,2,1800.000000000000000,0.000000000000000
11980,947110006,82,73800.000000000000000,0.000000000000000
11981,947110007,7,6300.000000000000000,0.000000000000000
11982,947110045,1301,1170900.000000000000000,0.000000000000000
11983,947110046,1251,1125900.000000000000000,0.000000000000000
11984,947110047,214,192600.000000000000000,0.000000000000000
11985,947110048,12693,11423700.000000000000000,0.000000000000000
11986,947110050,200,180000.000000000000000,0.000000000000000
11987,947110051,681,612900.000000000000000,0.000000000000000
11988,947110052,1294,1164600.000000000000000,0.000000000000000
11989,947110053,2565,2308500.000000000000000,0.000000000000000
11990,947110054,41,36900.000000000000000,0.000000000000000
11991,947110055,504,453600.000000000000000,0.000000000000000
11992,947110056,59,53100.000000000000000,0.000000000000000
11993,947110057,118,106200.000000000000000,0.000000000000000
11994,947110058,1292,1162800.000000000000000,0.000000000000000
11995,947110059,191,171900.000000000000000,0.000000000000000
11996,947110060,301,270900.000000000000000,0.000000000000000
11997,947110061,92,82800.000000000000000,0.000000000000000
11998,947110062,78,70200.000000000000000,0.000000000000000
11999,947110063,86,77400.000000000000000,0.000000000000000
12000,947110064,876,788400.000000000000000,0.000000000000000
12001,947110065,5,4500.000000000000000,0.000000000000000
12002,947110066,328,295200.000000000000000,0.000000000000000
12003,947110067,635,571500.000000000000000,0.000000000000000
12004,947110068,288,259200.000000000000000,0.000000000000000
12005,947110069,14,12600.000000000000000,0.000000000000000
12006,947110070,401,360900.000000000000000,0.000000000000000
12007,947110071,246,221400.000000000000000,0.000000000000000
12008,947110072,559,503100.000000000000000,0.000000000000000
12009,947110073,6209,5588100.000000000000000,0.000000000000000
12010,947110074,443,398700.000000000000000,0.000000000000000
12011,947110075,6280,5652000.000000000000000,0.000000000000000
12012,947110076,726,653400.000000000000000,0.000000000000000
12013,947110077,223,200700.000000000000000,0.000000000000000
12014,947110078,225,202500.000000000000000,0.000000000000000
12015,947110079,740,666000.000000000000000,0.000000000000000
12016,947110080,1120,1008000.000000000000000,0.000000000000000
12017,947110081,513,461700.000000000000000,0.000000000000000
12018,947110082,79,71100.000000000000000,0.000000000000000
12019,947110083,362,325800.000000000000000,0.000000000000000
12020,947110084,385,346500.000000000000000,0.000000000000000
12021,947110085,5,4500.000000000000000,0.000000000000000
12022,947110086,394,354600.000000000000000,0.000000000000000
12023,947110087,763,686700.000000000000000,0.000000000000000
12024,947110088,189,170100.000000000000000,0.000000000000000
12025,947110089,1513,1361700.000000000000000,0.000000000000000
12026,947110090,530,477000.000000000000000,0.000000000000000
12027,947110091,265,238500.000000000000000,0.000000000000000
12028,947110092,194,174600.000000000000000,0.000000000000000
12029,947110093,240,216000.000000000000000,0.000000000000000
12030,947110094,63,56700.000000000000000,0.000000000000000
12031,947110095,384,345600.000000000000000,0.000000000000000
12032,947110096,521,468900.000000000000000,0.000000000000000
12033,947110097,654,588600.000000000000000,0.000000000000000
12034,947110099,1112,1000800.000000000000000,0.000000000000000
12035,947110101,50,45000.000000000000000,0.000000000000000
12036,947110102,2384,2145600.000000000000000,0.000000000000000
12037,947110103,182,163800.000000000000000,0.000000000000000
12038,947110104,312,280800.000000000000000,0.000000000000000
12039,947110105,658,592200.000000000000000,0.000000000000000
12040,947110106,56,50400.000000000000000,0.000000000000000
12041,947110107,687,618300.000000000000000,0.000000000000000
12042,947110108,507,456300.000000000000000,0.000000000000000
12043,947110109,30,27000.000000000000000,0.000000000000000
12044,947110110,1028,925200.000000000000000,0.000000000000000
12045,947110111,579,521100.000000000000000,0.000000000000000
12046,947110112,349,314100.000000000000000,0.000000000000000
12047,947110113,249,224100.000000000000000,0.000000000000000
12048,947110114,15,13500.000000000000000,0.000000000000000
12049,947110115,248,223200.000000000000000,0.000000000000000
12050,947110116,3,2700.000000000000000,0.000000000000000
12051,947110118,212,190800.000000000000000,0.000000000000000
12052,947110119,479,431100.000000000000000,0.000000000000000
12053,947110120,14,12600.000000000000000,0.000000000000000
12054,947110121,616,554400.000000000000000,0.000000000000000
12055,947110122,429,386100.000000000000000,0.000000000000000
12056,947110123,16,14400.000000000000000,0.000000000000000
12057,947110124,565,508500.000000000000000,0.000000000000000
12058,947110125,105,94500.000000000000000,0.000000000000000
12059,947110126,562,505800.000000000000000,0.000000000000000
12060,947110127,790,711000.000000000000000,0.000000000000000
12061,947110128,210,189000.000000000000000,0.000000000000000
12062,947110129,216,194400.000000000000000,0.000000000000000
12063,947110130,89,80100.000000000000000,0.000000000000000
12064,947110131,87,78300.000000000000000,0.000000000000000
12065,947110132,430,387000.000000000000000,0.000000000000000
12066,947110133,114,102600.000000000000000,0.000000000000000
12067,947110134,170,153000.000000000000000,0.000000000000000
12068,947110135,4,3600.000000000000000,0.000000000000000
12069,947110136,857,771300.000000000000000,0.000000000000000
12070,947110137,1269,1142100.000000000000000,0.000000000000000
12071,947110138,2129,1916100.000000000000000,0.000000000000000
12072,947110139,1095,985500.000000000000000,0.000000000000000
12073,947110140,164,147600.000000000000000,0.000000000000000
12074,947110141,84,75600.000000000000000,0.000000000000000
12075,947110142,3023,2720700.000000000000000,0.000000000000000
12076,947110143,1899,1709100.000000000000000,0.000000000000000
12077,947110144,621,558900.000000000000000,0.000000000000000
12078,947110145,421,378900.000000000000000,0.000000000000000
12079,947110146,1670,1503000.000000000000000,0.000000000000000
12080,947110147,65,58500.000000000000000,0.000000000000000
12081,947110148,5,4500.000000000000000,0.000000000000000
12082,947110150,4,3600.000000000000000,0.000000000000000
12083,947110151,2427,2184300.000000000000000,0.000000000000000
12084,947110152,4948,4453200.000000000000000,0.000000000000000
12085,947110153,775,697500.000000000000000,0.000000000000000
12086,947110154,3134,2820600.000000000000000,0.000000000000000
12087,947110155,14,12600.000000000000000,0.000000000000000
12088,947110157,59,53100.000000000000000,0.000000000000000
12089,947110158,2373,2135700.000000000000000,0.000000000000000
12090,947110159,1115,1003500.000000000000000,0.000000000000000
12091,947110160,1130,1017000.000000000000000,0.000000000000000
12092,947110161,201,180900.000000000000000,0.000000000000000
12093,947110162,449,404100.000000000000000,0.000000000000000
12094,947110163,156,140400.000000000000000,0.000000000000000
12095,947110164,77,69300.000000000000000,0.000000000000000
12096,947110165,17,15300.000000000000000,0.000000000000000
12097,947110166,680,612000.000000000000000,14.000000000000000
12098,947110167,589,530100.000000000000000,0.000000000000000
12099,947110168,2725,2452500.000000000000000,17.000000000000000
12100,947110169,409,368100.000000000000000,0.000000000000000
12101,947110170,543,488700.000000000000000,0.000000000000000
12102,947110171,497,447300.000000000000000,0.000000000000000
12103,947110172,117,105300.000000000000000,0.000000000000000
12104,947110173,52,46800.000000000000000,0.000000000000000
12105,947110174,4039,3635100.000000000000000,0.000000000000000
12106,947110175,10050,9045000.000000000000000,0.000000000000000
12107,947110176,4689,4220100.000000000000000,0.000000000000000
12108,947110177,5335,4801500.000000000000000,0.000000000000000
12109,947110178,5052,4546800.000000000000000,0.000000000000000
12110,947110179,1687,1518300.000000000000000,0.000000000000000
12111,947110180,44025,39622500.000000000000000,0.000000000000000
12112,947110181,4518,4066200.000000000000000,0.000000000000000
12113,947110182,5291,4761900.000000000000000,0.000000000000000
12114,947110183,2635,2371500.000000000000000,0.000000000000000
12115,947110184,101,90900.000000000000000,0.000000000000000
12116,947110185,1956,1760400.000000000000000,0.000000000000000
12117,947110186,5932,5338800.000000000000000,0.000000000000000
12118,947110187,6767,6090300.000000000000000,0.000000000000000
12119,947110188,11842,10657800.000000000000000,338.000000000000000
12120,947110189,135,121500.000000000000000,0.000000000000000
12121,947110190,5607,5046300.000000000000000,0.000000000000000
12122,947110191,3079,2771100.000000000000000,0.000000000000000
12123,947110192,332,298800.000000000000000,0.000000000000000
12124,947110193,166,149400.000000000000000,0.000000000000000
12125,947110194,5957,5361300.000000000000000,0.000000000000000
12126,947110195,979,881100.000000000000000,0.000000000000000
12127,947110196,4824,4341600.000000000000000,0.000000000000000
12128,947110197,2682,2413800.000000000000000,0.000000000000000
12129,947110198,615,553500.000000000000000,0.000000000000000
12130,947110199,577,519300.000000000000000,0.000000000000000
12131,947110200,8685,7816500.000000000000000,0.000000000000000
12132,947110201,6109,5498100.000000000000000,213.000000000000000
12133,947110202,7702,6931800.000000000000000,0.000000000000000
12134,947110203,140,126000.000000000000000,0.000000000000000
12135,947110204,11487,10338300.000000000000000,0.000000000000000
12136,947110205,527,474300.000000000000000,0.000000000000000
12137,947110207,645,580500.000000000000000,0.000000000000000
12138,947110238,25,22500.000000000000000,0.000000000000000
12139,947110239,51,45900.000000000000000,0.000000000000000
12140,947110240,21,18900.000000000000000,0.000000000000000
12141,947110242,15,13500.000000000000000,0.000000000000000
12142,947110244,697,627300.000000000000000,75.000000000000000
12143,947110246,8174,7356600.000000000000000,1035.000000000000000
12144,947110248,4590,4131000.000000000000000,0.000000000000000
12145,947110254,9367,8430300.000000000000000,0.000000000000000
12146,947110255,1216,1094400.000000000000000,0.000000000000000
12147,947110256,38,34200.000000000000000,0.000000000000000
12148,947110257,45,40500.000000000000000,0.000000000000000
12149,947110259,1302,1171800.000000000000000,0.000000000000000
12150,947110265,388,349200.000000000000000,0.000000000000000
12151,947110266,9987,8988300.000000000000000,0.000000000000000