"","COMID","HUC_12","IncAreaKm2","urban_km2","StateAbbrev","Enhanced_Biofiltration_w_ISR_FracImplement","Enhanced_Biofiltration_w_ISR_areaac","Gravel_Wetland_FracImplement","Gravel_Wetland_areaac","Porous_Pavement_w_underdrain_FracImplement","Porous_Pavement_w_underdrain_areaac"
"1",6105377,"010802070301",3.245032,0.0142781408,"MA",0,0,1,3.528199982384,0,0
"2",6105379,"010802070302",7.294964,0.0087539568,"MA",0,0,1,2.163146495064,0,0
"3",6105387,"010802070301",0.394573,0.0018150358,"MA",0.9,0.4036539792231,0,0,0.1,0.0448504421359
"4",6105403,"010802070301",4.419815,0.000883963,"MA",1,0.218431677115,0,0,0,0
"5",6105409,"010802070502",5.891473,0.0312248069,"CT",0,0,1,7.7158059090245,0,0
"6",6105411,"010802070502",4.885991,0.0205211622,"CT",0,0,1,5.070881785431,0,0
"7",6105421,"010802070502",2.607626,0.0099089788,"CT",0.9,2.2037023857366,0,0,0.1,0.2448558206374
"8",6105423,"010802070502",2.553372,0.0234910224,"CT",0,0,1,5.804749090152,0,0
"9",6105425,"010802070204",3.728089,0.0007456178,"CT",1,0.184245886469,0,0,0,0
"10",6105435,"010802070502",0.441012,0.000882024,"CT",0.9,0.196157286468,0,0,0.1,0.021795254052
"11",6105437,"010802070502",1.863328,0.0162109536,"CT",1,4.005807689328,0,0,0,0
"12",6105443,"010802070502",4.451771,0.0596537314,"CT",0,0,1,14.740735297597,0,0
"13",6105445,"010802070502",6.882346,0.0289058532,"CT",0.9,6.4285027694874,0,0,0.1,0.7142780854986
"14",6105447,"010802070502",3.563762,0.0163933052,"CT",0,0,1,4.050867681446,0,0
"15",6105449,"010802070502",0.104133,0.0008851305,"CT",0.9,0.19684815498225,0,0,0.1,0.02187201722025
"16",6105451,"010802070302",1.898057,0.0017082513,"CT",0.9,0.37990569373785,0,0,0.1,0.04221174374865
"17",6105945,"010802070302",1.636196,0.008999078,"MA",1,2.22371716919,0,0,0,0
"18",6105947,"010802070301",1.949368,0.0035088624,"MA",0.9,0.7803516990168,0,0,0.1,0.0867057443352
"19",6105953,"010802070302",1.760482,0.001760482,"CT",1,0.43502390461,0,0,0,0
"20",6105967,"010802070502",9.784937,0.1409030928,"CT",0,0,1,34.817858746344,0,0
"21",6106003,"010802070302",0.819622,0.0036063368,"CT",0.9,0.8020294694676,0,0,0.1,0.0891143854964
"22",6106949,"010802070202",4.965678,0.0069519492,"MA",0,0,1,1.717861407066,0,0
"23",6106951,"010802070202",9.406246,0.0432687316,"MA",0,0,1,10.691919922018,0,0
"24",6106953,"010802070202",0.154043,0.0197020997,"MA",1,4.8684873463685,0,0,0,0
"25",6106955,"010802070202",1.107843,0.0334568586,"MA",0.9,7.4406213399177,0,0,0.1,0.8267357044353
"26",6106973,"010802070202",8.730264,0.0471434256,"MA",0,0,1,11.649376182888,0,0
"27",6106979,"010802070202",11.168807,0.0994023823,"MA",0,0,1,24.5628256782415,0,0
"28",6106983,"010802070202",8.188192,0.0114634688,"MA",0,0,1,2.832680457824,0,0
"29",6106985,"010802070202",0.621426,0.0134849442,"MA",0.9,2.9989774228869,0,0,0.1,0.3332197136541
"30",6106987,"010802070202",1.685906,0.0035404026,"MA",0.9,0.7873660660257,0,0,0.1,0.0874851184473
"31",6106989,"010802070202",1.80112,0.0090056,"MA",0.9,2.0027959092,0,0,0.1,0.2225328788
"32",6106991,"010802070201",5.111115,0.0322000245,"MA",0,0,1,7.9567870540725,0,0
"33",6106997,"010802070202",2.023268,0.0026302484,"MA",0.9,0.5849527777938,0,0,0.1,0.0649947530882
"34",6106999,"010802070203",3.298,0.0135218,"MA",0,0,1,3.341304389,0,0
"35",6107007,"010802070202",1.084369,0.0062893402,"MA",1,1.554127410121,0,0,0,0
"36",6107011,"010802070203",0.286179,0.0008871549,"MA",1,0.2192204115645,0,0,0,0
"37",6107015,"010802070203",3.856329,0.0026994303,"MA",0,0,1,0.6670427242815,0,0
"38",6107023,"010802070203",3.871652,0.0027101564,"MA",0,0,1,0.669693197222,0,0
"39",6107027,"010802070203",15.563775,0.0015563775,"MA",0.9,0.34612979592375,0,0,0.1,0.03845886621375
"40",6107029,"010802070203",9.307857,0.0102386427,"MA",0.9,2.27701782394515,0,0,0.1,0.25300198043835
"41",6107031,"010802070203",0.062732,0,"MA",0.9,0,0,0,0.1,0
"42",6107033,"010802070301",3.377193,0.0064166667,"MA",1,1.5855904249035,0,0,0,0
"43",6107035,"010802070203",1.04053,0.003641855,"MA",0.9,0.8099285217975,0,0,0.1,0.0899920579775
"44",6107037,"010802070203",8.222568,0.0131561088,"MA",0,0,1,3.250940265024,0,0
"45",6107039,"010802070203",2.767019,0.0088544608,"MA",1,2.187981535984,0,0,0,0
"46",6107047,"010802070204",1.400987,0.0018212831,"MA",1,0.4500481604255,0,0,0,0
"47",6107055,"010802070204",1.358045,0.00271609,"MA",1,0.67115941945,0,0,0,0
"48",6107063,"010802070204",9.214557,0.0119789241,"MA",0,0,1,2.9600520397305,0,0
"49",6107079,"010802070102",0.713526,0.001783815,"CT",1,0.440789605575,0,0,0,0
"50",6107081,"010802070102",0.070217,0.0008917559,"CT",1,0.2203573416695,0,0,0,0
"51",6107083,"010802070102",6.208221,0.0173830188,"CT",0.9,3.8658877745166,0,0,0.1,0.4295430860574
"52",6107089,"010802070102",1.47998,0.006363914,"CT",1,1.57255496897,0,0,0,0
"53",6107093,"010802070204",0.051294,0.0008822568,"CT",0.9,0.1962090599076,0,0,0.1,0.0218010066564
"54",6107101,"010802070102",8.404219,0.0033616876,"CT",0,0,1,0.830689814398,0,0
"55",6107139,"010802070202",1.071653,0.0090018852,"MA",1,2.224410842346,0,0,0,0
"56",6107143,"010802070202",0.286908,0.0026969352,"MA",1,0.666426172596,0,0,0,0
"57",6107145,"010802070202",29.652029,0.0711648696,"MA",0,0,1,17.585195102508,0,0
"58",6107147,"010802070204",9.027292,0.0162491256,"MA",0.9,3.6137161632492,0,0,0.1,0.4015240181388
"59",6107151,"010802070202",0.60958,0.008168372,"MA",1,2.01844556306,0,0,0,0
"60",6107153,"010802070202",7.315994,0.2289906122,"MA",0,0,1,56.584725227681,0,0
"61",6107161,"010802070202",0.700601,0.0035730651,"MA",1,0.8829222515355,0,0,0,0
"62",6107165,"010802070202",0.385932,0.0062906916,"MA",1,1.554461347818,0,0,0,0
"63",6107171,"010802070202",1.753127,0.0063112572,"MA",0,0,1,1.559543210406,0,0
"64",6107173,"010802070201",6.090809,0.018272427,"MA",0.9,4.0636872664515,0,0,0.1,0.4515208073835
"65",6107179,"010802070201",2.103186,0.0279723738,"MA",0.9,6.2209020850641,0,0,0.1,0.6912113427849
"66",6107185,"010802070201",15.022155,0.072106344,"MA",0,0,1,17.81783813412,0,0
"67",6107195,"010802070301",1.4488,0.00086928,"MA",1,0.2148034344,0,0,0,0
"68",6107201,"010802070204",0.218945,0.0008976745,"MA",1,0.2218198573225,0,0,0,0
"69",6107207,"010802070204",5.187697,0.0072627758,"CT",0,0,1,1.794668214059,0,0
"70",6107209,"010802070102",0.964982,0.0198786292,"CT",1,4.912108668466,0,0,0,0
"71",6107211,"010802070204",8.737921,0.0183496341,"CT",0.9,4.08085770085245,0,0,0.1,0.45342863342805
"72",6107217,"010802070201",4.811355,0.097189371,"MA",0,0,1,24.015979520955,0,0
"73",6107219,"010802070201",1.596399,0.0108555132,"MA",0.9,2.4142064303574,0,0,0.1,0.2682451589286
"74",6107223,"010802070202",1.223301,0.0018349515,"MA",0.9,0.40808312136675,0,0,0.1,0.04534256904075
"75",6107227,"010802070202",0.842264,0.0062327536,"MA",0.9,1.3861301204952,0,0,0.1,0.1540144578328
"76",6107229,"010802070202",0.961746,0.007213095,"MA",1,1.782391839975,0,0,0,0
"77",6109047,"010802070502",0.452624,0.0432708544,"CT",1,10.692444476512,0,0,0,0
"78",6109049,"010802070501",2.316013,0.0090324507,"CT",1,2.2319637302235,0,0,0,0
"79",6109051,"010802070501",1.798209,0.0098901495,"CT",1,2.4439053921975,0,0,0,0
"80",6109053,"010802070502",1.137472,0.2004225664,"CT",1,49.525418270272,0,0,0,0
"81",6109055,"010802070502",0.293317,0.0367819518,"CT",1,9.089004199539,0,0,0,0
"82",6109057,"010802070302",2.326585,0.002791902,"CT",1,0.68989294371,0,0,0,0
"83",6109059,"010802070502",3.535894,0.240440792,"CT",1,59.41412190716,0,0,0,0
"84",6109063,"010802070502",2.320369,0.2246117192,"CT",1,55.502678872916,0,0,0,0
"85",6109067,"010802070502",5.513427,0.0628530678,"CT",0.9,13.9781765868471,0,0,0.1,1.5531307318719
"86",6109069,"010802070501",2.670466,0.0045397922,"CT",0.9,1.0096248164229,0,0,0.1,0.1121805351581
"87",6109071,"010802070502",10.574033,0.888218772,"CT",0,0,1,219.48329965506,0,0
"88",6109073,"010802070502",1.662618,0.1152194274,"CT",1,28.471296607677,0,0,0,0
"89",6109075,"010802070502",24.530113,2.7081244752,"CT",0.9,602.271988599867,0,0,0.1,66.9191098444296
"90",6109077,"010802070502",0.11406,0.015033108,"CT",0.9,3.343280537106,0,0,0.1,0.371475615234
"91",6109079,"010802070502",0.272564,0.0108207908,"CT",0.9,2.4064843595706,0,0,0.1,0.2673871510634
"92",6109081,"010802070501",2.066457,0.0152917818,"CT",1,3.778675741689,0,0,0,0
"93",6109083,"010802070502",3.989013,0.1683363486,"CT",0.9,37.4370780787227,0,0,0.1,4.1596753420803
"94",6109085,"010802070501",6.561674,0.0741469162,"CT",0,0,1,18.322073727601,0,0
"95",6109087,"010802070501",2.827654,0.2378057014,"CT",1,58.762977844447,0,0,0,0
"96",6109089,"010802070501",1.705171,0.1212376581,"CT",1,29.9584315048005,0,0,0,0
"97",6109093,"010802070302",4.372238,0.0026233428,"CT",0.9,0.5834170103346,0,0,0.1,0.0648241122594
"98",6109095,"010802070501",1.659613,0.1574972737,"CT",1,38.9183638176385,0,0,0,0
"99",6109097,"010802070501",5.325828,0.0074561592,"CT",0.9,1.6582087972044,0,0,0.1,0.1842454219116
"100",6109099,"010802070501",1.358832,0.3401156496,"CT",0.9,75.6398498349672,0,0,0.1,8.4044277594408
"101",6109101,"010802070502",0.106575,0.016732275,"CT",0.9,3.7211659324875,0,0,0.1,0.4134628813875
"102",6109105,"010802070501",1.074781,0.0072010327,"CT",1,1.7794111853335,0,0,0,0
"103",6109107,"010802070501",4.25012,0.15300432,"CT",0.9,34.02731924424,0,0,0.1,3.78081324936
"104",6109109,"010802070502",2.053671,0.8648008581,"CT",0.9,192.32695443672,0,0,0.1,21.3696616040801
"105",6109111,"010802070502",10.155097,0.6357090722,"CT",0,0,1,157.086890285981,0,0
"106",6109113,"010802070501",4.345183,0.0091248843,"CT",0,0,1,2.2548045349515,0,0
"107",6109117,"010802070302",4.220368,0.0037983312,"CT",1,0.938586631176,0,0,0,0
"108",6109121,"010802070602",2.017194,0.7881176958,"CT",1,194.747823220659,0,0,0,0
"109",6109125,"010802070204",0.64977,0.000909678,"CT",1,0.22478598219,0,0,0,0
"110",6109131,"010802070602",2.928705,0.1033832865,"CT",0.9,22.9918743095243,0,0,0.1,2.55465270105825
"111",6109135,"010802070602",1.001445,0.1140645855,"CT",1,28.1859293999775,0,0,0,0
"112",6109137,"010802070204",0.199465,0.0026927775,"CT",1,0.6653987841375,0,0,0,0
"113",6109139,"010802070602",0.285451,0.0648259221,"CT",0.9,14.4169285324685,0,0,0.1,1.60188094805205
"114",6109141,"010802070302",0.298177,0.0062915347,"CT",0.9,1.39920271383915,0,0,0.1,0.15546696820435
"115",6109145,"010802070501",12.997987,0.2222655777,"CT",0,0,1,54.9229355775585,0,0
"116",6109147,"010802070204",3.869446,0.065780582,"CT",0.9,14.629239643599,0,0,0.1,1.625471071511
"117",6109149,"010802070602",0.336553,0.0983407866,"CT",1,24.300500072793,0,0,0,0
"118",6109151,"010802070402",4.492064,0.017968256,"CT",0,0,1,4.44004589888,0,0
"119",6109153,"010802070402",10.672419,0.0288155313,"CT",0,0,1,7.1204618618865,0,0
"120",6109159,"010802070602",4.789544,0.6341356256,"CT",0,0,1,156.698083763888,0,0
"121",6109163,"010802070302",6.419198,0.0179737544,"CT",0.9,3.9972641229108,0,0,0.1,0.4441404581012
"122",6109165,"010802070204",0.310405,0.0180345305,"CT",0.9,4.01078039328225,0,0,0.1,0.44564226592025
"123",6109167,"010802070204",0.072074,0.0072074,"CT",1,1.780984577,0,0,0,0
"124",6109169,"010802070204",4.151265,0.0568723305,"CT",1,14.0534372282025,0,0,0,0
"125",6109171,"010802070602",5.974436,0.3578687164,"CT",0.9,79.5880342494198,0,0,0.1,8.8431149166022
"126",6109173,"010802070302",0.674135,0.0008763755,"CT",0.9,0.19490109113475,0,0,0.1,0.02165567679275
"127",6109179,"010802070204",0.231148,0.0259810352,"CT",1,6.420043703096,0,0,0,0
"128",6109183,"010802070602",1.281904,0.2777885968,"CT",1,68.642951212264,0,0,0,0
"129",6109185,"010802070204",1.511722,0.0512473758,"CT",1,12.663482797059,0,0,0,0
"130",6109195,"010802070204",2.628344,0.0070965288,"CT",0.9,1.5782289742116,0,0,0.1,0.1753587749124
"131",6109197,"010802070402",0.639653,0.0292961074,"CT",0.9,6.5152931571693,0,0,0.1,0.7239214619077
"132",6109199,"010802070602",6.964926,0.094026501,"CT",0,0,1,23.234418529605,0,0
"133",6109201,"010802070602",10.024638,1.6811317926,"CT",0,0,1,415.416071610423,0,0
"134",6109205,"010802070402",0.246534,0.0026872206,"CT",0.9,0.5976230817267,0,0,0.1,0.0664025646363
"135",6109207,"010802070204",0.795532,0.0018297236,"CT",0.9,0.4069204651602,0,0,0.1,0.0452133850178
"136",6109217,"010802070402",2.397602,0.0189410558,"CT",1,4.680429593459,0,0,0,0
"137",6109219,"010802070402",20.851679,0.145961753,"CT",0,0,1,36.067878975065,0,0
"138",6109221,"010802070601",4.192767,0.5303850255,"CT",0.9,117.95471255356,0,0,0.1,13.1060791726178
"139",6109223,"010802070405",4.626262,0.0249818148,"CT",0,0,1,6.173131346154,0,0
"140",6109225,"010802070401",0.923803,0.0080370861,"CT",0.9,1.78740374466645,0,0,0.1,0.19860041607405
"141",6109231,"010802070402",8.898666,0.5392591596,"CT",0,0,1,133.253634632958,0,0
"142",6109235,"010802070401",7.82052,0.025807716,"CT",0.9,5.739494095962,0,0,0.1,0.637721566218
"143",6109237,"010802070402",0.143684,0.006250254,"CT",0.9,1.390022113203,0,0,0.1,0.154446901467
"144",6109239,"010802070405",7.445408,0.2427203008,"CT",0,0,1,59.977399929184,0,0
"145",6109243,"010802070405",1.42725,0.02426325,"CT",1,5.99557039125,0,0,0,0
"146",6109245,"010802070405",1.814738,0.0116143232,"CT",1,2.869957334336,0,0,0,0
"147",6109247,"010802070405",10.50806,0.18389105,"CT",0,0,1,45.44039791025,0,0
"148",6109249,"010802070601",5.357738,0.4157604688,"CT",0,0,1,102.736490642824,0,0
"149",6109251,"010802070601",2.004698,0.1106593296,"CT",1,27.344473640808,0,0,0,0
"150",6109255,"010802070601",3.582723,0.3539730324,"CT",0,0,1,87.468506171202,0,0
"151",6109257,"010802070405",0.034228,0.0105319556,"CT",1,2.602498888538,0,0,0,0
"152",6109259,"010802070405",4.114984,0.1205690312,"CT",0.9,26.8138894092084,0,0,0.1,2.9793210454676
"153",6109261,"010802070405",0.043579,0.00610106,"CT",0.9,1.35684218817,0,0,0.1,0.15076024313
"154",6109263,"010802070405",4.677574,0.035081805,"CT",1,8.668889424525,0,0,0,0
"155",6109265,"010802070403",4.754124,0.007131186,"CT",1,1.76215171653,0,0,0,0
"156",6109271,"010802070403",1.931839,0.0171933671,"CT",0.9,3.82371027952095,0,0,0.1,0.42485669772455
"157",6109275,"010802070404",2.974582,0.17847492,"CT",0.9,39.69184059594,0,0,0.1,4.41020451066
"158",6109277,"010802070403",4.600657,0.7945334639,"CT",0,0,1,196.33319159701,0,0
"159",6109279,"010802070404",0.193272,0.0514876608,"CT",1,12.722858421984,0,0,0,0
"160",6109281,"010802070403",5.336153,0.5506909896,"CT",0,0,1,136.078496985108,0,0
"161",6109283,"010802070404",2.32396,0.685800596,"CT",0,0,1,169.46475627458,0,0
"162",6109285,"010802070403",1.302741,0.3281604579,"CT",0.9,72.9810809544416,0,0,0.1,8.10900899493795
"163",6109287,"010802070403",2.124133,0.4454306901,"CT",1,110.068150677161,0,0,0,0
"164",6109289,"010802070404",4.101894,0.570163266,"CT",0.9,126.801174460437,0,0,0.1,14.089019384493
"165",6109291,"010802070404",4.012861,1.1733605564,"CT",0.9,260.9489342603,0,0,0.1,28.9943260289222
"166",6109293,"010802070404",0.074037,0.0133784859,"CT",0.9,2.97530168248755,0,0,0.1,0.33058907583195
"167",6109295,"010802070403",8.537599,2.9907209297,"CT",0,0,1,739.022095333519,0,0
"168",6109297,"010802070404",0.085174,0.0340696,"CT",1,8.418768508,0,0,0,0
"169",6109299,"010802070404",1.499125,0.88088585,"CT",0.9,195.904168167825,0,0,0.1,21.767129796425
"170",6109301,"010802070404",0.428088,0.1991037288,"CT",0.9,44.2795742146116,0,0,0.1,4.9199526905124
"171",6109303,"010802070404",3.39538,1.133717382,"CT",0,0,1,280.14723367911,0,0
"172",6109305,"010802070404",10.459999,1.4236058639,"CT",0,0,1,351.780126999009,0,0
"173",6109307,"010802070404",4.224427,0.7016773247,"CT",0,0,1,173.387975319994,0,0
"174",6109437,"010802070501",9.228479,0.0544480261,"CT",0,0,1,13.4543794894405,0,0
"175",6109439,"010802070501",12.145223,0.0400792359,"CT",0,0,1,9.9037795870695,0,0
"176",6109441,"010802070302",14.235883,0.0213538245,"CT",0,0,1,5.2766368030725,0,0
"177",6109451,"010802070302",1.774905,0.0055022055,"CT",0.9,1.22366024106975,0,0,0.1,0.13596224900775
"178",6109455,"010802070405",2.827725,0.2773998225,"CT",0,0,1,68.5468831388625,0,0
"179",6109457,"010802070401",12.272879,0.0957284562,"CT",0,0,1,23.654980169301,0,0
"180",6109459,"010802070405",2.806591,0.2949727141,"CT",0.9,65.6003092659125,0,0,0.1,7.28892325176805
"181",6109463,"010802070403",4.248149,0.0208159301,"CT",0.9,4.62934836662445,0,0,0.1,0.51437204073605
"182",6109465,"010802070403",5.814009,0.0726751125,"CT",0,0,1,17.9583836743125,0,0
"183",6109467,"010802070403",2.388824,0.0152884736,"CT",0.9,3.4000724420352,0,0,0.1,0.3777858268928
"184",6109469,"010802070403",4.778253,0.2393904753,"CT",1,59.1545833990065,0,0,0,0
"185",6109471,"010802070404",5.921842,0.9172933258,"CT",0,0,1,226.667767271809,0,0
"186",6109473,"010802070404",6.567291,0.7900451073,"CT",0,0,1,195.224096239366,0,0
"187",6109475,"010802070404",1.702961,0.2176384158,"CT",1,53.779540736259,0,0,0,0
"188",6109477,"010802070404",0.051158,0.0009310756,"CT",0.9,0.2070660925242,0,0,0.1,0.0230073436138
"189",6109479,"010802070404",12.940912,3.8382744992,"CT",0,0,1,948.456820124816,0,0
"190",6109487,"010802070502",0.185629,0.0072024052,"CT",1,1.779750336946,0,0,0,0
"191",6109493,"010802070302",5.171383,0.0036199681,"CT",0.9,0.80506099561545,0,0,0.1,0.08945122173505
"192",6109501,"010802070501",0.09138,0.040316856,"CT",1,9.96249670188,0,0,0,0
"193",6109505,"010802070602",4.217002,0.765385863,"CT",0,0,1,189.130673676615,0,0
"194",6109507,"010802070602",0.307588,0.0142720832,"CT",1,3.526703119136,0,0,0,0
"195",6109509,"010802070602",10.338942,1.7224677372,"CT",0,0,1,425.630390200806,0,0
"196",6109511,"010802070602",0.656991,0.095263695,"CT",1,23.540135352975,0,0,0,0
"197",6109515,"010802070602",0.112949,0.0295813431,"CT",0.9,6.57872800805295,0,0,0.1,0.73096977867255
"198",6109517,"010802070602",0.793788,0.214719654,"CT",0.9,47.752470091503,0,0,0.1,5.305830010167
"199",6109519,"010802070602",1.402775,0.0540068375,"CT",1,13.3453595804375,0,0,0,0
"200",6109525,"010802070602",0.012361,0.0008244787,"CT",0.9,0.18335952824715,0,0,0.1,0.02037328091635
"201",6109527,"010802070602",0.757258,0.0304417716,"CT",0.9,6.7700825740962,0,0,0.1,0.7522313971218
"202",6109531,"010802070602",12.930782,1.6667777998,"CT",0.9,370.682215397621,0,0,0.1,41.1869128219579
"203",6109535,"010802070302",3.548189,0.003548189,"CT",1,0.876775242845,0,0,0,0
"204",6109537,"010802070602",12.100296,1.5101169408,"CT",0,0,1,373.157446656384,0,0
"205",6109539,"010802070602",2.218422,0.5497249716,"CT",1,135.839789107218,0,0,0,0
"206",6109547,"010802070302",6.215823,0.0055942407,"CT",0.9,1.24412836335615,0,0,0.1,0.13823648481735
"207",6109549,"010802070602",3.237255,1.0232963055,"CT",0.9,227.57547021352,0,0,0.1,25.2861633570577
"208",6109551,"010802070204",0.443629,0.0196971276,"CT",1,4.867258715598,0,0,0,0
"209",6109553,"010802070602",6.62183,1.348866771,"CT",0,0,1,333.311723447955,0,0
"210",6109555,"010802070302",1.670075,0.0045092025,"CT",0.9,1.00282183538625,0,0,0.1,0.11142464837625
"211",6109557,"010802070302",2.075524,0.0035283908,"CT",0.9,0.7846947077706,0,0,0.1,0.0871883008634
"212",6109559,"010802070204",1.249974,0.022499532,"CT",1,5.55974685486,0,0,0,0
"213",6109563,"010802070302",2.663051,0.0018641357,"CT",1,0.4606372521485,0,0,0,0
"214",6109565,"010802070204",1.053693,0.0081134361,"CT",1,2.0048706274905,0,0,0,0
"215",6109571,"010802070302",0.137548,0.000894062,"CT",0.9,0.198834471459,0,0,0.1,0.022092719051
"216",6109573,"010802070204",2.016288,0.026211744,"CT",1,6.47705300112,0,0,0,0
"217",6109575,"010802070204",0.249964,0.0035994816,"CT",1,0.889449900768,0,0,0,0
"218",6109581,"010802070601",5.89372,0.720801956,"CT",0.9,160.302390603642,0,0,0.1,17.811376733738
"219",6109583,"010802070204",1.300144,0.0865895904,"CT",1,21.396720735792,0,0,0,0
"220",6109585,"010802070204",0.617381,0.0815560301,"CT",1,20.1529028178605,0,0,0,0
"221",6109587,"010802070204",0.036509,0.0008908196,"CT",0.9,0.1981133795322,0,0,0.1,0.0220125977258
"222",6109589,"010802070204",0.584186,0.0413603688,"CT",0.9,9.1983185390916,0,0,0.1,1.0220353932324
"223",6109591,"010802070402",0.252286,0.016272447,"CT",0.9,3.6189027143415,0,0,0.1,0.4021003015935
"224",6109595,"010802070402",5.384925,0.0306940725,"CT",0.9,6.82619290660125,0,0,0.1,0.75846587851125
"225",6109597,"010802070204",0.311163,0.0017736291,"CT",1,0.4382726187555,0,0,0,0
"226",6109609,"010802070402",1.807467,0.0871199094,"CT",0.9,19.3749886910583,0,0,0.1,2.1527765212287
"227",6109613,"010802070402",1.178001,0.1563207327,"CT",0.9,34.7648711884502,0,0,0.1,3.86276346538335
"228",6109615,"010802070402",0.453408,0.0413961504,"CT",1,10.229195744592,0,0,0,0
"229",6109617,"010802070405",0.08575,0.001843625,"CT",1,0.455568955625,0,0,0,0
"230",6109619,"010802070405",0.673354,0.0251161042,"CT",0.9,5.5856834355069,0,0,0.1,0.6206314928341
"231",6109623,"010802070402",0.075718,0.016922973,"CT",1,4.181751243165,0,0,0,0
"232",6109625,"010802070401",3.344074,0.0080257776,"CT",1,1.983209773848,0,0,0,0
"233",6109627,"010802070401",2.121835,0.0099726245,"CT",1,2.4642853770725,0,0,0,0
"234",6109629,"010802070401",6.555391,0.0045887737,"CT",0,0,1,1.1339089251385,0,0
"235",6109631,"010802070402",5.752862,0.261755221,"CT",0,0,1,64.681023885205,0,0
"236",6109635,"010802070405",0.3958,0.03142652,"CT",1,7.7656502246,0,0,0,0
"237",6109641,"010802070405",19.375494,0.9416490084,"CT",0,0,1,232.686178220682,0,0
"238",6109643,"010802070405",0.831512,0.2164425736,"CT",0.9,48.1356379344852,0,0,0.1,5.3484042149428
"239",6109647,"010802070405",8.804005,1.1594874585,"CT",0,0,1,286.515148432643,0,0
"240",6109649,"010802070601",22.65938,2.109588278,"CT",0,0,1,521.28981143519,0,0
"241",6109651,"010802070405",0.043937,0.02548346,"CT",0.9,5.66738134497,0,0,0.1,0.62970903833
"242",6109653,"010802070405",0.061175,0.004563655,"CT",0.9,1.0149317718975,0,0,0.1,0.1127701968775
"243",6109655,"010802070403",1.347947,0.0009435629,"CT",0.9,0.20984319936405,0,0,0.1,0.02331591104045
"244",6109657,"010802070404",0.197866,0.0106056176,"CT",1,2.620701137048,0,0,0,0
"245",6109659,"010802070404",0.198482,0.0097454662,"CT",0.9,2.1673380828159,0,0,0.1,0.2408153425351
"246",6109661,"010802070404",0.560151,0.0800455779,"CT",1,19.7796625269795,0,0,0,0
"247",6109663,"010802070404",0.685709,0.1950156396,"CT",1,48.189339623358,0,0,0,0
"248",6109667,"010802070404",0.037626,0.011645247,"CT",1,2.877598759935,0,0,0,0
"249",6109669,"010802070404",0.968538,0.081841461,"CT",0.9,18.2010907983645,0,0,0.1,2.0223434220405
"250",6109673,"010802070402",0.119094,0.0055021428,"CT",0.9,1.2236462969346,0,0,0.1,0.1359606996594
"251",6109689,"010802070404",0.250256,0.0360118384,"CT",1,8.898705327832,0,0,0,0
"252",6109693,"010802070403",0.083494,0.0121734252,"CT",1,3.008114234046,0,0,0,0
"253",6109695,"010802070403",0.160641,0.0417505959,"CT",1,10.3167809998695,0,0,0,0
"254",6109697,"010802070403",0.199228,0.0619200624,"CT",1,15.300757019352,0,0,0,0
"255",6109705,"010802070402",0.063987,0.0017788386,"CT",0.9,0.3956039210277,0,0,0.1,0.0439559912253
"256",6109717,"010802070602",0.545707,0.0108049986,"CT",0.9,2.4029722611477,0,0,0.1,0.2669969179053
"257",6109721,"010802070602",1.672052,0.0090290808,"CT",1,2.231131011084,0,0,0,0
"258",6109723,"010802070204",0.641753,0.0017969084,"CT",0.9,0.3996225451638,0,0,0.1,0.0444025050182
"259",6109727,"010802070204",0.011153,0.0008576657,"CT",0.9,0.19074013451865,0,0,0.1,0.02119334827985
"260",6109731,"010802070602",5.636028,0.360705792,"CT",0,0,1,89.13220473216,0,0
"261",6109745,"010802070405",0.197327,0.0044793229,"CT",1,1.1068630852045,0,0,0,0
"262",6109747,"010802070405",0.018991,0.00094955,"CT",0.9,0.211174697475,0,0,0.1,0.023463855275
"263",6109749,"010802070405",0.766109,0.0368498429,"CT",0.9,8.19520238682405,0,0,0.1,0.91057804298045
"264",6109751,"010802070405",0.094248,0.0231190344,"CT",1,5.712828995412,0,0,0,0
"265",6109755,"010802070404",0.40897,0.120727944,"CT",1,29.83247860212,0,0,0,0
"266",6109757,"010802070602",0.615004,0.0099630648,"CT",1,2.461923127404,0,0,0,0
"267",6109765,"010802070405",1.37774,0.037750076,"CT",1,9.32823252998,0,0,0,0
"268",6111151,"010802070102",1.72758,0.00172758,"CT",1,0.4268936559,0,0,0,0
"269",6111153,"010802070102",2.473809,0.009895236,"CT",1,2.44516229178,0,0,0,0
"270",6111155,"010802070102",1.196256,0.007177536,"CT",0.9,1.596244529952,0,0,0.1,0.177360503328
"271",6111159,"010802070103",0.714713,0.0090053838,"CT",1,2.225275363899,0,0,0,0
"272",6111161,"010802070101",4.124977,0.0037124793,"CT",1,0.9173721974265,0,0,0,0
"273",6111163,"010802070103",0.594361,0.0054681212,"CT",1,1.351200089126,0,0,0,0
"274",6111165,"010802070103",0.098181,0.0079624791,"CT",1,1.9675683980055,0,0,0,0
"275",6111167,"010802070101",3.019053,0.0108685908,"CT",0,0,1,2.685683129634,0,0
"276",6111171,"010802070101",3.944917,0.0019724585,"CT",0,0,1,0.4874043576425,0,0
"277",6111175,"010802070101",5.572264,0.0089156224,"CT",0,0,1,2.203094873152,0,0
"278",6111177,"010802070103",2.550614,0.0071417192,"CT",1,1.764754522916,0,0,0,0
"279",6111179,"010802070103",3.059999,0.137699955,"CT",0.9,30.6237126422475,0,0,0.1,3.4026347380275
"280",6111181,"010802070101",0.243823,0.0018042902,"CT",0.9,0.4012642168839,0,0,0.1,0.0445849129871
"281",6111183,"010802070103",1.44275,0.0225069,"CT",1,5.5615675245,0,0,0,0
"282",6111185,"010802070101",4.063712,0.0089401664,"CT",0,0,1,2.209159818272,0,0
"283",6111187,"010802070101",2.952265,0.0233228935,"CT",0.9,5.18688323848575,0,0,0.1,0.57632035983175
"284",6111189,"010802070101",0.14373,0.002716497,"CT",0.9,0.6041339920665,0,0,0.1,0.0671259991185
"285",6111193,"010802070101",0.471464,0.0143325056,"CT",1,3.541633796288,0,0,0,0
"286",6111195,"010802070101",6.54924,0.436834308,"CT",0.9,97.149547510506,0,0,0.1,10.794394167834
"287",6111197,"010802070101",22.75102,1.03517141,"CT",0,0,1,255.79603126805,0,0
"288",6111207,"010802070204",16.358789,0.2404741983,"CT",0,0,1,59.4223767709215,0,0
"289",6111209,"010802070101",4.565699,0.3542982424,"CT",0.9,78.7939804694268,0,0,0.1,8.7548867188252
"290",6111211,"010802070103",1.937119,0.0009685595,"CT",0.9,0.21540230572275,0,0,0.1,0.02393358952475
"291",6111213,"010802070103",2.18635,0.16572533,"CT",0.9,36.856401902685,0,0,0.1,4.095155766965
"292",6111215,"010802070103",0.909488,0.06366416,"CT",1,15.7317322568,0,0,0,0
"293",6111217,"010802070103",0.492049,0.0153027239,"CT",1,3.7813795893095,0,0,0,0
"294",6111219,"010802070103",1.60616,0.184226552,"CT",0.9,40.970971918764,0,0,0.1,4.552330213196
"295",6111221,"010802070401",2.004806,0.0064153792,"CT",0.9,1.4267450494944,0,0,0.1,0.1585272277216
"296",6111227,"010802070401",4.692767,0.0107933641,"CT",0,0,1,2.6670942359305,0,0
"297",6111233,"010802070103",9.933779,0.5195366417,"CT",0,0,1,128.380101847278,0,0
"298",6111235,"010802070401",1.763583,0.0287464029,"CT",1,7.1033798886045,0,0,0,0
"299",6111237,"010802070401",1.523142,0.019800846,"CT",1,4.89288805083,0,0,0,0
"300",6111239,"010802070401",6.198478,0.06198478,"CT",0,0,1,15.3167490619,0,0
"301",6111241,"010802070401",0.221567,0.0133383334,"CT",1,3.295968874807,0,0,0,0
"302",6111243,"010802070401",1.143082,0.088588855,"CT",0.9,19.7016741132975,0,0,0.1,2.1890749014775
"303",6111245,"010802070401",5.894505,0.134394714,"CT",0.9,29.888645222673,0,0,0.1,3.320960580297
"304",6111247,"010802070401",10.054053,0.0351891855,"CT",0,0,1,8.6954236829775,0,0
"305",6111251,"010802070404",2.50788,0.015298068,"CT",0.9,3.402206183826,0,0,0.1,0.378022909314
"306",6111253,"010802070404",0.013769,0.0025816875,"CT",0.9,0.57415310071875,0,0,0.1,0.06379478896875
"307",6111261,"010802070404",2.497658,0.0009990632,"CT",1,0.246873512036,0,0,0,0
"308",6111267,"010802070404",2.241465,0.009862446,"CT",1,2.43705971883,0,0,0,0
"309",6111269,"010802070404",6.645213,0.1621431972,"CT",0.9,36.0597552696954,0,0,0.1,4.0066394744106
"310",6111271,"010802070404",1.744219,0.0071512979,"CT",1,1.7671214675795,0,0,0,0
"311",6111273,"010802070404",2.33381,0.053911011,"CT",0.9,11.9895123358395,0,0,0.1,1.3321680373155
"312",6111275,"010802070404",1.505171,0.0746564816,"CT",0.9,16.6031908971912,0,0,0.1,1.8447989885768
"313",6111277,"010802070404",0.021609,0.002701125,"CT",0.9,0.6007153438125,0,0,0.1,0.0667461493125
"314",6111279,"010802070404",0.553222,0.0973117498,"CT",1,24.046219934329,0,0,0,0
"315",6111281,"010802070404",0.068203,0.0082934848,"CT",1,2.049361561504,0,0,0,0
"316",6111283,"010802070404",0.132156,0.0446422968,"CT",0.9,9.9282012756876,0,0,0.1,1.1031334750764
"317",6111285,"010802070404",1.343514,0.1717010892,"CT",0.9,38.1853778820894,0,0,0.1,4.2428197646766
"318",6111287,"010802070404",3.853193,0.450823581,"CT",0,0,1,111.400760983005,0,0
"319",6111289,"010802070404",0.285918,0.1152821376,"CT",1,28.486792611648,0,0,0,0
"320",6111291,"010802070404",2.907562,0.5410972882,"CT",0,0,1,133.707845400661,0,0
"321",6111405,"010802070102",0.088563,0.0009033426,"CT",0.9,0.2008984258557,0,0,0.1,0.0223220473173
"322",6111413,"010802070102",2.467602,0.009870408,"CT",0.9,2.195124451956,0,0,0.1,0.243902716884
"323",6111415,"010802070102",4.271149,0.0205015152,"CT",1,5.066026913496,0,0,0,0
"324",6111419,"010802070103",1.919562,0.0053747736,"CT",0,0,1,1.328133430428,0,0
"325",6111421,"010802070204",10.963481,0.0635881898,"CT",0,0,1,15.712959640529,0,0
"326",6111423,"010802070204",9.719668,0.0077757344,"CT",0,0,1,1.921422848912,0,0
"327",6111425,"010802070101",13.938756,0.0473917704,"CT",0,0,1,11.710743424692,0,0
"328",6111427,"010802070101",0.931152,0.0170400816,"CT",1,4.210689363768,0,0,0,0
"329",6111431,"010802070101",0.26232,0.01167324,"CT",1,2.8845159702,0,0,0,0
"330",6111435,"010802070101",0.557228,0.0424050508,"CT",0.9,9.4306500701406,0,0,0.1,1.0478500077934
"331",6111437,"010802070101",5.529712,0.0038707984,"CT",0.9,0.8608442747688,0,0,0.1,0.0956493638632
"332",6111445,"010802070401",11.613608,0.1021997504,"CT",0.9,22.7286623903328,0,0,0.1,2.5254069322592
"333",6111459,"010802070102",4.687793,0.0164072755,"CT",1,4.0543198124275,0,0,0,0
"334",6111463,"010802070204",2.462766,0.0009851064,"CT",1,0.243424716972,0,0,0,0
"335",6111467,"010802070103",1.575359,0.0009452154,"CT",0.9,0.2102107062753,0,0,0.1,0.0233567451417
"336",6111479,"010802070103",0.018278,0.0043519918,"CT",1,1.075398933739,0,0,0,0
"337",6111485,"010802070404",0.988826,0.0063284864,"CT",1,1.563800631872,0,0,0,0
"338",6111491,"010802070404",0.121335,0.0017836245,"CT",1,0.4407425320725,0,0,0,0
"339",6111493,"010802070404",0.48035,0.072100535,"CT",1,17.816402701175,0,0,0,0
"340",6111495,"010802070404",0.070962,0.0017953386,"CT",1,0.443637144753,0,0,0,0
"341",6111497,"010802070404",0.0787,0.01252117,"CT",1,3.09404371285,0,0,0,0
"342",6111499,"010802070404",0.021498,0.00257976,"CT",0.9,0.57372443532,0,0,0.1,0.06374715948
"343",6111501,"010802070102",1.880852,0.0035736188,"CT",0.9,0.7947531662166,0,0,0.1,0.0883059073574
"344",6111511,"010802070204",2.944465,0.013544539,"CT",0.9,3.0122309786355,0,0,0.1,0.3346923309595
"345",6111513,"010802070401",1.924207,0.0144315525,"CT",1,3.5661087805125,0,0,0,0
"346",6111515,"010802070103",3.492841,0.0223541824,"CT",0.9,4.9714472177568,0,0,0.1,0.5523830241952
"347",6111521,"010802070404",0.145902,0.01531971,"CT",1,3.78557693955,0,0,0,0
"348",6111527,"010802070404",0.020585,0.00514625,"CT",0.9,1.144497695625,0,0,0.1,0.127166410625
"349",6111531,"010802070103",0.560343,0.0360860892,"CT",0.9,8.0253477645894,0,0,0.1,0.8917053071766
"350",6112329,"010802070103",0.010262,0.0025655,"CT",0.9,0.57055308975,0,0,0.1,0.06339478775
"351",6112343,"010802070102",5.520818,0.0099374724,"CT",0.9,2.2100392056618,0,0,0.1,0.2455599117402
"352",6112345,"010802070602",8.00502,1.726682814,"CT",0,0,1,426.67195675347,0,0
"353",6112349,"010802070402",1.072551,0.0685360089,"CT",1,16.9355904792345,0,0,0,0
"354",6112351,"010802070405",0.388511,0.2695100807,"CT",1,66.5972884913735,0,0,0,0
"355",6177294,"010802050904",1.5658,0.00266186,"CT",1,0.6577589153,0,0,0,0
"356",6178046,"010802050904",0.646332,0.0027145944,"CT",0.9,0.6037108642908,0,0,0.1,0.0670789849212
"357",7698028,"010802050101",2.894982,0.3896645772,"MA",0,0,1,96.288065349006,0,0
"358",7698034,"010802050101",0.791606,0.171778502,"MA",1,42.44732673671,0,0,0,0
"359",7698038,"010802050101",0.554653,0.2499266418,"MA",1,61.758122821989,0,0,0,0
"360",7698042,"010802050101",2.127663,0.8008523532,"MA",0.9,178.105158663737,0,0,0.1,19.7894620737486
"361",7698050,"010802050101",0.428392,0.2835098256,"MA",0.9,63.0510259093992,0,0,0.1,7.0056695454888
"362",7698052,"010802050101",0.645224,0.122915172,"MA",0.9,27.335658219354,0,0,0.1,3.037295357706
"363",7698054,"010802050101",0.242551,0.0179730291,"MA",0.9,3.99710282017995,0,0,0.1,0.44412253557555
"364",7698058,"010802050101",1.561477,0.924394384,"MA",0,0,1,228.42247425832,0,0
"365",7698060,"010802050101",1.98191,0.503603331,"MA",0.9,111.99861099608,0,0,0.1,12.4442901106755
"366",7698064,"010802050201",4.673634,0.0252376236,"MA",0.9,5.6127086817102,0,0,0.1,0.6236342979678
"367",7698066,"010802050201",2.747749,0.0098918964,"MA",0,0,1,2.444337059922,0,0
"368",7698074,"010802050201",1.191584,0.003574752,"MA",0.9,0.795005183664,0,0,0.1,0.088333909296
"369",7698076,"010802050102",5.437311,2.2439782497,"MA",0.9,499.048420852907,0,0,0.1,55.4498245392119
"370",7698078,"010802050201",7.135098,0.0299674116,"MA",0,0,1,7.405097243418,0,0
"371",7698082,"010802050102",2.321118,0.6868188162,"MA",0,0,1,169.716363577101,0,0
"372",7698084,"010802050201",2.282344,0.0027388128,"MA",0.9,0.6090969032496,0,0,0.1,0.0676774336944
"373",7698086,"010802050201",0.480996,0.0045213624,"MA",0.9,1.0055261302668,0,0,0.1,0.1117251255852
"374",7698088,"010802050201",0.275299,0.0017894435,"MA",1,0.4421804360675,0,0,0,0
"375",7698090,"010802050201",0.316009,0.0243642939,"MA",1,6.0205388441595,0,0,0,0
"376",7698092,"010802050201",2.264271,0.0172084596,"MA",1,4.252296409458,0,0,0,0
"377",7698094,"010802050201",0.360349,0.016215705,"MA",1,4.006981784025,0,0,0,0
"378",7698098,"010802050102",0.445635,0.0832000545,"MA",1,20.5591494672225,0,0,0,0
"379",7698100,"010802050201",1.043755,0.00626253,"MA",0.9,1.392752228085,0,0,0.1,0.154750247565
"380",7698104,"010802050201",1.797576,0.00449394,"MA",1,1.1104750437,0,0,0,0
"381",7698108,"010802050102",1.916108,0.5004874096,"MA",0.9,111.305647214287,0,0,0.1,12.3672941349208
"382",7698110,"010802050102",0.090618,0.0173895942,"MA",0.9,3.8673501073119,0,0,0.1,0.4297055674791
"383",7698112,"010802050102",2.666478,0.6148898268,"MA",0,0,1,151.942350651414,0,0
"384",7698114,"010802050102",2.818716,0.3140049624,"MA",0.9,69.8329766104668,0,0,0.1,7.7592196233852
"385",7698116,"010802050102",0.262556,0.053955258,"MA",0.9,11.999352625281,0,0,0.1,1.333261402809
"386",7698118,"010802050201",1.647229,0.0657244371,"MA",0.9,14.616753326636,0,0,0.1,1.62408370295955
"387",7698120,"010802050102",2.164534,0.5461119282,"MA",0,0,1,134.946988017861,0,0
"388",7698122,"010802050201",1.777106,0.005331318,"MA",1,1.31739533439,0,0,0,0
"389",7698128,"010802050102",4.154743,0.9767800793,"MA",0.9,217.230517345884,0,0,0.1,24.1367241495427
"390",7698130,"010802050102",3.0232,0.58982632,"MA",0,0,1,145.7490328036,0,0
"391",7698134,"010802050103",4.183534,1.0002829794,"MA",0,0,1,247.174925624637,0,0
"392",7698138,"010802050201",2.732234,0.005464468,"MA",0.9,1.215267628626,0,0,0.1,0.135029736514
"393",7698140,"010802050201",0.940951,0.0035756138,"MA",0.9,0.7951968432441,0,0,0.1,0.0883552048049
"394",7698142,"010802050103",1.676976,0.422597952,"MA",0,0,1,104.42606692896,0,0
"395",7698144,"010802050103",0.130613,0.0026645052,"MA",1,0.658412557446,0,0,0,0
"396",7698146,"010802050201",0.643166,0.0036017296,"MA",1,0.890005392808,0,0,0,0
"397",7698148,"010802050102",1.395235,0.2554675285,"MA",0.9,56.8145732669932,0,0,0.1,6.31273036299925
"398",7698152,"010802050201",0.066356,0.0009090772,"MA",1,0.224637521506,0,0,0,0
"399",7698154,"010802050102",0.663872,0.101904352,"MA",1,25.18107490096,0,0,0,0
"400",7698158,"010802050103",1.370046,0.0072612438,"MA",1,1.794289649199,0,0,0,0
"401",7698160,"010802050103",0.27327,0.126687972,"MA",0.9,28.174708188954,0,0,0.1,3.130523132106
"402",7698162,"010802050103",0.972277,0.2340270739,"MA",1,57.8292600960595,0,0,0,0
"403",7698164,"010802050102",7.274002,0.9790806692,"CT",0.9,217.742155886399,0,0,0.1,24.1935728762666
"404",7698166,"010802050102",0.100143,0.0159527799,"MA",1,3.9420116771895,0,0,0,0
"405",7698168,"010802050102",0.145288,0.0367723928,"MA",1,9.086642122844,0,0,0,0
"406",7698170,"010802050102",1.004271,0.2218434639,"MA",0.9,49.3367662323085,0,0,0.1,5.48186291470095
"407",7698172,"010802050201",0.501221,0.0071674603,"MA",0.9,1.59400374968835,0,0,0.1,0.17711152774315
"408",7698174,"010802050105",0.886648,0.1359231384,"CT",0.9,30.2285584028988,0,0,0.1,3.3587287114332
"409",7698176,"010802050102",0.225562,0.0451124,"MA",1,11.147499602,0,0,0,0
"410",7698178,"010802050102",0.171085,0.0465864455,"MA",0.9,10.3605692537498,0,0,0.1,1.15117436152775
"411",7698182,"010802050103",0.820001,0.1506341837,"CT",0.9,33.5002139668697,0,0,0.1,3.72224599631885
"412",7698184,"010802050102",1.097537,0.2499091749,"MA",1,61.7538066636645,0,0,0,0
"413",7698186,"010802050102",0.632006,0.0288194736,"MA",1,7.121436023928,0,0,0,0
"414",7698194,"010802050105",2.34706,0.370600774,"CT",0,0,1,91.57730425927,0,0
"415",7698196,"010802050201",1.219008,0.0053636352,"CT",1,1.325381076096,0,0,0,0
"416",7698198,"010802050102",0.201097,0.0226435222,"CT",1,5.595327553231,0,0,0,0
"417",7698200,"010802050102",0.5243,0.01530956,"MA",1,3.7830688238,0,0,0,0
"418",7698202,"010802050103",0.123154,0.0211085956,"CT",0.9,4.6944355641642,0,0,0.1,0.5216039515738
"419",7698206,"010802050201",0.475142,0.0018055396,"CT",1,0.446157862858,0,0,0,0
"420",7698208,"010802050103",2.481159,0.6264926475,"CT",0,0,1,154.809465660487,0,0
"421",7698210,"010802050103",7.446845,1.3456448915,"CT",0,0,1,332.515580914107,0,0
"422",7698220,"010802050105",0.246828,0.0234239772,"CT",1,5.788181886006,0,0,0,0
"423",7698224,"010802050103",1.056541,0.3534129645,"CT",0.9,78.5970995334952,0,0,0.1,8.73301105927725
"424",7698228,"010802050105",0.286139,0.0398591627,"CT",0.9,8.86445855908515,0,0,0.1,0.98493983989835
"425",7698238,"010802050105",0.032326,0.0052432772,"CT",0.9,1.1660760112554,0,0,0.1,0.1295640012506
"426",7698242,"010802050105",0.309221,0.0618442,"CT",0.9,13.7538099369,0,0,0.1,1.5282011041
"427",7698246,"010802050105",0.222361,0.0945256611,"CT",0.9,21.0219871375039,0,0,0.1,2.33577634861155
"428",7698248,"010802050105",0.349813,0.084304933,"CT",1,20.832170468965,0,0,0,0
"429",7698250,"010802050201",1.160279,0.0062655066,"CT",1,1.548238008393,0,0,0,0
"430",7698258,"010802050102",3.68504,0.984274184,"CT",0,0,1,243.21907223732,0,0
"431",7698262,"010802050201",0.106122,0.0026742744,"CT",1,0.660826575612,0,0,0,0
"432",7698264,"010802050105",0.99721,0.091244715,"CT",0,0,1,22.547025300075,0,0
"433",7698266,"010802050103",2.518753,0.337512902,"CT",0.9,75.061013083839,0,0,0.1,8.340112564871
"434",7698268,"010802050102",2.166583,0.4547657717,"CT",0.9,101.137406414336,0,0,0.1,11.2374896015929
"435",7698270,"010802050102",2.000007,0.6562022967,"CT",0,0,1,162.150868526054,0,0
"436",7698272,"010802050102",1.972942,0.5818205958,"CT",0,0,1,143.770778325159,0,0
"437",7698274,"010802050201",1.720109,0.0089445668,"CT",1,2.210247179114,0,0,0,0
"438",7698276,"010802050105",0.887245,0.2355635475,"CT",0.9,52.3880373644887,0,0,0.1,5.82089304049875
"439",7698278,"010802050105",2.23143,0.255275592,"CT",0.9,56.771887645044,0,0,0.1,6.307987516116
"440",7698280,"010802050201",1.616059,0.6276773156,"CT",1,155.102203071338,0,0,0,0
"441",7698282,"010802050105",0.130261,0.0305462045,"CT",1,7.5481198629725,0,0,0,0
"442",7698284,"010802050102",2.718256,0.7018536992,"CT",1,173.431558340816,0,0,0,0
"443",7698286,"010802050102",6.091499,1.3906892217,"CT",0,0,1,343.646260128179,0,0
"444",7698288,"010802050103",1.496558,0.274618393,"CT",0.9,61.0736202020385,0,0,0.1,6.7859578002265
"445",7698290,"010802050103",0.894646,0.3849661738,"CT",1,95.127066376849,0,0,0,0
"446",7698294,"010802050103",0.25807,0.052155947,"CT",1,12.887995283435,0,0,0,0
"447",7698782,"010802050101",4.969912,1.5496185616,"MA",0,0,1,382.918494664168,0,0
"448",7698784,"010802050101",5.017878,0.7506745488,"MA",0,0,1,185.495434381224,0,0
"449",7698788,"010802050101",5.649937,0.1841879462,"MA",0.9,40.9623862011759,0,0,0.1,4.5513762445751
"450",7698790,"010802050101",0.867458,0.0098890212,"MA",0.9,2.1992639252634,0,0,0.1,0.2443626583626
"451",7698792,"010802050101",1.441968,0.0863738832,"MA",1,21.343418408136,0,0,0,0
"452",7698794,"010802050101",6.700587,0.5005338489,"MA",0,0,1,123.684416732434,0,0
"453",7698796,"010802050101",2.94881,0.071950964,"MA",1,17.77944295922,0,0,0,0
"454",7698798,"010802050101",1.746382,0.0225283278,"MA",1,5.566862441019,0,0,0,0
"455",7698800,"010802050101",2.020127,0.0307059304,"MA",0.9,6.8288300383428,0,0,0.1,0.7587588931492
"456",7698802,"010802050101",1.198311,0.2059896609,"MA",1,50.9010751566945,0,0,0,0
"457",7698804,"010802050101",0.51896,0.086770112,"MA",0.9,19.297195673184,0,0,0.1,2.144132852576
"458",7698806,"010802050101",4.244214,0.1897163658,"MA",0,0,1,46.879862571009,0,0
"459",7698812,"010802050201",3.905244,0.2495450916,"MA",0.9,55.4974558738362,0,0,0.1,6.1663839859818
"460",7698814,"010802050201",1.480113,0.0359667459,"MA",0.9,7.99880647105755,0,0,0.1,0.88875627456195
"461",7698816,"010802050201",4.530126,0.2935521648,"MA",0,0,1,72.538207682904,0,0
"462",7698818,"010802050201",1.51065,0.04592376,"MA",0.9,10.21319164332,0,0,0.1,1.13479907148
"463",7698820,"010802050103",0.405764,0.0053560848,"MA",0.9,1.1911638010536,0,0,0.1,0.1323515334504
"464",7698822,"010802050103",2.583139,0.3998699172,"CT",0.9,88.9288703007354,0,0,0.1,9.8809855889706
"465",7698824,"010802050201",4.881313,0.5960083173,"CT",0,0,1,147.276635246417,0,0
"466",7698826,"010802050201",1.32382,0.073736774,"CT",1,18.22072553927,0,0,0,0
"467",7698828,"010802050102",4.031131,0.2890320927,"CT",0.9,64.2791477399702,0,0,0.1,7.14212752666335
"468",7698830,"010802050201",2.811915,0.1898042625,"MA",1,46.9015822850625,0,0,0,0
"469",7698832,"010802050201",3.804834,0.1339301568,"CT",0.9,29.7853302564576,0,0,0.1,3.3094811396064
"470",7698834,"010802050103",2.262894,0.5270280126,"CT",0,0,1,130.231257053523,0,0
"471",7698840,"010802050102",2.496426,0.2151919212,"CT",1,53.174999688126,0,0,0,0
"472",7698842,"010802050201",6.768113,0.1725868815,"CT",0.9,38.3823732177517,0,0,0.1,4.26470813530575
"473",7698844,"010802050103",0.732894,0.0206676108,"CT",0.9,4.5963629700606,0,0,0.1,0.5107069966734
"474",7698846,"010802050201",2.839144,0.5490904496,"CT",0,0,1,135.682995548408,0,0
"475",7698848,"010802050103",1.235362,0.262514425,"CT",1,64.868626989625,0,0,0,0
"476",7698850,"010802050103",0.61669,0.086706614,"CT",1,21.42563785247,0,0,0,0
"477",7698852,"010802050201",3.851839,1.2660994793,"CT",0.9,281.573560649184,0,0,0.1,31.2859511832426
"478",7698854,"010802050103",1.167772,0.2076298616,"CT",0.9,46.1757392556012,0,0,0.1,5.1306376950668
"479",7698856,"010802050201",3.275833,0.0746889924,"CT",0,0,1,18.456023467002,0,0
"480",7698858,"010802050103",4.232462,0.5548757682,"CT",0,0,1,137.112576701061,0,0
"481",7698860,"010802050103",0.560881,0.0651182841,"CT",1,16.0910535925305,0,0,0,0
"482",7698864,"010802050105",0.154342,0.0839311796,"CT",0.9,18.6658327215522,0,0,0.1,2.0739814135058
"483",7698870,"010802050201",1.949274,0.0298238922,"CT",1,7.369632882081,0,0,0,0
"484",7698872,"010802050203",3.866035,0.686607816,"CT",0,0,1,169.66422437268,0,0
"485",7698874,"010802050201",0.760162,0.0080577172,"CT",0.9,1.7919919878354,0,0,0.1,0.1991102208706
"486",7698876,"010802050201",0.155938,0.0009044404,"CT",0.9,0.2011425705378,0,0,0.1,0.0223491745042
"487",7698880,"010802050105",2.792694,0.8059714884,"CT",0,0,1,199.159584641082,0,0
"488",7698882,"010802050105",1.104176,0.3587467824,"CT",0.9,79.7833112984568,0,0,0.1,8.8648123664952
"489",7698884,"010802050103",1.613516,0.2946280216,"CT",0.9,65.5236515497212,0,0,0.1,7.2804057277468
"490",7698886,"010802050103",2.416034,0.3090107486,"CT",0.9,68.7222909295227,0,0,0.1,7.6358101032803
"491",7698902,"010802050101",0.359127,0.1212053625,"MA",1,29.9504511005625,0,0,0,0
"492",7698904,"010802050101",1.771096,0.4131966968,"MA",0,0,1,102.102969762764,0,0
"493",7698906,"010802050101",1.27788,0.3003018,"MA",0.9,66.7854686601,0,0,0.1,7.4206076289
"494",7698908,"010802050101",0.203141,0.0116806075,"MA",0.9,2.59770286465875,0,0,0.1,0.28863365162875
"495",7698914,"010802050101",5.181762,2.1146770722,"MA",0,0,1,522.547277925981,0,0
"496",7698916,"010802050101",2.387366,0.6056747542,"MA",0.9,134.698734122932,0,0,0.1,14.9665260136591
"497",7698920,"010802050101",0.322847,0.0395810422,"MA",1,9.780673432831,0,0,0,0
"498",7698932,"010802050101",3.669642,1.3170345138,"MA",0.9,292.901232179294,0,0,0.1,32.5445813532549
"499",7698938,"010802050102",0.550731,0.2401737891,"MA",0.9,53.4133297399999,0,0,0.1,5.93481441555555
"500",7698948,"010802050102",0.783181,0.1683055969,"MA",0.9,37.4302390697771,0,0,0.1,4.15891545219745
"501",7698954,"010802050102",1.473262,0.351372987,"MA",1,86.826021952635,0,0,0,0
"502",7698956,"010802050102",0.372855,0.0502981395,"MA",0.9,11.1860295850328,0,0,0.1,1.24289217611475
"503",7698960,"010802050102",1.17519,0.138554901,"MA",0.9,30.8138479304445,0,0,0.1,3.4237608811605
"504",7698962,"010802050102",1.374905,0.2800681485,"MA",1,69.2062398350925,0,0,0,0
"505",7698964,"010802050102",0.074599,0.0062140967,"MA",1,1.5355343650535,0,0,0,0
"506",7698968,"010802050102",0.320386,0.018101809,"MA",1,4.473047512945,0,0,0,0
"507",7698970,"010802050105",0.223196,0.0062718076,"CT",0.9,1.3948155152982,0,0,0.1,0.1549795016998
"508",7698974,"010802050105",1.80616,0.257197184,"CT",1,63.55471015232,0,0,0,0
"509",7698978,"010802050102",0.082543,0.0082543,"MA",1,2.0396788015,0,0,0,0
"510",7698980,"010802050105",0.96771,0.235540614,"CT",0.9,52.382937080223,0,0,0.1,5.820326342247
"511",7698984,"010802050201",0.300465,0.002704185,"CT",1,0.668217634425,0,0,0,0
"512",7698988,"010802050102",1.584001,0.1690129067,"CT",1,41.7639343101035,0,0,0,0
"513",7698990,"010802050103",0.095536,0.0243330192,"CT",1,6.012810709416,0,0,0,0
"514",7698994,"010802050102",2.113156,0.1540490724,"CT",1,38.066296035402,0,0,0,0
"515",7699002,"010802050102",1.36063,0.219877808,"CT",0.9,48.899615171256,0,0,0.1,5.433290574584
"516",7699010,"010802050101",1.297201,0.4327462536,"MA",0.9,96.2403866962452,0,0,0.1,10.6933762995828
"517",7699012,"010802050201",0.938906,0.000938906,"MA",0.9,0.208807530417,0,0,0.1,0.023200836713
"518",7699014,"010802050101",0.231636,0.0441729852,"MA",0.9,9.8238289570614,0,0,0.1,1.0915365507846
"519",7699018,"010802050101",0.119868,0.0079352616,"MA",1,1.960842817668,0,0,0,0
"520",7699020,"010802050201",1.117881,0.0405790803,"MA",0.9,9.02456427377835,0,0,0.1,1.00272936375315
"521",7699022,"010802050201",1.0216,0.00449504,"CT",1,1.1107468592,0,0,0,0
"522",7699024,"010802050102",0.200519,0.003609342,"MA",0.9,0.802697809419,0,0,0.1,0.089188645491
"523",7699030,"010802050105",2.907712,0.6399874112,"MA",0,0,1,158.144089244576,0,0
"524",7699032,"010802050102",0.071797,0.016154325,"MA",1,3.991814479125,0,0,0,0
"525",7699040,"010802050102",2.869562,0.4487994968,"CT",0,0,1,110.900599656764,0,0
"526",7699042,"010802050103",0.171053,0.1008357435,"CT",1,24.9170163975675,0,0,0,0
"527",7699044,"010802050102",1.534298,0.4498561736,"MA",0.9,100.045538799685,0,0,0.1,11.1161709777428
"528",7699050,"010802050102",1.531835,0.070158043,"MA",1,17.336403215515,0,0,0,0
"529",7699052,"010802050103",0.120851,0.0008942974,"MA",1,0.220985359027,0,0,0,0
"530",7699060,"010802050101",0.326144,0.0117085696,"MA",0.9,2.6039214819072,0,0,0.1,0.2893246091008
"531",7699062,"010802050102",0.034361,0.0017627193,"MA",1,0.4355767526265,0,0,0,0
"532",7699064,"010802050102",0.166914,0.0514262034,"MA",1,12.707671991157,0,0,0,0
"533",7699068,"010802050102",1.60761,0.308339598,"MA",0.9,68.573030727411,0,0,0.1,7.619225636379
"534",7699070,"010802050101",0.048974,0.0293844,"MA",0.9,6.5349289458,0,0,0.1,0.7261032162
"535",7699918,"010802050105",0.003291,0.00082275,"CT",0.9,0.182975074875,0,0,0.1,0.020330563875
"536",7699922,"010802050105",0.221913,0.1109565,"CT",1,27.4179059325,0,0,0,0
"537",7699926,"010802050201",3.763809,0.079039989,"CT",0,0,1,19.531176481845,0,0
"538",7699930,"010802050103",0.860089,0.12041246,"CT",0.9,26.77906883547,0,0,0.1,2.97545209283
"539",7699932,"010802050103",0.402678,0.1053808326,"CT",0.9,23.4361175756607,0,0,0.1,2.6040130639623
"540",7699936,"010802050104",2.911428,0.503677044,"CT",1,124.46111595762,0,0,0,0
"541",7699938,"010802050104",3.317979,0.4900654983,"CT",0,0,1,121.097634957421,0,0
"542",7699942,"010802050203",3.202795,1.0700538095,"CT",0.9,237.974081936848,0,0,0.1,26.4415646596497
"543",7699944,"010802050201",2.197789,0.3799977181,"CT",0,0,1,93.8993361311005,0,0
"544",7699946,"010802050103",4.250372,1.1994549784,"CT",1,296.391322437532,0,0,0,0
"545",7699952,"010802050203",3.577228,0.012520298,"CT",0.9,2.784445413561,0,0,0.1,0.309382823729
"546",7699954,"010802050203",3.106308,0.0422457888,"CT",1,10.439145641424,0,0,0,0
"547",7699956,"010802050203",1.606448,0.3543824288,"CT",0.9,78.8127030617616,0,0,0.1,8.7569670068624
"548",7699958,"010802050103",2.588313,0.7948709223,"CT",0,0,1,196.416579254941,0,0
"549",7699960,"010802050203",3.251752,0.0045524528,"CT",0,0,1,1.124933849144,0,0
"550",7699962,"010802050104",1.485704,0.11514206,"CT",0.9,25.60696086267,0,0,0.1,2.84521787363
"551",7699964,"010802050103",10.428724,1.9637287292,"CT",0.9,436.722468866069,0,0,0.1,48.5247187628966
"552",7699966,"010802050203",4.574289,1.9568808342,"CT",0.9,435.199534681492,0,0,0.1,48.3555038534991
"553",7699968,"010802050104",0.676326,0.0170434152,"CT",1,4.211513112996,0,0,0,0
"554",7699970,"010802050104",3.482589,0.5561694633,"CT",0.9,123.689029705872,0,0,0.1,13.7432255228746
"555",7699972,"010802050104",7.723192,1.3538755576,"CT",0.9,301.094477694673,0,0,0.1,33.4549419660748
"556",7699974,"010802050103",11.544126,1.9832808468,"CT",0.9,441.070752283663,0,0,0.1,49.0078613648514
"557",7699976,"010802050104",2.013951,0.2646331614,"CT",1,65.392177347747,0,0,0,0
"558",7699978,"010802050203",8.698855,2.9689192115,"CT",0,0,1,733.634781757708,0,0
"559",7699980,"010802050203",12.573674,2.3801964882,"CT",0.9,529.342607894995,0,0,0.1,58.8158453216661
"560",7699982,"010802050203",6.464112,0.4272778032,"CT",0,0,1,105.582481559736,0,0
"561",7699984,"010802050401",3.252834,0.0045539676,"CT",0.9,1.0127773474182,0,0,0.1,0.1125308163798
"562",7699986,"010802050104",1.989747,0.1088391609,"CT",0,0,1,26.8947008541945,0,0
"563",7699988,"010802050202",1.365644,0.002731288,"CT",1,0.67491492124,0,0,0,0
"564",7699990,"010802050105",12.106053,2.275937964,"CT",0,0,1,562.39565059422,0,0
"565",7699992,"010802050104",5.133494,1.244872295,"CT",0,0,1,307.614168455975,0,0
"566",7699994,"010802050105",5.36443,1.32501421,"CT",0.9,294.675872725845,0,0,0.1,32.741763636205
"567",7699996,"010802050104",2.248848,0.5934709872,"CT",0.9,131.98468346285,0,0,0.1,14.6649648292056
"568",7699998,"010802050202",6.497679,1.6237699821,"CT",0,0,1,401.24168142682,0,0
"569",7700000,"010802050202",1.109806,0.5742136244,"CT",1,141.891057657362,0,0,0,0
"570",7700002,"010802050202",6.849332,0.7595909188,"CT",0,0,1,187.698713990074,0,0
"571",7700004,"010802050202",3.134636,0.6419734528,"CT",0.9,142.77136504873,0,0,0.1,15.8634850054144
"572",7700006,"010802050202",3.909223,0.5781740817,"CT",0.9,128.582735812631,0,0,0.1,14.2869706458479
"573",7700008,"010802050105",2.657415,0.777559629,"CT",0,0,1,192.138872124045,0,0
"574",7700010,"010802050202",3.527884,1.5409797312,"CT",0,0,1,380.783796478176,0,0
"575",7700012,"010802050202",7.236843,0.694736928,"CT",0,0,1,171.67296859344,0,0
"576",7700014,"010802050202",5.718945,1.740846858,"CT",0,0,1,430.17196284609,0,0
"577",7700020,"010802050203",1.382104,0.3800786,"CT",0.9,84.5273902077,0,0,0.1,9.3919322453
"578",7700022,"010802050203",2.177021,0.3263354479,"CT",1,80.6391208533295,0,0,0,0
"579",7700024,"010802050105",9.131878,1.725924942,"CT",0,0,1,426.48468279291,0,0
"580",7700026,"010802050401",0.876767,0.031563612,"CT",0.9,7.019573708934,0,0,0.1,0.779952634326
"581",7700030,"010802050203",2.888837,0.3561936021,"CT",0.9,79.2154980422284,0,0,0.1,8.80172200469205
"582",7700032,"010802050203",5.630042,1.874803986,"CT",0,0,1,463.27343896053,0,0
"583",7700036,"010802050203",11.432083,3.5313704387,"CT",0.9,785.357363029467,0,0,0.1,87.2619292254964
"584",7700038,"010802050401",1.181408,0.2411253728,"CT",0.9,53.6249567211696,0,0,0.1,5.9583285245744
"585",7700040,"010802050203",1.177406,0.2695082334,"CT",1,66.596832014307,0,0,0,0
"586",7700042,"010802050203",1.579498,0.296945624,"CT",1,73.37674841852,0,0,0,0
"587",7700044,"010802050402",1.728664,0.0945579208,"CT",0.9,21.0291615173556,0,0,0.1,2.3365735019284
"588",7700046,"010802050203",0.650011,0.2343939666,"CT",1,57.919921116693,0,0,0,0
"589",7700048,"010802050203",4.245183,0.9352138149,"CT",0.9,207.986408757778,0,0,0.1,23.1096009730865
"590",7700050,"010802050302",5.630315,0.4904004365,"CT",0,0,1,121.180399861333,0,0
"591",7700052,"010802050203",3.294917,0.5723270829,"CT",0,0,1,141.424883820004,0,0
"592",7700054,"010802050302",2.516395,0.5926110225,"CT",0,0,1,146.437146714863,0,0
"593",7700056,"010802050203",1.696913,0.1259109446,"CT",1,31.113223965383,0,0,0,0
"594",7700058,"010802050402",4.751398,0.7844558098,"CT",0.9,174.458657592566,0,0,0.1,19.3842952880629
"595",7700060,"010802050401",6.644878,1.5369602814,"CT",0.9,341.811513301812,0,0,0.1,37.9790570335347
"596",7700064,"010802050502",4.386747,0.5737865076,"CT",0,0,1,141.785514960498,0,0
"597",7700066,"010802050502",7.529291,2.3897969634,"CT",0,0,1,590.530778640957,0,0
"598",7700068,"010802050402",5.97339,0.13738797,"CT",0.9,30.554328894165,0,0,0.1,3.394925432685
"599",7700070,"010802050502",2.069312,0.2594917248,"CT",0.9,57.7095323910336,0,0,0.1,6.4121702656704
"600",7700074,"010802050402",6.676009,0.8118026944,"CT",0,0,1,200.600504799712,0,0
"601",7700076,"010802050402",1.277691,0.1096258878,"CT",1,27.089105004819,0,0,0,0
"602",7700078,"010802050402",0.435464,0.0009144744,"CT",1,0.225971196612,0,0,0,0
"603",7700080,"010802050402",4.240399,0.3786676307,"CT",0.9,84.2135983957111,0,0,0.1,9.35706648841235
"604",7700082,"010802050402",5.105193,0.4119890751,"CT",0,0,1,101.804560402586,0,0
"605",7700084,"010802050501",13.190894,1.9311468816,"CT",0.9,429.476445159991,0,0,0.1,47.7196050177768
"606",7700086,"010802050501",0.249257,0.0523688957,"CT",1,12.9406159719485,0,0,0,0
"607",7700088,"010802050302",5.373514,0.6974821172,"CT",0,0,1,172.351318570706,0,0
"608",7700090,"010802050402",0.344761,0.064815068,"CT",0.9,14.414514640326,0,0,0.1,1.601612737814
"609",7700092,"010802050402",1.104043,0.2139635334,"CT",0.9,47.5843130287263,0,0,0.1,5.2871458920807
"610",7700094,"010802050501",1.263486,0.3621150876,"CT",0.9,80.5324038492582,0,0,0.1,8.9480448721398
"611",7700098,"010802050302",14.17591,3.087513198,"CT",0.9,686.645953912611,0,0,0.1,76.293994879179
"612",7700100,"010802050302",2.356596,0.523164312,"CT",0.9,116.348865585084,0,0,0.1,12.927651731676
"613",7700102,"010802050402",2.91826,0.961858496,"CT",0.9,213.912039288672,0,0,0.1,23.768004365408
"614",7700104,"010802050502",6.718067,2.14978144,"CT",0,0,1,531.2217427312,0,0
"615",7700106,"010802050402",1.371619,0.0053493141,"CT",1,1.3218422606805,0,0,0,0
"616",7700108,"010802050501",1.084343,0.1422658016,"CT",0.9,31.6391318139312,0,0,0.1,3.5154590904368
"617",7700110,"010802050302",2.381538,0.5827623486,"CT",0,0,1,144.003490150803,0,0
"618",7700112,"010802050501",0.803746,0.20495523,"CT",0.9,45.580915898235,0,0,0.1,5.064546210915
"619",7700114,"010802050501",7.573788,1.5935249952,"CT",0,0,1,393.767993938896,0,0
"620",7700116,"010802050302",1.70665,0.258216145,"CT",1,63.806500510225,0,0,0,0
"621",7700118,"010802050502",8.820829,1.5057155103,"CT",0,0,1,372.069831172681,0,0
"622",7700120,"010802050302",0.013366,0.000835375,"CT",0.9,0.1857828054375,0,0,0.1,0.0206425339375
"623",7700122,"010802050402",0.466327,0.1965101978,"CT",0.9,43.7027871846321,0,0,0.1,4.8558652427369
"624",7700124,"010802050402",3.706383,0.1097089368,"CT",0.9,24.3986641451676,0,0,0.1,2.7109626827964
"625",7700126,"010802050501",4.20551,1.026564991,"CT",0,0,1,253.669342101055,0,0
"626",7700128,"010802050302",10.732682,0.3552517742,"CT",0,0,1,87.784489663691,0,0
"627",7700130,"010802050501",4.57495,1.89036934,"CT",0,0,1,467.1197157607,0,0
"628",7700132,"010802050302",3.086304,0.7073808768,"CT",0.9,157.317616405498,0,0,0.1,17.4797351561664
"629",7700134,"010802050402",4.343185,0.004343185,"CT",0.9,0.9659004564825,0,0,0.1,0.1073222729425
"630",7700136,"010802050501",4.368925,0.944561585,"CT",0,0,1,233.405890461425,0,0
"631",7700138,"010802050402",7.048519,2.3415180118,"CT",0,0,1,578.600808305839,0,0
"632",7700140,"010802050502",2.399708,0.6265637588,"CT",1,154.827037618274,0,0,0,0
"633",7700142,"010802050402",0.179817,0.06833046,"CT",1,16.8847983183,0,0,0,0
"634",7700146,"010802050402",0.076157,0.0422062094,"CT",1,10.429365373787,0,0,0,0
"635",7700148,"010802050402",1.916596,0.5353052628,"CT",0.9,119.048946267775,0,0,0.1,13.2276606964194
"636",7700150,"010802050402",3.961818,1.2820443048,"CT",0,0,1,316.799557937604,0,0
"637",7700152,"010802050402",2.78078,1.159863338,"CT",0,0,1,286.60803013649,0,0
"638",7700154,"010802050402",2.314774,0.6305444376,"CT",0.9,140.229614927833,0,0,0.1,15.5810683253148
"639",7700158,"010802050402",0.758414,0.0090251266,"CT",0.9,2.0071385176437,0,0,0.1,0.2230153908493
"640",7700160,"010802050402",1.255969,0.0144436435,"CT",1,3.5690965270675,0,0,0,0
"641",7700162,"010802050402",2.43661,0.699550731,"CT",0.9,155.57623504538,0,0,0.1,17.2862483383755
"642",7700164,"010802050402",2.556979,1.0197232252,"CT",0.9,226.780836806741,0,0,0.1,25.1978707563046
"643",7700166,"010802050303",8.659727,3.2439337342,"CT",0.9,721.433020850542,0,0,0.1,80.1592245389491
"644",7700168,"010802050402",0.912404,0.483117918,"CT",1,119.38085312739,0,0,0,0
"645",7700172,"010802050801",0.794826,0.0116044596,"CT",0.9,2.5807679905122,0,0,0.1,0.2867519989458
"646",7700174,"010802050402",3.597342,1.4526066996,"CT",0,0,1,358.946378504658,0,0
"647",7700176,"010802050402",0.967654,0.1962402312,"CT",0.9,43.6427480976084,0,0,0.1,4.8491942330676
"648",7700178,"010802050402",0.030726,0.0035119818,"CT",1,0.867828262689,0,0,0,0
"649",7700180,"010802050402",2.920347,0.6018835167,"CT",0,0,1,148.728426394154,0,0
"650",7700184,"010802050402",1.603356,0.1734831192,"CT",1,42.868546169916,0,0,0,0
"651",7700186,"010802050402",0.045981,0.0036049104,"CT",0.9,0.8017122459528,0,0,0.1,0.0890791384392
"652",7700188,"010802050402",3.624751,0.1547768677,"CT",0.9,34.4215241037076,0,0,0.1,3.82461378930085
"653",7700190,"010802050503",3.120688,0.8575650624,"CT",0,0,1,211.908614744352,0,0
"654",7700192,"010802050503",2.821932,0.2429683452,"CT",0,0,1,60.038692940646,0,0
"655",7700194,"010802050502",8.677757,3.3643663889,"CT",0,0,0.5841203722,485.609497452922,0,0
"656",7700196,"010802050503",1.361772,0.3713552244,"CT",0.9,82.5873594528258,0,0,0.1,9.1763732725362
"657",7700198,"010802050503",4.552635,0.149326428,"CT",0.9,33.209376291846,0,0,0.1,3.689930699094
"658",7700200,"010802050503",3.300732,0.851588856,"CT",0,0,1,210.43186426188,0,0
"659",7700204,"010802050301",1.275762,0.231550803,"CT",1,57.217361175315,0,0,0,0
"660",7700206,"010802050301",0.528958,0.057391943,"CT",1,14.181836075015,0,0,0,0
"661",7700208,"010802050503",6.346204,1.8258028908,"CT",0.9,406.048520998021,0,0,0.1,45.1165023331134
"662",7700210,"010802050504",7.072273,0.0106084095,"CT",1,2.6213910294975,0,0,0,0
"663",7700212,"010802050503",4.945516,1.8244008524,"CT",0.9,405.736715369072,0,0,0.1,45.0818572632302
"664",7700216,"010802050503",0.357345,0.092480886,"CT",1,22.85248933503,0,0,0,0
"665",7700218,"010802050503",12.190698,0.4839707106,"CT",0.9,107.632424198532,0,0,0.1,11.9591582442813
"666",7700220,"010802050303",2.394057,0.8927438553,"CT",0.9,198.541323327516,0,0,0.1,22.0601470363907
"667",7700222,"010802050503",0.069183,0.0053201727,"CT",0.9,1.18317714753015,0,0,0.1,0.13146412750335
"668",7700224,"010802050503",5.07838,1.464096954,"CT",0,0,1,361.78567781817,0,0
"669",7700228,"010802050303",1.635817,0.3945590604,"CT",0.9,87.7477649581278,0,0,0.1,9.7497516620142
"670",7700230,"010802050505",0.175325,0.07461832,"CT",0.9,16.59470396724,0,0,0.1,1.84385599636
"671",7700232,"010802050801",1.418134,0.0153158472,"CT",1,3.784622422356,0,0,0,0
"672",7700234,"010802050303",4.52417,2.109168054,"CT",0,0,1,521.18597198367,0,0
"673",7700236,"010802050505",5.31688,0.465758688,"CT",0.9,103.582170538416,0,0,0.1,11.509130059824
"674",7700238,"010802050801",0.896783,0.0324635446,"CT",1,8.021904188383,0,0,0,0
"675",7700240,"010802050801",0.133041,0.0027007323,"CT",0.9,0.60062800949235,0,0,0.1,0.06673644549915
"676",7700242,"010802050505",1.529978,0.3338411996,"CT",1,82.493829627158,0,0,0,0
"677",7700244,"010802050505",2.022235,0.2432748705,"CT",1,60.1144368749025,0,0,0,0
"678",7700246,"010802050505",2.377293,0.9951348498,"CT",0,0,1,245.902797059829,0,0
"679",7700248,"010802050505",0.903629,0.0899110855,"CT",1,22.2174787824775,0,0,0,0
"680",7700250,"010802050801",1.533515,0.0936977665,"CT",0.9,20.8378679318843,0,0,0.1,2.31531865909825
"681",7700252,"010802050505",0.380906,0.0285298594,"CT",0.9,6.3448838163333,0,0,0.1,0.7049870907037
"682",7700254,"010802050303",5.796307,1.6977383203,"CT",0,0,1,419.519627637731,0,0
"683",7700256,"010802050505",0.730092,0.2373529092,"CT",1,58.651090627866,0,0,0,0
"684",7700260,"010802050504",1.098402,0.0523937754,"CT",0.9,11.6520874831953,0,0,0.1,1.2946763870217
"685",7700262,"010802050504",5.489239,0.0801428894,"CT",0.9,17.8233378166683,0,0,0.1,1.9803708685187
"686",7700264,"010802050303",8.23895,3.072304455,"CT",0,0,1,759.181792352775,0,0
"687",7700266,"010802050505",4.100758,0.2046278242,"CT",0,0,1,50.564558498941,0,0
"688",7700268,"010802050505",0.214253,0.0300811212,"CT",1,7.433195454126,0,0,0,0
"689",7700270,"010802050505",1.589591,0.5091459973,"CT",0,0,1,125.812521662816,0,0
"690",7700272,"010802050505",3.682641,0.1738206552,"CT",0.9,38.6567577028764,0,0,0.1,4.2951953003196
"691",7700274,"010802050505",0.225926,0.0729063202,"CT",1,18.015516253021,0,0,0,0
"692",7700276,"010802050801",2.572762,0.1379000432,"CT",0.9,30.6682111574424,0,0,0.1,3.4075790174936
"693",7700278,"010802050505",0.573536,0.1620812736,"CT",1,40.051093112928,0,0,0,0
"694",7700282,"010802050801",5.130707,0.0631076961,"CT",0.9,14.0348045203115,0,0,0.1,1.55942272447905
"695",7700284,"010802050801",4.930505,0.212011715,"CT",0.9,47.1502393515675,0,0,0.1,5.2389154835075
"696",7700286,"010802050505",1.277811,0.5076743103,"CT",0.9,112.903974402013,0,0,0.1,12.5448860446682
"697",7700288,"010802050303",8.286091,2.6275194561,"CT",0,0,1,649.273195199591,0,0
"698",7700290,"010802050303",6.533227,2.7785814431,"CT",0.9,617.941230747503,0,0,0.1,68.6601367497226
"699",7700292,"010802050801",0.816549,0.0035928156,"CT",0.9,0.7990224289542,0,0,0.1,0.0887802698838
"700",7700294,"010802050504",3.447848,0.246521132,"CT",0.9,54.824943890574,0,0,0.1,6.091660432286
"701",7700300,"010802050505",4.789,1.2010812,"CT",0.9,267.1138529334,0,0,0.1,29.6793169926
"702",7700302,"010802050504",3.410083,0.0791139256,"CT",1,19.549446585388,0,0,0,0
"703",7700304,"010802050504",14.819205,0.9054534255,"CT",0.9,201.36786183736,0,0,0.1,22.3742068708178
"704",7700306,"010802050505",6.037998,1.7099610336,"CT",0,0,1,422.539921207728,0,0
"705",7700308,"010802050504",2.354976,0.0207237888,"CT",1,5.120951831424,0,0,0,0
"706",7700310,"010802050805",7.730074,0.2210801164,"CT",0,0,1,54.630002163022,0,0
"707",7700312,"010802050506",0.763283,0.2061627383,"CT",1,50.9438434476215,0,0,0,0
"708",7700314,"010802050603",3.472615,0.667436603,"CT",0.9,148.434229605884,0,0,0.1,16.4926921784315
"709",7700316,"010802050801",1.148627,0.05743135,"CT",0.9,12.772416367575,0,0,0.1,1.419157374175
"710",7700318,"010802050802",3.092861,0.0250521741,"CT",1,6.1905174809805,0,0,0,0
"711",7700320,"010802050506",5.931105,1.529038869,"CT",0,0,1,377.833149724245,0,0
"712",7700322,"010802050603",3.198,0.868257,"CT",0,0,1,214.550645985,0,0
"713",7700324,"010802050603",6.185099,1.1955796367,"CT",0.9,265.890335514078,0,0,0.1,29.5433706126754
"714",7700326,"010802050603",0.901449,0.0586843299,"CT",0.9,13.0510722059455,0,0,0.1,1.45011913399395
"715",7700328,"010802050801",12.283889,0.6522745059,"CT",0,0,1,161.18029178042,0,0
"716",7700334,"010802050601",0.705235,0.189567168,"CT",1,46.84299504864,0,0,0,0
"717",7700338,"010802050805",1.170281,0.0341722052,"CT",1,8.444122765946,0,0,0,0
"718",7700342,"010802050802",4.364126,0.0074190142,"CT",1,1.833275503891,0,0,0,0
"719",7700346,"010802050601",4.503325,0.3300937225,"CT",0.9,73.4110283685263,0,0,0.1,8.15678092983625
"720",7700350,"010802050805",6.709495,0.131506102,"CT",0.9,29.246233801239,0,0,0.1,3.249581533471
"721",7700352,"010802050805",1.082482,0.013531025,"CT",1,3.343583932625,0,0,0,0
"722",7700354,"010802050801",8.396493,0.3803611329,"CT",0.9,84.590223970729,0,0,0.1,9.39891377452545
"723",7700356,"010802050601",1.522279,0.2415856773,"CT",0.9,53.7273259102948,0,0,0.1,5.96970287892165
"724",7700358,"010802050601",0.106759,0.017188199,"CT",0.9,3.8225609225055,0,0,0.1,0.4247289913895
"725",7700366,"010802050603",4.743242,0.7736227702,"CT",0,0,1,191.166054630271,0,0
"726",7700368,"010802050601",1.422242,0.0531918508,"CT",0.9,11.8295750627406,0,0,0.1,1.3143972291934
"727",7700372,"010802050603",0.357052,0.0534506844,"CT",1,13.207931368662,0,0,0,0
"728",7700374,"010802050603",7.985756,1.7864136172,"CT",0,0,1,441.431736878206,0,0
"729",7700376,"010802050603",0.934341,0.2057418882,"CT",1,50.839849283661,0,0,0,0
"730",7700378,"010802050601",0.861964,0.1373108652,"CT",0.9,30.5371812107214,0,0,0.1,3.3930201345246
"731",7700380,"010802050603",4.179438,1.0373365116,"CT",0.9,230.697934829026,0,0,0.1,25.6331038698918
"732",7700382,"010802050506",10.111557,0.525800964,"CT",0,0,1,129.92804720922,0,0
"733",7700386,"010802050802",2.447401,0.1089093445,"CT",1,26.9120435726725,0,0,0,0
"734",7700390,"010802050803",0.101445,0.0393505155,"CT",0.9,8.75133821936475,0,0,0.1,0.97237091326275
"735",7700392,"010802050603",8.499834,0.7794347778,"CT",0,0,1,192.602230768269,0,0
"736",7700394,"010802050802",2.398594,0.1088961676,"CT",1,26.908787494798,0,0,0,0
"737",7700396,"010802050601",1.093077,0.0531235422,"CT",1,13.127092895331,0,0,0,0
"738",7700398,"010802050601",4.791538,0.7446050052,"CT",0,0,1,183.995619809946,0,0
"739",7700400,"010802050802",5.355382,0.13388455,"CT",0.9,29.775187554975,0,0,0.1,3.308354172775
"740",7700402,"010802050603",0.091192,0.0018056016,"CT",1,0.446173183368,0,0,0,0
"741",7700406,"010802050603",3.066717,0.7599324726,"CT",0,0,1,187.783113641823,0,0
"742",7700408,"010802050805",4.49378,0.102458184,"CT",0,0,1,25.31792955732,0,0
"743",7700414,"010802050802",4.880048,0.5460773712,"CT",0.9,121.444603929338,0,0,0.1,13.4938448810376
"744",7700416,"010802050603",3.080699,0.3496593365,"CT",1,86.4025703458325,0,0,0,0
"745",7700418,"010802050603",2.774625,0.310758,"CT",0.9,69.110870031,0,0,0.1,7.678985559
"746",7700420,"010802050803",3.218123,0.0115852428,"CT",0.9,2.5764942798846,0,0,0.1,0.2862771422094
"747",7700422,"010802050601",2.182157,0.0054553925,"CT",0.9,1.21324928734125,0,0,0.1,0.13480547637125
"748",7700424,"010802050603",1.566796,0.241286584,"CT",1,59.62312133932,0,0,0,0
"749",7700428,"010802050803",0.875686,0.000875686,"CT",0.9,0.194747750127,0,0,0.1,0.021638638903
"750",7700430,"010802050603",3.280848,0.370735824,"CT",0,0,1,91.61067578952,0,0
"751",7700432,"010802050702",0.499362,0.0493869018,"CT",0.9,10.9833753323601,0,0,0.1,1.2203750369289
"752",7700434,"010802050603",1.955591,0.068445685,"CT",1,16.913270991925,0,0,0,0
"753",7700436,"010802050802",0.068535,0.008114544,"CT",0.9,1.804629955608,0,0,0.1,0.200514439512
"754",7700440,"010802050603",1.978697,0.4398643431,"CT",0,0,1,108.692678501725,0,0
"755",7700442,"010802050603",3.49771,0.544593447,"CT",0.9,121.114587348842,0,0,0.1,13.4571763720935
"756",7700448,"010802050603",2.179846,0.0568939806,"CT",1,14.058787076163,0,0,0,0
"757",7700450,"010802050702",0.854505,0.445709808,"CT",1,110.13712210584,0,0,0,0
"758",7700452,"010802050802",0.0872,0.00179632,"CT",0.9,0.39949168824,0,0,0.1,0.04438796536
"759",7700454,"010802050802",0.141522,0.0045003996,"CT",0.9,1.0008641188422,0,0,0.1,0.1112071243158
"760",7700456,"010802050802",5.401449,0.0394305777,"CT",1,9.7434929025585,0,0,0,0
"761",7700458,"010802050805",0.039618,0.0017590392,"CT",1,0.434667381516,0,0,0,0
"762",7700460,"010802050805",5.524792,0.0298338768,"CT",1,7.372100126664,0,0,0,0
"763",7700464,"010802050702",4.631046,0.0953995476,"CT",0.9,21.2163346887282,0,0,0.1,2.3573705209698
"764",7700466,"010802050603",3.108489,0.2443272354,"CT",0,0,1,60.374481503517,0,0
"765",7700470,"010802050702",0.177364,0.0868906236,"CT",1,21.471107544678,0,0,0,0
"766",7700476,"010802050802",2.893416,0.085355772,"CT",0.9,18.982654236054,0,0,0.1,2.109183804006
"767",7700478,"010802050802",1.94474,0.017113712,"CT",0.9,3.805995423384,0,0,0.1,0.422888380376
"768",7700480,"010802050702",1.392108,0.3776789004,"CT",1,93.326344683342,0,0,0,0
"769",7700482,"010802050702",1.425642,0.0799785162,"CT",0.9,17.7867821210409,0,0,0.1,1.9763091245601
"770",7700484,"010802050805",4.141947,0.0459756117,"CT",0.9,10.2247231762157,0,0,0.1,1.13608035291285
"771",7700486,"010802050903",0.240474,0.0009138012,"CT",0.9,0.2032243609734,0,0,0.1,0.0225804845526
"772",7700488,"010802050602",1.862021,0.2988543705,"CT",1,73.8484092224025,0,0,0,0
"773",7700496,"010802050903",1.713712,0.0071975904,"CT",0.9,1.6007045182128,0,0,0.1,0.1778560575792
"774",7700498,"010802050902",1.503795,0.06917457,"CT",1,17.09338211985,0,0,0,0
"775",7700500,"010802050603",0.0027,0.00089991,"CT",0.9,0.200135034495,0,0,0.1,0.022237226055
"776",7700502,"010802050805",3.146854,0.0648251924,"CT",0,0,1,16.018629168002,0,0
"777",7700510,"010802050803",11.103111,0.4818750174,"CT",0,0,1,119.073726174627,0,0
"778",7700516,"010802050702",6.624326,0.8571877844,"CT",0.9,190.633848717746,0,0,0.1,21.1815387464162
"779",7700518,"010802050602",5.355379,0.3684500752,"CT",0.9,81.9412702490664,0,0,0.1,9.1045855832296
"780",7700520,"010802050602",0.005119,0.0008533373,"CT",0.9,0.18977752216485,0,0,0.1,0.02108639135165
"781",7700522,"010802050602",0.268489,0.0207273508,"CT",1,5.121832019434,0,0,0,0
"782",7700524,"010802050805",3.000724,0.0054013032,"CT",1,1.334689027236,0,0,0,0
"783",7700526,"010802050805",0.413829,0.0017794647,"CT",1,0.4397146246935,0,0,0,0
"784",7700528,"010802050804",0.023558,0.0016820412,"CT",0.9,0.3740767116534,0,0,0.1,0.0415640790726
"785",7700530,"010802050702",1.96527,0.22797132,"CT",1,56.3328530286,0,0,0,0
"786",7700532,"010802050602",4.232737,0.558721284,"CT",0.9,124.256540594538,0,0,0.1,13.806282288282
"787",7700534,"010802050804",6.902876,0.1573855728,"CT",0,0,1,38.890761966744,0,0
"788",7700536,"010802050602",3.277279,0.4099876029,"CT",1,101.309986614604,0,0,0,0
"789",7700538,"010802050602",0.074086,0.0009038492,"CT",0.9,0.2010110909094,0,0,0.1,0.0223345656566
"790",7700540,"010802050902",3.686816,0.0272824384,"CT",0.9,6.0674642467488,0,0,0.1,0.6741626940832
"791",7700542,"010802050602",1.538739,0.0881697447,"CT",0.9,19.6084662876842,0,0,0.1,2.17871847640935
"792",7700546,"010802050902",4.496418,0.076439106,"CT",0.9,16.999636759317,0,0,0.1,1.888848528813
"793",7700548,"010802050903",1.251017,0.0036279493,"CT",0.9,0.80683597059885,0,0,0.1,0.08964844117765
"794",7700550,"010802050702",13.049771,1.7669389934,"CT",0.9,392.957513967696,0,0,0.1,43.6619459964107
"795",7700552,"010802050903",5.843434,0.0975853478,"CT",1,24.113827368119,0,0,0,0
"796",7700556,"010802050804",3.612897,0.1502965152,"CT",0.9,33.4251183496464,0,0,0.1,3.7139020388496
"797",7700558,"010802050701",8.226049,0.2920247395,"CT",0,0,1,72.1607732541475,0,0
"798",7700560,"010802050701",0.211974,0.0017593842,"CT",0.9,0.3912773694669,0,0,0.1,0.0434752632741
"799",7700564,"010802050702",1.315827,0.0532909935,"CT",1,13.1684709488175,0,0,0,0
"800",7700568,"010802050602",0.284511,0.0439569495,"CT",1,10.8619820061975,0,0,0,0
"801",7700690,"010802050201",0.6904,0.42590776,"CT",1,105.2439370348,0,0,0,0
"802",7700692,"010802050105",1.443823,0.3423304333,"CT",1,84.5915617205965,0,0,0,0
"803",7700694,"010802050201",3.908954,1.2751007948,"CT",0,0,1,315.083781899054,0,0
"804",7700696,"010802050105",6.166934,0.6672622588,"CT",0,0,1,164.883840460774,0,0
"805",7700698,"010802050203",9.42612,1.818298548,"CT",0.9,404.379596433186,0,0,0.1,44.931066270354
"806",7700700,"010802050104",4.96225,0.0297735,"CT",0.9,6.62146264575,0,0,0.1,0.73571807175
"807",7700702,"010802050203",12.707922,2.134930896,"CT",0,0,1,527.55209905608,0,0
"808",7700704,"010802050104",4.238615,0.099183591,"CT",1,24.508761254055,0,0,0,0
"809",7700708,"010802050104",1.334781,0.1066490019,"CT",0.9,23.7181514530496,0,0,0.1,2.63535016144995
"810",7700710,"010802050202",2.921985,0.88243947,"CT",0.9,196.249684710915,0,0,0.1,21.805520523435
"811",7700712,"010802050401",3.484876,0.0351972476,"CT",0,0,1,8.697415868198,0,0
"812",7700714,"010802050104",6.227175,0.4502247525,"CT",0,0,1,111.252787466513,0,0
"813",7700716,"010802050202",3.794037,1.0183195308,"CT",0,0,1,251.631847658334,0,0
"814",7700718,"010802050401",9.844755,0.2077243305,"CT",0,0,1,51.3297206882025,0,0
"815",7700720,"010802050202",3.729698,0.4184721156,"CT",0.9,93.0658969128042,0,0,0.1,10.3406552125338
"816",7700726,"010802050401",11.852165,3.72157981,"CT",0,0,1,919.62097895005,0,0
"817",7700728,"010802050401",13.404297,0.1903410174,"CT",0,0,1,47.034217104627,0,0
"818",7700730,"010802050401",6.002777,2.0859650075,"CT",0.9,463.907144860459,0,0,0.1,51.5452383178288
"819",7700732,"010802050401",2.603291,0.4292826859,"CT",0.9,95.4701082893875,0,0,0.1,10.6077898099319
"820",7700734,"010802050401",4.940442,0.7109296038,"CT",0.9,158.106833772299,0,0,0.1,17.5674259746999
"821",7700736,"010802050502",2.04381,0.285724638,"CT",0,0,1,70.60398667299,0,0
"822",7700738,"010802050402",0.547079,0.0629687929,"CT",0.9,14.0039132125991,0,0,0.1,1.55599035695545
"823",7700740,"010802050401",6.327939,1.4547931761,"CT",0.9,323.538001002171,0,0,0.1,35.948666778019
"824",7700742,"010802050302",4.477202,0.7293362058,"CT",0.9,162.200360820788,0,0,0.1,18.0222623134209
"825",7700744,"010802050302",8.809876,0.273106156,"CT",0,0,1,67.48589667838,0,0
"826",7700746,"010802050402",2.940919,0.8049295303,"CT",0,0,1,198.902111584781,0,0
"827",7700748,"010802050301",7.301014,0.6373785222,"CT",0.9,141.749477755408,0,0,0.1,15.7499419728231
"828",7700750,"010802050402",3.689671,0.2981254168,"CT",0,0,1,73.668281118364,0,0
"829",7700752,"010802050402",1.566372,0.210677034,"CT",0.9,46.853413637913,0,0,0.1,5.205934848657
"830",7700754,"010802050801",7.715034,0.1296125712,"CT",0,0,1,32.027914406376,0,0
"831",7700760,"010802050503",2.063411,0.4838698795,"CT",0,0,1,119.566666573847,0,0
"832",7700762,"010802050503",1.245222,0.5551199676,"CT",0.9,123.455627634418,0,0,0.1,13.7172919593798
"833",7700764,"010802050503",0.641878,0.1669524678,"CT",0.9,37.1293106001471,0,0,0.1,4.1254789555719
"834",7700770,"010802050301",15.212773,1.308298478,"CT",0,0,1,323.28709540619,0,0
"835",7700772,"010802050504",10.226419,0.30679257,"CT",0.9,68.228980208865,0,0,0.1,7.580997800985
"836",7700774,"010802050801",5.924467,0.017773401,"CT",0.9,3.9527066286945,0,0,0.1,0.4391896254105
"837",7700776,"010802050303",6.626526,2.4378989154,"CT",0,0,1,602.417011489917,0,0
"838",7700778,"010802050505",5.42696,1.24006036,"CT",0,0,1,306.4251152578,0,0
"839",7700780,"010802050504",7.425064,0.0846457296,"CT",0,0,1,20.916383012808,0,0
"840",7700784,"010802050505",8.880592,2.7902820064,"CT",0.9,620.543371672325,0,0,0.1,68.9492635191472
"841",7700788,"010802050801",11.533095,0.5109161085,"CT",0.9,113.624932491803,0,0,0.1,12.6249924990892
"842",7700790,"010802050802",8.188739,0.3242740644,"CT",0,0,1,80.129742683562,0,0
"843",7700792,"010802050801",4.71916,0.003775328,"CT",1,0.93290242544,0,0,0,0
"844",7700794,"010802050601",1.064657,0.3891321335,"CT",0.9,86.5408462636658,0,0,0.1,9.61564958485175
"845",7700796,"010802050601",27.831749,6.6156067373,"CT",0.9,1471.27455253846,0,0,0.1,163.474950282052
"846",7700798,"010802050601",0.163728,0.0413740656,"CT",0.9,9.2013646320792,0,0,0.1,1.0223738480088
"847",7700800,"010802050805",5.095998,0.0173263932,"CT",0,0,1,4.281438391686,0,0
"848",7700802,"010802050601",10.221706,0.6766769372,"CT",0.9,150.489229110125,0,0,0.1,16.7210254566806
"849",7700804,"010802050802",21.418093,0.6104156505,"CT",0.9,135.753083385122,0,0,0.1,15.0836759316803
"850",7700808,"010802050506",9.539587,0.276648023,"CT",0,0,1,68.361109723415,0,0
"851",7700810,"010802050801",17.282305,0.1227043655,"CT",0,0,1,30.3208622368775,0,0
"852",7700812,"010802050506",7.294991,0.1218263497,"CT",0.9,27.0935101283567,0,0,0.1,3.01039001426185
"853",7700814,"010802050601",1.710204,0.1178330556,"CT",1,29.117137204038,0,0,0,0
"854",7700816,"010802050801",0.389639,0.0476138858,"CT",0.9,10.5890663255481,0,0,0.1,1.1765629250609
"855",7700818,"010802050601",3.625668,0.1443015864,"CT",1,35.657643507372,0,0,0,0
"856",7700820,"010802050603",1.353603,0.1946481114,"CT",1,48.098521567497,0,0,0,0
"857",7700822,"010802050603",2.514164,0.64111182,"CT",0,0,1,158.4219362811,0,0
"858",7700824,"010802050603",2.882339,0.6104794002,"CT",0,0,1,150.852512186421,0,0
"859",7700826,"010802050802",4.521089,0.0424982366,"CT",0.9,9.4513740795387,0,0,0.1,1.0501526755043
"860",7700828,"010802050802",14.584413,0.5804596374,"CT",0.9,129.091030829754,0,0,0.1,14.3434478699727
"861",7700830,"010802050601",1.206647,0.0585223795,"CT",1,14.4611725863475,0,0,0,0
"862",7700832,"010802050801",7.881741,0.1615756905,"CT",1,39.9261610010025,0,0,0,0
"863",7700838,"010802050802",1.548041,0.0512401571,"CT",0.9,11.3955291181759,0,0,0.1,1.26616990201955
"864",7700840,"010802050805",7.694283,0.0092331396,"CT",0,0,1,2.281554960858,0,0
"865",7700842,"010802050802",0.082966,0.0044635708,"CT",1,1.102970662534,0,0,0,0
"866",7700844,"010802050702",0.789758,0.1386815048,"CT",1,34.268893243604,0,0,0,0
"867",7700846,"010802050801",7.765937,0.0264041858,"CT",0,0,1,6.524606332109,0,0
"868",7700848,"010802050702",1.584009,0.0098208558,"CT",0.9,2.1841043152131,0,0,0.1,0.2426782572459
"869",7700850,"010802050802",1.959575,0.027042135,"CT",1,6.682246769175,0,0,0,0
"870",7700852,"010802050802",3.887254,0.2495617068,"CT",0.9,55.5011510029326,0,0,0.1,6.1667945558814
"871",7700854,"010802050805",0.66028,0.005414296,"CT",1,1.33789961308,0,0,0,0
"872",7700856,"010802050602",5.441004,1.107244314,"CT",0,0,1,273.60560621097,0,0
"873",7700858,"010802050803",5.757196,0.0483604464,"CT",0.9,10.7550972969048,0,0,0.1,1.1950108107672
"874",7700862,"010802050702",3.061117,0.0064283457,"CT",0.9,1.42962872777865,0,0,0.1,0.15884763641985
"875",7700864,"010802050803",7.785046,0.0529383128,"CT",1,13.081321784444,0,0,0,0
"876",7700866,"010802050804",1.897147,0.0045531528,"CT",0.9,1.0125961403796,0,0,0.1,0.1125106822644
"877",7700868,"010802050602",2.451142,0.1865319062,"CT",0.9,41.4836700133959,0,0,0.1,4.6092966681551
"878",7700870,"010802050602",0.350691,0.0724878297,"CT",0.9,16.1208946422167,0,0,0.1,1.79121051580185
"879",7700874,"010802050802",8.337237,0.0491896983,"CT",0,0,1,12.1550203984215,0,0
"880",7700880,"010802050203",0.149064,0.022657728,"CT",0.9,5.038954089696,0,0,0.1,0.559883787744
"881",7700882,"010802050203",0.17622,0.004546476,"CT",1,1.12345695198,0,0,0,0
"882",7700884,"010802050203",0.1944,0.00532656,"CT",1,1.3162196088,0,0,0,0
"883",7700886,"010802050203",0.936318,0.1414776498,"CT",1,34.959834653829,0,0,0,0
"884",7700888,"010802050105",0.102713,0.0504526256,"CT",1,12.467096048888,0,0,0,0
"885",7700892,"010802050105",0.204355,0.039440515,"CT",0.9,8.7713536131675,0,0,0.1,0.9745948459075
"886",7700894,"010802050105",0.137134,0.0363267966,"CT",1,8.976533073843,0,0,0,0
"887",7700896,"010802050105",0.059857,0.0102594898,"CT",1,2.535171227029,0,0,0,0
"888",7700898,"010802050105",1.295918,0.3736131594,"CT",1,92.321679753537,0,0,0,0
"889",7700904,"010802050104",0.411493,0.0376516095,"CT",1,9.3039009654975,0,0,0,0
"890",7700906,"010802050202",0.166991,0.0499971054,"CT",1,12.354534729867,0,0,0,0
"891",7700908,"010802050105",0.036936,0.004395384,"CT",0.9,0.977509226988,0,0,0.1,0.108612136332
"892",7700910,"010802050105",10.840074,1.7354958474,"CT",0,0,1,428.849701371777,0,0
"893",7700912,"010802050202",0.761557,0.1868099321,"CT",0.9,41.5455014444135,0,0,0.1,4.61616682715705
"894",7700914,"010802050104",0.364285,0.0554806055,"CT",1,13.7095350220775,0,0,0,0
"895",7700916,"010802050105",4.617004,1.0046600704,"CT",0.9,223.430874026573,0,0,0.1,24.8256526696192
"896",7700918,"010802050105",0.031159,0.00778975,"CT",1,1.92488617375,0,0,0,0
"897",7700920,"010802050401",9.767549,0.3399107052,"CT",0,0,1,83.993634808446,0,0
"898",7700922,"010802050203",2.157292,1.2022588316,"CT",0.9,267.375751724266,0,0,0.1,29.7084168582518
"899",7700924,"010802050105",0.815679,0.1270827882,"CT",0.9,28.2625131403449,0,0,0.1,3.1402792378161
"900",7700926,"010802050105",4.76091,1.143570582,"CT",0.9,254.323807798599,0,0,0.1,28.258200866511
"901",7700928,"010802050402",0.740156,0.0734974908,"CT",1,18.161597464134,0,0,0,0
"902",7700930,"010802050203",0.246813,0.0421803417,"CT",0.9,9.38067600220065,0,0,0.1,1.04229733357785
"903",7700934,"010802050502",11.808319,2.2849097265,"CT",0.9,508.151356170104,0,0,0.1,56.4612617966783
"904",7700936,"010802050402",0.456085,0.159538533,"CT",1,39.422769196965,0,0,0,0
"905",7700938,"010802050402",0.654403,0.0081145972,"CT",1,2.005157541106,0,0,0,0
"906",7700940,"010802050402",0.23525,0.067352075,"CT",0.9,14.9787310435875,0,0,0.1,1.6643034492875
"907",7700942,"010802050402",0.181314,0.0466702236,"CT",1,11.532445602678,0,0,0,0
"908",7700944,"010802050402",0.133449,0.0097150872,"CT",0.9,2.1605819603004,0,0,0.1,0.2400646622556
"909",7700946,"010802050502",1.914171,0.4649521359,"CT",1,114.891997541569,0,0,0,0
"910",7700952,"010802050302",0.161953,0.0305929217,"CT",1,7.5596639166785,0,0,0,0
"911",7700954,"010802050402",0.194768,0.0276960096,"CT",0.9,6.1594402069872,0,0,0.1,0.6843822452208
"912",7700956,"010802050302",0.965981,0.1940655829,"CT",0.9,43.159118276254,0,0,0.1,4.79545758625045
"913",7700958,"010802050501",0.600796,0.1097053496,"CT",1,27.108740412908,0,0,0,0
"914",7700960,"010802050501",0.078543,0.0133915815,"CT",1,3.3091267465575,0,0,0,0
"915",7700964,"010802050402",0.78307,0.019968285,"CT",0.9,4.4408367584325,0,0,0.1,0.4934263064925
"916",7700970,"010802050402",0.630319,0.1300348097,"CT",1,32.1322516509185,0,0,0,0
"917",7700972,"010802050402",0.097133,0.035647811,"CT",1,8.808752337155,0,0,0,0
"918",7700974,"010802050402",0.110422,0.0062830118,"CT",1,1.552563630839,0,0,0,0
"919",7700980,"010802050402",0.178783,0.0080094784,"CT",0.9,1.7812639440288,0,0,0.1,0.1979182160032
"920",7700982,"010802050402",0.712237,0.3231419269,"CT",1,79.8499858466245,0,0,0,0
"921",7700988,"010802050402",0.167515,0.0561342765,"CT",0.9,12.4839543550792,0,0,0.1,1.38710603945325
"922",7700990,"010802050801",1.566841,0.0794388387,"CT",0.9,17.6667608132671,0,0,0.1,1.96297342369635
"923",7700992,"010802050302",0.086185,0.000896324,"CT",1,0.22148614202,0,0,0,0
"924",7700994,"010802050402",0.470957,0.0027315506,"CT",0.9,0.6074818299117,0,0,0.1,0.0674979811013
"925",7700996,"010802050302",0.09274,0.03241263,"CT",0.9,7.208390642535,0,0,0.1,0.800932293615
"926",7700998,"010802050302",0.048126,0.009986145,"CT",0.9,2.2208637242025,0,0,0.1,0.2467626360225
"927",7701000,"010802050402",4.166987,0.8567325272,"CT",0,0,1,211.702891133756,0,0
"928",7701002,"010802050302",3.352014,1.0243754784,"CT",0,0,1,253.128302590032,0,0
"929",7701006,"010802050502",1.272983,0.1117679074,"CT",1,27.618408758077,0,0,0,0
"930",7701008,"010802050402",0.746131,0.1941432862,"CT",0.9,43.1763990628059,0,0,0.1,4.7973776736451
"931",7701010,"010802050402",2.249054,0.2141099408,"CT",1,52.907636921384,0,0,0,0
"932",7701012,"010802050402",2.180448,0.0636690816,"CT",1,15.732948408768,0,0,0,0
"933",7701014,"010802050402",1.410641,0.3312185068,"CT",1,81.845749122814,0,0,0,0
"934",7701018,"010802050301",0.105052,0.0256011724,"CT",0.9,5.6935599353118,0,0,0.1,0.6326177705902
"935",7701024,"010802050502",0.043301,0.0097210745,"CT",1,2.4021261143225,0,0,0,0
"936",7701028,"010802050301",0.084954,0.0234982764,"CT",0.9,5.2258874308398,0,0,0.1,0.5806541589822
"937",7701030,"010802050504",1.875779,0.001875779,"CT",0.9,0.4171629328155,0,0,0.1,0.0463514369795
"938",7701034,"010802050801",0.685102,0.043161426,"CT",1,10.66540417173,0,0,0,0
"939",7701036,"010802050801",0.980118,0.010781298,"CT",1,2.66411264229,0,0,0,0
"940",7701038,"010802050503",0.377981,0.0976324923,"CT",1,24.1254770097915,0,0,0,0
"941",7701042,"010802050801",0.209341,0.002721433,"CT",1,0.672479701465,0,0,0,0
"942",7701046,"010802050503",1.260437,0.1153299855,"CT",1,28.4986160669775,0,0,0,0
"943",7701050,"010802050503",0.664986,0.1619905896,"CT",0.9,36.0258161787972,0,0,0.1,4.0028684643108
"944",7701052,"010802050301",2.829747,0.3794690727,"CT",0.9,84.3918346885801,0,0,0.1,9.37687052095335
"945",7701054,"010802050505",21.955727,7.1312201296,"CT",0.9,1585.94413511233,0,0,0.1,176.216015012481
"946",7701056,"010802050505",0.084599,0.0209213327,"CT",1,5.1697659168335,0,0,0,0
"947",7701058,"010802050505",0.198665,0.0701088785,"CT",0.9,15.5918289795683,0,0,0.1,1.73242544217425
"948",7701060,"010802050504",0.882889,0.0268398256,"CT",0.9,5.9690295943992,0,0,0.1,0.6632255104888
"949",7701062,"010802050505",0.723836,0.1188538712,"CT",0.9,26.4324472585884,0,0,0.1,2.9369385842876
"950",7701064,"010802050505",1.42981,0.346442963,"CT",1,85.607788372115,0,0,0,0
"951",7701066,"010802050505",0.050317,0.0008805475,"CT",0.9,0.19582892098875,0,0,0.1,0.02175876899875
"952",7701070,"010802050505",2.705766,1.0311674226,"CT",1,254.806625961573,0,0,0,0
"953",7701074,"010802050505",0.253436,0.0384969284,"CT",1,9.512783492282,0,0,0,0
"954",7701078,"010802050505",0.448103,0.003584824,"CT",1,0.88582793452,0,0,0,0
"955",7701082,"010802050505",0.165879,0.0363772647,"CT",0.9,8.09010359432415,0,0,0.1,0.89890039936935
"956",7701084,"010802050303",0.034732,0.004237304,"CT",0.9,0.942353104428,0,0,0.1,0.104705900492
"957",7701086,"010802050505",0.092929,0.0429610767,"CT",1,10.6158968579535,0,0,0,0
"958",7701088,"010802050805",0.104857,0.0035231952,"CT",1,0.870599149896,0,0,0,0
"959",7701090,"010802050505",2.430729,1.3206150657,"CT",1,326.330585809798,0,0,0,0
"960",7701094,"010802050805",1.456162,0.0090282044,"CT",0.9,2.0078230034358,0,0,0.1,0.2230914448262
"961",7701096,"010802050506",0.398387,0.1058912646,"CT",1,26.166260938983,0,0,0,0
"962",7701098,"010802050506",11.566134,1.7996904504,"CT",0,0,1,444.712508746092,0,0
"963",7701102,"010802050805",0.792959,0.013480303,"CT",1,3.331050272815,0,0,0,0
"964",7701106,"010802050802",2.022659,0.408577118,"CT",0,0,1,100.96144874339,0,0
"965",7701112,"010802050506",5.162622,0.304594698,"CT",1,75.26687284929,0,0,0,0
"966",7701116,"010802050506",2.139644,0.0081306472,"CT",0.9,1.8082112187204,0,0,0.1,0.2009123576356
"967",7701120,"010802050803",0.225012,0.0205435956,"CT",1,5.076425190738,0,0,0,0
"968",7701122,"010802050601",0.345255,0.080237262,"CT",0.9,17.844325763859,0,0,0.1,1.982702862651
"969",7701126,"010802050506",1.299674,0.178705175,"CT",0.9,39.7430480415375,0,0,0.1,4.4158942268375
"970",7701128,"010802050601",0.372858,0.074198742,"CT",1,18.33488014191,0,0,0,0
"971",7701130,"010802050805",0.132214,0.0008858338,"CT",1,0.218893961149,0,0,0,0
"972",7701134,"010802050603",0.244075,0.0831563525,"CT",1,20.5483504845125,0,0,0,0
"973",7701136,"010802050803",0.24173,0.011675559,"CT",0.9,2.5965801060255,0,0,0.1,0.2885089006695
"974",7701142,"010802050601",0.14605,0.019234785,"CT",1,4.753011547425,0,0,0,0
"975",7701144,"010802050805",3.787966,0.032197711,"CT",1,7.956215376655,0,0,0,0
"976",7701146,"010802050702",1.435288,0.0099034872,"CT",0.9,2.2024810841004,0,0,0.1,0.2447201204556
"977",7701148,"010802050603",0.121442,0.0148523566,"CT",0.9,3.3030824198787,0,0,0.1,0.3670091577643
"978",7701150,"010802050603",0.271025,0.01355125,"CT",1,3.34858163125,0,0,0,0
"979",7701152,"010802050601",1.051065,0.0297451395,"CT",1,7.3501726961475,0,0,0,0
"980",7701156,"010802050601",0.496474,0.0080428788,"CT",0.9,1.7886920092866,0,0,0.1,0.1987435565874
"981",7701162,"010802050601",0.435088,0.0421600272,"CT",1,10.417953521256,0,0,0,0
"982",7701172,"010802050903",5.148367,0.1518768265,"CT",0.9,33.7765708910543,0,0,0.1,3.75295232122825
"983",7701174,"010802050602",0.313918,0.0250506564,"CT",1,6.190142449722,0,0,0,0
"984",7701176,"010802050603",0.190516,0.0035817008,"CT",1,0.885056176184,0,0,0,0
"985",7701178,"010802050506",11.222197,1.6687406939,"CT",0.9,371.118752249544,0,0,0.1,41.235416916616
"986",7701180,"010802050603",2.072279,0.4652266355,"CT",0.9,103.463844988705,0,0,0.1,11.4959827765227
"987",7701182,"010802050702",12.136457,0.4199214122,"CT",0.9,93.3882125055129,0,0,0.1,10.3764680561681
"988",7701184,"010802050902",0.381741,0.0045427179,"CT",1,1.1225283066795,0,0,0,0
"989",7701188,"010802050702",0.053078,0.0008864026,"CT",0.9,0.1971310630257,0,0,0.1,0.0219034514473
"990",7701190,"010802050702",1.181051,0.0233848098,"CT",0.9,5.2006530830661,0,0,0.1,0.5778503425629
"991",7701202,"010802050702",6.28499,0.938349007,"CT",0,0,1,231.870731374735,0,0
"992",7701204,"010802050702",1.255641,0.3858584793,"CT",1,95.3475595274265,0,0,0,0
"993",7701206,"010802050702",0.059692,0.0071272248,"CT",1,1.761172884204,0,0,0,0
"994",7701208,"010802050601",0.5004,0.0090072,"CT",1,2.225724156,0,0,0,0
"995",7701210,"010802050603",0.113327,0.0052357074,"CT",0.9,1.1643925293693,0,0,0.1,0.1293769477077
"996",7701216,"010802050804",0.441158,0.009926055,"CT",1,2.452777820775,0,0,0,0
"997",7701218,"010802050603",0.224259,0.007176288,"CT",1,1.77329664624,0,0,0,0
"998",7701220,"010802050702",0.069446,0.0008889088,"CT",0.9,0.1976884281216,0,0,0.1,0.0219653809024
"999",7701222,"010802050603",0.378361,0.0163451952,"CT",0.9,3.6350815139064,0,0,0.1,0.4038979459896
"1000",7701224,"010802050702",4.825569,0.2070169101,"CT",1,51.1549135702605,0,0,0,0
"1001",7701230,"010802050804",8.079438,0.2334957582,"CT",0,0,1,57.697969330011,0,0
"1002",7701236,"010802050804",7.245279,0.0673810947,"CT",0.9,14.9851848652591,0,0,0.1,1.66502054058435
"1003",7701238,"010802050805",0.382185,0.0063060525,"CT",1,1.5582571030125,0,0,0,0
"1004",7701240,"010802050804",1.058547,0.0594903414,"CT",1,14.700360811647,0,0,0,0
"1005",7701242,"010802050602",0.127303,0.0291778476,"CT",0.9,6.4889928280782,0,0,0.1,0.7209992031198
"1006",7701244,"010802050702",0.835531,0.26736992,"CT",0.9,59.46159967344,0,0,0.1,6.60684440816
"1007",7701246,"010802050602",0.316802,0.0081734916,"CT",0.9,1.8177395776362,0,0,0.1,0.2019710641818
"1008",7701248,"010802050805",2.566585,0.0243825575,"CT",1,6.0250518710375,0,0,0,0
"1009",7701250,"010802050702",0.008497,0.0023171319,"CT",0.9,0.51531739033455,0,0,0.1,0.05725748781495
"1010",7701252,"010802050702",7.078602,0.017696505,"CT",0.9,3.9356053812225,0,0,0.1,0.4372894868025
"1011",7701254,"010802050702",1.292032,0.004522112,"CT",0.9,1.005692837184,0,0,0.1,0.111743648576
"1012",7701260,"010802050702",0.682847,0.0171394597,"CT",0.9,3.81172157025165,0,0,0.1,0.42352461891685
"1013",7701262,"010802050602",0.427185,0.0294330465,"CT",1,7.2730529553825,0,0,0,0
"1014",7701272,"010802050203",0.408281,0.0928022713,"CT",1,22.9319052495865,0,0,0,0
"1015",7701280,"010802050402",0.07247,0.000891381,"CT",1,0.220264702005,0,0,0,0
"1016",7701284,"010802050302",0.012073,0.0051744878,"CT",0.9,1.1507776270371,0,0,0.1,0.1278641807819
"1017",7701286,"010802050505",0.029386,0.0017278968,"CT",0.9,0.3842747448876,0,0,0.1,0.0426971938764
"1018",7701288,"010802050505",0.0027,0.00089991,"CT",0.9,0.200135034495,0,0,0.1,0.022237226055
"1019",7701308,"010802050702",0.836485,0.053033149,"CT",0.9,11.7942806552805,0,0,0.1,1.3104756283645
"1020",7701312,"010802050702",0.0054,0.00090018,"CT",0.9,0.20019508101,0,0,0.1,0.02224389789
"1021",7701320,"010802050202",1.097193,0.0062540001,"CT",1,1.5453946947105,0,0,0,0
"1022",7701322,"010802050401",0.722611,0.0387319496,"CT",1,9.570858405908,0,0,0,0
"1023",7701324,"010802050302",0.063398,0.0178592166,"CT",0.9,3.9717915461487,0,0,0.1,0.4413101717943
"1024",7701326,"010802050402",1.262348,0.1030075968,"CT",1,25.453692207264,0,0,0,0
"1025",7701328,"010802050402",1.825501,0.0341368687,"CT",0.9,7.59185184610215,0,0,0.1,0.84353909401135
"1026",7701332,"010802050503",1.746305,0.0801553995,"CT",1,19.8067999934475,0,0,0,0
"1027",7701334,"010802050802",4.699046,0.2974496118,"CT",1,73.501286323839,0,0,0,0
"1028",7701336,"010802050802",0.364086,0.0484598466,"CT",1,11.974670394093,0,0,0,0
"1029",7701344,"010802050802",0.227407,0.0017965153,"CT",1,0.4439279132065,0,0,0,0
"1030",7701346,"010802050303",0.008865,0.003223314,"CT",0.9,0.716847305373,0,0,0.1,0.079649700597
"1031",7701350,"010802050506",0.210491,0.0009051113,"CT",0.9,0.20129177500785,0,0,0.1,0.02236575277865
"1032",7701354,"010802050803",10.828033,0.5684717325,"CT",0,0,1,140.472207459412,0,0
"1033",7701356,"010802050805",0.538467,0.035000355,"CT",1,8.648762722275,0,0,0,0
"1034",7701358,"010802050603",0.565154,0.015259158,"CT",1,3.77061423759,0,0,0,0
"1035",7701362,"010802050601",5.730491,0.6601525632,"CT",0,0,1,163.126999129536,0,0
"1036",7701364,"010802050903",5.209523,0.0197961874,"CT",0.9,4.4025631987293,0,0,0.1,0.4891736887477
"1037",7701368,"010802050601",4.754125,0.0109344875,"CT",1,2.7019665336875,0,0,0,0
"1038",7701374,"010802050602",2.636837,0.1851059574,"CT",0.9,41.1665468429943,0,0,0.1,4.5740607603327
"1039",7701376,"010802050602",5.432377,0.1933926212,"CT",1,47.788283661626,0,0,0,0
"1040",7701386,"010802050702",2.461419,0.0017229933,"CT",1,0.4257602593965,0,0,0,0
"1041",7701388,"010802050602",0.289378,0.0026912154,"CT",0.9,0.5985115032753,0,0,0.1,0.0665012781417
"1042",7701390,"010802050602",0.033607,0.0079581376,"CT",1,1.966495591648,0,0,0,0
"1043",7701396,"010802050105",0.005678,0.0016222046,"CT",0.9,0.3607693809147,0,0,0.1,0.0400854867683
"1044",7701400,"010802050402",0.110781,0.056719872,"CT",1,14.01576397056,0,0,0,0
"1045",7701404,"010802050303",12.601183,1.8674953206,"CT",0.9,415.320688077177,0,0,0.1,46.1467431196863
"1046",7701406,"010802050505",0.599796,0.249815034,"CT",1,61.73054397657,0,0,0,0
"1047",7701414,"010802050603",3.507001,0.8034539291,"CT",0.9,178.68373483523,0,0,0.1,19.8537483150255
"1048",7701416,"010802050603",0.052927,0.0089711265,"CT",1,2.2168102137825,0,0,0,0
"1049",7701420,"010802050702",1.705271,0.1249963643,"CT",1,30.8872266003515,0,0,0,0
"1050",7701422,"010802050902",3.267131,0.0441062685,"CT",1,10.8988794776925,0,0,0,0
"1051",7701424,"010802050702",0.925584,0.4303040016,"CT",0.9,95.6972432838312,0,0,0.1,10.6330270315368
"1052",7701428,"010802050701",0.409616,0.004505776,"CT",0.9,1.002059800632,0,0,0.1,0.111339977848
"1053",7701430,"010802050603",1.154578,0.014432225,"CT",1,3.566274958625,0,0,0,0
"1054",7701432,"010802050401",0.046615,0.0155367795,"CT",1,3.8392158983475,0,0,0,0
"1055",7701436,"010802050301",0.20142,0.044070696,"CT",0.9,9.801080401572,0,0,0.1,1.089008933508
"1056",7701448,"010802050601",1.117004,0.0053616192,"CT",1,1.324882912416,0,0,0,0
"1057",7701452,"010802050802",5.14336,0.13887072,"CT",0.9,30.88408433904,0,0,0.1,3.43156492656
"1058",7701454,"010802050603",2.440035,0.065880945,"CT",1,16.279510914225,0,0,0,0
"1059",7701458,"010802050203",0.273052,0.0659966684,"CT",1,16.308106744982,0,0,0,0
"1060",7701460,"010802050804",0.431284,0.00539105,"CT",1,1.33215541025,0,0,0,0
"1061",7701462,"010802050804",0.041744,0.0017782944,"CT",0.9,0.3954828939408,0,0,0.1,0.0439425437712
"1062",7701472,"010802050503",0.089135,0.0081023715,"CT",1,2.0021365095075,0,0,0,0
"1063",7701968,"010802050902",3.072243,0.0205840281,"CT",0.9,4.57777463728545,0,0,0.1,0.50864162636505
"1064",7701974,"010802050804",0.608253,0.0125908371,"CT",1,3.1112588015955,0,0,0,0
"1065",7701978,"010802050701",0.247025,0.009041115,"CT",0.9,2.0106942498675,0,0,0.1,0.2234104722075
"1066",7701980,"010802050701",0.11566,0.00537819,"CT",0.9,1.196079875955,0,0,0.1,0.132897763995
"1067",7701982,"010802050903",2.522298,0.0010089192,"CT",1,0.249308978916,0,0,0,0
"1068",7701984,"010802050804",0.111042,0.001776672,"CT",1,0.43902453456,0,0,0,0
"1069",7701988,"010802050804",0.073801,0.0054022332,"CT",0.9,1.2014269513974,0,0,0.1,0.1334918834886
"1070",7701990,"010802050701",0.021038,0.00788925,"CT",0.9,1.754525809125,0,0,0.1,0.194947312125
"1071",7701992,"010802050903",1.517935,0.000910761,"CT",1,0.225053596905,0,0,0,0
"1072",7701996,"010802050804",2.558725,0.0529656075,"CT",1,13.0880664412875,0,0,0,0
"1073",7701998,"010802050701",1.449126,0.036952713,"CT",1,9.131200145865,0,0,0,0
"1074",7702000,"010802050701",1.259977,0.0054179011,"CT",0.9,1.20491140618395,0,0,0.1,0.13387904513155
"1075",7702004,"010802050804",0.051724,0.0026741308,"CT",0.9,0.5947119822006,0,0,0.1,0.0660791091334
"1076",7702006,"010802050701",0.468098,0.0234049,"CT",1,5.7834678145,0,0,0,0
"1077",7702008,"010802050602",1.620005,0.296460915,"CT",1,73.256974401075,0,0,0,0
"1078",7702010,"010802050805",0.893649,0.0144771138,"CT",0.9,3.2196304849941,0,0,0.1,0.3577367205549
"1079",7702012,"010802050804",1.138175,0.0602094575,"CT",0.9,13.3902521959838,0,0,0.1,1.48780579955375
"1080",7702014,"010802050702",0.308452,0.0017890216,"CT",0.9,0.3978685642212,0,0,0.1,0.0442076182468
"1081",7702016,"010802050602",0.747498,0.0143519616,"CT",1,3.546441471168,0,0,0,0
"1082",7702020,"010802050701",0.509859,0.0044867592,"CT",0.9,0.9978305689044,0,0,0.1,0.1108700632116
"1083",7702022,"010802050701",1.603457,0.0809745785,"CT",0.9,18.0083008982182,0,0,0.1,2.00092232202425
"1084",7702024,"010802050903",2.017797,0.0054480519,"CT",0,0,1,1.3462408647495,0,0
"1085",7702026,"010802050702",0.948945,0.003605991,"CT",1,0.891058406055,0,0,0,0
"1086",7702028,"010802050804",2.136209,0.0305477887,"CT",0.9,6.79366019404215,0,0,0.1,0.75485113267135
"1087",7702046,"010802050902",3.906295,0.130470253,"CT",1,32.239851867565,0,0,0,0
"1088",7702052,"010802050702",1.861667,0.0044680008,"CT",0.9,0.9936588039156,0,0,0.1,0.1104065337684
"1089",7702054,"010802050902",1.541337,0.0782999196,"CT",0.9,17.4134714694822,0,0,0.1,1.9348301632758
"1090",7702056,"010802050902",2.252521,0.0603675628,"CT",1,14.917126605694,0,0,0,0
"1091",7702058,"010802050602",1.558126,0.0827364906,"CT",1,20.444600509713,0,0,0,0
"1092",7702060,"010802050702",1.77529,0.011716914,"CT",1,2.89530803397,0,0,0,0
"1093",7702062,"010802050602",0.136313,0.0035986632,"CT",1,0.889247670036,0,0,0,0
"1094",7702066,"010802050804",1.780661,0.0026709915,"CT",1,0.6600153546075,0,0,0,0
"1095",7702070,"010802050602",0.583976,0.0602079256,"CT",1,14.877679455388,0,0,0,0
"1096",7702072,"010802050602",4.678187,0.1829171117,"CT",1,45.1997328866285,0,0,0,0
"1097",7702076,"010802050702",3.291766,0.0072418852,"CT",0.9,1.6105554381114,0,0,0.1,0.1789506042346
"1098",7702078,"010802050701",1.123821,0.0035962272,"CT",0.9,0.7997811500304,0,0,0.1,0.0888645722256
"1099",7702080,"010802050602",0.111033,0.012435696,"CT",1,3.07292266008,0,0,0,0
"1100",7702086,"010802050602",0.969741,0.1599102909,"CT",0.9,35.56316918956,0,0,0.1,3.95146324328445
"1101",7702090,"010802050602",4.243111,0.1981532837,"CT",1,48.9646671686885,0,0,0,0
"1102",7702094,"010802050701",2.130184,0.0044733864,"CT",1,1.105396146372,0,0,0,0
"1103",7702096,"010802050902",3.190846,0.0593497356,"CT",0.9,13.1990547738942,0,0,0.1,1.4665616415438
"1104",7702104,"010802050902",6.683563,0.1129522147,"CT",1,27.9110570134435,0,0,0,0
"1105",7702106,"010802050901",0.844155,0.0017727255,"CT",0.9,0.39424440120975,0,0,0.1,0.04380493346775
"1106",7702108,"010802050901",0.591453,0.0026615385,"CT",0.9,0.59191152393825,0,0,0.1,0.06576794710425
"1107",7702110,"010802050701",2.848288,0.0971266208,"CT",1,24.000473632784,0,0,0,0
"1108",7702114,"010802050702",0.804748,0.0027361432,"CT",1,0.676114665436,0,0,0,0
"1109",7702118,"010802050701",0.027638,0.0008623056,"CT",0.9,0.1917720227592,0,0,0.1,0.0213080025288
"1110",7702120,"010802050901",0.115372,0.0337232356,"CT",1,8.333180132938,0,0,0,0
"1111",7702126,"010802050602",0.902568,0.0620064216,"CT",1,15.322096809468,0,0,0,0
"1112",7702128,"010802050702",2.176452,0.0071822916,"CT",0.9,1.5973021492362,0,0,0.1,0.1774780165818
"1113",7702130,"010802050702",3.077968,0.0655607184,"CT",1,16.200381320232,0,0,0,0
"1114",7702132,"010802050602",2.188383,0.1089814734,"CT",0.9,24.2368802860563,0,0,0.1,2.6929866984507
"1115",7702136,"010802050602",1.554947,0.0035763781,"CT",1,0.8837409104005,0,0,0,0
"1116",7702140,"010802050602",1.407263,0.0530538151,"CT",0.9,11.7988766822569,0,0,0.1,1.31098629802855
"1117",7702146,"010802050902",2.287268,0.0098352524,"CT",0.9,2.1873060398718,0,0,0.1,0.2430340044302
"1118",7702160,"010802050701",2.435234,0.045051829,"CT",0.9,10.0192789845405,0,0,0.1,1.1132532205045
"1119",7702164,"010802050701",1.487808,0.0062487936,"CT",1,1.544108142528,0,0,0,0
"1120",7702166,"010802050701",1.196561,0.0099314563,"CT",1,2.4541125090115,0,0,0,0
"1121",7702168,"010802050901",2.569274,0.066801124,"CT",1,16.50689174602,0,0,0,0
"1122",7702170,"010802050702",1.831566,0.0062273244,"CT",0.9,1.3849226962758,0,0,0.1,0.1538802995862
"1123",7702182,"010802050701",0.735739,0.0143469105,"CT",0.9,3.19067398719225,0,0,0.1,0.35451933191025
"1124",7702184,"010802050903",0.487235,0.000877023,"CT",1,0.216716768415,0,0,0,0
"1125",7702186,"010802050903",0.758128,0.0018195072,"CT",1,0.449609326656,0,0,0,0
"1126",7702190,"010802050701",1.149784,0.0026445032,"CT",1,0.653469963236,0,0,0,0
"1127",7702192,"010802050903",0.98877,0.0098877,"CT",0.9,2.19897009765,0,0,0.1,0.24433001085
"1128",7702198,"010802050701",3.054949,0.0054989082,"CT",1,1.358807710761,0,0,0,0
"1129",7702200,"010802050901",1.055136,0.0730154112,"CT",1,18.042473184576,0,0,0,0
"1130",7702202,"010802050901",0.591787,0.0063321209,"CT",0.9,1.40822886149505,0,0,0.1,0.15646987349945
"1131",7702206,"010802050702",4.400146,0.0673222338,"CT",0.9,14.9720945248341,0,0,0.1,1.6635660583149
"1132",7702210,"010802050901",1.419597,0.0045427104,"CT",0.9,1.0102738080528,0,0,0.1,0.1122526453392
"1133",7702214,"010802050701",2.443211,0.0395800182,"CT",0.9,8.8023783575799,0,0,0.1,0.9780420397311
"1134",7702222,"010802050602",2.854248,0.024261108,"CT",1,5.99504109234,0,0,0,0
"1135",7702224,"010802050702",5.924439,0.1060474581,"CT",0.9,23.5843714204204,0,0,0.1,2.62048571338005
"1136",7702238,"010802050901",1.261374,0.00630687,"CT",1,1.55845911135,0,0,0,0
"1137",7702242,"010802050901",1.198179,0.0243230337,"CT",1,6.0103432424385,0,0,0,0
"1138",7702246,"010802050901",1.269866,0.0017778124,"CT",0.9,0.3953756997918,0,0,0.1,0.0439306333102
"1139",7702248,"010802050701",3.194535,0.0054307095,"CT",0,0,1,1.3419554709975,0,0
"1140",7702250,"010802050901",3.063862,0.0134809928,"CT",0,0,1,3.331220725844,0,0
"1141",7702252,"010802050901",0.815336,0.0026906088,"CT",1,0.664862887524,0,0,0,0
"1142",7702256,"010802050901",0.72989,0.009926504,"CT",0.9,2.207599893828,0,0,0.1,0.245288877092
"1143",7702258,"010802050901",0.180102,0.0035840298,"CT",1,0.885631683729,0,0,0,0
"1144",7702268,"010802050602",1.297775,0.025176835,"CT",0.9,5.5991896314075,0,0,0.1,0.6221321812675
"1145",7702274,"010802050901",0.76316,0.004502644,"CT",0.9,1.001363261058,0,0,0.1,0.111262584562
"1146",7702276,"010802050602",2.796757,0.0360781653,"CT",0.9,8.02358553281085,0,0,0.1,0.89150950364565
"1147",7702278,"010802050903",2.08341,0.008958663,"CT",0.9,1.9923573785535,0,0,0.1,0.2213730420615
"1148",7702282,"010802050901",0.161076,0.0009020256,"CT",1,0.222895035888,0,0,0,0
"1149",7702284,"010802050901",1.449848,0.048569908,"CT",0.9,10.801680404706,0,0,0.1,1.200186711634
"1150",7702288,"010802050901",0.945135,0.0053872695,"CT",0.9,1.19809910681775,0,0,0.1,0.13312212297975
"1151",7702296,"010802050602",1.980141,0.0180192831,"CT",1,4.4526549504255,0,0,0,0
"1152",7702298,"010802050901",0.858649,0.0018031629,"CT",0.9,0.40101351156405,0,0,0.1,0.04455705684045
"1153",7702304,"010802050903",0.847399,0.0027116768,"CT",1,0.670068895664,0,0,0,0
"1154",7702306,"010802050901",0.504578,0.0368846518,"CT",1,9.114381883039,0,0,0,0
"1155",7702308,"010802050901",2.125962,0.0431570286,"CT",0.9,9.5978857969827,0,0,0.1,1.0664317552203
"1156",7702310,"010802050901",6.951779,0.0132083801,"CT",0.9,2.93747108814945,0,0,0.1,0.32638567646105
"1157",7702312,"010802050602",3.276577,0.0629102784,"CT",1,15.545444344032,0,0,0,0
"1158",7702316,"010802050901",0.976016,0.0548520992,"CT",1,13.554227972816,0,0,0,0
"1159",7702318,"010802050905",0.269658,0.0018067086,"CT",1,0.446446728603,0,0,0,0
"1160",7702320,"010802050901",0.027457,0.0064057181,"CT",0.9,1.42459647399045,0,0,0.1,0.15828849711005
"1161",7702324,"010802050905",0.543378,0.0018474852,"CT",0.9,0.4108705473114,0,0,0.1,0.0456522830346
"1162",7702326,"010802050901",2.532332,0.021524822,"CT",1,5.31889114031,0,0,0,0
"1163",7702328,"010802050903",0.010058,0.0027428166,"CT",0.9,0.6099873263487,0,0,0.1,0.0677763695943
"1164",7702330,"010802050903",0.034079,0.0017925554,"CT",0.9,0.3986544619053,0,0,0.1,0.0442949402117
"1165",7702334,"010802050903",0.952463,0.0387652441,"CT",0.9,8.62117707899745,0,0,0.1,0.95790856433305
"1166",7702338,"010802050901",0.042877,0.0016807784,"CT",0.9,0.3737958718788,0,0,0.1,0.0415328746532
"1167",7702340,"010802050901",2.672518,0.0737614968,"CT",0.9,16.4041512000876,0,0,0.1,1.8226834666764
"1168",7702342,"010802050901",2.217991,0.0476868065,"CT",0.9,10.6052834881643,0,0,0.1,1.17836483201825
"1169",7702354,"010802050901",0.36917,0.017203322,"CT",1,4.25102688281,0,0,0,0
"1170",7702356,"010802050901",1.843404,0.033181272,"CT",1,8.19925821756,0,0,0,0
"1171",7702358,"010802050901",1.938315,0.0125990475,"CT",1,3.1132876324875,0,0,0,0
"1172",7702360,"010802050901",0.130943,0.0044782506,"CT",1,1.106598114513,0,0,0,0
"1173",7702362,"010802050905",0.08307,0.00274131,"CT",0.9,0.609652266795,0,0,0.1,0.067739140755
"1174",7702374,"010802050904",0.931367,0.0126665912,"CT",0.9,2.8169802166284,0,0,0.1,0.3129978018476
"1175",7702380,"010802050904",5.130562,0.3268167994,"CT",0,0,1,80.758065215737,0,0
"1176",7702382,"010802050905",0.545571,0.0171309294,"CT",1,4.233138309387,0,0,0,0
"1177",7702388,"010802050905",0.226526,0.0242609346,"CT",0.9,5.3954984198997,0,0,0.1,0.5994998244333
"1178",7702390,"010802050905",1.79618,0.00359236,"CT",1,0.8876901178,0,0,0,0
"1179",7702392,"010802050904",1.160143,0.0143857732,"CT",1,3.554796486586,0,0,0,0
"1180",7702394,"010802050904",0.681145,0.0053810455,"CT",0.9,1.19671492344975,0,0,0.1,0.13296832482775
"1181",7702396,"010802050904",2.285608,0.0815962056,"CT",0.9,18.1465473463092,0,0,0.1,2.0162830384788
"1182",7702398,"010802050904",2.057785,0.0413614785,"CT",0.9,9.19856533026825,0,0,0.1,1.02206281447425
"1183",7702400,"010802050904",0.036104,0.0054156,"CT",1,1.338221838,0,0,0,0
"1184",7702402,"010802050904",0.134964,0.0128485728,"CT",0.9,2.8574519235696,0,0,0.1,0.3174946581744
"1185",7702406,"010802050905",0.477298,0.0270150668,"CT",0.9,6.0080022734526,0,0,0.1,0.6675558081614
"1186",7702408,"010802050905",0.423533,0.0071577077,"CT",1,1.7687053612085,0,0,0,0
"1187",7702410,"010802050904",1.258115,0.0008806805,"CT",1,0.2176205549525,0,0,0,0
"1188",7702412,"010802050904",1.747669,0.0307589744,"CT",0.9,6.8406267322008,0,0,0.1,0.7600696369112
"1189",7702414,"010802050904",1.489158,0.0108708534,"CT",1,2.686242229407,0,0,0,0
"1190",7702416,"010802050905",2.158888,0.0028065544,"CT",0.9,0.6241622625108,0,0,0.1,0.0693513625012
"1191",7702418,"010802050904",0.320356,0.0053819808,"CT",1,1.329914365584,0,0,0,0
"1192",7702420,"010802050904",0.24209,0.004502874,"CT",1,1.11268267977,0,0,0,0
"1193",7702422,"010802050904",0.989885,0.011680643,"CT",1,2.886345288515,0,0,0,0
"1194",7702426,"010802050905",1.42255,0.002702845,"CT",0.9,0.6010978623525,0,0,0.1,0.0667886513725
"1195",7702428,"010802050905",1.612031,0.0944650166,"CT",0.9,21.0085001342487,0,0,0.1,2.3342777926943
"1196",7702430,"010802050905",0.539633,0.0271435399,"CT",1,6.7073044269895,0,0,0,0
"1197",7702432,"010802050905",0.099268,0.0036431356,"CT",1,0.900237022438,0,0,0,0
"1198",7702434,"010802050905",1.117276,0.0287139932,"CT",1,7.095371289686,0,0,0,0
"1199",7702436,"010802050905",2.182711,0.0584966548,"CT",0.9,13.0093342959186,0,0,0.1,1.4454815884354
"1200",7702438,"010802050905",1.463099,0.0649615956,"CT",0.9,14.4471015726642,0,0,0.1,1.6052335080738
"1201",7702442,"010802050905",0.939045,0.1279918335,"CT",1,31.6274220170175,0,0,0,0
"1202",7702448,"010802050905",0.173189,0.0339277251,"CT",0.9,7.54533945975195,0,0,0.1,0.83837105108355
"1203",7702456,"010802050905",0.008296,0.0033184,"CT",1,0.819993232,0,0,0,0
"1204",7702584,"010802050902",1.864426,0.0063390484,"CT",1,1.566410554882,0,0,0,0
"1205",7702586,"010802050602",3.514068,0.1655126028,"CT",0.9,36.8090925434046,0,0,0.1,4.0898991714894
"1206",7702590,"010802050602",3.736555,0.2701529265,"CT",0.9,60.0805250125043,0,0,0.1,6.67561389027825
"1207",7702594,"010802050602",2.273074,0.2361723886,"CT",0.9,52.5234402765027,0,0,0.1,5.8359378085003
"1208",7702596,"010802050702",0.635884,0.0179319288,"CT",0.9,3.9879623395116,0,0,0.1,0.4431069266124
"1209",7702598,"010802050901",4.958138,0.0575144008,"CT",0.9,12.7908864087156,0,0,0.1,1.4212096009684
"1210",7702600,"010802050602",9.967726,0.2820866458,"CT",0,0,1,69.705020610409,0,0
"1211",7702602,"010802050602",3.5538,0.03411648,"CT",1,8.4303527904,0,0,0,0
"1212",7702604,"010802050901",2.197855,0.0098903475,"CT",0.9,2.19955888708875,0,0,0.1,0.24439543189875
"1213",7702610,"010802050602",5.812317,0.2133120339,"CT",1,52.7104701368595,0,0,0,0
"1214",7702612,"010802050903",1.274223,0.0099389394,"CT",1,2.455961620437,0,0,0,0
"1215",7702618,"010802050903",1.943853,0.0225486948,"CT",0.9,5.0147057056986,0,0,0.1,0.5571895228554
"1216",7702622,"010802050901",4.474198,0.0702449086,"CT",1,17.357868139603,0,0,0,0
"1217",7702624,"010802050903",2.505069,0.0035070966,"CT",0,0,1,0.866621105343,0,0
"1218",7702626,"010802050901",0.660587,0.0395691613,"CT",1,9.7777376030365,0,0,0,0
"1219",7702628,"010802050901",1.088155,0.0179545575,"CT",0.9,3.99299483793375,0,0,0.1,0.44366609310375
"1220",7702630,"010802050903",11.972589,0.0023945178,"CT",0.9,0.5325275888721,0,0,0.1,0.0591697320969
"1221",7702634,"010802050901",2.428301,0.2824114063,"CT",1,69.7852705537615,0,0,0,0
"1222",7702636,"010802050901",0.340878,0.0071925258,"CT",1,1.777309087809,0,0,0,0
"1223",7702638,"010802050901",5.791774,0.1656447364,"CT",0,0,1,40.931642588122,0,0
"1224",7702642,"010802050901",2.653904,0.0971328864,"CT",1,24.002021893872,0,0,0,0
"1225",7702644,"010802050901",3.519473,0.0728530911,"CT",0.9,16.202126768639,0,0,0.1,1.80023630762655
"1226",7702650,"010802050904",1.269198,0.021576366,"CT",0.9,4.798465128387,0,0,0.1,0.533162792043
"1227",7702654,"010802050904",5.070146,0.618557812,"CT",0.9,137.563855320834,0,0,0.1,15.284872813426
"1228",7702656,"010802050905",2.278876,0.0891040516,"CT",1,22.018056670618,0,0,0,0
"1229",7702658,"010802050904",1.625558,0.0188564728,"CT",0.9,4.1935758401196,0,0,0.1,0.4659528711244
"1230",7702660,"010802050905",1.353933,0.2665894077,"CT",0.9,59.2880180307377,0,0,0.1,6.58755755897085
"1231",7702662,"010802050905",3.014532,0.06029064,"CT",0.9,13.40830673748,0,0,0.1,1.48981185972
"1232",7702664,"010802050905",1.230245,0.0387527175,"CT",1,9.5759902578375,0,0,0,0
"1233",7702678,"010802050902",0.396386,0.003567474,"CT",1,0.88154066277,0,0,0,0
"1234",7702684,"010802050804",3.062454,0.0640052886,"CT",0.9,14.2344241555527,0,0,0.1,1.5816026839503
"1235",7702688,"010802050805",1.166569,0.0017498535,"CT",1,0.4323975491175,0,0,0,0
"1236",7702690,"010802050804",0.35641,0.006308457,"CT",1,1.558851266985,0,0,0,0
"1237",7702694,"010802050805",1.407938,0.0008447628,"CT",0.9,0.1878706005246,0,0,0.1,0.0208745111694
"1238",7702696,"010802050702",5.144234,0.0144038552,"CT",1,3.559264639196,0,0,0,0
"1239",7702702,"010802050702",4.474185,0.005369022,"CT",1,1.32671218131,0,0,0,0
"1240",7702704,"010802050702",1.117603,0.032410487,"CT",0.9,7.2079140511215,0,0,0.1,0.8008793390135
"1241",7702710,"010802050702",3.317039,0.0640188527,"CT",1,15.8193785964335,0,0,0,0
"1242",7702712,"010802050702",0.170862,0.0026825334,"CT",1,0.662867415807,0,0,0,0
"1243",7702714,"010802050701",0.844806,0.0027033792,"CT",0.9,0.6012166654944,0,0,0.1,0.0668018517216
"1244",7702716,"010802050701",1.968002,0.0234192238,"CT",0.9,5.2083065673891,0,0,0.1,0.5787007297099
"1245",7702718,"010802050805",2.25995,0.00542388,"CT",0.9,1.20624108066,0,0,0.1,0.13402678674
"1246",7702720,"010802050702",3.146646,0.0468850254,"CT",1,11.585524201467,0,0,0,0
"1247",7702724,"010802050901",0.017257,0.0018171621,"CT",0.9,0.40412685664845,0,0,0.1,0.04490298407205
"1248",7702726,"010802050702",5.115149,0.1350399336,"CT",0.9,30.0321385130052,0,0,0.1,3.3369042792228
"1249",7702730,"010802050901",1.02919,0.029640672,"CT",1,7.32435825456,0,0,0,0
"1250",7702734,"010802050901",0.506442,0.0018231912,"CT",1,0.450519661476,0,0,0,0
"1251",7702748,"010802050901",1.20983,0.010767487,"CT",0.9,2.3946298876215,0,0,0.1,0.2660699875135
"1252",7702754,"010802050901",0.639402,0.014386545,"CT",1,3.554987202225,0,0,0,0
"1253",7702758,"010802050901",0.180018,0.00450045,"CT",0.9,1.000875327525,0,0,0.1,0.111208369725
"1254",7702762,"010802050901",1.289785,0.0550738195,"CT",1,13.6090161675475,0,0,0,0
"1255",7702774,"010802050901",3.357757,0.0097374953,"CT",1,2.4061837761065,0,0,0,0
"1256",7702776,"010802050901",1.24007,0.072048067,"CT",1,17.803437596035,0,0,0,0
"1257",7702778,"010802050901",1.515452,0.0440996532,"CT",0.9,9.8075203235874,0,0,0.1,1.0897244803986
"1258",7702784,"010802050901",0.320497,0.0072111825,"CT",1,1.7819192516625,0,0,0,0
"1259",7702786,"010802050903",1.408304,0.0307010272,"CT",0.9,6.8277395936304,0,0,0.1,0.7586377326256
"1260",7702790,"010802050903",0.351691,0.0044664757,"CT",0.9,0.99331963006365,0,0,0.1,0.11036884778485
"1261",7702794,"010802050901",0.257097,0.0054247467,"CT",1,1.3404820333035,0,0,0,0
"1262",7702796,"010802050901",1.268578,0.010782913,"CT",0.9,2.3980605451785,0,0,0.1,0.2664511716865
"1263",7702800,"010802050905",0.943765,0.0017931535,"CT",0.9,0.39878747605575,0,0,0.1,0.04430971956175
"1264",7702802,"010802050905",6.256466,0.021897631,"CT",0,0,1,5.411014108255,0,0
"1265",7702804,"010802050901",2.078863,0.0135126095,"CT",1,3.3390333704975,0,0,0,0
"1266",7702806,"010802050901",0.934275,0.0232634475,"CT",1,5.7485141944875,0,0,0,0
"1267",7702808,"010802050901",0.149175,0.022465755,"CT",1,5.551400389275,0,0,0,0
"1268",7702810,"010802050903",2.04056,0.006325736,"CT",0.9,1.406808894852,0,0,0.1,0.156312099428
"1269",7702812,"010802050905",1.678194,0.011747358,"CT",0.9,2.612547808731,0,0,0.1,0.290283089859
"1270",7702814,"010802050901",0.494175,0.024214575,"CT",1,5.983542555375,0,0,0,0
"1271",7702816,"010802050905",5.078753,0.0868466763,"CT",0,0,1,21.4602479471115,0,0
"1272",7702818,"010802050905",0.135621,0.0080287632,"CT",1,1.983947530536,0,0,0,0
"1273",7702820,"010802050905",0.603876,0.0179351172,"CT",0.9,3.9886714221354,0,0,0.1,0.4431857135706
"1274",7702822,"010802050905",2.164829,0.0153702859,"CT",0.9,3.41826704758755,0,0,0.1,0.37980744973195
"1275",7702832,"010802050905",0.411715,0.0378366085,"CT",0.9,8.41465362905325,0,0,0.1,0.93496151433925
"1276",7702836,"010802050901",0.997792,0.0170622432,"CT",0.9,3.7945490453424,0,0,0.1,0.4216165605936
"1277",7702846,"010802050905",0.230874,0.0044789556,"CT",0.9,0.9960950911842,0,0,0.1,0.1106772323538
"1278",7702852,"010802050905",4.351369,0.2336685153,"CT",0.9,51.9665926258859,0,0,0.1,5.77406584732065
"1279",7702864,"010802050904",0.577428,0.0045039384,"CT",0.9,1.0016511284988,0,0,0.1,0.1112945698332
"1280",7702868,"010802050904",0.014934,0.0008781192,"CT",0.9,0.1952888804244,0,0,0.1,0.0216987644916
"1281",7702870,"010802050905",0.713474,0.0134846586,"CT",1,3.332126563353,0,0,0,0
"1282",7702872,"010802050905",4.711231,0.2986920454,"CT",1,73.808297878567,0,0,0,0
"1283",7702876,"010802050905",0.302213,0.000906639,"CT",0.9,0.2016315270855,0,0,0.1,0.0224035030095
"1284",7702878,"010802050905",1.748625,0.0117157875,"CT",1,2.8950296701875,0,0,0,0
"1285",7702880,"010802050904",2.40746,0.074872006,"CT",1,18.50124704263,0,0,0,0
"1286",7702882,"010802050905",3.831822,0.1126555668,"CT",1,27.837753834114,0,0,0,0
"1287",7702884,"010802050904",0.533244,0.0071454696,"CT",0.9,1.5891131389572,0,0,0.1,0.1765681265508
"1288",7702886,"010802050905",0.113842,0.0060791628,"CT",0.9,1.3519723713246,0,0,0.1,0.1502191523694
"1289",7702892,"010802050905",2.037229,0.207797358,"CT",1,51.34776614859,0,0,0,0
"1290",7702898,"010802050905",1.284294,0.2487677478,"CT",1,61.471754320119,0,0,0,0
"1291",7702912,"010802050905",0.905198,0.0648121768,"CT",1,16.015412948164,0,0,0,0
"1292",7702914,"010802050905",1.079959,0.0430903641,"CT",0.9,9.58305997883745,0,0,0.1,1.06478444209305
"1293",7702926,"010802050905",0.57686,0.019843984,"CT",1,4.90354766632,0,0,0,0
"1294",7702932,"010802050905",0.65969,0.03232481,"CT",1,7.98762217505,0,0,0,0
"1295",7702936,"010802050905",1.472828,0.2530318504,"CT",1,62.525435393092,0,0,0,0
"1296",7702938,"010802050905",1.368125,0.0053356875,"CT",0.9,1.18662755371875,0,0,0.1,0.13184750596875
"1297",7702952,"010802050902",2.253242,0.0207298264,"CT",1,5.122443752572,0,0,0,0
"1298",7702954,"010802050902",3.216414,0.0070761108,"CT",1,1.748542359234,0,0,0,0
"1299",7702958,"010802050902",1.409741,0.0802142629,"CT",1,19.8213454339045,0,0,0,0
"1300",7702962,"010802050901",0.556212,0.0234165252,"CT",1,5.786340459546,0,0,0,0
"1301",7702980,"010802050905",0.965308,0.0027028624,"CT",0.9,0.6011017320168,0,0,0.1,0.0667890813352
"1302",7702984,"010802050905",0.196551,0.0071544564,"CT",1,1.767901948722,0,0,0,0
"1303",7702986,"010802050901",0.334736,0.0271470896,"CT",1,6.708181575608,0,0,0,0
"1304",7702988,"010802050905",1.520064,0.0018240768,"CT",0.9,0.4056646478976,0,0,0.1,0.0450738497664
"1305",7702990,"010802050904",1.545121,0.0009270726,"CT",1,0.229084274823,0,0,0,0
"1306",7702992,"010802050904",1.78714,0.00536142,"CT",0.9,1.19235032019,0,0,0.1,0.13248336891
"1307",7702994,"010802050905",0.410465,0.0332887115,"CT",1,8.2258070552075,0,0,0,0
"1308",7702996,"010802050905",0.597315,0.009915429,"CT",1,2.450152083045,0,0,0,0
"1309",7702998,"010802050904",1.130674,0.0179777166,"CT",1,4.442383660443,0,0,0,0
"1310",7703000,"010802050904",0.869761,0.0018264981,"CT",1,0.4513368130005,0,0,0,0
"1311",7703008,"010802050905",0.278511,0.0026737056,"CT",1,0.660686022288,0,0,0,0
"1312",7703012,"010802050905",0.232025,0.001809795,"CT",0.9,0.4024884541275,0,0,0.1,0.0447209393475
"1313",7703032,"010802050904",1.384579,0.015230369,"CT",1,3.763500331745,0,0,0,0
"1314",7703034,"010802050905",0.942229,0.2634472284,"CT",0.9,58.5892146364038,0,0,0.1,6.5099127373782
"1315",7703044,"010802050905",5.032512,0.5772291264,"CT",0.9,128.372582951165,0,0,0.1,14.2636203279072
"1316",7703046,"020302030000",2.086728,0.2178544032,"CT",0.9,48.4496210724624,0,0,0.1,5.3832912302736
"1317",7703054,"010802050905",6.379007,0.4694949152,"CT",0,0,1,116.014541020496,0,0
"1318",7704866,"010802050105",0.053673,0.0268365,"CT",1,6.6314333325,0,0,0,0
"1319",7704868,"010802050401",0.541821,0.0955772244,"CT",0.9,21.2558490318258,0,0,0.1,2.3617610035362
"1320",7704870,"010802050905",0.523412,0.0045013432,"CT",0.9,1.0010739702924,0,0,0.1,0.1112304411436
"1321",7704896,"010802050905",3.499361,0.0115478913,"CT",0,0,1,2.8535416796865,0,0
"1322",7704898,"010802050905",0.198707,0.0026825445,"CT",0.9,0.59658314280525,0,0,0.1,0.06628701586725
"1323",7704902,"010802050905",0.031013,0.0079734423,"CT",0.9,1.77324971358735,0,0,0.1,0.19702774595415
"1324",7704908,"010802050502",2.678477,0.3586480703,"CT",0.9,79.7613582703334,0,0,0.1,8.86237314114815
"1325",7704912,"010802050603",0.854661,0.0387161433,"CT",0.9,8.61025733113185,0,0,0.1,0.95669525901465
"1326",7704916,"010802050603",0.219332,0.0689360476,"CT",1,17.034442042198,0,0,0,0
"1327",166174667,"010802050502",2.724957,1.1136899259,"CT",0.9,247.678514225568,0,0,0.1,27.5198349139519
"1328",166174668,"010802050502",8.83687,2.987745747,"CT",0,0,1,738.286912812435,0,0
"1329",166174669,"010802050303",0.028846,0.0034961352,"CT",0.9,0.7775212397364,0,0,0.1,0.0863912488596
"1330",166174739,"010802070204",1.189312,0.0009514496,"CT",1,0.235107953408,0,0,0,0
"1331",166174742,"010802070204",0.287503,0.0009200096,"CT",0.9,0.2046050749872,0,0,0.1,0.0227338972208
"1332",166174743,"010802070204",0.049743,0.0071082747,"CT",0.9,1.58084119776915,0,0,0.1,0.17564902197435
"1333",931080006,"010802050904",2.33589,0.001868712,"CT",0.9,0.415591270884,0,0,0.1,0.046176807876
"1334",931080007,"010802050904",2.0075,0.00903375,"CT",1,2.23228479375,0,0,0,0
